accurateChippedPasses,accurateCrosses,accurateCrossesPercentage,accurateFinalThirdPasses,accurateLongBalls,accurateLongBallsPercentage,accurateOppositionHalfPasses,accurateOwnHalfPasses,accuratePasses,accuratePassesPercentage,aerialDuelsWon,aerialDuelsWonPercentage,aerialLost,appearances,assists,attemptPenaltyMiss,attemptPenaltyPost,attemptPenaltyTarget,ballRecovery,bigChancesCreated,bigChancesMissed,blockedShots,cleanSheet,clearances,countRating,crossesNotClaimed,directRedCards,dispossessed,dribbledPast,duelLost,errorLeadToGoal,errorLeadToShot,expectedAssists,expectedGoals,fouls,freeKickGoal,goalConversionPercentage,goalKicks,goals,goalsAssistsSum,goalsConceded,goalsConcededInsideTheBox,goalsConcededOutsideTheBox,goalsFromInsideTheBox,goalsFromOutsideTheBox,goalsPrevented,groundDuelsWon,groundDuelsWonPercentage,headedGoals,highClaims,hitWoodwork,inaccuratePasses,interceptions,keyPasses,leftFootGoals,matchesStarted,minutesPlayed,offsides,outfielderBlocks,ownGoals,passToAssist,penaltiesTaken,penaltyConceded,penaltyConversion,penaltyFaced,penaltyGoals,penaltySave,penaltyWon,possessionLost,possessionWonAttThird,punches,rating,redCards,rightFootGoals,runsOut,savedShotsFromInsideTheBox,savedShotsFromOutsideTheBox,saves,savesCaught,savesParried,scoringFrequency,setPieceConversion,shotFromSetPiece,shotsFromInsideTheBox,shotsFromOutsideTheBox,shotsOffTarget,shotsOnTarget,successfulDribbles,successfulDribblesPercentage,successfulRunsOut,tackles,tacklesWon,tacklesWonPercentage,totalAttemptAssist,totalChippedPasses,totalContest,totalCross,totalDuelsWon,totalDuelsWonPercentage,totalLongBalls,totalOppositionHalfPasses,totalOwnHalfPasses,totalPasses,totalRating,totalShots,totwAppearances,touches,wasFouled,yellowCards,yellowRedCards,player,team,player id,team id
2,0,0.0,7,3,30.0,25,62,87,81.31,13,76.47,4,2,0,0,0,0,4,0,1,0,0,22,2,0,0,0,1,5,0,0,0.01,0.38,1,0,0.0,0,0,0,1,1,0,0,0,,3,75.0,0,0,0,20,1,0,0,2,178,0,2,0,0,0,0,0.0,0,0,0,0,20,0,0,8.15,0,0,0,0,0,0,0,0,0.0,0.0,0,2,0,0,2,2,100.0,0,1,1,100.0,0,9,2,0,16,76.19,10,40,67,107,16.3,2,1,143,0,0,0,Harry Souttar,Leicester City,808680,31
2,3,20.0,38,2,66.67,54,10,64,82.05,1,50.0,1,2,2,0,0,0,8,3,1,3,0,0,2,0,0,4,2,8,0,0,0.46,0.59,0,0,0.0,0,0,2,2,1,1,0,0,,6,46.15,0,0,0,14,3,6,0,2,135,0,0,0,0,0,0,0.0,0,0,0,0,34,1,0,7.45,0,0,0,0,0,0,0,0,0.0,0.0,0,1,4,1,1,3,75.0,0,2,2,100.0,6,2,4,15,7,46.67,3,65,13,78,14.9,5,1,118,1,0,0,Bilal El Khannouss,Leicester City,1126569,31
123,85,29.82,715,160,47.2,1477,1396,2873,87.46,55,50.0,55,46,2,0,0,0,238,10,0,10,17,64,46,0,0,21,30,134,1,1,9.14,1.74,21,0,6.25,0,2,4,44,40,4,1,1,,122,60.7,0,0,1,412,34,80,2,46,4125,0,22,0,0,1,0,100.0,0,1,0,0,685,9,0,7.4,0,0,0,0,0,0,0,0,2062.5,0.0,1,7,25,16,6,11,57.89,0,81,51,62.96,80,228,19,285,177,56.91,339,1786,1499,3285,340.5,32,6,4032,31,5,0,Matt Grimes,Coventry City,340713,11
103,3,21.43,362,212,48.96,956,1661,2617,85.58,155,57.84,113,43,2,0,0,0,174,2,7,6,12,321,43,0,0,8,10,161,0,6,2.15,3.94,30,0,16.28,8,7,9,51,43,8,7,0,,89,64.96,6,0,3,441,38,24,1,43,3900,2,30,1,1,0,0,0.0,0,0,0,1,524,6,0,7.37,0,0,0,0,0,0,0,0,557.14,0.0,0,40,3,20,17,4,57.14,0,36,27,75.0,23,227,7,14,244,60.25,433,1249,1809,3058,316.9,43,7,3840,49,9,0,Taylor Harwood-Bellis,Southampton,980637,45
20,44,22.22,333,23,63.89,520,222,742,80.92,9,21.95,32,39,10,0,0,0,107,21,3,18,0,14,39,0,0,50,17,176,0,0,8.07,5.39,16,0,8.14,0,7,17,34,29,5,5,2,,188,56.63,0,0,4,175,5,61,0,32,2586,4,1,0,0,0,0,0.0,0,0,0,1,554,24,0,7.32,0,7,0,0,0,0,0,0,369.43,0.0,8,45,41,31,37,61,50.0,0,22,10,45.45,61,47,122,198,197,52.82,36,661,256,917,285.5,86,8,1753,105,1,0,Leo Scienza,Southampton,1386651,45
3,0,0.0,2,5,45.45,3,24,27,79.41,2,100.0,0,1,0,0,0,0,9,0,0,0,0,2,1,0,0,0,0,0,0,0,0.0,,0,0,0.0,7,0,0,1,1,0,0,0,0.46,1,100.0,0,1,0,7,0,0,0,1,90,0,0,0,0,0,0,0.0,1,0,0,0,7,0,1,7.3,0,0,3,1,2,3,0,2,0.0,0.0,0,0,0,0,0,0,0.0,2,0,0,0.0,0,3,0,0,3,100.0,11,9,25,34,7.3,0,0,49,1,0,0,Dillon Phillips,Hull City,377166,96
63,80,27.59,489,86,33.86,882,668,1550,79.16,46,54.76,38,45,6,0,0,0,162,15,2,23,5,85,44,0,0,9,13,109,2,2,9.52,3.37,29,4,14.55,0,8,14,45,37,8,3,5,,125,63.78,2,0,2,408,48,84,5,37,3429,1,14,0,2,0,0,0.0,0,0,0,0,746,7,0,7.29,0,1,0,0,0,0,0,0,428.63,21.05,19,15,40,16,16,18,47.37,0,64,40,62.5,82,187,38,290,171,61.07,254,1189,769,1958,320.6,55,4,3015,44,4,0,Ryan Manning,Southampton,328701,45
92,6,16.22,814,116,75.32,1519,1094,2613,92.01,26,50.98,25,43,3,0,0,0,234,3,3,25,9,26,43,0,0,28,59,193,0,4,5.92,3.18,45,0,0.0,0,0,3,41,33,8,0,0,,244,59.22,0,0,0,227,37,57,0,40,3503,0,6,0,0,0,0,0.0,0,0,0,0,383,24,0,7.28,0,0,0,0,0,0,0,0,0.0,0.0,0,26,35,23,13,41,53.25,0,104,70,67.31,57,131,77,37,270,58.32,154,1680,1160,2840,312.9,61,2,3565,100,4,0,Aidan Morris,Middlesbrough,1014841,36
130,17,22.08,462,187,49.08,1094,1447,2541,85.7,69,47.59,76,46,5,0,0,0,257,9,3,8,11,111,45,0,0,17,18,150,0,6,4.36,1.57,25,0,2.56,5,1,6,46,38,8,1,0,,180,70.87,1,0,2,424,43,27,0,41,3797,1,27,0,0,0,0,0.0,0,0,0,0,610,8,0,7.27,0,0,0,0,0,0,0,0,3797.0,0.0,0,28,11,23,8,29,64.44,0,90,65,72.22,27,284,45,77,249,62.41,381,1405,1560,2965,327.3,39,5,3788,62,11,0,Luke Ayling,Middlesbrough,102624,36
149,59,29.5,612,152,63.07,1158,1053,2211,87.81,31,41.89,43,42,9,0,1,0,253,16,3,31,3,29,42,0,1,35,38,193,0,2,8.55,7.75,57,1,8.24,0,7,16,55,46,9,5,2,,134,47.18,0,0,3,307,43,76,6,41,3587,1,17,0,2,2,0,50.0,0,1,0,0,591,13,0,7.27,1,1,0,0,0,0,0,0,512.43,12.5,8,23,62,34,20,33,60.0,0,59,40,67.8,74,266,55,200,165,46.09,241,1392,1126,2518,305.3,85,5,3308,42,12,0,Imrân Louza,Watford,965943,24
7,0,0.0,24,75,41.21,62,47,109,50.46,2,100.0,0,8,0,0,0,0,72,0,0,0,3,8,8,0,0,0,0,0,0,1,0.04,,0,0,0.0,81,0,0,12,10,2,0,0,0.82,0,0.0,0,11,0,107,0,1,0,8,719,0,0,0,0,0,0,0.0,0,0,0,0,108,0,3,7.26,0,0,3,19,5,25,1,3,0.0,0.0,0,0,0,0,0,0,0.0,3,0,0,0.0,1,11,0,0,2,100.0,182,157,59,216,58.1,0,0,290,0,0,0,Danny Ward,Wrexham,197428,64
2,0,0.0,1,14,33.33,7,37,44,61.11,0,0.0,0,2,0,0,0,0,13,0,0,0,0,3,2,0,0,1,0,1,0,0,0.0,,0,0,0.0,20,0,0,3,2,1,0,0,0.7,0,0.0,0,1,0,28,0,0,0,2,180,0,0,0,0,0,0,0.0,0,0,0,0,29,0,0,7.25,0,0,1,7,1,8,0,4,0.0,0.0,0,0,0,0,0,0,0.0,1,0,0,0.0,0,3,0,0,0,0.0,42,32,40,72,14.5,0,0,90,0,1,0,Joe Lumley,Bristol City,591620,58
58,0,0.0,143,85,44.5,508,981,1489,86.72,119,65.75,62,31,0,0,0,0,103,0,5,5,4,250,30,0,0,2,9,91,0,2,1.2,3.85,18,0,11.54,57,3,3,39,34,5,3,0,,70,70.71,1,0,0,228,27,5,1,29,2605,1,17,0,0,0,0,0.0,0,0,0,0,244,0,0,7.25,0,1,0,0,0,0,0,0,868.33,0.0,1,24,2,12,9,7,100.0,0,45,31,68.89,5,111,7,0,189,67.5,191,668,1049,1717,217.4,26,6,2182,21,5,0,Jannik Vestergaard,Leicester City,120538,31
29,0,0.0,25,94,27.09,68,434,502,65.97,9,100.0,0,22,0,0,0,0,207,0,0,0,8,31,22,0,0,0,1,1,1,3,0.06,,0,0,0.0,130,0,0,19,17,2,0,0,7.4,4,80.0,0,17,0,259,0,0,0,22,2010,0,0,0,0,0,0,0.0,1,0,0,0,265,0,19,7.25,0,0,8,39,25,64,0,15,0.0,0.0,0,0,0,0,0,0,0.0,6,0,0,0.0,0,65,0,0,13,92.86,347,266,495,761,159.4,0,0,969,5,3,0,Daniel Peretz,Southampton,1048265,45
55,40,24.1,855,71,57.72,1382,737,2119,86.45,15,40.54,22,39,7,0,0,0,206,8,1,40,8,28,39,0,0,45,37,212,0,4,8.72,5.51,56,0,5.1,0,5,12,35,29,6,4,1,,172,47.51,1,0,1,332,21,85,0,38,3334,4,3,0,0,0,1,0.0,0,0,0,0,647,33,0,7.22,0,4,0,0,0,0,0,0,666.8,0.0,4,42,56,34,24,55,50.0,0,68,46,67.65,85,107,110,166,187,46.87,123,1648,803,2451,281.5,98,3,3273,49,5,0,Hayden Hackney,Middlesbrough,1008471,36
19,82,25.95,221,22,36.07,318,73,391,59.79,70,49.3,72,37,7,0,0,0,110,18,9,22,4,34,37,0,1,34,20,256,0,0,9.12,8.47,59,0,11.58,0,11,18,30,27,3,8,3,,129,41.21,2,0,3,263,16,71,4,35,2990,27,8,0,1,0,0,0.0,0,0,0,2,718,30,0,7.21,1,5,0,0,0,0,0,0,271.82,0.0,4,55,40,41,32,49,40.5,0,50,26,52.0,70,52,121,316,199,43.74,61,543,111,654,266.7,95,4,1638,30,6,0,Femi Azeez,Millwall,1007093,25
22,1,25.0,80,24,30.38,272,488,760,82.34,94,74.6,32,25,1,0,0,0,75,2,0,0,7,128,25,0,0,3,7,52,1,0,0.83,0.86,5,0,37.5,9,3,4,22,22,0,3,0,,62,75.61,3,0,0,163,30,12,0,23,1851,1,13,0,0,0,0,0.0,0,0,0,0,225,0,0,7.2,0,0,0,0,0,0,0,0,617.0,0.0,0,8,0,3,5,3,33.33,0,35,25,71.43,12,51,9,4,156,75.0,79,370,553,923,179.9,8,3,1330,26,1,0,Robert Atkinson,Bristol City,920518,58
146,45,25.86,487,163,42.67,991,933,1924,79.97,39,50.0,39,42,4,0,0,0,216,10,1,11,7,78,42,0,0,34,38,149,3,3,6.13,2.62,27,1,8.82,0,3,7,44,36,8,2,1,,165,60.0,0,0,0,482,37,54,3,41,3619,1,12,0,1,1,0,100.0,0,1,0,0,726,13,0,7.2,0,0,0,0,0,0,0,0,1206.33,25.0,4,13,21,10,13,26,68.42,0,73,44,60.27,53,310,38,174,204,57.79,382,1367,1039,2406,302.2,34,3,3129,67,6,0,Kenny McLean,Norwich City,75756,263
11,0,0.0,54,44,43.14,288,882,1170,88.24,107,67.72,51,32,0,0,0,0,69,1,5,4,9,192,31,0,0,2,3,66,0,1,0.57,1.96,11,0,16.67,10,3,3,18,13,5,3,0,,36,70.59,2,0,0,156,23,7,0,23,2133,2,33,0,0,0,0,0.0,0,0,0,0,169,0,0,7.19,0,1,0,0,0,0,0,0,711.0,0.0,0,17,1,7,7,0,0.0,0,23,12,52.17,7,26,0,0,143,68.42,102,404,922,1326,222.9,18,4,1688,13,1,0,Dael Fry,Middlesbrough,548194,36
78,0,0.0,33,189,41.36,100,551,651,70.61,13,86.67,2,25,1,0,0,0,269,1,0,0,8,41,25,0,0,0,0,2,2,2,0.05,,0,0,0.0,97,0,1,25,23,2,0,0,4.23,12,100.0,0,17,0,271,0,3,0,25,2250,0,0,0,0,0,0,0.0,1,0,0,0,288,0,19,7.18,0,0,36,42,31,73,1,17,0.0,0.0,0,0,0,0,0,0,0.0,36,2,1,50.0,3,114,0,0,25,92.59,457,327,595,922,179.5,0,1,1205,12,2,0,Viktor Johansson,Stoke City,561430,29
21,0,0.0,64,56,46.28,205,524,729,78.47,132,72.13,51,28,2,0,0,0,87,2,3,7,9,172,28,0,0,1,13,81,1,1,1.75,2.43,16,0,9.68,1,3,5,25,20,5,2,1,,50,62.5,2,0,0,200,51,8,0,24,2243,1,30,1,0,0,0,0.0,0,0,0,0,231,0,0,7.16,0,1,0,0,0,0,0,0,747.67,0.0,0,28,3,15,9,6,75.0,0,30,18,60.0,8,44,8,1,182,69.2,121,334,595,929,200.4,31,6,1357,14,1,0,Caleb Taylor,Millwall,1066311,25
123,57,40.71,458,137,41.39,878,605,1483,76.01,54,54.0,46,43,5,0,0,0,181,9,0,14,9,138,43,0,0,11,34,144,1,0,6.58,1.72,48,0,5.13,0,2,7,56,47,9,1,1,,97,49.74,1,0,0,468,53,68,0,43,3736,0,41,1,0,0,0,0.0,0,0,0,0,613,15,0,7.15,0,1,0,0,0,0,0,0,1868.0,0.0,5,11,28,14,11,8,50.0,0,79,43,54.43,68,253,16,140,151,51.19,331,1243,708,1951,307.6,39,2,2637,10,10,0,Ben Whiteman,Preston North End,775063,21
51,50,27.47,422,67,46.85,653,252,905,76.83,8,44.44,10,37,12,0,0,0,115,16,3,21,1,17,36,0,0,16,28,120,0,1,8.02,4.91,43,0,7.04,0,5,17,44,38,6,3,2,,82,42.71,0,0,3,273,18,66,0,27,2502,4,2,0,1,2,0,100.0,0,2,0,0,500,17,0,7.15,0,5,0,0,0,0,0,0,500.4,0.0,7,20,51,28,22,22,47.83,0,32,19,59.38,65,108,46,182,90,42.86,143,893,285,1178,257.5,71,1,1722,29,12,0,Gustavo Hamer,Sheffield United,837495,15
58,39,26.71,352,78,44.83,589,369,958,76.58,21,33.87,41,45,6,0,0,0,152,9,5,34,2,45,45,0,0,25,22,120,0,0,6.78,7.18,17,0,9.52,0,8,14,47,41,6,5,3,,99,55.62,1,0,2,293,21,52,3,36,3122,4,5,0,1,0,0,0.0,0,0,0,0,490,17,0,7.15,0,4,0,0,0,0,0,0,390.25,0.0,3,44,40,28,22,20,57.14,0,49,34,69.39,51,128,35,146,120,50.0,174,834,417,1251,321.8,84,6,1844,31,4,0,Alfie Devine,Preston North End,1049459,21
17,0,0.0,34,90,39.3,70,84,154,52.56,4,100.0,0,9,0,0,0,0,92,0,0,0,2,19,9,0,0,0,0,0,2,0,0.09,,0,0,0.0,79,0,0,9,7,2,0,0,1.87,2,100.0,0,14,0,139,0,0,0,9,810,0,0,0,0,0,0,0.0,1,0,0,0,146,0,6,7.14,0,0,5,21,11,32,2,8,0.0,0.0,0,0,0,0,0,0,0.0,5,0,0,0.0,0,34,0,0,6,100.0,229,199,94,293,64.3,0,1,410,2,0,0,William Mannion,Charlton Athletic,848457,47
87,0,0.0,50,265,34.55,172,828,1000,66.18,12,92.31,1,45,0,0,0,0,422,0,0,0,12,37,45,0,0,1,0,3,0,3,0.28,,1,0,0.0,261,0,0,58,48,10,0,0,1.41,8,80.0,0,52,0,511,0,1,0,45,4050,0,0,0,0,0,1,0.0,4,0,0,0,524,0,11,7.14,0,0,24,102,40,145,0,26,0.0,0.0,0,0,0,0,0,3,100.0,23,0,0,0.0,1,170,3,0,20,86.96,767,586,925,1511,321.1,0,4,2008,6,2,0,Lawrence Vigouroux,Swansea City,373240,74
141,2,18.18,264,231,47.14,850,1743,2593,83.86,171,70.08,73,46,1,0,0,0,182,3,6,10,17,292,46,0,0,3,11,106,2,5,1.96,3.28,19,0,2.38,57,1,2,47,39,8,1,0,,65,66.33,1,0,1,499,39,15,0,46,4140,5,46,0,0,0,0,0.0,0,0,0,0,551,2,0,7.13,0,0,0,0,0,0,0,0,4140.0,0.0,0,37,5,23,9,6,75.0,0,25,15,60.0,15,262,8,11,236,69.01,490,1221,1871,3092,328.2,42,4,3722,37,0,0,Dara O'Shea,Ipswich Town,856719,32
100,0,0.0,93,305,32.59,234,918,1152,64.18,15,93.75,1,46,1,0,0,0,475,2,0,0,17,34,46,0,0,0,2,5,1,0,0.55,,2,0,0.0,311,0,1,45,41,4,0,0,6.75,10,71.43,0,34,0,643,0,6,0,46,4140,0,0,0,0,0,2,0.0,3,0,0,0,669,0,13,7.13,0,0,24,74,43,123,0,16,0.0,0.0,0,0,0,0,0,2,100.0,22,2,2,100.0,6,192,2,0,25,83.33,936,803,992,1795,328.2,0,5,2273,9,2,0,Carl Rushworth,Coventry City,1005800,11
52,0,0.0,188,92,33.7,456,991,1447,81.02,118,62.77,70,33,4,0,0,0,123,5,1,9,9,187,33,0,1,5,16,116,0,2,3.38,2.89,25,0,8.11,2,3,7,34,30,4,3,0,,63,57.8,3,0,5,339,26,29,0,33,2924,5,29,1,1,0,1,0.0,0,0,0,0,399,0,0,7.13,1,0,0,0,0,0,0,0,974.67,0.0,0,34,3,17,11,6,50.0,0,36,27,75.0,28,130,12,12,181,60.94,273,730,1056,1786,235.3,37,2,2277,25,8,0,Bobby Thomas,Coventry City,1033352,11
3,1,16.67,24,0,0.0,35,16,51,61.45,7,24.14,22,11,3,0,0,1,13,1,5,2,0,1,11,0,0,5,1,37,0,0,0.62,7.0,5,0,42.86,0,9,12,9,8,1,9,0,,12,44.44,0,0,1,32,1,9,1,7,595,4,0,0,0,1,0,0.0,0,0,0,0,71,6,0,7.13,0,7,0,0,0,0,0,0,66.11,0.0,1,19,2,5,14,7,58.33,0,0,0,0.0,9,3,12,6,19,33.93,1,61,22,83,78.4,21,2,175,5,2,0,Mohamed Touré,Norwich City,1019061,263
28,25,26.6,254,27,39.71,495,336,831,83.6,27,54.0,23,39,7,0,0,0,99,7,2,29,3,34,38,0,0,20,19,105,0,0,5.11,5.44,30,2,13.16,0,10,17,23,20,3,5,5,,94,53.41,0,0,2,163,24,46,2,25,2331,2,10,0,0,1,0,100.0,0,1,0,1,299,12,0,7.12,0,8,0,0,0,0,0,0,233.1,14.29,14,34,42,26,21,20,58.82,0,38,25,65.79,46,64,34,94,121,53.54,68,623,371,994,270.7,76,4,1467,36,5,0,Victor Torp,Coventry City,837011,11
37,0,0.0,91,251,34.86,208,344,552,54.01,4,100.0,0,32,0,0,0,0,282,0,0,0,7,33,32,0,0,1,1,2,1,1,0.2,,0,0,0.0,223,0,0,42,37,5,0,0,5.48,12,85.71,0,21,0,470,1,1,0,32,2880,0,0,0,0,0,0,0.0,5,0,1,0,487,0,14,7.12,0,0,11,59,39,105,0,26,0.0,0.0,0,0,0,0,0,2,100.0,11,0,0,0.0,1,65,2,0,16,88.89,720,639,383,1022,227.8,0,1,1362,13,1,0,Jacob Widell Zetterström,Derby County,978728,27
96,5,41.67,161,193,42.6,540,1120,1660,74.74,279,73.61,100,47,1,0,0,0,153,3,7,6,19,348,47,0,0,8,20,183,0,2,4.08,4.39,54,0,11.43,1,4,5,48,42,6,4,0,,78,48.45,0,0,1,561,40,26,2,47,4230,8,35,2,1,0,1,0.0,0,0,0,0,622,1,0,7.11,0,2,0,0,0,0,0,0,1057.5,0.0,0,35,0,15,14,2,40.0,0,44,28,63.64,25,212,5,12,357,66.11,453,937,1284,2221,334.3,35,3,2945,34,10,0,Jake Cooper,Millwall,358220,25
14,19,23.75,223,12,30.77,343,126,469,77.39,29,37.66,48,35,3,0,0,0,101,10,4,14,6,19,34,0,0,16,14,125,0,0,5.34,4.25,18,0,17.5,0,7,10,25,25,0,4,3,,110,58.82,1,0,0,137,9,37,4,29,2494,6,2,0,1,0,0,0.0,0,0,0,0,302,11,0,7.1,0,2,0,0,0,0,0,0,356.29,0.0,0,27,13,6,20,26,47.27,0,39,23,58.97,36,32,55,80,139,52.65,39,459,147,606,241.4,40,2,1059,46,3,0,Tatsuhiro Sakamoto,Coventry City,978927,11
94,27,23.08,277,91,37.92,519,384,903,76.27,4,30.77,9,37,3,0,0,0,159,7,0,35,8,34,37,0,0,19,33,94,2,3,3.94,3.91,24,2,8.96,0,6,9,44,35,9,2,4,,119,58.33,0,0,0,281,28,36,0,36,3092,0,18,0,0,2,0,100.0,0,2,0,0,442,8,0,7.1,0,6,0,0,0,0,0,0,515.33,12.5,16,9,58,13,19,11,55.0,0,57,37,64.91,36,219,20,117,123,56.68,240,744,440,1184,262.7,67,4,1710,51,8,0,Cameron Brannagan,Oxford United,372522,95
30,0,0.0,25,141,29.13,78,425,503,59.04,7,100.0,0,19,1,0,0,0,178,1,0,0,2,11,19,0,0,0,0,0,0,1,0.42,,0,0,0.0,146,0,1,37,33,4,0,0,0.73,6,100.0,0,19,0,349,0,1,0,19,1710,0,0,0,0,0,0,0.0,2,0,0,0,355,0,7,7.09,0,0,8,54,27,81,1,18,0.0,0.0,0,0,0,0,0,3,100.0,7,0,0,0.0,1,58,3,0,13,100.0,484,387,465,852,134.8,0,0,1068,5,1,0,Pierce Charles,Sheffield Wednesday,1154937,12
26,3,16.67,222,36,31.58,446,628,1074,85.24,117,66.1,60,24,2,0,0,0,72,4,3,1,8,148,24,0,1,8,8,104,0,2,1.95,1.65,23,0,7.14,28,1,3,22,19,3,1,0,,62,58.49,1,0,0,186,23,16,0,23,2048,1,17,0,0,0,1,0.0,0,0,0,0,245,1,0,7.09,1,0,0,0,0,0,0,0,2048.0,0.0,0,14,0,6,7,8,57.14,0,31,16,51.61,16,54,14,18,179,63.25,114,572,688,1260,170.1,14,2,1697,23,5,0,Jacob Greaves,Ipswich Town,990821,32
72,35,27.56,367,74,44.58,649,516,1165,80.85,44,57.89,32,38,6,0,0,0,155,4,0,14,8,58,38,0,0,8,15,70,0,1,4.7,3.77,11,0,7.5,0,3,9,47,39,8,3,0,,77,66.96,0,0,0,276,36,56,0,33,2942,0,16,0,0,2,0,100.0,0,2,0,0,418,14,0,7.09,0,3,0,0,0,0,0,0,980.67,0.0,9,12,28,10,16,5,50.0,0,57,36,63.16,56,143,10,127,121,63.35,166,860,581,1441,269.3,40,1,1931,15,1,0,Nicolas Madsen,Queens Park Rangers,938306,1
30,23,28.05,309,35,52.24,490,180,670,77.1,18,46.15,21,46,1,0,0,0,105,10,4,21,2,19,46,0,0,50,24,185,0,0,6.32,10.41,40,0,27.59,0,16,17,32,26,6,14,2,,163,49.85,0,0,2,199,17,56,3,23,2388,1,0,0,0,6,0,100.0,0,6,0,2,466,13,0,7.08,0,13,0,0,0,0,0,0,149.25,0.0,1,47,11,13,24,55,50.93,0,45,30,66.67,56,58,108,82,181,49.45,67,652,217,869,325.8,58,4,1514,64,4,0,Jack Clarke,Ipswich Town,921005,32
40,1,50.0,105,89,32.25,290,950,1240,74.88,276,67.15,135,46,1,0,0,0,104,3,6,10,11,442,46,0,0,5,8,195,1,2,2.91,2.62,54,0,2.94,17,1,2,56,45,11,1,0,,86,58.9,1,0,0,416,62,18,0,45,3952,5,59,0,0,0,0,0.0,0,0,0,2,453,2,0,7.08,0,0,0,0,0,0,0,0,3952.0,0.0,0,33,1,14,10,2,50.0,0,43,29,67.44,18,100,4,2,362,64.99,276,614,1042,1656,325.7,34,4,2469,44,10,0,Lloyd Jones,Charlton Athletic,1096460,47
32,42,28.57,290,58,58.59,523,359,882,81.52,15,39.47,23,28,3,0,0,0,135,5,3,17,6,18,28,0,0,32,33,145,0,0,4.8,3.75,24,0,10.87,0,5,8,24,22,2,5,0,,121,49.79,1,0,0,200,23,45,1,22,2070,6,0,0,2,1,0,100.0,0,1,0,0,455,16,0,7.08,0,3,0,0,0,0,0,0,414.0,0.0,4,25,21,15,14,25,42.37,0,44,30,68.18,43,78,59,147,136,48.4,99,684,398,1082,198.2,46,3,1685,52,10,0,Todd Cantwell,Blackburn Rovers,907070,46
5,0,0.0,10,59,35.33,53,67,120,52.63,1,100.0,0,8,0,0,0,0,52,0,0,0,4,4,8,0,0,0,0,0,0,0,0.02,,0,0,0.0,62,0,0,6,5,1,0,0,-0.44,1,100.0,0,2,0,108,0,1,0,7,641,0,0,0,0,0,0,0.0,0,0,0,0,108,0,2,7.08,0,0,1,14,6,20,0,2,0.0,0.0,0,0,0,0,0,0,0.0,1,0,0,0.0,1,14,0,0,2,100.0,167,150,78,228,56.6,0,1,279,2,0,0,Richard O'Donnell,Derby County,23562,27
127,55,28.95,531,137,46.44,929,706,1635,80.78,9,29.03,22,44,4,0,0,0,181,9,1,10,3,28,42,0,0,24,28,100,0,1,6.27,2.0,17,1,8.33,0,3,7,57,51,6,1,2,,77,49.68,0,0,0,389,41,59,3,34,3030,1,15,0,0,0,0,0.0,0,0,0,0,596,12,0,7.07,1,0,0,0,0,0,0,0,1010.0,33.33,3,9,27,13,13,17,62.96,0,42,24,57.14,59,268,27,190,86,46.24,295,1240,784,2024,297.1,36,3,2576,18,6,1,Barry Bannan,Millwall,45682,25
95,0,0.0,96,156,50.49,371,1508,1879,86.63,99,61.88,61,34,0,0,0,0,138,1,3,4,11,162,34,0,0,2,8,84,1,2,0.51,3.11,13,0,17.65,103,3,3,31,26,5,3,0,,59,71.95,1,0,0,290,16,9,0,33,2954,3,20,0,2,0,0,0.0,0,0,0,0,315,1,0,7.07,0,2,0,0,0,0,0,0,984.67,0.0,0,14,3,8,5,2,66.67,0,35,20,57.14,7,191,3,4,158,65.29,309,563,1606,2169,240.4,17,3,2551,22,5,0,Ben Wilmot,Stoke City,862796,29
56,1,20.0,306,84,61.76,658,540,1198,86.25,32,50.79,31,29,2,0,0,0,169,2,0,8,4,36,29,0,0,14,33,112,0,1,1.43,1.16,24,0,0.0,0,0,2,36,32,4,0,0,,114,58.46,0,0,1,191,33,18,0,28,2386,1,7,0,0,0,0,0.0,0,0,0,0,257,8,0,7.07,0,0,0,0,0,0,0,0,0.0,0.0,0,7,14,9,4,27,72.97,0,67,44,65.67,18,93,37,5,146,56.59,136,791,598,1389,205.0,21,1,1770,20,8,0,Sondre Tronstad,Blackburn Rovers,228374,46
56,16,34.04,244,95,55.88,509,585,1094,83.07,72,62.07,44,34,0,0,0,0,116,5,0,7,4,81,33,0,0,13,5,94,0,2,2.22,2.02,31,0,7.69,1,2,2,33,27,6,2,0,,53,51.46,1,0,1,223,11,28,0,22,2184,0,8,0,0,0,0,0.0,0,0,0,0,354,8,0,7.07,0,1,0,0,0,0,0,0,1092.0,0.0,4,17,9,10,9,6,75.0,0,24,14,58.33,28,105,8,47,125,57.08,170,677,640,1317,233.2,26,2,1752,23,11,0,Marlon Pack,Portsmouth,84258,2
69,0,0.0,230,96,53.63,580,968,1548,87.11,76,59.38,52,32,2,0,0,0,114,3,2,7,12,170,32,0,0,11,9,97,0,3,1.81,1.22,21,0,15.0,7,3,5,29,22,7,2,1,,61,57.55,1,0,1,229,28,12,0,29,2610,4,15,1,0,0,1,0.0,0,0,0,0,286,2,0,7.07,0,2,0,0,0,0,0,0,870.0,0.0,0,14,6,7,6,6,54.55,0,32,14,43.75,12,110,11,10,137,58.55,179,732,1045,1777,226.1,20,1,2196,23,11,0,Cédric Kipré,Ipswich Town,886802,32
24,25,28.41,100,42,38.89,199,143,342,66.8,50,62.5,30,20,1,0,0,0,57,4,2,7,1,53,20,0,0,3,7,52,0,0,3.28,1.36,6,0,5.56,0,1,2,17,16,1,1,0,,55,71.43,0,0,1,170,28,28,1,15,1216,1,9,0,0,0,0,0.0,0,0,0,0,326,4,0,7.07,0,0,0,0,0,0,0,0,1216.0,0.0,1,12,6,3,8,6,46.15,0,26,13,50.0,28,50,13,88,105,66.88,108,345,167,512,141.3,18,2,978,24,2,0,Sam McCallum,Sheffield United,952461,15
48,1,50.0,420,85,62.96,926,867,1793,86.7,61,55.96,48,45,3,0,0,0,231,2,0,5,16,77,45,0,0,26,14,145,1,4,2.41,0.35,50,0,10.0,0,1,4,42,34,8,0,1,,150,60.73,0,0,0,275,75,35,0,45,3861,0,30,0,0,0,1,0.0,0,0,0,0,375,18,0,7.06,0,1,0,0,0,0,0,0,3861.0,0.0,0,2,8,3,2,18,66.67,0,91,44,48.35,35,67,27,2,211,59.27,135,1101,967,2068,317.9,10,1,2644,42,10,0,Azor Matusiwa,Ipswich Town,856495,32
38,7,30.43,355,57,57.58,660,436,1096,84.83,39,54.93,32,33,2,0,0,0,143,4,3,12,4,49,33,0,0,18,16,119,0,1,3.03,3.01,35,0,10.26,0,4,6,27,25,2,2,2,,117,57.35,1,0,0,196,30,27,2,22,2234,0,8,0,0,0,1,0.0,0,0,0,0,303,13,0,7.06,0,1,0,0,0,0,0,0,558.5,0.0,0,17,22,10,17,21,51.22,0,52,27,51.92,27,81,41,23,156,56.73,99,817,475,1292,233.1,39,1,1731,45,6,0,Shea Charles,Southampton,1131449,45
12,1,100.0,49,16,34.04,111,163,274,80.59,21,95.45,1,8,0,0,0,0,36,0,2,2,1,48,8,0,0,6,0,13,0,2,0.31,0.73,3,0,0.0,1,0,0,9,9,0,0,0,,31,72.09,0,0,0,66,6,4,0,8,672,0,3,0,0,0,0,0.0,0,0,0,0,95,1,0,7.06,0,0,0,0,0,0,0,0,0.0,0.0,0,6,0,4,0,7,70.0,0,20,12,60.0,4,28,10,1,52,80.0,47,158,182,340,56.5,6,0,505,4,2,0,Stephen Mfuni,Watford,1402791,24
37,0,0.0,57,65,36.31,358,1031,1389,85.01,126,68.48,58,33,1,0,0,0,152,2,3,6,8,261,33,0,0,3,12,94,1,2,0.59,1.67,15,0,5.26,14,1,2,39,37,2,1,0,,64,64.0,1,0,1,245,41,11,0,30,2724,0,30,0,0,0,0,0.0,0,0,0,0,289,1,0,7.06,0,0,0,0,0,0,0,0,2724.0,0.0,0,18,1,10,3,5,45.45,0,32,22,68.75,11,94,11,2,190,66.9,179,513,1121,1634,233.0,19,1,2167,30,4,0,Rob Dickie,Bristol City,802697,58
44,1,11.11,235,114,40.28,817,1473,2290,85.23,230,69.28,102,43,0,0,0,0,164,1,2,9,10,313,43,0,1,11,13,171,0,0,1.03,2.35,40,0,14.29,16,3,3,50,46,4,3,0,,81,54.0,2,0,0,397,55,10,1,43,3870,5,25,0,0,0,0,0.0,0,0,0,0,447,1,0,7.06,1,0,0,0,0,0,0,0,1290.0,0.0,0,18,3,8,4,11,68.75,0,42,24,57.14,10,121,16,9,311,64.52,283,1108,1579,2687,303.5,21,2,3345,30,8,0,Christoph Klarer,Birmingham City,865554,9
70,3,21.43,219,98,39.36,617,1138,1755,84.42,144,55.6,115,38,0,0,0,0,107,2,4,9,11,232,38,0,0,3,8,168,2,1,3.3,4.64,41,0,4.35,2,2,2,41,37,4,2,0,,73,57.94,1,0,0,324,37,19,0,37,3339,2,22,0,0,0,0,0.0,0,0,0,0,372,1,0,7.06,0,1,0,0,0,0,0,0,1669.5,0.0,0,43,3,23,14,8,61.54,0,39,18,46.15,19,162,13,14,217,56.36,249,871,1208,2079,268.2,46,3,2637,28,8,0,Liam Kitching,Coventry City,921006,11
86,48,26.97,522,114,43.68,1003,987,1990,83.86,37,44.05,47,45,4,0,0,0,188,15,0,16,7,79,45,0,0,9,23,105,0,1,7.28,2.74,25,0,8.7,5,4,8,43,34,9,4,0,,84,59.15,1,0,1,383,52,74,2,42,3672,0,8,0,0,0,1,0.0,0,0,0,0,580,9,0,7.06,0,1,0,0,0,0,0,0,918.0,0.0,11,20,26,15,15,6,60.0,0,55,38,69.09,74,188,10,178,121,53.54,261,1292,1081,2373,317.6,46,5,3240,24,5,0,Matt Targett,Middlesbrough,368134,36
100,0,0.0,112,140,43.21,477,1325,1802,84.32,168,65.12,90,40,0,0,0,0,154,0,1,6,14,283,40,0,0,4,18,143,1,0,1.35,2.61,27,0,8.57,2,3,3,42,33,9,3,0,,72,57.6,2,0,0,335,51,7,1,40,3463,1,27,1,0,0,1,0.0,0,0,0,0,375,2,0,7.06,0,0,0,0,0,0,0,0,1154.33,0.0,0,34,1,17,12,1,16.67,0,55,38,69.09,7,208,6,3,240,62.66,324,717,1420,2137,282.2,35,6,2746,16,7,0,Nathaniel Phillips,West Bromwich Albion,920393,8
55,6,18.75,360,72,42.11,801,648,1449,81.82,56,65.88,29,44,2,0,0,0,187,4,2,13,11,72,44,0,0,18,22,104,1,0,3.48,1.61,21,0,9.38,0,3,5,48,45,3,2,1,,119,61.34,1,0,1,322,39,30,0,42,3638,0,29,0,0,0,0,0.0,0,0,0,0,443,14,0,7.05,1,2,0,0,0,0,0,0,1212.67,0.0,0,11,21,10,9,14,50.0,0,50,28,56.0,30,114,28,32,175,62.72,171,1053,718,1771,310.2,32,4,2299,56,3,1,Adam Randell,Bristol City,964115,58
11,9,24.32,105,22,46.81,204,133,337,77.65,10,43.48,13,16,2,0,0,0,50,2,0,2,7,30,16,0,0,14,7,58,0,1,1.64,0.68,11,0,12.5,0,1,3,8,7,1,1,0,,53,54.08,0,0,0,97,18,12,0,13,1122,0,3,0,0,0,0,0.0,0,0,0,0,226,3,0,7.05,0,1,0,0,0,0,0,0,1122.0,0.0,0,5,3,2,4,16,55.17,0,24,12,50.0,12,31,29,37,63,52.07,47,280,154,434,112.8,8,1,788,13,3,0,Daniel Imray,West Bromwich Albion,1101358,8
5,0,0.0,12,27,30.68,23,63,86,58.5,1,100.0,0,4,0,0,0,0,34,0,0,0,0,5,4,0,0,0,1,1,0,0,0.03,,0,0,0.0,21,0,0,4,3,1,0,0,2.73,1,50.0,0,1,0,61,0,0,0,2,330,0,0,0,0,0,0,0.0,0,0,0,0,62,0,1,7.05,0,0,2,11,2,13,0,5,0.0,0.0,0,0,0,0,0,0,0.0,2,0,0,0.0,0,8,0,0,2,66.67,88,75,72,147,28.2,0,0,183,0,0,0,Ben Killip,Portsmouth,788264,2
49,28,25.23,311,86,33.2,571,663,1234,71.37,156,64.2,87,48,6,0,0,0,189,8,3,10,19,284,48,0,0,24,25,201,1,3,5.84,3.78,58,0,6.82,0,3,9,49,41,8,3,0,,120,51.28,0,0,0,495,69,37,2,48,4287,3,32,0,1,0,0,0.0,0,0,0,0,789,6,0,7.05,0,1,0,0,0,0,0,0,1429.0,0.0,0,34,10,24,10,18,58.06,0,83,53,63.86,36,126,31,111,276,57.86,259,939,790,1729,338.3,44,7,2874,20,9,0,Tristan Crama,Millwall,1018087,25
25,0,0.0,100,225,30.45,183,465,648,55.57,11,78.57,3,36,1,0,0,0,367,1,0,0,8,50,36,0,0,0,0,3,2,2,0.19,,0,0,0.0,307,0,1,42,34,8,0,0,2.79,2,100.0,0,34,0,518,0,3,0,36,3195,0,0,0,0,0,0,0.0,3,0,1,0,536,0,13,7.05,0,0,30,63,36,102,0,18,0.0,0.0,0,0,0,0,0,0,0.0,30,0,0,0.0,3,54,0,0,13,81.25,739,646,520,1166,253.7,0,3,1582,3,3,0,Daniel Iversen,Preston North End,796986,21
46,0,0.0,55,211,30.27,144,658,802,61.88,17,94.44,1,41,0,0,0,0,333,0,0,0,12,57,41,1,0,0,1,2,3,2,0.05,,0,0,0.0,270,0,0,54,51,3,0,0,5.36,15,93.75,0,34,1,494,0,0,0,41,3690,0,0,1,0,0,0,0.0,2,0,0,0,510,0,21,7.04,0,0,30,92,40,134,0,22,0.0,0.0,0,0,0,0,0,1,100.0,30,1,1,100.0,0,120,1,0,32,94.12,697,550,746,1296,288.6,0,4,1690,16,1,0,Radek Vitek,Bristol City,1101989,58
20,42,35.0,109,41,31.3,241,236,477,70.77,26,52.0,24,16,3,0,0,0,49,6,0,1,4,48,16,0,0,6,11,53,0,0,3.91,0.11,10,0,0.0,0,0,3,17,15,2,0,0,,51,63.75,0,0,0,197,10,31,0,16,1399,0,3,0,0,0,0,0.0,0,0,0,0,350,2,0,7.04,0,0,0,0,0,0,0,0,0.0,0.0,0,0,4,2,1,5,71.43,0,32,25,78.13,31,72,7,120,77,59.23,131,382,292,674,112.6,4,0,1180,14,1,0,Kai Wagner,Birmingham City,806201,9
31,22,23.66,319,37,34.91,533,440,973,83.16,23,41.82,32,34,5,0,0,0,123,10,0,11,6,60,33,0,0,12,24,105,0,0,4.33,1.33,27,0,4.17,0,1,6,42,34,8,1,0,,96,56.8,0,0,1,197,25,35,1,29,2569,3,10,0,0,0,0,0.0,0,0,0,1,359,8,0,7.03,0,0,0,0,0,0,0,0,2569.0,0.0,0,16,8,5,8,14,56.0,0,62,37,59.68,35,60,25,93,119,53.13,106,680,490,1170,232.1,24,2,1797,21,2,0,George Thomason,Wrexham,1014623,64
41,60,28.3,358,51,43.22,586,461,1047,78.84,61,58.65,43,37,4,0,0,0,124,14,2,8,11,83,37,0,0,12,20,112,1,1,8.9,1.14,23,0,8.33,0,2,6,38,32,6,2,0,,96,58.18,1,0,0,281,32,69,1,35,3167,11,5,0,0,0,1,0.0,0,0,0,1,597,9,0,7.03,0,0,0,0,0,0,0,0,1583.5,0.0,1,16,8,10,6,20,52.63,0,31,23,74.19,69,79,38,212,157,58.36,118,783,545,1328,260.2,24,1,2284,46,5,0,Leif Davis,Ipswich Town,963493,32
44,63,27.04,221,81,45.0,417,422,839,77.9,24,46.15,28,38,8,0,0,0,155,13,0,9,9,98,38,0,0,8,24,89,1,3,6.37,1.2,9,0,3.23,0,1,9,36,33,3,1,0,,87,58.78,1,0,2,238,30,57,0,32,2935,1,11,0,0,0,1,0.0,0,0,0,0,560,1,0,7.03,1,0,0,0,0,0,0,0,2935.0,0.0,8,6,25,13,9,20,48.78,0,46,32,69.57,57,119,41,233,111,55.5,180,604,473,1077,267.0,31,1,1946,21,2,1,Joe Ward,Derby County,872321,27
69,38,33.63,365,78,45.88,824,804,1628,88.0,31,46.27,36,39,4,0,0,0,155,8,0,14,7,29,38,0,0,9,16,94,2,0,5.62,1.57,26,0,2.86,0,1,5,35,30,5,0,1,,85,59.44,0,0,1,222,31,54,1,32,2771,1,6,0,1,0,0,0.0,0,0,0,0,361,12,0,7.02,0,0,0,0,0,0,0,0,2771.0,0.0,4,9,26,14,7,6,37.5,0,42,25,59.52,53,125,16,113,116,55.24,170,988,862,1850,266.9,35,1,2317,40,7,0,Alex Mowatt,West Bromwich Albion,351498,8
14,23,21.1,332,14,43.75,546,233,779,84.67,23,42.59,31,30,6,0,0,0,99,5,0,26,2,19,30,0,0,38,12,139,1,1,4.58,5.14,13,0,11.67,0,7,13,27,23,4,4,3,,91,45.73,1,0,2,141,10,37,3,24,2110,1,4,0,0,0,0,0.0,0,0,0,0,401,25,0,7.02,0,3,0,0,0,0,0,0,301.43,0.0,1,41,19,18,16,29,39.19,0,24,16,66.67,37,28,74,109,114,45.06,32,659,261,920,210.7,60,4,1478,38,0,0,Jack Rudoni,Coventry City,979565,11
38,5,9.43,438,51,42.15,664,330,994,76.29,27,39.13,42,45,8,0,0,0,174,15,10,38,4,31,45,0,0,62,32,211,0,0,7.61,10.14,33,0,11.34,0,11,19,44,35,9,9,2,,142,45.66,0,0,2,309,12,65,6,39,3286,7,5,0,1,0,0,0.0,0,0,0,0,556,34,0,7.02,0,5,0,0,0,0,0,0,298.73,0.0,0,57,40,28,31,42,47.73,0,61,33,54.1,64,95,88,53,169,44.47,121,910,393,1303,316.0,97,4,1969,40,6,0,Finn Azaz,Southampton,1007067,45
53,22,34.92,457,76,36.71,939,598,1537,79.64,79,56.83,60,40,4,0,0,1,185,9,8,31,7,76,40,0,0,39,12,172,1,1,5.61,7.42,41,0,8.93,0,5,9,52,43,9,3,2,,119,51.52,0,0,1,393,36,44,0,36,3297,1,13,0,1,3,0,66.67,0,2,0,0,564,21,0,7.02,0,5,0,0,0,0,0,0,659.4,0.0,0,30,26,9,16,21,50.0,0,71,41,57.75,43,118,42,63,198,53.51,207,1249,681,1930,280.8,56,0,2574,28,7,0,Sydie Peck,Sheffield United,1391824,15
30,0,0.0,99,45,52.33,250,492,742,89.18,73,66.36,37,18,1,0,0,0,39,1,2,2,2,101,18,0,0,0,4,52,0,0,1.25,1.71,8,0,9.09,6,1,2,20,18,2,1,0,,29,65.91,0,0,2,90,11,6,1,16,1332,2,18,1,0,0,1,0.0,0,0,0,0,137,0,0,7.01,2,0,0,0,0,0,0,0,1332.0,0.0,0,10,1,5,4,1,20.0,0,13,8,61.54,6,51,5,2,102,66.23,86,314,518,832,126.2,11,2,1111,16,3,2,Jack Robinson,Birmingham City,98454,9
26,6,30.0,172,52,44.44,363,384,747,77.65,62,60.78,40,39,1,0,0,0,177,0,2,13,3,84,39,0,0,35,25,167,0,1,1.11,3.71,56,0,8.82,0,3,4,50,43,7,3,0,,186,59.42,1,0,0,215,37,17,0,30,2747,4,14,0,0,0,0,0.0,0,0,0,0,332,11,0,7.01,0,2,0,0,0,0,0,0,915.67,0.0,0,21,13,14,7,9,40.91,0,103,65,63.11,17,54,22,20,248,59.76,117,518,444,962,273.4,34,1,1552,78,10,0,Ebou Adams,Portsmouth,557614,2
63,3,27.27,206,140,45.02,437,958,1395,81.96,104,66.67,52,41,1,0,0,0,165,1,3,4,13,293,41,0,1,15,10,124,1,2,0.97,1.38,42,0,5.26,37,1,2,46,39,7,1,0,,89,55.28,1,0,2,307,50,11,0,39,3466,0,59,0,0,0,2,0.0,0,0,0,0,374,7,0,7.01,1,0,0,0,0,0,0,0,3466.0,0.0,0,15,4,9,6,9,64.29,0,51,27,52.94,11,132,14,11,193,60.88,311,656,1046,1702,287.4,19,1,2389,29,7,0,Charlie Hughes,Hull City,1138398,96
46,0,0.0,27,144,27.38,115,153,268,40.92,10,90.91,1,23,0,0,0,0,194,0,0,0,9,23,23,0,0,0,0,1,1,1,0.03,,0,0,0.0,183,0,0,25,19,6,0,0,3.36,5,100.0,0,8,0,387,0,1,0,23,2070,0,0,0,0,0,0,0.0,1,0,0,0,393,0,8,7.01,0,0,11,50,27,78,0,10,0.0,0.0,0,0,0,0,0,0,0.0,10,2,2,100.0,1,109,0,0,15,93.75,526,455,200,655,161.2,0,2,870,4,0,0,Max Crocombe,Millwall,197904,25
23,40,32.0,242,23,41.07,385,233,618,80.89,8,26.67,22,34,4,0,0,0,87,4,0,11,0,30,34,0,0,23,10,102,0,1,4.62,4.62,29,0,25.0,0,11,15,40,36,4,7,4,,60,42.86,1,0,1,146,7,55,1,27,2127,2,2,0,0,1,0,100.0,0,1,0,0,314,8,0,7.01,0,9,0,0,0,0,0,0,193.36,0.0,0,23,21,13,20,10,35.71,0,34,25,73.53,55,48,28,125,68,40.0,56,503,261,764,238.2,44,3,1181,16,6,0,Jordan James,Leicester City,1136409,31
58,19,18.1,198,70,37.84,403,522,925,76.07,27,42.19,37,33,4,0,0,0,109,5,1,11,3,95,33,0,0,17,28,134,2,2,2.1,1.85,28,0,12.0,0,3,7,37,29,8,1,2,,161,62.4,1,0,0,291,37,26,0,29,2610,3,5,0,0,0,0,0.0,0,0,0,0,477,5,0,7.0,0,2,0,0,0,0,0,0,870.0,0.0,0,9,16,8,6,31,54.39,0,115,70,60.87,26,137,57,105,188,58.39,185,592,624,1216,231.0,25,2,2037,15,4,0,Jeremy Ngakia,Watford,991595,24
0,0,0.0,3,0,0.0,4,0,4,80.0,1,100.0,0,2,0,0,0,0,1,0,0,0,0,0,2,0,0,1,0,2,0,0,0.01,0.23,0,0,100.0,0,1,1,1,1,0,1,0,,0,0.0,1,0,0,1,0,0,0,0,24,0,0,0,0,0,0,0.0,0,0,0,0,4,1,0,7.0,0,0,0,0,0,0,0,0,24.0,0.0,0,1,0,0,1,0,0.0,0,0,0,0.0,0,0,1,0,1,33.33,0,4,1,5,14.0,1,0,11,0,0,0,Will Keane,Preston North End,98431,21
36,5,12.2,146,42,26.92,229,184,413,63.44,42,51.22,40,25,2,0,0,0,66,3,0,4,7,67,23,0,0,7,13,89,0,0,1.72,0.61,27,0,8.33,0,1,3,13,12,1,1,0,,75,60.48,0,0,0,238,18,10,0,17,1607,0,5,0,0,0,0,0.0,0,0,0,0,391,3,0,7.0,0,1,0,0,0,0,0,0,1607.0,0.0,0,11,1,5,3,4,50.0,0,51,32,62.75,10,95,8,41,117,56.8,156,429,222,651,160.9,12,1,1162,22,4,0,Ryan Leonard,Millwall,111398,25
8,2,16.67,139,11,73.33,238,136,374,67.63,155,55.36,125,31,2,0,0,0,58,5,7,9,3,40,30,0,0,37,3,217,0,1,2.05,9.32,43,0,26.09,0,12,14,31,28,3,12,0,,57,38.26,3,0,1,179,1,24,2,24,2129,5,5,0,0,3,0,100.0,0,3,0,0,320,8,0,6.99,0,7,0,0,0,0,0,0,177.42,0.0,0,44,2,17,20,7,31.82,0,17,7,41.18,24,10,22,12,212,49.42,15,391,162,553,209.8,46,4,935,33,5,0,Carlton Morris,Derby County,358222,27
14,50,24.27,260,23,51.11,446,257,703,83.99,9,25.0,27,34,9,0,0,0,124,11,4,28,2,11,34,0,0,40,11,148,0,1,7.59,3.22,20,0,3.08,0,2,11,39,31,8,0,2,,101,45.5,0,0,0,134,7,56,0,27,2311,3,1,0,0,0,0,0.0,0,0,0,0,450,15,0,6.99,0,2,0,0,0,0,0,0,1155.5,0.0,3,29,36,21,16,57,51.82,0,22,15,68.18,56,24,110,206,110,42.64,45,541,296,837,237.7,65,1,1476,22,3,0,Mikey Johnston,West Bromwich Albion,847125,8
74,0,0.0,214,168,34.15,716,1878,2594,81.6,185,66.31,94,46,0,0,0,0,161,1,3,10,12,384,46,0,0,5,8,122,0,4,0.76,1.92,14,0,0.0,6,0,0,59,49,10,0,0,,66,70.21,0,0,0,585,58,10,0,46,4140,3,50,3,0,0,0,0.0,0,0,0,0,617,2,0,6.99,0,0,0,0,0,0,0,0,0.0,0.0,0,22,2,10,4,0,0.0,0,43,29,67.44,10,209,1,4,251,67.29,492,1124,2055,3179,321.5,24,0,3910,26,7,0,Cameron Burgess,Swansea City,358084,74
65,79,19.27,366,60,39.47,560,264,824,72.22,12,20.69,46,45,11,0,0,0,186,20,6,18,12,32,45,0,0,53,25,217,0,0,9.84,4.82,33,0,17.24,0,10,21,48,39,9,7,3,,101,37.13,0,0,1,317,18,91,2,45,3921,8,2,0,1,0,0,0.0,0,0,0,0,965,27,0,6.99,1,8,0,0,0,0,0,0,392.1,0.0,2,30,28,15,25,38,37.62,0,27,16,59.26,90,146,101,410,113,34.24,152,832,309,1141,314.5,58,3,2282,36,9,1,Sorba Thomas,Stoke City,911039,29
14,15,20.55,210,24,58.54,338,156,494,82.89,7,21.21,26,35,2,0,0,0,115,3,3,11,2,16,35,0,0,32,29,160,0,0,2.73,6.33,23,0,17.39,0,12,14,21,17,4,8,4,,122,47.66,0,0,2,102,23,26,3,24,2003,11,1,0,0,2,0,100.0,0,2,0,0,346,19,0,6.99,0,9,0,0,0,0,0,0,166.92,0.0,2,32,37,25,33,35,40.7,0,37,20,54.05,26,28,86,73,129,44.64,41,417,179,596,244.6,69,3,1199,50,3,0,Jaden Philogene-Bidace,Ipswich Town,1014461,32
76,1,6.67,252,104,44.64,662,1055,1717,85.51,195,69.89,84,42,1,0,0,0,149,4,3,1,10,294,42,0,1,8,9,160,0,3,2.0,2.07,51,0,4.35,3,1,2,60,51,9,1,0,,88,53.66,1,0,0,291,68,14,0,42,3737,8,41,1,0,0,0,0.0,0,0,0,0,391,1,0,6.99,1,0,0,0,0,0,0,0,3737.0,0.0,0,21,2,16,6,4,22.22,0,50,32,64.0,14,151,18,15,283,63.88,233,875,1133,2008,293.5,23,6,2799,36,10,0,Japhet Tanganga,Sheffield United,836693,15
21,0,0.0,189,19,42.22,315,138,453,62.23,165,41.15,236,40,7,0,0,0,79,6,10,13,5,91,40,0,0,42,17,383,0,0,2.29,13.59,54,0,23.38,0,18,25,47,39,8,18,0,,88,37.45,2,0,2,275,9,40,2,35,3175,10,12,0,0,3,0,100.0,0,3,0,0,465,14,0,6.99,0,14,0,0,0,0,0,0,176.39,0.0,3,67,10,23,41,18,32.14,0,31,18,58.06,40,39,56,6,253,39.78,45,544,184,728,279.5,77,5,1320,42,9,0,Oli McBurnie,Hull City,367228,96
79,15,30.0,326,108,55.67,642,588,1230,82.66,41,56.94,31,40,2,0,0,0,156,2,1,5,8,67,39,0,0,23,26,130,0,2,2.59,2.65,39,0,10.53,0,2,4,49,37,12,2,0,,130,56.77,1,0,0,258,32,29,0,31,2917,2,14,0,0,0,0,0.0,0,0,0,0,382,10,0,6.99,0,1,0,0,0,0,0,0,1458.5,0.0,0,10,9,9,5,20,64.52,0,93,60,64.52,29,134,31,50,171,56.81,194,840,648,1488,272.5,19,0,1993,19,8,0,George Dobson,Wrexham,788240,64
26,1,11.11,170,80,51.28,574,1158,1732,91.49,36,46.75,41,32,0,0,0,0,133,1,1,3,9,137,31,0,0,7,12,74,0,1,0.57,1.78,11,0,15.38,21,2,2,33,24,9,2,0,,47,58.75,0,0,1,161,33,7,0,30,2707,6,29,0,0,0,0,0.0,0,0,0,0,200,1,0,6.98,0,2,0,0,0,0,0,0,1353.5,0.0,0,11,2,5,5,4,57.14,0,29,21,72.41,7,51,7,9,83,52.87,156,668,1225,1893,216.5,13,0,2271,14,5,0,Jack Stephens,Southampton,134361,45
19,9,15.25,91,17,37.78,158,112,270,76.27,20,55.56,16,12,3,0,0,0,42,3,0,2,2,58,12,0,0,6,4,39,0,0,1.73,0.2,7,0,0.0,0,0,3,15,15,0,0,0,,38,62.3,0,0,0,84,14,16,0,11,984,1,3,0,0,0,1,0.0,0,0,0,0,193,4,0,6.98,0,0,0,0,0,0,0,0,0.0,0.0,1,4,3,5,0,5,45.45,0,24,16,66.67,16,35,11,59,58,59.79,45,224,130,354,83.8,7,0,689,9,1,0,Derry Murkin,Derby County,946561,27
18,0,0.0,20,111,32.74,91,160,251,52.29,1,100.0,0,16,0,0,0,0,128,0,0,0,7,12,16,0,0,0,0,0,0,0,0.04,,0,0,0.0,143,0,0,14,12,2,0,0,1.67,1,100.0,0,7,0,229,0,0,0,16,1440,0,0,0,0,0,0,0.0,0,0,0,0,230,0,3,6.98,0,0,9,25,13,39,0,4,0.0,0.0,0,0,0,0,0,0,0.0,8,0,0,0.0,0,29,0,0,2,100.0,339,296,184,480,111.7,0,0,594,1,0,0,Anthony Patterson,Millwall,958718,25
46,0,0.0,96,323,38.36,266,403,669,56.08,5,83.33,1,37,0,0,0,0,322,0,0,0,11,26,37,0,0,0,1,2,2,0,0.27,,0,0,0.0,343,0,0,49,39,10,0,0,-6.34,8,88.89,0,25,0,524,0,1,0,37,3330,0,0,0,0,0,0,0.0,5,0,1,0,530,0,15,6.98,0,0,15,64,39,106,2,14,0.0,0.0,0,0,0,0,0,0,0.0,15,0,0,0.0,1,82,0,0,13,86.67,842,739,454,1193,258.3,0,0,1507,9,3,0,Thomas Kaminski,Charlton Athletic,45959,47
24,0,0.0,8,41,46.07,20,204,224,81.45,1,100.0,0,10,0,0,0,0,80,0,0,0,1,8,10,0,0,0,1,1,0,0,0.01,,0,0,0.0,33,0,0,10,9,1,0,0,-2.31,5,83.33,0,4,0,51,0,0,0,10,834,0,0,0,0,0,0,0.0,2,0,0,0,53,0,3,6.98,0,0,10,12,5,17,0,2,0.0,0.0,0,0,0,0,0,1,100.0,10,1,1,100.0,0,35,1,0,6,85.71,89,58,217,275,69.8,0,0,358,3,0,0,Alex Palmer,Ipswich Town,796143,32
48,5,17.86,153,54,30.86,370,474,844,74.69,123,64.74,67,29,1,0,0,0,106,1,2,5,3,160,29,0,0,4,22,121,1,1,1.21,1.4,23,0,4.55,2,1,2,28,27,1,1,0,,80,59.7,0,0,1,286,38,11,1,20,1968,0,13,1,0,0,0,0.0,0,0,0,0,404,3,0,6.98,0,0,0,0,0,0,0,0,1968.0,0.0,0,17,5,14,3,5,41.67,0,71,47,66.2,11,99,12,28,203,62.65,175,584,546,1130,202.4,22,0,1785,4,7,0,Eiran Cashin,Blackburn Rovers,998928,46
10,5,14.71,188,14,63.64,270,107,377,78.38,9,29.03,22,19,3,0,0,0,73,4,1,6,1,6,19,0,0,21,14,94,0,1,2.53,3.18,11,0,17.39,2,4,7,13,11,2,4,0,,70,49.3,0,0,1,104,12,25,2,16,1310,7,2,0,0,0,0,0.0,0,0,0,0,226,13,0,6.98,0,2,0,0,0,0,0,0,327.5,0.0,0,16,7,9,8,13,31.71,0,28,16,57.14,25,20,41,34,79,45.66,22,353,128,481,132.6,23,1,792,29,1,0,Ali Ahmed,Norwich City,1464637,263
45,12,24.49,414,63,50.4,952,670,1622,89.56,11,44.0,14,34,2,0,0,0,152,1,0,9,3,37,34,0,0,14,16,80,1,2,2.69,1.07,23,0,2.86,0,1,3,40,35,5,0,1,,90,57.69,0,0,1,189,21,31,0,26,2570,0,11,0,0,0,1,0.0,0,0,0,0,278,14,0,6.97,0,1,0,0,0,0,0,0,2570.0,0.0,0,4,31,17,9,22,62.86,0,46,28,60.87,31,80,35,49,101,55.8,125,1079,732,1811,237.1,35,0,2164,22,3,0,Harry Winks,Leicester City,545780,31
16,17,20.48,279,31,42.47,552,374,926,81.01,29,48.33,31,38,6,0,0,0,166,14,7,4,3,33,37,0,0,29,26,139,0,1,4.88,4.21,31,0,14.81,1,4,10,50,37,13,4,0,,133,55.19,1,0,1,217,23,45,3,29,2692,5,12,0,0,0,0,0.0,0,0,0,0,406,11,0,6.97,0,0,0,0,0,0,0,0,673.0,0.0,1,18,9,8,15,21,47.73,0,63,39,61.9,45,47,44,83,162,53.82,73,693,450,1143,258.0,27,2,1693,50,5,0,Lewis O'Brien,Wrexham,920936,64
23,14,24.14,307,22,46.81,473,195,668,80.29,6,23.08,20,35,4,0,0,0,115,9,2,21,1,22,35,0,0,23,22,129,0,1,5.96,3.91,17,0,8.51,0,4,8,32,26,6,4,0,,113,50.9,0,0,0,164,7,49,3,27,2212,0,0,0,0,0,0,0.0,0,0,0,0,347,21,0,6.97,0,1,0,0,0,0,0,0,553.0,0.0,1,33,14,15,11,43,46.74,0,38,23,60.53,49,52,92,58,119,47.98,47,619,213,832,244.0,47,1,1317,35,2,0,Patrick Roberts,Birmingham City,361326,9
2,9,30.0,35,4,13.33,63,38,101,61.59,22,56.41,17,7,0,0,0,0,13,2,0,1,1,26,7,0,0,0,5,30,0,0,0.73,0.1,7,0,0.0,0,0,0,5,4,1,0,0,,25,65.79,0,0,0,63,2,7,0,7,552,0,1,0,0,0,0,0.0,0,0,0,0,124,1,0,6.97,0,0,0,0,0,0,0,0,0.0,0.0,1,1,2,2,0,1,33.33,0,12,6,50.0,7,20,3,30,47,61.04,30,112,52,164,48.8,3,0,364,15,1,0,Josh Edwards,Charlton Athletic,926762,47
35,11,13.58,300,43,48.31,484,262,746,81.71,11,29.73,26,41,5,0,0,0,83,10,3,28,0,20,41,0,0,22,11,87,0,2,3.52,8.46,15,1,20.0,0,16,21,38,30,8,12,4,,40,39.6,2,0,3,167,6,39,0,28,2405,21,1,0,1,3,0,100.0,0,3,0,0,340,17,0,6.97,0,14,0,0,0,0,0,0,150.31,25.0,4,45,35,21,31,8,36.36,0,11,7,63.64,38,73,22,81,51,36.96,89,617,296,913,285.8,80,2,1323,24,2,0,Josh Windass,Wrexham,340621,64
42,30,24.59,313,36,33.64,484,305,789,75.43,15,38.46,24,45,7,0,0,0,145,10,6,32,7,24,45,0,0,56,16,157,0,1,4.92,10.23,38,2,11.7,0,11,18,42,41,1,9,2,,128,49.04,2,0,0,257,29,71,1,42,3321,2,3,0,0,0,1,0.0,0,0,0,0,531,20,0,6.97,0,8,0,0,0,0,0,0,301.91,9.52,21,45,49,30,32,11,28.95,0,56,34,60.71,71,101,38,122,143,47.67,107,692,354,1046,313.6,94,5,1754,62,6,0,Scott Twine,Bristol City,839416,58
16,1,100.0,77,23,39.66,185,337,522,88.32,39,69.64,17,17,0,0,0,0,38,0,2,2,5,76,16,0,0,1,3,28,0,0,0.5,0.73,8,0,0.0,1,0,0,10,10,0,0,0,,15,57.69,0,0,0,69,11,6,0,11,1072,0,13,0,0,0,0,0.0,0,0,0,0,83,0,0,6.97,0,0,0,0,0,0,0,0,0.0,0.0,0,7,0,5,0,1,100.0,0,13,8,61.54,6,37,1,1,54,65.85,58,237,354,591,111.5,7,0,756,1,2,0,Luke Woolfenden,Coventry City,893478,11
6,11,37.93,142,10,52.63,196,67,263,78.98,9,40.91,13,14,3,0,0,0,47,5,1,7,0,8,14,0,0,17,5,61,0,0,2.34,1.85,12,0,3.85,0,1,4,6,5,1,1,0,,36,42.86,0,0,0,70,4,27,1,8,829,1,3,0,1,0,0,0.0,0,0,0,0,155,12,0,6.96,0,0,0,0,0,0,0,0,829.0,0.0,1,8,18,10,9,13,46.43,0,14,9,64.29,26,17,28,29,45,42.45,19,253,80,333,97.5,26,1,549,9,1,0,Paris Maghoma,Norwich City,907500,263
29,3,37.5,371,35,53.03,736,589,1325,88.99,39,57.35,29,38,1,0,0,0,146,1,5,8,6,42,38,0,0,32,52,184,1,1,2.55,3.16,51,0,8.7,2,2,3,40,33,7,2,0,,172,52.6,0,0,2,164,43,33,0,34,2953,0,13,0,0,0,0,0.0,0,0,0,0,268,15,0,6.96,0,2,0,0,0,0,0,0,1476.5,0.0,0,18,5,9,6,25,51.02,0,111,67,60.36,33,46,49,8,211,53.42,66,841,648,1489,264.6,23,0,2025,38,6,0,Caspar Jander,Southampton,1171234,45
37,1,100.0,43,37,48.68,125,275,400,82.99,15,46.88,17,17,1,0,0,0,48,2,2,0,4,51,16,0,0,6,2,29,0,0,0.43,1.03,4,0,14.29,0,1,2,17,14,3,1,0,,22,64.71,0,0,0,82,15,5,0,16,1294,1,20,1,0,0,0,0.0,0,0,0,0,97,1,0,6.96,0,1,0,0,0,0,0,0,1294.0,0.0,0,6,1,4,3,1,100.0,0,16,8,50.0,5,63,1,1,37,56.06,76,187,295,482,111.4,7,1,639,6,2,0,Conor Coady,Charlton Athletic,98449,47
11,2,50.0,145,14,60.87,227,128,355,71.72,64,34.97,119,44,3,0,0,0,39,8,12,22,4,36,44,0,0,19,4,175,0,0,3.19,13.42,21,1,26.44,0,23,26,37,30,7,21,2,,38,40.43,4,0,1,140,6,29,3,35,2954,24,6,0,0,5,0,100.0,0,5,0,1,245,16,0,6.96,0,16,0,0,0,0,0,0,128.43,20.0,5,69,18,29,36,6,27.27,0,7,3,42.86,29,21,22,4,102,36.82,23,330,165,495,306.2,87,5,826,25,2,0,Žan Vipotnik,Swansea City,1000160,74
27,1,16.67,164,49,44.55,520,902,1422,88.1,71,61.21,45,24,0,0,0,0,118,2,1,3,6,107,24,0,0,7,4,90,1,1,1.29,0.64,21,0,0.0,3,0,0,24,19,5,0,0,,37,45.12,0,0,0,192,23,14,0,23,2128,1,22,0,0,0,1,0.0,0,0,0,0,238,3,0,6.96,0,0,0,0,0,0,0,0,0.0,0.0,0,7,3,4,3,9,40.91,0,20,12,60.0,14,58,22,6,108,54.55,110,636,978,1614,167.0,10,1,1926,8,5,0,Adilson Malanda,Middlesbrough,1095645,36
8,3,27.27,71,10,31.25,158,217,375,81.34,15,53.57,13,14,1,0,0,0,52,1,1,4,2,19,14,0,0,9,15,62,0,1,0.67,1.12,21,0,8.33,0,1,2,8,8,0,1,0,,58,54.21,0,0,0,86,14,8,0,13,1024,1,5,0,1,0,0,0.0,0,0,0,0,133,3,0,6.96,0,1,0,0,0,0,0,0,1024.0,0.0,0,9,3,4,4,8,66.67,0,22,18,81.82,7,20,12,11,73,54.07,32,220,241,461,97.4,12,0,662,28,5,0,Frank Onyeka,Coventry City,885864,11
30,31,23.66,167,53,54.64,368,370,738,83.2,13,40.63,19,26,5,0,0,0,148,9,1,13,4,46,26,0,0,22,18,102,0,0,4.11,2.35,18,0,2.5,0,1,6,32,28,4,0,1,,90,52.02,0,0,0,149,32,37,1,25,2247,0,11,0,0,0,0,0.0,0,0,0,0,339,11,0,6.95,0,0,0,0,0,0,0,0,2247.0,0.0,2,10,30,16,11,16,39.02,0,53,24,45.28,37,71,41,131,103,50.24,97,470,417,887,180.8,40,1,1425,21,3,0,Brian De Keersmaecker,Oxford United,981222,95
26,16,40.0,108,26,59.09,204,120,324,77.33,18,45.0,22,15,3,0,0,0,52,7,1,9,0,7,15,0,0,19,3,60,0,0,3.13,1.79,7,0,7.69,0,2,5,15,14,1,0,2,,34,47.22,0,0,0,95,4,28,1,10,851,3,2,0,0,0,0,0.0,0,0,0,0,171,4,0,6.95,0,1,0,0,0,0,0,0,425.5,0.0,4,8,18,10,7,14,58.33,0,11,3,27.27,28,51,24,40,52,46.43,44,284,135,419,104.3,26,0,621,9,1,0,Divine Mukasa,Leicester City,1467990,31
20,0,0.0,46,30,31.58,98,178,276,72.63,20,58.82,14,10,0,0,0,0,34,0,0,1,2,73,10,0,0,2,2,28,1,0,0.18,0.57,9,0,40.0,0,2,2,7,7,0,2,0,,8,36.36,2,0,0,104,9,3,0,10,791,0,5,0,0,0,0,0.0,0,0,0,0,126,0,0,6.95,0,0,0,0,0,0,0,0,395.5,0.0,0,4,1,1,3,1,50.0,0,7,4,57.14,3,53,2,2,28,50.0,95,180,200,380,69.5,5,0,565,1,4,0,Hayden Carter,Blackburn Rovers,970437,46
56,2,33.33,102,120,53.57,265,595,860,82.3,86,65.65,45,30,0,0,0,0,63,0,0,2,8,189,30,0,0,0,4,59,1,2,0.68,0.92,9,0,5.26,39,1,1,34,28,6,1,0,,35,71.43,1,0,0,185,23,3,0,23,2158,0,22,0,0,0,0,0.0,0,0,0,0,219,0,0,6.95,0,0,0,0,0,0,0,0,2158.0,0.0,0,16,3,15,2,0,0.0,0,17,12,70.59,3,90,1,6,121,67.22,224,399,646,1045,208.5,19,1,1417,19,2,0,Steve Cook,Queens Park Rangers,42707,1
11,23,17.29,64,20,40.82,103,28,131,60.37,5,35.71,9,16,7,0,0,0,45,9,3,9,3,6,16,0,0,13,9,66,0,0,3.2,1.8,6,0,0.0,0,0,7,19,17,2,0,0,,59,50.86,0,0,1,86,6,26,0,12,1118,5,0,0,0,0,0,0.0,0,0,0,0,283,6,0,6.95,0,0,0,0,0,0,0,0,0.0,0.0,1,15,21,17,10,18,38.3,0,10,4,40.0,26,31,47,133,64,49.23,49,180,37,217,111.2,36,0,584,31,3,0,Josh Murphy,Portsmouth,291483,2
24,5,13.16,130,39,32.23,281,363,644,72.2,71,59.66,48,29,2,0,0,0,92,2,2,1,6,102,29,0,0,19,8,110,0,1,1.03,1.26,25,0,11.11,3,2,4,31,27,4,2,0,,106,63.1,1,0,0,248,41,9,0,23,2154,0,22,0,0,0,0,0.0,0,0,0,0,499,2,0,6.94,0,1,0,0,0,0,0,0,1077.0,0.0,0,15,3,14,3,10,45.45,0,56,34,60.71,9,62,22,38,177,61.67,121,458,434,892,201.4,18,1,1662,41,3,0,Lewis Miller,Blackburn Rovers,943634,46
15,0,0.0,65,30,58.82,197,324,521,85.97,50,66.67,25,17,1,0,0,0,44,0,1,0,1,56,16,0,0,3,7,52,0,0,0.18,0.5,16,0,0.0,0,0,1,17,13,4,0,0,,31,53.45,0,0,0,85,21,3,0,11,949,0,7,0,0,0,0,0.0,0,0,0,0,97,4,0,6.94,0,0,0,0,0,0,0,0,0.0,0.0,0,6,0,2,4,2,66.67,0,21,13,61.9,3,30,3,2,81,60.9,51,243,363,606,111.1,6,0,793,8,2,0,Krystian Bielik,West Bromwich Albion,573812,8
28,17,23.61,244,28,43.08,406,199,605,73.78,33,26.61,91,42,4,0,0,1,132,4,8,21,0,24,42,0,0,45,36,263,0,0,4.16,11.42,36,1,18.29,0,15,19,51,43,8,14,1,,160,48.19,0,0,0,215,18,35,11,36,2939,4,2,0,1,2,0,50.0,0,1,0,3,462,21,0,6.94,0,4,0,0,0,0,0,0,195.93,16.67,6,49,33,23,38,52,47.71,0,55,39,70.91,34,54,109,72,193,42.32,65,580,240,820,291.6,82,2,1499,55,6,0,Joe Gelhardt,Hull City,945806,96
5,0,0.0,22,51,33.55,49,50,99,49.5,2,100.0,0,7,0,0,0,0,51,0,0,0,1,3,7,0,0,0,0,0,0,0,0.04,,0,0,0.0,49,0,0,11,11,0,0,0,-2.2,4,100.0,0,6,0,101,0,0,0,7,626,0,0,0,0,0,0,0.0,0,0,0,0,101,0,1,6.94,0,0,1,12,7,20,0,5,0.0,0.0,0,0,0,0,0,0,0.0,1,1,1,100.0,0,8,0,0,6,100.0,152,139,61,200,48.6,0,0,258,3,0,0,Josh Vickers,Derby County,370476,27
21,30,17.14,360,35,38.89,522,224,746,76.91,8,27.59,21,46,7,0,0,0,173,16,7,34,8,21,46,0,0,76,37,245,0,0,7.56,10.44,52,0,10.0,0,10,17,39,36,3,7,3,,161,41.82,1,0,3,224,8,61,1,39,3376,27,5,0,0,0,0,0.0,0,0,0,0,608,24,0,6.94,0,8,0,0,0,0,0,0,337.6,0.0,3,62,38,31,35,53,46.49,0,58,33,56.9,61,68,114,175,169,40.82,90,708,262,970,319.3,100,5,1809,50,10,0,Anis Mehmeti,Ipswich Town,1007072,32
34,0,0.0,21,187,34.31,106,827,933,71.49,21,91.3,2,45,0,0,0,0,385,0,0,0,8,60,45,0,0,2,0,5,1,5,0.04,,1,0,0.0,306,0,0,56,47,9,0,0,4.17,9,75.0,0,29,0,372,0,0,0,45,4050,0,0,0,0,0,0,0.0,5,0,2,0,387,0,34,6.94,0,0,23,91,29,120,0,24,0.0,0.0,0,0,0,0,0,3,100.0,22,0,0,0.0,0,73,3,0,30,85.71,545,408,897,1305,312.3,0,0,1763,6,6,0,Vladan Kovačević,Norwich City,857997,263
50,0,0.0,91,356,31.84,291,627,918,54.48,15,93.75,1,48,0,0,0,0,427,0,0,0,14,64,48,0,0,0,1,3,2,3,0.13,,1,0,0.0,351,0,0,65,53,12,0,0,5.28,6,75.0,0,45,0,767,0,1,0,48,4320,0,0,0,0,0,0,0.0,5,0,2,0,779,0,24,6.94,0,0,36,95,54,150,0,35,0.0,0.0,0,0,0,0,0,0,0.0,35,1,1,100.0,1,115,0,0,21,87.5,1118,970,715,1685,333.1,0,3,2136,6,8,0,Ivor Pandur,Hull City,943212,96
58,1,11.11,283,66,44.0,606,493,1099,79.24,65,57.52,48,33,0,0,0,0,167,1,1,12,2,55,33,0,0,21,26,163,0,1,2.33,1.62,54,0,9.09,0,3,3,39,34,5,1,2,,145,55.77,0,0,0,288,41,24,0,30,2723,0,5,1,0,0,0,0.0,0,0,0,0,392,18,0,6.94,0,3,0,0,0,0,0,0,907.67,0.0,0,9,24,13,8,17,51.52,0,67,49,73.13,24,110,33,9,210,56.3,150,814,573,1387,229.0,33,1,1856,61,10,0,Pelle Mattsson,Norwich City,988202,263
6,0,0.0,23,46,28.05,38,93,131,52.61,3,100.0,0,8,1,0,0,0,81,1,0,0,1,8,8,0,0,0,0,0,0,0,0.02,,0,0,0.0,60,0,1,12,12,0,0,0,-1.36,1,100.0,0,5,0,118,0,1,0,7,675,0,0,0,0,0,0,0.0,1,0,0,0,119,0,3,6.94,0,0,3,15,7,22,0,3,0.0,0.0,0,0,0,0,0,1,100.0,3,0,0,0.0,1,14,1,0,4,100.0,164,147,102,249,55.5,0,0,334,2,1,0,David Cornell,Preston North End,73412,21
41,2,33.33,102,65,30.52,291,675,966,76.36,146,57.03,110,37,1,0,0,0,107,2,2,10,7,322,37,0,0,7,7,144,0,0,1.41,3.16,18,0,10.0,21,3,4,46,40,6,3,0,,54,61.36,0,0,1,299,55,10,3,37,3321,1,35,0,0,0,1,0.0,0,0,0,0,380,2,0,6.94,0,0,0,0,0,0,0,0,1107.0,0.0,0,27,3,11,9,1,33.33,0,30,20,66.67,10,101,3,6,200,58.14,213,498,767,1265,256.6,30,1,1972,25,6,0,Ciaron Brown,Oxford United,948257,95
0,0,0.0,8,3,30.0,13,12,25,60.98,5,83.33,1,3,0,0,0,0,9,0,0,0,0,8,3,0,0,0,0,3,0,0,0.02,,2,0,0.0,0,0,0,1,1,0,0,0,,7,77.78,0,0,0,16,3,0,0,2,160,0,2,0,0,0,0,0.0,0,0,0,0,22,1,0,6.93,0,0,0,0,0,0,0,0,0.0,0.0,0,0,0,0,0,2,100.0,0,5,5,100.0,0,4,2,1,12,80.0,10,26,15,41,20.8,0,0,74,0,0,0,Keenan Gough,Charlton Athletic,2193236,47
40,1,33.33,136,84,36.52,479,1238,1717,87.02,91,56.88,69,35,0,0,0,0,114,0,1,7,4,175,34,0,0,5,5,93,0,4,0.82,1.58,15,0,4.17,31,1,1,46,39,7,1,0,,77,76.24,1,0,0,256,30,5,0,34,3016,3,31,0,1,0,1,0.0,0,0,0,0,297,2,0,6.93,0,0,0,0,0,0,0,0,3016.0,0.0,0,21,3,12,5,4,80.0,0,35,18,51.43,4,107,5,3,168,64.37,230,650,1323,1973,235.7,24,1,2424,40,8,0,Harry Darling,Norwich City,866169,263
93,4,40.0,170,149,37.91,443,1111,1554,77.08,168,58.33,120,45,4,0,0,0,168,4,2,5,12,419,45,0,0,15,21,200,1,3,1.08,2.7,42,0,11.11,25,3,7,58,52,6,3,0,,115,58.97,2,0,0,462,67,14,0,45,4045,4,47,1,0,0,0,0.0,0,0,0,0,578,2,0,6.93,1,1,0,0,0,0,0,0,1348.33,0.0,0,27,0,18,4,10,76.92,0,79,49,62.03,14,212,13,10,283,58.59,393,787,1229,2016,311.9,27,2,3001,28,8,1,Matt Clarke,Derby County,376394,27
64,1,20.0,116,110,38.46,347,882,1229,76.96,144,60.25,95,45,0,0,0,0,99,1,4,4,11,278,45,0,0,2,17,138,1,1,1.35,1.88,22,0,13.04,11,3,3,57,47,10,3,0,,91,67.91,1,0,0,368,40,9,0,42,3706,3,45,0,0,0,0,0.0,0,0,0,0,402,3,0,6.93,0,2,0,0,0,0,0,0,1235.33,0.0,0,20,3,11,8,2,50.0,0,58,39,67.24,9,143,4,5,235,63.0,286,615,982,1597,311.9,23,0,2184,33,9,0,John Egan,Hull City,100578,96
24,7,16.67,130,32,32.65,254,254,508,74.49,48,58.54,34,30,1,0,0,0,98,2,0,1,6,98,29,0,0,14,30,117,0,2,2.32,0.26,28,0,0.0,0,0,1,25,20,5,0,0,,106,56.08,0,0,0,174,45,29,0,25,2191,0,8,0,0,0,1,0.0,0,0,0,0,355,3,0,6.93,0,0,0,0,0,0,0,0,0.0,0.0,0,1,4,3,1,10,45.45,0,79,56,70.89,29,64,22,42,154,56.83,98,369,313,682,201.0,5,3,1358,18,5,0,Jack Currie,Oxford United,1096585,95
27,0,0.0,38,210,34.94,146,600,746,65.38,15,100.0,0,40,0,0,0,0,300,0,0,0,7,66,40,1,0,0,1,1,0,2,0.06,,0,0,0.0,273,0,0,56,46,10,0,0,2.46,5,83.33,0,30,0,395,0,0,0,40,3555,0,0,0,0,0,0,0.0,2,0,1,0,403,0,44,6.93,0,0,22,71,39,114,0,22,0.0,0.0,0,0,0,0,0,0,0.0,20,0,0,0.0,0,45,0,0,20,95.24,601,477,664,1141,277.2,0,0,1522,5,4,0,Egil Selvik,Watford,798176,24
24,3,17.65,102,71,50.71,312,579,891,83.19,62,65.26,33,27,0,0,0,0,101,3,1,6,5,86,27,0,0,18,11,96,0,0,0.83,1.5,21,0,4.0,5,1,1,23,20,3,1,0,,86,57.72,1,0,0,180,14,9,0,25,2123,0,13,0,0,0,0,0.0,0,0,0,0,283,1,0,6.93,1,0,0,0,0,0,0,0,2123.0,0.0,0,19,6,13,6,16,53.33,0,44,29,65.91,9,62,30,17,148,60.66,140,453,618,1071,187.1,25,2,1521,27,5,1,Bosun Lawal,Stoke City,1005710,29
46,12,21.05,455,70,53.03,838,601,1439,85.4,47,55.29,38,43,1,0,0,0,176,5,2,16,7,56,41,0,0,18,27,142,0,1,3.29,1.92,44,0,10.0,0,4,5,42,36,6,3,1,,109,51.17,1,0,1,246,36,37,1,38,3374,0,11,0,0,0,0,0.0,0,0,0,0,375,11,0,6.93,0,2,0,0,0,0,0,0,843.5,0.0,2,23,17,14,10,20,57.14,0,59,38,64.41,37,95,35,57,156,52.35,132,1035,650,1685,284.1,40,0,2177,30,6,0,Seung Ho Paik,Birmingham City,881307,9
20,19,16.38,365,35,53.85,593,228,821,78.04,17,36.17,30,43,7,0,0,0,117,8,5,41,4,4,43,0,0,63,26,198,0,0,3.62,9.11,28,1,12.39,0,14,21,29,22,7,12,2,,127,43.05,0,0,4,231,6,47,13,38,3007,22,1,0,0,0,0,0.0,0,0,0,0,559,16,0,6.93,0,1,0,0,0,0,0,0,214.79,50.0,2,67,46,39,33,34,39.53,0,49,34,69.39,47,52,86,116,144,42.11,65,785,267,1052,297.9,113,5,1750,45,4,0,Morgan Whittaker,Middlesbrough,990222,36
69,2,15.38,186,109,32.15,489,1027,1516,77.94,196,61.44,123,44,0,0,0,0,168,1,2,10,11,345,44,0,1,7,26,184,0,1,0.78,1.57,25,0,0.0,45,0,0,50,48,2,0,0,,101,62.35,0,0,0,429,79,11,0,44,3911,1,40,0,0,0,1,0.0,0,0,0,0,518,2,0,6.93,1,0,0,0,0,0,0,0,0.0,0.0,0,19,7,13,3,14,82.35,0,58,39,67.24,11,175,17,13,297,61.75,339,786,1159,1945,304.8,26,1,2809,29,11,0,Sean McLoughlin,Blackburn Rovers,891514,46
5,0,0.0,30,11,26.83,63,85,148,66.97,19,65.52,10,15,0,0,0,0,31,0,0,0,2,33,13,0,0,2,1,20,0,0,0.07,0.12,6,0,50.0,0,1,1,5,3,2,1,0,,34,77.27,0,0,0,73,8,0,1,7,698,0,4,0,0,0,0,0.0,0,0,0,0,109,1,0,6.92,0,0,0,0,0,0,0,0,698.0,0.0,0,2,0,0,2,3,75.0,0,21,13,61.9,0,17,4,6,53,72.6,41,115,106,221,90.0,2,1,402,10,1,0,Akin Famewo,Hull City,999810,96
25,15,20.83,209,47,32.19,388,378,766,70.93,70,63.64,40,38,1,0,0,0,155,4,1,6,4,126,37,0,1,16,24,116,0,0,1.9,2.22,23,0,16.13,0,5,6,35,29,6,2,3,,125,62.19,1,0,0,314,54,22,1,29,2562,0,9,0,0,0,1,0.0,0,0,0,0,513,15,0,6.92,1,3,0,0,0,0,0,0,512.4,0.0,0,13,18,13,12,14,46.67,0,78,48,61.54,22,72,30,72,195,62.7,146,637,443,1080,256.1,31,2,1930,35,3,0,Terry Devlin,Portsmouth,1198145,2
60,10,20.83,194,84,38.71,386,383,769,74.01,37,68.52,17,39,0,0,0,0,129,2,0,10,1,61,37,0,0,16,28,87,0,0,1.38,1.38,20,0,3.13,0,1,1,31,28,3,1,0,,66,48.53,0,0,0,270,26,24,1,18,1960,1,4,0,1,0,0,0.0,0,0,0,0,456,4,0,6.92,0,0,0,0,0,0,0,0,1960.0,0.0,1,5,27,14,8,6,50.0,0,50,36,72.0,23,141,12,48,103,54.21,217,593,446,1039,256.1,32,1,1533,10,9,0,Will Vaulks,Oxford United,254849,95
41,5,38.46,246,58,61.05,564,429,993,86.5,33,56.9,25,29,0,0,0,0,142,1,0,5,0,31,29,0,0,15,22,97,0,2,1.21,0.71,20,0,0.0,0,0,0,21,18,3,0,0,,82,53.25,0,0,0,155,23,17,0,24,1853,0,8,0,0,0,0,0.0,0,0,0,0,230,12,0,6.92,0,0,0,0,0,0,0,0,0.0,0.0,0,4,14,9,4,15,50.0,0,38,24,63.16,17,67,30,13,115,54.25,95,676,472,1148,200.7,18,0,1476,29,6,0,Ben Sheaf,Wrexham,789229,64
51,0,0.0,203,128,31.76,674,1754,2428,83.93,156,58.43,111,45,0,0,0,0,147,0,5,4,12,315,45,0,0,2,24,161,1,5,1.03,2.61,25,0,4.35,44,1,1,56,46,10,1,0,,102,67.11,0,0,2,465,48,11,0,45,4035,3,31,0,0,0,2,0.0,0,0,0,0,499,2,0,6.92,0,1,0,0,0,0,0,0,4035.0,0.0,0,21,2,14,5,3,100.0,0,74,47,63.51,11,152,3,4,258,61.58,403,994,1899,2893,311.4,23,0,3570,29,8,0,Ben Cabango,Swansea City,939563,74
23,1,25.0,98,55,36.18,336,771,1107,86.55,87,63.04,51,25,0,0,0,0,93,1,2,3,3,174,25,0,0,5,8,83,0,1,0.34,1.47,21,0,7.14,2,1,1,31,27,4,1,0,,50,60.98,1,0,0,172,35,5,0,22,2029,3,18,1,0,0,1,0.0,0,0,0,0,196,1,0,6.92,0,0,0,0,0,0,0,0,2029.0,0.0,0,13,1,8,3,3,60.0,0,33,25,75.76,5,56,5,4,137,62.27,152,457,822,1279,173.0,14,2,1657,14,1,0,Tyler Bindon,Sheffield United,1514870,15
29,0,0.0,102,64,47.41,329,790,1119,86.88,77,65.81,40,25,1,0,0,0,79,1,3,4,7,147,25,0,0,5,8,64,0,2,0.46,1.65,11,0,0.0,3,0,1,24,20,4,0,0,,41,63.08,0,0,0,169,24,7,0,24,2169,0,19,0,0,0,1,0.0,0,0,0,0,198,0,0,6.92,0,0,0,0,0,0,0,0,0.0,0.0,0,19,1,11,5,5,83.33,0,28,17,60.71,7,64,6,0,118,64.84,135,439,849,1288,173.0,20,0,1625,8,1,0,Ruairi McConville,Norwich City,1142324,263
13,0,0.0,65,234,36.51,194,269,463,53.16,11,100.0,0,39,0,0,0,0,301,0,0,0,9,51,38,0,0,0,1,1,3,0,0.08,,0,0,0.0,328,0,0,53,41,12,0,0,-1.84,3,75.0,0,30,0,408,1,1,0,38,3421,0,0,0,0,0,0,0.0,2,0,1,0,413,0,30,6.92,0,0,9,76,36,112,0,25,0.0,0.0,0,0,0,0,0,0,0.0,9,0,0,0.0,1,29,0,0,14,93.33,641,556,315,871,262.9,0,2,1234,3,1,0,Arthur Okonkwo,Wrexham,1109561,64
22,51,29.31,161,40,33.61,272,240,512,66.58,65,58.04,47,28,5,0,0,0,49,7,0,3,7,96,28,0,0,19,13,117,1,0,4.22,0.3,26,1,14.29,0,1,6,31,28,3,0,1,,68,49.28,0,0,0,257,25,40,1,26,2204,2,9,1,0,0,0,0.0,0,0,0,0,517,1,0,6.92,0,0,0,0,0,0,0,0,2204.0,50.0,2,1,6,1,3,4,23.53,0,51,37,72.55,40,61,17,174,133,53.2,119,451,318,769,193.7,7,1,1497,14,8,0,Callum Elder,Derby County,786274,27
12,16,21.33,298,11,42.31,442,106,548,76.32,39,47.56,43,42,6,0,0,0,107,8,7,21,4,13,42,0,0,69,21,240,0,1,5.5,9.67,67,0,13.51,0,10,16,37,33,4,9,1,,157,44.35,2,0,2,170,5,64,3,36,2995,32,0,0,0,0,0,0.0,0,0,0,3,439,20,0,6.92,0,5,0,0,0,0,0,0,299.5,0.0,0,53,21,21,32,45,51.72,0,41,27,65.85,64,29,87,75,196,44.95,26,577,141,718,290.5,74,2,1359,72,4,0,Ephron Mason-Clark,Coventry City,861315,11
14,7,23.33,126,16,42.11,219,168,387,79.79,23,53.49,20,26,1,0,0,0,62,0,0,6,1,16,26,0,0,15,15,84,0,2,0.96,1.98,20,0,25.93,0,7,8,17,13,4,4,3,,64,50.0,0,0,1,98,12,14,4,13,1169,2,2,0,0,0,0,0.0,0,0,0,0,196,8,0,6.92,0,3,0,0,0,0,0,0,167.0,0.0,0,12,15,7,14,5,23.81,0,39,20,51.28,14,28,21,30,87,50.88,38,297,188,485,179.8,27,2,773,20,4,0,Oliver Rathbone,Wrexham,842141,64
100,18,29.03,453,122,42.07,887,825,1712,81.37,41,53.95,35,39,1,0,0,0,201,3,2,24,5,54,39,0,0,30,27,148,0,1,3.68,2.75,31,0,5.26,0,3,4,46,39,7,2,1,,127,52.92,0,0,0,392,39,30,0,36,3108,1,5,0,0,0,0,0.0,0,0,0,1,597,13,0,6.92,0,3,0,0,0,0,0,0,1036.0,0.0,5,9,48,20,13,32,56.14,0,54,37,68.52,30,222,57,62,168,53.16,290,1173,931,2104,269.7,57,1,2846,42,6,0,Ethan Galbraith,Swansea City,158661,74
44,3,12.5,195,88,55.0,435,424,859,79.98,31,56.36,24,29,1,0,0,0,123,1,0,5,3,49,29,0,0,12,16,85,0,1,1.19,0.41,23,0,0.0,0,0,1,24,20,4,0,0,,79,56.43,0,0,0,215,21,18,0,24,2098,0,13,0,0,0,0,0.0,0,0,0,0,301,6,0,6.91,0,0,0,0,0,0,0,0,0.0,0.0,0,2,7,3,1,9,47.37,0,58,36,62.07,18,96,19,24,110,56.41,160,586,488,1074,200.5,9,0,1399,13,6,0,Billy Mitchell,Millwall,982254,25
22,1,50.0,87,42,39.62,324,743,1067,90.19,42,51.22,40,22,1,0,0,0,91,2,0,1,5,92,22,0,1,6,9,74,0,0,0.65,0.55,17,0,14.29,4,1,2,23,19,4,1,0,,42,55.26,0,0,0,116,19,3,0,22,1886,0,18,0,0,0,0,0.0,0,0,0,0,141,1,0,6.91,1,1,0,0,0,0,0,0,1886.0,0.0,0,6,1,4,2,1,33.33,0,35,26,74.29,3,50,3,2,84,53.16,106,398,785,1183,152.1,7,1,1443,6,3,0,Alfie Jones,Middlesbrough,845426,36
47,9,42.86,191,111,37.88,490,832,1322,79.16,182,62.98,107,39,3,0,0,0,128,4,1,9,9,264,39,0,0,13,17,180,0,0,2.83,1.93,34,0,10.71,3,3,6,59,47,12,3,0,,76,51.01,2,0,1,348,33,20,1,39,3482,2,27,0,0,0,0,0.0,0,0,0,0,449,3,0,6.91,0,0,0,0,0,0,0,0,1160.67,0.0,0,22,6,11,8,6,35.29,0,48,35,72.92,20,117,17,21,258,58.9,293,759,911,1670,269.6,28,1,2362,24,6,0,Jimmy Dunne,Queens Park Rangers,914891,1
4,5,31.25,49,4,28.57,90,59,149,84.18,2,28.57,5,8,1,0,0,0,22,1,0,0,1,6,8,0,0,4,3,16,0,1,0.52,,2,0,0.0,0,0,1,1,1,0,0,0,,9,45.0,0,0,0,28,4,6,0,3,333,0,3,0,0,0,0,0.0,0,0,0,0,51,1,0,6.91,0,0,0,0,0,0,0,0,0.0,0.0,0,0,0,0,0,1,33.33,0,6,5,83.33,6,11,3,16,11,40.74,14,108,69,177,55.3,0,0,264,2,0,0,Elias Jelert,Southampton,1126433,45
32,12,20.0,197,75,48.08,364,414,778,79.07,44,60.27,29,33,1,0,0,0,93,1,2,10,3,79,33,0,0,8,17,82,0,0,2.17,1.55,20,0,7.14,0,2,3,33,23,10,1,1,,97,64.67,0,0,0,206,37,21,0,27,2226,1,6,0,0,0,0,0.0,0,0,0,0,351,1,0,6.91,0,2,0,0,0,0,0,0,1113.0,0.0,0,18,10,8,10,12,54.55,0,63,34,53.97,21,56,22,60,141,63.23,156,507,477,984,228.1,28,0,1622,23,4,0,Zak Swanson,Portsmouth,993445,2
6,1,100.0,36,23,33.82,140,309,449,80.32,67,77.91,19,19,0,0,0,0,44,1,0,4,6,105,19,0,0,2,1,28,0,1,0.09,0.83,6,0,18.18,12,2,2,21,15,6,2,0,,18,66.67,2,0,0,110,16,2,0,12,1147,0,14,0,0,0,0,0.0,0,0,0,0,126,0,0,6.91,0,0,0,0,0,0,0,0,573.5,0.0,0,9,2,4,3,1,100.0,0,13,6,46.15,2,17,1,1,85,75.22,68,210,349,559,131.3,11,0,764,4,0,0,Conor Shaughnessy,Portsmouth,892396,2
7,0,0.0,97,17,47.22,296,310,606,86.82,18,56.25,14,25,0,0,0,0,67,0,1,2,1,37,25,0,0,3,11,40,0,0,0.51,1.43,10,0,33.33,0,2,2,19,15,4,2,0,,40,60.61,0,0,0,92,17,1,1,20,1492,1,8,0,0,0,0,0.0,0,0,0,1,121,5,0,6.91,0,0,0,0,0,0,0,0,746.0,0.0,0,4,2,2,2,3,42.86,0,32,21,65.63,1,15,7,2,58,59.18,36,362,336,698,172.7,6,1,900,5,3,0,Jaïro Riedewald,Sheffield United,285989,15
28,53,26.11,305,28,32.56,539,438,977,79.56,60,54.55,50,41,5,0,0,0,117,11,2,8,11,84,41,0,0,12,14,127,0,0,5.26,1.98,41,0,13.79,0,4,9,36,30,6,3,1,,77,50.0,0,0,0,251,25,53,0,38,3333,1,9,0,0,0,0,0.0,0,0,0,0,524,5,0,6.91,0,4,0,0,0,0,0,0,833.25,0.0,5,14,15,10,11,10,47.62,0,54,24,44.44,53,75,21,203,137,51.89,86,735,493,1228,283.2,29,2,2067,14,9,0,James Bree,Southampton,555406,45
6,19,26.03,111,7,24.14,177,86,263,76.01,11,28.95,27,36,2,0,0,0,81,4,5,9,2,17,36,0,0,17,16,123,0,1,2.35,4.66,39,0,13.33,0,6,8,24,20,4,5,1,,105,52.24,2,0,4,83,12,22,0,21,1862,5,1,0,0,0,0,0.0,0,0,0,1,289,11,0,6.9,0,4,0,0,0,0,0,0,310.33,0.0,1,23,22,15,21,22,46.81,0,28,16,57.14,22,21,47,73,116,48.54,29,239,107,346,248.5,45,2,848,56,8,0,Paul Smyth,Queens Park Rangers,842562,1
40,43,22.51,246,36,33.64,410,316,726,76.83,19,31.15,42,39,5,0,0,0,124,12,0,9,8,87,39,0,0,13,14,131,1,0,6.38,0.78,27,0,4.55,0,1,6,38,35,3,0,1,,106,54.36,0,0,0,219,30,39,1,37,3196,6,8,0,0,0,0,0.0,0,0,0,0,502,10,0,6.9,0,0,0,0,0,0,0,0,3196.0,0.0,0,8,14,8,5,32,46.38,0,68,45,66.18,39,84,69,191,125,48.83,107,564,381,945,269.1,22,1,1724,6,4,0,Ryan Alebiosu,Blackburn Rovers,1014441,46
16,14,26.42,126,13,54.17,209,91,300,81.74,6,42.86,8,15,4,0,0,0,48,5,1,9,0,6,15,0,0,15,7,56,0,0,2.55,2.18,10,0,4.17,0,1,5,19,18,1,1,0,,26,35.14,0,0,2,67,9,18,1,11,873,3,1,0,0,1,0,100.0,0,1,0,1,166,7,0,6.9,0,0,0,0,0,0,0,0,873.0,0.0,1,8,16,7,8,11,40.74,0,9,4,44.44,18,29,27,53,32,36.36,24,260,107,367,103.5,24,0,590,6,1,0,Tomi Horvat,Bristol City,906698,58
50,16,24.62,177,57,45.6,442,492,934,83.77,33,55.93,26,37,2,0,0,0,125,3,0,6,6,41,37,0,0,11,15,67,0,0,1.86,0.37,10,0,9.09,0,1,3,34,28,6,0,1,,81,66.39,0,0,0,181,22,20,0,24,2237,0,7,0,0,0,0,0.0,0,0,0,0,265,5,0,6.9,0,1,0,0,0,0,0,0,2237.0,0.0,0,0,11,3,2,11,68.75,0,54,37,68.52,20,102,16,65,114,62.98,125,575,540,1115,255.3,11,1,1449,17,4,0,Matty James,Wrexham,54331,64
23,3,21.43,123,31,58.49,274,246,520,84.83,13,52.0,12,22,0,0,0,0,75,1,0,5,3,25,21,0,0,4,11,42,0,1,0.48,0.5,11,0,10.0,1,1,1,8,8,0,0,1,,56,65.12,0,0,0,93,13,5,0,14,1150,0,3,0,0,0,0,0.0,0,0,0,0,134,6,0,6.9,0,1,0,0,0,0,0,0,1150.0,0.0,2,2,8,2,3,6,54.55,0,35,18,51.43,5,50,11,14,69,62.16,53,340,273,613,144.9,10,1,808,15,5,0,Adam Forshaw,Blackburn Rovers,103117,46
1,0,0.0,2,0,0.0,3,8,11,61.11,0,0.0,1,1,1,0,0,0,2,1,0,0,0,0,1,0,0,0,2,6,0,0,0.54,,3,0,0.0,0,0,1,3,3,0,0,0,,6,54.55,0,0,0,7,0,1,0,1,73,0,1,0,0,0,0,0.0,0,0,0,0,13,1,0,6.9,0,0,0,0,0,0,0,0,0.0,0.0,0,0,0,0,0,1,100.0,0,1,1,100.0,1,3,1,2,6,50.0,2,10,8,18,6.9,0,0,35,4,1,0,Brandon Powell,Blackburn Rovers,1424937,46
0,0,0.0,3,0,0.0,4,2,6,85.71,0,0.0,1,1,0,0,0,0,1,0,0,0,0,0,1,0,0,1,0,3,0,0,0.02,,1,0,0.0,0,0,0,0,0,0,0,0,,3,60.0,0,0,0,1,0,0,0,0,24,0,0,0,0,0,0,0.0,0,0,0,0,3,0,0,6.9,0,0,0,0,0,0,0,0,0.0,0.0,0,0,0,0,0,1,100.0,0,1,1,100.0,0,0,1,0,3,50.0,0,5,2,7,6.9,0,0,14,1,0,0,Oliver Cooper,Swansea City,970396,74
3,0,0.0,4,40,21.16,27,148,175,54.01,3,100.0,0,8,0,0,0,0,79,0,0,0,0,10,8,0,0,0,0,0,0,0,0.01,,0,0,0.0,78,0,0,14,13,1,0,0,1.89,5,100.0,0,5,0,149,1,0,0,8,720,0,0,0,0,0,0,0.0,0,0,0,0,154,0,5,6.9,0,0,4,21,8,31,3,6,0.0,0.0,0,0,0,0,0,2,100.0,4,3,2,66.67,0,15,2,0,8,100.0,189,152,172,324,55.2,0,0,417,0,0,0,Murphy Cooper,Sheffield Wednesday,1179246,12
67,0,0.0,27,143,34.46,79,773,852,75.27,14,87.5,2,37,0,0,0,0,364,0,0,0,16,36,37,1,0,0,0,2,1,3,0.03,,1,0,0.0,178,0,0,37,30,7,0,0,5.55,4,100.0,0,33,0,280,0,0,0,36,3306,0,0,0,0,0,0,0.0,3,0,1,0,285,0,15,6.9,0,0,34,59,38,98,0,22,0.0,0.0,0,0,0,0,0,1,100.0,33,0,0,0.0,0,115,1,0,18,90.0,415,311,821,1132,255.3,0,3,1489,5,4,0,Christian Walton,Ipswich Town,198038,32
9,29,19.33,131,12,36.36,266,241,507,83.11,16,61.54,10,30,8,0,0,0,118,10,0,4,5,41,30,0,0,31,14,133,0,1,4.37,0.65,23,0,0.0,1,0,8,35,27,8,0,0,,117,48.75,0,0,1,103,28,26,0,26,2271,1,8,0,1,0,1,0.0,0,0,0,0,397,11,0,6.9,0,0,0,0,0,0,0,0,0.0,0.0,0,9,3,5,3,38,40.43,0,38,26,68.42,25,21,94,150,133,50.0,33,326,284,610,206.9,12,1,1320,44,3,0,Issa Kaboré,Wrexham,1006189,64
8,0,0.0,131,18,69.23,232,112,344,80.75,19,76.0,6,17,1,0,0,0,51,1,0,3,2,20,17,0,0,9,6,46,0,0,0.63,0.52,11,0,11.11,0,1,2,14,12,2,1,0,,48,54.55,0,0,0,82,12,8,1,13,1131,0,7,0,0,0,0,0.0,0,0,0,0,137,5,0,6.89,0,0,0,0,0,0,0,0,1131.0,0.0,0,6,3,4,2,9,39.13,0,18,9,50.0,8,13,23,7,67,59.29,26,291,135,426,117.2,9,0,615,21,3,0,Harrison Armstrong,Preston North End,1627560,21
104,0,0.0,80,342,33.08,238,447,685,49.49,20,100.0,0,46,0,0,0,0,391,0,0,0,8,59,46,0,0,0,1,1,3,1,0.1,,1,0,0.0,358,0,0,59,49,10,0,0,3.35,7,87.5,0,36,0,699,0,0,0,46,4140,0,0,0,0,0,0,0.0,2,0,0,0,729,0,29,6.89,0,0,24,94,39,135,0,25,0.0,0.0,0,0,0,0,0,0,0.0,24,0,0,0.0,0,187,0,0,27,96.43,1034,849,535,1384,317.1,0,3,1787,6,1,0,Jamie Cumming,Oxford United,836696,95
38,20,18.02,353,49,29.34,669,578,1247,80.87,32,46.38,37,44,8,0,0,0,158,10,0,7,13,112,44,0,0,26,31,171,0,2,5.92,1.1,38,0,0.0,0,0,8,40,36,4,0,0,,132,49.62,0,0,1,295,53,46,0,43,3784,2,12,0,0,0,0,0.0,0,0,0,0,742,12,0,6.89,0,0,0,0,0,0,0,0,0.0,0.0,2,8,14,14,1,19,32.2,0,93,69,74.19,46,83,59,111,164,48.96,167,888,654,1542,303.2,22,1,2685,20,8,0,Milan van Ewijk,Coventry City,948723,11
40,2,22.22,130,63,35.39,383,821,1204,82.64,87,60.84,56,32,0,0,0,0,92,0,4,3,8,215,32,0,0,4,6,102,0,2,0.4,2.54,33,0,27.27,1,3,3,33,28,5,3,0,,63,57.8,2,0,0,253,25,7,0,32,2817,3,27,1,0,0,0,0.0,0,0,0,0,289,1,0,6.89,0,1,0,0,0,0,0,0,939.0,0.0,0,11,0,2,6,4,57.14,0,37,22,59.46,7,102,7,9,150,59.52,178,557,900,1457,220.5,11,3,1911,23,4,0,Phil Neumann,Birmingham City,843108,9
9,2,13.33,129,19,50.0,244,147,391,55.86,211,59.6,143,39,4,0,0,1,75,7,13,16,2,61,39,0,0,42,13,267,1,1,2.24,10.92,52,0,14.1,1,11,15,45,36,9,11,0,,74,37.37,4,0,2,309,5,30,3,30,2694,18,2,0,1,1,0,0.0,0,0,0,1,500,18,0,6.89,0,4,0,0,0,0,0,0,244.91,0.0,0,70,8,33,29,15,44.12,0,16,4,25.0,29,20,34,15,285,51.63,38,505,195,700,268.6,78,3,1225,43,5,0,Kieffer Moore,Wrexham,298366,64
13,4,30.77,246,15,45.45,422,209,631,82.59,10,28.57,25,38,4,0,0,0,97,5,6,16,0,14,38,0,0,38,10,126,0,0,3.27,5.49,11,0,14.29,0,7,11,28,24,4,6,1,,75,42.61,1,0,2,133,9,31,0,20,1923,5,2,0,0,0,0,0.0,0,0,0,1,295,11,0,6.89,0,6,0,0,0,0,0,0,274.71,0.0,2,26,23,20,13,34,44.74,0,18,8,44.44,31,31,76,13,85,40.28,33,525,239,764,261.7,49,2,1151,23,0,0,Nathan Broadhead,Wrexham,911710,64
13,1,33.33,62,28,42.42,190,500,690,88.01,38,46.34,44,15,1,0,0,0,35,0,1,2,6,79,15,0,1,3,3,59,0,0,0.23,0.66,9,0,0.0,0,0,1,8,8,0,0,0,,22,59.46,0,0,0,94,11,2,0,15,1275,1,14,0,0,0,0,0.0,0,0,0,0,110,0,0,6.89,1,0,0,0,0,0,0,0,0.0,0.0,0,5,1,4,0,0,0.0,0,9,6,66.67,2,35,0,3,60,50.42,66,252,532,784,103.3,6,0,971,13,1,0,Joel Latibeaudiere,Coventry City,859763,11
2,0,0.0,8,30,30.93,20,90,110,62.15,2,100.0,0,7,0,0,0,0,53,0,0,0,1,8,7,1,0,0,0,0,0,0,0.01,,0,0,0.0,49,0,0,10,9,1,0,0,-0.04,2,100.0,0,3,0,67,0,0,0,7,630,0,0,0,0,0,0,0.0,0,0,0,0,70,0,7,6.89,0,0,3,10,3,14,0,2,0.0,0.0,0,0,0,0,0,0,0.0,3,0,0,0.0,0,4,0,0,4,100.0,97,72,105,177,48.2,0,0,243,2,0,0,Alex McCarthy,Southampton,45502,45
49,0,0.0,154,282,30.1,236,573,809,54.92,5,83.33,1,34,0,0,0,0,289,0,0,0,7,45,34,1,0,0,0,1,4,2,0.32,,0,0,0.0,169,0,0,45,37,8,0,0,-2.6,8,100.0,0,22,0,664,0,0,0,34,2996,0,0,0,0,0,0,0.0,2,0,0,0,677,0,14,6.89,0,0,35,49,31,81,0,12,0.0,0.0,0,0,0,0,0,0,0.0,35,0,0,0.0,0,95,0,0,13,92.86,937,862,611,1473,234.1,0,2,1752,9,0,0,Nicolas Schmid,Portsmouth,799389,2
48,7,14.89,231,76,40.21,608,914,1522,84.93,74,52.11,68,39,2,0,0,0,143,2,7,7,10,179,39,0,0,15,17,145,0,3,1.98,3.43,31,0,16.0,16,4,6,39,35,4,3,1,,110,58.82,3,0,0,270,22,19,0,33,3090,0,20,1,0,0,0,0.0,0,0,0,0,445,4,0,6.88,0,1,0,0,0,0,0,0,772.5,0.0,0,21,4,7,11,23,58.97,0,62,40,64.52,19,108,39,47,184,55.93,189,782,1010,1792,268.5,25,1,2573,27,7,0,George Campbell,West Bromwich Albion,988278,8
53,42,32.81,270,56,59.57,496,259,755,81.89,10,21.74,36,38,8,0,0,0,117,10,5,23,2,17,38,0,0,41,19,141,0,1,5.21,5.34,34,2,4.23,0,3,11,25,21,4,1,2,,71,40.34,1,0,0,167,9,67,0,25,2233,0,2,0,0,0,0,0.0,0,0,0,0,387,20,0,6.88,0,2,0,0,0,0,0,0,744.33,10.53,19,20,51,31,17,17,54.84,0,36,20,55.56,67,86,31,128,81,36.49,94,629,293,922,261.6,71,1,1438,19,4,0,Marcelino Núñez,Ipswich Town,1014801,32
14,17,23.94,182,16,25.81,293,154,447,73.52,29,49.15,30,24,2,0,0,0,96,5,3,9,3,28,24,0,0,11,5,85,0,0,2.92,2.77,26,0,5.26,0,1,3,18,16,2,1,0,,69,55.65,0,0,0,161,23,26,1,18,1576,6,4,0,0,0,0,0.0,0,0,0,0,281,8,0,6.88,0,0,0,0,0,0,0,0,1576.0,0.0,0,13,6,7,3,13,46.43,0,42,23,54.76,26,30,28,71,98,53.55,62,395,213,608,165.2,19,0,985,14,3,0,Ryan Hedges,Blackburn Rovers,600620,46
27,22,23.16,210,39,33.33,459,703,1162,84.2,58,53.21,51,41,3,0,0,0,140,3,1,9,6,122,40,0,0,7,15,107,0,2,3.09,1.96,28,0,0.0,14,0,3,40,39,1,0,0,,111,66.47,0,0,1,218,46,35,0,30,2757,6,15,0,0,0,0,0.0,0,0,0,0,385,9,0,6.88,0,0,0,0,0,0,0,0,0.0,0.0,2,11,12,11,3,18,69.23,0,66,43,65.15,35,93,26,95,169,61.23,117,617,763,1380,275.3,23,1,2094,27,7,0,Neto Borges,Bristol City,920008,58
2,2,15.38,78,8,36.36,132,89,221,81.55,10,45.45,12,22,1,0,0,0,37,1,0,1,0,27,19,0,0,8,6,39,0,0,0.99,0.83,5,0,22.22,0,2,3,8,7,1,2,0,,39,59.09,0,0,0,50,8,7,1,5,618,0,2,0,0,0,0,0.0,0,0,0,0,117,2,0,6.88,0,1,0,0,0,0,0,0,309.0,0.0,0,7,2,5,3,6,42.86,0,19,13,68.42,7,17,14,13,49,55.68,22,168,103,271,130.7,9,0,478,14,1,0,Kaine Kesler-Hayden,Coventry City,1099074,11
18,2,14.29,92,15,60.0,159,71,230,80.7,4,33.33,8,15,1,0,0,0,27,1,0,3,0,6,14,0,0,4,1,19,0,1,0.42,0.77,4,0,16.67,0,2,3,7,6,1,1,1,,16,59.26,0,0,1,55,7,6,1,4,560,0,1,0,0,0,0,0.0,0,0,0,0,81,2,0,6.88,0,1,0,0,0,0,0,0,280.0,0.0,0,3,9,4,5,3,60.0,0,8,4,50.0,6,31,5,14,20,51.28,25,207,78,285,96.3,12,0,376,5,1,0,Max Bird,Bristol City,906287,58
31,3,27.27,137,77,34.07,412,838,1250,82.84,41,50.62,40,28,1,0,0,0,155,1,1,2,5,146,28,0,0,11,5,93,0,0,0.77,0.57,30,0,11.11,2,1,2,31,26,5,1,0,,83,61.03,1,0,1,259,28,6,0,24,2255,1,23,0,0,0,1,0.0,0,0,0,0,325,2,0,6.88,0,0,0,0,0,0,0,0,2255.0,0.0,0,7,2,5,2,23,69.7,0,36,24,66.67,6,93,33,11,124,57.14,226,591,918,1509,192.6,9,1,1955,25,4,0,José Córdoba,Norwich City,1105688,263
32,0,0.0,75,204,28.98,168,396,564,52.86,15,88.24,2,34,0,0,0,0,315,0,0,0,8,34,34,1,0,0,1,4,1,1,0.13,,1,0,0.0,249,0,0,45,37,8,0,0,-6.75,8,80.0,0,37,0,503,0,0,0,34,3015,0,0,0,0,0,1,0.0,4,0,0,0,513,0,13,6.88,0,0,21,66,27,93,1,17,0.0,0.0,0,0,0,0,0,0,0.0,20,0,0,0.0,0,81,0,0,23,85.19,704,643,424,1067,233.8,0,1,1380,8,0,0,Michael Cooper,Sheffield United,896209,15
0,1,33.33,11,0,0.0,16,6,22,84.62,0,0.0,1,6,0,0,0,0,2,0,0,2,0,1,4,0,0,1,0,8,0,0,0.24,0.42,4,0,20.0,0,1,1,2,2,0,1,0,,2,22.22,0,0,0,4,1,1,0,1,112,0,1,0,0,0,0,0.0,0,0,0,0,18,1,0,6.88,0,1,0,0,0,0,0,0,112.0,0.0,0,3,2,1,2,1,33.33,0,0,0,0.0,1,1,3,3,2,20.0,0,18,8,26,27.5,5,0,58,1,0,0,William Grainger,Sheffield Wednesday,1961133,12
16,3,20.0,117,20,60.61,236,170,406,84.94,10,52.63,9,15,0,0,0,0,50,2,0,4,0,14,12,0,0,7,11,42,0,1,0.88,0.51,13,0,0.0,0,0,0,11,11,0,0,0,,37,52.86,0,0,0,72,9,4,0,5,691,0,3,0,0,0,0,0.0,0,0,0,0,111,3,0,6.88,0,0,0,0,0,0,0,0,0.0,0.0,1,2,8,5,1,2,50.0,0,32,17,53.13,4,26,4,15,47,52.81,33,294,184,478,82.5,10,0,633,4,2,0,Marc Leonard,Birmingham City,1004556,9
18,1,33.33,71,39,33.62,232,348,580,81.46,30,57.69,22,16,0,0,0,0,49,1,0,2,3,76,16,0,0,1,8,39,0,0,0.26,0.3,4,0,0.0,0,0,0,14,11,3,0,0,,42,71.19,0,0,1,132,13,2,0,14,1273,1,6,1,0,0,0,0.0,0,0,0,0,154,0,0,6.88,0,0,0,0,0,0,0,0,0.0,0.0,0,5,0,3,0,7,63.64,0,27,20,74.07,2,60,11,3,72,64.86,116,331,381,712,110.0,5,0,922,8,1,0,Max Alleyne,Watford,1168513,24
18,0,0.0,35,43,34.96,136,323,459,73.68,113,66.86,56,26,0,0,0,0,49,0,0,3,1,194,26,0,1,2,6,97,0,0,1.16,1.67,34,0,13.33,15,2,2,25,22,3,2,0,,31,43.06,2,0,1,164,40,7,0,17,1595,3,21,0,0,0,0,0.0,0,0,0,0,173,0,0,6.87,1,0,0,0,0,0,0,0,797.5,0.0,0,15,0,8,4,1,100.0,0,21,14,66.67,7,51,1,0,144,59.75,123,265,358,623,178.7,15,1,989,10,5,0,Liam Lindsay,Preston North End,331219,21
11,3,16.67,385,16,59.26,553,281,834,86.51,8,19.05,34,48,5,0,0,0,95,5,18,38,5,24,48,0,0,46,24,195,0,3,4.05,15.82,47,0,14.94,0,13,18,38,31,7,12,1,,164,50.46,0,0,1,130,5,63,3,45,3760,21,2,0,1,4,0,100.0,0,4,0,1,324,18,0,6.87,0,10,0,0,0,0,0,0,289.23,0.0,0,72,15,17,32,44,47.83,0,53,34,64.15,62,22,92,18,172,46.87,27,662,302,964,329.9,87,2,1559,67,7,0,Tommy Conway,Middlesbrough,1104987,36
50,26,28.26,343,61,45.86,601,337,938,75.28,37,40.22,55,48,4,0,0,1,192,12,5,21,9,46,48,0,0,40,26,177,1,0,6.7,4.67,35,1,8.47,0,5,9,43,36,7,4,1,,108,46.96,0,0,2,308,33,45,5,39,3479,2,9,0,0,1,0,0.0,0,0,0,0,540,25,0,6.87,0,0,0,0,0,0,0,0,695.8,33.33,3,31,28,23,15,33,57.89,0,60,33,55.0,45,87,57,92,145,45.03,133,830,416,1246,329.9,59,2,1898,15,4,0,Camiel Neghli,Millwall,1089021,25
8,0,0.0,54,23,37.7,196,567,763,88.82,32,69.57,14,15,0,0,0,0,38,0,0,0,3,59,14,0,0,2,2,33,0,1,0.16,0.49,13,0,50.0,2,1,1,19,18,1,1,0,,25,56.82,0,0,0,96,15,1,0,14,1261,0,9,0,0,0,0,0.0,0,0,0,0,111,1,0,6.87,0,1,0,0,0,0,0,0,1261.0,0.0,0,2,0,1,1,0,0.0,0,18,14,77.78,1,21,2,2,57,63.33,61,264,595,859,96.2,2,0,1015,7,4,0,Noah Eile,Bristol City,962050,58
36,21,17.5,309,69,48.94,562,402,964,77.8,26,37.68,43,46,2,0,0,0,143,6,11,29,8,45,46,0,0,28,32,162,0,1,3.95,9.95,25,2,8.91,0,9,11,46,37,9,6,3,,116,49.36,1,0,1,275,13,66,0,43,3642,9,9,0,1,0,0,0.0,0,0,0,0,555,17,0,6.87,0,8,0,0,0,0,0,0,404.67,66.67,3,67,34,37,35,23,37.7,0,63,51,80.95,65,97,61,120,142,46.71,141,766,473,1239,316.0,101,3,1982,30,4,0,Isaac Price,West Bromwich Albion,1066059,8
20,2,13.33,161,48,36.92,493,686,1179,83.74,56,54.9,46,33,0,0,0,0,98,1,0,1,7,152,33,0,0,6,25,92,0,1,0.72,0.16,12,0,0.0,0,0,0,39,36,3,0,0,,104,69.33,0,0,0,229,26,9,0,27,2524,0,22,0,0,0,0,0.0,0,0,0,0,353,2,0,6.87,0,0,0,0,0,0,0,0,0.0,0.0,0,0,5,3,1,7,70.0,0,73,50,68.49,9,63,10,15,160,63.49,130,640,768,1408,226.6,5,1,2033,25,1,0,George Tanner,Bristol City,927367,58
8,5,20.83,118,6,31.58,197,71,268,70.9,31,35.63,56,32,4,0,0,0,84,5,10,13,4,11,32,0,0,33,14,143,0,0,1.92,11.67,22,0,20.63,0,13,17,14,11,3,11,2,,62,41.61,1,0,1,110,18,19,0,21,1880,2,3,0,1,1,0,100.0,0,1,0,0,261,15,0,6.87,0,11,0,0,0,0,0,0,144.62,0.0,2,42,21,24,26,17,45.95,0,14,11,78.57,18,18,37,24,93,39.41,19,277,101,378,219.7,63,3,757,31,0,0,Brandon Thomas-Asante,Coventry City,846061,11
9,4,14.29,321,7,41.18,481,210,691,84.47,16,47.06,18,28,3,0,0,0,85,3,2,24,1,12,28,0,0,22,11,84,0,1,2.89,5.57,15,0,12.24,0,6,9,15,15,0,6,0,,70,51.47,1,0,0,127,9,35,3,21,1738,2,0,0,0,0,0,0.0,0,0,0,0,253,11,0,6.86,0,2,0,0,0,0,0,0,289.67,0.0,1,35,14,12,13,21,53.85,0,27,16,59.26,35,20,39,28,86,50.59,17,587,231,818,192.2,49,1,1176,22,4,0,Riley McGree,Middlesbrough,835998,36
33,0,0.0,20,135,28.48,79,633,712,67.11,9,90.0,1,36,0,0,0,0,276,0,0,0,6,60,36,1,0,0,2,3,4,1,0.03,,0,0,0.0,198,0,0,47,44,3,0,0,0.68,7,77.78,0,32,0,349,0,0,0,36,3195,0,0,0,0,0,0,0.0,3,0,2,0,361,0,24,6.86,0,0,27,67,25,95,1,16,0.0,0.0,0,0,0,0,0,0,0.0,24,0,0,0.0,0,65,0,0,16,84.21,474,371,690,1061,247.1,0,2,1425,7,1,0,Jakub Stolarczyk,Leicester City,997830,31
60,49,20.08,549,83,36.4,1032,812,1844,81.34,50,54.35,42,44,5,0,0,0,195,9,2,20,9,113,44,0,0,24,26,171,0,0,5.6,2.12,39,0,0.0,0,0,5,47,40,7,0,0,,149,53.6,0,0,1,423,50,54,0,44,3920,2,9,0,0,0,2,0.0,0,0,0,2,787,13,0,6.86,0,0,0,0,0,0,0,0,0.0,0.0,1,24,18,11,11,55,57.89,0,70,41,58.57,54,142,95,244,199,53.78,228,1345,922,2267,302.0,42,1,3463,25,7,0,Callum Brittain,Middlesbrough,828620,36
47,6,27.27,230,59,50.43,435,397,832,83.12,28,42.42,38,31,4,0,0,0,131,5,1,7,3,47,31,0,0,16,26,107,0,0,2.29,1.26,23,0,4.76,0,1,5,27,20,7,1,0,,69,50.0,0,0,1,169,34,23,1,29,2342,0,6,0,0,0,0,0.0,0,0,0,0,235,13,0,6.86,0,0,0,0,0,0,0,0,2342.0,0.0,0,9,12,10,4,2,28.57,0,51,39,76.47,23,79,7,22,97,47.55,117,554,447,1001,212.7,21,0,1325,16,5,0,Casper De Norre,Millwall,823654,25
9,9,19.57,127,15,45.45,179,43,222,68.94,6,17.14,29,25,4,0,0,0,67,5,3,13,0,15,25,0,0,15,16,105,0,0,1.82,2.74,15,0,6.98,0,3,7,10,8,2,3,0,,65,46.1,0,0,1,100,21,24,3,12,1132,7,1,0,0,0,0,0.0,0,0,0,0,235,9,0,6.86,0,0,0,0,0,0,0,0,377.33,0.0,1,19,24,13,17,31,50.82,0,25,19,76.0,24,21,61,46,71,40.34,33,263,59,322,171.5,43,0,670,9,3,0,Mohamed Belloumi,Hull City,1125839,96
34,41,21.81,325,44,43.56,493,260,753,70.31,41,36.28,72,44,7,0,0,0,200,8,3,41,2,62,44,0,0,62,21,353,0,1,6.31,5.0,54,0,8.04,0,9,16,61,55,6,7,2,,232,45.22,0,0,2,318,18,56,8,43,3718,17,3,0,0,0,0,0.0,0,0,0,3,871,29,0,6.86,0,1,0,0,0,0,0,0,413.11,0.0,4,44,68,43,28,115,43.56,0,43,23,53.49,56,96,264,188,273,43.61,101,749,322,1071,301.8,112,0,2252,75,8,0,Abdul Fatawu Issahaku,Leicester City,1103589,31
29,0,0.0,73,51,34.46,178,386,564,76.53,55,64.71,30,24,1,0,0,0,68,0,5,2,5,133,24,0,0,4,6,52,1,1,0.15,1.48,8,0,8.33,1,1,2,27,21,6,1,0,,52,70.27,1,0,0,173,30,3,0,20,1843,2,13,0,0,0,1,0.0,0,0,0,0,203,1,0,6.86,0,0,0,0,0,0,0,0,1843.0,0.0,0,12,0,5,5,3,42.86,0,30,14,46.67,3,70,7,6,107,67.3,148,291,446,737,164.6,12,1,1046,19,2,0,Semi Ajayi,Hull City,307274,96
62,6,21.43,289,100,35.84,645,880,1525,79.97,106,60.23,70,41,4,0,0,0,131,2,5,10,9,202,40,0,0,13,16,127,0,1,1.71,2.75,27,0,10.71,0,3,7,58,45,13,3,0,,87,60.42,2,0,1,382,35,17,0,40,3595,4,26,1,0,0,0,0.0,0,0,0,0,548,0,0,6.86,0,1,0,0,0,0,0,0,1198.33,0.0,0,22,6,12,6,6,75.0,0,73,51,69.86,17,137,8,28,193,60.31,279,910,997,1907,274.3,28,1,2717,8,6,0,Max Cleworth,Wrexham,1002181,64
13,20,21.05,292,26,50.0,461,216,677,77.37,23,44.23,29,37,9,0,0,0,122,14,6,17,3,20,37,0,0,31,20,151,0,0,6.34,5.29,28,0,8.33,0,4,13,28,27,1,4,0,,98,44.55,1,0,2,198,8,43,1,33,2665,4,0,0,0,0,0,0.0,0,0,0,0,445,18,0,6.86,0,2,0,0,0,0,0,0,666.25,0.0,0,38,10,18,13,28,39.44,0,34,23,67.65,43,41,71,95,121,44.49,52,611,264,875,253.7,48,2,1412,37,4,0,Ryoya Morishita,Blackburn Rovers,1020075,46
26,0,0.0,60,52,50.0,226,479,705,86.61,32,56.14,25,16,1,0,0,0,38,0,0,0,1,82,16,0,0,3,6,37,0,1,0.24,0.14,3,0,0.0,0,0,1,19,17,2,0,0,,17,58.62,0,0,1,109,14,3,0,13,1236,1,19,0,0,0,0,0.0,0,0,0,0,126,0,0,6.86,0,0,0,0,0,0,0,0,0.0,0.0,0,2,0,2,0,4,100.0,0,6,3,50.0,3,59,4,4,49,56.98,104,300,514,814,109.7,2,0,991,7,3,0,Jakov Medić,Norwich City,872307,263
32,4,22.22,155,54,30.51,342,549,891,76.15,44,61.11,28,34,0,0,0,0,117,0,0,2,9,125,34,0,0,11,11,78,0,2,0.96,0.19,20,0,0.0,0,0,0,28,23,5,0,0,,96,65.75,0,0,0,279,34,8,0,32,2702,0,23,0,0,0,2,0.0,0,0,0,0,430,3,0,6.86,0,0,0,0,0,0,0,0,0.0,0.0,0,2,1,1,0,12,57.14,0,34,20,58.82,8,118,21,18,140,64.22,177,552,618,1170,233.1,3,0,1779,50,4,0,Amari'i Bell,Charlton Athletic,369674,47
6,3,25.0,52,6,50.0,78,41,119,77.27,8,53.33,7,9,2,0,0,0,22,3,0,1,0,7,9,0,0,3,0,22,0,0,1.37,0.54,3,0,0.0,0,0,2,6,5,1,0,0,,20,57.14,0,0,0,35,5,10,0,6,539,3,0,0,0,0,0,0.0,0,0,0,0,76,4,0,6.86,0,0,0,0,0,0,0,0,0.0,0.0,0,6,2,5,2,6,40.0,0,10,8,80.0,10,10,15,12,28,56.0,12,105,49,154,61.7,8,0,262,4,1,0,Papa Amadou Diallo,Norwich City,1463508,263
20,21,25.61,261,34,29.06,472,371,843,79.23,39,47.56,43,38,5,0,0,0,120,10,0,5,5,63,38,0,1,35,22,186,1,2,5.15,0.36,30,0,11.11,0,1,6,39,34,5,0,1,,201,58.43,0,0,0,221,30,35,0,29,2578,4,4,0,0,0,0,0.0,0,0,0,1,531,5,0,6.86,1,1,0,0,0,0,0,0,2578.0,0.0,0,3,6,2,2,48,44.86,0,83,67,80.72,35,59,107,82,240,56.34,117,633,431,1064,260.5,9,1,2053,70,5,0,Femi Seriki,Sheffield United,966458,15
47,2,25.0,126,110,39.86,394,958,1352,82.24,121,66.48,61,35,1,0,0,0,85,0,2,7,5,234,35,0,0,4,11,104,0,1,0.76,1.82,28,0,6.25,19,1,2,46,38,8,1,0,,56,56.57,1,0,1,292,32,4,0,32,2902,4,30,0,0,0,0,0.0,0,0,0,0,337,0,0,6.85,0,0,0,0,0,0,0,0,2902.0,0.0,0,16,0,5,4,2,66.67,0,31,16,51.61,4,116,3,8,177,62.99,276,618,1026,1644,239.9,16,2,2175,25,7,0,Matthew Pollock,Watford,959208,24
42,11,30.56,335,50,57.47,606,344,950,84.82,38,43.18,50,37,1,0,0,0,164,6,3,22,3,34,37,0,0,39,8,135,1,1,2.9,4.18,24,0,7.14,0,4,5,44,38,6,3,1,,69,44.81,1,0,1,170,11,48,3,28,2503,1,5,0,0,1,0,100.0,0,1,0,0,312,11,0,6.85,0,0,0,0,0,0,0,0,625.75,0.0,0,18,38,22,12,30,65.22,0,26,16,61.54,48,64,46,36,107,44.21,87,724,396,1120,253.6,56,1,1541,13,4,0,Edo Kayembe,Watford,917305,24
12,4,15.38,106,21,41.18,169,108,277,78.47,18,78.26,5,15,0,0,0,0,38,2,2,1,1,27,13,0,0,3,4,27,0,0,1.1,1.0,10,0,0.0,0,0,0,7,4,3,0,0,,26,54.17,0,0,0,76,12,9,0,5,570,0,1,0,0,0,0,0.0,0,0,0,0,141,2,0,6.85,0,0,0,0,0,0,0,0,0.0,0.0,0,2,2,2,1,9,64.29,0,14,6,42.86,9,27,14,26,44,61.97,51,223,130,353,89.1,4,0,546,3,3,0,Ki-Jana Hoever,Sheffield United,954044,15
26,3,25.0,217,52,57.14,465,404,869,80.99,55,51.89,51,34,5,0,0,0,118,6,4,8,8,54,34,0,0,12,31,183,0,1,1.98,4.2,66,0,13.33,0,4,9,33,25,8,4,0,,114,46.34,0,0,1,204,31,28,0,31,2779,7,7,0,0,0,1,0.0,0,0,0,0,287,8,0,6.85,0,4,0,0,0,0,0,0,694.75,0.0,0,24,6,13,9,19,41.3,0,78,45,57.69,28,45,46,12,169,48.01,91,612,461,1073,233.0,30,1,1501,18,13,0,Matt Crooks,Hull City,140479,96
18,9,20.0,173,18,25.35,303,271,574,78.95,26,40.0,39,22,1,0,0,0,142,2,0,4,3,56,22,0,0,34,17,146,0,0,2.47,0.49,20,0,7.14,0,1,2,42,37,5,0,1,,135,55.79,0,0,0,153,26,12,1,21,1881,1,6,1,0,0,0,0.0,0,0,0,0,343,6,0,6.85,0,0,0,0,0,0,0,0,1881.0,0.0,0,5,9,7,3,34,47.22,0,65,39,60.0,12,45,72,45,161,52.44,71,415,312,727,150.7,14,1,1279,37,3,0,Harry Amass,Sheffield Wednesday,1461595,12
33,25,24.27,545,44,34.92,964,712,1676,86.66,27,39.71,41,42,3,0,0,0,172,5,0,4,12,79,42,0,1,18,24,139,1,3,5.09,0.64,26,0,0.0,0,0,3,36,33,3,0,0,,111,53.11,0,0,0,258,43,48,0,41,3552,0,9,0,0,0,0,0.0,0,0,0,0,461,7,0,6.85,1,0,0,0,0,0,0,0,0.0,0.0,0,7,8,10,1,27,47.37,0,71,44,61.97,48,69,57,103,138,49.82,126,1144,790,1934,287.7,15,0,2837,13,6,0,Jay DaSilva,Coventry City,791985,11
43,6,31.58,234,51,37.23,490,446,936,81.11,15,48.39,16,28,1,0,0,0,144,4,0,0,6,26,28,0,0,23,39,125,0,2,1.9,0.25,34,0,0.0,0,0,1,30,27,3,0,0,,135,55.33,0,0,0,218,19,18,0,25,2242,1,8,1,1,0,0,0.0,0,0,0,0,309,13,0,6.85,1,0,0,0,0,0,0,0,0.0,0.0,0,1,6,4,3,11,42.31,0,73,46,63.01,17,103,26,19,150,54.55,137,657,497,1154,191.8,7,0,1526,51,10,1,Lewis Travis,Derby County,864918,27
1,1,12.5,12,2,100.0,23,15,38,90.48,0,0.0,2,2,0,0,0,0,5,0,0,0,0,1,2,0,0,0,0,3,0,0,0.27,,0,0,0.0,0,0,0,1,1,0,0,0,,0,0.0,0,0,0,4,0,2,0,1,68,0,0,0,0,0,0,0.0,0,0,0,0,14,0,0,6.85,0,0,0,0,0,0,0,0,0.0,0.0,0,0,0,0,0,0,0.0,0,0,0,0.0,2,1,1,8,0,0.0,2,26,16,42,13.7,0,0,63,0,0,0,Yukinari Sugawara,Southampton,905347,45
34,2,12.5,133,63,26.14,365,780,1145,74.21,206,66.45,104,43,2,0,0,0,109,2,3,4,9,304,43,0,1,10,11,159,0,1,1.76,1.95,27,0,7.41,2,2,4,54,45,9,2,0,,84,60.43,2,0,0,398,71,12,0,42,3691,3,26,0,0,0,0,0.0,0,0,0,0,500,0,0,6.84,1,0,0,0,0,0,0,0,1845.5,0.0,0,26,1,15,8,6,42.86,0,47,32,68.09,12,128,14,16,290,64.59,241,656,887,1543,294.3,27,4,2385,32,9,0,Jordan Storey,Preston North End,845941,21
55,7,19.44,393,67,36.81,794,677,1471,82.18,31,49.21,32,34,2,0,0,0,148,1,0,8,7,81,34,0,0,19,20,94,1,3,1.28,0.85,12,0,0.0,1,0,2,40,38,2,0,0,,84,57.53,0,0,0,319,32,17,0,30,2774,1,13,0,0,0,0,0.0,0,0,0,0,424,13,0,6.84,0,0,0,0,0,0,0,0,0.0,0.0,0,9,12,9,4,13,50.0,0,27,17,62.96,17,132,26,36,115,55.02,182,1027,763,1790,232.7,21,0,2228,44,3,0,Jason Knight,Bristol City,958918,58
2,1,25.0,120,5,71.43,171,41,212,67.09,50,41.67,70,28,1,0,0,0,31,6,12,9,1,23,28,0,0,37,10,156,0,0,2.43,11.28,29,0,20.34,0,12,13,28,24,4,12,0,,55,39.01,1,0,0,104,7,23,10,22,1829,20,1,0,0,0,0,0.0,0,0,0,0,242,16,0,6.84,1,1,0,0,0,0,0,0,152.42,0.0,0,49,10,16,34,8,40.0,0,13,9,69.23,23,6,20,4,105,40.23,7,263,53,316,191.6,59,2,661,34,1,1,Patrick Bamford,Sheffield United,204336,15
54,0,0.0,44,172,27.26,124,367,491,51.25,10,71.43,4,34,0,0,0,0,275,0,0,0,8,36,34,2,0,0,0,4,0,3,0.08,,0,0,0.0,221,0,0,43,39,4,0,0,-0.81,4,100.0,0,16,0,467,0,1,0,34,3059,0,0,0,0,0,0,0.0,2,0,0,0,477,0,26,6.84,0,0,20,64,30,97,0,30,0.0,0.0,0,0,0,0,0,0,0.0,18,2,2,100.0,1,108,0,1,14,77.78,631,525,433,958,232.6,0,1,1256,3,0,0,Balázs Tóth,Blackburn Rovers,851309,46
5,0,0.0,72,7,70.0,137,55,192,66.9,50,51.02,48,27,2,0,0,0,22,1,7,5,0,19,27,0,0,8,5,84,0,0,0.6,5.92,13,0,28.13,0,9,11,11,10,1,8,1,,25,40.98,4,0,0,95,3,14,1,12,1104,12,0,0,0,0,0,0.0,0,0,0,1,145,8,0,6.84,0,4,0,0,0,0,0,0,122.67,0.0,0,30,2,9,18,1,8.33,0,13,7,53.85,14,6,12,3,75,47.17,10,214,73,287,184.7,32,1,455,12,2,0,Ross Stewart,Southampton,886117,45
5,1,4.76,98,12,40.0,188,174,362,82.65,33,54.1,28,20,1,0,0,0,34,3,2,5,1,48,20,0,0,10,5,58,0,0,0.65,1.14,7,0,0.0,0,0,1,12,12,0,0,0,,51,62.96,0,0,1,76,13,8,0,9,877,1,3,0,0,0,0,0.0,0,0,0,1,185,1,0,6.84,0,0,0,0,0,0,0,0,0.0,0.0,0,12,2,7,2,10,52.63,0,14,8,57.14,8,13,19,21,84,59.15,30,242,196,438,136.8,14,0,790,27,2,0,Ethan Laird,Birmingham City,927363,9
31,29,20.57,197,26,39.39,323,143,466,67.15,31,42.47,42,31,5,0,0,0,101,12,2,16,3,29,31,0,0,21,20,125,0,0,5.01,3.79,14,0,8.33,0,4,9,39,33,6,4,0,,66,44.3,0,0,3,228,20,46,4,26,2171,4,1,0,1,0,0,0.0,0,0,0,0,447,18,0,6.84,0,0,0,0,0,0,0,0,542.75,0.0,7,24,24,19,13,14,31.82,0,33,19,57.58,45,61,44,141,97,43.69,66,491,203,694,212.0,48,3,1193,19,3,0,Harvey Vale,Queens Park Rangers,996914,1
12,1,33.33,45,12,48.0,93,123,216,81.82,10,55.56,8,13,1,0,0,0,28,0,0,3,0,9,13,0,0,4,7,35,1,1,0.22,0.98,14,0,28.57,0,2,3,11,9,2,2,0,,16,37.21,0,0,1,48,7,4,1,7,585,0,5,0,0,0,0,0.0,0,0,0,0,64,2,0,6.84,0,1,0,0,0,0,0,0,292.5,0.0,1,5,2,1,3,2,50.0,0,8,4,50.0,4,26,4,3,26,42.62,25,125,139,264,88.9,7,1,351,7,2,0,Nathaniel Chalobah,Sheffield Wednesday,98450,12
5,1,4.17,177,13,48.15,281,114,395,73.28,47,51.65,44,40,4,0,0,0,62,8,8,18,1,19,40,0,1,45,8,174,0,0,2.91,5.44,40,2,5.97,0,4,8,37,30,7,1,3,,134,50.76,0,0,2,144,9,35,0,22,2041,5,0,0,0,0,0,0.0,0,0,0,1,359,11,0,6.84,1,4,0,0,0,0,0,0,510.25,20.0,10,38,29,25,24,55,57.29,0,31,19,61.29,35,15,96,24,181,50.99,27,401,138,539,273.5,67,1,1073,48,12,0,Nestory Irankunda,Watford,1144687,24
47,16,32.65,267,76,51.35,503,548,1051,83.81,31,51.67,29,37,1,0,0,0,137,3,0,2,10,39,37,0,0,13,11,96,0,1,3.04,0.95,34,0,12.5,0,2,3,46,38,8,1,1,,69,50.74,0,0,1,203,25,25,2,36,3157,2,14,0,0,0,1,0.0,0,0,0,0,292,11,0,6.84,0,0,0,0,0,0,0,0,1578.5,0.0,0,4,12,10,4,16,64.0,0,35,21,60.0,25,101,25,49,100,51.02,148,667,587,1254,252.9,16,2,1608,18,8,0,Andre Dozzell,Portsmouth,826133,2
15,14,18.67,188,21,44.68,286,119,405,74.45,11,27.5,29,36,5,0,0,0,112,9,2,22,0,28,36,0,0,15,40,141,0,0,3.5,3.43,10,0,5.88,0,3,8,21,17,4,3,0,,101,47.42,0,0,1,139,17,34,1,25,2063,13,2,0,0,0,0,0.0,0,0,0,0,336,16,0,6.83,0,2,0,0,0,0,0,0,687.67,0.0,0,33,18,18,11,28,36.84,0,44,22,50.0,34,32,76,75,112,44.27,47,404,140,544,246.0,51,2,1042,29,3,0,Liam Millar,Hull City,902083,96
6,4,33.33,37,7,53.85,65,26,91,81.25,0,0.0,2,3,1,0,0,0,9,1,0,1,0,0,3,0,0,2,1,11,0,0,0.41,0.19,2,0,0.0,0,0,1,3,3,0,0,0,,6,40.0,0,0,0,21,1,5,0,2,189,0,0,0,0,0,0,0.0,0,0,0,0,39,0,0,6.83,0,0,0,0,0,0,0,0,0.0,0.0,1,0,4,2,1,1,20.0,0,3,2,66.67,5,11,5,12,6,35.29,13,80,32,112,20.5,4,0,153,2,0,0,Mateus Fernandes,Southampton,1142562,45
32,41,26.97,290,57,43.51,477,273,750,76.92,25,29.76,59,46,2,0,0,0,145,8,4,33,5,35,46,0,0,45,34,191,0,2,4.03,5.87,23,0,8.7,1,8,10,45,35,10,5,3,,110,45.45,0,0,1,225,18,45,2,40,3413,1,8,0,2,0,0,0.0,0,0,0,0,519,20,0,6.83,0,6,0,0,0,0,0,0,426.63,0.0,5,40,52,31,28,29,47.54,0,41,26,63.41,43,75,61,152,135,41.41,131,667,308,975,314.3,92,3,1709,41,3,0,Sonny Carey,Charlton Athletic,1020336,47
65,24,21.24,478,95,44.39,914,683,1597,81.36,55,60.44,36,45,1,0,0,0,177,5,4,16,5,79,45,0,0,15,18,139,0,0,3.34,3.67,58,0,5.77,1,3,4,52,46,6,2,1,,113,52.31,2,0,2,366,36,43,0,42,3817,2,12,0,0,0,0,0.0,0,0,0,0,602,19,0,6.83,0,1,0,0,0,0,0,0,1272.33,0.0,0,27,25,24,12,10,41.67,0,70,38,54.29,43,145,24,113,168,54.72,214,1184,779,1963,307.4,52,1,2761,33,9,0,Tomoki Iwata,Birmingham City,794520,9
2,3,33.33,115,4,28.57,188,99,287,78.63,13,27.66,34,29,4,1,0,1,41,4,15,22,2,11,29,0,0,20,1,99,0,1,2.63,14.97,27,0,12.64,0,11,15,32,25,7,10,1,,46,41.44,0,0,2,78,8,24,5,24,2039,14,0,0,0,3,0,33.33,0,1,0,0,173,10,0,6.83,0,6,0,0,0,0,0,0,185.36,0.0,1,69,18,28,37,13,43.33,0,20,9,45.0,24,9,30,9,59,37.34,14,243,122,365,198.1,87,3,661,13,4,0,Adam Armstrong,Southampton,361352,45
12,0,0.0,8,48,44.44,25,100,125,66.49,3,75.0,1,7,0,0,0,0,56,0,0,0,2,6,7,0,0,0,0,1,0,0,0.01,,0,0,0.0,40,0,0,6,6,0,0,0,-0.52,1,100.0,0,2,0,63,0,0,0,7,559,0,0,0,0,0,0,0.0,1,0,0,0,63,0,3,6.83,0,0,2,7,4,11,0,3,0.0,0.0,0,0,0,0,0,0,0.0,2,0,0,0.0,0,17,0,0,4,80.0,108,79,109,188,47.8,0,0,235,1,0,0,Ben Hamer,Queens Park Rangers,16807,1
36,0,0.0,186,62,44.93,416,426,842,78.91,42,70.0,18,36,2,0,0,0,132,2,3,3,3,82,36,0,0,18,13,100,1,2,1.55,1.32,38,0,5.88,0,1,3,46,38,8,1,0,,113,57.95,1,0,0,225,32,11,0,29,2358,0,12,0,0,0,0,0.0,0,0,0,0,306,7,0,6.83,0,0,0,0,0,0,0,0,2358.0,0.0,0,7,10,9,5,9,40.91,0,71,41,57.75,11,90,22,14,155,60.78,138,586,481,1067,245.8,17,0,1505,33,5,0,Jonathan Varane,Queens Park Rangers,1118185,1
20,19,35.19,143,41,35.34,312,316,628,74.58,14,43.75,18,26,2,0,0,0,94,3,0,3,5,44,26,0,0,6,11,73,1,0,2.09,0.39,23,0,10.0,0,1,3,28,23,5,1,0,,93,62.84,0,0,1,214,25,23,0,23,2046,5,5,0,1,0,0,0.0,0,0,0,0,396,9,0,6.83,0,1,0,0,0,0,0,0,2046.0,0.0,0,5,5,4,3,16,50.0,0,53,30,56.6,22,66,32,54,107,59.44,116,459,383,842,177.5,10,2,1432,24,12,0,Junior Tchamadeu,Stoke City,1093070,29
14,0,0.0,59,28,34.57,166,321,487,80.5,34,66.67,17,16,0,0,0,0,55,0,2,4,4,80,16,0,0,8,10,54,0,2,0.43,0.95,16,0,0.0,3,0,0,14,10,4,0,0,,50,57.47,0,0,0,118,18,4,0,13,1171,1,12,0,0,0,0,0.0,0,0,0,0,167,3,0,6.83,0,0,0,0,0,0,0,0,0.0,0.0,0,6,2,4,0,1,25.0,0,39,18,46.15,4,46,4,9,84,60.87,81,237,368,605,109.2,8,0,917,10,7,0,Maksym Talovierov,Stoke City,990355,29
7,1,16.67,53,12,32.43,127,73,200,73.26,22,66.67,11,9,0,0,0,0,47,0,0,4,3,17,8,0,0,5,9,45,0,0,0.21,0.26,20,0,0.0,0,0,0,6,6,0,0,0,,27,44.26,0,0,0,73,10,6,0,7,567,0,2,0,0,0,0,0.0,0,0,0,0,93,4,0,6.83,0,0,0,0,0,0,0,0,0.0,0.0,0,2,4,2,0,0,0.0,0,23,14,60.87,6,23,2,6,49,52.13,37,188,85,273,54.6,6,0,378,4,1,0,Massimo Luongo,Millwall,204300,25
0,1,6.25,75,4,36.36,112,64,176,73.03,11,29.73,26,17,2,0,0,0,51,4,7,8,0,7,17,0,0,17,11,101,0,0,1.89,3.06,13,0,6.06,0,2,4,10,10,0,2,0,,74,49.66,0,0,5,65,2,11,0,13,992,5,0,0,0,0,0,0.0,0,0,0,0,185,7,0,6.82,0,2,0,0,0,0,0,0,496.0,0.0,0,27,6,14,11,20,36.36,0,28,17,60.71,11,2,55,16,85,45.7,11,165,76,241,116.0,33,0,523,26,2,0,Ibrahim Osman,Birmingham City,1471095,9
20,0,0.0,86,59,50.86,358,1345,1703,93.37,64,51.2,61,37,1,0,0,0,81,1,0,8,4,150,34,0,0,10,3,95,1,1,0.27,0.74,19,0,7.14,16,1,2,41,34,7,1,0,,51,60.0,1,0,0,121,27,2,0,29,2710,1,31,0,0,0,0,0.0,0,0,0,0,151,0,0,6.82,0,0,0,0,0,0,0,0,2710.0,0.0,0,13,1,4,2,1,33.33,0,28,20,71.43,2,39,3,0,115,54.76,116,437,1387,1824,232.0,14,0,2204,22,6,0,Nathan Wood,Southampton,944200,45
59,11,26.19,329,93,36.47,679,737,1416,76.75,87,63.04,51,43,3,0,0,0,139,5,2,6,18,153,43,0,0,11,17,141,0,2,3.48,2.2,57,0,4.55,0,1,4,40,33,7,0,1,,100,52.63,0,0,1,429,51,26,0,43,3795,2,12,0,0,0,1,0.0,0,0,0,1,644,8,0,6.82,1,1,0,0,0,0,0,0,3795.0,0.0,0,16,6,11,5,11,55.0,0,43,31,72.09,26,163,20,42,187,57.01,255,969,876,1845,293.4,22,1,2808,48,11,1,Darnell Furlong,Ipswich Town,786022,32
24,7,17.95,228,34,53.97,395,177,572,75.76,34,37.78,56,39,2,0,0,0,125,3,4,20,4,30,39,0,0,36,33,217,0,0,2.9,6.28,29,0,10.91,0,6,8,35,30,5,4,2,,152,48.56,0,0,0,183,16,32,5,28,2442,7,3,0,0,0,0,0.0,0,0,0,1,405,25,0,6.82,0,1,0,0,0,0,0,0,407.0,0.0,0,35,20,18,17,55,46.22,0,65,44,67.69,32,47,119,39,186,46.15,63,549,206,755,266.1,55,1,1386,32,7,0,Andre Brooks,Sheffield United,1396445,15
5,1,10.0,108,6,85.71,187,56,243,68.64,81,42.63,109,40,1,0,0,0,34,1,20,21,1,27,40,0,0,36,8,212,0,0,1.51,18.32,31,0,17.35,0,17,18,25,22,3,17,0,,54,34.39,3,0,4,111,2,19,6,31,2593,42,4,0,0,2,0,100.0,0,2,0,0,271,14,0,6.82,0,8,0,0,0,0,0,0,152.53,0.0,1,89,9,40,37,17,34.69,0,11,8,72.73,19,11,49,10,135,38.9,7,286,68,354,272.9,98,4,777,26,4,0,Haji Wright,Coventry City,818391,11
54,12,20.0,230,72,26.09,494,611,1105,70.79,162,69.53,71,38,0,0,0,0,148,2,5,8,6,165,38,0,0,8,15,146,0,1,2.07,3.22,49,0,4.0,9,1,1,44,36,8,1,0,,87,53.7,0,0,0,456,41,18,0,37,3297,1,21,1,0,0,0,0.0,0,0,0,0,624,9,0,6.82,0,0,0,0,0,0,0,0,3297.0,0.0,0,23,2,12,5,3,33.33,0,63,33,52.38,18,152,9,60,249,63.04,276,827,734,1561,259.2,25,3,2464,21,10,0,Andrew Hughes,Preston North End,78368,21
46,58,39.73,141,75,42.13,258,235,493,73.58,20,64.52,11,27,5,0,0,0,103,8,0,2,2,31,27,0,0,11,11,64,2,2,3.8,0.43,22,0,0.0,0,0,5,20,18,2,0,0,,43,44.79,0,0,0,177,17,48,0,16,1450,1,3,0,1,0,0,0.0,0,0,0,0,353,5,0,6.82,0,0,0,0,0,0,0,0,0.0,0.0,2,3,7,6,2,13,59.09,0,26,17,65.38,47,104,22,146,63,49.61,178,407,263,670,184.1,10,1,1155,4,4,0,Alfie Doughty,Millwall,945792,25
52,0,0.0,220,56,58.33,497,432,929,84.76,24,52.17,22,39,1,0,0,0,117,7,0,11,2,24,39,0,0,17,16,105,1,1,2.6,1.8,32,0,6.06,0,2,3,23,17,6,2,0,,89,51.74,0,0,1,167,20,27,0,24,2164,3,5,0,0,0,0,0.0,0,0,0,2,258,14,0,6.82,0,2,0,0,0,0,0,0,1082.0,0.0,0,13,20,12,10,14,43.75,0,40,29,72.5,27,102,32,14,113,51.83,96,620,476,1096,265.9,33,1,1430,36,9,0,Jack Taylor,Ipswich Town,856669,32
15,7,36.84,119,22,48.89,240,228,468,86.19,6,37.5,10,17,1,0,0,0,56,0,0,7,4,15,17,0,0,11,11,56,0,1,1.18,2.18,18,0,25.0,0,4,5,11,9,2,3,1,,29,38.67,0,0,2,75,8,16,1,14,1257,1,3,0,0,0,0,0.0,0,0,0,0,129,6,0,6.82,0,3,0,0,0,0,0,0,314.25,0.0,0,9,7,4,5,8,53.33,0,11,7,63.64,16,26,15,19,35,38.46,45,298,245,543,115.9,16,1,711,10,3,0,Lewis Baker,Stoke City,190859,29
25,0,0.0,83,50,29.94,245,694,939,81.37,57,61.29,36,27,0,0,0,0,95,0,1,3,4,159,27,0,0,6,12,72,1,1,0.65,0.77,16,0,9.09,26,1,1,35,31,4,1,0,,54,60.0,0,0,0,215,24,8,0,25,2200,0,25,0,1,0,0,0.0,0,0,0,0,262,2,0,6.81,0,1,0,0,0,0,0,0,2200.0,0.0,0,9,2,3,5,4,57.14,0,27,14,51.85,7,70,7,7,111,60.66,167,388,766,1154,184.0,11,2,1563,23,3,0,Lewis Gibson,Preston North End,867443,21
26,0,0.0,222,39,52.7,553,498,1051,86.29,63,58.33,45,36,0,0,0,0,167,1,5,6,8,53,35,0,0,24,19,125,1,3,1.22,2.99,25,0,3.7,0,1,1,27,22,5,1,0,,89,52.66,1,0,0,167,35,13,0,26,2420,1,14,1,0,0,1,0.0,0,0,0,0,256,10,0,6.81,0,0,0,0,0,0,0,0,2420.0,0.0,0,18,9,15,6,4,20.0,0,51,32,62.75,13,48,20,7,152,54.87,74,669,549,1218,238.5,27,0,1617,36,7,0,Ousmane Diakité,West Bromwich Albion,873627,8
10,0,0.0,39,11,55.0,75,55,130,84.42,6,60.0,4,7,0,0,0,0,23,0,0,0,0,4,7,0,0,2,2,10,0,0,0.23,0.1,2,0,0.0,0,0,0,4,4,0,0,0,,14,70.0,0,0,0,24,4,3,0,3,280,0,1,0,0,0,0,0.0,0,0,0,0,33,0,0,6.81,0,0,0,0,0,0,0,0,0.0,0.0,0,1,3,1,3,1,100.0,0,8,3,37.5,3,18,1,3,20,66.67,20,95,59,154,47.7,4,0,196,5,2,0,Pierre Ekwah,Watford,996908,24
20,18,27.27,167,28,56.0,253,124,377,82.14,2,15.38,11,15,2,0,0,0,44,5,1,12,2,6,15,0,0,8,16,49,0,0,2.89,2.41,7,0,3.13,0,1,3,18,14,4,1,0,,34,47.22,0,0,0,82,5,27,0,10,944,5,0,0,0,0,0,0.0,0,0,0,0,165,3,0,6.81,0,1,0,0,0,0,0,0,944.0,0.0,2,11,21,9,11,13,61.9,0,18,11,61.11,27,37,21,66,36,42.35,50,319,140,459,102.2,32,1,667,3,1,0,Ilias Chair,Queens Park Rangers,809512,1
9,2,14.29,80,20,43.48,126,79,205,74.28,11,52.38,10,23,0,0,0,0,31,1,3,7,1,14,19,0,0,3,5,33,0,0,0.71,2.38,11,0,11.76,0,2,2,14,11,3,2,0,,29,55.77,0,0,1,71,4,8,0,7,836,0,6,0,0,0,0,0.0,0,0,0,0,104,3,0,6.81,0,2,0,0,0,0,0,0,418.0,0.0,0,12,5,6,4,12,70.59,0,14,8,57.14,8,19,17,14,40,54.79,46,174,102,276,129.4,17,0,406,4,5,0,Joe Rankin-Costello,Charlton Athletic,905789,47
41,7,26.92,127,92,35.94,265,411,676,71.99,57,58.16,41,35,0,0,0,0,78,0,1,2,4,146,32,0,0,2,11,77,1,1,1.34,1.08,20,0,18.18,4,2,2,33,26,7,2,0,,33,47.83,2,0,0,263,11,11,0,22,2101,2,20,1,0,0,1,0.0,0,0,0,0,360,3,0,6.81,0,0,0,0,0,0,0,0,1050.5,0.0,3,7,4,3,6,1,20.0,0,29,17,58.62,11,108,5,26,90,53.89,256,464,475,939,217.9,11,1,1384,4,4,0,Macauley Gillesphey,Charlton Athletic,814577,47
9,5,22.73,145,14,42.42,287,143,430,83.01,39,53.42,34,34,1,0,0,0,62,2,5,9,0,16,33,0,0,22,12,99,0,0,2.03,3.97,21,0,10.26,0,4,5,20,19,1,2,2,,69,51.49,2,0,0,88,12,24,0,19,1520,0,2,0,0,0,0,0.0,0,0,0,0,188,9,0,6.81,0,2,0,0,0,0,0,0,380.0,0.0,0,20,19,12,18,7,35.0,0,28,15,53.57,24,24,20,22,108,52.17,33,359,159,518,224.7,39,0,815,36,5,0,Josh Eccles,Coventry City,944245,11
8,7,33.33,39,7,26.92,60,43,103,67.76,3,60.0,2,12,2,0,0,0,40,2,2,7,0,4,11,0,0,15,7,39,0,2,1.12,3.49,5,0,8.33,0,2,4,10,7,3,2,0,,25,40.32,0,0,0,49,1,11,0,6,534,2,0,0,0,0,0,0.0,0,0,0,0,112,3,0,6.81,0,1,0,0,0,0,0,0,267.0,0.0,0,15,9,9,8,12,52.17,0,9,2,22.22,11,21,23,21,28,41.79,26,95,57,152,74.9,24,0,299,4,0,0,Rocco Vata,Watford,1149235,24
1,9,32.14,33,2,14.29,49,22,71,71.72,4,44.44,5,11,0,0,0,0,32,1,1,1,0,4,11,0,0,15,1,32,0,0,0.59,0.98,1,0,25.0,0,2,2,6,4,2,1,1,,28,50.91,0,0,0,28,5,7,2,4,494,1,0,0,0,0,0,0.0,0,0,0,0,88,4,0,6.81,0,0,0,0,0,0,0,0,247.0,0.0,0,4,4,2,5,14,58.33,0,8,4,50.0,7,3,24,28,32,50.0,14,69,30,99,74.9,8,0,234,6,0,0,Jayden Fevrier,Charlton Athletic,1014467,47
7,1,14.29,90,6,46.15,143,79,222,71.38,42,35.59,76,23,3,0,0,0,50,4,13,23,1,31,23,0,0,18,3,127,0,0,1.93,9.26,12,0,12.07,0,7,10,32,28,4,6,1,,51,50.0,2,0,0,89,6,21,0,23,1953,11,5,0,0,1,0,100.0,0,1,0,1,194,13,0,6.81,0,4,0,0,0,0,0,0,279.0,0.0,0,42,16,17,18,24,57.14,0,8,5,62.5,21,11,42,7,93,42.27,13,219,92,311,156.6,58,1,621,20,0,0,Josh Sargent,Norwich City,880796,263
13,15,18.07,148,19,67.86,242,127,369,74.85,3,12.5,21,25,1,0,0,0,99,3,7,14,2,7,25,0,0,39,14,179,0,0,2.56,3.65,18,0,9.09,0,4,5,25,23,2,4,0,,120,43.17,0,0,1,124,15,30,2,21,1638,2,1,0,0,0,0,0.0,0,0,0,0,403,13,0,6.81,0,2,0,0,0,0,0,0,409.5,0.0,0,33,11,13,17,53,37.86,0,42,27,64.29,30,28,140,83,123,40.73,28,339,154,493,170.2,44,0,1080,25,1,0,Othmane Maamma,Watford,1515917,24
29,22,21.15,204,59,41.26,422,543,965,84.95,26,50.0,26,25,3,0,0,0,75,3,0,3,6,56,25,0,0,1,5,48,1,0,2.14,0.55,6,0,0.0,7,0,3,18,15,3,0,0,,37,62.71,0,0,0,171,21,19,0,22,2001,2,7,0,0,0,0,0.0,0,0,0,0,325,3,0,6.81,0,0,0,0,0,0,0,0,0.0,0.0,4,5,8,7,3,2,16.67,0,24,15,62.5,19,75,12,104,63,56.76,143,549,587,1136,170.2,13,0,1639,11,2,0,Aaron Cresswell,Stoke City,43443,29
14,4,23.53,112,23,50.0,172,80,252,71.19,32,42.11,44,29,2,0,0,0,54,3,4,10,0,28,29,0,0,19,9,98,0,0,1.86,4.45,15,0,21.88,0,7,9,16,14,2,7,0,,46,46.0,2,0,0,102,6,16,1,19,1468,1,1,0,0,1,0,100.0,0,1,0,0,188,10,0,6.81,0,4,0,0,0,0,0,0,209.71,0.0,2,22,10,13,9,18,62.07,0,8,6,75.0,16,27,29,17,78,44.32,46,247,107,354,197.4,32,0,611,20,1,0,Rhian Brewster,Derby County,878705,27
46,19,27.54,236,60,46.15,426,452,878,79.1,33,44.59,41,45,2,0,0,0,179,6,1,17,8,77,45,0,0,22,30,143,0,2,3.03,2.08,29,0,6.9,0,2,4,49,43,6,1,1,,133,56.6,1,0,0,232,40,36,0,38,3427,2,18,0,0,0,0,0.0,0,0,0,0,381,12,0,6.81,0,1,0,0,0,0,0,0,1713.5,0.0,0,17,12,4,8,28,56.0,0,71,35,49.3,36,86,50,69,166,53.72,130,591,519,1110,306.3,29,0,1697,34,7,0,Regan Slater,Hull City,864474,96
9,8,26.67,71,9,52.94,114,52,166,75.8,9,39.13,14,17,1,0,0,0,33,1,4,10,1,3,17,0,0,12,7,65,0,0,1.01,3.22,15,0,7.69,0,2,3,8,8,0,2,0,,54,51.43,0,0,1,53,3,13,2,8,757,5,1,0,0,0,0,0.0,0,0,0,0,140,4,0,6.81,0,0,0,0,0,0,0,0,378.5,0.0,0,19,7,7,9,19,50.0,0,21,14,66.67,13,19,38,30,63,49.22,17,155,64,219,115.7,26,0,439,15,2,0,Romain Esse,Coventry City,1438837,11
49,8,26.67,350,64,49.23,740,755,1495,86.42,42,47.73,46,38,2,0,0,0,191,4,2,9,12,42,38,0,0,28,24,158,1,1,3.51,2.92,41,0,6.67,0,2,4,36,30,6,2,0,,90,44.55,0,0,1,235,24,32,0,31,2901,3,5,0,0,0,0,0.0,0,0,0,1,371,17,0,6.81,1,2,0,0,0,0,0,0,1450.5,0.0,0,17,13,10,11,13,39.39,0,35,24,68.57,32,86,33,30,132,45.52,130,923,807,1730,258.6,30,0,2181,44,4,1,Jayson Molumby,West Bromwich Albion,856718,8
31,0,0.0,39,121,28.27,89,244,333,51.87,7,100.0,0,21,0,0,0,0,196,0,0,0,9,19,21,2,0,0,1,1,1,3,0.06,,0,0,0.0,118,0,0,18,16,2,0,0,0.19,3,75.0,0,15,0,309,0,0,0,21,1866,0,0,0,0,0,0,0.0,0,0,0,0,317,0,12,6.8,0,0,16,25,14,39,1,4,0.0,0.0,0,0,0,0,0,0,0.0,16,1,0,0.0,0,66,0,0,10,90.91,428,368,274,642,142.9,0,1,825,2,0,0,Max O'Leary,West Bromwich Albion,360388,8
17,42,29.58,200,25,47.17,339,172,511,76.96,48,42.11,66,44,2,0,0,0,95,10,3,20,1,45,44,0,0,33,16,176,0,1,5.95,3.45,31,0,3.7,0,2,4,38,33,5,1,1,,125,53.19,0,0,0,153,20,54,0,31,2458,7,5,0,0,0,1,0.0,0,0,0,2,401,14,0,6.8,0,2,0,0,0,0,0,0,1229.0,0.0,2,26,28,20,14,26,44.07,0,48,35,72.92,54,36,59,142,173,49.57,53,450,214,664,299.4,54,0,1306,51,3,0,Ji-sung Eom,Swansea City,1002508,74
50,31,22.96,377,68,36.17,751,753,1504,82.28,68,59.13,47,45,3,0,0,0,172,8,0,13,12,110,45,0,0,32,35,170,0,1,3.98,1.46,42,0,0.0,0,0,3,50,39,11,0,0,,149,54.78,0,0,1,324,53,38,0,41,3671,2,6,0,0,0,0,0.0,0,0,0,0,604,4,0,6.8,0,0,0,0,0,0,0,0,0.0,0.0,1,8,23,11,7,16,51.61,0,91,62,68.13,38,114,31,135,217,56.07,188,970,858,1828,306.2,31,1,2808,43,12,0,Callum Styles,West Bromwich Albion,839940,8
27,16,25.81,140,26,63.41,231,97,328,78.47,11,31.43,24,28,0,0,0,0,63,2,2,13,0,10,28,0,0,31,18,102,0,0,2.61,1.97,14,0,2.38,0,1,1,24,19,5,1,0,,69,46.94,0,0,2,90,6,24,1,17,1533,3,1,0,2,0,0,0.0,0,0,0,0,232,8,0,6.8,0,0,0,0,0,0,0,0,1533.0,0.0,2,25,17,19,10,19,54.29,0,21,16,76.19,22,46,35,62,80,43.96,41,305,113,418,190.5,42,1,750,29,3,0,Karamoko Dembélé,Queens Park Rangers,981046,1
52,30,25.64,239,98,50.26,514,429,943,82.94,8,33.33,16,38,3,0,0,0,120,3,1,6,1,28,38,0,1,9,10,59,0,3,3.28,1.38,20,0,0.0,0,0,3,26,20,6,0,0,,57,57.0,0,0,1,194,26,41,0,19,1925,0,8,0,1,0,0,0.0,0,0,0,0,323,10,0,6.8,1,0,0,0,0,0,0,0,0.0,0.0,6,2,23,13,6,8,66.67,0,34,16,47.06,40,108,12,117,65,52.42,195,663,474,1137,258.5,25,0,1515,15,1,0,Tommy Doyle,Birmingham City,932628,9
27,0,0.0,145,25,36.76,350,384,734,87.49,8,28.57,20,18,0,0,0,0,73,0,0,4,3,20,18,0,0,10,7,58,1,0,0.77,0.36,19,0,9.09,0,1,1,18,18,0,0,1,,34,47.22,0,0,0,105,13,5,0,13,1173,0,5,0,0,0,0,0.0,0,0,0,0,135,3,0,6.8,0,1,0,0,0,0,0,0,1173.0,0.0,0,1,10,3,4,2,50.0,0,22,14,63.64,5,58,4,1,42,42.0,68,426,413,839,122.4,11,1,980,10,6,0,Sam Morsy,Bristol City,108515,58
0,6,37.5,36,1,33.33,52,26,78,77.23,1,10.0,9,14,2,0,0,0,17,1,0,3,0,3,13,0,0,10,2,31,0,0,1.23,0.62,2,0,0.0,0,0,2,2,2,0,0,0,,20,47.62,0,0,0,23,4,8,0,2,342,1,1,0,0,0,0,0.0,0,0,0,0,66,3,0,6.8,0,0,0,0,0,0,0,0,0.0,0.0,0,8,1,4,2,4,33.33,0,4,3,75.0,8,2,12,16,21,40.38,3,74,27,101,88.4,9,0,202,12,0,0,Samuel Edozie,Southampton,1065214,45
0,0,0.0,4,0,0.0,6,2,8,80.0,0,0.0,0,2,1,0,0,0,2,0,0,0,0,2,1,0,0,2,0,5,0,0,0.06,,2,0,0.0,0,0,1,1,1,0,0,0,,2,28.57,0,0,0,2,0,3,0,0,35,0,0,0,0,0,0,0.0,0,0,0,0,6,0,0,6.8,0,0,0,0,0,0,0,0,0.0,0.0,0,0,0,0,0,0,0.0,0,1,1,100.0,3,1,2,0,2,28.57,1,8,2,10,6.8,0,0,19,1,0,0,Raphael Rodrigues,Coventry City,995962,11
0,0,0.0,2,0,0.0,2,2,4,80.0,1,100.0,0,1,1,0,0,0,0,0,0,1,0,0,1,0,0,0,0,0,0,0,0.07,0.03,0,0,0.0,0,0,1,1,1,0,0,0,,0,0.0,0,0,0,1,0,1,0,0,12,0,0,0,0,0,0,0.0,0,0,0,0,1,0,0,6.8,0,0,0,0,0,0,0,0,0.0,0.0,0,1,0,0,0,0,0.0,0,0,0,0.0,1,0,0,0,1,100.0,0,3,2,5,6.8,1,0,7,0,0,0,Thomas Woodward,Swansea City,1631334,74
1,0,0.0,2,0,0.0,2,0,2,66.67,0,0.0,1,1,0,0,0,0,0,0,0,0,0,0,1,0,0,0,0,1,0,0,0.0,,0,0,0.0,0,0,0,0,0,0,0,0,,1,100.0,0,0,0,1,0,0,0,0,17,0,0,0,0,0,0,0.0,0,0,0,0,2,0,0,6.8,0,0,0,0,0,0,0,0,0.0,0.0,0,0,0,0,0,0,0.0,0,0,0,0.0,0,1,0,0,1,50.0,1,2,1,3,6.8,0,0,5,1,0,0,Jacob Farrell,Portsmouth,1154000,2
0,0,0.0,1,0,0.0,3,0,3,100.0,1,100.0,0,1,0,0,0,0,0,0,0,0,0,1,1,0,0,0,0,0,0,0,0.0,,0,0,0.0,0,0,0,0,0,0,0,0,,1,100.0,0,0,0,0,0,0,0,0,9,0,0,0,0,0,0,0.0,0,0,0,0,0,0,0,6.8,0,0,0,0,0,0,0,0,0.0,0.0,0,0,0,0,0,0,0.0,0,1,1,100.0,0,0,0,0,2,100.0,0,3,0,3,6.8,0,0,5,0,0,0,Alex Williams,West Bromwich Albion,1156443,8
2,0,0.0,3,21,27.63,13,48,61,52.59,1,100.0,0,3,0,0,0,0,27,0,0,0,0,3,3,0,0,0,0,0,0,0,0.0,,0,0,0.0,27,0,0,7,6,1,0,0,-0.96,2,100.0,0,2,0,55,0,0,0,3,270,0,0,0,0,0,0,0.0,0,0,0,0,56,0,2,6.8,0,0,0,8,1,9,0,0,0.0,0.0,0,0,0,0,0,0,0.0,0,0,0,0.0,0,11,0,0,3,100.0,76,66,50,116,20.4,0,0,147,2,0,0,Seny Dieng,Sheffield Wednesday,298226,12
0,1,100.0,1,0,0.0,3,1,4,66.67,0,0.0,0,3,0,0,0,0,0,0,0,0,0,0,1,0,0,0,0,1,0,0,0.21,,1,0,0.0,0,0,0,0,0,0,0,0,,1,50.0,0,0,0,2,0,1,0,0,15,0,0,0,0,0,0,0.0,0,0,0,0,2,0,0,6.8,0,0,0,0,0,0,0,0,0.0,0.0,0,0,0,0,0,1,100.0,0,0,0,0.0,1,1,1,1,1,50.0,0,5,1,6,6.8,0,0,8,0,0,0,Cruz Allen,Derby County,1566206,27
8,1,100.0,21,13,31.71,71,191,262,77.51,44,60.27,29,12,0,0,0,0,28,0,1,2,2,66,12,0,0,0,2,37,0,0,0.14,0.58,7,0,0.0,13,0,0,12,8,4,0,0,,15,65.22,0,0,0,76,13,2,0,9,808,1,7,0,0,0,0,0.0,0,0,0,0,80,0,0,6.8,0,0,0,0,0,0,0,0,0.0,0.0,0,7,0,2,3,1,100.0,0,8,4,50.0,2,14,1,1,59,61.46,41,124,214,338,81.6,7,0,473,6,2,0,Scott Wharton,Blackburn Rovers,845723,46
0,0,0.0,1,1,50.0,1,1,2,50.0,1,50.0,1,1,0,0,0,0,1,0,0,0,0,4,1,0,0,0,0,1,0,0,0.0,0.19,0,0,0.0,0,0,0,0,0,0,0,0,,1,100.0,0,0,0,2,1,0,0,0,30,0,0,0,0,0,0,0.0,0,0,0,0,4,0,0,6.8,0,0,0,0,0,0,0,0,0.0,0.0,0,1,0,1,0,0,0.0,0,0,0,0.0,0,0,0,0,2,66.67,2,3,1,4,6.8,1,0,13,1,0,0,George McCormick,Middlesbrough,1637690,36
3,0,0.0,3,6,28.57,21,89,110,77.46,10,66.67,5,7,0,0,0,0,23,0,0,1,0,44,5,0,0,1,2,13,0,1,0.01,0.17,5,0,0.0,2,0,0,5,4,1,0,0,,11,57.89,0,0,0,32,9,0,0,5,393,0,5,0,0,0,0,0.0,0,0,0,0,38,1,0,6.8,0,0,0,0,0,0,0,0,0.0,0.0,0,3,0,2,0,1,100.0,0,7,4,57.14,0,9,1,1,21,61.76,21,42,100,142,34.0,3,0,227,3,2,0,Madiodio Dia,Portsmouth,1528049,2
0,0,0.0,23,0,0.0,38,20,58,79.45,7,53.85,6,2,0,0,0,0,4,1,0,3,0,7,2,0,0,2,0,9,0,0,0.64,0.12,1,0,0.0,0,0,0,2,1,1,0,0,,6,66.67,0,0,0,15,1,3,0,2,155,0,1,0,0,0,0,0.0,0,0,0,0,24,0,0,6.8,0,0,0,0,0,0,0,0,0.0,0.0,0,2,1,0,0,0,0.0,0,1,1,100.0,3,1,0,1,13,59.09,3,49,24,73,13.6,3,0,121,5,0,0,James Justin,Leicester City,827681,31
24,0,0.0,32,88,32.47,68,130,198,51.83,3,75.0,1,10,0,0,0,0,92,0,0,0,2,4,9,0,0,0,0,1,0,1,0.12,0.08,0,0,0.0,72,0,0,15,12,3,0,0,-0.34,2,100.0,0,6,0,184,0,0,0,10,814,0,0,0,0,0,0,0.0,1,0,1,0,186,0,1,6.8,0,0,5,19,6,25,1,7,0.0,0.0,0,1,0,1,0,0,0.0,5,0,0,0.0,0,45,0,0,5,83.33,271,231,151,382,61.2,1,0,469,3,1,0,Josef Bursik,Portsmouth,877996,2
15,10,30.3,88,18,50.0,158,96,254,83.55,6,50.0,6,13,0,0,0,0,29,1,0,2,0,15,13,0,0,3,0,13,0,0,1.54,0.07,1,0,0.0,0,0,0,8,7,1,0,0,,12,63.16,0,0,0,50,2,10,0,3,427,0,0,0,0,0,0,0.0,0,0,0,0,90,1,0,6.8,0,0,0,0,0,0,0,0,0.0,0.0,0,1,1,0,0,0,0.0,0,9,6,66.67,10,26,4,33,18,58.06,36,193,111,304,88.4,2,0,443,4,0,0,Ashley Young,Ipswich Town,10589,32
27,15,20.83,227,40,50.63,417,305,722,83.28,14,33.33,28,29,2,0,0,0,119,2,2,7,1,23,28,0,0,19,13,85,2,0,2.08,2.43,16,0,10.34,0,3,5,29,22,7,2,1,,48,45.71,0,0,1,145,10,24,1,22,1659,0,5,0,0,0,0,0.0,0,0,0,0,271,10,0,6.8,0,2,0,0,0,0,0,0,553.0,0.0,7,10,19,11,11,8,44.44,0,26,16,61.54,24,55,18,72,62,42.18,79,529,338,867,190.3,29,0,1184,15,9,0,John Swift,Portsmouth,190863,2
1,0,0.0,27,0,0.0,44,10,54,49.54,44,55.7,35,19,0,0,0,0,13,2,0,4,0,14,19,0,0,5,2,67,0,0,0.74,1.58,18,0,20.0,0,2,2,17,15,2,2,0,,27,45.76,0,0,0,55,1,10,0,4,665,6,3,0,0,0,0,0.0,0,0,0,0,95,4,0,6.79,0,2,0,0,0,0,0,0,332.5,0.0,0,10,0,2,4,3,30.0,0,14,8,57.14,10,3,10,2,71,51.45,1,95,14,109,129.1,10,0,220,10,0,0,Sam Gallagher,Stoke City,362704,29
16,19,17.43,174,19,42.22,341,184,525,81.27,9,28.13,23,37,5,0,0,0,92,9,5,27,1,25,37,0,0,39,15,143,0,1,4.82,5.01,22,0,7.46,0,5,10,34,30,4,4,1,,102,45.95,0,0,4,121,9,30,0,27,2294,6,3,0,0,0,0,0.0,0,0,0,0,366,12,0,6.79,0,5,0,0,0,0,0,0,458.8,0.0,6,33,34,20,20,26,36.62,0,36,25,69.44,30,32,71,109,111,43.7,45,432,214,646,251.3,67,0,1201,41,5,0,Demarai Gray,Birmingham City,355152,9
20,24,18.75,174,28,24.14,247,76,323,54.93,47,47.47,52,43,4,0,0,0,117,9,3,18,2,46,43,0,0,28,39,190,0,1,4.47,4.0,42,0,5.08,1,3,7,35,27,8,3,0,,119,46.3,1,0,1,265,13,35,1,29,2524,6,3,0,0,0,0,0.0,0,0,0,0,531,18,0,6.79,0,1,0,0,0,0,0,0,841.33,0.0,0,31,28,21,20,36,54.55,0,54,39,72.22,35,56,66,128,166,46.63,116,450,138,588,292.0,59,2,1261,29,6,0,Stanley Mills,Oxford United,1119657,95
29,25,18.8,305,45,28.48,567,451,1018,78.55,54,69.23,24,37,3,0,0,0,103,7,5,12,6,154,36,0,0,19,10,92,0,2,4.49,1.97,15,0,5.71,0,2,5,42,32,10,2,0,,62,47.69,0,0,2,278,45,29,2,31,2905,4,8,0,0,0,0,0.0,0,0,0,1,500,5,0,6.79,0,0,0,0,0,0,0,0,1452.5,0.0,0,20,15,15,8,11,30.56,0,32,19,59.38,29,74,36,133,116,55.77,158,748,548,1296,244.4,35,0,2196,20,2,0,Marc Bola,Watford,862083,24
10,0,0.0,23,22,50.0,94,163,257,88.01,12,60.0,8,10,0,0,0,0,28,0,0,0,0,36,9,0,0,0,5,15,0,0,0.15,0.17,3,0,0.0,5,0,0,10,10,0,0,0,,12,63.16,0,0,0,35,8,0,0,7,653,0,6,0,0,0,0,0.0,0,0,0,0,36,0,0,6.79,0,0,0,0,0,0,0,0,0.0,0.0,0,3,0,3,0,1,100.0,0,6,4,66.67,0,16,1,0,24,61.54,44,113,179,292,61.1,3,0,372,5,0,0,Ben Davies,Oxford United,309218,95
50,42,22.7,380,80,32.0,698,487,1185,76.95,33,44.59,41,44,4,0,0,1,160,8,2,13,3,112,43,0,0,17,24,115,2,2,6.18,3.39,17,0,13.16,0,5,9,50,40,10,5,0,,111,60.0,0,0,1,355,28,50,3,30,2966,3,6,0,0,1,0,0.0,0,0,0,0,632,6,0,6.79,0,2,0,0,0,0,0,0,593.2,0.0,1,18,20,14,11,18,50.0,0,54,24,44.44,50,149,36,185,144,55.6,250,978,562,1540,291.9,38,1,2471,40,3,0,Harrison Burrows,Sheffield United,897565,15
21,0,0.0,67,41,42.71,283,506,789,85.85,103,67.32,50,25,0,0,0,0,39,0,1,5,3,173,25,0,0,4,3,69,0,0,0.3,1.62,14,0,4.35,1,1,1,32,25,7,1,0,,26,57.78,1,0,0,130,20,2,0,21,1816,3,10,0,0,0,1,0.0,0,0,0,0,149,0,0,6.79,0,0,0,0,0,0,0,0,1816.0,0.0,0,22,1,9,9,4,100.0,0,13,7,53.85,2,50,4,2,129,65.15,96,383,536,919,169.7,23,0,1248,12,4,0,Mark McGuinness,Sheffield United,988343,15
25,15,26.79,214,30,29.41,359,229,588,73.04,24,44.44,30,38,1,0,0,0,121,4,1,10,2,45,38,0,0,11,22,100,0,0,2.77,1.34,18,0,19.05,1,4,5,31,29,2,3,1,,80,53.33,1,0,0,217,14,24,0,25,2143,5,3,0,1,0,0,0.0,0,0,0,0,342,10,0,6.79,0,3,0,0,0,0,0,0,535.75,0.0,0,12,9,5,6,14,42.42,0,39,20,51.28,23,63,33,56,104,50.98,102,514,291,805,257.9,21,1,1230,28,2,0,Mark Sykes,Bristol City,560196,58
17,1,12.5,249,32,42.11,580,635,1215,88.62,41,50.0,41,38,0,0,0,0,115,1,4,3,3,51,38,0,0,13,15,134,0,0,1.32,3.04,58,0,23.08,0,3,3,33,28,5,3,0,,87,48.33,0,0,0,156,43,14,0,33,2752,2,16,0,0,0,0,0.0,0,0,0,0,214,5,0,6.79,0,3,0,0,0,0,0,0,917.33,0.0,0,10,3,5,5,4,30.77,0,57,40,70.18,14,34,13,8,128,48.85,76,682,689,1371,257.9,13,0,1728,26,13,0,Flynn Downes,Southampton,879810,45
15,12,16.22,265,14,36.84,446,178,624,77.13,33,28.95,81,45,5,0,0,0,121,4,3,17,4,38,45,0,0,27,23,217,0,2,2.6,3.99,30,0,7.69,0,4,9,42,35,7,4,0,,181,57.1,0,0,2,185,28,33,0,35,3116,20,2,0,0,0,0,0.0,0,0,0,0,451,22,0,6.79,0,4,0,0,0,0,0,0,779.0,0.0,0,37,15,19,16,32,35.16,0,59,35,59.32,33,30,91,74,214,49.65,38,587,222,809,305.4,52,0,1561,90,4,0,Ronald,Swansea City,1123234,74
11,0,0.0,74,14,60.87,161,216,377,84.91,12,46.15,14,23,1,0,0,0,62,0,0,3,4,22,21,0,0,6,8,45,0,0,0.23,0.46,13,0,9.09,0,1,2,14,12,2,0,1,,46,59.74,0,0,0,67,20,4,1,13,1190,0,0,0,0,0,0,0.0,0,0,0,0,94,2,0,6.79,0,0,0,0,0,0,0,0,1190.0,0.0,0,0,11,5,3,5,55.56,0,30,13,43.33,4,22,9,4,58,56.31,23,207,237,444,142.5,11,1,602,11,2,0,Derek Mazou-Sacko,Millwall,1798845,25
64,19,24.05,266,110,42.15,527,574,1101,78.36,38,50.67,37,40,1,0,0,0,158,3,1,3,9,71,40,0,0,17,18,135,0,2,1.96,1.18,55,0,0.0,0,0,1,45,35,10,0,0,,85,46.45,0,0,0,304,39,16,0,33,2933,1,18,0,0,0,0,0.0,0,0,0,0,428,6,0,6.79,0,0,0,0,0,0,0,0,0.0,0.0,0,6,5,7,1,8,50.0,0,65,39,60.0,16,132,16,79,123,47.67,261,773,632,1405,271.4,11,0,1871,12,7,0,Conor Coventry,Charlton Athletic,931257,47
3,11,22.0,33,1,8.33,52,34,86,70.49,3,37.5,5,13,0,0,0,0,27,4,0,4,2,5,13,0,0,11,7,38,0,0,1.84,0.5,3,0,8.33,0,1,1,8,8,0,1,0,,26,44.07,0,0,0,36,1,12,1,8,603,0,0,0,0,0,0,0.0,0,0,0,0,105,3,0,6.78,0,0,0,0,0,0,0,0,603.0,0.0,0,10,2,3,5,4,25.0,0,16,8,50.0,12,7,16,50,29,43.28,12,77,45,122,88.2,12,0,278,6,1,0,Robert Apter,Charlton Athletic,1089677,47
7,2,25.0,77,9,52.94,119,70,189,78.1,5,17.24,24,16,2,0,0,0,28,2,4,4,0,3,16,0,0,5,2,44,0,0,1.78,2.26,10,0,5.26,0,1,3,10,10,0,1,0,,29,59.18,0,0,0,53,6,9,0,7,648,1,2,0,0,0,0,0.0,0,0,0,0,94,3,0,6.78,0,1,0,0,0,0,0,0,648.0,0.0,1,16,3,8,7,2,33.33,0,14,8,57.14,9,20,6,8,34,43.59,17,161,81,242,108.5,19,0,374,13,0,0,Emiliano Marcondes,Norwich City,186809,263
10,10,22.73,52,20,44.44,99,118,217,77.78,10,50.0,10,16,2,0,0,0,47,1,3,2,2,33,16,0,0,6,7,45,0,1,0.76,0.9,16,0,0.0,0,0,2,18,15,3,0,0,,42,54.55,0,0,0,62,13,8,0,10,932,3,4,0,0,0,0,0.0,0,0,0,0,143,2,0,6.78,0,0,0,0,0,0,0,0,0.0,0.0,0,9,2,6,3,5,45.45,0,30,21,70.0,8,17,11,44,52,53.61,45,144,135,279,108.5,11,0,552,7,2,0,James McClean,Wrexham,41631,64
25,3,37.5,62,34,32.08,191,278,469,78.3,63,68.48,29,15,1,0,0,0,40,1,0,1,4,109,15,0,0,3,2,39,0,2,0.7,0.57,5,0,0.0,2,0,1,18,14,4,0,0,,14,58.33,0,0,0,130,14,3,0,14,1254,0,6,0,0,0,0,0.0,0,0,0,0,150,1,0,6.78,0,0,0,0,0,0,0,0,0.0,0.0,0,5,1,5,0,0,0.0,0,8,5,62.5,3,69,1,8,77,66.38,106,290,309,599,101.7,6,0,804,6,2,0,Ben Mee,Sheffield United,137774,15
0,0,0.0,68,5,62.5,105,29,134,65.37,15,21.13,56,28,1,0,0,0,27,2,8,4,2,13,28,0,1,16,5,105,0,1,0.72,8.29,16,0,27.59,0,8,9,25,21,4,7,1,,49,50.0,2,0,1,71,3,8,1,20,1780,21,4,0,0,1,0,100.0,0,1,0,1,168,6,0,6.78,1,5,0,0,0,0,0,0,222.5,0.0,0,24,5,6,19,8,36.36,0,10,7,70.0,8,4,22,4,64,37.87,8,160,45,205,189.8,29,0,437,31,3,0,Milutin Osmajić,Preston North End,928047,21
0,1,33.33,41,4,57.14,64,31,95,80.51,4,30.77,9,14,0,0,0,0,21,1,1,5,0,1,14,0,0,8,4,45,0,0,0.97,1.84,9,0,17.65,0,3,3,6,6,0,2,1,,23,38.98,0,0,0,23,5,5,1,5,571,0,1,0,0,0,0,0.0,0,0,0,0,77,1,0,6.78,0,2,0,0,0,0,0,0,190.33,0.0,0,11,6,5,7,9,37.5,0,5,5,100.0,5,5,24,3,27,37.5,7,79,39,118,94.9,17,1,239,9,1,0,Jaydon Banel,Derby County,1142573,27
45,5,15.15,346,55,62.5,672,531,1203,83.48,51,39.53,78,41,3,0,0,0,116,7,6,15,7,58,41,0,0,23,21,170,0,3,3.67,5.79,25,0,10.0,0,4,7,35,29,6,4,0,,110,54.46,1,0,0,238,32,22,2,27,2645,1,9,0,1,0,0,0.0,0,0,0,0,374,11,0,6.78,0,1,0,0,0,0,0,0,661.25,0.0,1,33,7,14,11,23,48.94,0,42,24,57.14,21,77,47,33,161,48.64,88,853,588,1441,277.9,40,1,1964,45,2,0,Alan Browne,Middlesbrough,247459,36
8,6,30.0,456,14,31.11,690,239,929,79.0,27,30.34,62,45,7,0,0,0,169,7,9,22,6,30,45,0,0,41,31,207,0,0,6.25,10.06,29,0,12.68,0,9,16,58,49,9,7,2,,144,49.83,1,0,1,247,22,59,3,41,3468,1,1,0,0,0,0,0.0,0,0,0,0,459,37,0,6.78,0,5,0,0,0,0,0,0,385.33,0.0,0,56,15,26,23,19,29.23,0,65,37,56.92,59,28,65,20,171,45.24,45,904,272,1176,305.0,71,1,1813,60,2,0,Callum O'Hare,Sheffield United,875085,15
66,1,25.0,109,151,41.71,456,1167,1623,81.6,130,61.03,83,44,0,0,0,0,134,0,1,3,12,343,44,0,0,1,20,143,2,2,0.3,1.39,39,0,0.0,0,0,0,58,45,13,0,0,,77,56.2,0,0,1,366,49,3,0,44,3950,4,28,0,0,0,0,0.0,0,0,0,0,427,2,0,6.78,0,0,0,0,0,0,0,0,0.0,0.0,0,14,0,9,2,6,85.71,0,41,27,65.85,3,156,7,4,207,59.14,362,718,1271,1989,298.2,14,0,2693,34,4,0,Dominic Hyam,Wrexham,802719,64
1,1,33.33,22,2,40.0,32,6,38,62.3,6,35.29,11,13,1,0,0,0,14,2,0,1,0,4,13,0,0,4,1,26,0,0,0.28,1.75,2,0,55.56,0,5,6,9,9,0,5,0,,11,42.31,1,0,0,23,3,4,1,3,357,3,0,0,0,0,0,0.0,0,0,0,0,59,5,0,6.78,0,3,0,0,0,0,0,0,71.4,0.0,0,6,3,0,8,3,27.27,0,7,5,71.43,4,4,11,3,17,39.53,5,52,9,61,88.1,9,0,140,1,0,0,Sam Bell,Bristol City,1093053,58
31,0,0.0,131,47,52.22,351,399,750,86.01,47,61.84,29,25,1,0,0,0,73,1,1,1,4,50,25,0,0,9,8,86,1,1,0.63,0.57,32,0,0.0,0,0,1,22,16,6,0,0,,65,53.28,0,0,0,122,30,7,0,22,1927,0,5,0,0,0,0,0.0,0,0,0,0,176,2,0,6.78,0,0,0,0,0,0,0,0,0.0,0.0,0,5,1,3,2,6,40.0,0,27,15,55.56,7,60,15,0,112,56.57,90,436,436,872,169.4,6,0,1154,32,8,0,Hector Kyprianou,Watford,987346,24
3,2,11.76,43,6,30.0,87,84,171,75.0,21,48.84,22,16,2,0,0,0,37,1,2,2,0,16,16,0,0,7,11,49,0,0,1.22,1.5,6,0,13.33,0,2,4,13,12,1,2,0,,24,47.06,0,0,0,57,6,9,0,9,750,2,4,0,0,0,0,0.0,0,0,0,0,100,2,0,6.78,0,2,0,0,0,0,0,0,375.0,0.0,0,12,3,5,8,1,25.0,0,14,14,100.0,9,14,4,17,45,47.87,20,125,103,228,108.4,15,1,386,9,1,0,Brad Potts,Preston North End,252999,21
1,2,28.57,22,2,18.18,31,55,86,81.13,3,100.0,0,4,0,0,0,0,11,0,0,0,0,16,4,0,0,3,2,11,0,1,0.18,0.06,2,0,0.0,0,0,0,2,2,0,0,0,,10,47.62,0,0,0,20,5,2,0,4,261,0,0,0,0,0,0,0.0,0,0,0,0,39,0,0,6.78,0,0,0,0,0,0,0,0,0.0,0.0,0,1,1,1,1,1,20.0,0,8,6,75.0,2,4,5,7,13,54.17,11,44,62,106,27.1,2,0,185,1,0,0,Samuel Parker,Swansea City,1590568,74
9,0,0.0,18,31,35.23,101,371,472,80.96,67,66.34,34,20,1,0,0,0,24,0,0,1,7,120,19,0,0,0,9,51,0,1,0.07,0.36,8,0,0.0,2,0,1,15,13,2,0,0,,7,29.17,0,0,0,111,14,1,0,15,1360,0,17,0,0,0,0,0.0,0,0,0,0,118,0,0,6.77,0,0,0,0,0,0,0,0,0.0,0.0,0,4,0,3,0,0,0.0,0,2,2,100.0,1,29,0,0,74,59.2,88,172,411,583,128.7,4,0,781,5,4,0,Dan Scarr,Wrexham,824751,64
37,9,15.79,170,53,37.06,353,374,727,75.73,23,41.07,33,37,2,0,0,0,125,3,0,7,3,47,37,0,0,11,27,94,0,2,2.33,0.43,20,0,0.0,0,0,2,28,22,6,0,0,,89,59.33,0,0,0,233,20,22,0,26,2153,0,10,0,0,0,0,0.0,0,0,0,0,316,8,0,6.77,0,0,0,0,0,0,0,0,0.0,0.0,0,4,8,5,0,10,71.43,0,52,26,50.0,22,94,14,57,112,54.37,143,532,428,960,250.6,12,0,1312,27,1,0,Amir Hadžiahmetović,Hull City,795421,96
11,3,12.5,129,7,29.17,208,111,319,78.38,21,42.86,28,22,1,0,0,0,41,4,1,6,0,16,22,0,0,12,9,81,0,0,1.11,2.88,18,0,22.22,0,4,5,8,7,1,4,0,,49,48.04,1,0,1,88,5,10,2,12,1120,0,3,0,1,0,0,0.0,0,0,0,0,179,5,0,6.77,0,1,0,0,0,0,0,0,280.0,0.0,0,12,6,7,5,7,33.33,0,18,16,88.89,9,25,21,24,70,46.36,24,274,133,407,149.0,18,1,638,24,1,0,Kuryu Matsuki,Southampton,1154637,45
35,1,100.0,78,70,39.55,362,1140,1502,85.54,130,67.01,64,40,1,0,0,0,68,2,5,1,11,252,40,0,0,0,2,94,0,2,0.81,1.91,26,0,0.0,0,0,1,46,37,9,0,0,,25,45.45,0,0,0,254,32,6,0,36,3342,12,33,0,0,0,1,0.0,0,0,0,0,288,1,0,6.77,1,0,0,0,0,0,0,0,0.0,0.0,0,16,0,10,5,0,0.0,0,19,12,63.16,6,99,4,1,155,62.25,177,534,1222,1756,270.9,16,1,2226,7,5,1,Ashley Phillips,Stoke City,1134744,29
15,5,22.73,127,20,25.97,248,200,448,74.42,24,36.92,41,21,1,0,0,0,48,3,0,2,4,37,21,0,0,14,13,84,0,0,1.38,0.17,11,0,14.29,0,1,2,10,8,2,1,0,,55,56.12,0,0,0,154,9,7,0,15,1295,2,6,0,0,0,0,0.0,0,0,0,0,239,0,0,6.77,0,1,0,0,0,0,0,0,1295.0,0.0,0,3,4,4,1,11,64.71,0,31,22,70.97,7,41,17,22,79,48.47,77,351,251,602,142.2,7,1,1014,13,4,0,Ben Chrisene,Norwich City,992045,263
21,4,28.57,124,24,36.36,345,389,734,84.66,24,61.54,15,30,0,0,0,0,47,3,0,3,1,57,28,0,0,9,8,51,0,3,1.0,0.6,16,0,0.0,0,0,0,23,23,0,0,0,,67,65.05,0,0,0,133,28,14,0,17,1516,0,13,0,0,0,0,0.0,0,0,0,0,189,1,0,6.77,0,0,0,0,0,0,0,0,0.0,0.0,0,7,4,8,0,4,50.0,0,50,28,56.0,14,53,8,14,91,64.08,66,443,424,867,189.6,11,0,1245,13,7,0,Hamza Choudhury,Leicester City,833057,31
33,1,100.0,83,71,49.65,338,783,1121,87.65,71,66.98,35,25,0,0,0,0,74,1,0,1,3,163,24,0,0,2,7,63,1,2,0.45,0.66,18,0,20.0,17,1,1,39,32,7,1,0,,38,57.58,1,0,0,158,25,6,0,21,1942,1,11,0,0,0,0,0.0,0,0,0,0,188,1,0,6.77,0,0,0,0,0,0,0,0,1942.0,0.0,0,5,0,2,2,4,80.0,0,26,17,65.38,6,79,5,1,109,63.37,143,445,834,1279,162.5,5,0,1616,9,6,0,Chris Mepham,West Bromwich Albion,865740,8
62,3,16.67,186,77,36.49,453,624,1077,76.44,50,56.18,39,35,0,0,0,0,134,3,2,7,11,108,34,0,0,5,20,97,1,3,1.17,1.24,25,0,0.0,13,0,0,35,30,5,0,0,,61,51.26,0,0,0,332,24,12,0,32,2731,1,17,0,1,0,0,0.0,0,0,0,0,418,4,0,6.77,0,0,0,0,0,0,0,0,0.0,0.0,0,10,9,9,3,8,50.0,0,42,22,52.38,11,150,16,18,111,53.37,211,682,727,1409,230.2,19,0,1874,11,4,0,Zak Vyner,Wrexham,829186,64
41,3,50.0,87,69,31.94,267,722,989,76.55,170,55.37,137,43,4,0,0,0,86,5,5,10,6,318,43,0,0,1,14,191,0,1,3.68,3.85,41,0,3.23,8,1,5,54,45,9,1,0,,60,52.63,0,0,0,303,73,20,0,42,3745,0,48,0,0,0,0,0.0,0,0,0,0,347,1,0,6.77,0,1,0,0,0,0,0,0,3745.0,0.0,0,30,1,13,8,2,40.0,0,47,22,46.81,20,109,5,6,230,54.63,216,477,815,1292,291.1,31,2,1995,14,5,0,Michał Helik,Oxford United,351726,95
2,0,0.0,3,5,38.46,42,146,188,92.61,16,76.19,5,8,1,0,0,0,15,0,0,0,0,26,6,0,0,0,1,7,0,0,0.03,0.13,1,0,0.0,12,0,1,6,5,1,0,0,,0,0.0,0,0,0,15,2,2,0,3,298,1,5,0,0,0,0,0.0,0,0,0,0,16,0,0,6.77,0,0,0,0,0,0,0,0,0.0,0.0,0,3,0,2,1,0,0.0,0,0,0,0.0,2,5,0,0,16,69.57,13,53,150,203,40.6,3,0,250,1,0,0,Kaelan Casey,Swansea City,1142343,74
2,2,33.33,25,6,46.15,51,42,93,77.5,7,63.64,4,6,0,0,0,0,8,2,0,1,0,8,6,0,0,0,3,11,0,0,0.5,0.01,5,0,0.0,0,0,0,2,1,1,0,0,,9,56.25,0,0,0,27,2,3,0,2,201,1,0,0,0,0,0,0.0,0,0,0,0,46,0,0,6.77,0,0,0,0,0,0,0,0,0.0,0.0,0,1,0,0,0,1,50.0,0,6,3,50.0,3,8,2,6,16,59.26,13,68,52,120,40.6,1,0,192,2,0,0,Lucien Mahovo,Norwich City,1502653,263
25,22,23.4,155,32,29.63,348,314,662,79.0,23,46.94,26,21,4,0,0,0,42,4,0,0,3,57,20,0,0,3,12,54,0,0,1.69,0.33,10,0,11.11,0,1,5,21,18,3,0,1,,43,60.56,0,0,0,176,19,19,1,18,1543,0,2,0,1,0,0,0.0,0,0,0,0,330,0,0,6.77,0,0,0,0,0,0,0,0,1543.0,0.0,1,0,9,5,4,3,50.0,0,21,11,52.38,18,89,6,94,66,55.0,108,477,361,838,135.3,9,1,1317,19,3,0,Alex Cochrane,Birmingham City,970353,9
7,9,21.95,70,10,71.43,99,40,139,80.81,4,18.18,18,18,1,0,0,0,42,2,1,2,0,8,17,0,0,8,4,57,0,0,2.18,0.98,16,0,20.0,0,2,3,8,6,2,2,0,,30,43.48,0,0,0,33,7,15,0,9,798,4,1,0,0,0,0,0.0,0,0,0,0,114,10,0,6.76,0,2,0,0,0,0,0,0,399.0,0.0,0,5,5,5,3,11,45.83,0,7,4,57.14,15,12,24,41,34,37.36,14,127,45,172,115.0,10,0,346,12,3,0,Wes Burns,Ipswich Town,305302,32
44,72,30.0,397,60,34.88,753,775,1528,82.77,30,44.12,38,45,9,0,0,0,165,15,0,9,12,108,45,0,0,21,22,121,1,0,6.76,1.1,20,0,3.13,0,1,10,54,44,10,0,1,,87,51.18,0,0,1,318,51,84,1,44,3969,4,5,0,1,0,0,0.0,0,0,0,0,641,13,0,6.76,0,0,0,0,0,0,0,0,3969.0,0.0,1,11,21,12,11,14,40.0,0,52,36,69.23,83,101,35,240,117,49.16,172,958,888,1846,304.4,32,2,2949,21,10,0,Josh Tymon,Swansea City,830238,74
27,0,0.0,108,45,26.95,423,805,1228,84.05,90,59.21,62,29,1,0,0,0,89,2,2,2,4,206,28,0,1,4,7,102,2,2,0.69,2.22,26,0,7.69,3,1,2,37,34,3,1,0,,60,60.0,1,0,0,233,40,7,0,27,2334,0,32,0,0,0,0,0.0,0,0,0,0,278,0,0,6.76,1,0,0,0,0,0,0,0,2334.0,0.0,0,11,2,8,3,2,40.0,0,40,26,65.0,7,91,5,1,150,59.52,167,569,892,1461,189.4,13,1,1949,19,2,0,Caleb Okoli,Leicester City,967722,31
11,29,22.48,153,12,48.0,214,80,294,72.77,15,23.44,49,38,4,0,0,0,73,10,3,26,3,22,38,0,0,34,21,179,1,0,3.82,4.78,26,0,18.03,0,11,15,32,25,7,7,4,,80,38.1,0,0,0,110,5,45,11,24,2279,8,2,0,0,0,0,0.0,0,0,0,0,373,16,0,6.76,0,0,0,0,0,0,0,0,207.18,0.0,1,33,28,16,19,23,31.94,0,24,13,54.17,45,29,72,129,95,34.67,25,307,97,404,257.0,61,2,974,33,3,0,Adrian Segečić,Portsmouth,1125954,2
18,1,33.33,74,21,52.5,173,206,379,85.17,6,35.29,11,17,0,0,0,0,64,0,0,0,2,19,16,0,0,9,4,40,0,1,0.2,0.32,13,0,25.0,0,1,1,18,15,3,1,0,,34,53.97,0,0,0,66,9,4,1,11,1034,0,6,0,0,0,0,0.0,0,0,0,0,99,4,0,6.76,0,0,0,0,0,0,0,0,1034.0,0.0,1,2,2,3,1,5,55.56,0,16,6,37.5,4,32,9,3,40,50.0,40,220,225,445,108.2,4,0,586,13,5,0,Liam Thompson,Derby County,998924,27
10,5,22.73,197,17,43.59,312,98,410,76.07,12,19.67,49,39,8,0,0,0,97,6,5,20,0,8,39,0,0,60,20,195,0,0,2.77,9.15,16,0,13.51,0,10,18,36,31,5,8,2,,89,37.87,2,0,0,129,5,39,3,33,2628,7,1,0,0,0,0,0.0,0,0,0,0,393,19,0,6.76,0,5,0,0,0,0,0,0,262.8,0.0,0,48,26,31,23,38,40.43,0,21,11,52.38,39,27,94,22,101,34.12,39,416,123,539,263.7,74,1,1070,31,2,0,Lewis Dobbin,Preston North End,998832,21
10,8,20.0,108,14,60.87,190,94,284,80.0,11,50.0,11,26,0,0,0,0,54,3,2,5,0,21,26,0,0,16,10,66,1,0,1.51,0.78,10,0,15.38,0,2,2,13,12,1,1,1,,61,52.59,0,0,0,71,3,15,1,10,980,6,2,0,0,0,0,0.0,0,0,0,0,179,9,0,6.76,0,1,0,0,0,0,0,0,490.0,0.0,0,11,2,3,5,7,26.92,0,26,14,53.85,15,22,26,40,72,52.17,23,248,107,355,175.8,13,1,626,28,3,0,Keshi Anderson,Portsmouth,816519,2
15,15,22.06,92,11,29.73,167,83,250,73.53,8,29.63,19,23,2,0,0,0,65,3,0,10,0,6,23,0,0,13,6,60,0,0,2.09,0.94,9,0,9.09,0,2,4,15,12,3,2,0,,46,52.87,0,0,0,90,8,18,1,11,1019,7,1,0,1,0,0,0.0,0,0,0,0,201,6,0,6.76,0,1,0,0,0,0,0,0,509.5,0.0,2,9,13,8,4,13,50.0,0,24,18,75.0,17,30,26,68,54,47.37,37,236,104,340,155.5,22,1,590,9,1,0,Jed Wallace,West Bromwich Albion,231646,8
57,0,0.0,308,55,32.93,697,663,1360,79.72,30,37.5,50,38,1,0,0,0,157,2,3,3,1,139,38,0,0,20,25,146,1,2,2.55,2.25,37,0,13.33,0,2,3,49,44,5,2,0,,145,60.17,0,0,1,346,53,30,0,31,2879,0,13,0,0,0,0,0.0,0,0,0,0,475,9,0,6.76,0,2,0,0,0,0,0,0,1439.5,0.0,0,9,6,4,8,15,48.39,0,109,67,61.47,30,149,31,17,175,54.52,167,931,775,1706,256.9,15,1,2587,21,7,0,Ricardo Pereira,Leicester City,221200,31
4,1,12.5,50,7,58.33,100,52,152,77.16,5,23.81,16,15,0,0,0,0,29,2,4,3,0,8,15,0,0,6,9,50,0,0,1.18,2.79,10,0,14.29,0,2,2,15,10,5,2,0,,35,50.72,1,0,2,45,3,12,1,8,801,2,1,0,0,0,0,0.0,0,0,0,0,91,2,0,6.76,0,0,0,0,0,0,0,0,400.5,0.0,0,13,1,6,5,11,47.83,0,19,10,52.63,12,7,23,8,40,44.44,12,130,67,197,101.4,14,1,334,5,3,0,Jesurun Rak-Sakyi,Stoke City,1101362,29
30,7,13.73,178,37,33.04,297,292,589,74.37,52,53.61,45,40,0,0,0,0,125,0,3,5,7,93,39,0,1,20,18,133,0,2,1.58,1.2,35,0,6.67,0,1,1,23,18,5,1,0,,89,50.28,0,0,0,203,22,10,1,31,2528,1,17,0,0,0,0,0.0,0,0,0,0,436,3,0,6.76,1,0,0,0,0,0,0,0,2528.0,0.0,0,12,3,7,3,17,51.52,0,50,32,64.0,10,74,33,51,141,51.46,112,427,365,792,263.6,15,0,1559,22,8,0,Zak Sturge,Millwall,1092974,25
24,5,19.23,90,38,30.65,166,165,331,68.81,26,56.52,20,19,0,0,0,0,44,1,0,0,2,63,17,0,0,1,6,33,0,1,0.87,0.85,5,0,33.33,0,1,1,18,14,4,1,0,,24,64.86,0,0,0,150,22,6,1,12,1158,0,2,0,0,0,0,0.0,0,0,0,0,231,2,0,6.76,0,0,0,0,0,0,0,0,1158.0,0.0,0,2,1,2,1,3,60.0,0,16,13,81.25,6,59,5,26,50,60.24,124,285,196,481,114.9,3,0,785,5,2,0,Craig Forsyth,Derby County,59932,27
18,3,42.86,152,17,38.64,297,257,554,82.44,22,43.14,29,26,1,0,0,0,90,2,3,4,4,34,26,0,0,20,41,130,0,0,1.31,2.49,34,0,7.14,0,1,2,20,17,3,1,0,,92,47.67,0,0,0,118,29,19,0,20,1742,0,8,0,0,0,0,0.0,0,0,0,0,191,7,0,6.76,0,1,0,0,0,0,0,0,1742.0,0.0,0,12,2,5,5,8,50.0,0,71,43,60.56,19,30,16,7,114,46.72,44,379,293,672,175.7,14,1,1020,14,5,0,Ali McCann,Preston North End,891870,21
10,4,21.05,120,7,43.75,188,90,278,61.1,73,41.48,103,46,5,0,0,0,76,8,13,11,0,51,46,0,0,36,33,243,0,0,3.23,10.07,54,0,17.02,0,8,13,39,33,6,8,0,,102,42.15,1,0,2,177,10,23,4,28,2397,10,9,0,0,0,1,0.0,0,0,0,0,330,9,0,6.76,0,2,0,0,0,0,0,0,299.63,0.0,0,45,2,13,23,22,50.0,0,47,30,63.83,23,17,44,19,175,41.87,16,324,131,455,310.8,47,2,940,34,7,0,Kyle Joseph,Hull City,1015712,96
3,0,0.0,53,5,38.46,116,61,177,77.63,7,36.84,12,16,1,0,0,0,55,1,0,4,0,11,16,0,0,25,13,83,1,0,0.31,0.94,14,0,7.69,0,1,2,14,12,2,1,0,,72,50.35,0,0,0,51,16,13,0,10,857,1,1,0,0,0,0,0.0,0,0,0,0,130,7,0,6.76,0,1,0,0,0,0,0,0,857.0,0.0,1,5,8,5,4,16,45.71,0,38,31,81.58,13,12,35,2,79,48.77,13,153,75,228,108.1,13,0,471,18,1,0,Filip Krastev,Oxford United,935556,95
11,0,0.0,89,21,55.26,178,151,329,82.46,7,63.64,4,16,0,0,0,0,34,0,0,4,0,10,16,0,0,6,10,36,0,0,0.89,0.48,12,0,0.0,0,0,0,10,9,1,0,0,,38,54.29,0,0,0,70,7,8,0,8,680,1,0,0,0,0,0,0.0,0,0,0,0,90,1,0,6.76,0,0,0,0,0,0,0,0,0.0,0.0,0,2,7,3,2,1,20.0,0,24,13,54.17,8,21,5,0,45,55.56,38,228,171,399,108.1,9,0,507,13,1,0,Dan Neil,Ipswich Town,964106,32
13,7,38.89,115,14,51.85,228,163,391,85.37,15,42.86,20,30,0,0,0,0,57,1,1,1,1,16,27,0,0,11,5,50,0,0,1.13,4.01,11,0,26.67,0,4,4,13,9,4,4,0,,35,53.85,0,0,0,67,8,16,3,10,1115,0,3,0,0,0,0,0.0,0,0,0,0,110,5,0,6.76,0,1,0,0,0,0,0,0,278.75,0.0,0,10,5,5,9,5,55.56,0,20,11,55.0,16,19,9,18,50,50.0,27,277,181,458,182.4,15,1,638,10,1,0,Luke Cundle,Millwall,988966,25
7,26,23.64,70,6,24.0,107,58,165,64.96,16,43.24,21,38,1,0,0,0,60,7,1,11,0,19,36,0,0,29,9,112,1,1,2.87,2.17,18,0,5.71,0,2,3,26,24,2,2,0,,93,50.54,0,0,0,89,8,22,1,17,1711,9,0,0,0,0,0,0.0,0,0,0,0,300,11,0,6.76,0,1,0,0,0,0,0,0,855.5,0.0,0,21,14,13,11,30,46.15,0,31,19,61.29,22,15,65,110,109,49.32,25,163,91,254,243.2,35,0,720,32,1,0,Aidomo Emakhu,Oxford United,1065019,95
9,8,26.67,52,12,57.14,76,32,108,73.97,7,46.67,8,16,2,0,0,0,20,3,1,4,0,10,15,0,0,10,5,37,0,0,1.36,0.68,8,0,0.0,0,0,2,5,5,0,0,0,,23,44.23,0,0,0,38,1,10,0,6,500,1,0,0,0,0,0,0.0,0,0,0,0,90,5,0,6.75,0,0,0,0,0,0,0,0,0.0,0.0,0,6,4,3,3,3,30.0,0,10,7,70.0,10,17,10,30,30,44.78,21,107,39,146,101.3,10,0,272,10,0,0,Matěj Jurásek,Norwich City,1008382,263
9,3,15.0,92,10,50.0,155,71,226,68.48,35,42.17,48,19,1,0,0,0,76,1,3,5,1,13,19,0,0,22,9,122,0,0,0.61,3.44,20,0,14.29,1,3,4,18,13,5,3,0,,70,48.61,0,0,1,104,7,17,0,18,1446,3,0,1,1,0,0,0.0,0,0,0,0,264,7,0,6.75,0,3,0,0,0,0,0,0,482.0,0.0,0,15,6,8,8,8,25.0,0,30,18,60.0,16,16,32,20,105,46.26,20,236,94,330,128.3,21,0,678,34,2,0,Myles Peart-Harris,Oxford United,980649,95
18,12,21.82,120,18,28.57,226,185,411,71.6,26,57.78,19,22,1,0,0,0,59,2,1,2,1,46,21,0,0,7,6,53,0,0,1.42,0.32,13,0,0.0,0,0,1,19,18,1,0,0,,49,59.04,0,0,0,163,13,15,0,18,1510,1,8,1,0,0,0,0.0,0,0,0,0,248,1,0,6.75,0,0,0,0,0,0,0,0,0.0,0.0,0,3,2,2,1,2,20.0,0,25,18,72.0,15,44,10,55,75,58.59,63,342,232,574,141.8,5,0,937,22,4,0,Yuri Ribeiro,Blackburn Rovers,357730,46
22,0,0.0,87,33,26.4,209,244,453,67.11,55,56.12,43,29,0,0,0,0,108,0,1,1,3,81,29,0,0,19,18,127,0,0,0.22,1.54,35,0,14.29,0,1,1,28,22,6,1,0,,115,57.79,0,0,0,222,32,3,0,23,2150,0,11,0,0,0,0,0.0,0,0,0,0,369,0,0,6.75,0,1,0,0,0,0,0,0,2150.0,0.0,0,6,1,2,4,9,42.86,0,81,51,62.96,3,65,21,34,170,57.24,125,359,316,675,195.8,7,0,1266,25,7,0,Brodie Spencer,Oxford United,1138933,95
22,6,16.67,156,41,50.0,290,234,524,78.8,24,53.33,21,31,1,0,0,0,79,1,1,10,3,30,31,0,0,17,21,79,0,0,1.56,1.84,15,0,3.45,0,1,2,22,18,4,0,1,,45,43.69,0,0,1,141,19,19,0,20,1704,2,7,0,0,0,0,0.0,0,0,0,0,239,9,0,6.75,0,1,0,0,0,0,0,0,1704.0,0.0,0,12,17,9,10,8,57.14,0,28,16,57.14,19,54,14,36,69,46.62,82,398,267,665,209.3,29,1,972,10,2,0,Tomáš Rigo,Stoke City,1088725,29
44,0,0.0,179,59,46.09,484,704,1188,84.98,34,43.59,44,36,2,0,0,0,110,2,2,8,7,55,36,0,0,10,14,128,0,1,0.96,2.42,53,0,12.5,0,3,5,29,24,5,3,0,,73,46.5,1,0,0,210,50,9,0,29,2499,3,8,0,0,0,0,0.0,0,0,0,0,265,4,0,6.75,0,2,0,0,0,0,0,0,833.0,0.0,0,14,10,7,9,8,47.06,0,48,28,58.33,9,85,17,6,107,45.53,128,617,781,1398,243.0,24,1,1753,18,12,0,Marko Stamenić,Swansea City,1002620,74
80,6,10.53,292,122,38.01,612,779,1391,75.43,106,53.0,94,34,2,0,0,0,157,3,4,8,6,180,34,0,1,21,25,183,1,1,2.04,2.36,31,0,7.69,2,2,4,49,38,11,2,0,,92,50.83,1,0,1,453,41,20,1,32,2875,2,20,0,1,0,1,0.0,0,0,0,0,637,4,0,6.75,1,0,0,0,0,0,0,0,1437.5,0.0,1,18,8,10,8,19,59.38,0,53,26,49.06,19,194,32,57,198,51.97,321,936,908,1844,229.5,26,0,2580,20,6,0,Callum Doyle,Wrexham,1090508,64
2,0,0.0,14,2,18.18,43,64,107,86.99,6,75.0,2,8,0,0,0,0,12,0,0,0,0,19,8,0,0,0,1,6,0,0,0.08,,2,0,0.0,0,0,0,3,2,1,0,0,,4,50.0,0,0,0,16,3,1,0,2,214,0,3,0,0,0,0,0.0,0,0,0,0,30,0,0,6.75,0,0,0,0,0,0,0,0,0.0,0.0,0,0,0,0,0,0,0.0,0,3,3,100.0,1,7,2,1,10,62.5,11,55,68,123,54.0,0,0,180,1,0,0,Leo Fuhr Hjelde,Sheffield United,1097848,15
28,0,0.0,35,133,26.13,94,515,609,61.64,19,100.0,0,49,1,0,0,0,427,0,0,0,14,31,49,0,0,0,2,5,2,3,0.06,,3,0,0.0,288,0,1,50,41,9,0,0,-7.68,10,66.67,0,41,0,379,0,1,0,49,4440,0,0,0,0,0,2,0.0,8,0,1,0,390,0,15,6.75,0,0,19,67,39,109,0,21,0.0,0.0,0,0,0,0,0,2,66.67,18,2,2,100.0,1,57,3,0,29,85.29,509,427,561,988,330.7,0,1,1455,7,1,0,Solomon Brynn,Middlesbrough,1007050,36
3,2,11.76,87,5,29.41,148,62,210,67.74,47,46.53,54,28,0,0,0,0,53,1,7,8,0,8,27,0,0,20,7,147,0,0,1.3,6.46,36,0,23.26,0,10,10,26,20,6,10,0,,62,40.0,0,0,3,100,4,14,0,18,1626,12,3,0,0,0,0,0.0,0,0,0,0,222,10,0,6.75,0,10,0,0,0,0,0,0,162.6,0.0,0,37,6,15,20,29,48.33,0,18,10,55.56,14,13,60,17,109,42.58,17,227,83,310,182.2,43,1,630,15,3,0,Jovon Makama,Norwich City,1133296,263
5,14,37.84,75,6,37.5,109,51,160,76.92,6,23.08,20,33,3,0,0,0,38,3,1,5,0,16,27,0,0,14,20,77,0,0,1.51,0.99,9,0,10.0,0,1,4,9,8,1,1,0,,63,52.5,0,0,0,48,9,13,0,5,855,1,1,0,0,0,0,0.0,0,0,0,0,143,4,0,6.75,0,1,0,0,0,0,0,0,855.0,0.0,1,5,5,2,3,11,42.31,0,35,14,40.0,13,14,26,37,69,47.26,16,146,62,208,182.2,10,0,469,18,2,0,Yu Hirakawa,Hull City,1166844,96
22,1,25.0,123,38,45.78,345,396,741,85.07,23,46.94,26,31,0,0,0,0,82,0,0,1,3,44,30,0,1,3,22,87,0,1,0.8,0.16,34,0,33.33,0,1,1,22,19,3,0,1,,60,49.59,0,0,0,130,23,3,0,22,1884,0,7,0,0,0,0,0.0,0,0,0,0,152,6,0,6.75,1,1,0,0,0,0,0,0,1884.0,0.0,0,1,2,1,1,6,66.67,0,38,23,60.53,3,39,9,4,83,48.82,83,445,426,871,202.4,3,0,1081,16,11,0,Ben Pearson,Stoke City,190857,29
28,12,18.46,276,24,60.0,475,184,659,85.7,4,17.39,19,29,3,0,0,0,91,8,3,8,1,9,29,0,0,33,11,91,0,0,3.64,1.58,13,0,0.0,0,0,3,26,24,2,0,0,,70,49.3,0,0,1,110,9,42,0,22,1797,3,1,0,1,0,0,0.0,0,0,0,0,255,10,0,6.74,0,0,0,0,0,0,0,0,0.0,0.0,1,9,12,7,6,20,55.56,0,21,15,71.43,41,51,36,65,74,44.85,40,554,215,769,195.6,21,0,1109,29,6,0,Giorgi Chakvetadze,Watford,858191,24
8,0,0.0,68,13,65.0,187,227,414,92.2,7,35.0,13,17,0,0,0,0,51,0,0,1,1,10,16,0,0,5,13,43,1,0,0.32,0.07,10,0,0.0,0,0,0,8,7,1,0,0,,37,55.22,0,0,0,35,5,6,0,7,710,0,3,0,0,0,0,0.0,0,0,0,0,52,3,0,6.74,0,0,0,0,0,0,0,0,0.0,0.0,0,0,2,0,1,2,50.0,0,28,15,53.57,6,19,4,2,44,50.57,20,212,237,449,107.9,2,0,558,8,3,0,Cameron Bragg,Southampton,1142342,45
34,30,23.26,239,39,36.45,427,304,731,73.03,41,31.3,90,40,0,0,0,0,157,4,2,11,0,55,40,0,0,35,28,254,1,1,4.05,2.46,75,0,3.45,0,1,1,72,65,7,1,0,,121,42.46,0,0,0,270,29,40,0,39,3358,3,12,0,0,0,0,0.0,0,0,0,0,659,13,0,6.74,0,1,0,0,0,0,0,0,3358.0,0.0,0,25,4,10,8,11,27.5,0,66,42,63.64,40,91,40,129,162,38.94,107,629,372,1001,269.6,29,0,1843,46,5,0,Svante Ingelsson,Sheffield Wednesday,801483,12
3,0,0.0,20,1,12.5,35,22,57,77.03,4,66.67,2,5,0,0,0,0,13,0,0,0,0,7,5,0,0,1,3,10,0,0,0.03,,3,0,0.0,0,0,0,1,1,0,0,0,,11,57.89,0,0,0,17,5,2,0,1,172,0,0,0,0,0,0,0.0,0,0,0,0,27,1,0,6.74,0,0,0,0,0,0,0,0,0.0,0.0,0,0,0,0,0,0,0.0,0,9,5,55.56,2,4,1,1,15,60.0,8,47,27,74,33.7,0,0,137,2,0,0,Matty Jacob,Hull City,990833,96
39,1,14.29,140,45,61.64,302,240,542,83.26,8,33.33,16,25,0,0,0,0,79,1,0,2,2,21,25,0,0,6,6,54,0,2,0.92,0.19,24,0,0.0,0,0,0,27,24,3,0,0,,59,60.82,0,0,0,109,26,9,0,17,1533,1,3,0,0,0,0,0.0,0,0,0,0,148,1,0,6.74,0,0,0,0,0,0,0,0,0.0,0.0,0,0,5,2,1,2,33.33,0,38,23,60.53,9,62,6,7,67,55.37,73,379,272,651,168.5,5,0,849,19,2,0,Nampalys Mendy,Watford,123166,24
4,1,25.0,56,6,85.71,91,26,117,77.48,25,40.98,36,18,1,0,0,0,18,2,8,5,2,13,18,0,0,18,3,83,0,0,0.53,6.51,20,0,29.63,0,8,9,5,5,0,8,0,,21,30.88,2,0,1,34,1,7,1,10,949,10,1,0,0,0,0,0.0,0,0,0,0,106,4,0,6.74,0,5,0,0,0,0,0,0,118.63,0.0,0,26,1,7,15,5,35.71,0,5,3,60.0,7,6,14,4,46,35.66,7,117,34,151,121.3,27,0,319,11,4,0,Cyle Larin,Southampton,790179,45
4,6,18.18,61,4,57.14,91,36,127,77.44,8,22.86,27,13,2,0,0,0,38,2,4,2,0,7,13,0,0,13,11,85,0,0,1.12,2.56,13,0,14.29,0,2,4,10,10,0,2,0,,44,43.14,0,0,0,37,3,11,1,10,821,2,2,0,0,0,0,0.0,0,0,0,0,143,8,0,6.74,0,1,0,0,0,0,0,0,410.5,0.0,1,12,2,5,7,12,34.29,0,13,10,76.92,11,8,35,33,52,37.96,7,121,43,164,87.6,14,0,381,19,3,0,Callum Lang,Preston North End,843756,21
21,51,23.72,158,48,37.21,298,291,589,76.2,12,54.55,10,35,8,0,0,0,95,11,0,3,6,94,34,0,0,11,14,68,0,0,6.47,0.2,16,0,0.0,0,0,8,48,40,8,0,0,,45,43.69,0,0,0,184,20,41,0,33,2745,3,10,0,0,0,0,0.0,0,0,0,0,453,6,0,6.74,0,0,0,0,0,0,0,0,0.0,0.0,0,1,11,7,2,11,37.93,0,32,22,68.75,41,55,29,215,57,45.6,129,409,364,773,229.1,12,1,1564,3,7,0,Ryan Giles,Hull City,931304,96
60,39,26.0,257,75,30.36,500,425,925,71.76,42,42.0,58,42,4,0,0,0,133,6,0,4,11,134,42,0,0,10,15,130,0,1,3.3,0.42,38,0,0.0,0,0,4,47,40,7,0,0,,99,57.89,0,0,0,364,26,35,0,40,3456,0,20,0,0,0,0,0.0,0,0,0,0,641,5,0,6.74,0,0,0,0,0,0,0,0,0.0,0.0,0,3,9,6,2,8,42.11,0,55,38,69.09,35,173,19,150,141,52.03,247,779,510,1289,282.9,12,0,2267,38,12,0,Lewie Coyle,Hull City,827587,96
14,15,14.29,263,24,50.0,403,143,546,76.47,6,22.22,21,45,3,0,0,0,155,11,5,21,3,15,45,0,0,67,16,237,0,1,5.14,6.46,43,0,9.09,0,7,10,38,31,7,7,0,,115,34.74,0,0,5,168,5,46,5,33,2926,19,2,0,0,0,0,0.0,0,0,0,0,564,24,0,6.74,0,2,0,0,0,0,0,0,418.0,0.0,1,52,25,25,31,62,40.26,0,23,15,65.22,46,32,154,105,121,33.8,48,540,174,714,303.1,77,3,1442,30,4,0,Million Manhoef,Stoke City,961677,29
11,3,15.79,66,15,40.54,119,101,220,79.14,13,48.15,14,17,0,0,0,0,45,1,0,0,0,21,17,0,0,7,4,46,0,0,0.69,0.15,10,0,0.0,0,0,0,15,13,2,0,0,,54,62.79,0,0,0,58,10,10,0,12,898,0,2,0,0,0,0,0.0,0,0,0,0,133,0,0,6.74,0,0,0,0,0,0,0,0,0.0,0.0,0,1,0,1,0,10,47.62,0,19,13,68.42,10,18,21,19,67,59.29,37,160,118,278,114.5,1,0,508,26,3,0,Jeremy Petris,Watford,910937,24
24,35,32.11,308,51,29.65,662,574,1236,79.33,71,49.65,72,43,5,0,0,0,103,5,4,9,6,184,43,0,0,14,24,165,1,2,4.89,2.68,51,0,3.85,0,1,6,57,51,6,1,0,,118,55.92,0,0,2,322,53,53,1,39,3549,0,13,0,0,0,0,0.0,0,0,0,0,626,3,0,6.73,0,0,0,0,0,0,0,0,3549.0,0.0,0,16,10,12,5,6,50.0,0,74,46,62.16,53,76,12,109,189,53.39,172,891,667,1558,289.6,26,1,2714,39,11,0,Luke Thomas,Leicester City,991584,31
33,3,7.14,330,33,36.67,629,534,1163,81.84,27,25.71,78,45,4,0,0,0,183,5,2,11,5,44,45,0,0,44,57,261,0,0,2.74,3.71,59,0,8.33,0,3,7,44,34,10,3,0,,219,54.48,0,0,1,258,37,37,0,39,3262,5,25,0,0,0,0,0.0,0,0,0,1,450,21,0,6.73,0,3,0,0,0,0,0,0,1087.33,0.0,0,16,20,14,11,23,45.1,0,119,67,56.3,37,62,51,42,246,48.52,90,811,610,1421,303.0,36,1,2153,79,8,0,Gonçalo Franco,Swansea City,984866,74
2,2,8.33,84,2,15.38,140,140,280,91.5,5,38.46,8,13,1,0,0,0,17,1,0,2,0,11,12,0,0,6,0,25,0,0,0.6,0.49,4,0,20.0,0,1,2,6,6,0,1,0,,29,63.04,0,0,0,26,3,7,1,8,547,0,0,0,0,0,1,0.0,0,0,0,0,66,2,0,6.73,0,0,0,0,0,0,0,0,547.0,0.0,0,4,1,0,3,6,46.15,0,6,4,66.67,7,3,13,24,34,57.63,13,153,153,306,80.8,5,0,455,17,0,0,Alex Bangura,Middlesbrough,967178,36
2,0,0.0,37,9,28.13,90,99,189,80.77,10,47.62,11,9,1,0,0,0,17,0,0,2,0,21,9,0,0,7,3,30,0,0,0.4,0.29,4,0,0.0,0,0,1,6,3,3,0,0,,19,50.0,0,0,0,45,8,5,0,4,421,1,1,0,0,0,0,0.0,0,0,0,0,79,1,0,6.73,0,0,0,0,0,0,0,0,0.0,0.0,0,4,0,1,1,5,45.45,0,7,2,28.57,5,9,11,12,29,49.15,32,123,111,234,60.6,4,0,351,7,2,0,Jeffrey Schlupp,Norwich City,148710,263
1,2,50.0,11,2,33.33,17,7,24,68.57,4,66.67,2,3,0,0,0,0,6,0,0,0,0,6,3,0,0,3,0,7,0,0,0.2,,0,0,0.0,0,0,0,2,2,0,0,0,,4,44.44,0,0,0,11,2,3,0,2,176,0,0,0,0,0,0,0.0,0,0,0,0,24,0,0,6.73,0,0,0,0,0,0,0,0,0.0,0.0,0,0,0,0,0,1,33.33,0,3,1,33.33,3,3,3,4,8,53.33,6,24,11,35,20.2,0,0,80,1,0,0,Ruben Roosken,Oxford United,988990,95
7,0,0.0,22,16,44.44,70,186,256,85.05,33,76.74,10,9,0,0,0,0,25,1,1,0,0,61,9,0,0,1,0,17,0,0,0.51,0.4,5,0,0.0,2,0,0,13,13,0,0,0,,11,61.11,0,0,0,45,1,1,0,7,593,0,2,0,0,0,0,0.0,0,0,0,0,54,1,0,6.73,0,0,0,0,0,0,0,0,0.0,0.0,0,5,0,5,0,2,66.67,0,6,3,50.0,1,21,3,1,44,72.13,36,99,202,301,60.6,5,0,407,3,0,0,Jamaal Lascelles,Leicester City,153444,31
10,2,13.33,144,11,36.67,238,108,346,75.71,28,43.75,36,22,2,0,0,0,54,3,1,3,0,5,22,0,0,27,8,99,0,0,1.88,2.19,16,0,20.0,0,5,7,15,14,1,4,1,,46,42.2,0,0,1,111,10,20,2,15,1235,1,1,0,1,0,1,0.0,0,0,0,0,227,11,0,6.73,0,3,0,0,0,0,0,0,247.0,0.0,0,16,9,4,18,17,53.13,0,22,18,81.82,19,22,32,15,74,42.77,30,327,130,457,148.1,25,2,719,7,4,0,Anis Ben Slimane,Norwich City,1006147,263
5,2,12.5,46,4,17.39,87,83,170,82.52,6,60.0,4,11,1,0,0,0,19,1,0,1,2,22,10,0,0,1,4,11,0,0,0.26,0.08,2,0,0.0,0,0,1,5,4,1,0,0,,8,53.33,0,0,0,36,3,3,0,3,434,1,6,0,0,0,0,0.0,0,0,0,0,60,1,0,6.73,0,0,0,0,0,0,0,0,0.0,0.0,0,1,2,1,1,1,100.0,0,6,5,83.33,3,14,1,16,14,56.0,23,118,88,206,67.3,3,0,311,1,1,0,Jake Bidwell,Coventry City,103115,11
7,16,38.1,93,21,40.38,150,162,312,80.0,16,66.67,8,17,1,0,0,0,37,2,0,1,2,28,17,0,0,10,3,38,1,0,1.04,0.51,10,0,20.0,0,1,2,8,8,0,1,0,,25,45.45,0,0,0,78,9,12,0,9,868,0,1,0,0,0,0,0.0,0,0,0,0,149,0,0,6.73,0,1,0,0,0,0,0,0,868.0,0.0,0,1,4,2,2,4,33.33,0,17,9,52.94,12,16,12,42,41,51.9,52,193,197,390,114.4,5,0,645,4,1,0,Ben Johnson,Ipswich Town,914412,32
15,2,66.67,72,26,24.3,184,373,557,78.9,61,53.51,53,24,1,0,0,0,63,1,4,2,4,135,24,0,0,3,12,84,0,1,0.27,2.41,15,0,16.67,6,3,4,28,24,4,3,0,,49,61.25,3,0,0,149,31,7,0,21,1968,0,12,0,0,0,0,0.0,0,0,0,0,224,1,0,6.73,0,0,0,0,0,0,0,0,656.0,0.0,0,18,0,9,7,3,60.0,0,35,22,62.86,7,46,5,3,110,56.7,107,293,413,706,161.5,18,0,1143,12,4,0,Sondre Langås,Derby County,1026541,27
3,1,50.0,22,11,23.4,72,177,249,73.45,47,63.51,27,17,0,0,0,0,29,0,2,3,1,61,14,0,0,3,2,43,1,0,0.09,0.96,10,0,25.0,15,2,2,14,12,2,2,0,,19,54.29,1,0,0,90,18,3,1,8,807,0,3,0,0,0,0,0.0,0,0,0,0,132,0,0,6.73,0,0,0,0,0,0,0,0,403.5,0.0,0,7,1,2,3,1,50.0,0,12,7,58.33,3,16,2,2,66,60.55,47,131,208,339,94.2,8,1,545,6,1,0,Ibane Bowat,Portsmouth,1083366,2
18,1,50.0,68,23,45.1,205,343,548,90.73,10,33.33,20,15,1,0,0,0,33,0,0,0,1,62,14,0,0,0,3,29,0,0,0.49,0.73,6,0,14.29,0,1,2,14,12,2,1,0,,10,52.63,1,0,0,56,8,2,0,9,864,0,2,0,0,0,1,0.0,0,0,0,0,60,0,0,6.73,0,0,0,0,0,0,0,0,864.0,0.0,0,6,1,4,3,1,100.0,0,6,5,83.33,2,39,1,2,20,40.82,51,250,354,604,94.2,7,1,720,3,1,0,Wout Faes,Leicester City,361696,31
25,0,0.0,23,117,34.72,67,565,632,74.09,7,87.5,1,25,0,0,0,0,212,0,0,0,5,17,25,0,0,0,1,2,3,1,0.05,,1,0,0.0,175,0,0,36,28,8,0,0,-8.55,12,92.31,0,12,0,221,0,0,0,25,2250,0,0,0,0,0,0,0.0,1,0,0,0,225,0,8,6.73,0,0,7,35,19,55,1,11,0.0,0.0,0,0,0,0,0,2,100.0,6,0,0,0.0,0,54,2,0,19,90.48,337,251,602,853,168.2,0,0,1087,12,1,0,Gavin Bazunu,Stoke City,936719,29
17,2,50.0,129,15,25.42,281,239,520,81.12,45,54.88,37,31,2,0,0,0,61,1,1,2,4,54,30,0,0,5,9,68,0,0,1.06,0.84,14,0,0.0,0,0,2,25,20,5,0,0,,44,58.67,0,0,0,121,10,9,0,16,1506,2,14,0,1,0,1,0.0,0,0,0,0,158,1,0,6.73,0,0,0,0,0,0,0,0,0.0,0.0,0,11,2,9,2,1,20.0,0,28,13,46.43,8,41,5,4,89,56.69,59,372,269,641,201.8,13,0,890,16,1,0,Sam Field,Norwich City,839819,263
10,0,0.0,13,13,56.52,53,108,161,85.19,15,88.24,2,4,0,0,0,0,13,0,1,0,0,17,4,0,0,0,1,6,0,1,0.29,0.12,4,0,0.0,0,0,0,7,5,2,0,0,,3,42.86,0,0,0,28,0,5,0,3,259,1,1,0,0,0,0,0.0,0,0,0,0,30,0,0,6.73,0,0,0,0,0,0,0,0,0.0,0.0,0,2,0,0,2,0,0.0,0,3,3,100.0,5,16,0,0,18,75.0,23,74,115,189,26.9,2,0,218,1,2,0,Shane Duffy,Norwich City,55570,263
4,2,20.0,62,6,46.15,94,45,139,70.56,7,41.18,10,26,1,0,0,0,33,0,5,9,0,7,25,0,0,21,6,74,0,1,0.81,3.07,15,0,7.14,0,2,3,11,11,0,2,0,,61,48.8,1,0,3,58,5,10,0,7,885,1,0,0,0,0,0,0.0,0,0,0,0,161,2,0,6.72,0,1,0,0,0,0,0,0,442.5,0.0,0,21,7,9,10,28,53.85,0,16,9,56.25,10,10,52,10,68,47.89,13,138,59,197,168.1,28,1,436,17,0,0,Jay Robinson,Southampton,1440673,45
17,1,25.0,35,22,45.83,95,204,299,80.59,32,68.09,15,13,0,0,0,0,24,0,0,1,1,49,13,0,0,0,1,23,0,0,0.27,0.49,6,0,16.67,2,1,1,17,10,7,1,0,,16,66.67,0,0,0,72,14,3,0,7,731,3,8,0,0,0,0,0.0,0,0,0,0,100,1,0,6.72,0,0,0,0,0,0,0,0,731.0,0.0,0,4,2,4,1,1,50.0,0,14,9,64.29,3,32,2,4,48,67.61,48,142,229,371,87.4,6,0,537,2,1,0,Ben Gibson,Stoke City,115432,29
22,14,18.42,156,43,31.39,306,340,646,75.82,30,50.0,30,36,1,0,0,0,93,5,2,3,2,62,35,0,0,13,25,109,0,0,3.61,1.14,31,0,16.67,0,2,3,36,32,4,2,0,,84,51.53,1,0,0,206,20,19,0,22,2042,5,3,0,0,0,0,0.0,0,0,0,0,373,2,0,6.72,0,1,0,0,0,0,0,0,1021.0,0.0,0,10,2,4,5,17,58.62,0,59,35,59.32,19,56,29,76,114,51.12,137,458,394,852,235.3,12,3,1466,9,5,0,Jack Stacey,Norwich City,583450,263
8,23,25.56,226,14,43.75,339,166,505,80.41,26,31.71,56,45,2,0,0,0,101,7,7,23,2,38,45,0,0,52,6,181,0,1,3.65,5.27,27,0,4.76,0,3,5,41,31,10,2,1,,100,44.44,0,0,0,123,12,38,1,31,2926,16,6,0,0,0,0,0.0,0,0,0,0,372,20,0,6.72,0,2,0,0,0,0,0,0,975.33,0.0,0,44,19,26,14,42,50.0,0,24,14,58.33,38,23,84,90,126,41.04,32,440,188,628,302.4,63,0,1212,34,3,0,Tyreece Campbell,Charlton Athletic,1186345,47
9,3,30.0,130,20,58.82,269,159,428,82.31,15,51.72,14,30,3,0,0,0,61,1,1,5,0,17,30,0,0,21,14,79,0,1,1.62,1.82,15,0,5.88,0,1,4,14,13,1,1,0,,61,48.41,0,0,0,92,10,16,1,13,1202,0,3,0,1,0,0,0.0,0,0,0,0,183,3,0,6.72,0,0,0,0,0,0,0,0,1202.0,0.0,0,11,6,7,5,21,53.85,0,22,17,77.27,15,23,39,10,76,49.03,34,333,187,520,201.6,17,0,779,20,2,0,Jens-Lys Cajuste,Ipswich Town,857671,32
17,2,66.67,79,21,39.62,257,326,583,79.43,51,56.67,39,30,0,0,0,0,57,0,1,2,0,44,26,0,0,4,7,64,0,0,0.36,0.83,14,0,7.69,0,1,1,24,17,7,1,0,,28,52.83,0,0,0,151,13,4,0,17,1402,0,12,0,0,0,0,0.0,0,0,0,0,169,1,0,6.72,0,1,0,0,0,0,0,0,1402.0,0.0,0,8,5,6,5,0,0.0,0,19,15,78.95,4,37,1,3,79,55.24,53,357,377,734,174.7,13,0,903,9,2,0,Steven​ N'Zonzi,Stoke City,51652,29
10,5,16.67,94,12,29.27,163,134,297,77.34,8,80.0,2,16,1,0,0,0,68,1,0,0,0,35,16,0,0,17,18,74,1,0,0.69,0.29,11,0,0.0,0,0,1,27,22,5,0,0,,80,52.63,0,0,0,87,7,14,0,15,1332,0,5,0,0,0,0,0.0,0,0,0,0,212,3,0,6.72,0,0,0,0,0,0,0,0,0.0,0.0,0,3,2,2,3,15,36.59,0,45,28,62.22,14,30,41,30,88,54.32,41,220,164,384,107.5,5,1,744,20,2,0,Tayo Adaramola,Sheffield Wednesday,1005686,12
34,2,20.0,205,67,52.34,480,760,1240,87.94,49,56.32,38,28,1,0,0,0,79,2,2,1,3,155,27,0,0,2,9,63,2,1,1.3,1.3,15,0,12.5,14,1,2,40,32,8,1,0,,35,58.33,1,0,0,170,27,13,0,25,2207,0,13,0,0,0,1,0.0,0,0,0,0,231,1,0,6.72,0,0,0,0,0,0,0,0,2207.0,0.0,0,8,0,5,2,3,60.0,0,27,19,70.37,13,70,5,10,84,57.14,128,601,809,1410,181.4,8,1,1823,5,2,0,Ronnie Edwards,Queens Park Rangers,1012415,1
19,0,0.0,130,27,36.0,393,488,881,83.35,25,45.45,30,34,0,0,0,0,126,1,3,3,2,57,34,0,0,13,22,106,0,0,0.73,1.43,37,0,12.5,0,1,1,47,44,3,1,0,,90,54.22,0,0,0,176,29,12,1,32,2660,0,15,0,0,0,0,0.0,0,0,0,0,225,5,0,6.72,0,0,0,0,0,0,0,0,2660.0,0.0,0,7,1,1,4,7,53.85,0,55,26,47.27,12,47,13,3,115,52.04,75,515,542,1057,228.4,8,0,1392,28,5,0,Oliver Skipp,Leicester City,859901,31
11,9,20.45,85,22,40.0,142,150,292,71.92,35,54.69,29,19,2,0,0,0,53,5,5,5,6,57,19,0,0,11,12,77,0,1,1.36,1.49,18,0,0.0,0,0,2,19,14,5,0,0,,34,41.46,0,0,1,114,19,17,0,17,1530,3,7,0,0,0,0,0.0,0,0,0,0,244,2,0,6.72,0,0,0,0,0,0,0,0,0.0,0.0,0,10,3,7,1,7,46.67,0,22,13,59.09,17,26,15,44,69,47.26,55,220,186,406,127.6,13,0,769,6,8,0,Harry Clarke,Charlton Athletic,993439,47
21,0,0.0,177,23,47.92,334,222,556,79.54,49,56.32,38,32,0,0,0,0,119,2,3,11,3,44,32,0,0,23,21,139,0,2,0.72,2.87,31,0,5.41,0,2,2,24,24,0,2,0,,91,47.4,1,0,1,143,19,9,0,18,1764,3,4,0,0,0,0,0.0,0,0,0,0,266,11,0,6.72,0,1,0,0,0,0,0,0,882.0,0.0,0,20,17,15,11,16,35.56,0,50,38,76.0,9,31,45,16,140,50.18,48,432,267,699,214.9,37,1,1087,25,4,0,Moussa Baradji,Blackburn Rovers,1423085,46
10,22,30.99,193,19,27.54,384,297,681,72.6,106,54.08,90,39,6,0,0,0,117,8,4,13,6,87,39,0,0,29,28,233,0,2,2.98,2.6,59,0,6.98,0,3,9,42,39,3,3,0,,127,47.04,0,0,0,257,28,30,0,34,2843,12,8,0,0,0,1,0.0,0,0,0,0,455,8,0,6.72,0,3,0,0,0,0,0,0,947.67,0.0,0,38,5,16,14,23,42.59,0,68,41,60.29,30,26,54,71,233,50.0,69,580,358,938,261.9,43,1,1677,36,5,0,Ross McCrorie,Bristol City,795828,58
4,3,37.5,48,11,36.67,101,100,201,75.56,10,62.5,6,13,0,0,0,0,21,0,1,0,0,28,13,0,0,1,4,23,0,0,0.31,0.21,11,0,0.0,0,0,0,8,7,1,0,0,,23,57.5,0,0,0,65,8,6,0,7,653,0,1,0,0,0,0,0.0,0,0,0,0,83,1,0,6.72,0,0,0,0,0,0,0,0,0.0,0.0,0,1,2,3,0,1,50.0,0,18,14,77.78,6,10,2,8,33,58.93,30,140,126,266,87.3,3,0,397,4,0,0,Hidde ter Avest,Oxford United,361788,95
32,14,20.59,175,46,37.1,391,542,933,78.14,63,58.88,44,41,0,0,0,0,133,1,0,8,8,117,41,0,0,24,30,180,1,1,1.21,0.64,53,0,8.7,19,2,2,44,34,10,0,2,,116,46.03,0,0,0,261,30,13,0,36,3130,3,22,1,0,0,0,0.0,0,0,0,0,558,6,0,6.71,1,2,0,0,0,0,0,0,1565.0,0.0,0,12,11,9,6,17,36.96,0,66,41,62.12,13,66,46,68,179,49.86,124,572,622,1194,275.2,23,2,2060,36,12,1,Amadou Salif Mbengue,Queens Park Rangers,1129118,1
14,11,32.35,107,17,56.67,174,110,284,84.02,4,30.77,9,27,0,0,0,1,36,2,5,11,0,6,26,0,0,5,1,28,1,0,1.46,4.26,4,0,11.11,0,4,4,15,13,2,4,0,,31,62.0,0,0,0,54,9,17,4,10,1046,2,2,0,0,1,0,0.0,0,0,0,1,118,7,0,6.71,0,0,0,0,0,0,0,0,261.5,0.0,1,16,20,10,15,3,25.0,0,13,7,53.85,17,26,12,34,35,55.56,30,217,121,338,174.5,36,1,533,15,0,0,Tom Ince,Watford,122663,24
25,11,24.44,197,30,42.86,340,184,524,74.01,22,32.35,46,40,3,0,0,0,105,7,11,18,4,30,40,0,0,29,23,171,0,1,3.71,7.29,38,0,11.86,0,7,10,35,31,4,5,2,,70,35.9,1,0,1,184,4,35,1,39,3067,5,3,0,0,1,0,100.0,0,1,0,1,361,11,0,6.71,0,5,0,0,0,0,0,0,438.14,0.0,0,37,22,18,23,24,36.92,0,16,11,68.75,35,46,65,45,92,34.98,70,489,219,708,268.4,59,2,1170,31,8,0,Ben Brereton Díaz,Derby County,867583,27
7,0,0.0,54,12,85.71,143,126,269,89.37,8,44.44,10,23,2,0,0,0,33,1,1,0,1,11,20,0,0,0,7,24,0,0,0.45,0.61,5,0,16.67,0,1,3,8,8,0,1,0,,14,50.0,0,0,0,32,5,7,0,4,594,0,3,0,1,0,0,0.0,0,0,0,0,46,2,0,6.71,0,1,0,0,0,0,0,0,594.0,0.0,0,3,3,4,2,0,0.0,0,13,5,38.46,6,10,2,0,22,47.83,14,166,135,301,134.2,6,0,372,1,0,0,Jamie Allen,Coventry City,310546,11
12,6,26.09,105,17,34.69,219,158,377,80.04,12,57.14,9,20,3,0,0,0,42,3,0,4,0,23,20,0,0,7,6,46,0,0,1.24,0.49,19,0,0.0,0,0,3,21,20,1,0,0,,40,51.95,0,0,0,94,7,12,0,10,1031,0,5,0,0,0,0,0.0,0,0,0,0,136,1,0,6.71,0,0,0,0,0,0,0,0,0.0,0.0,1,3,7,3,3,1,16.67,0,16,8,50.0,12,30,6,23,52,53.06,49,292,179,471,134.2,10,0,635,24,6,0,Jordan Thompson,Preston North End,800976,21
16,2,14.29,159,12,42.86,238,94,332,65.1,27,40.3,40,33,1,0,0,0,34,1,8,6,2,16,33,0,0,11,4,75,0,1,2.55,8.98,15,1,18.18,0,10,11,24,19,5,9,1,,13,27.08,1,0,4,178,4,25,1,25,1974,8,1,0,1,0,0,0.0,0,0,0,1,244,10,0,6.71,0,8,0,0,0,0,0,0,197.4,16.67,6,44,11,22,27,3,37.5,0,4,2,50.0,24,30,8,14,40,34.78,28,388,122,510,221.4,55,1,718,7,3,0,Marvin Ducksch,Birmingham City,258325,9
5,0,0.0,151,29,72.5,343,333,676,89.66,16,45.71,19,33,0,0,0,0,109,1,0,7,4,20,33,0,0,23,25,139,0,0,0.66,0.61,42,0,18.18,0,2,2,28,26,2,2,0,,99,45.21,0,0,0,78,29,6,0,24,1925,0,2,0,0,0,1,0.0,0,0,0,0,172,9,0,6.71,0,2,0,0,0,0,0,0,962.5,0.0,0,8,3,2,2,23,41.82,0,52,33,63.46,6,8,55,3,115,45.28,40,395,359,754,221.4,11,0,1107,24,7,0,David Ozoh,Derby County,1212155,27
3,5,41.67,134,4,26.67,199,39,238,48.28,198,57.23,148,38,1,0,0,0,54,2,5,10,2,51,38,0,0,28,9,240,0,0,1.48,3.54,38,0,5.13,0,2,3,38,32,6,2,0,,72,43.9,2,0,2,255,8,20,0,20,2021,7,1,0,0,0,0,0.0,0,0,0,0,383,24,0,6.71,0,0,0,0,0,0,0,0,1010.5,0.0,0,29,10,19,10,13,39.39,0,22,13,59.09,20,11,33,12,270,52.94,15,435,58,493,254.9,39,0,894,37,3,0,Miles Leaburn,Charlton Athletic,1391785,47
16,26,24.53,219,17,51.52,372,279,651,86.57,6,19.35,25,41,6,0,0,0,63,7,6,12,4,20,41,0,0,33,15,132,1,0,5.06,2.97,24,0,0.0,0,0,6,29,23,6,0,0,,93,46.5,0,0,2,101,9,49,0,29,2499,9,2,0,0,0,0,0.0,0,0,0,0,311,5,0,6.71,0,0,0,0,0,0,0,0,0.0,0.0,0,32,5,19,6,30,45.45,0,34,24,70.59,49,22,66,106,99,42.86,33,436,316,752,275.0,37,0,1263,29,2,0,Tom Fellows,Southampton,1083026,45
9,3,100.0,136,17,68.0,267,217,484,90.47,9,64.29,5,16,2,0,0,0,58,0,0,2,3,12,15,0,0,7,4,33,0,1,0.43,0.13,10,0,0.0,0,0,2,10,9,1,0,0,,29,50.88,0,0,0,51,8,14,0,9,901,0,4,1,0,0,0,0.0,0,0,0,0,78,3,0,6.71,0,0,0,0,0,0,0,0,0.0,0.0,0,2,1,1,0,6,46.15,0,12,8,66.67,14,18,13,3,38,53.52,25,301,234,535,100.6,3,0,652,11,2,0,Boubakary Soumaré,Leicester City,887581,31
14,2,33.33,85,24,44.44,219,225,444,75.25,37,42.05,51,20,0,0,0,0,64,2,1,2,1,47,20,0,0,12,16,118,0,0,1.1,0.42,34,0,0.0,0,0,0,34,30,4,0,0,,70,51.09,0,0,0,146,19,10,0,19,1714,0,8,0,0,0,0,0.0,0,0,0,0,200,3,0,6.71,0,0,0,0,0,0,0,0,0.0,0.0,0,4,0,1,1,10,62.5,0,36,18,50.0,10,47,16,6,107,47.56,54,324,266,590,134.1,4,0,883,26,5,0,Jaden Heskey,Sheffield Wednesday,1402923,12
24,5,19.23,171,31,32.63,351,412,763,80.15,35,47.95,38,42,0,0,0,0,121,0,0,4,4,123,41,0,0,21,11,115,0,0,0.61,0.3,31,0,0.0,1,0,0,45,40,5,0,0,,152,66.38,0,0,0,189,21,9,0,30,2847,4,18,1,0,0,1,0.0,0,0,0,0,305,6,0,6.7,0,0,0,0,0,0,0,0,0.0,0.0,0,4,3,3,0,29,64.44,0,96,62,64.58,9,61,45,26,187,61.92,95,485,467,952,274.9,7,0,1591,28,5,0,Odeluga Offiah,Preston North End,1069627,21
42,5,19.23,200,64,45.71,455,392,847,79.91,24,41.38,34,43,1,0,0,0,99,2,0,9,5,42,42,0,0,14,28,122,0,0,1.45,1.05,39,0,0.0,0,0,1,39,31,8,0,0,,89,50.28,0,0,2,213,33,18,0,26,2571,0,16,0,0,0,0,0.0,0,0,0,0,296,4,0,6.7,0,0,0,0,0,0,0,0,0.0,0.0,0,7,16,10,4,9,56.25,0,50,31,62.0,18,87,16,26,113,48.09,140,617,443,1060,281.6,23,0,1432,31,3,0,Tatsuki Seko,Stoke City,1020071,29
34,7,17.07,142,56,32.37,308,398,706,72.04,80,51.95,74,40,1,0,0,0,82,5,1,3,6,174,38,0,0,8,20,133,0,1,1.94,1.39,25,0,6.25,11,1,2,45,36,9,1,0,,80,57.55,0,0,1,274,37,14,0,34,3069,0,21,0,0,0,0,0.0,0,0,0,0,422,5,0,6.7,0,1,0,0,0,0,0,0,3069.0,0.0,0,14,2,11,2,7,53.85,0,51,37,72.55,14,80,13,41,160,54.61,173,510,470,980,254.7,16,1,1677,22,2,0,Sam Long,Oxford United,255391,95
14,5,16.67,121,15,48.39,201,110,311,80.36,7,35.0,13,29,1,0,0,0,60,9,7,12,0,19,28,0,0,20,12,76,0,0,1.92,5.67,17,0,9.09,0,4,5,27,23,4,4,0,,45,41.67,0,0,1,76,6,21,0,21,1796,11,1,0,0,0,0,0.0,0,0,0,0,169,10,0,6.7,0,4,0,0,0,0,0,0,449.0,0.0,0,30,14,15,17,13,48.15,0,13,9,69.23,21,26,27,30,52,40.63,31,258,129,387,187.6,44,0,639,19,5,0,Sammie Szmodics,Derby County,354782,27
14,2,33.33,130,23,44.23,257,232,489,83.88,7,43.75,9,21,1,0,0,0,49,0,2,5,0,20,20,0,0,10,8,46,0,1,0.83,1.19,11,0,5.56,0,1,2,13,10,3,0,1,,36,49.32,0,0,2,94,9,12,0,9,878,0,4,0,0,0,0,0.0,0,0,0,0,131,4,0,6.7,0,1,0,0,0,0,0,0,878.0,0.0,0,8,10,7,6,11,55.0,0,22,11,50.0,12,34,20,6,43,48.31,52,327,256,583,134.0,18,1,740,3,5,0,Alexander Gilbert,Middlesbrough,1005765,36
2,7,15.91,102,4,25.0,163,52,215,79.93,15,25.86,43,15,1,0,0,0,51,1,0,1,1,12,14,0,0,8,3,77,0,0,1.33,0.73,8,0,33.33,0,1,2,14,12,2,1,0,,35,50.72,0,0,0,54,3,15,1,10,867,3,0,0,0,0,0,0.0,0,0,0,0,148,6,0,6.7,0,0,0,0,0,0,0,0,867.0,0.0,0,2,1,1,1,7,30.43,0,13,11,84.62,15,6,23,44,50,39.37,16,207,62,269,93.8,3,0,471,15,0,0,Chiedozie Ogbene,Sheffield United,849309,15
2,3,20.0,46,3,33.33,80,56,136,86.62,0,0.0,6,10,0,0,0,0,6,0,0,1,0,1,10,0,0,6,1,21,0,0,0.51,0.25,6,1,12.5,0,1,1,5,5,0,0,1,,15,50.0,0,0,0,21,5,9,0,3,316,1,0,0,0,0,0,0.0,0,0,0,0,50,0,0,6.7,0,1,0,0,0,0,0,0,316.0,50.0,2,0,8,3,4,2,50.0,0,6,5,83.33,9,6,4,15,15,41.67,9,96,61,157,67.0,8,0,230,7,0,0,Leo Walta,Swansea City,1018786,74
20,5,14.29,119,24,40.68,209,155,364,81.25,22,46.81,25,19,2,0,0,0,43,1,0,2,2,29,18,0,1,8,8,67,1,0,1.19,0.11,21,0,0.0,0,0,2,13,12,1,0,0,,46,52.27,0,0,0,84,15,14,0,12,983,0,5,0,0,0,0,0.0,0,0,0,0,158,3,0,6.7,1,0,0,0,0,0,0,0,0.0,0.0,0,2,2,2,0,9,64.29,0,30,18,60.0,14,41,14,35,68,50.37,59,265,183,448,120.6,4,0,706,7,2,0,Welington,Southampton,1009920,45
0,0,0.0,1,3,13.64,3,11,14,42.42,0,0.0,0,1,1,0,0,0,9,1,0,0,1,0,1,0,0,0,0,0,0,0,0.01,,0,0,0.0,4,0,1,0,0,0,0,0,0.01,0,0.0,0,0,0,19,0,1,0,1,90,0,0,0,0,0,0,0.0,0,0,0,0,20,0,0,6.7,0,0,0,0,1,1,0,0,0.0,0.0,0,0,0,0,0,0,0.0,0,0,0,0.0,1,1,0,0,0,0.0,22,22,11,33,6.7,0,0,41,0,0,0,Daniel Grimshaw,Norwich City,851096,263
0,0,0.0,1,0,0.0,4,30,34,94.44,1,33.33,2,1,0,0,0,0,1,0,0,0,1,12,1,0,0,0,1,3,0,0,0.0,,0,0,0.0,3,0,0,0,0,0,0,0,,1,50.0,0,0,0,2,2,0,0,1,90,0,0,0,0,0,0,0.0,0,0,0,0,3,0,0,6.7,0,0,0,0,0,0,0,0,0.0,0.0,0,0,0,0,0,0,0.0,0,0,0,0.0,0,0,0,0,2,40.0,0,4,32,36,6.7,0,0,53,1,0,0,Torbjørn Heggem,West Bromwich Albion,933264,8
0,0,0.0,0,0,0.0,1,3,4,100.0,0,0.0,0,1,0,0,0,0,1,0,0,0,0,0,1,0,0,0,1,1,0,0,0.0,,0,0,0.0,0,0,0,0,0,0,0,0,,1,50.0,0,0,0,0,0,0,0,0,11,0,0,0,0,0,0,0.0,0,0,0,0,0,0,0,6.7,0,0,0,0,0,0,0,0,0.0,0.0,0,0,0,0,0,0,0.0,0,1,0,0.0,0,0,0,0,1,50.0,0,1,3,4,6.7,0,0,7,0,0,0,Brandon Williams,Hull City,927368,96
1,0,0.0,4,1,100.0,9,3,12,92.31,0,0.0,0,1,0,0,0,0,0,0,0,0,0,1,1,0,0,0,0,1,0,0,0.01,,1,0,0.0,0,0,0,1,1,0,0,0,,1,50.0,0,0,0,1,0,0,0,0,22,0,0,0,0,0,0,0.0,0,0,0,0,1,0,0,6.7,0,0,0,0,0,0,0,0,0.0,0.0,0,0,0,0,0,0,0.0,0,1,1,100.0,0,1,0,0,1,50.0,1,10,3,13,6.7,0,0,16,0,0,0,Ricardo Santos,Swansea City,555376,74
0,0,0.0,5,1,33.33,10,11,21,91.3,0,0.0,0,2,0,0,0,0,5,0,0,0,0,0,1,0,0,0,0,3,0,0,0.01,,3,0,0.0,0,0,0,0,0,0,0,0,,1,25.0,0,0,0,2,2,0,0,1,64,0,1,0,0,0,0,0.0,0,0,0,0,9,0,0,6.7,0,0,0,0,0,0,0,0,0.0,0.0,0,0,0,0,0,1,100.0,0,0,0,0.0,0,1,1,1,1,25.0,3,11,12,23,6.7,0,0,36,0,0,0,Yisa Alao,Sheffield Wednesday,2220696,12
0,0,0.0,2,1,50.0,8,23,31,88.57,7,87.5,1,2,0,0,0,0,3,0,0,0,0,11,1,0,0,0,0,2,0,0,0.0,,1,0,0.0,0,0,0,2,1,1,0,0,,1,50.0,0,0,0,4,1,0,0,1,91,0,0,0,0,0,0,0.0,0,0,0,0,5,0,0,6.7,0,0,0,0,0,0,0,0,0.0,0.0,0,0,0,0,0,0,0.0,0,1,0,0.0,0,0,0,0,8,80.0,2,10,25,35,6.7,0,0,51,0,1,0,Darragh Lenihan,Middlesbrough,136375,36
0,0,0.0,0,0,0.0,0,0,0,0.0,0,0.0,0,2,0,0,0,0,0,0,0,0,0,3,1,0,0,0,0,0,0,0,0.0,,0,0,0.0,0,0,0,0,0,0,0,0,,1,100.0,0,0,0,1,0,0,0,0,15,0,0,0,0,0,0,0.0,0,0,0,0,1,0,0,6.7,0,0,0,0,0,0,0,0,0.0,0.0,0,0,0,0,0,0,0.0,0,1,1,100.0,0,1,0,0,1,100.0,1,1,0,1,6.7,0,0,7,0,1,0,James Morris,Watford,1004344,24
16,1,14.29,60,23,23.71,144,148,292,66.67,39,67.24,19,14,0,0,0,0,41,0,0,5,3,67,14,0,0,4,8,46,0,0,0.2,0.85,14,0,0.0,0,0,0,16,16,0,0,0,,25,48.08,0,0,0,146,13,7,0,11,1085,0,8,0,0,0,0,0.0,0,0,0,0,180,1,0,6.7,0,0,0,0,0,0,0,0,0.0,0.0,0,6,5,4,2,6,85.71,0,19,15,78.95,7,62,7,7,64,58.18,97,246,192,438,93.8,11,0,650,0,2,0,Tom Atcheson,Blackburn Rovers,1481356,46
2,0,0.0,15,7,29.17,36,36,72,54.14,17,60.71,11,11,0,0,0,0,19,0,0,0,1,9,11,0,0,2,5,29,0,0,0.11,0.18,8,0,0.0,0,0,0,7,6,1,0,0,,28,60.87,0,0,0,61,8,1,0,6,532,0,2,0,0,0,0,0.0,0,0,0,0,72,2,0,6.7,0,0,0,0,0,0,0,0,0.0,0.0,0,1,1,2,0,2,33.33,0,26,17,65.38,1,8,6,3,45,60.81,24,77,56,133,73.7,2,0,214,1,1,0,Jamie McDonnell,Oxford United,1136418,95
2,5,55.56,21,2,33.33,31,21,52,76.47,4,44.44,5,8,0,0,0,0,11,0,0,0,0,8,8,0,0,5,1,19,0,0,0.57,0.02,3,0,0.0,0,0,0,4,4,0,0,0,,15,51.72,0,0,0,16,3,3,0,1,171,2,1,0,0,0,0,0.0,0,0,0,0,45,1,0,6.7,0,0,0,0,0,0,0,0,0.0,0.0,0,0,1,1,0,4,44.44,0,3,2,66.67,3,5,9,9,19,50.0,6,45,23,68,53.6,1,0,137,8,0,0,Oladapo Afolayan,Blackburn Rovers,871621,46
20,10,15.63,209,19,38.78,350,247,597,74.81,38,36.19,67,45,3,0,0,0,104,4,7,19,2,43,45,0,0,26,17,189,0,0,2.89,6.42,52,0,7.27,0,4,7,60,52,8,4,0,,109,47.19,0,0,3,201,17,23,1,37,3237,17,2,0,0,0,0,0.0,0,0,0,0,408,9,0,6.7,0,3,0,0,0,0,0,0,809.25,0.0,2,40,15,20,16,29,46.03,0,37,26,70.27,23,38,63,64,147,43.75,49,510,288,798,301.4,55,0,1337,44,4,0,Jamal Lowe,Sheffield Wednesday,257433,12
8,30,24.79,136,17,25.0,254,197,451,74.06,24,44.44,30,33,1,0,0,0,96,4,1,7,4,50,32,0,0,12,22,108,0,1,2.37,1.55,26,0,9.52,0,2,3,32,24,8,2,0,,75,49.02,1,0,1,158,19,23,0,23,2039,2,7,0,0,0,0,0.0,0,0,0,0,321,6,0,6.7,0,1,0,0,0,0,0,0,1019.5,0.0,0,11,10,6,8,19,50.0,0,43,29,67.44,23,36,38,121,99,47.83,68,360,249,609,214.3,21,1,1142,14,4,0,Ryan Longman,Wrexham,991569,64
14,13,19.7,133,11,26.19,217,108,325,74.2,11,34.38,21,28,2,0,0,0,64,3,4,20,1,11,28,0,0,22,17,117,0,0,2.1,3.17,24,0,8.89,0,4,6,13,9,4,3,1,,51,34.69,0,0,1,113,5,16,4,18,1492,2,0,0,0,0,0,0.0,0,0,0,0,268,13,0,6.7,0,0,0,0,0,0,0,0,373.0,0.0,0,25,20,13,12,16,32.0,0,24,12,50.0,16,43,50,66,62,34.64,42,306,132,438,187.5,45,0,766,11,2,0,Sindre Walle Egeli,Ipswich Town,1154598,32
7,0,0.0,35,14,43.75,81,109,190,75.1,17,62.96,10,16,0,0,0,0,48,0,0,3,0,16,16,0,0,6,16,43,0,0,0.11,0.25,9,0,0.0,0,0,0,11,7,4,0,0,,43,56.58,0,0,0,63,12,4,0,12,897,0,4,0,0,0,0,0.0,0,0,0,0,91,2,0,6.69,0,0,0,0,0,0,0,0,0.0,0.0,0,1,6,3,1,2,50.0,0,21,13,61.9,4,19,4,5,60,58.25,32,121,132,253,107.1,7,0,400,20,2,0,Yunus Konak,Oxford United,1518589,95
17,0,0.0,109,9,22.5,227,322,549,80.97,26,61.9,16,31,0,0,0,0,53,0,0,5,1,32,30,0,0,6,4,49,0,1,0.53,0.35,21,0,11.11,0,1,1,20,18,2,0,1,,38,53.52,0,0,0,129,19,4,0,13,1290,1,12,0,0,0,0,0.0,0,0,0,0,155,3,0,6.69,0,1,0,0,0,0,0,0,1290.0,0.0,0,5,4,2,2,6,66.67,0,23,13,56.52,4,33,9,1,64,56.64,40,320,358,678,200.8,9,0,861,9,5,0,Jay Fulton,Swansea City,164291,74
3,1,12.5,71,3,60.0,127,47,174,62.82,87,50.29,86,43,2,0,0,0,29,4,12,17,2,17,43,0,0,9,4,125,0,0,0.5,11.61,19,0,17.11,0,13,15,22,21,1,11,2,,10,20.41,5,0,2,103,1,17,2,15,1655,7,2,0,0,0,0,0.0,0,0,0,0,183,4,0,6.69,0,6,0,0,0,0,0,0,127.31,0.0,0,69,7,25,34,1,10.0,0,7,3,42.86,17,6,10,8,97,43.69,5,217,60,277,287.8,76,3,504,2,1,0,Ellis Simms,Coventry City,991614,11
22,2,14.29,167,30,23.08,304,282,586,68.86,52,52.0,48,39,3,0,0,1,152,0,5,15,8,60,39,0,0,21,28,148,0,0,1.84,2.99,48,0,3.03,0,1,4,38,31,7,1,0,,112,52.83,0,0,1,265,29,28,0,32,2952,2,29,0,0,1,0,0.0,0,0,0,0,358,13,0,6.69,0,1,0,0,0,0,0,0,2952.0,0.0,0,22,11,7,11,11,64.71,0,78,41,52.56,28,75,17,14,164,52.56,130,514,337,851,261.0,33,0,1321,23,7,0,Greg Docherty,Charlton Athletic,313386,47
6,1,20.0,54,7,29.17,83,62,145,69.71,4,23.53,13,11,1,0,0,0,33,1,1,1,0,12,11,0,0,7,9,49,1,2,0.51,0.78,11,0,14.29,0,1,2,11,9,2,1,0,,40,52.63,0,0,0,63,6,6,0,7,577,1,3,0,0,0,0,0.0,0,0,0,0,111,3,0,6.69,0,1,0,0,0,0,0,0,577.0,0.0,0,4,3,3,3,13,59.09,0,19,10,52.63,6,22,22,5,44,47.31,24,131,77,208,73.6,7,0,353,9,3,0,Andrew Moran,Preston North End,1005706,21
37,29,26.36,222,49,45.37,387,274,661,74.86,22,44.9,27,40,3,0,0,0,95,6,1,23,5,17,40,0,0,27,23,103,0,1,3.89,4.58,22,0,3.45,0,2,5,29,24,5,2,0,,71,48.3,0,0,1,222,12,48,2,27,2370,5,4,0,0,0,0,0.0,0,0,0,0,389,17,0,6.69,0,0,0,0,0,0,0,0,1185.0,0.0,2,29,29,24,11,12,75.0,0,28,20,71.43,48,94,16,110,93,47.45,108,556,327,883,267.6,58,0,1316,31,4,0,Conor Chaplin,Portsmouth,784625,2
56,3,27.27,142,79,50.64,331,358,689,77.68,25,47.17,28,32,0,0,0,0,77,1,1,4,1,40,30,0,0,7,21,85,1,0,0.9,1.45,23,0,7.69,0,1,1,31,25,6,1,0,,60,51.28,0,0,0,198,29,4,0,16,1562,2,2,0,0,0,0,0.0,0,0,0,0,257,4,0,6.69,1,1,0,0,0,0,0,0,1562.0,0.0,0,7,6,7,2,7,50.0,0,50,26,52.0,4,120,14,11,85,50.0,156,471,416,887,200.7,13,0,1171,3,8,1,John Lundstram,Hull City,149815,96
8,0,0.0,52,13,52.0,125,79,204,87.93,0,0.0,0,10,0,0,0,0,16,0,0,0,0,4,10,0,1,1,2,7,0,0,0.25,,2,0,0.0,0,0,0,10,8,2,0,0,,8,53.33,0,0,0,28,5,6,0,4,431,0,0,0,0,0,0,0.0,0,0,0,0,36,0,0,6.69,1,0,0,0,0,0,0,0,0.0,0.0,0,0,0,0,0,1,33.33,0,6,6,100.0,6,12,3,2,8,53.33,25,150,82,232,66.9,0,0,269,1,0,0,Joe Rothwell,Sheffield United,190853,15
0,3,33.33,50,1,25.0,67,29,96,73.28,4,20.0,16,19,1,0,0,0,23,0,1,7,0,8,19,0,0,10,7,48,0,0,0.33,1.48,5,0,10.0,0,2,3,13,12,1,1,1,,28,46.67,0,0,0,35,4,4,2,7,624,0,0,0,0,0,0,0.0,0,0,0,1,90,4,0,6.69,0,0,0,0,0,0,0,0,312.0,0.0,1,5,15,9,4,8,44.44,0,16,10,62.5,4,2,18,9,32,40.0,4,96,35,131,127.1,20,1,292,4,0,0,Forson Amankwah,Norwich City,1113141,263
42,2,10.53,161,69,33.82,336,411,747,74.55,67,55.37,54,37,1,0,0,0,116,5,3,4,9,105,37,0,0,18,11,133,0,1,1.29,1.63,43,0,0.0,0,0,1,43,33,10,0,0,,100,55.87,0,0,1,255,45,11,0,33,3017,1,22,1,0,0,1,0.0,0,0,0,0,412,4,0,6.69,1,0,0,0,0,0,0,0,0.0,0.0,0,15,1,9,3,14,63.64,0,58,32,55.17,11,118,22,19,167,55.67,204,548,454,1002,247.5,16,1,1628,29,6,1,Kayne Ramsay,Charlton Athletic,967457,47
7,0,0.0,18,9,33.33,75,137,212,85.14,21,67.74,10,9,0,0,0,0,20,0,1,0,0,41,9,0,0,1,5,23,0,0,0.05,0.24,5,0,0.0,1,0,0,10,8,2,0,0,,14,51.85,0,0,0,37,8,0,0,6,551,0,10,0,0,0,0,0.0,0,0,0,0,51,0,0,6.69,0,0,0,0,0,0,0,0,0.0,0.0,0,1,1,2,0,2,50.0,0,8,5,62.5,0,12,4,0,35,60.34,27,100,149,249,60.2,2,0,376,5,1,0,Lewis Brunt,Wrexham,994562,64
17,0,0.0,15,27,36.49,90,300,390,77.84,50,64.94,27,14,0,0,0,0,36,0,0,2,0,73,14,0,0,2,7,47,1,1,0.18,0.1,10,0,33.33,3,1,1,21,19,2,1,0,,16,44.44,0,0,0,111,19,1,1,10,909,2,16,0,0,0,0,0.0,0,0,0,0,123,1,0,6.69,0,0,0,0,0,0,0,0,909.0,0.0,0,3,0,0,1,0,0.0,0,10,5,50.0,1,44,1,0,66,58.41,74,160,341,501,93.6,3,0,668,6,3,0,Liam Cooper,Sheffield Wednesday,39327,12
5,12,17.91,82,5,26.32,143,65,208,75.64,9,24.32,28,17,1,0,0,0,50,2,6,6,1,8,17,0,0,13,12,79,0,0,1.2,2.17,10,0,15.79,0,3,4,12,12,0,3,0,,39,43.33,1,0,2,67,7,12,1,10,992,6,1,0,0,0,0,0.0,0,0,0,0,198,9,0,6.68,0,1,0,0,0,0,0,0,330.67,0.0,0,16,3,3,10,7,29.17,0,16,10,62.5,12,14,24,67,48,37.8,19,188,87,275,113.6,19,0,547,16,1,0,Carlos Vicente,Birmingham City,1084399,9
2,2,22.22,62,2,20.0,97,38,135,67.5,29,34.94,54,36,1,0,0,0,37,1,8,10,0,11,33,0,0,16,6,111,0,0,0.85,5.14,17,0,17.14,0,6,7,15,12,3,5,1,,45,44.12,1,0,1,65,3,14,3,12,1151,15,0,0,0,0,0,0.0,0,0,0,1,152,8,0,6.68,0,2,0,0,0,0,0,0,191.83,0.0,0,27,8,7,18,9,33.33,0,11,8,72.73,14,6,27,9,74,40.0,10,151,49,200,220.5,35,0,421,26,1,0,Mathias Kvistgaarden,Norwich City,1018523,263
2,1,14.29,37,8,66.67,68,36,104,73.76,5,41.67,7,11,0,0,0,0,24,2,1,6,1,10,11,0,0,10,7,44,0,0,1.62,1.46,8,0,0.0,0,0,0,14,12,2,0,0,,24,39.34,0,0,1,37,1,7,0,8,758,2,4,0,0,0,0,0.0,0,0,0,0,86,4,0,6.68,0,0,0,0,0,0,0,0,0.0,0.0,0,7,9,8,2,10,45.45,0,11,4,36.36,7,4,22,7,29,39.73,12,100,41,141,73.5,16,1,276,3,2,0,Ante Crnac,Norwich City,1090027,263
10,1,33.33,135,16,48.48,277,167,444,83.93,10,41.67,14,21,1,0,0,0,54,2,1,2,0,16,21,0,0,6,5,34,0,0,0.8,0.51,6,0,0.0,0,0,1,17,14,3,0,0,,19,48.72,0,0,0,85,19,11,0,9,907,0,8,0,0,0,0,0.0,0,0,0,0,119,2,0,6.68,0,0,0,0,0,0,0,0,0.0,0.0,0,4,4,5,1,4,50.0,0,12,8,66.67,11,21,8,3,29,46.03,33,345,184,529,140.3,8,0,666,3,2,0,Oliver Arblaster,Sheffield United,1191153,15
5,0,0.0,26,2,66.67,43,26,69,79.31,7,58.33,5,11,0,0,0,0,8,0,3,5,1,2,10,0,0,8,1,21,0,0,0.21,1.74,7,0,5.0,0,1,1,3,2,1,1,0,,9,36.0,0,0,0,18,1,1,0,1,323,2,2,0,0,0,0,0.0,0,0,0,0,38,3,0,6.68,0,1,0,0,0,0,0,0,323.0,0.0,1,11,9,7,8,1,50.0,0,2,2,100.0,1,6,2,1,16,43.24,3,59,28,87,66.8,20,0,153,6,0,0,Leo Castledine,Middlesbrough,1142185,36
2,0,0.0,9,3,75.0,23,14,37,77.08,9,100.0,0,6,0,0,0,0,6,0,0,0,0,6,5,0,0,0,4,8,0,0,0.02,,4,0,0.0,0,0,0,3,2,1,0,0,,4,33.33,0,0,0,11,2,1,0,0,83,0,1,0,0,0,0,0.0,0,0,0,0,11,0,0,6.68,0,0,0,0,0,0,0,0,0.0,0.0,0,0,0,0,0,0,0.0,0,4,3,75.0,1,4,0,0,13,61.9,4,31,17,48,33.4,0,0,65,0,2,0,Oriol Romeu,Southampton,69416,45
2,0,0.0,5,5,18.52,19,77,96,73.28,10,38.46,16,6,0,0,0,0,12,0,0,1,1,34,5,0,0,1,2,21,0,0,0.02,0.08,3,0,0.0,0,0,0,8,8,0,0,0,,15,75.0,0,0,0,35,2,0,0,4,358,0,9,0,0,0,0,0.0,0,0,0,0,38,0,0,6.68,0,0,0,0,0,0,0,0,0.0,0.0,0,1,0,0,0,0,0.0,0,8,2,25.0,0,9,0,0,25,54.35,27,43,88,131,33.4,1,0,208,7,0,0,Ernie Weaver,Sheffield Wednesday,2220445,12
3,2,28.57,120,12,44.44,218,257,475,85.74,11,37.93,18,33,2,0,0,0,65,1,1,3,0,6,32,0,1,13,13,65,0,1,0.9,1.15,9,0,7.69,0,1,3,15,13,2,1,0,,71,60.17,0,0,0,79,6,13,1,10,1048,0,1,0,0,0,0,0.0,0,0,0,0,141,9,0,6.68,1,0,0,0,0,0,0,0,1048.0,0.0,0,6,7,6,4,11,47.83,0,23,12,52.17,13,11,23,7,82,55.78,27,280,274,554,213.7,13,1,773,40,3,0,Malick Yalcouyé,Swansea City,1568186,74
5,39,19.31,108,11,18.03,190,125,315,69.38,20,43.48,26,41,2,0,0,0,100,4,1,13,1,62,41,0,0,35,9,123,1,1,2.56,2.17,15,0,7.89,0,3,5,31,24,7,2,1,,70,41.92,0,0,1,139,9,28,1,27,2495,7,4,1,0,0,0,0.0,0,0,0,0,444,24,0,6.68,0,2,0,0,0,0,0,0,831.67,0.0,0,24,14,7,18,20,34.48,0,36,21,58.33,28,32,58,202,90,42.25,61,288,166,454,273.8,38,1,1099,14,5,0,Thierry Small,Preston North End,1100606,21
3,1,8.33,56,4,20.0,88,38,126,69.23,4,23.53,13,18,0,0,0,0,25,0,0,0,0,3,18,0,0,8,7,42,0,1,0.32,0.75,8,0,40.0,0,2,2,8,7,1,1,1,,26,47.27,0,0,0,56,3,4,1,2,499,0,0,0,0,0,0,0.0,0,0,0,0,95,3,0,6.68,0,1,0,0,0,0,0,0,249.5,0.0,0,3,2,2,3,10,58.82,0,11,8,72.73,4,14,17,12,30,41.67,20,131,51,182,120.2,5,0,287,5,0,0,Mads Frøkjær,Preston North End,939585,21
37,3,18.75,85,67,46.85,238,536,774,84.22,34,53.97,29,26,0,0,0,0,67,0,0,1,2,99,26,0,0,2,4,51,0,1,0.39,0.4,10,0,0.0,4,0,0,29,22,7,0,0,,36,62.07,0,0,1,145,13,5,0,18,1684,2,10,1,0,0,0,0.0,0,0,0,0,192,3,0,6.68,0,0,0,0,0,0,0,0,0.0,0.0,0,4,0,3,0,4,40.0,0,20,15,75.0,5,71,10,16,70,57.85,143,326,593,919,173.6,4,1,1242,12,3,0,Charlie Taylor,West Bromwich Albion,166381,8
11,11,18.33,90,17,17.71,182,143,325,63.98,9,25.71,26,33,2,0,0,0,86,2,1,1,3,69,33,0,0,20,20,114,1,2,1.54,0.56,25,0,0.0,0,0,2,28,22,6,0,0,,120,57.69,0,0,0,183,26,11,0,22,2008,1,9,0,1,0,2,0.0,0,0,0,0,339,1,0,6.68,0,0,0,0,0,0,0,0,0.0,0.0,0,3,2,4,0,23,50.0,0,71,48,67.61,10,33,46,60,129,53.09,96,294,214,508,220.3,5,0,1121,26,2,0,Pol Valentín,Preston North End,893065,21
5,1,11.11,119,6,54.55,168,78,246,70.69,28,34.15,54,35,1,0,0,0,41,5,13,12,1,14,35,0,0,22,8,123,0,0,1.83,10.12,19,0,15.09,1,8,9,18,15,3,8,0,,33,32.35,2,0,0,102,4,22,2,25,2077,9,2,0,0,0,0,0.0,0,0,0,0,219,12,0,6.67,0,3,0,0,0,0,0,0,259.63,0.0,0,48,5,18,23,15,41.67,0,9,5,55.56,22,11,36,9,61,33.15,11,255,93,348,233.6,53,1,637,9,2,0,David Strelec,Middlesbrough,918482,36
2,1,33.33,49,7,70.0,93,83,176,81.48,12,46.15,14,20,0,0,0,0,41,0,3,2,1,7,19,0,0,7,10,49,0,0,0.21,1.89,12,0,20.0,0,2,2,11,10,1,2,0,,32,47.76,0,0,0,40,4,7,2,6,699,1,1,0,0,0,0,0.0,0,0,0,0,84,4,0,6.67,0,0,0,0,0,0,0,0,349.5,0.0,0,7,3,5,3,5,41.67,0,17,6,35.29,7,7,12,3,44,47.31,10,121,95,216,126.8,10,0,337,10,0,0,Darko Gyabi,Hull City,1067117,96
8,5,12.2,123,9,27.27,216,135,351,81.63,15,45.45,18,22,1,0,0,0,42,2,0,3,3,21,22,0,0,15,15,80,0,3,0.77,0.53,11,0,18.18,0,2,3,11,9,2,1,1,,52,45.61,0,0,1,79,5,9,0,8,1047,1,3,0,0,0,0,0.0,0,0,0,0,200,2,0,6.67,0,2,0,0,0,0,0,0,523.5,0.0,0,5,6,5,3,8,25.81,0,22,15,68.18,9,20,31,41,67,45.58,33,271,159,430,146.8,11,0,722,22,3,0,Samuel Silvera,Middlesbrough,991166,36
26,11,13.25,309,63,36.21,606,664,1270,82.04,40,51.28,38,43,0,0,0,0,160,1,3,12,7,107,43,0,0,28,18,168,0,4,2.21,2.25,50,0,0.0,0,0,0,44,36,8,0,0,,154,54.23,0,0,0,278,45,28,0,38,3464,2,13,0,0,0,1,0.0,0,0,0,0,530,4,0,6.67,0,0,0,0,0,0,0,0,0.0,0.0,0,12,15,7,8,21,36.21,0,92,58,63.04,28,86,58,83,194,53.59,174,784,764,1548,286.9,27,0,2533,42,11,0,Kellen Fisher,Norwich City,1395695,263
20,4,12.9,234,21,55.26,430,252,682,80.9,34,38.2,55,42,3,0,0,0,126,0,5,24,5,22,42,0,0,32,13,162,0,0,2.79,4.63,21,0,4.17,0,2,5,37,31,6,1,1,,127,54.27,1,0,0,161,19,35,0,32,2936,1,1,0,0,0,0,0.0,0,0,0,0,347,19,0,6.67,0,1,0,0,0,0,0,0,1468.0,0.0,0,29,19,10,14,40,49.38,0,46,26,56.52,35,36,81,31,161,49.85,38,555,288,843,280.2,48,0,1355,41,1,0,Jun-Ho Bae,Stoke City,1185869,29
0,0,0.0,11,0,0.0,20,16,36,73.47,10,26.32,28,7,0,0,0,0,9,1,2,1,0,3,7,0,0,6,0,44,0,0,0.39,1.52,4,0,28.57,0,2,2,8,8,0,2,0,,10,38.46,0,0,0,13,2,3,2,3,308,2,1,0,0,0,0,0.0,0,0,0,0,39,0,0,6.67,0,0,0,0,0,0,0,0,154.0,0.0,0,6,1,3,3,1,14.29,0,1,0,0.0,3,1,7,2,20,31.25,0,30,19,49,46.7,7,0,107,8,0,0,George Brown,Sheffield Wednesday,2222921,12
1,1,33.33,34,4,30.77,78,52,130,87.84,10,55.56,8,8,0,0,0,0,16,0,0,0,0,7,7,0,0,3,5,27,0,0,0.28,,12,0,0.0,0,0,0,5,4,1,0,0,,24,55.81,0,0,0,18,5,1,0,3,319,0,0,0,0,0,1,0.0,0,0,0,0,35,1,0,6.67,0,0,0,0,0,0,0,0,0.0,0.0,0,0,0,0,0,2,50.0,0,10,7,70.0,1,3,4,3,34,55.74,13,94,54,148,46.7,0,0,222,12,0,0,Alex Matos,Sheffield United,1186050,15
6,1,50.0,46,10,47.62,89,97,186,82.67,9,39.13,14,10,1,0,0,0,19,0,0,2,1,15,10,0,0,10,5,44,0,1,0.15,0.08,12,0,0.0,0,0,1,4,3,1,0,0,,24,44.44,0,0,0,39,3,2,0,6,537,1,3,0,0,0,0,0.0,0,0,0,0,68,2,0,6.67,0,0,0,0,0,0,0,0,0.0,0.0,0,0,2,0,0,0,0.0,0,20,12,60.0,2,11,3,2,33,42.86,21,113,112,225,66.7,2,0,325,4,2,0,Karoy Anderson,Charlton Athletic,1400998,47
0,0,0.0,4,1,16.67,7,13,20,68.97,0,0.0,3,3,0,0,0,0,2,0,1,0,0,0,3,0,0,0,0,3,0,0,0.01,0.28,0,0,0.0,0,0,0,0,0,0,0,0,,3,100.0,0,0,0,9,3,0,0,0,64,0,1,0,0,0,0,0.0,0,0,0,0,9,0,0,6.67,0,0,0,0,0,0,0,0,0.0,0.0,0,1,0,1,0,0,0.0,0,3,1,33.33,0,3,0,0,3,50.0,6,15,14,29,20.0,1,0,41,0,0,0,Joe Emery,Sheffield Wednesday,2220446,12
16,2,13.33,92,17,32.69,208,299,507,77.76,39,55.71,31,29,2,0,0,0,57,2,1,5,2,34,29,0,0,7,9,67,0,0,1.27,0.93,18,0,0.0,0,0,2,25,18,7,0,0,,50,58.14,0,0,0,145,27,16,0,15,1501,1,8,0,0,0,0,0.0,0,0,0,0,185,2,0,6.67,0,0,0,0,0,0,0,0,0.0,0.0,0,8,6,5,4,5,55.56,0,35,19,54.29,16,48,9,15,89,57.05,52,307,345,652,193.3,14,0,882,10,6,0,Isaac Hayden,Queens Park Rangers,190843,1
9,1,7.69,87,6,75.0,130,46,176,63.31,73,38.83,115,28,0,0,0,0,44,1,12,8,1,25,28,0,0,22,7,196,0,0,1.53,9.43,41,0,20.45,0,9,9,15,13,2,8,1,,59,42.14,2,0,2,102,3,15,0,24,1955,8,4,0,0,0,0,0.0,0,0,0,0,210,16,0,6.66,0,7,0,0,0,0,0,0,217.22,0.0,0,38,6,17,19,5,26.32,0,15,8,53.33,15,13,19,13,132,40.24,8,222,56,278,186.6,44,2,581,39,2,0,Josh Coburn,Millwall,1010009,25
19,25,34.25,170,28,44.44,291,212,503,79.97,16,30.77,36,28,3,0,0,0,57,2,2,9,0,21,25,0,1,11,11,92,1,0,2.22,1.15,22,0,0.0,0,0,3,13,9,4,0,0,,45,44.55,0,0,0,126,10,27,0,13,1269,1,4,0,0,0,0,0.0,0,0,0,0,233,8,0,6.66,1,0,0,0,0,0,0,0,0.0,0.0,2,9,11,5,6,9,42.86,0,29,13,44.83,27,40,21,73,61,39.87,63,377,252,629,166.6,20,0,916,7,3,0,Jacob Wright,Norwich City,1402922,263
37,4,28.57,104,109,42.58,373,1069,1442,82.4,124,55.61,99,41,1,0,0,0,118,1,3,5,10,267,41,0,0,10,16,158,0,4,1.19,1.49,36,0,0.0,22,0,1,56,45,11,0,0,,68,53.54,0,0,1,308,67,11,0,40,3620,6,32,1,0,0,0,0.0,0,0,0,0,362,4,0,6.66,0,0,0,0,0,0,0,0,0.0,0.0,0,13,3,6,5,4,100.0,0,38,20,52.63,11,91,4,14,192,54.86,256,588,1162,1750,273.1,16,0,2385,28,6,0,Regan Poole,Portsmouth,605062,2
27,5,12.82,139,34,47.22,280,290,570,77.03,46,54.12,39,23,1,0,0,0,107,1,1,4,2,47,23,0,0,36,9,134,1,2,2.06,1.11,18,0,0.0,0,0,1,41,37,4,0,0,,95,50.0,0,0,0,170,13,16,0,23,2050,2,7,0,0,0,0,0.0,0,0,0,0,336,2,0,6.66,0,0,0,0,0,0,0,0,0.0,0.0,0,14,9,12,7,28,46.67,0,41,29,70.73,16,48,60,39,141,51.27,72,392,348,740,153.2,23,0,1215,26,2,0,Yan Valery,Sheffield Wednesday,826202,12
1,0,0.0,10,1,20.0,16,14,30,62.5,12,52.17,11,11,0,0,0,0,9,0,4,5,0,2,10,0,0,4,3,28,0,0,0.04,2.75,8,0,13.33,0,2,2,5,5,0,2,0,,3,15.0,0,0,1,18,2,2,0,2,314,8,1,0,0,0,0,0.0,0,0,0,0,41,1,0,6.66,0,2,0,0,0,0,0,0,157.0,0.0,0,14,1,5,5,1,33.33,0,0,0,0.0,2,1,3,1,15,34.88,5,30,18,48,66.6,15,0,98,2,1,0,Matt Godden,Charlton Athletic,73409,47
4,2,18.18,175,6,54.55,257,71,328,68.62,109,46.78,124,37,3,0,0,0,85,4,20,25,0,31,37,0,0,89,5,352,0,0,2.15,9.8,64,0,11.76,0,10,13,33,30,3,10,0,,107,31.94,6,0,2,150,2,29,2,33,2760,21,2,0,0,0,0,0.0,0,0,0,0,456,23,0,6.66,0,2,0,0,0,0,0,0,276.0,0.0,0,76,9,29,31,40,36.36,0,10,4,40.0,29,9,110,11,216,38.03,11,385,93,478,246.4,85,1,1120,57,6,0,Patrick Agyemang,Derby County,1470298,27
25,25,25.0,245,54,38.57,458,477,935,74.56,79,58.96,55,39,0,0,0,0,133,0,0,6,5,89,39,0,0,20,19,154,1,1,2.34,1.45,36,0,8.33,0,1,1,53,44,9,1,0,,109,52.4,1,0,1,319,25,25,0,34,3034,0,13,0,0,0,0,0.0,0,0,0,0,543,6,0,6.66,0,0,0,0,0,0,0,0,3034.0,0.0,0,6,6,4,2,14,34.15,0,71,49,69.01,25,57,41,100,188,54.97,140,660,594,1254,259.7,12,0,2147,25,9,0,Rhys Norrington-Davies,Queens Park Rangers,911708,1
7,0,0.0,111,22,55.0,257,229,486,84.97,20,48.78,21,17,0,0,0,0,75,0,0,6,3,25,17,0,0,10,10,66,1,0,0.27,1.49,17,0,6.67,0,1,1,12,12,0,1,0,,45,50.0,0,0,0,86,9,3,1,13,1083,1,4,0,0,0,0,0.0,0,0,0,0,131,3,0,6.66,1,0,0,0,0,0,0,0,1083.0,0.0,0,8,7,3,6,9,50.0,0,22,12,54.55,3,15,18,2,65,49.62,40,316,256,572,113.2,15,0,770,14,3,1,Jhon Solís,Birmingham City,1106573,9
3,8,21.05,17,8,38.1,51,37,88,79.28,2,22.22,7,12,0,0,0,0,14,0,0,0,0,15,12,0,0,5,2,18,0,0,0.63,,0,0,0.0,0,0,0,4,4,0,0,0,,12,52.17,0,0,0,23,2,4,0,4,422,0,0,0,0,0,0,0.0,0,0,0,0,69,1,0,6.66,0,0,0,0,0,0,0,0,0.0,0.0,0,0,0,0,0,3,42.86,0,4,2,50.0,4,9,7,38,14,43.75,21,63,48,111,79.9,0,0,219,5,0,0,Ryan Barnett,Wrexham,864424,64
7,0,0.0,58,22,37.29,206,395,601,88.64,23,58.97,16,13,0,0,0,0,38,1,2,1,1,48,12,0,0,1,3,32,0,2,0.11,0.52,11,0,0.0,4,0,0,16,15,1,0,0,,20,55.56,0,0,0,77,11,5,0,11,950,0,5,0,0,0,0,0.0,0,0,0,0,122,0,0,6.66,0,0,0,0,0,0,0,0,0.0,0.0,0,4,2,5,0,4,66.67,0,12,6,50.0,5,22,6,1,43,57.33,59,259,419,678,79.9,6,0,840,4,2,0,Joshua Quarshie,Southampton,1394676,45
13,10,14.08,57,17,34.69,84,70,154,67.84,4,20.0,16,15,1,0,0,0,27,1,0,3,2,40,14,0,0,3,4,34,0,0,0.98,0.47,4,0,0.0,0,0,1,10,8,2,0,0,,21,53.85,0,0,1,73,3,6,0,11,970,2,1,0,1,0,0,0.0,0,0,0,0,173,4,0,6.66,0,0,0,0,0,0,0,0,0.0,0.0,1,5,6,6,2,3,30.0,0,18,10,55.56,5,29,10,71,25,42.37,49,138,89,227,93.2,11,0,482,0,1,0,Max Johnston,Derby County,1048192,27
4,5,23.81,44,3,60.0,71,35,106,80.3,6,31.58,13,19,0,0,0,0,47,1,1,3,0,2,18,0,0,28,3,71,0,0,1.05,0.94,9,0,0.0,0,0,0,7,6,1,0,0,,51,46.79,0,0,0,26,6,12,0,4,654,0,2,0,0,0,0,0.0,0,0,0,0,121,3,0,6.66,0,0,0,0,0,0,0,0,0.0,0.0,0,5,2,4,0,21,52.5,0,9,7,77.78,12,6,40,21,57,44.53,5,92,40,132,119.8,7,1,335,21,2,0,Siriki Dembélé,Oxford United,886532,95
49,17,28.81,172,66,41.77,352,295,647,75.67,20,38.46,32,31,0,0,0,0,136,3,1,14,2,43,31,0,0,18,31,117,0,1,1.6,1.54,25,0,0.0,0,0,0,33,30,3,0,0,,81,48.8,0,0,1,208,23,24,0,23,1993,0,10,0,0,0,0,0.0,0,0,0,0,332,12,0,6.65,0,0,0,0,0,0,0,0,0.0,0.0,3,6,27,16,3,14,53.85,0,41,27,65.85,24,100,26,59,101,46.33,158,509,346,855,206.3,33,0,1298,27,10,0,Taylor Gardner-Hickman,Blackburn Rovers,1015368,46
2,0,0.0,11,55,28.65,41,125,166,54.43,2,100.0,0,11,0,0,0,0,65,0,0,0,0,8,11,0,0,0,0,0,1,1,0.01,,0,0,0.0,82,0,0,21,18,3,0,0,-2.0,4,100.0,0,7,0,139,0,0,0,10,945,0,0,0,0,0,0,0.0,0,0,0,0,141,0,1,6.65,0,0,1,18,8,26,0,9,0.0,0.0,0,0,0,0,0,0,0.0,1,0,0,0.0,0,6,0,0,6,100.0,192,157,148,305,73.2,0,0,380,4,2,0,Asmir Begović,Leicester City,13918,31
2,1,8.33,91,1,12.5,156,54,210,62.13,97,55.43,78,37,1,0,0,0,26,0,3,3,1,33,35,0,0,19,6,133,0,0,0.83,3.91,29,0,10.34,0,3,4,21,18,3,2,1,,38,40.86,0,0,0,128,4,11,0,13,1472,12,4,0,0,0,0,0.0,0,0,0,0,215,5,0,6.65,0,3,0,0,0,0,0,0,490.67,0.0,0,26,3,19,7,5,71.43,0,16,8,50.0,11,5,7,12,135,50.37,8,260,78,338,232.9,29,0,592,17,2,0,Michael Smith,Preston North End,112761,21
12,0,0.0,53,54,37.5,237,567,804,82.21,58,55.77,46,24,1,0,0,0,58,0,1,0,1,167,24,0,0,5,8,71,1,1,0.25,0.99,9,0,12.5,34,1,2,37,35,2,1,0,,54,68.35,1,0,1,174,29,2,0,22,1909,0,20,1,0,0,1,0.0,0,0,0,0,204,2,0,6.65,0,0,0,0,0,0,0,0,1909.0,0.0,0,8,0,5,3,4,44.44,0,39,26,66.67,2,42,9,0,112,61.2,144,346,632,978,159.7,8,0,1343,11,3,0,Benjamin Nelson,Leicester City,1391844,31
13,3,60.0,48,20,80.0,104,126,230,88.12,6,50.0,6,14,0,0,0,0,48,1,0,0,1,17,13,0,0,5,7,33,0,0,0.3,,14,0,0.0,0,0,0,13,10,3,0,0,,24,47.06,0,0,0,31,12,4,0,7,662,0,0,0,0,0,0,0.0,0,0,0,0,53,1,0,6.65,0,0,0,0,0,0,0,0,0.0,0.0,0,0,0,0,0,0,0.0,0,23,16,69.57,4,14,2,5,30,47.62,25,125,136,261,86.5,0,0,366,1,4,0,Luke Le Roux,Portsmouth,931035,2
27,3,9.68,248,33,33.33,441,259,700,71.28,26,45.61,31,42,3,0,0,0,193,5,2,21,2,26,41,0,0,42,26,218,0,1,2.86,4.17,45,0,6.52,0,3,6,38,33,5,2,1,,141,42.99,0,0,1,282,24,30,1,33,2944,5,3,0,1,0,0,0.0,0,0,0,1,531,10,0,6.65,0,2,0,0,0,0,0,0,981.33,0.0,0,23,23,18,7,37,32.74,0,69,39,56.52,29,70,113,31,167,43.38,99,654,328,982,272.8,46,0,1607,35,8,0,Bobby Clark,Derby County,1142638,27
25,17,23.94,247,29,29.0,468,453,921,81.36,17,28.33,43,30,1,0,0,0,90,1,2,7,4,71,30,0,0,15,20,121,1,0,2.41,1.63,22,0,12.5,0,2,3,28,23,5,1,1,,61,43.88,0,0,0,211,16,26,0,22,2046,1,7,0,0,0,0,0.0,0,0,0,0,400,1,0,6.65,0,2,0,0,0,0,0,0,1023.0,0.0,0,8,8,7,2,13,38.24,0,31,22,70.97,26,62,34,71,78,39.2,100,619,513,1132,199.6,16,1,1744,17,3,0,Josh Key,Swansea City,930251,74
4,5,31.25,40,7,35.0,75,59,134,82.72,7,50.0,7,15,1,0,0,0,27,2,0,2,0,15,15,0,0,3,7,22,0,1,0.98,0.31,3,0,0.0,0,0,1,7,5,2,0,0,,11,42.31,0,0,0,28,2,10,0,6,530,0,1,0,0,0,0,0.0,0,0,0,0,55,2,0,6.65,0,0,0,0,0,0,0,0,0.0,0.0,0,1,7,4,2,2,40.0,0,4,4,100.0,10,10,5,16,18,45.0,20,95,67,162,99.8,8,0,250,5,3,0,Stefán Teitur Þórðarson,Preston North End,858282,21
4,2,12.5,101,5,83.33,145,57,202,67.11,48,55.17,39,34,2,0,0,0,39,4,5,13,1,18,34,0,0,27,4,124,0,0,1.59,5.71,34,0,13.64,0,6,8,29,22,7,5,1,,35,29.17,0,0,1,99,1,15,5,21,1886,12,4,0,0,0,0,0.0,0,0,0,0,214,15,0,6.65,0,1,0,0,0,0,0,0,314.33,0.0,0,42,2,18,13,14,38.89,0,14,9,64.29,15,8,36,16,83,40.1,6,229,72,301,226.2,44,1,560,8,4,0,Tyrese Campbell,Sheffield United,826145,15
6,3,16.67,102,8,47.06,147,32,179,83.26,3,23.08,10,21,1,0,0,0,30,4,1,4,1,8,21,0,0,18,4,57,0,0,1.81,0.43,6,0,0.0,0,0,1,16,13,3,0,0,,35,42.68,0,0,0,36,5,12,0,7,697,1,1,0,0,0,0,0.0,0,0,0,0,105,3,0,6.65,0,0,0,0,0,0,0,0,0.0,0.0,0,5,3,1,3,11,36.67,0,8,8,100.0,12,9,30,18,38,40.0,17,170,45,215,139.7,8,1,371,16,2,0,Tahith Chong,Sheffield United,825845,15
6,1,3.85,88,7,53.85,133,46,179,61.51,43,30.07,100,30,3,0,0,0,58,2,8,3,3,15,30,0,0,29,4,183,0,0,1.2,10.02,28,0,28.57,0,10,13,36,30,6,10,0,,40,32.52,0,0,0,112,5,22,2,22,2001,18,0,0,0,0,0,0.0,0,0,0,0,276,14,0,6.65,0,8,0,0,0,0,0,0,200.1,0.0,0,35,0,11,21,14,36.84,0,10,7,70.0,22,12,38,26,83,31.2,13,226,65,291,199.5,35,1,627,16,4,0,Rumarn Burrell,Queens Park Rangers,959206,1
2,5,33.33,22,1,25.0,36,16,52,66.67,4,28.57,10,10,1,0,0,0,23,1,3,1,0,3,10,0,0,13,1,41,0,0,0.64,1.65,7,0,10.0,0,1,2,5,4,1,1,0,,23,42.59,0,0,2,26,2,4,1,3,445,4,0,0,0,0,0,0.0,0,0,0,0,80,3,0,6.65,0,0,0,0,0,0,0,0,445.0,0.0,0,9,1,6,3,7,41.18,0,7,5,71.43,4,5,17,15,27,39.71,4,58,20,78,66.5,10,0,193,10,0,0,Augustus Kargbo,Blackburn Rovers,917327,46
13,10,27.78,42,7,28.0,101,154,255,79.19,9,37.5,15,18,1,0,0,0,63,2,0,2,2,40,18,0,0,2,9,39,0,1,0.8,0.33,11,0,0.0,0,0,1,17,12,5,0,0,,28,53.85,0,0,0,67,9,7,0,16,1238,1,2,0,0,0,0,0.0,0,0,0,0,127,3,0,6.65,0,0,0,0,0,0,0,0,0.0,0.0,1,5,2,1,4,5,62.5,0,18,8,44.44,7,29,8,36,37,48.68,25,146,176,322,119.7,7,0,534,5,4,0,Luke Chambers,Charlton Athletic,1134530,47
2,1,12.5,16,3,50.0,30,22,52,73.24,2,22.22,7,10,1,0,0,0,10,2,0,2,0,0,10,0,0,9,3,37,0,0,1.18,0.19,7,0,0.0,0,0,1,4,1,3,0,0,,24,44.44,0,0,0,19,5,6,0,4,356,1,0,0,0,0,0,0.0,0,0,0,0,62,0,0,6.65,0,0,0,0,0,0,0,0,0.0,0.0,0,2,3,2,1,6,35.29,0,10,7,70.0,6,3,17,8,26,41.27,6,44,27,71,66.5,5,0,171,8,0,0,Jamaldeen Jimoh,West Bromwich Albion,1410178,8
5,1,25.0,49,5,45.45,115,111,226,87.26,4,44.44,5,17,1,0,0,0,30,0,0,0,0,8,16,0,0,3,0,20,0,0,0.21,0.16,10,0,0.0,0,0,1,6,5,1,0,0,,19,55.88,0,0,0,33,5,5,0,4,390,0,0,0,0,0,0,0.0,0,0,0,0,49,2,0,6.65,0,0,0,0,0,0,0,0,0.0,0.0,0,2,0,2,0,4,66.67,0,12,8,66.67,5,12,6,4,23,53.49,11,138,121,259,106.4,2,0,326,3,2,0,Toby Collyer,Hull City,1084356,96
0,0,0.0,1,0,0.0,1,1,2,66.67,1,33.33,2,3,0,0,0,0,0,0,0,0,0,2,2,0,0,0,0,2,0,0,0.0,,0,0,0.0,0,0,0,0,0,0,0,0,,0,0.0,0,0,0,1,0,0,0,0,21,0,0,0,0,0,0,0.0,0,0,0,0,3,0,0,6.65,0,0,0,0,0,0,0,0,0.0,0.0,0,0,0,0,0,0,0.0,0,0,0,0.0,0,0,0,0,1,33.33,0,2,1,3,13.3,0,0,12,0,0,0,Jamie Shackleton,Sheffield United,943652,15
0,0,0.0,11,1,100.0,22,9,31,88.57,0,0.0,0,7,0,0,0,0,2,0,0,0,0,0,6,0,0,3,0,4,0,0,0.03,,0,0,0.0,0,0,0,1,1,0,0,0,,7,63.64,0,0,0,4,0,1,0,0,74,0,1,0,0,0,0,0.0,0,0,0,0,14,0,0,6.65,0,0,0,0,0,0,0,0,0.0,0.0,0,0,0,0,0,4,80.0,0,1,1,100.0,1,0,5,0,7,63.64,1,23,12,35,39.9,0,0,58,2,0,0,Kai Andrews,Coventry City,1521381,11
2,0,0.0,1,4,28.57,13,77,90,84.11,9,60.0,6,7,0,0,0,0,7,0,0,0,0,24,6,0,0,0,1,9,0,0,0.02,,2,0,0.0,0,0,0,3,3,0,0,0,,4,57.14,0,0,0,17,6,1,0,3,224,0,2,1,1,0,0,0.0,0,0,0,0,22,0,0,6.65,0,0,0,0,0,0,0,0,0.0,0.0,0,0,0,0,0,1,100.0,0,3,3,100.0,0,4,1,0,13,59.09,14,21,86,107,39.9,0,0,156,0,1,0,George Edmundson,Middlesbrough,803678,36
5,0,0.0,16,10,37.04,45,78,123,78.34,11,57.89,8,6,0,0,0,0,13,0,0,0,0,26,6,0,0,3,4,25,0,0,0.14,0.15,9,0,0.0,0,0,0,6,4,2,0,0,,16,48.48,0,0,0,34,1,2,0,3,367,1,7,0,0,0,0,0.0,0,0,0,0,46,0,0,6.65,0,0,0,0,0,0,0,0,0.0,0.0,0,2,0,2,0,1,50.0,0,12,9,75.0,2,11,2,3,27,51.92,27,72,85,157,39.9,2,0,238,3,2,0,Collins Sichenje,Charlton Athletic,1198768,47
0,1,12.5,13,0,0.0,22,10,32,80.0,1,50.0,1,3,0,0,0,0,3,1,0,1,0,1,2,0,0,3,1,7,0,0,0.1,0.15,2,0,0.0,0,0,0,1,1,0,0,0,,3,33.33,0,0,0,8,0,2,0,0,57,0,0,0,0,0,0,0.0,0,0,0,0,20,0,0,6.65,0,0,0,0,0,0,0,0,0.0,0.0,1,2,2,2,1,1,100.0,0,1,1,100.0,2,3,1,8,4,36.36,1,27,13,40,13.3,4,0,70,1,0,0,Finley Munroe,Middlesbrough,1186812,36
5,0,0.0,126,5,35.71,226,122,348,67.05,146,47.87,159,43,1,0,0,0,50,1,12,15,0,54,43,0,0,43,12,254,0,1,1.37,7.44,32,0,13.24,0,9,10,40,34,6,9,0,,35,26.92,3,0,2,171,6,27,2,35,2869,6,2,0,0,0,0,0.0,0,0,0,0,355,16,0,6.65,0,4,0,0,0,0,0,0,318.78,0.0,0,58,10,19,34,7,28.0,0,13,8,61.54,27,10,25,4,181,41.61,14,357,162,519,285.8,68,2,975,16,1,0,Luca Kjerrumgaard,Watford,1127789,24
14,1,11.11,112,13,40.63,207,171,378,80.94,24,32.43,50,40,0,0,0,0,47,0,6,11,1,34,39,0,0,17,13,116,0,0,0.9,4.26,27,0,12.2,0,5,5,32,26,6,4,1,,50,43.1,2,0,3,89,11,16,3,17,1729,5,4,1,0,0,0,0.0,0,0,0,1,158,9,0,6.65,0,0,0,0,0,0,0,0,345.8,0.0,2,26,15,13,17,2,15.38,0,24,15,62.5,16,25,13,9,74,38.95,32,280,187,467,259.2,41,0,745,25,6,0,Liam Cullen,Swansea City,1006994,74
3,7,22.58,43,8,33.33,86,91,177,73.44,3,30.0,7,12,0,0,0,0,38,1,0,3,2,14,11,0,0,8,7,45,0,1,0.47,0.26,9,0,0.0,0,0,0,4,3,1,0,0,,23,37.7,0,0,0,64,8,8,0,8,727,1,4,0,0,0,0,0.0,0,0,0,0,124,4,0,6.65,0,0,0,0,0,0,0,0,0.0,0.0,0,4,3,3,1,5,26.32,0,6,4,66.67,8,12,19,31,26,36.62,24,130,111,241,73.1,7,0,444,12,0,0,Liberato Cacace,Wrexham,905264,64
7,7,21.88,52,6,24.0,82,70,152,70.05,6,35.29,11,17,2,0,0,0,50,3,1,3,0,12,16,0,0,13,9,57,0,0,1.82,1.13,8,0,6.67,0,1,3,9,7,2,1,0,,33,41.77,0,0,0,65,6,11,0,10,905,0,4,0,0,0,0,0.0,0,0,0,0,138,9,0,6.64,0,1,0,0,0,0,0,0,905.0,0.0,1,8,7,9,3,7,28.0,0,20,9,45.0,11,20,25,32,39,40.63,25,138,79,217,106.3,15,0,414,8,0,0,Jamie Donley,Oxford United,1150934,95
17,3,11.11,104,26,34.67,230,243,473,78.05,16,48.48,17,23,1,0,0,0,68,1,1,4,2,58,23,0,0,2,14,54,0,0,0.74,0.67,4,0,0.0,0,0,1,27,20,7,0,0,,72,66.06,0,0,1,133,14,10,0,16,1453,0,5,0,0,0,0,0.0,0,0,0,0,244,3,0,6.64,0,0,0,0,0,0,0,0,0.0,0.0,0,7,4,4,3,17,50.0,0,43,32,74.42,10,34,34,27,88,61.97,75,323,283,606,152.8,11,0,1051,12,1,0,Cody Drameh,Hull City,991577,96
26,4,15.38,150,23,52.27,292,250,542,83.9,13,34.21,25,36,3,0,1,0,82,7,3,9,0,17,35,0,1,22,13,88,0,0,2.32,3.74,18,0,15.63,0,5,8,25,22,3,4,1,,43,40.57,0,0,2,104,9,15,0,23,1810,8,4,0,1,1,0,0.0,0,0,0,0,193,9,0,6.64,1,5,0,0,0,0,0,0,362.0,0.0,1,22,10,10,13,10,45.45,0,19,14,73.68,14,45,22,26,56,38.89,44,371,275,646,232.5,32,0,892,14,3,0,Bobby De Cordova-Reid,Leicester City,151499,31
8,17,23.94,80,17,30.36,150,70,220,69.18,17,37.78,28,29,2,0,0,0,52,2,0,2,0,45,28,0,0,6,8,82,0,0,1.76,0.09,25,0,0.0,0,0,2,21,20,1,0,0,,36,40.0,0,0,0,98,6,16,0,16,1301,1,7,0,0,0,1,0.0,0,0,0,0,213,4,0,6.64,0,0,0,0,0,0,0,0,0.0,0.0,0,1,1,0,0,14,46.67,0,19,10,52.63,16,34,30,71,53,39.26,56,213,105,318,186.0,2,0,602,3,3,0,Andrija Vukčević,Preston North End,280737,21
30,0,0.0,31,131,28.35,81,303,384,53.56,5,83.33,1,23,0,0,0,0,218,0,0,0,4,22,23,0,0,0,0,1,2,2,0.06,,0,0,0.0,151,0,0,42,31,11,0,0,-6.42,4,100.0,0,22,1,333,0,0,0,23,2070,0,0,0,0,0,0,0.0,2,0,0,0,336,0,10,6.63,0,0,12,36,29,68,0,12,0.0,0.0,0,0,0,0,0,2,100.0,12,0,0,0.0,0,63,2,0,9,90.0,462,374,343,717,152.6,0,2,969,4,0,0,Joe Walsh,Queens Park Rangers,990760,1
0,0,0.0,2,0,0.0,3,0,3,50.0,0,0.0,1,3,0,0,0,0,2,0,0,0,0,0,3,0,0,0,0,1,0,0,0.01,,0,0,0.0,0,0,0,0,0,0,0,0,,3,100.0,0,0,0,3,2,0,0,0,44,0,0,0,0,0,0,0.0,0,0,0,0,7,1,0,6.63,0,0,0,0,0,0,0,0,0.0,0.0,0,0,0,0,0,0,0.0,0,2,2,100.0,0,0,0,0,3,75.0,0,4,2,6,19.9,0,0,17,1,0,0,Leo Pecover,Bristol City,1897054,58
3,1,100.0,7,2,50.0,27,19,46,86.79,3,75.0,1,5,0,0,0,0,3,0,0,0,0,5,3,0,0,0,2,7,0,0,0.07,,4,0,0.0,0,0,0,4,3,1,0,0,,3,33.33,0,0,0,7,1,0,0,1,113,0,1,0,0,0,0,0.0,0,0,0,0,9,0,0,6.63,0,0,0,0,0,0,0,0,0.0,0.0,0,0,0,0,0,0,0.0,0,1,1,100.0,0,3,0,1,6,46.15,4,30,23,53,19.9,0,0,71,2,1,0,Marvelous Nakamba,Sheffield Wednesday,556904,12
7,6,18.18,132,19,38.78,259,315,574,80.62,20,44.44,25,35,1,0,0,0,132,2,1,9,2,46,34,0,0,30,19,110,1,4,1.27,1.34,16,0,4.55,0,1,2,49,41,8,1,0,,106,55.5,0,0,1,138,38,10,0,23,2275,0,4,0,0,0,1,0.0,0,0,0,0,284,7,0,6.63,0,1,0,0,0,0,0,0,2275.0,0.0,0,8,14,10,3,19,48.72,0,64,38,59.38,10,22,39,33,126,53.39,49,358,354,712,225.5,22,0,1249,23,6,0,Sean Fusire,Sheffield Wednesday,1423723,12
1,2,16.67,39,3,37.5,67,54,121,69.94,9,16.07,47,20,0,0,0,0,32,1,3,4,1,13,20,0,0,9,2,68,0,0,0.29,3.78,3,0,35.71,0,5,5,16,16,0,5,0,,8,27.59,0,0,0,52,0,3,1,11,1107,6,4,0,0,0,0,0.0,0,0,0,0,98,3,0,6.63,0,4,0,0,0,0,0,0,221.4,0.0,0,14,0,3,7,1,12.5,0,4,2,50.0,3,4,8,12,17,20.0,8,110,63,173,132.6,14,2,288,3,0,0,Mathias Jørgensen,Blackburn Rovers,930961,46
9,0,0.0,33,2,15.38,82,64,146,80.66,2,33.33,4,10,0,0,0,0,20,0,0,2,0,6,10,0,0,3,3,20,0,0,0.3,0.67,4,0,0.0,0,0,0,7,6,1,0,0,,16,50.0,0,0,0,35,6,3,0,3,340,1,0,0,0,0,0,0.0,0,0,0,0,65,1,0,6.63,0,0,0,0,0,0,0,0,0.0,0.0,0,3,2,2,1,5,45.45,0,2,1,50.0,3,14,11,4,18,47.37,13,112,69,181,66.3,5,0,257,9,0,0,Tom Davies,Sheffield United,795058,15
15,2,8.0,193,8,42.11,285,123,408,80.16,6,16.67,30,34,2,0,0,0,81,4,2,16,3,15,34,0,0,29,15,128,0,0,3.1,3.0,23,0,10.0,0,3,5,37,30,7,3,0,,86,46.74,1,0,0,101,6,19,1,23,1976,7,1,0,0,0,1,0.0,0,0,0,0,266,9,0,6.63,0,1,0,0,0,0,0,0,658.67,0.0,0,24,6,4,10,19,35.85,0,28,14,50.0,19,26,53,25,92,41.82,19,353,156,509,225.4,30,1,886,40,0,0,Koki Saito,Queens Park Rangers,905356,1
20,0,0.0,38,137,30.24,92,330,422,57.03,4,80.0,1,24,0,0,0,0,168,0,0,0,5,18,24,0,0,0,0,1,2,0,0.04,,0,0,0.0,176,0,0,34,27,7,0,0,-7.55,3,100.0,0,13,0,318,0,0,0,23,2094,0,0,0,0,0,0,0.0,1,0,1,0,322,0,6,6.63,0,0,5,29,22,52,0,18,0.0,0.0,0,0,0,0,0,0,0.0,5,1,0,0.0,0,43,0,0,7,87.5,453,366,374,740,159.1,0,1,902,2,0,0,Joshua Griffiths,West Bromwich Albion,1011208,8
6,6,9.84,116,8,40.0,174,76,250,72.25,22,51.16,21,21,2,0,0,0,58,4,0,14,1,20,21,0,0,42,11,143,0,0,2.25,2.18,23,0,2.7,0,1,3,23,20,3,1,0,,68,35.79,0,0,1,96,6,17,0,19,1563,12,0,0,1,0,0,0.0,0,0,0,0,326,7,0,6.63,0,1,0,0,0,0,0,0,1563.0,0.0,2,27,10,13,10,27,36.49,0,12,7,58.33,16,15,74,61,90,38.63,20,255,91,346,139.2,37,1,764,29,1,0,Millenic Alli,Portsmouth,1386414,2
9,0,0.0,36,2,22.22,52,28,80,74.07,5,62.5,3,14,1,0,0,0,17,1,0,4,0,5,14,0,0,5,3,27,0,0,0.82,0.53,13,0,9.09,0,1,2,5,5,0,1,0,,19,44.19,0,0,0,28,3,4,1,5,474,2,2,0,0,0,0,0.0,0,0,0,0,49,1,0,6.63,0,0,0,0,0,0,0,0,474.0,0.0,0,3,8,3,4,5,55.56,0,5,4,80.0,4,14,9,3,24,47.06,9,73,35,108,92.8,11,0,187,9,2,0,Raees Bangura-Williams,Millwall,2023412,25
8,6,25.0,123,14,63.64,211,101,312,71.89,67,41.1,96,34,3,0,0,0,73,7,7,6,2,20,31,0,0,25,13,189,0,0,1.1,4.68,30,0,8.11,0,3,6,24,20,4,2,1,,81,46.55,1,0,1,122,12,25,1,19,1690,13,1,0,0,0,0,0.0,0,0,0,1,259,10,0,6.62,0,1,0,0,0,0,0,0,563.33,0.0,0,28,9,16,15,16,38.1,0,28,22,78.57,25,15,42,24,148,43.92,22,300,134,434,205.3,37,0,808,38,4,0,Lamine Cissé,Stoke City,1119480,29
24,3,13.64,139,51,61.45,282,299,581,81.03,15,50.0,15,29,1,0,0,0,57,2,0,6,0,25,28,0,0,12,8,59,1,1,0.65,0.38,20,0,16.67,0,2,3,32,24,8,0,2,,25,36.23,0,0,0,136,11,11,0,16,1465,1,5,0,0,0,0,0.0,0,0,0,0,209,4,0,6.62,0,2,0,0,0,0,0,0,732.5,0.0,0,1,11,4,2,4,50.0,0,18,11,61.11,11,48,8,22,40,40.4,83,378,339,717,185.4,12,0,929,3,5,0,Kieran Morgan,Queens Park Rangers,1403129,1
15,6,19.35,123,24,31.58,216,196,412,75.46,21,50.0,21,30,2,0,0,0,67,1,0,2,3,55,29,0,0,13,12,73,0,0,0.96,0.32,18,0,25.0,0,1,3,31,29,2,0,1,,69,57.02,0,0,0,134,20,13,0,16,1778,1,8,0,0,0,0,0.0,0,0,0,0,257,3,0,6.62,0,1,0,0,0,0,0,0,1778.0,0.0,0,2,2,1,1,9,40.91,0,50,29,58.0,13,42,22,31,90,55.21,76,313,233,546,192.0,4,0,992,10,4,0,Jordan Lee Williams,Portsmouth,826146,2
15,13,23.64,173,15,46.88,324,165,489,79.25,16,28.57,40,34,2,0,0,0,81,9,1,11,2,19,34,0,0,41,29,179,0,0,3.19,3.81,20,0,12.12,0,4,6,25,19,6,2,2,,106,43.27,0,0,1,128,18,27,0,23,2070,8,1,0,0,0,0,0.0,0,0,0,0,324,12,0,6.62,0,4,0,0,0,0,0,0,517.5,0.0,0,23,10,8,14,31,37.8,0,57,28,49.12,27,25,82,55,122,40.53,32,413,204,617,225.1,33,1,1082,18,1,0,Oscar Schwartau,Norwich City,1387353,263
12,15,20.83,100,17,36.17,191,119,310,75.24,10,33.33,20,20,0,0,0,0,48,4,3,2,3,21,20,0,0,15,4,62,0,0,1.59,0.95,12,0,5.88,0,1,1,14,12,2,1,0,,41,49.4,0,0,2,102,9,24,0,13,1202,0,3,0,1,0,0,0.0,0,0,0,0,219,6,0,6.62,0,1,0,0,0,0,0,0,1202.0,0.0,1,9,8,9,6,7,38.89,0,22,10,45.45,23,31,18,72,51,45.13,47,269,143,412,132.4,17,0,695,12,2,0,Liam Gibbs,Norwich City,1005723,263
17,6,24.0,114,26,29.21,201,268,469,76.14,24,48.0,26,25,1,0,0,0,62,1,2,1,3,86,25,0,0,13,16,87,1,2,1.09,1.08,25,0,0.0,8,0,1,26,25,1,0,0,,61,50.0,0,0,0,147,25,10,0,16,1525,1,13,0,0,0,0,0.0,0,0,0,0,243,1,0,6.62,0,0,0,0,0,0,0,0,0.0,0.0,0,7,0,5,1,9,56.25,0,32,22,68.75,10,40,16,25,85,49.42,89,311,305,616,165.5,7,0,1032,20,9,0,Cameron Pring,Bristol City,909763,58
1,1,20.0,26,1,16.67,44,30,74,69.81,4,30.77,9,16,0,0,0,0,11,0,0,2,0,11,15,0,0,1,2,20,0,0,0.24,0.52,3,0,0.0,0,0,0,4,4,0,0,0,,17,60.71,0,0,0,32,3,2,0,2,362,2,0,0,0,0,0,0.0,0,0,0,0,56,2,0,6.62,0,0,0,0,0,0,0,0,0.0,0.0,0,5,3,2,4,1,16.67,0,7,4,57.14,2,1,6,5,21,51.22,6,69,37,106,99.3,8,0,189,9,1,0,Ole Romeny,Oxford United,921948,95
17,14,18.18,143,15,44.12,279,185,464,78.11,18,30.51,41,27,0,0,0,0,92,3,4,17,1,12,27,0,0,25,6,123,0,0,2.21,3.31,10,0,9.52,0,4,4,29,24,5,3,1,,64,43.84,0,0,1,130,8,20,2,17,1636,6,1,0,1,0,0,0.0,0,0,0,0,315,17,0,6.62,0,2,0,0,0,0,0,0,409.0,0.0,1,26,16,11,14,24,36.36,0,15,9,60.0,19,34,66,77,82,40.0,34,376,218,594,178.7,42,0,1007,26,3,0,Karlan Grant,West Bromwich Albion,609596,8
17,4,22.22,91,18,27.69,177,125,302,74.02,15,60.0,10,19,0,0,0,0,49,0,0,1,0,28,17,0,1,3,7,35,0,1,0.44,0.09,15,0,0.0,0,0,0,15,14,1,0,0,,30,54.55,0,0,0,106,15,6,0,6,747,0,3,0,0,0,0,0.0,0,0,0,0,147,1,0,6.62,1,0,0,0,0,0,0,0,0.0,0.0,0,2,0,1,0,8,100.0,0,17,12,70.59,6,49,8,18,45,56.25,65,253,155,408,112.5,2,0,629,5,5,0,Joe Bryan,Millwall,205028,25
14,0,0.0,64,147,19.86,111,533,644,51.94,13,100.0,0,35,0,0,0,0,314,0,1,0,8,43,35,0,0,0,2,4,2,1,0.13,0.26,1,0,0.0,265,0,0,41,35,6,0,0,-0.86,7,63.64,0,30,0,596,0,0,0,35,3150,0,0,0,0,0,0,0.0,2,0,1,0,614,0,22,6.62,0,0,16,64,25,91,0,16,0.0,0.0,0,1,0,1,0,1,50.0,14,1,0,0.0,0,47,2,0,20,83.33,740,663,577,1240,231.6,1,0,1590,6,4,0,James Beadle,Birmingham City,1148507,9
2,2,50.0,102,3,37.5,173,65,238,65.03,65,50.0,65,42,3,0,0,1,30,7,19,14,0,23,42,0,0,31,2,150,0,0,1.83,13.78,36,0,16.42,0,11,14,25,20,5,10,1,,42,33.07,2,0,1,128,1,21,0,25,2111,10,0,0,0,2,0,50.0,0,1,0,1,249,9,0,6.62,0,8,0,0,0,0,0,0,191.91,0.0,0,64,3,24,29,9,33.33,0,12,8,66.67,21,8,27,4,107,41.63,8,282,84,366,277.9,67,0,673,21,6,0,George Hirst,Ipswich Town,839712,32
15,0,0.0,14,30,50.0,65,254,319,84.84,13,36.11,23,12,0,0,0,0,34,0,2,1,0,44,12,0,0,1,4,36,0,1,0.07,0.82,7,0,0.0,1,0,0,17,16,1,0,0,,35,72.92,0,0,1,57,9,0,0,11,922,1,3,0,0,0,0,0.0,0,0,0,0,66,0,0,6.62,0,0,0,0,0,0,0,0,0.0,0.0,0,6,0,4,1,0,0.0,0,21,14,66.67,0,31,2,0,48,57.14,60,92,284,376,79.4,6,0,515,15,2,0,Saba Goglichidze,Watford,1126175,24
9,1,100.0,32,16,29.63,104,233,337,82.6,28,52.83,25,13,0,0,0,0,19,0,0,1,0,62,12,0,0,3,1,34,0,0,0.32,0.21,5,0,0.0,8,0,0,10,10,0,0,0,,17,65.38,0,0,0,71,10,1,0,9,782,0,4,2,0,0,0,0.0,0,0,0,0,86,0,0,6.62,0,0,0,0,0,0,0,0,0.0,0.0,0,1,0,0,0,0,0.0,0,12,9,75.0,1,21,0,1,45,56.96,54,155,253,408,79.4,1,0,545,6,2,0,Hayden Matthews,Portsmouth,1434770,2
3,2,28.57,11,3,42.86,23,48,71,78.89,9,64.29,5,6,0,0,0,0,11,0,0,1,0,13,6,0,0,1,4,13,0,0,0.07,0.05,3,0,0.0,0,0,0,3,2,1,0,0,,9,52.94,0,0,1,19,3,2,0,2,191,0,1,0,0,0,1,0.0,0,0,0,0,28,0,0,6.62,0,0,0,0,0,0,0,0,0.0,0.0,0,1,1,1,0,1,100.0,0,8,5,62.5,2,5,1,7,18,58.06,7,36,54,90,39.7,2,0,142,0,1,0,Formose Mendy,Watford,982316,24
24,2,15.38,126,55,32.35,327,697,1024,81.33,67,67.68,32,31,0,0,0,0,97,1,0,3,4,157,31,0,1,13,11,101,0,3,0.49,0.46,40,0,10.0,14,1,1,44,37,7,1,0,,81,54.0,0,0,0,235,26,9,1,30,2602,4,15,0,0,0,1,0.0,0,0,0,0,329,2,0,6.62,1,0,0,0,0,0,0,0,2602.0,0.0,0,5,5,6,1,12,66.67,0,41,29,70.73,9,82,18,13,148,59.44,170,488,771,1259,205.1,10,0,1804,28,5,0,James Abankwah,Watford,1127232,24
8,8,26.67,72,10,71.43,132,83,215,74.14,0,0.0,15,25,1,0,0,0,46,3,3,3,0,18,25,0,0,14,11,73,0,1,1.79,2.19,13,0,9.68,0,3,4,23,21,2,0,3,,23,28.4,0,0,1,75,3,15,3,14,1132,4,2,0,0,0,0,0.0,0,0,0,0,170,4,0,6.62,0,0,0,0,0,0,0,0,377.33,0.0,0,13,18,21,7,11,35.48,0,7,3,42.86,15,21,31,30,23,23.96,14,189,101,290,165.4,31,0,514,5,0,0,Przemysław Płacheta,Oxford United,862859,95
4,0,0.0,47,7,43.75,73,39,112,71.79,5,50.0,5,25,3,0,0,0,21,4,2,4,0,5,25,0,0,4,3,22,0,0,1.55,1.79,7,0,6.25,0,1,4,11,11,0,1,0,,13,43.33,0,0,1,44,3,8,0,5,725,5,1,0,0,0,0,0.0,0,0,0,0,72,2,0,6.62,0,1,0,0,0,0,0,0,725.0,0.0,1,11,5,7,5,4,57.14,0,7,6,85.71,8,7,7,6,18,45.0,16,110,46,156,165.4,16,0,247,2,1,0,Andreas Weimann,Derby County,87185,27
2,1,33.33,43,12,28.57,113,199,312,81.46,11,64.71,6,13,0,0,0,0,23,0,0,3,0,32,13,0,1,4,1,18,0,0,0.47,0.13,5,0,0.0,0,0,0,11,6,5,0,0,,17,58.62,0,0,0,71,12,6,0,8,670,0,4,0,0,0,0,0.0,0,0,0,0,113,1,0,6.62,1,0,0,0,0,0,0,0,0.0,0.0,0,2,1,0,0,1,33.33,0,10,6,60.0,6,14,3,3,28,60.87,42,161,222,383,86.0,3,0,550,6,0,0,Alfie Gilchrist,West Bromwich Albion,1114837,8
7,1,100.0,40,22,37.93,93,229,322,79.12,31,51.67,29,14,0,0,0,0,41,0,2,1,2,82,14,0,0,0,0,36,0,0,0.22,0.41,7,0,0.0,21,0,0,17,13,4,0,0,,16,69.57,0,0,0,85,8,1,0,10,972,0,7,0,0,0,0,0.0,0,0,0,0,96,0,0,6.61,0,0,0,0,0,0,0,0,0.0,0.0,0,3,1,3,0,4,100.0,0,6,5,83.33,1,19,4,1,47,56.63,58,153,254,407,92.6,4,0,554,6,0,0,Josh Knight,Portsmouth,895567,2
4,0,0.0,61,6,66.67,130,54,184,74.49,42,38.89,66,26,1,0,0,0,23,1,6,10,3,15,25,0,0,17,3,122,0,0,0.61,5.61,31,0,14.29,0,5,6,16,14,2,5,0,,64,53.33,2,0,1,63,5,8,2,20,1638,26,1,0,0,0,0,0.0,0,0,0,0,157,6,0,6.61,1,1,0,0,0,0,0,0,327.6,0.0,0,31,4,11,14,11,50.0,0,12,3,25.0,8,6,22,2,106,46.49,9,182,65,247,165.3,35,1,498,41,2,1,Divin Mubama,Stoke City,1167025,29
1,4,40.0,17,1,50.0,27,9,36,78.26,2,100.0,0,9,1,0,0,0,5,0,1,4,0,2,9,0,0,5,0,13,0,1,0.49,0.7,2,0,0.0,0,0,1,2,1,1,0,0,,6,31.58,0,0,0,10,4,3,0,2,281,1,0,0,0,0,0,0.0,0,0,0,0,38,0,0,6.61,0,0,0,0,0,0,0,0,0.0,0.0,0,8,0,2,2,4,40.0,0,1,1,100.0,3,4,10,10,8,38.1,2,36,10,46,59.5,8,0,103,1,0,0,Corey Blackett-Taylor,Derby County,817573,27
2,0,0.0,11,10,40.0,34,155,189,80.77,37,67.27,18,10,0,0,0,0,12,0,0,0,0,61,9,0,0,0,0,27,0,1,0.31,0.02,9,0,0.0,2,0,0,15,14,1,0,0,,10,52.63,0,0,0,45,11,0,0,7,622,0,8,0,0,0,0,0.0,0,0,0,0,50,0,0,6.61,0,0,0,0,0,0,0,0,0.0,0.0,0,1,0,1,0,0,0.0,0,4,1,25.0,0,11,0,0,47,63.51,25,65,169,234,59.5,1,0,349,7,1,0,Danny Batth,Derby County,90121,27
0,0,0.0,34,1,50.0,58,25,83,67.48,20,36.36,35,26,1,0,0,0,20,2,8,5,0,12,26,0,0,9,3,73,0,1,0.25,3.54,20,0,14.81,0,4,5,10,8,2,4,0,,13,25.49,1,0,0,40,3,7,1,6,753,1,0,0,0,0,0,0.0,0,0,0,1,91,9,0,6.61,0,2,0,0,0,0,0,0,188.25,0.0,0,23,4,7,15,4,40.0,0,4,2,50.0,7,5,10,9,33,31.13,2,84,39,123,171.8,27,0,264,5,2,0,Vivaldo,Watford,1414275,24
9,0,0.0,30,95,36.26,80,139,219,56.44,5,100.0,0,13,0,0,0,0,115,0,0,0,2,19,13,1,0,0,2,3,2,1,0.06,,1,0,0.0,91,0,0,21,18,3,0,0,0.63,3,50.0,0,7,0,169,0,1,0,12,1125,0,0,0,0,0,1,0.0,1,0,0,0,172,0,4,6.61,0,0,8,23,11,34,0,7,0.0,0.0,0,0,0,0,0,0,0.0,8,0,0,0.0,1,17,0,0,8,72.73,262,242,146,388,85.9,0,0,501,3,1,0,Adam Davies,Sheffield United,288997,15
4,6,40.0,47,4,20.0,85,72,157,80.51,6,60.0,4,14,1,0,0,0,23,1,0,1,1,13,14,0,0,2,4,24,0,0,0.26,0.07,8,0,0.0,0,0,1,9,7,2,0,0,,13,39.39,0,0,0,38,6,3,0,6,604,0,4,0,0,0,0,0.0,0,0,0,0,68,2,0,6.61,0,0,0,0,0,0,0,0,0.0,0.0,0,1,0,0,0,2,25.0,0,9,5,55.56,3,9,8,15,19,44.19,20,107,88,195,92.5,1,0,298,2,1,0,Jamal Lewis,Preston North End,891803,21
23,0,0.0,218,24,80.0,355,184,539,69.1,135,44.12,171,43,2,0,0,0,112,7,11,31,4,48,43,0,0,62,15,362,1,0,2.42,10.3,75,0,10.87,0,10,12,52,42,10,7,3,,85,30.8,0,0,2,241,9,41,2,38,3330,23,4,0,0,1,0,100.0,0,1,0,0,523,33,0,6.61,0,8,0,0,0,0,0,0,333.0,0.0,0,76,16,27,34,21,30.88,0,37,27,72.97,41,32,68,9,220,37.8,30,543,237,780,284.1,92,1,1443,27,7,0,Richard Kone,Queens Park Rangers,1632572,1
1,1,20.0,70,2,50.0,115,49,164,77.0,6,14.63,35,30,3,0,0,0,33,2,7,7,0,5,29,0,0,16,5,93,0,0,1.52,5.53,18,0,13.33,0,4,7,14,13,1,4,0,,33,36.26,0,0,1,49,0,11,1,11,1038,10,0,0,0,0,0,0.0,0,0,0,0,138,6,0,6.61,0,3,0,0,0,0,0,0,259.5,0.0,0,25,5,11,12,9,30.0,0,13,8,61.54,11,2,30,5,39,29.55,4,156,57,213,191.6,30,0,425,11,4,0,Cameron Archer,Southampton,993451,45
3,1,25.0,73,0,0.0,116,46,162,58.7,101,48.79,106,40,2,0,0,0,24,1,15,6,1,41,36,0,0,20,6,168,0,0,0.76,7.86,30,0,19.51,0,8,10,23,17,6,8,0,,24,27.91,5,0,2,114,3,13,3,16,1587,19,2,0,0,0,0,0.0,0,0,0,0,193,8,0,6.61,0,0,0,0,0,0,0,0,198.38,0.0,0,39,2,16,19,2,22.22,0,4,3,75.0,13,6,9,4,125,42.66,4,207,69,276,237.8,41,0,514,19,6,0,Sam Smith,Wrexham,892481,64
16,3,33.33,107,4,28.57,157,85,242,52.04,143,39.5,219,41,3,0,0,0,51,3,6,10,2,50,40,0,0,18,13,293,0,0,1.86,5.23,45,0,12.2,0,5,8,32,26,6,5,0,,56,43.08,1,0,0,223,8,21,1,18,1989,5,4,0,0,0,1,0.0,0,0,0,1,322,13,0,6.61,0,3,0,0,0,0,0,0,397.8,0.0,0,34,7,18,13,12,60.0,0,19,7,36.84,21,29,20,9,199,40.45,14,353,112,465,264.2,41,1,817,25,4,0,Lyndon Dykes,Charlton Athletic,846204,47
5,0,0.0,108,10,76.92,166,59,225,79.51,18,39.13,28,41,0,0,0,0,43,1,7,8,1,6,41,0,0,37,2,126,0,0,0.69,6.03,33,0,9.09,0,4,4,25,24,1,4,0,,64,39.51,0,0,3,58,1,8,0,11,1617,16,1,0,0,0,0,0.0,0,0,0,0,196,8,0,6.6,0,4,0,0,0,0,0,0,404.25,0.0,0,37,7,15,21,17,36.17,0,12,6,50.0,8,6,47,7,82,39.42,13,212,71,283,270.8,44,1,599,35,8,0,Sinclair Armstrong,Bristol City,958056,58
2,1,7.14,66,6,40.0,114,50,164,71.93,18,25.35,53,23,0,0,0,0,42,0,4,7,0,16,23,0,0,12,1,91,0,0,0.31,2.96,13,0,16.67,0,5,5,17,12,5,3,2,,35,47.95,1,0,0,64,3,5,0,10,1058,4,2,0,0,0,0,0.0,0,0,0,0,132,7,0,6.6,0,4,0,0,0,0,0,0,211.6,0.0,0,20,10,13,10,2,14.29,0,8,6,75.0,5,7,14,14,53,36.81,15,161,67,228,151.9,30,2,407,26,1,0,Rayan Kolli,Queens Park Rangers,1521566,1
0,0,0.0,57,0,0.0,94,54,148,67.89,21,37.5,35,25,2,0,0,0,27,1,3,4,0,15,25,0,0,19,0,67,0,0,0.98,4.3,7,0,27.27,0,6,8,17,15,2,5,1,,11,25.58,0,0,0,70,1,16,0,6,849,6,0,0,0,1,0,100.0,0,1,0,0,126,10,0,6.6,0,6,0,0,0,0,0,0,141.5,0.0,1,15,7,7,11,4,40.0,0,4,3,75.0,16,2,10,6,32,32.32,4,150,68,218,165.1,22,1,353,3,1,0,Adam Idah,Swansea City,879850,74
13,9,21.43,160,57,32.95,355,494,849,75.74,101,59.06,70,32,0,0,0,0,82,0,1,9,4,102,32,0,1,5,4,111,0,0,1.06,1.24,25,0,4.76,11,1,1,40,32,8,1,0,,79,65.83,0,0,0,272,24,12,1,32,2604,1,11,0,0,0,0,0.0,0,0,0,0,400,2,0,6.6,1,0,0,0,0,0,0,0,2604.0,0.0,0,18,3,9,3,7,43.75,0,26,15,57.69,12,53,16,42,180,61.86,173,569,552,1121,211.3,21,0,1729,46,4,0,Connor Ogilvie,Portsmouth,284427,2
4,5,26.32,185,4,66.67,236,69,305,84.72,15,34.88,28,40,3,0,0,0,45,3,2,10,1,8,40,0,0,29,3,106,0,0,2.23,4.52,18,0,8.33,0,3,6,27,24,3,3,0,,56,41.79,0,0,0,55,5,30,0,15,1644,14,1,0,0,0,0,0.0,0,0,0,0,169,8,0,6.6,0,3,0,0,0,0,0,0,548.0,0.0,0,27,9,15,11,14,31.82,0,10,7,70.0,30,4,44,19,71,40.11,6,276,84,360,264.0,36,0,652,32,5,0,Delano Burgzorg,Bristol City,914276,58
2,0,0.0,44,2,28.57,61,34,95,76.61,7,63.64,4,14,0,0,0,0,17,1,1,1,0,1,12,0,0,4,2,17,1,1,0.23,0.5,6,0,33.33,0,1,1,4,2,2,1,0,,11,45.83,0,0,0,29,4,4,1,1,281,1,1,0,0,0,0,0.0,0,0,0,0,49,1,0,6.6,0,0,0,0,0,0,0,0,281.0,0.0,0,3,0,1,1,2,66.67,0,6,4,66.67,4,13,3,4,18,51.43,7,85,39,124,79.2,3,0,182,3,2,0,Kieran Dowell,Hull City,784503,96
6,2,11.11,126,4,44.44,190,68,258,77.95,16,32.65,33,25,2,0,0,0,59,2,1,6,0,14,25,0,0,14,3,115,0,0,1.88,1.22,30,0,0.0,0,0,2,14,12,2,0,0,,69,45.7,0,0,0,73,5,16,0,12,1084,6,0,0,0,0,0,0.0,0,0,0,0,193,6,0,6.6,0,0,0,0,0,0,0,0,0.0,0.0,0,11,6,5,6,27,43.55,0,16,10,62.5,16,9,62,18,85,42.5,9,251,80,331,165.0,17,0,611,26,4,0,Zeidane Inoussa,Swansea City,1065865,74
2,4,17.39,43,3,37.5,84,35,119,71.26,8,53.33,7,12,1,0,0,0,29,1,1,3,1,5,12,0,0,12,5,48,0,0,0.47,0.47,10,0,0.0,0,0,1,7,6,1,0,0,,35,46.05,0,0,0,48,2,4,0,5,559,0,1,0,0,0,0,0.0,0,0,0,0,125,5,0,6.6,0,0,0,0,0,0,0,0,0.0,0.0,0,4,2,1,2,12,46.15,0,13,7,53.85,4,11,26,23,43,47.25,8,121,46,167,79.2,6,0,319,10,0,0,Gustavo Nunes,Swansea City,1514747,74
0,0,0.0,0,1,100.0,1,1,2,100.0,0,0.0,0,1,0,0,0,0,0,0,0,0,0,0,1,0,0,0,0,0,0,0,0.0,,0,0,0.0,0,0,0,0,0,0,0,0,,0,0.0,0,0,0,0,0,0,0,1,11,0,0,0,0,0,0,0.0,0,0,0,0,0,0,0,6.6,0,0,0,0,0,0,0,0,0.0,0.0,0,0,0,0,0,0,0.0,0,0,0,0.0,0,0,0,0,0,0.0,1,1,1,2,6.6,0,0,2,0,0,0,Eliot Matazo,Hull City,1046150,96
1,0,0.0,2,0,0.0,3,1,4,80.0,0,0.0,0,1,0,0,0,0,1,0,0,0,0,0,1,0,0,0,0,0,0,0,0.0,,0,0,0.0,0,0,0,0,0,0,0,0,,0,0.0,0,0,0,1,0,0,0,0,8,0,0,0,0,0,0,0.0,0,0,0,0,1,0,0,6.6,0,0,0,0,0,0,0,0,0.0,0.0,0,0,0,0,0,0,0.0,0,0,0,0.0,0,1,0,0,0,0.0,1,3,2,5,6.6,0,0,5,0,0,0,Harry Ashfield,Wrexham,1566894,64
1,0,0.0,1,0,0.0,1,0,1,100.0,0,0.0,0,1,0,0,0,0,0,0,0,0,0,0,1,0,0,0,0,0,0,0,0.11,,0,0,0.0,0,0,0,0,0,0,0,0,,0,0.0,0,0,0,0,0,0,0,0,15,0,0,0,0,0,0,0.0,0,0,0,0,3,0,0,6.6,0,0,0,0,0,0,0,0,0.0,0.0,0,0,0,0,0,0,0.0,0,0,0,0.0,0,1,0,0,0,0.0,0,1,0,1,6.6,0,0,4,0,0,0,Eseosa Sule,West Bromwich Albion,1488734,8
0,0,0.0,2,0,0.0,3,0,3,100.0,0,0.0,0,1,0,0,0,0,0,0,0,0,0,0,1,0,0,0,0,0,0,0,0.0,,0,0,0.0,0,0,0,1,1,0,0,0,,1,100.0,0,0,0,0,0,0,0,0,10,0,0,0,0,0,0,0.0,0,0,0,0,0,0,0,6.6,0,0,0,0,0,0,0,0,0.0,0.0,0,0,0,0,0,0,0.0,0,1,1,100.0,0,0,0,0,1,100.0,0,3,0,3,6.6,0,0,4,0,0,0,Harry Cornick,Bristol City,351496,58
0,0,0.0,0,0,0.0,0,0,0,0.0,0,0.0,1,1,0,0,0,0,0,0,0,0,0,0,1,0,0,0,0,1,0,0,,,0,0,0.0,0,0,0,0,0,0,0,0,,0,0.0,0,0,0,1,0,0,0,0,8,0,0,0,0,0,0,0.0,0,0,0,0,1,0,0,6.6,0,0,0,0,0,0,0,0,0.0,0.0,0,0,0,0,0,0,0.0,0,0,0,0.0,0,0,0,0,0,0.0,1,1,0,1,6.6,0,0,1,0,0,0,Archie Baptiste,Middlesbrough,1403121,36
0,0,0.0,0,0,0.0,1,0,1,100.0,0,0.0,0,1,0,0,0,0,0,0,0,0,0,2,1,0,0,0,0,0,0,0,0.0,,0,0,0.0,0,0,0,0,0,0,0,0,,0,0.0,0,0,0,0,0,0,0,0,11,0,0,0,0,0,0,0.0,0,0,0,0,0,0,0,6.6,0,0,0,0,0,0,0,0,0.0,0.0,0,0,0,0,0,0,0.0,0,0,0,0.0,0,0,0,0,0,0.0,0,1,0,1,6.6,0,0,4,0,0,0,Nathan Tinsdale,Hull City,1537211,96
0,0,0.0,0,0,0.0,0,1,1,100.0,0,0.0,0,1,0,0,0,0,0,0,0,0,0,0,1,0,0,0,0,0,0,0,0.0,,0,0,0.0,0,0,0,0,0,0,0,0,,0,0.0,0,0,0,0,0,0,0,0,9,0,0,0,0,0,0,0.0,0,0,0,0,1,0,0,6.6,0,0,0,0,0,0,0,0,0.0,0.0,0,0,0,0,0,0,0.0,0,0,0,0.0,0,0,0,0,0,0.0,0,0,1,1,6.6,0,0,2,0,0,0,Josh Laqeretabua,Charlton Athletic,1493510,47
0,0,0.0,0,0,0.0,3,8,11,84.62,0,0.0,0,1,0,0,0,0,3,0,0,0,0,3,1,0,0,0,0,3,0,0,0.0,,2,0,0.0,0,0,0,0,0,0,0,0,,3,50.0,0,0,0,2,1,0,0,0,45,0,0,0,0,0,0,0.0,0,0,0,0,5,0,0,6.6,0,0,0,0,0,0,0,0,0.0,0.0,0,0,0,0,0,0,0.0,0,3,2,66.67,0,0,1,0,3,50.0,0,4,9,13,6.6,0,0,25,0,0,0,Barnaby Williams,Southampton,1594487,45
0,0,0.0,7,1,100.0,9,9,18,66.67,1,50.0,1,3,0,0,0,0,4,0,0,0,0,1,2,0,0,1,0,3,0,0,0.01,,1,0,0.0,0,0,0,3,3,0,0,0,,3,60.0,0,0,0,9,0,0,0,1,85,0,0,0,0,0,0,0.0,0,0,0,0,18,0,0,6.6,0,0,0,0,0,0,0,0,0.0,0.0,0,0,0,0,0,0,0.0,0,2,2,100.0,0,1,0,2,4,57.14,1,17,10,27,13.2,0,0,43,1,0,0,Aodhan Doherty,Blackburn Rovers,1438868,46
1,0,0.0,5,0,0.0,8,5,13,81.25,0,0.0,0,4,0,0,0,0,2,0,0,0,0,0,3,0,0,2,0,9,0,0,0.05,,2,0,0.0,0,0,0,0,0,0,0,0,,7,43.75,0,0,0,3,2,0,0,0,62,1,0,0,0,0,0,0.0,0,0,0,0,21,1,0,6.6,0,0,0,0,0,0,0,0,0.0,0.0,0,0,0,0,0,0,0.0,0,4,4,100.0,0,1,5,0,7,43.75,1,9,7,16,19.8,0,0,50,3,1,0,Tammer Bany,West Bromwich Albion,1093309,8
3,2,28.57,12,3,60.0,40,36,76,82.61,1,8.33,11,5,0,0,0,0,9,1,2,0,0,4,5,0,0,1,0,15,0,0,0.14,0.47,1,0,0.0,0,0,0,3,3,0,0,0,,10,71.43,0,0,0,16,1,1,0,3,221,0,1,0,0,0,0,0.0,0,0,0,0,33,0,0,6.6,0,0,0,0,0,0,0,0,0.0,0.0,0,3,0,2,1,1,33.33,0,7,4,57.14,1,4,3,7,11,42.31,5,50,42,92,33.0,3,0,151,2,0,0,Caleb Wiley,Watford,1035645,24
1,1,33.33,55,5,71.43,85,27,112,82.96,0,0.0,3,10,0,0,0,0,14,0,0,1,0,1,10,0,0,4,4,18,0,0,0.24,0.29,6,0,0.0,0,0,0,1,1,0,0,0,,8,34.78,0,0,0,23,0,3,0,2,289,0,2,0,0,0,0,0.0,0,0,0,0,41,2,0,6.6,0,0,0,0,0,0,0,0,0.0,0.0,0,2,2,2,1,1,33.33,0,4,2,50.0,3,3,3,3,8,30.77,7,104,31,135,66.0,4,0,186,3,1,0,George Earthy,Bristol City,1212165,58
6,1,11.11,67,2,10.53,147,112,259,75.51,10,43.48,13,21,0,0,0,0,48,0,0,2,0,12,20,0,0,12,5,42,0,0,0.19,0.25,5,0,0.0,0,0,0,13,13,0,0,0,,47,61.84,0,0,0,84,8,2,0,7,814,0,2,0,0,0,0,0.0,0,0,0,0,128,0,0,6.6,0,0,0,0,0,0,0,0,0.0,0.0,0,1,1,0,0,4,36.36,0,25,15,60.0,2,12,11,9,57,57.58,19,197,146,343,132.0,2,0,501,18,0,0,Kristi Montgomery,Blackburn Rovers,1141109,46
0,0,0.0,1,1,100.0,3,0,3,75.0,2,40.0,3,2,0,0,0,0,1,0,0,0,0,8,1,0,0,0,0,4,0,0,0.0,0.04,1,0,0.0,0,0,0,1,1,0,0,0,,2,66.67,0,0,0,1,0,0,0,0,46,1,4,0,0,0,0,0.0,0,0,0,0,3,0,0,6.6,0,0,0,0,0,0,0,0,0.0,0.0,0,1,0,0,1,0,0.0,0,2,1,50.0,0,1,0,0,4,50.0,1,4,0,4,6.6,1,0,24,0,0,0,Curtis Nelson,Derby County,115434,27
4,2,16.67,105,7,53.85,191,108,299,69.21,44,32.35,92,44,2,0,0,0,64,0,15,11,1,19,44,0,0,43,10,226,0,0,1.91,11.08,69,0,18.97,0,11,13,42,33,9,10,1,,84,38.53,3,0,2,133,8,30,1,34,2889,41,4,0,0,0,0,0.0,0,0,0,2,308,20,0,6.6,1,7,0,0,0,0,0,0,262.64,0.0,0,49,9,25,22,9,39.13,0,20,11,55.0,30,12,23,12,128,36.16,13,305,127,432,290.2,58,1,878,55,1,1,Will Lankshear,Oxford United,1391825,95
4,1,6.67,52,1,16.67,82,38,120,71.43,6,23.08,20,18,1,0,0,0,38,0,1,4,0,4,18,0,0,18,7,66,0,0,1.1,1.27,9,0,21.43,0,3,4,10,8,2,3,0,,27,36.99,0,0,1,48,3,10,0,9,728,4,1,0,0,0,0,0.0,0,0,0,0,122,6,0,6.59,0,3,0,0,0,0,0,0,242.67,0.0,0,11,3,5,5,6,31.58,0,10,7,70.0,10,7,19,15,33,33.33,6,118,50,168,118.7,14,0,316,12,2,0,Yang Min-hyeok,Coventry City,1500794,11
2,0,0.0,76,4,66.67,110,21,131,66.84,29,24.37,90,33,1,0,0,0,26,1,2,7,0,13,33,0,0,22,6,152,0,0,1.37,4.29,18,0,25.0,0,7,8,19,15,4,6,1,,25,28.74,0,0,0,65,0,7,0,19,1549,11,0,0,0,2,0,100.0,0,2,0,0,146,11,0,6.59,0,7,0,0,0,0,0,0,221.29,0.0,0,22,6,2,19,6,27.27,0,6,3,50.0,7,9,22,11,54,26.21,6,167,29,196,217.6,28,0,370,13,1,0,Charlie Kelman,Charlton Athletic,964422,47
6,1,12.5,51,4,44.44,72,39,111,69.81,15,30.61,34,17,1,0,0,0,22,3,5,7,1,9,16,0,0,8,0,62,0,0,1.43,1.98,14,0,5.0,0,1,2,16,12,4,0,1,,14,33.33,0,0,0,48,0,14,0,5,648,1,0,0,0,0,0,0.0,0,0,0,0,92,2,0,6.59,0,1,0,0,0,0,0,0,648.0,0.0,0,18,2,5,8,4,40.0,0,9,8,88.89,14,10,10,8,29,31.87,9,109,50,159,105.5,20,1,268,1,2,0,Daniel Bennie,Queens Park Rangers,1470252,1
7,13,24.53,157,5,29.41,282,146,428,82.95,43,28.48,108,42,3,0,1,0,80,5,1,12,2,44,40,0,0,59,13,246,0,0,2.31,5.39,49,0,12.77,0,6,9,35,32,3,5,1,,108,43.9,0,0,3,88,11,27,0,24,2279,8,3,0,0,3,0,66.67,0,2,0,0,298,14,0,6.59,0,6,0,0,0,0,0,0,379.83,0.0,4,29,18,16,19,25,54.35,0,25,19,76.0,27,9,46,53,151,38.04,17,352,164,516,263.7,47,1,1039,58,5,0,Jordan Ayew,Leicester City,103045,31
1,2,25.0,26,2,22.22,45,29,74,60.16,17,35.42,31,26,0,0,0,0,11,1,2,1,0,8,26,0,0,6,7,68,0,0,0.49,1.72,19,0,37.5,1,3,3,12,10,2,3,0,,30,44.78,1,0,1,49,3,9,0,7,689,3,2,0,0,0,0,0.0,0,0,0,0,80,4,0,6.59,0,2,0,0,0,0,0,0,229.67,0.0,0,8,0,3,4,1,16.67,0,20,8,40.0,9,3,6,8,47,40.87,9,88,35,123,171.4,8,0,234,10,4,0,Harvey Knibbs,Charlton Athletic,886651,47
0,3,16.67,39,1,25.0,60,60,120,74.53,8,34.78,15,15,0,0,0,0,26,2,3,1,0,6,13,0,0,7,3,36,0,0,0.68,0.86,4,0,0.0,0,0,0,6,5,1,0,0,,33,61.11,0,0,0,41,6,4,0,7,567,2,0,0,0,0,0,0.0,0,0,0,0,84,2,0,6.59,0,0,0,0,0,0,0,0,0.0,0.0,0,4,0,2,1,10,58.82,0,16,9,56.25,4,4,17,18,41,53.25,4,91,70,161,85.7,4,0,294,7,1,0,Tony Springett,Norwich City,1065260,263
11,10,22.22,267,17,54.84,443,180,623,79.77,10,20.0,40,42,1,0,0,0,126,1,6,25,2,21,42,0,0,51,29,214,0,0,2.47,4.93,31,0,4.92,0,3,4,51,46,5,3,0,,133,43.32,1,0,2,158,15,24,1,34,2684,7,1,0,0,0,0,0.0,0,0,0,1,417,18,0,6.59,0,1,0,0,0,0,0,0,894.67,0.0,2,41,20,18,18,49,42.61,0,52,26,50.0,24,30,115,45,143,40.06,31,564,217,781,276.8,61,0,1404,32,4,0,Stephy Mavididi,Leicester City,605338,31
6,7,19.44,104,6,35.29,178,87,265,75.5,13,44.83,16,30,1,0,0,0,55,6,4,5,0,9,30,0,0,14,13,93,0,0,2.95,3.91,24,0,10.0,0,3,4,18,18,0,2,1,,64,45.39,0,0,0,86,2,23,2,14,1289,9,3,0,0,0,0,0.0,0,0,0,0,196,7,0,6.59,0,1,0,0,0,0,0,0,429.67,0.0,0,22,8,12,13,6,17.65,0,31,19,61.29,23,13,34,36,77,45.29,17,244,107,351,197.7,30,1,651,28,3,0,Kasey McAteer,Ipswich Town,1065134,32
16,0,0.0,72,62,38.27,232,874,1106,86.95,86,55.13,70,38,0,0,0,0,83,1,1,3,10,189,37,0,0,9,6,128,1,1,0.36,0.69,42,0,14.29,7,1,1,45,42,3,1,0,,54,48.21,0,0,0,166,44,4,0,36,3173,1,26,0,0,0,2,0.0,0,0,0,0,208,2,0,6.59,0,1,0,0,0,0,0,0,3173.0,0.0,0,7,0,2,2,3,50.0,0,35,20,57.14,4,41,6,4,140,52.24,162,351,921,1272,243.8,7,0,1717,16,8,0,Dion Sanderson,Derby County,970407,27
9,0,0.0,152,5,45.45,297,132,429,74.61,114,35.74,205,46,4,0,0,0,56,4,14,14,3,23,46,0,0,74,5,362,0,0,1.96,10.76,68,0,12.5,0,9,13,48,40,8,9,0,,104,39.85,3,0,1,146,5,26,5,37,3164,24,5,0,0,0,0,0.0,0,0,0,0,380,17,0,6.59,0,1,0,0,0,0,0,0,351.56,0.0,0,65,7,30,28,23,52.27,0,28,19,67.86,26,20,44,4,218,37.59,11,409,166,575,303.1,72,1,1133,53,2,0,Aune Selland Heggebø,West Bromwich Albion,932642,8
16,1,6.67,146,7,23.33,234,67,301,51.37,160,38.37,257,46,3,0,0,1,65,7,13,17,6,47,46,0,0,27,7,347,0,0,2.88,11.99,37,0,11.39,0,9,12,45,38,7,9,0,,43,32.33,2,0,3,285,7,33,0,31,3041,24,6,0,0,1,0,0.0,0,0,0,0,440,16,0,6.59,0,7,0,0,0,0,0,0,337.89,0.0,3,67,12,29,33,15,41.67,0,13,9,69.23,33,30,36,15,203,36.91,30,482,104,586,303.1,79,0,1014,15,2,0,Mihailo Ivanović,Millwall,1165838,25
2,3,9.38,59,5,50.0,103,37,140,74.87,5,31.25,11,27,1,0,0,0,33,1,0,8,0,5,27,0,0,11,4,74,0,0,0.7,0.93,16,0,4.55,0,1,2,12,10,2,1,0,,37,37.0,0,0,0,47,2,14,0,6,850,4,2,0,0,0,0,0.0,0,0,0,0,161,4,0,6.59,0,1,0,0,0,0,0,0,850.0,0.0,0,14,8,7,7,11,25.58,0,3,2,66.67,14,3,43,32,42,36.21,10,134,53,187,177.9,22,0,391,23,4,0,Kwadwo Baah,Watford,998357,24
13,1,33.33,61,37,33.33,230,658,888,81.24,126,66.67,63,34,0,0,0,0,93,0,1,5,3,208,34,0,0,9,11,117,1,5,0.56,1.14,27,0,6.25,3,1,1,60,55,5,1,0,,85,61.15,1,0,0,205,29,6,0,32,2662,1,19,1,0,0,0,0.0,0,0,0,0,270,0,0,6.59,0,0,0,0,0,0,0,0,2662.0,0.0,0,16,0,8,3,6,40.0,0,57,35,61.4,6,41,15,3,211,64.33,111,375,718,1093,224.0,16,0,1628,23,6,0,Dominic Iorfa,Sheffield Wednesday,544812,12
10,1,33.33,118,7,41.18,197,69,266,67.0,66,37.93,108,25,0,0,0,0,57,2,8,2,1,17,25,0,0,24,2,161,0,0,1.32,6.32,22,0,24.14,0,7,7,20,17,3,7,0,,30,36.14,3,0,0,131,2,17,0,18,1553,3,3,0,1,0,0,0.0,0,0,0,0,212,13,0,6.59,0,4,0,0,0,0,0,0,221.86,0.0,0,29,0,14,13,6,40.0,0,4,1,25.0,16,13,15,3,96,37.35,17,305,92,397,164.7,29,0,603,21,1,0,Andri Guðjohnsen,Blackburn Rovers,982523,46
12,11,20.37,108,18,54.55,212,143,355,84.52,8,30.77,18,16,2,0,0,0,25,3,0,0,0,13,16,0,0,4,3,32,0,0,1.77,0.3,3,0,0.0,0,0,2,21,19,2,0,0,,16,53.33,0,0,0,65,1,13,0,9,887,4,2,0,0,0,0,0.0,0,0,0,0,128,1,0,6.59,0,0,0,0,0,0,0,0,0.0,0.0,0,3,1,1,3,4,50.0,0,5,3,60.0,13,19,8,54,24,42.86,33,265,155,420,105.4,4,0,594,8,0,0,Ryan Fraser,Southampton,138261,45
13,0,0.0,84,17,45.95,227,177,404,80.96,20,54.05,17,25,0,0,0,0,72,0,1,8,0,18,23,0,1,19,10,74,0,0,1.2,1.78,19,0,0.0,0,0,0,17,15,2,0,0,,61,51.69,0,0,0,95,14,7,0,13,1090,1,2,1,0,0,0,0.0,0,0,0,0,147,4,0,6.59,1,0,0,0,0,0,0,0,0.0,0.0,0,8,14,13,1,10,52.63,0,42,24,57.14,7,22,19,1,81,52.26,37,303,196,499,151.5,22,0,709,9,4,0,Djibril Soumaré,Sheffield United,1394929,15
38,7,35.0,175,54,30.86,391,538,929,77.61,42,56.0,33,28,1,0,0,0,104,3,0,1,3,113,28,0,0,8,24,101,0,2,2.09,0.4,27,0,0.0,3,0,1,49,45,4,0,0,,62,47.69,0,0,0,268,46,17,0,27,2399,1,23,0,0,0,0,0.0,0,0,0,0,398,2,0,6.59,0,0,0,0,0,0,0,0,0.0,0.0,0,4,3,5,1,10,52.63,0,46,25,54.35,17,82,19,20,104,50.73,175,576,621,1197,184.4,7,1,1773,7,4,0,Max Lowe,Sheffield Wednesday,355154,12
6,0,0.0,31,8,26.67,63,77,140,70.35,12,63.16,7,15,0,0,0,0,18,0,0,0,0,28,14,0,0,2,2,18,1,0,0.04,,6,0,0.0,0,0,0,7,5,2,0,0,,13,54.17,0,0,0,59,11,2,0,3,456,0,2,0,0,0,0,0.0,0,0,0,0,89,2,0,6.59,0,0,0,0,0,0,0,0,0.0,0.0,0,0,0,0,0,1,50.0,0,7,5,71.43,2,14,2,2,25,58.14,30,97,102,199,92.2,0,0,351,5,1,0,Joel Ward,Swansea City,39183,74
2,0,0.0,14,2,100.0,25,18,43,84.31,3,33.33,6,7,0,0,0,0,7,0,0,1,0,5,7,0,0,1,2,14,0,0,0.08,0.38,2,0,0.0,0,0,0,1,0,1,0,0,,7,46.67,0,0,0,8,2,3,0,2,222,3,0,0,0,0,0,0.0,0,0,0,0,18,1,0,6.59,0,0,0,0,0,0,0,0,0.0,0.0,0,3,1,2,1,1,25.0,0,2,0,0.0,3,3,4,1,10,41.67,2,31,20,51,46.1,4,0,87,4,1,0,Jin-woo Jeon,Oxford United,924274,95
10,4,66.67,21,20,43.48,100,199,299,81.69,29,61.7,18,14,0,0,0,0,23,2,0,0,1,60,14,0,0,1,2,25,0,2,0.51,0.05,3,0,0.0,10,0,0,17,15,2,0,0,,12,63.16,0,0,0,67,6,7,0,10,766,0,3,0,0,0,0,0.0,0,0,0,0,80,0,0,6.59,0,0,0,0,0,0,0,0,0.0,0.0,0,1,0,1,0,2,66.67,0,8,4,50.0,7,25,3,6,41,62.12,46,148,218,366,92.2,1,0,489,2,1,0,Jake Clarke-Salter,Queens Park Rangers,791984,1
7,6,16.22,138,8,26.67,211,96,307,69.61,23,27.38,61,33,5,0,0,0,97,6,9,10,3,21,33,0,0,20,27,167,0,0,2.87,5.28,34,0,2.5,0,1,6,19,15,4,1,0,,86,44.79,1,0,0,134,9,22,0,25,1978,8,1,0,1,0,0,0.0,0,0,0,0,279,19,0,6.58,0,0,0,0,0,0,0,0,1978.0,0.0,0,30,10,17,13,16,35.56,0,46,28,60.87,21,25,45,37,109,39.49,30,311,130,441,217.3,40,1,829,24,7,0,Thierno Ballo,Millwall,865550,25
15,4,16.0,124,16,40.0,247,227,474,81.72,23,47.92,25,27,1,0,0,0,76,3,1,0,2,33,26,0,0,17,10,88,0,1,0.54,0.33,22,0,0.0,0,0,1,21,21,0,0,0,,71,52.99,0,0,0,106,15,7,0,19,1568,4,2,1,0,0,0,0.0,0,0,0,0,261,7,0,6.58,0,0,0,0,0,0,0,0,0.0,0.0,0,2,0,1,1,13,46.43,0,28,18,64.29,7,29,28,25,94,51.65,40,316,264,580,171.2,2,0,1050,30,6,0,Bright Osayi-Samuel,Birmingham City,791616,9
12,6,31.58,53,25,35.71,119,189,308,81.27,12,36.36,21,14,1,0,0,0,31,1,1,0,0,31,13,0,0,2,2,36,0,0,0.79,0.24,8,0,0.0,0,0,1,13,8,5,0,0,,23,60.53,0,0,0,71,4,3,0,6,736,0,0,1,0,0,0,0.0,0,0,0,0,106,1,0,6.58,0,0,0,0,0,0,0,0,0.0,0.0,0,3,0,1,2,1,25.0,0,10,9,90.0,3,29,4,19,35,49.3,70,174,205,379,85.6,3,0,526,12,2,0,Paddy McNair,Hull City,592876,96
6,0,0.0,86,8,66.67,151,99,250,67.57,58,38.67,92,38,4,0,0,0,42,2,21,25,0,13,38,0,0,27,5,169,0,0,1.96,11.46,22,0,6.41,0,5,9,19,17,2,4,1,,40,34.19,1,0,2,120,0,15,1,20,1815,16,2,0,0,0,0,0.0,0,0,0,0,242,9,0,6.58,0,3,0,0,0,0,0,0,363.0,0.0,0,69,9,27,26,8,22.22,0,7,3,42.86,15,13,36,3,98,36.7,12,240,130,370,250.2,78,0,680,27,3,0,Ivan Azón,Ipswich Town,1000696,32
7,1,10.0,70,6,35.29,130,58,188,81.03,6,40.0,9,20,0,0,0,0,19,2,0,2,0,3,19,0,0,12,5,41,0,0,0.93,0.31,5,0,0.0,0,0,0,6,4,2,0,0,,33,50.77,0,0,0,44,2,8,0,3,617,0,1,0,0,0,0,0.0,0,0,0,0,101,2,0,6.58,0,0,0,0,0,0,0,0,0.0,0.0,0,2,5,4,1,10,50.0,0,14,8,57.14,8,12,20,10,39,48.75,17,165,67,232,125.1,7,0,360,9,2,0,Sverre Nypan,Middlesbrough,1146511,36
7,2,66.67,47,4,28.57,72,43,115,73.25,7,33.33,14,19,0,0,0,0,22,1,0,1,0,12,18,0,0,4,6,40,0,0,0.63,0.14,16,0,25.0,0,1,1,8,8,0,1,0,,20,43.48,0,0,0,42,11,12,0,2,483,0,7,0,2,0,0,0.0,0,0,0,0,68,0,0,6.58,0,1,0,0,0,0,0,0,483.0,0.0,0,3,1,1,2,5,100.0,0,9,4,44.44,10,14,5,3,27,40.3,14,105,52,157,118.5,4,0,257,6,3,0,Oscar Fraulo,Derby County,1008245,27
2,0,0.0,6,4,15.38,20,54,74,64.35,20,60.61,13,6,0,0,0,0,27,0,1,1,2,32,6,0,0,2,2,19,0,3,0.02,0.4,2,0,0.0,0,0,0,8,7,1,0,0,,18,75.0,0,0,0,41,5,2,0,5,460,0,4,0,0,0,0,0.0,0,0,0,0,62,0,0,6.58,0,0,0,0,0,0,0,0,0.0,0.0,0,3,0,2,0,5,100.0,0,10,6,60.0,2,10,5,1,38,66.67,26,46,69,115,39.5,3,0,221,3,1,0,Christ Makosso,Oxford United,1492311,95
19,0,0.0,35,102,34.23,84,207,291,59.63,1,50.0,1,17,0,0,0,0,114,1,0,0,3,23,17,1,0,0,1,2,1,1,0.06,,0,0,0.0,113,0,0,25,21,4,0,0,-2.4,6,85.71,0,2,0,197,0,1,0,16,1511,0,0,0,0,0,0,0.0,1,0,0,0,201,0,11,6.58,0,0,9,22,14,37,0,7,0.0,0.0,0,0,0,0,0,0,0.0,8,2,2,100.0,1,23,0,0,7,77.78,298,248,240,488,111.9,0,1,614,4,1,0,Paul Nardi,Queens Park Rangers,155717,1
0,3,11.11,117,2,50.0,159,29,188,84.68,1,20.0,4,27,2,0,0,0,38,1,0,1,0,2,27,0,0,33,3,93,0,1,0.85,0.33,16,0,14.29,0,1,3,10,10,0,1,0,,56,38.62,0,0,0,34,0,10,0,8,929,2,0,0,0,0,0,0.0,0,0,0,0,171,5,0,6.58,0,1,0,0,0,0,0,0,929.0,0.0,0,6,1,4,2,26,40.0,0,10,5,50.0,10,2,65,27,57,38.0,4,188,34,222,177.6,7,0,466,20,2,0,Jeremy Monga,Leicester City,1861707,31
8,7,29.17,92,12,44.44,182,175,357,77.95,22,37.29,37,38,1,0,0,0,54,2,2,11,0,26,36,0,0,22,10,110,0,0,1.16,2.12,23,0,0.0,0,0,1,22,17,5,0,0,,83,53.21,0,0,1,101,9,16,0,18,1549,1,3,0,0,0,0,0.0,0,0,0,0,211,8,0,6.58,0,0,0,0,0,0,0,0,0.0,0.0,1,19,12,10,10,15,45.45,0,29,18,62.07,16,20,33,24,105,48.84,27,263,195,458,236.8,31,0,808,39,5,0,Melker Widell,Swansea City,1102764,74
2,0,0.0,70,3,33.33,106,37,143,56.52,63,39.62,96,36,2,0,0,0,25,2,5,12,0,16,35,0,0,11,5,145,0,0,1.06,4.77,23,0,13.95,0,6,8,24,21,3,4,2,,19,27.94,0,0,0,110,1,7,1,19,1727,8,3,0,0,0,0,0.0,0,0,0,0,182,6,0,6.58,0,5,0,0,0,0,0,0,287.83,0.0,0,38,5,15,16,1,9.09,0,7,4,57.14,7,6,11,4,82,36.12,9,199,54,253,230.2,43,0,460,11,2,0,Thomas Cannon,Sheffield United,1005766,15
8,3,15.79,42,5,22.73,77,53,130,70.65,6,22.22,21,13,1,0,0,0,36,0,0,6,0,11,13,0,0,10,8,67,0,0,0.76,0.63,13,0,6.25,0,1,2,12,10,2,0,1,,37,44.58,0,0,0,54,5,10,0,9,689,0,0,0,0,0,0,0.0,0,0,0,0,133,1,0,6.58,0,1,0,0,0,0,0,0,689.0,0.0,0,4,12,6,4,6,28.57,0,13,7,53.85,10,18,21,19,43,39.09,22,116,68,184,85.5,16,0,363,18,2,0,Tyler Goodrham,Oxford United,993444,95
2,1,100.0,27,4,50.0,39,31,70,71.43,10,43.48,13,16,0,0,0,0,17,1,1,3,0,5,16,0,0,5,4,36,0,0,0.3,1.66,16,0,7.69,0,1,1,12,8,4,1,0,,17,42.5,0,0,0,28,2,8,0,6,521,1,1,0,0,0,0,0.0,0,0,0,0,56,2,0,6.58,0,0,0,0,0,0,0,0,521.0,0.0,0,9,4,7,3,2,66.67,0,8,4,50.0,8,6,3,1,27,42.86,8,63,35,98,105.2,13,0,178,7,1,0,Luke Berry,Charlton Athletic,97465,47
0,3,33.33,2,0,0.0,5,5,10,90.91,1,50.0,1,5,0,0,0,0,0,2,0,0,0,0,4,0,0,1,1,5,0,0,0.18,,0,0,0.0,0,0,0,0,0,0,0,0,,2,33.33,0,0,0,1,1,3,0,0,51,0,0,0,0,0,0,0.0,0,0,0,0,11,0,0,6.58,0,0,0,0,0,0,0,0,0.0,0.0,0,0,0,0,0,0,0.0,0,1,1,100.0,3,0,2,9,3,37.5,1,5,6,11,26.3,0,0,31,1,0,0,Jahnoah Markelo,Coventry City,1142326,11
5,0,0.0,20,6,35.29,38,23,61,69.32,2,33.33,4,9,0,0,0,0,11,0,0,0,0,9,8,0,0,1,5,19,0,0,0.1,0.16,4,0,0.0,0,0,0,5,4,1,0,0,,8,34.78,0,0,0,27,1,0,0,3,363,0,2,0,0,0,0,0.0,0,0,0,0,44,0,0,6.58,0,0,0,0,0,0,0,0,0.0,0.0,0,1,3,2,2,0,0.0,0,5,4,80.0,0,12,5,3,10,34.48,17,57,31,88,52.6,4,0,149,3,0,0,Daniel Kelly,Millwall,1149244,25
4,1,100.0,36,2,33.33,60,29,89,62.24,30,45.45,36,18,0,0,0,0,19,2,0,2,0,7,18,0,0,8,3,61,0,0,0.29,1.04,13,0,22.22,0,2,2,15,12,3,2,0,,10,28.57,1,0,0,54,1,7,0,4,470,0,2,0,0,0,0,0.0,0,0,0,0,83,5,0,6.57,0,1,0,0,0,0,0,0,235.0,0.0,0,8,1,4,3,4,80.0,0,4,0,0.0,7,10,5,1,40,39.6,6,103,40,143,118.3,9,0,224,2,4,0,Enis Destan,Hull City,1012480,96
15,4,12.9,233,16,50.0,376,124,500,69.25,105,33.02,213,46,1,0,0,0,102,2,15,33,6,52,46,0,0,51,29,400,0,0,2.06,14.04,63,0,10.0,0,10,11,40,38,2,10,0,,115,38.08,2,0,0,222,16,26,0,38,3411,27,3,0,0,1,0,100.0,0,1,0,1,479,43,0,6.57,0,7,0,0,0,0,0,0,341.1,0.0,0,87,13,32,35,29,36.71,0,45,23,51.11,26,26,79,31,220,35.48,32,555,167,722,302.3,100,1,1408,46,7,0,Yuki Ohashi,Blackburn Rovers,965226,46
0,5,18.52,38,5,100.0,63,30,93,76.86,12,46.15,14,10,1,0,0,0,21,0,4,3,0,6,10,0,0,13,8,55,0,0,0.69,1.71,8,0,0.0,0,0,1,7,4,3,0,0,,27,39.71,0,0,0,28,1,5,0,6,513,1,1,0,0,0,0,0.0,0,0,0,1,92,6,0,6.57,0,0,0,0,0,0,0,0,0.0,0.0,0,9,4,5,5,5,29.41,0,13,11,84.62,5,4,17,27,39,41.49,5,87,34,121,65.7,13,0,268,9,0,0,Florian Bianchini,Portsmouth,1006005,2
14,0,0.0,27,44,43.56,136,699,835,84.0,66,50.38,65,35,0,0,0,0,89,0,3,4,2,176,33,0,0,2,5,106,1,3,0.29,1.65,37,0,10.0,6,1,1,55,48,7,1,0,,77,65.25,0,0,0,159,27,7,0,28,2522,4,23,0,0,0,0,0.0,0,0,0,0,193,0,0,6.57,1,1,0,0,0,0,0,0,2522.0,0.0,0,10,0,3,3,13,86.67,0,36,19,52.78,7,37,15,1,143,57.43,101,233,761,994,216.8,10,0,1422,30,2,1,Gabriel Otegbayo,Sheffield Wednesday,1549358,12
1,0,0.0,50,1,10.0,75,29,104,73.24,5,41.67,7,13,0,0,0,0,19,0,3,2,0,4,13,0,0,8,6,42,0,0,0.25,1.17,5,0,0.0,0,0,0,9,8,1,0,0,,31,46.97,0,0,0,38,4,8,0,4,482,0,0,0,0,0,0,0.0,0,0,0,0,81,2,0,6.57,0,0,0,0,0,0,0,0,0.0,0.0,0,5,6,5,4,8,33.33,0,17,8,47.06,8,3,24,9,36,46.15,10,101,41,142,85.4,11,0,257,6,0,0,Olaf Kobacki,Sheffield Wednesday,1016016,12
6,0,0.0,78,3,50.0,138,67,205,81.03,21,43.75,27,29,0,0,0,0,31,1,5,9,0,5,29,0,0,13,2,60,0,1,0.57,4.62,10,0,8.7,0,2,2,9,8,1,2,0,,41,55.41,0,0,1,48,0,13,0,7,903,2,2,0,0,0,0,0.0,0,0,0,1,96,5,0,6.57,0,2,0,0,0,0,0,0,451.5,0.0,0,19,4,6,8,8,50.0,0,8,5,62.5,13,8,16,0,62,50.82,6,173,80,253,190.5,23,0,401,25,1,0,Chuba Akpom,Ipswich Town,190867,32
0,0,0.0,10,1,50.0,19,9,28,53.85,15,31.25,33,13,1,0,0,0,6,0,2,4,0,5,12,0,0,2,2,51,0,0,0.6,2.11,6,0,22.22,0,2,3,12,8,4,2,0,,11,37.93,0,0,0,24,1,4,0,6,523,4,0,0,0,1,0,100.0,0,1,0,0,51,2,0,6.57,0,2,0,0,0,0,0,0,261.5,0.0,0,7,2,2,3,1,11.11,0,6,3,50.0,4,1,9,2,26,33.77,2,38,14,52,78.8,9,0,114,4,0,0,Milan Smit,Stoke City,1199214,29
2,1,33.33,30,2,100.0,50,19,69,69.0,13,31.71,28,22,1,0,0,0,32,1,4,0,0,3,21,0,0,16,6,74,0,0,0.28,1.09,11,0,9.09,0,1,2,10,8,2,1,0,,28,37.84,0,0,0,31,0,10,0,6,701,12,0,0,0,0,0,0.0,0,0,0,0,79,11,0,6.57,0,1,0,0,0,0,0,0,701.0,0.0,0,9,2,6,5,7,35.0,0,8,5,62.5,10,3,20,3,41,35.65,2,80,20,100,137.9,11,0,214,13,2,0,Tanto Olaofe,Charlton Athletic,943646,47
0,1,20.0,16,3,27.27,49,47,96,80.0,3,33.33,6,6,1,0,0,0,8,0,0,0,0,14,6,0,0,1,2,14,0,0,0.18,0.03,2,0,0.0,0,0,1,4,3,1,0,0,,13,61.9,0,0,0,24,2,2,0,3,216,0,0,0,0,0,0,0.0,0,0,0,0,40,0,0,6.57,0,0,0,0,0,0,0,0,0.0,0.0,0,0,1,1,0,2,40.0,0,11,5,45.45,2,6,5,5,16,53.33,11,58,62,120,39.4,1,0,185,0,2,0,Ishé Samuels-Smith,Swansea City,1196791,74
0,0,0.0,3,0,0.0,4,5,9,69.23,0,0.0,1,4,0,0,0,0,3,0,0,0,0,2,3,0,0,0,0,2,0,0,0.01,,1,0,0.0,0,0,0,0,0,0,0,0,,1,50.0,0,0,0,4,0,0,0,0,33,0,0,0,0,0,0,0.0,0,0,0,0,6,0,0,6.57,0,0,0,0,0,0,0,0,0.0,0.0,0,0,0,0,0,0,0.0,0,1,1,100.0,0,0,0,1,1,33.33,0,7,6,13,19.7,0,0,20,0,0,0,Rio Shipston,Sheffield Wednesday,1459620,12
4,0,0.0,10,51,32.28,45,75,120,52.4,1,33.33,2,9,0,0,0,0,56,0,0,0,3,8,9,0,0,0,1,3,2,0,0.01,,0,0,0.0,71,0,0,12,12,0,0,0,-1.6,5,83.33,0,5,0,109,0,0,0,9,810,0,0,0,0,0,0,0.0,0,0,0,0,113,0,2,6.57,0,0,10,8,8,16,0,3,0.0,0.0,0,0,0,0,0,0,0.0,8,0,0,0.0,0,7,0,0,6,66.67,158,134,95,229,59.1,0,0,294,6,0,0,Steven Benda,Millwall,860764,25
0,0,0.0,11,2,50.0,16,12,28,71.79,2,40.0,3,3,0,0,0,0,5,1,0,1,0,1,3,0,0,2,1,14,0,0,0.38,0.16,2,0,0.0,0,0,0,2,2,0,0,0,,8,42.11,0,0,0,11,1,4,0,0,92,0,0,0,0,0,0,0.0,0,0,0,0,30,1,0,6.57,0,0,0,0,0,0,0,0,0.0,0.0,0,2,2,2,1,4,40.0,0,2,1,50.0,4,2,10,5,10,41.67,4,25,14,39,19.7,4,0,79,2,0,0,Amin Nabizada,Watford,1655006,24
16,5,14.71,133,28,28.28,264,324,588,75.68,24,52.17,22,29,1,0,0,0,83,2,2,7,4,57,27,0,0,9,11,76,0,1,0.96,1.59,13,0,0.0,4,0,1,32,27,5,0,0,,68,55.74,0,0,0,189,35,11,0,21,1815,0,12,1,0,0,0,0.0,0,0,0,0,321,6,0,6.56,0,0,0,0,0,0,0,0,0.0,0.0,0,9,12,9,5,16,43.24,0,30,16,53.33,11,54,37,34,92,54.76,99,394,383,777,177.2,21,0,1302,22,0,0,Eric Bocat,Stoke City,1017684,29
0,5,7.35,86,5,27.78,130,50,180,68.44,12,25.53,35,41,0,0,0,0,53,3,3,6,0,18,39,0,0,20,10,138,0,0,1.51,1.79,34,0,21.05,0,4,4,20,14,6,4,0,,59,36.42,1,0,0,83,5,14,0,11,1402,5,1,0,1,0,1,0.0,0,0,0,0,278,11,0,6.56,0,3,0,0,0,0,0,0,350.5,0.0,0,14,5,7,6,15,26.32,0,29,21,72.41,13,4,57,68,71,33.97,18,196,67,263,255.9,19,1,636,15,1,0,Lewis Koumas,Hull City,1403111,96
4,0,0.0,48,1,10.0,78,52,130,72.22,13,43.33,17,16,0,0,0,0,22,0,0,4,0,15,15,0,0,3,13,46,0,0,0.28,0.33,11,0,14.29,0,1,1,9,8,1,1,0,,24,45.28,0,0,0,50,5,7,1,7,623,1,1,0,0,0,0,0.0,0,0,0,0,64,1,0,6.56,0,0,0,0,0,0,0,0,623.0,0.0,0,2,5,1,2,4,57.14,0,14,9,64.29,7,6,7,2,37,44.58,10,112,68,180,98.4,7,0,268,6,2,0,Luke Harris,Oxford United,1134729,95
1,0,0.0,11,4,50.0,20,8,28,66.67,6,100.0,0,5,0,0,0,0,6,0,0,0,0,2,5,0,0,0,1,4,0,0,0.04,0.09,2,0,0.0,0,0,0,4,4,0,0,0,,3,42.86,0,0,0,14,0,1,0,0,90,0,0,0,0,0,0,0.0,0,0,0,0,28,0,0,6.56,0,0,0,0,0,0,0,0,0.0,0.0,0,1,1,1,1,0,0.0,0,2,0,0.0,1,3,1,6,9,69.23,8,32,10,42,32.8,2,0,69,1,0,0,Robbie Brady,Preston North End,267621,21
4,0,0.0,44,1,20.0,67,26,93,70.45,12,46.15,14,23,0,0,0,0,17,2,7,3,1,3,22,0,0,10,4,39,0,0,0.37,4.6,6,0,10.53,0,2,2,4,4,0,2,0,,15,37.5,0,0,0,39,0,3,0,5,627,8,2,0,0,0,0,0.0,0,0,0,1,77,3,0,6.56,0,2,0,0,0,0,0,0,313.5,0.0,1,16,3,11,5,5,50.0,0,4,1,25.0,3,12,10,5,27,40.91,5,99,33,132,144.3,19,0,228,6,1,0,Danny Ings,Sheffield United,130181,15
15,9,11.54,113,16,38.1,220,182,402,71.66,15,25.0,45,40,1,0,0,1,89,3,3,11,1,29,38,0,0,24,18,149,0,0,1.34,3.89,25,0,10.53,0,4,5,53,44,9,4,0,,74,41.57,1,0,2,159,9,17,2,23,2053,0,3,0,0,1,0,0.0,0,0,0,0,346,9,0,6.56,0,1,0,0,0,0,0,0,513.25,0.0,3,20,18,16,11,22,36.67,0,38,25,65.79,17,35,60,78,89,37.39,42,333,228,561,249.2,38,2,1006,14,3,0,Charlie McNeill,Sheffield Wednesday,1104437,12
2,1,20.0,28,6,75.0,52,42,94,77.69,10,43.48,13,20,2,0,0,0,33,3,1,1,0,10,19,0,0,4,5,49,0,0,1.4,0.6,16,0,10.0,0,1,3,9,8,1,1,0,,19,34.55,0,0,0,27,2,7,0,5,533,5,0,0,0,0,0,0.0,0,0,0,0,77,3,0,6.56,0,1,0,0,0,0,0,0,533.0,0.0,0,8,2,5,4,2,15.38,0,12,9,75.0,7,4,13,5,29,37.18,8,74,47,121,124.6,10,0,235,6,4,0,David Akintola,Hull City,798676,96
6,2,15.38,54,6,23.08,112,58,170,70.54,13,22.81,44,38,1,0,0,0,40,0,5,7,3,14,37,0,0,12,15,97,0,0,0.29,4.19,22,0,16.67,0,4,5,16,13,3,4,0,,42,44.21,0,0,0,71,4,10,0,12,1402,7,1,0,0,0,0,0.0,0,0,0,0,138,7,0,6.56,0,4,0,0,0,0,0,0,350.5,0.0,0,19,5,7,10,6,46.15,0,22,14,63.64,10,16,13,13,55,36.18,26,167,74,241,242.6,24,0,442,14,2,0,Macaulay Langstaff,Millwall,909908,25
6,21,24.71,69,5,26.32,110,56,166,66.94,7,17.5,33,27,1,0,0,0,46,3,1,1,0,14,25,0,0,5,9,60,0,0,1.8,0.89,4,0,0.0,0,0,1,22,22,0,0,0,,38,58.46,0,0,0,82,5,13,0,9,989,1,0,0,0,0,0,0.0,0,0,0,0,190,8,0,6.56,0,0,0,0,0,0,0,0,0.0,0.0,0,5,3,4,3,7,43.75,0,29,19,65.52,13,19,16,85,45,42.86,19,169,79,248,163.9,8,0,488,2,0,0,Dion De Neve,Blackburn Rovers,923974,46
3,0,0.0,35,1,33.33,61,28,89,73.55,4,40.0,6,9,0,0,0,0,10,0,0,5,0,2,9,0,0,2,1,19,0,0,0.12,0.28,5,0,0.0,0,0,0,9,7,2,0,0,,17,56.67,0,0,1,32,1,2,0,3,257,1,0,0,0,0,0,0.0,0,0,0,0,55,0,0,6.56,0,0,0,0,0,0,0,0,0.0,0.0,2,1,6,2,0,4,44.44,0,7,4,57.14,2,7,9,8,21,52.5,3,92,29,121,59.0,7,0,183,6,0,0,Kasey Palmer,Hull City,788260,96
4,4,23.53,123,5,71.43,167,32,199,88.05,3,25.0,9,20,0,0,0,0,16,0,1,6,0,2,19,0,0,8,5,47,0,0,0.63,1.24,9,0,0.0,0,0,0,7,6,1,0,0,,28,42.42,0,0,1,27,2,11,0,5,579,1,1,0,0,0,0,0.0,0,0,0,0,87,3,0,6.55,0,0,0,0,0,0,0,0,0.0,0.0,0,9,3,3,3,12,41.38,0,9,6,66.67,11,5,29,17,31,39.74,7,188,38,226,124.5,12,0,375,7,1,0,Jeremy Sarmiento,Middlesbrough,983816,36
12,4,25.0,114,13,52.0,206,124,330,76.92,51,38.64,81,33,0,0,0,0,56,5,4,12,0,32,33,0,0,24,7,158,0,0,1.13,3.49,37,0,11.36,0,5,5,26,21,5,3,2,,41,34.75,0,0,0,99,3,23,5,17,1683,8,5,0,0,0,0,0.0,0,0,0,0,203,9,0,6.55,0,0,0,0,0,0,0,0,336.6,0.0,0,29,15,18,14,13,56.52,0,12,8,66.67,23,21,23,16,92,36.8,25,274,155,429,216.2,44,0,727,16,4,0,Mamadou Doumbia,Watford,1542789,24
0,1,50.0,1,0,0.0,5,5,10,83.33,0,0.0,0,3,0,0,0,0,0,0,0,0,0,0,2,0,0,0,1,1,0,0,0.03,,0,0,0.0,0,0,0,0,0,0,0,0,,1,50.0,0,0,0,2,1,0,0,0,27,0,0,0,0,0,0,0.0,0,0,0,0,3,0,0,6.55,0,0,0,0,0,0,0,0,0.0,0.0,0,0,0,0,0,0,0.0,0,1,1,100.0,0,0,0,2,1,50.0,1,6,6,12,13.1,0,0,16,0,0,0,Cameron Humphreys,Ipswich Town,1130909,32
1,0,0.0,2,1,25.0,2,0,2,33.33,0,0.0,0,3,0,0,0,0,3,0,0,0,0,1,2,0,0,0,0,1,0,0,0.0,,1,0,0.0,0,0,0,1,1,0,0,0,,3,75.0,0,0,0,4,0,0,0,0,29,0,0,0,0,0,0,0.0,0,0,0,0,5,0,0,6.55,0,0,0,0,0,0,0,0,0.0,0.0,0,0,0,0,0,1,100.0,0,1,1,100.0,0,2,1,0,3,75.0,4,6,0,6,13.1,0,0,14,1,1,0,Ryan Andrews,Watford,1461597,24
0,0,0.0,6,2,33.33,11,21,32,71.11,2,50.0,2,4,0,0,0,0,6,0,0,0,0,4,4,0,0,4,0,8,0,0,0.01,,2,0,0.0,0,0,0,1,1,0,0,0,,4,40.0,0,0,0,13,1,0,0,1,82,0,0,0,0,0,0,0.0,0,0,0,0,24,0,0,6.55,0,0,0,0,0,0,0,0,0.0,0.0,0,0,0,0,0,1,100.0,0,3,3,100.0,0,0,1,1,6,42.86,6,17,28,45,26.2,0,0,77,0,0,0,Abdoulaye Kanté,Middlesbrough,1512625,36
1,0,0.0,28,2,20.0,45,38,83,83.84,3,30.0,7,6,0,0,0,0,10,0,0,0,0,5,6,0,0,1,1,11,0,0,0.11,,2,0,0.0,0,0,0,3,3,0,0,0,,6,60.0,0,0,0,16,5,3,0,2,217,0,0,0,0,0,0,0.0,0,0,0,0,29,1,0,6.55,0,0,0,0,0,0,0,0,0.0,0.0,0,0,0,0,0,0,0.0,0,2,2,100.0,3,5,0,6,9,45.0,10,58,41,99,39.3,0,0,147,4,0,0,Alfons Sampsted,Birmingham City,842536,9
0,0,0.0,1,1,50.0,2,21,23,85.19,4,57.14,3,2,0,0,0,0,2,0,2,1,0,13,2,0,0,0,1,5,0,0,0.0,0.75,1,0,0.0,0,0,0,4,3,1,0,0,,2,50.0,0,0,0,4,0,0,0,2,156,0,2,0,0,0,0,0.0,0,0,0,0,4,0,0,6.55,0,0,0,0,0,0,0,0,0.0,0.0,0,3,0,0,2,0,0.0,0,2,1,50.0,0,0,0,0,6,54.55,2,6,21,27,13.1,3,0,51,0,0,0,Elliott Moore,Oxford United,855652,95
1,1,100.0,2,1,100.0,10,7,17,80.95,1,33.33,2,2,0,0,0,0,3,0,0,1,0,6,2,0,0,0,1,6,0,0,0.02,0.14,0,0,0.0,0,0,0,0,0,0,0,0,,3,42.86,0,0,0,4,0,2,0,1,103,0,0,0,0,0,0,0.0,0,0,0,0,8,1,0,6.55,0,0,0,0,0,0,0,0,0.0,0.0,0,1,1,0,1,0,0.0,0,2,1,50.0,2,1,3,1,4,40.0,1,14,7,21,13.1,2,0,44,1,0,0,Abu Kamara,Hull City,1087476,96
2,0,0.0,18,2,40.0,44,16,60,88.24,0,0.0,2,6,0,0,0,0,8,0,0,3,0,0,6,0,0,3,0,11,0,0,0.09,0.13,0,0,0.0,0,0,0,3,3,0,0,0,,15,62.5,0,0,0,8,1,0,0,1,146,0,0,0,0,0,0,0.0,0,0,0,0,30,1,0,6.55,0,0,0,0,0,0,0,0,0.0,0.0,0,1,4,2,0,6,50.0,0,2,2,100.0,0,4,12,5,15,57.69,5,50,18,68,39.3,5,0,116,7,0,0,Benson Manuel,Swansea City,552632,74
0,0,0.0,3,0,0.0,6,1,7,70.0,1,50.0,1,2,0,0,0,0,1,0,0,1,0,0,2,0,0,2,1,6,0,0,0.01,0.1,1,0,0.0,0,0,0,0,0,0,0,0,,3,37.5,0,0,0,3,0,0,0,0,34,0,0,0,0,0,0,0.0,0,0,0,0,9,1,0,6.55,0,0,0,0,0,0,0,0,0.0,0.0,0,1,0,0,0,1,50.0,0,1,1,100.0,0,1,2,0,4,40.0,0,8,2,10,13.1,1,0,24,1,1,0,Favour Fawunmi,Stoke City,1479687,29
0,0,0.0,5,0,0.0,7,3,10,76.92,0,0.0,0,3,0,0,0,0,2,0,0,0,0,0,2,0,0,1,0,1,0,0,0.01,0.08,0,0,0.0,0,0,0,0,0,0,0,0,,0,0.0,0,0,0,3,0,0,0,0,19,1,0,0,0,0,0,0.0,0,0,0,0,6,0,0,6.55,0,0,0,0,0,0,0,0,0.0,0.0,0,1,0,1,0,0,0.0,0,0,0,0.0,0,0,0,1,0,0.0,2,9,4,13,13.1,1,0,19,0,0,0,Louie Sibley,Oxford United,944036,95
1,0,0.0,13,2,66.67,27,29,56,91.8,0,0.0,3,6,0,0,0,0,9,0,0,1,0,7,6,0,0,2,4,14,0,0,0.09,0.04,5,0,0.0,0,0,0,6,6,0,0,0,,7,38.89,0,0,0,5,3,1,0,2,228,0,0,0,0,0,1,0.0,0,0,0,0,13,0,0,6.55,0,0,0,0,0,0,0,0,0.0,0.0,0,0,2,1,0,1,50.0,0,4,3,75.0,1,2,2,3,7,33.33,3,30,31,61,39.3,2,0,98,2,1,0,Onel Hernández,Charlton Athletic,137017,47
10,1,20.0,99,4,36.36,183,46,229,69.82,52,31.71,112,38,2,0,0,0,53,6,7,10,0,41,38,0,0,50,10,226,1,0,2.3,6.72,33,0,14.63,0,6,8,39,33,6,6,0,,60,34.48,1,0,0,99,8,26,1,22,2013,11,2,0,0,0,0,0.0,0,0,0,0,277,9,0,6.55,0,4,0,0,0,0,0,0,335.5,0.0,0,37,4,18,13,12,31.58,0,19,10,52.63,26,14,38,5,112,33.14,11,261,67,328,248.8,41,0,738,29,2,0,Daniel Jebbison,Preston North End,1096136,21
6,6,31.58,27,7,15.56,67,68,135,56.72,30,52.63,27,16,0,0,0,0,24,0,1,4,0,59,15,0,0,2,6,40,0,0,0.3,1.84,3,0,6.67,0,1,1,18,15,3,1,0,,24,64.86,1,0,1,103,13,2,0,10,909,3,3,1,0,0,0,0.0,0,0,0,0,159,1,0,6.55,0,0,0,0,0,0,0,0,909.0,0.0,0,15,0,9,2,3,60.0,0,15,11,73.33,2,25,5,19,54,57.45,45,147,91,238,98.2,15,0,481,8,0,0,Greg Leigh,Oxford United,329431,95
1,0,0.0,14,3,50.0,20,11,31,52.54,28,57.14,21,16,0,0,0,0,11,0,3,2,0,2,15,0,0,3,0,38,0,0,0.13,1.11,6,0,0.0,0,0,0,9,7,2,0,0,,12,41.38,0,0,1,28,1,2,0,0,232,8,0,0,0,0,0,0.0,0,0,0,0,63,1,0,6.55,0,0,0,0,0,0,0,0,0.0,0.0,0,6,2,4,2,10,55.56,0,2,2,100.0,2,2,18,2,40,51.28,6,46,13,59,98.2,8,0,125,0,1,0,Makhtar Gueye,Blackburn Rovers,941164,46
6,1,25.0,50,3,60.0,98,53,151,63.45,51,40.8,74,24,1,0,0,0,30,2,0,6,1,22,23,0,0,16,1,102,0,1,0.8,1.48,9,0,7.14,0,1,2,13,11,2,1,0,,30,51.72,1,0,0,87,2,12,0,12,1159,4,2,0,0,0,0,0.0,0,0,0,0,153,9,0,6.54,0,0,0,0,0,0,0,0,1159.0,0.0,0,12,2,4,4,5,62.5,0,5,3,60.0,12,10,8,4,81,44.26,5,174,64,238,150.5,14,0,423,20,0,0,Nik Prelec,Oxford United,928848,95
7,1,20.0,132,4,30.77,226,101,327,76.94,32,34.78,60,40,1,0,0,0,40,2,5,11,3,7,38,0,0,26,3,123,0,0,1.22,5.53,25,0,12.9,0,4,5,20,16,4,4,0,,38,37.62,0,0,0,98,11,21,1,15,1545,9,2,0,0,1,0,100.0,0,1,0,0,206,6,0,6.54,0,3,0,0,0,0,0,0,386.25,0.0,0,24,7,8,12,13,48.15,0,10,7,70.0,21,16,27,5,70,36.27,13,307,118,425,248.6,31,0,670,16,1,0,Josh Maja,West Bromwich Albion,852145,8
10,0,0.0,40,9,42.86,98,114,212,82.81,5,45.45,6,13,1,0,0,0,31,1,0,2,1,16,12,0,0,1,2,25,0,0,0.09,0.28,12,0,0.0,0,0,1,8,7,1,0,0,,19,50.0,0,0,0,44,6,3,0,6,577,0,0,0,0,0,1,0.0,0,0,0,0,57,0,0,6.54,0,0,0,0,0,0,0,0,0.0,0.0,0,2,6,6,0,1,20.0,0,8,4,50.0,3,18,5,1,24,48.98,21,126,130,256,78.5,8,0,337,10,2,0,Sidnei Tavares,Blackburn Rovers,989889,46
6,3,13.64,55,6,66.67,77,43,120,75.95,6,42.86,8,16,0,0,0,0,31,0,1,3,0,1,16,0,0,20,7,54,0,0,0.49,0.78,7,0,0.0,0,0,0,10,6,4,0,0,,22,32.35,0,0,1,38,3,7,0,5,488,1,1,0,0,0,0,0.0,0,0,0,0,110,4,0,6.54,0,0,0,0,0,0,0,0,0.0,0.0,0,6,2,4,1,9,42.86,0,7,4,57.14,7,10,21,22,28,34.15,9,106,52,158,104.6,8,0,293,6,1,0,Kwame Poku,Queens Park Rangers,992301,1
2,0,0.0,19,4,66.67,27,13,40,65.57,4,36.36,7,8,0,0,0,0,13,1,0,1,0,2,8,0,0,3,1,16,0,0,0.15,0.25,4,0,0.0,0,0,0,6,5,1,0,0,,10,52.63,0,0,0,21,2,5,0,3,265,1,0,0,0,0,0,0.0,0,0,0,0,35,0,0,6.54,0,0,0,0,0,0,0,0,0.0,0.0,0,2,3,2,2,2,66.67,0,6,5,83.33,5,6,3,5,14,46.67,6,41,20,61,52.3,5,0,99,2,1,0,Matt Phillips,Oxford United,36466,95
43,1,20.0,85,53,36.55,236,797,1033,85.09,45,58.44,32,29,2,0,0,0,81,2,1,2,1,131,28,0,0,8,9,72,0,1,0.34,0.52,17,0,0.0,25,0,2,40,32,8,0,0,,55,57.89,0,0,0,181,23,6,0,22,2120,2,12,0,0,0,0,0.0,0,0,0,0,237,1,0,6.54,0,0,0,0,0,0,0,0,0.0,0.0,0,6,1,4,1,14,66.67,0,27,21,77.78,6,94,21,5,100,58.14,145,340,874,1214,183.0,7,0,1591,14,3,0,Kévin Keben Biakolo,Watford,1102504,24
10,1,16.67,47,13,34.21,87,66,153,74.27,12,38.71,19,16,0,0,0,0,30,0,0,0,1,26,14,0,0,2,4,40,1,0,0.2,0.22,13,0,0.0,0,0,0,6,5,1,0,0,,19,47.5,0,0,0,53,11,1,0,6,586,0,1,0,0,0,0,0.0,0,0,0,0,91,0,0,6.54,0,0,0,0,0,0,0,0,0.0,0.0,0,3,2,3,2,1,25.0,0,9,6,66.67,1,28,4,6,31,43.66,38,128,78,206,91.5,5,0,372,9,3,0,Danny McNamara,Millwall,995670,25
4,0,0.0,4,3,50.0,28,32,60,80.0,3,50.0,3,3,0,0,0,0,12,0,0,0,0,4,3,0,1,2,2,13,0,0,0.02,,5,0,0.0,0,0,0,0,0,0,0,0,,13,56.52,0,0,0,15,0,1,0,2,161,0,0,0,0,0,0,0.0,0,0,0,0,22,2,0,6.53,1,0,0,0,0,0,0,0,0.0,0.0,0,0,0,0,0,1,50.0,0,10,7,70.0,1,6,2,0,16,55.17,6,39,36,75,19.6,0,0,104,2,2,0,Kalvin Phillips,Sheffield United,786028,15
0,0,0.0,1,0,0.0,3,1,4,50.0,3,27.27,8,8,0,0,0,0,0,1,0,0,0,0,6,0,0,1,1,11,0,0,0.61,,2,0,0.0,0,0,0,1,1,0,0,0,,0,0.0,0,0,0,4,0,1,0,0,61,1,0,0,0,0,0,0.0,0,0,0,0,8,0,0,6.53,0,0,0,0,0,0,0,0,0.0,0.0,0,0,0,0,0,0,0.0,0,0,0,0.0,1,0,0,1,3,21.43,0,7,1,8,39.2,0,0,13,0,1,0,Devlan Moses,Sheffield Wednesday,1536278,12
0,3,33.33,12,1,100.0,16,6,22,75.86,5,41.67,7,6,0,0,0,0,2,3,0,0,0,1,6,0,0,3,0,14,0,0,0.31,0.18,4,0,0.0,0,0,0,2,2,0,0,0,,5,41.67,0,0,0,7,0,4,0,0,127,1,0,0,0,0,0,0.0,0,0,0,0,24,0,0,6.53,0,0,0,0,0,0,0,0,0.0,0.0,0,1,0,1,0,4,100.0,0,0,0,0.0,4,0,4,9,10,41.67,1,23,6,29,39.2,1,0,67,1,0,0,Ryan One,Sheffield United,1389768,15
2,1,25.0,6,1,14.29,11,6,17,53.13,2,100.0,0,3,0,0,0,0,4,0,0,1,0,1,3,0,0,0,0,5,0,1,0.04,0.07,4,0,0.0,0,0,0,0,0,0,0,0,,2,28.57,0,0,0,15,0,0,0,1,104,0,0,0,0,0,0,0.0,0,0,0,0,19,0,0,6.53,0,0,0,0,0,0,0,0,0.0,0.0,0,0,2,1,0,0,0.0,0,2,2,100.0,0,4,1,4,4,44.44,7,22,10,32,19.6,2,0,44,0,0,0,Kenzo Goudmijn,Derby County,916947,27
1,0,0.0,1,2,100.0,4,5,9,75.0,2,100.0,0,3,0,0,0,0,2,0,0,0,0,0,3,0,0,2,0,4,0,0,0.0,0.04,1,0,0.0,0,0,0,0,0,0,0,0,,2,33.33,0,0,0,3,0,0,0,0,35,0,0,0,0,0,0,0.0,0,0,0,0,9,0,0,6.53,0,0,0,0,0,0,0,0,0.0,0.0,0,0,1,0,1,1,50.0,0,0,0,0.0,0,1,2,1,4,50.0,2,6,6,12,19.6,1,0,23,1,0,0,Dujuan Richards,Leicester City,1498836,31
9,5,16.67,136,11,37.93,249,129,378,65.51,50,28.57,125,44,2,0,0,1,52,7,14,16,1,25,44,0,0,53,12,240,0,0,2.39,9.18,33,0,12.86,0,9,11,38,36,2,8,1,,61,34.66,2,0,3,199,9,26,1,37,2924,15,0,0,0,1,0,0.0,0,0,0,1,417,17,0,6.53,0,6,0,0,0,0,0,0,324.89,0.0,0,52,18,28,26,18,45.0,0,19,13,68.42,26,21,40,30,111,31.62,29,415,162,577,287.4,70,3,1061,24,1,0,Emil Riis Jacobsen,Bristol City,920597,58
5,12,18.75,90,8,36.36,168,136,304,75.81,17,42.5,23,24,0,0,0,0,53,4,5,9,0,27,23,0,0,17,11,85,0,0,1.74,2.54,18,0,3.33,0,1,1,26,21,5,1,0,,45,42.06,0,0,1,97,10,16,1,14,1290,2,4,0,0,0,0,0.0,0,0,0,0,221,5,0,6.53,0,0,0,0,0,0,0,0,1290.0,0.0,0,19,11,15,6,15,48.39,0,13,7,53.85,16,17,31,64,62,42.18,22,237,164,401,150.2,30,0,715,17,1,0,Samuel Iling Junior,West Bromwich Albion,996919,8
2,2,13.33,31,6,54.55,52,30,82,70.69,4,44.44,5,10,0,0,0,0,16,0,0,1,0,5,10,0,0,2,6,18,0,0,0.35,0.62,4,0,0.0,0,0,0,5,5,0,0,0,,10,43.48,0,0,0,34,2,4,0,4,355,0,0,0,0,0,0,0.0,0,0,0,0,55,3,0,6.53,0,0,0,0,0,0,0,0,0.0,0.0,0,4,1,2,2,0,0.0,0,8,5,62.5,4,6,1,15,14,43.75,11,78,38,116,65.3,5,0,170,2,0,0,Will Smallbone,Millwall,970435,25
6,1,14.29,42,10,66.67,80,75,155,82.01,6,37.5,10,20,0,0,0,0,38,0,0,0,0,7,20,0,0,11,6,46,0,0,0.28,0.39,12,0,0.0,0,0,0,12,8,4,0,0,,19,34.55,0,0,0,34,3,6,0,8,779,1,1,0,0,0,0,0.0,0,0,0,0,74,2,0,6.53,0,0,0,0,0,0,0,0,0.0,0.0,0,2,1,2,1,3,27.27,0,15,10,66.67,6,10,11,7,25,35.21,15,101,88,189,130.6,3,0,300,1,0,0,Moussa Sissoko,Watford,27014,24
4,0,0.0,38,2,33.33,50,20,70,60.34,25,40.98,36,31,2,0,0,0,19,3,2,1,0,4,27,0,0,10,3,70,0,0,0.72,2.86,20,0,21.43,0,3,5,8,8,0,2,1,,11,24.44,0,0,0,46,4,5,3,3,557,2,0,0,0,0,0,0.0,0,0,0,0,75,4,0,6.53,0,0,0,0,0,0,0,0,185.67,0.0,0,12,2,6,7,4,57.14,0,6,3,50.0,5,6,7,1,36,33.96,6,90,26,116,176.3,14,0,209,1,3,0,Lars-Jørgen Salvesen,Derby County,591876,27
2,6,15.38,66,9,56.25,88,39,127,73.41,4,28.57,10,12,0,0,0,0,31,0,0,9,0,5,12,0,0,9,10,50,0,1,0.6,1.21,11,0,6.67,0,1,1,12,10,2,1,0,,36,47.37,0,0,1,46,5,9,0,9,761,4,0,0,1,0,0,0.0,0,0,0,0,119,3,0,6.53,0,1,0,0,0,0,0,0,761.0,0.0,0,9,6,2,4,9,47.37,0,17,10,58.82,8,7,19,39,40,44.44,16,129,44,173,78.3,15,0,347,10,1,0,Gustavo Caballero,Portsmouth,988656,2
0,0,0.0,0,0,0.0,18,50,68,80.95,8,42.11,11,6,0,0,0,0,9,0,0,1,0,13,4,0,0,3,1,20,0,0,0.01,0.2,5,0,0.0,0,0,0,4,4,0,0,0,,11,55.0,0,0,0,16,5,0,0,1,229,0,3,0,0,0,0,0.0,0,0,0,0,22,0,0,6.53,0,0,0,0,0,0,0,0,0.0,0.0,0,1,0,0,0,2,100.0,0,6,5,83.33,0,7,2,0,19,48.72,10,31,53,84,26.1,1,0,129,3,1,0,Cathal McCarthy,Hull City,1845232,96
49,9,21.95,247,66,28.33,484,624,1108,75.89,36,50.7,35,45,1,0,0,0,149,1,1,4,4,113,45,0,0,8,19,109,0,0,1.37,1.68,37,0,5.56,7,1,2,82,73,9,1,0,,95,56.21,0,0,0,352,37,14,1,42,3748,6,19,0,0,0,1,0.0,0,0,0,0,516,6,0,6.52,0,0,0,0,0,0,0,0,3748.0,0.0,0,14,4,9,5,10,50.0,0,59,43,72.88,14,161,20,41,131,54.58,233,746,714,1460,293.5,18,0,2157,26,4,0,Liam Palmer,Sheffield Wednesday,104857,12
5,1,14.29,35,6,66.67,71,37,108,70.59,1,4.76,20,37,0,0,0,0,31,0,5,4,0,12,34,0,0,11,3,65,0,0,0.31,3.33,25,0,14.29,0,3,3,16,14,2,3,0,,30,40.0,0,0,0,45,4,7,2,10,1064,6,1,0,0,0,0,0.0,0,0,0,0,100,10,0,6.52,0,1,0,0,0,0,0,0,354.67,0.0,0,11,10,10,7,3,33.33,0,11,4,36.36,7,8,9,7,31,32.29,9,100,53,153,221.7,21,0,316,16,3,0,Mark Harris,Oxford United,1064263,95
1,1,20.0,14,1,14.29,39,30,69,79.31,4,100.0,0,5,0,0,0,0,4,0,0,0,0,6,5,0,0,0,6,7,0,0,0.09,,0,0,0.0,0,0,0,4,4,0,0,0,,6,46.15,0,0,0,18,1,1,0,2,175,0,0,0,0,0,0,0.0,0,0,0,0,27,0,0,6.52,0,0,0,0,0,0,0,0,0.0,0.0,0,0,0,0,0,0,0.0,0,6,4,66.67,1,4,1,5,10,58.82,7,49,38,87,32.6,0,0,126,0,0,0,Victor Kristiansen,Leicester City,1092409,31
2,3,30.0,24,2,11.11,46,36,82,67.21,3,33.33,6,5,0,0,0,0,12,1,1,0,2,2,5,0,0,3,6,21,0,0,0.33,0.46,3,0,0.0,0,0,0,3,3,0,0,0,,8,34.78,0,0,0,40,1,2,0,4,331,0,1,0,0,0,0,0.0,0,0,0,0,65,4,0,6.52,0,0,0,0,0,0,0,0,0.0,0.0,0,5,1,2,4,1,25.0,0,6,6,100.0,2,11,4,10,11,34.38,18,77,45,122,32.6,6,0,182,1,0,0,Matthew Litherland,Blackburn Rovers,1424936,46
3,1,100.0,11,9,34.62,26,90,116,75.82,16,57.14,12,5,0,0,0,0,10,1,0,0,0,20,5,0,0,1,2,16,0,0,0.36,0.04,2,0,0.0,0,0,0,7,7,0,0,0,,9,69.23,0,0,0,37,2,2,0,3,339,0,1,1,0,0,0,0.0,0,0,0,0,42,0,0,6.52,0,0,0,0,0,0,0,0,0.0,0.0,0,1,0,1,0,0,0.0,0,8,3,37.5,2,11,0,1,25,60.98,26,51,102,153,32.6,1,0,202,1,2,0,Connor O'Riordan,Blackburn Rovers,1133480,46
11,1,8.33,44,14,28.0,87,106,193,73.66,9,47.37,10,16,1,0,0,0,28,0,0,3,0,26,16,0,0,2,9,32,0,0,0.25,0.2,4,0,0.0,0,0,1,16,11,5,0,0,,32,59.26,0,0,0,69,7,5,0,7,622,0,1,0,0,0,0,0.0,0,0,0,1,123,2,0,6.52,0,0,0,0,0,0,0,0,0.0,0.0,0,1,8,5,1,6,46.15,0,17,12,70.59,5,28,13,12,41,56.16,50,133,129,262,104.3,9,0,465,9,0,0,Esquerdinha,Queens Park Rangers,1597264,1
2,1,9.09,39,2,50.0,59,17,76,65.52,10,23.81,32,28,0,0,0,0,17,0,1,0,0,7,27,0,0,12,1,64,0,0,0.41,1.13,11,0,22.22,0,2,2,10,8,2,2,0,,25,43.86,0,0,0,40,1,3,1,5,714,7,0,0,0,0,0,0.0,0,0,0,0,98,3,0,6.52,0,1,0,0,0,0,0,0,357.0,0.0,0,9,0,6,3,4,33.33,0,14,8,57.14,3,4,12,11,35,35.35,4,93,23,116,176.0,9,0,253,7,2,0,Mamadou Kaly Sene,Middlesbrough,978321,36
0,1,14.29,21,1,50.0,33,13,46,69.7,1,8.33,11,17,0,0,0,0,12,0,0,2,0,1,16,0,0,5,1,24,0,0,0.07,0.44,4,0,25.0,0,1,1,4,4,0,1,0,,11,45.83,0,0,0,20,0,3,1,1,312,2,1,0,0,0,0,0.0,0,0,0,0,44,1,0,6.51,0,0,0,0,0,0,0,0,312.0,0.0,0,2,2,0,2,1,25.0,0,3,2,66.67,3,2,4,7,12,33.33,2,51,15,66,104.2,4,0,122,7,1,0,Silko Thomas,Leicester City,1153420,31
9,7,10.77,174,14,32.56,235,90,325,67.01,11,10.28,96,44,6,0,0,1,115,12,6,36,1,18,44,0,0,57,21,294,0,0,5.82,11.08,69,0,10.75,0,10,16,44,39,5,9,1,,83,29.54,1,0,1,160,12,44,3,41,3312,9,3,0,0,3,1,66.67,0,2,0,0,444,30,0,6.51,0,6,0,0,0,0,0,0,331.2,0.0,0,57,36,28,29,27,32.53,0,45,27,60.0,44,33,83,65,94,24.23,43,368,117,485,286.5,93,1,1099,11,10,0,Jay Stansfield,Birmingham City,1013987,9
8,2,33.33,24,5,19.23,49,87,136,80.95,7,53.85,6,12,0,0,0,0,19,1,0,0,0,9,9,0,0,4,1,17,0,0,0.43,0.07,4,0,0.0,0,0,0,5,4,1,0,0,,8,42.11,0,0,0,32,4,6,0,3,383,0,0,0,0,0,0,0.0,0,0,0,0,54,0,0,6.51,0,0,0,0,0,0,0,0,0.0,0.0,0,1,1,2,0,3,60.0,0,3,2,66.67,6,15,5,6,15,46.88,26,72,96,168,58.6,2,0,245,2,1,0,Haydon Roberts,Bristol City,980635,58
4,1,8.33,24,4,66.67,45,23,68,80.0,6,54.55,5,11,0,0,0,0,17,0,0,3,0,6,10,0,0,8,4,29,0,0,0.09,0.32,4,0,0.0,0,0,0,7,5,2,0,0,,13,35.14,0,0,0,17,4,2,0,2,354,0,1,0,0,0,0,0.0,0,0,0,0,55,3,0,6.51,0,0,0,0,0,0,0,0,0.0,0.0,0,3,6,2,4,3,27.27,0,6,4,66.67,2,9,11,12,19,39.58,6,60,25,85,65.1,9,0,182,4,1,0,Ibrahim Fullah,Charlton Athletic,1833884,47
5,0,0.0,13,69,30.26,53,148,201,55.37,2,66.67,1,13,0,0,0,0,87,0,0,0,3,15,13,0,0,0,0,1,0,0,0.01,,0,0,0.0,61,0,0,13,13,0,0,0,-1.58,2,100.0,0,8,0,162,0,0,0,12,1091,0,0,0,0,0,0,0.0,1,0,0,0,164,0,9,6.51,0,0,5,13,7,21,0,5,0.0,0.0,0,0,0,0,0,0,0.0,5,0,0,0.0,0,16,0,0,4,80.0,228,194,169,363,84.6,0,0,452,2,1,0,Aynsley Pears,Blackburn Rovers,903166,46
7,7,25.0,46,10,21.74,100,76,176,67.18,23,54.76,19,15,0,0,0,0,22,0,1,2,1,35,14,0,0,2,2,32,0,0,0.36,0.85,9,0,0.0,0,0,0,11,10,1,0,0,,12,48.0,0,0,0,86,2,9,0,8,718,0,0,0,0,0,1,0.0,0,0,0,0,129,1,0,6.51,0,0,0,0,0,0,0,0,0.0,0.0,1,4,2,2,2,1,50.0,0,7,5,71.43,9,43,2,28,35,52.24,46,158,104,262,91.1,6,0,406,5,1,0,Harry Pickering,Blackburn Rovers,845571,46
5,2,40.0,73,3,75.0,107,31,138,81.66,2,33.33,4,19,0,0,0,0,16,0,2,4,0,3,17,0,0,6,2,31,0,0,0.71,0.92,7,0,6.25,0,1,1,8,8,0,1,0,,24,47.06,0,0,0,31,1,9,0,4,529,1,0,0,0,0,0,0.0,0,0,0,0,76,2,0,6.51,0,1,0,0,0,0,0,0,529.0,0.0,0,11,5,7,5,7,36.84,0,5,4,80.0,9,9,19,5,26,45.61,4,136,33,169,110.6,16,0,282,12,1,0,Sontje Hansen,Middlesbrough,1199057,36
3,1,11.11,96,3,42.86,171,82,253,69.32,46,30.87,103,41,4,0,0,1,29,2,14,10,0,33,40,0,0,22,10,166,0,0,0.72,8.01,24,0,9.09,0,5,9,34,30,4,3,2,,54,46.15,0,0,2,112,2,21,1,21,2082,15,6,0,0,1,0,0.0,0,0,0,0,225,11,0,6.5,0,4,0,0,0,0,0,0,416.4,0.0,0,45,10,25,20,7,46.67,0,16,9,56.25,21,4,15,9,100,37.59,7,257,108,365,260.1,55,2,702,31,2,0,Patson Daka,Leicester City,865057,31
1,0,0.0,31,3,75.0,51,27,78,82.11,2,28.57,5,9,0,0,0,0,6,0,0,3,0,2,8,0,1,0,0,11,0,0,0.1,1.55,5,0,13.33,0,2,2,4,4,0,1,1,,7,53.85,0,0,0,17,1,3,0,3,282,1,0,0,0,0,0,0.0,0,0,0,0,28,1,0,6.5,1,2,0,0,0,0,0,0,141.0,0.0,0,9,6,5,7,0,0.0,0,6,2,33.33,3,1,1,1,9,45.0,4,66,29,95,52.0,15,0,138,1,0,0,Aaron Ramsey,Leicester City,1000142,31
2,0,0.0,24,1,20.0,46,34,80,77.67,2,18.18,9,11,0,0,0,0,18,0,0,1,0,3,11,0,0,8,3,35,0,0,0.11,1.07,8,0,33.33,0,1,1,6,4,2,1,0,,19,42.22,0,0,0,23,3,4,1,2,298,1,0,0,0,0,0,0.0,0,0,0,0,50,1,0,6.5,0,0,0,0,0,0,0,0,298.0,0.0,0,2,1,1,1,2,22.22,0,12,6,50.0,4,3,9,3,21,37.5,5,65,38,103,71.5,3,0,172,5,2,0,Edoardo Bove,Watford,986352,24
0,2,22.22,8,0,0.0,26,13,39,69.64,1,16.67,5,7,0,0,0,0,7,0,0,4,0,4,5,0,0,6,2,19,0,0,0.12,0.29,2,0,14.29,0,1,1,5,5,0,0,1,,8,36.36,0,0,0,17,1,1,0,2,206,0,1,0,0,0,0,0.0,0,0,0,0,38,0,0,6.5,0,1,0,0,0,0,0,0,206.0,0.0,0,3,4,2,1,1,20.0,0,4,2,50.0,1,1,5,9,9,32.14,6,35,21,56,32.5,7,0,113,3,0,0,Oliver Bostock,West Bromwich Albion,1561770,8
2,10,30.3,65,2,14.29,118,79,197,82.43,4,22.22,14,18,1,0,0,0,21,0,0,4,0,1,17,0,0,9,5,39,0,0,0.98,0.79,4,0,0.0,0,0,1,10,10,0,0,0,,14,35.9,0,0,0,42,5,9,0,5,564,0,1,0,0,0,0,0.0,0,0,0,0,98,2,0,6.5,0,0,0,0,0,0,0,0,0.0,0.0,0,6,3,2,3,2,22.22,0,6,3,50.0,9,9,9,33,18,31.58,14,148,91,239,110.5,9,0,364,6,0,0,Louis Page,Leicester City,1917669,31
8,0,0.0,22,26,46.43,107,322,429,87.37,39,55.71,31,12,1,0,0,0,29,1,1,1,1,81,12,0,0,2,5,47,0,0,0.23,0.39,10,0,0.0,3,0,1,24,18,6,0,0,,13,44.83,0,0,0,62,18,3,0,12,1040,0,9,0,0,0,0,0.0,0,0,0,0,67,0,0,6.5,0,0,0,0,0,0,0,0,0.0,0.0,0,5,1,5,0,1,100.0,0,8,5,62.5,3,20,1,0,52,52.53,56,146,345,491,78.0,6,0,648,4,3,0,Liam Morrison,Queens Park Rangers,987541,1
1,0,0.0,1,0,0.0,3,9,12,100.0,0,0.0,0,1,0,0,0,0,3,0,0,0,0,0,1,0,0,0,0,1,0,0,0.0,,0,0,0.0,0,0,0,1,1,0,0,0,,0,0.0,0,0,0,0,0,0,0,0,10,0,0,0,0,0,0,0.0,0,0,0,0,2,0,0,6.5,0,0,0,0,0,0,0,0,0.0,0.0,0,0,0,0,0,0,0.0,0,0,0,0.0,0,1,1,0,0,0.0,0,3,9,12,6.5,0,0,14,0,0,0,Isak Alemayehu Mulugeta,Queens Park Rangers,1404653,1
0,0,0.0,0,0,0.0,1,0,1,33.33,1,100.0,0,1,0,0,0,0,0,0,0,0,0,1,1,0,0,0,0,0,0,0,0.0,,0,0,0.0,0,0,0,0,0,0,0,0,,0,0.0,0,0,0,2,0,0,0,0,11,0,0,0,0,0,0,0.0,0,0,0,0,3,0,0,6.5,0,0,0,0,0,0,0,0,0.0,0.0,0,0,0,0,0,0,0.0,0,0,0,0.0,0,0,0,0,1,100.0,0,2,1,3,6.5,0,0,6,0,0,0,Dajaune Brown,Derby County,1467305,27
0,0,0.0,2,0,0.0,2,1,3,100.0,0,0.0,0,1,0,0,0,0,0,0,0,0,0,0,1,0,0,0,0,0,0,0,0.0,,0,0,0.0,0,0,0,1,1,0,0,0,,0,0.0,0,0,0,0,0,0,0,0,8,0,0,0,0,0,0,0.0,0,0,0,0,1,0,0,6.5,0,0,0,0,0,0,0,0,0.0,0.0,0,0,0,0,0,0,0.0,0,0,0,0.0,0,0,0,0,0,0.0,0,2,1,3,6.5,0,0,4,0,0,0,Franco Umeh,Portsmouth,1149851,2
0,0,0.0,3,0,0.0,4,1,5,55.56,0,0.0,0,1,0,0,0,0,0,0,0,0,0,3,1,0,0,0,1,1,0,0,0.0,,0,0,0.0,0,0,0,0,0,0,0,0,,0,0.0,0,0,0,4,0,0,0,0,12,0,0,0,0,0,0,0.0,0,0,0,0,6,0,0,6.5,0,0,0,0,0,0,0,0,0.0,0.0,0,0,0,0,0,0,0.0,0,0,0,0.0,0,1,0,1,0,0.0,0,6,3,9,6.5,0,0,14,0,1,0,Aji Alese,Portsmouth,934228,2
0,0,0.0,1,0,0.0,1,0,1,33.33,0,0.0,0,1,0,0,0,0,1,0,0,0,0,1,1,0,0,0,0,0,0,0,0.0,,0,0,0.0,0,0,0,0,0,0,0,0,,0,0.0,0,0,0,2,0,0,0,0,11,0,0,0,0,0,0,0.0,0,0,0,0,2,0,0,6.5,0,0,0,0,0,0,0,0,0.0,0.0,0,0,0,0,0,0,0.0,0,0,0,0.0,0,0,0,0,0,0.0,1,3,0,3,6.5,0,0,4,0,0,0,Zak Lovelace,Millwall,1170314,25
0,0,0.0,0,0,0.0,0,2,2,100.0,0,0.0,0,1,0,0,0,0,0,0,0,0,0,0,1,0,0,0,0,0,0,0,0.0,,0,0,0.0,0,0,0,1,1,0,0,0,,0,0.0,0,0,0,0,0,0,0,0,10,0,0,0,0,0,0,0.0,0,0,0,0,0,0,0,6.5,0,0,0,0,0,0,0,0,0.0,0.0,0,0,0,0,0,0,0.0,0,0,0,0.0,0,0,0,0,0,0.0,0,0,2,2,6.5,0,0,3,0,0,0,Leon Scarlett,Queens Park Rangers,2256602,1
0,0,0.0,0,0,0.0,0,1,1,100.0,0,0.0,1,2,0,0,0,0,0,0,0,0,0,0,1,0,0,1,0,2,0,0,0.0,,0,0,0.0,0,0,0,1,1,0,0,0,,1,50.0,0,0,0,0,0,0,0,0,9,0,0,0,0,0,0,0.0,0,0,0,0,1,0,0,6.5,0,0,0,0,0,0,0,0,0.0,0.0,0,0,0,0,0,0,0.0,0,0,0,0.0,0,0,0,0,1,33.33,0,0,1,1,6.5,0,0,5,1,0,0,Cruz Ibeh,Middlesbrough,1914059,36
0,0,0.0,4,0,0.0,7,1,8,72.73,1,100.0,0,3,0,0,0,0,3,0,0,0,0,0,2,0,0,1,0,3,0,0,0.02,,2,0,0.0,0,0,0,0,0,0,0,0,,2,40.0,0,0,0,3,0,1,0,0,22,0,0,0,0,0,0,0.0,0,0,0,0,5,1,0,6.5,0,0,0,0,0,0,0,0,0.0,0.0,0,0,0,0,0,1,100.0,0,0,0,0.0,1,0,1,0,3,50.0,0,9,2,11,13.0,0,0,17,1,0,0,Olly Thomas,Bristol City,1466787,58
0,0,0.0,3,0,0.0,3,2,5,62.5,1,33.33,2,4,0,0,0,0,0,0,0,0,0,0,1,0,0,0,0,2,0,0,0.0,,0,0,0.0,0,0,0,0,0,0,0,0,,1,100.0,0,0,0,3,0,0,0,0,14,0,0,0,0,0,0,0.0,0,0,0,0,3,0,0,6.5,0,0,0,0,0,0,0,0,0.0,0.0,0,0,0,0,0,0,0.0,0,1,1,100.0,0,0,0,0,2,50.0,0,5,3,8,6.5,0,0,10,0,0,0,Bruno Fernandes,Sheffield Wednesday,2215523,12
7,0,0.0,5,31,35.63,13,119,132,69.84,1,100.0,0,7,0,0,0,0,53,0,0,0,0,3,7,0,0,0,0,0,0,0,0.0,,0,0,0.0,53,0,0,9,8,1,0,0,-3.52,0,0.0,0,6,0,57,0,0,0,6,585,0,0,0,0,0,0,0.0,0,0,0,0,59,0,2,6.5,0,0,2,6,5,11,0,3,0.0,0.0,0,0,0,0,0,0,0.0,2,0,0,0.0,0,10,0,0,1,100.0,87,56,133,189,45.5,0,0,237,0,0,0,Nathan Baxter,Watford,838612,24
1,0,0.0,5,0,0.0,10,10,20,68.97,2,28.57,5,6,0,0,0,0,4,0,2,2,0,1,6,0,0,2,2,11,0,0,0.01,0.64,0,0,0.0,0,0,0,5,3,2,0,0,,2,25.0,0,0,0,9,1,1,0,2,184,0,1,0,0,0,0,0.0,0,0,0,0,24,1,0,6.5,0,0,0,0,0,0,0,0,0.0,0.0,0,6,2,3,3,1,33.33,0,1,1,100.0,1,3,3,3,4,26.67,0,16,13,29,39.0,8,0,57,0,0,0,Ryan Hardie,Wrexham,547376,64
12,0,0.0,96,16,48.48,228,218,446,83.36,17,53.13,15,16,0,0,0,0,66,2,0,4,1,15,15,0,0,13,5,48,1,0,0.49,0.58,9,0,0.0,0,0,0,20,16,4,0,0,,34,50.75,0,0,0,89,17,8,0,13,1037,0,2,0,0,0,0,0.0,0,0,0,0,133,6,0,6.5,0,0,0,0,0,0,0,0,0.0,0.0,0,5,7,6,2,6,46.15,0,23,13,56.52,8,22,13,5,51,51.52,33,287,248,535,97.5,12,0,692,5,3,0,Mirko Topić,Norwich City,980797,263
0,0,0.0,4,1,100.0,6,2,8,80.0,4,28.57,10,6,0,0,0,0,4,0,0,2,0,3,4,0,0,2,3,19,0,0,0.01,0.16,5,0,0.0,0,0,0,0,0,0,0,0,,4,30.77,0,0,0,2,0,0,0,0,85,0,0,0,0,0,0,0.0,0,0,0,0,10,0,0,6.5,0,0,0,0,0,0,0,0,0.0,0.0,0,2,0,0,0,1,50.0,0,2,0,0.0,0,0,2,0,8,29.63,1,8,2,10,26.0,2,0,34,1,1,0,Thomas Waddingham,Portsmouth,1462283,2
0,0,0.0,1,0,0.0,2,0,2,40.0,0,0.0,0,1,0,0,0,0,0,0,0,1,0,0,1,0,0,0,0,0,0,0,0.0,0.12,0,0,0.0,0,0,0,0,0,0,0,0,,0,0.0,0,0,0,3,0,0,0,0,11,0,0,0,0,0,0,0.0,0,0,0,0,4,0,0,6.5,0,0,0,0,0,0,0,0,0.0,0.0,0,1,0,0,0,0,0.0,0,0,0,0.0,0,0,0,0,0,0.0,1,5,0,5,6.5,1,0,8,0,0,0,Souleyman Mandey,West Bromwich Albion,1489151,8
0,0,0.0,1,0,0.0,2,1,3,100.0,0,0.0,0,1,0,0,0,0,1,0,0,0,0,0,1,0,0,0,0,0,0,0,0.0,0.07,0,0,0.0,0,0,0,0,0,0,0,0,,0,0.0,0,0,0,0,0,0,0,0,11,0,0,0,0,0,0,0.0,0,0,0,0,0,0,0,6.5,0,0,0,0,0,0,0,0,0.0,0.0,0,0,1,1,0,0,0.0,0,0,0,0.0,0,0,0,0,0,0.0,0,2,1,3,6.5,1,0,5,0,0,0,Tom Dele-Bashiru,Watford,904845,24
17,1,16.67,181,5,25.0,306,102,408,58.54,214,46.72,244,42,1,0,0,1,55,2,12,13,9,59,42,0,0,32,14,344,0,0,1.84,9.06,45,0,5.26,0,3,4,47,40,7,3,0,,67,40.12,1,0,1,289,4,19,1,37,3400,16,5,0,0,2,1,50.0,0,1,0,0,445,21,0,6.5,0,1,0,0,0,0,0,0,1133.33,0.0,0,56,1,27,17,10,50.0,0,21,11,52.38,19,34,20,6,281,44.96,20,564,133,697,272.8,57,0,1175,38,4,0,Colby Bishop,Portsmouth,374384,2
12,1,14.29,62,15,46.88,162,176,338,82.24,3,27.27,8,23,0,0,0,0,44,0,0,3,0,8,19,0,0,4,7,40,0,0,0.23,0.36,17,0,0.0,0,0,0,22,20,2,0,0,,28,46.67,0,0,0,73,16,4,0,12,992,0,3,0,0,0,0,0.0,0,0,0,0,99,1,0,6.49,0,0,0,0,0,0,0,0,0.0,0.0,0,3,3,2,1,5,55.56,0,15,10,66.67,4,26,9,7,31,43.66,32,216,195,411,123.4,6,0,527,8,2,0,Jarvis Thornton,Sheffield Wednesday,2215525,12
9,1,9.09,52,10,17.86,98,92,190,61.69,31,52.54,28,17,0,0,0,0,26,1,1,1,2,74,16,0,0,5,1,50,0,0,0.22,0.89,15,0,16.67,0,1,1,13,12,1,1,0,,18,45.0,1,0,0,118,15,4,0,12,952,3,7,0,0,0,1,0.0,0,0,0,0,186,0,0,6.49,0,0,0,0,0,0,0,0,952.0,0.0,0,6,0,3,2,1,50.0,0,10,6,60.0,4,36,2,11,49,49.49,56,183,125,308,103.9,6,1,567,8,1,0,Reece Burke,Charlton Athletic,372342,47
6,7,31.82,51,11,61.11,100,80,180,79.3,14,40.0,21,15,0,0,0,0,38,0,0,3,0,7,14,0,0,4,7,51,0,0,0.66,0.13,11,0,0.0,0,0,0,12,9,3,0,0,,18,37.5,0,0,1,47,8,11,0,6,656,0,0,0,0,0,0,0.0,0,0,0,0,87,2,0,6.49,0,0,0,0,0,0,0,0,0.0,0.0,0,1,4,2,0,3,27.27,0,12,6,50.0,11,8,11,22,32,38.55,18,137,90,227,90.9,5,0,348,3,1,0,Márk Kosznovszky,Portsmouth,982559,2
3,1,14.29,55,5,62.5,91,71,162,80.6,3,12.0,22,25,0,0,0,0,57,0,0,9,0,11,25,0,0,25,9,105,1,1,1.02,2.01,17,0,6.67,0,1,1,22,20,2,1,0,,66,44.3,0,0,1,39,7,5,0,13,1113,4,0,0,0,0,0,0.0,0,0,0,0,140,5,0,6.49,0,1,0,0,0,0,0,0,1113.0,0.0,0,10,5,3,3,25,43.86,0,17,12,70.59,5,7,57,7,69,39.66,8,118,83,201,162.3,15,0,457,24,1,0,Joel Ndala,Sheffield Wednesday,1152187,12
11,1,50.0,28,25,34.25,103,138,241,71.51,16,28.57,40,10,1,0,0,0,21,1,0,0,3,48,10,0,0,2,3,47,0,0,0.09,0.04,4,0,0.0,0,0,1,9,9,0,0,0,,12,63.16,0,0,0,96,7,2,0,10,810,0,6,0,0,0,0,0.0,0,0,0,0,134,0,0,6.49,0,0,0,0,0,0,0,0,0.0,0.0,0,1,0,1,0,0,0.0,0,10,4,40.0,2,35,0,2,28,37.33,73,174,163,337,64.9,1,0,520,2,1,0,George Pratt,Blackburn Rovers,1093242,46
3,2,50.0,25,0,0.0,36,17,53,69.74,13,30.23,30,15,1,0,0,0,16,0,3,3,0,10,15,0,0,13,5,60,0,0,0.15,1.97,8,0,8.33,0,1,2,13,10,3,1,0,,10,25.0,1,0,1,23,2,5,0,5,505,1,2,0,0,0,0,0.0,0,0,0,0,63,3,0,6.49,0,0,0,0,0,0,0,0,505.0,0.0,0,11,1,3,6,4,50.0,0,2,2,100.0,5,3,8,4,23,27.71,4,56,20,76,97.3,12,0,173,4,2,0,Jacob Brown,Portsmouth,858911,2
21,0,0.0,23,91,25.28,71,232,303,52.79,7,100.0,0,15,0,0,0,0,144,0,0,0,3,22,15,1,0,0,1,1,1,0,0.02,,0,0,0.0,107,0,0,23,16,7,0,0,-4.82,2,66.67,0,10,0,271,0,0,0,15,1350,0,0,0,0,0,0,0.0,0,0,0,0,281,0,7,6.48,0,0,19,24,12,36,0,8,0.0,0.0,0,0,0,0,0,0,0.0,19,0,0,0.0,0,76,0,0,9,90.0,360,311,263,574,97.2,0,0,720,2,2,0,Tommy Simkin,Stoke City,1143932,29
1,4,26.67,34,3,33.33,65,28,93,74.4,8,40.0,12,10,0,0,0,0,16,2,0,3,1,7,9,0,0,8,0,32,0,0,1.05,0.45,7,0,0.0,0,0,0,7,7,0,0,0,,13,39.39,0,0,0,32,1,7,0,5,410,1,0,0,0,0,0,0.0,0,0,0,0,68,5,0,6.48,0,0,0,0,0,0,0,0,0.0,0.0,0,5,1,3,0,1,16.67,0,10,5,50.0,7,9,6,15,21,39.62,9,85,40,125,58.3,6,0,209,2,0,0,Willum Thor Willumsson,Birmingham City,978823,9
0,2,15.38,22,1,25.0,40,24,64,74.42,6,33.33,12,19,0,0,0,0,19,0,0,1,0,9,19,0,0,7,3,36,0,0,0.38,0.29,7,0,0.0,0,0,0,11,9,2,0,0,,15,38.46,0,0,0,22,2,5,0,2,405,0,0,0,0,0,0,0.0,0,0,0,0,60,5,0,6.47,0,0,0,0,0,0,0,0,0.0,0.0,0,3,2,0,4,1,12.5,0,3,2,66.67,5,0,8,13,21,36.84,4,55,31,86,123.0,5,0,177,11,2,0,Kayden Jackson,Derby County,340689,27
3,3,60.0,9,3,60.0,27,16,43,66.15,4,57.14,3,9,0,0,0,0,12,0,0,1,0,7,7,0,0,1,0,7,1,0,0.08,0.15,1,0,0.0,0,0,0,4,4,0,0,0,,8,66.67,0,0,0,22,1,1,0,1,206,0,1,0,0,0,0,0.0,0,0,0,0,39,0,0,6.47,0,0,0,0,0,0,0,0,0.0,0.0,0,2,0,1,0,2,50.0,0,4,3,75.0,1,5,4,5,12,63.16,5,42,23,65,45.3,2,0,126,2,0,0,Miguel Ángel Brau,Coventry City,1089161,11
1,1,100.0,29,4,66.67,49,19,68,59.65,39,39.39,60,24,1,0,0,0,11,4,5,11,0,9,21,0,0,12,1,97,0,0,0.39,3.42,20,0,8.33,0,2,3,1,1,0,2,0,,17,31.48,1,0,0,46,1,10,0,6,746,3,1,0,0,0,0,0.0,0,0,0,0,96,3,0,6.47,0,1,0,0,0,0,0,0,373.0,0.0,0,21,3,6,7,1,11.11,0,2,1,50.0,10,1,9,1,56,36.6,6,91,23,114,135.8,24,0,248,14,2,0,Daryl Dike,West Bromwich Albion,1015227,8
0,0,0.0,4,0,0.0,7,5,12,75.0,1,50.0,1,3,0,0,0,0,3,0,0,0,0,0,3,0,0,1,2,6,0,0,0.01,,1,0,0.0,0,0,0,4,3,1,0,0,,3,37.5,0,0,0,4,1,0,0,0,73,0,0,0,0,0,0,0.0,0,0,0,0,9,0,0,6.47,0,0,0,0,0,0,0,0,0.0,0.0,0,0,0,0,0,1,50.0,0,2,1,50.0,0,1,2,0,4,40.0,1,10,6,16,19.4,0,0,28,0,0,0,Jack Grieves,Watford,1214696,24
0,0,0.0,2,0,0.0,2,3,5,83.33,0,0.0,1,4,0,0,0,0,4,0,1,1,0,0,3,0,0,1,1,5,0,0,0.09,0.12,2,0,0.0,0,0,0,1,1,0,0,0,,2,33.33,0,0,1,1,0,1,0,0,49,0,0,0,0,0,0,0.0,0,0,0,0,6,0,0,6.47,0,0,0,0,0,0,0,0,0.0,0.0,0,1,1,0,1,1,100.0,0,0,0,0.0,1,0,1,0,2,28.57,0,3,3,6,19.4,2,0,19,1,0,0,Owen Eames,Derby County,1899676,27
3,3,30.0,22,3,50.0,32,8,40,67.8,3,27.27,8,12,0,0,0,0,15,1,0,3,0,3,12,0,0,5,6,31,0,0,0.25,0.17,7,0,0.0,0,0,0,3,3,0,0,0,,11,32.35,0,0,0,19,2,3,0,2,253,0,1,0,0,0,0,0.0,0,0,0,0,46,1,0,6.46,0,0,0,0,0,0,0,0,0.0,0.0,0,1,3,1,0,4,44.44,0,4,1,25.0,3,4,9,10,14,31.11,6,46,13,59,77.5,4,0,124,3,2,0,Tom Watson,Millwall,1167066,25
0,0,0.0,14,1,50.0,21,13,34,61.82,8,25.0,24,14,0,0,0,0,8,0,4,6,0,3,14,0,0,7,3,40,0,0,0.03,2.58,7,0,5.26,0,1,1,7,4,3,1,0,,10,38.46,0,0,0,21,0,1,0,4,481,7,2,0,0,0,0,0.0,0,0,0,0,49,4,0,6.46,0,1,0,0,0,0,0,0,481.0,0.0,0,15,4,5,8,1,100.0,0,1,1,100.0,1,2,1,8,18,31.03,2,39,16,55,90.4,19,0,130,8,1,0,Makenzie Kirk,Portsmouth,1138456,2
7,1,7.14,57,6,22.22,89,84,173,76.21,6,25.0,18,9,0,0,0,0,17,1,0,1,1,16,9,0,0,4,3,34,0,0,0.34,0.15,6,0,0.0,0,0,0,8,6,2,0,0,,14,46.67,0,0,0,54,2,3,0,5,471,1,2,0,0,0,0,0.0,0,0,0,0,92,0,0,6.46,0,0,0,0,0,0,0,0,0.0,0.0,0,1,0,0,0,2,40.0,0,8,5,62.5,3,19,5,14,20,37.04,27,124,103,227,58.1,1,0,342,4,1,0,Mads Roerslev,Southampton,826057,45
1,1,4.0,19,2,50.0,33,9,42,75.0,4,22.22,14,15,1,0,0,0,14,1,0,1,0,3,15,0,0,9,7,61,0,0,0.16,0.24,5,0,0.0,0,0,1,9,8,1,0,0,,30,38.96,0,0,0,14,1,6,0,4,486,0,0,0,0,0,0,0.0,0,0,0,0,94,0,0,6.45,0,0,0,0,0,0,0,0,0.0,0.0,0,3,1,2,1,13,33.33,0,7,3,42.86,6,1,39,25,34,35.79,4,45,11,56,96.8,4,0,201,10,0,0,Harvey Blair,Portsmouth,1153108,2
0,0,0.0,7,1,20.0,18,8,26,72.22,1,50.0,1,2,0,0,0,0,1,0,0,0,0,1,2,0,0,0,0,1,0,1,0.01,,0,0,0.0,0,0,0,1,1,0,0,0,,3,100.0,0,0,0,10,1,0,0,0,30,0,0,1,0,0,0,0.0,0,0,0,0,13,1,0,6.45,0,0,0,0,0,0,0,0,0.0,0.0,0,0,0,0,0,1,100.0,0,1,1,100.0,0,1,1,0,4,80.0,5,24,12,36,12.9,0,0,47,1,0,0,Joe Williams,Bristol City,784501,58
1,0,0.0,11,0,0.0,16,1,17,94.44,0,0.0,2,5,0,0,0,0,1,0,0,0,0,0,4,0,0,0,0,6,0,0,0.03,,5,0,0.0,0,0,0,1,1,0,0,0,,1,20.0,0,0,0,1,1,3,0,0,63,0,0,0,0,0,0,0.0,0,0,0,0,7,0,0,6.45,0,0,0,0,0,0,0,0,0.0,0.0,0,0,0,0,0,0,0.0,0,0,0,0.0,3,1,0,2,1,14.29,0,17,1,18,25.8,0,0,26,1,0,0,Kanya Fujimoto,Birmingham City,925987,9
0,0,0.0,4,0,0.0,11,6,17,89.47,1,100.0,0,4,0,0,0,0,3,0,1,0,0,1,2,0,0,3,0,5,0,0,0.03,0.28,1,0,0.0,0,0,0,0,0,0,0,0,,2,28.57,0,0,0,2,0,1,0,1,57,1,0,0,0,0,0,0.0,0,0,0,0,8,0,0,6.45,0,0,0,0,0,0,0,0,0.0,0.0,0,1,0,1,0,0,0.0,0,2,0,0.0,1,0,1,0,3,37.5,0,12,7,19,12.9,1,0,31,0,0,0,Micah Hamilton,Middlesbrough,1082714,36
1,0,0.0,2,0,0.0,2,1,3,60.0,1,50.0,1,2,0,0,0,0,0,0,0,1,0,1,2,0,0,1,0,2,0,0,0.02,0.28,0,0,0.0,0,0,0,1,1,0,0,0,,1,50.0,0,0,0,2,0,0,0,0,18,0,0,0,0,0,0,0.0,0,0,0,0,5,0,0,6.45,0,0,0,0,0,0,0,0,0.0,0.0,0,2,0,1,0,0,0.0,0,0,0,0.0,0,1,0,0,2,50.0,0,4,1,5,12.9,2,0,12,1,0,0,Kevin Nisbet,Millwall,802281,25
0,0,0.0,3,0,0.0,3,0,3,42.86,1,100.0,0,4,0,0,0,0,0,0,0,2,0,1,2,0,0,1,0,2,0,0,0.0,0.13,1,0,0.0,0,0,0,1,1,0,0,0,,1,33.33,0,0,0,4,0,0,0,0,22,1,0,0,0,0,0,0.0,0,0,0,0,8,0,0,6.45,0,0,0,0,0,0,0,0,0.0,0.0,0,2,0,0,0,0,0.0,0,1,1,100.0,0,0,0,2,2,50.0,1,6,1,7,12.9,2,0,15,0,0,0,Bobby Wales,Swansea City,1425026,74
0,1,33.33,42,4,57.14,67,17,84,49.7,67,38.07,109,17,1,0,0,0,16,3,4,5,1,9,17,0,0,3,0,139,0,0,0.61,2.45,24,0,4.76,0,1,2,11,11,0,1,0,,18,37.5,1,0,1,85,0,7,0,9,909,8,1,0,0,0,0,0.0,0,0,0,0,125,9,0,6.45,0,0,0,0,0,0,0,0,909.0,0.0,0,20,1,9,7,4,44.44,0,5,2,40.0,7,0,9,3,85,37.95,7,143,26,169,109.6,21,0,293,9,1,0,August Priske,Birmingham City,1157614,9
3,6,25.0,45,1,50.0,62,30,92,83.64,1,14.29,6,9,0,0,0,0,15,0,0,3,0,2,9,0,0,3,7,30,0,0,0.33,0.4,3,0,0.0,0,0,0,10,8,2,0,0,,13,35.14,0,0,0,18,0,6,0,6,449,2,0,0,0,0,0,0.0,0,0,0,0,61,5,0,6.44,0,0,0,0,0,0,0,0,0.0,0.0,0,4,2,1,2,4,26.67,0,7,7,100.0,6,4,15,24,14,31.82,2,76,34,110,58.0,6,0,190,2,1,0,Louie Barry,Sheffield United,1001937,15
4,0,0.0,15,9,60.0,27,51,78,80.41,2,22.22,7,7,0,0,0,0,7,0,0,2,0,10,7,0,0,1,3,19,0,0,0.29,0.09,5,0,0.0,0,0,0,5,4,1,0,0,,10,45.45,0,0,0,19,1,3,0,1,236,0,0,0,0,0,0,0.0,0,0,0,0,32,0,0,6.43,0,0,0,0,0,0,0,0,0.0,0.0,0,1,3,2,0,1,25.0,0,8,4,50.0,3,7,4,2,12,38.71,15,37,60,97,45.0,4,0,157,1,1,0,Kealey Adamson,Queens Park Rangers,1434768,1
1,0,0.0,20,1,50.0,35,34,69,85.19,6,28.57,15,13,0,0,0,0,10,0,1,0,0,7,11,0,0,2,5,28,0,0,0.13,0.27,2,0,0.0,0,0,0,8,6,2,0,0,,4,23.53,0,0,0,12,1,1,0,1,254,0,0,0,0,0,0,0.0,0,0,0,0,26,0,0,6.42,0,0,0,0,0,0,0,0,0.0,0.0,0,2,0,1,1,1,20.0,0,3,3,100.0,1,1,5,1,10,26.32,2,44,37,81,70.6,2,0,118,0,2,0,Joe Aribo,Leicester City,818073,31
0,0,0.0,19,3,50.0,24,22,46,74.19,0,0.0,1,8,0,0,0,0,9,0,0,0,0,2,6,0,0,3,1,10,1,0,0.05,0.06,2,0,0.0,0,0,0,7,6,1,0,0,,5,35.71,0,0,0,16,2,0,0,1,149,0,0,0,0,0,0,0.0,0,0,0,0,29,0,0,6.42,0,0,0,0,0,0,0,0,0.0,0.0,0,1,1,2,0,0,0.0,0,3,1,33.33,0,1,3,6,5,33.33,6,32,30,62,38.5,2,0,94,2,0,0,Nathan Redmond,Blackburn Rovers,115346,46
18,0,0.0,21,52,23.85,33,274,307,64.36,0,0.0,0,11,0,0,0,0,70,0,0,0,2,10,11,0,0,0,2,2,0,3,0.03,,0,0,0.0,69,0,0,15,15,0,0,0,-1.35,6,75.0,0,2,0,170,0,0,0,11,990,0,0,0,0,0,0,0.0,1,0,0,0,173,0,2,6.41,0,0,7,14,5,19,0,4,0.0,0.0,0,0,0,0,0,0,0.0,7,1,1,100.0,0,36,0,0,6,75.0,218,189,288,477,70.5,0,0,537,5,2,0,Ryan Allsop,Birmingham City,52023,9
5,0,0.0,17,7,21.88,44,77,121,69.54,3,25.0,9,12,0,0,0,0,11,0,0,1,0,17,11,0,0,3,10,33,0,1,0.06,0.05,8,0,0.0,0,0,0,11,11,0,0,0,,21,46.67,0,0,0,53,8,1,0,4,461,0,2,0,0,0,0,0.0,0,0,0,0,88,1,0,6.41,0,0,0,0,0,0,0,0,0.0,0.0,0,0,2,1,0,3,42.86,0,13,8,61.54,1,20,7,5,24,42.11,32,80,94,174,70.5,2,0,297,5,1,0,Reece Johnson,Sheffield Wednesday,2215528,12
0,0,0.0,12,0,0.0,15,7,22,61.11,2,9.52,19,13,0,0,0,0,7,0,2,2,0,2,12,0,0,7,2,45,0,0,0.04,0.63,6,0,0.0,0,0,0,2,2,0,0,0,,19,42.22,0,0,0,14,1,0,0,0,243,2,0,0,0,0,0,0.0,0,0,0,0,47,1,0,6.41,0,0,0,0,0,0,0,0,0.0,0.0,0,6,0,2,2,9,45.0,0,8,6,75.0,0,0,20,3,21,31.82,1,26,10,36,76.9,6,0,108,2,0,0,Errol Mundle-Smith,Norwich City,1656234,263
5,0,0.0,44,2,50.0,82,50,132,69.84,25,25.51,73,18,0,0,0,0,27,2,2,5,1,15,18,0,0,19,7,126,0,1,0.39,3.45,20,0,18.18,0,4,4,29,25,4,4,0,,33,38.37,3,0,1,57,4,8,0,17,1469,7,2,0,0,0,0,0.0,0,0,0,0,138,4,0,6.4,0,1,0,0,0,0,0,0,367.25,0.0,0,19,3,11,6,7,46.67,0,15,9,60.0,8,7,15,8,58,31.52,4,130,59,189,115.2,22,0,391,11,1,0,Jerry Yates,Sheffield Wednesday,785799,12
0,0,0.0,2,0,0.0,2,2,4,66.67,0,0.0,1,1,0,0,0,0,0,0,0,0,0,0,1,0,0,0,1,3,0,0,0.01,,1,0,0.0,0,0,0,0,0,0,0,0,,1,33.33,0,0,0,2,1,0,0,0,8,0,0,0,0,0,0,0.0,0,0,0,0,2,0,0,6.4,0,0,0,0,0,0,0,0,0.0,0.0,0,0,0,0,0,1,100.0,0,0,0,0.0,0,0,1,0,1,25.0,0,4,2,6,6.4,0,0,8,0,0,0,Tyler Dibling,Southampton,1174472,45
0,0,0.0,0,0,0.0,1,0,1,100.0,0,0.0,3,1,0,0,0,0,0,0,0,0,0,0,1,0,0,0,0,4,0,0,0.0,,1,0,0.0,0,0,0,0,0,0,0,0,,1,50.0,0,0,0,0,0,0,0,0,8,0,0,0,0,0,0,0.0,0,0,0,0,1,0,0,6.4,0,0,0,0,0,0,0,0,0.0,0.0,0,0,0,0,0,0,0.0,0,0,0,0.0,0,0,0,0,1,20.0,0,1,0,1,6.4,0,0,4,1,0,0,Marcus Forss,Middlesbrough,944201,36
0,0,0.0,0,0,0.0,0,0,0,0.0,0,0.0,1,1,0,0,0,0,0,0,0,0,0,0,1,0,0,0,0,1,0,0,,,0,0,0.0,0,0,0,1,1,0,0,0,,0,0.0,0,0,0,2,0,0,0,0,16,0,0,0,0,0,0,0.0,0,0,0,0,3,0,0,6.4,0,0,0,0,0,0,0,0,0.0,0.0,0,0,0,0,0,0,0.0,0,0,0,0.0,0,1,0,0,0,0.0,0,1,1,2,6.4,0,0,3,0,0,0,Olutayo Singerr,Portsmouth,2029231,2
0,0,0.0,0,0,0.0,0,0,0,0.0,0,0.0,1,2,0,0,0,0,2,0,0,0,0,0,1,0,0,0,1,2,0,0,,,0,0,0.0,0,0,0,1,1,0,0,0,,1,50.0,0,0,0,2,0,0,0,0,11,0,0,0,0,0,0,0.0,0,0,0,0,2,0,0,6.4,0,0,0,0,0,0,0,0,0.0,0.0,0,0,0,0,0,1,100.0,0,0,0,0.0,0,0,1,0,1,33.33,1,1,1,2,6.4,0,0,3,0,0,0,Harry Whitwell,West Bromwich Albion,1394801,8
0,0,0.0,1,0,0.0,1,0,1,100.0,1,100.0,0,3,0,0,0,0,0,0,0,0,0,1,1,0,0,0,1,1,0,0,0.0,,0,0,0.0,0,0,0,0,0,0,0,0,,1,50.0,0,0,0,0,0,0,0,0,13,0,0,0,0,0,0,0.0,0,0,0,0,0,0,0,6.4,0,0,0,0,0,0,0,0,0.0,0.0,0,0,0,0,0,0,0.0,0,1,1,100.0,0,0,0,0,2,66.67,0,1,0,1,6.4,0,0,4,0,0,0,Scott Wright,Birmingham City,547380,9
0,0,0.0,5,0,0.0,6,1,7,70.0,0,0.0,1,4,0,0,0,0,1,0,0,0,0,0,2,0,0,0,0,1,0,0,0.01,,0,0,0.0,0,0,0,0,0,0,0,0,,0,0.0,0,0,0,3,0,0,0,0,26,0,0,0,0,0,0,0.0,0,0,0,0,7,0,0,6.4,0,0,0,0,0,0,0,0,0.0,0.0,0,0,0,0,0,0,0.0,0,0,0,0.0,0,0,0,0,0,0.0,0,9,1,10,12.8,0,0,16,0,0,0,Nathan Dlamini,Blackburn Rovers,1899688,46
2,1,20.0,25,2,22.22,64,43,107,81.06,10,62.5,6,4,0,0,0,0,6,0,0,1,0,14,4,0,0,2,4,15,0,0,0.06,0.18,3,0,0.0,0,0,0,7,6,1,0,0,,7,43.75,0,0,0,25,4,1,0,4,318,0,4,0,0,0,0,0.0,0,0,0,0,40,0,0,6.4,0,0,0,0,0,0,0,0,0.0,0.0,0,1,0,0,0,0,0.0,0,7,5,71.43,1,8,0,5,17,53.13,9,83,49,132,25.6,1,0,217,0,0,0,Ben Godfrey,Sheffield United,754698,15
0,0,0.0,9,0,0.0,14,8,22,75.86,0,0.0,5,6,0,0,0,0,2,0,0,2,0,0,6,0,0,1,1,12,0,0,0.04,0.17,2,0,0.0,0,0,0,2,2,0,0,0,,2,22.22,0,0,0,7,0,2,0,0,98,0,0,0,0,0,0,0.0,0,0,0,0,16,0,0,6.4,0,0,0,0,0,0,0,0,0.0,0.0,0,2,1,1,0,1,20.0,0,0,0,0.0,2,0,5,1,2,14.29,1,19,10,29,38.4,3,0,51,1,0,0,Davis Keillor-Dunn,Wrexham,881396,64
0,0,0.0,3,0,0.0,7,2,9,40.91,7,31.82,15,5,0,0,0,0,3,0,0,0,0,1,5,0,0,1,0,16,0,0,0.04,0.14,0,0,0.0,0,0,0,2,2,0,0,0,,3,75.0,0,0,0,13,0,1,0,0,70,0,0,0,0,0,0,0.0,0,0,0,0,18,0,0,6.4,0,0,0,0,0,0,0,0,0.0,0.0,0,1,0,1,0,0,0.0,0,0,0,0.0,1,1,0,0,10,38.46,2,17,5,22,32.0,1,0,37,3,0,0,Tom Bradshaw,Oxford United,59130,95
0,0,0.0,1,0,0.0,2,0,2,100.0,1,100.0,0,1,0,0,0,0,0,0,0,0,0,0,1,0,0,1,0,2,0,0,0.01,0.02,1,0,0.0,0,0,0,0,0,0,0,0,,0,0.0,0,0,0,0,0,0,0,0,13,0,0,0,0,0,0,0.0,0,0,0,0,1,0,0,6.4,0,0,0,0,0,0,0,0,0.0,0.0,0,1,0,1,0,0,0.0,0,0,0,0.0,0,0,0,0,1,33.33,0,2,0,2,6.4,1,0,5,0,0,0,Gatlin O'Donkor,Oxford United,1093341,95
4,1,20.0,21,9,37.5,74,144,218,84.17,23,56.1,18,8,0,0,0,0,21,0,0,0,0,40,8,0,0,2,2,33,0,1,0.09,0.03,11,0,0.0,3,0,0,11,11,0,0,0,,7,31.82,0,0,0,41,9,0,0,6,560,1,2,0,0,0,0,0.0,0,0,0,0,55,0,0,6.39,0,0,0,0,0,0,0,0,0.0,0.0,0,0,1,1,0,1,100.0,0,5,4,80.0,0,8,1,5,30,47.62,24,94,165,259,51.1,1,0,362,1,1,0,Jonathan Panzo,Birmingham City,867438,9
0,0,0.0,21,0,0.0,42,35,77,77.0,10,21.28,37,21,0,0,0,0,16,1,1,6,0,1,18,0,0,5,2,55,0,0,0.13,1.71,6,0,0.0,0,0,0,15,15,0,0,0,,17,48.57,0,0,0,23,3,1,0,6,642,3,0,0,0,0,0,0.0,0,0,0,0,61,3,0,6.38,0,0,0,0,0,0,0,0,0.0,0.0,0,12,1,3,4,5,50.0,0,9,6,66.67,1,0,10,1,27,32.93,0,61,39,100,114.9,13,0,198,3,1,0,Ike Ugbo,Sheffield Wednesday,791987,12
1,0,0.0,17,1,100.0,29,13,42,54.55,12,37.5,20,13,0,0,0,0,13,0,0,1,0,4,10,0,0,8,0,36,0,0,0.09,0.08,8,0,0.0,0,0,0,2,2,0,0,0,,6,27.27,0,0,0,35,1,3,0,2,314,3,1,0,0,0,0,0.0,0,0,0,0,61,2,0,6.38,0,0,0,0,0,0,0,0,0.0,0.0,0,3,2,3,1,0,0.0,0,6,4,66.67,3,5,0,3,18,33.33,1,59,18,77,63.8,5,0,138,0,0,0,Michael Frey,Queens Park Rangers,134248,1
11,0,0.0,19,63,18.86,43,146,189,41.0,2,66.67,1,14,0,0,0,0,110,0,0,0,2,13,14,0,1,0,1,3,0,0,0.04,,1,0,0.0,114,0,0,28,25,3,0,0,-3.13,5,71.43,0,12,0,272,0,0,0,14,1260,0,0,0,0,0,0,0.0,1,0,0,0,275,0,5,6.38,1,0,9,32,18,51,1,7,0.0,0.0,0,0,0,0,0,0,0.0,7,1,0,0.0,0,25,0,0,7,70.0,334,290,171,461,89.3,0,1,611,3,1,0,Ethan Horvath,Sheffield Wednesday,343013,12
1,0,0.0,24,2,50.0,34,24,58,63.74,5,16.13,26,28,0,0,0,0,18,1,12,6,0,4,27,0,0,14,2,69,0,0,0.08,5.35,19,0,3.13,0,1,1,11,10,1,1,0,,21,32.81,0,0,1,33,6,5,1,8,1019,9,0,0,0,0,0,0.0,0,0,0,0,95,8,0,6.37,0,0,0,0,0,0,0,0,1019.0,0.0,0,25,7,17,9,4,33.33,0,8,4,50.0,5,2,12,7,26,27.37,4,62,29,91,172.1,32,0,242,9,2,0,Kyogo Furuhashi,Birmingham City,877766,9
1,2,28.57,61,1,20.0,119,49,168,61.54,56,30.94,125,32,0,0,0,0,44,1,6,10,1,24,32,0,0,17,15,214,0,0,1.22,5.99,32,0,4.35,0,2,2,43,38,5,2,0,,51,36.43,0,0,1,105,8,17,0,23,2143,4,2,0,0,0,1,0.0,0,0,0,0,219,13,0,6.37,0,2,0,0,0,0,0,0,1071.5,0.0,0,43,3,22,14,21,43.75,0,17,10,58.82,17,6,48,7,107,33.33,5,210,63,273,203.9,46,1,604,14,2,0,Bailey Cadamarteri,Wrexham,1423747,64
0,0,0.0,11,1,16.67,23,39,62,83.78,6,46.15,7,7,0,0,0,0,4,0,0,0,0,5,7,0,0,4,2,16,0,0,0.11,0.02,3,0,0.0,0,0,0,12,10,2,0,0,,8,47.06,0,0,0,12,1,0,0,3,279,0,1,0,0,0,0,0.0,0,0,0,0,32,0,0,6.37,0,0,0,0,0,0,0,0,0.0,0.0,0,0,1,0,1,2,100.0,0,6,2,33.33,0,0,2,5,14,46.67,6,29,45,74,44.6,1,0,135,0,1,0,Ryan Nyambe,Derby County,793958,27
0,0,0.0,7,1,50.0,16,6,22,55.0,7,35.0,13,10,0,0,0,0,5,0,1,2,0,1,10,0,0,2,1,23,0,0,0.05,0.39,7,0,0.0,0,0,0,3,3,0,0,0,,2,16.67,0,0,0,18,0,0,0,1,162,2,0,0,0,0,0,0.0,0,0,0,0,29,0,0,6.36,0,0,0,0,0,0,0,0,0.0,0.0,0,3,0,0,1,0,0.0,0,1,1,100.0,0,2,0,0,9,28.13,2,30,10,40,63.6,3,0,68,1,0,0,Fally Mayulu,Bristol City,1185196,58
0,0,0.0,2,0,0.0,4,2,6,85.71,0,0.0,1,2,0,0,0,0,0,0,0,0,0,2,2,0,0,1,0,2,0,0,0.0,,0,0,0.0,0,0,0,1,0,1,0,0,,1,50.0,0,0,0,1,0,1,0,1,76,0,0,0,0,0,0,0.0,0,0,0,0,5,0,0,6.35,0,0,0,0,0,0,0,0,0.0,0.0,0,0,0,0,0,1,100.0,0,0,0,0.0,1,0,1,0,1,33.33,0,5,2,7,12.7,0,0,16,0,0,0,Žan Celar,Queens Park Rangers,840740,1
4,1,11.11,56,5,50.0,90,42,132,69.47,22,37.93,36,18,0,0,0,0,26,1,1,1,1,5,18,0,0,6,10,83,0,0,0.86,1.17,24,0,0.0,0,0,0,13,11,2,0,0,,23,32.86,0,0,0,58,3,14,0,9,776,3,0,1,0,0,0,0.0,0,0,0,0,107,6,0,6.35,0,0,0,0,0,0,0,0,0.0,0.0,0,6,4,5,4,4,30.77,0,12,7,58.33,14,10,13,9,45,35.16,10,134,56,190,114.3,10,0,312,7,2,0,Axel Henriksson,Blackburn Rovers,1109969,46
1,0,0.0,11,0,0.0,27,14,41,68.33,6,27.27,16,9,0,0,0,0,8,0,2,1,0,2,9,0,0,4,2,33,0,0,0.11,1.01,9,0,0.0,0,0,0,3,3,0,0,0,,9,34.62,0,0,0,19,2,1,0,3,323,2,0,0,0,0,0,0.0,0,0,0,0,44,2,0,6.34,0,0,0,0,0,0,0,0,0.0,0.0,0,6,1,3,3,0,0.0,0,5,5,100.0,1,1,4,1,15,31.25,0,42,18,60,57.1,7,0,114,4,1,0,Julián Carranza,Leicester City,895591,31
2,2,33.33,19,2,22.22,32,17,49,68.06,3,42.86,4,5,0,0,0,0,6,0,0,0,0,6,5,0,0,5,1,13,0,0,0.14,,2,0,0.0,0,0,0,7,5,2,0,0,,7,43.75,0,0,0,23,3,1,0,3,255,0,2,0,0,0,0,0.0,0,0,0,0,52,0,0,6.34,0,0,0,0,0,0,0,0,0.0,0.0,0,0,0,0,0,1,33.33,0,4,3,75.0,1,10,3,6,10,43.48,9,52,20,72,31.7,0,0,156,2,1,0,Sydney Agina,Stoke City,1986853,29
7,0,0.0,13,13,27.66,49,147,196,75.1,13,48.15,14,10,0,0,0,0,25,1,0,0,1,31,8,0,0,0,8,34,1,1,0.36,0.05,8,0,0.0,2,0,0,11,10,1,0,0,,7,25.93,0,0,0,65,6,1,0,7,594,1,4,1,0,0,0,0.0,0,0,0,0,76,0,0,6.34,0,0,0,0,0,0,0,0,0.0,0.0,0,2,1,1,2,3,42.86,0,4,4,100.0,1,19,7,1,20,37.04,47,82,179,261,50.7,3,0,353,0,1,0,Cole McGhee,Sheffield Wednesday,2053383,12
5,0,0.0,23,5,50.0,48,42,90,65.22,34,42.5,46,22,0,0,0,0,15,0,1,8,0,9,22,0,0,5,8,102,1,0,0.24,2.55,39,0,4.17,0,1,1,10,8,2,1,0,,17,23.29,0,0,0,48,2,6,1,9,891,16,1,0,0,0,0,0.0,0,0,0,0,89,2,0,6.34,0,0,0,0,0,0,0,0,891.0,0.0,0,16,8,8,8,0,0.0,0,6,3,50.0,6,10,7,3,51,33.33,10,77,61,138,139.4,24,0,265,13,2,0,Róbert Boženík,Stoke City,912033,29
0,0,0.0,0,0,0.0,0,0,0,0.0,0,0.0,1,1,0,0,0,0,0,0,0,0,0,0,1,0,0,0,0,2,0,0,,,1,0,0.0,0,0,0,0,0,0,0,0,,0,0.0,0,0,0,1,0,0,0,1,45,0,0,0,0,0,0,0.0,0,0,0,0,2,0,0,6.3,0,0,0,0,0,0,0,0,0.0,0.0,0,0,0,0,0,0,0.0,0,0,0,0.0,0,1,0,0,0,0.0,0,1,0,1,6.3,0,0,2,0,0,0,Miloš Luković,Preston North End,1165974,21
1,0,0.0,3,6,40.0,4,17,21,70.0,1,100.0,0,1,0,0,0,0,3,0,0,0,0,1,1,0,0,0,0,0,0,0,0.0,,0,0,0.0,3,0,0,1,1,0,0,0,-0.58,0,0.0,0,0,0,9,0,0,0,1,90,0,0,0,0,0,0,0.0,0,0,0,0,9,0,1,6.3,0,0,0,0,2,2,0,0,0.0,0.0,0,0,0,0,0,0,0.0,0,0,0,0.0,0,1,0,0,1,100.0,15,13,17,30,6.3,0,0,35,0,0,0,Andrew Fisher,Swansea City,878130,74
0,0,0.0,2,0,0.0,3,1,4,100.0,0,0.0,1,1,0,0,0,0,1,0,0,0,0,0,1,0,0,0,0,2,0,0,0.0,,0,0,0.0,0,0,0,2,2,0,0,0,,0,0.0,0,0,0,0,0,0,0,0,19,0,0,0,0,0,0,0.0,0,0,0,0,1,1,0,6.3,0,0,0,0,0,0,0,0,0.0,0.0,0,0,0,0,0,0,0.0,0,0,0,0.0,0,0,1,0,0,0.0,0,3,1,4,6.3,0,0,5,0,0,0,Jonathan Lawson,Watford,2363329,24
3,0,0.0,2,14,33.33,12,32,44,61.11,0,0.0,0,3,0,0,0,0,28,0,0,0,0,8,3,0,0,0,0,0,1,1,0.0,,0,0,0.0,16,0,0,8,7,1,0,0,-0.92,0,0.0,0,1,0,28,0,0,0,3,270,0,0,0,0,0,0,0.0,0,0,0,0,29,0,1,6.3,0,0,0,8,5,14,0,5,0.0,0.0,0,0,0,0,0,0,0.0,0,0,0,0.0,0,5,0,0,0,0.0,42,36,36,72,18.9,0,0,120,0,0,0,Jack James Walton,Preston North End,793229,21
1,0,0.0,2,0,0.0,4,1,5,71.43,2,40.0,3,3,0,0,0,0,2,0,0,0,0,0,2,0,0,1,0,7,0,0,0.01,0.13,3,0,0.0,0,0,0,1,1,0,0,0,,0,0.0,0,0,0,2,0,0,0,0,36,0,0,0,0,0,0,0.0,0,0,0,0,5,1,0,6.3,0,0,0,0,0,0,0,0,0.0,0.0,0,1,0,1,0,0,0.0,0,0,0,0.0,0,1,1,0,2,22.22,0,6,1,7,12.6,1,0,12,0,0,0,Nicholas Oyekunle,Southampton,1614475,45
0,0,0.0,3,0,0.0,4,0,4,66.67,0,0.0,0,3,0,0,0,0,1,0,0,0,0,1,2,0,0,1,0,2,0,1,0.01,0.07,0,0,0.0,0,0,0,1,1,0,0,0,,0,0.0,0,0,0,2,0,1,0,0,24,0,0,0,0,0,0,0.0,0,0,0,0,7,0,0,6.3,0,0,0,0,0,0,0,0,0.0,0.0,0,0,1,1,0,0,0.0,0,0,0,0.0,1,0,1,0,0,0.0,0,6,0,6,12.6,1,0,16,0,0,0,Favour Onukwuli,Sheffield Wednesday,1910827,12
0,0,0.0,9,2,50.0,13,9,22,70.97,2,20.0,8,11,1,0,0,0,4,1,2,3,0,4,11,0,0,4,2,21,0,0,0.06,1.39,4,0,0.0,0,0,1,7,6,1,0,0,,2,13.33,0,0,0,9,0,1,0,1,275,2,0,0,0,0,0,0.0,0,0,0,0,25,2,0,6.28,0,0,0,0,0,0,0,0,0.0,0.0,0,6,2,5,0,1,25.0,0,0,0,0.0,1,1,4,0,4,16.0,4,22,9,31,69.1,8,0,70,1,1,0,Damion Downs,Southampton,1146091,45
0,0,0.0,3,0,0.0,4,1,5,55.56,2,33.33,4,7,0,0,0,0,2,0,1,1,0,1,3,0,0,1,0,9,0,0,0.03,0.53,3,0,0.0,0,0,0,1,1,0,0,0,,0,0.0,0,0,0,4,0,0,0,0,35,0,0,0,0,0,0,0.0,0,0,0,0,9,1,0,6.27,0,0,0,0,0,0,0,0,0.0,0.0,0,3,1,3,0,0,0.0,0,0,0,0.0,0,0,1,0,2,18.18,0,8,1,9,18.8,4,0,23,0,0,0,Jay Rodriguez,Wrexham,26989,64
5,0,0.0,5,6,46.15,17,29,46,70.77,6,60.0,4,3,0,0,0,0,2,0,0,0,0,11,3,0,0,0,1,5,1,1,0.02,0.15,0,0,0.0,0,0,0,5,4,1,0,0,,4,80.0,0,0,0,19,3,0,0,2,180,0,0,0,0,0,0,0.0,0,0,0,0,22,0,0,6.27,0,0,0,0,0,0,0,0,0.0,0.0,0,1,0,1,0,0,0.0,0,3,3,100.0,0,6,0,0,10,66.67,13,30,35,65,18.8,1,0,89,1,0,0,Pijus Otegbayo,Stoke City,2363072,29
1,0,0.0,9,2,50.0,23,37,60,90.91,4,33.33,8,8,0,0,0,0,2,0,0,2,0,12,6,0,0,3,0,14,0,0,0.02,0.1,3,0,0.0,0,0,0,5,5,0,0,0,,5,45.45,0,0,0,6,0,1,0,1,173,0,1,0,0,0,0,0.0,0,0,0,0,16,1,0,6.27,1,0,0,0,0,0,0,0,0.0,0.0,0,2,0,0,0,0,0.0,0,2,2,100.0,1,1,0,0,9,39.13,4,26,40,66,37.6,2,0,114,3,0,1,Olabade Aluko,Leicester City,1543805,31
2,0,0.0,2,1,33.33,5,21,26,92.86,0,0.0,2,2,0,0,0,0,4,0,0,0,0,5,1,0,0,0,0,2,0,0,0.04,,0,0,0.0,0,0,0,2,2,0,0,0,,0,0.0,0,0,0,2,1,0,0,0,46,0,0,0,0,0,0,0.0,0,0,0,0,3,0,0,6.2,0,0,0,0,0,0,0,0,0.0,0.0,0,0,0,0,0,0,0.0,0,0,0,0.0,0,2,0,0,0,0.0,3,6,22,28,6.2,0,0,38,0,0,0,Mackenzie Maltby,Sheffield Wednesday,1655005,12
2,0,0.0,18,2,22.22,29,25,54,65.06,8,66.67,4,8,0,0,0,0,8,0,0,0,0,12,4,0,0,2,0,11,1,0,0.03,,5,0,0.0,0,0,0,8,5,3,0,0,,6,46.15,0,0,0,29,2,0,0,2,206,2,2,0,0,0,0,0.0,0,0,0,0,49,0,0,6.2,0,0,0,0,0,0,0,0,0.0,0.0,0,0,0,0,0,0,0.0,0,5,4,80.0,0,10,0,2,14,56.0,9,50,33,83,24.8,0,0,154,1,0,0,Wes Harding,Millwall,892397,25
3,0,0.0,13,34,23.78,29,38,67,37.85,1,100.0,0,7,0,0,0,0,34,0,0,0,1,6,7,0,0,0,1,1,1,2,0.03,,0,0,0.0,39,0,0,11,9,2,0,0,-3.14,2,66.67,0,4,0,110,0,0,0,7,630,0,0,0,0,0,0,0.0,1,0,0,0,113,0,3,6.17,0,0,2,4,4,9,0,1,0.0,0.0,0,0,0,0,0,0,0.0,2,0,0,0.0,0,6,0,0,3,75.0,143,124,53,177,43.2,0,0,222,2,0,0,Joe Wildsmith,Middlesbrough,553412,36
2,0,0.0,3,4,66.67,5,35,40,86.96,0,0.0,4,3,0,0,0,0,0,0,0,0,0,5,3,0,0,0,1,7,0,0,0.01,,2,0,0.0,0,0,0,3,3,0,0,0,,3,50.0,0,0,0,6,2,0,0,0,82,0,0,0,0,0,2,0.0,0,0,0,0,8,0,0,6.17,0,0,0,0,0,0,0,0,0.0,0.0,0,0,0,0,0,0,0.0,0,1,1,100.0,0,3,0,0,3,30.0,6,9,37,46,18.5,0,0,62,2,0,0,Tylon Smith,Queens Park Rangers,1822468,1
0,0,0.0,1,0,0.0,3,2,5,71.43,0,0.0,1,1,0,0,0,0,0,0,0,0,0,0,1,0,0,1,0,5,0,0,0.0,,1,0,0.0,0,0,0,0,0,0,0,0,,1,20.0,0,0,0,2,0,0,0,0,11,0,0,0,0,0,0,0.0,0,0,0,0,5,0,0,6.1,0,0,0,0,0,0,0,0,0.0,0.0,0,0,0,0,0,1,33.33,0,0,0,0.0,0,0,3,0,1,16.67,0,5,2,7,6.1,0,0,11,0,0,0,Ali Al-Hamadi,Ipswich Town,1010010,32
0,0,0.0,1,0,0.0,1,1,2,100.0,0,0.0,0,1,0,0,0,0,0,0,0,0,0,0,0,0,0,0,0,0,0,0,0.0,,0,0,0.0,0,0,0,0,0,0,0,0,,0,0.0,0,0,0,0,0,0,0,0,1,0,0,0,0,0,0,0.0,0,0,0,0,0,0,0,0.0,0,0,0,0,0,0,0,0,0.0,0.0,0,0,0,0,0,0,0.0,0,0,0,0.0,0,0,0,0,0,0.0,0,1,1,2,0.0,0,0,2,0,0,0,Pierre Dwomoh,Watford,996993,24
0,0,0.0,0,0,0.0,0,0,0,0.0,0,0.0,0,1,0,0,0,0,0,0,0,0,0,0,0,0,0,0,0,0,0,0,,,0,0,0.0,0,0,0,0,0,0,0,0,,0,0.0,0,0,0,2,0,0,0,0,1,0,0,0,0,0,0,0.0,0,0,0,0,2,0,0,0.0,0,0,0,0,0,0,0,0,0.0,0.0,0,0,0,0,0,0,0.0,0,0,0,0.0,0,0,0,0,0,0.0,0,2,0,2,0.0,0,0,2,0,0,0,Hindolo Mustapha,West Bromwich Albion,1543803,8
0,0,0.0,0,0,0.0,0,0,0,0.0,1,100.0,0,1,0,0,0,0,0,0,0,0,0,0,0,0,0,0,0,0,0,0,,,0,0,0.0,0,0,0,0,0,0,0,0,,0,0.0,0,0,0,2,0,0,0,0,2,0,0,0,0,0,0,0.0,0,0,0,0,2,0,0,0.0,0,0,0,0,0,0,0,0,0.0,0.0,0,0,0,0,0,0,0.0,0,0,0,0.0,0,0,0,0,1,100.0,0,1,1,2,0.0,0,0,2,0,0,0,Kevon Gray,Leicester City,1899526,31
0,0,0.0,0,0,0.0,0,0,0,0.0,0,0.0,0,1,0,0,0,0,1,0,0,0,0,0,0,0,0,1,0,1,0,0,,,0,0,0.0,0,0,0,0,0,0,0,0,,0,0.0,0,0,0,0,0,0,0,0,1,0,0,0,0,0,0,0.0,0,0,0,0,1,0,0,0.0,0,0,0,0,0,0,0,0,0.0,0.0,0,0,0,0,0,0,0.0,0,0,0,0.0,0,0,0,0,0,0.0,0,0,0,0,0.0,0,0,2,0,0,0,Noah Mawene,Preston North End,1132027,21
