accurateChippedPasses,accurateCrosses,accurateCrossesPercentage,accurateFinalThirdPasses,accurateLongBalls,accurateLongBallsPercentage,accurateOppositionHalfPasses,accurateOwnHalfPasses,accuratePasses,accuratePassesPercentage,aerialDuelsWon,aerialDuelsWonPercentage,aerialLost,appearances,assists,attemptPenaltyMiss,attemptPenaltyPost,attemptPenaltyTarget,ballRecovery,bigChancesCreated,bigChancesMissed,blockedShots,cleanSheet,clearances,countRating,crossesNotClaimed,directRedCards,dispossessed,dribbledPast,duelLost,errorLeadToGoal,errorLeadToShot,expectedAssists,expectedGoals,fouls,freeKickGoal,goalConversionPercentage,goalKicks,goals,goalsAssistsSum,goalsConceded,goalsConcededInsideTheBox,goalsConcededOutsideTheBox,goalsFromInsideTheBox,goalsFromOutsideTheBox,goalsPrevented,groundDuelsWon,groundDuelsWonPercentage,headedGoals,highClaims,hitWoodwork,inaccuratePasses,interceptions,keyPasses,leftFootGoals,matchesStarted,minutesPlayed,offsides,outfielderBlocks,ownGoals,passToAssist,penaltiesTaken,penaltyConceded,penaltyConversion,penaltyFaced,penaltyGoals,penaltySave,penaltyWon,possessionLost,possessionWonAttThird,punches,rating,redCards,rightFootGoals,runsOut,savedShotsFromInsideTheBox,savedShotsFromOutsideTheBox,saves,savesCaught,savesParried,scoringFrequency,setPieceConversion,shotFromSetPiece,shotsFromInsideTheBox,shotsFromOutsideTheBox,shotsOffTarget,shotsOnTarget,successfulDribbles,successfulDribblesPercentage,successfulRunsOut,tackles,tacklesWon,tacklesWonPercentage,totalAttemptAssist,totalChippedPasses,totalContest,totalCross,totalDuelsWon,totalDuelsWonPercentage,totalLongBalls,totalOppositionHalfPasses,totalOwnHalfPasses,totalPasses,totalRating,totalShots,totwAppearances,touches,wasFouled,yellowCards,yellowRedCards,player,team,player id,team id,Pos
1,0,0.0,3,11,34.38,9,24,33,61.11,0,0.0,0,2,0,0,0,0,15,0,0,0,0,3,2,0,0,0,0,0,1,0,0.0,,0,0,0.0,15,0,0,2,2,0,0,0,2.5,2,100.0,0,1,0,21,0,0,0,2,180,0,,0,0,0,0,0.0,0,0,0,0,22,0,2,7.85,0,0,1,8,3,11,0,4,0.0,0.0,0,0,0,0,0,0,0.0,1,0,0,0.0,0,9,0,0,2,100.0,32,23,31,54,15.7,0,0,80,2,0,0,Neto,Arsenal,84844,42,GK
55,17,21.52,471,27,51.92,688,182,853,73.85,9,39.13,14,38,18,0,0,0,101,27,24,26,8,5,38,0,0,67,9,185,0,0,9.06,25.37,25,0,22.31,0,29,47,40,35,5,29,0,,118,40.83,0,0,6,302,9,91,26,38,3377,18,,0,2,9,0,100.0,0,9,0,0,633,24,0,7.78,0,3,0,0,0,0,0,0,116.45,0.0,1,119,11,43,61,58,44.62,0,21,11,52.38,89,112,130,79,127,40.71,52,1017,217,1155,295.7,130,13,1864,39,1,0,Mohamed Salah,Liverpool FC,159665,44,MF
49,35,24.31,505,93,67.88,824,300,1089,83.13,2,22.22,7,37,8,0,0,1,106,24,14,40,5,19,37,0,0,37,15,120,1,0,9.14,17.27,15,1,11.9,0,15,23,41,35,6,11,4,,145,56.2,0,0,6,221,11,91,15,36,3195,7,,0,2,5,0,80.0,0,4,0,1,497,20,0,7.63,0,0,0,0,0,0,0,0,213.0,8.33,12,63,63,35,51,51,52.58,0,34,20,58.82,89,104,97,144,147,55.06,137,1122,332,1310,282.2,126,7,2005,60,7,0,Cole Palmer,Chelsea,982780,38,MF
0,0,0.0,9,34,45.33,27,44,71,62.83,1,100.0,0,5,0,0,0,0,35,0,0,0,1,9,5,0,0,0,0,0,0,0,0.01,,0,0,0.0,39,0,0,5,4,1,0,0,4.48,1,100.0,0,1,0,42,0,0,0,5,450,0,,0,0,0,0,0.0,0,0,0,0,42,0,4,7.62,0,0,3,12,8,20,0,10,0.0,0.0,0,0,0,0,0,0,0.0,3,0,0,0.0,0,0,0,0,2,100.0,75,64,49,113,38.1,0,1,175,1,0,0,Mark Travers,Bournemouth,856720,60,GK
156,42,22.58,647,161,60.75,1083,606,1647,81.53,23,44.23,29,36,10,0,0,0,213,16,10,31,9,30,36,0,1,43,51,185,1,2,7.98,9.95,32,2,8.33,0,8,18,43,39,4,3,5,,151,49.19,0,0,3,373,26,91,0,35,3024,2,,0,0,3,0,100.0,0,3,0,0,656,26,0,7.62,2,8,0,0,0,0,0,0,378.0,16.67,12,34,62,36,29,28,45.9,0,84,50,59.52,91,277,61,186,174,48.47,265,1515,691,2020,274.2,96,10,2781,40,3,1,Bruno Fernandes,Manchester United,288205,35,MF
38,26,18.31,301,49,55.68,511,268,753,79.35,13,30.95,29,33,6,0,0,0,125,13,2,30,3,19,33,0,0,55,26,211,0,0,5.28,8.63,42,0,13.64,0,15,21,54,47,7,10,5,,170,48.3,0,0,2,196,17,58,2,29,2600,8,,0,1,0,1,0.0,0,0,0,0,521,22,0,7.61,0,13,0,0,0,0,0,0,173.33,0.0,12,55,55,36,44,61,50.0,0,38,22,57.89,57,82,122,142,183,46.45,88,785,306,949,251.0,110,6,1749,71,4,0,Matheus Cunha,Wolverhampton,886363,3,MF
10,37,31.62,325,7,41.18,456,85,504,84.28,10,33.33,20,25,10,0,0,0,70,21,8,26,2,6,25,0,0,40,11,123,0,0,7.8,6.85,15,0,8.96,0,6,16,21,18,3,6,0,,109,51.42,1,0,0,94,3,61,4,20,1735,7,,0,3,1,0,100.0,0,1,0,1,293,23,0,7.6,0,1,0,0,0,0,0,0,289.17,0.0,1,53,14,18,23,41,52.56,0,29,15,51.72,58,17,78,117,119,49.17,17,618,97,598,189.9,67,5,1094,39,3,0,Bukayo Saka,Arsenal,934235,42,FW
33,49,24.26,421,30,51.72,637,219,807,73.9,35,31.82,75,38,7,0,0,1,156,17,9,21,8,51,38,0,0,47,14,207,1,0,9.26,12.26,25,0,23.53,0,20,27,55,50,5,18,2,,144,52.17,0,0,1,285,14,70,17,38,3415,11,,0,0,6,0,83.33,0,5,0,0,659,32,0,7.47,0,3,0,0,0,0,0,0,170.75,0.0,6,62,23,23,41,52,52.53,0,49,31,63.27,70,71,99,202,179,46.37,58,1014,280,1092,284.0,85,6,1915,44,3,0,Bryan Mbeumo,Brentford,927083,50,MF
11,0,0.0,2,26,36.62,9,121,130,72.63,2,100.0,0,6,0,0,0,0,55,1,0,0,1,15,6,1,0,0,0,0,0,1,0.01,,0,0,0.0,30,0,0,11,10,1,0,0,-0.49,3,100.0,0,10,0,49,0,1,0,6,540,0,,0,0,0,0,0.0,0,0,0,0,50,0,6,7.42,0,0,3,18,5,24,0,4,0.0,0.0,0,0,0,0,0,0,0.0,3,3,1,33.33,1,24,0,0,5,100.0,71,43,136,179,44.5,0,1,273,0,0,0,Antonín Kinský,Tottenham Hotspur,1031251,33,GK
17,19,45.24,295,13,48.15,456,297,734,85.95,10,40.0,15,26,6,0,0,0,109,7,1,20,5,16,26,0,0,35,13,126,0,1,4.18,4.69,21,0,17.02,0,8,14,30,27,3,8,0,,107,49.08,1,0,0,120,11,49,5,20,1908,9,,0,0,0,0,0.0,0,0,0,2,282,29,0,7.42,0,2,0,0,0,0,0,0,238.5,0.0,0,32,15,10,17,41,48.81,0,38,31,81.58,49,36,84,42,117,48.15,27,565,331,854,192.8,47,4,1319,28,5,0,Amad Diallo,Manchester United,971037,35,MF
39,38,26.21,473,36,67.92,710,181,853,82.98,5,23.81,16,28,7,0,0,0,64,15,5,17,4,8,28,0,0,28,18,95,0,1,6.74,5.07,17,1,7.02,0,4,11,19,17,2,2,2,,48,37.8,0,0,4,175,7,58,1,19,1715,5,,0,1,0,0,0.0,0,0,0,0,360,19,0,7.4,0,3,0,0,0,0,0,0,428.75,12.5,8,24,33,22,18,13,43.33,0,17,9,52.94,57,70,30,145,53,35.81,53,975,198,1028,207.3,57,6,1425,18,2,0,Kevin De Bruyne,Manchester City,70996,17,MF
127,0,0.0,83,338,43.67,201,939,1140,71.79,4,100.0,0,37,2,0,0,0,317,2,0,0,7,46,37,0,0,0,6,6,1,3,0.15,,0,0,0.0,212,0,2,55,50,5,0,0,-1.59,8,57.14,0,43,0,448,0,3,0,37,3276,0,,0,0,0,0,0.0,1,0,0,0,466,0,20,7.4,0,0,15,104,46,153,2,27,0.0,0.0,0,0,0,0,0,1,100.0,15,4,4,100.0,3,174,1,0,12,66.67,774,565,1023,1588,273.8,0,6,1986,3,1,0,Mark Flekken,Brentford,171919,50,GK
68,30,25.21,472,81,62.31,1024,668,1662,85.98,24,57.14,18,36,7,0,0,1,145,16,3,14,4,46,36,0,0,29,33,139,0,4,5.65,3.32,41,0,7.32,0,3,10,46,42,4,3,0,,169,58.28,2,0,1,271,23,62,1,35,3032,0,,0,1,1,0,0.0,0,0,0,0,446,12,0,7.38,0,0,0,0,0,0,0,0,1010.67,0.0,0,21,20,14,13,31,62.0,0,84,58,69.05,61,140,50,119,193,58.13,130,1317,735,1933,265.8,41,5,2517,56,4,0,Youri Tielemans,Aston Villa,331737,40,MF
46,3,13.64,717,68,53.54,1411,902,2310,91.38,54,56.25,42,37,0,0,0,0,137,1,8,10,11,111,37,0,0,16,19,105,1,7,2.91,4.59,16,0,12.5,7,5,5,41,36,5,4,1,,110,63.58,2,0,2,218,44,26,1,36,3279,3,,0,0,0,0,0.0,0,0,0,0,328,10,0,7.37,0,2,0,0,0,0,0,0,655.8,0.0,0,34,6,18,12,25,64.1,0,58,39,67.24,26,84,39,22,164,60.97,127,1578,972,2528,272.6,40,7,3194,27,2,0,Joško Gvardiol,Manchester City,964994,17,DF
47,46,28.05,502,60,61.86,863,509,1326,89.84,38,59.38,26,35,7,0,0,0,156,16,2,15,7,50,35,0,0,32,24,116,0,0,5.63,3.51,21,0,8.33,0,4,11,28,24,4,3,1,,82,47.67,0,0,0,150,25,61,0,33,2833,2,,0,2,0,0,0.0,0,0,0,0,358,20,0,7.36,1,4,0,0,0,0,0,0,708.25,0.0,2,27,21,18,15,14,50.0,0,53,25,47.17,59,79,28,164,120,50.85,97,1099,541,1476,257.5,48,5,2016,16,5,1,Declan Rice,Arsenal,856714,42,MF
3,10,35.71,131,2,100.0,191,60,241,84.27,5,31.25,11,16,0,0,0,0,37,8,3,15,3,3,16,0,0,19,8,74,0,0,2.12,5.49,15,0,14.29,0,7,7,12,10,2,4,3,,53,45.69,0,0,1,45,6,15,0,14,1190,10,,0,0,0,0,0.0,0,0,0,1,155,10,0,7.33,0,7,0,0,0,0,0,0,170.0,0.0,7,28,21,17,17,20,48.78,0,13,8,61.54,15,4,41,28,58,43.94,2,248,66,286,117.2,49,3,561,20,0,0,Omar Marmoush,Manchester City,873554,17,MF
22,17,20.24,411,20,68.97,549,134,666,87.29,1,33.33,2,29,8,0,0,0,79,11,6,18,3,9,27,0,0,38,9,105,0,1,6.1,5.01,17,0,1.82,0,1,9,25,20,5,1,0,,103,50.0,0,0,1,97,6,46,1,21,1770,3,,0,0,0,0,0.0,0,0,0,2,294,19,0,7.31,0,0,0,0,0,0,0,0,1770.0,0.0,1,34,21,16,21,52,56.52,0,23,17,73.91,46,36,92,84,104,49.76,29,700,147,763,197.5,55,4,1208,28,3,0,Sávio,Manchester City,1046795,17,MF
41,18,20.93,612,39,68.42,907,318,1207,86.9,8,53.33,7,30,8,0,0,0,97,13,4,19,5,5,30,0,0,40,21,112,0,1,6.66,4.81,12,0,6.12,0,3,11,21,17,4,2,1,,67,38.95,0,0,2,182,6,64,3,26,2328,1,,0,1,1,0,100.0,0,1,0,0,374,23,0,7.31,0,0,0,0,0,0,0,0,776.0,0.0,3,25,24,13,17,25,43.86,0,19,11,57.89,63,67,57,86,75,40.11,57,1141,334,1389,219.4,49,1,1791,23,4,0,Martin Ødegaard,Arsenal,547410,42,MF
87,26,23.85,499,99,57.56,937,578,1489,83.75,15,31.25,33,36,7,0,0,0,156,13,4,14,7,20,36,0,0,28,53,182,0,4,6.22,6.13,52,0,11.32,0,6,13,37,31,6,6,0,,144,49.15,2,0,0,289,13,81,2,32,2946,2,,0,2,0,0,0.0,0,0,0,0,462,24,0,7.31,0,2,0,0,0,0,0,0,491.0,0.0,2,30,23,19,20,26,55.32,0,65,33,50.77,79,168,47,109,159,46.63,172,1242,645,1778,263.1,53,4,2327,54,8,0,Enzo Fernández,Chelsea,974505,38,MF
35,22,22.45,398,41,51.9,673,344,995,86.75,5,38.46,8,31,7,0,0,0,76,6,5,11,0,17,31,0,0,25,20,118,0,1,5.91,5.83,32,1,23.08,0,9,16,32,31,1,7,2,,128,53.78,0,0,1,152,12,41,3,21,1826,4,,0,0,0,0,0.0,0,0,0,0,318,15,0,7.3,0,6,0,0,0,0,0,0,202.89,16.67,6,24,15,11,17,33,49.25,0,31,19,61.29,41,82,67,98,133,52.99,79,874,371,1147,226.4,39,3,1583,64,6,0,James Maddison,Tottenham Hotspur,356398,33,MF
40,0,0.0,639,43,54.43,1166,576,1742,92.76,10,52.63,9,31,2,0,0,0,114,6,0,19,4,21,31,0,1,29,34,106,0,1,3.23,1.88,24,0,13.33,0,6,8,28,24,4,2,4,,117,54.67,0,0,0,136,24,33,0,25,2207,0,,0,0,0,0,0.0,0,0,0,0,202,14,0,7.3,1,6,0,0,0,0,0,0,367.83,0.0,0,9,36,14,12,22,66.67,0,69,38,55.07,33,74,33,0,127,54.51,79,1276,602,1878,226.4,45,3,2206,26,5,0,Mateo Kovačić,Manchester City,136710,17,MF
77,0,0.0,133,128,54.47,309,733,1042,81.6,103,74.64,35,33,1,0,0,0,98,5,2,4,10,209,33,0,0,7,15,92,1,3,2.35,1.31,35,0,6.67,28,1,2,38,35,3,1,0,,96,62.75,0,0,2,235,41,16,0,33,2924,2,,0,0,0,1,0.0,0,0,0,0,267,4,0,7.3,0,1,0,0,0,0,0,0,2924.0,0.0,0,15,0,7,4,5,71.43,0,64,40,62.5,16,144,7,1,199,68.38,235,494,784,1277,240.9,15,5,1771,28,6,0,James Tarkowski,Everton,145188,48,DF
3,0,0.0,0,4,30.77,1,17,18,66.67,4,100.0,0,1,0,0,0,0,10,0,0,0,0,1,1,0,0,0,0,0,0,0,0.0,,0,0,0.0,6,0,0,2,2,0,0,0,0.2,0,0.0,0,4,0,9,0,0,0,1,90,0,,0,0,0,0,0.0,0,0,0,0,10,0,0,7.3,0,0,2,2,0,2,0,2,0.0,0.0,0,0,0,0,0,0,0.0,2,0,0,0.0,0,5,0,0,4,100.0,13,5,22,27,7.3,0,0,43,2,0,0,Brandon Austin,Tottenham Hotspur,859896,33,GK
4,11,18.64,382,5,83.33,529,73,591,84.43,0,0.0,13,29,6,0,0,0,63,8,0,13,3,2,28,0,0,59,7,146,0,0,3.8,1.32,10,0,10.34,0,3,9,14,11,3,2,1,,171,56.25,0,0,0,109,4,32,0,16,1533,5,,0,0,0,0,0.0,0,0,0,0,347,13,0,7.29,0,3,0,0,0,0,0,0,511.0,0.0,0,21,8,7,9,107,64.07,0,31,22,70.97,32,7,167,59,171,53.94,6,675,84,700,204.2,29,4,1209,33,1,0,Jérémy Doku,Manchester City,934386,17,MF
17,3,18.75,256,15,57.69,359,151,507,77.05,27,32.53,56,34,6,0,0,0,55,11,18,23,3,17,34,0,0,55,10,191,0,1,3.6,20.42,27,0,23.23,0,23,29,41,37,4,20,3,,67,33.17,4,0,3,151,3,42,2,34,2769,20,,0,0,4,0,100.0,0,4,0,1,345,18,0,7.29,0,17,0,0,0,0,0,0,120.39,0.0,3,84,15,30,46,42,47.19,0,12,5,41.67,42,36,89,16,94,32.98,26,509,165,658,247.7,99,4,1131,14,1,0,Alexander Isak,Newcastle United,823941,39,FW
50,29,25.89,239,36,55.38,440,334,745,81.51,7,15.91,37,34,8,0,0,1,146,11,8,41,2,8,34,0,0,45,19,176,0,3,4.68,10.5,13,0,7.84,0,8,16,34,30,4,6,2,,157,53.04,0,0,5,169,11,59,0,31,2600,9,,0,1,2,0,50.0,0,1,0,0,437,18,0,7.28,0,8,0,0,0,0,0,0,325.0,0.0,16,45,57,32,29,67,51.94,0,39,22,56.41,58,100,129,112,164,48.24,65,666,360,914,247.6,102,2,1586,51,1,0,Eberechi Eze,Crystal Palace,864921,7,MF
107,0,0.0,395,154,55.8,1083,1596,2679,91.68,119,72.12,46,37,1,0,0,0,115,2,3,3,14,190,37,0,0,5,9,79,1,3,0.98,2.24,17,0,11.11,130,3,4,38,34,4,3,0,,54,62.07,3,0,1,243,56,12,0,37,3330,0,,0,0,0,0,0.0,0,0,0,0,264,4,0,7.28,0,0,0,0,0,0,0,0,1110.0,0.0,1,23,4,16,8,3,60.0,0,38,20,52.63,12,185,5,1,173,68.65,276,1264,1659,2922,269.2,27,5,3346,13,5,0,Virgil van Dijk,Liverpool FC,151545,44,DF
62,25,19.84,508,57,53.77,775,351,1101,80.01,7,18.42,31,38,6,0,0,0,140,12,3,20,2,28,38,0,0,40,12,143,0,1,6.98,4.29,19,0,13.24,0,9,15,45,32,13,6,3,,110,49.55,0,0,2,275,14,60,4,35,2994,5,,0,1,0,0,0.0,0,0,0,0,529,17,0,7.27,0,5,0,0,0,0,0,0,332.67,0.0,0,44,24,19,29,48,53.33,0,44,25,56.82,59,134,90,126,117,45.0,106,1094,408,1376,276.2,68,4,1983,18,1,0,Alex Iwobi,Fulham,352770,43,MF
5,1,33.33,125,2,66.67,173,81,253,67.47,57,52.78,51,31,3,0,0,1,34,5,21,16,6,22,31,0,0,27,5,125,0,0,2.02,22.01,24,0,20.37,0,22,25,38,33,5,19,3,,37,33.33,4,0,4,122,5,29,16,31,2741,4,,0,0,4,0,75.0,0,3,0,0,218,14,0,7.27,0,2,0,0,0,0,0,0,124.59,0.0,1,98,10,32,60,13,39.39,0,11,6,54.55,29,8,33,3,94,42.92,3,273,105,375,225.3,108,4,696,13,2,0,Erling Haaland,Manchester City,839956,17,FW
18,18,23.08,354,16,69.57,523,195,700,84.03,6,33.33,12,30,9,0,0,1,85,16,7,18,2,16,30,0,0,32,22,113,0,1,5.13,7.35,6,0,12.28,0,7,16,35,32,3,7,0,,74,42.29,0,0,4,133,5,50,3,24,2116,12,,0,0,2,0,50.0,0,1,0,1,295,15,0,7.27,0,4,0,0,0,0,0,0,302.29,0.0,1,39,18,13,26,29,41.43,0,17,9,52.94,50,29,70,78,80,41.45,23,684,227,833,218.0,57,3,1217,28,1,0,Son Heung-min,Tottenham Hotspur,111505,33,FW
97,39,25.49,470,126,42.14,796,499,1256,77.72,3,18.75,13,33,6,0,0,0,132,15,2,18,4,48,33,0,0,15,56,112,0,4,7.37,1.88,11,0,6.67,0,3,9,25,23,2,2,1,,98,49.75,0,0,3,360,31,56,1,28,2377,1,,0,3,0,0,0.0,0,0,0,0,577,10,0,7.25,0,2,0,0,0,0,0,0,792.33,0.0,3,13,32,19,8,17,50.0,0,72,50,69.44,53,213,34,153,101,47.42,299,1181,588,1616,239.4,45,5,2321,9,5,0,Trent Alexander-Arnold,Liverpool FC,795064,44,DF
95,0,0.0,128,363,40.97,255,644,899,63.09,8,88.89,1,38,1,0,0,0,337,1,0,0,12,52,38,2,0,0,1,2,1,1,0.22,,0,0,0.0,231,0,1,44,39,5,0,0,6.15,5,83.33,0,28,1,526,1,2,0,38,3420,0,,0,0,0,0,0.0,2,0,2,0,540,0,22,7.24,0,0,34,79,40,122,0,30,0.0,0.0,0,0,0,0,0,0,0.0,34,1,0,0.0,2,157,0,0,13,86.67,886,735,690,1425,275.3,0,2,1822,7,7,0,Jordan Pickford,Everton,138530,48,GK
39,33,30.0,285,56,49.56,581,573,1121,85.38,30,49.18,31,27,4,0,0,0,119,5,0,4,7,51,27,0,0,20,34,101,0,3,3.72,0.41,9,0,0.0,0,0,4,31,29,2,0,0,,90,56.25,0,0,0,192,18,34,0,24,2192,1,,0,0,0,0,0.0,0,0,0,0,354,8,0,7.24,0,0,0,0,0,0,0,0,0.0,0.0,0,7,4,6,1,11,61.11,0,58,41,70.69,34,75,18,110,120,54.3,113,780,643,1313,195.6,11,1,1907,21,3,0,Lewis Hall,Newcastle United,1136730,39,DF
44,22,25.58,435,49,56.32,850,414,1242,87.22,19,35.19,35,35,5,0,0,0,148,6,2,13,9,29,35,0,0,22,49,187,1,0,5.64,2.83,62,0,13.16,0,5,10,24,21,3,3,2,,151,49.83,2,0,2,182,22,45,1,30,2607,2,,0,0,0,0,0.0,0,0,0,0,326,18,0,7.24,0,2,0,0,0,0,0,0,521.4,0.0,1,22,16,11,14,16,43.24,0,95,58,61.05,45,79,37,86,170,47.62,87,1044,466,1424,253.4,38,2,1954,40,6,0,Alexis Mac Allister,Liverpool FC,895324,44,MF
40,0,0.0,281,57,42.54,658,819,1477,90.72,55,59.14,38,28,1,0,0,0,63,2,4,7,10,89,28,0,0,2,4,63,0,2,1.2,2.61,19,0,13.64,26,3,4,22,19,3,3,0,,46,64.79,3,0,1,151,16,13,0,28,2365,0,,0,0,0,0,0.0,0,0,0,1,173,2,0,7.24,0,0,0,0,0,0,0,0,788.33,0.0,0,20,2,10,5,4,80.0,0,25,15,60.0,13,88,5,9,101,61.59,134,780,857,1628,202.7,22,3,1911,19,4,0,Gabriel Magalhães,Arsenal,869792,42,DF
86,4,40.0,494,96,63.16,1077,868,1941,90.15,36,64.29,20,38,2,0,0,0,229,5,0,9,10,53,38,0,0,25,32,165,0,1,2.82,0.82,70,0,5.0,0,1,3,42,36,6,1,0,,200,57.97,0,0,1,212,49,30,0,38,3356,0,,0,0,0,1,0.0,0,0,0,2,311,26,0,7.24,0,1,0,0,0,0,0,0,3356.0,0.0,0,3,17,8,3,29,56.86,0,114,73,64.04,30,141,51,10,236,58.85,152,1242,921,2153,275.0,20,3,2721,58,11,0,Moisés Caicedo,Chelsea,987650,38,MF
34,31,38.75,363,34,77.27,594,192,755,88.62,3,25.0,9,28,2,0,0,0,61,7,3,18,1,7,28,0,0,31,11,79,1,0,5.34,5.16,5,0,12.96,0,7,9,24,23,1,7,0,,61,46.56,0,0,1,97,9,43,7,20,1785,3,,0,0,0,0,0.0,0,0,0,0,242,13,0,7.24,0,0,0,0,0,0,0,0,255.0,0.0,2,25,29,20,16,14,37.84,0,13,5,38.46,43,57,37,80,64,44.76,44,720,212,852,202.6,54,3,1217,34,2,0,Phil Foden,Manchester City,859765,17,MF
35,11,34.38,378,34,85.0,581,141,711,86.08,14,26.92,38,36,5,0,0,0,105,8,11,22,4,7,36,0,0,49,24,208,0,1,4.46,12.02,48,0,18.31,0,13,18,21,19,2,13,0,,122,41.78,2,0,2,115,7,56,3,28,2410,10,,0,0,0,0,0.0,0,0,0,2,301,22,0,7.23,0,7,0,0,0,0,0,0,185.38,0.0,0,59,12,19,30,53,50.96,0,39,26,66.67,56,46,104,32,136,39.53,40,702,156,826,260.4,71,5,1315,31,2,0,Luis Díaz,Liverpool FC,883537,44,FW
52,12,20.0,592,46,54.12,926,579,1493,88.97,5,31.25,11,33,4,0,0,0,107,9,3,11,9,30,33,0,0,34,31,126,0,3,4.54,3.9,27,0,12.5,0,4,8,36,32,4,4,0,,116,50.22,0,0,0,185,23,53,3,29,2671,3,,0,0,0,0,0.0,0,0,0,0,322,20,0,7.23,0,1,0,0,0,0,0,0,667.75,0.0,0,30,2,9,12,28,51.85,0,56,37,66.07,53,87,54,60,121,48.99,85,1121,617,1678,238.7,32,2,2163,32,7,0,Bernardo Silva,Manchester City,331209,17,MF
57,13,28.89,413,51,62.2,706,286,979,80.71,41,42.71,55,34,8,0,0,0,127,10,3,13,3,29,34,0,0,44,16,188,0,1,4.69,6.34,38,0,11.48,0,7,15,34,29,5,6,1,,113,45.93,2,0,0,234,23,52,1,34,2822,7,,0,1,0,0,0.0,0,0,0,1,431,16,0,7.23,1,4,0,0,0,0,0,0,403.14,0.0,4,34,27,26,22,31,46.97,0,43,22,51.16,51,90,66,45,154,45.03,82,926,332,1213,245.8,61,2,1739,40,9,1,Morgan Gibbs-White,Nottingham Forest,865912,14,MF
99,2,16.67,256,128,49.23,612,738,1348,84.2,68,60.71,44,32,2,0,0,0,105,3,2,6,7,194,31,0,0,1,11,90,1,3,1.57,1.87,31,0,16.67,15,3,5,31,28,3,3,0,,48,51.06,3,0,1,253,51,15,0,26,2422,2,,0,0,0,0,0.0,0,0,0,0,294,3,0,7.23,0,0,0,0,0,0,0,0,807.33,0.0,0,13,5,8,4,2,40.0,0,36,26,72.22,15,168,5,12,116,56.31,260,812,801,1601,224.0,18,4,2044,10,10,0,Dean Huijsen,Bournemouth,1176744,60,DF
77,7,25.0,532,86,53.09,896,582,1471,83.67,19,50.0,19,38,6,0,0,0,188,12,2,9,5,40,38,0,0,76,36,221,2,3,5.39,4.31,65,0,11.11,0,5,11,44,40,4,4,1,,224,52.58,2,0,1,287,29,53,0,38,3282,2,,0,1,0,0,0.0,0,0,0,0,481,23,0,7.22,0,3,0,0,0,0,0,0,656.4,0.0,0,26,19,21,15,34,55.74,0,83,47,56.63,52,137,61,28,243,52.37,162,1136,650,1758,274.4,45,2,2433,108,7,0,Bruno Guimarães,Newcastle United,866469,39,MF
66,36,25.0,446,61,49.19,726,372,1062,77.63,12,30.0,28,38,10,0,0,0,179,15,4,15,2,29,38,0,0,47,50,178,0,2,6.99,2.83,18,0,5.71,0,2,12,41,37,4,2,0,,160,51.61,0,0,0,306,27,64,0,34,2926,6,,0,1,0,0,0.0,0,0,0,0,569,35,0,7.2,0,2,0,0,0,0,0,0,1463.0,0.0,3,23,12,13,7,50,58.14,0,83,44,53.01,63,160,86,144,172,49.14,124,1071,441,1368,273.7,35,1,2034,27,2,0,Mikkel Damsgaard,Brentford,907072,50,MF
16,27,25.47,234,19,76.0,407,174,554,79.14,12,20.0,48,34,8,0,0,0,129,11,8,28,5,21,34,0,0,77,21,241,0,0,6.47,8.64,20,0,14.94,0,13,21,50,41,9,12,1,,136,41.34,2,0,1,146,16,52,11,34,2979,10,,0,1,1,0,100.0,0,1,0,0,460,31,0,7.2,0,0,0,0,0,0,0,0,229.15,0.0,1,62,25,22,37,44,36.67,0,41,26,63.41,51,27,120,106,148,38.05,25,606,200,700,244.8,87,4,1411,51,1,0,Jarrod Bowen,West Ham United,552884,37,MF
25,11,24.44,372,27,60.0,634,335,958,88.79,15,42.86,20,26,6,0,0,0,70,7,2,2,7,30,21,0,0,13,22,97,1,1,3.32,1.22,30,0,11.11,0,1,7,19,17,2,1,0,,73,48.67,0,0,0,121,15,23,0,19,1682,6,,0,0,0,1,0.0,0,0,0,0,231,6,0,7.2,0,1,0,0,0,0,0,0,1682.0,0.0,0,6,3,3,4,19,57.58,0,35,22,62.86,23,41,33,45,88,47.57,45,756,368,1079,151.2,9,2,1479,20,4,0,Matheus Nunes,Manchester City,945122,17,DF
14,8,13.56,383,20,36.36,606,182,780,78.23,67,46.53,77,37,5,0,0,0,158,11,12,44,6,34,37,0,0,77,27,309,1,1,4.35,9.98,73,0,8.8,0,11,16,41,38,3,10,1,,160,40.82,0,0,5,217,11,46,5,36,3209,15,,0,0,0,0,0.0,0,0,0,1,525,37,0,7.19,0,6,0,0,0,0,0,0,291.73,0.0,0,85,40,40,41,69,54.76,0,55,35,63.64,46,28,126,59,227,42.35,55,833,223,997,266.2,125,3,1849,37,9,0,Antoine Semenyo,Bournemouth,934354,60,MF
72,60,30.61,372,84,41.38,661,494,1095,76.04,12,34.29,23,33,6,0,0,0,152,10,0,12,5,73,33,0,0,18,33,123,0,2,4.64,1.6,25,0,5.13,0,2,8,47,42,5,2,0,,113,53.05,1,0,3,345,36,57,0,28,2622,1,,0,0,0,0,0.0,0,0,0,0,577,13,0,7.19,0,1,0,0,0,0,0,0,1311.0,0.0,4,11,28,19,8,14,36.84,0,66,49,74.24,57,170,38,196,125,50.4,203,1038,598,1440,237.4,39,3,2333,33,5,0,Pedro Porro,Tottenham Hotspur,913654,33,DF
8,11,14.86,250,13,72.22,386,83,458,83.73,17,39.53,26,35,4,0,0,0,77,11,6,10,1,16,35,0,0,24,12,103,0,1,3.77,7.09,20,0,17.54,0,10,14,25,21,4,8,2,,90,53.89,3,0,1,89,12,38,0,23,1945,5,,0,0,0,0,0.0,0,0,0,1,245,12,0,7.19,0,7,0,0,0,0,0,0,194.5,0.0,0,43,14,24,23,31,59.62,0,28,16,57.14,38,20,52,74,107,50.95,18,523,98,547,251.7,57,3,971,31,5,0,Cody Gakpo,Liverpool FC,862967,44,MF
12,39,37.14,168,16,43.24,332,124,417,82.57,3,15.0,17,21,6,0,0,0,76,12,1,6,3,2,20,0,0,33,12,88,0,1,4.32,1.09,6,0,16.0,0,4,10,24,21,3,1,3,,55,43.65,0,0,0,88,6,37,4,15,1376,1,,0,0,0,0,0.0,0,0,0,0,238,13,0,7.19,0,0,0,0,0,0,0,0,344.0,0.0,0,11,14,9,10,24,54.55,0,13,8,61.54,37,25,44,105,58,39.73,37,468,142,505,143.8,25,1,827,18,1,0,Dwight McNeil,Everton,935543,48,MF
115,6,42.86,216,120,41.81,466,669,1129,79.51,44,65.67,23,36,0,0,0,0,142,2,2,5,11,242,36,0,0,10,19,88,1,2,1.14,1.42,27,0,8.0,50,2,2,44,38,6,2,0,,86,56.95,1,0,2,291,36,13,1,36,3191,0,,0,0,0,1,0.0,0,0,0,0,351,4,0,7.19,0,0,0,0,0,0,0,0,1595.5,0.0,3,13,12,14,6,27,72.97,0,53,36,67.92,13,226,37,14,130,59.63,287,685,749,1420,258.8,25,5,1995,6,6,0,Murillo,Nottingham Forest,1199282,14,DF
54,2,25.0,170,80,43.48,517,1178,1693,86.33,119,62.96,70,38,3,0,0,0,162,4,4,3,8,220,38,0,0,8,14,124,1,2,1.58,2.5,29,0,11.76,3,2,5,57,52,5,2,0,,75,58.14,1,0,0,268,34,10,1,38,3420,6,,0,0,0,0,0.0,0,0,0,2,313,4,0,7.18,0,0,0,0,0,0,0,0,1710.0,0.0,0,15,2,8,6,6,54.55,0,40,24,60.0,10,111,11,8,194,61.01,184,706,1263,1961,272.7,17,5,2496,31,5,0,Nathan Collins,Brentford,958916,50,DF
69,8,40.0,193,49,53.85,392,386,770,80.21,39,67.24,19,24,0,0,0,0,103,3,1,7,3,48,24,0,0,10,29,81,2,1,2.0,1.83,20,0,3.13,0,1,1,20,19,1,1,0,,102,62.2,1,0,1,190,14,22,0,18,1513,4,,0,0,0,0,0.0,0,0,0,0,235,10,0,7.18,0,0,0,0,0,0,0,0,1513.0,0.0,0,16,16,15,10,3,50.0,0,83,50,60.24,22,126,6,20,141,63.51,91,532,448,960,172.2,32,2,1298,19,5,0,Casemiro,Manchester United,122951,35,MF
24,1,5.0,199,15,46.88,289,159,447,79.4,30,45.45,36,35,4,0,0,0,81,3,17,21,5,19,35,0,0,35,16,145,0,3,1.83,18.59,34,0,21.11,0,19,23,45,40,5,19,0,,88,44.67,4,0,1,116,8,28,5,34,2927,14,,0,0,0,0,0.0,0,0,0,1,281,21,0,7.16,0,10,0,0,0,0,0,0,154.05,0.0,0,77,13,26,43,15,38.46,0,22,12,54.55,28,33,39,20,118,44.87,32,401,182,563,250.5,90,1,1020,51,5,0,Yoane Wissa,Brentford,805123,50,FW
21,21,24.71,317,23,60.53,452,120,551,81.03,8,22.22,28,34,6,0,0,0,78,6,6,11,1,23,34,0,0,27,18,158,0,1,3.73,10.11,47,0,19.05,0,12,18,29,26,3,9,3,,92,41.44,0,0,2,129,14,46,1,29,2356,5,,0,1,6,0,100.0,0,6,0,1,328,17,0,7.16,0,11,0,0,0,0,0,0,196.33,0.0,0,41,22,23,29,36,47.37,0,23,11,47.83,45,39,76,85,100,38.76,38,624,141,680,243.3,63,3,1177,33,8,0,Justin Kluivert,Bournemouth,851596,60,MF
9,0,0.0,0,14,60.87,2,92,94,89.52,1,50.0,1,2,0,0,0,0,25,0,0,0,1,3,2,0,0,0,0,1,0,0,0.0,,0,0,0.0,2,0,0,1,1,0,0,0,-0.52,1,100.0,0,2,0,11,0,0,0,2,180,0,,0,0,0,0,0.0,0,0,0,0,11,0,2,7.15,0,0,2,2,1,3,0,0,0.0,0.0,0,0,0,0,0,0,0.0,2,0,0,0.0,0,15,0,0,2,66.67,23,8,97,105,14.3,0,0,121,1,0,0,Jason Steele,Brighton & Hove Albion,31867,30,GK
21,6,27.27,230,14,58.33,351,122,467,74.6,42,47.19,47,27,6,0,0,0,59,11,7,14,2,12,27,0,1,38,7,161,0,0,3.09,8.9,26,0,21.28,0,10,16,27,23,4,10,0,,90,44.12,1,0,1,159,9,30,1,23,1953,2,,0,0,5,1,100.0,0,5,0,3,345,23,0,7.15,1,8,0,0,0,0,0,0,195.3,0.0,0,37,10,13,20,29,38.16,0,16,12,75.0,30,40,76,22,132,45.05,24,504,144,626,193.0,47,4,1057,46,4,0,João Pedro,Brighton & Hove Albion,975079,30,FW
57,0,0.0,459,83,55.7,1097,1068,2165,93.76,37,52.11,34,27,0,0,0,0,78,0,1,5,11,70,27,0,0,1,6,54,0,4,1.19,1.5,12,0,0.0,35,0,0,21,18,3,0,0,,27,57.45,0,0,0,144,20,5,0,25,2273,0,,1,0,0,1,0.0,0,0,0,0,160,1,0,7.15,0,0,0,0,0,0,0,0,0.0,0.0,0,10,11,9,7,2,66.67,0,17,11,64.71,5,104,3,3,64,54.24,149,1195,1117,2309,193.0,21,2,2514,8,4,0,Rúben Dias,Manchester City,318941,17,DF
52,2,16.67,472,58,55.24,915,718,1631,88.64,28,50.0,28,35,2,0,0,0,138,3,3,5,7,44,35,0,0,17,30,128,0,4,2.62,2.29,45,0,15.38,0,4,6,30,27,3,1,3,,144,59.02,0,0,0,209,35,20,0,31,2809,1,,0,0,0,0,0.0,0,0,0,0,293,11,0,7.15,0,4,0,0,0,0,0,0,702.25,0.0,0,9,17,12,9,24,72.73,0,89,53,59.55,20,102,33,12,172,57.33,105,1093,759,1840,250.1,26,0,2289,31,4,0,Thomas Partey,Arsenal,316148,42,MF
43,13,31.71,385,54,65.06,647,432,1066,85.76,19,45.24,23,36,6,0,0,0,133,12,8,25,8,14,36,0,0,23,28,134,0,2,5.88,7.34,44,0,8.96,0,6,12,29,25,4,5,1,,83,42.78,0,0,1,177,9,56,5,29,2496,4,,0,0,0,0,0.0,0,0,0,0,285,16,0,7.14,0,1,0,0,0,0,0,0,416.0,0.0,4,37,30,19,23,21,55.26,0,38,20,52.63,56,71,38,41,102,43.22,83,806,478,1243,257.1,67,2,1661,24,6,0,Dominik Szoboszlai,Liverpool FC,869856,44,MF
5,0,0.0,6,26,44.83,19,69,88,69.84,2,100.0,0,5,0,0,0,0,44,0,0,0,0,3,5,1,0,0,0,0,2,2,0.0,,0,0,0.0,23,0,0,13,13,0,0,0,-0.34,1,100.0,0,6,0,38,0,0,0,5,450,0,,0,0,0,0,0.0,2,0,0,0,39,0,2,7.14,0,0,0,17,7,24,0,5,0.0,0.0,0,0,0,0,0,0,0.0,0,0,0,0.0,0,13,0,0,3,100.0,58,42,84,126,35.7,0,0,192,1,0,0,Alex McCarthy,Southampton,45502,45,GK
71,42,24.71,394,67,47.52,727,633,1318,80.96,52,66.67,26,36,10,0,0,0,157,6,1,5,5,123,36,0,0,20,50,161,2,0,4.14,0.69,31,0,0.0,0,0,10,49,37,12,0,0,,151,52.8,0,0,0,310,62,44,0,35,3167,7,,0,1,0,0,0.0,0,0,0,0,586,6,0,7.14,0,0,0,0,0,0,0,0,0.0,0.0,0,4,12,9,2,38,52.78,0,95,61,64.21,43,130,72,170,203,55.77,141,1055,743,1628,257.0,16,3,2647,20,8,0,Antonee Robinson,Fulham,803174,43,DF
17,17,21.52,363,26,57.78,539,147,669,88.61,3,23.08,10,31,2,0,0,0,92,3,1,11,3,12,31,0,0,23,6,68,0,1,2.61,2.47,12,0,13.51,0,5,7,23,19,4,1,4,,84,59.15,0,0,2,86,13,45,0,25,2218,8,,0,1,0,0,0.0,0,0,0,1,242,14,0,7.14,0,5,0,0,0,0,0,0,443.6,0.0,0,25,12,9,17,37,67.27,0,22,14,63.64,44,25,55,79,87,56.13,45,667,167,755,221.3,37,1,1116,25,2,0,Callum Hudson Odoi,Nottingham Forest,867442,14,MF
45,0,0.0,26,175,40.14,106,528,634,70.37,8,88.89,1,31,0,0,0,0,250,0,0,0,8,36,31,0,0,0,2,5,1,2,0.05,0.06,2,0,0.0,192,0,0,39,37,2,0,0,2.14,7,63.64,0,18,0,267,0,1,0,31,2790,0,,0,0,0,2,0.0,4,0,0,0,275,0,21,7.14,0,0,20,62,33,97,0,15,0.0,0.0,0,1,0,1,0,1,100.0,18,1,0,0.0,1,74,1,0,15,75.0,436,322,579,901,221.3,1,1,1197,6,3,0,Kepa Arrizabalaga,Bournemouth,232422,60,GK
39,3,33.33,157,44,43.14,395,791,1183,90.03,16,55.17,13,20,1,0,0,0,81,3,2,6,5,54,20,0,0,3,15,54,0,1,1.28,1.3,22,0,11.76,23,2,3,27,25,2,1,1,,53,56.38,0,0,0,131,32,9,2,20,1754,0,,0,0,0,0,0.0,0,0,0,0,147,2,0,7.14,0,0,0,0,0,0,0,0,877.0,0.0,0,13,4,5,6,6,85.71,0,40,24,60.0,9,73,7,9,69,56.1,102,494,829,1314,142.7,17,3,1555,7,7,0,Lisandro Martínez,Manchester United,859999,35,DF
30,0,0.0,61,259,35.97,224,214,438,48.56,17,89.47,2,38,0,0,0,0,204,1,0,0,13,54,38,0,0,0,0,3,1,0,0.32,,1,0,0.0,270,0,0,46,40,6,0,0,4.55,9,90.0,0,16,0,464,0,2,0,38,3420,0,,0,0,0,1,0.0,3,0,0,0,479,0,28,7.13,0,0,6,91,28,120,0,35,0.0,0.0,0,0,0,0,0,0,0.0,6,1,1,100.0,2,58,0,0,26,89.66,720,651,251,902,271.1,0,2,1209,10,4,0,Matz Sels,Nottingham Forest,78152,14,GK
49,0,0.0,65,225,34.35,167,479,646,59.43,8,100.0,0,30,0,0,0,0,245,0,0,0,3,28,30,1,0,0,3,3,0,3,0.08,,1,0,0.0,190,0,0,66,56,10,0,0,0.14,3,50.0,0,20,0,441,2,0,0,30,2700,0,,0,0,0,0,0.0,7,0,2,0,452,0,18,7.13,0,0,8,80,42,125,2,26,0.0,0.0,0,0,0,0,0,0,0.0,8,0,0,0.0,0,78,0,0,11,78.57,655,546,541,1087,213.8,0,1,1420,4,2,0,Aaron Ramsdale,Southampton,839410,45,GK
22,22,18.33,307,24,41.38,452,207,637,75.47,5,23.81,16,35,12,0,0,0,98,16,5,12,2,29,35,0,0,37,24,119,1,0,6.15,5.72,11,0,18.6,0,8,20,31,28,3,8,0,,78,43.09,0,0,3,207,13,42,0,31,2379,3,,0,0,0,0,0.0,0,0,0,1,419,11,0,7.13,0,8,0,0,0,0,0,0,297.38,0.0,0,25,18,16,15,35,53.03,0,28,19,67.86,42,53,66,120,83,41.09,58,701,263,844,249.4,43,2,1364,15,4,0,Jacob Murphy,Newcastle United,372336,39,FW
36,16,21.05,382,30,37.04,689,571,1244,82.77,23,41.07,33,36,5,0,0,0,174,7,1,3,5,111,36,0,0,22,9,132,0,0,2.78,1.19,25,0,12.5,0,2,7,59,47,12,2,0,,160,61.78,0,0,0,259,66,33,0,35,3154,5,,1,0,0,0,0.0,0,0,0,0,452,15,0,7.13,0,2,0,0,0,0,0,0,1577.0,0.0,0,13,3,8,5,64,59.81,0,70,49,70.0,33,73,107,76,183,58.1,81,914,665,1503,256.5,16,1,2388,27,1,0,Aaron Wan-Bissaka,West Ham United,863653,37,DF
23,11,26.83,149,15,41.67,236,86,311,77.94,5,20.0,20,25,1,0,0,0,55,2,2,11,0,9,25,0,0,6,6,53,0,1,1.17,4.21,12,0,13.95,0,6,7,21,15,6,5,1,,51,60.71,3,0,2,88,7,21,3,12,1163,1,,0,1,0,0,0.0,0,0,0,1,157,9,0,7.12,0,0,0,0,0,0,0,0,193.83,0.0,1,25,18,15,17,9,47.37,0,20,14,70.0,20,40,19,41,56,51.38,36,336,104,399,178.1,43,1,635,22,2,0,Harry Wilson,Fulham,355528,43,MF
12,0,0.0,4,29,30.21,14,197,211,75.9,4,100.0,0,10,0,0,0,0,79,0,0,0,5,5,10,0,0,0,0,0,0,0,0.0,,0,0,0.0,59,0,0,12,10,2,0,0,0.71,1,100.0,0,7,0,67,0,0,0,10,900,0,,0,0,0,0,0.0,0,0,0,0,68,0,2,7.11,0,0,6,18,11,29,1,3,0.0,0.0,0,0,0,0,0,0,0.0,6,0,0,0.0,0,17,0,0,5,100.0,96,70,208,278,71.1,0,1,380,1,0,0,Martin Dúbravka,Newcastle United,42209,39,GK
33,0,0.0,79,94,52.51,253,597,850,82.85,101,71.63,40,37,2,0,0,0,85,2,4,5,13,208,37,0,0,2,7,67,0,1,0.54,4.02,20,0,17.24,0,5,7,45,39,6,5,0,,57,67.86,2,0,0,176,27,9,0,37,3330,2,,0,0,0,0,0.0,0,0,0,0,189,2,0,7.11,0,2,0,0,0,0,0,0,666.0,0.0,0,27,2,16,8,1,100.0,0,51,29,56.86,9,60,1,0,158,70.22,179,380,646,1026,263.0,29,2,1434,5,4,0,Nikola Milenković,Nottingham Forest,836168,14,DF
11,7,18.42,119,5,50.0,182,60,235,86.4,0,0.0,2,13,1,0,0,2,28,1,4,5,2,3,13,0,0,8,6,31,0,0,1.16,4.43,11,0,12.5,0,3,4,8,8,0,3,0,,27,48.21,0,0,1,37,2,16,3,9,745,2,,0,0,2,0,0.0,0,0,0,0,94,8,0,7.11,0,0,0,0,0,0,0,0,248.33,0.0,1,15,9,8,11,12,70.59,0,7,5,71.43,16,17,17,38,27,46.55,10,243,67,272,92.4,24,3,413,8,2,0,Marco Asensio,Aston Villa,361004,40,MF
0,0,0.0,5,0,0.0,6,4,10,71.43,1,33.33,2,4,0,0,0,0,3,0,0,0,0,1,3,0,0,0,0,2,0,0,0.18,0.25,0,0,16.67,0,1,1,0,0,0,1,0,,2,100.0,1,0,0,4,1,0,0,0,52,0,,0,0,0,0,0.0,0,0,0,0,10,0,0,7.1,0,0,0,0,0,0,0,0,52.0,0.0,0,5,1,3,3,0,0.0,0,2,0,0.0,0,1,0,1,3,60.0,0,10,5,14,21.3,6,0,34,0,0,0,Matheus França,Crystal Palace,1116593,7,FW
0,0,0.0,2,4,66.67,4,0,4,66.67,0,0.0,0,1,0,0,0,0,3,0,0,0,0,1,1,0,0,0,0,0,0,0,0.0,,0,0,0.0,1,0,0,0,0,0,0,0,0.03,0,0.0,0,0,0,2,0,0,0,0,11,0,,0,0,0,0,0.0,0,0,0,0,2,0,1,7.1,0,0,0,1,0,1,0,0,0.0,0.0,0,0,0,0,0,0,0.0,0,0,0,0.0,0,0,0,0,0,0.0,6,6,0,6,7.1,0,0,11,0,0,0,Vítězslav Jaroš,Liverpool FC,927359,44,GK
86,3,23.08,202,113,45.75,551,917,1465,84.15,69,53.91,59,34,2,0,0,0,146,5,2,6,11,156,34,0,0,18,16,116,0,2,2.01,1.98,24,0,20.0,13,3,5,42,39,3,3,0,,99,63.46,0,0,0,276,28,16,2,34,3060,1,,3,0,0,0,0.0,0,0,0,0,331,4,0,7.1,1,1,0,0,0,0,0,0,1020.0,0.0,0,13,2,2,7,12,85.71,0,61,34,55.74,16,162,14,13,168,59.15,247,732,1022,1741,241.3,15,5,2206,27,7,1,Marc Guéhi,Crystal Palace,877994,7,DF
37,19,25.68,250,28,36.84,467,406,854,75.11,58,42.34,79,37,5,0,0,0,171,7,8,6,11,94,37,0,0,20,42,226,0,1,3.57,4.93,56,0,10.81,0,4,9,46,41,5,4,0,,163,52.58,1,0,1,283,44,47,0,37,3233,15,,0,1,0,0,0.0,0,0,0,0,479,20,0,7.09,0,3,0,0,0,0,0,0,808.25,0.0,0,34,3,13,18,21,38.89,0,123,80,65.04,46,79,54,74,221,49.44,76,723,488,1137,262.4,37,0,2107,19,10,0,Daniel Muñoz,Crystal Palace,870360,7,MF
8,17,19.32,152,9,24.32,248,95,326,65.86,46,41.82,64,32,4,0,0,0,92,10,12,14,2,48,32,0,0,32,24,168,0,0,3.29,8.36,16,0,11.29,0,7,11,23,22,1,7,0,,92,46.94,2,0,3,169,11,35,3,21,2012,14,,0,0,0,0,0.0,0,0,0,0,386,26,0,7.09,0,2,0,0,0,0,0,0,287.43,0.0,1,49,13,28,20,39,53.42,0,35,26,74.29,35,23,73,88,138,45.1,37,448,135,495,226.9,62,1,1051,19,3,0,Dango Ouattara,Bournemouth,1106451,60,MF
13,0,0.0,10,79,28.32,57,328,385,65.25,14,87.5,2,28,0,0,0,0,241,0,0,0,8,53,28,0,0,1,0,4,2,3,0.01,,2,0,0.0,187,0,0,35,32,3,0,0,0.05,2,50.0,0,37,0,205,1,1,0,28,2520,0,,0,0,0,2,0.0,2,0,1,0,208,0,21,7.09,0,0,31,56,31,88,0,19,0.0,0.0,0,0,0,0,0,0,0.0,31,0,0,0.0,1,18,0,0,16,80.0,279,233,357,590,198.5,0,0,975,5,2,0,Nick Pope,Newcastle United,162653,39,GK
37,0,0.0,33,93,36.61,66,298,364,68.16,11,91.67,1,18,0,0,0,0,176,0,0,0,1,20,18,0,0,1,2,4,5,0,0.03,,0,0,0.0,94,0,0,33,30,3,0,0,-1.09,4,57.14,0,34,0,170,0,0,0,18,1620,0,,0,0,0,0,0.0,3,0,0,0,183,0,10,7.09,0,0,9,48,19,69,1,8,0.0,0.0,0,0,0,0,0,0,0.0,8,0,0,0.0,0,62,0,0,15,78.95,254,197,337,534,127.6,0,2,773,4,1,0,Arijanet Murić,Ipswich Town,888971,32,GK
11,0,0.0,1,15,39.47,3,135,138,82.63,1,100.0,0,7,0,0,0,0,34,0,0,0,1,7,7,1,0,0,1,1,0,3,0.0,,0,0,0.0,56,0,0,15,13,2,0,0,1.9,1,50.0,0,4,0,29,0,0,0,7,630,0,,0,0,0,0,0.0,2,0,0,0,31,0,0,7.09,0,0,2,20,7,29,1,7,0.0,0.0,0,0,0,0,0,1,100.0,2,0,0,0.0,0,23,1,0,2,66.67,38,16,151,167,49.6,0,0,241,0,0,0,Fraser Forster,Tottenham Hotspur,19314,33,GK
36,0,0.0,17,87,36.25,50,619,669,80.7,7,100.0,0,28,0,0,0,0,219,1,0,0,9,31,28,0,0,0,1,1,1,0,0.22,,0,0,0.0,80,0,0,29,25,4,0,0,2.14,4,80.0,0,11,0,160,0,1,0,28,2509,0,,0,0,0,0,0.0,1,0,0,0,166,0,18,7.09,0,0,27,47,26,78,1,9,0.0,0.0,0,0,0,0,0,1,100.0,26,1,0,0.0,1,65,1,0,11,91.67,240,164,665,829,198.4,0,2,1095,2,0,0,Alisson,Liverpool FC,243609,44,GK
78,5,29.41,285,65,52.85,579,579,1153,82.71,52,61.9,32,34,4,0,0,0,193,3,6,12,4,64,34,0,1,20,33,132,0,1,1.37,4.36,44,0,12.82,0,5,9,45,41,4,5,0,,111,52.61,3,0,1,241,49,18,0,34,2829,1,,0,0,0,0,0.0,0,0,0,0,323,14,0,7.09,1,2,0,0,0,0,0,0,565.8,0.0,0,27,12,11,16,7,58.33,0,79,49,62.03,18,123,12,17,163,55.25,123,761,650,1394,240.9,39,1,1883,28,8,0,Christian Nørgaard,Brentford,135256,50,MF
55,12,20.0,514,52,69.33,945,576,1509,92.35,14,56.0,11,33,6,0,0,0,116,4,6,8,3,22,32,0,0,25,14,81,0,0,4.44,3.23,15,0,3.7,0,1,7,28,26,2,1,0,,69,49.64,0,0,2,125,13,44,0,25,2242,1,,0,0,0,0,0.0,0,0,0,1,249,13,0,7.08,0,1,0,0,0,0,0,0,2242.0,0.0,2,14,13,12,7,17,51.52,0,25,13,52.0,44,81,33,60,83,50.61,75,1086,608,1634,226.7,27,1,1963,27,1,0,İlkay Gündoğan,Manchester City,45853,17,MF
38,17,19.77,333,28,53.85,523,181,687,80.54,6,20.0,24,38,7,0,0,0,104,13,9,28,5,14,38,0,0,52,22,160,0,0,4.11,7.21,27,0,11.11,0,8,15,26,23,3,8,0,,115,45.82,0,0,1,166,9,41,3,28,2558,6,,0,0,0,0,0.0,0,0,0,0,401,22,0,7.08,1,5,0,0,0,0,0,0,319.75,0.0,0,51,21,22,22,38,50.67,0,31,20,64.52,41,74,75,86,121,43.06,52,741,198,853,269.2,72,3,1410,46,2,1,Leandro Trossard,Arsenal,135666,42,FW
10,6,11.32,207,4,23.53,322,117,433,75.83,7,25.93,20,33,3,0,0,0,63,4,9,11,1,10,33,0,0,17,18,101,0,0,2.05,10.4,27,0,20.37,0,11,14,38,34,4,11,0,,84,50.91,0,0,4,138,4,19,3,24,2186,12,,0,0,0,0,0.0,0,0,0,2,257,15,0,7.08,0,8,0,0,0,0,0,0,198.73,0.0,0,54,0,23,20,19,46.34,0,39,26,66.67,19,25,41,53,91,47.4,17,487,137,571,233.7,54,1,916,26,5,0,Brennan Johnson,Tottenham Hotspur,1085180,33,FW
12,0,0.0,112,8,57.14,184,60,244,71.55,42,40.0,63,31,1,0,0,1,67,2,14,16,2,21,31,0,1,24,4,133,0,0,1.78,12.46,37,0,13.7,0,10,11,29,27,2,10,0,,76,52.05,1,0,2,97,1,26,2,28,2335,20,,0,0,1,0,0.0,0,0,0,5,172,24,0,7.08,1,6,0,0,0,0,0,0,233.5,0.0,0,65,8,25,32,7,46.67,0,16,10,62.5,26,23,15,0,118,47.01,14,264,77,341,219.5,73,2,630,53,1,0,Evanilson,Bournemouth,998490,60,FW
45,0,0.0,219,45,36.89,680,1033,1713,90.3,75,70.75,31,31,2,0,0,0,98,2,2,4,11,125,31,0,0,2,10,70,1,2,0.93,1.77,27,0,5.26,0,1,3,28,26,2,1,0,,62,61.39,1,0,0,184,17,10,0,30,2565,0,,0,0,0,0,0.0,0,0,0,0,199,2,0,7.08,0,0,0,0,0,0,0,0,2565.0,0.0,0,18,1,11,4,3,60.0,0,40,26,65.0,10,91,5,0,137,66.18,122,798,1099,1897,219.5,19,3,2221,20,5,0,Ibrahima Konaté,Liverpool FC,826215,44,DF
25,0,0.0,14,92,36.65,60,219,279,63.55,4,66.67,2,14,0,0,0,0,99,0,0,0,2,14,14,0,0,0,1,4,1,0,0.01,,2,0,0.0,100,0,0,21,13,8,0,0,1.9,4,66.67,0,9,0,160,0,0,0,13,1161,0,,0,0,0,2,0.0,3,0,0,0,163,0,9,7.08,0,0,6,37,13,50,0,8,0.0,0.0,0,0,0,0,0,3,100.0,5,0,0,0.0,0,41,3,0,8,66.67,251,198,241,439,99.1,0,0,581,1,2,0,Łukasz Fabiański,West Ham United,15479,37,GK
45,14,29.17,272,54,44.63,502,332,820,82.08,22,43.14,29,29,3,0,0,0,182,5,0,13,4,49,29,0,0,25,37,154,0,3,2.99,2.12,43,0,6.06,0,2,5,28,26,2,1,1,,106,45.89,0,0,2,179,30,41,2,27,2131,1,,0,0,0,0,0.0,0,0,0,0,312,17,0,7.07,0,0,0,0,0,0,0,0,1065.5,0.0,0,15,18,8,12,23,51.11,0,54,33,61.11,41,91,45,48,128,45.39,121,673,374,999,205.1,33,1,1471,31,9,0,Ryan Christie,Bournemouth,322391,60,MF
36,0,0.0,4,55,38.73,22,626,648,85.94,10,100.0,0,24,0,0,0,0,174,0,0,0,4,33,24,1,0,0,0,0,1,5,0.01,,0,0,0.0,65,0,0,37,34,3,0,0,0.59,2,100.0,0,25,0,106,1,0,0,24,2160,0,,0,0,0,0,0.0,1,0,0,0,110,0,19,7.07,0,0,13,52,15,68,0,21,0.0,0.0,0,0,0,0,0,1,100.0,13,0,0,0.0,0,55,1,0,12,100.0,142,80,674,754,169.7,0,2,1016,2,1,0,Guglielmo Vicario,Tottenham Hotspur,553606,33,GK
130,5,45.45,332,137,53.73,831,1178,2004,88.48,83,61.94,51,34,0,0,0,0,131,3,1,4,7,139,34,0,0,7,18,104,1,1,1.44,1.34,25,0,5.88,26,1,1,47,42,5,1,0,,73,57.94,1,0,1,261,24,15,0,33,2960,0,,0,0,0,0,0.0,0,0,0,0,293,2,0,7.07,1,0,0,0,0,0,0,0,2960.0,0.0,0,13,4,8,5,5,55.56,0,45,29,64.44,15,229,9,11,156,60.0,255,1033,1243,2265,240.4,17,2,2645,24,6,1,Jan Paul van Hecke,Brighton & Hove Albion,962012,30,DF
94,0,0.0,43,202,42.44,135,826,961,77.0,11,91.67,1,37,0,0,0,0,298,1,0,0,8,20,37,0,1,0,0,2,1,5,0.06,,2,0,0.0,172,0,0,45,41,4,0,0,1.16,9,90.0,0,52,0,287,0,2,0,37,3196,0,,0,0,0,0,0.0,2,0,1,0,297,0,3,7.07,1,0,24,67,30,100,3,22,0.0,0.0,0,0,0,0,0,1,100.0,20,3,3,100.0,2,156,1,0,20,90.91,476,361,887,1248,261.6,0,1,1583,6,5,0,Emiliano Martínez,Aston Villa,158263,40,GK
41,1,33.33,145,47,48.96,433,654,1086,89.68,42,60.87,27,18,0,0,0,0,90,1,3,2,2,52,18,0,0,5,9,57,1,1,0.82,1.59,14,0,6.25,14,1,1,22,21,1,1,0,,47,61.04,1,0,1,125,21,8,0,18,1420,2,,0,1,0,0,0.0,0,0,0,0,147,1,0,7.07,0,0,0,0,0,0,0,0,1420.0,0.0,0,16,0,6,8,1,33.33,0,35,29,82.86,7,69,3,3,89,60.96,96,505,709,1211,127.2,16,1,1418,12,3,0,Cristian Romero,Tottenham Hotspur,829932,33,DF
18,13,23.64,215,10,37.04,345,144,476,70.0,37,41.57,52,38,6,0,0,0,113,17,17,10,3,38,38,0,0,43,17,160,0,0,6.74,10.72,14,0,13.56,0,8,14,39,36,3,8,0,,95,46.8,1,0,2,204,9,46,0,30,2719,11,,0,2,0,0,0.0,0,0,0,1,404,13,0,7.07,0,7,0,0,0,0,0,0,339.88,0.0,0,53,6,20,29,17,32.69,0,22,10,45.45,44,29,52,55,132,45.21,27,538,197,680,268.5,59,1,1198,56,4,0,Ismaïla Sarr,Crystal Palace,845286,7,MF
18,0,0.0,21,82,40.0,64,180,244,66.3,5,100.0,0,13,0,0,0,0,119,0,0,0,0,21,13,0,0,0,0,0,0,0,0.02,,1,0,0.0,94,0,0,30,28,2,0,0,-4.19,4,100.0,0,18,0,124,0,1,0,13,1170,0,,0,0,0,0,0.0,1,0,0,0,126,0,9,7.06,0,0,11,30,13,45,0,12,0.0,0.0,0,0,0,0,0,0,0.0,10,0,0,0.0,1,34,0,0,9,100.0,205,170,198,368,91.8,0,1,524,4,2,0,Alex Palmer,Ipswich Town,796143,32,GK
41,16,29.63,338,51,53.68,667,606,1257,85.92,12,48.0,13,36,2,0,0,0,177,4,3,13,10,30,36,0,0,23,26,112,0,2,2.76,4.4,37,0,11.43,0,4,6,34,30,4,3,1,,120,54.79,0,0,3,206,34,28,1,28,2631,2,,0,0,0,0,0.0,0,0,0,1,320,13,0,7.06,0,3,0,0,0,0,0,0,657.75,0.0,3,15,20,10,12,20,58.82,0,51,32,62.75,28,80,34,54,132,54.1,95,854,663,1463,254.2,35,1,1923,49,5,0,Sandro Tonali,Newcastle United,892673,39,MF
42,0,0.0,61,76,51.7,220,635,855,85.84,26,56.52,20,16,0,0,0,0,83,0,0,1,4,89,16,0,0,4,7,40,0,0,0.32,0.85,7,0,14.29,15,1,1,22,20,2,1,0,,44,68.75,1,0,0,141,12,4,0,16,1411,1,,0,0,0,0,0.0,0,0,0,0,158,0,0,7.06,0,0,0,0,0,0,0,0,1411.0,0.0,1,3,4,4,2,10,83.33,0,30,19,63.33,4,92,12,2,70,63.64,147,315,683,996,112.9,7,0,1201,4,3,0,Emmanuel Agbadou,Wolverhampton,1013842,3,DF
9,6,20.0,35,11,55.0,65,49,108,68.35,14,51.85,13,11,2,0,0,0,38,2,1,2,0,12,9,0,0,12,8,70,0,0,1.42,0.42,11,0,0.0,0,0,2,14,11,3,0,0,,70,55.12,0,0,1,50,4,6,0,6,577,2,,0,0,0,0,0.0,0,0,0,0,136,2,0,7.06,0,0,0,0,0,0,0,0,0.0,0.0,0,4,9,6,5,29,50.88,0,21,15,71.43,6,15,57,30,84,54.55,20,129,59,158,63.5,13,0,382,20,0,0,Abdul Fatawu Issahaku,Leicester City,1103589,31,MF
35,39,27.46,345,44,29.53,677,448,1086,80.44,28,36.36,49,38,5,0,0,0,169,8,0,8,9,99,38,0,0,22,14,132,1,3,2.58,0.59,30,0,10.53,0,2,7,45,42,3,2,0,,124,59.9,0,0,1,264,45,37,2,38,3342,3,,0,1,0,0,0.0,0,0,0,0,527,11,0,7.06,0,0,0,0,0,0,0,0,1671.0,0.0,0,11,8,6,5,22,56.41,0,52,26,50.0,36,92,39,142,152,53.52,149,980,512,1350,268.1,19,1,2264,50,4,0,Miloš Kerkez,Bournemouth,1097425,60,DF
8,9,39.13,110,2,33.33,175,56,222,91.36,0,0.0,4,12,1,0,0,0,29,2,1,3,0,2,11,0,0,8,9,41,0,0,0.97,1.1,7,0,8.33,0,1,2,9,6,3,1,0,,32,46.38,0,0,0,21,5,13,0,5,488,1,,0,0,0,0,0.0,0,0,0,0,76,8,0,7.05,0,1,0,0,0,0,0,0,488.0,0.0,0,12,0,3,6,13,50.0,0,9,6,66.67,13,13,26,23,32,43.84,6,207,59,243,77.6,12,0,376,10,1,0,Reiss Nelson,Fulham,826139,43,FW
16,5,16.13,346,43,39.81,743,711,1449,88.73,32,35.96,57,36,1,0,0,0,130,3,2,5,9,80,36,0,0,7,29,138,2,1,2.39,2.8,37,0,20.83,0,5,6,38,33,5,4,1,,109,57.37,2,0,0,184,28,19,2,33,2990,3,,0,0,0,0,0.0,0,0,0,0,282,9,0,7.05,1,1,0,0,0,0,0,0,598.0,0.0,0,17,7,7,12,4,30.77,0,67,45,67.16,19,49,13,31,141,50.54,108,894,770,1633,253.9,24,2,2321,38,8,1,Marc Cucurella,Chelsea,794939,38,DF
25,27,25.0,323,30,62.5,509,154,636,80.3,26,44.07,33,29,5,0,0,0,119,9,6,17,0,9,29,0,0,47,17,161,0,0,3.65,5.48,34,0,5.26,0,3,8,29,27,2,3,0,,99,43.61,0,0,4,156,5,43,1,20,1938,4,,0,0,0,0,0.0,0,0,0,0,373,22,0,7.05,0,2,0,0,0,0,0,0,646.0,0.0,4,25,32,23,17,28,47.46,0,43,24,55.81,43,44,59,108,125,43.71,48,713,187,792,204.5,57,0,1302,28,6,0,Marcus Tavernier,Bournemouth,895576,60,MF
23,31,23.66,331,22,57.89,504,182,655,80.96,8,50.0,8,34,5,0,0,1,97,6,10,19,2,5,34,0,0,38,25,138,2,1,5.11,8.03,20,0,10.17,0,6,11,33,28,5,6,0,,141,52.03,0,0,1,154,7,52,1,28,2444,8,,0,1,2,0,50.0,0,1,0,1,390,8,0,7.05,0,5,0,0,0,0,0,0,407.33,0.0,1,39,20,21,19,38,44.71,0,32,18,56.25,51,39,85,131,149,51.92,38,726,214,809,239.7,59,0,1401,71,2,0,Anthony Gordon,Newcastle United,914902,39,FW
47,0,0.0,26,139,57.92,60,643,703,86.26,4,80.0,1,26,4,0,0,0,164,4,0,0,10,16,26,0,0,0,2,4,2,2,0.19,,1,0,0.0,77,0,4,26,24,2,0,0,4.46,1,25.0,0,12,0,112,1,4,0,26,2321,0,,0,0,0,1,0.0,2,0,0,0,113,0,5,7.05,0,0,23,42,11,54,0,6,0.0,0.0,0,0,0,0,0,0,0.0,22,0,0,0.0,4,63,0,0,5,55.56,240,140,675,815,183.3,0,1,1017,0,4,0,Ederson,Manchester City,254491,17,
33,1,10.0,122,50,40.98,355,590,944,86.29,45,59.21,31,25,1,0,0,0,85,5,2,2,5,104,25,0,0,9,12,74,2,2,0.64,2.01,19,0,16.67,2,3,4,25,22,3,3,0,,61,58.65,1,0,0,150,29,8,0,23,1981,1,,0,0,0,0,0.0,0,0,0,0,183,5,0,7.05,0,2,0,0,0,0,0,0,660.33,0.0,0,14,4,9,7,8,72.73,0,31,23,74.19,8,70,11,10,106,58.89,122,460,644,1094,176.2,18,2,1419,22,3,0,Trevoh Chalobah,Chelsea,826134,38,DF
21,5,21.74,177,21,60.0,294,160,449,73.01,92,47.67,101,38,3,0,0,0,80,6,14,23,0,23,38,0,0,45,14,223,0,3,2.08,11.99,39,0,12.5,0,12,15,37,29,8,12,0,,96,44.04,3,0,2,166,10,24,3,30,2505,15,,0,0,3,0,100.0,0,3,0,1,331,11,0,7.05,0,6,0,0,0,0,0,0,208.75,0.0,1,81,15,40,33,21,44.68,0,35,24,68.57,24,32,47,23,188,45.74,35,436,202,615,267.8,96,1,1111,41,4,0,Raúl Jiménez,Fulham,192442,43,FW
8,5,41.67,92,16,66.67,163,68,226,83.39,15,62.5,9,16,3,0,0,0,39,6,1,6,0,10,16,0,0,13,8,52,0,0,0.68,1.79,14,0,7.41,0,2,5,9,8,1,2,0,,32,42.67,1,0,0,45,6,15,0,7,770,1,,0,1,0,0,0.0,0,0,0,0,91,3,0,7.04,0,1,0,0,0,0,0,0,385.0,0.0,1,13,14,9,12,9,50.0,0,11,5,45.45,14,11,18,12,47,47.47,24,202,81,271,112.7,27,1,429,12,4,0,Carlos Alcaraz,Everton,1017392,48,MF
19,25,26.6,330,21,32.31,681,538,1194,86.71,22,42.31,30,37,7,0,0,0,145,8,3,15,0,66,37,0,0,47,27,188,1,1,4.0,2.69,30,0,11.11,0,4,11,67,58,9,4,0,,198,55.62,0,0,1,183,26,47,3,37,3128,6,,0,1,0,0,0.0,0,0,0,0,428,21,0,7.04,1,1,0,0,0,0,0,0,782.0,0.0,0,31,5,8,13,63,52.94,0,89,57,64.04,46,39,119,94,220,53.92,65,857,614,1377,260.6,36,3,2315,46,5,1,Rayan Aït-Nouri,Wolverhampton,931278,3,MF
36,4,57.14,444,41,49.4,943,765,1704,89.5,26,65.0,14,37,4,0,0,0,193,3,1,7,11,57,37,0,1,26,24,140,0,2,3.53,1.12,47,0,0.0,0,0,4,35,30,5,0,0,,158,55.63,0,0,0,200,60,26,0,37,3168,0,,0,0,0,0,0.0,0,0,0,0,324,12,0,7.04,1,0,0,0,0,0,0,0,0.0,0.0,0,5,15,8,5,37,55.22,0,69,35,50.72,26,70,67,7,184,56.79,83,1088,823,1904,260.5,20,0,2462,52,6,0,Ryan Gravenberch,Liverpool FC,904897,44,MF
12,43,23.24,250,11,50.0,414,120,491,77.69,24,39.34,37,38,11,0,0,0,89,9,6,7,3,20,38,0,0,43,12,140,0,0,5.11,4.47,9,0,13.64,0,6,17,35,32,3,5,1,,91,46.91,0,0,1,141,6,50,5,31,2507,18,,0,0,0,0,0.0,0,0,0,0,455,13,0,7.04,0,1,0,0,0,0,0,0,417.83,0.0,6,31,13,13,24,25,39.06,0,19,14,73.68,50,20,64,185,115,45.1,22,675,142,632,267.5,44,2,1216,47,1,0,Anthony Elanga,Nottingham Forest,979232,14,MF
17,14,29.79,227,8,57.14,333,131,450,82.12,7,31.82,15,33,4,0,0,0,55,8,6,23,3,11,33,0,0,23,8,94,1,0,4.56,7.23,15,0,14.29,0,9,13,23,21,2,8,1,,61,43.57,0,0,0,98,6,26,2,17,1766,5,,0,0,0,0,0.0,0,0,0,0,225,7,0,7.04,0,7,0,0,0,0,0,0,196.22,0.0,0,51,12,19,21,24,42.11,0,16,9,56.25,26,37,57,47,68,41.98,14,445,150,548,232.3,63,1,880,22,0,0,Harvey Barnes,Newcastle United,855647,39,FW
8,10,26.32,219,15,68.18,384,213,587,84.95,8,29.63,19,33,0,0,0,0,172,3,3,10,7,15,33,0,0,44,27,176,1,0,1.35,6.24,24,0,24.32,0,9,9,24,21,3,9,0,,171,52.13,0,0,0,104,20,18,3,29,2440,5,,0,0,2,0,100.0,0,2,0,0,305,16,0,7.04,0,6,0,0,0,0,0,0,271.11,0.0,0,28,9,9,18,68,51.52,0,53,28,52.83,18,15,132,38,179,50.42,22,488,241,691,232.3,37,1,1246,52,3,0,Iliman Ndiaye,Everton,914309,48,MF
49,0,0.0,268,70,63.64,847,1562,2409,94.58,62,62.0,38,35,0,0,0,0,154,1,2,1,12,118,35,0,1,8,7,85,1,6,1.29,2.28,28,0,33.33,6,2,2,27,23,4,2,0,,90,65.69,0,0,0,138,21,7,1,35,3041,1,,0,0,0,1,0.0,0,0,0,0,180,4,0,7.04,1,0,0,0,0,0,0,0,1520.5,0.0,0,6,0,2,3,12,66.67,0,62,37,59.68,7,67,18,3,152,64.14,110,944,1606,2547,246.3,6,0,2883,17,2,0,William Saliba,Arsenal,941168,42,DF
55,2,28.57,95,108,45.38,316,889,1203,81.95,61,54.95,50,35,1,0,0,0,130,4,3,5,11,203,35,0,0,6,15,108,2,0,1.05,3.46,34,0,3.33,2,1,2,45,40,5,1,0,,94,61.84,1,0,1,265,54,8,0,35,3118,1,,0,0,0,1,0.0,0,0,0,0,301,0,0,7.04,0,0,0,0,0,0,0,0,3118.0,0.0,0,26,4,19,6,8,66.67,0,68,41,60.29,8,110,12,7,155,58.94,238,475,1000,1468,246.3,30,2,1992,19,5,0,Maxence Lacroix,Crystal Palace,879674,7,DF
52,0,0.0,59,171,32.95,153,717,870,70.62,14,100.0,0,38,0,0,0,0,321,0,0,0,13,29,38,1,0,0,2,3,0,9,0.07,,1,0,0.0,147,0,0,34,30,4,0,0,1.99,10,76.92,0,51,0,362,2,1,0,38,3420,0,,0,0,0,1,0.0,3,0,0,0,374,0,8,7.04,0,0,33,66,20,86,1,21,0.0,0.0,0,0,0,0,0,1,100.0,32,0,0,0.0,1,97,1,0,24,88.89,519,468,764,1232,267.4,0,1,1599,10,3,0,David Raya,Arsenal,581310,42,GK
137,3,23.08,263,207,46.62,649,1058,1704,82.96,76,65.52,40,30,0,0,0,0,129,1,0,6,4,193,30,0,1,4,10,73,1,0,0.55,1.07,20,0,0.0,12,0,0,44,33,11,0,0,,47,58.75,0,0,0,350,34,4,0,30,2663,0,,1,0,0,1,0.0,0,0,0,0,378,1,0,7.04,1,0,0,0,0,0,0,0,0.0,0.0,0,15,5,8,6,4,100.0,0,28,19,67.86,4,250,4,13,123,62.76,444,908,1159,2054,211.1,20,2,2466,19,7,0,Joachim Andersen,Fulham,362682,43,DF
25,10,26.32,191,31,46.27,366,280,636,82.92,26,54.17,22,22,2,0,0,0,74,1,1,12,2,62,22,0,0,10,15,86,0,0,0.67,1.36,35,0,0.0,0,0,2,26,20,6,0,0,,79,55.24,0,0,0,131,32,9,0,21,1779,1,,0,0,0,0,0.0,0,0,0,0,219,5,0,7.04,0,0,0,0,0,0,0,0,0.0,0.0,0,18,6,10,2,9,60.0,0,56,38,67.86,9,54,15,38,105,54.97,67,474,331,767,154.8,24,0,1260,16,5,0,Kenny Tete,Fulham,190877,43,DF
11,2,18.18,205,1,20.0,299,103,400,79.84,65,44.83,80,23,3,0,0,0,41,3,15,9,7,32,23,0,0,23,11,172,0,1,1.67,9.56,38,0,16.98,0,9,12,20,18,2,8,1,,46,33.33,1,0,0,101,6,17,5,21,1874,14,,0,0,0,0,0.0,0,0,0,0,206,7,0,7.03,0,2,0,0,0,0,0,0,208.22,0.0,0,47,6,23,21,9,27.27,0,16,9,56.25,17,19,33,11,111,39.22,5,389,123,501,161.8,53,2,837,23,5,0,Kai Havertz,Arsenal,836705,42,FW
13,11,17.46,226,13,65.0,366,146,501,83.64,11,36.67,19,32,3,0,0,0,84,6,14,23,2,10,32,0,0,25,24,132,0,0,3.15,9.64,22,0,8.75,0,7,10,28,25,3,7,0,,95,45.67,1,0,4,98,10,34,4,27,2060,5,,0,2,0,0,0.0,0,0,0,0,285,18,0,7.03,0,2,0,0,0,0,0,0,294.29,0.0,0,66,14,25,32,45,49.45,0,25,18,72.0,32,19,91,63,106,44.54,20,494,168,599,225.1,80,1,1077,25,3,0,Noni Madueke,Chelsea,966547,38,MF
67,0,0.0,34,136,27.93,59,628,687,65.3,12,100.0,0,32,0,0,0,0,288,0,0,0,10,36,32,2,0,0,1,3,5,5,0.05,,2,0,0.0,82,0,0,34,29,5,0,0,2.09,4,57.14,0,44,0,365,2,2,0,32,2880,0,,0,0,0,2,0.0,5,0,1,0,378,0,12,7.03,0,0,44,63,30,95,0,21,0.0,0.0,0,0,0,0,0,0,0.0,42,0,0,0.0,2,131,0,0,16,84.21,487,342,710,1052,225.1,0,2,1443,4,5,0,Robert Sánchez,Chelsea,920546,38,GK
41,23,26.74,344,45,42.45,668,416,1061,82.31,57,65.52,30,37,6,0,0,0,207,7,0,20,2,68,37,0,0,49,63,220,0,4,3.63,2.11,49,0,5.0,0,2,8,37,32,5,0,2,,185,49.33,0,0,0,228,31,37,0,33,2742,4,,0,0,0,0,0.0,0,0,0,0,444,25,0,7.03,0,2,0,0,0,0,0,0,1371.0,0.0,0,21,19,13,7,36,54.55,0,92,56,60.87,37,83,66,86,242,52.38,106,896,479,1289,260.1,40,2,2006,58,10,0,Elliot Anderson,Nottingham Forest,994546,14,MF
8,0,0.0,17,7,50.0,72,147,219,89.39,17,60.71,11,8,0,0,0,0,14,1,1,3,1,25,7,0,0,1,2,18,0,1,0.23,0.59,5,0,0.0,0,0,0,4,3,1,0,0,,17,70.83,0,0,0,26,5,2,0,6,418,0,,0,0,0,0,0.0,0,0,0,0,33,0,0,7.03,0,0,0,0,0,0,0,0,0.0,0.0,0,5,0,0,2,1,50.0,0,12,9,75.0,2,12,2,0,34,65.38,14,85,160,245,49.2,5,0,315,4,1,0,Sven Botman,Newcastle United,910046,39,DF
22,13,22.03,230,29,32.22,413,292,692,81.41,40,57.14,30,35,3,0,0,0,110,2,3,16,7,120,35,0,0,21,33,125,1,2,1.53,2.3,24,0,2.7,0,1,4,31,27,4,1,0,,151,61.38,0,0,1,158,31,18,0,28,2599,2,,0,0,0,0,0.0,0,0,0,0,353,5,0,7.03,0,1,0,0,0,0,0,0,2599.0,0.0,1,18,19,14,7,18,48.65,0,90,57,63.33,18,54,37,59,191,60.44,90,567,342,850,245.9,37,0,1667,43,7,0,Neco Williams,Nottingham Forest,927356,14,DF
17,1,100.0,107,14,63.64,202,113,314,64.88,94,39.17,146,36,3,0,0,0,50,3,15,12,1,28,36,0,0,28,8,212,0,1,1.52,13.35,25,0,29.41,0,20,23,37,33,4,19,1,,34,34.0,8,0,1,170,5,22,3,35,2976,28,,0,0,3,0,100.0,0,3,0,0,286,10,0,7.03,0,9,0,0,0,0,0,0,148.8,0.0,0,56,12,21,35,4,33.33,0,6,5,83.33,22,28,12,1,128,37.65,22,341,144,484,252.9,68,2,827,24,1,0,Chris Wood,Nottingham Forest,50480,14,FW
15,4,30.77,181,9,56.25,286,164,446,79.93,60,51.28,57,28,2,0,0,0,86,3,8,7,3,23,28,0,0,27,16,149,0,2,1.18,5.91,41,0,18.42,0,7,9,17,16,1,7,0,,77,45.56,4,0,2,112,15,18,2,17,1597,7,,0,1,0,0,0.0,0,0,0,0,188,21,0,7.03,1,1,0,0,0,0,0,0,228.14,0.0,0,34,4,16,15,9,47.37,0,46,28,60.87,17,33,19,13,137,47.9,16,394,177,558,196.7,38,2,846,23,2,1,Mikel Merino,Arsenal,592010,42,MF
46,2,14.29,172,49,59.76,353,359,710,74.82,101,57.39,75,35,1,0,0,0,63,1,6,10,5,84,35,0,0,15,18,158,0,1,1.26,6.85,47,0,16.36,0,9,10,44,36,8,9,0,,75,47.47,3,0,1,239,20,15,4,30,2570,4,,0,1,0,0,0.0,0,0,0,1,295,7,0,7.02,0,2,0,0,0,0,0,0,285.56,0.0,0,52,3,27,18,6,50.0,0,46,21,45.65,14,79,12,14,176,52.69,82,541,422,949,245.8,55,0,1337,25,8,0,Tomáš Souček,West Ham United,799041,37,MF
53,0,0.0,120,85,45.21,356,625,981,82.85,62,59.05,43,30,1,0,0,0,93,2,2,3,8,188,30,0,0,4,8,68,2,2,0.6,1.2,12,0,0.0,10,0,1,28,25,3,0,0,,56,69.14,0,0,0,203,27,3,0,28,2525,1,,0,0,0,0,0.0,0,0,0,0,228,2,0,7.02,0,0,0,0,0,0,0,0,0.0,0.0,0,10,0,4,3,3,60.0,0,36,20,55.56,3,105,5,5,118,63.44,188,514,675,1184,210.6,10,0,1558,18,4,0,Jarrad Branthwaite,Everton,979563,48,DF
16,42,28.19,315,23,62.16,533,157,648,88.65,12,27.91,31,35,6,0,0,0,81,11,3,26,4,4,35,0,0,30,12,139,0,0,4.77,3.5,21,0,6.78,0,4,10,25,21,4,3,1,,89,45.18,0,0,1,83,9,47,4,24,2281,3,,0,0,0,0,0.0,0,0,0,0,322,17,0,7.01,0,0,0,0,0,0,0,0,570.25,0.0,0,37,22,16,17,34,42.5,0,23,9,39.13,47,26,80,149,101,42.08,37,707,173,731,245.4,59,2,1244,33,8,0,Pedro Neto,Chelsea,879349,38,MF
9,3,15.0,211,10,83.33,300,78,375,91.02,1,12.5,7,20,1,0,0,0,26,2,0,6,1,5,18,0,0,16,3,39,1,0,1.69,1.13,5,0,6.67,0,1,2,10,10,0,1,0,,47,59.49,0,0,0,37,2,24,0,7,735,0,,0,0,0,0,0.0,0,0,0,0,90,7,0,7.01,0,1,0,0,0,0,0,0,735.0,0.0,0,12,3,4,5,13,59.09,0,9,5,55.56,24,13,22,20,48,55.17,12,350,82,412,126.2,15,0,570,25,3,0,Jack Grealish,Manchester City,189061,17,MF
17,14,21.88,142,24,66.67,267,225,478,91.05,5,38.46,8,18,1,0,0,0,31,5,1,1,2,17,18,0,0,4,9,35,0,0,2.32,0.38,9,0,0.0,0,0,1,8,7,1,0,0,,42,60.87,0,0,0,47,11,17,0,9,849,1,,0,1,0,0,0.0,0,0,0,0,119,3,0,7.01,0,0,0,0,0,0,0,0,0.0,0.0,0,3,1,1,2,5,50.0,0,31,20,64.52,16,30,10,64,47,57.32,36,350,239,525,126.2,4,1,765,6,2,0,Kostas Tsimikas,Liverpool FC,786259,44,DF
10,5,13.16,163,7,63.64,226,67,288,64.29,90,52.94,80,38,2,0,0,0,83,8,9,12,2,30,38,0,0,36,10,199,0,0,1.76,8.2,21,0,20.0,0,11,13,34,30,4,11,0,,107,47.35,4,0,3,160,5,23,3,26,2309,13,,0,0,0,0,0.0,0,0,0,1,373,18,0,7.01,0,4,0,0,0,0,0,0,209.91,0.0,0,51,4,16,27,30,36.59,0,39,25,64.1,23,19,82,38,197,49.75,11,387,99,448,266.4,55,2,979,38,3,0,Kevin Schade,Brentford,1006387,50,MF
21,41,34.45,292,26,44.07,617,579,1155,88.3,46,63.01,27,30,1,0,0,0,147,5,1,8,3,57,30,0,0,27,17,119,0,2,2.49,1.17,36,1,3.57,0,1,2,44,39,5,0,1,,104,53.06,0,0,0,153,37,26,1,26,2403,3,,0,0,0,0,0.0,0,0,0,0,348,10,0,7.01,0,0,0,0,0,0,0,0,2403.0,33.33,3,8,20,11,9,19,59.38,0,65,43,66.15,26,47,32,119,150,55.76,59,793,634,1308,210.3,28,0,2001,20,5,0,Pervis Estupiñán,Brighton & Hove Albion,805465,30,DF
40,36,27.27,333,63,46.67,667,498,1129,81.93,41,54.67,34,36,3,0,0,0,187,6,0,3,5,66,36,0,1,18,30,136,0,0,3.75,0.94,49,0,7.14,0,1,4,43,40,3,1,0,,104,50.49,1,0,0,249,41,49,0,32,2978,3,,0,1,0,1,0.0,0,0,0,0,417,11,0,7.01,1,0,0,0,0,0,0,0,2978.0,0.0,1,3,11,7,4,13,65.0,0,81,42,51.85,48,78,20,132,145,51.6,135,941,569,1378,252.3,14,0,1966,10,8,0,Lewis Cook,Bournemouth,548188,60,MF
21,0,0.0,67,27,44.26,207,389,596,88.3,28,54.9,23,14,0,0,0,0,38,1,1,2,3,59,14,0,0,1,0,27,0,1,0.25,0.82,4,0,0.0,26,0,0,11,11,0,0,0,,19,82.61,0,0,0,79,7,3,0,12,1121,0,,0,0,0,0,0.0,0,0,0,0,85,1,0,7.01,0,0,0,0,0,0,0,0,0.0,0.0,0,8,1,6,1,2,66.67,0,7,6,85.71,3,40,3,1,47,63.51,61,250,426,675,98.1,9,0,809,11,1,0,Tyrone Mings,Aston Villa,303638,40,DF
18,5,50.0,78,38,52.78,196,288,479,81.32,25,60.98,16,17,3,0,0,0,73,3,1,4,1,49,17,0,0,11,9,57,0,3,1.15,1.4,17,0,5.56,3,1,4,39,33,6,1,0,,69,62.73,0,0,0,110,27,10,0,15,1363,4,,0,0,0,1,0.0,0,0,0,0,157,4,0,7.01,0,1,0,0,0,0,0,0,1363.0,0.0,0,8,10,9,5,10,71.43,0,51,31,60.78,10,43,14,10,94,62.25,72,271,328,589,119.1,18,3,854,8,4,0,Mario Lemina,Wolverhampton,307284,3,MF
44,4,57.14,306,77,63.64,655,569,1220,87.08,25,62.5,15,37,3,0,0,0,194,3,1,7,11,34,37,0,0,38,41,168,1,0,1.97,1.06,55,0,0.0,0,0,3,39,35,4,0,0,,196,56.16,0,0,1,181,48,19,0,35,3072,0,,0,0,0,0,0.0,0,0,0,0,283,8,0,7.01,0,0,0,0,0,0,0,0,0.0,0.0,0,4,23,15,5,18,48.65,0,133,80,60.15,19,80,37,7,221,56.81,121,794,614,1401,259.2,27,0,1930,46,9,0,Idrissa Gana Gueye,Everton,106337,48,MF
1,0,0.0,14,1,16.67,20,8,28,77.78,1,100.0,0,4,0,0,0,0,2,0,0,1,0,10,3,0,0,0,1,2,0,0,0.02,0.02,1,0,0.0,0,0,0,2,2,0,0,0,,5,71.43,0,0,0,8,2,0,0,1,135,0,,0,0,0,0,0.0,0,0,0,0,20,0,0,7.0,0,0,0,0,0,0,0,0,0.0,0.0,0,0,1,0,0,0,0.0,0,5,3,60.0,0,3,0,4,6,75.0,6,31,9,36,21.0,1,0,90,0,1,0,Harry Toffolo,Nottingham Forest,358218,14,DF
44,3,33.33,248,65,58.04,560,586,1143,87.92,39,59.09,27,34,1,0,0,0,197,3,3,18,4,43,34,0,0,42,32,160,0,1,1.21,3.08,40,0,6.82,10,3,4,39,35,4,1,2,,160,54.61,0,0,1,157,46,22,2,31,2670,0,,0,1,0,2,0.0,0,0,0,0,271,20,0,6.99,1,1,0,0,0,0,0,0,890.0,0.0,1,6,38,15,11,33,62.26,0,79,46,58.23,21,81,53,9,199,55.43,112,680,629,1300,237.8,44,1,1837,48,6,1,Carlos Baleba,Brighton & Hove Albion,1199043,30,MF
53,29,28.71,229,50,42.37,447,346,764,78.6,49,56.32,38,35,2,0,0,0,88,4,0,6,10,135,35,0,0,11,27,106,0,2,2.21,0.49,22,0,7.14,0,1,3,39,35,4,0,1,,103,60.23,0,0,0,208,44,25,1,35,3084,3,,0,1,0,1,0.0,0,0,0,0,383,3,0,6.99,0,0,0,0,0,0,0,0,3084.0,0.0,0,8,6,7,1,8,47.06,0,63,38,60.32,24,117,17,101,152,58.91,118,658,415,972,244.7,14,1,1744,34,4,0,Vitaliy Mykolenko,Everton,876643,48,DF
1,1,12.5,77,2,28.57,167,104,270,87.66,6,40.0,9,9,0,0,0,0,31,0,0,2,2,10,9,0,0,15,4,40,0,0,0.68,1.29,6,0,25.0,0,2,2,3,3,0,2,0,,22,41.51,0,0,0,38,4,4,2,6,532,1,,0,0,0,0,0.0,0,0,0,0,83,2,0,6.99,0,0,0,0,0,0,0,0,266.0,0.0,0,7,1,3,3,9,60.0,0,9,4,44.44,4,5,15,8,28,41.18,7,201,115,308,62.9,8,0,447,4,0,0,Nico O'Reilly,Manchester City,1142703,17,DF
6,0,0.0,162,6,75.0,292,123,415,85.57,17,34.69,32,30,4,0,0,0,46,1,9,18,2,14,30,0,0,28,12,102,0,0,1.38,9.57,11,1,16.67,0,10,14,37,34,3,9,1,,62,46.97,2,0,2,70,5,23,2,24,2122,4,,0,0,1,0,100.0,0,1,0,0,173,13,0,6.98,0,6,0,0,0,0,0,0,212.2,11.11,9,43,17,18,24,13,38.24,0,26,16,61.54,23,11,34,3,79,43.65,8,348,140,485,209.5,60,1,791,23,5,0,Danny Welbeck,Brighton & Hove Albion,33902,30,FW
7,2,16.67,21,5,27.78,36,30,64,68.09,6,60.0,4,6,1,0,0,0,8,2,0,1,0,14,6,0,0,2,3,11,0,0,0.24,0.03,2,0,0.0,0,0,1,6,5,1,0,0,,15,68.18,0,0,0,30,4,4,0,3,342,0,,0,0,0,0,0.0,0,0,0,0,51,0,0,6.98,0,0,0,0,0,0,0,0,0.0,0.0,0,1,0,0,0,0,0.0,0,11,8,72.73,4,14,0,12,21,65.63,18,62,44,94,41.9,1,0,180,4,1,0,Conor Townsend,Ipswich Town,197982,32,DF
45,12,18.18,295,55,48.25,582,581,1151,83.83,38,64.41,21,33,3,0,0,0,167,4,2,7,8,64,33,0,0,21,18,122,0,0,2.46,2.05,40,0,0.0,0,0,3,45,40,5,0,0,,104,50.73,0,0,2,222,37,27,0,31,2813,4,,0,1,0,1,0.0,0,0,0,0,408,9,0,6.98,0,0,0,0,0,0,0,0,0.0,0.0,0,17,8,13,5,27,55.1,0,68,40,58.82,26,90,49,66,142,53.79,114,765,674,1373,230.4,25,0,2063,9,5,0,Diogo Dalot,Manchester United,843200,35,MF
40,0,0.0,35,170,41.36,112,874,986,79.77,9,90.0,1,38,1,0,0,0,297,1,0,0,5,32,38,0,0,0,0,1,2,3,0.07,,0,0,0.0,172,0,1,54,40,14,0,0,-4.92,6,100.0,0,21,0,250,0,2,0,38,3420,0,,0,0,0,0,0.0,4,0,1,0,255,0,21,6.98,0,0,17,83,24,110,0,21,0.0,0.0,0,0,0,0,0,0,0.0,17,2,2,100.0,2,57,0,0,15,93.75,411,312,924,1236,265.3,0,4,1586,4,5,0,Bernd Leno,Fulham,103335,43,GK
26,4,14.81,296,29,76.32,430,225,651,75.35,13,20.0,52,37,10,0,0,0,119,16,11,21,5,18,37,0,0,74,23,272,0,2,5.24,6.58,50,0,14.55,0,8,18,40,37,3,6,2,,160,42.11,0,0,1,213,6,52,3,37,3129,2,,0,0,0,0,0.0,0,0,0,1,508,20,0,6.98,0,5,0,0,0,0,0,0,391.13,0.0,0,38,17,14,20,66,47.14,0,43,22,51.16,52,38,140,27,173,38.88,38,620,271,864,258.3,55,1,1528,51,10,0,Morgan Rogers,Aston Villa,948261,40,MF
6,1,50.0,16,12,41.38,56,149,204,86.08,11,64.71,6,5,0,0,0,0,24,0,1,1,0,14,5,0,0,1,5,18,0,0,0.03,0.35,6,0,0.0,5,0,0,12,9,3,0,0,,18,60.0,0,0,1,33,10,2,0,5,442,1,,0,0,0,0,0.0,0,0,0,0,40,0,0,6.98,0,0,0,0,0,0,0,0,0.0,0.0,0,2,0,1,0,0,0.0,0,11,7,63.64,2,12,0,2,29,61.7,29,75,164,237,34.9,2,1,306,7,2,0,Yerson Mosquera,Wolverhampton,1014835,3,DF
18,11,14.67,345,16,48.48,532,198,719,80.79,27,50.0,27,36,4,0,0,0,99,8,12,12,3,7,36,0,0,23,30,191,0,0,4.04,9.16,40,0,17.54,0,10,14,40,34,6,9,1,,120,42.25,2,0,1,171,14,37,2,28,2608,5,,0,0,0,0,0.0,0,0,0,0,397,15,0,6.98,0,6,0,0,0,0,0,0,260.8,0.0,0,49,8,18,27,52,41.27,0,45,27,60.0,37,32,126,75,147,43.49,33,732,233,890,251.2,57,0,1479,24,1,0,Kaoru Mitoma,Brighton & Hove Albion,936849,30,MF
23,0,0.0,70,42,46.67,347,728,1075,91.33,42,60.0,28,22,1,0,0,0,41,1,2,4,7,79,22,0,0,0,4,41,0,0,0.22,0.93,8,0,7.69,12,1,2,14,13,1,1,0,,30,69.77,0,0,2,102,11,1,0,15,1439,1,,0,0,0,0,0.0,0,0,0,0,110,1,0,6.98,0,1,0,0,0,0,0,0,1439.0,0.0,0,12,1,7,2,4,80.0,0,17,13,76.47,1,44,5,0,72,63.72,90,416,761,1177,153.5,13,1,1348,9,4,0,Tosin Adarabioyo,Chelsea,352668,38,DF
60,1,4.55,174,74,51.39,417,615,1031,85.21,56,71.79,22,30,1,0,0,0,106,4,0,4,5,95,29,0,0,5,8,58,0,3,1.22,1.04,18,0,20.0,0,2,3,38,33,5,2,0,,60,62.5,0,0,0,179,22,12,1,25,2121,2,,1,0,0,0,0.0,0,0,0,0,248,6,0,6.98,0,1,0,0,0,0,0,0,1060.5,0.0,0,10,0,3,3,11,61.11,0,38,21,55.26,12,120,18,22,116,66.67,144,550,682,1210,202.3,10,0,1578,11,6,0,Matt Doherty,Wolverhampton,143047,3,DF
30,0,0.0,97,58,44.27,432,1335,1767,88.62,148,66.07,76,37,1,0,0,0,103,2,4,3,13,194,37,0,0,3,16,128,0,4,1.09,1.96,34,0,4.35,4,1,2,45,40,5,1,0,,52,50.0,1,0,0,227,27,9,0,37,3330,5,,2,0,0,0,0.0,0,0,0,0,261,0,0,6.98,0,0,0,0,0,0,0,0,3330.0,0.0,0,23,0,13,7,3,75.0,0,39,24,61.54,9,60,4,3,200,60.98,131,575,1422,1994,258.1,23,1,2421,12,11,0,Dan Burn,Newcastle United,99090,39,DF
4,5,31.25,65,4,50.0,103,74,172,81.13,8,42.11,11,16,2,0,0,0,30,1,2,3,0,13,14,0,0,8,11,59,0,0,1.13,1.64,20,0,28.57,0,4,6,10,7,3,4,0,,39,44.83,1,0,0,40,3,12,2,7,604,1,,0,0,0,0,0.0,0,0,0,0,91,4,0,6.97,0,1,0,0,0,0,0,0,151.0,0.0,0,13,1,3,8,8,44.44,0,27,13,48.15,12,7,18,16,47,44.34,8,139,89,212,97.6,14,1,389,4,1,0,Ryan Sessegnon,Fulham,836698,43,MF
51,3,23.08,211,87,43.07,761,1570,2328,89.71,83,59.71,56,35,1,0,0,0,121,2,5,3,10,116,35,0,0,8,9,120,1,3,1.21,1.89,45,0,11.76,99,2,3,41,35,6,2,0,,73,53.28,1,0,0,267,33,15,0,35,3149,5,,0,0,0,1,0.0,0,0,0,0,309,2,0,6.97,0,1,0,0,0,0,0,0,1574.5,0.0,0,16,1,10,4,6,54.55,0,47,34,72.34,15,110,11,13,156,56.52,202,931,1677,2595,244.0,17,2,2965,21,9,0,Levi Colwill,Chelsea,996911,38,DF
22,26,30.95,139,21,42.86,288,257,519,83.71,15,68.18,7,24,1,0,0,0,65,5,0,5,0,40,24,0,0,5,12,56,0,0,2.8,0.35,19,0,0.0,0,0,1,35,31,4,0,0,,71,59.17,0,0,0,101,17,34,0,18,1498,0,,0,0,0,0,0.0,0,0,0,0,223,3,0,6.97,0,0,0,0,0,0,0,0,0.0,0.0,1,4,4,2,1,11,40.74,0,28,17,60.71,34,51,27,84,86,60.56,49,419,285,620,167.3,8,0,1027,32,2,0,Ryan Manning,Southampton,328701,45,DF
10,2,18.18,159,15,71.43,259,164,421,87.89,22,59.46,15,19,1,0,0,0,35,0,1,1,0,24,18,0,0,5,11,49,0,0,0.71,0.86,16,0,20.0,0,2,3,12,10,2,1,1,,42,55.26,0,0,1,58,9,6,2,11,984,3,,0,0,0,0,0.0,0,0,0,0,100,0,0,6.97,0,0,0,0,0,0,0,0,492.0,0.0,0,7,3,3,6,9,75.0,0,27,19,70.37,6,14,12,11,64,56.64,21,308,182,479,125.4,10,1,683,6,4,0,Riccardo Calafiori,Arsenal,957602,42,DF
46,6,26.09,290,51,44.74,583,791,1368,86.09,51,62.2,31,37,1,0,0,0,149,2,1,6,4,83,36,0,0,17,35,134,1,0,1.87,0.68,38,0,0.0,10,0,1,43,39,4,0,0,,165,61.57,0,0,0,221,34,20,0,34,2848,4,,0,0,0,1,0.0,0,0,0,0,316,10,0,6.97,0,0,0,0,0,0,0,0,0.0,0.0,0,6,7,4,3,26,59.09,0,115,68,59.13,20,102,44,23,216,61.71,114,722,890,1589,250.8,13,0,2236,25,3,0,Noussair Mazraoui,Manchester United,847030,35,DF
1,3,37.5,13,1,25.0,32,23,52,78.79,0,0.0,1,4,0,0,0,0,2,0,0,0,0,2,3,0,0,0,0,4,0,1,0.15,0.16,3,0,0.0,0,0,0,1,1,0,0,0,,7,70.0,0,0,0,14,2,4,0,3,173,0,,0,0,0,0,0.0,0,0,0,0,19,0,0,6.97,0,0,0,0,0,0,0,0,0.0,0.0,0,1,1,1,1,1,100.0,0,5,2,40.0,4,3,1,8,7,63.64,4,49,25,66,20.9,2,0,95,1,1,0,James Milner,Brighton & Hove Albion,791,30,MF
39,35,25.0,219,30,42.86,426,420,811,82.76,39,58.21,28,32,4,0,0,0,104,15,1,5,4,84,32,0,0,16,22,95,1,0,4.01,0.8,21,0,0.0,2,0,4,36,32,4,0,0,,88,56.77,0,0,0,169,25,36,0,28,2358,7,,0,0,0,0,0.0,0,0,0,0,363,4,0,6.97,0,0,0,0,0,0,0,0,0.0,0.0,5,3,10,5,3,9,50.0,0,65,38,58.46,36,74,18,140,127,57.21,70,615,505,980,222.9,13,1,1586,16,4,0,Lucas Digne,Aston Villa,96538,40,DF
42,14,35.9,168,40,57.14,327,221,534,78.65,7,30.43,16,20,2,0,0,0,102,5,0,3,0,27,20,0,0,13,27,75,0,0,2.18,0.37,12,0,0.0,0,0,2,21,17,4,0,0,,57,49.14,0,0,0,145,20,26,0,16,1336,0,,0,0,0,0,0.0,0,0,0,0,215,10,0,6.97,0,0,0,0,0,0,0,0,0.0,0.0,0,1,12,5,5,2,20.0,0,34,14,41.18,26,71,10,39,64,46.04,70,454,264,679,139.3,13,1,913,21,2,0,Adam Wharton,Crystal Palace,1109771,7,MF
17,3,17.65,174,18,46.15,295,218,510,86.44,18,66.67,9,17,2,0,0,0,37,2,0,4,5,38,17,0,0,6,22,51,0,0,1.41,0.46,10,0,0.0,4,0,2,13,12,1,0,0,,25,37.31,0,0,0,80,16,10,0,13,1213,1,,0,0,0,0,0.0,0,0,0,0,134,4,0,6.96,0,0,0,0,0,0,0,0,0.0,0.0,0,5,4,3,2,0,0.0,0,20,14,70.0,10,31,5,17,43,45.74,39,373,234,590,118.4,9,0,833,5,2,0,Ben White,Arsenal,846036,42,DF
7,0,0.0,322,8,66.67,466,188,654,85.16,6,35.29,11,31,4,0,0,0,99,6,3,12,3,7,31,0,0,21,7,85,0,2,3.11,2.17,6,0,12.5,0,3,7,24,20,4,2,1,,69,48.25,0,0,0,114,2,38,0,19,1773,6,,0,0,0,0,0.0,0,0,0,2,238,17,0,6.96,0,3,0,0,0,0,0,0,591.0,0.0,0,19,5,4,8,45,52.94,0,13,7,53.85,38,19,85,25,75,46.88,12,581,212,768,215.9,24,0,1052,11,2,0,Jadon Sancho,Chelsea,851100,38,MF
29,5,16.67,151,24,38.1,343,488,826,82.35,61,50.41,60,28,5,0,0,0,127,5,3,2,2,74,28,0,0,33,31,179,0,0,1.51,2.02,39,0,0.0,0,0,5,48,43,5,0,0,,116,49.36,0,0,1,177,31,17,0,28,2336,3,,1,0,0,0,0.0,0,0,0,0,297,10,0,6.96,0,0,0,0,0,0,0,0,0.0,0.0,0,20,2,12,8,13,41.94,0,85,51,60.0,17,57,31,30,177,49.72,63,481,552,1003,195.0,22,1,1489,18,8,0,Wilfred Ndidi,Leicester City,787885,31,MF
13,15,27.27,161,12,50.0,262,103,350,78.48,6,28.57,15,25,3,0,0,0,38,8,5,10,2,9,25,0,0,7,8,78,0,0,3.45,4.77,9,0,17.14,0,6,9,15,14,1,4,2,,45,41.67,0,0,4,96,5,28,1,16,1427,8,,0,0,1,0,100.0,0,1,0,0,209,7,0,6.96,0,5,0,0,0,0,0,0,237.83,0.0,2,23,12,9,16,18,31.58,0,17,11,64.71,28,30,57,55,51,39.53,24,380,121,446,174.1,35,1,706,10,2,0,Marcus Rashford,Aston Villa,814590,40,MF
51,3,27.27,476,57,67.86,877,746,1620,94.08,31,46.97,35,26,0,0,0,0,103,0,2,5,5,62,25,0,0,5,6,61,2,1,1.28,1.55,17,0,0.0,8,0,0,28,24,4,0,0,,29,52.73,0,0,0,102,9,9,0,23,2020,0,,0,0,0,0,0.0,0,0,0,0,122,2,0,6.96,0,0,0,0,0,0,0,0,0.0,0.0,0,8,7,8,2,2,100.0,0,19,12,63.16,9,72,2,11,60,49.59,84,954,779,1722,174.1,15,3,1900,9,3,0,Manuel Akanji,Manchester City,383560,17,DF
14,22,23.91,254,10,66.67,392,96,466,78.98,17,30.36,39,33,4,0,0,0,78,7,8,15,3,16,33,0,0,38,16,168,0,0,4.66,7.41,16,0,14.55,0,8,12,25,23,2,8,0,,77,37.38,1,0,0,124,5,40,1,25,2300,8,,0,0,0,0,0.0,0,0,0,0,355,19,0,6.96,0,6,0,0,0,0,0,0,287.5,0.0,0,50,5,15,25,33,35.48,0,23,15,65.22,40,21,93,92,94,35.88,15,565,117,590,229.8,55,1,1083,21,1,0,Gabriel Martinelli,Arsenal,922573,42,FW
12,4,14.29,350,12,30.77,632,411,1039,87.9,22,52.38,20,30,3,0,0,0,94,1,1,6,7,41,30,0,0,24,9,107,0,1,1.27,1.23,31,0,7.14,0,1,4,21,17,4,1,0,,111,56.06,1,0,0,143,22,17,0,27,2422,6,,0,0,0,0,0.0,0,0,0,0,285,6,0,6.96,0,0,0,0,0,0,0,0,2422.0,0.0,0,11,3,4,4,24,50.0,0,58,38,65.52,17,28,48,28,133,55.42,39,755,455,1182,208.9,14,0,1752,29,7,0,Jurriën Timber,Arsenal,958959,42,DF
17,23,25.27,143,14,56.0,245,83,305,68.69,18,33.96,35,32,4,0,0,0,85,8,8,7,1,28,32,0,0,28,28,155,0,0,5.02,4.11,21,0,17.65,0,6,10,33,30,3,6,0,,104,46.43,0,0,1,139,11,29,5,20,1854,6,,0,0,0,0,0.0,0,0,0,0,345,16,0,6.96,0,1,0,0,0,0,0,0,309.0,0.0,0,30,4,11,16,46,51.11,0,48,35,72.92,29,30,90,91,122,44.04,25,428,107,444,222.8,34,1,932,11,6,0,Yankuba Minteh,Brighton & Hove Albion,1400106,30,MF
16,3,18.75,292,16,51.61,514,335,846,83.76,59,55.14,48,29,3,0,0,0,149,3,4,13,7,46,29,0,0,53,19,204,1,1,2.33,3.95,58,0,8.89,0,4,7,32,30,2,4,0,,107,40.68,0,0,0,164,23,24,2,29,2404,7,,0,1,0,0,0.0,0,0,0,0,301,15,0,6.96,0,1,0,0,0,0,0,0,601.0,0.0,0,35,10,18,14,15,34.88,0,57,35,61.4,23,26,43,16,166,44.86,31,653,373,1010,201.9,45,2,1478,35,10,0,Joelinton,Newcastle United,560128,39,MF
107,1,7.69,226,138,44.23,550,1092,1641,84.5,59,44.03,75,34,0,0,0,0,134,0,4,12,10,133,34,0,1,6,21,136,0,3,1.03,3.8,35,0,10.0,0,4,4,42,37,5,3,1,,56,47.86,2,0,2,301,45,5,1,33,2937,4,,0,0,0,0,0.0,0,0,0,0,344,6,0,6.96,1,1,0,0,0,0,0,0,734.25,0.0,5,20,20,17,11,8,72.73,0,36,21,58.33,5,223,11,13,115,45.82,312,778,1177,1942,236.6,40,1,2360,15,9,0,Fabian Schär,Newcastle United,101882,39,DF
30,19,27.94,183,33,64.71,428,393,802,91.66,13,56.52,10,24,2,0,0,0,71,6,2,5,4,19,24,0,0,9,12,49,0,0,2.59,1.7,17,0,6.67,0,1,3,18,13,5,1,0,,32,45.07,0,0,0,73,13,25,0,17,1454,0,,0,1,0,0,0.0,0,0,0,0,146,2,0,6.96,1,1,0,0,0,0,0,0,1454.0,0.0,4,7,8,4,6,2,40.0,0,24,15,62.5,24,47,5,68,45,47.87,51,528,415,875,167.0,15,0,1088,6,2,1,James Ward-Prowse,West Ham United,161717,37,MF
8,3,7.69,129,6,66.67,203,135,335,86.12,16,64.0,9,12,0,0,0,0,37,1,0,2,2,19,12,0,1,10,7,48,2,0,1.27,0.43,17,0,0.0,0,0,0,11,11,0,0,0,,61,61.0,0,0,0,54,4,12,0,10,842,3,,0,0,0,0,0.0,0,0,0,0,122,2,0,6.96,1,0,0,0,0,0,0,0,0.0,0.0,0,8,2,6,2,3,33.33,0,31,24,77.42,12,11,9,39,77,61.6,9,276,152,389,83.5,10,1,648,28,3,0,Patrick Dorgu,Manchester United,1397168,35,MF
10,15,26.32,150,28,50.91,321,267,573,82.09,11,45.83,13,21,1,0,0,0,73,2,0,2,4,34,21,0,0,9,17,70,0,0,1.38,0.67,20,0,0.0,0,0,1,19,15,4,0,0,,69,54.76,0,0,1,125,23,13,0,17,1599,0,,0,0,0,0,0.0,0,0,0,0,229,7,0,6.96,0,0,0,0,0,0,0,0,0.0,0.0,1,6,6,6,4,7,36.84,0,47,31,65.96,13,35,19,57,80,53.33,55,453,302,698,146.1,12,1,1024,15,5,0,James Garner,Everton,927361,48,MF
15,2,100.0,143,18,56.25,366,337,701,87.73,33,61.11,21,26,0,0,0,0,72,1,2,4,2,40,26,0,0,9,13,78,2,1,0.84,2.12,32,0,17.65,0,3,3,23,20,3,2,1,,98,63.23,1,0,2,98,26,10,1,20,1631,0,,0,0,0,0,0.0,0,0,0,0,123,2,0,6.95,0,1,0,0,0,0,0,0,543.67,0.0,0,11,6,7,6,14,82.35,0,55,30,54.55,10,30,17,2,131,62.68,32,422,379,799,180.8,17,0,1057,30,4,0,Amadou Onana,Aston Villa,923973,40,MF
26,0,0.0,94,37,44.05,239,397,636,88.21,24,77.42,7,14,0,0,0,0,35,1,1,2,3,40,13,0,0,1,8,24,1,1,0.27,0.25,7,0,0.0,43,0,0,11,8,3,0,0,,13,43.33,0,0,0,85,20,3,0,11,888,1,,0,0,0,1,0.0,0,0,0,0,97,1,0,6.95,0,0,0,0,0,0,0,0,0.0,0.0,0,5,0,2,1,1,33.33,0,10,6,60.0,3,59,3,2,37,60.66,84,303,420,721,90.4,5,0,840,2,1,0,Adam Webster,Brighton & Hove Albion,216308,30,DF
69,0,0.0,31,145,27.0,86,440,526,56.2,4,80.0,1,27,0,0,0,0,203,0,0,0,1,33,27,0,0,0,0,1,1,3,0.04,,0,0,0.0,143,0,0,58,52,6,0,0,-0.55,5,100.0,0,24,0,410,0,0,0,27,2385,0,,0,0,0,0,0.0,4,0,1,0,420,0,20,6.95,0,0,14,74,26,103,2,18,0.0,0.0,0,0,0,0,0,1,100.0,14,1,1,100.0,0,121,1,0,9,90.0,537,389,547,936,187.7,0,2,1252,3,1,0,Mads Hermansen,Leicester City,856640,31,GK
3,2,28.57,41,3,100.0,61,12,71,83.53,3,30.0,7,12,1,0,0,0,17,3,2,4,0,7,10,0,0,3,4,28,0,0,1.31,1.21,4,0,7.69,0,1,2,4,4,0,1,0,,17,44.74,1,0,1,14,1,9,0,1,244,1,,0,0,0,0,0.0,0,0,0,0,41,4,0,6.95,0,0,0,0,0,0,0,0,244.0,0.0,0,10,3,3,6,8,44.44,0,7,2,28.57,9,3,18,7,20,41.67,3,78,14,85,69.5,13,1,167,2,0,0,Luis Sinisterra,Bournemouth,836070,60,MF
2,0,0.0,1,9,36.0,6,37,43,72.88,2,100.0,0,2,0,0,0,0,13,0,0,0,1,3,2,0,0,0,0,0,0,0,0.0,,0,0,0.0,13,0,0,4,3,1,0,0,-0.32,0,0.0,0,0,0,16,0,0,0,2,180,0,,0,0,0,0,0.0,0,0,0,0,16,0,2,6.95,0,0,1,5,3,8,0,0,0.0,0.0,0,0,0,0,0,0,0.0,1,0,0,0.0,0,2,0,0,2,100.0,25,17,42,59,13.9,0,0,76,0,0,0,Daniel Bentley,Wolverhampton,101367,3,GK
50,32,28.32,322,58,65.17,605,472,1045,84.55,15,62.5,9,36,4,0,0,0,179,6,6,20,1,30,36,0,0,36,39,178,1,6,3.64,4.01,46,0,4.76,0,2,6,66,56,10,2,0,,193,53.31,0,0,0,191,28,34,2,34,2919,4,,0,0,0,0,0.0,0,0,0,0,419,16,0,6.95,0,0,0,0,0,0,0,0,1459.5,0.0,4,24,18,8,14,49,50.0,0,89,48,53.93,34,78,98,113,208,53.89,89,805,544,1236,250.1,42,0,1919,55,8,0,Mateus Fernandes,Southampton,1142562,45,MF
16,1,11.11,78,46,45.1,223,682,904,87.6,64,59.81,43,22,0,0,0,0,50,2,1,0,2,139,22,0,0,4,11,72,3,1,0.65,1.09,8,0,20.0,72,2,2,35,33,2,2,0,,41,58.57,2,0,2,128,24,8,0,21,1913,0,,1,0,0,1,0.0,0,0,0,0,168,1,0,6.95,0,0,0,0,0,0,0,0,956.5,0.0,0,9,1,4,6,3,33.33,0,35,19,54.29,8,42,9,9,105,59.32,102,309,732,1032,152.8,10,2,1370,4,2,0,Ethan Pinnock,Brentford,855864,50,DF
81,0,0.0,163,99,43.81,471,1225,1696,87.06,113,66.86,56,38,1,0,0,0,146,0,4,4,6,210,38,0,0,4,4,88,2,4,1.22,1.65,23,0,0.0,11,0,1,62,50,12,0,0,,68,68.0,0,0,0,252,38,16,0,38,3349,2,,0,0,0,0,0.0,0,0,0,0,286,4,0,6.94,0,0,0,0,0,0,0,0,0.0,0.0,0,13,0,6,3,16,88.89,0,39,24,61.54,16,156,18,4,181,67.29,226,623,1329,1948,263.9,13,1,2424,13,5,0,Max Kilman,West Ham United,894474,37,DF
43,24,29.27,284,34,44.16,482,428,886,85.36,22,57.89,16,25,3,0,0,0,68,2,0,2,2,42,25,0,0,8,14,57,0,0,1.45,0.12,16,0,0.0,1,0,3,18,15,3,0,0,,53,56.38,0,0,0,152,12,22,0,14,1328,2,,0,0,0,0,0.0,0,0,0,0,244,3,0,6.94,0,0,0,0,0,0,0,0,0.0,0.0,2,1,3,2,0,4,50.0,0,38,21,55.26,22,78,8,82,75,56.82,77,653,467,1038,173.6,4,1,1427,11,1,0,Kieran Trippier,Newcastle United,69256,39,DF
42,0,0.0,94,61,58.65,409,1154,1563,92.87,72,66.06,37,30,0,0,0,0,106,0,1,1,3,189,30,0,0,3,15,85,3,2,0.85,0.65,31,0,40.0,45,2,2,57,49,8,2,0,,51,51.52,1,0,0,120,56,5,1,30,2535,0,,0,0,0,1,0.0,0,0,0,0,135,1,0,6.94,0,0,0,0,0,0,0,0,1267.5,0.0,0,4,1,1,3,3,100.0,0,36,19,52.78,5,63,3,1,123,59.13,104,473,1211,1683,208.3,5,1,2090,13,7,0,Jan Bednarek,Southampton,286085,45,DF
6,0,0.0,144,4,80.0,218,89,307,74.15,52,41.27,74,38,8,0,0,0,43,7,27,17,4,14,38,0,0,50,8,185,1,1,2.07,15.38,29,0,19.05,0,16,24,40,36,4,16,0,,53,32.32,4,0,2,107,8,25,4,31,2610,16,,0,0,2,0,100.0,0,2,0,2,259,11,0,6.94,0,8,0,0,0,0,0,0,163.13,0.0,0,81,3,27,40,10,27.03,0,10,7,70.0,25,11,37,7,105,36.21,5,317,104,414,263.8,84,4,784,33,2,0,Ollie Watkins,Aston Villa,555386,40,FW
9,4,21.05,261,12,57.14,474,371,841,88.25,13,50.0,13,25,1,0,0,0,111,2,0,3,0,28,25,0,0,19,15,91,1,0,1.2,0.3,29,0,0.0,0,0,1,35,31,4,0,0,,126,61.76,0,0,0,112,22,16,0,24,1938,3,,1,0,0,0,0.0,0,0,0,0,216,8,0,6.94,0,0,0,0,0,0,0,0,0.0,0.0,0,5,0,1,1,13,44.83,0,75,47,62.67,16,16,29,19,139,60.43,21,555,417,953,173.5,5,0,1468,38,2,0,Destiny Udogie,Tottenham Hotspur,983572,33,DF
26,0,0.0,23,44,59.46,75,237,312,83.87,26,56.52,20,14,0,0,0,0,26,0,1,2,3,65,13,0,0,2,7,38,0,2,0.04,0.62,9,0,30.0,4,3,3,20,18,2,3,0,,12,40.0,1,0,1,60,16,2,1,11,1046,0,,0,0,0,0,0.0,0,0,0,0,70,1,0,6.94,0,1,0,0,0,0,0,0,348.67,0.0,0,9,1,4,4,0,0.0,0,12,9,75.0,2,35,1,1,38,50.0,74,113,260,372,90.2,10,0,518,0,5,0,Michael Keane,Everton,110846,48,DF
31,8,18.6,152,36,51.43,360,305,657,88.43,24,72.73,9,19,1,0,0,0,66,3,1,3,2,21,19,0,0,9,6,38,1,3,1.16,0.44,8,1,9.09,0,1,2,14,12,2,0,1,,27,48.21,0,0,1,86,13,11,0,12,1072,0,,0,0,0,0,0.0,0,0,0,0,159,4,0,6.94,0,1,0,0,0,0,0,0,1072.0,33.33,3,3,8,5,3,7,53.85,0,10,9,90.0,11,58,13,43,51,57.3,70,451,335,743,131.8,11,1,985,11,1,0,Reece James,Chelsea,885908,38,DF
100,0,0.0,195,117,39.26,594,809,1403,82.48,77,63.64,44,36,1,0,0,0,157,1,1,3,8,179,36,0,1,3,16,84,0,2,0.76,1.27,20,0,0.0,3,0,1,41,39,2,0,0,,65,61.9,0,0,2,298,41,12,0,35,3113,0,,0,0,0,0,0.0,0,0,0,0,325,1,0,6.94,1,0,0,0,0,0,0,0,0.0,0.0,0,11,1,8,1,6,75.0,0,52,36,69.23,12,197,8,6,142,62.83,298,813,894,1701,249.7,12,3,2096,7,4,0,Ilya Zabarnyi,Bournemouth,1023567,60,DF
30,19,18.1,204,50,34.72,411,362,754,73.56,20,48.78,21,37,5,0,0,0,168,11,2,3,7,95,37,0,0,30,21,111,1,1,3.71,1.31,23,0,0.0,0,0,5,46,41,5,0,0,,132,59.46,0,0,0,271,19,41,0,37,3102,2,,0,0,0,0,0.0,0,0,0,1,465,12,0,6.94,0,0,0,0,0,0,0,0,0.0,0.0,0,12,0,6,3,16,48.48,0,91,55,60.44,41,68,33,105,152,57.79,144,658,472,1025,256.6,12,0,1838,25,2,0,Tyrick Mitchell,Crystal Palace,988275,7,MF
4,14,25.93,175,9,75.0,278,60,324,89.01,4,33.33,8,26,2,0,0,0,34,1,0,12,1,4,26,0,0,17,14,66,0,1,1.79,1.18,9,0,16.67,0,4,6,4,3,1,3,1,,53,47.75,0,0,3,40,2,16,4,11,946,6,,0,0,0,0,0.0,0,0,0,0,149,6,0,6.93,0,0,0,0,0,0,0,0,236.5,0.0,1,14,10,3,9,37,66.07,0,11,7,63.64,16,9,56,54,57,46.34,12,353,65,364,180.3,24,1,601,5,1,0,Ethan Nwaneri,Arsenal,1401702,42,FW
15,5,12.5,147,25,43.1,299,352,646,84.55,20,50.0,20,27,1,0,0,0,81,3,0,1,5,58,27,0,0,10,12,84,1,1,1.25,0.49,27,0,7.69,0,1,2,22,21,1,1,0,,95,59.75,0,0,0,118,23,11,0,24,2077,1,,0,0,0,2,0.0,0,0,0,0,259,5,0,6.93,0,1,0,0,0,0,0,0,2077.0,0.0,0,7,6,6,6,19,54.29,0,56,32,57.14,11,41,35,40,115,57.79,58,408,396,764,187.2,13,0,1251,20,7,0,Matty Cash,Aston Villa,833956,40,DF
1,0,0.0,19,2,66.67,36,38,74,82.22,3,75.0,1,6,0,0,0,0,17,0,0,0,0,3,6,0,0,1,1,5,0,0,0.39,0.17,2,0,0.0,0,0,0,2,2,0,0,0,,17,80.95,0,0,0,16,2,2,0,0,175,0,,0,0,0,0,0.0,0,0,0,0,29,1,0,6.93,0,0,0,0,0,0,0,0,0.0,0.0,0,1,0,1,0,1,50.0,0,12,9,75.0,2,2,2,0,20,80.0,3,43,47,90,41.6,1,0,136,4,0,0,Toby Collyer,Manchester United,1084356,35,MF
47,1,12.5,133,95,40.25,365,826,1190,79.23,117,57.64,86,35,2,0,0,0,110,1,2,9,2,218,35,0,0,4,12,123,0,4,0.69,1.27,21,0,0.0,7,0,2,75,69,6,0,0,,73,66.36,0,0,0,312,33,3,0,35,3123,3,,0,0,0,0,0.0,0,0,0,0,362,0,0,6.93,0,0,0,0,0,0,0,0,0.0,0.0,0,20,2,11,2,1,50.0,0,49,31,63.27,3,98,2,8,190,60.7,236,582,928,1502,242.6,22,4,2063,26,6,0,Dara O'Shea,Ipswich Town,856719,32,DF
11,12,13.48,364,14,53.85,487,166,641,81.24,10,38.46,16,32,4,0,0,0,121,9,5,19,5,9,32,0,0,74,32,237,0,1,3.93,4.23,48,0,14.89,0,7,11,41,37,4,7,0,,121,35.38,0,0,0,148,13,66,7,27,2391,5,,0,1,0,0,0.0,0,0,0,0,467,27,0,6.93,0,0,0,0,0,0,0,0,341.57,0.0,0,38,9,10,18,38,34.86,0,45,23,51.11,65,34,109,89,131,35.6,26,689,189,789,221.7,47,1,1424,38,3,0,Dejan Kulusevski,Tottenham Hotspur,928124,33,MF
31,23,27.06,189,37,59.68,360,225,562,85.54,2,25.0,6,23,2,0,0,0,62,4,0,7,1,8,22,0,0,5,16,39,0,0,2.61,1.36,8,0,6.67,0,1,3,16,14,2,1,0,,22,40.0,0,0,1,95,7,31,0,11,1092,0,,0,0,1,0,100.0,0,1,0,0,182,9,0,6.93,0,1,0,0,0,0,0,0,1092.0,0.0,3,4,11,6,2,0,0.0,0,19,9,47.37,31,63,4,85,24,38.1,62,494,248,657,152.4,15,0,865,3,4,0,Christian Eriksen,Manchester United,105734,35,MF
11,3,42.86,118,37,50.0,296,743,1036,85.69,94,54.65,78,31,0,0,0,0,97,2,3,2,5,131,31,0,0,7,10,120,1,2,0.53,1.96,23,0,0.0,21,0,0,49,44,5,0,0,,48,53.33,0,0,0,173,21,6,0,29,2588,1,,0,0,0,0,0.0,0,0,0,1,212,5,0,6.93,0,0,0,0,0,0,0,0,0.0,0.0,0,20,0,12,6,4,57.14,0,39,24,61.54,6,35,7,7,142,54.2,74,411,805,1209,214.7,20,0,1628,5,3,0,Sepp van den Berg,Brentford,924378,50,DF
16,6,33.33,84,34,47.22,213,285,492,81.32,42,57.53,31,20,0,0,0,0,52,1,1,2,5,89,20,0,0,5,8,61,0,0,0.32,0.78,13,0,33.33,16,2,2,17,13,4,2,0,,34,53.13,2,0,0,113,4,6,0,17,1574,3,,0,0,0,0,0.0,0,0,0,0,164,4,0,6.93,0,0,0,0,0,0,0,0,787.0,0.0,0,5,1,1,3,4,44.44,0,26,17,65.38,6,39,9,18,76,55.47,72,301,322,605,138.5,6,1,916,5,5,0,Jake O'Brien,Everton,998253,48,DF
9,5,19.23,121,5,38.46,209,82,286,68.1,64,37.43,107,37,2,0,0,0,68,7,19,17,4,22,37,0,0,45,13,214,0,0,2.27,13.53,27,0,20.0,0,14,16,37,35,2,12,2,,65,37.79,0,0,2,134,2,29,6,33,2654,21,,0,0,2,0,100.0,0,2,0,0,297,20,0,6.92,0,8,0,0,0,0,0,0,189.57,0.0,0,53,17,20,33,20,47.62,0,18,12,66.67,29,18,42,26,129,37.61,13,343,103,420,256.2,70,1,835,28,2,0,Jean-Philippe Mateta,Crystal Palace,848276,7,FW
28,6,22.22,188,34,47.22,358,451,803,85.15,20,55.56,16,26,2,0,0,0,63,3,2,4,2,37,25,0,0,3,16,60,0,1,1.5,2.67,18,0,27.78,0,5,7,30,25,5,5,0,,38,46.34,1,0,0,140,16,17,0,22,1854,0,,0,0,0,0,0.0,0,0,0,0,205,8,0,6.92,0,4,0,0,0,0,0,0,370.8,0.0,0,16,2,4,10,2,20.0,0,27,19,70.37,17,64,10,27,58,49.15,72,476,494,943,173.1,18,1,1222,9,5,0,Jack Hinshelwood,Brighton & Hove Albion,1142315,30,MF
4,1,33.33,136,6,66.67,214,86,299,76.67,22,37.93,36,30,5,0,0,0,48,6,19,12,0,15,30,0,1,41,5,146,0,0,1.92,12.34,35,0,13.16,0,10,15,23,22,1,9,1,,68,38.2,1,0,6,91,3,28,1,28,2238,23,,0,0,0,0,0.0,0,0,0,0,241,20,0,6.92,1,8,0,0,0,0,0,0,223.8,0.0,0,68,8,29,35,18,36.0,0,22,13,59.09,28,14,50,3,90,38.14,9,279,114,390,207.7,76,1,769,29,7,0,Nicolas Jackson,Chelsea,1085381,38,FW
18,5,31.25,341,16,69.57,581,338,914,91.31,6,23.08,20,34,3,0,0,0,75,2,2,13,0,16,33,0,0,18,16,89,0,0,2.04,4.54,19,0,16.22,0,6,9,28,20,8,6,0,,61,46.92,2,0,1,87,11,24,2,25,2061,4,,0,0,0,0,0.0,0,0,0,0,172,8,0,6.92,0,2,0,0,0,0,0,0,343.5,0.0,0,27,10,13,11,16,50.0,0,31,18,58.06,24,23,32,16,67,42.95,23,654,363,1001,228.4,37,0,1279,14,3,0,Emile Smith Rowe,Fulham,867445,43,MF
91,7,24.14,327,85,64.39,604,512,1109,78.82,48,45.28,58,33,0,0,0,0,149,4,1,14,3,34,33,0,0,51,28,210,1,5,3.29,5.32,53,0,9.76,0,4,4,50,39,11,3,1,,149,49.5,0,0,0,298,18,36,3,27,2384,6,,0,0,2,1,100.0,0,2,0,0,457,16,0,6.92,0,1,0,0,0,0,0,0,596.0,0.0,4,24,17,21,6,21,50.0,0,66,37,56.06,36,181,42,29,197,48.4,132,855,581,1407,228.4,41,0,1933,62,10,0,Lucas Paquetá,West Ham United,839981,37,MF
64,0,0.0,40,154,30.92,98,715,813,69.79,6,100.0,0,34,0,0,0,0,245,1,0,0,9,24,34,0,0,0,2,2,3,1,0.23,,0,0,0.0,149,0,0,44,39,5,0,0,0.53,5,71.43,0,20,0,352,0,1,0,34,3060,0,,0,0,0,0,0.0,4,0,1,0,359,0,13,6.92,0,0,10,57,32,90,1,22,0.0,0.0,0,0,0,0,0,1,100.0,10,2,2,100.0,1,120,1,0,11,84.62,498,371,794,1165,235.3,0,0,1455,2,0,0,André Onana,Manchester United,787498,35,GK
42,0,0.0,191,54,73.97,570,675,1245,93.05,2,25.0,6,33,0,0,0,0,194,1,0,2,5,29,32,0,0,21,26,100,0,1,0.66,0.42,36,0,0.0,0,0,0,46,40,6,0,0,,141,60.0,0,0,0,93,37,18,0,31,2495,0,,0,0,0,1,0.0,0,0,0,0,158,11,0,6.92,0,0,0,0,0,0,0,0,0.0,0.0,0,2,8,7,1,16,57.14,0,91,55,60.44,18,61,28,0,143,58.85,73,630,708,1338,221.4,10,0,1723,34,7,0,André,Wolverhampton,1035996,3,MF
36,51,29.82,241,36,44.44,435,227,611,77.74,14,37.84,23,33,4,0,0,1,100,7,4,13,1,16,33,0,0,22,32,113,1,2,4.61,3.81,28,0,5.13,0,2,6,32,22,10,2,0,,61,40.4,0,0,0,175,8,57,0,25,2022,1,,0,0,1,0,0.0,0,0,0,1,359,13,0,6.92,0,2,0,0,0,0,0,0,1011.0,0.0,6,15,24,17,9,14,63.64,0,24,13,54.17,57,78,22,171,75,39.89,81,690,267,786,228.3,39,1,1205,24,8,0,Andreas Pereira,Fulham,285949,43,MF
3,0,0.0,14,2,50.0,23,9,32,76.19,3,60.0,2,7,1,0,0,0,9,1,0,0,0,1,6,0,0,2,0,10,0,0,0.42,0.32,2,0,100.0,0,1,2,3,3,0,1,0,,14,63.64,0,0,0,10,1,3,0,1,146,0,,0,0,0,0,0.0,0,0,0,0,23,0,0,6.92,0,1,0,0,0,0,0,0,146.0,0.0,0,1,0,0,1,2,33.33,0,9,6,66.67,3,4,6,0,17,62.96,4,31,11,42,41.5,1,0,80,3,0,0,Romain Esse,Crystal Palace,1438837,7,MF
25,0,0.0,52,173,27.16,137,494,631,57.36,13,92.86,1,38,0,0,0,0,290,0,0,0,11,40,38,0,0,0,4,5,0,0,0.06,0.01,0,0,0.0,273,0,0,51,46,5,0,0,3.14,2,33.33,0,28,0,469,0,3,0,38,3420,0,,0,0,0,0,0.0,2,0,1,0,473,0,18,6.92,0,0,25,75,27,104,0,24,0.0,0.0,0,1,0,1,0,0,0.0,22,2,1,50.0,3,45,0,0,15,75.0,637,557,543,1100,262.8,1,2,1406,2,3,0,Dean Henderson,Crystal Palace,788134,7,GK
1,7,20.0,78,10,66.67,123,55,171,76.68,4,36.36,7,13,1,0,0,0,38,5,1,9,1,8,13,0,0,15,8,75,1,1,1.51,2.98,14,0,8.7,0,2,3,20,18,2,2,0,,47,40.87,0,0,0,52,2,14,1,11,934,1,,0,0,1,0,100.0,0,1,0,1,160,9,0,6.92,0,1,0,0,0,0,0,0,467.0,0.0,1,19,4,5,9,15,32.61,0,16,6,37.5,14,5,46,35,51,40.48,15,189,69,223,89.9,23,0,453,16,2,0,Mathys Tel,Tottenham Hotspur,1048888,33,FW
23,0,0.0,365,21,50.0,686,415,1101,91.45,6,30.0,14,28,2,0,0,0,95,0,2,2,3,40,27,0,0,19,8,64,0,1,1.02,1.38,12,0,10.0,0,1,3,27,25,2,1,0,,73,59.35,0,0,1,103,13,7,0,21,1897,0,,0,0,0,0,0.0,0,0,0,0,162,13,0,6.91,1,1,0,0,0,0,0,0,1897.0,0.0,0,7,3,6,2,9,45.0,0,30,19,63.33,7,33,20,6,79,55.24,42,759,451,1204,186.7,10,0,1559,34,3,1,Rico Lewis,Manchester City,1136731,17,DF
28,2,33.33,79,33,34.02,295,945,1238,90.36,58,65.91,30,29,0,0,0,0,68,0,2,3,3,91,29,0,0,3,9,58,0,0,0.27,2.46,16,0,11.11,7,2,2,36,33,3,2,0,,44,61.11,1,0,1,132,33,6,1,25,2128,2,,0,0,0,2,0.0,0,0,0,0,149,1,0,6.91,0,0,0,0,0,0,0,0,1064.0,0.0,0,18,0,5,10,2,50.0,0,30,22,73.33,6,67,4,6,102,63.75,97,376,1000,1370,200.5,18,2,1638,12,3,0,Matthijs de Ligt,Manchester United,803031,35,DF
34,10,27.78,91,43,53.75,190,271,451,86.56,7,50.0,7,18,0,0,0,0,36,2,0,1,3,36,16,0,0,0,2,14,0,0,1.9,0.23,4,0,0.0,0,0,0,8,6,2,0,0,,14,66.67,0,0,0,70,8,9,0,10,847,0,,0,0,0,0,0.0,0,0,0,0,111,2,0,6.91,0,0,0,0,0,0,0,0,0.0,0.0,2,1,4,4,0,1,50.0,0,11,7,63.64,9,61,2,36,21,60.0,80,258,299,521,110.6,5,1,698,2,3,0,Aaron Cresswell,West Ham United,43443,37,DF
83,1,10.0,252,100,50.76,645,1228,1872,88.14,63,55.75,50,34,0,0,0,0,123,3,2,6,3,140,34,0,0,5,16,105,4,2,0.67,1.79,35,0,5.0,3,1,1,65,57,8,1,0,,45,45.0,1,0,0,252,30,14,0,32,2828,0,,0,0,0,0,0.0,0,0,0,0,293,4,0,6.91,0,0,0,0,0,0,0,0,2828.0,0.0,0,18,2,6,8,3,100.0,0,28,20,71.43,14,155,3,10,108,50.7,197,806,1328,2124,235.0,20,2,2521,14,9,0,Taylor Harwood-Bellis,Southampton,980637,45,DF
25,2,50.0,228,23,58.97,488,456,942,88.2,36,52.94,32,26,0,0,0,0,121,0,0,9,2,37,26,0,0,20,21,113,0,1,1.0,1.33,34,0,9.09,0,2,2,26,23,3,2,0,,59,42.14,2,0,0,126,40,10,0,21,1661,1,,0,0,0,0,0.0,0,0,0,0,177,10,0,6.91,0,0,0,0,0,0,0,0,830.5,0.0,0,13,9,7,6,9,52.94,0,40,22,55.0,10,42,17,4,95,45.67,39,573,499,1068,179.7,22,0,1362,10,9,0,Rodrigo Bentancur,Tottenham Hotspur,791190,33,MF
62,0,0.0,74,58,50.0,274,690,964,86.15,64,71.11,26,27,0,0,0,0,68,1,4,2,2,77,27,0,0,2,6,53,0,1,0.29,1.82,18,0,6.67,14,1,1,27,25,2,1,0,,43,61.43,1,0,1,155,40,9,0,19,1764,2,,0,0,0,0,0.0,0,0,0,0,178,2,0,6.91,0,0,0,0,0,0,0,0,1764.0,0.0,0,15,0,6,7,2,40.0,0,30,15,50.0,9,95,5,4,107,66.88,116,382,741,1119,186.6,15,1,1356,11,7,0,Harry Maguire,Manchester United,149380,35,DF
7,0,0.0,152,8,47.06,359,214,573,92.27,16,57.14,12,11,0,0,0,0,31,0,2,2,3,21,10,0,0,11,5,44,0,0,0.49,0.48,13,0,11.11,0,1,1,7,6,1,1,0,,22,40.74,0,0,2,48,8,1,0,9,763,0,,0,0,0,0,0.0,0,0,0,0,72,3,0,6.91,0,1,0,0,0,0,0,0,763.0,0.0,0,4,5,5,2,1,25.0,0,16,6,37.5,1,15,4,1,38,46.34,17,396,226,621,69.1,9,0,733,5,3,0,Nico González,Manchester City,954056,17,MF
20,0,0.0,6,33,26.4,23,217,240,72.07,2,100.0,0,10,0,0,0,0,79,0,0,0,4,3,10,1,0,0,0,0,1,1,0.01,,0,0,0.0,18,0,0,12,11,1,0,0,-0.06,3,100.0,0,6,0,93,0,0,0,10,900,0,,0,0,0,0,0.0,1,0,1,0,94,0,2,6.91,0,0,3,16,9,27,0,6,0.0,0.0,0,0,0,0,0,1,100.0,2,0,0,0.0,0,46,1,0,5,100.0,125,95,238,333,69.1,0,0,425,3,0,0,Caoimhin Kelleher,Liverpool FC,827362,44,GK
11,1,100.0,32,18,37.5,120,360,479,86.46,21,63.64,12,10,0,0,0,0,27,0,0,0,0,70,10,0,0,3,5,30,1,0,0.13,0.41,9,0,0.0,4,0,0,18,16,2,0,0,,22,55.0,0,0,0,75,6,2,0,9,843,0,,0,0,0,0,0.0,0,0,0,0,88,2,0,6.91,0,0,0,0,0,0,0,0,0.0,0.0,0,5,2,4,3,2,66.67,0,7,5,71.43,2,24,3,1,43,58.9,48,156,399,554,69.1,7,0,699,13,0,0,Kevin Danso,Tottenham Hotspur,794953,33,DF
8,1,12.5,310,22,61.11,584,409,992,93.67,14,50.0,14,33,3,0,0,0,97,2,5,15,1,8,32,0,0,36,10,84,1,2,1.58,4.34,18,0,8.82,0,3,6,27,26,1,3,0,,76,52.05,0,0,0,67,7,22,1,19,1735,1,,0,0,0,0,0.0,0,0,0,1,146,16,0,6.91,1,2,0,0,0,0,0,0,578.33,0.0,0,23,11,6,13,12,60.0,0,39,22,56.41,22,21,20,8,90,51.72,36,642,425,1059,221.1,34,1,1367,25,1,1,Curtis Jones,Liverpool FC,927353,44,MF
44,18,20.22,251,57,68.67,459,326,767,80.31,19,44.19,24,32,3,0,0,0,92,8,0,11,1,9,32,0,0,38,15,130,0,3,3.11,1.31,30,0,6.67,0,2,5,54,48,6,1,1,,97,47.78,0,0,3,188,6,42,0,27,2203,1,,0,0,0,0,0.0,0,0,0,0,364,9,0,6.91,0,2,0,0,0,0,0,0,1101.5,0.0,0,11,19,12,7,34,59.65,0,50,30,60.0,42,72,57,89,116,47.15,83,669,375,955,221.1,30,1,1359,13,4,0,Bilal El Khannouss,Leicester City,1126569,31,MF
6,0,0.0,82,14,42.42,249,460,709,90.78,27,67.5,13,14,0,0,0,0,54,1,0,0,1,52,14,0,0,5,8,52,0,2,0.22,0.44,24,0,0.0,1,0,0,13,11,2,0,0,,37,48.68,0,0,0,72,14,6,0,14,1176,0,,0,0,0,0,0.0,0,0,0,0,103,0,0,6.91,0,0,0,0,0,0,0,0,0.0,0.0,0,3,0,3,0,8,72.73,0,13,12,92.31,6,21,11,1,64,55.17,33,285,497,781,96.7,3,0,966,16,7,0,Wesley Fofana,Chelsea,923894,38,DF
29,0,0.0,158,33,45.83,513,1010,1523,93.26,31,56.36,24,34,0,0,0,0,97,1,0,2,8,107,34,0,0,10,5,54,1,3,0.63,1.28,9,0,18.18,16,2,2,45,40,5,2,0,,89,74.79,0,0,1,110,24,6,0,33,2937,1,,0,0,0,0,0.0,0,0,0,0,153,5,0,6.9,0,2,0,0,0,0,0,0,1468.5,0.0,0,10,1,4,5,8,53.33,0,34,18,52.94,6,55,15,5,120,68.97,72,575,1063,1633,234.7,11,2,1987,47,1,0,Ezri Konsa,Aston Villa,827679,40,DF
35,15,25.0,232,32,58.18,435,263,683,86.57,17,58.62,12,34,4,0,0,0,100,6,4,10,2,14,34,0,0,29,18,114,0,3,2.71,3.13,43,0,3.23,0,1,5,34,31,3,1,0,,122,54.46,0,0,0,106,14,32,0,27,2247,3,,0,1,0,0,0.0,0,0,0,1,239,8,0,6.9,0,1,0,0,0,0,0,0,2247.0,0.0,1,20,11,16,5,20,60.61,0,33,24,72.73,31,66,33,60,139,54.94,55,559,290,789,234.6,31,0,1187,69,7,0,John McGinn,Aston Villa,250223,40,MF
47,19,25.33,167,62,39.74,290,271,542,73.54,11,50.0,11,32,3,0,0,0,75,6,0,3,7,56,31,0,1,1,22,72,0,2,2.91,0.27,30,1,16.67,0,1,4,22,20,2,0,1,,86,58.5,0,0,0,195,25,26,0,19,1881,0,,0,0,0,0,0.0,0,0,0,0,312,4,0,6.9,1,1,0,0,0,0,0,0,1881.0,33.33,3,1,5,0,3,7,43.75,0,58,33,56.9,26,116,16,75,97,57.4,156,495,317,737,213.9,6,2,1238,22,7,0,Ashley Young,Everton,10589,48,DF
5,2,28.57,20,3,18.75,39,31,68,72.34,3,42.86,4,8,0,0,0,0,20,1,0,0,0,11,8,0,0,2,4,15,0,0,0.88,0.25,2,1,20.0,0,1,1,4,4,0,0,1,,12,52.17,0,0,0,26,6,5,1,1,262,2,,0,0,0,0,0.0,0,0,0,0,42,2,0,6.9,0,0,0,0,0,0,0,0,262.0,50.0,2,1,4,2,3,2,40.0,0,7,6,85.71,5,12,5,7,15,50.0,16,64,37,94,55.2,5,0,187,3,1,0,Ben Chilwell,Crystal Palace,802695,7,MF
3,3,30.0,39,7,53.85,76,74,147,84.97,9,69.23,4,12,1,0,0,0,34,2,0,0,1,17,11,0,0,3,4,27,0,0,0.69,0.21,8,0,0.0,0,0,1,5,4,1,0,0,,29,55.77,0,0,0,26,7,8,0,6,537,0,,0,0,0,0,0.0,0,0,0,0,83,4,0,6.9,0,0,0,0,0,0,0,0,0.0,0.0,0,2,0,2,0,9,52.94,0,17,11,64.71,8,6,17,10,38,58.46,13,98,85,173,75.9,2,0,337,3,2,0,Michael Kayode,Brentford,1137431,50,DF
0,0,0.0,15,4,50.0,42,68,110,90.16,7,58.33,5,2,0,0,0,0,12,0,0,0,0,11,2,0,0,0,1,6,0,0,0.02,,0,0,0.0,0,0,0,5,4,1,0,0,,8,88.89,0,0,0,12,1,0,0,2,166,0,,0,0,0,0,0.0,0,0,0,0,14,0,0,6.9,0,0,0,0,0,0,0,0,0.0,0.0,0,0,0,0,0,1,100.0,0,5,3,60.0,0,0,1,0,15,71.43,8,47,75,122,13.8,0,0,149,2,0,0,Tyler Fredricson,Manchester United,1142182,35,DF
0,0,0.0,9,3,42.86,30,60,90,85.71,2,40.0,3,4,0,0,0,0,11,0,0,1,0,8,4,0,0,1,0,9,0,0,0.01,0.13,4,0,0.0,0,0,0,1,1,0,0,0,,10,62.5,0,0,0,15,4,1,0,2,171,0,,0,0,0,0,0.0,0,0,0,0,22,0,0,6.9,0,0,0,0,0,0,0,0,0.0,0.0,0,1,1,1,0,2,50.0,0,4,3,75.0,1,5,4,0,12,57.14,7,40,65,105,27.6,2,0,144,4,1,0,Ayden Heaven,Manchester United,1445799,35,DF
29,2,28.57,240,22,53.66,469,346,813,87.7,27,54.0,23,34,1,0,0,0,114,2,3,3,3,52,34,0,0,12,40,112,1,0,1.59,1.53,33,0,0.0,0,0,1,27,26,1,0,0,,107,54.59,0,0,0,114,29,13,0,23,1970,1,,0,0,0,0,0.0,0,0,0,0,166,8,0,6.9,0,0,0,0,0,0,0,0,0.0,0.0,0,10,11,9,9,3,42.86,0,86,45,52.33,13,41,7,7,134,54.47,41,554,380,927,234.5,21,0,1276,18,9,0,Nicolás Domínguez,Nottingham Forest,871765,14,MF
30,1,25.0,59,37,44.58,259,632,890,88.03,53,54.08,45,17,0,0,0,0,41,0,0,1,3,79,17,0,0,0,8,69,0,1,0.5,0.28,17,0,0.0,64,0,0,26,23,3,0,0,,24,50.0,0,0,0,121,12,2,0,14,1330,0,,0,0,0,0,0.0,0,0,0,0,132,1,0,6.89,0,0,0,0,0,0,0,0,0.0,0.0,0,4,1,3,1,1,100.0,0,17,11,64.71,2,57,1,4,77,52.74,83,330,685,1011,117.2,5,0,1197,7,5,0,Ben Davies,Tottenham Hotspur,94758,33,DF
30,22,35.48,278,42,71.19,610,489,1077,90.13,19,43.18,25,30,2,0,0,0,109,4,2,7,0,32,30,0,0,8,32,135,0,1,1.42,1.16,66,0,0.0,0,0,2,37,29,8,0,0,,102,48.11,0,0,0,118,28,27,0,28,2355,0,,0,1,0,1,0.0,0,0,0,0,197,6,0,6.89,0,0,0,0,0,0,0,0,0.0,0.0,0,7,11,8,3,8,61.54,0,68,39,57.35,26,43,13,62,121,47.27,59,725,532,1195,206.8,18,0,1546,26,12,0,Saša Lukić,Fulham,371222,43,MF
29,0,0.0,11,64,30.48,36,167,203,58.0,5,100.0,0,10,0,0,0,0,64,0,0,0,2,16,10,0,0,0,1,1,0,1,0.01,,0,0,0.0,58,0,0,16,13,3,0,0,-0.62,2,66.67,0,9,0,147,0,0,0,10,900,0,,0,0,0,0,0.0,0,0,0,0,149,0,10,6.89,0,0,5,18,10,28,0,7,0.0,0.0,0,0,0,0,0,0,0.0,5,2,1,50.0,0,52,0,0,7,87.5,210,149,201,350,68.9,0,1,444,0,1,0,Jakub Stolarczyk,Leicester City,997830,31,GK
7,1,16.67,126,15,68.18,251,186,436,90.27,6,42.86,8,19,0,0,0,0,49,0,0,2,3,21,19,0,0,12,3,56,0,1,0.61,1.12,24,0,6.25,0,1,1,10,9,1,1,0,,47,49.47,0,0,1,47,21,8,0,14,1255,2,,0,0,0,0,0.0,0,0,0,0,88,4,0,6.89,0,1,0,0,0,0,0,0,1255.0,0.0,0,5,11,8,6,14,60.87,0,16,8,50.0,8,9,23,6,53,48.62,22,288,201,483,130.9,16,0,663,17,2,0,Orel Mangala,Everton,793988,48,MF
34,0,0.0,68,51,41.8,173,453,626,81.3,44,66.67,22,18,2,0,0,0,44,0,2,2,0,125,18,0,0,0,2,30,0,3,0.35,1.13,6,0,0.0,32,0,2,37,34,3,0,0,,21,72.41,0,0,1,144,14,7,0,16,1540,1,,0,0,0,0,0.0,0,0,0,0,151,0,0,6.89,0,0,0,0,0,0,0,0,0.0,0.0,0,10,0,5,3,0,0.0,0,17,12,70.59,7,60,0,0,65,68.42,122,270,500,770,124.0,10,0,994,4,0,0,Cameron Burgess,Ipswich Town,358084,32,DF
46,3,23.08,133,50,35.46,466,978,1441,86.55,53,66.25,27,31,1,0,0,0,116,1,1,0,8,147,31,0,0,15,9,84,0,5,0.6,0.73,24,0,0.0,14,0,1,45,40,5,0,0,,96,62.75,0,0,0,224,25,9,0,30,2615,4,,0,0,0,1,0.0,0,0,0,0,288,3,0,6.89,0,0,0,0,0,0,0,0,0.0,0.0,0,6,1,4,3,20,66.67,0,61,43,70.49,9,98,30,13,149,63.95,141,594,1084,1665,213.5,7,1,2110,15,7,0,Toti Gomes,Wolverhampton,973418,3,DF
21,11,21.15,338,24,39.34,629,564,1182,87.36,27,43.55,35,37,1,0,0,0,189,5,0,2,7,94,37,0,0,39,27,130,0,1,2.68,0.33,6,0,0.0,0,0,1,40,36,4,0,0,,114,54.55,0,0,0,171,23,26,0,32,2842,2,,0,0,0,0,0.0,0,0,0,0,340,13,0,6.89,0,0,0,0,0,0,0,0,0.0,0.0,0,3,3,2,2,25,52.08,0,54,36,66.67,26,41,48,52,141,52.03,61,777,628,1353,254.8,6,0,2081,35,1,0,Tino Livramento,Newcastle United,980634,39,DF
3,0,0.0,15,6,50.0,51,139,190,88.79,10,76.92,3,7,0,0,0,0,16,0,0,0,1,15,7,0,0,0,3,11,0,0,0.03,0.13,5,0,0.0,12,0,0,2,1,1,0,0,,14,63.64,0,0,0,24,5,0,0,3,314,0,,0,0,0,0,0.0,0,0,0,0,26,2,0,6.89,0,0,0,0,0,0,0,0,0.0,0.0,0,2,0,1,1,1,100.0,0,8,6,75.0,0,11,1,0,24,68.57,12,65,149,214,48.2,2,1,260,6,1,0,Jonny Evans,Manchester United,30144,35,DF
20,0,0.0,114,23,54.76,305,365,670,91.91,11,45.83,13,17,0,0,0,0,31,1,0,2,3,57,17,0,0,2,4,31,0,3,0.31,0.17,10,0,33.33,17,1,1,15,14,1,1,0,,29,61.7,1,0,0,59,6,5,0,10,1132,1,,0,0,0,0,0.0,0,0,0,0,71,0,0,6.88,0,0,0,0,0,0,0,0,1132.0,0.0,0,2,1,0,1,3,60.0,0,22,8,36.36,5,39,5,2,40,56.34,42,350,381,729,117.0,3,1,861,4,1,0,Jakub Kiwior,Arsenal,976037,42,DF
3,2,14.29,54,4,66.67,93,41,132,91.03,6,54.55,5,13,0,0,0,0,6,2,1,0,0,9,11,0,0,0,2,9,0,0,0.73,0.36,1,0,50.0,0,1,1,1,1,0,1,0,,10,71.43,0,0,0,13,3,8,0,2,275,2,,0,0,0,0,0.0,0,0,0,0,32,1,0,6.88,0,1,0,0,0,0,0,0,275.0,0.0,0,2,0,1,1,2,66.67,0,7,5,71.43,8,5,3,14,16,64.0,6,114,45,145,75.7,2,1,203,2,0,0,Kieran Tierney,Arsenal,366592,42,DF
9,1,25.0,100,11,73.33,164,89,252,71.39,46,42.99,61,27,3,0,0,0,38,6,12,16,2,23,27,0,0,51,12,188,0,0,1.15,10.97,36,0,15.0,0,9,12,43,40,3,9,0,,71,35.86,2,0,0,101,1,14,2,25,2206,5,,1,0,1,0,100.0,0,1,0,0,264,15,0,6.88,0,5,0,0,0,0,0,0,245.11,0.0,0,56,4,18,26,17,35.42,0,18,11,61.11,14,14,48,4,117,38.36,15,240,117,353,185.8,60,1,750,36,0,0,Dominic Solanke,Tottenham Hotspur,361420,33,FW
3,1,14.29,70,2,50.0,109,44,152,80.0,9,32.14,19,17,0,0,0,0,28,1,3,4,1,7,16,0,0,13,5,59,0,0,0.52,2.99,14,0,15.0,0,3,3,5,5,0,3,0,,29,42.03,1,0,1,38,4,8,0,6,627,9,,0,0,0,0,0.0,0,0,0,0,85,7,0,6.88,0,2,0,0,0,0,0,0,209.0,0.0,0,18,2,8,8,9,47.37,0,10,6,60.0,8,8,19,7,38,39.18,4,145,52,190,110.1,20,0,328,10,4,0,Gabriel Jesus,Arsenal,794839,42,FW
14,8,33.33,164,32,48.48,324,322,638,82.43,22,53.66,19,21,0,0,0,0,68,2,1,2,5,62,21,0,0,7,21,73,0,0,1.33,0.47,27,0,0.0,0,0,0,24,22,2,0,0,,90,62.5,0,0,1,136,19,6,0,19,1699,0,,0,0,0,1,0.0,0,0,0,0,216,1,0,6.88,0,0,0,0,0,0,0,0,0.0,0.0,0,2,4,3,1,4,44.44,0,43,29,67.44,6,38,9,24,112,60.54,66,432,366,774,144.5,6,0,1192,44,5,0,Joël Veltman,Brighton & Hove Albion,219572,30,DF
8,1,16.67,99,11,61.11,196,99,294,65.19,67,40.12,100,35,4,0,0,0,42,6,13,5,1,29,35,0,0,34,23,211,0,0,1.04,10.27,46,0,25.93,0,14,18,52,44,8,12,2,,37,25.0,3,0,3,157,6,21,3,30,2599,16,,0,0,0,0,0.0,0,0,0,0,299,10,0,6.88,0,8,0,0,0,0,0,0,185.64,0.0,0,52,2,15,34,8,42.11,0,10,6,60.0,21,15,19,6,104,33.02,18,313,144,451,240.8,54,3,793,19,4,0,Jørgen Strand Larsen,Wolverhampton,876599,3,FW
6,0,0.0,40,8,80.0,71,21,92,65.71,67,51.54,63,31,1,0,0,0,14,1,5,3,0,14,30,0,0,24,0,107,0,0,0.22,5.81,11,0,20.51,0,8,9,17,11,6,7,1,,47,51.65,0,0,0,48,5,7,1,8,967,3,,0,0,0,0,0.0,0,0,0,0,130,5,0,6.88,0,7,0,0,0,0,0,0,120.88,0.0,0,37,2,17,19,6,40.0,0,10,5,50.0,7,9,15,1,114,51.58,10,115,26,140,206.4,39,0,371,31,1,0,Rodrigo Muniz,Fulham,1015256,43,FW
14,0,0.0,95,18,72.0,186,181,367,91.29,8,57.14,6,11,0,0,0,0,22,0,0,0,1,18,10,0,0,0,0,8,1,0,0.18,0.43,2,0,100.0,6,2,2,11,9,2,2,0,,10,83.33,1,0,0,35,4,2,1,6,545,0,,0,0,0,0,0.0,0,0,0,0,38,1,0,6.88,0,0,0,0,0,0,0,0,272.5,0.0,0,2,0,0,2,2,100.0,0,6,2,33.33,2,20,2,0,18,69.23,25,213,189,402,68.8,2,1,448,2,1,0,John Stones,Manchester City,152077,17,DF
19,21,30.43,178,12,32.43,396,394,769,85.44,16,43.24,21,34,1,0,0,0,118,6,2,6,1,25,34,0,0,22,30,124,0,0,2.64,2.44,37,0,7.14,0,2,3,28,25,3,0,2,,103,50.0,0,0,1,131,20,30,0,22,1990,3,,0,0,0,1,0.0,0,0,0,0,264,11,0,6.88,0,2,0,0,0,0,0,0,995.0,0.0,2,19,9,14,8,18,50.0,0,59,32,54.24,30,42,36,69,119,48.97,37,548,421,900,233.9,28,0,1310,26,4,0,Yasin Ayari,Brighton & Hove Albion,1036269,30,MF
14,1,50.0,46,13,46.43,135,238,372,89.42,9,69.23,4,9,0,0,0,0,34,0,1,0,1,19,9,0,0,2,5,13,0,2,0.1,0.33,2,0,0.0,0,0,0,8,6,2,0,0,,16,64.0,0,0,0,44,7,2,0,6,526,0,,0,0,0,0,0.0,0,0,0,0,51,0,0,6.88,0,0,0,0,0,0,0,0,0.0,0.0,0,3,0,1,2,0,0.0,0,13,10,76.92,2,25,0,2,25,65.79,28,163,255,416,61.9,3,0,491,3,1,0,Joe Gomez,Liverpool FC,318927,44,DF
38,0,0.0,6,58,43.94,21,299,320,79.4,2,100.0,0,13,0,0,0,0,75,0,0,0,3,14,13,0,0,0,1,2,0,1,0.01,,1,0,0.0,49,0,0,18,15,3,0,0,-0.78,2,50.0,0,5,0,83,0,0,0,12,1099,0,,0,0,0,1,0.0,2,0,0,0,86,0,3,6.88,0,0,6,25,8,33,0,10,0.0,0.0,0,0,0,0,0,0,0.0,5,0,0,0.0,0,57,0,0,4,66.67,132,73,330,403,89.4,0,0,516,2,1,0,Stefan Ortega,Manchester City,125274,17,GK
26,13,22.03,244,28,31.46,458,377,822,80.04,13,40.63,19,35,1,0,0,0,190,3,1,3,11,106,35,0,0,22,28,118,0,4,2.22,0.64,23,0,18.18,0,2,3,39,33,6,1,1,,123,55.41,0,0,0,205,33,16,1,35,3003,2,,0,0,0,1,0.0,0,0,0,0,457,3,0,6.87,0,1,0,0,0,0,0,0,1501.5,0.0,0,3,8,6,2,33,55.0,0,55,42,76.36,16,68,60,59,136,53.54,89,631,455,1027,240.6,11,1,1812,35,5,0,Ola Aina,Nottingham Forest,800417,14,DF
9,2,16.67,224,6,54.55,341,154,493,86.64,7,35.0,13,29,3,0,0,0,83,5,2,7,0,8,29,0,0,23,10,71,1,0,2.19,1.57,13,0,5.26,0,1,4,26,23,3,1,0,,83,58.87,0,0,1,76,8,22,1,19,1628,5,,0,1,0,0,0.0,0,0,0,1,169,15,0,6.87,1,0,0,0,0,0,0,0,1628.0,0.0,0,12,7,8,4,25,65.79,0,30,15,50.0,21,13,38,12,90,55.9,11,413,168,569,199.3,19,0,830,28,2,1,Jacob Ramsey,Aston Villa,975937,40,MF
47,6,20.69,342,44,52.38,735,628,1357,86.21,11,28.95,27,36,1,0,0,0,200,0,2,11,4,32,36,0,0,51,62,236,0,0,1.9,2.89,70,0,8.57,0,3,4,58,49,9,3,0,,193,48.01,0,0,1,217,25,23,1,35,2987,1,,0,0,0,0,0.0,0,0,0,0,368,19,0,6.87,1,2,0,0,0,0,0,0,995.67,0.0,0,20,15,17,7,30,51.72,0,116,71,61.21,23,92,58,29,204,46.36,84,910,693,1574,247.4,35,2,2154,47,9,1,João Gomes,Wolverhampton,1015267,3,MF
78,0,0.0,30,189,40.04,83,808,891,75.06,10,90.91,1,36,1,0,0,0,276,0,0,0,7,46,36,1,0,0,3,4,5,0,0.04,,0,0,0.0,83,0,1,58,52,6,0,0,-6.27,4,57.14,0,22,0,296,0,1,0,36,3240,0,,0,0,0,0,0.0,9,0,0,0,306,0,17,6.87,0,0,12,76,11,91,3,16,0.0,0.0,0,0,0,0,0,2,100.0,12,0,0,0.0,1,116,2,0,14,77.78,472,321,866,1187,247.4,0,2,1489,2,6,0,Bart Verbruggen,Brighton & Hove Albion,994363,30,GK
11,16,31.37,95,12,50.0,172,143,299,83.06,6,42.86,8,21,2,0,0,0,29,4,2,7,0,9,21,0,0,4,9,41,1,0,1.97,2.82,16,0,9.09,0,2,4,20,20,0,2,0,,36,52.17,0,0,1,61,13,21,2,11,964,2,,1,0,1,0,100.0,0,1,0,1,125,4,0,6.87,0,0,0,0,0,0,0,0,482.0,0.0,2,15,7,8,7,8,66.67,0,16,9,56.25,21,24,12,51,42,50.6,24,261,150,360,144.3,22,0,554,13,1,0,Matt O'Riley,Brighton & Hove Albion,891829,30,MF
2,3,30.0,38,0,0.0,81,70,148,73.63,29,54.72,24,14,1,0,0,0,35,3,5,6,4,17,14,0,0,12,10,69,0,0,1.13,3.3,19,0,9.09,0,2,3,11,10,1,1,1,,37,45.12,0,0,1,53,6,9,0,12,1079,3,,0,0,0,0,0.0,0,0,0,0,111,7,0,6.87,0,2,0,0,0,0,0,0,539.5,0.0,0,17,5,9,7,3,30.0,0,24,10,41.67,9,6,10,10,66,48.89,2,126,85,201,96.2,22,0,392,10,0,0,Marshall Munetsi,Wolverhampton,894733,3,MF
9,8,19.51,103,6,42.86,182,87,261,73.73,14,38.89,22,25,3,0,0,0,58,4,1,12,0,7,24,0,0,39,9,117,0,0,1.32,2.75,12,0,3.85,0,2,5,22,20,2,1,1,,80,45.71,0,0,1,93,1,18,0,14,1178,0,,0,0,0,1,0.0,0,0,0,0,240,11,0,6.87,0,2,0,0,0,0,0,0,589.0,0.0,2,18,34,18,22,40,52.63,0,12,9,75.0,18,20,76,41,94,44.55,14,288,107,354,164.9,52,1,707,28,3,0,Julio Enciso,Ipswich Town,973556,32,MF
5,0,0.0,23,5,100.0,43,21,64,94.12,1,100.0,0,3,0,0,0,0,7,0,0,0,0,1,3,0,0,0,0,1,0,0,0.09,,1,0,0.0,0,0,0,1,1,0,0,0,,4,80.0,0,0,0,4,1,1,0,1,80,0,,0,0,0,0,0.0,0,0,0,0,4,0,0,6.87,0,0,0,0,0,0,0,0,0.0,0.0,0,0,0,0,0,0,0.0,0,2,1,50.0,1,6,0,0,5,83.33,5,47,21,68,20.6,0,0,77,2,0,0,Rodri,Manchester City,827606,17,MF
69,0,0.0,26,162,36.99,101,471,572,66.13,2,100.0,0,26,0,0,0,0,178,0,0,0,4,25,26,0,0,0,1,1,3,0,0.03,,0,0,0.0,196,0,0,41,37,4,0,0,-5.19,2,66.67,0,15,0,293,0,0,0,25,2259,0,,1,0,0,0,0.0,0,0,0,0,301,0,10,6.87,0,0,10,50,27,82,0,15,0.0,0.0,0,0,0,0,0,0,0.0,10,2,2,100.0,0,107,0,0,4,80.0,438,309,556,865,178.5,0,0,1116,0,0,0,Alphonse Aréola,West Ham United,96531,37,GK
15,1,20.0,43,29,29.0,186,492,677,81.27,49,54.44,41,24,0,0,0,0,51,0,1,3,7,113,23,0,0,5,17,79,0,0,0.61,1.38,11,0,8.33,2,1,1,31,28,3,1,0,,52,57.78,1,0,0,156,19,2,0,22,1925,1,,0,0,0,0,0.0,0,0,0,1,188,1,0,6.87,1,0,0,0,0,0,0,0,1925.0,0.0,0,11,1,3,6,1,16.67,0,47,30,63.83,2,51,6,5,101,56.11,100,285,553,833,157.9,12,2,1148,5,2,1,Chris Richards,Crystal Palace,931844,7,DF
11,0,0.0,121,24,30.0,294,654,948,86.58,85,67.46,41,25,0,0,0,0,61,0,2,2,2,144,25,0,0,2,13,72,2,1,0.21,1.31,16,0,10.0,25,1,1,53,47,6,1,0,,63,67.02,1,0,1,147,21,5,0,25,2205,1,,0,0,0,0,0.0,0,0,0,0,174,3,0,6.86,0,0,0,0,0,0,0,0,2205.0,0.0,0,10,0,4,4,4,80.0,0,40,21,52.5,5,34,5,1,148,67.27,80,387,709,1095,171.6,10,0,1447,21,5,0,Jacob Greaves,Ipswich Town,990821,32,DF
48,25,32.05,266,65,45.77,449,420,844,80.53,27,43.55,35,38,3,0,0,0,146,4,4,5,7,66,38,0,0,20,19,141,1,2,4.93,3.06,18,0,3.57,0,1,4,49,45,4,1,0,,121,53.3,0,0,1,204,21,26,1,36,3101,4,,0,0,0,0,0.0,0,0,0,1,417,13,0,6.86,0,0,0,0,0,0,0,0,3101.0,0.0,1,14,14,9,14,41,45.05,0,49,27,55.1,26,102,91,78,148,51.21,142,655,471,1048,260.8,28,0,1713,31,7,0,Keane Lewis-Potter,Brentford,972421,50,DF
3,1,9.09,80,4,50.0,142,116,257,69.27,51,47.66,56,35,4,0,0,1,39,6,14,11,0,24,35,0,0,14,9,112,0,0,2.57,11.22,25,0,15.52,0,9,13,68,63,5,9,0,,52,48.15,1,0,1,114,5,19,2,35,2839,27,,0,0,2,0,50.0,0,1,0,2,190,9,0,6.86,0,6,0,0,0,0,0,0,315.44,0.0,1,52,6,21,26,11,52.38,0,19,13,68.42,19,9,21,11,103,47.91,8,235,147,371,240.1,58,2,631,23,5,0,Jamie Vardy,Leicester City,173827,31,FW
48,9,30.0,236,48,44.04,427,439,857,84.43,19,59.38,13,32,3,0,0,0,107,7,0,3,1,48,32,0,0,10,15,67,0,1,2.4,0.82,24,0,7.14,0,1,4,38,37,1,0,1,,56,50.91,0,0,0,158,27,15,1,27,2287,1,,2,0,0,0,0.0,0,0,0,0,218,9,0,6.86,0,0,0,0,0,0,0,0,2287.0,0.0,0,9,5,7,4,3,30.0,0,38,22,57.89,15,79,10,30,75,52.82,109,558,487,1015,219.4,14,0,1323,15,3,0,Vitaly Janelt,Brentford,814873,50,MF
11,3,25.0,89,18,75.0,152,80,229,85.13,1,33.33,2,18,2,0,0,0,15,1,0,4,0,3,16,0,0,4,6,16,0,1,0.65,1.76,0,0,5.88,0,1,3,6,5,1,1,0,,10,41.67,0,0,1,40,1,10,1,2,399,1,,0,0,0,0,0.0,0,0,0,0,65,0,0,6.86,0,0,0,0,0,0,0,0,399.0,0.0,1,12,5,9,4,4,50.0,0,5,3,60.0,10,20,8,12,11,40.74,24,193,88,269,109.7,17,1,350,1,1,0,Harvey Elliott,Liverpool FC,955245,44,MF
20,10,18.87,314,39,54.17,603,488,1081,89.04,9,37.5,15,32,1,0,0,0,119,1,2,6,4,40,32,0,0,17,23,86,1,4,1.94,1.7,20,0,0.0,0,0,1,26,21,5,0,0,,69,49.29,0,0,0,133,24,22,0,19,1876,2,,0,0,0,0,0.0,0,0,0,0,234,8,0,6.85,0,0,0,0,0,0,0,0,0.0,0.0,0,7,15,11,5,4,26.67,0,45,29,64.44,22,44,15,53,78,47.56,72,741,526,1214,219.3,22,1,1656,20,4,0,Malo Gusto,Chelsea,996958,38,DF
5,0,0.0,45,4,44.44,79,54,133,67.86,39,42.39,53,18,2,0,0,0,18,2,0,2,0,16,18,0,0,7,1,87,0,0,0.42,2.17,21,0,18.75,0,3,5,18,13,5,3,0,,11,24.44,2,0,2,63,1,14,1,6,788,10,,0,0,0,0,0.0,0,0,0,0,96,5,0,6.85,0,0,0,0,0,0,0,0,262.67,0.0,0,16,0,7,7,1,14.29,0,4,3,75.0,14,10,7,1,50,36.5,9,134,63,196,123.3,16,0,293,6,2,0,Niclas Füllkrug,West Ham United,132645,37,FW
9,11,37.93,97,7,53.85,143,34,166,78.3,3,37.5,5,21,4,0,0,0,26,4,0,1,0,5,20,0,0,21,7,52,0,1,1.93,1.21,7,0,9.09,0,1,5,15,14,1,1,0,,41,46.59,0,0,0,46,2,23,1,8,698,1,,0,0,0,0,0.0,0,0,0,0,113,3,0,6.85,0,0,0,0,0,0,0,0,698.0,0.0,2,6,5,5,5,13,52.0,0,16,8,50.0,23,18,25,29,44,45.83,13,195,46,212,137.0,11,2,394,12,0,0,Brajan Gruda,Brighton & Hove Albion,1198075,30,MF
17,9,36.0,206,13,32.5,411,448,850,86.82,21,60.0,14,25,2,0,0,0,109,2,0,3,2,56,24,0,0,33,7,104,0,2,1.36,0.56,21,0,10.0,0,1,3,39,36,3,1,0,,108,54.55,0,0,0,129,21,11,0,19,1805,2,,1,0,0,0,0.0,0,0,0,0,264,6,0,6.85,1,1,0,0,0,0,0,0,1805.0,0.0,0,4,6,4,3,38,55.07,0,47,34,72.34,11,41,69,25,129,55.36,40,508,496,979,164.4,10,2,1528,23,2,1,Djed Spence,Tottenham Hotspur,945798,33,DF
17,1,33.33,173,19,29.69,457,441,897,84.94,31,63.27,18,28,3,0,0,0,114,1,2,7,4,37,28,0,0,12,33,115,0,0,0.76,1.59,45,0,0.0,0,0,3,30,27,3,0,0,,108,52.68,0,0,0,159,32,18,0,21,1965,0,,0,0,0,1,0.0,0,0,0,0,217,10,0,6.85,0,0,0,0,0,0,0,0,0.0,0.0,0,5,4,0,2,4,28.57,0,83,50,60.24,18,37,14,3,139,54.72,64,561,498,1056,191.8,9,1,1393,21,7,0,Tyler Adams,Bournemouth,800419,60,MF
0,1,25.0,18,0,0.0,23,2,24,82.76,0,0.0,0,2,0,0,0,0,1,0,0,0,0,0,2,0,0,0,0,4,0,0,0.16,,2,0,0.0,0,0,0,0,0,0,0,0,,6,60.0,0,0,0,5,0,1,0,0,64,0,,0,0,0,0,0.0,0,0,0,0,15,0,0,6.85,0,0,0,0,0,0,0,0,0.0,0.0,0,0,0,0,0,2,50.0,0,3,1,33.33,1,1,4,4,6,60.0,0,31,2,29,13.7,0,0,46,1,1,0,Samuel Edozie,Southampton,1065214,45,FW
6,2,20.0,28,2,33.33,51,18,67,74.44,6,60.0,4,10,0,0,0,0,14,3,0,1,0,2,10,0,0,4,1,12,0,0,0.95,0.56,3,0,0.0,0,0,0,4,4,0,0,0,,17,68.0,0,0,0,23,5,9,0,1,189,0,,0,0,0,0,0.0,0,0,0,0,43,1,0,6.85,0,0,0,0,0,0,0,0,0.0,0.0,0,4,1,3,1,1,100.0,0,14,5,35.71,9,9,1,10,23,65.71,6,79,21,90,68.5,5,0,155,2,1,0,Philip Billing,Bournemouth,548660,60,MF
4,0,0.0,20,4,57.14,27,31,58,87.88,0,0.0,0,2,0,0,0,0,5,0,0,1,0,1,2,0,0,0,1,4,0,0,0.04,0.08,2,0,0.0,0,0,0,1,1,0,0,0,,7,63.64,0,0,0,8,0,0,0,1,97,0,,0,0,0,0,0.0,0,0,0,0,10,0,0,6.85,0,0,0,0,0,0,0,0,0.0,0.0,1,0,1,0,0,1,50.0,0,3,3,100.0,0,6,2,1,7,63.64,7,34,33,66,13.7,1,0,79,3,0,0,Billy Gilmour,Brighton & Hove Albion,907668,30,MF
1,3,60.0,11,0,0.0,16,7,20,76.92,0,0.0,3,3,0,0,0,0,3,0,0,0,0,4,2,0,0,0,2,8,0,0,0.09,0.06,1,0,0.0,0,0,0,2,2,0,0,0,,3,37.5,0,0,0,6,2,2,0,1,70,1,,0,0,0,0,0.0,0,0,0,0,13,1,0,6.85,0,0,0,0,0,0,0,0,0.0,0.0,0,0,1,0,1,1,33.33,0,1,0,0.0,2,1,3,5,3,27.27,0,23,8,26,13.7,1,0,52,1,0,0,Pedro Lima,Wolverhampton,1597270,3,MF
5,1,20.0,93,5,26.32,148,69,216,62.07,58,43.28,76,37,2,0,0,0,68,3,10,15,0,28,37,0,0,60,13,256,0,0,1.4,9.34,72,0,17.65,0,12,14,58,52,6,11,1,,99,35.48,0,0,3,132,2,21,4,32,2612,14,,0,0,2,0,100.0,0,2,0,2,342,17,0,6.85,0,8,0,0,0,0,0,0,217.67,0.0,0,48,20,21,32,40,51.95,0,11,8,72.73,21,14,77,5,157,38.01,19,262,91,348,253.4,68,1,821,51,12,0,Liam Delap,Ipswich Town,997087,32,FW
54,5,41.67,169,54,38.03,404,422,821,77.82,45,52.33,41,33,1,0,0,0,154,3,1,7,3,78,33,0,0,18,17,111,1,0,1.74,1.09,35,0,0.0,1,0,1,36,31,5,0,0,,77,52.38,0,0,0,234,42,10,0,26,2289,0,,0,0,0,0,0.0,0,0,0,0,315,7,0,6.85,0,0,0,0,0,0,0,0,0.0,0.0,0,14,12,11,8,7,63.64,0,35,17,48.57,10,102,11,12,122,52.36,142,565,502,1055,226.0,26,0,1478,39,9,0,Jefferson Lerma,Crystal Palace,355796,7,MF
5,4,33.33,48,5,38.46,127,115,238,82.35,10,71.43,4,16,0,0,0,0,32,4,3,2,0,10,14,0,0,9,10,37,0,1,1.15,0.87,8,0,11.11,0,1,1,13,10,3,0,1,,30,47.62,0,0,0,51,8,9,0,4,512,1,,0,0,0,0,0.0,0,0,0,1,86,1,0,6.84,0,1,0,0,0,0,0,0,512.0,0.0,2,4,5,4,3,6,50.0,0,21,13,61.9,9,17,12,12,40,51.95,13,170,131,289,95.8,9,1,422,3,0,0,Diego Gómez,Brighton & Hove Albion,1065588,30,MF
17,0,0.0,10,62,41.61,39,117,156,62.65,4,100.0,0,7,0,0,0,0,54,0,0,0,0,9,7,1,0,0,1,1,0,0,0.01,,0,0,0.0,25,0,0,17,15,2,0,0,-4.03,0,0.0,0,6,0,93,0,1,0,7,630,0,,0,0,0,0,0.0,2,0,0,0,94,0,2,6.84,0,0,6,16,7,23,1,6,0.0,0.0,0,0,0,0,0,0,0.0,6,0,0,0.0,1,29,0,0,4,80.0,149,108,141,249,47.9,0,0,318,0,0,0,Sam Johnstone,Wolverhampton,98427,3,GK
29,0,0.0,255,59,69.41,595,495,1090,91.67,28,56.0,22,31,0,0,0,0,126,0,1,1,3,37,31,0,0,16,12,86,0,1,0.63,0.35,31,0,0.0,0,0,0,35,26,9,0,0,,71,52.59,0,0,0,99,21,18,0,26,2232,0,,0,0,0,0,0.0,0,0,0,0,141,6,0,6.84,0,0,0,0,0,0,0,0,0.0,0.0,0,3,0,1,1,11,64.71,0,50,30,60.0,18,38,17,3,99,53.51,85,659,533,1189,212.1,3,0,1436,10,6,0,Sander Berge,Fulham,793167,43,MF
4,0,0.0,68,5,55.56,121,47,168,86.15,4,44.44,5,12,1,0,0,0,22,2,4,4,0,2,12,0,0,4,4,32,0,0,0.45,2.23,6,0,5.0,0,1,2,4,4,0,1,0,,35,56.45,0,0,0,27,3,6,0,3,383,1,,0,0,0,0,0.0,0,0,0,0,52,3,0,6.84,0,1,0,0,0,0,0,0,383.0,0.0,0,13,7,10,6,10,41.67,0,8,3,37.5,6,8,24,0,39,54.93,9,144,51,195,82.1,20,0,296,17,2,0,João Félix,Chelsea,851671,38,MF
10,0,0.0,49,13,59.09,115,158,273,90.1,8,80.0,2,5,0,0,0,0,18,0,0,0,0,12,5,0,0,0,1,10,0,2,0.08,,6,0,0.0,10,0,0,5,5,0,0,0,,11,57.89,0,0,0,30,6,0,0,3,333,0,,0,0,0,0,0.0,0,0,0,0,33,0,0,6.84,0,0,0,0,0,0,0,0,0.0,0.0,0,0,0,0,0,0,0.0,0,9,6,66.67,0,16,1,0,19,65.52,22,131,172,303,34.2,0,0,342,2,0,0,Benoît Badiashile,Chelsea,904827,38,DF
54,0,0.0,217,90,50.0,592,1176,1768,91.42,52,62.65,31,25,0,0,0,0,104,1,3,3,3,78,25,0,0,3,8,50,1,1,1.04,0.81,7,0,0.0,54,0,0,42,39,3,0,0,,27,58.7,0,0,0,166,13,6,0,23,2083,2,,1,0,0,0,0.0,0,0,0,0,188,0,0,6.84,0,0,0,0,0,0,0,0,0.0,0.0,1,10,2,6,3,0,0.0,0,17,10,58.82,6,110,1,5,79,61.24,180,723,1216,1934,171.0,12,1,2151,11,5,0,Lewis Dunk,Brighton & Hove Albion,115365,30,DF
8,9,31.03,67,13,34.21,173,271,435,84.14,13,54.17,11,14,0,0,0,0,42,1,0,5,2,45,13,0,0,4,20,54,0,1,0.51,0.36,16,0,0.0,0,0,0,23,20,3,0,0,,44,50.57,0,0,0,82,21,9,0,13,1112,0,,0,0,0,1,0.0,0,0,0,0,155,2,0,6.84,0,0,0,0,0,0,0,0,0.0,0.0,0,3,2,0,0,3,50.0,0,31,25,80.65,9,35,6,29,57,51.35,38,249,297,517,88.9,5,0,799,10,3,0,Luke Thomas,Leicester City,991584,31,DF
57,1,50.0,84,65,44.83,287,795,1081,86.9,59,69.41,26,33,0,0,0,0,77,2,3,3,2,123,32,0,0,0,11,57,0,1,0.42,1.54,17,0,0.0,4,0,0,38,26,12,0,0,,58,65.17,0,0,0,163,40,5,0,21,2057,3,,0,0,0,0,0.0,0,0,0,0,191,1,0,6.84,1,0,0,0,0,0,0,0,0.0,0.0,0,14,4,10,5,9,64.29,0,35,24,68.57,5,110,14,2,117,67.24,145,395,851,1244,218.8,18,0,1575,16,4,1,Konstantinos Mavropanos,West Ham United,829022,37,DF
9,30,30.0,190,9,52.94,333,90,393,81.2,25,48.08,27,36,7,0,0,0,87,11,7,15,0,4,36,0,0,25,8,119,1,3,4.53,4.0,24,0,5.13,0,2,9,28,20,8,2,0,,100,52.08,0,0,0,91,1,42,0,18,1794,1,,0,0,0,0,0.0,0,0,0,0,272,8,0,6.84,0,2,0,0,0,0,0,0,897.0,0.0,0,34,5,12,12,48,57.14,0,20,13,65.0,42,16,84,100,125,51.23,17,471,113,484,246.1,39,0,888,32,3,0,Adama Traoré,Fulham,286165,43,MF
13,6,30.0,187,17,80.95,335,233,562,92.74,5,33.33,10,25,0,0,0,0,52,3,0,4,0,3,25,0,1,4,3,28,0,1,1.16,0.77,8,0,18.18,0,2,2,12,9,3,2,0,,37,67.27,1,0,0,44,4,11,1,3,633,0,,0,0,0,0,0.0,0,0,0,0,72,3,0,6.84,1,0,0,0,0,0,0,0,316.5,0.0,2,5,6,3,4,5,55.56,0,13,5,38.46,11,18,9,20,42,60.0,21,377,249,606,170.9,11,0,713,19,3,0,Tom Cairney,Fulham,82566,43,MF
7,0,0.0,91,9,56.25,208,128,336,85.71,6,60.0,4,20,1,0,0,0,43,1,1,4,1,5,20,0,0,8,5,29,0,0,0.43,1.76,8,0,18.75,0,3,4,10,8,2,2,1,,29,53.7,1,0,0,56,10,9,0,3,615,0,,0,0,0,0,0.0,0,0,0,0,78,2,0,6.84,0,2,0,0,0,0,0,0,205.0,0.0,0,11,5,6,6,12,75.0,0,14,3,21.43,9,15,16,1,35,54.69,16,241,152,392,136.7,16,1,493,3,3,0,Ross Barkley,Aston Villa,98435,40,MF
35,0,0.0,170,26,50.0,410,415,825,88.71,21,44.68,26,26,0,0,0,0,87,2,1,3,6,47,26,0,0,17,27,108,0,3,0.83,0.82,30,0,10.0,2,1,1,22,21,1,1,0,,94,53.41,0,0,0,105,19,11,1,20,1733,0,,0,0,0,0,0.0,0,0,0,0,144,3,0,6.83,0,0,0,0,0,0,0,0,1733.0,0.0,0,5,5,4,3,9,50.0,0,50,21,42.0,11,63,18,1,115,51.57,52,486,445,930,177.7,10,0,1184,35,2,0,Boubacar Kamara,Aston Villa,826204,40,MF
59,1,12.5,232,89,48.63,674,1253,1926,90.13,44,57.14,33,35,0,0,0,0,168,0,1,5,5,113,35,0,0,8,9,87,1,7,0.44,1.02,26,0,7.14,72,1,1,47,33,14,1,0,,100,64.94,1,0,0,211,20,3,0,34,3074,2,,0,0,0,0,0.0,0,0,0,0,276,3,0,6.83,0,0,0,0,0,0,0,0,3074.0,0.0,0,9,5,5,4,15,57.69,0,54,34,62.96,3,121,26,8,144,62.34,183,787,1358,2137,239.2,14,0,2536,32,7,0,Calvin Bassey,Fulham,861972,43,DF
8,1,11.11,132,7,53.85,182,55,236,68.6,25,34.72,47,28,3,0,0,0,66,6,5,20,0,12,28,0,0,37,22,173,2,0,1.67,4.64,34,0,10.0,0,5,8,29,25,4,5,0,,111,46.84,1,0,1,108,10,19,3,19,1673,7,,0,0,0,1,0.0,0,0,0,0,240,15,0,6.83,0,1,0,0,0,0,0,0,334.6,0.0,0,37,13,18,12,27,44.26,0,39,15,38.46,19,17,61,9,136,44.01,13,287,66,344,191.3,50,0,739,45,2,0,Georginio Rutter,Brighton & Hove Albion,946695,30,MF
16,2,14.29,238,15,46.88,488,389,875,87.59,34,43.04,45,36,2,0,0,0,115,1,5,7,1,24,36,0,0,22,13,129,0,1,0.79,3.72,34,0,8.82,0,3,5,38,35,3,2,1,,95,53.07,0,0,1,124,30,16,1,22,1913,2,,0,1,0,1,0.0,0,0,0,0,210,11,0,6.83,0,2,0,0,0,0,0,0,637.67,0.0,0,14,20,14,13,11,40.74,0,49,36,73.47,15,29,27,14,129,50.0,32,581,432,999,245.9,34,1,1342,35,6,0,Pape Matar Sarr,Tottenham Hotspur,1002711,33,MF
28,3,42.86,171,39,66.1,362,436,795,88.63,18,50.0,18,29,2,0,0,0,122,3,0,7,1,15,29,0,0,25,38,131,0,2,0.69,1.01,41,0,5.26,0,1,3,33,30,3,1,0,,128,53.11,0,0,0,102,27,10,1,22,1796,0,,1,0,0,0,0.0,0,0,0,0,180,13,0,6.82,0,0,0,0,0,0,0,0,1796.0,0.0,0,7,12,8,4,18,64.29,0,77,49,63.64,10,46,28,7,146,52.71,59,433,471,897,197.9,19,0,1252,33,11,0,Manuel Ugarte,Manchester United,846425,35,MF
36,34,23.13,400,61,45.19,762,628,1356,87.99,7,33.33,14,33,1,0,0,0,105,7,2,2,6,42,33,0,1,13,20,67,1,1,4.26,1.17,11,0,0.0,0,0,1,31,27,4,0,0,,54,50.47,0,0,1,185,21,40,0,29,2492,3,,1,0,0,1,0.0,0,0,0,0,376,4,0,6.82,1,0,0,0,0,0,0,0,0.0,0.0,0,12,3,10,3,7,41.18,0,39,22,56.41,40,83,17,147,61,47.66,135,1000,688,1541,225.1,15,0,2129,8,3,0,Andy Robertson,Liverpool FC,262911,44,DF
30,21,25.93,232,36,75.0,454,258,691,89.86,11,21.57,40,32,3,0,0,0,138,4,7,29,2,8,32,0,1,93,17,281,0,2,2.7,6.9,39,0,6.67,0,5,8,46,40,6,5,0,,194,44.6,2,0,6,78,4,31,1,31,2601,18,,0,0,0,0,0.0,0,0,0,0,413,16,0,6.82,1,2,0,0,0,0,0,0,520.2,0.0,0,53,22,24,22,92,48.42,0,38,23,60.53,31,44,190,81,205,42.18,48,573,277,769,218.2,75,0,1508,64,2,0,Mohammed Kudus,West Ham United,905163,37,MF
4,0,0.0,146,4,100.0,213,86,299,90.61,16,42.11,22,27,2,0,0,0,29,1,6,5,0,9,27,0,0,17,2,70,0,0,1.0,4.83,16,0,12.0,0,3,5,16,13,3,2,1,,33,40.74,1,0,0,31,7,14,0,9,940,3,,0,0,0,0,0.0,0,0,0,0,87,8,0,6.82,0,2,0,0,0,0,0,0,313.33,0.0,0,20,5,8,12,10,41.67,0,12,8,66.67,14,5,24,4,49,41.18,4,244,90,330,184.1,25,1,486,11,2,0,Christopher Nkunku,Chelsea,769333,38,MF
13,14,31.82,132,14,50.0,283,190,459,83.3,10,34.48,19,35,7,0,0,0,62,9,2,6,0,17,34,0,0,29,6,115,0,1,2.75,1.53,31,0,9.09,0,2,9,31,27,4,1,1,,100,51.02,0,0,0,92,10,29,0,20,1706,1,,0,1,0,0,0.0,0,0,0,0,228,5,0,6.82,0,2,0,0,0,0,0,0,853.0,0.0,2,11,11,11,5,14,31.11,0,39,24,61.54,28,32,45,44,110,48.89,28,383,212,551,231.8,22,0,924,47,3,0,Jean-Ricner Bellegarde,Wolverhampton,845273,3,MF
56,3,27.27,117,72,44.72,258,297,552,77.42,33,53.23,29,17,0,0,0,0,71,0,2,0,1,58,17,0,0,6,17,77,0,0,0.49,0.84,22,0,0.0,2,0,0,17,17,0,0,0,,52,52.0,0,0,0,161,14,3,0,13,1119,0,,0,0,0,0,0.0,0,0,0,0,191,3,0,6.82,0,0,0,0,0,0,0,0,0.0,0.0,0,3,0,3,0,6,60.0,0,39,21,53.85,3,110,10,11,85,52.47,161,397,327,713,115.9,3,0,918,8,5,0,Marcos Senesi,Bournemouth,830659,60,DF
17,3,23.08,144,20,64.52,314,248,559,86.4,34,57.63,25,25,4,0,0,0,68,1,2,1,2,25,24,0,0,9,15,79,1,2,1.01,0.75,23,0,11.11,0,1,5,22,21,1,1,0,,73,57.48,0,0,0,88,17,16,0,10,1045,1,,0,0,0,1,0.0,0,0,0,1,141,4,0,6.82,0,1,0,0,0,0,0,0,1045.0,0.0,0,7,2,4,4,7,50.0,0,58,34,58.62,16,32,14,13,107,57.53,31,385,275,647,163.6,9,1,907,10,6,0,Mats Wieffer,Brighton & Hove Albion,959628,30,DF
14,9,16.07,284,18,64.29,418,216,625,83.33,3,11.11,24,36,2,0,0,0,108,4,14,29,3,10,36,0,0,48,25,163,2,0,2.77,7.33,12,0,7.14,0,6,8,36,33,3,4,2,,99,41.6,0,0,3,125,13,37,1,23,2195,10,,0,0,0,0,0.0,0,0,0,0,342,21,0,6.81,0,5,0,0,0,0,0,0,365.83,0.0,0,61,23,25,30,26,32.1,0,30,18,60.0,37,21,81,56,102,38.49,28,560,246,750,245.3,84,2,1276,43,3,0,Alejandro Garnacho,Manchester United,1135873,35,MF
22,4,10.81,145,24,39.34,299,357,652,82.95,35,49.3,36,24,1,0,0,0,57,1,1,2,3,75,24,0,0,5,19,79,0,0,0.55,0.38,15,0,0.0,0,0,1,28,20,8,0,0,,56,56.57,0,0,0,134,22,9,0,17,1651,1,,0,0,0,1,0.0,0,0,0,0,198,3,0,6.81,0,0,0,0,0,0,0,0,0.0,0.0,0,7,1,3,3,5,50.0,0,46,29,63.04,9,48,10,37,91,53.53,61,395,428,786,163.5,8,0,1194,6,1,0,Timothy Castagne,Fulham,329417,43,DF
10,3,23.08,130,12,48.0,222,131,350,87.06,12,52.17,11,15,1,0,0,0,19,0,0,8,1,9,14,0,0,4,5,29,0,0,0.52,0.65,8,0,0.0,0,0,1,1,1,0,0,0,,12,40.0,0,0,0,52,5,3,0,5,542,1,,0,0,0,0,0.0,0,0,0,0,78,1,0,6.81,0,0,0,0,0,0,0,0,0.0,0.0,1,6,4,2,0,3,75.0,0,6,1,16.67,3,22,4,13,24,45.28,25,273,142,402,95.3,10,0,511,3,1,0,Oleksandr Zinchenko,Arsenal,287643,42,DF
36,11,19.3,187,34,29.82,446,528,963,78.1,69,55.2,56,36,2,0,0,0,88,1,2,11,2,115,36,0,0,15,23,134,2,1,0.83,1.5,29,0,8.0,0,2,4,68,60,8,2,0,,111,58.73,1,0,1,270,46,14,0,34,2928,2,,0,0,0,0,0.0,0,0,0,0,398,2,0,6.81,0,1,0,0,0,0,0,0,1464.0,0.0,2,19,6,7,7,9,40.91,0,58,37,63.79,14,89,22,57,180,57.32,114,653,637,1233,245.0,25,2,2033,44,6,0,James Justin,Leicester City,827681,31,DF
4,1,14.29,99,5,16.13,212,191,402,84.28,11,57.89,8,19,2,0,0,0,51,4,1,5,0,25,18,0,0,5,11,47,0,0,1.42,0.7,12,0,0.0,0,0,2,10,7,3,0,0,,38,49.35,0,0,0,75,4,7,0,7,755,1,,0,0,0,0,0.0,0,0,0,0,119,2,0,6.81,0,0,0,0,0,0,0,0,0.0,0.0,0,9,1,2,3,10,45.45,0,14,10,71.43,7,20,22,7,49,51.04,31,268,216,477,122.5,10,0,696,14,4,0,Conor Bradley,Liverpool FC,1008402,44,DF
14,2,28.57,108,15,65.22,181,104,283,85.24,7,50.0,7,20,0,0,0,0,52,1,0,4,0,11,19,0,0,8,23,68,0,0,1.01,0.75,17,0,0.0,0,0,0,8,8,0,0,0,,59,49.17,0,0,0,49,10,12,0,8,751,0,,0,0,0,0,0.0,0,0,0,0,102,9,0,6.81,0,0,0,0,0,0,0,0,0.0,0.0,1,7,8,4,7,6,31.58,0,27,14,51.85,12,21,19,7,66,49.25,23,222,117,332,129.3,15,0,523,26,3,0,Alex Scott,Bournemouth,1104986,60,MF
21,13,38.24,178,20,54.05,471,434,892,88.93,8,57.14,6,22,2,0,0,0,106,1,0,1,0,18,22,0,0,8,17,48,0,0,1.53,0.22,9,0,0.0,0,0,2,34,28,6,0,0,,40,48.78,0,0,0,111,9,17,0,17,1540,0,,0,0,0,0,0.0,0,0,0,0,165,4,0,6.8,0,0,0,0,0,0,0,0,0.0,0.0,0,0,10,5,4,3,27.27,0,24,11,45.83,17,43,11,34,48,50.0,37,561,476,1003,149.7,10,0,1194,13,4,0,Harry Winks,Leicester City,545780,31,MF
1,1,25.0,53,3,37.5,89,67,155,58.71,99,48.53,105,30,0,0,0,0,40,2,12,8,1,24,30,0,0,37,3,195,1,0,0.47,7.86,33,0,16.33,0,8,8,24,21,3,7,1,,56,38.36,2,0,2,109,4,12,1,15,1541,16,,0,0,0,0,0.0,0,0,0,0,244,10,0,6.8,0,5,0,0,0,0,0,0,192.63,0.0,0,43,6,18,23,19,52.78,0,14,6,42.86,12,3,36,4,155,44.29,8,181,87,264,204.1,49,1,601,23,2,0,Beto,Everton,987489,48,FW
9,0,0.0,175,10,24.39,340,278,618,82.73,48,61.54,30,35,1,0,0,0,104,0,3,11,6,60,35,0,0,18,20,124,0,1,0.5,2.35,53,0,6.06,0,2,3,27,23,4,1,1,,97,50.79,0,0,1,129,26,18,0,18,1928,7,,0,0,0,0,0.0,0,0,0,0,188,5,0,6.8,0,2,0,0,0,0,0,0,964.0,0.0,0,17,16,13,9,9,64.29,0,42,21,50.0,18,25,14,8,145,53.9,41,438,317,747,238.1,33,0,1115,49,10,0,Ryan Yates,Nottingham Forest,846252,14,MF
24,10,21.28,119,19,55.88,198,101,289,76.05,6,30.0,14,23,2,0,0,0,34,2,5,2,0,7,23,0,0,14,6,57,0,1,1.89,2.88,16,1,17.65,0,3,5,17,16,1,2,1,,36,45.57,0,0,0,91,4,15,3,7,819,5,,0,0,0,0,0.0,0,0,0,0,180,4,0,6.8,0,0,0,0,0,0,0,0,273.0,50.0,2,10,7,7,8,6,46.15,0,16,8,50.0,15,48,13,47,42,42.42,34,306,121,380,156.4,17,1,588,15,3,0,Pablo Sarabia,Wolverhampton,138573,3,MF
9,10,19.61,154,9,40.91,311,234,535,86.85,10,62.5,6,29,2,0,0,0,67,4,0,6,2,27,28,0,0,25,7,65,0,3,2.43,0.86,11,0,5.26,0,1,3,16,15,1,1,0,,51,46.36,0,0,0,81,15,21,1,10,1164,3,,0,2,0,1,0.0,0,0,0,0,205,4,0,6.8,0,0,0,0,0,0,0,0,1164.0,0.0,0,11,8,8,5,13,44.83,0,29,17,58.62,19,22,29,51,61,48.41,22,405,262,616,190.4,19,1,976,9,2,0,Ian Maatsen,Aston Villa,976263,40,DF
0,1,33.33,17,0,0.0,29,13,41,82.0,0,0.0,4,8,1,0,0,0,4,1,1,1,0,1,7,0,0,0,1,9,0,0,0.27,0.2,3,0,33.33,0,1,2,0,0,0,0,1,,5,50.0,0,0,0,9,2,6,0,1,184,2,,0,0,0,0,0.0,0,0,0,0,16,1,0,6.8,0,1,0,0,0,0,0,0,184.0,0.0,0,2,1,1,1,3,60.0,0,2,0,0.0,6,1,5,3,5,35.71,4,39,14,50,47.6,3,0,73,0,1,0,Tyrique George,Chelsea,1403061,38,FW
4,4,44.44,40,4,44.44,70,62,128,85.33,3,75.0,1,6,0,0,0,0,14,0,1,2,1,17,6,0,0,2,9,20,0,0,0.27,0.44,5,0,25.0,0,1,1,8,6,2,1,0,,16,45.71,0,0,0,22,8,5,0,5,388,1,,0,0,0,0,0.0,0,0,0,0,44,1,0,6.8,0,1,0,0,0,0,0,0,388.0,0.0,0,3,1,1,1,3,50.0,0,10,6,60.0,5,5,6,9,19,48.72,9,92,67,150,40.8,4,0,242,3,1,0,Ferdi Kadıoğlu,Brighton & Hove Albion,825844,30,DF
0,0,0.0,3,0,0.0,7,6,13,86.67,0,0.0,0,3,0,0,0,0,2,0,0,0,0,0,2,0,0,0,0,0,0,0,0.02,,0,0,0.0,0,0,0,1,1,0,0,0,,3,100.0,0,0,0,2,0,1,0,0,18,0,,0,0,0,0,0.0,0,0,0,0,2,0,0,6.8,0,0,0,0,0,0,0,0,0.0,0.0,0,0,0,0,0,2,100.0,0,0,0,0.0,1,0,2,0,3,100.0,0,9,6,15,13.6,0,0,18,1,0,0,Oscar Bobb,Manchester City,1065216,17,FW
0,0,0.0,1,0,0.0,1,0,1,100.0,0,0.0,0,3,0,0,0,0,0,0,0,0,0,2,1,0,0,0,0,0,0,0,0.0,,0,0,0.0,0,0,0,2,1,1,0,0,,3,100.0,0,0,0,0,0,0,0,0,11,0,,0,0,0,0,0.0,0,0,0,0,1,0,0,6.8,0,0,0,0,0,0,0,0,0.0,0.0,0,0,0,0,0,0,0.0,0,3,2,66.67,0,0,0,0,3,100.0,0,1,0,1,6.8,0,0,7,0,0,0,Gustavo Nunes,Brentford,1514747,50,MF
3,0,0.0,13,3,60.0,21,20,41,80.39,0,0.0,0,3,0,0,0,0,7,0,0,0,0,0,3,0,0,0,0,1,0,0,0.02,,0,0,0.0,0,0,0,0,0,0,0,0,,4,80.0,0,0,0,10,1,0,0,1,85,0,,0,0,0,0,0.0,0,0,0,0,15,0,0,6.8,0,0,0,0,0,0,0,0,0.0,0.0,0,0,0,0,0,0,0.0,0,2,2,100.0,0,4,1,2,4,80.0,5,31,22,51,20.4,0,0,75,2,0,0,Max Aarons,Bournemouth,943645,60,DF
9,0,0.0,4,18,31.03,12,80,92,67.65,2,66.67,1,3,0,0,0,0,24,0,0,0,0,5,3,0,0,0,0,1,1,2,0.0,,0,0,0.0,15,0,0,7,5,2,0,0,0.73,1,100.0,0,1,0,44,0,0,0,3,270,0,,0,0,0,0,0.0,0,0,0,0,45,0,2,6.8,0,0,5,11,2,13,1,0,0.0,0.0,0,0,0,0,0,0,0.0,5,0,0,0.0,0,17,0,0,3,75.0,58,42,94,136,20.4,0,0,175,0,0,0,Joe Lumley,Southampton,591620,45,GK
17,0,0.0,86,12,46.15,234,268,502,94.36,13,56.52,10,10,0,0,0,0,24,0,0,1,0,22,10,0,0,3,2,17,0,1,0.17,0.22,2,0,0.0,6,0,0,11,11,0,0,0,,10,58.82,0,0,0,30,3,1,0,8,688,0,,0,0,0,0,0.0,0,0,0,0,40,0,0,6.8,0,0,0,0,0,0,0,0,0.0,0.0,0,3,0,2,0,1,100.0,0,9,7,77.78,1,28,1,1,23,57.5,26,256,277,532,68.0,3,0,602,0,0,0,Nathan Aké,Manchester City,149663,17,DF
29,8,15.69,362,25,48.08,702,659,1353,90.5,11,34.38,21,33,2,0,0,0,135,5,0,8,2,75,33,0,0,39,19,146,0,1,2.3,0.84,28,0,0.0,7,0,2,77,67,10,0,0,,134,51.74,0,0,0,142,19,25,0,33,2922,2,,0,1,0,0,0.0,0,0,0,0,312,11,0,6.8,0,0,0,0,0,0,0,0,0.0,0.0,0,13,7,6,6,38,49.35,0,44,29,65.91,24,55,77,51,145,49.83,52,846,700,1495,224.3,20,0,2149,52,5,0,Kyle Walker-Peters,Southampton,823085,45,MF
34,5,31.25,155,54,79.41,323,334,652,88.23,8,44.44,10,31,0,0,0,0,113,2,0,4,2,31,30,0,0,21,27,87,0,0,0.91,0.61,19,0,0.0,0,0,0,25,21,4,0,0,,75,49.34,0,0,0,87,13,9,0,15,1462,2,,0,0,0,0,0.0,0,0,0,0,159,11,0,6.8,0,0,0,0,0,0,0,0,0.0,0.0,0,5,4,3,2,13,54.17,0,49,28,57.14,9,50,24,16,83,48.82,68,387,368,739,203.9,9,0,1016,13,6,0,Yehor Yarmoliuk,Brentford,1031258,50,MF
39,11,33.33,130,34,65.38,210,132,331,81.73,8,61.54,5,24,2,0,0,0,48,5,0,1,1,13,24,0,0,7,8,33,0,2,1.75,0.24,7,0,0.0,0,0,2,17,16,1,0,0,,33,54.1,0,0,0,74,8,17,0,8,857,0,,0,1,0,0,0.0,0,0,0,0,147,7,0,6.8,0,0,0,0,0,0,0,0,0.0,0.0,0,1,5,4,1,9,60.0,0,14,10,71.43,16,60,15,33,41,55.41,52,281,157,405,163.1,6,0,601,10,2,0,Mathias Jensen,Brentford,799251,50,MF
2,9,42.86,75,3,30.0,129,63,183,79.22,4,28.57,10,19,1,0,0,0,38,3,2,6,0,6,19,0,0,16,6,58,0,0,1.73,1.63,9,0,7.14,0,1,2,20,19,1,1,0,,49,50.52,0,0,2,48,0,17,0,7,791,4,,0,0,0,0,0.0,0,0,0,0,115,5,0,6.79,0,1,0,0,0,0,0,0,791.0,0.0,0,13,1,3,5,13,41.94,0,13,7,53.85,17,3,31,21,53,47.75,10,176,76,231,129.0,14,0,417,23,2,0,Crysencio Summerville,West Ham United,917005,37,MF
16,17,39.53,121,17,48.57,272,155,410,79.61,18,32.73,37,31,2,0,0,0,79,7,2,9,0,12,31,0,0,39,46,207,0,0,2.27,3.93,37,0,13.89,0,5,7,33,28,5,5,0,,116,40.56,0,0,1,105,12,25,3,14,1529,3,,0,0,0,0,0.0,0,0,0,0,283,15,0,6.79,0,2,0,0,0,0,0,0,305.8,0.0,0,24,12,15,12,28,36.36,0,53,32,60.38,25,29,77,43,134,39.3,35,377,181,515,210.4,36,0,988,35,8,0,Facundo Buonanotte,Leicester City,1117025,31,MF
9,2,100.0,50,10,47.62,134,141,273,85.31,10,50.0,10,13,1,0,0,0,42,2,0,0,0,13,13,0,0,4,9,38,0,1,0.21,0.02,15,0,0.0,0,0,1,6,5,1,0,0,,36,56.25,0,0,0,47,6,5,0,7,597,0,,0,0,0,0,0.0,0,0,0,0,57,1,0,6.78,0,0,0,0,0,0,0,0,0.0,0.0,0,0,1,0,1,0,0.0,0,28,14,50.0,5,15,1,2,46,54.76,21,162,160,320,88.2,1,0,421,8,3,0,Ibrahim Sangaré,Nottingham Forest,843754,14,MF
6,4,19.05,60,6,40.0,86,31,113,66.08,21,41.18,30,31,1,0,0,0,43,8,2,7,0,16,30,0,0,12,21,101,0,0,1.84,2.11,24,0,13.04,0,3,4,16,12,4,3,0,,60,45.8,0,0,1,58,12,14,1,5,891,8,,0,0,0,0,0.0,0,0,0,1,135,7,0,6.78,0,2,0,0,0,0,0,0,297.0,0.0,0,18,5,9,7,10,40.0,0,27,14,51.85,14,11,25,21,81,44.51,15,147,45,171,203.4,23,0,399,23,5,0,Jota Silva,Nottingham Forest,1011895,14,MF
7,0,0.0,69,19,39.58,247,478,725,90.97,19,48.72,20,13,2,0,0,0,63,2,1,1,1,38,13,0,0,5,6,45,1,0,0.7,0.57,10,0,0.0,21,0,2,17,15,2,0,0,,23,47.92,0,0,0,72,10,2,0,12,1018,0,,0,0,0,0,0.0,0,0,0,0,87,1,0,6.78,0,0,0,0,0,0,0,0,0.0,0.0,0,6,0,3,2,4,50.0,0,10,6,60.0,2,20,8,0,42,48.28,48,287,510,797,88.1,6,0,916,9,4,0,Micky van de Ven,Tottenham Hotspur,998247,33,DF
11,2,20.0,209,16,51.61,463,462,923,89.52,26,52.0,24,32,0,0,0,0,112,3,2,6,0,28,32,0,0,19,18,103,2,1,1.25,2.7,20,0,17.65,0,3,3,56,49,7,3,0,,95,54.6,0,0,2,108,20,16,3,21,2033,1,,0,0,0,1,0.0,0,0,0,0,186,11,0,6.78,0,0,0,0,0,0,0,0,677.67,0.0,0,14,3,4,7,21,48.84,0,47,33,70.21,16,22,43,10,121,54.02,31,546,495,1031,216.8,17,0,1357,28,1,0,Joe Aribo,Southampton,818073,45,MF
1,0,0.0,3,5,35.71,15,40,55,78.57,6,75.0,2,6,0,0,0,0,5,0,0,0,0,12,4,0,0,0,0,3,0,0,0.0,0.07,1,0,0.0,0,0,0,1,1,0,0,0,,6,85.71,0,0,0,15,3,0,0,1,146,0,,0,0,0,0,0.0,0,0,0,0,16,0,0,6.78,0,0,0,0,0,0,0,0,0.0,0.0,0,1,0,0,1,0,0.0,0,6,1,16.67,0,4,0,0,12,80.0,14,26,44,70,27.1,1,0,98,0,1,0,Willy Boly,Nottingham Forest,139310,14,DF
2,4,17.39,76,6,30.0,130,48,174,70.73,8,32.0,17,25,0,0,0,0,28,4,0,2,0,16,23,0,0,9,9,46,1,0,0.74,0.68,4,0,28.57,0,2,2,20,17,3,2,0,,34,53.97,0,0,0,72,7,13,0,7,823,0,,0,0,0,0,0.0,0,0,0,0,135,3,0,6.77,0,1,0,0,0,0,0,0,411.5,0.0,0,5,2,2,3,5,41.67,0,23,15,65.22,13,5,12,23,42,47.73,20,200,69,246,155.8,7,0,440,6,0,0,Rodrigo Gomes,Wolverhampton,1006073,3,MF
38,43,26.71,222,35,46.05,426,382,765,80.53,35,59.32,24,33,2,0,0,0,113,12,0,5,2,71,33,0,1,16,18,102,0,3,4.75,0.96,27,0,6.25,0,1,3,69,62,7,1,0,,89,53.29,0,0,1,185,25,61,1,32,2746,5,,0,0,0,2,0.0,0,0,0,0,441,5,0,6.77,1,0,0,0,0,0,0,0,2746.0,0.0,2,8,8,9,2,13,41.94,0,46,27,58.7,61,62,31,161,124,54.87,76,656,455,950,223.5,16,1,1641,31,5,0,Leif Davis,Ipswich Town,963493,32,DF
33,1,20.0,73,26,52.0,192,287,478,84.9,11,61.11,7,23,1,0,0,0,53,0,0,3,1,30,20,0,0,7,16,48,0,1,0.18,0.23,18,0,0.0,0,0,1,19,16,3,0,0,,51,55.43,0,0,0,85,13,4,0,16,1172,2,,0,0,0,0,0.0,0,0,0,0,101,4,0,6.77,0,0,0,0,0,0,0,0,0.0,0.0,0,1,7,4,1,3,75.0,0,36,19,52.78,4,55,4,5,62,56.36,50,243,325,563,135.4,8,0,735,12,6,0,Guido Rodríguez,West Ham United,609752,37,MF
23,0,0.0,36,116,26.61,84,390,474,59.25,13,92.86,1,29,0,0,0,0,234,0,0,0,7,25,29,3,0,0,0,5,1,0,0.04,,4,0,0.0,150,0,0,48,42,6,0,0,-4.9,17,80.95,0,29,0,326,0,3,0,29,2609,0,,0,0,0,4,0.0,7,0,2,0,333,0,10,6.77,0,0,24,49,22,71,0,14,0.0,0.0,0,0,0,0,0,8,100.0,22,2,2,100.0,3,53,8,0,30,85.71,436,346,454,800,196.3,0,0,1085,9,2,0,José Sá,Wolverhampton,252669,3,GK
47,0,0.0,101,80,45.45,405,965,1370,88.39,47,55.95,37,34,0,0,0,0,90,0,1,3,3,184,34,0,0,6,23,89,2,2,0.43,1.53,23,0,8.33,21,1,1,63,57,6,1,0,,56,51.85,1,0,0,180,26,4,0,30,2812,1,,0,0,0,0,0.0,0,0,0,0,212,1,0,6.77,0,0,0,0,0,0,0,0,2812.0,0.0,0,11,1,8,1,5,83.33,0,42,26,61.9,4,115,6,5,103,53.65,176,535,1020,1550,230.1,12,1,1948,11,4,0,Wout Faes,Leicester City,361696,31,DF
0,0,0.0,24,1,33.33,36,27,63,71.59,8,44.44,10,15,2,0,0,0,9,2,2,4,0,4,15,0,0,6,2,20,0,0,0.08,2.27,0,0,7.14,0,1,3,4,3,1,1,0,,10,50.0,0,0,1,25,1,6,0,1,292,0,,0,0,0,0,0.0,0,0,0,1,43,2,0,6.77,0,1,0,0,0,0,0,0,292.0,0.0,0,12,2,5,5,4,66.67,0,4,2,50.0,6,2,6,3,18,47.37,3,60,31,88,101.5,14,0,151,2,0,0,Danny Ings,West Ham United,130181,37,FW
12,8,50.0,96,7,77.78,147,29,168,88.89,1,25.0,3,10,0,0,0,0,14,0,0,3,0,1,9,0,0,1,4,13,0,0,0.71,0.28,1,0,0.0,0,0,0,3,3,0,0,0,,5,33.33,0,0,1,21,1,7,0,2,261,0,,0,0,0,0,0.0,0,0,0,0,38,1,0,6.77,0,0,0,0,0,0,0,0,0.0,0.0,0,1,6,4,0,1,20.0,0,4,2,50.0,7,17,5,16,6,31.58,9,172,33,189,60.9,7,0,233,0,0,0,Willian,Fulham,31417,43,MF
30,15,21.13,197,22,34.92,400,336,721,81.01,19,51.35,18,33,3,0,0,0,121,5,0,13,2,26,32,0,0,30,34,153,1,2,2.64,1.08,65,0,0.0,0,0,3,31,29,2,0,0,,102,43.04,0,0,0,169,22,33,0,24,2118,0,,0,0,0,1,0.0,0,0,0,0,292,12,0,6.77,0,0,0,0,0,0,0,0,0.0,0.0,0,6,16,8,1,5,41.67,0,66,36,54.55,33,54,12,71,121,44.16,63,578,383,890,216.5,22,1,1278,31,11,0,Will Hughes,Crystal Palace,193554,7,MF
10,2,25.0,108,11,52.38,167,48,213,71.24,22,40.74,32,26,3,0,0,0,41,3,14,16,1,6,26,0,0,22,12,109,0,0,1.13,7.92,23,0,11.76,0,6,9,12,12,0,6,0,,39,33.62,1,0,3,86,8,11,1,14,1206,1,,0,0,0,0,0.0,0,0,0,1,182,9,0,6.76,0,4,0,0,0,0,0,0,201.0,0.0,0,48,3,22,13,11,35.48,0,14,8,57.14,11,16,31,8,61,35.88,21,248,59,299,175.8,51,0,536,14,2,0,Diogo Jota,Liverpool FC,606164,44,FW
30,18,28.13,176,27,36.0,403,330,715,82.37,18,47.37,20,31,1,0,0,0,84,3,3,4,1,56,31,0,0,7,21,90,0,0,2.18,1.95,25,1,12.5,0,2,3,41,34,7,1,1,,83,54.25,1,0,1,153,21,16,1,26,2133,0,,0,0,0,0,0.0,0,0,0,0,264,6,0,6.76,0,0,0,0,0,0,0,0,1066.5,33.33,3,8,8,5,7,10,37.04,0,60,31,51.67,16,64,27,64,101,52.88,75,555,377,868,209.6,16,0,1376,13,5,0,Emerson,West Ham United,155997,37,
11,14,26.92,137,13,81.25,227,73,286,82.18,7,41.18,10,29,0,0,0,0,50,3,3,3,0,9,28,0,0,14,14,69,0,1,2.02,2.52,11,0,8.0,0,2,2,12,12,0,2,0,,43,42.16,0,0,0,62,5,21,2,9,960,0,,0,1,0,0,0.0,0,0,0,0,168,9,0,6.76,0,0,0,0,0,0,0,0,480.0,0.0,0,16,9,10,12,11,35.48,0,14,6,42.86,20,21,31,52,50,42.02,16,316,84,348,189.3,25,0,591,18,3,0,David Brooks,Bournemouth,855731,60,MF
14,1,4.35,233,23,58.97,432,293,724,82.74,30,40.0,45,33,2,0,0,0,150,3,4,13,6,19,33,0,0,38,29,178,1,0,1.4,4.14,49,0,9.68,0,3,5,33,30,3,3,0,,77,36.67,1,0,0,151,10,28,0,31,2585,10,,0,0,0,0,0.0,0,0,0,0,278,27,0,6.76,1,2,0,0,0,0,0,0,861.67,0.0,0,28,3,8,10,24,53.33,0,48,28,58.33,28,24,45,23,107,37.54,39,568,330,875,223.1,31,0,1231,5,3,1,Abdoulaye Doucouré,Everton,96535,48,MF
69,6,40.0,290,58,48.74,611,638,1243,87.35,18,42.86,24,33,1,0,0,0,157,1,0,4,1,44,33,0,0,13,35,126,1,4,1.49,0.44,48,0,7.69,0,1,2,67,61,6,0,1,,112,52.34,0,0,0,180,29,24,0,31,2753,0,,1,0,0,1,0.0,0,0,0,0,236,15,0,6.76,0,1,0,0,0,0,0,0,2753.0,0.0,0,0,13,6,3,17,65.38,0,68,41,60.29,24,113,26,15,130,50.78,119,743,695,1423,223.1,13,0,1764,27,10,0,Sam Morsy,Ipswich Town,108515,32,MF
58,0,0.0,167,52,40.63,461,753,1214,89.33,19,39.58,29,24,0,0,0,0,62,0,0,3,5,74,24,0,0,5,7,51,1,1,0.44,0.52,8,0,0.0,47,0,0,33,28,5,0,0,,42,65.63,0,0,1,145,10,3,0,23,2020,0,,0,0,0,0,0.0,0,0,0,0,165,0,0,6.76,0,0,0,0,0,0,0,0,0.0,0.0,0,6,2,2,3,15,88.24,0,21,15,71.43,3,113,17,3,61,54.46,128,556,806,1359,162.2,8,0,1561,7,2,0,Pau Torres,Aston Villa,864169,40,DF
13,1,9.09,42,15,62.5,89,158,246,88.81,3,60.0,2,7,0,0,0,0,9,1,0,0,0,7,7,0,0,0,0,6,0,0,0.77,0.03,3,0,0.0,3,0,0,5,5,0,0,0,,5,55.56,0,0,0,31,2,6,0,4,348,0,,1,1,0,0,0.0,0,0,0,0,44,0,0,6.76,0,0,0,0,0,0,0,0,0.0,0.0,0,0,1,1,0,0,0.0,0,4,3,75.0,5,23,1,11,8,57.14,24,111,177,277,47.3,1,0,321,1,1,0,Luke Shaw,Manchester United,190839,35,DF
8,1,33.33,73,10,71.43,123,38,160,71.43,20,37.04,34,30,2,0,0,0,41,3,8,6,0,11,30,0,0,21,11,104,0,0,0.52,5.71,27,0,14.71,0,5,7,21,18,3,5,0,,43,38.05,0,0,0,64,4,12,1,8,1137,12,,0,1,0,0,0.0,0,0,0,1,126,9,0,6.76,0,4,0,0,0,0,0,0,227.4,0.0,0,28,6,15,13,8,36.36,0,21,18,85.71,11,12,22,3,63,37.72,14,179,48,224,202.7,34,1,412,14,8,0,Darwin Núñez,Liverpool FC,924871,44,FW
7,0,0.0,67,11,55.0,221,269,490,90.41,13,61.9,8,13,0,0,0,0,30,1,0,0,2,28,13,0,0,5,9,33,1,0,0.38,0.37,5,0,25.0,0,1,1,12,12,0,1,0,,27,51.92,1,0,0,52,7,5,0,9,853,2,,0,0,0,0,0.0,0,0,0,0,81,2,0,6.75,0,0,0,0,0,0,0,0,853.0,0.0,0,2,2,3,1,10,62.5,0,15,9,60.0,5,12,16,1,40,54.79,20,251,292,542,87.8,4,0,678,2,3,0,Axel Disasi,Aston Villa,827243,40,DF
20,9,29.03,165,25,56.82,322,279,592,82.45,4,23.53,13,34,0,0,0,0,89,4,0,9,2,14,34,0,1,20,27,96,0,0,1.59,1.09,28,0,0.0,0,0,0,26,21,5,0,0,,75,47.47,0,0,0,126,18,20,0,15,1594,2,,0,0,0,0,0.0,0,0,0,0,195,10,0,6.75,1,0,0,0,0,0,0,0,0.0,0.0,0,10,10,7,4,7,43.75,0,47,29,61.7,20,39,16,31,79,45.14,44,427,322,718,229.6,20,0,985,21,4,0,Daichi Kamada,Crystal Palace,794338,7,MF
18,3,8.82,138,14,66.67,189,87,273,77.56,6,40.0,9,24,2,0,0,0,59,3,1,15,0,8,23,0,0,25,8,78,0,0,2.95,1.73,12,0,3.57,0,1,3,19,16,3,1,0,,47,40.52,0,0,3,79,3,16,1,14,1151,3,,0,0,0,0,0.0,0,0,0,1,201,11,0,6.75,0,0,0,0,0,0,0,0,1151.0,0.0,2,18,10,7,6,22,47.83,0,7,5,71.43,16,25,46,34,53,40.46,21,281,105,352,155.3,28,0,600,18,3,0,Leon Bailey,Aston Villa,808590,40,MF
5,4,40.0,191,7,46.67,357,271,624,93.55,11,52.38,10,23,0,0,0,0,53,0,0,2,3,24,23,0,2,9,1,40,0,0,0.48,0.16,11,0,33.33,0,1,1,16,15,1,1,0,,81,72.97,0,0,0,43,7,8,0,15,1377,0,,0,0,0,1,0.0,0,0,0,0,105,5,0,6.75,2,1,0,0,0,0,0,0,1377.0,0.0,0,3,0,0,1,12,57.14,0,22,14,63.64,8,13,21,10,92,69.7,15,394,283,667,155.3,3,1,964,47,3,0,Myles Lewis-Skelly,Arsenal,1423711,42,DF
1,0,0.0,41,4,44.44,79,36,115,72.33,19,47.5,21,20,0,0,0,0,19,0,7,5,0,12,20,0,1,15,3,61,0,0,0.25,4.86,14,0,22.58,0,7,7,12,9,3,5,2,,26,39.39,2,0,0,44,0,4,5,4,626,5,,0,0,0,0,0.0,0,0,0,0,89,4,0,6.75,1,0,0,0,0,0,0,0,89.43,0.0,0,25,6,11,15,3,23.08,0,8,7,87.5,4,3,13,3,45,42.45,9,118,44,159,135.0,31,0,295,15,3,0,Jhon Durán,Aston Villa,974577,40,
12,4,12.9,104,16,42.11,178,189,363,82.13,10,41.67,14,19,2,0,0,0,39,4,0,0,2,31,18,0,0,6,17,51,0,0,2.11,0.2,6,0,0.0,0,0,2,20,20,0,0,0,,35,48.61,0,0,0,79,4,14,0,11,1107,0,,0,0,0,0,0.0,0,0,0,0,138,3,0,6.75,0,0,0,0,0,0,0,0,0.0,0.0,0,3,2,3,2,7,46.67,0,18,8,44.44,14,23,15,31,45,46.88,38,245,228,442,121.5,5,0,670,10,2,0,Mads Roerslev,Brentford,826057,50,DF
3,2,16.67,24,1,9.09,46,32,76,71.03,5,71.43,2,4,0,0,0,0,14,0,0,1,0,6,4,0,0,1,3,9,0,0,0.25,0.12,2,0,0.0,0,0,0,3,3,0,0,0,,12,63.16,0,0,0,31,4,1,0,1,195,0,,0,0,0,0,0.0,0,0,0,0,47,0,0,6.75,0,0,0,0,0,0,0,0,0.0,0.0,1,1,1,1,0,2,66.67,0,4,3,75.0,1,8,3,12,17,65.38,11,71,48,107,27.0,2,0,177,6,2,0,Sergio Reguilón,Tottenham Hotspur,858195,33,DF
5,0,0.0,44,5,22.73,133,224,357,91.3,7,63.64,4,6,0,0,0,0,27,0,0,1,2,28,6,0,0,1,1,11,1,0,0.09,0.02,3,0,0.0,1,0,0,6,5,1,0,0,,7,50.0,0,0,0,34,3,2,0,6,504,0,,1,0,0,0,0.0,0,0,0,0,40,0,0,6.75,0,0,0,0,0,0,0,0,0.0,0.0,0,0,1,0,0,0,0.0,0,5,4,80.0,2,10,2,1,14,56.0,22,151,241,391,40.5,1,0,450,3,1,0,Abdukodir Khusanov,Manchester City,1194333,17,DF
15,0,0.0,33,20,37.74,162,394,556,86.47,23,51.11,22,19,0,0,0,0,44,0,1,0,1,76,17,0,0,2,7,46,1,2,0.18,0.62,16,0,25.0,26,1,1,26,25,1,1,0,,34,58.62,1,0,0,87,15,0,0,12,1128,0,,0,0,0,0,0.0,0,0,0,0,101,1,0,6.75,0,0,0,0,0,0,0,0,1128.0,0.0,0,3,1,2,2,0,0.0,0,25,14,56.0,0,31,0,1,57,55.34,53,202,442,643,114.7,4,0,828,9,4,0,Caleb Okoli,Leicester City,967722,31,DF
24,2,28.57,189,22,64.71,377,340,715,87.41,19,38.0,31,25,0,0,0,0,88,4,0,8,2,12,25,0,0,36,16,133,1,0,1.79,0.77,27,0,0.0,0,0,0,27,25,2,0,0,,90,46.88,0,0,1,103,19,14,0,19,1656,3,,0,0,0,0,0.0,0,0,0,0,215,14,0,6.74,0,0,0,0,0,0,0,0,0.0,0.0,0,7,8,5,2,23,47.92,0,46,29,63.04,14,44,48,7,109,45.04,34,447,378,818,168.6,15,0,1150,21,5,0,Kobbie Mainoo,Manchester United,1142175,35,MF
33,30,30.93,171,42,39.62,399,471,840,81.79,23,35.38,42,30,1,0,0,0,99,5,1,0,1,66,30,0,0,13,42,125,0,3,1.73,0.13,19,0,0.0,0,0,1,62,56,6,0,0,,112,57.44,0,0,0,187,42,18,0,29,2489,3,,1,0,0,1,0.0,0,0,0,0,337,9,0,6.74,0,0,0,0,0,0,0,0,0.0,0.0,0,3,0,3,0,8,47.06,0,87,51,58.62,18,79,17,97,135,51.92,106,582,542,1027,202.3,3,0,1682,18,1,0,Victor Kristiansen,Leicester City,1092409,31,DF
18,9,42.86,152,29,67.44,332,287,610,88.66,9,52.94,8,27,1,0,0,0,73,1,0,5,1,21,26,0,0,19,15,81,2,1,0.82,0.7,20,0,0.0,0,0,1,25,23,2,0,0,,77,51.33,0,0,1,78,24,12,0,11,1219,0,,0,1,0,0,0.0,0,0,0,0,152,10,0,6.74,0,0,0,0,0,0,0,0,0.0,0.0,0,8,4,5,2,21,51.22,0,39,19,48.72,11,30,41,21,86,51.5,43,397,312,688,175.3,12,0,959,17,3,0,Lucas Bergvall,Tottenham Hotspur,1391251,33,MF
12,0,0.0,35,10,76.92,82,92,174,82.86,4,66.67,2,10,0,0,0,0,19,0,0,0,0,11,10,0,0,1,7,18,0,0,0.08,0.09,6,0,0.0,0,0,0,8,6,2,0,0,,27,62.79,0,0,0,36,4,0,0,4,392,0,,0,0,0,0,0.0,0,0,0,0,48,0,0,6.74,0,0,0,0,0,0,0,0,0.0,0.0,0,1,1,1,1,6,75.0,0,13,8,61.54,0,20,8,3,31,63.27,13,108,105,210,67.4,2,0,317,8,1,0,Ricardo Pereira,Leicester City,221200,31,DF
1,0,0.0,23,1,50.0,37,16,53,82.81,0,0.0,2,9,0,0,0,0,4,0,0,1,0,0,8,0,0,2,1,7,0,0,0.2,0.52,1,0,0.0,0,0,0,3,3,0,0,0,,7,58.33,0,0,0,11,0,3,0,1,176,2,,0,0,0,0,0.0,0,0,0,0,15,0,0,6.74,0,0,0,0,0,0,0,0,0.0,0.0,0,6,0,3,2,1,50.0,0,3,2,66.67,3,3,2,0,7,50.0,2,47,17,64,53.9,6,0,88,3,0,0,Miguel Almirón,Newcastle United,333373,39,FW
17,16,25.4,235,36,34.29,511,402,897,82.22,28,40.0,42,34,4,0,0,0,139,3,1,6,4,84,34,0,0,21,23,165,2,1,1.71,1.08,48,0,0.0,0,0,4,49,44,5,0,0,,124,50.2,0,0,1,194,23,25,0,32,2891,4,,0,0,0,1,0.0,0,0,0,0,357,12,0,6.74,0,0,0,0,0,0,0,0,0.0,0.0,0,6,12,5,7,32,50.79,0,62,36,58.06,25,48,63,63,152,47.95,105,682,472,1091,229.0,18,0,1817,30,8,0,Nélson Semedo,Wolverhampton,252821,3,MF
5,1,50.0,29,2,100.0,42,12,53,85.48,1,33.33,2,8,0,0,0,0,5,1,0,2,0,1,6,0,0,6,3,18,0,0,0.67,0.32,3,0,0.0,0,0,0,0,0,0,0,0,,13,44.83,0,0,0,9,1,3,0,1,144,0,,0,0,0,0,0.0,0,0,0,0,22,1,0,6.73,0,0,0,0,0,0,0,0,0.0,0.0,0,3,0,1,0,4,50.0,0,7,5,71.43,3,5,8,2,14,43.75,2,51,13,62,40.4,3,0,100,2,0,0,Joshua King,Fulham,1546231,43,MF
33,0,0.0,45,31,44.29,253,617,870,90.81,27,58.7,19,18,0,0,0,0,46,0,0,1,0,74,18,0,0,0,6,37,0,1,0.11,0.1,12,0,0.0,42,0,0,35,30,5,0,0,,29,61.7,0,0,0,88,16,3,0,16,1395,0,,1,0,0,0,0.0,0,0,0,0,91,0,0,6.73,0,0,0,0,0,0,0,0,0.0,0.0,0,3,0,0,2,4,100.0,0,22,10,45.45,3,45,4,0,56,60.22,70,310,648,958,121.2,3,0,1114,4,5,0,Jannik Vestergaard,Leicester City,120538,31,DF
14,0,0.0,105,30,63.83,328,539,867,92.43,6,37.5,10,19,0,0,0,0,44,1,0,0,1,49,18,0,2,3,13,43,1,1,0.28,0.57,13,0,25.0,8,1,1,28,24,4,1,0,,38,53.52,1,0,1,71,13,3,0,17,1394,1,,0,0,0,1,0.0,0,0,0,0,87,0,0,6.73,2,0,0,0,0,0,0,0,1394.0,0.0,0,3,1,2,2,0,0.0,0,34,20,58.82,3,24,4,1,44,50.57,47,364,575,938,121.1,4,0,1115,4,2,0,Jack Stephens,Southampton,134361,45,DF
6,0,0.0,69,9,64.29,110,68,178,75.74,21,35.59,38,29,1,0,0,0,26,2,10,10,0,10,27,0,0,17,6,102,0,0,0.87,5.74,31,0,6.98,0,3,4,17,14,3,3,0,,55,46.22,0,0,1,57,3,13,0,9,1045,5,,0,0,0,0,0.0,0,0,0,1,129,5,0,6.73,1,3,0,0,0,0,0,0,348.33,0.0,0,37,6,17,16,11,40.74,0,15,8,53.33,13,10,27,5,76,42.7,14,162,78,235,181.6,43,2,465,29,4,1,Eddie Nketiah,Crystal Palace,858194,7,FW
12,0,0.0,179,19,45.24,422,581,1003,90.85,17,50.0,17,27,0,0,0,0,83,2,1,4,3,50,27,0,0,17,21,111,3,1,1.44,0.63,50,0,10.0,0,1,1,49,42,7,1,0,,96,50.53,0,0,0,101,32,15,0,25,2161,0,,0,0,0,0,0.0,0,0,0,0,149,9,0,6.73,0,1,0,0,0,0,0,0,2161.0,0.0,0,5,5,3,3,8,50.0,0,49,25,51.02,15,22,16,4,113,50.45,42,483,625,1104,181.6,10,0,1414,39,12,0,Flynn Downes,Southampton,879810,45,MF
1,1,20.0,16,1,33.33,41,28,68,89.47,0,0.0,0,4,0,0,0,0,2,1,0,0,0,2,4,0,0,0,2,4,0,0,0.2,,1,0,0.0,0,0,0,5,5,0,0,0,,4,50.0,0,0,0,8,5,2,0,1,130,0,,0,0,0,0,0.0,0,0,0,0,14,0,0,6.73,0,0,0,0,0,0,0,0,0.0,0.0,0,0,0,0,0,3,75.0,0,1,1,100.0,2,1,4,5,4,50.0,3,51,30,76,26.9,0,0,103,0,0,0,Hamza Choudhury,Leicester City,833057,31,MF
5,2,22.22,25,9,64.29,61,118,177,92.19,6,75.0,2,8,0,0,0,0,10,0,0,0,0,30,8,0,0,1,2,7,0,1,0.15,,2,0,0.0,0,0,0,12,10,2,0,0,,12,70.59,0,0,0,15,5,1,0,3,362,0,,0,0,0,0,0.0,0,0,0,0,29,0,0,6.73,0,0,0,0,0,0,0,0,0.0,0.0,0,0,0,0,0,2,100.0,0,7,5,71.43,1,7,2,9,18,72.0,14,77,124,192,53.8,0,0,285,3,1,0,Charlie Taylor,Southampton,166381,45,DF
10,1,16.67,149,15,50.0,311,289,599,85.57,21,53.85,18,26,1,0,0,0,67,0,2,4,0,23,25,0,0,13,18,87,0,2,0.6,0.86,31,0,10.0,0,1,2,39,34,5,1,0,,84,54.9,0,0,0,101,14,14,1,18,1664,0,,0,0,0,1,0.0,0,0,0,0,139,6,0,6.72,0,0,0,0,0,0,0,0,1664.0,0.0,0,6,4,5,1,19,70.37,0,50,24,48.0,14,20,27,6,105,54.69,30,382,324,700,168.1,10,0,931,16,7,0,Lesley Ugochukwu,Southampton,1048916,45,MF
4,3,10.71,78,2,25.0,117,33,147,74.24,0,0.0,1,18,3,0,0,0,18,5,2,0,0,6,17,0,0,6,10,28,0,0,1.52,0.98,3,0,0.0,0,0,3,12,12,0,0,0,,21,43.75,0,0,0,51,1,10,0,4,508,5,,0,0,0,0,0.0,0,0,0,0,108,5,0,6.72,0,0,0,0,0,0,0,0,0.0,0.0,0,5,3,5,3,10,55.56,0,6,4,66.67,10,9,18,28,21,42.86,8,185,41,198,114.3,8,0,326,5,0,0,Timo Werner,Tottenham Hotspur,232306,33,FW
1,0,0.0,29,2,50.0,43,9,52,77.61,4,50.0,4,14,0,0,0,0,9,0,4,2,0,1,13,0,0,7,3,20,0,0,0.17,2.17,1,0,20.0,0,3,3,6,6,0,3,0,,16,50.0,0,0,1,15,0,3,0,2,332,2,,0,0,0,0,0.0,0,0,0,0,45,1,0,6.72,0,3,0,0,0,0,0,0,110.67,0.0,0,11,4,4,9,4,44.44,0,7,4,57.14,3,2,9,8,20,50.0,4,64,11,67,87.4,15,0,145,5,0,0,Donyell Malen,Aston Villa,803039,40,MF
13,12,17.39,178,6,35.29,295,154,437,82.77,9,37.5,15,30,1,0,0,0,83,4,3,10,0,13,30,0,0,35,28,142,0,0,3.26,1.84,18,0,15.38,0,4,5,38,34,4,4,0,,87,40.65,0,0,0,91,11,24,2,16,1620,3,,0,2,0,0,0.0,0,0,0,0,284,10,0,6.72,0,2,0,0,0,0,0,0,405.0,0.0,1,18,8,9,7,35,42.68,0,34,19,55.88,22,26,82,69,96,40.34,17,425,172,528,201.5,26,0,957,18,2,0,Stephy Mavididi,Leicester City,605338,31,MF
9,2,15.38,122,10,47.62,189,105,292,78.92,7,28.0,18,32,4,0,0,0,75,4,2,8,0,23,32,0,0,22,17,88,2,0,1.21,1.17,15,0,0.0,0,0,4,31,29,2,0,0,,80,53.33,0,0,1,78,7,28,0,12,1186,3,,0,0,0,0,0.0,0,0,0,0,159,15,0,6.72,0,0,0,0,0,0,0,0,0.0,0.0,0,10,7,7,2,25,58.14,0,32,20,62.5,28,18,43,13,87,49.71,21,253,130,370,214.9,17,0,625,23,2,0,Jack Clarke,Ipswich Town,921005,32,MF
20,0,0.0,54,39,45.88,188,473,661,87.55,20,60.61,13,21,0,0,0,0,45,0,1,1,1,70,20,0,0,2,5,30,1,1,0.1,0.53,10,0,0.0,2,0,0,19,16,3,0,0,,31,64.58,0,0,0,94,9,3,0,15,1357,0,,1,0,0,0,0.0,0,0,0,0,107,1,0,6.72,0,0,0,0,0,0,0,0,0.0,0.0,0,4,1,2,2,1,50.0,0,26,12,46.15,3,45,2,1,51,62.96,85,244,512,755,134.3,5,0,911,4,2,0,Issa Diop,Fulham,825719,43,DF
12,0,0.0,11,46,37.7,27,115,142,64.55,2,100.0,0,7,0,0,0,0,62,0,0,0,1,4,7,1,0,0,1,1,0,1,0.01,,0,0,0.0,51,0,0,19,16,3,0,0,-1.68,1,50.0,0,10,0,78,0,1,0,7,630,0,,0,0,0,0,0.0,2,0,0,0,78,0,2,6.71,0,0,2,15,5,20,0,2,0.0,0.0,0,0,0,0,0,0,0.0,2,0,0,0.0,1,21,0,0,3,75.0,122,91,129,220,47.0,0,0,296,1,0,0,Christian Walton,Ipswich Town,198038,32,GK
15,4,28.57,205,22,40.0,404,248,648,88.65,9,56.25,7,15,0,0,0,0,46,2,0,2,0,11,15,0,0,2,12,29,0,1,1.34,0.14,6,0,0.0,0,0,0,21,20,1,0,0,,25,53.19,0,0,0,83,3,7,0,9,973,1,,0,0,0,0,0.0,0,0,0,0,115,2,0,6.71,0,0,0,0,0,0,0,0,0.0,0.0,0,0,5,1,2,3,60.0,0,17,10,58.82,7,39,5,14,34,53.97,55,478,267,731,100.7,5,0,909,5,3,0,Kyle Walker,Manchester City,44614,17,DF
10,1,6.67,59,8,22.22,132,132,263,81.68,6,50.0,6,15,0,0,0,0,34,0,0,2,1,20,15,0,0,3,8,27,0,0,0.14,0.11,5,0,0.0,0,0,0,9,6,3,0,0,,26,55.32,0,0,0,59,11,2,0,7,662,1,,0,0,0,0,0.0,0,0,0,0,99,1,0,6.71,0,0,0,0,0,0,0,0,0.0,0.0,0,1,2,1,0,2,28.57,0,21,11,52.38,2,19,7,15,32,54.24,36,183,154,322,100.7,3,0,488,3,1,0,Oliver Scarles,West Ham United,1150952,37,MF
10,0,0.0,36,31,43.06,110,385,495,88.55,15,50.0,15,15,0,0,0,0,38,0,0,0,1,76,15,0,0,0,3,23,0,0,0.05,0.03,5,0,0.0,3,0,0,28,23,5,0,0,,11,57.89,0,0,0,64,19,0,0,12,1186,1,,0,0,0,0,0.0,0,0,0,0,70,0,0,6.71,0,0,0,0,0,0,0,0,0.0,0.0,0,1,0,1,0,0,0.0,0,9,6,66.67,0,22,0,0,26,53.06,72,152,407,559,100.7,1,0,702,2,2,0,Luke Woolfenden,Ipswich Town,893478,32,DF
9,0,0.0,47,6,46.15,100,60,160,61.3,93,60.39,61,25,1,0,0,0,19,0,5,8,0,16,23,0,0,36,4,141,0,1,0.28,3.62,28,0,11.76,0,4,5,26,22,4,4,0,,31,27.93,2,0,1,101,1,8,2,11,1067,10,,0,0,0,0,0.0,0,0,0,0,204,1,0,6.71,0,0,0,0,0,0,0,0,266.75,0.0,0,34,0,11,15,8,36.36,0,7,2,28.57,8,21,22,0,124,46.79,13,183,78,261,154.4,34,0,494,16,4,0,Paul Onuachu,Southampton,295123,45,FW
5,1,50.0,24,7,87.5,55,54,108,90.0,1,50.0,1,10,0,0,0,0,10,1,0,1,0,5,8,0,0,3,4,14,0,0,0.13,0.12,6,0,0.0,0,0,0,4,3,1,0,0,,9,40.91,0,0,0,12,1,1,0,1,178,0,,0,0,0,0,0.0,0,0,0,0,19,1,0,6.71,0,0,0,0,0,0,0,0,0.0,0.0,0,0,4,1,2,1,100.0,0,7,4,57.14,1,7,1,2,10,41.67,8,64,58,120,53.7,4,0,158,1,2,0,Andy Irving,West Ham United,845464,37,MF
10,7,25.0,173,14,58.33,315,186,494,84.3,10,28.57,25,33,0,0,0,0,80,3,2,8,0,16,33,0,0,55,10,163,0,1,1.46,2.56,30,0,7.14,0,2,2,50,45,5,2,0,,129,48.31,0,0,2,92,8,20,2,20,1883,2,,0,0,0,0,0.0,0,0,0,2,265,5,0,6.71,0,0,0,0,0,0,0,0,941.5,0.0,0,16,12,11,9,45,51.14,0,34,20,58.82,20,24,88,28,139,46.03,24,410,204,586,221.5,28,0,1004,50,6,0,Tyler Dibling,Southampton,1174472,45,MF
45,4,66.67,191,37,53.62,409,449,854,86.52,30,55.56,24,28,1,0,0,0,88,1,0,6,0,41,28,0,0,15,18,111,1,0,0.89,0.38,42,0,0.0,0,0,1,29,25,4,0,0,,82,48.52,0,0,0,133,18,12,0,20,1783,4,,0,0,0,0,0.0,0,0,0,0,199,5,0,6.71,1,0,0,0,0,0,0,0,0.0,0.0,0,1,11,5,1,14,50.0,0,50,27,54.0,12,77,28,6,112,50.22,69,499,494,987,187.9,12,0,1287,18,7,1,Edson Álvarez,West Ham United,847151,37,MF
5,0,0.0,56,4,50.0,96,72,168,88.42,6,46.15,7,14,0,0,0,0,16,0,0,1,0,5,12,0,0,1,7,19,0,2,0.3,0.55,3,0,33.33,0,1,1,4,3,1,1,0,,16,57.14,0,0,0,22,2,1,1,1,324,0,,0,0,0,0,0.0,0,0,0,0,33,3,0,6.71,0,0,0,0,0,0,0,0,324.0,0.0,0,3,0,0,2,1,50.0,0,14,11,78.57,1,8,2,0,22,53.66,8,111,79,190,80.5,3,0,241,1,0,0,Lewis Miley,Newcastle United,1400650,39,MF
10,10,24.39,124,5,41.67,196,86,272,81.93,7,63.64,4,29,2,0,0,0,47,3,4,14,0,6,28,0,0,12,16,71,0,2,2.79,2.46,13,0,6.06,0,2,4,23,22,1,2,0,,48,41.74,0,0,1,60,8,16,1,12,1147,4,,0,0,0,0,0.0,0,0,0,0,172,9,0,6.71,0,1,0,0,0,0,0,0,573.5,0.0,0,25,8,11,8,21,43.75,0,23,14,60.87,16,19,48,41,55,43.65,12,276,97,332,187.8,33,0,592,4,0,0,Simon Adingra,Brighton & Hove Albion,1110842,30,MF
12,5,26.32,88,6,27.27,146,108,249,77.81,3,21.43,11,15,1,0,0,0,50,2,0,5,1,38,15,0,0,6,24,61,0,0,1.12,0.16,12,0,0.0,0,0,1,16,14,2,0,0,,39,43.82,0,0,0,71,15,8,0,11,966,0,,0,0,0,0,0.0,0,0,0,0,151,0,0,6.71,0,0,0,0,0,0,0,0,0.0,0.0,0,2,4,1,0,8,50.0,0,25,18,72.0,8,25,16,19,42,40.78,22,209,130,320,100.6,6,0,587,6,2,0,Álex Moreno,Nottingham Forest,294593,14,DF
2,3,18.75,106,1,50.0,140,17,154,84.62,1,25.0,3,17,2,0,0,0,16,0,1,7,0,3,16,0,0,14,5,43,0,0,0.49,1.43,12,0,0.0,0,0,2,4,4,0,0,0,,27,40.3,0,0,0,28,1,8,0,7,509,4,,0,0,0,0,0.0,0,0,0,0,81,2,0,6.71,0,0,0,0,0,0,0,0,0.0,0.0,2,8,3,4,0,10,50.0,0,9,4,44.44,8,6,20,16,28,39.44,2,180,18,182,107.3,11,0,300,8,1,0,Raheem Sterling,Arsenal,138534,42,FW
4,3,37.5,24,3,60.0,39,24,60,71.43,4,33.33,8,19,0,0,0,0,25,1,1,3,0,4,17,0,0,5,4,27,0,0,0.36,1.01,6,0,9.09,0,1,1,5,5,0,1,0,,21,52.5,0,0,0,24,4,8,0,1,327,3,,0,0,0,0,0.0,0,0,0,0,50,3,0,6.71,0,1,0,0,0,0,0,0,327.0,0.0,0,7,4,3,5,8,61.54,0,5,3,60.0,8,6,13,8,25,48.08,5,65,27,84,114.0,11,0,175,8,1,0,Ramón Sosa,Nottingham Forest,1015733,14,MF
15,2,20.0,123,24,48.98,286,345,629,85.93,13,37.14,22,30,1,0,0,0,107,0,0,4,0,33,29,0,0,17,28,109,1,1,0.74,0.69,24,0,8.33,0,1,2,46,43,3,0,1,,94,51.93,0,0,0,103,28,13,0,25,1976,0,,0,0,0,0,0.0,0,0,0,0,202,12,0,6.7,0,1,0,0,0,0,0,0,1976.0,0.0,0,5,7,7,1,28,59.57,0,44,22,50.0,13,30,47,10,107,49.54,49,360,382,732,194.4,12,0,1090,22,2,0,Jens-Lys Cajuste,Ipswich Town,857671,32,MF
8,5,38.46,82,9,64.29,138,66,199,83.97,4,30.77,9,17,0,0,0,0,18,0,3,5,0,4,17,0,0,9,3,44,0,0,0.58,3.31,16,0,5.0,0,1,1,11,10,1,1,0,,25,41.67,0,0,0,38,4,8,0,8,625,1,,0,0,0,0,0.0,0,0,0,0,79,2,0,6.7,0,1,0,0,0,0,0,0,625.0,0.0,0,16,4,6,9,1,11.11,0,15,5,33.33,8,17,9,13,29,39.73,14,177,73,237,113.9,20,0,360,9,3,0,Mason Mount,Manchester United,836694,35,MF
0,1,100.0,15,4,20.0,57,78,134,81.21,7,77.78,2,10,1,0,0,0,19,1,0,0,0,15,9,0,0,2,0,10,0,0,0.11,0.41,5,0,0.0,0,0,1,6,6,0,0,0,,11,57.89,0,0,0,31,1,2,0,4,335,1,,0,0,0,0,0.0,0,0,0,0,41,0,0,6.7,0,0,0,0,0,0,0,0,0.0,0.0,0,3,0,3,0,2,66.67,0,5,4,80.0,2,9,3,1,18,64.29,20,81,85,165,60.3,3,0,229,5,2,0,Lloyd Kelly,Newcastle United,865167,39,DF
10,0,0.0,29,7,19.44,67,80,147,71.71,15,55.56,12,10,1,0,0,0,13,1,0,2,0,31,9,0,0,0,8,28,0,0,0.26,0.29,7,0,0.0,0,0,1,9,8,1,0,0,,20,55.56,0,0,0,58,9,3,0,6,456,0,,0,0,0,0,0.0,0,0,0,0,89,0,0,6.7,0,0,0,0,0,0,0,0,0.0,0.0,0,5,1,4,0,1,50.0,0,15,8,53.33,3,27,2,10,35,55.56,36,116,99,205,60.3,6,0,330,5,1,0,James Hill,Bournemouth,1156586,60,DF
5,0,0.0,8,5,50.0,21,49,70,85.37,2,33.33,4,1,0,0,0,0,4,0,0,0,0,0,1,0,0,0,1,6,0,0,0.02,,1,0,0.0,0,0,0,2,2,0,0,0,,5,71.43,0,0,0,12,2,0,0,1,90,0,,0,0,0,0,0.0,0,0,0,0,13,0,0,6.7,0,0,0,0,0,0,0,0,0.0,0.0,0,0,0,0,0,0,0.0,0,5,2,40.0,0,9,0,0,7,53.85,10,27,55,82,6.7,0,0,91,0,0,0,Chadi Riad,Crystal Palace,1064218,7,DF
0,0,0.0,2,0,0.0,5,3,8,88.89,0,0.0,0,1,0,0,0,0,0,0,0,0,0,0,1,0,0,0,1,1,0,0,0.05,,0,0,0.0,0,0,0,0,0,0,0,0,,1,50.0,0,0,0,1,0,0,0,0,14,0,,0,0,0,0,0.0,0,0,0,0,2,0,0,6.7,0,0,0,0,0,0,0,0,0.0,0.0,0,0,0,0,0,0,0.0,0,1,1,100.0,0,0,0,0,1,50.0,0,6,3,9,6.7,0,0,12,0,0,0,Harry Howell,Brighton & Hove Albion,1627806,30,MF
0,0,0.0,1,0,0.0,1,3,4,66.67,0,0.0,0,1,0,0,0,0,2,0,0,0,0,0,1,0,0,0,0,0,0,0,0.0,,0,0,0.0,0,0,0,0,0,0,0,0,,1,100.0,0,0,0,2,0,0,0,0,9,0,,0,0,0,0,0.0,0,0,0,0,3,0,0,6.7,0,0,0,0,0,0,0,0,0.0,0.0,0,0,0,0,0,0,0.0,0,1,1,100.0,0,0,0,0,1,100.0,0,2,4,6,6.7,0,0,8,0,0,0,Ryan Trevitt,Brentford,1177007,50,MF
0,0,0.0,0,0,0.0,4,1,5,71.43,1,100.0,0,4,0,0,0,0,2,0,0,0,0,0,2,0,0,0,1,1,0,0,0.0,,0,0,0.0,0,0,0,0,0,0,0,0,,1,50.0,0,0,0,2,2,0,0,0,22,0,,0,0,0,0,0.0,0,0,0,0,2,0,0,6.7,0,0,0,0,0,0,0,0,0.0,0.0,0,0,0,0,0,0,0.0,0,0,0,0.0,0,0,0,0,2,66.67,0,6,1,7,13.4,0,0,10,1,0,0,Ben Winterburn,Bournemouth,2007889,60,MF
0,0,0.0,1,0,0.0,1,2,3,75.0,0,0.0,0,1,0,0,0,0,0,0,0,0,0,1,1,0,0,0,0,0,0,0,0.0,0.18,0,0,0.0,0,0,0,0,0,0,0,0,,0,0.0,0,0,1,1,0,0,0,0,16,0,,0,0,0,0,0.0,0,0,0,0,1,0,0,6.7,0,0,0,0,0,0,0,0,0.0,0.0,0,1,0,1,0,0,0.0,0,0,0,0.0,0,1,0,0,0,0.0,1,2,2,4,6.7,1,0,8,0,0,0,Takehiro Tomiyasu,Arsenal,804434,42,DF
0,0,0.0,0,0,0.0,0,0,0,0.0,0,0.0,0,1,0,0,0,0,0,0,0,0,0,0,1,0,0,0,0,0,0,0,,0.07,0,0,0.0,0,0,0,0,0,0,0,0,,0,0.0,0,0,0,0,0,0,0,0,11,0,,0,0,0,0,0.0,0,0,0,0,0,0,0,6.7,0,0,0,0,0,0,0,0,0.0,0.0,0,1,0,0,1,0,0.0,0,0,0,0.0,0,0,0,0,0,0.0,0,0,0,0,6.7,1,0,1,0,0,0,Nathan Butler-Oyedeji,Arsenal,998835,42,FW
0,1,100.0,4,0,0.0,11,22,32,86.49,0,0.0,1,2,0,0,0,0,7,0,0,0,0,0,2,0,0,0,0,1,0,0,0.04,0.03,0,0,0.0,0,0,0,1,1,0,0,0,,0,0.0,0,0,0,5,1,2,0,0,47,0,,0,0,0,0,0.0,0,0,0,0,6,1,0,6.7,0,0,0,0,0,0,0,0,0.0,0.0,0,1,0,1,0,0,0.0,0,0,0,0.0,2,2,0,1,0,0.0,1,13,25,37,13.4,1,0,43,0,0,0,Lewis Orford,West Ham United,1414991,37,MF
22,4,40.0,180,26,53.06,507,563,1066,87.52,22,66.67,11,31,0,0,0,0,140,0,0,3,1,33,31,0,0,22,12,83,1,3,1.03,0.26,24,0,0.0,0,0,0,52,45,7,0,0,,86,54.43,0,0,1,152,27,11,0,25,2180,0,,0,0,0,0,0.0,0,0,0,0,222,2,0,6.7,0,0,0,0,0,0,0,0,0.0,0.0,0,1,6,4,0,27,65.85,0,37,20,54.05,11,35,41,10,108,56.54,49,611,617,1218,207.6,7,0,1523,23,8,0,Boubakary Soumaré,Leicester City,887581,31,MF
4,0,0.0,60,3,42.86,105,72,177,81.57,1,9.09,10,18,0,0,0,0,32,1,2,4,0,5,18,0,0,15,9,53,0,0,1.08,1.73,4,0,15.38,0,2,2,12,11,1,1,1,,39,47.56,0,0,0,40,4,7,0,7,696,2,,0,0,0,0,0.0,0,0,0,0,103,8,0,6.69,0,2,0,0,0,0,0,0,348.0,0.0,0,9,4,1,8,17,53.13,0,9,4,44.44,7,6,32,9,40,43.01,7,143,83,217,120.4,13,0,363,13,1,0,Nathan Broadhead,Ipswich Town,911710,32,MF
4,4,23.53,29,8,53.33,66,56,118,83.69,5,55.56,4,10,0,0,0,0,21,0,0,2,0,33,9,0,0,4,7,24,0,0,0.16,0.04,6,0,0.0,0,0,0,10,8,2,0,0,,34,62.96,0,0,0,23,7,3,0,6,486,1,,0,0,0,1,0.0,0,0,0,0,57,1,0,6.69,0,0,0,0,0,0,0,0,0.0,0.0,0,0,3,1,0,5,62.5,0,21,9,42.86,3,12,8,17,39,61.9,15,94,64,141,60.2,3,0,293,8,1,0,Welington,Southampton,1009920,45,MF
0,0,0.0,39,0,0.0,48,15,63,67.02,24,51.06,23,17,1,0,0,0,16,1,3,4,0,6,17,0,0,13,3,54,0,0,0.26,2.74,6,1,10.0,0,2,3,3,3,0,1,1,,11,26.19,1,0,0,31,0,4,0,2,345,1,,0,0,0,0,0.0,0,0,0,0,76,7,0,6.69,0,1,0,0,0,0,0,0,172.5,33.33,3,15,5,9,7,1,9.09,0,1,0,0.0,4,2,11,4,35,39.33,1,77,21,94,113.7,20,0,193,9,2,0,Enes Ünal,Bournemouth,336655,60,FW
8,3,17.65,51,6,37.5,91,57,145,77.96,2,13.33,13,23,1,0,0,0,27,1,1,3,0,11,17,0,0,3,11,37,0,0,0.41,0.76,8,0,10.0,0,1,2,8,8,0,1,0,,19,44.19,0,0,0,41,0,7,0,4,519,1,,0,0,0,0,0.0,0,0,0,0,81,5,0,6.69,0,1,0,0,0,0,0,0,519.0,0.0,1,4,6,1,6,2,50.0,0,17,12,70.59,7,14,4,17,21,36.21,16,142,61,186,113.7,10,0,288,0,1,0,Justin Devenny,Crystal Palace,1084311,7,MF
6,17,23.94,110,10,45.45,196,95,274,78.74,6,33.33,12,25,1,0,0,0,70,5,4,8,1,14,25,0,0,24,36,118,0,0,1.95,2.12,15,0,0.0,0,0,1,14,14,0,0,0,,63,37.28,0,0,0,74,12,19,0,15,1245,1,,0,0,0,0,0.0,0,0,0,0,218,8,0,6.69,0,0,0,0,0,0,0,0,0.0,0.0,6,13,15,10,10,8,20.51,0,45,25,55.56,19,11,39,71,69,36.9,22,309,110,348,167.2,28,0,679,10,2,0,Jesper Lindstrøm,Everton,947929,48,MF
5,5,35.71,32,8,40.0,60,40,95,79.17,1,12.5,7,10,1,0,0,0,12,1,0,0,0,5,8,0,0,2,7,24,0,0,0.38,0.07,6,0,0.0,0,0,1,6,4,2,0,0,,21,55.26,0,0,0,25,2,4,0,3,345,0,,0,0,0,0,0.0,0,0,0,0,54,1,0,6.69,0,0,0,0,0,0,0,0,0.0,0.0,0,1,0,1,0,9,81.82,0,11,6,54.55,4,12,11,14,22,47.83,20,89,45,120,53.5,1,0,226,1,1,0,Nathan Patterson,Everton,1020141,48,DF
0,3,60.0,23,0,0.0,35,16,48,81.36,0,0.0,1,8,0,0,0,0,11,0,1,1,0,0,8,0,0,1,3,13,0,0,0.21,1.02,2,0,0.0,0,0,0,2,2,0,0,0,,15,55.56,0,0,0,11,2,3,0,0,155,0,,0,0,0,0,0.0,0,0,0,0,25,3,0,6.69,0,0,0,0,0,0,0,0,0.0,0.0,0,3,3,2,3,4,40.0,0,6,3,50.0,3,1,10,5,15,53.57,0,42,22,59,53.5,6,0,109,5,0,0,Antony,Manchester United,958380,35,FW
9,0,0.0,84,11,73.33,148,147,295,86.01,9,56.25,7,25,0,0,0,0,31,0,0,3,2,8,23,0,0,7,9,36,0,0,0.23,0.6,9,0,0.0,0,0,0,11,11,0,0,0,,33,53.23,0,0,1,48,7,4,0,8,837,0,,0,0,0,0,0.0,0,0,0,0,75,2,0,6.69,0,0,0,0,0,0,0,0,0.0,0.0,0,5,1,2,1,2,33.33,0,27,16,59.26,4,14,6,5,42,53.85,15,188,160,343,153.8,6,0,455,6,2,0,Sean Longstaff,Newcastle United,866191,39,MF
5,1,100.0,35,12,63.16,105,252,356,93.68,17,53.13,15,16,0,0,0,0,29,0,0,0,2,36,14,0,0,1,1,25,0,2,0.1,,8,0,0.0,1,0,0,9,8,1,0,0,,8,44.44,0,0,0,24,8,3,0,6,725,0,,0,0,0,0,0.0,0,0,0,0,26,1,0,6.69,0,0,0,0,0,0,0,0,0.0,0.0,0,0,0,0,0,0,0.0,0,7,2,28.57,3,10,0,1,25,50.0,19,117,264,380,93.6,0,0,454,1,1,0,Victor Lindelöf,Manchester United,143334,35,DF
2,0,0.0,17,2,50.0,39,37,76,93.83,1,25.0,3,8,0,0,0,0,7,0,0,1,0,1,7,0,0,0,2,8,0,0,0.05,0.12,2,0,0.0,0,0,0,1,1,0,0,0,,9,64.29,0,0,0,5,1,1,0,0,121,0,,0,0,0,0,0.0,0,0,0,0,11,0,0,6.69,0,0,0,0,0,0,0,0,0.0,0.0,0,0,1,0,0,3,75.0,0,2,1,50.0,1,2,4,3,10,55.56,4,45,39,81,46.8,1,0,107,4,0,0,Paris Maghoma,Brentford,907500,50,MF
15,2,22.22,82,8,40.0,122,109,229,74.84,3,23.08,10,22,1,0,0,0,27,1,1,6,0,3,20,0,0,5,8,36,0,0,0.62,1.52,11,0,6.25,0,1,2,19,17,2,1,0,,26,50.0,0,0,0,77,4,8,1,10,869,0,,0,0,0,0,0.0,0,0,0,0,105,5,0,6.69,0,0,0,0,0,0,0,0,869.0,0.0,0,10,6,6,4,4,50.0,0,15,5,33.33,8,30,8,9,29,44.62,20,187,128,306,133.7,16,0,411,7,2,0,Conor Chaplin,Ipswich Town,784625,32,MF
22,31,23.66,149,13,32.5,284,123,376,73.29,4,12.5,28,34,0,0,0,0,73,6,4,10,2,31,33,0,0,41,31,156,1,1,3.13,3.52,13,0,3.45,0,1,1,27,24,3,1,0,,84,39.62,0,0,0,137,10,34,1,24,2088,4,,0,1,0,0,0.0,0,0,0,1,383,9,0,6.68,0,0,0,0,0,0,0,0,2088.0,0.0,0,23,6,12,7,24,35.82,0,32,22,68.75,33,54,67,131,88,36.07,40,488,156,513,220.6,29,0,1041,28,0,0,Jack Harrison,Everton,829570,48,MF
4,2,25.0,40,0,0.0,73,27,98,83.76,2,40.0,3,15,0,0,0,0,8,2,3,0,0,1,13,0,0,1,6,21,0,0,0.81,2.8,6,0,25.0,0,3,3,6,5,1,3,0,,10,35.71,1,0,0,19,2,3,2,3,362,0,,0,0,0,0,0.0,0,0,0,0,36,0,0,6.68,0,0,0,0,0,0,0,0,120.67,0.0,0,9,3,8,4,2,28.57,0,5,2,40.0,3,5,7,8,12,36.36,0,92,33,117,86.9,12,0,174,3,1,0,James McAtee,Manchester City,1003334,17,MF
19,1,25.0,67,28,59.57,221,441,661,92.71,8,57.14,6,13,0,0,0,0,42,0,0,0,1,38,13,0,0,0,6,22,1,0,0.27,0.05,9,0,0.0,25,0,0,17,16,1,0,0,,16,50.0,0,0,0,52,4,2,0,10,967,0,,0,0,0,0,0.0,0,0,0,0,61,0,0,6.68,0,0,0,0,0,0,0,0,0.0,0.0,0,1,0,1,0,5,83.33,0,5,5,100.0,2,33,6,4,24,52.17,47,252,465,713,86.9,1,0,831,6,4,0,Igor Júlio,Brighton & Hove Albion,842513,30,
5,0,0.0,15,8,50.0,35,22,57,77.03,2,66.67,1,5,0,0,0,0,7,0,1,0,0,7,5,0,0,1,1,4,0,0,0.03,0.57,0,0,0.0,0,0,0,4,4,0,0,0,,8,72.73,0,0,0,17,1,0,0,3,224,0,,0,0,0,0,0.0,0,0,0,0,28,0,0,6.68,0,0,0,0,0,0,0,0,0.0,0.0,0,1,0,0,1,4,80.0,0,3,2,66.67,0,12,5,4,10,71.43,16,53,25,74,33.4,1,0,127,1,1,0,Séamus Coleman,Everton,76632,48,DF
9,6,27.27,112,9,39.13,175,71,240,77.42,6,31.58,13,29,4,0,0,0,36,2,6,8,0,3,27,0,0,18,12,72,0,0,0.93,3.2,15,0,7.41,0,2,6,25,22,3,2,0,,41,41.0,0,0,0,70,5,14,0,10,1011,3,,0,0,0,0,0.0,0,0,0,0,161,5,0,6.68,0,2,0,0,0,0,0,0,505.5,0.0,0,14,13,11,8,9,37.5,0,16,5,31.25,14,23,24,22,47,39.5,23,246,86,310,180.3,27,0,525,17,1,0,Gonçalo Guedes,Wolverhampton,280979,3,MF
2,1,16.67,86,2,33.33,135,45,179,63.48,86,50.59,84,26,1,0,0,0,35,1,16,8,3,23,26,0,0,33,4,156,0,0,0.67,6.75,27,0,6.0,0,3,4,18,16,2,3,0,,41,36.28,1,0,1,103,7,7,0,19,1629,27,,0,0,0,0,0.0,0,0,0,0,233,11,0,6.68,0,2,0,0,0,0,0,0,543.0,0.0,0,48,2,22,20,10,43.48,0,9,7,77.78,7,7,23,6,127,44.88,6,228,60,282,173.6,50,0,596,23,2,0,Dominic Calvert-Lewin,Everton,372344,48,FW
2,4,19.05,65,2,40.0,112,65,173,78.64,13,43.33,17,18,1,0,0,0,45,1,3,1,0,13,17,0,0,16,15,80,0,0,0.63,1.03,18,0,7.69,0,1,2,16,14,2,1,0,,44,41.12,0,0,1,47,5,9,0,9,874,3,,0,0,0,0,0.0,0,0,0,0,120,7,0,6.68,0,1,0,0,0,0,0,0,874.0,0.0,0,10,3,5,7,6,28.57,0,23,16,69.57,9,3,21,21,57,41.61,5,167,74,220,113.5,13,0,421,15,3,0,Kasey McAteer,Leicester City,1065134,31,MF
5,0,0.0,8,21,36.84,17,47,64,64.0,0,0.0,0,4,0,0,0,0,18,0,0,0,1,3,4,0,0,0,0,0,0,1,0.01,,0,0,0.0,26,0,0,6,5,1,0,0,0.36,1,100.0,0,2,0,36,0,0,0,1,225,0,,0,0,0,0,0.0,1,0,0,0,36,0,1,6.68,0,0,1,4,4,8,0,2,0.0,0.0,0,0,0,0,0,0,0.0,1,1,0,0.0,0,9,0,0,1,100.0,57,48,52,100,26.7,0,0,116,0,0,0,Robin Olsen,Aston Villa,26025,40,GK
3,0,0.0,39,4,100.0,88,90,178,94.18,3,42.86,4,20,0,0,0,0,14,0,0,0,0,8,16,0,0,3,4,26,0,0,0.1,,15,0,0.0,0,0,0,5,5,0,0,0,,21,48.84,0,0,0,11,6,2,0,1,300,0,,0,0,0,0,0.0,0,0,0,0,21,2,0,6.68,0,0,0,0,0,0,0,0,0.0,0.0,0,0,0,0,0,2,100.0,0,12,8,66.67,2,3,2,1,24,48.0,4,97,93,189,106.8,0,0,253,7,0,0,Wataru Endo,Liverpool FC,143040,44,MF
16,0,0.0,33,29,40.28,165,572,737,88.05,35,52.24,32,29,0,0,0,0,43,0,0,0,4,70,28,0,0,2,5,67,0,0,0.12,0.43,26,0,0.0,9,0,0,34,30,4,0,0,,46,56.79,0,0,1,100,15,0,0,18,1716,0,,0,0,0,0,0.0,0,0,0,0,109,2,0,6.68,0,0,0,0,0,0,0,0,0.0,0.0,0,5,1,3,3,0,0.0,0,41,21,51.22,0,39,4,0,81,54.73,72,224,613,837,186.9,6,0,1046,5,2,0,Santiago Bueno,Wolverhampton,846308,3,DF
3,0,0.0,15,2,66.67,26,14,40,74.07,7,53.85,6,8,0,0,0,0,12,0,0,0,0,3,8,0,0,2,1,13,0,1,0.04,0.13,3,0,0.0,0,0,0,4,3,1,0,0,,11,61.11,0,0,0,14,2,2,0,1,174,1,,0,0,0,0,0.0,0,0,0,0,27,1,0,6.68,0,0,0,0,0,0,0,0,0.0,0.0,0,2,0,2,0,3,60.0,0,5,3,60.0,2,5,5,2,18,58.06,3,36,20,54,53.4,2,0,93,3,0,0,Igor Thiago,Brentford,1016907,50,FW
21,1,100.0,60,25,28.74,232,481,712,85.17,34,59.65,23,16,0,0,0,0,48,1,0,0,2,46,16,0,0,2,6,36,1,3,0.16,0.12,6,0,0.0,4,0,0,29,26,3,0,0,,19,59.38,0,0,0,124,15,4,0,14,1251,0,,0,0,0,0,0.0,0,0,0,0,134,0,0,6.68,0,0,0,0,0,0,0,0,0.0,0.0,0,5,0,4,1,0,0.0,0,10,6,60.0,4,65,0,1,53,59.55,87,304,533,836,106.8,5,0,984,10,1,0,Radu Drăguşin,Tottenham Hotspur,997103,33,DF
0,0,0.0,12,1,25.0,17,6,23,69.7,0,0.0,1,4,0,0,0,0,12,1,0,0,0,1,4,0,0,6,0,15,0,0,0.53,0.05,3,0,0.0,0,0,0,2,2,0,0,0,,11,44.0,0,0,0,10,0,3,0,1,143,0,,0,0,0,0,0.0,0,0,0,0,23,1,0,6.68,0,0,0,0,0,0,0,0,0.0,0.0,0,1,0,0,1,6,54.55,0,4,1,25.0,3,2,11,1,11,42.31,4,26,8,33,26.7,1,0,67,1,0,0,Jay Robinson,Southampton,1440673,45,MF
9,1,5.56,128,6,46.15,205,90,294,86.98,5,25.0,15,32,2,0,0,0,40,5,5,6,0,5,32,0,0,23,13,87,0,0,0.93,1.63,23,0,0.0,0,0,2,16,13,3,0,0,,55,43.31,0,0,0,44,6,22,0,11,1097,3,,0,0,0,0,0.0,0,0,0,0,142,4,0,6.67,0,0,0,0,0,0,0,0,0.0,0.0,0,15,3,9,3,12,41.38,0,30,17,56.67,22,13,29,18,60,40.82,13,256,100,338,213.5,18,0,582,13,4,0,Joe Willock,Newcastle United,888550,39,MF
29,8,23.53,132,20,51.28,282,284,558,88.71,11,47.83,12,31,1,0,0,0,64,2,4,8,0,19,31,0,0,14,16,77,1,1,1.9,1.86,26,0,4.0,0,1,2,25,20,5,1,0,,42,39.25,0,0,1,71,8,18,0,14,1419,0,,0,0,0,0,0.0,0,0,0,0,136,6,0,6.67,0,1,0,0,0,0,0,0,1419.0,0.0,1,12,13,8,9,8,47.06,0,16,11,68.75,18,44,17,34,53,40.77,39,355,308,629,206.8,25,0,842,19,6,0,Carlos Soler,West Ham United,832427,37,MF
4,1,10.0,59,5,50.0,86,39,124,74.7,2,25.0,6,19,1,0,0,0,30,1,2,4,0,2,17,0,0,8,7,36,0,0,0.56,2.49,5,0,16.67,0,2,3,14,14,0,2,0,,25,45.45,0,0,1,42,3,4,0,3,456,1,,0,0,0,0,0.0,0,0,0,0,83,9,0,6.67,0,2,0,0,0,0,0,0,228.0,0.0,0,9,3,2,6,2,16.67,0,13,9,69.23,4,12,12,10,27,42.86,10,125,51,166,113.4,12,0,267,10,1,0,Fabio Carvalho,Brentford,991604,50,FW
11,16,26.23,123,9,34.62,227,177,388,80.33,40,32.79,82,31,0,0,0,0,94,2,4,13,0,18,31,0,0,41,16,201,0,0,1.48,3.68,31,0,15.15,0,5,5,42,36,6,4,1,,111,48.26,0,0,0,95,12,17,0,19,1701,7,,0,0,1,0,100.0,0,1,0,0,282,11,0,6.67,0,5,0,0,0,0,0,0,340.2,0.0,4,23,10,10,10,26,44.83,0,28,15,53.57,17,24,58,61,151,42.9,26,341,203,483,206.7,33,0,937,59,6,0,Jordan Ayew,Leicester City,103045,31,MF
30,2,13.33,77,41,63.08,160,158,316,85.41,1,14.29,6,24,1,0,0,0,43,0,1,3,0,11,21,0,0,4,9,25,0,1,0.33,0.55,5,0,0.0,0,0,1,10,9,1,0,0,,21,52.5,0,0,0,54,5,7,0,3,521,0,,0,0,0,0,0.0,0,0,0,0,85,2,0,6.67,0,0,0,0,0,0,0,0,0.0,0.0,1,2,7,4,2,5,83.33,0,11,6,54.55,7,52,6,15,22,46.81,65,213,172,370,140.0,9,0,478,5,1,0,Tommy Doyle,Wolverhampton,932628,3,MF
1,0,0.0,37,4,50.0,79,48,127,85.23,0,0.0,1,13,1,0,0,0,9,1,0,1,0,7,12,0,0,3,2,11,0,1,0.22,0.22,4,0,0.0,0,0,1,3,2,1,0,0,,16,61.54,0,0,0,22,2,3,0,2,292,0,,0,0,0,0,0.0,0,0,0,0,31,0,0,6.67,0,0,0,0,0,0,0,0,0.0,0.0,0,1,0,0,0,2,50.0,0,8,5,62.5,3,5,4,2,16,59.26,8,99,52,149,80.0,1,0,193,6,0,0,Kiernan Dewsbury-Hall,Chelsea,861970,38,MF
0,0,0.0,0,0,0.0,1,2,3,60.0,1,100.0,0,3,1,0,0,0,3,0,0,0,0,1,3,0,0,1,0,1,0,0,0.0,0.04,0,0,0.0,0,0,1,1,1,0,0,0,,2,66.67,0,0,0,2,0,1,0,0,37,1,,0,0,0,0,0.0,0,0,0,0,3,0,0,6.67,0,0,0,0,0,0,0,0,0.0,0.0,0,1,0,0,1,0,0.0,0,1,0,0.0,1,0,0,0,3,75.0,1,3,2,5,20.0,1,0,10,1,0,0,Dane Scarlett,Tottenham Hotspur,998772,33,FW
5,0,0.0,1,10,25.0,3,137,140,82.35,1,100.0,0,6,0,0,0,0,27,0,0,0,1,0,6,1,0,0,0,1,1,2,0.0,,1,0,0.0,18,0,0,9,8,1,0,0,0.29,0,0.0,0,1,0,30,0,0,0,6,540,0,,0,0,0,1,0.0,1,0,0,0,31,0,0,6.67,0,0,1,18,1,20,0,3,0.0,0.0,0,0,0,0,0,0,0.0,1,0,0,0.0,0,9,0,0,1,50.0,40,25,145,170,40.0,0,0,212,1,0,0,Filip Jørgensen,Chelsea,962053,38,GK
22,0,0.0,60,29,32.95,219,727,946,88.33,28,51.85,26,27,0,0,0,0,79,0,0,0,1,82,27,0,0,11,10,70,1,2,0.1,0.36,16,0,0.0,0,0,0,33,27,6,0,0,,62,58.49,0,0,0,125,26,2,0,20,1855,0,,0,0,0,0,0.0,0,0,0,0,164,0,0,6.67,0,0,0,0,0,0,0,0,0.0,0.0,0,4,1,5,0,9,56.25,0,47,28,59.57,2,56,16,3,90,56.25,88,302,772,1071,180.0,5,0,1347,6,3,0,Jean-Clair Todibo,West Ham United,945217,37,DF
1,0,0.0,2,1,100.0,4,2,6,60.0,2,66.67,1,4,0,0,0,0,0,0,0,2,0,0,3,0,0,1,1,4,0,0,0.0,0.11,1,0,0.0,0,0,0,0,0,0,0,0,,2,40.0,0,0,0,4,0,0,0,0,49,2,,0,0,0,0,0.0,0,0,0,0,6,0,0,6.67,0,0,0,0,0,0,0,0,0.0,0.0,0,3,0,0,1,1,100.0,0,0,0,0.0,0,1,1,1,4,50.0,1,8,3,10,20.0,3,0,18,1,1,0,Youssef Chermiti,Everton,1145627,48,FW
0,0,0.0,0,0,0.0,0,1,1,33.33,0,0.0,0,3,0,0,0,0,0,0,0,0,0,0,3,0,0,0,1,1,0,0,0.0,0.04,0,0,0.0,0,0,0,1,1,0,0,0,,3,75.0,0,0,0,2,0,0,0,0,33,0,,0,0,0,0,0.0,0,0,0,0,3,0,0,6.67,0,0,0,0,0,0,0,0,0.0,0.0,0,1,0,0,1,1,100.0,0,0,0,0.0,0,0,1,0,3,75.0,0,2,1,3,20.0,1,0,10,2,0,0,Carlos Vinícius,Fulham,891920,43,FW
1,0,0.0,25,8,47.06,108,335,443,94.06,15,62.5,9,11,0,0,0,0,20,0,1,0,1,38,11,0,0,1,3,22,0,2,0.05,0.23,9,0,0.0,5,0,0,20,15,5,0,0,,22,62.86,0,0,0,28,5,1,0,9,778,0,,0,0,0,0,0.0,0,0,0,0,39,1,0,6.66,0,0,0,0,0,0,0,0,0.0,0.0,0,2,0,2,0,4,80.0,0,14,8,57.14,1,4,5,3,37,62.71,17,129,345,471,73.3,2,1,574,4,2,0,Nathan Wood,Southampton,944200,45,DF
28,0,0.0,36,44,51.76,125,359,484,86.74,21,65.63,11,15,0,0,0,0,35,0,0,1,1,51,15,0,0,0,3,22,0,1,0.09,0.49,6,0,0.0,10,0,0,25,21,4,0,0,,21,65.63,0,0,0,74,9,2,0,10,987,2,,2,0,0,0,0.0,0,0,0,0,79,0,0,6.66,0,0,0,0,0,0,0,0,0.0,0.0,0,5,0,3,1,1,33.33,0,15,3,20.0,2,53,3,0,42,65.63,85,175,383,558,99.9,5,0,679,5,2,0,Craig Dawson,Wolverhampton,50027,3,DF
10,4,28.57,110,20,44.44,222,216,434,77.78,28,54.9,23,24,0,0,0,0,42,2,2,4,1,47,24,0,0,12,13,68,0,0,0.5,0.96,13,0,0.0,0,0,0,25,23,2,0,0,,38,45.78,0,0,0,124,12,8,0,17,1460,2,,0,0,0,0,0.0,0,0,0,0,175,2,0,6.66,0,0,0,0,0,0,0,0,0.0,0.0,0,9,0,2,3,7,46.67,0,26,18,69.23,8,30,15,14,66,49.25,45,324,248,558,159.8,9,0,830,6,5,0,Kristoffer Ajer,Brentford,576384,50,DF
5,0,0.0,93,10,71.43,212,177,389,92.18,12,66.67,6,16,1,0,0,0,40,1,0,2,0,10,16,0,0,7,11,46,1,0,0.36,0.26,16,0,0.0,0,0,1,11,11,0,0,0,,39,49.37,0,0,0,33,16,7,0,11,801,0,,0,0,0,1,0.0,0,0,0,0,51,7,0,6.66,0,0,0,0,0,0,0,0,0.0,0.0,0,1,1,0,0,10,62.5,0,22,13,59.09,7,8,16,0,51,52.58,14,237,185,422,106.5,2,0,526,7,4,0,Roméo Lavia,Chelsea,1069488,38,MF
6,3,75.0,54,3,37.5,108,113,218,85.49,2,50.0,2,14,2,0,0,0,19,1,0,1,0,5,13,0,0,6,10,30,0,0,0.49,0.17,8,0,0.0,0,0,2,8,7,1,0,0,,21,42.86,0,0,0,37,5,4,0,5,377,0,,0,0,0,0,0.0,0,0,0,0,60,4,0,6.65,0,0,0,0,0,0,0,0,0.0,0.0,0,1,2,2,0,5,50.0,0,8,5,62.5,4,15,10,4,23,43.4,8,133,126,255,86.5,3,0,333,8,4,0,Adam Lallana,Southampton,17054,45,MF
0,1,33.33,30,0,0.0,50,19,68,57.63,32,58.18,23,26,1,0,0,0,12,1,4,0,0,10,25,0,0,16,3,58,0,0,0.27,2.13,13,0,21.43,0,3,4,16,15,1,3,0,,17,32.69,2,0,0,50,2,4,0,5,673,3,,0,0,0,0,0.0,0,0,0,0,93,4,0,6.65,0,1,0,0,0,0,0,0,224.33,0.0,0,12,2,7,7,2,40.0,0,3,3,100.0,4,1,5,3,49,45.79,1,95,26,118,166.3,14,0,217,12,3,0,George Hirst,Ipswich Town,839712,32,FW
4,0,0.0,7,18,42.86,12,27,39,61.9,1,100.0,0,2,0,0,0,0,14,0,0,0,0,3,2,1,0,0,0,0,0,0,0.0,,0,0,0.0,16,0,0,2,2,0,0,0,-1.42,0,0.0,0,2,0,24,0,0,0,1,144,0,,0,0,0,0,0.0,0,0,0,0,24,0,1,6.65,0,0,0,0,3,3,0,0,0.0,0.0,0,0,0,0,0,0,0.0,0,0,0,0.0,0,4,0,0,1,100.0,42,35,28,63,13.3,0,0,78,0,0,0,Hákon Rafn Valdimarsson,Brentford,1005959,50,GK
0,3,37.5,18,1,50.0,37,20,54,93.1,2,66.67,1,12,0,0,0,0,7,0,0,2,0,1,12,0,0,3,3,11,0,0,0.14,0.42,0,0,0.0,0,0,0,5,4,1,0,0,,12,54.55,0,0,1,4,3,3,0,1,176,0,,0,0,0,0,0.0,0,0,0,0,20,2,0,6.65,0,0,0,0,0,0,0,0,0.0,0.0,0,3,1,1,1,7,63.64,0,1,0,0.0,3,1,11,8,14,56.0,2,44,22,58,79.8,4,0,111,4,0,0,Luís Guilherme,West Ham United,1016893,37,MF
18,17,20.99,228,17,47.22,393,289,665,84.39,7,21.21,26,31,2,0,0,0,110,6,2,17,0,7,31,0,0,58,35,213,0,1,2.46,2.85,30,0,6.67,0,3,5,61,54,7,2,1,,128,40.63,0,0,1,123,11,31,3,30,2590,6,,0,0,0,0,0.0,0,0,0,0,411,24,0,6.65,0,0,0,0,0,0,0,0,863.33,0.0,4,24,21,9,19,51,42.86,0,32,13,40.63,31,44,119,81,135,38.79,36,547,322,788,206.1,45,0,1399,46,5,0,Omari Hutchinson,Ipswich Town,1090963,32,MF
5,2,28.57,21,2,66.67,28,34,60,62.5,10,30.3,23,15,1,0,0,0,11,1,6,2,0,8,15,0,0,8,3,55,0,0,0.61,3.72,7,0,23.53,0,4,5,9,6,3,4,0,,19,37.25,3,0,0,36,0,4,1,4,514,3,,0,0,0,0,0.0,0,0,0,0,73,2,0,6.65,0,0,0,0,0,0,0,0,128.5,0.0,0,17,0,8,7,1,6.67,0,5,3,60.0,4,6,15,7,29,34.52,3,55,48,96,99.7,17,0,194,13,2,0,Richarlison,Tottenham Hotspur,840217,33,FW
18,1,50.0,162,20,46.51,388,366,753,89.01,7,50.0,7,28,0,0,0,0,85,0,0,4,1,35,28,0,0,15,15,79,1,3,0.63,0.63,28,0,18.18,0,2,2,28,25,3,1,1,,74,50.68,0,0,0,93,18,6,0,16,1430,0,,0,0,0,2,0.0,0,0,0,0,155,6,0,6.65,0,2,0,0,0,0,0,0,715.0,0.0,0,3,8,3,4,7,31.82,0,49,31,63.27,6,41,22,2,81,50.63,43,452,396,846,186.1,11,0,1087,18,7,0,Yves Bissouma,Tottenham Hotspur,844842,33,MF
12,9,32.14,94,10,24.39,179,219,389,82.24,23,57.5,17,22,0,0,0,0,39,1,0,2,0,36,22,0,0,8,12,65,0,1,1.0,0.3,22,0,0.0,0,0,0,21,18,3,0,0,,43,47.25,0,0,0,84,8,8,0,11,1074,0,,1,0,0,0,0.0,0,0,0,0,155,4,0,6.65,0,0,0,0,0,0,0,0,0.0,0.0,0,6,1,3,2,5,41.67,0,22,15,68.18,8,24,12,28,66,50.38,41,255,246,473,146.2,7,0,769,16,5,0,Vladimír Coufal,West Ham United,138024,37,DF
4,0,0.0,101,6,54.55,185,107,292,72.1,23,29.87,54,32,1,0,0,0,57,4,7,9,2,8,32,0,0,30,5,122,0,1,1.07,4.82,9,0,10.71,0,3,4,24,23,1,3,0,,36,34.62,0,0,0,113,6,12,2,14,1406,3,,0,0,0,0,0.0,0,0,0,1,215,13,0,6.64,0,1,0,0,0,0,0,0,468.67,0.0,0,24,4,8,11,11,31.43,0,14,8,57.14,12,12,35,4,59,32.6,11,272,137,405,212.6,28,0,644,13,2,0,Joshua Zirkzee,Manchester United,917007,35,FW
19,13,18.57,175,16,40.0,318,306,611,84.63,5,35.71,9,30,1,0,0,0,44,7,0,5,0,47,30,0,0,5,12,48,2,1,2.46,0.49,15,0,7.14,0,1,2,46,40,6,1,0,,50,56.18,0,0,0,111,11,18,1,16,1564,4,,0,0,0,2,0.0,0,0,0,0,212,3,0,6.64,0,0,0,0,0,0,0,0,1564.0,0.0,1,8,6,3,6,9,47.37,0,31,18,58.06,18,33,19,70,55,53.4,40,440,352,722,199.3,14,0,1097,10,4,0,Yukinari Sugawara,Southampton,905347,45,MF
18,1,100.0,81,19,51.35,242,459,700,92.47,16,50.0,16,21,0,0,0,0,46,0,2,2,1,43,21,0,0,4,6,37,0,0,0.17,0.7,9,0,0.0,4,0,0,24,21,3,0,0,,33,61.11,0,0,0,57,18,2,0,12,1169,1,,0,0,0,0,0.0,0,0,0,0,67,2,0,6.64,0,0,0,0,0,0,0,0,0.0,0.0,0,5,0,2,1,2,50.0,0,29,11,37.93,2,28,4,1,49,56.98,37,266,492,757,139.5,5,0,905,2,5,0,Leny Yoro,Manchester United,1153315,35,DF
4,5,25.0,25,3,33.33,45,9,49,71.01,1,33.33,2,8,0,0,0,0,7,0,0,1,0,1,7,0,0,1,3,11,0,1,0.31,0.09,2,0,0.0,0,0,0,3,3,0,0,0,,9,50.0,0,0,0,20,2,3,0,1,168,3,,0,0,0,0,0.0,0,0,0,0,42,2,0,6.64,0,0,0,0,0,0,0,0,0.0,0.0,0,1,1,1,0,1,25.0,0,6,3,50.0,3,7,4,20,10,47.62,9,76,13,69,46.5,2,0,126,2,2,0,Solly March,Brighton & Hove Albion,301288,30,MF
19,0,0.0,116,12,42.86,239,172,411,86.89,2,25.0,6,15,0,0,0,0,55,1,0,0,1,2,12,0,0,9,12,43,0,2,0.59,0.06,15,0,0.0,0,0,0,7,6,1,0,0,,29,43.94,0,0,0,62,7,3,0,9,709,0,,0,0,0,0,0.0,0,0,0,0,86,4,0,6.64,0,0,0,0,0,0,0,0,0.0,0.0,0,0,2,2,0,1,33.33,0,12,4,33.33,3,36,3,1,31,41.89,28,288,186,473,79.7,2,0,550,17,5,0,Jorginho,Arsenal,132874,42,MF
3,7,15.22,46,8,33.33,94,52,139,69.85,8,27.59,21,18,1,0,0,0,50,4,0,3,0,12,17,0,0,13,6,57,1,1,1.17,0.51,4,0,0.0,0,0,1,23,21,2,0,0,,33,47.83,0,0,0,60,10,10,0,12,933,0,,0,0,0,0,0.0,0,0,0,0,146,6,0,6.64,0,0,0,0,0,0,0,0,0.0,0.0,0,5,2,3,1,9,39.13,0,13,11,84.62,10,10,23,46,41,41.84,24,175,70,199,112.9,7,0,394,11,1,0,Wes Burns,Ipswich Town,305302,32,MF
3,3,21.43,85,4,40.0,144,84,225,83.64,5,35.71,9,20,2,0,0,1,23,3,5,8,1,8,20,0,0,18,11,58,0,0,0.57,3.28,12,0,7.69,0,2,4,35,28,7,2,0,,23,31.94,0,0,1,44,3,9,1,15,1252,9,,0,0,1,0,0.0,0,0,0,0,96,2,0,6.64,0,1,0,0,0,0,0,0,626.0,0.0,0,20,6,9,9,6,42.86,0,12,3,25.0,9,4,14,14,28,32.56,10,187,96,269,132.8,26,0,405,5,4,0,Adam Armstrong,Southampton,361352,45,FW
27,0,0.0,30,35,49.3,183,351,534,89.0,11,50.0,11,10,0,0,0,0,36,0,2,0,1,35,10,0,0,2,2,25,2,0,0.09,0.65,11,0,0.0,8,0,0,15,13,2,0,0,,11,44.0,0,0,0,66,5,0,0,8,828,1,,0,0,0,0,0.0,0,0,0,0,72,0,0,6.64,0,0,0,0,0,0,0,0,0.0,0.0,0,4,0,3,1,2,100.0,0,8,3,37.5,0,44,2,0,22,46.81,71,220,380,600,66.4,4,0,680,1,1,0,Diego Carlos,Aston Villa,604232,40,DF
1,4,23.53,60,2,28.57,100,57,153,77.66,5,38.46,8,21,0,0,0,0,44,0,4,4,1,8,18,0,0,13,9,67,1,1,0.34,2.43,20,0,10.53,0,2,2,22,19,3,1,1,,52,46.85,0,0,0,44,13,6,2,7,804,2,,0,0,0,0,0.0,0,0,0,0,112,5,0,6.63,1,0,0,0,0,0,0,0,402.0,0.0,0,11,8,9,6,9,32.14,0,25,12,48.0,6,1,28,17,57,45.97,7,147,67,197,119.4,19,1,406,18,3,1,Jaden Philogene-Bidace,Ipswich Town,1014461,32,MF
1,1,100.0,5,0,0.0,14,4,17,80.95,0,0.0,1,4,0,0,0,0,2,0,0,0,0,3,3,0,0,0,2,3,0,0,0.54,,0,0,0.0,0,0,0,0,0,0,0,0,,1,33.33,0,0,0,4,0,3,0,0,31,0,,0,0,0,0,0.0,0,0,0,0,4,0,0,6.63,0,0,0,0,0,0,0,0,0.0,0.0,0,0,0,0,0,0,0.0,0,1,0,0.0,3,1,0,1,1,25.0,0,15,7,21,19.9,0,0,27,0,0,0,Jakub Moder,Brighton & Hove Albion,886242,30,MF
1,0,0.0,11,4,100.0,17,20,37,84.09,0,0.0,4,4,0,0,0,0,14,0,0,0,0,1,3,0,0,0,0,6,0,0,0.04,0.04,2,0,0.0,0,0,0,6,6,0,0,0,,7,77.78,0,0,0,7,5,0,0,1,107,0,,0,0,0,0,0.0,0,0,0,0,14,0,0,6.63,0,0,0,0,0,0,0,0,0.0,0.0,0,1,1,1,1,0,0.0,0,6,4,66.67,0,2,1,0,7,53.85,4,24,20,44,19.9,2,0,81,1,1,0,Woyo Coulibaly,Leicester City,989894,31,DF
5,3,37.5,91,1,100.0,153,98,248,76.31,31,24.6,95,32,0,0,0,0,35,4,6,7,0,6,32,0,0,33,5,170,0,0,1.06,5.24,17,0,12.5,0,4,4,31,28,3,4,0,,40,34.78,0,0,0,77,2,16,2,23,2022,13,,0,0,0,0,0.0,0,0,0,1,203,15,0,6.63,0,2,0,0,0,0,0,0,505.5,0.0,0,27,5,12,13,9,30.0,0,3,1,33.33,16,8,30,8,71,29.46,1,214,119,325,212.2,32,0,586,28,2,0,Rasmus Højlund,Manchester United,1086417,35,FW
5,0,0.0,35,8,61.54,90,84,174,85.71,5,50.0,5,13,0,0,0,0,31,0,0,5,0,10,13,0,0,7,6,27,0,1,0.11,0.4,7,0,0.0,0,0,0,6,6,0,0,0,,25,53.19,0,0,0,29,11,1,0,4,462,0,,0,0,0,0,0.0,0,0,0,0,43,0,0,6.63,0,0,0,0,0,0,0,0,0.0,0.0,0,3,4,2,0,2,50.0,0,16,8,50.0,1,12,4,1,30,52.63,13,111,93,203,86.2,7,0,286,7,1,0,Cheick Doucouré,Crystal Palace,906047,7,MF
6,1,50.0,17,3,30.0,38,74,111,79.29,8,50.0,8,12,0,0,0,0,19,0,0,1,0,16,10,0,0,2,1,17,0,0,0.03,0.03,5,0,0.0,0,0,0,2,2,0,0,0,,6,40.0,0,0,0,29,2,1,0,2,349,0,,0,0,0,0,0.0,0,0,0,0,39,0,0,6.63,0,0,0,0,0,0,0,0,0.0,0.0,0,1,0,0,0,0,0.0,0,4,2,50.0,1,8,1,2,14,45.16,10,55,87,140,66.3,1,0,205,2,2,0,Emil Krafth,Newcastle United,150396,39,DF
4,0,0.0,31,8,66.67,63,52,115,74.19,11,73.33,4,18,1,0,0,0,51,0,0,2,0,11,17,0,0,18,9,54,0,1,0.13,0.24,15,0,0.0,0,0,1,16,14,2,0,0,,49,49.49,0,0,0,40,16,3,0,5,582,0,,0,0,0,0,0.0,0,0,0,0,83,7,0,6.63,0,0,0,0,0,0,0,0,0.0,0.0,0,1,4,3,0,8,50.0,0,29,14,48.28,3,12,16,1,60,52.63,12,92,64,155,112.7,5,0,311,12,4,0,Tim Iroegbunam,Everton,1085950,48,MF
2,1,14.29,14,1,100.0,24,4,27,77.14,2,33.33,4,7,0,0,0,0,9,2,0,0,0,1,7,0,0,7,0,17,0,0,0.49,0.25,2,0,0.0,0,0,0,2,2,0,0,0,,7,35.0,0,0,0,8,0,2,0,1,158,1,,0,0,0,0,0.0,0,0,0,0,30,0,0,6.63,0,0,0,0,0,0,0,0,0.0,0.0,0,1,0,0,1,3,37.5,0,2,2,100.0,2,2,8,7,9,34.62,1,38,4,35,46.4,1,0,73,2,0,0,Mykhailo Mudryk,Chelsea,958966,38,MF
18,7,21.21,110,21,27.27,224,197,414,78.71,14,48.28,15,25,0,0,0,0,50,0,1,1,3,38,25,0,0,7,13,61,0,1,0.68,0.65,19,0,0.0,0,0,0,18,18,0,0,0,,42,47.73,0,0,0,112,15,9,0,19,1604,0,,0,1,0,0,0.0,0,0,0,0,193,1,0,6.63,0,0,0,0,0,0,0,0,0.0,0.0,0,2,1,2,0,6,46.15,0,24,12,50.0,8,43,13,33,56,47.86,77,328,231,526,165.7,3,0,856,12,7,0,Adam Smith,Bournemouth,44566,60,DF
25,2,28.57,70,22,53.66,148,201,347,83.82,7,46.67,8,32,0,0,0,0,53,1,1,6,0,21,30,0,0,6,15,49,0,0,0.8,0.74,16,0,5.26,0,1,1,21,19,2,1,0,,29,41.43,1,0,0,67,9,5,0,4,846,0,,0,0,0,0,0.0,0,0,0,0,92,2,0,6.63,0,0,0,0,0,0,0,0,846.0,0.0,0,5,14,9,4,4,50.0,0,20,10,50.0,5,43,8,7,36,42.35,41,203,218,414,198.8,19,0,553,5,4,0,Jack Taylor,Ipswich Town,856669,32,MF
11,7,24.14,93,11,37.93,204,264,461,86.49,13,65.0,7,17,1,0,0,0,65,2,0,3,1,27,17,0,0,5,15,33,0,0,0.7,0.11,4,0,0.0,1,0,1,31,25,6,0,0,,27,50.94,0,0,0,72,9,10,0,13,1078,0,,0,0,0,0,0.0,0,0,0,0,115,3,0,6.62,0,0,0,0,0,0,0,0,0.0,0.0,0,1,3,0,1,4,66.67,0,19,14,73.68,10,28,6,29,40,54.79,29,284,278,533,112.6,4,0,715,5,0,0,James Bree,Southampton,555406,45,DF
11,2,8.0,44,17,77.27,75,36,109,70.78,17,43.59,22,14,1,0,0,0,22,4,5,7,0,2,14,0,0,19,1,64,0,0,0.93,2.22,12,0,5.26,0,1,2,18,16,2,1,0,,18,30.0,0,0,1,45,0,9,0,11,844,4,,0,0,0,0,0.0,0,0,0,0,143,5,0,6.62,0,1,0,0,0,0,0,0,844.0,0.0,0,15,4,8,4,9,40.91,0,2,2,100.0,9,15,22,25,35,35.35,22,138,41,154,92.7,19,0,326,7,1,0,Michail Antonio,West Ham United,47772,37,FW
33,6,30.0,105,41,54.67,208,226,428,81.06,8,26.67,22,19,0,0,0,0,68,0,0,6,1,35,19,0,0,10,24,90,1,1,0.48,0.43,28,0,0.0,0,0,0,29,26,3,0,0,,59,46.46,0,0,0,100,19,5,0,14,1239,0,,0,0,0,0,0.0,0,0,0,0,157,4,0,6.62,1,0,0,0,0,0,0,0,0.0,0.0,3,2,9,3,2,5,45.45,0,35,19,54.29,5,56,11,20,67,42.68,75,292,256,528,125.8,11,0,787,20,4,1,Kalvin Phillips,Ipswich Town,786028,32,MF
1,2,25.0,61,0,0.0,108,52,158,83.6,3,25.0,9,21,0,0,0,0,28,1,0,1,0,10,20,0,0,10,4,41,0,0,0.33,0.8,6,0,40.0,0,2,2,19,15,4,1,1,,17,34.69,0,0,0,31,2,3,0,5,661,0,,0,0,0,0,0.0,0,0,0,0,75,5,0,6.62,0,2,0,0,0,0,0,0,330.5,0.0,0,3,2,1,3,2,14.29,0,6,4,66.67,3,4,14,8,20,32.79,1,140,57,189,132.4,5,0,294,9,0,0,Hwang Hee-chan,Wolverhampton,786186,3,MF
1,0,0.0,48,0,0.0,71,54,125,87.41,7,53.85,6,5,0,0,0,0,26,0,0,1,0,9,5,0,0,5,6,23,0,0,0.07,0.07,2,0,0.0,0,0,0,9,8,1,0,0,,13,43.33,0,0,0,18,2,1,0,4,346,1,,0,0,0,0,0.0,0,0,0,0,59,1,0,6.62,0,0,0,0,0,0,0,0,0.0,0.0,0,1,2,2,0,3,42.86,0,6,2,33.33,1,2,7,9,20,46.51,3,92,60,143,33.1,3,0,263,4,0,0,Harry Amass,Manchester United,1461595,35,MF
7,0,0.0,35,10,43.48,93,253,346,91.53,7,41.18,10,13,0,0,0,0,19,0,0,1,0,27,11,0,0,2,3,26,0,1,0.2,0.1,9,0,0.0,10,0,0,12,9,3,0,0,,14,46.67,0,0,0,32,7,2,0,4,496,0,,1,0,0,1,0.0,0,0,0,0,47,0,0,6.62,0,0,0,0,0,0,0,0,0.0,0.0,0,1,0,0,0,1,33.33,0,12,8,66.67,2,14,3,2,21,44.68,23,111,269,378,72.8,1,0,470,1,2,0,Jarell Quansah,Liverpool FC,1003339,44,DF
1,0,0.0,20,0,0.0,38,29,67,70.53,13,35.14,24,12,0,0,0,0,6,0,1,4,0,6,12,0,0,9,5,46,0,0,0.05,1.1,7,0,11.11,0,1,1,9,7,2,1,0,,16,42.11,1,0,0,28,1,0,0,4,406,1,,0,0,0,0,0.0,0,0,0,0,46,1,0,6.62,0,0,0,0,0,0,0,0,406.0,0.0,0,9,0,3,2,3,60.0,0,6,4,66.67,0,2,5,0,29,38.67,1,61,34,95,79.4,9,0,161,7,1,0,Ross Stewart,Southampton,886117,45,FW
4,0,0.0,17,6,66.67,43,51,94,80.34,1,33.33,2,8,0,0,0,0,19,0,0,0,0,2,7,0,0,0,3,10,0,0,0.02,,2,0,0.0,0,0,0,4,4,0,0,0,,11,57.89,0,0,0,23,4,0,0,5,293,0,,0,0,0,0,0.0,0,0,0,0,36,1,0,6.61,0,0,0,0,0,0,0,0,0.0,0.0,0,0,0,0,0,3,50.0,0,8,4,50.0,0,8,6,3,12,54.55,9,59,61,117,46.3,0,0,156,0,0,0,Danilo Santos,Nottingham Forest,1064039,14,MF
4,8,30.77,112,7,53.85,191,92,275,83.84,13,32.5,27,26,1,0,0,0,63,3,2,13,0,7,25,0,0,25,5,134,0,0,0.85,1.49,22,0,3.45,0,1,2,36,33,3,1,0,,72,40.22,0,0,2,53,6,10,1,17,1427,3,,0,0,0,0,0.0,0,0,0,0,209,8,0,6.61,0,0,0,0,0,0,0,0,1427.0,0.0,0,20,9,8,8,39,41.05,0,22,17,77.27,10,9,95,26,85,38.81,13,257,97,328,165.3,29,0,661,11,2,0,Kamaldeen Sulemana,Southampton,1019442,45,FW
13,0,0.0,33,13,32.5,90,146,236,77.63,6,30.0,14,26,0,0,0,0,36,0,0,1,3,75,26,0,0,3,8,36,0,2,0.04,0.18,11,0,0.0,3,0,0,14,13,1,0,0,,26,54.17,0,0,0,68,10,0,0,6,922,0,,0,0,0,0,0.0,0,0,0,0,81,0,0,6.61,0,0,0,0,0,0,0,0,0.0,0.0,0,2,0,0,1,2,100.0,0,22,14,63.64,0,21,2,0,32,47.06,40,124,180,304,171.9,2,0,467,2,5,0,Morato,Nottingham Forest,985086,14,DF
7,5,35.71,43,11,52.38,87,62,144,77.01,6,35.29,11,20,0,0,0,0,42,0,5,1,0,12,18,0,0,17,19,61,0,0,0.46,3.41,9,0,19.05,0,4,4,18,17,1,3,1,,28,35.9,0,0,0,43,6,5,0,13,1001,8,,0,0,0,1,0.0,0,0,0,0,101,2,0,6.6,0,4,0,0,0,0,0,0,250.25,0.0,0,18,3,8,12,4,40.0,0,16,10,62.5,5,11,10,14,34,35.79,21,125,76,187,118.8,21,0,347,8,2,0,Sammie Szmodics,Ipswich Town,354782,32,MF
1,0,0.0,28,3,60.0,55,47,102,73.91,12,30.0,28,23,0,0,0,0,18,0,1,5,0,11,22,0,0,12,11,77,0,0,0.08,1.25,15,0,6.67,0,1,1,16,14,2,1,0,,38,43.68,0,0,0,36,1,1,1,6,736,3,,0,0,0,0,0.0,0,0,0,0,85,5,0,6.6,0,0,0,0,0,0,0,0,736.0,0.0,0,13,2,6,4,2,15.38,0,19,10,52.63,1,2,13,3,50,39.37,5,87,54,138,145.2,15,0,283,19,0,0,Patson Daka,Leicester City,865057,31,MF
1,0,0.0,17,2,40.0,38,33,71,76.34,9,32.14,19,21,0,0,0,0,18,2,3,6,0,5,20,0,0,11,3,40,0,0,0.67,1.1,4,0,8.33,0,1,1,9,8,1,1,0,,14,40.0,0,0,0,22,1,5,0,3,418,0,,0,0,0,0,0.0,0,0,0,0,51,3,0,6.6,0,1,0,0,0,0,0,0,418.0,0.0,1,7,5,3,3,4,57.14,0,7,4,57.14,5,2,7,0,23,36.51,5,53,40,93,132.0,12,0,174,3,0,0,Evan Ferguson,West Ham United,999231,37,FW
36,0,0.0,44,44,46.81,225,751,976,91.47,13,37.14,22,22,0,0,0,0,62,0,0,0,2,71,22,0,0,3,3,36,1,1,0.52,0.43,8,0,50.0,28,1,1,42,36,6,1,0,,16,53.33,1,0,0,91,13,1,0,19,1732,1,,0,0,0,2,0.0,0,0,0,0,103,2,0,6.6,0,0,0,0,0,0,0,0,1732.0,0.0,0,2,0,0,2,1,50.0,0,13,9,69.23,1,80,2,0,29,44.62,94,291,776,1067,145.2,2,0,1226,2,3,0,Conor Coady,Leicester City,98449,31,DF
1,1,100.0,1,0,0.0,2,1,2,100.0,0,0.0,0,1,0,0,0,0,1,0,0,0,0,0,1,0,0,0,0,1,0,0,0.05,,1,0,0.0,0,0,0,0,0,0,0,0,,0,0.0,0,0,0,0,0,1,0,0,12,0,,0,0,0,0,0.0,0,0,0,0,0,0,0,6.6,0,0,0,0,0,0,0,0,0.0,0.0,0,0,0,0,0,0,0.0,0,0,0,0.0,1,1,0,1,0,0.0,0,2,1,2,6.6,0,0,3,0,0,0,Chiquinho,Wolverhampton,1015826,3,FW
0,0,0.0,0,2,100.0,2,13,15,93.75,0,0.0,0,1,0,0,0,0,3,0,0,0,0,0,1,0,0,0,0,0,0,0,0.0,,0,0,0.0,0,0,0,0,0,0,0,0,,0,0.0,0,0,0,1,0,0,0,0,13,0,,0,0,0,0,0.0,0,0,0,0,1,0,0,6.6,0,0,0,0,0,0,0,0,0.0,0.0,0,0,0,0,0,0,0.0,0,0,0,0.0,0,0,0,0,0,0.0,2,2,14,16,6.6,0,0,16,0,0,0,Alfie Dorrington,Tottenham Hotspur,1177610,33,DF
1,0,0.0,7,0,0.0,8,2,10,71.43,0,0.0,1,2,0,0,0,0,1,0,0,0,0,0,2,0,0,0,0,5,0,0,0.08,,1,0,0.0,0,0,0,0,0,0,0,0,,1,20.0,0,0,0,4,1,1,0,0,32,0,,0,0,0,0,0.0,0,0,0,0,8,0,0,6.6,0,0,0,0,0,0,0,0,0.0,0.0,0,0,0,0,0,1,25.0,0,0,0,0.0,1,1,4,1,1,16.67,0,13,2,14,13.2,0,0,26,0,0,0,Martial Godo,Fulham,1190938,43,FW
0,1,100.0,2,0,0.0,10,4,13,92.86,0,0.0,0,2,0,0,0,0,2,0,0,0,0,0,2,0,0,0,1,1,0,0,0.08,,0,0,0.0,0,0,0,0,0,0,0,0,,0,0.0,0,0,0,1,1,0,0,0,20,0,,0,0,0,0,0.0,0,0,0,0,1,0,0,6.6,0,0,0,0,0,0,0,0,0.0,0.0,0,0,0,0,0,0,0.0,0,0,0,0.0,0,0,0,1,0,0.0,0,10,5,14,13.2,0,0,18,0,0,0,Matt Targett,Newcastle United,368134,39,DF
1,0,0.0,3,2,100.0,7,10,17,89.47,3,100.0,0,2,0,0,0,0,2,0,0,1,0,2,2,0,0,0,4,5,0,0,0.0,0.16,0,0,0.0,0,0,0,4,4,0,0,0,,6,54.55,0,0,0,2,0,0,0,1,71,1,,0,0,0,0,0.0,0,0,0,0,9,0,0,6.6,0,0,0,0,0,0,0,0,0.0,0.0,0,1,0,0,0,0,0.0,0,5,5,100.0,0,1,1,3,9,64.29,2,12,10,19,13.2,1,0,36,1,1,0,Maxwel Cornet,Southampton,280439,45,MF
0,1,25.0,15,2,66.67,32,6,37,86.05,3,37.5,5,12,0,0,0,0,6,0,0,1,0,1,9,0,0,0,3,8,0,0,0.15,0.16,1,0,0.0,0,0,0,3,3,0,0,0,,3,50.0,0,0,1,6,0,3,0,0,118,0,,0,0,0,0,0.0,0,0,0,0,18,1,0,6.6,0,0,0,0,0,0,0,0,0.0,0.0,0,3,1,1,2,1,100.0,0,2,0,0.0,3,0,1,4,6,42.86,3,41,6,43,59.4,4,0,80,0,0,0,Jeffrey Schlupp,Crystal Palace,148710,7,DF
1,0,0.0,4,0,0.0,10,1,11,73.33,0,0.0,1,2,0,0,0,0,1,0,0,0,0,0,2,0,0,0,1,2,0,0,0.01,0.04,0,0,0.0,0,0,0,2,2,0,0,0,,4,80.0,0,0,0,4,0,0,0,0,46,0,,0,0,0,0,0.0,0,0,0,0,6,0,0,6.6,0,0,0,0,0,0,0,0,0.0,0.0,0,0,1,1,0,2,100.0,0,0,0,0.0,0,2,2,1,4,66.67,1,14,2,15,13.2,1,0,24,2,0,0,Daniel Podence,Wolverhampton,308764,3,FW
0,0,0.0,8,4,23.53,31,112,143,84.12,6,66.67,3,8,0,0,0,0,10,0,0,0,0,26,5,0,0,0,5,10,0,0,0.01,0.02,2,0,0.0,7,0,0,8,8,0,0,0,,10,58.82,0,0,0,27,2,0,0,4,358,0,,0,0,0,0,0.0,0,0,0,0,30,0,0,6.6,0,0,0,0,0,0,0,0,0.0,0.0,0,1,0,1,0,2,100.0,0,6,2,33.33,0,7,2,1,16,61.54,17,48,123,170,33.0,1,0,218,2,0,0,Jorge Cuenca,Fulham,868715,43,DF
0,0,0.0,2,0,0.0,2,0,2,100.0,0,0.0,1,2,0,0,0,0,0,0,0,0,0,0,2,0,0,1,0,3,0,0,0.01,0.02,0,0,0.0,0,0,0,0,0,0,0,0,,2,50.0,0,0,0,0,0,1,0,0,19,0,,0,0,0,0,0.0,0,0,0,0,3,0,0,6.6,0,0,0,0,0,0,0,0,0.0,0.0,0,0,1,1,0,0,0.0,0,2,1,50.0,1,0,1,1,2,40.0,0,3,0,2,13.2,1,0,9,0,0,0,Asher Agbinone,Crystal Palace,1799984,7,MF
15,2,20.0,140,15,41.67,261,319,578,86.14,23,56.1,18,22,1,0,0,0,49,1,1,2,1,54,21,0,0,1,9,51,0,1,0.28,0.2,17,0,0.0,0,0,1,37,33,4,0,0,,46,58.23,0,0,0,93,23,5,0,20,1717,0,,1,0,0,0,0.0,0,0,0,0,152,3,0,6.6,1,0,0,0,0,0,0,0,0.0,0.0,0,3,1,2,0,4,40.0,0,31,19,61.29,5,31,10,10,69,57.5,36,321,360,671,138.5,4,0,1011,12,3,1,Axel Tuanzebe,Ipswich Town,817979,32,DF
5,7,25.0,52,7,28.0,134,155,282,87.04,1,6.25,15,15,2,0,0,0,39,2,0,0,1,21,15,0,0,5,16,66,0,1,0.79,0.39,15,0,33.33,0,2,4,21,20,1,1,1,,37,42.05,0,0,0,42,7,5,1,10,869,0,,0,0,0,1,0.0,0,0,0,0,114,5,0,6.59,0,1,0,0,0,0,0,0,434.5,0.0,0,3,3,4,2,10,35.71,0,17,11,64.71,5,9,28,28,38,36.54,25,190,162,324,98.9,6,0,556,10,0,0,Tariq Lamptey,Brighton & Hove Albion,914691,30,DF
1,4,16.0,95,4,66.67,145,65,206,84.77,4,33.33,8,16,0,0,0,0,34,1,3,5,0,5,15,0,0,17,6,49,0,1,0.76,1.61,2,0,7.69,0,1,1,20,18,2,1,0,,29,41.43,0,0,0,37,4,6,0,9,849,1,,0,0,0,0,0.0,0,0,0,0,121,6,0,6.59,0,1,0,0,0,0,0,0,849.0,0.0,0,9,4,4,4,12,41.38,0,14,5,35.71,6,2,29,25,33,40.24,6,193,75,243,98.9,13,0,412,3,0,0,Wilson Odobert,Tottenham Hotspur,1142679,33,FW
0,0,0.0,14,0,0.0,16,2,18,72.0,6,75.0,2,14,0,0,0,0,2,0,0,1,0,1,12,0,0,6,2,17,0,0,0.06,0.16,4,0,25.0,0,1,1,3,2,1,1,0,,6,28.57,1,0,0,7,4,2,0,0,168,1,,0,0,0,0,0.0,0,0,0,0,27,2,0,6.59,0,0,0,0,0,0,0,0,168.0,0.0,0,3,1,2,1,3,50.0,0,2,0,0.0,2,0,6,4,12,41.38,0,26,3,25,79.1,4,0,68,1,0,0,William Osula,Newcastle United,1122603,39,FW
9,7,19.44,66,10,47.62,139,127,259,82.48,4,40.0,6,18,0,0,0,0,23,0,0,4,0,14,17,0,0,6,15,40,0,2,0.91,0.56,11,0,14.29,0,1,1,22,20,2,1,0,,27,44.26,0,0,1,55,2,10,0,6,695,0,,0,0,0,1,0.0,0,0,0,0,106,1,0,6.59,0,1,0,0,0,0,0,0,695.0,0.0,1,4,3,2,1,4,66.67,0,20,13,65.0,10,20,6,36,31,43.66,21,211,139,314,112.0,7,0,447,3,1,0,Will Smallbone,Southampton,970435,45,MF
10,0,0.0,70,12,41.38,186,232,418,84.44,12,66.67,6,24,0,0,0,0,46,0,0,2,1,10,24,0,0,7,6,45,0,2,0.33,0.36,21,0,0.0,0,0,0,26,26,0,0,0,,41,51.25,0,0,0,77,11,9,0,10,1143,0,,0,0,0,0,0.0,0,0,0,0,107,3,0,6.59,0,0,0,0,0,0,0,0,0.0,0.0,0,2,3,2,1,7,58.33,0,21,4,19.05,9,20,12,5,53,54.08,29,250,250,495,158.1,5,0,643,13,8,0,Oliver Skipp,Leicester City,859901,31,MF
2,0,0.0,40,3,33.33,106,117,223,88.14,6,50.0,6,8,0,0,0,0,13,1,0,0,0,12,8,0,0,8,6,29,0,0,0.13,0.04,8,0,0.0,0,0,0,11,10,1,0,0,,27,54.0,0,0,0,30,1,2,0,5,481,0,,0,0,0,0,0.0,0,0,0,0,47,0,0,6.59,0,0,0,0,0,0,0,0,0.0,0.0,0,0,1,0,1,2,66.67,0,14,6,42.86,2,7,3,0,33,53.23,9,130,123,253,52.7,1,0,348,11,2,0,Lamare Bogarde,Aston Villa,1089388,40,DF
2,0,0.0,16,5,35.71,38,73,111,84.09,3,50.0,3,7,0,0,0,0,9,0,1,0,1,2,7,0,0,0,8,19,0,0,0.16,0.15,6,0,0.0,0,0,0,2,1,1,0,0,,13,44.83,0,0,0,21,1,0,0,1,184,1,,0,0,0,0,0.0,0,0,0,0,25,1,0,6.59,0,0,0,0,0,0,0,0,0.0,0.0,0,2,1,2,1,3,60.0,0,9,6,66.67,0,7,5,0,16,45.71,14,51,81,132,46.1,3,0,172,1,2,0,Renato Veiga,Chelsea,1087359,38,MF
1,0,0.0,4,0,0.0,14,6,20,83.33,2,33.33,4,7,0,0,0,0,9,0,0,3,0,1,6,0,0,1,0,10,0,0,0.03,0.66,3,0,0.0,0,0,0,5,4,1,0,0,,4,40.0,0,0,0,4,0,0,0,1,169,0,,0,0,0,0,0.0,0,0,0,0,13,0,0,6.58,0,0,0,0,0,0,0,0,0.0,0.0,0,5,0,1,1,1,33.33,0,2,1,50.0,0,2,3,0,6,37.5,1,17,7,24,39.5,5,0,49,1,1,0,Chido Obi-Martin,Manchester United,1566204,35,FW
0,1,25.0,20,0,0.0,29,3,31,79.49,1,14.29,6,5,0,0,0,0,6,0,0,0,0,3,5,0,0,2,2,15,0,0,0.05,,2,0,0.0,0,0,0,3,3,0,0,0,,15,62.5,0,0,0,8,1,2,0,3,240,1,,0,0,0,0,0.0,0,0,0,0,22,0,0,6.58,0,0,0,0,0,0,0,0,0.0,0.0,0,0,0,0,0,1,25.0,0,7,3,42.86,2,1,4,4,16,51.61,1,36,7,39,32.9,0,0,79,7,0,0,Chiedozie Ogbene,Ipswich Town,849309,32,MF
1,0,0.0,19,1,20.0,30,19,49,81.67,0,0.0,2,12,0,0,0,0,8,0,1,1,0,1,10,0,0,3,5,15,0,0,0.04,0.65,4,0,0.0,0,0,0,2,2,0,0,0,,12,48.0,0,0,0,11,0,1,0,0,124,0,,0,0,0,0,0.0,0,0,0,0,20,0,0,6.58,0,0,0,0,0,0,0,0,0.0,0.0,1,2,3,4,0,0,0.0,0,6,6,100.0,1,4,2,0,12,44.44,5,41,19,60,65.8,5,0,94,6,1,0,Emiliano Buendía,Aston Villa,783126,40,FW
1,0,0.0,10,1,100.0,15,8,23,65.71,2,28.57,5,6,0,0,0,0,6,0,0,2,0,2,5,0,0,3,2,18,0,0,0.07,0.39,6,0,0.0,0,0,0,3,3,0,0,0,,3,18.75,0,0,0,12,0,2,0,1,153,2,,0,0,0,0,0.0,0,0,0,0,29,1,0,6.58,0,0,0,0,0,0,0,0,0.0,0.0,0,3,2,2,1,1,33.33,0,2,1,50.0,2,1,3,1,5,21.74,1,26,10,35,32.9,5,0,69,0,0,0,Odsonne Édouard,Leicester City,795228,31,MF
0,0,0.0,21,0,0.0,46,7,53,74.65,18,46.15,21,10,0,0,0,0,9,0,0,0,0,4,10,0,0,13,0,47,0,0,0.11,0.11,6,0,0.0,0,0,0,2,2,0,0,0,,15,36.59,0,0,0,18,1,4,0,4,336,3,,0,0,0,0,0.0,0,0,0,0,57,0,0,6.58,0,0,0,0,0,0,0,0,0.0,0.0,0,3,1,4,0,8,53.33,0,3,1,33.33,4,0,15,1,33,41.25,0,59,13,71,65.8,4,0,152,4,1,0,Armando Broja,Everton,996985,48,FW
2,0,0.0,18,1,50.0,28,5,33,84.62,3,23.08,10,16,0,0,0,0,10,0,2,0,0,1,14,0,0,5,2,22,0,0,0.14,0.99,2,0,20.0,0,1,1,2,1,1,1,0,,12,50.0,0,0,0,6,1,3,0,0,180,0,,0,0,0,0,0.0,0,0,0,0,32,3,0,6.57,0,1,0,0,0,0,0,0,180.0,0.0,0,5,0,3,2,4,57.14,0,5,3,60.0,3,2,7,3,15,40.54,2,35,7,39,92.0,5,0,92,4,1,0,Daniel Jebbison,Bournemouth,1096136,60,FW
0,0,0.0,10,0,0.0,14,4,18,72.0,0,0.0,1,7,0,0,0,0,10,0,0,1,0,1,7,0,0,2,0,6,0,0,0.02,0.16,0,0,0.0,0,0,0,3,2,1,0,0,,9,64.29,0,0,0,7,0,1,0,0,118,0,,0,0,0,0,0.0,0,0,0,0,23,1,0,6.57,0,0,0,0,0,0,0,0,0.0,0.0,0,1,2,1,1,2,40.0,0,2,1,50.0,1,0,5,4,9,60.0,0,23,6,25,46.0,3,0,57,5,0,0,Jeremy Monga,Leicester City,1861707,31,FW
3,1,20.0,59,4,57.14,86,41,126,79.25,9,56.25,7,10,0,0,0,0,16,0,2,6,0,4,10,0,0,4,8,25,0,0,0.14,0.91,4,0,0.0,0,0,0,10,8,2,0,0,,12,40.0,0,0,0,33,0,3,0,4,458,1,,0,0,0,0,0.0,0,0,0,0,53,1,0,6.57,0,0,0,0,0,0,0,0,0.0,0.0,0,8,3,4,1,1,33.33,0,3,2,66.67,3,6,3,5,21,45.65,7,118,46,159,65.7,11,0,215,8,1,0,Ben Brereton Díaz,Southampton,867583,45,FW
1,0,0.0,14,2,50.0,25,18,43,89.58,0,0.0,0,3,0,0,0,0,3,0,0,0,0,1,3,0,0,2,1,6,0,1,0.02,,3,0,0.0,0,0,0,1,1,0,0,0,,5,45.45,0,0,0,5,1,1,0,2,99,0,,0,0,0,0,0.0,0,0,0,0,9,1,0,6.57,0,0,0,0,0,0,0,0,0.0,0.0,0,0,0,0,0,1,100.0,0,2,1,50.0,1,1,1,1,5,45.45,4,28,21,48,19.7,0,0,67,2,1,0,Tyrell Malacia,Manchester United,825839,35,MF
26,1,5.88,82,34,43.04,303,662,964,89.34,11,50.0,11,28,0,0,0,0,69,0,0,0,2,47,28,0,0,11,10,54,1,1,0.2,0.02,17,0,0.0,8,0,0,41,37,4,0,0,,34,44.16,0,0,0,115,19,3,0,19,1764,0,,1,0,0,0,0.0,0,0,0,0,173,3,0,6.56,0,0,0,0,0,0,0,0,0.0,0.0,0,0,1,0,1,7,58.33,0,16,8,50.0,3,56,12,17,45,45.45,79,380,716,1079,183.7,1,0,1329,11,1,0,Archie Gray,Tottenham Hotspur,1142335,33,DF
2,0,0.0,50,2,28.57,83,56,139,75.14,6,30.0,14,23,2,0,0,0,29,1,0,2,0,10,21,0,0,10,10,51,0,0,0.16,0.79,9,0,14.29,0,1,3,17,17,0,1,0,,18,32.73,0,0,0,46,0,6,0,9,788,4,,0,0,0,0,0.0,0,0,0,1,92,3,0,6.55,0,1,0,0,0,0,0,0,788.0,0.0,0,3,4,2,3,0,0.0,0,9,4,44.44,6,8,8,15,24,32.0,7,133,67,185,137.6,7,0,289,9,2,0,Bobby De Cordova-Reid,Leicester City,151499,31,MF
0,0,0.0,4,0,0.0,10,1,11,84.62,0,0.0,0,3,0,0,0,0,0,0,0,0,0,0,2,0,0,0,0,0,0,0,0.0,,0,0,0.0,0,0,0,1,1,0,0,0,,2,100.0,0,0,0,2,0,0,0,0,24,0,,0,0,0,0,0.0,0,0,0,0,4,0,0,6.55,0,0,0,0,0,0,0,0,0.0,0.0,0,0,0,0,0,0,0.0,0,1,1,100.0,0,0,0,1,2,100.0,1,13,1,13,13.1,0,0,18,1,0,0,Julio Soler,Bournemouth,1201520,60,DF
1,0,0.0,15,6,31.58,31,59,90,77.59,5,50.0,5,7,0,0,0,0,11,0,0,0,0,7,6,0,0,0,0,10,0,0,0.03,,5,0,0.0,3,0,0,4,4,0,0,0,,2,28.57,0,0,0,26,4,0,0,2,209,0,,0,0,0,0,0.0,0,0,0,0,28,0,0,6.55,0,0,0,0,0,0,0,0,0.0,0.0,0,0,0,0,0,0,0.0,0,2,2,100.0,0,7,0,0,7,41.18,19,49,67,116,39.3,0,0,139,0,2,0,Ben Mee,Brentford,137774,50,DF
7,3,42.86,23,14,45.16,66,95,158,77.83,1,12.5,7,13,0,0,0,0,10,0,0,0,0,13,11,0,0,2,5,17,1,0,0.25,0.02,2,0,0.0,2,0,0,11,11,0,0,0,,14,58.33,0,0,0,45,3,3,0,5,504,0,,0,0,0,0,0.0,0,0,0,0,62,0,0,6.55,0,0,0,0,0,0,0,0,0.0,0.0,0,0,2,2,0,0,0.0,0,12,8,66.67,3,21,1,7,15,46.88,31,98,112,203,72.0,2,0,276,2,1,0,Nathaniel Clyne,Crystal Palace,43215,7,DF
0,1,100.0,8,1,50.0,20,18,37,90.24,0,0.0,1,5,0,0,0,0,4,0,0,0,0,3,5,0,0,0,1,3,0,0,0.02,,0,0,0.0,0,0,0,4,3,1,0,0,,9,81.82,0,0,0,4,0,0,0,0,130,0,,0,0,0,0,0.0,0,0,0,0,9,0,0,6.54,0,0,0,0,0,0,0,0,0.0,0.0,0,0,0,0,0,1,50.0,0,7,5,71.43,0,1,2,1,9,75.0,2,22,20,41,32.7,0,0,70,1,0,0,Kosta Nedeljković,Aston Villa,1152923,40,DF
0,1,11.11,27,0,0.0,43,15,57,71.25,1,25.0,3,10,0,0,0,0,11,0,0,2,0,2,8,0,0,4,2,16,1,0,0.11,0.14,2,0,0.0,0,0,0,9,9,0,0,0,,16,55.17,0,0,0,23,1,2,0,1,241,0,,0,1,0,0,0.0,0,0,0,0,47,0,0,6.54,0,0,0,0,0,0,0,0,0.0,0.0,0,1,1,0,0,7,58.33,0,8,5,62.5,1,1,12,9,17,51.52,1,70,19,80,52.3,2,0,133,1,2,0,Carlos Forbs,Wolverhampton,1069486,3,MF
0,0,0.0,7,0,0.0,7,4,11,68.75,0,0.0,1,3,0,0,0,0,2,0,0,0,0,0,3,0,0,0,0,2,0,0,0.02,,0,0,0.0,0,0,0,2,1,1,0,0,,1,50.0,0,0,0,5,0,1,0,0,71,0,,0,0,0,0,0.0,0,0,0,0,8,0,0,6.53,0,0,0,0,0,0,0,0,0.0,0.0,0,0,0,0,0,0,0.0,0,1,1,100.0,1,0,1,0,1,33.33,0,10,6,16,19.6,0,0,23,0,0,0,Marc Guiu,Chelsea,1414933,38,FW
1,0,0.0,11,1,16.67,24,26,50,78.13,2,100.0,0,11,0,0,0,0,10,0,0,0,0,2,9,0,0,3,3,7,0,0,0.02,,1,0,0.0,0,0,0,6,5,1,0,0,,11,61.11,0,0,0,14,2,0,0,2,218,0,,0,0,0,0,0.0,0,0,0,0,21,1,0,6.53,0,0,0,0,0,0,0,0,0.0,0.0,0,0,0,0,0,0,0.0,0,9,6,66.67,0,6,0,1,13,65.0,6,30,35,64,58.8,0,0,93,2,0,0,Massimo Luongo,Ipswich Town,204300,32,MF
2,0,0.0,9,4,28.57,37,66,103,83.74,1,14.29,6,4,0,0,0,0,7,0,1,0,0,1,4,0,0,0,0,6,0,0,0.02,0.22,0,0,0.0,0,0,0,3,3,0,0,0,,4,100.0,0,0,0,20,1,0,0,2,181,0,,0,0,0,0,0.0,0,0,0,0,22,0,0,6.53,0,0,0,0,0,0,0,0,0.0,0.0,0,2,0,2,0,1,100.0,0,2,1,50.0,0,6,1,0,5,45.45,14,51,72,123,26.1,2,0,139,1,1,0,Josh Acheampong,Chelsea,1403050,38,DF
9,8,21.62,65,13,44.83,132,125,249,77.81,19,51.35,18,23,2,0,0,0,57,4,3,2,0,53,23,0,0,17,21,96,1,0,0.86,1.06,27,0,14.29,0,1,3,36,33,3,1,0,,52,40.0,1,0,1,71,13,12,0,14,1366,1,,0,0,0,0,0.0,0,0,0,0,177,2,0,6.51,1,0,0,0,0,0,0,0,1366.0,0.0,0,5,2,2,3,8,36.36,0,38,22,57.89,12,18,22,37,71,42.51,29,206,151,320,149.8,7,1,660,6,3,1,Ben Johnson,Ipswich Town,914412,32,MF
1,1,6.25,33,1,50.0,45,20,64,82.05,1,14.29,6,10,1,0,0,0,11,1,0,1,0,4,10,0,0,7,4,33,0,0,0.56,0.2,3,0,0.0,0,0,1,5,5,0,0,0,,11,28.95,0,0,0,14,1,3,0,3,372,3,,0,0,0,0,0.0,0,0,0,0,63,5,0,6.51,0,0,0,0,0,0,0,0,0.0,0.0,0,1,2,1,1,2,13.33,0,2,1,50.0,3,3,15,16,12,26.67,2,74,20,78,65.1,3,0,155,7,0,0,Mikey Moore,Tottenham Hotspur,1403192,33,MF
2,0,0.0,26,1,25.0,47,14,61,64.89,14,26.92,38,26,0,0,0,0,18,0,4,1,0,7,24,0,0,19,1,71,0,0,0.12,2.12,8,0,10.0,0,1,1,10,8,2,1,0,,19,36.54,0,0,0,33,0,2,1,3,477,1,,0,0,0,0,0.0,0,0,0,0,79,5,0,6.5,0,0,0,0,0,0,0,0,477.0,0.0,0,9,1,5,4,4,44.44,0,6,3,50.0,2,3,9,2,33,31.73,4,80,16,94,156.1,10,0,198,10,0,0,Taiwo Awoniyi,Nottingham Forest,359664,14,FW
3,0,0.0,65,3,50.0,116,89,205,83.0,9,23.08,30,35,0,0,0,1,35,0,10,7,0,9,35,0,0,26,7,98,0,0,0.73,5.72,16,0,6.9,0,2,2,34,27,7,2,0,,41,37.61,0,0,3,42,2,5,1,13,1452,8,,0,0,1,0,0.0,0,0,0,0,133,7,0,6.5,0,1,0,0,0,0,0,0,726.0,0.0,0,27,2,11,11,15,42.86,0,13,8,61.54,5,5,35,3,50,33.78,6,146,104,247,227.6,29,0,452,13,0,0,Cameron Archer,Southampton,993451,45,FW
0,0,0.0,1,0,0.0,3,0,3,100.0,0,0.0,0,1,0,0,0,0,1,0,0,0,0,0,1,0,0,1,0,1,0,0,0.01,,0,0,0.0,0,0,0,0,0,0,0,0,,1,50.0,0,0,0,0,0,0,0,0,11,0,,0,0,0,0,0.0,0,0,0,0,1,0,0,6.5,0,0,0,0,0,0,0,0,0.0,0.0,0,0,0,0,0,0,0.0,0,1,0,0.0,0,0,0,0,1,50.0,0,3,0,3,6.5,0,0,5,0,0,0,Claudio Echeverri,Manchester City,1482424,17,MF
0,0,0.0,2,0,0.0,3,3,6,100.0,0,0.0,0,1,0,0,0,0,1,0,0,0,0,0,1,0,0,0,0,0,0,0,0.0,,0,0,0.0,0,0,0,0,0,0,0,0,,0,0.0,0,0,0,0,0,0,0,0,8,0,,0,0,0,0,0.0,0,0,0,0,1,0,0,6.5,0,0,0,0,0,0,0,0,0.0,0.0,0,0,0,0,0,0,0.0,0,0,0,0.0,0,0,0,0,0,0.0,0,3,3,6,6.5,0,0,8,0,0,0,Jeremy Sarmiento,Brighton & Hove Albion,983816,30,MF
0,0,0.0,4,0,0.0,5,2,7,100.0,0,0.0,0,1,0,0,0,0,2,0,0,0,0,0,1,0,0,1,0,1,0,0,0.0,,0,0,0.0,0,0,0,0,0,0,0,0,,0,0.0,0,0,0,0,0,0,0,0,12,0,,0,0,0,0,0.0,0,0,0,0,1,0,0,6.5,0,0,0,0,0,0,0,0,0.0,0.0,0,0,0,0,0,0,0.0,0,0,0,0.0,0,0,0,0,0,0.0,0,5,2,7,6.5,0,0,10,0,0,0,Mathis Amougou,Chelsea,1426224,38,MF
0,0,0.0,0,0,0.0,1,2,3,100.0,0,0.0,0,1,0,0,0,0,1,0,0,0,0,0,1,0,0,0,0,0,0,0,0.0,,0,0,0.0,0,0,0,0,0,0,0,0,,0,0.0,0,0,0,0,0,0,0,0,12,0,,0,0,0,0,0.0,0,0,0,0,0,0,0,6.5,0,0,0,0,0,0,0,0,0.0,0.0,0,0,0,0,0,0,0.0,0,0,0,0.0,0,0,0,0,0,0.0,0,1,2,3,6.5,0,0,3,0,0,0,Jayden Meghoma,Brentford,1410201,50,DF
0,0,0.0,0,0,0.0,0,5,5,100.0,0,0.0,0,1,0,0,0,0,0,0,0,0,0,0,1,0,0,0,0,0,0,0,0.0,,0,0,0.0,0,0,0,1,1,0,0,0,,0,0.0,0,0,0,0,0,0,0,0,12,0,,0,0,0,0,0.0,0,0,0,0,0,0,0,6.5,0,0,0,0,0,0,0,0,0.0,0.0,0,0,0,0,0,0,0.0,0,0,0,0.0,0,0,0,0,0,0.0,0,0,5,5,6.5,0,0,6,0,0,0,Ronnie Edwards,Southampton,1012415,45,DF
0,0,0.0,3,1,20.0,35,71,106,92.98,1,25.0,3,2,0,0,0,0,3,0,0,0,0,2,2,0,0,0,1,4,0,0,0.02,,0,0,0.0,1,0,0,2,2,0,0,0,,2,66.67,0,0,0,8,0,0,0,1,102,0,,0,0,0,0,0.0,0,0,0,0,9,0,0,6.5,0,0,0,0,0,0,0,0,0.0,0.0,0,0,0,0,0,0,0.0,0,1,0,0.0,0,2,0,0,3,42.86,5,41,73,114,13.0,0,0,125,1,1,0,Jahmai Simpson-Pusey,Manchester City,1402924,17,DF
0,0,0.0,1,0,0.0,1,4,5,83.33,0,0.0,0,2,0,0,0,0,2,0,0,0,0,0,1,0,0,0,4,5,0,0,0.0,,0,0,0.0,0,0,0,0,0,0,0,0,,2,28.57,0,0,0,1,1,0,0,0,28,0,,0,0,0,0,0.0,0,0,0,0,3,0,0,6.5,0,0,0,0,0,0,0,0,0.0,0.0,0,0,0,0,0,0,0.0,0,2,2,100.0,0,0,1,0,2,28.57,0,1,5,6,6.5,0,0,13,0,0,0,Eric da Silva Moreira,Nottingham Forest,1418646,14,DF
0,0,0.0,0,0,0.0,6,9,15,100.0,0,0.0,1,2,0,0,0,0,0,0,0,0,0,0,2,0,0,0,0,1,0,0,0.0,,0,0,0.0,0,0,0,1,0,1,0,0,,0,0.0,0,0,0,0,2,0,0,0,22,0,,0,0,0,0,0.0,0,0,0,0,1,0,0,6.5,0,0,0,0,0,0,0,0,0.0,0.0,0,0,0,0,0,0,0.0,0,0,0,0.0,0,0,0,0,0,0.0,0,6,9,15,13.0,0,0,19,0,0,0,Joachim Kayi Sanda,Southampton,1426220,45,DF
0,1,50.0,2,0,0.0,4,0,3,75.0,0,0.0,1,2,0,0,0,0,1,0,0,0,0,1,2,0,0,2,0,3,0,0,0.02,,0,0,0.0,0,0,0,1,1,0,0,0,,2,50.0,0,0,0,1,0,0,0,0,19,0,,0,0,0,0,0.0,0,0,0,0,4,0,0,6.5,0,0,0,0,0,0,0,0,0.0,0.0,0,0,0,0,0,0,0.0,0,2,1,50.0,0,0,0,2,2,40.0,0,6,0,4,13.0,0,0,13,0,0,0,Caleb Kporha,Crystal Palace,1465401,7,DF
0,0,0.0,0,0,0.0,0,0,0,0.0,0,0.0,0,3,0,0,0,0,0,0,0,0,0,0,1,0,0,0,0,2,0,0,,,2,0,0.0,0,0,0,0,0,0,0,0,,0,0.0,0,0,0,1,0,0,0,0,10,0,,0,0,0,0,0.0,0,0,0,0,3,0,0,6.5,0,0,0,0,0,0,0,0,0.0,0.0,0,0,0,0,0,0,0.0,0,0,0,0.0,0,0,0,0,0,0.0,0,1,0,1,6.5,0,0,3,0,0,0,Will Lankshear,Tottenham Hotspur,1391825,33,FW
2,0,0.0,3,4,66.67,12,13,25,89.29,0,0.0,0,3,0,0,0,0,0,0,0,0,0,2,2,0,0,1,0,2,0,0,0.0,,1,0,0.0,0,0,0,0,0,0,0,0,,0,0.0,0,0,0,3,0,0,0,0,28,0,,0,0,0,0,0.0,0,0,0,0,4,0,0,6.5,0,0,0,0,0,0,0,0,0.0,0.0,0,0,0,0,0,0,0.0,0,0,0,0.0,0,2,0,0,0,0.0,6,15,13,28,13.0,0,0,31,0,0,0,Kim Ji-Soo,Brentford,1185061,50,DF
0,0,0.0,10,0,0.0,16,9,25,83.33,5,33.33,10,11,0,0,0,0,4,0,0,2,0,2,10,0,0,4,2,26,0,0,0.05,0.35,8,0,0.0,0,0,0,5,4,1,0,0,,8,33.33,0,0,0,5,0,2,0,0,144,1,,0,0,0,0,0.0,0,0,0,0,20,1,0,6.5,0,0,0,0,0,0,0,0,0.0,0.0,0,4,0,2,0,4,57.14,0,1,0,0.0,2,1,7,0,13,33.33,0,20,10,30,65.0,4,0,64,3,3,0,Ali Al-Hamadi,Ipswich Town,1010010,32,FW
0,0,0.0,0,0,0.0,2,0,2,66.67,0,0.0,1,1,0,0,0,0,1,0,0,1,0,0,1,0,0,1,0,2,0,0,0.0,0.04,0,0,0.0,0,0,0,0,0,0,0,0,,0,0.0,0,0,0,1,0,0,0,0,27,0,,0,0,0,0,0.0,0,0,0,0,2,1,0,6.5,0,0,0,0,0,0,0,0,0.0,0.0,0,1,0,0,0,0,0.0,0,0,0,0.0,0,0,0,0,0,0.0,0,3,0,3,6.5,1,0,5,0,0,0,Divin Mubama,Manchester City,1167025,17,FW
0,0,0.0,1,0,0.0,1,1,2,66.67,0,0.0,1,4,0,0,0,0,0,0,0,0,0,0,3,0,0,1,1,3,0,0,0.0,,0,0,0.0,0,0,0,1,0,1,0,0,,1,33.33,0,0,0,1,0,0,0,0,31,0,,0,0,0,0,0.0,0,0,0,0,2,0,0,6.47,0,0,0,0,0,0,0,0,0.0,0.0,0,0,0,0,0,0,0.0,0,1,1,100.0,0,1,0,0,1,25.0,0,2,1,3,19.4,0,0,6,0,0,0,Jake Evans,Leicester City,1899501,31,MF
6,2,22.22,43,6,31.58,83,75,156,81.68,3,25.0,9,12,0,0,0,0,29,0,0,0,0,16,12,0,0,2,7,26,0,0,0.1,,7,0,0.0,0,0,0,10,9,1,0,0,,12,41.38,0,0,0,35,6,1,0,7,516,1,,0,0,0,0,0.0,0,0,0,0,55,0,0,6.46,0,0,0,0,0,0,0,0,0.0,0.0,0,0,0,0,0,0,0.0,0,10,5,50.0,1,11,1,9,15,36.59,19,114,86,191,77.5,0,0,283,2,2,0,Julián Araujo,Bournemouth,978150,60,DF
1,0,0.0,14,1,100.0,17,9,26,92.86,0,0.0,4,6,0,0,0,0,6,0,1,2,0,1,6,0,0,4,2,15,0,1,0.16,0.34,3,0,0.0,0,0,0,3,2,1,0,0,,3,21.43,0,0,1,2,0,2,0,1,116,0,,0,0,0,0,0.0,0,0,0,0,13,2,0,6.45,0,0,0,0,0,0,0,0,0.0,0.0,0,2,3,1,2,0,0.0,0,1,0,0.0,2,1,2,2,3,16.67,1,20,10,28,38.7,5,0,52,2,0,0,Federico Chiesa,Liverpool FC,845386,44,FW
1,1,16.67,18,0,0.0,26,13,38,79.17,1,25.0,3,12,0,0,0,0,10,1,0,0,0,2,11,0,0,2,2,13,0,0,0.1,0.23,6,0,0.0,0,0,0,3,3,0,0,0,,8,44.44,0,0,0,10,1,1,0,0,133,0,,0,0,0,1,0.0,0,0,0,0,21,3,0,6.45,0,0,0,0,0,0,0,0,0.0,0.0,0,1,2,1,2,0,0.0,0,6,3,50.0,1,4,1,6,9,40.91,2,40,14,48,70.9,3,0,81,2,2,0,Harrison Reed,Fulham,365802,43,MF
0,1,50.0,13,0,0.0,21,19,39,78.0,2,11.11,16,18,0,0,0,0,11,0,1,2,0,1,17,0,0,12,2,38,0,0,0.09,0.38,4,0,0.0,0,0,0,7,6,1,0,0,,4,15.38,0,0,0,11,1,3,0,2,368,3,,0,0,0,0,0.0,0,0,0,0,46,1,0,6.43,0,0,0,0,0,0,0,0,0.0,0.0,0,6,0,3,1,1,20.0,0,2,2,100.0,3,1,5,2,6,13.64,0,31,21,50,109.3,6,0,109,1,1,0,Callum Wilson,Newcastle United,113956,39,FW
7,0,0.0,1,21,27.27,10,70,80,57.14,1,50.0,1,4,0,0,0,0,20,0,0,0,1,14,4,0,0,0,1,2,1,0,0.0,,0,0,0.0,24,0,0,10,10,0,0,0,0.07,1,50.0,0,4,0,60,0,0,0,4,360,0,,0,0,0,0,0.0,0,0,0,0,60,0,5,6.43,0,0,3,8,0,8,0,2,0.0,0.0,0,0,0,0,0,0,0.0,3,0,0,0.0,0,13,0,0,2,50.0,77,53,87,140,25.7,0,0,179,1,0,0,Altay Bayındır,Manchester United,815890,35,GK
2,5,27.78,42,3,50.0,99,52,146,92.41,0,0.0,6,7,0,0,0,0,15,1,0,1,0,8,7,0,0,6,4,29,1,1,0.45,0.04,1,0,0.0,0,0,0,5,5,0,0,0,,14,37.84,0,0,0,12,2,3,0,5,325,0,,0,0,0,0,0.0,0,0,0,0,55,2,0,6.41,0,0,0,0,0,0,0,0,0.0,0.0,0,0,2,1,0,5,29.41,0,9,5,55.56,3,4,17,18,14,32.56,6,120,56,158,44.9,2,0,268,0,0,0,Andrés García,Aston Villa,1457536,40,DF
0,0,0.0,2,0,0.0,2,4,6,85.71,0,0.0,0,2,0,0,0,0,2,0,0,0,0,0,2,0,0,1,0,3,0,0,0.02,,2,0,0.0,0,0,0,0,0,0,0,0,,0,0.0,0,0,0,1,0,0,0,0,28,0,,0,0,0,0,0.0,0,0,0,0,4,1,0,6.4,0,0,0,0,0,0,0,0,0.0,0.0,0,0,0,0,0,0,0.0,0,0,0,0.0,0,0,0,0,0,0.0,0,2,5,7,12.8,0,0,11,0,0,0,Frank Onyeka,Brentford,885864,50,MF
0,0,0.0,7,0,0.0,7,3,10,62.5,0,0.0,0,2,0,0,0,0,2,0,0,0,0,1,2,0,0,0,3,4,0,0,0.05,,0,0,0.0,0,0,0,2,1,1,0,0,,1,20.0,0,0,0,6,0,0,0,0,43,1,,0,0,0,0,0.0,0,0,0,0,7,0,0,6.4,0,0,0,0,0,0,0,0,0.0,0.0,0,0,0,0,0,0,0.0,0,1,0,0.0,0,0,1,0,1,20.0,1,11,5,16,12.8,0,0,22,0,0,0,Marcus Harness,Ipswich Town,368146,32,FW
12,0,0.0,43,14,48.28,81,90,171,82.21,10,71.43,4,7,0,0,0,0,17,0,0,0,0,12,6,0,0,2,3,15,0,3,0.09,0.08,5,0,0.0,0,0,0,9,9,0,0,0,,7,38.89,0,0,0,37,4,1,0,4,378,0,,0,0,0,1,0.0,0,0,0,0,53,1,0,6.4,1,0,0,0,0,0,0,0,0.0,0.0,0,1,0,0,1,1,50.0,0,5,3,60.0,1,18,2,5,17,53.13,29,109,104,208,38.4,1,0,278,1,1,1,Harry Clarke,Ipswich Town,993439,32,DF
0,1,50.0,4,0,0.0,5,3,7,100.0,0,0.0,1,2,0,0,0,0,1,0,0,1,0,0,2,0,0,2,0,7,0,0,0.13,0.02,1,0,0.0,0,0,0,0,0,0,0,0,,3,33.33,0,0,0,0,0,1,0,0,26,0,,0,0,0,0,0.0,0,0,0,0,6,0,0,6.4,0,0,0,0,0,0,0,0,0.0,0.0,0,0,1,0,0,0,0.0,0,1,0,0.0,1,0,3,2,3,30.0,0,6,3,7,12.8,1,0,19,2,1,0,Samuel Amo-Ameyaw,Southampton,1407484,45,FW
0,0,0.0,9,3,75.0,16,9,25,71.43,5,33.33,10,10,0,0,0,0,2,0,0,0,0,0,5,0,0,3,1,18,0,0,0.01,0.15,3,0,0.0,0,0,0,2,2,0,0,0,,5,38.46,0,0,0,10,0,0,0,0,72,0,,0,0,0,0,0.0,0,0,0,0,18,0,0,6.38,0,0,0,0,0,0,0,0,0.0,0.0,0,0,1,1,0,0,0.0,0,4,4,100.0,0,0,2,0,10,35.71,4,24,11,35,31.9,1,0,57,1,0,0,Yunus Konak,Brentford,1518589,50,MF
3,0,0.0,7,7,38.89,40,162,202,90.58,6,54.55,5,4,0,0,0,0,19,0,1,0,0,21,4,0,0,0,3,12,0,1,0.02,0.32,3,0,0.0,0,0,0,13,12,1,0,0,,9,56.25,0,0,0,21,5,0,0,2,329,0,,0,0,0,0,0.0,0,0,0,0,25,1,0,6.38,0,0,0,0,0,0,0,0,0.0,0.0,0,1,0,1,0,0,0.0,0,7,5,71.43,0,11,1,0,15,55.56,18,55,168,223,25.5,1,0,270,2,0,0,Armel Bella-Kotchap,Southampton,976025,45,DF
1,0,0.0,2,2,100.0,5,4,9,100.0,1,100.0,0,2,0,0,0,0,1,0,0,1,0,1,2,0,0,1,1,3,0,0,0.0,0.07,0,0,0.0,0,0,0,1,1,0,0,0,,0,0.0,0,0,0,0,0,0,0,0,22,0,,0,0,0,0,0.0,0,0,0,0,3,0,0,6.35,0,0,0,0,0,0,0,0,0.0,0.0,0,1,0,0,0,0,0.0,0,0,0,0.0,0,1,1,0,1,25.0,2,5,4,9,12.7,1,0,15,0,0,0,Scott McTominay,Manchester United,879346,35,MF
0,0,0.0,8,0,0.0,12,13,25,67.57,2,50.0,2,5,0,0,0,0,7,0,0,0,0,2,5,0,0,2,4,11,0,0,0.01,,2,0,0.0,0,0,0,3,2,1,0,0,,4,30.77,0,0,0,12,1,0,0,0,100,0,,0,0,0,0,0.0,0,0,0,0,23,0,0,6.32,0,0,0,0,0,0,0,0,0.0,0.0,0,0,0,0,0,0,0.0,0,2,2,100.0,0,2,2,2,6,35.29,6,22,17,37,31.6,0,0,68,2,0,0,Rico Henry,Brentford,599128,50,DF
0,0,0.0,1,0,0.0,1,0,1,100.0,0,0.0,0,1,0,0,0,0,0,0,0,0,0,0,1,0,0,1,1,2,0,0,0.01,,0,0,0.0,0,0,0,1,1,0,0,0,,0,0.0,0,0,0,0,0,0,0,0,10,0,,0,0,0,0,0.0,0,0,0,0,1,0,0,6.3,0,0,0,0,0,0,0,0,0.0,0.0,0,0,0,0,0,0,0.0,0,0,0,0.0,0,0,0,0,0,0.0,0,1,0,1,6.3,0,0,3,0,0,0,Jayden Danns,Liverpool FC,1403108,44,FW
4,0,0.0,2,12,50.0,10,22,32,72.73,0,0.0,0,2,0,0,0,0,11,0,0,0,0,1,2,0,0,0,0,1,0,0,0.0,,0,0,0.0,7,0,0,6,6,0,0,0,-3.17,0,0.0,0,0,0,12,0,0,0,1,135,0,,0,0,0,0,0.0,0,0,0,0,13,0,0,6.3,0,0,1,3,1,4,0,0,0.0,0.0,0,0,0,0,0,0,0.0,1,0,0,0.0,0,6,1,0,0,0.0,24,19,25,44,12.6,0,0,59,0,0,0,Danny Ward,Leicester City,197428,31,GK
0,0,0.0,3,1,25.0,3,4,7,53.85,0,0.0,2,3,0,0,0,0,2,0,1,0,0,1,1,0,0,3,1,8,0,0,0.0,0.37,2,0,0.0,0,0,0,1,1,0,0,0,,3,33.33,0,0,0,6,0,1,0,0,47,0,,0,0,0,0,0.0,0,0,0,0,13,0,0,6.3,0,0,0,0,0,0,0,0,0.0,0.0,0,1,0,1,0,1,100.0,0,0,0,0.0,1,2,1,1,3,27.27,4,9,5,13,6.3,1,0,26,2,1,0,Harrison Armstrong,Everton,1627560,48,MF
0,0,0.0,5,0,0.0,9,4,13,76.47,2,100.0,0,4,0,0,0,0,6,0,0,2,0,1,3,0,0,4,7,15,0,0,0.01,0.12,0,0,0.0,0,0,0,3,3,0,0,0,,5,25.0,0,0,0,4,0,1,0,2,150,0,,0,0,0,0,0.0,0,0,0,0,18,2,0,6.3,0,0,0,0,0,0,0,0,0.0,0.0,0,1,1,0,0,0,0.0,0,4,1,25.0,1,0,4,1,7,31.82,0,13,5,17,18.9,2,0,43,1,0,0,Albert Grønbæk,Southampton,1000263,45,MF
1,0,0.0,13,1,100.0,31,43,74,85.06,2,40.0,3,8,0,0,0,0,10,0,0,0,0,8,8,0,1,2,2,9,0,0,0.11,0.03,1,0,0.0,0,0,0,10,9,1,0,0,,12,66.67,0,0,0,13,1,2,0,4,312,1,,0,0,0,1,0.0,0,0,0,0,33,3,0,6.26,1,0,0,0,0,0,0,0,0.0,0.0,0,0,1,0,1,2,66.67,0,6,2,33.33,2,3,3,12,14,60.87,1,48,51,87,50.1,1,0,139,4,0,0,Ryan Fraser,Southampton,138261,45,MF
1,0,0.0,1,2,33.33,3,11,14,58.33,1,100.0,0,2,0,0,0,0,7,0,0,0,0,3,2,0,0,0,0,5,0,0,0.01,,4,0,0.0,0,0,0,2,2,0,0,0,,2,28.57,0,0,0,10,0,1,0,1,85,0,,0,0,0,0,0.0,0,0,0,0,11,0,0,6.25,0,0,0,0,0,0,0,0,0.0,0.0,0,0,0,0,0,0,0.0,0,2,0,0.0,1,3,1,0,3,37.5,6,9,15,24,12.5,0,0,32,0,1,0,Joel Ward,Crystal Palace,39183,7,DF
2,0,0.0,4,2,28.57,13,25,38,82.61,1,50.0,1,5,0,0,0,0,2,0,0,0,0,4,2,0,0,2,1,4,0,1,0.01,,0,0,0.0,0,0,0,2,2,0,0,0,,1,25.0,0,0,0,8,2,0,0,1,65,0,,0,0,0,0,0.0,0,0,0,0,11,0,0,6.25,0,0,0,0,0,0,0,0,0.0,0.0,0,0,0,0,0,0,0.0,0,0,0,0.0,0,4,0,0,2,33.33,7,20,26,46,12.5,0,0,60,1,0,0,Nasser Djiga,Wolverhampton,1127169,3,DF
0,0,0.0,0,0,0.0,0,0,0,0.0,0,0.0,1,1,0,0,0,0,0,0,0,0,0,0,1,0,0,0,0,1,0,0,0.0,,0,0,0.0,0,0,0,1,1,0,0,0,,0,0.0,0,0,0,0,0,0,0,0,16,0,,0,0,0,0,0.0,0,0,0,0,1,0,0,6.2,0,0,0,0,0,0,0,0,0.0,0.0,0,0,0,0,0,0,0.0,0,0,0,0.0,0,0,0,0,0,0.0,0,0,0,0,6.2,0,0,3,0,0,0,Mason Holgate,Everton,781544,48,DF
1,0,0.0,3,1,33.33,3,6,9,56.25,0,0.0,3,1,0,0,0,0,6,0,0,0,0,2,1,0,0,0,0,6,0,0,0.0,,0,0,0.0,0,0,0,4,3,1,0,0,,5,62.5,0,0,0,7,1,0,0,1,90,0,,0,0,0,0,0.0,0,0,0,0,13,0,0,6.2,0,0,0,0,0,0,0,0,0.0,0.0,0,0,0,0,0,0,0.0,0,5,5,100.0,0,4,3,0,5,45.45,3,7,9,16,6.2,0,0,38,0,0,0,Roman Dixon,Everton,1415001,48,DF
0,0,0.0,5,1,33.33,11,12,23,85.19,2,66.67,1,2,0,0,0,0,1,0,0,0,0,2,1,0,0,0,1,3,0,0,0.0,,0,0,0.0,0,0,0,2,2,0,0,0,,0,0.0,0,0,0,4,0,0,0,0,19,0,,0,0,0,0,0.0,0,0,0,0,6,0,0,6.1,0,0,0,0,0,0,0,0,0.0,0.0,0,0,0,0,0,0,0.0,0,0,0,0.0,0,2,1,1,2,40.0,3,16,12,27,6.1,0,0,32,0,0,0,Eiran Cashin,Brighton & Hove Albion,998928,30,DF
0,0,0.0,8,0,0.0,20,21,41,82.0,3,100.0,0,3,0,0,0,0,2,0,0,0,0,3,3,0,0,1,0,2,0,0,0.02,,1,0,0.0,0,0,0,10,9,1,0,0,,1,33.33,0,0,0,9,2,0,0,2,159,0,,0,0,0,0,0.0,0,0,0,0,13,0,0,6.03,0,0,0,0,0,0,0,0,0.0,0.0,0,0,0,0,0,0,0.0,0,1,0,0.0,0,1,0,0,4,66.67,1,24,26,50,18.1,0,0,69,0,1,0,Ben Godfrey,Ipswich Town,754698,32,DF
0,0,0.0,0,0,0.0,0,2,2,100.0,0,0.0,0,1,0,0,0,0,0,0,0,0,0,1,0,0,0,0,0,0,0,0,0.0,,0,0,0.0,0,0,0,0,0,0,0,0,,1,100.0,0,0,0,0,0,0,0,0,1,0,,0,0,0,0,0.0,0,0,0,0,0,0,0,0.0,0,0,0,0,0,0,0,0,0.0,0.0,0,0,0,0,0,1,100.0,0,0,0,0.0,0,0,1,0,1,100.0,0,0,2,2,0.0,0,0,4,0,0,0,Vitor Reis,Manchester City,1485300,17,DF
0,0,0.0,0,0,0.0,3,1,4,80.0,1,100.0,0,1,0,0,0,0,0,0,0,0,0,0,0,0,0,0,0,0,0,0,0.0,,0,0,0.0,0,0,0,0,0,0,0,0,,0,0.0,0,0,0,1,0,0,0,0,1,0,,0,0,0,0,0.0,0,0,0,0,1,0,0,0.0,0,0,0,0,0,0,0,0,0.0,0.0,0,0,0,0,0,0,0.0,0,0,0,0.0,0,0,0,0,1,100.0,0,4,1,5,0.0,0,0,6,0,0,0,Mateus Mané,Wolverhampton,1899647,3,MF
0,0,0.0,0,0,0.0,0,0,0,0.0,0,0.0,0,1,0,0,0,0,0,0,0,0,0,0,0,0,0,0,0,1,0,0,,,1,0,0.0,0,0,0,0,0,0,0,0,,0,0.0,0,0,0,0,0,0,0,0,1,0,,0,0,0,0,0.0,0,0,0,0,0,0,0,0.0,0,0,0,0,0,0,0,0,0.0,0.0,0,0,0,0,0,0,0.0,0,0,0,0.0,0,0,0,0,0,0.0,0,0,0,0,0.0,0,0,0,0,0,0,Jay Stansfield,Fulham,1013987,43,FW
0,0,0.0,0,0,0.0,0,0,0,0.0,0,0.0,1,1,0,0,0,0,0,0,0,0,0,0,0,0,0,0,0,1,0,0,,,0,0,0.0,0,0,0,0,0,0,0,0,,2,100.0,0,0,0,0,0,0,0,0,1,0,,0,0,0,0,0.0,0,0,0,0,0,0,0,0.0,0,0,0,0,0,0,0,0,0.0,0.0,0,0,0,0,0,0,0.0,0,2,0,0.0,0,0,0,0,2,66.67,0,0,0,0,0.0,0,0,2,0,0,0,Boubacar Traoré,Wolverhampton,982613,3,MF
0,0,0.0,0,0,0.0,0,0,0,0.0,0,0.0,0,1,0,0,0,0,0,0,0,0,0,0,0,0,0,0,0,0,0,0,,,0,0,0.0,0,0,0,0,0,0,0,0,,0,0.0,0,0,0,0,0,0,0,0,1,0,,0,0,0,0,0.0,0,0,0,0,0,0,0,0.0,0,0,0,0,0,0,0,0,0.0,0.0,0,0,0,0,0,0,0.0,0,0,0,0.0,0,0,0,0,0,0.0,0,0,0,0,0.0,0,0,0,0,0,0,Michael Golding,Leicester City,1403055,31,MF
0,0,0.0,0,0,0.0,0,0,0,0.0,0,0.0,0,1,0,0,0,0,1,0,0,0,0,0,0,0,0,0,0,0,0,0,,,0,0,0.0,0,0,0,0,0,0,0,0,,0,0.0,0,0,0,0,0,0,0,0,1,0,,0,0,0,0,0.0,0,0,0,0,1,0,0,0.0,0,0,0,0,0,0,0,0,0.0,0.0,0,0,0,0,0,0,0.0,0,0,0,0.0,0,0,0,0,0,0.0,0,0,0,0,0.0,0,0,1,0,0,0,Tom King,Wolverhampton,603922,3,GK
0,0,0.0,0,0,0.0,1,0,1,100.0,0,0.0,0,1,0,0,0,0,0,0,0,0,0,0,0,0,0,0,0,0,0,0,0.0,,0,0,0.0,0,0,0,0,0,0,0,0,,0,0.0,0,0,0,0,0,0,0,0,1,0,,0,0,0,0,0.0,0,0,0,0,0,0,0,0.0,0,0,0,0,0,0,0,0,0.0,0.0,0,0,0,0,0,0,0.0,0,0,0,0.0,0,0,0,0,0,0.0,0,1,0,1,0.0,0,0,1,0,0,0,William Alves,Leicester City,1804786,31,MF
0,0,0.0,0,0,0.0,0,0,0,0.0,1,100.0,0,1,0,0,0,0,0,0,0,0,0,1,0,0,0,0,0,0,0,0,,,0,0,0.0,0,0,0,0,0,0,0,0,,0,0.0,0,0,0,0,0,0,0,0,1,0,,0,0,0,0,0.0,0,0,0,0,0,0,0,0.0,0,0,0,0,0,0,0,0,0.0,0.0,0,0,0,0,0,0,0.0,0,0,0,0.0,0,0,0,0,1,100.0,0,0,0,0,0.0,0,0,1,0,0,0,Kaelan Casey,West Ham United,1142343,37,DF
0,0,0.0,0,0,0.0,1,2,3,60.0,0,0.0,0,1,0,0,0,0,0,0,0,0,0,0,0,0,0,1,0,2,0,0,0.0,,0,0,0.0,0,0,0,0,0,0,0,0,,1,33.33,0,0,0,2,0,0,0,0,1,0,,0,0,0,0,0.0,0,0,0,0,4,0,0,0.0,0,0,0,0,0,0,0,0,0.0,0.0,0,0,0,0,0,0,0.0,0,1,1,100.0,0,0,1,0,1,33.33,0,3,2,5,0.0,0,0,9,0,0,0,Olabade Aluko,Leicester City,1543805,31,DF
0,0,0.0,0,0,0.0,0,1,1,50.0,0,0.0,1,1,0,0,0,0,0,0,0,0,0,0,0,0,0,0,0,1,0,0,0.0,,0,0,0.0,0,0,0,0,0,0,0,0,,1,100.0,0,0,0,1,0,0,0,0,1,0,,0,0,0,0,0.0,0,0,0,0,1,0,0,0.0,0,0,0,0,0,0,0,0,0.0,0.0,0,0,0,0,0,0,0.0,0,1,1,100.0,0,0,0,0,1,50.0,0,1,1,2,0.0,0,0,3,0,0,0,Zain Silcott-Duberry,Bournemouth,1403063,60,MF
0,0,0.0,0,0,0.0,0,0,0,0.0,0,0.0,0,1,0,0,0,0,0,0,0,0,0,0,0,0,0,0,0,0,0,0,,,0,0,0.0,0,0,0,0,0,0,0,0,,0,0.0,0,0,0,0,0,0,0,0,1,0,,0,0,0,0,0.0,0,0,0,0,0,0,0,0.0,0,0,0,0,0,0,0,0,0.0,0.0,0,0,0,0,0,0,0.0,0,0,0,0.0,0,0,0,0,0,0.0,0,0,0,0,0.0,0,0,0,0,0,0,Remy Rees-Dottin,Bournemouth,2023409,60,FW
0,0,0.0,0,0,0.0,0,1,1,50.0,0,0.0,0,1,0,0,0,0,0,0,0,0,0,0,0,0,0,0,0,0,0,0,0.0,,0,0,0.0,0,0,0,0,0,0,0,0,,0,0.0,0,0,0,1,0,0,0,0,1,0,,0,0,0,0,0.0,0,0,0,0,1,0,0,0.0,0,0,0,0,0,0,0,0,0.0,0.0,0,0,0,0,0,0,0.0,0,0,0,0.0,0,0,0,0,0,0.0,0,0,2,2,0.0,0,0,3,0,0,0,George Edmundson,Ipswich Town,803678,32,DF
0,0,0.0,0,0,0.0,0,1,1,100.0,0,0.0,0,1,0,0,0,0,0,0,0,0,0,0,0,0,0,0,0,0,0,0,0.0,,0,0,0.0,0,0,0,0,0,0,0,0,,0,0.0,0,0,0,0,0,0,0,0,1,0,,0,0,0,0,0.0,0,0,0,0,0,0,0,0.0,0,0,0,0,0,0,0,0,0.0,0.0,0,0,0,0,0,0,0.0,0,0,0,0.0,0,0,0,0,0,0.0,0,0,1,1,0.0,0,0,1,0,0,0,Alfie Pond,Wolverhampton,1083020,3,DF
0,0,0.0,0,0,0.0,0,0,0,0.0,1,100.0,0,1,0,0,0,0,0,0,0,0,0,0,0,0,0,0,0,0,0,0,,0.06,0,0,0.0,0,0,0,0,0,0,0,0,,0,0.0,0,0,0,0,0,0,0,0,1,0,,0,0,0,0,0.0,0,0,0,0,0,0,0,0.0,0,0,0,0,0,0,0,0,0.0,0.0,0,1,0,0,1,0,0.0,0,0,0,0.0,0,0,0,0,1,100.0,0,0,0,0,0.0,1,0,2,0,0,0,Shumaira Mheuka,Chelsea,1402787,38,FW
