accurateChippedPasses,accurateCrosses,accurateCrossesPercentage,accurateFinalThirdPasses,accurateLongBalls,accurateLongBallsPercentage,accurateOppositionHalfPasses,accurateOwnHalfPasses,accuratePasses,accuratePassesPercentage,aerialDuelsWon,aerialDuelsWonPercentage,aerialLost,appearances,assists,attemptPenaltyMiss,attemptPenaltyPost,attemptPenaltyTarget,ballRecovery,bigChancesCreated,bigChancesMissed,blockedShots,cleanSheet,clearances,countRating,crossesNotClaimed,directRedCards,dispossessed,dribbledPast,duelLost,errorLeadToGoal,errorLeadToShot,expectedAssists,expectedGoals,fouls,freeKickGoal,goalConversionPercentage,goalKicks,goals,goalsAssistsSum,goalsConceded,goalsConcededInsideTheBox,goalsConcededOutsideTheBox,goalsFromInsideTheBox,goalsFromOutsideTheBox,goalsPrevented,groundDuelsWon,groundDuelsWonPercentage,headedGoals,highClaims,hitWoodwork,inaccuratePasses,interceptions,keyPasses,leftFootGoals,matchesStarted,minutesPlayed,offsides,outfielderBlocks,ownGoals,passToAssist,penaltiesTaken,penaltyConceded,penaltyConversion,penaltyFaced,penaltyGoals,penaltySave,penaltyWon,possessionLost,possessionWonAttThird,punches,rating,redCards,rightFootGoals,runsOut,savedShotsFromInsideTheBox,savedShotsFromOutsideTheBox,saves,savesCaught,savesParried,scoringFrequency,setPieceConversion,shotFromSetPiece,shotsFromInsideTheBox,shotsFromOutsideTheBox,shotsOffTarget,shotsOnTarget,successfulDribbles,successfulDribblesPercentage,successfulRunsOut,tackles,tacklesWon,tacklesWonPercentage,totalAttemptAssist,totalChippedPasses,totalContest,totalCross,totalDuelsWon,totalDuelsWonPercentage,totalLongBalls,totalOppositionHalfPasses,totalOwnHalfPasses,totalPasses,totalRating,totalShots,totwAppearances,touches,wasFouled,yellowCards,yellowRedCards,player,team,player id,team id,Pos
0,0,0.0,2,0,0.0,3,0,3,100.0,0,0.0,1,1,1,0,0,0,0,1,0,0,0,0,1,0,0,0,1,2,0,0,0.07,0.1,0,0,100.0,0,1,2,2,2,0,1,0,,0,0.0,0,0,0,0,0,1,0,0,25,0,,0,0,0,0,0.0,0,0,0,0,0,0,0,7.9,0,1,0,0,0,0,0,0,25.0,0.0,0,1,0,0,1,0,0.0,0,0,0,0.0,1,0,0,0,0,0.0,0,3,0,3,7.9,1,0,4,0,0,0,Sammie Szmodics,Blackburn Rovers,354782,46,FW
1,4,57.14,16,3,75.0,36,13,45,80.36,1,50.0,1,2,1,0,0,0,9,1,0,1,1,1,2,0,0,4,4,12,0,0,0.92,0.1,2,0,50.0,0,1,2,0,0,0,1,0,,16,59.26,0,0,0,11,0,6,0,2,179,2,,0,0,0,0,0.0,0,0,0,0,27,0,0,7.9,0,1,0,0,0,0,0,0,179.0,0.0,0,2,0,0,1,7,87.5,0,2,1,50.0,6,3,8,7,17,58.62,4,47,16,56,15.8,2,0,102,7,0,0,Jack Clarke,Sunderland,921005,41,MF
0,0,0.0,0,4,40.0,2,26,28,82.35,0,0.0,0,1,0,0,0,0,8,0,0,0,1,0,1,0,0,0,0,0,0,0,0.0,,0,0,0.0,3,0,0,0,0,0,0,0,0.14,0,0.0,0,2,0,6,0,0,0,1,90,0,,0,0,0,0,0.0,0,0,0,0,6,0,0,7.8,0,0,1,2,2,4,0,1,0.0,0.0,0,0,0,0,0,0,0.0,1,0,0,0.0,0,0,0,0,0,0.0,10,7,27,34,7.8,0,0,44,0,0,0,Václav Hladký,Burnley,151518,6,GK
3,0,0.0,2,8,29.63,5,16,21,52.5,1,100.0,0,1,0,0,0,0,5,0,0,0,1,1,1,0,0,0,0,0,0,0,0.0,,0,0,0.0,5,0,0,0,0,0,0,0,1.67,0,0.0,0,1,0,19,0,0,0,1,90,0,,0,0,0,0,0.0,0,0,0,0,19,0,1,7.7,0,0,1,3,1,4,0,1,0.0,0.0,0,0,0,0,0,0,0.0,0,0,0,0.0,0,3,0,0,1,100.0,27,19,21,40,7.7,0,0,49,1,0,0,Joe Walsh,Queens Park Rangers,990760,1,GK
4,0,0.0,5,9,60.0,18,76,94,87.85,4,66.67,2,2,0,0,0,0,8,0,0,0,1,9,2,0,0,0,1,4,0,0,0.04,0.12,1,0,25.0,0,1,1,1,1,0,1,0,,2,50.0,1,0,0,13,3,1,0,2,180,2,,0,0,0,0,0.0,0,0,0,0,15,1,0,7.55,0,0,0,0,0,0,0,0,180.0,0.0,0,3,1,2,2,0,0.0,0,1,0,0.0,1,6,0,1,6,60.0,15,24,84,107,15.1,4,1,130,1,0,0,Dara O'Shea,Burnley,856719,6,DF
13,15,25.86,120,11,47.83,169,42,196,71.01,9,42.86,12,10,2,0,0,0,30,4,2,3,0,10,10,0,0,9,7,51,1,0,2.52,2.38,8,0,8.0,0,2,4,14,12,2,1,1,,37,48.68,0,0,2,80,9,23,1,10,820,11,,0,0,0,0,0.0,0,0,0,1,172,6,0,7.53,0,1,0,0,0,0,0,0,410.0,0.0,1,14,11,11,11,15,50.0,0,13,7,53.85,23,21,30,58,46,47.42,23,285,49,276,75.3,25,2,495,9,1,0,Mohamed Belloumi,Hull City,1125839,96,
6,48,33.57,438,10,50.0,710,206,868,88.3,0,0.0,10,39,12,0,0,0,130,21,7,20,3,3,39,0,0,30,21,119,1,0,10.3,8.15,13,0,16.67,1,10,22,17,15,2,8,2,,143,56.75,0,0,1,115,12,67,3,30,2605,15,,0,0,0,0,0.0,0,0,0,0,364,37,0,7.45,0,7,0,0,0,0,0,0,260.5,0.0,1,43,17,15,25,70,60.87,0,30,24,80.0,67,19,115,143,143,54.58,20,901,225,983,290.7,60,7,1572,43,3,0,Manor Solomon,Leeds United,862223,34,MF
0,0,0.0,0,0,0.0,0,1,1,25.0,2,66.67,1,1,0,0,0,0,1,0,0,0,0,1,1,0,0,0,0,1,0,0,0.0,0.1,0,0,100.0,0,1,1,0,0,0,1,0,,0,0.0,0,0,0,3,0,0,0,0,14,0,,0,0,0,0,0.0,0,0,0,0,3,0,0,7.4,0,1,0,0,0,0,0,0,14.0,0.0,0,1,0,0,1,0,0.0,0,0,0,0.0,0,0,0,0,2,66.67,0,2,2,4,7.4,1,0,7,0,0,0,Lyndon Dykes,Queens Park Rangers,846204,1,FW
1,0,0.0,5,9,29.03,7,23,30,57.69,0,0.0,0,2,0,0,0,0,14,0,0,0,0,2,2,0,0,0,0,0,0,0,0.0,,0,0,0.0,7,0,0,2,1,1,0,0,0.98,0,0.0,0,0,0,22,0,0,0,1,149,0,,0,0,0,0,0.0,0,0,0,0,22,0,2,7.4,0,0,2,5,4,9,0,3,0.0,0.0,0,0,0,0,0,0,0.0,2,0,0,0.0,0,2,0,0,0,0.0,31,22,30,52,14.8,0,1,69,0,0,0,Jordan Archer,Portsmouth,181583,2,GK
16,10,15.87,368,23,31.94,709,530,1229,82.37,63,59.43,43,32,10,0,0,0,114,13,7,9,10,92,32,0,0,23,25,153,0,0,5.39,4.12,46,0,14.29,0,4,14,19,17,2,4,0,,120,52.17,2,0,1,263,37,48,1,30,2620,9,,1,0,0,0,0.0,0,0,0,0,425,11,0,7.39,0,1,0,0,0,0,0,0,655.0,0.0,0,27,1,9,10,14,45.16,0,66,34,51.52,48,47,31,63,183,54.46,72,951,604,1492,236.5,28,4,2289,42,7,0,Junior Firpo,Leeds United,914835,34,DF
0,0,0.0,0,0,0.0,1,4,5,50.0,0,0.0,0,1,0,0,0,0,1,0,0,0,0,0,1,0,0,0,0,0,0,0,0.0,0.09,0,0,100.0,0,1,1,0,0,0,0,1,,1,100.0,0,0,0,5,0,0,0,0,16,0,,0,0,0,0,0.0,0,0,0,0,5,0,0,7.3,0,1,0,0,0,0,0,0,16.0,0.0,0,0,1,0,1,0,0.0,0,0,0,0.0,0,2,0,0,1,100.0,1,5,5,10,7.3,1,0,12,1,0,0,Jóhann Guðmundsson,Burnley,49805,6,FW
0,0,0.0,4,2,33.33,8,20,28,75.68,2,100.0,0,1,0,0,0,0,4,0,0,0,1,5,1,0,0,0,1,1,0,0,0.01,0.1,0,0,0.0,0,0,0,0,0,0,0,0,,2,66.67,0,0,0,9,4,0,0,1,90,0,,0,0,0,0,0.0,0,0,0,0,13,0,0,7.3,0,0,0,0,0,0,0,0,0.0,0.0,0,1,0,1,0,0,0.0,0,1,1,100.0,0,1,0,2,4,80.0,6,16,23,37,7.3,1,0,56,1,0,0,Jacob Farrell,Portsmouth,1154000,2,DF
37,52,28.11,478,46,41.07,801,301,1050,74.42,16,33.33,32,45,11,0,0,0,149,10,5,50,5,23,45,0,0,71,17,180,0,0,7.62,9.53,21,0,9.76,0,12,23,44,39,5,11,1,,117,44.15,0,0,2,361,14,89,3,43,3570,2,,0,1,0,0,0.0,0,0,0,0,711,23,0,7.28,0,9,0,0,0,0,0,0,297.5,0.0,3,67,56,33,40,32,45.07,0,39,28,71.79,88,95,71,185,133,42.49,112,1227,369,1411,327.8,123,7,2193,47,6,0,Finn Azaz,Middlesbrough,1007067,36,MF
49,16,29.09,437,42,43.75,790,563,1337,81.62,44,46.81,50,42,6,0,0,0,119,8,4,15,14,57,42,0,0,23,30,170,0,1,4.9,9.99,51,1,27.27,0,18,24,16,13,3,15,3,,100,45.45,2,0,0,301,32,49,3,39,3480,4,,0,0,3,0,100.0,0,3,0,0,452,19,0,7.28,0,13,0,0,0,0,0,0,193.33,50.0,2,36,30,21,30,13,41.94,0,64,35,54.69,49,110,31,55,144,45.86,96,1062,631,1638,305.8,66,4,2189,24,5,0,Josh Brownhill,Burnley,358394,6,MF
49,29,20.57,465,84,43.75,732,311,1014,72.48,7,26.92,19,41,7,0,0,0,179,11,4,25,6,28,41,0,0,25,29,180,0,0,8.46,5.66,60,2,9.89,0,9,16,29,26,3,5,4,,133,45.24,0,0,2,385,26,73,0,36,3135,2,,0,1,0,0,0.0,0,0,0,0,663,32,0,7.28,0,9,0,0,0,0,0,0,348.33,20.0,10,35,56,37,29,45,47.87,0,47,29,61.7,72,129,94,141,140,43.75,192,1180,360,1399,298.5,91,7,2091,43,13,0,Gustavo Hamer,Sheffield United,837495,15,MF
118,32,21.48,348,125,61.58,831,1004,1803,89.3,28,53.85,24,33,5,0,0,0,182,5,1,10,9,36,32,0,0,41,22,163,0,1,4.79,1.99,62,0,5.41,0,2,7,35,33,2,1,1,,120,46.33,0,0,3,216,34,49,1,30,2679,2,,0,1,0,0,0.0,0,0,0,0,448,9,0,7.27,0,1,0,0,0,0,0,0,1339.5,0.0,5,8,29,12,15,23,57.5,0,63,40,63.49,48,194,40,149,148,47.59,203,1113,1055,2019,232.6,37,3,2636,35,11,0,Imrân Louza,Watford,965943,24,MF
64,16,20.78,470,110,44.35,969,935,1888,86.13,21,38.18,34,41,3,0,0,0,102,3,2,11,25,77,41,0,0,5,14,81,0,1,3.01,2.39,24,0,7.69,0,2,5,14,11,3,1,1,,117,71.34,0,0,1,304,17,29,1,40,3637,3,,0,1,0,0,0.0,0,0,0,0,486,9,0,7.26,0,1,0,0,0,0,0,0,1818.5,0.0,0,12,14,9,6,9,56.25,0,46,31,67.39,28,159,16,77,138,63.01,248,1253,1016,2192,297.7,26,4,2971,64,4,0,Connor Roberts,Burnley,804613,6,DF
139,2,66.67,252,204,47.0,767,1682,2447,86.31,73,49.66,74,41,1,0,0,0,185,2,2,1,26,194,41,0,1,8,3,107,0,2,0.81,1.05,17,0,6.67,3,1,2,13,11,2,1,0,,99,75.0,0,0,0,388,36,14,1,40,3612,0,,0,0,0,1,0.0,0,0,0,0,421,0,0,7.26,1,0,0,0,0,0,0,0,3612.0,0.0,2,11,4,11,3,11,64.71,0,60,41,68.33,14,283,17,3,172,61.65,434,1053,1785,2835,297.7,15,3,3314,29,7,0,Conrad Jaden Egan-Riley,Burnley,1131448,6,DF
176,42,28.38,528,161,50.63,972,759,1689,81.75,18,46.15,21,41,5,0,0,0,213,8,0,10,4,42,41,0,0,29,33,111,0,2,7.35,2.63,18,0,8.33,0,4,9,57,52,5,3,1,,111,55.22,0,0,1,377,22,74,4,40,3469,0,,0,1,0,0,0.0,0,0,0,0,568,12,0,7.25,0,0,0,0,0,0,0,0,867.25,0.0,2,11,37,28,10,25,69.44,0,66,36,54.55,73,325,36,148,129,53.75,318,1390,824,2066,297.4,48,4,2655,20,9,0,Barry Bannan,Sheffield Wednesday,45682,12,MF
90,32,26.67,550,120,56.07,1203,1113,2284,89.92,31,59.62,21,43,2,0,0,0,185,5,0,10,13,54,43,0,0,13,27,99,0,2,4.52,2.64,27,1,24.14,0,7,9,35,28,7,3,4,,140,64.22,0,0,1,256,27,60,6,39,3358,1,,0,0,0,0,0.0,0,0,0,0,399,14,0,7.25,0,1,0,0,0,0,0,0,479.71,33.33,3,7,22,9,10,11,45.83,0,71,38,53.52,60,144,24,120,171,63.33,214,1475,1185,2540,311.9,29,4,3072,58,6,0,Alex Mowatt,West Bromwich Albion,351498,8,MF
19,35,20.71,274,9,37.5,400,70,435,67.86,23,37.1,39,36,9,0,0,0,76,16,7,34,2,7,36,0,0,37,36,164,0,0,8.66,10.46,22,0,12.12,0,12,21,21,18,3,10,2,,90,41.86,0,0,1,206,4,45,2,30,2616,10,,0,1,0,0,0.0,0,0,0,2,457,17,0,7.25,0,10,0,0,0,0,0,0,218.0,0.0,1,59,40,29,36,25,43.1,0,28,14,50.0,44,48,58,169,113,40.79,24,713,97,641,261.0,99,5,1196,37,4,0,Daniel James,Leeds United,828639,34,MF
39,57,22.71,508,38,42.7,820,322,1085,80.01,20,36.36,35,43,7,0,0,0,165,13,9,30,17,40,43,0,0,57,31,246,0,0,8.13,9.37,38,0,8.25,0,8,15,14,11,3,6,2,,157,42.66,0,0,2,271,31,83,1,42,3672,14,,0,2,0,0,0.0,0,0,0,0,728,26,0,7.25,0,7,0,0,0,0,0,0,459.0,0.0,6,67,30,33,34,64,42.95,0,56,33,58.93,81,77,149,251,177,41.84,89,1236,371,1356,311.6,97,1,2371,37,3,0,Jaidon Anthony,Burnley,1020680,6,MF
22,0,0.0,34,41,33.88,126,517,643,79.78,79,57.25,59,20,0,0,0,0,37,0,0,4,7,166,20,0,0,1,4,80,0,0,1.0,3.1,15,0,26.32,29,5,5,24,22,2,5,0,,37,63.79,0,0,0,163,18,5,0,20,1800,2,,1,0,0,0,0.0,0,0,0,0,177,0,0,7.25,0,5,0,0,0,0,0,0,360.0,0.0,0,19,0,7,8,2,50.0,0,22,11,50.0,5,57,4,2,116,59.18,121,245,563,806,144.9,19,3,1114,14,4,0,Michał Helik,Oxford United,351726,95,DF
34,7,17.5,279,88,30.56,583,957,1533,74.67,210,63.25,122,45,2,0,0,0,154,4,6,10,10,246,45,0,0,20,20,222,0,0,3.06,4.8,48,0,9.09,7,5,7,61,50,11,5,0,,166,62.41,3,0,1,520,46,24,1,45,4050,7,,1,0,0,0,0.0,0,0,0,0,745,11,0,7.23,0,1,0,0,0,0,0,0,810.0,0.0,0,47,8,26,19,22,56.41,0,113,70,61.95,24,96,39,40,376,62.88,288,1004,1089,2053,325.5,55,4,3175,31,9,0,Jimmy Dunne,Queens Park Rangers,914891,1,DF
0,1,20.0,12,0,0.0,28,18,45,77.59,1,25.0,3,3,1,0,0,0,9,2,1,1,0,3,3,0,0,1,4,19,0,0,0.32,0.36,5,0,25.0,0,1,2,2,2,0,1,0,,15,48.39,0,0,1,13,1,2,0,3,236,0,,0,0,0,0,0.0,0,0,0,0,28,3,0,7.23,0,1,0,0,0,0,0,0,236.0,0.0,0,3,1,2,1,4,40.0,0,8,6,75.0,2,3,10,5,16,45.71,2,39,24,58,21.7,4,1,109,3,0,0,Vitinho,Burnley,914477,6,MF
43,0,0.0,277,69,44.52,929,1478,2407,90.45,114,61.62,71,35,0,0,0,1,124,0,3,4,14,139,34,0,0,9,10,116,0,0,1.12,5.91,26,0,17.86,29,5,5,24,21,3,5,0,,54,54.55,2,0,0,254,28,13,3,31,2826,1,,0,2,3,0,66.67,0,2,0,0,294,3,0,7.23,0,0,0,0,0,0,0,0,565.2,0.0,0,28,0,13,11,1,20.0,0,33,24,72.73,11,89,5,1,168,59.15,155,1082,1580,2661,245.8,28,3,3044,21,3,0,Pascal Struijk,Leeds United,836675,34,DF
75,0,0.0,200,123,45.9,589,1512,2101,87.76,97,64.24,54,39,3,0,0,0,152,4,2,7,12,195,39,0,1,15,10,103,1,3,2.26,4.55,19,0,12.82,3,5,8,38,33,5,5,0,,95,65.97,2,0,1,293,25,16,0,38,3337,8,,0,0,0,0,0.0,0,0,0,0,342,0,0,7.23,1,3,0,0,0,0,0,0,667.4,0.0,1,35,4,16,16,9,52.94,0,31,14,45.16,16,167,17,2,192,65.08,268,801,1595,2394,281.8,39,3,2907,55,4,0,Harry Darling,Swansea City,866169,74,DF
51,2,40.0,249,93,54.07,775,1212,1985,90.47,61,70.93,25,29,0,0,0,0,129,4,2,3,16,87,29,0,0,11,13,87,0,0,1.42,0.56,38,0,0.0,19,0,0,12,10,2,0,0,,87,58.39,0,0,1,209,25,14,0,26,2294,0,,0,0,0,0,0.0,0,0,0,0,272,6,0,7.22,0,0,0,0,0,0,0,0,0.0,0.0,0,4,7,6,2,4,80.0,0,47,27,57.45,14,106,5,5,148,62.98,172,927,1272,2194,209.5,11,0,2547,36,7,0,Ethan Ampadu,Leeds United,847097,34,DF
70,62,37.8,279,100,42.37,578,418,934,73.72,56,57.14,42,39,1,0,0,0,161,7,0,9,10,113,38,0,0,21,38,159,0,2,4.34,1.33,43,0,4.17,0,1,2,39,33,6,1,0,,147,55.68,0,0,1,333,69,50,1,37,3283,0,,2,0,0,1,0.0,0,0,0,0,586,8,0,7.22,0,0,0,0,0,0,0,0,3283.0,0.0,7,6,18,9,6,18,54.55,0,90,61,67.78,50,144,33,164,203,56.08,236,920,511,1267,274.2,24,4,2396,39,8,0,Joe Bryan,Millwall,205028,25,DF
119,9,28.13,814,149,53.99,1545,1073,2609,84.82,26,52.0,24,43,3,0,0,0,281,9,2,23,12,36,43,0,0,49,49,241,1,2,5.96,4.18,75,0,6.25,0,5,8,49,44,5,1,4,,191,46.81,0,0,1,467,30,66,0,43,3794,1,,0,0,0,0,0.0,0,0,0,1,668,20,0,7.21,1,5,0,0,0,0,0,0,758.8,0.0,2,25,55,33,24,39,45.88,0,93,56,60.22,66,221,85,32,217,47.38,276,1944,1164,3076,310.2,80,3,3792,61,7,1,Hayden Hackney,Middlesbrough,1008471,36,MF
27,75,25.95,518,34,40.0,928,369,1222,80.71,62,49.21,64,43,12,0,0,0,146,16,6,25,8,43,43,0,0,77,21,264,1,0,8.53,7.49,44,0,11.69,0,9,21,45,35,10,8,1,,132,39.76,5,0,3,292,24,78,2,40,3511,2,,0,0,0,0,0.0,0,0,0,0,756,34,0,7.21,0,2,0,0,0,0,0,0,390.11,0.0,3,48,29,24,28,45,43.69,0,53,31,58.49,78,63,103,289,194,42.36,85,1376,427,1514,310.0,77,4,2509,36,3,0,Jack Rudoni,Coventry City,979565,11,MF
9,7,38.89,137,27,57.45,292,218,503,86.72,9,45.0,11,12,1,0,0,0,63,2,0,5,6,23,12,0,0,14,5,44,0,0,1.29,0.68,8,0,20.0,0,2,3,7,7,0,0,2,,35,51.47,0,0,0,77,9,22,2,11,977,0,,0,0,0,0,0.0,0,0,0,1,128,3,0,7.21,0,0,0,0,0,0,0,0,488.5,0.0,0,3,7,2,3,13,68.42,0,12,7,58.33,22,22,19,18,44,50.0,47,360,238,580,86.5,10,0,746,11,3,0,Oliver Arblaster,Sheffield United,1191153,15,MF
32,15,17.05,418,56,30.77,746,679,1410,78.03,46,52.27,42,44,4,0,0,0,157,11,6,15,19,81,44,0,0,31,36,208,0,1,5.87,5.47,52,0,12.77,0,6,10,28,24,4,6,0,,202,54.89,0,0,3,397,37,38,1,44,3834,6,,0,1,0,1,0.0,0,0,0,1,695,17,0,7.2,0,5,0,0,0,0,0,0,639.0,0.0,0,37,10,18,14,47,48.96,0,98,62,63.27,37,102,96,88,248,54.39,182,1128,767,1807,316.9,47,7,2991,58,12,0,Jayden Bogle,Leeds United,929132,34,DF
57,41,29.5,392,84,38.89,850,752,1561,78.8,96,57.49,71,44,6,0,0,0,173,12,3,9,17,131,44,0,1,13,50,195,0,0,7.54,2.02,43,1,10.34,0,3,9,39,32,7,2,1,,163,56.79,0,0,0,420,45,60,0,43,3810,3,,0,1,0,0,0.0,0,0,0,0,661,2,0,7.2,1,3,0,0,0,0,0,0,1270.0,100.0,1,20,9,11,9,12,38.71,0,119,74,62.18,59,140,31,139,259,57.05,216,1226,894,1981,316.9,29,2,3061,32,11,0,Trai Hume,Sunderland,989034,41,DF
20,17,21.52,256,20,47.62,602,614,1199,90.7,18,54.55,15,23,2,0,0,0,53,4,1,5,9,20,22,0,0,7,11,64,0,0,2.31,1.34,25,0,0.0,0,0,2,9,8,1,0,0,,52,51.49,0,0,1,123,19,32,0,20,1701,0,,0,0,0,0,0.0,0,0,0,0,210,8,0,7.2,0,0,0,0,0,0,0,0,0.0,0.0,5,8,12,8,7,2,25.0,0,38,23,60.53,32,39,8,79,70,52.24,42,748,653,1322,158.4,20,2,1591,13,3,0,Ilia Gruev,Leeds United,911679,34,MF
3,2,22.22,38,6,35.29,80,70,148,80.87,20,64.52,11,6,0,0,0,0,9,1,0,0,2,23,6,0,0,1,3,23,0,0,0.26,0.1,9,0,0.0,0,0,0,2,2,0,0,0,,14,53.85,0,0,0,35,4,6,0,6,473,0,,0,0,0,0,0.0,0,0,0,0,67,1,0,7.2,0,0,0,0,0,0,0,0,0.0,0.0,0,2,0,1,1,3,75.0,0,10,6,60.0,6,9,4,9,34,59.65,17,116,76,183,43.2,2,0,313,1,3,0,Harry Clarke,Sheffield United,993439,15,DF
43,0,0.0,129,71,33.33,340,771,1111,81.87,107,68.15,50,30,0,0,0,0,102,5,4,3,8,176,29,0,0,5,11,88,1,0,1.78,2.31,22,0,16.67,26,3,3,30,28,2,3,0,,77,66.96,3,0,1,246,36,14,0,27,2478,2,,0,0,0,0,0.0,0,0,0,0,313,1,0,7.2,0,0,0,0,0,0,0,0,826.0,0.0,0,17,1,10,5,7,87.5,0,54,34,62.96,14,101,8,6,184,67.65,213,525,838,1357,208.7,18,2,1844,16,2,0,Matt Clarke,Derby County,376394,27,DF
128,42,26.25,626,150,56.39,1535,1767,3260,90.88,24,34.29,46,45,2,0,0,0,251,8,1,13,10,73,45,0,0,23,34,140,0,3,6.63,2.41,23,0,14.29,0,4,6,58,51,7,3,1,,137,59.31,0,0,0,327,32,59,4,44,3975,0,,0,2,1,1,100.0,0,1,0,0,538,9,0,7.19,0,0,0,0,0,0,0,0,993.75,0.0,3,5,23,6,9,21,56.76,0,72,43,59.72,57,234,37,160,161,53.49,266,1888,1859,3587,323.7,28,3,4230,44,8,0,Matt Grimes,Coventry City,340713,11,MF
81,5,26.32,553,96,57.83,1264,1105,2364,89.89,42,63.64,24,43,2,0,0,0,217,2,2,12,13,35,42,0,0,26,45,158,1,1,3.86,3.6,50,0,11.63,0,5,7,26,23,3,4,1,,152,53.15,1,0,1,266,54,31,1,37,3332,4,,0,0,0,1,0.0,0,0,0,0,362,19,0,7.19,0,3,0,0,0,0,0,0,666.4,0.0,0,17,26,20,11,12,46.15,0,93,55,59.14,31,133,26,19,194,55.11,166,1467,1182,2630,302.1,43,4,3159,49,8,0,Ao Tanaka,Leeds United,871886,34,MF
67,47,37.9,528,73,50.0,911,398,1262,79.77,26,37.68,43,46,8,0,0,0,167,11,4,11,5,19,46,0,0,40,26,138,0,0,8.65,2.95,13,0,2.33,0,1,9,44,38,6,1,0,,116,54.98,0,0,0,320,32,76,1,43,3503,2,,0,1,0,0,0.0,0,0,0,0,505,24,0,7.19,0,0,0,0,0,0,0,0,3503.0,0.0,1,20,23,20,12,10,38.46,0,86,58,67.44,75,118,26,124,142,50.71,146,1248,458,1582,330.8,43,1,2155,20,1,0,Max Bird,Bristol City,906287,58,MF
75,0,0.0,75,294,40.66,193,838,1031,70.33,14,100.0,0,43,0,0,0,0,380,0,0,0,21,42,43,0,0,0,0,1,0,1,0.12,,1,0,0.0,223,0,0,33,29,4,0,0,5.68,6,85.71,0,54,0,435,0,1,0,43,3870,0,,0,0,0,1,0.0,5,0,1,0,451,0,16,7.19,0,0,14,70,40,110,1,25,0.0,0.0,0,0,0,0,0,1,100.0,14,1,0,0.0,1,124,1,0,20,95.24,723,564,902,1466,309.0,0,1,1884,5,3,0,Michael Cooper,Sheffield United,896209,15,GK
39,34,27.64,229,57,42.22,465,532,963,82.59,40,56.34,31,33,5,0,0,0,110,8,0,7,6,111,33,0,0,19,9,105,1,0,4.62,1.12,24,0,11.11,0,2,7,33,29,4,2,0,,104,58.43,0,0,0,203,21,45,0,30,2663,0,,0,0,0,0,0.0,0,0,0,1,429,8,0,7.18,0,2,0,0,0,0,0,0,1331.5,0.0,1,13,5,8,3,32,58.18,0,56,34,60.71,45,78,55,123,144,57.83,135,695,594,1166,237.1,18,1,1993,16,5,0,Callum Brittain,Blackburn Rovers,828620,46,DF
35,55,25.82,338,66,30.99,687,532,1164,77.39,38,46.91,43,43,3,0,0,0,161,10,1,25,15,91,43,0,0,23,29,132,0,1,7.13,3.77,20,0,9.8,0,5,8,31,27,4,4,1,,148,62.45,0,0,0,340,30,52,5,39,3473,9,,1,0,2,1,100.0,0,2,0,0,647,11,0,7.18,0,0,0,0,0,0,0,0,694.6,0.0,5,25,26,10,16,22,53.66,0,78,54,69.23,52,108,41,213,186,58.49,213,1078,639,1504,308.9,51,2,2470,50,2,0,Harrison Burrows,Sheffield United,897565,15,DF
22,34,34.69,221,29,51.79,390,209,565,82.0,5,25.0,15,35,3,0,0,0,92,12,4,28,0,13,35,0,0,29,18,104,0,0,5.02,6.19,27,2,6.1,0,5,8,26,22,4,2,3,,105,54.12,0,0,3,124,16,56,0,26,2128,1,,0,1,0,0,0.0,0,0,0,0,293,15,0,7.18,0,4,0,0,0,0,0,0,425.6,12.5,16,28,54,30,24,15,45.45,0,48,27,56.25,55,53,33,98,110,51.4,56,560,227,689,251.4,82,3,1198,42,6,0,Scott Twine,Bristol City,839416,58,MF
8,0,0.0,42,16,27.12,125,239,364,76.79,64,74.42,22,14,1,0,0,0,45,1,0,2,3,101,14,0,0,0,1,29,0,0,0.71,0.55,4,0,33.33,16,2,3,12,12,0,2,0,,24,77.42,2,0,0,110,9,3,0,13,1101,1,,1,0,0,0,0.0,0,0,0,0,116,1,0,7.18,0,0,0,0,0,0,0,0,550.5,0.0,0,5,1,2,2,2,50.0,0,7,3,42.86,3,18,4,0,88,75.21,59,205,269,474,100.5,6,2,652,16,4,0,Robert Atkinson,Portsmouth,920518,2,DF
34,95,34.55,203,58,31.87,396,228,529,70.82,20,50.0,20,26,4,0,0,0,134,10,0,10,4,40,26,0,0,22,24,121,0,1,8.27,0.79,34,0,6.25,0,1,5,32,28,4,0,1,,84,45.41,0,0,0,218,29,64,1,25,2045,4,,0,2,0,0,0.0,0,0,0,0,520,9,0,7.18,0,0,0,0,0,0,0,0,2045.0,0.0,2,7,9,3,3,16,41.03,0,61,38,62.3,62,96,39,275,104,46.22,182,756,266,747,186.6,16,5,1550,7,5,0,Alfie Doughty,Luton Town,945792,72,MF
56,53,32.72,368,62,45.93,782,755,1484,83.09,65,59.63,44,43,5,0,0,0,246,5,1,11,6,72,43,0,0,38,30,197,0,0,4.42,2.0,57,0,3.45,0,1,6,55,51,4,1,0,,213,58.2,0,0,1,302,59,56,0,42,3638,1,,0,1,0,0,0.0,0,0,0,1,543,18,0,7.18,0,1,0,0,0,0,0,0,3638.0,0.0,0,13,16,12,6,28,48.28,0,108,57,52.78,55,111,58,162,278,58.53,135,1093,855,1786,308.6,29,1,2628,80,10,0,Shea Charles,Sheffield Wednesday,1131449,12,MF
117,7,18.42,564,134,58.77,1184,1287,2464,89.02,52,47.71,57,44,3,0,0,0,234,7,2,12,21,70,44,0,0,30,24,173,0,1,4.57,1.69,57,0,8.7,0,2,5,14,12,2,2,0,,162,58.27,0,0,0,304,34,37,0,43,3809,0,,0,1,0,0,0.0,0,0,0,2,420,11,0,7.18,0,2,0,0,0,0,0,0,1904.5,0.0,0,10,13,3,8,22,70.97,0,65,34,52.31,36,210,31,38,214,55.3,228,1448,1358,2768,315.7,23,2,3283,76,11,0,Josh Cullen,Burnley,792122,6,MF
30,0,0.0,312,126,58.33,1270,2185,3455,92.43,122,59.8,82,46,0,0,0,0,185,2,1,7,25,229,46,0,0,3,5,119,1,1,2.13,1.25,29,0,4.76,20,1,1,30,26,4,1,0,,77,67.54,1,0,0,283,29,15,0,46,4136,0,,0,1,0,2,0.0,0,0,0,0,310,5,0,7.17,0,0,0,0,0,0,0,0,4136.0,0.0,0,21,0,12,2,4,80.0,0,42,25,59.52,14,76,5,1,199,62.58,216,1446,2293,3738,330.0,21,1,4241,34,5,0,Joe Rodon,Leeds United,828640,34,DF
21,1,50.0,69,39,30.47,276,599,874,78.04,106,71.62,42,28,1,0,0,0,86,0,3,6,8,157,26,0,0,5,12,80,0,2,0.35,2.66,23,0,10.34,18,3,4,26,23,3,3,0,,56,59.57,1,0,0,246,34,9,0,26,2326,1,,0,0,0,0,0.0,0,0,0,0,281,1,0,7.17,0,2,0,0,0,0,0,0,775.33,0.0,0,27,2,15,8,4,66.67,0,43,27,62.79,9,59,6,2,162,66.94,128,439,683,1120,186.5,29,2,1525,12,6,0,Luke McNally,Bristol City,981949,58,DF
61,2,28.57,74,112,47.06,232,584,814,79.11,70,66.67,35,21,0,0,0,0,115,1,3,2,4,95,21,0,0,6,16,78,0,0,0.55,1.64,19,0,6.25,5,1,1,27,22,5,1,0,,73,62.93,1,0,1,215,43,4,0,21,1788,1,,0,0,0,0,0.0,0,0,0,0,257,1,0,7.17,0,0,0,0,0,0,0,0,1788.0,0.0,0,14,2,7,7,10,71.43,0,51,33,64.71,4,104,14,7,143,64.71,238,389,647,1029,150.6,16,2,1418,13,5,0,Eiran Cashin,Derby County,998928,27,DF
83,1,7.14,465,113,74.34,1051,1006,2056,92.11,12,27.27,32,35,2,0,0,0,187,1,0,11,10,25,35,0,0,35,35,149,2,3,1.76,1.77,33,0,0.0,0,0,2,37,33,4,0,0,,189,61.76,0,0,1,176,33,27,0,33,2920,1,,0,0,0,0,0.0,0,0,0,0,283,15,0,7.17,0,0,0,0,0,0,0,0,0.0,0.0,0,16,14,15,4,20,57.14,0,97,65,67.01,27,123,35,14,201,57.43,152,1182,1064,2232,250.8,30,0,2768,74,4,0,Aidan Morris,Middlesbrough,1014841,36,MF
8,0,0.0,6,52,21.05,23,246,269,57.97,9,100.0,0,17,0,0,0,0,129,0,0,0,4,20,17,0,0,0,1,1,1,0,0.01,,0,0,0.0,116,0,0,20,18,2,0,0,3.44,3,75.0,0,14,0,195,0,0,0,17,1530,0,,0,0,0,0,0.0,0,0,0,0,196,0,9,7.16,0,0,8,45,19,64,0,21,0.0,0.0,0,0,0,0,0,0,0.0,8,0,0,0.0,0,12,0,0,12,92.31,247,178,286,464,121.8,0,2,644,4,1,0,Mark Travers,Middlesbrough,856720,36,GK
47,0,0.0,174,104,42.11,700,2085,2785,90.57,94,62.25,57,46,0,0,0,0,169,0,1,3,30,230,46,0,0,8,12,97,0,2,0.43,0.89,18,0,14.29,56,1,1,16,13,3,1,0,,73,64.6,0,0,0,290,37,2,1,46,4057,0,,0,0,0,0,0.0,0,0,0,0,337,1,0,7.16,0,0,0,0,0,0,0,0,4057.0,0.0,0,5,2,3,1,7,77.78,0,48,29,60.42,2,117,9,5,167,63.26,247,888,2192,3075,329.5,7,2,3588,19,3,0,Maxime Estève,Burnley,1117223,6,DF
62,0,0.0,60,243,31.23,159,785,944,63.61,22,88.0,3,46,0,0,0,0,431,0,0,0,14,79,46,1,0,0,1,4,1,4,0.11,,0,0,0.0,242,0,0,62,59,3,0,0,10.94,12,92.31,0,46,0,540,0,1,0,46,4140,0,,1,0,0,0,0.0,5,0,1,0,548,0,36,7.16,0,0,43,100,52,152,0,31,0.0,0.0,0,0,0,0,0,0,0.0,41,1,0,0.0,1,98,0,0,34,89.47,778,612,872,1484,329.5,0,6,2009,14,4,0,Viktor Johansson,Stoke City,561430,29,GK
19,0,0.0,28,40,67.8,76,148,224,86.82,20,68.97,9,10,1,0,0,0,20,1,0,1,1,33,8,0,0,1,1,13,0,0,0.51,0.26,2,0,0.0,1,0,1,1,1,0,0,0,,8,66.67,0,0,0,34,5,2,0,4,427,0,,0,0,0,0,0.0,0,0,0,0,41,1,0,7.16,0,0,0,0,0,0,0,0,0.0,0.0,0,3,0,2,0,1,100.0,0,4,3,75.0,2,31,1,1,28,68.29,59,102,157,258,57.3,3,0,328,3,1,0,Rob Holding,Sheffield United,793228,15,DF
32,14,24.56,289,60,42.25,594,592,1172,85.05,32,45.07,39,26,2,0,0,0,102,4,0,3,6,33,25,0,0,11,17,90,1,0,2.96,0.67,12,0,0.0,3,0,2,24,22,2,0,0,,92,64.34,0,0,0,206,23,23,0,23,1953,1,,0,0,0,0,0.0,0,0,0,0,312,4,0,7.16,0,0,0,0,0,0,0,0,0.0,0.0,0,10,4,9,2,12,52.17,0,60,42,70.0,23,82,23,57,124,57.94,142,774,661,1378,179.0,14,3,1890,21,5,0,Luke Ayling,Middlesbrough,102624,36,DF
19,0,0.0,15,101,33.78,60,284,344,63.12,4,100.0,0,16,0,0,0,0,118,0,0,0,6,33,16,0,0,0,0,0,1,0,0.03,,0,0,0.0,100,0,0,19,18,1,0,0,5.95,2,100.0,0,11,0,201,0,0,0,16,1440,0,,0,0,0,0,0.0,0,0,0,0,209,0,18,7.16,0,0,7,34,18,52,0,11,0.0,0.0,0,0,0,0,0,1,100.0,7,1,1,100.0,0,28,1,0,6,100.0,299,228,317,545,114.5,0,0,713,0,2,0,Egil Selvik,Watford,798176,24,GK
53,31,17.71,535,66,64.71,879,310,1158,86.29,11,27.5,29,39,6,0,0,0,146,11,5,14,5,7,39,0,0,78,21,217,0,1,7.21,3.64,32,1,3.08,0,2,8,48,43,5,1,1,,154,45.03,0,0,1,184,10,73,0,37,3289,3,,0,0,0,0,0.0,0,0,0,0,563,25,0,7.15,0,2,0,0,0,0,0,0,1644.5,16.67,6,27,38,26,25,65,52.0,0,39,32,82.05,73,116,125,175,165,43.19,102,1179,338,1342,279.0,65,2,2116,51,7,0,Giorgi Chakvetadze,Watford,858191,24,MF
3,0,0.0,6,20,36.36,19,28,47,57.32,0,0.0,0,2,0,0,0,0,19,0,0,0,0,1,2,0,0,0,0,0,0,0,0.02,,0,0,0.0,14,0,0,2,2,0,0,0,0.51,0,0.0,0,0,0,35,0,0,0,2,180,0,,0,0,0,0,0.0,0,0,0,0,36,0,0,7.15,0,0,0,4,3,7,0,4,0.0,0.0,0,0,0,0,0,0,0.0,0,0,0,0.0,0,3,0,0,0,0.0,55,49,33,82,14.3,0,0,101,0,0,0,Ben Killip,Portsmouth,788264,2,GK
1,0,0.0,3,17,22.08,14,45,59,49.58,0,0.0,0,4,0,0,0,0,37,0,0,0,2,3,4,0,0,0,0,0,0,1,0.01,,0,0,0.0,18,0,0,5,5,0,0,0,-0.15,3,100.0,0,1,0,60,0,0,0,4,360,0,,0,0,0,0,0.0,0,0,0,0,60,0,0,7.15,0,0,5,12,5,17,0,4,0.0,0.0,0,0,0,0,0,0,0.0,5,0,0,0.0,0,1,0,0,3,100.0,77,58,61,119,28.6,0,1,162,3,1,0,Ben Wilson,Coventry City,216590,11,GK
8,0,0.0,16,22,36.07,67,176,243,69.63,78,65.0,42,15,0,0,0,0,40,0,1,1,1,159,15,0,0,1,7,65,0,2,0.18,1.25,17,0,10.0,1,1,1,21,19,2,1,0,,37,61.67,0,0,0,106,13,1,0,14,1225,0,,0,0,0,0,0.0,0,0,0,0,125,0,0,7.15,0,1,0,0,0,0,0,0,1225.0,0.0,0,8,2,5,4,2,100.0,0,28,19,67.86,1,17,2,1,115,63.89,61,142,208,349,107.2,10,1,646,7,2,0,Nikola Katić,Plymouth Argyle,831488,71,DF
86,16,34.04,738,103,44.78,1411,794,2189,82.92,75,64.1,42,46,6,0,0,0,293,4,2,20,10,69,46,0,0,47,30,180,0,2,4.25,3.58,44,0,6.12,0,3,9,55,48,7,3,0,,182,56.88,2,0,2,451,39,60,0,46,4140,1,,0,0,0,0,0.0,0,0,0,0,627,24,0,7.15,0,1,0,0,0,0,0,0,1380.0,0.0,1,32,17,20,9,31,56.36,0,71,41,57.75,60,169,55,47,257,58.81,230,1795,892,2640,328.7,49,5,3315,81,6,0,Jason Knight,Bristol City,958918,58,MF
68,0,0.0,280,140,35.81,845,1981,2826,86.42,133,63.94,75,45,1,0,0,0,193,0,3,3,14,269,45,0,0,6,18,134,1,2,1.23,2.65,32,0,8.7,90,2,3,54,48,6,2,0,,110,65.09,0,0,2,444,41,14,0,45,4034,0,,1,0,0,0,0.0,0,0,0,0,498,0,0,7.14,0,2,0,0,0,0,0,0,2017.0,0.0,0,23,0,15,5,7,63.64,0,84,57,67.86,14,170,11,4,243,64.46,391,1153,2121,3270,321.2,23,3,3918,20,9,0,Ben Cabango,Swansea City,939563,74,DF
36,7,23.33,216,77,46.67,460,435,888,71.84,87,60.84,56,44,1,0,0,0,245,4,4,11,10,69,44,0,0,41,39,237,1,0,1.37,4.95,87,0,11.54,0,6,7,50,41,9,6,0,,265,59.42,1,0,1,348,56,18,3,42,3791,3,,0,0,0,0,0.0,0,0,0,0,515,20,0,7.13,0,2,0,0,0,0,0,0,631.83,0.0,0,33,19,30,11,20,52.63,0,151,99,65.56,18,90,38,30,352,59.76,165,747,519,1236,313.9,52,1,2043,98,12,0,Ebou Adams,Derby County,557614,27,MF
78,1,11.11,245,139,40.41,745,1454,2198,82.45,205,65.08,110,45,4,0,0,0,127,3,1,9,9,252,44,0,0,5,16,173,0,2,2.02,2.78,43,0,7.41,29,2,6,59,54,5,2,0,,75,54.35,2,0,0,468,60,15,0,42,3814,4,,0,0,0,0,0.0,0,0,0,0,533,3,0,7.13,0,0,0,0,0,0,0,0,1907.0,0.0,0,24,3,10,8,6,85.71,0,47,32,68.09,15,178,7,9,280,61.81,344,1088,1587,2666,313.9,27,3,3315,23,8,0,Matthew Pollock,Watford,959208,24,DF
64,0,0.0,95,81,51.27,375,1125,1500,88.97,111,74.5,38,31,0,0,0,0,96,3,2,4,8,179,31,0,1,0,3,62,0,1,0.88,1.87,26,0,0.0,31,0,0,30,25,5,0,0,,37,60.66,0,0,0,186,23,11,0,30,2612,3,,0,0,0,0,0.0,0,0,0,0,206,0,0,7.13,1,0,0,0,0,0,0,0,0.0,0.0,0,21,3,14,6,1,100.0,0,25,14,56.0,11,112,1,1,148,70.48,158,492,1195,1686,221.1,24,2,2050,13,5,0,Kyle Bartley,West Bromwich Albion,40671,8,DF
52,0,0.0,94,115,41.67,321,683,1004,75.15,183,72.62,69,36,1,0,0,0,96,1,3,8,14,234,36,0,0,2,14,121,1,2,0.81,2.57,37,0,6.98,0,3,4,39,31,8,3,0,,52,50.0,3,0,0,332,21,11,0,36,3195,7,,2,1,0,0,0.0,0,0,0,0,370,1,0,7.13,0,0,0,0,0,0,0,0,1065.0,0.0,0,42,1,23,12,4,57.14,0,33,24,72.73,10,106,7,1,235,66.01,276,569,768,1336,256.7,43,3,1825,17,4,0,Jake Cooper,Millwall,358220,25,DF
2,9,28.13,109,3,33.33,197,61,249,70.14,58,51.79,54,27,1,0,0,0,47,7,10,13,2,25,27,0,0,34,7,157,0,0,2.16,11.22,30,0,19.05,0,12,13,32,27,5,11,1,,75,42.13,1,0,3,106,6,20,6,21,1947,14,,0,0,1,0,100.0,0,1,0,1,266,8,0,7.13,0,5,0,0,0,0,0,0,162.25,0.0,1,54,9,23,27,25,41.67,0,17,11,64.71,20,5,60,32,133,45.86,9,309,78,355,192.5,63,4,759,33,1,0,Haji Wright,Coventry City,818391,11,MF
7,19,23.46,155,10,58.82,267,90,338,82.84,5,25.0,15,22,2,0,0,0,57,2,0,12,3,15,21,0,0,32,5,129,0,0,2.48,2.22,32,0,14.29,0,5,7,14,12,2,3,2,,98,46.23,0,0,1,70,8,26,1,17,1447,2,,0,0,0,0,0.0,0,0,0,1,276,7,0,7.13,0,4,0,0,0,0,0,0,289.4,0.0,3,20,15,11,12,35,43.21,0,26,18,69.23,26,12,81,81,103,44.4,17,390,99,408,149.7,35,2,854,37,1,0,Romaine Mundle,Sunderland,1094440,41,MF
46,59,33.52,386,74,70.48,967,617,1525,91.1,13,59.09,9,36,4,0,0,0,92,4,0,6,3,14,35,0,0,9,12,44,0,1,5.42,0.64,9,0,0.0,0,0,4,18,15,3,0,0,,53,60.23,0,0,0,149,25,62,0,24,2271,1,,0,1,0,0,0.0,0,0,0,0,306,9,0,7.13,0,0,0,0,0,0,0,0,0.0,0.0,1,4,9,5,2,18,72.0,0,23,13,56.52,61,88,25,176,66,60.0,105,1203,647,1674,249.5,13,3,2044,13,2,0,Joe Rothwell,Leeds United,190853,34,MF
32,0,0.0,73,67,44.67,282,760,1042,85.9,76,80.85,18,21,0,0,0,0,51,0,1,1,13,108,21,0,0,1,10,47,0,1,0.86,0.69,18,0,0.0,1,0,0,10,9,1,0,0,,30,50.85,0,0,0,171,25,2,0,20,1769,0,,0,1,0,0,0.0,0,0,0,0,187,0,0,7.12,1,0,0,0,0,0,0,0,0.0,0.0,0,8,1,6,2,4,100.0,0,22,12,54.55,1,72,4,3,106,69.28,150,413,803,1213,149.6,9,1,1448,4,3,1,Harry Souttar,Sheffield United,808680,15,DF
61,0,0.0,178,118,35.44,592,1272,1864,81.93,128,65.98,66,38,0,0,0,0,131,1,6,12,9,212,38,0,0,6,18,111,0,0,1.48,4.78,22,0,11.36,9,5,5,49,40,9,5,0,,76,62.81,4,0,2,411,38,7,1,37,3334,6,,1,0,0,0,0.0,0,0,0,1,450,1,0,7.12,0,0,0,0,0,0,0,0,666.8,0.0,0,42,2,21,11,4,66.67,0,44,32,72.73,7,148,6,3,204,64.76,333,900,1378,2275,270.7,44,6,2793,29,4,0,Bobby Thomas,Coventry City,1033352,11,DF
60,39,30.0,286,76,51.01,647,658,1266,85.14,17,45.95,20,32,4,0,0,0,118,8,5,21,1,35,32,0,0,23,38,143,0,1,4.94,4.37,44,1,10.71,0,6,10,31,29,2,2,4,,106,46.29,0,0,0,221,13,55,0,27,2253,0,,0,0,0,1,0.0,0,0,0,0,401,8,0,7.12,0,6,0,0,0,0,0,0,375.5,6.67,15,15,41,18,17,17,47.22,0,72,37,51.39,55,121,36,130,123,46.24,149,900,717,1487,227.9,56,4,2020,17,7,0,Marcelino Núñez,Norwich City,1014801,263,MF
31,1,20.0,313,62,52.99,723,616,1338,87.39,57,61.29,36,35,1,0,0,0,151,2,0,2,16,71,35,0,0,35,25,163,0,3,1.76,0.66,64,0,0.0,0,0,1,21,20,1,0,0,,173,57.67,0,0,1,193,35,21,0,32,2790,1,,0,0,0,0,0.0,0,0,0,0,281,7,0,7.12,0,0,0,0,0,0,0,0,0.0,0.0,0,6,9,7,6,28,75.68,0,109,73,66.97,21,52,37,5,230,58.52,117,862,674,1531,249.2,15,3,2048,38,8,0,Vinícius Souza,Sheffield United,979290,15,MF
27,56,20.29,185,38,43.68,333,112,389,63.88,19,22.62,65,42,14,0,0,0,163,21,1,40,6,16,42,0,0,57,49,263,0,1,9.4,4.9,26,0,6.6,0,7,21,54,45,9,5,2,,162,45.0,0,0,2,220,26,53,1,40,3441,7,,0,1,0,0,0.0,0,0,0,0,678,32,0,7.12,0,6,0,0,0,0,0,0,491.57,0.0,5,34,72,35,31,56,45.9,0,39,22,56.41,52,61,122,276,181,40.77,87,743,142,609,299.0,106,4,1612,68,6,0,Josh Murphy,Portsmouth,291483,2,MF
57,4,40.0,159,91,43.54,436,862,1294,85.47,81,65.85,42,27,1,0,0,0,106,1,1,3,2,160,27,0,0,7,4,85,1,1,0.91,0.53,29,0,6.25,20,1,2,27,24,3,1,0,,54,55.67,1,0,0,220,35,9,0,26,2348,0,,0,0,0,1,0.0,0,0,0,0,255,1,0,7.12,0,0,0,0,0,0,0,0,2348.0,0.0,0,9,7,8,5,11,78.57,0,26,18,69.23,9,109,14,10,135,61.36,209,606,918,1514,192.2,16,1,1901,18,9,0,Charlie Hughes,Hull City,1138398,96,DF
32,7,24.14,188,77,48.73,562,1460,2015,88.3,107,62.57,64,45,2,0,0,0,160,1,1,11,13,244,45,0,0,14,11,122,0,3,1.0,2.1,22,0,3.7,26,1,3,45,38,7,1,0,,111,65.68,1,0,1,267,31,14,0,45,4014,0,,1,0,0,0,0.0,0,0,0,0,375,0,0,7.11,0,0,0,0,0,0,0,0,4014.0,0.0,0,25,2,10,6,19,61.29,0,73,47,64.38,14,59,31,29,218,64.12,158,725,1586,2282,319.9,27,1,3064,19,3,0,Torbjørn Heggem,West Bromwich Albion,933264,8,DF
19,9,14.52,353,28,65.12,562,237,790,80.45,2,11.76,15,41,4,0,0,0,161,9,21,30,3,8,41,0,0,91,52,326,0,0,4.92,15.02,59,0,15.25,0,18,22,59,53,6,14,4,,244,43.96,0,0,3,192,15,50,2,41,3616,37,,0,1,0,0,0.0,0,0,0,0,581,32,0,7.11,0,16,0,0,0,0,0,0,200.89,0.0,0,76,42,37,51,99,46.92,0,60,38,63.33,49,34,211,62,246,43.01,43,775,269,982,291.4,118,4,1927,85,8,0,Borja Sainz,Norwich City,992567,263,FW
23,2,4.44,323,26,52.0,526,220,744,81.4,18,40.91,26,43,6,0,0,0,91,10,6,36,1,14,42,0,0,48,18,155,0,0,3.74,8.24,30,0,10.98,0,9,15,16,15,1,8,1,,129,50.0,1,0,2,170,13,46,2,26,2309,14,,0,0,0,0,0.0,0,0,0,0,344,14,0,7.11,0,6,0,0,0,0,0,0,256.56,0.0,0,54,28,17,29,43,55.84,0,24,13,54.17,46,37,77,45,147,48.68,50,707,252,914,298.5,82,3,1416,62,5,0,Wilfried Gnonto,Leeds United,998951,34,MF
42,4,16.67,221,45,45.92,455,453,904,85.53,31,60.78,20,28,1,0,0,0,162,0,0,4,3,54,28,0,0,17,13,75,0,1,0.81,0.51,20,0,0.0,0,0,1,23,18,5,0,0,,123,69.1,0,0,0,153,27,15,0,21,1950,1,,0,1,0,0,0.0,0,0,0,0,230,11,0,7.11,0,0,0,0,0,0,0,0,0.0,0.0,0,2,13,10,1,30,78.95,0,74,50,67.57,14,84,38,24,154,67.25,98,580,501,1057,199.0,15,0,1448,20,2,0,Steven Alzate,Hull City,871822,96,MF
65,0,0.0,115,99,38.37,319,834,1153,76.01,217,72.33,83,43,3,0,0,0,120,3,5,12,9,273,43,0,0,5,18,140,1,1,1.73,3.68,37,0,6.38,2,3,6,63,53,10,3,0,,74,56.49,2,0,1,364,51,8,0,41,3754,3,,1,0,0,0,0.0,0,0,0,0,425,2,0,7.1,0,1,0,0,0,0,0,0,1251.33,0.0,0,46,1,26,9,9,81.82,0,47,25,53.19,8,134,11,1,291,67.52,258,577,941,1517,305.5,47,4,2188,20,4,0,Mark McGuinness,Luton Town,988343,72,DF
62,39,24.68,321,70,42.42,547,364,872,77.65,42,45.65,50,40,6,0,0,0,159,16,1,11,8,48,40,0,0,34,40,199,0,1,5.83,3.32,41,0,15.0,0,6,12,52,44,8,4,2,,139,48.26,0,0,0,251,30,53,3,37,3248,2,,0,0,0,0,0.0,0,0,0,0,509,11,0,7.1,0,3,0,0,0,0,0,0,541.33,0.0,4,21,19,11,18,46,55.42,0,56,37,66.07,53,136,83,158,181,47.63,165,866,415,1123,284.1,40,1,1834,39,10,0,Jordan Clark,Luton Town,150477,72,MF
34,3,30.0,393,80,65.57,757,605,1359,86.12,69,46.0,81,40,3,0,0,0,221,4,4,25,14,83,40,0,1,57,17,221,0,0,2.45,3.14,41,0,7.69,0,4,7,37,31,6,3,1,,167,54.4,1,0,1,219,30,47,0,39,3507,2,,0,0,0,0,0.0,0,0,0,0,385,17,0,7.1,1,3,0,0,0,0,0,0,876.75,0.0,0,28,24,18,9,36,58.06,0,72,41,56.94,47,57,62,10,236,51.64,122,918,670,1578,284.1,52,3,2240,59,10,0,Jobe Bellingham,Sunderland,1134083,41,MF
11,0,0.0,112,10,52.63,211,140,351,76.3,24,34.78,45,26,2,0,0,0,64,6,10,15,1,11,26,0,0,17,7,89,0,1,1.78,9.99,13,0,25.0,0,12,14,19,16,3,12,0,,63,58.88,4,0,1,109,11,22,4,26,2075,4,,0,0,0,0,0.0,0,0,0,0,187,13,0,7.1,0,4,0,0,0,0,0,0,172.92,0.0,0,40,8,15,18,19,63.33,0,13,5,38.46,22,20,30,3,87,49.43,19,294,169,460,184.6,48,2,720,32,2,0,Josh Maja,West Bromwich Albion,852145,8,FW
29,2,40.0,83,70,48.95,186,450,634,75.93,138,70.41,58,32,3,0,0,0,83,1,2,11,5,160,31,0,0,3,11,99,0,2,1.09,1.93,27,0,4.0,6,1,4,26,22,4,1,0,,53,56.38,1,0,1,201,20,10,0,24,2241,3,,1,0,0,0,0.0,0,0,0,0,253,2,0,7.1,0,0,0,0,0,0,0,0,2241.0,0.0,0,24,1,11,3,4,80.0,0,38,24,63.16,10,56,5,5,191,65.86,143,332,508,835,220.1,25,2,1275,12,5,0,Nathaniel Phillips,Derby County,920393,27,DF
0,0,0.0,2,0,0.0,9,7,16,84.21,0,0.0,0,2,0,0,0,0,3,0,0,0,0,1,2,0,0,0,0,2,0,0,0.01,0.03,1,0,100.0,0,1,1,0,0,0,0,1,,4,66.67,0,0,0,3,0,0,0,0,40,0,,0,0,0,0,0.0,0,0,0,0,6,1,0,7.1,0,1,0,0,0,0,0,0,40.0,0.0,0,0,1,0,1,1,50.0,0,1,1,100.0,0,0,2,0,4,66.67,0,11,8,19,14.2,1,0,33,2,0,0,Zeki Amdouni,Burnley,990550,6,FW
1,0,0.0,1,4,100.0,8,17,25,86.21,0,0.0,1,1,0,0,0,0,2,0,0,0,0,2,1,0,0,0,0,1,0,0,0.0,,0,0,0.0,0,0,0,1,1,0,0,0,,5,100.0,0,0,0,4,2,0,0,0,57,0,,0,0,0,0,0.0,0,0,0,0,5,0,0,7.1,0,0,0,0,0,0,0,0,0.0,0.0,0,0,0,0,0,1,100.0,0,3,1,33.33,0,1,1,0,5,83.33,4,8,21,29,7.1,0,0,40,1,0,0,Dylan Lawlor,Cardiff City,1424627,61,DF
1,0,0.0,1,1,25.0,4,57,61,92.42,0,0.0,0,2,0,0,0,0,2,0,0,0,1,4,1,0,0,0,0,1,0,0,0.0,,1,0,0.0,3,0,0,0,0,0,0,0,,1,50.0,0,0,0,5,1,0,0,2,94,0,,0,0,0,0,0.0,0,0,0,0,5,0,0,7.1,0,0,0,0,0,0,0,0,0.0,0.0,0,0,0,0,0,0,0.0,0,1,1,100.0,0,1,0,0,1,50.0,4,7,59,66,7.1,0,0,73,0,0,0,Paddy McNair,West Bromwich Albion,592876,8,DF
8,0,0.0,6,23,19.49,15,65,80,45.71,3,75.0,1,6,0,0,0,0,45,0,0,0,2,8,6,0,0,0,0,1,0,0,0.01,,0,0,0.0,47,0,0,5,5,0,0,0,1.65,0,0.0,0,6,0,95,0,0,0,6,540,0,,0,0,0,0,0.0,0,0,0,0,95,0,7,7.1,0,0,3,11,5,17,0,3,0.0,0.0,0,0,0,0,0,0,0.0,3,0,0,0.0,0,16,0,0,3,75.0,118,102,73,175,42.6,0,0,228,0,1,0,Balázs Tóth,Blackburn Rovers,851309,46,GK
54,5,41.67,286,100,70.92,672,749,1416,88.28,44,53.66,38,38,0,0,0,0,170,3,0,10,11,51,38,0,0,16,26,118,0,2,2.33,0.81,30,0,10.0,0,2,2,33,32,1,0,2,,130,61.9,0,0,0,188,43,16,0,36,3140,0,,0,0,0,0,0.0,0,0,0,0,259,7,0,7.09,0,2,0,0,0,0,0,0,1570.0,0.0,0,6,14,5,5,13,56.52,0,92,66,71.74,16,85,23,12,174,59.59,141,799,817,1604,269.6,20,1,2055,27,5,0,Sondre Tronstad,Blackburn Rovers,228374,46,MF
26,16,25.4,96,28,52.83,195,175,354,78.49,15,53.57,13,15,1,0,0,0,50,2,0,2,0,30,15,0,0,8,19,63,0,0,1.64,1.19,11,0,6.25,0,1,2,16,14,2,0,1,,49,49.49,0,0,2,97,11,21,0,13,1055,1,,0,0,0,0,0.0,0,0,0,0,195,2,0,7.09,0,1,0,0,0,0,0,0,1055.0,0.0,1,11,5,10,4,5,29.41,0,29,19,65.52,21,41,17,63,64,50.39,53,314,200,451,106.4,16,2,733,15,2,0,Isaac Price,West Bromwich Albion,1066059,8,MF
69,49,29.52,384,83,39.15,730,894,1575,82.07,52,48.15,56,44,2,0,0,0,192,7,1,12,4,141,44,0,0,20,34,163,0,3,5.49,0.99,40,0,3.23,0,1,3,51,45,6,1,0,,189,63.85,0,0,0,344,26,35,1,42,3722,2,,0,1,0,2,0.0,0,0,0,0,657,7,0,7.09,0,0,0,0,0,0,0,0,3722.0,0.0,0,11,20,13,6,20,55.56,0,98,64,65.31,34,158,36,166,241,59.65,212,1080,1005,1919,312.1,31,2,3137,73,6,0,Lewie Coyle,Hull City,827587,96,DF
93,7,14.29,299,142,43.69,815,1819,2627,86.13,63,55.75,50,40,7,0,0,0,155,7,2,6,5,153,40,0,0,10,19,127,1,3,3.5,1.5,33,0,4.76,36,1,8,53,47,6,0,1,,88,53.33,0,0,0,423,56,23,1,38,3442,0,,0,0,0,1,0.0,0,0,0,0,556,2,0,7.09,0,0,0,0,0,0,0,0,3442.0,0.0,0,13,8,9,6,21,58.33,0,54,33,61.11,23,215,36,49,151,54.32,325,1147,1952,3050,283.7,21,3,3756,13,11,0,Callum Doyle,Norwich City,1090508,263,DF
84,6,31.58,319,207,50.86,898,1478,2370,87.16,72,61.02,46,45,1,0,0,1,155,1,1,4,16,177,45,0,0,14,11,104,1,1,0.93,3.32,35,0,17.65,37,3,4,41,34,7,3,0,,105,64.42,2,0,0,349,45,18,0,44,3935,4,,2,0,1,1,0.0,0,0,0,0,423,4,0,7.09,0,1,0,0,0,0,0,0,1311.67,0.0,0,12,5,7,6,6,85.71,0,49,31,63.27,18,158,7,19,177,62.99,407,1142,1596,2719,319.1,17,3,3307,51,9,0,Luke O'Nien,Sunderland,365812,41,DF
37,25,22.94,301,40,37.38,615,650,1240,84.24,18,40.0,27,34,2,0,0,0,130,3,1,6,14,85,34,0,0,28,26,122,0,2,2.78,1.03,27,0,0.0,0,0,2,13,10,3,0,0,,106,52.74,0,0,1,232,45,36,0,32,2800,4,,0,0,0,0,0.0,0,0,0,0,460,6,0,7.09,0,0,0,0,0,0,0,0,0.0,0.0,0,10,9,10,3,24,61.54,0,72,40,55.56,36,80,39,109,124,50.41,107,854,727,1472,241.0,19,0,2300,10,7,0,Lucas Pires,Burnley,1136896,6,
53,2,33.33,99,103,42.92,260,783,1041,77.92,123,63.4,71,40,0,0,0,0,152,1,1,10,14,217,40,0,0,18,10,142,1,1,0.94,2.57,36,0,4.55,0,2,2,36,31,5,2,0,,110,60.77,1,0,2,295,36,5,0,40,3553,3,,0,0,0,1,0.0,0,0,0,0,374,4,0,7.09,0,1,0,0,0,0,0,0,1776.5,0.0,0,41,3,25,9,11,50.0,0,56,37,66.07,5,124,22,6,233,62.13,240,452,890,1336,283.5,44,2,1961,45,7,0,Japhet Tanganga,Millwall,836693,25,DF
13,10,16.13,149,17,73.91,282,155,427,83.89,7,43.75,9,15,1,0,0,0,54,2,0,9,2,12,15,0,0,16,18,83,0,0,2.03,0.87,14,0,5.26,0,1,2,13,9,4,0,1,,75,50.34,0,0,0,82,15,19,0,11,999,2,,0,2,0,0,0.0,0,0,0,0,213,5,0,7.09,0,1,0,0,0,0,0,0,999.0,0.0,6,8,11,4,6,20,42.55,0,37,23,62.16,17,30,47,62,82,49.7,23,396,175,509,106.3,19,1,837,18,2,0,Enzo Le Fée,Sunderland,984014,41,MF
62,46,33.58,317,68,52.31,608,397,959,80.86,6,21.43,22,37,7,0,0,0,152,13,5,13,0,21,37,0,0,59,23,172,0,0,5.66,4.31,38,0,8.33,0,3,10,26,23,3,3,0,,177,54.13,0,0,1,227,20,57,0,27,2485,7,,0,0,2,0,100.0,0,2,0,0,517,15,0,7.09,0,3,0,0,0,0,0,0,828.33,0.0,4,18,18,11,12,37,52.86,0,59,41,69.49,57,115,70,137,183,51.55,130,875,448,1186,262.2,36,3,1873,82,6,0,Todd Cantwell,Blackburn Rovers,907070,46,MF
24,36,32.14,262,26,36.11,529,285,778,79.07,25,58.14,18,36,4,0,0,1,103,9,3,17,1,31,36,0,0,25,22,115,0,1,4.3,4.93,44,1,11.76,0,6,10,28,23,5,4,2,,78,44.57,1,0,0,206,29,49,3,25,2126,0,,0,0,2,0,50.0,0,1,0,0,357,8,0,7.09,0,2,0,0,0,0,0,0,354.33,14.29,7,21,30,15,19,9,52.94,0,51,32,62.75,49,53,17,112,103,47.25,72,759,337,984,255.1,51,3,1444,18,2,0,Victor Torp,Coventry City,837011,11,MF
5,1,33.33,52,9,47.37,86,41,126,44.84,98,51.58,92,20,1,0,0,0,28,0,8,9,2,24,20,0,0,21,5,154,0,0,0.76,7.07,31,0,17.78,0,8,9,22,18,4,8,0,,46,42.59,3,0,4,155,3,7,0,14,1283,6,,0,0,1,0,100.0,0,1,0,1,216,8,0,7.09,0,5,0,0,0,0,0,0,160.38,0.0,0,38,7,15,21,11,57.89,0,13,9,69.23,7,10,19,3,144,48.32,19,218,66,281,141.7,45,1,501,22,2,0,Yousef Salech,Cardiff City,1082336,61,FW
42,16,19.28,349,82,39.81,652,675,1311,77.35,135,67.84,64,42,3,0,0,0,111,6,5,12,12,156,42,0,1,14,16,157,0,2,4.38,3.1,46,0,2.5,0,1,4,43,35,8,1,0,,126,57.53,1,0,1,384,30,41,0,42,3711,2,,1,0,0,0,0.0,0,0,0,0,651,7,0,7.08,1,0,0,0,0,0,0,0,3711.0,0.0,0,33,7,21,7,13,40.63,0,43,22,51.16,41,99,32,83,261,62.44,206,992,786,1695,297.5,40,2,2713,72,8,0,Darnell Furlong,West Bromwich Albion,786022,8,DF
12,1,16.67,244,21,77.78,399,184,582,77.29,31,21.38,114,46,7,0,0,0,91,8,13,31,3,31,46,0,0,37,5,209,0,0,3.32,17.17,24,0,18.63,0,19,26,22,20,2,18,1,,46,32.62,2,0,2,171,8,39,13,36,3103,18,,0,2,1,0,100.0,0,1,0,0,322,29,0,7.08,0,4,0,0,0,0,0,0,163.32,0.0,2,77,25,30,41,14,31.82,0,17,11,64.71,37,26,44,6,77,26.92,27,541,218,753,325.6,102,3,1180,15,2,0,Joël Piroe,Leeds United,850823,34,FW
46,0,0.0,185,82,40.0,647,1070,1717,86.89,109,63.37,63,38,0,0,0,0,138,0,1,3,11,233,38,0,1,6,18,126,2,1,0.92,1.69,40,0,7.14,9,1,1,35,27,8,1,0,,76,54.68,0,0,0,259,34,12,0,37,3277,1,,0,0,0,1,0.0,0,0,0,0,288,1,0,7.07,1,1,0,0,0,0,0,0,3277.0,0.0,0,13,1,5,6,15,93.75,0,52,31,59.62,12,114,16,0,185,59.49,205,825,1151,1976,268.7,14,2,2496,10,9,0,Chris Mepham,Sunderland,865740,41,DF
84,21,26.25,345,87,44.16,883,1220,2082,88.37,32,59.26,22,34,4,0,0,0,171,4,0,2,7,38,34,0,1,12,29,94,1,1,3.67,0.62,24,0,0.0,0,0,4,49,46,3,0,0,,153,68.0,0,0,2,274,35,33,0,33,2994,0,,0,0,0,0,0.0,0,0,0,0,397,6,0,7.07,1,0,0,0,0,0,0,0,0.0,0.0,0,7,4,8,1,8,50.0,0,80,46,57.5,33,157,16,80,185,66.31,197,1136,1300,2356,240.4,11,0,2876,67,6,0,Kenny McLean,Norwich City,75756,263,MF
0,1,25.0,12,0,0.0,27,3,29,93.55,0,0.0,0,3,0,0,0,0,1,0,0,0,0,0,3,0,0,1,0,1,0,0,0.03,0.1,0,0,25.0,0,1,1,0,0,0,0,1,,5,83.33,0,0,0,2,0,0,0,0,49,0,,0,0,0,0,0.0,0,0,0,0,7,0,0,7.07,0,1,0,0,0,0,0,0,49.0,0.0,1,0,4,3,1,0,0.0,0,2,2,100.0,0,0,0,4,5,83.33,1,32,3,31,21.2,4,0,47,3,1,0,Benson Manuel,Burnley,552632,6,FW
17,10,40.0,174,34,45.33,400,456,846,86.68,35,62.5,21,25,2,0,0,0,81,2,0,3,13,57,25,0,0,11,21,81,0,2,1.06,0.6,12,0,9.09,0,1,3,4,4,0,0,1,,68,53.13,0,0,0,130,22,12,0,20,1779,0,,0,0,0,0,0.0,0,0,0,0,242,1,0,7.06,1,1,0,0,0,0,0,0,1779.0,0.0,0,8,3,5,3,1,5.56,0,42,30,71.43,12,45,18,25,103,55.98,75,486,515,976,176.6,11,0,1445,25,1,1,Bashir Humphreys,Burnley,996910,6,DF
45,22,36.07,206,85,33.86,368,333,679,65.86,80,59.7,54,33,1,0,0,0,135,2,2,3,11,103,32,0,0,14,24,136,1,0,2.25,0.88,43,0,0.0,0,0,1,28,20,8,0,0,,132,61.68,0,0,1,352,35,30,0,29,2631,0,,0,1,0,0,0.0,0,0,0,0,603,4,0,7.06,0,0,0,0,0,0,0,0,0.0,0.0,0,7,5,9,0,17,80.95,0,77,50,64.94,29,112,21,61,212,60.92,251,687,405,1031,225.9,12,1,1868,41,7,0,Ryan Leonard,Millwall,111398,25,DF
9,0,0.0,42,31,38.75,169,631,800,84.75,99,73.33,36,22,0,0,0,0,45,0,3,3,3,132,22,0,0,3,11,64,0,0,0.31,1.62,15,0,9.09,16,2,2,30,27,3,2,0,,31,52.54,2,0,1,144,19,6,0,20,1820,4,,0,0,0,0,0.0,0,0,0,0,158,0,0,7.06,0,0,0,0,0,0,0,0,910.0,0.0,0,21,1,11,8,0,0.0,0,17,11,64.71,6,29,0,0,130,67.01,80,262,682,944,155.3,22,0,1219,15,2,0,Michael Ihiekwe,Sheffield Wednesday,180527,12,DF
91,19,30.16,256,110,54.46,467,616,1064,84.18,7,38.89,11,33,4,0,0,0,138,4,1,23,9,41,33,0,0,10,27,83,0,0,2.22,1.71,33,1,6.25,0,3,7,45,41,4,1,2,,97,57.4,0,0,2,200,31,33,0,33,2903,0,,0,2,0,0,0.0,0,0,0,0,281,7,0,7.06,0,3,0,0,0,0,0,0,967.67,20.0,5,6,42,9,16,7,63.64,0,58,35,60.34,31,162,11,63,104,55.61,202,660,667,1264,232.9,48,1,1671,33,10,0,Cameron Brannagan,Oxford United,372522,95,MF
34,1,50.0,60,49,48.04,203,690,892,86.69,45,60.81,29,21,0,0,0,0,71,0,3,3,4,122,21,0,0,3,9,62,0,1,0.27,1.71,19,0,15.38,4,2,2,28,24,4,2,0,,42,56.0,2,0,0,137,26,5,0,20,1819,0,,0,0,0,0,0.0,0,0,0,0,160,2,0,7.06,0,0,0,0,0,0,0,0,909.5,0.0,0,11,2,7,3,5,71.43,0,26,18,69.23,5,59,7,2,87,58.39,102,285,746,1029,148.2,13,2,1314,11,2,0,Ronnie Edwards,Queens Park Rangers,1012415,1,DF
38,0,0.0,140,74,35.58,533,1128,1661,84.19,172,70.49,72,36,1,0,0,0,139,1,2,5,6,231,36,0,1,6,16,110,1,1,0.94,2.49,15,0,9.09,67,2,3,42,37,5,1,1,,71,65.14,0,0,0,312,34,6,0,35,3127,0,,0,0,0,0,0.0,0,0,0,0,341,1,0,7.06,1,2,0,0,0,0,0,0,1563.5,0.0,0,19,3,11,6,4,80.0,0,36,25,69.44,6,90,5,0,243,68.84,208,734,1239,1973,254.0,22,2,2462,33,5,0,Rob Dickie,Bristol City,802697,58,DF
16,2,18.18,160,26,46.43,268,214,480,77.67,10,30.3,23,23,4,0,0,0,127,3,0,10,0,15,23,0,0,14,29,103,0,0,1.46,0.92,34,0,11.76,0,2,6,27,23,4,2,0,,110,57.89,0,0,0,138,16,21,1,20,1615,0,,0,0,0,0,0.0,0,0,0,0,206,17,0,7.05,0,1,0,0,0,0,0,0,807.5,0.0,0,6,11,5,2,13,65.0,0,81,53,65.43,21,36,20,11,120,53.81,56,382,247,618,162.2,17,1,922,17,1,0,Tom Krauß,Luton Town,930272,72,MF
6,2,33.33,136,7,70.0,216,122,336,80.38,26,35.62,47,32,5,0,1,0,49,6,16,17,4,26,32,0,0,33,9,120,0,0,3.17,13.32,14,0,23.44,0,15,20,37,36,1,14,1,,63,46.32,1,0,3,82,2,25,5,28,2505,9,,0,1,2,0,50.0,0,1,0,1,206,14,0,7.05,0,9,0,0,0,0,0,0,167.0,0.0,0,50,14,17,30,16,47.06,0,19,12,63.16,24,7,34,6,89,42.58,10,292,132,418,225.6,64,2,758,28,3,0,Josh Sargent,Norwich City,880796,263,FW
16,0,0.0,174,8,28.57,266,83,349,50.8,175,42.89,233,32,3,0,0,1,57,4,16,17,3,38,32,0,0,20,11,311,1,0,1.7,13.74,38,0,16.67,0,11,14,42,40,2,11,0,,63,44.68,2,0,2,338,4,24,1,31,2635,12,,0,0,4,0,75.0,0,3,0,0,458,26,0,7.05,0,8,0,0,0,0,0,0,239.55,0.0,0,61,5,24,25,4,25.0,0,26,15,57.69,24,41,16,9,238,43.35,28,577,119,687,225.6,66,2,1086,35,3,0,Colby Bishop,Portsmouth,374384,2,FW
65,0,0.0,137,177,49.44,414,1566,1980,82.67,178,60.75,115,46,2,0,0,0,130,1,3,2,15,343,46,0,0,2,14,160,2,1,1.39,2.66,28,0,10.0,72,2,4,48,43,5,2,0,,67,59.82,1,0,1,415,25,10,0,46,4140,6,,0,0,0,1,0.0,0,0,0,1,451,1,0,7.05,0,1,0,0,0,0,0,0,2070.0,0.0,0,20,0,15,3,3,60.0,0,46,28,60.87,10,130,5,3,245,60.49,358,657,1741,2395,324.3,20,1,3020,23,5,0,Dominic Hyam,Blackburn Rovers,802719,46,DF
20,2,10.53,142,22,44.9,291,192,481,76.47,21,38.89,33,16,0,0,0,0,79,2,0,7,7,21,16,0,0,22,11,96,1,0,1.13,1.32,24,0,4.55,0,1,1,14,13,1,1,0,,77,55.0,1,0,0,148,10,9,0,16,1421,0,,0,0,0,0,0.0,0,0,0,1,225,9,0,7.05,0,0,0,0,0,0,0,0,1421.0,0.0,0,10,12,8,7,12,60.0,0,30,23,76.67,9,43,20,19,98,50.52,49,421,227,629,112.8,22,1,906,36,2,0,Lewis O'Brien,Swansea City,920936,74,MF
7,0,0.0,0,19,33.93,5,54,59,61.46,0,0.0,0,4,0,0,0,0,37,0,0,0,3,6,4,0,0,0,0,0,0,0,0.0,,0,0,0.0,25,0,0,2,2,0,0,0,0.07,1,100.0,0,4,0,37,0,0,0,4,360,0,,0,0,0,0,0.0,0,0,0,0,38,0,3,7.05,0,0,2,4,4,8,0,1,0.0,0.0,0,0,0,0,0,0,0.0,2,0,0,0.0,0,15,0,0,1,100.0,56,35,61,96,28.2,0,0,140,1,1,0,Simon Moore,Sunderland,95461,41,GK
3,0,0.0,3,11,28.21,8,103,111,79.86,0,0.0,0,6,0,0,0,0,48,0,0,0,1,2,6,0,0,0,0,0,0,0,0.01,,0,0,0.0,29,0,0,9,9,0,0,0,1.02,2,100.0,0,10,0,28,0,0,0,6,510,0,,0,0,0,0,0.0,0,0,0,0,31,0,0,7.05,0,0,3,13,3,16,0,3,0.0,0.0,0,0,0,0,0,0,0.0,2,2,2,100.0,0,5,0,0,2,100.0,39,28,111,139,42.3,0,2,203,0,0,0,Solomon Brynn,Middlesbrough,1007050,36,GK
49,43,32.58,280,58,55.24,560,460,977,82.59,38,52.05,35,35,3,0,0,0,122,1,1,7,3,23,35,0,0,15,22,141,0,0,3.74,1.76,54,0,16.67,0,3,6,46,40,6,1,2,,128,54.7,0,0,0,206,36,48,0,29,2426,4,,0,0,0,0,0.0,0,0,0,0,385,8,0,7.05,0,3,0,0,0,0,0,0,808.67,0.0,1,5,13,5,6,22,55.0,0,65,37,56.92,48,92,40,132,166,54.07,105,803,512,1183,246.6,18,2,1721,42,7,0,Alex Robertson,Cardiff City,1067119,61,MF
36,75,28.2,400,45,36.29,811,796,1532,83.99,21,25.0,63,45,7,0,0,1,203,15,2,6,11,78,45,0,0,31,22,156,2,1,9.35,2.72,18,0,8.33,0,2,9,54,48,6,2,0,,107,53.5,0,0,1,292,59,81,1,44,3941,3,,1,0,1,0,0.0,0,0,0,0,638,9,0,7.04,0,1,0,0,0,0,0,0,1970.5,0.0,0,9,15,8,10,33,60.0,0,47,29,61.7,81,78,55,266,128,45.07,124,1208,882,1824,317.0,24,3,2977,27,7,0,Josh Tymon,Swansea City,830238,74,DF
63,0,0.0,66,115,42.44,214,1022,1236,80.0,154,68.44,71,37,0,0,0,0,61,1,3,7,11,239,36,0,0,6,9,117,0,2,0.91,2.12,30,0,11.76,52,2,2,33,29,4,2,0,,52,53.06,0,0,1,309,37,4,1,34,3016,1,,0,0,0,1,0.0,0,0,0,0,330,1,0,7.04,0,1,0,0,0,0,0,0,1508.0,0.0,0,16,1,4,6,1,33.33,0,31,23,74.19,4,136,3,0,206,63.78,271,407,1138,1545,253.6,17,2,2012,22,5,0,Danny Batth,Blackburn Rovers,90121,46,DF
14,15,27.27,241,17,19.54,450,413,848,78.52,41,44.09,52,36,2,0,0,0,105,3,1,18,11,93,36,0,0,28,29,182,0,0,2.77,2.07,45,0,7.5,0,3,5,28,22,6,2,1,,161,55.33,1,0,0,232,43,17,2,30,2750,1,,0,0,0,1,0.0,0,0,0,1,424,9,0,7.04,0,0,0,0,0,0,0,0,916.67,0.0,0,33,7,15,7,20,41.67,0,91,50,54.95,17,33,48,55,202,52.6,87,631,504,1080,253.5,40,1,1948,51,6,0,Dennis Cirkin,Sunderland,1014987,41,DF
7,8,27.59,155,10,58.82,255,119,366,86.94,10,58.82,7,17,5,0,0,0,32,3,2,7,0,9,17,0,0,10,5,43,0,0,1.06,2.54,8,0,4.0,0,1,6,11,9,2,1,0,,26,41.94,0,0,0,55,2,24,0,11,946,0,,0,0,0,0,0.0,0,0,0,1,126,3,0,7.04,0,1,0,0,0,0,0,0,946.0,0.0,1,16,9,8,10,9,40.91,0,8,5,62.5,24,10,22,29,36,45.57,17,316,134,421,119.7,25,1,591,9,2,0,Riley McGree,Middlesbrough,835998,36,MF
53,0,0.0,148,101,41.22,475,1074,1549,86.49,104,61.18,66,34,0,0,0,0,117,0,0,4,12,164,34,0,0,3,5,97,1,0,0.94,0.9,19,0,0.0,39,0,0,29,25,4,0,0,,78,71.56,0,0,0,242,23,11,0,31,2853,2,,0,1,0,2,0.0,0,0,0,0,363,1,0,7.04,0,0,0,0,0,0,0,0,0.0,0.0,0,14,0,8,2,13,72.22,0,39,27,69.23,10,118,18,3,182,65.23,245,660,1134,1791,239.4,14,2,2332,29,9,0,Jack Robinson,Sheffield United,98454,15,DF
20,2,22.22,98,13,61.9,189,88,275,70.15,48,37.21,81,35,4,0,0,0,43,6,11,12,6,28,35,0,0,24,15,191,0,0,2.23,9.05,57,1,15.19,0,12,16,7,5,2,9,3,,70,38.89,5,0,0,117,5,23,1,28,2435,12,,0,0,0,0,0.0,0,0,0,0,226,11,0,7.04,0,6,0,0,0,0,0,0,202.92,20.0,5,52,27,36,31,2,11.76,0,18,15,83.33,23,40,17,9,118,38.19,21,288,113,392,246.4,79,4,758,51,3,0,Zian Flemming,Burnley,875137,6,FW
21,15,29.41,123,30,44.12,306,323,614,84.92,12,54.55,10,15,4,0,0,0,58,2,0,1,0,11,15,0,0,12,21,58,0,0,1.41,0.3,17,0,0.0,0,0,4,20,19,1,0,0,,37,43.53,0,0,0,109,11,20,0,10,908,0,,0,0,0,0,0.0,0,0,0,0,175,5,0,7.04,0,0,0,0,0,0,0,0,0.0,0.0,0,2,5,5,1,5,83.33,0,27,20,74.07,20,52,6,51,49,45.79,68,418,356,723,105.6,7,1,912,5,2,0,Jacob Wright,Norwich City,1402922,263,MF
39,0,0.0,45,209,31.76,114,972,1086,70.34,20,100.0,0,45,0,0,0,0,342,0,0,0,29,46,45,0,0,1,0,1,0,2,0.32,,0,0,0.0,246,0,0,16,13,3,0,0,12.82,3,75.0,0,25,0,458,0,1,0,45,4050,0,,0,0,0,0,0.0,2,0,2,0,468,0,26,7.04,0,0,19,59,28,88,1,16,0.0,0.0,0,0,0,0,0,1,100.0,19,1,1,100.0,1,63,1,0,23,95.83,658,507,1037,1544,316.8,0,4,1923,4,8,0,James Trafford,Burnley,980643,6,GK
26,19,16.38,360,34,40.96,588,305,874,81.99,25,39.68,38,44,5,0,0,1,115,7,12,30,2,31,44,0,0,24,18,122,1,0,4.92,14.43,25,0,11.93,0,13,18,55,51,4,10,3,,87,50.88,2,0,0,192,12,31,0,38,3242,19,,0,0,2,0,50.0,0,1,0,0,389,23,0,7.04,0,10,0,0,0,0,0,0,249.38,0.0,5,65,44,40,39,16,44.44,0,36,19,52.78,31,59,36,116,112,47.86,83,835,347,1066,309.7,109,4,1614,35,8,0,Josh Windass,Sheffield Wednesday,340621,12,MF
56,4,40.0,139,82,32.28,428,1251,1675,83.79,92,66.19,47,37,1,0,0,0,159,0,3,5,4,205,37,0,0,11,11,86,0,0,0.57,2.19,17,0,9.09,39,2,3,61,54,7,2,0,,92,70.23,1,0,1,324,36,12,1,37,3256,1,,0,0,0,0,0.0,0,0,0,0,383,3,0,7.04,0,0,0,0,0,0,0,0,1628.0,0.0,0,20,2,11,6,6,85.71,0,53,37,69.81,12,132,7,10,184,68.15,254,668,1341,1999,260.3,22,1,2596,35,3,0,Lewis Gibson,Preston North End,867443,21,DF
6,0,0.0,1,38,37.25,24,149,173,73.0,4,100.0,0,9,0,0,0,0,62,0,0,0,1,12,9,0,0,0,0,0,0,0,0.0,,0,0,0.0,67,0,0,14,13,1,0,0,3.83,1,100.0,0,4,0,64,0,0,0,8,797,0,,0,0,0,0,0.0,0,0,0,0,64,0,7,7.03,0,0,7,16,13,30,0,7,0.0,0.0,0,0,0,0,0,0,0.0,7,0,0,0.0,0,12,0,0,5,100.0,102,64,173,237,63.3,0,0,318,1,0,0,Jonathan Bond,Watford,94743,24,GK
24,0,0.0,33,44,44.9,114,409,523,81.21,48,67.61,23,16,1,0,0,0,57,1,0,3,3,76,16,0,0,1,2,34,0,1,0.67,0.29,11,0,0.0,4,0,1,17,13,4,0,0,,34,75.56,0,0,0,121,13,3,0,12,1130,1,,1,0,0,1,0.0,0,0,0,0,134,2,0,7.03,0,0,0,0,0,0,0,0,0.0,0.0,0,4,1,1,1,2,100.0,0,27,16,59.26,3,45,2,2,82,70.69,98,200,446,644,112.5,5,1,839,7,3,0,Jack Whatmough,Preston North End,255073,21,DF
56,3,21.43,133,79,27.24,390,1037,1424,77.56,151,67.11,74,41,3,0,0,0,119,1,1,5,11,257,41,0,0,5,7,109,0,0,0.76,1.87,20,0,17.39,18,4,7,58,51,7,4,0,,68,66.02,2,0,0,412,49,12,2,41,3612,0,,0,0,0,0,0.0,0,0,0,0,505,1,0,7.03,0,0,0,0,0,0,0,0,903.0,0.0,0,19,4,11,7,11,73.33,0,28,20,71.43,12,153,15,14,219,66.77,290,706,1144,1836,288.2,23,2,2516,32,6,0,Ciaron Brown,Oxford United,948257,95,DF
8,12,23.08,288,9,50.0,423,114,525,83.87,4,21.05,15,24,7,0,0,0,67,7,5,5,0,10,24,0,0,28,18,140,0,0,4.52,4.4,26,0,11.11,0,3,10,22,20,2,2,1,,86,40.76,1,0,1,101,5,45,2,21,1787,14,,0,1,0,0,0.0,0,0,0,1,272,12,0,7.03,0,0,0,0,0,0,0,0,595.67,0.0,0,24,3,8,14,35,39.77,0,26,16,61.54,44,21,88,52,90,39.13,18,554,124,626,168.7,27,2,1006,25,7,0,Ben Gannon-Doak,Middlesbrough,1154861,36,MF
39,5,21.74,348,53,55.79,718,509,1222,86.54,33,50.77,32,29,2,0,0,0,146,4,2,11,5,26,28,0,0,30,23,139,0,0,3.08,2.15,36,0,0.0,0,0,2,29,24,5,0,0,,103,49.05,0,0,0,190,21,30,0,23,2133,0,,0,0,0,0,0.0,0,0,0,0,294,9,0,7.03,0,0,0,0,0,0,0,0,0.0,0.0,0,15,17,15,6,9,33.33,0,63,32,50.79,30,75,27,23,136,49.45,95,883,552,1412,196.7,32,0,1787,31,6,0,Ben Sheaf,Coventry City,789229,11,MF
1,0,0.0,6,42,44.21,33,18,51,49.04,1,50.0,1,4,0,0,0,0,33,0,0,0,1,7,4,0,0,0,0,1,0,0,0.01,,0,0,0.0,31,0,0,8,5,3,0,0,-3.29,1,100.0,0,4,0,53,0,0,0,4,360,0,,0,0,0,0,0.0,0,0,0,0,53,0,2,7.03,0,0,4,9,2,11,0,3,0.0,0.0,0,0,0,0,0,0,0.0,4,1,1,100.0,0,1,0,0,2,66.67,95,81,23,104,28.1,0,0,137,0,0,0,George Evans,Millwall,2032373,25,GK
14,0,0.0,6,74,52.48,33,196,229,76.33,3,100.0,0,8,0,0,0,0,75,0,0,0,0,4,8,0,0,0,0,0,2,0,0.01,,0,0,0.0,39,0,0,10,10,0,0,0,2.14,2,100.0,0,10,0,71,0,0,0,8,720,0,,0,0,0,0,0.0,1,0,1,0,74,0,3,7.03,0,0,2,15,5,20,0,4,0.0,0.0,0,0,0,0,0,0,0.0,2,0,0,0.0,0,21,0,0,5,100.0,141,84,216,300,56.2,0,0,379,2,1,0,Pierce Charles,Sheffield Wednesday,1154937,12,GK
41,44,34.65,261,67,40.12,531,395,882,73.75,74,57.36,55,45,3,0,0,0,179,5,4,14,12,53,45,0,0,30,36,192,1,0,4.72,2.77,53,0,2.78,0,1,4,38,32,6,1,0,,164,54.49,0,0,3,314,58,53,0,36,3305,7,,0,0,0,0,0.0,0,0,0,0,495,22,0,7.02,0,1,0,0,0,0,0,0,3305.0,0.0,3,19,17,17,5,15,41.67,0,100,65,65.0,53,98,36,127,238,55.35,167,852,471,1196,316.1,36,1,1897,49,8,0,George Saville,Millwall,287897,25,MF
162,0,0.0,42,348,35.44,164,827,991,60.57,11,84.62,2,45,0,0,0,0,368,0,0,0,13,50,45,1,0,0,2,5,2,1,0.05,,1,0,0.0,326,0,0,62,55,7,0,0,9.46,4,57.14,0,37,0,645,0,0,0,45,4050,0,,0,0,0,0,0.0,4,0,2,0,655,0,15,7.02,0,0,35,95,46,143,0,29,0.0,0.0,0,0,0,0,0,0,0.0,35,0,0,0.0,0,247,0,0,15,75.0,982,681,955,1636,316.0,0,1,2078,7,1,0,Jamie Cumming,Oxford United,836696,95,GK
39,47,26.55,458,50,60.24,721,313,987,81.84,8,34.78,15,45,7,0,0,1,134,6,5,38,7,35,45,0,0,50,59,227,0,0,6.13,5.93,26,0,2.56,0,2,9,34,26,8,2,0,,171,44.65,0,0,2,219,19,67,2,38,3294,6,,0,2,2,0,50.0,0,1,0,0,564,30,0,7.02,0,0,0,0,0,0,0,0,1647.0,0.0,5,38,40,23,17,71,47.97,0,62,42,67.74,65,73,148,177,179,44.09,83,1036,347,1206,315.9,78,0,2030,38,8,0,Patrick Roberts,Sunderland,361326,41,MF
87,0,0.0,25,172,33.93,74,663,737,67.93,9,75.0,3,30,0,0,0,0,278,0,0,0,11,32,30,0,0,0,0,3,0,1,0.03,,0,0,0.0,158,0,0,27,22,5,0,0,-0.03,7,100.0,0,28,0,348,0,0,0,30,2700,0,,0,0,0,0,0.0,1,0,0,0,355,0,14,7.02,0,0,15,52,25,78,0,10,0.0,0.0,0,0,0,0,0,0,0.0,15,3,2,66.67,0,143,0,0,16,84.21,507,344,741,1085,210.6,0,1,1388,5,2,0,Alex Palmer,West Bromwich Albion,796143,8,GK
79,1,25.0,141,128,44.6,648,2368,3015,88.89,153,71.5,61,45,0,0,0,0,129,4,2,5,8,236,45,0,0,7,15,108,0,3,1.24,3.19,27,0,11.11,49,4,4,67,60,7,4,0,,55,53.92,3,0,2,377,32,10,0,45,4041,7,,0,0,0,1,0.0,0,0,0,0,408,0,0,7.02,0,1,0,0,0,0,0,0,1010.25,0.0,0,35,1,22,9,4,66.67,0,37,21,56.76,10,175,6,4,208,65.82,287,869,2527,3392,315.8,36,0,3937,16,4,0,Shane Duffy,Norwich City,55570,263,DF
3,0,0.0,87,3,60.0,137,60,197,75.77,43,41.75,60,29,3,0,0,0,30,3,14,8,3,7,29,0,0,19,5,137,0,0,1.8,10.38,28,0,20.0,0,11,14,24,23,1,11,0,,62,44.6,1,0,1,63,6,24,4,20,1774,26,,0,0,2,0,100.0,0,2,0,0,155,10,0,7.02,0,6,0,0,0,0,0,0,161.27,0.0,0,49,6,22,25,24,48.98,0,19,14,73.68,24,5,49,3,105,43.39,5,195,68,260,203.5,55,2,551,20,3,0,Emmanuel Latte Lath,Middlesbrough,848074,36,FW
43,29,22.14,378,63,35.59,786,680,1437,81.32,33,50.77,32,45,2,0,0,0,199,12,1,12,12,115,45,0,0,27,31,173,1,0,5.8,2.06,37,0,6.9,0,2,4,56,46,10,2,0,,157,52.68,0,0,1,330,54,54,0,45,4013,3,,0,0,0,0,0.0,0,0,0,0,704,14,0,7.01,0,2,0,0,0,0,0,0,2006.5,0.0,3,17,12,9,8,25,35.21,0,92,66,71.74,54,82,71,131,190,52.34,177,1131,767,1767,315.4,29,1,2933,40,2,0,Milan van Ewijk,Coventry City,948723,11,DF
39,2,22.22,71,51,40.48,239,797,1034,87.26,49,60.49,32,26,1,0,0,0,70,1,0,3,4,125,26,0,0,6,15,74,0,1,0.9,1.11,19,0,12.5,3,1,2,25,21,4,1,0,,61,59.22,0,0,1,151,27,10,1,21,1981,1,,1,0,0,0,0.0,0,0,0,0,188,1,0,7.01,0,0,0,0,0,0,0,0,1981.0,0.0,0,8,0,3,2,2,50.0,0,35,19,54.29,10,86,4,9,110,59.78,126,351,843,1185,182.2,8,2,1539,24,2,0,Mason Holgate,West Bromwich Albion,781544,8,DF
28,32,23.88,199,40,38.46,361,176,505,69.56,45,52.94,40,29,4,0,0,0,95,10,1,6,1,36,28,0,0,10,15,100,0,0,4.74,1.39,30,0,0.0,1,0,4,26,21,5,0,0,,70,53.85,0,0,1,221,22,39,0,17,1641,3,,0,0,0,0,0.0,0,0,0,0,373,5,0,7.01,0,0,0,0,0,0,0,0,0.0,0.0,0,11,10,11,4,18,78.26,0,39,28,71.79,39,70,23,134,115,53.49,104,641,219,726,196.2,21,0,1176,13,7,0,Robbie Brady,Preston North End,267621,21,MF
16,3,11.54,124,19,50.0,230,140,367,77.59,11,37.93,18,34,1,0,0,0,60,5,4,16,1,5,34,0,1,27,3,68,0,1,2.13,7.06,6,0,20.69,0,12,13,35,29,6,11,1,,43,46.24,0,0,1,106,6,22,3,24,2031,21,,0,0,0,0,0.0,0,0,0,0,217,23,0,7.01,1,9,0,0,0,0,0,0,169.25,0.0,0,41,17,15,27,13,48.15,0,7,6,85.71,22,34,27,26,54,44.26,38,345,154,473,238.2,58,3,736,23,1,0,Callum Robinson,Cardiff City,190851,61,FW
42,24,40.68,291,38,45.78,569,296,841,84.69,23,71.88,9,24,4,0,0,0,89,3,0,5,2,22,23,0,1,11,13,60,0,1,3.46,0.51,23,0,0.0,0,0,4,19,17,2,0,0,,57,52.78,0,0,0,152,13,28,0,18,1424,0,,0,0,0,1,0.0,0,0,0,0,223,20,0,7.0,1,0,0,0,0,0,0,0,0.0,0.0,0,1,10,6,0,5,41.67,0,30,18,60.0,28,87,12,59,80,57.14,83,731,321,993,161.1,11,3,1243,23,7,0,Joe Williams,Bristol City,784501,58,MF
34,31,26.96,201,41,50.0,355,245,569,80.71,7,43.75,9,28,6,0,0,0,83,9,2,15,1,5,28,0,0,30,17,81,0,0,4.54,2.77,8,0,4.55,0,2,8,19,17,2,1,1,,39,35.14,0,0,0,136,5,44,0,20,1712,3,,0,0,0,0,0.0,0,0,0,0,308,10,0,7.0,0,2,0,0,0,0,0,0,856.0,0.0,2,19,25,11,18,17,50.0,0,13,9,69.23,44,82,34,115,46,36.22,82,547,273,705,196.1,44,1,1066,9,2,0,Ilias Chair,Queens Park Rangers,809512,1,MF
22,2,28.57,137,50,37.31,494,1117,1609,89.99,66,54.1,56,38,1,0,0,0,132,2,1,3,15,171,37,0,1,12,14,111,0,1,0.82,2.31,26,0,25.0,26,3,4,30,27,3,3,0,,85,60.71,1,0,0,179,40,13,0,35,3135,4,,0,0,0,1,0.0,0,0,0,0,223,2,0,7.0,1,2,0,0,0,0,0,0,1045.0,0.0,0,10,2,5,4,5,55.56,0,53,43,81.13,13,50,9,7,151,57.63,134,604,1191,1788,259.1,12,0,2228,28,11,0,Anel Ahmedhodžić,Sheffield United,825899,15,DF
0,0,0.0,10,1,100.0,11,8,19,95.0,0,0.0,0,1,0,0,0,0,1,1,0,1,0,1,1,0,0,4,0,8,0,1,0.37,0.57,0,0,33.33,0,1,1,1,1,0,1,0,,2,20.0,0,0,0,1,0,1,0,1,89,0,,0,0,0,0,0.0,0,0,0,0,10,0,0,7.0,0,1,0,0,0,0,0,0,89.0,0.0,0,3,0,1,1,0,0.0,0,1,1,100.0,1,0,4,0,2,20.0,1,11,9,20,7.0,3,0,41,1,0,0,Wilson Odobert,Burnley,1142679,6,MF
2,0,0.0,45,5,41.67,87,115,202,89.78,5,55.56,4,10,0,0,0,0,40,0,0,4,1,5,10,0,0,16,6,37,0,1,0.42,0.32,6,0,16.67,0,1,1,8,8,0,1,0,,58,63.74,0,0,0,23,13,2,0,9,712,0,,0,0,0,0,0.0,0,0,0,0,58,3,0,7.0,0,1,0,0,0,0,0,0,712.0,0.0,0,4,2,0,2,12,70.59,0,36,24,66.67,2,4,17,1,63,63.0,12,104,122,225,70.0,6,1,371,10,0,0,David Ozoh,Derby County,1212155,27,MF
18,1,7.69,170,41,36.94,389,520,908,86.56,28,50.91,27,21,0,0,0,0,72,0,0,1,4,74,19,0,0,17,8,62,0,3,0.67,0.28,6,0,16.67,3,1,1,17,17,0,1,0,,39,52.7,0,0,0,141,19,11,0,15,1401,1,,0,0,0,0,0.0,0,0,0,0,185,3,0,7.0,0,1,0,0,0,0,0,0,1401.0,0.0,0,3,3,2,3,8,66.67,0,24,15,62.5,11,46,12,13,67,51.94,111,506,556,1049,133.0,6,0,1283,7,0,0,Jonathan Howson,Middlesbrough,16589,36,DF
0,0,0.0,2,4,12.5,4,1,5,15.15,3,100.0,0,2,0,0,0,0,13,0,0,0,1,2,1,0,0,0,0,0,0,0,0.0,,0,0,0.0,13,0,0,0,0,0,0,0,0.26,0,0.0,0,2,0,28,0,0,0,1,91,0,,0,0,0,0,0.0,0,0,0,0,28,0,1,7.0,0,0,1,1,2,3,0,0,0.0,0.0,0,0,0,0,0,0,0.0,1,0,0,0.0,0,0,0,0,3,100.0,32,29,4,33,7.0,0,0,43,0,0,0,Liam Roberts,Millwall,879657,25,GK
8,15,24.59,468,16,43.24,755,269,1009,83.05,23,28.4,58,46,2,0,0,0,122,9,11,27,10,6,46,0,0,112,33,297,1,0,6.05,11.43,43,0,10.47,0,9,11,26,23,3,9,0,,175,42.27,0,0,1,206,8,73,3,43,3567,5,,0,0,0,0,0.0,0,0,0,0,539,20,0,7.0,0,6,0,0,0,0,0,0,396.33,0.0,3,60,26,31,28,51,48.57,0,57,33,57.89,73,17,105,61,198,40.0,37,973,303,1215,321.8,86,1,2001,67,1,0,Brenden Aaronson,Leeds United,973431,34,MF
66,4,16.67,241,81,34.47,550,1072,1618,82.05,108,67.92,51,37,2,0,0,0,141,1,2,7,7,202,37,0,0,11,23,114,0,3,0.98,1.53,22,0,0.0,30,0,2,40,35,5,0,0,,64,50.39,0,0,0,354,36,11,0,37,3215,3,,1,0,0,0,0.0,0,0,0,0,455,2,0,6.99,0,0,0,0,0,0,0,0,0.0,0.0,0,23,7,12,11,11,61.11,0,35,22,62.86,11,164,18,24,172,60.14,235,816,1180,1972,258.8,30,2,2674,22,6,0,Sean McLoughlin,Hull City,891514,96,DF
157,0,0.0,66,324,43.72,163,665,828,65.98,13,100.0,0,37,0,0,0,0,332,0,0,0,12,55,37,0,1,0,2,2,2,3,0.08,,1,0,0.0,230,0,0,43,35,8,0,0,-3.48,6,75.0,0,28,0,427,0,0,0,37,3330,0,,0,0,0,0,0.0,4,0,1,0,434,0,20,6.99,1,0,20,49,39,88,0,18,0.0,0.0,0,0,0,0,0,1,100.0,19,1,1,100.0,0,221,1,1,19,90.48,741,505,751,1255,258.8,0,1,1660,5,6,0,Freddie Woodman,Preston North End,284417,21,GK
63,0,0.0,24,169,32.63,89,1383,1472,80.09,15,100.0,0,44,0,0,0,0,335,0,0,0,6,56,44,0,0,0,0,0,1,5,0.04,,0,0,0.0,278,0,0,52,46,6,0,0,1.6,6,100.0,0,32,0,366,0,0,0,44,3960,0,,0,0,0,0,0.0,6,0,1,0,374,0,18,6.99,0,0,27,85,33,121,2,22,0.0,0.0,0,0,0,0,0,1,100.0,25,0,0,0.0,0,117,1,0,21,100.0,518,380,1458,1838,307.7,0,4,2259,5,3,0,Ivor Pandur,Hull City,943212,96,GK
77,6,35.29,156,118,37.82,411,1028,1433,79.17,80,56.74,61,39,0,0,0,0,122,2,0,6,11,219,39,0,0,9,14,121,2,0,1.2,1.86,33,0,13.64,37,3,3,49,47,2,3,0,,81,57.45,2,0,1,377,45,9,0,36,3248,3,,1,0,0,1,0.0,0,0,0,0,451,5,0,6.99,0,0,0,0,0,0,0,0,1082.67,0.0,0,18,4,9,7,9,56.25,0,54,35,64.81,9,181,16,17,161,57.09,312,690,1137,1810,272.7,22,1,2478,21,8,0,Ben Wilmot,Stoke City,862796,29,DF
12,18,26.09,154,26,41.27,244,111,337,67.94,24,28.92,59,24,1,0,0,0,113,6,0,13,4,18,24,0,0,69,12,228,0,0,3.18,2.11,41,0,13.33,0,4,5,18,14,4,3,1,,180,51.58,0,0,0,159,9,27,3,24,2029,5,,0,0,0,0,0.0,0,0,0,0,408,15,0,6.99,0,1,0,0,0,0,0,0,507.25,0.0,0,20,10,5,12,51,50.5,0,66,43,65.15,27,37,101,69,204,47.22,63,431,134,496,167.8,30,0,1096,63,4,0,Romain Esse,Millwall,1438837,25,MF
25,0,0.0,173,31,27.68,386,481,867,80.13,79,61.72,49,35,0,0,0,0,125,2,4,8,6,99,35,0,0,16,13,115,0,1,1.27,3.19,30,0,11.11,0,3,3,42,34,8,2,1,,107,61.85,1,0,1,215,31,17,1,35,2913,1,,0,0,0,0,0.0,0,0,0,0,296,11,0,6.99,0,1,0,0,0,0,0,0,971.0,0.0,0,21,6,8,11,10,55.56,0,61,35,57.38,17,54,18,6,186,61.79,112,526,562,1082,244.7,27,2,1559,41,8,0,Sam Field,Queens Park Rangers,839819,1,MF
45,2,25.0,124,80,37.91,415,729,1142,83.54,67,60.91,43,22,1,0,0,0,66,3,1,0,3,132,21,0,0,2,5,61,0,0,0.76,0.76,12,0,0.0,22,0,1,30,24,6,0,0,,29,61.7,0,0,0,225,20,6,0,21,1854,0,,0,0,0,0,0.0,0,0,0,0,247,1,0,6.99,0,0,0,0,0,0,0,0,0.0,0.0,0,6,2,5,3,0,0.0,0,22,10,45.45,6,110,0,8,96,61.15,211,583,792,1367,146.8,8,0,1639,7,7,0,Luis Binks,Coventry City,966560,11,DF
32,5,18.52,212,43,45.74,389,481,865,83.82,25,47.17,28,28,1,0,0,0,95,2,0,6,2,69,27,0,0,14,31,103,0,0,1.54,0.44,16,0,7.69,0,1,2,21,20,1,0,1,,114,60.32,0,0,0,167,19,15,0,17,1662,2,,0,0,0,0,0.0,0,0,0,0,289,4,0,6.99,0,1,0,0,0,0,0,0,1662.0,0.0,0,2,11,6,1,17,51.52,0,74,49,66.22,15,62,33,27,139,57.44,94,510,549,1032,188.7,13,1,1579,23,2,0,Cody Drameh,Hull City,991577,96,DF
33,29,38.67,226,30,38.96,430,428,829,79.1,21,29.58,50,33,6,0,0,0,103,5,7,12,3,24,33,0,0,25,29,150,0,1,3.14,5.84,36,0,12.82,0,5,11,43,37,6,5,0,,102,50.5,1,0,1,219,23,45,1,25,2289,6,,0,0,0,0,0.0,0,0,0,0,355,10,0,6.99,0,2,0,0,0,0,0,0,457.8,0.0,6,27,12,12,15,9,42.86,0,48,27,56.25,45,90,21,75,123,45.05,77,651,472,1048,230.6,39,2,1515,47,4,0,Emiliano Marcondes,Norwich City,186809,263,MF
38,3,23.08,82,54,45.0,191,434,622,81.2,46,68.66,21,16,1,0,0,0,70,1,0,2,4,62,16,0,0,5,15,67,0,0,0.95,0.53,23,0,0.0,0,0,1,18,17,1,0,0,,36,43.9,0,0,0,144,19,5,0,16,1365,1,,0,0,0,0,0.0,0,0,0,0,186,4,0,6.99,0,0,0,0,0,0,0,0,0.0,0.0,0,7,2,6,1,9,64.29,0,24,13,54.17,5,69,14,13,82,55.03,120,299,480,766,111.8,9,0,1038,3,5,0,Hayden Carter,Blackburn Rovers,970437,46,DF
15,0,0.0,152,52,52.0,469,874,1343,92.43,78,70.27,33,27,0,0,0,0,88,1,1,1,6,132,27,0,0,1,9,59,0,1,0.69,0.25,15,0,0.0,10,0,0,33,30,3,0,0,,38,59.38,0,0,1,110,26,3,0,23,2132,1,,0,0,0,0,0.0,0,0,0,0,136,2,0,6.99,1,0,0,0,0,0,0,0,0.0,0.0,0,4,0,3,0,4,80.0,0,26,14,53.85,3,28,5,1,116,66.29,100,536,918,1453,188.6,4,1,1746,8,2,1,Rav van den Berg,Middlesbrough,1014493,36,DF
8,12,15.38,191,15,27.78,354,166,508,77.09,24,50.0,24,27,4,0,0,0,96,6,1,5,0,34,26,0,0,21,19,105,0,1,3.7,1.16,20,0,13.64,0,3,7,21,16,5,2,1,,69,46.0,0,0,0,151,18,22,1,21,1718,5,,0,0,0,0,0.0,0,0,0,0,294,9,0,6.98,0,2,0,0,0,0,0,0,572.67,0.0,0,19,3,7,10,22,51.16,0,27,17,62.96,22,37,43,78,93,46.97,54,547,190,659,181.6,22,2,1047,20,5,0,Mark Sykes,Bristol City,560196,58,MF
23,21,29.17,123,22,21.78,220,297,496,74.47,11,26.19,31,24,0,0,0,0,75,2,3,2,8,60,24,0,1,16,13,114,0,0,2.65,1.14,34,0,12.5,0,1,1,17,15,2,1,0,,98,54.14,0,0,1,170,19,20,1,21,1873,4,,0,1,0,0,0.0,0,0,0,0,332,4,0,6.98,1,0,0,0,0,0,0,0,1873.0,0.0,0,7,1,4,2,22,52.38,0,63,38,60.32,19,55,42,72,109,48.88,101,380,358,666,167.6,8,0,1266,13,3,0,Owen Beck,Blackburn Rovers,979114,46,DF
12,2,7.41,153,20,47.62,224,100,322,76.3,23,47.92,25,17,1,0,0,0,60,2,3,15,5,28,17,0,0,30,10,96,0,0,1.42,3.17,12,0,5.26,0,2,3,21,16,5,1,1,,75,51.37,0,0,2,100,9,13,0,17,1516,0,,0,0,0,0,0.0,0,0,0,0,225,12,0,6.98,0,2,0,0,0,0,0,0,758.0,0.0,3,14,24,12,11,22,53.66,0,20,10,50.0,13,32,41,27,98,50.52,42,331,118,422,118.7,38,0,773,33,1,0,Thelo Aasgaard,Luton Town,1065989,72,MF
15,0,0.0,22,50,39.68,101,390,491,77.44,40,51.28,38,17,0,0,0,0,58,0,1,1,4,94,17,0,0,3,3,59,0,0,0.37,0.26,16,0,25.0,14,1,1,17,16,1,1,0,,31,59.62,1,0,0,143,21,2,0,16,1373,0,,0,1,0,0,0.0,0,0,0,0,153,0,0,6.98,0,0,0,0,0,0,0,0,1373.0,0.0,0,4,0,1,2,3,75.0,0,22,17,77.27,1,45,4,1,71,54.62,126,198,437,634,118.7,4,0,839,6,1,0,Benjamin Nelson,Oxford United,1391844,95,DF
21,0,0.0,289,33,35.11,613,660,1273,84.98,26,43.33,34,33,1,0,0,0,111,3,0,1,7,76,33,0,0,28,17,128,0,0,1.14,0.25,23,0,66.67,0,2,3,33,30,3,2,0,,146,60.83,0,0,0,225,27,13,1,27,2531,0,,1,0,0,0,0.0,0,0,0,0,371,11,0,6.98,0,1,0,0,0,0,0,0,1265.5,0.0,0,2,1,0,2,32,54.24,0,68,41,60.29,13,42,59,20,172,57.33,94,770,748,1498,230.4,3,1,2293,46,5,0,Anfernee Jamal Dijksteel,Middlesbrough,869199,36,DF
12,0,0.0,26,26,38.81,92,283,375,80.13,27,58.7,19,13,1,0,0,0,35,0,1,1,2,41,13,0,0,2,6,38,0,0,0.66,0.3,10,0,0.0,19,0,1,11,9,2,0,0,,32,62.75,0,0,0,93,24,2,0,11,942,0,,0,0,0,0,0.0,0,0,0,0,103,0,0,6.98,0,0,0,0,0,0,0,0,0.0,0.0,0,3,1,2,1,1,50.0,0,17,13,76.47,2,30,2,0,59,60.82,67,153,315,468,90.7,4,1,616,14,2,0,Akin Famewo,Sheffield Wednesday,999810,12,DF
59,29,21.64,282,104,43.88,624,643,1238,79.26,55,56.7,42,39,3,0,0,0,167,6,0,10,2,98,39,0,0,26,31,150,3,2,3.88,1.35,40,1,3.33,0,1,4,68,62,6,0,1,,130,54.62,0,0,1,324,49,43,0,39,3385,2,,0,0,0,0,0.0,0,0,0,1,522,9,0,6.97,0,1,0,0,0,0,0,0,3385.0,10.0,10,3,27,13,7,21,58.33,0,66,39,59.09,43,130,36,134,185,55.22,237,961,735,1562,272.0,30,2,2229,44,7,0,Adam Randell,Plymouth Argyle,964115,71,MF
46,8,32.0,341,83,52.87,639,540,1171,81.49,30,40.54,44,46,4,0,0,0,180,4,1,9,6,63,46,0,0,31,28,150,0,0,2.99,2.05,42,0,10.0,0,3,7,44,36,8,3,0,,128,54.7,0,0,1,266,66,28,0,44,3631,1,,0,0,0,1,0.0,0,0,0,0,369,20,0,6.97,0,3,0,0,0,0,0,0,1210.33,0.0,0,14,16,14,7,12,66.67,0,105,65,61.9,28,88,18,25,158,51.3,157,845,617,1437,320.7,30,0,1987,11,5,0,Casper De Norre,Millwall,823654,25,MF
14,0,0.0,54,67,42.95,180,598,778,81.13,80,63.49,46,27,1,0,0,0,80,1,1,8,6,144,27,0,0,8,10,92,1,0,0.82,0.91,30,0,11.11,6,2,3,37,30,7,2,0,,45,49.45,2,0,0,181,28,5,0,27,2430,0,,0,0,0,0,0.0,0,0,0,0,219,2,0,6.97,0,0,0,0,0,0,0,0,1215.0,0.0,0,18,0,3,7,1,100.0,0,38,21,55.26,5,38,1,3,125,57.6,156,307,655,959,188.2,18,2,1329,7,3,0,Curtis Nelson,Derby County,115434,27,DF
35,11,23.91,337,72,50.0,753,590,1332,81.72,52,55.91,41,42,2,0,0,0,143,5,0,19,11,78,40,0,0,31,20,148,0,1,2.95,2.1,37,0,0.0,0,0,2,30,26,4,0,0,,115,51.8,0,0,0,298,20,26,0,32,2945,1,,0,0,0,0,0.0,0,0,0,0,428,9,0,6.97,0,0,0,0,0,0,0,0,0.0,0.0,0,22,17,9,11,15,42.86,0,66,35,53.03,26,76,35,46,167,53.02,144,1020,656,1630,278.8,39,1,2167,35,6,0,Sydie Peck,Sheffield United,1391824,15,MF
17,0,0.0,39,52,52.0,223,749,972,90.25,65,69.89,28,21,0,0,0,0,46,1,1,0,5,140,20,0,0,1,5,46,1,0,0.5,0.45,12,0,0.0,10,0,0,19,17,2,0,0,,14,43.75,0,0,0,105,21,2,0,15,1416,3,,0,0,0,0,0.0,0,0,0,0,113,0,0,6.97,0,0,0,0,0,0,0,0,0.0,0.0,0,4,0,2,2,1,100.0,0,8,3,37.5,2,30,1,0,79,63.2,100,296,781,1077,139.4,4,1,1313,7,1,0,Dael Fry,Middlesbrough,548194,36,DF
11,24,24.74,313,33,64.71,510,225,711,83.94,6,31.58,13,40,5,0,0,0,90,9,1,28,0,12,40,0,0,33,18,151,0,0,5.04,3.84,15,0,4.84,0,3,8,26,23,3,3,0,,121,46.72,1,0,1,136,11,45,1,25,2092,10,,0,1,0,0,0.0,0,0,0,0,375,13,0,6.97,0,1,0,0,0,0,0,0,697.33,0.0,2,30,32,17,17,76,51.01,0,26,17,65.38,44,28,149,97,127,45.68,51,694,250,847,278.7,62,0,1397,19,3,0,Mikey Johnston,West Bromwich Albion,847125,8,MF
50,2,33.33,122,74,37.76,398,673,1069,81.11,80,58.82,56,27,1,0,0,0,72,1,4,5,7,144,27,0,0,5,8,97,1,0,1.21,1.44,24,0,0.0,8,0,1,30,25,5,0,0,,60,59.41,0,0,1,249,19,14,0,26,2284,5,,1,0,0,0,0.0,0,0,0,0,281,0,0,6.97,0,0,0,0,0,0,0,0,0.0,0.0,0,13,1,5,4,4,50.0,0,35,18,51.43,14,113,8,6,140,59.07,196,576,748,1318,188.1,14,0,1681,22,7,0,Liam Kitching,Coventry City,921006,11,DF
34,0,0.0,144,63,29.86,408,699,1107,77.2,100,65.36,53,35,1,0,0,0,120,2,1,6,10,106,35,0,0,12,13,108,1,0,0.79,1.25,28,0,5.26,1,1,2,45,39,6,1,0,,95,63.33,0,0,0,327,57,11,0,35,3064,1,,0,0,0,0,0.0,0,0,0,0,408,2,0,6.97,0,1,0,0,0,0,0,0,3064.0,0.0,0,17,2,11,2,8,66.67,0,52,33,63.46,11,106,12,15,195,64.36,211,666,783,1434,243.8,19,2,2029,36,6,0,Jordan Storey,Preston North End,845941,21,DF
9,12,23.53,84,18,19.57,177,189,354,63.1,71,59.17,49,20,2,0,0,0,74,5,1,3,6,113,20,0,0,12,15,105,0,0,2.25,0.93,22,0,0.0,0,0,2,22,19,3,0,0,,49,46.67,0,0,0,207,30,15,0,18,1635,2,,0,0,0,0,0.0,0,0,0,0,367,4,0,6.97,0,0,0,0,0,0,0,0,0.0,0.0,0,9,1,6,1,5,35.71,0,35,23,65.71,15,27,14,51,120,53.33,92,359,253,561,139.3,10,0,1099,10,1,0,Tristan Crama,Millwall,1018087,25,DF
38,0,0.0,92,98,45.58,369,818,1187,82.89,102,69.86,44,34,1,0,0,0,86,3,1,3,5,215,34,0,1,2,6,74,2,1,0.7,1.4,19,0,4.35,32,1,2,53,45,8,1,0,,54,64.29,1,0,0,245,35,7,0,33,2920,1,,0,0,0,0,0.0,0,0,0,0,274,0,0,6.96,1,0,0,0,0,0,0,0,2920.0,0.0,0,23,0,15,5,7,58.33,0,41,19,46.34,7,84,12,1,156,67.83,215,538,895,1432,236.7,23,3,1870,6,3,0,Dimitris Goutas,Cardiff City,257497,61,DF
15,2,8.0,222,8,33.33,368,171,537,60.68,234,50.65,228,41,2,0,0,0,81,4,13,17,4,54,41,0,0,59,20,378,0,0,2.97,8.43,61,0,12.5,0,8,10,42,35,7,8,0,,95,38.78,2,0,1,348,5,32,3,37,3133,28,,0,0,2,0,100.0,0,2,0,0,550,15,0,6.96,0,3,0,0,0,0,0,0,391.63,0.0,0,63,1,19,28,21,63.64,0,16,9,56.25,32,37,33,25,329,46.53,24,705,205,885,285.4,64,1,1430,59,10,0,Carlton Morris,Luton Town,358222,72,FW
16,0,0.0,65,181,28.11,156,206,362,43.77,12,100.0,0,25,0,0,0,0,231,0,0,0,2,31,25,0,0,0,1,1,0,0,0.08,,0,0,0.0,237,0,0,39,37,2,0,0,8.44,1,50.0,0,21,0,465,1,1,0,25,2250,0,,0,0,0,0,0.0,1,0,0,0,472,0,17,6.96,0,0,10,63,22,85,0,14,0.0,0.0,0,0,0,0,0,0,0.0,9,0,0,0.0,1,28,0,0,13,92.86,644,576,251,827,174.0,0,3,1069,3,4,0,Conor Hazard,Plymouth Argyle,843788,71,GK
32,7,17.5,298,51,41.46,623,398,1014,82.04,26,57.78,19,39,3,0,0,0,139,5,0,15,3,30,37,0,0,23,25,114,0,1,2.51,2.84,36,0,7.14,0,3,6,38,32,6,1,2,,82,46.33,0,0,1,222,23,27,0,25,2349,1,,0,0,0,0,0.0,0,0,0,0,329,12,0,6.96,0,3,0,0,0,0,0,0,783.0,0.0,0,12,30,16,11,9,39.13,0,40,29,72.5,27,72,23,40,108,48.65,123,826,450,1236,257.5,42,3,1635,33,8,0,Josh Eccles,Coventry City,944245,11,MF
10,10,29.41,163,9,39.13,249,109,348,80.56,15,40.54,22,34,2,0,0,0,70,3,6,18,0,8,34,0,0,37,17,131,0,1,3.48,6.07,20,0,15.22,0,7,9,8,8,0,7,0,,107,49.54,0,0,1,84,11,29,5,22,1738,5,,0,0,0,0,0.0,0,0,0,0,243,8,0,6.96,0,2,0,0,0,0,0,0,248.29,0.0,0,40,6,11,17,47,54.65,0,37,22,59.46,29,17,86,34,122,48.22,23,331,135,432,236.6,46,2,841,23,1,0,Jesurun Rak-Sakyi,Sheffield United,1101362,15,MF
70,3,15.79,93,116,37.54,280,820,1097,78.47,74,66.67,37,31,0,0,0,0,60,0,1,5,6,171,31,0,0,2,5,55,0,0,1.2,1.45,12,0,10.53,44,2,2,41,33,8,2,0,,37,67.27,1,0,0,301,24,7,0,31,2622,0,,0,0,0,0,0.0,0,0,0,0,347,1,0,6.96,0,1,0,0,0,0,0,0,1311.0,0.0,0,16,3,6,8,2,100.0,0,19,14,73.68,7,140,2,19,111,66.87,309,523,894,1398,215.7,19,1,1787,18,4,0,Steve Cook,Queens Park Rangers,42707,1,DF
23,22,20.75,272,19,38.0,468,231,677,76.67,28,31.82,60,43,2,0,0,0,105,9,7,31,2,20,42,0,0,36,14,177,0,0,4.67,6.62,21,0,8.54,0,7,9,32,25,7,4,3,,99,45.83,1,0,2,206,20,38,0,34,2942,19,,0,0,0,0,0.0,0,0,0,0,446,23,0,6.96,0,6,0,0,0,0,0,0,420.29,0.0,2,50,32,22,29,39,45.35,0,30,17,56.67,38,43,86,106,127,41.78,50,698,291,883,292.2,82,1,1484,30,2,0,Karlan Grant,West Bromwich Albion,609596,8,MF
36,5,25.0,350,61,59.8,667,661,1323,87.91,34,45.33,41,37,1,0,0,0,157,1,2,8,4,50,37,0,1,26,27,154,0,2,1.91,3.52,42,0,12.9,0,4,5,29,24,5,4,0,,116,50.66,0,0,0,182,26,18,2,30,2714,1,,0,0,0,0,0.0,0,0,0,1,295,18,0,6.96,1,2,0,0,0,0,0,0,678.5,0.0,0,20,11,10,13,24,54.55,0,50,31,62.0,18,67,44,20,150,49.34,102,817,708,1505,257.4,31,0,1950,43,10,0,Jayson Molumby,West Bromwich Albion,856718,8,MF
4,5,23.81,59,4,57.14,78,26,99,73.33,9,69.23,4,9,0,0,0,0,20,2,3,1,0,7,9,0,0,7,5,25,0,0,0.46,1.85,5,0,9.09,0,1,1,5,5,0,1,0,,16,43.24,0,0,2,36,3,7,0,6,478,1,,0,0,0,0,0.0,0,0,0,0,78,4,0,6.96,0,1,0,0,0,0,0,0,478.0,0.0,0,10,1,4,6,6,60.0,0,10,8,80.0,7,6,10,21,25,50.0,7,126,30,135,62.6,11,0,234,0,0,0,Ryan Longman,Hull City,991569,96,MF
2,7,18.92,119,5,27.78,227,104,324,71.21,87,54.72,72,23,0,0,0,0,57,3,2,9,1,33,22,0,0,23,21,174,0,0,1.79,2.47,34,0,21.74,0,5,5,18,17,1,5,0,,81,44.26,2,0,0,131,18,15,2,18,1484,6,,0,0,0,0,0.0,0,0,0,0,259,7,0,6.95,1,1,0,0,0,0,0,0,296.8,0.0,0,19,4,7,7,13,33.33,0,51,32,62.75,15,4,39,37,168,49.12,18,361,131,455,153.0,23,1,849,17,8,1,Ross McCrorie,Bristol City,795828,58,MF
48,0,0.0,70,71,38.59,237,843,1080,78.72,140,75.27,46,35,1,0,0,0,96,3,3,6,8,222,34,0,0,10,11,104,0,0,0.49,1.87,38,0,4.55,28,1,2,39,33,6,1,0,,61,51.26,1,0,0,292,49,6,0,29,2625,5,,0,0,0,2,0.0,0,0,0,0,328,0,0,6.95,2,0,0,0,0,0,0,0,2625.0,0.0,0,22,0,11,5,0,0.0,0,39,23,58.97,6,105,1,1,201,65.9,184,433,940,1372,236.4,22,2,1872,22,6,2,Liam Lindsay,Preston North End,331219,21,DF
52,2,22.22,143,73,47.71,435,991,1424,87.85,63,62.38,38,33,0,0,0,0,80,3,2,0,8,116,33,0,0,6,12,87,0,0,1.37,0.92,30,0,0.0,14,0,0,33,26,7,0,0,,88,64.23,0,0,0,197,29,6,0,29,2580,1,,1,0,0,0,0.0,0,0,0,0,235,1,0,6.95,0,0,0,0,0,0,0,0,0.0,0.0,0,6,2,7,1,1,50.0,0,51,30,58.82,6,99,2,9,151,63.45,153,572,1058,1621,229.4,8,2,2007,37,5,0,Joel Latibeaudiere,Coventry City,859763,11,DF
39,21,24.42,306,50,61.73,617,540,1136,87.59,17,53.13,15,36,1,0,0,0,86,1,1,10,2,18,35,0,0,16,11,70,1,1,2.63,3.15,16,1,8.82,0,3,4,15,12,3,1,2,,68,55.28,0,0,3,161,6,35,2,19,1756,2,,0,0,0,0,0.0,0,0,0,0,290,6,0,6.95,0,1,0,0,0,0,0,0,585.33,20.0,5,13,21,17,7,12,48.0,0,35,19,54.29,35,67,25,86,85,54.84,81,794,589,1297,243.3,34,1,1634,21,4,0,John Swift,West Bromwich Albion,190863,8,MF
34,13,23.64,247,80,29.96,481,460,928,67.79,175,60.34,115,45,1,0,0,0,101,4,4,7,9,167,45,0,0,7,13,170,0,0,1.99,4.39,30,0,10.26,5,4,5,71,60,11,4,0,,99,64.29,0,0,2,441,58,30,2,45,4028,5,,1,0,0,1,0.0,0,0,0,0,696,4,0,6.95,0,2,0,0,0,0,0,0,1007.0,0.0,0,32,7,23,9,8,47.06,0,44,27,61.36,30,111,17,55,274,61.71,267,884,540,1369,312.8,39,1,2438,55,5,0,Connor Ogilvie,Portsmouth,284427,2,DF
4,1,9.09,17,1,14.29,26,15,40,63.49,1,50.0,1,4,0,0,0,0,11,0,1,0,1,5,4,0,0,7,1,11,0,0,0.2,0.76,0,0,14.29,0,1,1,4,4,0,1,0,,7,41.18,0,0,0,23,2,3,1,2,193,0,,0,0,0,0,0.0,0,0,0,0,49,3,0,6.95,0,0,0,0,0,0,0,0,193.0,0.0,0,5,2,1,6,3,60.0,0,3,2,66.67,3,8,5,11,8,42.11,7,55,19,63,27.8,7,0,123,1,0,0,Camiel Neghli,Millwall,1089021,25,MF
6,5,55.56,34,2,40.0,67,36,98,83.05,3,42.86,4,6,0,0,0,0,19,0,0,1,0,6,6,0,0,2,0,14,0,0,1.01,0.24,6,0,25.0,0,1,1,3,2,1,1,0,,12,54.55,0,0,0,20,5,7,0,4,302,1,,0,0,0,0,0.0,0,0,0,0,32,0,0,6.95,0,1,0,0,0,0,0,0,302.0,0.0,0,2,2,1,2,3,60.0,0,3,2,66.67,7,9,5,9,15,51.72,5,85,42,118,41.7,4,1,172,6,1,0,Eliot Matazo,Hull City,1046150,96,MF
2,0,0.0,3,14,30.43,8,30,38,54.29,0,0.0,0,2,0,0,0,0,24,0,0,0,0,0,2,0,0,0,0,0,0,0,0.01,,0,0,0.0,15,0,0,1,1,0,0,0,1.03,1,100.0,0,4,0,32,0,0,0,1,148,0,,0,0,0,0,0.0,0,0,0,0,33,0,0,6.95,0,0,0,0,1,4,0,1,0.0,0.0,0,0,0,0,0,0,0.0,0,0,0,0.0,0,2,0,0,1,100.0,46,40,30,70,13.9,0,0,88,1,0,0,James Shea,Luton Town,137789,72,GK
1,9,40.91,51,5,38.46,149,175,315,91.04,2,18.18,9,8,0,0,0,0,34,2,1,2,0,11,8,0,0,3,4,27,0,0,0.93,0.49,7,0,0.0,0,0,0,4,4,0,0,0,,15,45.45,0,0,0,31,2,3,0,6,528,0,,0,0,0,0,0.0,0,0,0,0,64,2,0,6.95,0,0,0,0,0,0,0,0,0.0,0.0,0,3,1,0,2,2,33.33,0,10,8,80.0,3,6,6,22,17,38.64,13,180,188,346,55.6,4,0,471,3,0,0,Lucien Mahovo,Norwich City,1502653,263,DF
7,14,24.56,110,9,40.91,186,94,266,78.47,9,39.13,14,23,4,0,0,0,48,4,0,8,0,9,23,0,0,26,9,75,0,0,2.25,1.28,11,0,13.64,0,3,7,21,17,4,2,1,,69,53.08,1,0,3,73,6,23,1,15,1195,4,,0,0,0,0,0.0,0,0,0,0,203,6,0,6.95,0,1,0,0,0,0,0,0,398.33,0.0,1,8,14,6,8,18,54.55,0,15,9,60.0,23,27,33,57,78,50.98,22,284,112,339,159.8,22,1,624,37,2,0,Karamoko Dembélé,Queens Park Rangers,981046,1,MF
16,43,35.25,179,19,67.86,375,193,525,80.52,52,47.27,58,37,2,0,0,0,75,5,10,20,0,26,36,0,0,26,22,169,0,2,3.34,6.01,27,0,5.17,0,3,5,30,27,3,2,1,,115,50.88,0,0,2,127,17,36,0,28,2300,12,,0,0,0,0,0.0,0,0,0,0,319,16,0,6.95,0,3,0,0,0,0,0,0,766.67,0.0,5,40,18,25,13,36,49.32,0,38,20,52.63,36,26,73,122,167,49.7,28,548,226,652,250.1,58,1,1215,42,2,0,Ji-sung Eom,Swansea City,1002508,74,
6,0,0.0,62,20,46.51,186,279,465,82.89,14,48.28,15,16,0,0,0,0,54,0,0,4,6,31,15,0,0,3,9,40,0,1,0.14,0.25,12,0,0.0,0,0,0,11,10,1,0,0,,47,65.28,0,0,0,96,28,1,0,13,1110,0,,0,0,0,0,0.0,0,0,0,0,133,3,0,6.95,0,0,0,0,0,0,0,0,0.0,0.0,0,3,2,0,1,4,66.67,0,34,23,67.65,1,20,6,5,61,60.4,43,252,314,561,104.2,5,0,782,10,2,0,Hamza Choudhury,Sheffield United,833057,15,MF
55,20,21.51,277,47,38.21,573,428,981,78.23,91,62.33,55,37,4,0,0,0,147,4,3,5,7,46,37,0,0,18,27,148,0,2,3.8,1.46,37,0,4.76,0,1,5,46,39,7,1,0,,140,60.09,0,0,0,273,39,33,0,35,3062,0,,0,0,0,1,0.0,0,0,0,0,428,16,0,6.94,0,1,0,0,0,0,0,0,3062.0,0.0,0,10,11,12,4,23,63.89,0,64,35,54.69,33,109,36,93,231,60.95,123,859,488,1254,256.9,21,0,1786,54,7,0,Freddie Potts,Portsmouth,1089582,2,MF
5,1,5.56,212,14,29.79,368,267,634,83.2,36,50.0,36,36,1,0,0,0,58,5,0,4,6,42,28,0,0,6,5,68,0,0,1.5,0.84,19,0,6.67,0,1,2,9,7,2,1,0,,48,60.0,0,0,0,128,22,7,0,16,1437,5,,1,0,0,0,0.0,0,0,0,0,210,5,0,6.94,0,1,0,0,0,0,0,0,1437.0,0.0,0,15,0,7,4,4,50.0,0,31,19,61.29,7,20,8,18,84,55.26,47,476,304,762,194.4,15,1,1163,13,4,0,Sam Byram,Leeds United,254713,34,DF
2,1,16.67,97,7,63.64,165,62,226,62.43,106,59.89,71,27,0,0,0,2,47,1,9,19,2,35,26,0,0,26,6,137,0,1,1.59,9.15,30,0,8.62,0,5,5,15,13,2,4,1,,47,41.59,0,0,1,136,4,12,1,18,1765,12,,0,0,3,0,33.33,0,1,0,1,222,14,0,6.94,0,4,0,0,0,0,0,0,353.0,0.0,0,51,7,20,19,12,52.17,0,11,8,72.73,12,4,23,6,153,52.76,11,286,82,362,180.5,58,1,653,24,1,0,Kieffer Moore,Sheffield United,298366,15,FW
21,25,34.72,154,29,40.28,330,317,622,82.38,12,50.0,12,32,2,0,0,0,94,2,3,10,5,27,31,0,0,7,14,70,1,0,2.28,4.78,28,1,17.95,0,7,9,29,27,2,5,2,,48,45.28,0,0,1,133,17,23,0,23,2077,6,,0,0,2,0,100.0,0,2,0,0,228,7,0,6.94,0,7,0,0,0,0,0,0,296.71,50.0,2,18,21,14,15,9,50.0,0,21,7,33.33,23,51,18,72,60,46.15,72,473,354,755,215.2,39,1,1074,18,5,0,Lewis Baker,Stoke City,190859,29,MF
20,5,22.73,218,40,41.67,424,364,783,82.16,27,61.36,17,30,2,0,0,0,45,2,0,4,3,83,29,0,0,16,8,83,0,0,1.58,0.38,24,0,0.0,0,0,2,21,18,3,0,0,,73,52.52,0,0,0,170,28,12,0,27,2116,0,,0,0,0,0,0.0,0,0,0,0,284,1,0,6.94,0,0,0,0,0,0,0,0,0.0,0.0,0,4,5,3,2,14,42.42,0,47,29,61.7,12,63,33,22,100,54.64,96,566,409,953,201.3,9,1,1496,12,5,0,Alfie Gilchrist,Sheffield United,1114837,15,DF
23,33,23.74,249,38,29.01,483,458,908,73.82,77,60.63,50,42,3,0,0,0,135,5,0,8,5,107,42,0,0,19,28,159,0,0,3.69,1.22,37,0,7.69,0,2,5,62,53,9,1,1,,145,57.09,1,0,0,322,34,49,1,41,3553,2,,0,1,0,2,0.0,0,0,0,1,691,12,0,6.94,0,0,0,0,0,0,0,0,1776.5,0.0,0,16,10,9,9,26,49.06,0,77,55,71.43,48,71,53,139,222,58.27,131,810,559,1230,291.5,26,2,2238,44,7,0,Callum O'Dowda,Cardiff City,305230,61,DF
31,9,14.75,235,50,64.94,450,424,865,89.45,5,38.46,8,23,1,0,0,0,47,5,0,4,2,11,23,0,0,8,10,45,0,3,2.54,0.34,16,0,12.5,0,1,2,21,20,1,0,1,,36,49.32,0,0,0,102,10,24,0,12,1166,2,,0,0,0,0,0.0,0,0,0,0,177,6,0,6.94,0,1,0,0,0,0,0,0,1166.0,0.0,3,2,6,2,2,4,50.0,0,16,11,68.75,24,42,8,61,41,47.67,77,584,444,967,159.6,8,0,1161,16,2,0,Daniel Barlaser,Middlesbrough,817564,36,MF
9,13,19.12,269,18,51.43,387,113,487,76.33,11,31.43,24,42,1,0,0,0,96,7,5,31,4,18,42,0,0,48,32,211,0,1,4.67,10.3,43,0,14.29,0,12,13,34,30,4,11,1,,104,35.74,0,0,3,151,7,41,2,29,2576,9,,0,0,2,0,100.0,0,2,0,0,377,21,0,6.94,0,10,0,0,0,0,0,0,214.67,0.0,0,63,21,22,31,39,36.79,0,34,22,64.71,41,24,106,68,115,35.28,35,559,147,638,291.4,84,3,1193,31,3,0,Anis Mehmeti,Bristol City,1007072,58,MF
76,5,14.29,373,152,35.68,919,1211,2125,80.22,73,51.41,69,46,0,0,0,0,180,1,4,3,10,187,46,0,0,5,24,133,0,2,1.88,2.88,35,0,6.67,0,1,1,55,48,7,1,0,,78,54.93,0,0,1,524,44,12,0,46,4140,1,,0,0,0,0,0.0,0,0,0,0,663,4,0,6.94,0,1,0,0,0,0,0,0,4140.0,0.0,0,10,5,11,1,2,66.67,0,67,51,76.12,12,219,3,35,151,53.17,426,1360,1324,2649,319.1,15,2,3457,9,3,0,Zak Vyner,Bristol City,829186,58,DF
12,2,20.0,102,7,35.0,186,99,283,60.6,128,63.05,75,41,4,0,0,0,38,7,10,11,0,49,41,0,0,22,5,152,0,0,3.27,8.0,45,0,13.33,0,8,12,28,26,2,7,1,,30,28.04,1,0,3,184,6,31,2,16,1849,11,,0,0,1,0,100.0,0,1,0,0,266,13,0,6.94,0,5,0,0,0,0,0,0,231.13,0.0,0,53,7,23,26,7,38.89,0,14,10,71.43,31,25,18,10,158,50.97,20,348,129,467,284.4,60,1,760,11,3,0,Michael Smith,Sheffield Wednesday,112761,12,FW
36,1,7.69,118,52,33.77,352,770,1121,83.47,59,59.0,41,33,0,0,0,0,105,0,0,2,5,149,33,0,0,7,35,127,0,1,1.04,2.94,45,0,17.65,1,3,3,35,32,3,3,0,,107,55.44,0,0,0,222,37,13,0,27,2484,4,,0,0,0,0,0.0,0,0,0,0,300,1,0,6.94,0,3,0,0,0,0,0,0,828.0,0.0,0,17,0,11,4,2,50.0,0,58,40,68.97,13,84,4,13,166,56.66,154,508,848,1343,228.9,17,1,1897,49,9,0,Ryan Porteous,Preston North End,889776,21,DF
9,0,0.0,73,10,50.0,180,144,324,88.04,6,31.58,13,13,1,0,0,0,28,0,2,3,1,9,11,0,0,8,9,45,0,0,0.27,1.03,9,0,10.0,0,1,2,7,4,3,1,0,,45,58.44,0,0,0,44,8,7,0,6,669,0,,0,0,0,0,0.0,0,0,0,1,75,1,0,6.94,0,1,0,0,0,0,0,0,669.0,0.0,0,5,5,3,4,8,57.14,0,20,15,75.0,7,16,14,5,51,53.13,20,222,151,368,76.3,10,0,489,17,4,0,Tom Davies,Sheffield United,795058,15,MF
7,1,6.67,220,16,88.89,299,128,426,86.59,9,23.68,29,36,1,0,0,2,33,1,12,16,1,9,36,0,0,28,9,103,0,0,1.61,12.23,16,0,22.41,0,13,14,30,27,3,12,1,,53,41.73,2,0,3,66,3,28,1,27,2362,22,,0,0,4,0,50.0,0,2,0,1,175,4,0,6.94,0,10,0,0,0,0,0,0,181.69,0.0,0,52,6,14,28,12,34.29,0,15,10,66.67,28,9,35,15,62,37.58,18,365,142,492,249.7,58,1,792,27,2,0,Tommy Conway,Middlesbrough,1104987,36,FW
14,3,20.0,192,22,55.0,329,249,575,78.23,51,32.69,105,42,3,0,0,0,88,6,7,21,2,40,42,0,0,29,25,216,0,0,2.22,9.2,41,1,15.28,0,11,14,43,38,5,9,2,,77,40.96,2,0,0,160,8,30,5,35,3017,4,,0,1,0,0,0.0,0,0,0,0,281,16,0,6.94,0,4,0,0,0,0,0,0,274.27,33.33,3,53,19,26,25,12,38.71,0,37,19,51.35,29,31,31,15,128,37.21,40,471,279,735,291.3,72,1,1148,28,8,0,Liam Cullen,Swansea City,1006994,74,MF
15,11,31.43,131,14,58.33,229,152,370,68.27,72,37.5,120,37,6,0,0,0,91,9,6,1,0,33,37,0,0,28,13,230,0,0,3.56,5.58,44,1,28.57,0,10,16,40,37,3,9,1,,70,38.89,2,0,3,172,12,35,1,27,2311,15,,0,0,0,0,0.0,0,0,0,0,324,16,0,6.94,0,6,0,0,0,0,0,0,231.1,50.0,2,25,10,16,18,12,30.0,0,30,17,56.67,35,24,40,35,142,38.17,24,384,193,542,256.6,35,1,931,29,4,0,Mustapha Bundu,Plymouth Argyle,849623,71,FW
15,11,22.45,258,28,33.33,582,614,1185,85.81,52,48.15,56,35,3,0,0,0,106,6,0,8,8,125,35,0,0,19,22,147,0,0,2.53,1.39,31,0,5.26,0,1,4,37,33,4,1,0,,109,54.5,0,0,0,196,40,22,1,34,2898,4,,0,0,0,0,0.0,0,0,0,0,342,4,0,6.93,0,0,0,0,0,0,0,0,2898.0,0.0,0,13,6,7,4,16,44.44,0,65,39,60.0,22,34,36,49,161,52.27,84,733,697,1381,242.7,19,0,2120,31,4,0,Neto Borges,Middlesbrough,920008,36,DF
61,14,34.15,286,73,37.63,554,480,1020,76.63,50,56.18,39,35,1,0,0,0,134,2,1,8,5,92,35,0,0,25,18,138,0,1,2.46,1.61,35,0,4.0,9,1,2,45,38,7,1,0,,160,61.78,1,0,0,311,26,29,0,31,2790,0,,0,0,0,1,0.0,0,0,0,0,483,7,0,6.93,0,0,0,0,0,0,0,0,2790.0,0.0,5,12,13,10,7,28,54.9,0,79,49,62.03,29,123,51,41,210,60.34,194,809,563,1331,242.7,25,0,2169,54,9,0,Perry Ng,Cardiff City,582190,61,DF
33,46,34.07,165,37,41.57,318,178,450,70.42,14,18.92,60,38,3,0,0,0,103,14,5,20,4,18,38,0,1,56,26,232,0,0,5.26,6.37,59,1,7.04,0,5,8,36,29,7,4,1,,118,40.69,1,0,2,189,8,46,0,29,2441,8,,0,0,2,0,100.0,0,2,0,0,438,19,0,6.93,2,4,0,0,0,0,0,0,488.2,8.33,12,29,42,23,28,23,41.82,0,46,27,58.7,46,75,55,135,132,36.26,89,557,217,639,263.5,71,3,1243,50,7,1,Sam Greenwood,Preston North End,980640,21,MF
10,53,34.19,192,14,28.0,342,206,495,72.69,17,34.69,32,41,4,0,0,0,95,6,2,13,0,24,41,0,0,15,21,109,0,1,4.66,2.96,16,0,7.5,0,3,7,33,28,5,3,0,,79,50.64,0,0,3,186,24,45,1,26,2120,8,,0,0,1,0,100.0,0,1,0,0,379,8,0,6.93,0,2,0,0,0,0,0,0,706.67,0.0,0,23,17,15,12,21,45.65,0,42,34,80.95,45,37,46,155,96,46.83,50,588,248,681,284.3,40,1,1169,16,4,0,Nathaniel Méndez-Laing,Derby County,120480,27,MF
24,6,12.24,290,41,36.61,527,483,1004,77.59,72,58.06,52,44,3,0,0,0,228,6,4,16,8,115,44,0,0,37,18,185,0,1,3.75,2.75,23,0,5.0,0,2,5,46,39,7,2,0,,183,57.91,0,0,1,290,21,24,2,41,3672,6,,0,0,0,1,0.0,0,0,0,0,547,9,0,6.93,0,0,0,0,0,0,0,0,1836.0,0.0,0,26,14,13,11,43,42.57,0,68,47,69.12,24,70,101,49,255,57.95,112,781,562,1294,305.1,40,1,2198,72,6,0,Kaine Kesler-Hayden,Preston North End,1099074,21,MF
3,40,31.25,252,7,41.18,462,142,564,87.17,6,11.32,47,45,14,0,0,0,52,13,7,16,2,15,45,0,0,41,17,170,0,0,6.66,4.31,20,0,9.3,0,4,18,33,27,6,4,0,,123,50.0,0,0,0,83,9,62,3,35,2889,5,,0,0,0,0,0.0,0,0,0,0,335,6,0,6.93,0,1,0,0,0,0,0,0,722.25,0.0,0,34,9,16,11,40,47.06,0,38,20,52.63,62,5,85,128,129,43.14,17,618,157,647,312.0,43,1,1226,46,4,0,Tom Fellows,West Bromwich Albion,1083026,8,MF
26,15,20.27,138,35,40.7,290,249,524,76.83,26,53.06,23,15,1,0,0,0,49,2,3,4,4,50,15,0,0,10,7,58,0,0,1.55,0.6,11,0,0.0,0,0,1,17,16,1,0,0,,47,57.32,0,0,0,158,16,7,0,15,1350,1,,0,0,0,0,0.0,0,0,0,0,287,1,0,6.93,0,0,0,0,0,0,0,0,0.0,0.0,0,7,1,4,0,3,30.0,0,24,15,62.5,7,63,10,74,73,55.73,86,450,306,682,104.0,8,0,1139,21,0,0,Yuri Ribeiro,Blackburn Rovers,357730,46,DF
24,8,15.09,258,33,26.83,485,390,867,75.72,62,52.1,57,32,3,0,0,0,89,3,0,2,5,88,31,0,0,17,20,133,1,0,2.56,0.44,25,0,0.0,0,0,3,25,20,5,0,0,,111,59.36,0,0,0,278,23,21,0,27,2231,1,,0,0,0,0,0.0,0,0,0,0,478,5,0,6.93,0,0,0,0,0,0,0,0,0.0,0.0,0,6,1,3,2,13,46.43,0,57,35,61.4,21,60,28,53,173,56.54,123,749,449,1145,214.9,7,0,1833,42,8,0,Cameron Pring,Bristol City,909763,58,DF
30,0,0.0,21,136,37.06,75,557,632,72.9,5,100.0,0,28,0,0,0,0,183,0,0,0,8,31,28,1,0,0,1,1,1,1,0.04,,0,0,0.0,150,0,0,30,26,4,0,0,0.7,4,80.0,0,7,0,235,0,0,0,28,2468,0,,0,0,0,0,0.0,1,0,0,0,237,0,13,6.93,0,0,18,55,13,69,0,19,0.0,0.0,0,0,0,0,0,1,100.0,17,0,0,0.0,0,52,1,0,9,90.0,367,264,603,867,194.1,0,1,1066,3,1,0,Oliver Dovin,Coventry City,984582,11,GK
24,0,0.0,158,293,30.21,269,250,519,43.36,7,77.78,2,35,2,0,0,0,288,2,0,0,8,45,35,0,0,0,4,6,1,1,0.72,,0,0,0.0,203,0,2,48,44,4,0,0,-0.88,6,60.0,0,12,0,678,0,3,0,35,3091,0,,0,0,0,0,0.0,1,0,0,0,690,0,6,6.93,0,0,64,74,26,105,0,20,0.0,0.0,0,0,0,0,0,0,0.0,61,0,0,0.0,3,42,0,0,13,68.42,970,907,290,1197,242.6,0,1,1443,6,1,0,Nicolas Schmid,Portsmouth,799389,2,GK
17,35,19.77,374,23,38.98,659,233,857,78.7,43,32.33,90,46,7,0,0,0,170,13,6,15,7,46,46,0,0,50,41,332,0,1,7.14,3.8,51,0,3.92,0,2,9,50,44,6,2,0,,255,51.31,0,0,1,232,30,46,0,43,3775,30,,1,0,0,0,0.0,0,0,0,0,688,33,0,6.93,0,2,0,0,0,0,0,0,1887.5,0.0,0,31,20,20,16,60,36.81,0,85,58,68.24,46,38,163,177,298,47.3,59,982,284,1089,318.8,51,0,2140,110,3,0,Ronald,Swansea City,1123234,74,MF
73,3,15.79,331,102,55.14,692,688,1377,85.0,15,46.88,17,38,1,0,0,0,194,3,0,6,12,42,38,0,0,41,63,190,0,0,2.64,0.83,56,0,12.5,0,2,3,34,31,3,0,2,,180,50.99,0,0,1,243,36,19,0,37,3222,0,,0,3,0,0,0.0,0,0,0,0,364,11,0,6.93,0,2,0,0,0,0,0,0,1611.0,0.0,0,3,13,6,4,16,55.17,0,103,63,61.17,16,120,29,19,195,50.65,185,889,750,1620,263.3,16,1,2154,63,11,0,Lewis Travis,Blackburn Rovers,864918,46,MF
3,4,10.81,89,5,31.25,142,65,203,81.85,4,36.36,7,11,2,0,0,0,26,1,0,6,0,5,11,0,0,9,6,50,0,0,1.38,0.67,11,0,5.56,0,1,3,9,8,1,1,0,,34,44.16,0,0,0,45,4,9,0,6,620,1,,0,0,0,0,0.0,0,0,0,0,122,3,0,6.93,0,1,0,0,0,0,0,0,620.0,0.0,0,14,4,8,4,16,45.71,0,8,6,75.0,9,9,35,37,38,43.18,16,211,74,248,76.2,18,0,415,10,3,0,Liam Millar,Hull City,902083,96,MF
19,1,11.11,85,38,36.54,209,310,518,80.69,31,67.39,15,18,1,0,0,0,42,1,0,4,2,76,16,0,0,1,6,39,0,0,0.79,0.74,14,0,10.0,0,1,2,23,19,4,1,0,,30,55.56,0,0,0,124,15,6,0,15,1317,0,,0,0,0,0,0.0,0,0,0,0,156,4,0,6.93,1,0,0,0,0,0,0,0,1317.0,0.0,0,10,0,3,3,2,33.33,0,24,21,87.5,6,37,6,9,61,61.0,104,301,350,642,110.8,10,0,862,4,1,1,Thomas Holmes,Luton Town,928586,72,DF
17,1,50.0,48,46,30.67,151,425,575,76.67,51,51.0,49,24,0,0,0,0,68,1,0,0,3,182,24,0,0,3,9,84,1,2,0.32,0.51,24,0,25.0,2,1,1,39,35,4,1,0,,87,71.31,0,0,0,175,34,6,0,23,1968,0,,0,0,0,0,0.0,0,0,0,0,208,2,0,6.93,0,1,0,0,0,0,0,0,1968.0,0.0,0,4,0,3,1,1,100.0,0,67,44,65.67,6,49,1,2,138,62.16,150,276,476,750,166.2,4,1,1159,19,8,0,Julio Pleguezuelo,Plymouth Argyle,788238,71,DF
4,14,26.92,134,6,50.0,223,85,294,81.67,23,47.92,25,30,5,0,0,0,47,8,8,6,0,8,30,0,0,32,9,112,0,0,5.28,6.42,31,0,12.82,0,5,10,22,17,5,5,0,,76,46.63,2,0,1,66,7,34,1,17,1643,16,,0,0,0,0,0.0,0,0,0,0,191,6,0,6.92,0,2,0,0,0,0,0,0,328.6,0.0,0,34,5,16,17,24,60.0,0,22,12,54.55,34,12,40,52,99,46.92,12,311,101,360,207.7,39,2,675,31,2,0,Ephron Mason-Clark,Coventry City,861315,11,MF
39,0,0.0,22,211,31.87,144,534,678,59.63,8,88.89,1,40,0,0,0,0,247,0,0,0,13,47,40,0,0,0,1,2,1,5,0.04,,0,0,0.0,193,0,0,43,38,5,0,0,3.6,8,88.89,0,16,0,459,1,0,0,40,3600,0,,0,0,0,0,0.0,4,0,1,0,467,0,29,6.92,0,0,10,71,39,111,1,24,0.0,0.0,0,0,0,0,0,0,0.0,9,2,1,50.0,0,73,0,0,16,88.89,662,516,621,1137,276.9,0,2,1466,6,3,0,Aynsley Pears,Blackburn Rovers,903166,46,GK
36,7,20.0,165,67,33.0,345,442,780,71.49,93,57.76,68,39,4,0,0,0,110,4,1,2,6,134,39,0,0,7,10,105,0,1,1.89,2.03,17,0,16.67,6,3,7,35,29,6,3,0,,52,58.43,0,0,0,311,30,12,2,26,2554,2,,0,0,0,0,0.0,0,0,0,0,435,7,0,6.92,0,1,0,0,0,0,0,0,851.33,0.0,0,17,1,10,6,1,20.0,0,36,24,66.67,12,88,5,35,145,58.0,203,598,528,1091,269.9,18,1,1700,18,4,0,Craig Forsyth,Derby County,59932,27,DF
12,0,0.0,46,26,35.62,267,767,1034,87.7,89,72.36,34,33,0,0,0,0,66,1,3,1,4,152,31,0,0,4,11,73,0,1,0.67,1.48,23,0,0.0,19,0,0,27,24,3,0,0,,51,56.67,0,0,0,145,26,5,0,21,1917,1,,0,0,0,0,0.0,0,0,0,0,164,1,0,6.92,0,0,0,0,0,0,0,0,0.0,0.0,0,9,0,5,3,3,60.0,0,36,24,66.67,5,24,5,0,140,65.73,73,345,834,1179,214.5,9,1,1508,12,9,0,Francisco Sierralta,Watford,805096,24,DF
24,14,28.57,134,29,24.37,309,320,615,70.37,80,65.04,43,34,1,0,0,0,111,6,3,2,7,86,33,0,0,9,8,77,0,1,1.32,3.2,7,0,33.33,0,6,7,36,31,5,6,0,,65,65.66,1,0,2,259,34,21,3,24,2343,5,,0,0,0,0,0.0,0,0,0,0,414,1,0,6.92,0,2,0,0,0,0,0,0,390.5,0.0,0,15,3,8,8,13,54.17,0,38,21,55.26,21,71,24,49,145,65.32,119,517,406,874,228.3,18,0,1476,15,1,0,Greg Leigh,Oxford United,329431,95,DF
6,0,0.0,20,11,40.74,57,156,213,86.94,12,60.0,8,9,1,0,0,0,10,1,0,1,1,14,6,0,0,0,0,9,0,0,0.29,0.28,2,0,0.0,1,0,1,2,1,1,0,0,,5,83.33,0,0,0,32,2,2,0,3,298,0,,0,0,0,0,0.0,0,0,0,0,34,0,0,6.92,0,0,0,0,0,0,0,0,0.0,0.0,0,2,0,1,0,0,0.0,0,3,2,66.67,2,15,0,0,17,65.38,27,80,165,245,41.5,2,0,276,2,1,0,Joe Worrall,Burnley,838399,6,DF
20,8,19.51,177,31,35.63,358,254,604,75.59,60,57.69,44,29,2,0,0,0,109,4,2,10,8,38,29,0,0,21,37,154,0,0,2.25,3.09,32,0,13.79,0,4,6,25,20,5,4,0,,97,46.86,0,0,1,195,15,25,2,22,2053,7,,0,0,0,0,0.0,0,0,0,0,338,8,0,6.91,0,2,0,0,0,0,0,0,513.25,0.0,0,22,7,9,10,7,23.33,0,54,35,64.81,25,53,30,41,157,50.48,87,538,302,799,200.5,29,2,1318,37,4,0,Brad Potts,Preston North End,252999,21,MF
44,0,0.0,35,159,33.06,98,384,482,59.58,8,72.73,3,29,0,0,0,0,203,0,0,0,5,30,29,1,0,0,2,5,0,2,0.05,,0,0,0.0,182,0,0,45,39,6,0,0,-1.47,8,80.0,0,11,0,327,0,0,0,29,2610,0,,0,0,0,0,0.0,4,0,1,0,337,0,11,6.91,0,0,16,49,33,83,0,24,0.0,0.0,0,0,0,0,0,0,0.0,16,1,1,100.0,0,75,0,0,16,76.19,481,385,424,809,200.5,0,1,1051,7,2,0,Jak Alnwick,Cardiff City,158221,61,GK
1,3,9.68,63,5,38.46,88,42,127,69.4,22,61.11,14,16,0,0,0,0,29,1,0,9,0,13,15,0,0,28,4,72,0,1,0.27,1.33,12,0,18.18,1,4,4,11,7,4,4,0,,42,42.0,0,0,1,56,1,3,1,6,767,3,,0,0,0,0,0.0,0,0,0,0,157,1,0,6.91,0,3,0,0,0,0,0,0,191.75,0.0,0,16,6,6,7,20,58.82,0,10,5,50.0,3,6,34,31,64,47.06,13,167,47,183,103.7,22,0,411,12,1,0,Millenic Alli,Luton Town,1386414,72,MF
7,9,14.29,114,14,33.33,202,137,330,79.52,17,50.0,17,16,2,0,0,0,48,2,0,2,2,45,16,0,0,16,11,90,0,0,1.0,0.52,19,0,7.69,0,1,3,10,10,0,0,1,,52,41.6,0,0,0,85,11,21,0,11,1072,0,,0,0,0,0,0.0,0,0,0,0,230,5,0,6.91,0,1,0,0,0,0,0,0,1072.0,0.0,2,4,9,8,3,14,33.33,0,26,16,61.54,21,14,42,63,69,43.4,42,313,165,415,110.6,13,0,814,12,2,0,Samuel Iling Junior,Middlesbrough,996919,36,DF
2,2,18.18,46,2,18.18,84,43,125,77.64,12,92.31,1,8,0,0,0,0,8,0,1,4,0,13,8,0,0,0,2,12,0,0,0.43,0.67,7,0,9.09,0,1,1,4,3,1,1,0,,12,52.17,0,0,0,36,10,3,0,2,349,2,,1,0,0,0,0.0,0,0,0,0,66,3,0,6.91,0,1,0,0,0,0,0,0,349.0,0.0,1,8,3,5,2,1,33.33,0,10,6,60.0,3,8,3,11,24,66.67,11,121,51,161,55.3,11,0,276,1,1,0,Maximilian Wöber,Leeds United,794962,34,DF
3,5,16.13,111,9,39.13,217,153,365,85.48,21,70.0,9,25,1,0,0,0,37,2,1,5,2,36,24,0,0,10,7,63,0,2,1.36,0.49,17,0,0.0,0,0,1,8,8,0,0,0,,79,59.4,0,0,0,62,9,10,0,8,1097,0,,0,0,0,0,0.0,0,0,0,0,182,3,0,6.91,0,0,0,0,0,0,0,0,0.0,0.0,0,8,0,0,3,23,52.27,0,33,25,75.76,10,7,44,31,100,61.35,23,289,169,427,165.9,8,1,818,23,2,0,Femi Seriki,Sheffield United,966458,15,DF
11,4,21.05,54,12,48.0,106,80,182,79.13,9,69.23,4,9,0,0,0,0,16,0,0,1,1,4,8,0,0,1,7,17,0,0,0.37,0.22,4,0,0.0,0,0,0,4,4,0,0,0,,13,50.0,0,0,0,48,6,8,0,4,379,0,,0,0,0,0,0.0,0,0,0,0,81,1,0,6.91,0,0,0,0,0,0,0,0,0.0,0.0,0,1,7,7,0,1,50.0,0,8,5,62.5,8,20,2,19,22,56.41,25,158,91,230,55.3,8,0,344,4,1,0,Lukas Engel,Middlesbrough,945477,36,DF
38,10,20.83,280,48,38.4,570,537,1097,82.48,43,48.31,46,34,1,0,0,0,134,1,2,8,5,87,34,0,0,22,19,152,0,0,1.88,1.74,46,0,12.5,0,3,4,32,27,5,2,1,,116,52.25,0,0,0,233,40,16,2,29,2613,1,,0,0,0,1,0.0,0,0,0,0,401,3,0,6.91,1,1,0,0,0,0,0,0,871.0,0.0,0,9,15,9,7,19,46.34,0,65,47,72.31,16,79,41,48,159,51.13,125,766,612,1330,235.0,24,1,2061,33,9,1,Callum Styles,West Bromwich Albion,839940,8,DF
15,0,0.0,21,40,41.24,134,772,906,88.74,76,72.38,29,26,2,0,0,0,55,2,1,1,5,168,26,0,0,0,3,48,0,0,0.63,0.44,15,0,10.0,44,1,3,37,34,3,1,0,,25,56.82,1,0,0,115,16,2,0,24,2065,0,,0,0,0,1,0.0,0,0,0,0,122,0,0,6.91,0,0,0,0,0,0,0,0,2065.0,0.0,0,10,0,5,4,2,66.67,0,19,11,57.89,2,35,3,0,101,67.79,97,208,813,1021,179.7,10,0,1300,4,7,0,Elliott Moore,Oxford United,855652,95,DF
6,0,0.0,18,23,34.33,74,178,252,75.22,36,63.16,21,11,0,0,0,0,28,0,0,1,2,59,9,0,0,0,0,26,0,0,0.05,0.25,3,0,0.0,0,0,0,9,8,1,0,0,,11,68.75,0,0,0,83,5,1,0,8,732,1,,0,0,0,0,0.0,0,0,0,0,92,0,0,6.91,0,0,0,0,0,0,0,0,0.0,0.0,0,4,1,3,1,1,33.33,0,7,5,71.43,1,26,3,1,47,64.38,67,141,195,335,62.2,5,0,447,3,0,0,Murray Wallace,Millwall,164285,25,DF
1,0,0.0,45,2,66.67,77,23,100,55.56,67,47.86,73,22,0,0,0,1,26,3,4,8,2,18,21,0,0,14,1,123,0,0,0.55,6.09,29,0,17.86,0,5,5,16,12,4,5,0,,34,40.48,1,0,1,80,2,10,0,14,1228,11,,0,0,1,0,0.0,0,0,0,2,156,8,0,6.91,0,4,0,0,0,0,0,0,245.6,0.0,0,25,3,8,12,6,46.15,0,10,8,80.0,10,1,13,8,101,45.09,3,151,37,180,145.1,28,1,387,18,0,0,Josh Coburn,Millwall,1010009,25,FW
15,0,0.0,38,33,44.59,97,145,242,74.92,32,54.24,27,11,1,0,0,0,31,1,0,0,0,69,11,0,0,0,8,50,0,0,0.13,0.22,14,0,33.33,0,1,2,18,17,1,1,0,,32,58.18,1,0,0,81,8,2,0,10,934,1,,0,1,0,0,0.0,0,0,0,0,93,1,0,6.91,0,0,0,0,0,0,0,0,934.0,0.0,0,2,1,2,1,1,50.0,0,28,19,67.86,1,30,2,3,64,56.14,74,152,174,323,76.0,3,0,485,3,3,0,Maksym Talovierov,Plymouth Argyle,990355,71,DF
3,4,18.18,46,2,9.52,85,41,122,52.36,71,55.47,57,27,2,0,0,0,17,5,5,4,1,48,26,0,0,13,9,94,0,0,2.21,4.49,12,0,23.08,0,6,8,18,17,1,6,0,,43,53.75,1,0,0,111,7,11,4,14,1212,1,,0,0,0,0,0.0,0,0,0,0,196,1,0,6.91,0,1,0,0,0,0,0,0,202.0,0.0,0,24,2,13,9,4,44.44,0,16,11,68.75,11,10,9,22,114,54.81,21,191,64,233,179.6,26,0,500,24,2,0,Callum Paterson,Sheffield Wednesday,250211,12,MF
6,1,16.67,34,12,27.27,94,225,318,78.13,22,47.83,24,13,0,0,0,0,32,1,0,0,1,53,13,0,0,1,4,44,1,0,0.52,0.1,13,0,0.0,4,0,0,22,19,3,0,0,,44,68.75,0,0,0,89,20,7,0,11,983,0,,1,1,0,1,0.0,0,0,0,0,122,2,0,6.91,0,0,0,0,0,0,0,0,0.0,0.0,0,1,1,2,0,2,50.0,0,32,21,65.63,6,27,4,6,66,60.0,44,151,262,407,89.8,2,1,652,10,0,0,Brendan Galloway,Plymouth Argyle,198030,71,DF
17,20,20.41,308,17,47.22,531,341,852,82.0,21,31.34,46,45,5,0,0,0,196,5,5,12,7,15,45,0,0,60,32,226,1,0,4.48,4.86,35,0,7.5,0,3,8,45,43,2,3,0,,193,51.74,0,0,1,187,33,48,1,37,3274,3,,0,1,0,0,0.0,0,0,0,1,479,31,0,6.91,0,2,0,0,0,0,0,0,1091.33,0.0,1,28,12,14,14,48,47.06,0,88,50,56.82,47,36,102,98,214,48.64,36,754,383,1039,310.8,40,2,1770,58,5,0,Jun-Ho Bae,Stoke City,1185869,29,
17,3,37.5,90,20,54.05,192,232,421,86.63,15,48.39,16,20,0,0,0,0,59,0,2,2,0,29,20,0,0,6,6,44,0,0,1.22,1.41,15,0,12.5,0,2,2,17,17,0,0,2,,35,55.56,0,0,2,65,12,8,0,13,1207,0,,0,0,0,0,0.0,0,0,0,0,88,4,0,6.91,0,2,0,0,0,0,0,0,603.5,0.0,0,9,7,10,4,6,85.71,0,22,12,54.55,8,29,7,8,50,53.19,37,240,254,486,138.1,16,0,645,7,3,0,Xavier Simons,Hull City,996916,96,MF
30,9,15.25,246,41,52.56,446,239,676,79.06,7,25.0,21,36,2,0,0,0,118,5,1,32,2,30,36,0,0,46,25,182,0,0,2.87,3.76,31,0,3.49,0,3,5,45,41,4,2,1,,154,48.89,1,0,3,179,9,33,2,31,2743,3,,0,0,0,0,0.0,0,0,0,0,425,22,0,6.9,0,0,0,0,0,0,0,0,914.33,0.0,1,28,58,29,25,52,46.85,0,45,27,60.0,33,60,111,59,161,46.94,78,627,287,855,248.4,86,0,1488,57,3,0,Morgan Whittaker,Middlesbrough,990222,36,MF
9,1,100.0,19,22,42.31,66,140,205,74.82,27,69.23,12,9,0,0,0,0,20,1,2,2,1,42,9,0,0,0,1,21,0,0,0.23,0.62,8,0,14.29,1,1,1,8,8,0,1,0,,3,25.0,1,0,0,69,10,1,0,7,526,0,,0,0,0,0,0.0,0,0,0,0,75,0,0,6.9,0,0,0,0,0,0,0,0,526.0,0.0,0,7,0,1,4,0,0.0,0,1,0,0.0,1,18,1,1,30,58.82,52,118,157,274,62.1,7,0,363,3,2,0,Conor Shaughnessy,Portsmouth,892396,2,DF
3,6,35.29,63,6,26.09,131,133,258,80.37,10,66.67,5,10,1,0,0,0,37,2,0,2,1,22,10,0,0,8,6,26,0,0,0.92,0.13,2,0,0.0,0,0,1,11,11,0,0,0,,33,61.11,0,0,0,63,5,7,0,8,730,2,,0,0,0,0,0.0,0,0,0,0,107,1,0,6.9,0,0,0,0,0,0,0,0,0.0,0.0,0,2,1,1,0,7,58.33,0,17,11,64.71,7,16,12,17,43,62.32,23,179,159,321,69.0,3,1,520,9,0,0,Caleb Wiley,Watford,1035645,24,DF
0,0,0.0,2,0,0.0,6,2,8,88.89,0,0.0,1,1,0,0,0,0,2,0,0,0,0,1,1,0,0,0,0,1,0,0,0.0,,0,0,0.0,0,0,0,1,1,0,0,0,,2,100.0,0,0,0,1,0,0,0,0,12,0,,0,0,0,0,0.0,0,0,0,0,2,0,0,6.9,0,0,0,0,0,0,0,0,0.0,0.0,0,0,0,0,0,0,0.0,0,1,1,100.0,0,0,0,0,2,66.67,0,6,3,9,6.9,0,0,14,1,0,0,Harry Whitwell,West Bromwich Albion,1394801,8,MF
4,0,0.0,15,43,31.39,35,32,67,41.61,4,80.0,1,6,0,0,0,0,36,0,0,0,3,4,6,1,0,0,0,1,0,0,0.02,,0,0,0.0,55,0,0,6,6,0,0,0,0.65,0,0.0,0,7,0,94,0,0,0,6,540,0,,0,0,0,0,0.0,0,0,0,0,94,0,3,6.9,0,0,2,4,7,11,0,5,0.0,0.0,0,0,0,0,0,0,0.0,2,0,0,0.0,0,6,0,0,4,80.0,137,124,37,161,41.4,0,1,204,2,0,0,Josh Vickers,Derby County,370476,27,GK
53,0,0.0,15,119,31.73,52,880,932,78.12,11,91.67,1,35,0,0,0,0,284,0,0,0,7,37,35,0,0,0,0,1,0,1,0.02,,0,0,0.0,153,0,0,42,37,5,0,0,-4.49,10,100.0,0,21,0,261,0,0,0,35,3104,0,,0,0,0,0,0.0,4,0,0,0,264,0,16,6.9,0,0,32,51,32,84,0,17,0.0,0.0,0,0,0,0,0,0,0.0,26,2,1,50.0,0,87,0,0,21,95.45,375,217,976,1193,241.5,0,2,1528,8,1,0,Angus Gunn,Norwich City,227946,263,GK
4,3,18.75,108,8,66.67,156,55,208,75.91,23,34.85,43,33,1,0,0,0,30,4,9,11,0,11,32,0,0,18,2,92,0,0,1.8,7.88,17,0,21.28,0,10,11,12,12,0,9,1,,30,37.97,1,0,2,66,0,20,7,20,1604,9,,0,0,0,0,0.0,0,0,0,1,153,8,0,6.9,0,2,0,0,0,0,0,0,160.4,0.0,0,41,6,11,25,8,38.1,0,5,2,40.0,20,8,21,16,53,36.55,12,223,67,274,220.7,47,1,494,18,3,0,Tyrese Campbell,Sheffield United,826145,15,FW
62,1,7.69,403,105,52.76,834,779,1612,83.91,35,49.3,36,44,3,0,0,0,251,4,0,12,16,62,44,0,0,44,40,202,0,2,1.28,0.83,42,0,8.33,0,2,5,41,33,8,0,2,,174,51.18,0,0,1,309,47,30,0,44,3882,1,,0,0,0,1,0.0,0,0,0,0,473,15,0,6.9,1,2,0,0,0,0,0,0,1941.0,0.0,0,4,20,7,5,41,50.62,0,81,45,55.56,30,114,81,13,209,50.85,199,1061,873,1921,303.4,24,0,2530,53,2,1,Dan Neil,Sunderland,964106,41,MF
10,9,20.45,223,20,62.5,344,204,539,76.89,15,34.09,29,43,1,0,0,0,162,3,3,22,1,13,43,0,0,71,31,264,0,0,2.54,5.92,54,0,9.86,0,7,8,48,43,5,6,1,,227,49.13,0,0,3,162,12,38,1,36,2991,11,,0,0,0,0,0.0,0,0,0,1,459,27,0,6.9,0,6,0,0,0,0,0,0,427.29,0.0,0,45,26,26,23,66,44.59,0,51,32,62.75,38,21,148,44,242,47.83,32,493,252,701,296.5,71,2,1462,110,4,0,Djeidi Gassama,Sheffield Wednesday,1142674,12,MF
25,5,33.33,216,29,38.16,420,374,789,80.76,37,49.33,38,29,0,0,0,0,113,0,6,4,7,47,29,0,0,16,44,151,0,0,0.77,2.12,43,0,5.88,0,1,1,32,28,4,1,0,,133,54.07,0,0,0,188,28,17,0,28,2423,1,,0,1,0,0,0.0,0,0,0,0,253,8,0,6.89,0,1,0,0,0,0,0,0,2423.0,0.0,0,15,2,9,4,11,47.83,0,99,66,66.67,16,42,23,15,170,52.96,76,566,426,977,199.9,17,0,1375,24,10,0,Ali McCann,Preston North End,891870,21,MF
6,11,20.0,209,15,41.67,321,166,476,75.08,39,45.35,47,38,3,0,0,0,85,7,5,13,1,21,37,0,0,26,19,138,0,0,3.34,3.9,20,0,13.89,0,5,8,29,25,4,4,1,,87,48.88,0,0,0,158,17,31,5,25,2275,5,,0,0,0,0,0.0,0,0,0,1,310,11,0,6.89,0,0,0,0,0,0,0,0,455.0,0.0,0,24,12,9,14,20,43.48,0,39,25,64.1,31,15,46,55,126,47.73,36,492,197,634,255.0,36,0,1049,28,1,0,Abu Kamara,Hull City,1087476,96,MF
9,8,19.05,281,20,58.82,466,217,675,84.16,12,35.29,22,37,4,0,0,0,99,5,1,15,0,10,34,0,1,47,13,151,0,0,3.29,2.84,53,0,3.03,0,1,5,10,7,3,1,0,,119,47.98,0,0,1,127,12,29,0,23,1933,5,,0,0,0,0,0.0,0,0,0,1,287,20,0,6.89,1,1,0,0,0,0,0,0,1933.0,0.0,3,20,13,11,7,25,55.56,0,37,21,56.76,29,22,45,42,131,46.45,34,600,244,802,234.3,33,1,1228,57,8,0,Hannibal Mejbri,Burnley,1009386,6,MF
20,0,0.0,25,102,31.19,67,289,356,60.54,7,100.0,0,22,0,0,0,0,177,0,0,0,5,20,22,0,0,0,0,1,2,3,0.07,,0,0,0.0,139,0,0,28,25,3,0,0,-1.58,9,90.0,0,8,0,232,0,0,0,22,1903,0,,1,0,0,0,0.0,1,0,1,0,242,0,8,6.89,0,0,6,48,12,61,3,13,0.0,0.0,0,0,0,0,0,1,50.0,6,0,0,0.0,0,28,2,0,16,94.12,327,250,338,588,151.6,0,0,802,11,1,0,Daniel Bachmann,Watford,288019,24,GK
39,23,29.87,315,52,65.0,552,257,786,80.95,30,40.0,45,43,4,0,0,0,130,4,3,17,2,18,42,0,0,58,17,209,0,0,4.2,3.92,36,0,1.82,0,1,5,43,33,10,1,0,,140,46.05,0,0,0,185,11,46,1,24,2529,7,,0,0,0,0,0.0,0,0,0,0,444,24,0,6.89,0,0,0,0,0,0,0,0,2529.0,0.0,4,27,28,17,21,59,52.21,0,56,33,58.93,46,68,113,77,170,44.85,80,750,298,971,289.4,55,1,1608,25,3,0,Rubin Colwill,Cardiff City,1101169,61,MF
30,2,28.57,78,51,35.17,196,361,555,77.3,33,66.0,17,20,1,0,0,0,83,1,2,5,4,77,20,0,0,6,5,39,0,1,0.32,0.9,11,0,6.67,7,1,2,32,30,2,0,1,,39,63.93,0,0,0,163,29,3,0,17,1570,0,,0,0,0,0,0.0,0,0,0,0,191,0,0,6.89,0,1,0,0,0,0,0,0,1570.0,0.0,0,11,4,5,5,3,100.0,0,31,20,64.52,3,65,3,7,72,64.86,145,310,415,718,137.8,15,1,962,5,3,0,Teden Mengi,Luton Town,979233,72,DF
23,13,20.97,152,37,38.14,305,258,550,76.92,25,54.35,21,29,0,0,0,0,63,1,0,6,3,67,29,0,0,11,24,101,0,1,1.64,1.51,23,0,5.88,0,1,1,28,26,2,1,0,,119,59.8,0,0,0,165,28,16,0,23,1891,2,,0,0,0,0,0.0,0,0,0,0,316,5,0,6.89,0,1,0,0,0,0,0,0,1891.0,0.0,0,7,10,8,3,20,47.62,0,89,57,64.04,16,44,42,62,144,58.78,97,466,311,715,199.8,17,0,1314,10,5,0,Jeremy Ngakia,Watford,991595,24,DF
15,2,6.67,86,25,45.45,168,147,313,74.7,45,50.56,44,33,0,0,0,0,49,1,1,4,0,39,28,0,0,6,10,73,0,0,0.52,1.49,8,0,13.33,0,2,2,7,6,1,2,0,,50,63.29,1,0,0,106,26,6,1,9,1045,0,,0,0,0,0,0.0,0,0,0,1,183,0,0,6.89,0,0,0,0,0,0,0,0,522.5,0.0,0,13,2,8,3,11,64.71,0,22,11,50.0,6,24,17,30,95,56.55,55,285,164,419,192.9,15,0,747,17,1,0,Sam McCallum,Sheffield United,952461,15,DF
14,0,0.0,55,26,46.43,199,465,664,87.95,63,71.59,25,20,1,0,0,0,45,0,2,3,2,80,18,0,0,3,3,44,0,2,0.29,1.31,13,0,14.29,3,2,3,16,15,1,2,0,,28,59.57,2,0,0,91,9,6,0,12,1140,1,,1,0,0,1,0.0,0,0,0,0,111,0,0,6.89,0,0,0,0,0,0,0,0,570.0,0.0,0,13,1,5,6,0,0.0,0,11,7,63.64,6,30,1,0,91,67.41,56,255,500,755,124.0,14,0,939,17,3,0,Daniel Ballard,Sunderland,958878,41,DF
18,12,24.0,136,34,73.91,280,255,523,89.86,6,42.86,8,19,0,0,0,1,45,1,1,5,0,7,18,0,0,7,7,35,0,1,1.05,1.38,10,0,5.0,0,1,1,14,12,2,1,0,,18,40.0,0,0,0,59,6,15,1,10,825,0,,0,0,1,0,0.0,0,0,0,0,120,3,0,6.89,0,0,0,0,0,0,0,0,825.0,0.0,1,4,16,4,11,0,0.0,0,17,13,76.47,15,31,4,50,24,40.68,46,360,272,582,124.0,20,0,737,1,2,0,David Turnbull,Cardiff City,1084268,61,MF
77,17,31.48,229,91,45.5,556,494,1033,80.08,30,75.0,10,35,2,0,0,0,105,4,1,10,7,69,35,0,0,3,21,71,0,0,3.36,1.55,35,0,0.0,0,0,2,40,33,7,0,0,,62,50.41,0,0,0,257,20,30,0,27,2492,0,,0,1,0,0,0.0,0,0,0,0,320,2,0,6.89,0,0,0,0,0,0,0,0,0.0,0.0,1,6,19,10,5,3,60.0,0,50,23,46.0,29,154,5,54,92,56.44,200,790,554,1290,241.1,25,2,1618,9,12,0,Ben Whiteman,Preston North End,775063,21,MF
3,3,30.0,94,10,43.48,149,58,204,72.6,18,54.55,15,17,3,0,0,0,37,3,4,8,0,21,17,0,0,10,7,55,0,0,1.13,4.07,17,0,18.18,0,4,7,11,10,1,4,0,,14,25.93,1,0,1,77,8,14,0,13,993,3,,0,0,0,0,0.0,0,0,0,0,124,1,0,6.89,0,3,0,0,0,0,0,0,248.25,0.0,0,18,4,6,8,5,41.67,0,2,1,50.0,14,7,12,10,32,36.78,23,216,75,281,117.1,22,1,425,7,4,0,Ben Brereton Díaz,Sheffield United,867583,15,MF
11,9,26.47,103,25,37.31,198,233,422,79.17,23,71.88,9,18,2,0,0,0,54,3,0,3,3,48,18,0,0,5,9,49,0,0,2.09,0.34,15,0,0.0,0,0,2,16,15,1,0,0,,42,51.22,0,0,0,111,10,14,0,13,1206,2,,0,2,0,0,0.0,0,0,0,0,185,3,0,6.88,0,0,0,0,0,0,0,0,0.0,0.0,0,5,2,2,2,11,50.0,0,27,19,70.37,12,31,22,34,65,57.02,67,307,260,533,123.9,7,0,876,4,3,0,Enda Stevens,Stoke City,372324,29,DF
22,4,40.0,72,29,23.58,172,368,536,73.83,63,61.76,39,24,1,0,0,0,56,1,0,2,4,104,23,0,0,2,13,67,0,2,1.0,0.95,10,0,12.5,4,1,2,25,23,2,1,0,,42,60.0,1,0,0,190,25,11,0,18,1665,2,,0,0,0,0,0.0,0,0,0,0,246,2,0,6.88,0,0,0,0,0,0,0,0,1665.0,0.0,0,7,1,3,3,4,44.44,0,28,16,57.14,11,53,9,10,105,61.05,123,323,413,726,158.3,8,0,1095,11,2,0,Sam Long,Oxford United,255391,95,DF
11,2,13.33,91,9,56.25,170,109,277,79.83,13,43.33,17,30,2,0,0,0,39,4,6,3,0,21,30,0,0,8,3,42,0,0,2.03,6.9,13,0,21.21,0,7,9,20,19,1,6,1,,17,40.48,3,0,0,70,4,16,1,15,1415,6,,0,0,0,0,0.0,0,0,0,0,112,8,0,6.88,0,3,0,0,0,0,0,0,202.14,0.0,0,28,5,10,20,2,50.0,0,9,4,44.44,16,22,4,15,30,41.67,16,233,129,347,206.3,33,1,500,7,2,0,Andreas Weimann,Blackburn Rovers,87185,46,MF
21,4,12.5,107,39,34.21,309,364,669,75.94,55,62.5,33,30,1,0,0,0,58,2,1,2,5,97,30,0,0,9,11,91,1,2,0.49,0.56,33,0,0.0,0,0,1,35,31,4,0,0,,106,64.63,0,0,0,212,34,6,0,26,2307,1,,0,0,0,1,0.0,0,0,0,0,337,1,0,6.88,0,0,0,0,0,0,0,0,0.0,0.0,0,4,2,4,0,5,45.45,0,56,33,58.93,6,49,11,32,161,63.89,114,481,432,881,206.3,6,0,1509,49,6,0,Peter Kioso,Oxford United,955042,95,DF
26,36,21.43,219,23,27.38,376,152,492,73.21,25,42.37,34,39,1,0,0,0,100,6,4,12,1,24,39,0,0,18,11,116,0,0,4.46,4.44,38,0,12.2,0,5,6,38,36,2,5,0,,73,47.1,0,0,1,180,7,44,3,28,2220,9,,0,0,0,0,0.0,0,0,0,1,383,23,0,6.87,0,2,0,0,0,0,0,0,444.0,0.0,5,24,17,12,17,7,30.43,0,35,14,40.0,44,59,23,168,98,45.79,84,648,192,672,268.1,41,2,1153,31,7,0,Matt Ritchie,Portsmouth,42699,2,MF
15,0,0.0,54,32,38.1,211,794,1005,86.94,80,65.04,43,27,0,0,0,0,79,1,1,4,6,116,27,0,1,6,8,79,0,0,0.72,2.05,26,0,11.76,37,2,2,35,31,4,2,0,,41,53.25,0,0,0,151,27,7,1,26,2238,0,,0,0,0,2,0.0,0,0,0,0,176,1,0,6.87,2,1,0,0,0,0,0,0,1119.0,0.0,0,16,1,9,4,1,100.0,0,29,20,68.97,7,37,1,2,121,60.5,84,300,858,1156,185.6,17,0,1457,13,7,1,Di'Shon Bernard,Sheffield Wednesday,979229,12,DF
27,22,30.14,249,22,35.48,467,161,606,78.8,23,45.1,28,42,6,0,0,0,97,8,4,17,4,28,42,0,0,32,16,134,0,0,5.08,3.27,29,0,11.76,0,4,10,39,32,7,3,1,,124,53.91,1,0,0,163,10,29,3,30,2593,5,,0,0,0,1,0.0,0,0,0,0,339,14,0,6.87,0,0,0,0,0,0,0,0,648.25,0.0,0,23,11,8,9,22,43.14,0,49,27,55.1,29,59,51,73,147,52.31,62,659,183,769,288.7,34,1,1252,53,4,0,Tatsuhiro Sakamoto,Coventry City,978927,11,MF
67,0,0.0,170,400,37.0,349,394,743,51.92,9,100.0,0,45,1,0,0,0,362,0,0,0,10,36,45,0,0,0,0,3,0,1,0.44,,2,0,0.0,348,0,1,68,58,10,0,0,-6.02,3,50.0,0,24,0,688,0,2,0,45,3991,0,,0,0,0,1,0.0,3,0,1,0,705,0,11,6.87,1,0,28,80,46,128,1,27,0.0,0.0,0,0,0,0,0,0,0.0,26,0,0,0.0,2,118,1,0,12,80.0,1081,970,461,1431,309.3,0,1,1763,3,3,1,Thomas Kaminski,Luton Town,45959,72,GK
36,7,31.82,108,43,54.43,201,234,428,78.53,9,60.0,6,23,0,0,0,0,68,0,0,1,0,22,22,0,0,2,9,40,0,0,1.03,0.21,20,0,0.0,0,0,0,13,9,4,0,0,,53,60.92,0,0,0,117,14,7,0,8,857,1,,0,1,0,0,0.0,0,0,0,0,156,5,0,6.87,0,0,0,0,0,0,0,0,0.0,0.0,2,0,9,6,2,7,63.64,0,31,15,48.39,6,74,11,22,62,60.78,79,307,260,545,151.2,9,0,732,15,5,0,John Buckley,Blackburn Rovers,970441,46,MF
5,6,24.0,172,8,50.0,249,46,289,82.81,2,25.0,6,14,1,0,0,0,32,3,2,9,0,8,14,0,0,27,15,72,1,1,2.31,1.62,4,0,5.56,0,1,2,7,6,1,1,0,,60,47.62,0,0,1,60,5,12,1,12,945,1,,0,0,0,0,0.0,0,0,0,0,153,3,0,6.87,0,0,0,0,0,0,0,0,945.0,0.0,0,12,6,4,5,23,52.27,0,13,5,38.46,12,8,44,25,62,46.27,16,315,59,349,96.2,18,0,566,24,1,0,Marcus Edwards,Burnley,795066,6,MF
39,0,0.0,76,231,28.95,170,328,498,46.63,14,100.0,0,40,0,0,0,0,315,0,0,0,9,45,40,1,0,0,3,6,1,3,0.08,,2,0,0.0,253,0,0,50,41,9,0,0,1.7,7,53.85,0,43,0,570,1,0,0,40,3600,0,,0,0,0,2,0.0,3,0,2,0,577,0,25,6.87,0,0,16,65,36,104,0,33,0.0,0.0,0,0,0,0,0,2,66.67,16,2,2,100.0,0,65,3,0,21,77.78,798,686,382,1068,274.8,0,2,1457,7,2,0,Jacob Widell Zetterström,Derby County,978728,27,GK
46,4,33.33,126,50,51.55,323,543,862,82.1,48,64.86,26,39,2,0,0,0,178,2,1,3,6,70,38,0,1,28,14,122,0,0,0.75,1.0,40,0,0.0,0,0,2,36,29,7,0,0,,151,61.13,0,0,0,188,46,11,0,29,2604,0,,0,0,0,0,0.0,0,0,0,0,273,11,0,6.87,1,0,0,0,0,0,0,0,0.0,0.0,0,6,14,13,4,25,60.98,0,75,41,54.67,11,70,41,12,199,61.99,97,455,607,1050,261.0,20,0,1558,52,8,0,Jonathan Varane,Queens Park Rangers,1118185,1,MF
29,0,0.0,72,84,34.85,267,923,1190,83.63,61,66.3,31,24,0,0,0,0,55,0,0,1,5,112,24,0,0,2,5,51,1,0,0.16,1.11,15,0,37.5,58,3,3,29,28,1,3,0,,27,57.45,3,0,0,233,17,2,0,22,1947,3,,2,0,0,0,0.0,0,0,0,0,245,0,0,6.87,0,0,0,0,0,0,0,0,649.0,0.0,0,8,0,3,4,0,0.0,0,14,5,35.71,2,107,0,0,88,63.31,241,445,978,1423,164.8,8,1,1667,13,5,0,Ben Gibson,Stoke City,115432,29,DF
19,0,0.0,77,40,47.06,202,504,706,86.73,30,58.82,21,15,0,0,0,0,42,0,0,0,6,54,15,0,0,4,3,39,0,0,0.15,0.44,10,0,0.0,1,0,0,9,6,3,0,0,,19,51.35,0,0,0,108,11,1,0,14,1230,0,,0,0,0,0,0.0,0,0,0,0,125,1,0,6.87,0,0,0,0,0,0,0,0,0.0,0.0,0,5,0,4,1,2,66.67,0,12,6,50.0,1,41,3,3,49,55.68,85,268,549,814,103.0,5,0,944,5,5,0,Semi Ajayi,West Bromwich Albion,307274,8,DF
7,0,0.0,115,5,27.78,222,136,358,74.58,30,43.48,39,38,4,0,0,0,75,9,5,7,0,23,38,0,0,35,25,164,0,1,2.95,5.56,32,0,21.21,0,7,11,42,37,5,7,0,,85,40.48,0,0,2,122,6,26,5,29,2508,9,,1,0,0,0,0.0,0,0,0,0,268,18,0,6.87,0,2,0,0,0,0,0,0,358.29,0.0,0,23,10,10,16,26,42.62,0,47,31,65.96,26,13,61,9,115,41.22,18,324,165,480,260.9,33,1,890,12,3,0,Ante Crnac,Norwich City,1090027,263,FW
206,0,0.0,53,385,35.71,204,901,1105,60.95,10,90.91,1,46,0,0,0,0,396,0,0,0,14,25,46,0,0,0,2,3,3,4,0.07,,0,0,0.0,229,0,0,56,50,6,0,0,-1.05,8,80.0,0,37,0,708,0,0,0,46,4140,0,,0,0,0,0,0.0,4,0,0,0,722,0,7,6.87,0,0,24,84,29,115,1,26,0.0,0.0,0,0,0,0,0,0,0.0,24,2,1,50.0,0,372,0,0,18,85.71,1078,761,1052,1813,315.8,0,2,2207,5,0,0,Lawrence Vigouroux,Swansea City,373240,74,GK
17,1,100.0,38,49,29.52,234,1020,1253,84.15,87,52.41,79,35,0,0,0,0,71,1,5,1,10,208,35,0,0,5,2,106,1,0,0.38,0.89,21,0,0.0,2,0,0,45,43,2,0,0,,41,60.29,0,0,0,236,34,4,0,35,3082,3,,0,0,0,0,0.0,0,0,0,0,254,0,0,6.86,0,0,0,0,0,0,0,0,0.0,0.0,0,12,0,6,5,2,66.67,0,23,15,65.22,4,55,3,1,128,54.7,166,379,1111,1489,240.2,12,1,1916,18,7,0,Ashley Phillips,Stoke City,1134744,29,DF
92,2,40.0,191,128,39.51,626,1425,2049,85.38,87,56.49,67,41,0,0,0,0,142,1,0,3,6,180,41,0,0,7,6,111,0,1,0.75,0.54,24,0,0.0,16,0,0,46,41,5,0,0,,50,53.19,0,0,0,351,36,6,0,37,3391,2,,1,0,0,1,0.0,0,0,0,0,394,3,0,6.86,0,0,0,0,0,0,0,0,0.0,0.0,0,6,2,2,3,9,56.25,0,27,19,70.37,6,219,16,5,137,55.24,324,874,1531,2400,281.3,8,1,2826,15,8,0,Alfie Jones,Hull City,845426,96,DF
76,6,14.29,227,87,31.29,539,797,1330,76.31,129,63.86,73,40,1,0,0,0,140,0,1,3,10,156,40,0,0,15,12,154,0,0,1.54,0.66,47,0,0.0,16,0,1,46,36,10,0,0,,106,56.68,0,0,0,413,36,15,0,36,3238,2,,0,1,0,1,0.0,0,0,0,0,557,6,0,6.86,0,0,0,0,0,0,0,0,0.0,0.0,0,7,2,3,3,5,35.71,0,72,39,54.17,14,191,14,42,235,60.41,278,878,907,1743,274.4,9,0,2557,29,9,0,Andrew Hughes,Preston North End,78368,21,DF
92,21,23.33,245,137,39.03,561,789,1329,75.73,63,65.63,33,44,2,0,0,0,216,6,0,10,11,86,44,0,0,15,58,146,3,1,2.57,0.97,38,0,4.0,0,1,3,51,48,3,0,1,,121,51.71,0,0,0,426,37,30,0,38,3343,0,,0,1,0,1,0.0,0,0,0,0,670,7,0,6.86,0,1,0,0,0,0,0,0,3343.0,0.0,3,5,20,8,7,12,66.67,0,88,54,61.36,29,215,18,90,184,55.76,351,954,891,1755,301.8,25,0,2469,22,5,0,Will Vaulks,Oxford United,254849,95,MF
37,17,27.42,200,34,48.57,317,194,494,78.66,27,58.7,19,31,3,0,0,0,61,4,2,8,0,25,31,0,0,14,10,68,0,0,2.51,2.3,16,0,14.29,0,3,6,27,22,5,3,0,,34,40.96,0,0,0,134,16,35,1,20,1767,0,,0,0,1,0,100.0,0,1,0,0,223,11,0,6.86,0,2,0,0,0,0,0,0,589.0,0.0,2,15,6,6,7,4,26.67,0,17,11,64.71,35,59,15,62,61,47.29,70,459,231,628,212.6,21,0,896,14,2,0,Nicolas Madsen,Queens Park Rangers,938306,1,MF
50,7,20.59,287,40,40.82,600,579,1172,81.5,23,30.26,53,40,2,0,0,0,186,3,2,11,4,28,40,0,0,44,50,249,2,1,2.74,4.09,68,0,4.65,0,2,4,39,34,5,2,0,,193,49.61,0,0,0,266,41,34,0,39,3160,2,,0,2,0,0,0.0,0,0,0,0,446,22,0,6.86,0,2,0,0,0,0,0,0,1580.0,0.0,0,19,24,18,14,18,33.33,0,130,74,56.92,32,96,54,34,216,46.45,98,828,644,1438,274.3,43,1,2092,45,6,0,Gonçalo Franco,Swansea City,984866,74,MF
17,5,8.77,140,7,33.33,216,97,308,73.33,19,28.36,48,22,0,0,0,0,61,5,1,19,1,27,21,0,0,52,22,188,0,1,1.67,5.31,26,0,10.87,0,5,5,18,15,3,4,1,,96,40.68,0,0,1,112,3,18,5,19,1607,0,,0,0,2,0,100.0,0,2,0,1,309,12,0,6.86,0,0,0,0,0,0,0,0,321.4,0.0,1,21,25,16,11,41,49.4,0,21,15,71.43,18,39,83,57,115,37.95,21,355,122,420,144.0,46,1,872,34,4,0,Joe Gelhardt,Hull City,945806,96,FW
7,13,15.48,212,8,32.0,339,118,444,85.38,8,32.0,17,36,2,0,0,0,70,1,2,14,1,19,35,0,0,21,8,83,0,0,2.42,2.46,12,0,6.9,0,2,4,19,18,1,2,0,,91,57.96,0,0,1,76,5,24,1,17,1673,2,,0,0,0,0,0.0,0,0,0,0,249,8,0,6.86,0,1,0,0,0,0,0,0,836.5,0.0,0,21,8,8,7,26,50.98,0,25,21,84.0,24,16,51,84,99,54.4,25,471,133,520,240.0,29,1,924,40,0,0,Yu Hirakawa,Bristol City,1166844,58,MF
20,10,22.22,73,29,44.62,164,211,365,83.14,18,54.55,15,15,1,0,0,0,34,1,0,1,3,38,14,0,0,3,6,42,0,0,1.59,0.32,13,0,0.0,0,0,1,12,11,1,0,0,,32,54.24,0,0,0,74,10,7,0,12,1040,0,,0,0,0,0,0.0,0,0,0,0,146,2,0,6.86,0,0,0,0,0,0,0,0,0.0,0.0,0,3,0,1,1,3,37.5,0,17,10,58.82,7,41,8,45,50,54.35,65,252,232,439,96.0,3,0,722,12,2,0,Harry Pickering,Blackburn Rovers,845571,46,DF
9,3,20.0,87,5,55.56,143,80,220,63.77,72,37.89,118,37,2,0,0,1,27,1,10,22,4,27,37,0,0,23,9,198,0,0,1.49,10.48,33,1,12.99,0,10,12,37,35,2,8,2,,42,34.43,0,0,1,125,2,17,4,29,2540,16,,0,0,4,0,75.0,0,3,0,2,222,10,0,6.86,0,6,0,0,0,0,0,0,254.0,14.29,7,57,20,19,36,5,23.81,0,14,8,57.14,17,12,21,15,114,36.54,9,263,97,345,253.7,77,2,657,25,3,0,Thomas Cannon,Sheffield United,1005766,15,FW
21,35,29.91,199,16,25.4,358,170,493,72.82,9,16.07,47,40,5,0,0,0,99,6,3,4,5,35,39,0,0,34,18,163,0,1,3.85,3.78,47,0,10.0,0,2,7,30,24,6,2,0,,130,52.85,0,0,2,184,21,44,0,28,2430,10,,0,0,0,0,0.0,0,0,0,0,377,11,0,6.86,0,2,0,0,0,0,0,0,1215.0,0.0,3,12,8,8,8,7,25.0,0,76,56,73.68,44,58,28,117,139,46.03,63,585,209,677,267.4,20,3,1187,47,7,0,George Honeyman,Millwall,789859,25,MF
12,1,25.0,61,24,34.29,159,219,377,77.89,17,51.52,16,17,1,0,0,0,59,2,1,1,0,45,16,0,1,8,7,57,0,0,0.31,1.1,21,0,14.29,0,1,2,21,20,1,1,0,,62,60.19,0,0,0,107,17,2,0,12,1135,0,,0,0,0,1,0.0,0,0,0,0,155,5,0,6.86,1,1,0,0,0,0,0,0,1135.0,0.0,0,5,2,2,4,6,54.55,0,38,26,68.42,2,39,11,4,79,58.09,70,241,247,484,109.7,7,0,800,18,4,0,Joe Edwards,Plymouth Argyle,72806,71,DF
31,2,14.29,215,23,36.51,372,273,643,76.82,14,34.15,27,35,3,0,0,0,95,6,1,12,4,34,34,0,0,37,39,166,0,0,1.58,2.35,35,0,14.29,0,4,7,37,35,2,3,1,,115,45.28,0,0,0,194,18,31,0,26,2362,4,,0,0,0,0,0.0,0,0,0,0,323,18,0,6.86,0,4,0,0,0,0,0,0,590.5,0.0,0,16,12,8,8,14,32.56,0,67,41,61.19,31,63,43,14,129,43.73,63,537,314,837,233.1,28,1,1276,35,9,0,Andrew Moran,Stoke City,1005706,29,MF
17,1,33.33,166,29,54.72,485,500,984,91.36,12,42.86,16,27,0,0,0,0,100,0,0,9,3,25,27,0,0,22,7,76,0,4,1.07,3.84,19,0,16.0,1,4,4,29,27,2,4,0,,75,55.56,0,0,0,93,19,10,0,25,2079,0,,0,0,3,0,100.0,0,3,0,0,161,3,0,6.86,0,4,0,0,0,0,0,0,519.75,0.0,0,13,12,8,8,12,50.0,0,22,17,77.27,10,29,24,3,87,53.37,53,543,537,1077,185.1,25,0,1361,41,0,0,Tom Dele-Bashiru,Watford,904845,24,MF
40,11,16.18,269,52,53.06,496,304,789,79.22,27,37.5,45,42,1,0,0,0,139,6,4,17,5,38,42,0,0,36,35,191,0,1,3.09,5.81,31,0,8.33,0,4,5,33,26,7,4,0,,142,49.31,0,0,1,207,17,42,2,36,3078,3,,0,0,0,0,0.0,0,0,0,1,433,17,0,6.85,0,2,0,0,0,0,0,0,769.5,0.0,0,34,14,17,14,38,46.34,0,51,29,56.86,42,78,82,68,169,46.94,98,713,351,996,287.9,48,0,1595,54,8,0,Chris Rigg,Sunderland,1394089,41,MF
36,0,0.0,108,71,48.3,421,919,1340,89.87,36,57.14,27,24,0,0,0,0,97,0,2,1,5,117,24,0,0,2,5,55,1,2,0.24,1.95,19,0,9.09,17,1,1,33,29,4,1,0,,39,58.21,0,0,0,151,22,3,1,24,2093,2,,0,0,0,0,0.0,0,0,0,1,170,0,0,6.85,0,0,0,0,0,0,0,0,2093.0,0.0,0,10,1,8,2,3,50.0,0,23,18,78.26,3,62,6,0,75,57.69,147,497,994,1491,164.5,11,0,1749,14,9,0,George Edmundson,Middlesbrough,803678,36,DF
22,0,0.0,15,98,27.3,46,835,881,76.88,18,100.0,0,39,0,0,0,0,271,0,0,0,21,34,39,1,0,0,0,0,3,0,0.03,,0,0,0.0,119,0,0,27,23,4,0,0,-2.73,10,100.0,0,28,0,265,0,1,0,39,3510,0,,1,0,0,0,0.0,4,0,1,0,275,0,15,6.85,0,0,18,35,29,65,1,13,0.0,0.0,0,0,0,0,0,1,100.0,18,0,0,0.0,1,40,1,0,28,100.0,359,252,894,1146,267.3,0,1,1475,11,0,0,Illan Meslier,Leeds United,906076,34,GK
9,1,25.0,94,12,50.0,166,94,259,64.43,75,40.76,109,29,1,0,0,0,54,1,4,12,1,23,29,0,0,26,6,193,1,0,1.08,5.5,46,0,18.6,0,8,9,28,21,7,8,0,,54,39.13,2,0,0,143,4,14,2,21,1787,20,,0,0,1,0,100.0,0,1,0,0,257,10,0,6.85,0,4,0,0,0,0,0,0,223.38,0.0,0,35,8,16,15,9,50.0,0,22,16,72.73,14,20,18,4,129,40.06,24,284,122,402,198.7,43,1,699,24,6,0,Michael Frey,Queens Park Rangers,134248,1,FW
5,4,15.38,77,6,60.0,145,42,183,78.54,3,25.0,9,29,2,0,0,0,37,1,7,8,0,2,28,0,0,23,12,81,0,0,1.3,4.67,15,0,16.67,0,6,8,3,3,0,4,2,,51,41.46,0,0,1,50,3,13,4,7,807,3,,0,0,0,0,0.0,0,0,0,0,155,3,0,6.85,0,2,0,0,0,0,0,0,134.5,0.0,0,18,18,12,16,18,45.0,0,22,13,59.09,13,7,40,26,54,40.0,10,211,48,233,191.8,36,2,464,11,2,0,Largie Ramazani,Leeds United,909966,34,MF
0,0,0.0,4,0,0.0,5,1,6,75.0,0,0.0,0,2,1,0,0,0,0,1,0,0,0,0,2,0,0,0,0,1,0,0,0.12,,1,0,0.0,0,0,1,0,0,0,0,0,,0,0.0,0,0,0,2,0,1,0,0,21,0,,0,0,0,0,0.0,0,0,0,0,2,0,0,6.85,0,0,0,0,0,0,0,0,0.0,0.0,0,0,0,0,0,0,0.0,0,0,0,0.0,1,1,0,0,0,0.0,1,7,1,8,13.7,0,0,9,0,0,0,Nathan Redmond,Burnley,115346,6,FW
1,0,0.0,11,1,100.0,15,2,17,77.27,0,0.0,2,4,1,0,0,0,7,1,0,1,0,0,4,0,0,2,0,10,0,0,0.02,0.14,5,0,0.0,0,0,1,2,2,0,0,0,,7,46.67,0,0,0,5,2,2,0,0,68,0,,0,0,0,0,0.0,0,0,0,0,14,1,0,6.85,0,0,0,0,0,0,0,0,0.0,0.0,0,3,0,2,0,2,66.67,0,4,4,100.0,2,1,3,2,7,41.18,1,22,2,22,27.4,3,0,47,1,1,0,Tammer Bany,West Bromwich Albion,1093309,8,
9,2,15.38,99,4,28.57,181,48,227,55.64,117,40.48,172,37,0,0,0,0,54,3,6,7,4,38,37,0,0,38,8,275,0,0,1.6,8.39,39,1,23.08,0,12,12,29,26,3,10,2,,45,30.41,4,0,1,181,3,9,3,23,2181,15,,0,0,1,0,100.0,0,1,0,0,321,17,0,6.85,0,5,0,0,0,0,0,0,181.75,100.0,1,43,9,18,27,13,40.63,0,13,10,76.92,9,18,32,13,162,37.07,14,350,71,408,253.4,52,1,766,22,2,0,Mihailo Ivanović,Millwall,1165838,25,FW
18,20,23.81,201,23,30.26,387,219,586,74.55,45,60.0,30,29,1,0,0,0,43,5,3,2,6,60,29,0,0,6,8,67,0,1,2.49,1.04,21,0,9.09,0,1,2,27,20,7,1,0,,37,50.0,1,0,1,200,18,22,0,23,2080,0,,0,0,0,0,0.0,0,0,0,0,330,2,0,6.85,0,0,0,0,0,0,0,0,2080.0,0.0,0,8,3,8,1,3,60.0,0,20,13,65.0,22,64,5,84,82,55.03,76,606,264,786,198.6,11,0,1321,14,5,0,Jake Bidwell,Coventry City,103115,11,DF
10,27,23.48,157,23,32.86,303,274,550,72.66,56,50.91,54,29,3,0,0,0,81,6,0,7,6,63,29,0,0,14,11,130,0,0,2.67,0.41,35,0,0.0,1,0,3,33,29,4,0,0,,71,48.3,0,0,0,207,27,30,0,24,2155,5,,0,1,0,0,0.0,0,0,0,0,421,8,0,6.85,0,0,0,0,0,0,0,0,0.0,0.0,1,6,3,1,1,9,33.33,0,42,28,66.67,29,30,27,115,127,49.42,70,537,335,757,198.6,9,0,1417,20,8,0,Callum Elder,Derby County,786274,27,DF
11,6,27.27,405,18,52.94,642,214,850,81.5,17,31.48,37,44,6,0,0,0,143,9,5,17,6,20,44,0,0,68,34,216,0,0,3.93,4.8,40,0,5.0,0,2,8,25,21,4,2,0,,120,40.13,0,0,1,193,8,48,2,38,3154,8,,0,1,0,0,0.0,0,0,0,0,421,28,0,6.85,0,0,0,0,0,0,0,0,1577.0,0.0,0,32,8,11,12,22,34.38,0,43,32,74.42,47,21,64,22,137,38.81,34,829,236,1043,301.3,40,0,1596,57,2,0,Callum O'Hare,Sheffield United,875085,15,MF
11,0,0.0,24,26,35.14,120,479,599,84.84,21,58.33,15,19,0,0,0,0,34,0,1,1,3,90,19,0,0,1,4,32,0,0,0.05,0.97,12,0,0.0,13,0,0,14,13,1,0,0,,18,51.43,0,0,0,107,18,1,0,14,1307,0,,0,0,0,0,0.0,0,0,0,0,116,0,0,6.85,0,0,0,0,0,0,0,0,0.0,0.0,0,7,1,7,0,0,0.0,0,15,12,80.0,1,38,0,0,39,54.93,74,186,520,706,130.1,8,0,889,4,3,0,Liam Morrison,Queens Park Rangers,987541,1,DF
66,0,0.0,53,256,31.45,171,480,651,53.49,16,88.89,2,46,0,0,0,0,404,0,0,0,10,57,46,0,0,0,2,4,3,0,0.08,,0,0,0.0,219,0,0,55,48,7,0,0,0.98,7,77.78,0,33,1,566,0,0,0,46,4140,0,,0,0,0,0,0.0,2,0,0,0,584,0,21,6.85,0,0,39,78,39,117,0,15,0.0,0.0,0,0,0,0,0,2,100.0,38,1,0,0.0,0,106,2,0,23,85.19,814,662,555,1217,314.9,0,0,1669,4,3,0,Max O'Leary,Bristol City,360388,58,GK
11,16,20.0,156,12,23.08,245,80,309,64.24,49,45.79,58,34,5,0,0,0,111,4,7,17,2,38,34,0,0,41,17,184,0,0,2.54,4.96,32,0,3.77,0,2,7,22,17,5,2,0,,83,39.71,1,0,1,172,18,27,0,21,1906,12,,0,1,0,0,0.0,0,0,0,0,376,17,0,6.84,0,1,0,0,0,0,0,0,953.0,0.0,1,37,16,17,19,24,40.0,0,47,30,63.83,26,27,60,80,132,41.77,52,443,118,481,232.7,53,0,991,14,4,0,Femi Azeez,Millwall,1007093,25,MF
17,11,13.75,166,12,80.0,295,147,431,87.78,1,7.14,13,32,2,0,0,0,79,4,0,11,0,4,32,0,0,28,13,103,0,0,2.08,1.4,15,0,7.14,0,2,4,24,20,4,1,1,,93,50.82,0,0,1,60,7,23,0,17,1549,9,,0,1,0,0,0.0,0,0,0,0,232,15,0,6.84,0,2,0,0,0,0,0,0,774.5,0.0,0,13,15,10,7,31,47.69,0,26,22,84.62,22,27,65,80,94,47.72,15,414,157,491,219.0,28,0,851,36,0,0,Chris Willock,Cardiff City,356334,61,MF
15,9,28.13,77,14,48.28,152,120,263,84.57,6,42.86,8,16,0,0,0,0,36,3,0,3,0,14,16,0,0,9,7,42,0,0,1.52,0.91,10,0,16.67,0,1,1,16,16,0,0,1,,24,41.38,0,0,0,48,12,15,0,7,719,1,,0,0,0,0,0.0,0,0,0,0,100,5,0,6.84,0,1,0,0,0,0,0,0,719.0,0.0,0,2,4,1,2,3,27.27,0,14,8,57.14,15,20,11,32,30,41.67,29,206,137,311,109.5,6,0,464,7,2,0,Shandon Baptiste,Luton Town,892111,72,MF
46,4,20.0,214,56,31.82,499,533,1028,75.98,63,46.67,72,39,1,0,0,0,149,5,3,6,8,85,39,0,0,27,30,203,0,0,2.39,1.9,72,0,4.0,0,1,2,43,42,1,1,0,,117,47.18,1,0,1,325,51,18,0,37,3014,0,,0,0,0,0,0.0,0,0,0,0,432,12,0,6.84,0,0,0,0,0,0,0,0,3014.0,0.0,0,17,8,14,5,16,69.57,0,82,55,67.07,18,108,23,20,180,47.0,176,759,614,1353,266.9,25,0,1893,19,11,0,Wouter Burger,Stoke City,916946,29,MF
76,0,0.0,38,203,33.55,105,791,896,68.61,8,100.0,0,42,0,0,0,0,333,0,0,0,14,26,42,1,0,0,0,0,1,2,0.06,0.04,0,0,0.0,273,0,0,42,34,8,0,0,-1.75,8,100.0,0,19,0,410,0,0,0,42,3780,0,,2,0,0,0,0.0,5,0,1,0,415,0,10,6.84,0,0,10,62,29,92,0,21,0.0,0.0,0,1,0,0,1,1,100.0,10,1,1,100.0,0,143,1,0,16,100.0,605,425,881,1306,287.4,1,0,1658,8,3,0,Anthony Patterson,Sunderland,958718,41,GK
2,2,18.18,31,4,36.36,56,51,105,66.04,18,28.13,46,20,2,0,0,0,17,3,2,8,0,10,19,0,0,20,1,83,0,0,0.61,1.63,12,0,18.18,0,4,6,15,14,1,4,0,,36,49.32,1,0,0,54,3,9,0,9,831,10,,0,0,0,0,0.0,0,0,0,0,116,5,0,6.84,0,3,0,0,0,0,0,0,207.75,0.0,0,15,7,7,7,10,66.67,0,8,6,75.0,9,4,15,11,54,39.42,11,107,63,159,130.0,22,1,322,18,2,0,Rayan Kolli,Queens Park Rangers,1521566,1,FW
31,1,25.0,69,51,42.5,222,539,760,85.3,23,41.82,32,19,0,0,0,0,76,0,0,0,3,85,19,0,0,9,2,69,2,3,0.41,0.08,18,0,0.0,10,0,0,19,18,1,0,0,,63,63.0,0,0,0,131,9,6,0,17,1389,1,,0,0,0,0,0.0,0,0,0,0,174,0,0,6.84,1,0,0,0,0,0,0,0,0.0,0.0,0,3,1,3,1,12,60.0,0,25,22,88.0,6,57,20,4,86,55.48,120,304,591,891,130.0,4,1,1177,26,2,1,James Abankwah,Watford,1127232,24,DF
58,40,25.64,203,85,40.67,423,425,808,71.06,39,52.7,35,41,2,0,0,0,163,7,0,14,5,74,40,0,0,17,24,130,1,0,4.88,0.78,30,0,0.0,0,0,2,42,42,0,0,0,,110,53.66,0,0,0,329,28,46,0,30,2797,1,,0,0,0,0,0.0,0,0,0,0,573,8,0,6.84,0,0,0,0,0,0,0,0,0.0,0.0,0,12,16,9,5,17,40.48,0,63,28,44.44,46,132,42,156,149,53.41,209,771,522,1137,273.6,28,1,1965,31,3,0,Marvin Johnson,Sheffield Wednesday,222188,12,MF
16,1,50.0,25,32,54.24,94,242,335,85.68,17,53.13,15,11,0,0,0,0,21,0,1,1,1,39,10,0,0,0,3,25,0,0,0.31,0.17,7,0,0.0,9,0,0,12,10,2,0,0,,18,64.29,0,0,0,56,4,4,0,8,759,0,,0,0,0,0,0.0,0,0,0,0,69,0,0,6.84,0,0,0,0,0,0,0,0,0.0,0.0,0,3,0,1,1,0,0.0,0,14,7,50.0,4,32,0,2,35,58.33,59,127,266,391,68.4,3,0,497,4,3,0,Jake Clarke-Salter,Queens Park Rangers,791984,1,DF
20,1,11.11,178,20,52.63,284,190,473,73.79,25,34.72,47,39,3,0,0,0,106,7,5,12,0,21,38,0,0,33,19,145,1,1,2.5,4.83,19,0,10.81,0,4,7,36,32,4,4,0,,120,55.05,1,0,1,168,19,34,0,28,2266,3,,0,0,0,0,0.0,0,0,0,0,302,15,0,6.84,0,3,0,0,0,0,0,0,566.5,0.0,0,32,5,14,11,21,42.86,0,50,26,52.0,34,44,49,9,145,50.0,38,412,238,641,259.9,37,0,1080,49,3,0,Rúben Rodrigues,Oxford United,946563,95,MF
17,1,33.33,47,35,31.82,126,298,423,71.69,65,61.9,40,25,1,0,0,0,47,2,0,0,0,167,23,0,0,1,13,66,0,0,0.88,0.2,13,0,0.0,6,0,1,43,40,3,0,0,,36,58.06,0,0,0,167,31,9,0,19,1737,1,,0,0,0,0,0.0,0,0,0,0,207,0,0,6.84,0,0,0,0,0,0,0,0,0.0,0.0,0,4,0,4,0,1,100.0,0,33,18,54.55,9,43,1,3,101,60.48,110,246,347,590,157.3,4,0,977,2,3,0,Victor Pálsson,Plymouth Argyle,87507,71,DF
5,0,0.0,28,9,90.0,55,73,128,86.49,0,0.0,6,8,1,0,0,0,23,0,1,2,0,4,8,0,0,3,5,22,0,1,0.22,0.53,8,0,14.29,0,1,2,5,4,1,1,0,,17,51.52,0,0,0,20,2,5,0,5,398,0,,0,0,0,0,0.0,0,0,0,0,31,2,0,6.84,0,1,0,0,0,0,0,0,398.0,0.0,0,2,5,4,1,2,100.0,0,11,5,45.45,5,6,2,0,17,43.59,10,69,79,148,54.7,7,0,207,4,1,0,Óscar Zambrano,Hull City,1145130,96,MF
24,11,13.92,245,26,41.94,379,228,596,74.5,41,37.27,69,42,2,0,0,0,106,5,3,7,1,44,41,0,0,32,12,189,0,0,2.24,2.83,46,0,3.03,0,1,3,30,25,5,1,0,,135,52.94,0,0,0,204,34,30,1,33,2596,4,,0,1,0,1,0.0,0,0,0,0,400,14,0,6.84,0,0,0,0,0,0,0,0,2596.0,0.0,1,23,10,14,12,22,40.0,0,72,47,65.28,29,45,55,79,176,48.22,62,591,288,800,280.3,33,0,1396,42,4,0,Ryan Hedges,Blackburn Rovers,600620,46,MF
12,10,38.46,181,13,43.33,282,224,496,81.58,19,32.76,39,39,3,0,0,0,128,6,2,17,3,15,39,0,1,38,32,193,0,0,3.02,3.37,31,0,7.89,1,3,6,35,27,8,3,0,,167,52.02,0,0,1,112,15,39,0,25,2304,8,,0,0,0,1,0.0,0,0,0,0,287,19,0,6.84,1,3,0,0,0,0,0,0,768.0,0.0,0,31,7,11,10,40,42.55,0,72,41,56.94,39,25,94,26,186,49.08,30,376,258,608,266.6,38,0,1129,57,0,0,Koki Saito,Queens Park Rangers,905356,1,MF
31,36,28.57,208,56,37.84,483,629,1076,83.28,33,42.86,44,39,4,0,0,0,129,6,3,3,3,112,39,0,0,21,22,130,0,1,3.21,1.48,29,0,6.25,0,1,5,52,43,9,1,0,,95,52.49,0,0,2,216,38,34,1,34,2887,0,,0,0,0,0,0.0,0,0,0,0,420,1,0,6.84,0,0,0,0,0,0,0,0,2887.0,0.0,3,5,11,7,6,10,40.0,0,52,29,55.77,34,84,25,126,128,49.61,148,724,694,1292,266.6,16,3,2129,34,4,0,Kenneth Paal,Queens Park Rangers,285997,1,DF
20,8,22.86,225,24,30.77,509,355,856,82.47,33,42.31,45,32,0,0,0,0,58,2,2,4,4,71,30,0,0,9,21,99,0,0,2.13,0.58,20,0,18.18,0,2,2,31,28,3,0,2,,72,57.14,0,0,0,182,20,14,0,23,2014,0,,0,0,0,1,0.0,0,0,0,0,300,1,0,6.83,0,2,0,0,0,0,0,0,1007.0,0.0,0,5,6,3,4,2,22.22,0,57,39,68.42,14,42,9,35,105,51.47,78,670,403,1038,205.0,11,0,1567,13,2,0,George Tanner,Bristol City,927367,58,DF
12,1,33.33,37,30,40.54,122,310,431,80.56,57,61.29,36,21,0,0,0,0,39,0,2,1,3,114,21,0,0,2,5,59,0,0,0.25,0.93,13,0,0.0,1,0,0,24,19,5,0,0,,22,48.89,0,0,0,104,17,5,0,14,1380,0,,1,0,0,0,0.0,0,0,0,0,120,0,0,6.83,0,0,0,0,0,0,0,0,0.0,0.0,0,9,1,6,3,4,57.14,0,12,9,75.0,5,34,7,3,79,57.25,74,194,344,535,143.5,10,1,761,9,4,0,William Fish,Cardiff City,966654,61,DF
19,15,22.73,256,14,35.0,464,307,756,80.34,14,29.17,34,44,6,0,0,0,189,7,10,11,4,30,44,0,0,65,27,242,0,2,4.07,7.15,40,0,13.73,0,7,13,36,32,4,7,0,,170,44.97,1,0,2,185,28,42,1,40,3206,19,,0,0,1,0,100.0,0,1,0,1,485,21,0,6.83,0,5,0,0,0,0,0,0,458.0,0.0,0,38,13,17,23,58,42.96,0,58,40,68.97,42,36,135,66,184,43.19,40,654,353,941,300.6,51,0,1677,54,12,0,Tyrhys Dolan,Blackburn Rovers,1063015,46,MF
10,0,0.0,3,26,33.33,12,138,150,73.89,5,100.0,0,7,0,0,0,0,40,0,0,0,4,6,7,0,0,1,0,1,0,0,0.0,,1,0,0.0,33,0,0,3,3,0,0,0,0.74,0,0.0,0,6,0,53,0,0,0,7,630,0,,0,0,0,0,0.0,0,0,0,0,55,0,4,6.83,0,0,1,3,6,9,0,1,0.0,0.0,0,0,0,0,0,0,0.0,1,0,0,0.0,0,16,0,0,5,83.33,78,58,145,203,47.8,0,0,254,0,1,0,Karl Darlow,Leeds United,123689,34,GK
6,11,20.0,94,4,30.77,142,48,179,79.56,2,22.22,7,20,0,0,0,0,33,2,2,14,0,13,19,0,0,23,14,73,0,0,1.53,1.72,10,0,7.69,0,2,2,7,6,1,2,0,,47,41.59,0,0,1,46,5,13,0,11,918,1,,0,0,0,0,0.0,0,0,0,1,158,3,0,6.83,0,2,0,0,0,0,0,0,459.0,0.0,0,21,5,7,5,13,40.63,0,15,10,66.67,13,16,32,55,49,40.16,13,219,61,225,129.7,26,1,492,19,2,0,Tom Watson,Sunderland,1167066,41,MF
4,3,30.0,44,8,27.59,98,151,246,82.83,11,42.31,15,12,0,0,0,0,28,1,0,1,3,35,12,0,0,4,2,29,0,0,0.3,0.46,8,0,0.0,3,0,0,6,5,1,0,0,,13,48.15,0,0,0,51,6,3,0,8,709,1,,0,0,0,0,0.0,0,0,0,0,82,2,0,6.83,0,0,0,0,0,0,0,0,0.0,0.0,0,3,0,1,1,0,0.0,0,10,4,40.0,3,12,2,10,24,45.28,29,139,168,297,81.9,3,0,448,3,2,0,Aji Alese,Sunderland,934228,41,DF
63,8,40.0,255,101,38.55,598,1091,1681,81.72,89,60.54,58,41,1,0,0,0,175,1,0,8,5,144,41,0,1,20,17,157,1,3,1.8,1.53,53,0,6.67,11,2,3,60,51,9,2,0,,99,50.0,0,0,1,376,52,24,1,41,3520,3,,1,0,0,1,0.0,0,0,0,0,468,7,0,6.82,1,1,0,0,0,0,0,0,1760.0,0.0,0,18,12,13,9,13,56.52,0,74,48,64.86,24,131,23,20,188,54.49,262,870,1207,2057,279.7,30,1,2625,14,8,0,Calum Chambers,Cardiff City,227942,61,DF
21,8,16.67,240,34,39.08,544,719,1255,88.32,32,61.54,20,38,4,0,0,0,141,4,1,6,3,66,37,0,0,27,18,125,0,1,2.39,1.72,50,0,0.0,0,0,4,47,42,5,0,0,,118,52.91,0,0,1,166,36,17,0,34,2704,2,,0,0,0,0,0.0,0,0,0,0,282,4,0,6.82,0,0,0,0,0,0,0,0,0.0,0.0,0,11,8,9,4,14,53.85,0,60,44,73.33,17,46,26,48,150,54.55,87,684,785,1421,252.4,19,0,2050,46,10,0,Kellen Fisher,Norwich City,1395695,263,DF
3,0,0.0,12,2,100.0,16,7,23,56.1,18,69.23,8,11,1,0,0,0,5,2,1,1,0,7,10,0,0,3,0,21,0,0,0.52,0.74,8,0,14.29,0,1,2,4,4,0,1,0,,9,40.91,1,0,0,18,0,5,0,1,224,1,,0,0,0,0,0.0,0,0,0,0,34,1,0,6.82,0,0,0,0,0,0,0,0,224.0,0.0,0,7,0,4,2,0,0.0,0,2,1,50.0,5,4,3,0,27,56.25,2,32,9,41,68.2,7,1,89,7,1,0,Daryl Dike,West Bromwich Albion,1015227,8,MF
5,7,43.75,80,11,57.89,171,65,229,82.67,14,51.85,13,22,2,0,0,0,49,4,3,8,0,10,22,0,0,15,12,89,0,0,2.64,2.7,20,0,14.29,0,3,5,8,6,2,2,1,,69,47.59,0,0,0,48,6,13,3,10,962,1,,0,0,0,0,0.0,0,0,0,0,139,8,0,6.82,0,0,0,0,0,0,0,0,320.67,0.0,0,14,7,4,9,27,48.21,0,34,16,47.06,13,13,56,16,83,48.26,19,223,70,277,150.0,21,1,537,10,3,0,Andre Brooks,Sheffield United,1396445,15,MF
8,0,0.0,3,26,32.1,13,99,112,66.67,2,100.0,0,6,0,0,0,0,41,0,0,0,1,14,6,0,0,0,1,1,0,0,0.0,,0,0,0.0,26,0,0,11,9,2,0,0,-2.11,1,50.0,0,2,0,56,0,0,0,6,540,0,,0,0,0,0,0.0,0,0,0,0,57,0,1,6.82,0,0,3,12,3,16,0,3,0.0,0.0,0,0,0,0,0,0,0.0,3,0,0,0.0,0,14,0,0,3,75.0,81,56,112,168,40.9,0,0,231,1,0,0,Joshua Griffiths,West Bromwich Albion,1011208,8,GK
1,1,33.33,22,2,66.67,32,16,47,90.38,0,0.0,1,6,0,0,0,0,15,0,0,0,0,2,6,0,0,7,2,17,0,0,0.31,0.1,3,0,0.0,0,0,0,3,3,0,0,0,,27,62.79,0,0,0,5,0,2,0,0,155,0,,0,0,0,0,0.0,0,0,0,0,23,1,0,6.82,0,0,0,0,0,0,0,0,0.0,0.0,0,1,1,0,2,9,69.23,0,10,4,40.0,2,1,13,3,27,61.36,3,38,17,52,40.9,2,0,113,8,0,0,Will Jarvis,Hull City,1126205,96,MF
63,9,20.45,201,104,47.49,483,669,1143,78.94,115,68.45,53,41,2,0,0,0,155,1,1,4,5,110,38,0,1,7,21,122,0,1,1.51,0.97,39,0,0.0,6,0,2,55,45,10,0,0,,70,50.36,0,0,0,305,31,24,0,30,2732,2,,1,0,0,0,0.0,0,0,0,0,400,9,0,6.82,1,0,0,0,0,0,0,0,0.0,0.0,2,9,4,7,2,7,70.0,0,37,18,48.65,24,123,10,44,185,60.26,219,743,749,1448,259.0,13,0,1894,28,8,0,Marlon Pack,Portsmouth,84258,2,DF
30,3,12.0,243,32,51.61,489,381,867,81.79,43,58.11,31,40,1,0,0,0,127,3,2,5,5,41,40,0,0,13,12,118,0,0,2.21,3.5,42,0,26.09,0,6,7,49,45,4,6,0,,84,49.12,1,0,1,193,16,27,1,33,2901,4,,0,0,0,0,0.0,0,0,0,0,309,13,0,6.82,1,4,0,0,0,0,0,0,483.5,0.0,0,19,4,7,11,12,34.29,0,46,29,63.04,27,50,35,25,127,51.84,62,648,437,1060,272.6,23,0,1441,27,4,1,Moussa Sissoko,Watford,27014,24,MF
12,1,7.69,167,12,52.17,298,171,468,81.53,16,25.4,47,34,3,0,0,0,56,5,2,7,0,7,34,0,0,42,19,159,0,0,1.99,3.67,22,0,16.0,0,4,7,20,17,3,4,0,,109,49.32,1,0,1,106,9,18,3,14,1490,3,,0,0,0,0,0.0,0,0,0,0,261,13,0,6.81,0,0,0,0,0,0,0,0,372.5,0.0,0,14,11,9,9,31,49.21,0,41,24,58.54,18,26,63,13,125,44.01,23,389,198,574,231.7,25,1,942,37,1,0,Grady Diangana,West Bromwich Albion,848512,8,MF
2,3,12.5,54,2,100.0,84,35,116,88.55,3,21.43,11,14,3,0,0,0,34,2,1,4,0,3,14,0,0,13,4,36,0,0,1.46,0.71,0,0,7.69,0,1,4,11,8,3,1,0,,36,59.02,0,0,0,15,3,11,0,8,669,0,,0,0,0,0,0.0,0,0,0,0,77,3,0,6.81,0,1,0,0,0,0,0,0,669.0,0.0,0,4,9,5,4,12,60.0,0,16,11,68.75,11,3,20,24,39,52.0,2,118,37,131,95.4,13,0,274,8,0,0,William Alves,Cardiff City,1804786,61,MF
16,0,0.0,66,25,44.64,112,110,222,68.1,15,45.45,18,15,0,0,0,0,57,1,0,6,5,31,15,0,0,7,10,51,0,0,0.35,0.41,11,0,11.11,0,1,1,9,8,1,1,0,,43,56.58,0,0,0,104,23,5,0,12,1110,1,,0,0,0,0,0.0,0,0,0,0,138,0,0,6.81,0,1,0,0,0,0,0,0,1110.0,0.0,0,3,6,0,3,9,60.0,0,25,18,72.0,5,37,15,2,58,53.21,56,193,135,326,102.2,9,0,504,10,3,0,Harrison Armstrong,Derby County,1627560,27,MF
9,4,13.79,161,4,40.0,254,74,324,70.59,28,28.0,72,39,4,0,0,0,52,4,15,16,0,5,39,0,0,25,19,174,0,1,2.53,8.36,40,0,17.86,0,10,14,25,22,3,9,1,,70,40.7,2,0,0,135,12,21,2,26,2066,23,,0,0,1,0,100.0,0,1,0,0,276,12,0,6.81,0,6,0,0,0,0,0,0,206.6,0.0,1,46,10,14,26,18,45.0,0,30,20,66.67,21,18,40,29,98,36.03,10,399,89,459,265.7,56,2,829,22,3,0,Nahki Wells,Bristol City,145182,58,FW
8,9,30.0,123,33,70.21,213,94,298,79.68,27,33.75,53,36,3,0,0,0,43,4,2,16,1,32,36,0,0,22,10,111,0,0,1.9,4.29,16,0,10.81,0,4,7,13,12,1,4,0,,46,44.23,0,0,1,76,5,22,1,16,1570,5,,0,0,0,0,0.0,0,0,0,0,166,10,0,6.81,0,3,0,0,0,0,0,0,392.5,0.0,0,24,13,14,7,6,35.29,0,16,8,50.0,22,13,17,30,73,39.67,47,295,109,374,245.2,37,0,656,25,2,0,Rhian Brewster,Sheffield United,878705,15,MF
24,16,27.12,109,21,48.84,203,141,328,73.54,16,33.33,32,35,5,0,0,0,73,8,2,5,0,17,34,0,0,20,19,109,0,0,2.58,2.55,31,0,4.35,0,1,6,30,27,3,1,0,,69,47.26,0,0,0,118,16,21,1,19,1695,4,,0,0,0,1,0.0,0,0,0,0,280,9,0,6.81,0,0,0,0,0,0,0,0,1695.0,0.0,0,16,7,9,9,10,52.63,0,48,33,68.75,21,43,19,59,85,43.81,43,338,167,446,231.5,23,0,842,11,5,0,Svante Ingelsson,Sheffield Wednesday,801483,12,MF
12,2,12.5,107,7,63.64,144,81,223,70.13,36,34.29,69,43,2,0,0,2,62,9,20,13,4,24,43,0,0,30,9,165,0,0,2.19,15.0,27,0,12.63,0,12,14,32,26,6,11,1,,62,39.24,0,0,3,95,7,25,1,34,3117,34,,0,0,2,0,0.0,0,0,0,1,236,9,0,6.81,0,11,0,0,0,0,0,0,259.75,0.0,1,81,14,41,41,21,40.38,0,15,6,40.0,25,18,52,16,98,37.26,11,236,98,318,292.7,95,1,715,27,9,0,Wilson Isidor,Sunderland,877980,41,FW
11,10,17.86,107,12,46.15,169,79,238,74.14,9,26.47,25,20,2,0,0,0,62,3,1,9,0,7,20,0,0,15,21,84,0,1,1.79,1.74,13,0,3.57,0,1,3,10,9,1,0,1,,37,38.54,0,0,1,83,10,16,0,12,1000,1,,0,0,0,0,0.0,0,0,0,0,198,9,0,6.81,0,1,0,0,0,0,0,0,1000.0,0.0,2,17,11,6,13,8,44.44,0,18,9,50.0,16,20,18,56,46,35.38,26,275,102,321,136.1,28,0,579,11,2,0,Adil Aouchiche,Portsmouth,962877,2,MF
15,22,19.3,199,19,38.0,320,127,425,71.07,16,34.04,31,43,4,0,0,0,120,4,3,16,1,18,43,0,0,53,26,202,0,0,3.3,2.89,41,0,2.27,0,1,5,35,29,6,0,1,,153,47.22,0,0,2,173,12,38,0,30,2780,6,,0,2,0,0,0.0,0,0,0,1,503,15,0,6.8,0,1,0,0,0,0,0,0,2780.0,0.0,0,24,20,14,14,39,42.39,0,44,30,68.18,36,33,92,114,169,45.55,50,553,159,598,292.6,44,0,1350,70,6,0,Paul Smyth,Queens Park Rangers,842562,1,MF
18,1,20.0,51,49,32.24,193,566,758,78.71,58,47.54,64,27,0,0,0,0,68,0,2,1,4,132,27,0,0,2,12,98,1,2,0.22,1.03,18,0,20.0,12,1,1,34,25,9,1,0,,61,64.21,0,0,1,205,41,2,0,23,2142,4,,1,0,0,0,0.0,0,0,0,0,231,4,0,6.8,0,1,0,0,0,0,0,0,2142.0,0.0,0,5,0,1,3,0,0.0,0,38,20,52.63,2,52,3,5,119,54.84,152,338,630,963,183.7,5,0,1307,23,5,0,Regan Poole,Portsmouth,605062,2,DF
9,23,17.29,190,15,36.59,319,129,425,78.85,4,11.43,31,34,5,0,0,0,116,12,9,34,2,11,34,0,0,40,18,192,0,0,4.83,7.74,28,0,6.85,0,5,10,38,36,2,5,0,,99,38.08,0,0,3,114,4,53,5,28,2431,10,,0,1,0,0,0.0,0,0,0,1,444,20,0,6.8,0,0,0,0,0,0,0,0,486.2,0.0,4,49,24,13,26,52,40.63,0,20,13,65.0,52,30,128,133,103,34.92,41,529,143,539,231.3,73,1,1164,27,1,0,Million Manhoef,Stoke City,961677,29,MF
8,2,11.11,113,7,36.84,185,127,310,67.98,53,26.77,145,36,3,0,0,0,68,1,4,15,0,24,36,0,0,45,13,267,0,0,1.74,7.1,43,0,16.98,1,9,12,28,27,1,9,0,,78,39.0,2,0,0,146,6,11,2,26,2240,21,,0,1,0,0,0.0,0,0,0,0,323,11,0,6.8,0,5,0,0,0,0,0,0,248.89,0.0,0,45,8,19,19,9,25.71,0,35,21,60.0,10,17,35,18,131,32.91,19,309,165,456,244.9,53,1,893,34,3,0,Yuki Ohashi,Blackburn Rovers,965226,46,FW
38,5,14.71,284,60,53.1,575,458,1028,83.78,36,34.29,69,44,1,0,0,0,156,1,2,14,8,26,43,0,0,58,17,207,2,1,1.95,6.21,41,0,12.31,0,8,9,44,40,4,6,2,,80,36.7,0,0,5,199,15,31,6,37,3202,4,,0,0,2,0,100.0,0,2,0,0,395,18,0,6.8,1,2,0,0,0,0,0,0,400.25,0.0,0,29,36,34,17,21,46.67,0,37,25,67.57,31,73,45,34,116,35.91,113,748,513,1227,292.5,65,1,1707,23,9,1,Edo Kayembe,Watford,917305,24,MF
69,0,0.0,61,254,34.99,161,786,947,66.13,10,90.91,1,45,0,0,0,0,326,0,0,0,9,42,45,1,0,0,4,5,0,4,0.09,0.26,0,0,0.0,250,0,0,63,52,11,0,0,-3.69,15,78.95,0,9,0,485,1,1,0,45,4050,0,,0,0,0,0,0.0,3,0,0,0,497,0,21,6.8,0,0,14,78,36,116,1,16,0.0,0.0,0,2,0,0,2,2,100.0,14,2,1,50.0,1,112,2,0,25,83.33,726,537,895,1432,306.1,2,1,1816,14,2,0,Paul Nardi,Queens Park Rangers,155717,1,GK
11,1,7.14,107,7,43.75,196,99,294,65.77,46,31.29,101,45,2,0,0,0,66,2,9,18,4,16,45,0,0,46,9,209,0,0,0.85,10.41,24,0,17.14,0,12,14,45,36,9,9,3,,71,39.66,2,0,0,153,8,24,3,29,2720,17,,0,0,0,0,0.0,0,0,0,1,359,22,0,6.8,0,7,0,0,0,0,0,0,226.67,0.0,0,55,15,22,30,23,41.82,0,26,16,61.54,24,16,55,14,117,35.89,16,335,126,447,306.0,70,1,900,24,2,0,Emil Riis Jacobsen,Preston North End,920597,21,FW
7,0,0.0,216,12,66.67,294,100,394,81.57,15,30.61,34,42,2,0,0,0,56,3,6,31,2,9,42,0,0,29,11,133,1,0,2.35,7.78,21,0,7.25,0,5,7,32,30,2,4,1,,112,53.08,0,0,2,89,3,25,0,23,2200,12,,0,0,1,0,100.0,0,1,0,0,230,13,0,6.8,0,5,0,0,0,0,0,0,440.0,0.0,0,56,13,17,21,28,41.79,0,39,20,51.28,25,10,67,11,127,48.85,18,374,120,483,285.6,69,1,908,45,2,0,Delano Burgzorg,Middlesbrough,914276,36,MF
8,2,11.76,133,9,47.37,208,85,291,82.91,17,54.84,14,35,0,0,0,0,45,1,2,4,1,7,34,0,0,16,17,91,0,0,1.23,2.99,21,0,14.81,0,4,4,2,2,0,3,1,,83,51.88,0,0,1,60,7,11,1,11,1180,0,,0,0,0,0,0.0,0,0,0,0,168,8,0,6.8,0,3,0,0,0,0,0,0,295.0,0.0,0,19,8,12,11,24,50.0,0,36,21,58.33,11,12,48,17,100,52.36,19,268,100,351,231.2,27,2,641,23,4,0,Jeremy Sarmiento,Burnley,983816,6,MF
1,0,0.0,31,3,37.5,63,20,83,47.98,70,53.85,60,22,1,0,0,0,21,3,6,2,1,27,22,0,0,11,8,115,0,1,0.37,3.43,24,0,12.5,0,3,4,10,9,1,2,1,,34,38.2,1,0,0,90,3,7,0,9,1018,8,,0,0,0,0,0.0,0,0,0,1,159,5,0,6.8,0,2,0,0,0,0,0,0,339.33,0.0,0,17,7,14,8,5,27.78,0,16,10,62.5,7,5,18,7,104,47.49,8,141,39,173,149.6,24,2,374,13,5,0,Sam Gallagher,Stoke City,362704,29,FW
28,13,24.53,285,35,40.7,511,227,725,74.74,17,30.91,38,38,5,0,0,0,120,9,1,12,3,11,38,0,0,18,28,169,1,0,4.27,1.63,56,0,9.09,0,2,7,27,24,3,2,0,,87,39.91,0,0,0,245,12,42,0,27,2371,3,,0,0,0,1,0.0,0,0,0,0,389,20,0,6.8,0,2,0,0,0,0,0,0,1185.5,0.0,0,11,11,7,3,28,46.67,0,44,15,34.09,42,76,60,53,104,38.1,86,750,273,970,258.4,22,0,1392,15,8,0,Mads Frøkjær,Preston North End,939585,21,MF
19,20,24.1,186,18,40.91,335,253,568,80.0,24,39.34,37,30,0,0,0,0,113,4,3,8,2,16,30,0,0,43,19,150,0,2,2.86,2.29,36,0,4.76,0,1,1,22,21,1,1,0,,98,46.45,0,0,2,142,8,36,0,22,1895,3,,0,2,0,0,0.0,0,0,0,0,356,14,0,6.8,1,1,0,0,0,0,0,0,1895.0,0.0,2,11,10,9,4,23,53.49,0,40,30,75.0,34,46,43,83,122,44.85,44,503,290,710,204.0,21,0,1175,37,2,1,Gustavo Puerta,Hull City,1174889,96,MF
1,0,0.0,16,0,0.0,32,3,35,72.92,0,0.0,3,8,0,0,0,0,8,1,0,0,0,0,5,0,0,3,1,10,0,0,0.46,0.13,1,0,50.0,0,1,1,2,2,0,1,0,,2,22.22,0,0,0,13,1,1,0,0,86,0,,0,0,0,0,0.0,0,0,0,0,27,1,0,6.8,0,1,0,0,0,0,0,0,86.0,0.0,0,2,0,1,1,0,0.0,0,2,2,100.0,1,5,2,4,2,16.67,4,47,5,48,34.0,2,0,75,0,1,0,Jamie Paterson,Coventry City,123717,11,FW
40,27,33.33,187,51,34.93,313,290,576,75.79,12,38.71,19,25,1,0,0,0,88,0,0,3,2,28,25,0,0,17,11,62,0,1,2.57,0.35,11,0,0.0,0,0,1,30,26,4,0,0,,62,59.05,0,0,0,184,21,35,0,18,1704,0,,0,0,0,0,0.0,0,0,0,0,295,3,0,6.8,0,0,0,0,0,0,0,0,0.0,0.0,0,4,2,3,0,6,60.0,0,36,20,55.56,35,93,10,81,74,54.41,146,515,326,760,170.0,6,0,1094,20,2,0,Ben Osborn,Derby County,282665,27,MF
8,4,28.57,20,13,54.17,74,158,228,89.76,4,44.44,5,12,1,0,0,0,30,3,0,1,1,7,12,0,0,5,2,20,0,0,0.76,0.05,4,0,0.0,0,0,1,5,3,2,0,0,,24,61.54,0,0,0,26,7,8,0,6,509,0,,0,0,0,0,0.0,0,0,0,0,47,0,0,6.8,0,0,0,0,0,0,0,0,0.0,0.0,1,0,1,0,0,5,55.56,0,17,8,47.06,8,14,9,14,28,58.33,24,109,159,254,81.6,1,1,337,3,1,0,Josh McEachran,Oxford United,98439,95,MF
0,0,0.0,1,0,0.0,2,3,5,71.43,0,0.0,0,1,0,0,0,0,3,0,0,0,0,0,1,0,0,0,0,0,0,0,0.0,,0,0,0.0,0,0,0,0,0,0,0,0,,2,100.0,0,0,0,2,0,0,0,0,24,0,,0,0,0,0,0.0,0,0,0,0,5,0,0,6.8,0,0,0,0,0,0,0,0,0.0,0.0,0,0,0,0,0,0,0.0,0,1,1,100.0,0,0,0,2,2,100.0,0,6,3,7,6.8,0,0,13,1,0,0,Anass Zaroury,Burnley,877036,6,FW
2,0,0.0,1,2,40.0,2,8,10,76.92,0,0.0,0,2,0,0,0,0,0,1,0,0,0,0,1,0,0,0,0,1,0,0,0.28,,0,0,0.0,0,0,0,0,0,0,0,0,,0,0.0,0,0,0,3,1,1,0,0,11,0,,0,0,0,0,0.0,0,0,0,0,4,0,0,6.8,0,0,0,0,0,0,0,0,0.0,0.0,0,0,0,0,0,0,0.0,0,0,0,0.0,1,4,1,0,0,0.0,5,5,8,13,6.8,0,0,16,0,0,0,Jonjo Shelvey,Burnley,36465,6,MF
1,3,50.0,23,3,100.0,39,11,47,87.04,1,25.0,3,4,0,0,0,0,2,0,0,0,0,0,3,0,0,1,1,6,0,0,0.15,0.12,1,0,0.0,0,0,0,2,2,0,0,0,,5,62.5,0,0,0,7,0,4,0,2,132,0,,0,0,0,0,0.0,0,0,0,0,14,0,0,6.8,0,0,0,0,0,0,0,0,0.0,0.0,0,1,0,1,0,1,100.0,0,3,3,100.0,4,1,1,6,6,50.0,3,46,14,54,20.4,1,0,74,1,1,0,Harrison Jones,Sunderland,1186076,41,MF
37,1,33.33,109,47,63.51,250,247,496,84.93,11,45.83,13,21,0,0,0,0,81,0,0,4,0,22,21,0,0,20,23,68,0,0,0.36,0.3,11,0,0.0,0,0,0,28,21,7,0,0,,82,59.85,0,0,0,88,22,5,0,16,1451,0,,0,0,0,0,0.0,0,0,0,0,133,3,0,6.8,0,0,0,0,0,0,0,0,0.0,0.0,0,1,9,4,2,8,80.0,0,46,28,60.87,5,57,10,3,93,57.76,74,309,278,584,142.7,10,0,841,28,6,0,Manolis Siopis,Cardiff City,136675,61,MF
9,5,27.78,95,9,81.82,136,42,173,71.49,16,18.82,69,37,5,0,0,0,69,7,14,15,2,6,37,0,0,40,14,197,0,0,3.48,9.53,20,0,14.29,0,8,13,22,19,3,7,1,,98,43.36,1,0,0,69,4,25,5,22,2155,11,,0,0,0,0,0.0,0,0,0,0,255,17,0,6.79,0,2,0,0,0,0,0,0,269.38,0.0,0,53,3,14,27,50,47.17,0,18,6,33.33,25,12,106,18,114,36.66,11,211,49,242,251.4,56,3,667,30,2,0,Eliezer Mayenda,Sunderland,1168588,41,FW
15,5,20.83,53,20,28.99,127,131,253,66.06,59,70.24,25,17,0,0,0,0,41,1,0,3,2,61,17,0,0,5,7,60,0,0,1.08,0.51,14,0,0.0,0,0,0,24,21,3,0,0,,47,57.32,0,0,1,130,15,5,0,12,1210,1,,0,0,0,0,0.0,0,0,0,0,208,4,0,6.79,0,0,0,0,0,0,0,0,0.0,0.0,0,7,0,3,1,2,18.18,0,30,21,70.0,5,38,11,24,106,63.86,69,249,158,383,115.5,7,1,713,16,3,0,Daiki Hashioka,Luton Town,897334,72,DF
15,7,11.48,131,16,17.98,276,337,606,75.75,24,48.0,26,30,1,0,0,0,81,4,0,7,4,92,29,0,0,15,10,93,1,0,2.02,0.76,11,0,0.0,0,0,1,29,27,2,0,0,,78,53.79,0,0,0,194,31,15,0,23,2046,1,,0,1,0,2,0.0,0,0,0,0,367,1,0,6.79,0,0,0,0,0,0,0,0,0.0,0.0,0,12,5,6,4,18,36.73,0,42,25,59.52,14,44,49,61,102,52.31,89,467,394,800,197.0,17,0,1484,19,1,0,Eric Bocat,Stoke City,1017684,29,DF
43,18,28.13,216,77,49.36,411,373,766,80.38,14,40.0,21,39,2,0,0,0,123,4,3,8,3,32,39,0,0,26,24,103,0,1,2.51,2.75,15,0,9.38,0,3,5,40,33,7,3,0,,91,52.6,1,0,0,187,21,37,1,29,2522,2,,0,0,0,1,0.0,0,0,0,0,313,9,0,6.79,0,1,0,0,0,0,0,0,840.67,0.0,0,14,18,17,7,20,54.05,0,33,22,66.67,37,93,37,64,105,50.48,156,598,419,953,264.9,32,0,1356,38,6,0,Stefán Teitur Þórðarson,Preston North End,858282,21,MF
7,7,18.92,97,6,54.55,159,71,223,75.85,8,28.57,20,25,2,0,0,0,79,4,1,11,0,5,24,0,0,43,9,125,0,0,1.68,2.43,18,0,7.41,0,2,4,14,11,3,2,0,,97,48.02,0,0,1,71,9,16,0,15,1373,4,,0,0,0,0,0.0,0,0,0,0,243,6,0,6.79,0,2,0,0,0,0,0,0,686.5,0.0,1,18,9,8,8,23,37.7,0,29,17,58.62,16,12,61,37,105,45.65,11,249,82,294,163.0,27,0,683,45,2,0,Siriki Dembélé,Oxford United,886532,95,MF
13,2,10.0,261,26,35.62,504,455,957,80.29,50,53.76,43,45,2,0,0,0,123,5,4,7,18,47,45,0,0,38,22,188,0,1,4.31,3.14,45,0,7.69,0,2,4,9,8,1,2,0,,106,42.23,1,0,0,235,32,27,0,28,2725,1,,0,0,0,0,0.0,0,0,0,0,375,11,0,6.79,0,1,0,0,0,0,0,0,1362.5,0.0,0,16,10,11,8,17,28.81,0,59,36,61.02,27,39,59,20,156,45.35,73,693,519,1192,305.6,26,1,1653,32,7,0,Josh Laurent,Burnley,552036,6,MF
38,6,37.5,208,42,30.0,414,395,803,77.29,47,55.95,37,31,0,0,0,0,107,2,0,1,7,94,31,0,0,13,23,102,0,0,1.48,0.2,19,0,0.0,0,0,0,41,35,6,0,0,,94,59.12,0,0,0,236,26,14,0,31,2709,1,,0,0,0,0,0.0,0,0,0,0,361,2,0,6.79,0,0,0,0,0,0,0,0,0.0,0.0,0,2,2,3,0,10,50.0,0,47,25,53.19,14,83,20,16,141,58.02,140,582,473,1039,210.5,4,0,1583,38,1,0,Amari'i Bell,Luton Town,369674,72,DF
3,1,50.0,40,5,31.25,64,35,98,70.5,5,45.45,6,10,3,0,0,0,40,1,1,5,1,9,10,0,0,13,3,37,0,0,0.37,1.06,7,0,0.0,0,0,3,6,4,2,0,0,,35,53.03,0,0,1,41,3,4,0,7,609,2,,0,0,0,0,0.0,0,0,0,0,84,4,0,6.79,0,0,0,0,0,0,0,0,0.0,0.0,0,4,4,1,2,10,55.56,0,23,15,65.22,4,12,18,2,40,51.95,16,104,37,139,67.9,8,0,264,2,2,0,Raees Bangura-Williams,Millwall,2023412,25,MF
26,0,0.0,11,67,33.67,40,148,188,58.2,3,100.0,0,10,0,0,0,0,78,0,0,0,2,13,10,0,0,0,0,0,1,0,0.02,,0,0,0.0,65,0,0,9,8,1,0,0,-0.95,3,100.0,0,6,0,135,0,0,0,10,900,0,,0,0,0,0,0.0,0,0,0,0,137,0,5,6.79,0,0,2,15,4,19,0,4,0.0,0.0,0,0,0,0,0,0,0.0,2,1,1,100.0,0,55,0,0,6,100.0,199,145,178,323,67.9,0,0,413,2,1,0,Joe Wildsmith,West Bromwich Albion,553412,8,GK
13,2,11.11,173,20,24.69,309,232,539,75.17,29,47.54,32,30,1,0,0,0,84,0,0,2,4,66,29,0,0,13,17,107,1,1,0.71,0.57,36,0,0.0,0,0,1,36,31,5,0,0,,128,63.05,0,0,0,178,20,11,0,24,2107,1,,0,0,0,0,0.0,0,0,0,0,306,4,0,6.79,0,0,0,0,0,0,0,0,0.0,0.0,0,4,2,3,1,14,58.33,0,69,40,57.97,11,44,24,18,157,59.47,81,449,286,717,196.9,6,0,1256,45,6,0,Andy Rinomhota,Cardiff City,892482,61,MF
14,0,0.0,26,64,36.99,49,132,181,61.77,2,100.0,0,10,0,0,0,0,74,0,0,0,0,8,9,0,0,0,0,0,0,1,0.03,,0,0,0.0,75,0,0,16,14,2,0,0,-1.4,0,0.0,0,8,0,112,0,0,0,9,811,0,,0,0,0,0,0.0,3,0,0,0,114,0,6,6.79,0,0,7,12,8,20,0,7,0.0,0.0,0,0,0,0,0,0,0.0,7,0,0,0.0,0,26,0,0,2,100.0,173,146,147,293,61.1,0,0,377,1,0,0,David Cornell,Preston North End,73412,21,GK
7,2,18.18,92,4,22.22,126,80,204,70.83,12,28.57,30,26,1,0,0,0,75,4,4,8,0,7,26,0,0,43,18,135,0,0,1.53,3.54,18,0,19.23,0,5,6,16,12,4,5,0,,70,40.0,0,0,0,84,7,20,1,19,1595,3,,0,0,0,0,0.0,0,0,0,0,218,12,0,6.79,0,4,0,0,0,0,0,0,319.0,0.0,0,24,2,6,12,19,42.22,0,23,12,52.17,20,20,45,11,82,37.79,18,207,92,288,176.5,26,1,603,28,0,0,Duncan Watmore,Millwall,240256,25,MF
7,0,0.0,125,14,70.0,208,114,322,77.22,31,29.52,74,28,5,0,0,0,52,3,6,11,2,14,26,0,0,28,8,162,0,0,0.89,4.3,30,0,5.13,0,2,7,5,4,1,2,0,,58,39.73,1,0,2,95,3,14,0,17,1596,6,,0,0,0,0,0.0,0,0,0,0,203,9,0,6.79,0,1,0,0,0,0,0,0,798.0,0.0,1,33,6,14,14,22,47.83,0,20,13,65.0,14,16,46,5,89,35.46,20,287,135,417,176.5,39,0,699,16,4,0,Lyle Foster,Burnley,901907,6,FW
1,0,0.0,8,2,100.0,13,8,21,56.76,14,53.85,12,9,0,0,0,0,4,1,2,1,0,4,8,0,0,2,0,18,0,0,0.2,1.71,3,0,14.29,0,1,1,2,1,1,1,0,,3,33.33,0,0,0,16,1,2,1,0,164,2,,0,0,0,0,0.0,0,0,0,0,25,0,0,6.79,0,0,0,0,0,0,0,0,164.0,0.0,0,7,0,2,4,2,66.67,0,1,0,0.0,2,1,3,0,17,48.57,2,27,10,37,54.3,7,0,69,0,0,0,Harry Leonard,Blackburn Rovers,1141108,46,FW
16,5,23.81,71,16,45.71,134,143,272,82.18,3,27.27,8,8,0,0,0,0,36,0,1,3,0,3,8,0,0,10,5,40,0,0,0.29,0.83,15,0,0.0,0,0,0,11,8,3,0,0,,25,43.86,0,0,0,59,6,11,0,6,556,4,,1,1,0,0,0.0,0,0,0,0,104,4,0,6.79,0,0,0,0,0,0,0,0,0.0,0.0,4,4,6,2,5,2,33.33,0,16,9,56.25,10,33,6,21,28,41.18,35,198,154,331,54.3,10,0,451,7,1,0,Aaron Ramsey,Cardiff City,23571,61,MF
16,19,21.35,236,19,24.36,427,307,715,79.09,22,47.83,24,39,3,0,0,0,77,4,1,9,1,83,37,0,0,15,14,107,0,1,3.8,0.9,27,0,0.0,0,0,3,28,26,2,0,0,,79,48.77,0,0,0,189,29,34,0,26,2144,5,,0,0,0,1,0.0,0,0,0,0,361,5,0,6.79,0,0,0,0,0,0,0,0,0.0,0.0,0,12,10,10,3,25,47.17,0,30,20,66.67,34,36,53,89,101,48.56,78,608,385,904,251.1,22,0,1519,26,3,0,Yasser Larouci,Watford,927360,24,MF
3,0,0.0,3,4,44.44,15,64,79,79.0,7,46.67,8,7,0,0,0,0,7,0,1,0,0,28,7,0,0,1,0,10,0,0,0.07,0.21,2,0,0.0,0,0,0,4,3,1,0,0,,4,66.67,0,0,0,21,5,0,0,3,305,0,,0,0,0,0,0.0,0,0,0,0,28,0,0,6.79,0,0,0,0,0,0,0,0,0.0,0.0,0,1,0,0,1,0,0.0,0,2,2,100.0,0,3,0,1,11,52.38,9,29,72,100,47.5,1,0,161,2,1,0,Sonny Bradley,Derby County,144679,27,DF
17,10,14.71,70,24,21.24,155,163,308,65.39,13,27.08,35,25,1,0,0,0,82,1,0,0,1,61,25,0,0,9,17,88,0,0,0.92,0.28,19,0,0.0,0,0,1,28,25,3,0,0,,91,63.19,0,0,0,163,19,14,0,19,1679,1,,0,1,0,0,0.0,0,0,0,0,324,4,0,6.78,1,0,0,0,0,0,0,0,0.0,0.0,1,1,1,1,1,6,40.0,0,45,34,75.56,13,63,15,68,104,54.17,113,331,208,471,169.6,2,0,1011,42,7,1,Matthew Sorinola,Plymouth Argyle,908798,71,MF
9,0,0.0,13,7,50.0,22,78,100,81.97,8,57.14,6,9,0,0,0,0,12,0,0,0,1,15,6,0,0,0,2,14,0,0,0.03,,6,0,0.0,7,0,0,4,4,0,0,0,,6,42.86,0,0,0,22,9,0,0,4,322,0,,0,0,0,0,0.0,0,0,0,0,24,0,0,6.78,0,0,0,0,0,0,0,0,0.0,0.0,0,0,0,0,0,0,0.0,0,5,4,80.0,0,12,0,0,14,50.0,14,35,87,122,40.7,0,0,163,1,1,0,Finley Burns,Hull City,998763,96,DF
3,0,0.0,15,9,32.14,49,102,151,78.65,25,65.79,13,9,0,0,0,0,6,0,0,1,0,20,6,0,0,0,0,19,0,0,0.09,0.07,7,0,0.0,0,0,0,8,6,2,0,0,,15,71.43,0,0,0,41,3,0,0,4,404,1,,0,0,0,0,0.0,0,0,0,0,44,0,0,6.78,0,0,0,0,0,0,0,0,0.0,0.0,0,2,0,0,1,0,0.0,0,10,7,70.0,0,7,0,0,40,67.8,28,84,108,192,40.7,2,0,247,5,1,0,Shaun Hutchinson,Millwall,37961,25,DF
6,9,21.95,135,10,47.62,258,119,368,75.1,31,40.79,45,29,4,0,0,0,60,6,1,9,2,17,29,0,0,33,13,135,0,0,2.17,3.07,22,0,12.0,0,3,7,20,19,1,3,0,,60,40.0,1,0,3,122,9,17,1,18,1664,7,,0,0,0,0,0.0,0,0,0,0,274,10,0,6.78,0,1,0,0,0,0,0,0,554.67,0.0,0,22,3,7,9,15,37.5,0,18,11,61.11,17,15,40,41,91,40.27,21,378,153,490,196.7,25,2,829,27,6,0,Myles Peart-Harris,Swansea City,980649,74,MF
16,3,6.98,131,45,44.12,254,268,519,76.32,41,57.75,30,30,1,0,0,0,81,1,0,1,3,57,30,0,0,3,28,104,0,2,0.83,0.39,33,0,11.11,0,1,2,37,30,7,1,0,,84,53.16,0,0,0,161,39,6,0,23,1995,1,,1,0,0,0,0.0,0,0,0,0,322,7,0,6.78,0,1,0,0,0,0,0,0,1995.0,0.0,0,4,5,6,2,6,35.29,0,62,39,62.9,6,39,17,43,125,54.59,102,409,314,680,203.4,9,1,1248,16,5,0,Zak Swanson,Portsmouth,993445,2,DF
4,0,0.0,34,9,31.03,103,219,322,85.64,24,52.17,22,22,0,0,0,0,47,0,0,2,1,48,19,0,0,9,8,51,0,0,0.1,0.39,10,0,0.0,0,0,0,13,12,1,0,0,,50,63.29,0,0,0,54,16,1,0,9,870,0,,0,0,0,0,0.0,0,0,0,0,79,1,0,6.78,0,0,0,0,0,0,0,0,0.0,0.0,0,4,4,4,2,3,50.0,0,30,14,46.67,1,8,6,0,74,59.2,29,138,238,376,128.8,8,0,566,17,1,0,Ousmane Diakité,West Bromwich Albion,873627,8,MF
7,12,21.05,118,11,55.0,185,29,202,68.24,30,41.1,43,32,2,0,0,0,98,2,9,23,3,24,32,0,0,54,16,213,0,0,1.9,9.74,47,0,14.71,0,10,12,38,33,5,8,2,,109,39.07,2,0,1,94,11,22,1,28,2455,9,,0,0,2,0,100.0,0,2,0,3,362,34,0,6.78,0,7,0,0,0,0,0,0,245.5,0.0,4,39,29,22,23,27,32.14,0,30,19,63.33,22,17,84,57,139,39.49,20,308,45,296,216.9,68,1,901,53,10,0,Callum Lang,Portsmouth,843756,2,MF
16,3,37.5,82,25,54.35,183,184,364,82.73,14,60.87,9,21,2,0,0,0,38,2,2,5,1,21,21,0,0,13,11,52,0,0,0.85,1.57,14,0,0.0,0,0,2,8,6,2,0,0,,42,49.41,0,0,0,76,10,7,0,9,915,0,,0,0,0,0,0.0,0,0,0,0,115,7,0,6.78,0,0,0,0,0,0,0,0,0.0,0.0,2,10,11,11,5,8,61.54,0,25,14,56.0,7,26,13,8,56,51.85,46,245,203,440,142.3,21,0,605,9,2,0,Uroš Račić,West Bromwich Albion,839909,8,MF
12,0,0.0,35,18,31.03,141,337,478,85.51,25,50.0,25,12,0,0,0,0,36,0,1,0,1,67,12,0,0,3,3,43,1,0,0.55,0.24,12,0,0.0,0,0,0,17,15,2,0,0,,30,62.5,0,0,0,81,14,1,0,10,897,0,,0,0,0,0,0.0,0,0,0,0,96,0,0,6.78,0,0,0,0,0,0,0,0,0.0,0.0,0,2,0,2,0,2,66.67,0,24,20,83.33,1,23,3,1,55,56.12,58,192,368,559,81.3,2,0,733,4,2,0,Hannes Delcroix,Swansea City,826169,74,DF
1,2,16.67,60,3,42.86,94,49,141,67.14,36,31.03,80,29,1,0,0,0,32,4,3,12,0,21,29,0,0,24,7,143,0,0,0.7,3.84,19,0,11.76,0,4,5,20,18,2,4,0,,54,46.15,2,0,0,69,5,11,0,11,1215,3,,0,0,0,0,0.0,0,0,0,0,156,3,0,6.77,0,2,0,0,0,0,0,0,303.75,0.0,0,30,4,13,9,10,38.46,0,10,6,60.0,11,4,26,12,90,38.63,7,156,66,210,196.4,34,0,458,36,4,0,Jacob Brown,Luton Town,858911,72,MF
20,2,13.33,71,25,52.08,174,179,351,83.18,15,38.46,24,19,0,0,0,0,50,0,0,3,2,17,18,0,0,7,8,54,0,0,0.2,0.15,11,0,0.0,0,0,0,11,9,2,0,0,,36,54.55,0,0,0,71,14,6,0,9,887,0,,0,0,0,0,0.0,0,0,0,0,115,3,0,6.77,0,0,0,0,0,0,0,0,0.0,0.0,0,1,3,1,0,5,55.56,0,27,17,62.96,6,33,9,15,51,48.57,48,242,195,422,121.9,4,0,580,4,1,0,Billy Mitchell,Millwall,982254,25,MF
17,0,0.0,190,37,60.66,370,350,720,81.26,33,46.48,38,43,2,0,0,0,120,2,1,10,1,46,43,0,0,35,33,181,0,1,1.06,2.99,49,0,3.03,0,1,3,54,47,7,1,0,,171,54.46,0,0,0,166,22,24,0,34,2892,0,,0,0,0,1,0.0,0,0,0,0,293,8,0,6.77,0,1,0,0,0,0,0,0,2892.0,0.0,0,15,18,14,9,34,54.84,0,68,47,69.12,24,36,62,6,204,52.99,61,487,405,886,291.2,33,0,1402,69,10,0,Darko Gyabi,Plymouth Argyle,1067117,71,MF
34,4,28.57,104,58,33.92,344,715,1055,81.91,46,56.1,36,34,0,0,0,0,88,1,0,1,6,141,34,0,0,10,19,108,0,0,0.66,0.04,36,0,0.0,6,0,0,49,43,6,0,0,,98,57.65,0,0,0,233,41,11,0,31,2694,0,,0,1,0,1,0.0,0,0,0,0,321,0,0,6.77,0,0,0,0,0,0,0,0,0.0,0.0,0,0,2,0,1,7,43.75,0,83,53,63.86,10,83,16,14,144,57.14,171,488,814,1288,230.2,2,1,1855,8,2,0,Max Lowe,Sheffield Wednesday,355154,12,DF
16,12,15.38,111,13,30.23,210,135,333,66.2,54,38.85,85,46,2,0,0,0,109,2,6,8,2,43,44,0,0,21,19,183,0,0,1.17,5.09,33,0,7.14,0,3,5,31,26,5,3,0,,92,48.42,1,0,3,170,13,19,0,28,2578,13,,0,0,0,0,0.0,0,0,0,0,342,21,0,6.77,0,2,0,0,0,0,0,0,859.33,0.0,0,34,8,15,19,17,37.78,0,41,22,53.66,19,31,45,78,146,44.38,43,403,178,503,297.8,42,1,990,34,6,0,Kayden Jackson,Derby County,340689,27,MF
17,1,25.0,111,29,39.73,354,494,847,86.08,26,61.9,16,27,0,0,0,0,47,1,0,2,1,37,25,0,0,6,8,47,0,1,0.63,0.43,14,0,0.0,0,0,0,18,16,2,0,0,,55,63.95,0,0,0,137,12,5,0,14,1327,2,,0,0,0,0,0.0,0,0,0,0,163,3,0,6.77,0,0,0,0,0,0,0,0,0.0,0.0,0,7,0,3,2,3,50.0,0,37,22,59.46,5,46,6,4,81,63.28,73,448,540,984,169.2,7,0,1190,16,2,0,Jacob Lungi Sørensen,Norwich City,837846,263,MF
11,8,18.18,118,15,38.46,205,75,272,69.21,23,51.11,22,29,2,0,0,0,53,1,3,12,0,12,28,0,0,16,21,104,0,0,1.09,2.92,21,0,5.56,0,2,4,18,14,4,2,0,,73,47.1,0,0,0,121,11,13,1,15,1385,11,,0,0,0,0,0.0,0,0,0,0,243,8,0,6.77,0,1,0,0,0,0,0,0,692.5,0.0,0,25,11,12,12,23,47.92,0,43,29,67.44,13,25,48,44,96,48.0,39,339,98,393,189.5,36,0,717,7,1,0,Ollie Tanner,Cardiff City,1002190,61,MF
0,0,0.0,44,3,50.0,69,30,99,67.81,19,27.54,50,15,0,0,0,0,22,1,5,4,0,8,15,0,0,10,0,89,0,0,0.8,2.89,17,0,10.53,0,2,2,16,16,0,2,0,,38,49.35,0,0,0,47,1,5,0,11,845,2,,0,1,0,0,0.0,0,0,0,1,109,9,0,6.77,0,2,0,0,0,0,0,0,422.5,0.0,0,17,2,9,6,13,50.0,0,11,7,63.64,4,1,26,3,57,39.04,6,109,40,146,101.5,19,0,309,14,2,0,Ali Al-Hamadi,Stoke City,1010010,29,FW
5,0,0.0,4,17,42.5,13,44,57,71.25,0,0.0,0,3,0,0,0,0,25,0,0,0,1,2,3,0,0,0,0,0,0,0,0.0,,0,0,0.0,17,0,0,3,3,0,0,0,-0.34,0,0.0,0,4,0,23,0,0,0,3,270,0,,0,0,0,0,0.0,0,0,0,0,24,0,1,6.77,0,0,0,3,1,4,0,1,0.0,0.0,0,0,0,0,0,0,0.0,0,0,0,0.0,0,7,0,0,0,0.0,40,34,46,80,20.3,0,0,107,0,0,0,Adam Davies,Sheffield United,288997,15,GK
6,0,0.0,8,11,39.29,51,149,200,89.29,6,60.0,4,6,0,0,0,0,14,0,0,0,0,19,6,0,0,0,1,6,0,0,0.03,,1,0,0.0,2,0,0,8,7,1,0,0,,8,80.0,0,0,0,24,8,0,0,5,399,0,,0,0,0,0,0.0,0,0,0,0,27,0,0,6.77,0,0,0,0,0,0,0,0,0.0,0.0,0,0,0,0,0,0,0.0,0,6,5,83.33,0,10,0,0,14,70.0,28,66,158,224,40.6,0,0,275,2,0,0,Angelo Ogbonna,Watford,21164,24,DF
4,0,0.0,32,6,26.09,73,112,185,80.43,6,46.15,7,9,0,0,0,0,32,0,0,3,0,5,9,0,0,5,4,25,0,1,0.39,0.49,4,0,0.0,0,0,0,9,9,0,0,0,,26,59.09,0,0,0,45,16,5,0,6,531,0,,0,0,0,0,0.0,0,0,0,0,63,5,0,6.77,0,0,0,0,0,0,0,0,0.0,0.0,0,3,3,2,1,7,58.33,0,13,4,30.77,5,12,12,1,32,56.14,23,107,124,230,60.9,6,0,332,6,1,0,Pierre Dwomoh,Watford,996993,24,MF
39,6,18.75,164,45,46.39,369,313,676,82.54,18,66.67,9,25,0,0,0,0,76,2,0,0,4,45,24,0,0,12,29,81,0,1,0.59,0.23,21,0,0.0,0,0,0,24,23,1,0,0,,66,47.83,0,0,0,143,16,8,0,18,1594,0,,0,0,0,1,0.0,0,0,0,0,214,7,0,6.77,0,0,0,0,0,0,0,0,0.0,0.0,0,0,9,8,1,7,41.18,0,41,24,58.54,8,76,17,32,84,50.91,97,510,341,819,162.4,9,0,1097,18,1,0,Tatsuki Seko,Stoke City,1020071,29,MF
7,2,18.18,87,9,31.03,162,112,272,54.18,164,47.67,180,44,6,0,0,0,66,4,12,17,2,61,44,0,0,45,11,317,0,0,1.9,7.08,65,0,9.68,0,6,12,24,21,3,6,0,,70,33.82,3,0,2,230,7,16,0,23,2210,20,,0,0,0,0,0.0,0,0,0,0,421,11,0,6.77,1,3,0,0,0,0,0,0,368.33,0.0,0,52,10,23,22,23,44.23,0,23,12,52.17,16,20,52,11,234,42.47,29,361,152,502,297.7,62,1,1013,24,9,1,Makhtar Gueye,Blackburn Rovers,941164,46,FW
24,0,0.0,49,207,24.88,171,251,422,40.19,3,75.0,1,41,0,0,0,0,291,0,0,0,13,26,41,1,0,0,1,2,2,0,0.06,,0,0,0.0,264,0,0,41,35,6,0,0,0.91,5,83.33,0,21,0,628,0,0,0,41,3689,0,,0,0,0,0,0.0,3,0,1,0,636,0,11,6.77,0,0,13,68,27,98,0,20,0.0,0.0,0,0,0,0,0,0,0.0,13,0,0,0.0,0,58,0,0,8,80.0,832,735,315,1050,277.4,0,2,1315,4,1,0,Lukas Jensen,Millwall,1033351,25,GK
32,0,0.0,51,211,34.65,151,683,834,67.48,15,100.0,0,38,0,0,0,0,251,0,0,0,9,44,38,0,0,0,1,1,4,1,0.29,,0,0,0.0,205,0,0,59,53,6,0,0,-3.94,8,88.89,0,17,0,402,0,0,0,38,3420,0,,0,0,0,0,0.0,5,0,1,0,409,0,20,6.76,0,0,20,50,31,83,1,20,0.0,0.0,0,0,0,0,0,1,100.0,19,1,1,100.0,0,56,1,0,23,95.83,609,495,741,1236,257.0,0,1,1530,6,2,0,James Beadle,Sheffield Wednesday,1148507,12,GK
8,1,20.0,39,9,24.32,75,83,157,70.4,15,62.5,9,8,0,0,0,0,14,0,1,0,0,33,8,0,0,3,5,28,1,0,0.29,0.4,10,0,16.67,0,1,1,8,7,1,1,0,,14,42.42,0,0,0,66,5,2,1,4,445,0,,0,0,0,0,0.0,0,0,0,0,93,1,0,6.76,0,0,0,0,0,0,0,0,445.0,0.0,0,4,2,2,4,1,50.0,0,9,5,55.56,2,29,2,5,29,50.88,37,125,103,223,54.1,6,0,376,4,2,0,Matty Jacob,Hull City,990833,96,DF
3,3,23.08,92,7,50.0,126,75,198,81.82,8,44.44,10,16,3,0,0,0,25,2,3,4,1,4,16,0,0,11,13,58,0,0,0.62,1.54,16,0,0.0,0,0,3,16,14,2,0,0,,41,46.07,0,0,1,44,5,15,0,9,910,3,,0,0,0,0,0.0,0,0,0,1,100,4,0,6.76,0,0,0,0,0,0,0,0,0.0,0.0,1,11,1,7,1,1,11.11,0,20,11,55.0,15,9,9,13,49,45.79,14,170,85,242,108.2,12,0,389,21,2,0,Marvin Mehlem,Hull City,797691,96,MF
6,7,38.89,58,9,26.47,112,94,199,73.98,12,42.86,16,18,1,0,0,0,41,4,0,3,1,18,18,0,0,10,12,76,0,0,0.93,0.34,14,0,14.29,0,1,2,10,9,1,1,0,,69,53.49,0,0,0,70,2,15,1,7,758,2,,0,0,0,0,0.0,0,0,0,0,160,2,0,6.76,0,0,0,0,0,0,0,0,758.0,0.0,0,4,3,3,1,23,48.94,0,29,19,65.52,15,11,47,18,81,51.59,34,166,121,269,121.7,7,1,524,17,7,0,Festy Ebosele,Watford,983059,24,MF
4,3,75.0,34,5,27.78,73,91,161,75.59,13,30.23,30,20,0,0,0,0,44,0,0,2,0,15,20,0,0,18,13,93,0,0,0.23,0.15,28,0,0.0,0,0,0,12,12,0,0,0,,82,56.55,0,0,0,52,18,4,0,10,947,1,,0,0,0,0,0.0,0,0,0,0,101,2,0,6.76,0,0,0,0,0,0,0,0,0.0,0.0,0,1,1,0,0,8,57.14,0,49,29,59.18,4,8,14,4,95,50.53,18,109,108,213,135.2,2,0,451,25,6,0,Alex Matos,Oxford United,1186050,95,MF
24,24,26.97,167,25,40.98,273,148,397,65.3,53,32.92,108,41,3,0,0,0,106,4,2,16,1,31,41,0,0,46,22,245,0,0,2.16,3.64,56,0,11.11,0,4,7,26,22,4,4,0,,86,38.57,0,0,1,211,13,25,2,26,2368,6,,0,0,0,0,0.0,0,0,0,1,417,14,0,6.76,0,2,0,0,0,0,0,0,592.0,0.0,1,26,10,11,9,12,38.71,0,60,32,53.33,25,49,31,89,139,36.2,61,506,191,608,277.1,36,2,1125,14,11,0,Marcus Harness,Derby County,368146,27,MF
1,2,25.0,21,1,25.0,36,18,52,83.87,3,50.0,3,7,1,0,0,0,14,2,0,1,0,3,7,0,0,3,1,11,0,0,1.05,0.04,0,0,0.0,0,0,1,3,2,1,0,0,,9,52.94,0,0,0,10,2,4,0,1,196,0,,0,0,0,0,0.0,0,0,0,0,30,1,0,6.76,0,0,0,0,0,0,0,0,0.0,0.0,0,1,0,0,0,2,33.33,0,2,1,50.0,4,2,6,8,12,52.17,4,51,19,62,47.3,1,0,110,5,0,0,Kyle Edwards,Oxford United,817562,95,MF
11,0,0.0,3,25,25.51,13,111,124,62.31,4,100.0,0,7,0,0,0,0,58,1,0,0,3,11,7,0,0,0,0,0,0,1,0.04,,0,0,0.0,36,0,0,6,6,0,0,0,-2.18,2,100.0,0,7,0,75,0,1,0,6,570,0,,0,0,0,0,0.0,0,0,0,0,79,0,5,6.76,0,0,3,4,3,7,0,1,0.0,0.0,0,0,0,0,0,0,0.0,3,1,1,100.0,1,16,0,0,6,100.0,98,74,125,199,47.3,0,0,270,2,0,0,Tom Glover,Middlesbrough,801462,36,GK
2,0,0.0,48,4,36.36,85,66,151,81.62,4,22.22,14,16,0,0,0,0,25,0,4,7,0,2,16,0,0,12,2,52,0,0,0.46,3.77,16,0,12.0,0,3,3,11,8,3,3,0,,26,40.63,0,0,1,34,0,7,2,12,1015,8,,0,0,1,0,100.0,0,1,0,0,80,7,0,6.76,0,1,0,0,0,0,0,0,338.33,0.0,1,18,7,8,10,10,55.56,0,9,7,77.78,7,4,18,9,30,36.59,11,121,73,185,108.1,25,1,305,7,0,0,Adam Armstrong,West Bromwich Albion,361352,8,FW
30,6,23.08,87,33,36.67,164,112,270,64.29,26,50.98,25,26,1,0,0,0,51,2,1,2,1,20,25,0,0,3,13,76,0,0,1.6,0.87,34,0,10.0,0,1,2,14,13,1,1,0,,55,51.89,0,0,0,150,11,13,0,14,1211,2,,0,0,0,0,0.0,0,0,0,0,201,4,0,6.76,0,1,0,0,0,0,0,0,1211.0,0.0,0,6,4,5,3,4,50.0,0,32,23,71.88,13,61,8,26,81,51.59,90,298,148,420,168.9,10,0,627,19,7,0,Ryan Ledson,Preston North End,361322,21,MF
25,2,13.33,233,26,52.0,503,521,1022,85.67,20,32.26,42,36,2,0,0,0,109,5,2,5,0,30,36,0,0,27,13,137,1,0,2.64,2.02,40,0,10.53,0,2,4,41,37,4,2,0,,85,47.22,0,0,1,171,15,21,2,25,2157,1,,0,0,0,0,0.0,0,0,0,0,282,13,0,6.76,0,0,0,0,0,0,0,0,1078.5,0.0,0,14,5,8,6,25,58.14,0,39,27,69.23,21,46,43,15,105,43.39,50,624,584,1193,243.2,19,1,1543,21,6,0,Anis Ben Slimane,Norwich City,1006147,263,MF
12,5,41.67,60,43,39.09,255,878,1128,85.91,63,50.4,62,36,1,0,0,0,74,0,1,1,3,147,36,0,0,5,7,111,0,1,0.65,0.63,38,0,0.0,7,0,1,59,52,7,0,0,,52,51.49,0,0,1,185,27,9,0,31,2836,2,,0,0,0,0,0.0,0,0,0,0,311,2,0,6.76,0,0,0,0,0,0,0,0,0.0,0.0,0,10,1,8,2,3,50.0,0,42,23,54.76,9,41,6,12,115,50.88,110,380,945,1313,243.2,11,1,1830,10,6,0,Kornél Szűcs,Plymouth Argyle,1008297,71,DF
29,14,22.22,180,53,36.55,379,444,809,76.68,22,33.33,44,41,2,0,0,0,120,7,2,4,11,77,40,0,0,19,18,149,0,2,1.83,1.68,41,0,5.88,0,1,3,47,45,2,0,1,,102,49.28,0,0,1,246,23,26,1,35,3140,9,,1,0,0,0,0.0,0,0,0,0,509,7,0,6.76,0,0,0,0,0,0,0,0,3140.0,0.0,0,11,6,10,3,22,44.9,0,45,30,66.67,26,90,49,63,124,45.42,145,619,499,1055,270.2,17,2,1856,36,10,0,Junior Tchamadeu,Stoke City,1093070,29,DF
40,26,23.42,424,62,37.8,829,799,1602,82.96,25,28.41,63,45,3,0,0,0,183,5,2,9,10,91,44,0,0,45,23,215,2,5,3.76,1.33,31,0,4.55,0,1,4,46,40,6,0,1,,139,47.77,0,0,0,329,31,25,0,39,3470,5,,0,0,0,1,0.0,0,0,0,0,632,10,0,6.75,0,1,0,0,0,0,0,0,3470.0,0.0,0,8,14,5,8,48,47.06,0,56,29,51.79,25,103,102,111,164,43.27,164,1135,907,1931,297.2,22,1,3046,37,3,0,Josh Key,Swansea City,930251,74,DF
2,5,29.41,72,3,23.08,124,40,159,67.37,18,21.69,65,36,3,0,0,0,55,2,6,19,0,8,35,0,0,26,4,124,0,0,2.0,5.35,15,0,8.7,0,4,7,18,14,4,3,1,,51,46.36,0,0,1,77,11,17,0,14,1469,10,,0,0,0,0,0.0,0,0,0,0,181,13,0,6.75,0,4,0,0,0,0,0,0,367.25,0.0,0,33,13,17,10,17,51.52,0,14,6,42.86,17,7,33,17,69,35.75,13,200,53,236,236.4,46,0,510,21,3,0,Brandon Thomas-Asante,Coventry City,846061,11,FW
0,1,25.0,22,1,12.5,38,13,50,58.14,4,19.05,17,13,1,0,0,0,8,1,0,0,0,6,13,0,0,2,0,29,0,0,0.37,0.7,6,0,42.86,0,3,4,19,16,3,3,0,,10,45.45,1,0,0,36,1,5,0,5,554,8,,0,0,0,0,0.0,0,0,0,0,58,1,0,6.75,0,2,0,0,0,0,0,0,184.67,0.0,0,6,1,1,6,2,33.33,0,3,2,66.67,5,2,6,4,14,32.56,8,72,18,86,87.8,7,1,142,5,1,0,Andre Gray,Plymouth Argyle,73951,71,FW
14,0,0.0,25,13,22.41,64,104,168,64.62,26,44.83,32,13,1,0,0,0,33,0,0,1,4,65,13,0,0,2,2,50,0,0,0.14,0.38,13,0,0.0,0,0,1,11,9,2,0,0,,19,51.35,0,0,0,92,6,2,0,12,959,0,,0,0,0,0,0.0,0,0,0,0,192,1,0,6.75,0,0,0,0,0,0,0,0,0.0,0.0,0,5,2,6,0,0,0.0,0,15,9,60.0,2,36,2,10,45,47.37,58,133,137,260,87.8,7,0,519,4,0,0,Christ Makosso,Luton Town,1492311,72,DF
5,4,10.53,121,6,46.15,200,80,276,81.18,11,28.21,28,28,3,0,0,0,68,4,3,10,1,6,28,0,0,19,11,94,0,0,2.11,1.51,17,0,9.52,0,2,5,23,21,2,2,0,,69,51.11,0,0,0,64,8,13,1,17,1532,1,,0,0,0,0,0.0,0,0,0,0,175,14,0,6.75,0,1,0,0,0,0,0,0,766.0,0.0,0,14,7,7,4,26,57.78,0,21,12,57.14,13,9,45,38,80,45.98,13,282,96,340,189.1,21,0,607,22,0,0,Cian Ashford,Cardiff City,1520800,61,MF
26,37,38.54,215,35,40.23,440,297,700,76.42,24,27.27,64,41,6,0,0,0,141,3,2,18,5,42,41,0,0,51,41,279,0,0,2.83,2.58,49,0,6.0,0,3,9,52,46,6,1,2,,155,41.89,0,0,0,216,19,47,2,33,3054,5,,0,0,0,0,0.0,0,0,0,0,485,22,0,6.75,0,1,0,0,0,0,0,0,1018.0,0.0,0,17,33,16,16,49,39.84,0,65,38,58.46,47,68,123,96,179,39.08,87,663,349,916,276.8,50,0,1635,43,5,0,Tyler Goodrham,Oxford United,993444,95,MF
12,0,0.0,124,9,60.0,230,203,433,82.95,18,40.91,26,28,0,0,0,0,56,0,1,8,0,25,28,0,0,30,3,89,0,0,1.18,1.76,12,0,12.0,0,3,3,35,31,4,3,0,,58,47.93,1,0,2,89,5,16,0,18,1389,2,,0,0,0,0,0.0,0,0,0,0,193,6,0,6.75,0,2,0,0,0,0,0,0,463.0,0.0,1,14,11,6,11,16,44.44,0,31,14,45.16,16,19,36,7,76,46.06,15,302,227,522,189.0,25,1,816,13,1,0,Rami Al Hajj,Plymouth Argyle,978289,71,MF
5,0,0.0,1,10,41.67,4,34,38,70.37,1,100.0,0,2,0,0,0,0,14,0,0,0,1,3,2,0,0,0,0,0,0,0,0.0,,0,0,0.0,4,0,0,2,2,0,0,0,-0.4,0,0.0,0,1,0,16,0,0,0,2,180,0,,0,0,0,0,0.0,0,0,0,0,16,0,0,6.75,0,0,1,2,0,2,0,0,0.0,0.0,0,0,0,0,0,0,0.0,1,0,0,0.0,0,9,0,0,1,100.0,24,16,38,54,13.5,0,0,70,1,0,0,Carl Rushworth,Hull City,1005800,96,GK
3,0,0.0,17,5,27.78,37,37,74,68.52,10,62.5,6,6,0,0,0,0,10,0,0,0,1,20,6,0,0,0,1,9,0,0,0.1,,1,0,0.0,0,0,0,2,2,0,0,0,,8,72.73,0,0,0,34,1,1,0,3,315,0,,0,0,0,0,0.0,0,0,0,0,39,0,0,6.75,0,0,0,0,0,0,0,0,0.0,0.0,0,0,0,0,0,1,50.0,0,6,3,50.0,1,7,2,1,18,66.67,18,65,44,108,40.5,0,0,150,1,0,0,Hayden Matthews,Portsmouth,1434770,2,DF
17,0,0.0,18,56,29.32,41,102,143,50.71,3,100.0,0,8,0,0,0,0,55,0,0,0,2,12,8,0,0,0,0,1,1,0,0.01,,1,0,0.0,49,0,0,19,13,6,0,0,-2.66,3,75.0,0,2,0,139,0,0,0,8,720,0,,0,0,0,1,0.0,3,0,0,0,141,0,8,6.75,0,0,3,25,4,29,0,2,0.0,0.0,0,0,0,0,0,0,0.0,3,1,1,100.0,0,27,0,0,6,85.71,191,158,124,282,54.0,0,1,365,3,3,0,Will Norris,Portsmouth,365296,2,GK
2,7,18.92,85,4,40.0,145,81,219,72.28,27,38.03,44,25,1,0,0,0,43,3,3,9,0,7,25,0,0,12,4,96,0,0,1.35,5.17,14,0,8.11,0,3,4,17,15,2,3,0,,34,39.53,0,0,1,84,2,9,1,14,1177,8,,0,0,0,0,0.0,0,0,0,0,190,11,0,6.75,0,2,0,0,0,0,0,0,392.33,0.0,4,22,15,15,13,8,25.81,0,8,6,75.0,9,8,31,37,61,38.85,10,237,103,303,168.7,37,0,538,18,0,0,Anwar El Ghazi,Cardiff City,362470,61,MF
3,0,0.0,68,8,53.33,123,85,208,76.47,17,41.46,24,18,0,0,0,0,30,1,2,3,0,21,17,0,0,6,5,64,0,0,0.64,2.73,25,0,23.08,0,3,3,9,8,1,2,1,,28,41.18,0,0,0,64,5,4,1,9,807,5,,0,0,0,0,0.0,0,0,0,0,89,3,0,6.75,1,2,0,0,0,0,0,0,269.0,0.0,0,11,2,5,5,5,55.56,0,19,10,52.63,4,6,9,1,45,41.28,15,175,98,272,114.7,13,0,394,4,2,1,Matt Crooks,Hull City,140479,96,MF
26,10,20.41,164,31,40.79,372,377,739,79.21,31,44.93,38,39,1,0,0,0,101,4,1,3,4,51,39,0,0,12,19,116,0,1,1.31,2.47,45,0,12.5,0,2,3,48,43,5,2,0,,72,48.0,0,0,0,194,25,17,1,32,2826,2,,0,0,0,0,0.0,0,0,0,0,269,10,0,6.75,0,1,0,0,0,0,0,0,1413.0,0.0,0,10,6,9,4,5,50.0,0,49,32,65.31,17,63,10,49,103,47.03,76,561,421,933,263.1,16,0,1271,18,11,0,Andre Dozzell,Portsmouth,826133,2,MF
7,7,41.18,100,7,38.89,159,76,228,79.44,2,22.22,7,28,1,0,0,0,34,1,0,4,1,5,26,0,0,14,11,60,0,0,0.8,0.6,19,0,14.29,0,1,2,10,9,1,1,0,,67,55.83,0,0,0,59,6,12,0,10,1047,2,,0,0,0,0,0.0,0,0,0,0,115,6,0,6.75,0,1,0,0,0,0,0,0,1047.0,0.0,0,5,2,1,2,3,25.0,0,23,12,52.17,12,9,12,17,69,53.49,18,210,94,287,175.4,7,0,486,41,0,0,Oliver Cooper,Swansea City,970396,74,MF
4,0,0.0,68,7,36.84,99,46,145,62.23,33,20.89,125,37,3,0,0,0,51,4,16,17,0,19,37,0,0,28,25,202,0,0,1.03,12.29,15,0,15.87,0,10,13,43,41,2,10,0,,30,28.04,0,0,1,88,6,16,1,28,2276,20,,0,0,3,0,100.0,0,3,0,1,177,9,0,6.75,0,9,0,0,0,0,0,0,227.6,0.0,0,59,4,21,25,8,42.11,0,13,7,53.85,16,16,19,14,63,23.77,19,187,60,233,249.6,63,3,523,10,0,0,Ryan Hardie,Plymouth Argyle,547376,71,FW
7,16,27.59,161,12,32.43,267,158,409,78.65,12,27.91,31,30,1,0,0,0,99,3,1,14,3,17,29,0,0,29,14,142,1,0,1.75,2.36,29,0,7.14,0,2,3,35,30,5,2,0,,102,47.89,0,0,2,111,8,22,2,24,2039,3,,0,0,0,0,0.0,0,0,0,1,282,16,0,6.74,0,0,0,0,0,0,0,0,1019.5,0.0,0,20,8,6,8,30,42.86,0,23,13,56.52,22,20,70,58,114,44.53,37,394,184,520,195.6,28,1,975,49,5,0,Tahith Chong,Luton Town,825845,72,MF
2,3,7.89,60,4,50.0,98,31,126,58.06,16,38.1,26,27,3,0,0,0,39,4,5,6,0,13,27,0,1,36,5,148,0,0,1.82,3.14,33,0,16.0,0,4,7,20,18,2,4,0,,79,39.3,0,0,1,91,4,12,0,16,1470,7,,0,1,0,0,0.0,0,0,0,2,277,8,0,6.74,1,4,0,0,0,0,0,0,367.5,0.0,0,21,4,7,12,37,41.57,0,16,12,75.0,11,7,89,38,95,39.09,8,208,47,217,182.1,25,0,584,27,5,0,Kwadwo Baah,Watford,998357,24,MF
6,0,0.0,2,21,27.27,9,192,201,77.91,1,100.0,0,9,0,0,0,0,67,0,0,0,0,10,9,0,0,0,0,1,0,0,0.0,,1,0,0.0,39,0,0,19,17,2,0,0,-3.71,0,0.0,0,4,0,57,0,0,0,8,765,0,,0,0,0,1,0.0,3,0,1,0,60,0,4,6.74,0,0,7,15,10,25,0,7,0.0,0.0,0,0,0,0,0,0,0.0,7,0,0,0.0,0,10,0,0,1,50.0,77,53,205,258,60.7,0,0,350,0,0,0,George Long,Norwich City,144297,263,GK
34,0,0.0,45,59,44.36,140,455,595,80.95,39,55.71,31,26,0,0,0,0,36,1,1,2,1,82,25,0,0,0,5,46,0,0,1.02,0.56,8,0,20.0,22,1,1,21,18,3,1,0,,25,62.5,0,0,0,140,6,5,1,12,1333,0,,2,0,0,1,0.0,0,0,0,0,166,1,0,6.74,0,0,0,0,0,0,0,0,1333.0,0.0,0,4,1,0,3,2,50.0,0,20,13,65.0,5,66,4,6,64,58.18,133,233,508,735,168.6,5,0,958,3,3,0,Morgan Fox,Queens Park Rangers,288957,1,DF
19,19,25.0,204,30,33.33,395,375,751,75.86,74,55.22,60,39,4,0,0,0,122,8,1,6,7,95,39,0,0,49,15,216,1,1,3.3,1.49,47,0,15.0,0,3,7,51,46,5,3,0,,121,43.68,2,0,1,239,51,29,1,38,3167,2,,0,0,0,0,0.0,0,0,0,0,479,9,0,6.74,0,0,0,0,0,0,0,0,1055.67,0.0,0,18,2,9,5,31,40.26,0,54,31,57.41,29,40,77,76,195,47.45,90,593,473,990,263.0,20,0,1852,36,7,0,Yan Valery,Sheffield Wednesday,826202,12,DF
0,0,0.0,25,2,100.0,37,13,50,80.65,1,33.33,2,7,0,0,0,0,2,0,0,0,0,0,7,0,0,0,0,5,0,0,0.27,0.13,2,0,100.0,0,1,1,1,1,0,1,0,,1,25.0,0,0,0,12,0,3,0,0,84,0,,0,0,0,0,0.0,0,0,0,0,22,0,0,6.74,0,1,0,0,0,0,0,0,84.0,0.0,0,1,0,0,1,0,0.0,0,1,0,0.0,3,2,1,5,2,28.57,2,52,15,62,47.2,1,0,79,0,0,0,Alexander Gilbert,Middlesbrough,1005765,36,MF
14,0,0.0,32,36,43.9,99,239,338,77.7,31,60.78,20,14,0,0,0,0,47,0,2,1,3,72,14,0,0,1,6,42,0,0,0.08,0.49,14,0,0.0,0,0,0,13,12,1,0,0,,25,53.19,0,0,0,97,9,0,0,13,1121,0,,0,0,0,1,0.0,0,0,0,0,146,0,0,6.74,0,0,0,0,0,0,0,0,0.0,0.0,0,3,1,2,1,0,0.0,0,22,13,59.09,0,36,1,1,56,57.14,82,156,280,435,94.4,4,0,650,4,3,0,Sondre Langås,Derby County,1026541,27,DF
23,11,42.31,71,37,44.58,166,241,396,74.44,12,44.44,15,29,1,0,0,0,74,3,2,4,4,64,29,0,0,10,15,79,0,2,1.1,1.41,18,0,0.0,0,0,1,20,16,4,0,0,,91,58.71,0,0,1,136,11,9,0,17,1608,3,,0,0,0,0,0.0,0,0,0,0,255,6,0,6.74,0,0,0,0,0,0,0,0,0.0,0.0,0,7,6,5,4,8,26.67,0,56,35,62.5,9,56,30,26,103,56.59,83,260,298,532,195.5,13,1,986,27,6,0,Harrison Ashby,Queens Park Rangers,1084284,1,DF
1,0,0.0,9,1,100.0,15,7,22,91.67,1,33.33,2,5,0,0,0,0,5,0,0,0,0,0,5,0,0,2,0,5,0,0,0.02,0.13,1,0,50.0,0,1,1,1,1,0,1,0,,5,62.5,0,0,0,2,0,1,0,0,61,0,,0,0,0,0,0.0,0,0,0,0,5,0,0,6.74,0,1,0,0,0,0,0,0,61.0,0.0,0,2,0,1,1,2,100.0,0,1,1,100.0,1,1,2,1,6,54.55,1,18,7,24,33.7,2,0,36,2,0,0,Arnór Sigurðsson,Blackburn Rovers,841399,46,FW
9,2,11.11,72,21,40.38,171,223,392,82.01,21,46.67,24,20,0,0,0,0,66,0,0,0,1,32,20,0,0,11,11,70,0,0,0.33,0.02,19,0,0.0,11,0,0,22,18,4,0,0,,59,56.19,0,0,0,86,21,3,0,15,1269,1,,0,0,0,0,0.0,0,0,0,0,157,5,0,6.74,0,0,0,0,0,0,0,0,0.0,0.0,0,0,1,1,0,4,44.44,0,45,30,66.67,3,25,9,18,80,53.33,52,253,243,478,134.8,1,0,770,10,6,0,Jordan Lee Williams,Portsmouth,826146,2,DF
3,2,33.33,60,2,100.0,114,45,157,71.04,22,29.33,53,34,3,0,0,0,32,1,8,10,1,9,33,0,0,28,3,129,0,1,0.54,8.15,30,0,20.93,0,9,12,19,17,2,9,0,,40,34.48,0,0,1,64,1,11,0,20,1926,21,,0,0,0,0,0.0,0,0,0,0,187,5,0,6.74,0,9,0,0,0,0,0,0,214.0,0.0,0,40,3,15,18,8,32.0,0,9,5,55.56,11,4,25,6,62,32.46,2,174,53,221,222.4,43,1,489,23,4,0,Milutin Osmajić,Preston North End,928047,21,FW
12,18,23.08,143,25,35.71,292,369,643,80.88,33,66.0,17,41,6,0,0,0,102,3,1,6,3,69,41,0,0,19,21,107,0,0,3.39,1.82,32,0,16.67,0,2,8,39,35,4,2,0,,82,47.67,0,0,0,152,20,20,1,20,2142,2,,0,0,0,1,0.0,0,0,0,0,309,6,0,6.74,0,1,0,0,0,0,0,0,1071.0,0.0,0,10,2,2,4,16,45.71,0,55,41,74.55,20,31,35,78,115,51.8,70,440,433,795,276.3,12,1,1393,11,5,0,Jack Stacey,Norwich City,583450,263,DF
2,3,12.5,60,6,54.55,111,53,161,79.31,3,18.75,13,18,1,0,0,0,35,0,2,3,0,4,18,0,1,16,6,68,0,0,1.06,1.49,9,0,15.79,0,3,4,13,11,2,3,0,,64,53.78,0,0,1,42,5,11,1,9,735,2,,0,0,0,0,0.0,0,0,0,0,129,7,0,6.74,1,2,0,0,0,0,0,0,245.0,0.0,0,16,3,8,8,25,50.0,0,15,5,33.33,11,7,50,24,67,49.63,11,161,66,203,121.3,19,1,419,24,3,0,Ibrahim Cissoko,Sheffield Wednesday,1128902,12,MF
32,17,28.81,118,40,48.78,248,256,487,80.63,12,60.0,8,21,1,0,0,0,58,1,0,7,2,10,21,0,0,8,14,60,0,0,1.15,0.57,27,0,0.0,0,0,1,26,22,4,0,0,,35,40.23,0,0,0,117,14,21,0,15,1167,0,,0,0,0,0,0.0,0,0,0,0,191,6,0,6.74,0,0,0,0,0,0,0,0,0.0,0.0,0,5,10,4,4,3,42.86,0,22,11,50.0,21,54,7,59,47,43.93,82,371,292,604,141.5,15,0,810,10,7,0,Joe Ralls,Cardiff City,184463,61,MF
5,0,0.0,16,0,0.0,28,13,41,51.9,15,41.67,21,8,0,0,0,0,11,0,1,4,1,4,8,0,0,1,3,36,0,0,0.18,1.42,10,0,7.69,0,1,1,6,5,1,1,0,,7,31.82,1,0,0,38,0,1,0,6,488,6,,0,0,0,0,0.0,0,0,0,0,54,2,0,6.74,0,0,0,0,0,0,0,0,488.0,0.0,0,13,0,1,8,0,0.0,0,4,4,100.0,1,7,1,3,22,37.93,4,62,20,79,53.9,13,0,132,3,0,0,Lars-Jørgen Salvesen,Derby County,591876,27,FW
8,1,7.14,74,16,30.77,107,93,199,69.58,25,56.82,19,17,0,0,0,0,31,1,1,2,1,48,16,0,0,1,7,39,0,0,0.34,0.35,7,0,0.0,0,0,0,13,11,2,0,0,,29,59.18,0,0,0,87,13,5,0,10,855,0,,0,0,0,0,0.0,0,0,0,0,138,2,0,6.74,0,0,0,0,0,0,0,0,0.0,0.0,0,3,4,3,2,5,50.0,0,19,11,57.89,5,29,10,14,54,58.06,52,187,113,286,107.8,7,0,508,5,4,0,Reece Burke,Luton Town,372342,72,DF
16,12,20.34,167,32,37.21,271,192,451,72.62,43,51.19,41,30,1,0,0,0,75,2,0,2,3,45,28,0,0,19,6,93,0,0,2.06,0.23,18,0,14.29,0,1,2,27,23,4,1,0,,38,42.22,0,0,1,170,11,21,1,15,1634,4,,0,0,0,0,0.0,0,0,0,1,319,4,0,6.74,0,0,0,0,0,0,0,0,1634.0,0.0,0,3,4,3,2,12,54.55,0,16,9,56.25,21,51,22,59,81,46.55,86,444,236,621,188.6,7,0,1071,11,5,0,Haydon Roberts,Bristol City,980635,58,MF
2,3,17.65,40,0,0.0,64,23,84,51.22,67,49.26,69,34,0,0,0,0,30,2,6,8,0,16,32,0,0,24,11,135,0,0,0.22,3.68,22,0,6.67,0,3,3,27,23,4,3,0,,54,45.0,2,0,2,80,7,6,1,11,1216,5,,0,0,0,0,0.0,0,0,0,0,172,5,0,6.73,0,0,0,0,0,0,0,0,405.33,0.0,1,37,8,23,14,18,62.07,0,17,13,76.47,6,3,29,17,121,47.27,8,147,34,164,215.5,45,0,435,20,1,0,Yakou Méïté,Cardiff City,352922,61,MF
7,7,18.42,103,8,33.33,172,85,250,74.85,4,23.53,13,33,4,0,0,0,53,5,2,17,1,10,33,0,0,27,19,119,0,1,1.57,2.89,9,0,6.98,0,3,7,26,23,3,2,1,,87,45.08,0,0,3,84,11,13,1,15,1561,1,,0,0,0,0,0.0,0,0,0,0,269,7,0,6.73,0,2,0,0,0,0,0,0,520.33,0.0,1,21,22,14,12,36,41.38,0,31,17,54.84,13,20,87,38,91,43.33,24,272,100,334,222.2,43,0,744,20,0,0,Rocco Vata,Watford,1149235,24,MF
14,4,9.09,79,14,31.11,123,102,221,68.85,16,57.14,12,18,0,0,0,0,53,1,1,3,1,22,18,0,0,14,11,66,0,0,1.1,0.71,10,0,8.33,0,1,1,25,22,3,1,0,,62,53.45,0,0,0,100,7,9,1,12,1151,5,,0,0,0,0,0.0,0,0,0,0,234,7,0,6.73,0,0,0,0,0,0,0,0,1151.0,0.0,0,6,6,7,2,11,36.67,0,27,16,59.26,9,31,30,44,78,54.17,45,247,118,321,121.2,12,0,705,24,0,0,Victor Moses,Luton Town,31585,72,MF
9,0,0.0,24,18,27.27,69,276,345,75.16,48,57.14,36,12,0,0,0,0,36,0,0,2,1,53,12,0,0,3,7,58,0,0,0.07,0.38,12,0,0.0,7,0,0,22,14,8,0,0,,32,59.26,0,0,0,114,17,3,0,11,1021,0,,0,0,0,0,0.0,0,0,0,0,126,0,0,6.73,0,0,0,0,0,0,0,0,0.0,0.0,0,4,0,1,1,5,83.33,0,18,11,61.11,3,26,6,1,80,57.97,66,136,324,459,80.8,4,0,618,9,3,0,Tom McIntyre,Portsmouth,920678,2,DF
0,0,0.0,11,1,50.0,15,4,19,82.61,0,0.0,2,3,0,0,0,0,2,0,0,2,0,1,3,0,0,1,1,11,0,0,0.02,0.18,4,0,0.0,0,0,0,3,3,0,0,0,,10,52.63,0,0,0,4,1,2,0,1,103,0,,0,0,0,0,0.0,0,0,0,0,10,1,0,6.73,0,0,0,0,0,0,0,0,0.0,0.0,0,2,1,0,1,2,40.0,0,3,3,100.0,2,1,5,0,10,47.62,2,19,4,23,20.2,3,0,49,5,1,0,Harry Vaughan,Hull City,1103616,96,MF
15,3,60.0,49,16,42.11,81,66,144,74.61,12,52.17,11,13,0,0,0,0,32,1,0,0,2,28,12,0,0,4,7,33,0,0,0.38,0.02,6,0,0.0,0,0,0,8,8,0,0,0,,25,53.19,0,0,0,49,11,2,0,7,698,0,,0,0,0,0,0.0,0,0,0,0,84,2,0,6.73,0,0,0,0,0,0,0,0,0.0,0.0,0,0,1,0,1,2,28.57,0,16,8,50.0,2,20,7,5,37,52.86,38,115,83,193,80.8,1,0,366,7,1,0,Danny McNamara,Millwall,995670,25,DF
7,0,0.0,48,12,31.58,121,314,435,80.56,73,66.36,37,22,0,0,0,0,39,0,2,2,2,84,22,0,0,8,3,71,0,0,0.57,1.04,25,0,10.0,0,1,1,26,25,1,1,0,,40,54.05,1,0,1,105,18,4,0,17,1444,4,,0,0,0,2,0.0,0,0,0,0,131,2,0,6.73,0,0,0,0,0,0,0,0,1444.0,0.0,0,10,0,4,4,3,60.0,0,22,11,50.0,4,18,5,1,113,61.41,38,184,357,540,148.1,10,0,785,15,4,0,Dominic Iorfa,Sheffield Wednesday,544812,12,DF
42,24,25.81,259,70,48.95,418,272,666,74.75,14,31.82,30,41,2,0,0,0,127,2,1,15,2,19,39,0,0,30,28,143,0,0,2.94,2.32,28,0,5.41,0,2,4,32,26,6,1,1,,97,46.19,0,0,0,225,23,26,0,29,2366,1,,0,0,0,0,0.0,0,0,0,0,399,14,0,6.73,0,2,0,0,0,0,0,0,1183.0,0.0,2,16,21,14,8,32,51.61,0,44,24,54.55,26,83,62,93,111,43.7,143,671,313,891,262.5,37,0,1358,21,4,0,Kenzo Goudmijn,Derby County,916947,27,MF
10,0,0.0,9,45,29.8,23,329,352,76.03,4,100.0,0,17,0,0,0,0,145,1,0,0,5,19,17,0,0,0,2,2,1,0,0.01,,0,0,0.0,77,0,0,21,18,3,0,0,-4.49,1,33.33,0,10,0,111,0,1,0,17,1530,0,,1,0,0,0,0.0,0,0,0,0,113,0,8,6.73,0,0,3,20,8,29,0,9,0.0,0.0,0,0,0,0,0,0,0.0,3,0,0,0.0,1,21,0,0,5,71.43,151,93,370,463,114.4,0,0,615,2,0,0,Seny Dieng,Middlesbrough,298226,36,GK
26,8,14.29,145,38,33.63,299,223,514,68.9,21,41.18,30,38,2,0,0,0,77,3,0,8,3,67,38,0,0,16,16,107,0,1,1.76,1.06,33,0,9.38,0,3,5,32,28,4,3,0,,69,47.26,0,0,2,232,23,14,1,21,2097,1,,0,1,0,0,0.0,0,0,0,0,415,3,0,6.73,0,2,0,0,0,0,0,0,699.0,0.0,0,15,17,14,10,10,45.45,0,37,26,70.27,13,64,22,56,90,45.69,113,511,291,746,255.7,32,0,1286,22,3,0,Ryan Andrews,Watford,1461597,24,MF
11,10,17.24,213,16,31.37,316,137,443,74.45,14,28.57,35,38,0,0,0,0,99,5,2,7,4,40,35,0,0,27,17,164,1,0,2.06,3.02,32,0,7.69,1,2,2,30,25,5,2,0,,118,47.77,0,0,0,152,19,23,0,24,2105,4,,0,0,0,0,0.0,0,0,0,2,359,8,0,6.73,0,2,0,0,0,0,0,0,1052.5,0.0,0,18,8,9,10,29,34.52,0,50,30,60.0,23,35,84,58,132,44.59,51,482,171,595,235.5,26,1,1115,39,5,0,Isaiah Jones,Luton Town,1007056,72,MF
17,2,33.33,119,17,32.69,212,157,367,74.9,34,52.31,31,14,1,0,0,0,58,0,0,3,2,18,14,0,0,12,13,78,0,1,0.86,0.29,18,0,0.0,0,0,1,18,16,2,0,0,,25,34.72,0,0,0,123,15,11,0,12,1010,0,,0,0,0,0,0.0,0,0,0,0,158,2,0,6.73,0,0,0,0,0,0,0,0,0.0,0.0,0,3,6,5,1,4,50.0,0,18,12,66.67,11,34,8,6,59,43.07,52,312,184,490,94.2,9,0,636,6,4,0,Sivert Mannsverk,Cardiff City,900111,61,MF
10,2,20.0,76,4,50.0,129,76,203,83.88,2,33.33,4,11,1,0,0,0,15,2,2,5,0,8,11,0,0,6,3,25,0,0,0.76,1.12,3,0,0.0,0,0,1,8,8,0,0,0,,17,44.74,0,0,0,39,2,14,0,6,538,1,,0,0,0,0,0.0,0,0,0,0,71,2,0,6.73,0,0,0,0,0,0,0,0,0.0,0.0,0,8,5,6,2,5,35.71,0,10,6,60.0,14,16,14,10,19,43.18,8,163,89,242,74.0,13,0,338,2,0,0,Stuart Armstrong,Sheffield Wednesday,117083,12,MF
3,1,25.0,66,4,36.36,118,63,180,75.95,13,27.66,34,15,2,0,0,0,19,0,2,12,1,9,15,0,0,12,6,70,0,0,0.64,2.11,11,0,4.17,0,1,3,7,7,0,1,0,,17,32.08,0,0,1,57,0,13,1,9,780,2,,0,0,0,0,0.0,0,0,0,0,107,5,0,6.73,0,0,0,0,0,0,0,0,780.0,0.0,0,14,10,8,4,4,36.36,0,11,8,72.73,13,8,11,4,30,30.0,11,170,71,237,100.9,24,0,362,2,0,0,Kelechi Iheanacho,Middlesbrough,359642,36,MF
11,3,20.0,164,10,52.63,250,109,356,72.65,46,27.22,123,42,4,0,0,0,80,4,16,13,3,20,42,0,0,48,17,256,0,0,1.45,11.45,45,0,17.24,0,10,14,43,34,9,10,0,,55,29.26,3,0,4,134,7,24,2,40,3436,26,,0,0,1,0,100.0,0,1,0,0,289,24,0,6.73,0,5,0,0,0,0,0,0,343.6,0.0,0,50,8,20,25,13,36.11,0,14,8,57.14,24,23,36,15,101,28.29,19,371,134,490,282.5,58,1,880,31,2,0,Jerry Yates,Derby County,785799,27,FW
0,1,20.0,13,1,12.5,27,46,72,76.6,6,100.0,0,5,0,0,0,0,18,0,0,1,1,8,4,0,0,4,2,10,0,0,0.03,0.03,1,0,0.0,0,0,0,4,3,1,0,0,,13,56.52,0,0,0,22,2,0,0,3,302,0,,0,0,0,0,0.0,0,0,0,0,49,0,0,6.73,0,0,0,0,0,0,0,0,0.0,0.0,0,0,1,0,0,3,50.0,0,8,8,100.0,0,5,6,5,19,65.52,8,45,54,94,26.9,1,0,180,2,0,0,Zak Sturge,Millwall,1092974,25,DF
17,4,16.67,105,20,51.28,187,164,347,81.26,15,34.09,29,22,0,0,0,0,52,0,0,2,5,28,22,0,0,16,11,87,0,1,0.74,1.42,17,0,10.0,0,1,1,9,9,0,1,0,,54,48.21,0,0,0,80,11,8,0,13,1214,1,,0,0,0,0,0.0,0,0,0,0,167,1,0,6.72,0,1,0,0,0,0,0,0,1214.0,0.0,1,8,2,5,3,7,33.33,0,20,12,60.0,8,29,21,24,69,44.23,39,268,183,427,147.9,10,0,699,27,1,0,Alan Browne,Sunderland,247459,41,MF
0,1,10.0,21,0,0.0,31,7,37,69.81,2,11.76,15,9,0,0,0,0,11,0,1,2,0,1,9,0,0,6,3,36,0,0,0.14,1.59,4,0,28.57,0,2,2,4,4,0,2,0,,21,50.0,0,0,0,16,1,4,1,3,298,1,,0,0,0,0,0.0,0,0,0,0,51,3,0,6.72,0,1,0,0,0,0,0,0,149.0,0.0,0,6,1,2,3,6,42.86,0,10,6,60.0,4,0,14,10,23,38.98,0,53,10,53,60.5,7,0,128,5,1,0,Isaak Davies,Cardiff City,1005908,61,MF
23,0,0.0,32,21,37.5,82,249,331,82.96,33,61.11,21,18,0,0,0,0,15,0,0,1,1,70,14,0,0,1,2,29,0,1,0.1,0.26,6,0,0.0,1,0,0,8,6,2,0,0,,5,38.46,0,0,0,68,3,5,0,9,905,0,,0,0,0,1,0.0,0,0,0,0,74,1,0,6.72,0,0,0,0,0,0,0,0,0.0,0.0,0,4,1,3,1,0,0.0,0,2,1,50.0,5,40,0,0,38,56.72,56,127,272,399,94.1,5,0,512,3,1,0,John Egan,Hull City,100578,96,DF
10,5,15.63,165,16,53.33,274,110,379,81.51,16,41.03,23,29,2,0,0,1,26,4,5,7,0,10,29,0,0,14,7,83,0,0,1.82,2.71,27,0,7.69,0,2,4,16,14,2,2,0,,47,43.93,1,0,1,86,4,17,1,11,1143,3,,0,0,1,0,0.0,0,0,0,0,165,3,0,6.72,0,0,0,0,0,0,0,0,571.5,0.0,5,12,14,9,10,13,52.0,0,15,11,73.33,17,19,25,32,63,43.15,30,374,123,465,194.9,26,0,670,19,4,0,Kasey Palmer,Hull City,788260,96,MF
8,3,37.5,56,9,47.37,101,89,187,78.57,1,16.67,5,21,2,0,0,0,30,2,2,7,0,4,20,0,0,21,9,52,0,1,1.54,1.29,9,0,12.5,0,2,4,13,11,2,0,2,,31,39.74,0,0,0,51,2,8,2,8,740,0,,1,0,0,0,0.0,0,0,0,0,104,4,0,6.72,0,0,0,0,0,0,0,0,370.0,0.0,0,3,13,4,5,4,33.33,0,16,9,56.25,8,18,12,8,32,38.1,19,148,98,238,134.4,16,1,381,11,2,0,Forson Amankwah,Norwich City,1113141,263,
5,4,26.67,34,5,83.33,74,40,110,81.48,2,22.22,7,11,1,0,0,0,18,0,0,1,0,7,11,0,0,6,3,25,0,0,0.36,0.12,5,0,0.0,0,0,1,4,3,1,0,0,,19,51.35,0,0,0,25,3,6,0,4,421,3,,0,0,0,0,0.0,0,0,0,0,68,1,0,6.72,0,0,0,0,0,0,0,0,0.0,0.0,1,2,1,1,1,1,20.0,0,14,6,42.86,6,9,5,15,21,45.65,6,105,45,135,73.9,3,0,239,4,0,0,Lincoln,Hull City,794928,96,MF
12,0,0.0,91,17,65.38,229,214,443,88.96,5,38.46,8,21,0,0,0,0,60,0,0,2,1,7,21,0,0,12,8,47,0,0,0.42,0.24,13,0,0.0,0,0,0,19,16,3,0,0,,63,61.76,0,0,0,55,7,1,0,11,1072,0,,0,0,0,0,0.0,0,0,0,0,88,4,0,6.71,0,0,0,0,0,0,0,0,0.0,0.0,0,1,6,3,2,9,56.25,0,27,16,59.26,1,17,16,4,68,59.13,26,270,232,498,141.0,7,0,660,27,1,0,Marcus McGuane,Bristol City,836692,58,MF
4,6,18.18,86,6,75.0,139,75,208,72.47,3,13.04,20,29,6,0,0,0,62,4,4,12,1,3,29,0,0,29,10,111,0,0,2.79,4.53,7,0,9.38,0,3,9,23,20,3,3,0,,58,38.93,0,0,1,79,5,19,2,12,1333,2,,0,0,0,0,0.0,0,0,0,1,220,7,0,6.71,0,1,0,0,0,0,0,0,444.33,0.0,0,24,8,10,10,30,40.0,0,11,9,81.82,19,5,75,33,61,35.47,8,220,100,287,194.6,32,0,587,17,0,0,Anthony Musaba,Sheffield Wednesday,979473,12,MF
12,23,20.35,112,22,32.84,240,191,408,69.74,35,46.05,41,33,1,0,0,0,131,6,2,8,4,66,33,0,0,43,10,197,0,0,2.87,1.94,30,0,8.33,0,2,3,37,30,7,2,0,,138,46.94,1,0,0,177,15,22,0,26,2431,2,,0,1,0,0,0.0,0,0,0,0,520,12,0,6.71,0,1,0,0,0,0,0,0,1215.5,0.0,0,21,3,7,9,57,43.51,0,52,30,57.69,21,28,131,113,173,46.76,67,458,240,585,221.4,24,1,1470,29,0,0,Kane Wilson,Derby County,843765,27,DF
8,1,33.33,49,20,58.82,102,98,199,81.89,4,57.14,3,13,0,0,0,0,20,1,0,0,2,7,12,0,0,1,2,20,0,0,0.39,0.03,13,0,0.0,0,0,0,11,11,0,0,0,,21,55.26,0,0,0,44,7,3,0,8,584,1,,0,0,0,0,0.0,0,0,0,0,55,1,0,6.71,0,0,0,0,0,0,0,0,0.0,0.0,0,0,1,1,0,0,0.0,0,16,11,68.75,3,18,1,3,25,55.56,34,139,107,243,80.5,1,0,306,7,5,0,Ben Pearson,Stoke City,190857,29,MF
0,0,0.0,16,1,33.33,24,13,37,42.05,15,31.25,33,13,1,0,0,0,16,0,0,1,0,8,13,0,0,8,2,59,0,0,0.12,0.6,16,0,33.33,0,2,3,7,7,0,2,0,,13,33.33,0,0,0,51,1,3,0,4,451,4,,0,0,0,0,0.0,0,0,0,0,84,1,0,6.71,0,2,0,0,0,0,0,0,225.5,0.0,0,5,1,1,4,3,60.0,0,2,1,50.0,3,3,5,4,28,32.18,3,66,26,88,87.2,6,1,171,8,2,0,Muhamed Tijani,Plymouth Argyle,983596,71,FW
10,1,33.33,103,11,73.33,181,97,277,73.47,61,36.31,107,41,0,0,0,0,48,2,16,12,2,24,41,0,1,21,8,188,0,0,0.6,12.76,43,0,16.67,0,10,10,34,33,1,10,0,,52,39.1,3,0,0,100,3,15,2,25,2258,20,,0,0,1,0,100.0,0,1,0,1,239,6,0,6.71,1,5,0,0,0,0,0,0,225.8,0.0,0,54,6,26,22,13,41.94,0,20,13,65.0,15,19,31,3,113,37.54,15,263,117,377,275.0,60,2,738,19,5,0,Vakoun Issouf Bayo,Watford,796455,24,FW
19,5,19.23,80,15,21.74,144,153,292,68.22,30,46.88,34,29,3,0,0,0,43,4,1,8,4,53,29,0,0,13,15,90,1,0,1.3,1.87,17,0,9.52,0,2,5,18,16,2,2,0,,44,44.0,1,0,0,136,21,12,0,13,1253,0,,0,0,0,1,0.0,0,0,0,0,223,6,0,6.71,0,1,0,0,0,0,0,0,626.5,0.0,0,16,5,6,7,12,50.0,0,29,19,65.52,12,44,24,26,74,45.12,69,270,184,428,194.5,21,0,795,3,4,0,Joe Rankin-Costello,Blackburn Rovers,905789,46,DF
13,4,26.67,78,15,50.0,141,71,208,73.5,28,50.0,28,31,1,0,0,0,46,2,1,8,0,21,29,0,0,26,14,106,0,0,0.86,1.97,20,0,6.9,0,2,3,10,9,1,1,1,,42,35.0,1,0,0,75,3,12,0,8,966,9,,0,0,0,0,0.0,0,0,0,0,175,9,0,6.71,0,1,0,0,0,0,0,0,483.0,0.0,1,16,13,8,13,12,38.71,0,20,8,40.0,12,24,31,15,70,39.77,30,205,93,283,194.5,29,0,529,10,1,0,Mason Burstow,Hull City,1138421,96,FW
4,0,0.0,52,4,66.67,95,83,178,69.26,41,37.61,68,42,0,0,0,0,37,2,11,18,1,22,42,0,0,8,4,108,0,1,1.04,9.63,21,0,12.28,0,7,7,19,19,0,7,0,,31,43.66,0,0,0,79,2,6,3,24,2099,9,,0,0,1,0,100.0,0,1,0,0,137,10,0,6.7,0,4,0,0,0,0,0,0,299.86,0.0,0,49,8,18,21,7,46.67,0,6,3,50.0,6,7,15,0,72,40.0,6,159,98,257,281.6,57,0,474,18,1,0,Žan Vipotnik,Swansea City,1000160,74,FW
3,0,0.0,33,3,30.0,66,48,114,70.81,18,46.15,21,20,0,0,0,0,15,0,2,2,0,12,18,0,0,4,3,46,0,0,0.23,2.52,13,0,15.38,0,2,2,3,3,0,2,0,,16,39.02,0,0,1,47,2,5,0,8,746,4,,0,0,1,0,100.0,0,1,0,0,74,4,0,6.7,0,2,0,0,0,0,0,0,373.0,0.0,0,10,3,8,3,5,45.45,0,9,7,77.78,5,8,11,2,34,42.5,10,104,59,161,120.6,13,0,253,2,1,0,Jay Rodriguez,Burnley,26989,6,FW
1,0,0.0,3,0,0.0,6,6,12,60.0,5,45.45,6,2,0,0,0,0,4,0,1,1,0,4,2,0,0,0,0,8,0,0,0.01,1.26,2,0,25.0,0,1,1,2,2,0,1,0,,1,33.33,0,0,0,8,0,0,1,2,148,4,,0,0,1,0,100.0,0,1,0,0,13,0,0,6.7,0,0,0,0,0,0,0,0,148.0,0.0,0,3,1,1,2,0,0.0,0,0,0,0.0,0,1,0,0,6,42.86,0,12,8,20,13.4,4,0,37,1,0,0,Óscar Estupiñán,Hull City,822089,96,FW
0,0,0.0,1,0,0.0,2,1,3,60.0,2,18.18,9,3,0,0,0,0,0,0,1,0,0,2,3,0,0,0,0,12,0,0,0.0,0.81,2,0,50.0,0,1,1,1,1,0,1,0,,0,0.0,1,0,0,2,0,1,0,0,49,0,,0,0,0,0,0.0,0,0,0,0,4,0,0,6.7,0,0,0,0,0,0,0,0,49.0,0.0,0,2,0,1,1,0,0.0,0,0,0,0.0,1,0,1,0,2,14.29,0,3,2,5,20.1,2,0,15,0,2,0,Mileta Rajović,Watford,992951,24,FW
4,2,50.0,19,5,50.0,41,67,106,79.1,3,37.5,5,8,1,0,0,0,15,2,0,0,0,3,8,0,0,4,2,14,0,0,0.23,,3,0,0.0,0,0,1,4,3,1,0,0,,8,47.06,0,0,0,28,2,4,0,3,304,0,,0,0,0,0,0.0,0,0,0,0,37,0,0,6.7,0,0,0,0,0,0,0,0,0.0,0.0,0,0,0,0,0,2,100.0,0,4,2,50.0,4,11,2,4,11,44.0,10,61,77,134,53.6,0,0,167,2,0,0,Souleymane Sidibe,Stoke City,1472807,29,
1,0,0.0,9,2,66.67,12,1,13,65.0,2,40.0,3,1,1,0,0,0,6,1,0,0,0,0,1,0,0,4,1,15,0,0,0.18,0.14,2,0,0.0,0,0,1,3,2,1,0,0,,9,42.86,0,0,0,7,0,3,0,1,90,0,,0,0,0,0,0.0,0,0,0,0,25,0,0,6.7,0,0,0,0,0,0,0,0,0.0,0.0,0,0,2,1,1,3,33.33,0,0,0,0.0,3,2,9,4,11,42.31,3,23,1,20,6.7,2,0,54,6,0,0,Georginio Rutter,Leeds United,946695,34,MF
0,0,0.0,3,0,0.0,6,1,7,77.78,0,0.0,0,1,0,0,0,0,0,0,0,0,0,0,1,0,0,0,1,3,0,0,0.04,,2,0,0.0,0,0,0,0,0,0,0,0,,2,40.0,0,0,0,2,2,0,0,0,18,0,,0,0,0,0,0.0,0,0,0,0,3,0,0,6.7,0,0,0,0,0,0,0,0,0.0,0.0,0,0,0,0,0,0,0.0,0,1,0,0.0,0,1,0,1,2,40.0,0,9,1,9,6.7,0,0,15,1,0,0,Shurandy Sambo,Burnley,916926,6,DF
0,0,0.0,0,0,0.0,0,0,0,0.0,0,0.0,1,1,0,0,0,0,0,0,0,0,0,0,1,0,0,0,0,1,0,0,,,0,0,0.0,0,0,0,1,0,1,0,0,,1,100.0,0,0,0,1,0,0,0,0,15,0,,0,0,0,0,0.0,0,0,0,0,2,0,0,6.7,0,0,0,0,0,0,0,0,0.0,0.0,0,0,0,0,0,0,0.0,0,1,0,0.0,0,0,0,0,1,50.0,0,1,0,1,6.7,0,0,5,0,0,0,Patrick Bauer,Preston North End,139520,21,DF
0,0,0.0,4,1,100.0,8,3,11,100.0,1,100.0,0,1,0,0,0,0,0,0,0,0,0,0,1,0,0,0,0,0,0,0,0.01,,0,0,0.0,0,0,0,0,0,0,0,0,,0,0.0,0,0,0,0,0,0,0,0,14,0,,0,0,0,0,0.0,0,0,0,0,0,0,0,6.7,0,0,0,0,0,0,0,0,0.0,0.0,0,0,0,0,0,0,0.0,0,0,0,0.0,0,0,0,0,1,100.0,1,8,3,11,6.7,0,0,11,0,0,0,Ben Stevenson,Portsmouth,816806,2,MF
0,0,0.0,1,0,0.0,1,2,3,75.0,0,0.0,1,1,0,0,0,0,0,0,0,0,0,1,1,0,0,0,0,1,0,0,0.0,,0,0,0.0,0,0,0,0,0,0,0,0,,1,100.0,0,0,0,1,0,0,0,0,10,0,,0,0,0,0,0.0,0,0,0,0,2,0,0,6.7,0,0,0,0,0,0,0,0,0.0,0.0,0,0,0,0,0,0,0.0,0,1,1,100.0,0,0,0,1,1,50.0,0,3,2,4,6.7,0,0,10,0,0,0,Theo Carroll,Preston North End,2058620,21,MF
19,2,28.57,97,18,42.86,223,289,510,86.73,11,35.48,20,23,0,0,0,0,55,2,0,0,0,25,22,0,0,3,13,42,0,0,0.6,,3,0,0.0,2,0,0,14,14,0,0,0,,46,67.65,0,0,0,78,10,5,0,9,839,0,,0,0,0,0,0.0,0,0,0,0,109,3,0,6.7,0,0,0,0,0,0,0,0,0.0,0.0,0,0,0,0,0,10,76.92,0,28,18,64.29,5,33,13,7,57,57.58,42,279,316,588,147.4,0,0,798,8,1,0,Kyle Naughton,Swansea City,32821,74,DF
1,0,0.0,1,2,66.67,2,14,16,69.57,8,88.89,1,2,0,0,0,0,2,0,0,0,0,5,2,0,0,0,0,3,0,0,0.0,0.17,2,0,0.0,0,0,0,2,2,0,0,0,,0,0.0,0,0,0,7,2,0,0,0,80,0,,0,0,0,0,0.0,0,0,0,0,7,0,0,6.7,0,0,0,0,0,0,0,0,0.0,0.0,0,1,0,1,0,0,0.0,0,0,0,0.0,0,2,0,0,8,72.73,3,7,16,23,13.4,1,0,35,0,0,0,Jordan Thorniley,Oxford United,845898,95,DF
1,0,0.0,11,4,50.0,18,24,42,76.36,4,30.77,9,7,0,0,0,0,8,1,0,0,1,9,6,0,0,5,0,17,0,0,0.15,0.13,3,0,0.0,0,0,0,2,2,0,0,0,,11,57.89,0,0,0,13,1,2,0,1,211,1,,0,0,0,0,0.0,0,0,0,0,38,1,0,6.7,0,0,0,0,0,0,0,0,0.0,0.0,0,1,0,1,0,1,100.0,0,4,3,75.0,2,2,1,1,15,46.88,8,28,28,55,40.2,1,0,115,6,0,0,Bosun Lawal,Stoke City,1005710,29,DF
1,0,0.0,12,3,75.0,19,3,22,84.62,1,25.0,3,3,0,0,0,0,2,0,0,1,0,0,3,0,0,1,1,9,0,0,0.08,0.05,1,0,0.0,0,0,0,0,0,0,0,0,,7,53.85,0,0,0,4,0,1,0,0,55,0,,0,0,0,0,0.0,0,0,0,0,13,0,0,6.7,0,0,0,0,0,0,0,0,0.0,0.0,0,2,0,1,0,2,40.0,0,4,0,0.0,1,1,5,3,8,47.06,4,26,3,26,20.1,2,0,47,1,0,0,Enock Agyei,Burnley,1195757,6,FW
0,0,0.0,1,0,0.0,3,2,5,83.33,0,0.0,0,1,0,0,0,0,1,0,0,0,0,0,1,0,0,0,0,0,0,0,0.0,0.03,0,0,0.0,0,0,0,0,0,0,0,0,,0,0.0,0,0,0,1,0,0,0,0,9,0,,0,0,0,0,0.0,0,0,0,0,1,0,0,6.7,0,0,0,0,0,0,0,0,0.0,0.0,0,0,1,0,1,0,0.0,0,0,0,0.0,0,0,0,0,0,0.0,1,4,2,6,6.7,1,0,7,0,0,0,Charlie Crew,Leeds United,1158066,34,MF
7,3,17.65,55,9,16.36,125,110,232,66.86,15,51.72,14,21,0,0,0,0,40,0,2,1,2,58,21,0,0,5,6,38,0,0,0.3,0.76,10,0,20.0,0,1,1,21,18,3,1,0,,36,60.0,0,0,0,115,14,3,0,10,1008,1,,0,0,0,0,0.0,0,0,0,0,163,1,0,6.7,0,1,0,0,0,0,0,0,1008.0,0.0,0,4,1,0,4,2,40.0,0,27,14,51.85,3,21,5,17,51,57.3,55,215,149,347,140.6,5,0,601,7,1,0,Hidde ter Avest,Oxford United,361788,95,DF
3,2,25.0,99,4,44.44,143,57,198,77.34,16,19.51,66,39,3,0,0,0,38,4,6,9,0,12,37,0,0,35,11,136,0,0,1.47,5.1,11,0,7.69,0,3,6,9,7,2,3,0,,41,36.94,0,0,1,58,3,17,0,11,1286,4,,0,0,0,0,0.0,0,0,0,1,160,15,0,6.69,0,3,0,0,0,0,0,0,428.67,0.0,0,29,10,14,16,11,42.31,0,14,6,42.86,17,5,26,8,57,29.53,9,193,71,256,247.7,39,1,521,16,0,0,Mateo Joseph,Leeds United,1170693,34,FW
10,1,4.17,214,6,33.33,352,140,491,86.6,3,11.11,24,37,1,0,0,0,51,1,1,11,1,10,37,0,0,18,13,91,0,1,1.19,3.58,17,0,12.5,0,3,4,17,15,2,3,0,,37,35.58,0,0,0,76,13,13,1,11,1461,1,,0,0,0,0,0.0,0,0,0,0,176,7,0,6.69,0,2,0,0,0,0,0,0,487.0,0.0,0,21,3,6,7,6,23.08,0,22,10,45.45,13,17,26,24,40,30.53,18,433,158,567,247.7,24,1,819,9,3,0,George Earthy,Bristol City,1212165,58,MF
9,2,16.67,66,13,29.55,140,161,299,78.07,15,51.72,14,17,0,0,0,0,35,0,0,0,3,22,16,0,0,8,5,41,0,1,0.29,,11,0,0.0,0,0,0,13,11,2,0,0,,42,60.87,0,0,0,84,13,2,0,14,1127,0,,0,0,0,0,0.0,0,0,0,0,160,1,0,6.69,0,0,0,0,0,0,0,0,0.0,0.0,0,0,0,0,0,6,66.67,0,28,19,67.86,2,22,9,12,57,58.16,44,206,189,383,107.1,0,0,677,8,2,0,Ryan Nyambe,Derby County,793958,27,DF
2,1,33.33,45,3,50.0,89,58,146,79.35,14,34.15,27,24,2,0,0,0,26,1,2,8,1,10,24,0,0,14,7,84,0,0,0.94,3.14,24,0,13.64,0,3,5,19,16,3,3,0,,33,36.67,0,0,0,38,4,6,1,12,986,6,,0,0,0,0,0.0,0,0,0,0,103,9,0,6.69,0,2,0,0,0,0,0,0,328.67,0.0,0,20,2,8,6,12,50.0,0,11,7,63.64,6,5,24,3,47,35.88,6,118,69,184,160.6,22,0,352,10,2,0,Jamal Lowe,Sheffield Wednesday,257433,12,FW
4,1,16.67,32,8,26.67,65,87,151,74.38,21,60.0,14,15,1,0,0,0,15,0,0,0,0,30,11,0,0,4,1,30,0,0,0.1,,10,0,0.0,0,0,1,7,6,1,0,0,,13,44.83,0,0,0,52,4,3,0,5,441,0,,0,0,0,0,0.0,0,0,0,0,75,1,0,6.69,0,0,0,0,0,0,0,0,0.0,0.0,0,0,0,0,0,2,66.67,0,11,6,54.55,3,13,3,6,34,53.13,30,107,102,203,73.6,0,0,322,0,3,0,Leo Fuhr Hjelde,Sunderland,1097848,41,DF
9,9,37.5,86,16,51.61,155,78,224,77.51,3,25.0,9,29,1,0,0,0,36,2,0,4,0,11,29,0,0,12,13,60,0,0,1.82,0.36,15,0,16.67,0,1,2,15,13,2,1,0,,57,52.78,0,0,0,65,6,12,0,6,836,1,,0,0,0,0,0.0,0,0,0,0,138,5,0,6.69,0,1,0,0,0,0,0,0,836.0,0.0,1,3,3,0,2,15,57.69,0,17,12,70.59,12,17,26,24,60,50.0,31,221,92,289,194.0,6,0,495,25,4,0,Duane Holmes,Preston North End,309290,21,MF
3,0,0.0,39,2,33.33,72,44,116,72.96,23,33.33,46,19,0,0,0,0,15,0,2,4,0,5,19,0,0,13,2,91,0,1,0.23,2.17,25,0,12.5,0,2,2,12,11,1,1,1,,32,41.56,1,0,0,43,3,6,1,12,988,9,,0,0,0,0,0.0,0,0,0,2,100,2,0,6.69,0,0,0,0,0,0,0,0,494.0,0.0,0,14,2,8,4,7,53.85,0,12,7,58.33,6,8,13,2,55,37.67,6,108,53,159,127.1,16,0,300,13,2,0,Mamadou Doumbia,Watford,1542789,24,FW
2,3,20.0,55,1,33.33,78,19,94,74.02,12,50.0,12,20,0,0,0,0,22,0,2,2,0,4,18,0,0,7,8,38,0,0,0.28,1.32,6,0,0.0,0,0,0,7,7,0,0,0,,21,44.68,0,0,2,33,2,8,0,0,424,5,,0,0,0,0,0.0,0,0,0,0,73,4,0,6.69,0,0,0,0,0,0,0,0,0.0,0.0,0,11,4,6,7,6,54.55,0,9,7,77.78,8,5,11,15,33,46.48,3,118,24,127,120.4,15,0,233,6,0,0,Sam Bell,Bristol City,1093053,58,FW
7,2,10.0,98,21,25.93,185,195,378,65.85,63,63.0,37,34,1,0,0,0,92,2,0,2,2,75,34,0,0,9,22,101,1,0,0.8,0.34,18,0,0.0,0,0,1,31,29,2,0,0,,63,49.61,0,0,0,196,38,8,0,13,1577,1,,0,0,0,0,0.0,0,0,0,0,330,6,0,6.69,0,0,0,0,0,0,0,0,0.0,0.0,0,4,4,5,1,9,37.5,0,30,23,76.67,8,36,24,20,126,55.51,81,363,231,574,227.4,8,0,1060,25,2,0,Terry Devlin,Portsmouth,1198145,2,DF
1,0,0.0,9,0,0.0,14,9,23,74.19,3,33.33,6,8,2,0,0,0,3,2,2,2,0,3,8,0,0,5,2,17,0,0,0.47,0.95,2,0,0.0,0,0,2,1,1,0,0,0,,5,31.25,0,0,0,8,0,4,0,0,107,0,,0,0,0,0,0.0,0,0,0,0,22,1,0,6.69,0,0,0,0,0,0,0,0,0.0,0.0,0,6,1,1,4,1,33.33,0,1,1,100.0,4,4,3,2,8,32.0,2,24,9,31,53.5,7,0,73,3,0,0,Ched Evans,Preston North End,31761,21,FW
1,0,0.0,24,1,100.0,39,14,53,66.25,14,35.0,26,15,0,0,0,0,12,0,0,4,0,6,15,0,0,11,1,52,0,0,0.12,1.86,12,0,11.76,0,2,2,7,6,1,2,0,,15,36.59,0,0,1,27,0,1,1,3,405,4,,0,0,0,0,0.0,0,0,0,0,61,3,0,6.69,0,1,0,0,0,0,0,0,202.5,0.0,0,11,6,7,6,5,62.5,0,6,4,66.67,1,2,8,0,29,35.8,1,63,17,80,100.3,17,0,166,4,0,0,Fally Mayulu,Bristol City,1185196,58,FW
21,7,14.29,249,17,31.48,450,314,757,84.2,15,44.12,19,31,1,0,0,0,91,2,1,2,4,41,30,0,1,16,20,87,0,0,1.58,0.2,21,0,0.0,0,0,1,27,23,4,0,0,,82,54.67,0,0,0,142,23,15,0,20,1809,1,,0,0,0,0,0.0,0,0,0,0,267,7,0,6.69,1,0,0,0,0,0,0,0,0.0,0.0,0,2,3,2,1,20,64.52,0,57,36,63.16,15,50,31,49,97,52.72,54,592,356,899,200.6,5,0,1406,5,2,0,Jay DaSilva,Coventry City,791985,11,DF
2,0,0.0,31,0,0.0,39,39,78,84.78,12,34.29,23,21,0,0,0,0,15,2,4,1,0,8,20,0,0,12,3,68,0,0,0.67,4.75,19,0,15.0,0,3,3,17,16,1,3,0,,25,35.71,0,0,1,14,0,6,1,9,936,4,,0,0,1,0,100.0,0,1,0,0,61,3,0,6.69,0,1,0,0,0,0,0,0,312.0,0.0,0,20,0,11,8,9,42.86,0,10,6,60.0,6,2,21,0,37,35.24,0,52,40,92,133.7,20,0,222,6,0,0,Chris Bedia,Hull City,359236,96,FW
19,1,33.33,88,42,32.31,426,1340,1765,90.42,34,50.0,34,34,0,0,0,0,122,1,1,3,4,102,33,0,0,10,8,79,0,0,0.48,0.71,26,0,8.33,33,1,1,38,34,4,1,0,,46,50.55,1,0,0,187,21,4,0,24,2113,0,,0,0,0,1,0.0,0,0,0,0,221,2,0,6.68,1,0,0,0,0,0,0,0,2113.0,0.0,0,10,2,5,4,7,87.5,0,27,12,44.44,4,67,8,3,80,50.31,130,529,1426,1952,220.6,12,0,2247,13,2,1,José Córdoba,Norwich City,1105688,263,DF
12,4,30.77,88,14,63.64,177,166,339,87.6,9,39.13,14,25,1,0,0,0,37,0,0,1,0,7,25,0,0,11,7,51,0,0,0.9,0.82,16,0,16.67,0,1,2,12,11,1,1,0,,28,43.08,1,0,0,48,7,7,0,8,739,0,,0,0,0,0,0.0,0,0,0,0,76,5,0,6.68,0,0,0,0,0,0,0,0,739.0,0.0,0,6,0,2,3,5,62.5,0,15,8,53.33,7,15,8,13,37,42.05,22,214,186,387,167.1,6,0,484,8,2,0,Joe Allen,Swansea City,20602,74,MF
1,6,30.0,16,2,66.67,34,27,55,74.32,2,28.57,5,12,0,0,0,0,16,1,1,5,0,1,12,0,0,13,4,35,0,0,0.52,0.91,2,0,9.09,0,1,1,6,6,0,1,0,,22,42.31,0,0,0,19,4,7,0,4,400,1,,0,0,0,0,0.0,0,0,0,0,72,0,0,6.68,0,1,0,0,0,0,0,0,400.0,0.0,0,11,0,2,4,15,57.69,0,1,1,100.0,7,3,26,20,24,40.68,3,60,34,74,80.2,11,0,185,6,1,0,Corey Blackett-Taylor,Derby County,817573,27,MF
20,1,50.0,23,36,49.32,122,550,671,88.41,41,67.21,20,22,0,0,0,0,47,0,1,0,2,79,21,0,0,0,7,34,1,2,0.08,0.41,7,0,0.0,17,0,0,22,20,2,0,0,,17,54.84,0,0,0,88,12,1,0,13,1305,2,,0,0,0,0,0.0,0,0,0,0,95,0,0,6.68,0,0,0,0,0,0,0,0,0.0,0.0,0,3,0,3,0,1,100.0,0,13,9,69.23,1,33,1,2,58,63.04,73,177,584,759,140.3,3,0,906,4,3,0,Michael Rose,Stoke City,302676,29,DF
3,10,40.0,69,3,50.0,142,90,222,87.75,4,21.05,15,21,1,0,0,0,36,2,0,6,0,11,20,0,0,10,8,54,0,0,0.97,0.58,9,0,0.0,0,0,1,18,16,2,0,0,,39,50.0,0,0,0,31,6,13,0,7,816,2,,0,0,0,0,0.0,0,0,0,0,79,4,0,6.68,0,0,0,0,0,0,0,0,0.0,0.0,0,6,2,1,1,10,43.48,0,17,9,52.94,13,5,23,25,43,44.33,6,181,97,253,133.6,8,1,422,12,4,0,Zack Nelson,Luton Town,1394950,72,MF
14,20,27.03,189,16,59.26,308,130,418,79.02,4,14.29,24,28,0,0,0,0,77,3,2,10,4,4,27,0,0,43,13,184,0,0,2.39,1.57,44,0,6.9,0,2,2,7,5,2,2,0,,94,37.01,0,0,1,111,7,29,1,20,1697,5,,0,0,0,0,0.0,0,0,0,0,331,16,0,6.68,0,1,0,0,0,0,0,0,848.5,0.0,0,19,10,9,10,46,42.99,0,33,16,48.48,29,25,107,74,98,34.75,27,450,153,529,180.3,29,0,968,15,4,0,Luca Koleosho,Burnley,1216282,6,MF
1,1,6.67,42,5,62.5,67,18,84,82.35,4,36.36,7,15,0,0,0,0,14,0,0,2,0,5,13,0,0,5,3,23,0,0,0.16,0.42,5,0,25.0,0,1,1,6,5,1,1,0,,18,52.94,0,0,0,18,2,0,1,1,355,2,,0,0,0,0,0.0,0,0,0,0,48,2,0,6.68,0,0,0,0,0,0,0,0,355.0,0.0,0,3,1,1,1,1,20.0,0,11,9,81.82,0,4,5,15,22,48.89,8,96,21,102,86.8,4,1,180,6,1,0,Kaide Gordon,Portsmouth,1096447,2,FW
2,2,20.0,39,6,66.67,66,34,98,72.59,7,24.14,22,24,0,0,0,0,17,2,3,9,0,5,21,0,0,4,2,41,0,0,1.1,2.47,7,0,4.17,0,1,1,11,9,2,1,0,,22,53.66,0,0,0,37,4,8,1,6,679,2,,0,0,0,0,0.0,0,0,0,0,64,6,0,6.68,0,0,0,0,0,0,0,0,679.0,0.0,0,22,2,8,7,4,40.0,0,15,8,53.33,8,5,10,10,29,41.43,9,101,44,135,140.2,24,1,237,3,1,0,Marcus Forss,Middlesbrough,944201,36,MF
10,0,0.0,38,20,37.04,94,227,321,82.31,19,73.08,7,12,0,0,0,0,30,0,0,0,2,53,12,0,0,3,5,24,0,0,0.08,0.14,8,0,50.0,1,1,1,22,20,2,1,0,,16,48.48,1,0,0,69,6,0,0,10,934,0,,0,0,0,0,0.0,0,0,0,0,82,1,0,6.68,0,0,0,0,0,0,0,0,934.0,0.0,0,2,0,1,1,1,50.0,0,13,3,23.08,0,25,2,0,35,59.32,54,148,242,390,80.1,2,0,510,3,3,0,Ryley Towler,Portsmouth,1064344,2,DF
11,0,0.0,79,20,60.61,183,180,363,87.05,12,50.0,12,21,0,0,0,0,55,0,0,5,4,8,20,0,0,10,18,53,0,1,0.21,0.42,12,0,0.0,0,0,0,14,10,4,0,0,,40,49.38,0,0,0,54,9,4,0,12,1018,0,,0,0,0,0,0.0,0,0,0,0,83,3,0,6.68,0,0,0,0,0,0,0,0,0.0,0.0,0,2,8,3,2,3,60.0,0,30,16,53.33,4,20,5,0,52,49.52,33,219,198,417,133.5,10,0,553,7,1,0,Jamie Allen,Coventry City,310546,11,MF
1,0,0.0,14,4,57.14,44,47,91,89.22,4,50.0,4,16,0,0,0,0,9,0,1,1,0,2,8,0,0,0,1,6,0,0,0.04,0.08,1,0,0.0,0,0,0,1,1,0,0,0,,6,75.0,0,0,0,11,2,1,0,0,98,0,,0,0,0,0,0.0,0,0,0,0,12,0,0,6.68,0,0,0,0,0,0,0,0,0.0,0.0,0,1,0,0,0,1,100.0,0,4,4,100.0,1,3,1,0,10,62.5,7,54,48,102,53.4,1,0,115,1,0,0,Josuha Guilavogui,Leeds United,45686,34,DF
1,3,27.27,19,4,66.67,37,34,68,85.0,0,0.0,3,5,0,0,0,0,4,0,0,1,0,0,4,0,0,1,1,16,0,0,0.16,0.08,7,0,0.0,0,0,0,1,1,0,0,0,,7,35.0,0,0,0,12,2,1,0,2,164,0,,0,0,0,0,0.0,0,0,0,0,32,0,0,6.68,0,0,0,0,0,0,0,0,0.0,0.0,0,0,4,2,1,1,20.0,0,1,1,100.0,1,3,5,11,7,30.43,6,57,34,80,26.7,4,0,126,5,0,0,Gabriel Forsyth,Norwich City,1397452,263,MF
0,0,0.0,93,4,80.0,139,45,184,78.63,20,29.41,48,36,0,0,0,0,28,0,8,8,0,0,36,0,0,10,3,101,0,0,0.57,5.13,26,0,7.32,0,3,3,24,21,3,3,0,,36,40.45,1,0,1,50,3,13,0,17,1578,11,,0,0,0,0,0.0,0,0,0,2,140,9,0,6.67,0,2,0,0,0,0,0,0,526.0,0.0,0,35,6,16,17,6,30.0,0,3,1,33.33,13,0,20,4,56,35.67,5,180,58,234,240.2,41,0,436,28,1,0,Sinclair Armstrong,Bristol City,958056,58,FW
12,10,15.15,70,13,21.67,139,83,212,67.73,5,35.71,9,20,1,0,0,0,52,2,0,5,5,17,18,0,0,19,16,72,0,0,0.83,0.23,14,0,0.0,0,0,1,12,12,0,0,0,,44,41.12,0,0,0,101,13,5,0,12,1053,0,,0,0,0,0,0.0,0,0,0,0,228,9,0,6.67,0,0,0,0,0,0,0,0,0.0,0.0,0,2,6,1,2,9,39.13,0,31,22,70.97,5,43,23,66,49,40.5,60,274,105,313,120.1,8,0,627,4,3,0,Lynden Gooch,Stoke City,791439,29,DF
16,0,0.0,33,123,25.2,78,520,598,61.52,4,80.0,1,21,0,0,0,0,171,0,0,0,1,30,21,0,0,0,0,1,1,1,0.05,,0,0,0.0,155,0,0,49,43,6,0,0,-1.0,1,100.0,0,6,0,374,0,0,0,21,1890,0,,0,0,0,0,0.0,3,0,0,0,381,0,13,6.67,0,0,11,49,26,75,0,13,0.0,0.0,0,0,0,0,0,0,0.0,11,0,0,0.0,0,36,0,0,5,83.33,488,405,567,972,140.1,0,0,1191,1,2,0,Daniel Grimshaw,Plymouth Argyle,851096,71,GK
15,22,29.73,124,17,44.74,212,122,312,79.39,5,41.67,7,33,0,0,0,0,50,2,2,7,0,11,33,0,0,30,20,83,0,0,2.14,1.8,11,0,10.53,0,2,2,20,15,5,1,1,,47,38.21,1,0,1,81,9,25,0,13,1182,3,,0,1,0,0,0.0,0,0,0,0,216,10,0,6.67,0,1,0,0,0,0,0,0,591.0,0.0,1,10,9,4,8,8,34.78,0,26,14,53.85,24,35,23,74,52,38.52,38,329,138,393,220.1,19,0,684,13,1,0,Lucas Andersen,Queens Park Rangers,135263,1,MF
35,15,20.55,179,40,51.28,337,191,513,81.95,13,39.39,20,26,1,0,0,0,73,3,0,10,0,24,26,0,3,16,18,93,0,0,2.47,1.02,31,0,0.0,0,0,1,20,17,3,0,0,,63,46.32,0,0,1,113,9,27,0,18,1418,0,,0,0,0,0,0.0,0,0,0,0,221,9,0,6.67,3,0,0,0,0,0,0,0,0.0,0.0,2,5,18,7,6,8,47.06,0,34,18,52.94,27,62,17,73,76,44.97,78,483,216,626,173.4,23,0,939,21,3,0,Liam Walsh,Luton Town,803175,72,MF
0,1,50.0,9,1,33.33,22,24,45,91.84,0,0.0,4,3,1,0,0,0,7,0,0,1,0,1,3,0,0,0,0,9,0,0,0.07,0.01,3,0,0.0,0,0,1,4,3,1,0,0,,10,66.67,0,0,0,4,2,1,0,1,113,0,,0,0,0,0,0.0,0,0,0,0,13,1,0,6.67,0,0,0,0,0,0,0,0,0.0,0.0,0,0,1,0,0,4,66.67,0,5,3,60.0,1,0,6,2,10,52.63,3,25,26,49,20.0,1,0,91,1,0,0,Ronan Kpakio,Cardiff City,1424648,61,DF
4,0,0.0,36,2,22.22,59,57,116,81.69,4,50.0,4,12,0,0,0,0,18,0,0,2,0,6,12,0,0,3,5,18,0,0,0.07,0.28,4,0,0.0,0,0,0,2,2,0,0,0,,23,62.16,0,0,0,26,1,1,0,2,300,1,,0,0,0,0,0.0,0,0,0,0,41,2,0,6.67,0,0,0,0,0,0,0,0,0.0,0.0,0,4,0,0,2,5,71.43,0,10,9,90.0,1,11,7,1,27,60.0,9,73,70,142,80.0,4,0,221,8,0,0,Jamie Shackleton,Sheffield United,943652,15,MF
30,10,25.0,230,24,40.68,418,328,736,81.69,14,23.33,46,44,1,0,0,0,141,5,6,18,3,43,44,0,0,38,33,158,0,0,3.03,4.46,25,0,2.5,0,1,2,38,33,5,1,0,,75,40.11,0,0,1,165,14,32,0,36,2981,0,,0,0,0,0,0.0,0,0,0,0,298,19,0,6.66,0,1,0,0,0,0,0,0,2981.0,0.0,0,23,17,14,8,22,55.0,0,38,26,68.42,32,66,40,40,89,36.03,59,564,377,901,293.2,40,0,1309,16,5,0,Regan Slater,Hull City,864474,96,MF
2,5,20.0,43,5,71.43,66,39,100,72.99,9,36.0,16,25,2,0,0,0,26,3,0,12,1,7,22,0,1,10,9,62,0,0,1.04,0.91,10,0,0.0,0,0,2,11,10,1,0,0,,57,55.34,0,0,0,37,5,8,0,6,694,3,,0,0,0,0,0.0,0,0,0,0,122,2,0,6.66,1,0,0,0,0,0,0,0,0.0,0.0,1,11,5,3,1,21,53.85,0,20,12,60.0,8,5,39,25,66,51.56,7,117,45,137,146.6,16,0,345,16,3,0,Aidomo Emakhu,Millwall,1065019,25,MF
5,4,19.05,100,7,25.93,216,243,455,86.17,14,36.84,24,26,0,0,0,0,54,3,1,0,0,16,26,0,0,11,9,76,0,0,1.65,0.94,16,0,33.33,0,1,1,18,14,4,1,0,,64,55.17,0,0,0,73,10,8,1,12,1185,2,,0,0,0,1,0.0,0,0,0,0,160,0,0,6.66,0,0,0,0,0,0,0,0,1185.0,0.0,0,3,0,2,1,13,43.33,0,33,23,69.7,8,7,30,21,78,50.65,27,276,273,528,173.2,3,0,857,18,2,0,Ben Chrisene,Norwich City,992045,263,DF
0,1,3.45,50,2,40.0,78,36,113,79.58,3,27.27,8,23,3,0,0,0,26,1,1,7,0,4,20,0,0,10,1,43,0,0,0.93,0.76,7,0,0.0,0,0,3,8,7,1,0,0,,29,45.31,0,0,0,29,3,9,0,5,633,2,,0,0,0,0,0.0,0,0,0,0,109,8,0,6.66,0,0,0,0,0,0,0,0,0.0,0.0,0,7,7,6,1,15,46.88,0,5,4,80.0,9,4,32,29,32,42.67,5,133,38,142,133.2,14,0,293,9,2,0,Onel Hernández,Norwich City,137017,263,FW
4,0,0.0,12,14,41.18,59,199,258,86.87,16,76.19,5,12,0,0,0,0,19,0,0,0,1,36,12,0,0,1,0,16,0,0,0.03,,7,0,0.0,0,0,0,7,6,1,0,0,,8,42.11,0,0,0,39,6,1,0,4,576,1,,0,0,0,0,0.0,0,0,0,0,52,0,0,6.66,0,0,0,0,0,0,0,0,0.0,0.0,0,0,0,0,0,1,25.0,0,3,0,0.0,1,16,4,0,24,60.0,34,83,214,297,79.9,0,0,385,5,1,0,Dion Sanderson,Blackburn Rovers,970407,46,DF
1,4,21.05,41,2,10.53,79,43,118,73.75,14,70.0,6,12,0,0,0,0,24,0,0,1,0,13,12,0,0,3,4,21,0,0,0.56,0.14,4,0,0.0,0,0,0,4,4,0,0,0,,14,48.28,0,0,1,42,3,4,0,4,472,1,,0,0,0,0,0.0,0,0,0,0,92,1,0,6.66,0,0,0,0,0,0,0,0,0.0,0.0,0,2,2,3,0,3,42.86,0,6,6,100.0,4,7,7,19,28,57.14,19,128,51,160,79.9,4,0,286,5,2,0,Cohen Bramall,Portsmouth,888549,2,DF
4,0,0.0,26,10,24.39,77,179,256,81.27,6,35.29,11,12,0,0,0,0,25,0,0,0,1,26,12,0,0,1,1,17,0,1,0.2,0.02,3,0,0.0,0,0,0,12,12,0,0,0,,24,80.0,0,0,0,59,9,1,0,8,748,0,,0,0,0,0,0.0,0,0,0,0,88,2,0,6.66,0,0,0,0,0,0,0,0,0.0,0.0,0,0,1,1,0,2,66.67,0,15,7,46.67,1,15,3,2,30,63.83,41,118,199,315,79.9,1,0,482,8,0,0,Joe Bennett,Oxford United,42690,95,DF
7,3,50.0,41,10,37.04,81,48,126,74.56,5,50.0,5,22,0,0,0,0,19,0,0,3,1,14,21,0,0,3,7,22,0,0,0.26,0.28,6,0,12.5,0,1,1,4,3,1,0,1,,17,50.0,0,0,0,43,8,7,1,3,516,0,,0,0,0,0,0.0,0,0,0,0,56,0,0,6.66,0,0,0,0,0,0,0,0,516.0,0.0,2,1,7,3,2,2,66.67,0,11,4,36.36,7,14,3,6,22,50.0,27,117,58,169,139.8,8,0,253,4,3,0,Ryan Wintle,Millwall,804512,25,MF
0,0,0.0,18,2,66.67,30,20,50,67.57,10,22.22,35,10,0,0,0,0,14,0,1,1,1,6,9,0,0,4,5,54,0,0,0.09,1.35,7,0,16.67,0,1,1,7,6,1,1,0,,14,42.42,0,0,1,24,1,4,0,5,473,8,,0,0,0,0,0.0,0,0,0,0,50,5,0,6.66,0,1,0,0,0,0,0,0,473.0,0.0,0,5,1,3,2,3,42.86,0,6,4,66.67,4,3,7,2,24,30.77,3,50,26,74,59.9,6,0,149,5,2,0,Nathan Lowe,Stoke City,1197297,29,FW
11,2,28.57,100,25,53.19,226,351,575,88.06,9,39.13,14,24,1,0,0,0,56,0,0,1,1,17,22,0,0,9,6,57,0,0,0.32,0.52,24,0,12.5,0,1,2,27,25,2,0,1,,52,54.74,0,0,0,78,11,4,1,16,1451,0,,0,0,0,1,0.0,0,0,0,0,117,4,0,6.65,1,0,0,0,0,0,0,0,1451.0,0.0,0,2,6,4,3,5,55.56,0,25,13,52.0,4,29,9,7,61,51.69,47,286,374,653,146.4,8,0,840,22,6,1,Jack Colback,Queens Park Rangers,40686,1,MF
3,3,23.08,30,2,28.57,62,35,94,78.99,5,45.45,6,11,0,0,0,0,12,1,0,2,1,2,11,0,0,8,5,31,0,0,0.6,0.19,6,0,0.0,0,0,0,10,8,2,0,0,,29,53.7,0,0,0,25,1,6,0,5,442,0,,0,0,0,0,0.0,0,0,0,0,73,1,0,6.65,0,0,0,0,0,0,0,0,0.0,0.0,0,0,7,1,4,8,53.33,0,13,7,53.85,6,7,15,13,34,52.31,7,94,38,119,73.2,7,0,225,8,0,0,Samuel Silvera,Portsmouth,991166,2,MF
1,0,0.0,15,1,50.0,26,8,34,50.75,15,20.27,59,13,0,0,0,0,9,0,2,2,1,7,13,0,0,7,2,80,0,0,0.21,1.91,14,0,30.0,0,3,3,14,8,6,3,0,,11,34.38,1,0,0,33,2,3,0,5,593,7,,0,0,0,0,0.0,0,0,0,0,57,2,0,6.65,0,2,0,0,0,0,0,0,197.67,0.0,0,9,1,4,4,0,0.0,0,4,2,50.0,3,2,0,1,26,24.53,2,54,14,67,86.5,10,0,146,7,1,0,Mark O'Mahony,Portsmouth,1149855,2,FW
18,16,22.22,100,17,33.33,189,130,303,71.13,21,52.5,19,34,0,0,0,0,55,4,1,4,0,49,34,0,0,16,17,101,0,0,2.26,0.86,22,0,11.11,0,1,1,32,30,2,1,0,,76,48.1,0,0,1,123,21,17,0,13,1528,4,,0,1,0,0,0.0,0,0,0,1,271,2,0,6.65,0,1,0,0,0,0,0,0,1528.0,0.0,0,8,1,3,2,14,32.56,0,43,25,58.14,16,30,43,72,97,48.99,51,331,167,426,226.1,9,0,880,19,4,0,Pol Valentín,Sheffield Wednesday,893065,12,MF
2,0,0.0,4,5,41.67,26,103,129,92.14,7,63.64,4,6,0,0,0,0,18,0,0,0,1,25,6,0,1,1,0,9,0,0,0.01,,4,0,0.0,7,0,0,1,1,0,0,0,,6,54.55,0,0,0,11,1,0,0,3,265,0,,0,0,0,0,0.0,0,0,0,0,18,0,0,6.65,1,0,0,0,0,0,0,0,0.0,0.0,0,0,0,0,0,2,100.0,0,4,2,50.0,0,3,2,1,13,59.09,12,33,108,140,39.9,0,0,187,0,0,0,Kévin Keben Biakolo,Watford,1102504,24,DF
15,1,25.0,38,23,35.38,106,202,307,75.99,38,66.67,19,16,0,0,0,0,28,0,0,2,2,47,15,0,0,1,4,30,0,2,0.19,0.06,6,0,0.0,9,0,0,7,6,1,0,0,,36,76.6,0,0,0,97,6,3,0,7,763,0,,0,0,0,0,0.0,0,0,0,0,113,0,0,6.65,1,0,0,0,0,0,0,0,0.0,0.0,0,2,1,1,0,6,85.71,0,19,11,57.89,3,46,7,4,74,71.15,65,187,221,404,99.7,3,0,555,11,0,1,Kal Naismith,Luton Town,215032,72,DF
0,0,0.0,11,0,0.0,19,19,38,67.86,10,34.48,19,15,0,0,0,0,11,0,0,2,0,6,13,0,0,6,2,37,0,0,0.18,0.51,7,0,14.29,0,1,1,5,4,1,1,0,,11,37.93,1,0,0,18,2,1,0,3,385,0,,0,0,0,0,0.0,0,0,0,0,45,3,0,6.65,0,0,0,0,0,0,0,0,385.0,0.0,0,6,1,3,2,3,50.0,0,5,4,80.0,1,2,6,1,21,36.21,1,37,20,56,86.4,7,0,125,3,0,0,Dajaune Brown,Derby County,1467305,27,FW
20,1,7.14,96,25,38.46,233,292,524,84.11,13,68.42,6,23,1,0,0,0,56,1,0,3,2,30,22,0,0,8,7,41,0,1,0.27,0.29,19,0,0.0,0,0,1,20,18,2,0,0,,34,49.28,0,0,1,99,14,4,0,13,1355,0,,0,0,0,0,0.0,0,0,0,0,143,2,0,6.65,0,0,0,0,0,0,0,0,0.0,0.0,0,1,6,4,0,2,40.0,0,15,10,66.67,4,33,5,14,47,53.41,65,321,316,623,146.2,7,0,807,17,8,0,Jordan Thompson,Stoke City,800976,29,MF
4,0,0.0,30,0,0.0,46,22,68,69.39,6,40.0,9,12,0,0,0,0,17,0,0,2,0,1,11,0,0,8,6,42,0,0,0.43,0.71,9,0,0.0,0,0,0,5,5,0,0,0,,28,45.9,0,0,0,30,3,3,0,4,366,0,,0,0,0,0,0.0,0,0,0,0,63,1,0,6.65,0,0,0,0,0,0,0,0,0.0,0.0,0,7,2,4,3,6,37.5,0,18,8,44.44,3,5,16,3,34,44.74,0,61,40,98,73.1,9,0,191,4,1,0,Olaf Kobacki,Sheffield Wednesday,1016016,12,FW
2,0,0.0,24,2,100.0,50,37,87,72.5,19,36.54,33,19,0,0,1,0,20,0,5,10,2,10,18,0,0,10,3,56,0,0,0.23,3.98,9,0,7.41,0,2,2,13,12,1,2,0,,12,34.29,0,0,2,33,0,7,0,10,949,12,,0,0,1,0,0.0,0,0,0,0,73,1,0,6.64,0,2,0,0,0,0,0,0,474.5,0.0,1,24,3,9,8,2,40.0,0,4,2,50.0,7,3,5,3,31,35.63,2,78,45,120,119.6,27,1,226,6,1,0,Žan Celar,Queens Park Rangers,840740,1,FW
11,2,33.33,115,10,45.45,248,238,484,84.91,9,32.14,19,28,2,0,0,0,65,1,3,6,2,15,27,0,0,11,21,81,0,1,0.81,1.82,20,0,5.56,0,1,3,18,13,5,1,0,,60,49.18,0,0,0,86,13,14,1,12,1263,1,,0,0,0,0,0.0,0,0,0,0,132,5,0,6.64,0,0,0,0,0,0,0,0,1263.0,0.0,0,8,10,6,6,8,38.1,0,45,23,51.11,14,18,21,6,69,46.0,22,300,276,570,179.4,18,0,769,7,2,0,Idris El Mizouni,Oxford United,979169,95,MF
20,4,8.33,193,40,45.98,423,542,961,81.79,29,39.73,44,43,2,0,0,0,184,4,0,11,2,86,43,0,0,36,22,167,2,2,2.09,0.78,32,0,0.0,0,0,2,78,70,8,0,0,,161,56.69,0,0,2,214,22,22,0,37,3396,6,,0,0,0,1,0.0,0,0,0,0,451,4,0,6.64,0,0,0,0,0,0,0,0,0.0,0.0,0,9,13,8,3,33,48.53,0,84,55,65.48,22,35,68,48,190,53.22,87,590,633,1175,285.7,22,0,1990,46,3,0,Bali Mumba,Plymouth Argyle,933320,71,MF
4,0,0.0,45,7,21.88,91,166,257,76.04,18,50.0,18,17,0,0,0,0,45,0,0,5,1,22,16,0,0,8,8,55,0,0,0.11,0.56,21,0,0.0,0,0,0,18,17,1,0,0,,39,51.32,0,0,0,81,10,2,0,12,953,1,,0,0,0,0,0.0,0,0,0,1,120,4,0,6.64,0,0,0,0,0,0,0,0,0.0,0.0,0,2,5,2,0,1,25.0,0,31,19,61.29,2,15,4,12,57,50.89,32,165,185,338,106.3,7,0,492,7,2,0,Isaac Hayden,Portsmouth,190843,2,MF
11,3,27.27,83,13,65.0,122,34,153,71.16,12,25.53,35,29,0,0,0,0,61,2,2,10,0,12,28,0,0,29,8,122,0,0,1.06,2.11,28,0,15.0,0,3,3,22,18,4,3,0,,42,32.56,0,0,0,62,8,9,0,10,1165,3,,0,0,0,0,0.0,0,0,0,1,156,16,0,6.64,0,3,0,0,0,0,0,0,388.33,0.0,0,15,5,2,8,16,42.11,0,11,7,63.64,9,23,38,11,54,30.68,20,180,46,215,186.0,20,1,440,15,5,0,Christian Saydee,Portsmouth,1008656,2,MF
3,5,26.32,81,4,50.0,122,43,160,81.22,0,0.0,5,18,0,0,0,0,27,1,1,2,0,5,17,0,0,10,6,50,0,0,0.86,0.89,3,0,0.0,0,0,0,11,10,1,0,0,,45,50.0,0,0,0,37,5,5,0,6,608,0,,0,0,0,0,0.0,0,0,0,1,112,6,0,6.64,0,0,0,0,0,0,0,0,0.0,0.0,0,5,9,7,5,14,35.0,0,15,8,53.33,5,10,40,19,45,47.37,8,165,51,197,112.9,14,0,378,16,0,0,Josh Bowler,Luton Town,879800,72,MF
12,2,22.22,88,21,28.38,240,329,567,83.38,8,32.0,17,18,0,0,0,0,30,0,0,0,2,29,17,0,0,3,5,37,1,1,0.29,0.02,10,0,0.0,0,0,0,17,14,3,0,0,,24,54.55,0,0,1,113,8,3,0,13,1108,0,,0,0,0,0,0.0,0,0,0,0,146,2,0,6.64,0,0,0,0,0,0,0,0,0.0,0.0,0,0,2,2,0,1,33.33,0,21,19,90.48,3,42,3,9,32,46.38,74,329,360,680,112.9,2,0,852,2,3,0,James Morris,Watford,1004344,24,DF
24,1,5.0,133,28,42.42,273,224,496,74.7,8,29.63,19,30,2,0,0,0,62,4,0,4,2,20,27,0,0,15,12,85,0,0,0.79,0.91,29,0,5.88,0,1,3,22,19,3,1,0,,40,37.74,0,0,0,168,10,10,0,19,1592,0,,0,0,0,0,0.0,0,0,0,0,242,7,0,6.64,0,1,0,0,0,0,0,0,1592.0,0.0,0,10,7,10,3,7,41.18,0,24,14,58.33,10,60,17,20,48,36.09,66,414,270,664,179.3,17,0,865,9,5,0,Kieran Morgan,Queens Park Rangers,1403129,1,MF
2,3,16.67,46,4,66.67,72,28,97,78.86,7,26.92,19,17,0,0,0,0,13,1,1,0,0,3,15,0,0,4,4,34,0,0,0.54,0.44,5,0,50.0,0,1,1,4,4,0,1,0,,26,63.41,0,0,0,26,2,2,0,2,374,0,,0,0,0,1,0.0,0,0,0,0,65,0,0,6.64,0,0,0,0,0,0,0,0,374.0,0.0,0,2,0,1,1,8,80.0,0,9,5,55.56,2,3,10,18,33,49.25,6,106,35,123,99.6,2,0,215,9,1,0,Azeem Abdulai,Swansea City,1102362,74,MF
7,0,0.0,86,4,44.44,157,52,209,63.33,78,41.27,111,43,2,0,0,1,37,2,19,12,1,16,42,0,0,27,1,172,2,0,1.02,9.94,26,0,9.68,0,6,8,28,25,3,6,0,,17,21.79,4,0,1,121,2,21,1,26,2294,3,,0,0,1,0,0.0,0,0,0,0,245,6,0,6.64,0,1,0,0,0,0,0,0,382.33,0.0,0,59,3,22,28,6,35.29,0,3,2,66.67,21,12,17,13,95,35.58,9,271,72,330,278.8,62,1,605,9,1,0,Ellis Simms,Coventry City,991614,11,FW
18,1,33.33,93,27,51.92,193,205,397,82.88,11,50.0,11,21,0,0,0,0,83,0,0,1,2,17,21,0,0,7,14,52,0,2,0.58,0.09,19,0,0.0,0,0,0,22,19,3,0,0,,51,55.43,0,0,0,82,13,2,0,15,1307,0,,0,0,0,1,0.0,0,0,0,0,106,8,0,6.64,0,0,0,0,0,0,0,0,0.0,0.0,0,0,2,1,0,2,33.33,0,40,17,42.5,2,29,6,3,62,54.39,52,248,234,479,139.4,2,0,629,10,2,0,Marvelous Nakamba,Luton Town,556904,72,MF
11,6,35.29,100,15,48.39,186,158,338,82.24,8,38.1,13,32,1,0,0,0,50,5,2,8,1,12,29,0,0,12,6,51,0,0,2.01,2.49,13,0,6.25,0,1,2,18,17,1,1,0,,36,48.65,0,0,0,73,7,12,1,13,1308,3,,0,0,1,0,100.0,0,1,0,0,133,5,0,6.64,0,0,0,0,0,0,0,0,1308.0,0.0,1,8,8,3,5,8,53.33,0,15,10,66.67,12,19,15,17,44,46.32,31,239,189,411,192.5,16,0,593,13,1,0,Tom Ince,Watford,122663,24,MF
5,1,100.0,11,6,23.08,36,90,125,75.76,23,69.7,10,8,0,0,0,0,19,0,0,1,0,33,8,0,0,2,2,19,0,0,0.1,0.37,4,0,0.0,0,0,0,7,5,2,0,0,,7,43.75,0,0,0,40,6,1,0,5,419,1,,0,0,0,0,0.0,0,0,0,0,46,0,0,6.64,0,0,0,0,0,0,0,0,0.0,0.0,0,3,0,2,0,0,0.0,0,6,3,50.0,1,10,1,1,30,61.22,26,62,104,165,53.1,3,0,230,1,3,0,Mads Andersen,Luton Town,841005,72,DF
6,5,12.5,129,2,28.57,194,126,315,83.55,5,14.71,29,20,0,0,0,0,49,1,2,2,0,2,19,0,0,14,9,78,0,0,1.0,0.83,10,0,0.0,0,0,0,18,18,0,0,0,,40,44.94,0,0,0,62,5,13,0,12,1073,2,,0,0,0,0,0.0,0,0,0,0,150,2,0,6.64,0,0,0,0,0,0,0,0,0.0,0.0,4,3,5,3,3,7,29.17,0,16,12,75.0,13,21,24,40,45,36.59,7,270,147,377,126.1,8,0,561,18,1,0,Abdülkadir Ömür,Hull City,826155,96,MF
7,0,0.0,27,6,54.55,80,109,189,80.77,9,60.0,6,16,0,0,0,0,43,0,0,4,0,19,14,0,0,6,3,27,0,0,0.18,0.35,11,0,0.0,0,0,0,3,2,1,0,0,,17,44.74,0,0,0,45,12,0,0,4,436,0,,0,0,0,0,0.0,0,0,0,0,64,1,0,6.64,0,0,0,0,0,0,0,0,0.0,0.0,0,1,5,1,1,1,33.33,0,9,4,44.44,0,12,3,3,26,49.06,11,116,121,234,92.9,6,0,322,7,3,0,Nathaniel Chalobah,Sheffield Wednesday,98450,12,MF
32,1,9.09,90,37,59.68,224,307,530,84.8,10,52.63,9,32,0,0,0,0,63,0,0,3,0,18,32,0,0,9,13,55,0,0,0.33,0.57,21,0,7.69,0,1,1,34,31,3,1,0,,69,60.0,0,0,0,95,12,7,0,12,1271,0,,0,0,0,0,0.0,0,0,0,0,135,4,0,6.63,1,1,0,0,0,0,0,0,1271.0,0.0,1,4,9,5,5,5,62.5,0,39,24,61.54,7,55,8,11,79,58.96,62,296,340,625,212.3,13,0,821,26,5,1,Adam Forshaw,Blackburn Rovers,103117,46,MF
13,6,20.0,38,12,75.0,54,18,66,75.0,1,16.67,5,10,1,0,0,0,13,0,1,2,0,3,10,0,0,8,2,30,0,1,0.48,0.23,11,0,0.0,0,0,1,2,2,0,0,0,,16,39.02,0,0,0,22,0,6,0,2,295,6,,0,0,0,0,0.0,0,0,0,0,76,1,0,6.63,0,0,0,0,0,0,0,0,0.0,0.0,1,1,3,1,1,4,44.44,0,6,5,83.33,6,22,9,30,17,36.17,16,98,20,88,66.3,4,0,184,6,0,0,Nordin Amrabat,Hull City,27714,96,MF
7,3,75.0,38,28,46.67,133,345,475,84.67,46,58.23,33,20,0,0,0,0,28,0,0,2,1,76,20,0,0,3,7,54,1,0,0.33,0.16,12,0,0.0,3,0,0,23,22,1,0,0,,18,46.15,0,0,0,86,9,5,0,16,1437,2,,0,0,0,0,0.0,0,0,0,0,106,0,0,6.63,0,0,0,0,0,0,0,0,0.0,0.0,0,1,1,0,0,3,100.0,0,12,7,58.33,5,18,3,4,64,54.24,60,193,372,561,132.6,2,0,736,3,2,0,Jesper Daland,Cardiff City,958915,61,DF
15,0,0.0,18,81,28.22,56,209,265,55.79,1,100.0,0,17,0,0,0,0,117,0,0,0,3,14,17,0,0,0,1,1,0,0,0.02,,0,0,0.0,109,0,0,28,22,6,0,0,-5.78,3,75.0,0,5,0,210,0,0,0,17,1530,0,,1,0,0,0,0.0,0,0,0,0,214,0,3,6.63,0,0,4,29,13,42,1,8,0.0,0.0,0,0,0,0,0,0,0.0,4,0,0,0.0,0,21,0,0,4,80.0,287,239,236,475,112.7,0,0,592,4,0,0,Ethan Horvath,Cardiff City,343013,61,GK
8,4,25.0,65,8,61.54,122,74,192,84.58,1,14.29,6,22,0,0,0,0,54,2,1,7,0,14,21,0,0,26,8,61,0,1,0.8,0.98,9,0,6.25,0,1,1,7,6,1,1,0,,39,41.49,0,0,0,35,1,5,0,6,725,0,,0,0,0,0,0.0,0,0,0,0,112,5,0,6.63,0,1,0,0,0,0,0,0,725.0,0.0,0,11,5,4,5,17,56.67,0,12,8,66.67,5,12,30,16,40,39.6,13,158,85,227,139.2,16,0,403,10,0,0,Amario Cozier-Duberry,Blackburn Rovers,1138842,46,MF
2,0,0.0,14,2,40.0,26,16,42,65.63,11,34.38,21,21,1,0,0,0,12,1,0,2,0,4,15,0,0,9,0,41,0,0,0.12,1.2,11,0,14.29,0,1,2,2,2,0,1,0,,14,41.18,0,0,1,22,3,1,0,2,346,4,,0,0,0,0,0.0,0,0,0,0,48,2,0,6.63,0,1,0,0,0,0,0,0,346.0,0.0,0,6,1,3,2,2,50.0,0,1,0,0.0,1,2,4,1,25,37.88,5,44,21,64,99.4,7,0,127,11,2,0,Ashley Barnes,Burnley,27028,6,FW
0,1,33.33,5,0,0.0,9,1,9,69.23,0,0.0,2,4,0,0,0,0,3,0,0,0,0,0,4,0,0,3,0,11,0,0,0.25,0.22,2,0,0.0,0,0,0,1,1,0,0,0,,4,30.77,0,0,0,4,1,1,0,0,64,1,,0,0,0,0,0.0,0,0,0,0,18,0,0,6.63,0,0,0,0,0,0,0,0,0.0,0.0,0,3,0,1,2,0,0.0,0,3,2,66.67,1,3,4,3,4,26.67,2,15,1,13,26.5,3,0,40,1,1,0,Malcolm Ebiowei,Oxford United,1176104,95,MF
16,0,0.0,62,15,57.69,113,103,216,69.45,50,34.25,96,35,2,0,0,0,37,4,5,9,4,19,35,0,1,17,10,194,0,0,1.74,4.85,51,0,17.14,0,6,8,26,23,3,6,0,,56,36.36,1,0,1,95,4,13,3,25,2165,13,,0,0,0,1,0.0,0,0,0,0,212,6,0,6.62,1,2,0,0,0,0,0,0,360.83,0.0,0,29,6,13,13,16,39.02,0,11,6,54.55,13,23,41,3,106,35.33,26,180,134,311,231.8,35,0,603,29,4,0,João Pedro Galvão,Hull City,123208,96,FW
2,2,16.67,45,1,20.0,77,64,139,81.29,3,15.79,16,14,1,0,0,0,31,3,3,3,0,3,14,0,0,16,7,58,0,2,0.55,1.69,9,0,11.11,0,2,3,10,9,1,1,1,,23,35.38,0,0,0,32,7,7,2,8,695,3,,0,0,0,0,0.0,0,0,0,0,92,5,0,6.62,0,0,0,0,0,0,0,0,347.5,0.0,0,11,7,8,7,6,35.29,0,10,8,80.0,7,4,17,12,26,30.95,5,104,79,171,92.7,18,0,308,7,1,0,Yang Min-hyeok,Queens Park Rangers,1500794,1,MF
6,0,0.0,65,11,64.71,124,102,226,81.0,13,24.53,40,27,0,0,0,0,43,1,2,4,0,18,26,0,0,18,6,91,0,0,0.73,2.71,22,0,21.43,0,3,3,18,12,6,3,0,,18,26.09,1,0,0,53,3,5,1,13,1144,6,,0,0,0,0,0.0,0,0,0,0,105,4,0,6.62,0,1,0,0,0,0,0,0,381.33,0.0,0,12,2,6,4,2,25.0,0,5,3,60.0,5,14,8,3,31,25.41,17,167,115,279,172.1,14,0,415,11,0,0,Will Keane,Preston North End,98431,21,FW
15,11,18.03,135,11,40.74,260,141,390,76.02,15,33.33,30,32,3,0,0,0,99,5,4,18,0,19,32,0,0,36,26,164,0,0,2.35,3.59,25,0,6.12,0,3,6,32,29,3,2,1,,82,37.96,0,0,1,123,13,21,2,27,2089,2,,0,0,0,0,0.0,0,0,0,0,345,8,0,6.62,0,1,0,0,0,0,0,0,696.33,0.0,0,21,28,18,13,27,36.0,0,33,19,57.58,21,29,75,61,97,37.16,27,391,183,513,211.8,49,0,976,23,5,0,Przemysław Płacheta,Oxford United,862859,95,MF
3,6,19.35,74,1,8.33,128,67,189,78.42,9,27.27,24,29,1,0,0,0,39,2,1,4,0,10,27,0,0,12,10,72,1,0,1.24,1.18,10,0,7.14,0,1,2,9,8,1,1,0,,38,44.19,0,0,0,52,2,14,0,6,798,6,,0,0,0,0,0.0,0,0,0,0,129,6,0,6.62,0,1,0,0,0,0,0,0,798.0,0.0,2,4,10,6,4,11,39.29,0,17,13,76.47,14,10,28,31,47,39.5,12,195,77,241,178.7,14,0,425,10,2,0,Jed Wallace,West Bromwich Albion,231646,8,MF
4,2,10.53,27,4,16.67,45,15,58,57.43,7,43.75,9,11,0,0,0,0,28,1,2,5,0,7,11,0,0,9,5,32,0,0,0.8,1.1,4,0,9.09,0,1,1,6,5,1,1,0,,22,48.89,1,0,1,43,2,3,0,3,356,1,,0,0,0,0,0.0,0,0,0,0,86,6,0,6.62,0,0,0,0,0,0,0,0,356.0,0.0,0,6,5,5,1,5,50.0,0,13,9,69.23,3,11,10,19,29,47.54,24,100,20,101,72.8,11,0,209,4,2,0,Stanley Mills,Oxford United,1119657,95,MF
0,0,0.0,8,3,75.0,14,9,23,74.19,0,0.0,2,6,0,0,0,0,3,0,0,1,0,3,6,0,0,0,0,2,0,0,0.01,0.01,0,0,0.0,0,0,0,1,1,0,0,0,,4,100.0,0,0,0,8,1,0,0,0,79,0,,0,0,0,0,0.0,0,0,0,0,16,0,0,6.62,0,0,0,0,0,0,0,0,0.0,0.0,0,0,1,0,0,0,0.0,0,4,4,100.0,0,0,0,3,4,66.67,4,23,11,31,39.7,1,0,57,0,0,0,Gianluca Frabotta,West Bromwich Albion,867734,8,DF
7,2,40.0,92,10,32.26,200,250,448,81.6,19,40.43,28,31,0,0,0,0,43,1,3,0,0,22,31,0,0,1,5,66,0,2,0.47,1.63,29,0,20.0,0,1,1,18,15,3,1,0,,40,51.28,0,0,1,101,14,4,0,13,1334,3,,0,0,0,0,0.0,0,0,0,0,120,5,0,6.62,0,1,0,0,0,0,0,0,1334.0,0.0,0,5,0,4,1,5,55.56,0,21,16,76.19,4,21,9,5,59,47.2,31,274,280,549,205.1,5,0,691,14,6,0,Jay Fulton,Swansea City,164291,74,MF
4,2,18.18,44,6,35.29,75,48,121,75.63,9,69.23,4,14,1,0,0,0,25,0,0,0,0,12,14,0,0,6,10,40,1,0,0.52,0.21,7,0,0.0,0,0,1,12,11,1,0,0,,38,51.35,0,0,0,39,5,6,0,4,521,1,,0,0,0,0,0.0,0,0,0,0,89,0,0,6.61,0,0,0,0,0,0,0,0,0.0,0.0,0,4,0,2,2,12,48.0,0,17,12,70.59,6,10,25,11,47,54.02,17,108,63,160,92.6,4,0,302,9,0,0,Ken Sema,Watford,319847,24,MF
2,2,33.33,22,4,40.0,43,25,66,68.04,0,0.0,2,8,0,0,0,0,18,0,2,1,0,4,7,0,0,2,2,25,0,0,0.27,0.78,7,0,0.0,0,0,0,2,2,0,0,0,,13,36.11,0,0,0,31,4,3,0,3,288,0,,0,0,0,0,0.0,0,0,0,0,63,2,0,6.61,0,0,0,0,0,0,0,0,0.0,0.0,0,3,3,1,4,5,29.41,0,6,4,66.67,3,7,17,6,13,34.21,10,73,30,97,46.3,6,0,173,2,1,0,Milan Aleksić,Sunderland,1409347,41,MF
1,0,0.0,18,1,50.0,25,14,39,76.47,1,20.0,4,12,0,0,0,0,8,0,0,1,0,4,7,0,0,2,1,9,0,0,0.04,0.17,1,0,0.0,0,0,0,1,0,1,0,0,,7,58.33,0,0,0,12,4,1,0,0,94,0,,0,0,0,0,0.0,0,0,0,0,22,1,0,6.61,0,0,0,0,0,0,0,0,0.0,0.0,0,1,1,0,1,0,0.0,0,5,3,60.0,1,3,1,0,8,47.06,2,33,18,51,46.3,2,0,86,2,0,0,Isaac Schmidt,Leeds United,1015164,34,DF
0,0,0.0,27,0,0.0,32,2,34,62.96,9,25.71,26,10,1,0,0,0,7,1,1,4,0,10,10,0,0,3,3,42,0,0,0.39,0.69,8,0,0.0,0,0,1,4,3,1,0,0,,10,38.46,0,0,0,20,1,3,0,2,254,1,,0,0,0,0,0.0,0,0,0,0,43,2,0,6.61,0,0,0,0,0,0,0,0,0.0,0.0,0,8,0,4,0,3,50.0,0,2,0,0.0,3,1,6,2,19,31.15,1,52,4,54,66.1,8,0,112,5,0,0,Lasse Selvåg Nordås,Luton Town,1028070,72,FW
2,2,15.38,57,6,42.86,82,26,106,67.09,9,14.52,53,34,2,0,0,0,34,3,5,6,0,8,30,0,0,22,7,101,0,0,1.05,3.92,14,0,4.0,0,1,3,10,8,2,1,0,,31,39.24,0,0,1,52,2,11,0,14,1407,12,,0,0,0,0,0.0,0,0,0,0,133,4,0,6.61,0,1,0,0,0,0,0,0,1407.0,0.0,0,23,2,9,10,5,50.0,0,10,6,60.0,11,8,10,13,40,28.37,14,137,34,158,198.2,25,0,350,16,0,0,Macaulay Langstaff,Millwall,909908,25,FW
2,4,19.05,14,6,24.0,51,107,154,78.97,6,37.5,10,17,1,0,0,0,23,1,0,0,0,35,16,0,0,4,5,30,0,0,0.7,0.41,10,0,25.0,0,1,2,24,22,2,1,0,,29,59.18,0,0,0,41,5,4,1,9,627,0,,1,0,0,0,0.0,0,0,0,0,79,0,0,6.61,0,0,0,0,0,0,0,0,627.0,0.0,0,2,2,3,1,5,83.33,0,20,12,60.0,4,5,6,21,35,53.85,25,92,124,195,105.7,4,0,373,4,1,0,Nathanael Ogbeta,Plymouth Argyle,970360,71,MF
20,0,0.0,58,18,34.62,145,138,283,68.19,33,54.1,28,30,0,0,0,0,62,0,0,2,1,37,29,0,0,8,12,76,0,0,1.17,0.45,26,0,0.0,0,0,0,29,27,2,0,0,,53,52.48,0,0,0,132,9,4,0,15,1543,0,,0,0,0,0,0.0,0,0,0,0,173,2,0,6.6,0,0,0,0,0,0,0,0,0.0,0.0,0,4,3,2,3,1,25.0,0,35,23,65.71,4,39,4,9,86,53.09,52,246,178,415,191.5,7,0,633,18,3,0,Jordan Houghton,Plymouth Argyle,846043,71,MF
9,9,23.08,64,10,50.0,115,61,167,71.67,9,30.0,21,22,1,0,0,0,31,2,3,2,0,9,21,0,0,16,8,59,0,0,1.1,1.1,6,0,7.69,0,1,2,20,15,5,1,0,,30,44.12,0,0,0,66,4,13,1,13,1077,4,,0,0,0,0,0.0,0,0,0,0,136,8,0,6.6,0,0,0,0,0,0,0,0,1077.0,0.0,0,8,5,6,5,4,33.33,0,13,9,69.23,13,19,12,39,39,39.8,20,199,73,233,138.6,13,0,399,14,2,0,Paddy Lane,Portsmouth,1133490,2,MF
0,0,0.0,4,0,0.0,7,0,7,87.5,1,16.67,5,5,0,0,0,0,3,0,1,1,0,1,4,0,0,4,0,14,0,0,0.06,0.99,2,0,25.0,0,1,1,0,0,0,1,0,,3,25.0,0,0,0,1,0,1,0,1,108,1,,0,0,0,0,0.0,0,0,0,0,12,2,0,6.6,0,1,0,0,0,0,0,0,108.0,0.0,0,4,0,1,2,0,0.0,0,3,0,0.0,1,0,3,0,4,22.22,0,8,0,8,26.4,4,0,33,0,1,0,Thomas Waddingham,Portsmouth,1462283,2,FW
0,0,0.0,2,0,0.0,4,2,6,46.15,1,12.5,7,3,0,0,0,0,1,0,0,0,0,0,3,0,0,1,2,11,0,0,0.03,0.47,1,0,100.0,0,1,1,0,0,0,1,0,,0,0.0,0,0,0,7,0,0,0,0,42,0,,0,0,0,0,0.0,0,0,0,0,11,0,0,6.6,0,1,0,0,0,0,0,0,42.0,0.0,0,1,0,0,1,0,0.0,0,0,0,0.0,0,0,1,0,1,8.33,1,11,2,13,19.8,1,0,19,0,0,0,Harry Cornick,Bristol City,351496,58,FW
0,0,0.0,0,0,0.0,1,4,5,100.0,0,0.0,0,1,0,0,0,0,0,0,0,0,0,0,1,0,0,0,0,0,0,0,0.0,,0,0,0.0,0,0,0,1,1,0,0,0,,2,100.0,0,0,0,0,0,0,0,0,13,0,,0,0,0,0,0.0,0,0,0,0,0,0,0,6.6,0,0,0,0,0,0,0,0,0.0,0.0,0,0,0,0,0,0,0.0,0,1,1,100.0,0,0,0,0,2,100.0,0,1,4,5,6.6,0,0,7,1,0,0,Marselino Ferdinan,Oxford United,1143368,95,MF
1,0,0.0,1,0,0.0,4,0,4,100.0,0,0.0,1,1,0,0,0,0,0,0,0,0,0,0,1,0,0,0,0,1,0,0,0.0,,0,0,0.0,0,0,0,0,0,0,0,0,,0,0.0,0,0,0,0,0,0,0,0,8,0,,0,0,0,0,0.0,0,0,0,0,1,0,0,6.6,0,0,0,0,0,0,0,0,0.0,0.0,0,0,0,0,0,0,0.0,0,0,0,0.0,0,1,0,1,0,0.0,0,5,0,4,6.6,0,0,7,0,0,0,Nathan Tjoe-A-On,Swansea City,992651,74,DF
0,0,0.0,4,0,0.0,4,3,7,87.5,0,0.0,0,1,0,0,0,0,0,0,0,0,0,0,1,0,0,0,1,1,0,0,0.12,,0,0,0.0,0,0,0,0,0,0,0,0,,0,0.0,0,0,0,1,0,1,0,0,29,1,,0,0,0,0,0.0,0,0,0,0,4,0,0,6.6,0,0,0,0,0,0,0,0,0.0,0.0,0,0,0,0,0,0,0.0,0,0,0,0.0,1,0,0,2,0,0.0,0,7,3,8,6.6,0,0,11,0,0,0,Adam Idah,Norwich City,879850,263,FW
0,0,0.0,1,0,0.0,1,1,2,40.0,0,0.0,0,1,0,0,0,0,0,0,0,0,0,0,1,0,0,0,0,0,0,0,0.0,,0,0,0.0,0,0,0,0,0,0,0,0,,0,0.0,0,0,0,3,0,0,0,0,10,0,,0,0,0,0,0.0,0,0,0,0,3,0,0,6.6,0,0,0,0,0,0,0,0,0.0,0.0,0,0,0,0,0,0,0.0,0,0,0,0.0,0,0,0,0,0,0.0,0,2,3,5,6.6,0,0,7,0,0,0,Aaron Ramsey,Burnley,1000142,6,MF
0,0,0.0,0,0,0.0,0,0,0,0.0,2,66.67,1,1,0,0,0,0,1,0,0,0,0,0,1,0,0,0,0,1,0,0,,,0,0,0.0,0,0,0,0,0,0,0,0,,0,0.0,0,0,0,3,0,0,0,0,8,0,,0,0,0,0,0.0,0,0,0,0,5,1,0,6.6,0,0,0,0,0,0,0,0,0.0,0.0,0,0,0,0,0,0,0.0,0,0,0,0.0,0,0,0,0,2,66.67,1,3,0,3,6.6,0,0,5,0,0,0,Ben Waine,Plymouth Argyle,944481,71,FW
0,0,0.0,1,0,0.0,3,6,9,81.82,0,0.0,1,1,0,0,0,0,0,0,0,0,0,1,1,0,0,0,0,1,0,0,0.0,,0,0,0.0,0,0,0,0,0,0,0,0,,0,0.0,0,0,0,2,0,0,0,0,21,0,,0,0,0,0,0.0,0,0,0,0,4,0,0,6.6,0,0,0,0,0,0,0,0,0.0,0.0,0,0,0,0,0,0,0.0,0,0,0,0.0,0,0,0,2,0,0.0,0,7,6,11,6.6,0,0,15,0,0,0,Tanatswa Nyakuhwa,Cardiff City,1159600,61,FW
0,0,0.0,0,0,0.0,1,1,2,100.0,0,0.0,0,1,0,0,0,0,0,0,0,0,0,0,1,0,0,0,1,1,0,0,0.0,,0,0,0.0,0,0,0,0,0,0,0,0,,0,0.0,0,0,0,0,0,0,0,0,12,0,,0,0,0,0,0.0,0,0,0,0,1,0,0,6.6,0,0,0,0,0,0,0,0,0.0,0.0,0,0,0,0,0,0,0.0,0,0,0,0.0,0,0,0,0,0,0.0,0,1,1,2,6.6,0,0,4,0,0,0,Jamal Baptiste,Sheffield United,1006174,15,DF
0,0,0.0,0,0,0.0,0,1,1,25.0,1,33.33,2,2,0,0,0,0,0,0,0,0,0,0,1,0,0,0,1,3,0,0,0.0,,0,0,0.0,0,0,0,0,0,0,0,0,,1,50.0,0,0,0,3,0,0,0,0,13,0,,0,0,0,0,0.0,0,0,0,0,3,0,0,6.6,0,0,0,0,0,0,0,0,0.0,0.0,0,0,0,0,0,1,100.0,0,0,0,0.0,0,0,1,0,2,40.0,0,2,2,4,6.6,0,0,8,0,0,0,Igor Tyjon,Blackburn Rovers,1922415,46,FW
0,0,0.0,2,0,0.0,2,0,2,40.0,1,50.0,1,3,0,0,0,0,0,1,0,0,0,0,3,0,0,0,0,2,0,0,0.3,,0,0,0.0,0,0,0,0,0,0,0,0,,1,50.0,0,0,0,3,0,1,0,0,35,0,,0,0,0,0,0.0,0,0,0,0,4,0,0,6.6,0,0,0,0,0,0,0,0,0.0,0.0,0,0,0,0,0,0,0.0,0,0,0,0.0,1,0,1,0,2,50.0,0,5,0,5,19.8,0,0,7,1,0,0,Will Goodwin,Oxford United,1102331,95,FW
1,1,12.5,5,0,0.0,13,8,20,68.97,1,33.33,2,10,0,0,0,0,11,0,0,1,0,0,8,0,0,0,1,11,0,0,0.39,0.24,2,0,0.0,0,0,0,1,1,0,0,0,,9,50.0,0,0,0,9,2,0,0,0,121,3,,0,0,0,0,0.0,0,0,0,0,28,5,0,6.6,0,0,0,0,0,0,0,0,0.0,0.0,1,2,5,5,1,2,25.0,0,3,2,66.67,0,1,8,8,10,47.62,0,28,9,29,52.8,7,0,77,4,0,0,André Vidigal,Stoke City,842335,29,FW
0,1,8.33,21,0,0.0,25,11,35,72.92,0,0.0,1,4,0,0,0,0,10,0,0,1,0,1,4,0,0,2,1,10,0,0,0.1,0.15,3,0,0.0,0,0,0,2,2,0,0,0,,6,40.0,0,0,0,13,1,2,0,2,165,1,,0,0,0,0,0.0,0,0,0,0,41,3,0,6.6,0,0,0,0,0,0,0,0,0.0,0.0,0,1,2,1,1,4,50.0,0,1,1,100.0,2,2,8,12,6,37.5,3,45,15,48,26.4,3,0,95,1,0,0,Louie Barry,Hull City,1001937,96,MF
2,0,0.0,2,1,100.0,6,7,13,68.42,3,75.0,1,3,0,0,0,0,3,0,0,0,0,1,3,0,0,1,0,3,0,0,0.01,0.08,1,0,0.0,0,0,0,0,0,0,0,0,,3,60.0,0,0,0,6,0,0,0,1,110,0,,0,0,0,0,0.0,0,0,0,0,11,0,0,6.6,0,0,0,0,0,0,0,0,0.0,0.0,0,1,0,1,0,0,0.0,0,0,0,0.0,0,2,0,0,6,66.67,1,8,11,19,19.8,1,0,31,3,0,0,Ryan Mmaee,Stoke City,825274,29,FW
0,1,100.0,2,0,0.0,4,1,4,100.0,0,0.0,0,4,0,0,0,0,1,0,0,1,0,0,1,0,0,0,0,1,0,0,0.11,0.07,1,0,0.0,0,0,0,0,0,0,0,0,,1,50.0,0,0,0,0,1,1,0,0,13,0,,0,0,0,0,0.0,0,0,0,0,1,0,0,6.6,0,0,0,0,0,0,0,0,0.0,0.0,0,1,0,0,0,0,0.0,0,0,0,0.0,1,0,0,1,1,50.0,0,4,1,4,6.6,1,0,9,1,0,0,Tyrell Sellars-Fleming,Hull City,1214342,96,MF
1,0,0.0,6,1,50.0,12,7,19,79.17,0,0.0,2,4,0,0,0,0,3,0,0,0,0,0,3,0,0,0,0,5,0,0,0.01,0.02,2,0,0.0,0,0,0,2,2,0,0,0,,4,57.14,0,0,0,5,1,0,0,0,62,0,,0,0,0,0,0.0,0,0,0,0,8,0,0,6.6,0,0,0,0,0,0,0,0,0.0,0.0,0,0,1,1,0,1,50.0,0,2,1,50.0,0,2,2,1,4,44.44,2,17,8,24,19.8,1,0,34,1,0,0,Charlie McNeill,Sheffield Wednesday,1104437,12,FW
6,7,29.17,42,8,66.67,87,82,162,76.06,31,41.89,43,36,0,0,0,0,29,2,7,2,0,9,36,0,0,15,12,94,0,0,1.17,4.34,22,0,16.67,0,3,3,23,19,4,3,0,,31,37.8,1,0,0,51,2,9,0,8,1111,12,,0,0,0,0,0.0,0,0,0,0,122,2,0,6.6,0,2,0,0,0,0,0,0,370.33,0.0,0,16,2,7,9,2,28.57,0,17,12,70.59,9,7,7,24,62,39.74,12,143,94,213,237.5,18,0,395,12,2,0,Florian Bianchini,Swansea City,1006005,74,FW
4,0,0.0,103,6,42.86,190,111,301,72.71,22,25.29,65,46,3,0,0,0,66,0,10,9,2,15,46,0,0,31,19,191,0,0,0.58,7.33,50,0,15.38,0,6,9,43,39,4,5,1,,67,34.72,1,0,0,113,4,20,1,34,2917,29,,0,0,0,1,0.0,0,0,0,0,273,14,0,6.6,0,3,0,0,0,0,0,0,486.17,0.0,0,24,15,11,19,13,30.95,0,28,19,67.86,20,10,42,4,89,31.79,14,276,142,414,303.4,39,0,782,27,4,0,Mark Harris,Oxford United,1064263,95,FW
2,3,23.08,42,1,20.0,65,47,109,76.22,5,35.71,9,19,0,0,0,0,29,0,1,2,0,5,16,0,0,5,3,31,0,0,0.18,0.67,5,0,0.0,0,0,0,9,8,1,0,0,,16,42.11,0,0,0,34,5,5,0,2,406,0,,0,0,0,0,0.0,0,0,0,1,79,5,0,6.59,0,0,0,0,0,0,0,0,0.0,0.0,0,4,1,2,1,3,25.0,0,7,4,57.14,5,4,12,13,21,40.38,5,104,52,143,105.5,5,0,245,6,2,0,Tom Barkhuizen,Derby County,137808,27,MF
25,0,0.0,28,89,36.33,61,241,302,65.65,3,60.0,2,15,0,0,0,0,101,0,0,0,3,15,15,0,0,0,0,2,2,1,0.04,0.03,0,0,0.0,90,0,0,23,16,7,0,0,-5.13,2,100.0,0,5,0,158,0,0,0,14,1312,0,,0,0,0,0,0.0,0,0,0,0,162,0,5,6.59,0,0,10,17,13,30,0,7,0.0,0.0,0,1,0,1,0,0,0.0,10,1,1,100.0,0,35,0,0,5,71.43,245,188,272,460,98.9,1,0,564,2,2,0,Brad Collins,Coventry City,788259,11,GK
7,1,14.29,34,8,57.14,49,28,76,78.35,2,18.18,9,11,0,0,0,0,17,1,1,4,0,3,11,0,0,7,2,31,0,0,0.41,0.47,8,0,0.0,0,0,0,10,9,1,0,0,,11,33.33,0,0,0,21,4,5,0,4,364,1,,0,0,0,0,0.0,0,0,0,0,48,3,0,6.59,0,0,0,0,0,0,0,0,0.0,0.0,0,3,3,1,1,2,28.57,0,5,5,100.0,5,9,7,7,13,29.55,14,70,34,97,72.5,6,0,169,4,0,0,Owen Dale,Oxford United,845570,95,MF
1,1,16.67,20,1,25.0,30,20,49,65.33,5,41.67,7,10,1,0,0,0,9,1,0,2,0,8,10,0,0,4,2,17,0,0,0.18,0.04,2,0,0.0,0,0,1,4,3,1,0,0,,8,44.44,0,0,0,26,1,3,0,1,250,0,,0,0,0,0,0.0,0,0,0,0,45,0,0,6.59,0,0,0,0,0,0,0,0,0.0,0.0,0,0,2,0,0,1,33.33,0,3,2,66.67,3,1,3,6,13,43.33,4,54,27,75,65.9,2,0,127,4,1,0,Pelly Ruddock Mpanzu,Luton Town,387116,72,MF
1,2,20.0,105,4,57.14,161,54,213,71.72,62,39.49,95,39,0,0,0,0,64,0,27,11,1,43,38,0,0,49,16,273,0,0,1.08,12.62,57,0,7.25,0,5,5,44,38,6,5,0,,67,27.35,1,0,3,84,7,16,2,31,2448,27,,0,0,0,0,0.0,0,0,0,0,296,19,0,6.59,0,2,0,0,0,0,0,0,489.6,0.0,0,63,6,26,32,25,30.49,0,14,11,78.57,16,2,82,10,129,32.09,7,243,64,297,250.4,69,0,817,29,1,0,Elijah Adebayo,Luton Town,920542,72,FW
15,20,22.99,54,22,29.73,137,136,253,68.94,10,38.46,16,15,1,0,0,0,51,2,0,1,1,57,15,0,0,14,15,69,0,1,1.94,0.08,7,0,0.0,0,0,1,21,19,2,0,0,,34,39.08,0,0,0,114,19,16,0,12,1137,0,,0,0,0,0,0.0,0,0,0,0,268,3,0,6.59,0,0,0,0,0,0,0,0,0.0,0.0,1,1,2,2,0,7,29.17,0,20,15,75.0,16,46,24,87,44,38.94,74,277,177,367,98.8,3,0,764,7,1,0,Tymoteusz Puchacz,Plymouth Argyle,867493,71,MF
0,1,16.67,23,5,31.25,45,50,94,77.69,5,55.56,4,14,0,0,0,0,9,0,0,1,0,11,13,0,0,0,2,10,0,0,0.04,0.03,3,0,0.0,0,0,0,3,3,0,0,0,,5,45.45,0,0,0,27,3,2,0,2,270,0,,0,0,0,0,0.0,0,0,0,0,41,0,0,6.58,0,0,0,0,0,0,0,0,0.0,0.0,0,0,1,0,0,0,0.0,0,4,1,25.0,2,2,1,6,10,50.0,16,60,67,121,85.6,1,0,192,1,1,0,Rhys Norrington-Davies,Sheffield United,911708,15,DF
3,0,0.0,14,6,50.0,41,66,107,84.92,3,60.0,2,8,0,0,0,0,6,0,0,1,0,10,6,0,0,0,2,11,0,0,0.05,0.2,5,0,0.0,0,0,0,4,3,1,0,0,,6,40.0,0,0,1,19,3,0,0,3,218,0,,0,0,0,0,0.0,0,0,0,0,24,1,0,6.58,0,0,0,0,0,0,0,0,0.0,0.0,0,1,1,1,0,0,0.0,0,5,3,60.0,0,7,2,0,9,45.0,12,50,76,126,39.5,2,0,169,1,0,0,Ruairi McConville,Norwich City,1142324,263,DF
1,1,25.0,8,1,100.0,13,11,23,79.31,0,0.0,1,6,0,0,0,0,4,0,0,2,0,0,6,0,0,5,2,14,0,0,0.09,0.06,4,0,0.0,0,0,0,3,3,0,0,0,,10,43.48,0,0,0,6,0,2,0,0,94,1,,0,0,0,0,0.0,0,0,0,0,21,0,0,6.58,0,0,0,0,0,0,0,0,0.0,0.0,0,0,2,0,0,2,50.0,0,5,5,100.0,2,1,4,4,10,41.67,1,22,11,29,39.5,2,0,62,3,2,0,Ian Poveda,Sunderland,907464,41,FW
6,5,38.46,43,9,60.0,107,47,149,73.04,14,34.15,27,24,1,0,0,0,23,2,1,4,0,5,22,0,0,11,6,63,0,0,0.63,0.63,9,0,0.0,0,0,1,9,9,0,0,0,,21,36.84,0,0,1,55,1,5,0,3,505,1,,0,0,0,0,0.0,0,0,0,0,100,2,0,6.58,0,0,0,0,0,0,0,0,0.0,0.0,0,6,4,1,5,8,44.44,0,7,3,42.86,5,12,18,13,35,35.71,15,156,61,204,144.8,10,0,320,6,1,0,Cauley Woodrow,Blackburn Rovers,140487,46,FW
4,0,0.0,54,2,40.0,83,27,110,70.51,29,31.18,64,27,0,0,0,0,32,2,2,7,0,10,26,0,0,25,4,138,0,0,0.29,1.36,22,0,11.11,0,2,2,16,12,4,2,0,,45,37.82,0,0,2,46,0,13,0,4,763,4,,0,0,0,0,0.0,0,0,0,0,165,2,0,6.58,0,2,0,0,0,0,0,0,381.5,0.0,0,12,6,7,4,11,28.21,0,15,9,60.0,13,7,39,2,74,34.91,5,123,35,156,171.1,18,0,385,19,4,0,Alfie Lloyd,Queens Park Rangers,1091181,1,MF
6,4,10.26,100,5,33.33,158,82,236,72.84,7,15.91,37,43,2,0,0,0,76,2,8,14,4,11,43,0,0,38,28,193,0,0,2.03,5.13,33,0,6.67,1,3,5,38,35,3,3,0,,98,38.58,0,0,3,88,10,18,2,26,2449,16,,0,0,0,0,0.0,0,0,0,0,308,18,0,6.58,0,1,0,0,0,0,0,0,816.33,0.0,0,38,7,16,15,29,33.33,0,50,32,64.0,18,10,87,39,105,35.23,15,265,98,324,282.9,45,1,791,19,5,0,Lewis Koumas,Stoke City,1403111,29,MF
9,0,0.0,72,15,40.54,136,140,276,80.7,19,54.29,16,14,0,0,0,0,43,0,0,1,1,21,14,0,0,15,3,54,0,2,0.37,0.06,10,0,0.0,0,0,0,21,19,2,0,0,,56,59.57,0,0,0,66,3,1,0,11,981,1,,0,0,0,0,0.0,0,0,0,0,144,1,0,6.58,0,0,0,0,0,0,0,0,0.0,0.0,0,0,2,1,0,9,47.37,0,40,28,70.0,1,21,19,14,75,58.14,37,193,163,342,92.1,2,0,595,7,2,0,Reuell Walters,Luton Town,1138843,72,DF
0,0,0.0,9,4,57.14,14,15,29,82.86,0,0.0,3,11,0,0,0,0,9,0,0,2,0,6,8,0,0,5,4,19,0,0,0.08,0.2,4,0,20.0,0,1,1,4,4,0,0,1,,10,38.46,0,0,0,6,0,1,1,1,164,0,,0,0,0,0,0.0,0,0,0,0,24,0,0,6.58,0,0,0,0,0,0,0,0,164.0,0.0,0,3,2,1,2,2,40.0,0,5,1,20.0,1,2,5,3,10,34.48,7,22,16,35,52.6,5,0,82,3,3,0,Louie Sibley,Oxford United,944036,95,MF
0,2,25.0,16,0,0.0,21,6,25,80.65,1,20.0,4,8,1,0,0,0,6,0,1,1,0,1,8,0,0,3,2,28,0,0,0.15,0.44,9,0,0.0,0,0,1,3,3,0,0,0,,13,35.14,0,0,0,6,0,5,0,2,204,1,,0,0,0,0,0.0,0,0,0,0,38,1,0,6.58,0,0,0,0,0,0,0,0,0.0,0.0,0,4,0,3,0,6,37.5,0,5,5,100.0,5,0,16,8,14,33.33,0,31,8,31,52.6,4,0,88,2,0,0,Augustus Kargbo,Blackburn Rovers,917327,46,MF
1,0,0.0,3,0,0.0,6,2,8,61.54,0,0.0,4,4,0,0,0,0,1,0,0,0,0,0,4,0,0,0,0,6,0,0,0.06,,2,0,0.0,0,0,0,0,0,0,0,0,,4,66.67,0,0,0,5,0,1,0,0,58,0,,0,0,0,0,0.0,0,0,0,0,7,0,0,6.58,0,0,0,0,0,0,0,0,0.0,0.0,0,0,0,0,0,0,0.0,0,3,1,33.33,1,1,0,0,4,40.0,0,11,2,13,26.3,0,0,25,1,0,0,Zavier Massiah-Edwards,Watford,1836793,24,FW
2,0,0.0,13,2,100.0,35,44,79,94.05,1,50.0,1,5,0,0,0,0,13,0,0,0,0,0,4,0,0,1,2,7,0,1,0.03,,2,0,0.0,0,0,0,2,1,1,0,0,,5,45.45,0,0,0,5,0,1,0,0,120,0,,0,0,0,0,0.0,0,0,0,0,15,1,0,6.58,0,0,0,0,0,0,0,0,0.0,0.0,0,0,0,0,0,2,66.67,0,3,2,66.67,1,2,3,1,6,46.15,2,40,45,84,26.3,0,0,106,0,2,0,Abdoulaye Kamara,Portsmouth,1001868,2,MF
5,4,30.77,112,6,42.86,221,199,416,82.05,17,36.96,29,40,0,0,0,0,72,3,4,7,1,14,39,0,0,23,21,111,0,1,1.8,3.28,13,0,4.55,0,1,1,24,21,3,1,0,,53,39.26,0,0,1,91,12,13,1,17,1587,2,,0,0,0,0,0.0,0,0,0,0,202,8,0,6.57,0,0,0,0,0,0,0,0,1587.0,0.0,0,16,6,8,7,23,47.92,0,17,8,47.06,13,16,48,13,70,38.67,14,300,220,507,256.4,22,0,800,13,3,0,Oscar Schwartau,Norwich City,1387353,263,MF
30,4,19.05,81,50,43.1,183,340,519,79.24,20,42.55,27,31,1,0,0,0,71,1,1,0,1,82,31,0,1,6,10,70,1,0,0.6,0.19,20,0,0.0,1,0,1,30,25,5,0,0,,51,54.26,0,0,0,136,14,7,0,17,1623,0,,0,0,0,0,0.0,0,0,0,0,221,3,0,6.57,1,0,0,0,0,0,0,0,0.0,0.0,0,2,0,0,2,8,50.0,0,32,20,62.5,7,70,16,21,71,50.35,116,289,387,655,203.8,2,0,1013,13,4,0,Joel Bagan,Cardiff City,1018684,61,DF
10,0,0.0,58,17,38.64,127,166,293,83.48,7,53.85,6,23,0,0,0,0,32,0,1,2,0,23,22,0,0,1,3,24,0,0,0.13,0.62,13,0,0.0,0,0,0,16,15,1,0,0,,21,53.85,0,0,0,58,7,5,0,7,880,2,,0,0,0,0,0.0,0,0,0,0,86,2,0,6.57,0,0,0,0,0,0,0,0,0.0,0.0,0,4,0,1,1,0,0.0,0,13,10,76.92,5,24,1,10,28,53.85,44,178,183,351,144.6,4,0,497,9,3,0,Liam Palmer,Sheffield Wednesday,104857,12,DF
2,1,20.0,19,3,50.0,28,13,40,68.97,7,46.67,8,12,0,0,0,0,5,0,0,2,0,7,11,0,0,4,0,17,0,0,0.1,0.22,5,0,0.0,0,0,0,3,2,1,0,0,,1,10.0,0,0,0,18,1,1,0,1,228,0,,0,0,0,0,0.0,0,0,0,0,35,1,0,6.57,0,0,0,0,0,0,0,0,0.0,0.0,0,3,0,0,1,0,0.0,0,0,0,0.0,1,3,0,5,8,32.0,6,47,16,58,72.3,3,0,99,1,1,0,Daniel Bennie,Queens Park Rangers,1470252,1,FW
9,1,14.29,50,8,53.33,77,29,105,70.47,10,26.32,28,24,0,0,0,1,27,1,2,5,1,10,24,0,0,30,3,89,0,0,0.33,2.27,9,0,11.76,0,2,2,11,10,1,2,0,,60,49.59,0,0,0,44,1,4,0,8,914,1,,0,0,1,0,0.0,0,0,0,1,128,4,0,6.57,0,2,0,0,0,0,0,0,457.0,0.0,2,9,8,3,9,11,34.38,0,9,5,55.56,4,15,32,7,70,44.03,15,115,41,149,157.7,17,0,357,40,3,0,Aaron Connolly,Millwall,895579,25,MF
2,1,20.0,68,3,75.0,111,33,143,89.38,1,50.0,1,13,0,0,0,0,13,0,0,2,0,4,10,0,0,2,4,18,1,0,0.67,0.27,2,0,0.0,0,0,0,4,4,0,0,0,,13,43.33,0,0,0,17,0,5,0,2,313,0,,0,0,0,0,0.0,0,0,0,0,36,2,0,6.57,0,0,0,0,0,0,0,0,0.0,0.0,0,3,2,2,1,3,25.0,0,5,4,80.0,5,2,12,5,14,43.75,4,128,37,160,65.7,5,0,212,5,0,0,Micah Hamilton,Middlesbrough,1082714,36,MF
5,0,0.0,35,4,23.53,79,76,155,78.28,1,16.67,5,12,1,0,0,0,29,1,0,1,1,22,12,0,0,4,3,34,0,1,0.21,0.04,7,0,0.0,0,0,1,9,8,1,0,0,,25,46.3,0,0,0,43,8,2,0,11,773,2,,0,0,0,0,0.0,0,0,0,0,100,2,0,6.57,0,0,0,0,0,0,0,0,0.0,0.0,0,1,1,0,1,2,11.76,0,21,11,52.38,2,14,17,18,26,43.33,17,125,91,198,78.8,2,0,365,2,1,0,Jayden Meghoma,Preston North End,1410201,21,MF
1,2,22.22,20,4,66.67,40,26,64,84.21,2,50.0,2,3,0,0,0,0,13,1,0,0,1,2,3,0,0,1,1,13,0,0,0.23,,3,0,0.0,0,0,0,5,5,0,0,0,,8,42.11,0,0,0,12,1,2,0,3,247,1,,0,0,0,0,0.0,0,0,0,0,36,1,0,6.57,0,0,0,0,0,0,0,0,0.0,0.0,0,0,0,0,0,2,25.0,0,2,1,50.0,2,3,8,9,10,43.48,6,54,31,76,19.7,0,0,124,4,0,0,Chiedozie Ogbene,Luton Town,849309,72,MF
1,2,13.33,3,0,0.0,11,29,38,77.55,2,100.0,0,7,0,0,0,0,7,0,0,0,0,3,6,0,0,1,1,5,0,0,0.06,0.06,2,0,0.0,0,0,0,1,1,0,0,0,,2,28.57,0,0,0,11,4,1,0,2,153,0,,0,0,0,0,0.0,0,0,0,0,35,0,0,6.57,0,0,0,0,0,0,0,0,0.0,0.0,1,0,1,0,1,0,0.0,0,2,2,100.0,1,4,1,15,4,44.44,4,30,34,49,39.4,1,0,100,0,1,0,Joe Ward,Derby County,872321,27,DF
2,0,0.0,14,1,50.0,31,16,47,75.81,6,33.33,12,12,0,0,0,0,4,0,1,1,0,2,11,0,0,2,0,23,0,0,0.11,0.62,6,0,0.0,0,0,0,6,6,0,0,0,,5,31.25,0,0,0,15,2,3,0,2,307,0,,0,0,0,0,0.0,0,0,0,0,33,1,0,6.56,0,0,0,0,0,0,0,0,0.0,0.0,0,6,0,3,2,1,25.0,0,2,1,50.0,3,3,4,3,11,32.35,2,45,20,62,72.2,6,0,106,2,1,0,Emre Tezgel,Stoke City,1150924,29,FW
0,1,50.0,21,4,44.44,46,22,67,62.62,16,20.25,63,20,0,0,0,0,21,0,1,3,0,8,19,0,0,18,5,113,0,0,0.47,0.83,17,0,33.33,0,4,4,17,14,3,4,0,,26,34.21,1,0,0,40,6,4,2,7,805,11,,0,0,0,0,0.0,0,0,0,0,112,3,0,6.56,0,1,0,0,0,0,0,0,201.25,0.0,1,7,5,2,7,8,38.1,0,3,0,0.0,4,1,21,2,42,27.1,9,76,33,107,124.7,12,0,255,15,1,0,Dane Scarlett,Oxford United,998772,95,FW
0,0,0.0,32,0,0.0,65,14,79,67.52,28,26.17,79,22,0,0,0,0,13,0,4,6,0,9,21,0,0,6,1,105,0,0,0.11,3.22,17,0,4.55,0,1,1,10,7,3,1,0,,14,35.0,0,0,0,38,1,3,0,8,817,3,,0,0,1,0,100.0,0,1,0,0,65,5,0,6.56,0,1,0,0,0,0,0,0,817.0,0.0,0,20,2,11,5,3,42.86,0,4,2,50.0,3,5,7,1,42,28.57,1,99,19,117,137.8,22,0,223,7,1,0,Tom Bradshaw,Oxford United,59130,95,FW
15,17,21.52,112,15,23.44,231,280,494,80.85,8,47.06,9,28,0,0,0,0,39,3,0,2,0,40,26,0,0,9,0,30,0,1,1.01,0.26,3,0,0.0,0,0,0,22,19,3,0,0,,21,50.0,0,0,0,117,6,13,0,14,1245,1,,1,0,0,0,0.0,0,0,0,0,257,3,0,6.56,0,0,0,0,0,0,0,0,0.0,0.0,1,0,7,3,2,7,43.75,0,12,7,58.33,13,44,16,79,29,49.15,64,372,318,611,170.6,7,0,986,2,0,0,Ryan Giles,Middlesbrough,931304,36,DF
6,0,0.0,90,11,47.83,153,69,222,78.72,9,30.0,21,16,0,0,0,0,45,0,2,2,0,5,15,0,0,12,7,80,0,0,0.52,0.79,29,0,16.67,0,1,1,15,13,2,1,0,,30,33.71,1,0,0,60,8,10,0,13,992,1,,0,0,0,0,0.0,0,0,0,0,111,5,0,6.56,0,0,0,0,0,0,0,0,992.0,0.0,0,4,2,1,3,3,21.43,0,15,8,53.33,10,10,14,3,39,32.77,23,199,86,282,98.4,6,0,431,12,2,0,Luke Cundle,Millwall,988966,25,MF
1,0,0.0,35,3,42.86,82,63,145,90.06,2,50.0,2,10,0,0,0,0,21,0,0,0,0,6,10,0,0,0,0,9,0,0,0.12,,6,0,0.0,0,0,0,7,6,1,0,0,,10,58.82,0,0,0,16,2,1,0,3,292,0,,0,0,0,0,0.0,0,0,0,0,20,1,0,6.56,0,0,0,0,0,0,0,0,0.0,0.0,0,0,0,0,0,3,75.0,0,2,0,0.0,1,4,4,0,12,57.14,7,91,70,161,65.6,0,0,190,5,0,0,Salis Abdul Samed,Sunderland,993455,41,MF
1,1,9.09,20,2,40.0,32,46,77,89.53,0,0.0,4,9,0,0,0,0,6,1,0,1,0,3,9,0,0,1,1,12,0,0,0.23,0.23,4,0,0.0,0,0,0,3,3,0,0,0,,7,46.67,0,0,0,9,0,1,0,1,211,0,,0,0,0,0,0.0,0,0,0,0,26,0,0,6.56,0,0,0,0,0,0,0,0,0.0,0.0,0,1,1,0,1,2,50.0,0,4,1,25.0,1,3,4,11,7,36.84,5,50,47,86,59.0,2,0,129,1,0,0,Liam Gibbs,Norwich City,1005723,263,MF
1,0,0.0,20,0,0.0,29,7,36,64.29,8,36.36,14,17,0,0,0,0,7,0,2,5,0,2,15,0,0,5,1,29,0,0,0.05,2.11,6,0,0.0,0,0,0,2,2,0,0,0,,9,37.5,0,0,0,20,2,2,0,0,239,7,,0,0,0,0,0.0,0,0,0,0,48,1,0,6.55,0,0,0,0,0,0,0,0,0.0,0.0,0,10,2,5,2,1,20.0,0,3,2,66.67,2,1,5,3,17,36.96,1,48,11,56,98.3,12,0,125,5,0,0,Patrick Bamford,Leeds United,204336,34,FW
4,3,42.86,44,5,50.0,85,62,144,73.85,3,9.09,30,29,0,0,0,0,40,2,3,3,0,3,29,0,0,18,7,78,0,0,0.93,2.0,11,0,13.33,0,2,2,26,24,2,2,0,,27,36.0,0,0,0,51,1,12,1,14,1204,4,,0,1,0,0,0.0,0,0,0,0,132,10,0,6.55,0,1,0,0,0,0,0,0,602.0,0.0,0,11,4,7,5,4,25.0,0,10,4,40.0,11,11,16,7,30,27.78,10,124,78,195,190.0,15,0,369,13,0,0,Michael Obafemi,Plymouth Argyle,921216,71,FW
0,0,0.0,9,1,14.29,9,5,14,53.85,1,100.0,0,2,0,0,0,0,4,0,0,0,0,1,2,0,0,0,1,6,0,0,0.02,,4,0,0.0,0,0,0,1,1,0,0,0,,2,25.0,0,0,0,12,0,0,0,1,83,0,,0,0,0,0,0.0,0,0,0,0,22,1,0,6.55,0,0,0,0,0,0,0,0,0.0,0.0,0,0,0,0,0,1,50.0,0,0,0,0.0,0,1,2,6,3,33.33,7,22,10,26,13.1,0,0,42,1,0,0,Matěj Jurásek,Norwich City,1008382,263,FW
0,4,100.0,11,0,0.0,34,22,52,72.22,1,50.0,1,2,0,0,0,0,9,0,0,0,0,2,2,0,0,0,1,5,0,0,0.08,,3,0,0.0,0,0,0,1,1,0,0,0,,3,42.86,0,0,0,20,0,0,0,1,98,0,,0,0,0,0,0.0,0,0,0,0,21,0,0,6.55,0,0,0,0,0,0,0,0,0.0,0.0,0,0,0,0,0,0,0.0,0,2,2,100.0,0,5,0,4,4,44.44,7,48,28,72,13.1,0,0,91,1,1,0,Joseph Anderson,Sunderland,993434,41,DF
0,0,0.0,12,0,0.0,16,9,25,62.5,8,30.77,18,14,0,0,0,0,7,0,2,0,0,3,10,0,0,0,2,21,0,0,0.04,0.84,0,0,0.0,0,0,0,3,2,1,0,0,,9,75.0,0,0,0,15,1,0,0,0,157,3,,0,0,0,0,0.0,0,0,0,0,27,0,0,6.55,0,0,0,0,0,0,0,0,0.0,0.0,0,3,0,1,2,3,75.0,0,2,1,50.0,0,0,4,1,17,44.74,0,29,12,40,65.5,3,0,79,4,0,0,Devante Cole,West Bromwich Albion,190865,8,FW
2,0,0.0,13,1,25.0,32,42,74,70.48,10,55.56,8,7,0,0,0,0,11,0,0,1,0,7,6,0,0,2,2,15,0,0,0.03,0.15,4,0,0.0,0,0,0,6,6,0,0,0,,7,50.0,0,0,0,31,4,0,0,1,204,0,,0,0,0,0,0.0,0,0,0,0,36,0,0,6.55,0,0,0,0,0,0,0,0,0.0,0.0,0,1,2,2,0,0,0.0,0,6,2,33.33,0,4,0,0,17,53.13,4,58,47,105,39.3,3,0,145,1,0,0,Malachi Boateng,Plymouth Argyle,1020669,71,MF
2,1,14.29,46,2,20.0,77,46,122,79.22,7,41.18,10,6,0,0,0,0,8,0,0,1,0,7,6,0,0,2,6,21,0,0,0.1,0.06,1,0,0.0,0,0,0,7,6,1,0,0,,11,50.0,0,0,0,32,4,0,0,4,324,0,,0,0,0,0,0.0,0,0,0,0,51,1,0,6.55,0,0,0,0,0,0,0,0,0.0,0.0,0,1,1,0,1,2,50.0,0,8,4,50.0,0,3,4,7,18,46.15,10,99,62,154,39.3,2,0,248,1,1,0,Hevertton Santos,Queens Park Rangers,1087355,1,DF
0,0,0.0,15,2,50.0,25,13,38,63.33,12,38.71,19,15,0,0,0,0,3,0,0,5,0,11,15,0,0,5,0,38,0,0,0.12,0.68,11,0,0.0,0,0,0,10,8,2,0,0,,3,13.64,0,0,0,22,0,2,0,5,488,6,,0,0,0,0,0.0,0,0,0,0,37,0,0,6.55,0,0,0,0,0,0,0,0,0.0,0.0,0,10,0,3,2,1,20.0,0,0,0,0.0,2,2,5,1,15,28.3,4,44,17,60,98.2,10,0,111,2,0,0,Wilfried Kanga,Cardiff City,838640,61,FW
19,2,8.0,111,20,28.17,210,211,419,74.82,16,35.56,29,28,0,0,0,0,71,1,0,3,1,15,28,0,0,21,18,95,0,2,0.6,0.42,14,0,0.0,0,0,0,18,14,4,0,0,,56,45.9,0,0,0,141,19,4,0,18,1630,0,,0,0,0,0,0.0,0,0,0,0,233,5,0,6.55,0,0,0,0,0,0,0,0,0.0,0.0,0,3,6,5,1,15,53.57,0,29,18,62.07,4,44,28,25,72,43.11,71,325,260,560,183.3,9,0,808,12,6,0,Liam Thompson,Derby County,998924,27,MF
0,1,20.0,24,0,0.0,34,11,44,61.11,16,34.04,31,14,0,0,0,0,6,1,1,4,0,8,13,0,0,8,3,64,0,0,0.14,0.49,15,0,0.0,0,0,0,5,4,1,0,0,,17,34.0,0,0,0,28,0,7,0,4,534,3,,0,0,0,0,0.0,0,0,0,0,70,3,0,6.55,0,0,0,0,0,0,0,0,0.0,0.0,1,6,2,4,0,6,37.5,0,3,2,66.67,7,1,16,5,33,34.02,0,63,14,72,85.1,8,0,177,8,2,0,Kusini Yengi,Portsmouth,991366,2,FW
5,3,23.08,89,8,50.0,154,70,221,80.07,9,39.13,14,27,0,0,0,0,45,0,0,9,0,5,27,0,0,24,8,93,0,0,0.45,1.47,9,0,11.76,0,2,2,9,7,2,2,0,,43,35.25,0,0,0,55,2,9,0,9,975,3,,0,0,0,0,0.0,0,0,0,0,158,3,0,6.54,0,2,0,0,0,0,0,0,487.5,0.0,0,11,6,4,4,15,28.3,0,11,7,63.64,9,14,53,13,52,35.86,16,208,81,276,176.7,17,0,496,17,1,0,Lewis Dobbin,Norwich City,998832,263,MF
1,2,20.0,29,4,19.05,59,65,122,76.25,9,56.25,7,8,0,0,0,0,22,1,0,1,0,14,8,0,0,3,1,17,0,1,0.16,0.04,5,0,0.0,1,0,0,8,6,2,0,0,,16,61.54,0,0,0,38,2,3,0,5,477,0,,0,0,0,0,0.0,0,0,0,0,66,0,0,6.54,1,0,0,0,0,0,0,0,0.0,0.0,0,1,0,0,0,3,75.0,0,10,7,70.0,3,13,4,10,25,59.52,21,97,73,160,52.3,1,0,261,3,1,1,Joe Johnson,Luton Town,825550,72,DF
2,0,0.0,2,4,44.44,24,111,135,89.4,6,54.55,5,11,0,0,0,0,14,0,1,0,0,26,11,0,0,3,0,18,0,1,0.01,0.83,10,0,33.33,5,1,1,13,11,2,1,0,,10,43.48,0,0,0,16,5,0,0,4,488,1,,0,0,0,0,0.0,0,0,0,0,24,0,0,6.54,0,1,0,0,0,0,0,0,488.0,0.0,0,3,0,1,2,0,0.0,0,7,3,42.86,0,4,1,0,16,47.06,9,33,118,151,71.9,3,0,218,3,0,0,Gabriel Otegbayo,Sheffield Wednesday,1549358,12,DF
7,5,17.24,82,5,17.24,139,91,225,67.77,30,38.46,48,35,0,0,0,0,45,0,1,10,0,20,35,0,1,16,22,141,0,1,0.94,1.68,28,0,4.55,0,1,1,32,29,3,1,0,,58,38.41,0,0,1,107,5,10,0,14,1454,9,,0,0,0,0,0.0,0,0,0,0,222,6,0,6.53,1,1,0,0,0,0,0,0,1454.0,0.0,0,19,3,8,4,15,34.09,0,24,15,62.5,10,24,44,29,88,38.43,29,245,116,332,228.7,22,0,622,19,0,0,Callum Wright,Plymouth Argyle,970398,71,MF
0,0,0.0,9,0,0.0,25,7,32,66.67,5,20.0,20,12,0,0,0,0,4,0,0,3,0,4,12,0,0,4,0,36,0,0,0.1,1.06,4,0,14.29,0,1,1,4,4,0,1,0,,7,30.43,1,0,0,16,1,3,0,2,295,2,,0,0,0,0,0.0,0,0,0,0,42,0,0,6.53,0,0,0,0,0,0,0,0,295.0,0.0,0,6,1,2,2,2,16.67,0,2,0,0.0,3,0,12,2,12,25.0,1,40,10,48,78.4,7,0,111,3,2,0,Ryan One,Sheffield United,1389768,15,FW
0,0,0.0,7,0,0.0,16,32,48,88.89,1,16.67,5,8,1,0,0,0,6,0,1,1,0,5,6,0,0,0,0,8,0,0,0.03,0.24,2,0,0.0,0,0,1,1,1,0,0,0,,3,50.0,0,0,0,6,1,1,0,1,122,0,,0,0,0,0,0.0,0,0,0,0,9,0,0,6.53,0,0,0,0,0,0,0,0,0.0,0.0,0,1,0,0,0,0,0.0,0,2,0,0.0,1,1,1,2,4,33.33,1,23,33,54,39.2,1,0,71,1,1,0,Han-Noah Massengo,Burnley,927340,6,MF
0,1,100.0,5,1,100.0,9,2,10,50.0,2,33.33,4,13,0,0,0,0,7,0,1,2,0,1,12,0,0,1,3,12,0,0,0.07,0.49,2,0,0.0,0,0,0,4,4,0,0,0,,6,42.86,0,0,0,10,0,1,0,0,180,1,,0,0,0,0,0.0,0,0,0,0,17,2,0,6.53,0,0,0,0,0,0,0,0,0.0,0.0,0,4,1,2,1,3,50.0,0,0,0,0.0,1,0,6,1,8,40.0,1,19,2,20,78.4,5,0,49,3,1,0,Joe Taylor,Luton Town,1152874,72,FW
0,0,0.0,2,0,0.0,2,3,5,62.5,0,0.0,2,3,0,0,0,0,3,0,0,1,0,7,3,0,0,0,1,6,0,0,0.0,0.02,2,0,0.0,0,0,0,2,2,0,0,0,,3,42.86,0,0,0,3,1,0,0,0,36,0,,0,0,0,0,0.0,0,0,0,0,6,0,0,6.53,0,0,0,0,0,0,0,0,0.0,0.0,0,1,0,0,0,0,0.0,0,3,2,66.67,0,1,1,2,3,33.33,0,6,4,8,19.6,1,0,33,0,1,0,Elijah Morrison,Bristol City,1430810,58,MF
0,1,8.33,40,1,14.29,70,35,104,58.43,32,35.96,57,16,0,0,0,0,26,1,6,6,0,23,16,0,0,18,9,107,0,0,0.66,2.18,16,0,0.0,0,0,0,11,9,2,0,0,,20,28.57,0,0,0,74,5,5,0,13,1018,5,,0,0,0,0,0.0,0,0,0,1,151,4,0,6.53,0,0,0,0,0,0,0,0,0.0,0.0,0,13,1,2,6,7,46.67,0,9,6,66.67,5,6,15,12,52,32.7,7,138,52,178,104.4,14,0,366,4,0,0,Kyle Joseph,Hull City,1015712,96,FW
0,0,0.0,7,1,50.0,17,9,26,60.47,4,21.05,15,13,0,0,0,0,10,0,2,3,0,2,12,0,0,8,1,32,0,0,0.09,1.48,4,0,0.0,0,0,0,6,5,1,0,0,,13,43.33,0,0,0,17,0,5,0,3,402,5,,0,0,0,0,0.0,0,0,0,0,43,1,0,6.53,0,0,0,0,0,0,0,0,0.0,0.0,0,8,1,3,3,1,20.0,0,5,1,20.0,5,2,5,1,17,34.69,2,33,11,43,78.3,9,0,104,7,2,0,Daniel Jebbison,Watford,1096136,24,FW
0,1,50.0,36,3,42.86,50,20,69,66.35,4,22.22,14,11,0,0,0,0,27,0,1,0,0,5,10,0,0,9,9,49,0,0,0.3,0.41,15,0,0.0,0,0,0,12,11,1,0,0,,14,28.57,0,0,0,35,2,6,0,4,455,1,,0,0,0,0,0.0,0,0,0,0,62,5,0,6.52,0,0,0,0,0,0,0,0,0.0,0.0,0,1,0,0,1,3,60.0,0,6,3,50.0,6,5,5,2,18,26.87,7,76,30,104,65.2,1,0,167,5,0,0,Michael Baidoo,Plymouth Argyle,885863,71,MF
2,0,0.0,17,2,100.0,30,18,48,67.61,5,23.81,16,12,0,0,0,1,13,0,2,0,0,3,11,0,0,3,5,34,0,0,0.14,1.54,6,0,16.67,0,1,1,7,5,2,1,0,,6,25.0,0,0,0,23,2,1,1,4,333,2,,0,0,1,0,0.0,0,0,0,0,44,2,0,6.52,0,0,0,0,0,0,0,0,333.0,0.0,0,5,1,3,3,2,33.33,0,4,4,100.0,1,4,6,2,11,24.44,2,51,22,71,71.7,6,0,120,0,0,0,Elias Sørensen,Portsmouth,863632,2,MF
1,1,50.0,23,1,50.0,36,16,51,87.93,5,71.43,2,6,1,0,0,0,8,2,0,2,0,2,6,0,0,9,1,24,0,0,0.19,0.07,6,0,0.0,0,0,1,2,2,0,0,0,,11,33.33,0,0,0,7,1,2,0,1,175,0,,0,0,0,0,0.0,0,0,0,0,35,1,0,6.52,1,0,0,0,0,0,0,0,0.0,0.0,0,2,1,1,0,4,36.36,0,1,1,100.0,2,1,11,2,16,40.0,2,43,17,58,39.1,3,0,110,6,1,1,Emmanuel Dennis,Blackburn Rovers,844424,46,MF
1,0,0.0,56,1,50.0,87,63,150,79.37,20,20.0,80,34,0,1,0,0,29,2,7,9,0,7,33,0,0,26,4,142,0,1,1.28,4.07,18,0,0.0,0,0,0,23,22,1,0,0,,21,25.3,0,0,0,39,6,17,0,15,1312,6,,0,0,1,0,0.0,0,0,0,0,116,7,0,6.51,0,0,0,0,0,0,0,0,0.0,0.0,0,21,1,8,5,3,17.65,0,7,7,100.0,17,1,17,1,41,22.4,2,116,74,189,214.9,22,0,375,12,1,0,Ike Ugbo,Sheffield Wednesday,791987,12,FW
1,3,27.27,21,2,100.0,36,12,45,64.29,13,23.64,42,25,0,0,0,0,13,0,7,4,0,9,22,0,0,18,3,93,0,0,0.65,4.8,22,0,11.11,0,2,2,14,10,4,2,0,,21,29.17,0,0,1,25,0,3,1,11,935,15,,0,0,0,0,0.0,0,0,0,1,92,5,0,6.5,0,1,0,0,0,0,0,0,467.5,0.0,0,15,3,7,7,5,33.33,0,4,4,100.0,3,1,15,11,34,26.77,2,65,16,70,143.1,18,0,225,13,5,0,Norman Bassette,Coventry City,1137328,11,FW
6,10,29.41,47,5,19.23,101,70,161,66.53,31,43.06,41,28,2,0,0,0,42,2,2,3,0,20,26,0,0,10,10,94,0,0,0.58,0.92,16,0,0.0,0,0,2,18,16,2,0,0,,29,35.37,0,0,0,81,5,11,0,10,965,1,,0,0,0,0,0.0,0,0,0,0,178,5,0,6.5,0,0,0,0,0,0,0,0,0.0,0.0,0,6,1,2,2,6,25.0,0,12,6,50.0,11,12,24,34,60,38.96,26,191,85,242,169.1,7,0,454,11,2,0,Matt Phillips,Oxford United,36466,95,MF
0,0,0.0,9,0,0.0,15,20,35,87.5,1,25.0,3,4,0,0,0,0,10,0,0,2,0,3,4,0,0,7,1,20,0,0,0.01,0.22,2,0,33.33,0,1,1,2,1,1,1,0,,11,39.29,0,0,0,5,1,0,1,3,169,1,,0,0,0,0,0.0,0,0,0,0,29,1,0,6.5,0,0,0,0,0,0,0,0,169.0,0.0,0,2,1,0,1,0,0.0,0,6,3,50.0,0,0,7,3,12,37.5,0,21,22,40,26.0,3,0,96,5,0,0,Calum Scanlon,Millwall,1188167,25,MF
1,0,0.0,4,2,100.0,13,36,49,98.0,1,50.0,1,1,0,0,0,0,1,0,0,0,0,0,1,0,0,0,1,2,0,0,0.01,,0,0,0.0,1,0,0,1,1,0,0,0,,1,50.0,0,0,0,1,0,0,0,1,90,0,,0,0,0,0,0.0,0,0,0,0,1,0,0,6.5,0,0,0,0,0,0,0,0,0.0,0.0,0,0,0,0,0,0,0.0,0,1,0,0.0,0,1,0,0,2,50.0,2,13,37,50,6.5,0,0,52,0,0,0,Auston Trusty,Sheffield United,822459,15,DF
0,0,0.0,0,1,50.0,2,21,23,88.46,0,0.0,0,1,0,0,0,0,7,0,0,0,0,1,1,0,0,0,0,1,0,0,0.0,,1,0,0.0,0,0,0,1,1,0,0,0,,1,50.0,0,0,0,3,0,0,0,0,21,0,,0,0,0,0,0.0,0,0,0,0,3,0,0,6.5,0,0,0,0,0,0,0,0,0.0,0.0,0,0,0,0,0,0,0.0,0,1,0,0.0,0,0,0,0,1,50.0,2,4,22,26,6.5,0,0,29,0,0,0,Jenson Seelt,Sunderland,1088897,41,DF
0,0,0.0,4,0,0.0,7,3,10,90.91,0,0.0,0,1,0,0,0,0,0,0,0,0,0,0,1,0,0,0,0,1,0,0,0.02,,1,0,0.0,0,0,0,0,0,0,0,0,,0,0.0,0,0,0,1,0,0,0,0,18,0,,0,0,0,0,0.0,0,0,0,0,1,0,0,6.5,0,0,0,0,0,0,0,0,0.0,0.0,0,0,0,0,0,0,0.0,0,0,0,0.0,0,0,0,0,0,0.0,0,7,4,11,6.5,0,0,11,0,0,0,Amin Nabizada,Watford,1655006,24,FW
0,0,0.0,0,0,0.0,1,0,1,50.0,0,0.0,1,1,0,0,0,0,0,0,0,0,0,0,1,0,0,0,0,1,0,0,0.0,,0,0,0.0,0,0,0,1,1,0,0,0,,1,100.0,0,0,0,1,0,0,0,0,17,0,,0,0,0,0,0.0,0,0,0,0,2,0,0,6.5,0,0,0,0,0,0,0,0,0.0,0.0,0,0,0,0,0,0,0.0,0,1,0,0.0,0,0,0,1,1,50.0,0,2,1,2,6.5,0,0,4,0,0,0,Kevin Nisbet,Millwall,802281,25,FW
0,0,0.0,0,0,0.0,0,2,2,66.67,0,0.0,0,1,0,0,0,0,0,0,0,0,0,0,1,0,0,0,0,0,0,0,0.0,,0,0,0.0,0,0,0,0,0,0,0,0,,0,0.0,0,0,0,1,0,0,0,0,9,0,,0,0,0,0,0.0,0,0,0,0,1,0,0,6.5,0,0,0,0,0,0,0,0,0.0,0.0,0,0,0,0,0,0,0.0,0,0,0,0.0,0,0,0,0,0,0.0,0,0,3,3,6.5,0,0,3,0,0,0,Tyrese Fornah,Derby County,1014098,27,MF
0,0,0.0,1,0,0.0,2,1,3,100.0,0,0.0,0,1,0,0,0,0,1,0,0,0,0,0,1,0,0,0,0,0,0,0,0.0,,0,0,0.0,0,0,0,0,0,0,0,0,,0,0.0,0,0,0,0,0,0,0,0,10,0,,0,0,0,0,0.0,0,0,0,0,0,0,0,6.5,0,0,0,0,0,0,0,0,0.0,0.0,0,0,0,0,0,0,0.0,0,0,0,0.0,0,0,0,0,0,0.0,0,2,1,3,6.5,0,0,3,0,0,0,Daniel Johnson,Stoke City,291237,29,MF
0,0,0.0,2,0,0.0,2,2,4,80.0,0,0.0,0,2,0,0,0,0,1,0,0,0,0,0,2,0,0,0,0,1,0,0,0.01,,0,0,0.0,0,0,0,0,0,0,0,0,,0,0.0,0,0,0,1,0,0,0,0,23,0,,0,0,0,0,0.0,0,0,0,0,2,1,0,6.5,0,0,0,0,0,0,0,0,0.0,0.0,0,0,0,0,0,0,0.0,0,0,0,0.0,0,0,1,0,0,0.0,0,3,2,5,13.0,0,0,6,0,0,0,Wout Weghorst,Burnley,252215,6,FW
4,1,25.0,6,7,41.18,17,28,44,66.67,1,50.0,1,3,0,0,0,0,6,0,0,0,0,13,3,0,0,1,1,5,0,0,0.06,,2,0,0.0,0,0,0,5,4,1,0,0,,7,63.64,0,0,0,22,2,1,0,2,168,1,,0,0,0,0,0.0,0,0,0,0,30,0,0,6.5,0,0,0,0,0,0,0,0,0.0,0.0,0,0,0,0,0,0,0.0,0,5,3,60.0,1,11,0,4,8,61.54,17,36,34,66,19.5,0,0,108,2,1,0,Jamilu Collins,Cardiff City,305128,61,DF
0,0,0.0,1,0,0.0,1,1,2,66.67,0,0.0,0,3,0,0,0,0,1,0,0,0,0,2,1,0,0,0,0,0,0,0,0.0,,0,0,0.0,0,0,0,0,0,0,0,0,,0,0.0,0,0,0,1,0,0,0,0,13,0,,0,0,0,0,0.0,0,0,0,0,3,0,0,6.5,0,0,0,0,0,0,0,0,0.0,0.0,0,0,0,0,0,0,0.0,0,0,0,0.0,0,0,0,0,0,0.0,0,2,1,3,6.5,0,0,7,0,0,0,Raphael Rodrigues,Coventry City,995962,11,MF
1,0,0.0,2,0,0.0,3,5,8,72.73,0,0.0,0,3,0,0,0,0,1,0,0,0,0,0,1,0,0,0,0,1,0,0,0.0,,1,0,0.0,0,0,0,1,0,1,0,0,,0,0.0,0,0,0,3,0,0,0,0,16,0,,0,0,0,0,0.0,0,0,0,0,3,0,0,6.5,0,0,0,0,0,0,0,0,0.0,0.0,0,0,0,0,0,0,0.0,0,0,0,0.0,0,1,0,0,0,0.0,0,6,5,11,6.5,0,0,11,0,1,0,Elijah Dixon-Bonner,Queens Park Rangers,927355,1,MF
0,0,0.0,1,0,0.0,4,21,25,92.59,0,0.0,0,3,0,0,0,0,0,0,0,0,0,0,2,0,0,0,0,0,0,0,0.0,,0,0,0.0,1,0,0,0,0,0,0,0,,0,0.0,0,0,0,2,0,0,0,0,25,0,,0,0,0,0,0.0,0,0,0,0,2,0,0,6.5,0,0,0,0,0,0,0,0,0.0,0.0,0,0,0,0,0,0,0.0,0,0,0,0.0,0,0,0,0,0,0.0,0,6,21,27,13.0,0,0,27,0,0,0,Brad Hills,Norwich City,1093344,263,DF
0,0,0.0,3,1,50.0,6,2,8,66.67,0,0.0,0,3,0,0,0,0,1,0,0,0,0,1,3,0,0,0,0,2,0,0,0.01,,2,0,0.0,0,0,0,0,0,0,0,0,,1,33.33,0,0,0,4,0,0,0,0,48,0,,0,0,0,0,0.0,0,0,0,0,5,1,0,6.5,0,0,0,0,0,0,0,0,0.0,0.0,0,0,0,0,0,0,0.0,0,1,0,0.0,0,0,0,0,1,33.33,2,8,4,12,19.5,0,0,18,0,0,0,Elliot Josh Myles,Norwich City,1566216,263,FW
0,0,0.0,6,0,0.0,6,2,8,66.67,2,33.33,4,8,0,0,0,0,4,0,0,0,0,1,6,0,0,2,1,16,0,0,0.01,,6,0,0.0,0,0,0,2,2,0,0,0,,4,25.0,0,0,0,4,0,1,0,0,79,0,,0,0,0,0,0.0,0,0,0,0,12,2,0,6.5,0,0,0,0,0,0,0,0,0.0,0.0,0,0,0,0,0,0,0.0,0,2,2,100.0,1,0,3,1,6,27.27,0,9,4,12,39.0,0,0,28,2,1,0,Nazariy Rusyn,Sunderland,851088,41,FW
0,0,0.0,7,0,0.0,9,9,18,75.0,1,50.0,1,3,0,0,0,0,4,0,1,0,0,1,3,0,0,0,2,7,0,0,0.02,0.38,3,0,0.0,0,0,0,2,2,0,0,0,,2,25.0,0,0,0,6,0,0,0,1,87,0,,0,0,0,0,0.0,0,0,0,0,11,0,0,6.5,0,0,0,0,0,0,0,0,0.0,0.0,0,3,0,2,1,0,0.0,0,2,1,50.0,0,0,1,1,3,30.0,0,14,11,24,19.5,3,0,39,0,0,0,Christian Fassnacht,Norwich City,787422,263,FW
4,4,40.0,28,5,25.0,65,44,105,70.47,6,54.55,5,12,0,0,0,0,26,1,0,1,0,4,12,0,0,7,3,29,0,0,0.24,0.12,10,0,0.0,0,0,0,6,6,0,0,0,,15,38.46,0,0,0,44,2,4,0,2,276,1,,0,0,0,1,0.0,0,0,0,0,70,1,0,6.5,0,0,0,0,0,0,0,0,0.0,0.0,0,0,4,0,3,2,28.57,0,11,5,45.45,4,12,7,10,21,42.0,20,107,52,149,78.0,4,0,223,2,3,0,Owen Moxon,Portsmouth,804158,2,MF
0,1,33.33,3,0,0.0,7,9,15,60.0,0,0.0,3,4,0,0,0,0,3,0,0,0,0,2,4,0,0,2,2,11,0,0,0.03,0.03,3,0,0.0,0,0,0,4,2,2,0,0,,6,42.86,0,0,0,10,3,0,0,1,141,0,,0,0,0,0,0.0,0,0,0,0,21,0,0,6.5,0,0,0,0,0,0,0,0,0.0,0.0,0,1,0,0,1,1,50.0,0,3,1,33.33,0,2,2,3,6,35.29,1,15,13,25,26.0,1,0,53,2,0,0,Tegan Finn,Plymouth Argyle,1956142,71,MF
0,0,0.0,8,1,33.33,18,15,33,67.35,7,30.43,16,11,0,0,0,0,5,0,3,2,0,1,11,0,0,8,3,33,0,0,0.04,1.12,5,0,0.0,0,0,0,7,7,0,0,0,,17,50.0,0,0,1,16,1,0,0,4,360,4,,0,0,0,0,0.0,0,0,0,0,40,2,0,6.48,0,0,0,0,0,0,0,0,0.0,0.0,0,7,0,4,1,1,50.0,0,2,1,50.0,0,0,2,0,24,42.11,3,31,18,49,71.3,7,0,112,14,2,0,Will Lankshear,West Bromwich Albion,1391825,8,FW
2,0,0.0,4,2,28.57,13,13,26,63.41,4,36.36,7,5,0,0,0,0,8,0,0,2,0,3,5,0,0,4,3,21,0,0,0.01,0.24,5,0,0.0,0,0,0,7,6,1,0,0,,11,44.0,0,0,0,15,6,0,0,2,192,0,,0,0,0,0,0.0,0,0,0,0,23,0,0,6.48,0,0,0,0,0,0,0,0,0.0,0.0,0,2,1,1,0,1,33.33,0,7,4,57.14,0,4,3,0,15,41.67,7,25,16,41,32.4,3,0,84,3,1,0,Caleb Roberts,Plymouth Argyle,1150788,71,MF
0,0,0.0,12,1,33.33,24,16,40,63.49,8,30.77,18,17,0,0,0,0,9,0,1,1,0,6,14,0,0,0,4,36,0,0,0.03,0.49,12,0,0.0,0,0,0,9,9,0,0,0,,4,18.18,0,0,0,23,2,0,0,1,233,1,,0,0,0,0,0.0,0,0,0,0,33,2,0,6.48,0,0,0,0,0,0,0,0,0.0,0.0,0,3,0,2,0,0,0.0,0,1,1,100.0,0,3,3,1,12,25.0,3,42,22,63,90.7,3,0,105,3,1,0,James Collins,Derby County,88169,27,FW
3,1,12.5,18,3,37.5,36,32,67,64.42,4,21.05,15,14,0,0,0,0,11,2,3,0,0,4,13,0,0,12,3,37,0,0,0.37,1.04,4,0,20.0,0,1,1,10,10,0,1,0,,12,35.29,0,0,1,37,0,4,0,7,595,6,,1,0,0,0,0.0,0,0,0,0,74,4,0,6.48,0,1,0,0,0,0,0,0,595.0,0.0,0,5,0,2,3,5,55.56,0,2,1,50.0,4,6,9,8,16,30.19,8,74,38,104,84.2,5,0,179,5,2,0,Ole Romeny,Oxford United,921948,95,FW
1,0,0.0,7,2,40.0,17,21,38,77.55,0,0.0,1,5,0,0,0,0,11,0,0,0,0,0,5,0,0,2,3,15,0,0,0.02,0.07,6,0,0.0,0,0,0,5,4,1,0,0,,10,41.67,0,0,0,11,1,0,0,1,147,0,,0,0,0,0,0.0,0,0,0,0,26,1,0,6.46,0,0,0,0,0,0,0,0,0.0,0.0,0,2,0,0,2,3,50.0,0,7,5,71.43,0,3,6,0,10,40.0,5,25,24,49,32.3,2,0,82,0,1,0,Tawanda Chirewa,Derby County,1005725,27,MF
3,1,25.0,29,3,37.5,59,32,90,70.87,5,29.41,12,12,0,0,0,0,12,0,1,1,0,11,12,0,0,8,7,51,1,0,0.19,0.68,15,0,0.0,0,0,0,8,5,3,0,0,,23,37.1,0,0,0,37,6,6,0,6,583,1,,0,0,0,1,0.0,0,0,0,0,70,0,0,6.46,0,0,0,0,0,0,0,0,0.0,0.0,0,5,2,5,1,7,43.75,0,6,3,50.0,6,4,16,4,28,35.44,8,88,43,127,77.5,7,0,236,10,1,0,Lamine Fanne,Luton Town,1435035,72,MF
0,0,0.0,0,0,0.0,1,1,2,66.67,1,50.0,1,3,0,0,0,0,0,0,0,0,0,1,2,0,0,0,0,3,0,0,0.0,,1,0,0.0,0,0,0,1,1,0,0,0,,1,33.33,0,0,0,1,0,0,0,0,26,0,,0,0,0,0,0.0,0,0,0,0,4,0,0,6.45,0,0,0,0,0,0,0,0,0.0,0.0,0,0,0,0,0,0,0.0,0,0,0,0.0,0,0,1,0,2,40.0,0,1,2,3,12.9,0,0,8,1,0,0,Kemar Roofe,Derby County,153932,27,FW
1,0,0.0,3,0,0.0,6,5,11,100.0,0,0.0,0,2,0,0,0,0,5,0,0,1,0,0,2,0,0,0,1,3,0,0,0.12,0.08,1,0,0.0,0,0,0,2,2,0,0,0,,2,40.0,0,0,0,0,0,0,0,0,54,0,,0,0,0,0,0.0,0,0,0,0,4,0,0,6.45,0,0,0,0,0,0,0,0,0.0,0.0,0,1,0,0,0,0,0.0,0,1,1,100.0,0,1,1,3,2,40.0,0,9,5,11,12.9,1,0,20,1,0,0,Emmerson Sutton,Queens Park Rangers,2051252,1,FW
5,9,47.37,15,7,20.0,48,61,100,70.92,3,30.0,7,6,0,0,0,0,8,1,0,1,1,12,6,0,0,1,6,23,0,0,0.43,0.02,7,0,0.0,0,0,0,6,5,1,0,0,,10,38.46,0,0,0,41,1,3,0,5,349,0,,0,0,0,0,0.0,0,0,0,0,72,0,0,6.45,0,0,0,0,0,0,0,0,0.0,0.0,0,0,1,0,0,2,50.0,0,6,5,83.33,3,15,4,19,13,36.11,35,84,76,141,38.7,1,0,240,2,1,0,Ryo Hatsuse,Sheffield Wednesday,790962,12,DF
0,0,0.0,8,2,50.0,12,10,22,66.67,6,19.35,25,9,0,0,0,0,5,0,0,2,0,3,9,0,0,5,1,37,0,0,0.06,0.28,4,0,0.0,0,0,0,3,3,0,0,0,,4,25.0,0,0,0,11,0,0,0,1,208,1,,0,0,0,0,0.0,0,0,0,0,28,0,0,6.44,0,0,0,0,0,0,0,0,0.0,0.0,0,3,0,0,1,1,33.33,0,1,0,0.0,0,2,3,1,10,21.28,4,21,13,33,58.0,3,0,63,2,0,0,Niall Ennis,Stoke City,826138,29,FW
0,0,0.0,6,0,0.0,12,11,23,79.31,1,7.14,13,9,0,0,0,0,4,0,2,1,0,4,9,0,0,5,1,24,0,0,0.01,0.86,2,0,0.0,0,0,0,2,2,0,0,0,,4,26.67,0,0,0,6,1,0,0,2,227,1,,0,0,0,0,0.0,0,0,0,0,24,2,0,6.43,0,0,0,0,0,0,0,0,0.0,0.0,0,4,4,6,1,2,40.0,0,1,1,100.0,0,0,5,0,5,17.24,0,17,12,29,57.9,8,0,74,1,0,0,Andreas Hountondji,Burnley,1112796,6,MF
1,0,0.0,10,2,100.0,23,20,43,87.76,0,0.0,1,7,0,0,0,0,5,0,0,0,0,1,7,0,0,0,0,10,0,0,0.05,,1,0,0.0,0,0,0,4,4,0,0,0,,2,18.18,0,0,0,6,1,0,0,1,133,0,,0,0,0,0,0.0,0,0,0,0,19,0,0,6.43,0,0,0,0,0,0,0,0,0.0,0.0,0,0,0,0,0,1,11.11,0,1,1,100.0,0,1,9,2,2,16.67,2,31,20,49,45.0,0,0,74,0,0,0,Jeppe Okkels,Preston North End,826066,21,MF
0,0,0.0,10,0,0.0,23,9,32,86.49,5,45.45,6,7,0,0,0,0,2,0,0,1,0,2,7,0,0,3,1,14,0,0,0.02,0.07,3,0,0.0,0,0,0,4,4,0,0,0,,3,27.27,0,0,0,5,1,0,0,0,93,0,,0,0,0,0,0.0,0,0,0,0,13,0,0,6.43,0,0,0,0,0,0,0,0,0.0,0.0,0,2,0,1,0,0,0.0,0,2,2,100.0,0,1,1,4,8,36.36,0,32,9,37,45.0,2,0,59,1,0,0,Samuel Parker,Swansea City,1590568,74,DF
0,1,16.67,6,0,0.0,14,5,18,75.0,4,23.53,13,12,0,0,0,0,8,0,0,1,0,1,12,0,0,6,5,46,0,0,0.04,0.41,10,0,25.0,0,1,1,11,6,5,1,0,,15,31.25,0,0,0,6,4,1,0,3,303,2,,0,0,0,0,0.0,0,0,0,0,48,4,0,6.41,0,1,0,0,0,0,0,0,303.0,0.0,0,4,0,1,2,5,29.41,0,4,1,25.0,1,0,17,6,19,29.23,0,25,5,24,76.9,4,0,108,6,3,0,Harvey Blair,Portsmouth,1153108,2,MF
0,0,0.0,1,0,0.0,1,0,1,50.0,0,0.0,1,1,0,0,0,0,0,0,0,0,0,0,1,0,0,0,0,1,0,0,0.0,,0,0,0.0,0,0,0,0,0,0,0,0,,0,0.0,0,0,0,1,0,0,0,0,9,0,,0,0,0,0,0.0,0,0,0,0,2,0,0,6.4,0,0,0,0,0,0,0,0,0.0,0.0,0,0,0,0,0,0,0.0,0,0,0,0.0,0,0,0,1,0,0.0,1,3,0,2,6.4,0,0,3,0,0,0,Joshua Phillips,Luton Town,2022309,72,MF
0,0,0.0,0,0,0.0,1,4,5,100.0,0,0.0,2,2,0,0,0,0,0,0,0,0,0,0,2,0,0,0,1,4,0,0,0.0,,1,0,0.0,0,0,0,0,0,0,0,0,,0,0.0,0,0,0,0,0,0,0,0,24,0,,0,0,0,0,0.0,0,0,0,0,0,0,0,6.4,0,0,0,0,0,0,0,0,0.0,0.0,0,0,0,0,0,0,0.0,0,0,0,0.0,0,0,0,0,0,0.0,0,1,4,5,12.8,0,0,8,0,0,0,Jaden Dixon,Stoke City,1471588,29,DF
0,0,0.0,0,0,0.0,0,2,2,66.67,0,0.0,1,2,0,0,0,0,3,0,0,0,0,0,2,0,0,1,0,3,0,0,0.0,,0,0,0.0,0,0,0,0,0,0,0,0,,1,33.33,0,0,0,1,0,0,0,0,23,0,,0,0,0,0,0.0,0,0,0,0,4,0,0,6.4,0,0,0,0,0,0,0,0,0.0,0.0,0,0,0,0,0,0,0.0,0,1,0,0.0,0,0,1,0,1,25.0,0,0,3,3,12.8,0,0,8,0,0,0,Daniel Kelly,Millwall,1149244,25,MF
2,0,0.0,1,1,100.0,2,4,6,85.71,0,0.0,0,2,0,0,0,0,2,0,0,0,0,0,2,0,0,0,0,2,0,0,0.0,,2,0,0.0,0,0,0,1,1,0,0,0,,0,0.0,0,0,0,1,0,0,0,0,17,0,,0,0,0,0,0.0,0,0,0,0,3,0,0,6.4,0,0,0,0,0,0,0,0,0.0,0.0,0,0,0,0,0,0,0.0,0,0,0,0.0,0,2,0,1,0,0.0,1,3,5,7,12.8,0,0,10,0,0,0,Ben Lloyd,Swansea City,1133356,74,MF
0,1,20.0,6,0,0.0,14,6,19,90.48,0,0.0,0,3,0,0,0,0,2,0,0,0,0,0,3,0,0,3,0,6,0,0,0.01,,0,0,0.0,0,0,0,1,1,0,0,0,,3,33.33,0,0,0,2,0,0,0,0,37,0,,0,0,0,0,0.0,0,0,0,0,13,1,0,6.4,0,0,0,0,0,0,0,0,0.0,0.0,0,0,0,0,0,0,0.0,0,0,0,0.0,0,0,3,5,3,33.33,0,20,6,21,19.2,0,0,38,3,0,0,Josh Ginnelly,Swansea City,555372,74,FW
2,0,0.0,9,0,0.0,17,19,36,76.6,3,42.86,4,3,0,0,0,0,5,0,0,0,0,2,3,0,0,1,3,11,0,0,0.01,,2,0,0.0,0,0,0,0,0,0,0,0,,6,46.15,0,0,0,11,1,0,0,1,136,0,,0,0,0,0,0.0,0,0,0,0,21,1,0,6.4,1,0,0,0,0,0,0,0,0.0,0.0,0,0,0,0,0,2,66.67,0,4,2,50.0,0,4,3,2,9,45.0,3,25,24,47,19.2,0,0,85,0,0,1,Kristi Montgomery,Blackburn Rovers,1141109,46,DF
4,0,0.0,17,13,46.43,57,117,174,83.25,18,72.0,7,11,0,0,0,0,17,0,0,0,0,19,9,0,0,4,0,15,1,0,0.08,,4,0,0.0,3,0,0,8,7,1,0,0,,4,33.33,0,0,0,35,3,0,0,2,290,0,,0,0,0,1,0.0,0,0,0,0,54,0,0,6.4,0,0,0,0,0,0,0,0,0.0,0.0,0,0,0,0,0,0,0.0,0,2,1,50.0,0,11,0,2,22,59.46,28,78,133,209,57.6,0,0,280,2,1,0,Cyrus Christie,Swansea City,125558,74,DF
0,1,50.0,3,0,0.0,5,3,7,77.78,0,0.0,7,2,0,0,0,0,2,0,0,0,0,0,2,0,0,2,0,10,0,0,0.12,0.02,0,0,0.0,0,0,0,2,2,0,0,0,,1,25.0,0,0,0,2,0,1,0,0,50,1,,0,0,0,0,0.0,0,0,0,0,9,1,0,6.4,0,0,0,0,0,0,0,0,0.0,0.0,0,0,1,1,0,0,0.0,0,1,0,0.0,1,0,1,2,1,9.09,0,8,3,9,12.8,1,0,20,0,0,0,Michael Reindorf,Cardiff City,1470692,61,MF
1,0,0.0,25,2,28.57,39,24,63,64.95,7,38.89,11,19,0,0,0,0,26,0,0,3,0,3,18,0,1,16,12,75,0,0,0.24,0.69,9,0,12.5,0,1,1,16,16,0,1,0,,27,29.67,0,0,0,34,4,3,0,3,591,3,,0,0,0,0,0.0,0,0,0,0,119,1,0,6.39,1,1,0,0,0,0,0,0,591.0,0.0,0,7,1,3,2,9,24.32,0,11,7,63.64,3,5,37,8,34,31.19,7,75,30,97,115.0,8,0,250,7,0,0,Frederick Issaka,Plymouth Argyle,1138435,71,MF
1,0,0.0,10,2,22.22,24,14,38,58.46,10,66.67,5,5,0,0,0,0,7,0,0,0,0,6,5,0,0,3,1,13,0,1,0.02,,1,0,0.0,0,0,0,5,3,2,0,0,,6,42.86,0,0,0,27,1,0,0,2,191,0,,0,0,0,0,0.0,0,0,0,0,55,0,0,6.36,0,0,0,0,0,0,0,0,0.0,0.0,0,0,0,0,0,3,50.0,0,3,2,66.67,0,3,6,7,16,55.17,9,48,24,65,31.8,0,0,131,0,1,0,Wes Harding,Millwall,892397,25,DF
0,0,0.0,0,0,0.0,0,0,0,0.0,0,0.0,0,1,0,0,0,0,0,0,0,0,0,0,1,0,0,0,0,1,0,0,,,1,0,0.0,0,0,0,0,0,0,0,0,,0,0.0,0,0,0,0,0,0,0,0,8,0,,0,0,0,0,0.0,0,0,0,0,0,0,0,6.3,0,0,0,0,0,0,0,0,0.0,0.0,0,0,0,0,0,0,0.0,0,0,0,0.0,0,0,0,0,0,0.0,0,0,0,0,6.3,0,0,0,0,0,0,Harry Gray,Leeds United,1566881,34,FW
1,0,0.0,4,0,0.0,4,0,4,80.0,0,0.0,0,1,0,0,0,0,0,0,0,0,0,0,1,0,0,1,0,2,0,0,0.01,,0,0,0.0,0,0,0,1,1,0,0,0,,1,33.33,0,0,0,1,0,0,0,0,10,0,,0,0,0,0,0.0,0,0,0,0,6,0,0,6.3,0,0,0,0,0,0,0,0,0.0,0.0,0,0,0,0,0,1,50.0,0,0,0,0.0,0,2,2,3,1,33.33,1,8,0,5,6.3,0,0,13,0,0,0,Andros Townsend,Luton Town,47992,72,FW
0,0,0.0,0,0,0.0,0,0,0,0.0,0,0.0,0,1,0,0,0,0,0,0,0,0,0,0,1,0,0,0,0,1,0,0,,,1,0,0.0,0,0,0,0,0,0,0,0,,0,0.0,0,0,0,0,0,0,0,0,11,0,,0,0,0,0,0.0,0,0,0,0,0,0,0,6.3,0,0,0,0,0,0,0,0,0.0,0.0,0,0,0,0,0,0,0.0,0,0,0,0.0,0,0,0,0,0,0.0,0,0,0,0,6.3,0,0,0,0,0,0,Leonard Duru,Blackburn Rovers,1401695,46,DF
0,0,0.0,0,0,0.0,0,0,0,0.0,0,0.0,0,1,0,0,0,0,0,0,0,0,0,0,1,0,0,0,0,0,0,0,,,0,0,0.0,0,0,0,0,0,0,0,0,,0,0.0,0,0,0,0,0,0,0,0,10,0,,0,0,0,0,0.0,0,0,0,0,0,0,0,6.3,0,0,0,0,0,0,0,0,0.0,0.0,0,0,0,0,0,0,0.0,0,0,0,0.0,0,0,0,0,0,0.0,0,0,0,0,6.3,0,0,0,0,0,0,Joseph Hatch,Plymouth Argyle,1424639,71,MF
0,0,0.0,2,0,0.0,8,6,14,82.35,1,100.0,0,2,0,0,0,0,0,0,0,0,0,4,2,0,0,0,0,1,0,0,0.07,,1,0,0.0,0,0,0,0,0,0,0,0,,0,0.0,0,0,0,3,0,1,0,0,33,0,,0,0,0,1,0.0,0,0,0,0,3,0,0,6.3,0,0,0,0,0,0,0,0,0.0,0.0,0,0,0,0,0,0,0.0,0,0,0,0.0,1,0,0,0,1,50.0,0,11,6,17,12.6,0,0,23,0,0,0,Oliver Sonne,Burnley,1008456,6,DF
1,0,0.0,0,6,28.57,2,41,43,74.14,0,0.0,1,4,0,0,0,0,21,0,0,0,0,3,3,1,0,0,0,1,0,0,0.0,,0,0,0.0,10,0,0,7,7,0,0,0,-1.45,0,0.0,0,1,0,15,0,0,0,3,271,0,,0,0,0,0,0.0,0,0,0,0,15,0,0,6.27,0,0,3,3,2,5,0,0,0.0,0.0,0,0,0,0,0,0,0.0,3,0,0,0.0,0,2,0,0,0,0.0,21,12,46,58,18.8,0,0,82,0,0,0,Vicente Reyes,Norwich City,1002946,263,GK
2,4,28.57,19,3,25.0,42,59,97,82.2,3,60.0,2,6,1,0,0,0,10,1,1,0,0,4,6,0,0,5,5,23,0,1,0.34,0.57,3,0,0.0,0,0,1,12,12,0,0,0,,11,34.38,0,0,0,21,2,4,0,4,281,1,,0,0,0,1,0.0,0,0,0,0,64,0,0,6.23,0,0,0,0,0,0,0,0,0.0,0.0,1,1,2,2,1,5,38.46,0,2,1,50.0,4,11,13,14,14,37.84,12,71,61,118,37.4,3,0,220,4,0,0,Josh Wilson-Esbrand,Stoke City,1017915,29,DF
0,0,0.0,1,0,0.0,2,7,9,90.0,0,0.0,0,1,0,0,0,0,1,0,0,0,0,1,1,0,0,0,1,1,0,0,0.0,,0,0,0.0,0,0,0,2,0,2,0,0,,1,50.0,0,0,0,1,0,0,0,0,23,0,,0,0,0,0,0.0,0,0,0,0,1,0,0,6.2,0,0,0,0,0,0,0,0,0.0,0.0,0,0,0,0,0,0,0.0,0,1,1,100.0,0,0,0,0,1,50.0,0,2,8,10,6.2,0,0,12,0,0,0,Malachi Fagan-Walcott,Cardiff City,962878,61,DF
0,0,0.0,2,0,0.0,2,0,2,100.0,0,0.0,0,1,0,0,0,0,0,0,0,0,0,0,1,0,0,0,0,2,0,0,0.0,,0,0,0.0,0,0,0,0,0,0,0,0,,0,0.0,0,0,0,0,0,0,0,0,16,0,,0,0,0,0,0.0,0,0,0,0,3,0,0,6.2,0,0,0,0,0,0,0,0,0.0,0.0,0,0,0,0,0,0,0.0,0,0,0,0.0,0,0,2,0,0,0.0,0,2,0,2,6.2,0,0,5,0,0,0,Sam Chambers,Leeds United,1584929,34,MF
0,0,0.0,0,1,100.0,1,37,38,95.0,3,100.0,0,3,0,0,0,0,2,0,0,0,0,4,3,0,0,0,0,0,1,0,0.0,0.02,0,0,0.0,2,0,0,5,4,1,0,0,,2,100.0,0,0,0,2,0,0,0,1,85,0,,0,0,0,0,0.0,0,0,0,0,3,0,0,6.2,0,0,0,0,0,0,0,0,0.0,0.0,0,1,0,0,1,0,0.0,0,2,1,50.0,0,0,0,0,5,100.0,1,1,39,40,18.6,1,0,50,0,0,0,Grant Hanley,Norwich City,95791,263,DF
2,0,0.0,1,5,27.78,2,18,20,60.61,0,0.0,0,1,0,0,0,0,11,0,0,0,0,0,1,0,0,0,0,0,0,0,0.0,,0,0,0.0,9,0,0,3,3,0,0,0,-0.21,0,0.0,0,0,0,13,0,0,0,1,90,0,,0,0,0,0,0.0,0,0,0,0,14,0,0,6.1,0,0,0,1,1,2,0,0,0.0,0.0,0,0,0,0,0,0,0.0,0,0,0,0.0,0,2,0,0,0,0.0,18,13,20,33,6.1,0,0,43,0,0,0,Matt Ingram,Oxford United,136108,95,GK
0,0,0.0,0,0,0.0,0,0,0,0.0,0,0.0,0,1,0,0,0,0,0,0,0,0,0,0,0,0,0,0,0,0,0,0,,,0,0,0.0,0,0,0,0,0,0,0,0,,0,0.0,0,0,0,1,0,0,0,0,1,0,,0,0,0,0,0.0,0,0,0,0,1,0,0,0.0,0,0,0,0,0,0,0,0,0.0,0.0,0,0,0,0,0,0,0.0,0,0,0,0.0,0,0,0,0,0,0.0,1,0,1,1,0.0,0,0,1,0,0,0,Nectarios Triantis,Sunderland,1144146,41,DF
0,0,0.0,1,0,0.0,1,1,2,100.0,0,0.0,0,1,0,0,0,0,0,0,0,0,0,0,0,0,0,0,0,0,0,0,0.0,,0,0,0.0,0,0,0,0,0,0,0,0,,3,100.0,0,0,0,0,0,0,0,0,3,0,,0,0,0,0,0.0,0,0,0,0,2,0,0,0.0,0,0,0,0,0,0,0,0,0.0,0.0,0,0,0,0,0,0,0.0,0,1,1,100.0,0,0,0,2,3,100.0,0,3,1,2,0.0,0,0,8,2,0,0,Kian Best,Preston North End,1518700,21,DF
0,0,0.0,1,0,0.0,1,0,1,100.0,0,0.0,0,1,0,0,0,0,0,0,0,0,0,0,0,0,0,1,0,2,0,0,0.0,,0,0,0.0,0,0,0,0,0,0,0,0,,1,33.33,0,0,0,0,0,0,0,0,1,0,,0,0,0,0,0.0,0,0,0,0,3,0,0,0.0,0,0,0,0,0,0,0,0,0.0,0.0,0,0,0,0,0,0,0.0,0,1,1,100.0,0,0,1,0,1,33.33,0,1,0,1,0.0,0,0,5,0,0,0,Gatlin O'Donkor,Oxford United,1093341,95,FW
0,0,0.0,0,0,0.0,0,0,0,0.0,0,0.0,0,1,0,0,0,0,0,0,0,0,0,0,0,0,0,0,0,0,0,0,,,0,0,0.0,0,0,0,0,0,0,0,0,,0,0.0,0,0,0,0,0,0,0,0,1,0,,0,0,0,0,0.0,0,0,0,0,0,0,0,0.0,0,0,0,0,0,0,0,0,0.0,0.0,0,0,0,0,0,0,0.0,0,0,0,0.0,0,0,0,0,0,0.0,0,0,0,0,0.0,0,0,0,0,0,0,Fábio Tavares,Coventry City,950342,11,FW
0,0,0.0,0,0,0.0,0,0,0,0.0,0,0.0,0,1,0,0,0,0,0,0,0,0,0,0,0,0,0,0,0,0,0,0,,,0,0,0.0,0,0,0,0,0,0,0,0,,0,0.0,0,0,0,0,0,0,0,0,1,0,,0,0,0,0,0.0,0,0,0,0,0,0,0,0.0,0,0,0,0,0,0,0,0,0.0,0.0,0,0,0,0,0,0,0.0,0,0,0,0.0,0,0,0,0,0,0.0,0,0,0,0,0.0,0,0,0,0,0,0,James Debayo,Leeds United,1394167,34,DF
0,0,0.0,0,0,0.0,0,0,0,0.0,0,0.0,0,1,0,0,0,0,0,0,0,0,0,0,0,0,0,0,0,0,0,0,,,0,0,0.0,0,0,0,0,0,0,0,0,,0,0.0,0,0,0,0,0,0,0,0,1,0,,0,0,0,0,0.0,0,0,0,0,0,0,0,0.0,0,0,0,0,0,0,0,0,0.0,0.0,0,0,0,0,0,0,0.0,0,0,0,0.0,0,0,0,0,0,0.0,0,0,0,0,0.0,0,0,0,0,0,0,Erik Pieters,Derby County,17063,27,DF
0,0,0.0,0,0,0.0,0,0,0,0.0,0,0.0,0,1,0,0,0,0,0,0,0,0,0,1,0,0,0,0,0,0,0,0,,,0,0,0.0,0,0,0,0,0,0,0,0,,0,0.0,0,0,0,1,0,0,0,0,1,0,,0,0,0,0,0.0,0,0,0,0,2,0,0,0.0,0,0,0,0,0,0,0,0,0.0,0.0,0,0,0,0,0,0,0.0,0,0,0,0.0,0,0,0,0,0,0.0,1,0,1,1,0.0,0,0,4,0,0,0,Sai Sachdev,Sheffield United,1391830,15,DF
0,0,0.0,0,0,0.0,0,0,0,0.0,0,0.0,0,1,0,0,0,0,0,0,0,0,0,0,0,0,0,0,0,0,0,0,,,0,0,0.0,0,0,0,0,0,0,0,0,,0,0.0,0,0,0,0,0,0,0,0,1,0,,0,0,0,0,0.0,0,0,0,0,0,0,0,0.0,0,0,0,0,0,0,0,0,0.0,0.0,0,0,0,0,0,0,0.0,0,0,0,0.0,0,0,0,0,0,0.0,0,0,0,0,0.0,0,0,0,0,0,0,Kyle McFadzean,Blackburn Rovers,129118,46,DF
0,0,0.0,0,0,0.0,0,0,0,0.0,0,0.0,0,1,0,0,0,0,0,0,0,0,0,0,0,0,0,0,0,0,0,0,,,0,0,0.0,0,0,0,0,0,0,0,0,,0,0.0,0,0,0,1,0,0,0,0,1,0,,0,0,0,0,0.0,0,0,0,0,1,0,0,0.0,0,0,0,0,0,0,0,0,0.0,0.0,0,0,0,0,0,0,0.0,0,0,0,0.0,0,0,0,0,0,0.0,0,1,0,1,0.0,0,0,1,0,0,0,Michael Adu-Poku,Watford,1461596,24,FW
0,0,0.0,0,0,0.0,0,0,0,0.0,0,0.0,0,1,0,0,0,0,0,0,0,0,0,0,0,0,0,0,0,1,0,0,,,1,0,0.0,0,0,0,0,0,0,0,0,,0,0.0,0,0,0,0,0,0,0,0,1,0,,0,0,0,0,0.0,0,0,0,0,0,0,0,0.0,0,0,0,0,0,0,0,0,0.0,0.0,0,0,0,0,0,0,0.0,0,0,0,0.0,0,0,0,0,0,0.0,0,0,0,0,0.0,0,0,0,0,1,0,Josh Thomas,Swansea City,1005903,74,FW
0,0,0.0,0,0,0.0,0,1,1,50.0,0,0.0,0,1,0,0,0,0,0,0,0,0,0,0,0,0,0,0,0,0,0,0,0.0,,0,0,0.0,0,0,0,0,0,0,0,0,,0,0.0,0,0,0,1,0,0,0,0,1,0,,0,0,0,0,0.0,0,0,0,0,1,0,0,0.0,0,0,0,0,0,0,0,0,0.0,0.0,0,0,0,0,0,0,0.0,0,0,0,0.0,0,0,0,0,0,0.0,0,1,1,2,0.0,0,0,3,0,0,0,Billy Blacker,Sheffield United,1515860,15,FW
0,0,0.0,0,0,0.0,0,0,0,0.0,0,0.0,0,1,0,0,0,0,0,0,0,0,0,0,0,0,0,0,0,0,0,0,,,0,0,0.0,0,0,0,0,0,0,0,0,,0,0.0,0,0,0,0,0,0,0,0,1,0,,0,0,0,0,0.0,0,0,0,0,1,0,0,0.0,0,0,0,0,0,0,0,0,0.0,0.0,0,0,0,0,0,0,0.0,0,0,0,0.0,0,0,0,0,0,0.0,0,0,0,0,0.0,0,0,1,0,0,0,Tom Leahy,Millwall,1585898,25,FW
0,0,0.0,0,0,0.0,0,0,0,0.0,0,0.0,0,1,0,0,0,0,0,0,0,0,0,1,0,0,0,0,0,0,0,0,,,0,0,0.0,0,0,0,0,0,0,0,0,,0,0.0,0,0,0,0,0,0,0,0,1,0,,0,0,0,0,0.0,0,0,0,0,0,0,0,0.0,0,0,0,0,0,0,0,0,0.0,0.0,0,0,0,0,0,0,0.0,0,0,0,0.0,0,0,0,0,0,0.0,0,0,0,0,0.0,0,0,1,0,0,0,George McCormick,Middlesbrough,1637690,36,DF
0,0,0.0,0,0,0.0,0,0,0,0.0,0,0.0,1,1,0,0,0,0,0,0,0,0,0,0,0,0,0,0,0,1,0,0,,,0,0,0.0,0,0,0,0,0,0,0,0,,0,0.0,0,0,0,0,0,0,0,0,1,0,,0,0,0,0,0.0,0,0,0,0,1,0,0,0.0,0,0,0,0,0,0,0,0,0.0,0.0,0,0,0,0,0,0,0.0,0,0,0,0.0,0,0,0,0,0,0.0,0,0,0,0,0.0,0,0,1,0,0,0,Lennon Wheeldon,Derby County,1416966,27,FW
0,0,0.0,0,0,0.0,0,0,0,0.0,0,0.0,0,1,0,0,0,0,0,0,0,0,0,0,0,0,0,0,0,0,0,0,,,0,0,0.0,0,0,0,0,0,0,0,0,,0,0.0,0,0,0,2,0,0,0,0,1,0,,0,0,0,0,0.0,0,0,0,0,2,0,0,0.0,0,0,0,0,0,0,0,0,0.0,0.0,0,0,0,0,0,0,0.0,0,0,0,0.0,0,0,0,0,0,0.0,0,2,0,2,0.0,0,0,2,0,0,0,Nathan Simpson,Middlesbrough,1416968,36,MF
