accurateChippedPasses,accurateCrosses,accurateCrossesPercentage,accurateFinalThirdPasses,accurateLongBalls,accurateLongBallsPercentage,accurateOppositionHalfPasses,accurateOwnHalfPasses,accuratePasses,accuratePassesPercentage,aerialDuelsWon,aerialDuelsWonPercentage,aerialLost,appearances,assists,attemptPenaltyMiss,attemptPenaltyPost,attemptPenaltyTarget,ballRecovery,bigChancesCreated,bigChancesMissed,blockedShots,cleanSheet,clearances,countRating,crossesNotClaimed,directRedCards,dispossessed,dribbledPast,duelLost,errorLeadToGoal,errorLeadToShot,expectedAssists,expectedGoals,fouls,freeKickGoal,goalConversionPercentage,goalKicks,goals,goalsAssistsSum,goalsConceded,goalsConcededInsideTheBox,goalsConcededOutsideTheBox,goalsFromInsideTheBox,goalsFromOutsideTheBox,goalsPrevented,groundDuelsWon,groundDuelsWonPercentage,headedGoals,highClaims,hitWoodwork,inaccuratePasses,interceptions,keyPasses,leftFootGoals,matchesStarted,minutesPlayed,offsides,outfielderBlocks,ownGoals,passToAssist,penaltiesTaken,penaltyConceded,penaltyConversion,penaltyFaced,penaltyGoals,penaltySave,penaltyWon,possessionLost,possessionWonAttThird,punches,rating,redCards,rightFootGoals,runsOut,savedShotsFromInsideTheBox,savedShotsFromOutsideTheBox,saves,savesCaught,savesParried,scoringFrequency,setPieceConversion,shotFromSetPiece,shotsFromInsideTheBox,shotsFromOutsideTheBox,shotsOffTarget,shotsOnTarget,successfulDribbles,successfulDribblesPercentage,successfulRunsOut,tackles,tacklesWon,tacklesWonPercentage,totalAttemptAssist,totalChippedPasses,totalContest,totalCross,totalDuelsWon,totalDuelsWonPercentage,totalLongBalls,totalOppositionHalfPasses,totalOwnHalfPasses,totalPasses,totalRating,totalShots,totwAppearances,touches,wasFouled,yellowCards,yellowRedCards,player,team,player id,team id
0,0,0.0,8,0,0.0,14,8,22,75.86,0,0.0,0,1,0,0,0,0,3,0,0,0,0,0,1,0,0,3,0,5,0,0,,,1,0,50.0,0,1,1,2,2,0,0,1,,5,50.0,0,0,0,7,0,1,0,1,90,0,0.0,0,0,0,0,0.0,0,0,0,0,22,0,0,7.6,0,1,0,0,0,0,0,0,90.0,0.0,0,0,2,1,1,2,66.67,0,1,0,0.0,1,0,3,3,5,50.0,0,21,8,29,7.6,2,0,55,2,0,0,Mamadou Diakhon,Stade de Reims,1495876,1682
0,0,0.0,0,1,50.0,0,21,21,91.3,0,0.0,1,1,0,0,0,0,6,0,0,0,0,0,1,0,0,0,0,1,0,0,,,0,0,0.0,8,0,0,1,0,1,0,0,,0,0.0,0,2,0,2,0,0,0,1,90,0,0.0,0,0,0,0,0.0,0,0,0,0,2,0,0,7.6,0,0,1,2,3,5,0,2,0.0,0.0,0,0,0,0,0,0,0.0,1,0,0,0.0,0,0,0,0,0,0.0,2,1,22,23,7.6,0,0,35,0,0,0,Massamba N'Diaye,Clermont Foot,1177344,1680
1,0,0.0,1,5,23.81,2,18,20,55.56,0,0.0,0,1,0,0,0,0,8,0,0,0,0,2,1,0,0,0,1,1,0,0,,,0,0,0.0,2,0,0,2,2,0,0,0,,1,50.0,0,1,0,16,0,0,0,1,90,0,0.0,0,0,0,0,0.0,0,0,0,0,16,0,1,7.6,0,0,4,4,0,4,0,0,0.0,0.0,0,0,0,0,0,1,100.0,4,0,0,0.0,0,5,1,0,1,50.0,21,13,23,36,7.6,0,0,48,0,0,0,Xavier Lenogue,US Boulogne Côte-d'Opale,785540,1711
7,0,0.0,0,7,70.0,2,20,22,81.48,0,0.0,0,1,0,0,0,0,11,0,0,0,0,0,1,0,0,0,0,0,1,0,,,0,0,0.0,0,0,0,3,2,1,0,0,,0,0.0,0,0,0,5,0,0,0,1,90,0,0.0,0,0,0,0,0.0,0,0,0,0,5,0,0,7.4,0,0,0,5,3,8,0,1,0.0,0.0,0,0,0,0,0,0,0.0,0,0,0,0.0,0,9,0,0,0,0.0,10,2,25,27,7.4,0,0,46,0,0,0,Mathieu Michel,Montpellier,157701,1642
55,33,28.95,229,83,54.61,444,480,924,83.02,44,73.33,16,29,2,0,0,1,142,4,1,7,8,55,29,0,0,21,26,105,0,3,,,38,0,24.14,0,7,9,29,27,2,7,0,,120,57.42,0,0,0,189,44,39,6,28,2467,2,10.0,0,1,5,0,80.0,0,4,0,0,347,7,0,7.38,0,1,0,0,0,0,0,0,352.43,0.0,3,17,12,6,16,19,76.0,0,58,39,67.24,38,91,25,114,164,60.97,152,587,526,1113,214.0,29,7,1637,44,3,0,Jessy Benet,Grenoble Foot 38,580120,1671
32,0,0.0,70,55,56.12,197,364,561,87.11,31,59.62,21,11,0,0,0,0,44,0,2,0,3,51,11,0,0,1,3,38,0,0,,,11,0,16.67,0,1,1,6,5,1,1,0,,23,57.5,0,0,1,83,12,2,0,11,927,0,3.0,0,0,0,0,0.0,0,0,0,0,99,2,0,7.36,0,1,0,0,0,0,0,0,927.0,0.0,0,5,1,2,4,3,50.0,0,12,7,58.33,2,59,6,5,54,58.7,98,265,379,644,81.0,6,2,785,8,1,0,Julien Le Cardinal,Saint-Étienne,1129751,1678
136,1,14.29,180,156,50.16,511,1028,1539,85.12,84,64.62,46,29,0,0,0,0,79,3,4,0,10,156,29,0,1,2,11,81,0,0,,,24,0,5.26,4,1,1,23,20,3,1,0,,51,59.3,0,0,0,269,20,11,0,29,2523,2,26.0,0,0,0,0,0.0,0,0,0,0,285,2,0,7.32,1,1,0,0,0,0,0,0,2523.0,0.0,0,18,1,15,4,3,100.0,0,36,22,61.11,11,258,3,7,135,62.5,311,704,1104,1808,212.2,19,7,2154,13,4,0,Julien Laporte,Montpellier,791048,1642
38,23,30.26,217,49,68.06,375,240,615,84.02,5,38.46,8,16,5,0,0,1,50,6,2,4,1,6,16,0,0,12,12,55,0,0,,,17,0,22.22,0,4,9,16,13,3,2,2,,53,53.0,0,0,0,117,9,29,4,11,1019,2,1.0,0,0,2,0,50.0,0,1,0,0,209,13,0,7.28,0,0,0,0,0,0,0,0,254.75,0.0,0,8,10,4,10,5,41.67,0,38,29,76.32,29,70,12,76,58,51.33,72,471,261,732,116.5,18,1,976,10,2,0,Teddy Teuma,Stade de Reims,829643,1682
50,0,0.0,87,78,45.88,268,588,856,85.69,27,61.36,17,15,0,0,0,0,67,0,1,2,6,114,15,0,0,3,5,33,2,1,,,7,0,14.29,42,1,1,18,14,4,1,0,,27,62.79,0,0,0,143,9,1,1,15,1320,0,17.0,0,0,0,0,0.0,0,0,0,0,158,0,0,7.27,0,0,0,0,0,0,0,0,1320.0,0.0,0,7,0,2,3,2,50.0,0,23,19,82.61,1,97,4,2,54,62.07,170,367,632,999,109.0,7,3,1220,2,2,0,Nicolas Pallois,Stade de Reims,106496,1682
52,2,25.0,155,69,50.74,354,600,954,87.93,33,55.93,26,15,0,0,0,0,80,0,0,0,7,63,15,0,1,2,5,47,0,1,,,16,0,0.0,24,0,0,12,11,1,0,0,,39,65.0,0,0,0,131,19,2,0,15,1284,0,15.0,0,0,0,1,0.0,0,0,0,0,157,0,0,7.27,1,0,0,0,0,0,0,0,0.0,0.0,0,1,1,2,0,3,75.0,0,14,10,71.43,2,109,4,8,72,60.5,136,451,634,1085,109.0,2,4,1284,22,0,0,Samuel Kotto,Stade de Reims,1103229,1682
42,0,0.0,163,97,62.99,493,1076,1569,90.69,61,70.11,26,26,1,0,0,0,78,2,1,3,6,80,26,0,0,9,10,76,0,2,,,20,0,23.53,10,4,5,40,36,4,4,0,,90,64.29,2,0,1,161,15,8,0,26,2339,0,28.0,0,0,0,2,0.0,0,0,0,1,214,5,0,7.24,0,2,0,0,0,0,0,0,584.75,0.0,0,15,2,7,7,16,51.61,0,38,31,81.58,8,74,31,4,151,66.52,154,592,1138,1730,188.3,17,5,2078,37,6,0,Donatien Gomis,Guingamp,1104848,1654
136,2,28.57,227,220,60.61,610,1113,1723,86.76,70,57.38,52,32,0,0,0,0,158,0,1,7,12,155,32,0,0,4,19,99,0,3,,,17,0,0.0,6,0,0,31,29,2,0,0,,82,63.57,0,0,1,263,37,2,0,32,2880,0,28.0,1,0,0,0,0.0,0,0,0,0,310,1,0,7.24,0,0,0,0,0,0,0,0,0.0,0.0,0,12,9,8,6,4,33.33,0,57,40,70.18,2,249,12,7,152,60.56,363,803,1183,1986,231.6,21,6,2450,22,9,0,Adrien Monfray,Troyes,305338,1652
2,1,100.0,17,6,85.71,23,16,39,65.0,5,55.56,4,3,1,0,0,0,13,0,0,0,1,1,3,0,0,4,2,23,0,0,,,0,0,25.0,0,1,2,3,3,0,1,0,,21,52.5,1,0,0,21,1,2,0,3,264,2,0.0,0,0,0,0,0.0,0,0,0,0,50,1,0,7.23,0,0,0,0,0,0,0,0,264.0,0.0,0,3,1,2,2,10,43.48,0,6,5,83.33,2,3,23,1,26,53.06,7,41,19,60,21.7,4,1,126,5,0,0,Pathé Mboup,Pau FC,1410231,1685
40,25,32.05,198,37,38.54,315,203,518,70.09,46,66.67,23,26,2,0,0,0,87,6,2,9,10,73,26,0,0,9,18,108,0,0,,,35,0,10.0,0,3,5,18,14,4,3,0,,112,56.85,0,0,1,221,43,24,0,25,2136,4,5.0,0,0,0,0,0.0,0,0,0,2,353,8,0,7.23,0,3,0,0,0,0,0,0,712.0,0.0,1,26,4,11,10,10,29.41,0,57,34,59.65,24,73,34,78,158,59.4,96,474,265,739,187.9,30,4,1417,45,3,0,Lucas Buades,Le Mans,895306,1672
31,15,27.27,151,36,64.29,272,166,438,86.22,5,50.0,5,13,5,0,0,0,51,2,2,8,2,10,13,0,0,14,7,51,0,0,,,18,0,10.71,0,3,8,19,16,3,2,1,,47,50.54,0,0,1,70,8,15,1,13,1083,2,0.0,0,0,0,0,0.0,0,0,0,0,162,4,0,7.2,0,2,0,0,0,0,0,0,361.0,0.0,5,9,19,9,11,4,36.36,0,12,10,83.33,15,53,11,55,52,50.49,56,323,185,508,93.6,28,2,747,31,3,0,Amine Hemia,Guingamp,1168787,1654
1,0,0.0,0,7,58.33,3,7,10,66.67,0,0.0,0,1,0,0,0,0,8,0,0,0,0,0,1,0,0,0,0,0,0,0,,,0,0,0.0,3,0,0,0,0,0,0,0,,0,0.0,0,0,0,5,0,0,0,1,53,0,0.0,0,0,0,0,0.0,0,0,0,0,5,0,0,7.2,0,0,0,3,0,3,0,0,0.0,0.0,0,0,0,0,0,0,0.0,0,0,0,0.0,0,1,0,0,0,0.0,12,6,9,15,7.2,0,0,21,0,0,0,Geoffrey Lembet,Nancy,74008,1675
82,38,22.49,412,70,58.82,705,461,1166,83.23,41,59.42,28,33,5,0,0,0,175,13,3,12,11,33,33,0,0,42,43,210,0,0,,,63,0,7.69,0,3,8,30,28,2,2,1,,167,47.85,0,0,1,235,35,58,3,33,2917,2,4.0,0,0,0,0,0.0,0,0,0,0,520,18,0,7.19,0,0,0,0,0,0,0,0,972.33,0.0,1,17,22,14,13,43,54.43,0,64,37,57.81,58,154,79,169,208,49.76,119,901,500,1401,237.4,39,5,2126,62,6,0,Antoine Mille,Troyes,1129045,1652
60,17,25.76,259,77,70.64,512,351,863,84.94,7,30.43,16,30,3,0,0,0,100,5,2,15,1,11,30,0,0,31,17,117,0,0,,,17,0,16.0,0,8,11,27,24,3,7,1,,127,55.7,0,0,2,153,15,36,3,25,2032,7,5.0,0,0,2,0,100.0,0,2,0,4,334,6,0,7.18,0,5,0,0,0,0,0,0,254.0,0.0,8,19,31,16,19,30,44.12,0,21,15,71.43,36,98,68,66,134,53.39,109,636,380,1016,215.4,50,4,1493,76,3,0,Abdoul Kader Bamba,Clermont Foot,938270,1680
86,12,25.53,281,108,46.75,636,1157,1793,87.17,38,61.29,24,33,2,0,0,0,167,2,1,2,13,85,33,0,0,12,12,81,1,1,,,20,0,6.67,5,1,3,37,32,5,0,1,,138,70.77,0,0,0,264,39,17,0,33,2970,0,19.0,0,0,0,0,0.0,0,0,0,0,389,5,0,7.17,0,1,0,0,0,0,0,0,2970.0,0.0,0,4,11,7,6,18,58.06,0,56,44,78.57,17,175,31,47,176,68.48,231,828,1229,2057,236.6,15,4,2697,66,3,0,Dylan Durivaux,Red Star FC,1397560,52874
17,0,0.0,94,39,54.93,459,1356,1815,94.78,55,79.71,14,25,1,0,0,0,73,2,3,2,5,122,25,0,0,1,5,32,0,1,,,9,0,28.57,21,4,5,31,28,3,4,0,,40,68.97,1,0,1,100,27,4,1,25,2204,1,15.0,0,0,0,0,0.0,0,0,0,0,113,4,0,7.17,0,2,0,0,0,0,0,0,551.0,0.0,0,14,0,4,8,7,70.0,0,15,11,73.33,4,34,10,1,95,74.8,71,518,1397,1915,179.2,14,2,2171,18,3,0,Vincent Sasso,USL Dunkerque,74071,6918
26,13,21.67,318,27,72.97,517,292,809,85.25,9,30.0,21,29,5,0,0,1,73,8,5,21,6,5,29,0,0,35,15,137,0,1,,,30,1,22.22,0,14,19,21,18,3,12,2,,77,39.9,1,0,2,140,12,40,1,24,2123,13,2.0,0,1,3,0,66.67,0,2,0,0,339,16,0,7.16,0,12,0,0,0,0,0,0,151.64,9.09,11,39,24,17,25,28,42.42,0,27,18,66.67,39,52,66,60,86,38.57,37,631,318,949,207.7,63,5,1409,22,2,0,Zuriko Davitashvili,Saint-Étienne,921369,1678
21,21,21.88,280,27,69.23,415,198,613,82.5,14,56.0,11,29,2,0,0,0,99,6,7,23,8,15,29,0,0,22,13,94,0,1,,,21,0,15.91,0,14,16,24,22,2,13,1,,74,47.13,1,0,1,130,10,39,1,28,2357,18,0.0,0,0,1,0,100.0,0,1,0,0,336,19,0,7.16,0,12,0,0,0,0,0,0,168.36,0.0,6,65,23,22,43,28,47.46,0,29,13,44.83,39,40,59,96,88,48.35,39,519,224,743,207.7,88,4,1234,17,2,0,Keito Nakamura,Stade de Reims,905352,1682
56,0,0.0,153,99,48.06,466,991,1457,86.93,45,65.22,24,28,1,0,0,0,167,0,0,5,9,136,28,0,1,7,12,81,1,0,,,30,0,9.09,3,1,2,25,23,2,1,0,,86,60.14,0,0,0,219,27,4,0,25,2253,0,18.0,0,0,0,1,0.0,0,0,0,0,266,4,0,7.16,1,1,0,0,0,0,0,0,2253.0,0.0,0,1,10,4,2,13,59.09,0,36,20,55.56,4,132,22,3,131,61.79,206,611,1065,1676,200.5,11,3,2077,38,9,0,Abdoul Kone,Stade de Reims,1859949,1682
44,1,50.0,99,78,56.93,361,650,1011,88.14,46,63.89,26,18,0,0,0,0,69,1,3,3,5,91,18,0,0,3,4,60,0,2,,,27,0,7.14,8,1,1,22,22,0,1,0,,55,61.8,1,0,0,136,17,9,0,17,1505,1,14.0,0,0,0,1,0.0,0,0,0,1,155,0,0,7.15,0,0,0,0,0,0,0,0,1505.0,0.0,0,13,1,9,2,6,66.67,0,22,9,40.91,9,83,9,2,101,62.73,137,452,695,1147,128.7,14,2,1397,28,4,0,Sohaib Nair,Guingamp,1515601,1654
45,0,0.0,18,127,35.38,96,659,755,76.26,13,86.67,2,31,0,0,0,0,265,0,0,0,12,19,31,1,0,0,0,2,2,2,,,0,0,0.0,152,0,0,26,24,2,0,0,,11,100.0,0,28,0,235,0,0,0,31,2790,0,0.0,0,0,0,0,0.0,1,0,0,0,244,0,4,7.15,0,0,16,58,40,101,0,11,0.0,0.0,0,0,0,0,0,0,0.0,16,2,1,50.0,0,94,0,0,24,92.31,359,287,703,990,221.6,0,5,1333,15,3,0,Simon Ngapandouetnbu,Montpellier,988841,1642
45,0,0.0,29,192,39.43,118,423,541,64.64,8,88.89,1,31,0,0,0,0,242,1,0,0,7,36,31,0,0,0,0,1,0,0,,,0,0,0.0,267,0,0,37,32,5,0,0,,9,100.0,0,37,0,296,0,1,0,31,2684,0,0.0,0,0,0,0,0.0,2,0,0,0,301,0,18,7.15,0,0,8,74,31,106,0,24,0.0,0.0,0,0,0,0,0,2,100.0,8,0,0,0.0,1,80,2,0,17,94.44,487,373,464,837,221.6,0,4,1174,7,2,0,Mamadou Diop,Grenoble Foot 38,1440545,1671
69,2,22.22,118,125,49.41,353,1001,1354,85.53,98,68.53,45,27,2,0,0,0,95,2,0,3,12,148,27,0,0,3,8,74,0,1,,,18,0,9.09,40,1,3,25,20,5,1,0,,68,70.1,1,0,0,229,31,9,0,27,2264,1,12.0,1,0,0,1,0.0,0,0,0,0,278,3,0,7.14,0,0,0,0,0,0,0,0,2264.0,0.0,0,11,0,6,2,8,80.0,0,30,20,66.67,9,128,10,9,166,69.17,253,504,1079,1583,192.8,11,3,1970,30,2,0,Pierre Lemonnier,Red Star FC,580112,52874
51,28,40.58,403,56,59.57,832,678,1510,89.51,14,53.85,12,23,2,0,0,1,103,5,1,4,8,21,23,0,0,10,15,68,0,1,,,19,1,21.05,0,4,6,26,23,3,3,1,,58,50.88,0,0,0,177,24,39,0,22,1990,4,4.0,0,0,4,0,75.0,0,3,0,0,274,9,0,7.14,0,4,0,0,0,0,0,0,497.5,16.67,6,7,12,7,8,4,25.0,0,33,22,66.67,39,93,16,69,72,51.43,94,970,717,1687,164.2,19,2,2003,21,4,0,Florian Tardieu,Saint-Étienne,234142,1678
61,1,16.67,166,114,57.58,412,575,987,84.72,42,59.15,29,24,0,0,0,0,52,0,0,0,9,122,24,0,0,4,14,71,0,1,,,23,0,10.0,0,1,1,23,21,2,1,0,,65,60.75,0,0,0,178,27,3,1,23,2082,0,7.0,0,0,0,0,0.0,0,0,0,0,241,1,0,7.13,0,0,0,0,0,0,0,0,2082.0,0.0,0,7,3,7,3,4,66.67,0,33,24,72.73,3,120,6,6,107,60.11,198,535,630,1165,171.2,10,2,1611,29,1,0,Théo Eyoum,Le Mans,1048890,1672
46,18,36.73,189,79,75.24,532,706,1238,89.32,28,65.12,15,25,1,0,0,0,172,3,2,4,10,43,25,0,0,17,15,75,0,2,,,25,2,7.69,0,2,3,26,21,5,0,2,,92,60.53,0,0,0,148,25,20,0,23,2043,0,6.0,0,0,0,1,0.0,0,0,0,0,239,13,0,7.12,0,2,0,0,0,0,0,0,1021.5,20.0,10,3,23,13,9,11,78.57,0,45,29,64.44,20,74,14,49,120,61.54,105,624,762,1386,178.1,26,2,1756,36,9,0,Giovanni Haag,Red Star FC,965242,52874
69,0,0.0,42,143,29.79,89,600,689,66.63,17,100.0,0,34,0,0,0,0,322,0,0,0,7,45,34,0,0,0,0,0,3,3,,,0,0,0.0,275,0,0,39,32,7,0,0,,5,100.0,0,29,0,345,0,0,0,34,3060,0,0.0,0,0,0,0,0.0,6,0,2,0,362,0,24,7.12,0,0,19,84,37,124,0,30,0.0,0.0,0,0,0,0,0,0,0.0,18,1,1,100.0,0,154,0,0,22,100.0,480,367,667,1034,242.1,0,3,1437,7,0,0,Quentin Braat,Rodez AF,826568,6925
37,16,34.04,389,32,54.24,615,279,894,81.64,12,29.27,29,31,9,0,0,0,108,11,5,16,7,20,31,0,0,42,16,174,0,0,,,57,0,8.93,0,5,14,31,26,5,4,1,,123,45.9,0,0,0,201,15,51,4,30,2476,5,6.0,0,1,0,1,0.0,0,0,0,0,385,16,0,7.12,0,1,0,0,0,0,0,0,495.2,0.0,2,30,26,22,18,35,51.47,0,51,37,72.55,50,76,68,47,135,43.69,59,785,310,1095,220.7,56,5,1637,37,12,0,Augustine Boakye,Saint-Étienne,1138352,1678
35,20,26.32,237,63,43.45,429,517,946,81.69,56,68.29,26,27,2,0,0,0,108,3,0,3,8,72,27,0,0,12,8,75,0,2,,,21,0,6.25,0,1,3,22,20,2,1,0,,92,65.25,0,0,0,212,36,17,1,26,2228,0,7.0,0,1,0,0,0.0,0,0,0,0,398,5,0,7.1,0,0,0,0,0,0,0,0,2228.0,0.0,2,6,10,11,2,10,50.0,0,42,18,42.86,16,101,20,76,148,66.37,145,575,583,1158,191.8,16,1,1815,40,4,0,Ismaël Boura,Troyes,1047364,1652
0,0,0.0,5,0,0.0,8,11,19,82.61,1,100.0,0,1,0,0,0,0,0,0,0,0,0,4,1,0,0,0,0,0,0,0,,,0,0,0.0,0,0,0,0,0,0,0,0,,2,100.0,0,0,0,4,0,1,0,0,45,0,0.0,0,0,0,0,0.0,0,0,0,0,4,0,0,7.1,0,0,0,0,0,0,0,0,0.0,0.0,0,0,0,0,0,0,0.0,0,0,0,0.0,1,0,0,0,3,100.0,0,12,11,23,7.1,0,0,33,2,0,0,Jonathan Kapenga,US Boulogne Côte-d'Opale,2188008,1711
33,0,0.0,111,93,48.44,335,752,1087,87.38,39,59.09,27,22,0,0,0,0,55,1,0,1,6,81,21,0,0,2,5,50,1,2,,,14,0,12.5,15,1,1,26,23,3,1,0,,55,70.51,1,0,0,157,10,3,0,19,1698,0,13.0,1,0,0,0,0.0,0,0,0,0,170,1,0,7.1,0,0,0,0,0,0,0,0,1698.0,0.0,0,8,0,3,4,2,40.0,0,35,24,68.57,3,86,5,1,94,65.28,192,434,810,1244,149.0,8,1,1458,21,2,0,Albin Demouchy,Guingamp,1133564,1654
66,9,31.03,118,65,52.85,278,265,543,79.5,22,64.71,12,20,0,0,0,0,68,0,0,1,2,55,20,0,0,8,11,51,0,0,,,16,0,11.11,0,2,2,16,15,1,1,1,,52,57.14,1,0,1,140,22,14,0,15,1384,0,7.0,0,0,0,0,0.0,0,0,0,0,190,3,0,7.1,0,1,0,0,0,0,0,0,692.0,0.0,5,6,12,11,6,7,63.64,0,31,20,64.52,14,115,11,29,74,59.2,123,388,295,683,141.9,18,1,930,14,0,0,Henri Saivet,Clermont Foot,26895,1680
27,17,23.61,197,27,69.23,308,174,482,83.97,6,25.0,18,33,2,0,0,0,88,7,6,11,0,14,33,0,0,15,6,77,0,0,,,11,0,22.81,0,13,15,33,28,5,12,1,,54,47.79,0,0,1,92,12,31,2,29,2472,11,2.0,0,0,2,0,100.0,0,2,0,0,252,16,0,7.09,0,11,0,0,0,0,0,0,190.15,0.0,0,40,17,26,20,18,39.13,0,13,9,69.23,31,42,46,72,60,43.8,39,383,191,574,233.9,57,4,951,23,1,0,Damien Durand,Red Star FC,1104289,52874
58,0,0.0,106,107,37.28,402,874,1276,84.17,27,65.85,14,24,3,0,0,0,77,4,2,3,4,98,23,0,1,1,5,40,0,0,,,22,0,0.0,18,0,3,25,22,3,0,0,,49,65.33,0,0,0,240,13,8,0,19,1777,0,22.0,0,0,0,0,0.0,0,0,0,0,257,2,0,7.08,1,0,0,0,0,0,0,0,0.0,0.0,0,6,4,7,0,5,100.0,0,24,13,54.17,8,165,5,2,76,65.52,287,600,916,1516,162.9,10,1,1753,21,3,0,Opa Sangante,USL Dunkerque,829533,6918
60,17,30.36,405,68,59.13,752,602,1354,88.38,14,48.28,15,30,7,0,0,0,121,7,0,6,10,24,30,0,0,10,21,80,0,1,,,26,0,0.0,0,0,7,29,24,5,0,0,,119,64.67,0,0,1,178,32,47,0,29,2459,3,5.0,0,1,0,0,0.0,0,0,0,0,275,15,0,7.08,0,0,0,0,0,0,0,0,0.0,0.0,1,11,13,11,7,10,50.0,0,66,40,60.61,46,108,20,56,133,62.44,115,885,647,1532,212.4,24,3,1928,43,3,0,Theo Leoni,Stade de Reims,867251,1682
16,11,37.93,122,24,57.14,222,212,434,86.97,15,68.18,7,20,3,0,0,0,58,2,0,1,5,33,20,0,0,8,2,49,0,0,,,18,0,0.0,0,0,3,9,9,0,0,0,,67,61.47,0,0,0,65,9,8,0,15,1387,2,3.0,0,0,0,0,0.0,0,0,0,2,163,6,0,7.08,0,0,0,0,0,0,0,0,0.0,0.0,0,1,3,3,0,14,46.67,0,19,11,57.89,8,27,30,29,82,62.6,42,265,234,499,141.6,4,2,848,34,2,0,Yvann Titi,Troyes,1426219,1652
16,4,16.67,98,13,54.17,175,77,252,82.62,0,0.0,4,13,6,0,0,0,58,3,2,6,0,2,13,0,0,14,15,65,0,0,,,12,0,9.09,0,2,8,12,11,1,1,1,,80,56.74,0,0,0,53,2,11,1,9,803,1,1.0,0,0,0,1,0.0,0,0,0,1,147,15,0,7.08,0,1,0,0,0,0,0,0,401.5,0.0,0,14,8,8,8,23,52.27,0,22,16,72.73,11,31,44,24,80,55.17,24,219,86,305,92.0,22,2,531,35,1,0,Gessime Yassine,USL Dunkerque,1638338,6918
66,32,26.89,223,47,46.08,394,244,638,76.68,16,57.14,12,25,3,0,0,1,90,10,2,8,1,9,25,0,0,16,20,100,0,0,,,31,2,13.89,0,5,8,16,14,2,3,2,,74,45.68,0,0,0,194,11,41,0,15,1395,1,2.0,0,0,3,0,66.67,0,2,0,0,376,8,0,7.07,0,5,0,0,0,0,0,0,279.0,28.57,7,10,26,10,18,19,42.22,0,18,12,66.67,41,120,45,119,90,47.37,102,563,269,832,176.8,36,4,1237,37,3,0,Teji Savanier,Montpellier,156682,1642
25,0,0.0,85,41,47.13,263,447,710,88.64,31,62.0,19,15,0,0,0,0,45,0,1,4,5,76,14,0,0,2,8,43,0,1,,,13,0,0.0,9,0,0,15,12,3,0,0,,46,65.71,0,0,1,91,14,3,0,13,1176,0,6.0,0,0,0,1,0.0,0,0,0,0,117,0,0,7.07,0,0,0,0,0,0,0,0,0.0,0.0,0,7,6,5,4,6,85.71,0,21,15,71.43,3,57,7,3,77,64.17,87,326,475,801,99.0,13,0,1033,19,4,0,N'Tamon Elie Ahouonon,Stade de Reims,1495554,1682
34,1,10.0,45,56,56.0,163,291,454,82.85,3,17.65,14,11,0,0,0,0,51,1,0,2,4,19,11,0,0,2,8,39,0,1,,,14,0,0.0,0,0,0,10,8,2,0,0,,42,62.69,0,0,0,94,17,2,0,10,902,0,6.0,0,0,0,0,0.0,0,0,0,0,123,1,0,7.06,0,0,0,0,0,0,0,0,0.0,0.0,0,0,6,4,0,3,75.0,0,28,21,75.0,2,58,4,10,45,53.57,100,212,336,548,77.7,6,1,718,11,2,0,Noa Boissé,Le Mans,2009974,1672
42,24,40.0,122,51,53.13,231,179,410,78.24,12,38.71,19,13,0,0,0,0,37,3,0,3,1,9,13,0,0,3,14,51,0,0,,,12,0,7.14,0,1,1,14,14,0,0,1,,27,45.76,0,0,0,114,12,27,0,12,958,1,1.0,0,0,0,0,0.0,0,0,0,0,170,0,0,7.06,0,1,0,0,0,0,0,0,958.0,0.0,3,1,13,8,3,4,57.14,0,11,5,45.45,27,83,7,60,39,43.33,96,318,206,524,91.8,14,1,700,13,3,0,Jérémy Gélin,Nancy,818413,1675
78,1,100.0,64,105,51.98,178,723,901,85.32,59,68.6,27,26,0,0,0,0,77,0,2,3,5,174,26,0,0,1,12,57,0,0,,,19,0,6.67,1,1,1,25,20,5,1,0,,49,62.03,1,0,1,155,18,1,0,23,2011,0,25.0,0,0,0,0,0.0,0,0,0,0,164,0,0,7.06,0,0,0,0,0,0,0,0,2011.0,0.0,0,12,3,4,8,1,100.0,0,22,15,68.18,1,135,1,1,108,65.45,202,287,769,1056,183.6,15,2,1390,32,6,0,Clément Vidal,Grenoble Foot 38,940993,1671
62,4,44.44,288,94,66.2,620,600,1220,86.59,26,42.62,35,31,2,0,0,0,189,4,2,6,11,42,31,0,1,15,13,103,1,1,,,26,0,7.89,0,3,5,29,27,2,3,0,,77,53.1,0,0,0,189,27,26,1,31,2714,1,11.0,0,1,0,0,0.0,0,0,0,0,278,11,0,7.06,1,2,0,0,0,0,0,0,904.67,0.0,0,16,22,19,13,18,51.43,0,30,20,66.67,25,102,35,9,103,50.0,142,753,656,1409,218.9,38,0,1791,29,2,0,Mouhamed Diop,Troyes,1141091,1652
66,43,30.71,339,57,59.38,631,576,1207,88.42,9,42.86,12,33,6,0,0,0,104,11,3,19,2,26,33,0,0,21,23,89,0,0,,,14,0,15.79,1,9,15,38,33,5,8,1,,67,46.53,0,0,1,158,30,63,1,33,2869,1,2.0,0,0,0,0,0.0,0,0,0,0,355,13,0,7.06,0,8,0,0,0,0,0,0,318.78,0.0,7,33,24,18,20,18,48.65,0,29,19,65.52,63,100,37,140,76,46.06,96,756,609,1365,233.0,57,5,1849,20,1,0,Enzo Bardeli,USL Dunkerque,996974,6918
41,1,14.29,102,41,40.59,243,537,780,83.33,88,77.88,25,25,1,0,0,0,92,1,0,2,8,109,25,0,0,4,8,62,0,3,,,18,0,30.77,0,4,5,22,17,5,4,0,,33,47.14,1,0,0,156,13,6,0,23,1982,0,6.0,0,1,0,0,0.0,0,0,0,0,217,1,0,7.06,0,3,0,0,0,0,0,0,495.5,0.0,0,13,0,6,5,5,41.67,0,14,10,71.43,5,98,12,7,121,66.12,101,345,591,936,176.5,13,4,1240,15,1,0,Francois Lajugie,Annecy FC,795507,210894
21,16,22.86,113,19,41.3,196,164,360,78.95,3,30.0,7,17,2,0,0,0,26,5,1,4,0,6,17,0,0,11,13,63,0,0,,,9,0,14.29,0,3,5,26,24,2,1,2,,53,48.62,0,0,1,96,6,16,3,11,976,1,0.0,0,0,0,0,0.0,0,0,0,0,213,1,0,7.05,0,0,0,0,0,0,0,0,325.33,0.0,1,12,9,11,6,22,48.89,0,10,6,60.0,16,49,45,70,56,47.06,46,271,185,456,119.9,21,2,700,22,1,0,Nordine Kandil,Amiens SC,1137670,1676
70,0,0.0,24,205,40.67,105,664,769,71.14,14,100.0,0,31,0,0,0,0,273,0,0,0,13,25,31,0,0,0,1,1,0,4,,,0,0,0.0,160,0,0,33,28,5,0,0,,16,94.12,0,37,0,312,0,2,0,31,2790,0,0.0,0,0,0,0,0.0,2,0,0,0,326,0,9,7.05,0,0,9,55,37,92,0,17,0.0,0.0,0,0,0,0,0,1,100.0,9,1,1,100.0,2,100,1,0,30,96.77,504,310,771,1081,218.6,0,3,1440,18,3,0,Gaetan Poussin,Red Star FC,826216,52874
65,0,0.0,172,135,84.91,509,677,1186,93.53,44,63.77,25,25,2,0,0,0,102,1,1,4,7,54,25,0,1,8,16,100,0,1,,,44,0,8.33,11,1,3,34,30,4,0,1,,103,57.87,0,0,1,82,24,10,0,25,2098,1,4.0,0,0,0,1,0.0,0,0,0,0,132,3,0,7.05,1,1,0,0,0,0,0,0,2098.0,0.0,1,5,7,5,3,12,52.17,0,42,30,71.43,10,83,23,0,147,59.51,159,556,712,1268,176.2,12,2,1571,50,12,0,Daylam Meddah,Pau FC,989831,1685
43,0,0.0,154,67,42.68,563,1350,1913,90.84,62,67.39,30,34,0,0,0,0,117,0,0,2,11,134,34,0,0,8,7,75,0,0,,,32,0,18.18,57,2,2,38,32,6,2,0,,96,68.09,1,0,0,193,37,4,0,33,2889,1,19.0,0,0,0,1,0.0,0,0,0,0,222,0,0,7.04,0,1,0,0,0,0,0,0,1444.5,0.0,0,11,0,6,3,7,87.5,0,53,28,52.83,4,104,8,0,158,67.81,157,689,1417,2106,239.2,11,1,2506,37,2,0,Mickaël Nadé,Saint-Étienne,865847,1678
13,19,18.1,222,20,71.43,321,131,452,78.07,5,16.67,25,30,2,0,0,0,68,4,3,14,2,3,30,0,0,38,19,135,0,0,,,15,0,19.57,0,9,11,39,33,6,8,1,,90,45.0,0,0,2,127,11,34,8,27,2150,9,0.0,0,1,1,0,100.0,0,1,0,1,358,13,0,7.03,0,1,0,0,0,0,0,0,238.89,0.0,2,24,22,13,19,21,35.0,0,27,15,55.56,33,30,60,105,95,41.3,28,427,152,579,210.9,46,5,1029,42,1,0,Giovani Versini,Pau FC,1471104,1685
43,22,29.33,284,70,56.91,630,868,1498,87.65,45,62.5,27,31,1,0,0,0,150,2,1,2,4,70,31,0,0,14,16,91,2,3,,,28,0,0.0,0,0,1,31,27,4,0,0,,124,65.96,0,0,0,211,36,32,0,30,2626,0,8.0,0,1,0,0,0.0,0,0,0,0,331,9,0,7.03,0,0,0,0,0,0,0,0,0.0,0.0,0,4,3,3,2,19,70.37,0,65,41,63.08,31,85,27,75,169,65.0,123,764,945,1709,217.9,7,0,2322,40,2,0,Alec Georgen,USL Dunkerque,802134,6918
44,0,0.0,236,44,50.57,477,391,868,76.41,130,80.25,32,29,2,0,0,0,101,4,3,3,2,42,29,0,0,16,9,119,1,1,,,53,0,8.33,0,2,4,30,28,2,2,0,,99,53.23,1,0,0,268,21,16,1,23,1970,2,5.0,0,0,0,0,0.0,0,0,0,0,331,13,0,7.03,0,0,0,0,0,0,0,0,985.0,0.0,0,17,7,11,10,16,61.54,0,33,26,78.79,16,83,26,5,229,65.8,87,689,447,1136,203.8,24,2,1452,51,9,0,Kalidou Sidibé,Guingamp,960079,1654
12,4,57.14,157,13,54.17,432,452,884,92.47,5,50.0,5,19,3,0,0,0,88,3,0,5,6,14,19,0,0,19,21,91,0,1,,,34,0,7.69,0,1,4,17,14,3,1,0,,95,52.49,0,0,0,72,16,19,1,17,1409,0,3.0,0,0,0,0,0.0,0,0,0,1,146,8,0,7.03,0,0,0,0,0,0,0,0,1409.0,0.0,0,1,12,6,2,17,54.84,0,53,34,64.15,19,21,31,7,100,52.36,24,488,468,956,133.5,13,1,1224,25,5,0,Mahmoud Jaber,Saint-Étienne,905041,1678
25,1,20.0,66,56,50.91,253,505,758,86.04,42,65.63,22,18,0,0,0,0,58,0,1,1,3,89,18,0,0,5,9,56,1,1,,,21,0,11.11,4,1,1,24,21,3,1,0,,56,62.22,1,0,1,123,22,1,0,17,1535,0,16.0,0,0,0,0,0.0,0,0,0,0,152,0,0,7.02,0,0,0,0,0,0,0,0,1535.0,0.0,0,9,0,6,2,4,66.67,0,34,19,55.88,1,56,6,5,98,63.64,110,335,546,881,126.4,9,1,1169,18,2,0,Stone Muzalimoja Mambo,Grenoble Foot 38,984015,1671
20,17,25.0,251,12,35.29,380,145,525,73.12,14,45.16,17,33,6,0,0,0,81,11,8,5,2,27,32,0,0,19,21,95,0,0,,,15,0,15.91,0,7,13,26,22,4,7,0,,66,45.83,0,0,1,193,7,49,1,22,2002,13,1.0,0,0,0,0,0.0,0,0,0,1,368,14,0,7.02,0,6,0,0,0,0,0,0,286.0,0.0,0,33,11,24,15,19,45.24,0,27,19,70.37,49,44,42,68,80,45.71,34,549,169,718,224.7,44,2,1143,21,3,0,Irvin Cardona,Saint-Étienne,605552,1678
35,11,18.33,263,30,52.63,397,196,593,79.28,15,42.86,20,26,3,0,0,0,102,6,2,6,6,19,25,0,0,26,8,97,0,0,,,13,0,15.38,0,4,7,18,16,2,3,1,,84,52.17,0,0,1,155,28,33,3,22,2000,2,2.0,0,0,0,0,0.0,0,0,0,0,317,14,0,7.02,0,1,0,0,0,0,0,0,500.0,0.0,3,14,12,10,10,23,41.82,0,28,14,50.0,33,64,55,60,99,50.51,57,526,222,748,175.5,26,1,1167,33,1,0,Merwan Ifnaoui,Troyes,1528107,1652
5,0,0.0,4,18,26.87,14,45,59,53.64,1,100.0,0,5,0,0,0,0,40,0,0,0,2,9,5,0,0,0,0,0,0,0,,,0,0,0.0,22,0,0,4,3,1,0,0,,1,100.0,0,2,0,51,0,0,0,5,450,0,0.0,0,0,0,0,0.0,0,0,0,0,51,0,3,7.02,0,0,6,9,5,14,0,2,0.0,0.0,0,0,0,0,0,0,0.0,5,1,1,100.0,0,9,0,0,2,100.0,67,53,57,110,35.1,0,1,158,0,0,0,Thomas Callens,Annecy FC,941664,210894
13,2,8.33,123,10,47.62,172,64,236,74.92,19,48.72,20,17,1,0,0,0,57,3,5,9,4,9,17,0,0,24,6,93,0,0,,,16,0,9.52,0,4,5,8,8,0,4,0,,76,51.01,0,0,3,79,16,11,0,12,1087,6,0.0,0,1,0,0,0.0,0,0,0,0,203,14,0,7.02,0,4,0,0,0,0,0,0,271.75,0.0,0,22,20,19,14,25,45.45,0,26,13,50.0,10,16,55,24,95,50.53,21,229,86,315,119.3,42,1,637,25,3,0,Jaures Assoumou,Troyes,1514452,1652
35,0,0.0,203,58,65.91,483,462,945,87.42,40,62.5,24,26,0,0,0,0,98,1,1,2,7,42,25,0,0,15,15,98,0,2,,,36,0,25.0,1,3,3,18,15,3,3,0,,69,48.25,1,0,0,136,25,8,2,20,1783,0,8.0,0,0,0,1,0.0,0,0,0,0,192,7,0,7.02,0,0,0,0,0,0,0,0,594.33,0.0,0,10,2,6,4,17,62.96,0,34,18,52.94,8,54,27,2,109,52.66,88,574,507,1081,175.4,12,1,1355,18,10,0,Mory Gbane,Stade de Reims,1003400,1682
90,1,25.0,135,135,54.66,410,1079,1489,89.81,36,57.14,27,27,1,0,0,0,102,0,0,5,8,125,27,0,0,3,8,56,0,1,,,17,0,10.0,47,1,2,42,36,6,1,0,,52,64.2,1,0,0,169,21,5,0,27,2350,1,12.0,1,0,0,1,0.0,0,0,0,0,192,0,0,7.01,0,0,0,0,0,0,0,0,2350.0,0.0,0,7,3,2,3,6,75.0,0,33,24,72.73,5,162,8,4,88,61.11,247,526,1132,1658,189.2,10,5,1943,13,4,0,Jean Ruiz,Pau FC,802139,1685
12,2,18.18,174,20,57.14,271,140,411,76.82,37,49.33,38,33,1,0,0,0,80,2,9,11,3,24,33,0,1,16,19,130,0,0,,,31,1,15.52,0,9,10,27,22,5,5,4,,106,53.54,1,0,1,124,16,23,1,25,2210,28,5.0,0,0,0,0,0.0,0,0,0,2,246,11,0,7.0,1,7,0,0,0,0,0,0,245.56,25.0,4,43,15,20,27,28,50.91,0,34,21,61.76,23,25,55,11,143,52.38,35,375,160,535,231.1,58,5,954,44,2,0,Yadaly Diaby,Grenoble Foot 38,1102099,1671
1,0,0.0,2,1,100.0,5,10,15,100.0,0,0.0,1,1,0,0,0,0,7,0,0,0,0,0,1,0,0,1,0,2,0,0,,,0,0,0.0,0,0,0,1,1,0,0,0,,5,83.33,0,0,0,0,0,0,0,0,35,0,0.0,0,0,0,0,0.0,0,0,0,0,1,1,0,7.0,0,0,0,0,0,0,0,0,0.0,0.0,0,0,0,0,0,1,100.0,0,1,0,0.0,0,1,1,0,5,71.43,1,5,10,15,7.0,0,0,23,3,0,0,Titouan Nihouarn,Pau FC,2115266,1685
4,0,0.0,0,10,37.04,6,26,32,65.31,0,0.0,0,2,0,0,0,0,13,0,0,0,1,1,2,0,0,0,0,0,1,0,,,0,0,0.0,16,0,0,3,3,0,0,0,,0,0.0,0,0,0,17,0,0,0,2,180,0,0.0,0,0,0,0,0.0,0,0,0,0,17,0,0,7.0,0,0,1,4,3,7,0,2,0.0,0.0,0,0,0,0,0,0,0.0,0,0,0,0.0,0,5,0,0,0,0.0,27,21,28,49,14.0,0,0,64,0,0,0,Zacharie Boucher,Troyes,122797,1652
35,5,21.74,118,94,49.21,327,752,1079,85.91,13,48.15,14,20,4,0,0,0,64,4,1,3,5,80,20,0,0,2,10,49,1,0,,,18,0,8.33,22,1,5,20,18,2,1,0,,42,54.55,1,0,1,177,24,12,0,17,1584,0,4.0,0,0,0,0,0.0,0,0,0,0,252,4,0,7.0,0,0,0,0,0,0,0,0,1584.0,0.0,0,8,4,7,2,9,60.0,0,23,18,78.26,12,91,15,23,55,52.88,191,448,808,1256,139.9,12,1,1592,11,4,0,Geoffrey Kondo,USL Dunkerque,1397885,6918
24,21,29.17,361,23,71.88,543,145,688,83.39,6,30.0,14,33,5,0,0,0,97,9,4,18,1,7,32,0,0,37,19,159,0,1,,,31,0,5.56,0,3,8,25,23,2,2,1,,103,41.53,0,0,2,137,10,45,1,23,1989,17,1.0,0,0,0,0,0.0,0,0,0,0,358,19,0,6.99,0,2,0,0,0,0,0,0,663.0,0.0,3,36,18,18,18,44,42.72,0,20,11,55.0,45,41,103,72,109,40.67,32,663,162,825,223.7,54,6,1319,39,4,0,Mathys Detourbet,Troyes,1823956,1652
27,0,0.0,71,39,33.33,158,304,462,77.52,41,53.95,35,19,0,0,0,0,82,0,1,1,4,63,18,0,0,4,11,70,0,0,,,16,0,0.0,0,0,0,13,10,3,0,0,,54,60.67,0,0,0,134,24,4,0,13,1230,0,10.0,0,0,0,0,0.0,0,0,0,0,219,1,0,6.99,0,0,0,0,0,0,0,0,0.0,0.0,0,1,3,3,0,2,33.33,0,43,28,65.12,4,73,6,4,95,57.58,117,256,340,596,125.8,4,0,951,9,2,0,Loni Laurent,Rodez AF,1536432,6925
14,0,0.0,90,26,48.15,293,524,817,92.42,22,53.66,19,14,0,0,0,0,39,0,0,0,4,52,14,0,0,3,4,32,0,0,,,9,0,0.0,3,0,0,11,9,2,0,0,,15,53.57,0,0,0,67,9,3,0,12,1046,0,6.0,0,0,0,1,0.0,0,0,0,0,78,0,0,6.99,0,0,0,0,0,0,0,0,0.0,0.0,0,4,0,4,0,1,100.0,0,4,2,50.0,3,30,1,0,37,53.62,54,337,547,884,97.8,4,0,1007,11,1,0,Chico Lamba,Saint-Étienne,1153110,1678
32,0,0.0,26,44,56.41,109,263,372,85.71,19,61.29,12,12,0,0,0,0,51,0,2,1,2,50,12,0,0,0,3,23,0,0,,,8,0,20.0,10,1,1,11,9,2,1,0,,27,71.05,1,0,1,62,7,1,0,10,905,1,7.0,0,0,0,2,0.0,0,0,0,0,69,0,0,6.98,0,0,0,0,0,0,0,0,905.0,0.0,0,5,0,1,3,3,75.0,0,12,8,66.67,1,57,4,0,46,66.67,78,155,279,434,83.7,5,0,556,12,2,0,Saïdou Sow,Clermont Foot,1063237,1680
43,2,40.0,139,69,73.4,299,313,612,83.84,48,68.57,22,23,1,0,0,0,75,3,0,3,1,34,23,0,0,6,15,76,0,0,,,30,0,7.69,0,1,2,21,20,1,1,0,,58,51.79,1,0,0,118,9,10,0,17,1571,2,6.0,0,0,0,0,0.0,0,0,0,0,154,4,0,6.97,0,0,0,0,0,0,0,0,1571.0,0.0,1,5,8,5,5,5,62.5,0,20,10,50.0,10,66,8,5,106,58.24,94,384,346,730,160.4,13,2,936,33,5,0,Titouan Thomas,Stade Lavallois,966620,1673
70,8,19.05,210,97,32.12,457,643,1100,77.36,36,42.86,48,34,1,0,0,0,142,3,0,3,7,164,34,0,0,5,24,106,0,2,,,19,0,11.76,27,2,3,39,32,7,2,0,,100,63.29,1,0,0,322,56,13,0,34,3060,2,18.0,0,0,0,2,0.0,0,0,0,0,435,6,0,6.97,0,1,0,0,0,0,0,0,1530.0,0.0,1,11,6,8,6,10,45.45,0,58,36,62.07,13,198,22,42,136,56.2,302,696,726,1422,237.1,17,1,2077,34,2,0,Raphaël Lipinski,Rodez AF,1468761,6925
1,0,0.0,29,1,100.0,40,21,61,79.22,3,50.0,3,7,1,0,0,0,13,2,0,2,0,4,7,0,0,4,2,15,0,0,,,3,0,25.0,0,1,2,0,0,0,1,0,,18,60.0,0,0,0,16,3,6,1,2,218,0,0.0,0,0,0,0,0.0,0,0,0,0,37,0,0,6.97,0,0,0,0,0,0,0,0,218.0,0.0,0,3,1,1,1,3,50.0,0,8,5,62.5,6,1,6,6,21,58.33,1,53,24,77,48.8,4,1,132,7,0,0,Axel Gueguin,Montpellier,1195635,1642
12,47,29.94,203,12,44.44,338,182,520,80.87,11,23.4,36,30,5,0,0,0,103,8,3,14,3,6,30,0,0,34,12,142,0,0,,,40,0,9.76,0,4,9,19,18,1,4,0,,140,56.91,0,0,0,123,15,38,3,26,2191,5,2.0,0,0,0,0,0.0,0,0,0,2,353,19,0,6.97,0,1,0,0,0,0,0,0,547.75,0.0,0,27,14,13,14,31,58.49,0,48,24,50.0,38,28,53,157,151,51.54,27,442,201,643,209.1,41,3,1191,61,5,0,Nathanaël Mbuku,Montpellier,963399,1642
1,1,33.33,24,3,50.0,50,26,76,71.7,4,19.05,17,12,2,0,0,0,14,1,2,1,0,1,12,0,0,2,3,29,0,0,,,7,0,29.41,0,5,7,6,5,1,5,0,,19,61.29,1,0,0,30,1,3,3,7,528,4,0.0,0,0,0,0,0.0,0,0,0,0,53,3,0,6.97,0,1,0,0,0,0,0,0,105.6,0.0,0,13,4,6,10,5,71.43,0,7,2,28.57,3,6,7,3,23,44.23,6,79,27,106,83.6,17,2,192,7,0,0,Moïse Sahi Dion,Annecy FC,1113031,210894
11,13,21.67,138,13,54.17,171,55,226,79.86,0,0.0,6,12,2,0,0,0,30,5,1,6,2,2,12,0,0,9,3,44,0,0,,,6,0,0.0,0,0,2,7,7,0,0,0,,32,45.71,0,0,1,57,4,18,0,6,634,0,0.0,0,0,0,0,0.0,0,0,0,0,160,8,0,6.97,0,0,0,0,0,0,0,0,0.0,0.0,1,12,4,7,3,14,41.18,0,10,7,70.0,18,25,34,60,32,42.11,24,220,63,283,83.6,16,0,487,8,0,0,Yassine Benhattab,Stade de Reims,1049528,1682
25,4,20.0,417,28,70.0,639,229,868,84.44,23,33.33,46,32,10,0,0,0,138,12,9,10,3,23,32,0,1,32,21,185,0,1,,,65,0,27.03,0,10,20,26,25,1,10,0,,98,41.35,3,0,0,160,19,62,0,30,2437,6,4.0,0,0,0,0,0.0,0,0,0,1,285,28,0,6.97,1,7,0,0,0,0,0,0,243.7,0.0,0,31,6,7,20,24,43.64,0,50,28,56.0,62,39,55,20,121,39.54,40,770,258,1028,222.9,37,5,1440,25,4,0,Martin Adeline,Troyes,1158529,1652
47,0,0.0,63,77,48.13,177,400,577,81.73,62,68.89,28,24,0,0,0,0,58,1,1,2,3,150,23,0,2,1,11,64,1,0,,,24,0,27.27,12,6,6,26,25,1,6,0,,31,46.27,5,0,0,129,19,6,0,22,1865,2,19.0,0,0,0,2,0.0,0,0,0,0,140,0,0,6.97,2,1,0,0,0,0,0,0,310.83,0.0,0,20,2,10,10,1,100.0,0,19,11,57.89,6,104,1,0,93,59.24,160,283,423,706,160.2,22,4,1009,11,5,0,Nicolas Saint-Ruf,Nancy,181985,1675
6,0,0.0,23,21,33.87,72,144,216,77.7,12,60.0,8,8,0,0,0,0,21,0,0,0,3,50,8,0,0,1,3,15,0,0,,,2,0,0.0,0,0,0,10,10,0,0,0,,15,68.18,0,0,0,62,6,1,0,7,644,0,12.0,0,0,0,0,0.0,0,0,0,0,64,0,0,6.96,0,0,0,0,0,0,0,0,0.0,0.0,0,2,0,1,1,1,50.0,0,9,7,77.78,1,25,2,0,27,64.29,62,121,157,278,55.7,2,1,380,5,1,0,Sidi Bane,Stade Lavallois,1211830,1673
31,15,20.0,210,24,55.81,326,185,511,77.9,16,33.33,32,30,3,0,0,0,125,6,4,9,1,8,29,0,0,42,19,138,0,0,,,21,0,10.64,0,5,8,37,36,1,5,0,,109,50.7,0,0,1,145,6,30,0,26,2222,10,0.0,0,0,1,1,100.0,0,1,0,2,371,11,0,6.96,0,5,0,0,0,0,0,0,444.4,0.0,0,32,15,19,19,25,48.08,0,24,15,62.5,30,55,52,75,125,47.53,43,444,212,656,201.9,47,4,1143,60,2,0,Zakaria Fdaouch,Nancy,1397879,1675
81,0,0.0,32,168,57.53,91,688,779,85.89,3,100.0,0,21,0,0,0,0,164,0,0,0,5,15,21,0,0,0,2,3,0,0,,,1,0,0.0,115,0,0,30,29,1,0,0,,3,50.0,0,7,0,128,0,0,0,21,1888,0,0.0,0,0,0,0,0.0,5,0,0,0,128,0,6,6.96,0,0,15,33,25,58,2,12,0.0,0.0,0,0,0,0,0,0,0.0,13,1,1,100.0,0,112,0,0,6,66.67,292,184,723,907,146.1,0,3,1066,2,1,0,Adrián Ortolá,Guingamp,110778,1654
162,8,17.39,199,170,52.96,456,653,1109,79.16,39,46.99,44,31,2,0,1,0,99,3,2,4,2,84,31,0,0,9,21,124,0,5,,,43,0,8.0,0,2,4,41,35,6,2,0,,116,59.18,0,0,1,292,20,24,2,24,2204,3,13.0,0,1,2,3,50.0,0,1,0,0,387,3,0,6.95,0,0,0,0,0,0,0,0,1102.0,0.0,4,10,15,9,12,9,50.0,0,48,32,66.67,23,298,18,46,155,55.56,321,646,755,1401,215.4,25,3,1831,60,11,0,Kylian Kaiboue,Amiens SC,940992,1676
57,13,40.63,168,53,62.35,293,230,523,81.46,9,42.86,12,18,1,0,0,0,76,3,1,7,4,17,18,0,0,10,18,65,0,1,,,17,0,4.17,0,1,2,21,20,1,1,0,,42,44.21,0,0,1,119,14,22,1,17,1531,2,0.0,0,1,0,0,0.0,0,0,0,1,198,6,0,6.94,0,0,0,0,0,0,0,0,1531.0,0.0,1,9,15,11,6,12,54.55,0,17,12,70.59,21,86,22,32,51,43.97,85,389,253,642,125.0,24,0,871,14,1,0,Theo Valls,Grenoble Foot 38,585170,1671
62,34,32.38,286,96,53.93,675,836,1511,88.0,29,72.5,11,30,1,0,0,0,109,6,0,1,8,85,30,0,0,18,9,79,1,1,,,21,0,0.0,3,0,1,37,34,3,0,0,,78,53.42,0,0,0,206,31,27,0,26,2411,1,6.0,0,0,0,1,0.0,0,0,0,0,365,5,0,6.94,0,0,0,0,0,0,0,0,0.0,0.0,1,0,4,3,0,13,39.39,0,27,18,66.67,27,106,33,105,107,57.53,178,821,896,1717,208.3,4,2,2363,38,6,0,Alpha Sissoko,Guingamp,942839,1654
42,2,50.0,118,79,39.9,333,686,1019,83.94,69,63.3,40,24,1,0,0,0,119,0,4,9,6,130,24,0,0,5,13,100,0,2,,,38,0,4.55,12,1,2,26,24,2,1,0,,71,54.2,1,0,1,195,34,8,0,22,1989,1,21.0,0,0,0,1,0.0,0,0,0,0,251,3,0,6.94,0,0,0,0,0,0,0,0,1989.0,0.0,2,17,5,9,4,7,41.18,0,35,18,51.43,8,110,17,4,140,58.33,198,459,755,1214,166.6,22,0,1664,31,10,0,Juan Guevara,Bastia,1175008,1655
8,5,22.73,135,10,76.92,200,70,270,80.36,3,25.0,9,15,0,0,0,0,38,2,0,3,1,1,15,0,0,15,5,47,0,0,,,9,0,31.25,0,5,5,12,11,1,5,0,,36,48.65,0,0,0,66,6,13,0,9,865,5,0.0,0,0,1,0,100.0,0,1,0,0,143,6,0,6.94,0,5,0,0,0,0,0,0,173.0,0.0,0,12,4,7,6,19,65.52,0,4,4,100.0,13,12,29,22,39,45.35,13,257,79,336,104.1,16,0,510,13,1,0,Mohamed Daramy,Stade de Reims,957279,1682
8,0,0.0,2,28,52.83,19,70,89,76.72,3,100.0,0,5,0,0,0,0,34,0,0,0,1,5,5,0,0,0,0,0,0,0,,,0,0,0.0,30,0,0,2,2,0,0,0,,1,100.0,0,4,0,27,0,0,0,3,376,0,0.0,0,0,0,0,0.0,0,0,0,0,28,0,1,6.94,0,0,1,6,3,9,0,1,0.0,0.0,0,0,0,0,0,0,0.0,1,0,0,0.0,0,14,0,0,4,100.0,53,38,78,116,34.7,0,0,163,1,0,0,Bobby Allain,Grenoble Foot 38,788021,1671
13,0,0.0,13,49,42.24,36,143,179,72.18,2,100.0,0,10,0,0,0,0,90,0,0,0,3,9,10,0,0,0,0,0,1,1,,,0,0,0.0,48,0,0,9,9,0,0,0,,3,100.0,0,8,0,69,0,0,0,10,848,0,0.0,0,0,0,0,0.0,0,0,0,0,70,0,3,6.94,0,0,9,14,9,24,0,8,0.0,0.0,0,0,0,0,0,0,0.0,9,0,0,0.0,0,15,0,0,5,100.0,116,94,154,248,69.4,0,0,347,4,3,0,Nicolas Lemaitre,Troyes,792630,1652
34,1,20.0,139,38,51.35,263,220,483,81.73,28,65.12,15,13,1,0,0,0,75,1,2,3,3,9,13,0,0,13,11,81,1,0,,,31,0,0.0,0,0,1,16,14,2,0,0,,73,52.52,0,0,0,108,10,7,0,12,1068,0,1.0,0,0,0,0,0.0,0,0,0,0,163,4,0,6.94,0,0,0,0,0,0,0,0,0.0,0.0,0,8,6,7,4,14,56.0,0,40,25,62.5,7,60,25,5,101,55.49,74,355,236,591,90.2,14,0,797,20,4,0,Balthazar Pierret,Red Star FC,1014651,52874
56,3,37.5,253,64,74.42,593,562,1155,90.02,22,48.89,23,27,1,0,0,0,127,1,1,5,6,30,27,0,1,19,17,112,1,2,,,32,0,11.76,0,2,3,37,31,6,2,0,,90,50.28,0,0,0,128,27,22,2,25,2130,0,5.0,0,0,0,0,0.0,0,0,0,0,212,10,0,6.94,1,0,0,0,0,0,0,0,1065.0,0.0,0,9,8,6,6,18,43.9,0,34,23,67.65,22,79,41,8,112,50.0,86,676,607,1283,187.3,17,1,1619,39,4,0,Steeve Beusnard,Pau FC,914739,1685
40,0,0.0,86,108,64.29,325,763,1088,92.28,17,50.0,17,20,0,0,0,0,54,0,1,3,3,96,20,0,0,0,9,35,0,0,,,11,0,0.0,24,0,0,30,25,5,0,0,,38,67.86,0,0,0,91,26,3,0,20,1682,0,16.0,0,0,0,0,0.0,0,0,0,0,95,3,0,6.94,0,0,0,0,0,0,0,0,0.0,0.0,1,9,3,7,2,0,0.0,0,20,11,55.0,3,82,0,3,55,61.11,168,393,786,1179,138.7,12,0,1402,19,5,0,Anthony Briançon,Pau FC,558522,1685
23,0,0.0,40,52,51.49,207,799,1006,89.66,69,66.99,34,23,1,0,0,0,65,0,2,1,7,109,23,0,1,2,3,66,0,2,,,30,0,22.22,22,2,3,14,14,0,2,0,,21,39.62,1,0,0,116,18,2,0,18,1662,0,16.0,1,0,0,1,0.0,0,0,0,0,128,1,0,6.93,1,1,0,0,0,0,0,0,831.0,0.0,0,9,0,4,4,0,0.0,0,14,12,85.71,2,51,1,0,90,57.69,101,291,831,1122,159.5,9,3,1342,8,3,0,Christopher Jullien,Montpellier,229598,1642
49,2,28.57,113,88,46.32,257,430,687,79.61,60,62.5,36,29,1,0,0,0,57,1,1,2,2,160,29,0,0,1,11,80,0,0,,,33,0,10.0,0,2,3,28,23,5,2,0,,50,53.19,1,0,0,176,29,2,1,22,2029,0,20.0,0,0,0,2,0.0,0,0,0,0,233,0,0,6.93,0,0,0,0,0,0,0,0,1014.5,0.0,0,19,1,10,8,4,100.0,0,28,17,60.71,2,105,4,7,110,57.89,190,386,477,863,201.0,20,2,1358,21,7,0,Clément Jolibois,Rodez AF,1912458,6925
8,0,0.0,2,13,27.08,8,74,82,68.33,0,0.0,0,4,0,0,0,0,33,0,0,0,3,1,4,0,0,0,0,0,0,0,,,0,0,0.0,25,0,0,1,1,0,0,0,,0,0.0,0,2,0,38,0,0,0,4,360,0,0.0,0,0,0,0,0.0,0,0,0,0,38,0,0,6.93,0,0,0,4,3,7,0,1,0.0,0.0,0,0,0,0,0,0,0.0,0,0,0,0.0,0,17,0,0,0,0.0,48,34,86,120,27.7,0,0,150,0,0,0,Brice Maubleu,Saint-Étienne,72818,1678
34,2,22.22,173,58,45.31,413,591,1004,83.46,41,59.42,28,33,0,0,0,0,154,1,1,5,8,90,33,0,0,10,21,119,0,0,,,42,0,0.0,0,0,0,39,35,4,0,0,,131,59.01,0,0,0,199,40,11,0,27,2464,1,5.0,0,0,0,0,0.0,0,0,0,0,268,6,0,6.92,0,0,0,0,0,0,0,0,0.0,0.0,0,5,4,0,4,11,36.67,0,57,27,47.37,11,66,30,9,172,59.11,128,544,659,1203,228.4,9,1,1630,65,7,0,Cyril Mandouki,Stade Lavallois,821461,1673
5,0,0.0,90,6,35.29,151,123,274,73.46,71,63.39,41,24,2,0,0,1,30,1,4,4,4,27,24,0,0,26,6,116,1,0,,,33,0,22.22,0,10,12,24,20,4,10,0,,48,39.02,2,0,2,99,4,15,1,19,1763,9,2.0,0,0,5,0,80.0,0,4,0,0,217,6,0,6.92,0,7,0,0,0,0,0,0,176.3,0.0,0,39,6,21,20,12,44.44,0,14,6,42.86,15,12,27,0,119,50.64,17,232,141,373,166.0,45,2,681,22,2,0,Famara Diédhiou,Clermont Foot,293115,1680
10,0,0.0,4,28,52.83,12,134,146,83.43,0,0.0,0,6,0,0,0,0,65,0,0,0,0,9,6,0,0,0,0,0,0,1,,,0,0,0.0,34,0,0,15,14,1,0,0,,0,0.0,0,3,0,29,0,0,0,6,540,0,0.0,0,0,0,0,0.0,1,0,0,0,31,0,6,6.92,0,0,1,17,12,29,0,7,0.0,0.0,0,0,0,0,0,0,0.0,1,0,0,0.0,0,17,0,0,0,0.0,53,31,144,175,41.5,0,1,268,0,0,0,Alexis Sauvage,Amiens SC,207666,1676
2,8,30.77,105,2,50.0,155,30,185,77.08,2,11.11,16,13,1,0,0,0,22,3,3,3,0,2,13,0,0,12,2,52,0,0,,,14,0,22.22,0,4,5,11,11,0,3,1,,21,36.84,0,0,1,55,4,17,2,10,868,10,0.0,0,0,0,0,0.0,0,0,0,0,117,2,0,6.92,0,2,0,0,0,0,0,0,217.0,0.0,0,13,5,6,9,11,55.0,0,6,6,100.0,17,8,20,26,23,30.67,4,203,37,240,89.9,18,1,383,4,1,0,Kandet Diawara,Troyes,1003316,1652
47,1,25.0,131,73,50.69,450,848,1298,89.39,19,50.0,19,28,0,0,0,0,140,2,0,1,2,105,26,0,0,6,10,65,2,1,,,24,0,28.57,12,2,2,36,32,4,2,0,,70,60.34,0,0,0,154,29,11,1,23,2177,0,13.0,0,0,0,1,0.0,0,0,0,0,188,1,0,6.92,0,1,0,0,0,1,0,0,1088.5,0.0,0,5,2,3,3,17,73.91,0,41,29,70.73,11,87,23,4,89,57.79,144,540,912,1452,179.8,7,2,1784,12,2,0,Ivan M'Bahia,Clermont Foot,1835698,1680
14,2,50.0,99,19,36.54,217,353,570,88.24,40,74.07,14,14,1,0,0,0,38,1,0,1,5,61,13,0,0,4,1,35,0,0,,,17,0,0.0,1,0,1,10,10,0,0,0,,31,59.62,0,0,0,76,13,3,0,12,1048,0,5.0,0,0,0,2,0.0,0,0,0,0,102,2,0,6.92,0,0,0,0,0,0,0,0,0.0,0.0,0,5,1,5,0,5,45.45,0,21,14,66.67,3,32,11,4,71,66.98,52,270,376,646,89.9,6,0,841,5,2,0,Sankhoun Diawara,Troyes,1899999,1652
23,35,24.82,113,36,50.7,230,263,493,75.85,10,52.63,9,31,4,0,0,0,130,9,3,7,4,43,31,0,0,17,16,100,1,1,,,18,0,7.41,0,2,6,24,21,3,2,0,,98,51.85,0,0,1,157,19,30,2,26,2318,1,1.0,0,3,0,0,0.0,0,0,0,0,402,7,0,6.91,0,0,0,0,0,0,0,0,1159.0,0.0,1,22,5,11,9,24,36.36,0,45,32,71.11,27,56,66,141,108,51.92,71,337,313,650,214.3,27,2,1280,29,3,0,Lucas Calodat,Le Mans,1089895,1672
5,6,23.08,73,7,43.75,104,45,149,62.61,21,34.43,40,32,3,0,0,0,54,6,15,10,4,32,32,0,0,22,8,133,0,0,,,38,0,21.21,0,14,17,31,27,4,14,0,,64,40.76,3,0,5,89,10,28,1,28,2414,40,0.0,0,0,2,0,100.0,0,2,0,2,253,16,0,6.91,0,10,0,0,0,0,0,0,172.43,0.0,0,62,4,24,32,18,40.0,0,5,4,80.0,28,12,45,26,85,38.99,16,187,51,238,221.2,66,2,627,41,8,0,Tairyk Arconte,Rodez AF,1105698,6925
11,2,16.67,121,20,37.04,262,426,688,85.79,21,56.76,16,18,0,0,0,0,68,1,1,2,6,71,18,0,0,11,10,72,0,0,,,24,0,16.67,0,2,2,15,12,3,2,0,,74,56.92,1,0,0,114,20,9,0,17,1512,1,4.0,0,0,0,0,0.0,0,0,0,0,187,2,0,6.91,0,1,0,0,0,0,0,0,756.0,0.0,0,12,0,6,4,12,52.17,0,39,31,79.49,9,34,23,12,95,56.89,54,350,452,802,124.3,12,3,1207,23,1,0,Kevin Pedro,Saint-Étienne,1894105,1678
29,9,15.25,141,34,53.97,293,216,509,78.55,11,47.83,12,27,2,0,0,0,86,4,0,3,0,8,25,0,0,25,26,118,0,0,,,27,0,33.33,0,2,4,26,24,2,2,0,,106,50.0,0,0,0,139,13,23,2,15,1358,1,2.0,0,0,0,0,0.0,0,0,0,0,294,9,0,6.9,0,0,0,0,0,0,0,0,679.0,0.0,0,4,2,1,2,25,46.3,0,39,26,66.67,23,66,54,59,117,49.79,63,400,248,648,172.6,6,1,1001,42,3,0,Rayan Lutin,Amiens SC,1218519,1676
78,33,32.35,207,81,45.0,409,388,797,75.76,28,51.85,26,31,2,0,0,0,114,3,0,2,4,37,31,0,0,10,30,126,0,0,,,49,0,0.0,0,0,2,21,18,3,0,0,,98,49.49,0,0,0,255,31,37,0,20,1877,1,14.0,0,0,0,0,0.0,0,0,0,0,378,6,0,6.9,0,0,0,0,0,0,0,0,0.0,0.0,0,2,5,4,1,6,33.33,0,77,37,48.05,37,144,18,102,126,50.0,180,608,444,1052,214.0,7,0,1475,16,13,0,Alexandre Lauray,Le Mans,981280,1672
14,34,35.05,129,8,50.0,215,118,333,79.29,15,41.67,21,26,2,1,0,0,57,5,1,6,1,1,26,0,0,30,6,99,0,0,,,27,1,11.11,0,3,5,20,17,3,1,2,,74,48.68,0,0,0,87,6,37,2,14,1339,2,0.0,0,0,1,1,0.0,0,0,0,1,260,19,0,6.9,0,1,0,0,0,0,0,0,446.33,16.67,6,11,16,11,10,17,48.57,0,18,13,72.22,37,24,35,97,89,47.34,16,286,134,420,179.4,27,2,801,39,1,0,Abdel Hbouch,Annecy FC,1011395,210894
1,0,0.0,4,5,62.5,11,36,47,92.16,0,0.0,1,1,0,0,0,0,3,0,0,0,0,3,1,0,0,0,0,1,0,0,,,0,0,0.0,0,0,0,0,0,0,0,0,,0,0.0,0,0,0,4,0,0,0,0,45,0,0.0,0,0,0,0,0.0,0,0,0,0,6,0,0,6.9,0,0,0,0,0,0,0,0,0.0,0.0,0,1,0,1,0,0,0.0,0,0,0,0.0,0,4,0,0,0,0.0,8,14,37,51,6.9,1,0,57,0,0,0,Mohamed Ali Diadié,Stade de Reims,1893086,1682
1,0,0.0,0,1,33.33,9,30,39,90.7,2,100.0,0,1,0,0,0,0,3,0,0,0,1,6,1,0,0,0,1,2,0,0,,,1,0,0.0,0,0,0,0,0,0,0,0,,0,0.0,0,0,0,4,2,0,0,1,90,0,0.0,0,0,0,0,0.0,0,0,0,0,4,0,0,6.9,0,0,0,0,0,0,0,0,0.0,0.0,0,0,0,0,0,0,0.0,0,0,0,0.0,0,2,0,0,2,50.0,3,12,31,43,6.9,0,0,54,0,0,0,Allan Tchaptchet,Grenoble Foot 38,991562,1671
0,1,50.0,3,0,0.0,4,1,5,83.33,0,0.0,0,2,0,0,0,0,1,1,0,1,0,0,2,0,0,1,0,3,0,0,,,2,0,0.0,0,0,0,0,0,0,0,0,,2,40.0,0,0,0,1,2,1,0,0,28,0,0.0,0,0,0,0,0.0,0,0,0,0,4,1,0,6.9,0,0,0,0,0,0,0,0,0.0,0.0,0,0,1,0,0,0,0.0,0,1,1,100.0,1,1,0,2,2,40.0,0,5,1,6,13.8,1,0,19,1,0,0,Oumar Diakité,Stade de Reims,1188191,1682
13,0,0.0,1,16,47.06,4,65,69,76.67,0,0.0,0,2,0,0,0,0,25,0,0,0,1,4,2,0,0,0,0,0,0,1,,,0,0,0.0,8,0,0,1,1,0,0,0,,1,100.0,0,1,0,21,0,0,0,2,180,0,0.0,0,0,0,0,0.0,0,0,0,0,23,0,0,6.9,0,0,6,4,1,5,0,0,0.0,0.0,0,0,0,0,0,0,0.0,6,0,0,0.0,0,18,0,0,1,100.0,34,15,75,90,13.8,0,0,114,1,0,0,Ewan Hatfout,Le Mans,1007935,1672
51,0,0.0,25,161,34.92,100,641,741,70.44,5,100.0,0,33,0,0,0,0,242,0,0,0,6,27,33,0,0,0,0,0,0,2,,,1,0,0.0,196,0,0,43,40,3,0,0,,10,100.0,0,37,0,311,0,3,0,33,2970,0,0.0,1,0,0,0,0.0,4,0,0,0,314,0,12,6.9,0,0,10,59,29,88,0,22,0.0,0.0,0,0,0,0,0,1,100.0,10,0,0,0.0,3,119,1,0,15,100.0,461,348,704,1052,227.6,0,2,1374,9,3,0,Théo Guivarch,Clermont Foot,803574,1680
18,1,5.0,214,10,58.82,330,140,470,79.53,15,37.5,25,31,8,0,0,0,45,6,10,13,7,4,31,0,0,34,13,114,0,0,,,22,0,14.29,0,11,19,27,23,4,9,2,,77,46.39,1,0,6,121,4,39,1,24,2236,10,3.0,0,0,0,0,0.0,0,0,0,2,280,13,0,6.9,0,9,0,0,0,0,0,0,203.27,0.0,0,58,19,30,34,31,58.49,0,16,9,56.25,39,33,53,20,92,44.66,17,425,166,591,213.8,77,4,959,30,2,0,Lucas Stassin,Saint-Étienne,1126521,1678
10,8,25.0,234,18,66.67,382,221,603,86.89,22,44.9,27,31,1,0,0,0,56,1,2,11,1,21,31,0,1,24,14,106,0,1,,,22,0,17.24,0,5,6,20,19,1,4,1,,92,53.8,0,0,2,91,17,18,1,20,1606,2,2.0,0,0,0,0,0.0,0,0,0,1,212,11,0,6.9,1,4,0,0,0,0,0,0,321.2,0.0,0,19,10,9,9,19,48.72,0,42,26,61.9,18,20,39,32,114,51.82,27,460,234,694,213.8,29,2,1028,31,4,0,Ange Tia,Stade de Reims,1542709,1682
78,1,12.5,116,124,46.1,324,529,853,78.98,25,55.56,20,25,0,0,0,0,94,2,0,0,5,106,25,0,0,2,22,67,1,0,,,24,0,50.0,18,1,1,21,18,3,1,0,,60,56.07,1,0,0,227,42,6,0,20,1757,0,13.0,0,0,0,1,0.0,0,0,0,0,288,3,0,6.9,1,0,0,0,0,0,0,0,1757.0,0.0,0,2,0,1,1,1,100.0,0,47,27,57.45,6,149,1,8,85,55.92,269,495,585,1080,172.4,2,4,1487,12,3,1,Harold Voyer,Le Mans,1389742,1672
7,3,13.04,103,5,71.43,171,53,224,76.45,6,37.5,10,19,4,0,0,0,43,6,3,5,0,6,19,0,0,9,9,74,0,0,,,19,0,25.0,0,5,9,14,13,1,5,0,,41,39.05,0,0,0,69,4,11,5,13,1064,12,0.0,0,0,0,0,0.0,0,0,0,0,160,6,0,6.89,0,0,0,0,0,0,0,0,212.8,0.0,0,19,1,6,9,16,37.21,0,16,12,75.0,11,10,43,23,47,38.84,7,228,65,293,131.0,20,1,498,9,1,0,Marco Essimi,USL Dunkerque,990092,6918
59,2,8.0,195,85,53.13,396,528,924,81.63,30,56.6,23,30,3,0,0,0,109,0,2,4,7,106,30,0,0,8,24,114,0,0,,,52,0,7.69,1,1,4,33,28,5,0,1,,95,51.08,0,0,0,208,39,14,0,29,2588,2,11.0,0,0,0,1,0.0,0,0,0,0,297,5,0,6.89,0,1,0,0,0,0,0,0,2588.0,0.0,0,6,7,5,4,7,46.67,0,60,33,55.0,14,105,15,25,125,52.3,160,559,573,1132,206.8,13,1,1704,28,9,0,Gaëtan Paquiez,Grenoble Foot 38,343955,1671
73,11,25.0,124,110,55.84,368,881,1249,88.14,39,53.42,34,30,1,0,0,0,117,1,1,1,9,66,30,0,0,7,22,104,1,1,,,35,0,14.29,24,1,2,29,25,4,1,0,,80,53.33,0,0,0,168,28,11,0,25,2298,0,8.0,0,1,0,0,0.0,0,0,0,0,247,6,0,6.89,0,1,0,0,0,0,0,0,2298.0,0.0,0,4,3,1,5,10,58.82,0,34,22,64.71,10,128,17,44,119,53.36,197,473,944,1417,206.7,7,3,1777,36,9,0,Bradley Danger,Red Star FC,802147,52874
36,1,50.0,68,64,49.23,271,821,1092,88.06,80,61.07,51,31,0,0,0,0,123,0,2,1,13,182,31,0,0,4,14,123,0,1,,,53,0,33.33,9,4,4,28,24,4,4,0,,69,48.94,3,0,0,148,34,2,1,31,2783,2,15.0,0,0,0,1,0.0,0,0,0,0,173,1,0,6.89,0,0,0,0,0,0,0,0,695.75,0.0,0,11,1,7,4,6,60.0,0,34,23,67.65,2,66,10,2,149,54.78,130,372,868,1240,213.5,12,1,1659,33,9,0,Samuel Yohou,Le Mans,805130,1672
19,1,8.33,75,25,65.79,168,242,410,84.89,11,47.83,12,15,1,0,0,0,70,3,1,4,2,13,15,0,0,2,15,50,0,2,,,14,0,9.09,0,1,2,9,8,1,0,1,,39,50.65,0,0,0,73,19,7,0,11,966,0,7.0,0,0,0,0,0.0,0,0,0,0,112,4,0,6.89,0,1,0,0,0,0,0,0,966.0,0.0,0,4,7,4,3,15,68.18,0,22,14,63.64,7,29,22,12,50,50.0,38,211,272,483,103.3,11,0,650,2,4,0,Lucas Bernadou,Grenoble Foot 38,997187,1671
6,0,0.0,30,7,46.67,59,64,123,87.86,5,55.56,4,8,0,0,0,0,10,0,0,1,0,7,7,0,0,0,1,8,0,0,,,2,0,33.33,0,1,1,4,4,0,1,0,,14,77.78,0,0,0,17,0,2,1,3,233,0,0.0,0,0,0,0,0.0,0,0,0,0,29,0,0,6.89,0,0,0,0,0,0,0,0,233.0,0.0,0,3,0,1,1,3,75.0,0,8,4,50.0,2,10,4,6,19,70.37,15,72,68,140,48.2,3,0,194,3,0,0,Maedine Makhloufi,USL Dunkerque,1894040,6918
25,2,28.57,79,26,68.42,167,205,372,83.04,5,31.25,11,12,1,0,0,0,45,2,2,0,4,6,12,0,0,5,6,51,0,0,,,23,0,20.0,0,2,3,8,7,1,2,0,,38,48.72,0,0,1,76,8,8,1,9,848,0,1.0,0,0,0,0,0.0,0,0,0,0,113,5,0,6.88,0,1,0,0,0,0,0,0,424.0,0.0,0,7,3,4,6,8,50.0,0,24,14,58.33,8,43,16,7,43,45.74,38,225,223,448,82.6,10,0,571,7,1,0,Lucas Bretelle,Le Mans,1389913,1672
7,0,0.0,26,20,64.52,59,80,139,83.73,1,20.0,4,6,0,0,0,0,24,0,0,0,0,1,6,0,0,6,0,18,0,0,,,4,0,0.0,0,0,0,3,2,1,0,0,,19,57.58,0,0,0,27,7,3,0,3,281,0,0.0,0,0,0,0,0.0,0,0,0,0,42,0,0,6.88,0,0,0,0,0,0,0,0,0.0,0.0,0,0,1,1,0,7,63.64,0,10,6,60.0,3,11,11,0,20,52.63,31,77,89,166,41.3,1,0,216,2,0,0,Lilian Raillot,US Boulogne Côte-d'Opale,1444691,1711
27,11,18.97,225,39,69.64,391,220,611,83.02,16,47.06,18,29,2,0,0,0,83,3,7,11,0,6,29,0,0,20,17,109,0,1,,,24,0,9.76,0,4,6,27,26,1,4,0,,85,48.3,1,0,1,125,10,24,2,23,1990,7,0.0,0,0,0,0,0.0,0,0,0,1,305,11,0,6.88,0,1,0,0,0,0,0,0,497.5,0.0,0,26,15,12,18,18,36.73,0,25,18,72.0,24,53,49,58,101,48.1,56,494,242,736,199.6,41,2,1122,43,1,0,Malik Sellouki,Stade Lavallois,1064307,1673
95,0,0.0,209,96,55.17,568,699,1267,83.74,62,60.78,40,34,2,0,0,0,207,3,0,7,11,49,34,0,0,22,18,131,0,2,,,41,0,5.26,0,1,3,38,30,8,0,1,,83,47.7,0,0,0,246,25,13,0,34,3008,0,9.0,0,1,0,1,0.0,0,0,0,0,308,15,0,6.88,0,1,0,0,0,0,0,0,3008.0,0.0,0,2,17,10,2,5,31.25,0,65,38,58.46,12,155,16,3,145,52.54,174,748,765,1513,234.0,19,1,1851,14,5,0,Ahmed Kashi,Annecy FC,51446,210894
19,0,0.0,89,23,37.7,358,704,1062,91.16,45,53.57,39,22,0,0,0,0,87,0,1,5,6,54,22,0,0,5,8,73,1,0,,,15,0,11.76,15,2,2,21,19,2,2,0,,39,53.42,1,0,0,103,10,5,0,22,1973,1,5.0,0,0,0,0,0.0,0,0,0,0,133,5,0,6.88,0,1,0,0,0,0,0,0,986.5,0.0,0,9,8,6,6,1,14.29,0,26,13,50.0,5,41,7,5,84,53.5,61,430,735,1165,151.3,17,2,1377,14,5,0,Bećir Omeragić,Montpellier,940918,1642
57,2,18.18,143,58,54.21,378,524,902,90.29,9,69.23,4,13,2,0,0,0,80,2,0,0,3,35,13,0,1,3,5,27,1,1,,,13,0,0.0,3,0,2,17,12,5,0,0,,26,53.06,0,0,0,97,9,12,0,12,1100,1,10.0,0,0,0,2,0.0,0,0,0,0,129,5,0,6.88,1,0,0,0,0,0,0,0,0.0,0.0,0,3,0,2,1,4,57.14,0,14,7,50.0,12,85,7,11,35,56.45,107,446,553,999,89.4,3,2,1190,8,2,0,Maxime Bernauer,Saint-Étienne,802137,1678
45,0,0.0,30,220,36.91,147,338,485,56.0,6,75.0,2,33,0,0,0,0,287,0,0,0,8,41,33,0,0,0,4,7,0,1,,,2,0,0.0,285,0,0,44,41,3,0,0,,9,64.29,0,23,0,381,0,0,0,33,2970,0,0.0,0,0,0,1,0.0,5,0,0,0,384,0,15,6.88,0,0,15,65,31,97,0,23,0.0,0.0,0,0,0,0,0,0,0.0,13,0,0,0.0,0,83,0,0,15,68.18,596,435,431,866,226.9,0,2,1169,10,4,0,Mamadou Samassa,Stade Lavallois,51473,1673
33,19,24.68,228,30,37.04,409,359,768,81.36,35,53.03,31,29,3,0,0,0,85,5,3,4,7,63,29,0,0,9,20,93,0,1,,,21,0,0.0,0,0,3,25,22,3,0,0,,78,55.71,0,0,1,176,21,35,0,26,2341,5,12.0,0,0,0,0,0.0,0,0,0,0,346,4,0,6.87,0,0,0,0,0,0,0,0,0.0,0.0,0,9,3,7,1,11,44.0,0,53,34,64.15,35,70,25,77,113,54.85,81,543,401,944,199.3,12,1,1571,14,3,0,Enzo Tchato Mbiayi,Montpellier,1103548,1642
45,17,22.08,142,55,56.7,214,165,379,74.31,4,36.36,7,21,0,0,0,0,57,3,4,2,1,9,21,0,0,8,11,40,0,0,,,3,0,4.35,0,1,1,14,12,2,1,0,,32,49.23,0,0,0,131,6,22,0,12,1000,4,0.0,0,0,1,0,100.0,0,1,0,2,231,7,0,6.87,0,1,0,0,0,0,0,0,1000.0,0.0,1,13,10,8,13,9,45.0,0,11,6,54.55,22,90,20,77,36,47.37,97,327,183,510,144.3,23,1,718,12,2,0,Julien Maggiotti,Stade Lavallois,1168618,1673
2,3,23.08,57,3,60.0,87,36,123,76.4,6,33.33,12,27,3,0,0,0,23,4,3,6,0,6,26,0,0,16,5,59,0,0,,,18,0,20.59,0,7,10,11,9,2,6,1,,49,51.04,0,0,0,38,0,8,1,7,838,2,0.0,0,0,0,0,0.0,0,0,0,0,114,8,0,6.87,0,6,0,0,0,0,0,0,119.71,0.0,0,26,8,10,18,10,43.48,0,12,6,50.0,8,3,23,13,55,48.25,5,120,41,161,178.6,34,3,356,27,1,0,Joshua Duffus,Saint-Étienne,1142323,1678
2,0,0.0,7,2,28.57,19,31,50,76.92,9,60.0,6,7,1,0,0,0,7,2,1,0,0,0,6,0,0,4,5,23,0,1,,,7,0,25.0,0,1,2,4,4,0,1,0,,9,34.62,0,0,0,15,2,2,1,2,176,0,0.0,0,0,0,0,0.0,0,0,0,0,28,1,0,6.87,0,0,0,0,0,0,0,0,176.0,0.0,0,4,0,1,3,2,66.67,0,4,3,75.0,2,5,3,0,18,43.9,7,27,38,65,41.2,4,1,105,3,1,0,Théna Massock,USL Dunkerque,2207801,6918
2,0,0.0,13,2,25.0,37,79,116,92.8,1,33.33,2,3,0,0,0,0,10,0,0,0,1,23,3,0,0,0,1,4,0,0,,,0,0,0.0,1,0,0,3,3,0,0,0,,9,81.82,0,0,0,9,2,1,0,2,231,0,1.0,0,0,0,0,0.0,0,0,0,0,11,0,0,6.87,0,0,0,0,0,0,0,0,0.0,0.0,0,0,0,0,0,1,50.0,0,7,6,85.71,1,2,2,0,10,71.43,8,42,83,125,20.6,0,0,168,1,0,0,Andy Pelmard,Clermont Foot,877978,1680
3,0,0.0,9,1,50.0,14,17,31,79.49,6,60.0,4,3,0,0,0,0,3,0,2,1,0,1,3,0,0,6,1,22,0,0,,,6,0,0.0,0,0,0,7,6,1,0,0,,7,28.0,0,0,0,8,0,1,0,3,263,2,1.0,0,1,0,0,0.0,0,0,0,0,29,1,0,6.87,0,0,0,0,0,0,0,0,0.0,0.0,0,3,2,1,3,2,28.57,0,1,1,100.0,0,4,7,1,13,37.14,2,22,17,39,20.6,5,0,81,4,1,0,Kay Tejan,USL Dunkerque,860158,6918
53,44,34.92,220,63,54.78,420,311,731,80.6,11,44.0,14,32,4,0,0,0,150,5,0,9,3,19,31,0,0,31,26,129,1,2,,,40,0,0.0,0,0,4,35,34,1,0,0,,131,53.25,0,0,0,176,43,45,0,26,2125,0,4.0,0,1,0,2,0.0,0,0,0,0,357,13,0,6.86,0,0,0,0,0,0,0,0,0.0,0.0,6,13,18,13,9,16,38.1,0,69,47,68.12,44,96,42,126,142,52.4,115,545,362,907,212.8,31,2,1420,47,5,0,Teddy Bouriaud,Nancy,827518,1675
40,1,14.29,53,56,37.84,154,417,571,79.2,46,60.53,30,19,0,0,0,0,60,0,2,4,4,103,19,0,1,2,9,63,0,0,,,22,0,6.67,1,1,1,23,20,3,1,0,,40,54.79,1,0,0,150,18,6,0,18,1570,1,14.0,0,0,0,0,0.0,0,0,0,0,208,3,0,6.86,1,0,0,0,0,0,0,0,1570.0,0.0,0,13,2,6,5,6,100.0,0,19,13,68.42,6,102,6,7,86,57.72,148,275,446,721,130.4,15,1,1035,17,7,0,Dominique Guidi,Bastia,940372,1655
23,6,37.5,87,23,36.51,208,297,505,81.72,17,58.62,12,19,1,0,0,0,68,1,1,1,0,36,19,0,0,4,15,52,0,0,,,12,0,0.0,1,0,1,9,9,0,0,0,,60,60.0,0,0,0,113,15,11,0,11,1075,1,3.0,0,0,0,0,0.0,0,0,0,0,200,5,0,6.86,0,0,0,0,0,0,0,0,0.0,0.0,0,1,5,3,2,12,54.55,0,37,20,54.05,11,60,22,16,77,59.69,63,288,330,618,130.4,6,0,943,11,5,0,Naoufel El Hannach,Montpellier,1489209,1642
52,2,28.57,198,75,59.06,468,518,986,85.74,26,56.52,20,27,1,0,0,0,123,4,3,6,2,44,27,0,0,21,26,107,0,3,,,26,0,3.45,0,1,2,33,29,4,1,0,,94,51.93,0,0,1,164,36,19,0,22,2124,6,1.0,0,0,0,0,0.0,0,0,0,0,256,8,0,6.86,0,1,0,0,0,0,0,0,2124.0,0.0,1,8,21,17,6,9,36.0,0,54,28,51.85,19,86,25,7,120,52.86,127,587,563,1150,185.3,29,1,1533,32,5,0,Abdellah Baallal,Clermont Foot,1410408,1680
94,1,20.0,167,96,64.43,442,638,1080,85.99,9,42.86,12,27,3,0,0,0,95,4,0,3,1,27,27,0,0,8,20,58,0,1,,,14,0,0.0,0,0,3,26,24,2,0,0,,56,54.9,0,0,0,176,23,13,0,20,1650,1,4.0,0,0,0,0,0.0,0,0,0,0,210,6,0,6.86,0,0,0,0,0,0,0,0,0.0,0.0,0,4,9,9,1,7,63.64,0,31,10,32.26,13,142,11,5,65,52.85,149,559,697,1256,185.3,13,0,1470,18,6,0,Johan Gastien,Clermont Foot,216222,1680
56,58,25.89,188,46,38.33,319,201,520,71.63,20,41.67,28,32,9,0,0,0,126,14,1,8,0,43,32,0,0,24,24,138,0,1,,,29,0,0.0,0,0,9,31,26,5,0,0,,92,45.54,0,0,1,206,35,56,0,30,2533,3,5.0,0,0,0,0,0.0,0,0,0,0,505,14,0,6.86,0,0,0,0,0,0,0,0,0.0,0.0,6,10,16,11,7,26,44.07,0,46,34,73.91,56,114,59,224,112,44.8,120,466,260,726,219.6,26,2,1541,20,5,0,Evan’s Jean-Lambert,Rodez AF,915451,6925
50,2,50.0,166,78,59.09,439,676,1115,88.77,17,47.22,19,28,1,0,0,0,132,0,0,10,4,53,28,0,1,14,41,127,1,1,,,43,0,0.0,0,0,1,52,46,6,0,0,,144,57.14,0,0,0,141,30,15,0,28,2407,0,13.0,0,0,0,1,0.0,0,0,0,0,196,7,0,6.86,2,0,0,0,0,0,0,0,0.0,0.0,0,4,20,10,4,22,66.67,0,90,60,66.67,15,85,33,4,161,55.9,132,532,724,1256,192.0,24,0,1686,32,7,1,Ibrahim Fofana,Amiens SC,1392802,1676
8,9,18.75,65,11,57.89,115,99,214,79.26,9,42.86,12,9,0,0,0,0,37,0,1,3,0,6,9,0,0,8,9,44,0,0,,,13,0,9.09,0,1,1,11,11,0,1,0,,35,52.24,0,0,0,56,4,11,1,8,682,0,0.0,0,0,0,0,0.0,0,0,0,0,118,7,0,6.86,0,0,0,0,0,0,0,0,682.0,0.0,1,5,6,3,5,2,50.0,0,22,11,50.0,11,15,4,48,44,50.0,19,160,110,270,61.7,11,0,418,11,1,0,Jean Vercruysse,Le Mans,976404,1672
16,16,20.25,217,14,56.0,331,165,496,81.58,13,37.14,22,30,1,0,0,0,131,5,1,8,5,17,29,0,0,32,16,157,0,1,,,28,0,10.0,0,4,5,21,18,3,4,0,,110,44.9,0,0,2,112,13,25,4,26,2332,4,1.0,0,0,0,0,0.0,0,0,0,1,363,22,0,6.86,0,0,0,0,0,0,0,0,583.0,0.0,1,25,15,17,15,34,36.56,0,34,21,61.76,25,33,93,79,123,43.93,25,422,186,608,198.8,40,2,1110,43,3,0,Nicolas Pays,Montpellier,1622129,1642
62,0,0.0,119,91,42.13,373,668,1041,82.29,76,53.15,67,33,0,0,0,0,98,0,2,5,7,261,33,0,0,1,18,121,0,4,,,35,0,7.14,5,1,1,38,32,6,1,0,,65,54.62,0,0,0,224,36,3,0,33,2970,1,28.0,1,0,0,1,0.0,0,0,0,0,248,1,0,6.85,0,1,0,0,0,0,0,0,2970.0,0.0,0,12,2,7,2,3,60.0,0,39,28,71.79,3,135,5,2,141,53.82,216,544,721,1265,226.2,14,0,1772,23,6,0,Mathis Magnin,Rodez AF,1066113,6925
18,10,25.64,70,28,73.68,180,204,384,84.77,15,62.5,9,13,2,0,0,0,29,4,2,8,2,11,13,0,0,7,5,40,0,1,,,12,0,6.9,0,2,4,22,20,2,1,1,,34,52.31,0,0,0,69,7,15,0,12,964,2,4.0,0,0,1,0,100.0,0,1,0,0,137,3,0,6.85,0,2,0,0,0,0,0,0,482.0,0.0,8,11,18,12,9,6,46.15,0,17,10,58.82,15,26,13,39,49,55.06,38,229,224,453,89.1,29,2,649,11,1,0,Julien Anziani,Pau FC,889143,1685
27,22,22.68,200,25,65.79,315,204,519,86.07,4,18.18,18,30,4,0,0,0,56,9,1,7,2,13,27,0,0,14,8,60,0,1,,,10,0,23.08,0,6,10,29,24,5,6,0,,33,44.0,1,0,1,84,0,37,0,18,1439,3,0.0,0,0,2,0,100.0,0,2,0,0,221,4,0,6.85,0,5,0,0,0,0,0,0,239.83,0.0,6,11,15,8,11,9,42.86,0,7,7,100.0,37,50,21,97,37,38.14,38,386,217,603,185.0,26,2,868,17,0,0,Antonin Bobichon,Pau FC,757730,1685
48,28,22.58,226,27,28.72,373,249,622,65.82,17,28.33,43,32,8,0,0,0,153,14,5,8,5,30,32,0,0,27,32,169,0,0,,,43,1,13.51,0,5,13,29,22,7,3,2,,92,42.2,0,0,2,323,28,44,5,31,2553,6,1.0,0,1,0,1,0.0,0,0,0,0,589,14,0,6.85,0,0,0,0,0,0,0,0,510.6,16.67,6,22,15,17,12,12,29.27,0,63,46,73.02,43,124,41,124,109,39.21,94,634,311,945,219.2,37,2,1572,19,8,0,Clement Billemaz,Annecy FC,932072,210894
26,1,50.0,47,53,55.79,174,498,672,86.6,25,60.98,16,24,0,0,0,0,61,0,1,2,5,72,23,0,0,2,8,49,0,1,,,22,0,16.67,41,1,1,11,10,1,1,0,,41,55.41,0,0,1,104,26,3,1,15,1415,0,3.0,0,0,0,0,0.0,0,0,0,0,139,0,0,6.85,0,0,0,0,0,0,0,0,1415.0,0.0,0,4,2,1,3,3,75.0,0,33,20,60.61,3,46,4,2,66,57.39,95,227,549,776,157.5,6,0,1039,5,4,0,Isaac Cossier,Le Mans,1936804,1672
37,0,0.0,34,152,33.55,101,323,424,58.32,6,100.0,0,23,1,0,0,0,206,2,0,0,8,16,23,0,0,0,2,3,2,1,,,1,0,0.0,131,0,1,24,22,2,0,0,,11,78.57,0,24,0,303,0,3,0,23,2070,0,0.0,0,0,0,1,0.0,6,0,2,0,305,0,6,6.85,0,0,17,39,11,50,0,7,0.0,0.0,0,0,0,0,0,2,100.0,15,1,1,100.0,3,71,2,0,17,85.0,453,364,363,727,157.5,0,1,927,8,2,0,Johny Placide,Bastia,37224,1655
6,1,16.67,92,6,46.15,158,85,243,58.41,121,49.59,123,28,3,0,0,0,41,5,8,7,0,11,28,0,0,16,5,186,0,0,,,37,0,18.92,0,7,10,17,13,4,7,0,,42,40.0,0,0,1,173,2,14,2,21,1576,12,0.0,0,0,1,0,100.0,0,1,0,0,254,14,0,6.85,0,5,0,0,0,0,0,0,225.14,0.0,0,31,6,9,21,5,35.71,0,11,8,72.73,14,13,14,6,163,46.7,13,318,98,416,191.7,37,0,657,30,2,0,Thibault Rambaud,Annecy FC,990093,210894
42,23,20.54,205,67,38.95,419,513,932,79.12,37,54.41,31,28,1,0,0,0,117,5,1,11,9,86,28,0,0,14,13,112,0,0,,,39,0,0.0,0,0,1,31,28,3,0,0,,133,62.15,0,0,0,246,53,29,0,27,2411,2,4.0,0,0,0,2,0.0,0,0,0,0,434,8,0,6.85,0,0,0,0,0,0,0,0,0.0,0.0,0,10,11,9,1,22,52.38,0,53,31,58.49,29,107,42,112,170,60.28,172,598,580,1178,191.7,21,0,1984,60,8,0,Zakaria Ariss,Bastia,1511915,1655
1,0,0.0,16,1,16.67,40,20,60,75.0,3,75.0,1,9,1,0,0,0,16,2,1,3,0,2,9,0,0,7,5,36,0,0,,,9,0,27.27,0,3,4,5,5,0,3,0,,27,43.55,0,0,0,20,0,3,0,2,308,1,0.0,0,0,0,0,0.0,0,0,0,0,65,1,0,6.84,0,3,0,0,0,0,0,0,102.67,0.0,0,8,3,4,4,10,38.46,0,7,3,42.86,3,6,26,8,30,45.45,6,58,22,80,61.6,11,1,177,10,0,0,Amadou Samoura,Guingamp,1157703,1654
40,7,20.0,257,55,53.4,450,328,778,82.68,28,56.0,22,23,0,0,0,0,80,1,0,1,8,34,23,0,0,4,13,72,0,0,,,27,0,0.0,0,0,0,13,12,1,0,0,,46,47.92,0,0,0,163,23,16,0,19,1707,4,6.0,0,0,0,0,0.0,0,0,0,0,236,6,0,6.84,0,0,0,0,0,0,0,0,0.0,0.0,0,4,1,2,2,7,46.67,0,30,21,70.0,16,74,15,35,74,50.68,103,562,379,941,157.4,5,1,1311,9,3,0,Maxime Busi,Stade de Reims,943926,1682
4,2,28.57,130,5,50.0,210,65,275,82.09,14,34.15,27,25,2,0,0,0,59,4,0,3,1,5,24,0,0,15,9,92,0,1,,,14,0,11.76,0,2,4,13,11,2,0,2,,80,55.17,0,0,2,60,7,26,0,12,1114,0,0.0,0,0,0,0,0.0,0,0,0,1,171,8,0,6.84,0,2,0,0,0,0,0,0,557.0,0.0,0,10,7,6,8,39,57.35,0,23,12,52.17,26,8,68,7,94,50.54,10,256,79,335,164.2,17,2,605,18,2,0,Alexandre Zaouai,Bastia,2197164,1655
5,1,25.0,84,4,36.36,136,74,210,61.76,86,53.09,76,25,3,0,0,0,27,1,3,8,0,7,25,0,0,8,10,125,1,0,,,31,0,17.86,0,5,8,22,21,1,5,0,,46,48.42,0,0,0,130,8,11,1,18,1338,14,1.0,0,0,1,0,100.0,0,1,0,0,203,7,0,6.84,0,4,0,0,0,0,0,0,267.6,0.0,6,14,14,12,8,4,66.67,0,12,8,66.67,11,11,6,4,132,51.36,11,247,93,340,171.0,28,2,564,33,4,0,Brandon Bokangu,Nancy,1113459,1675
21,0,0.0,61,24,37.5,214,567,781,87.56,28,50.0,28,21,0,0,0,0,75,0,0,0,5,55,20,0,0,7,4,70,0,0,,,28,0,0.0,28,0,0,11,10,1,0,0,,52,55.32,0,0,0,111,20,2,0,17,1374,0,11.0,0,0,0,0,0.0,0,0,0,0,145,3,0,6.84,0,0,0,0,0,0,0,0,0.0,0.0,0,1,1,1,1,7,70.0,0,28,18,64.29,2,48,10,1,80,53.33,64,288,604,892,136.8,2,0,1115,17,1,0,Yael Mouanga,Montpellier,1170536,1642
89,3,37.5,349,116,61.7,819,982,1801,89.38,26,59.09,18,34,0,0,0,0,110,1,0,13,9,71,34,0,0,9,39,111,0,0,,,40,0,0.0,0,0,0,46,42,4,0,0,,82,46.86,0,0,0,214,29,23,0,34,2849,0,5.0,1,0,0,0,0.0,0,0,0,0,261,9,0,6.84,0,0,0,0,0,0,0,0,0.0,0.0,2,8,18,12,1,5,45.45,0,54,39,72.22,23,146,11,8,108,49.32,188,981,1034,2015,232.4,26,0,2352,24,3,0,Dylan Louiserre,Guingamp,579542,1654
22,3,17.65,103,17,47.22,177,66,243,64.46,17,38.64,27,26,5,0,0,0,78,5,6,5,0,6,26,0,0,34,33,144,0,0,,,25,0,23.33,0,7,12,16,11,5,6,1,,66,36.07,1,0,1,134,5,14,4,20,1524,6,2.0,0,0,0,0,0.0,0,0,0,0,267,15,0,6.83,0,2,0,0,0,0,0,0,217.71,0.0,0,24,6,13,12,26,48.15,0,22,16,72.73,14,34,54,17,83,36.56,36,290,87,377,177.7,30,3,688,19,5,0,Antoine Larose,Annecy FC,864574,210894
14,13,22.03,207,19,42.22,321,189,510,77.63,14,36.84,24,27,2,0,0,0,113,5,5,13,4,5,27,0,0,28,8,120,0,0,,,16,0,4.35,0,2,4,24,20,4,0,2,,102,51.52,0,0,1,147,9,31,0,21,1836,2,0.0,0,0,0,0,0.0,0,0,0,1,339,26,0,6.83,0,2,0,0,0,0,0,0,918.0,0.0,1,20,26,18,15,40,46.51,0,16,13,81.25,31,29,86,59,116,49.15,45,439,218,657,184.5,46,2,1092,46,4,0,Amine Boutrah,Bastia,975307,1655
52,0,0.0,56,78,47.27,209,706,915,86.16,48,59.26,33,27,3,0,0,0,82,1,0,0,7,162,27,0,0,3,11,77,1,0,,,34,0,0.0,0,0,3,31,26,5,0,0,,47,51.65,0,0,0,147,24,6,0,26,2351,0,24.0,0,0,0,1,0.0,0,0,0,0,167,1,0,6.83,1,0,0,0,0,0,0,0,0.0,0.0,0,2,0,2,0,5,83.33,0,35,24,68.57,6,96,6,1,95,55.23,165,310,752,1062,184.5,2,1,1399,8,1,1,Loris Mouyokolo,Grenoble Foot 38,1094793,1671
12,0,0.0,138,29,65.91,297,272,569,88.35,7,36.84,12,13,0,0,0,0,91,0,0,2,4,16,13,0,0,12,19,76,0,0,,,33,0,0.0,0,0,0,11,8,3,0,0,,42,39.62,0,0,0,75,23,5,0,12,1029,0,4.0,0,0,0,0,0.0,0,0,0,0,104,7,0,6.83,0,0,0,0,0,0,0,0,0.0,0.0,0,0,9,7,0,5,62.5,0,17,11,64.71,5,17,8,3,49,39.2,44,348,296,644,88.8,9,0,808,20,3,0,Abdoulaye Kanté,Saint-Étienne,1512625,1678
31,22,21.78,364,49,42.61,660,821,1481,89.32,31,37.35,52,34,5,0,0,0,146,4,5,6,14,77,34,0,0,36,8,150,0,0,,,43,0,3.13,0,1,6,35,30,5,1,0,,88,47.31,0,0,0,177,30,31,1,34,3034,1,7.0,0,0,0,0,0.0,0,0,0,0,360,7,0,6.83,0,0,0,0,0,0,0,0,3034.0,0.0,0,24,8,12,14,15,53.57,0,49,36,73.47,31,69,28,101,119,44.24,115,792,866,1658,232.2,32,1,2387,24,8,0,Sergio Akieme,Stade de Reims,827942,1682
76,1,20.0,164,82,57.34,362,428,790,80.94,23,53.49,20,24,2,0,0,0,65,2,0,8,1,42,24,0,0,11,12,69,1,1,,,22,0,0.0,1,0,2,40,36,4,0,0,,59,54.63,0,0,0,186,7,17,0,21,1863,1,15.0,0,1,0,0,0.0,0,0,0,0,243,2,0,6.83,0,0,0,0,0,0,0,0,0.0,0.0,0,8,12,9,3,8,66.67,0,27,18,66.67,16,122,12,5,82,54.3,143,502,474,976,163.9,20,0,1213,24,8,0,Thomas Monconduit,Amiens SC,150865,1676
4,0,0.0,30,3,42.86,44,44,88,75.21,7,43.75,9,11,2,0,0,0,30,0,0,2,0,0,11,0,0,3,4,33,0,0,,,13,0,33.33,0,1,3,10,9,1,0,1,,31,56.36,0,0,0,29,6,7,0,5,470,0,0.0,0,0,0,0,0.0,0,0,0,0,52,4,0,6.83,0,1,0,0,0,0,0,0,470.0,0.0,0,1,2,0,1,3,33.33,0,12,10,83.33,7,4,9,0,38,53.52,7,64,53,117,75.1,3,0,187,16,1,0,Zakaria Ztouti,Nancy,2200818,1675
28,0,0.0,41,43,44.33,158,487,645,89.21,14,42.42,19,15,0,0,0,0,53,0,1,1,5,64,15,0,0,0,3,38,1,1,,,14,0,0.0,0,0,0,15,14,1,0,0,,41,68.33,0,0,0,78,12,1,0,14,1257,3,6.0,0,0,0,0,0.0,0,0,0,0,95,1,0,6.83,0,0,0,0,0,0,0,0,0.0,0.0,0,1,2,2,0,5,55.56,0,17,9,52.94,1,52,9,1,55,59.14,97,205,518,723,102.4,3,0,901,19,3,0,Paolo Gozzi,Troyes,918869,1652
7,0,0.0,17,13,26.0,77,352,429,86.67,37,67.27,18,15,0,0,0,0,45,1,3,0,5,93,15,0,0,0,12,48,1,0,,,18,0,0.0,7,0,0,16,13,3,0,0,,55,64.71,0,0,0,66,18,4,0,15,1294,1,7.0,0,0,0,0,0.0,0,0,0,0,77,0,0,6.83,0,0,0,0,0,0,0,0,0.0,0.0,0,5,0,4,1,2,100.0,0,37,21,56.76,4,24,2,1,92,65.71,50,130,365,495,102.4,5,0,717,16,3,0,Gustave Akueson,Bastia,914637,1655
45,0,0.0,40,163,35.9,111,486,597,66.93,10,90.91,1,31,0,0,0,0,260,0,0,0,13,30,31,0,0,0,1,2,2,0,,,0,0,0.0,138,0,0,30,26,4,0,0,,8,88.89,0,31,0,295,0,1,0,31,2790,0,0.0,0,0,0,0,0.0,3,0,0,0,302,0,8,6.83,0,0,31,44,13,58,0,9,0.0,0.0,0,0,0,0,0,1,100.0,30,0,0,0.0,1,93,1,0,18,90.0,454,355,537,892,211.6,0,1,1182,9,5,0,Nicolas Kocik,Le Mans,802148,1672
23,0,0.0,20,68,34.17,49,94,143,51.81,3,100.0,0,8,0,0,0,0,64,0,0,0,1,9,8,0,0,0,1,1,0,0,,,0,0,0.0,39,0,0,9,9,0,0,0,,4,80.0,0,7,0,133,0,0,0,8,706,0,0.0,0,0,0,0,0.0,1,0,0,0,139,0,3,6.83,0,0,2,12,8,20,0,3,0.0,0.0,0,0,0,0,0,0,0.0,1,1,1,100.0,0,54,0,0,7,87.5,199,162,114,276,54.6,0,0,347,3,1,0,Ibrahim Kone,US Boulogne Côte-d'Opale,47358,1711
14,0,0.0,22,94,28.23,62,289,351,59.39,6,100.0,0,23,0,0,0,0,208,0,0,0,7,22,23,0,0,0,0,1,0,0,,,1,0,0.0,140,0,0,21,19,2,0,0,,6,85.71,0,11,0,240,0,0,0,22,2032,0,0.0,0,0,0,1,0.0,4,0,2,0,242,0,3,6.82,0,0,14,27,16,45,2,5,0.0,0.0,0,0,0,0,0,0,0.0,14,1,0,0.0,0,27,0,0,12,92.31,333,278,313,591,156.9,0,0,789,6,2,0,Hillel Konaté,Troyes,580180,1652
19,0,0.0,52,42,62.69,219,407,626,93.02,20,38.46,32,16,0,0,0,0,47,0,0,0,4,66,16,0,0,1,2,54,0,0,,,19,0,0.0,0,0,0,15,14,1,0,0,,23,51.11,0,0,0,47,20,1,0,12,1098,0,7.0,0,0,0,0,0.0,0,0,0,0,52,0,0,6.82,0,0,0,0,0,0,0,0,0.0,0.0,0,0,1,1,0,1,50.0,0,15,10,66.67,1,31,2,0,43,44.33,67,255,418,673,109.1,1,0,822,8,4,0,Hugo Gambor,Troyes,1082541,1652
13,1,25.0,115,8,42.11,208,136,344,71.37,41,51.25,39,30,2,0,0,0,55,8,6,12,1,15,30,0,0,20,8,109,0,1,,,36,0,27.27,0,15,17,32,28,4,13,2,,41,36.94,2,0,0,138,4,20,3,28,2431,17,2.0,0,0,4,0,100.0,0,4,0,0,229,13,0,6.82,1,10,0,0,0,0,0,0,162.07,0.0,0,48,7,12,31,5,35.71,0,13,7,53.85,20,22,14,4,82,42.93,19,323,159,482,204.5,55,2,741,25,1,1,Thomas Robinet,USL Dunkerque,790802,6918
26,6,12.0,187,16,30.19,287,120,407,67.61,7,20.59,27,31,3,0,0,0,100,4,4,16,2,3,31,0,0,38,28,158,0,1,,,20,0,9.8,0,5,8,25,21,4,4,1,,108,45.19,0,0,0,195,11,25,2,25,2133,11,0.0,0,0,0,0,0.0,0,0,0,0,419,14,0,6.82,0,3,0,0,0,0,0,0,426.6,0.0,3,33,18,19,16,40,46.51,0,34,21,61.76,25,54,86,50,115,42.12,53,442,160,602,211.3,51,3,1101,34,5,0,Amine El Farissi,US Boulogne Côte-d'Opale,940226,1711
26,8,36.36,72,34,53.97,175,246,421,80.19,9,33.33,18,14,2,0,0,0,39,4,0,11,3,24,14,0,0,5,4,59,0,0,,,18,0,5.0,0,1,3,20,16,4,1,0,,42,50.6,0,0,0,104,1,13,0,13,1116,2,6.0,0,0,0,0,0.0,0,0,0,0,165,7,0,6.81,0,1,0,0,0,0,0,0,1116.0,0.0,1,12,8,6,3,8,36.36,0,17,7,41.18,13,48,22,22,51,46.36,63,252,273,525,95.4,20,0,718,17,1,0,Victor Lobry,Amiens SC,945941,1676
39,10,30.3,291,47,47.0,582,444,1026,82.41,16,32.65,33,33,1,0,0,0,144,2,1,13,8,55,33,0,0,18,35,133,1,1,,,38,0,3.23,0,1,2,44,41,3,0,1,,129,56.33,0,0,0,219,36,19,0,32,2854,1,11.0,0,0,0,0,0.0,0,0,0,0,337,11,0,6.81,0,1,0,0,0,0,0,0,2854.0,0.0,1,11,20,9,9,10,45.45,0,62,37,59.68,19,84,22,33,145,52.16,100,745,500,1245,224.8,31,1,1835,58,5,0,Sam Sanna,Stade Lavallois,991831,1673
16,0,0.0,35,140,33.1,81,700,781,72.58,5,100.0,0,34,0,0,0,0,284,0,0,0,15,25,34,0,0,0,1,1,2,1,,,0,0,0.0,163,0,0,35,30,5,0,0,,6,85.71,0,13,0,295,0,1,0,34,3060,0,0.0,0,0,0,0,0.0,4,0,1,0,298,0,7,6.81,0,0,9,40,31,71,0,15,0.0,0.0,0,0,0,0,0,1,100.0,7,0,0,0.0,1,37,1,0,11,91.67,423,321,755,1076,231.6,0,2,1367,4,2,0,Ewen Jaouen,Stade de Reims,1154665,1682
9,0,0.0,26,20,57.14,70,57,127,70.56,18,58.06,13,9,1,0,0,0,28,0,0,3,1,3,9,0,0,5,2,29,0,0,,,5,0,0.0,0,0,1,8,6,2,0,0,,24,60.0,0,0,0,53,7,2,0,5,484,0,1.0,0,0,0,0,0.0,0,0,0,0,71,2,0,6.81,0,0,0,0,0,0,0,0,0.0,0.0,0,1,5,2,1,4,50.0,0,11,7,63.64,2,22,8,0,42,59.15,35,110,70,180,61.3,6,0,259,9,1,0,Loïc Etoga,Bastia,1529806,1655
0,1,20.0,50,3,75.0,93,58,151,83.43,11,30.56,25,19,1,0,0,0,24,3,8,2,0,6,19,0,0,8,0,53,0,0,,,9,0,16.0,0,4,5,14,13,1,4,0,,30,51.72,0,0,1,30,5,11,4,11,898,5,1.0,0,0,0,0,0.0,0,0,0,0,82,1,0,6.81,0,0,0,0,0,0,0,0,224.5,0.0,0,18,7,14,9,11,45.83,0,2,1,50.0,11,1,24,5,41,43.62,4,118,63,181,129.4,25,0,331,17,2,0,Omar Sissoko,Pau FC,1523625,1685
47,0,0.0,14,122,33.7,58,772,830,77.07,8,80.0,2,30,0,0,0,0,261,0,0,0,10,23,30,0,0,0,1,4,0,1,,,1,0,0.0,166,0,0,37,31,6,0,0,,4,66.67,0,25,0,247,0,0,0,30,2700,0,0.0,0,0,0,0,0.0,6,0,1,0,249,0,7,6.81,0,0,20,49,25,74,0,19,0.0,0.0,0,0,0,0,0,1,100.0,19,0,0,0.0,0,79,1,0,12,75.0,362,248,829,1077,204.3,0,1,1373,5,3,0,Gautier Larsonneur,Saint-Étienne,810526,1678
4,10,24.39,94,6,54.55,147,65,212,69.74,28,36.36,49,29,2,0,0,0,46,4,1,12,1,3,28,0,0,34,7,172,0,0,,,40,0,18.18,0,6,8,22,18,4,5,1,,78,38.81,1,0,1,92,4,15,1,20,1628,15,2.0,0,1,0,0,0.0,0,0,0,2,291,14,0,6.81,0,4,0,0,0,0,0,0,271.33,0.0,0,23,10,7,14,27,38.03,0,17,10,58.82,14,11,71,41,106,38.13,11,227,77,304,190.6,33,2,690,35,2,0,Jovany Ikanga,Red Star FC,1165599,52874
39,0,0.0,12,91,48.66,42,349,391,79.8,0,0.0,0,14,0,0,0,0,101,0,0,0,4,11,14,0,0,0,0,0,0,0,,,0,0,0.0,82,0,0,19,16,3,0,0,,2,100.0,0,9,0,99,0,0,0,13,1184,0,0.0,0,0,0,0,0.0,0,0,0,0,101,0,5,6.81,0,0,6,15,10,25,0,7,0.0,0.0,0,0,0,0,0,0,0.0,6,0,0,0.0,0,58,0,0,2,100.0,187,113,377,490,95.3,0,0,589,2,2,0,Teddy Bartouche-Selbonne,Guingamp,962410,1654
12,5,16.13,109,9,52.94,175,106,281,76.99,5,22.73,17,29,3,0,0,0,48,7,3,12,2,5,29,0,0,25,10,110,1,0,,,20,0,18.75,0,6,9,35,29,6,5,1,,69,42.59,0,0,0,84,6,17,0,18,1541,8,0.0,0,0,0,0,0.0,0,0,0,0,237,6,0,6.81,0,6,0,0,0,0,0,0,256.83,0.0,0,24,8,13,7,22,36.67,0,11,8,72.73,17,18,60,31,74,40.22,17,247,118,365,197.4,32,2,690,36,4,0,Kyliane Dong,Pau FC,1394004,1685
26,3,13.04,246,32,78.05,494,323,817,83.88,27,39.13,42,32,4,0,0,0,99,4,6,9,4,23,32,0,0,37,26,200,1,0,,,64,0,20.93,0,9,13,34,30,4,8,1,,120,43.17,1,0,1,157,8,24,6,30,2533,6,4.0,0,0,0,0,0.0,0,0,0,2,317,18,0,6.81,0,2,0,0,0,0,0,0,281.44,0.0,0,33,10,13,21,29,45.31,0,38,23,60.53,24,45,64,23,147,42.36,41,616,358,974,217.8,43,3,1412,55,8,0,Antoine Sekongo,USL Dunkerque,1513644,6918
18,20,26.32,149,15,41.67,217,126,343,75.55,14,38.89,22,26,3,0,0,0,65,2,1,2,0,27,26,0,0,16,24,96,0,0,,,19,0,16.67,0,2,5,25,20,5,2,0,,79,51.63,0,0,0,111,17,27,0,16,1436,2,0.0,0,0,0,1,0.0,0,0,0,1,244,10,0,6.8,0,2,0,0,0,0,0,0,718.0,0.0,0,9,3,3,7,15,50.0,0,51,36,70.59,27,30,30,76,93,49.21,36,302,152,454,176.9,12,1,822,13,2,0,Aurelien Platret,US Boulogne Côte-d'Opale,1170561,1711
35,57,27.67,159,37,41.11,279,235,514,75.92,14,36.84,24,32,7,0,0,0,103,10,2,8,5,32,32,0,0,21,16,115,0,0,,,33,0,0.0,0,0,7,30,25,5,0,0,,103,53.09,0,0,0,163,25,50,0,29,2484,9,5.0,0,2,0,0,0.0,0,0,0,0,434,11,0,6.8,0,0,0,0,0,0,0,0,0.0,0.0,3,11,15,16,2,27,51.92,0,37,24,64.86,48,83,52,206,117,50.43,90,411,266,677,217.7,26,2,1348,39,4,0,Nolan Galves,Rodez AF,1165696,6925
28,1,33.33,108,26,83.87,193,97,290,72.32,39,24.84,118,28,3,0,0,1,39,2,18,12,3,6,27,0,1,25,12,199,0,1,,,36,0,21.95,0,18,21,22,22,0,16,2,,44,35.2,3,0,0,111,3,19,12,23,1967,21,3.0,0,1,5,0,80.0,0,4,0,1,208,9,0,6.8,1,3,0,0,0,0,0,0,109.28,0.0,1,67,15,30,40,7,33.33,0,11,8,72.73,18,36,21,3,83,29.43,31,285,116,401,183.6,82,4,716,27,3,0,Tawfik Bentayeb,Troyes,1103080,1652
4,1,6.67,85,7,46.67,141,55,196,74.52,37,44.58,46,29,0,0,0,0,41,3,11,7,0,9,29,0,0,20,8,136,0,0,,,41,0,24.49,0,12,12,22,19,3,12,0,,52,36.62,1,0,3,67,6,15,5,21,1836,12,3.0,0,1,2,0,100.0,0,2,0,2,195,6,0,6.8,0,6,0,0,0,0,0,0,153.0,0.0,0,44,5,18,24,21,44.68,0,13,4,30.77,14,10,47,15,89,39.56,15,194,69,263,197.2,49,2,568,18,4,0,Ibrahima Baldé,Rodez AF,1130573,6925
5,2,18.18,67,5,50.0,102,48,150,76.14,5,38.46,8,14,0,0,0,0,18,2,0,3,0,3,14,0,0,11,1,37,0,0,,,9,0,28.57,0,2,2,16,13,3,1,1,,24,45.28,0,0,0,47,5,16,0,6,665,1,1.0,0,0,0,0,0.0,0,0,0,0,92,3,0,6.8,0,2,0,0,0,0,0,0,332.5,0.0,0,6,1,2,2,5,38.46,0,7,4,57.14,16,10,13,11,29,43.94,10,140,57,197,95.2,7,1,308,12,0,0,Rayane Messi,Pau FC,1606632,1685
0,0,0.0,4,0,0.0,5,2,7,87.5,0,0.0,0,1,0,0,0,0,1,1,0,0,0,0,1,0,0,1,0,3,0,0,,,1,0,0.0,0,0,0,0,0,0,0,0,,2,40.0,0,0,0,1,0,1,0,0,16,0,0.0,0,0,0,0,0.0,0,0,0,0,3,0,0,6.8,0,0,0,0,0,0,0,0,0.0,0.0,0,0,0,0,0,0,0.0,0,0,0,0.0,1,0,1,0,2,40.0,0,6,2,8,6.8,0,0,13,2,0,0,Noah Vidal,Montpellier,2416226,1642
0,2,66.67,1,0,0.0,3,2,5,83.33,0,0.0,0,1,0,0,0,0,2,1,0,0,0,0,1,0,0,0,0,1,0,0,,,0,0,0.0,0,0,0,0,0,0,0,0,,0,0.0,0,0,0,1,0,1,0,0,12,0,0.0,0,0,0,0,0.0,0,0,0,0,4,0,0,6.8,0,0,0,0,0,0,0,0,0.0,0.0,0,0,0,0,0,0,0.0,0,0,0,0.0,1,0,1,3,0,0.0,0,4,2,6,6.8,0,0,12,0,0,0,Fred Onambele,Troyes,2419374,1652
0,0,0.0,1,0,0.0,4,4,8,100.0,0,0.0,0,1,0,0,0,0,0,0,0,0,0,0,1,0,0,0,0,0,0,0,,,0,0,0.0,0,0,0,0,0,0,0,0,,2,100.0,0,0,0,0,0,0,0,0,11,0,0.0,0,0,0,0,0.0,0,0,0,0,0,0,0,6.8,0,0,0,0,0,0,0,0,0.0,0.0,0,0,0,0,0,0,0.0,0,1,1,100.0,0,0,0,0,2,100.0,0,4,4,8,6.8,0,0,10,1,0,0,Nathan Fondja,Guingamp,2571362,1654
7,0,0.0,16,5,45.45,44,67,111,88.1,1,33.33,2,4,0,0,0,0,19,0,0,1,1,3,4,0,0,2,0,11,0,0,,,3,0,0.0,0,0,0,2,2,0,0,0,,13,59.09,0,0,0,15,7,1,0,2,216,0,0.0,0,0,0,0,0.0,0,0,0,0,24,0,0,6.8,0,0,0,0,0,0,0,0,0.0,0.0,1,0,2,1,0,2,33.33,0,6,4,66.67,1,11,6,1,14,56.0,11,56,70,126,27.2,2,0,171,5,0,0,Habib Keita,Clermont Foot,1082953,1680
25,0,0.0,73,46,41.82,232,615,847,83.28,94,83.19,19,30,0,0,0,0,67,0,2,1,6,167,30,0,0,4,9,66,0,1,,,33,0,10.0,6,1,1,41,39,2,1,0,,51,52.04,1,0,0,170,55,3,0,25,2334,5,14.0,0,0,0,0,0.0,0,0,0,0,206,4,0,6.8,0,0,0,0,0,0,0,0,2334.0,0.0,0,9,1,6,3,3,60.0,0,30,24,80.0,3,60,5,2,145,68.72,110,342,675,1017,203.9,10,0,1412,19,4,0,Siad Gourville,US Boulogne Côte-d'Opale,1416180,1711
49,1,25.0,95,48,50.0,268,349,617,85.69,13,46.43,15,25,1,0,0,0,88,1,0,0,4,16,25,0,0,12,19,77,1,2,,,27,0,0.0,0,0,1,16,15,1,0,0,,76,55.07,0,0,0,103,16,15,0,15,1407,0,1.0,0,0,0,0,0.0,0,0,0,0,146,1,0,6.8,0,0,0,0,0,0,0,0,0.0,0.0,0,0,1,1,0,8,66.67,0,53,32,60.38,15,87,12,4,89,53.61,96,346,374,720,169.9,1,0,922,15,0,0,Jocelyn Janneh,Bastia,1216031,1655
15,1,5.0,93,10,50.0,194,156,350,84.75,9,45.0,11,20,1,0,0,0,49,3,0,1,0,4,19,0,0,6,9,59,0,0,,,26,0,12.5,0,1,2,12,11,1,1,0,,61,55.96,0,0,0,63,7,19,0,7,718,3,0.0,0,0,0,0,0.0,0,0,0,0,120,5,0,6.79,1,1,0,0,0,0,0,0,718.0,0.0,1,4,4,5,2,6,46.15,0,28,17,60.71,19,28,13,20,70,54.26,20,241,172,413,129.1,8,1,578,27,3,1,Khalil Fayad,Montpellier,1387157,1642
39,0,0.0,64,221,40.04,183,285,468,58.28,4,80.0,1,31,0,0,0,0,240,0,0,0,7,30,31,1,1,0,1,2,0,0,,,2,0,0.0,184,0,0,47,46,1,0,0,,5,83.33,0,24,0,335,0,0,0,31,2717,0,0.0,0,0,0,0,0.0,8,0,3,0,340,0,8,6.79,1,0,17,61,25,86,0,16,0.0,0.0,0,0,0,0,0,0,0.0,17,0,0,0.0,0,69,0,0,9,81.82,552,475,328,803,210.6,0,2,1041,7,0,0,Enzo Basilio,Nancy,307212,1675
6,7,17.95,66,4,30.77,102,22,124,65.61,8,50.0,8,13,0,0,0,0,29,2,2,2,0,5,13,0,0,8,8,40,0,0,,,9,0,9.09,0,1,1,6,5,1,1,0,,42,56.76,0,0,0,65,7,12,1,5,516,1,0.0,0,1,0,0,0.0,0,0,0,0,142,8,0,6.79,1,0,0,0,0,0,0,0,516.0,0.0,0,7,4,6,3,8,47.06,0,19,12,63.16,11,17,17,39,50,55.56,13,157,32,189,88.3,11,1,362,15,2,1,Valentin Jacob,Annecy FC,365494,210894
13,9,28.13,71,27,40.91,128,129,257,76.26,11,45.83,13,12,0,0,0,0,40,0,0,3,3,32,12,0,0,6,8,35,0,0,,,5,0,16.67,0,1,1,17,16,1,1,0,,31,58.49,0,0,0,80,16,5,1,12,979,0,6.0,0,0,0,1,0.0,0,0,0,0,142,1,0,6.79,0,0,0,0,0,0,0,0,979.0,0.0,0,3,3,2,1,4,57.14,0,21,15,71.43,5,37,7,32,42,54.55,66,184,153,337,81.5,6,0,633,6,0,0,Justin Bourgault,Nancy,1891025,1675
26,8,20.51,87,29,29.29,205,264,469,72.38,34,60.71,22,23,1,0,0,0,67,3,0,1,7,68,23,0,0,6,19,80,0,0,,,19,0,0.0,0,0,1,13,11,2,0,0,,46,44.23,0,0,0,179,14,14,0,18,1657,1,4.0,0,0,0,0,0.0,0,0,0,0,306,2,0,6.79,0,0,0,0,0,0,0,0,0.0,0.0,0,3,2,2,2,7,30.43,0,33,25,75.76,14,79,23,39,80,50.0,99,331,317,648,156.2,5,0,1098,6,5,0,Florian Bohnert,Bastia,792721,1655
23,13,20.97,106,25,23.58,176,171,347,64.74,38,74.51,13,20,1,0,0,0,89,0,1,6,4,55,20,0,0,12,9,63,0,1,,,21,0,4.76,0,1,2,30,29,1,1,0,,103,67.32,0,0,0,189,18,9,0,18,1559,2,1.0,0,0,0,0,0.0,0,0,0,0,302,2,0,6.79,0,1,0,0,0,0,0,0,1559.0,0.0,0,16,5,11,4,17,60.71,0,38,20,52.63,9,68,28,62,141,69.12,106,313,223,536,135.8,21,0,1066,50,2,0,Enzo Tacafred,Nancy,1805567,1675
0,2,40.0,16,2,33.33,33,33,66,70.21,5,35.71,9,9,0,0,0,0,14,0,4,3,0,3,9,0,0,3,3,28,0,0,,,6,0,18.18,0,2,2,13,13,0,2,0,,22,53.66,0,0,1,28,1,2,1,6,469,2,1.0,0,0,0,0,0.0,0,0,0,0,61,1,0,6.79,0,1,0,0,0,0,0,0,234.5,0.0,0,9,2,3,5,5,41.67,0,5,4,80.0,2,5,12,5,27,49.09,6,55,39,94,61.1,11,0,175,12,0,0,Ibou Sane,Amiens SC,1470032,1676
41,3,12.5,130,34,42.5,364,472,836,84.62,28,51.85,26,26,1,0,0,0,76,0,1,4,6,59,26,0,1,9,15,100,0,0,,,39,0,6.67,2,1,2,15,13,2,1,0,,91,55.15,0,0,1,152,31,9,0,22,1897,1,3.0,0,0,0,0,0.0,0,0,0,0,261,2,0,6.79,1,1,0,0,0,0,0,0,1897.0,0.0,0,11,4,9,2,15,55.56,0,57,33,57.89,9,88,27,24,119,54.34,80,476,512,988,176.5,15,1,1504,19,3,0,Théo Sainte-Luce,Montpellier,901152,1642
11,25,33.33,70,14,37.84,163,124,287,78.42,4,40.0,6,16,0,0,0,0,39,2,0,0,0,9,14,0,0,6,6,27,0,1,,,6,0,0.0,0,0,0,12,10,2,0,0,,33,61.11,0,0,1,79,11,21,0,8,839,0,3.0,0,0,0,0,0.0,0,0,0,0,153,2,0,6.79,0,0,0,0,0,0,0,0,0.0,0.0,0,2,1,2,1,10,76.92,0,13,5,38.46,21,27,13,75,37,57.81,37,220,146,366,95.0,3,0,603,10,1,0,Vital Nsimba,Clermont Foot,787811,1680
62,12,24.49,285,75,67.57,604,607,1211,88.01,9,32.14,19,33,3,0,0,0,154,6,8,25,5,26,33,0,0,33,26,137,0,3,,,46,0,4.41,0,3,6,48,43,5,2,1,,114,49.14,0,0,1,165,18,35,2,28,2532,5,2.0,0,0,0,0,0.0,0,0,0,0,312,9,0,6.78,0,1,0,0,0,0,0,0,844.0,0.0,1,39,29,23,20,23,57.5,0,51,30,58.82,35,91,40,49,123,47.31,111,725,651,1376,223.9,68,0,1845,40,6,0,Rayan Touzghar,Pau FC,1444639,1685
8,11,17.46,44,11,32.35,125,203,328,78.66,7,58.33,5,18,3,0,0,0,40,5,0,5,0,21,18,0,0,7,6,51,0,0,,,12,0,7.69,0,1,4,17,14,3,1,0,,71,60.68,0,0,1,89,13,9,1,11,1086,3,2.0,0,0,0,0,0.0,0,0,0,0,212,3,0,6.78,0,0,0,0,0,0,0,0,1086.0,0.0,0,7,6,6,2,9,28.13,0,30,22,73.33,9,27,32,63,78,60.47,34,185,232,417,122.1,13,0,766,32,3,0,Dylan Ourega,Guingamp,1970815,1654
30,0,0.0,41,52,58.43,152,542,694,90.25,32,64.0,18,17,0,0,0,0,48,0,0,0,3,76,17,0,0,0,5,40,1,1,,,18,0,0.0,2,0,0,13,12,1,0,0,,16,42.11,0,0,0,75,9,0,0,14,1209,0,13.0,0,0,0,0,0.0,0,0,0,0,78,0,0,6.78,1,0,0,0,0,0,0,0,0.0,0.0,0,1,0,1,0,1,100.0,0,11,7,63.64,0,55,1,1,48,54.55,89,199,570,769,115.3,1,0,914,4,0,1,Yohan Tavares,Stade Lavallois,59766,1673
4,1,100.0,21,12,52.17,78,148,226,87.6,12,75.0,4,6,0,0,0,0,10,0,0,1,1,21,5,0,0,2,2,17,0,0,,,8,0,0.0,0,0,0,3,3,0,0,0,,7,35.0,0,0,0,32,4,0,0,3,333,0,1.0,0,0,0,0,0.0,0,0,0,0,48,0,0,6.78,0,0,0,0,0,0,0,0,0.0,0.0,0,2,2,2,1,0,0.0,0,4,3,75.0,0,16,1,1,19,52.78,23,98,160,258,33.9,4,0,320,3,0,0,Joachim Kayi Sanda,Red Star FC,1426220,52874
23,3,13.64,194,30,48.39,339,318,657,86.68,28,59.57,19,24,1,0,0,0,44,1,0,5,6,62,24,0,0,8,12,60,1,1,,,18,0,0.0,0,0,1,17,14,3,0,0,,49,54.44,0,0,0,101,20,15,0,14,1406,0,8.0,0,1,0,0,0.0,0,0,0,0,158,4,0,6.78,0,0,0,0,0,0,0,0,0.0,0.0,0,7,3,4,1,6,66.67,0,30,17,56.67,14,40,9,22,77,56.2,62,409,349,758,162.7,10,0,1130,13,3,0,Hiroki Sekine,Stade de Reims,1500627,1682
58,2,10.53,118,83,35.93,279,459,738,75.46,33,67.35,16,24,0,0,0,0,95,0,1,0,6,124,24,0,0,4,9,63,0,0,,,28,0,0.0,1,0,0,34,30,4,0,0,,65,58.04,0,0,0,240,24,2,0,23,2055,0,15.0,0,0,0,1,0.0,0,0,0,0,298,2,0,6.78,0,0,0,0,0,0,0,0,0.0,0.0,0,3,0,3,0,5,45.45,0,33,20,60.61,2,159,11,19,98,60.87,231,456,522,978,162.7,3,1,1343,27,4,0,Peter Ouaneh,Stade Lavallois,822829,1673
17,6,16.67,159,20,58.82,303,163,466,83.66,1,6.25,15,33,3,0,0,0,94,2,0,11,0,7,31,0,0,29,3,116,0,0,,,20,0,9.52,0,4,7,22,20,2,4,0,,77,43.26,0,0,2,91,15,21,2,21,1818,5,2.0,0,0,1,0,100.0,0,1,0,2,263,13,0,6.78,0,2,0,0,0,0,0,0,454.5,0.0,0,31,11,16,15,25,33.78,0,11,9,81.82,21,31,74,36,78,40.21,34,376,181,557,210.1,42,0,928,41,0,0,İlhan Fakılı,Clermont Foot,1858278,1680
32,8,23.53,123,49,56.32,254,244,498,80.45,11,37.93,18,26,1,0,0,0,84,3,1,12,3,15,26,0,0,10,15,66,1,2,,,16,0,8.82,0,3,4,20,18,2,1,2,,50,51.02,0,0,0,121,19,21,0,18,1716,2,1.0,0,0,0,0,0.0,0,0,0,0,185,6,0,6.78,0,3,0,0,0,0,0,0,572.0,0.0,1,5,29,13,9,5,41.67,0,23,14,60.87,21,62,12,34,61,48.03,87,349,270,619,176.2,34,1,860,22,2,0,Joachim Eickmayer,Bastia,308672,1655
25,9,15.25,177,41,37.96,377,316,693,77.95,30,50.85,29,26,0,0,1,0,106,3,2,6,8,39,26,0,1,10,19,92,0,1,,,34,0,5.0,0,1,1,26,23,3,1,0,,76,54.68,0,0,1,196,45,19,0,25,2115,0,10.0,0,0,2,0,50.0,0,1,0,0,271,7,0,6.78,1,1,0,0,0,0,0,0,2115.0,0.0,2,6,14,9,5,10,71.43,0,55,30,54.55,19,69,14,59,106,53.54,108,520,369,889,176.2,20,0,1237,11,5,0,Tom Ducrocq,Bastia,975594,1655
32,0,0.0,51,41,37.27,147,280,427,79.96,18,62.07,11,13,0,0,0,0,33,0,0,3,4,44,13,0,2,2,6,35,0,1,,,15,0,0.0,0,0,0,14,13,1,0,0,,42,63.64,0,0,0,107,12,1,0,10,906,1,6.0,2,0,0,0,0.0,0,0,0,0,118,1,0,6.78,2,0,0,0,0,0,0,0,0.0,0.0,0,5,1,1,2,3,75.0,0,30,24,80.0,1,63,4,2,60,63.16,110,223,311,534,88.1,6,0,683,9,1,0,Théo Pellenard,Stade Lavallois,369546,1673
11,5,22.73,80,9,32.14,136,95,231,71.96,24,34.29,46,29,5,0,0,0,39,6,3,5,1,20,29,0,0,17,11,115,0,1,,,32,0,28.13,0,9,14,16,13,3,9,0,,35,33.65,4,0,1,90,8,23,1,25,1656,21,2.0,0,0,1,1,100.0,0,1,0,1,177,9,0,6.78,0,4,0,0,0,0,0,0,184.0,0.0,0,28,4,10,17,12,52.17,0,20,12,60.0,23,25,23,22,59,33.91,28,206,115,321,196.5,32,2,550,4,2,0,Antoine Rabillard,Le Mans,369392,1672
15,5,41.67,138,10,71.43,238,198,436,76.09,25,29.41,60,34,4,0,0,2,68,7,19,27,5,23,34,0,0,24,7,129,0,0,,,32,0,17.05,0,15,19,44,40,4,13,2,,49,41.53,2,0,2,137,6,21,3,33,2897,29,2.0,0,0,4,0,50.0,0,2,0,0,244,22,0,6.77,0,10,0,0,0,0,0,0,193.13,0.0,3,73,15,23,38,6,33.33,0,9,4,44.44,21,24,18,12,74,36.45,14,339,234,573,230.2,88,2,916,34,4,0,Louis Mafouta,Guingamp,857002,1654
11,1,10.0,105,12,75.0,194,101,295,67.66,84,51.53,79,33,4,1,0,1,38,5,17,21,8,26,33,0,0,35,6,193,0,1,,,67,0,15.38,0,12,16,30,27,3,12,0,,81,41.54,2,0,2,141,3,19,0,33,2924,48,5.0,0,1,4,0,50.0,0,2,0,1,271,10,0,6.77,0,10,0,0,0,0,0,0,243.67,0.0,0,70,8,25,32,9,42.86,0,10,5,50.0,18,20,21,10,165,46.09,16,315,121,436,223.3,78,2,830,64,3,0,Alexandre Mendy,Montpellier,609226,1642
5,2,8.0,159,11,52.38,229,94,323,81.16,4,18.18,18,24,3,0,0,0,55,4,1,6,1,3,24,0,0,13,4,64,0,1,,,12,0,13.04,0,3,6,14,12,2,3,0,,48,51.06,1,0,0,75,11,16,0,15,1242,6,0.0,0,1,0,0,0.0,0,0,0,1,172,9,0,6.77,0,2,0,0,0,0,0,0,414.0,0.0,0,15,8,6,11,14,43.75,0,11,4,36.36,15,13,32,25,52,44.83,21,282,116,398,162.4,23,0,624,23,1,0,Thiemoko Diarra,Stade de Reims,1427156,1682
0,0,0.0,6,0,0.0,6,2,8,57.14,0,0.0,3,4,0,0,0,0,2,0,0,2,0,0,3,0,0,1,0,8,0,0,,,3,0,25.0,0,1,1,2,2,0,1,0,,2,28.57,0,0,1,6,1,0,0,1,83,0,0.0,0,0,0,0,0.0,0,0,0,0,14,1,0,6.77,0,1,0,0,0,0,0,0,83.0,0.0,0,4,0,1,1,0,0.0,0,1,0,0.0,0,1,1,2,2,20.0,0,10,4,14,20.3,4,0,34,1,0,0,Junior Ndiaye,Montpellier,1195700,1642
0,1,50.0,3,2,100.0,11,9,20,95.24,1,100.0,0,3,0,0,0,0,2,0,0,0,0,0,3,0,0,0,0,1,0,0,,,1,0,0.0,0,0,0,0,0,0,0,0,,0,0.0,0,0,0,1,0,0,0,0,29,1,0.0,0,0,0,0,0.0,0,0,0,0,3,0,0,6.77,0,0,0,0,0,0,0,0,0.0,0.0,0,0,0,0,0,0,0.0,0,0,0,0.0,0,0,0,2,1,50.0,2,12,9,21,20.3,0,0,31,0,0,0,Noah Donkor,Troyes,2341238,1652
12,23,23.71,110,12,34.29,181,129,310,69.51,27,50.94,26,32,1,0,1,0,81,5,12,10,3,19,32,0,0,29,17,126,0,0,,,29,0,7.58,0,5,6,33,27,6,4,1,,68,40.48,1,0,2,136,4,30,1,25,2167,6,3.0,0,0,1,1,0.0,0,0,0,0,340,10,0,6.77,0,3,0,0,0,0,0,0,433.4,0.0,2,50,16,26,30,23,43.4,0,27,20,74.07,30,32,53,97,95,42.99,35,280,166,446,216.5,66,1,925,18,3,0,Teddy Averlant,Amiens SC,1440515,1676
26,0,0.0,167,45,40.54,316,302,618,79.95,29,49.15,30,30,2,0,0,0,141,1,1,2,5,43,30,0,0,14,5,120,0,0,,,57,0,0.0,0,0,2,26,20,6,0,0,,115,56.1,0,0,1,155,29,15,0,28,2372,1,6.0,0,0,0,0,0.0,0,0,0,0,244,16,0,6.76,1,0,0,0,0,0,0,0,0.0,0.0,0,3,9,8,2,20,52.63,0,59,39,66.1,15,64,38,5,144,54.55,111,443,330,773,202.9,12,0,1144,39,7,1,Jordan Mendes Correia,Rodez AF,1528670,6925
14,8,16.0,116,24,54.55,182,107,289,71.36,25,60.98,16,31,0,0,0,0,94,4,2,9,0,10,29,0,0,16,18,87,1,0,,,22,0,10.71,0,3,3,22,18,4,2,1,,77,52.03,1,0,2,116,15,14,2,18,1503,5,1.0,0,0,0,0,0.0,0,0,0,0,231,13,0,6.76,0,0,0,0,0,0,0,0,501.0,0.0,0,19,9,12,7,14,48.28,0,37,21,56.76,14,28,29,50,102,53.97,44,273,132,405,196.1,28,1,710,26,3,0,Octave Joly,Rodez AF,1170352,6925
2,2,22.22,66,4,50.0,114,39,153,68.0,41,49.4,42,21,0,0,0,0,27,3,4,10,1,3,21,0,0,7,9,89,0,0,,,22,0,13.51,0,5,5,4,3,1,5,0,,45,48.91,0,0,2,72,0,5,0,8,836,3,1.0,0,0,0,0,0.0,0,0,0,0,138,8,0,6.76,0,5,0,0,0,0,0,0,167.2,0.0,0,30,7,12,15,9,42.86,0,14,6,42.86,5,10,21,9,86,49.14,8,175,50,225,142.0,37,0,422,23,2,0,Renaud Ripart,Troyes,247445,1652
57,0,0.0,12,111,38.54,54,684,738,79.87,2,66.67,1,26,0,0,0,0,179,0,0,0,5,25,26,1,0,0,2,4,1,1,,,1,0,0.0,94,0,0,30,25,5,0,0,,12,80.0,0,9,0,186,0,0,0,25,2297,0,0.0,1,0,0,1,0.0,4,0,0,0,189,0,4,6.76,0,0,16,39,24,65,0,14,0.0,0.0,0,0,0,0,0,1,100.0,16,1,0,0.0,0,93,1,0,14,77.78,288,194,730,924,175.8,0,0,1107,10,4,0,Mathys Niflore,USL Dunkerque,1479500,6918
1,0,0.0,7,4,66.67,14,4,18,81.82,0,0.0,3,6,0,0,0,0,3,0,0,1,0,2,5,0,0,4,2,13,0,0,,,0,0,66.67,0,2,2,1,1,0,2,0,,2,16.67,0,0,0,4,0,0,1,1,137,2,0.0,0,0,0,0,0.0,0,0,0,0,16,1,0,6.76,0,1,0,0,0,0,0,0,68.5,0.0,0,2,1,0,2,1,20.0,0,0,0,0.0,0,2,5,0,2,13.33,6,16,6,22,33.8,3,0,46,1,0,0,Ange Chibozo,Amiens SC,1017539,1676
1,1,14.29,22,1,50.0,32,5,37,72.55,0,0.0,3,5,0,0,0,0,7,0,1,2,0,1,5,0,0,1,2,10,0,0,,,2,0,20.0,0,1,1,1,1,0,1,0,,8,53.33,0,0,0,14,2,4,1,2,254,3,0.0,0,0,0,0,0.0,0,0,0,0,28,3,0,6.76,0,0,0,0,0,0,0,0,254.0,0.0,0,3,2,1,2,1,33.33,0,2,1,50.0,4,3,3,7,8,44.44,2,41,10,51,33.8,5,0,88,5,0,0,Mattheo Guendez,Nancy,2407552,1675
15,4,15.38,209,17,32.69,381,289,670,75.11,67,48.2,72,33,1,0,0,0,103,1,3,15,2,21,33,0,0,30,24,196,0,1,,,54,0,4.35,0,2,3,42,41,1,2,0,,129,50.99,0,0,2,222,22,12,0,29,2481,3,7.0,0,0,0,0,0.0,0,0,0,1,365,8,0,6.76,0,2,0,0,0,0,0,0,1240.5,0.0,0,29,17,22,9,14,43.75,0,51,27,52.94,12,41,32,26,196,50.0,52,551,341,892,223.0,46,0,1361,66,6,0,Walid Bouabdelli,Nancy,1168387,1675
16,19,30.16,183,11,57.89,307,166,473,85.84,3,16.67,15,21,3,0,0,0,42,7,0,5,0,7,21,0,0,11,6,42,0,0,,,10,0,12.5,0,1,4,13,13,0,1,0,,31,53.45,0,0,0,78,6,28,0,13,1127,2,1.0,0,0,0,0,0.0,0,0,0,0,163,6,0,6.76,0,1,0,0,0,0,0,0,1127.0,0.0,3,3,5,2,1,4,66.67,0,14,12,85.71,28,25,6,63,34,44.74,19,370,181,551,141.9,8,0,748,13,1,0,Yohan Demoncy,Guingamp,352926,1654
37,0,0.0,48,63,40.65,195,571,766,79.3,111,68.94,50,27,0,0,0,0,99,2,2,5,9,161,27,0,0,2,5,80,0,2,,,27,0,0.0,0,0,0,25,19,6,0,0,,38,55.88,0,0,0,200,20,4,0,25,2262,0,12.0,0,0,0,0,0.0,0,0,0,0,211,0,0,6.76,0,0,0,0,0,0,0,0,0.0,0.0,1,17,4,14,2,4,100.0,0,17,12,70.59,4,71,4,0,149,65.07,155,312,654,966,182.4,21,0,1297,17,8,0,Axel Drouhin,Annecy FC,1511918,210894
4,12,27.27,36,2,22.22,60,25,85,65.89,2,14.29,12,13,1,0,0,0,16,2,0,2,0,5,13,0,0,13,5,57,0,0,,,18,0,23.08,0,3,4,6,3,3,2,1,,36,44.44,0,0,0,44,4,14,0,7,566,0,1.0,0,0,0,0,0.0,0,0,0,0,124,4,0,6.75,1,3,0,0,0,0,0,0,188.67,0.0,3,6,7,0,11,7,38.89,0,16,10,62.5,14,13,18,44,38,40.0,9,97,32,129,87.8,13,0,308,13,2,1,Josué Tiendrebeogo,Annecy FC,1897363,210894
0,1,25.0,52,2,28.57,99,58,157,67.09,58,65.17,31,17,3,0,0,0,18,2,5,6,0,22,17,0,0,17,5,78,0,0,,,22,0,14.29,0,4,7,13,12,1,4,0,,15,24.19,2,0,1,77,4,11,1,12,1062,12,0.0,0,0,0,0,0.0,0,0,0,0,142,1,0,6.75,0,1,0,0,0,0,0,0,265.5,0.0,0,24,4,9,13,5,38.46,0,3,2,66.67,11,1,13,4,73,48.34,7,163,71,234,114.8,28,0,405,8,2,0,Nesta Elphege,Grenoble Foot 38,1486729,1671
9,7,26.92,54,10,35.71,109,141,250,85.62,12,57.14,9,21,1,0,0,0,36,0,0,1,0,13,17,0,0,4,6,33,0,0,,,7,0,25.0,0,1,2,9,9,0,0,1,,32,57.14,0,0,0,42,11,5,1,4,601,2,3.0,0,0,0,0,0.0,0,0,0,0,97,0,0,6.75,0,0,0,0,0,0,0,0,601.0,0.0,0,2,2,2,1,7,50.0,0,14,8,57.14,5,19,14,26,44,57.14,28,137,155,292,114.8,4,1,483,12,3,0,Anis Ouzenadji,Troyes,1930179,1652
34,6,37.5,141,45,50.56,399,806,1205,92.2,36,58.06,26,21,0,0,0,0,66,3,0,2,2,81,21,0,0,6,5,59,0,1,,,15,0,0.0,31,0,0,27,23,4,0,0,,30,47.62,0,0,0,102,24,8,0,20,1702,0,8.0,0,0,0,1,0.0,0,0,0,0,147,1,0,6.75,0,0,0,0,0,0,0,0,0.0,0.0,0,6,3,6,1,3,30.0,0,14,11,78.57,8,60,10,16,66,52.8,89,465,842,1307,141.8,9,1,1604,15,2,0,Victor Mayela,USL Dunkerque,1897489,6918
1,0,0.0,18,0,0.0,29,14,43,69.35,6,66.67,3,4,0,0,0,0,14,1,2,0,0,0,4,0,0,6,2,27,0,0,,,8,0,25.0,0,1,1,3,3,0,1,0,,14,36.84,0,0,0,19,3,3,1,4,277,3,0.0,0,0,0,0,0.0,0,0,0,0,50,1,0,6.75,0,0,0,0,0,0,0,0,277.0,0.0,0,3,1,2,2,1,10.0,0,8,6,75.0,3,2,10,3,20,42.55,1,42,20,62,27.0,4,0,128,5,0,0,Tanguy Coulibaly,Montpellier,954060,1642
5,11,50.0,70,8,53.33,116,94,210,84.34,3,37.5,5,20,4,0,0,0,27,3,2,2,0,3,20,0,0,3,2,31,0,0,,,15,0,0.0,0,0,4,6,5,1,0,0,,32,55.17,0,0,0,39,4,21,0,3,517,0,0.0,0,0,0,0,0.0,0,0,0,0,73,3,0,6.75,0,0,0,0,0,0,0,0,0.0,0.0,0,2,6,4,2,7,50.0,0,12,8,66.67,21,12,14,22,35,53.03,15,150,99,249,135.0,8,1,359,13,2,0,Eddy Sylvestre,USL Dunkerque,962374,6918
0,0,0.0,1,0,0.0,1,1,2,100.0,0,0.0,0,2,0,0,0,0,0,0,0,0,0,3,2,0,0,0,0,0,0,0,,,0,0,0.0,0,0,0,0,0,0,0,0,,1,100.0,0,0,0,0,1,0,0,0,20,0,0.0,0,0,0,0,0.0,0,0,0,0,2,0,0,6.75,0,0,0,0,0,0,0,0,0.0,0.0,0,0,0,0,0,0,0.0,0,1,0,0.0,0,0,0,1,1,100.0,0,1,1,2,13.5,0,0,11,0,0,0,Isyak Mohamed,Montpellier,2270129,1642
12,12,27.27,117,19,63.33,227,190,417,87.06,9,50.0,9,27,0,0,0,0,44,0,2,6,0,10,27,0,0,10,7,40,0,0,,,9,0,4.35,0,1,1,14,14,0,1,0,,46,59.74,0,0,1,62,9,8,0,7,893,2,2.0,0,0,0,0,0.0,0,0,0,0,130,6,0,6.75,0,1,0,0,0,0,0,0,893.0,0.0,1,15,8,8,9,7,58.33,0,13,10,76.92,8,22,12,44,55,57.89,30,273,206,479,182.2,23,0,674,26,2,0,Tanguy Ahile,Guingamp,2043594,1654
6,0,0.0,59,9,42.86,185,164,349,88.8,9,45.0,11,19,0,0,0,0,47,0,0,3,1,17,17,0,1,13,6,68,1,0,,,29,0,16.67,0,1,1,16,15,1,1,0,,69,54.76,0,0,0,44,16,7,1,13,1038,0,7.0,0,0,0,0,0.0,0,0,0,0,99,3,0,6.75,1,0,0,0,0,0,0,0,1038.0,0.0,0,4,2,2,1,10,52.63,0,32,17,53.13,7,14,19,2,78,53.42,21,218,175,393,114.7,6,1,596,27,2,0,Allan Ackra,Clermont Foot,1528468,1680
8,2,100.0,34,7,50.0,92,107,199,88.44,4,33.33,8,15,1,0,0,0,30,1,0,3,0,5,15,0,0,5,0,28,0,0,,,14,0,28.57,0,2,3,10,8,2,1,1,,29,59.18,0,0,0,26,5,3,0,5,498,1,2.0,0,0,0,0,0.0,0,0,0,0,49,3,0,6.75,0,2,0,0,0,0,0,0,249.0,0.0,0,2,5,0,4,3,60.0,0,10,5,50.0,3,18,5,2,33,54.1,14,111,114,225,101.2,7,1,317,17,2,0,Darly N’Landu,Guingamp,859031,1654
3,0,0.0,32,5,55.56,55,19,74,74.75,1,12.5,7,11,1,0,0,0,21,3,1,5,0,4,11,0,0,6,4,41,0,0,,,12,0,0.0,0,0,1,4,4,0,0,0,,25,42.37,0,0,0,25,6,5,0,3,347,1,0.0,0,0,0,0,0.0,0,0,0,1,63,1,0,6.75,0,0,0,0,0,0,0,0,0.0,0.0,0,7,7,6,3,7,35.0,0,9,6,66.67,5,8,20,8,26,38.81,9,75,24,99,74.2,14,0,200,9,3,0,Mathis Houdayer,Stade Lavallois,1146204,1673
51,0,0.0,131,90,48.65,520,987,1507,88.13,38,61.29,24,31,1,0,0,0,116,0,3,0,6,165,31,0,1,1,14,73,0,2,,,27,0,6.25,42,1,2,34,31,3,1,0,,44,47.31,1,0,1,203,28,8,0,30,2610,2,23.0,0,0,0,1,0.0,0,0,0,0,231,1,0,6.75,1,0,0,0,0,0,0,0,2610.0,0.0,0,13,3,8,8,5,38.46,0,26,17,65.38,8,113,13,0,82,52.9,185,658,1052,1710,209.1,16,0,2089,14,5,0,Yoann Salmier,Clermont Foot,785518,1680
13,0,0.0,65,6,54.55,135,98,233,78.72,9,45.0,11,20,0,0,0,0,46,0,1,3,1,14,20,0,0,5,4,49,0,0,,,28,0,12.5,0,1,1,7,5,2,1,0,,45,54.22,0,0,1,63,7,4,0,8,808,0,5.0,0,0,0,0,0.0,0,0,0,0,87,4,0,6.75,0,1,0,0,0,0,0,0,808.0,0.0,0,2,6,3,2,4,57.14,0,32,14,43.75,4,21,7,0,54,52.43,11,175,121,296,134.9,8,0,419,9,2,0,Alexis Casadei,Annecy FC,1388579,210894
19,16,20.25,111,28,47.46,206,112,318,71.95,6,50.0,6,29,5,0,0,1,50,6,3,10,0,11,29,0,0,16,11,58,0,0,,,16,0,7.14,0,2,7,14,11,3,2,0,,62,54.39,0,0,0,124,15,23,1,16,1409,1,0.0,0,1,2,0,50.0,0,1,0,0,239,2,0,6.74,0,0,0,0,0,0,0,0,704.5,0.0,4,15,13,9,9,12,57.14,0,28,10,35.71,22,55,21,79,68,53.97,59,305,137,442,195.6,28,1,732,23,4,0,Saîf-Eddine Khaoui,Red Star FC,346262,52874
14,7,14.29,84,16,34.78,185,202,387,79.3,9,64.29,5,17,0,0,0,0,52,1,0,4,3,33,16,0,0,13,7,56,0,1,,,11,0,0.0,0,0,0,17,16,1,0,0,,60,54.05,0,0,0,101,12,5,0,11,1027,0,6.0,0,0,0,0,0.0,0,0,0,0,219,3,0,6.74,0,0,0,0,0,0,0,0,0.0,0.0,0,5,3,2,2,20,50.0,0,30,21,70.0,5,32,40,49,69,55.2,46,250,238,488,107.9,8,0,853,10,3,0,Cheick Oumar Konaté,Clermont Foot,1469500,1680
20,0,0.0,42,25,58.14,139,319,458,89.98,21,70.0,9,7,0,0,0,0,21,1,0,0,1,19,7,0,0,2,5,27,0,2,,,11,0,0.0,17,0,0,9,8,1,0,0,,17,48.57,0,0,0,51,13,1,0,7,606,0,4.0,1,0,0,0,0.0,0,0,0,0,63,0,0,6.74,0,0,0,0,0,0,0,0,0.0,0.0,0,0,0,0,0,3,75.0,0,7,5,71.43,1,29,4,1,38,58.46,43,165,344,509,47.2,0,0,595,7,1,0,Bram Lagae,USL Dunkerque,1126688,6918
26,0,0.0,16,111,26.81,79,367,446,59.39,4,66.67,2,28,0,0,0,0,195,0,0,0,5,27,28,0,0,0,1,3,2,0,,,0,0,0.0,264,0,0,50,44,6,0,0,,6,85.71,0,19,0,305,0,0,0,28,2520,0,0.0,0,0,0,0,0.0,10,0,2,0,307,0,7,6.74,0,0,11,63,25,90,0,24,0.0,0.0,0,0,0,0,0,0,0.0,11,0,0,0.0,0,61,0,0,10,76.92,414,340,411,751,188.8,0,0,1038,7,0,0,Paul Bernardoni,Amiens SC,361314,1676
31,1,14.29,100,34,54.84,249,344,593,85.94,14,66.67,7,19,1,0,0,0,78,0,1,0,0,10,19,0,0,11,6,42,0,1,,,14,0,0.0,0,0,1,19,17,2,0,0,,31,46.97,0,0,0,97,17,8,0,12,1025,1,4.0,0,0,0,0,0.0,0,0,0,0,137,8,0,6.74,0,0,0,0,0,0,0,0,0.0,0.0,0,1,1,2,0,3,33.33,0,18,9,50.0,8,56,9,7,45,51.72,62,323,367,690,128.1,2,0,829,12,2,0,Jonas Martin,US Boulogne Côte-d'Opale,123264,1711
4,7,31.82,85,4,57.14,144,54,198,80.49,0,0.0,1,12,0,0,0,0,28,0,2,4,0,2,12,0,0,6,3,31,0,0,,,8,0,8.33,0,1,1,9,7,2,1,0,,34,53.13,0,0,0,48,6,8,0,9,682,2,0.0,0,0,0,0,0.0,0,0,0,1,108,6,0,6.74,0,1,0,0,0,0,0,0,682.0,0.0,1,6,6,3,5,9,40.91,0,7,5,71.43,8,6,22,22,34,52.31,7,182,64,246,80.9,12,0,384,18,0,0,Morgan Bokele Mputu,USL Dunkerque,1394735,6918
2,1,50.0,21,9,81.82,34,34,68,90.67,1,33.33,2,5,0,0,0,0,3,0,0,0,0,1,5,0,0,1,3,7,0,0,,,1,0,0.0,0,0,0,1,1,0,0,0,,8,61.54,0,0,0,7,0,3,0,0,98,0,0.0,0,0,0,0,0.0,0,0,0,0,13,1,0,6.74,0,0,0,0,0,0,0,0,0.0,0.0,0,0,0,0,0,1,100.0,0,5,4,80.0,3,3,1,2,9,56.25,11,39,36,75,33.7,0,0,96,2,0,0,Samuel Renel,Red Star FC,1005030,52874
6,17,26.98,88,8,28.57,132,90,222,70.25,10,43.48,13,33,2,0,0,0,64,4,1,8,0,38,33,0,0,17,9,89,0,0,,,22,0,0.0,0,0,2,23,21,2,0,0,,95,55.56,0,0,0,94,12,22,0,22,1698,1,1.0,0,0,0,0,0.0,0,0,0,1,246,10,0,6.74,0,0,0,0,0,0,0,0,0.0,0.0,0,11,5,2,6,21,42.0,0,48,26,54.17,22,10,50,63,105,54.12,28,204,112,316,222.4,16,0,738,26,4,0,Nesta Zahui,Grenoble Foot 38,1130309,1671
24,11,29.73,138,20,45.45,259,194,453,74.63,25,59.52,17,27,3,0,0,0,83,4,3,7,3,15,27,0,0,14,13,78,0,0,,,22,0,0.0,0,0,3,17,13,4,0,0,,70,53.44,0,0,0,154,18,14,0,21,1597,1,7.0,0,0,0,0,0.0,0,0,0,1,243,10,0,6.74,0,0,0,0,0,0,0,0,0.0,0.0,0,14,13,11,9,10,45.45,0,40,18,45.0,14,61,22,37,95,54.91,44,383,224,607,181.9,27,0,910,20,3,0,Milan Robin,Le Mans,1168500,1672
11,6,31.58,124,8,44.44,196,94,290,68.08,85,49.71,86,33,3,0,0,0,52,6,8,12,1,14,33,0,0,15,17,170,0,0,,,42,0,18.87,0,10,13,16,14,2,9,1,,43,33.86,2,0,0,136,9,24,2,22,1843,19,1.0,0,0,4,0,100.0,0,4,0,1,261,16,0,6.74,0,6,0,0,0,0,0,0,184.3,0.0,0,43,10,19,22,6,28.57,0,14,8,57.14,24,16,21,19,128,42.95,18,310,116,426,222.3,53,4,752,25,2,0,Dame Gueye,Le Mans,945635,1672
16,15,24.59,156,18,50.0,283,152,435,72.86,52,33.55,103,29,1,0,1,0,59,3,7,11,3,27,29,0,0,32,7,198,0,0,,,36,0,19.15,0,9,10,32,29,3,8,1,,66,40.99,1,0,1,162,8,27,1,26,2302,10,1.0,0,0,4,0,75.0,0,3,0,0,353,16,0,6.73,0,7,0,0,0,0,0,0,255.78,0.0,1,33,14,14,22,24,51.06,0,15,10,66.67,27,31,47,61,118,37.34,36,419,178,597,195.3,47,0,1022,27,4,0,Mamadou Camara,Stade Lavallois,1035698,1673
59,3,17.65,109,65,45.45,245,330,575,73.16,38,55.07,31,27,2,0,0,0,88,3,0,3,3,71,27,0,0,9,28,100,2,0,,,28,0,0.0,6,0,2,36,34,2,0,0,,62,47.33,0,0,0,211,26,10,0,25,2104,0,12.0,0,1,0,1,0.0,0,0,0,0,294,5,0,6.73,1,0,0,0,0,0,0,0,0.0,0.0,0,5,3,4,1,4,36.36,0,49,32,65.31,9,121,11,17,100,50.0,143,383,403,786,181.8,8,0,1151,9,4,1,Maxence Carlier,Nancy,891811,1675
34,5,33.33,199,40,54.05,426,370,796,83.26,23,53.49,20,28,4,0,0,0,127,6,5,6,4,31,28,0,0,27,11,128,0,1,,,51,0,3.57,0,1,5,14,12,2,0,1,,79,42.25,0,0,0,160,20,22,0,17,1640,7,3.0,1,0,0,0,0.0,0,0,0,0,290,13,0,6.73,0,1,0,0,0,0,0,0,1640.0,0.0,0,13,15,15,7,24,53.33,0,37,26,70.27,22,70,45,15,102,44.35,74,556,400,956,188.5,28,1,1307,18,5,0,Patrick Zabi,Stade de Reims,2041113,1682
19,16,40.0,74,17,45.95,122,169,291,78.44,7,38.89,11,25,0,0,0,0,43,2,1,1,1,37,25,0,0,5,17,55,0,0,,,19,0,0.0,0,0,0,10,5,5,0,0,,50,53.19,0,0,0,80,17,17,0,10,1003,3,2.0,0,0,0,0,0.0,0,0,0,0,155,3,0,6.73,0,0,0,0,0,0,0,0,0.0,0.0,0,5,3,4,3,4,50.0,0,29,15,51.72,17,42,8,40,57,50.89,37,175,196,371,168.3,8,1,679,17,1,0,Mathieu Mion,Grenoble Foot 38,1528220,1671
19,0,0.0,8,66,36.46,32,177,209,63.14,2,100.0,0,11,1,0,0,0,95,1,0,0,3,8,11,0,0,0,2,2,2,0,,,0,0,0.0,66,0,1,23,20,3,0,0,,2,50.0,0,6,0,122,0,1,0,10,969,0,0.0,1,0,0,0,0.0,3,0,1,0,128,0,0,6.73,0,0,5,19,4,23,0,5,0.0,0.0,0,0,0,0,0,0,0.0,5,0,0,0.0,1,55,0,0,4,66.67,181,117,214,331,74.0,0,0,422,2,0,0,Esteban Salles,Pau FC,553446,1685
13,20,31.75,145,22,46.81,251,120,371,74.8,15,30.0,35,30,3,0,0,0,75,8,2,19,0,10,30,0,0,44,6,164,0,0,,,43,0,6.12,0,3,6,34,33,1,3,0,,113,46.69,0,0,0,125,16,23,3,19,1683,5,0.0,0,1,0,0,0.0,0,0,0,1,326,13,0,6.73,0,0,0,0,0,0,0,0,561.0,0.0,3,18,31,16,14,18,32.73,0,29,20,68.97,22,32,55,63,128,43.84,47,352,144,496,201.8,49,2,983,66,3,0,Noah Fatar,US Boulogne Côte-d'Opale,996961,1711
10,2,28.57,55,8,88.89,94,60,154,85.56,2,13.33,13,12,1,0,0,0,46,1,4,5,0,3,12,0,0,9,4,55,0,0,,,13,0,0.0,0,0,1,7,6,1,0,0,,38,47.5,0,0,0,26,6,4,0,5,595,2,0.0,0,0,0,0,0.0,0,0,0,0,79,6,0,6.73,0,0,0,0,0,0,0,0,0.0,0.0,0,14,3,6,6,13,44.83,0,14,12,85.71,4,13,29,7,40,42.11,9,118,62,180,80.7,17,0,315,11,1,0,Adil Bourabaa,Le Mans,2359810,1672
57,0,0.0,116,75,37.31,291,479,770,78.33,42,52.5,38,30,2,0,0,0,77,2,1,8,5,133,29,0,0,0,9,78,0,2,,,32,0,5.0,6,1,3,41,39,2,1,0,,55,57.89,0,0,0,213,33,5,0,26,2338,2,19.0,0,0,0,0,0.0,0,0,0,0,242,1,0,6.72,1,1,0,0,0,0,0,0,2338.0,0.0,0,16,4,8,4,0,0.0,0,40,25,62.5,5,133,2,3,97,55.43,201,448,535,983,195.0,20,0,1329,15,2,1,Nehemiah Fernandez,Nancy,1129333,1675
3,0,0.0,41,3,60.0,65,34,99,75.0,5,27.78,13,13,1,0,0,0,26,2,2,5,1,5,13,0,0,11,1,45,0,0,,,13,0,9.52,0,2,3,22,20,2,2,0,,32,50.0,0,0,0,33,1,6,1,10,841,2,0.0,0,0,0,0,0.0,0,0,0,0,73,7,0,6.72,0,1,0,0,0,0,0,0,420.5,0.0,0,16,5,9,7,6,46.15,0,3,2,66.67,6,4,13,3,37,45.12,5,94,38,132,87.4,21,0,242,23,0,0,Samuel Ntamack Ndimba,Amiens SC,1129368,1676
32,14,21.21,113,30,32.97,249,311,560,73.11,23,41.07,33,31,1,0,0,0,124,3,2,4,7,69,31,0,0,14,23,131,0,0,,,36,0,10.53,1,2,3,30,27,3,2,0,,107,52.2,0,0,0,206,26,17,2,28,2388,6,7.0,0,0,0,0,0.0,0,0,0,0,404,9,0,6.72,0,0,0,0,0,0,0,0,1194.0,0.0,0,13,6,7,8,27,51.92,0,72,40,55.56,17,68,52,66,130,49.81,91,370,396,766,208.4,19,1,1448,8,7,0,Matthéo Xantippe,Grenoble Foot 38,1121313,1671
30,7,18.42,132,40,44.94,268,334,602,79.42,18,36.73,31,31,1,0,0,0,118,1,0,2,3,12,31,0,0,16,13,119,0,1,,,39,0,11.11,0,2,3,15,12,3,2,0,,86,49.43,0,0,0,156,20,10,1,24,1942,0,4.0,0,1,0,0,0.0,0,0,0,0,264,7,0,6.72,0,1,0,0,0,0,0,0,971.0,0.0,0,7,11,6,10,17,43.59,0,50,37,74.0,9,54,39,38,104,46.64,89,387,371,758,208.4,18,0,1106,19,2,0,Edwin Quarshie,Le Mans,945943,1672
20,3,33.33,131,49,33.79,357,505,862,75.15,68,62.96,40,31,1,0,0,0,126,2,0,1,8,188,31,0,0,9,22,106,0,1,,,29,0,0.0,0,0,1,33,26,7,0,0,,77,53.85,0,0,0,285,42,4,0,30,2668,1,10.0,0,0,0,2,0.0,0,0,0,0,455,4,0,6.72,0,0,0,0,0,0,0,0,0.0,0.0,0,0,4,3,0,7,41.18,0,46,32,69.57,4,44,17,9,145,57.77,145,548,599,1147,208.4,4,0,1837,25,7,0,Julien Kouadio,Annecy FC,1529931,210894
5,2,28.57,20,5,45.45,39,17,56,74.67,0,0.0,1,9,2,0,0,0,17,1,0,0,0,1,9,0,0,3,2,16,0,0,,,7,0,20.0,0,1,3,2,2,0,1,0,,9,37.5,0,0,0,19,2,6,0,1,224,2,0.0,0,0,1,0,100.0,0,1,0,0,35,2,0,6.72,0,1,0,0,0,0,0,0,224.0,0.0,0,1,4,1,4,2,40.0,0,5,5,100.0,6,10,5,7,9,36.0,11,56,19,75,60.5,5,0,125,2,1,0,Luka Boiteau,US Boulogne Côte-d'Opale,2024366,1711
17,0,0.0,99,23,47.92,189,152,341,81.19,6,42.86,8,21,1,0,0,0,65,2,0,5,0,25,21,0,0,5,10,48,0,0,,,17,0,0.0,0,0,1,11,8,3,0,0,,37,48.05,0,0,0,79,20,6,0,14,1108,3,0.0,0,0,0,0,0.0,0,0,0,0,124,8,0,6.72,0,0,0,0,0,0,0,0,0.0,0.0,0,2,5,2,0,9,52.94,0,15,12,80.0,6,36,17,9,43,47.25,48,259,161,420,141.1,7,1,607,13,3,0,Alexis Trouillet,Rodez AF,988732,6925
22,6,20.0,112,31,49.21,299,392,691,85.73,29,52.73,26,32,2,0,0,0,131,3,2,4,8,26,32,0,0,24,31,148,0,0,,,44,0,4.35,0,1,3,22,19,3,1,0,,113,48.09,0,0,1,115,34,12,1,25,2228,2,6.0,0,0,0,0,0.0,0,0,0,1,237,10,0,6.72,0,0,0,0,0,0,0,0,2228.0,0.0,2,12,11,13,6,13,36.11,0,53,34,64.15,12,36,36,30,142,48.97,63,380,426,806,215.0,23,0,1217,47,7,0,Théo Chennahi,Montpellier,1634349,1642
12,3,9.68,57,12,25.53,103,83,186,65.72,19,52.78,17,11,0,0,0,0,36,0,0,1,1,27,11,0,0,5,4,43,0,0,,,13,0,16.67,0,1,1,16,15,1,1,0,,44,62.86,1,0,0,97,17,3,0,10,894,1,1.0,0,0,0,0,0.0,0,0,0,0,190,2,0,6.72,0,0,0,0,0,0,0,0,894.0,0.0,0,4,2,2,3,6,37.5,0,31,22,70.97,3,23,16,31,63,59.43,47,170,113,283,73.9,6,0,601,7,2,0,Christ-Owen Kouassi,Stade Lavallois,1910643,1673
35,3,18.75,115,40,48.19,254,207,461,72.71,54,60.67,35,30,1,0,0,0,71,4,1,4,1,34,30,0,0,12,15,110,0,1,,,41,0,5.0,0,1,2,30,29,1,1,0,,66,46.81,1,0,1,173,34,17,0,20,1806,2,5.0,0,0,0,1,0.0,0,0,0,0,238,8,0,6.72,0,0,0,0,0,0,0,0,1806.0,0.0,0,9,11,13,3,7,43.75,0,49,34,69.39,17,65,16,16,120,52.17,83,382,252,634,201.5,20,0,935,10,2,0,Joffrey Bultel,US Boulogne Côte-d'Opale,1912460,1711
40,2,33.33,95,63,34.81,327,675,1002,81.2,40,46.51,46,29,0,0,0,0,87,1,2,0,6,140,28,0,0,7,14,102,0,0,,,28,0,16.67,3,1,1,38,34,4,1,0,,62,52.54,0,0,0,232,24,6,0,27,2394,0,21.0,0,0,0,0,0.0,0,0,0,0,261,2,0,6.71,0,1,0,0,0,0,0,0,2394.0,0.0,0,4,2,4,2,8,53.33,0,35,26,74.29,6,109,15,6,102,50.0,181,484,750,1234,188.0,6,0,1601,19,7,0,William Bianda,Stade Lavallois,859035,1673
15,9,30.0,57,6,46.15,108,100,208,82.54,15,83.33,3,15,1,0,0,0,23,1,0,1,0,12,15,0,0,2,6,27,0,0,,,14,0,0.0,0,0,1,8,7,1,0,0,,34,58.62,0,0,0,44,13,10,0,7,574,0,2.0,0,0,0,0,0.0,0,0,0,0,85,3,0,6.71,1,0,0,0,0,0,0,0,0.0,0.0,1,1,7,6,1,2,50.0,0,23,14,60.87,10,25,4,30,49,64.47,13,138,114,252,100.7,8,0,403,9,2,1,Ćazim Suljić,Nancy,782242,1675
3,9,33.33,61,6,60.0,91,40,131,49.62,48,45.71,57,28,2,0,0,0,37,7,15,10,1,1,28,0,0,18,8,139,0,0,,,33,0,10.87,0,5,7,15,12,3,5,0,,49,37.4,1,0,0,133,2,22,0,13,1415,20,0.0,0,0,0,0,0.0,0,0,0,0,260,10,0,6.71,0,4,0,0,0,0,0,0,283.0,0.0,0,42,4,12,24,17,41.46,0,13,9,69.23,22,9,41,27,97,41.1,10,201,63,264,187.9,46,1,544,21,2,0,Erwan Colas,Le Mans,1461961,1672
3,6,37.5,50,10,52.63,104,94,198,83.54,10,47.62,11,12,0,0,0,0,36,0,0,1,1,8,12,0,0,6,2,34,0,0,,,16,0,0.0,0,0,0,9,8,1,0,0,,32,58.18,0,0,0,39,5,7,0,6,586,1,1.0,0,0,0,0,0.0,0,0,0,0,67,5,0,6.71,0,0,0,0,0,0,0,0,0.0,0.0,1,0,4,1,2,4,100.0,0,15,9,60.0,7,9,4,16,42,55.26,19,134,103,237,80.5,4,0,337,13,2,0,Hianga'a M'Bock,Grenoble Foot 38,990820,1671
3,13,26.53,38,3,14.29,64,38,102,71.33,10,62.5,6,15,1,0,0,0,18,1,0,2,0,14,15,0,0,3,3,16,0,0,,,2,0,16.67,0,1,2,7,5,2,0,1,,14,58.33,0,0,0,41,9,7,1,3,437,0,1.0,0,0,0,0,0.0,0,0,0,0,98,1,0,6.71,0,0,0,0,0,0,0,0,437.0,0.0,0,2,4,3,1,3,42.86,0,6,5,83.33,7,10,7,49,24,60.0,21,91,52,143,100.6,6,1,294,5,0,0,Ryan Ponti,Rodez AF,1013951,6925
5,15,35.71,48,7,70.0,86,46,132,79.04,4,23.53,13,15,1,0,0,0,14,2,0,2,0,4,15,0,0,3,4,38,0,0,,,12,0,9.09,0,1,2,6,6,0,1,0,,27,51.92,0,0,0,35,3,10,0,6,517,3,0.0,0,0,0,0,0.0,0,0,0,0,85,1,0,6.71,0,1,0,0,0,0,0,0,517.0,0.0,1,6,5,3,6,7,50.0,0,11,9,81.82,10,13,14,42,31,44.93,10,114,53,167,100.6,11,0,296,9,0,0,Guillaume Trani,Red Star FC,1387102,52874
3,1,25.0,63,5,55.56,88,34,122,63.21,45,59.21,31,16,0,0,0,0,18,1,1,3,0,7,16,0,0,11,0,63,0,0,,,19,0,11.11,0,2,2,11,11,0,2,0,,24,42.86,0,0,1,71,1,13,1,7,663,7,1.0,0,0,1,0,100.0,0,1,0,0,123,3,0,6.71,0,1,0,0,0,0,0,0,331.5,0.0,1,16,2,8,7,5,50.0,0,4,2,50.0,13,9,10,4,69,52.27,9,144,49,193,107.3,18,0,322,16,1,0,Adrian Dabasse,Nancy,797702,1675
8,11,22.45,60,8,47.06,113,73,186,79.83,2,50.0,2,17,1,0,0,0,35,2,0,1,0,8,17,0,0,8,6,38,0,0,,,9,0,0.0,1,0,1,7,7,0,0,0,,34,48.57,0,0,0,47,5,12,0,3,485,3,0.0,0,0,0,0,0.0,0,0,0,0,135,2,0,6.71,0,0,0,0,0,0,0,0,0.0,0.0,0,2,3,3,1,10,43.48,0,11,7,63.64,12,17,23,49,36,48.65,17,146,87,233,114.0,5,0,416,13,2,0,Edhy Zuliani,Pau FC,1444641,1685
20,0,0.0,65,40,46.51,252,605,857,90.21,18,62.07,11,19,0,0,0,0,59,0,0,4,2,58,18,0,1,2,9,50,1,0,,,27,0,0.0,32,0,0,25,23,2,0,0,,32,45.07,0,0,0,93,13,1,0,17,1464,0,17.0,0,0,0,0,0.0,0,0,0,0,108,0,0,6.71,1,0,0,0,0,0,0,0,0.0,0.0,0,5,3,4,0,3,60.0,0,14,7,50.0,1,62,5,0,50,50.0,86,315,635,950,120.7,8,0,1134,15,4,0,Maximiliano Caufriez,Clermont Foot,800349,1680
32,2,25.0,98,22,31.43,253,284,537,79.32,24,51.06,23,23,0,0,0,0,89,0,2,4,5,38,22,0,1,11,9,93,1,0,,,48,0,6.67,0,1,1,20,17,3,1,0,,59,45.74,1,0,0,140,38,8,0,17,1571,0,5.0,0,0,0,0,0.0,0,0,0,0,192,9,0,6.7,1,0,0,0,0,0,0,0,1571.0,0.0,2,5,10,6,5,6,54.55,0,31,13,41.94,8,63,11,8,83,47.16,70,353,324,677,147.5,15,0,939,22,6,0,Everson Junior,Montpellier,1133559,1642
22,6,28.57,162,29,50.0,373,379,752,87.14,18,56.25,14,22,1,0,0,0,78,1,0,0,0,40,22,0,0,7,3,60,0,0,,,21,0,0.0,0,0,1,24,21,3,0,0,,63,57.8,0,0,0,111,17,10,0,17,1463,0,4.0,0,1,0,0,0.0,0,0,0,0,206,2,0,6.7,0,0,0,0,0,0,0,0,0.0,0.0,0,0,0,0,0,9,33.33,0,23,12,52.17,9,47,27,21,81,57.45,58,446,417,863,147.5,0,0,1252,31,6,0,Allan Linguet,USL Dunkerque,965216,6918
29,0,0.0,16,100,39.84,53,485,538,76.86,5,100.0,0,22,0,0,0,0,179,0,0,0,6,25,22,0,0,0,3,4,1,0,,,1,0,0.0,74,0,0,37,33,4,0,0,,7,63.64,0,19,0,162,0,0,0,22,1911,0,0.0,0,0,0,1,0.0,4,0,0,0,165,0,13,6.7,0,0,10,30,20,50,0,10,0.0,0.0,0,0,0,0,0,0,0.0,9,1,0,0.0,0,56,0,0,12,75.0,251,162,538,700,147.5,0,2,911,6,3,0,Noah Raveyre,Pau FC,1214870,1685
10,2,20.0,102,9,34.62,179,128,307,81.65,1,8.33,11,23,2,0,0,0,40,2,0,7,0,14,23,0,1,14,4,48,0,0,,,9,0,5.88,0,1,3,10,10,0,1,0,,34,47.89,1,0,0,69,2,12,0,9,922,2,0.0,0,0,0,0,0.0,0,0,0,0,133,2,0,6.7,1,0,0,0,0,0,0,0,922.0,0.0,0,9,8,7,3,11,50.0,0,17,15,88.24,12,21,22,10,35,42.17,26,226,150,376,154.2,17,0,538,6,0,0,Mamady Bangré,Grenoble Foot 38,994867,1671
34,5,12.82,136,39,38.24,309,361,670,84.6,29,50.0,29,25,0,0,0,0,52,0,1,2,5,53,25,0,0,3,8,79,1,0,,,32,0,16.67,1,1,1,20,18,2,1,0,,47,48.45,0,0,0,122,20,8,1,16,1489,5,1.0,0,0,0,0,0.0,0,0,0,0,206,2,0,6.7,0,0,0,0,0,0,0,0,1489.0,0.0,0,5,1,2,2,7,50.0,0,24,15,62.5,8,75,14,39,76,49.03,102,402,390,792,167.6,6,0,1125,17,5,0,Matthieu Huard,Red Star FC,989582,52874
7,0,0.0,88,13,65.0,148,92,240,80.27,13,33.33,26,29,1,0,0,0,41,3,3,8,0,8,29,0,0,24,10,89,0,0,,,14,0,12.9,0,4,5,22,21,1,4,0,,55,46.61,1,0,1,59,4,18,0,13,1280,2,5.0,0,0,1,0,100.0,0,1,0,0,155,6,0,6.7,0,3,0,0,0,0,0,0,320.0,0.0,0,25,6,9,14,23,56.1,0,11,10,90.91,18,15,41,5,68,43.31,20,197,102,299,194.3,31,1,544,21,0,0,Stanislas Kielt,Guingamp,1170325,1654
10,3,18.75,131,16,88.89,209,110,319,81.17,3,50.0,3,28,1,0,0,0,45,1,1,4,0,5,27,0,0,8,18,75,0,0,,,6,0,16.67,0,3,4,29,27,2,3,0,,51,41.46,0,0,1,74,9,7,1,14,1244,3,1.0,0,0,0,0,0.0,0,0,0,0,178,8,0,6.7,0,2,0,0,0,0,0,0,414.67,0.0,0,13,5,5,9,19,32.2,0,25,16,64.0,7,13,59,16,54,41.86,18,272,121,393,180.9,18,0,642,7,1,0,Ilyes Hamache,Amiens SC,1130984,1676
37,16,22.22,242,25,37.31,445,292,737,79.5,21,30.88,47,32,1,0,0,0,111,4,1,12,8,31,32,0,0,22,10,136,0,0,,,35,0,2.56,0,1,2,33,28,5,1,0,,88,49.72,1,0,0,190,26,35,0,30,2595,2,4.0,0,0,0,0,0.0,0,0,0,1,367,16,0,6.7,0,0,0,0,0,0,0,0,2595.0,0.0,1,22,17,16,11,14,36.84,0,30,21,70.0,35,80,38,72,109,44.49,67,593,334,927,214.4,39,0,1385,44,3,0,Ryad Hachem,Red Star FC,1168501,52874
1,2,33.33,15,2,40.0,23,10,33,75.0,2,100.0,0,8,0,0,0,0,14,0,0,1,0,1,8,0,0,3,6,20,0,0,,,4,0,50.0,0,1,1,1,1,0,1,0,,8,28.57,0,0,0,11,2,4,1,1,171,1,0.0,0,0,0,0,0.0,0,0,0,0,30,4,0,6.7,0,0,0,0,0,0,0,0,171.0,0.0,0,1,1,0,1,1,12.5,0,1,1,100.0,4,4,8,6,10,33.33,5,33,11,44,53.6,2,0,84,6,1,0,Mohamed Achi,Rodez AF,1172764,6925
8,4,17.39,136,5,41.67,199,77,276,78.86,3,20.0,12,24,0,0,0,0,51,3,6,4,0,8,24,0,1,14,6,64,0,0,,,8,0,4.76,0,1,1,17,16,1,1,0,,54,50.94,0,0,0,74,2,21,0,9,1001,7,0.0,0,0,0,0,0.0,0,0,0,0,157,9,0,6.7,1,1,0,0,0,0,0,0,1001.0,0.0,0,16,5,7,10,16,39.02,0,11,9,81.82,21,13,41,23,57,47.11,12,264,86,350,160.8,21,0,556,27,1,0,Freddy Mbemba,Guingamp,1397883,1654
0,0,0.0,1,1,50.0,1,6,7,77.78,0,0.0,2,1,0,0,0,0,0,0,0,0,0,0,1,0,0,0,0,2,0,0,,,1,0,0.0,0,0,0,0,0,0,0,0,,1,100.0,0,0,0,2,0,0,0,1,11,0,,0,0,0,0,0.0,0,0,0,0,2,0,0,6.7,0,0,0,0,0,0,0,0,0.0,0.0,0,0,0,0,0,0,0.0,0,1,0,0.0,0,0,0,0,1,33.33,2,2,7,9,6.7,0,0,10,0,0,0,Joseph Okumu,Stade de Reims,985933,1682
3,1,100.0,7,3,100.0,13,9,22,88.0,0,0.0,1,1,0,0,0,0,4,0,0,0,0,1,1,0,0,3,0,6,0,0,,,0,0,0.0,0,0,0,1,1,0,0,0,,2,28.57,0,0,0,3,1,0,0,1,75,0,0.0,0,0,0,0,0.0,0,0,0,0,10,0,0,6.7,0,0,0,0,0,0,0,0,0.0,0.0,0,0,0,0,0,1,33.33,0,1,1,100.0,0,3,3,1,2,25.0,3,16,9,25,6.7,0,0,40,0,0,0,Ilies Abdelkrim,Amiens SC,2019640,1676
0,1,100.0,1,0,0.0,4,5,9,90.0,0,0.0,0,1,0,0,0,0,0,0,0,0,0,0,1,0,0,0,0,0,0,0,,,0,0,0.0,0,0,0,0,0,0,0,0,,0,0.0,0,0,0,1,1,0,0,0,12,0,0.0,0,0,0,0,0.0,0,0,0,0,1,0,0,6.7,0,0,0,0,0,0,0,0,0.0,0.0,0,0,0,0,0,0,0.0,0,0,0,0.0,0,1,0,1,0,0.0,1,5,5,10,6.7,0,0,12,0,0,0,Mohafidh Ahamada,Red Star FC,1218512,52874
0,0,0.0,0,0,0.0,0,1,1,100.0,0,0.0,0,2,0,0,0,0,0,0,0,0,0,1,1,0,0,0,0,0,0,0,,,0,0,0.0,0,0,0,0,0,0,0,0,,1,100.0,0,0,0,0,1,0,0,0,9,0,1.0,0,0,0,0,0.0,0,0,0,0,1,0,0,6.7,0,0,0,0,0,0,0,0,0.0,0.0,0,0,0,0,0,0,0.0,0,1,1,100.0,0,0,0,0,1,100.0,0,0,1,1,6.7,0,0,8,0,0,0,Ilan Daf,Amiens SC,2147808,1676
6,1,33.33,11,3,30.0,26,30,56,83.58,1,33.33,2,5,0,0,0,0,8,1,0,0,0,2,4,0,0,3,2,8,0,0,,,0,0,0.0,0,0,0,3,3,0,0,0,,10,62.5,0,0,0,11,1,3,0,1,117,0,0.0,0,0,0,0,0.0,0,0,0,0,23,0,0,6.7,0,0,0,0,0,0,0,0,0.0,0.0,0,0,0,0,0,3,75.0,0,3,3,100.0,3,11,4,3,11,57.89,10,35,32,67,26.8,0,0,100,4,0,0,Oscar Aïssat,Amiens SC,2019643,1676
6,0,0.0,50,6,37.5,114,115,229,86.42,2,20.0,8,10,0,0,0,0,14,0,0,0,1,8,8,0,0,2,4,18,0,1,,,3,0,0.0,0,0,0,7,7,0,0,0,,13,56.52,0,0,0,36,4,2,0,5,427,0,2.0,0,0,0,0,0.0,0,0,0,0,45,3,0,6.7,0,0,0,0,0,0,0,0,0.0,0.0,0,1,0,1,0,0,0.0,0,4,3,75.0,2,10,1,1,15,45.45,16,136,129,265,53.6,1,0,314,9,2,0,Íñigo Eguaras,USL Dunkerque,572198,6918
41,26,16.99,223,52,37.96,423,496,919,77.49,26,48.15,28,33,1,0,0,0,149,6,0,10,6,83,33,0,0,16,35,142,1,0,,,42,0,6.9,0,2,3,37,32,5,2,0,,100,46.73,0,0,0,267,36,23,2,29,2639,1,8.0,0,0,0,0,0.0,0,0,0,0,512,6,0,6.7,0,0,0,0,0,0,0,0,1319.5,0.0,4,15,14,12,7,9,26.47,0,62,37,59.68,23,107,34,153,126,47.01,137,604,582,1186,221.0,29,1,2056,30,8,0,Julien Boyer,US Boulogne Côte-d'Opale,940213,1711
17,21,34.43,118,26,33.33,220,198,418,72.95,26,56.52,20,29,1,0,0,0,84,2,0,2,1,59,29,0,0,19,5,91,0,2,,,15,0,0.0,1,0,1,26,24,2,0,0,,86,54.78,0,0,1,155,18,20,0,19,1821,2,5.0,0,1,0,0,0.0,0,0,0,0,342,5,0,6.7,0,0,0,0,0,0,0,0,0.0,0.0,0,5,2,2,3,31,49.21,0,33,21,63.64,19,44,63,61,112,55.17,78,327,246,573,194.2,7,0,1165,22,1,0,Shaquil Delos,Grenoble Foot 38,989888,1671
7,7,26.92,118,22,44.9,221,171,392,81.5,13,40.63,19,20,1,0,0,0,63,1,0,6,3,30,20,0,0,12,9,66,0,0,,,15,0,8.33,0,1,2,21,20,1,0,1,,48,50.53,0,0,0,89,12,11,1,13,1272,0,1.0,0,0,0,0,0.0,0,0,0,0,164,1,0,6.7,0,0,0,0,0,0,0,0,1272.0,0.0,0,4,8,3,3,12,52.17,0,28,18,64.29,11,25,23,26,61,48.03,49,284,197,481,133.9,12,0,828,9,4,0,Martin Expérience,Nancy,1110369,1675
14,3,15.79,103,19,44.19,182,125,307,72.92,11,44.0,14,30,1,0,0,0,63,1,0,7,0,21,29,0,0,8,12,50,0,2,,,12,0,15.38,0,4,5,28,24,4,4,0,,41,53.25,0,0,0,114,17,7,1,17,1620,1,5.0,0,0,0,0,0.0,0,0,0,0,169,8,0,6.69,0,3,0,0,0,0,0,0,405.0,0.0,0,10,16,13,6,8,57.14,0,18,8,44.44,7,32,14,19,52,50.98,43,268,153,421,194.1,26,0,641,15,3,0,Samy Benchama,Rodez AF,979311,6925
25,0,0.0,40,31,41.89,94,199,293,77.72,26,66.67,13,15,0,0,0,0,42,0,0,0,2,65,14,0,0,6,3,41,0,0,,,17,0,0.0,9,0,0,17,17,0,0,0,,23,45.1,0,0,0,84,16,2,0,11,949,1,14.0,0,0,0,0,0.0,0,0,0,0,109,0,0,6.69,0,0,0,0,0,0,0,0,0.0,0.0,0,0,0,0,0,3,50.0,0,18,15,83.33,2,50,6,2,49,54.44,74,150,227,377,93.7,0,0,546,2,2,0,Yannis Nahounou,Nancy,1210738,1675
0,1,50.0,9,0,0.0,16,3,19,57.58,5,50.0,5,7,0,0,0,0,7,0,0,0,0,3,7,0,0,0,0,11,0,0,,,4,0,0.0,0,0,0,1,1,0,0,0,,12,66.67,0,0,0,14,0,2,0,0,99,1,1.0,0,0,0,0,0.0,0,0,0,1,21,2,0,6.69,1,0,0,0,0,0,0,0,0.0,0.0,0,1,4,1,4,3,60.0,0,7,6,85.71,2,0,5,2,17,60.71,2,27,6,33,46.8,5,0,66,2,0,1,Souleymane Keita,US Boulogne Côte-d'Opale,2024365,1711
13,5,11.9,47,15,27.27,104,98,202,66.67,8,44.44,10,18,0,0,0,0,40,1,0,1,0,39,18,0,0,2,4,29,0,0,,,9,0,16.67,0,1,1,14,13,1,1,0,,35,64.81,0,0,0,101,7,7,0,11,1065,1,3.0,0,0,0,0,0.0,0,0,0,0,179,3,0,6.68,0,1,0,0,0,0,0,0,1065.0,0.0,0,5,1,3,2,4,40.0,0,17,14,82.35,7,35,10,42,43,59.72,55,190,113,303,120.3,6,1,558,14,4,0,Anthony Ribelin,Le Mans,583602,1672
2,4,23.53,20,0,0.0,30,13,43,75.44,0,0.0,1,6,1,0,0,0,7,1,0,4,0,4,6,0,0,2,1,6,0,0,,,1,0,0.0,0,0,1,5,5,0,0,0,,5,50.0,0,0,0,14,2,4,0,2,187,0,2.0,0,0,0,0,0.0,0,0,0,0,35,0,0,6.68,0,0,0,0,0,0,0,0,0.0,0.0,0,4,2,2,0,0,0.0,0,5,3,60.0,4,7,1,17,5,45.45,5,39,18,57,40.1,6,0,118,0,1,0,Leroy Abanda,Le Mans,859030,1672
31,0,0.0,57,53,37.32,203,551,754,83.78,46,64.79,25,26,0,0,0,0,82,0,3,1,4,113,26,0,0,2,4,60,1,0,,,28,0,33.33,4,3,3,39,35,4,3,0,,49,58.33,2,0,0,146,27,0,0,21,1806,2,18.0,0,0,1,3,100.0,0,1,0,1,164,1,0,6.68,0,1,0,0,0,0,0,0,602.0,0.0,0,8,1,3,5,0,0.0,0,24,13,54.17,0,78,1,4,95,61.29,142,305,595,900,173.7,9,1,1173,26,5,0,Adrien Pinot,US Boulogne Côte-d'Opale,1913827,1711
22,30,20.41,154,31,35.23,258,220,478,74.69,6,27.27,16,25,3,0,0,0,67,6,0,4,4,44,25,0,0,9,22,63,0,1,,,10,0,0.0,0,0,3,26,24,2,0,0,,52,52.53,0,0,0,162,17,22,0,19,1700,3,1.0,0,0,0,0,0.0,0,0,0,0,350,7,0,6.68,0,0,0,0,0,0,0,0,0.0,0.0,6,3,13,8,4,10,55.56,0,24,17,70.83,22,67,18,147,58,47.93,88,385,255,640,167.0,16,0,1191,18,2,0,Thibaut Vargas,Stade Lavallois,989535,1673
1,2,13.33,68,1,16.67,114,57,171,63.81,29,37.18,49,29,2,0,0,0,15,6,6,4,0,7,29,0,0,11,6,86,0,0,,,19,0,22.22,0,6,8,20,18,2,6,0,,27,42.19,1,0,1,97,6,16,1,13,1267,14,0.0,0,0,2,0,100.0,0,2,0,1,166,3,0,6.68,0,4,0,0,0,0,0,0,211.17,0.0,0,21,6,10,13,3,42.86,0,11,8,72.73,16,13,7,15,56,39.44,6,199,69,268,193.7,27,1,441,14,1,0,Corentin Fatou,US Boulogne Côte-d'Opale,1912464,1711
11,1,100.0,37,21,61.76,90,115,205,76.78,16,51.61,15,14,0,0,0,0,42,0,0,1,0,14,13,0,0,6,12,56,0,0,,,17,0,0.0,0,0,0,12,11,1,0,0,,32,43.84,0,0,0,62,12,1,0,7,703,1,3.0,0,0,0,0,0.0,0,0,0,0,91,4,0,6.68,0,0,0,0,0,0,0,0,0.0,0.0,0,0,2,1,0,1,12.5,0,18,13,72.22,1,22,8,1,48,46.15,34,137,130,267,86.8,2,0,402,13,3,0,William Benard,Stade Lavallois,1521634,1673
9,17,25.37,165,30,47.62,307,289,596,84.78,30,63.83,17,22,1,0,0,0,63,4,2,6,5,29,21,0,0,9,16,68,0,0,,,15,0,0.0,0,0,1,24,22,2,0,0,,63,55.26,0,0,0,107,16,11,0,20,1718,8,5.0,1,0,0,1,0.0,0,0,0,0,248,2,0,6.68,1,0,0,0,0,0,0,0,0.0,0.0,0,12,3,6,3,17,58.62,0,22,14,63.64,11,31,29,67,93,57.76,63,390,313,703,140.2,15,0,1171,24,4,1,Lucas Maronnier,Troyes,1174292,1652
11,1,12.5,86,26,63.41,193,259,452,90.76,5,62.5,3,12,0,0,0,0,33,1,0,0,0,15,12,0,0,1,2,22,0,0,,,10,0,0.0,0,0,0,13,12,1,0,0,,29,60.42,0,0,0,46,6,3,0,8,786,1,2.0,0,0,0,0,0.0,0,0,0,0,72,1,0,6.68,0,0,0,0,0,0,0,0,0.0,0.0,0,0,2,2,0,0,0.0,0,7,5,71.43,3,18,6,8,34,60.71,41,221,277,498,80.1,2,0,648,22,1,0,Felipe Abner,USL Dunkerque,330061,6918
14,2,18.18,66,13,59.09,108,60,168,75.68,9,39.13,14,22,0,0,0,0,29,3,3,3,0,16,22,0,0,13,1,58,0,1,,,24,0,15.79,0,3,3,9,8,1,3,0,,37,45.68,0,0,0,54,5,8,3,4,681,2,2.0,0,0,0,0,0.0,0,0,0,0,119,3,0,6.67,0,0,0,0,0,0,0,0,227.0,0.0,0,13,6,9,7,7,50.0,0,17,10,58.82,8,23,14,11,46,44.23,22,146,76,222,146.8,19,0,394,13,2,0,Evans Fabrice Maurin,Grenoble Foot 38,1117591,1671
9,1,8.33,46,12,57.14,79,72,151,70.56,7,21.21,26,26,0,0,0,0,37,0,1,3,0,13,25,0,0,16,19,92,0,0,,,28,0,27.78,1,5,5,13,12,1,5,0,,45,40.54,0,0,1,63,12,6,1,8,861,2,1.0,0,0,0,0,0.0,0,0,0,0,131,4,0,6.67,0,3,0,0,0,0,0,0,172.2,0.0,0,12,6,6,9,10,66.67,0,17,11,64.71,6,14,15,12,52,36.11,21,122,92,214,166.8,18,2,405,18,4,0,Ethan Clavreul,Stade Lavallois,2193209,1673
5,0,0.0,53,4,20.0,92,68,160,71.43,14,66.67,7,7,0,0,0,0,21,0,1,1,1,11,7,0,0,1,5,27,0,0,,,12,0,20.0,0,1,1,10,8,2,1,0,,18,47.37,1,0,0,64,10,2,0,7,630,0,2.0,0,0,0,0,0.0,0,0,0,0,76,3,0,6.67,0,0,0,0,0,0,0,0,630.0,0.0,0,5,0,2,2,4,66.67,0,9,7,77.78,2,14,6,0,32,54.24,20,142,82,224,46.7,5,0,297,5,2,0,Vincent Pajot,Annecy FC,122921,210894
17,4,9.76,115,23,38.33,229,197,426,76.76,25,46.3,29,28,0,0,0,0,85,3,1,6,3,40,28,0,0,12,17,90,0,1,,,14,0,0.0,0,0,0,23,21,2,0,0,,69,53.08,0,0,1,129,24,12,0,19,1693,0,5.0,0,0,0,0,0.0,0,0,0,0,258,8,0,6.67,0,0,0,0,0,0,0,0,0.0,0.0,0,9,4,5,2,14,42.42,0,27,16,59.26,12,38,33,41,94,51.09,60,322,233,555,186.8,13,0,1040,28,4,0,Tom Meynadier,Bastia,1536381,1655
2,2,13.33,50,2,22.22,90,59,149,70.28,19,48.72,20,27,0,0,0,0,28,1,4,6,0,7,27,0,1,9,7,68,0,0,,,18,0,20.0,0,6,6,9,9,0,6,0,,39,44.83,0,0,3,63,7,9,2,6,742,9,4.0,0,1,3,0,100.0,0,3,0,0,139,9,0,6.67,1,4,0,0,0,0,0,0,123.67,0.0,0,25,5,15,9,10,41.67,0,20,16,80.0,8,11,24,15,58,46.03,9,138,74,212,180.1,30,0,418,9,3,0,Hacene Benali,Red Star FC,998251,52874
15,1,11.11,53,41,37.61,188,582,770,86.13,41,43.62,53,23,0,0,0,0,52,0,0,3,7,117,23,0,2,2,8,79,0,0,,,15,0,25.0,11,2,2,19,18,1,2,0,,31,54.39,0,0,0,124,20,3,0,21,1756,0,6.0,0,0,0,0,0.0,0,0,0,0,140,0,0,6.67,2,2,0,0,0,0,0,0,878.0,0.0,0,7,1,2,3,3,75.0,0,20,12,60.0,3,55,4,9,72,47.68,109,269,625,894,153.4,8,0,1143,10,4,0,Anthony Roncaglia,Bastia,975297,1655
18,13,20.97,161,18,33.33,307,290,597,83.73,9,25.0,27,26,4,0,0,0,98,7,2,16,4,29,26,0,0,19,13,117,0,0,,,11,0,2.63,0,1,5,22,20,2,0,1,,61,40.4,0,0,0,116,11,20,1,23,1970,1,4.0,0,0,0,0,0.0,0,0,0,0,282,10,0,6.67,0,0,0,0,0,0,0,0,1970.0,0.0,0,28,10,13,9,25,33.78,0,22,12,54.55,20,39,74,62,70,37.43,54,386,327,713,173.4,38,1,1196,14,1,0,Kemo Cissé,Red Star FC,1397904,52874
8,7,21.21,102,11,52.38,172,185,357,81.32,12,66.67,6,27,3,0,0,0,38,2,0,2,2,22,26,0,0,14,5,58,0,0,,,11,0,0.0,0,0,3,22,22,0,0,0,,48,48.0,0,0,1,82,10,12,0,8,982,2,1.0,0,0,0,0,0.0,0,0,0,0,194,1,0,6.67,0,0,0,0,0,0,0,0,0.0,0.0,0,1,3,2,0,15,40.54,0,21,16,76.19,12,13,37,33,60,50.85,21,233,206,439,173.4,4,0,774,13,2,0,Neil Glossoa,Pau FC,2037051,1685
38,13,26.0,172,42,33.07,391,358,749,78.76,21,58.33,15,32,2,0,0,0,94,1,0,0,8,102,32,0,1,13,9,63,0,1,,,17,0,0.0,0,0,2,36,31,5,0,0,,85,63.91,0,0,0,202,26,15,0,30,2628,0,5.0,0,0,0,0,0.0,0,0,0,0,367,4,0,6.67,1,0,0,0,0,0,0,0,0.0,0.0,0,0,0,0,0,9,47.37,0,45,29,64.44,15,86,19,50,106,62.72,127,529,422,951,213.4,0,0,1587,31,4,0,Demba Thiam,US Boulogne Côte-d'Opale,1006487,1711
4,0,0.0,7,0,0.0,23,11,34,72.34,1,100.0,0,3,0,0,0,0,3,0,0,0,0,0,3,0,0,0,2,2,0,0,,,0,0,0.0,0,0,0,0,0,0,0,0,,5,71.43,0,0,0,13,0,0,0,0,54,0,0.0,0,0,0,0,0.0,0,0,0,0,13,0,0,6.67,0,0,0,0,0,0,0,0,0.0,0.0,0,0,0,0,0,1,100.0,0,2,1,50.0,0,9,1,0,6,75.0,3,36,11,47,20.0,0,0,56,2,0,0,Flavien Tait,Rodez AF,312388,6925
20,10,41.67,110,31,49.21,194,124,318,76.81,9,36.0,16,25,1,0,0,0,93,3,1,3,0,12,25,0,0,26,27,109,0,0,,,27,0,0.0,0,0,1,16,15,1,0,0,,79,45.93,0,0,0,96,14,20,0,14,1368,1,4.0,0,0,0,0,0.0,0,0,0,0,206,8,0,6.66,0,0,0,0,0,0,0,0,0.0,0.0,0,3,15,8,7,11,44.0,0,28,18,64.29,20,39,25,24,88,44.67,63,272,142,414,166.6,18,0,736,41,4,0,Wilitty Younoussa,Rodez AF,1048100,6925
14,10,20.83,189,23,38.33,352,308,660,77.01,26,47.27,29,30,4,0,0,0,63,3,0,6,5,31,30,0,0,15,13,104,0,0,,,22,0,0.0,0,0,4,28,23,5,0,0,,83,52.53,0,0,0,197,25,23,0,25,2122,4,3.0,0,0,0,0,0.0,0,0,0,0,358,6,0,6.66,0,0,0,0,0,0,0,0,0.0,0.0,0,9,2,3,2,14,35.9,0,48,33,68.75,23,39,39,48,109,51.17,60,476,381,857,199.9,11,0,1353,21,5,0,Dembo Sylla,Red Star FC,1397569,52874
9,1,25.0,29,14,63.64,53,47,100,81.97,5,45.45,6,9,0,0,0,0,12,0,0,2,0,4,8,0,0,2,4,20,0,0,,,9,0,0.0,0,0,0,8,8,0,0,0,,20,58.82,0,0,0,22,1,0,0,3,369,0,0.0,0,0,0,0,0.0,0,0,0,0,34,0,0,6.66,0,0,0,0,0,0,0,0,0.0,0.0,0,0,3,0,1,2,100.0,0,6,3,50.0,0,15,2,4,25,55.56,22,69,53,122,53.3,3,0,173,13,1,0,Hugo Barbier,Nancy,2413123,1675
1,0,0.0,8,4,30.77,26,53,79,77.45,11,78.57,3,6,0,0,0,0,13,0,2,0,0,21,5,0,0,0,1,10,0,0,,,4,0,0.0,0,0,0,8,7,1,0,0,,17,70.83,0,0,0,23,6,0,0,3,314,0,1.0,0,0,0,1,0.0,0,0,0,0,38,1,0,6.66,0,0,0,0,0,0,0,0,0.0,0.0,0,5,0,3,2,2,50.0,0,10,6,60.0,0,5,4,2,28,73.68,13,42,60,102,33.3,5,0,189,5,3,0,Noah Zilliox,Bastia,1139095,1655
6,0,0.0,49,14,66.67,124,178,302,85.55,24,57.14,18,22,0,0,0,0,33,0,0,2,1,28,20,0,0,4,5,48,0,0,,,17,0,0.0,0,0,0,17,15,2,0,0,,54,64.29,0,0,0,51,15,1,0,9,1011,2,5.0,0,0,0,0,0.0,0,0,0,0,85,4,0,6.66,0,0,0,0,0,0,0,0,0.0,0.0,0,2,1,1,0,6,50.0,0,20,10,50.0,1,10,12,5,78,61.9,21,157,196,353,133.2,3,0,552,29,1,0,Joseph N'Duquidi,Amiens SC,1392812,1676
18,6,13.95,213,20,30.3,454,438,892,84.63,13,37.14,22,30,2,0,0,0,96,1,3,5,8,46,29,0,0,18,25,103,0,2,,,11,0,5.0,0,1,3,21,16,5,1,0,,86,51.5,0,0,0,162,27,14,1,20,1904,3,6.0,0,0,0,0,0.0,0,0,0,0,315,6,0,6.66,0,0,0,0,0,0,0,0,1904.0,0.0,0,14,6,5,10,15,35.71,0,34,23,67.65,14,36,42,43,99,49.01,66,554,500,1054,193.1,20,0,1580,37,1,0,Benjamin Old,Saint-Étienne,1122425,1678
1,2,40.0,18,2,66.67,49,30,79,76.7,4,33.33,8,12,1,0,0,0,9,2,1,1,0,0,12,0,0,7,4,38,0,0,,,9,0,33.33,0,2,3,7,6,1,1,1,,13,30.23,0,0,1,24,0,2,0,6,468,1,0.0,0,0,0,0,0.0,0,0,0,0,63,1,0,6.66,0,2,0,0,0,0,0,0,234.0,0.0,0,4,2,2,3,6,37.5,0,3,1,33.33,2,3,16,5,17,30.91,3,64,39,103,79.9,6,0,180,4,0,0,Enzo Molebe,Montpellier,1861678,1642
0,1,50.0,11,0,0.0,19,12,31,72.09,2,40.0,3,7,0,0,0,0,2,0,0,2,0,0,7,0,0,1,1,17,0,0,,,5,0,33.33,0,1,1,2,2,0,1,0,,11,44.0,0,0,0,12,0,1,0,0,143,0,0.0,0,0,0,0,0.0,0,0,0,0,23,0,0,6.66,0,1,0,0,0,0,0,0,143.0,0.0,0,2,1,0,1,4,36.36,0,3,1,33.33,1,0,11,2,13,43.33,1,27,16,43,46.6,3,0,78,5,0,0,Kilyan Jusseron-Veniere,Annecy FC,2024624,210894
8,9,20.93,88,6,42.86,151,125,276,79.54,9,42.86,12,20,0,0,0,0,89,1,2,3,0,20,20,0,0,16,10,76,0,0,,,23,0,25.0,0,2,2,22,22,0,2,0,,50,43.86,0,0,0,71,13,9,0,15,1296,3,1.0,0,0,0,0,0.0,0,0,0,0,194,6,0,6.66,0,2,0,0,0,0,0,0,648.0,0.0,0,5,3,0,5,14,48.28,0,29,21,72.41,9,16,29,43,59,43.7,14,196,151,347,133.1,8,0,667,7,3,0,Rayan Bamba,Nancy,1835732,1675
38,11,20.75,181,33,27.05,345,304,649,68.39,52,47.27,58,33,2,0,0,0,159,4,3,12,7,29,33,0,0,28,40,191,0,0,,,51,0,0.0,0,0,2,39,34,5,0,0,,148,52.67,0,0,1,300,27,17,0,31,2598,2,6.0,0,0,0,0,0.0,0,0,0,0,442,17,0,6.65,0,0,0,0,0,0,0,0,0.0,0.0,0,16,15,13,6,19,50.0,0,86,56,65.12,17,91,38,53,200,51.15,122,572,377,949,219.6,31,0,1465,46,4,0,Nolan Binet,US Boulogne Côte-d'Opale,2195705,1711
24,3,25.0,163,24,40.68,340,416,756,84.85,10,52.63,9,18,1,0,0,0,76,2,0,1,4,25,17,0,0,7,4,39,0,2,,,16,0,0.0,0,0,1,18,17,1,0,0,,36,54.55,0,0,0,135,18,10,0,14,1244,1,0.0,0,0,0,0,0.0,0,0,0,0,194,2,0,6.65,0,0,0,0,0,0,0,0,0.0,0.0,0,2,1,1,1,3,42.86,0,19,14,73.68,10,55,7,12,46,54.12,59,439,452,891,113.1,3,0,1151,14,4,0,Ebenezer Annan,Saint-Étienne,1105074,1678
26,26,23.01,270,33,60.0,418,206,624,85.01,4,21.05,15,28,3,0,0,0,84,6,2,12,1,10,28,0,0,31,22,119,0,0,,,23,0,7.69,0,3,6,50,42,8,3,0,,71,40.57,0,0,1,110,7,35,0,25,2153,14,2.0,0,0,0,0,0.0,0,0,0,0,316,8,0,6.65,0,3,0,0,0,0,0,0,717.67,0.0,0,28,11,11,16,22,41.51,0,20,11,55.0,35,41,53,113,75,38.66,55,491,243,734,186.2,39,1,1215,29,1,0,Antoine Leautey,Amiens SC,867455,1676
8,6,18.18,56,11,50.0,80,45,125,65.1,8,38.1,13,24,3,0,0,0,35,5,2,8,0,4,20,0,0,12,9,63,0,0,,,17,0,0.0,0,0,3,6,5,1,0,0,,28,35.9,0,0,0,67,3,10,0,7,712,1,0.0,0,0,0,0,0.0,0,0,0,0,147,3,0,6.65,0,0,0,0,0,0,0,0,0.0,0.0,2,13,9,8,6,5,27.78,0,8,6,75.0,10,24,18,33,36,36.36,22,134,58,192,133.0,22,1,373,15,4,0,Mathis Saka,Rodez AF,1884150,6925
2,0,0.0,7,3,60.0,9,11,20,80.0,1,25.0,3,2,0,0,0,0,5,0,0,0,0,3,2,0,0,0,0,4,0,0,,,1,0,0.0,0,0,0,1,0,1,0,0,,3,75.0,0,0,0,5,2,0,0,1,81,0,0.0,0,0,0,0,0.0,0,0,0,0,11,0,0,6.65,0,0,0,0,0,0,0,0,0.0,0.0,0,0,0,0,0,2,66.67,0,1,1,100.0,0,5,3,0,4,50.0,5,13,12,25,13.3,0,0,44,0,0,0,Fabrice NSakala,Annecy FC,123387,210894
1,2,50.0,2,2,100.0,5,8,13,92.86,0,0.0,0,2,0,0,0,0,4,0,0,0,0,0,2,0,0,0,0,1,0,0,,,1,0,0.0,0,0,0,0,0,0,0,0,,1,50.0,0,0,0,1,0,0,0,0,27,0,0.0,0,0,0,0,0.0,0,0,0,0,4,1,0,6.65,0,0,0,0,0,0,0,0,0.0,0.0,0,0,0,0,0,0,0.0,0,0,0,0.0,0,1,0,4,1,50.0,2,6,8,14,13.3,0,0,21,1,0,0,Ibrahima Diakité,Guingamp,2361795,1654
5,0,0.0,34,12,66.67,82,65,147,84.97,3,50.0,3,12,0,0,0,0,24,0,0,2,0,5,10,0,0,2,2,12,0,0,,,4,0,0.0,0,0,0,4,4,0,0,0,,9,50.0,0,0,0,26,2,1,0,4,358,0,2.0,0,0,0,0,0.0,0,0,0,0,31,0,0,6.65,0,0,0,0,0,0,0,0,0.0,0.0,0,0,3,1,0,1,50.0,0,4,3,75.0,1,7,2,0,12,50.0,18,100,73,173,66.5,3,0,206,4,1,0,Alexandre Phliponeau,Troyes,941172,1652
41,0,0.0,55,59,44.36,226,927,1153,88.83,39,43.82,50,32,0,0,0,0,112,0,2,3,5,132,32,0,1,4,5,84,1,1,,,26,0,10.0,11,1,1,58,51,7,1,0,,90,72.58,0,0,0,145,39,4,0,31,2747,1,30.0,0,0,0,0,0.0,0,0,0,0,171,1,0,6.65,1,1,0,0,0,0,0,0,2747.0,0.0,0,8,2,4,3,7,100.0,0,36,20,55.56,4,86,7,0,129,60.56,133,325,973,1298,212.7,10,0,1687,49,1,0,Siaka Bakayoko,Amiens SC,1550065,1676
44,0,0.0,56,173,32.46,140,418,558,60.13,8,100.0,0,29,0,0,0,0,255,0,0,0,9,49,29,0,0,0,1,1,0,0,,,0,0,0.0,195,0,0,35,28,7,0,0,,4,80.0,0,18,0,370,1,0,0,29,2610,0,0.0,0,0,0,0,0.0,5,0,1,0,378,0,9,6.64,0,0,45,39,11,50,0,5,0.0,0.0,0,0,0,0,0,0,0.0,44,0,0,0.0,0,80,0,0,12,92.31,533,456,472,928,192.7,0,1,1162,6,2,0,Florian Escales,Annecy FC,280427,210894
8,3,17.65,90,9,40.91,179,184,363,84.81,17,47.22,19,17,0,0,0,0,46,0,0,1,2,20,16,0,0,4,15,64,0,1,,,14,0,0.0,0,0,0,11,10,1,0,0,,33,42.31,0,0,0,65,12,5,0,9,864,4,2.0,0,0,0,0,0.0,0,0,0,0,131,2,0,6.64,0,0,0,0,0,0,0,0,0.0,0.0,0,5,1,3,2,3,18.75,0,25,14,56.0,5,18,16,17,50,43.86,22,226,202,428,106.3,6,0,670,5,2,0,Dennis Appiah,Saint-Étienne,123164,1678
12,0,0.0,17,68,36.36,52,150,202,62.35,3,100.0,0,12,1,0,0,0,96,1,0,0,2,8,12,0,0,0,0,0,0,0,,,0,0,0.0,63,0,1,20,15,5,0,0,,3,100.0,0,5,0,122,0,2,0,11,1004,0,0.0,0,0,0,0,0.0,2,0,0,0,126,0,3,6.64,0,0,7,12,9,21,0,4,0.0,0.0,0,0,0,0,0,0,0.0,7,1,1,100.0,2,27,0,0,6,100.0,187,151,173,324,79.7,0,0,423,2,0,0,Azamat Uriev,US Boulogne Côte-d'Opale,1171413,1711
7,5,16.13,66,12,60.0,125,83,208,75.36,8,26.67,22,25,2,0,0,0,55,2,0,12,0,11,25,0,0,21,14,115,0,0,,,23,0,10.53,0,2,4,19,17,2,2,0,,81,46.55,0,0,0,68,18,8,0,14,1148,5,1.0,0,0,0,0,0.0,0,0,0,2,202,7,0,6.64,1,2,0,0,0,0,0,0,574.0,0.0,0,13,6,3,4,17,31.48,0,27,16,59.26,8,18,54,31,89,43.63,20,180,96,276,166.0,19,0,600,39,2,1,Jérémy Hatchi,Guingamp,1891023,1654
12,3,14.29,67,25,47.17,128,170,298,81.2,6,25.0,18,16,2,0,0,0,39,3,0,5,1,19,15,0,0,7,6,57,0,1,,,19,0,0.0,0,0,2,17,15,2,0,0,,59,60.2,0,0,0,69,13,9,0,12,999,3,2.0,0,0,0,0,0.0,0,0,0,1,135,0,0,6.64,0,0,0,0,0,0,0,0,0.0,0.0,0,7,2,3,1,7,50.0,0,20,15,75.0,9,31,14,21,65,53.28,53,175,192,367,99.6,9,0,636,33,4,0,El Hadj Koné,Clermont Foot,2011373,1680
28,11,21.15,147,36,57.14,307,306,613,86.34,8,44.44,10,22,1,0,0,0,72,1,1,4,1,30,20,0,0,4,10,52,0,1,,,8,0,0.0,0,0,1,24,22,2,0,0,,40,48.78,0,0,0,97,11,18,0,16,1374,2,3.0,0,0,0,0,0.0,0,0,0,0,202,1,0,6.64,0,0,0,0,0,0,0,0,0.0,0.0,2,6,11,11,2,8,28.57,0,23,13,56.52,18,53,28,52,48,48.0,63,377,333,710,132.8,17,0,1075,9,0,0,Erwin Koffi,Guingamp,609242,1654
7,4,13.79,27,9,34.62,66,84,150,74.63,12,52.17,11,13,0,0,0,0,22,1,0,1,1,35,13,0,0,4,8,37,0,0,,,9,0,66.67,0,2,2,11,10,1,2,0,,28,51.85,0,0,0,51,11,4,1,8,685,3,1.0,0,0,0,0,0.0,0,0,0,0,122,2,0,6.64,0,1,0,0,0,0,0,0,342.5,0.0,0,3,0,0,2,3,37.5,0,13,10,76.92,4,17,8,29,40,51.95,26,108,93,201,86.3,3,0,428,12,2,0,Joseph Layousse Samb,Stade Lavallois,2201011,1673
2,1,33.33,26,3,27.27,57,51,108,77.7,6,60.0,4,8,0,0,0,0,19,0,1,0,1,5,8,0,0,4,4,21,0,0,,,6,0,0.0,0,0,0,2,2,0,0,0,,12,41.38,0,0,0,31,6,1,0,5,430,0,2.0,0,0,0,0,0.0,0,0,0,0,47,4,0,6.64,0,0,0,0,0,0,0,0,0.0,0.0,0,2,1,2,1,1,25.0,0,5,4,80.0,1,5,4,3,18,46.15,11,81,58,139,53.1,3,0,213,6,0,0,Zoran Moco,US Boulogne Côte-d'Opale,1511911,1711
8,0,0.0,84,9,50.0,173,126,299,83.75,10,41.67,14,16,0,0,0,0,23,0,0,5,0,10,16,0,0,7,5,42,0,0,,,9,0,0.0,0,0,0,5,5,0,0,0,,32,53.33,0,0,0,58,12,4,0,6,641,0,1.0,0,0,0,0,0.0,0,0,0,0,87,2,0,6.64,0,0,0,0,0,0,0,0,0.0,0.0,0,3,6,3,1,8,53.33,0,9,6,66.67,4,12,15,5,42,50.0,18,216,141,357,106.2,9,0,483,16,3,0,John Patrick,Stade de Reims,1100831,1682
9,0,0.0,101,6,60.0,155,82,237,86.81,8,44.44,10,15,0,0,0,0,20,0,0,11,1,8,14,0,0,8,6,48,0,1,,,10,0,0.0,0,0,0,5,5,0,0,0,,33,46.48,0,0,0,36,2,9,0,5,601,2,0.0,0,0,0,0,0.0,0,0,0,0,86,3,0,6.64,0,0,0,0,0,0,0,0,0.0,0.0,1,13,7,4,5,9,37.5,0,12,10,83.33,9,13,24,6,41,46.07,10,183,90,273,92.9,20,0,415,12,0,0,Nadir El Jamali,Saint-Étienne,1958609,1678
9,0,0.0,55,5,55.56,103,76,179,80.63,6,50.0,6,18,0,0,0,0,21,0,0,2,1,6,17,0,0,4,6,32,0,0,,,12,0,14.29,0,2,2,6,6,0,2,0,,24,48.0,1,0,2,43,5,4,0,7,649,1,1.0,0,0,0,0,0.0,0,0,0,0,71,3,0,6.64,0,1,0,0,0,0,0,0,324.5,0.0,0,11,3,7,5,6,54.55,0,5,4,80.0,4,13,11,4,30,48.39,9,129,93,222,112.8,14,0,325,13,1,0,Adrien Hunou,Clermont Foot,283083,1680
3,2,22.22,70,3,50.0,110,84,194,80.17,13,30.95,29,26,3,0,0,0,30,2,6,8,0,3,26,0,0,12,4,82,0,0,,,29,0,13.33,0,4,7,12,10,2,4,0,,50,48.54,1,0,0,48,2,14,0,13,1197,10,0.0,0,0,0,0,0.0,0,0,0,1,100,10,0,6.63,1,3,0,0,0,0,0,0,299.25,0.0,0,29,1,12,10,9,52.94,0,14,10,71.43,14,5,17,9,63,43.45,6,145,97,242,172.5,30,0,410,27,2,1,Kevin Cabral,Red Star FC,958128,52874
18,7,31.82,126,23,38.33,290,324,614,83.99,21,75.0,7,15,1,0,0,0,42,1,1,1,3,33,15,0,0,4,11,48,0,1,,,22,0,7.69,0,1,2,18,15,3,1,0,,44,51.76,0,0,0,117,10,11,0,11,966,2,5.0,0,0,0,1,0.0,0,0,0,1,159,1,0,6.63,1,1,0,0,0,0,0,0,966.0,0.0,0,7,6,11,1,7,58.33,0,21,15,71.43,11,40,12,22,65,57.52,60,371,360,731,99.5,13,2,987,17,3,1,João Ferreira,Saint-Étienne,976401,1678
33,0,0.0,33,37,48.68,153,560,713,89.57,33,52.38,30,25,0,0,0,0,90,0,0,1,4,132,24,0,0,3,13,66,0,0,,,17,0,16.67,6,1,1,41,38,3,1,0,,53,59.55,0,0,0,83,13,0,0,20,1817,1,18.0,0,0,0,0,0.0,0,0,0,0,98,2,0,6.63,0,1,0,0,0,0,0,0,1817.0,0.0,0,6,0,3,2,9,75.0,0,38,26,68.42,0,49,12,0,86,56.58,76,193,603,796,159.2,6,0,1084,6,5,0,Aboubacar Lô,Amiens SC,991692,1676
15,4,36.36,50,13,32.5,98,135,233,77.41,11,39.29,17,16,1,0,0,0,30,1,0,0,1,19,15,0,0,2,2,24,0,0,,,2,0,0.0,0,0,1,11,9,2,0,0,,24,77.42,0,0,0,68,7,7,0,5,608,0,0.0,0,0,0,0,0.0,0,0,0,0,100,3,0,6.63,0,0,0,0,0,0,0,0,0.0,0.0,0,0,0,0,0,2,66.67,0,13,10,76.92,7,33,3,11,35,59.32,40,153,148,301,99.5,0,0,446,10,0,0,Cédric Makutungu,Annecy FC,1046597,210894
1,0,0.0,14,3,42.86,24,12,36,76.6,0,0.0,2,3,0,0,0,0,6,0,0,1,0,0,3,0,0,1,1,6,0,0,,,1,0,0.0,0,0,0,4,4,0,0,0,,5,55.56,0,0,0,11,1,3,0,1,102,0,1.0,0,0,0,0,0.0,0,0,0,0,21,0,0,6.63,0,0,0,0,0,0,0,0,0.0,0.0,0,2,0,1,0,0,0.0,0,4,2,50.0,3,6,1,3,5,45.45,7,32,15,47,19.9,2,0,68,1,0,0,Enzo Somon,Amiens SC,2300113,1676
0,0,0.0,6,1,100.0,7,6,13,100.0,0,0.0,2,3,0,0,0,0,0,0,0,1,0,1,3,0,0,3,2,9,0,0,,,0,0,0.0,0,0,0,3,3,0,0,0,,13,65.0,0,0,0,0,0,1,0,1,93,0,0.0,0,0,0,0,0.0,0,0,0,0,8,0,0,6.63,0,0,0,0,0,0,0,0,0.0,0.0,0,0,3,1,1,5,71.43,0,3,0,0.0,1,0,7,0,13,59.09,1,7,6,13,19.9,3,0,43,5,0,0,Yahya Bathily,Bastia,1400842,1655
17,0,0.0,26,22,45.83,116,361,477,91.2,23,58.97,16,18,0,0,0,0,28,0,1,1,3,66,18,0,0,2,3,34,0,1,,,13,0,0.0,2,0,0,24,22,2,0,0,,31,63.27,0,0,1,46,12,1,0,12,1063,0,6.0,0,0,0,0,0.0,0,0,0,0,56,1,0,6.63,1,0,0,0,0,0,0,0,0.0,0.0,0,4,1,4,0,1,50.0,0,19,14,73.68,1,38,2,0,54,61.36,48,147,376,523,119.4,5,0,684,12,3,1,Ousmane Kanté,Pau FC,914700,1685
36,15,23.81,244,38,49.35,480,479,959,85.02,9,34.62,17,31,1,0,0,0,79,4,2,6,4,64,31,0,1,9,27,86,0,0,,,23,0,11.54,0,3,4,47,39,8,1,2,,69,50.0,0,0,0,169,26,20,1,28,2300,0,6.0,0,0,0,0,0.0,0,0,0,0,271,3,0,6.63,1,2,0,0,0,0,0,0,766.67,0.0,0,10,16,12,8,15,57.69,0,30,20,66.67,20,58,26,63,78,47.56,77,592,536,1128,205.6,26,0,1708,25,5,0,Tom Pouilly,Pau FC,1387163,1685
5,2,6.25,65,5,62.5,93,55,148,74.75,11,39.29,17,16,2,0,0,0,46,2,2,0,0,11,16,0,0,19,7,82,0,1,,,22,0,15.38,0,2,4,6,6,0,2,0,,35,35.0,0,0,0,50,5,9,1,11,967,4,0.0,0,0,0,0,0.0,0,0,0,1,161,10,0,6.63,0,1,0,0,0,0,0,0,483.5,0.0,0,9,4,8,5,6,26.09,0,20,13,65.0,9,8,23,32,46,35.94,8,132,66,198,106.1,13,1,424,9,1,0,Yanis Issoufou,Montpellier,1426229,1642
1,1,50.0,13,0,0.0,25,16,41,78.85,0,0.0,1,9,1,0,0,0,8,1,0,1,0,0,7,0,0,0,2,10,0,0,,,0,0,0.0,0,0,1,2,1,1,0,0,,10,52.63,0,0,0,11,1,4,0,0,100,0,0.0,0,0,0,0,0.0,0,0,0,0,22,0,0,6.63,0,0,0,0,0,0,0,0,0.0,0.0,0,1,1,0,1,3,30.0,0,5,3,60.0,4,3,10,2,10,50.0,0,36,16,52,46.4,2,0,81,2,0,0,Yaya Fofana,Stade de Reims,1401006,1682
1,0,0.0,21,0,0.0,25,3,28,70.0,1,14.29,6,10,1,0,0,0,4,1,1,0,0,1,7,0,0,2,2,12,0,0,,,0,0,0.0,0,0,1,5,5,0,0,0,,12,66.67,0,0,0,12,1,3,0,1,130,1,1.0,0,0,0,0,0.0,0,0,0,0,30,1,0,6.63,0,0,0,0,0,0,0,0,0.0,0.0,0,3,0,2,1,3,60.0,0,5,4,80.0,3,1,5,2,13,52.0,0,37,3,40,46.4,3,0,80,4,0,0,Elijah Olaniyi Odede,Troyes,2064854,1652
30,0,0.0,40,93,29.9,71,202,273,55.15,2,50.0,2,14,0,0,0,0,142,0,0,0,6,29,14,0,0,0,0,4,1,0,,,2,0,0.0,85,0,0,18,18,0,0,0,,0,0.0,0,12,0,222,0,1,0,14,1260,0,0.0,0,0,0,1,0.0,5,0,0,0,230,0,10,6.63,0,0,13,19,14,33,0,5,0.0,0.0,0,0,0,0,0,0,0.0,13,0,0,0.0,1,56,0,0,2,33.33,311,266,229,495,92.8,0,0,654,0,4,0,Blondy Nna Noukeu,US Boulogne Côte-d'Opale,1007038,1711
28,3,10.71,75,40,37.04,182,201,383,74.51,15,60.0,10,19,0,0,0,0,45,0,1,2,3,57,18,0,0,5,11,37,0,1,,,9,0,0.0,0,0,0,21,20,1,0,0,,34,55.74,0,0,0,131,16,7,0,15,1376,0,9.0,0,0,0,0,0.0,0,0,0,0,200,1,0,6.63,0,0,0,0,0,0,0,0,0.0,0.0,0,3,3,3,1,2,33.33,0,25,18,72.0,7,62,6,28,49,56.98,108,281,233,514,119.3,6,0,806,7,1,0,Adrien Julloux,Nancy,945828,1675
20,17,20.99,180,11,16.67,323,228,551,73.37,22,30.99,49,30,2,0,0,0,121,7,0,2,8,52,30,0,0,33,14,185,0,0,,,47,0,12.5,1,1,3,25,21,4,1,0,,94,40.87,0,0,1,200,25,18,0,25,2265,4,2.0,0,0,0,0,0.0,0,0,0,0,500,19,0,6.63,0,1,0,0,0,0,0,0,2265.0,0.0,0,4,4,4,2,26,34.67,0,51,31,60.78,18,48,75,81,116,38.54,66,468,283,751,198.8,8,1,1504,17,4,0,Triston Rowe,Annecy FC,1400655,210894
18,1,25.0,80,37,40.22,294,724,1018,87.76,33,55.93,26,30,0,0,0,0,96,1,2,1,8,87,30,0,1,3,8,69,0,0,,,29,0,0.0,43,0,0,40,35,5,0,0,,70,61.95,0,0,0,142,24,4,0,28,2514,1,17.0,0,0,0,1,0.0,0,0,0,0,172,1,0,6.63,1,0,0,0,0,0,0,0,0.0,0.0,0,3,1,0,3,6,66.67,0,37,31,83.78,4,47,9,4,103,59.88,92,377,783,1160,198.8,4,0,1474,28,4,0,Nathan Zohoré,US Boulogne Côte-d'Opale,1048015,1711
10,1,25.0,48,17,26.98,103,120,223,65.98,26,57.78,19,16,0,0,0,0,44,0,1,1,2,46,16,0,0,1,3,37,0,1,,,11,0,0.0,0,0,0,14,11,3,0,0,,33,64.71,0,0,0,115,19,1,0,9,894,0,3.0,0,0,0,0,0.0,0,0,0,0,150,4,0,6.63,0,0,0,0,0,0,0,0,0.0,0.0,0,8,0,3,4,4,44.44,0,23,20,86.96,1,39,9,4,59,61.46,63,184,154,338,106.0,8,0,526,6,1,0,Mattéo Veillon,Annecy FC,1087672,210894
9,0,0.0,53,17,56.67,112,163,275,78.8,19,61.29,12,21,1,0,0,0,62,1,1,2,1,22,21,0,1,7,5,59,1,1,,,31,0,0.0,0,0,1,12,12,0,0,0,,52,52.53,0,0,0,74,12,3,0,13,1105,2,5.0,0,0,0,0,0.0,0,0,0,0,114,3,0,6.62,1,0,0,0,0,0,0,0,0.0,0.0,0,1,11,8,2,7,58.33,0,23,11,47.83,3,18,12,1,71,54.62,30,164,185,349,139.1,12,0,531,23,5,0,Samba Diba,Grenoble Foot 38,1388325,1671
11,3,14.29,58,12,37.5,130,145,275,83.33,3,33.33,6,10,0,0,0,0,21,0,0,0,2,20,9,0,0,3,9,22,0,1,,,3,0,0.0,0,0,0,9,9,0,0,0,,16,50.0,0,0,0,55,8,5,0,9,717,0,1.0,0,0,0,0,0.0,0,0,0,0,100,1,0,6.62,0,0,0,0,0,0,0,0,0.0,0.0,0,0,1,1,0,1,50.0,0,8,4,50.0,5,22,2,21,19,46.34,32,163,167,330,59.6,1,0,509,7,0,0,Kenji-Van Boto,Clermont Foot,318655,1680
20,5,22.73,95,38,42.22,263,475,738,80.48,23,46.94,26,25,0,0,0,0,100,0,0,0,3,95,25,0,0,9,14,97,0,0,,,34,0,0.0,11,0,0,39,36,3,0,0,,112,61.2,0,0,0,179,39,8,0,24,2091,0,13.0,0,0,0,2,0.0,0,0,0,0,272,7,0,6.62,0,0,0,0,0,0,0,0,0.0,0.0,0,1,0,1,0,5,25.0,0,72,40,55.56,8,37,20,22,135,58.19,90,373,544,917,165.5,1,1,1485,35,8,0,Amine Chabane,Amiens SC,1862434,1676
23,6,22.22,121,23,43.4,211,210,421,75.45,20,37.04,34,30,3,0,0,0,87,4,2,2,1,24,30,0,0,21,18,109,0,1,,,22,0,0.0,0,0,3,25,21,4,0,0,,70,48.28,0,0,0,137,16,19,0,17,1552,5,1.0,0,0,0,0,0.0,0,0,0,0,249,12,0,6.62,1,0,0,0,0,0,0,0,0.0,0.0,0,9,6,8,5,16,50.0,0,34,19,55.88,19,38,32,27,90,45.23,53,317,241,558,198.5,15,0,888,20,4,1,Sonny Duflos,US Boulogne Côte-d'Opale,881339,1711
42,0,0.0,105,37,35.92,238,290,528,77.19,32,59.26,22,26,0,0,0,0,57,0,1,0,5,103,24,0,0,2,4,53,0,1,,,25,0,0.0,0,0,0,26,22,4,0,0,,29,48.33,0,0,0,156,22,2,0,19,1738,1,11.0,0,0,0,0,0.0,0,0,0,0,253,5,0,6.62,0,0,0,0,0,0,0,0,0.0,0.0,0,2,0,2,0,1,33.33,0,13,12,92.31,2,85,3,4,61,53.51,103,354,330,684,158.8,2,0,1084,15,5,0,Thibault Delphis,Annecy FC,1518749,210894
10,6,27.27,17,10,71.43,31,14,45,76.27,2,40.0,3,9,1,0,0,0,6,1,0,1,0,1,8,0,0,0,3,15,0,1,,,4,0,0.0,0,0,1,1,1,0,0,0,,5,29.41,0,0,0,14,3,4,0,0,100,0,0.0,0,0,0,0,0.0,0,0,0,0,38,0,0,6.61,0,0,0,0,0,0,0,0,0.0,0.0,0,1,2,2,0,3,37.5,0,1,1,100.0,4,18,8,22,7,31.82,14,43,16,59,52.9,3,0,120,1,1,0,Brice Oggad,Le Mans,1622156,1672
19,0,0.0,89,18,41.86,256,351,607,87.84,28,44.44,35,26,1,0,0,0,72,0,3,2,4,45,25,0,0,16,13,97,0,1,,,25,0,0.0,0,0,1,22,20,2,0,0,,61,49.59,0,0,0,84,20,3,0,16,1487,0,3.0,0,0,0,1,0.0,0,0,0,0,140,2,0,6.61,0,0,0,0,0,0,0,0,0.0,0.0,0,6,6,6,4,11,57.89,0,30,21,70.0,3,34,19,3,89,47.85,43,310,381,691,165.3,12,0,942,20,2,0,Pape Diong,USL Dunkerque,1536782,6918
17,9,20.93,48,16,37.21,75,58,133,68.21,7,53.85,6,18,0,0,0,0,36,0,0,3,0,23,17,0,0,1,4,23,0,0,,,7,0,0.0,0,0,0,14,13,1,0,0,,21,55.26,0,0,0,62,11,6,0,7,685,1,2.0,0,0,0,0,0.0,0,0,0,0,127,1,0,6.61,0,0,0,0,0,0,0,0,0.0,0.0,3,0,13,9,1,4,44.44,0,7,1,14.29,6,32,9,43,28,54.9,43,117,78,195,112.4,13,0,402,10,1,0,Faitout Maouassa,Nancy,801287,1675
0,0,0.0,8,0,0.0,16,10,26,56.52,11,45.83,13,9,0,0,0,0,4,0,0,2,0,6,9,0,0,6,2,36,0,0,,,11,0,20.0,0,1,1,7,6,1,1,0,,14,37.84,0,0,0,20,0,5,0,4,304,0,1.0,0,0,0,0,0.0,0,0,0,1,47,1,0,6.61,0,1,0,0,0,0,0,0,304.0,0.0,0,5,0,2,1,1,16.67,0,1,1,100.0,5,3,6,0,25,40.98,0,34,12,46,59.5,5,0,114,13,1,0,Yanis Rafii,Amiens SC,2049513,1676
1,1,50.0,37,2,40.0,64,29,93,73.81,14,35.0,26,19,0,0,0,0,22,1,2,2,0,11,19,0,0,14,3,62,0,0,,,12,0,12.5,0,1,1,8,7,1,1,0,,21,36.84,0,0,1,33,1,11,0,6,607,9,0.0,0,0,0,0,0.0,0,0,0,1,89,3,0,6.61,0,1,0,0,0,0,0,0,607.0,0.0,0,6,2,3,3,5,41.67,0,6,4,66.67,11,4,12,2,35,36.08,5,90,36,126,125.6,8,0,244,11,2,0,Moussa Djitté,Grenoble Foot 38,939662,1671
7,4,36.36,39,7,58.33,70,74,144,77.42,3,37.5,5,10,0,0,0,0,25,1,1,0,0,5,10,0,0,3,7,26,0,0,,,4,0,0.0,0,0,0,3,3,0,0,0,,18,46.15,0,0,0,42,4,7,0,5,456,0,0.0,0,0,0,0,0.0,0,0,0,0,65,4,0,6.61,0,0,0,0,0,0,0,0,0.0,0.0,0,1,1,2,0,5,41.67,0,12,7,58.33,7,14,12,11,21,44.68,12,100,86,186,66.1,2,0,285,1,0,0,Théo Magnin,Red Star FC,1148623,52874
8,2,50.0,27,17,56.67,62,58,120,78.95,3,50.0,3,12,0,0,0,0,15,0,0,0,0,4,11,0,0,0,5,16,0,0,,,9,0,0.0,0,0,0,6,5,1,0,0,,12,48.0,0,0,0,32,5,3,0,2,283,0,0.0,0,0,0,0,0.0,0,0,0,0,40,2,0,6.61,0,0,0,0,0,0,0,0,0.0,0.0,0,1,1,2,0,4,100.0,0,3,2,66.67,3,18,4,4,15,48.39,30,83,69,152,72.7,2,0,196,5,0,0,Enzo Montet,Stade Lavallois,1895781,1673
13,4,11.43,74,21,30.0,152,160,312,67.97,25,52.08,23,25,2,0,0,0,53,2,0,5,2,76,24,0,0,12,9,95,0,0,,,28,0,0.0,0,0,2,24,23,1,0,0,,81,52.94,0,0,0,147,24,9,0,14,1358,1,6.0,0,0,0,3,0.0,0,0,0,1,283,3,0,6.61,0,0,0,0,0,0,0,0,0.0,0.0,0,4,5,3,1,23,44.23,0,34,22,64.71,9,46,52,35,106,52.74,70,262,197,459,158.6,9,0,993,25,3,0,Coleen Louis,Amiens SC,1605268,1676
2,4,20.0,29,6,75.0,45,25,70,85.37,0,0.0,3,12,0,0,0,0,18,0,0,2,1,5,12,0,0,7,1,28,0,0,,,9,0,0.0,0,0,0,3,2,1,0,0,,26,50.98,0,0,0,12,3,6,0,3,429,3,0.0,0,0,0,0,0.0,0,0,0,0,58,3,0,6.61,0,0,0,0,0,0,0,0,0.0,0.0,0,5,2,5,0,11,57.89,0,7,6,85.71,6,3,19,20,26,48.15,8,55,27,82,79.3,7,0,188,8,1,0,Oumar Sidibé,Nancy,1397907,1675
2,3,37.5,59,2,66.67,79,28,107,65.64,15,24.59,46,16,1,0,0,1,24,2,3,2,0,3,16,0,0,14,7,82,0,0,,,11,0,27.27,0,3,4,13,13,0,3,0,,28,43.75,0,0,0,56,4,12,0,11,976,7,0.0,0,0,1,0,0.0,0,0,0,0,127,8,0,6.61,0,3,0,0,0,0,0,0,325.33,0.0,0,11,0,2,7,8,57.14,0,6,4,66.67,12,2,14,8,43,34.4,3,127,36,163,105.7,11,0,304,14,1,0,Martin Lecolier,US Boulogne Côte-d'Opale,1495562,1711
7,3,13.04,41,4,50.0,70,64,134,68.37,14,34.15,27,20,2,0,0,0,42,3,1,3,0,8,20,0,0,20,6,102,0,0,,,29,0,23.53,0,4,6,22,20,2,4,0,,40,34.78,0,0,1,62,3,8,4,11,1070,7,1.0,0,0,0,0,0.0,0,0,0,0,164,6,0,6.61,0,0,0,0,0,0,0,0,267.5,0.0,0,11,6,3,11,9,28.13,0,16,6,37.5,8,11,32,23,54,34.62,8,127,69,196,132.1,17,0,411,15,5,0,Yvan Ikia Dimi,Amiens SC,1409317,1676
12,14,20.0,137,23,33.82,271,321,592,79.78,7,29.17,17,30,1,0,0,0,83,1,1,2,2,48,29,0,0,23,3,72,1,0,,,17,0,0.0,0,0,1,30,28,2,0,0,,82,59.85,0,0,0,150,11,11,0,23,2045,1,3.0,0,0,0,0,0.0,0,0,0,1,310,3,0,6.6,0,0,0,0,0,0,0,0,0.0,0.0,0,4,0,1,1,16,57.14,0,26,13,50.0,11,35,28,70,89,55.28,68,381,361,742,191.5,4,1,1331,40,1,0,Ibrahim Coulibaly,Clermont Foot,1965514,1680
4,0,0.0,49,4,80.0,78,29,107,72.3,23,37.1,39,26,2,0,0,0,11,5,4,1,2,3,22,0,0,6,2,69,0,0,,,24,0,23.53,0,4,6,10,9,1,4,0,,36,54.55,1,0,0,41,2,15,0,6,711,4,1.0,0,0,0,0,0.0,0,0,0,0,83,4,0,6.6,1,3,0,0,0,0,0,0,177.75,0.0,0,16,1,9,7,6,85.71,0,9,6,66.67,15,5,7,3,59,46.09,5,113,35,148,145.2,17,0,269,21,5,1,Mounaim El Idrissy,Troyes,960007,1652
2,0,0.0,57,4,57.14,108,49,157,83.51,1,8.33,11,14,1,0,0,0,22,2,3,4,0,4,14,0,0,18,11,74,0,0,,,14,0,8.33,0,1,2,16,15,1,1,0,,39,38.24,0,0,0,31,5,7,1,11,888,2,0.0,0,0,0,0,0.0,0,0,0,1,115,5,0,6.6,0,0,0,0,0,0,0,0,888.0,0.0,0,9,3,2,6,12,34.29,0,6,3,50.0,7,3,35,8,40,35.09,7,134,54,188,92.4,12,0,346,21,1,0,Dylan Mbayo,Stade Lavallois,923968,1673
2,6,54.55,19,2,22.22,39,38,77,74.76,1,50.0,1,3,1,0,0,0,9,0,0,0,0,6,3,0,0,3,0,7,0,0,,,2,0,0.0,0,0,1,5,5,0,0,0,,8,57.14,0,0,0,26,1,1,0,3,257,1,2.0,0,0,0,0,0.0,0,0,0,1,44,1,0,6.6,0,0,0,0,0,0,0,0,0.0,0.0,0,0,1,1,0,3,75.0,0,3,2,66.67,1,7,4,11,9,56.25,9,60,43,103,19.8,1,0,169,2,0,0,Williams Kokolo,Stade Lavallois,964111,1673
1,0,0.0,10,0,0.0,16,4,20,58.82,4,57.14,3,5,1,0,0,0,5,1,0,1,0,1,5,0,0,3,2,22,0,0,,,11,0,0.0,0,0,1,5,4,1,0,0,,14,42.42,0,0,0,14,1,1,0,3,206,1,0.0,0,0,0,0,0.0,0,0,0,0,39,2,0,6.6,0,0,0,0,0,0,0,0,0.0,0.0,0,2,0,1,0,7,63.64,0,2,1,50.0,1,2,11,1,18,45.0,2,28,6,34,33.0,2,0,90,5,1,0,Ranjan Neelakandan,Annecy FC,1432545,210894
5,8,27.59,20,10,50.0,40,34,74,67.89,3,23.08,10,8,1,0,0,0,12,3,0,0,0,4,8,0,0,5,2,27,0,0,,,8,0,0.0,0,0,1,6,6,0,0,0,,13,43.33,0,0,1,35,3,9,0,3,360,0,0.0,0,0,0,1,0.0,0,0,0,0,67,0,0,6.6,0,0,0,0,0,0,0,0,0.0,0.0,1,0,4,4,0,0,0.0,0,9,7,77.78,9,14,2,29,16,37.21,20,65,44,109,52.8,4,0,180,4,1,0,Matteo Petrignani,Bastia,2266127,1655
0,0,0.0,2,0,0.0,2,5,7,63.64,0,0.0,0,1,0,0,0,0,0,0,0,0,0,0,1,0,0,0,0,0,0,0,,,0,0,0.0,0,0,0,0,0,0,0,0,,0,0.0,0,0,0,4,1,0,0,0,23,0,0.0,0,0,0,0,0.0,0,0,0,0,5,0,0,6.6,0,0,0,0,0,0,0,0,0.0,0.0,0,0,0,0,0,0,0.0,0,0,0,0.0,0,2,0,1,0,0.0,2,5,6,11,6.6,0,0,15,0,0,0,Joris Chotard,Montpellier,976396,1642
0,1,50.0,0,0,0.0,1,1,2,40.0,1,100.0,0,1,0,0,0,0,1,1,0,0,0,0,1,0,0,0,0,0,0,0,,,0,0,0.0,0,0,0,0,0,0,0,0,,1,100.0,0,0,0,3,0,1,0,0,14,0,0.0,0,0,0,0,0.0,0,0,0,0,4,0,0,6.6,0,0,0,0,0,0,0,0,0.0,0.0,0,0,0,0,0,0,0.0,0,0,0,0.0,1,1,0,2,2,100.0,1,4,1,5,6.6,0,0,8,1,0,0,Aristide Mateta,Stade Lavallois,2193267,1673
1,1,100.0,6,1,100.0,14,12,26,89.66,1,100.0,0,2,0,0,0,0,3,0,0,0,0,1,2,0,0,2,0,5,0,0,,,2,0,0.0,0,0,0,1,1,0,0,0,,3,37.5,0,0,0,3,1,0,0,1,69,0,0.0,0,0,0,0,0.0,0,0,0,0,9,0,0,6.6,0,0,0,0,0,0,0,0,0.0,0.0,0,0,0,0,0,0,0.0,0,3,1,33.33,0,1,1,1,4,44.44,1,15,14,29,13.2,0,0,44,0,1,0,Nabil Homssa,Montpellier,2456607,1642
0,0,0.0,0,0,0.0,4,4,8,100.0,0,0.0,0,2,0,0,0,0,0,0,0,0,0,1,1,0,0,0,1,1,0,0,,,0,0,0.0,0,0,0,0,0,0,0,0,,0,0.0,0,0,0,0,0,0,0,0,10,0,0.0,0,0,0,0,0.0,0,0,0,0,0,0,0,6.6,0,0,0,0,0,0,0,0,0.0,0.0,0,0,0,0,0,0,0.0,0,0,0,0.0,0,0,0,0,0,0.0,0,4,4,8,6.6,0,0,10,0,0,0,Matys Donavin,Clermont Foot,1471053,1680
1,0,0.0,4,0,0.0,13,4,17,77.27,0,0.0,2,3,0,0,0,0,11,0,0,1,0,0,3,0,0,1,0,4,0,0,,,2,0,0.0,0,0,0,0,0,0,0,0,,3,60.0,0,0,0,5,0,1,0,0,72,0,0.0,0,0,0,0,0.0,0,0,0,0,8,1,0,6.6,0,0,0,0,0,0,0,0,0.0,0.0,0,2,2,2,1,0,0.0,0,1,1,100.0,1,2,0,1,3,42.86,1,17,5,22,19.8,4,0,34,2,0,0,Chafik El Hansar,Nancy,2198865,1675
2,0,0.0,7,19,26.03,15,24,39,41.05,0,0.0,0,3,0,0,0,0,32,0,0,0,0,2,3,0,0,0,1,1,0,1,,,0,0,0.0,21,0,0,3,2,1,0,0,,0,0.0,0,2,0,56,0,0,0,2,251,0,0.0,0,0,0,0,0.0,0,0,0,0,57,0,0,6.6,0,0,3,2,4,6,0,1,0.0,0.0,0,0,0,0,0,0,0.0,3,0,0,0.0,0,8,0,0,0,0.0,73,64,31,95,19.8,0,0,117,0,0,0,Kenzo Noel,Nancy,2176657,1675
0,0,0.0,1,0,0.0,6,3,9,50.0,4,80.0,1,4,0,0,0,0,2,0,0,0,0,2,4,0,0,0,2,7,0,0,,,3,0,0.0,0,0,0,3,3,0,0,0,,2,25.0,0,0,0,9,1,1,0,0,52,0,0.0,0,0,0,0,0.0,0,0,0,0,11,0,0,6.6,0,0,0,0,0,0,0,0,0.0,0.0,0,0,0,0,0,0,0.0,0,2,1,50.0,1,1,1,0,6,46.15,1,12,6,18,26.4,0,0,30,0,0,0,Patrick Carraro Injai,Amiens SC,2019644,1676
0,0,0.0,3,1,100.0,4,5,9,90.0,0,0.0,1,4,0,0,0,0,1,0,0,0,0,0,2,0,0,0,0,2,0,0,,,1,0,0.0,0,0,0,0,0,0,0,0,,2,66.67,0,0,0,1,0,0,0,0,26,0,1.0,0,0,0,0,0.0,0,0,0,0,1,0,0,6.6,0,0,0,0,0,0,0,0,0.0,0.0,0,0,0,0,0,0,0.0,0,0,0,0.0,0,0,0,0,2,50.0,1,4,6,10,13.2,0,0,13,2,0,0,Roman Murcy,Troyes,2216557,1652
1,0,0.0,3,2,50.0,9,1,10,50.0,5,50.0,5,7,0,0,0,0,1,0,0,0,0,3,6,0,0,0,1,8,0,0,,,2,0,0.0,0,0,0,0,0,0,0,0,,3,50.0,0,0,0,10,0,0,0,1,125,0,0.0,0,0,0,0,0.0,0,0,0,0,19,1,0,6.6,0,0,0,0,0,0,0,0,0.0,0.0,0,1,0,1,0,1,100.0,0,1,1,100.0,0,3,1,5,8,50.0,4,17,3,20,39.6,1,0,45,1,0,0,Corentin Issanchou Roubiou,Rodez AF,1893491,6925
9,0,0.0,61,21,65.63,155,147,302,87.79,11,64.71,6,12,0,0,0,0,21,0,1,2,0,14,12,0,1,3,3,23,0,0,,,9,0,0.0,0,0,0,14,12,2,0,0,,22,56.41,0,0,0,42,5,3,0,5,562,1,2.0,0,0,0,0,0.0,0,0,0,0,52,2,0,6.6,1,0,0,0,0,0,0,0,0.0,0.0,0,2,3,2,1,3,60.0,0,9,6,66.67,3,13,5,0,33,58.93,32,186,158,344,79.2,5,0,413,10,1,0,Lohann Doucet,USL Dunkerque,1170523,6918
29,17,24.29,208,51,39.23,446,456,902,80.97,9,36.0,16,26,0,0,0,0,90,2,0,2,6,47,26,0,0,8,18,67,1,1,,,20,0,0.0,0,0,0,31,29,2,0,0,,54,51.43,0,0,0,212,31,22,0,23,2005,1,6.0,0,0,0,0,0.0,0,0,0,0,331,4,0,6.6,0,0,0,0,0,0,0,0,0.0,0.0,0,2,12,9,3,3,33.33,0,34,22,64.71,22,66,9,70,63,48.46,130,590,524,1114,171.6,14,0,1641,17,4,0,Akim Abdallah,Guingamp,862001,1654
8,5,38.46,215,9,33.33,469,313,782,88.06,9,52.94,8,26,1,0,0,0,68,1,3,3,1,8,26,0,1,13,23,85,2,0,,,25,0,6.25,0,1,2,19,15,4,0,1,,84,52.17,0,0,1,106,12,14,0,15,1268,1,3.0,0,0,0,0,0.0,0,0,0,0,167,5,0,6.6,1,1,0,0,0,0,0,0,1268.0,0.0,0,7,9,6,7,25,59.52,0,37,29,78.38,14,21,42,13,93,52.25,27,554,334,888,171.5,16,0,1128,22,2,0,Igor Miladinović,Saint-Étienne,1124025,1678
25,5,20.83,82,27,52.94,247,305,552,84.92,12,42.86,16,23,0,0,0,0,61,2,0,3,2,33,22,0,0,7,7,58,0,0,,,17,0,0.0,0,0,0,18,17,1,0,0,,44,51.16,0,0,0,98,11,6,0,14,1245,0,1.0,0,0,0,0,0.0,0,0,0,0,184,2,0,6.6,0,0,0,0,0,0,0,0,0.0,0.0,0,2,5,3,1,7,36.84,0,32,17,53.13,6,45,19,24,56,49.12,51,318,332,650,145.1,7,0,985,5,3,0,Lucas Mincarelli,Montpellier,1512339,1642
0,3,27.27,54,3,37.5,84,31,115,62.5,37,56.92,28,21,0,0,0,0,28,2,4,7,0,7,21,0,0,10,3,87,0,0,,,26,0,20.0,0,4,4,10,10,0,4,0,,15,20.27,0,0,1,69,5,13,1,4,675,6,1.0,0,0,0,0,0.0,0,0,0,0,144,9,0,6.59,1,3,0,0,0,0,0,0,168.75,0.0,0,15,5,8,5,8,27.59,0,4,4,100.0,13,1,29,11,52,37.41,8,146,38,184,138.4,20,0,337,3,1,1,William Harhouz,Le Mans,2112373,1672
32,1,33.33,153,27,50.94,316,218,534,75.85,43,58.11,31,29,2,0,0,0,94,1,0,5,1,20,29,0,0,11,15,113,1,0,,,36,0,0.0,0,0,2,23,19,4,0,0,,59,41.84,0,0,0,170,14,8,0,19,1764,3,1.0,0,0,0,0,0.0,0,0,0,1,251,9,0,6.59,0,0,0,0,0,0,0,0,0.0,0.0,0,5,6,6,0,15,40.54,0,30,22,73.33,8,58,37,3,102,47.44,53,458,246,704,191.1,11,0,954,14,4,0,Paul Venot,Annecy FC,2186088,210894
8,0,0.0,34,7,46.67,90,111,201,88.94,4,33.33,8,8,0,0,0,0,31,0,0,2,0,3,8,0,0,7,1,25,0,0,,,8,0,0.0,0,0,0,6,5,1,0,0,,20,54.05,0,0,0,25,5,1,0,4,398,0,0.0,0,0,0,0,0.0,0,0,0,0,49,2,0,6.59,0,0,0,0,0,0,0,0,0.0,0.0,0,1,1,0,0,4,66.67,0,9,7,77.78,1,13,6,2,24,48.98,15,103,123,226,52.7,2,0,296,8,1,0,Luan Gadegbeku,Saint-Étienne,1958611,1678
11,19,23.75,108,8,66.67,178,96,274,75.27,13,27.08,35,29,2,0,0,0,48,6,2,7,1,12,29,0,0,18,7,99,0,0,,,16,0,3.7,1,1,3,24,23,1,0,1,,41,39.05,0,0,1,90,8,24,1,17,1665,3,2.0,0,0,0,0,0.0,0,0,0,0,237,3,0,6.59,0,0,0,0,0,0,0,0,1665.0,0.0,1,18,9,11,9,10,30.3,0,20,14,70.0,24,15,33,80,54,35.29,12,242,122,364,191.0,27,1,675,11,2,0,Axel Camblan,Clermont Foot,1135605,1680
3,0,0.0,51,2,40.0,73,31,104,70.75,26,37.68,43,21,1,0,0,0,20,1,7,6,0,5,21,0,0,17,2,100,0,1,,,33,0,17.14,0,6,7,9,9,0,6,0,,33,36.67,2,0,1,43,2,7,3,9,1062,5,0.0,0,0,0,0,0.0,0,0,0,1,119,6,0,6.59,0,0,0,0,0,0,0,0,177.0,0.0,0,29,6,14,15,14,56.0,0,8,5,62.5,7,4,25,3,59,37.11,5,107,40,147,138.3,35,1,329,11,3,0,Hafiz Umar Ibrahim,Stade de Reims,1984921,1682
4,0,0.0,83,2,15.38,151,51,202,65.58,43,37.39,72,20,3,0,0,0,43,5,5,5,1,6,20,0,0,18,11,163,0,0,,,54,0,13.64,0,3,6,13,10,3,3,0,,61,40.13,0,0,1,106,3,9,2,10,1059,4,0.0,0,0,0,0,0.0,0,0,0,0,217,7,0,6.59,0,1,0,0,0,0,0,0,353.0,0.0,0,19,3,8,9,22,64.71,0,10,6,60.0,9,12,34,13,104,38.95,13,247,61,308,131.7,22,1,555,30,1,0,Ben Hamed Toure,Annecy FC,1493253,210894
5,1,33.33,24,2,40.0,57,64,121,78.57,4,36.36,7,10,0,0,0,0,15,0,0,4,0,1,10,0,0,1,2,20,0,0,,,7,0,20.0,0,1,1,4,4,0,1,0,,5,27.78,0,0,0,33,2,3,1,5,435,0,0.0,0,0,0,0,0.0,0,0,0,0,46,3,0,6.58,0,0,0,0,0,0,0,0,435.0,0.0,0,4,1,0,1,1,25.0,0,2,1,50.0,3,8,4,3,9,31.03,5,79,75,154,65.8,5,0,191,2,0,0,Julien Astic,Clermont Foot,1499149,1680
0,0,0.0,16,4,28.57,22,31,53,67.09,7,70.0,3,5,0,0,0,0,9,0,0,0,0,8,5,0,1,2,2,14,0,0,,,7,0,0.0,0,0,0,1,1,0,0,0,,5,31.25,0,0,0,26,6,1,0,3,243,0,1.0,0,0,0,0,0.0,0,0,0,0,42,0,0,6.58,1,0,0,0,0,0,0,0,0.0,0.0,0,0,0,0,0,1,100.0,0,2,1,50.0,1,6,1,7,12,46.15,14,36,43,79,32.9,0,0,134,2,2,0,Mathis Hamdi,Le Mans,1191259,1672
9,0,0.0,6,16,50.0,29,121,150,83.33,10,71.43,4,6,0,0,0,0,15,0,0,0,1,26,5,0,0,0,2,11,0,0,,,5,0,0.0,1,0,0,4,4,0,0,0,,2,22.22,0,0,0,30,6,0,0,4,355,0,2.0,1,0,0,0,0.0,0,0,0,0,32,0,0,6.58,0,0,0,0,0,0,0,0,0.0,0.0,0,0,0,0,0,0,0.0,0,2,1,50.0,0,17,0,0,12,52.17,32,51,129,180,32.9,0,0,231,0,1,0,Efe Sarıkaya,Grenoble Foot 38,1191140,1671
23,3,20.0,54,28,42.42,171,232,403,80.6,17,60.71,11,16,0,0,0,0,50,0,2,1,1,62,15,0,0,2,6,37,0,0,,,13,0,0.0,0,0,0,20,19,1,0,0,,42,61.76,0,0,0,97,13,4,0,14,1171,0,2.0,0,0,0,2,0.0,0,0,0,0,142,1,0,6.58,0,0,0,0,0,0,0,0,0.0,0.0,0,5,0,2,2,5,50.0,0,24,15,62.5,4,44,10,15,59,61.46,66,235,265,500,98.7,5,0,754,13,1,0,Mattéo Commaret,Stade Lavallois,1912449,1673
11,6,25.0,110,13,43.33,196,113,309,75.55,6,33.33,12,24,1,0,0,0,64,3,1,2,1,8,24,0,0,14,16,77,0,0,,,30,0,7.69,0,1,2,10,10,0,0,1,,30,31.58,0,0,0,100,5,16,0,10,991,0,1.0,0,0,0,0,0.0,0,0,0,0,167,7,0,6.58,0,1,0,0,0,0,0,0,991.0,0.0,0,5,8,9,2,1,16.67,0,23,18,78.26,16,38,6,24,36,31.86,30,281,128,409,157.9,13,0,582,7,6,0,Martin Rossignol,Le Mans,1389779,1672
14,0,0.0,64,17,51.52,166,238,404,84.7,19,57.58,14,22,1,0,0,0,53,2,2,7,1,16,22,0,0,4,9,47,1,1,,,17,0,9.52,0,2,3,35,31,4,2,0,,26,44.07,1,0,0,73,14,4,1,8,929,0,3.0,0,0,0,0,0.0,0,0,0,0,91,0,0,6.58,0,0,0,0,0,0,0,0,464.5,0.0,0,14,7,6,8,3,42.86,0,14,10,71.43,4,28,7,1,45,48.91,33,211,266,477,144.7,21,1,606,9,3,0,Cheikh Fall,Pau FC,1498629,1685
1,6,22.22,38,3,23.08,70,43,113,73.38,12,35.29,22,29,1,0,0,0,39,2,1,4,1,13,29,0,0,13,9,77,0,1,,,25,0,9.09,0,1,2,13,13,0,1,0,,56,50.45,1,0,0,41,11,7,0,6,950,6,1.0,0,0,0,0,0.0,0,0,0,0,120,3,0,6.58,0,0,0,0,0,0,0,0,950.0,0.0,0,6,5,6,1,9,50.0,0,15,13,86.67,7,5,18,27,68,46.9,13,94,60,154,190.7,11,0,381,33,5,0,Jimmy Evans,Nancy,1177802,1675
5,0,0.0,20,5,41.67,37,42,79,64.23,7,30.43,16,14,0,0,0,0,14,1,1,2,0,5,14,0,0,3,5,30,0,0,,,4,0,11.11,0,1,1,11,10,1,1,0,,20,58.82,0,0,1,44,1,4,0,6,562,2,2.0,0,0,0,0,0.0,0,0,0,0,61,2,0,6.57,0,1,0,0,0,0,0,0,562.0,0.0,0,7,2,5,2,4,66.67,0,9,8,88.89,4,9,6,1,27,47.37,12,69,54,123,92.0,9,0,197,7,2,0,Jan Mlakar,Amiens SC,827367,1676
4,0,0.0,10,5,100.0,14,13,27,84.38,2,66.67,1,3,0,0,0,0,7,0,0,0,0,2,3,0,0,0,3,6,0,0,,,1,0,0.0,0,0,0,1,1,0,0,0,,1,16.67,0,0,0,5,0,1,0,0,40,0,0.0,0,0,0,0,0.0,0,0,0,0,7,0,0,6.57,0,0,0,0,0,0,0,0,0.0,0.0,0,0,0,0,0,1,50.0,0,0,0,0.0,1,4,2,0,3,33.33,5,19,13,32,19.7,0,0,37,0,0,0,Trésor Matondo,Guingamp,1170546,1654
3,0,0.0,13,6,42.86,24,43,67,80.72,1,33.33,2,3,0,0,0,0,10,0,0,0,0,4,3,0,0,1,0,7,0,0,,,4,0,0.0,0,0,0,2,2,0,0,0,,3,37.5,0,0,0,16,4,0,0,2,177,0,0.0,0,0,0,0,0.0,0,0,0,0,23,1,0,6.57,0,0,0,0,0,0,0,0,0.0,0.0,0,0,0,0,0,0,0.0,0,3,2,66.67,0,6,0,2,4,36.36,14,36,47,83,19.7,0,0,124,0,1,0,Louis Siliadin,US Boulogne Côte-d'Opale,2188007,1711
2,3,25.0,49,5,45.45,75,40,115,66.47,24,33.33,48,27,0,0,0,0,27,0,7,5,1,5,27,0,2,19,3,137,0,0,,,42,0,9.52,0,4,4,19,18,1,3,1,,55,38.19,0,0,0,58,3,5,0,19,1541,13,0.0,0,0,0,0,0.0,0,0,0,0,181,6,0,6.56,2,4,0,0,0,0,0,0,385.25,0.0,0,33,9,16,21,19,41.3,0,13,11,84.62,5,8,46,12,79,36.57,11,124,49,173,177.2,42,0,444,23,5,0,Jeremy Sebas,Bastia,1498433,1655
8,2,50.0,99,6,60.0,170,112,282,66.51,103,54.5,86,30,3,0,0,0,32,4,4,6,1,20,30,0,0,28,5,155,0,0,,,34,0,11.54,0,3,6,22,19,3,3,0,,52,42.98,1,0,2,142,0,18,0,17,1579,7,5.0,1,0,2,0,100.0,0,2,0,0,269,5,0,6.56,0,2,0,0,0,0,0,0,526.33,0.0,0,24,2,11,9,11,52.38,0,7,4,57.14,18,14,21,4,155,50.0,10,282,142,424,196.8,26,1,718,34,2,0,Malik Tchokounté,Stade Lavallois,821464,1673
15,20,22.99,175,17,50.0,292,154,446,80.07,14,63.64,8,31,2,0,0,0,70,6,2,4,0,10,31,0,1,18,10,95,0,1,,,35,0,14.81,0,4,6,27,23,4,4,0,,43,33.08,0,0,3,111,14,24,3,27,2031,9,0.0,0,1,0,0,0.0,0,0,0,0,280,9,0,6.56,1,0,0,0,0,0,0,0,507.75,0.0,0,17,10,10,13,21,42.86,0,10,4,40.0,23,35,49,87,57,37.5,34,388,169,557,203.3,27,0,880,12,4,0,Aristide Zossou,USL Dunkerque,1936455,6918
4,0,0.0,10,11,42.31,39,141,180,88.24,12,60.0,8,7,0,0,0,0,13,0,0,0,0,14,7,0,0,3,4,24,0,1,,,8,0,50.0,3,1,1,6,6,0,1,0,,7,30.43,1,0,0,24,6,1,0,3,364,0,0.0,1,0,0,0,0.0,0,0,0,0,36,0,0,6.56,0,0,0,0,0,0,0,0,364.0,0.0,0,2,0,1,1,0,0.0,0,3,3,100.0,1,10,2,1,19,44.19,26,54,150,204,45.9,2,0,259,4,2,0,Josue Escartin,Red Star FC,1128648,52874
6,0,0.0,66,4,50.0,106,89,195,69.4,49,47.12,55,27,2,0,0,1,40,1,10,8,3,28,27,0,0,20,9,144,0,0,,,51,0,8.33,0,3,5,29,25,4,3,0,,66,42.58,0,0,2,86,6,14,3,16,1490,6,2.0,0,0,2,0,50.0,0,1,0,0,172,8,0,6.56,0,0,0,0,0,0,0,0,496.67,0.0,0,32,4,12,16,13,50.0,0,18,9,50.0,14,10,26,1,115,44.4,8,175,106,281,177.0,36,0,566,36,6,0,Omar Sadik,Pau FC,1126850,1685
8,1,33.33,147,7,43.75,296,224,520,87.99,9,24.32,28,29,2,0,0,0,52,1,2,6,1,16,29,0,0,39,11,126,0,1,,,25,0,6.25,0,1,3,13,12,1,1,0,,68,40.96,0,0,0,71,4,12,0,16,1333,1,2.0,0,0,0,0,0.0,0,0,0,1,192,5,0,6.56,0,1,0,0,0,0,0,0,1333.0,0.0,0,11,5,4,6,19,43.18,0,15,9,60.0,12,11,44,3,77,37.93,16,352,239,591,190.1,16,0,893,34,2,0,Aimen Moueffek,Saint-Étienne,990227,1678
0,0,0.0,0,0,0.0,3,1,4,57.14,0,0.0,0,2,0,0,0,0,1,0,0,0,0,0,2,0,0,0,0,0,0,0,,,0,0,0.0,0,0,0,0,0,0,0,0,,0,0.0,0,0,0,3,0,0,0,0,19,0,0.0,0,0,0,0,0.0,0,0,0,0,4,0,0,6.55,0,0,0,0,0,0,0,0,0.0,0.0,0,0,0,0,0,0,0.0,0,0,0,0.0,0,0,0,1,0,0.0,1,4,3,7,13.1,0,0,8,0,0,0,Sohan Paillard,US Boulogne Côte-d'Opale,2009920,1711
0,0,0.0,8,0,0.0,10,7,17,68.0,1,50.0,1,3,0,0,0,0,4,0,0,0,0,0,2,0,0,1,0,2,0,0,,,0,0,0.0,0,0,0,3,3,0,0,0,,3,75.0,0,0,0,8,0,0,0,0,34,0,0.0,0,0,0,0,0.0,0,0,0,0,12,1,0,6.55,0,0,0,0,0,0,0,0,0.0,0.0,0,1,1,1,1,0,0.0,0,3,3,100.0,0,3,0,0,4,66.67,2,17,8,25,13.1,2,0,35,0,0,0,Messy Mubundu,Amiens SC,2142294,1676
0,0,0.0,6,0,0.0,7,3,10,55.56,1,100.0,0,3,0,0,0,0,1,0,0,0,0,0,2,0,0,0,0,1,0,0,,,1,0,0.0,0,0,0,0,0,0,0,0,,2,66.67,0,0,0,8,0,0,0,0,24,0,0.0,0,0,0,0,0.0,0,0,0,0,19,1,0,6.55,0,0,0,0,0,0,0,0,0.0,0.0,0,1,0,0,1,0,0.0,0,1,1,100.0,0,0,0,6,3,75.0,0,15,3,18,13.1,1,0,33,1,1,0,Amadou Diakité,Troyes,2188484,1652
0,1,50.0,1,0,0.0,5,6,11,91.67,1,50.0,1,5,0,0,0,0,2,0,0,1,0,0,4,0,0,1,2,6,0,0,,,2,0,0.0,0,0,0,2,2,0,0,0,,6,54.55,0,0,0,1,1,0,0,0,55,0,0.0,0,0,0,0,0.0,0,0,0,0,5,0,0,6.55,0,0,0,0,0,0,0,0,0.0,0.0,0,0,1,0,0,2,66.67,0,1,1,100.0,0,0,3,2,7,53.85,0,5,7,12,26.2,1,0,29,3,0,0,Fayssal El Mahboub,Montpellier,2229587,1642
0,2,50.0,13,0,0.0,19,7,26,89.66,0,0.0,2,6,0,0,0,0,5,0,0,1,0,0,4,0,0,1,1,8,0,0,,,1,0,0.0,0,0,0,4,4,0,0,0,,8,57.14,0,0,0,3,0,1,0,1,79,0,0.0,0,0,0,0,0.0,0,0,0,0,16,2,0,6.55,0,0,0,0,0,0,0,0,0.0,0.0,0,2,2,1,2,1,25.0,0,1,0,0.0,1,0,4,4,8,50.0,0,22,7,29,26.2,4,0,62,6,0,0,Yuliwes Bellache,Clermont Foot,1392422,1680
5,2,8.33,74,8,42.11,131,113,244,73.49,13,38.24,21,17,0,0,0,0,51,1,1,3,4,14,17,0,0,16,11,88,0,1,,,24,0,11.11,0,2,2,17,16,1,2,0,,80,54.42,1,0,0,88,7,7,0,14,1234,5,0.0,0,0,0,1,0.0,0,0,0,0,201,5,0,6.55,0,0,0,0,0,0,0,0,617.0,0.0,0,12,6,9,6,13,44.83,0,37,21,56.76,7,12,29,24,93,51.38,19,199,133,332,111.3,18,0,656,30,4,0,Vincent Burlet,US Boulogne Côte-d'Opale,1149293,1711
0,6,31.58,50,4,26.67,86,60,146,77.66,1,25.0,3,16,1,0,0,0,24,1,1,0,1,6,15,0,0,6,5,26,0,1,,,9,0,0.0,0,0,1,5,5,0,0,0,,13,36.11,0,0,0,42,5,11,0,4,512,0,3.0,0,1,0,1,0.0,0,0,0,0,75,1,0,6.55,0,0,0,0,0,0,0,0,0.0,0.0,0,3,0,3,0,6,60.0,0,6,3,50.0,10,12,10,19,14,35.0,15,117,71,188,98.2,3,0,283,1,3,0,Mathys Tourraine,Clermont Foot,1468764,1680
3,3,23.08,39,6,85.71,60,56,116,87.22,1,25.0,3,14,0,0,0,0,18,0,0,2,0,3,13,0,0,7,5,34,0,0,,,10,0,0.0,0,0,0,8,7,1,0,0,,16,34.04,0,0,0,17,2,4,0,1,331,1,0.0,0,1,0,0,0.0,0,0,0,0,51,2,0,6.55,0,0,0,0,0,0,0,0,0.0,0.0,0,2,2,2,0,6,37.5,0,4,0,0.0,3,6,16,13,17,33.33,7,71,62,133,85.1,4,0,210,6,1,0,Kylian Gasnier,Pau FC,1002038,1685
1,1,100.0,6,2,40.0,8,3,11,42.31,2,28.57,5,7,0,0,0,0,6,0,0,0,0,5,7,0,0,3,2,24,0,0,,,9,0,0.0,0,0,0,0,0,0,0,0,,5,20.83,0,0,0,15,0,1,0,0,103,1,1.0,0,0,0,0,0.0,0,0,0,0,27,1,0,6.54,0,0,0,0,0,0,0,0,0.0,0.0,0,0,0,0,0,1,14.29,0,3,1,33.33,1,3,7,1,7,22.58,5,21,5,26,45.8,0,0,55,1,2,0,Izhak Hammoudi,Le Mans,2195357,1672
10,14,29.17,81,11,37.93,171,130,301,81.57,7,25.93,20,24,0,1,0,0,56,2,1,6,1,10,24,0,0,15,7,77,0,1,,,26,0,5.88,0,1,1,13,12,1,1,0,,35,38.04,0,0,0,68,13,14,0,13,1206,2,3.0,0,0,1,0,0.0,0,0,0,0,164,6,0,6.54,0,1,0,0,0,0,0,0,1206.0,0.0,3,7,10,8,3,7,36.84,0,16,12,75.0,14,26,19,48,42,35.29,29,226,143,369,157.0,17,0,601,13,3,0,Christophe Vincent,Bastia,184665,1655
1,0,0.0,3,1,50.0,8,12,20,71.43,1,100.0,0,5,0,0,0,0,6,0,0,0,0,0,5,0,0,1,0,3,0,0,,,1,0,0.0,0,0,0,2,2,0,0,0,,4,57.14,0,0,0,8,1,0,0,1,79,0,0.0,0,0,0,0,0.0,0,0,0,0,14,1,0,6.54,0,0,0,0,0,0,0,0,0.0,0.0,0,0,0,0,0,2,66.67,0,1,1,100.0,0,2,3,2,5,62.5,2,14,14,28,32.7,0,0,42,1,0,0,Ange-Loïc N'gatta,Grenoble Foot 38,1511908,1671
14,5,8.77,152,6,30.0,276,124,400,73.8,38,51.35,36,26,1,0,0,0,71,5,5,13,1,12,26,0,0,29,14,115,0,0,,,20,0,3.33,0,1,2,24,23,1,1,0,,70,46.98,0,0,3,142,10,24,0,21,1688,5,2.0,0,0,0,1,0.0,0,0,0,1,292,14,0,6.54,0,1,0,0,0,0,0,0,1688.0,0.0,0,25,5,12,5,20,47.62,0,24,10,41.67,24,21,42,57,108,48.43,20,389,153,542,170.0,30,0,911,26,1,0,Amadou Sagna,Guingamp,982318,1654
39,0,0.0,80,53,43.09,195,349,544,80.83,36,63.16,21,21,0,0,0,0,67,0,2,1,4,85,21,0,0,4,5,62,1,0,,,30,0,15.38,0,2,2,28,27,1,2,0,,39,48.75,2,0,0,129,25,5,0,21,1746,1,16.0,0,0,0,1,0.0,0,0,0,0,163,1,0,6.54,1,0,0,0,0,0,0,0,873.0,0.0,0,12,1,9,3,5,50.0,0,21,15,71.43,5,81,10,2,75,54.74,123,284,389,673,137.3,13,1,921,13,3,1,Elydjah Mendy,Nancy,1625624,1675
8,2,28.57,21,12,37.5,54,155,209,80.38,13,72.22,5,8,0,0,0,0,12,1,1,0,1,36,8,0,0,2,3,20,0,1,,,8,0,40.0,4,2,2,17,15,2,2,0,,16,51.61,1,0,1,51,10,4,0,8,708,0,1.0,0,0,0,1,0.0,0,0,0,0,72,0,0,6.54,0,1,0,0,0,0,0,0,354.0,0.0,0,5,0,2,3,5,71.43,0,7,3,42.86,4,19,7,7,29,59.18,32,86,174,260,52.3,5,1,415,4,4,0,Yoan Koré,Amiens SC,1131803,1676
2,1,33.33,53,2,40.0,78,49,127,77.91,17,25.76,49,20,1,0,0,1,23,3,5,3,0,12,20,0,0,11,4,75,0,0,,,9,0,11.76,0,2,3,17,16,1,1,1,,19,42.22,0,0,1,36,2,12,1,7,861,9,1.0,0,0,1,0,0.0,0,0,0,0,88,8,0,6.54,0,1,0,0,0,0,0,0,430.5,0.0,0,13,4,4,10,3,37.5,0,2,1,50.0,12,3,8,3,36,32.43,5,106,57,163,130.7,17,0,292,15,0,0,Patrick Ouotro,Nancy,1459308,1675
0,1,100.0,3,0,0.0,9,15,24,88.89,0,0.0,0,3,0,0,0,0,0,0,0,0,0,2,3,0,0,0,0,2,0,0,,,2,0,0.0,0,0,0,1,1,0,0,0,,1,33.33,0,0,0,3,0,1,0,0,43,0,0.0,0,0,0,0,0.0,0,0,0,0,5,0,0,6.53,0,0,0,0,0,0,0,0,0.0,0.0,0,0,0,0,0,1,100.0,0,0,0,0.0,1,0,1,1,1,33.33,0,12,15,27,19.6,0,0,37,0,1,0,Lenny Dziki,USL Dunkerque,1901491,6918
5,4,30.77,20,3,50.0,41,35,76,67.86,14,38.89,22,10,0,0,0,0,11,0,1,7,2,11,10,0,0,7,2,42,0,0,,,8,0,0.0,0,0,0,6,5,1,0,0,,19,48.72,0,0,0,36,2,4,0,5,538,3,1.0,0,0,0,0,0.0,0,0,0,0,73,1,0,6.53,0,0,0,0,0,0,0,0,0.0,0.0,0,14,1,6,2,5,62.5,0,6,6,100.0,4,9,8,13,33,44.0,6,67,45,112,65.3,15,0,220,8,1,0,Arthur Lallias,Grenoble Foot 38,1621170,1671
5,4,40.0,42,3,42.86,70,33,103,66.45,16,40.0,24,15,1,0,0,0,14,3,2,2,0,1,15,0,0,6,4,50,0,0,,,7,0,13.33,0,2,3,10,10,0,2,0,,13,33.33,0,0,0,52,0,7,1,5,552,12,0.0,0,0,0,0,0.0,0,0,0,0,97,3,0,6.53,0,1,0,0,0,0,0,0,276.0,0.0,0,13,2,8,5,4,30.77,0,2,1,50.0,7,9,13,10,29,36.71,7,114,41,155,97.9,15,1,242,7,0,0,Pape Meissa Ba,Red Star FC,991645,52874
16,7,17.95,154,16,37.21,233,113,346,67.58,53,41.73,74,32,2,0,0,0,68,2,14,7,6,30,32,0,0,35,12,213,0,0,,,57,0,8.33,0,4,6,27,25,2,3,1,,73,34.43,1,0,1,166,21,23,0,27,2341,7,3.0,0,0,0,0,0.0,0,0,0,0,352,19,0,6.53,0,3,0,0,0,0,0,0,585.25,0.0,3,36,12,22,19,16,29.63,0,17,9,52.94,23,33,54,39,126,37.17,43,370,142,512,208.8,48,2,967,42,3,0,Felix Tomi,Bastia,966866,1655
3,0,0.0,27,4,66.67,59,89,148,81.77,13,56.52,10,8,1,0,0,0,25,1,0,0,1,12,8,0,1,4,3,31,0,0,,,12,0,0.0,0,0,1,8,7,1,0,0,,16,43.24,0,0,0,33,12,3,0,6,468,0,3.0,0,0,0,0,0.0,0,0,0,0,46,1,0,6.53,1,0,0,0,0,0,0,0,0.0,0.0,0,2,0,2,0,2,50.0,0,8,6,75.0,3,5,4,0,29,48.33,6,76,105,181,52.2,2,0,246,7,2,0,Skelly Alvero,Amiens SC,1165722,1676
0,0,0.0,4,0,0.0,9,17,26,70.27,6,31.58,13,9,0,0,0,0,11,0,1,1,0,1,8,0,0,0,0,21,0,0,,,3,0,0.0,0,0,0,6,5,1,0,0,,12,60.0,0,0,0,11,0,0,0,1,166,1,1.0,0,0,0,0,0.0,0,0,0,0,37,2,0,6.53,0,0,0,0,0,0,0,0,0.0,0.0,0,2,1,1,1,6,54.55,0,1,0,0.0,0,0,11,8,18,46.15,0,17,20,37,52.2,3,0,91,5,1,0,Salif Lebouath,Pau FC,2021512,1685
16,32,24.62,286,26,34.67,547,560,1107,84.7,12,37.5,20,33,2,0,0,0,152,8,0,4,8,45,33,0,1,29,15,107,0,1,,,21,0,7.69,0,1,3,58,50,8,1,0,,114,56.72,0,0,2,200,29,27,1,33,2811,4,3.0,0,2,0,2,0.0,0,0,0,0,420,5,0,6.52,1,0,0,0,0,0,0,0,2811.0,0.0,0,4,9,5,4,19,43.18,0,56,38,67.86,25,42,44,130,126,54.08,75,676,631,1307,215.3,13,0,2126,39,3,0,Joseph Kalulu,Pau FC,1621193,1685
17,0,0.0,12,53,29.61,43,84,127,50.0,3,100.0,0,9,0,0,0,0,74,0,0,0,3,12,9,0,0,0,2,2,1,1,,,0,0,0.0,58,0,0,13,11,2,0,0,,4,66.67,0,7,0,127,0,0,0,9,810,0,0.0,0,0,0,0,0.0,0,0,0,0,134,0,2,6.52,0,0,12,10,5,15,0,3,0.0,0.0,0,0,0,0,0,0,0.0,12,1,0,0.0,0,36,0,0,7,77.78,179,153,101,254,58.7,0,0,330,4,1,0,Lisandru Olmeta,Bastia,1155225,1655
1,2,22.22,36,1,100.0,66,34,100,73.53,15,31.25,33,23,1,0,0,0,15,3,3,1,0,1,23,0,0,11,0,60,0,0,,,14,0,10.0,0,1,2,5,4,1,1,0,,15,35.71,1,0,0,36,1,10,0,3,536,3,0.0,0,0,0,0,0.0,0,0,0,0,80,1,0,6.52,0,0,0,0,0,0,0,0,536.0,0.0,0,10,0,5,4,3,50.0,0,8,3,37.5,10,3,6,9,30,33.33,1,95,41,136,150.0,10,0,231,4,0,0,Abdelsamad Hachem,Red Star FC,1913826,52874
3,0,0.0,49,4,66.67,76,45,121,65.05,26,32.1,55,21,0,0,0,0,33,1,0,5,0,4,21,0,0,28,10,148,0,0,,,37,0,18.75,0,3,3,11,10,1,3,0,,55,37.16,0,0,0,65,0,8,1,7,764,4,0.0,0,0,0,0,0.0,0,0,0,0,180,11,0,6.52,1,2,0,0,0,0,0,0,254.67,0.0,0,14,2,5,6,14,40.0,0,12,7,58.33,8,8,35,9,81,35.37,6,132,54,186,136.9,16,0,441,31,4,1,Quentin Paris,Annecy FC,1922402,210894
2,1,11.11,40,1,25.0,80,52,132,76.74,9,37.5,15,19,0,0,0,0,22,2,0,5,0,3,18,0,0,10,1,47,0,0,,,16,0,0.0,0,0,0,12,11,1,0,0,,30,48.39,0,0,0,40,1,6,0,4,536,6,0.0,0,0,0,0,0.0,0,0,0,0,84,5,0,6.52,0,0,0,0,0,0,0,0,0.0,0.0,1,2,12,6,3,7,53.85,0,5,3,60.0,6,6,13,9,39,45.35,4,116,56,172,117.3,14,0,287,18,1,0,Issiaka Karamoko,Bastia,1035691,1655
4,1,20.0,33,0,0.0,57,23,80,64.52,25,48.08,27,14,0,0,0,0,9,0,3,3,0,2,14,0,0,8,2,59,0,0,,,16,0,6.67,0,1,1,9,7,2,1,0,,14,30.43,1,0,1,44,3,3,0,6,570,8,1.0,0,0,0,0,0.0,0,0,0,1,84,2,0,6.51,0,0,0,0,0,0,0,0,570.0,0.0,0,12,3,8,4,2,22.22,0,4,1,25.0,3,5,9,5,39,39.8,1,94,30,124,91.2,15,0,223,8,2,0,Gabin Capuano,US Boulogne Côte-d'Opale,2026685,1711
0,0,0.0,33,1,33.33,55,22,77,72.64,7,36.84,12,15,0,0,0,0,11,0,1,1,0,3,14,0,0,8,0,33,0,0,,,6,0,0.0,0,0,0,6,5,1,0,0,,18,46.15,0,0,1,29,1,2,0,4,439,1,0.0,0,0,0,0,0.0,0,0,0,0,66,2,0,6.51,0,0,0,0,0,0,0,0,0.0,0.0,0,9,3,6,5,6,42.86,0,8,6,75.0,2,4,14,7,25,43.1,3,75,31,106,91.2,12,0,198,4,0,0,Ayman Aiki,Bastia,1195740,1655
34,0,0.0,64,40,55.56,151,258,409,85.56,8,42.11,11,17,0,0,0,0,40,0,0,1,2,38,17,0,1,3,2,35,0,1,,,17,0,0.0,7,0,0,21,19,2,0,0,,23,48.94,0,0,1,69,18,2,0,8,958,1,6.0,0,0,0,2,0.0,0,0,0,0,95,1,0,6.51,1,0,0,0,0,0,0,0,0.0,0.0,0,3,2,4,0,3,60.0,0,16,10,62.5,2,63,5,6,31,46.97,72,202,276,478,110.7,5,0,630,4,4,0,Setigui Karamoko,Pau FC,1035771,1685
7,1,33.33,68,6,75.0,116,64,180,75.31,26,40.0,39,21,1,0,0,0,29,4,0,7,2,14,21,0,0,18,10,100,0,0,,,27,0,0.0,0,0,1,13,12,1,0,0,,29,32.22,0,0,1,59,5,11,0,10,982,2,1.0,0,0,0,0,0.0,0,0,0,0,125,6,0,6.51,0,0,0,0,0,0,0,0,0.0,0.0,0,18,4,9,6,11,55.0,0,8,3,37.5,11,10,20,3,55,35.48,8,166,73,239,136.7,22,0,413,10,2,0,Victor Orakpo,Nancy,1897296,1675
10,6,18.18,52,8,44.44,88,40,128,80.0,2,18.18,9,13,1,0,0,0,24,1,2,6,0,4,12,0,1,13,9,56,0,0,,,13,0,6.67,0,1,2,7,6,1,0,1,,34,41.98,0,0,1,32,4,9,1,10,737,3,1.0,0,0,0,0,0.0,0,0,0,0,109,3,0,6.51,1,0,0,0,0,0,0,0,737.0,0.0,1,9,6,5,4,7,33.33,0,11,9,81.82,9,17,21,33,36,39.13,18,115,45,160,78.1,15,0,323,17,2,0,Enzo Cantero,Clermont Foot,2204641,1680
6,4,23.53,90,5,50.0,133,67,200,78.43,16,39.02,25,24,1,0,0,0,34,3,3,5,0,7,23,0,0,10,7,72,0,0,,,16,0,9.52,0,2,3,9,7,2,2,0,,24,33.8,0,0,0,55,6,10,0,7,795,11,1.0,0,0,0,0,0.0,0,0,0,0,123,9,0,6.5,0,2,0,0,0,0,0,0,397.5,0.0,0,19,2,9,7,8,36.36,0,11,6,54.55,10,12,22,17,40,35.71,10,174,81,255,149.5,21,0,421,5,1,0,Adama Bojang,Stade de Reims,1471504,1682
1,1,50.0,8,3,100.0,18,13,31,77.5,4,40.0,6,5,1,0,0,0,7,2,1,0,0,1,5,0,0,2,1,15,0,0,,,5,0,0.0,0,0,1,4,2,2,0,0,,5,35.71,0,0,0,9,0,3,0,1,149,1,0.0,0,0,0,0,0.0,0,0,0,0,20,1,0,6.5,0,0,0,0,0,0,0,0,0.0,0.0,0,4,0,3,1,1,50.0,0,1,1,100.0,3,1,2,2,9,37.5,3,27,13,40,32.5,4,0,64,3,0,0,Mohamed Bechikh,Grenoble Foot 38,1634355,1671
0,0,0.0,6,1,100.0,9,1,10,83.33,0,0.0,0,1,0,0,0,0,0,0,0,0,0,0,1,0,0,1,0,2,0,0,,,0,0,0.0,0,0,0,0,0,0,0,0,,0,0.0,0,0,0,2,0,0,0,0,28,0,0.0,0,0,0,0,0.0,0,0,0,0,5,0,0,6.5,0,0,0,0,0,0,0,0,0.0,0.0,0,0,0,0,0,0,0.0,0,0,0,0.0,0,0,1,0,0,0.0,1,11,1,12,6.5,0,0,18,0,0,0,Reda Khadra,Stade de Reims,995671,1682
0,0,0.0,0,0,0.0,0,0,0,0.0,0,0.0,0,1,0,0,0,0,0,0,0,0,0,0,1,0,0,0,0,0,0,0,,,0,0,0.0,0,0,0,0,0,0,0,0,,0,0.0,0,0,0,0,0,0,0,0,8,0,0.0,0,0,0,0,0.0,0,0,0,0,1,0,0,6.5,0,0,0,0,0,0,0,0,0.0,0.0,0,0,0,0,0,0,0.0,0,0,0,0.0,0,0,0,0,0,0.0,0,0,0,0,6.5,0,0,1,0,0,0,Ibrahim Raache,Annecy FC,2019062,210894
0,0,0.0,0,0,0.0,0,2,2,18.18,1,50.0,1,1,0,0,0,0,2,0,0,0,0,2,1,0,0,0,0,1,0,0,,,0,0,0.0,0,0,0,0,0,0,0,0,,0,0.0,0,0,0,9,1,0,0,0,30,0,1.0,0,0,0,0,0.0,0,0,0,0,11,0,0,6.5,0,0,0,0,0,0,0,0,0.0,0.0,0,0,0,0,0,0,0.0,0,0,0,0.0,0,2,0,0,1,50.0,4,6,5,11,6.5,0,0,20,0,0,0,Donovan Basset,Bastia,2141271,1655
0,0,0.0,0,0,0.0,0,0,0,0.0,1,100.0,0,1,0,0,0,0,1,0,0,0,0,0,1,0,0,0,0,1,0,0,,,0,0,0.0,0,0,0,0,0,0,0,0,,0,0.0,0,0,0,1,0,0,0,0,12,0,0.0,0,0,0,0,0.0,0,0,0,0,3,0,0,6.5,0,0,0,0,0,0,0,0,0.0,0.0,0,0,0,0,0,0,0.0,0,0,0,0.0,0,0,1,0,1,50.0,0,0,1,1,6.5,0,0,5,0,0,0,Titouan Caro,Le Mans,1803421,1672
1,0,0.0,1,3,50.0,7,16,23,85.19,2,50.0,2,2,0,0,0,0,2,0,1,0,0,1,1,0,0,0,0,2,0,0,,,0,0,0.0,0,0,0,1,1,0,0,0,,1,100.0,0,0,0,4,0,1,0,1,46,0,0.0,0,0,0,0,0.0,0,0,0,0,5,0,0,6.5,0,0,0,0,0,0,0,0,0.0,0.0,0,1,0,1,0,0,0.0,0,1,1,100.0,1,1,0,0,3,60.0,6,11,16,27,6.5,1,0,32,0,0,0,Vincent Kany,Red Star FC,1859974,52874
0,0,0.0,21,0,0.0,28,20,48,88.89,0,0.0,1,3,0,0,0,0,2,0,0,0,0,2,3,0,0,0,2,4,0,0,,,1,0,0.0,0,0,0,5,5,0,0,0,,4,57.14,0,0,0,6,3,1,0,1,122,0,0.0,0,0,0,0,0.0,0,0,0,0,11,0,0,6.5,0,0,0,0,0,0,0,0,0.0,0.0,0,0,1,1,0,1,100.0,0,3,2,66.67,1,1,1,3,4,50.0,2,31,23,54,19.5,1,0,79,0,0,0,Souleymane Basse,Pau FC,1470024,1685
4,0,0.0,14,3,37.5,28,21,49,75.38,2,40.0,3,4,0,0,0,0,6,0,0,0,1,3,2,0,0,1,2,9,0,0,,,3,0,0.0,0,0,0,0,0,0,0,0,,2,25.0,0,0,0,16,0,0,0,1,137,0,0.0,0,0,0,0,0.0,0,0,0,0,20,2,0,6.5,0,0,0,0,0,0,0,0,0.0,0.0,0,0,1,1,0,0,0.0,0,2,2,100.0,0,8,1,1,4,30.77,8,41,24,65,13.0,1,0,83,0,1,0,Xavier Chavalerin,Troyes,157029,1652
1,0,0.0,13,1,100.0,26,11,37,72.55,6,42.86,8,4,0,0,0,0,5,0,0,1,0,3,4,0,0,6,0,29,0,0,,,9,0,0.0,0,0,0,2,2,0,0,0,,18,46.15,0,0,0,14,1,2,0,3,217,3,0.0,0,0,0,0,0.0,0,0,0,0,40,1,0,6.5,0,0,0,0,0,0,0,0,0.0,0.0,0,3,1,2,1,3,30.0,0,8,3,37.5,2,4,10,1,24,45.28,1,36,15,51,26.0,4,0,112,7,1,0,Zanga Kone,US Boulogne Côte-d'Opale,2188009,1711
0,0,0.0,8,0,0.0,9,7,16,64.0,0,0.0,1,4,0,0,0,0,2,0,0,0,0,5,2,0,0,0,0,2,0,0,,,0,0,0.0,0,0,0,1,1,0,0,0,,2,66.67,0,0,0,9,1,0,0,0,27,0,0.0,0,0,0,0,0.0,0,0,0,0,10,0,0,6.5,0,0,0,0,0,0,0,0,0.0,0.0,0,0,0,0,0,1,50.0,0,1,1,100.0,0,4,2,0,2,50.0,4,16,9,25,13.0,0,0,35,0,0,0,Victor Lebas,Bastia,1152852,1655
0,0,0.0,12,1,100.0,24,12,36,85.71,1,50.0,1,5,0,0,0,0,4,0,0,1,0,0,5,0,0,1,3,8,0,0,,,2,0,0.0,0,0,0,0,0,0,0,0,,4,36.36,0,0,0,6,1,1,0,0,73,0,0.0,0,0,0,0,0.0,0,0,0,0,18,1,0,6.5,0,0,0,0,0,0,0,0,0.0,0.0,0,1,1,1,0,1,50.0,0,1,1,100.0,1,0,2,6,5,38.46,1,30,12,42,32.5,2,0,64,2,0,0,Youssef N'Gapout,Guingamp,2191286,1654
0,1,33.33,14,0,0.0,19,5,24,68.57,2,25.0,6,6,0,0,0,0,2,0,0,0,0,2,5,0,0,2,0,11,0,0,,,2,0,0.0,0,0,0,1,1,0,0,0,,6,54.55,0,0,0,11,2,2,0,1,110,1,0.0,0,0,0,0,0.0,0,0,0,0,22,0,0,6.5,0,0,0,0,0,0,0,0,0.0,0.0,0,1,0,0,1,1,50.0,0,3,3,100.0,2,2,2,3,8,42.11,1,29,6,35,32.5,1,0,61,2,0,0,Mathis Touho,Amiens SC,1494404,1676
1,0,0.0,8,1,100.0,18,20,38,95.0,0,0.0,1,6,0,0,0,0,5,0,0,0,0,0,5,0,0,0,0,8,0,0,,,3,0,0.0,0,0,0,2,2,0,0,0,,3,30.0,0,0,0,2,0,1,0,0,59,1,0.0,0,0,0,0,0.0,0,0,0,0,8,1,0,6.5,0,0,0,0,0,0,0,0,0.0,0.0,0,0,0,0,0,2,33.33,0,0,0,0.0,1,1,6,0,3,27.27,1,19,21,40,32.5,0,0,53,1,1,0,Malick Diop,USL Dunkerque,1897444,6918
2,0,0.0,17,5,62.5,34,25,59,77.63,7,46.67,8,8,0,0,0,0,7,0,1,0,0,2,8,0,0,0,2,12,0,0,,,2,0,0.0,0,0,0,5,5,0,0,0,,4,50.0,0,0,0,17,2,1,0,1,166,0,0.0,0,0,0,0,0.0,0,0,0,0,21,1,0,6.5,0,0,0,0,0,0,0,0,0.0,0.0,0,4,0,4,0,1,50.0,0,1,1,100.0,1,4,2,1,11,47.83,8,46,30,76,52.0,4,0,95,2,1,0,Herve Toure,US Boulogne Côte-d'Opale,1113474,1711
5,0,0.0,2,18,30.51,11,198,209,82.94,1,50.0,1,9,0,0,0,0,70,0,0,0,1,8,9,0,0,0,0,2,0,0,,,1,0,0.0,51,0,0,15,15,0,0,0,,4,80.0,0,6,0,43,0,0,0,9,763,0,0.0,0,0,0,0,0.0,0,0,0,0,45,0,3,6.5,0,0,7,13,3,16,0,2,0.0,0.0,0,0,0,0,0,0,0.0,7,0,0,0.0,0,8,0,0,5,71.43,59,42,210,252,58.5,0,0,334,4,2,0,Marcos Lavín,USL Dunkerque,858769,6918
1,0,0.0,16,1,100.0,28,16,44,78.57,0,0.0,2,11,0,0,0,0,10,0,0,2,0,0,10,0,0,7,0,21,0,0,,,4,0,0.0,0,0,0,3,3,0,0,0,,15,44.12,0,0,0,12,0,2,0,0,168,0,0.0,0,0,0,0,0.0,0,0,0,0,42,3,0,6.5,0,0,0,0,0,0,0,0,0.0,0.0,0,4,3,3,2,4,30.77,0,2,2,100.0,2,3,13,4,15,41.67,1,37,19,56,65.0,7,0,120,9,1,0,Ayanda Sishuba,Montpellier,1514294,1642
7,5,27.78,63,6,75.0,94,35,129,77.71,6,33.33,12,13,2,0,0,0,22,2,1,7,0,2,13,0,0,13,5,50,0,0,,,12,0,10.53,0,2,4,7,4,3,2,0,,21,35.59,1,0,1,37,4,9,0,8,698,3,2.0,0,0,0,0,0.0,0,0,0,0,102,7,0,6.49,0,1,0,0,0,0,0,0,349.0,0.0,2,12,7,6,6,11,55.0,0,7,6,85.71,9,9,20,18,27,35.06,8,122,44,166,84.4,19,0,305,3,1,0,Amine Salama,Stade de Reims,1175856,1682
3,8,36.36,26,2,40.0,50,18,68,68.0,11,42.31,15,13,1,0,0,0,17,1,8,5,0,2,13,0,0,13,2,63,0,0,,,20,0,11.76,0,2,3,13,11,2,1,1,,24,33.33,0,0,0,32,2,7,1,4,509,3,0.0,0,0,0,0,0.0,0,0,0,0,109,5,0,6.49,0,1,0,0,0,0,0,0,254.5,0.0,2,11,6,6,6,9,34.62,0,8,8,100.0,7,4,26,22,35,35.71,5,80,20,100,84.4,17,0,256,7,2,0,Alejandro Gomes Rodriguez,Annecy FC,1614474,210894
3,2,22.22,29,0,0.0,46,19,65,85.53,0,0.0,3,12,1,0,0,0,9,2,0,0,0,2,12,0,0,5,1,16,0,0,,,4,0,0.0,0,0,1,8,8,0,0,0,,10,43.48,0,0,1,11,3,5,0,2,285,0,0.0,0,0,0,0,0.0,0,0,0,0,37,1,0,6.49,0,0,0,0,0,0,0,0,0.0,0.0,0,1,1,0,2,5,62.5,0,3,3,100.0,5,5,8,9,10,38.46,2,55,21,76,77.9,2,0,134,2,1,0,Zaid Seha,USL Dunkerque,1927725,6918
7,2,14.29,44,7,46.67,91,81,172,87.31,4,57.14,3,10,1,0,0,0,9,2,0,1,0,8,10,0,1,4,7,25,0,0,,,9,0,0.0,0,0,1,8,8,0,0,0,,19,46.34,0,0,0,25,2,5,0,4,397,2,1.0,0,0,0,0,0.0,0,0,0,0,54,1,0,6.49,1,0,0,0,0,0,0,0,0.0,0.0,0,0,1,0,0,1,33.33,0,11,8,72.73,5,13,3,14,23,47.92,15,108,89,197,64.9,1,0,294,7,3,0,Jérémie Matumona,Guingamp,1893992,1654
2,7,63.64,58,3,50.0,94,64,158,76.33,9,60.0,6,22,1,0,0,0,27,1,3,2,0,2,22,0,0,14,8,69,0,0,,,19,0,0.0,0,0,1,7,6,1,0,0,,24,27.59,0,0,0,49,1,9,0,3,634,2,0.0,0,0,0,0,0.0,0,0,0,0,121,9,0,6.49,0,0,0,0,0,0,0,0,0.0,0.0,0,8,2,6,2,9,28.13,0,6,5,83.33,9,4,32,11,33,32.35,6,130,77,207,142.7,10,0,343,9,3,0,Alex Daho,USL Dunkerque,1495561,6918
9,3,10.34,87,13,50.0,166,195,361,88.26,6,46.15,7,14,0,0,0,0,58,0,0,0,2,27,14,0,0,6,6,37,0,1,,,12,0,0.0,0,0,0,20,16,4,0,0,,31,50.82,0,0,1,48,8,3,0,11,1002,1,2.0,0,0,0,0,0.0,0,0,0,0,123,5,0,6.49,0,0,0,0,0,0,0,0,0.0,0.0,0,0,4,3,1,8,44.44,0,9,8,88.89,3,14,18,29,37,50.0,26,199,210,409,90.8,4,0,671,14,0,0,Arvin Appiah,Amiens SC,934229,1676
1,1,25.0,6,2,66.67,17,13,30,76.92,0,0.0,1,5,0,0,0,0,7,0,0,0,0,1,5,0,0,3,2,11,0,0,,,3,0,0.0,0,0,0,2,1,1,0,0,,7,41.18,0,0,0,9,2,0,0,0,96,0,0.0,0,0,0,0,0.0,0,0,0,0,22,2,0,6.48,0,0,0,0,0,0,0,0,0.0,0.0,0,0,2,2,0,3,60.0,0,2,1,50.0,0,3,5,4,7,38.89,3,25,14,39,32.4,2,0,67,2,0,0,Maïdine Douane,Clermont Foot,1172955,1680
0,0,0.0,8,1,33.33,11,2,13,59.09,1,14.29,6,5,0,0,0,0,4,0,0,2,0,0,5,0,0,0,0,12,0,0,,,4,0,0.0,0,0,0,1,1,0,0,0,,1,14.29,0,0,0,9,0,2,0,0,104,1,0.0,0,0,0,0,0.0,0,0,0,0,16,3,0,6.48,0,0,0,0,0,0,0,0,0.0,0.0,0,2,0,0,0,0,0.0,0,0,0,0.0,2,1,2,4,2,14.29,3,19,3,22,32.4,2,0,36,1,0,0,Florian Boulet,US Boulogne Côte-d'Opale,2024363,1711
1,1,25.0,27,0,0.0,51,37,88,73.95,17,34.0,33,27,0,0,0,0,22,0,1,4,0,2,26,0,0,17,1,67,0,0,,,15,0,5.56,0,1,1,11,11,0,1,0,,24,41.38,0,0,0,31,3,6,0,4,594,5,0.0,0,0,0,0,0.0,0,0,0,0,79,7,0,6.48,0,1,0,0,0,0,0,0,594.0,0.0,0,15,3,10,4,5,50.0,0,2,1,50.0,6,1,10,4,41,37.96,0,77,42,119,168.4,18,0,242,17,3,0,Aboubakary Kanté,USL Dunkerque,801296,6918
2,1,16.67,15,2,66.67,20,13,33,57.89,3,20.0,12,18,0,0,0,0,10,0,3,3,1,4,17,0,1,6,3,34,0,0,,,9,0,10.0,0,1,1,7,5,2,1,0,,17,43.59,0,0,0,24,3,0,0,4,426,4,0.0,0,0,0,0,0.0,0,0,0,0,51,2,0,6.48,1,1,0,0,0,0,0,0,426.0,0.0,2,6,4,2,5,1,20.0,0,8,5,62.5,0,6,5,6,20,37.04,3,39,18,57,110.1,10,0,132,8,0,0,Mehdi Baaloudj,Rodez AF,1094520,6925
4,14,19.18,64,6,37.5,102,76,178,76.07,5,31.25,11,19,4,0,0,0,46,4,1,4,0,2,19,0,0,14,6,63,0,1,,,14,0,0.0,0,0,4,19,16,3,0,0,,23,30.67,0,0,1,56,5,15,0,12,970,0,1.0,0,0,0,0,0.0,0,0,0,0,186,5,0,6.47,0,0,0,0,0,0,0,0,0.0,0.0,0,10,5,6,5,9,33.33,0,9,5,55.56,15,7,27,73,28,30.77,16,144,90,234,123.0,15,0,453,5,1,0,Gauthier Ott,Guingamp,1021883,1654
3,1,14.29,8,2,25.0,19,41,60,75.95,8,72.73,3,7,0,0,0,0,7,1,0,0,0,9,7,0,0,3,2,12,0,0,,,3,0,0.0,0,0,0,6,6,0,0,0,,21,70.0,0,0,0,19,4,1,0,2,236,0,0.0,0,0,0,0,0.0,0,0,0,0,52,0,0,6.47,1,0,0,0,0,0,0,0,0.0,0.0,0,1,1,0,2,0,0.0,0,9,5,55.56,1,8,1,7,29,70.73,8,30,49,79,45.3,2,0,165,12,0,1,Travis Patterson,Annecy FC,1135879,210894
3,0,0.0,26,1,16.67,46,37,83,67.48,22,34.92,41,13,0,0,0,0,21,1,0,2,0,8,13,0,1,9,4,70,0,0,,,13,0,9.09,0,1,1,4,4,0,1,0,,22,43.14,0,0,0,40,3,3,0,9,739,5,0.0,0,0,0,0,0.0,0,0,0,0,84,3,0,6.47,1,1,0,0,0,0,0,0,739.0,0.0,0,8,3,8,1,4,44.44,0,5,3,60.0,3,4,9,2,44,38.6,6,82,41,123,84.1,11,0,229,13,1,0,Ugo Bonnet,Grenoble Foot 38,988937,1671
3,1,25.0,27,6,66.67,36,14,50,71.43,1,25.0,3,3,0,0,0,0,14,1,0,2,0,2,3,0,0,3,0,12,0,0,,,5,0,0.0,0,0,0,5,3,2,0,0,,7,43.75,0,0,0,20,2,3,0,3,247,1,0.0,0,0,0,0,0.0,0,0,0,0,32,3,0,6.47,0,0,0,0,0,0,0,0,0.0,0.0,0,1,2,0,1,0,0.0,0,2,1,50.0,3,4,1,4,8,40.0,9,52,18,70,19.4,3,0,105,5,1,0,Derek Mazou-Sacko,Rodez AF,1798845,6925
6,2,18.18,26,4,33.33,44,26,70,67.96,4,36.36,7,7,0,0,0,0,16,0,0,0,0,9,7,0,0,0,3,19,0,0,,,6,0,0.0,0,0,0,4,3,1,0,0,,11,47.83,0,0,0,33,0,1,0,4,328,0,0.0,0,0,0,0,0.0,0,0,0,0,59,3,0,6.46,0,0,0,0,0,0,0,0,0.0,0.0,0,0,1,1,0,0,0.0,0,3,1,33.33,1,16,3,11,15,44.12,12,69,34,103,45.2,1,0,172,8,0,0,Hamza Koutoune,Annecy FC,1597141,210894
2,0,0.0,19,2,50.0,31,13,44,75.86,6,42.86,8,9,0,0,0,0,13,1,2,1,0,1,9,0,0,4,1,24,0,0,,,12,0,0.0,0,0,0,2,2,0,0,0,,10,38.46,0,0,0,14,0,2,0,1,243,3,1.0,0,0,0,0,0.0,0,0,0,0,30,4,0,6.46,0,0,0,0,0,0,0,0,0.0,0.0,0,5,2,2,4,5,83.33,0,2,1,50.0,2,3,6,1,16,40.0,4,43,15,58,58.1,7,0,101,3,1,0,Taylor Luvambo,Le Mans,1389882,1672
1,1,14.29,20,0,0.0,33,26,59,79.73,4,36.36,7,12,0,0,0,0,20,0,0,1,0,0,11,0,0,11,4,47,0,0,,,17,0,0.0,0,0,0,8,7,1,0,0,,26,39.39,0,0,0,15,3,6,0,3,346,2,0.0,0,0,0,0,0.0,0,0,0,0,57,3,0,6.45,0,0,0,0,0,0,0,0,0.0,0.0,0,1,0,0,0,9,50.0,0,7,4,57.14,6,1,18,7,30,38.96,1,44,30,74,71.0,1,0,160,10,0,0,Eros Maddy,Stade Lavallois,951949,1673
3,0,0.0,57,1,20.0,94,50,144,75.39,22,44.9,27,17,1,0,0,0,25,1,6,5,1,9,17,0,0,11,1,65,0,0,,,18,0,5.26,0,1,2,11,11,0,1,0,,26,40.63,0,0,1,47,6,4,0,10,874,0,0.0,0,0,0,0,0.0,0,0,0,0,104,2,0,6.45,0,0,0,0,0,0,0,0,874.0,0.0,0,13,6,11,3,5,38.46,0,11,9,81.82,4,7,13,4,48,42.48,5,127,64,191,109.7,19,0,336,10,1,0,Loic Socka Bongue,Clermont Foot,1103166,1680
4,0,0.0,13,2,28.57,26,18,44,68.75,4,44.44,5,2,0,0,0,0,11,1,0,0,0,0,2,0,0,0,2,9,0,0,,,2,0,0.0,0,0,0,4,3,1,0,0,,5,55.56,0,0,0,20,4,1,0,2,161,0,1.0,0,0,0,0,0.0,0,0,0,0,21,2,0,6.45,0,0,0,0,0,0,0,0,0.0,0.0,0,3,0,2,1,0,0.0,0,3,1,33.33,1,5,0,0,9,50.0,7,40,24,64,12.9,3,0,82,3,0,0,Diogo Queirós,USL Dunkerque,855665,6918
4,0,0.0,1,6,27.27,3,39,42,72.41,0,0.0,1,2,0,0,0,0,15,0,0,0,0,0,2,0,0,0,0,1,0,1,,,0,0,0.0,11,0,0,2,2,0,0,0,,1,100.0,0,0,0,16,0,0,0,2,180,0,0.0,0,0,0,0,0.0,0,0,0,0,17,0,0,6.45,0,0,0,0,2,2,0,1,0.0,0.0,0,0,0,0,0,0,0.0,0,0,0,0.0,0,9,0,0,1,50.0,22,15,43,58,12.9,0,0,67,1,0,0,Viktor Dzodic,Montpellier,1427153,1642
3,0,0.0,3,11,27.5,6,25,31,51.67,1,100.0,0,2,0,0,0,0,20,0,0,0,1,3,2,0,0,0,0,0,0,0,,,0,0,0.0,7,0,0,2,1,1,0,0,,1,100.0,0,0,0,29,0,0,0,2,180,0,0.0,0,0,0,0,0.0,0,0,0,0,30,0,3,6.45,0,0,1,3,1,4,0,2,0.0,0.0,0,0,0,0,0,0,0.0,1,0,0,0.0,0,5,0,0,2,100.0,40,33,27,60,12.9,0,0,75,1,0,0,Tao Paradowski,Pau FC,1591488,1685
0,0,0.0,1,0,0.0,1,1,2,66.67,1,33.33,2,2,0,0,0,0,0,0,0,0,0,0,2,0,0,0,0,3,0,0,,,1,0,0.0,0,0,0,0,0,0,0,0,,0,0.0,0,0,0,1,0,0,0,0,23,0,0.0,0,0,0,0,0.0,0,0,0,0,3,0,0,6.45,0,0,0,0,0,0,0,0,0.0,0.0,0,1,0,1,0,0,0.0,0,0,0,0.0,0,0,0,0,1,25.0,0,2,1,3,12.9,1,0,7,0,0,0,Adam Yahi,Annecy FC,2072423,210894
1,0,0.0,1,2,28.57,1,33,34,87.18,1,100.0,0,2,0,0,0,0,4,0,0,0,0,1,2,0,0,0,0,0,0,0,,,0,0,0.0,8,0,0,4,4,0,0,0,,0,0.0,0,0,0,5,0,0,0,2,180,0,0.0,0,0,0,0,0.0,0,0,0,0,5,0,1,6.45,0,0,0,2,1,3,0,1,0.0,0.0,0,0,0,0,0,0,0.0,0,0,0,0.0,0,1,0,0,1,100.0,7,6,33,39,12.9,0,0,47,0,0,0,Quentin Beunardeau,Red Star FC,139222,52874
0,0,0.0,7,1,50.0,14,14,28,54.9,12,41.38,17,6,0,0,0,0,6,0,0,2,0,1,6,0,0,2,1,35,0,0,,,13,0,0.0,0,0,0,4,4,0,0,0,,17,48.57,0,0,0,23,1,1,0,3,275,1,0.0,0,0,0,0,0.0,0,0,0,0,44,0,0,6.45,0,0,0,0,0,0,0,0,0.0,0.0,0,3,0,1,0,3,50.0,0,5,2,40.0,1,3,6,3,29,45.31,2,31,20,51,38.7,3,0,99,9,1,0,Trévis Dago,Stade Lavallois,1445699,1673
1,1,14.29,21,2,100.0,43,28,71,82.56,3,27.27,8,11,0,0,0,0,13,0,0,3,0,0,11,0,0,6,4,23,0,0,,,3,0,0.0,0,0,0,8,7,1,0,0,,10,40.0,0,0,0,15,0,1,0,3,361,0,0.0,0,0,0,0,0.0,0,0,0,0,40,0,0,6.45,0,0,0,0,0,0,0,0,0.0,0.0,0,4,0,1,0,3,60.0,0,5,4,80.0,1,3,5,7,13,36.11,2,53,33,86,70.9,4,0,139,2,0,0,Ousmane Diop,Clermont Foot,1917054,1680
0,0,0.0,53,0,0.0,83,55,138,73.02,12,23.08,40,34,2,0,0,0,32,2,8,9,2,3,33,0,0,13,11,119,0,0,,,40,0,14.29,0,4,6,18,13,5,4,0,,25,24.04,0,0,2,51,2,12,0,16,1558,2,0.0,0,0,0,0,0.0,0,0,0,0,138,6,0,6.43,0,4,0,0,0,0,0,0,389.5,0.0,0,27,1,11,8,7,30.43,0,11,5,45.45,12,1,23,8,37,23.72,1,125,64,189,212.3,28,0,375,7,0,0,Kenny Nagera,Rodez AF,1001864,6925
0,0,0.0,4,1,50.0,9,16,25,83.33,3,60.0,2,4,1,0,0,0,3,1,0,0,0,10,3,0,0,2,0,7,0,0,,,0,0,0.0,0,0,1,7,6,1,0,0,,13,72.22,0,0,0,5,1,1,0,1,99,0,0.0,0,0,0,0,0.0,0,0,0,0,12,0,0,6.43,0,0,0,0,0,0,0,0,0.0,0.0,0,0,1,1,0,0,0.0,0,10,10,100.0,1,0,3,1,16,69.57,2,12,18,30,19.3,1,0,73,3,0,0,Nathan Talbot,Amiens SC,1606628,1676
1,0,0.0,9,1,100.0,13,9,22,70.97,3,75.0,1,3,0,0,0,0,3,0,0,0,0,0,3,0,0,1,1,9,0,0,,,5,0,0.0,0,0,0,3,3,0,0,0,,6,42.86,0,0,0,9,0,1,0,3,168,0,2.0,0,0,0,0,0.0,0,0,0,0,20,1,0,6.43,0,0,0,0,0,0,0,0,0.0,0.0,0,1,0,0,1,2,66.67,0,1,1,100.0,1,1,3,0,9,50.0,1,19,12,31,19.3,1,0,53,3,0,0,Jordan Siebatcheu,Stade de Reims,788786,1682
1,0,0.0,24,0,0.0,47,36,83,83.0,2,25.0,6,4,0,0,0,0,7,0,1,0,0,1,3,0,0,2,1,11,0,0,,,0,0,0.0,0,0,0,1,1,0,0,0,,3,37.5,0,0,0,17,0,1,0,1,140,0,0.0,0,0,0,0,0.0,0,0,0,0,23,0,0,6.43,0,0,0,0,0,0,0,0,0.0,0.0,0,1,0,0,1,0,0.0,0,3,3,100.0,1,3,2,1,5,31.25,2,56,44,100,19.3,1,0,119,0,0,0,Paul Eymard,Saint-Étienne,1961630,1678
1,0,0.0,1,1,100.0,5,3,8,88.89,0,0.0,2,5,0,0,0,0,1,0,0,1,0,0,3,0,0,1,0,3,0,0,,,0,0,0.0,0,0,0,4,3,1,0,0,,2,66.67,0,0,0,1,1,1,0,0,64,1,0.0,0,0,0,0,0.0,0,0,0,0,8,0,0,6.43,0,0,0,0,0,0,0,0,0.0,0.0,0,1,0,0,0,0,0.0,0,0,0,0.0,1,1,0,1,2,40.0,1,5,4,9,19.3,1,0,21,2,0,0,Aly Traore,Amiens SC,2302552,1676
0,0,0.0,0,0,0.0,0,2,2,100.0,1,100.0,0,5,0,0,0,0,3,0,0,0,0,0,3,0,0,0,0,4,0,0,,,3,0,0.0,0,0,0,1,1,0,0,0,,2,33.33,0,0,0,0,0,0,0,0,36,1,0.0,0,0,0,0,0.0,0,0,0,0,5,1,0,6.43,0,0,0,0,0,0,0,0,0.0,0.0,0,1,0,1,0,1,50.0,0,0,0,0.0,0,0,2,1,3,42.86,0,0,2,2,19.3,1,0,10,1,0,0,Hermann Tebily,Rodez AF,1008381,6925
4,2,16.67,18,4,36.36,29,43,72,70.59,2,40.0,3,11,0,0,0,0,15,1,0,0,0,4,11,0,0,2,8,26,0,0,,,8,0,0.0,0,0,0,8,8,0,0,0,,19,45.24,0,0,0,30,4,2,0,3,293,1,0.0,0,0,0,0,0.0,0,0,0,0,57,1,0,6.42,0,0,0,0,0,0,0,0,0.0,0.0,0,0,0,0,0,5,50.0,0,7,5,71.43,2,10,10,12,21,44.68,11,48,54,102,70.6,0,0,182,7,1,0,Emmanuel Kouassi,US Boulogne Côte-d'Opale,2024369,1711
1,1,12.5,27,1,100.0,38,7,45,75.0,11,35.48,20,12,0,0,0,0,10,0,1,3,0,2,11,0,0,4,0,47,0,0,,,20,0,7.14,0,1,1,10,7,3,1,0,,10,27.03,0,0,0,15,0,8,1,6,439,4,0.0,0,0,0,0,0.0,0,0,0,0,44,5,0,6.41,0,0,0,0,0,0,0,0,439.0,0.0,0,12,2,8,3,2,28.57,0,4,1,25.0,8,2,7,8,21,30.88,1,51,9,60,70.5,14,0,143,4,3,0,Norman Bassette,Stade de Reims,1137328,1682
0,0,0.0,15,0,0.0,19,8,27,67.5,4,12.9,27,10,0,0,0,0,4,1,0,2,0,0,10,0,0,7,1,46,0,0,,,10,0,20.0,0,1,1,1,1,0,1,0,,14,42.42,0,0,0,13,0,1,1,2,300,2,0.0,0,0,0,0,0.0,0,0,0,0,31,1,0,6.4,0,0,0,0,0,0,0,0,300.0,0.0,0,5,0,2,1,2,66.67,0,2,1,50.0,1,1,3,1,18,28.13,2,31,9,40,64.0,5,0,94,10,0,0,Ruben Beliandjou,Bastia,2450581,1655
0,0,0.0,4,0,0.0,7,7,14,87.5,0,0.0,0,1,0,0,0,0,1,0,0,0,0,0,1,0,0,0,0,0,0,0,,,0,0,0.0,0,0,0,1,1,0,0,0,,1,100.0,0,0,0,2,0,0,0,0,22,0,0.0,0,0,0,0,0.0,0,0,0,0,7,0,0,6.4,0,0,0,0,0,0,0,0,0.0,0.0,0,0,0,0,0,0,0.0,0,1,0,0.0,0,1,0,0,1,100.0,0,9,7,16,6.4,0,0,24,0,0,0,Strahinja Stojković,Saint-Étienne,1939193,1678
0,0,0.0,1,0,0.0,2,0,2,100.0,0,0.0,3,1,0,0,0,0,0,0,0,0,0,0,1,0,0,0,0,4,0,0,,,1,0,0.0,0,0,0,0,0,0,0,0,,1,50.0,0,0,0,0,1,0,0,0,19,0,0.0,0,0,0,0,0.0,0,0,0,0,0,0,0,6.4,0,0,0,0,0,0,0,0,0.0,0.0,0,0,0,0,0,0,0.0,0,0,0,0.0,0,0,0,0,1,20.0,0,2,0,2,6.4,0,0,6,1,0,0,Morgan Corredor,Rodez AF,1901903,6925
1,0,0.0,2,2,33.33,8,48,56,91.8,0,0.0,0,2,0,0,0,0,2,0,0,0,0,7,2,0,0,0,2,2,0,0,,,0,0,0.0,0,0,0,3,3,0,0,0,,1,33.33,0,0,0,5,1,0,0,1,91,0,0.0,0,0,0,0,0.0,0,0,0,0,5,0,0,6.4,0,0,0,0,0,0,0,0,0.0,0.0,0,0,0,0,0,0,0.0,0,0,0,0.0,0,3,0,0,1,33.33,6,12,49,61,12.8,0,0,73,1,0,0,Moise Adilehou,Stade Lavallois,833031,1673
0,0,0.0,4,0,0.0,6,4,10,71.43,0,0.0,3,3,0,0,0,0,3,0,0,1,0,1,3,0,0,1,1,6,0,0,,,0,0,0.0,0,0,0,0,0,0,0,0,,2,40.0,0,0,0,4,1,0,0,0,50,0,0.0,0,0,0,0,0.0,0,0,0,0,8,0,0,6.4,0,0,0,0,0,0,0,0,0.0,0.0,0,1,1,1,0,0,0.0,0,0,0,0.0,0,1,1,0,2,25.0,0,10,4,14,19.2,2,0,25,2,0,0,Djylian N'Guessan,Saint-Étienne,1958607,1678
1,0,0.0,12,0,0.0,21,13,34,77.27,5,35.71,9,11,0,0,0,0,9,0,0,0,0,5,11,0,0,2,1,21,0,0,,,4,0,0.0,0,0,0,8,8,0,0,0,,6,33.33,0,0,0,10,2,1,0,3,315,2,1.0,0,0,0,0,0.0,0,0,0,0,32,2,0,6.4,0,0,0,0,0,0,0,0,0.0,0.0,0,5,0,3,2,0,0.0,0,6,4,66.67,1,1,5,0,11,34.38,0,27,17,44,70.4,5,0,94,0,1,0,Noa Mupemba,Stade Lavallois,1518401,1673
0,0,0.0,10,0,0.0,13,13,26,61.9,15,51.72,14,6,0,0,0,0,4,1,1,3,0,2,6,0,0,4,1,30,0,0,,,9,0,0.0,0,0,0,7,6,1,0,0,,4,20.0,0,0,0,16,1,1,0,3,266,3,1.0,0,0,0,0,0.0,0,0,0,0,39,0,0,6.38,0,0,0,0,0,0,0,0,0.0,0.0,0,7,0,4,0,1,33.33,0,0,0,0.0,1,0,3,1,19,38.78,2,27,15,42,38.3,7,0,89,3,3,0,Nicolas Parravicini,Bastia,812209,1655
1,0,0.0,14,0,0.0,33,29,62,67.39,9,34.62,17,10,0,0,0,1,16,0,2,4,0,4,10,0,0,9,2,39,0,0,,,9,0,9.09,0,1,1,12,11,1,0,1,,15,40.54,0,0,0,30,3,1,0,5,463,2,1.0,0,0,1,0,0.0,0,0,0,0,63,2,0,6.38,0,1,0,0,0,0,0,0,463.0,0.0,0,9,2,3,4,2,40.0,0,8,4,50.0,1,3,5,1,24,38.1,2,56,36,92,63.8,11,0,174,5,1,0,Exauce Mpembele Boula,US Boulogne Côte-d'Opale,996964,1711
0,0,0.0,9,1,33.33,12,10,22,66.67,1,33.33,2,9,0,0,0,0,3,0,1,1,0,2,8,0,0,0,3,15,0,0,,,8,0,0.0,0,0,0,3,3,0,0,0,,4,23.53,0,0,0,11,1,0,0,0,94,0,0.0,0,0,0,0,0.0,0,0,0,0,19,0,0,6.38,0,0,0,0,0,0,0,0,0.0,0.0,0,4,1,2,2,0,0.0,0,2,2,100.0,0,3,2,2,5,25.0,3,21,12,33,51.0,5,0,57,2,1,0,Aymeric Faurand-Tournaire,Stade Lavallois,1894009,1673
7,12,29.27,49,11,61.11,104,98,202,81.12,7,22.58,24,19,2,0,0,0,34,1,1,1,0,9,18,0,1,13,7,63,0,0,,,14,0,0.0,0,0,2,15,13,2,0,0,,30,43.48,0,0,0,47,7,12,0,12,867,5,2.0,0,0,0,0,0.0,0,0,0,0,111,3,0,6.37,1,0,0,0,0,0,0,0,0.0,0.0,3,5,4,6,2,1,16.67,0,14,6,42.86,12,12,6,41,37,37.0,18,134,115,249,114.7,9,0,411,15,2,0,Baptiste Mouazan,Grenoble Foot 38,1156342,1671
1,0,0.0,17,2,50.0,31,9,40,71.43,3,50.0,3,7,0,0,0,0,3,0,1,0,0,1,7,0,0,3,3,17,0,0,,,5,0,0.0,0,0,0,3,1,2,0,0,,7,33.33,0,0,0,16,0,0,0,2,202,2,0.0,0,0,0,0,0.0,0,0,0,0,31,0,0,6.36,0,0,0,0,0,0,0,0,0.0,0.0,1,4,1,4,1,0,0.0,0,2,1,50.0,0,3,3,4,10,37.04,4,43,13,56,44.5,5,0,90,7,1,0,Alan Kerouedan,FC Rouen,859028,4493
3,0,0.0,12,3,60.0,27,36,63,82.89,2,40.0,3,2,0,0,0,0,6,0,0,0,0,2,2,0,0,0,1,9,0,0,,,2,0,0.0,0,0,0,2,2,0,0,0,,4,40.0,0,0,0,13,1,1,0,1,98,0,0.0,0,0,0,0,0.0,0,0,0,0,23,1,0,6.35,0,0,0,0,0,0,0,0,0.0,0.0,0,0,1,1,0,3,50.0,0,1,1,100.0,1,5,6,4,6,40.0,5,34,42,76,12.7,1,0,115,0,0,0,Yvann Maçon,Saint-Étienne,1006486,1678
4,0,0.0,7,1,20.0,14,14,28,73.68,0,0.0,2,4,0,0,0,0,6,0,0,1,0,3,4,0,0,1,4,12,0,0,,,6,0,0.0,0,0,0,4,4,0,0,0,,6,37.5,0,0,0,10,0,0,0,0,91,0,0.0,0,0,0,0,0.0,0,0,0,0,13,0,0,6.35,0,0,0,0,0,0,0,0,0.0,0.0,0,0,1,0,0,0,0.0,0,4,1,25.0,0,8,0,0,6,33.33,5,23,15,38,25.4,1,0,53,2,1,0,Bakari Camara,Nancy,869078,1675
0,0,0.0,4,0,0.0,7,7,14,73.68,2,50.0,2,4,0,0,0,0,0,0,1,0,0,0,4,0,0,5,0,15,0,0,,,6,0,0.0,0,0,0,3,3,0,0,0,,5,27.78,0,0,0,5,1,1,0,1,127,3,0.0,0,0,0,0,0.0,0,0,0,0,20,0,0,6.35,0,0,0,0,0,0,0,0,0.0,0.0,0,2,1,1,2,2,50.0,0,2,0,0.0,1,0,4,1,7,31.82,0,10,9,19,25.4,3,0,45,1,0,0,Mohamed Guindo,Clermont Foot,1401875,1680
8,8,19.51,56,13,28.89,105,136,241,71.3,6,35.29,11,14,0,0,0,0,46,3,0,1,1,16,14,0,0,4,10,60,0,0,,,19,0,0.0,0,0,0,16,13,3,0,0,,29,37.18,0,0,0,97,4,8,0,10,891,2,3.0,0,0,0,1,0.0,0,0,0,0,178,1,0,6.35,0,0,0,0,0,0,0,0,0.0,0.0,1,0,2,1,0,7,29.17,0,17,10,58.82,8,22,24,41,35,36.84,45,168,170,338,88.9,2,0,595,5,5,0,Ylies Aradj,Stade Lavallois,1444623,1673
3,1,25.0,18,2,100.0,35,17,52,68.42,19,44.19,24,14,0,0,0,0,9,0,0,0,0,6,14,0,0,13,3,58,0,0,,,23,0,0.0,0,0,0,5,4,1,0,0,,17,33.33,0,0,0,24,1,2,0,5,487,4,0.0,0,0,0,0,0.0,0,0,0,0,67,3,0,6.35,0,0,0,0,0,0,0,0,0.0,0.0,0,1,1,1,1,1,33.33,0,3,2,66.67,2,3,3,4,36,38.3,2,58,18,76,88.9,2,0,161,13,1,0,Maxime Blé,Bastia,2009761,1655
4,5,13.51,52,8,66.67,75,46,121,79.08,3,37.5,5,7,0,0,0,0,19,1,0,4,0,1,7,0,1,12,4,33,0,0,,,9,0,0.0,0,0,0,6,5,1,0,0,,21,42.86,0,0,0,32,4,9,0,4,389,0,1.0,0,0,0,0,0.0,0,0,0,0,89,4,0,6.34,1,0,0,0,0,0,0,0,0.0,0.0,2,3,9,2,6,7,70.0,0,3,1,33.33,9,9,10,37,24,42.11,12,103,50,153,44.4,12,0,272,11,1,0,Mehdi Merghem,Bastia,846506,1655
3,13,35.14,24,4,23.53,34,10,44,62.86,0,0.0,4,3,0,0,0,0,4,1,0,3,1,2,3,0,0,3,2,15,0,0,,,4,0,0.0,0,0,0,5,3,2,0,0,,6,35.29,0,0,0,26,1,10,0,3,270,1,0.0,0,0,0,0,0.0,0,0,0,0,66,1,0,6.33,0,0,0,0,0,0,0,0,0.0,0.0,3,0,4,0,1,1,25.0,0,3,1,33.33,10,12,4,37,6,28.57,17,57,13,70,19.0,4,0,167,2,0,0,Mohamed Bouchouari,Rodez AF,965329,6925
9,5,38.46,28,4,33.33,42,54,96,76.19,4,66.67,2,7,1,0,0,0,18,1,0,0,0,12,7,0,1,8,3,16,0,0,,,4,0,0.0,0,0,1,11,9,2,0,0,,12,46.15,0,0,1,30,2,8,0,5,399,1,0.0,1,0,0,0,0.0,0,0,0,0,55,2,0,6.33,1,0,0,0,0,0,0,0,0.0,0.0,0,1,1,2,0,1,100.0,0,8,6,75.0,8,14,1,13,16,50.0,12,55,71,126,44.3,2,1,233,3,1,0,Jérôme Roussillon,Amiens SC,146500,1676
0,2,66.67,8,0,0.0,11,8,19,73.08,3,27.27,8,4,0,0,0,0,5,0,0,0,0,0,4,0,0,0,0,18,0,0,,,5,0,0.0,0,0,0,6,6,0,0,0,,3,23.08,0,0,0,7,0,1,0,1,112,1,0.0,0,0,0,0,0.0,0,0,0,0,21,1,0,6.33,0,0,0,0,0,0,0,0,0.0,0.0,0,0,0,0,0,2,28.57,0,0,0,0.0,1,1,7,3,6,25.0,0,16,10,26,25.3,0,0,50,1,1,0,Niama Pape Sissoko,Nancy,1901842,1675
0,0,0.0,13,1,100.0,21,17,38,71.7,4,28.57,10,7,0,0,0,0,2,0,0,0,0,2,7,0,0,5,3,24,0,0,,,6,0,0.0,0,0,0,4,4,0,0,0,,6,30.0,0,0,0,15,1,1,0,2,231,3,0.0,0,0,0,0,0.0,0,0,0,0,29,0,0,6.31,0,0,0,0,0,0,0,0,0.0,0.0,0,3,0,2,1,2,66.67,0,1,1,100.0,1,0,3,0,10,29.41,1,31,22,53,44.2,3,0,83,3,0,0,Amine Said,Clermont Foot,1198254,1680
0,0,0.0,1,0,0.0,2,2,4,80.0,1,50.0,1,1,0,0,0,0,2,0,0,0,0,0,1,0,0,3,0,8,0,0,,,1,0,0.0,0,0,0,0,0,0,0,0,,2,22.22,0,0,0,1,0,0,0,0,27,0,0.0,0,0,0,0,0.0,0,0,0,0,8,1,0,6.3,0,0,0,0,0,0,0,0,0.0,0.0,0,0,0,0,0,0,0.0,0,0,0,0.0,0,0,3,1,3,27.27,0,3,2,5,6.3,0,0,16,2,0,0,Peterson Paul,Amiens SC,2407551,1676
1,0,0.0,8,0,0.0,20,8,28,66.67,6,42.86,8,6,0,0,0,0,6,0,1,0,0,2,6,0,0,2,2,14,0,0,,,3,0,0.0,0,0,0,4,4,0,0,0,,2,25.0,0,0,0,14,1,0,0,1,144,0,0.0,0,0,0,0,0.0,0,0,0,0,24,1,0,6.3,0,0,0,0,0,0,0,0,0.0,0.0,0,4,0,3,1,0,0.0,0,0,0,0.0,0,1,1,1,8,36.36,0,33,9,42,37.8,4,0,63,2,0,0,Baptiste Guillaume,Le Mans,320919,1672
0,0,0.0,6,0,0.0,12,6,18,78.26,0,0.0,4,3,0,0,0,0,4,0,0,0,0,1,3,0,0,1,2,14,0,0,,,7,0,0.0,0,0,0,3,3,0,0,0,,6,37.5,0,0,0,5,2,2,0,1,139,3,0.0,0,0,0,0,0.0,0,0,0,0,11,2,0,6.27,0,0,0,0,0,0,0,0,0.0,0.0,0,3,0,2,1,1,100.0,0,4,3,75.0,2,3,1,0,6,30.0,2,17,6,23,18.8,3,0,46,1,1,0,Jacques Siwe,Guingamp,1114408,1654
0,1,33.33,3,0,0.0,5,4,9,90.0,1,20.0,4,3,0,0,0,0,2,0,0,0,0,0,2,0,0,1,0,8,0,0,,,1,0,0.0,0,0,0,2,2,0,0,0,,2,33.33,0,0,0,1,0,1,0,0,34,0,1.0,0,0,0,0,0.0,0,0,0,0,8,0,0,6.25,0,0,0,0,0,0,0,0,0.0,0.0,0,1,0,1,0,0,0.0,0,2,2,100.0,1,0,2,3,3,27.27,0,6,4,10,12.5,1,0,22,0,0,0,Marco Decherf,USL Dunkerque,2418248,6918
0,0,0.0,1,1,100.0,2,1,3,100.0,0,0.0,1,1,0,0,0,0,0,0,0,0,0,0,1,0,0,0,0,2,0,0,,,1,0,0.0,0,0,0,1,1,0,0,0,,0,0.0,0,0,0,0,0,0,0,0,12,0,0.0,0,0,0,0,0.0,0,0,0,0,1,0,0,6.2,0,0,0,0,0,0,0,0,0.0,0.0,0,0,0,0,0,0,0.0,0,0,0,0.0,0,0,0,1,0,0.0,1,2,1,3,6.2,0,0,8,0,0,0,Lassana Traoré,Saint-Étienne,1542774,1678
1,0,0.0,1,1,100.0,1,1,2,66.67,1,25.0,3,1,0,0,0,0,0,0,0,0,0,0,1,0,0,0,1,5,0,0,,,1,0,0.0,0,0,0,0,0,0,0,0,,2,50.0,0,0,0,1,0,0,0,0,30,0,0.0,0,0,0,0,0.0,0,0,0,0,3,0,0,6.2,0,0,0,0,0,0,0,0,0.0,0.0,0,2,0,1,1,0,0.0,0,1,0,0.0,0,1,0,0,3,37.5,1,2,1,3,6.2,2,0,11,1,0,0,Robin Thiland-Herard,Montpellier,2245599,1642
0,0,0.0,0,0,0.0,1,4,5,55.56,0,0.0,0,1,0,0,0,0,1,0,0,0,0,2,1,0,0,0,0,0,0,0,,,0,0,0.0,0,0,0,1,1,0,0,0,,0,0.0,0,0,0,4,1,0,0,0,25,0,0.0,0,0,0,0,0.0,0,0,0,0,4,0,0,6.2,0,0,0,0,0,0,0,0,0.0,0.0,0,0,0,0,0,0,0.0,0,0,0,0.0,0,0,0,0,0,0.0,2,3,6,9,6.2,0,0,12,0,0,0,Robin Verhaeghe,Pau FC,1890420,1685
0,0,0.0,0,1,16.67,8,68,76,90.48,1,33.33,2,1,0,0,0,0,1,0,0,0,0,2,1,0,0,0,0,2,0,0,,,1,0,0.0,0,0,0,4,4,0,0,0,,2,100.0,0,0,0,8,2,0,0,1,90,0,1.0,0,0,0,0,0.0,0,0,0,0,8,0,0,6.1,0,0,0,0,0,0,0,0,0.0,0.0,0,0,0,0,0,0,0.0,0,1,1,100.0,0,1,0,0,3,60.0,6,13,71,84,6.1,0,0,94,1,0,0,Dylan Batubinsika,Saint-Étienne,352912,1678
1,0,0.0,0,2,28.57,1,3,4,44.44,0,0.0,0,1,0,0,0,0,3,0,0,0,0,0,1,0,0,0,0,0,0,0,,,0,0,0.0,3,0,0,2,2,0,0,0,,1,100.0,0,0,0,5,0,0,0,0,37,0,0.0,0,0,0,0,0.0,0,0,0,0,5,0,0,6.0,0,0,0,1,1,2,0,0,0.0,0.0,0,0,0,0,0,0,0.0,0,0,0,0.0,0,1,0,0,1,100.0,7,5,4,9,6.0,0,0,13,1,0,0,Martin Sourzac,Nancy,157759,1675
0,0,0.0,4,1,7.69,13,24,37,71.15,0,0.0,2,2,0,0,0,0,2,0,0,0,0,6,2,0,0,0,1,4,1,0,,,1,0,0.0,0,0,0,5,5,0,0,0,,4,66.67,0,0,0,15,0,0,0,2,113,0,0.0,0,0,0,0,0.0,0,0,0,0,16,0,0,5.95,0,0,0,0,0,0,0,0,0.0,0.0,0,0,1,0,1,1,100.0,0,2,2,100.0,0,9,1,0,4,50.0,13,27,25,52,11.9,1,0,78,1,0,0,David Djédjé,Bastia,2270892,1655
0,0,0.0,10,2,66.67,13,8,21,84.0,0,0.0,1,4,0,0,0,0,1,0,0,0,0,1,4,0,0,1,2,12,0,0,,,6,0,0.0,0,0,0,2,2,0,0,0,,3,21.43,0,0,0,4,1,0,0,2,106,0,0.0,0,0,0,0,0.0,0,0,0,0,15,0,0,5.93,1,0,0,0,0,0,0,0,0.0,0.0,0,0,0,0,0,1,33.33,0,1,0,0.0,0,0,3,2,3,20.0,3,16,9,25,23.7,0,0,44,1,1,1,Malang Gomes,Le Mans,1499150,1672
3,0,0.0,0,5,83.33,1,19,20,95.24,0,0.0,0,1,0,0,0,0,7,0,0,0,0,1,1,0,0,0,0,1,0,0,,,1,0,0.0,0,0,0,4,3,1,0,0,,0,0.0,0,0,0,1,0,0,0,1,90,0,0.0,0,0,0,1,0.0,1,0,0,0,1,0,0,5.6,0,0,1,1,2,3,0,1,0.0,0.0,0,0,0,0,0,0,0.0,1,0,0,0.0,0,3,0,0,0,0.0,6,2,19,21,5.6,0,0,31,0,0,0,Maxime Hautbois,Stade Lavallois,105197,1673
0,0,0.0,1,0,0.0,1,0,1,50.0,1,100.0,0,1,0,0,0,0,0,0,0,0,0,0,0,0,0,0,0,0,0,0,,,0,0,0.0,0,0,0,0,0,0,0,0,,0,0.0,0,0,0,1,0,0,0,0,1,0,0.0,0,0,0,0,0.0,0,0,0,0,1,0,0,0.0,0,0,0,0,0,0,0,0,0.0,0.0,0,0,0,0,0,0,0.0,0,0,0,0.0,0,0,0,0,1,100.0,0,2,0,2,0.0,0,0,3,0,0,0,Arthylio Nade,Troyes,2216554,1652
0,0,0.0,0,0,0.0,1,0,1,100.0,0,0.0,0,1,0,0,0,0,0,0,0,0,0,0,0,0,0,0,0,0,0,0,,,0,0,0.0,0,0,0,0,0,0,0,0,,1,100.0,0,0,0,0,0,0,0,0,1,0,0.0,0,0,0,0,0.0,0,0,0,0,0,0,0,0.0,0,0,0,0,0,0,0,0,0.0,0.0,0,0,0,0,0,0,0.0,0,0,0,0.0,0,0,0,0,1,100.0,0,1,0,1,0.0,0,0,2,1,0,0,Ibrahim Traore,Troyes,1831195,1652
0,0,0.0,0,0,0.0,0,0,0,0.0,0,0.0,0,1,0,0,0,0,0,0,0,0,0,1,0,0,0,0,0,0,0,0,,,0,0,0.0,0,0,0,0,0,0,0,0,,0,0.0,0,0,0,0,0,0,0,0,1,0,,0,0,0,0,0.0,0,0,0,0,0,0,0,0.0,0,0,0,0,0,0,0,0,0.0,0.0,0,0,0,0,0,0,0.0,0,0,0,0.0,0,0,0,0,0,0.0,0,0,0,0,0.0,0,0,1,0,0,0,Charlie Dressel,Grenoble Foot 38,2216553,1671
