accurateChippedPasses,accurateCrosses,accurateCrossesPercentage,accurateFinalThirdPasses,accurateLongBalls,accurateLongBallsPercentage,accurateOppositionHalfPasses,accurateOwnHalfPasses,accuratePasses,accuratePassesPercentage,aerialDuelsWon,aerialDuelsWonPercentage,aerialLost,appearances,assists,attemptPenaltyMiss,attemptPenaltyPost,attemptPenaltyTarget,ballRecovery,bigChancesCreated,bigChancesMissed,blockedShots,cleanSheet,clearances,countRating,crossesNotClaimed,directRedCards,dispossessed,dribbledPast,duelLost,errorLeadToGoal,errorLeadToShot,expectedAssists,expectedGoals,fouls,freeKickGoal,goalConversionPercentage,goalKicks,goals,goalsAssistsSum,goalsConceded,goalsConcededInsideTheBox,goalsConcededOutsideTheBox,goalsFromInsideTheBox,goalsFromOutsideTheBox,goalsPrevented,groundDuelsWon,groundDuelsWonPercentage,headedGoals,highClaims,hitWoodwork,inaccuratePasses,interceptions,keyPasses,leftFootGoals,matchesStarted,minutesPlayed,offsides,outfielderBlocks,ownGoals,passToAssist,penaltiesTaken,penaltyConceded,penaltyConversion,penaltyFaced,penaltyGoals,penaltySave,penaltyWon,possessionLost,possessionWonAttThird,punches,rating,redCards,rightFootGoals,runsOut,savedShotsFromInsideTheBox,savedShotsFromOutsideTheBox,saves,savesCaught,savesParried,scoringFrequency,setPieceConversion,shotFromSetPiece,shotsFromInsideTheBox,shotsFromOutsideTheBox,shotsOffTarget,shotsOnTarget,successfulDribbles,successfulDribblesPercentage,successfulRunsOut,tackles,tacklesWon,tacklesWonPercentage,totalAttemptAssist,totalChippedPasses,totalContest,totalCross,totalDuelsWon,totalDuelsWonPercentage,totalLongBalls,totalOppositionHalfPasses,totalOwnHalfPasses,totalPasses,totalRating,totalShots,totwAppearances,touches,wasFouled,yellowCards,yellowRedCards,player,team,player id,team id,Pos
1,0,0.0,3,11,39.29,8,30,38,69.09,0,0.0,0,2,0,0,0,0,22,0,0,0,2,1,2,0,0,0,0,0,0,0,,,0,0,0.0,20,0,0,0,0,0,0,0,,0,0.0,0,5,0,17,0,0,0,2,180,0,,0,0,0,0,0.0,0,0,0,0,18,0,0,8.0,0,0,1,7,1,8,0,2,0.0,0.0,0,0,0,0,0,0,0.0,1,0,0,0.0,0,1,0,0,0,0.0,28,22,33,55,16.0,0,1,85,0,0,0,Bobby Allain,Grenoble Foot 38,788021,1671,GK
95,92,34.33,587,116,81.12,1130,540,1578,89.25,8,32.0,17,33,6,0,0,0,161,14,2,11,7,5,33,0,0,39,14,116,0,2,,,16,0,18.75,0,12,18,32,29,3,12,0,,83,45.6,0,0,4,190,13,114,11,33,2948,5,,0,4,6,0,100.0,0,6,0,2,510,24,0,7.83,0,1,0,0,0,0,0,0,245.67,0.0,5,39,25,23,30,34,50.75,0,13,9,69.23,110,137,67,268,91,43.96,143,1461,575,1768,258.5,64,15,2419,36,5,0,Gauthier Hein,Metz,842391,1651,MF
112,46,40.0,568,118,56.19,1168,986,2108,88.76,1,20.0,4,27,6,0,0,0,137,11,0,10,10,18,27,0,0,14,25,97,0,1,,,42,0,11.11,0,3,9,24,23,1,1,2,,112,54.63,0,0,0,267,27,68,0,26,2339,2,,0,1,0,0,0.0,0,0,0,0,397,7,0,7.61,0,3,0,0,0,0,0,0,779.67,0.0,4,5,22,9,8,17,56.67,0,65,42,64.62,67,196,30,115,113,53.81,210,1446,1044,2375,205.4,27,11,2813,30,11,0,Maxime López,Paris FC,352802,6070,MF
0,0,0.0,0,1,14.29,1,16,17,70.83,0,0.0,0,1,0,0,0,0,9,0,0,0,0,2,1,0,0,0,0,0,0,0,,,0,0,0.0,11,0,0,1,1,0,0,0,,0,0.0,0,1,0,7,0,0,0,1,90,0,,0,0,0,0,0.0,0,0,0,0,7,0,1,7.6,0,0,0,4,2,6,0,1,0.0,0.0,0,0,0,0,0,0,0.0,0,0,0,0.0,0,0,0,0,0,0.0,7,7,17,24,7.6,0,0,39,0,1,0,Alexis Sauvage,Amiens SC,207666,1676,GK
84,15,20.0,359,102,45.33,831,931,1747,85.26,60,53.57,52,31,8,0,0,0,177,9,5,13,10,108,31,0,0,15,19,142,0,1,,,42,0,9.3,0,4,12,29,26,3,3,1,,131,59.28,1,0,1,302,61,34,2,31,2790,0,,0,1,0,1,0.0,0,0,0,0,491,10,0,7.5,0,1,0,0,0,0,0,0,697.5,0.0,0,33,10,20,10,24,55.81,0,68,38,55.88,33,186,43,75,191,57.36,225,1100,1024,2049,232.4,43,8,2930,41,6,0,Matthieu Udol,Metz,787827,1651,DF
25,0,0.0,14,79,36.41,44,131,175,55.73,4,100.0,0,11,0,0,0,0,105,0,0,0,2,16,11,0,1,0,0,1,1,3,,,1,0,0.0,86,0,0,13,12,1,0,0,,4,80.0,0,9,0,139,0,1,0,11,870,0,,0,0,0,0,0.0,2,0,2,0,142,0,5,7.46,1,0,10,34,22,56,0,7,0.0,0.0,0,0,0,0,0,0,0.0,10,0,0,0.0,1,40,0,0,8,88.89,217,154,160,314,82.1,0,2,461,4,3,0,Yan Marillat,FC Martigues,847315,1664,GK
3,2,20.0,30,2,100.0,48,25,71,86.59,3,75.0,1,2,0,0,0,0,7,0,0,0,0,0,2,0,0,1,2,5,0,0,,,1,0,0.0,0,0,0,3,3,0,0,0,,7,63.64,0,0,0,11,4,6,0,2,180,0,,0,0,0,0,0.0,0,0,0,0,31,1,0,7.45,0,0,0,0,0,0,0,0,0.0,0.0,0,2,1,2,1,4,100.0,0,3,2,66.67,6,4,4,10,10,66.67,2,64,28,82,14.9,3,0,139,0,0,0,Ali Abdi,Stade Malherbe Caen,919027,1667,DF
0,0,0.0,0,0,0.0,0,0,0,0.0,1,100.0,0,1,0,0,0,0,1,0,0,0,0,1,1,0,0,0,0,0,0,0,,,0,0,0.0,0,0,0,0,0,0,0,0,,2,100.0,0,0,0,1,1,0,0,0,12,0,,0,0,0,0,0.0,0,0,0,1,2,0,0,7.4,0,0,0,0,0,0,0,0,0.0,0.0,0,0,0,0,0,1,100.0,0,0,0,0.0,0,0,1,1,3,100.0,0,2,0,1,7.4,0,0,6,1,0,0,Nathan Talbot,Amiens SC,1606628,1676,DF
21,2,22.22,169,28,71.79,300,169,467,82.8,9,24.32,28,30,2,0,0,0,65,5,12,23,1,13,30,0,0,20,3,89,0,1,,,20,0,25.29,0,22,24,16,16,0,19,3,,47,43.52,2,0,2,97,12,29,0,23,1931,10,,0,0,6,0,100.0,0,6,0,2,188,16,0,7.39,0,20,0,0,0,0,0,0,87.77,0.0,0,63,24,25,39,19,50.0,0,10,6,60.0,29,25,38,9,56,38.62,39,381,192,564,221.6,87,4,850,18,3,0,Eli Junior Kroupi,Lorient,1426228,1656,FW
22,0,0.0,13,76,37.07,50,294,344,72.42,5,100.0,0,15,0,0,0,0,119,0,0,0,2,8,15,1,0,0,0,0,0,1,,,0,0,0.0,94,0,0,22,21,1,0,0,,3,100.0,0,19,0,131,0,0,0,14,1289,0,,0,0,0,0,0.0,3,0,1,0,133,0,5,7.38,0,0,4,41,16,59,0,13,0.0,0.0,0,0,0,0,0,0,0.0,4,0,0,0.0,0,50,0,0,8,100.0,205,148,327,475,110.7,0,5,648,3,1,0,Théo Guivarch,Clermont Foot,803574,1680,GK
47,33,37.5,242,62,67.39,503,302,772,84.74,15,33.33,30,26,2,0,0,0,107,5,7,14,2,15,26,0,0,31,12,116,0,1,,,24,0,15.79,0,9,11,25,25,0,3,6,,117,57.64,0,0,1,139,4,41,2,22,1916,3,,0,0,0,0,0.0,0,0,0,1,298,13,0,7.38,0,7,0,0,0,0,0,0,212.89,0.0,3,20,37,21,22,20,47.62,0,37,28,75.68,41,71,42,88,132,53.23,92,674,325,911,191.8,57,3,1357,63,4,0,Amine Hemia,Guingamp,1168787,1654,FW
69,20,21.74,507,89,72.95,888,508,1376,87.2,1,5.26,18,30,7,0,1,0,201,9,5,16,6,10,30,0,0,42,32,157,0,0,,,18,1,10.64,0,5,12,27,25,2,4,1,,132,48.71,0,0,4,202,11,53,5,25,2321,0,,0,0,3,0,66.67,0,2,0,2,432,21,0,7.34,0,0,0,0,0,0,0,0,464.2,50.0,2,24,23,16,15,35,41.18,0,33,21,63.64,53,95,85,92,133,45.86,122,1124,546,1578,220.2,47,7,2106,64,4,0,Ilan Kebbal,Paris FC,1049442,6070,MF
74,41,23.16,326,70,60.87,596,321,876,81.41,34,52.31,31,33,4,1,0,0,153,4,5,20,4,26,33,0,0,33,26,159,0,0,,,54,0,7.69,0,5,9,43,37,6,5,0,,126,49.61,0,0,1,200,19,52,5,28,2494,2,,0,0,2,0,50.0,0,1,0,1,449,26,0,7.3,0,0,0,0,0,0,0,0,498.8,0.0,3,36,29,22,23,30,57.69,0,62,37,59.68,52,118,52,177,160,50.16,115,892,361,1076,240.9,65,4,1716,37,8,0,Antoine Mille,Pau FC,1129045,1685,MF
78,0,0.0,122,200,65.79,552,1536,2088,91.7,64,65.98,33,32,1,0,0,0,145,1,0,2,13,156,32,0,0,4,8,61,0,2,,,19,0,18.18,0,2,3,32,30,2,2,0,,85,75.22,1,0,1,189,37,4,0,32,2873,1,,0,0,0,1,0.0,0,0,0,0,201,0,0,7.3,0,1,0,0,0,0,0,0,1436.5,0.0,0,9,2,5,4,5,100.0,0,54,35,64.81,4,128,5,0,149,70.95,304,662,1615,2277,233.6,11,6,2662,27,2,0,Moustapha Mbow,Paris FC,982319,6070,DF
53,0,0.0,33,218,40.82,142,374,516,61.58,8,80.0,2,30,0,0,0,0,239,0,0,0,7,20,30,0,0,1,1,4,3,2,,,1,0,0.0,264,0,0,41,35,6,0,0,,10,83.33,0,24,0,322,2,0,0,30,2700,0,,0,0,0,0,0.0,1,0,0,0,331,0,9,7.29,0,0,2,77,46,124,0,31,0.0,0.0,0,0,0,0,0,0,0.0,2,2,0,0.0,0,96,0,0,18,81.82,534,412,426,838,218.6,0,2,1179,8,0,0,Mamadou Diop,Grenoble Foot 38,1440545,1671,GK
7,0,0.0,15,90,35.43,66,135,201,54.77,2,100.0,0,13,0,0,0,0,100,0,0,0,3,24,13,0,0,0,1,1,1,0,,,0,0,0.0,135,0,0,18,18,0,0,0,,0,0.0,0,6,0,166,0,0,0,12,1162,0,,0,0,0,0,0.0,4,0,0,0,167,0,9,7.28,0,0,4,47,10,58,1,12,0.0,0.0,0,0,0,0,0,0,0.0,4,0,0,0.0,0,13,0,0,2,66.67,254,199,168,367,94.7,0,1,505,0,1,0,Yannick Etilé,FC Martigues,1168502,1664,GK
33,0,0.0,38,168,40.19,117,350,467,64.77,15,100.0,0,25,0,0,0,0,257,0,0,0,14,25,25,0,0,0,1,1,1,1,,,0,0,0.0,133,0,0,17,13,4,0,0,,8,88.89,0,34,0,254,0,2,0,25,2250,0,,0,0,0,0,0.0,4,0,1,0,260,0,11,7.28,0,0,10,48,21,69,0,7,0.0,0.0,0,0,0,0,0,1,100.0,10,1,1,100.0,2,55,1,0,23,95.83,418,339,382,721,182.0,0,4,1011,8,0,0,Nicolas Lemaitre,Troyes,792630,1652,GK
42,29,23.97,201,38,63.33,393,202,566,80.97,11,44.0,14,26,5,0,0,0,90,8,4,15,0,15,26,0,0,22,25,105,0,1,,,31,0,8.33,0,4,9,17,14,3,1,3,,86,48.59,0,0,1,133,16,42,1,21,1604,4,,0,0,0,0,0.0,0,0,0,2,309,15,0,7.27,0,3,0,0,0,0,0,0,401.0,0.0,5,20,28,14,19,12,40.0,0,36,24,66.67,42,68,30,121,97,48.02,60,595,225,699,189.1,48,1,1147,39,3,0,Pablo Pagis,Lorient,1174462,1656,MF
19,0,0.0,127,8,72.73,203,99,302,75.31,19,44.19,24,18,2,0,0,0,27,3,9,8,4,22,18,0,0,16,7,70,0,0,,,12,0,20.41,0,10,12,19,15,4,10,0,,39,45.88,1,0,1,99,4,17,1,17,1527,19,,0,0,1,0,100.0,0,1,0,0,184,10,0,7.27,0,8,0,0,0,0,0,0,152.7,0.0,0,34,15,15,26,8,40.0,0,5,3,60.0,17,24,20,18,58,45.31,11,307,112,401,130.8,49,2,629,26,3,0,Pape Meissa Ba,Grenoble Foot 38,991645,1671,
17,2,10.53,248,16,48.48,363,119,480,73.73,59,46.46,68,31,5,0,0,0,74,10,7,15,4,16,31,0,0,62,23,264,0,0,,,41,0,23.29,0,17,22,29,27,2,15,2,,133,40.43,3,0,4,171,5,32,10,27,2339,19,,0,0,1,0,100.0,0,1,0,0,428,23,0,7.26,1,3,0,0,0,0,0,0,137.59,0.0,0,57,16,23,35,56,43.75,0,32,15,46.88,32,30,128,19,192,42.11,33,534,136,651,225.1,73,8,1244,48,1,1,Jean-Philippe Krasso,Paris FC,940328,6070,FW
79,2,12.5,280,61,56.48,506,401,905,83.49,22,50.0,22,28,3,0,0,0,129,10,1,12,3,26,28,0,0,9,20,81,0,0,,,19,0,9.3,0,4,7,34,31,3,3,1,,100,62.89,0,0,1,179,18,35,1,26,2320,4,,0,0,0,0,0.0,0,0,0,0,252,18,0,7.26,0,3,0,0,0,0,0,0,580.0,0.0,0,19,24,18,13,17,56.67,0,55,34,61.82,35,131,30,16,122,60.1,108,663,437,1084,203.3,43,2,1421,31,2,0,Theo Valls,Grenoble Foot 38,585170,1671,MF
62,71,25.27,271,68,40.48,509,345,783,72.63,10,33.33,20,34,6,0,0,0,137,15,2,6,8,56,34,0,0,4,39,92,0,0,,,16,1,11.11,0,3,9,32,32,0,2,1,,93,56.36,0,0,0,295,27,53,0,34,2917,3,,0,0,0,0,0.0,0,0,0,0,594,9,0,7.25,0,3,0,0,0,0,0,0,972.33,12.5,8,14,13,10,11,19,55.88,0,48,29,60.42,53,142,34,281,103,52.82,168,934,425,1078,246.5,27,4,2007,27,3,0,Thibaut Vargas,Stade Lavallois,989535,1673,DF
6,1,25.0,22,12,70.59,53,37,89,86.41,6,75.0,2,2,1,0,0,0,16,0,0,0,0,3,2,0,0,0,1,5,0,0,,,1,0,0.0,0,0,1,4,3,1,0,0,,7,70.0,0,0,0,14,0,3,0,2,161,0,,0,0,0,0,0.0,0,0,0,0,21,1,0,7.25,0,0,0,0,0,0,0,0,0.0,0.0,2,1,3,4,0,2,66.67,0,3,2,66.67,3,10,3,4,13,72.22,17,68,39,103,14.5,4,0,127,2,1,0,Giovanni Haag,Rodez AF,965242,6925,MF
154,11,20.75,232,170,59.44,466,476,931,76.5,69,49.64,70,26,2,0,0,0,133,0,0,7,3,62,26,0,0,24,25,163,0,1,,,37,0,6.82,0,3,5,34,27,7,3,0,,129,58.11,2,0,0,286,31,20,0,24,2154,2,,0,0,0,0,0.0,0,0,0,0,421,9,0,7.25,1,0,0,0,0,0,0,0,718.0,0.0,8,14,30,15,22,14,51.85,0,59,35,59.32,20,252,27,53,198,54.85,286,713,557,1217,188.4,44,4,1744,64,6,1,Kylian Kaiboue,Amiens SC,940992,1676,MF
46,15,18.99,273,48,55.81,543,440,968,83.52,10,23.81,32,32,4,0,0,0,151,4,0,14,9,25,32,0,0,32,33,137,0,0,,,31,0,5.88,0,2,6,24,21,3,2,0,,140,57.14,0,0,1,191,45,43,0,27,2420,4,,0,0,0,0,0.0,0,0,0,2,349,13,0,7.24,0,2,0,0,0,0,0,0,1210.0,0.0,0,13,21,12,8,19,63.33,0,74,47,63.51,43,81,30,79,150,52.26,86,756,482,1159,231.8,34,2,1670,47,2,0,Arthur Avom Ebong,Lorient,1465307,1656,MF
80,2,14.29,230,112,63.64,531,517,1046,88.05,36,69.23,16,19,1,0,0,0,91,3,0,1,1,35,19,0,0,4,9,44,0,0,,,14,0,7.69,2,1,2,34,32,2,1,0,,62,68.89,1,0,0,142,24,12,0,16,1527,1,,0,0,0,0,0.0,0,0,0,0,171,6,0,7.22,0,0,0,0,0,0,0,0,1527.0,0.0,3,6,7,8,4,4,66.67,0,43,27,62.79,12,130,6,14,98,69.01,176,652,550,1188,137.2,13,1,1415,17,7,0,Yann M'Vila,Stade Malherbe Caen,32045,1667,MF
126,4,14.81,435,101,55.8,945,695,1636,83.81,22,56.41,17,32,7,0,0,0,213,8,0,15,10,30,32,0,0,28,57,143,0,1,,,22,0,3.23,1,1,8,29,25,4,0,1,,148,54.01,0,0,1,316,36,37,0,32,2855,0,,0,1,0,0,0.0,0,0,0,0,416,21,0,7.22,0,1,0,0,0,0,0,0,2855.0,0.0,0,1,30,6,10,28,58.33,0,74,57,77.03,36,224,48,27,170,54.31,181,1221,758,1952,231.0,31,3,2394,46,6,0,Laurent Abergel,Lorient,296434,1656,MF
10,2,20.0,53,9,69.23,103,80,181,82.27,0,0.0,1,11,2,0,0,0,22,2,2,6,0,6,10,0,0,11,9,41,0,0,,,14,0,20.0,0,4,6,3,2,1,4,0,,22,35.48,1,0,0,39,1,7,0,9,568,1,,0,0,0,0,0.0,0,0,0,0,80,4,0,7.21,0,3,0,0,0,0,0,0,142.0,0.0,2,10,10,4,10,7,50.0,0,7,4,57.14,7,19,14,10,22,34.92,13,143,87,220,72.1,20,1,336,8,3,0,Mathieu Cafaro,Paris FC,816810,6070,MF
52,1,100.0,53,67,40.61,210,509,718,78.99,70,57.38,52,27,1,0,0,0,90,1,3,4,7,184,27,0,2,4,31,127,0,4,,,42,0,14.29,0,3,4,32,30,2,3,0,,126,62.69,3,0,1,191,37,5,0,26,2302,1,,0,0,0,2,0.0,0,0,0,0,224,2,0,7.2,3,0,0,0,0,0,0,0,767.33,0.0,0,18,3,10,7,16,72.73,0,85,53,62.35,5,115,22,1,196,60.68,165,333,577,909,194.5,21,5,1419,26,6,1,Steve Solvet,FC Martigues,860168,1664,DF
55,60,28.44,253,51,56.04,497,374,811,84.74,18,40.91,26,33,6,0,0,0,96,7,1,8,8,21,33,0,0,12,4,70,0,0,,,19,2,7.69,0,3,9,27,22,5,1,2,,57,56.44,0,0,0,146,19,74,1,29,2594,1,,0,0,0,1,0.0,0,0,0,0,359,9,0,7.2,0,2,0,0,0,0,0,0,864.67,14.29,14,15,24,15,16,8,44.44,0,20,12,60.0,74,93,18,211,75,51.72,91,759,409,957,237.5,39,3,1432,31,1,0,Youssouf M'Changama,Troyes,197550,1652,MF
10,4,11.76,160,21,77.78,276,162,434,77.22,86,47.78,94,31,2,0,0,0,105,2,13,22,2,18,31,0,0,46,14,216,0,0,,,28,0,11.25,0,9,11,28,24,4,7,2,,143,53.96,0,0,1,128,6,26,1,25,2151,14,,0,0,1,0,100.0,0,1,0,3,325,25,0,7.2,0,8,0,0,0,0,0,0,239.0,0.0,1,64,16,23,35,35,48.61,0,21,15,71.43,26,19,72,34,229,51.46,27,417,179,562,223.1,80,1,1078,87,0,0,Lamine Cissé,Bastia,1119480,1655,FW
25,35,35.71,372,24,48.98,644,315,924,84.0,10,25.0,30,34,8,0,0,0,156,12,3,13,8,10,34,0,0,40,38,159,0,0,,,12,0,7.32,0,3,11,38,37,1,3,0,,142,52.4,0,0,1,176,20,65,0,32,2675,16,,0,0,0,0,0.0,0,0,0,0,412,25,0,7.19,0,3,0,0,0,0,0,0,891.67,0.0,0,36,5,8,20,53,55.21,0,47,31,65.96,65,44,96,98,152,48.87,49,841,357,1100,244.5,41,4,1686,44,1,0,Hugo Picard,Guingamp,1415014,1654,MF
22,26,18.84,258,31,44.29,522,501,997,80.53,32,44.44,40,33,5,0,0,0,171,11,3,10,10,36,33,0,0,39,20,207,1,0,,,57,0,3.23,0,1,6,28,25,3,1,0,,182,52.15,0,0,0,241,32,44,1,31,2827,6,,0,2,0,0,0.0,0,0,0,1,563,12,0,7.19,0,0,0,0,0,0,0,0,2827.0,0.0,0,22,9,18,3,45,45.92,0,79,56,70.89,42,64,98,138,214,50.83,70,805,571,1238,237.3,31,3,2204,58,4,0,Darlin Yongwa,Lorient,998241,1656,DF
89,0,0.0,104,137,64.32,385,995,1380,89.49,70,60.87,45,26,0,0,0,0,90,0,1,3,10,123,26,0,0,3,24,94,0,0,,,21,0,0.0,14,0,0,26,22,4,0,0,,65,57.02,0,0,0,162,35,6,0,26,2335,0,,0,0,0,0,0.0,0,0,0,0,189,1,0,7.18,0,0,0,0,0,0,0,0,0.0,0.0,0,11,4,7,5,5,71.43,0,47,31,65.96,6,157,7,3,135,58.95,213,494,1051,1542,186.8,15,1,1877,13,3,0,Adrien Monfray,Troyes,305338,1652,DF
43,21,17.5,342,44,58.67,651,509,1139,82.24,13,40.63,19,32,5,0,0,0,124,14,6,5,7,12,32,0,1,18,31,95,1,0,,,16,0,17.14,0,6,11,27,21,6,6,0,,69,47.59,0,0,1,246,24,63,1,32,2669,1,,0,1,0,1,0.0,0,0,0,1,448,15,0,7.18,1,5,0,0,0,0,0,0,444.83,0.0,2,23,12,18,12,11,40.74,0,30,19,63.33,62,89,27,120,82,46.33,75,964,541,1385,229.8,35,2,1817,29,0,0,Enzo Bardeli,USL Dunkerque,996974,6918,MF
28,22,35.48,150,36,65.45,261,139,378,79.92,4,22.22,14,15,5,0,0,0,63,4,1,6,2,5,15,0,1,12,7,49,0,0,,,9,1,9.52,0,2,7,14,13,1,1,1,,28,44.44,0,0,3,95,5,33,0,12,1051,0,,0,0,0,0,0.0,0,0,0,0,177,7,0,7.18,1,2,0,0,0,0,0,0,525.5,20.0,5,6,15,10,5,7,50.0,0,8,6,75.0,33,57,14,62,32,39.51,55,382,153,473,107.7,21,3,660,13,1,0,Antonin Bobichon,Pau FC,757730,1685,MF
29,0,0.0,56,286,46.43,225,208,433,56.09,5,100.0,0,33,0,0,0,0,275,0,0,0,10,20,33,0,0,0,1,2,3,0,,,1,0,0.0,256,0,0,37,37,0,0,0,,11,84.62,0,25,0,339,0,0,0,33,2914,0,,0,0,0,0,0.0,4,0,1,0,342,0,4,7.18,0,0,3,74,38,113,1,20,0.0,0.0,0,0,0,0,0,0,0.0,3,1,1,100.0,0,56,0,0,16,88.89,616,512,260,772,236.9,0,2,1063,11,3,0,Mamadou Samassa,Stade Lavallois,51473,1673,GK
39,3,23.08,273,56,64.37,536,448,981,85.68,45,47.87,49,31,1,0,0,0,119,2,5,12,10,25,31,0,0,22,32,160,0,1,,,40,0,6.52,0,3,4,23,21,2,3,0,,150,57.47,0,0,1,164,31,27,0,27,2382,5,,0,1,0,0,0.0,0,0,0,0,267,14,0,7.18,0,3,0,0,0,0,0,0,794.0,0.0,0,30,16,16,18,36,63.16,0,79,49,62.03,26,61,57,13,195,54.93,87,673,485,1145,222.5,46,1,1648,37,6,0,Adama Camara,Paris FC,1507384,6070,MF
41,54,29.19,324,26,36.62,586,267,799,77.8,22,34.38,42,32,5,0,0,0,113,14,2,8,5,14,32,0,0,39,23,148,0,0,,,31,2,21.88,0,7,12,33,25,8,5,2,,97,47.78,0,0,1,228,14,59,1,31,2498,3,,0,1,0,0,0.0,0,0,0,0,481,17,0,7.17,0,6,0,0,0,0,0,0,356.86,18.18,11,12,20,13,11,14,48.28,0,37,22,59.46,58,79,29,185,119,44.57,71,910,302,1027,229.5,32,5,1598,47,8,0,Yohan Demoncy,Annecy FC,352926,210894,MF
26,0,0.0,73,39,44.83,255,674,929,89.33,56,68.29,26,18,0,0,0,0,72,1,0,1,5,104,18,0,1,2,11,57,0,0,,,16,0,20.0,25,1,1,18,17,1,1,0,,60,65.93,1,0,0,111,17,3,0,18,1591,0,,0,0,0,0,0.0,0,0,0,0,136,3,0,7.17,1,0,0,0,0,0,0,0,1591.0,0.0,0,5,0,3,1,4,50.0,0,40,31,77.5,3,51,8,0,116,67.05,87,317,723,1040,129.0,5,3,1287,16,1,0,Donatien Gomis,Guingamp,1104848,1654,DF
114,0,0.0,175,198,63.06,675,1605,2280,90.58,53,57.61,39,31,1,0,0,0,104,1,2,2,14,113,31,0,0,2,6,72,0,1,,,25,0,13.33,1,2,3,29,27,2,2,0,,35,51.47,2,0,1,237,19,2,0,31,2790,0,,1,0,0,0,0.0,0,0,0,0,252,1,0,7.16,0,0,0,0,0,0,0,0,1395.0,0.0,0,14,1,10,3,4,80.0,0,22,14,63.64,2,189,5,2,88,55.0,314,830,1689,2517,222.1,15,4,2793,10,5,0,Timothée Kolodziejczak,Paris FC,41605,6070,DF
65,0,0.0,32,208,45.41,151,426,577,68.94,8,100.0,0,34,0,0,0,0,256,0,0,0,11,48,34,0,0,0,2,2,0,0,,,0,0,0.0,154,0,0,45,44,1,0,0,,2,50.0,0,16,0,260,0,1,0,34,3060,0,,1,0,0,0,0.0,6,0,0,0,267,0,17,7.16,0,0,24,64,42,106,0,23,0.0,0.0,0,0,0,0,0,0,0.0,23,0,0,0.0,1,96,0,0,10,83.33,458,340,497,837,243.3,0,4,1144,3,0,0,Enzo Basilio,Guingamp,307212,1654,GK
74,1,33.33,103,88,46.56,357,890,1246,87.19,84,55.63,67,21,0,0,0,0,58,1,0,2,10,111,20,0,0,1,10,103,0,0,,,29,0,22.22,0,2,2,15,14,1,2,0,,36,50.0,1,0,0,183,18,3,0,20,1801,0,,0,0,0,0,0.0,0,0,0,1,198,0,0,7.16,0,1,0,0,0,0,0,0,900.5,0.0,0,7,2,5,2,1,50.0,0,22,12,54.55,3,142,2,3,120,53.81,189,495,937,1429,143.1,9,4,1664,16,5,0,Julien Laporte,Lorient,791048,1656,DF
78,1,9.09,371,111,53.88,645,438,1082,79.21,51,59.3,35,30,4,0,0,0,217,1,1,4,4,41,30,0,0,18,36,123,0,0,,,25,0,19.23,0,5,9,47,40,7,3,2,,104,54.17,0,0,0,284,51,21,2,29,2558,0,,0,0,0,0,0.0,0,0,0,0,370,16,0,7.15,0,3,0,0,0,0,0,0,511.6,0.0,0,7,19,11,11,20,60.61,0,65,36,55.38,21,138,33,11,155,55.76,206,873,504,1366,214.6,26,4,1777,24,3,0,Noah Cadiou,Rodez AF,993952,6925,MF
35,2,18.18,194,26,70.27,296,208,502,69.43,124,51.67,116,29,1,0,0,0,53,5,11,14,3,39,29,0,1,35,27,227,0,0,,,46,0,10.77,0,7,8,37,31,6,7,0,,87,43.94,1,0,1,221,4,38,2,25,2170,4,,0,0,2,1,100.0,0,2,0,0,346,10,0,7.15,1,4,0,0,0,0,0,0,310.0,0.0,0,59,6,23,28,12,50.0,0,39,26,66.67,38,52,24,11,211,48.17,37,479,255,723,207.4,65,3,1153,38,3,0,Khalid Boutaïb,Pau FC,141072,1685,FW
54,9,15.0,179,70,40.46,403,450,844,78.15,50,55.56,40,29,2,0,0,0,96,6,0,7,7,105,29,0,0,11,22,115,0,1,,,33,0,4.35,0,1,3,30,25,5,1,0,,124,62.31,0,0,0,236,46,20,1,26,2332,2,,0,0,0,0,0.0,0,0,0,0,386,7,0,7.15,0,0,0,0,0,0,0,0,2332.0,0.0,0,12,11,9,7,14,53.85,0,58,41,70.69,20,114,26,60,174,60.21,173,618,522,1080,207.4,23,3,1838,58,7,0,Zakaria Ariss,Bastia,1511915,1655,DF
0,2,50.0,10,1,100.0,16,3,17,77.27,3,42.86,4,2,0,0,0,0,4,0,0,3,0,0,2,0,0,3,0,15,0,0,,,6,0,10.0,0,1,1,3,3,0,1,0,,4,26.67,0,0,0,5,0,1,0,2,180,1,,0,0,0,0,0.0,0,0,0,0,19,3,0,7.15,0,1,0,0,0,0,0,0,180.0,0.0,0,6,4,5,2,1,33.33,0,1,1,100.0,1,3,3,4,7,31.82,1,20,6,22,14.3,10,0,62,2,0,0,Junior Kadile,Stade Lavallois,999033,1673,FW
44,0,0.0,61,62,43.97,235,601,836,84.7,64,70.33,27,18,0,0,0,0,72,1,1,3,5,102,18,0,0,2,2,44,0,1,,,11,0,20.0,15,1,1,16,15,1,1,0,,42,71.19,0,0,1,151,28,4,0,17,1455,0,,0,0,0,0,0.0,0,0,0,0,168,2,0,7.15,0,1,0,0,0,0,0,0,1455.0,0.0,0,4,1,1,1,8,80.0,0,13,7,53.85,4,77,10,0,106,70.67,141,328,659,987,128.7,5,2,1229,22,3,0,Pierre Lemonnier,Red Star FC,580112,52874,DF
69,0,0.0,18,139,48.6,73,551,624,79.8,4,100.0,0,19,0,0,0,0,160,0,0,0,5,9,19,0,0,0,2,3,2,1,,,1,0,0.0,104,0,0,23,20,3,0,0,,9,75.0,0,13,0,158,0,0,0,19,1710,0,,0,0,0,0,0.0,3,0,0,0,161,0,2,7.15,0,0,2,41,25,66,1,16,0.0,0.0,0,0,0,0,0,1,100.0,2,3,3,100.0,0,104,1,0,13,81.25,286,186,596,782,135.8,0,1,970,6,3,0,Robin Risser,Red Star FC,1387161,52874,GK
15,5,35.71,219,22,68.75,384,187,566,80.63,19,29.23,46,33,2,0,0,0,86,7,14,22,1,7,33,0,0,40,18,174,0,0,,,43,0,20.27,0,15,17,29,26,3,15,0,,101,44.1,1,0,0,136,3,26,4,30,2601,19,,0,0,1,0,100.0,0,1,0,2,304,16,0,7.14,0,10,0,0,0,0,0,0,173.4,0.0,0,61,13,21,31,34,54.84,0,33,26,78.79,26,24,62,14,120,40.82,32,499,217,702,235.5,74,4,1138,35,1,0,Cheick Tidiane Sabaly,Metz,942834,1651,FW
0,0,0.0,1,7,25.93,4,41,45,66.18,0,0.0,0,3,0,0,0,0,23,0,0,0,1,2,3,0,0,0,0,0,0,0,,,0,0,0.0,21,0,0,2,2,0,0,0,,0,0.0,0,3,0,23,0,0,0,2,182,0,,0,0,0,0,0.0,0,0,0,0,24,0,0,7.13,0,0,0,7,3,10,0,3,0.0,0.0,0,0,0,0,0,0,0.0,0,0,0,0.0,0,3,0,0,0,0.0,27,15,53,68,21.4,0,0,99,0,0,0,Pape Sy,Metz,1463509,1651,FW
69,0,0.0,162,121,61.42,592,915,1507,87.87,112,67.88,53,27,0,0,0,0,96,0,0,4,8,106,26,0,1,4,14,98,1,1,,,31,0,3.85,8,1,1,35,34,1,1,0,,99,68.75,1,0,2,208,32,4,0,25,2218,0,,0,0,0,2,0.0,0,0,0,0,234,2,0,7.13,1,0,0,0,0,0,0,0,2218.0,0.0,0,20,6,15,7,9,81.82,0,38,20,52.63,4,118,11,0,211,68.28,197,706,1009,1715,185.4,26,4,2072,56,3,0,Sohaib Nair,Guingamp,1515601,1654,DF
63,24,22.22,172,53,56.99,355,241,572,78.36,24,48.98,25,25,2,1,0,0,72,9,3,8,2,35,25,0,0,9,14,68,0,0,,,14,0,11.11,0,3,5,29,27,2,2,1,,71,62.28,0,0,1,158,20,33,1,25,2011,1,,0,1,2,0,50.0,0,1,0,0,279,10,0,7.13,0,2,0,0,0,0,0,0,670.33,0.0,6,12,15,10,9,15,68.18,0,32,18,56.25,32,104,22,108,95,58.28,93,562,276,730,178.2,27,1,1087,24,1,0,Henri Saivet,Clermont Foot,26895,1680,MF
38,21,30.43,283,73,45.06,582,455,1016,79.62,20,37.04,34,32,4,0,0,0,133,7,2,14,11,60,32,0,0,18,23,116,0,0,,,33,0,6.82,0,3,7,34,28,6,3,0,,101,55.19,0,0,0,260,49,32,0,31,2741,0,,0,0,3,0,100.0,0,3,0,0,367,16,0,7.13,0,3,0,0,0,0,0,0,913.67,0.0,5,11,33,12,18,10,50.0,0,64,38,59.38,32,82,20,69,121,51.05,162,826,519,1276,228.0,44,0,1757,27,6,0,Tom Ducrocq,Bastia,975594,1655,MF
6,0,0.0,5,12,32.43,17,85,102,72.86,13,68.42,6,4,0,0,0,0,15,0,0,0,1,27,4,0,0,0,0,8,0,0,,,2,0,0.0,0,0,0,5,3,2,0,0,,12,85.71,0,0,0,38,7,0,0,3,277,0,,0,0,0,0,0.0,0,0,0,0,38,1,0,7.13,0,0,0,0,0,0,0,0,0.0,0.0,0,1,0,0,1,2,100.0,0,6,4,66.67,0,15,2,0,25,75.76,37,42,98,140,28.5,1,1,205,6,0,0,Mehdi Tahrat,Troyes,785633,1652,DF
28,5,19.23,231,28,54.9,409,202,606,76.42,76,55.88,60,33,3,0,0,0,114,4,6,18,4,28,33,0,0,52,11,214,0,0,,,57,0,9.38,0,6,9,27,20,7,6,0,,164,51.57,1,0,2,187,26,35,3,31,2604,8,,0,0,0,0,0.0,0,0,0,0,408,9,0,7.12,0,2,0,0,0,0,0,0,434.0,0.0,0,45,19,27,19,78,65.0,0,49,33,67.35,35,50,120,26,240,52.86,51,584,235,793,235.1,64,3,1419,37,4,0,Cyriaque Irié,Troyes,1508537,1652,MF
83,42,37.84,233,65,48.87,542,506,1006,85.04,26,50.0,26,33,3,0,0,0,158,8,0,9,6,39,33,0,0,41,22,139,0,1,,,38,1,18.52,0,5,8,35,29,6,3,2,,110,49.33,1,0,0,177,30,33,4,28,2524,0,,0,1,1,0,100.0,0,1,0,0,338,10,0,7.12,0,0,0,0,0,0,0,0,504.8,12.5,8,9,18,9,9,20,62.5,0,58,38,65.52,32,142,32,111,136,49.45,133,745,549,1183,234.9,27,3,1687,33,4,0,Jessy Benet,Grenoble Foot 38,580120,1671,MF
75,1,100.0,119,130,54.62,410,1089,1498,87.7,89,55.63,71,34,1,0,0,0,102,2,1,2,15,205,34,0,0,7,8,112,0,0,,,21,0,0.0,4,0,1,34,27,7,0,0,,76,64.96,0,0,1,210,41,10,0,34,3059,0,,0,0,0,1,0.0,0,0,0,0,238,1,0,7.12,0,0,0,0,0,0,0,0,0.0,0.0,0,11,1,7,3,8,57.14,0,38,27,71.05,10,131,14,1,165,59.57,238,539,1170,1708,242.0,12,3,2155,34,6,0,Michel Diaz,Troyes,1400993,1652,
10,2,10.0,130,9,60.0,167,60,225,70.31,21,25.61,61,31,5,0,0,1,51,6,9,11,1,1,31,0,0,31,11,154,0,0,,,28,0,22.08,0,17,22,41,36,5,16,1,,39,29.55,0,0,0,95,7,30,5,30,2562,23,,0,0,4,0,75.0,0,3,0,1,247,16,0,7.12,0,12,0,0,0,0,0,0,150.71,0.0,0,68,9,27,39,11,26.83,0,14,9,64.29,30,16,41,20,60,28.04,15,271,69,320,220.6,77,4,644,14,1,0,Timothé Nkada,Rodez AF,981053,6925,FW
30,7,16.67,429,36,50.7,638,213,844,80.15,23,48.94,24,32,5,0,0,0,159,5,3,8,2,38,32,0,0,46,15,130,0,0,,,19,0,15.38,0,4,9,46,40,6,1,3,,105,49.76,0,0,0,209,29,43,0,30,2565,6,,0,0,0,0,0.0,0,0,0,0,370,32,0,7.12,0,4,0,0,0,0,0,0,641.25,0.0,0,13,13,8,10,25,48.08,0,65,44,67.69,43,66,52,42,128,49.61,71,845,250,1053,227.7,26,1,1512,15,2,0,Waniss Taibi,Rodez AF,1002623,6925,MF
48,0,0.0,117,84,55.63,499,1032,1531,91.24,36,46.15,42,25,0,0,0,0,127,1,2,1,8,115,25,0,0,5,17,83,1,0,,,19,0,0.0,4,0,0,22,20,2,0,0,,67,62.04,0,0,0,147,40,4,0,25,2199,0,,1,0,0,0,0.0,0,0,0,0,166,1,0,7.11,0,0,0,0,0,0,0,0,0.0,0.0,0,11,0,9,1,2,66.67,0,43,31,72.09,4,80,3,0,103,55.38,151,577,1101,1678,177.8,11,0,2020,25,5,0,Sadibou Sané,Metz,1471683,1651,DF
24,6,13.95,218,17,51.52,359,153,506,78.45,30,55.56,24,28,4,0,0,0,75,10,5,2,0,21,28,0,0,25,17,113,0,0,,,16,0,22.58,0,7,11,19,18,1,7,0,,77,46.39,0,0,1,139,20,30,2,22,1753,10,,0,0,0,0,0.0,0,0,0,0,300,13,0,7.11,0,5,0,0,0,0,0,0,250.43,0.0,0,27,4,13,16,32,49.23,0,25,14,56.0,30,40,65,43,107,48.64,33,507,181,645,199.1,31,3,1052,22,0,0,Papa Amadou Diallo,Metz,1463508,1651,MF
64,0,0.0,27,188,40.87,115,515,630,69.08,5,100.0,0,29,0,0,0,0,255,0,0,0,7,18,29,0,0,0,2,2,0,0,,,1,0,0.0,190,0,0,45,38,7,0,0,,4,66.67,0,22,0,282,0,1,0,29,2610,0,,0,0,0,0,0.0,8,0,4,0,289,0,3,7.1,0,0,15,72,32,105,0,30,0.0,0.0,0,0,0,0,0,0,0.0,15,0,0,0.0,1,103,0,0,9,81.82,460,312,600,912,206.0,0,2,1231,6,5,0,Bingourou Kamara,Pau FC,583312,1685,GK
7,3,23.08,56,13,38.24,105,112,214,70.39,29,61.7,18,12,2,0,0,0,51,3,0,0,3,28,12,0,0,9,5,63,0,0,,,22,0,16.67,0,1,3,17,13,4,1,0,,84,65.12,0,0,0,90,13,8,1,11,974,1,,0,1,0,0,0.0,0,0,0,0,175,3,0,7.1,0,0,0,0,0,0,0,0,974.0,0.0,0,5,1,5,1,14,56.0,0,44,23,52.27,7,16,25,13,113,64.2,34,180,137,304,85.2,6,0,617,26,3,0,Ismaelo Ganiou,Annecy FC,1408080,210894,MF
38,14,26.92,197,70,56.45,392,518,896,84.13,16,38.1,26,25,1,0,0,0,110,3,0,9,6,57,25,0,0,11,13,81,0,0,,,30,0,0.0,0,0,1,14,13,1,0,0,,87,61.27,0,0,1,169,30,19,0,21,1868,0,,0,0,0,1,0.0,0,0,0,0,267,7,0,7.1,0,0,0,0,0,0,0,0,0.0,0.0,0,4,17,8,4,14,77.78,0,57,37,64.91,19,71,18,52,103,55.98,124,550,567,1065,177.5,21,0,1578,16,6,0,Igor Silva,Lorient,831246,1656,
22,16,16.49,252,23,65.71,417,147,548,85.36,4,21.05,15,34,3,0,0,0,95,4,3,13,2,3,33,0,0,26,13,81,0,0,,,9,0,13.21,0,7,10,38,31,7,7,0,,81,55.1,1,0,0,94,10,28,0,24,2198,10,,0,0,0,0,0.0,0,0,0,1,279,20,0,7.09,0,6,0,0,0,0,0,0,314.0,0.0,1,37,16,18,22,38,65.52,0,16,11,68.75,28,34,58,97,85,51.2,35,570,169,642,234.1,53,2,1046,27,4,0,Damien Durand,Red Star FC,1104289,52874,MF
38,0,0.0,15,96,41.38,47,230,277,66.27,7,87.5,1,16,0,0,0,0,131,0,0,0,5,20,16,1,0,1,0,2,1,0,,,0,0,0.0,66,0,0,13,12,1,0,0,,5,83.33,0,19,0,141,0,1,0,15,1415,0,,1,0,0,0,0.0,1,0,0,0,149,0,9,7.09,0,0,7,27,18,48,0,10,0.0,0.0,0,0,0,0,0,0,0.0,7,1,1,100.0,1,61,0,0,12,85.71,232,155,263,418,113.5,0,1,598,5,0,0,Alexandre Oukidja,Metz,32668,1651,GK
15,2,28.57,115,8,42.11,225,126,349,73.94,54,51.92,50,28,2,0,0,0,55,2,9,8,0,16,28,0,0,27,10,146,0,0,,,46,0,17.46,0,11,13,34,33,1,11,0,,64,40.0,4,0,2,123,10,21,2,23,2010,33,,0,0,1,0,100.0,0,1,0,0,254,16,0,7.09,0,4,0,0,0,0,0,0,182.73,0.0,0,54,9,24,31,14,42.42,0,16,10,62.5,21,24,33,7,118,44.7,19,332,147,472,198.5,63,3,819,34,3,0,Jacques Siwe,Guingamp,1114408,1654,FW
40,0,0.0,88,59,62.11,320,653,973,90.18,34,68.0,16,17,1,0,0,0,89,2,1,0,3,59,17,0,0,7,11,58,1,1,,,18,0,28.57,0,2,3,18,15,3,2,0,,53,55.79,1,0,0,106,18,5,0,16,1460,3,,0,0,0,0,0.0,0,0,0,0,139,0,0,7.09,0,1,0,0,0,0,0,0,730.0,0.0,0,6,1,5,2,7,46.67,0,31,22,70.97,5,61,15,1,87,60.0,95,391,689,1079,120.5,7,2,1299,19,4,0,Jérémy Jacquet,Clermont Foot,1445625,1680,DF
42,0,0.0,123,49,38.28,479,1360,1839,91.77,102,66.67,51,30,1,0,0,0,100,3,2,1,12,118,30,0,1,2,10,84,0,0,,,21,0,4.55,69,1,2,26,23,3,0,1,,58,63.74,0,0,1,165,25,9,0,30,2650,0,,0,1,0,0,0.0,0,0,0,0,194,2,0,7.09,1,1,0,0,0,0,0,0,2650.0,0.0,0,19,3,14,7,5,62.5,0,38,27,71.05,8,77,8,1,160,65.57,128,582,1423,2004,212.6,22,2,2343,17,4,0,Montassar Talbi,Lorient,879618,1656,DF
16,20,27.78,216,19,48.72,380,246,606,82.67,9,31.03,20,30,4,0,0,0,82,8,6,19,3,20,29,0,0,16,15,86,0,0,,,14,0,13.21,0,7,11,27,23,4,6,1,,74,52.86,0,0,3,127,8,29,5,26,2243,1,,0,0,0,0,0.0,0,0,0,0,261,15,0,7.09,0,2,0,0,0,0,0,0,320.43,0.0,3,38,15,17,17,16,41.03,0,28,15,53.57,29,37,39,72,83,49.11,39,539,266,733,205.5,53,1,1095,30,3,0,Naatan Skyttä,USL Dunkerque,926995,6918,MF
33,16,21.33,254,42,43.75,480,407,871,86.58,19,38.78,30,29,3,0,0,0,115,9,3,5,5,51,29,0,1,13,17,113,2,0,,,37,0,0.0,0,0,3,26,24,2,0,0,,124,59.9,0,0,0,135,26,24,0,27,2350,2,,0,0,0,0,0.0,0,0,0,0,278,13,0,7.08,1,0,0,0,0,0,0,0,0.0,0.0,0,11,6,8,4,29,60.42,0,66,47,71.21,24,60,48,75,143,55.86,96,631,450,1006,205.4,17,3,1632,32,5,0,Koffi Kouao,Metz,867575,1651,DF
30,16,25.4,248,25,60.98,434,232,650,82.17,14,35.9,25,33,3,0,0,0,121,7,3,11,0,10,33,0,0,44,26,164,0,0,,,29,0,22.45,1,11,14,24,24,0,10,1,,101,42.08,0,0,1,141,12,30,9,28,2328,5,,0,0,0,0,0.0,0,0,0,1,362,15,0,7.08,0,2,0,0,0,0,0,0,211.64,0.0,1,40,9,12,26,28,40.0,0,23,13,56.52,30,54,70,63,115,41.22,41,595,259,791,233.7,49,4,1292,51,3,0,Malik Sellouki,Stade Lavallois,1064307,1673,MF
94,0,0.0,92,124,50.61,225,609,834,81.37,78,72.22,30,28,0,0,0,0,66,0,2,5,5,157,28,0,0,0,11,63,0,0,,,27,0,0.0,8,0,0,26,22,4,0,0,,40,54.79,0,0,4,191,23,0,0,23,2147,1,,0,0,0,0,0.0,0,0,0,0,201,0,0,7.07,0,0,0,0,0,0,0,0,0.0,0.0,0,17,0,11,1,0,0.0,0,16,8,50.0,0,168,0,1,118,65.19,245,367,659,1025,198.0,17,3,1355,30,6,0,Clément Vidal,Ajaccio,940993,1660,DF
68,38,27.54,234,81,55.1,459,466,887,80.78,32,46.38,37,34,1,0,0,0,131,6,5,16,5,37,34,0,0,27,35,150,1,0,,,21,1,5.8,0,4,5,36,32,4,2,2,,111,49.55,2,0,1,211,29,43,0,30,2658,2,,0,0,0,0,0.0,0,0,0,0,438,9,0,7.07,0,2,0,0,0,0,0,0,664.5,8.33,12,24,45,32,21,38,55.07,0,42,35,83.33,43,117,69,138,143,48.81,147,725,511,1098,240.4,69,1,1708,32,4,0,Julien Anziani,Ajaccio,889143,1660,MF
30,0,0.0,51,64,56.14,218,883,1101,91.98,32,45.71,38,19,1,0,0,0,80,1,2,0,5,54,19,0,0,3,7,60,0,0,,,11,0,25.0,15,2,3,19,17,2,2,0,,30,57.69,1,0,0,96,16,6,1,18,1664,1,,0,0,0,1,0.0,0,0,0,0,110,0,0,7.07,0,0,0,0,0,0,0,0,832.0,0.0,0,8,0,4,4,1,50.0,0,26,14,53.85,6,50,2,4,62,50.82,114,278,923,1197,134.3,8,1,1373,3,2,0,Ismaël Traoré,Metz,25506,1651,DF
24,15,14.42,327,44,68.75,571,295,851,83.35,4,23.53,13,34,4,0,0,0,165,7,2,17,5,19,34,0,0,54,34,172,0,0,,,25,0,17.86,0,10,14,50,43,7,10,0,,135,45.92,0,0,2,170,14,34,5,34,3018,12,,0,1,1,0,100.0,0,1,0,0,469,22,0,7.07,0,5,0,0,0,0,0,0,301.8,0.0,0,41,15,8,31,50,50.51,0,35,23,65.71,33,35,99,104,139,44.69,64,789,336,1021,240.3,56,2,1714,50,1,0,Antoine Leautey,Amiens SC,867455,1676,MF
11,1,33.33,147,10,62.5,281,169,449,72.65,146,57.03,110,30,1,0,0,0,78,0,14,9,3,28,30,0,0,47,10,214,0,0,,,50,0,16.67,0,9,10,21,21,0,9,0,,85,44.97,2,0,2,169,3,18,1,26,2266,14,,0,0,2,0,100.0,0,2,0,1,325,8,0,7.07,0,6,0,0,0,0,0,0,251.78,0.0,0,53,1,27,18,14,56.0,0,18,12,66.67,18,21,25,3,231,51.91,16,420,201,618,212.0,54,2,1024,59,6,0,Malik Tchokounté,Stade Lavallois,821464,1673,FW
35,28,26.92,422,35,72.92,723,368,1063,88.22,12,30.0,28,30,5,0,0,0,113,3,4,14,5,11,30,0,0,28,12,132,1,0,,,40,0,7.32,0,3,8,18,16,2,3,0,,70,40.23,0,0,1,142,21,47,1,23,2085,3,,0,0,0,1,0.0,0,0,0,0,314,24,0,7.06,0,2,0,0,0,0,0,0,695.0,0.0,2,24,17,12,15,19,42.22,0,32,21,65.63,47,49,45,104,82,38.32,48,915,394,1205,211.9,41,3,1644,19,3,0,Julien Ponceau,Lorient,942844,1656,MF
57,5,16.67,311,89,65.44,724,654,1373,89.1,22,43.14,29,30,2,0,0,0,127,3,1,10,4,24,30,0,0,18,24,132,1,0,,,41,0,4.55,0,1,3,22,20,2,1,0,,133,56.36,0,0,0,168,33,19,0,29,2403,3,,0,0,0,0,0.0,0,0,0,1,278,12,0,7.06,0,1,0,0,0,0,0,0,2403.0,0.0,1,10,12,6,6,17,44.74,0,64,42,65.63,19,100,38,30,155,54.01,136,870,701,1541,211.9,22,0,1957,52,3,0,Jessy Deminguet,Metz,902657,1651,MF
22,0,0.0,56,57,39.86,176,657,833,84.4,66,59.46,45,27,0,0,0,0,87,0,3,2,9,118,27,0,0,4,11,97,0,0,,,34,0,0.0,0,0,0,26,21,5,0,0,,91,63.64,0,0,0,154,49,1,0,27,2269,1,,0,1,0,0,0.0,0,0,0,0,178,2,0,7.06,0,0,0,0,0,0,0,0,0.0,0.0,0,10,0,4,4,6,54.55,0,59,39,66.1,0,63,11,3,157,61.81,143,282,708,987,190.7,10,3,1370,30,9,0,Gustave Akueson,Bastia,914637,1655,DF
13,3,21.43,68,7,77.78,114,66,177,85.51,2,25.0,6,8,3,0,0,0,24,3,1,3,0,1,8,0,0,10,5,37,0,0,,,3,0,0.0,0,0,3,6,6,0,0,0,,34,52.31,0,0,1,30,1,7,0,5,430,1,,0,0,0,0,0.0,0,0,0,0,76,1,0,7.06,0,0,0,0,0,0,0,0,0.0,0.0,2,2,5,2,2,12,48.0,0,4,4,100.0,7,17,25,14,36,49.32,9,151,70,207,56.5,7,0,318,18,1,0,Abdoul Kader Bamba,Clermont Foot,938270,1680,MF
21,63,32.98,121,30,41.1,255,89,281,66.9,19,42.22,26,31,3,0,0,0,72,10,0,6,1,16,30,0,0,9,6,74,0,0,,,22,0,14.29,0,2,5,30,24,6,2,0,,70,59.32,0,0,0,139,18,56,1,18,1644,1,,1,1,0,0,0.0,0,0,0,0,343,4,0,7.06,0,1,0,0,0,0,0,0,822.0,0.0,2,11,3,4,4,19,52.78,0,28,21,75.0,55,49,36,191,89,54.6,73,498,113,420,211.8,14,2,923,23,3,0,Nolan Galves,Rodez AF,1165696,6925,DF
67,22,28.21,268,81,57.04,543,869,1390,86.23,51,48.57,54,33,1,0,0,0,181,3,0,5,10,75,33,0,0,11,27,133,0,0,,,33,0,0.0,0,0,1,34,29,5,0,0,,128,61.84,0,0,1,222,39,22,0,32,2861,2,,0,0,0,0,0.0,0,0,0,0,372,13,0,7.05,0,0,0,0,0,0,0,0,0.0,0.0,1,1,7,3,0,29,74.36,0,69,49,71.01,22,125,39,78,179,57.37,142,751,939,1612,232.8,8,2,2355,30,5,0,Alec Georgen,USL Dunkerque,802134,6918,DF
42,1,25.0,178,71,68.27,462,609,1070,85.81,49,53.26,43,26,1,0,0,0,140,1,0,4,9,52,26,0,0,22,17,143,0,3,,,47,0,5.88,0,1,2,21,17,4,1,0,,130,56.52,0,0,1,177,32,13,0,22,2063,0,,0,0,0,1,0.0,0,0,0,1,269,14,0,7.05,0,1,0,0,0,0,0,0,2063.0,0.0,0,2,15,10,3,30,65.22,0,48,30,62.5,13,74,46,4,179,55.59,104,566,685,1247,183.4,17,0,1651,53,12,0,Ugo Raghouber,USL Dunkerque,1170694,6918,MF
28,23,19.49,198,27,48.21,314,156,447,76.54,15,41.67,21,28,2,0,0,0,98,3,2,18,0,4,28,0,0,17,19,119,0,0,,,24,0,18.37,0,9,11,29,28,1,7,2,,64,39.51,0,0,3,137,10,29,8,16,1409,6,,0,0,1,0,100.0,0,1,0,0,343,21,0,7.05,0,1,0,0,0,0,0,0,156.56,0.0,5,31,18,14,17,23,37.7,0,34,22,64.71,29,59,61,118,79,39.9,56,521,181,584,197.5,49,2,998,8,1,0,Rayan Ghrieb,Guingamp,878683,1654,MF
20,9,30.0,131,30,43.48,292,299,582,83.26,12,48.0,13,15,2,0,0,0,55,2,0,1,5,40,15,0,0,6,11,58,0,0,,,24,0,0.0,0,0,2,16,15,1,0,0,,52,53.61,0,0,0,117,23,9,0,15,1304,0,,0,1,0,0,0.0,0,0,0,0,170,3,0,7.05,0,0,0,0,0,0,0,0,0.0,0.0,0,2,3,2,2,8,61.54,0,29,17,58.62,8,53,13,30,64,52.46,69,389,340,699,105.8,5,0,1026,16,5,0,Thibault De Smet,Paris FC,844744,6070,DF
1,0,0.0,9,0,0.0,15,4,19,79.17,2,50.0,2,2,0,0,0,0,0,0,1,0,0,3,2,0,0,2,0,4,0,0,,,1,0,25.0,0,1,1,0,0,0,1,0,,1,33.33,1,0,0,5,0,2,0,2,112,1,,0,0,0,0,0.0,0,0,0,0,9,0,0,7.05,0,0,0,0,0,0,0,0,112.0,0.0,0,4,0,1,3,0,0.0,0,1,0,0.0,2,1,0,1,3,42.86,0,21,4,24,14.1,4,0,39,0,0,0,Ahmadou Bamba Dieng,Lorient,1102503,1656,FW
58,32,33.68,287,85,51.83,690,683,1341,86.46,24,58.54,17,28,7,0,0,0,130,6,0,0,8,70,28,0,0,10,4,67,0,2,,,16,0,0.0,0,0,7,36,35,1,0,0,,65,56.52,0,0,0,210,35,26,0,28,2467,0,,0,0,0,0,0.0,0,0,0,0,354,3,0,7.05,0,0,0,0,0,0,0,0,0.0,0.0,0,0,2,1,1,13,39.39,0,24,16,66.67,26,106,33,95,89,57.05,164,892,754,1551,197.4,2,3,2175,29,4,0,Alpha Sissoko,Guingamp,942839,1654,DF
2,0,0.0,3,18,48.65,12,16,28,59.57,0,0.0,0,2,0,0,0,0,20,0,0,0,1,2,2,0,0,0,0,0,0,0,,,0,0,0.0,13,0,0,1,1,0,0,0,,0,0.0,0,0,0,19,0,0,0,1,146,0,,0,0,0,0,0.0,0,0,0,0,19,0,1,7.05,0,0,0,4,0,4,0,0,0.0,0.0,0,0,0,0,0,0,0.0,0,0,0,0.0,0,3,0,0,0,0.0,37,29,18,47,14.1,0,0,59,0,0,0,Maxime Hautbois,Stade Lavallois,105197,1673,GK
19,19,24.68,296,40,71.43,521,303,805,83.08,14,29.79,33,33,1,0,0,0,164,4,3,24,6,6,33,0,0,38,17,167,0,0,,,15,0,8.22,0,6,7,30,25,5,6,0,,129,49.05,0,0,1,164,19,44,0,29,2561,13,,0,0,1,1,100.0,0,1,0,1,418,26,0,7.05,0,6,0,0,0,0,0,0,426.83,0.0,6,39,34,21,28,63,48.84,0,18,14,77.78,44,34,129,77,143,46.13,56,724,322,969,232.6,73,1,1570,48,2,0,Amine Boutrah,Bastia,975307,1655,MF
37,0,0.0,117,49,43.75,455,1602,2057,92.2,71,67.62,34,31,0,0,0,0,110,1,5,4,7,132,31,0,0,4,10,69,0,2,,,18,0,13.64,19,3,3,34,27,7,3,0,,53,60.23,2,0,0,174,34,10,0,29,2607,1,,0,0,0,0,0.0,0,0,0,0,195,2,0,7.05,0,1,0,0,0,0,0,0,869.0,0.0,0,21,1,12,6,7,53.85,0,32,19,59.38,10,67,13,2,124,64.25,112,573,1660,2231,218.5,22,2,2552,16,4,0,Vincent Sasso,USL Dunkerque,74071,6918,DF
46,7,46.67,266,46,56.1,460,383,836,80.85,22,53.66,19,28,3,0,0,0,133,1,2,13,5,52,28,0,0,9,26,96,0,0,,,30,0,6.45,0,2,5,29,29,0,2,0,,110,58.82,0,0,1,198,35,20,0,25,2216,2,,0,0,0,0,0.0,0,0,0,0,273,8,0,7.05,0,2,0,0,0,0,0,0,1108.0,0.0,0,18,13,8,10,22,59.46,0,62,43,69.35,20,72,37,15,132,57.89,82,611,438,1034,197.3,31,0,1406,26,3,0,Sam Sanna,Stade Lavallois,991831,1673,MF
101,9,31.03,440,106,74.65,919,921,1831,91.73,21,63.64,12,33,0,1,0,0,145,1,1,6,7,49,33,0,0,10,36,104,1,0,,,39,0,4.35,1,1,1,38,38,0,1,0,,106,53.54,0,0,0,165,22,24,0,32,2772,0,,0,0,2,1,50.0,0,1,0,0,225,11,0,7.05,0,1,0,0,0,0,0,0,2772.0,0.0,2,6,17,8,9,5,33.33,0,76,44,57.89,24,134,15,29,127,54.98,142,1051,974,1996,232.5,23,2,2348,26,4,0,Dylan Louiserre,Guingamp,579542,1654,MF
54,22,22.92,357,56,52.83,627,421,1026,80.16,23,38.33,37,34,5,0,0,0,133,10,2,10,1,18,34,0,0,30,12,134,0,1,,,23,0,6.67,0,2,7,46,39,7,2,0,,126,56.5,0,0,1,254,24,48,2,31,2684,1,,0,1,0,0,0.0,0,0,0,0,463,12,0,7.04,0,0,0,0,0,0,0,0,1342.0,0.0,1,19,11,13,7,31,46.97,0,38,24,63.16,47,90,66,96,149,52.65,106,886,490,1280,239.5,30,0,1808,58,3,0,Merwan Ifnaoui,Red Star FC,1528107,52874,MF
38,22,29.33,247,45,36.0,466,503,947,82.35,9,37.5,15,29,0,0,0,0,126,5,0,0,11,33,28,0,0,8,35,103,0,0,,,35,0,0.0,0,0,0,23,22,1,0,0,,104,54.17,0,0,1,203,32,24,0,25,2199,2,,1,0,0,0,0.0,0,0,0,0,321,11,0,7.04,0,0,0,0,0,0,0,0,0.0,0.0,0,1,1,2,0,12,50.0,0,85,55,64.71,24,91,24,75,113,52.31,125,668,557,1150,197.2,2,0,1733,7,5,0,Mathys Tourraine,Paris FC,1468764,6070,DF
43,2,33.33,273,51,55.43,586,505,1089,79.9,127,75.15,42,31,5,0,0,0,137,4,2,5,7,57,31,0,0,17,9,135,0,0,,,64,0,4.55,0,1,6,34,34,0,1,0,,98,51.31,0,0,0,274,20,32,1,29,2447,0,,0,0,0,0,0.0,0,0,0,1,346,8,0,7.04,0,0,0,0,0,0,0,0,2447.0,0.0,0,12,10,11,6,13,56.52,0,42,27,64.29,32,69,23,6,225,62.5,92,783,586,1363,218.3,22,1,1730,46,6,0,Kalidou Sidibé,Guingamp,960079,1654,MF
6,0,0.0,28,9,81.82,51,47,98,87.5,6,60.0,4,5,0,0,0,0,22,1,0,0,0,3,5,0,0,2,2,12,0,0,,,4,0,0.0,0,0,0,3,3,0,0,0,,14,63.64,0,0,0,14,5,3,0,3,261,0,,0,0,0,0,0.0,0,0,0,0,22,1,0,7.04,0,0,0,0,0,0,0,0,0.0,0.0,0,4,2,6,0,1,100.0,0,12,8,66.67,3,8,1,0,20,62.5,11,59,53,112,35.2,6,0,161,1,1,0,Samba Diba,Grenoble Foot 38,1388325,1671,MF
3,0,0.0,7,42,36.84,35,28,63,46.67,1,100.0,0,5,0,0,0,0,53,0,0,0,2,1,5,0,0,0,0,0,0,0,,,0,0,0.0,42,0,0,4,2,2,0,0,,0,0.0,0,6,0,72,0,0,0,5,450,0,,0,0,0,0,0.0,0,0,0,0,73,0,0,7.04,0,0,1,8,8,16,0,2,0.0,0.0,0,0,0,0,0,0,0.0,1,0,0,0.0,0,10,0,0,1,100.0,114,97,38,135,35.2,0,0,185,0,0,0,Ghjuvanni Quilichini,Ajaccio,1133562,1660,GK
54,0,0.0,40,246,43.54,153,382,535,62.21,5,83.33,1,29,0,0,0,0,241,0,0,0,6,25,29,0,0,0,1,3,0,2,,,1,0,0.0,187,0,0,38,35,3,0,0,,7,77.78,0,20,0,325,0,0,0,29,2610,0,,0,0,0,1,0.0,7,0,0,0,331,0,5,7.03,0,0,13,44,39,83,1,17,0.0,0.0,0,0,0,0,0,0,0.0,13,0,0,0.0,0,80,0,0,12,80.0,565,402,458,860,203.9,0,0,1093,9,4,0,Francois-Joseph Sollacaro,Ajaccio,556980,1660,GK
21,0,0.0,29,31,44.93,143,328,471,84.56,34,62.96,20,17,0,0,0,0,64,0,0,2,5,80,17,0,0,4,9,50,0,1,,,10,0,40.0,0,2,2,20,17,3,2,0,,59,66.29,2,0,0,86,15,3,0,14,1272,0,,0,0,0,1,0.0,0,0,0,0,112,2,0,7.03,1,0,0,0,0,0,0,0,636.0,0.0,0,5,0,1,2,8,53.33,0,35,22,62.86,3,35,15,0,93,65.03,69,196,361,557,119.5,5,2,796,16,2,1,Osaze Urhoghide,Amiens SC,915129,1676,DF
52,3,17.65,115,109,44.49,326,654,977,81.48,51,57.3,38,33,1,0,0,0,97,1,3,2,11,125,33,0,0,5,21,103,0,1,,,32,0,10.53,0,2,3,34,34,0,2,0,,118,64.48,0,0,1,222,40,8,1,33,2920,1,,1,0,0,0,0.0,0,0,0,0,288,4,0,7.03,1,1,0,0,0,0,0,0,1460.0,0.0,0,15,4,12,5,15,65.22,0,83,57,68.67,8,123,23,17,169,62.13,245,500,716,1199,231.9,19,3,1665,22,5,1,Christ-Owen Kouassi,Stade Lavallois,1910643,1673,DF
45,0,0.0,30,171,45.84,89,822,911,81.05,12,92.31,1,34,0,0,0,0,242,0,0,0,14,35,34,0,0,0,0,1,4,1,,,0,0,0.0,241,0,0,33,31,2,0,0,,11,100.0,0,26,0,213,1,0,0,34,3015,0,,0,0,0,0,0.0,3,0,0,0,217,0,20,7.03,0,0,7,58,26,85,0,20,0.0,0.0,0,0,0,0,0,3,100.0,6,1,1,100.0,0,61,3,0,23,95.83,373,223,901,1124,238.9,0,1,1443,10,0,0,Obed Nkambadio,Paris FC,1015872,6070,GK
35,1,33.33,44,52,55.91,236,555,790,88.96,49,62.82,29,22,0,0,0,0,91,0,0,1,3,67,21,0,0,3,5,50,0,2,,,14,0,11.11,1,1,1,16,13,3,1,0,,45,68.18,0,0,0,98,22,2,0,12,1244,1,,0,0,0,0,0.0,0,0,0,0,123,2,0,7.02,0,1,0,0,0,0,0,0,1244.0,0.0,0,7,2,6,2,3,60.0,0,29,22,75.86,2,49,5,3,94,65.28,93,296,595,888,147.5,9,2,1107,13,2,0,Formose Mendy,Lorient,982316,1656,DF
51,54,23.28,223,55,30.56,357,143,446,60.85,9,29.03,22,34,6,0,0,0,125,10,0,11,2,41,34,0,0,21,36,133,1,0,,,30,3,10.26,0,4,10,34,29,5,1,3,,94,45.85,0,0,3,287,29,43,1,23,2088,1,,0,0,0,0,0.0,0,0,0,0,570,17,0,7.02,0,3,0,0,0,0,0,0,522.0,27.27,11,15,24,11,17,15,36.59,0,64,42,65.63,43,129,41,232,103,43.64,180,770,195,733,238.8,39,4,1502,15,3,0,Mohamed Bouchouari,Rodez AF,965329,6925,DF
51,29,25.0,286,42,61.76,536,260,767,80.65,33,37.08,56,30,5,0,0,0,93,9,2,19,1,9,30,0,1,32,16,157,0,0,,,28,1,6.38,0,3,8,35,31,4,1,2,,98,49.25,0,0,1,184,11,39,2,24,2054,4,,0,0,0,0,0.0,0,0,0,0,390,18,0,7.02,1,1,0,0,0,0,0,0,684.67,100.0,1,27,20,12,16,16,34.04,0,28,20,71.43,39,98,47,116,131,45.49,68,785,282,951,210.7,47,1,1432,57,2,0,Bilal Brahimi,Stade Malherbe Caen,1131059,1667,MF
37,13,27.08,104,33,56.9,218,197,402,82.72,8,47.06,9,15,1,0,0,0,56,1,0,4,1,13,14,0,0,9,12,44,0,0,,,10,0,12.5,1,1,2,14,11,3,1,0,,34,49.28,0,0,0,84,16,20,0,11,844,1,,0,0,0,0,0.0,0,0,0,0,144,4,0,7.02,0,1,0,0,0,0,0,0,844.0,0.0,2,2,6,1,3,6,54.55,0,16,10,62.5,20,54,11,48,42,48.84,58,312,222,486,98.3,8,1,663,12,1,0,Nolan Mbemba,Grenoble Foot 38,577768,1671,MF
24,9,15.52,170,32,61.54,337,329,657,87.48,17,48.57,18,21,2,0,0,0,58,3,2,2,4,28,20,0,0,5,5,53,0,1,,,16,0,0.0,0,0,2,24,23,1,0,0,,74,67.89,0,0,1,94,15,12,0,17,1452,2,,0,0,0,0,0.0,0,0,0,0,197,2,0,7.02,0,0,0,0,0,0,0,0,0.0,0.0,0,6,5,7,2,24,64.86,0,33,20,60.61,12,42,37,58,91,63.19,52,452,357,751,140.4,11,0,1163,18,2,0,Lenny Vallier,Guingamp,878283,1654,DF
13,2,18.18,147,24,66.67,246,88,332,68.17,102,57.63,75,30,2,0,0,2,38,4,18,18,2,24,30,0,0,40,7,171,0,0,,,38,0,9.41,0,8,10,50,45,5,8,0,,57,37.25,2,0,4,155,1,22,1,28,2559,29,,0,0,3,0,33.33,0,1,0,2,286,9,0,7.02,0,5,0,0,0,0,0,0,319.88,0.0,3,70,15,35,32,10,37.04,0,12,8,66.67,22,24,27,11,159,48.18,36,387,111,487,210.5,85,2,845,39,4,0,Alexandre Mendy,Stade Malherbe Caen,609226,1667,FW
4,0,0.0,77,3,75.0,115,38,153,75.37,17,36.96,29,18,6,1,0,0,26,7,7,6,0,5,18,0,0,20,3,72,0,0,,,11,0,13.64,0,3,9,8,7,1,3,0,,37,46.25,1,0,1,50,2,20,0,10,827,13,,0,0,1,0,0.0,0,0,0,2,115,10,0,7.02,0,2,0,0,0,0,0,0,275.67,0.0,0,21,1,9,7,6,37.5,0,15,7,46.67,20,5,16,2,54,42.86,4,159,46,203,126.3,22,1,351,16,1,0,Mohamed Bamba,Lorient,1405239,1656,FW
6,0,0.0,106,4,66.67,156,68,224,72.26,45,41.67,63,32,3,0,0,0,27,2,6,10,2,10,32,0,0,24,5,128,0,0,,,32,0,32.56,0,14,17,17,14,3,14,0,,31,32.29,0,0,1,86,2,16,4,11,1288,13,,0,0,4,0,100.0,0,4,0,0,171,7,0,7.02,0,10,0,0,0,0,0,0,92.0,0.0,1,38,5,9,24,15,57.69,0,3,2,66.67,16,12,26,5,76,37.25,6,233,82,310,224.5,43,4,520,13,1,0,Sambou Soumano,Lorient,1103141,1656,FW
40,6,46.15,237,64,58.18,491,602,1087,86.68,21,56.76,16,28,5,0,0,0,102,6,2,15,5,29,28,0,1,27,15,99,0,2,,,26,1,6.25,0,2,7,17,17,0,0,2,,94,53.11,0,0,1,167,28,21,2,24,2057,3,,0,0,0,0,0.0,0,0,0,0,257,7,0,7.01,2,0,0,0,0,0,0,0,1028.5,50.0,2,10,22,8,9,21,56.76,0,44,24,54.55,21,77,37,13,115,53.74,110,611,656,1254,196.3,32,1,1602,31,3,1,Vincent Marchetti,Paris FC,795508,6070,MF
22,0,0.0,71,47,48.96,219,528,747,87.37,46,62.16,28,19,0,0,0,0,62,0,0,1,7,74,19,0,0,4,4,55,0,0,,,19,0,25.0,2,2,2,20,19,1,2,0,,42,60.87,1,0,0,108,9,1,1,19,1710,1,,0,0,0,1,0.0,0,0,0,0,130,0,0,7.01,0,0,0,0,0,0,0,0,855.0,0.0,0,6,2,4,3,4,80.0,0,21,12,57.14,1,40,5,3,88,61.54,96,297,561,855,133.2,8,1,1062,18,5,0,Kouadio Ange Ahoussou,Pau FC,1397914,1685,DF
4,6,12.24,163,11,61.11,273,127,394,80.9,12,44.44,15,30,4,0,0,0,61,7,5,13,1,4,30,0,0,27,16,104,0,0,,,25,0,8.89,0,4,8,17,16,1,4,0,,81,47.65,0,0,1,93,6,30,1,23,1898,12,,0,0,0,0,0.0,0,0,0,2,246,14,0,7.01,0,3,0,0,0,0,0,0,474.5,0.0,1,31,14,13,19,24,48.98,0,24,17,70.83,30,8,49,49,93,47.21,18,392,144,487,210.3,45,1,858,34,5,0,Alimami Gory,Paris FC,842399,6070,MF
59,0,0.0,51,61,45.86,195,587,782,86.79,58,56.86,44,25,0,0,0,0,74,1,3,6,6,144,24,0,0,3,6,80,1,0,,,28,0,7.14,0,1,1,33,31,2,1,0,,53,59.55,1,0,0,119,13,5,0,23,2095,0,,0,0,0,0,0.0,0,0,0,2,138,1,0,7.01,0,0,0,0,0,0,0,0,2095.0,0.0,0,14,0,3,5,2,66.67,0,39,26,66.67,5,112,3,1,111,58.12,133,281,621,901,168.2,14,3,1209,12,1,0,Loris Mouyokolo,Grenoble Foot 38,1094793,1671,DF
11,2,20.0,65,8,47.06,111,47,156,74.29,38,46.34,44,16,1,0,0,0,21,1,3,8,0,3,16,0,0,15,3,88,0,0,,,21,0,19.35,0,6,7,8,7,1,6,0,,23,34.33,0,0,0,54,6,13,3,10,808,3,,0,0,2,0,100.0,0,2,0,1,119,5,0,7.01,0,3,0,0,0,0,0,0,134.67,0.0,0,28,3,9,14,3,25.0,0,4,3,75.0,13,18,12,10,61,40.94,17,166,54,210,112.1,31,1,373,18,1,0,Nicolas de Préville,Troyes,74045,1652,FW
84,0,0.0,107,143,57.2,395,782,1177,86.86,57,60.0,38,23,0,0,0,0,70,1,0,3,3,107,23,0,1,1,8,67,0,0,,,18,0,14.29,2,2,2,28,26,2,2,0,,36,55.38,2,0,1,178,22,2,0,21,1860,1,,0,0,0,0,0.0,0,0,0,0,195,1,0,7.0,1,0,0,0,0,0,0,0,930.0,0.0,0,14,0,7,4,1,33.33,0,22,14,63.64,2,141,3,2,93,58.13,250,531,826,1355,161.1,14,0,1606,13,1,0,Romain Thomas,Stade Malherbe Caen,73979,1667,DF
110,3,18.75,218,99,52.38,525,516,1038,80.47,30,60.0,20,26,3,0,0,0,107,4,1,3,8,31,26,0,0,20,32,102,0,0,,,23,0,6.67,2,1,4,21,19,2,0,1,,96,53.93,0,0,0,252,29,11,1,24,2124,1,,0,0,0,0,0.0,0,0,0,0,319,8,0,7.0,0,0,0,0,0,0,0,0,2124.0,0.0,0,2,13,6,6,17,62.96,0,57,32,56.14,11,193,27,16,126,55.26,189,742,564,1290,182.1,15,1,1604,22,2,0,Benjamin Stambouli,Metz,105951,1651,MF
10,1,7.14,64,15,51.72,131,98,228,78.62,6,42.86,8,13,1,0,0,0,42,1,1,2,0,9,13,0,0,14,11,50,0,0,,,10,0,18.75,0,3,4,15,15,0,3,0,,47,52.81,1,0,1,62,16,9,0,10,831,1,,0,0,0,0,0.0,0,0,0,0,118,3,0,7.0,0,2,0,0,0,0,0,0,277.0,0.0,0,15,1,7,7,9,52.94,0,19,11,57.89,9,27,17,14,53,51.46,29,191,113,290,91.0,16,2,471,19,1,0,Oualid Orinel,FC Martigues,212710,1664,MF
1,0,0.0,6,2,50.0,8,7,15,75.0,0,0.0,0,1,0,0,0,0,2,0,0,0,0,0,1,0,0,0,0,1,0,0,,,1,0,0.0,0,0,0,0,0,0,0,0,,1,50.0,0,0,0,5,1,1,0,0,15,0,,0,0,0,0,0.0,0,0,0,0,5,0,0,7.0,0,0,0,0,0,0,0,0,0.0,0.0,0,0,0,0,0,0,0.0,0,0,0,0.0,1,3,0,0,1,50.0,4,9,11,20,7.0,0,0,22,1,0,0,Ismaël Guerti,Metz,1928232,1651,FW
1,0,0.0,0,6,42.86,4,11,15,62.5,0,0.0,0,1,0,0,0,0,12,0,0,0,0,1,1,0,0,0,0,0,0,0,,,0,0,0.0,9,0,0,2,2,0,0,0,,0,0.0,0,0,0,9,0,0,0,1,90,0,,0,0,0,0,0.0,1,0,0,0,9,0,1,7.0,0,0,0,0,3,3,0,1,0.0,0.0,0,0,0,0,0,0,0.0,0,0,0,0.0,0,1,0,0,0,0.0,14,12,12,24,7.0,0,0,35,0,0,0,Maxime Pattier,Grenoble Foot 38,904387,1671,GK
0,0,0.0,2,0,0.0,5,1,6,75.0,2,50.0,2,3,0,0,0,0,2,0,1,1,0,0,1,0,0,0,0,4,0,0,,,0,0,0.0,0,0,0,1,0,1,0,0,,3,60.0,0,0,0,2,0,0,0,0,14,0,,0,0,0,0,0.0,0,0,0,0,6,0,0,7.0,0,0,0,0,0,0,0,0,0.0,0.0,0,3,0,1,1,1,33.33,0,0,0,0.0,0,0,3,0,5,55.56,0,7,1,8,7.0,3,0,18,2,0,0,Morgan Corredor,Rodez AF,1901903,6925,DF
16,2,100.0,42,53,60.92,239,515,752,92.38,13,65.0,7,10,0,0,0,0,48,1,0,1,1,33,10,0,0,3,3,26,0,1,,,13,0,0.0,7,0,0,12,11,1,0,0,,26,57.78,0,0,0,62,10,1,0,10,880,0,,0,0,0,0,0.0,0,0,0,0,74,0,0,7.0,0,0,0,0,0,0,0,0,0.0,0.0,0,3,0,2,0,3,50.0,0,8,5,62.5,1,29,6,2,39,60.0,87,274,542,814,70.0,3,0,934,16,2,0,Urie-Michel Mboula,Metz,1397934,1651,DF
22,0,0.0,8,76,39.38,29,435,464,78.51,8,100.0,0,20,0,0,0,0,179,0,0,0,3,14,20,0,1,0,0,3,0,1,,,4,0,0.0,80,0,0,24,21,3,0,0,,6,66.67,0,28,0,127,0,0,0,20,1768,0,,0,0,0,2,0.0,4,0,0,0,129,0,5,7.0,1,0,9,48,13,61,0,12,0.0,0.0,0,0,0,0,0,1,100.0,7,2,1,50.0,0,47,1,0,14,82.35,193,102,489,591,140.0,0,1,826,4,2,0,Massamba N'Diaye,Clermont Foot,1177344,1680,GK
19,6,16.22,91,12,34.29,170,158,322,73.85,15,42.86,20,18,2,0,0,0,62,6,0,1,2,54,18,0,0,16,12,87,0,0,,,23,0,50.0,0,2,4,22,20,2,2,0,,63,48.46,1,0,0,114,17,19,1,17,1452,1,,0,0,0,0,0.0,0,0,0,0,248,5,0,6.99,0,0,0,0,0,0,0,0,726.0,0.0,0,4,0,1,2,23,57.5,0,38,27,71.05,19,45,40,37,78,47.27,35,274,199,436,125.9,4,0,880,2,2,0,Matthéo Xantippe,Grenoble Foot 38,1121313,1671,DF
36,27,25.0,208,74,47.74,417,407,797,81.0,27,57.45,20,27,3,0,0,0,104,5,0,3,2,43,27,0,0,13,18,79,0,1,,,25,0,0.0,0,0,3,25,24,1,0,0,,77,56.62,0,0,0,187,28,25,0,17,1584,0,,0,1,0,0,0.0,0,0,0,0,333,7,0,6.99,0,0,0,0,0,0,0,0,0.0,0.0,0,2,2,1,0,10,62.5,0,39,29,74.36,24,81,16,108,104,56.83,155,638,454,984,188.8,4,1,1509,29,5,0,Jules Gaudin,Stade Malherbe Caen,1119498,1667,DF
51,33,29.73,285,32,39.51,564,524,1055,81.22,33,55.93,26,33,3,0,0,0,131,6,1,5,6,52,33,0,0,26,19,136,2,0,,,37,0,3.7,0,1,4,46,40,6,1,0,,135,55.1,0,0,2,244,35,35,1,33,2915,3,,0,0,0,1,0.0,0,0,0,1,454,6,0,6.99,0,0,0,0,0,0,0,0,2915.0,0.0,0,16,11,13,9,25,45.45,0,62,38,61.29,35,106,55,111,168,55.26,81,802,608,1299,230.7,27,0,2116,50,6,0,Ryad Hachem,Red Star FC,1168501,52874,MF
28,12,27.27,170,35,35.35,390,476,854,82.51,33,55.93,26,29,0,0,0,0,110,4,0,4,15,102,29,0,0,9,25,103,0,0,,,31,0,5.0,0,1,1,23,17,6,1,0,,76,49.67,0,0,0,181,22,19,0,28,2496,3,,0,0,0,0,0.0,0,0,0,0,297,4,0,6.99,0,1,0,0,0,0,0,0,2496.0,0.0,0,7,13,11,5,7,35.0,0,50,31,62.0,19,63,20,44,109,51.42,99,536,543,1035,202.7,20,1,1693,19,5,0,Houboulang Mendes,Troyes,845119,1652,DF
77,9,34.62,143,76,58.91,321,389,701,82.57,14,58.33,10,19,0,0,0,0,76,1,0,3,5,35,19,0,0,8,9,54,2,2,,,23,0,0.0,0,0,0,18,18,0,0,0,,51,53.68,0,0,0,148,23,9,0,16,1424,0,,1,1,0,0,0.0,0,0,0,0,207,5,0,6.99,0,0,0,0,0,0,0,0,0.0,0.0,2,3,17,14,3,8,66.67,0,38,21,55.26,8,116,12,26,65,54.62,129,441,434,849,132.8,20,0,1100,5,5,0,Iyad Mohamed,Pau FC,1131015,1685,MF
6,3,37.5,100,4,57.14,165,61,223,67.78,67,47.52,74,28,5,0,0,0,29,8,6,3,0,9,28,0,0,19,9,167,0,0,,,39,0,20.0,0,8,13,19,18,1,5,3,,41,30.6,1,0,0,106,3,23,2,17,1457,6,,0,0,0,0,0.0,0,0,0,1,229,9,0,6.99,0,5,0,0,0,0,0,0,182.13,0.0,0,32,8,16,21,16,34.04,0,13,9,69.23,23,7,47,8,108,39.27,7,258,79,329,195.7,40,2,602,12,0,0,Brighton Labeau,Guingamp,886289,1654,FW
31,1,8.33,243,46,74.19,451,325,775,87.67,5,22.73,17,29,1,0,0,0,96,0,2,10,3,11,27,0,0,28,11,87,0,0,,,16,1,13.16,0,5,6,17,14,3,3,2,,70,50.0,0,0,2,109,7,17,5,18,1683,3,,0,0,0,0,0.0,0,0,0,0,204,15,0,6.99,0,0,0,0,0,0,0,0,336.6,25.0,4,16,22,17,11,28,59.57,0,11,7,63.64,17,50,47,12,75,46.3,62,554,342,884,188.7,38,2,1174,31,2,0,Ablie Jallow,Metz,886534,1651,MF
51,44,30.56,232,59,47.58,458,435,849,80.4,15,48.39,16,31,5,0,0,0,158,8,0,3,7,77,31,0,0,16,14,103,0,2,,,18,0,8.33,0,2,7,44,39,5,1,1,,104,54.45,0,0,2,207,28,41,1,31,2619,3,,0,2,0,0,0.0,0,0,0,0,457,6,0,6.98,0,1,0,0,0,0,0,0,1309.5,0.0,0,10,14,14,7,46,52.87,0,27,19,70.37,39,110,87,144,119,53.6,124,713,487,1056,216.4,24,0,1845,31,4,0,Thérence Koudou,Pau FC,1392080,1685,DF
11,4,20.0,38,10,38.46,70,89,155,79.9,5,62.5,3,5,0,0,0,0,26,2,0,1,1,9,4,0,0,6,4,21,0,0,,,5,0,0.0,0,0,0,3,3,0,0,0,,10,35.71,0,0,0,39,5,5,0,3,323,0,,0,0,0,0,0.0,0,0,0,0,71,3,0,6.98,0,0,0,0,0,0,0,0,0.0,0.0,0,0,1,0,0,2,40.0,0,8,6,75.0,5,23,5,20,15,41.67,26,113,101,194,27.9,1,1,294,0,2,0,Stephen Quemper,Ajaccio,379586,1660,DF
115,3,15.0,265,123,62.76,626,773,1396,86.44,24,58.54,17,25,0,0,0,0,152,1,1,10,4,33,25,0,0,9,51,107,0,1,,,24,0,6.25,1,1,1,23,20,3,1,0,,86,48.86,0,0,1,219,27,15,1,21,1903,0,,0,0,0,1,0.0,0,0,0,0,283,4,0,6.97,1,0,0,0,0,0,0,0,1903.0,0.0,0,7,9,3,3,4,33.33,0,57,36,63.16,15,187,12,20,110,50.69,196,797,838,1615,174.3,16,0,1924,26,8,1,Johan Gastien,Clermont Foot,216222,1680,MF
26,1,33.33,64,30,31.91,204,412,615,84.71,22,61.11,14,13,0,0,0,0,56,2,2,0,1,79,13,0,0,1,5,39,0,0,,,16,0,20.0,8,1,1,22,22,0,1,0,,25,50.0,1,0,0,111,15,4,0,13,1170,2,,0,0,0,1,0.0,0,0,0,0,131,0,0,6.97,0,0,0,0,0,0,0,0,1170.0,0.0,0,5,0,4,1,3,50.0,0,12,7,58.33,4,73,6,3,47,54.65,94,281,448,726,90.6,5,1,915,12,2,0,Yoann Salmier,Clermont Foot,785518,1680,DF
4,0,0.0,58,3,75.0,95,34,129,69.35,49,51.58,46,17,1,0,0,0,15,1,5,4,1,19,16,0,0,20,4,92,0,0,,,22,0,18.75,0,6,7,12,11,1,6,0,,30,39.47,3,0,1,57,2,5,1,13,1127,7,,0,0,0,0,0.0,0,0,0,0,120,6,0,6.97,0,2,0,0,0,0,0,0,187.83,0.0,0,24,8,17,11,5,55.56,0,7,5,71.43,5,4,9,1,79,46.2,4,142,45,186,111.5,32,0,367,20,2,0,Idrissa Gueye,Metz,1536811,1651,FW
17,15,20.83,117,24,42.11,243,219,447,78.7,34,65.38,18,31,3,0,0,0,87,5,0,3,3,67,31,0,0,20,8,87,0,0,,,12,0,18.18,0,2,5,27,24,3,1,1,,100,59.17,0,0,0,121,18,18,1,19,1905,5,,0,0,0,0,0.0,0,0,0,0,305,5,0,6.97,0,1,0,0,0,0,0,0,952.5,0.0,0,4,7,4,4,32,51.61,0,42,31,73.81,18,36,62,72,134,60.63,57,373,267,568,216.0,11,0,1173,27,2,0,Shaquil Delos,Grenoble Foot 38,989888,1671,DF
64,4,50.0,149,96,45.28,433,989,1418,86.73,61,60.4,40,25,1,0,0,0,115,2,0,0,3,106,25,0,0,3,5,67,2,1,,,18,0,11.11,47,1,2,30,26,4,1,0,,48,64.0,0,0,0,217,21,3,0,25,2189,1,,0,0,0,0,0.0,0,0,0,0,240,0,0,6.96,1,1,0,0,0,0,0,0,2189.0,0.0,0,8,1,7,2,6,75.0,0,29,17,58.62,3,145,8,8,109,61.93,212,582,1061,1635,174.1,9,0,1909,13,1,1,Damien Da Silva,Clermont Foot,74083,1680,DF
32,6,18.18,151,33,38.37,356,385,735,86.57,14,60.87,9,20,0,0,0,0,79,2,0,1,1,27,19,0,0,3,1,32,0,0,,,14,0,0.0,0,0,0,13,11,2,0,0,,47,67.14,0,0,0,114,13,7,0,12,1106,1,,0,0,0,0,0.0,0,0,0,0,164,8,0,6.96,0,0,0,0,0,0,0,0,0.0,0.0,0,1,6,6,0,12,66.67,0,26,19,73.08,7,80,18,33,61,65.59,86,476,406,849,132.3,7,1,1122,10,2,0,Gedeon Kalulu,Lorient,991200,1656,DF
65,27,27.84,197,58,49.57,392,305,670,78.0,13,35.14,24,25,4,0,0,0,125,8,1,6,3,11,24,0,0,17,24,116,0,2,,,24,0,7.41,0,2,6,22,20,2,1,1,,74,44.58,0,0,0,189,11,35,0,22,1763,5,,0,0,0,0,0.0,0,0,0,0,346,5,0,6.96,0,2,0,0,0,0,0,0,881.5,0.0,2,9,18,14,7,25,47.17,0,32,19,59.38,35,122,53,97,87,42.86,117,619,337,859,167.1,27,0,1232,17,6,0,Mickaël Barreto,Ajaccio,143904,1660,MF
10,0,0.0,8,57,51.35,32,153,185,76.76,2,100.0,0,8,0,0,0,0,68,0,0,0,2,10,8,0,0,0,2,2,1,0,,,0,0,0.0,77,0,0,14,14,0,0,0,,2,50.0,0,6,0,56,0,0,0,8,720,0,,0,0,0,0,0.0,1,0,0,0,61,0,3,6.96,0,0,4,19,6,25,0,8,0.0,0.0,0,0,0,0,0,1,100.0,4,0,0,0.0,0,17,1,0,4,66.67,111,73,168,241,55.7,0,0,341,3,2,0,Yannis Clementia,Stade Malherbe Caen,910301,1667,GK
47,0,0.0,89,75,57.25,372,749,1121,89.39,49,59.76,33,22,0,0,0,0,103,0,2,1,7,78,21,0,0,3,11,82,0,2,,,33,0,11.11,2,1,1,26,22,4,1,0,,49,50.0,0,0,1,133,15,1,1,21,1891,1,,1,0,0,0,0.0,0,0,0,0,156,0,0,6.96,0,0,0,0,0,0,0,0,1891.0,0.0,0,9,0,6,2,7,70.0,0,26,19,73.08,1,83,10,0,98,54.44,131,470,784,1254,146.1,9,2,1497,16,6,0,Mamadou Diarra,Grenoble Foot 38,848055,1671,DF
13,2,13.33,133,9,52.94,241,177,416,71.97,46,45.54,55,32,4,0,0,1,42,4,14,16,7,17,32,0,1,31,6,136,0,0,,,31,0,13.43,0,9,13,43,36,7,9,0,,67,45.27,0,0,4,162,6,28,1,30,2611,25,,0,0,6,0,83.33,0,5,0,3,300,6,0,6.96,1,8,0,0,0,0,0,0,290.11,0.0,1,48,19,18,33,6,27.27,0,6,2,33.33,28,20,22,15,113,45.38,17,376,217,578,222.6,67,2,941,55,5,0,Louis Mafouta,Amiens SC,857002,1676,FW
28,11,21.57,139,34,44.16,316,317,622,79.03,14,45.16,17,22,0,0,0,0,121,1,0,1,6,35,22,0,0,8,17,74,0,2,,,16,0,5.88,0,1,1,21,17,4,1,0,,69,54.76,0,0,1,165,27,14,0,19,1606,1,,0,0,0,0,0.0,0,0,0,0,274,6,0,6.95,0,1,0,0,0,0,0,0,1606.0,0.0,0,9,8,12,4,13,41.94,0,45,30,66.67,14,52,31,51,83,52.87,77,457,381,787,153.0,17,0,1260,13,2,0,Fodé Doucouré,Red Star FC,1035695,52874,MF
68,0,0.0,14,143,44.41,61,817,878,82.29,1,100.0,0,19,0,0,0,0,204,0,0,0,7,30,19,0,0,2,2,4,2,2,,,1,0,0.0,54,0,0,23,20,3,0,0,,4,50.0,0,15,0,189,0,0,0,19,1710,0,,0,0,0,0,0.0,2,0,0,0,192,0,7,6.95,0,0,40,30,13,43,0,8,0.0,0.0,0,0,0,0,0,2,100.0,39,0,0,0.0,0,109,2,0,5,55.56,322,183,884,1067,132.1,0,0,1254,3,1,0,Adrián Ortolá,USL Dunkerque,110778,6918,GK
58,6,18.18,218,67,61.47,439,408,841,84.78,17,50.0,17,27,4,0,0,0,143,6,0,7,2,23,27,0,0,23,22,127,0,1,,,38,0,3.7,0,1,5,32,29,3,1,0,,106,49.07,0,0,0,151,28,21,1,26,2141,2,,0,0,0,0,0.0,0,0,0,0,273,19,0,6.95,1,0,0,0,0,0,0,0,2141.0,0.0,0,7,20,13,7,36,55.38,0,38,22,57.89,21,104,65,33,123,49.2,109,589,436,992,187.7,27,0,1407,34,5,1,Habib Keita,Clermont Foot,1082953,1680,MF
1,1,11.11,41,1,14.29,64,44,107,78.1,5,25.0,15,12,2,0,0,0,31,2,1,2,0,12,12,0,0,20,5,65,0,0,,,12,0,45.45,0,5,7,13,12,1,5,0,,39,43.82,0,0,0,30,4,8,1,7,674,8,,0,0,0,0,0.0,0,0,0,1,108,1,0,6.95,0,4,0,0,0,0,0,0,134.8,0.0,0,10,1,3,6,10,40.0,0,11,7,63.64,8,4,25,9,44,40.37,7,90,56,137,83.4,11,1,306,18,2,0,Malick Mbaye,Amiens SC,1463503,1676,MF
47,1,50.0,77,84,55.63,225,496,720,85.31,39,50.0,39,20,0,0,0,0,46,2,0,2,4,80,20,0,0,4,8,64,0,0,,,12,0,14.29,4,1,1,21,19,2,1,0,,38,60.32,1,0,0,124,16,6,0,17,1470,0,,0,0,0,0,0.0,0,0,0,0,143,0,0,6.95,0,0,0,0,0,0,0,0,1470.0,0.0,0,7,0,4,1,3,60.0,0,26,18,69.23,6,84,5,2,77,54.61,151,317,529,844,139.0,7,0,1057,9,4,0,Dominique Guidi,Bastia,940372,1655,
7,0,0.0,13,12,63.16,36,52,88,77.88,5,62.5,3,2,0,0,0,0,7,0,0,0,1,6,2,0,0,0,1,5,0,0,,,1,0,0.0,0,0,0,4,4,0,0,0,,4,66.67,0,0,0,25,3,0,0,2,180,0,,0,0,0,0,0.0,0,0,0,0,30,0,0,6.95,0,0,0,0,0,0,0,0,0.0,0.0,0,2,0,1,1,2,100.0,0,0,0,0.0,0,10,2,0,9,64.29,19,51,62,113,13.9,2,0,137,2,0,0,Gaby Jean,Annecy FC,1392819,210894,DF
1,0,0.0,14,2,66.67,20,11,31,68.89,12,70.59,5,4,0,0,0,0,2,0,2,0,0,3,4,0,0,3,1,14,0,0,,,5,0,0.0,0,0,0,3,2,1,0,0,,12,57.14,0,0,0,14,1,1,0,1,151,2,,0,0,0,0,0.0,0,0,0,0,24,0,0,6.95,0,0,0,0,0,0,0,0,0.0,0.0,0,5,0,2,3,3,100.0,0,1,1,100.0,1,2,3,1,24,63.16,3,30,16,45,27.8,5,0,80,8,1,0,Andy Carroll,Amiens SC,18998,1676,FW
22,11,22.45,201,23,56.1,333,202,524,75.18,16,43.24,21,33,4,0,0,1,102,5,11,25,2,15,33,0,0,47,19,188,0,0,,,35,0,10.53,0,8,12,25,19,6,7,1,,105,38.6,0,0,2,173,27,24,1,31,2569,16,,0,1,1,0,0.0,0,0,0,1,417,12,0,6.95,0,7,0,0,0,0,0,0,321.13,0.0,0,65,11,20,31,48,39.67,0,20,13,65.0,23,35,121,49,121,39.16,41,515,231,697,229.3,76,1,1290,38,3,0,Rafiki Saïd,Troyes,1047321,1652,MF
27,17,24.29,240,55,40.44,405,195,583,70.5,31,46.97,35,34,2,0,0,0,176,5,4,16,3,15,34,0,0,41,31,201,0,1,,,73,0,1.96,0,1,3,39,35,4,0,1,,187,52.97,0,0,0,244,44,25,0,29,2553,0,,0,0,0,0,0.0,0,0,0,0,449,21,0,6.95,0,1,0,0,0,0,0,0,2553.0,0.0,0,17,34,22,13,32,56.14,0,76,51,67.11,25,58,57,70,218,52.03,136,638,259,827,236.2,51,2,1479,84,6,0,Wilitty Younoussa,Rodez AF,1048100,6925,MF
25,2,10.53,154,42,60.0,315,283,596,81.53,20,43.48,26,28,1,0,0,0,108,5,3,10,2,23,28,0,0,25,15,98,0,0,,,14,0,7.14,0,3,4,27,22,5,3,0,,67,48.2,0,0,0,135,16,25,1,21,1916,4,,0,0,0,0,0.0,0,0,0,2,242,10,0,6.95,0,2,0,0,0,0,0,0,638.67,0.0,0,29,13,14,18,19,50.0,0,19,10,52.63,25,51,38,19,87,47.03,70,440,310,731,194.5,42,0,1056,30,3,0,Mouhamed Diop,Troyes,1141091,1652,MF
3,2,100.0,43,1,25.0,62,15,75,84.27,2,40.0,3,7,1,0,0,0,10,2,0,2,0,3,7,0,0,3,4,25,0,0,,,11,0,11.11,0,1,2,3,3,0,1,0,,17,43.59,0,0,0,14,2,5,0,3,352,0,,0,0,0,0,0.0,0,0,0,0,35,1,0,6.94,0,1,0,0,0,0,0,0,352.0,0.0,0,7,2,4,3,5,55.56,0,7,2,28.57,5,5,9,2,19,43.18,4,74,17,89,48.6,9,1,152,5,1,0,Abdoullah Ba,USL Dunkerque,1000139,6918,MF
34,2,25.0,86,49,38.89,252,388,638,82.32,27,50.0,27,15,0,0,0,0,66,1,0,1,6,67,15,0,0,2,13,70,0,1,,,28,0,0.0,0,0,0,19,19,0,0,0,,43,50.0,0,0,0,137,25,3,0,15,1342,0,,0,0,0,0,0.0,0,0,0,0,153,2,0,6.94,0,0,0,0,0,0,0,0,0.0,0.0,0,6,1,4,2,7,77.78,0,28,18,64.29,3,81,9,8,70,50.0,126,354,429,775,104.1,7,0,980,8,3,0,Théo Pellenard,Stade Lavallois,369546,1673,DF
11,1,7.69,50,18,38.3,132,195,326,83.59,21,72.41,8,8,0,0,0,0,22,0,0,0,1,10,8,0,0,1,2,20,0,0,,,9,0,0.0,0,0,0,6,5,1,0,0,,21,63.64,0,0,0,64,5,2,0,6,505,2,,0,0,0,0,0.0,0,0,0,0,88,1,0,6.94,0,0,0,0,0,0,0,0,0.0,0.0,0,3,2,5,0,6,66.67,0,8,7,87.5,2,22,9,13,42,67.74,47,189,214,390,55.5,5,0,510,9,1,0,Fali Candé,Metz,892430,1651,DF
18,49,29.88,121,28,30.11,271,226,448,76.58,22,44.9,27,27,4,0,0,0,57,7,0,3,3,80,27,0,0,10,27,110,0,0,,,32,0,0.0,0,0,4,32,26,6,0,0,,99,54.4,0,0,0,137,28,38,0,26,2261,2,,0,0,0,0,0.0,0,0,0,0,347,3,0,6.94,0,0,0,0,0,0,0,0,0.0,0.0,5,3,6,1,5,7,29.17,0,46,30,65.22,38,54,24,164,121,52.38,93,477,272,585,187.3,9,0,1317,48,8,0,Sébastien Corchia,Amiens SC,47549,1676,DF
24,5,9.26,301,11,45.83,500,211,706,83.25,8,33.33,16,34,2,0,0,0,110,4,3,7,0,6,34,0,0,24,23,140,2,1,,,18,0,13.51,0,5,7,38,34,4,3,2,,122,49.59,1,0,1,142,23,32,0,28,2445,4,,0,0,0,0,0.0,0,0,0,0,360,21,0,6.94,0,4,0,0,0,0,0,0,489.0,0.0,2,23,14,11,19,61,49.59,0,22,15,68.18,32,48,123,54,130,48.15,24,665,237,848,235.8,37,0,1342,39,5,0,Maïdine Douane,Clermont Foot,1172955,1680,MF
4,0,0.0,36,8,72.73,65,55,120,65.93,28,32.56,58,16,1,0,0,0,17,0,2,3,2,5,15,0,0,9,7,88,0,0,,,8,0,16.67,0,4,5,8,7,1,4,0,,30,50.0,1,0,1,62,2,7,0,7,745,3,,0,0,2,0,100.0,0,2,0,0,101,3,0,6.93,0,3,0,0,0,0,0,0,186.25,0.0,0,21,3,9,12,5,45.45,0,9,4,44.44,7,6,11,4,58,39.73,11,115,71,182,104.0,24,1,311,16,1,0,Renaud Ripart,Troyes,247445,1652,FW
7,2,11.11,40,8,32.0,64,74,136,77.71,2,33.33,4,3,0,0,0,0,17,1,0,1,0,1,3,0,0,3,0,15,0,0,,,6,0,0.0,0,0,0,4,4,0,0,0,,14,56.0,0,0,0,39,2,5,0,3,270,0,,0,0,0,0,0.0,0,0,0,0,70,0,0,6.93,0,0,0,0,0,0,0,0,0.0,0.0,0,1,2,2,0,1,25.0,0,7,7,100.0,5,20,4,18,16,51.61,25,106,87,175,20.8,3,0,264,7,1,0,Hugo Vandermersch,Stade Malherbe Caen,988250,1667,DF
8,3,12.5,42,8,25.0,109,133,239,80.47,4,26.67,11,9,0,0,0,0,33,0,0,1,3,28,9,0,0,1,9,40,0,0,,,14,0,0.0,0,0,0,7,7,0,0,0,,44,60.27,0,0,0,58,9,4,0,7,661,0,,0,0,0,0,0.0,0,0,0,0,113,3,0,6.93,0,0,0,0,0,0,0,0,0.0,0.0,0,2,1,1,1,3,33.33,0,27,17,62.96,4,19,9,24,48,54.55,32,166,155,297,62.4,3,0,517,14,0,0,Dylan Ourega,Guingamp,1970815,1654,DF
112,2,25.0,169,93,59.62,432,438,868,80.37,35,57.38,26,26,1,0,0,0,134,1,0,2,3,47,25,0,1,9,34,101,0,0,,,26,0,0.0,0,0,1,21,21,0,0,0,,83,52.53,0,0,0,212,21,8,0,22,1786,0,,0,0,0,0,0.0,0,0,0,0,256,7,0,6.93,1,0,0,0,0,0,0,0,0.0,0.0,0,8,1,5,2,7,53.85,0,49,31,63.27,8,172,13,8,118,53.88,156,575,513,1080,173.3,9,1,1361,27,3,0,Samir Belloumou,FC Martigues,1127416,1664,MF
36,12,14.63,136,46,59.74,226,117,331,75.92,11,44.0,14,25,1,0,0,0,36,5,1,4,1,7,23,0,0,10,2,38,0,0,,,5,0,11.76,0,2,3,8,7,1,2,0,,27,52.94,0,0,1,105,4,30,0,9,882,8,,0,0,1,0,100.0,0,1,0,0,207,5,0,6.93,0,2,0,0,0,0,0,0,441.0,0.0,2,9,8,8,5,5,41.67,0,13,9,69.23,30,68,12,82,38,50.0,77,385,133,436,159.4,17,0,630,9,5,0,Julien Maggiotti,Bastia,1168618,1655,MF
12,6,20.0,117,5,38.46,199,122,315,69.69,55,41.35,78,29,4,0,0,0,37,4,4,10,1,10,29,0,0,15,4,123,0,0,,,26,0,11.9,0,5,9,25,21,4,5,0,,40,47.06,0,0,2,137,10,16,1,17,1608,9,,1,0,2,0,100.0,0,2,0,0,221,10,0,6.93,0,4,0,0,0,0,0,0,321.6,0.0,2,28,14,13,19,8,61.54,0,18,10,55.56,16,20,13,30,95,43.58,13,333,149,452,200.9,42,0,698,14,4,0,Yacine Bammou,USL Dunkerque,581308,6918,FW
13,0,0.0,49,141,40.4,105,384,489,70.16,6,85.71,1,26,0,0,0,0,217,0,0,0,2,27,26,0,0,0,0,1,1,1,,,0,0,0.0,174,0,0,44,39,5,0,0,,6,100.0,0,12,0,208,1,2,0,26,2340,0,,0,0,0,0,0.0,4,0,0,0,212,0,9,6.93,0,0,7,48,30,81,0,15,0.0,0.0,0,0,0,0,0,0,0.0,7,0,0,0.0,2,33,0,0,12,92.31,349,286,411,697,180.1,0,2,953,5,0,0,Anthony Mandrea,Stade Malherbe Caen,360868,1667,GK
39,48,26.67,172,63,35.2,410,402,764,74.46,31,50.0,31,30,4,1,0,0,118,4,1,6,6,95,30,0,0,11,18,103,0,0,,,33,0,9.52,0,2,6,46,43,3,2,0,,73,50.34,0,0,0,262,30,38,2,29,2646,4,,0,1,2,1,50.0,0,1,0,0,505,3,0,6.93,0,0,0,0,0,0,0,0,1323.0,0.0,7,8,13,12,3,9,45.0,0,53,34,64.15,37,109,20,180,104,50.24,179,728,478,1026,207.8,21,1,1791,11,1,0,Ayoub Amraoui,FC Martigues,1129757,1664,DF
34,0,0.0,39,53,35.57,163,448,611,74.6,110,66.27,56,27,0,0,0,0,120,0,2,3,8,180,27,0,0,0,9,81,1,1,,,14,0,12.5,0,2,2,33,27,6,2,0,,45,64.29,2,0,0,208,24,2,0,25,2194,0,,0,0,0,0,0.0,0,0,0,0,231,1,0,6.93,0,0,0,0,0,0,0,0,1097.0,0.0,0,15,1,8,5,4,57.14,0,22,15,68.18,2,81,7,2,155,65.68,149,304,517,819,187.0,16,0,1187,20,7,0,Axel Drouhin,Annecy FC,1511918,210894,DF
72,17,22.97,244,83,46.37,441,611,1035,82.08,51,70.83,21,31,4,0,0,0,134,2,0,6,13,71,31,0,0,17,13,86,0,0,,,25,0,0.0,0,0,4,27,20,7,0,0,,65,50.0,0,0,1,226,25,22,0,28,2517,0,,0,0,0,1,0.0,0,0,0,0,388,7,0,6.93,1,0,0,0,0,0,0,0,0.0,0.0,3,3,13,8,2,12,52.17,0,30,24,80.0,22,130,23,74,116,57.43,179,652,683,1261,214.7,16,1,1880,23,6,1,Ismaël Boura,Troyes,1047364,1652,DF
15,0,0.0,118,40,71.43,283,350,633,86.48,19,55.88,15,20,1,0,0,0,91,0,0,1,4,25,20,0,0,18,21,84,0,1,,,20,0,0.0,0,0,1,23,20,3,0,0,,66,48.89,0,0,0,99,29,17,0,18,1578,0,,0,0,0,0,0.0,0,0,0,0,150,6,0,6.93,0,0,0,0,0,0,0,0,0.0,0.0,0,1,7,6,1,8,44.44,0,52,23,44.23,17,30,18,2,85,50.3,56,353,381,732,138.5,8,0,978,6,5,0,Owen Gene,Amiens SC,1154433,1676,MF
0,0,0.0,24,4,57.14,45,59,104,94.55,2,40.0,3,4,0,0,0,0,11,0,0,0,0,7,4,0,0,2,1,7,0,0,,,1,0,0.0,0,0,0,4,4,0,0,0,,10,71.43,0,0,0,6,1,1,0,3,261,0,,0,0,0,0,0.0,0,0,0,0,16,0,0,6.93,0,0,0,0,0,0,0,0,0.0,0.0,0,0,0,0,0,1,100.0,0,8,5,62.5,1,0,1,6,12,63.16,7,54,62,110,27.7,0,0,166,1,0,0,Ibrahim Coulibaly,Clermont Foot,1965514,1680,DF
6,0,0.0,9,12,38.71,32,72,104,72.73,9,81.82,2,7,0,0,0,0,11,0,0,0,1,29,5,0,0,3,7,17,0,0,,,5,0,0.0,0,0,0,8,6,2,0,0,,10,40.0,0,0,0,39,7,0,0,4,393,0,,0,0,0,0,0.0,0,0,0,0,45,1,0,6.92,0,0,0,0,0,0,0,0,0.0,0.0,0,0,0,0,0,0,0.0,0,9,4,44.44,0,17,0,0,19,52.78,31,59,84,143,34.6,0,0,212,1,2,0,Aurelien Pelon,Rodez AF,1486795,6925,DF
16,1,50.0,49,21,67.74,144,184,327,90.83,4,44.44,5,10,0,0,0,0,39,0,0,1,1,10,10,0,0,2,5,21,0,0,,,8,0,0.0,0,0,0,4,4,0,0,0,,31,65.96,0,0,0,33,5,1,0,7,629,0,,0,0,0,0,0.0,0,0,0,0,45,3,0,6.92,0,0,0,0,0,0,0,0,0.0,0.0,0,0,1,0,0,9,81.82,0,9,7,77.78,1,26,11,2,35,62.5,31,170,192,360,69.2,1,0,446,14,1,0,Alexandre Phliponeau,Troyes,941172,1652,MF
86,0,0.0,240,90,47.12,554,670,1224,81.33,55,56.12,43,34,0,0,0,0,234,1,0,4,16,54,34,0,0,15,30,129,0,0,,,32,0,4.17,0,1,1,43,34,9,0,1,,98,53.26,0,0,0,281,34,15,0,34,3060,0,,1,0,0,0,0.0,0,0,0,0,339,13,0,6.92,0,1,0,0,0,0,0,0,3060.0,0.0,1,3,21,14,6,18,64.29,0,67,42,62.69,15,146,28,7,153,54.26,191,763,749,1505,235.2,24,1,1885,13,6,0,Ahmed Kashi,Annecy FC,51446,210894,MF
37,0,0.0,37,72,48.0,171,813,984,85.79,77,65.25,41,29,0,0,0,0,86,0,0,0,11,197,29,0,0,2,16,92,0,0,,,36,0,0.0,0,0,0,27,27,0,0,0,,46,47.42,0,0,0,163,25,2,0,29,2610,0,,0,0,0,0,0.0,0,0,0,0,177,0,0,6.92,0,0,0,0,0,0,0,0,0.0,0.0,0,0,0,0,0,0,0.0,0,39,24,61.54,2,68,1,0,123,57.21,150,272,875,1147,200.6,0,1,1503,8,6,0,Yohan Tavares,Stade Lavallois,59766,1673,DF
32,9,13.04,203,36,56.25,344,275,610,75.87,6,33.33,12,24,0,0,0,0,103,3,3,11,1,17,24,0,0,25,29,141,0,1,,,21,0,10.53,0,4,4,31,27,4,3,1,,117,47.56,1,0,0,194,17,25,3,23,1845,1,,0,0,0,0,0.0,0,0,0,1,397,11,0,6.92,0,0,0,0,0,0,0,0,461.25,0.0,0,27,11,11,16,45,43.69,0,37,26,70.27,25,67,103,69,123,46.59,64,549,324,804,166.0,38,1,1280,35,0,0,Nordine Kandil,Amiens SC,1137670,1676,MF
11,0,0.0,14,16,39.02,52,96,148,79.14,11,55.0,9,6,0,0,0,0,24,0,0,0,3,31,6,0,0,1,1,19,0,0,,,8,0,0.0,0,0,0,3,3,0,0,0,,19,65.52,0,0,0,39,4,0,0,4,439,0,,0,0,0,0,0.0,0,0,0,0,45,0,0,6.92,0,0,0,0,0,0,0,0,0.0,0.0,0,0,0,0,0,1,50.0,0,13,9,69.23,0,22,2,0,30,61.22,41,82,105,187,41.5,0,1,259,5,1,0,William Bianda,Stade Lavallois,859035,1673,DF
34,0,0.0,151,43,59.72,313,488,801,86.04,29,49.15,30,27,0,0,0,0,82,1,3,1,2,51,27,0,0,10,22,93,0,0,,,28,0,7.69,0,1,1,26,23,3,1,0,,94,59.87,0,0,1,130,17,12,1,20,1684,1,,0,0,0,0,0.0,0,0,0,0,187,4,0,6.91,0,0,0,0,0,0,0,0,1684.0,0.0,0,10,3,7,5,16,76.19,0,57,36,63.16,12,64,21,11,123,56.94,72,407,535,931,186.7,13,1,1262,24,5,0,Yohann Magnin,Clermont Foot,942840,1680,MF
9,5,45.45,83,8,80.0,145,81,221,64.06,75,50.0,75,30,3,1,0,0,26,3,12,6,3,41,30,0,0,18,10,138,0,0,,,29,0,15.56,0,7,10,21,17,4,7,0,,42,40.0,3,0,1,124,6,15,2,19,1719,6,,0,0,1,0,0.0,0,0,0,0,209,7,0,6.91,0,2,0,0,0,0,0,0,245.57,0.0,0,42,3,16,23,15,62.5,0,18,13,72.22,15,16,24,11,117,45.88,10,245,111,345,207.4,45,1,624,10,8,0,Aliou Badji,Red Star FC,869845,52874,FW
28,23,28.4,126,25,49.02,246,99,322,68.66,11,28.95,27,23,1,0,0,0,66,3,3,4,2,5,23,0,1,29,11,99,0,1,,,16,1,22.22,0,6,7,27,25,2,5,1,,50,40.98,0,0,0,147,4,29,1,17,1435,9,,0,0,0,0,0.0,0,0,0,0,299,9,0,6.91,1,5,0,0,0,0,0,0,239.17,100.0,1,18,9,8,15,10,37.04,0,13,8,61.54,29,65,27,81,61,38.13,51,424,126,469,159.0,27,1,779,28,1,0,Karim Tlilli,FC Martigues,862030,1664,FW
5,1,100.0,7,12,33.33,31,157,187,82.74,19,51.35,18,9,1,0,0,0,32,1,0,0,1,71,9,0,0,1,2,29,0,0,,,7,0,0.0,0,0,1,11,8,3,0,0,,21,65.63,0,0,0,39,6,1,0,8,736,0,,0,0,0,0,0.0,0,0,0,0,48,0,0,6.91,0,0,0,0,0,0,0,0,0.0,0.0,0,3,0,3,0,3,60.0,0,14,10,71.43,1,17,5,1,40,57.97,36,49,178,226,62.2,3,0,360,4,1,0,Abdelhamid Ait Boudlal,Amiens SC,1597145,1676,DF
67,1,16.67,154,111,65.68,477,789,1265,88.4,56,52.34,51,29,1,0,0,0,137,2,0,3,3,77,28,0,0,11,11,132,2,2,,,55,0,0.0,0,0,1,41,36,5,0,0,,88,52.07,0,0,1,166,33,7,0,29,2375,0,,0,0,0,0,0.0,0,0,0,0,220,5,0,6.91,0,0,0,0,0,0,0,0,0.0,0.0,0,9,6,7,5,8,50.0,0,59,35,59.32,7,108,16,6,144,52.17,169,594,843,1431,193.5,15,0,1805,23,11,0,Didí Gaucho,Stade Malherbe Caen,1120387,1667,MF
2,1,16.67,95,5,55.56,144,69,212,79.1,16,41.03,23,26,8,0,0,0,24,6,10,8,0,6,26,0,0,13,2,70,1,0,,,22,0,6.98,0,3,11,13,10,3,3,0,,23,32.86,1,0,2,56,0,23,0,13,1240,5,,0,0,1,0,100.0,0,1,0,0,123,6,0,6.91,0,2,0,0,0,0,0,0,413.33,0.0,1,28,15,19,16,10,45.45,0,7,3,42.86,23,10,22,6,39,35.78,9,194,80,268,179.6,43,0,431,6,0,0,Aiyegun Tosin,Lorient,875548,1656,
24,33,20.12,244,57,37.5,410,194,571,71.38,13,50.0,13,32,7,0,0,0,110,7,1,6,1,41,32,0,0,11,17,79,0,1,,,30,0,4.0,0,1,8,40,35,5,1,0,,54,45.0,0,0,0,229,18,48,1,26,2248,11,,0,1,0,2,0.0,0,0,0,0,433,11,0,6.91,0,0,0,0,0,0,0,0,2248.0,0.0,0,12,13,12,7,11,52.38,0,28,19,67.86,47,66,21,164,67,45.89,152,735,229,800,221.0,25,0,1412,15,6,0,Akim Abdallah,Rodez AF,862001,6925,DF
42,0,0.0,75,232,33.24,169,401,570,54.29,11,91.67,1,34,0,0,0,0,357,0,0,0,16,61,34,0,0,0,1,2,3,2,,,0,0,0.0,253,0,0,43,34,9,0,0,,7,87.5,0,30,0,480,0,1,0,34,3060,0,,0,0,0,0,0.0,3,0,1,0,483,0,19,6.91,0,0,60,55,23,81,0,5,0.0,0.0,0,0,0,0,0,1,100.0,59,2,2,100.0,1,85,1,0,18,90.0,698,586,464,1050,234.8,0,0,1386,5,1,0,Florian Escales,Annecy FC,280427,210894,GK
48,1,12.5,136,60,38.96,315,448,762,80.38,69,61.06,44,24,2,0,0,0,71,2,0,2,3,100,24,0,0,5,15,90,0,0,,,29,0,0.0,0,0,2,39,33,6,0,0,,76,62.3,0,0,0,186,30,6,0,22,2007,1,,0,0,0,0,0.0,0,0,0,0,232,1,0,6.9,0,0,0,0,0,0,0,0,0.0,0.0,0,10,0,7,1,6,75.0,0,52,36,69.23,6,103,8,8,145,61.7,154,458,498,948,165.7,10,0,1315,19,4,0,Stone Muzalimoja Mambo,Rodez AF,984015,6925,
1,0,0.0,5,1,100.0,8,4,12,100.0,1,100.0,0,1,0,0,0,0,1,0,0,2,0,0,1,0,0,0,0,0,0,0,,,0,0,0.0,0,0,0,1,1,0,0,0,,0,0.0,0,0,0,0,0,0,0,0,10,0,,0,0,0,0,0.0,0,0,0,0,3,1,0,6.9,0,0,0,0,0,0,0,0,0.0,0.0,0,3,0,1,0,0,0.0,0,0,0,0.0,0,1,0,1,1,100.0,1,9,4,12,6.9,3,0,22,0,0,0,Sofiane Alakouch,Paris FC,838688,6070,DF
0,0,0.0,0,0,0.0,0,11,11,100.0,0,0.0,0,1,0,0,0,0,2,0,0,0,0,1,1,0,0,0,0,0,0,0,,,0,0,0.0,4,0,0,0,0,0,0,0,,0,0.0,0,0,0,0,0,0,0,0,45,0,,0,0,0,0,0.0,0,0,0,0,0,0,1,6.9,0,0,0,1,0,1,0,0,0.0,0.0,0,0,0,0,0,0,0.0,0,0,0,0.0,0,0,0,0,0,0.0,0,0,11,11,6.9,0,0,14,0,0,0,Rémy Riou,Paris FC,13906,6070,GK
0,0,0.0,0,0,0.0,0,0,0,0.0,0,0.0,1,1,0,0,0,0,0,0,0,0,0,5,1,0,0,0,0,1,0,0,,,0,0,0.0,0,0,0,0,0,0,0,0,,0,0.0,0,0,0,0,0,0,0,0,8,0,,0,0,0,0,0.0,0,0,0,0,1,0,0,6.9,0,0,0,0,0,0,0,0,0.0,0.0,0,0,0,0,0,0,0.0,0,0,0,0.0,0,0,0,0,0,0.0,0,0,0,0,6.9,0,0,7,0,0,0,Ange Badey,Stade Lavallois,1895778,1673,
2,1,25.0,16,2,33.33,35,31,65,85.53,1,25.0,3,3,0,0,0,0,7,1,0,0,0,7,3,0,0,1,1,10,0,0,,,3,0,0.0,0,0,0,1,1,0,0,0,,10,58.82,0,0,0,11,3,2,0,3,217,0,,0,0,0,0,0.0,0,0,0,0,30,2,0,6.9,1,0,0,0,0,0,0,0,0.0,0.0,0,0,0,0,0,2,40.0,0,5,4,80.0,2,3,5,4,11,52.38,6,44,36,76,20.7,0,0,148,3,0,1,Allan Linguet,USL Dunkerque,965216,6918,DF
1,0,0.0,6,2,40.0,10,25,35,87.5,1,16.67,5,3,0,0,0,0,3,0,0,0,1,6,1,0,0,0,0,7,0,0,,,2,0,0.0,0,0,0,1,1,0,0,0,,4,66.67,0,0,0,5,0,1,0,1,92,0,,0,0,0,0,0.0,0,0,0,0,6,0,0,6.9,0,0,0,0,0,0,0,0,0.0,0.0,0,1,0,1,0,0,0.0,0,2,1,50.0,1,3,0,0,5,41.67,5,14,26,40,6.9,1,0,57,2,0,0,Esteban Riou,Annecy FC,1963442,210894,DF
14,1,25.0,28,24,55.81,90,148,237,87.78,9,50.0,9,8,0,0,0,0,18,1,0,0,0,30,8,0,0,2,2,19,0,0,,,5,0,0.0,0,0,0,7,7,0,0,0,,12,54.55,0,0,0,33,2,4,0,6,457,0,,0,0,0,0,0.0,0,0,0,0,43,0,0,6.9,0,0,0,0,0,0,0,0,0.0,0.0,0,2,0,2,0,0,0.0,0,9,7,77.78,4,21,2,4,21,52.5,43,116,158,270,55.2,2,0,355,3,0,0,Emmanuel Ntim,Stade Malherbe Caen,796312,1667,DF
13,0,0.0,62,24,46.15,144,272,416,89.85,5,55.56,4,14,0,0,0,0,28,0,0,1,2,25,13,0,0,1,3,13,0,0,,,4,0,0.0,0,0,0,7,6,1,0,0,,24,72.73,0,0,0,47,5,1,0,6,601,0,,0,0,0,0,0.0,0,0,0,0,64,2,0,6.9,0,0,0,0,0,0,0,0,0.0,0.0,0,3,1,1,2,2,66.67,0,13,7,53.85,1,24,3,4,29,69.05,52,172,295,463,89.7,4,0,583,9,1,0,Aboubaka Soumahoro,Paris FC,1605225,6070,DF
64,0,0.0,54,218,36.33,141,502,643,62.49,9,100.0,0,34,0,0,0,0,272,0,0,0,12,28,34,1,0,0,1,1,1,1,,,0,0,0.0,196,0,0,37,31,6,0,0,,4,80.0,0,27,0,386,0,3,0,34,3060,0,,0,0,0,0,0.0,5,0,0,0,395,0,4,6.9,0,0,15,52,25,78,0,13,0.0,0.0,0,0,0,0,0,0,0.0,15,0,0,0.0,3,123,0,0,13,92.86,600,463,566,1029,234.6,0,2,1307,4,4,0,Johny Placide,Bastia,37224,1655,GK
4,1,9.09,153,4,66.67,231,126,356,85.37,3,17.65,14,21,0,0,0,0,38,1,1,4,1,13,21,0,0,10,16,54,0,0,,,6,0,15.38,0,2,2,12,11,1,2,0,,45,52.94,1,0,0,61,9,12,0,9,941,0,,0,0,0,0,0.0,0,0,0,0,111,6,0,6.9,0,1,0,0,0,0,0,0,470.5,0.0,0,12,1,4,5,7,46.67,0,28,21,75.0,12,8,15,11,48,47.06,6,291,137,417,144.8,13,2,594,10,1,0,Théo Le Bris,Guingamp,1131540,1654,MF
49,12,24.0,217,28,48.28,456,314,758,77.66,52,49.52,53,31,1,0,0,0,135,1,2,12,3,36,31,0,0,27,41,167,0,1,,,25,0,7.89,0,3,4,50,47,3,3,0,,133,53.85,1,0,0,218,21,17,0,30,2623,0,,0,0,0,0,0.0,0,0,0,0,354,7,0,6.89,0,2,0,0,0,0,0,0,874.33,0.0,0,21,17,13,13,31,57.41,0,61,39,63.93,17,84,54,50,185,52.56,58,651,375,976,213.6,38,0,1486,44,2,0,Milan Robin,FC Martigues,1168500,1664,MF
9,18,32.14,92,21,44.68,208,261,451,86.23,12,66.67,6,22,0,0,0,0,39,5,2,3,1,17,20,0,0,6,7,37,0,0,,,11,0,0.0,0,0,0,9,8,1,0,0,,35,53.03,0,0,0,72,5,24,0,10,971,0,,0,0,0,1,0.0,0,0,0,0,147,1,0,6.89,0,0,0,0,0,0,0,0,0.0,0.0,2,5,2,3,1,2,22.22,0,21,15,71.43,24,23,9,56,47,55.95,47,292,287,523,137.8,7,1,801,12,1,0,Tuomas Ollila,Paris FC,930813,6070,DF
22,5,10.2,172,21,60.0,258,152,405,72.97,36,47.37,40,28,1,0,0,0,71,2,5,11,1,15,28,0,0,23,10,135,0,0,,,42,0,14.29,0,5,6,18,18,0,4,1,,60,38.71,1,0,1,150,6,15,0,21,1747,11,,0,0,1,0,100.0,0,1,0,1,298,11,0,6.89,0,4,0,0,0,0,0,0,349.4,0.0,0,27,8,10,14,21,48.84,0,17,10,58.82,15,38,43,49,96,41.56,35,430,174,555,192.9,35,2,860,23,5,0,Mamadou Camara,Stade Lavallois,1035698,1673,MF
56,13,26.0,175,53,39.85,407,587,981,82.3,25,46.3,29,28,2,0,0,0,130,3,0,8,5,56,28,0,0,20,15,100,1,1,,,26,0,0.0,0,0,2,36,31,5,0,0,,101,58.72,0,0,2,211,22,13,0,25,2300,1,,0,0,0,0,0.0,0,0,0,0,347,6,0,6.89,0,0,0,0,0,0,0,0,0.0,0.0,0,5,8,4,1,16,57.14,0,51,35,68.63,13,110,28,50,126,55.75,133,569,673,1192,192.9,13,1,1814,34,3,0,Dylan Durivaux,Red Star FC,1397560,52874,DF
31,0,0.0,15,82,38.68,47,415,462,77.52,2,100.0,0,17,0,0,0,0,136,0,0,0,3,13,17,0,0,0,0,0,1,2,,,0,0,0.0,85,0,0,19,17,2,0,0,,4,100.0,0,13,0,134,0,0,0,17,1463,0,,0,0,0,0,0.0,3,0,1,0,136,0,3,6.89,0,0,13,32,17,49,0,8,0.0,0.0,0,1,0,1,0,2,100.0,12,0,0,0.0,0,65,2,0,6,100.0,212,152,444,596,117.1,1,0,767,2,0,0,Arnaud Bodart,Metz,878898,1651,GK
9,11,17.74,77,8,53.33,157,70,216,71.52,11,47.83,12,22,0,0,0,0,50,6,3,3,0,4,22,0,0,16,15,82,0,0,,,18,0,17.39,0,4,4,13,12,1,4,0,,52,42.62,0,0,0,86,11,17,1,15,1205,7,,0,0,0,0,0.0,0,0,0,0,217,5,0,6.89,0,3,0,0,0,0,0,0,301.25,0.0,0,20,3,9,11,14,38.89,0,25,16,64.0,17,18,36,62,63,43.45,15,278,86,302,151.5,23,0,605,13,3,0,Panos Katseris,Lorient,1402217,1656,MF
2,0,0.0,55,1,50.0,106,70,176,73.03,27,45.0,33,25,1,0,0,0,50,1,3,4,0,6,24,0,0,20,8,89,0,0,,,20,0,23.08,0,6,7,26,22,4,6,0,,45,44.55,1,0,1,65,5,8,1,16,1366,14,,0,0,0,0,0.0,0,0,0,0,139,13,0,6.88,0,4,0,0,0,0,0,0,227.67,0.0,0,22,4,10,12,13,59.09,0,6,3,50.0,8,4,22,2,72,44.72,2,158,85,241,165.2,26,0,441,28,0,0,Aboubakary Kanté,Ajaccio,801296,1660,FW
45,1,7.69,124,53,53.54,267,308,574,81.65,19,46.34,22,28,3,0,0,0,82,5,0,3,1,35,26,0,0,4,14,62,0,0,,,20,0,15.38,0,2,5,18,18,0,2,0,,52,56.52,0,0,0,129,21,13,1,17,1505,0,,0,0,0,0,0.0,0,0,0,0,165,5,0,6.88,0,1,0,0,0,0,0,0,752.5,0.0,0,8,5,4,6,3,37.5,0,23,14,60.87,13,77,8,13,71,53.38,99,371,345,703,178.9,13,1,907,27,6,0,Jimmy Roye,Stade Lavallois,141081,1673,MF
45,7,17.95,130,68,51.91,274,336,603,80.61,10,34.48,19,28,2,0,0,0,106,2,0,3,5,49,28,0,0,12,12,78,0,0,,,19,0,9.09,0,1,3,23,19,4,1,0,,65,52.42,0,0,0,145,29,12,0,17,1718,1,,0,0,0,1,0.0,0,0,0,1,249,2,0,6.88,0,1,0,0,0,0,0,0,1718.0,0.0,0,5,6,4,4,12,42.86,0,34,23,67.65,12,77,28,39,75,49.02,131,393,394,748,192.6,11,1,1193,21,2,0,Tony Strata,Ajaccio,1488511,1660,DF
15,8,18.6,131,19,22.62,253,253,498,75.91,21,50.0,21,23,2,0,0,0,121,4,2,2,5,49,23,0,1,15,12,100,0,0,,,25,0,0.0,0,0,2,31,27,4,0,0,,128,61.84,0,0,0,158,24,19,0,23,2041,2,,0,1,0,0,0.0,0,0,0,1,319,15,0,6.88,2,0,0,0,0,0,0,0,0.0,0.0,0,3,4,3,2,41,55.41,0,37,20,54.05,18,38,74,43,149,59.84,84,399,300,656,158.2,7,0,1244,51,2,1,Arsène Kouassi,Ajaccio,1855502,1660,DF
45,1,50.0,173,58,54.21,347,314,660,82.29,39,53.42,34,32,0,0,0,0,92,1,2,6,4,40,31,0,0,8,18,92,1,1,,,32,0,14.29,0,3,3,19,19,0,2,1,,77,57.04,1,0,2,142,19,6,0,16,1652,0,,0,0,0,0,0.0,0,0,0,0,178,6,0,6.88,0,2,0,0,0,0,0,0,550.67,0.0,1,12,9,8,7,9,75.0,0,42,25,59.52,6,77,12,2,116,55.77,107,456,348,802,213.2,21,0,1053,27,6,0,Titouan Thomas,Stade Lavallois,966620,1673,MF
7,2,14.29,79,6,37.5,120,45,163,75.46,15,41.67,21,22,1,0,0,0,36,2,3,6,0,6,20,0,0,9,3,61,0,0,,,13,0,21.74,0,5,6,9,9,0,5,0,,38,48.72,1,0,3,53,5,12,2,7,737,6,,0,1,0,0,0.0,0,0,0,1,116,6,0,6.88,0,2,0,0,0,0,0,0,147.4,0.0,0,18,5,7,10,9,36.0,0,9,6,66.67,11,17,25,14,53,46.49,16,178,52,216,137.5,23,0,388,21,1,0,Felix Tomi,Bastia,966866,1655,MF
11,0,0.0,29,42,51.85,127,401,528,86.27,37,52.11,34,16,1,0,0,0,53,1,2,2,3,56,15,0,0,0,14,71,0,0,,,29,0,0.0,13,0,1,17,14,3,0,0,,42,53.16,0,0,0,84,12,3,0,12,1077,0,,1,0,0,0,0.0,0,0,0,0,96,1,0,6.87,0,0,0,0,0,0,0,0,0.0,0.0,0,8,3,7,2,3,100.0,0,24,18,75.0,3,26,3,0,79,52.67,81,178,434,612,103.1,11,0,802,16,4,0,Juan Guevara,Bastia,1175008,1655,DF
92,2,50.0,111,116,55.77,333,786,1117,86.72,51,61.45,32,28,2,0,0,0,94,1,2,4,5,128,28,0,0,0,10,62,0,0,,,22,0,9.09,47,1,3,35,30,5,1,0,,40,57.14,1,0,0,171,22,7,0,25,2237,1,,0,0,0,3,0.0,0,0,0,0,185,3,0,6.87,0,0,0,0,0,0,0,0,2237.0,0.0,0,9,2,5,2,5,100.0,0,30,19,63.33,7,157,5,4,91,59.48,208,460,832,1288,192.4,11,2,1564,7,8,0,Jean Ruiz,Pau FC,802139,1685,DF
57,5,15.63,229,55,49.11,466,441,902,82.07,32,41.03,46,30,2,0,0,0,104,2,1,1,3,89,30,0,0,6,32,138,0,1,,,48,0,20.0,0,1,3,41,36,5,1,0,,102,52.58,0,0,0,197,39,12,0,29,2488,0,,0,0,0,1,0.0,0,0,0,1,289,9,0,6.87,0,1,0,0,0,0,0,0,2488.0,0.0,0,4,1,2,2,12,54.55,0,67,44,65.67,12,106,22,32,134,49.26,112,633,498,1099,206.1,5,1,1699,24,8,0,Gaëtan Paquiez,Grenoble Foot 38,343955,1671,DF
6,4,33.33,105,8,53.33,217,155,368,81.96,16,39.02,25,23,2,0,0,0,65,6,2,5,1,11,22,0,0,14,14,80,0,0,,,18,0,9.09,0,1,3,10,8,2,1,0,,40,42.11,0,0,0,81,10,20,0,11,1034,2,,0,0,0,0,0.0,0,0,0,0,140,7,0,6.87,0,1,0,0,0,0,0,0,1034.0,0.0,0,8,3,3,3,9,42.86,0,20,11,55.0,20,15,21,12,56,41.18,15,286,175,449,151.1,11,1,634,11,1,0,Martin Adeline,Troyes,1158529,1652,MF
10,4,12.9,111,7,50.0,196,121,313,80.46,3,42.86,4,28,2,0,0,0,46,2,2,8,0,6,28,0,0,11,8,53,0,0,,,10,0,12.5,0,3,5,9,9,0,3,0,,53,51.96,0,0,1,76,11,14,1,7,826,0,,0,0,0,0,0.0,0,0,0,1,167,4,0,6.86,0,2,0,0,0,0,0,0,275.33,0.0,0,20,4,6,10,16,42.11,0,14,8,57.14,14,24,38,31,56,51.38,14,280,140,389,192.2,24,0,615,23,3,0,Morgan Bokele Mputu,Metz,1394735,1651,MF
51,0,0.0,81,61,46.21,295,790,1085,89.89,45,60.0,30,25,1,0,0,0,84,1,2,1,3,127,25,0,0,3,11,59,1,0,,,14,0,0.0,1,0,1,44,39,5,0,0,,47,61.84,0,0,1,122,21,2,0,23,2083,0,,0,0,0,2,0.0,0,0,0,0,137,0,0,6.86,0,0,0,0,0,0,0,0,0.0,0.0,0,2,0,1,0,3,75.0,0,29,23,79.31,2,79,4,0,92,60.93,132,378,829,1207,171.6,2,1,1488,15,3,0,Brahim Traoré,Stade Malherbe Caen,1112794,1667,DF
30,3,30.0,128,53,50.96,326,513,836,84.44,28,40.0,42,29,1,0,0,0,171,1,0,11,10,38,28,0,0,18,13,122,0,1,,,44,0,0.0,0,0,1,22,16,6,0,0,,95,54.29,0,0,1,154,38,13,0,24,2099,0,,0,0,0,1,0.0,0,0,0,0,217,7,0,6.86,1,0,0,0,0,0,0,0,0.0,0.0,0,3,26,13,5,18,62.07,0,54,30,55.56,13,63,29,10,123,50.2,104,432,568,990,192.1,29,1,1338,25,5,1,Abdoulaye Kanté,Troyes,1512625,1652,MF
104,0,0.0,11,150,40.65,70,841,911,79.63,4,80.0,1,33,0,0,0,0,223,0,0,0,13,17,33,0,0,0,1,2,2,2,,,0,0,0.0,119,0,0,29,25,4,0,0,,4,80.0,0,21,0,233,0,0,0,33,2970,0,,0,0,0,0,0.0,2,0,0,0,234,0,5,6.86,0,0,7,37,28,65,0,11,0.0,0.0,0,0,0,0,0,0,0.0,6,1,0,0.0,0,153,0,0,8,80.0,369,238,906,1144,226.3,0,0,1395,3,0,0,Yvon Mvogo,Lorient,149656,1656,GK
16,0,0.0,19,71,34.8,48,432,480,77.42,5,100.0,0,14,0,0,0,0,113,0,0,0,4,10,14,0,0,0,0,0,0,0,,,0,0,0.0,80,0,0,16,12,4,0,0,,4,100.0,0,5,0,140,0,0,0,14,1260,0,,0,0,0,0,0.0,2,0,1,0,142,0,4,6.86,0,0,9,24,5,30,0,7,0.0,0.0,0,0,0,0,0,0,0.0,9,0,0,0.0,0,29,0,0,9,100.0,204,158,462,620,96.0,0,1,739,5,0,0,Ewen Jaouen,USL Dunkerque,1154665,6918,GK
17,23,33.33,167,6,31.58,294,100,371,69.61,35,37.23,59,32,4,0,0,0,86,4,2,13,1,15,30,0,0,18,8,138,0,0,,,22,1,5.56,0,2,6,33,30,3,1,1,,79,50.0,1,0,0,162,15,28,0,18,1676,3,,0,0,0,0,0.0,0,0,0,0,329,10,0,6.86,0,1,0,0,0,0,0,0,838.0,25.0,4,19,17,13,10,19,35.85,0,24,15,62.5,28,30,53,69,114,45.24,19,474,128,533,205.7,36,1,934,37,2,0,Alain Ipiele,FC Martigues,1397864,1664,MF
5,3,23.08,88,6,100.0,143,54,194,85.46,3,30.0,7,20,2,0,0,1,32,3,2,5,0,0,18,0,0,9,5,47,0,0,,,11,0,0.0,0,0,2,7,7,0,0,0,,48,54.55,0,0,1,33,2,13,0,3,447,3,,0,0,1,0,0.0,0,0,0,0,91,1,0,6.86,0,0,0,0,0,0,0,0,0.0,0.0,0,12,4,6,5,17,51.52,0,11,6,54.55,13,5,33,13,51,52.04,6,180,60,227,123.4,16,1,384,20,3,0,Severin Sabri Guendouz,Guingamp,1515600,1654,MF
15,0,0.0,47,18,43.9,114,179,293,83.24,4,50.0,4,9,0,0,0,0,26,0,0,4,1,32,9,0,0,1,4,21,0,1,,,8,0,0.0,0,0,0,10,10,0,0,0,,21,55.26,0,0,0,59,8,3,0,9,775,0,,0,0,0,0,0.0,0,0,0,0,72,1,0,6.86,0,0,0,0,0,0,0,0,0.0,0.0,0,1,8,3,2,4,50.0,0,11,9,81.82,3,32,8,0,25,54.35,41,156,196,352,61.7,9,0,461,6,2,0,Thomas Monconduit,Amiens SC,150865,1676,MF
27,0,0.0,13,188,42.53,86,426,512,66.24,8,88.89,1,33,0,0,0,0,210,0,0,0,9,23,33,0,0,0,1,2,3,0,,,0,0,0.0,324,0,0,49,42,7,0,0,,9,90.0,0,17,0,261,0,0,0,33,2970,0,,0,0,0,0,0.0,6,0,0,0,267,0,8,6.85,0,0,4,61,29,92,0,17,0.0,0.0,0,0,0,0,0,2,100.0,4,0,0,0.0,0,51,2,0,17,89.47,442,255,518,773,226.2,0,1,1021,8,1,0,Régis Gurtner,Amiens SC,14841,1676,GK
53,1,25.0,150,76,61.79,368,459,826,85.33,28,52.83,25,24,1,0,0,0,117,1,1,2,3,16,24,0,1,14,21,103,1,0,,,38,0,0.0,0,0,1,19,14,5,0,0,,99,55.93,0,0,0,142,28,10,0,20,1607,1,,0,0,0,0,0.0,0,0,0,0,194,6,0,6.85,2,0,0,0,0,0,0,0,0.0,0.0,0,2,9,5,4,10,58.82,0,73,55,75.34,10,97,17,4,127,55.22,123,476,496,968,164.5,11,0,1239,16,5,1,Jocelyn Janneh,Bastia,1216031,1655,MF
16,1,25.0,118,8,42.11,197,88,284,60.43,74,43.27,97,32,3,0,0,1,32,6,11,6,4,11,32,0,0,7,12,155,0,0,,,33,0,14.29,0,5,8,24,18,6,5,0,,41,41.41,1,0,0,186,5,27,0,20,1899,18,,0,0,3,0,66.67,0,2,0,0,263,8,0,6.85,0,4,0,0,0,0,0,0,379.8,0.0,0,30,5,10,19,4,23.53,0,19,15,78.95,27,27,17,4,115,42.59,19,361,113,470,219.3,35,1,700,19,6,0,Gaëtan Courtet,USL Dunkerque,146631,6918,FW
6,3,30.0,41,4,57.14,74,37,108,78.83,2,25.0,6,13,1,0,0,0,15,2,0,1,0,3,12,0,0,4,3,26,0,0,,,7,0,22.22,0,2,3,10,9,1,1,1,,15,42.86,0,0,0,29,3,6,0,4,454,2,,0,0,0,0,0.0,0,0,0,0,65,3,0,6.85,0,2,0,0,0,0,0,0,227.0,0.0,0,6,3,5,3,8,53.33,0,5,2,40.0,6,10,15,10,17,39.53,7,108,39,137,82.2,9,0,226,2,0,0,Ilyes Najim,Stade Malherbe Caen,1112797,1667,MF
47,1,8.33,156,56,57.73,297,294,590,82.52,22,45.83,26,26,0,0,0,0,94,1,0,9,2,28,26,0,1,22,21,109,0,1,,,26,0,4.88,0,2,2,24,19,5,1,1,,85,50.6,0,0,0,125,16,14,0,16,1499,0,,0,0,0,0,0.0,0,0,0,0,212,7,0,6.85,1,2,0,0,0,0,0,0,749.5,0.0,2,14,27,25,7,14,45.16,0,35,24,68.57,14,77,31,12,107,49.54,97,391,336,715,178.1,41,0,1038,36,2,0,Oumar Ngom,Pau FC,1175854,1685,MF
4,0,0.0,18,9,56.25,43,49,92,88.46,8,88.89,1,4,0,0,0,0,5,0,0,0,0,10,4,0,0,1,3,9,0,0,,,4,0,0.0,0,0,0,3,3,0,0,0,,10,55.56,0,0,0,12,3,0,0,1,183,0,,0,0,0,0,0.0,0,0,0,0,13,0,0,6.85,0,0,0,0,0,0,0,0,0.0,0.0,0,4,0,4,0,0,0.0,0,8,7,87.5,0,7,0,0,18,66.67,16,51,53,104,27.4,4,0,138,2,0,0,Albin Demouchy,Guingamp,1133564,1654,DF
20,0,0.0,14,82,41.62,49,169,218,65.07,1,100.0,0,12,0,0,0,0,105,0,0,0,1,24,12,0,0,0,2,2,1,0,,,0,0,0.0,119,0,0,25,23,2,0,0,,4,66.67,0,11,0,117,0,0,0,11,1027,0,,0,0,0,0,0.0,2,0,0,0,117,0,4,6.85,0,0,12,26,11,40,0,8,0.0,0.0,0,0,0,0,0,2,100.0,12,1,0,0.0,0,33,2,0,5,71.43,197,135,200,335,82.2,0,0,472,1,1,0,Jeremy Aymes,FC Martigues,830454,1664,GK
21,0,0.0,91,34,31.19,222,292,514,79.08,28,46.67,32,18,0,0,0,0,71,1,0,1,3,69,18,0,0,5,16,82,0,0,,,24,0,0.0,0,0,0,22,19,3,0,0,,91,64.54,0,0,0,136,19,3,0,16,1488,0,,1,0,0,1,0.0,0,0,0,0,218,1,0,6.85,0,0,0,0,0,0,0,0,0.0,0.0,0,3,2,4,0,4,40.0,0,63,45,71.43,3,57,10,8,119,59.2,109,326,332,650,123.3,5,1,1015,25,5,0,Ahmad Toure Ngouyamsa,Rodez AF,1005171,6925,DF
21,4,22.22,103,35,59.32,206,255,457,83.55,16,37.21,27,15,2,0,0,0,68,4,1,7,0,21,15,0,0,11,5,62,0,0,,,10,0,0.0,0,0,2,22,18,4,0,0,,35,50.0,0,0,1,90,14,11,0,14,1239,2,,0,1,0,1,0.0,0,0,0,0,153,6,0,6.85,0,0,0,0,0,0,0,0,0.0,0.0,0,9,3,4,1,17,62.96,0,14,7,50.0,10,37,27,18,51,45.13,59,280,285,547,102.7,12,0,754,5,0,0,Victor Lobry,Amiens SC,945941,1676,MF
21,0,0.0,37,33,48.53,148,607,755,92.52,17,40.48,25,16,0,0,0,0,44,2,0,0,6,59,15,0,0,0,5,37,0,1,,,7,0,0.0,14,0,0,12,12,0,0,0,,22,64.71,0,0,0,61,9,2,0,12,1055,0,,0,0,0,2,0.0,0,0,0,0,68,0,0,6.85,0,0,0,0,0,0,0,0,0.0,0.0,0,4,0,1,3,2,66.67,0,14,9,64.29,2,33,3,0,39,51.32,68,186,630,816,102.7,4,0,948,6,4,0,Aboubacar Lô,Metz,991692,1651,DF
3,1,20.0,54,6,37.5,86,43,128,63.05,29,37.66,48,29,1,0,0,0,29,2,15,12,0,8,28,0,0,7,6,87,0,0,,,24,0,16.67,0,10,11,23,20,3,10,0,,21,35.0,5,0,5,75,4,10,5,14,1203,10,,0,0,0,0,0.0,0,0,0,0,126,8,0,6.85,0,0,0,0,0,0,0,0,120.3,0.0,1,51,9,22,26,3,30.0,0,8,6,75.0,10,9,10,5,50,36.5,16,157,51,203,191.7,60,3,385,11,5,0,Tawfik Bentayeb,Rodez AF,1103080,6925,FW
39,15,23.08,183,40,59.7,396,347,728,86.05,28,46.67,32,26,0,0,0,0,57,2,0,5,1,17,26,0,0,7,6,69,0,1,,,18,0,6.67,0,1,1,27,27,0,0,1,,56,60.22,0,0,1,118,11,18,1,15,1343,5,,0,0,0,0,0.0,0,0,0,0,206,5,0,6.85,0,0,0,0,0,0,0,0,1343.0,0.0,1,9,6,6,4,10,58.82,0,30,19,63.33,18,64,17,65,84,54.9,67,532,379,846,178.0,15,0,1079,16,4,0,Lorenzo Rajot,Stade Malherbe Caen,881906,1667,MF
20,13,18.57,190,48,51.61,397,596,980,85.81,13,34.21,25,30,2,0,0,0,81,2,0,1,7,53,29,0,0,14,11,92,0,0,,,34,0,0.0,0,0,2,28,23,5,0,0,,96,58.9,0,0,0,162,26,12,0,27,2357,1,,0,0,0,0,0.0,0,0,0,0,347,5,0,6.84,0,0,0,0,0,0,0,0,0.0,0.0,0,0,4,3,0,14,56.0,0,22,14,63.64,12,35,25,70,109,54.23,93,569,643,1142,198.5,4,0,1741,60,7,0,Felipe Abner,USL Dunkerque,330061,6918,
8,7,28.0,40,7,30.43,74,73,140,76.09,7,50.0,7,14,3,0,0,0,16,7,0,2,0,16,14,0,0,3,3,29,1,0,,,6,0,40.0,0,2,5,9,8,1,2,0,,20,47.62,0,0,0,44,4,11,0,4,544,1,,0,0,0,0,0.0,0,0,0,0,89,0,0,6.84,0,2,0,0,0,0,0,0,272.0,0.0,0,3,2,0,3,5,33.33,0,12,7,58.33,11,19,15,25,27,48.21,23,121,88,184,95.8,5,0,346,3,3,0,Kevin Van Den Kerkhof,Metz,1130602,1651,DF
3,0,0.0,28,7,31.82,40,26,66,67.35,6,54.55,5,6,0,0,0,0,8,1,1,0,0,6,5,0,0,0,4,11,0,0,,,3,0,0.0,0,0,0,4,4,0,0,0,,6,50.0,0,0,0,32,4,2,0,2,200,0,,0,0,0,0,0.0,0,0,0,0,41,1,0,6.84,0,0,0,0,0,0,0,0,0.0,0.0,0,2,1,2,1,0,0.0,0,4,2,50.0,2,8,0,6,12,52.17,22,72,32,98,34.2,3,0,141,2,2,0,Joris Chougrani,Rodez AF,386652,6925,DF
35,11,15.94,176,58,40.0,391,558,938,78.82,14,50.0,14,33,0,0,0,0,170,5,0,14,9,58,33,0,0,30,33,130,1,3,,,25,0,0.0,0,0,0,49,43,6,0,0,,161,58.12,0,0,0,252,34,22,0,33,2899,4,,0,0,0,2,0.0,0,0,0,0,456,10,0,6.84,0,0,0,0,0,0,0,0,0.0,0.0,0,8,17,7,4,35,54.69,0,93,59,63.44,22,100,64,69,175,57.38,145,603,656,1190,225.7,25,2,2028,34,4,0,Rémy Vita,Amiens SC,1035696,1676,DF
12,8,15.69,135,15,57.69,208,78,278,75.75,6,28.57,15,29,0,0,0,0,92,2,3,9,1,6,28,0,0,15,23,126,0,0,,,41,0,8.57,0,3,3,16,14,2,3,0,,112,50.22,0,0,1,89,8,11,3,19,1553,9,,0,1,0,0,0.0,0,0,0,1,234,15,0,6.84,0,0,0,0,0,0,0,0,517.67,0.0,0,20,15,12,14,25,40.32,0,46,26,56.52,10,22,62,51,118,48.36,26,328,90,367,191.5,35,0,743,41,3,0,Gessime Yassine,USL Dunkerque,1638338,6918,MF
2,1,50.0,37,0,0.0,53,12,64,54.7,48,62.34,29,18,0,0,0,0,5,1,1,8,0,6,18,0,1,8,3,54,0,0,,,13,0,8.7,0,2,2,5,4,1,2,0,,13,34.21,0,0,0,53,2,8,0,4,488,6,,0,0,0,0,0.0,0,0,0,0,78,1,0,6.84,1,2,0,0,0,0,0,0,244.0,0.0,0,21,2,10,5,4,66.67,0,2,1,50.0,8,4,6,2,61,53.04,1,101,18,117,123.1,23,0,204,7,2,0,Kalifa Coulibaly,Stade Malherbe Caen,159701,1667,FW
42,1,50.0,76,78,36.97,195,715,909,80.66,60,60.61,39,30,0,0,0,0,75,2,1,5,4,133,30,0,0,1,6,70,0,1,,,24,0,14.29,20,3,3,39,35,4,3,0,,44,58.67,2,0,0,218,23,6,0,30,2622,1,,0,0,0,1,0.0,0,0,0,1,255,0,0,6.84,0,1,0,0,0,0,0,0,874.0,0.0,0,17,4,11,5,7,77.78,0,29,19,65.52,6,108,9,2,104,59.77,211,351,778,1127,205.1,21,0,1465,8,4,0,Axel Bamba,Ajaccio,907009,1660,DF
7,0,0.0,93,14,56.0,179,115,294,71.36,40,51.95,37,15,2,0,0,0,48,2,3,5,3,9,15,0,0,25,12,110,0,0,,,18,0,11.11,0,2,4,17,13,4,2,0,,56,43.41,0,0,0,118,13,14,0,13,1125,4,,0,0,0,0,0.0,0,0,0,0,226,9,0,6.83,0,2,0,0,0,0,0,0,562.5,0.0,0,14,4,7,6,16,43.24,0,16,10,62.5,14,16,37,14,96,46.6,25,292,134,412,102.5,18,1,672,25,2,0,Lenny Joseph,Grenoble Foot 38,1010126,1671,MF
50,2,100.0,68,93,40.61,309,772,1079,83.38,50,61.73,31,33,1,0,0,0,98,1,1,2,7,176,33,0,0,5,8,62,0,0,,,23,0,0.0,0,0,1,46,44,2,0,0,,48,60.76,0,0,0,215,53,4,0,31,2739,0,,0,0,0,3,0.0,0,0,0,0,235,4,0,6.83,1,0,0,0,0,0,0,0,0.0,0.0,0,8,1,4,3,7,87.5,0,22,17,77.27,4,107,8,2,98,61.25,229,464,832,1294,225.5,9,0,1678,19,3,1,Simon Falette,FC Martigues,201918,1664,DF
0,0,0.0,5,3,100.0,13,16,29,87.88,1,33.33,2,3,0,0,0,0,2,0,0,0,0,4,3,0,0,1,1,7,0,0,,,2,0,0.0,0,0,0,1,1,0,0,0,,10,66.67,0,0,0,4,0,0,0,1,96,0,,0,0,0,0,0.0,0,0,0,0,16,1,0,6.83,0,0,0,0,0,0,0,0,0.0,0.0,0,0,0,0,0,2,66.67,0,4,2,50.0,0,0,3,3,11,61.11,3,18,18,33,20.5,0,0,67,4,1,0,Héliohdino Tavares,Stade Malherbe Caen,1890421,1667,DF
8,2,28.57,51,11,32.35,115,196,309,86.55,18,56.25,14,16,0,0,0,0,22,2,1,0,1,32,12,0,0,4,5,30,0,0,,,9,0,0.0,0,0,0,7,6,1,0,0,,17,51.52,0,0,0,48,12,3,0,7,618,0,,0,0,0,0,0.0,0,0,0,0,65,0,0,6.83,0,0,0,0,0,0,0,0,0.0,0.0,0,2,0,2,0,2,66.67,0,13,9,69.23,3,14,3,7,35,53.85,34,152,212,357,82.0,2,0,490,2,3,0,Maxime Colin,Metz,128285,1651,DF
5,3,10.71,123,4,50.0,182,54,233,75.16,7,26.92,19,29,0,0,0,0,55,3,6,7,1,3,29,0,0,17,6,81,0,0,,,24,0,16.67,0,4,4,24,22,2,4,0,,50,44.64,0,0,1,77,10,22,0,14,1452,11,,0,0,1,0,100.0,0,1,0,4,195,8,0,6.83,0,4,0,0,0,0,0,0,363.0,0.0,0,20,4,6,11,14,45.16,0,13,9,69.23,22,8,31,28,57,41.3,8,268,70,310,198.1,24,0,573,23,2,0,Kandet Diawara,Pau FC,1003316,1685,MF
17,14,20.9,161,24,64.86,265,120,371,79.27,9,31.03,20,29,1,0,0,0,67,3,2,12,1,7,29,0,0,12,23,111,0,0,,,19,0,6.52,0,3,4,24,20,4,2,1,,58,38.93,0,0,0,97,9,29,0,22,1761,8,,0,0,0,0,0.0,0,0,0,1,242,14,0,6.83,0,3,0,0,0,0,0,0,587.0,0.0,0,15,31,17,17,25,39.68,0,21,15,71.43,29,33,63,67,67,37.64,37,390,145,468,198.1,46,1,797,13,4,0,Maxence Rivera,USL Dunkerque,1014408,6918,MF
35,0,0.0,55,69,51.88,195,536,731,85.9,22,39.29,34,24,0,0,0,0,72,0,1,0,4,137,23,0,0,0,14,67,0,0,,,19,0,0.0,0,0,0,31,26,5,0,0,,49,59.76,0,0,1,120,18,5,0,20,1794,0,,0,0,0,1,0.0,0,0,0,0,134,1,0,6.83,0,0,0,0,0,0,0,0,0.0,0.0,0,6,0,6,0,3,75.0,0,35,25,71.43,5,74,4,0,71,51.45,133,268,583,851,157.1,6,1,1120,11,9,0,Mohamed Jaouab,Amiens SC,1095729,1676,DF
25,1,20.0,151,28,25.45,320,266,585,72.94,58,54.21,49,29,4,0,0,0,76,2,2,6,11,60,29,0,0,5,24,141,0,0,,,67,0,5.88,0,1,5,32,25,7,1,0,,94,50.54,1,0,0,217,53,15,0,27,2426,1,,0,0,0,1,0.0,0,0,0,0,257,9,0,6.83,1,0,0,0,0,0,0,0,2426.0,0.0,0,11,6,6,5,4,50.0,0,61,39,63.93,15,50,8,5,152,51.88,110,487,320,802,198.0,17,0,1163,33,11,1,Vincent Pajot,Annecy FC,122921,210894,MF
38,12,19.05,172,35,35.35,381,349,718,79.69,31,64.58,17,29,0,0,0,0,95,1,0,0,6,50,29,0,0,10,19,87,0,0,,,18,0,0.0,0,0,0,22,19,3,0,0,,77,52.38,0,0,1,183,29,17,0,20,1904,1,,0,0,0,1,0.0,0,0,0,0,344,4,0,6.83,0,0,0,0,0,0,0,0,0.0,0.0,0,2,1,2,1,17,42.5,0,41,28,68.29,17,66,40,63,108,55.38,99,555,409,901,198.0,3,0,1497,21,3,0,Florian Bohnert,Bastia,792721,1655,DF
8,0,0.0,60,4,40.0,108,79,187,65.61,59,54.63,49,23,2,0,0,0,21,4,4,7,1,15,23,0,0,15,5,102,0,1,,,21,0,16.0,0,4,6,18,17,1,4,0,,30,36.14,1,0,0,98,2,8,0,13,1217,3,,0,0,1,0,100.0,0,1,0,0,189,0,0,6.83,0,3,0,0,0,0,0,0,304.25,0.0,0,19,6,7,11,8,38.1,0,7,7,100.0,8,18,21,0,89,46.6,10,190,95,285,157.0,25,1,490,15,1,0,Famara Diédhiou,Clermont Foot,293115,1680,FW
0,0,0.0,4,1,100.0,8,7,15,68.18,1,33.33,2,6,0,0,0,0,3,0,0,0,0,3,4,0,0,1,3,10,0,0,,,4,0,100.0,0,1,1,0,0,0,1,0,,4,33.33,0,0,0,7,3,1,0,0,49,0,,0,0,0,0,0.0,0,0,0,0,9,0,0,6.83,0,1,0,0,0,0,0,0,49.0,0.0,0,1,0,0,1,0,0.0,0,2,1,50.0,1,2,0,0,5,33.33,1,14,8,22,27.3,1,0,39,2,1,0,Enzo Genton,Lorient,1634357,1656,MF
49,4,23.53,144,58,37.18,514,1067,1577,87.42,73,58.87,51,33,0,0,0,0,89,1,1,2,7,111,33,0,0,11,10,104,0,3,,,28,0,6.67,10,1,1,50,41,9,1,0,,63,54.31,0,0,0,227,27,3,0,33,2940,0,,0,0,0,1,0.0,0,0,0,0,266,4,0,6.82,0,1,0,0,0,0,0,0,2940.0,0.0,0,13,2,8,5,8,61.54,0,31,21,67.74,3,120,13,17,136,56.67,156,665,1156,1804,225.2,15,1,2166,24,3,0,Loic Kouagba,Red Star FC,938676,52874,DF
25,6,22.22,73,54,40.91,178,331,503,77.27,20,57.14,15,22,1,0,0,0,48,2,0,1,4,91,22,0,1,3,9,48,0,0,,,19,0,0.0,0,0,1,23,22,1,0,0,,73,68.87,0,0,0,148,22,8,0,22,1679,1,,0,0,0,0,0.0,0,0,0,0,226,2,0,6.82,1,0,0,0,0,0,0,0,0.0,0.0,0,0,1,0,0,12,75.0,0,31,22,70.97,8,63,16,27,93,65.96,132,312,366,651,150.1,1,0,1068,32,4,0,Matthieu Huard,Ajaccio,989582,1660,DF
14,0,0.0,41,26,57.78,134,307,441,89.63,16,69.57,7,9,0,0,0,0,31,0,0,2,1,24,9,0,0,1,2,14,0,0,,,4,0,0.0,10,0,0,12,8,4,0,0,,16,69.57,0,0,0,51,8,0,0,7,655,0,,0,0,0,0,0.0,0,0,0,0,55,0,0,6.82,0,0,0,0,0,0,0,0,0.0,0.0,0,1,1,0,0,3,100.0,0,8,4,50.0,0,23,3,0,32,69.57,45,162,330,492,61.4,2,1,570,5,0,0,Nathaniel Adjei,Lorient,1103079,1656,DF
35,2,100.0,34,51,62.2,137,286,421,85.05,20,57.14,15,14,0,0,0,0,33,0,0,0,4,38,14,0,0,7,3,34,0,0,,,9,0,33.33,4,1,1,15,12,3,1,0,,33,63.46,0,0,0,74,9,2,0,10,880,0,,0,0,1,0,100.0,0,1,0,0,90,0,0,6.82,0,1,0,0,0,0,0,0,880.0,0.0,0,2,1,1,2,5,83.33,0,15,8,53.33,2,55,6,2,53,60.92,82,179,318,495,95.5,3,0,625,13,2,0,Bradley Danger,Red Star FC,802147,52874,DF
20,0,0.0,24,39,50.65,100,392,492,88.33,12,60.0,8,14,0,0,0,0,56,0,0,3,4,68,14,0,0,1,10,26,0,0,,,8,0,0.0,0,0,0,17,14,3,0,0,,30,62.5,0,0,0,65,15,1,0,13,1193,0,,0,0,0,0,0.0,0,0,0,0,73,0,0,6.82,0,0,0,0,0,0,0,0,0.0,0.0,0,2,2,1,0,0,0.0,0,27,16,59.26,1,30,0,0,42,61.76,77,133,424,557,95.5,4,0,704,4,0,0,Mamadou Fofana,Amiens SC,822703,1676,DF
8,0,0.0,9,23,36.51,12,78,90,68.18,0,0.0,1,5,0,0,0,0,37,0,0,0,2,1,5,0,0,0,0,1,0,0,,,0,0,0.0,21,0,0,8,8,0,0,0,,0,0.0,0,3,0,42,0,0,0,5,450,0,,0,0,0,0,0.0,0,0,0,0,43,0,0,6.82,0,0,1,7,7,14,0,5,0.0,0.0,0,0,0,0,0,0,0.0,1,0,0,0.0,0,11,0,0,0,0.0,63,43,89,132,34.1,0,0,171,0,0,0,Mehdi Jeannin,Pau FC,247011,1685,GK
18,28,20.44,246,23,24.73,495,409,876,79.71,47,53.41,41,31,1,0,0,0,114,3,1,9,4,74,31,0,0,29,18,135,0,0,,,31,0,0.0,2,0,1,39,35,4,0,0,,85,47.49,0,0,0,223,29,28,0,30,2634,3,,0,0,0,0,0.0,0,0,0,0,458,9,0,6.82,0,0,0,0,0,0,0,0,0.0,0.0,2,6,23,15,5,8,28.57,0,27,21,77.78,28,49,28,137,132,49.44,93,763,473,1099,211.4,29,0,1935,53,6,0,Baïla Diallo,Clermont Foot,1099804,1680,DF
24,1,14.29,130,26,55.32,201,122,322,75.06,10,25.0,30,24,3,0,0,0,63,5,4,7,0,7,24,0,0,43,10,130,0,0,,,29,0,15.38,0,4,7,21,16,5,4,0,,66,39.76,0,0,0,107,5,20,0,14,1311,20,,0,0,1,0,100.0,0,1,0,0,238,6,0,6.82,0,4,0,0,0,0,0,0,327.75,0.0,1,14,12,7,12,26,56.52,0,26,19,73.08,20,46,46,7,76,36.89,47,301,135,429,163.6,26,1,712,14,2,0,Junior Olaitan,Grenoble Foot 38,1124357,1671,MF
13,0,0.0,96,5,41.67,169,123,292,89.3,11,68.75,5,18,1,0,0,0,36,2,6,4,0,7,18,0,0,4,4,23,0,0,,,3,0,6.25,0,1,2,11,10,1,1,0,,36,66.67,0,0,1,35,4,12,1,8,701,2,,0,0,0,0,0.0,0,0,0,1,62,3,0,6.82,0,0,0,0,0,0,0,0,701.0,0.0,0,14,2,3,9,10,58.82,0,10,6,60.0,12,16,17,6,47,67.14,12,205,128,327,122.7,16,0,442,17,1,0,Jean Victor Makengo,Lorient,802138,1656,MF
10,16,27.12,138,11,52.38,198,31,213,66.77,15,42.86,20,25,3,0,0,0,58,5,3,8,2,5,25,0,0,24,21,131,0,0,,,22,0,3.45,0,1,4,11,8,3,1,0,,89,44.5,0,0,1,106,7,30,1,14,1283,4,,0,0,0,0,0.0,0,0,0,0,299,16,0,6.82,0,0,0,0,0,0,0,0,1283.0,0.0,0,17,12,11,10,44,48.35,0,20,16,80.0,30,25,91,59,104,44.26,21,333,45,319,170.4,29,2,721,26,2,0,Lisandru Tramoni,Bastia,1007839,1655,MF
23,9,16.98,166,34,60.71,332,227,550,84.75,12,35.29,22,27,1,0,0,0,91,2,1,10,3,14,27,0,0,32,23,122,0,0,,,24,1,13.89,0,5,6,21,18,3,4,1,,54,35.06,0,0,0,99,9,19,0,19,1760,6,,0,1,1,2,100.0,0,1,0,0,240,14,0,6.81,0,5,0,0,0,0,0,0,352.0,25.0,4,13,23,8,18,10,30.3,0,21,18,85.71,18,46,33,53,66,35.11,56,452,250,649,184.0,36,0,967,23,6,0,Christophe Vincent,Bastia,184665,1655,MF
11,2,20.0,81,16,66.67,160,104,262,73.39,53,45.69,63,27,2,0,0,0,60,2,4,8,1,20,27,0,0,36,2,163,0,0,,,39,0,11.76,0,4,6,24,21,3,4,0,,78,43.82,1,0,0,95,6,12,1,21,1716,16,,0,0,0,0,0.0,0,0,0,0,235,8,0,6.81,0,2,0,0,0,0,0,0,429.0,0.0,0,25,9,11,15,25,45.45,0,22,17,77.27,12,22,55,10,131,44.56,24,248,119,357,184.0,34,1,693,32,2,0,Moussa Soumano,Ajaccio,1461935,1660,FW
21,1,9.09,120,48,67.61,243,302,544,87.18,6,40.0,9,30,0,0,0,0,51,0,1,2,1,14,28,0,0,7,11,53,0,2,,,24,0,14.29,0,2,2,16,15,1,2,0,,49,52.69,0,0,0,80,12,6,0,13,1161,0,,0,0,0,0,0.0,0,0,0,0,114,4,0,6.81,0,2,0,0,0,0,0,0,580.5,0.0,0,5,9,8,4,10,76.92,0,26,19,73.08,6,30,13,11,55,50.93,71,313,322,624,190.8,14,0,782,13,3,0,Lohann Doucet,Paris FC,1170523,6070,MF
18,2,33.33,46,17,42.5,84,65,147,75.0,4,57.14,3,7,0,0,0,0,21,0,0,0,1,4,7,0,0,2,3,17,0,0,,,7,0,33.33,0,1,1,9,9,0,1,0,,13,48.15,0,0,0,49,7,4,1,5,460,0,,0,0,0,0,0.0,0,0,0,0,64,2,0,6.81,0,0,0,0,0,0,0,0,460.0,0.0,0,1,2,1,2,1,33.33,0,7,4,57.14,4,35,3,6,17,50.0,40,121,81,196,47.7,3,0,261,6,2,0,Enzo Montet,Stade Lavallois,1895781,1673,MF
10,2,18.18,54,13,33.33,121,140,259,71.15,50,72.46,19,16,0,0,0,0,50,0,1,2,4,33,16,0,0,7,7,48,0,0,,,14,0,20.0,0,1,1,10,7,3,1,0,,30,50.85,0,0,0,105,9,6,1,11,901,0,,0,0,0,0,0.0,0,0,0,0,153,2,0,6.81,0,0,0,0,0,0,0,0,901.0,0.0,0,2,3,2,1,7,77.78,0,12,9,75.0,6,22,9,11,80,62.5,39,193,182,364,109.0,5,0,531,11,5,0,Francois Lajugie,Annecy FC,795507,210894,DF
96,2,28.57,185,165,36.26,505,1523,2026,83.62,41,54.67,34,33,0,0,0,0,136,0,3,0,10,131,33,0,0,6,11,71,2,3,,,18,0,15.38,29,2,2,39,32,7,2,0,,67,64.42,1,0,0,397,21,5,0,32,2884,2,,0,0,0,2,0.0,0,0,0,0,437,1,0,6.81,0,0,0,0,0,0,0,0,1442.0,0.0,0,11,2,11,2,1,25.0,0,41,27,65.85,5,245,4,7,108,60.34,455,832,1598,2423,224.8,13,2,2762,28,4,0,Opa Sangante,USL Dunkerque,829533,6918,DF
43,28,36.36,149,58,53.21,292,220,484,79.74,8,57.14,6,19,0,0,0,0,56,1,0,0,2,20,18,0,1,5,13,51,0,0,,,18,0,0.0,0,0,0,16,15,1,0,0,,44,49.44,0,0,0,123,16,18,0,12,1091,1,,0,0,0,0,0.0,0,0,0,0,219,1,0,6.81,1,0,0,0,0,0,0,0,0.0,0.0,0,0,0,0,0,9,47.37,0,22,14,63.64,18,90,19,77,52,50.49,109,444,240,607,122.6,0,2,934,14,5,0,Valentin Henry,Stade Malherbe Caen,789201,1667,DF
45,7,23.33,108,46,52.87,266,256,515,80.72,18,39.13,28,24,0,0,0,0,77,1,0,1,4,32,22,0,0,5,23,68,0,1,,,12,0,9.09,0,1,1,18,13,5,1,0,,36,47.37,0,0,0,123,19,13,0,16,1409,0,,0,0,0,0,0.0,0,0,0,0,163,4,0,6.81,0,1,0,0,0,0,0,0,1409.0,0.0,1,1,10,5,5,1,50.0,0,29,18,62.07,13,74,2,30,54,44.26,87,382,286,638,149.8,11,0,821,7,1,0,Dante Rigo,Grenoble Foot 38,794991,1671,MF
18,0,0.0,10,76,37.62,44,142,186,59.24,3,100.0,0,11,0,0,0,0,113,0,0,0,2,7,11,0,0,0,0,0,1,2,,,0,0,0.0,92,0,0,14,12,2,0,0,,3,100.0,0,13,0,128,0,1,0,11,990,0,,0,0,0,0,0.0,2,0,0,0,132,0,1,6.81,0,0,8,17,7,25,0,5,0.0,0.0,0,0,0,0,0,0,0.0,8,1,1,100.0,1,24,0,0,6,100.0,202,153,161,314,74.9,0,0,415,2,1,0,Mory Diaw,Rodez AF,580226,6925,GK
9,5,25.0,44,7,43.75,73,67,135,80.84,3,33.33,6,16,0,0,0,0,20,3,0,3,0,9,13,0,0,2,3,17,0,0,,,5,0,0.0,0,0,0,9,7,2,0,0,,15,57.69,0,0,0,32,14,9,0,7,629,1,,0,0,0,1,0.0,0,0,0,0,55,2,0,6.81,0,0,0,0,0,0,0,0,0.0,0.0,0,2,4,1,2,5,83.33,0,6,3,50.0,9,10,6,20,18,51.43,16,106,81,167,88.5,6,0,260,4,0,0,Xavier Chavalerin,Troyes,157029,1652,MF
12,4,23.53,104,13,56.52,171,105,272,73.71,47,41.23,67,29,1,0,0,0,66,3,3,12,1,11,28,0,0,36,13,195,0,0,,,45,0,13.16,0,5,6,32,30,2,4,1,,96,42.86,1,0,0,97,14,17,3,17,1701,3,,0,0,1,0,100.0,0,1,0,0,242,8,0,6.81,0,1,0,0,0,0,0,0,340.2,0.0,0,26,12,10,16,24,38.1,0,16,13,81.25,17,26,63,17,143,42.31,23,260,126,369,190.6,38,0,780,61,5,0,Oucasse Mendy,FC Martigues,1101178,1664,MF
8,5,17.86,96,8,53.33,157,94,246,68.52,30,33.71,59,29,2,0,0,0,61,4,3,3,1,17,29,0,0,23,12,165,0,0,,,40,0,14.29,0,6,8,25,20,5,6,0,,58,35.37,2,0,1,113,9,29,1,18,1683,14,,0,0,2,0,100.0,0,2,0,0,279,11,0,6.81,0,3,0,0,0,0,0,0,280.5,0.0,0,31,11,22,17,12,25.0,0,25,15,60.0,29,17,48,28,88,34.78,15,270,117,359,197.4,42,0,719,21,3,0,Hacene Benali,Red Star FC,998251,52874,FW
19,2,12.5,194,24,61.54,320,164,482,78.5,24,29.27,58,32,3,0,1,0,118,7,12,24,5,5,32,0,0,71,29,298,0,0,,,68,0,9.78,0,9,12,42,35,7,9,0,,145,37.66,0,0,3,132,12,23,0,31,2603,22,,0,0,3,0,66.67,0,2,0,0,439,16,0,6.81,1,9,0,0,0,0,0,0,289.22,0.0,0,68,24,35,33,51,39.84,0,50,33,66.0,23,28,128,16,169,36.19,39,439,191,614,217.8,92,2,1284,45,8,1,Pathé Mboup,Pau FC,1410231,1685,MF
3,1,9.09,55,7,33.33,96,59,154,64.98,38,45.78,45,20,0,0,0,0,39,0,2,1,2,6,20,0,0,21,6,99,0,0,,,24,0,23.08,0,3,3,9,7,2,3,0,,54,50.0,0,0,0,83,4,7,0,11,985,6,,0,0,0,0,0.0,0,0,0,0,175,6,0,6.81,0,3,0,0,0,0,0,0,328.33,0.0,0,13,0,4,8,11,52.38,0,18,12,66.67,7,8,21,11,92,48.17,21,164,84,237,136.1,13,0,455,28,2,0,Ben Hamed Toure,Ajaccio,1493253,1660,FW
21,1,25.0,45,44,42.72,169,546,714,86.55,38,45.78,45,24,0,0,0,0,62,0,2,2,4,86,24,0,1,1,10,72,0,0,,,16,0,0.0,6,0,0,18,15,3,0,0,,23,46.0,0,0,1,111,13,8,0,14,1546,0,,0,0,0,0,0.0,0,0,0,0,122,0,0,6.8,1,0,0,0,0,0,0,0,0.0,0.0,0,9,1,7,1,2,66.67,0,16,10,62.5,8,42,3,4,61,45.86,103,250,579,825,163.3,10,1,1027,6,2,0,Anthony Roncaglia,Bastia,975297,1655,DF
4,5,9.8,153,5,31.25,272,103,370,82.59,10,37.04,17,30,0,0,0,0,71,2,4,5,1,8,30,0,0,23,8,101,0,0,,,29,0,13.64,0,3,3,14,13,1,3,0,,79,48.47,0,0,0,78,13,13,1,19,1591,8,,0,0,0,0,0.0,0,0,0,1,219,14,0,6.8,0,2,0,0,0,0,0,0,530.33,0.0,0,16,6,5,12,21,43.75,0,34,23,67.65,13,12,48,51,89,46.84,16,383,116,448,204.1,22,0,782,24,0,0,Joel Mugisha Mvuka,Lorient,1027091,1656,MF
1,2,40.0,93,1,20.0,132,35,165,66.53,32,33.68,63,32,2,0,0,0,28,4,8,9,0,7,32,0,0,35,2,140,0,0,,,24,0,17.5,0,7,9,26,21,5,6,1,,33,30.0,0,0,1,83,2,18,3,16,1491,6,,0,1,0,0,0.0,0,0,0,1,184,13,0,6.8,0,4,0,0,0,0,0,0,213.0,0.0,0,34,6,12,19,14,42.42,0,9,6,66.67,17,6,33,5,65,31.71,5,212,41,248,217.6,40,2,492,11,4,0,Ibrahima Baldé,Rodez AF,1130573,6925,FW
4,1,12.5,130,2,40.0,196,92,287,77.99,24,30.77,54,26,3,0,0,0,50,3,5,13,0,10,26,0,0,18,9,119,0,0,,,27,0,4.88,0,2,5,19,16,3,2,0,,53,44.92,0,0,0,81,4,10,2,14,1315,19,,0,0,0,0,0.0,0,0,0,0,165,11,0,6.8,0,0,0,0,0,0,0,0,657.5,0.0,0,30,11,10,18,16,55.17,0,17,8,47.06,10,6,29,8,77,39.29,5,275,101,368,176.8,41,0,604,20,0,0,Yadaly Diaby,Grenoble Foot 38,1102099,1671,MF
36,2,10.0,166,35,50.72,266,207,471,76.84,4,16.0,21,30,5,0,0,0,99,1,0,9,0,6,30,0,0,29,36,143,0,0,,,20,0,5.26,0,1,6,21,19,2,1,0,,124,50.41,0,0,1,142,14,25,0,22,1667,0,,0,0,0,0,0.0,0,0,0,0,296,19,0,6.8,0,1,0,0,0,0,0,0,1667.0,0.0,0,10,9,8,2,39,50.0,0,52,25,48.08,25,68,78,20,128,47.23,69,398,235,613,204.0,19,0,991,33,3,0,Rayan Lutin,Amiens SC,1218519,1676,MF
1,0,0.0,27,8,40.0,62,95,157,83.07,5,50.0,5,11,0,0,0,0,17,0,0,1,1,19,8,0,0,3,4,23,0,0,,,7,0,50.0,0,1,1,9,9,0,0,1,,31,63.27,0,0,0,32,6,2,0,5,445,0,,0,0,0,0,0.0,0,0,0,0,60,1,0,6.8,0,1,0,0,0,0,0,0,445.0,0.0,0,0,2,0,1,4,50.0,0,21,13,61.9,2,4,8,1,36,61.02,20,84,106,189,54.4,2,0,316,6,1,0,Amine Chabane,Amiens SC,1862434,1676,DF
14,0,0.0,38,28,29.17,84,183,267,66.09,46,63.01,27,15,0,0,0,0,34,0,1,0,7,69,15,0,1,1,8,48,0,0,,,12,0,25.0,0,1,1,13,10,3,1,0,,11,34.38,0,0,0,137,19,2,0,12,1063,0,,0,0,0,0,0.0,0,0,0,0,140,0,0,6.8,1,1,0,0,0,0,0,0,1063.0,0.0,0,4,0,1,3,1,50.0,0,8,6,75.0,2,42,2,0,57,54.29,96,181,223,404,102.0,4,1,553,3,1,0,Hamjatou Soukouna,Annecy FC,1397888,210894,DF
16,0,0.0,100,26,61.9,193,138,331,84.01,6,28.57,15,16,0,0,0,0,47,0,0,4,0,9,15,0,0,10,13,72,0,0,,,18,0,12.5,0,1,1,12,10,2,1,0,,65,53.28,0,0,0,63,5,15,0,12,944,0,,0,0,0,0,0.0,0,0,0,0,113,6,0,6.8,0,1,0,0,0,0,0,0,944.0,0.0,0,4,4,1,3,22,56.41,0,26,18,69.23,15,29,39,0,71,49.65,42,239,155,394,102.0,8,0,570,18,5,0,Christ Inao Oulaï,Bastia,1888002,1655,MF
3,7,29.17,43,9,69.23,73,37,103,78.03,1,11.11,8,17,0,0,0,1,26,0,2,3,0,0,17,0,0,8,2,33,0,0,,,6,0,11.11,0,1,1,5,4,1,0,1,,29,53.7,0,0,0,29,3,7,0,3,462,1,,0,0,1,0,0.0,0,0,0,2,82,3,0,6.8,0,1,0,0,0,0,0,0,462.0,0.0,0,7,2,0,6,13,59.09,0,2,0,0.0,7,6,22,24,30,47.62,13,113,43,132,115.6,9,0,251,14,0,0,Kyliane Dong,Troyes,1394004,1652,MF
23,22,26.83,105,28,44.44,233,167,378,72.83,34,72.34,13,25,0,0,0,0,66,3,2,3,2,46,25,0,0,11,17,77,1,0,,,25,0,9.09,0,1,1,16,16,0,1,0,,58,47.54,1,0,1,141,19,15,0,17,1484,3,,0,1,0,0,0.0,0,0,0,0,283,5,0,6.8,0,0,0,0,0,0,0,0,1484.0,0.0,0,7,4,5,3,5,26.32,0,38,31,81.58,14,46,19,82,92,54.44,63,386,215,519,170.0,11,1,1004,15,2,0,Amine Cherni,Stade Lavallois,1094487,1673,DF
10,11,30.56,39,4,33.33,83,50,122,77.71,0,0.0,3,7,1,0,0,0,23,2,1,2,0,1,7,0,0,8,2,23,0,0,,,8,0,0.0,0,0,1,14,12,2,0,0,,16,44.44,0,0,0,35,2,10,0,7,482,1,,0,1,0,0,0.0,0,0,0,0,86,2,0,6.8,0,0,0,0,0,0,0,0,0.0,0.0,1,4,2,3,1,3,50.0,0,8,7,87.5,9,26,6,36,16,41.03,12,141,52,157,47.6,6,0,265,5,0,0,Yassine Benrahou,Stade Malherbe Caen,944142,1667,MF
17,2,22.22,56,25,59.52,145,161,304,75.62,54,65.85,28,19,1,0,0,0,51,1,1,3,0,27,19,0,0,12,20,89,0,0,,,28,0,0.0,0,0,1,20,18,2,0,0,,48,44.04,0,0,0,98,7,9,0,12,1006,3,,0,0,0,0,0.0,0,0,0,1,144,4,0,6.8,0,0,0,0,0,0,0,0,0.0,0.0,0,9,13,11,8,7,58.33,0,31,19,61.29,9,24,12,9,102,53.4,42,220,191,402,129.2,22,1,609,11,4,0,Frank Boya,Amiens SC,865796,1676,MF
35,2,100.0,116,71,50.35,321,760,1079,90.6,11,37.93,18,27,1,0,0,0,73,0,2,4,6,60,24,0,0,2,7,43,1,0,,,15,0,0.0,31,0,1,25,25,0,0,0,,25,50.0,0,0,0,112,22,9,0,17,1615,0,,0,0,0,1,0.0,0,0,0,0,136,1,0,6.8,0,0,0,0,0,0,0,0,0.0,0.0,0,6,3,3,2,1,33.33,0,15,9,60.0,9,70,3,2,36,45.57,141,388,805,1191,163.2,9,0,1389,10,0,0,Mathis Riou,Guingamp,1127857,1654,DF
30,20,20.83,204,35,44.3,390,415,785,79.05,29,54.72,24,30,1,0,0,0,111,3,1,10,4,53,29,0,0,29,23,141,0,1,,,26,0,0.0,0,0,1,34,30,4,0,0,,110,48.46,0,0,3,208,32,18,0,26,2272,2,,1,0,0,1,0.0,0,0,0,1,453,8,0,6.8,0,0,0,0,0,0,0,0,0.0,0.0,0,8,11,4,5,41,51.25,0,52,34,65.38,18,60,80,96,139,49.64,79,610,479,993,197.2,19,0,1777,18,5,0,Cheick Oumar Konaté,Clermont Foot,1469500,1680,DF
2,0,0.0,0,4,14.81,3,22,25,52.08,0,0.0,0,1,0,0,0,0,12,0,0,0,0,1,1,0,0,0,0,0,0,0,,,0,0,0.0,3,0,0,1,1,0,0,0,,0,0.0,0,0,0,23,0,0,0,1,90,0,,0,0,0,0,0.0,0,0,0,0,24,0,0,6.8,0,0,1,1,3,4,0,0,0.0,0.0,0,0,0,0,0,0,0.0,1,0,0,0.0,0,9,0,0,0,0.0,27,19,29,48,6.8,0,0,55,0,0,0,Ibrahim Kone,USL Dunkerque,47358,6918,GK
0,0,0.0,0,0,0.0,1,3,4,44.44,0,0.0,0,1,0,0,0,0,1,0,0,0,0,4,1,0,0,1,1,3,0,0,,,0,0,0.0,0,0,0,0,0,0,0,0,,3,50.0,0,0,0,5,0,0,0,0,23,0,,0,0,0,0,0.0,0,0,0,0,8,0,0,6.8,0,0,0,0,0,0,0,0,0.0,0.0,0,0,0,0,0,0,0.0,0,2,2,100.0,0,1,1,0,3,50.0,1,6,3,9,6.8,0,0,24,1,0,0,Steevy Mazikou,Bastia,1528162,1655,DF
0,0,0.0,4,0,0.0,4,0,4,66.67,0,0.0,0,1,0,0,0,0,0,0,0,0,0,0,1,0,0,0,0,0,0,0,,,0,0,0.0,0,0,0,0,0,0,0,0,,2,100.0,0,0,0,2,1,0,0,0,17,0,,0,0,0,0,0.0,0,0,0,0,2,0,0,6.8,0,0,0,0,0,0,0,0,0.0,0.0,0,0,0,0,0,0,0.0,0,2,1,50.0,0,0,0,0,2,100.0,0,6,0,6,6.8,0,0,9,0,0,0,Abderrahmane Ndaw,Clermont Foot,1965507,1680,FW
1,0,0.0,0,1,100.0,2,1,3,100.0,0,0.0,0,1,0,0,0,0,2,0,0,0,0,1,1,0,0,0,0,1,0,0,,,1,0,0.0,0,0,0,0,0,0,0,0,,2,66.67,0,0,0,0,0,0,0,0,13,0,,0,0,0,0,0.0,0,0,0,0,0,0,0,6.8,0,0,0,0,0,0,0,0,0.0,0.0,0,0,0,0,0,1,100.0,0,1,1,100.0,0,1,1,0,2,66.67,1,2,1,3,6.8,0,0,6,0,0,0,Owen Martinez-Jullien,Ajaccio,1836887,1660,MF
2,0,0.0,2,2,66.67,7,18,25,89.29,0,0.0,0,1,0,0,0,0,2,0,0,0,0,0,1,0,0,0,1,2,0,0,,,1,0,0.0,0,0,0,0,0,0,0,0,,1,33.33,0,0,0,3,0,0,0,0,45,0,,0,0,0,0,0.0,0,0,0,0,4,0,0,6.8,0,0,0,0,0,0,0,0,0.0,0.0,0,0,0,0,0,0,0.0,0,1,1,100.0,0,4,0,0,1,33.33,3,10,18,28,6.8,0,0,33,0,0,0,Tom Fragassi,Ajaccio,2016150,1660,MF
6,0,0.0,5,13,54.17,17,67,84,83.17,6,66.67,3,3,0,0,0,0,4,0,0,0,0,21,3,0,0,2,1,8,0,0,,,2,0,0.0,0,0,0,6,6,0,0,0,,7,58.33,0,0,0,17,1,1,0,3,270,0,,0,0,0,0,0.0,0,0,0,0,21,0,0,6.8,0,0,0,0,0,0,0,0,0.0,0.0,0,1,0,1,0,0,0.0,0,7,5,71.43,1,11,0,0,13,61.9,24,27,74,101,20.4,1,0,145,0,0,0,Efe Sarıkaya,Grenoble Foot 38,1191140,1671,DF
1,1,33.33,6,1,50.0,8,2,9,56.25,0,0.0,1,3,0,0,0,0,3,1,0,0,0,0,3,0,0,1,0,4,0,0,,,0,0,0.0,0,0,0,0,0,0,0,0,,6,66.67,0,0,0,7,1,1,0,0,60,0,,0,0,0,0,0.0,0,0,0,0,16,2,0,6.8,0,0,0,0,0,0,0,0,0.0,0.0,0,1,1,1,1,1,33.33,0,3,2,66.67,1,2,3,3,6,60.0,2,17,2,16,20.4,2,0,38,2,0,0,Mathis Touho,Amiens SC,1494404,1676,FW
3,0,0.0,1,12,32.43,5,47,52,67.53,1,100.0,0,3,0,0,0,0,30,0,0,0,1,4,3,0,0,1,0,1,1,0,,,0,0,0.0,21,0,0,4,3,1,0,0,,1,50.0,0,2,0,25,0,0,0,3,270,0,,0,0,0,0,0.0,1,0,1,0,29,0,0,6.8,0,0,2,5,2,7,0,1,0.0,0.0,0,0,0,0,0,0,0.0,2,1,1,100.0,0,5,0,0,2,66.67,37,28,49,77,20.4,0,0,113,0,0,0,Sébastien Cibois,Rodez AF,904990,6925,GK
3,0,0.0,16,3,100.0,35,34,69,87.34,3,60.0,2,6,0,0,0,0,8,0,0,0,0,1,5,0,0,1,0,8,0,0,,,3,0,0.0,0,0,0,4,3,1,0,0,,14,70.0,0,0,0,10,2,0,0,2,195,0,,0,0,0,0,0.0,0,0,0,0,16,1,0,6.8,0,0,0,0,0,0,0,0,0.0,0.0,0,0,1,0,1,5,71.43,0,2,1,50.0,0,3,7,1,17,68.0,3,45,35,79,34.0,1,0,109,7,3,0,Joseph Nonge,Troyes,1149138,1652,MF
22,0,0.0,48,48,51.61,210,382,592,84.45,54,57.45,40,23,0,0,0,0,66,0,2,2,3,116,23,0,1,0,7,61,0,1,,,16,0,0.0,2,0,0,25,22,3,0,0,,38,64.41,0,0,0,109,15,2,0,22,1762,0,,0,0,0,0,0.0,0,0,0,1,110,0,0,6.8,1,0,0,0,0,0,0,0,0.0,0.0,0,13,1,10,2,1,100.0,0,18,7,38.89,2,48,1,0,92,60.13,93,281,420,701,156.4,14,2,938,20,3,0,Eric Vandenabeele,Rodez AF,234146,6925,DF
37,4,19.05,127,33,30.84,262,240,498,67.66,34,51.52,32,24,1,0,0,0,103,1,0,0,9,70,24,0,0,10,21,79,0,0,,,13,0,0.0,0,0,1,29,23,6,0,0,,78,62.4,0,0,0,238,37,7,0,22,1935,0,,0,0,0,0,0.0,0,0,0,0,368,6,0,6.8,0,0,0,0,0,0,0,0,0.0,0.0,0,0,3,1,2,10,71.43,0,46,26,56.52,7,80,14,21,112,58.64,107,435,322,736,163.1,3,1,1313,24,2,0,Fabrice NSakala,Annecy FC,123387,210894,DF
28,0,0.0,18,119,43.27,69,243,312,66.38,8,100.0,0,20,0,0,0,0,184,0,0,0,2,23,20,0,0,0,1,2,1,1,,,1,0,100.0,151,1,1,36,31,5,1,0,,2,50.0,1,20,0,158,0,0,0,20,1800,0,,0,0,0,1,0.0,6,0,0,0,163,0,9,6.8,0,0,7,30,21,51,1,13,1800.0,0.0,0,1,0,0,1,2,100.0,6,0,0,0.0,0,54,2,0,10,83.33,275,193,277,470,135.9,1,1,688,1,4,0,Lionel Mpasi Nzau,Rodez AF,599192,6925,GK
30,1,7.69,117,47,63.51,277,367,643,84.38,32,72.73,12,31,0,0,0,0,83,2,0,2,3,34,28,0,0,12,21,89,1,0,,,38,0,0.0,0,0,0,26,21,5,0,0,,66,46.15,0,0,0,119,22,10,0,17,1515,2,,0,0,0,0,0.0,0,0,0,0,167,2,0,6.79,0,0,0,0,0,0,0,0,0.0,0.0,0,5,6,8,1,2,20.0,0,54,40,74.07,10,51,10,13,98,52.41,74,366,409,762,190.2,11,0,989,11,2,0,Jose Dembi,Red Star FC,864774,52874,MF
5,1,25.0,66,5,83.33,106,34,139,75.54,14,48.28,15,27,0,0,0,0,24,2,2,6,0,2,27,0,0,9,6,54,0,1,,,12,0,14.29,0,4,4,7,7,0,3,1,,33,45.83,0,0,0,45,3,8,0,4,669,5,,0,0,0,0,0.0,0,0,0,0,100,5,0,6.79,0,4,0,0,0,0,0,0,167.25,0.0,2,17,11,11,11,6,30.0,0,15,12,80.0,8,5,20,4,47,46.53,6,151,37,184,183.4,28,1,337,14,4,0,Taylor Luvambo,Guingamp,1389882,1654,FW
1,3,25.0,52,1,50.0,83,28,108,78.26,4,40.0,6,12,0,0,0,0,25,0,3,1,0,3,12,0,0,5,7,34,0,0,,,7,0,18.75,0,3,3,3,3,0,3,0,,17,37.78,1,0,1,30,2,7,2,9,518,3,,0,1,0,0,0.0,0,0,0,0,67,6,0,6.79,0,0,0,0,0,0,0,0,172.67,0.0,0,11,5,8,7,5,35.71,0,5,2,40.0,6,4,14,12,21,38.18,2,117,33,138,81.5,16,0,233,8,1,0,Muhannad Al Saad,USL Dunkerque,868611,6918,MF
5,2,22.22,52,10,71.43,87,53,138,80.7,5,55.56,4,11,1,0,0,0,32,1,1,3,0,3,11,0,0,3,7,31,0,0,,,17,0,0.0,0,0,1,7,5,2,0,0,,21,43.75,0,0,0,33,3,1,0,5,424,0,,0,0,0,0,0.0,0,0,0,0,53,4,0,6.79,0,0,0,0,0,0,0,0,0.0,0.0,0,3,4,2,2,5,100.0,0,14,10,71.43,1,7,5,9,26,45.61,14,121,59,171,74.7,7,0,246,2,0,0,Alexis Trouillet,Rodez AF,988732,6925,MF
27,8,17.78,100,51,48.57,259,399,650,82.38,28,60.87,18,22,2,0,0,0,64,3,0,5,4,26,21,0,1,10,12,62,0,0,,,11,0,0.0,0,0,2,18,14,4,0,0,,46,51.11,0,0,0,139,20,11,0,16,1391,0,,0,0,0,0,0.0,0,0,0,0,228,1,0,6.79,1,0,0,0,0,0,0,0,0.0,0.0,0,7,6,6,2,8,42.11,0,19,9,47.37,11,66,19,45,74,54.41,105,395,439,789,142.6,13,0,1143,21,3,0,Arial Mendy,Grenoble Foot 38,940371,1671,DF
21,3,13.64,106,13,56.52,148,77,222,71.61,18,37.5,30,28,4,0,0,0,48,5,4,9,0,2,28,0,0,25,14,139,0,1,,,43,0,5.88,0,2,6,20,17,3,2,0,,62,36.26,0,0,0,88,8,20,2,10,1259,2,,0,0,0,0,0.0,0,0,0,0,217,13,0,6.79,0,0,0,0,0,0,0,0,629.5,0.0,1,25,9,7,18,19,38.78,0,28,20,71.43,20,33,49,22,80,36.53,23,241,91,310,190.1,34,0,592,15,3,0,Kay Tejan,USL Dunkerque,860158,6918,MF
4,0,0.0,35,1,100.0,67,38,105,82.68,19,48.72,20,9,0,0,0,0,7,1,2,1,0,6,9,0,0,5,2,29,0,0,,,2,0,16.67,0,1,1,2,2,0,1,0,,9,50.0,0,0,0,22,0,6,0,5,422,3,,0,0,0,0,0.0,0,0,0,0,34,1,0,6.79,0,1,0,0,0,0,0,0,422.0,0.0,0,6,0,2,3,1,50.0,0,4,2,50.0,6,4,2,1,28,49.12,1,86,42,127,61.1,6,0,171,6,0,0,Yoann Touzghar,Ajaccio,128333,1660,FW
17,0,0.0,15,18,40.91,52,112,164,75.23,11,61.11,7,9,0,0,0,0,25,0,0,0,1,43,9,0,0,1,6,21,0,0,,,7,0,0.0,0,0,0,7,7,0,0,0,,18,56.25,0,0,0,54,11,2,0,7,573,0,,0,0,0,0,0.0,0,0,0,0,58,1,0,6.79,0,0,0,0,0,0,0,0,0.0,0.0,0,0,0,0,0,1,50.0,0,13,10,76.92,2,29,2,1,29,58.0,44,89,130,218,61.1,0,0,321,4,0,0,Peter Ouaneh,Stade Lavallois,822829,1673,DF
53,3,25.0,208,61,74.39,441,407,845,88.85,10,40.0,15,27,1,0,0,0,113,0,1,8,0,14,27,0,0,26,12,95,0,0,,,28,0,5.26,0,1,2,37,32,5,1,0,,62,43.66,1,0,0,106,19,27,0,22,1767,1,,0,0,0,0,0.0,0,0,0,0,195,10,0,6.79,0,0,0,0,0,0,0,0,1767.0,0.0,0,10,9,9,2,11,40.74,0,37,24,64.86,27,76,27,12,72,43.11,82,530,433,951,183.2,19,0,1209,15,4,0,Steeve Beusnard,Pau FC,914739,1685,MF
7,1,50.0,45,3,42.86,98,61,158,69.3,42,40.38,62,17,1,0,0,0,25,3,3,2,0,21,16,0,0,15,7,98,0,0,,,10,0,12.5,0,2,3,11,11,0,2,0,,18,33.33,0,0,0,70,2,7,1,10,772,5,,0,0,0,0,0.0,0,0,0,0,112,7,0,6.78,0,1,0,0,0,0,0,0,386.0,0.0,0,14,2,7,7,4,40.0,0,7,5,71.43,7,14,10,2,60,37.97,7,155,75,228,108.5,16,0,379,7,1,0,Romain Montiel,FC Martigues,789164,1664,FW
56,17,22.67,204,74,64.35,460,467,910,87.92,6,28.57,15,31,3,0,0,0,127,4,1,3,1,11,31,0,0,21,24,96,0,0,,,23,0,7.14,0,1,4,32,26,6,1,0,,62,43.36,0,0,0,125,20,21,0,22,1969,2,,0,0,0,0,0.0,0,0,0,0,244,10,0,6.78,0,1,0,0,0,0,0,0,1969.0,0.0,1,2,12,4,7,16,55.17,0,33,21,63.64,21,79,29,75,68,41.46,115,605,505,1035,210.2,14,0,1346,13,1,0,Samuel Renel,Red Star FC,1005030,52874,MF
16,1,25.0,119,16,57.14,238,139,376,81.03,27,58.7,19,15,0,0,0,0,70,2,3,4,3,26,15,0,1,19,4,76,0,0,,,21,0,8.33,0,1,1,10,9,1,1,0,,57,50.0,0,0,1,88,11,10,0,14,1068,1,,0,0,0,0,0.0,0,0,0,0,148,7,0,6.78,1,1,0,0,0,0,0,0,1068.0,0.0,0,10,2,3,5,16,53.33,0,26,19,73.08,10,24,30,4,84,52.5,28,308,160,464,101.7,12,1,683,16,3,0,Tim Jabol-Folcarelli,Ajaccio,1106446,1660,MF
15,3,15.79,164,11,68.75,237,125,359,87.35,2,16.67,10,31,1,0,0,0,47,3,5,4,0,2,31,0,0,7,7,47,0,0,,,11,0,15.79,0,3,4,14,14,0,1,2,,32,46.38,0,0,2,52,9,14,0,9,1076,2,,0,0,0,0,0.0,0,0,0,0,117,9,0,6.78,1,3,0,0,0,0,0,0,358.67,0.0,0,13,6,5,10,6,30.0,0,11,8,72.73,14,27,20,19,34,41.98,16,302,128,411,210.1,19,0,581,15,4,1,Julien López,Paris FC,826492,6070,MF
0,1,100.0,4,0,0.0,7,6,12,80.0,5,83.33,1,4,1,0,0,0,3,1,0,1,0,3,4,0,0,4,0,11,0,0,,,2,0,0.0,0,0,1,2,2,0,0,0,,7,41.18,0,0,0,3,0,2,0,0,76,0,,0,0,0,0,0.0,0,0,0,0,16,0,0,6.78,0,0,0,0,0,0,0,0,0.0,0.0,0,2,1,1,1,0,0.0,0,4,3,75.0,2,0,4,1,12,52.17,1,9,7,15,27.1,3,0,48,3,0,0,Joseph Mangondo,Metz,1928236,1651,FW
8,5,33.33,49,21,23.6,112,154,261,64.44,23,47.92,25,20,1,0,0,0,53,1,0,1,6,64,20,0,0,4,10,53,0,1,,,12,0,0.0,0,0,1,14,10,4,0,0,,44,61.11,0,0,0,144,23,6,0,13,1241,0,,0,0,0,1,0.0,0,0,0,0,204,4,0,6.78,0,0,0,0,0,0,0,0,0.0,0.0,0,0,1,0,0,2,33.33,0,38,28,73.68,6,26,6,15,67,55.83,89,220,200,405,135.5,1,0,696,4,2,0,Julien Kouadio,Annecy FC,1529931,210894,DF
2,0,0.0,20,3,60.0,37,27,64,70.33,6,28.57,15,20,2,0,0,0,11,1,3,0,0,3,19,0,0,12,3,42,0,0,,,4,0,25.0,0,3,5,5,5,0,2,1,,17,38.64,0,0,0,27,1,4,0,2,351,0,,0,0,0,0,0.0,0,0,0,0,67,2,0,6.77,0,3,0,0,0,0,0,0,117.0,0.0,1,8,4,4,8,6,40.0,0,3,1,33.33,4,6,15,7,23,35.38,5,65,33,91,128.7,12,1,187,8,0,0,Joel Asoro,Metz,825901,1651,MF
18,6,16.22,47,18,78.26,77,47,118,74.68,0,0.0,8,12,0,0,0,0,13,1,1,2,0,0,11,0,0,2,8,26,0,0,,,4,0,0.0,0,0,0,3,3,0,0,0,,10,35.71,0,0,0,40,2,10,0,2,282,1,,0,0,0,0,0.0,0,0,0,0,83,1,0,6.77,0,0,0,0,0,0,0,0,0.0,0.0,0,2,4,1,3,2,33.33,0,5,2,40.0,10,24,6,37,10,27.78,23,141,54,158,74.5,6,0,241,3,0,0,Mathias Autret,Stade Malherbe Caen,101451,1667,MF
1,1,9.09,27,2,100.0,43,23,65,83.33,6,37.5,10,14,1,0,0,0,13,2,0,0,0,2,14,0,0,10,1,35,0,0,,,5,0,33.33,0,2,3,3,3,0,2,0,,23,47.92,0,0,0,13,0,5,1,1,299,2,,0,0,0,0,0.0,0,0,0,0,58,2,0,6.77,0,1,0,0,0,0,0,0,149.5,0.0,0,6,0,3,3,9,50.0,0,11,10,90.91,5,2,18,11,29,45.31,2,66,23,78,94.8,6,0,177,3,0,0,Junior Armando Mendes,Guingamp,831049,1654,FW
61,8,18.6,107,88,45.6,280,366,638,76.87,23,58.97,16,28,3,0,0,0,113,2,0,1,2,83,26,0,0,4,21,65,0,2,,,19,0,0.0,0,0,3,42,40,2,0,0,,59,54.63,0,0,1,192,33,12,0,25,2181,2,,0,0,0,0,0.0,0,0,0,0,306,1,0,6.77,0,0,0,0,0,0,0,0,0.0,0.0,1,1,5,4,1,7,58.33,0,38,21,55.26,12,117,12,43,82,55.78,193,448,425,830,176.0,6,2,1326,16,5,0,Nathanaël Saintini,FC Martigues,986992,1664,DF
19,7,22.58,127,10,40.0,214,112,319,70.26,25,44.64,31,29,1,0,0,0,66,1,4,8,3,15,29,0,0,30,21,135,0,0,,,27,0,6.67,0,2,3,18,14,4,1,1,,71,40.57,0,0,0,135,13,15,1,16,1425,2,,0,0,0,0,0.0,0,0,0,0,275,14,0,6.77,0,1,0,0,0,0,0,0,712.5,0.0,2,17,13,11,11,25,48.08,0,29,20,68.97,15,25,52,31,96,41.56,25,343,142,454,196.3,30,1,847,18,3,0,Anthony Bermont,Annecy FC,1545297,210894,MF
1,0,0.0,53,2,28.57,81,40,121,68.36,50,55.56,40,23,0,0,0,0,18,1,6,7,0,5,22,0,0,7,5,75,0,0,,,22,0,16.13,0,5,5,9,9,0,5,0,,20,36.36,1,0,0,56,2,8,1,9,907,8,,0,1,0,0,0.0,0,0,0,0,86,9,0,6.77,0,3,0,0,0,0,0,0,181.4,0.0,0,27,4,15,9,1,16.67,0,14,10,71.43,7,5,6,1,70,48.28,7,130,48,177,148.9,31,0,294,7,1,0,Pierre-Yves Hamel,Paris FC,857471,6070,FW
13,1,7.14,127,15,48.39,209,111,319,77.62,12,37.5,20,29,3,0,0,0,60,2,0,8,0,6,29,0,0,17,13,83,0,0,,,19,0,3.7,0,1,4,21,21,0,0,1,,55,46.61,0,0,0,92,15,18,0,16,1467,4,,0,0,0,0,0.0,0,0,0,0,185,10,0,6.77,0,1,0,0,0,0,0,0,1467.0,0.0,0,19,8,12,7,7,31.82,0,28,16,57.14,18,26,22,14,67,44.67,31,301,124,411,196.2,27,0,671,20,1,0,Kévin Zohi,Stade Lavallois,891793,1673,MF
15,10,29.41,141,12,38.71,208,143,341,62.34,21,31.34,46,27,3,0,0,0,80,8,1,6,1,21,27,0,1,25,26,148,0,0,,,32,0,19.05,0,4,7,26,22,4,3,1,,55,35.03,0,0,0,206,12,20,2,20,1722,2,,0,0,0,0,0.0,0,0,0,0,338,17,0,6.76,1,2,0,0,0,0,0,0,430.5,0.0,1,14,7,8,7,14,36.84,0,32,18,56.25,20,42,38,34,76,33.93,31,403,178,547,182.6,21,1,915,10,3,0,Clement Billemaz,Annecy FC,932072,210894,MF
40,3,25.0,97,38,71.7,204,273,474,87.78,14,60.87,9,24,1,0,0,0,48,1,0,3,1,8,24,0,0,7,4,46,0,0,,,17,0,11.76,0,2,3,21,19,2,2,0,,38,50.67,0,0,1,66,12,8,0,15,1239,0,,0,0,0,0,0.0,0,0,0,0,102,2,0,6.76,0,2,0,0,0,0,0,0,619.5,0.0,0,4,13,10,4,16,64.0,0,11,6,54.55,8,57,25,12,52,53.06,53,259,293,540,162.3,17,1,679,12,3,0,Joachim Eickmayer,Red Star FC,308672,52874,MF
16,8,18.6,85,27,28.72,173,182,347,67.38,33,52.38,30,21,0,0,0,0,69,1,0,1,2,38,21,0,0,17,15,91,0,1,,,24,0,0.0,0,0,0,22,19,3,0,0,,72,54.14,0,0,0,168,48,8,0,18,1638,1,,0,0,0,0,0.0,0,0,0,0,270,4,0,6.76,0,0,0,0,0,0,0,0,0.0,0.0,0,5,7,8,3,11,55.0,0,34,20,58.82,8,48,20,43,105,53.57,94,313,245,515,142.0,12,0,1025,30,4,0,Mohamed Youssouf,Ajaccio,38081,1660,DF
32,0,0.0,18,43,50.0,102,436,538,85.81,30,62.5,18,13,0,0,0,0,40,0,0,0,0,63,13,0,0,3,3,42,0,0,,,19,0,0.0,8,0,0,18,13,5,0,0,,18,42.86,0,0,0,89,22,1,0,11,995,0,,0,0,0,0,0.0,0,0,0,0,101,0,0,6.76,0,0,0,0,0,0,0,0,0.0,0.0,0,2,0,2,0,1,100.0,0,9,6,66.67,1,54,1,0,48,53.33,86,148,479,627,87.9,2,0,771,8,4,0,Bissenty Mendy,Red Star FC,1106376,52874,DF
48,3,27.27,91,52,55.91,182,208,387,81.13,21,60.0,14,19,1,0,0,0,45,0,0,0,0,30,18,0,0,5,14,45,0,0,,,12,0,0.0,0,0,1,12,11,1,0,0,,31,50.0,0,0,0,90,16,7,0,7,865,0,,0,0,0,1,0.0,0,0,0,0,120,2,0,6.76,0,0,0,0,0,0,0,0,0.0,0.0,0,0,0,0,0,2,66.67,0,16,8,50.0,7,73,3,11,52,53.61,93,254,234,477,121.7,0,0,619,15,6,0,Thomas Mangani,Ajaccio,14142,1660,MF
6,1,12.5,20,1,20.0,48,67,114,88.37,4,66.67,2,5,0,0,0,0,9,0,0,0,1,4,5,0,0,2,0,9,0,0,,,5,0,0.0,0,0,0,2,2,0,0,0,,9,56.25,0,0,0,15,2,1,0,3,275,0,,0,0,0,0,0.0,0,0,0,0,36,0,0,6.76,0,0,0,0,0,0,0,0,0.0,0.0,0,0,0,0,0,2,100.0,0,6,3,50.0,1,6,2,8,13,59.09,5,64,73,129,33.8,0,0,199,1,0,0,Núrio Fortuna,USL Dunkerque,385388,6918,DF
16,7,12.28,116,42,43.3,264,307,564,80.69,16,51.61,15,27,0,0,0,0,106,3,2,3,6,55,27,0,0,13,24,88,0,0,,,19,0,0.0,0,0,0,20,16,4,0,0,,81,52.6,0,0,0,135,35,9,0,20,1774,0,,0,0,0,0,0.0,0,0,0,0,271,5,0,6.76,0,0,0,0,0,0,0,0,0.0,0.0,0,2,11,6,4,17,45.95,0,37,22,59.46,9,45,37,57,97,52.43,97,401,355,699,182.5,13,0,1277,28,3,0,Tom Meynadier,Bastia,1536381,1655,DF
22,2,15.38,104,28,37.33,235,259,492,72.57,51,56.04,40,21,0,0,0,0,98,0,1,5,5,43,21,0,1,17,16,120,1,2,,,46,1,10.53,0,2,2,23,19,4,1,1,,75,48.39,1,0,1,186,27,8,1,18,1570,1,,0,0,0,2,0.0,0,0,0,0,247,5,0,6.76,1,0,0,0,0,0,0,0,785.0,50.0,2,8,11,9,5,5,50.0,0,51,31,60.78,8,46,10,13,126,51.22,75,383,308,678,141.9,19,0,983,23,6,0,Everson Junior,Ajaccio,1133559,1660,MF
4,0,0.0,22,23,37.1,81,248,329,79.28,47,60.26,31,14,0,0,0,0,39,0,0,1,5,64,14,0,1,3,3,46,0,0,,,9,0,0.0,0,0,0,12,9,3,0,0,,21,58.33,0,0,0,86,11,2,0,12,1089,0,,0,0,0,0,0.0,0,0,0,0,110,1,0,6.76,1,0,0,0,0,0,0,0,0.0,0.0,0,1,1,1,0,2,66.67,0,13,9,69.23,2,25,3,1,68,59.65,62,136,280,415,94.6,2,0,579,7,2,0,Sidi Bane,Annecy FC,1211830,210894,DF
15,1,33.33,93,22,66.67,231,259,489,85.79,44,63.77,25,27,0,0,0,0,57,0,0,4,2,25,27,0,1,14,16,97,1,1,,,37,0,5.56,0,1,1,20,15,5,1,0,,69,48.94,1,0,0,81,12,4,0,13,1338,0,,0,0,0,0,0.0,0,0,0,1,129,2,0,6.76,1,0,0,0,0,0,0,0,1338.0,0.0,2,13,5,9,5,8,57.14,0,35,22,62.86,4,28,14,3,113,53.81,33,295,278,570,182.4,18,2,797,27,5,0,Hianga'a M'Bock,Red Star FC,990820,52874,MF
4,1,14.29,80,2,100.0,130,45,174,65.17,68,52.71,61,27,0,0,0,0,37,1,5,6,1,20,26,0,0,17,6,120,0,0,,,27,0,11.11,0,3,3,15,15,0,3,0,,47,44.34,1,0,1,93,9,11,0,9,1015,8,,0,0,1,0,100.0,0,1,0,0,171,9,0,6.75,0,2,0,0,0,0,0,0,338.33,0.0,0,22,5,13,8,9,42.86,0,16,9,56.25,11,8,21,7,115,48.94,2,218,56,267,175.6,27,0,499,25,4,0,Ayoub Jabbari,Grenoble Foot 38,1047988,1671,FW
2,3,13.04,90,5,83.33,129,47,173,75.55,6,30.0,14,28,1,0,0,0,42,5,7,8,1,8,28,0,0,14,6,75,0,0,,,25,0,8.0,0,2,3,23,21,2,2,0,,46,42.99,0,0,0,56,11,21,0,14,1348,16,,0,0,1,0,100.0,0,1,0,2,148,15,0,6.75,0,2,0,0,0,0,0,0,674.0,0.0,0,24,1,6,11,8,29.63,0,15,11,73.33,21,3,27,23,52,40.94,6,193,59,229,189.1,25,0,444,23,3,0,Tairyk Arconte,Pau FC,1105698,1685,MF
5,3,30.0,48,7,70.0,83,52,132,78.11,13,44.83,16,18,3,0,0,0,19,2,1,7,0,6,18,0,0,6,4,38,0,0,,,3,0,6.67,0,1,4,6,6,0,1,0,,26,54.17,1,0,0,37,3,6,0,4,521,3,,0,0,0,0,0.0,0,0,0,0,74,3,0,6.75,0,0,0,0,0,0,0,0,521.0,0.0,0,10,5,5,3,7,43.75,0,13,7,53.85,6,6,16,10,39,50.65,10,118,61,169,121.5,15,0,279,7,1,0,Jordan Tell,Stade Lavallois,877342,1673,MF
1,1,20.0,21,2,40.0,37,20,56,68.29,4,36.36,7,12,0,0,0,0,18,0,0,2,0,3,12,0,0,5,2,28,0,0,,,7,0,16.67,0,1,1,4,2,2,1,0,,21,50.0,0,0,0,26,5,3,0,3,342,2,,0,0,0,0,0.0,0,0,0,1,52,2,0,6.75,0,1,0,0,0,0,0,0,342.0,0.0,0,5,1,0,4,4,36.36,0,8,4,50.0,3,5,11,5,25,47.17,5,63,24,82,81.0,6,0,156,9,0,0,Marco Essimi,USL Dunkerque,990092,6918,MF
0,0,0.0,12,1,33.33,17,3,20,58.82,2,25.0,6,2,2,0,0,0,4,1,2,0,0,2,2,0,0,3,1,14,0,0,,,2,0,0.0,0,0,2,2,2,0,0,0,,2,20.0,0,0,1,14,0,4,0,2,138,1,,0,0,0,0,0.0,0,0,0,0,21,3,0,6.75,0,0,0,0,0,0,0,0,0.0,0.0,0,2,1,2,1,0,0.0,0,1,1,100.0,4,3,2,0,4,22.22,3,31,3,34,13.5,3,0,53,1,1,0,Samuel Ntamack Ndimba,Annecy FC,1129368,210894,MF
3,0,0.0,5,5,100.0,23,18,41,87.23,3,75.0,1,2,0,0,0,0,3,0,0,0,0,0,2,0,0,0,0,3,0,0,,,3,0,0.0,0,0,0,0,0,0,0,0,,2,50.0,0,0,0,6,0,1,0,0,47,0,,0,0,0,0,0.0,0,0,0,0,6,0,0,6.75,0,0,0,0,0,0,0,0,0.0,0.0,0,0,0,0,0,2,100.0,0,0,0,0.0,1,3,2,0,5,62.5,5,27,20,47,13.5,0,0,49,0,1,0,Arthur Atta,Metz,1444690,1651,MF
0,1,20.0,3,0,0.0,9,3,11,68.75,0,0.0,1,4,0,0,0,0,3,1,0,0,0,1,4,0,0,3,1,6,0,0,,,0,0,0.0,0,0,0,3,3,0,0,0,,10,66.67,0,0,0,5,0,2,0,0,62,0,,0,0,0,0,0.0,0,0,0,0,14,0,0,6.75,0,0,0,0,0,0,0,0,0.0,0.0,0,1,0,0,1,5,83.33,0,2,2,100.0,2,0,6,5,10,62.5,0,16,5,16,27.0,1,0,39,3,0,0,Kilyan Jusseron-Veniere,Annecy FC,2024624,210894,MF
0,0,0.0,8,0,0.0,10,6,16,76.19,2,28.57,5,8,0,0,0,0,2,1,0,1,0,4,6,0,0,1,2,10,0,0,,,2,0,0.0,0,0,0,1,1,0,0,0,,5,50.0,0,0,0,5,2,2,0,0,115,0,,0,0,0,0,0.0,0,0,0,0,12,0,0,6.75,0,0,0,0,0,0,0,0,0.0,0.0,0,5,1,2,3,0,0.0,0,4,2,50.0,2,1,0,1,7,41.18,1,15,7,21,40.5,6,0,48,1,1,0,Krys Kouassi,Amiens SC,2001165,1676,FW
2,3,30.0,20,5,62.5,38,20,55,85.94,0,0.0,2,8,0,0,0,0,10,0,1,1,0,0,8,0,0,2,5,15,0,0,,,5,0,0.0,0,0,0,2,2,0,0,0,,12,48.0,0,0,0,9,0,2,0,1,184,2,,0,0,0,0,0.0,0,0,0,0,23,1,0,6.75,0,0,0,0,0,0,0,0,0.0,0.0,0,3,2,2,2,3,75.0,0,7,3,42.86,2,4,4,10,12,44.44,8,53,21,64,54.0,5,0,102,2,0,0,Kylian Gasnier,Pau FC,1002038,1685,MF
36,2,12.5,124,31,25.62,256,313,567,69.32,44,45.83,52,31,0,0,0,0,95,0,0,1,9,96,31,0,0,13,11,99,0,1,,,23,0,0.0,0,0,0,36,28,8,0,0,,60,56.07,0,0,0,251,31,7,0,25,2429,2,,0,0,0,0,0.0,0,0,0,0,418,4,0,6.75,0,0,0,0,0,0,0,0,0.0,0.0,0,4,4,5,2,6,85.71,0,39,28,71.79,7,95,7,16,104,51.23,121,436,398,818,209.2,8,0,1450,15,2,0,Thibault Delphis,Annecy FC,1518749,210894,DF
4,3,25.0,51,7,53.85,79,52,128,77.58,10,55.56,8,24,0,0,0,0,31,0,2,7,0,4,23,0,0,9,6,50,0,0,,,15,0,5.26,0,1,1,8,7,1,0,1,,33,44.0,0,0,2,37,13,11,0,6,660,3,,0,0,0,0,0.0,0,0,0,0,91,6,0,6.75,0,1,0,0,0,0,0,0,660.0,0.0,0,13,6,9,3,13,52.0,0,10,7,70.0,11,8,25,12,43,46.24,13,118,59,165,155.2,19,0,322,10,1,0,Jaures Assoumou,Troyes,1514452,1652,
61,2,13.33,214,72,61.54,426,402,826,82.93,34,48.57,36,32,2,0,0,0,94,0,5,5,3,44,32,0,0,30,26,167,3,1,,,64,0,19.05,0,4,6,44,40,4,3,1,,130,49.81,1,0,1,170,29,12,1,26,2245,2,,0,0,0,0,0.0,0,0,0,0,282,10,0,6.75,0,2,0,0,0,0,0,0,561.25,0.0,0,12,9,7,9,16,45.71,0,75,38,50.67,12,96,35,15,164,49.55,117,552,459,996,215.9,21,0,1422,39,7,0,Noé Lebreton,Stade Malherbe Caen,1214957,1667,MF
17,1,33.33,44,14,77.78,96,129,224,85.17,15,62.5,9,11,0,0,0,0,55,1,0,2,2,9,11,0,0,11,6,43,0,0,,,13,0,0.0,0,0,0,9,9,0,0,0,,28,45.16,0,0,0,39,3,6,0,7,579,0,,0,0,0,1,0.0,0,0,0,0,72,1,0,6.75,0,0,0,0,0,0,0,0,0.0,0.0,0,1,2,1,0,7,58.33,0,15,10,66.67,6,24,12,3,43,50.0,18,129,137,263,74.2,3,0,373,8,1,0,Jordan Adeoti,Stade Lavallois,143803,1673,MF
1,1,50.0,20,0,0.0,34,15,48,73.85,15,53.57,13,9,3,0,0,0,5,1,2,1,0,1,9,0,0,5,0,26,0,0,,,6,0,0.0,0,0,3,3,3,0,0,0,,4,23.53,0,0,0,17,1,6,0,4,338,5,,0,0,0,0,0.0,0,0,0,0,41,2,0,6.74,0,0,0,0,0,0,0,0,0.0,0.0,0,6,1,3,3,2,40.0,0,0,0,0.0,6,1,5,2,19,42.22,0,52,15,65,60.7,7,0,112,3,0,0,Simon Elisor,Metz,1049526,1651,FW
8,4,33.33,90,6,46.15,126,57,179,81.0,5,50.0,5,25,0,0,0,0,36,1,1,4,0,3,24,0,0,10,1,51,0,0,,,14,0,20.0,0,4,4,9,9,0,4,0,,26,36.11,0,0,0,42,4,11,4,4,607,6,,0,1,0,0,0.0,0,0,0,0,105,6,0,6.74,0,0,0,0,0,0,0,0,151.75,0.0,0,14,6,7,9,12,35.29,0,4,2,50.0,10,15,34,12,31,37.8,13,172,61,221,161.8,20,0,363,10,3,0,Eddy Sylvestre,Grenoble Foot 38,962374,1671,MF
2,5,21.74,72,2,33.33,116,58,169,73.48,23,33.82,45,32,5,0,0,0,18,8,9,8,0,7,32,0,0,11,9,97,0,0,,,26,0,2.86,0,1,6,12,11,1,1,0,,45,46.39,0,0,2,61,3,14,0,16,1408,17,,0,0,0,0,0.0,0,0,0,0,137,6,0,6.74,0,1,0,0,0,0,0,0,1408.0,0.0,0,27,8,13,14,4,33.33,0,18,11,61.11,14,7,12,23,68,41.21,6,185,68,230,215.7,35,0,431,23,2,0,Nouha Dicko,Paris FC,204286,6070,FW
2,2,20.0,21,2,28.57,36,12,46,75.41,5,50.0,5,14,1,0,0,0,15,0,0,4,0,1,10,0,0,1,1,19,0,0,,,7,0,0.0,0,0,1,2,2,0,0,0,,19,57.58,0,0,1,15,2,3,0,0,197,1,,0,0,0,0,0.0,0,0,0,0,35,3,0,6.74,0,0,0,0,0,0,0,0,0.0,0.0,0,2,7,5,0,4,40.0,0,2,1,50.0,3,6,10,10,24,55.81,7,56,15,61,67.4,9,0,119,13,1,0,Elyess Dao,Amiens SC,1891116,1676,FW
1,3,9.68,106,2,50.0,175,85,257,78.35,13,41.94,18,21,0,0,0,0,39,0,3,4,1,4,21,0,0,27,6,66,0,1,,,7,0,20.0,0,3,3,15,15,0,3,0,,32,40.0,2,0,0,71,12,7,0,11,903,2,,0,0,0,0,0.0,0,0,0,0,165,7,0,6.73,0,1,0,0,0,0,0,0,301.0,0.0,0,13,2,2,9,4,28.57,0,17,11,64.71,7,5,14,31,45,40.54,4,254,105,328,141.4,15,1,536,11,0,0,Amadou Sagna,Guingamp,982318,1654,MF
27,1,50.0,54,52,43.7,112,273,384,75.74,49,76.56,15,21,0,0,0,0,64,0,0,0,1,111,21,0,0,3,9,40,1,1,,,14,0,0.0,0,0,0,25,23,2,0,0,,16,39.02,0,0,0,123,20,3,0,15,1408,0,,0,0,0,1,0.0,0,0,0,0,143,0,0,6.73,0,0,0,0,0,0,0,0,0.0,0.0,0,6,2,7,1,4,80.0,0,8,6,75.0,3,70,5,2,65,61.9,119,203,306,507,141.4,8,0,735,4,4,0,Leandro Morante,FC Martigues,993442,1664,DF
24,9,13.04,133,29,43.94,281,303,575,82.03,21,61.76,13,27,0,0,0,0,62,2,0,3,2,42,27,0,0,11,7,53,0,2,,,15,0,0.0,0,0,0,27,24,3,0,0,,63,61.17,0,0,0,126,21,9,0,19,1700,1,,0,0,0,0,0.0,0,0,0,0,273,5,0,6.73,0,0,0,0,0,0,0,0,0.0,0.0,0,5,1,1,2,12,63.16,0,32,25,78.13,9,43,19,69,84,61.31,66,421,349,701,181.8,6,0,1179,20,5,0,Jordy Gaspar,Pau FC,847869,1685,DF
16,5,20.83,123,30,62.5,251,155,401,82.34,15,50.0,15,25,1,0,0,0,51,0,1,4,0,17,25,0,1,8,16,64,0,0,,,10,0,0.0,0,0,1,16,13,3,0,0,,61,55.45,0,0,0,86,8,11,0,14,1182,5,,0,0,0,0,0.0,0,0,0,0,161,8,0,6.73,1,0,0,0,0,0,0,0,0.0,0.0,1,10,7,10,3,16,48.48,0,26,15,57.69,11,29,33,24,76,54.29,48,336,175,487,168.3,17,0,704,22,2,0,Mickaël Le Bihan,Stade Malherbe Caen,106328,1667,MF
5,5,25.0,115,11,68.75,189,101,285,84.57,10,40.0,15,20,2,0,0,0,58,2,5,9,0,2,20,0,0,18,9,84,0,0,,,7,0,6.67,0,2,4,17,16,1,2,0,,43,38.39,0,0,0,52,5,12,0,12,1043,2,,0,0,0,0,0.0,0,0,0,0,173,11,0,6.73,0,2,0,0,0,0,0,0,521.5,0.0,0,22,8,9,12,24,39.34,0,13,8,61.54,12,13,61,20,53,38.69,16,245,112,337,134.6,30,0,584,6,0,0,Tidiam Gomis,Stade Malherbe Caen,1426577,1667,MF
20,3,11.11,172,16,50.0,255,110,362,68.05,19,23.46,62,34,4,0,0,0,139,9,4,12,2,17,34,0,0,65,29,261,0,0,,,44,0,9.8,0,5,9,25,20,5,4,1,,93,31.85,1,0,3,170,14,18,4,29,2306,8,,0,1,0,0,0.0,0,0,0,0,421,33,0,6.73,0,0,0,0,0,0,0,0,461.2,0.0,0,33,18,18,21,39,36.79,0,34,22,64.71,17,44,106,27,112,30.03,32,424,135,532,228.8,51,0,1067,20,3,0,Antoine Larose,Annecy FC,864574,210894,MF
9,2,40.0,81,21,67.74,208,233,439,89.23,6,37.5,10,16,0,0,0,0,35,0,0,2,0,10,15,0,0,12,5,43,0,1,,,13,0,0.0,0,0,0,11,10,1,0,0,,36,52.17,0,0,0,53,4,5,0,6,723,0,,0,0,0,0,0.0,0,0,0,0,87,0,0,6.73,0,0,0,0,0,0,0,0,0.0,0.0,0,1,4,1,2,4,44.44,0,21,13,61.9,5,16,9,5,42,49.41,31,246,251,492,100.9,5,0,607,11,2,0,Alpha Touré,Metz,1597191,1651,MF
14,0,0.0,76,22,32.35,166,190,356,78.94,26,81.25,6,12,0,0,0,0,44,0,0,2,2,42,12,0,0,5,2,35,0,1,,,21,0,0.0,0,0,0,18,16,2,0,0,,28,49.12,0,0,0,95,17,1,0,12,1075,0,,0,0,0,1,0.0,0,0,0,0,117,3,0,6.73,0,0,0,0,0,0,0,0,0.0,0.0,0,6,1,3,2,4,57.14,0,19,12,63.16,1,39,7,3,54,60.67,68,238,216,451,80.7,7,0,587,5,5,0,Till Cissokho,Rodez AF,859022,6925,DF
23,0,0.0,59,47,35.88,185,472,657,81.31,49,64.47,27,30,0,0,0,0,71,0,0,3,2,78,25,0,0,4,4,70,0,0,,,36,0,0.0,2,0,0,28,24,4,0,0,,38,46.91,0,0,0,151,29,3,0,15,1416,0,,0,0,0,2,0.0,0,0,0,0,176,1,0,6.72,0,0,0,0,0,0,0,0,0.0,0.0,0,2,4,2,1,6,75.0,0,20,17,85.0,3,63,8,1,87,55.41,131,284,525,808,168.1,6,0,1058,13,4,0,Josue Escartin,Red Star FC,1128648,52874,DF
6,3,15.0,87,3,30.0,164,121,282,82.46,8,23.53,26,26,1,0,0,0,37,3,0,6,0,9,26,0,0,24,17,108,0,0,,,12,0,17.39,0,4,5,22,19,3,4,0,,53,39.26,0,0,2,60,5,11,3,12,1124,0,,0,0,0,0,0.0,0,0,0,0,171,2,0,6.72,0,1,0,0,0,0,0,0,281.0,0.0,0,18,5,8,9,26,46.43,0,16,11,68.75,11,13,56,20,61,36.09,10,224,138,342,174.8,23,2,589,12,1,0,Kemo Cissé,Red Star FC,1397904,52874,MF
4,8,10.96,150,6,54.55,213,95,300,83.8,3,11.11,24,31,2,0,0,0,47,5,4,10,1,2,31,0,0,20,11,113,0,0,,,25,0,7.69,0,2,4,32,31,1,2,0,,73,45.06,2,0,0,58,5,22,0,17,1714,1,,0,0,0,0,0.0,0,0,0,0,240,13,0,6.72,0,0,0,0,0,0,0,0,857.0,0.0,0,18,8,7,9,17,34.0,0,19,12,63.16,22,8,50,73,76,40.21,11,322,109,358,208.4,26,0,713,37,1,0,Godson Kyeremeh,Stade Malherbe Caen,975300,1667,MF
0,0,0.0,17,0,0.0,25,20,45,67.16,25,73.53,9,9,1,0,0,0,5,1,0,0,0,4,9,0,0,4,2,20,0,0,,,2,0,0.0,0,0,1,7,7,0,0,0,,11,50.0,0,0,0,22,0,2,0,3,302,4,,0,0,0,0,0.0,0,0,0,0,41,0,0,6.72,0,0,0,0,0,0,0,0,0.0,0.0,0,1,0,1,0,4,57.14,0,5,3,60.0,2,0,7,0,36,64.29,0,42,25,67,60.5,1,0,115,2,0,0,Nesta Elphege,Grenoble Foot 38,1486729,1671,FW
4,0,0.0,147,4,28.57,224,77,301,61.55,84,49.7,85,33,3,0,0,0,60,2,10,8,1,10,33,0,1,35,8,211,0,0,,,49,0,7.5,0,3,6,23,18,5,3,0,,62,32.98,0,0,2,188,6,17,0,25,1866,8,,0,0,2,0,100.0,0,2,0,1,373,19,0,6.72,1,3,0,0,0,0,0,0,622.0,0.0,1,27,13,15,17,21,36.21,0,17,15,88.24,17,11,58,11,146,40.9,14,397,103,489,221.8,40,1,876,27,3,0,Kapit Djoco,Annecy FC,939916,210894,FW
8,2,22.22,68,2,22.22,121,52,171,69.23,46,52.27,42,19,1,0,0,0,19,2,4,3,0,13,19,0,0,16,2,81,0,0,,,15,0,10.0,0,2,3,14,13,1,2,0,,21,35.0,1,0,0,76,2,10,0,12,1095,14,,0,0,1,0,100.0,0,1,0,0,142,6,0,6.72,0,1,0,0,0,0,0,0,547.5,0.0,0,15,5,11,6,4,36.36,0,3,1,33.33,10,15,11,9,67,45.27,9,192,64,247,127.7,20,0,412,16,5,0,Christopher Ibayi,Ajaccio,789166,1660,FW
13,0,0.0,37,14,46.67,95,168,263,78.27,26,66.67,13,16,0,0,0,0,23,0,0,4,1,10,16,0,0,1,2,27,0,0,,,11,0,9.09,0,1,1,9,9,0,0,1,,16,53.33,0,0,0,73,17,1,1,10,819,0,,0,0,0,0,0.0,0,0,0,0,85,2,0,6.72,0,0,0,0,0,0,0,0,819.0,0.0,0,3,8,5,2,1,33.33,0,12,8,66.67,1,22,3,3,42,60.87,30,148,191,336,107.5,11,0,427,5,2,0,Diogo Queirós,USL Dunkerque,855665,6918,MF
7,0,0.0,58,9,64.29,140,104,244,90.37,6,46.15,7,16,0,0,0,0,21,1,1,1,0,4,16,0,0,5,3,23,0,0,,,6,0,0.0,0,0,0,9,8,1,0,0,,21,56.76,0,0,0,26,13,8,0,5,502,0,,0,0,0,1,0.0,0,0,0,1,42,2,0,6.72,0,0,0,0,0,0,0,0,0.0,0.0,0,1,2,1,1,2,50.0,0,16,13,81.25,8,8,4,2,27,54.0,14,159,113,270,107.5,3,0,347,3,1,0,Lebogang Phiri,Guingamp,317179,1654,MF
14,1,50.0,16,27,31.03,87,351,437,81.99,22,51.16,21,12,0,0,0,0,55,0,0,0,2,43,12,0,0,3,4,38,0,1,,,10,0,0.0,12,0,0,14,12,2,0,0,,22,56.41,0,0,0,96,15,0,0,9,810,0,,0,0,0,1,0.0,0,0,0,0,111,0,0,6.72,0,0,0,0,0,0,0,0,0.0,0.0,0,2,1,2,1,3,60.0,0,12,9,75.0,0,44,5,2,44,53.66,87,145,390,533,80.6,3,0,655,7,1,0,Blondon  Meyapya Fongain,Red Star FC,1103208,52874,DF
28,0,0.0,35,48,48.98,105,463,568,85.8,35,55.56,28,25,0,0,0,0,66,0,1,1,3,89,24,0,0,7,9,74,0,0,,,24,0,0.0,4,0,0,26,22,4,0,0,,54,54.0,0,0,0,94,13,3,0,19,1723,1,,0,0,0,1,0.0,0,0,0,0,127,0,0,6.72,0,0,0,0,0,0,0,0,0.0,0.0,0,4,0,3,0,10,62.5,0,30,21,70.0,3,47,16,0,89,54.6,98,162,500,662,161.2,4,0,910,14,5,0,Jesah Ayessa,Ajaccio,1622126,1660,DF
12,3,21.43,99,12,57.14,183,117,297,76.74,10,23.26,33,30,1,0,0,0,50,0,5,4,0,17,29,0,0,20,21,106,0,0,,,16,0,7.14,0,2,3,15,14,1,2,0,,66,47.48,0,0,0,90,18,11,0,17,1380,5,,0,0,0,0,0.0,0,0,0,0,188,9,0,6.71,0,2,0,0,0,0,0,0,690.0,0.0,1,21,7,13,11,16,47.06,0,31,22,70.97,11,27,34,14,76,41.76,21,260,141,387,194.7,28,0,661,19,2,0,Alan Kerouedan,Grenoble Foot 38,859028,1671,MF
2,2,16.67,36,1,100.0,66,53,117,57.92,34,43.04,45,23,0,0,0,0,41,1,4,10,0,1,23,0,0,22,4,130,0,0,,,41,0,12.12,0,4,4,17,15,2,4,0,,50,37.04,2,0,0,85,0,4,1,7,874,6,,0,0,0,0,0.0,0,0,0,0,202,9,0,6.71,0,1,0,0,0,0,0,0,218.5,0.0,0,26,7,8,15,11,35.48,0,6,2,33.33,4,6,31,12,84,39.25,1,144,70,202,154.4,33,1,451,34,5,0,Trévis Dago,Annecy FC,1445699,210894,FW
9,1,20.0,23,14,30.43,90,219,308,85.56,5,31.25,11,8,0,0,0,0,19,0,0,1,0,26,8,0,0,5,2,24,1,0,,,8,0,0.0,2,0,0,9,6,3,0,0,,19,59.38,0,0,0,52,7,0,0,6,515,0,,0,0,0,0,0.0,0,0,0,0,64,0,0,6.71,0,0,0,0,0,0,0,0,0.0,0.0,0,2,1,1,1,0,0.0,0,17,11,64.71,0,22,0,5,24,50.0,46,122,243,360,53.7,3,0,445,2,1,0,Nehemiah Fernandez,USL Dunkerque,1129333,6918,DF
8,0,0.0,28,32,58.18,127,339,466,90.14,19,52.78,17,9,0,0,0,0,30,0,1,1,1,39,9,0,0,3,7,43,1,2,,,15,0,0.0,1,0,0,15,11,4,0,0,,16,38.1,0,0,0,51,8,1,0,9,720,0,,0,0,0,0,0.0,0,0,0,0,61,0,0,6.71,0,0,0,0,0,0,0,0,0.0,0.0,0,6,0,2,3,0,0.0,0,12,8,66.67,1,18,1,1,35,44.87,55,162,356,517,60.4,6,0,619,4,1,0,Alex Moussounda,Stade Malherbe Caen,1141425,1667,
4,0,0.0,44,2,40.0,78,30,108,63.91,55,53.4,48,21,2,0,0,0,24,2,1,5,0,14,20,0,0,19,4,103,0,0,,,26,0,6.67,0,1,3,11,11,0,1,0,,33,37.5,0,0,1,61,0,9,0,6,627,4,,0,0,0,0,0.0,0,0,0,0,133,7,0,6.71,0,1,0,0,0,0,0,0,627.0,0.0,0,12,3,6,4,8,44.44,0,17,11,64.71,9,5,18,2,88,46.07,5,126,45,169,134.2,15,0,336,9,0,0,Siriné Doucouré,Stade Lavallois,1049527,1673,FW
2,1,25.0,27,1,33.33,44,21,64,79.01,4,28.57,10,11,0,0,0,0,11,0,1,0,0,0,11,0,0,5,3,29,0,0,,,6,0,0.0,0,0,0,4,3,1,0,0,,22,53.66,0,0,1,17,7,2,0,2,243,0,,0,0,0,0,0.0,0,0,0,0,48,1,0,6.71,0,0,0,0,0,0,0,0,0.0,0.0,0,2,4,4,2,9,60.0,0,8,5,62.5,2,4,15,4,26,47.27,3,63,22,81,73.8,6,0,159,5,0,0,Yonis Njoh,Pau FC,1510865,1685,MF
19,0,0.0,52,13,54.17,148,198,346,84.8,8,44.44,10,16,0,0,0,0,69,0,2,1,2,12,15,0,0,4,12,43,0,0,,,19,0,0.0,0,0,0,15,15,0,0,0,,35,51.47,0,0,0,62,15,0,0,11,976,0,,0,0,0,1,0.0,0,0,0,0,77,1,0,6.71,0,0,0,0,0,0,0,0,0.0,0.0,0,3,5,4,3,4,80.0,0,22,17,77.27,0,29,5,1,43,50.0,24,190,219,408,100.6,8,0,528,11,5,0,Francois Kembolo Luyeye,FC Martigues,816637,1664,MF
10,0,0.0,61,25,65.79,149,207,356,86.62,9,32.14,19,23,0,0,0,0,50,0,0,1,1,21,18,0,0,5,18,65,1,0,,,20,0,20.0,0,1,1,16,13,3,1,0,,43,48.31,0,0,0,55,12,7,1,8,926,0,,0,0,0,1,0.0,0,0,0,0,74,3,0,6.71,0,0,0,0,0,0,0,0,926.0,0.0,0,1,4,3,1,6,60.0,0,30,18,60.0,7,20,10,0,52,44.44,38,185,226,411,120.7,5,0,562,8,3,0,Ibrahim Fofana,Amiens SC,1392802,1676,MF
3,0,0.0,10,1,100.0,26,24,50,90.91,1,100.0,0,4,0,0,0,0,1,0,0,0,0,2,4,0,0,0,0,0,0,0,,,0,0,100.0,0,1,1,4,4,0,0,1,,2,100.0,0,0,0,5,0,0,1,0,98,0,,0,0,0,0,0.0,0,0,0,0,6,0,0,6.7,0,0,0,0,0,0,0,0,98.0,0.0,0,0,1,0,1,0,0.0,0,0,0,0.0,0,3,0,0,3,100.0,1,30,25,55,26.8,1,0,67,2,0,0,Gabin Tomé,Stade Malherbe Caen,1989951,1667,MF
20,0,0.0,71,39,73.58,225,351,576,91.28,26,61.9,16,13,0,0,0,0,40,0,0,2,1,27,13,0,0,1,6,37,0,0,,,10,0,14.29,0,1,1,20,19,1,1,0,,29,58.0,0,0,0,55,7,3,0,11,874,1,,0,0,0,1,0.0,0,0,0,0,69,0,0,6.7,0,1,0,0,0,0,0,0,874.0,0.0,0,7,0,3,2,4,50.0,0,14,7,50.0,3,28,8,0,55,59.78,53,255,376,631,87.1,7,1,767,11,3,0,Daylam Meddah,Pau FC,989831,1685,DF
1,1,50.0,12,1,100.0,25,4,28,87.5,0,0.0,2,6,1,0,0,0,8,1,0,1,0,0,6,0,0,2,0,9,0,0,,,3,0,0.0,0,0,1,0,0,0,0,0,,4,36.36,0,0,0,4,1,4,0,0,74,0,,0,0,0,0,0.0,0,0,0,0,18,2,0,6.7,0,0,0,0,0,0,0,0,0.0,0.0,0,1,0,0,0,2,50.0,0,2,2,100.0,4,2,4,2,4,30.77,1,30,4,32,40.2,1,0,56,0,0,0,Bandiougou Fadiga,Lorient,954059,1656,MF
3,4,28.57,25,3,37.5,42,31,69,71.13,6,60.0,4,7,1,0,0,0,17,0,0,0,0,2,7,0,0,3,1,19,0,0,,,3,0,0.0,0,0,1,4,4,0,0,0,,19,55.88,0,0,0,28,3,4,0,3,259,0,,0,0,0,0,0.0,0,0,0,0,60,1,0,6.7,0,0,0,0,0,0,0,0,0.0,0.0,0,2,3,5,0,4,33.33,0,10,5,50.0,4,8,12,14,25,56.82,8,75,36,97,46.9,5,0,180,6,0,0,Valentin Jacob,Ajaccio,365494,1660,MF
5,9,26.47,32,10,45.45,68,86,145,77.13,5,38.46,8,10,1,0,0,0,24,5,0,0,1,5,10,0,0,2,5,22,0,0,,,5,0,0.0,0,0,1,8,6,2,0,0,,11,44.0,0,0,0,43,5,10,0,3,380,0,,0,0,0,0,0.0,0,0,0,0,87,1,0,6.7,0,0,0,0,0,0,0,0,0.0,0.0,2,1,2,1,2,1,25.0,0,8,6,75.0,10,16,4,34,16,42.11,22,117,105,188,67.0,3,0,302,2,2,0,Bendjaloud Youssouf,USL Dunkerque,579712,6918,DF
3,0,0.0,0,7,46.67,5,17,22,73.33,1,100.0,0,1,0,0,0,0,8,0,0,0,0,1,1,0,0,0,0,0,0,0,,,0,0,0.0,8,0,0,1,1,0,0,0,,1,100.0,0,2,0,8,0,0,0,1,90,0,,0,0,0,0,0.0,0,0,0,0,8,0,0,6.7,0,0,0,1,1,2,0,0,0.0,0.0,0,0,0,0,0,0,0.0,0,0,0,0.0,0,4,0,0,2,100.0,15,10,20,30,6.7,0,0,40,1,0,0,Brice Maubleu,Grenoble Foot 38,72818,1671,GK
0,0,0.0,1,0,0.0,1,1,2,66.67,0,0.0,1,1,0,0,0,0,1,0,0,0,0,0,1,0,0,0,0,2,0,0,,,1,0,0.0,0,0,0,0,0,0,0,0,,2,66.67,0,0,0,1,0,1,0,0,12,0,,0,0,0,0,0.0,0,0,0,0,3,0,0,6.7,0,0,0,0,0,0,0,0,0.0,0.0,0,0,0,0,0,1,100.0,0,0,0,0.0,1,0,1,1,2,50.0,0,3,1,3,6.7,0,0,7,1,0,0,Goteh Ntignee,Annecy FC,1069251,210894,MF
0,0,0.0,5,0,0.0,6,3,9,75.0,1,50.0,1,2,0,0,0,0,3,0,0,0,0,0,1,0,0,0,0,2,0,0,,,1,0,0.0,0,0,0,0,0,0,0,0,,1,50.0,0,0,0,3,1,0,0,0,25,0,,0,0,0,0,0.0,0,0,0,0,5,1,0,6.7,0,0,0,0,0,0,0,0,0.0,0.0,0,0,1,1,0,1,100.0,0,0,0,0.0,0,0,1,2,2,50.0,0,10,4,12,6.7,1,0,19,0,0,0,Evan’s Jean-Lambert,Pau FC,915451,1685,DF
0,1,100.0,4,0,0.0,7,2,8,61.54,0,0.0,0,2,0,0,0,0,1,0,0,0,0,1,2,0,0,0,0,0,0,0,,,1,0,0.0,0,0,0,0,0,0,0,0,,1,100.0,0,0,0,5,1,0,0,0,17,0,,0,0,0,0,0.0,0,0,0,0,6,0,0,6.7,0,0,0,0,0,0,0,0,0.0,0.0,0,0,0,0,0,0,0.0,0,1,1,100.0,0,1,0,1,1,100.0,0,10,4,13,13.4,0,0,20,0,0,0,Tanguy Ahile,Guingamp,2043594,1654,MF
4,0,0.0,32,10,66.67,97,121,218,92.77,4,44.44,5,7,0,0,0,0,17,0,1,0,1,9,7,0,0,4,4,19,0,0,,,5,0,0.0,0,0,0,10,8,2,0,0,,11,44.0,0,0,0,17,4,1,0,5,390,0,,0,0,0,0,0.0,0,0,0,0,24,0,0,6.7,0,0,0,0,0,0,0,0,0.0,0.0,0,3,1,2,2,0,0.0,0,6,2,33.33,1,7,1,0,15,44.12,15,108,127,235,46.9,4,0,285,5,0,0,Joseph Lopy,Pau FC,187993,1685,MF
13,14,20.0,126,31,32.29,278,262,526,74.4,14,37.84,23,32,2,0,0,0,100,2,0,0,7,61,31,0,0,17,12,98,1,1,,,29,0,10.0,0,1,3,25,25,0,1,0,,67,47.18,0,0,0,181,49,17,1,20,1926,3,,1,0,0,1,0.0,0,0,0,0,337,6,0,6.7,0,0,0,0,0,0,0,0,1926.0,0.0,0,5,5,8,2,15,41.67,0,30,20,66.67,17,28,36,70,81,45.25,96,459,318,707,207.6,10,1,1302,22,3,0,Williams Kokolo,Stade Lavallois,964111,1673,DF
0,0,0.0,117,2,50.0,179,61,240,84.21,4,22.22,14,22,0,0,0,0,52,0,6,5,0,6,22,0,0,27,14,99,0,0,,,21,0,10.0,0,2,2,16,14,2,2,0,,47,35.61,0,0,1,45,7,16,1,11,1125,7,,0,0,0,0,0.0,0,0,0,1,167,9,0,6.7,0,1,0,0,0,0,0,0,562.5,0.0,0,17,3,7,8,25,47.17,0,13,9,69.23,16,5,53,18,51,34.0,4,234,69,285,147.3,20,1,520,9,1,0,Ousmane Diop,Clermont Foot,1917054,1680,MF
13,1,50.0,42,24,33.33,163,374,536,87.01,16,40.0,24,16,0,0,0,0,46,0,0,0,3,54,16,0,0,1,10,57,0,0,,,24,0,0.0,1,0,0,27,21,6,0,0,,46,58.23,0,0,0,80,16,1,0,12,1173,1,,0,0,0,1,0.0,0,0,0,0,84,0,0,6.69,0,0,0,0,0,0,0,0,0.0,0.0,0,2,0,2,0,2,66.67,0,28,21,75.0,1,42,3,2,62,52.1,72,217,401,616,107.1,2,0,776,17,5,0,Ousmane Kanté,Pau FC,914700,1685,DF
22,14,22.58,104,16,39.02,175,119,280,71.25,10,37.04,17,24,2,0,0,0,76,4,0,1,3,36,24,0,0,15,42,110,0,0,,,25,0,9.09,0,1,3,22,22,0,1,0,,62,40.0,0,0,0,113,18,16,0,17,1420,1,,0,0,0,0,0.0,0,0,0,1,265,7,0,6.69,0,1,0,0,0,0,0,0,1420.0,0.0,0,4,7,8,2,9,39.13,0,36,23,63.89,16,36,23,62,72,39.56,41,300,155,393,160.6,11,1,830,17,4,0,Yanis Hadjem,FC Martigues,1094539,1664,DF
15,2,100.0,66,17,56.67,160,192,350,86.63,18,66.67,9,22,0,0,0,0,46,0,0,2,1,10,19,0,0,13,8,57,0,0,,,27,0,0.0,0,0,0,14,14,0,0,0,,63,56.76,0,0,0,54,8,3,0,9,968,1,,0,0,0,0,0.0,0,0,0,0,89,4,0,6.69,0,0,0,0,0,0,0,0,0.0,0.0,0,2,2,1,1,7,77.78,0,28,12,42.86,3,19,9,2,81,58.7,30,197,209,404,127.1,4,0,575,28,5,0,Allan Ackra,Clermont Foot,1528468,1680,MF
5,0,0.0,24,12,48.0,81,230,311,91.2,13,68.42,6,9,0,0,0,0,15,0,0,0,0,23,9,0,0,1,0,17,0,0,,,9,0,100.0,0,1,1,8,7,1,1,0,,7,38.89,0,0,0,30,5,1,1,6,581,0,,0,0,0,1,0.0,0,0,0,0,37,0,0,6.69,0,0,0,0,0,0,0,0,581.0,0.0,0,1,0,0,1,2,66.67,0,3,2,66.67,1,11,3,1,20,54.05,25,97,245,341,60.2,1,0,419,2,1,0,Samir Chergui,Paris FC,981168,6070,DF
1,1,20.0,20,1,50.0,36,25,60,71.43,22,32.84,45,17,0,0,0,0,14,1,5,5,0,3,16,0,0,12,7,92,0,0,,,19,0,12.5,0,3,3,6,5,1,3,0,,22,31.88,0,0,0,24,0,3,3,4,523,3,,0,0,0,0,0.0,0,0,0,0,68,6,0,6.69,0,0,0,0,0,0,0,0,174.33,0.0,0,21,3,11,8,8,40.0,0,6,0,0.0,3,2,20,5,44,32.35,2,61,28,84,107.0,24,0,206,8,2,0,Maxime Blé,Bastia,2009761,1655,FW
10,1,25.0,30,20,28.57,107,418,524,85.76,21,42.0,29,22,0,0,0,0,46,1,0,0,3,78,20,0,0,5,9,55,0,0,,,10,0,40.0,0,2,2,29,27,2,2,0,,26,50.0,1,0,0,87,18,4,0,16,1461,0,,0,0,0,0,0.0,0,0,0,0,109,1,0,6.69,0,1,0,0,0,0,0,0,730.5,0.0,0,4,1,3,2,1,33.33,0,14,11,78.57,4,25,3,4,47,46.08,70,167,448,611,133.7,5,0,824,12,3,0,Siaka Bakayoko,Amiens SC,1550065,1676,DF
17,1,16.67,95,12,50.0,201,129,329,83.29,7,24.14,22,24,0,0,0,0,33,0,1,6,0,5,24,0,0,15,12,73,0,0,,,12,0,4.55,0,1,1,19,17,2,1,0,,56,52.34,0,0,0,66,3,10,1,11,1015,0,,0,0,0,0,0.0,0,0,0,0,133,2,0,6.68,0,0,0,0,0,0,0,0,1015.0,0.0,2,11,11,10,6,12,48.0,0,24,16,66.67,10,28,25,6,63,46.32,24,255,146,395,160.4,22,0,577,20,1,0,Mamady Bangré,Pau FC,994867,1685,MF
25,3,21.43,55,30,46.88,149,273,419,83.97,8,47.06,9,12,0,0,0,0,44,0,0,1,1,42,12,0,0,5,3,28,0,1,,,9,0,0.0,6,0,0,17,17,0,0,0,,29,60.42,0,0,1,80,3,2,0,9,879,0,,0,0,0,1,0.0,0,0,0,0,103,3,0,6.68,0,0,0,0,0,0,0,0,0.0,0.0,0,2,0,0,1,8,72.73,0,15,11,73.33,2,58,11,14,37,56.92,64,216,297,499,80.2,2,0,642,6,2,0,Yoan Koré,Clermont Foot,1131803,1680,DF
16,2,18.18,53,21,32.81,124,241,363,80.67,17,77.27,5,16,0,0,0,0,36,1,0,0,3,41,16,0,1,3,2,22,0,0,,,9,0,0.0,2,0,0,12,10,2,0,0,,22,56.41,0,0,0,87,5,3,0,12,1066,1,,0,0,0,0,0.0,0,0,0,0,123,1,0,6.68,1,0,0,0,0,0,0,0,0.0,0.0,0,1,1,2,0,4,50.0,0,10,4,40.0,3,36,8,11,39,63.93,64,195,266,450,106.9,2,0,632,9,1,0,Paolo Gozzi,Troyes,918869,1652,DF
2,0,0.0,38,6,66.67,64,42,106,70.2,15,36.59,26,20,0,0,0,1,18,2,6,3,0,7,19,0,0,9,1,49,0,0,,,11,0,10.0,0,2,2,11,9,2,2,0,,22,48.89,0,0,0,45,0,10,1,9,776,4,,0,0,1,1,0.0,0,0,0,0,89,4,0,6.68,0,1,0,0,0,0,0,0,388.0,0.0,0,19,1,7,10,3,37.5,0,4,2,50.0,10,5,8,3,37,43.02,9,104,50,151,126.9,20,0,263,16,2,0,Pape Ibnou Ba,Troyes,1016053,1652,FW
1,3,33.33,26,0,0.0,43,18,58,77.33,0,0.0,4,13,0,0,0,0,11,1,0,0,0,1,9,0,0,4,0,19,0,0,,,2,0,0.0,0,0,0,0,0,0,0,0,,19,55.88,0,0,1,17,1,2,0,1,179,3,,0,0,0,0,0.0,0,0,0,0,47,1,0,6.68,0,0,0,0,0,0,0,0,0.0,0.0,0,2,3,3,2,10,50.0,0,1,0,0.0,2,2,20,9,19,50.0,0,65,19,75,60.1,5,0,140,8,0,0,Mathys Detourbet,Troyes,1823956,1652,MF
25,11,27.5,91,21,50.0,179,205,373,83.63,11,44.0,14,17,0,0,0,0,47,0,0,2,1,35,17,0,0,6,9,49,0,0,,,10,0,0.0,0,0,0,18,15,3,0,0,,25,41.67,0,0,0,73,6,17,0,11,973,0,,0,0,0,0,0.0,0,0,0,0,147,5,0,6.68,0,0,0,0,0,0,0,0,0.0,0.0,0,2,5,5,0,6,37.5,0,12,7,58.33,17,50,16,40,36,42.35,42,258,228,446,113.5,7,1,723,7,0,0,Johann Obiang,Pau FC,302640,1685,DF
5,2,12.5,30,11,40.74,49,56,103,78.63,2,28.57,5,7,0,0,0,0,11,0,0,3,0,7,7,0,0,0,3,12,0,0,,,2,0,0.0,0,0,0,8,7,1,0,0,,12,63.16,0,0,0,28,4,2,0,3,350,0,,0,0,0,0,0.0,0,0,0,0,48,0,0,6.67,0,0,0,0,0,0,0,0,0.0,0.0,0,2,4,3,0,1,33.33,0,9,7,77.78,2,13,3,16,14,53.85,27,86,61,131,46.7,6,0,205,2,0,0,Raphaël Lipinski,Rodez AF,1468761,6925,DF
14,12,15.0,149,28,43.75,306,289,583,83.29,14,50.0,14,21,0,0,0,0,59,1,0,2,2,36,21,0,0,4,8,63,0,0,,,20,0,0.0,0,0,0,31,27,4,0,0,,57,53.77,0,0,0,117,20,10,0,17,1572,0,,0,0,0,2,0.0,0,0,0,0,255,3,0,6.67,0,0,0,0,0,0,0,0,0.0,0.0,0,4,1,1,2,9,33.33,0,23,16,69.57,10,24,27,80,71,52.99,64,462,318,700,140.1,5,0,1136,25,6,0,Quentin Lecoeuche,Stade Malherbe Caen,759284,1667,DF
2,1,14.29,15,1,50.0,31,14,44,75.86,2,66.67,1,6,1,0,0,0,14,0,0,0,0,0,6,0,0,3,4,16,0,0,,,6,0,0.0,0,0,1,4,4,0,0,0,,11,42.31,0,0,0,14,1,4,0,3,257,2,,0,0,0,0,0.0,0,0,0,0,34,2,0,6.67,0,0,0,0,0,0,0,0,0.0,0.0,0,2,1,1,2,1,33.33,0,6,4,66.67,4,5,3,7,13,44.83,2,47,18,58,40.0,3,0,104,5,0,0,Adriel D'Avila Ba Loua,Stade Malherbe Caen,846832,1667,
1,0,0.0,16,0,0.0,22,9,31,83.78,1,50.0,1,6,0,0,0,0,6,0,1,0,0,0,6,0,0,1,1,9,0,0,,,4,0,0.0,0,0,0,2,2,0,0,0,,7,46.67,0,0,0,6,0,1,0,1,157,0,,0,0,0,0,0.0,0,0,0,0,24,2,0,6.67,0,0,0,0,0,0,0,0,0.0,0.0,0,4,0,3,1,5,62.5,0,1,0,0.0,1,1,8,7,8,47.06,1,35,9,37,40.0,4,0,74,1,0,0,Ayman Aiki,Bastia,1195740,1655,MF
2,0,0.0,16,5,50.0,28,22,50,60.24,5,38.46,8,14,0,0,0,0,16,0,0,2,0,2,9,0,0,5,2,29,0,0,,,4,0,0.0,0,0,0,8,8,0,0,0,,28,57.14,0,0,0,33,2,1,0,1,260,0,,0,0,0,0,0.0,0,0,0,0,58,1,0,6.67,0,0,0,0,0,0,0,0,0.0,0.0,0,5,6,4,5,15,60.0,0,7,3,42.86,1,9,25,3,33,53.23,10,58,28,83,60.0,11,0,158,6,1,0,Ilyes Zouaoui,FC Martigues,1915118,1664,MF
7,0,0.0,58,4,21.05,127,107,234,79.86,3,30.0,7,14,0,0,0,0,43,0,0,4,0,9,14,0,0,14,4,48,0,0,,,18,0,0.0,0,0,0,9,8,1,0,0,,42,50.6,0,0,1,59,8,2,0,9,741,0,,0,0,0,0,0.0,0,0,0,0,114,4,0,6.66,0,0,0,0,0,0,0,0,0.0,0.0,0,5,8,6,3,5,33.33,0,22,14,63.64,2,19,15,5,45,48.39,19,174,124,293,93.3,13,0,449,15,3,0,Saikou Touray,Grenoble Foot 38,996648,1671,MF
8,2,100.0,29,4,33.33,59,96,153,83.15,12,57.14,9,10,0,0,0,0,15,0,0,1,0,7,8,0,0,3,5,25,0,0,,,6,0,0.0,0,0,0,6,6,0,0,0,,16,50.0,0,0,0,31,3,1,0,4,418,1,,0,0,0,0,0.0,0,0,0,0,43,1,0,6.66,0,0,0,0,0,0,0,0,0.0,0.0,0,0,2,1,0,1,33.33,0,5,3,60.0,1,14,3,2,28,52.83,12,82,104,184,53.3,2,0,242,10,1,0,Joseph N'Duquidi,Metz,1392812,1651,MF
2,1,33.33,48,2,66.67,92,54,145,68.08,53,53.54,46,26,0,0,0,0,22,0,0,4,0,6,26,0,0,25,3,96,0,0,,,24,0,0.0,0,0,0,19,19,0,0,0,,39,43.82,0,0,0,68,0,7,0,8,873,4,,0,0,0,0,0.0,0,0,0,1,138,4,0,6.66,0,0,0,0,0,0,0,0,0.0,0.0,0,12,1,7,2,3,50.0,0,9,2,22.22,7,4,6,3,92,48.94,3,151,65,213,173.2,13,0,368,29,1,0,Bevic Moussiti Oko,FC Martigues,806520,1664,FW
5,7,26.92,113,3,60.0,178,98,269,79.82,20,28.57,50,31,2,0,0,0,36,3,7,7,1,4,31,0,0,33,11,145,0,0,,,27,0,13.51,0,5,7,32,30,2,5,0,,36,27.48,0,0,3,68,6,23,1,26,2066,20,,0,0,0,0,0.0,0,0,0,2,218,7,0,6.66,0,4,0,0,0,0,0,0,413.2,0.0,0,33,4,16,14,5,16.67,0,15,6,40.0,23,12,30,26,56,27.86,5,246,117,337,206.5,37,0,626,16,1,0,Mons Bassouamina,Clermont Foot,942831,1680,FW
1,1,33.33,11,1,33.33,17,10,26,68.42,0,0.0,1,2,1,0,0,0,7,1,0,1,0,0,2,0,0,1,3,13,0,0,,,0,0,0.0,0,0,1,2,2,0,0,0,,4,25.0,0,0,0,12,1,2,0,2,167,0,,0,0,0,0,0.0,0,0,0,0,26,1,0,6.65,0,0,0,0,0,0,0,0,0.0,0.0,0,1,1,1,0,2,20.0,0,1,1,100.0,2,2,10,3,4,23.53,3,28,13,38,13.3,2,0,61,1,0,0,Amine Sbai,Grenoble Foot 38,1392829,1671,MF
0,0,0.0,1,1,100.0,3,6,9,75.0,0,0.0,1,2,0,0,0,0,2,0,0,1,0,0,2,0,0,0,0,1,0,0,,,0,0,0.0,0,0,0,0,0,0,0,0,,1,100.0,0,0,0,3,0,1,0,0,20,0,,0,0,0,0,0.0,0,0,0,0,4,0,0,6.65,0,0,0,0,0,0,0,0,0.0,0.0,0,0,1,0,0,0,0.0,0,1,1,100.0,1,1,0,1,1,50.0,1,6,7,12,13.3,1,0,18,0,0,0,Kaïs Benabdelouahed,FC Martigues,1545388,1664,DF
1,0,0.0,18,2,50.0,27,40,67,84.81,1,33.33,2,4,0,0,0,0,10,0,0,0,0,3,4,0,0,0,0,8,0,0,,,2,0,0.0,0,0,0,3,2,1,0,0,,7,53.85,0,0,0,12,3,2,0,2,155,0,,0,0,0,0,0.0,0,0,0,0,22,1,0,6.65,0,0,0,0,0,0,0,0,0.0,0.0,0,0,0,0,0,0,0.0,0,5,5,100.0,2,2,4,1,8,50.0,4,38,42,79,26.6,0,0,121,2,0,0,Thierno Baldé,Troyes,997189,1652,DF
0,0,0.0,13,1,100.0,21,7,28,73.68,1,25.0,3,9,0,0,0,0,1,0,0,1,0,0,8,0,0,1,2,11,0,0,,,2,0,0.0,0,0,0,2,2,0,0,0,,8,50.0,0,0,0,10,1,2,0,0,115,0,,0,0,0,0,0.0,0,0,0,0,22,1,0,6.65,0,0,0,0,0,0,0,0,0.0,0.0,0,2,1,1,1,3,50.0,0,1,1,100.0,2,0,6,1,9,45.0,1,32,7,38,53.2,3,0,67,4,0,0,Ange Chibozo,Amiens SC,1017539,1676,FW
1,1,14.29,15,1,100.0,23,14,36,78.26,0,0.0,1,8,0,0,0,0,9,0,0,1,0,0,7,0,0,0,3,13,0,0,,,5,0,0.0,0,0,0,0,0,0,0,0,,10,45.45,0,0,0,10,1,3,0,1,136,1,,0,0,0,0,0.0,0,0,0,0,28,3,0,6.64,0,0,0,0,0,0,0,0,0.0,0.0,0,1,0,0,0,3,42.86,0,4,4,100.0,3,1,7,7,10,43.48,1,38,15,46,46.5,1,0,82,3,0,0,Aïman Maurer,Clermont Foot,1146941,1680,FW
14,5,10.2,104,25,43.1,226,242,463,81.09,26,61.9,16,19,0,0,0,0,60,0,0,5,2,36,19,0,0,14,11,71,0,0,,,18,0,8.33,1,1,1,22,22,0,1,0,,39,41.49,0,0,0,108,20,6,0,14,1355,3,,0,0,0,1,0.0,0,0,0,0,219,3,0,6.64,0,1,0,0,0,0,0,0,1355.0,0.0,0,9,3,5,2,7,35.0,0,20,13,65.0,6,32,20,49,65,47.79,58,339,281,571,126.2,12,0,958,13,1,0,Lucas Maronnier,Guingamp,1174292,1654,DF
43,0,0.0,101,75,46.01,250,392,642,78.58,45,51.14,43,22,0,0,0,0,102,1,1,0,2,72,22,0,0,7,6,92,1,0,,,30,0,0.0,1,0,0,37,31,6,0,0,,67,57.76,0,0,0,175,29,5,0,21,1885,2,,0,1,0,4,0.0,0,0,0,0,226,6,0,6.64,0,0,0,0,0,0,0,0,0.0,0.0,0,3,1,2,2,1,12.5,0,48,31,64.58,4,78,8,0,112,54.9,163,366,451,817,146.1,4,1,1187,19,5,0,Loni Laurent,Rodez AF,1536432,6925,
0,0,0.0,8,1,33.33,12,2,14,42.42,14,48.28,15,5,0,0,0,0,5,0,1,0,0,3,5,0,0,6,4,30,0,0,,,5,0,0.0,0,0,0,2,1,1,0,0,,10,40.0,0,0,0,19,0,0,0,1,196,1,,0,0,0,0,0.0,0,0,0,0,35,2,0,6.64,0,0,0,0,0,0,0,0,0.0,0.0,0,4,0,3,1,1,50.0,0,4,2,50.0,0,0,2,1,24,44.44,3,28,6,33,33.2,4,0,75,5,0,0,Adam Yahi,Annecy FC,2072423,210894,FW
1,0,0.0,17,0,0.0,23,2,25,62.5,2,25.0,6,13,1,0,0,0,10,2,1,1,0,1,11,0,0,4,6,28,0,0,,,3,0,16.67,0,1,2,2,1,1,1,0,,6,21.43,1,0,0,15,0,5,0,1,219,1,,0,0,0,0,0.0,0,0,0,0,43,4,0,6.64,0,0,0,0,0,0,0,0,219.0,0.0,0,5,1,2,3,2,18.18,0,0,0,0.0,5,1,11,0,8,22.22,0,36,4,40,73.0,6,0,88,4,0,0,Yannis Verdier,Rodez AF,1512628,6925,FW
11,4,12.9,75,12,63.16,130,82,208,80.31,4,44.44,5,9,0,0,0,0,36,0,1,3,0,3,9,0,0,8,12,51,0,0,,,7,0,9.09,0,1,1,18,18,0,1,0,,25,35.21,0,0,0,51,6,3,1,9,703,1,,0,0,0,0,0.0,0,0,0,0,117,5,0,6.63,0,0,0,0,0,0,0,0,703.0,0.0,1,7,4,3,5,8,29.63,0,14,8,57.14,3,18,27,31,29,36.25,19,199,91,259,59.7,11,0,409,3,0,0,Samuel Grandsir,Stade Malherbe Caen,839112,1667,MF
4,0,0.0,1,5,45.45,7,22,29,74.36,3,75.0,1,3,0,0,0,0,4,0,0,1,0,8,3,0,0,0,0,1,0,0,,,0,0,0.0,0,0,0,2,2,0,0,0,,2,100.0,0,0,0,10,1,0,0,1,97,0,,0,0,0,0,0.0,0,0,0,0,12,0,0,6.63,0,0,0,0,0,0,0,0,0.0,0.0,0,1,1,1,0,0,0.0,0,1,0,0.0,0,8,0,0,5,83.33,11,12,27,39,19.9,2,0,57,1,0,0,Loïc Nestor,Grenoble Foot 38,37227,1671,DF
1,0,0.0,28,5,83.33,40,26,66,80.49,0,0.0,1,8,0,0,0,0,8,0,0,0,0,0,8,0,0,2,4,12,0,0,,,1,0,50.0,0,1,1,6,6,0,1,0,,4,26.67,0,0,1,16,1,1,0,1,172,0,,0,0,0,0,0.0,0,0,0,0,27,0,0,6.63,0,1,0,0,0,0,0,0,172.0,0.0,1,1,1,1,1,1,20.0,0,1,0,0.0,1,2,5,2,4,25.0,6,55,29,82,53.0,2,0,106,2,0,0,Mehdi Chahiri,Pau FC,914660,1685,MF
7,2,33.33,56,10,52.63,116,109,223,77.16,17,38.64,27,17,1,0,0,0,48,0,0,0,0,7,16,0,0,15,5,68,0,0,,,14,0,0.0,1,0,1,15,13,2,0,0,,41,50.0,0,0,0,66,12,10,0,12,1012,1,,0,1,0,0,0.0,0,0,0,0,117,2,0,6.63,0,0,0,0,0,0,0,0,0.0,0.0,0,1,3,2,2,10,58.82,0,18,12,66.67,9,17,17,6,58,46.03,19,158,137,289,106.0,4,0,438,13,1,0,Mohamed Bamba,FC Martigues,1386181,1664,FW
0,3,75.0,8,0,0.0,15,5,17,89.47,0,0.0,0,4,0,0,0,0,2,0,0,1,0,0,4,0,0,1,1,3,0,0,,,0,0,0.0,0,0,0,0,0,0,0,0,,1,25.0,0,0,0,2,0,3,0,0,40,0,,0,0,0,0,0.0,0,0,0,0,9,0,0,6.63,0,0,0,0,0,0,0,0,0.0,0.0,0,0,2,1,0,1,50.0,0,0,0,0.0,3,1,2,4,1,25.0,0,18,5,19,26.5,2,0,33,0,0,0,Ryan Fage,Troyes,1099750,1652,MF
0,0,0.0,5,0,0.0,6,7,13,72.22,1,33.33,2,8,0,0,0,0,0,0,0,0,0,2,8,0,0,1,1,11,0,0,,,4,0,0.0,0,0,0,2,2,0,0,0,,12,57.14,0,0,0,5,1,1,0,0,94,0,,0,0,0,0,0.0,0,0,0,0,17,0,0,6.63,0,0,0,0,0,0,0,0,0.0,0.0,0,1,0,1,0,3,50.0,0,6,4,66.67,1,0,6,1,13,54.17,1,9,10,18,53.0,1,0,56,3,0,0,Nesta Zahui,Grenoble Foot 38,1130309,1671,DF
38,0,0.0,69,59,34.5,277,756,1033,83.78,39,72.22,15,25,0,0,0,0,99,0,1,0,8,119,25,0,1,4,16,61,0,1,,,27,0,0.0,3,0,0,24,18,6,0,0,,38,45.24,0,0,0,200,34,0,0,25,2148,0,,0,0,0,1,0.0,0,0,0,0,230,3,0,6.62,2,0,0,0,0,0,0,0,0.0,0.0,0,3,0,2,1,3,50.0,0,27,18,66.67,0,98,6,1,77,55.8,171,411,823,1233,165.6,3,0,1518,8,1,1,Allan Tchaptchet,Grenoble Foot 38,991562,1671,DF
2,5,33.33,44,1,20.0,66,29,90,65.22,15,53.57,13,13,0,0,0,0,28,3,3,5,0,1,13,0,0,5,5,77,0,0,,,26,0,7.14,0,1,1,14,12,2,1,0,,35,35.35,0,0,0,48,0,9,1,13,958,6,,0,0,0,0,0.0,0,0,0,1,134,2,0,6.62,0,0,0,0,0,0,0,0,958.0,0.0,0,10,4,4,5,15,34.09,0,8,7,87.5,9,2,44,15,50,39.37,5,116,37,138,86.1,14,0,311,12,2,0,Jeremy Sebas,Bastia,1498433,1655,MF
12,2,10.0,88,14,46.67,156,72,226,62.09,83,50.92,80,23,1,0,0,1,48,2,5,7,1,25,23,0,1,23,15,169,0,0,,,29,0,5.0,0,1,2,13,11,2,1,0,,44,33.08,0,0,0,138,6,9,1,12,1231,8,,0,0,2,0,50.0,0,1,0,0,260,13,0,6.62,1,0,0,0,0,0,0,0,1231.0,0.0,0,15,5,6,7,12,29.27,0,14,8,57.14,9,22,41,20,127,42.91,30,293,91,364,152.3,20,0,660,19,5,0,Benjamin Santelli,Ajaccio,374208,1660,FW
4,11,23.4,58,5,31.25,109,51,149,65.64,6,25.0,18,26,2,0,0,0,38,3,3,6,0,6,26,0,0,19,13,94,0,0,,,29,0,11.76,0,2,4,17,13,4,2,0,,41,35.04,0,0,0,78,3,18,0,6,822,4,,0,0,0,0,0.0,0,0,0,0,191,8,0,6.62,0,2,0,0,0,0,0,0,411.0,0.0,3,8,9,5,6,7,29.17,0,15,7,46.67,18,10,24,47,47,33.33,16,212,62,227,172.1,17,0,464,20,4,0,Josué Tiendrebeogo,Annecy FC,1897363,210894,MF
15,1,33.33,34,17,43.59,94,115,208,72.98,20,44.44,25,16,1,0,0,0,50,1,2,3,3,20,16,0,0,6,7,58,0,0,,,17,0,0.0,0,0,1,7,7,0,0,0,,38,53.52,0,0,1,77,8,5,0,8,804,0,,0,0,0,1,0.0,0,0,0,0,104,5,0,6.62,1,0,0,0,0,0,0,0,0.0,0.0,0,4,13,11,3,3,37.5,0,20,12,60.0,5,29,8,3,58,50.0,39,143,145,285,105.9,17,0,414,15,3,1,Loïc Etoga,Bastia,1529806,1655,
3,0,0.0,22,1,50.0,27,25,52,71.23,14,29.79,33,11,0,0,0,0,15,0,0,4,0,2,11,0,0,6,2,62,0,0,,,18,0,0.0,0,0,0,3,2,1,0,0,,19,39.58,0,0,0,21,2,2,0,3,375,3,,0,0,0,0,0.0,0,0,0,0,49,0,0,6.62,0,0,0,0,0,0,0,0,0.0,0.0,0,4,3,2,1,1,16.67,0,5,5,100.0,2,5,6,1,33,34.74,2,48,26,73,72.8,7,0,145,15,1,0,Mounaim El Idrissy,Troyes,960007,1652,FW
0,0,0.0,6,0,0.0,13,7,20,71.43,1,7.14,13,8,0,0,0,0,1,0,0,0,0,0,7,0,0,2,2,30,0,0,,,10,0,0.0,0,0,0,3,2,1,0,0,,17,50.0,0,0,0,8,0,2,0,1,166,0,,0,0,0,0,0.0,0,0,0,0,23,0,0,6.61,0,0,0,0,0,0,0,0,0.0,0.0,0,2,0,1,1,1,25.0,0,5,4,80.0,2,0,4,1,18,37.5,0,21,8,28,46.3,2,0,66,11,1,0,Yanis Rafii,Amiens SC,2049513,1676,FW
6,2,9.09,72,5,35.71,104,69,171,73.08,8,20.51,31,25,1,0,0,1,25,3,7,12,0,1,23,0,0,7,8,71,0,0,,,13,0,6.67,0,2,3,12,11,1,2,0,,30,42.86,1,0,0,63,1,7,0,9,958,7,,0,0,1,0,0.0,0,0,0,0,125,3,0,6.61,0,1,0,0,0,0,0,0,479.0,0.0,0,25,5,6,12,9,37.5,0,7,3,42.86,7,13,24,22,38,34.86,14,174,82,234,152.1,30,0,395,14,1,0,Mehdi Baaloudj,Clermont Foot,1094520,1680,FW
13,21,31.82,118,16,34.04,242,169,390,80.75,4,22.22,14,24,0,0,0,0,50,3,0,3,2,25,23,0,0,6,4,51,1,0,,,14,0,0.0,0,0,0,23,20,3,0,0,,44,54.32,0,0,0,93,14,16,0,11,1162,0,,0,0,0,0,0.0,0,0,0,0,204,4,0,6.61,0,0,0,0,0,0,0,0,0.0,0.0,0,1,3,1,0,7,33.33,0,27,18,66.67,16,32,21,66,48,48.48,47,352,197,483,152.1,4,0,853,10,2,0,Joseph Kalulu,Pau FC,1621193,1685,DF
6,4,30.77,19,6,37.5,38,19,53,74.65,5,55.56,4,9,0,0,0,0,5,0,0,0,0,2,8,0,0,0,0,5,0,0,,,0,0,0.0,0,0,0,4,1,3,0,0,,4,80.0,0,0,0,18,6,5,0,0,96,0,,0,0,0,0,0.0,0,0,0,0,33,0,0,6.61,0,0,0,0,0,0,0,0,0.0,0.0,0,0,0,0,0,1,50.0,0,1,0,0.0,5,11,2,13,9,64.29,16,60,24,71,52.9,0,0,116,2,1,0,Aniss El Hriti,Red Star FC,826494,52874,DF
4,7,36.84,26,3,42.86,43,14,50,73.53,1,20.0,4,12,0,0,0,0,11,1,0,1,0,0,11,0,0,3,1,23,0,0,,,11,0,0.0,0,0,0,3,2,1,0,0,,8,29.63,0,0,0,18,2,7,0,0,159,1,,0,0,0,0,0.0,0,0,0,0,40,2,0,6.61,0,0,0,0,0,0,0,0,0.0,0.0,0,1,2,1,1,2,33.33,0,5,2,40.0,7,9,6,19,9,28.13,7,71,16,68,72.7,3,0,116,1,1,0,Mohamed Achi,Rodez AF,1172764,6925,MF
1,1,20.0,24,1,14.29,41,23,63,64.29,24,35.82,43,15,0,0,0,0,16,0,3,4,0,3,14,0,0,13,8,104,0,0,,,24,0,28.57,0,4,4,5,5,0,4,0,,16,20.78,1,0,1,35,0,0,2,5,453,2,,0,0,0,0,0.0,0,0,0,0,97,5,0,6.61,0,1,0,0,0,0,0,0,113.25,0.0,0,13,1,2,8,0,0.0,0,6,3,50.0,0,5,18,5,40,27.78,7,76,27,98,92.5,14,0,223,11,4,0,Quentin Paris,Annecy FC,1922402,210894,FW
13,6,20.69,82,20,47.62,169,177,340,83.54,3,23.08,10,15,0,0,0,0,58,4,0,1,0,20,15,0,0,11,5,44,0,0,,,9,0,0.0,0,0,0,24,20,4,0,0,,39,53.42,0,0,0,67,8,6,0,10,928,0,,0,0,0,0,0.0,0,0,0,0,153,2,0,6.61,0,0,0,0,0,0,0,0,0.0,0.0,0,1,1,1,0,6,40.0,0,18,13,72.22,6,22,15,29,42,48.84,42,241,195,407,99.1,2,0,683,15,0,0,Lamine Sy,Stade Malherbe Caen,1177351,1667,DF
5,0,0.0,41,1,50.0,61,35,96,70.59,25,34.72,47,17,0,0,0,0,14,1,3,2,0,6,17,0,0,11,6,89,0,0,,,19,0,18.75,0,3,3,10,7,3,3,0,,12,22.22,0,0,1,40,5,8,0,8,742,3,,0,0,0,0,0.0,0,0,0,0,83,3,0,6.61,0,3,0,0,0,0,0,0,247.33,0.0,0,15,1,7,7,3,23.08,0,2,1,50.0,8,8,13,1,37,29.37,2,97,40,136,112.3,16,0,243,7,2,0,Clement Rodrigues,Bastia,1457558,1655,FW
6,0,0.0,54,11,78.57,92,58,150,78.13,8,29.63,19,22,1,0,0,1,21,2,6,6,0,2,21,0,0,11,6,60,0,0,,,10,0,9.09,0,2,3,10,9,1,2,0,,28,40.58,0,0,1,42,1,5,2,8,802,3,,0,0,1,0,0.0,0,0,0,0,101,3,0,6.6,0,0,0,0,0,0,0,0,401.0,0.0,0,18,4,10,6,2,11.76,0,8,7,87.5,5,6,17,8,36,37.5,14,132,68,192,138.7,22,0,330,18,3,0,Ibou Sane,Metz,1470032,1651,MF
45,6,27.27,150,32,35.16,303,232,529,74.09,25,40.32,37,29,1,0,0,0,91,2,0,4,1,25,29,0,0,10,15,80,1,1,,,13,0,10.0,0,1,2,36,33,3,1,0,,35,44.87,1,0,0,185,14,12,0,20,1753,2,,0,0,0,0,0.0,0,0,0,0,247,9,0,6.6,0,0,0,0,0,0,0,0,1753.0,0.0,0,7,3,4,2,9,56.25,0,18,17,94.44,12,89,16,22,60,42.86,91,466,270,714,191.4,10,0,921,9,0,0,Mahamé Siby,FC Martigues,940365,1664,MF
2,0,0.0,7,0,0.0,12,4,16,76.19,3,42.86,4,11,0,0,0,0,0,0,0,0,0,0,10,0,0,0,1,11,0,0,,,3,0,25.0,0,1,1,2,2,0,0,1,,3,30.0,0,0,0,5,0,2,1,0,119,0,,0,0,0,0,0.0,0,0,0,0,12,0,0,6.6,0,0,0,0,0,0,0,0,119.0,0.0,0,1,3,1,3,1,25.0,0,2,0,0.0,2,2,4,1,6,35.29,0,17,5,21,66.0,4,0,42,0,0,0,Omar Sissoko,Paris FC,1523625,6070,MF
2,0,0.0,1,2,66.67,5,11,16,84.21,1,100.0,0,1,0,0,0,0,1,0,0,0,0,0,1,0,0,0,0,0,0,0,,,0,0,0.0,0,0,0,0,0,0,0,0,,0,0.0,0,0,0,3,0,0,0,0,17,0,,0,0,0,0,0.0,0,0,0,0,3,0,0,6.6,0,0,0,0,0,0,0,0,0.0,0.0,0,0,0,0,0,0,0.0,0,0,0,0.0,0,3,0,0,1,100.0,3,6,13,19,6.6,0,0,19,0,0,0,Bachirou Yaméogo,Grenoble Foot 38,1107426,1671,MF
0,0,0.0,3,0,0.0,5,3,8,72.73,0,0.0,0,1,0,0,0,0,1,0,0,1,0,0,1,0,0,1,0,1,0,0,,,0,0,0.0,0,0,0,0,0,0,0,0,,1,50.0,0,0,0,3,0,0,0,0,18,0,,0,0,0,0,0.0,0,0,0,0,4,0,0,6.6,0,0,0,0,0,0,0,0,0.0,0.0,0,0,1,0,0,0,0.0,0,0,0,0.0,0,0,0,0,1,50.0,1,7,4,11,6.6,1,0,15,1,0,0,Al Hassan Toure,Ajaccio,991360,1660,FW
1,0,0.0,0,1,25.0,0,10,10,76.92,0,0.0,0,1,0,0,0,0,6,0,0,0,0,1,1,0,0,1,0,1,0,0,,,0,0,0.0,3,0,0,2,2,0,0,0,,0,0.0,0,1,0,3,0,0,0,1,90,0,,0,0,0,0,0.0,0,0,0,0,4,0,0,6.6,0,0,0,1,0,1,0,1,0.0,0.0,0,0,0,0,0,0,0.0,0,0,0,0.0,0,1,0,0,0,0.0,4,2,11,13,6.6,0,0,21,0,0,0,Benjamin Leroy,Lorient,80392,1656,GK
0,0,0.0,2,0,0.0,3,4,7,87.5,1,100.0,0,1,0,0,0,0,2,0,0,0,0,0,1,0,0,0,0,0,0,0,,,0,0,0.0,0,0,0,1,1,0,0,0,,0,0.0,0,0,0,1,1,0,0,0,9,0,,0,0,0,0,0.0,0,0,0,0,3,0,0,6.6,0,0,0,0,0,0,0,0,0.0,0.0,0,0,0,0,0,0,0.0,0,0,0,0.0,0,0,0,0,1,100.0,0,4,4,8,6.6,0,0,11,0,0,0,Titouan Nihouarn,Pau FC,2115266,1685,MF
0,0,0.0,0,0,0.0,0,0,0,0.0,0,0.0,1,2,0,0,0,0,0,0,0,0,0,0,2,0,0,0,0,1,0,0,,,0,0,0.0,0,0,0,0,0,0,0,0,,1,100.0,0,0,0,0,0,0,0,0,23,0,,0,0,0,0,0.0,0,0,0,0,0,0,0,6.6,0,0,0,0,0,0,0,0,0.0,0.0,0,0,1,0,1,0,0.0,0,1,1,100.0,0,0,0,0,1,50.0,0,0,0,0,13.2,1,0,3,0,0,0,Musa Touré,Clermont Foot,1416332,1680,FW
1,0,0.0,4,2,100.0,8,7,15,88.24,0,0.0,1,2,0,0,0,0,0,0,0,0,0,2,2,0,0,0,0,1,0,0,,,0,0,0.0,0,0,0,2,1,1,0,0,,1,100.0,0,0,0,2,0,1,0,0,33,0,,0,0,0,0,0.0,0,0,0,0,2,0,0,6.6,0,0,0,0,0,0,0,0,0.0,0.0,0,0,0,0,0,0,0.0,0,1,1,100.0,1,2,0,0,1,50.0,2,8,9,17,13.2,0,0,20,0,0,0,Max Bonalair,FC Martigues,1915120,1664,DF
0,0,0.0,0,0,0.0,2,4,6,60.0,0,0.0,0,3,0,0,0,0,0,0,0,0,0,0,1,0,0,2,0,5,0,0,,,3,0,0.0,0,0,0,0,0,0,0,0,,4,44.44,0,0,0,4,1,0,0,0,24,0,,0,0,0,0,0.0,0,0,0,0,7,0,0,6.6,0,0,0,0,0,0,0,0,0.0,0.0,0,0,1,1,0,2,100.0,0,2,1,50.0,0,2,2,0,4,44.44,1,3,7,10,6.6,1,0,22,0,0,0,Cheick Doumbia,Rodez AF,1409334,6925,DF
2,1,12.5,24,3,27.27,48,40,87,82.86,4,80.0,1,7,0,0,0,0,13,0,0,2,0,3,7,0,0,3,5,17,0,0,,,5,0,0.0,0,0,0,3,2,1,0,0,,17,51.52,0,0,0,18,5,2,0,3,272,1,,0,0,0,0,0.0,0,0,0,0,41,2,0,6.6,0,0,0,0,0,0,0,0,0.0,0.0,0,2,3,3,0,2,40.0,0,12,7,58.33,2,4,5,8,21,55.26,11,66,47,105,46.2,5,0,193,3,2,0,Isaac James,Lorient,1915110,1656,DF
4,4,28.57,20,5,55.56,49,33,78,83.87,0,0.0,5,7,0,0,0,0,10,0,0,1,0,2,7,0,0,1,3,14,0,0,,,3,0,0.0,0,0,0,5,5,0,0,0,,11,55.0,0,0,0,15,2,5,0,1,222,1,,0,0,0,0,0.0,0,0,0,0,36,0,0,6.6,0,0,0,0,0,0,0,0,0.0,0.0,0,2,2,3,0,3,60.0,0,4,3,75.0,5,5,5,14,11,44.0,9,67,40,93,46.2,4,0,158,4,1,0,Léo Milliner,Stade Malherbe Caen,1870018,1667,DF
28,0,0.0,11,72,39.34,41,246,287,71.57,6,85.71,1,15,0,0,0,0,85,0,0,0,3,24,15,0,0,0,0,2,0,0,,,1,0,0.0,108,0,0,28,22,6,0,0,,0,0.0,0,8,0,114,0,0,0,15,1350,0,,0,0,0,1,0.0,3,0,0,0,117,0,16,6.6,0,0,0,21,13,35,0,4,0.0,0.0,0,0,0,0,0,0,0.0,0,0,0,0.0,0,49,0,0,6,75.0,183,126,275,401,99.0,0,0,531,0,1,0,Quentin Beunardeau,Red Star FC,139222,52874,GK
4,1,10.0,84,7,33.33,145,104,248,78.73,12,57.14,9,31,0,0,0,0,54,1,1,8,0,12,31,0,0,7,10,44,0,0,,,11,0,5.56,0,1,1,21,18,3,1,0,,28,44.44,0,0,0,67,6,6,0,9,1021,1,,0,0,0,0,0.0,0,0,0,0,117,5,0,6.6,0,1,0,0,0,0,0,0,1021.0,0.0,0,11,7,5,5,8,50.0,0,13,10,76.92,6,19,16,10,40,47.62,21,208,117,315,204.5,18,0,462,7,0,0,Derek Mazou-Sacko,Rodez AF,1798845,6925,MF
5,10,31.25,32,6,37.5,61,26,77,66.38,5,35.71,9,19,0,0,0,0,32,3,0,2,0,8,18,0,0,12,6,47,0,0,,,15,0,0.0,0,0,0,8,8,0,0,0,,29,43.28,0,0,0,39,3,12,0,4,495,7,,0,0,0,0,0.0,0,0,0,0,95,1,0,6.59,0,0,0,0,0,0,0,0,0.0,0.0,0,2,6,2,4,10,58.82,0,7,5,71.43,12,14,17,32,34,41.98,16,113,35,116,118.6,8,0,243,13,3,0,Ivane Chegra,Ajaccio,1465190,1660,MF
9,10,20.0,51,7,30.43,106,98,194,77.6,5,27.78,13,23,1,0,0,0,26,3,0,2,1,15,23,0,0,4,6,36,0,0,,,4,0,0.0,0,0,1,12,12,0,0,0,,17,42.5,0,0,0,56,4,8,0,5,670,3,,0,0,0,0,0.0,0,0,0,0,128,2,0,6.59,0,0,0,0,0,0,0,0,0.0,0.0,0,1,2,1,0,7,43.75,0,3,2,66.67,8,19,16,50,22,37.93,23,190,110,250,151.5,3,0,439,7,3,0,Yoël Armougom,Clermont Foot,909167,1680,DF
1,0,0.0,44,2,50.0,70,42,112,74.17,14,45.16,17,13,0,0,0,0,22,0,2,1,0,4,12,0,0,17,4,61,0,0,,,21,0,0.0,0,0,0,12,11,1,0,0,,16,26.67,0,0,0,39,1,4,0,9,681,3,,0,0,0,0,0.0,0,0,0,0,97,2,0,6.58,0,0,0,0,0,0,0,0,0.0,0.0,0,9,2,6,4,4,40.0,0,6,1,16.67,4,4,10,1,30,32.97,4,100,52,151,79.0,11,0,254,6,1,0,Patrick Ouotro,FC Martigues,1459308,1664,FW
15,0,0.0,64,17,53.13,135,130,265,79.58,8,57.14,6,24,0,0,0,0,53,1,1,3,2,5,23,0,1,14,15,68,0,0,,,18,0,0.0,0,0,0,14,12,2,0,0,,55,47.01,0,0,0,68,8,11,0,7,776,1,,0,0,0,0,0.0,0,0,0,0,123,6,0,6.58,1,0,0,0,0,0,0,0,0.0,0.0,0,3,2,2,0,11,40.74,0,33,18,54.55,11,28,27,6,63,48.09,32,193,146,333,151.4,5,0,496,11,2,0,Mehdi Puch-Herrantz,Ajaccio,1469348,1660,MF
2,3,30.0,11,3,50.0,32,19,48,85.71,3,42.86,4,6,0,0,0,0,7,0,0,0,0,2,5,0,1,4,3,19,0,0,,,5,0,0.0,0,0,0,3,3,0,0,0,,11,42.31,0,0,0,8,8,3,0,3,212,0,,0,0,0,0,0.0,0,0,0,0,30,1,0,6.58,1,0,0,0,0,0,0,0,0.0,0.0,0,1,0,1,0,2,40.0,0,8,7,87.5,3,3,5,10,14,42.42,6,44,22,56,32.9,1,0,121,1,1,0,Dylan Tavares,Bastia,814125,1655,MF
0,0,0.0,1,0,0.0,1,2,3,75.0,0,0.0,1,4,0,0,0,0,0,0,0,0,0,0,4,0,0,0,0,5,0,0,,,5,0,0.0,0,0,0,0,0,0,0,0,,1,20.0,0,0,0,1,0,0,0,0,40,2,,0,0,0,0,0.0,0,0,0,0,3,0,0,6.58,0,0,0,0,0,0,0,0,0.0,0.0,0,1,1,1,1,0,0.0,0,0,0,0.0,0,0,0,0,1,16.67,0,2,2,4,26.3,2,0,10,1,0,0,Mohamed Amine Boumaaoui,Bastia,1823075,1655,MF
0,0,0.0,1,0,0.0,2,2,4,66.67,0,0.0,2,5,0,0,0,0,0,0,0,0,0,0,4,0,0,0,1,4,0,0,,,0,0,0.0,0,0,0,1,1,0,0,0,,2,50.0,0,0,0,2,0,0,0,0,47,1,,0,0,0,0,0.0,0,0,0,0,7,0,0,6.58,0,0,0,0,0,0,0,0,0.0,0.0,0,1,0,0,1,0,0.0,0,0,0,0.0,0,0,1,2,2,33.33,0,6,2,6,26.3,1,0,16,2,0,0,İlhan Fakılı,Clermont Foot,1858278,1680,MF
3,1,14.29,31,1,50.0,49,14,62,72.94,3,13.04,20,16,1,0,0,0,21,1,2,3,0,1,14,0,0,12,4,49,0,0,,,10,0,8.33,0,1,2,14,12,2,1,0,,15,34.09,0,0,0,23,2,6,1,6,595,4,,0,0,0,0,0.0,0,0,0,0,68,9,0,6.57,1,0,0,0,0,0,0,0,595.0,0.0,0,9,3,4,5,6,54.55,0,3,3,100.0,6,4,11,7,18,26.87,2,78,14,85,92.0,12,0,173,6,1,1,Dany Jean,Rodez AF,1002402,6925,FW
6,1,25.0,40,6,50.0,80,70,149,82.32,4,28.57,10,13,0,0,0,0,11,0,1,3,0,7,10,0,0,4,4,31,0,0,,,12,0,0.0,0,0,0,7,6,1,0,0,,21,50.0,0,0,0,32,2,4,0,4,444,0,,0,0,0,0,0.0,0,0,0,0,48,1,0,6.57,0,0,0,0,0,0,0,0,0.0,0.0,0,4,1,1,1,0,0.0,0,13,6,46.15,4,12,1,4,25,44.64,12,102,83,181,65.7,5,0,261,8,3,0,Tidyane Diagouraga,Clermont Foot,1513323,1680,MF
0,0,0.0,10,0,0.0,13,5,18,66.67,1,14.29,6,6,0,0,0,0,3,0,1,1,0,2,6,0,0,1,1,12,0,0,,,2,0,50.0,0,1,1,3,3,0,1,0,,2,25.0,0,0,0,9,0,1,0,1,140,3,,0,0,0,0,0.0,0,0,0,0,17,1,0,6.57,0,1,0,0,0,0,0,0,140.0,0.0,0,2,0,0,1,2,50.0,0,0,0,0.0,1,0,4,1,3,20.0,0,20,8,27,39.4,2,0,49,0,0,0,Abdoul Diawara,FC Martigues,787803,1664,FW
4,2,18.18,70,12,44.44,148,168,314,84.18,15,60.0,10,14,0,0,0,0,42,0,0,0,0,27,14,0,0,6,8,56,0,0,,,15,0,0.0,0,0,0,10,10,0,0,0,,36,43.9,0,0,0,59,9,3,0,9,754,1,,0,0,0,0,0.0,0,0,0,0,114,0,0,6.56,0,0,0,0,0,0,0,0,0.0,0.0,0,0,2,2,0,11,36.67,0,11,8,72.73,3,11,30,11,51,47.66,27,200,184,373,91.9,2,0,590,15,2,0,Diabe Bolumbu,Stade Malherbe Caen,1199052,1667,DF
1,0,0.0,9,0,0.0,16,8,24,63.16,4,44.44,5,6,1,0,0,0,5,0,0,1,0,0,5,0,0,1,1,10,0,0,,,3,0,0.0,0,0,1,6,6,0,0,0,,5,50.0,0,0,0,14,0,1,0,0,96,0,,0,0,0,0,0.0,0,0,0,0,20,1,0,6.56,0,0,0,0,0,0,0,0,0.0,0.0,0,2,1,0,2,1,50.0,0,2,1,50.0,1,1,2,2,9,47.37,1,31,9,38,32.8,3,0,55,3,0,0,Aymeric Faurand-Tournaire,Stade Lavallois,1894009,1673,MF
0,0,0.0,3,1,50.0,12,9,21,80.77,3,33.33,6,2,0,0,0,0,3,0,0,0,0,0,2,0,0,1,1,12,0,0,,,3,0,0.0,0,0,0,4,4,0,0,0,,1,14.29,0,0,0,5,0,1,0,2,123,1,,0,0,0,0,0.0,0,0,0,0,14,0,0,6.55,0,0,0,0,0,0,0,0,0.0,0.0,0,2,0,2,0,1,33.33,0,0,0,0.0,1,0,3,0,4,25.0,2,16,10,26,13.1,2,0,40,0,0,0,Achille Anani,Red Star FC,997358,52874,FW
0,0,0.0,0,0,0.0,3,5,8,100.0,0,0.0,1,3,0,0,0,0,1,0,0,0,0,2,2,0,0,0,0,2,0,0,,,2,0,0.0,0,0,0,1,1,0,0,0,,2,66.67,0,0,0,0,0,0,0,0,22,0,,0,0,0,0,0.0,0,0,0,0,0,0,0,6.55,0,0,0,0,0,0,0,0,0.0,0.0,0,0,1,0,1,0,0.0,0,1,0,0.0,0,0,0,0,2,50.0,0,3,5,8,13.1,1,0,15,1,0,0,Patrick Carraro Injai,Amiens SC,2019644,1676,MF
3,1,12.5,14,3,42.86,27,26,52,81.25,1,33.33,2,4,0,0,0,0,7,0,0,0,0,3,4,0,0,0,2,6,0,0,,,2,0,0.0,0,0,0,2,1,1,0,0,,5,55.56,0,0,0,12,0,1,0,2,150,0,,0,0,0,0,0.0,0,0,0,0,20,0,0,6.55,0,0,0,0,0,0,0,0,0.0,0.0,0,0,1,1,0,0,0.0,0,4,3,75.0,1,3,0,8,6,50.0,7,42,30,64,26.2,1,0,95,1,0,0,Kenji-Van Boto,Pau FC,318655,1685,DF
2,0,0.0,12,1,100.0,18,11,29,82.86,1,100.0,0,5,0,0,0,0,4,0,0,0,0,0,4,0,0,2,0,7,0,0,,,3,0,0.0,0,0,0,4,4,0,0,0,,4,36.36,0,0,0,6,2,1,0,2,122,0,,0,0,0,0,0.0,0,0,0,0,16,0,0,6.55,0,0,0,0,0,0,0,0,0.0,0.0,0,0,0,0,0,0,0.0,0,4,4,100.0,1,3,3,3,5,41.67,1,22,16,35,26.2,0,0,55,0,0,0,Alexi Pitu,USL Dunkerque,941125,6918,MF
9,5,31.25,33,12,48.0,77,119,191,82.33,7,41.18,10,17,0,0,0,0,35,0,0,1,0,19,16,0,0,6,8,36,0,0,,,9,0,0.0,0,0,0,20,18,2,0,0,,29,52.73,0,0,0,41,9,3,0,7,744,0,,0,0,0,0,0.0,0,0,0,0,88,1,0,6.55,0,0,0,0,0,0,0,0,0.0,0.0,0,0,1,0,0,3,42.86,0,19,12,63.16,3,16,7,16,36,50.0,25,109,139,232,104.8,1,0,444,8,3,0,Akim Djaha,FC Martigues,1047989,1664,DF
10,0,0.0,38,16,57.14,123,309,432,92.11,12,31.58,26,21,0,0,0,0,39,0,0,1,0,50,20,0,0,3,4,39,0,0,,,7,0,0.0,3,0,0,21,18,3,0,0,,29,69.05,0,0,0,37,10,1,0,10,989,0,,0,0,0,2,0.0,0,0,0,0,49,1,0,6.55,1,0,0,0,0,0,0,0,0.0,0.0,0,2,1,1,1,2,100.0,0,12,7,58.33,1,19,2,0,41,51.25,28,150,319,469,131.0,3,0,598,15,0,1,Xavier Kouassi,Pau FC,99232,1685,DF
12,0,0.0,21,58,34.12,44,103,147,56.54,3,100.0,0,9,0,0,0,0,69,0,0,0,1,7,9,0,0,0,0,0,0,0,,,0,0,0.0,71,0,0,17,14,3,0,0,,1,100.0,0,10,0,113,1,0,0,9,810,0,,0,0,0,0,0.0,3,0,0,0,114,0,1,6.54,0,0,3,12,3,16,0,5,0.0,0.0,0,0,0,0,0,0,0.0,3,0,0,0.0,0,18,0,0,4,100.0,170,145,115,260,58.9,0,0,328,2,0,0,Zacharie Boucher,Troyes,122797,1652,GK
1,0,0.0,16,0,0.0,28,25,53,69.74,9,30.0,21,15,0,0,0,0,11,0,3,1,0,0,14,0,0,7,2,38,0,0,,,8,0,0.0,0,0,0,11,9,2,0,0,,9,34.62,0,0,0,23,2,3,0,3,403,2,,0,0,0,0,0.0,0,0,0,0,49,4,0,6.54,0,0,0,0,0,0,0,0,0.0,0.0,0,7,0,6,0,1,33.33,0,5,4,80.0,3,2,3,2,18,32.14,1,47,31,76,91.6,7,0,136,3,0,0,Alioune Fall,Red Star FC,814193,52874,FW
1,0,0.0,10,2,100.0,18,34,52,89.66,2,66.67,1,6,0,0,0,0,5,0,0,0,0,2,5,0,0,1,0,4,0,0,,,2,0,0.0,0,0,0,3,3,0,0,0,,0,0.0,0,0,0,6,0,0,0,0,80,0,,0,0,0,0,0.0,0,0,0,0,12,0,0,6.54,0,0,0,0,0,0,0,0,0.0,0.0,0,1,0,0,1,0,0.0,0,0,0,0.0,0,1,1,0,2,33.33,2,21,37,58,32.7,1,0,71,0,0,0,Mohamadou Kanté,Paris FC,1523623,6070,MF
0,0,0.0,3,0,0.0,4,5,9,56.25,2,40.0,3,6,0,0,0,0,7,0,0,0,0,2,5,0,0,2,0,14,0,0,,,3,0,0.0,0,0,0,1,1,0,0,0,,4,26.67,0,0,0,7,0,0,0,0,61,0,,0,0,0,0,0.0,0,0,0,0,19,1,0,6.54,0,0,0,0,0,0,0,0,0.0,0.0,1,2,1,1,2,2,22.22,0,1,1,100.0,0,3,9,1,6,30.0,2,11,6,16,32.7,3,0,40,1,1,0,Noha Lemina,Annecy FC,1145633,210894,MF
0,0,0.0,8,0,0.0,14,3,17,85.0,0,0.0,2,3,0,0,0,0,3,0,0,0,0,0,3,0,0,0,0,3,0,0,,,0,0,0.0,0,0,0,1,1,0,0,0,,1,50.0,0,0,0,3,0,0,0,0,34,1,,0,0,0,0,0.0,0,0,0,0,6,0,0,6.53,0,0,0,0,0,0,0,0,0.0,0.0,0,0,0,0,0,0,0.0,0,1,1,100.0,0,0,1,0,1,25.0,0,17,3,20,19.6,0,0,24,0,0,0,Mohamed Hafid,Stade Malherbe Caen,1389774,1667,FW
4,1,50.0,15,1,50.0,30,8,37,71.15,2,33.33,4,8,0,0,0,0,6,0,1,1,0,6,6,0,0,5,0,15,0,0,,,1,0,0.0,0,0,0,6,4,2,0,0,,8,42.11,0,0,0,15,2,2,0,1,122,1,,0,0,0,0,0.0,0,0,0,0,31,0,0,6.53,0,0,0,0,0,0,0,0,0.0,0.0,0,2,0,0,1,1,16.67,0,4,2,50.0,2,5,6,2,10,40.0,2,40,14,52,39.2,2,0,89,3,0,0,Ivann Botella,Red Star FC,989855,52874,FW
2,0,0.0,12,1,100.0,16,13,29,87.88,0,0.0,1,4,0,0,0,0,4,0,1,0,0,0,4,0,0,1,1,5,0,0,,,0,0,0.0,0,0,0,4,4,0,0,0,,2,33.33,0,0,0,4,2,0,0,1,75,0,,0,0,0,0,0.0,0,0,0,0,11,1,0,6.53,0,0,0,0,0,0,0,0,0.0,0.0,0,3,0,2,1,0,0.0,0,2,1,50.0,0,4,2,1,2,28.57,1,21,13,33,26.1,3,0,50,0,0,0,Tom Gomes,Pau FC,1862437,1685,FW
0,1,20.0,13,0,0.0,17,2,18,81.82,0,0.0,1,5,0,0,0,0,1,0,0,2,0,0,4,0,0,0,0,3,0,0,,,0,0,0.0,0,0,0,1,1,0,0,0,,4,66.67,0,0,0,4,0,1,0,0,55,0,,0,0,0,0,0.0,0,0,0,0,16,0,0,6.53,0,0,0,0,0,0,0,0,0.0,0.0,0,1,1,0,0,1,33.33,0,1,0,0.0,1,1,3,5,4,57.14,1,25,2,22,26.1,2,0,45,2,0,0,Yuliwes Bellache,Clermont Foot,1392422,1680,MF
12,0,0.0,14,14,31.11,53,262,315,87.99,8,50.0,8,11,0,0,0,0,24,0,2,0,0,36,11,0,0,3,1,23,0,1,,,11,0,0.0,0,0,0,14,14,0,0,0,,17,53.13,0,0,0,43,4,0,0,8,648,0,,0,0,0,1,0.0,0,0,0,0,53,0,0,6.52,0,0,0,0,0,0,0,0,0.0,0.0,0,3,0,0,3,3,60.0,0,11,6,54.55,0,29,5,1,25,52.08,45,88,271,358,71.7,3,0,448,3,3,0,Moise Adilehou,Stade Lavallois,833031,1673,DF
9,1,25.0,71,8,61.54,149,110,258,78.42,13,28.89,32,26,0,0,0,0,45,3,6,10,0,8,24,0,1,11,13,95,0,1,,,28,0,3.7,0,1,1,16,12,4,1,0,,32,33.68,0,0,1,71,6,7,1,7,889,0,,0,0,0,0,0.0,0,0,0,0,121,4,0,6.52,1,0,0,0,0,0,0,0,889.0,0.0,0,18,9,12,5,15,55.56,0,12,7,58.33,7,12,27,4,45,32.14,13,202,131,329,156.4,27,0,479,5,2,0,Antoine Sekongo,USL Dunkerque,1513644,6918,MF
2,1,16.67,19,2,33.33,36,19,54,78.26,1,16.67,5,12,0,0,0,0,14,0,1,2,0,3,11,0,0,3,2,17,0,0,,,5,0,0.0,0,0,0,4,4,0,0,0,,9,42.86,0,0,0,15,1,4,0,2,251,1,,0,0,0,0,0.0,0,0,0,0,40,1,0,6.51,0,0,0,0,0,0,0,0,0.0,0.0,0,3,1,1,1,5,71.43,0,1,0,0.0,4,5,7,6,10,37.04,6,53,22,69,71.6,4,0,121,3,0,0,Messy Mubundu,Amiens SC,2142294,1676,MF
2,0,0.0,21,1,25.0,29,18,47,58.02,1,16.67,5,12,0,0,0,0,18,0,1,2,0,1,12,0,1,8,7,42,0,0,,,6,0,25.0,0,1,1,7,5,2,1,0,,33,47.14,0,0,0,34,1,3,0,2,285,1,,0,0,1,0,100.0,0,1,0,1,78,5,0,6.51,1,1,0,0,0,0,0,0,285.0,0.0,0,4,0,1,1,17,48.57,0,8,3,37.5,3,8,35,5,34,44.74,4,62,24,81,78.1,4,1,186,8,0,0,Karim Cisse,Annecy FC,1507456,210894,MF
0,0,0.0,0,0,0.0,0,1,1,100.0,0,0.0,0,1,0,0,0,0,1,0,0,0,0,0,1,0,0,1,0,2,0,0,,,1,0,0.0,0,0,0,0,0,0,0,0,,1,33.33,0,0,0,0,0,0,0,0,8,0,,0,0,0,0,0.0,0,0,0,0,1,0,0,6.5,0,0,0,0,0,0,0,0,0.0,0.0,0,0,0,0,0,0,0.0,0,1,1,100.0,0,0,0,0,1,33.33,0,0,1,1,6.5,0,0,3,0,0,0,Vincent Kany,Red Star FC,1859974,52874,DF
0,0,0.0,0,0,0.0,1,0,1,100.0,0,0.0,0,1,0,0,0,0,0,0,0,0,0,0,1,0,0,0,1,1,0,0,,,0,0,0.0,0,0,0,0,0,0,0,0,,0,0.0,0,0,0,0,0,0,0,0,10,0,,0,0,0,0,0.0,0,0,0,0,0,0,0,6.5,0,0,0,0,0,0,0,0,0.0,0.0,0,0,1,1,0,0,0.0,0,0,0,0.0,0,0,0,0,0,0.0,0,1,0,1,6.5,1,0,3,0,0,0,Hugo Garie,Rodez AF,1644289,6925,MF
0,0,0.0,0,1,100.0,3,8,11,84.62,0,0.0,0,2,0,0,0,0,5,0,0,0,0,0,1,0,0,0,1,2,0,0,,,0,0,0.0,0,0,0,1,1,0,0,0,,2,50.0,0,0,0,2,1,0,0,0,26,0,,0,0,0,0,0.0,0,0,0,0,11,0,0,6.5,0,0,0,0,0,0,0,0,0.0,0.0,0,0,0,0,0,1,50.0,0,0,0,0.0,0,0,2,6,2,50.0,1,10,9,13,6.5,0,0,30,1,0,0,Abiezer Jeno,Grenoble Foot 38,1000125,1671,
2,2,40.0,11,1,100.0,16,2,16,76.19,1,100.0,0,3,0,0,0,0,1,0,0,0,0,0,3,0,0,0,0,4,0,0,,,2,0,0.0,0,0,0,0,0,0,0,0,,1,20.0,0,0,0,5,1,2,0,0,39,0,,0,0,0,0,0.0,0,0,0,0,11,0,0,6.5,0,0,0,0,0,0,0,0,0.0,0.0,0,1,1,1,1,1,33.33,0,0,0,0.0,2,2,3,5,2,33.33,1,24,2,21,19.5,2,0,33,0,0,0,Stéphane Diarra,Lorient,834881,1656,FW
4,1,100.0,8,4,80.0,21,26,46,95.83,1,50.0,1,3,0,0,0,0,6,0,0,0,0,1,2,0,0,1,2,6,0,0,,,1,0,0.0,0,0,0,2,2,0,0,0,,4,44.44,0,0,0,2,0,1,0,0,47,0,,0,0,0,0,0.0,0,0,0,0,5,0,0,6.5,0,0,0,0,0,0,0,0,0.0,0.0,0,0,0,0,0,1,50.0,0,2,1,50.0,1,4,2,1,5,45.45,5,22,27,48,13.0,0,0,58,1,0,0,Christian Junior Senneville,USL Dunkerque,209974,6918,DF
0,0,0.0,0,2,100.0,3,2,5,83.33,0,0.0,1,3,0,0,0,0,0,0,0,0,0,0,1,0,0,0,0,1,0,0,,,0,0,0.0,0,0,0,0,0,0,0,0,,0,0.0,0,0,0,1,0,0,0,0,10,0,,0,0,0,0,0.0,0,0,0,0,2,0,0,6.5,0,0,0,0,0,0,0,0,0.0,0.0,0,0,0,0,0,0,0.0,0,0,0,0.0,0,0,0,0,0,0.0,2,3,3,6,6.5,0,0,7,0,0,0,Louis Moussier,Amiens SC,1909400,1676,MF
2,0,0.0,2,2,25.0,15,59,74,90.24,0,0.0,1,3,0,0,0,0,8,0,0,0,0,8,3,0,0,0,3,4,0,0,,,0,0,0.0,0,0,0,6,6,0,0,0,,7,70.0,0,0,0,8,2,0,0,1,221,0,,0,0,0,0,0.0,0,0,0,0,10,0,0,6.5,0,0,0,0,0,0,0,0,0.0,0.0,0,0,0,0,0,0,0.0,0,6,5,83.33,0,6,0,0,7,63.64,8,22,60,82,19.5,0,0,108,1,0,0,Robin Verhaeghe,Stade Malherbe Caen,1890420,1667,DF
0,0,0.0,5,0,0.0,6,1,7,53.85,2,100.0,0,4,0,0,0,0,4,0,0,2,0,0,4,0,0,2,1,5,0,0,,,1,0,0.0,0,0,0,1,1,0,0,0,,3,37.5,0,0,0,6,0,0,0,0,61,0,,0,0,0,0,0.0,0,0,0,0,11,0,0,6.5,0,0,0,0,0,0,0,0,0.0,0.0,0,2,1,0,1,0,0.0,0,0,0,0.0,0,0,1,1,5,50.0,1,12,2,13,26.0,3,0,25,3,0,0,Nachon Nsingi,USL Dunkerque,1388434,6918,FW
3,0,0.0,6,6,40.0,12,27,39,68.42,3,33.33,6,7,0,0,0,0,6,0,0,0,0,6,6,0,0,1,1,13,0,0,,,5,0,0.0,0,0,0,2,2,0,0,0,,6,46.15,0,0,0,18,3,0,0,1,142,0,,0,0,0,1,0.0,0,0,0,0,19,0,0,6.5,0,0,0,0,0,0,0,0,0.0,0.0,0,0,0,0,0,1,100.0,0,3,1,33.33,0,8,1,0,9,40.91,15,24,33,57,39.0,0,0,83,2,1,0,Ritchy Valme,Annecy FC,1195800,210894,DF
3,1,16.67,13,3,37.5,25,30,54,68.35,0,0.0,4,10,0,0,0,0,16,0,1,2,0,2,9,0,0,5,2,14,0,1,,,0,0,0.0,0,0,0,8,8,0,0,0,,5,33.33,0,0,1,25,2,2,0,0,195,0,,0,0,0,0,0.0,0,0,0,0,47,0,0,6.5,0,0,0,0,0,0,0,0,0.0,0.0,0,2,2,1,1,3,50.0,0,0,0,0.0,2,8,6,6,5,26.32,8,48,37,79,58.5,4,0,128,2,0,0,Steve Shamal,FC Martigues,759374,1664,FW
3,2,100.0,20,4,66.67,29,12,39,63.93,0,0.0,3,7,0,0,0,0,7,0,0,1,0,0,7,0,0,1,1,18,0,0,,,5,0,0.0,0,0,0,4,4,0,0,0,,6,28.57,0,0,0,22,1,5,0,0,116,0,,0,0,0,0,0.0,0,0,0,0,33,1,0,6.49,0,0,0,0,0,0,0,0,0.0,0.0,0,1,2,1,1,1,11.11,0,2,1,50.0,5,4,9,2,6,25.0,6,45,18,61,45.4,3,0,94,3,2,0,Loïs Martins,Stade Lavallois,1146231,1673,MF
0,0,0.0,2,0,0.0,2,0,2,100.0,0,0.0,1,3,0,0,0,0,0,0,0,0,0,0,3,0,0,0,0,3,0,0,,,2,0,0.0,0,0,0,0,0,0,0,0,,0,0.0,0,0,0,0,0,1,0,0,30,0,,0,0,0,0,0.0,0,0,0,0,2,0,0,6.47,0,0,0,0,0,0,0,0,0.0,0.0,0,0,0,0,0,0,0.0,0,0,0,0.0,1,0,0,0,0,0.0,0,2,0,2,19.4,0,0,5,0,0,0,Tieri Godame,Guingamp,1622543,1654,MF
1,0,0.0,10,1,25.0,29,56,85,87.63,4,44.44,5,6,0,0,0,0,13,0,0,0,0,6,6,0,1,1,1,10,0,0,,,2,0,0.0,4,0,0,4,4,0,0,0,,3,37.5,0,0,0,12,2,0,0,2,208,0,,0,0,0,0,0.0,0,0,0,0,16,0,0,6.47,1,0,0,0,0,0,0,0,0.0,0.0,0,0,0,0,0,0,0.0,0,2,1,50.0,0,3,1,0,7,41.18,4,36,61,97,38.8,0,0,122,2,0,0,Ivan M'Bahia,Clermont Foot,1835698,1680,
0,0,0.0,5,0,0.0,11,3,14,73.68,0,0.0,3,2,0,0,0,0,1,0,0,0,0,0,2,0,0,2,3,8,0,0,,,0,0,0.0,0,0,0,0,0,0,0,0,,4,44.44,0,0,0,5,0,0,0,0,40,0,,0,0,0,0,0.0,0,0,0,0,10,0,0,6.45,0,0,0,0,0,0,0,0,0.0,0.0,0,0,0,0,0,0,0.0,0,2,1,50.0,0,1,0,2,4,33.33,3,15,6,19,12.9,0,0,33,2,0,0,Yvan Ikia Dimi,Amiens SC,1409317,1676,FW
1,0,0.0,8,2,66.67,16,13,29,93.55,0,0.0,1,5,0,0,0,0,5,0,0,3,0,0,4,0,0,2,1,11,0,0,,,1,0,0.0,0,0,0,2,2,0,0,0,,5,33.33,0,0,0,2,1,1,0,1,111,0,,0,0,0,0,0.0,0,0,0,0,18,0,0,6.45,0,0,0,0,0,0,0,0,0.0,0.0,0,2,1,0,0,2,25.0,0,2,2,100.0,1,1,8,2,5,31.25,3,20,13,31,25.8,3,0,66,1,0,0,Ibrahim Traore,Troyes,1831195,1652,MF
0,0,0.0,2,1,100.0,2,2,4,44.44,0,0.0,0,3,0,0,0,0,1,0,0,0,0,0,3,0,0,2,0,7,0,0,,,2,0,0.0,0,0,0,0,0,0,0,0,,3,30.0,0,0,0,5,0,0,0,0,33,0,,0,0,0,0,0.0,0,0,0,0,11,0,0,6.43,0,0,0,0,0,0,0,0,0.0,0.0,0,0,0,0,0,1,25.0,0,1,1,100.0,0,0,4,0,3,30.0,1,6,3,9,19.3,0,0,21,1,0,0,Mohamed-Amine Bouchenna,Clermont Foot,1426226,1680,FW
0,0,0.0,7,0,0.0,8,4,12,92.31,1,50.0,1,6,0,0,0,1,2,0,2,1,0,0,6,0,0,0,0,7,0,0,,,4,0,0.0,0,0,0,2,2,0,0,0,,4,40.0,0,0,0,1,0,0,0,0,98,0,,0,0,1,0,0.0,0,0,0,0,6,0,0,6.43,0,0,0,0,0,0,0,0,0.0,0.0,0,4,0,2,1,4,66.67,0,0,0,0.0,0,0,6,0,5,41.67,0,9,4,13,38.6,4,0,28,0,0,0,Joan Tincres,Amiens SC,1493489,1676,FW
3,1,33.33,15,5,41.67,24,48,71,84.52,2,50.0,2,4,1,0,0,0,6,1,0,0,1,9,4,0,1,2,0,8,0,0,,,4,0,0.0,0,0,1,3,3,0,0,0,,9,60.0,0,0,0,13,2,1,0,3,227,1,,0,0,0,1,0.0,0,0,0,0,24,0,0,6.43,1,0,0,0,0,0,0,0,0.0,0.0,0,0,0,0,0,0,0.0,0,7,3,42.86,1,4,0,3,11,57.89,12,33,54,84,25.7,0,0,131,2,0,0,Mathis Hamdi,Troyes,1191259,1652,DF
4,10,38.46,13,3,23.08,35,13,38,69.09,1,25.0,3,16,0,0,0,0,4,1,0,0,0,0,12,0,1,0,0,9,1,0,,,7,0,0.0,0,0,0,4,4,0,0,0,,2,25.0,0,0,0,17,2,7,0,0,140,0,,0,0,0,1,0.0,0,0,0,0,40,0,0,6.41,1,0,0,0,0,0,0,0,0.0,0.0,0,0,0,0,0,0,0.0,0,2,1,50.0,7,8,0,26,3,25.0,13,66,15,55,76.9,0,0,101,0,0,0,Anthony Gonçalves,Stade Lavallois,74132,1673,DF
0,0,0.0,0,0,0.0,1,1,2,66.67,0,0.0,0,1,0,0,0,0,0,0,0,0,0,0,1,0,0,0,1,1,0,0,,,0,0,0.0,0,0,0,0,0,0,0,0,,1,50.0,0,0,0,1,0,0,0,0,12,0,,0,0,0,0,0.0,0,0,0,0,2,0,0,6.4,0,0,0,0,0,0,0,0,0.0,0.0,0,0,0,0,0,0,0.0,0,0,0,0.0,0,1,0,0,1,50.0,1,2,1,3,6.4,0,0,5,1,0,0,Amine Said,Clermont Foot,1198254,1680,FW
0,0,0.0,0,0,0.0,0,0,0,0.0,0,0.0,0,1,0,0,0,0,0,0,0,0,0,0,1,0,0,0,1,1,0,0,,,0,0,0.0,0,0,0,1,1,0,0,0,,0,0.0,0,0,0,2,0,0,0,0,9,0,,0,0,0,0,0.0,0,0,0,0,2,0,0,6.4,0,0,0,0,0,0,0,0,0.0,0.0,0,0,0,0,0,0,0.0,0,0,0,0.0,0,0,0,0,0,0.0,0,1,1,2,6.4,0,0,2,0,0,0,Zyed Beltaief,Ajaccio,1956104,1660,MF
0,0,0.0,0,0,0.0,1,4,5,38.46,1,50.0,1,1,0,0,0,0,4,0,0,1,0,1,1,0,0,0,1,4,0,0,,,1,0,0.0,0,0,0,0,0,0,0,0,,2,40.0,0,0,0,8,0,0,0,1,62,0,,0,0,0,0,0.0,0,0,0,0,14,0,0,6.4,0,0,0,0,0,0,0,0,0.0,0.0,0,1,0,0,0,1,50.0,0,0,0,0.0,0,0,2,0,3,42.86,1,8,5,13,6.4,1,0,26,1,0,0,Florian Bianchini,Bastia,1006005,1655,FW
1,0,0.0,0,1,50.0,0,11,11,84.62,0,0.0,0,1,0,0,0,0,2,0,0,0,0,0,1,0,0,0,1,1,0,0,,,0,0,0.0,0,0,0,1,1,0,0,0,,2,66.67,0,0,0,2,0,0,0,1,35,0,,0,0,0,0,0.0,0,0,0,0,3,0,0,6.4,0,0,0,0,0,0,0,0,0.0,0.0,0,0,0,0,0,0,0.0,0,1,1,100.0,0,1,0,0,2,66.67,2,1,12,13,6.4,0,0,18,1,0,0,Ethan Kena Kabeya,Clermont Foot,1858008,1680,DF
0,0,0.0,3,1,25.0,5,1,6,60.0,1,25.0,3,1,0,0,0,0,2,0,0,0,0,0,1,0,0,0,0,5,0,0,,,2,0,0.0,0,0,0,1,0,1,0,0,,1,33.33,0,0,0,4,0,0,0,0,29,0,,0,0,0,0,0.0,0,0,0,0,5,0,0,6.4,0,0,0,0,0,0,0,0,0.0,0.0,0,0,0,0,0,0,0.0,0,1,1,100.0,0,0,0,0,2,28.57,4,8,2,10,6.4,0,0,12,0,0,0,Moise Mahop,Annecy FC,1104854,210894,DF
0,0,0.0,1,0,0.0,2,1,3,60.0,0,0.0,0,1,0,0,0,0,0,0,0,0,0,0,1,0,0,0,1,1,0,0,,,0,0,0.0,0,0,0,0,0,0,0,0,,0,0.0,0,0,0,2,0,0,0,0,10,0,,0,0,0,0,0.0,0,0,0,0,2,0,0,6.4,0,0,0,0,0,0,0,0,0.0,0.0,0,0,0,0,0,0,0.0,0,0,0,0.0,0,0,0,0,0,0.0,0,3,2,5,6.4,0,0,5,0,0,0,Clément Darribère,Pau FC,2063225,1685,MF
0,0,0.0,0,0,0.0,0,2,2,100.0,1,50.0,1,2,0,0,0,0,1,0,0,0,0,0,2,0,0,0,0,2,0,0,,,1,0,0.0,0,0,0,0,0,0,0,0,,0,0.0,0,0,0,0,0,0,0,0,16,0,,0,0,0,0,0.0,0,0,0,0,2,0,0,6.4,0,0,0,0,0,0,0,0,0.0,0.0,0,0,0,0,0,0,0.0,0,0,0,0.0,0,0,0,0,1,33.33,0,0,2,2,12.8,0,0,4,0,0,0,Josias Lukembila,Paris FC,1006837,6070,MF
0,0,0.0,7,1,100.0,11,15,26,81.25,0,0.0,4,2,0,0,0,0,8,0,0,1,0,2,2,0,0,2,1,13,0,0,,,5,0,0.0,0,0,0,3,3,0,0,0,,9,50.0,0,0,0,6,1,0,0,2,145,0,,0,0,0,0,0.0,0,0,0,0,14,1,0,6.4,0,0,0,0,0,0,0,0,0.0,0.0,0,0,1,0,0,0,0.0,0,8,5,62.5,0,0,1,0,9,40.91,1,17,15,32,12.8,1,0,57,1,0,0,Ricardo Coutinho,Ajaccio,1971444,1660,MF
1,0,0.0,3,1,100.0,5,2,7,77.78,0,0.0,0,2,0,0,0,0,1,0,0,0,0,0,1,0,0,0,0,1,0,0,,,1,0,0.0,0,0,0,1,1,0,0,0,,0,0.0,0,0,0,2,1,0,0,0,13,0,,0,0,0,0,0.0,0,0,0,0,4,0,0,6.4,0,0,0,0,0,0,0,0,0.0,0.0,0,0,0,0,0,0,0.0,0,0,0,0.0,0,1,0,2,0,0.0,1,9,2,9,6.4,0,0,12,0,0,0,Edson Seidou,Stade Lavallois,140923,1673,DF
0,0,0.0,3,0,0.0,8,4,12,70.59,0,0.0,1,3,0,0,0,0,3,0,0,0,0,0,3,0,0,2,1,7,0,0,,,1,0,0.0,0,0,0,1,1,0,0,0,,3,33.33,0,0,0,5,0,0,0,0,44,0,,0,0,0,0,0.0,0,0,0,0,13,2,0,6.4,0,0,0,0,0,0,0,0,0.0,0.0,0,0,1,1,0,2,50.0,0,1,1,100.0,0,1,4,0,3,30.0,0,13,4,17,19.2,1,0,30,0,0,0,Ranjan Neelakandan,Annecy FC,1432545,210894,FW
0,0,0.0,0,0,0.0,1,2,3,27.27,1,33.33,2,6,0,0,0,0,1,0,0,0,0,1,2,0,0,1,1,6,0,0,,,2,0,0.0,0,0,0,0,0,0,0,0,,1,20.0,0,0,0,8,0,0,0,0,36,0,,0,0,0,0,0.0,0,0,0,0,12,0,0,6.4,0,0,0,0,0,0,0,0,0.0,0.0,0,0,0,0,0,0,0.0,0,0,0,0.0,0,0,0,1,2,25.0,5,4,8,11,12.8,0,0,22,1,1,0,Mactar Tine,Amiens SC,1634350,1676,MF
1,0,0.0,2,2,50.0,7,10,17,77.27,1,100.0,0,4,0,0,0,0,2,0,0,0,0,0,3,0,0,1,1,7,0,0,,,3,0,0.0,0,0,0,1,1,0,0,0,,2,22.22,0,0,0,5,1,0,0,0,39,0,,0,0,0,0,0.0,0,0,0,0,9,0,0,6.37,0,0,0,0,0,0,0,0,0.0,0.0,1,0,1,1,0,0,0.0,0,2,2,100.0,0,3,2,1,3,30.0,4,12,11,22,19.1,1,0,35,0,1,0,Rayan Touzghar,Guingamp,1444639,1654,MF
1,2,40.0,5,0,0.0,11,6,15,75.0,2,50.0,2,2,0,0,0,0,0,0,0,0,0,2,2,0,0,0,1,5,0,0,,,1,0,0.0,0,0,0,2,2,0,0,0,,0,0.0,0,0,0,5,0,1,0,0,58,0,,0,0,0,0,0.0,0,0,0,0,10,0,0,6.35,0,0,0,0,0,0,0,0,0.0,0.0,0,0,0,0,0,0,0.0,0,0,0,0.0,1,3,1,5,2,28.57,2,19,6,20,12.7,0,0,35,0,1,0,Andreas Bruus,Troyes,826070,1652,DF
7,0,0.0,14,14,34.15,70,175,245,84.48,3,18.75,13,9,0,0,0,0,27,0,0,1,1,27,9,0,1,1,2,26,0,0,,,7,0,0.0,5,0,0,8,7,1,0,0,,20,60.61,0,0,0,45,3,0,0,6,555,0,,0,0,0,1,0.0,0,0,0,0,59,0,0,6.34,1,0,0,0,0,0,0,0,0.0,0.0,0,0,1,0,0,2,40.0,0,16,12,75.0,0,21,5,1,23,46.94,41,99,192,290,57.1,1,0,367,2,1,0,Josue Isala,Clermont Foot,1469706,1680,
10,0,0.0,17,15,50.0,49,151,200,84.75,1,14.29,6,8,0,0,0,0,22,0,0,0,0,12,7,0,0,3,2,20,0,0,,,11,0,0.0,6,0,0,14,12,2,0,0,,8,36.36,0,0,0,36,8,0,0,3,380,0,,0,0,0,0,0.0,0,0,0,0,57,1,0,6.33,0,0,0,0,0,0,0,0,0.0,0.0,0,0,0,0,0,1,100.0,0,5,2,40.0,0,21,1,9,9,31.03,30,83,162,236,44.3,0,0,308,2,0,0,Geoffrey Kondo,USL Dunkerque,1397885,6918,DF
7,0,0.0,21,11,37.93,50,101,151,82.51,11,55.0,9,7,0,0,0,0,20,0,0,0,0,13,7,0,0,3,6,23,0,0,,,3,0,0.0,0,0,0,13,13,0,0,0,,8,36.36,0,0,0,32,6,0,0,4,390,0,,0,0,0,0,0.0,0,0,0,0,46,0,0,6.31,0,0,0,0,0,0,0,0,0.0,0.0,0,1,1,1,1,0,0.0,0,7,5,71.43,0,23,2,2,19,45.24,29,72,113,183,44.2,2,0,273,2,2,0,Luan Gautier,FC Martigues,1915119,1664,DF
0,0,0.0,0,0,0.0,0,5,5,71.43,0,0.0,0,1,0,0,0,0,0,0,0,0,0,0,1,0,0,0,0,1,0,0,,,1,0,0.0,0,0,0,0,0,0,0,0,,0,0.0,0,0,0,2,0,0,0,0,12,0,,0,0,0,0,0.0,0,0,0,0,2,0,0,6.3,0,0,0,0,0,0,0,0,0.0,0.0,0,0,0,0,0,0,0.0,0,0,0,0.0,0,0,0,0,0,0.0,2,0,7,7,6.3,0,0,7,0,0,0,Ilan Daf,Amiens SC,2147808,1676,DF
0,0,0.0,4,0,0.0,7,5,12,80.0,1,20.0,4,5,0,0,0,0,1,0,0,0,0,0,4,0,0,3,1,15,0,0,,,5,0,0.0,0,0,0,4,4,0,0,0,,2,15.38,0,0,0,3,1,0,0,1,80,0,,0,0,0,0,0.0,0,0,0,0,22,1,0,6.3,0,0,0,0,0,0,0,0,0.0,0.0,0,1,0,1,0,0,0.0,0,0,0,0.0,0,0,2,3,3,16.67,0,12,6,15,25.2,1,0,43,2,0,0,Marks Inchaud,Clermont Foot,1461925,1680,FW
0,2,100.0,5,2,100.0,13,11,22,84.62,1,25.0,3,1,0,0,0,0,2,0,0,0,0,4,1,0,1,1,2,9,0,0,,,2,0,0.0,0,0,0,1,1,0,0,0,,3,33.33,0,0,0,4,1,0,0,1,80,0,,0,0,0,0,0.0,0,0,0,0,9,0,0,6.2,1,0,0,0,0,0,0,0,0.0,0.0,0,0,0,0,0,0,0.0,0,2,1,50.0,0,1,1,2,4,30.77,2,16,12,26,6.2,0,0,49,1,1,0,Anthony Khelifa,Ajaccio,1459147,1660,DF
2,0,0.0,4,1,50.0,11,19,30,88.24,0,0.0,0,1,0,0,0,0,0,0,0,0,0,0,1,0,0,0,1,5,0,0,,,4,0,0.0,0,0,0,2,2,0,0,0,,2,28.57,0,0,0,4,2,0,0,1,69,0,,0,0,0,0,0.0,0,0,0,0,8,0,0,6.1,0,0,0,0,0,0,0,0,0.0,0.0,0,0,0,0,0,1,50.0,0,1,1,100.0,0,3,2,1,2,28.57,2,14,21,34,6.1,0,0,50,0,1,0,Tom Akpakoun,Troyes,1900000,1652,DF
1,0,0.0,3,1,100.0,3,1,4,100.0,0,0.0,0,1,0,0,0,0,0,0,0,0,0,1,0,0,0,0,0,0,0,0,,,0,0,0.0,0,0,0,0,0,0,0,0,,0,0.0,0,0,0,0,0,0,0,0,1,0,,0,0,0,0,0.0,0,0,0,0,0,0,0,0.0,0,0,0,0,0,0,0,0,0.0,0.0,0,0,0,0,0,0,0.0,0,0,0,0.0,0,1,0,0,0,0.0,1,3,1,4,0.0,0,0,5,0,0,0,Loic Bessile,USL Dunkerque,826213,6918,DF
0,0,0.0,0,0,0.0,0,0,0,0.0,0,0.0,0,1,0,0,0,0,1,0,0,0,0,0,0,0,0,0,0,0,0,0,,,0,0,0.0,0,0,0,0,0,0,0,0,,3,100.0,0,0,0,0,0,0,0,0,4,0,,0,0,0,0,0.0,0,0,0,0,0,0,0,0.0,0,0,0,0,0,0,0,0,0.0,0.0,0,0,0,0,0,0,0.0,0,1,1,100.0,0,0,0,0,3,100.0,0,0,0,0,0.0,0,0,4,2,0,0,William Benard,Stade Lavallois,1521634,1673,MF
0,0,0.0,0,0,0.0,0,0,0,0.0,1,100.0,0,1,0,0,0,0,0,0,0,0,0,0,0,0,0,0,0,1,0,0,,,0,0,0.0,0,0,0,0,0,0,0,0,,2,66.67,0,0,0,1,0,0,0,0,1,0,,0,0,0,0,0.0,0,0,0,0,2,0,0,0.0,0,0,0,0,0,0,0,0,0.0,0.0,0,0,0,0,0,0,0.0,0,0,0,0.0,0,0,1,0,3,75.0,0,1,0,1,0.0,0,0,4,2,0,0,Fidèle Malcolm Bongelo,Pau FC,1917050,1685,
0,0,0.0,0,0,0.0,0,0,0,0.0,0,0.0,0,1,0,0,0,0,0,0,0,0,0,0,0,0,0,0,0,0,0,0,,,0,0,0.0,0,0,0,0,0,0,0,0,,0,0.0,0,0,0,1,0,0,0,0,1,0,,0,0,0,0,0.0,0,0,0,0,1,0,0,0.0,0,0,0,0,0,0,0,0,0.0,0.0,0,0,0,0,0,0,0.0,0,0,0,0.0,0,0,0,0,0,0.0,0,0,1,1,0.0,0,0,2,0,0,0,Julien Prenant,Ajaccio,1900440,1660,DF
