accurateChippedPasses,accurateCrosses,accurateCrossesPercentage,accurateFinalThirdPasses,accurateLongBalls,accurateLongBallsPercentage,accurateOppositionHalfPasses,accurateOwnHalfPasses,accuratePasses,accuratePassesPercentage,aerialDuelsWon,aerialDuelsWonPercentage,aerialLost,appearances,assists,attemptPenaltyMiss,attemptPenaltyPost,attemptPenaltyTarget,ballRecovery,bigChancesCreated,bigChancesMissed,blockedShots,cleanSheet,clearances,countRating,crossesNotClaimed,directRedCards,dispossessed,dribbledPast,duelLost,errorLeadToGoal,errorLeadToShot,expectedAssists,expectedGoals,fouls,freeKickGoal,goalConversionPercentage,goalKicks,goals,goalsAssistsSum,goalsConceded,goalsConcededInsideTheBox,goalsConcededOutsideTheBox,goalsFromInsideTheBox,goalsFromOutsideTheBox,goalsPrevented,groundDuelsWon,groundDuelsWonPercentage,headedGoals,highClaims,hitWoodwork,inaccuratePasses,interceptions,keyPasses,leftFootGoals,matchesStarted,minutesPlayed,offsides,outfielderBlocks,ownGoals,passToAssist,penaltiesTaken,penaltyConceded,penaltyConversion,penaltyFaced,penaltyGoals,penaltySave,penaltyWon,possessionLost,possessionWonAttThird,punches,rating,redCards,rightFootGoals,runsOut,savedShotsFromInsideTheBox,savedShotsFromOutsideTheBox,saves,savesCaught,savesParried,scoringFrequency,setPieceConversion,shotFromSetPiece,shotsFromInsideTheBox,shotsFromOutsideTheBox,shotsOffTarget,shotsOnTarget,successfulDribbles,successfulDribblesPercentage,successfulRunsOut,tackles,tacklesWon,tacklesWonPercentage,totalAttemptAssist,totalChippedPasses,totalContest,totalCross,totalDuelsWon,totalDuelsWonPercentage,totalLongBalls,totalOppositionHalfPasses,totalOwnHalfPasses,totalPasses,totalRating,totalShots,totwAppearances,touches,wasFouled,yellowCards,yellowRedCards,player,team,player id,team id
0,0,0.0,1,11,42.31,9,8,17,53.13,1,50.0,1,1,0,0,0,0,11,0,0,0,1,2,1,0,0,0,0,1,0,0,0.0,,0,0,0.0,10,0,0,0,0,0,0,0,1.71,0,0.0,0,1,0,15,0,0,0,1,90,0,0,0,0,0,0,0.0,0,0,0,0,17,0,2,9.7,0,0,1,4,2,6,0,1,0.0,0.0,0,0,0,0,0,0,0.0,1,0,0,0.0,0,0,0,0,1,50.0,26,24,8,32,9.7,0,1,46,0,0,0,Matheo Raab,1. FC Union Berlin,842718,2547
1,0,0.0,1,9,34.62,6,28,34,66.67,0,0.0,0,1,0,0,0,0,10,0,0,0,0,3,1,0,0,0,0,0,0,0,0.0,,0,0,0.0,8,0,0,1,1,0,0,0,1.44,1,100.0,0,0,0,17,0,0,0,1,90,0,0,0,0,0,0,0.0,1,0,1,0,17,0,2,8.8,0,0,0,5,2,7,0,1,0.0,0.0,0,0,0,0,0,0,0.0,0,0,0,0.0,0,1,0,0,1,100.0,26,19,32,51,8.8,0,0,68,1,0,0,Sander Tangvik,Hamburger SV,1030355,2676
44,31,21.09,749,28,60.87,1076,234,1310,84.14,8,38.1,13,32,19,0,0,0,100,27,15,30,8,9,32,0,0,31,28,175,0,1,17.23,11.46,32,0,14.85,0,15,34,25,22,3,11,4,,147,47.57,0,0,6,247,13,81,12,23,2317,7,1,0,2,0,0,0.0,0,0,0,2,573,29,0,7.87,0,3,0,0,0,0,0,0,154.47,0.0,5,57,44,21,50,65,47.1,0,24,10,41.67,79,83,138,147,155,46.97,46,1293,264,1557,251.9,101,13,2335,58,8,0,Michael Olise,FC Bayern München,978838,2672
68,1,8.33,269,78,70.91,398,191,589,81.02,43,61.43,27,31,5,1,0,0,77,18,18,28,4,33,31,0,0,32,14,113,1,0,4.27,26.87,25,1,30.25,0,36,41,26,23,3,30,6,,83,49.11,3,0,4,138,8,40,6,25,2382,20,6,0,0,11,1,90.91,0,10,0,2,258,15,0,7.84,0,27,0,0,0,0,0,0,66.17,25.0,4,95,24,24,67,32,62.75,0,19,13,68.42,40,107,51,12,126,52.72,110,515,212,727,243.0,119,12,1163,32,1,0,Harry Kane,FC Bayern München,108579,2672
4,0,0.0,9,31,49.21,19,64,83,71.55,1,100.0,0,3,0,0,0,0,29,0,0,0,0,4,3,0,0,0,2,2,0,0,0.01,,0,0,0.0,26,0,0,5,5,0,0,0,0.71,3,60.0,0,0,0,33,0,0,0,3,270,0,0,0,0,0,0,0.0,0,0,0,0,35,0,1,7.77,0,0,3,10,5,15,0,1,0.0,0.0,0,0,0,0,0,0,0.0,3,1,1,100.0,0,9,0,0,4,66.67,63,45,71,116,23.3,0,0,154,2,0,0,Frank Feller,1. FC Heidenheim,1083359,5885
15,7,16.28,407,28,73.68,625,271,896,83.97,5,14.71,29,33,8,0,0,0,148,17,6,12,3,9,33,0,0,62,18,206,0,1,10.12,7.14,19,0,22.64,0,12,20,36,35,1,10,2,,181,50.56,0,0,0,171,16,56,7,28,2476,7,1,0,0,0,0,0.0,0,0,0,0,451,27,0,7.72,0,5,0,0,0,0,0,0,206.33,0.0,0,40,13,15,26,118,59.9,0,29,19,65.52,56,20,197,43,186,47.45,38,767,300,1067,254.7,53,10,1758,34,2,0,Yan Diomande,RB Leipzig,2087085,36360
139,28,23.33,727,160,71.11,1548,900,2448,92.38,7,36.84,12,29,8,0,0,0,117,16,1,6,8,18,29,0,0,14,23,63,0,4,10.24,2.65,8,0,7.14,0,2,10,25,22,3,2,0,,64,55.65,0,0,3,202,25,58,2,24,2280,0,6,0,2,0,1,0.0,0,0,0,0,354,8,0,7.71,0,0,0,0,0,0,0,0,1140.0,0.0,0,12,16,12,10,11,61.11,0,32,25,78.13,56,229,18,120,71,52.99,225,1721,929,2650,223.5,28,9,3071,21,4,0,Joshua Kimmich,FC Bayern München,259117,2672
149,6,18.75,351,187,61.72,810,942,1752,88.26,66,62.86,39,28,1,0,0,0,142,1,2,11,11,127,28,0,0,15,8,97,0,1,2.69,3.72,30,0,15.63,79,5,6,29,27,2,5,0,,92,61.33,3,0,2,233,27,12,2,28,2520,1,12,0,0,0,1,0.0,0,0,0,1,332,6,0,7.67,0,0,0,0,0,0,0,0,504.0,0.0,0,25,7,12,9,15,65.22,0,50,37,74.0,12,246,23,32,158,61.96,303,975,1010,1985,214.8,32,8,2497,27,8,0,Nico Schlotterbeck,Borussia Dortmund,940871,2673
0,0,0.0,0,5,20.0,3,15,18,47.37,0,0.0,0,1,0,0,0,0,9,0,0,0,0,0,1,0,0,0,0,0,0,0,0.0,,0,0,0.0,8,0,0,1,1,0,0,0,0.98,1,100.0,0,0,0,20,0,0,0,1,90,0,0,0,0,0,0,0.0,0,0,0,0,20,0,0,7.6,0,0,0,5,1,6,0,0,0.0,0.0,0,0,0,0,0,0,0.0,0,0,0,0.0,0,1,0,0,1,100.0,25,17,21,38,7.6,0,0,48,1,1,0,Sven Ulreich,FC Bayern München,26768,2672
3,0,0.0,1,18,40.91,7,76,83,75.45,2,100.0,0,2,0,0,0,0,22,0,0,0,1,4,2,0,0,0,0,0,0,0,0.0,,0,0,0.0,10,0,0,4,4,0,0,0,0.72,1,100.0,0,1,0,27,0,0,0,2,180,0,0,0,0,0,0,0.0,1,0,0,0,27,0,2,7.6,0,0,3,7,4,11,0,1,0.0,0.0,0,0,0,0,0,1,100.0,3,0,0,0.0,0,10,1,0,3,100.0,44,19,91,110,15.2,0,0,140,0,0,0,Karl Hein,SV Werder Bremen,991591,2534
3,0,0.0,21,4,22.22,88,96,184,86.38,17,80.95,4,3,0,0,0,0,11,0,0,1,0,17,3,0,0,1,2,12,0,0,0.12,0.34,5,0,0.0,8,0,0,4,4,0,0,0,,7,46.67,0,0,0,29,5,1,0,3,210,0,5,0,0,0,0,0.0,0,0,0,1,31,0,0,7.53,0,0,0,0,0,0,0,0,0.0,0.0,0,3,3,4,1,1,100.0,0,5,3,60.0,1,14,1,0,24,66.67,18,107,106,213,22.6,6,1,262,1,0,0,Dan Zagadou,VfB Stuttgart,826205,2677
1,1,50.0,1,0,0.0,16,20,36,90.0,2,66.67,1,2,0,0,0,0,2,0,0,0,0,5,1,0,0,0,0,1,0,0,0.11,,0,0,0.0,0,0,0,0,0,0,0,0,,1,100.0,0,0,0,4,1,0,0,0,36,0,2,0,0,0,0,0.0,0,0,0,0,5,0,0,7.5,0,0,0,0,0,0,0,0,0.0,0.0,0,0,0,0,0,0,0.0,0,1,0,0.0,0,2,0,2,3,75.0,2,20,20,40,7.5,0,0,52,0,0,0,Mick Schmetgens,SV Werder Bremen,1568521,2534
118,38,30.89,679,176,75.21,1563,1256,2819,92.88,10,50.0,10,33,8,0,0,0,136,15,1,11,5,31,33,0,0,5,18,51,0,6,6.65,2.29,8,0,10.0,0,3,11,39,33,6,3,0,,48,53.93,0,0,0,216,23,51,2,31,2676,2,5,0,1,0,0,0.0,0,0,0,0,338,8,0,7.45,0,1,0,0,0,0,0,0,892.0,0.0,6,6,24,14,5,4,28.57,0,26,19,73.08,50,170,14,123,58,53.21,234,1709,1326,3035,246.0,30,6,3408,19,6,0,Aleix García,Bayer 04 Leverkusen,796047,2681
0,2,15.38,9,1,50.0,12,16,28,75.68,0,0.0,2,2,0,0,0,0,7,3,0,2,0,0,2,0,0,2,2,13,0,0,0.36,0.13,1,1,25.0,0,1,1,5,4,1,0,1,,12,52.17,0,0,0,9,0,3,0,2,180,0,0,0,0,0,0,0.0,0,0,0,0,35,0,0,7.45,0,1,0,0,0,0,0,0,180.0,100.0,1,1,3,1,1,3,33.33,0,2,2,100.0,3,2,9,13,12,48.0,2,19,18,37,14.9,4,0,88,7,0,0,Leo Scienza,1. FC Heidenheim,1386651,5885
81,45,32.61,364,64,48.85,571,332,903,81.28,12,52.17,11,26,2,0,0,0,110,16,4,21,1,9,26,0,0,26,13,93,0,0,7.69,10.4,20,0,21.82,0,12,14,33,30,3,12,0,,82,50.0,0,0,2,208,22,63,1,24,2090,3,3,0,0,8,0,100.0,0,8,0,1,415,15,0,7.43,0,11,0,0,0,0,0,0,174.17,0.0,5,32,23,11,23,25,51.02,0,31,17,54.84,63,152,49,138,94,50.27,131,748,363,1111,193.2,55,5,1628,26,6,0,Nadiem Amiri,1. FSV Mainz 05,327755,2556
19,0,0.0,50,162,40.7,138,286,424,63.86,8,80.0,2,21,0,0,0,0,201,0,0,0,4,19,21,0,0,0,3,5,1,0,0.09,,0,0,0.0,103,0,0,27,24,3,0,0,9.06,1,25.0,0,20,0,240,0,1,0,21,1890,0,0,0,1,0,0,0.0,1,0,0,0,247,0,7,7.42,0,0,11,54,16,70,0,13,0.0,0.0,0,0,0,0,0,0,0.0,9,0,0,0.0,0,33,0,0,9,64.29,398,344,320,664,155.8,0,1,877,1,2,0,Daniel Batz,1. FSV Mainz 05,94312,2556
32,3,25.0,227,44,40.37,507,514,1021,87.41,39,57.35,29,21,2,0,0,0,80,1,0,4,9,85,19,0,0,2,6,70,1,2,1.94,3.11,31,0,29.41,14,5,7,13,11,2,5,0,,48,53.93,2,0,0,147,18,10,2,15,1529,1,8,0,0,2,0,100.0,0,2,0,0,184,3,0,7.38,0,1,0,0,0,0,0,0,305.8,0.0,0,11,6,6,7,4,57.14,0,28,13,46.43,10,76,7,12,87,55.41,109,619,549,1168,140.2,17,4,1479,16,6,0,Ramy Bensebaini,Borussia Dortmund,577726,2673
53,0,0.0,36,219,40.56,142,651,793,70.68,8,100.0,0,34,0,0,0,0,309,1,0,0,13,27,34,0,0,0,0,0,0,1,0.07,,0,0,0.0,133,0,0,53,52,1,0,0,9.75,4,100.0,0,22,0,329,1,2,0,34,3060,0,0,0,0,0,0,0.0,5,0,0,0,340,0,13,7.34,0,0,9,85,49,136,1,25,0.0,0.0,0,0,0,0,0,0,0.0,7,1,1,100.0,2,89,0,0,12,100.0,540,371,751,1122,249.7,0,3,1495,3,1,0,Moritz Nicolas,Borussia M'gladbach,578166,2527
75,87,34.52,350,88,45.36,710,660,1370,80.78,16,43.24,21,30,7,0,0,0,153,22,2,3,8,104,30,0,0,5,28,103,1,1,12.39,2.2,29,1,12.5,0,3,10,34,34,0,2,1,,81,49.69,0,0,3,326,30,98,3,29,2556,6,9,0,2,1,2,100.0,0,1,0,0,599,8,0,7.33,0,0,0,0,0,0,0,0,852.0,12.5,8,10,14,13,8,16,44.44,0,48,34,70.83,96,173,36,252,97,48.5,194,922,774,1696,220.0,24,7,2591,17,6,0,David Raum,RB Leipzig,856076,36360
59,50,28.74,506,51,49.04,928,674,1602,87.4,10,24.39,31,29,8,0,0,0,127,16,4,17,5,52,29,0,0,27,27,131,0,0,10.13,6.65,11,3,13.33,0,8,16,40,32,8,5,3,,103,50.74,0,0,0,231,19,70,8,29,2524,8,5,0,0,3,0,100.0,0,3,0,0,473,10,0,7.31,0,0,0,0,0,0,0,0,315.5,20.0,15,19,41,22,21,25,40.98,0,49,25,51.02,70,112,61,174,113,46.31,104,1088,745,1833,211.9,60,6,2579,29,5,0,Alejandro Grimaldo,Bayer 04 Leverkusen,177177,2681
55,0,0.0,103,88,42.31,368,906,1274,83.05,149,74.5,51,28,0,0,0,0,126,0,5,6,5,251,28,0,0,15,7,99,1,2,1.46,4.22,29,1,18.75,14,6,6,41,38,3,5,1,,58,54.72,2,0,2,260,40,11,0,27,2441,1,26,0,0,1,0,100.0,0,1,0,2,303,1,0,7.28,0,4,0,0,0,0,0,0,406.83,33.33,3,24,8,16,10,8,88.89,0,22,18,81.82,11,123,9,2,207,67.65,208,570,964,1534,203.8,32,2,2070,32,6,0,Luka Vušković,Hamburger SV,1405212,2676
53,8,17.02,499,41,75.93,847,260,1107,85.81,12,35.29,22,32,14,0,0,0,138,17,15,24,4,2,32,0,0,51,11,181,1,2,7.74,15.1,35,0,17.05,0,15,29,29,26,3,13,2,,120,43.01,3,0,1,183,14,67,3,27,2450,26,2,0,2,0,0,0.0,0,0,0,2,415,28,0,7.26,1,9,0,0,0,0,0,0,163.33,0.0,0,71,17,27,37,61,48.8,0,21,14,66.67,65,85,125,47,132,42.17,54,1002,288,1290,232.2,88,5,1867,38,5,1,Luis Díaz,FC Bayern München,883537,2672
6,0,0.0,3,31,32.63,20,164,184,74.19,4,100.0,0,11,0,0,0,0,92,0,0,0,3,10,11,0,0,0,1,1,1,0,0.01,,0,0,0.0,47,0,0,9,9,0,0,0,3.82,0,0.0,0,6,0,64,0,2,0,10,930,0,0,0,0,0,0,0.0,0,0,0,0,67,0,7,7.25,0,0,7,30,11,41,0,6,0.0,0.0,0,0,0,0,0,0,0.0,5,0,0,0.0,2,9,0,0,4,80.0,95,63,185,248,79.8,0,1,360,0,1,0,Janis Blaswich,Bayer 04 Leverkusen,96832,2681
97,25,23.58,558,81,47.37,1227,828,2055,88.12,33,46.48,38,34,5,0,0,1,160,10,4,5,8,48,34,0,0,19,17,101,0,0,7.46,3.08,18,0,11.76,0,2,7,43,41,2,2,0,,107,62.94,0,0,0,277,30,56,2,30,2750,0,7,0,1,1,0,0.0,0,0,0,0,424,17,0,7.25,0,0,0,0,0,0,0,0,1375.0,0.0,1,11,6,4,8,14,58.33,0,49,24,48.98,55,167,24,106,140,58.09,171,1445,887,2332,246.6,17,2,2815,44,1,0,Angelo Stiller,VfB Stuttgart,901882,2677
1,1,100.0,2,1,33.33,2,2,4,50.0,1,100.0,0,2,0,0,0,0,2,1,0,0,0,4,2,0,0,0,0,1,0,0,0.35,,1,0,0.0,0,0,0,0,0,0,0,0,,1,50.0,0,0,0,4,2,1,0,0,35,0,1,0,0,0,0,0.0,0,0,0,0,5,0,0,7.25,0,0,0,0,0,0,0,0,0.0,0.0,0,0,0,0,0,0,0.0,0,1,1,100.0,1,1,0,1,2,66.67,3,5,3,8,14.5,0,0,20,0,0,0,Maximilian Wöber,SV Werder Bremen,794962,2534
60,4,33.33,289,85,41.26,852,1273,2125,89.85,85,59.44,58,32,0,0,0,0,149,0,0,5,14,165,32,0,0,6,11,110,0,3,1.26,1.74,27,0,12.5,1,2,2,33,30,3,2,0,,99,65.56,0,0,0,240,30,8,0,32,2880,0,17,0,0,0,0,0.0,0,0,0,0,298,5,0,7.25,0,2,0,0,0,0,0,0,1440.0,0.0,0,14,2,5,6,13,56.52,0,73,43,58.9,8,124,23,12,184,62.59,206,1029,1336,2365,231.9,16,2,2861,16,3,0,Waldemar Anton,Borussia Dortmund,799046,2673
27,0,0.0,226,43,66.15,874,953,1827,96.31,43,70.49,18,28,1,0,0,0,90,1,1,1,6,124,27,0,0,4,7,53,0,1,1.73,0.71,26,0,25.0,33,2,3,23,20,3,2,0,,33,48.53,1,0,1,70,26,5,0,23,2024,0,21,0,0,0,0,0.0,0,0,0,0,92,1,0,7.24,0,1,0,0,0,0,0,0,1012.0,0.0,0,7,1,2,5,3,60.0,0,24,18,75.0,5,45,5,1,76,58.91,65,921,976,1897,195.6,8,5,2176,6,7,0,Jonathan Tah,FC Bayern München,227672,2672
2,0,0.0,29,2,28.57,95,91,186,87.32,9,60.0,6,6,0,0,0,0,23,0,0,0,2,15,5,0,0,0,5,18,0,1,0.11,0.07,6,0,100.0,0,1,1,2,2,0,1,0,,13,52.0,1,0,0,27,5,0,0,4,368,0,2,0,0,0,0,0.0,0,0,0,0,35,1,0,7.24,0,0,0,0,0,0,0,0,368.0,0.0,0,1,0,0,1,1,50.0,0,9,9,100.0,0,5,2,1,22,55.0,7,111,102,213,36.2,1,0,277,3,0,0,Aarón Anselmino,Borussia Dortmund,1500263,2673
19,0,0.0,241,22,57.89,760,740,1500,94.94,46,62.16,28,25,1,0,0,0,87,1,0,1,5,80,23,0,0,0,5,43,1,0,1.41,0.62,9,0,20.0,22,1,2,21,18,3,1,0,,26,63.41,1,0,0,80,39,5,0,19,1621,0,18,0,1,0,0,0.0,0,0,0,0,89,1,0,7.23,0,0,0,0,0,0,0,0,1621.0,0.0,0,5,0,1,3,1,50.0,0,22,17,77.27,4,31,2,1,72,62.61,38,805,775,1580,166.4,5,3,1802,3,1,0,Kim Min-jae,FC Bayern München,896569,2672
3,0,0.0,5,22,34.92,21,46,67,61.47,2,100.0,0,4,0,0,0,0,32,0,0,0,1,3,4,0,0,0,0,0,0,0,0.01,,0,0,0.0,17,0,0,4,3,1,0,0,2.24,0,0.0,0,5,0,42,0,0,0,3,329,0,0,0,0,0,0,0.0,0,0,0,0,44,0,1,7.23,0,0,2,8,2,10,0,1,0.0,0.0,0,0,0,0,0,0,0.0,2,0,0,0.0,0,10,0,0,2,100.0,63,59,50,109,28.9,0,0,146,0,0,0,Carl Klaus,1. FC Union Berlin,148167,2547
18,0,0.0,62,24,48.98,179,209,388,86.22,18,54.55,15,9,0,0,0,0,41,0,0,0,1,36,9,0,0,2,10,38,0,0,0.4,2.45,10,0,60.0,8,3,3,8,8,0,3,0,,25,52.08,0,0,0,62,16,0,0,7,621,0,7,0,0,3,0,100.0,0,3,0,0,74,1,0,7.22,0,3,0,0,0,0,0,0,207.0,0.0,0,4,1,1,4,3,60.0,0,12,8,66.67,0,35,5,2,43,53.09,49,228,222,450,65.0,5,0,578,10,3,0,Emre Can,Borussia Dortmund,138156,2673
29,11,31.43,215,32,51.61,432,361,793,84.45,33,55.0,27,27,4,0,0,0,110,6,5,15,2,38,27,0,2,31,19,125,0,5,5.13,3.85,22,0,9.8,0,5,9,36,32,4,2,3,,146,59.84,1,0,1,146,27,20,0,26,2094,2,2,0,0,0,0,0.0,0,0,0,1,319,9,0,7.22,2,4,0,0,0,0,0,0,418.8,0.0,0,31,20,24,12,33,52.38,0,35,13,37.14,20,60,63,35,179,58.88,62,556,383,939,194.9,51,3,1489,78,4,0,Johan Manzambi,SC Freiburg,1518931,2538
55,1,12.5,233,81,40.5,832,1224,2056,89.66,138,69.35,61,33,0,0,0,0,98,1,4,4,10,243,33,0,0,3,17,104,1,2,1.05,2.38,21,0,10.0,0,2,2,46,45,1,2,0,,74,63.25,2,0,1,237,42,11,0,33,2950,2,36,0,0,0,0,0.0,0,0,0,0,267,1,0,7.22,0,0,0,0,0,0,0,0,1475.0,0.0,0,20,0,7,9,6,75.0,0,47,32,68.09,11,112,8,8,212,67.09,200,1004,1289,2293,238.1,20,6,2850,23,4,0,Willi Orbán,RB Leipzig,136924,36360
24,1,25.0,144,45,51.14,492,817,1309,92.12,55,64.71,30,23,0,0,0,0,110,0,1,3,5,111,23,0,0,10,3,55,1,0,0.88,1.29,11,0,0.0,5,0,0,24,20,4,0,0,,40,61.54,0,0,0,112,21,2,0,19,1659,0,19,1,0,0,0,0.0,0,0,0,0,133,2,0,7.21,0,0,0,0,0,0,0,0,0.0,0.0,0,11,1,5,4,3,60.0,0,33,19,57.58,2,49,5,4,95,63.33,88,559,862,1421,165.9,12,2,1691,4,5,0,Loïc Badé,Bayer 04 Leverkusen,1006489,2681
31,0,0.0,63,198,33.9,128,629,757,66.0,13,92.86,1,34,0,0,0,0,277,0,0,0,2,51,34,0,0,0,0,1,2,1,0.12,0.04,0,0,0.0,197,0,0,69,62,7,0,0,-0.49,4,100.0,0,21,0,390,1,3,0,34,3060,0,0,0,0,0,0,0.0,14,0,3,0,399,0,23,7.21,0,0,16,83,38,123,1,34,0.0,0.0,0,1,0,1,0,1,100.0,16,1,1,100.0,3,59,1,0,17,94.44,584,480,667,1147,245.0,1,3,1501,2,1,0,Kamil Grabara,VfL Wolfsburg,902080,2524
43,35,28.0,311,52,48.15,641,512,1153,86.17,36,60.0,24,32,4,0,0,0,117,10,1,5,3,71,32,0,0,14,20,77,0,1,6.02,4.4,11,0,19.35,7,6,10,29,27,2,5,1,,107,66.88,0,0,1,185,37,37,6,24,2195,2,9,0,1,4,1,100.0,0,4,0,0,327,5,0,7.2,0,0,0,0,0,0,0,0,365.83,0.0,2,16,15,10,16,14,63.64,0,67,45,67.16,36,85,22,125,143,65.0,108,780,558,1338,230.4,31,1,1986,26,4,0,Maximilian Mittelstädt,VfB Stuttgart,788949,2677
53,4,33.33,306,101,47.2,981,1210,2191,90.95,70,59.32,48,29,3,0,0,0,154,4,3,6,6,140,29,0,0,1,7,91,0,3,1.42,2.5,31,0,17.24,54,5,8,38,33,5,5,0,,41,48.81,3,0,0,218,20,11,1,29,2576,2,19,0,0,0,2,0.0,0,0,0,0,252,2,0,7.2,0,1,0,0,0,0,0,0,515.2,0.0,0,22,7,13,10,8,57.14,0,31,17,54.84,11,111,14,12,111,54.95,214,1121,1288,2409,208.7,29,4,2809,2,7,0,Edmond Tapsoba,Bayer 04 Leverkusen,883262,2681
77,0,0.0,45,246,40.13,160,703,863,69.77,8,100.0,0,34,1,0,0,0,342,1,0,0,11,31,34,0,0,0,0,1,2,0,0.1,,1,0,0.0,118,0,1,49,47,2,0,0,11.29,6,85.71,0,29,0,374,1,3,0,34,3060,0,0,0,0,0,1,0.0,10,0,1,0,388,0,13,7.19,0,0,27,81,27,110,0,12,0.0,0.0,0,0,0,0,0,0,0.0,26,0,0,0.0,3,116,0,0,14,93.33,613,470,767,1237,244.6,0,3,1603,7,0,0,Alexander Nübel,VfB Stuttgart,584722,2677
18,0,0.0,21,74,51.75,47,315,362,83.41,2,66.67,1,14,0,0,0,0,124,0,0,0,5,9,14,1,0,0,1,2,1,0,0.05,,0,0,0.0,53,0,0,15,14,1,0,0,4.53,2,66.67,0,7,0,72,0,1,0,11,1110,0,0,0,0,0,0,0.0,2,0,0,0,76,0,2,7.19,0,0,20,19,12,32,1,6,0.0,0.0,0,0,0,0,0,0,0.0,20,0,0,0.0,1,34,0,0,4,66.67,143,105,329,434,100.7,0,0,562,2,0,0,Jonas Urbig,FC Bayern München,1130647,2672
27,5,20.83,202,25,58.14,328,156,484,81.62,6,54.55,5,21,4,0,0,0,56,4,1,11,0,5,21,0,0,25,9,75,0,0,2.98,3.93,15,0,19.51,0,8,12,27,23,4,7,1,,57,44.88,0,0,1,109,2,20,1,15,1172,0,2,0,0,1,0,100.0,0,1,0,0,217,12,0,7.19,0,7,0,0,0,0,0,0,146.5,0.0,0,20,21,11,19,16,40.0,0,15,9,60.0,20,48,40,24,63,45.65,43,418,175,593,151.0,41,3,864,26,3,0,Can Uzun,Eintracht Frankfurt,1440948,2674
22,1,6.25,223,17,54.84,340,114,454,72.64,36,37.5,60,29,6,1,0,0,54,8,19,32,3,7,29,0,0,29,14,143,0,0,4.03,16.4,32,0,15.57,0,19,25,36,34,2,18,1,,49,37.12,1,0,2,171,4,41,2,25,2247,25,2,0,3,1,1,0.0,0,0,0,0,297,23,0,7.19,0,16,0,0,0,0,0,0,118.26,0.0,2,91,31,44,46,9,50.0,0,18,14,77.78,38,37,18,16,85,37.28,31,483,142,625,208.5,122,5,1020,23,5,0,Deniz Undav,VfB Stuttgart,794298,2677
51,3,20.0,417,70,78.65,981,527,1508,94.55,11,36.67,19,24,1,0,0,0,79,3,0,2,1,17,24,0,0,5,9,56,0,0,2.34,1.6,19,0,30.0,0,3,4,26,24,2,2,1,,40,51.95,0,0,0,87,14,21,2,16,1460,0,8,0,0,0,0,0.0,0,0,0,0,133,6,0,7.18,0,1,0,0,0,0,0,0,486.67,0.0,0,4,6,3,5,4,50.0,0,26,14,53.85,21,75,8,15,51,47.66,89,1047,548,1595,172.3,10,3,1796,10,2,0,Aleksandar Pavlović,FC Bayern München,1142251,2672
114,0,0.0,45,267,38.75,162,1069,1231,74.16,5,83.33,1,33,0,0,0,0,266,0,0,0,6,30,33,0,0,0,0,1,1,4,0.13,0.26,0,0,0.0,147,0,0,53,47,6,0,0,2.23,4,100.0,0,11,0,429,0,0,0,33,2970,0,0,0,0,0,0,0.0,10,0,2,0,433,1,17,7.18,0,0,18,71,36,107,0,25,0.0,0.0,0,1,0,1,0,1,100.0,17,0,0,0.0,0,227,1,0,9,90.0,689,503,1157,1660,236.9,1,2,1919,4,3,0,Daniel Fernandes,Hamburger SV,113442,2676
7,8,30.77,100,7,46.67,156,48,204,78.46,5,33.33,10,13,3,0,0,0,42,5,3,9,1,5,13,0,0,18,3,53,0,0,2.67,3.44,10,0,13.64,0,3,6,12,11,1,3,0,,41,48.81,0,0,0,56,0,17,3,8,755,1,0,0,0,0,0,0.0,0,0,0,0,142,6,0,7.18,0,0,0,0,0,0,0,0,251.67,0.0,0,15,7,3,10,21,60.0,0,8,6,75.0,17,20,35,26,46,46.46,15,201,59,260,93.3,22,2,462,12,1,0,Brajan Gruda,RB Leipzig,1198075,36360
54,20,33.33,221,61,53.04,429,275,704,83.02,10,31.25,22,29,5,0,0,0,126,7,1,21,2,21,29,0,1,21,7,96,1,1,4.07,4.65,18,1,11.86,0,7,12,36,30,6,5,2,,96,56.47,0,0,3,144,13,39,7,25,2215,1,2,0,0,1,0,100.0,0,1,0,0,280,7,0,7.18,2,0,0,0,0,0,0,0,316.43,33.33,3,24,35,19,19,32,53.33,0,20,10,50.0,39,99,60,60,106,52.48,115,539,309,848,208.1,59,0,1260,44,2,1,Fábio Vieira,Hamburger SV,904835,2676
29,28,32.56,329,25,54.35,543,188,731,82.97,4,30.77,9,33,7,0,0,0,82,15,5,11,0,9,33,0,0,18,7,58,0,0,8.05,4.26,6,0,15.56,0,7,14,28,27,1,5,2,,49,50.0,0,0,0,150,3,49,3,20,1723,5,0,0,2,0,1,0.0,0,0,0,0,289,19,0,7.17,0,4,0,0,0,0,0,0,246.14,0.0,2,25,20,11,23,28,58.33,0,15,8,53.33,47,54,48,86,53,47.75,46,670,211,881,236.7,45,3,1202,6,2,0,Chris Führich,VfB Stuttgart,891510,2677
45,3,42.86,236,58,54.21,743,784,1527,92.6,34,56.67,26,24,1,0,0,0,121,4,1,2,4,52,24,0,0,10,9,64,0,2,1.62,1.03,15,0,12.5,6,1,2,19,18,1,1,0,,53,58.24,0,0,0,122,19,11,0,21,1797,0,5,0,0,0,0,0.0,0,0,0,0,161,4,0,7.16,0,1,0,0,0,0,0,0,1797.0,0.0,0,7,1,4,2,4,40.0,0,44,28,63.64,11,74,10,7,87,57.62,107,821,828,1649,171.9,8,0,1876,5,4,0,Dayot Upamecano,FC Bayern München,798583,2672
34,0,0.0,46,174,37.58,111,663,774,72.13,6,75.0,2,34,0,0,0,0,301,0,0,0,15,24,34,1,0,0,1,3,0,1,0.1,,0,0,0.0,131,0,0,34,31,3,0,0,5.81,2,66.67,0,16,0,299,0,0,0,34,3060,0,0,0,0,0,0,0.0,5,0,0,0,302,0,8,7.14,0,0,15,62,24,89,0,14,0.0,0.0,0,0,0,0,0,0,0.0,14,0,0,0.0,0,84,0,0,8,72.73,463,348,725,1073,242.7,0,3,1360,5,3,0,Gregor Kobel,Borussia Dortmund,556866,2673
46,0,0.0,410,50,68.49,895,584,1479,91.41,22,37.29,37,31,3,0,0,0,100,3,6,12,5,42,29,0,0,15,14,82,0,0,3.81,4.8,15,1,14.29,0,5,8,20,17,3,4,1,,56,55.45,0,0,0,139,26,22,1,25,1954,2,8,0,1,0,0,0.0,0,0,0,0,191,11,0,7.13,0,4,0,0,0,0,0,0,390.8,33.33,3,20,15,12,11,11,78.57,0,29,16,55.17,21,79,14,6,78,48.75,73,997,621,1618,206.7,35,5,1897,16,4,0,Leon Goretzka,FC Bayern München,184661,2672
49,63,30.14,335,61,42.66,612,429,1041,78.21,42,61.76,26,34,8,0,0,0,176,16,0,8,7,108,34,0,0,21,25,135,0,1,8.99,0.88,33,1,4.0,0,1,9,50,44,6,0,1,,131,54.58,0,0,1,290,37,59,0,34,3017,1,16,0,0,0,1,0.0,0,0,0,0,658,10,0,7.12,0,1,0,0,0,0,0,0,3017.0,20.0,5,11,14,11,6,31,50.0,0,60,33,55.0,59,119,62,209,173,56.17,143,826,505,1331,242.1,25,4,2421,42,4,0,Vladimír Coufal,TSG Hoffenheim,138024,2569
95,0,0.0,87,366,43.36,274,836,1110,69.64,4,66.67,2,34,0,0,0,0,267,1,0,0,3,38,34,0,0,0,0,3,0,2,0.21,,1,0,0.0,255,0,0,63,54,9,0,0,-0.12,4,80.0,0,18,0,484,0,1,0,34,3060,0,0,0,0,0,1,0.0,7,0,2,0,491,0,17,7.12,0,0,26,71,22,94,0,29,0.0,0.0,0,0,0,0,0,0,0.0,25,1,1,100.0,1,164,0,0,8,72.73,844,696,898,1594,242.1,0,3,1873,4,2,0,Marvin Schwäbe,1. FC Köln,187185,2671
66,0,0.0,26,169,44.59,92,742,834,78.9,17,94.44,1,32,0,0,0,0,299,0,0,0,5,46,32,0,0,1,1,3,1,4,0.05,,0,0,0.0,133,0,0,56,50,6,0,0,1.45,8,80.0,0,39,0,223,0,0,0,32,2880,0,0,1,0,0,0,0.0,5,0,0,0,235,0,24,7.12,0,0,20,70,31,102,0,23,0.0,0.0,0,0,0,0,0,0,0.0,20,0,0,0.0,0,124,0,0,25,89.29,379,257,800,1057,227.7,0,1,1439,12,1,0,Mio Backhaus,SV Werder Bremen,1083390,2534
52,0,0.0,177,83,51.23,660,874,1534,88.82,128,69.95,55,27,0,0,0,0,105,0,2,2,8,200,27,0,0,3,6,101,1,1,0.85,1.13,35,0,0.0,64,0,0,37,36,1,0,0,,76,62.3,0,0,0,193,36,7,0,26,2296,0,15,1,0,0,1,0.0,0,0,0,0,221,5,0,7.11,0,0,0,0,0,0,0,0,0.0,0.0,0,10,8,9,7,4,57.14,0,34,20,58.82,7,94,7,1,204,66.89,162,790,937,1727,192.1,18,4,2163,40,3,0,Jeff Chabot,VfB Stuttgart,863271,2677
52,26,32.5,149,79,49.07,398,474,872,84.74,12,48.0,13,25,4,0,0,0,76,11,0,5,1,75,25,0,0,6,14,52,0,1,4.09,0.43,17,1,7.14,0,1,5,41,37,4,0,1,,52,57.14,0,0,0,157,24,29,1,20,1860,0,12,0,0,0,0,0.0,0,0,0,0,239,3,0,7.1,0,0,0,0,0,0,0,0,1860.0,50.0,2,2,12,4,5,5,62.5,0,22,15,68.18,29,95,8,80,64,55.17,161,509,520,1029,177.6,14,2,1361,26,5,0,Maximilian Arnold,VfL Wolfsburg,147289,2524
38,28,23.93,354,32,42.11,528,283,811,80.06,14,28.57,35,34,3,0,0,0,120,10,7,21,2,37,34,0,0,40,22,136,0,2,6.41,7.06,14,0,11.11,0,7,10,60,53,7,7,0,,97,48.99,0,0,2,202,23,52,1,34,3019,7,8,0,2,0,0,0.0,0,0,0,2,437,16,0,7.1,0,6,0,0,0,0,0,0,431.29,0.0,2,46,17,16,26,24,48.98,0,45,26,57.78,50,82,49,117,111,44.94,76,694,319,1013,241.5,63,1,1652,28,4,0,Jakub Kamiński,1. FC Köln,801263,2671
21,14,21.88,303,24,60.0,524,216,740,83.05,8,30.77,18,28,4,0,0,0,87,9,8,16,3,13,28,0,0,23,17,114,0,1,4.45,5.34,19,0,5.56,0,3,7,27,22,5,3,0,,125,56.56,0,0,2,151,16,29,0,20,1859,3,1,0,1,0,0,0.0,0,0,0,1,327,12,0,7.1,0,3,0,0,0,0,0,0,619.67,0.0,0,34,20,21,17,48,56.47,0,41,23,56.1,28,41,85,64,133,53.85,40,658,233,891,198.7,54,2,1380,36,2,0,Ibrahim Maza,Bayer 04 Leverkusen,1407524,2681
14,4,20.0,227,15,68.18,406,177,583,89.83,0,0.0,10,21,6,0,0,0,37,9,6,15,0,3,21,0,0,14,7,56,0,2,5.08,6.26,9,0,16.0,0,8,14,14,11,3,8,0,,40,46.51,1,0,1,66,4,23,0,16,1228,6,1,0,1,0,0,0.0,0,0,0,0,139,8,0,7.09,0,7,0,0,0,0,0,0,153.5,0.0,1,33,17,18,17,16,47.06,0,18,9,50.0,22,18,34,20,40,41.67,22,461,188,649,148.9,50,1,862,6,1,0,Serge Gnabry,FC Bayern München,187433,2672
41,0,0.0,30,131,28.05,82,698,780,69.4,11,100.0,0,34,0,0,0,0,282,0,0,0,5,31,34,0,0,0,0,0,5,5,0.07,,0,0,0.0,78,0,0,60,54,6,0,0,9.53,2,100.0,0,23,0,344,0,0,0,34,3060,0,0,1,0,0,0,0.0,6,0,2,0,349,0,15,7.09,0,0,17,89,33,125,0,19,0.0,0.0,0,0,0,0,0,0,0.0,17,1,1,100.0,0,98,0,0,13,100.0,467,360,764,1124,240.9,0,2,1460,1,0,0,Nikola Vasilj,FC St. Pauli,325061,2526
62,21,23.86,361,71,44.1,645,410,1055,77.52,67,57.76,49,30,5,0,0,0,134,9,4,7,6,73,30,0,1,31,19,160,0,0,5.35,3.46,57,1,11.11,0,4,9,35,34,1,3,1,,88,44.22,0,0,2,306,17,51,3,30,2440,1,6,0,0,0,1,0.0,0,0,0,1,465,18,0,7.08,1,1,0,0,0,0,0,0,610.0,100.0,1,19,17,16,13,4,33.33,0,72,44,61.11,51,125,12,88,155,49.21,161,882,479,1361,212.4,36,3,1863,12,7,0,Wouter Burger,TSG Hoffenheim,916946,2569
26,67,27.02,305,28,45.9,507,242,749,82.58,11,42.31,15,31,15,0,0,0,121,22,1,6,7,41,30,0,0,33,29,142,0,1,10.04,0.93,26,0,0.0,0,0,15,21,20,1,0,0,,78,38.05,0,0,0,158,14,56,0,26,2272,4,4,0,0,0,1,0.0,0,0,0,0,501,17,0,7.08,0,0,0,0,0,0,0,0,0.0,0.0,0,6,6,5,1,24,35.82,0,34,19,55.88,56,55,67,248,89,38.53,61,632,275,907,212.3,12,4,1680,21,8,0,Julian Ryerson,Borussia Dortmund,800951,2673
18,13,20.31,215,19,55.88,353,115,468,79.05,5,21.74,18,31,3,0,0,0,98,9,3,19,3,7,31,0,0,39,9,136,0,2,5.16,4.41,9,0,6.56,0,4,7,29,29,0,2,2,,158,57.25,0,0,4,124,10,33,0,24,2035,1,0,0,0,0,0,0.0,0,0,0,0,358,10,0,7.07,0,4,0,0,0,0,0,0,508.75,0.0,2,31,30,22,20,68,52.71,0,26,14,53.85,33,35,129,64,163,54.52,34,466,126,592,219.3,61,2,1173,64,0,0,Antonio Nusa,RB Leipzig,1121923,36360
46,0,0.0,144,57,42.22,575,975,1550,90.17,31,50.0,31,26,0,0,0,0,127,0,0,3,8,124,26,0,0,3,4,55,1,2,0.77,1.16,11,0,12.5,68,1,1,33,32,1,1,0,,64,72.73,0,0,1,169,30,7,1,24,2177,1,21,0,1,0,0,0.0,0,0,0,0,196,2,0,7.07,0,0,0,0,0,0,0,0,2177.0,0.0,0,5,3,3,2,22,75.86,0,31,14,45.16,6,101,29,4,95,63.33,135,706,1013,1719,183.8,8,2,2055,12,3,0,Castello Lukeba,RB Leipzig,976421,36360
90,0,0.0,90,292,39.78,204,708,912,67.01,10,100.0,0,34,0,0,0,0,307,1,0,0,6,41,34,0,0,0,0,0,1,1,0.48,,0,0,0.0,193,0,0,57,47,10,0,0,-1.63,6,100.0,0,29,0,449,0,3,0,34,3060,0,0,0,0,0,0,0.0,1,0,1,0,456,0,21,7.07,0,0,15,64,35,102,0,21,0.0,0.0,0,0,0,0,0,0,0.0,15,0,0,0.0,3,133,0,0,16,100.0,734,570,791,1361,240.3,0,3,1696,6,1,0,Noah Atubolu,SC Freiburg,980626,2538
29,0,0.0,11,60,35.09,36,270,306,72.68,4,100.0,0,12,0,0,0,0,85,0,0,0,2,4,12,0,0,0,0,0,1,0,0.04,,0,0,0.0,45,0,0,15,14,1,0,0,1.09,3,100.0,0,10,0,115,0,0,0,11,1051,0,0,0,0,0,0,0.0,1,0,1,0,116,0,1,7.07,0,0,6,21,10,31,0,9,0.0,0.0,0,0,0,0,0,1,100.0,6,1,1,100.0,0,64,1,0,7,100.0,171,132,289,421,84.8,0,0,512,1,0,0,Maarten Vandevoordt,RB Leipzig,934385,36360
20,0,0.0,310,20,51.28,704,365,1069,90.67,4,44.44,5,18,1,0,0,0,98,2,0,3,2,20,18,0,0,11,10,39,0,1,1.93,0.6,6,0,0.0,0,0,1,17,12,5,0,0,,43,55.84,0,0,0,110,8,13,0,12,1097,0,3,0,0,0,0,0.0,0,0,0,0,148,8,0,7.06,0,0,0,0,0,0,0,0,0.0,0.0,0,3,7,5,2,4,36.36,0,21,9,42.86,13,36,11,2,47,54.65,39,788,391,1179,127.1,10,0,1354,18,3,0,Exequiel Palacios,Bayer 04 Leverkusen,822600,2681
7,7,23.33,83,7,70.0,145,56,201,85.17,9,47.37,10,17,4,0,0,0,28,5,4,8,0,7,16,0,0,13,8,58,0,0,2.58,2.8,15,0,4.17,0,1,5,17,11,6,1,0,,44,47.83,0,0,2,35,5,19,1,10,892,5,1,0,0,0,0,0.0,0,0,0,2,115,8,0,7.03,0,0,0,0,0,0,0,0,892.0,0.0,0,19,5,8,8,13,50.0,0,12,6,50.0,19,9,26,30,53,47.75,10,173,63,236,112.5,24,1,426,19,2,0,Nathan Tella,Bayer 04 Leverkusen,920379,2681
33,25,31.25,323,23,62.16,542,298,840,85.28,5,27.78,13,34,6,0,0,0,105,7,8,14,0,9,34,0,0,31,7,69,0,0,5.02,11.89,5,0,21.88,0,14,20,33,29,4,14,0,,41,42.27,2,0,0,145,8,36,1,26,2222,5,2,0,0,5,0,100.0,0,5,0,0,285,20,0,7.03,0,11,0,0,0,0,0,0,158.71,0.0,4,43,21,17,33,19,57.58,0,8,4,50.0,36,58,33,80,46,40.0,37,653,332,985,239.0,64,3,1339,14,2,0,Andrej Kramarić,TSG Hoffenheim,67647,2569
21,31,25.41,233,23,48.94,424,161,585,77.38,12,41.38,17,32,9,0,0,0,97,10,1,19,6,30,32,0,0,38,10,117,0,0,5.22,4.31,17,0,14.29,0,7,16,40,38,2,5,2,,97,49.24,0,0,0,171,14,41,3,26,2375,15,2,0,1,0,1,0.0,0,0,0,0,420,16,0,7.03,0,4,0,0,0,0,0,0,339.29,0.0,1,21,28,12,18,31,45.59,0,22,12,54.55,40,50,68,122,109,48.23,47,570,186,756,224.9,49,3,1349,44,4,0,Jamie Leweling,VfB Stuttgart,990201,2677
49,2,14.29,378,96,67.13,936,903,1839,89.97,32,56.14,25,33,1,0,0,0,172,2,0,5,7,46,33,0,0,16,36,112,1,1,2.48,0.59,26,0,0.0,0,0,1,44,39,5,0,0,,67,43.51,0,0,1,205,34,22,0,32,2838,1,6,0,0,0,0,0.0,0,0,0,0,273,21,0,7.03,0,0,0,0,0,0,0,0,0.0,0.0,0,4,10,7,2,8,44.44,0,47,30,63.83,22,78,18,14,99,46.92,143,1088,956,2044,231.9,14,0,2396,12,5,0,Leon Avdullahu,TSG Hoffenheim,1493305,2569
10,21,25.0,112,6,46.15,176,56,232,80.84,0,0.0,3,20,0,0,0,0,23,7,1,4,1,1,19,0,0,9,3,33,0,0,4.02,2.08,2,0,12.0,0,3,3,14,12,2,3,0,,35,53.85,0,0,2,55,0,33,0,12,1136,4,0,0,0,1,0,100.0,0,1,0,0,166,4,0,7.03,0,3,0,0,0,0,0,0,378.67,0.0,3,15,10,9,12,21,56.76,0,5,4,80.0,33,21,37,84,35,51.47,13,222,65,287,133.5,25,2,520,9,0,0,Jean-Luc Dompé,Hamburger SV,789192,2676
34,4,50.0,99,69,46.62,315,558,873,85.67,52,71.23,21,19,0,0,0,0,53,0,0,2,2,113,19,0,0,1,6,38,1,2,0.51,0.42,10,0,0.0,7,0,0,29,26,3,0,0,,45,72.58,0,0,0,146,25,2,0,19,1504,2,16,0,0,0,0,0.0,0,0,0,0,164,1,0,7.03,0,0,0,0,0,0,0,0,0.0,0.0,0,6,3,4,3,0,0.0,0,31,23,74.19,2,78,1,8,97,71.85,148,422,597,1019,133.5,9,0,1284,15,4,0,Amos Pieper,SV Werder Bremen,851254,2534
53,55,31.25,143,67,39.88,230,232,462,68.04,15,57.69,11,29,3,0,0,0,77,11,0,3,2,75,29,0,0,3,11,56,0,0,6.41,0.09,27,0,0.0,0,0,3,31,26,5,0,0,,48,51.61,0,0,1,217,11,53,0,22,1875,0,9,0,0,0,0,0.0,0,0,0,0,431,4,0,7.02,0,0,0,0,0,0,0,0,0.0,0.0,0,0,5,1,1,1,16.67,0,38,24,63.16,53,149,6,176,63,52.94,168,400,279,679,203.6,5,2,1268,9,8,0,Christopher Trimmel,1. FC Union Berlin,48557,2547
35,4,22.22,282,55,42.31,594,433,1027,80.11,74,61.16,47,34,2,0,0,0,203,6,2,8,4,46,34,0,0,18,18,109,0,1,3.4,1.36,14,0,4.17,0,1,3,53,48,5,0,1,,109,63.74,0,0,0,255,66,25,1,34,3059,4,14,0,0,0,0,0.0,0,0,0,0,360,8,0,7.02,0,0,0,0,0,0,0,0,3059.0,0.0,0,8,16,10,6,28,66.67,0,52,32,61.54,25,57,42,18,183,62.67,130,788,494,1282,238.6,24,1,1782,30,1,0,Kaishu Sano,1. FSV Mainz 05,1028307,2556
31,0,0.0,149,58,55.24,486,1188,1674,91.98,75,55.97,59,33,2,0,0,0,104,3,1,4,12,270,33,0,0,4,7,88,0,2,1.27,0.45,18,0,0.0,27,0,2,50,49,1,0,0,,60,67.42,0,0,0,146,41,13,0,33,2967,1,29,0,0,0,0,0.0,0,0,0,1,169,2,0,7.01,0,0,0,0,0,0,0,0,0.0,0.0,0,7,2,5,0,1,50.0,0,43,29,67.44,13,54,2,1,135,60.54,105,572,1248,1820,231.4,9,1,2312,16,5,0,Nico Elvedi,Borussia M'gladbach,282229,2527
64,0,0.0,67,280,38.78,207,775,982,68.72,15,100.0,0,34,0,0,0,0,297,1,1,0,5,55,34,0,0,0,0,0,7,2,0.2,0.32,0,0,0.0,217,0,0,61,54,7,0,0,-0.22,11,100.0,0,17,0,447,0,4,0,34,3060,0,0,0,0,0,0,0.0,7,0,1,0,453,0,25,7.01,0,0,22,77,28,106,0,17,0.0,0.0,0,1,0,1,0,0,0.0,20,3,1,33.33,4,127,0,0,26,100.0,722,591,838,1429,238.3,1,2,1758,9,1,0,Finn Dahmen,FC Augsburg,822564,2600
1,1,100.0,3,0,0.0,4,4,8,80.0,2,100.0,0,1,0,0,0,0,0,0,0,0,0,1,1,0,0,0,0,0,0,0,0.12,,0,0,0.0,0,0,0,0,0,0,0,0,,0,0.0,0,0,0,2,0,1,0,0,10,0,0,0,0,0,0,0.0,0,0,0,0,4,0,0,7.0,0,0,0,0,0,0,0,0,0.0,0.0,0,0,0,0,0,0,0.0,0,0,0,0.0,1,1,0,1,2,100.0,2,4,6,10,7.0,0,0,16,0,0,0,Timothy Chandler,Eintracht Frankfurt,40239,2674
21,7,28.0,267,18,54.55,440,174,614,80.9,23,53.49,20,29,4,0,0,0,64,8,3,4,3,10,28,0,0,19,8,70,0,2,5.3,5.7,8,0,18.92,0,7,11,18,15,3,7,0,,37,42.53,1,0,0,145,5,32,2,17,1627,7,0,0,2,0,0,0.0,0,0,0,0,248,17,0,6.99,0,4,0,0,0,0,0,0,232.43,0.0,4,27,10,15,18,18,52.94,0,14,8,57.14,30,37,34,25,60,46.15,33,550,209,759,195.7,37,1,1014,5,0,0,Julian Brandt,Borussia Dortmund,226978,2673
83,5,27.78,215,96,46.15,604,959,1563,87.47,108,61.71,67,32,4,0,0,0,107,5,1,6,5,193,32,0,0,3,8,96,0,2,2.92,2.3,16,0,15.79,0,3,7,51,41,10,3,0,,44,60.27,1,0,2,224,23,15,0,32,2836,2,21,0,0,0,0,0.0,0,0,0,0,262,1,0,6.98,0,2,0,0,0,0,0,0,945.33,0.0,0,18,1,6,7,3,42.86,0,22,12,54.55,15,157,7,18,152,61.29,208,770,1017,1787,223.5,19,2,2204,20,3,0,Matthias Ginter,SC Freiburg,142259,2538
79,3,15.0,174,104,38.81,456,844,1300,82.8,55,51.4,52,30,2,0,0,0,105,4,1,8,5,165,30,0,0,7,20,119,0,2,1.62,1.73,43,0,5.26,35,1,3,37,33,4,1,0,,82,55.03,0,0,1,270,42,10,0,28,2440,0,23,0,0,0,1,0.0,0,0,0,0,320,1,0,6.98,0,1,0,0,0,0,0,0,2440.0,0.0,0,11,8,7,4,2,66.67,0,58,36,62.07,10,174,3,20,137,53.52,268,670,900,1570,209.5,19,2,2088,23,10,0,Albian Hajdari,TSG Hoffenheim,1000269,2569
9,14,34.15,29,7,36.84,56,42,98,74.81,1,50.0,1,11,1,0,0,0,12,3,0,0,0,7,11,0,0,2,2,6,0,0,1.07,0.69,0,0,25.0,0,1,2,7,5,2,1,0,,10,66.67,0,0,0,33,1,12,0,3,334,0,4,0,0,0,0,0.0,0,0,0,0,79,1,0,6.98,0,1,0,0,0,0,0,0,334.0,0.0,1,1,3,3,1,0,0.0,0,7,3,42.86,12,22,1,41,11,64.71,19,82,49,131,76.8,4,1,244,3,1,0,Josip Juranović,1. FC Union Berlin,791642,2547
43,21,31.82,328,48,65.75,533,216,749,79.34,20,58.82,14,25,5,0,0,0,55,8,3,16,2,9,25,0,0,18,7,72,0,1,5.74,3.17,19,0,9.52,0,4,9,30,29,1,2,2,,55,48.67,1,0,0,195,10,45,0,19,1634,1,3,0,0,0,0,0.0,0,0,0,0,327,9,0,6.98,0,3,0,0,0,0,0,0,408.5,0.0,0,19,23,11,15,18,56.25,0,28,21,75.0,45,66,32,66,75,51.02,73,694,250,944,174.5,42,1,1271,9,6,0,Bilal El Khannouss,VfB Stuttgart,1126569,2677
41,11,39.29,174,66,47.83,458,763,1221,86.11,57,64.77,31,30,0,0,0,0,159,0,1,5,6,104,30,0,0,10,17,94,0,1,2.79,1.56,28,0,8.0,0,2,2,39,38,1,2,0,,84,57.14,0,0,0,197,50,11,2,29,2454,0,8,1,0,0,1,0.0,0,0,0,0,293,5,0,6.98,0,0,0,0,0,0,0,0,1227.0,0.0,0,11,14,12,8,5,38.46,0,65,42,64.62,11,91,13,28,141,60.0,138,582,836,1418,209.4,25,2,1959,14,4,0,Philipp Sander,Borussia M'gladbach,939880,2527
54,5,38.46,225,56,41.18,413,421,834,75.34,61,64.21,34,29,2,0,0,0,116,4,5,15,3,40,29,0,0,13,27,120,0,1,3.21,6.08,35,0,17.86,0,10,12,45,41,4,8,2,,84,49.41,4,0,1,273,18,26,1,29,2468,3,9,0,1,0,0,0.0,0,0,0,0,340,11,0,6.98,0,5,0,0,0,0,0,0,246.8,0.0,0,42,14,20,21,13,52.0,0,41,31,75.61,25,111,25,13,145,54.72,136,619,488,1107,202.4,56,2,1478,30,5,0,Jens Stage,SV Werder Bremen,830142,2534
6,0,0.0,37,6,42.86,56,47,103,74.64,2,40.0,3,7,2,0,0,0,22,2,1,3,0,8,7,0,0,4,6,18,1,2,0.96,0.49,2,0,12.5,0,1,3,11,9,2,1,0,,26,63.41,0,0,1,35,11,8,0,6,495,0,1,0,0,0,0,0.0,0,0,0,0,55,1,0,6.97,0,1,0,0,0,0,0,0,495.0,0.0,1,5,3,1,4,5,62.5,0,15,10,66.67,8,11,8,7,28,60.87,14,77,61,138,48.8,8,0,233,6,0,0,Albert Grønbæk,Hamburger SV,1000263,2676
2,10,25.64,114,4,44.44,190,63,253,74.19,17,44.74,21,34,4,0,0,0,63,8,17,13,0,5,34,0,0,42,10,161,0,0,2.34,11.22,15,0,17.33,0,13,17,37,30,7,11,2,,91,39.39,1,0,3,88,8,21,3,20,1957,17,0,0,0,1,0,100.0,0,1,0,0,319,21,0,6.97,0,9,0,0,0,0,0,0,150.54,0.0,0,57,18,31,31,44,36.97,0,24,15,62.5,21,5,119,39,108,40.15,9,267,74,341,237.0,75,1,859,23,4,0,Said El Mala,1. FC Köln,1800475,2671
20,5,45.45,145,36,65.45,324,346,670,87.7,22,59.46,15,26,0,0,0,0,61,0,0,3,0,20,25,0,0,14,16,73,1,0,1.6,2.05,20,0,26.32,1,5,5,29,27,2,5,0,,66,53.23,0,0,1,94,14,25,1,20,1712,0,12,0,0,0,0,0.0,0,0,0,1,150,6,0,6.96,0,4,0,0,0,0,0,0,342.4,0.0,0,15,4,5,11,8,50.0,0,31,12,38.71,25,36,16,11,88,54.66,55,391,373,764,174.1,19,1,1013,27,3,0,Albert Sambi Lokonga,Hamburger SV,901892,2676
10,0,0.0,24,19,54.29,108,212,320,87.19,21,51.22,20,8,0,0,0,0,24,0,0,0,2,61,8,0,0,3,5,34,0,0,0.1,,8,0,0.0,1,0,0,9,7,2,0,0,,25,64.1,0,0,0,47,11,0,0,8,669,0,5,0,0,0,0,0.0,0,0,0,0,58,0,0,6.96,0,0,0,0,0,0,0,0,0.0,0.0,0,0,0,0,0,1,100.0,0,14,9,64.29,0,22,1,1,46,57.5,35,132,235,367,55.7,0,0,507,10,0,0,Timo Hübers,1. FC Köln,387220,2671
44,0,0.0,140,92,49.2,692,1271,1963,91.77,108,62.43,65,32,1,0,0,0,108,1,1,2,5,209,32,0,0,5,10,110,2,4,1.67,1.38,31,0,20.0,37,3,4,60,51,9,3,0,,57,55.88,1,0,1,176,46,10,1,32,2835,0,28,0,0,0,1,0.0,0,0,0,1,208,1,0,6.96,1,1,0,0,0,0,0,0,945.0,0.0,0,14,1,8,5,2,66.67,0,42,22,52.38,10,88,3,2,165,60.0,187,822,1317,2139,222.7,15,2,2596,13,1,1,Robin Koch,Eintracht Frankfurt,581302,2674
8,7,21.21,120,6,37.5,219,139,358,80.45,7,26.92,19,27,4,0,0,0,60,6,0,14,3,13,27,0,0,16,11,86,0,0,3.33,2.04,13,0,10.34,0,3,7,28,21,7,3,0,,94,58.39,1,0,0,87,13,31,1,15,1335,3,2,0,0,0,0,0.0,0,0,0,0,206,4,0,6.96,0,1,0,0,0,0,0,0,445.0,0.0,0,22,7,6,9,41,59.42,0,31,14,45.16,31,16,69,33,101,54.01,16,274,171,445,187.9,29,2,792,22,2,0,Jean-Mattéo Bahoya,Eintracht Frankfurt,1146148,2674
27,5,15.15,200,47,45.19,416,386,802,79.41,32,58.18,23,22,0,0,0,0,91,1,0,3,2,58,22,0,0,10,16,81,0,1,1.17,0.68,24,0,13.33,0,2,2,29,26,3,2,0,,71,55.04,2,0,0,208,19,8,0,19,1563,3,1,0,0,0,0,0.0,0,0,0,0,317,7,0,6.96,1,0,0,0,0,0,0,0,781.5,0.0,0,9,6,6,6,14,63.64,0,46,33,71.74,8,65,22,33,103,55.98,104,565,445,1010,153.1,15,1,1499,11,4,1,Rasmus Kristensen,Eintracht Frankfurt,921789,2674
56,0,0.0,33,160,43.6,85,464,549,71.86,6,85.71,1,22,0,0,0,0,234,0,0,0,5,22,22,0,0,0,1,2,3,3,0.11,,0,0,0.0,98,0,0,33,28,5,0,0,-1.34,6,85.71,0,12,0,215,1,0,0,21,1975,0,0,0,0,0,0,0.0,2,0,0,0,224,0,7,6.96,0,0,9,45,18,63,0,9,0.0,0.0,0,0,0,0,0,0,0.0,9,0,0,0.0,0,100,0,0,12,85.71,367,252,512,764,153.1,0,0,1025,7,1,0,Michael Zetterer,Eintracht Frankfurt,190161,2674
45,4,66.67,124,84,53.16,370,665,1035,85.54,67,63.21,39,24,1,0,0,1,101,1,1,3,4,124,24,0,0,3,9,75,1,1,1.09,1.37,26,0,0.0,58,0,1,36,35,1,0,0,,69,65.71,0,0,1,175,33,12,0,22,2031,1,23,0,0,1,1,0.0,0,0,0,1,206,0,0,6.96,1,0,0,0,0,0,0,0,0.0,0.0,0,10,2,6,3,10,83.33,0,40,25,62.5,12,89,12,6,136,64.45,158,484,726,1210,167.0,12,4,1562,20,5,1,Keven Schlotterbeck,FC Augsburg,891651,2600
60,1,20.0,152,82,51.9,456,980,1436,89.41,49,59.76,33,30,0,0,0,0,131,0,1,2,9,132,30,0,0,6,11,67,1,2,1.13,5.08,15,0,21.74,70,5,5,43,42,1,4,1,,75,68.81,0,0,0,170,24,8,0,28,2467,0,17,0,0,4,1,100.0,0,4,0,1,213,2,0,6.96,0,5,0,0,0,0,0,0,493.4,0.0,1,18,5,8,13,10,83.33,0,43,25,58.14,8,103,12,5,124,64.92,158,558,1048,1606,208.7,23,3,1999,22,6,0,Kevin Diks,Borussia M'gladbach,583806,2527
24,7,15.91,110,29,37.18,222,163,385,74.32,8,44.44,10,17,3,0,0,0,57,1,0,11,1,26,17,0,0,2,7,26,0,0,1.43,0.64,4,0,6.25,0,1,4,21,19,2,1,0,,41,71.93,0,0,0,133,13,12,0,12,1110,4,1,0,0,0,0,0.0,0,0,0,1,220,7,0,6.95,0,1,0,0,0,0,0,0,1110.0,0.0,0,6,10,2,3,5,62.5,0,29,23,79.31,12,61,8,44,49,65.33,78,324,194,518,118.2,16,1,841,7,3,0,Manolis Saliakas,FC St. Pauli,280551,2526
0,0,0.0,1,0,0.0,1,1,2,40.0,0,0.0,0,2,0,0,0,0,2,0,0,0,0,0,2,0,0,1,0,3,0,0,0.0,1.35,2,0,100.0,0,2,2,0,0,0,2,0,,1,25.0,1,0,0,3,0,0,0,0,20,0,0,0,0,0,0,0.0,0,0,0,0,4,1,0,6.95,0,1,0,0,0,0,0,0,10.0,0.0,0,2,0,0,2,1,100.0,0,0,0,0.0,0,1,1,0,1,25.0,1,4,1,5,13.9,2,0,11,0,0,0,Marin Ljubičić,1. FC Union Berlin,1090010,2547
1,0,0.0,7,1,33.33,21,30,51,91.07,2,100.0,0,5,1,0,0,0,4,0,0,1,0,6,2,0,0,0,2,2,0,0,0.02,0.09,0,0,0.0,0,0,1,1,1,0,0,0,,3,60.0,0,0,0,5,1,2,0,1,102,0,1,0,0,0,0,0.0,0,0,0,0,5,0,0,6.95,0,0,0,0,0,0,0,0,0.0,0.0,0,1,1,0,1,0,0.0,0,3,0,0.0,2,3,0,0,5,71.43,3,25,31,56,13.9,2,0,71,0,0,0,Lukas Klostermann,RB Leipzig,319853,36360
30,5,45.45,88,39,30.95,225,308,533,77.58,43,60.56,28,16,0,0,0,0,68,1,0,2,2,89,16,0,0,7,10,58,1,1,1.24,0.48,8,0,0.0,2,0,0,22,19,3,0,0,,62,67.39,0,0,1,154,21,8,0,16,1395,1,11,0,0,0,0,0.0,0,0,0,0,190,3,0,6.95,0,0,0,0,0,0,0,0,0.0,0.0,0,10,1,6,3,4,44.44,0,46,22,47.83,8,91,9,11,105,64.42,126,339,348,687,111.2,11,1,982,12,4,0,Stefan Posch,1. FSV Mainz 05,355486,2556
22,0,0.0,161,12,46.15,402,215,617,84.87,52,55.91,41,25,0,0,0,0,81,1,2,3,3,45,22,0,0,5,6,70,0,0,1.15,1.4,20,0,20.0,0,3,3,24,23,1,2,1,,38,56.72,2,0,0,110,32,15,0,14,1327,1,11,0,0,0,2,0.0,0,0,0,1,133,5,0,6.95,0,1,0,0,0,0,0,0,442.33,0.0,0,11,4,6,6,2,100.0,0,30,15,50.0,15,33,2,0,90,56.25,26,474,253,727,152.8,15,0,946,7,5,0,Chema Andrés,VfB Stuttgart,1464641,2677
20,5,38.46,113,46,45.1,338,544,882,90.28,31,65.96,16,20,0,0,0,0,47,0,1,0,3,76,20,0,0,2,6,32,0,1,0.58,1.06,7,0,12.5,19,1,1,22,17,5,1,0,,29,64.44,1,0,0,95,15,5,0,14,1305,2,8,0,1,0,0,0.0,0,0,0,0,179,2,0,6.95,1,0,0,0,0,0,0,0,1305.0,0.0,0,8,0,6,2,3,60.0,0,18,11,61.11,4,56,5,13,60,65.22,102,417,560,977,138.9,8,1,1260,8,2,1,Philipp Lienhart,SC Freiburg,576266,2538
28,2,28.57,286,39,61.9,558,379,937,87.16,27,62.79,16,29,3,1,0,0,109,3,3,14,6,29,29,0,0,15,13,95,1,3,4.24,3.62,28,0,6.06,0,2,5,28,26,2,1,1,,90,53.25,0,0,0,138,27,20,0,25,2184,2,4,0,0,1,0,0.0,0,0,0,0,229,12,0,6.94,0,2,0,0,0,0,0,0,1092.0,0.0,1,14,19,12,7,31,57.41,0,37,23,62.16,20,41,54,7,117,55.19,63,668,407,1075,201.4,33,2,1427,22,0,0,Felix Nmecha,Borussia Dortmund,907463,2673
12,0,0.0,121,6,100.0,205,126,331,80.54,62,56.36,48,28,3,0,0,1,23,5,18,13,1,21,28,0,0,16,2,107,0,0,2.78,17.18,22,0,22.22,0,16,19,29,23,6,15,1,,38,39.18,4,0,3,80,3,14,11,23,1995,6,2,0,0,5,0,80.0,0,4,0,1,177,7,0,6.94,0,1,0,0,0,0,0,0,124.69,0.0,0,65,7,25,34,10,31.25,0,9,4,44.44,14,12,32,0,100,48.31,6,255,156,411,194.4,72,2,693,20,2,0,Patrik Schick,Bayer 04 Leverkusen,280609,2681
8,1,20.0,61,8,66.67,94,57,151,73.3,11,20.0,44,22,1,0,0,0,22,1,8,8,2,11,21,0,0,19,3,82,0,1,0.81,12.0,12,0,31.71,0,13,14,16,12,4,13,0,,29,43.28,1,0,4,55,1,9,4,15,1340,2,0,0,0,4,0,100.0,0,4,0,2,121,4,0,6.94,0,8,0,0,0,0,0,0,103.08,0.0,1,37,4,12,21,6,54.55,0,8,4,50.0,9,14,11,5,40,32.79,12,135,71,206,145.8,41,3,399,15,1,0,Jonathan Burkardt,Eintracht Frankfurt,939830,2674
34,5,45.45,238,31,50.0,553,368,921,86.89,23,63.89,13,26,1,0,0,0,123,2,1,10,5,29,26,0,0,26,13,87,0,2,2.51,2.11,25,0,14.29,0,3,4,29,28,1,3,0,,73,49.66,0,0,1,139,8,21,2,21,1837,2,2,0,0,0,0,0.0,0,0,0,0,229,10,0,6.94,0,1,0,0,0,0,0,0,612.33,0.0,0,15,6,4,7,22,68.75,0,37,23,62.16,21,61,32,11,96,52.46,62,651,409,1060,180.5,21,1,1364,16,6,0,Xaver Schlager,RB Leipzig,791079,36360
5,7,36.84,73,3,30.0,137,66,203,87.12,4,57.14,3,12,2,0,0,0,22,6,1,1,0,9,12,0,0,7,3,20,0,0,2.26,0.5,6,0,25.0,0,1,3,2,1,1,1,0,,15,46.88,0,0,0,30,2,11,0,6,499,1,2,0,0,0,0,0.0,0,0,0,0,66,2,0,6.94,0,1,0,0,0,0,0,0,499.0,0.0,0,3,1,2,1,1,33.33,0,6,4,66.67,11,13,3,19,19,48.72,10,158,75,233,83.3,4,0,359,8,2,0,Lucas Vázquez,Bayer 04 Leverkusen,255239,2681
9,0,0.0,39,88,34.38,76,123,199,54.22,7,70.0,3,10,0,0,0,0,89,0,0,0,0,21,10,0,1,0,1,6,1,0,0.1,,2,0,0.0,65,0,0,14,12,2,0,0,-0.58,1,25.0,0,9,0,168,0,0,0,10,877,0,0,0,0,0,0,0.0,0,0,0,0,174,0,13,6.94,1,0,7,19,12,31,0,7,0.0,0.0,0,0,0,0,0,1,100.0,6,0,0,0.0,0,17,1,0,8,57.14,256,228,139,367,69.4,0,0,458,1,2,0,Robin Zentner,1. FSV Mainz 05,174345,2556
49,28,25.69,175,62,58.49,346,301,647,82.11,6,60.0,4,33,4,0,0,0,66,11,1,10,1,20,33,0,0,14,10,43,1,1,4.66,5.74,10,1,23.33,0,7,11,33,27,6,6,1,,32,45.07,0,0,2,141,14,41,1,21,1720,2,1,0,1,4,0,100.0,0,4,0,0,278,4,0,6.94,0,6,0,0,0,0,0,0,245.71,50.0,2,16,14,8,12,10,62.5,0,10,5,50.0,40,93,16,109,38,46.91,106,451,337,788,229.0,30,2,1090,12,0,0,Vincenzo Grifo,SC Freiburg,171961,2538
96,0,0.0,105,374,41.42,232,765,997,65.12,13,86.67,2,31,1,0,0,0,334,1,0,0,1,45,31,0,0,1,1,6,6,2,0.19,,2,0,0.0,214,0,1,67,58,9,0,0,-3.02,2,33.33,0,32,0,534,0,1,0,31,2790,0,0,0,0,0,1,0.0,6,0,0,0,545,0,19,6.94,0,0,14,69,30,100,0,16,0.0,0.0,0,0,0,0,0,0,0.0,12,1,1,100.0,1,181,0,0,15,71.43,903,710,821,1531,215.1,0,2,1874,2,2,0,Diant Ramaj,1. FC Heidenheim,981562,5885
58,38,25.33,227,76,43.43,425,413,838,75.63,18,41.86,25,29,4,0,0,0,126,6,2,6,5,62,29,0,1,12,29,113,0,2,4.25,1.19,39,0,0.0,0,0,4,42,39,3,0,0,,132,60.0,0,0,1,270,27,41,0,27,2437,1,5,0,0,0,1,0.0,0,0,0,0,463,6,0,6.93,1,0,0,0,0,0,0,0,0.0,0.0,4,7,16,10,7,21,67.74,0,62,33,53.23,41,121,31,150,150,57.03,175,616,492,1108,201.1,23,0,1874,50,7,0,Miro Muheim,Hamburger SV,798303,2676
38,2,40.0,223,36,39.56,427,421,848,75.71,59,49.58,60,33,8,1,0,0,113,6,21,11,6,43,33,0,0,32,31,197,1,2,3.94,15.1,63,0,16.05,0,13,21,37,36,1,13,0,,100,42.19,4,0,4,272,21,37,1,32,2789,4,4,0,0,1,1,0.0,0,0,0,0,396,13,0,6.93,0,8,0,0,0,0,0,0,214.54,0.0,0,73,8,35,35,13,39.39,0,54,37,68.52,37,93,33,5,159,44.66,91,636,484,1120,228.8,81,3,1620,33,10,0,Christoph Baumgartner,RB Leipzig,825956,36360
10,2,11.11,213,13,52.0,411,243,654,83.52,26,63.41,15,29,0,0,0,0,82,8,5,6,1,13,28,0,0,30,14,98,0,1,2.91,4.62,18,0,17.65,0,6,6,25,21,4,5,1,,78,48.45,0,0,0,129,18,26,1,18,1689,2,6,0,0,0,0,0.0,0,0,0,1,242,18,0,6.93,0,5,0,0,0,0,0,0,281.5,0.0,0,24,10,15,13,11,34.38,0,38,29,76.32,26,20,32,18,104,51.49,25,512,271,783,194.0,34,1,1153,29,2,0,Malik Tillman,Bayer 04 Leverkusen,975798,2681
51,1,20.0,117,61,63.54,432,762,1194,89.04,51,62.96,30,32,2,0,0,0,138,5,1,4,6,112,32,0,0,11,18,110,0,4,1.41,1.03,44,0,0.0,0,0,2,49,43,6,0,0,,119,59.8,0,0,0,147,42,13,0,32,2880,1,16,0,0,0,1,0.0,0,0,0,1,195,7,0,6.93,0,0,0,0,0,0,0,0,0.0,0.0,0,9,8,5,8,14,56.0,0,60,28,46.67,13,71,25,5,170,60.71,96,527,814,1341,221.7,17,0,1787,48,11,0,Nicolai Remberg,Hamburger SV,1064305,2676
10,4,28.57,155,8,47.06,289,140,429,83.3,38,60.32,25,28,3,0,0,0,48,6,4,4,1,21,25,0,0,9,6,66,0,1,2.76,2.52,18,0,18.18,0,4,7,13,13,0,4,0,,55,57.29,0,0,0,86,10,24,3,14,1262,1,3,0,0,0,0,0.0,0,0,0,0,149,12,0,6.93,0,1,0,0,0,0,0,0,315.5,0.0,0,18,4,6,12,18,66.67,0,14,10,71.43,24,17,27,14,93,58.49,17,362,153,515,173.2,22,0,747,23,2,0,Nikolas Nartey,VfB Stuttgart,861981,2677
18,30,30.61,166,29,43.94,266,202,468,71.34,12,42.86,16,27,5,0,0,0,106,8,1,1,1,66,27,0,0,5,9,67,0,1,4.05,1.17,16,0,20.0,0,2,7,38,35,3,2,0,,66,56.41,0,0,0,188,19,34,2,25,1901,4,11,0,0,0,0,0.0,0,0,0,0,334,12,0,6.92,0,0,0,0,0,0,0,0,950.5,0.0,0,7,3,3,6,19,45.24,0,27,19,70.37,34,39,42,98,78,53.79,66,385,271,656,186.9,10,2,1218,20,8,0,Dimitrios Giannoulis,FC Augsburg,354878,2600
1,0,0.0,95,1,33.33,150,33,183,73.2,31,35.23,57,25,3,0,0,0,39,4,10,7,3,12,24,0,0,25,5,127,0,1,2.01,7.55,37,0,29.27,0,12,15,17,16,1,11,1,,46,39.66,1,0,0,67,1,17,1,17,1506,8,1,0,0,1,0,100.0,0,1,0,2,152,12,0,6.92,0,10,0,0,0,0,0,0,125.5,0.0,0,37,4,12,22,7,50.0,0,14,10,71.43,17,3,14,1,77,37.75,3,208,42,250,166.1,41,1,485,26,5,0,Ermedin Demirović,VfB Stuttgart,878081,2677
11,10,23.81,105,16,48.48,175,69,244,81.06,4,50.0,4,10,0,0,0,0,28,3,0,2,0,14,10,0,0,3,1,20,0,0,1.59,0.34,9,0,0.0,0,0,0,8,7,1,0,0,,25,60.98,0,0,0,57,3,11,0,6,520,1,1,0,0,0,0,0.0,0,0,0,0,130,7,0,6.92,0,0,0,0,0,0,0,0,0.0,0.0,0,5,1,4,0,7,70.0,0,15,10,66.67,11,28,10,42,29,59.18,33,218,83,301,69.2,6,0,512,3,3,0,Anthony Caci,1. FSV Mainz 05,846471,2556
24,1,25.0,139,51,67.11,318,476,794,90.12,34,61.82,21,23,1,0,0,0,57,1,1,3,5,87,23,0,0,6,14,73,0,1,1.01,1.13,29,0,11.11,3,1,2,31,30,1,1,0,,65,55.56,0,0,0,87,15,7,1,20,1738,3,13,0,0,0,0,0.0,0,0,0,0,110,3,0,6.92,0,0,0,0,0,0,0,0,1738.0,0.0,0,7,2,1,5,5,55.56,0,42,26,61.9,7,44,9,4,99,57.56,76,376,505,881,159.1,9,0,1144,18,8,0,Noahkai Banks,FC Augsburg,1597260,2600
27,2,14.29,168,30,46.88,352,367,719,86.21,15,51.72,14,26,2,0,0,0,122,2,0,4,1,47,26,0,0,15,16,76,0,1,1.46,0.37,23,0,0.0,0,0,2,32,30,2,0,0,,103,62.42,0,0,0,115,28,15,0,19,1801,0,9,0,0,0,0,0.0,0,0,0,0,191,9,0,6.92,0,0,0,0,0,0,0,0,0.0,0.0,0,3,6,3,2,9,50.0,0,72,44,61.11,15,45,18,14,118,60.82,64,434,400,834,179.8,9,0,1209,22,4,0,Tom Krauß,1. FC Köln,930272,2671
5,6,20.0,81,5,71.43,106,25,131,73.6,10,41.67,14,14,3,0,0,0,28,7,6,5,0,1,14,0,0,6,1,39,0,2,3.18,4.33,13,0,10.34,0,3,6,8,6,2,3,0,,13,34.21,0,0,1,47,3,17,1,11,953,10,0,0,0,0,0,0.0,0,0,0,0,115,8,0,6.91,0,2,0,0,0,0,0,0,317.67,0.0,0,17,12,9,15,4,44.44,0,1,0,0.0,17,12,9,30,23,37.1,7,143,35,178,96.8,29,1,326,8,2,0,Sheraldo Becker,1. FSV Mainz 05,352544,2556
1,3,27.27,35,3,75.0,61,44,105,84.68,2,40.0,3,7,0,0,0,0,19,1,2,3,0,3,7,0,0,6,4,22,0,0,0.59,1.76,7,0,11.11,0,1,1,5,5,0,1,0,,21,52.5,0,0,1,19,2,8,0,4,383,0,0,0,0,0,0,0.0,0,0,0,0,43,5,0,6.91,0,1,0,0,0,0,0,0,383.0,0.0,0,9,0,1,5,5,71.43,0,6,2,33.33,8,1,7,11,23,51.11,4,74,50,124,48.4,9,0,201,10,2,0,Samuele Inacio,Borussia Dortmund,1861666,2673
18,39,33.62,230,24,66.67,367,136,503,76.1,41,46.59,47,30,9,0,0,0,127,11,3,15,0,20,30,0,0,42,12,207,0,0,5.75,4.16,44,0,10.42,0,5,14,44,41,3,5,0,,111,40.96,0,0,1,158,6,46,3,29,2325,8,2,0,1,0,0,0.0,0,0,0,1,430,21,0,6.91,0,2,0,0,0,0,0,0,465.0,0.0,0,40,8,20,13,48,42.86,0,34,23,67.65,45,34,112,116,152,42.34,36,493,168,661,207.4,48,2,1277,29,2,0,Bazoumana Touré,TSG Hoffenheim,1568123,2569
57,39,29.55,273,51,38.64,516,386,902,77.69,10,40.0,15,31,9,0,1,0,122,15,3,10,1,44,31,0,0,24,27,89,0,1,7.65,5.96,13,0,7.89,0,3,12,53,49,4,3,0,,53,41.73,0,0,2,259,18,63,0,27,2419,3,8,0,0,4,0,75.0,0,3,0,0,436,16,0,6.91,0,3,0,0,0,0,0,0,806.33,0.0,5,15,23,14,14,10,47.62,0,38,19,50.0,63,132,21,132,63,41.45,132,722,439,1161,214.3,38,1,1644,5,4,0,Christian Eriksen,VfL Wolfsburg,105734,2524
67,42,26.25,509,74,56.92,780,329,1109,76.22,17,27.87,44,34,8,0,0,1,173,17,7,18,4,13,34,0,0,55,27,205,0,1,10.44,7.83,19,0,7.02,0,4,12,57,51,6,3,1,,114,41.45,0,0,1,346,11,89,0,34,2988,5,4,0,0,4,0,75.0,0,3,0,0,665,37,0,6.91,0,4,0,0,0,0,0,0,747.0,0.0,4,32,25,18,21,37,37.76,0,46,27,58.7,89,151,98,160,131,38.99,130,1057,398,1455,235.0,57,1,2158,31,4,0,Romano Schmid,SV Werder Bremen,830127,2534
38,7,19.44,411,36,56.25,750,379,1129,89.75,25,59.52,17,26,3,0,0,0,84,4,0,0,5,61,26,0,0,8,17,56,0,1,5.03,1.36,8,0,28.57,0,2,5,23,22,1,2,0,,48,55.17,1,0,0,129,18,24,0,19,1855,4,8,0,0,0,0,0.0,0,0,0,1,210,9,0,6.91,0,1,0,0,0,0,0,0,927.5,0.0,0,7,0,3,4,10,62.5,0,28,19,67.86,24,65,16,36,73,56.59,64,841,417,1258,179.7,7,2,1657,11,1,0,Josip Stanišić,FC Bayern München,927407,2672
33,12,34.29,229,29,50.88,435,229,664,83.84,16,45.71,19,26,2,0,0,0,66,4,0,6,5,43,25,0,0,5,13,58,0,0,2.18,1.15,20,0,5.0,0,1,3,22,20,2,1,0,,49,55.68,0,0,0,128,19,15,0,21,1822,3,6,0,0,0,0,0.0,0,0,0,0,179,10,0,6.9,0,1,0,0,0,0,0,0,1822.0,0.0,2,12,8,10,4,3,60.0,0,30,17,56.67,15,71,5,35,65,52.85,57,537,255,792,172.6,20,0,1050,17,3,0,Marcel Sabitzer,Borussia Dortmund,133908,2673
38,2,28.57,189,60,53.57,606,678,1284,88.92,33,54.1,28,33,2,0,0,0,117,3,2,6,8,64,33,0,0,7,18,74,0,2,1.89,1.83,18,0,0.0,10,0,2,37,37,0,0,0,,80,63.49,0,0,2,160,56,15,0,31,2703,0,10,0,0,0,0,0.0,0,0,0,0,207,12,0,6.9,0,0,0,0,0,0,0,0,0.0,0.0,0,14,5,6,7,8,72.73,0,66,46,69.7,15,84,11,7,113,60.43,112,718,726,1444,227.6,19,0,1802,6,2,0,Nicolas Seiwald,RB Leipzig,976575,36360
14,7,26.92,372,30,66.67,732,357,1089,92.6,11,73.33,4,26,3,0,0,0,75,5,1,10,4,13,24,0,0,7,14,46,0,0,2.67,1.83,15,0,10.0,0,3,6,14,13,1,0,3,,42,50.0,0,0,2,87,15,24,2,14,1320,1,5,0,0,0,1,0.0,0,0,0,0,142,7,0,6.9,0,1,0,0,0,0,0,0,440.0,0.0,3,7,23,11,9,7,50.0,0,26,17,65.38,24,25,14,26,53,53.54,45,794,382,1176,165.5,30,2,1460,9,2,0,Tom Bischof,FC Bayern München,1129935,2672
4,1,25.0,88,10,55.56,155,92,247,83.16,6,46.15,7,19,3,0,0,0,52,6,2,8,1,11,18,0,0,22,3,48,0,0,1.86,2.39,4,0,14.81,0,4,7,14,13,1,1,3,,44,51.76,0,0,1,50,3,14,2,13,974,1,3,0,0,0,0,0.0,0,0,0,0,116,5,0,6.89,0,2,0,0,0,0,0,0,243.5,0.0,0,12,15,6,13,14,53.85,0,8,7,87.5,14,11,26,4,50,51.02,18,188,109,297,124.1,27,2,481,22,0,0,Assan Ouédraogo,RB Leipzig,1418623,36360
56,0,0.0,18,131,50.97,51,522,573,81.28,1,100.0,0,22,0,0,0,0,182,0,0,0,6,13,22,0,0,0,0,0,4,3,0.04,,0,0,0.0,81,0,0,20,17,3,0,0,-0.23,2,100.0,0,7,0,132,0,0,0,22,1860,0,0,0,0,0,0,0.0,1,0,0,0,139,0,6,6.89,0,0,23,23,7,31,0,5,0.0,0.0,0,0,0,0,0,0,0.0,22,0,0,0.0,0,81,0,0,3,100.0,257,143,562,705,151.6,0,0,876,2,0,0,Manuel Neuer,FC Bayern München,8959,2672
45,0,0.0,27,110,37.29,55,466,521,72.97,9,100.0,0,24,0,0,0,0,205,1,0,0,5,18,24,0,0,0,1,1,2,1,0.05,,0,0,0.0,135,0,0,38,30,8,0,0,-3.03,4,80.0,0,16,0,193,0,1,0,24,2130,0,0,0,0,0,0,0.0,7,0,0,0,194,0,7,6.89,0,0,8,46,32,79,0,15,0.0,0.0,0,0,0,0,0,1,100.0,7,0,0,0.0,1,86,1,0,13,92.86,295,208,506,714,165.3,0,1,961,3,1,0,Mark Flekken,Bayer 04 Leverkusen,171919,2681
41,28,23.93,276,47,51.65,432,191,623,75.79,14,25.93,40,32,3,0,0,0,109,9,1,8,1,16,31,0,0,28,25,160,0,0,4.59,4.19,45,0,15.79,0,6,9,52,45,7,5,1,,93,43.66,1,0,0,199,16,44,5,28,2359,2,3,0,0,2,0,100.0,0,2,0,0,407,14,0,6.89,0,0,0,0,0,0,0,0,393.17,0.0,3,16,22,17,13,19,43.18,0,37,16,43.24,44,85,44,117,107,40.07,91,590,232,822,213.5,38,1,1335,38,4,0,Fabian Rieder,FC Augsburg,929620,2600
50,16,48.48,196,81,69.23,400,472,872,88.8,15,68.18,7,32,1,0,0,0,140,5,0,5,0,40,32,0,0,15,18,79,0,5,2.64,0.59,30,0,0.0,0,0,1,51,43,8,0,0,,97,57.4,0,0,0,110,20,24,0,27,2270,1,6,0,0,0,1,0.0,0,0,0,0,196,6,0,6.88,0,0,0,0,0,0,0,0,0.0,0.0,1,2,12,6,3,12,50.0,0,59,30,50.85,24,73,24,33,112,58.64,117,485,497,982,220.3,14,0,1345,27,2,0,Niklas Dorsch,1. FC Heidenheim,794995,5885
15,0,0.0,10,78,39.2,41,561,602,82.81,2,66.67,1,23,0,0,0,0,168,0,0,0,9,27,23,0,0,0,1,2,0,0,0.03,,0,0,0.0,98,0,0,32,32,0,0,0,-3.15,0,0.0,0,17,0,125,0,0,0,23,2009,0,0,0,0,0,0,0.0,2,0,0,0,126,0,10,6.88,0,0,13,39,13,53,1,10,0.0,0.0,0,0,0,0,0,0,0.0,13,0,0,0.0,0,52,0,0,2,50.0,199,132,595,727,158.3,0,0,925,0,1,0,Péter Gulácsi,RB Leipzig,37096,36360
35,4,20.0,303,47,43.52,711,768,1479,90.29,41,60.29,27,28,0,0,0,0,98,1,5,2,5,89,28,0,0,11,2,69,0,3,1.29,2.84,18,0,22.22,2,4,4,34,27,7,4,0,,62,59.62,3,0,0,159,27,11,1,25,2308,1,14,0,0,0,0,0.0,0,0,0,0,233,4,0,6.88,0,0,0,0,0,0,0,0,577.0,0.0,0,13,5,8,8,14,51.85,0,28,22,78.57,11,70,27,20,103,59.88,108,823,815,1638,192.7,18,1,2015,21,9,0,Jarell Quansah,Bayer 04 Leverkusen,1003339,2681
73,1,7.14,225,119,55.09,642,956,1598,88.98,55,63.95,31,30,0,0,0,0,117,0,0,0,5,157,30,0,1,3,18,72,1,2,1.08,0.68,17,0,12.5,48,1,1,49,44,5,1,0,,63,60.58,1,0,0,198,35,5,0,29,2549,1,24,0,0,0,1,0.0,0,0,0,0,243,4,0,6.88,1,0,0,0,0,0,0,0,2549.0,0.0,0,4,4,6,2,4,57.14,0,44,21,47.73,5,133,7,14,118,62.11,216,783,1013,1796,206.4,8,2,2248,16,9,0,Marco Friedl,SV Werder Bremen,825771,2534
2,0,0.0,83,4,57.14,139,47,186,60.98,128,55.17,104,29,4,0,0,0,34,6,13,13,0,39,29,0,0,24,4,159,0,0,1.04,10.34,18,0,13.46,0,7,11,38,35,3,7,0,,49,47.12,2,0,0,119,4,28,2,18,1725,10,4,0,0,0,1,0.0,0,0,0,1,221,7,0,6.88,0,3,0,0,0,0,0,0,246.43,0.0,0,44,8,17,22,9,45.0,0,13,8,61.54,28,4,20,1,177,52.68,7,239,66,305,199.5,52,1,622,29,3,0,Ragnar Ache,1. FC Köln,877544,2671
19,3,75.0,133,23,33.82,287,270,557,80.96,53,64.63,29,24,0,0,0,0,94,1,1,1,1,74,23,0,0,9,10,92,0,0,0.58,0.91,40,0,0.0,0,0,0,35,29,6,0,0,,86,57.72,0,0,1,131,27,8,0,22,1778,0,9,0,0,0,1,0.0,0,0,0,0,169,6,0,6.88,0,0,0,0,0,0,0,0,0.0,0.0,0,6,3,6,2,8,57.14,0,55,32,58.18,8,31,14,4,139,60.17,68,367,321,688,158.2,9,0,1009,23,5,0,Vinícius Souza,VfL Wolfsburg,979290,2524
9,1,16.67,57,18,78.26,150,189,339,93.65,7,70.0,3,11,1,0,0,0,23,1,0,0,1,14,9,0,0,1,3,15,0,0,0.2,0.03,8,0,0.0,0,0,1,7,6,1,0,0,,10,45.45,0,0,0,23,5,2,0,7,487,0,2,0,0,0,1,0.0,0,0,0,0,33,0,0,6.88,0,0,0,0,0,0,0,0,0.0,0.0,0,0,2,1,1,1,50.0,0,8,5,62.5,2,13,2,6,17,53.13,23,164,198,362,61.9,2,0,431,1,3,0,Niklas Süle,Borussia Dortmund,168937,2673
11,3,12.0,133,14,35.9,218,104,322,65.18,34,39.53,52,25,3,0,0,0,80,4,4,5,0,21,25,0,0,36,22,172,0,0,2.19,3.12,28,0,16.67,0,4,7,32,26,6,3,1,,115,48.94,0,0,0,172,25,16,0,21,1634,2,2,0,0,0,0,0.0,0,0,0,0,329,15,0,6.88,0,4,0,0,0,0,0,0,408.5,0.0,0,16,8,11,8,38,50.67,0,47,23,48.94,16,25,75,25,149,46.42,39,358,136,494,171.9,24,2,952,33,4,0,Patrick Wimmer,VfL Wolfsburg,987504,2524
21,0,0.0,110,34,35.42,388,571,959,84.72,115,64.61,63,25,0,0,0,0,63,0,6,7,2,140,25,0,0,2,5,98,1,3,0.84,4.33,27,0,11.11,11,4,4,34,29,5,4,0,,34,49.28,2,0,3,173,25,8,0,18,1763,0,14,0,0,0,0,0.0,0,0,0,0,202,3,0,6.88,0,2,0,0,0,0,0,0,440.75,0.0,0,32,4,17,12,6,60.0,0,20,15,75.0,8,55,10,2,149,60.32,96,525,607,1132,171.9,36,3,1464,8,5,0,Ozan Kabak,TSG Hoffenheim,857740,2569
13,16,28.07,83,18,29.03,159,182,341,72.55,14,50.0,14,16,2,0,0,0,79,6,0,4,1,46,16,0,0,9,19,53,0,2,2.23,0.32,5,0,11.11,0,1,3,29,25,4,0,1,,70,64.22,0,0,1,129,16,18,0,15,1319,1,7,1,0,0,0,0.0,0,0,0,0,283,5,0,6.88,0,1,0,0,0,0,0,0,1319.0,0.0,0,4,5,1,4,15,71.43,0,28,17,60.71,18,42,21,57,84,61.31,62,248,222,470,110.0,9,0,930,27,0,0,Hennes Behrens,1. FC Heidenheim,1864760,5885
11,0,0.0,37,18,51.43,171,349,520,92.86,10,45.45,12,11,0,0,0,0,28,0,0,0,1,44,11,0,0,1,2,20,0,1,0.14,0.16,4,0,0.0,28,0,0,11,11,0,0,0,,8,50.0,0,0,0,40,7,2,0,8,672,0,10,0,0,0,0,0.0,0,0,0,0,47,0,0,6.87,0,0,0,0,0,0,0,0,0.0,0.0,0,2,0,2,0,0,0.0,0,8,6,75.0,2,18,1,0,18,47.37,35,197,363,560,75.6,2,0,661,0,0,0,El Chadaille Bitshiabu,RB Leipzig,1048009,36360
13,38,29.01,176,8,26.67,281,149,430,74.39,12,42.86,16,28,6,0,0,0,69,10,1,6,3,25,28,0,0,21,11,91,0,1,6.75,0.91,12,0,11.76,0,2,8,32,32,0,2,0,,45,37.5,0,0,0,148,6,45,1,24,1987,10,4,0,0,0,0,0.0,0,0,0,1,335,8,0,6.87,0,1,0,0,0,0,0,0,993.5,0.0,0,13,4,6,5,17,34.0,0,22,11,50.0,45,39,50,131,57,38.51,30,395,183,578,192.4,17,2,965,6,0,0,Franck Honorat,Borussia M'gladbach,280453,2527
11,17,25.76,196,7,31.82,377,240,617,84.4,18,33.33,36,29,4,1,0,0,95,5,5,13,3,12,29,0,0,48,18,162,0,1,3.2,6.88,23,0,7.04,0,5,9,43,38,5,2,3,,126,50.0,0,0,3,114,8,33,0,25,2107,1,1,0,1,2,0,50.0,0,1,0,0,327,12,0,6.87,0,5,0,0,0,0,0,0,421.4,0.0,2,33,38,32,26,44,53.66,0,41,25,60.98,32,20,82,66,144,47.06,22,461,270,731,199.2,71,0,1253,42,3,0,Alexis Claude-Maurice,FC Augsburg,822877,2600
18,12,19.05,115,23,37.7,227,251,478,79.53,24,68.57,11,16,2,0,0,0,65,1,0,5,2,41,16,0,0,5,8,48,0,1,1.72,0.51,19,0,10.0,0,1,3,21,19,2,0,1,,56,60.22,0,0,0,123,11,17,1,14,1255,3,4,0,0,0,1,0.0,0,0,0,1,222,7,0,6.87,0,0,0,0,0,0,0,0,1255.0,0.0,1,6,4,2,3,6,46.15,0,39,27,69.23,17,37,13,63,80,62.5,61,317,284,601,109.9,10,0,1008,12,3,0,Olivier Deman,SV Werder Bremen,960114,2534
95,0,0.0,129,135,52.73,338,635,973,79.95,128,64.65,70,31,0,0,0,1,86,3,2,6,5,220,30,0,0,9,16,139,1,4,1.77,3.69,46,0,10.34,15,3,3,55,47,8,3,0,,83,54.61,0,0,2,244,36,21,0,30,2704,0,24,0,0,3,3,66.67,0,2,0,0,276,2,0,6.87,0,3,0,0,0,0,0,0,901.33,0.0,2,25,4,13,10,4,57.14,0,52,30,57.69,21,182,7,4,211,60.29,256,537,680,1217,206.0,29,2,1706,28,6,0,Leopold Querfeld,1. FC Union Berlin,1086547,2547
1,1,50.0,10,1,100.0,14,11,25,96.15,3,75.0,1,8,1,0,0,0,2,1,1,0,0,3,6,0,0,1,2,7,0,0,0.56,0.28,2,0,50.0,0,1,2,1,0,1,0,1,,2,25.0,0,0,0,1,1,3,0,0,69,0,0,0,0,0,0,0.0,0,0,0,0,9,0,0,6.87,0,1,0,0,0,0,0,0,69.0,0.0,0,1,1,1,1,0,0.0,0,1,0,0.0,3,1,1,2,5,41.67,1,15,11,26,41.2,2,0,45,1,0,0,Valentin Gendrey,TSG Hoffenheim,944899,2569
49,16,28.07,325,90,56.96,688,727,1415,86.07,11,28.21,28,32,3,0,0,0,140,10,6,12,8,88,32,0,0,15,26,113,1,3,6.05,2.56,23,0,6.67,0,2,5,36,35,1,2,0,,95,52.78,0,0,0,229,31,37,1,28,2509,4,7,0,0,0,0,0.0,0,0,0,0,380,9,0,6.87,0,1,0,0,0,0,0,0,1254.5,0.0,0,20,10,12,6,13,35.14,0,60,39,65.0,37,104,37,57,106,48.4,158,832,812,1644,219.7,30,2,2330,22,4,0,Ridle Baku,RB Leipzig,856553,36360
5,3,25.0,114,4,40.0,163,47,210,71.67,7,46.67,8,28,4,0,0,0,46,6,5,5,0,2,25,0,0,20,9,104,0,0,3.16,4.87,21,0,22.58,0,7,11,14,13,1,6,1,,57,37.25,1,0,1,83,8,16,4,15,1215,5,0,0,0,0,0,0.0,0,0,0,1,230,12,0,6.86,0,2,0,0,0,0,0,0,173.57,0.0,0,24,7,12,14,27,36.49,0,5,3,60.0,16,13,74,12,64,38.1,10,234,59,293,171.6,31,1,602,25,5,0,Karim Adeyemi,Borussia Dortmund,940054,2673
32,2,18.18,213,26,40.63,435,326,761,82.0,27,40.91,39,33,2,0,0,0,102,3,5,9,3,46,32,0,0,14,11,93,0,1,2.98,5.09,23,0,16.28,0,7,9,33,28,5,6,1,,70,56.45,3,0,0,167,16,16,0,16,1752,1,5,0,0,0,0,0.0,0,0,0,0,233,12,0,6.86,0,4,0,0,0,0,0,0,250.29,0.0,0,30,13,20,14,6,40.0,0,36,16,44.44,16,57,15,11,97,51.05,64,562,366,928,219.6,43,1,1263,28,5,0,Grischa Prömel,TSG Hoffenheim,253993,2569
63,2,12.5,221,48,35.29,512,480,992,79.36,102,64.56,56,29,0,0,0,0,103,1,0,5,4,130,29,0,0,4,16,117,0,1,1.29,0.52,41,0,0.0,1,0,0,35,34,1,0,0,,83,57.64,0,0,0,258,40,9,0,26,2318,2,13,0,0,0,2,0.0,0,0,0,0,358,6,0,6.86,0,0,0,0,0,0,0,0,0.0,0.0,0,5,5,5,0,6,54.55,0,68,40,58.82,9,110,11,16,185,61.26,136,698,552,1250,199.0,10,0,1912,11,9,0,Bernardo,TSG Hoffenheim,828571,2569
43,13,15.12,259,57,43.85,522,443,965,77.89,25,53.19,22,31,4,0,0,0,140,7,0,13,7,49,31,0,1,36,35,152,0,3,4.92,2.57,35,0,0.0,0,0,4,47,46,1,0,0,,146,52.9,0,0,0,274,49,28,0,31,2636,6,6,0,0,0,1,0.0,0,0,0,0,488,11,0,6.86,1,0,0,0,0,0,0,0,0.0,0.0,1,20,27,20,14,24,47.06,0,68,42,61.76,28,112,51,86,171,52.94,130,714,525,1239,212.6,47,0,1892,55,8,0,Rocco Reitz,Borussia M'gladbach,1048650,2527
55,16,25.4,177,80,38.83,515,729,1244,84.74,30,50.0,30,27,2,0,0,0,132,1,1,3,4,104,27,0,1,9,13,73,1,2,1.21,0.58,15,0,16.67,3,2,4,43,39,4,1,1,,72,62.61,0,0,1,224,23,18,0,26,2314,1,17,0,1,0,2,0.0,0,0,0,0,314,4,0,6.86,1,2,0,0,0,0,0,0,1157.0,0.0,3,4,8,4,5,9,60.0,0,34,22,64.71,17,147,15,63,102,58.29,206,687,781,1468,185.1,12,1,1881,29,4,0,Eric Smith,FC St. Pauli,542038,2526
24,30,26.55,270,21,42.0,474,207,681,77.65,21,35.59,38,31,5,0,0,0,75,12,4,11,3,16,31,0,0,48,23,180,0,0,5.62,3.36,26,0,12.2,0,5,10,44,37,7,4,1,,111,43.87,0,0,0,196,17,40,4,28,2379,3,1,0,1,0,0,0.0,0,0,0,0,435,18,0,6.85,0,1,0,0,0,0,0,0,475.8,0.0,2,24,17,15,15,34,42.5,0,43,24,55.81,39,48,80,113,132,42.31,50,623,254,877,212.5,41,2,1441,34,5,0,Ritsu Doan,Eintracht Frankfurt,790965,2674
37,2,14.29,284,43,42.16,654,571,1225,82.66,55,47.01,62,34,1,0,0,0,129,2,2,20,6,62,34,0,0,17,13,116,0,3,1.7,3.8,18,0,6.82,0,3,4,57,47,10,3,0,,99,64.71,1,0,0,257,30,19,0,34,3060,1,15,0,0,0,0,0.0,0,0,0,0,341,12,0,6.85,0,2,0,0,0,0,0,0,1020.0,0.0,0,27,17,11,13,15,68.18,0,64,34,53.13,19,56,22,14,154,57.04,102,840,642,1482,232.9,44,0,1933,20,4,0,Maximilian Eggestein,SC Freiburg,569784,2538
11,0,0.0,76,44,42.72,359,820,1179,87.08,144,61.8,89,34,2,0,0,0,105,3,5,3,1,261,34,0,0,1,20,120,1,1,1.36,3.49,11,0,5.41,1,2,4,72,63,9,2,0,,68,68.69,1,0,0,175,35,10,1,34,3060,3,41,0,0,0,0,0.0,0,0,0,0,193,2,0,6.85,0,0,0,0,0,0,0,0,1530.0,0.0,0,36,1,25,9,4,100.0,0,45,28,62.22,10,37,4,0,212,63.86,103,476,878,1354,232.8,37,2,1926,20,1,0,Patrick Mainka,1. FC Heidenheim,254429,5885
14,15,24.19,121,17,51.52,191,103,294,73.13,42,40.78,61,32,4,0,0,0,42,7,5,7,1,18,32,0,0,17,6,113,0,0,4.47,4.37,17,0,11.9,0,5,9,28,22,6,4,1,,34,39.53,2,0,0,108,7,26,1,18,1606,6,4,0,0,0,0,0.0,0,0,0,0,245,6,0,6.84,0,2,0,0,0,0,0,0,321.2,0.0,0,32,10,18,17,6,31.58,0,7,5,71.43,26,22,19,62,76,40.21,33,282,120,402,219.0,42,1,717,24,3,0,Marius Bülter,1. FC Köln,378340,2671
10,5,21.74,159,11,50.0,227,101,328,73.21,36,41.86,50,28,0,0,0,0,76,4,5,10,1,19,28,0,0,24,13,131,0,0,3.01,6.35,20,0,12.5,0,6,6,35,30,5,6,0,,73,47.4,2,0,0,120,13,26,1,18,1746,10,1,0,0,0,1,0.0,0,0,0,2,251,8,0,6.84,0,3,0,0,0,0,0,0,291.0,0.0,0,38,10,17,21,24,46.15,0,31,13,41.94,26,20,52,23,109,45.42,22,315,133,448,191.6,48,1,854,18,3,0,Anton Kade,FC Augsburg,1129365,2600
4,0,0.0,203,7,53.85,345,119,464,83.15,3,14.29,18,29,5,0,0,0,44,4,4,9,1,15,29,0,0,30,13,103,0,0,4.35,3.05,4,0,18.52,0,5,10,19,16,3,3,2,,58,40.56,0,0,3,94,8,28,2,16,1484,3,1,0,1,0,0,0.0,0,0,0,0,221,6,0,6.84,0,3,0,0,0,0,0,0,296.8,0.0,0,17,10,9,9,28,42.42,0,13,7,53.85,27,10,66,12,61,37.2,13,417,141,558,198.4,27,2,855,17,0,0,Ernest Poku,Bayer 04 Leverkusen,1119502,2681
23,4,36.36,180,35,38.89,480,744,1224,86.32,92,54.44,77,31,2,0,0,0,106,4,3,11,3,125,31,0,0,16,25,159,0,2,1.17,2.5,42,0,8.7,1,2,4,50,42,8,2,0,,94,53.41,2,0,1,194,35,15,0,30,2564,0,22,0,0,0,1,0.0,0,0,0,0,242,7,0,6.84,1,0,0,0,0,0,0,0,1282.0,0.0,0,18,5,8,4,2,50.0,0,46,27,58.7,15,44,4,11,186,53.91,90,598,820,1418,211.9,23,1,1877,51,10,1,Eric Martel,1. FC Köln,988639,2671
14,4,18.18,176,9,47.37,269,149,418,86.9,6,27.27,16,26,2,0,0,0,62,2,2,5,0,3,26,0,0,21,11,76,0,0,1.79,1.68,4,0,17.65,0,3,5,22,20,2,2,1,,69,53.49,0,0,0,63,4,15,0,12,1182,4,1,0,1,0,0,0.0,0,0,0,2,165,5,0,6.83,0,3,0,0,0,0,0,0,394.0,0.0,0,11,6,4,8,30,55.56,0,16,10,62.5,14,27,54,22,75,49.67,19,310,171,481,177.7,17,1,739,23,0,0,Samuel Mbangula,SV Werder Bremen,1100836,2534
28,22,23.91,223,28,51.85,394,237,631,78.88,23,46.0,27,28,9,0,0,0,82,11,5,16,0,29,27,0,0,16,17,84,0,1,3.9,2.83,14,0,5.71,0,2,11,38,32,6,2,0,,63,52.5,0,0,2,169,14,40,2,21,1797,5,2,0,0,0,0,0.0,0,0,0,0,306,12,0,6.83,0,0,0,0,0,0,0,0,898.5,0.0,4,17,18,10,9,11,50.0,0,31,17,54.84,40,65,22,92,86,50.59,54,524,276,800,184.5,35,3,1181,21,2,0,Farès Chaïbi,Eintracht Frankfurt,1192318,2674
32,8,27.59,283,27,64.29,519,182,701,85.91,2,14.29,12,26,5,0,0,0,54,5,10,5,1,2,25,0,0,19,22,102,0,2,4.96,7.59,5,0,11.9,0,5,10,14,13,1,4,1,,57,38.78,0,0,3,115,14,24,3,16,1282,4,2,0,1,0,0,0.0,0,0,0,1,245,13,0,6.83,0,2,0,0,0,0,0,0,256.4,0.0,0,25,17,16,21,22,33.33,0,25,14,56.0,23,53,66,29,59,36.65,42,610,206,816,170.8,42,1,1133,11,1,0,Lennart Karl,FC Bayern München,1861975,2672
10,15,26.79,149,16,50.0,250,125,375,81.7,2,20.0,8,19,2,0,0,0,48,4,0,2,4,19,19,0,0,13,9,58,0,0,3.02,1.01,17,0,22.22,0,2,4,14,12,2,2,0,,46,47.92,0,0,0,84,7,17,1,11,1010,2,1,0,0,0,0,0.0,0,0,0,0,197,6,0,6.83,0,1,0,0,0,0,0,0,505.0,0.0,0,7,2,3,4,13,52.0,0,20,16,80.0,17,22,25,56,48,45.28,32,313,146,459,129.8,9,0,796,13,4,0,Yan Couto,Borussia Dortmund,1002813,2673
6,0,0.0,165,7,63.64,296,134,430,75.57,95,56.21,74,33,1,1,0,1,54,1,21,13,6,34,32,0,0,31,4,157,0,1,3.5,17.56,39,0,20.24,0,17,18,22,19,3,16,1,,49,37.12,5,0,3,139,0,20,1,27,2348,7,2,0,0,3,1,33.33,0,1,0,2,284,11,0,6.83,0,11,0,0,0,0,0,0,138.12,0.0,1,73,11,31,40,12,46.15,0,2,1,50.0,20,9,26,4,144,47.84,11,410,159,569,218.6,84,1,946,36,3,0,Serhou Guirassy,Borussia Dortmund,328027,2673
43,17,35.42,182,76,36.19,408,459,867,75.72,50,54.35,42,34,3,0,0,0,118,4,2,4,3,157,34,0,0,10,15,97,0,1,2.91,1.6,22,0,14.29,0,2,5,49,44,5,2,0,,81,59.56,1,0,1,278,30,16,0,30,2697,1,16,1,0,0,0,0.0,0,0,0,0,385,4,0,6.83,0,1,0,0,0,0,0,0,1348.5,0.0,0,8,6,5,5,15,62.5,0,43,26,60.47,16,123,24,48,131,57.46,210,614,531,1145,232.2,14,3,1748,24,3,0,Danny da Costa,1. FSV Mainz 05,97926,2556
47,4,33.33,245,73,46.5,760,915,1675,90.1,42,65.63,22,32,0,0,0,0,105,0,2,3,6,81,31,0,0,5,9,70,3,3,1.66,0.72,30,0,16.67,3,2,2,43,36,7,1,1,,65,57.52,1,0,0,184,33,12,0,29,2547,0,19,0,0,0,1,0.0,0,0,0,0,212,4,0,6.83,1,1,0,0,0,0,0,0,1273.5,0.0,0,7,5,6,3,1,16.67,0,43,29,67.44,12,94,6,12,107,60.45,157,894,965,1859,211.7,12,2,2175,22,4,1,Robert Andrich,Bayer 04 Leverkusen,168903,2681
6,2,33.33,119,8,88.89,199,138,337,93.61,6,40.0,9,13,3,0,0,0,51,2,1,0,0,9,13,0,0,7,1,32,0,0,1.63,0.35,2,0,25.0,0,1,4,8,8,0,1,0,,27,54.0,0,0,0,23,3,9,1,6,534,0,3,0,0,0,0,0.0,0,0,0,0,65,2,0,6.82,0,0,0,0,0,0,0,0,534.0,0.0,0,4,0,3,1,13,50.0,0,9,6,66.67,9,8,26,6,33,50.77,9,219,141,360,88.7,4,0,489,5,1,0,Alphonso Davies,FC Bayern München,843665,2672
16,0,0.0,78,18,37.5,285,375,660,90.78,19,54.29,16,14,1,0,0,0,45,1,0,1,2,45,13,0,0,1,4,25,0,1,0.47,0.12,4,0,0.0,4,0,1,13,12,1,0,0,,11,55.0,0,0,0,67,10,5,0,10,900,0,7,0,0,0,0,0.0,0,0,0,0,71,0,0,6.82,0,0,0,0,0,0,0,0,0.0,0.0,0,1,3,3,0,2,100.0,0,8,7,87.5,5,33,2,1,30,54.55,48,335,392,727,88.7,4,0,829,2,1,0,Luca Jaquez,VfB Stuttgart,1127823,2677
17,5,13.51,126,22,45.83,219,198,417,74.73,29,50.0,29,27,1,0,0,0,50,4,4,5,0,62,27,0,0,7,11,68,0,0,2.94,2.49,15,0,10.0,0,2,3,25,22,3,2,0,,52,57.14,0,0,0,141,16,8,0,22,1819,4,8,0,0,0,0,0.0,0,0,0,0,266,3,0,6.82,0,2,0,0,0,0,0,0,909.5,0.0,0,18,2,11,4,2,22.22,0,40,26,65.0,8,38,9,37,81,54.36,48,327,231,558,184.2,20,2,1038,11,5,0,Silvan Widmer,1. FSV Mainz 05,157377,2556
19,0,0.0,154,19,43.18,394,342,736,91.09,21,65.63,11,16,2,0,0,0,37,2,1,2,0,37,16,0,0,0,2,22,0,0,1.07,0.85,10,0,10.0,3,1,3,14,12,2,1,0,,11,50.0,1,0,0,72,14,6,0,10,932,0,3,0,0,0,0,0.0,0,0,0,0,92,1,0,6.81,0,0,0,0,0,0,0,0,932.0,0.0,0,7,3,5,3,4,100.0,0,4,4,100.0,6,41,4,7,32,59.26,44,443,365,808,109.0,10,0,948,3,0,0,Hiroki Itō,FC Bayern München,873106,2672
5,1,16.67,41,7,77.78,63,47,110,87.3,3,75.0,1,8,0,0,0,0,11,1,1,1,0,8,8,0,0,1,4,8,0,0,0.94,0.32,1,0,14.29,0,1,1,7,5,2,0,1,,9,56.25,0,0,0,16,1,7,1,4,369,0,0,0,0,0,0,0.0,0,0,0,0,29,2,0,6.81,0,0,0,0,0,0,0,0,369.0,0.0,0,3,4,4,2,3,75.0,0,2,1,50.0,7,7,4,6,12,60.0,9,71,55,126,54.5,7,0,176,4,1,0,Andreas Skov Olsen,VfL Wolfsburg,888537,2524
5,1,20.0,81,2,50.0,141,69,210,85.02,7,46.67,8,18,1,0,0,0,18,2,4,3,0,4,18,0,0,5,4,25,0,1,0.99,2.55,1,0,23.53,1,4,5,12,11,1,4,0,,29,63.04,1,0,1,37,1,9,1,7,672,1,1,0,0,0,0,0.0,0,0,0,0,67,4,0,6.81,0,2,0,0,0,0,0,0,168.0,0.0,0,15,2,8,6,5,41.67,0,11,4,36.36,9,11,12,5,36,59.02,4,170,77,247,122.6,17,0,347,13,1,0,Martin Terrier,Bayer 04 Leverkusen,846445,2681
11,0,0.0,17,13,40.63,76,153,229,84.81,13,72.22,5,9,0,0,0,0,11,0,0,0,0,24,9,0,0,1,2,11,0,0,0.06,,2,0,0.0,3,0,0,6,6,0,0,0,,10,62.5,0,0,0,41,5,1,0,5,398,0,4,0,0,0,1,0.0,0,0,0,0,50,1,0,6.81,0,0,0,0,0,0,0,0,0.0,0.0,0,0,0,0,0,3,75.0,0,3,1,33.33,1,21,4,1,23,67.65,32,109,161,270,61.3,0,0,329,4,0,0,Dominique Heintz,1. FC Köln,136922,2671
27,22,29.73,162,37,44.58,262,184,446,75.34,13,37.14,22,29,2,0,0,0,78,3,2,1,1,46,29,0,0,22,20,91,0,1,3.08,1.96,23,0,10.0,0,1,3,36,31,5,1,0,,69,50.0,0,0,2,146,15,18,1,24,2072,3,9,0,0,0,0,0.0,0,0,0,2,296,11,0,6.81,0,0,0,0,0,0,0,0,2072.0,0.0,0,9,1,7,2,8,50.0,0,29,18,62.07,18,53,16,74,82,47.4,83,372,220,592,197.5,10,0,1136,32,4,0,Phillipp Mwene,1. FSV Mainz 05,138126,2556
17,17,38.64,150,18,42.86,264,131,395,76.25,15,65.22,8,32,2,0,0,0,77,4,1,1,1,18,30,0,0,26,23,95,0,1,3.25,1.19,26,0,16.67,0,3,5,25,23,2,1,2,,69,44.23,0,0,0,123,7,18,3,12,1318,2,3,0,0,0,0,0.0,0,0,0,0,225,12,0,6.81,0,0,0,0,0,0,0,0,439.33,0.0,3,8,10,6,11,16,53.33,0,32,22,68.75,18,36,30,44,84,46.93,42,370,148,518,204.3,18,1,815,21,4,0,Alexander Prass,TSG Hoffenheim,978062,2569
18,8,34.78,133,17,58.62,250,155,405,87.28,3,42.86,4,11,1,0,0,0,30,1,1,4,1,9,11,0,0,7,4,26,0,1,2.5,0.59,10,0,0.0,0,0,1,5,5,0,0,0,,16,42.11,0,0,0,59,6,11,0,7,618,0,0,0,0,0,0,0.0,0,0,0,0,94,5,0,6.81,0,0,0,0,0,0,0,0,0.0,0.0,0,4,4,3,1,4,80.0,0,8,6,75.0,11,29,5,23,19,42.22,29,297,167,464,74.9,8,0,577,4,0,0,Pascal Groß,Borussia Dortmund,48480,2673
24,1,20.0,224,18,43.9,560,370,930,85.01,52,64.2,29,28,1,0,0,0,72,3,2,2,4,53,25,0,1,10,9,72,1,3,1.72,0.73,20,0,0.0,0,0,1,29,28,1,0,0,,84,66.14,0,0,1,164,16,12,0,22,1898,1,8,0,0,0,0,0.0,0,0,0,0,210,6,0,6.81,1,0,0,0,0,0,0,0,0.0,0.0,0,7,0,3,2,8,57.14,0,42,23,54.76,12,46,14,5,136,65.38,41,683,411,1094,170.2,7,0,1372,34,5,0,Atakan Karazor,VfB Stuttgart,801030,2677
9,23,38.98,96,9,26.47,152,80,232,75.32,13,72.22,5,14,3,0,0,0,35,4,1,2,1,20,14,0,0,7,9,41,0,0,2.18,1.36,13,0,12.5,0,1,4,14,11,3,1,0,,29,44.62,0,0,0,76,5,23,0,7,670,2,2,0,0,0,1,0.0,0,0,0,0,141,4,0,6.81,0,1,0,0,0,0,0,0,670.0,0.0,1,4,4,5,1,1,11.11,0,18,17,94.44,23,24,9,59,42,50.6,34,206,102,308,95.3,8,0,544,10,2,0,Alessio Castro-Montes,1. FC Köln,839898,2671
21,12,31.58,519,23,46.0,867,374,1241,90.06,15,36.59,26,29,9,0,0,0,90,5,2,2,6,30,29,0,0,18,22,116,1,1,5.21,2.42,29,0,17.65,0,3,12,20,17,3,3,0,,69,43.4,0,0,1,137,17,45,1,22,1997,4,6,0,0,0,0,0.0,0,0,0,0,259,12,0,6.81,0,2,0,0,0,0,0,0,665.67,0.0,0,12,5,7,8,14,38.89,0,46,24,52.17,45,46,36,38,84,42.0,50,958,420,1378,197.4,17,1,1863,9,9,0,Konrad Laimer,FC Bayern München,355492,2672
13,1,25.0,63,35,41.18,226,419,645,85.09,39,73.58,14,18,1,0,0,0,74,1,0,3,2,92,18,0,0,2,4,32,1,0,0.44,0.42,10,0,14.29,1,1,2,33,27,6,1,0,,23,56.1,1,0,0,113,30,4,0,17,1494,0,20,0,0,0,0,0.0,0,0,0,0,140,0,0,6.81,0,0,0,0,0,0,0,0,1494.0,0.0,0,6,1,3,1,1,33.33,0,19,10,52.63,4,39,3,4,62,65.96,85,306,452,758,122.5,7,1,1015,4,5,0,Chrislain Matsima,FC Augsburg,963198,2600
11,31,28.97,105,20,51.28,219,153,372,75.46,6,24.0,19,28,2,0,0,0,65,4,5,2,0,25,28,0,0,18,18,98,0,1,4.25,3.44,17,0,8.33,0,2,4,25,20,5,2,0,,91,53.53,0,0,0,121,17,35,1,20,1716,5,2,0,0,0,0,0.0,0,0,0,0,270,6,0,6.8,0,1,0,0,0,0,0,0,858.0,0.0,2,17,7,8,14,15,36.59,0,40,24,60.0,35,28,41,107,97,49.74,39,306,187,493,190.5,24,0,902,36,5,0,Jan-Niklas Beste,SC Freiburg,836711,2538
31,34,26.98,213,42,52.5,338,248,586,72.08,26,38.81,41,32,4,0,0,0,128,11,7,14,0,20,31,0,0,19,39,140,0,2,6.3,6.31,13,0,4.26,0,2,6,49,43,6,2,0,,83,45.6,0,0,1,227,23,56,0,25,2181,5,5,0,0,1,0,100.0,0,1,0,0,448,12,0,6.8,0,2,0,0,0,0,0,0,1090.5,0.0,5,31,16,14,19,23,45.1,0,34,18,52.94,56,78,51,126,109,43.78,80,518,295,813,210.9,47,1,1352,27,2,0,Arijon Ibrahimović,1. FC Heidenheim,1142248,5885
6,0,0.0,72,7,43.75,124,75,199,62.58,83,51.88,77,31,2,0,0,1,51,4,5,13,1,35,30,0,0,24,15,174,1,0,1.33,9.24,43,0,21.15,0,11,13,27,18,9,11,0,,57,37.01,2,0,1,119,9,22,3,14,1570,6,2,0,0,2,0,50.0,0,1,0,0,233,9,0,6.8,0,6,0,0,0,0,0,0,142.73,0.0,0,43,9,19,20,12,40.0,0,23,8,34.78,22,11,30,0,140,44.59,16,222,96,318,204.0,52,2,667,22,0,0,Igor Matanović,SC Freiburg,1019321,2538
9,2,7.14,182,15,46.88,292,122,414,70.41,24,37.5,40,32,6,0,0,0,69,9,10,14,1,21,32,0,0,32,17,149,0,1,4.97,7.35,31,0,18.0,0,9,15,19,19,0,9,0,,68,38.42,1,0,2,174,14,26,2,24,2036,3,3,0,1,0,0,0.0,0,0,0,3,348,19,0,6.8,0,6,0,0,0,0,0,0,226.22,0.0,1,40,10,16,20,18,37.5,0,26,16,61.54,25,22,48,28,92,38.17,32,423,165,588,217.6,50,1,1034,24,3,0,Maximilian Beier,Borussia Dortmund,980628,2673
44,1,6.25,204,29,42.03,511,447,958,85.84,17,41.46,24,33,1,0,0,0,138,3,1,5,3,43,33,0,0,22,10,95,0,1,1.6,1.29,25,0,10.0,0,2,3,52,49,3,2,0,,90,55.9,0,0,0,158,38,17,0,29,2435,0,9,0,0,0,0,0.0,0,0,0,0,258,15,0,6.8,0,2,0,0,0,0,0,0,1217.5,0.0,0,9,11,9,6,26,63.41,0,41,17,41.46,17,92,41,16,107,52.97,69,626,490,1116,224.4,20,1,1510,23,5,0,Han-Noah Massengo,FC Augsburg,927340,2600
9,0,0.0,37,26,38.24,113,257,370,82.04,25,51.02,24,15,0,0,0,0,36,0,0,2,0,76,15,0,0,1,15,55,0,0,0.22,1.07,13,0,40.0,0,2,2,19,17,2,2,0,,39,55.71,1,0,0,81,12,4,0,11,1068,0,11,1,0,0,0,0.0,0,0,0,0,96,0,0,6.8,0,1,0,0,0,0,0,0,534.0,0.0,0,5,0,1,2,2,50.0,0,26,18,69.23,4,27,4,3,64,53.78,68,162,289,451,102.0,5,1,641,11,2,0,Arthur Chaves,FC Augsburg,1122806,2600
3,0,0.0,41,7,29.17,127,206,333,88.1,5,45.45,6,8,0,0,0,0,18,1,1,0,2,15,7,0,0,2,4,15,0,2,0.1,0.43,3,0,33.33,0,1,1,7,7,0,1,0,,20,68.97,1,0,0,45,2,2,0,6,513,0,1,0,0,0,0,0.0,0,0,0,0,58,1,0,6.8,0,0,0,0,0,0,0,0,513.0,0.0,0,2,1,2,1,4,100.0,0,14,8,57.14,2,19,4,1,25,62.5,24,165,213,378,47.6,3,1,453,2,2,0,Luca Reggiani,Borussia Dortmund,1937833,2673
0,1,100.0,1,0,0.0,2,0,2,66.67,0,0.0,0,1,1,0,0,0,0,1,0,0,0,0,1,0,0,0,0,2,0,0,0.2,,1,0,0.0,0,0,1,0,0,0,0,0,,0,0.0,0,0,0,1,1,1,0,0,10,0,0,0,0,0,0,0.0,0,0,0,0,3,0,0,6.8,0,0,0,0,0,0,0,0,0.0,0.0,0,0,0,0,0,0,0.0,0,0,0,0.0,1,1,1,1,0,0.0,0,3,0,3,6.8,0,0,7,0,0,0,Charles Herrmann,Borussia M'gladbach,1470008,2527
0,1,50.0,1,0,0.0,1,0,1,50.0,1,100.0,0,1,0,0,0,0,0,0,0,0,0,1,1,0,0,0,0,0,0,0,0.02,0.1,0,0,0.0,0,0,0,0,0,0,0,0,,1,100.0,0,0,0,1,0,0,0,0,15,0,0,0,0,0,0,0.0,0,0,0,0,2,0,0,6.8,0,0,0,0,0,0,0,0,0.0,0.0,0,1,0,1,0,0,0.0,0,1,1,100.0,0,0,0,2,2,100.0,0,1,1,2,6.8,1,0,7,0,0,0,Almugera Kabar,Borussia Dortmund,1418620,2673
27,14,15.38,202,33,40.24,365,318,683,75.64,41,47.67,45,34,2,0,0,0,115,3,3,6,3,70,34,0,0,14,30,131,0,1,2.64,2.79,24,0,10.0,0,3,5,56,50,6,3,0,,103,54.5,0,0,1,220,24,31,2,31,2810,6,9,0,0,0,0,0.0,0,0,0,0,410,14,0,6.8,0,1,0,0,0,0,0,0,936.67,0.0,0,21,9,15,9,15,44.12,0,57,41,71.93,31,66,34,91,144,52.36,82,518,385,903,231.1,30,2,1601,33,2,0,Robin Fellhauer,FC Augsburg,860461,2600
30,3,50.0,135,47,51.09,308,270,578,80.28,19,47.5,21,26,1,0,0,0,95,2,1,5,1,54,26,0,0,10,15,71,0,3,1.49,1.52,17,0,11.11,0,2,3,27,25,2,2,0,,56,52.83,0,0,0,142,16,13,0,18,1653,2,7,0,0,0,0,0.0,0,0,0,0,194,7,0,6.8,0,2,0,0,0,0,0,0,826.5,0.0,0,8,10,7,6,6,42.86,0,34,24,70.59,13,64,14,6,75,51.37,92,408,312,720,176.7,18,1,986,17,5,0,Kristijan Jakić,FC Augsburg,796206,2600
21,0,0.0,146,35,66.04,402,337,739,89.47,9,34.62,17,20,1,0,0,0,67,1,0,4,0,17,20,0,0,14,14,65,0,1,1.13,0.68,14,0,0.0,0,0,1,20,17,3,0,0,,63,56.76,0,0,0,87,12,8,0,12,1001,1,3,0,0,0,0,0.0,0,0,0,0,129,5,0,6.8,1,0,0,0,0,0,0,0,0.0,0.0,0,3,8,6,1,9,56.25,0,31,17,54.84,8,37,16,4,72,52.55,53,466,360,826,135.9,11,0,1032,24,2,1,Ezequiel Fernández,Bayer 04 Leverkusen,1003012,2681
4,3,20.0,108,8,61.54,180,78,258,85.71,12,21.82,43,19,1,0,0,0,32,3,7,11,1,7,19,0,0,31,3,106,0,0,1.17,4.04,9,0,20.0,0,6,7,31,28,3,6,0,,50,44.25,0,0,0,43,4,22,2,17,1420,6,1,0,0,0,0,0.0,0,0,0,0,142,2,0,6.79,0,4,0,0,0,0,0,0,236.67,0.0,0,26,4,3,16,21,51.22,0,11,5,45.45,22,6,41,15,62,36.9,13,214,87,301,129.1,30,2,532,18,4,0,Arnaud Kalimuendo,Eintracht Frankfurt,954061,2674
22,9,19.15,227,29,39.19,447,514,961,84.74,9,30.0,21,33,4,0,0,0,118,7,2,4,6,44,33,0,0,24,19,112,0,0,2.89,2.52,27,0,22.22,0,4,8,55,44,11,3,1,,131,59.01,0,0,0,173,26,34,1,29,2658,1,7,0,0,0,0,0.0,0,0,0,0,325,9,0,6.79,0,3,0,0,0,0,0,0,664.5,0.0,0,10,8,5,9,17,43.59,0,81,57,70.37,34,54,39,47,140,55.56,74,556,578,1134,224.2,18,1,1763,33,3,0,Nathaniel Brown,Eintracht Frankfurt,1159759,2674
64,2,15.38,245,94,60.65,645,773,1418,86.62,31,43.66,40,31,0,0,0,0,135,1,1,11,5,96,31,0,0,12,41,140,1,3,1.65,1.11,38,0,0.0,0,0,0,54,48,6,0,0,,81,44.75,0,0,2,219,78,15,0,31,2757,0,11,0,0,0,1,0.0,0,0,0,0,283,5,0,6.79,0,0,0,0,0,0,0,0,0.0,0.0,0,5,20,10,4,6,31.58,0,63,28,44.44,15,104,19,13,112,44.44,155,782,855,1637,210.6,25,0,2105,12,4,0,Senne Lynen,SV Werder Bremen,826171,2534
58,2,11.76,182,99,56.57,401,540,941,83.64,40,46.51,46,29,0,0,0,0,94,3,4,4,3,133,29,0,1,4,28,122,2,2,2.07,1.57,40,0,13.33,27,2,2,40,36,4,2,0,,94,55.29,0,0,1,184,45,10,0,28,2345,1,17,0,0,0,0,0.0,0,0,0,0,235,3,0,6.79,2,2,0,0,0,0,0,0,1172.5,0.0,0,13,2,7,4,5,45.45,0,48,32,66.67,10,96,11,17,134,52.34,175,536,589,1125,197.0,15,0,1561,43,9,1,Dominik Kohr,1. FSV Mainz 05,152206,2556
3,3,12.5,81,4,40.0,146,68,214,84.58,3,27.27,8,12,0,0,0,0,29,0,2,3,0,10,12,0,0,6,3,35,0,0,0.54,1.83,5,0,11.11,0,1,1,13,10,3,1,0,,43,61.43,0,0,1,39,8,6,0,9,740,0,0,0,0,0,1,0.0,0,0,0,0,92,6,0,6.79,0,1,0,0,0,0,0,0,740.0,0.0,0,8,1,4,2,5,27.78,0,27,16,59.26,6,10,18,24,46,56.79,10,176,77,253,81.5,9,0,445,11,0,0,Montrell Culbreath,Bayer 04 Leverkusen,1568522,2681
15,8,24.24,90,18,37.5,172,114,286,70.62,4,28.57,10,22,1,0,0,0,81,1,4,5,0,15,22,0,0,13,21,72,1,1,2.1,3.97,11,0,10.34,0,3,4,31,28,3,3,0,,41,39.81,0,0,0,119,10,11,0,16,1399,0,1,0,0,0,0,0.0,0,0,0,1,215,7,0,6.79,0,3,0,0,0,0,0,0,466.33,0.0,0,19,10,15,9,11,39.29,0,25,15,60.0,11,38,28,33,45,38.46,48,260,145,405,149.4,29,2,662,5,4,0,Eren Dinkçi,1. FC Heidenheim,1067120,5885
34,8,13.79,129,64,55.17,244,304,548,80.12,21,44.68,26,29,5,0,0,0,82,8,1,4,1,86,29,0,0,2,17,72,0,0,3.52,1.11,18,0,8.33,0,1,6,43,38,5,1,0,,47,50.54,0,0,0,136,32,17,1,20,1912,1,11,0,1,0,0,0.0,0,0,0,0,240,5,0,6.79,0,0,0,0,0,0,0,0,1912.0,0.0,1,5,7,5,3,3,23.08,0,36,24,66.67,16,61,13,58,68,48.57,116,345,339,684,196.9,12,1,1142,8,4,0,Marnon Busch,1. FC Heidenheim,168861,5885
62,0,0.0,84,223,38.25,169,727,896,71.11,8,100.0,0,34,0,0,0,0,311,0,0,0,7,40,34,0,0,0,2,3,3,2,0.39,,1,0,0.0,150,0,0,52,46,6,0,0,-4.27,7,70.0,0,21,0,364,0,1,0,34,3060,0,0,0,0,0,1,0.0,7,0,0,0,370,0,12,6.79,0,0,34,61,32,97,0,18,0.0,0.0,0,0,0,0,0,2,100.0,33,0,0,0.0,1,109,2,0,15,83.33,583,483,777,1260,230.8,0,0,1582,6,3,0,Oliver Baumann,TSG Hoffenheim,40244,2569
10,6,27.27,58,15,53.57,101,69,170,75.89,10,58.82,7,24,4,0,0,0,21,5,4,5,0,9,24,0,0,5,5,35,0,0,1.64,5.54,9,0,19.23,0,5,9,10,9,1,5,0,,21,42.86,1,0,3,54,4,13,3,7,684,2,2,0,0,2,0,100.0,0,2,0,0,104,3,0,6.79,0,1,0,0,0,0,0,0,136.8,0.0,1,18,8,8,13,7,43.75,0,8,3,37.5,13,24,16,22,31,46.97,28,145,79,224,162.9,26,0,363,6,1,0,Luca Waldschmidt,1. FC Köln,319861,2671
10,0,0.0,31,19,40.43,129,233,362,82.27,38,59.38,26,15,0,0,0,0,38,1,4,5,2,73,15,0,0,2,5,52,0,0,0.14,1.91,17,0,7.14,35,1,1,17,16,1,1,0,,22,45.83,1,0,1,78,18,2,0,9,1060,0,15,0,0,0,1,0.0,0,0,0,0,93,0,0,6.79,0,0,0,0,0,0,0,0,1060.0,0.0,0,13,1,4,5,2,50.0,0,15,15,100.0,2,27,4,2,60,53.57,47,178,262,440,101.8,14,2,641,5,3,0,Kacper Potulski,1. FSV Mainz 05,1548910,2556
3,1,11.11,52,3,60.0,96,19,115,85.82,3,60.0,2,10,0,0,0,0,11,2,0,2,0,1,10,0,0,4,1,14,0,0,0.92,0.14,3,0,0.0,0,0,0,3,3,0,0,0,,23,65.71,0,0,1,19,1,5,0,2,261,0,0,0,0,0,0,0.0,0,0,0,0,49,2,0,6.78,0,0,0,0,0,0,0,0,0.0,0.0,0,1,4,1,2,9,64.29,0,4,2,50.0,5,7,14,9,26,65.0,5,112,22,134,67.8,5,0,201,10,2,0,Eliesse Ben Seghir,Bayer 04 Leverkusen,1394353,2681
8,35,27.56,223,13,36.11,402,299,701,83.45,22,40.0,33,33,2,0,0,0,88,6,4,4,10,78,33,0,0,12,16,100,1,1,5.5,1.79,28,0,16.67,0,2,4,28,25,3,2,0,,71,51.45,0,0,0,139,20,35,1,27,2452,2,8,0,0,0,0,0.0,0,0,0,0,307,10,0,6.78,0,1,0,0,0,0,0,0,1226.0,0.0,0,12,0,4,4,12,50.0,0,38,25,65.79,35,21,24,127,93,48.19,36,500,340,840,223.6,12,0,1392,22,0,0,Daniel Svensson,Borussia Dortmund,1021272,2673
44,1,7.69,204,79,51.63,570,893,1463,89.92,32,39.51,49,24,0,0,0,0,78,1,3,1,3,135,24,0,0,0,10,77,1,3,1.27,1.1,15,0,6.67,22,1,1,52,43,9,1,0,,51,64.56,1,0,0,164,30,12,0,24,2143,1,16,0,0,0,0,0.0,0,0,0,1,224,6,0,6.78,0,0,0,0,0,0,0,0,2143.0,0.0,1,8,7,7,7,4,50.0,0,35,22,62.86,12,84,8,13,83,51.88,153,695,932,1627,162.6,15,1,2037,13,8,0,Arthur Theate,Eintracht Frankfurt,965778,2674
52,0,0.0,75,51,41.8,231,664,895,85.4,53,59.55,36,24,0,0,0,0,61,0,0,2,3,181,24,0,0,9,11,76,0,3,0.91,0.37,19,0,0.0,97,0,0,35,31,4,0,0,,56,58.33,0,0,0,153,30,2,0,21,1965,0,18,0,0,0,1,0.0,0,0,0,0,197,0,0,6.78,0,0,0,0,0,0,0,0,0.0,0.0,0,3,2,2,1,6,75.0,0,37,22,59.46,2,91,8,3,109,58.92,122,336,712,1048,162.6,5,0,1446,13,3,0,Jordan Torunarigha,Hamburger SV,801003,2676
11,4,26.67,92,12,66.67,181,145,326,84.02,10,37.04,17,24,1,0,0,0,61,4,1,4,0,8,24,0,0,16,11,68,0,1,1.49,0.86,13,0,9.09,0,1,2,21,20,1,1,0,,50,49.5,0,0,0,62,4,18,1,9,884,1,4,0,0,0,0,0.0,0,0,0,0,121,5,0,6.77,0,0,0,0,0,0,0,0,884.0,0.0,0,9,2,3,4,18,60.0,0,18,15,83.33,18,15,30,15,60,46.88,18,223,165,388,162.5,11,0,557,14,1,0,Adrian Beck,1. FC Heidenheim,845742,5885
56,3,42.86,132,90,39.65,318,492,810,76.49,63,56.25,49,23,0,0,0,0,77,0,2,4,5,144,23,0,0,9,12,97,0,0,1.08,1.21,25,0,0.0,5,0,0,32,24,8,0,0,,63,56.76,0,0,0,249,43,9,0,23,1970,1,10,1,0,0,0,0.0,0,0,0,1,291,0,0,6.77,0,0,0,0,0,0,0,0,0.0,0.0,0,10,0,5,1,6,50.0,0,33,16,48.48,9,130,12,7,126,56.5,227,499,560,1059,155.7,10,0,1448,25,4,0,Diogo Leite,1. FC Union Berlin,855663,2547
44,17,28.33,193,35,51.47,371,292,663,82.67,2,20.0,8,29,1,0,1,0,65,6,2,5,1,18,28,0,0,17,17,76,0,0,2.88,2.46,23,1,4.35,0,1,2,26,25,1,0,1,,69,50.36,0,0,1,139,14,26,1,15,1341,0,2,0,0,1,0,0.0,0,0,0,0,236,4,0,6.77,0,0,0,0,0,0,0,0,1341.0,100.0,1,12,11,11,7,3,21.43,0,37,19,51.35,26,94,14,60,71,48.3,68,485,317,802,189.5,23,0,1094,29,3,0,Kevin Stöger,Borussia M'gladbach,95381,2527
6,0,0.0,195,4,57.14,329,141,470,89.52,2,28.57,5,18,2,0,0,0,37,3,0,2,1,7,18,0,0,11,0,30,0,1,1.43,3.43,3,0,41.67,0,5,7,7,6,1,5,0,,12,32.43,0,0,0,55,2,19,4,8,803,1,1,0,1,0,0,0.0,0,0,0,0,93,9,0,6.77,0,1,0,0,0,0,0,0,160.6,0.0,0,12,0,5,5,3,21.43,0,7,6,85.71,18,14,14,5,14,31.82,7,376,149,525,121.8,12,0,620,2,0,0,Raphaël Guerreiro,FC Bayern München,246999,2672
6,2,33.33,45,5,45.45,70,29,99,55.62,32,36.36,56,17,2,0,0,0,18,3,6,5,0,15,17,0,0,8,5,83,0,0,0.74,5.27,5,0,20.69,0,6,8,14,10,4,5,1,,23,46.0,1,0,4,79,5,7,4,11,927,4,5,0,0,1,0,100.0,0,1,0,0,129,2,0,6.76,0,1,0,0,0,0,0,0,154.5,0.0,1,24,5,14,10,2,18.18,0,5,4,80.0,7,16,11,6,55,39.86,11,135,43,178,115.0,29,1,337,17,2,0,Michael Gregoritsch,FC Augsburg,111483,2600
12,6,30.0,135,15,62.5,213,101,314,77.53,9,30.0,21,25,2,0,0,0,72,2,5,11,0,10,25,0,0,35,6,94,0,0,2.59,3.86,19,0,10.53,0,4,6,31,28,3,4,0,,48,39.67,0,0,2,91,10,25,0,18,1636,2,1,0,0,0,0,0.0,0,0,0,0,192,9,0,6.76,0,4,0,0,0,0,0,0,409.0,0.0,0,20,18,13,14,18,52.94,0,20,14,70.0,25,19,34,20,57,37.75,24,282,123,405,169.1,38,1,652,10,3,0,Yuito Suzuki,SC Freiburg,1020422,2538
32,4,44.44,189,47,57.32,443,450,893,86.78,9,42.86,12,25,2,0,0,0,76,1,0,3,2,39,25,0,0,6,11,40,0,1,1.4,1.47,7,0,15.38,0,2,4,32,25,7,2,0,,25,47.17,1,0,0,136,31,19,0,21,1824,0,5,0,0,0,1,0.0,0,0,0,0,174,3,0,6.76,0,1,0,0,0,0,0,0,912.0,0.0,0,5,8,4,6,4,44.44,0,19,9,47.37,19,52,9,9,34,45.95,82,535,494,1029,169.1,13,0,1228,2,0,0,Hugo Larsson,Eintracht Frankfurt,1142211,2674
13,18,25.0,198,13,50.0,320,155,475,77.11,15,37.5,25,33,1,0,0,0,79,1,3,14,3,25,33,0,0,30,20,129,0,0,3.09,3.6,33,0,6.98,0,3,4,38,33,5,3,0,,86,45.26,0,0,3,141,15,33,2,23,2020,2,7,0,0,0,0,0.0,0,0,0,0,327,16,0,6.76,0,1,0,0,0,0,0,0,673.33,0.0,3,25,18,16,13,21,48.84,0,38,18,47.37,33,26,43,72,101,43.91,26,427,189,616,223.2,43,0,1099,27,5,0,Marco Grüll,SV Werder Bremen,815612,2534
5,7,31.82,62,8,57.14,105,44,149,82.32,1,50.0,1,15,1,0,0,0,16,0,2,3,0,4,13,0,0,4,4,13,0,0,0.59,0.76,5,1,12.5,0,1,2,7,6,1,0,1,,11,47.83,0,0,0,32,4,9,0,2,276,0,0,0,0,0,0,0.0,0,0,0,0,55,2,0,6.76,0,1,0,0,0,0,0,0,276.0,100.0,1,3,5,2,3,3,100.0,0,4,2,50.0,9,13,3,22,12,48.0,14,131,50,181,87.9,8,1,248,4,1,0,Florian Kainz,1. FC Köln,78781,2671
17,3,8.11,144,17,62.96,282,175,457,83.55,4,44.44,5,23,2,0,0,0,38,5,1,6,2,13,23,0,0,7,7,27,0,3,2.43,1.63,5,0,8.7,0,2,4,10,10,0,2,0,,29,56.86,1,0,1,90,2,16,0,11,1015,2,0,0,0,0,0,0.0,0,0,0,1,156,7,0,6.76,0,1,0,0,0,0,0,0,507.5,0.0,0,11,12,10,7,7,63.64,0,13,9,69.23,16,25,11,37,33,55.0,27,345,202,547,155.5,23,0,736,9,3,0,Jonas Hofmann,Bayer 04 Leverkusen,142390,2681
8,7,26.92,66,10,22.22,128,144,272,76.84,8,50.0,8,15,2,0,0,0,31,4,0,2,5,38,14,0,0,6,9,37,0,0,1.54,0.05,8,0,0.0,0,0,2,10,10,0,0,0,,27,48.21,0,0,0,82,5,10,0,10,943,0,5,0,0,0,0,0.0,0,0,0,0,133,3,0,6.76,0,0,0,0,0,0,0,0,0.0,0.0,0,0,2,0,0,9,56.25,0,16,10,62.5,10,17,16,26,35,48.61,45,179,175,354,94.6,2,0,568,2,1,0,Luca Netz,Borussia M'gladbach,979144,2527
17,1,8.33,184,62,37.8,519,852,1371,86.34,55,45.45,66,30,1,0,0,0,115,1,1,1,5,162,30,0,0,4,12,94,2,2,1.42,0.61,11,0,20.0,8,2,3,47,43,4,2,0,,57,67.06,1,0,0,217,30,6,0,29,2591,4,19,0,0,0,1,0.0,0,0,0,0,257,2,0,6.76,0,1,0,0,0,0,0,0,1295.5,0.0,0,9,1,5,4,2,50.0,0,43,25,58.14,6,68,4,12,112,54.37,164,679,909,1588,202.7,10,1,1975,13,1,0,Hauke Wahl,FC St. Pauli,253469,2526
44,2,22.22,184,60,48.39,380,361,741,76.79,31,60.78,20,30,2,0,0,0,124,3,1,7,2,30,30,0,0,17,24,89,0,1,2.31,1.18,22,0,0.0,0,0,2,31,26,5,0,0,,67,49.26,0,0,0,224,16,15,0,23,1967,0,5,0,1,0,0,0.0,0,0,0,0,279,4,0,6.76,0,0,0,0,0,0,0,0,0.0,0.0,0,7,10,8,2,17,70.83,0,40,22,55.0,14,88,24,9,98,52.41,124,558,407,965,202.7,17,0,1236,11,4,0,Aljoscha Kemlein,1. FC Union Berlin,1198074,2547
26,3,50.0,158,31,46.27,463,679,1142,86.06,37,56.92,28,31,2,0,0,0,121,1,1,4,11,46,31,0,0,18,34,123,0,1,1.54,2.12,41,0,9.52,0,2,4,38,37,1,2,0,,83,46.63,0,0,1,185,34,14,0,29,2497,0,11,0,0,0,1,0.0,0,0,0,0,238,9,0,6.75,0,2,0,0,0,0,0,0,1248.5,0.0,0,14,7,12,5,6,54.55,0,43,22,51.16,14,60,11,6,120,49.38,67,577,750,1327,209.4,21,0,1663,34,7,0,Yannick Engelhardt,Borussia M'gladbach,990209,2527
12,2,25.0,77,11,61.11,145,104,249,84.41,4,20.0,16,19,0,0,0,0,26,0,0,4,0,11,19,0,0,10,2,41,0,0,1.79,0.67,5,0,14.29,0,1,1,11,11,0,1,0,,29,53.7,0,0,1,46,5,13,0,4,526,0,1,0,0,0,0,0.0,0,0,0,0,86,3,0,6.75,0,1,0,0,0,0,0,0,526.0,0.0,1,2,5,1,2,10,55.56,0,9,6,66.67,13,25,18,8,33,44.59,18,180,115,295,128.3,7,0,420,10,1,0,Giovanni Reyna,Borussia M'gladbach,989056,2527
5,13,34.21,121,4,66.67,184,67,251,72.13,30,45.45,36,29,2,0,0,0,57,3,6,5,0,5,28,0,0,20,10,98,0,0,1.96,5.18,10,0,18.18,0,6,8,32,25,7,5,1,,31,33.33,0,0,0,97,5,22,2,21,1691,8,2,0,0,0,0,0.0,0,0,0,0,213,15,0,6.75,0,3,0,0,0,0,0,0,281.83,0.0,0,26,7,13,15,11,31.43,0,12,7,58.33,22,7,35,38,61,38.36,6,270,78,348,189.0,33,1,605,8,4,0,Oliver Burke,1. FC Union Berlin,608362,2547
34,1,16.67,129,75,33.63,345,628,973,77.34,156,65.82,81,34,0,0,0,0,106,0,4,6,7,189,34,0,0,5,14,128,0,1,1.61,4.25,28,0,10.87,13,5,5,58,49,9,5,0,,61,56.48,2,0,1,285,40,8,1,34,3060,1,24,0,0,0,0,0.0,0,0,0,0,331,3,0,6.75,0,2,0,0,0,0,0,0,612.0,0.0,0,46,0,29,11,3,75.0,0,44,31,70.45,8,80,4,6,217,62.9,223,562,696,1258,229.5,46,3,1752,15,4,0,Danilho Doekhi,1. FC Union Berlin,830803,2547
34,12,33.33,110,26,44.07,184,121,305,75.12,19,55.88,15,26,1,0,0,0,61,1,3,10,0,44,26,0,0,16,12,70,0,0,1.42,2.3,11,0,10.71,0,3,4,31,29,2,3,0,,48,46.6,0,0,0,101,15,14,1,20,1553,4,3,0,0,0,0,0.0,0,0,0,0,185,6,0,6.75,0,2,0,0,0,0,0,0,517.67,0.0,0,22,6,7,11,8,33.33,0,18,12,66.67,14,62,24,36,67,48.91,59,260,146,406,175.5,28,0,727,23,4,0,Jan Uwe Thielmann,1. FC Köln,1010726,2671
31,6,30.0,113,23,31.51,289,294,583,77.73,38,52.05,35,26,3,0,0,0,93,2,4,7,2,63,26,0,0,19,25,122,1,1,2.17,1.93,31,0,4.55,0,1,4,34,30,4,1,0,,123,58.57,0,0,2,167,35,22,0,24,2009,2,6,0,0,0,1,0.0,0,0,0,0,246,4,0,6.75,0,1,0,0,0,0,0,0,2009.0,0.0,0,16,6,9,6,10,41.67,0,68,46,67.65,22,76,24,20,161,56.89,73,409,341,750,175.5,22,0,1164,46,10,0,Nicolás Capaldo,Hamburger SV,973564,2676
36,23,35.94,222,49,44.95,436,322,758,83.76,10,41.67,14,31,2,0,0,0,71,2,0,3,0,22,30,0,0,7,16,52,0,1,3.72,1.43,14,0,7.69,0,1,3,40,34,6,1,0,,38,50.0,0,0,0,147,8,34,1,21,1812,2,6,0,1,0,0,0.0,0,0,0,0,217,2,0,6.75,0,0,0,0,0,0,0,0,1812.0,0.0,3,7,6,6,4,6,85.71,0,27,14,51.85,33,65,7,64,48,48.0,109,550,355,905,202.5,13,0,1132,5,6,0,Ísak Bergmann Jóhannesson,1. FC Köln,1112327,2671
0,0,0.0,2,1,50.0,7,16,23,95.83,0,0.0,0,2,0,0,0,0,2,0,0,0,0,3,2,0,0,0,0,0,0,0,0.0,,0,0,0.0,0,0,0,0,0,0,0,0,,1,100.0,0,0,0,1,1,0,0,0,37,0,1,0,0,0,0,0.0,0,0,0,0,1,0,0,6.75,0,0,0,0,0,0,0,0,0.0,0.0,0,0,0,0,0,0,0.0,0,0,0,0.0,0,0,0,0,1,100.0,2,8,16,24,13.5,0,0,31,1,0,0,Skelly Alvero,SV Werder Bremen,1165722,2534
4,0,0.0,150,3,75.0,211,50,261,81.56,7,46.67,8,23,1,0,0,0,25,4,10,7,1,4,23,0,1,16,4,62,0,0,1.58,7.26,15,0,21.05,0,8,9,11,10,1,8,0,,29,34.94,1,0,1,59,4,18,2,12,1037,8,0,0,0,0,0,0.0,0,0,0,1,134,9,0,6.75,1,5,0,0,0,0,0,0,129.63,0.0,0,30,8,10,21,11,36.67,0,8,4,50.0,18,11,30,7,36,36.73,4,265,55,320,155.2,38,1,509,10,2,0,Nicolas Jackson,FC Bayern München,1085381,2672
15,6,30.0,153,34,49.28,481,633,1114,90.42,44,67.69,21,31,3,0,0,0,64,1,0,1,6,76,30,0,0,8,9,53,2,3,1.1,0.31,17,0,0.0,14,0,3,38,37,1,0,0,,67,67.68,0,0,0,118,21,6,0,22,2033,0,11,0,0,0,0,0.0,0,0,0,0,206,3,0,6.75,0,0,0,0,0,0,0,0,0.0,0.0,0,3,2,4,0,8,100.0,0,35,15,42.86,6,33,8,20,111,67.68,69,567,665,1232,202.4,5,0,1630,25,3,0,Ramon Hendriks,VfB Stuttgart,916943,2677
21,3,33.33,166,19,26.76,364,301,665,75.48,61,55.96,48,24,0,0,0,0,84,2,0,3,4,40,24,0,0,17,12,105,0,0,0.73,1.0,26,0,6.25,0,1,1,34,31,3,1,0,,78,57.78,1,0,0,216,42,10,0,23,1941,0,7,0,0,0,0,0.0,0,0,0,0,266,5,0,6.75,0,0,0,0,0,0,0,0,1941.0,0.0,0,13,3,9,4,2,40.0,0,42,22,52.38,10,48,5,9,139,56.97,71,516,365,881,161.9,16,1,1183,38,4,0,James Sands,FC St. Pauli,885892,2526
20,0,0.0,252,35,63.64,528,388,916,87.4,24,57.14,18,32,1,0,0,0,113,2,0,9,4,25,31,0,1,26,9,83,1,1,1.27,1.08,15,0,0.0,0,0,1,20,18,2,0,0,,79,54.86,0,0,0,132,38,9,0,20,1800,0,8,0,0,0,0,0.0,0,0,0,0,208,11,0,6.75,1,0,0,0,0,0,0,0,0.0,0.0,0,5,14,4,6,15,48.39,0,44,23,52.27,9,37,31,4,103,55.38,55,630,418,1048,209.1,19,0,1361,20,2,0,Jobe Bellingham,Borussia Dortmund,1134083,2673
11,4,12.12,131,18,60.0,220,124,344,69.64,25,35.71,45,30,3,0,0,0,60,7,11,10,0,19,29,0,0,17,27,141,1,0,2.51,8.6,21,0,13.33,0,8,11,32,29,3,8,0,,65,40.37,1,0,0,150,7,25,2,23,1935,12,1,0,0,1,0,100.0,0,1,0,2,300,11,0,6.74,0,5,0,0,0,0,0,0,241.88,0.0,0,37,23,31,19,16,34.04,0,38,18,47.37,25,26,47,33,90,38.96,30,330,164,494,195.6,60,1,893,11,2,0,Mohamed Amoura,VfL Wolfsburg,1107591,2524
17,1,50.0,72,28,37.33,209,297,506,80.96,31,48.44,33,19,1,0,0,0,52,0,0,0,1,78,19,0,0,0,11,65,0,0,0.32,0.14,20,0,25.0,19,1,2,24,21,3,1,0,,55,63.22,0,0,0,119,23,5,0,14,1295,0,5,0,0,0,0,0.0,0,0,0,0,135,0,0,6.74,0,1,0,0,0,0,0,0,1295.0,0.0,0,3,1,2,2,3,75.0,0,46,26,56.52,5,33,4,2,86,56.95,75,288,337,625,128.1,4,1,855,6,5,0,Adam Dźwigała,FC St. Pauli,252343,2526
18,1,33.33,76,33,47.14,219,282,501,82.0,25,56.82,19,24,0,0,0,0,71,1,1,6,0,40,24,0,0,7,13,52,1,0,0.86,1.26,10,0,15.79,0,3,3,30,26,4,2,1,,31,48.44,0,0,1,110,21,7,2,17,1397,2,7,0,0,0,0,0.0,0,0,0,0,148,2,0,6.74,0,1,0,0,0,0,0,0,465.67,0.0,0,8,11,8,5,5,55.56,0,17,9,52.94,7,28,9,3,56,51.85,70,302,309,611,161.7,19,1,821,9,1,0,Julian Niehues,1. FC Heidenheim,1066042,5885
29,0,0.0,73,240,37.09,183,335,518,55.82,7,100.0,0,30,0,0,0,0,307,0,0,0,5,29,30,0,0,0,4,5,2,3,0.24,,1,0,0.0,208,0,0,54,46,8,0,0,-8.83,4,44.44,0,37,0,410,1,2,0,30,2641,0,0,0,0,0,1,0.0,6,0,0,0,414,0,16,6.74,0,0,16,52,21,77,1,13,0.0,0.0,0,0,0,0,0,0,0.0,16,1,1,100.0,2,50,0,0,11,68.75,647,546,382,928,202.1,0,2,1211,3,2,0,Frederik Rønnow,1. FC Union Berlin,137692,2547
8,5,16.13,88,5,35.71,156,93,249,75.68,10,28.57,25,28,1,0,0,0,52,0,2,6,0,18,28,0,0,12,8,67,0,0,0.82,2.63,13,0,18.18,0,4,5,22,20,2,4,0,,45,51.72,1,0,0,80,7,6,3,13,1206,4,0,0,0,0,0,0.0,0,0,0,0,164,6,0,6.74,0,0,0,0,0,0,0,0,301.5,0.0,0,12,10,8,8,7,38.89,0,18,8,44.44,6,25,18,31,55,45.08,14,215,114,329,188.6,22,0,543,20,0,0,Woo-Yeong Jeong,1. FC Union Berlin,927405,2547
5,3,25.0,104,4,40.0,180,58,238,79.07,10,32.26,21,27,3,0,0,0,36,2,5,9,0,10,27,0,0,17,3,73,0,0,1.11,5.97,12,0,14.29,0,5,8,23,23,0,5,0,,57,52.29,1,0,1,63,5,11,0,10,1039,4,2,0,0,0,0,0.0,0,0,0,2,149,3,0,6.73,0,4,0,0,0,0,0,0,207.8,0.0,0,27,8,16,10,13,38.24,0,15,8,53.33,11,16,34,12,67,47.86,10,229,72,301,181.8,35,0,542,29,4,0,Tiago Tomás,VfB Stuttgart,983540,2677
14,0,0.0,126,31,48.44,399,549,948,90.8,29,50.0,29,23,1,0,0,0,80,0,0,1,6,69,22,0,0,5,12,60,1,5,0.34,0.15,13,0,0.0,1,0,1,23,23,0,0,0,,45,59.21,0,0,0,96,19,5,0,17,1512,3,14,0,0,0,1,0.0,0,0,0,0,121,0,0,6.73,0,0,0,0,0,0,0,0,0.0,0.0,0,3,0,2,0,5,71.43,0,24,14,58.33,5,32,7,3,74,55.22,64,459,585,1044,148.1,3,0,1255,16,3,0,Finn Jeltsch,VfB Stuttgart,1418649,2677
63,9,45.0,147,90,39.47,411,840,1251,84.3,63,56.76,48,29,1,0,0,0,83,3,4,6,2,162,29,0,0,5,9,89,1,1,1.37,3.22,29,0,15.38,76,4,5,54,50,4,4,0,,54,56.84,4,0,1,233,37,14,0,27,2488,0,15,1,0,0,4,0.0,0,0,0,0,272,2,0,6.73,0,0,0,0,0,0,0,0,622.0,0.0,1,20,6,8,12,3,42.86,0,39,25,64.1,14,116,7,20,117,56.8,228,553,931,1484,195.2,26,1,1909,13,5,0,Konstantinos Koulierakis,VfL Wolfsburg,1184855,2524
13,3,33.33,172,13,46.43,296,151,447,68.56,24,26.37,67,33,7,0,0,0,76,8,8,15,0,21,33,0,0,31,18,160,0,0,3.93,8.28,26,0,13.7,0,10,17,41,37,4,8,2,,70,42.94,2,0,2,205,7,36,4,31,2354,14,0,0,1,0,0,0.0,0,0,0,1,346,26,0,6.73,0,4,0,0,0,0,0,0,235.4,0.0,0,53,20,30,28,17,42.5,0,17,7,41.18,35,31,40,9,94,37.01,28,466,186,652,222.1,73,1,1050,37,2,0,Fisnik Asllani,TSG Hoffenheim,1010117,2569
9,5,35.71,47,3,60.0,75,27,102,83.61,1,12.5,7,8,0,0,0,0,15,1,0,3,1,5,7,0,0,10,2,27,0,0,0.98,1.15,4,0,9.09,0,1,1,4,4,0,1,0,,8,28.57,0,0,0,20,1,13,0,3,317,1,0,0,1,0,0,0.0,0,0,0,0,58,1,0,6.73,0,1,0,0,0,0,0,0,317.0,0.0,0,7,4,4,4,3,42.86,0,2,2,100.0,12,13,7,14,9,25.0,5,93,29,122,47.1,11,0,209,3,1,0,Robin Hack,Borussia M'gladbach,876858,2527
6,4,26.67,62,7,53.85,95,71,166,79.81,1,10.0,9,18,1,0,0,0,36,0,3,5,0,9,18,0,0,12,3,47,0,0,1.12,1.61,6,0,6.25,0,1,2,12,11,1,0,1,,40,51.28,0,0,0,42,2,9,0,6,655,1,0,0,0,0,0,0.0,0,0,0,0,112,2,0,6.73,0,1,0,0,0,0,0,0,655.0,0.0,3,10,6,8,3,15,46.88,0,12,7,58.33,9,13,32,15,41,46.59,13,127,81,208,121.1,16,0,373,14,4,0,Livan Burcu,1. FC Union Berlin,1513469,2547
3,0,0.0,5,2,100.0,10,7,17,100.0,0,0.0,1,4,0,0,0,0,4,0,0,0,0,2,4,0,0,1,1,6,0,0,0.03,0.29,3,0,100.0,0,1,1,0,0,0,1,0,,1,16.67,0,0,0,0,1,0,0,0,55,0,1,0,0,0,0,0.0,0,0,0,0,2,1,0,6.73,0,1,0,0,0,0,0,0,55.0,0.0,0,1,0,0,1,0,0.0,0,1,0,0.0,0,3,0,0,1,14.29,2,10,7,17,26.9,1,0,31,0,0,0,Oscar Fraulo,Borussia M'gladbach,1008245,2527
32,31,26.96,127,32,36.78,229,196,425,76.3,6,50.0,6,29,2,0,0,0,88,5,2,9,3,40,29,0,1,23,9,85,0,1,3.78,2.15,33,0,3.57,0,1,3,32,28,4,1,0,,61,43.57,0,0,2,132,8,26,1,21,1910,6,5,0,1,1,0,100.0,0,1,0,0,324,5,0,6.72,1,0,0,0,0,0,0,0,1910.0,0.0,5,15,13,14,5,11,42.31,0,34,23,67.65,25,67,26,115,67,44.08,87,328,229,557,195.0,28,0,1138,16,5,0,Derrick Köhn,1. FC Union Berlin,886737,2547
24,1,16.67,115,55,43.31,344,748,1092,86.32,83,61.94,51,29,0,0,0,0,78,0,3,2,6,155,29,0,0,2,7,86,1,1,0.49,2.14,26,0,12.5,15,1,1,35,31,4,1,0,,36,50.7,1,0,1,173,17,3,0,26,2251,0,18,0,0,0,0,0.0,0,0,0,0,197,3,0,6.72,0,0,0,0,0,0,0,0,2251.0,0.0,0,8,0,3,3,2,50.0,0,25,14,56.0,3,58,4,6,119,58.05,127,459,806,1265,195.0,8,0,1591,10,5,0,Robin Hranáč,TSG Hoffenheim,957615,2569
23,7,26.92,114,21,27.63,208,229,437,66.62,38,48.72,40,32,1,0,0,0,96,4,1,8,6,67,32,0,0,15,18,132,1,0,1.35,2.04,52,0,21.74,0,5,6,53,44,9,5,0,,79,46.2,0,0,0,219,37,16,0,32,2835,2,5,0,0,0,0,0.0,0,0,0,1,293,9,0,6.72,0,5,0,0,0,0,0,0,567.0,0.0,0,14,9,5,10,3,23.08,0,59,33,55.93,16,55,13,26,117,46.99,76,374,282,656,215.1,23,1,1044,18,7,0,Rani Khedira,1. FC Union Berlin,149479,2547
48,31,22.96,266,26,32.5,446,262,708,74.21,11,20.75,42,30,3,0,0,0,108,5,3,17,2,13,28,0,0,35,10,142,0,0,4.78,5.06,39,1,9.8,0,5,8,43,38,5,4,1,,64,39.02,0,0,1,246,7,47,5,23,2068,10,1,0,1,3,0,100.0,0,3,0,0,460,17,0,6.72,0,0,0,0,0,0,0,0,413.6,33.33,3,24,27,16,18,12,38.71,0,25,14,56.0,46,111,31,135,75,34.56,80,646,308,954,188.2,51,0,1414,27,4,0,Danel Sinani,FC St. Pauli,887500,2526
11,4,15.38,118,7,53.85,182,77,259,84.64,1,20.0,4,24,0,0,0,0,49,6,1,5,0,6,24,0,0,11,11,46,0,0,2.12,1.35,8,0,10.0,0,2,2,24,20,4,0,2,,25,37.31,0,0,0,47,4,17,2,9,1029,1,2,0,0,0,0,0.0,0,0,0,0,108,5,0,6.72,0,0,0,0,0,0,0,0,514.5,0.0,0,11,9,7,8,9,42.86,0,9,7,77.78,17,16,21,26,26,36.11,13,218,88,306,161.3,20,0,474,7,0,0,Linton Maina,1. FC Köln,921033,2671
5,0,0.0,44,3,50.0,62,30,92,63.45,20,41.67,28,11,0,0,0,0,13,0,3,1,0,5,10,0,0,4,2,36,0,0,0.52,1.17,2,0,11.11,0,1,1,13,13,0,1,0,,16,66.67,0,0,2,53,0,5,1,5,480,2,1,0,0,0,0,0.0,0,0,0,0,67,6,0,6.72,0,0,0,0,0,0,0,0,480.0,0.0,0,9,0,2,6,2,66.67,0,0,0,0.0,5,8,3,0,36,50.0,6,108,37,145,67.2,9,1,208,14,1,0,Jonas Wind,VfL Wolfsburg,826069,2524
28,7,21.88,170,23,48.94,283,237,520,77.27,44,40.0,66,28,2,0,0,0,87,7,4,12,1,35,28,0,0,22,23,137,1,1,3.21,3.25,19,0,13.33,0,4,6,39,35,4,4,0,,64,47.41,2,0,1,153,25,22,1,26,2198,9,1,0,0,0,0,0.0,0,0,0,1,262,6,0,6.72,0,1,0,0,0,0,0,0,549.5,0.0,0,25,5,9,9,5,33.33,0,38,21,55.26,22,45,15,32,108,44.08,47,392,281,673,188.1,30,0,1057,21,4,0,Jae-sung Lee,1. FSV Mainz 05,537552,2556
1,2,28.57,20,3,75.0,31,13,44,78.57,4,66.67,2,6,0,0,0,0,4,0,0,0,0,8,6,0,0,4,0,12,0,0,0.16,0.06,2,0,0.0,0,0,0,4,4,0,0,0,,12,54.55,0,0,0,12,2,1,0,1,172,0,2,0,0,0,0,0.0,0,0,0,0,28,1,0,6.72,0,0,0,0,0,0,0,0,0.0,0.0,0,1,1,1,1,2,33.33,0,4,2,50.0,1,3,6,7,16,57.14,4,41,15,56,40.3,2,0,107,6,1,0,Kevin Paredes,VfL Wolfsburg,1016810,2524
8,3,20.0,79,4,36.36,144,93,237,82.58,2,18.18,9,20,0,0,0,0,31,1,3,9,1,3,19,0,0,9,6,50,0,0,1.31,2.08,11,0,8.33,0,2,2,9,9,0,1,1,,31,43.06,0,0,3,50,2,9,2,8,779,3,0,0,0,0,0,0.0,0,0,0,1,107,4,0,6.72,0,0,0,0,0,0,0,0,389.5,0.0,0,12,12,6,9,15,48.39,0,5,2,40.0,9,16,31,15,33,39.76,11,176,111,287,127.6,24,1,434,11,1,0,Johan Bakayoko,RB Leipzig,1088896,36360
7,3,15.0,145,5,19.23,206,59,265,66.75,19,44.19,24,27,3,0,0,0,45,6,5,9,1,28,27,0,0,18,18,106,0,0,2.71,2.48,18,0,7.41,0,2,5,33,31,2,2,0,,66,44.59,0,0,1,132,13,18,2,12,1381,4,2,0,0,0,0,0.0,0,0,0,0,259,4,0,6.71,0,0,0,0,0,0,0,0,690.5,0.0,0,22,5,9,9,17,34.69,0,26,18,69.23,18,21,49,20,85,44.5,26,309,88,397,181.3,27,0,740,23,3,0,Adam Daghim,VfL Wolfsburg,1180758,2524
0,0,0.0,81,0,0.0,118,50,168,82.76,32,44.44,40,29,4,0,0,0,26,3,11,7,1,17,28,0,0,18,2,91,0,0,1.11,6.8,30,0,10.87,0,5,9,18,17,1,4,1,,36,41.38,0,0,1,35,2,17,1,12,1269,3,1,0,0,0,0,0.0,0,0,0,1,95,10,0,6.71,0,4,0,0,0,0,0,0,253.8,0.0,0,38,8,20,19,7,58.33,0,13,7,53.85,17,1,12,0,68,42.77,2,145,58,203,188.0,46,0,396,17,3,0,Christian Kofane,Bayer 04 Leverkusen,2029648,2681
7,3,18.75,91,5,20.83,140,120,260,67.89,64,48.48,68,27,1,0,0,0,44,3,7,3,0,31,27,0,0,19,9,143,0,0,1.46,5.84,37,0,12.5,0,4,5,38,33,5,4,0,,61,44.85,1,0,1,123,10,16,0,20,1653,11,1,0,0,1,0,100.0,0,1,0,1,231,8,0,6.71,0,3,0,0,0,0,0,0,413.25,0.0,0,23,9,21,8,16,55.17,0,20,13,65.0,16,23,29,16,125,46.64,24,244,139,383,181.2,32,2,689,27,2,0,Marvin Pieringer,1. FC Heidenheim,909485,5885
2,3,16.67,41,5,50.0,87,45,132,82.5,2,16.67,10,13,0,0,0,0,25,0,0,4,0,6,10,0,0,3,3,26,0,0,0.5,0.79,4,0,0.0,0,0,0,11,10,1,0,0,,27,62.79,0,0,2,28,4,3,0,5,474,1,1,0,0,0,0,0.0,0,0,0,0,73,4,0,6.71,0,0,0,0,0,0,0,0,0.0,0.0,0,10,3,7,2,4,40.0,0,10,6,60.0,3,4,10,18,29,52.73,10,109,51,160,67.1,13,0,298,13,0,0,Arnaud Nordin,1. FSV Mainz 05,848458,2556
26,2,16.67,172,23,43.4,287,207,494,71.91,47,50.0,47,24,1,0,0,0,73,3,1,6,3,51,24,0,0,12,10,95,0,1,1.34,1.44,20,0,0.0,0,0,1,24,22,2,0,0,,56,53.85,0,0,0,193,27,11,0,18,1632,1,8,0,0,0,0,0.0,0,0,0,0,253,4,0,6.71,1,0,0,0,0,0,0,0,0.0,0.0,0,14,5,9,4,10,55.56,0,34,16,47.06,11,57,18,12,103,52.02,53,443,244,687,161.0,19,0,956,12,0,1,Jackson Irvine,FC St. Pauli,181581,2526
0,0,0.0,120,1,33.33,189,59,248,84.93,2,100.0,0,15,4,0,0,0,28,3,4,12,0,1,15,0,0,22,9,55,1,0,1.92,4.81,5,0,10.0,0,3,7,10,10,0,3,0,,50,47.62,1,0,2,44,2,17,0,7,685,0,0,0,0,1,0,100.0,0,1,0,0,132,9,0,6.71,0,2,0,0,0,0,0,0,228.33,0.0,0,22,8,9,9,21,52.5,0,11,4,36.36,17,3,40,4,52,48.6,3,230,62,292,100.6,30,0,496,18,1,0,Jamal Musiala,FC Bayern München,1010231,2672
5,0,0.0,91,3,60.0,186,142,328,67.63,105,50.0,105,32,2,0,0,2,43,1,10,16,3,60,32,0,0,29,9,195,0,0,0.86,13.0,48,0,19.4,0,13,15,34,34,0,13,0,,33,26.83,5,0,2,157,0,16,4,28,2394,28,5,0,0,2,0,0.0,0,0,0,0,276,7,0,6.71,0,4,0,0,0,0,0,0,184.15,0.0,0,59,8,24,27,6,37.5,0,10,6,60.0,16,11,16,2,138,41.44,5,296,189,485,214.6,67,2,840,20,5,0,Haris Tabaković,Borussia M'gladbach,259803,2527
35,4,14.81,288,34,31.48,541,361,902,76.7,14,40.0,21,32,3,0,0,0,168,5,1,10,5,18,32,0,0,34,36,164,0,3,3.92,1.15,37,0,3.23,0,1,4,53,47,6,1,0,,134,48.38,0,0,1,274,33,30,0,31,2671,4,4,0,0,0,0,0.0,0,0,0,0,457,19,0,6.71,0,1,0,0,0,0,0,0,2671.0,0.0,0,7,24,14,7,47,55.29,0,68,31,45.59,30,91,85,27,148,47.44,108,772,404,1176,214.6,31,0,1691,19,6,0,Joel Chima Fujita,FC St. Pauli,1002461,2526
14,2,50.0,44,29,38.67,131,311,442,85.33,32,62.75,19,17,0,0,0,0,32,0,2,2,1,142,17,0,0,0,11,38,0,0,0.21,0.92,9,0,8.33,0,1,1,28,23,5,1,0,,14,42.42,1,0,0,76,14,3,0,13,1210,0,9,0,0,0,2,0.0,0,0,0,0,83,0,0,6.71,0,0,0,0,0,0,0,0,1210.0,0.0,1,3,9,5,5,2,100.0,0,8,5,62.5,3,28,2,4,46,54.76,75,190,328,518,114.0,12,0,739,5,2,0,Denis Vavro,VfL Wolfsburg,293127,2524
2,2,11.11,110,2,18.18,175,61,236,54.76,170,45.45,204,32,9,0,0,1,50,7,15,14,2,33,32,0,0,36,9,295,0,0,2.17,11.26,38,0,6.94,0,5,14,46,39,7,4,1,,43,32.09,3,0,3,195,1,30,0,24,2256,16,6,0,0,1,0,0.0,0,0,0,2,330,10,0,6.7,0,2,0,0,0,0,0,0,451.2,0.0,0,67,5,32,26,7,33.33,0,4,3,75.0,30,7,21,18,213,41.93,11,349,82,431,214.5,72,1,807,32,5,0,Andrej Ilić,1. FC Union Berlin,953767,2547
0,0,0.0,56,3,37.5,98,46,144,82.76,5,38.46,8,15,1,0,0,0,20,0,0,4,0,2,15,0,0,12,4,40,0,0,0.59,0.91,4,0,20.0,0,2,3,8,8,0,2,0,,24,42.86,0,0,1,30,1,4,0,6,562,0,1,0,0,0,0,0.0,0,0,0,0,79,3,0,6.7,0,2,0,0,0,0,0,0,281.0,0.0,0,8,2,1,5,3,20.0,0,8,6,75.0,4,3,15,8,29,42.03,8,119,55,174,100.5,10,0,309,13,1,0,Wael Mohya,Borussia M'gladbach,1995809,2527
7,1,6.25,40,3,50.0,67,45,112,81.75,3,50.0,3,13,1,0,0,0,29,0,0,6,0,4,13,0,0,8,6,27,0,1,0.48,0.82,2,0,6.67,0,1,2,8,8,0,1,0,,19,44.19,0,0,0,25,1,8,0,5,552,1,0,0,0,0,0,0.0,0,0,0,1,70,5,0,6.7,0,1,0,0,0,0,0,0,552.0,0.0,0,9,6,5,4,3,27.27,0,4,2,50.0,8,9,11,16,22,44.9,6,87,50,137,87.1,15,1,250,12,0,0,Hugo Bolin,Borussia M'gladbach,1142210,2527
27,2,22.22,96,22,45.83,220,173,393,79.88,2,22.22,7,17,1,0,0,0,45,1,1,10,0,12,17,0,0,14,11,45,0,1,1.53,1.06,9,0,0.0,0,0,1,10,10,0,0,0,,27,41.54,0,0,1,99,9,9,0,11,939,0,4,0,0,0,0,0.0,0,0,0,0,145,5,0,6.7,0,0,0,0,0,0,0,0,0.0,0.0,0,10,12,6,6,6,50.0,0,12,7,58.33,9,44,12,9,29,39.19,48,290,202,492,113.9,22,0,639,9,0,0,Florian Neuhaus,Borussia M'gladbach,837205,2527
1,0,0.0,2,0,0.0,5,3,8,100.0,0,0.0,1,1,0,0,0,0,1,0,0,0,0,1,1,0,0,0,0,2,0,0,0.0,,1,0,0.0,0,0,0,0,0,0,0,0,,1,50.0,0,0,0,0,1,1,0,0,34,0,0,0,0,0,0,0.0,0,0,0,0,1,0,0,6.7,0,0,0,0,0,0,0,0,0.0,0.0,0,0,0,0,0,0,0.0,0,1,1,100.0,1,1,0,0,1,33.33,0,5,3,8,6.7,0,0,15,0,0,0,Bence Dárdai,VfL Wolfsburg,1418624,2524
0,0,0.0,0,0,0.0,1,3,4,80.0,0,0.0,0,1,0,0,0,0,1,0,0,0,0,0,1,0,0,0,0,0,0,0,0.0,,0,0,0.0,0,0,0,0,0,0,0,0,,1,100.0,0,0,0,1,1,0,0,0,15,0,0,0,0,0,0,0.0,0,0,0,0,3,0,0,6.7,0,0,0,0,0,0,0,0,0.0,0.0,0,0,0,0,0,0,0.0,0,1,1,100.0,0,0,0,1,1,100.0,0,2,3,5,6.7,0,0,11,0,0,0,Arne Maier,FC Augsburg,836706,2600
0,0,0.0,3,0,0.0,4,5,9,90.0,0,0.0,0,1,0,0,0,0,2,0,0,0,0,0,1,0,0,1,0,1,0,0,0.0,,0,0,0.0,0,0,0,0,0,0,0,0,,2,66.67,0,0,0,1,0,0,0,0,9,0,0,0,0,0,0,0.0,0,0,0,0,4,0,0,6.7,0,0,0,0,0,0,0,0,0.0,0.0,0,0,0,0,0,0,0.0,0,2,2,100.0,0,0,0,1,2,66.67,0,5,5,10,6.7,0,0,15,0,0,0,Ben Bobzien,1. FSV Mainz 05,1134525,2556
0,0,0.0,0,0,0.0,1,1,2,100.0,0,0.0,0,1,0,0,0,0,1,0,0,0,0,2,1,0,0,0,0,0,0,0,0.0,,0,0,0.0,0,0,0,1,0,1,0,0,,0,0.0,0,0,0,0,0,0,0,0,9,0,0,0,0,0,0,0.0,0,0,0,0,0,0,0,6.7,0,0,0,0,0,0,0,0,0.0,0.0,0,0,0,0,0,0,0.0,0,0,0,0.0,0,0,0,0,0,0.0,0,1,1,2,6.7,0,0,4,0,0,0,Luka Duric,TSG Hoffenheim,2216257,2569
2,0,0.0,2,0,0.0,6,1,7,53.85,1,100.0,0,1,0,0,0,0,3,0,0,0,0,1,1,0,0,0,1,1,0,0,0.03,,0,0,0.0,0,0,0,0,0,0,0,0,,0,0.0,0,0,0,6,0,1,0,0,26,0,0,0,0,0,0,0.0,0,0,0,0,8,0,0,6.7,0,0,0,0,0,0,0,0,0.0,0.0,0,0,0,0,0,0,0.0,0,0,0,0.0,1,4,0,1,1,50.0,1,8,5,13,6.7,0,0,19,0,0,0,Fin Stevens,FC St. Pauli,1064630,2526
0,0,0.0,20,0,0.0,73,43,116,93.55,3,75.0,1,4,0,0,0,0,6,0,0,0,0,1,4,0,0,4,4,12,0,1,0.08,,1,0,0.0,0,0,0,6,5,1,0,0,,17,60.71,0,0,0,8,2,0,0,2,148,0,0,0,0,0,0,0.0,0,0,0,0,22,1,0,6.7,0,0,0,0,0,0,0,0,0.0,0.0,0,0,0,0,0,8,80.0,0,6,5,83.33,0,0,10,1,20,62.5,0,79,45,124,26.8,0,0,166,3,0,0,Bara Sapoko Ndiaye,FC Bayern München,2427970,2672
14,2,40.0,52,10,40.0,120,119,239,77.1,8,47.06,9,13,0,0,0,0,35,0,3,1,0,8,11,0,0,7,4,26,0,0,0.65,0.76,6,0,0.0,0,0,0,17,15,2,0,0,,26,60.47,0,0,0,71,7,5,0,8,705,1,1,0,0,0,0,0.0,0,0,0,0,99,2,0,6.7,0,0,0,0,0,0,0,0,0.0,0.0,0,3,3,3,2,5,83.33,0,15,5,33.33,5,31,6,5,34,56.67,25,170,140,310,73.7,6,0,414,7,0,0,Mathias Rasmussen,FC St. Pauli,834244,2526
2,0,0.0,10,3,50.0,33,44,77,85.56,5,83.33,1,1,0,0,0,0,1,0,0,0,0,0,1,0,0,0,0,3,0,0,0.02,0.38,2,0,0.0,0,0,0,2,1,1,0,0,,0,0.0,0,0,0,13,2,0,0,1,90,0,0,0,0,0,0,0.0,0,0,0,0,13,0,0,6.7,0,0,0,0,0,0,0,0,0.0,0.0,0,2,0,1,1,0,0.0,0,0,0,0.0,0,5,0,0,5,62.5,6,42,48,90,6.7,2,0,102,0,0,0,Piero Hincapié,Bayer 04 Leverkusen,1002837,2681
0,0,0.0,3,1,100.0,7,6,13,86.67,0,0.0,0,2,0,0,0,0,2,0,0,3,0,0,2,0,0,0,0,2,0,0,0.29,0.12,0,0,0.0,0,0,0,3,3,0,0,0,,4,66.67,0,0,0,2,0,1,0,1,55,0,0,0,0,0,0,0.0,0,0,0,0,8,0,0,6.7,0,0,0,0,0,0,0,0,0.0,0.0,1,2,1,0,0,1,33.33,0,0,0,0.0,1,0,3,1,4,66.67,1,7,8,15,13.4,3,0,30,3,0,0,Loïs Openda,RB Leipzig,835480,36360
0,0,0.0,1,0,0.0,1,4,5,71.43,1,50.0,1,2,0,0,0,0,2,0,0,1,0,2,1,0,0,0,1,3,0,0,0.01,0.03,0,0,0.0,0,0,0,1,1,0,0,0,,3,60.0,0,0,0,2,0,0,0,0,46,0,0,0,0,0,0,0.0,0,0,0,0,6,0,0,6.7,0,0,0,0,0,0,0,0,0.0,0.0,0,1,0,0,0,1,50.0,0,0,0,0.0,0,0,2,2,4,57.14,1,2,5,7,6.7,1,0,19,2,0,0,Václav Černý,VfL Wolfsburg,280631,2524
3,9,30.0,42,3,37.5,71,26,97,76.98,0,0.0,7,17,3,0,0,0,21,1,1,1,0,10,17,0,0,12,13,55,0,0,0.38,0.52,8,0,16.67,0,2,5,11,9,2,2,0,,36,42.86,0,0,0,29,3,6,2,6,595,6,1,0,0,0,0,0.0,0,0,0,0,104,3,0,6.69,0,0,0,0,0,0,0,0,297.5,0.0,0,8,4,4,7,20,55.56,0,6,4,66.67,6,11,36,30,36,39.56,8,94,32,126,113.8,12,0,317,10,1,0,Ayoube Amaimouni Echghouyab,Eintracht Frankfurt,1898148,2674
4,20,27.78,67,5,45.45,115,56,171,75.66,6,23.08,20,31,1,0,0,0,53,1,2,13,0,18,31,0,0,36,13,137,0,0,2.48,2.58,19,0,13.89,0,5,6,24,20,4,5,0,,86,42.36,0,0,1,55,7,22,1,12,1308,4,4,0,0,0,0,0.0,0,0,0,0,253,4,0,6.69,0,4,0,0,0,0,0,0,261.6,0.0,5,24,12,10,13,30,37.5,0,20,10,50.0,22,10,80,72,92,40.17,11,157,69,226,207.5,36,0,663,36,2,0,Derry Scherhant,SC Freiburg,1131002,2538
11,1,16.67,96,21,30.43,239,351,590,85.76,41,73.21,15,15,1,0,0,0,67,3,1,1,0,81,15,0,0,3,10,43,0,3,0.45,0.39,12,0,0.0,14,0,1,29,25,4,0,0,,49,63.64,0,0,0,98,15,6,0,14,1261,0,8,0,0,0,1,0.0,0,0,0,0,123,2,0,6.69,0,0,0,0,0,0,0,0,0.0,0.0,0,7,1,5,2,5,55.56,0,33,22,66.67,6,26,9,6,90,67.67,69,313,375,688,100.4,8,0,924,12,3,0,Tomoya Ando,FC St. Pauli,1125024,2526
21,10,30.3,150,36,31.03,301,469,770,81.65,35,56.45,27,27,0,0,0,0,64,1,4,4,3,118,27,0,0,5,14,71,0,0,1.21,0.8,18,0,0.0,22,0,0,36,30,6,0,0,,52,54.17,0,0,0,173,18,8,0,20,1840,0,18,1,0,0,1,0.0,0,0,0,0,229,2,0,6.69,0,0,0,0,0,0,0,0,0.0,0.0,0,7,5,5,3,3,27.27,0,34,23,67.65,8,69,11,33,87,55.06,116,425,518,943,180.7,12,0,1297,16,7,0,Cedric Zesiger,FC Augsburg,798926,2600
20,4,19.05,130,18,43.9,219,156,375,75.3,13,54.17,11,26,1,0,0,0,84,0,7,8,5,30,26,0,2,19,15,115,0,0,1.69,3.73,31,0,10.0,0,3,4,31,31,0,2,1,,109,51.17,1,0,0,123,18,19,1,20,1599,3,1,0,1,0,0,0.0,0,0,0,0,260,5,0,6.69,2,1,0,0,0,0,0,0,533.0,0.0,0,25,5,10,12,25,37.88,0,58,28,48.28,18,54,66,21,122,51.48,41,307,191,498,174.0,30,1,928,26,2,0,Jens Castrop,Borussia M'gladbach,1019312,2527
2,0,0.0,153,2,40.0,240,86,326,85.12,6,28.57,15,28,0,0,0,0,49,0,1,6,0,5,26,0,0,18,6,73,0,2,2.14,1.93,11,0,11.11,0,2,2,7,7,0,2,0,,58,50.0,0,0,1,57,6,11,0,8,939,0,1,0,0,0,0,0.0,0,0,0,0,139,3,0,6.69,0,2,0,0,0,0,0,0,469.5,0.0,0,14,4,10,2,22,46.81,0,21,14,66.67,11,2,47,1,64,46.72,5,285,98,383,173.9,18,0,611,15,2,0,Carney Chukwuemeka,Borussia Dortmund,994556,2673
25,2,50.0,126,33,42.86,334,467,801,88.02,24,48.98,25,25,0,0,0,0,75,0,2,2,2,32,25,0,0,8,11,60,0,1,0.73,0.64,11,0,0.0,2,0,0,36,32,4,0,0,,40,53.33,0,0,1,109,26,7,0,16,1450,0,6,0,0,0,0,0.0,0,0,0,0,140,3,0,6.69,1,0,0,0,0,0,0,0,0.0,0.0,0,7,1,6,0,7,58.33,0,20,8,40.0,7,47,12,4,64,51.61,77,415,495,910,167.2,8,1,1105,13,1,1,Ellyes Skhiri,Eintracht Frankfurt,591706,2674
1,0,0.0,19,0,0.0,28,15,43,74.14,4,22.22,14,8,0,0,0,0,14,0,3,0,0,0,8,0,0,8,2,35,0,0,0.22,1.68,4,0,12.5,0,1,1,8,7,1,1,0,,16,43.24,0,0,0,15,0,3,0,4,342,2,1,0,0,0,0,0.0,0,0,0,0,50,4,0,6.69,0,1,0,0,0,0,0,0,342.0,0.0,0,4,4,1,7,8,53.33,0,3,0,0.0,3,2,15,11,20,36.36,1,41,17,58,53.5,8,1,135,5,1,0,Silas,1. FSV Mainz 05,949062,2556
20,1,25.0,158,50,55.56,419,524,943,87.64,19,57.58,14,23,2,0,0,0,53,1,1,0,4,57,23,0,0,5,10,64,1,1,0.46,0.45,22,0,25.0,1,1,3,32,25,7,1,0,,78,60.94,0,0,1,133,25,3,0,16,1508,0,1,0,0,0,0,0.0,0,0,0,0,198,4,0,6.69,0,1,0,0,0,0,0,0,1508.0,0.0,0,3,1,3,1,11,45.83,0,49,34,69.39,3,40,24,4,97,60.25,90,508,568,1076,153.8,4,0,1430,19,4,0,Nnamdi Collins,Eintracht Frankfurt,1048569,2674
16,4,19.05,116,18,48.65,201,210,411,82.36,10,50.0,10,16,2,0,0,0,71,3,1,5,1,38,15,0,0,14,9,67,0,1,1.72,0.81,8,0,7.14,0,1,3,24,20,4,0,1,,49,46.23,0,0,1,88,20,14,0,14,1231,0,0,0,0,0,2,0.0,0,0,0,0,179,5,0,6.69,0,1,0,0,0,0,0,0,1231.0,0.0,0,6,8,6,3,8,22.86,0,35,21,60.0,14,26,35,21,59,46.83,37,253,246,499,100.3,14,0,843,6,1,0,Joakim Mæhle,VfL Wolfsburg,842364,2524
29,33,48.53,108,36,43.9,214,233,447,76.28,21,38.18,34,28,1,0,0,0,72,3,1,8,0,43,28,0,0,10,21,98,0,0,2.48,0.58,24,0,0.0,0,0,1,39,34,5,0,0,,60,48.39,0,0,0,139,8,21,0,20,1658,1,3,0,0,0,0,0.0,0,0,0,0,239,7,0,6.69,0,0,0,0,0,0,0,0,0.0,0.0,0,6,5,2,1,6,37.5,0,35,18,51.43,21,52,16,68,81,45.25,82,320,266,586,187.2,11,0,998,21,8,0,Janik Haberer,1. FC Union Berlin,168985,2547
14,4,22.22,113,9,29.03,205,185,390,76.32,28,48.28,30,28,1,0,0,0,68,1,2,7,2,20,28,0,1,11,23,102,0,1,0.87,1.97,32,0,7.41,0,2,3,22,17,5,0,2,,72,50.0,0,0,1,121,23,7,1,16,1442,0,9,0,1,0,0,0.0,0,0,0,0,202,6,0,6.68,1,1,0,0,0,0,0,0,721.0,0.0,0,14,13,10,10,9,47.37,0,41,21,51.22,6,26,19,18,100,49.5,31,295,216,511,187.1,27,1,818,23,2,0,András Schäfer,1. FC Union Berlin,877302,2547
3,1,33.33,19,7,63.64,34,17,51,68.92,4,50.0,4,10,0,0,0,0,7,0,0,1,0,9,10,0,0,2,3,18,0,0,0.28,0.08,6,0,0.0,0,0,0,6,6,0,0,0,,13,48.15,0,0,0,23,1,0,0,3,325,0,3,0,0,0,0,0.0,0,0,0,0,36,0,0,6.68,0,0,0,0,0,0,0,0,0.0,0.0,0,0,1,0,0,0,0.0,0,11,5,45.45,0,5,3,3,17,48.57,11,50,24,74,66.8,1,0,140,2,1,0,Sota Kawasaki,1. FSV Mainz 05,1028306,2556
9,1,10.0,59,8,88.89,115,93,208,72.73,32,47.76,35,32,1,0,0,0,31,0,3,6,0,14,28,0,0,9,8,71,0,0,1.63,2.94,14,0,11.54,0,3,4,32,31,1,3,0,,22,37.93,0,0,0,78,3,14,0,9,1084,9,1,0,0,0,0,0.0,0,0,0,0,160,5,0,6.68,0,3,0,0,0,0,0,0,361.33,0.0,0,21,5,9,11,3,30.0,0,8,4,50.0,14,17,10,10,54,43.2,9,171,115,286,187.0,26,0,470,11,2,0,Shuto Machino,Borussia M'gladbach,925910,2527
12,9,25.71,139,4,21.05,208,128,336,76.71,17,44.74,21,33,0,0,0,0,49,1,6,15,0,13,32,0,0,13,10,84,0,0,1.09,6.71,8,0,8.06,0,5,5,45,40,5,5,0,,69,52.27,0,0,1,102,6,16,1,22,1955,20,1,0,0,0,0,0.0,0,0,0,0,241,11,0,6.68,0,4,0,0,0,0,0,0,391.0,0.0,0,47,15,24,23,21,38.18,0,23,14,60.87,16,23,55,35,86,50.59,19,280,158,438,213.7,62,0,799,25,2,0,Justin Njinmah,SV Werder Bremen,1005343,2534
5,0,0.0,33,2,66.67,69,28,97,72.93,16,42.11,22,19,2,0,0,0,21,1,3,1,0,8,18,0,0,11,0,50,0,0,0.4,2.68,9,0,18.75,0,3,5,13,11,2,3,0,,19,40.43,0,0,2,36,0,6,0,7,640,2,0,0,0,1,0,100.0,0,1,0,1,78,7,0,6.68,0,3,0,0,0,0,0,0,213.33,0.0,0,15,1,8,7,5,35.71,0,1,1,100.0,6,8,14,2,35,41.18,3,100,33,133,120.2,16,1,239,13,0,0,Robert Glatzel,Hamburger SV,168987,2676
29,0,0.0,41,34,34.34,107,186,293,70.26,61,59.22,42,18,1,0,0,0,34,3,0,1,1,103,18,0,0,2,4,61,0,1,0.63,1.73,15,0,16.67,6,2,3,21,20,1,2,0,,19,50.0,0,0,0,124,18,5,1,13,1049,1,10,0,0,0,0,0.0,0,0,0,1,136,1,0,6.68,0,1,0,0,0,0,0,0,524.5,0.0,0,11,1,6,5,1,50.0,0,12,6,50.0,5,67,2,1,80,56.74,99,197,220,417,120.2,12,1,619,7,4,0,Stefan Bell,1. FSV Mainz 05,106662,2556
5,0,0.0,13,14,36.84,90,236,326,86.02,23,56.1,18,9,0,0,0,0,28,0,1,0,1,72,9,0,0,2,1,26,0,1,0.06,0.2,5,0,0.0,1,0,0,17,16,1,0,0,,21,72.41,0,0,0,53,5,0,0,8,696,0,5,1,0,0,1,0.0,0,0,0,0,61,0,0,6.68,0,0,0,0,0,0,0,0,0.0,0.0,0,2,0,2,0,2,66.67,0,13,9,69.23,0,17,3,0,44,62.86,38,132,247,379,60.1,2,0,514,6,0,0,Jenson Seelt,VfL Wolfsburg,1088897,2524
5,0,0.0,70,13,54.17,193,196,389,90.47,4,57.14,3,15,0,0,0,0,32,0,0,4,0,10,15,0,0,5,5,21,0,0,0.33,0.42,8,0,0.0,0,0,0,15,14,1,0,0,,26,59.09,0,0,0,41,4,4,0,9,737,0,1,0,0,0,0,0.0,0,0,0,0,52,3,0,6.67,0,0,0,0,0,0,0,0,0.0,0.0,0,2,4,2,0,1,50.0,0,17,9,52.94,4,14,2,1,30,58.82,24,223,207,430,100.1,6,0,504,8,1,0,Denis Huseinbašić,1. FC Köln,1064842,2671
3,1,50.0,32,5,100.0,51,24,75,68.81,15,60.0,10,11,2,0,0,0,14,2,0,4,0,8,11,0,0,4,0,24,0,0,0.61,1.08,1,0,0.0,0,0,2,8,8,0,0,0,,13,48.15,0,0,0,34,0,7,0,2,325,3,0,0,0,0,0,0.0,0,0,0,0,68,3,0,6.67,0,0,0,0,0,0,0,0,0.0,0.0,1,12,4,6,6,5,35.71,0,2,1,50.0,7,4,14,2,28,53.85,5,76,33,109,73.4,16,0,190,6,1,0,Victor Okoh Boniface,SV Werder Bremen,978521,2534
31,1,16.67,147,50,41.67,487,721,1208,87.73,76,69.09,34,24,0,0,0,0,76,1,2,0,4,119,22,0,0,1,6,63,1,3,0.88,0.77,22,0,0.0,20,0,0,35,31,4,0,0,,30,50.85,0,0,0,169,26,6,0,18,1685,0,7,1,0,0,0,0.0,0,0,0,0,188,2,0,6.67,0,0,0,0,0,0,0,0,0.0,0.0,0,9,1,8,2,2,50.0,0,15,11,73.33,6,75,4,6,106,62.72,120,599,778,1377,146.8,10,0,1674,13,5,0,Aurèle Amenda,Eintracht Frankfurt,999276,2674
14,1,11.11,143,7,58.33,247,139,386,68.93,68,47.89,74,33,1,0,0,0,77,2,7,7,3,41,33,0,0,27,12,156,0,0,1.93,4.5,30,0,8.82,0,3,4,43,38,5,3,0,,64,43.84,1,0,0,174,11,24,1,25,2065,12,2,0,0,0,0,0.0,0,0,0,2,286,13,0,6.67,0,1,0,0,0,0,0,0,688.33,0.0,0,30,4,12,15,10,40.0,0,25,11,44.0,24,26,25,9,132,45.83,12,391,169,560,220.1,34,1,916,30,4,0,Lucas Höler,SC Freiburg,280009,2538
24,10,23.26,82,13,32.5,130,86,216,65.85,7,41.18,10,29,1,0,0,0,47,6,2,2,0,25,28,0,0,5,7,40,1,2,1.83,1.08,10,0,7.14,0,1,2,19,15,4,1,0,,28,48.28,0,0,0,112,11,21,0,12,1040,11,0,0,0,0,1,0.0,0,0,0,0,202,4,0,6.67,0,1,0,0,0,0,0,0,1040.0,0.0,0,11,3,7,5,7,43.75,0,19,10,52.63,21,43,16,43,35,46.67,40,217,111,328,186.7,14,1,622,2,4,0,Marius Wolf,FC Augsburg,254119,2600
2,1,12.5,13,2,66.67,19,10,29,50.88,10,31.25,22,9,0,0,0,0,4,2,4,3,0,2,9,0,0,6,2,38,0,0,0.55,1.62,8,0,18.18,0,2,2,6,5,1,2,0,,14,46.67,1,0,0,28,2,7,0,3,349,6,0,0,0,0,1,0.0,0,0,0,0,61,2,0,6.67,0,1,0,0,0,0,0,0,174.5,0.0,0,8,3,2,6,4,66.67,0,3,2,66.67,7,2,6,8,24,38.71,3,43,14,57,60.0,11,0,134,7,1,0,Ricky-Jade Jones,FC St. Pauli,994529,2526
5,0,0.0,19,6,54.55,49,25,74,87.06,0,0.0,0,9,0,0,0,0,4,0,0,5,0,1,9,0,0,1,3,5,0,0,0.81,0.34,1,0,0.0,0,0,0,3,1,2,0,0,,4,44.44,0,0,0,11,2,1,0,0,138,0,0,0,0,0,0,0.0,0,0,0,0,15,0,0,6.67,0,0,0,0,0,0,0,0,0.0,0.0,0,2,4,0,1,0,0.0,0,3,2,66.67,1,8,0,1,4,44.44,11,56,29,85,60.0,6,0,107,1,0,0,Felipe Chávez,1. FC Köln,1482457,2671
7,0,0.0,10,5,35.71,26,46,72,80.0,5,45.45,6,3,0,0,0,0,5,0,0,0,0,11,3,0,0,1,1,10,0,0,0.02,0.02,2,0,0.0,2,0,0,4,4,0,0,0,,4,50.0,0,0,0,18,5,0,0,2,162,0,2,0,0,0,0,0.0,0,0,0,0,24,0,0,6.67,0,0,0,0,0,0,0,0,0.0,0.0,0,1,0,1,0,0,0.0,0,3,1,33.33,0,9,0,2,9,47.37,14,36,54,90,20.0,1,0,122,1,0,0,Maxim Leitsch,1. FSV Mainz 05,842869,2556
20,8,25.0,147,29,50.88,307,390,697,85.63,13,30.23,30,28,2,0,0,0,88,3,3,5,2,42,28,0,0,11,15,95,2,1,1.71,1.19,20,0,5.88,0,1,3,38,30,8,1,0,,95,59.38,0,0,0,117,9,20,0,24,2194,2,7,0,0,0,0,0.0,0,0,0,0,265,3,0,6.66,0,1,0,0,0,0,0,0,2194.0,0.0,0,10,7,7,5,15,41.67,0,45,28,62.22,20,36,36,32,108,53.2,57,384,430,814,186.6,17,0,1302,37,2,0,Philipp Treu,SC Freiburg,979820,2538
27,25,30.49,161,41,36.94,324,319,643,76.91,32,40.0,48,33,2,0,0,0,104,4,0,6,0,99,33,0,0,14,9,97,0,1,2.23,0.71,13,0,0.0,0,0,2,47,41,6,0,0,,96,66.21,0,0,0,193,26,21,0,26,2289,3,7,0,1,0,2,0.0,0,0,0,0,369,9,0,6.66,0,0,0,0,0,0,0,0,0.0,0.0,0,8,12,11,3,19,55.88,0,38,22,57.89,20,80,34,82,128,56.89,111,465,371,836,219.9,20,0,1541,39,2,0,Kristoffer Lund,1. FC Köln,963043,2671
7,5,38.46,59,9,33.33,121,109,230,79.31,14,77.78,4,11,0,0,0,0,41,0,0,0,1,22,11,0,0,3,6,24,2,0,0.77,0.06,8,0,0.0,0,0,0,19,16,3,0,0,,39,66.1,0,0,0,60,11,7,0,9,746,3,7,0,0,0,0,0.0,0,0,0,0,98,7,0,6.66,0,0,0,0,0,0,0,0,0.0,0.0,0,1,1,1,1,4,57.14,0,20,15,75.0,7,16,7,13,53,68.83,27,155,135,290,73.3,2,1,494,15,1,0,Felix Agu,SV Werder Bremen,933398,2534
1,0,0.0,17,0,0.0,40,39,79,74.53,17,40.48,25,13,1,0,0,0,13,1,3,3,0,3,13,0,0,6,3,45,0,0,0.37,2.01,8,0,25.0,0,3,4,11,10,1,3,0,,12,37.5,1,0,0,27,1,3,0,5,501,6,1,0,0,0,0,0.0,0,0,0,0,59,1,0,6.66,0,2,0,0,0,0,0,0,167.0,0.0,0,11,1,5,4,5,55.56,0,4,2,50.0,3,2,9,3,29,39.19,0,58,48,106,86.6,12,0,179,3,1,0,Jovan Milošević,SV Werder Bremen,1154491,2534
26,16,20.78,192,34,61.82,390,360,750,85.23,13,36.11,23,28,2,0,0,0,105,5,0,12,2,22,28,0,0,27,26,136,0,1,2.38,1.82,36,0,2.7,0,1,3,30,26,4,1,0,,97,46.19,0,0,0,130,19,27,0,22,1878,2,8,0,0,0,1,0.0,0,0,0,0,303,9,0,6.66,0,1,0,0,0,0,0,0,1878.0,0.0,4,14,23,17,8,15,36.59,0,60,37,61.67,27,46,41,77,110,44.72,55,474,406,880,186.5,37,0,1346,22,6,0,Cameron Puertas,SV Werder Bremen,916176,2534
18,7,21.21,113,13,37.14,235,150,385,83.7,15,65.22,8,20,3,0,0,0,59,2,1,5,2,28,20,0,0,13,4,72,0,0,1.82,0.92,19,0,10.0,0,1,4,18,16,2,1,0,,44,40.74,0,0,0,75,17,14,0,13,1132,3,2,0,0,0,1,0.0,0,0,0,0,178,7,0,6.66,0,1,0,0,0,0,0,0,1132.0,0.0,0,6,4,3,2,14,33.33,0,20,11,55.0,14,26,42,33,59,45.04,35,280,180,460,133.2,10,0,778,10,3,0,Arthur,Bayer 04 Leverkusen,1174761,2681
3,0,0.0,33,3,100.0,50,42,92,83.64,4,30.77,9,10,0,0,0,0,22,0,1,1,0,6,10,0,0,11,0,37,0,1,0.15,0.73,11,0,0.0,0,0,0,6,3,3,0,0,,29,50.88,0,0,0,18,3,4,0,3,343,5,0,0,0,0,0,0.0,0,0,0,0,53,1,0,6.66,0,0,0,0,0,0,0,0,0.0,0.0,0,4,3,4,2,12,60.0,0,9,6,66.67,4,3,20,3,33,47.14,3,62,48,110,66.6,7,0,215,8,3,0,Cyriaque Irié,SC Freiburg,1508537,2538
15,8,27.59,107,26,40.63,223,293,516,81.26,38,57.58,28,23,2,0,0,0,54,3,0,5,1,73,23,0,0,7,9,64,0,0,1.49,3.18,20,0,10.53,0,2,4,35,31,4,2,0,,53,59.55,0,0,1,119,39,11,0,19,1593,6,9,0,0,0,0,0.0,0,0,0,0,174,3,0,6.66,0,2,0,0,0,0,0,0,796.5,0.0,0,15,4,9,5,2,40.0,0,40,25,62.5,11,36,5,29,91,58.71,64,303,332,635,153.1,19,1,1052,11,3,0,Lukas Kübler,SC Freiburg,142525,2538
2,7,19.44,68,3,42.86,134,140,274,90.43,2,25.0,6,13,1,0,0,0,35,2,0,0,0,7,9,0,0,4,6,19,0,1,0.73,0.19,3,0,25.0,0,1,2,13,12,1,0,1,,25,65.79,0,0,0,29,7,12,1,5,502,0,1,0,0,0,0,0.0,0,0,0,0,85,1,0,6.66,0,0,0,0,0,0,0,0,502.0,0.0,0,3,1,2,2,5,100.0,0,16,9,56.25,12,7,5,36,27,58.7,7,150,153,303,59.9,4,0,478,4,2,0,Max Finkgräfe,RB Leipzig,1146250,36360
31,1,25.0,52,43,48.86,184,437,621,85.77,23,44.23,29,20,1,0,0,0,51,0,0,0,2,84,20,0,0,3,10,56,0,2,0.28,0.12,16,0,0.0,12,0,1,28,24,4,0,0,,38,58.46,0,0,0,103,27,8,0,17,1607,0,14,0,0,0,2,0.0,0,0,0,0,123,3,0,6.66,0,0,0,0,0,0,0,0,0.0,0.0,0,1,2,2,1,6,100.0,0,22,16,72.73,8,49,6,4,61,52.14,88,245,479,724,133.1,3,0,970,11,0,0,Warmed Omari,Hamburger SV,999030,2676
22,7,31.82,40,20,40.82,82,101,183,74.69,11,44.0,14,24,1,0,0,0,52,1,1,7,1,26,23,0,0,16,8,71,1,1,0.46,0.76,13,0,0.0,0,0,1,12,11,1,0,0,,61,51.69,0,0,1,62,8,10,0,9,957,3,1,0,0,0,0,0.0,0,0,0,0,155,6,0,6.65,1,0,0,0,0,0,0,0,0.0,0.0,0,7,7,5,2,18,46.15,0,25,13,52.0,10,38,39,22,72,50.35,49,128,117,245,153.0,14,0,564,19,1,1,Giorgi Gocholeishvili,Hamburger SV,1035752,2676
5,2,16.67,42,5,62.5,59,18,77,68.14,10,58.82,7,9,1,0,0,0,19,3,0,2,0,5,8,0,1,5,5,31,0,0,1.25,1.11,8,0,14.29,0,1,2,6,6,0,1,0,,13,35.14,0,0,0,36,3,9,1,7,477,1,0,0,0,0,0,0.0,0,0,0,0,76,3,0,6.65,1,0,0,0,0,0,0,0,477.0,0.0,0,5,2,2,3,7,53.85,0,2,2,100.0,9,9,13,12,23,42.59,8,84,29,113,53.2,7,0,198,4,3,0,Philip Otele,Hamburger SV,988476,2676
11,4,44.44,86,12,57.14,202,194,396,86.65,8,25.0,24,20,0,0,0,0,42,0,1,2,1,15,20,0,0,6,6,60,0,0,0.78,0.95,13,0,14.29,0,1,1,17,14,3,1,0,,33,47.83,0,0,0,61,17,6,0,13,1197,2,10,0,0,0,0,0.0,0,0,0,0,100,2,0,6.65,0,1,0,0,0,0,0,0,1197.0,0.0,0,5,2,3,2,6,35.29,0,14,9,64.29,6,23,17,9,41,40.59,21,241,216,457,133.0,7,0,635,13,4,0,Patrick Osterhage,SC Freiburg,914755,2538
1,0,0.0,9,5,71.43,19,43,62,76.54,3,75.0,1,4,0,0,0,0,12,0,0,0,0,1,4,0,0,0,1,3,0,0,0.47,,1,0,0.0,0,0,0,4,4,0,0,0,,4,66.67,0,0,0,19,1,2,0,1,151,0,0,0,0,0,0,0.0,0,0,0,0,19,1,0,6.65,0,0,0,0,0,0,0,0,0.0,0.0,0,0,0,0,0,0,0.0,0,4,3,75.0,2,3,0,0,7,70.0,7,28,53,81,26.6,0,0,93,0,0,0,Jonas Meffert,Hamburger SV,148256,2676
2,0,0.0,58,1,33.33,94,27,121,79.61,6,46.15,7,10,0,0,0,0,27,0,1,3,0,2,10,0,0,11,8,51,0,0,0.4,0.53,8,0,0.0,0,0,0,13,11,2,0,0,,42,48.84,0,0,0,31,1,12,0,7,499,4,1,0,0,0,0,0.0,0,0,0,0,105,7,0,6.65,0,0,0,0,0,0,0,0,0.0,0.0,1,2,5,1,3,15,44.12,0,15,9,60.0,12,5,34,9,48,48.48,3,118,34,152,66.5,7,0,311,12,1,0,Elias Saad,FC Augsburg,1130946,2600
28,6,12.77,225,28,27.45,380,292,672,73.36,13,27.66,34,31,1,0,0,0,150,6,1,10,4,87,31,0,0,15,11,104,0,2,2.02,1.07,17,0,0.0,0,0,1,50,44,6,0,0,,86,55.13,0,0,0,244,24,24,0,30,2580,0,11,0,0,0,0,0.0,0,0,0,0,399,16,0,6.65,0,0,0,0,0,0,0,0,0.0,0.0,0,9,10,6,3,16,36.36,0,39,24,61.54,24,70,44,47,99,48.77,102,553,363,916,206.1,19,0,1645,31,3,0,Arkadiusz Pyrka,FC St. Pauli,971481,2526
15,1,20.0,93,13,56.52,146,113,259,67.8,51,36.96,87,30,0,0,0,0,32,3,6,9,1,17,29,0,0,8,5,128,0,0,0.54,7.87,22,0,16.0,0,8,8,37,32,5,7,1,,21,33.87,2,0,2,123,3,13,4,16,1482,5,3,0,0,0,1,0.0,0,0,0,0,191,9,0,6.65,0,2,0,0,0,0,0,0,185.25,0.0,0,41,9,18,23,4,26.67,0,10,9,90.0,13,24,15,5,72,36.0,23,238,144,382,192.8,50,1,606,7,1,0,Dženan Pejčinović,VfL Wolfsburg,1127790,2524
10,0,0.0,165,10,58.82,268,150,418,74.91,53,38.69,84,30,4,0,0,1,71,6,22,9,2,28,30,0,0,35,10,165,0,1,2.95,14.36,20,0,14.29,0,9,13,27,27,0,9,0,,59,42.14,1,0,2,140,9,26,0,27,2204,8,4,1,1,1,0,0.0,0,0,0,0,293,19,0,6.65,0,8,0,0,0,0,0,0,244.89,0.0,0,61,2,27,27,11,34.38,0,30,20,66.67,25,18,32,0,112,40.43,17,357,201,558,199.4,63,0,943,20,3,0,Rômulo,RB Leipzig,1133743,36360
2,5,31.25,20,1,16.67,41,37,78,73.58,6,37.5,10,16,1,0,0,0,14,2,0,1,0,5,15,0,0,8,11,42,0,0,0.54,0.91,4,0,11.11,0,1,2,14,13,1,1,0,,26,44.83,0,0,0,28,1,5,0,3,455,0,0,0,0,0,0,0.0,0,0,0,0,74,1,0,6.65,0,1,0,0,0,0,0,0,455.0,0.0,0,5,4,4,4,10,52.63,0,14,6,42.86,5,5,19,16,32,43.24,6,61,45,106,99.7,9,0,220,2,1,0,Fabio Baldé,Hamburger SV,1546267,2676
7,0,0.0,36,22,37.93,113,243,356,81.28,52,67.53,25,13,1,0,0,0,32,1,0,1,1,83,13,0,0,1,3,44,0,2,0.09,0.35,13,0,0.0,3,0,1,13,12,1,0,0,,14,42.42,0,0,0,82,15,3,0,8,850,2,9,1,0,0,0,0.0,0,0,0,0,91,0,0,6.65,0,0,0,0,0,0,0,0,0.0,0.0,0,5,1,2,3,0,0.0,0,8,4,50.0,3,23,2,0,66,60.0,58,175,263,438,86.4,6,0,607,6,3,0,Andreas Hanche Olsen,1. FSV Mainz 05,794294,2556
3,0,0.0,68,8,50.0,108,50,158,72.15,16,26.67,44,20,0,0,0,0,32,2,6,5,0,12,20,0,1,17,13,104,0,0,1.1,5.32,15,0,21.43,0,6,6,30,26,4,6,0,,40,40.0,0,0,0,61,1,7,4,14,1146,8,2,0,0,0,0,0.0,0,0,0,0,151,11,0,6.65,1,2,0,0,0,0,0,0,191.0,0.0,0,22,6,9,14,13,41.94,0,14,10,71.43,7,6,31,6,56,35.0,16,155,64,219,132.9,28,0,430,13,2,0,Budu Zivzivadze,1. FC Heidenheim,149728,5885
5,13,21.67,149,8,66.67,251,118,369,80.39,14,23.73,45,28,4,0,0,0,47,5,5,12,1,22,27,0,0,24,12,128,0,0,2.1,3.42,26,0,4.65,0,2,6,28,24,4,2,0,,50,37.59,0,0,1,90,7,23,1,17,1466,2,0,0,0,0,0,0.0,0,0,0,0,240,10,0,6.64,0,1,0,0,0,0,0,0,733.0,0.0,1,25,18,15,16,17,42.5,0,15,12,80.0,23,12,40,60,64,33.33,12,321,138,459,179.4,43,1,796,19,1,0,Mert Kömür,FC Augsburg,1390682,2600
8,1,14.29,87,8,47.06,158,111,269,77.3,16,69.57,7,19,0,0,0,0,38,0,0,1,0,20,18,0,0,4,6,33,0,1,0.8,1.01,9,0,16.67,0,1,1,13,13,0,0,1,,29,52.73,0,0,0,79,11,10,1,6,677,0,0,0,0,0,0,0.0,0,0,0,0,121,3,0,6.64,0,0,0,0,0,0,0,0,677.0,0.0,0,2,4,3,2,10,58.82,0,16,11,68.75,10,18,17,7,45,57.69,17,204,144,348,119.6,6,0,545,3,2,0,Isaac Schmidt,SV Werder Bremen,1015164,2534
14,0,0.0,84,10,34.48,171,202,373,85.35,6,54.55,5,17,1,0,0,0,36,2,0,1,0,10,16,0,0,3,5,25,0,0,1.3,0.28,7,0,0.0,0,0,1,16,14,2,0,0,,30,60.0,0,0,1,64,8,5,0,5,625,0,0,0,0,0,0,0.0,0,0,0,0,82,5,0,6.64,0,0,0,0,0,0,0,0,0.0,0.0,0,2,5,6,0,3,37.5,0,16,12,75.0,5,38,8,2,36,59.02,29,215,222,437,106.3,7,0,531,11,5,0,Leonardo Bittencourt,SV Werder Bremen,111969,2534
9,0,0.0,77,12,70.59,155,87,242,84.91,25,54.35,21,24,1,0,0,0,36,0,2,7,0,33,23,0,0,6,2,44,0,1,0.37,1.4,14,0,0.0,0,0,1,10,10,0,0,0,,24,51.06,0,0,0,43,8,7,0,2,597,0,3,0,0,0,0,0.0,0,0,0,0,66,1,0,6.64,0,0,0,0,0,0,0,0,0.0,0.0,0,8,7,4,4,2,66.67,0,15,10,66.67,7,12,3,5,49,52.69,17,187,98,285,152.8,15,0,413,7,3,0,Ezechiel Banzuzi,RB Leipzig,1155383,36360
1,4,50.0,14,3,50.0,30,16,46,74.19,2,28.57,5,9,1,0,0,0,14,1,0,0,0,7,7,0,0,1,1,12,0,0,0.54,0.02,2,0,0.0,0,0,1,6,5,1,0,0,,9,56.25,0,0,0,16,2,4,0,2,227,0,1,0,0,0,0,0.0,0,0,0,0,32,2,0,6.64,0,0,0,0,0,0,0,0,0.0,0.0,0,0,1,1,0,1,25.0,0,6,2,33.33,4,5,4,8,11,47.83,6,43,19,62,46.5,1,0,116,2,1,0,William Bøving,1. FSV Mainz 05,1021075,2556
3,1,33.33,51,14,46.67,162,405,567,91.6,23,44.23,29,18,0,0,0,0,49,0,2,1,1,76,18,0,0,10,2,58,1,2,0.2,0.37,5,0,0.0,19,0,0,27,21,6,0,0,,36,55.38,0,0,0,52,11,1,0,14,1186,0,18,0,0,0,0,0.0,0,0,0,0,97,2,0,6.64,0,0,0,0,0,0,0,0,0.0,0.0,0,2,3,2,2,3,20.0,0,23,17,73.91,1,8,15,3,59,50.43,30,191,428,619,119.5,5,0,862,11,1,0,Bruno Ogbus,SC Freiburg,1596573,2538
3,4,21.05,102,5,38.46,153,71,224,74.92,17,24.29,53,33,1,0,0,0,78,1,4,8,0,17,33,0,0,63,14,198,0,1,1.05,3.25,22,0,15.15,0,5,6,31,25,6,3,2,,84,36.68,1,0,1,75,5,16,0,23,1909,9,3,0,0,0,0,0.0,0,0,0,1,314,15,0,6.64,0,4,0,0,0,0,0,0,381.8,0.0,0,19,14,13,12,25,34.72,0,17,10,58.82,16,6,72,19,101,33.78,13,216,83,299,219.0,33,1,793,43,1,0,Ilyas Ansah,1. FC Union Berlin,1462742,2547
1,0,0.0,36,1,100.0,62,22,84,90.32,5,83.33,1,11,0,0,0,0,8,0,0,1,0,1,6,0,0,0,0,3,0,0,0.26,0.1,1,0,0.0,0,0,0,3,2,1,0,0,,3,60.0,0,0,0,9,0,2,0,0,93,0,1,0,0,0,0,0.0,0,0,0,0,13,0,0,6.63,0,0,0,0,0,0,0,0,0.0,0.0,0,1,0,0,0,0,0.0,0,2,2,100.0,2,1,1,2,8,72.73,1,70,23,93,39.8,1,0,106,1,0,0,Salih Özcan,Borussia Dortmund,795005,2673
12,1,14.29,68,10,45.45,168,213,381,81.94,20,37.74,33,19,0,0,0,0,46,1,0,4,0,34,16,0,0,8,7,72,0,0,0.98,0.97,20,0,9.09,0,1,1,29,26,3,1,0,,29,42.65,1,0,0,84,9,8,0,12,1069,0,9,0,0,0,0,0.0,0,0,0,1,123,0,0,6.63,0,0,0,0,0,0,0,0,1069.0,0.0,0,9,2,6,1,1,12.5,0,14,4,28.57,8,22,8,7,49,40.5,22,227,238,465,106.1,11,0,648,14,1,0,Yannick Gerhardt,VfL Wolfsburg,169255,2524
12,1,12.5,53,9,42.86,97,63,160,70.8,12,44.44,15,24,1,0,0,0,30,1,3,5,0,21,24,0,0,8,12,61,0,0,0.65,2.93,18,0,14.29,0,3,4,24,24,0,3,0,,33,41.77,1,0,2,66,9,6,1,8,882,1,4,0,0,0,0,0.0,0,0,0,0,114,3,0,6.63,1,1,0,0,0,0,0,0,294.0,0.0,1,16,5,8,8,3,27.27,0,10,6,60.0,6,19,11,8,45,42.45,21,143,83,226,159.1,21,0,414,20,4,1,Mattias Svanberg,VfL Wolfsburg,796987,2524
1,2,18.18,17,2,66.67,31,16,47,77.05,0,0.0,6,7,0,0,0,0,8,0,0,2,0,6,7,0,0,5,1,21,0,0,0.35,0.16,5,0,0.0,0,0,0,5,5,0,0,0,,8,34.78,0,0,0,14,1,3,0,1,213,1,1,0,0,0,1,0.0,0,0,0,0,42,1,0,6.63,0,0,0,0,0,0,0,0,0.0,0.0,0,3,0,1,0,0,0.0,0,5,2,40.0,3,1,5,11,8,27.59,3,41,20,61,46.4,3,0,147,3,0,0,Mads Pedersen,FC Augsburg,809219,2600
17,7,24.14,155,19,57.58,258,180,438,82.02,12,36.36,21,28,3,0,0,0,72,4,5,7,0,19,26,0,0,20,15,98,0,0,2.56,3.09,30,0,7.41,0,2,5,31,27,4,2,0,,59,43.38,0,0,2,96,9,22,0,16,1373,4,1,0,0,0,0,0.0,0,0,0,0,190,14,0,6.63,0,2,0,0,0,0,0,0,686.5,0.0,2,18,9,13,7,12,48.0,0,26,16,61.54,22,31,25,29,71,42.01,33,331,203,534,172.3,27,0,789,21,5,0,Lovro Majer,VfL Wolfsburg,841947,2524
16,2,11.76,96,12,27.27,183,131,314,77.34,12,48.0,13,26,0,0,0,0,50,1,0,3,0,20,26,0,0,21,13,62,0,0,1.16,0.53,13,0,18.18,0,2,2,22,20,2,2,0,,39,44.32,1,0,1,92,5,10,1,10,1120,1,1,0,0,0,1,0.0,0,0,0,0,160,10,0,6.63,0,0,0,0,0,0,0,0,560.0,0.0,0,6,5,3,5,5,62.5,0,18,8,44.44,10,47,8,17,51,45.13,44,256,150,406,172.3,11,0,615,16,4,0,Elvis Rexhbeçaj,FC Augsburg,842188,2600
3,1,5.26,53,11,57.89,98,84,182,81.61,6,28.57,15,15,1,0,0,0,22,0,3,1,2,30,15,0,0,10,9,52,1,0,0.62,0.84,13,0,9.09,0,1,2,12,11,1,1,0,,23,38.33,0,0,0,41,9,4,0,12,918,2,4,0,0,0,0,0.0,0,0,0,0,107,3,0,6.63,0,1,0,0,0,0,0,0,918.0,0.0,0,7,4,6,4,3,33.33,0,15,10,66.67,4,7,9,19,29,35.8,19,131,92,223,99.4,11,0,435,5,1,0,Bakery Jatta,Hamburger SV,842526,2676
19,8,16.67,156,28,35.0,328,404,732,80.26,30,44.78,37,32,3,0,0,0,113,2,2,2,11,78,32,0,0,25,19,144,1,2,1.86,1.27,33,0,12.5,0,2,5,40,39,1,2,0,,123,53.48,0,0,1,180,17,18,2,29,2611,3,4,1,0,0,0,0.0,0,0,0,0,331,6,0,6.63,0,0,0,0,0,0,0,0,1305.5,0.0,0,11,5,4,10,24,44.44,0,48,27,56.25,18,47,54,48,153,51.52,80,442,470,912,212.0,16,0,1569,51,8,0,Joe Scally,Borussia M'gladbach,1002920,2527
0,3,27.27,37,1,33.33,51,12,63,79.75,0,0.0,3,9,0,0,0,0,10,4,0,1,0,6,8,0,0,4,2,23,0,0,1.15,0.22,4,0,0.0,0,0,0,9,9,0,0,0,,10,33.33,0,0,0,16,2,7,0,4,405,1,0,0,0,0,1,0.0,0,0,0,0,53,0,0,6.63,0,0,0,0,0,0,0,0,0.0,0.0,0,1,2,2,0,5,33.33,0,2,1,50.0,7,1,15,11,10,30.3,3,65,14,79,53.0,3,0,151,3,0,0,Christian Conteh,1. FC Heidenheim,933833,5885
0,2,100.0,4,0,0.0,6,1,7,70.0,0,0.0,1,4,0,0,0,0,1,1,0,1,0,0,4,0,0,0,0,1,0,0,0.51,0.02,0,0,0.0,0,0,0,0,0,0,0,0,,1,100.0,0,0,0,3,0,2,0,0,45,0,0,0,0,0,0,0.0,0,0,0,0,4,1,0,6.63,0,0,0,0,0,0,0,0,0.0,0.0,0,0,1,0,0,0,0.0,0,1,0,0.0,2,1,0,2,1,50.0,0,9,1,10,26.5,1,0,17,0,0,0,Yannik Wagner,1. FC Heidenheim,2189165,5885
11,3,14.29,129,7,43.75,194,108,302,70.56,46,39.66,70,33,0,0,0,1,53,0,11,15,0,34,33,0,0,25,5,148,0,1,1.68,7.69,25,0,7.69,0,5,5,44,39,5,4,1,,53,40.46,1,0,0,126,6,20,1,29,2360,28,0,0,1,1,0,0.0,0,0,0,0,264,10,0,6.62,0,3,0,0,0,0,0,0,472.0,0.0,0,53,12,28,22,15,37.5,0,6,5,83.33,19,18,40,21,99,40.08,16,290,138,428,218.6,65,0,805,32,2,0,Ransford Yeboah Königsdörffer,Hamburger SV,1012235,2676
2,6,37.5,30,4,33.33,56,31,87,66.92,9,34.62,17,15,1,0,0,0,17,0,2,1,0,5,15,0,0,2,3,35,0,1,0.72,2.8,7,0,20.0,0,2,3,16,15,1,2,0,,20,52.63,0,0,0,43,4,8,0,3,619,8,0,0,0,0,0,0.0,0,0,0,0,81,1,0,6.62,0,2,0,0,0,0,0,0,309.5,0.0,0,9,1,6,3,3,33.33,0,7,7,100.0,8,5,9,16,29,45.31,12,87,43,130,99.3,10,0,234,10,1,0,Sirlord Conteh,1. FC Heidenheim,800400,5885
1,0,0.0,30,1,25.0,46,19,65,58.56,38,60.32,25,15,0,0,0,0,12,1,0,2,0,11,15,0,0,5,1,44,0,0,0.34,0.76,13,0,14.29,0,1,1,6,6,0,1,0,,9,32.14,0,0,0,46,2,2,1,1,342,2,1,0,0,0,0,0.0,0,0,0,0,73,3,0,6.62,0,0,0,0,0,0,0,0,342.0,0.0,0,5,2,2,3,3,75.0,0,4,2,50.0,2,4,4,2,47,51.65,4,84,27,111,99.3,7,0,180,3,4,0,Yussuf Poulsen,Hamburger SV,135264,2676
35,0,0.0,127,35,33.65,366,578,944,86.76,62,60.19,41,25,0,0,0,0,57,0,3,0,1,117,25,0,0,8,16,81,2,0,0.34,0.97,11,0,0.0,20,0,0,40,33,7,0,0,,45,52.94,0,0,1,144,24,5,0,20,1801,1,14,0,0,0,0,0.0,0,0,0,0,178,0,0,6.62,0,0,0,0,0,0,0,0,0.0,0.0,0,11,0,7,4,6,54.55,0,33,24,72.73,5,85,11,3,107,56.91,104,462,626,1088,165.5,11,0,1391,6,2,0,Cenk Özkaçar,1. FC Köln,953097,2671
3,0,0.0,8,7,58.33,23,36,59,77.63,5,71.43,2,6,0,0,0,0,8,0,0,0,0,12,5,0,0,1,6,12,0,0,0.01,0.09,3,0,0.0,0,0,0,7,7,0,0,0,,10,50.0,0,0,0,17,2,0,0,1,204,0,4,0,0,0,0,0.0,0,0,0,0,23,0,0,6.62,0,0,0,0,0,0,0,0,0.0,0.0,0,1,0,1,0,1,100.0,0,8,4,50.0,0,6,1,1,15,55.56,12,33,43,76,33.1,1,0,124,1,0,0,Leonidas Stergiou,1. FC Heidenheim,962898,5885
4,3,30.0,41,6,75.0,70,30,100,64.1,30,44.12,38,27,1,0,0,0,22,2,11,9,0,18,26,0,0,9,3,63,0,0,0.63,5.37,13,0,16.13,0,5,6,18,17,1,5,0,,17,40.48,0,0,2,56,3,12,3,3,812,4,0,0,0,0,0,0.0,0,0,0,0,92,8,0,6.62,0,2,0,0,0,0,0,0,162.4,0.0,0,28,3,11,11,1,50.0,0,11,4,36.36,12,7,2,10,47,42.73,8,119,37,156,172.1,31,0,293,5,1,0,Stefan Schimmer,1. FC Heidenheim,842922,5885
0,1,33.33,20,0,0.0,37,12,49,67.12,15,37.5,25,20,0,0,0,0,7,1,3,2,0,2,18,0,0,8,2,51,0,0,0.29,1.26,14,0,27.27,0,3,3,9,9,0,3,0,,15,36.59,1,0,0,24,0,3,1,0,353,2,0,0,0,0,0,0.0,0,0,0,1,55,2,0,6.62,0,1,0,0,0,0,0,0,117.67,0.0,0,9,2,5,4,6,75.0,0,3,2,66.67,3,1,8,3,30,37.04,0,57,16,73,119.1,11,0,154,6,4,0,Abdoulie Ceesay,FC St. Pauli,1888501,2526
3,0,0.0,8,5,45.45,31,41,72,80.9,8,72.73,3,6,0,0,0,0,2,0,0,0,0,13,6,0,0,1,4,11,0,0,0.02,,3,0,0.0,0,0,0,6,4,2,0,0,,7,46.67,0,0,0,17,2,0,0,2,247,0,4,0,0,0,0,0.0,0,0,0,0,21,0,0,6.62,0,0,0,0,0,0,0,0,0.0,0.0,0,0,0,0,0,0,0.0,0,6,4,66.67,0,8,0,0,15,57.69,11,43,46,89,39.7,0,0,125,2,2,0,Yannik Keitel,FC Augsburg,877842,2600
17,0,0.0,9,64,29.09,32,237,269,63.0,9,90.0,1,13,0,0,0,0,108,0,0,0,1,20,12,1,0,0,0,1,3,1,0.02,,0,0,0.0,77,0,0,32,26,6,0,0,-8.56,5,100.0,0,10,0,158,0,0,0,13,1085,0,0,0,0,0,0,0.0,1,0,0,0,160,0,6,6.62,0,0,6,26,11,37,0,4,0.0,0.0,0,0,0,0,0,1,100.0,6,1,0,0.0,0,33,1,0,14,93.33,220,153,274,427,79.4,0,1,566,3,0,0,Kauã Santos,Eintracht Frankfurt,1134203,2674
14,3,21.43,131,23,31.08,228,246,474,68.01,48,48.98,50,31,3,0,0,0,97,5,2,10,1,98,31,0,0,20,31,140,1,2,1.36,2.15,20,0,12.0,0,3,6,51,42,9,3,0,,59,39.6,2,0,1,223,34,14,0,29,2260,3,11,0,0,0,1,0.0,0,0,0,0,317,6,0,6.62,0,1,0,0,0,0,0,0,753.33,0.0,0,15,10,8,7,11,34.38,0,32,16,50.0,14,40,32,14,107,43.32,74,383,314,697,205.1,25,1,1112,17,5,0,Jan Schöppner,1. FC Heidenheim,933707,5885
17,1,100.0,54,26,35.62,264,645,909,89.03,63,67.74,30,22,0,0,0,0,56,0,0,3,0,128,20,0,0,1,6,65,0,2,0.21,0.54,31,0,20.0,25,1,1,44,40,4,1,0,,39,52.7,1,0,0,112,12,2,0,20,1789,0,20,1,0,0,1,0.0,0,0,0,0,123,1,0,6.62,1,0,0,0,0,0,0,0,1789.0,0.0,0,5,0,1,1,0,0.0,0,32,22,68.75,2,42,0,1,102,61.08,73,338,683,1021,132.3,5,1,1270,7,6,1,Moritz Jenz,VfL Wolfsburg,920525,2524
2,0,0.0,15,1,33.33,21,21,42,75.0,2,25.0,6,8,0,0,0,0,4,0,1,2,0,1,7,0,0,3,0,14,0,0,0.36,0.86,4,0,14.29,0,1,1,4,4,0,1,0,,7,46.67,0,0,0,14,2,3,1,2,210,1,0,0,0,0,0,0.0,0,0,0,0,29,1,0,6.61,0,0,0,0,0,0,0,0,210.0,0.0,0,6,1,1,4,1,50.0,0,3,1,33.33,3,2,2,2,9,39.13,3,32,24,56,46.3,7,0,96,3,0,0,Salim Musah,SV Werder Bremen,1864786,2534
8,1,100.0,26,8,32.0,167,492,659,93.34,26,53.06,23,14,1,0,0,0,36,1,0,0,0,71,14,0,1,1,4,37,0,1,0.12,,10,0,0.0,1,0,1,21,19,2,0,0,,17,54.84,0,0,0,47,14,1,0,12,1138,1,12,0,0,0,0,0.0,0,0,0,0,54,1,0,6.61,1,0,0,0,0,0,0,0,0.0,0.0,0,0,0,0,0,0,0.0,0,14,8,57.14,1,17,1,1,43,53.75,25,199,507,706,92.6,0,0,861,3,0,0,Rav van den Berg,1. FC Köln,1014493,2671
18,28,22.4,239,14,41.18,385,219,604,78.44,14,24.56,43,30,2,0,0,0,96,9,5,13,3,25,30,0,2,24,20,145,0,0,3.77,5.26,29,0,15.63,0,5,7,37,34,3,5,0,,89,46.6,1,0,3,166,13,41,1,24,2081,3,2,0,0,0,0,0.0,0,0,0,0,389,13,0,6.61,2,3,0,0,0,0,0,0,416.2,0.0,0,30,2,11,8,20,40.0,0,50,30,60.0,41,37,50,125,103,41.53,34,518,252,770,198.4,32,1,1273,20,2,0,Paul Nebel,1. FSV Mainz 05,980621,2556
10,1,12.5,61,11,34.38,169,127,296,81.32,5,35.71,9,15,3,0,0,0,36,0,0,7,0,10,15,0,0,9,7,44,0,0,0.34,0.84,16,0,11.76,0,2,5,15,12,3,2,0,,18,33.96,0,0,1,68,10,7,2,8,726,0,2,0,0,0,0,0.0,0,0,0,0,95,2,0,6.61,0,0,0,0,0,0,0,0,363.0,0.0,2,6,11,8,2,5,55.56,0,11,7,63.64,7,26,9,8,23,34.33,32,214,150,364,99.2,17,0,478,2,0,0,Mahmoud Dahoud,Eintracht Frankfurt,341589,2674
7,1,25.0,23,6,50.0,41,42,83,72.17,12,48.0,13,18,0,0,0,0,9,0,2,1,0,15,18,0,0,3,10,43,0,1,0.24,1.69,12,0,25.0,0,2,2,18,15,3,2,0,,23,43.4,1,0,0,32,3,2,0,8,721,1,3,0,0,0,0,0.0,0,0,0,0,51,1,0,6.61,0,1,0,0,0,0,0,0,360.5,0.0,0,8,0,4,3,0,0.0,0,17,12,70.59,2,12,5,4,35,44.87,12,63,52,115,119.0,8,1,208,6,3,0,Luca Kerber,1. FC Heidenheim,1097453,5885
18,1,12.5,119,25,53.19,297,348,645,89.46,16,38.1,26,22,1,0,0,0,59,1,1,1,1,70,21,0,0,7,5,64,0,0,0.69,0.47,23,0,0.0,2,0,1,34,30,4,0,0,,55,59.14,0,0,0,76,16,5,0,17,1547,0,14,0,0,0,1,0.0,0,0,0,0,119,3,0,6.61,0,0,0,0,0,0,0,0,0.0,0.0,0,1,3,3,0,7,58.33,0,35,18,51.43,5,31,12,8,71,52.59,47,344,377,721,138.8,4,0,1030,13,3,0,Jeanuël Belocian,VfL Wolfsburg,1173172,2524
3,4,19.05,49,7,26.92,83,58,141,67.46,8,40.0,12,21,1,0,0,0,28,2,0,1,0,17,19,0,0,8,9,47,0,0,1.13,0.1,12,0,0.0,0,0,1,13,12,1,0,0,,35,50.0,0,0,0,68,10,4,0,6,660,1,2,0,0,0,1,0.0,0,0,0,0,131,3,0,6.61,0,0,0,0,0,0,0,0,0.0,0.0,0,2,2,2,1,6,50.0,0,19,12,63.16,4,13,12,21,43,47.78,26,129,80,209,125.5,4,0,425,10,3,0,Nikolas Veratschnig,1. FSV Mainz 05,1138150,2556
8,1,7.69,48,4,80.0,93,45,138,70.77,22,38.6,35,29,3,0,0,0,22,4,8,12,0,8,25,0,0,21,3,98,0,0,1.86,4.08,21,0,7.14,0,3,6,22,21,1,3,0,,33,34.38,2,0,1,57,6,14,1,8,919,4,1,0,0,0,0,0.0,0,0,0,0,153,4,0,6.6,0,0,0,0,0,0,0,0,306.33,0.0,0,30,12,17,13,5,20.0,0,10,6,60.0,14,11,25,13,55,35.95,5,135,60,195,165.1,42,1,416,18,3,0,Conrad Harder,RB Leipzig,1494826,36360
0,1,50.0,16,1,50.0,33,15,48,58.54,23,45.1,28,9,1,0,0,0,14,2,3,0,0,6,9,0,0,3,1,49,0,0,0.16,1.67,10,0,14.29,0,1,2,4,3,1,1,0,,25,54.35,0,0,0,34,6,4,1,7,456,6,2,0,0,0,0,0.0,0,0,0,0,72,2,0,6.6,0,0,0,0,0,0,0,0,456.0,0.0,0,7,0,4,3,5,41.67,0,11,6,54.55,4,1,12,2,48,49.48,2,62,20,82,59.4,7,0,186,9,1,0,Junior Adamu,SC Freiburg,902381,2538
6,3,42.86,45,12,50.0,89,70,159,79.5,0,0.0,3,15,0,0,0,0,20,2,1,3,0,9,14,0,0,2,6,21,0,0,0.55,1.32,6,0,20.0,0,1,1,10,10,0,1,0,,15,45.45,0,0,0,41,4,3,0,2,348,0,0,0,0,0,0,0.0,0,0,0,0,56,1,0,6.6,0,1,0,0,0,0,0,0,348.0,0.0,0,3,2,0,2,0,0.0,0,13,7,53.85,3,12,4,7,15,41.67,24,120,80,200,92.4,5,0,270,2,1,0,Patrice Čović,SV Werder Bremen,1596105,2534
0,0,0.0,0,0,0.0,0,0,0,0.0,0,0.0,0,1,0,0,0,0,0,0,0,0,0,0,1,0,0,0,0,0,0,0,,,1,0,0.0,0,0,0,0,0,0,0,0,,0,0.0,0,0,0,0,0,0,0,0,10,0,1,0,0,0,0,0.0,0,0,0,0,1,0,0,6.6,0,0,0,0,0,0,0,0,0.0,0.0,0,0,0,0,0,0,0.0,0,0,0,0.0,0,0,0,0,0,0.0,0,0,0,0,6.6,0,0,2,0,0,0,Jonah Kusi-Asare,FC Bayern München,1503757,2672
3,1,25.0,12,3,37.5,24,35,59,90.77,2,50.0,2,5,0,0,0,0,1,0,0,0,0,1,5,0,0,0,0,7,0,0,0.05,,3,0,0.0,0,0,0,1,1,0,0,0,,1,16.67,0,0,0,6,1,1,0,0,71,0,0,0,0,0,0,0.0,0,0,0,0,13,0,0,6.6,0,0,0,0,0,0,0,0,0.0,0.0,0,0,0,0,0,0,0.0,0,1,0,0.0,1,4,3,4,3,30.0,8,28,37,65,33.0,0,0,86,0,0,0,Elias Baum,Eintracht Frankfurt,1403018,2674
5,10,30.3,46,4,44.44,75,27,102,81.6,1,14.29,6,15,0,0,0,0,15,1,2,4,0,1,12,0,0,7,5,27,0,0,0.83,1.24,4,0,0.0,0,0,0,6,5,1,0,0,,9,30.0,0,0,0,23,1,12,0,2,302,1,0,0,0,0,0,0.0,0,0,0,0,69,3,0,6.6,0,0,0,0,0,0,0,0,0.0,0.0,1,8,4,0,8,2,28.57,0,5,3,60.0,12,9,7,33,10,27.03,9,93,32,125,79.2,12,0,222,2,0,0,Muhammed Damar,TSG Hoffenheim,1128638,2569
2,2,33.33,23,2,100.0,37,31,68,93.15,0,0.0,0,6,0,0,0,0,8,0,0,1,0,0,6,0,0,4,1,9,0,0,0.45,0.1,0,0,0.0,0,0,0,6,5,1,0,0,,4,30.77,0,0,0,5,1,1,0,1,136,0,1,0,0,0,0,0.0,0,0,0,0,20,0,0,6.6,0,0,0,0,0,0,0,0,0.0,0.0,0,1,0,0,0,1,20.0,0,1,1,100.0,1,4,5,6,4,30.77,2,41,32,73,39.6,1,0,104,2,0,0,Claudio Echeverri,Bayer 04 Leverkusen,1482424,2681
2,1,50.0,13,4,80.0,28,20,48,94.12,1,25.0,3,8,0,0,0,0,0,1,0,2,0,1,5,0,0,1,0,6,0,0,0.17,0.08,1,0,0.0,0,0,0,2,2,0,0,0,,2,40.0,0,0,0,3,0,3,0,0,88,0,1,0,0,0,0,0.0,0,0,0,0,7,0,0,6.6,0,0,0,0,0,0,0,0,0.0,0.0,0,0,2,0,0,0,0.0,0,0,0,0.0,3,2,1,2,3,33.33,5,31,20,51,33.0,2,0,65,2,0,0,Andrija Maksimović,RB Leipzig,1406171,36360
3,0,0.0,26,5,31.25,92,133,225,88.58,9,56.25,7,8,0,0,0,0,14,0,0,0,0,25,8,0,0,4,2,15,0,1,0.06,0.06,1,0,0.0,2,0,0,8,7,1,0,0,,10,55.56,0,0,0,29,4,2,0,3,390,0,3,0,0,0,0,0.0,0,0,0,0,37,0,0,6.6,0,0,0,0,0,0,0,0,0.0,0.0,0,1,0,1,0,2,66.67,0,8,5,62.5,2,10,3,0,19,55.88,16,105,149,254,52.8,1,0,318,1,1,0,Ameen Al-Dakhil,VfB Stuttgart,1979970,2677
0,0,0.0,9,3,100.0,14,10,24,96.0,0,0.0,0,2,0,0,0,0,1,0,0,1,0,1,2,0,0,0,0,2,0,0,0.02,0.06,2,0,0.0,0,0,0,1,1,0,0,0,,2,50.0,0,0,0,1,0,0,0,0,27,0,0,0,0,0,0,0.0,0,0,0,0,1,0,0,6.6,0,0,0,0,0,0,0,0,0.0,0.0,0,0,1,0,0,2,100.0,0,0,0,0.0,0,1,2,0,2,50.0,3,15,10,25,13.2,1,0,30,0,0,0,David Daiber,FC Bayern München,1489220,2672
21,19,24.05,127,33,34.02,271,385,656,79.81,26,50.0,26,27,1,0,0,0,67,3,0,4,1,98,27,0,0,4,15,68,0,0,2.71,0.55,16,0,20.0,6,1,2,51,43,8,1,0,,65,60.75,1,0,0,166,30,21,0,25,2327,1,9,0,0,0,0,0.0,0,0,0,0,271,5,0,6.6,0,0,0,0,0,0,0,0,2327.0,0.0,0,4,1,0,1,2,22.22,0,46,28,60.87,21,61,9,79,91,57.23,97,381,441,822,178.1,5,0,1326,18,3,0,Jonas Föhrenbach,1. FC Heidenheim,311676,5885
4,3,23.08,102,4,57.14,153,41,194,72.39,14,29.17,34,28,6,0,0,0,26,7,1,9,0,1,26,0,0,15,2,87,0,0,2.53,2.64,19,0,8.7,0,2,8,10,9,1,2,0,,29,35.37,0,0,0,74,2,17,1,7,828,3,1,0,0,0,0,0.0,0,0,0,0,141,6,0,6.59,0,1,0,0,0,0,0,0,414.0,0.0,0,22,1,6,8,12,41.38,0,7,2,28.57,17,9,29,13,43,33.08,7,215,53,268,171.4,23,0,420,10,3,0,Fábio Silva,Borussia Dortmund,954076,2673
18,3,25.0,50,33,38.82,93,133,226,69.97,17,70.83,7,13,2,0,0,0,41,0,0,1,2,59,13,0,0,3,3,22,1,1,0.31,0.16,8,0,33.33,1,1,3,19,17,2,1,0,,25,62.5,0,0,0,97,19,4,1,10,823,0,2,0,0,0,1,0.0,0,0,0,0,133,0,0,6.59,0,0,0,0,0,0,0,0,823.0,0.0,0,2,1,1,1,4,66.67,0,13,9,69.23,4,49,6,12,42,65.63,85,165,158,323,85.7,3,0,498,8,2,0,Stanley Nsoki,1. FC Union Berlin,904991,2547
4,0,0.0,34,9,45.0,69,74,143,81.25,2,33.33,4,17,0,0,0,0,12,0,0,0,0,10,12,0,0,6,2,20,0,0,0.09,0.22,3,0,25.0,0,1,1,8,8,0,1,0,,9,36.0,0,0,0,33,5,3,1,3,319,0,1,0,0,0,0,0.0,0,0,0,0,58,1,0,6.59,0,0,0,0,0,0,0,0,319.0,0.0,0,1,3,2,2,1,16.67,0,7,5,71.43,3,10,6,0,11,35.48,20,96,80,176,79.1,4,0,276,1,0,0,Benjamin Henrichs,RB Leipzig,319857,36360
7,0,0.0,38,13,31.71,102,166,268,82.72,14,70.0,6,12,0,0,0,0,18,1,0,0,0,38,12,0,0,2,3,15,1,0,0.77,0.03,4,0,0.0,4,0,0,12,11,1,0,0,,7,43.75,0,0,0,56,9,4,0,4,528,0,8,0,0,0,0,0.0,0,0,0,0,60,0,0,6.59,0,0,0,0,0,0,0,0,0.0,0.0,0,1,0,1,0,1,100.0,0,4,1,25.0,4,17,1,0,21,58.33,41,140,184,324,79.1,1,0,404,3,2,0,Anthony Jung,SC Freiburg,103442,2538
8,10,30.3,75,13,41.94,149,225,374,84.04,14,58.33,10,20,1,0,0,0,48,1,0,0,2,52,20,0,0,4,4,32,2,1,1.12,,10,0,0.0,0,0,1,20,15,5,0,0,,38,63.33,0,0,0,71,15,5,0,12,1188,2,10,0,0,0,1,0.0,0,0,0,0,130,3,0,6.59,0,0,0,0,0,0,0,0,0.0,0.0,0,0,0,0,0,7,53.85,0,22,10,45.45,5,20,13,33,52,61.9,31,191,254,445,131.8,0,0,690,9,1,0,Jordy Makengo,SC Freiburg,1131339,2538
10,4,21.05,50,15,27.27,113,164,277,72.51,12,41.38,17,21,0,0,0,0,37,2,0,0,0,34,20,0,0,0,19,48,0,0,0.6,0.43,11,0,0.0,14,0,0,21,18,3,0,0,,42,57.53,0,0,0,105,16,6,0,12,970,2,5,0,0,0,0,0.0,0,0,0,0,141,0,0,6.59,0,0,0,0,0,0,0,0,0.0,0.0,0,3,1,3,1,0,0.0,0,40,26,65.0,6,30,2,19,54,52.94,55,178,204,382,131.8,4,0,614,3,1,0,Lars Ritzka,FC St. Pauli,873347,2526
34,2,33.33,117,59,38.82,331,698,1029,85.75,45,56.25,35,23,0,0,0,0,66,0,0,2,2,124,23,0,0,0,6,54,1,2,0.6,0.77,13,0,14.29,86,1,1,40,36,4,1,0,,35,64.81,1,0,0,171,20,4,0,22,1934,1,7,0,0,0,1,0.0,0,0,0,0,188,3,0,6.59,0,0,0,0,0,0,0,0,1934.0,0.0,0,5,2,4,1,1,50.0,0,25,21,84.0,4,79,2,6,80,59.7,152,454,746,1200,151.5,7,0,1463,11,3,0,Karol Mets,FC St. Pauli,57627,2526
12,7,22.58,60,6,35.29,96,46,142,69.61,7,17.07,34,28,0,1,0,0,58,3,4,9,0,9,26,0,0,13,8,100,0,0,1.68,5.2,24,0,12.82,0,5,5,17,14,3,5,0,,41,38.32,0,0,1,62,4,16,4,13,1292,2,0,0,0,1,1,0.0,0,0,0,0,188,8,0,6.58,0,1,0,0,0,0,0,0,258.4,0.0,0,29,10,14,16,12,32.43,0,20,14,70.0,16,28,37,31,48,32.43,17,144,60,204,171.2,39,1,473,9,2,0,Rayan Philippe,Hamburger SV,991824,2676
21,13,37.14,81,42,45.16,182,276,458,76.85,9,32.14,19,20,0,0,0,0,64,1,3,1,1,44,18,0,0,1,8,32,0,1,1.64,1.28,2,0,18.18,0,2,2,29,25,4,2,0,,22,62.86,0,0,0,138,18,16,2,17,1465,0,7,0,0,0,0,0.0,0,0,0,0,189,3,0,6.58,0,0,0,0,0,0,0,0,732.5,0.0,0,7,4,5,5,7,70.0,0,15,10,66.67,16,53,10,35,31,49.21,93,260,336,596,118.5,11,0,918,0,0,0,Aaron Zehnter,VfL Wolfsburg,1127788,2524
0,1,33.33,5,0,0.0,7,4,11,68.75,3,75.0,1,7,0,0,0,0,1,0,0,0,0,1,5,0,0,1,0,4,0,0,0.2,0.03,2,0,0.0,0,0,0,6,5,1,0,0,,0,0.0,0,0,0,5,0,1,0,1,118,0,0,0,0,0,0,0.0,0,0,0,0,10,0,0,6.58,0,0,0,0,0,0,0,0,0.0,0.0,0,0,1,1,0,0,0.0,0,0,0,0.0,1,0,0,3,3,42.86,0,11,5,16,32.9,1,0,28,0,0,0,Fynn Schenten,1. FC Köln,2245371,2671
8,8,20.51,116,3,30.0,187,63,250,70.62,13,27.66,34,28,1,0,0,0,48,4,3,14,0,10,28,0,0,15,11,102,0,0,1.8,3.78,26,0,11.43,0,4,5,26,22,4,4,0,,36,34.62,0,0,1,104,9,17,1,12,1332,7,0,0,0,0,0,0.0,0,0,0,0,222,7,0,6.58,0,3,0,0,0,0,0,0,333.0,0.0,0,26,9,7,14,11,40.74,0,13,10,76.92,17,18,27,39,49,32.45,10,264,90,354,184.2,35,0,618,12,3,0,Ansgar Knauff,Eintracht Frankfurt,997012,2674
10,7,50.0,49,5,35.71,69,39,108,70.13,4,16.67,20,22,1,0,0,0,31,2,0,1,0,10,21,0,0,7,5,47,0,0,1.3,0.89,8,0,7.14,0,1,2,12,12,0,1,0,,21,43.75,0,0,0,46,1,12,0,4,619,4,0,0,0,0,0,0.0,0,0,0,0,87,4,0,6.58,0,1,0,0,0,0,0,0,619.0,0.0,0,8,6,8,5,5,41.67,0,7,4,57.14,12,19,12,14,25,34.72,14,107,47,154,138.1,14,0,277,9,0,0,Tim Skarke,1. FC Union Berlin,800252,2547
5,0,0.0,5,16,29.63,14,47,61,61.62,1,100.0,0,4,0,0,0,0,27,0,0,0,0,1,4,0,0,0,0,0,0,0,0.01,,0,0,0.0,21,0,0,12,12,0,0,0,-2.42,3,100.0,0,1,0,38,0,0,0,3,291,0,0,0,0,0,0,0.0,1,0,0,0,39,0,0,6.58,0,0,1,10,4,15,0,4,0.0,0.0,0,0,0,0,0,1,100.0,1,0,0,0.0,0,8,1,0,4,100.0,54,48,51,99,26.3,0,0,129,1,0,0,Lasse Riess,1. FSV Mainz 05,1069252,2556
7,2,15.38,46,7,70.0,75,34,109,78.99,9,47.37,10,20,0,0,0,0,32,0,0,3,0,9,20,0,0,12,1,31,0,0,0.51,0.31,4,0,0.0,0,0,0,13,13,0,0,0,,28,57.14,0,0,0,29,4,4,0,2,466,0,1,0,0,0,0,0.0,0,0,0,0,72,3,0,6.58,0,0,0,0,0,0,0,0,0.0,0.0,0,4,3,1,3,9,69.23,0,9,5,55.56,4,11,13,13,37,54.41,10,98,40,138,131.5,7,0,246,11,1,0,Alex Král,1. FC Union Berlin,825740,2547
5,0,0.0,3,5,41.67,24,75,99,83.19,4,50.0,4,4,0,0,0,0,7,0,0,1,0,10,4,0,0,0,0,6,0,0,0.12,0.05,3,0,0.0,0,0,0,3,2,1,0,0,,4,66.67,0,0,0,20,0,0,0,3,191,0,0,0,0,0,0,0.0,0,0,0,0,23,0,0,6.58,0,0,0,0,0,0,0,0,0.0,0.0,1,0,2,1,0,1,100.0,0,1,1,100.0,0,12,1,1,8,57.14,12,42,77,119,26.3,2,0,146,2,1,0,Thomas Keller,1. FC Heidenheim,940236,5885
3,8,34.78,67,3,23.08,106,38,144,73.85,7,43.75,9,25,2,0,0,0,18,3,1,5,0,5,22,0,0,10,8,44,0,0,1.55,0.62,9,0,0.0,0,0,2,13,13,0,0,0,,23,39.66,0,0,0,51,6,10,0,3,600,0,0,0,0,0,0,0.0,0,0,0,0,106,1,0,6.57,0,0,0,0,0,0,0,0,0.0,0.0,0,4,12,7,4,6,42.86,0,15,9,60.0,10,12,14,23,30,40.54,13,146,49,195,144.6,16,0,338,2,2,0,Connor Metcalfe,FC St. Pauli,888854,2526
20,3,60.0,36,26,38.24,111,183,294,79.25,14,42.42,19,11,1,0,0,0,33,0,0,1,0,61,11,0,0,3,4,33,0,0,0.68,0.33,7,0,0.0,4,0,1,20,15,5,0,0,,24,63.16,0,0,0,77,14,5,0,10,851,1,3,0,0,0,1,0.0,0,0,0,0,97,2,0,6.57,0,0,0,0,0,0,0,0,0.0,0.0,0,4,1,1,3,2,66.67,0,19,12,63.16,5,49,3,5,38,53.52,68,174,197,371,72.3,5,0,534,3,3,0,Jeffrey Gouweleeuw,FC Augsburg,146853,2600
16,0,0.0,36,22,34.92,142,324,466,86.62,24,64.86,13,11,0,0,0,0,31,0,0,2,0,62,11,0,1,1,1,18,0,1,0.17,0.41,4,0,0.0,5,0,0,19,15,4,0,0,,16,76.19,0,0,0,72,13,2,0,10,866,0,7,0,0,0,0,0.0,0,0,0,0,84,0,0,6.57,1,0,0,0,0,0,0,0,0.0,0.0,0,6,0,1,3,3,100.0,0,9,7,77.78,2,39,3,1,40,68.97,63,190,348,538,72.3,6,0,675,4,2,0,Jahmai Simpson-Pusey,1. FC Köln,1402924,2671
13,13,22.03,128,13,40.63,216,107,323,66.46,45,38.79,71,28,2,0,0,0,66,4,7,13,2,33,28,0,0,23,17,156,0,0,1.47,4.33,31,0,4.65,0,2,4,36,32,4,1,1,,83,49.4,1,0,2,163,16,24,0,25,2030,16,2,0,0,0,0,0.0,0,0,0,0,318,11,0,6.57,0,1,0,0,0,0,0,0,1015.0,0.0,2,27,16,15,15,15,48.39,0,38,21,55.26,24,27,31,59,128,45.07,32,336,150,486,183.9,43,0,930,32,3,0,Mathias Pereira Lage,FC St. Pauli,831400,2526
22,23,31.51,112,29,39.73,198,207,405,78.79,10,52.63,9,24,3,0,0,0,37,3,0,3,2,33,24,0,0,4,7,32,0,1,2.49,0.38,10,0,0.0,0,0,3,31,28,3,0,0,,27,54.0,0,0,0,109,9,20,0,18,1573,5,6,0,1,0,0,0.0,0,0,0,0,210,5,0,6.57,0,0,0,0,0,0,0,0,0.0,0.0,2,2,7,6,0,2,40.0,0,19,12,63.16,19,47,5,73,37,53.62,73,277,237,514,157.6,9,0,860,6,3,0,Christian Günter,SC Freiburg,142231,2538
0,1,16.67,6,1,100.0,17,13,30,71.43,5,50.0,5,10,0,0,0,0,3,0,1,4,0,1,9,0,0,9,1,25,0,0,0.16,0.96,5,0,0.0,0,0,0,5,4,1,0,0,,14,41.18,0,0,0,12,0,1,0,2,288,0,0,0,0,0,0,0.0,0,0,0,0,42,0,0,6.57,0,0,0,0,0,0,0,0,0.0,0.0,0,8,1,4,1,5,50.0,0,3,2,66.67,1,1,10,6,19,43.18,1,25,17,42,59.1,9,0,111,6,0,0,Otto Stange,Hamburger SV,1568535,2676
21,3,23.08,62,37,37.0,152,292,444,81.47,15,51.72,14,15,0,0,0,0,36,0,1,0,0,73,15,0,0,3,11,41,0,0,0.37,0.47,13,0,0.0,31,0,0,29,24,5,0,0,,34,55.74,0,0,0,101,20,2,0,12,1093,1,10,0,0,0,1,0.0,0,0,0,0,130,3,0,6.57,0,0,0,0,0,0,0,0,0.0,0.0,0,4,1,2,3,0,0.0,0,23,15,65.22,2,57,1,13,49,54.44,100,236,309,545,98.5,5,0,755,13,2,0,Tim Siersleben,1. FC Heidenheim,988252,5885
2,3,23.08,12,1,11.11,24,18,42,67.74,1,50.0,1,3,0,0,0,0,13,0,0,0,0,7,3,0,0,2,3,11,0,0,0.11,0.02,5,0,0.0,0,0,0,6,6,0,0,0,,12,54.55,0,0,0,20,2,1,0,3,223,0,0,0,0,0,0,0.0,0,0,0,0,42,0,0,6.57,0,0,0,0,0,0,0,0,0.0,0.0,0,0,1,1,0,3,100.0,0,6,6,100.0,1,7,3,13,13,54.17,9,40,22,62,19.7,1,0,120,3,0,0,Robert Skov,1. FC Union Berlin,327863,2547
24,7,12.07,156,22,32.35,295,213,508,78.4,7,29.17,17,23,0,0,0,0,75,3,1,3,2,43,23,0,0,8,10,56,1,0,1.78,0.92,15,0,6.67,0,1,1,34,32,2,1,0,,41,51.25,0,0,1,140,10,10,1,17,1616,4,2,0,0,0,0,0.0,0,0,0,0,229,6,0,6.57,0,0,0,0,0,0,0,0,1616.0,0.0,0,9,6,8,4,3,33.33,0,24,18,75.0,10,53,9,58,48,46.15,68,396,252,648,151.0,15,0,1033,15,0,0,Louis Oppie,FC St. Pauli,1137900,2526
5,3,11.54,71,13,72.22,134,88,222,74.0,16,40.0,24,27,1,0,0,0,67,2,4,7,0,28,27,0,0,24,10,91,0,0,1.67,3.17,11,0,6.45,0,2,3,30,27,3,2,0,,50,42.74,0,0,1,78,18,12,2,15,1260,9,1,0,1,0,0,0.0,0,0,0,0,207,6,0,6.56,0,0,0,0,0,0,0,0,630.0,0.0,0,21,10,16,8,15,39.47,0,21,12,57.14,11,10,38,26,66,42.04,18,182,118,300,177.2,31,0,631,15,1,0,Mathias Honsak,1. FC Heidenheim,575952,5885
5,0,0.0,34,14,51.85,171,451,622,93.39,19,46.34,22,21,0,0,0,0,38,0,1,1,3,60,21,0,0,6,7,55,0,0,0.39,0.41,20,0,0.0,24,0,0,21,19,2,0,0,,39,54.17,0,0,0,44,20,2,0,15,1266,0,9,0,0,0,2,0.0,0,0,0,0,69,0,0,6.56,1,0,0,0,0,0,0,0,0.0,0.0,0,3,1,2,1,3,75.0,0,22,13,59.09,2,10,4,0,58,51.33,27,197,469,666,137.8,4,0,862,15,4,1,Daniel Elfadli,Hamburger SV,945532,2676
5,11,27.5,117,9,34.62,234,168,402,83.75,20,51.28,19,24,0,0,0,0,40,3,1,3,3,31,22,0,1,12,5,63,0,0,2.03,0.57,19,0,0.0,0,0,0,13,13,0,0,0,,40,47.62,0,0,0,78,13,10,0,12,1109,1,2,0,0,0,1,0.0,0,0,0,0,166,4,0,6.56,1,0,0,0,0,0,0,0,0.0,0.0,0,6,6,5,4,11,52.38,0,22,15,68.18,10,17,21,40,60,48.78,26,285,195,480,144.3,12,0,823,7,3,0,Lorenz Assignon,VfB Stuttgart,1009334,2677
6,5,19.23,74,5,71.43,129,28,157,77.72,2,28.57,5,14,0,0,0,0,19,0,2,5,1,4,14,0,0,8,3,28,0,0,0.94,0.97,1,0,0.0,0,0,0,5,5,0,0,0,,14,37.84,0,0,0,45,4,5,0,5,481,1,0,0,0,0,0,0.0,0,0,0,0,98,3,0,6.56,0,0,0,0,0,0,0,0,0.0,0.0,3,8,8,7,4,4,26.67,0,4,3,75.0,5,12,15,26,16,36.36,7,169,33,202,91.8,16,0,323,6,1,0,Badredine Bouanani,VfB Stuttgart,1153265,2677
9,0,0.0,27,10,24.39,104,275,379,85.94,6,46.15,7,15,0,0,0,0,33,0,2,0,0,43,14,0,0,1,4,21,0,0,0.15,0.58,8,0,0.0,21,0,0,13,13,0,0,0,,17,54.84,0,0,3,62,12,1,0,8,690,0,6,0,0,0,0,0.0,0,0,0,0,68,1,0,6.56,0,0,0,0,0,0,0,0,0.0,0.0,0,2,2,3,1,1,50.0,0,15,8,53.33,1,25,2,0,23,52.27,41,143,298,441,91.8,4,0,545,1,1,0,Fabio Chiarodia,Borussia M'gladbach,1130067,2527
2,0,0.0,20,1,33.33,45,58,103,85.12,4,30.77,9,13,0,0,0,0,14,0,0,0,0,12,13,0,0,1,3,19,0,0,0.05,0.15,6,0,0.0,0,0,0,10,7,3,0,0,,11,52.38,0,0,0,18,2,0,0,2,319,0,1,0,0,0,0,0.0,0,0,0,0,21,0,0,6.55,0,0,0,0,0,0,0,0,0.0,0.0,0,4,0,2,2,1,50.0,0,7,7,100.0,0,4,2,0,15,44.12,3,56,65,121,85.2,4,0,161,3,0,0,Nicolas Höfler,SC Freiburg,49639,2538
3,1,100.0,23,2,33.33,36,28,64,64.65,23,42.59,31,16,1,0,0,0,13,3,4,3,0,11,15,0,0,9,6,59,0,0,0.61,1.42,14,0,9.09,0,1,2,10,8,2,1,0,,15,34.88,0,0,0,35,1,4,0,6,546,1,1,0,0,0,0,0.0,0,0,0,0,61,5,0,6.55,0,1,0,0,0,0,0,0,546.0,0.0,0,10,1,5,3,0,0.0,0,3,2,66.67,4,4,1,1,38,39.18,6,61,38,99,98.3,11,1,187,13,2,0,Mikkel Kaufmann,1. FC Heidenheim,918437,5885
21,6,11.32,87,10,21.74,146,108,254,71.15,10,43.48,13,26,4,0,0,0,59,5,1,2,0,38,25,0,0,20,13,82,0,0,2.3,1.14,18,0,0.0,0,0,4,34,29,5,0,0,,52,42.98,0,0,0,103,5,17,0,15,1404,5,3,0,0,0,1,0.0,0,0,0,0,267,7,0,6.55,0,0,0,0,0,0,0,0,0.0,0.0,0,10,2,4,6,13,40.63,0,34,20,58.82,17,44,32,53,62,43.06,46,220,137,357,163.8,12,0,787,5,3,0,William Mikelbrencis,Hamburger SV,1102528,2676
8,4,16.67,171,5,33.33,251,110,361,70.23,37,43.02,49,29,2,0,0,0,61,2,9,11,1,26,29,0,0,21,18,170,0,0,2.36,8.4,60,0,15.09,0,8,10,30,27,3,7,1,,52,30.06,1,0,5,153,6,27,0,24,1959,18,1,0,0,1,0,100.0,0,1,0,1,293,22,0,6.55,1,7,0,0,0,0,0,0,244.88,0.0,1,44,9,21,21,15,37.5,0,21,14,66.67,27,19,40,24,89,34.36,15,382,132,514,190.0,53,1,884,16,1,1,Tim Lemperle,TSG Hoffenheim,1014290,2569
0,0,0.0,13,0,0.0,29,7,36,83.72,2,33.33,4,8,0,0,0,0,6,0,0,0,0,1,8,0,0,2,3,13,0,0,0.06,0.53,1,0,25.0,0,1,1,2,2,0,1,0,,3,25.0,1,0,0,7,1,1,0,0,122,0,0,0,0,0,0,0.0,0,0,0,0,24,1,0,6.55,0,0,0,0,0,0,0,0,122.0,0.0,0,4,0,2,2,1,25.0,0,1,1,100.0,1,3,4,5,5,27.78,2,36,7,43,52.4,4,0,79,1,1,0,Grant-Leon Ranos,Borussia M'gladbach,1130950,2527
0,0,0.0,1,0,0.0,2,1,3,60.0,2,50.0,2,3,0,0,0,0,2,0,0,0,0,0,2,0,0,1,0,4,0,0,0.0,,1,0,0.0,0,0,0,0,0,0,0,0,,2,50.0,0,0,0,2,1,0,0,0,18,1,1,0,0,0,0,0.0,0,0,0,0,3,0,0,6.55,0,0,0,0,0,0,0,0,0.0,0.0,0,0,0,0,0,0,0.0,0,2,1,50.0,0,0,0,0,4,50.0,0,3,2,5,13.1,0,0,10,0,0,0,Tim Kleindienst,Borussia M'gladbach,228981,2527
0,0,0.0,5,0,0.0,11,6,17,73.91,0,0.0,0,5,0,0,0,0,0,0,0,0,0,1,4,0,0,2,0,6,0,0,0.04,,2,0,0.0,0,0,0,2,2,0,0,0,,4,40.0,0,0,0,6,0,1,0,1,77,0,0,0,0,0,0,0.0,0,0,0,0,12,0,0,6.55,0,0,0,0,0,0,0,0,0.0,0.0,0,0,0,0,0,1,33.33,0,2,2,100.0,1,0,3,0,4,40.0,1,17,6,23,26.2,0,0,34,1,1,0,Love Arrhov,Eintracht Frankfurt,1977245,2674
9,7,20.0,81,14,35.0,134,142,276,72.82,26,61.9,16,21,0,0,0,0,45,1,0,4,1,43,21,0,1,13,17,71,0,1,1.04,1.15,10,0,11.11,0,2,2,22,18,4,2,0,,33,37.5,1,0,0,103,19,11,1,10,1039,2,2,0,0,0,1,0.0,0,0,0,0,215,3,0,6.55,1,0,0,0,0,0,0,0,519.5,0.0,0,17,1,9,5,7,31.82,0,20,14,70.0,11,28,22,35,59,45.38,40,209,170,379,137.5,18,0,734,6,1,0,Tom Alexander Rothe,1. FC Union Berlin,1210666,2547
8,0,0.0,112,20,64.52,269,237,506,89.72,5,27.78,13,24,1,0,0,0,24,2,2,2,0,17,23,0,0,18,8,72,1,1,0.81,0.54,27,0,14.29,0,1,2,23,17,6,0,1,,39,39.8,0,0,0,58,7,7,0,12,1099,1,5,0,0,0,1,0.0,0,0,0,1,100,3,0,6.54,1,1,0,0,0,0,0,0,1099.0,0.0,0,5,2,2,3,5,41.67,0,29,18,62.07,7,16,12,2,44,37.93,31,307,257,564,150.5,7,0,721,5,2,1,Oscar Højlund,Eintracht Frankfurt,1149113,2674
2,0,0.0,6,4,100.0,17,22,39,84.78,0,0.0,1,5,0,0,0,0,7,0,0,0,0,2,5,0,0,2,0,6,0,0,0.01,0.09,2,0,0.0,0,0,0,4,3,1,0,0,,6,54.55,0,0,0,7,0,0,0,1,138,0,0,0,0,0,0,0.0,0,0,0,0,16,1,0,6.54,0,0,0,0,0,0,0,0,0.0,0.0,0,1,1,2,0,1,50.0,0,3,1,33.33,0,4,2,1,6,50.0,4,20,26,46,32.7,2,0,71,2,2,0,Umut Tohumcu,TSG Hoffenheim,1083410,2569
12,0,0.0,29,22,45.83,123,278,401,87.94,11,55.0,9,14,0,0,0,0,16,0,1,0,1,59,13,0,0,0,1,22,0,0,0.25,0.41,11,0,0.0,5,0,0,15,13,2,0,0,,23,63.89,0,0,0,55,14,0,0,9,727,0,5,0,0,0,2,0.0,0,0,0,0,61,1,0,6.54,2,0,0,0,0,0,0,0,0.0,0.0,0,3,0,2,1,0,0.0,0,16,10,62.5,0,25,1,1,34,60.71,48,156,300,456,85.0,3,0,579,7,4,2,Niklas Stark,SV Werder Bremen,229544,2534
11,6,26.09,116,13,52.0,211,200,411,83.2,1,6.25,15,21,0,0,0,0,49,6,0,3,0,3,21,0,0,15,13,61,0,0,2.36,0.57,9,0,0.0,0,0,0,20,18,2,0,0,,31,40.26,0,0,0,83,5,15,0,8,879,1,3,0,0,0,0,0.0,0,0,0,0,145,9,0,6.54,0,0,0,0,0,0,0,0,0.0,0.0,0,5,0,2,0,5,35.71,0,14,9,64.29,15,34,14,23,32,34.41,25,271,223,494,137.3,5,0,647,12,1,0,Mario Götze,Eintracht Frankfurt,66518,2674
1,2,50.0,25,2,66.67,35,20,55,80.88,1,20.0,4,11,1,0,0,0,14,2,0,0,0,3,11,0,0,10,3,40,0,0,0.44,0.08,13,0,0.0,0,0,1,10,9,1,0,0,,22,37.93,0,0,0,13,0,5,0,5,332,1,1,0,0,0,0,0.0,0,0,0,0,48,1,0,6.54,1,0,0,0,0,0,0,0,0.0,0.0,0,1,1,0,2,6,37.5,0,9,2,22.22,5,2,16,4,23,36.51,3,45,23,68,71.9,2,0,152,7,1,1,Alexander Røssing-Lelesiit,Hamburger SV,1862226,2676
0,1,25.0,24,1,25.0,49,28,77,73.33,10,33.33,20,22,0,0,0,0,14,1,0,1,0,5,21,0,0,10,1,48,0,0,0.61,0.83,14,0,28.57,0,2,2,7,5,2,2,0,,21,42.86,2,0,0,28,0,2,0,1,411,3,1,0,0,0,0,0.0,0,0,0,0,64,0,0,6.53,0,0,0,0,0,0,0,0,205.5,0.0,0,6,1,2,4,4,57.14,0,7,3,42.86,2,1,7,4,31,39.24,4,70,35,105,137.2,7,0,198,10,2,0,Max Moerstedt,TSG Hoffenheim,1418703,2569
2,0,0.0,37,2,66.67,63,26,89,84.76,4,33.33,8,18,0,0,0,0,10,1,0,4,0,0,15,0,0,4,0,35,0,0,0.51,0.49,4,0,11.11,0,1,1,9,9,0,1,0,,17,38.64,0,0,0,16,0,2,0,2,356,3,1,0,0,0,0,0.0,0,0,0,0,65,0,0,6.53,0,1,0,0,0,0,0,0,356.0,0.0,0,8,1,2,3,10,34.48,0,4,2,50.0,2,5,29,6,21,37.5,3,78,27,105,98.0,9,0,210,3,1,0,Tidiam Gomis,RB Leipzig,1426577,36360
1,0,0.0,5,0,0.0,6,2,8,61.54,2,66.67,1,3,0,0,0,0,1,0,0,0,0,0,3,0,0,2,0,4,0,0,0.34,0.07,1,0,0.0,0,0,0,1,1,0,0,0,,2,40.0,0,0,0,5,0,2,0,0,43,0,0,0,0,0,0,0.0,0,0,0,0,8,0,0,6.53,0,0,0,0,0,0,0,0,0.0,0.0,0,1,0,1,0,1,100.0,0,0,0,0.0,2,2,1,0,4,50.0,2,9,4,13,19.6,1,0,20,1,0,0,Lazar Jovanović,VfB Stuttgart,1427148,2677
1,0,0.0,5,2,100.0,12,9,21,80.77,0,0.0,2,5,0,0,0,0,5,0,0,0,0,3,3,0,0,1,0,3,0,0,0.03,0.02,0,0,0.0,0,0,0,4,4,0,0,0,,3,75.0,0,0,0,5,0,0,0,1,88,0,0,0,0,0,0,0.0,0,0,0,0,9,0,0,6.53,0,0,0,0,0,0,0,0,0.0,0.0,0,0,1,1,0,1,100.0,0,1,1,100.0,0,1,1,0,3,50.0,2,17,9,26,19.6,1,0,39,1,0,0,Pharell Hensel,VfL Wolfsburg,2114948,2524
5,0,0.0,14,10,47.62,54,159,213,89.12,6,30.0,14,12,0,0,0,0,22,0,0,1,2,29,12,0,0,2,0,19,0,1,0.03,0.02,2,0,0.0,10,0,0,9,8,1,0,0,,14,73.68,0,0,0,26,5,0,0,5,507,1,2,1,0,0,0,0.0,0,0,0,0,35,0,0,6.53,0,0,0,0,0,0,0,0,0.0,0.0,0,0,1,0,0,2,66.67,0,8,4,50.0,0,10,3,0,20,51.28,21,72,167,239,78.4,1,0,318,5,0,0,Maximilian Rosenfelder,SC Freiburg,1131337,2538
4,3,15.0,53,3,75.0,88,45,133,72.28,17,27.42,45,14,2,0,0,0,31,3,5,7,0,3,14,0,0,35,4,119,0,1,1.25,2.02,18,0,4.55,0,1,3,15,14,1,1,0,,38,33.93,0,0,2,51,1,4,0,13,882,5,1,0,0,0,0,0.0,0,0,0,0,169,10,0,6.53,0,1,0,0,0,0,0,0,882.0,0.0,0,19,3,9,6,12,38.71,0,13,8,61.54,4,6,31,20,55,31.61,4,130,54,184,91.4,22,0,413,13,0,0,Benedict Hollerbach,1. FSV Mainz 05,975800,2556
0,0,0.0,6,0,0.0,13,18,31,68.89,4,40.0,6,8,0,0,0,0,3,0,0,0,0,7,7,0,0,0,0,7,0,0,0.01,0.23,1,0,0.0,0,0,0,1,1,0,0,0,,2,66.67,0,0,0,14,0,1,0,0,78,0,0,0,0,0,0,0.0,0,0,0,0,17,0,0,6.53,0,0,0,0,0,0,0,0,0.0,0.0,0,1,0,0,1,1,100.0,0,0,0,0.0,1,1,1,0,6,46.15,1,23,22,45,45.7,1,0,65,1,0,0,Guilherme Ramos,Hamburger SV,827192,2676
6,0,0.0,34,11,57.89,81,147,228,88.03,13,54.17,11,8,0,0,0,0,14,0,1,0,0,20,7,0,0,2,2,19,1,0,0.09,0.16,3,0,0.0,0,0,0,10,10,0,0,0,,14,63.64,0,0,0,31,5,2,0,3,357,0,1,0,0,0,0,0.0,0,0,0,0,39,0,0,6.53,0,0,0,0,0,0,0,0,0.0,0.0,0,3,0,1,2,0,0.0,0,11,4,36.36,2,11,1,0,27,58.7,19,95,164,259,45.7,3,0,320,3,1,0,Kota Takai,Borussia M'gladbach,1144143,2527
2,0,0.0,3,2,15.38,20,64,84,82.35,5,45.45,6,6,0,0,0,0,5,0,0,0,0,21,4,0,0,0,1,8,0,0,0.08,,2,0,0.0,3,0,0,5,5,0,0,0,,8,80.0,0,0,0,18,1,0,0,1,156,0,2,0,0,0,0,0.0,0,0,0,0,19,0,0,6.53,0,0,0,0,0,0,0,0,0.0,0.0,0,0,0,0,0,0,0.0,0,6,3,50.0,0,5,0,0,13,61.9,13,34,68,102,26.1,0,0,140,2,0,0,Marvin Friedrich,Borussia M'gladbach,254449,2527
5,1,50.0,14,4,23.53,32,93,125,72.25,22,48.89,23,21,0,0,0,0,20,0,1,2,0,28,20,0,0,3,2,41,0,0,0.21,0.36,13,0,0.0,4,0,0,12,12,0,0,0,,13,41.94,0,0,0,48,8,1,0,4,522,1,2,0,0,0,0,0.0,0,0,0,0,53,2,0,6.53,0,0,0,0,0,0,0,0,0.0,0.0,0,4,1,2,1,0,0.0,0,10,7,70.0,1,7,0,2,35,46.05,17,72,101,173,130.5,5,0,252,3,1,0,Lennard Maloney,1. FSV Mainz 05,893962,2556
3,1,33.33,32,0,0.0,52,28,80,68.38,21,35.59,38,14,0,0,0,0,10,0,4,8,0,1,14,0,0,4,3,58,0,0,0.17,3.51,10,0,7.69,0,2,2,13,13,0,2,0,,17,45.95,0,0,1,37,5,1,0,6,632,9,3,0,0,0,0,0.0,0,0,0,0,78,3,0,6.52,0,2,0,0,0,0,0,0,316.0,0.0,0,23,3,11,7,8,66.67,0,6,3,50.0,1,5,12,3,38,39.58,1,80,37,117,91.3,26,0,227,3,1,0,Rodrigo Ribeiro,FC Augsburg,1215904,2600
0,0,0.0,4,0,0.0,7,7,14,73.68,2,50.0,2,7,1,0,0,0,1,0,0,1,0,2,5,0,0,1,0,5,0,0,0.03,0.13,0,0,0.0,0,0,1,1,1,0,0,0,,4,57.14,0,0,0,5,0,1,0,0,59,0,0,0,0,0,0,0.0,0,0,0,0,10,0,0,6.52,0,0,0,0,0,0,0,0,0.0,0.0,0,2,1,1,1,1,33.33,0,0,0,0.0,1,1,3,0,6,54.55,0,12,7,19,32.6,3,0,35,3,0,0,Jeremy Arevalo,VfB Stuttgart,1464642,2677
38,19,26.03,261,63,40.13,474,415,889,79.87,11,47.83,12,31,6,0,0,0,90,4,2,9,6,71,31,0,1,10,10,71,0,2,3.06,1.85,22,0,0.0,0,0,6,43,40,3,0,0,,58,49.57,0,0,0,224,12,20,0,29,2432,2,6,0,0,0,0,0.0,0,0,0,0,376,7,0,6.52,1,0,0,0,0,0,0,0,0.0,0.0,0,18,12,10,11,11,39.29,0,36,22,61.11,20,101,28,73,69,49.29,157,634,479,1113,202.0,30,0,1699,11,2,0,Yukinari Sugawara,SV Werder Bremen,905347,2534
1,0,0.0,17,1,25.0,28,12,40,71.43,1,10.0,9,12,0,0,0,0,18,1,3,1,0,4,11,0,0,7,12,39,0,0,0.29,1.52,8,0,11.11,0,1,1,4,4,0,1,0,,13,30.23,0,0,0,16,3,2,0,2,329,3,0,0,0,0,0,0.0,0,0,0,0,39,3,0,6.51,0,1,0,0,0,0,0,0,329.0,0.0,0,5,4,2,6,3,33.33,0,7,4,57.14,2,2,9,1,14,26.42,4,36,20,56,71.6,9,0,125,3,3,0,Kento Shiogai,VfL Wolfsburg,1499696,2524
11,8,20.0,141,11,20.0,257,260,517,77.4,11,34.38,21,24,5,0,0,0,66,4,1,2,0,69,24,0,0,14,21,97,0,0,2.69,0.39,21,0,0.0,0,0,5,46,44,2,0,0,,79,50.97,0,0,0,151,16,17,0,20,1805,4,6,0,0,0,1,0.0,0,0,0,0,262,4,0,6.51,0,0,0,0,0,0,0,0,0.0,0.0,0,2,3,3,0,16,43.24,0,45,31,68.89,17,33,37,40,90,48.13,55,365,303,668,156.2,5,0,1167,18,2,0,Saël Kumbedi,VfL Wolfsburg,1155226,2524
29,10,26.32,78,18,30.51,165,214,379,77.82,10,55.56,8,23,0,0,0,0,52,1,0,2,2,42,23,0,0,7,10,54,0,1,1.35,0.58,17,0,0.0,0,0,0,29,28,1,0,0,,48,51.06,0,0,0,108,21,14,0,14,1315,1,5,0,0,0,1,0.0,0,0,0,0,192,1,0,6.5,0,0,0,0,0,0,0,0,0.0,0.0,0,5,5,6,2,9,40.91,0,28,16,57.14,14,55,22,38,58,51.79,59,223,264,487,149.6,10,0,813,11,2,0,Lukas Ullrich,Borussia M'gladbach,1083382,2527
0,0,0.0,0,1,100.0,0,3,3,100.0,0,0.0,0,1,0,0,0,0,1,0,0,0,0,0,1,0,0,1,0,1,0,0,0.0,,0,0,0.0,0,0,0,1,1,0,0,0,,1,50.0,0,0,0,0,0,0,0,0,11,0,0,0,0,0,0,0.0,0,0,0,0,1,0,0,6.5,0,0,0,0,0,0,0,0,0.0,0.0,0,0,0,0,0,0,0.0,0,0,0,0.0,0,0,0,0,1,50.0,1,0,3,3,6.5,0,0,5,1,0,0,Rouven Tarnutzer,SC Freiburg,2217897,2538
0,0,0.0,0,0,0.0,2,2,4,80.0,1,100.0,0,1,0,0,0,0,1,0,0,0,0,0,1,0,0,0,0,0,0,0,0.0,,0,0,0.0,0,0,0,1,1,0,0,0,,0,0.0,0,0,0,1,0,0,0,0,11,0,0,0,0,0,0,0.0,0,0,0,0,1,0,0,6.5,0,0,0,0,0,0,0,0,0.0,0.0,0,0,0,0,0,0,0.0,0,0,0,0.0,0,0,0,0,1,100.0,0,3,2,5,6.5,0,0,6,0,0,0,Tim Schnitzer,FC Augsburg,1861987,2600
0,0,0.0,3,0,0.0,10,5,15,93.75,0,0.0,0,2,0,0,0,0,1,0,0,0,0,1,1,0,0,0,0,1,0,0,0.01,,0,0,0.0,0,0,0,1,1,0,0,0,,2,66.67,0,0,0,1,0,0,0,0,32,0,0,0,0,0,0,0.0,0,0,0,0,3,0,0,6.5,0,0,0,0,0,0,0,0,0.0,0.0,0,0,0,0,0,0,0.0,0,0,0,0.0,0,0,1,1,2,66.67,0,11,5,16,6.5,0,0,23,2,0,0,Maycon Cardozo,FC Bayern München,2236502,2672
0,1,50.0,3,0,0.0,6,1,7,87.5,0,0.0,0,3,0,0,0,0,0,0,0,0,0,0,1,0,0,0,0,0,0,0,0.05,,0,0,0.0,0,0,0,2,2,0,0,0,,0,0.0,0,0,0,1,0,0,0,0,13,1,0,0,0,0,0,0.0,0,0,0,0,2,0,0,6.5,0,0,0,0,0,0,0,0,0.0,0.0,0,0,0,0,0,0,0.0,0,0,0,0.0,0,0,0,2,0,0.0,0,7,1,8,6.5,0,0,13,0,0,0,Timo Werner,RB Leipzig,232306,36360
0,0,0.0,1,0,0.0,2,2,4,44.44,2,66.67,1,3,0,0,0,0,2,0,0,0,0,2,3,0,0,0,0,4,0,0,0.01,,1,0,0.0,0,0,0,1,1,0,0,0,,3,50.0,0,0,0,5,0,1,0,0,40,0,0,0,0,0,0,0.0,0,0,0,0,9,0,0,6.5,0,0,0,0,0,0,0,0,0.0,0.0,0,0,0,0,0,1,33.33,0,0,0,0.0,1,0,3,0,5,55.56,1,7,2,9,19.5,0,0,19,2,0,0,Jan Urbich,Borussia M'gladbach,1521250,2527
2,0,0.0,42,4,80.0,58,29,87,62.59,34,41.98,47,24,0,0,0,0,16,0,5,3,0,3,22,0,0,14,4,78,0,0,0.36,2.78,6,0,0.0,0,0,0,12,11,1,0,0,,13,29.55,0,0,0,52,3,6,0,3,586,6,1,0,0,0,0,0.0,0,0,0,0,105,2,0,6.5,0,0,0,0,0,0,0,0,0.0,0.0,0,13,0,4,6,7,50.0,0,3,1,33.33,6,5,14,5,47,37.6,5,98,41,139,143.0,13,0,251,3,1,0,Nelson Weiper,1. FSV Mainz 05,1152505,2556
2,1,10.0,21,4,80.0,43,6,49,76.56,3,42.86,4,7,0,0,0,0,4,0,2,1,0,2,6,0,0,7,0,22,0,0,0.2,0.62,2,0,0.0,0,0,0,3,3,0,0,0,,12,40.0,0,0,0,15,0,2,0,1,155,0,1,0,0,0,0,0.0,0,0,0,0,51,0,0,6.5,0,0,0,0,0,0,0,0,0.0,0.0,0,2,2,1,2,2,16.67,0,4,2,50.0,2,5,12,10,15,40.54,5,58,6,64,39.0,4,0,127,6,1,0,Oladapo Afolayan,FC St. Pauli,871621,2526
1,0,0.0,18,0,0.0,28,10,38,82.61,0,0.0,9,16,0,0,0,0,2,2,1,1,0,3,16,0,0,4,2,20,0,0,0.69,0.54,6,0,0.0,0,0,0,3,2,1,0,0,,6,35.29,0,0,0,8,3,2,0,0,215,2,1,0,0,0,0,0.0,0,0,0,0,25,2,0,6.5,0,0,0,0,0,0,0,0,0.0,0.0,0,3,2,2,2,3,100.0,0,1,1,100.0,2,2,3,1,6,23.08,0,36,10,46,104.0,5,0,95,2,1,0,Ihlas Bebou,TSG Hoffenheim,254297,2569
0,2,100.0,12,0,0.0,19,13,32,69.57,11,47.83,12,10,0,0,0,0,9,0,0,1,0,7,9,0,0,2,1,24,0,0,0.12,0.33,6,0,0.0,0,0,0,7,5,2,0,0,,7,36.84,0,0,0,14,0,3,0,2,214,0,0,0,0,0,0,0.0,0,0,0,0,29,2,0,6.5,0,0,0,0,0,0,0,0,0.0,0.0,0,4,1,3,1,0,0.0,0,3,2,66.67,3,0,3,2,18,42.86,0,30,16,46,58.5,5,0,96,4,0,0,Youssoupha Niang,1. FC Köln,2197599,2671
3,1,20.0,81,1,16.67,161,92,253,86.35,6,60.0,4,9,0,0,0,0,21,0,0,4,1,8,9,0,0,4,3,28,1,0,0.34,0.28,10,0,0.0,0,0,0,2,1,1,0,0,,14,36.84,0,0,0,40,5,4,0,5,462,0,0,0,0,0,0,0.0,0,0,0,0,70,3,0,6.5,0,0,0,0,0,0,0,0,0.0,0.0,0,3,3,2,0,1,11.11,0,6,4,66.67,4,8,9,5,20,41.67,6,188,105,293,58.5,6,0,410,8,1,0,Sacha Boey,FC Bayern München,980418,2672
0,1,25.0,11,0,0.0,23,10,33,76.74,0,0.0,2,6,0,0,0,0,1,0,0,1,0,1,5,0,0,3,0,12,0,0,0.1,0.23,2,0,0.0,0,0,0,1,1,0,0,0,,10,50.0,0,0,0,10,0,1,0,0,92,0,0,0,0,0,0,0.0,0,0,0,0,24,1,0,6.5,0,0,0,0,0,0,0,0,0.0,0.0,2,1,2,2,0,1,16.67,0,1,1,100.0,1,0,6,4,10,45.45,0,31,12,43,32.5,3,0,80,8,0,0,Ismael Gharbi,FC Augsburg,1113488,2600
0,0,0.0,0,0,0.0,0,0,0,0.0,0,0.0,0,1,0,0,0,0,0,0,0,0,0,0,1,0,0,0,0,0,0,0,,0.02,0,0,0.0,0,0,0,0,0,0,0,0,,0,0.0,0,0,0,0,0,0,0,0,8,0,0,0,0,0,0,0.0,0,0,0,0,0,0,0,6.5,0,0,0,0,0,0,0,0,0.0,0.0,0,1,0,1,0,0,0.0,0,0,0,0.0,0,0,0,0,0,0.0,0,0,0,0,6.5,1,0,2,0,0,0,Samba Konaté,RB Leipzig,2269705,36360
4,2,12.5,101,6,66.67,164,97,261,78.85,13,25.49,38,29,1,0,0,0,29,3,4,9,0,7,29,0,0,21,6,82,0,0,1.77,3.55,8,0,12.5,0,3,4,27,24,3,3,0,,18,29.03,0,0,1,70,0,10,0,14,1368,4,0,0,0,1,0,100.0,0,1,0,1,153,3,0,6.5,0,3,0,0,0,0,0,0,456.0,0.0,0,22,2,5,10,5,35.71,0,7,6,85.71,10,7,14,16,31,27.43,9,208,123,331,188.4,24,1,493,6,2,0,Martijn Kaars,FC St. Pauli,861850,2526
0,2,33.33,12,3,33.33,19,25,44,68.75,2,33.33,4,7,0,0,0,0,7,0,0,0,0,13,6,0,0,2,2,16,0,0,0.14,0.07,4,0,0.0,0,0,0,6,6,0,0,0,,9,42.86,0,0,0,20,1,2,0,2,259,0,3,0,0,0,0,0.0,0,0,0,0,45,0,0,6.48,0,0,0,0,0,0,0,0,0.0,0.0,0,0,2,1,1,1,20.0,0,3,3,100.0,2,3,5,6,11,40.74,9,36,28,64,38.9,2,0,145,5,0,0,Jan Bürger,VfL Wolfsburg,1568511,2524
0,0,0.0,22,0,0.0,44,19,63,68.48,17,36.17,30,14,0,0,0,0,18,0,2,4,0,2,13,0,0,10,1,59,0,0,0.16,1.72,17,0,5.88,0,1,1,10,10,0,1,0,,22,43.14,0,0,1,29,0,4,0,2,422,5,0,0,0,0,0,0.0,0,0,0,0,70,3,0,6.47,0,1,0,0,0,0,0,0,422.0,0.0,0,13,4,9,4,5,71.43,0,4,2,50.0,4,1,7,3,39,39.8,1,69,23,92,84.1,17,0,192,14,2,0,Samuel Essende,FC Augsburg,855808,2600
2,5,38.46,49,1,33.33,72,30,102,69.39,12,35.29,22,22,0,0,0,0,23,1,4,6,0,3,21,0,0,19,5,70,0,1,0.6,2.22,16,0,11.11,0,2,2,15,15,0,2,0,,15,23.81,0,0,1,45,1,9,0,3,553,3,0,0,0,0,0,0.0,0,0,0,0,115,8,0,6.47,0,2,0,0,0,0,0,0,276.5,0.0,0,16,2,6,6,6,33.33,0,7,3,42.86,9,2,18,13,27,27.84,3,112,35,147,135.8,18,0,283,2,1,0,Armindo Sieb,1. FSV Mainz 05,1005834,2556
32,3,23.08,119,61,40.4,412,834,1246,86.71,36,45.57,43,27,0,0,0,0,66,0,1,0,3,107,27,0,0,2,15,81,1,2,0.47,0.66,18,0,16.67,60,1,1,43,39,4,1,0,,44,53.66,0,0,0,191,23,7,1,24,2122,1,17,1,0,0,0,0.0,0,0,0,0,226,2,0,6.47,1,0,0,0,0,0,0,0,2122.0,0.0,0,5,1,5,1,8,66.67,0,27,14,51.85,7,81,12,13,80,49.69,151,521,916,1437,174.6,6,0,1731,9,3,1,Karim Coulibaly,SV Werder Bremen,1797852,2534
11,1,33.33,120,7,50.0,206,83,289,58.38,94,47.24,105,29,3,0,0,1,56,3,19,7,1,37,28,0,0,33,5,198,0,0,1.87,8.87,38,0,11.54,0,6,9,25,21,4,6,0,,45,32.61,3,0,3,206,7,22,0,19,1807,21,1,0,1,1,0,0.0,0,0,0,1,335,12,0,6.45,0,3,0,0,0,0,0,0,301.17,0.0,2,44,8,21,24,12,38.71,0,8,4,50.0,21,22,31,3,139,41.25,14,384,111,495,180.6,52,0,828,25,4,0,Phillip Tietz,1. FSV Mainz 05,822340,2556
1,0,0.0,6,0,0.0,10,12,22,70.97,0,0.0,1,2,0,0,0,0,5,0,0,0,0,1,2,0,0,2,3,8,0,0,0.03,,0,0,0.0,0,0,0,1,1,0,0,0,,5,41.67,0,0,0,9,0,1,0,2,122,0,0,0,0,0,0,0.0,0,0,0,0,15,0,0,6.45,0,0,0,0,0,0,0,0,0.0,0.0,0,0,0,0,0,4,66.67,0,0,0,0.0,1,1,6,1,5,38.46,1,18,13,31,12.9,0,0,47,1,0,0,Emir Sahiti,Hamburger SV,841985,2676
4,0,0.0,11,4,80.0,30,18,48,85.71,1,50.0,1,2,0,0,0,0,4,0,0,1,0,2,2,0,0,0,0,3,0,0,0.04,0.31,2,0,0.0,0,0,0,2,2,0,0,0,,2,50.0,0,0,0,8,2,0,0,2,107,0,0,0,0,0,0,0.0,0,0,0,0,19,1,0,6.45,0,0,0,0,0,0,0,0,0.0,0.0,0,2,1,1,1,0,0.0,0,0,0,0.0,0,6,0,5,3,50.0,5,35,21,56,12.9,3,0,84,2,2,0,Pascal Stenzel,VfB Stuttgart,352562,2677
1,0,0.0,11,0,0.0,12,4,16,69.57,1,25.0,3,6,0,0,0,0,1,1,0,1,0,1,6,0,0,2,1,8,0,0,0.07,0.29,2,0,0.0,0,0,0,2,2,0,0,0,,4,44.44,0,0,0,7,0,2,0,0,126,0,0,0,0,0,0,0.0,0,0,0,0,12,0,0,6.45,0,0,0,0,0,0,0,0,0.0,0.0,0,2,2,3,0,1,100.0,0,1,1,100.0,2,1,1,0,5,38.46,0,18,5,23,38.7,4,0,40,2,0,0,Alejo Sarco,Borussia M'gladbach,1482433,2527
4,2,40.0,37,8,25.0,89,194,283,83.48,11,50.0,11,11,0,0,0,0,28,0,0,1,0,46,11,0,0,1,4,25,1,0,0.45,0.03,7,0,0.0,0,0,0,12,10,2,0,0,,17,54.84,0,0,0,56,5,2,0,5,540,0,1,0,0,0,0,0.0,0,0,0,0,70,1,0,6.44,0,0,0,0,0,0,0,0,0.0,0.0,0,0,2,1,0,1,33.33,0,15,6,40.0,2,12,3,5,28,52.83,32,118,221,339,70.8,2,0,442,1,3,0,Julián Malatini,SV Werder Bremen,1087043,2534
12,6,18.75,145,12,30.0,274,225,499,81.8,17,41.46,24,27,3,0,0,0,55,3,5,1,5,49,24,0,0,13,14,73,0,2,1.91,2.89,17,0,5.26,0,1,4,29,27,2,1,0,,52,51.49,0,0,0,111,3,16,1,18,1593,0,4,0,0,0,0,0.0,0,0,0,1,197,2,0,6.43,0,0,0,0,0,0,0,0,1593.0,0.0,0,16,3,7,11,6,54.55,0,30,16,53.33,16,23,11,32,69,48.59,40,344,266,610,154.4,19,0,995,16,3,0,Josha Vagnoman,VfB Stuttgart,906278,2677
0,0,0.0,3,1,100.0,9,6,15,88.24,0,0.0,5,3,0,0,0,0,1,0,0,0,0,0,3,0,0,3,0,12,0,0,0.01,,4,0,0.0,0,0,0,4,3,1,0,0,,3,30.0,0,0,0,2,0,0,0,0,70,0,1,0,0,0,0,0.0,0,0,0,0,7,1,0,6.43,0,0,0,0,0,0,0,0,0.0,0.0,0,0,0,0,0,1,100.0,0,0,0,0.0,0,0,1,0,3,20.0,1,11,6,17,19.3,0,0,29,2,0,0,Jessic Ngankam,Eintracht Frankfurt,906276,2674
1,2,40.0,18,0,0.0,24,3,27,84.38,0,0.0,4,6,0,0,0,0,1,0,0,1,0,0,6,0,0,2,1,7,0,0,0.47,0.15,0,0,0.0,0,0,0,3,2,1,0,0,,2,40.0,0,0,0,5,0,3,0,0,99,0,0,0,0,0,0,0.0,0,0,0,0,17,0,0,6.43,0,0,0,0,0,0,0,0,0.0,0.0,0,1,1,1,0,1,100.0,0,0,0,0.0,3,2,1,5,2,22.22,0,29,3,32,38.6,2,0,53,1,0,0,Cole Campbell,TSG Hoffenheim,1134578,2569
0,0,0.0,3,0,0.0,9,5,14,82.35,0,0.0,0,4,0,0,0,0,1,0,0,0,0,0,3,0,0,2,0,2,0,0,0.01,0.09,0,0,0.0,0,0,0,0,0,0,0,0,,0,0.0,0,0,0,3,1,0,0,0,37,0,0,0,0,0,0,0.0,0,0,0,0,8,0,0,6.43,0,0,0,0,0,0,0,0,0.0,0.0,0,1,1,1,1,0,0.0,0,0,0,0.0,0,0,0,1,0,0.0,0,12,5,17,19.3,2,0,26,0,0,0,Wisdom Mike,FC Bayern München,1976732,2672
11,3,60.0,39,35,39.77,140,416,556,83.86,27,58.7,19,21,0,0,0,0,48,1,0,1,0,89,21,0,0,10,9,67,0,1,0.36,0.25,27,0,0.0,22,0,0,40,36,4,0,0,,71,59.66,0,0,0,107,13,1,0,18,1448,0,7,0,0,0,1,0.0,0,0,0,0,135,0,0,6.43,0,0,0,0,0,0,0,0,0.0,0.0,0,4,1,2,2,5,71.43,0,35,19,54.29,1,36,7,5,98,59.39,88,215,448,663,135.0,5,0,936,31,6,0,Benedikt Gimber,1. FC Heidenheim,798936,5885
0,1,5.0,52,2,66.67,74,25,99,66.0,11,15.07,62,21,0,0,0,1,23,1,7,4,0,5,21,0,0,15,5,106,0,0,0.53,4.27,9,0,19.05,0,4,4,23,22,1,4,0,,22,33.33,1,0,0,51,1,6,1,15,1084,6,2,0,0,1,0,0.0,0,0,0,0,148,3,0,6.42,0,2,0,0,0,0,0,0,271.0,0.0,0,18,3,4,13,9,33.33,0,7,0,0.0,6,2,27,20,33,23.74,3,115,35,150,134.9,21,0,334,6,2,0,Andreas Hountondji,FC St. Pauli,1112796,2526
0,0,0.0,7,0,0.0,11,5,16,76.19,2,13.33,13,5,0,0,0,0,3,0,1,0,0,1,5,0,0,7,2,26,0,0,0.05,0.65,2,0,20.0,0,1,1,5,4,1,1,0,,3,18.75,0,0,0,5,1,2,0,2,139,0,0,0,0,0,0,0.0,0,0,0,0,19,0,0,6.42,0,1,0,0,0,0,0,0,139.0,0.0,0,4,1,3,2,1,33.33,0,0,0,0.0,2,0,3,0,5,16.13,0,14,7,21,32.1,5,0,53,2,0,0,Younes Ebnoutalib,Eintracht Frankfurt,1474296,2674
16,4,10.81,118,32,43.84,222,214,436,77.03,11,32.35,23,26,2,0,0,0,62,3,1,2,0,27,25,0,0,12,11,76,0,0,1.36,0.43,22,0,0.0,0,0,2,41,37,4,0,0,,55,50.93,0,0,0,130,14,13,0,16,1514,2,1,0,0,0,0,0.0,0,0,0,0,243,2,0,6.42,0,0,0,0,0,0,0,0,0.0,0.0,0,3,7,6,2,13,52.0,0,24,9,37.5,13,39,25,37,66,46.48,73,319,247,566,160.5,10,0,983,19,2,0,Omar Haktab Traore,1. FC Heidenheim,920022,5885
23,10,15.15,143,32,32.32,293,333,626,77.09,29,52.73,26,31,0,0,0,0,113,5,0,15,2,84,31,0,0,16,16,90,1,3,3.07,1.55,11,0,0.0,0,0,0,52,46,6,0,0,,71,52.59,0,0,0,186,14,21,0,28,2505,4,5,0,0,0,0,0.0,0,0,0,0,396,3,0,6.42,0,0,0,0,0,0,0,0,0.0,0.0,2,19,12,11,5,18,46.15,0,44,26,59.09,21,79,39,66,100,52.63,99,427,385,812,199.0,31,0,1410,9,5,0,Sebastian Sebulonsen,1. FC Köln,1020206,2671
1,2,33.33,36,1,33.33,60,29,89,78.07,3,42.86,4,13,0,0,0,0,21,2,1,1,0,3,12,0,0,10,7,40,0,0,0.43,0.97,10,0,0.0,0,0,0,12,11,1,0,0,,20,35.71,0,0,1,25,0,4,0,4,390,0,0,0,0,0,0,0.0,0,0,0,0,61,1,0,6.42,0,0,0,0,0,0,0,0,0.0,0.0,0,6,3,3,5,8,44.44,0,8,5,62.5,4,3,18,6,23,36.51,3,79,35,114,77.0,9,0,207,4,2,0,Jesper Lindstrøm,VfL Wolfsburg,947929,2524
5,1,20.0,60,3,42.86,99,43,142,75.13,23,38.98,36,20,1,0,0,0,28,1,4,11,0,11,20,0,0,11,7,72,0,0,0.72,2.04,16,0,4.0,0,1,2,10,9,1,1,0,,20,35.71,0,0,0,47,1,8,1,7,659,2,0,0,0,0,0,0.0,0,0,0,0,110,4,0,6.42,0,0,0,0,0,0,0,0,659.0,0.0,0,20,5,11,3,5,55.56,0,9,5,55.56,8,7,9,5,43,37.39,7,137,52,189,128.3,25,0,330,7,4,0,Keke Topp,SV Werder Bremen,1166832,2534
0,0,0.0,19,1,50.0,33,22,55,78.57,7,21.88,25,12,0,0,0,0,8,1,1,2,0,6,11,0,0,6,0,45,0,0,0.14,0.59,8,0,0.0,0,0,0,8,8,0,0,0,,9,31.03,0,0,0,15,0,7,0,6,550,2,1,0,0,0,0,0.0,0,0,0,0,47,0,0,6.41,0,0,0,0,0,0,0,0,0.0,0.0,0,5,2,1,4,2,22.22,0,6,2,33.33,7,1,9,0,16,26.23,2,45,25,70,70.5,7,0,140,1,0,0,Damion Downs,Hamburger SV,1146091,2676
1,0,0.0,10,1,100.0,14,14,28,73.68,3,21.43,11,6,0,0,0,0,6,0,1,3,0,1,6,0,0,4,0,17,0,0,0.2,1.13,2,0,20.0,0,1,1,5,3,2,1,0,,3,33.33,0,0,0,10,0,2,0,1,140,1,0,0,0,1,0,100.0,0,1,0,0,22,0,0,6.4,0,1,0,0,0,0,0,0,140.0,0.0,0,4,1,1,1,1,50.0,0,1,1,100.0,2,1,2,0,6,26.09,1,21,17,38,38.4,5,0,64,1,0,0,Michy Batshuayi,Eintracht Frankfurt,147745,2674
2,0,0.0,23,0,0.0,38,28,66,83.54,6,42.86,8,10,1,0,0,0,5,1,6,1,0,0,10,0,0,6,0,21,0,0,0.15,0.8,2,0,0.0,0,0,1,13,11,2,0,0,,7,35.0,0,0,0,13,0,4,0,3,330,4,1,0,0,0,0,0.0,0,0,0,0,46,0,0,6.4,0,0,0,0,0,0,0,0,0.0,0.0,0,6,1,3,3,1,14.29,0,2,1,50.0,4,2,7,6,13,38.24,0,48,31,79,64.0,7,0,135,4,1,0,Elye Wahi,Eintracht Frankfurt,979315,2674
0,1,100.0,0,0,0.0,1,4,5,83.33,0,0.0,0,1,0,0,0,0,0,0,0,0,0,2,1,0,0,0,0,0,0,0,0.03,,0,0,0.0,0,0,0,1,1,0,0,0,,0,0.0,0,0,0,1,0,0,0,0,22,0,0,0,0,0,0,0.0,0,0,0,0,3,0,0,6.4,0,0,0,0,0,0,0,0,0.0,0.0,0,0,0,0,0,0,0.0,0,0,0,0.0,0,1,0,1,0,0.0,0,1,5,6,6.4,0,0,14,0,0,0,Jusuf Gazibegović,1. FC Köln,907530,2671
1,0,0.0,3,0,0.0,3,2,5,55.56,2,20.0,8,5,0,0,0,0,3,0,0,1,0,1,4,0,0,1,0,10,0,0,0.01,0.23,1,0,0.0,0,0,0,1,1,0,0,0,,1,33.33,0,0,1,4,0,0,0,0,50,0,0,0,0,0,0,0.0,0,0,0,1,13,1,0,6.4,0,0,0,0,0,0,0,0,0.0,0.0,0,3,0,2,0,0,0.0,0,0,0,0.0,0,1,0,1,3,23.08,1,7,2,9,25.6,3,0,30,1,0,0,Uchenna Ogundu,FC Augsburg,1996846,2600
0,0,0.0,2,0,0.0,2,1,3,42.86,1,33.33,2,4,0,0,0,0,0,0,1,0,0,0,2,0,0,0,0,2,0,0,0.0,0.14,0,0,0.0,0,0,0,2,1,1,0,0,,0,0.0,0,0,0,4,0,0,0,0,31,0,0,0,0,0,0,0.0,0,0,0,0,7,0,0,6.4,0,0,0,0,0,0,0,0,0.0,0.0,0,1,0,1,0,0,0.0,0,0,0,0.0,0,0,0,0,1,33.33,2,3,4,7,12.8,1,0,12,0,0,0,Taichi Hara,FC St. Pauli,925790,2526
0,0,0.0,2,0,0.0,3,3,6,60.0,0,0.0,3,3,0,0,0,0,2,0,0,1,0,0,3,0,0,0,0,5,0,0,0.04,0.06,1,0,0.0,0,0,0,0,0,0,0,0,,1,33.33,0,0,0,4,0,0,0,0,35,0,0,0,0,0,0,0.0,0,0,0,0,8,0,0,6.4,0,0,0,0,0,0,0,0,0.0,0.0,0,1,0,0,0,0,0.0,0,0,0,0.0,0,0,1,0,1,16.67,0,5,5,10,19.2,1,0,17,1,1,0,Aiman Dardari,FC Augsburg,1481370,2600
1,1,100.0,4,2,33.33,6,15,21,67.74,3,37.5,5,6,0,0,0,0,1,0,1,0,0,11,4,0,0,0,1,12,0,1,0.07,0.65,5,0,50.0,0,1,1,3,3,0,1,0,,2,22.22,0,0,0,10,1,1,1,0,89,0,0,0,0,0,0,0.0,0,0,0,0,14,0,0,6.38,0,0,0,0,0,0,0,0,89.0,0.0,0,2,0,1,1,0,0.0,0,1,1,100.0,1,3,1,1,5,29.41,6,13,18,31,25.5,2,0,55,1,1,0,Adam Kölle,1. FC Heidenheim,2192753,5885
0,0,0.0,0,0,0.0,3,1,4,50.0,0,0.0,3,2,0,0,0,0,0,0,0,0,0,0,2,0,0,0,0,5,0,0,0.0,,2,0,0.0,0,0,0,1,1,0,0,0,,1,33.33,0,0,0,4,0,0,0,0,32,0,0,0,0,0,0,0.0,0,0,0,0,6,0,0,6.35,0,0,0,0,0,0,0,0,0.0,0.0,0,0,0,0,0,0,0.0,0,1,1,100.0,0,1,0,0,1,16.67,0,6,2,8,12.7,0,0,13,0,0,0,Maximilian Philipp,SC Freiburg,171927,2538
0,0,0.0,4,0,0.0,6,3,9,81.82,2,66.67,1,5,0,0,0,0,1,0,2,1,0,0,3,0,0,3,0,4,0,0,0.01,0.46,0,0,0.0,0,0,0,3,2,1,0,0,,1,25.0,0,0,0,2,0,0,0,0,36,0,0,0,0,0,0,0.0,0,0,0,0,11,0,0,6.33,0,0,0,0,0,0,0,0,0.0,0.0,0,2,1,1,1,0,0.0,0,0,0,0.0,0,0,0,0,3,42.86,0,7,4,11,19.0,3,0,27,1,0,0,Adam Hložek,TSG Hoffenheim,963801,2569
0,0,0.0,13,1,50.0,33,40,73,96.05,1,33.33,2,6,0,0,0,0,5,0,1,1,0,3,6,0,0,2,1,20,0,0,0.03,0.22,7,0,0.0,0,0,0,4,4,0,0,0,,15,45.45,0,0,0,3,1,0,0,2,221,0,0,0,0,0,1,0.0,0,0,0,0,23,0,0,6.33,0,0,0,0,0,0,0,0,0.0,0.0,0,2,1,1,1,7,46.67,0,1,1,100.0,0,0,15,2,16,44.44,2,33,43,76,38.0,3,0,139,7,1,0,Axel Tape,Bayer 04 Leverkusen,1937795,2681
8,1,20.0,63,15,42.86,141,244,385,87.7,18,46.15,21,16,0,0,0,0,27,0,0,3,2,49,16,0,0,3,4,43,1,0,0.33,0.23,16,0,0.0,0,0,0,27,22,5,0,0,,20,47.62,0,0,0,54,11,2,0,13,1080,0,10,0,0,0,0,0.0,0,0,0,0,75,1,0,6.31,0,0,0,0,0,0,0,0,0.0,0.0,0,4,1,2,0,1,100.0,0,11,9,81.82,2,27,1,5,38,46.91,35,173,266,439,100.9,5,0,604,8,5,0,Joel Schmied,1. FC Köln,965950,2671
1,0,0.0,1,4,50.0,11,21,32,88.89,1,50.0,1,1,0,0,0,0,2,0,0,0,0,2,1,0,0,0,1,4,0,0,0.01,,2,0,0.0,0,0,0,1,1,0,0,0,,1,25.0,0,0,0,4,1,0,0,1,44,0,1,0,0,0,0,0.0,0,0,0,0,4,0,0,6.3,0,0,0,0,0,0,0,0,0.0,0.0,0,0,0,0,0,0,0.0,0,1,0,0.0,0,3,0,0,2,33.33,8,15,21,36,6.3,0,0,43,0,1,0,Koki Machida,TSG Hoffenheim,790977,2569
0,0,0.0,0,0,0.0,0,5,5,100.0,0,0.0,0,1,0,0,0,0,0,0,0,0,0,1,1,0,0,0,0,0,0,0,0.0,,0,0,0.0,0,0,0,1,0,1,0,0,,0,0.0,0,0,0,0,0,0,0,0,8,0,0,0,0,0,0,0.0,0,0,0,0,1,0,0,6.3,0,0,0,0,0,0,0,0,0.0,0.0,0,0,0,0,0,0,0.0,0,0,0,0.0,0,0,0,0,0,0.0,0,0,5,5,6.3,0,0,7,0,0,0,Deniz Ofli,FC Bayern München,1584884,2672
0,0,0.0,0,0,0.0,0,0,0,0.0,0,0.0,0,1,0,0,0,0,0,0,0,0,0,0,1,0,0,0,1,2,0,0,,,1,0,0.0,0,0,0,0,0,0,0,0,,0,0.0,0,0,0,3,0,0,0,0,14,0,0,0,0,0,0,0.0,0,0,0,0,3,0,0,6.3,0,0,0,0,0,0,0,0,0.0,0.0,0,0,0,0,0,0,0.0,0,0,0,0.0,0,0,0,0,0,0.0,0,3,0,3,6.3,0,0,3,0,1,0,Linus Guther,1. FC Union Berlin,2311163,2547
0,0,0.0,7,2,100.0,15,10,25,89.29,2,40.0,3,2,0,0,0,0,1,0,0,0,0,0,2,0,0,1,0,6,0,0,0.03,,2,0,0.0,0,0,0,3,3,0,0,0,,1,25.0,0,0,0,3,0,0,0,0,65,0,1,0,0,0,0,0.0,0,0,0,0,8,1,0,6.3,0,0,0,0,0,0,0,0,0.0,0.0,0,0,0,0,0,0,0.0,0,1,1,100.0,0,0,0,1,3,33.33,2,18,10,28,12.6,0,0,40,0,0,0,Merlin Röhl,SC Freiburg,1064082,2538
0,0,0.0,2,0,0.0,2,3,5,55.56,0,0.0,1,2,0,0,0,0,3,0,0,0,0,0,2,0,0,0,0,1,0,0,0.0,,0,0,0.0,0,0,0,2,2,0,0,0,,2,100.0,0,0,0,4,0,1,0,0,16,0,0,0,0,0,0,0.0,0,0,0,0,4,0,0,6.3,0,0,0,0,0,0,0,0,0.0,0.0,0,0,0,0,0,0,0.0,0,1,1,100.0,1,1,0,0,2,66.67,1,4,5,9,12.6,0,0,15,1,0,0,Tim Oermann,Bayer 04 Leverkusen,1138778,2681
0,0,0.0,0,0,0.0,2,2,4,80.0,0,0.0,0,2,0,0,0,0,0,0,0,0,0,2,1,0,0,0,0,0,0,0,0.0,,0,0,0.0,0,0,0,1,1,0,0,0,,0,0.0,0,0,0,1,0,0,0,0,14,0,0,0,0,0,0,0.0,0,0,0,0,1,0,0,6.3,0,0,0,0,0,0,0,0,0.0,0.0,0,0,0,0,0,0,0.0,0,0,0,0.0,0,0,0,0,0,0.0,1,3,2,5,6.3,0,0,7,0,0,0,Shafiq Nandja,Hamburger SV,2204961,2676
3,2,33.33,22,5,62.5,42,66,108,87.1,2,100.0,0,5,0,0,0,0,9,0,0,0,1,10,4,0,0,3,3,11,0,0,0.09,,1,0,0.0,0,0,0,4,4,0,0,0,,2,15.38,0,0,0,16,1,0,0,3,252,0,0,0,0,0,0,0.0,0,0,0,0,28,1,0,6.3,0,0,0,0,0,0,0,0,0.0,0.0,0,0,0,0,0,0,0.0,0,1,1,100.0,0,8,4,6,4,26.67,8,53,71,124,25.2,0,0,171,1,0,0,Kosta Nedeljković,RB Leipzig,1152923,36360
7,2,12.5,53,20,47.62,106,188,294,80.55,12,57.14,9,11,0,0,0,0,21,1,0,0,0,32,11,0,0,3,8,35,0,1,0.32,0.11,10,0,0.0,0,0,0,21,18,3,0,0,,25,49.02,0,0,0,71,12,3,0,10,803,0,3,1,0,0,0,0.0,0,0,0,0,115,1,0,6.29,0,0,0,0,0,0,0,0,0.0,0.0,0,1,1,2,0,1,16.67,0,20,12,60.0,3,14,6,16,37,51.39,42,141,224,365,69.2,2,0,576,4,0,0,Kilian Fischer,VfL Wolfsburg,995316,2524
1,0,0.0,3,0,0.0,9,11,20,71.43,1,100.0,0,2,0,0,0,0,3,0,0,0,0,3,2,0,0,0,0,2,0,0,0.0,,1,0,0.0,0,0,0,3,2,1,0,0,,2,50.0,0,0,0,8,1,0,0,1,83,0,1,0,0,0,0,0.0,0,0,0,0,10,0,0,6.25,0,0,0,0,0,0,0,0,0.0,0.0,0,0,0,0,0,0,0.0,0,2,1,50.0,0,3,1,0,3,60.0,1,17,11,28,12.5,0,0,43,0,0,0,Cenny Neumann,1. FC Köln,1823913,2671
0,0,0.0,5,0,0.0,5,0,5,55.56,0,0.0,4,1,0,0,0,0,0,1,0,0,0,3,1,0,0,4,0,9,0,0,0.1,,1,0,0.0,0,0,0,2,1,1,0,0,,5,50.0,0,0,0,4,0,1,0,1,90,1,1,0,0,0,0,0.0,0,0,0,0,9,0,0,6.2,0,0,0,0,0,0,0,0,0.0,0.0,0,0,0,0,0,1,100.0,0,1,0,0.0,1,0,1,0,5,35.71,0,9,0,9,6.2,0,0,29,3,0,0,Nick Woltemade,VfB Stuttgart,980623,2677
2,0,0.0,5,1,100.0,9,24,33,89.19,0,0.0,0,1,0,0,0,0,6,0,0,0,0,0,1,0,0,0,0,3,0,0,0.03,,1,0,0.0,0,0,0,6,6,0,0,0,,5,62.5,0,0,0,4,1,1,0,1,90,0,0,0,0,0,0,0.0,0,0,0,0,11,0,0,6.2,0,0,0,0,0,0,0,0,0.0,0.0,0,0,0,0,0,2,50.0,0,0,0,0.0,1,2,4,2,5,62.5,1,11,26,37,6.2,0,0,53,3,0,0,Xavi Simons,RB Leipzig,997183,36360
1,0,0.0,11,0,0.0,19,35,54,90.0,0,0.0,0,4,0,0,0,0,4,0,0,0,0,9,4,0,0,2,0,4,0,0,0.17,,3,0,0.0,2,0,0,5,3,2,0,0,,1,20.0,0,0,0,6,0,1,0,2,141,1,0,0,0,0,1,0.0,0,0,0,0,13,0,0,6.2,0,0,0,0,0,0,0,0,0.0,0.0,0,0,0,0,0,0,0.0,0,1,0,0.0,1,1,0,1,1,20.0,2,20,40,60,24.8,0,0,82,0,1,0,Aboubaka Soumahoro,Hamburger SV,1605225,2676
1,2,40.0,5,3,20.0,26,26,52,72.22,5,50.0,5,4,0,0,0,0,7,0,0,1,0,7,2,0,0,1,1,11,0,0,0.11,0.08,4,0,0.0,0,0,0,3,3,0,0,0,,3,33.33,0,0,0,20,1,0,0,1,137,0,1,0,0,0,1,0.0,0,0,0,0,33,1,0,6.2,0,0,0,0,0,0,0,0,0.0,0.0,0,3,0,2,0,1,50.0,0,2,1,50.0,0,6,2,5,8,42.11,15,43,29,72,12.4,3,0,116,0,1,0,Jonas Adjei Adjetey,VfL Wolfsburg,1218056,2524
0,0,0.0,6,0,0.0,8,4,12,52.17,1,25.0,3,2,0,0,0,0,2,0,0,0,0,0,1,0,0,3,0,6,0,0,0.02,0.07,0,0,0.0,0,0,0,1,1,0,0,0,,1,25.0,0,0,0,11,0,0,0,1,78,1,0,0,0,0,0,0.0,0,0,0,0,18,1,0,6.2,0,0,0,0,0,0,0,0,0.0,0.0,0,1,0,1,0,1,100.0,0,0,0,0.0,0,1,1,0,2,25.0,0,17,6,23,6.2,1,0,34,0,0,0,Fabio Moreno Fell,1. FSV Mainz 05,1065051,2556
1,0,0.0,9,0,0.0,21,32,53,77.94,0,0.0,3,4,0,0,0,0,1,0,0,0,0,4,4,0,0,0,2,9,0,0,0.13,0.02,3,0,0.0,0,0,0,8,6,2,0,0,,9,60.0,0,0,0,15,0,1,0,1,151,0,1,0,0,0,0,0.0,0,0,0,0,22,0,0,6.18,0,0,0,0,0,0,0,0,0.0,0.0,0,0,1,1,0,1,50.0,0,6,6,100.0,1,4,2,2,9,50.0,3,29,39,68,24.7,1,0,106,2,1,0,Aurélio Buta,Eintracht Frankfurt,357752,2674
0,0,0.0,9,0,0.0,12,6,18,78.26,1,100.0,0,6,0,0,0,0,6,0,0,1,0,1,6,0,0,0,0,5,0,0,0.03,0.05,4,0,0.0,0,0,0,0,0,0,0,0,,5,50.0,0,0,0,5,0,0,0,0,63,0,0,0,0,0,0,0.0,0,0,0,0,13,1,0,6.17,1,0,0,0,0,0,0,0,0.0,0.0,0,0,1,0,0,1,50.0,0,2,1,50.0,0,3,2,4,6,54.55,3,16,7,23,37.0,1,0,40,2,0,1,Immanuel Pherai,Hamburger SV,989203,2676
1,1,100.0,11,3,30.0,31,57,88,86.27,1,33.33,2,4,0,0,0,0,7,0,0,0,0,8,2,0,1,2,0,6,0,0,0.15,,1,0,0.0,0,0,0,2,2,0,0,0,,3,42.86,0,0,0,14,2,0,0,2,132,0,0,0,0,0,1,0.0,0,0,0,0,19,0,0,6.15,1,0,0,0,0,0,0,0,0.0,0.0,0,0,0,0,0,0,0.0,0,1,0,0.0,0,6,1,1,4,40.0,10,42,60,102,12.3,0,0,126,2,0,0,Filippo Mané,Borussia Dortmund,1137131,2673
0,0,0.0,6,2,66.67,12,21,33,82.5,1,33.33,2,8,0,0,0,0,1,0,0,0,0,4,4,0,1,0,0,3,0,0,0.01,,1,0,0.0,1,0,0,4,3,1,0,0,,4,80.0,0,0,0,7,1,0,0,1,58,0,0,0,0,0,1,0.0,0,0,0,0,10,0,0,5.53,1,0,0,0,0,0,0,0,0.0,0.0,0,0,0,0,0,0,0.0,0,4,1,25.0,0,1,0,0,5,62.5,3,15,25,40,22.1,0,0,57,0,0,0,Kevin Akpoguma,TSG Hoffenheim,187423,2569
0,0,0.0,0,0,0.0,1,1,2,100.0,0,0.0,0,1,0,0,0,0,1,0,0,0,0,0,0,0,0,0,0,0,0,0,0.0,,0,0,0.0,0,0,0,0,0,0,0,0,,0,0.0,0,0,0,0,0,0,0,0,1,0,0,0,0,0,0,0.0,0,0,0,0,1,0,0,0.0,0,0,0,0,0,0,0,0,0.0,0.0,0,0,0,0,0,0,0.0,0,0,0,0.0,0,0,0,0,0,0.0,0,1,1,2,0.0,0,0,3,0,0,0,Cassiano Kiala,FC Bayern München,1994978,2672
0,0,0.0,2,0,0.0,2,0,2,66.67,0,0.0,0,1,0,0,0,0,0,0,0,0,0,0,0,0,0,0,0,1,0,0,0.01,,1,0,0.0,0,0,0,0,0,0,0,0,,1,50.0,0,0,0,1,0,0,0,0,1,0,0,0,0,0,0,0.0,0,0,0,0,2,0,0,0.0,0,0,0,0,0,0,0,0,0.0,0.0,0,0,0,0,0,0,0.0,0,1,1,100.0,0,0,0,1,1,50.0,0,3,0,3,0.0,0,0,6,0,0,0,Mathis Albert,Borussia Dortmund,1937835,2673
0,0,0.0,1,0,0.0,2,1,3,60.0,0,0.0,0,1,0,0,0,0,1,0,0,0,0,0,0,0,0,0,0,1,0,0,0.0,,0,0,0.0,0,0,0,0,0,0,0,0,,2,66.67,0,0,0,2,0,0,0,0,1,0,0,0,0,0,0,0.0,0,0,0,0,3,0,0,0.0,0,0,0,0,0,0,0,0,0.0,0.0,0,0,0,0,0,0,0.0,0,2,2,100.0,0,1,1,0,2,66.67,1,3,2,5,0.0,0,0,8,0,0,0,Isak Hansen Aarøen,SV Werder Bremen,1019011,2534
0,0,0.0,0,0,0.0,2,3,5,83.33,0,0.0,0,1,0,0,0,0,0,0,0,0,0,0,0,0,0,0,0,0,0,0,0.0,,0,0,0.0,0,0,0,0,0,0,0,0,,0,0.0,0,0,0,1,1,0,0,0,3,0,0,0,0,0,0,0.0,0,0,0,0,1,0,0,0.0,0,0,0,0,0,0,0,0,0.0,0.0,0,0,0,0,0,0,0.0,0,0,0,0.0,0,0,0,0,0,0.0,0,3,3,6,0.0,0,0,7,0,0,0,Erblin Osmani,FC Bayern München,1994983,2672
0,0,0.0,0,0,0.0,0,0,0,0.0,0,0.0,0,1,0,0,0,0,0,0,0,0,0,0,0,0,0,1,0,1,0,0,,,0,0,0.0,0,0,0,0,0,0,0,0,,0,0.0,0,0,0,0,0,0,0,0,1,0,0,0,0,0,0,0.0,0,0,0,0,1,0,0,0.0,0,0,0,0,0,0,0,0,0.0,0.0,0,0,0,0,0,0,0.0,0,0,0,0.0,0,0,0,0,0,0.0,0,0,0,0,0.0,0,0,1,0,0,0,Yannick Eduardo,TSG Hoffenheim,1440627,2569
0,0,0.0,0,0,0.0,1,1,2,100.0,0,0.0,0,1,0,0,0,0,0,0,0,0,0,0,0,0,0,0,1,1,0,0,0.0,,0,0,0.0,0,0,0,0,0,0,0,0,,0,0.0,0,0,0,0,0,0,0,1,7,0,0,0,0,0,0,0.0,0,0,0,0,0,0,0,0.0,0,0,0,0,0,0,0,0,0.0,0.0,0,0,0,0,0,0,0.0,0,0,0,0.0,0,0,0,0,0,0.0,0,1,1,2,0.0,0,0,2,0,0,0,Leart Paqarada,1. FC Heidenheim,151581,5885
0,0,0.0,0,0,0.0,0,0,0,0.0,0,0.0,0,1,0,0,0,0,0,0,0,0,0,1,0,0,0,0,0,0,0,0,,,0,0,0.0,0,0,0,0,0,0,0,0,,0,0.0,0,0,0,0,0,0,0,0,1,0,0,0,0,0,0,0.0,0,0,0,0,0,0,0,0.0,0,0,0,0,0,0,0,0,0.0,0.0,0,0,0,0,0,0,0.0,0,0,0,0.0,0,0,0,0,0,0.0,0,0,0,0,0.0,0,0,1,0,0,0,Louis Lemke,Hamburger SV,1995000,2676
0,0,0.0,1,0,0.0,1,1,2,100.0,0,0.0,0,1,0,0,0,0,0,0,0,0,0,0,0,0,0,0,0,0,0,0,0.0,,0,0,0.0,0,0,0,0,0,0,0,0,,0,0.0,0,0,0,0,0,0,0,0,1,0,0,0,0,0,0,0.0,0,0,0,0,0,0,0,0.0,0,0,0,0,0,0,0,0,0.0,0.0,0,0,0,0,0,0,0.0,0,0,0,0.0,0,0,0,0,0,0.0,0,1,1,2,0.0,0,0,2,0,0,0,Tobias Weigel,1. FC Heidenheim,2255188,5885
0,0,0.0,0,0,0.0,0,1,1,50.0,0,0.0,0,3,0,0,0,0,1,0,0,0,0,0,0,0,0,0,1,1,0,0,0.0,,0,0,0.0,0,0,0,0,0,0,0,0,,0,0.0,0,0,0,1,0,0,0,0,3,0,0,0,0,0,0,0.0,0,0,0,0,1,0,0,0.0,0,0,0,0,0,0,0,0,0.0,0.0,0,0,0,0,0,0,0.0,0,0,0,0.0,0,0,0,0,0,0.0,0,1,1,2,0.0,0,0,2,0,0,0,Kevin Kampl,RB Leipzig,84251,36360
0,0,0.0,0,0,0.0,0,1,1,100.0,0,0.0,0,2,0,0,0,0,0,0,1,1,0,0,0,0,0,2,0,2,0,0,0.0,0.97,0,0,0.0,0,0,0,0,0,0,0,0,,0,0.0,0,0,0,0,0,0,0,0,5,0,0,0,0,0,0,0.0,0,0,0,0,3,0,0,0.0,0,0,0,0,0,0,0,0,0.0,0.0,0,3,0,1,1,0,0.0,0,0,0,0.0,0,0,0,0,0,0.0,0,0,1,1,0.0,3,0,7,0,0,0,Dmytro Bogdanov,1. FC Union Berlin,1568506,2547
