accurateChippedPasses,accurateCrosses,accurateCrossesPercentage,accurateFinalThirdPasses,accurateLongBalls,accurateLongBallsPercentage,accurateOppositionHalfPasses,accurateOwnHalfPasses,accuratePasses,accuratePassesPercentage,aerialDuelsWon,aerialDuelsWonPercentage,aerialLost,appearances,assists,attemptPenaltyMiss,attemptPenaltyPost,attemptPenaltyTarget,ballRecovery,bigChancesCreated,bigChancesMissed,blockedShots,cleanSheet,clearances,countRating,crossesNotClaimed,directRedCards,dispossessed,dribbledPast,duelLost,errorLeadToGoal,errorLeadToShot,expectedAssists,expectedGoals,fouls,freeKickGoal,goalConversionPercentage,goalKicks,goals,goalsAssistsSum,goalsConceded,goalsConcededInsideTheBox,goalsConcededOutsideTheBox,goalsFromInsideTheBox,goalsFromOutsideTheBox,goalsPrevented,groundDuelsWon,groundDuelsWonPercentage,headedGoals,highClaims,hitWoodwork,inaccuratePasses,interceptions,keyPasses,leftFootGoals,matchesStarted,minutesPlayed,offsides,outfielderBlocks,ownGoals,passToAssist,penaltiesTaken,penaltyConceded,penaltyConversion,penaltyFaced,penaltyGoals,penaltySave,penaltyWon,possessionLost,possessionWonAttThird,punches,rating,redCards,rightFootGoals,runsOut,savedShotsFromInsideTheBox,savedShotsFromOutsideTheBox,saves,savesCaught,savesParried,scoringFrequency,setPieceConversion,shotFromSetPiece,shotsFromInsideTheBox,shotsFromOutsideTheBox,shotsOffTarget,shotsOnTarget,successfulDribbles,successfulDribblesPercentage,successfulRunsOut,tackles,tacklesWon,tacklesWonPercentage,totalAttemptAssist,totalChippedPasses,totalContest,totalCross,totalDuelsWon,totalDuelsWonPercentage,totalLongBalls,totalOppositionHalfPasses,totalOwnHalfPasses,totalPasses,totalRating,totalShots,totwAppearances,touches,wasFouled,yellowCards,yellowRedCards,player,team,player id,team id
2,0,0.0,5,2,50.0,9,8,17,70.83,1,25.0,3,1,0,0,0,0,4,0,0,0,0,0,1,0,0,1,2,6,0,0,0.01,0.22,0,1,50.0,0,1,1,1,0,1,0,1,,3,50.0,0,0,0,7,0,0,0,1,87,0,0,0,0,0,0,0.0,0,0,0,0,13,2,0,8.0,0,1,0,0,0,0,0,0,87.0,100.0,1,0,2,1,1,1,100.0,0,1,0,0.0,0,5,1,1,4,40.0,4,16,8,24,8.0,2,0,36,1,0,0,Armin Gigović,Holstein Kiel,988893,2573
4,0,0.0,2,13,34.21,6,47,53,67.95,3,100.0,0,2,0,0,0,0,25,0,0,0,1,5,2,0,0,0,1,1,0,0,0.0,,0,0,0.0,5,0,0,1,1,0,0,0,1.64,1,50.0,0,3,0,25,0,0,0,2,180,0,0,0,0,0,0,0.0,0,0,0,0,25,0,3,7.95,0,0,3,2,4,6,0,2,0.0,0.0,0,0,0,0,0,0,0.0,2,1,1,100.0,0,5,0,0,4,80.0,38,23,55,78,15.9,0,1,104,0,0,0,Marcel Lotka,Fortuna Düsseldorf,997113,2588
1,0,0.0,5,0,0.0,8,5,13,65.0,1,25.0,3,2,0,0,0,0,4,0,2,0,1,1,2,0,0,2,0,8,0,0,0.24,1.09,1,0,25.0,0,1,1,2,2,0,1,0,,6,54.55,0,0,0,7,0,3,0,2,135,1,0,0,0,0,0,0.0,0,0,0,0,16,0,0,7.8,0,1,0,0,0,0,0,0,135.0,0.0,0,4,0,1,3,1,33.33,0,3,0,0.0,3,1,3,1,7,46.67,1,15,5,20,15.6,4,0,46,2,0,0,Moritz Broschinski,VfL Bochum 1848,924205,2542
3,0,0.0,4,15,39.47,11,19,30,56.6,2,100.0,0,2,0,0,0,0,21,0,0,0,0,3,2,0,0,0,0,0,0,0,0.01,,0,0,0.0,13,0,0,2,2,0,0,0,2.09,1,100.0,0,5,0,23,0,0,0,1,108,0,0,0,0,0,0,0.0,0,0,0,0,24,0,1,7.55,0,0,2,9,1,10,0,2,0.0,0.0,0,0,0,0,0,0,0.0,2,0,0,0.0,0,4,0,0,3,100.0,38,33,20,53,15.1,0,0,81,1,0,0,Leo Oppermann,Arminia Bielefeld,995669,2540
16,1,25.0,26,15,46.88,58,122,180,86.54,5,71.43,2,4,0,0,0,0,26,3,0,1,1,15,4,0,0,3,4,14,0,0,0.51,0.06,4,0,33.33,6,1,1,4,3,1,0,1,,20,62.5,0,0,0,28,6,3,0,4,359,0,2,0,0,0,0,0.0,0,0,0,0,44,0,0,7.5,0,1,0,0,0,0,0,0,359.0,0.0,0,0,3,1,1,6,75.0,0,10,7,70.0,3,25,8,4,25,64.1,32,76,132,208,30.0,3,1,290,4,1,0,Marcel Hoffmeier,SC Paderborn 07,930702,2561
2,0,0.0,0,10,58.82,5,27,32,82.05,0,0.0,0,1,0,0,0,0,12,0,0,0,0,1,1,0,0,0,0,0,0,0,0.0,,0,0,0.0,10,0,0,1,1,0,0,0,-0.11,0,0.0,0,0,0,7,0,0,0,1,90,0,0,0,0,0,0,0.0,0,0,0,0,7,0,1,7.5,0,0,0,1,0,1,0,0,0.0,0.0,0,0,0,0,0,0,0.0,0,0,0,0.0,0,4,0,0,0,0.0,17,10,29,39,7.5,0,0,49,0,0,0,Simon Simoni,1. FC Kaiserslautern,1006116,2675
3,0,0.0,2,9,75.0,3,28,31,91.18,0,0.0,0,1,0,0,0,0,11,0,0,0,1,3,1,0,0,0,0,0,0,0,0.0,,0,0,0.0,7,0,0,0,0,0,0,0,0.15,1,100.0,0,0,0,3,0,0,0,1,90,0,0,0,0,0,0,0.0,0,0,0,0,3,0,1,7.5,0,0,1,1,0,1,0,0,0.0,0.0,0,0,0,0,0,1,100.0,1,0,0,0.0,0,3,1,0,1,100.0,12,5,29,34,7.5,0,0,47,0,0,0,Christian Mathenia,1. FC Nürnberg,142096,2523
25,0,0.0,94,287,43.62,211,438,649,63.32,5,100.0,0,34,0,0,0,0,253,0,0,0,8,27,34,0,0,0,2,2,1,0,0.16,,0,0,0.0,242,0,0,47,44,3,0,0,9.63,6,75.0,0,17,0,376,0,4,0,34,3060,0,0,0,0,0,0,0.0,6,0,2,0,380,0,11,7.46,0,0,7,78,33,111,2,20,0.0,0.0,0,0,0,0,0,0,0.0,6,0,0,0.0,4,42,0,0,11,84.62,658,542,483,1025,253.5,0,6,1298,7,1,0,Timo Horn,VfL Bochum 1848,97923,2542
4,2,25.0,57,5,83.33,96,21,117,63.59,49,59.76,33,11,3,0,0,0,15,4,4,5,0,10,11,0,1,4,2,47,0,0,2.01,4.0,8,0,17.14,0,6,9,6,5,1,5,1,,19,57.58,1,0,0,67,0,16,0,6,599,4,0,0,0,0,0,0.0,0,0,0,0,97,7,0,7.4,1,5,0,0,0,0,0,0,99.83,0.0,0,30,5,14,16,9,81.82,0,2,2,100.0,16,12,11,8,68,59.13,6,160,24,184,81.4,35,4,301,8,0,0,Edin Džeko,FC Schalke 04,14990,2530
4,0,0.0,0,12,34.29,6,39,45,66.18,3,100.0,0,1,0,0,0,0,9,0,0,0,1,2,1,0,0,0,0,0,0,0,0.0,,0,0,0.0,2,0,0,0,0,0,0,0,0.5,1,100.0,0,3,0,23,0,0,0,1,90,0,0,0,0,0,0,0.0,0,0,0,0,23,0,2,7.4,0,0,0,4,1,5,0,3,0.0,0.0,0,0,0,0,0,0,0.0,0,0,0,0.0,0,12,0,0,4,100.0,35,24,44,68,7.4,0,0,82,1,0,0,Daniel Mesenhöler,SG Dynamo Dresden,253945,2595
83,57,34.13,514,88,49.16,817,370,1187,77.43,53,46.49,61,34,7,1,0,0,172,18,4,32,5,50,34,0,0,25,20,146,1,1,8.1,12.49,20,3,15.0,0,15,22,64,59,5,11,4,,101,54.3,0,0,2,346,22,77,2,34,3060,6,2,0,2,5,0,80.0,0,4,0,0,567,27,0,7.39,0,13,0,0,0,0,0,0,204.0,20.0,15,52,48,28,40,18,45.0,0,35,21,60.0,75,167,40,167,154,51.33,179,1096,437,1533,251.1,100,9,2186,49,3,0,Marvin Wanitzek,Karlsruher SC,270885,2553
20,40,33.33,181,13,41.94,271,89,360,77.75,11,35.48,20,14,2,0,0,0,66,9,2,17,0,2,14,0,0,12,9,84,0,0,5.26,4.12,9,0,7.32,0,3,5,13,12,1,3,0,,54,45.76,0,0,1,103,8,47,1,13,1126,2,1,0,1,0,0,0.0,0,0,0,0,270,19,0,7.37,0,2,0,0,0,0,0,0,375.33,0.0,6,24,17,10,14,18,33.96,0,18,11,61.11,46,42,53,120,65,43.62,31,367,96,463,103.2,41,1,829,18,3,0,Adil Aouchiche,FC Schalke 04,962877,2530
96,43,24.57,463,107,55.73,646,295,941,77.13,12,33.33,24,33,11,0,0,0,133,18,7,15,3,20,33,0,0,39,31,165,1,1,9.9,5.91,29,0,10.53,0,6,17,54,48,6,4,2,,125,46.99,0,0,2,279,17,101,2,33,2871,7,3,0,1,0,0,0.0,0,0,0,0,596,26,0,7.34,0,4,0,0,0,0,0,0,478.5,0.0,8,27,30,22,20,44,49.44,0,30,21,70.0,100,174,89,175,137,45.36,192,886,334,1220,242.1,57,5,1939,51,10,0,Barış Atik,1. FC Magdeburg,229858,2591
12,3,6.82,175,17,73.91,249,125,374,79.24,29,42.65,39,29,4,0,0,0,76,11,11,13,1,18,29,0,0,43,8,162,0,0,3.24,8.86,19,0,25.93,0,14,18,35,34,1,11,3,,127,50.8,1,0,2,98,8,36,0,28,2331,10,0,0,0,0,0,0.0,0,0,0,1,327,19,0,7.33,0,13,0,0,0,0,0,0,166.5,0.0,0,45,9,17,24,54,50.0,0,16,8,50.0,36,22,108,44,156,49.06,23,333,139,472,212.6,54,7,995,58,3,0,Mohamed Ali Zoma,1. FC Nürnberg,1142833,2523
82,46,32.39,374,110,69.62,873,1165,2038,90.38,20,40.0,30,34,4,0,0,2,166,5,3,11,9,57,34,0,0,16,45,137,0,4,5.57,4.83,39,0,9.09,18,3,7,44,39,5,3,0,,160,59.93,0,0,1,217,47,57,1,34,3030,0,14,0,0,3,0,33.33,0,1,0,0,387,14,0,7.31,0,2,0,0,0,0,0,0,1010.0,0.0,12,9,24,14,8,17,62.96,0,66,44,66.67,57,145,27,142,180,56.78,158,1030,1225,2255,248.5,33,6,2890,77,4,0,Enzo Leopold,Hannover 96,1009161,2541
60,73,34.93,288,69,54.33,484,328,812,79.92,5,21.74,18,28,4,0,0,0,126,18,2,14,5,31,28,0,0,32,18,146,0,1,7.71,3.34,29,0,9.52,0,4,8,38,35,3,2,2,,122,48.8,0,0,2,204,11,73,0,26,2361,7,3,0,2,1,0,100.0,0,1,0,0,480,12,0,7.28,0,4,0,0,0,0,0,0,590.25,0.0,7,17,25,18,10,52,51.49,0,34,26,76.47,71,115,101,209,127,46.52,127,647,369,1016,203.8,42,4,1677,36,5,0,Florent Muslija,Fortuna Düsseldorf,882019,2588
56,0,0.0,35,239,44.1,151,705,856,73.29,10,100.0,0,33,0,0,0,0,284,0,0,0,11,31,33,0,0,0,0,1,0,1,0.04,,1,0,0.0,220,0,0,44,40,4,0,0,8.66,2,66.67,0,24,0,312,0,0,0,33,2970,0,0,0,0,0,1,0.0,4,0,1,0,319,0,13,7.27,0,0,18,67,32,99,1,19,0.0,0.0,0,0,0,0,0,0,0.0,17,0,0,0.0,0,85,0,0,12,92.31,542,385,783,1168,239.8,0,2,1488,2,3,0,Tjark Ernst,Hertha BSC,1019319,2528
6,3,25.0,78,12,57.14,120,53,173,73.93,30,40.54,44,21,3,0,0,0,38,4,12,11,1,14,21,0,0,17,2,91,0,0,2.25,13.26,19,0,22.37,0,17,20,34,29,5,13,4,,30,38.96,0,0,1,61,5,26,2,21,1847,14,2,0,1,3,0,100.0,0,3,0,1,145,11,0,7.26,0,15,0,0,0,0,0,0,108.65,0.0,0,55,21,30,35,3,21.43,0,7,3,42.86,25,16,14,12,60,39.74,21,169,65,234,152.5,76,2,486,20,5,0,Mateusz Żukowski,1. FC Magdeburg,993996,2591
49,58,31.35,261,51,39.23,492,395,887,80.56,20,48.78,21,28,7,0,0,0,108,16,1,16,7,48,28,0,0,17,19,105,0,0,7.79,1.77,16,0,5.26,0,2,9,33,28,5,2,0,,76,47.5,0,0,1,214,27,55,0,28,2456,2,6,0,0,0,0,0.0,0,0,0,0,482,12,0,7.26,0,2,0,0,0,0,0,0,1228.0,0.0,6,12,26,14,8,29,47.54,0,37,21,56.76,55,102,61,185,96,47.76,130,659,442,1101,203.3,38,2,1833,10,4,0,Raphael Obermair,SC Paderborn 07,820465,2561
1,0,0.0,5,1,20.0,35,41,76,91.57,7,70.0,3,2,0,0,0,0,1,0,0,0,0,12,2,0,0,0,0,4,0,0,0.02,,1,0,0.0,1,0,0,1,1,0,0,0,,3,75.0,0,0,0,7,1,0,0,0,107,0,1,0,0,0,0,0.0,0,0,0,0,7,0,0,7.25,0,0,0,0,0,0,0,0,0.0,0.0,0,0,0,0,0,0,0.0,0,2,1,50.0,0,2,0,0,10,71.43,5,39,44,83,14.5,0,0,106,2,0,0,Grayson Dettoni,Darmstadt 98,1402999,2576
11,0,0.0,154,10,50.0,251,120,371,67.82,144,59.02,100,32,6,0,0,0,63,6,3,10,3,55,32,0,0,28,7,170,0,0,1.55,8.04,28,0,21.05,0,12,18,38,35,3,12,0,,75,51.72,4,0,0,176,2,41,7,28,2485,9,5,0,1,1,0,100.0,0,1,0,1,281,13,0,7.24,0,1,0,0,0,0,0,0,207.08,0.0,0,50,7,23,24,24,72.73,0,18,12,66.67,40,22,33,4,219,56.3,20,394,153,547,231.7,57,3,924,37,5,0,Philipp Hofmann,VfL Bochum 1848,340719,2542
55,2,40.0,211,111,59.36,552,973,1525,90.34,50,69.44,22,31,2,0,0,0,124,1,2,0,8,139,30,0,0,9,12,63,0,3,1.08,1.72,17,0,20.0,80,3,5,35,32,3,2,1,,92,69.17,2,0,0,163,35,10,0,29,2539,0,21,2,0,0,0,0.0,0,0,0,2,199,1,0,7.24,0,1,0,0,0,0,0,0,846.33,0.0,0,8,7,9,6,7,63.64,0,53,38,71.7,10,99,11,5,142,69.27,187,651,1037,1688,217.2,15,5,2120,35,8,0,Maximilian Rohr,SV 07 Elversberg,846398,2598
107,1,100.0,85,332,43.92,221,762,983,69.32,11,78.57,3,32,1,0,0,0,331,1,0,0,4,31,32,0,0,0,0,4,2,2,0.24,,2,0,0.0,185,0,1,52,49,3,0,0,1.01,7,87.5,0,24,0,435,0,4,0,32,2880,0,0,0,0,0,0,0.0,6,0,0,0,449,0,10,7.23,0,0,31,68,39,109,0,20,0.0,0.0,0,0,0,0,0,4,100.0,30,0,0,0.0,4,171,4,1,18,81.82,756,588,830,1418,231.5,0,3,1731,3,3,0,Florian Kastenmeier,Fortuna Düsseldorf,795024,2588
57,30,31.91,243,53,39.55,451,322,773,69.95,89,61.38,56,32,7,0,0,0,134,13,6,11,6,84,32,0,0,19,40,203,1,1,4.25,4.91,58,1,12.96,0,7,14,40,35,5,6,1,,142,49.13,2,0,2,332,33,51,1,32,2778,9,9,0,1,0,0,0.0,0,0,0,1,563,22,0,7.23,0,4,0,0,0,0,0,0,396.86,50.0,2,35,19,23,20,31,49.21,0,74,51,68.92,50,133,63,94,231,53.23,134,698,407,1105,231.4,54,7,1943,38,7,0,Laurin Curda,SC Paderborn 07,981788,2561
57,0,0.0,77,90,57.32,266,571,837,85.67,76,73.08,28,29,1,0,0,0,57,1,2,1,7,128,25,0,0,1,14,63,2,2,0.79,0.64,17,0,8.33,25,1,2,18,13,5,1,0,,50,58.82,1,0,1,140,13,5,0,15,1599,0,22,0,0,0,0,0.0,0,0,0,0,154,2,0,7.23,0,0,0,0,0,0,0,0,1599.0,0.0,0,11,1,9,2,0,0.0,0,26,17,65.38,5,94,4,2,126,66.67,157,370,607,977,180.7,12,5,1249,26,6,0,Aleksandar Vukotić,Darmstadt 98,858360,2576
18,0,0.0,106,38,55.07,307,533,840,89.65,52,56.52,40,17,3,0,0,0,62,5,0,3,2,87,17,0,0,7,3,65,0,1,1.2,2.02,15,0,27.27,22,3,6,16,14,2,3,0,,32,56.14,3,0,0,97,36,11,0,16,1316,1,13,0,0,0,0,0.0,0,0,0,0,121,2,0,7.22,0,0,0,0,0,0,0,0,438.67,0.0,0,7,4,4,4,3,75.0,0,21,10,47.62,11,36,4,3,84,56.38,69,370,567,937,122.7,11,3,1194,8,4,0,Maik Nawrocki,Hannover 96,984183,2541
2,0,0.0,22,6,54.55,47,74,121,85.82,12,80.0,3,6,0,0,0,0,20,0,0,1,1,7,6,0,0,5,2,21,0,0,0.11,1.4,9,0,75.0,0,3,3,4,4,0,3,0,,14,43.75,0,0,0,20,6,0,1,4,339,1,0,0,0,0,0,0.0,0,0,0,0,35,2,0,7.22,0,2,0,0,0,0,0,0,113.0,0.0,0,4,0,0,3,2,50.0,0,7,3,42.86,0,6,4,0,26,55.32,11,63,78,141,43.3,4,1,203,5,2,0,Ibrahima Sissoko,VfL Bochum 1848,829093,2542
92,1,100.0,57,252,48.74,162,805,967,78.05,16,100.0,0,34,0,0,0,0,286,0,0,0,9,37,34,1,0,0,1,1,2,2,0.21,,0,0,0.0,144,0,0,45,39,6,0,0,2.38,9,90.0,0,21,0,272,0,2,0,34,3060,0,0,0,0,0,0,0.0,4,0,0,0,283,1,19,7.2,0,0,17,66,31,102,0,15,0.0,0.0,0,0,0,0,0,2,100.0,17,0,0,0.0,2,139,2,1,25,96.15,517,369,870,1239,244.9,0,2,1551,11,0,0,Dennis Seimen,SC Paderborn 07,1195736,2561
8,0,0.0,57,2,33.33,102,38,140,67.31,44,51.76,41,14,1,0,0,0,18,1,5,10,1,18,14,0,0,15,3,73,0,0,0.75,8.36,10,0,21.15,0,11,12,13,13,0,11,0,,16,33.33,5,0,1,68,2,12,1,12,1030,5,1,0,0,0,0,0.0,0,0,0,0,128,9,0,7.2,0,5,0,0,0,0,0,0,93.64,0.0,0,50,2,20,22,4,44.44,0,1,1,100.0,12,14,9,4,60,45.11,6,155,53,208,100.8,52,3,392,11,3,0,Ivan Prtajin,1. FC Kaiserslautern,796672,2675
1,1,33.33,14,8,57.14,30,38,68,82.93,0,0.0,0,2,0,0,0,0,9,0,0,0,0,7,2,0,0,2,2,7,0,0,0.16,0.09,3,0,0.0,0,0,0,1,1,0,0,0,,7,50.0,0,0,0,14,1,2,0,2,170,0,0,0,0,0,0,0.0,0,0,0,0,23,0,0,7.2,0,0,0,0,0,0,0,0,0.0,0.0,0,1,0,1,0,0,0.0,0,4,1,25.0,2,3,0,3,7,50.0,14,42,40,82,14.4,1,0,122,3,0,0,Clemens Riedel,Darmstadt 98,1129360,2576
102,0,0.0,44,260,45.06,152,1406,1558,82.96,9,90.0,1,34,0,0,0,0,317,0,0,0,7,30,34,0,0,0,0,1,4,1,0.33,,0,0,0.0,133,0,0,58,50,8,0,0,4.54,2,100.0,0,26,0,320,0,1,0,34,3060,0,0,0,0,0,0,0.0,6,0,0,0,329,0,14,7.19,0,0,10,78,29,109,0,18,0.0,0.0,0,0,0,0,0,0,0.0,10,0,0,0.0,1,176,0,1,11,91.67,577,394,1484,1878,244.5,0,2,2201,2,1,0,Dominik Reimann,1. FC Magdeburg,352556,2591
50,56,32.18,170,51,40.16,325,335,660,78.38,22,57.89,16,23,7,0,0,0,52,8,0,8,3,60,22,0,0,5,9,57,0,2,5.81,2.67,23,2,16.67,0,4,11,28,26,2,2,2,,79,65.83,0,0,0,182,21,55,4,21,1761,3,9,0,0,2,1,100.0,0,2,0,0,358,3,0,7.18,0,0,0,0,0,0,0,0,440.25,22.22,9,5,19,11,5,9,69.23,0,51,29,56.86,55,102,13,174,101,63.92,127,461,381,842,158.0,24,4,1402,20,6,0,Tim Handwerker,Arminia Bielefeld,857917,2540
11,12,28.57,139,14,37.84,211,106,317,73.04,21,51.22,20,20,9,0,0,1,61,11,3,11,3,36,20,0,0,21,4,94,0,1,2.81,3.23,31,0,5.13,0,2,11,19,16,3,2,0,,106,58.89,0,0,2,117,3,28,1,16,1405,5,3,0,0,2,1,50.0,0,1,0,0,242,12,0,7.18,0,1,0,0,0,0,0,0,702.5,0.0,2,18,21,15,13,35,63.64,0,33,18,54.55,28,29,55,42,127,57.47,37,298,136,434,143.6,39,2,866,39,2,0,Alexander Bernhardsson,Holstein Kiel,980916,2573
37,0,0.0,15,138,45.7,64,628,692,80.28,16,94.12,1,22,1,0,0,0,207,1,0,0,5,33,22,0,0,0,0,1,0,3,0.04,,0,0,0.0,126,0,1,31,27,4,0,0,3.62,1,100.0,0,18,0,170,0,2,0,22,1980,0,0,0,0,0,0,0.0,8,0,0,0,172,0,17,7.18,0,0,13,45,24,69,2,14,0.0,0.0,0,0,0,0,0,0,0.0,13,1,0,0.0,2,47,0,0,17,94.44,302,167,695,862,157.9,0,0,1095,2,1,0,Jonas Krumrey,Holstein Kiel,1086085,2573
43,1,50.0,147,82,41.21,517,646,1163,84.89,70,61.95,43,30,0,0,0,0,113,0,1,2,11,155,30,0,0,2,16,98,0,0,0.64,2.08,31,0,28.57,41,4,4,21,20,1,4,0,,82,59.85,1,0,0,207,29,5,2,28,2439,0,12,1,0,0,1,0.0,0,0,0,0,253,1,0,7.16,0,1,0,0,0,0,0,0,609.75,0.0,0,13,1,6,6,7,46.67,0,52,36,69.23,5,88,15,2,152,60.8,199,675,695,1370,214.8,14,5,1822,27,6,0,Hasan Kuruçay,FC Schalke 04,852096,2530
44,0,0.0,31,185,32.57,129,522,651,62.78,11,100.0,0,32,0,0,0,0,316,0,0,0,9,33,32,0,0,0,1,1,2,2,0.06,,0,0,0.0,226,0,0,44,40,4,0,0,3.35,9,90.0,0,31,0,386,1,2,0,32,2880,0,0,0,0,0,0,0.0,8,0,1,0,395,0,20,7.15,0,0,7,84,31,116,0,20,0.0,0.0,0,0,0,0,0,0,0.0,7,1,1,100.0,2,84,0,0,20,95.24,568,432,605,1037,228.9,0,2,1424,7,1,0,Julian Krahl,1. FC Kaiserslautern,944100,2675
35,23,22.55,240,24,43.64,393,198,591,78.07,35,43.75,45,27,6,0,0,0,79,9,4,17,2,18,27,0,0,24,20,140,0,0,3.35,6.77,26,0,10.81,0,8,14,56,45,11,8,0,,111,53.88,1,0,2,166,8,50,1,26,2314,2,4,0,0,0,0,0.0,0,0,0,1,368,17,0,7.15,0,6,0,0,0,0,0,0,289.25,0.0,8,40,34,28,29,25,48.08,0,35,21,60.0,50,65,52,102,146,51.05,55,528,229,757,193.1,74,3,1280,51,7,0,Felix Klaus,SpVgg Greuther Fürth,116570,2551
13,0,0.0,42,17,32.08,179,586,765,91.18,33,66.0,17,14,0,0,0,0,38,0,1,5,3,89,14,0,0,0,4,38,0,0,0.13,2.42,18,0,21.43,21,3,3,16,14,2,3,0,,32,60.38,2,0,0,74,13,1,1,14,1195,0,10,0,0,0,0,0.0,0,0,0,0,83,0,0,7.15,0,0,0,0,0,0,0,0,398.33,0.0,3,10,4,4,5,0,0.0,0,18,11,61.11,1,32,0,1,65,63.11,53,224,615,839,100.1,14,2,1026,14,2,0,Thomas Keller,SG Dynamo Dresden,940236,2595
95,12,26.09,161,94,72.31,326,492,818,88.82,23,58.97,16,16,1,0,0,0,101,2,1,2,1,62,16,0,1,6,5,48,0,0,1.23,0.65,18,0,0.0,5,0,1,25,25,0,0,0,,39,54.93,0,0,0,103,18,17,0,16,1352,1,7,0,0,0,0,0.0,0,0,0,0,159,6,0,7.14,1,0,0,0,0,0,0,0,0.0,0.0,1,4,9,8,3,4,50.0,0,29,20,68.97,17,132,8,46,62,56.36,130,411,510,921,114.3,13,0,1173,6,6,0,Sven Köhler,Eintracht Braunschweig,802899,2557
61,0,0.0,52,201,43.98,139,1072,1211,81.88,8,80.0,2,34,0,0,0,0,242,0,0,0,10,38,34,0,0,0,1,3,3,1,0.09,,2,0,0.0,113,0,0,39,36,3,0,0,-0.58,3,75.0,0,14,0,268,0,1,0,34,3060,0,0,0,0,0,1,0.0,2,0,1,0,275,0,18,7.13,0,0,20,64,22,89,0,22,0.0,0.0,0,0,0,0,0,0,0.0,20,1,1,100.0,1,110,0,0,11,78.57,457,356,1123,1479,242.5,0,3,1777,3,2,0,Nicolas Kristof,SV 07 Elversberg,1131080,2598
35,0,0.0,69,196,32.83,153,344,497,55.16,16,94.12,1,30,0,0,0,0,254,0,0,0,13,49,30,0,0,0,0,1,1,1,0.11,,0,0,0.0,133,0,0,24,24,0,0,0,5.28,17,100.0,0,16,0,404,0,0,0,30,2700,0,0,0,0,0,0,0.0,4,0,2,0,409,0,16,7.12,0,0,47,57,9,66,0,9,0.0,0.0,0,0,0,0,0,0,0.0,47,0,0,0.0,0,77,0,0,33,97.06,597,519,382,901,213.7,0,1,1171,21,3,0,Loris Karius,FC Schalke 04,174135,2530
36,0,0.0,29,186,41.33,108,779,887,76.4,14,93.33,1,33,0,0,0,0,299,0,0,0,4,39,33,1,0,1,2,4,0,3,0.1,,0,0,0.0,213,0,0,45,43,2,0,0,8.98,5,62.5,0,30,0,274,1,0,0,33,2970,0,0,0,0,0,0,0.0,5,0,1,0,281,0,17,7.12,0,0,27,72,29,102,0,15,0.0,0.0,0,0,0,0,0,0,0.0,26,1,0,0.0,0,50,0,0,19,82.61,450,303,858,1161,235.0,0,0,1509,9,1,0,Jan Reichert,1. FC Nürnberg,1064986,2523
40,5,25.0,197,71,72.45,506,600,1106,89.27,29,51.79,27,26,1,0,0,0,160,2,2,5,3,51,26,0,0,22,21,132,0,2,0.92,1.9,41,0,4.55,0,1,2,28,26,2,1,0,,161,60.53,0,0,0,133,26,17,0,25,2179,1,7,0,0,1,0,100.0,0,1,0,0,237,11,0,7.12,0,1,0,0,0,0,0,0,2179.0,0.0,1,10,12,13,4,31,57.41,0,65,43,66.15,17,58,54,20,190,59.01,98,588,651,1239,185.1,22,0,1727,66,12,0,Adam Markhiev,1. FC Nürnberg,1047004,2523
79,6,46.15,234,84,54.19,650,902,1552,89.61,33,60.0,22,29,0,0,0,0,144,4,3,2,9,65,29,0,0,10,26,89,0,1,1.84,1.45,29,0,5.88,0,1,1,37,30,7,1,0,,88,56.77,1,0,1,180,26,18,0,29,2548,1,18,0,0,0,2,0.0,0,0,0,0,216,5,0,7.11,0,0,0,0,0,0,0,0,2548.0,0.0,0,10,7,12,3,4,57.14,0,53,32,60.38,18,135,7,13,121,57.62,155,781,951,1732,206.2,17,1,2111,32,5,0,Kai Klefisch,Darmstadt 98,928416,2576
154,0,0.0,67,257,43.12,157,1374,1531,80.92,17,89.47,2,34,1,0,0,0,309,1,0,0,10,45,34,2,0,0,1,3,1,2,0.14,,0,0,0.0,117,0,1,44,39,5,0,0,-0.94,10,90.91,0,26,0,361,0,2,0,34,3060,0,0,0,0,0,0,0.0,5,0,2,0,375,0,14,7.11,0,0,23,56,39,96,1,14,0.0,0.0,0,0,0,0,0,0,0.0,23,1,0,0.0,2,291,0,0,27,90.0,596,434,1458,1892,241.6,0,4,2227,13,2,0,Nahuel Noll,Hannover 96,1048651,2541
5,0,0.0,18,19,55.88,96,476,572,91.37,43,67.19,21,11,0,0,0,0,33,0,1,1,4,99,11,0,0,0,1,27,1,0,0.04,1.21,5,0,10.0,8,1,1,10,9,1,1,0,,15,71.43,1,0,1,54,13,0,0,11,945,1,12,0,0,0,0,0.0,0,0,0,0,57,1,0,7.1,0,0,0,0,0,0,0,0,945.0,0.0,0,10,0,8,1,2,100.0,0,7,2,28.57,0,11,2,0,58,68.24,34,132,494,626,78.1,10,2,800,6,2,0,Carl Johansson,Holstein Kiel,347116,2573
5,0,0.0,15,9,100.0,27,21,48,80.0,1,33.33,2,1,0,0,0,0,5,0,0,0,0,1,1,0,0,0,1,6,0,0,0.04,0.12,3,0,0.0,0,0,0,2,2,0,0,0,,7,63.64,0,0,1,12,2,0,0,1,90,0,0,0,0,0,0,0.0,0,0,0,0,16,2,0,7.1,0,0,0,0,0,0,0,0,0.0,0.0,0,1,1,2,0,1,50.0,0,4,2,50.0,0,8,2,1,8,57.14,9,34,26,60,7.1,2,0,85,2,1,0,Caspar Jander,1. FC Nürnberg,1171234,2523
51,30,28.85,196,46,36.8,299,98,397,67.29,4,30.77,9,31,3,0,0,0,59,6,3,14,0,19,31,0,0,17,16,71,0,0,4.67,8.08,15,0,16.98,0,9,12,23,20,3,9,0,,71,53.38,0,0,0,193,6,39,0,25,1936,1,3,0,0,5,0,100.0,0,5,0,0,340,13,0,7.09,0,9,0,0,0,0,0,0,215.11,0.0,9,26,27,13,26,11,37.93,0,18,11,61.11,39,121,29,104,75,51.37,125,470,120,590,219.8,53,2,992,42,8,0,Marlon Ritter,1. FC Kaiserslautern,169233,2675
24,17,30.36,95,27,28.13,161,100,261,63.2,18,43.9,23,21,1,0,0,0,53,2,0,5,5,53,21,0,0,8,16,74,0,0,1.6,1.28,20,0,10.53,0,2,3,9,9,0,1,1,,72,58.54,0,0,0,152,12,15,2,18,1541,1,2,0,0,0,0,0.0,0,0,0,0,258,7,0,7.08,0,0,0,0,0,0,0,0,770.5,0.0,1,9,10,5,9,4,30.77,0,57,33,57.89,15,56,13,56,90,54.88,96,274,139,413,148.7,19,2,815,11,6,0,Vitalie Becker,FC Schalke 04,1195734,2530
63,0,0.0,36,187,38.88,118,805,923,75.1,4,66.67,2,34,1,0,0,0,302,1,0,0,10,30,34,0,0,0,0,2,1,4,0.1,,0,0,0.0,226,0,1,45,37,8,0,0,0.77,5,100.0,0,20,0,306,0,3,0,34,3060,0,0,0,0,0,0,0.0,5,0,0,0,310,0,17,7.07,0,0,8,72,44,120,0,23,0.0,0.0,0,0,0,0,0,1,100.0,7,0,0,0.0,3,112,1,0,9,81.82,481,359,870,1229,240.4,0,0,1581,4,3,0,Marcel Schuhen,Darmstadt 98,132654,2576
17,2,100.0,51,50,81.97,139,266,405,93.1,13,68.42,6,10,0,0,0,1,30,0,2,0,1,36,10,0,0,3,5,23,0,0,0.66,0.94,9,0,0.0,10,0,0,9,8,1,0,0,,12,41.38,0,0,0,30,3,2,0,7,629,1,10,0,0,1,0,0.0,0,0,0,0,37,0,0,7.07,0,0,0,0,0,0,0,0,0.0,0.0,0,3,0,1,2,0,0.0,0,9,6,66.67,2,29,0,2,25,52.08,61,161,274,435,70.7,3,0,522,4,3,0,Kevin Vogt,VfL Bochum 1848,48660,2542
154,4,30.77,260,232,58.29,651,1095,1746,84.43,93,58.13,67,33,1,0,0,0,144,4,3,5,6,200,33,0,0,7,20,149,2,3,1.84,1.59,54,0,0.0,11,0,1,54,46,8,0,0,,93,53.14,0,0,1,322,57,19,0,32,2816,1,20,0,0,0,1,0.0,0,0,0,0,369,3,0,7.07,0,0,0,0,0,0,0,0,0.0,0.0,3,17,7,10,9,15,83.33,0,64,35,54.69,19,283,18,13,186,55.52,398,890,1178,2068,233.3,24,2,2626,14,8,0,Marcus Mathisen,1. FC Magdeburg,352986,2591
4,2,18.18,98,7,41.18,133,34,167,66.8,11,40.74,16,17,3,0,0,0,37,6,4,6,0,6,17,0,0,12,7,63,0,0,2.38,2.58,12,0,19.05,0,4,7,20,20,0,4,0,,42,47.19,0,0,0,83,2,26,2,17,1250,3,0,0,0,0,0,0.0,0,0,0,0,155,12,0,7.06,0,2,0,0,0,0,0,0,312.5,0.0,0,17,4,4,11,23,57.5,0,5,2,40.0,26,10,40,11,53,45.69,17,201,49,250,120.1,21,2,439,14,2,0,Christian Conteh,Eintracht Braunschweig,933833,2557
33,44,21.36,226,25,54.35,375,173,548,73.66,17,39.53,26,33,13,0,0,1,119,19,11,15,9,33,33,0,0,31,17,153,0,0,6.77,12.07,33,0,10.31,0,10,23,42,38,4,10,0,,73,36.5,0,0,3,196,22,55,1,32,2806,17,8,0,0,5,0,80.0,0,4,0,1,555,32,0,7.06,0,9,0,0,0,0,0,0,280.6,0.0,5,64,33,45,37,42,46.67,0,19,12,63.16,55,82,90,206,90,37.04,46,527,217,744,233.1,97,3,1541,12,8,0,Fabian Reese,Hertha BSC,817968,2528
12,0,0.0,89,4,57.14,157,115,272,68.0,88,54.32,74,24,2,0,0,1,34,1,5,6,0,33,24,0,0,11,9,121,0,1,1.39,6.03,17,0,31.43,0,11,13,21,19,2,11,0,,44,48.35,4,0,0,128,6,15,3,20,1669,6,2,0,0,1,0,0.0,0,0,0,1,199,10,0,7.06,0,4,0,0,0,0,0,0,151.73,0.0,0,30,5,12,17,5,29.41,0,22,10,45.45,15,17,17,2,132,52.17,7,258,142,400,169.5,35,3,650,18,2,0,Vincent Vermeij,SG Dynamo Dresden,339889,2595
105,16,24.24,254,148,38.74,574,721,1295,77.59,29,39.73,44,33,3,0,0,0,121,13,0,8,6,101,33,0,0,7,15,95,0,0,4.58,1.03,17,1,4.35,11,1,4,44,41,3,0,1,,90,63.83,0,0,1,374,30,34,0,31,2812,2,13,0,0,0,0,0.0,0,0,0,1,496,7,0,7.06,0,1,0,0,0,0,0,0,2812.0,16.67,6,7,16,10,5,10,45.45,0,56,36,64.29,34,253,22,66,119,55.61,382,889,780,1669,233.0,23,5,2261,24,5,0,Luca Sirch,1. FC Kaiserslautern,964603,2675
53,1,20.0,176,86,66.15,504,970,1474,91.5,40,49.38,41,25,0,1,1,0,127,2,2,6,6,109,25,0,0,9,7,88,0,1,1.6,4.55,25,0,15.0,37,3,3,32,28,4,3,0,,75,61.48,0,0,1,137,22,8,0,25,2098,0,10,0,0,4,0,50.0,0,2,0,0,179,3,0,7.06,0,3,0,0,0,0,0,0,699.33,0.0,0,13,7,7,7,16,66.67,0,32,17,53.13,8,93,24,5,115,56.65,130,606,1005,1611,176.5,20,1,1953,27,8,0,Boris Tomiak,Hannover 96,877306,2541
75,13,30.23,267,83,50.0,566,505,1071,81.88,52,61.9,32,27,1,0,0,0,126,0,0,12,3,90,27,0,0,9,15,90,0,1,2.12,2.14,33,0,6.25,0,2,3,35,29,6,2,0,,72,55.38,0,0,2,237,29,27,0,27,2310,0,10,0,0,0,1,0.0,0,0,0,0,327,6,0,7.06,0,2,0,0,0,0,0,0,1155.0,0.0,6,6,26,12,8,7,77.78,0,40,25,62.5,27,115,9,43,124,57.94,166,730,578,1308,190.6,32,2,1756,26,8,0,Stefano Russo,Arminia Bielefeld,984804,2540
29,16,18.82,287,29,59.18,446,260,706,77.41,11,24.44,34,33,9,0,0,0,133,12,2,28,3,14,33,0,0,64,33,226,0,0,5.24,4.25,48,0,7.02,0,4,13,60,48,12,3,1,,183,48.8,1,0,1,206,8,42,3,32,2765,9,4,0,0,0,0,0.0,0,0,0,0,498,18,0,7.06,0,0,0,0,0,0,0,0,691.25,0.0,4,21,36,13,16,44,47.83,0,58,37,63.79,42,54,92,85,194,46.19,49,600,312,912,232.9,57,1,1622,84,3,0,Branimir Hrgota,SpVgg Greuther Fürth,148076,2551
40,0,0.0,112,81,40.3,355,933,1288,86.1,88,58.28,63,33,0,0,0,0,166,1,6,2,5,217,33,0,0,13,9,132,0,3,0.97,3.08,37,0,18.52,47,5,5,43,41,2,5,0,,118,63.1,3,0,1,208,42,7,2,33,2950,1,14,1,0,0,1,0.0,0,0,0,1,278,4,0,7.05,0,0,0,0,0,0,0,0,590.0,0.0,0,25,2,9,16,10,47.62,0,75,48,64.0,7,88,21,6,206,60.95,201,492,1004,1496,232.7,27,4,2089,35,8,0,Luka Lochoshvili,1. FC Nürnberg,827473,2523
34,0,0.0,51,51,51.52,259,654,913,89.07,62,67.39,30,25,0,0,0,0,68,0,0,0,10,163,25,0,1,1,9,57,1,1,0.34,0.25,20,0,33.33,10,1,1,24,22,2,1,0,,37,57.81,0,0,0,112,27,5,0,20,1913,0,27,0,0,0,0,0.0,0,0,0,0,122,0,0,7.05,1,1,0,0,0,0,0,0,1913.0,0.0,0,3,0,2,1,3,100.0,0,24,17,70.83,5,66,3,0,99,63.46,99,333,692,1025,176.2,3,3,1348,12,4,0,Toni Leistner,Hertha BSC,137053,2528
44,16,17.78,279,33,50.0,404,184,588,73.04,36,45.57,43,34,6,1,0,1,129,9,5,22,2,18,34,0,0,54,42,240,0,2,5.75,8.78,23,1,16.05,0,13,19,36,33,3,12,1,,159,44.66,1,0,2,217,15,37,3,34,2798,8,4,0,1,4,0,50.0,0,2,0,0,528,20,0,7.05,0,9,0,0,0,0,0,0,215.23,11.11,9,48,33,28,31,74,48.05,0,51,31,60.78,36,85,154,90,195,44.83,66,581,224,805,239.6,81,5,1596,34,4,0,Lukas Petkov,SV 07 Elversberg,960017,2598
19,27,25.71,184,16,43.24,271,118,389,75.24,8,18.6,35,26,1,0,0,0,87,8,4,11,4,26,25,0,0,18,13,130,0,0,4.08,3.31,25,0,6.45,0,2,3,21,18,3,2,0,,115,54.76,0,0,0,128,16,45,0,21,1855,3,4,0,2,0,0,0.0,0,0,0,2,330,15,0,7.04,0,2,0,0,0,0,0,0,927.5,0.0,0,19,12,9,11,23,35.94,0,41,25,60.98,43,40,64,105,123,48.62,37,377,140,517,176.1,31,2,1054,52,4,0,Luca Marseiler,Darmstadt 98,797871,2576
72,6,26.09,156,111,42.05,336,534,870,76.92,62,55.86,49,24,2,0,0,0,83,3,5,10,4,91,24,0,1,7,20,102,1,1,1.94,1.95,21,1,6.25,25,2,4,33,29,4,1,1,,81,60.45,0,0,0,261,19,11,2,23,2038,1,13,0,0,0,0,0.0,0,0,0,0,315,4,0,7.04,1,0,0,0,0,0,0,0,1019.0,33.33,3,23,9,14,8,8,57.14,0,60,33,55.0,11,151,14,23,143,58.37,264,533,598,1131,169.0,32,2,1508,14,2,0,Calvin Brackelmann,SC Paderborn 07,1128792,2561
6,6,35.29,117,6,54.55,171,36,207,76.1,7,36.84,12,21,1,0,0,0,33,4,0,10,0,13,21,0,0,15,17,99,0,0,2.62,1.8,21,0,8.33,0,2,3,13,12,1,2,0,,74,45.96,0,0,0,65,2,17,0,9,989,3,1,0,1,0,0,0.0,0,0,0,1,167,9,0,7.04,0,2,0,0,0,0,0,0,494.5,0.0,0,15,9,7,7,25,41.67,0,17,8,47.06,16,11,60,17,81,45.0,11,232,40,272,147.8,24,2,545,32,2,0,Husseyn Chakroun,Hannover 96,1518796,2541
19,15,23.81,266,23,45.1,413,191,604,82.29,9,27.27,24,32,3,0,0,0,94,5,8,17,2,5,32,0,0,41,16,117,0,0,2.72,8.55,12,0,17.65,0,9,12,37,33,4,9,0,,90,49.18,1,0,2,130,6,38,7,28,2343,6,0,0,0,0,0,0.0,0,0,0,0,325,19,0,7.04,0,1,0,0,0,0,0,0,260.33,0.0,1,37,14,15,19,19,43.18,0,19,9,47.37,38,48,44,63,99,45.83,51,517,217,734,225.2,51,3,1166,53,3,0,Naatan Skyttä,1. FC Kaiserslautern,926995,2675
17,1,11.11,59,49,51.58,211,504,715,87.84,48,53.93,41,23,0,0,0,0,59,1,2,1,1,92,21,0,0,1,8,58,0,0,0.66,2.8,10,0,27.27,2,3,3,22,18,4,3,0,,19,52.78,1,0,0,99,7,8,0,15,1431,0,14,0,0,1,0,100.0,0,1,0,1,179,0,0,7.03,0,2,0,0,0,0,0,0,477.0,0.0,0,11,0,4,6,3,75.0,0,8,5,62.5,8,39,4,9,67,53.6,95,278,536,814,147.6,11,1,1125,8,1,0,Robin Knoche,Arminia Bielefeld,130433,2540
30,25,24.51,150,26,68.42,206,104,310,76.17,12,38.71,19,25,2,0,0,0,69,7,3,14,1,10,25,0,0,19,12,85,0,0,3.28,3.61,13,0,9.8,0,5,7,18,17,1,5,0,,50,43.1,0,0,0,97,11,38,5,22,1585,6,1,0,1,0,0,0.0,0,0,0,0,253,16,0,7.02,0,0,0,0,0,0,0,0,317.0,0.0,0,37,14,18,19,18,43.9,0,23,16,69.57,37,37,41,102,62,42.18,38,285,122,407,175.6,51,3,787,9,3,0,Gerrit Holtmann,VfL Bochum 1848,253517,2542
68,0,0.0,29,120,34.38,50,319,369,61.19,9,100.0,0,15,0,0,0,0,130,0,0,0,4,28,15,0,0,0,0,1,2,1,0.06,,1,0,0.0,69,0,0,18,15,3,0,0,1.02,5,83.33,0,6,0,234,0,0,0,15,1350,0,0,0,0,0,1,0.0,2,0,1,0,237,0,14,7.02,0,0,7,29,13,42,0,8,0.0,0.0,0,0,0,0,0,0,0.0,7,0,0,0.0,0,100,0,0,14,93.33,349,241,362,603,105.3,0,1,750,7,0,0,Silas Prüfrock,SpVgg Greuther Fürth,1402749,2551
50,32,19.16,243,70,39.33,472,548,1020,79.5,32,54.24,27,28,7,0,0,0,104,7,0,10,5,71,28,0,0,9,20,85,0,1,4.29,1.82,22,1,14.81,0,4,11,38,35,3,3,1,,80,57.97,0,0,0,263,27,38,3,27,2350,1,8,0,0,0,2,0.0,0,0,0,0,478,2,0,7.02,0,1,0,0,0,0,0,0,587.5,25.0,4,13,14,8,9,13,61.9,0,48,27,56.25,38,114,21,167,112,56.85,178,647,636,1283,196.5,27,3,2012,21,4,0,Alexander Rossipal,SG Dynamo Dresden,802863,2595
22,1,20.0,73,29,52.73,149,181,330,84.18,12,50.0,12,16,1,0,0,0,34,1,3,3,1,28,16,0,0,1,7,31,0,0,0.7,2.45,6,0,18.75,0,3,4,13,11,2,2,1,,32,62.75,1,0,1,62,6,5,0,9,804,6,7,0,0,0,0,0.0,0,0,0,0,87,1,0,7.01,0,2,0,0,0,0,0,0,268.0,0.0,0,10,6,3,10,0,0.0,0,21,12,57.14,5,41,5,5,44,58.67,55,200,192,392,112.2,16,1,529,12,3,0,Stefán Teitur Þórðarson,Hannover 96,858282,2541
9,0,0.0,110,8,57.14,205,142,347,79.22,30,31.58,65,34,6,0,0,0,65,6,11,18,3,33,34,0,0,38,9,170,0,0,0.83,17.07,44,0,29.69,0,19,25,58,48,10,19,0,,79,42.93,3,0,1,91,6,24,4,31,2718,26,5,0,0,4,0,100.0,0,4,0,1,241,15,0,7.01,0,12,0,0,0,0,0,0,143.05,0.0,0,57,7,20,26,20,50.0,0,4,3,75.0,24,12,40,2,109,39.07,14,277,161,438,238.4,64,3,845,55,4,0,Noel Futkeu,SpVgg Greuther Fürth,1017574,2551
45,52,26.94,268,70,50.0,486,393,879,80.94,31,42.47,42,29,7,0,0,0,98,13,0,12,5,90,29,0,0,3,30,112,0,1,5.86,1.34,35,0,0.0,0,0,7,38,36,2,0,0,,102,59.3,0,0,0,207,39,50,0,29,2463,1,3,0,1,0,1,0.0,0,0,0,0,421,4,0,7.01,0,0,0,0,0,0,0,0,0.0,0.0,5,10,18,13,3,10,71.43,0,55,32,58.18,49,91,14,193,133,54.29,140,635,451,1086,203.3,28,2,1932,38,7,0,Maximilian Wittek,VfL Bochum 1848,254125,2542
85,40,33.33,300,95,52.78,620,667,1287,84.23,22,64.71,12,33,5,0,0,0,141,3,0,16,5,46,33,0,0,13,21,104,0,5,4.65,3.17,37,0,9.09,0,4,9,39,35,4,2,2,,73,44.24,0,0,1,241,36,49,0,32,2667,3,5,0,1,1,1,100.0,0,1,0,1,405,21,0,7.01,0,4,0,0,0,0,0,0,666.75,0.0,3,14,30,17,11,12,36.36,0,43,25,58.14,48,149,33,120,95,47.74,180,789,739,1528,231.3,44,1,2031,18,5,0,Mika Baur,SC Paderborn 07,1172815,2561
12,3,11.11,154,4,36.36,257,82,339,69.61,115,52.04,106,30,3,0,0,0,44,6,11,23,4,20,30,0,0,37,9,234,0,0,1.9,12.26,61,0,16.13,0,15,18,43,42,1,14,1,,68,34.69,6,0,4,148,4,21,2,30,2625,16,1,0,0,0,0,0.0,0,0,0,0,308,12,0,7.01,0,7,0,0,0,0,0,0,175.0,0.0,1,79,14,33,37,19,41.3,0,18,9,50.0,21,21,46,27,183,43.88,11,387,100,487,210.2,93,2,924,32,5,0,Cédric Itten,Fortuna Düsseldorf,352290,2588
10,8,20.0,238,10,43.48,368,130,498,79.3,5,20.0,20,30,4,0,0,0,68,12,4,14,3,13,30,0,0,24,5,126,0,0,4.41,4.5,18,0,11.9,0,5,9,26,23,3,5,0,,120,53.1,0,0,1,130,9,28,5,19,1736,3,0,0,0,1,0,100.0,0,1,0,0,312,16,0,7.01,0,0,0,0,0,0,0,0,347.2,0.0,0,29,13,13,15,54,47.79,0,22,13,59.09,28,23,113,40,125,49.8,23,482,146,628,210.2,42,0,1078,44,6,0,Daisuke Yokota,Hannover 96,1108551,2541
1,0,0.0,59,1,100.0,82,31,113,81.88,15,30.0,35,17,0,0,0,0,18,0,12,9,4,13,17,0,0,11,0,69,0,0,0.53,11.7,11,0,24.0,0,12,12,13,12,1,12,0,,29,46.03,2,0,1,25,3,9,1,13,1261,15,0,0,0,1,0,100.0,0,1,0,1,90,4,0,7.01,0,9,0,0,0,0,0,0,105.08,0.0,0,47,3,17,24,9,37.5,0,9,6,66.67,9,1,24,1,44,38.94,1,103,35,138,119.1,50,3,331,11,1,0,Younes Ebnoutalib,SV 07 Elversberg,1474296,2598
1,2,16.67,223,13,59.09,315,128,443,81.43,17,30.36,39,25,5,0,0,0,98,11,6,25,5,9,25,0,0,45,10,160,0,2,4.64,6.18,35,0,7.41,0,4,9,19,19,0,4,0,,152,55.68,1,0,1,101,16,48,2,22,1854,5,3,0,0,0,0,0.0,0,0,0,1,274,17,0,7.0,0,1,0,0,0,0,0,0,463.5,0.0,0,39,15,13,16,39,53.42,0,42,25,59.52,48,5,73,12,169,51.37,22,397,147,544,174.9,54,3,1047,71,2,0,Bambasé Conté,SV 07 Elversberg,1185359,2598
64,44,26.83,219,59,50.43,339,175,514,70.12,7,25.0,21,30,9,0,0,0,120,20,4,15,1,21,30,0,0,24,22,124,1,1,6.66,4.74,33,1,2.99,0,2,11,30,26,4,1,1,,103,50.0,0,0,1,219,21,55,1,26,2224,7,3,0,1,0,0,0.0,0,0,0,0,443,21,0,6.99,0,1,0,0,0,0,0,0,1112.0,16.67,6,36,31,34,18,32,56.14,0,35,22,62.86,54,123,57,164,110,47.01,117,514,219,733,209.8,67,2,1308,36,7,0,Marco Richter,Darmstadt 98,796027,2576
72,1,16.67,142,133,49.44,396,688,1084,82.18,87,56.49,67,27,0,0,0,0,94,0,5,6,8,149,27,0,0,3,7,116,0,2,0.7,1.76,42,0,0.0,10,0,0,34,32,2,0,0,,74,60.16,0,0,1,235,12,7,0,27,2311,1,18,0,0,0,0,0.0,0,0,0,0,265,1,0,6.99,0,0,0,0,0,0,0,0,0.0,0.0,0,18,1,7,6,3,60.0,0,39,25,64.1,7,136,5,6,161,58.12,269,557,762,1319,188.8,19,2,1699,35,7,0,Philipp Strompf,VfL Bochum 1848,886316,2542
25,8,16.0,162,31,62.0,244,163,407,73.73,29,58.0,21,31,6,0,0,0,80,9,8,12,3,31,31,0,0,21,16,118,0,1,3.02,6.11,19,0,10.71,0,6,12,26,23,3,5,1,,92,48.68,3,0,1,145,6,34,3,25,2153,8,6,0,0,0,0,0.0,0,0,0,0,322,15,0,6.99,0,0,0,0,0,0,0,0,358.83,0.0,0,38,18,26,18,36,46.15,0,27,16,59.26,34,50,78,50,121,50.63,50,365,187,552,216.7,56,3,1020,29,5,0,Marten Winkler,Hertha BSC,1069125,2528
24,0,0.0,87,42,34.15,311,531,842,77.11,144,59.02,100,26,1,0,0,0,71,2,3,9,10,180,26,0,0,6,16,144,0,1,1.32,1.71,28,0,3.57,1,1,2,23,22,1,1,0,,70,61.4,1,0,0,250,33,6,0,25,2268,1,20,0,0,0,1,0.0,0,0,0,2,286,1,0,6.99,1,0,0,0,0,0,0,0,2268.0,0.0,0,24,4,15,4,3,60.0,0,41,24,58.54,6,69,5,7,214,59.78,123,505,587,1092,181.7,28,1,1535,30,5,1,Nikola Katić,FC Schalke 04,831488,2530
59,22,20.18,217,78,42.62,535,501,1036,81.64,39,66.1,20,25,1,0,0,0,129,4,0,5,7,39,25,0,0,7,25,81,2,1,2.81,0.82,25,0,6.25,0,1,2,31,28,3,0,1,,62,50.41,0,0,1,233,15,25,0,25,2172,1,6,0,0,0,1,0.0,0,0,0,0,357,11,0,6.99,0,1,0,0,0,0,0,0,2172.0,0.0,1,4,12,7,4,9,56.25,0,24,10,41.67,25,113,16,109,101,55.49,183,699,570,1269,174.7,16,1,1617,30,5,0,Paul Seguin,Hertha BSC,253687,2528
46,0,0.0,136,101,43.35,424,922,1346,83.65,145,61.44,91,32,1,0,0,0,102,0,4,8,5,209,31,0,0,11,10,135,0,0,0.65,2.54,20,0,5.0,8,1,2,40,38,2,1,0,,76,63.33,0,0,1,263,27,4,0,32,2797,3,27,0,0,0,0,0.0,0,0,0,0,308,0,0,6.99,0,1,0,0,0,0,0,0,2797.0,0.0,0,18,2,8,4,11,68.75,0,54,40,74.07,4,104,16,3,221,62.08,233,605,1004,1609,216.6,20,2,2099,11,8,0,Fabio Gruber,1. FC Nürnberg,1130119,2523
9,0,0.0,81,12,32.43,172,172,344,80.0,10,45.45,12,13,2,0,0,0,56,0,0,3,3,16,13,0,0,3,11,38,0,0,0.46,0.5,12,0,0.0,0,0,2,16,15,1,0,0,,71,73.2,0,0,0,86,28,4,0,12,1109,0,3,0,0,0,0,0.0,0,0,0,0,107,2,0,6.98,0,0,0,0,0,0,0,0,0.0,0.0,0,2,7,4,2,9,90.0,0,34,22,64.71,4,24,10,1,81,68.07,37,235,195,430,90.7,9,1,608,28,1,0,Satoshi Tanaka,Fortuna Düsseldorf,981067,2588
117,1,16.67,157,161,42.37,402,987,1389,79.78,103,71.53,41,31,1,0,0,0,90,3,3,5,8,191,31,0,2,0,9,71,3,2,0.99,2.08,24,0,4.76,5,1,2,37,31,6,1,0,,59,66.29,0,0,1,352,42,10,0,31,2588,2,27,0,0,0,1,0.0,0,0,0,0,387,3,0,6.97,2,1,0,0,0,0,0,0,2588.0,0.0,0,19,2,11,5,6,60.0,0,33,22,66.67,10,230,10,6,162,69.53,380,665,1076,1741,216.2,21,2,2178,23,2,0,Patric Pfeiffer,Darmstadt 98,930135,2576
33,8,30.77,122,93,47.94,323,688,1011,85.17,68,66.02,35,24,1,0,0,0,71,2,0,3,2,144,23,0,0,2,9,58,2,1,0.76,0.97,9,0,14.29,39,2,3,36,33,3,2,0,,41,64.06,1,0,0,176,25,11,0,18,1676,2,16,1,0,0,0,0.0,0,0,0,0,215,1,0,6.97,0,1,0,0,0,0,0,0,838.0,0.0,0,8,6,8,3,3,50.0,0,30,21,70.0,11,87,6,26,109,65.27,194,450,737,1187,160.4,14,2,1531,8,1,0,Jean Hugonet,1. FC Magdeburg,989420,2591
24,17,25.76,146,28,62.22,205,76,281,72.24,7,25.0,21,27,2,0,0,0,51,13,7,18,0,5,26,0,0,22,8,101,0,1,4.38,4.82,16,0,7.41,0,4,6,24,21,3,2,2,,76,48.72,0,0,3,108,3,39,3,13,1263,7,1,0,0,0,1,0.0,0,0,0,0,248,9,0,6.97,0,1,0,0,0,0,0,0,315.75,0.0,2,38,16,19,17,39,53.42,0,21,14,66.67,39,41,73,66,83,45.11,45,306,83,389,181.3,54,0,737,16,6,0,Rayan Ghrieb,1. FC Magdeburg,878683,2591
25,9,31.03,289,37,54.41,475,261,736,82.23,15,25.42,44,33,3,0,0,0,140,8,3,10,3,44,33,0,0,60,22,185,0,1,3.73,3.03,28,0,6.98,0,3,6,47,42,5,3,0,,164,53.77,0,0,1,159,15,50,0,32,2682,0,13,0,0,0,0,0.0,0,0,0,0,355,13,0,6.97,0,3,0,0,0,0,0,0,894.0,0.0,0,13,30,16,17,40,54.05,0,51,25,49.02,50,39,74,29,179,49.18,68,603,292,895,230.0,43,2,1496,73,3,0,Laurin Ulrich,1. FC Magdeburg,1152486,2591
49,39,24.07,291,40,54.05,468,161,629,72.89,6,24.0,19,33,8,1,0,0,75,17,4,27,2,18,33,0,0,43,18,149,1,1,7.41,7.21,29,0,9.21,0,7,15,42,41,1,7,0,,95,42.22,0,0,1,234,8,62,6,33,2782,1,4,0,0,2,0,50.0,0,1,0,0,512,14,0,6.97,0,1,0,0,0,0,0,0,397.43,0.0,6,35,41,25,24,31,42.47,0,28,15,53.57,62,93,73,162,101,40.4,74,651,212,863,229.9,76,3,1478,36,3,0,Julian Justvan,1. FC Nürnberg,843132,2523
13,0,0.0,74,49,50.0,317,732,1049,86.77,109,58.6,77,29,0,0,0,0,54,1,5,8,5,129,27,0,0,3,17,116,0,2,0.61,3.27,21,0,6.25,5,2,2,37,34,3,2,0,,59,60.2,1,0,1,160,43,6,0,22,2162,0,17,1,0,0,1,0.0,0,0,0,2,180,2,0,6.97,0,1,0,0,0,0,0,0,1081.0,0.0,0,32,0,13,11,2,66.67,0,25,15,60.0,6,31,3,2,168,59.15,98,431,778,1209,188.1,32,1,1590,32,1,0,Maximilian Großer,Arminia Bielefeld,1014486,2540
53,7,50.0,168,56,48.28,405,981,1386,90.12,73,54.48,61,30,2,0,0,0,104,5,1,6,7,114,30,0,0,7,17,107,1,3,2.39,2.06,21,0,7.14,39,1,3,38,33,5,1,0,,51,52.58,0,0,1,152,29,16,0,27,2408,0,33,0,0,0,1,0.0,0,0,0,0,195,0,0,6.97,0,1,0,0,0,0,0,0,2408.0,0.0,0,11,3,3,5,3,42.86,0,30,21,70.0,16,91,7,14,124,53.68,116,496,1042,1538,209.0,14,4,1947,18,4,0,Felix Götze,SC Paderborn 07,844131,2561
19,2,50.0,62,60,50.85,213,449,662,81.83,90,51.43,85,17,0,0,0,0,46,0,2,3,1,87,17,0,0,3,7,110,0,0,1.6,1.74,12,0,5.56,1,1,1,25,20,5,1,0,,44,63.77,1,0,0,147,20,8,0,17,1451,1,14,0,1,0,0,0.0,0,0,0,0,161,2,0,6.96,0,0,0,0,0,0,0,0,1451.0,0.0,0,17,1,11,4,1,25.0,0,25,20,80.0,7,52,4,4,134,54.92,118,326,483,809,118.4,18,1,1064,19,4,0,Maximilian Bauer,Arminia Bielefeld,940393,2540
28,23,22.12,243,56,65.88,383,300,683,84.43,16,50.0,16,31,3,0,0,0,105,8,4,15,4,42,31,0,0,20,18,120,0,1,4.76,3.16,29,0,6.98,0,3,6,42,37,5,3,0,,123,54.19,0,0,0,126,19,35,0,29,2540,8,8,0,0,0,0,0.0,0,0,0,2,363,16,0,6.96,1,3,0,0,0,0,0,0,846.67,0.0,0,30,13,14,14,41,50.0,0,44,27,61.36,35,58,82,104,139,53.67,85,490,319,809,215.9,43,2,1501,40,1,1,Alexander Nollenberger,1. FC Magdeburg,857470,2591
89,0,0.0,64,229,40.18,157,732,889,71.75,11,91.67,1,27,0,0,0,0,241,2,0,0,5,27,27,0,0,0,1,3,2,2,0.67,,1,0,0.0,141,0,0,43,41,2,0,0,-4.88,5,71.43,0,26,0,350,0,4,0,27,2430,0,0,0,0,0,1,0.0,6,0,1,0,356,0,21,6.96,0,0,10,37,30,68,0,23,0.0,0.0,0,0,0,0,0,0,0.0,10,2,1,50.0,4,163,0,0,16,84.21,570,415,824,1239,188.0,0,2,1491,4,1,0,Tim Schreiber,SG Dynamo Dresden,980615,2595
52,9,18.0,174,61,39.87,351,335,686,73.76,25,43.86,32,32,3,0,0,0,124,2,1,13,3,64,31,0,0,36,39,185,1,2,2.07,3.89,32,0,8.62,1,5,8,41,37,4,3,2,,164,51.74,0,0,0,244,36,18,1,30,2495,4,12,0,1,2,0,100.0,0,2,0,0,457,10,0,6.96,0,4,0,0,0,0,0,0,499.0,0.0,17,10,48,28,17,35,41.67,0,72,47,65.28,17,119,84,50,189,50.53,153,532,398,930,215.8,58,3,1704,57,7,0,Mehmet Aydın,Eintracht Braunschweig,980632,2557
43,1,33.33,100,90,38.63,358,763,1121,82.18,86,67.72,41,30,0,0,0,0,86,1,2,9,5,178,30,0,0,6,14,89,2,5,0.44,2.37,28,1,25.0,28,6,6,37,32,5,4,2,,58,54.72,3,0,1,243,36,10,3,24,2198,2,20,1,0,0,0,0.0,0,0,0,0,277,1,0,6.96,0,0,0,0,0,0,0,0,366.33,100.0,1,18,6,6,9,2,50.0,0,39,22,56.41,10,127,4,3,144,61.8,233,529,835,1364,208.8,24,2,1792,17,2,0,Matej Maglica,Darmstadt 98,1082797,2576
33,1,11.11,99,39,43.33,225,384,609,82.19,40,51.28,38,19,0,0,0,0,55,0,1,3,3,112,19,0,0,2,4,67,0,0,0.41,0.98,18,0,25.0,2,3,3,22,20,2,3,0,,45,60.81,2,0,0,132,26,7,0,16,1417,1,9,0,0,0,1,0.0,0,0,0,1,175,4,0,6.96,1,1,0,0,0,0,0,0,472.33,0.0,0,12,0,5,4,6,54.55,0,26,15,57.69,7,66,11,9,85,55.92,90,311,430,741,132.2,12,2,1068,15,5,1,Ivan Nekić,Holstein Kiel,880741,2573
18,8,34.78,228,16,48.48,367,158,525,70.09,70,45.75,83,32,5,0,0,0,88,7,11,24,11,42,32,0,0,38,14,190,0,1,3.31,12.63,36,0,18.18,0,14,19,25,24,1,13,1,,104,49.29,3,0,1,224,2,30,1,31,2714,14,1,0,0,5,0,100.0,0,5,0,1,383,26,0,6.96,0,10,0,0,0,0,0,0,193.86,0.0,1,61,16,23,30,36,57.14,0,29,16,55.17,30,37,63,23,174,47.8,33,557,192,749,222.6,77,3,1233,39,5,0,Kenan Karaman,FC Schalke 04,168943,2530
21,0,0.0,169,17,53.13,301,191,492,81.46,54,46.15,63,25,8,0,0,0,63,5,12,11,6,37,25,0,0,17,13,146,0,0,1.44,10.93,42,0,15.28,0,11,19,29,23,6,9,2,,51,38.06,1,0,3,112,9,22,1,24,2032,3,2,0,0,2,0,100.0,0,2,0,0,207,10,0,6.96,0,9,0,0,0,0,0,0,184.73,0.0,3,57,15,33,28,15,48.39,0,16,6,37.5,22,34,31,12,105,41.83,32,392,212,604,173.9,72,4,936,22,4,0,Fraser Hornby,Darmstadt 98,914877,2576
58,0,0.0,89,267,39.61,197,518,715,63.61,15,93.75,1,32,0,0,0,0,308,1,0,0,6,25,32,0,0,1,0,3,1,1,0.18,,1,0,0.0,204,0,0,51,48,3,0,0,-4.55,10,83.33,0,29,0,409,0,3,0,32,2880,0,0,0,0,0,1,0.0,4,0,3,0,424,0,10,6.95,0,0,24,61,24,87,2,12,0.0,0.0,0,0,0,0,0,1,100.0,23,0,0,0.0,3,89,1,0,25,89.29,674,563,561,1124,222.5,0,1,1467,13,3,0,Ron Thorben Hoffmann,Eintracht Braunschweig,879710,2557
51,1,5.88,303,63,48.09,649,568,1217,84.51,33,43.42,43,34,3,0,0,0,129,6,0,11,9,62,34,0,0,12,28,121,0,1,3.74,1.46,33,0,3.03,0,1,4,37,34,3,0,1,,89,53.29,0,0,1,223,36,28,0,32,2843,1,12,0,1,0,0,0.0,0,0,0,0,281,14,0,6.95,0,1,0,0,0,0,0,0,2843.0,0.0,0,7,26,14,8,4,40.0,0,45,23,51.11,27,99,10,17,122,50.21,131,813,627,1440,236.4,33,2,1842,43,4,0,Łukasz Poręba,SV 07 Elversberg,942336,2598
1,0,0.0,5,0,0.0,9,7,16,76.19,0,0.0,5,2,0,0,0,0,4,0,0,0,0,1,2,0,0,0,0,6,0,0,0.29,,1,0,0.0,0,0,0,2,2,0,0,0,,7,87.5,0,0,0,5,0,0,0,1,76,0,0,0,0,0,0,0.0,0,0,0,0,8,1,0,6.95,0,0,0,0,0,0,0,0,0.0,0.0,0,0,0,0,0,1,100.0,0,2,1,50.0,0,2,1,3,7,53.85,0,11,10,21,13.9,0,0,35,4,0,0,Ayoub Chaikhoun,1. FC Nürnberg,1403035,2523
50,33,24.63,276,59,44.36,536,512,1048,80.25,13,35.14,24,33,7,0,0,0,154,13,0,7,4,89,33,0,0,41,22,154,0,1,4.63,0.61,29,0,0.0,1,0,7,43,41,2,0,0,,179,57.93,0,0,0,258,29,43,0,32,2898,3,8,0,0,0,1,0.0,0,0,0,0,560,8,0,6.95,0,0,0,0,0,0,0,0,0.0,0.0,0,12,9,6,8,38,48.72,0,67,53,79.1,43,100,78,134,192,55.49,133,707,599,1306,229.3,21,0,2284,74,7,0,Berkay Yılmaz,1. FC Nürnberg,1195724,2523
28,28,29.47,316,17,22.67,520,256,776,70.48,16,24.62,49,34,5,0,0,0,190,11,1,9,13,28,34,0,0,33,59,215,0,2,7.09,2.71,44,0,5.56,0,2,7,30,29,1,2,0,,187,52.97,0,0,1,325,38,51,1,34,3007,2,4,0,1,0,0,0.0,0,0,0,0,551,30,0,6.95,0,1,0,0,0,0,0,0,1503.5,0.0,0,14,22,22,5,29,46.03,0,98,60,61.22,50,81,63,95,203,48.56,75,792,309,1101,236.2,36,0,1824,61,4,0,Soufiane El-Faouzi,FC Schalke 04,1083338,2530
8,3,15.79,130,9,75.0,220,129,349,76.87,27,43.55,35,29,2,0,1,1,55,8,18,7,3,12,29,0,0,20,11,119,0,0,2.48,14.58,36,0,31.91,0,15,17,28,24,4,14,1,,79,48.47,3,0,1,105,11,22,3,22,1823,5,4,0,0,6,0,66.67,0,4,0,0,215,17,0,6.94,0,9,0,0,0,0,0,0,121.53,0.0,0,45,2,11,29,17,44.74,0,34,19,55.88,22,13,38,19,106,47.11,12,309,145,454,201.4,47,2,807,28,4,0,Filip Bilbija,SC Paderborn 07,989630,2561
43,0,0.0,43,174,29.44,120,694,814,65.38,17,89.47,2,33,0,0,0,0,369,0,0,0,5,36,33,2,0,0,1,5,4,2,0.09,,2,0,0.0,191,0,0,61,56,5,0,0,0.15,6,66.67,0,32,0,431,0,1,0,33,2970,0,0,0,0,0,2,0.0,4,0,1,0,443,0,13,6.94,0,0,15,80,44,126,0,24,0.0,0.0,0,0,0,0,0,0,0.0,15,2,1,50.0,1,121,0,0,23,82.14,591,446,799,1245,229.0,0,2,1685,8,5,0,Hans Christian Bernat,Karlsruher SC,856291,2553
20,1,25.0,55,33,40.24,118,252,370,83.52,40,70.18,17,12,0,0,0,0,29,1,0,1,0,58,11,0,0,0,7,33,0,0,0.33,0.42,10,0,16.67,13,1,1,16,15,1,1,0,,26,61.9,1,0,0,73,7,2,0,8,771,0,8,1,0,0,0,0.0,0,0,0,0,83,0,0,6.94,0,0,0,0,0,0,0,0,771.0,0.0,0,5,1,3,2,1,50.0,0,14,11,78.57,2,43,2,4,66,66.67,82,180,263,443,76.3,6,0,575,13,3,0,Lars Bünning,SG Dynamo Dresden,888731,2595
43,28,22.05,198,62,45.93,348,259,607,72.61,27,50.0,27,29,6,0,0,0,89,13,6,7,1,39,29,0,0,22,39,130,0,0,5.38,2.85,15,0,3.23,0,1,7,31,28,3,1,0,,109,51.42,0,0,3,229,27,37,0,27,2099,3,2,0,1,0,1,0.0,0,0,0,0,429,9,0,6.93,0,1,0,0,0,0,0,0,2099.0,0.0,0,21,10,16,8,30,50.85,0,50,26,52.0,36,92,59,127,136,51.13,135,532,304,836,201.1,31,1,1492,29,5,0,Paul Joly,1. FC Kaiserslautern,1130986,2675
9,3,16.67,91,8,42.11,134,80,214,70.39,10,47.62,11,15,0,0,0,0,44,1,0,6,1,5,15,0,0,6,7,58,0,0,2.19,1.67,23,0,18.18,0,4,4,14,12,2,3,1,,47,50.0,0,0,0,90,7,13,1,11,905,4,1,0,0,0,0,0.0,0,0,0,1,145,8,0,6.93,0,3,0,0,0,0,0,0,226.25,0.0,0,12,10,8,8,6,35.29,0,23,14,60.87,13,24,17,18,57,49.57,19,208,96,304,104.0,22,0,492,18,5,0,Lilian Egloff,Karlsruher SC,1007962,2553
0,0,0.0,8,0,0.0,22,31,53,77.94,4,57.14,3,3,0,0,0,0,6,0,0,0,0,10,3,0,0,2,1,8,0,0,0.03,,2,0,0.0,0,0,0,1,1,0,0,0,,5,50.0,0,0,0,15,5,0,0,2,185,0,2,0,0,0,0,0.0,0,0,0,0,23,0,0,6.93,0,0,0,0,0,0,0,0,0.0,0.0,0,0,0,0,0,1,100.0,0,4,4,100.0,0,3,1,1,9,52.94,3,33,35,68,20.8,0,0,108,1,0,0,David Schramm,1. FC Kaiserslautern,2579520,2675
3,0,0.0,19,4,50.0,32,34,66,76.74,3,50.0,3,3,0,0,0,0,7,0,1,0,0,5,3,0,0,0,1,12,0,0,0.05,0.25,4,0,0.0,0,0,0,0,0,0,0,0,,11,55.0,0,0,0,20,2,0,0,3,214,0,2,0,0,0,0,0.0,0,0,0,0,32,0,0,6.93,0,0,0,0,0,0,0,0,0.0,0.0,0,2,2,3,1,1,20.0,0,4,2,50.0,0,5,5,2,14,53.85,8,45,41,86,20.8,4,0,148,6,1,0,Danilo Soares,1. FC Nürnberg,121551,2523
10,9,26.47,105,15,42.86,199,204,403,80.6,10,40.0,15,14,1,0,0,0,60,4,2,1,4,29,14,0,0,1,11,49,0,2,2.78,0.38,8,0,28.57,0,2,3,14,13,1,1,1,,36,51.43,0,0,1,97,19,14,0,13,1174,0,5,1,0,0,0,0.0,0,0,0,0,181,4,0,6.93,0,2,0,0,0,0,0,0,587.0,0.0,0,4,3,1,5,11,44.0,0,19,9,47.37,14,22,25,34,46,48.42,35,260,240,500,97.0,7,1,825,6,1,0,Henri Koudossou,1. FC Nürnberg,1083891,2523
9,12,21.43,126,8,72.73,222,83,305,80.26,11,64.71,6,22,5,0,0,0,47,6,11,6,1,19,22,0,0,12,4,75,0,0,2.95,6.73,27,0,10.81,0,4,9,12,11,1,4,0,,43,38.39,0,0,2,75,5,23,1,16,1232,8,1,0,0,0,0,0.0,0,0,0,0,200,15,0,6.93,0,3,0,0,0,0,0,0,308.0,0.0,2,30,7,13,18,23,46.0,0,8,5,62.5,23,16,50,56,54,41.86,11,284,96,380,152.4,37,2,671,12,4,0,Mustapha Bundu,Hannover 96,849623,2541
12,5,33.33,109,11,61.11,200,57,257,76.72,9,28.13,23,15,3,0,0,0,54,2,2,5,0,5,15,0,0,6,11,60,0,0,2.12,3.81,13,0,14.81,0,4,7,16,15,1,3,1,,35,48.61,0,0,1,78,7,16,0,15,1183,6,1,0,0,0,0,0.0,0,0,0,0,125,13,0,6.93,0,4,0,0,0,0,0,0,295.75,0.0,1,18,9,9,13,15,68.18,0,18,15,83.33,16,20,22,15,44,42.31,18,261,74,335,103.9,27,1,507,2,3,0,Dejan Ljubičić,FC Schalke 04,869883,2530
27,5,18.52,114,27,38.03,265,283,548,84.57,28,68.29,13,20,0,0,0,0,67,0,0,5,4,34,19,0,0,7,21,61,0,0,0.93,0.75,16,0,0.0,0,0,0,20,17,3,0,0,,61,55.96,0,0,0,100,19,11,0,15,1408,0,5,0,0,0,0,0.0,0,0,0,0,150,6,0,6.93,0,0,0,0,0,0,0,0,0.0,0.0,0,4,8,2,5,9,69.23,0,42,28,66.67,11,61,13,27,89,59.33,71,337,311,648,131.6,12,0,881,10,2,0,Paul Will,SpVgg Greuther Fürth,939693,2551
50,11,18.64,216,57,52.78,466,465,931,82.61,21,53.85,18,32,1,0,0,0,135,2,2,8,4,32,32,0,0,23,21,131,0,1,2.08,1.41,42,0,11.11,1,3,4,37,37,0,2,1,,133,54.07,0,0,0,196,25,27,0,31,2511,0,8,0,0,0,0,0.0,0,0,0,0,349,11,0,6.93,0,3,0,0,0,0,0,0,837.0,0.0,3,9,18,12,7,24,47.06,0,69,42,60.87,27,93,51,59,154,54.04,108,612,515,1127,221.6,27,1,1610,41,8,0,Max Marie,Eintracht Braunschweig,1516945,2557
95,0,0.0,55,259,41.44,174,930,1104,74.39,13,81.25,3,31,0,0,0,0,331,0,0,0,3,45,31,0,1,2,3,10,4,6,0.25,,3,0,0.0,111,0,0,56,48,8,0,0,0.95,12,63.16,0,31,0,380,1,1,0,31,2755,0,0,0,0,0,1,0.0,8,0,1,0,386,0,14,6.92,1,0,36,65,26,94,0,15,0.0,0.0,0,0,0,0,0,2,100.0,34,1,1,100.0,1,163,2,0,25,71.43,625,450,1034,1484,214.6,0,2,1808,11,2,0,Johannes Schenk,Preußen Münster,1022459,2590
13,6,11.32,103,14,58.33,153,76,229,67.95,34,34.69,64,32,2,0,0,0,55,6,6,9,0,12,32,0,0,35,12,208,0,0,2.9,9.15,40,0,24.49,0,12,14,31,28,3,11,1,,84,36.84,2,0,0,108,1,14,1,27,2037,22,0,0,1,5,0,100.0,0,5,0,0,413,17,0,6.92,0,9,0,0,0,0,0,0,169.75,0.0,1,41,8,17,23,33,34.74,0,16,13,81.25,13,25,95,53,118,36.2,24,245,92,337,221.5,49,3,897,35,5,0,Joel Grodowski,Arminia Bielefeld,886973,2540
38,2,28.57,161,83,40.89,509,996,1505,87.3,68,45.03,83,29,0,0,0,0,115,0,2,3,7,157,29,0,0,7,13,134,2,3,0.53,0.9,26,0,0.0,3,0,0,32,30,2,0,0,,75,59.52,0,0,0,219,22,6,0,28,2536,0,12,0,0,0,1,0.0,0,0,0,0,267,1,0,6.92,0,0,0,0,0,0,0,0,0.0,0.0,0,12,3,10,2,9,50.0,0,45,31,68.89,6,93,18,7,143,51.62,203,658,1066,1724,200.6,15,1,2163,21,5,0,Lukas Finn Pinckert,SV 07 Elversberg,990105,2598
41,0,0.0,152,48,48.48,429,518,947,81.01,87,66.92,43,31,0,0,0,0,155,1,2,6,7,70,31,0,0,13,30,161,0,1,1.04,0.8,65,0,0.0,0,0,0,42,38,4,0,0,,137,53.73,0,0,0,222,44,12,0,30,2585,2,13,0,0,0,1,0.0,0,0,0,0,292,11,0,6.92,0,0,0,0,0,0,0,0,0.0,0.0,0,5,11,8,2,16,48.48,0,76,48,63.16,12,74,33,12,224,58.18,99,576,593,1169,214.4,16,1,1623,48,15,0,Fabian Kunze,1. FC Kaiserslautern,823226,2675
12,15,22.73,175,21,36.21,282,246,528,79.16,12,42.86,16,27,7,0,0,0,93,9,1,1,0,43,27,0,0,16,10,64,0,0,4.1,0.93,11,0,0.0,0,0,7,22,19,3,0,0,,65,57.52,0,0,1,139,12,34,0,21,1622,0,8,0,1,0,0,0.0,0,0,0,0,281,6,0,6.91,0,0,0,0,0,0,0,0,0.0,0.0,0,10,4,6,7,20,62.5,0,32,20,62.5,33,36,32,66,77,54.61,58,370,297,667,186.7,14,1,1134,13,1,0,Lasse Günther,SV 07 Elversberg,997175,2598
8,2,15.38,91,9,64.29,170,143,313,79.64,6,27.27,16,15,5,0,0,0,48,4,6,10,3,5,15,0,0,16,3,81,1,0,1.89,4.02,9,0,12.5,0,4,9,13,11,2,4,0,,60,48.0,0,0,1,80,7,19,3,13,1157,3,1,0,0,0,0,0.0,0,0,0,0,180,7,0,6.91,0,1,0,0,0,0,0,0,289.25,0.0,0,23,9,11,11,21,36.21,0,16,9,56.25,19,14,58,13,66,44.9,14,225,168,393,103.7,32,0,650,23,1,0,Ben Bobzien,SG Dynamo Dresden,1134525,2595
28,5,15.15,117,40,32.52,232,314,546,72.41,56,57.14,42,26,1,0,0,0,89,2,1,1,5,104,26,0,0,13,30,112,0,0,2.61,1.36,19,0,0.0,0,0,1,22,21,1,0,0,,91,56.52,0,0,1,208,23,14,0,24,1987,0,4,0,1,0,0,0.0,0,0,0,0,349,2,0,6.91,0,0,0,0,0,0,0,0,0.0,0.0,0,12,3,9,5,8,50.0,0,70,52,74.29,13,65,16,33,147,56.76,123,395,359,754,179.7,15,0,1359,13,4,0,Timo Becker,FC Schalke 04,814735,2530
50,4,23.53,91,50,67.57,229,180,409,83.81,6,60.0,4,15,2,0,0,0,64,3,2,0,0,10,15,0,0,4,8,33,0,1,1.09,0.92,10,0,6.25,0,1,3,14,12,2,1,0,,25,46.3,0,0,1,79,11,11,0,9,787,0,2,0,0,0,0,0.0,0,0,0,0,117,7,0,6.91,0,1,0,0,0,0,0,0,787.0,0.0,0,5,11,10,6,2,20.0,0,15,10,66.67,11,73,10,17,31,48.44,74,292,196,488,103.6,16,1,632,8,3,0,Niklas Schmidt,Darmstadt 98,795002,2576
14,20,19.8,140,26,35.62,264,255,519,74.57,56,60.87,36,27,1,0,0,0,113,3,0,3,5,55,26,0,0,17,7,108,1,0,2.2,2.36,24,0,7.69,0,2,3,33,30,3,2,0,,95,56.89,0,0,1,177,25,22,2,26,2186,2,8,0,1,0,1,0.0,0,0,0,0,381,8,0,6.9,0,0,0,0,0,0,0,0,1093.0,0.0,0,25,1,12,11,21,43.75,0,34,25,73.53,21,45,48,101,151,58.3,73,373,323,696,179.5,26,1,1403,42,5,0,Mika Haas,1. FC Kaiserslautern,1445608,2675
17,2,10.53,108,23,62.16,196,151,347,81.07,18,43.9,23,28,1,0,0,0,62,1,2,10,0,15,26,0,0,10,7,53,1,0,0.96,3.59,11,0,12.5,0,3,4,15,14,1,3,0,,56,65.12,0,0,2,81,18,14,1,9,1098,2,5,0,1,0,0,0.0,0,0,0,2,137,4,0,6.9,0,2,0,0,0,0,0,0,366.0,0.0,2,19,5,9,5,11,78.57,0,20,15,75.0,13,28,14,19,74,58.27,37,260,168,428,179.4,24,0,672,25,3,0,Frederik Schmahl,SV 07 Elversberg,1131347,2598
27,0,0.0,62,44,53.66,206,339,545,86.23,43,54.43,36,17,1,0,0,0,32,0,0,1,1,59,16,0,0,2,7,62,0,1,0.38,0.89,18,0,18.18,7,2,3,14,13,1,2,0,,20,43.48,2,0,0,87,18,3,0,12,1021,0,7,0,0,0,0,0.0,0,0,0,0,106,0,0,6.9,0,0,0,0,0,0,0,0,510.5,0.0,0,11,0,4,6,2,100.0,0,14,6,42.86,3,45,2,3,63,50.4,82,260,372,632,110.4,11,1,800,4,2,0,Joel Felix,Arminia Bielefeld,836092,2540
5,6,35.29,91,10,90.91,131,59,190,81.2,2,22.22,7,13,3,0,0,0,32,3,3,5,0,4,13,0,0,14,7,65,0,0,2.69,1.73,15,0,0.0,0,0,3,11,9,2,0,0,,58,50.0,0,0,0,44,6,13,0,8,716,4,3,0,0,0,0,0.0,0,0,0,0,131,3,0,6.9,0,0,0,0,0,0,0,0,0.0,0.0,1,11,5,6,5,31,57.41,0,15,8,53.33,13,11,54,17,60,48.0,11,165,69,234,89.7,16,0,453,13,1,0,Elias Saad,Hannover 96,1130946,2541
0,0,0.0,5,0,0.0,7,5,12,100.0,0,0.0,0,1,1,0,0,0,0,0,0,0,0,1,1,0,0,1,0,2,0,0,0.02,,1,0,0.0,0,0,1,0,0,0,0,0,,0,0.0,0,0,0,0,0,1,0,0,16,0,0,0,0,0,0,0.0,0,0,0,0,2,0,0,6.9,0,0,0,0,0,0,0,0,0.0,0.0,0,0,0,0,0,0,0.0,0,0,0,0.0,1,0,0,1,0,0.0,0,7,5,12,6.9,0,0,19,0,0,0,Leon Parduzi,Holstein Kiel,1871035,2573
0,0,0.0,2,0,0.0,3,8,11,78.57,1,50.0,1,1,0,0,0,0,3,0,0,0,0,2,1,0,0,0,1,2,0,0,0.01,,0,0,0.0,0,0,0,1,1,0,0,0,,4,80.0,0,0,0,3,0,0,0,1,62,0,1,0,0,0,0,0.0,0,0,0,0,4,1,0,6.9,0,0,0,0,0,0,0,0,0.0,0.0,0,0,0,0,0,2,100.0,0,2,1,50.0,0,0,2,0,5,71.43,1,6,8,14,6.9,0,0,27,0,0,0,Sacha Banse,SpVgg Greuther Fürth,1126690,2551
0,0,0.0,16,5,83.33,43,54,97,89.81,7,77.78,2,3,0,0,0,0,7,0,0,0,0,13,2,0,0,0,2,6,0,0,0.05,0.02,1,0,0.0,1,0,0,4,4,0,0,0,,8,66.67,0,0,0,11,6,2,0,2,164,0,2,0,0,0,0,0.0,0,0,0,0,14,0,0,6.9,0,0,0,0,0,0,0,0,0.0,0.0,0,0,1,1,0,0,0.0,0,5,5,100.0,2,1,1,1,15,71.43,6,51,57,108,13.8,1,0,154,3,0,0,Daniel Heber,1. FC Magdeburg,254409,2591
3,3,14.29,112,4,50.0,186,72,258,70.49,56,38.1,91,30,3,0,0,1,40,7,15,17,5,13,30,0,0,28,7,173,0,0,2.41,14.12,32,0,23.61,0,17,20,34,28,6,16,1,,63,43.45,1,0,5,108,3,27,3,30,2524,13,2,0,0,1,0,0.0,0,0,0,0,254,11,0,6.9,0,13,0,0,0,0,0,0,148.47,0.0,0,64,8,22,33,12,41.38,0,14,5,35.71,27,8,29,21,119,40.75,8,272,94,366,206.9,72,2,740,40,5,0,Isac Lidberg,Darmstadt 98,798175,2576
66,0,0.0,157,114,54.03,364,781,1145,85.19,58,66.67,29,26,2,0,0,0,107,2,2,1,4,111,26,0,0,4,23,88,1,3,0.99,0.93,25,0,14.29,28,2,4,44,41,3,1,1,,63,51.64,1,0,0,199,31,7,0,25,2155,0,27,0,0,0,0,0.0,0,0,0,1,243,8,0,6.9,0,1,0,0,0,0,0,0,1077.5,0.0,0,8,6,8,5,12,57.14,0,36,17,47.22,7,127,21,2,121,57.89,211,514,830,1344,179.3,14,2,1697,16,10,0,Christoph Kobald,Karlsruher SC,843600,2553
16,0,0.0,76,32,40.51,228,398,626,84.71,34,61.82,21,18,0,0,0,0,49,0,1,4,5,85,18,0,0,0,2,31,0,1,0.35,0.94,7,0,10.0,48,1,1,15,14,1,1,0,,22,68.75,0,0,1,113,16,4,1,11,1125,0,8,3,1,0,0,0.0,0,0,0,0,122,0,0,6.89,0,0,0,0,0,0,0,0,1125.0,0.0,0,7,3,5,1,4,80.0,0,15,12,80.0,3,49,5,2,56,64.37,79,302,437,739,124.1,10,2,926,3,1,0,Florian Yves Le Joncour,SV 07 Elversberg,787816,2598
8,7,35.0,39,3,75.0,78,27,105,86.78,4,66.67,2,13,0,0,0,0,9,1,0,2,0,1,12,0,0,3,1,15,0,0,1.17,0.73,4,0,33.33,0,2,2,9,8,1,2,0,,25,65.79,0,0,0,16,2,6,0,3,331,0,2,0,0,0,0,0.0,0,0,0,0,50,0,0,6.89,0,2,0,0,0,0,0,0,165.5,0.0,0,4,2,1,3,10,66.67,0,8,4,50.0,6,9,15,20,29,65.91,4,92,29,121,82.7,6,1,223,7,0,0,Yosuke Furukawa,Darmstadt 98,1173109,2576
49,1,20.0,115,87,46.03,356,809,1165,85.85,54,64.29,30,29,0,0,0,0,69,1,0,0,8,182,29,0,0,0,15,67,1,0,0.83,0.21,20,0,0.0,42,0,0,31,27,4,0,0,,42,53.16,0,0,0,192,39,6,0,27,2277,1,21,0,0,0,0,0.0,0,0,0,0,232,0,0,6.89,0,0,0,0,0,0,0,0,0.0,0.0,0,1,3,2,2,2,50.0,0,25,17,68.0,6,105,4,5,96,58.9,189,490,867,1357,199.8,4,1,1775,17,2,0,Márton Dárdai,Hertha BSC,980618,2528
12,8,24.24,85,14,58.33,153,103,256,84.49,3,50.0,3,13,2,0,0,0,45,1,0,5,0,7,13,0,0,14,10,50,0,0,1.28,0.9,17,0,6.25,0,1,3,16,15,1,0,1,,55,53.92,0,0,0,47,5,12,0,11,883,1,1,0,0,0,1,0.0,0,0,0,0,120,5,0,6.88,1,1,0,0,0,0,0,0,883.0,0.0,0,5,11,7,4,8,53.33,0,15,7,46.67,12,20,15,33,58,53.7,24,190,113,303,89.5,16,1,500,32,3,1,Umut Tohumcu,Holstein Kiel,1083410,2573
63,7,18.42,212,104,38.52,497,853,1350,81.57,52,55.91,41,32,0,0,0,0,114,3,1,4,5,161,32,0,0,4,30,111,0,1,1.35,1.94,25,0,6.67,1,1,1,44,41,3,1,0,,104,59.77,0,0,0,305,44,14,0,32,2799,2,33,1,0,0,1,0.0,0,0,0,0,391,2,0,6.88,2,1,0,0,0,0,0,0,2799.0,0.0,0,11,4,5,6,16,57.14,0,58,26,44.83,14,167,28,38,156,58.43,270,736,919,1655,220.3,15,4,2253,32,2,2,Tim Oberdorf,Fortuna Düsseldorf,844199,2588
61,16,25.4,290,52,55.91,578,339,917,83.21,17,44.74,21,30,3,0,0,0,115,4,1,11,1,28,30,0,0,35,12,118,0,0,3.26,2.78,25,0,9.38,0,3,6,35,34,1,3,0,,72,42.6,0,0,0,185,12,46,2,25,2275,1,2,0,0,0,0,0.0,0,0,0,1,339,11,0,6.88,0,1,0,0,0,0,0,0,758.33,0.0,1,20,12,10,11,32,56.14,0,27,13,48.15,46,101,57,63,89,43.0,93,713,389,1102,206.5,32,1,1499,13,9,0,Finn Ole Becker,1. FC Nürnberg,979821,2523
21,0,0.0,16,74,37.37,50,419,469,78.3,5,100.0,0,12,0,0,0,0,116,1,0,0,4,17,12,0,0,0,2,2,1,0,0.07,,0,0,0.0,105,0,0,17,16,1,0,0,-1.17,2,50.0,0,5,0,130,0,2,0,12,1080,0,0,0,0,0,0,0.0,0,0,0,0,131,0,6,6.88,0,0,12,27,6,33,0,6,0.0,0.0,0,0,0,0,0,0,0.0,12,0,0,0.0,2,37,0,0,7,77.78,198,146,453,599,82.6,0,0,733,3,3,0,Timon Weiner,Holstein Kiel,1140362,2573
16,16,31.37,134,22,39.29,202,180,382,77.48,13,56.52,10,17,2,0,0,0,50,7,0,4,0,32,17,0,0,4,9,39,0,0,2.83,0.27,9,0,0.0,0,0,2,17,12,5,0,0,,30,50.85,0,0,0,111,10,15,0,8,851,0,3,0,0,0,0,0.0,0,0,0,0,189,1,0,6.88,0,0,0,0,0,0,0,0,0.0,0.0,0,1,10,5,2,7,50.0,0,22,13,59.09,15,42,14,51,43,52.44,56,282,211,493,117.0,11,0,742,1,0,0,Arne Sicker,Arminia Bielefeld,828972,2540
32,0,0.0,109,79,46.75,320,849,1169,87.24,71,57.72,52,28,2,0,0,0,105,0,0,3,7,160,28,0,0,2,9,85,0,2,0.38,0.3,22,0,0.0,15,0,2,31,30,1,0,0,,44,57.14,0,0,0,171,33,6,0,25,2275,1,15,0,0,0,2,0.0,0,0,0,0,189,2,0,6.88,0,0,0,0,0,0,0,0,0.0,0.0,0,5,0,2,0,1,100.0,0,38,20,52.63,6,61,1,5,115,57.5,169,438,902,1340,192.7,5,2,1682,5,3,0,Noah Loosli,VfL Bochum 1848,789138,2542
28,38,31.67,271,30,39.47,486,428,914,84.01,30,45.45,36,31,4,0,0,0,109,6,2,6,8,65,31,0,0,14,27,111,1,0,5.17,1.39,28,0,8.7,0,2,6,35,31,4,1,1,,68,47.55,0,0,1,174,19,44,1,29,2520,2,6,0,0,0,0,0.0,0,0,0,1,335,13,0,6.88,0,1,0,0,0,0,0,0,1260.0,0.0,2,12,11,10,7,12,66.67,0,41,24,58.54,44,59,18,120,98,46.89,76,611,477,1088,213.3,23,1,1744,17,4,0,Maurice Neubauer,Hannover 96,788286,2541
22,58,34.73,339,22,53.66,501,237,738,78.59,11,33.33,22,34,9,0,0,0,84,18,7,22,2,24,34,0,0,31,15,128,1,0,9.73,7.1,22,0,6.67,0,4,13,35,32,3,4,0,,108,50.47,0,0,0,201,18,90,1,34,2765,7,2,0,3,0,0,0.0,0,0,0,1,460,21,0,6.88,0,3,0,0,0,0,0,0,691.25,0.0,0,35,25,19,19,28,41.18,0,16,8,50.0,87,47,68,167,119,48.18,41,668,271,939,233.9,60,0,1564,64,4,0,Tom Zimmerschied,SV 07 Elversberg,887457,2598
58,31,21.99,250,27,54.0,417,280,697,80.58,8,33.33,16,30,4,0,0,1,86,8,4,15,0,7,30,0,0,39,15,121,0,0,5.15,7.14,15,1,11.32,0,6,10,43,36,7,5,1,,76,41.99,0,0,1,168,3,55,0,26,2177,5,5,0,2,3,0,66.67,0,2,0,0,417,21,0,6.88,0,6,0,0,0,0,0,0,362.83,14.29,7,26,27,18,20,26,41.27,0,27,14,51.85,53,101,63,141,84,40.98,50,560,305,865,206.3,53,1,1378,23,1,0,Oliver Batista Meier,Preußen Münster,907685,2590
36,3,23.08,173,78,69.64,426,582,1008,88.5,28,54.9,23,29,1,0,0,0,103,3,0,0,6,75,28,0,0,7,16,77,0,1,1.2,0.19,24,0,0.0,0,0,1,22,16,6,0,0,,67,55.37,0,0,0,131,31,16,0,19,1719,1,6,0,0,0,1,0.0,0,0,0,0,192,7,0,6.88,1,0,0,0,0,0,0,0,0.0,0.0,0,2,2,1,3,6,42.86,0,48,28,58.33,16,66,14,13,95,55.23,112,520,619,1139,192.5,4,0,1498,13,5,1,Mattes Hansen,SC Paderborn 07,1083387,2561
23,4,16.0,227,15,55.56,362,148,510,79.32,37,41.57,52,27,3,0,0,0,73,9,5,12,4,17,27,0,0,38,7,141,0,1,4.42,5.34,15,0,9.09,0,5,8,32,26,6,5,0,,79,47.02,1,0,1,133,6,39,0,24,2196,6,1,0,0,0,0,0.0,0,0,0,1,279,14,0,6.87,0,4,0,0,0,0,0,0,439.2,0.0,0,36,19,21,22,21,39.62,0,15,8,53.33,39,47,53,25,116,45.14,27,476,167,643,185.6,55,3,1032,43,3,0,Killian Corredor,Darmstadt 98,1127332,2576
38,49,32.89,163,45,41.67,337,411,748,77.19,36,58.06,26,27,2,0,0,0,88,7,3,5,5,73,26,0,0,8,11,83,0,2,4.21,1.76,16,0,8.33,0,1,3,36,32,4,1,0,,78,57.78,0,0,0,221,34,51,1,26,2084,1,3,0,1,0,1,0.0,0,0,0,0,450,4,0,6.87,0,0,0,0,0,0,0,0,2084.0,0.0,2,8,4,5,2,16,40.0,0,37,24,64.86,50,96,40,149,114,57.87,108,467,502,969,178.6,12,1,1690,26,3,0,John Tolkin,Holstein Kiel,1015186,2573
10,4,12.5,59,14,31.82,145,170,315,79.15,12,41.38,17,25,1,0,0,0,46,2,0,0,2,41,22,0,0,3,20,65,0,0,0.55,1.11,14,0,18.18,0,2,3,22,21,1,2,0,,86,64.18,0,0,0,83,13,4,0,9,1096,0,7,0,0,0,0,0.0,0,0,0,0,162,2,0,6.87,0,2,0,0,0,0,0,0,548.0,0.0,0,5,6,6,5,12,50.0,0,56,33,58.93,4,31,24,32,98,60.12,44,201,197,398,151.1,11,1,749,19,4,0,Julian Eitschberger,Hertha BSC,1201926,2528
10,3,75.0,80,28,59.57,165,171,336,81.16,19,50.0,19,24,3,0,0,0,54,4,3,5,0,20,24,0,0,12,15,77,0,0,1.73,2.14,24,0,9.52,0,2,5,19,16,3,2,0,,61,51.26,1,0,1,78,11,19,0,8,948,1,5,0,0,0,0,0.0,0,0,0,0,118,4,0,6.87,0,1,0,0,0,0,0,0,474.0,0.0,0,11,10,8,8,7,43.75,0,37,24,64.86,19,25,16,4,80,50.96,47,222,192,414,164.8,21,3,627,17,5,0,Dariusz Stalmach,1. FC Magdeburg,1141977,2591
8,2,22.22,55,2,20.0,77,38,115,70.99,5,41.67,7,9,0,0,0,0,23,1,0,2,0,8,9,0,0,11,2,34,0,0,1.04,0.46,5,0,12.5,0,1,1,8,7,1,1,0,,15,35.71,0,0,0,47,1,9,0,6,532,1,2,0,0,0,0,0.0,0,0,0,0,89,3,0,6.87,0,1,0,0,0,0,0,0,532.0,0.0,0,3,5,3,3,5,35.71,0,7,4,57.14,9,13,14,9,20,37.04,10,116,46,162,61.8,8,1,268,3,1,0,Aaron Opoku,Eintracht Braunschweig,930136,2557
36,3,23.08,98,34,53.97,198,152,350,84.13,2,18.18,9,13,0,0,0,0,43,1,0,0,1,10,12,0,0,4,5,31,0,1,1.07,,11,0,0.0,0,0,0,6,6,0,0,0,,18,45.0,0,0,0,66,5,7,0,5,555,0,0,0,0,0,0,0.0,0,0,0,0,87,3,0,6.87,0,0,0,0,0,0,0,0,0.0,0.0,0,0,0,0,0,1,33.33,0,11,6,54.55,7,59,3,13,20,39.22,63,248,168,416,82.4,0,0,499,6,4,0,Diego Demme,Hertha BSC,124318,2528
46,3,33.33,188,63,66.32,535,685,1220,92.08,15,35.71,27,32,1,0,0,0,107,0,3,7,3,37,32,0,0,8,21,109,0,1,1.52,1.89,44,0,13.64,0,3,4,38,31,7,3,0,,66,44.59,0,0,2,105,23,11,1,32,2531,1,7,0,0,0,1,0.0,0,0,0,0,165,4,0,6.87,0,2,0,0,0,0,0,0,843.67,0.0,0,11,11,6,9,12,52.17,0,43,21,48.84,11,72,23,9,81,42.63,95,599,726,1325,219.7,22,2,1640,11,3,0,Hiroki Akiyama,Darmstadt 98,1007952,2576
6,10,11.63,112,5,27.78,193,63,256,65.47,14,45.16,17,29,6,0,0,0,75,5,9,11,0,13,29,0,0,35,22,173,0,0,2.63,5.35,44,0,12.5,0,5,11,36,31,5,5,0,,144,48.0,0,0,0,135,9,26,0,27,2109,15,4,0,0,0,0,0.0,0,0,0,3,392,22,0,6.87,0,5,0,0,0,0,0,0,421.8,0.0,0,29,11,15,14,32,35.96,0,48,25,52.08,26,21,89,86,158,47.73,18,308,83,391,199.1,40,1,982,64,5,0,Monju Momuluh,Arminia Bielefeld,1134404,2540
35,2,25.0,105,69,43.4,322,603,925,82.0,80,54.42,67,31,2,0,0,0,87,3,1,4,4,190,31,0,1,5,10,104,1,1,0.92,1.61,20,0,12.5,0,2,4,48,44,4,2,0,,78,67.83,1,0,0,203,39,10,0,30,2675,2,26,0,0,0,0,0.0,0,0,0,0,235,4,0,6.86,2,1,0,0,0,0,0,0,1337.5,0.0,0,16,0,8,4,2,40.0,0,52,36,69.23,10,81,5,8,158,60.31,159,472,656,1128,212.8,16,2,1604,25,3,1,Kevin Ehlers,Eintracht Braunschweig,973430,2557
17,5,20.0,103,16,61.54,156,76,232,77.33,2,22.22,7,11,2,0,0,0,30,4,2,4,0,2,11,0,2,9,3,56,0,0,2.26,1.37,13,0,14.29,0,3,5,10,10,0,3,0,,33,40.24,0,0,1,68,3,18,2,9,758,1,0,0,0,0,0,0.0,0,0,0,0,148,9,0,6.86,2,1,0,0,0,0,0,0,252.67,0.0,0,11,10,12,5,13,35.14,0,14,9,64.29,18,29,37,25,35,38.46,26,214,86,300,75.5,21,1,475,6,2,0,Josip Brekalo,Hertha BSC,357598,2528
30,21,37.5,122,30,49.18,258,264,522,85.43,8,40.0,12,20,2,0,0,0,52,3,2,5,4,40,19,0,0,6,16,54,0,1,2.26,1.54,13,0,10.53,0,2,4,17,14,3,1,1,,43,50.59,0,0,1,89,11,24,2,16,1295,0,4,1,0,0,0,0.0,0,0,0,0,167,6,0,6.86,0,0,0,0,0,0,0,0,647.5,0.0,1,8,11,5,9,8,50.0,0,22,16,72.73,24,45,16,56,51,48.57,61,326,285,611,130.4,19,1,971,14,2,0,Fabian Nürnberger,Darmstadt 98,940886,2576
56,1,25.0,205,39,61.9,438,565,1003,86.47,49,62.03,30,31,0,0,0,0,101,2,4,11,4,62,30,0,0,19,19,107,0,2,2.52,2.14,30,0,0.0,0,0,0,28,27,1,0,0,,79,50.64,0,0,0,157,24,15,0,27,2171,0,9,0,0,0,0,0.0,0,0,0,0,245,9,0,6.86,0,0,0,0,0,0,0,0,0.0,0.0,0,11,12,9,3,5,27.78,0,45,25,55.56,15,80,18,4,128,54.47,63,543,617,1160,205.8,23,1,1533,30,5,0,Santiago Castañeda,SC Paderborn 07,1199101,2561
5,4,50.0,20,7,41.18,38,34,72,78.26,2,50.0,2,5,0,0,0,0,12,0,0,1,1,9,5,0,0,1,3,11,0,0,0.55,0.02,2,0,0.0,0,0,0,1,1,0,0,0,,10,52.63,0,0,0,20,2,4,0,1,223,0,1,0,0,0,0,0.0,0,0,0,0,33,2,0,6.86,0,0,0,0,0,0,0,0,0.0,0.0,0,0,1,0,0,1,25.0,0,6,3,50.0,4,9,4,8,12,52.17,17,54,38,92,34.3,1,0,163,3,0,0,Leon Klassen,Darmstadt 98,879504,2576
14,11,23.4,147,12,25.53,277,175,452,77.0,18,51.43,17,14,2,0,0,0,61,2,0,3,2,27,14,0,0,7,14,60,0,0,1.54,0.16,14,0,0.0,0,0,2,12,11,1,0,0,,62,59.05,0,0,0,135,28,13,0,13,1121,0,3,0,0,0,0,0.0,0,0,0,0,235,6,0,6.86,1,0,0,0,0,0,0,0,0.0,0.0,0,1,6,4,0,3,25.0,0,35,26,74.29,13,32,12,47,80,57.14,47,380,207,587,96.0,7,0,959,25,1,1,Moussa Ndiaye,FC Schalke 04,982315,2530
0,0,0.0,41,8,38.1,93,98,191,80.59,18,62.07,11,8,0,0,0,0,33,0,0,0,0,24,7,0,0,5,2,23,0,0,0.13,0.07,5,0,0.0,0,0,0,9,7,2,0,0,,25,67.57,0,0,0,46,6,4,0,4,374,0,0,0,0,0,0,0.0,0,0,0,0,55,2,0,6.86,0,0,0,0,0,0,0,0,0.0,0.0,0,0,2,2,0,4,100.0,0,12,8,66.67,4,6,4,1,43,65.15,21,130,107,237,48.0,2,0,322,10,1,0,Luka Hyryläinen,1. FC Magdeburg,1128640,2591
25,0,0.0,117,43,42.16,477,1126,1603,90.01,57,57.0,43,31,0,0,0,0,140,2,3,3,8,138,31,0,0,9,15,116,2,1,1.44,4.32,41,0,28.57,6,6,6,44,39,5,6,0,,82,52.9,2,0,0,178,28,9,0,31,2734,0,22,0,0,3,1,100.0,0,3,0,0,238,0,0,6.85,1,4,0,0,0,0,0,0,455.67,0.0,0,19,2,9,9,7,36.84,0,43,19,44.19,9,63,19,5,139,54.51,102,576,1205,1781,212.5,21,3,2237,32,11,1,David Zec,Holstein Kiel,887911,2573
37,1,100.0,60,201,34.84,148,504,652,62.93,20,86.96,3,33,0,0,0,0,282,0,0,0,5,65,33,0,0,0,2,6,5,1,0.21,0.06,2,0,0.0,204,0,0,49,42,7,0,0,-3.63,9,75.0,0,24,0,384,1,1,0,33,2950,0,0,0,0,0,0,0.0,6,0,0,0,394,0,27,6.85,1,0,32,64,24,88,0,14,0.0,0.0,0,1,0,0,1,1,100.0,30,0,0,0.0,1,56,1,1,29,82.86,577,491,545,1036,226.2,1,0,1381,13,0,1,Jonas Thomas Kersken,Arminia Bielefeld,951531,2540
6,0,0.0,50,11,64.71,79,46,125,63.13,55,53.4,48,21,2,0,0,0,18,2,5,3,0,23,21,0,1,8,6,78,0,0,0.9,3.8,11,0,23.81,0,5,7,14,14,0,5,0,,27,47.37,3,0,0,73,1,8,0,12,1079,5,2,0,0,1,0,100.0,0,1,0,1,119,5,0,6.85,1,2,0,0,0,0,0,0,215.8,0.0,0,19,2,10,8,3,25.0,0,5,2,40.0,8,12,12,2,82,51.25,17,142,56,198,143.9,21,0,341,19,1,0,Dawid Kownacki,Hertha BSC,286103,2528
12,4,14.29,228,10,40.0,354,183,537,85.92,12,52.17,11,27,2,0,0,0,73,5,3,13,3,27,27,0,0,19,17,84,0,1,1.94,3.19,7,0,7.89,0,3,5,29,25,4,2,1,,100,57.8,0,0,1,88,14,15,1,18,1796,4,4,0,1,0,0,0.0,0,0,0,0,219,9,0,6.85,0,2,0,0,0,0,0,0,598.67,0.0,0,24,14,12,13,38,55.07,0,36,21,58.33,14,25,69,28,112,57.14,25,421,204,625,185.0,38,1,1150,26,2,0,Kolja Oudenne,Hannover 96,1130872,2541
17,7,30.43,168,12,40.0,258,230,488,78.46,14,41.18,20,32,5,0,0,0,111,11,1,6,2,33,32,0,0,49,16,190,1,1,4.72,2.61,58,0,12.0,0,3,8,29,25,4,3,0,,149,46.71,0,0,0,134,24,33,1,30,2291,5,4,0,1,0,2,0.0,0,0,0,2,329,15,0,6.85,0,2,0,0,0,0,0,0,763.67,0.0,0,16,9,8,11,45,47.87,0,50,29,58.0,32,32,94,23,163,46.18,30,365,257,622,219.1,25,2,1190,54,7,0,Noël Aséko,Hannover 96,1410926,2541
21,8,22.86,241,32,50.0,428,452,880,84.86,12,50.0,12,28,3,0,0,0,105,1,0,5,2,31,28,0,0,11,18,79,2,1,2.13,0.59,21,0,6.67,0,1,4,22,21,1,1,0,,100,59.88,0,0,0,157,28,22,1,25,1994,0,2,0,0,0,0,0.0,0,0,0,0,276,5,0,6.85,1,0,0,0,0,0,0,0,1994.0,0.0,0,9,6,7,3,23,53.49,0,53,34,64.15,22,44,43,35,112,58.64,64,518,519,1037,191.7,15,1,1606,24,3,1,Jan Gyamerah,SV 07 Elversberg,254411,2598
13,6,28.57,116,20,41.67,234,270,504,82.49,41,56.94,31,23,0,0,0,0,55,0,0,0,7,64,23,0,0,2,10,83,0,1,0.58,0.28,32,0,0.0,1,0,0,13,11,2,0,0,,71,57.72,0,0,0,107,30,14,0,17,1489,2,10,0,0,0,0,0.0,0,0,0,0,173,4,0,6.84,0,0,0,0,0,0,0,0,0.0,0.0,0,3,2,3,2,12,57.14,0,38,27,71.05,14,30,21,21,112,57.44,48,312,299,611,157.4,5,0,990,22,9,0,Deyovaisio Zeefuik,Hertha BSC,843156,2528
36,0,0.0,258,48,37.21,510,354,864,76.6,60,68.18,28,33,1,0,0,0,121,5,1,8,10,81,33,0,0,3,39,120,0,1,1.94,1.0,52,0,0.0,0,0,1,28,27,1,0,0,,96,51.06,0,0,0,264,47,19,0,33,2802,0,10,1,0,0,2,0.0,0,0,0,1,286,15,0,6.84,0,0,0,0,0,0,0,0,0.0,0.0,0,10,8,8,2,2,50.0,0,73,45,61.64,19,66,4,4,156,56.52,129,719,409,1128,225.8,18,0,1493,22,4,0,Ron Schallenberg,FC Schalke 04,872358,2530
2,0,0.0,56,10,76.92,99,49,148,62.71,54,49.09,56,27,1,0,0,0,22,1,8,6,0,21,27,0,0,5,2,82,0,1,0.34,7.46,22,0,22.22,0,8,9,16,12,4,8,0,,22,45.83,0,0,3,88,2,11,3,15,1153,9,2,0,0,0,0,0.0,0,0,0,1,130,8,0,6.84,0,5,0,0,0,0,0,0,144.13,0.0,0,36,0,13,17,5,71.43,0,7,3,42.86,11,4,7,1,76,48.1,13,165,71,236,184.7,36,0,411,12,3,0,Jan Luca Schuler,Hertha BSC,910241,2528
36,8,19.51,255,37,38.95,448,320,768,79.26,13,36.11,23,32,5,0,0,0,100,9,2,10,3,30,32,0,0,29,27,129,0,2,3.67,3.2,33,0,11.43,0,4,9,34,30,4,2,2,,84,44.21,1,0,0,201,15,25,0,28,2346,2,3,0,0,0,1,0.0,0,0,0,0,351,14,0,6.84,0,3,0,0,0,0,0,0,586.5,0.0,1,19,16,12,13,31,62.0,0,38,27,71.05,25,94,50,41,97,42.92,95,607,362,969,218.9,35,3,1385,15,3,0,Semih Şahin,1. FC Kaiserslautern,978767,2675
31,2,18.18,146,54,51.92,332,351,683,81.02,39,55.71,31,31,0,0,0,0,94,4,3,4,5,39,30,0,0,19,35,124,0,1,1.46,1.37,30,0,13.33,2,2,2,28,26,2,2,0,,95,50.53,1,0,1,160,18,15,1,25,2191,1,10,0,0,0,1,0.0,0,0,0,1,231,8,0,6.84,0,0,0,0,0,0,0,0,1095.5,0.0,0,10,5,6,5,25,69.44,0,57,33,57.89,15,66,36,11,134,51.94,104,435,408,843,205.2,15,0,1172,13,10,0,Cajetan Lenz,VfL Bochum 1848,2077300,2542
3,6,31.58,53,6,66.67,74,45,119,74.84,5,29.41,12,18,1,0,0,0,30,3,1,2,0,3,18,0,0,8,6,48,0,0,1.76,1.13,11,0,10.53,0,2,3,6,4,2,1,1,,26,41.94,0,0,0,40,6,16,0,2,454,0,0,0,0,0,0,0.0,0,0,0,0,90,5,0,6.84,0,2,0,0,0,0,0,0,227.0,0.0,0,10,9,8,9,10,43.48,0,8,4,50.0,16,11,23,19,31,39.24,9,105,54,159,123.1,19,0,290,8,2,0,Moritz Kwarteng,VfL Bochum 1848,886132,2542
11,0,0.0,63,36,47.37,265,485,750,88.34,55,67.07,27,27,1,0,0,0,54,2,2,3,3,133,26,0,0,2,12,62,0,2,0.27,1.41,20,0,11.11,0,1,2,29,25,4,1,0,,51,59.3,0,0,0,99,23,8,0,18,1716,0,17,1,0,0,1,0.0,0,0,0,0,127,1,0,6.84,0,1,0,0,0,0,0,0,1716.0,0.0,0,8,1,3,3,3,50.0,0,38,23,60.53,8,28,6,0,106,63.1,76,329,520,849,177.8,9,1,1159,12,1,0,Jan Elvedi,SpVgg Greuther Fürth,576154,2551
49,4,28.57,101,57,41.91,293,1077,1370,87.6,63,57.8,46,30,0,0,0,0,87,1,1,6,4,188,30,0,0,1,13,79,0,3,1.49,2.34,19,0,10.34,7,3,3,46,42,4,3,0,,57,63.33,1,0,1,194,26,6,0,28,2405,1,32,1,0,0,0,0.0,0,0,0,0,216,2,0,6.84,0,2,0,0,0,0,0,0,801.67,0.0,1,23,6,15,8,2,66.67,0,44,28,63.64,6,93,3,14,120,60.3,136,417,1147,1564,205.1,29,1,1984,13,10,0,Jannis Heuer,Preußen Münster,941561,2590
57,0,0.0,214,82,41.41,526,801,1327,83.93,76,58.02,55,29,1,0,0,0,110,1,1,3,7,128,28,0,0,3,18,110,0,2,0.59,1.79,35,0,11.76,7,2,3,30,27,3,2,0,,57,50.89,2,0,0,254,21,8,0,25,2230,1,13,1,0,0,0,0.0,0,0,0,0,278,4,0,6.84,0,0,0,0,0,0,0,0,1115.0,0.0,0,16,1,7,7,3,50.0,0,49,31,63.27,8,142,6,2,133,54.73,198,707,874,1581,191.4,17,1,1927,6,6,0,Virgil Ghiță,Hannover 96,867544,2541
7,10,20.83,50,7,53.85,82,23,105,69.54,13,46.43,15,14,1,0,0,0,28,3,1,1,0,2,14,0,0,6,4,38,0,0,1.41,1.49,7,0,8.33,0,1,2,5,5,0,1,0,,25,52.08,0,0,0,46,3,15,0,8,670,1,0,0,1,0,0,0.0,0,0,0,0,149,8,0,6.84,0,1,0,0,0,0,0,0,670.0,0.0,3,5,7,5,6,6,50.0,0,6,3,50.0,14,12,12,48,38,50.0,13,119,32,151,95.7,12,0,337,14,1,0,Christopher Antwi-Adjei,FC Schalke 04,844203,2530
20,0,0.0,62,20,45.45,129,242,371,86.08,19,57.58,14,12,0,0,0,0,38,1,0,1,0,38,12,0,0,1,4,23,1,0,0.61,0.13,4,0,16.67,0,1,1,15,14,1,0,1,,28,75.68,0,0,0,60,4,2,0,5,550,0,2,0,0,0,1,0.0,0,0,0,0,77,1,0,6.83,0,1,0,0,0,0,0,0,550.0,0.0,0,0,6,4,1,4,80.0,0,18,10,55.56,2,39,5,5,47,67.14,44,168,263,431,82.0,6,0,568,6,0,0,Claudio Kammerknecht,SG Dynamo Dresden,940870,2595
17,1,9.09,50,16,43.24,94,207,301,83.61,24,70.59,10,19,0,0,0,0,27,0,0,2,0,54,18,0,0,2,7,34,0,0,0.8,0.38,13,0,0.0,6,0,0,19,16,3,0,0,,26,52.0,0,0,0,59,6,9,0,7,820,0,12,0,1,0,0,0.0,0,0,0,0,162,2,0,6.83,0,0,0,0,0,0,0,0,0.0,0.0,0,4,3,4,1,1,25.0,0,17,12,70.59,8,35,4,11,50,59.52,37,133,227,360,123.0,7,1,654,11,5,0,Torge Paetow,Preußen Münster,253477,2590
11,8,26.67,70,12,27.91,119,85,204,68.23,15,68.18,7,19,0,0,0,0,47,1,0,1,2,29,19,0,0,6,20,59,0,0,1.07,0.34,20,0,0.0,0,0,0,4,4,0,0,0,,59,53.15,0,0,0,95,10,7,0,10,938,0,2,0,0,0,0,0.0,0,0,0,0,152,9,0,6.83,0,0,0,0,0,0,0,0,0.0,0.0,0,4,2,5,0,7,53.85,0,36,22,61.11,7,30,13,30,74,55.64,43,191,108,299,129.8,6,0,580,17,5,0,Adrian Gantenbein,FC Schalke 04,1046188,2530
2,0,0.0,61,4,57.14,101,26,127,51.42,110,53.66,95,17,2,0,0,0,18,3,5,3,0,20,17,0,0,10,2,130,0,1,1.12,2.44,18,0,18.18,0,4,6,15,13,2,3,1,,18,33.96,2,0,0,120,2,17,0,8,897,4,4,0,0,0,0,0.0,0,0,0,0,174,8,0,6.83,0,2,0,0,0,0,0,0,224.25,0.0,0,19,3,8,11,4,36.36,0,5,5,100.0,17,11,11,1,128,49.61,7,203,44,247,116.1,22,1,409,10,0,0,Roberts Uldriķis,Arminia Bielefeld,883327,2540
16,0,0.0,73,32,39.02,202,365,567,83.88,38,48.1,41,18,0,0,0,0,47,0,2,0,3,82,18,0,1,3,3,65,0,1,0.21,2.04,16,0,21.43,23,3,3,18,17,1,2,1,,34,58.62,1,0,0,109,19,5,1,16,1338,1,17,0,0,0,0,0.0,0,0,0,1,128,0,0,6.83,1,1,0,0,0,0,0,0,446.0,0.0,0,11,3,9,5,4,50.0,0,15,7,46.67,5,40,8,1,72,52.55,82,280,396,676,122.9,14,1,909,16,2,0,Lukas Frenkert,Eintracht Braunschweig,1082633,2557
19,24,46.15,198,33,66.0,362,217,579,82.6,7,33.33,14,27,4,0,0,0,65,4,3,9,0,11,27,0,0,14,12,64,0,1,3.27,2.95,13,0,7.69,0,2,6,24,23,1,1,1,,45,47.37,0,0,0,122,7,35,1,22,1846,1,2,0,0,0,0,0.0,0,0,0,0,203,5,0,6.83,0,1,0,0,0,0,0,0,923.0,0.0,1,17,9,7,10,10,47.62,0,20,14,70.0,35,35,21,52,52,44.83,50,460,241,701,184.3,26,0,952,15,1,0,Shinta Appelkamp,Fortuna Düsseldorf,980466,2588
6,0,0.0,1,29,36.71,17,87,104,66.24,2,100.0,0,4,0,0,0,0,36,0,0,0,0,0,4,0,0,0,0,1,1,0,0.01,,1,0,0.0,25,0,0,5,5,0,0,0,-0.17,3,75.0,0,4,0,53,0,0,0,3,301,0,0,0,0,0,1,0.0,1,0,0,0,53,0,0,6.83,0,0,1,7,2,9,0,0,0.0,0.0,0,0,0,0,0,1,100.0,1,0,0,0.0,0,12,1,0,5,83.33,79,60,97,157,27.3,0,0,183,2,2,0,Morten Behrens,Preußen Münster,814388,2590
6,0,0.0,22,5,38.46,49,80,129,84.31,9,75.0,3,13,0,0,0,1,14,0,1,0,1,16,8,0,0,1,4,13,0,0,0.1,0.94,2,0,0.0,0,0,0,2,2,0,0,0,,13,56.52,0,0,0,24,1,2,0,2,264,0,1,0,0,1,0,0.0,0,0,0,0,36,1,0,6.83,0,0,0,0,0,0,0,0,0.0,0.0,0,3,0,0,3,1,25.0,0,8,6,75.0,2,12,4,1,22,62.86,13,63,90,153,54.6,3,0,218,4,0,0,Carlo Sickinger,SV 07 Elversberg,845653,2598
15,22,39.29,235,9,29.03,340,134,474,78.22,14,25.45,41,34,1,0,0,1,108,3,5,10,0,26,34,0,0,59,19,208,1,0,2.95,4.64,28,0,9.52,0,4,5,33,31,2,3,1,,115,40.78,0,0,0,132,15,28,0,23,2183,2,9,0,1,1,0,0.0,0,0,0,1,358,12,0,6.82,0,4,0,0,0,0,0,0,545.75,0.0,0,23,19,17,15,59,48.76,0,25,18,72.0,27,34,121,56,129,38.28,31,436,170,606,232.0,42,1,1146,31,2,0,Jonas Therkelsen,Holstein Kiel,1385752,2573
26,2,33.33,212,29,58.0,395,348,743,85.11,21,50.0,21,31,1,0,0,0,114,2,1,3,3,28,31,0,0,23,19,111,0,0,2.03,1.48,32,0,5.56,0,1,2,28,25,3,1,0,,76,45.78,0,0,0,130,17,19,0,25,2131,0,6,0,0,0,0,0.0,0,0,0,0,213,11,0,6.82,0,1,0,0,0,0,0,0,2131.0,0.0,1,8,10,8,7,20,55.56,0,41,22,53.66,19,53,36,6,97,46.63,50,488,385,873,211.5,18,1,1195,15,8,0,Amara Condé,SV 07 Elversberg,817978,2598
8,4,23.53,66,21,43.75,125,120,245,76.8,15,53.57,13,15,1,0,0,0,47,2,0,1,2,27,14,0,0,4,12,42,0,0,1.09,0.12,10,0,0.0,0,0,1,9,8,1,0,0,,41,58.57,0,0,0,74,10,4,0,9,812,1,1,0,0,0,1,0.0,0,0,0,0,123,5,0,6.82,0,0,0,0,0,0,0,0,0.0,0.0,0,0,5,3,1,10,71.43,0,18,11,61.11,4,28,14,17,56,57.14,48,166,153,319,95.5,5,1,532,13,2,0,Herbert Bockhorn,1. FC Magdeburg,312986,2591
0,0,0.0,19,2,33.33,34,34,68,79.07,2,100.0,0,5,0,0,0,0,8,0,0,1,0,9,5,0,0,0,3,10,0,0,0.11,0.1,3,0,0.0,0,0,0,5,5,0,0,0,,12,54.55,0,0,0,18,4,3,0,2,221,0,1,0,0,0,0,0.0,0,0,0,0,33,1,0,6.82,0,0,0,0,0,0,0,0,0.0,0.0,0,2,0,1,0,0,0.0,0,6,3,50.0,3,0,4,4,14,58.33,6,47,39,86,34.1,2,0,149,6,1,0,Romario Rösch,VfL Bochum 1848,935283,2542
15,7,24.14,151,12,46.15,236,149,385,76.39,15,35.71,27,31,5,0,0,0,107,11,3,9,0,22,31,0,0,34,17,146,1,1,2.38,3.46,36,0,14.29,0,5,10,34,32,2,4,1,,109,47.81,0,0,0,119,13,28,5,28,2246,2,8,0,0,0,0,0.0,0,0,0,1,274,21,0,6.82,0,0,0,0,0,0,0,0,449.2,0.0,0,22,13,13,13,25,43.1,0,37,24,64.86,28,34,58,29,124,45.93,26,325,179,504,211.4,35,2,949,47,4,0,Niklas Hauptmann,SG Dynamo Dresden,798154,2595
0,1,50.0,14,0,0.0,27,21,48,72.73,7,41.18,10,6,1,0,0,0,7,1,0,0,0,5,6,0,0,2,3,21,0,0,0.4,0.18,4,0,0.0,0,0,1,1,1,0,0,0,,13,54.17,0,0,0,18,1,4,0,4,320,1,1,0,0,0,0,0.0,0,0,0,0,27,2,0,6.82,0,0,0,0,0,0,0,0,0.0,0.0,0,2,1,2,1,1,33.33,0,8,5,62.5,4,1,3,2,20,48.78,5,37,29,66,40.9,3,0,115,4,1,0,Ikem Ugoh,Holstein Kiel,2203217,2573
10,1,100.0,23,19,32.76,90,554,644,90.07,21,44.68,26,13,0,0,0,0,53,1,0,2,4,53,13,0,0,2,5,37,0,0,0.38,0.56,2,0,0.0,43,0,0,15,15,0,0,0,,21,65.63,0,0,0,71,10,2,0,12,1100,0,8,0,0,0,0,0.0,0,0,0,0,87,0,0,6.82,0,0,0,0,0,0,0,0,0.0,0.0,0,6,0,3,1,2,50.0,0,16,11,68.75,2,26,4,1,42,53.16,58,130,585,715,88.6,6,0,868,4,2,0,Friedrich Müller,SG Dynamo Dresden,1609271,2595
9,8,29.63,43,8,44.44,73,60,133,77.33,4,30.77,9,15,2,0,0,0,35,5,5,2,0,10,15,0,0,9,3,46,0,0,1.06,2.65,15,0,8.33,0,1,3,7,6,1,1,0,,35,48.61,0,0,0,39,2,12,0,7,596,0,1,0,0,0,0,0.0,0,0,0,0,95,5,0,6.81,0,1,0,0,0,0,0,0,596.0,0.0,1,8,4,5,5,9,47.37,0,16,13,81.25,12,16,19,27,39,45.88,18,103,69,172,102.2,12,1,323,10,3,0,Rabby Nzingoula,1. FC Nürnberg,1492676,2523
21,1,33.33,127,18,60.0,271,242,513,87.69,22,66.67,11,16,1,0,0,0,52,2,0,3,1,30,15,0,0,6,11,37,0,2,0.75,0.3,9,0,0.0,0,0,1,23,20,3,0,0,,33,55.93,0,0,0,72,16,5,0,14,1130,0,10,0,0,0,0,0.0,0,0,0,0,93,4,0,6.81,0,0,0,0,0,0,0,0,0.0,0.0,0,3,3,2,1,4,80.0,0,20,10,50.0,5,32,5,3,55,59.78,30,322,263,585,102.2,6,0,749,9,4,0,Tim Breithaupt,Fortuna Düsseldorf,1049177,2588
6,0,0.0,85,1,50.0,135,42,177,75.0,4,20.0,16,20,2,0,0,0,36,4,2,10,1,2,20,0,0,19,3,82,0,0,1.59,4.2,19,0,15.79,0,6,8,22,21,1,5,1,,45,40.54,0,0,1,59,4,16,2,17,1323,10,0,0,0,0,0,0.0,0,0,0,0,155,8,0,6.81,0,4,0,0,0,0,0,0,220.5,0.0,0,28,10,14,14,11,28.95,0,16,8,50.0,16,10,38,0,49,37.4,2,184,52,236,136.2,38,3,470,18,3,0,Louey Ben Farhat,Karlsruher SC,1606561,2553
5,9,21.43,33,7,31.82,69,105,174,77.68,10,38.46,16,12,1,0,0,0,26,1,0,0,1,11,11,0,0,3,4,32,0,0,0.99,0.13,6,0,0.0,0,0,1,9,7,2,0,0,,29,64.44,0,0,0,50,5,11,0,4,523,2,1,0,0,0,0,0.0,0,0,0,0,105,0,0,6.81,0,0,0,0,0,0,0,0,0.0,0.0,0,1,1,1,1,1,20.0,0,13,7,53.85,11,16,5,42,39,54.93,22,108,116,224,74.9,2,0,388,15,0,0,Florian Kleinhansl,1. FC Kaiserslautern,1014806,2675
8,0,0.0,49,35,46.67,223,697,920,89.67,53,53.0,47,27,0,0,0,0,123,0,1,0,8,116,27,0,1,11,8,96,0,2,0.16,0.4,26,0,0.0,15,0,0,31,28,3,0,0,,98,66.67,0,0,0,106,35,5,0,27,2286,0,15,0,0,0,2,0.0,0,0,0,1,152,4,0,6.81,1,0,0,0,0,0,0,0,0.0,0.0,0,6,0,6,0,6,54.55,0,48,27,56.25,5,28,11,2,151,61.13,75,282,744,1026,183.8,6,0,1415,47,7,0,Maxwell Gyamfi,1. FC Kaiserslautern,987512,2675
36,15,27.78,296,37,55.22,455,197,652,81.09,13,34.21,25,30,0,0,0,0,98,5,1,15,4,13,30,0,0,17,16,116,1,0,2.84,2.52,29,0,5.0,0,2,2,31,26,5,2,0,,96,51.34,0,0,2,152,9,32,0,23,2080,4,1,0,0,0,0,0.0,0,0,0,1,295,16,0,6.8,0,2,0,0,0,0,0,0,1040.0,0.0,0,20,20,12,13,27,47.37,0,31,17,54.84,32,59,57,54,109,48.44,67,582,222,804,204.1,40,2,1194,39,2,0,Marius Wörl,Arminia Bielefeld,1387705,2540
8,12,18.75,109,5,35.71,184,126,310,73.99,15,46.88,17,32,2,0,0,0,64,6,2,16,1,23,32,0,0,27,4,100,0,0,3.19,4.09,15,0,10.71,0,6,8,27,27,0,4,2,,75,47.47,1,0,0,109,4,31,1,17,1679,6,3,0,0,0,0,0.0,0,0,0,0,278,10,0,6.8,1,4,0,0,0,0,0,0,279.83,0.0,1,24,32,19,21,23,38.33,0,25,17,68.0,31,15,60,64,90,47.37,14,270,149,419,217.7,56,2,832,27,3,1,Jakob Lemmer,SG Dynamo Dresden,992144,2595
19,14,21.88,185,16,33.33,316,164,480,69.46,21,29.58,50,30,2,0,0,0,95,10,2,10,4,44,30,0,0,21,17,144,0,1,4.63,2.06,31,0,7.41,0,2,4,34,31,3,2,0,,85,47.49,0,0,0,211,27,40,0,24,2072,5,2,0,0,0,0,0.0,0,0,0,0,369,17,0,6.8,1,2,0,0,0,0,0,0,1036.0,0.0,0,20,7,9,8,16,37.21,0,33,21,63.64,40,50,43,64,106,42.4,48,477,214,691,204.0,27,3,1155,36,6,1,Robin Heußer,Eintracht Braunschweig,874816,2557
0,0,0.0,6,0,0.0,28,35,63,76.83,8,50.0,8,6,0,0,0,0,14,0,1,0,1,11,6,0,0,6,2,32,0,0,0.03,0.83,8,0,25.0,0,1,1,7,4,3,1,0,,21,46.67,1,0,0,19,0,0,0,4,334,0,2,0,0,0,0,0.0,0,0,0,0,75,0,0,6.8,0,0,0,0,0,0,0,0,334.0,0.0,0,4,0,2,2,1,10.0,0,12,9,75.0,0,3,10,7,29,47.54,6,41,41,82,40.8,4,0,223,8,1,0,David Abrangao,SpVgg Greuther Fürth,1424870,2551
0,0,0.0,3,0,0.0,3,1,4,25.0,4,80.0,1,3,0,0,0,0,4,0,1,0,0,0,3,0,0,2,0,5,0,0,0.03,0.64,2,0,33.33,0,1,1,2,2,0,1,0,,3,42.86,1,0,0,12,1,1,0,0,84,0,0,0,0,0,0,0.0,0,0,0,0,19,0,0,6.8,0,0,0,0,0,0,0,0,84.0,0.0,0,3,0,1,2,1,100.0,0,0,0,0.0,1,3,1,2,7,58.33,3,12,4,16,20.4,3,0,33,2,1,0,Louis Köster,VfL Bochum 1848,1475013,2542
0,0,0.0,1,0,0.0,2,0,2,50.0,2,66.67,1,1,0,0,0,0,0,0,0,0,0,0,1,0,0,0,0,1,0,0,0.0,,0,0,0.0,0,0,0,2,2,0,0,0,,3,100.0,0,0,0,2,0,0,0,0,14,0,0,0,0,0,0,0.0,0,0,0,0,3,0,0,6.8,0,0,0,0,0,0,0,0,0.0,0.0,0,0,0,0,0,2,100.0,0,1,1,100.0,0,0,2,0,5,83.33,0,4,0,4,6.8,0,0,8,0,0,0,Niklas Hildebrandt,Hertha BSC,1861983,2528
48,2,16.67,189,65,54.17,381,402,783,80.23,42,56.0,33,29,0,0,1,0,119,2,3,4,6,73,29,0,0,24,11,125,1,1,1.11,2.21,43,0,0.0,4,0,0,33,27,6,0,0,,86,48.31,0,0,2,193,26,14,0,23,2034,1,22,0,0,1,0,0.0,0,0,0,0,282,9,0,6.8,0,0,0,0,0,0,0,0,0.0,0.0,2,12,15,16,7,12,41.38,0,41,25,60.98,14,88,29,12,128,50.59,120,513,463,976,197.2,27,1,1385,35,7,0,Falko Michel,1. FC Magdeburg,1065557,2591
1,0,0.0,2,0,0.0,6,6,12,80.0,2,50.0,2,3,0,0,0,0,0,0,0,0,0,1,2,0,0,0,0,3,0,0,0.01,0.18,1,0,0.0,0,0,0,0,0,0,0,0,,3,75.0,0,0,0,3,1,0,0,0,23,0,0,0,0,0,0,0.0,0,0,0,0,5,0,0,6.8,0,0,0,0,0,0,0,0,0.0,0.0,0,1,1,1,1,1,100.0,0,2,2,100.0,0,2,1,0,5,62.5,1,9,6,15,13.6,2,0,25,0,0,0,Dion Hofmeister,1. FC Kaiserslautern,2331052,2675
4,1,6.67,101,7,58.33,161,88,249,66.4,57,53.27,50,33,4,0,0,0,28,6,16,7,0,17,33,0,0,12,8,109,0,0,2.74,9.55,32,0,22.0,0,11,15,38,34,4,10,1,,50,45.87,1,0,1,126,6,22,2,23,2086,14,1,0,0,0,0,0.0,0,0,0,0,212,4,0,6.8,1,8,0,0,0,0,0,0,189.64,0.0,0,46,4,19,24,10,52.63,0,8,5,62.5,22,13,19,15,107,49.54,12,267,108,375,224.3,50,2,628,33,3,1,Fabian Schleusener,Karlsruher SC,270897,2553
24,0,0.0,133,91,75.21,448,800,1248,94.05,40,48.19,43,25,0,0,0,0,69,1,0,1,6,92,25,0,0,2,13,81,0,1,0.3,0.21,18,0,0.0,56,0,0,35,30,5,0,0,,39,50.65,0,0,0,79,17,5,0,22,1883,1,9,0,0,0,0,0.0,0,0,0,1,94,2,0,6.8,0,0,0,0,0,0,0,0,0.0,0.0,0,3,1,3,0,2,28.57,0,32,21,65.63,5,38,7,1,79,49.38,121,499,828,1327,169.9,4,0,1566,5,6,0,Tobias Müller,1. FC Magdeburg,289203,2591
16,8,19.51,113,6,25.0,208,161,369,80.22,22,50.0,22,22,2,0,0,0,44,6,2,7,0,18,21,0,0,10,12,68,0,0,3.03,1.05,14,0,0.0,0,0,2,17,13,4,0,0,,39,45.88,0,0,0,91,7,20,0,13,1065,2,4,0,0,0,0,0.0,0,0,0,0,186,10,0,6.8,0,0,0,0,0,0,0,0,0.0,0.0,0,8,7,6,2,9,42.86,0,22,14,63.64,20,32,21,41,61,47.29,24,276,184,460,142.7,15,1,720,10,3,0,Ruben Müller,SC Paderborn 07,1864750,2561
14,0,0.0,72,26,52.0,151,207,358,84.63,24,66.67,12,20,0,0,0,0,40,0,0,0,1,48,17,0,0,3,3,24,0,0,0.24,0.03,4,0,0.0,16,0,0,17,17,0,0,0,,30,71.43,0,0,0,65,11,2,0,11,976,1,7,0,0,0,0,0.0,0,0,0,0,96,2,0,6.79,0,0,0,0,0,0,0,0,0.0,0.0,0,1,0,0,1,3,60.0,0,13,8,61.54,2,31,5,1,54,69.23,50,195,228,423,115.5,1,0,628,15,0,0,Niklas Kolbe,Hertha BSC,803749,2528
22,1,33.33,67,33,39.76,198,343,541,85.74,28,59.57,19,12,0,0,0,0,41,0,0,0,5,51,12,0,0,2,6,40,2,2,0.35,0.3,13,0,25.0,31,1,1,13,12,1,1,0,,18,46.15,1,0,0,90,14,1,0,10,924,0,9,0,0,0,0,0.0,0,0,0,0,102,0,0,6.79,0,0,0,0,0,0,0,0,924.0,0.0,0,3,1,3,1,0,0.0,0,15,10,66.67,1,55,1,3,46,53.49,83,258,373,631,81.5,4,2,787,3,0,0,Jacob Rasmussen,1. FC Kaiserslautern,842176,2675
2,1,20.0,90,2,33.33,129,62,191,67.02,39,45.88,46,33,1,0,0,1,23,3,23,6,2,18,33,0,0,28,4,108,0,0,1.66,17.49,20,0,22.95,0,14,15,31,28,3,14,0,,31,33.33,2,0,5,94,1,16,5,23,2091,12,1,0,1,1,0,0.0,0,0,0,0,189,5,0,6.79,0,7,0,0,0,0,0,0,149.36,0.0,0,60,1,23,32,8,44.44,0,7,4,57.14,15,8,18,5,70,39.33,6,210,75,285,224.1,61,2,533,16,1,0,Benjamin Källman,Hannover 96,794679,2541
60,1,8.33,186,99,47.83,513,1021,1534,87.36,58,55.24,47,32,0,0,0,0,181,0,0,2,6,143,32,0,1,19,20,114,2,5,1.35,1.19,17,0,20.0,28,2,2,37,33,4,2,0,,79,54.11,1,0,0,222,30,16,0,31,2662,1,12,0,0,0,1,0.0,0,0,0,1,303,7,0,6.79,1,1,0,0,0,0,0,0,1331.0,0.0,0,10,0,3,5,19,59.38,0,41,27,65.85,16,105,32,12,137,54.58,207,668,1088,1756,217.3,10,2,2220,19,4,0,Tjark Lasse Scheller,SC Paderborn 07,1137717,2561
5,1,50.0,16,7,46.67,25,17,42,63.64,4,50.0,4,11,0,0,0,0,18,0,0,0,0,6,10,0,0,0,8,18,0,0,0.13,,3,0,0.0,0,0,0,2,2,0,0,0,,22,61.11,0,0,0,24,2,3,0,0,187,0,0,0,0,0,0,0.0,0,0,0,0,36,0,0,6.79,0,0,0,0,0,0,0,0,0.0,0.0,0,0,0,0,0,2,40.0,0,13,6,46.15,3,11,5,2,26,59.09,15,43,23,66,67.9,0,0,142,7,0,0,Matthias Bader,Darmstadt 98,800444,2576
15,29,25.44,205,24,26.09,330,272,602,75.82,25,56.82,19,28,2,0,0,0,88,2,0,8,1,33,28,0,1,13,17,75,0,1,2.53,0.56,20,0,5.56,0,1,3,26,22,4,1,0,,91,61.9,0,0,0,192,6,26,1,16,1566,1,1,0,1,0,0,0.0,0,0,0,0,342,9,0,6.79,1,0,0,0,0,0,0,0,1566.0,0.0,0,2,16,6,4,11,61.11,0,49,28,57.14,25,67,18,114,116,60.73,92,481,313,794,190.1,18,0,1301,32,4,0,Christopher Lannert,Arminia Bielefeld,886258,2540
15,1,14.29,162,15,41.67,357,382,739,90.67,11,33.33,22,17,1,0,0,0,72,0,0,2,5,29,17,0,0,6,15,61,1,1,0.61,0.63,16,0,20.0,0,1,2,23,22,1,1,0,,47,54.65,0,0,0,76,10,10,0,17,1457,1,5,0,1,0,0,0.0,0,0,0,0,103,3,0,6.79,0,1,0,0,0,0,0,0,1457.0,0.0,0,4,1,2,1,3,60.0,0,27,12,44.44,9,31,5,7,58,48.74,36,413,402,815,115.4,5,1,988,17,3,0,Jonas Meffert,Holstein Kiel,148256,2573
9,0,0.0,25,17,32.69,106,231,337,81.01,29,63.04,17,16,0,0,0,0,21,0,1,3,2,74,14,0,0,0,8,32,1,2,0.18,1.0,7,0,9.09,3,1,1,18,14,4,1,0,,20,57.14,1,0,1,79,7,2,0,10,870,0,9,0,0,0,0,0.0,0,0,0,0,84,0,0,6.79,0,0,0,0,0,0,0,0,870.0,0.0,0,7,4,6,2,2,66.67,0,16,10,62.5,2,22,3,1,49,60.49,52,154,262,416,95.0,11,0,565,2,1,0,Brynjar Ingi Bjarnason,SpVgg Greuther Fürth,881718,2551
2,0,0.0,36,1,14.29,76,42,118,56.73,70,58.82,49,14,2,0,0,0,21,2,5,2,1,22,13,0,0,16,5,102,0,0,0.78,3.15,17,0,9.52,0,2,4,23,20,3,2,0,,34,39.08,1,0,1,90,3,6,1,9,883,2,2,0,0,0,1,0.0,0,0,0,0,159,3,0,6.78,0,0,0,0,0,0,0,0,441.5,0.0,0,18,3,12,7,11,39.29,0,9,6,66.67,6,10,28,3,104,50.49,7,146,62,208,88.2,21,0,388,14,1,0,Imad Rondić,Preußen Münster,858600,2590
9,11,22.45,56,9,26.47,84,44,128,64.65,16,69.57,7,20,1,0,0,0,28,1,1,2,0,23,19,0,0,4,9,30,0,0,1.05,0.57,11,0,9.09,0,1,2,6,6,0,1,0,,34,59.65,0,0,0,70,5,9,0,6,715,0,3,0,0,0,0,0.0,0,0,0,0,127,5,0,6.78,0,1,0,0,0,0,0,0,715.0,0.0,1,6,5,5,4,1,100.0,0,15,9,60.0,9,20,1,49,50,62.5,34,139,59,198,128.9,11,0,411,19,3,0,Finn Porath,FC Schalke 04,789714,2530
5,3,50.0,97,6,33.33,165,67,232,60.57,108,64.67,59,31,3,0,0,0,31,8,5,17,2,22,31,0,0,16,8,135,0,0,2.19,5.16,37,0,10.91,0,6,9,21,19,2,6,0,,39,33.91,6,0,1,151,5,21,0,14,1596,11,3,0,0,0,0,0.0,0,0,0,0,232,12,0,6.78,1,0,0,0,0,0,0,0,266.0,0.0,0,49,6,25,13,14,42.42,0,12,7,58.33,21,8,33,6,147,52.13,18,287,96,383,210.3,55,3,639,16,1,1,Steffen Tigges,SC Paderborn 07,826884,2561
5,26,40.0,42,9,32.14,73,71,144,66.98,7,30.43,16,27,2,0,0,0,27,4,1,2,0,18,26,0,0,3,4,37,0,0,1.78,1.44,2,0,7.14,0,1,3,15,13,2,1,0,,31,59.62,0,0,0,71,2,12,0,8,844,4,1,0,0,0,0,0.0,0,0,0,1,151,3,0,6.78,0,1,0,0,0,0,0,0,844.0,0.0,0,8,6,6,6,7,36.84,0,7,4,57.14,12,19,19,65,38,50.67,28,127,88,215,176.3,14,0,445,18,0,0,Niklas Niehoff,Holstein Kiel,1198077,2573
18,2,18.18,107,14,38.89,161,86,247,71.59,6,25.0,18,24,1,0,0,0,33,1,0,9,0,16,24,0,0,10,12,75,0,0,1.52,1.78,20,0,14.29,0,3,4,14,12,2,1,2,,73,56.15,0,0,0,98,9,11,3,16,1271,4,0,0,0,0,0,0.0,0,0,0,0,173,3,0,6.78,0,0,0,0,0,0,0,0,423.67,0.0,0,16,5,7,5,18,50.0,0,25,16,64.0,11,40,36,11,79,51.3,36,240,105,345,162.7,21,0,572,30,1,0,Jason Ceka,SG Dynamo Dresden,877798,2595
33,2,40.0,80,74,52.86,258,680,938,86.53,52,53.61,45,25,0,0,0,0,62,1,0,2,3,108,24,0,0,3,13,94,0,3,1.1,0.5,35,0,0.0,1,0,0,35,32,3,0,0,,49,50.0,0,0,0,146,37,7,0,23,1879,2,19,0,0,0,0,0.0,0,0,0,0,177,0,0,6.78,0,0,0,0,0,0,0,0,0.0,0.0,0,6,2,6,0,2,66.67,0,31,18,58.06,7,57,3,5,101,51.79,140,354,730,1084,162.7,8,1,1412,17,7,0,Nicolai Rapp,Karlsruher SC,787931,2553
8,1,10.0,67,9,75.0,116,86,202,77.1,21,40.38,31,20,0,0,0,0,26,1,4,7,1,13,20,0,0,28,3,112,1,1,0.56,3.55,24,0,27.27,0,6,6,21,19,2,5,1,,60,42.55,2,0,0,60,4,10,0,13,1163,5,2,0,0,0,0,0.0,0,0,0,0,183,3,0,6.78,0,4,0,0,0,0,0,0,193.83,0.0,0,17,5,8,7,19,40.43,0,11,4,36.36,10,18,47,10,81,41.97,12,155,107,262,135.5,22,0,554,32,2,0,Etienne Amenyido,Preußen Münster,851256,2590
6,2,10.53,31,5,18.52,55,38,93,65.96,4,40.0,6,13,0,0,0,0,29,1,0,3,0,5,12,0,0,4,4,31,0,0,0.88,0.62,10,0,14.29,0,1,1,8,7,1,0,1,,24,48.98,0,0,0,48,1,6,0,2,319,0,0,0,0,0,0,0.0,0,0,0,0,86,5,0,6.78,0,1,0,0,0,0,0,0,319.0,0.0,0,2,5,2,2,3,30.0,0,18,9,50.0,6,28,10,19,28,47.46,27,96,45,141,81.3,7,0,237,3,1,0,Tobias Raschl,Preußen Münster,904840,2590
2,0,0.0,9,2,28.57,25,90,115,89.15,10,50.0,10,9,0,0,0,0,4,0,0,1,0,27,8,0,0,1,1,17,0,0,0.03,0.01,4,0,0.0,1,0,0,1,1,0,0,0,,4,36.36,0,0,0,14,2,1,0,1,236,0,2,0,0,0,0,0.0,0,0,0,0,17,0,0,6.78,0,0,0,0,0,0,0,0,0.0,0.0,0,1,0,0,0,0,0.0,0,3,3,100.0,1,4,1,0,14,45.16,7,30,99,129,54.2,1,0,178,1,2,0,Frederik Roslyng,Holstein Kiel,1648780,2573
7,3,42.86,52,13,54.17,102,155,257,78.83,7,31.82,15,22,0,0,0,0,39,1,2,2,0,18,18,0,0,3,7,31,0,1,1.24,1.22,6,0,0.0,0,0,0,19,17,2,0,0,,55,77.46,0,0,0,69,9,5,0,7,814,0,4,0,0,0,0,0.0,0,0,0,1,111,3,0,6.77,0,0,0,0,0,0,0,0,0.0,0.0,0,4,3,2,3,5,83.33,0,29,20,68.97,5,16,6,7,62,66.67,24,154,172,326,121.9,7,0,539,21,0,0,Jonah Sticker,SC Paderborn 07,1517850,2561
14,0,0.0,27,35,56.45,70,278,348,87.88,18,48.65,19,13,0,0,0,0,22,0,0,1,0,55,13,0,0,2,5,32,0,0,0.31,0.17,7,0,0.0,5,0,0,15,14,1,0,0,,24,64.86,0,0,0,48,13,1,0,9,811,0,6,0,0,0,0,0.0,0,0,0,0,64,0,0,6.77,0,0,0,0,0,0,0,0,0.0,0.0,0,2,0,0,1,1,100.0,0,20,13,65.0,1,25,1,1,42,56.76,62,109,287,396,88.0,2,0,532,3,3,0,Erhan Mašović,VfL Bochum 1848,833213,2542
20,3,42.86,135,32,41.56,344,405,749,86.89,14,48.28,15,28,0,0,0,0,95,2,4,7,4,32,28,0,0,12,12,60,0,1,1.58,2.02,12,0,0.0,0,0,0,30,26,4,0,0,,52,53.61,0,0,0,113,22,15,0,22,1852,0,8,0,0,0,1,0.0,0,0,0,0,165,6,0,6.77,0,0,0,0,0,0,0,0,0.0,0.0,0,8,7,7,1,6,37.5,0,28,21,75.0,15,43,16,7,66,52.38,77,426,436,862,189.5,15,0,1108,18,2,0,Silas Gnaka,1. FC Magdeburg,867399,2591
12,0,0.0,59,39,61.9,159,291,450,89.46,25,75.76,8,14,0,0,0,0,22,1,1,0,1,40,14,0,0,1,0,21,0,1,0.15,0.83,13,0,20.0,22,2,2,17,15,2,2,0,,25,65.79,2,0,1,53,10,1,0,8,809,1,2,0,0,0,0,0.0,0,0,0,0,67,0,0,6.76,0,0,0,0,0,0,0,0,404.5,0.0,0,10,0,6,4,3,100.0,0,13,8,61.54,1,22,3,2,50,70.42,63,192,311,503,94.7,10,0,622,9,5,0,Marcel Beifus,Karlsruher SC,982528,2553
5,3,27.27,61,7,63.64,109,51,160,77.29,1,12.5,7,22,0,0,0,0,38,3,1,9,1,1,22,0,0,18,8,66,0,0,0.77,1.82,12,0,5.26,0,1,1,9,7,2,1,0,,63,51.64,0,0,2,47,1,9,1,6,703,0,0,0,0,0,0,0.0,0,0,0,0,115,7,0,6.76,0,0,0,0,0,0,0,0,703.0,0.0,0,11,8,2,8,14,40.0,0,7,5,71.43,9,13,35,11,64,49.23,11,144,63,207,148.8,19,1,387,42,0,0,Maurice Krattenmacher,Hertha BSC,1153365,2528
9,9,23.68,135,12,42.86,226,153,379,86.14,12,57.14,9,25,2,0,0,0,38,3,0,3,0,17,24,0,0,16,3,61,0,0,1.75,0.35,12,0,20.0,0,1,3,10,10,0,1,0,,37,41.57,0,0,0,61,12,11,0,9,974,0,0,0,0,0,0,0.0,0,0,0,0,163,3,0,6.76,0,1,0,0,0,0,0,0,974.0,0.0,0,5,0,1,1,16,43.24,0,9,6,66.67,11,22,37,38,49,44.55,28,271,169,440,162.3,5,0,749,13,3,0,Nicholas Mickelson,SV 07 Elversberg,900264,2598
52,0,0.0,68,87,56.49,331,953,1284,87.17,114,73.08,42,29,0,0,0,0,84,3,1,2,4,195,29,0,0,0,4,68,1,2,0.76,2.1,22,0,0.0,56,0,0,54,50,4,0,0,,39,60.0,0,0,0,189,24,5,0,28,2539,0,33,0,1,0,2,0.0,0,0,0,0,195,0,0,6.76,1,0,0,0,0,0,0,0,0.0,0.0,0,21,0,13,6,0,0.0,0,30,18,60.0,4,76,0,0,153,69.23,154,457,1016,1473,196.1,21,0,1840,11,3,1,Marcel Franke,Karlsruher SC,121793,2553
23,19,27.14,199,37,72.55,414,337,751,87.43,15,26.32,42,29,1,0,0,0,80,4,3,7,2,23,29,0,1,28,17,152,0,3,2.05,5.14,40,0,17.65,0,6,7,33,31,2,5,1,,98,47.12,0,0,2,108,18,29,3,25,2133,4,3,0,0,1,0,100.0,0,1,0,0,280,11,0,6.76,2,3,0,0,0,0,0,0,355.5,0.0,4,19,15,11,16,24,44.44,0,29,20,68.97,29,33,54,70,113,42.64,51,491,368,859,196.0,34,0,1335,46,6,1,Rafael Lubach,1. FC Nürnberg,1214874,2523
41,11,27.5,204,43,37.72,468,732,1200,83.28,26,38.81,41,31,3,0,0,0,106,5,5,9,3,62,31,0,1,19,44,169,0,0,3.1,2.62,55,0,10.53,0,4,7,53,45,8,3,1,,98,43.36,0,0,2,241,26,22,3,31,2668,4,6,0,0,0,0,0.0,0,0,0,0,441,13,0,6.76,1,1,0,0,0,0,0,0,667.0,0.0,0,21,17,11,18,16,59.26,0,47,29,61.7,22,95,27,40,124,42.32,114,632,809,1441,209.5,38,0,2065,35,9,0,Jorrit Hendrix,Preußen Münster,190875,2590
44,0,0.0,63,53,46.9,192,572,764,87.51,27,50.94,26,17,0,0,0,0,56,2,2,3,4,89,17,0,0,2,10,41,0,1,0.44,0.86,2,0,0.0,5,0,0,24,22,2,0,0,,36,70.59,0,0,1,109,15,6,0,15,1333,0,3,2,0,0,0,0.0,0,0,0,0,122,1,0,6.75,0,0,0,0,0,0,0,0,0.0,0.0,0,7,6,7,3,0,0.0,0,25,15,60.0,6,71,1,1,63,60.58,113,271,602,873,114.8,13,0,1077,11,1,0,Leon Schneider,Arminia Bielefeld,901416,2540
12,18,26.47,163,11,27.5,297,170,467,77.19,15,46.88,17,25,1,0,0,0,79,2,1,10,0,43,25,0,0,15,15,86,0,1,2.25,1.89,12,0,3.23,0,1,2,27,25,2,1,0,,70,50.36,0,0,0,138,16,21,1,22,1876,2,5,0,0,0,0,0.0,0,0,0,0,299,9,0,6.75,0,0,0,0,0,0,0,0,1876.0,0.0,0,18,13,16,5,21,42.86,0,29,17,58.62,21,34,49,68,85,49.71,40,385,220,605,168.8,31,1,1107,21,2,0,Emmanuel Iyoha,Fortuna Düsseldorf,790775,2588
34,23,22.12,267,51,64.56,437,248,685,82.33,18,33.96,35,31,4,0,0,0,113,10,4,10,7,20,31,0,0,46,30,215,0,0,3.87,3.75,53,0,7.69,0,3,7,35,31,4,2,1,,132,42.31,0,0,0,147,21,41,3,29,2512,6,4,0,0,0,0,0.0,0,0,0,1,410,22,0,6.75,0,0,0,0,0,0,0,0,837.33,0.0,3,24,15,18,11,46,46.94,0,53,32,60.38,41,54,98,104,150,41.1,79,551,281,832,209.3,39,3,1451,33,6,0,Michaël Cuisance,Hertha BSC,826208,2528
13,6,40.0,152,10,32.26,262,202,464,80.98,4,18.18,18,26,3,0,0,0,59,4,3,9,0,14,26,0,0,22,21,85,0,0,3.24,3.61,15,0,17.86,0,5,8,19,16,3,4,1,,58,46.4,0,0,1,109,6,24,1,17,1366,5,2,0,0,2,0,100.0,0,2,0,0,187,7,0,6.75,0,4,0,0,0,0,0,0,273.2,0.0,0,18,10,7,12,13,56.52,0,25,17,68.0,24,32,23,15,62,42.18,31,354,219,573,175.5,28,0,821,21,2,0,Sebastian Klaas,SC Paderborn 07,878628,2561
0,1,16.67,15,0,0.0,18,6,24,57.14,6,42.86,8,11,2,0,0,1,8,2,1,7,0,2,10,0,0,6,1,26,0,0,0.56,2.34,7,0,23.08,0,3,5,3,3,0,3,0,,11,37.93,0,0,0,18,3,5,1,0,200,2,0,0,0,2,0,50.0,0,1,0,0,52,0,0,6.75,0,2,0,0,0,0,0,0,66.67,0.0,0,11,2,1,5,4,44.44,0,2,0,0.0,5,0,9,6,17,39.53,0,32,10,42,67.5,13,0,116,5,3,0,Otto Stange,SV 07 Elversberg,1568535,2598
1,0,0.0,2,1,100.0,12,10,22,75.86,4,26.67,11,10,0,0,0,0,8,0,2,1,0,4,10,0,0,6,2,31,0,0,0.01,1.56,6,0,37.5,0,3,3,6,6,0,3,0,,12,37.5,1,0,0,7,1,3,0,4,345,2,1,0,0,0,0,0.0,0,0,0,0,43,0,0,6.75,0,2,0,0,0,0,0,0,115.0,0.0,0,8,0,1,6,2,20.0,0,4,4,100.0,3,2,10,4,16,34.04,1,16,13,29,67.5,8,0,103,6,1,0,Shin Yamada,Preußen Münster,1382299,2590
20,9,26.47,105,19,39.58,178,112,290,74.17,4,22.22,14,20,2,0,0,0,59,4,4,8,1,24,20,0,0,20,11,84,0,1,1.88,2.59,22,0,6.45,0,2,4,14,11,3,1,1,,55,44.0,1,0,1,101,10,17,0,15,1193,2,1,0,0,0,0,0.0,0,0,0,0,200,12,0,6.75,0,1,0,0,0,0,0,0,596.5,0.0,1,13,18,14,9,12,40.0,0,19,10,52.63,17,42,30,34,59,41.26,48,260,131,391,135.0,31,0,689,24,2,0,Steven Skrzybski,Holstein Kiel,122573,2573
1,0,0.0,1,0,0.0,5,4,9,75.0,1,100.0,0,2,0,0,0,0,2,0,0,0,0,1,2,0,0,2,0,2,0,0,0.0,,1,0,0.0,0,0,0,0,0,0,0,0,,3,60.0,0,0,0,3,0,0,0,0,36,0,1,0,0,0,0,0.0,0,0,0,0,8,0,0,6.75,0,0,0,0,0,0,0,0,0.0,0.0,0,0,0,0,0,0,0.0,0,2,1,50.0,0,2,0,0,4,66.67,0,7,5,12,13.5,0,0,23,1,0,0,Marcel Sobottka,VfL Bochum 1848,142613,2542
0,0,0.0,1,0,0.0,1,21,22,70.97,2,50.0,2,2,0,0,0,0,3,0,0,0,0,9,2,0,0,0,0,3,0,0,0.0,0.13,1,0,0.0,0,0,0,2,2,0,0,0,,2,66.67,0,0,0,9,1,0,0,1,94,0,3,0,0,0,0,0.0,0,0,0,0,10,0,0,6.75,0,0,0,0,0,0,0,0,0.0,0.0,0,1,0,0,1,0,0.0,0,2,1,50.0,0,2,0,0,4,57.14,7,8,23,31,13.5,1,0,51,0,1,0,Tarek Buchmann,1. FC Nürnberg,1153298,2523
46,3,33.33,106,53,41.41,293,426,719,78.49,39,43.82,50,27,0,0,0,0,83,0,1,2,8,91,27,0,0,8,16,102,0,2,1.49,0.8,26,0,0.0,5,0,0,22,22,0,0,0,,62,54.39,0,0,1,197,27,8,0,20,1959,0,8,0,0,0,1,0.0,0,0,0,0,262,5,0,6.75,0,0,0,0,0,0,0,0,0.0,0.0,0,6,5,8,1,11,73.33,0,41,26,63.41,8,103,15,9,101,49.75,128,445,471,916,182.2,11,1,1282,11,6,0,Mertcan Ayhan,FC Schalke 04,1195798,2530
23,26,21.31,151,17,26.15,282,320,602,81.35,10,37.04,17,25,2,0,0,0,68,5,0,3,3,38,25,0,0,11,18,77,0,1,3.09,0.71,20,0,7.14,0,1,3,18,16,2,1,0,,50,45.45,0,0,0,138,15,24,0,13,1322,0,7,0,1,0,0,0.0,0,0,0,0,318,3,0,6.75,0,1,0,0,0,0,0,0,1322.0,0.0,1,7,7,9,2,12,50.0,0,27,19,70.37,23,62,24,122,60,43.8,65,373,367,740,168.7,14,1,1230,14,3,0,Felix Keidel,SV 07 Elversberg,1215028,2598
23,10,29.41,74,19,42.22,139,283,422,82.42,16,59.26,11,19,1,0,0,0,38,2,0,1,1,31,19,0,0,3,8,38,1,1,1.58,0.06,16,0,0.0,0,0,1,15,13,2,0,0,,45,62.5,0,0,0,90,10,12,0,11,1003,0,3,0,0,0,0,0.0,0,0,0,0,134,2,0,6.75,0,0,0,0,0,0,0,0,0.0,0.0,0,1,1,1,0,4,80.0,0,25,16,64.0,12,44,5,34,61,61.62,45,188,324,512,128.2,2,0,757,17,2,0,Mikkel Kirkeskov,Preußen Münster,98953,2590
4,1,100.0,26,8,44.44,91,156,247,87.9,12,42.86,16,12,0,0,0,0,14,0,0,0,0,35,11,0,0,3,2,25,0,2,0.08,,1,0,0.0,6,0,0,7,7,0,0,0,,14,60.87,0,0,0,34,7,0,0,2,354,0,2,0,0,0,0,0.0,0,0,0,0,44,1,0,6.75,0,0,0,0,0,0,0,0,0.0,0.0,0,0,0,0,0,0,0.0,0,11,7,63.64,0,10,3,1,26,50.98,18,102,179,281,74.2,0,0,379,3,0,0,Hendry Blank,Hannover 96,1140597,2541
3,1,25.0,38,5,71.43,85,100,185,83.33,4,44.44,5,9,0,0,0,0,21,0,0,4,0,16,9,0,0,11,12,45,0,0,0.57,0.4,7,0,22.22,0,2,2,20,16,4,1,1,,31,43.66,0,0,0,37,5,5,2,6,561,0,6,0,0,0,0,0.0,0,0,0,0,75,3,0,6.74,0,0,0,0,0,0,0,0,280.5,0.0,0,4,5,0,5,11,52.38,0,15,7,46.67,5,6,21,4,35,43.75,7,109,113,222,60.7,9,0,368,5,0,0,Marco John,SpVgg Greuther Fürth,980625,2551
4,1,3.45,116,10,34.48,167,100,267,74.17,7,35.0,13,25,1,0,0,0,41,1,4,10,4,24,25,0,0,23,6,95,1,0,0.69,3.16,25,0,10.34,0,3,4,13,12,1,3,0,,69,45.7,0,0,0,93,6,6,2,16,1369,1,3,0,0,0,0,0.0,0,0,0,1,251,5,0,6.74,0,1,0,0,0,0,0,0,456.33,0.0,0,18,11,11,8,20,40.82,0,17,13,76.47,6,21,49,29,76,44.44,29,236,124,360,168.5,29,0,824,32,4,0,Hayate Matsuda,Hannover 96,1184040,2541
5,0,0.0,39,7,100.0,64,44,108,77.14,23,62.16,14,19,1,0,0,0,29,2,5,7,0,13,19,0,0,19,0,56,0,0,0.54,4.68,14,0,11.11,0,3,4,8,8,0,3,0,,35,45.45,1,0,2,32,2,6,1,10,800,7,1,0,0,1,0,100.0,0,1,0,0,88,6,0,6.74,0,1,0,0,0,0,0,0,266.67,0.0,0,25,2,11,9,7,41.18,0,7,4,57.14,6,5,17,5,58,50.88,7,87,53,140,128.0,27,0,296,21,0,0,Benedikt Pichler,Hannover 96,843709,2541
10,3,18.75,98,18,40.91,245,402,647,89.61,17,58.62,12,20,0,0,0,0,76,0,0,3,2,50,19,0,0,9,13,54,0,0,0.57,0.58,12,0,20.0,7,1,1,23,21,2,1,0,,55,56.7,0,0,0,75,8,5,0,16,1395,1,7,0,0,0,0,0.0,0,0,0,0,135,3,0,6.74,0,1,0,0,0,0,0,0,1395.0,0.0,0,5,0,0,2,8,47.06,0,32,22,68.75,5,23,17,16,72,57.14,44,291,431,722,128.0,5,1,1016,17,5,0,Kenneth Schmidt,Fortuna Düsseldorf,1063364,2588
7,13,28.26,88,12,57.14,148,42,190,73.08,12,31.58,26,23,4,0,0,0,43,7,7,10,0,9,23,0,0,21,11,102,0,0,2.98,3.78,17,0,5.26,0,2,6,14,13,1,2,0,,50,39.68,1,0,2,70,7,22,1,13,1065,3,0,0,0,0,0,0.0,0,0,0,0,206,7,0,6.73,0,0,0,0,0,0,0,0,532.5,0.0,3,23,15,15,13,21,42.86,0,14,8,57.14,22,18,49,46,62,37.8,21,210,50,260,154.9,38,0,553,15,4,0,Christian Rasmussen,Fortuna Düsseldorf,996989,2588
29,22,29.33,130,22,51.16,237,221,458,86.42,7,46.67,8,23,0,0,0,0,59,2,0,7,1,12,23,0,0,10,9,44,0,0,1.09,0.69,11,0,0.0,0,0,0,36,26,10,0,0,,57,61.29,0,0,0,72,15,27,0,11,1136,0,2,0,0,0,0,0.0,0,0,0,0,163,5,0,6.73,0,0,0,0,0,0,0,0,0.0,0.0,3,2,21,8,8,8,50.0,0,27,13,48.15,27,53,16,75,64,59.26,43,292,238,530,154.9,23,0,791,23,1,0,Julian Green,SpVgg Greuther Fürth,254191,2551
11,1,14.29,79,5,35.71,130,70,200,78.13,14,51.85,13,15,0,0,0,0,31,2,1,10,1,11,15,0,0,9,2,43,0,0,0.32,1.15,9,0,5.26,0,1,1,14,13,1,1,0,,39,56.52,0,0,0,56,5,3,0,11,897,1,2,0,0,0,0,0.0,0,0,0,0,103,7,0,6.73,0,1,0,0,0,0,0,0,897.0,0.0,0,11,8,4,5,12,52.17,0,12,10,83.33,3,16,23,7,53,55.21,14,173,83,256,101.0,19,0,408,16,2,0,Lino Tempelmann,Eintracht Braunschweig,886133,2557
3,1,20.0,7,1,100.0,14,10,24,77.42,1,25.0,3,3,0,0,0,0,7,0,0,0,0,1,3,0,0,0,4,7,0,0,0.03,,0,0,0.0,0,0,0,0,0,0,0,0,,6,60.0,0,0,0,7,1,0,0,1,108,0,2,0,0,0,0,0.0,0,0,0,0,15,1,0,6.73,0,0,0,0,0,0,0,0,0.0,0.0,0,0,0,0,0,1,100.0,0,4,3,75.0,0,4,1,5,7,50.0,1,21,10,31,20.2,0,0,54,1,0,0,Paul Friedrich Pöpperl,FC Schalke 04,1516761,2530
11,0,0.0,66,17,56.67,137,150,287,80.62,15,53.57,13,17,0,0,0,0,68,1,0,4,0,17,17,0,1,12,13,69,0,1,0.35,1.36,21,0,8.33,0,1,1,15,14,1,1,0,,57,50.44,0,0,1,69,17,6,0,14,1150,0,6,0,0,0,1,0.0,0,0,0,0,117,5,0,6.73,1,1,0,0,0,0,0,0,1150.0,0.0,0,7,5,5,3,17,60.71,0,25,16,64.0,6,22,28,0,72,51.06,30,186,170,356,114.4,12,0,556,15,7,0,Kennet Eichhorn,Hertha BSC,1961762,2528
38,16,24.24,186,40,47.06,345,292,637,79.63,16,47.06,18,24,1,0,0,0,107,3,0,7,2,21,24,0,0,12,21,116,0,0,2.5,0.72,50,0,0.0,0,0,1,30,29,1,0,0,,78,44.32,0,0,0,163,21,30,0,20,1822,0,7,0,0,0,0,0.0,0,0,0,0,318,15,0,6.73,1,0,0,0,0,0,0,0,0.0,0.0,0,9,6,7,1,4,19.05,0,44,21,47.73,30,79,21,66,94,44.76,85,470,330,800,161.5,15,0,1224,30,9,1,Matúš Bero,VfL Bochum 1848,187207,2542
17,4,20.0,159,21,41.18,327,451,778,83.84,27,61.36,17,32,1,0,0,0,89,3,1,5,2,52,32,0,0,21,22,101,1,1,1.34,1.65,33,0,4.55,0,1,2,39,37,2,1,0,,100,54.35,0,0,1,150,18,23,0,29,2233,3,7,0,0,0,1,0.0,0,0,0,0,237,7,0,6.73,0,1,0,0,0,0,0,0,2233.0,0.0,2,12,10,11,6,9,47.37,0,67,41,61.19,23,32,19,20,127,55.7,51,430,498,928,215.3,22,0,1315,24,6,0,Kofi Jeremy Amoako,SG Dynamo Dresden,1467703,2595
34,2,15.38,102,49,37.69,266,462,728,81.43,22,41.51,31,19,0,0,0,0,34,1,1,2,1,85,18,0,0,0,6,48,0,0,0.77,0.35,11,0,0.0,31,0,0,25,23,2,0,0,,42,71.19,0,0,0,166,11,7,0,16,1355,0,10,0,0,0,0,0.0,0,0,0,0,191,1,0,6.73,0,0,0,0,0,0,0,0,0.0,0.0,0,4,3,5,0,1,100.0,0,22,13,59.09,7,89,1,13,64,57.14,130,377,517,894,121.1,7,0,1149,20,2,0,Marco Komenda,Holstein Kiel,579260,2573
10,6,26.09,29,11,31.43,50,44,94,69.63,5,50.0,5,17,1,0,0,0,28,1,0,0,0,16,15,0,0,3,4,19,0,0,0.72,0.13,6,0,0.0,0,0,1,7,6,1,0,0,,22,61.11,0,0,0,41,5,3,0,2,445,1,1,0,0,0,1,0.0,0,0,0,0,73,4,0,6.73,0,0,0,0,0,0,0,0,0.0,0.0,0,0,2,2,0,7,87.5,0,9,5,55.56,3,17,8,23,27,58.7,35,82,53,135,100.9,2,0,261,7,1,0,Fabio Kaufmann,Eintracht Braunschweig,142329,2557
3,2,33.33,31,8,53.33,59,33,92,72.44,13,32.5,27,20,1,0,0,0,22,0,3,2,0,18,20,0,0,14,4,71,0,0,0.86,2.27,17,0,17.65,0,3,4,9,9,0,3,0,,37,45.68,1,0,0,35,2,6,0,8,766,6,2,0,1,0,0,0.0,0,0,0,1,98,2,0,6.73,0,2,0,0,0,0,0,0,255.33,0.0,0,10,7,8,7,9,45.0,0,19,10,52.63,5,5,20,6,50,41.32,15,86,41,127,134.5,17,0,303,10,4,0,Faride Alidou,Eintracht Braunschweig,994197,2557
21,1,16.67,82,33,48.53,220,392,612,86.44,20,46.51,23,17,0,0,0,0,55,0,0,1,3,55,16,0,0,3,7,39,0,0,0.37,0.07,7,0,0.0,0,0,0,19,17,2,0,0,,23,58.97,0,0,0,96,8,2,0,12,1115,0,8,0,0,0,0,0.0,0,0,0,0,114,0,0,6.73,0,0,0,0,0,0,0,0,0.0,0.0,0,2,1,1,1,4,100.0,0,17,12,70.59,2,40,4,6,43,52.44,68,271,437,708,107.6,3,0,867,2,1,0,Bastian Allgeier,Hannover 96,1049495,2541
21,0,0.0,48,49,38.58,257,799,1056,87.27,92,57.5,68,30,1,0,0,0,71,0,0,1,3,265,30,0,0,0,10,109,2,4,0.38,0.58,31,0,0.0,8,0,1,47,40,7,0,0,,51,55.43,0,0,0,154,26,5,0,28,2471,3,29,0,0,0,0,0.0,0,0,0,0,170,1,0,6.72,0,0,0,0,0,0,0,0,0.0,0.0,0,8,0,6,1,3,60.0,0,39,27,69.23,5,53,5,0,143,56.75,127,367,843,1210,201.7,8,0,1655,13,10,0,Philipp Ziereis,SpVgg Greuther Fürth,142852,2551
17,9,25.71,76,20,42.55,162,180,342,82.01,15,50.0,15,28,1,0,0,0,37,2,2,6,0,21,28,0,0,6,11,46,1,0,1.62,1.38,11,0,5.56,0,1,2,19,18,1,1,0,,51,62.2,0,0,1,75,15,18,0,10,1060,2,4,0,0,0,0,0.0,0,0,0,0,133,1,0,6.72,0,1,0,0,0,0,0,0,1060.0,0.0,0,11,7,8,4,4,50.0,0,25,14,56.0,18,32,8,35,66,58.93,47,222,195,417,188.2,18,1,631,22,3,0,Luca Herrmann,SG Dynamo Dresden,887762,2595
39,14,29.17,249,46,41.07,450,233,683,74.97,26,32.1,55,34,4,0,0,0,137,8,4,26,6,66,34,0,0,22,30,161,0,0,4.61,6.51,37,0,4.69,0,3,7,51,44,7,3,0,,92,46.46,1,0,0,228,16,33,0,34,2978,1,11,0,0,1,1,100.0,0,1,0,1,375,14,0,6.72,0,2,0,0,0,0,0,0,992.67,0.0,0,43,21,23,15,14,43.75,0,56,24,42.86,33,77,32,48,118,42.29,112,632,279,911,228.5,64,1,1437,22,4,0,Mael Corboz,Arminia Bielefeld,829211,2540
7,3,33.33,82,13,40.63,164,138,302,77.04,7,29.17,17,20,1,0,0,0,43,1,1,1,0,12,18,0,0,7,13,64,0,0,1.78,0.86,21,0,16.67,0,1,2,15,14,1,1,0,,32,40.51,1,0,0,90,8,9,0,10,978,0,5,0,0,0,0,0.0,0,0,0,0,119,1,0,6.72,0,0,0,0,0,0,0,0,978.0,0.0,0,4,2,3,2,4,40.0,0,25,17,68.0,9,17,10,9,39,37.86,32,230,162,392,120.9,6,1,523,3,3,0,Tom Baack,1. FC Nürnberg,800448,2523
18,0,0.0,13,43,42.57,28,157,185,75.2,1,100.0,0,6,0,0,0,0,38,0,0,0,0,5,6,0,0,0,0,1,0,1,0.04,,1,0,0.0,32,0,0,10,9,1,0,0,-2.58,2,66.67,0,3,0,61,0,0,0,6,540,0,0,0,0,0,1,0.0,3,0,0,0,65,0,1,6.72,0,0,2,10,2,12,0,3,0.0,0.0,0,0,0,0,0,0,0.0,2,1,1,100.0,0,31,0,0,3,75.0,101,73,173,246,40.3,0,0,290,1,0,0,Lennart Grill,SG Dynamo Dresden,836710,2595
27,4,16.0,225,26,34.21,354,313,667,78.84,5,26.32,14,26,2,0,0,0,118,4,0,4,3,48,26,0,0,13,19,79,1,1,1.81,0.39,13,0,0.0,0,0,2,31,28,3,0,0,,100,60.61,0,0,0,179,28,13,0,25,2163,2,6,1,0,0,0,0.0,0,0,0,1,278,7,0,6.72,0,0,0,0,0,0,0,0,0.0,0.0,0,6,5,6,1,30,58.82,0,40,30,75.0,13,53,51,25,105,57.07,76,470,376,846,174.6,11,0,1345,31,0,0,Michał Karbownik,Hertha BSC,910043,2528
4,0,0.0,24,2,50.0,48,37,85,59.03,33,52.38,30,20,0,0,0,0,19,0,6,1,0,14,20,0,0,6,4,63,0,0,0.12,4.77,19,0,16.67,0,3,3,10,10,0,3,0,,18,35.29,1,0,1,59,0,4,2,4,662,12,2,0,0,0,0,0.0,0,0,0,0,83,3,0,6.72,0,0,0,0,0,0,0,0,220.67,0.0,0,18,0,10,7,3,37.5,0,6,5,83.33,4,7,8,1,51,44.74,4,101,43,144,134.3,18,1,240,9,1,0,Sebastian Grønning,Hertha BSC,842368,2528
25,5,11.9,329,45,57.69,627,400,1027,84.88,35,49.3,36,29,1,0,0,0,126,2,7,5,3,37,29,0,0,33,30,195,0,0,1.48,3.71,56,0,3.23,0,1,2,42,39,3,1,0,,139,46.64,0,0,2,183,26,25,1,29,2524,6,7,0,0,0,1,0.0,0,0,0,0,367,13,0,6.71,0,0,0,0,0,0,0,0,2524.0,0.0,0,19,12,15,11,30,40.54,0,80,44,55.0,25,52,74,42,174,47.15,78,770,440,1210,194.7,31,0,1752,29,9,0,Anouar El Azzouzi,Fortuna Düsseldorf,1021104,2588
12,1,11.11,46,10,50.0,89,82,171,61.73,61,50.0,61,33,3,0,0,0,32,2,7,15,1,27,33,0,0,33,8,155,0,0,0.76,9.93,39,0,16.13,0,10,13,33,30,3,9,1,,34,26.56,1,0,0,106,3,13,3,23,2221,16,2,0,0,0,0,0.0,0,0,0,0,248,10,0,6.71,0,6,0,0,0,0,0,0,222.1,0.0,2,50,12,26,21,10,37.04,0,7,4,57.14,13,23,27,9,95,38.0,20,178,99,277,221.5,62,1,610,17,2,0,Phil Harres,Holstein Kiel,1121902,2573
2,2,25.0,56,6,50.0,110,54,164,65.34,30,42.25,41,27,1,0,0,0,42,1,14,11,0,8,26,0,0,31,3,119,0,0,0.96,8.92,19,0,11.54,0,6,7,19,15,4,5,1,,49,38.58,0,0,0,87,3,6,3,14,1229,5,2,0,0,0,0,0.0,0,0,0,1,215,13,0,6.71,0,3,0,0,0,0,0,0,204.83,0.0,0,44,8,20,21,15,35.71,0,8,4,50.0,6,13,42,8,79,39.9,12,185,66,251,174.5,52,1,547,26,1,0,Stefano Marino,SC Paderborn 07,1167764,2561
26,1,7.14,147,29,59.18,290,295,585,81.14,54,59.34,37,27,0,0,0,0,81,2,3,9,2,49,27,0,0,23,23,116,1,1,1.56,3.22,29,0,6.25,0,2,2,33,32,1,2,0,,79,50.0,0,0,1,136,25,20,1,20,1774,2,5,0,0,0,0,0.0,0,0,0,0,239,5,0,6.71,0,1,0,0,0,0,0,0,887.0,0.0,0,23,9,12,11,23,67.65,0,43,22,51.16,20,46,34,14,133,53.41,49,387,334,721,181.2,32,1,1100,13,6,0,Mats Pannewig,VfL Bochum 1848,1197157,2542
28,6,31.58,139,62,43.97,381,999,1380,87.84,65,58.56,46,30,0,0,0,0,93,2,6,6,9,166,30,0,0,6,14,101,0,1,1.38,3.44,30,0,4.35,8,1,1,40,36,4,1,0,,51,48.11,1,0,1,191,39,14,0,30,2570,1,21,1,0,0,0,0.0,0,0,0,1,247,0,0,6.71,1,0,0,0,0,0,0,0,2570.0,0.0,0,22,1,11,6,10,62.5,0,29,14,48.28,14,61,16,19,116,53.46,141,510,1061,1571,201.3,23,0,2094,12,4,1,Linus Gechter,Hertha BSC,1129364,2528
3,3,20.0,43,2,33.33,65,28,93,70.45,6,33.33,12,12,0,0,0,0,13,1,1,2,0,4,12,0,0,6,3,36,0,0,0.78,0.97,8,0,10.0,0,1,1,9,9,0,1,0,,35,59.32,0,0,0,39,4,6,0,3,452,2,1,0,0,0,0,0.0,0,0,0,0,77,1,0,6.71,0,1,0,0,0,0,0,0,452.0,0.0,0,5,5,6,2,11,61.11,0,12,4,33.33,6,9,18,15,41,53.25,6,98,34,132,80.5,10,1,248,12,1,0,Dominik Kother,SG Dynamo Dresden,987600,2595
4,1,9.09,83,0,0.0,135,53,188,80.69,1,25.0,3,13,1,0,0,0,28,2,1,10,0,0,13,0,0,8,6,47,0,0,1.15,1.55,7,0,4.55,0,1,2,12,9,3,1,0,,44,50.0,0,0,0,45,3,12,0,10,798,1,1,0,0,0,0,0.0,0,0,0,0,124,5,0,6.71,0,1,0,0,0,0,0,0,798.0,0.0,0,14,8,2,10,23,50.0,0,6,5,83.33,12,8,46,11,45,48.91,1,173,60,233,87.2,22,0,408,15,0,0,Sayfallah Ltaief,SpVgg Greuther Fürth,1032926,2551
15,3,33.33,94,19,44.19,193,180,373,82.52,24,63.16,14,14,0,0,0,0,49,0,1,4,0,25,14,0,1,10,8,44,0,0,1.09,0.74,11,0,0.0,0,0,0,19,18,1,0,0,,23,43.4,0,0,0,79,5,10,0,9,841,1,7,0,0,0,0,0.0,0,0,0,0,110,3,0,6.71,1,0,0,0,0,0,0,0,0.0,0.0,0,8,3,4,3,4,66.67,0,16,11,68.75,10,29,6,9,47,51.65,43,249,203,452,93.9,11,0,590,4,1,0,Vinko Šapina,SG Dynamo Dresden,566918,2595
28,5,25.0,207,26,50.98,378,354,732,84.62,8,25.81,23,27,1,0,0,0,106,3,4,11,1,14,27,0,1,39,19,127,0,0,1.86,2.83,32,0,6.9,0,2,3,30,29,1,2,0,,121,53.78,1,0,0,133,13,18,0,19,1685,5,6,0,0,0,1,0.0,0,0,0,1,250,8,0,6.7,1,1,0,0,0,0,0,0,842.5,0.0,0,22,7,8,10,21,55.26,0,47,28,59.57,18,52,38,20,129,50.39,51,469,396,865,181.0,29,1,1254,53,5,0,Yassine Bouchama,Preußen Münster,823969,2590
13,10,14.71,183,31,46.97,314,283,597,83.5,4,20.0,16,27,1,0,0,0,104,3,2,6,4,41,27,0,0,15,10,78,1,1,1.31,1.42,23,0,6.9,0,2,3,35,29,6,1,1,,79,56.03,1,0,1,118,14,19,0,24,2103,1,7,0,0,0,1,0.0,0,0,0,1,272,7,0,6.7,0,1,0,0,0,0,0,0,1051.5,0.0,0,14,15,14,9,16,53.33,0,30,22,73.33,19,28,30,68,83,51.55,66,391,324,715,181.0,29,2,1231,33,7,0,Lubambo Musonda,1. FC Magdeburg,787465,2591
20,13,23.64,204,21,45.65,311,176,487,77.92,8,28.57,20,30,5,0,0,0,90,11,6,10,1,12,30,0,0,18,18,99,0,1,3.93,3.65,16,0,3.57,0,1,6,32,29,3,1,0,,57,41.91,0,0,1,138,3,32,1,18,1681,4,0,0,1,0,1,0.0,0,0,0,2,268,15,0,6.7,0,0,0,0,0,0,0,0,1681.0,0.0,1,22,6,9,9,21,43.75,0,18,11,61.11,31,44,48,55,65,39.63,46,415,210,625,201.1,28,1,935,18,0,0,Jannik Rochelt,Arminia Bielefeld,896159,2540
2,0,0.0,29,0,0.0,57,36,93,81.58,15,36.59,26,20,0,0,0,0,15,1,3,3,0,2,20,0,0,14,6,60,0,0,0.29,4.45,8,0,27.27,0,6,6,18,17,1,5,1,,23,40.35,2,0,0,21,2,5,1,5,728,7,0,0,0,0,0,0.0,0,0,0,0,72,1,0,6.7,0,3,0,0,0,0,0,0,121.33,0.0,0,17,5,8,11,9,56.25,0,10,4,40.0,5,4,16,5,38,38.78,0,73,41,114,134.0,22,0,249,4,2,0,Shio Fukuda ,Karlsruher SC,1493496,2553
13,0,0.0,118,33,55.0,371,754,1125,90.95,46,46.46,53,25,0,0,0,0,73,0,1,1,4,97,24,0,0,11,3,87,1,4,0.28,1.42,16,0,20.0,8,2,2,23,20,3,2,0,,38,52.78,0,0,1,112,11,3,0,19,1716,0,10,0,0,0,2,0.0,0,0,0,0,153,1,0,6.7,0,1,0,0,0,0,0,0,858.0,0.0,0,10,0,6,3,12,66.67,0,19,10,52.63,3,36,18,0,84,49.12,60,427,810,1237,160.8,10,0,1511,8,4,0,Ime Okon,Hannover 96,1507710,2541
25,0,0.0,117,45,46.88,304,423,727,80.51,28,44.44,35,27,2,0,0,0,112,2,2,7,2,71,26,0,0,3,24,92,1,2,0.35,1.94,22,0,6.25,2,1,3,39,36,3,1,0,,63,52.5,0,0,2,176,19,9,0,21,1876,0,13,0,0,0,0,0.0,0,0,0,0,225,7,0,6.7,0,1,0,0,0,0,0,0,1876.0,0.0,0,11,5,6,3,9,52.94,0,37,18,48.65,9,55,17,5,91,49.73,96,418,485,903,174.2,16,1,1226,17,4,0,Florian Flick,Eintracht Braunschweig,944288,2557
3,0,0.0,51,4,50.0,74,31,105,83.33,0,0.0,6,10,2,0,0,0,24,1,0,1,0,2,9,0,0,3,2,25,0,0,0.54,0.36,8,0,16.67,0,1,3,2,2,0,1,0,,21,52.5,0,0,0,21,3,5,1,2,339,1,0,0,0,0,0,0.0,0,0,0,0,40,4,0,6.7,0,0,0,0,0,0,0,0,339.0,0.0,0,4,2,2,3,9,60.0,0,5,2,40.0,5,6,15,3,21,45.65,8,87,39,126,60.3,6,0,193,7,0,0,Jeremy Dudziak,Hertha BSC,187187,2528
7,0,0.0,34,17,32.08,121,356,477,83.68,54,61.36,34,17,1,0,0,0,54,1,4,4,3,96,17,0,1,1,12,59,0,0,0.57,2.47,11,0,6.25,0,1,2,26,24,2,1,0,,35,58.33,0,0,1,93,11,2,0,15,1356,0,8,0,0,0,0,0.0,0,0,0,0,109,0,0,6.7,1,1,0,0,0,0,0,0,1356.0,0.0,0,14,2,7,5,3,75.0,0,25,15,60.0,2,24,4,0,89,60.14,53,183,387,570,113.9,16,1,789,8,2,0,Patrick Nkoa,Eintracht Braunschweig,1394183,2557
4,0,0.0,15,7,70.0,43,198,241,95.26,10,50.0,10,7,0,0,0,0,13,0,0,0,0,31,7,0,0,1,3,15,0,1,0.05,0.56,2,0,100.0,8,1,1,7,6,1,1,0,,6,54.55,0,0,0,12,2,0,1,3,323,0,4,0,0,0,0,0.0,0,0,0,0,18,0,0,6.7,0,0,0,0,0,0,0,0,323.0,0.0,0,1,0,0,1,0,0.0,0,4,2,50.0,0,6,0,1,16,51.61,10,51,202,253,46.9,1,0,307,2,0,0,Simon Scherder,Preußen Münster,169341,2590
39,1,9.09,109,61,48.8,270,564,834,87.42,24,50.0,24,22,1,0,0,0,54,0,1,1,1,102,22,0,0,2,13,46,0,0,0.56,0.75,8,0,0.0,11,0,1,30,29,1,0,0,,31,58.49,0,0,0,120,12,9,0,16,1515,0,8,0,0,0,0,0.0,0,0,0,0,146,1,0,6.7,0,0,0,0,0,0,0,0,0.0,0.0,0,5,1,4,1,1,100.0,0,16,11,68.75,9,77,1,11,55,54.46,125,367,587,954,147.4,6,0,1183,14,2,0,Lukas Boeder,SG Dynamo Dresden,295111,2595
0,0,0.0,1,0,0.0,1,2,3,75.0,1,100.0,0,1,0,0,0,0,0,0,0,0,0,0,1,0,0,0,0,1,0,0,0.0,,1,0,0.0,0,0,0,0,0,0,0,0,,1,50.0,0,0,0,1,0,0,0,0,8,0,0,0,0,0,0,0.0,0,0,0,0,1,0,0,6.7,0,0,0,0,0,0,0,0,0.0,0.0,0,0,0,0,0,0,0.0,0,0,0,0.0,0,0,0,0,2,66.67,0,2,2,4,6.7,0,0,7,1,1,0,Eryk Grzywacz,1. FC Nürnberg,1927775,2523
3,0,0.0,2,5,25.0,5,19,24,61.54,1,100.0,0,1,0,0,0,0,8,0,0,0,1,0,1,0,0,0,0,0,0,0,0.0,,0,0,0.0,1,0,0,0,0,0,0,0,,1,100.0,0,1,0,15,0,0,0,1,90,0,0,0,0,0,0,0.0,0,0,0,0,15,0,0,6.7,0,0,0,0,0,0,0,0,0.0,0.0,0,0,0,0,0,0,0.0,0,0,0,0.0,0,7,0,0,2,100.0,20,19,20,39,6.7,0,0,46,1,0,0,Marius Gersbeck,Hertha BSC,252457,2528
0,0,0.0,0,0,0.0,0,6,6,100.0,0,0.0,0,1,0,0,0,0,0,0,0,0,0,1,1,0,0,0,0,0,0,0,0.0,,0,0,0.0,0,0,0,0,0,0,0,0,,0,0.0,0,0,0,0,0,0,0,0,12,0,1,0,0,0,0,0.0,0,0,0,0,0,0,0,6.7,0,0,0,0,0,0,0,0,0.0,0.0,0,0,0,0,0,0,0.0,0,0,0,0.0,0,0,0,0,0,0.0,0,0,6,6,6.7,0,0,8,0,0,0,Tim Hoffmann,Hertha BSC,1152497,2528
5,4,25.0,36,4,33.33,52,41,93,78.81,4,25.0,12,10,0,0,0,0,22,0,2,2,0,12,10,0,0,6,6,37,0,1,0.31,0.65,9,0,0.0,0,0,0,8,8,0,0,0,,19,43.18,0,0,1,25,4,3,0,1,338,0,1,0,0,0,0,0.0,0,0,0,0,58,4,0,6.7,0,0,0,0,0,0,0,0,0.0,0.0,0,5,3,2,4,5,55.56,0,9,5,55.56,3,9,9,16,23,38.33,12,72,46,118,67.0,8,0,228,5,2,0,Dickson Abiama,Rot-Weiss Essen,1046449,2562
9,4,44.44,26,9,40.91,58,85,143,82.66,5,55.56,4,7,0,0,0,0,15,0,0,1,1,9,7,0,0,2,6,20,0,1,0.16,0.1,8,0,0.0,0,0,0,3,3,0,0,0,,13,44.83,0,0,0,30,4,4,0,5,391,0,3,0,0,0,0,0.0,0,0,0,0,43,0,0,6.7,0,0,0,0,0,0,0,0,0.0,0.0,0,1,1,1,0,2,100.0,0,10,5,50.0,4,19,2,9,18,47.37,22,85,88,173,46.9,2,0,230,1,2,0,Leon Jensen,Hertha BSC,842202,2528
13,3,37.5,85,10,52.63,142,44,186,62.42,53,48.62,56,25,4,0,0,0,37,4,1,10,0,22,24,0,0,17,5,104,0,1,1.35,2.73,21,0,9.68,0,3,7,19,17,2,3,0,,31,39.24,0,0,0,112,1,14,2,11,1133,4,3,0,0,0,0,0.0,0,0,0,1,177,11,0,6.7,0,1,0,0,0,0,0,0,377.67,0.0,0,25,6,11,10,5,41.67,0,17,11,64.71,14,24,12,8,84,44.68,19,239,59,298,160.7,31,0,498,11,2,0,Daniel Hanslik,1. FC Kaiserslautern,886170,2675
13,0,0.0,45,33,48.53,223,617,840,89.65,66,59.46,45,24,0,0,0,0,56,0,2,3,3,159,24,0,0,1,9,77,0,1,0.28,1.35,21,0,8.33,6,1,1,30,29,1,1,0,,32,50.0,1,0,0,97,28,3,0,21,1836,0,16,1,0,0,1,0.0,0,0,0,0,116,1,0,6.7,1,0,0,0,0,0,0,0,1836.0,0.0,0,12,0,7,2,2,50.0,0,25,13,52.0,3,28,4,1,98,56.0,68,284,653,937,160.7,12,0,1269,5,4,1,Elias Egouli,Fortuna Düsseldorf,1440919,2588
7,2,33.33,56,10,40.0,117,122,239,81.02,6,37.5,10,21,1,0,0,0,41,1,2,5,0,8,18,0,0,1,7,36,1,1,0.53,1.41,16,0,0.0,0,0,1,15,13,2,0,0,,35,57.38,0,0,0,56,14,6,0,8,735,0,2,0,0,0,0,0.0,0,0,0,0,78,2,0,6.69,0,0,0,0,0,0,0,0,0.0,0.0,1,5,8,4,4,7,77.78,0,18,11,61.11,6,15,9,6,41,53.25,25,155,140,295,120.5,13,0,433,10,5,0,Kevin Sessa,Hertha BSC,929806,2528
7,0,0.0,36,10,55.56,77,120,197,81.4,12,50.0,12,17,0,0,0,0,41,1,3,1,0,13,16,0,0,11,10,54,0,0,0.15,0.79,14,0,16.67,0,1,1,6,5,1,1,0,,37,46.84,1,0,0,45,8,2,0,4,578,1,0,0,0,0,0,0.0,0,0,0,0,83,5,0,6.69,0,0,0,0,0,0,0,0,578.0,0.0,0,6,0,1,4,4,33.33,0,10,6,60.0,2,14,12,3,49,47.57,18,107,135,242,107.1,6,1,377,23,2,0,Luis Engelns,SC Paderborn 07,1838178,2561
3,0,0.0,40,12,66.67,76,80,156,86.67,11,84.62,2,8,1,0,0,0,23,0,0,4,1,16,8,0,0,4,2,31,0,0,0.1,0.39,14,0,0.0,0,0,1,4,4,0,0,0,,15,34.09,0,0,1,24,4,3,0,5,464,1,2,0,0,0,0,0.0,0,0,0,0,45,2,0,6.69,0,0,0,0,0,0,0,0,0.0,0.0,0,6,4,4,2,3,25.0,0,9,8,88.89,3,7,12,0,26,45.61,18,95,85,180,53.5,10,0,265,3,3,0,Javier Fernandez,1. FC Nürnberg,1479484,2523
13,4,14.81,79,16,48.48,137,84,221,67.79,7,30.43,16,22,3,0,0,0,42,3,6,6,0,8,21,0,0,21,12,79,0,0,1.03,4.75,15,0,9.38,0,3,6,19,17,2,3,0,,39,38.24,0,0,0,105,12,9,3,14,1187,6,1,0,0,0,0,0.0,0,0,0,0,196,12,0,6.69,0,0,0,0,0,0,0,0,395.67,0.0,0,25,7,14,12,9,36.0,0,18,6,33.33,9,28,25,27,46,36.8,33,207,119,326,140.4,32,1,563,12,7,0,Koji Miyoshi,VfL Bochum 1848,358984,2542
10,5,17.86,95,24,40.68,179,149,328,71.46,11,50.0,11,25,0,0,0,0,71,2,1,5,1,25,25,0,0,16,20,76,0,0,1.06,1.25,21,0,6.67,0,1,1,18,17,1,1,0,,70,51.85,0,0,0,131,13,9,0,15,1257,1,3,0,0,0,0,0.0,0,0,0,0,241,9,0,6.68,0,1,0,0,0,0,0,0,1257.0,0.0,0,8,7,7,3,19,59.38,0,22,11,50.0,9,39,32,28,81,51.59,59,282,177,459,167.1,15,0,820,30,5,0,Benjamin Boakye,Arminia Bielefeld,1536861,2540
38,11,20.75,139,47,40.17,288,309,597,77.03,13,38.24,21,30,1,0,0,0,58,4,0,3,2,79,30,0,0,1,11,60,0,1,2.35,0.56,23,0,15.38,0,2,3,46,38,8,1,1,,59,60.2,0,0,1,178,20,19,0,27,2205,1,10,0,3,0,0,0.0,0,0,0,0,313,2,0,6.68,0,2,0,0,0,0,0,0,1102.5,0.0,1,4,9,6,4,3,37.5,0,26,15,57.69,16,83,8,53,72,54.55,117,410,365,775,200.5,13,0,1307,31,8,0,Jannik Dehm,SpVgg Greuther Fürth,572922,2551
1,1,8.33,27,1,33.33,36,7,43,71.67,4,66.67,2,12,0,0,0,0,18,2,1,1,0,1,12,0,0,13,0,38,0,0,0.32,0.93,18,0,16.67,0,1,1,6,6,0,1,0,,26,41.94,0,0,0,17,2,3,0,2,316,3,0,0,0,0,0,0.0,0,0,0,1,67,4,0,6.68,0,1,0,0,0,0,0,0,316.0,0.0,0,6,0,2,3,6,50.0,0,3,2,66.67,3,2,12,12,30,44.12,3,52,8,60,80.2,6,0,164,18,4,0,Kennedy Okpala,SC Paderborn 07,1544498,2561
0,1,20.0,10,0,0.0,24,13,37,75.51,0,0.0,3,6,0,0,0,0,6,1,0,1,0,2,6,0,0,0,1,8,0,0,0.44,0.37,4,0,33.33,0,1,1,2,1,1,1,0,,3,37.5,0,0,0,12,0,3,0,1,159,1,0,0,0,0,0,0.0,0,0,0,0,22,0,0,6.68,0,1,0,0,0,0,0,0,159.0,0.0,0,2,1,1,1,0,0.0,0,1,1,100.0,3,2,0,5,3,27.27,2,33,16,49,40.1,3,0,73,2,1,0,Noah Weißhaupt,Hannover 96,1048820,2541
1,1,9.09,44,2,33.33,69,19,88,69.29,7,58.33,5,17,0,0,0,0,23,1,2,5,0,0,17,0,0,9,3,44,0,0,0.5,1.52,11,0,11.11,0,1,1,6,5,1,1,0,,36,48.0,0,0,0,39,0,10,0,2,488,3,0,0,0,0,1,0.0,0,0,0,0,100,3,0,6.68,0,1,0,0,0,0,0,0,488.0,0.0,0,8,1,3,1,17,50.0,0,9,6,66.67,10,4,34,11,43,49.43,6,98,29,127,113.6,9,0,254,10,1,0,Isaiah Young,Arminia Bielefeld,886154,2540
16,3,60.0,95,25,59.52,225,273,498,87.99,7,41.18,10,17,0,0,0,0,54,2,0,2,1,14,17,0,0,6,14,59,0,1,0.47,0.17,21,0,0.0,0,0,0,13,10,3,0,0,,39,44.32,0,0,0,68,5,10,0,13,1140,2,6,0,0,0,0,0.0,0,0,0,0,107,0,0,6.68,0,0,0,0,0,0,0,0,0.0,0.0,0,0,5,3,0,8,50.0,0,23,11,47.83,10,27,16,5,46,43.81,42,267,299,566,113.6,5,0,730,10,4,0,Magnus Knudsen,Holstein Kiel,977919,2573
13,0,0.0,33,23,32.86,126,342,468,82.54,28,71.79,11,17,0,0,0,0,43,0,0,1,3,64,17,0,0,3,2,31,0,0,0.08,0.08,13,0,0.0,11,0,0,18,17,1,0,0,,16,44.44,0,0,0,99,15,1,0,13,1237,0,15,0,0,0,0,0.0,0,0,0,0,127,0,0,6.68,0,0,0,0,0,0,0,0,0.0,0.0,0,1,0,0,0,2,50.0,0,9,5,55.56,1,43,4,3,44,58.67,70,186,381,567,113.6,1,1,773,5,2,0,Kim Ji-Soo,1. FC Kaiserslautern,1185061,2675
19,1,11.11,117,21,36.84,307,473,780,85.9,19,44.19,24,29,0,0,0,0,95,3,0,6,5,39,28,0,0,10,23,99,1,1,1.46,1.78,32,0,0.0,0,0,0,26,24,2,0,0,,86,53.42,0,0,0,128,30,14,0,20,1921,2,7,0,0,0,1,0.0,0,0,0,0,195,9,0,6.68,1,0,0,0,0,0,0,0,0.0,0.0,0,13,8,8,7,12,52.17,0,45,29,64.44,14,40,23,9,105,51.47,57,393,515,908,187.1,21,0,1247,29,7,1,Robert Wagner,SG Dynamo Dresden,1131338,2595
32,1,10.0,122,29,41.43,311,498,809,85.43,12,36.36,21,27,2,0,0,0,110,0,0,3,0,46,27,0,0,10,23,85,0,0,1.43,0.33,28,0,0.0,0,0,2,31,29,2,0,0,,77,54.61,0,0,0,138,17,13,0,19,1514,0,6,0,0,0,0,0.0,0,0,0,0,175,2,0,6.68,0,0,0,0,0,0,0,0,0.0,0.0,0,0,11,5,3,6,66.67,0,46,29,63.04,13,75,9,10,89,51.15,70,392,555,947,180.4,11,0,1194,25,10,0,Rico Preißinger,Preußen Münster,281269,2590
6,2,18.18,44,6,42.86,86,92,178,76.39,7,30.43,16,16,1,0,0,0,34,1,1,6,0,7,16,0,0,16,9,66,0,0,1.06,1.38,11,0,10.53,0,2,3,16,14,2,1,1,,48,48.98,0,0,1,55,3,10,0,14,980,1,0,0,0,0,0,0.0,0,0,0,0,134,3,0,6.68,0,2,0,0,0,0,0,0,490.0,0.0,0,13,6,8,5,11,44.0,0,9,3,33.33,10,15,25,11,55,45.45,14,126,107,233,106.9,19,1,425,28,0,0,Joshua Mees,Preußen Münster,794536,2590
12,4,33.33,80,18,54.55,160,136,296,81.54,13,36.11,23,27,1,0,0,0,42,0,2,4,3,17,26,0,0,12,11,73,0,0,0.75,1.24,13,0,7.69,0,1,2,12,10,2,1,0,,58,53.7,1,0,2,67,14,11,0,8,1068,2,3,0,0,0,0,0.0,0,0,0,0,132,5,0,6.68,0,0,0,0,0,0,0,0,1068.0,0.0,0,8,5,6,3,17,54.84,0,32,20,62.5,11,20,31,12,71,49.31,33,210,153,363,173.7,13,0,603,9,4,0,Merveille Papela,Darmstadt 98,930279,2576
7,0,0.0,59,10,52.63,115,101,216,85.71,6,42.86,8,10,0,0,0,0,46,0,1,3,0,8,10,0,0,5,9,30,0,0,0.6,1.06,6,0,0.0,0,0,0,10,10,0,0,0,,26,54.17,0,0,0,36,10,5,0,7,620,1,4,0,0,0,0,0.0,0,0,0,0,58,5,0,6.68,0,0,0,0,0,0,0,0,0.0,0.0,0,5,7,7,2,13,81.25,0,6,5,83.33,5,13,16,3,32,51.61,19,140,112,252,66.8,12,0,357,7,2,0,Pape Diop,1. FC Nürnberg,1410217,2523
5,9,40.91,21,4,50.0,38,13,51,71.83,1,14.29,6,5,0,0,0,0,9,3,0,1,0,1,5,0,0,2,4,18,0,0,1.02,0.03,3,0,0.0,0,0,0,2,2,0,0,0,,8,40.0,0,0,0,20,1,9,0,3,223,0,0,0,0,0,0,0.0,0,0,0,0,45,2,0,6.68,0,0,0,0,0,0,0,0,0.0,0.0,0,0,1,0,0,1,25.0,0,3,2,66.67,9,9,4,22,9,33.33,8,57,14,71,33.4,1,0,124,4,1,0,Amin Younes,FC Schalke 04,97938,2530
8,2,18.18,26,7,50.0,58,79,137,63.43,56,44.8,69,30,1,0,0,0,25,0,8,10,0,20,29,0,0,12,5,107,0,0,0.52,7.8,16,0,16.28,0,7,8,27,26,1,7,0,,17,30.91,2,0,1,79,2,6,2,13,1186,3,2,0,0,1,0,100.0,0,1,0,0,131,10,0,6.68,0,3,0,0,0,0,0,0,169.43,0.0,0,40,3,16,17,3,33.33,0,5,3,60.0,6,13,9,11,73,40.56,14,119,97,216,193.7,43,0,389,15,3,0,Christoph Daferner,SG Dynamo Dresden,843133,2595
18,7,43.75,66,22,40.74,148,160,308,73.33,39,63.93,22,14,1,0,0,0,35,2,1,2,0,48,14,0,0,5,9,66,0,0,1.29,0.76,24,0,0.0,0,0,1,17,16,1,0,0,,48,52.17,0,0,0,112,9,8,0,9,949,1,0,0,0,0,0,0.0,0,0,0,0,152,1,0,6.68,0,0,0,0,0,0,0,0,0.0,0.0,0,6,1,4,1,6,42.86,0,28,13,46.43,8,38,14,16,87,56.86,54,238,182,420,93.5,7,0,672,14,5,0,Oliver Olsen,VfL Bochum 1848,856653,2542
32,4,44.44,136,66,44.0,380,819,1199,85.46,38,48.1,41,28,1,0,0,0,122,1,0,2,4,121,28,0,0,7,16,84,1,3,0.87,0.1,15,0,0.0,53,0,1,42,32,10,0,0,,68,61.26,0,0,0,204,38,7,0,25,2257,3,13,1,0,0,0,0.0,0,0,0,0,267,4,0,6.68,0,0,0,0,0,0,0,0,0.0,0.0,0,1,2,1,0,16,69.57,0,40,29,72.5,7,84,23,9,106,55.79,150,508,895,1403,187.0,3,1,1869,12,4,0,Reno Münz,SpVgg Greuther Fürth,1403004,2551
8,2,8.7,95,12,57.14,145,117,262,75.72,4,50.0,4,26,0,0,0,0,55,0,2,6,0,4,26,0,0,11,23,71,0,0,0.76,2.86,9,0,7.69,0,2,2,19,18,1,2,0,,52,43.7,0,0,1,84,6,14,0,14,1256,3,1,0,0,0,0,0.0,0,0,0,0,193,8,0,6.68,0,2,0,0,0,0,0,0,628.0,0.0,0,18,8,12,8,14,35.9,0,28,16,57.14,14,13,39,23,56,44.09,21,206,140,346,173.6,26,1,597,10,4,0,Kjell Wätjen,VfL Bochum 1848,1428576,2542
10,10,17.54,104,7,36.84,174,64,238,64.15,21,30.0,49,30,3,0,0,0,45,6,5,12,3,8,30,0,0,30,9,172,0,0,3.14,4.31,40,0,11.11,0,4,7,38,35,3,4,0,,88,41.71,0,0,1,133,7,28,0,25,2128,3,4,0,1,0,0,0.0,0,0,0,2,353,6,0,6.67,0,4,0,0,0,0,0,0,532.0,0.0,0,19,17,13,11,33,41.25,0,23,11,47.83,27,26,80,57,109,38.79,19,282,89,371,200.2,36,0,833,35,7,0,Adrián Kaprálik,Holstein Kiel,1031650,2573
24,0,0.0,67,52,52.0,275,1480,1755,92.32,47,47.96,51,28,2,0,0,0,116,2,1,1,4,159,28,0,1,6,27,121,0,1,0.73,1.02,34,0,0.0,83,0,2,44,38,6,0,0,,71,50.35,0,0,0,146,33,5,0,27,2434,1,17,0,0,0,0,0.0,0,0,0,0,171,2,0,6.67,2,0,0,0,0,0,0,0,0.0,0.0,0,6,2,4,3,12,75.0,0,47,27,57.45,5,46,16,1,118,49.37,100,348,1553,1901,186.8,8,0,2290,13,6,1,Paul Jaeckel,Preußen Münster,856668,2590
11,19,19.0,160,20,27.78,274,295,569,81.75,7,46.67,8,23,1,0,0,0,100,3,0,7,0,32,23,0,0,14,8,54,0,1,2.46,0.5,13,0,0.0,0,0,1,31,30,1,0,0,,64,58.18,0,0,0,127,6,18,0,15,1516,2,5,0,0,0,2,0.0,0,0,0,0,272,2,0,6.67,0,0,0,0,0,0,0,0,0.0,0.0,0,4,10,6,1,20,58.82,0,21,16,76.19,18,27,34,100,71,56.8,72,348,348,696,153.4,14,0,1191,23,2,0,Konrad Faber,SG Dynamo Dresden,939622,2595
4,6,23.08,34,3,33.33,53,29,82,67.77,15,38.46,24,14,1,0,0,0,18,0,3,5,0,7,13,0,0,16,2,67,0,0,0.67,2.02,16,0,4.76,0,1,2,14,12,2,1,0,,18,29.51,0,0,1,39,0,13,1,8,754,5,0,0,1,0,0,0.0,0,0,0,0,144,6,0,6.67,0,0,0,0,0,0,0,0,754.0,0.0,1,15,6,12,4,7,43.75,0,5,4,80.0,12,7,16,26,33,33.0,9,81,40,121,86.7,21,0,329,6,2,0,Jovan Mijatović,Eintracht Braunschweig,1146136,2557
1,4,26.67,44,7,70.0,59,15,74,65.49,21,36.84,36,16,2,0,0,0,8,2,4,5,0,4,16,0,0,12,3,73,0,0,1.15,4.04,12,0,10.0,0,2,4,14,12,2,2,0,,30,44.78,1,0,0,39,0,6,1,10,832,7,0,0,0,0,0,0.0,0,0,0,0,127,2,0,6.67,0,0,0,0,0,0,0,0,416.0,0.0,0,17,3,9,6,6,33.33,0,5,3,60.0,6,2,18,15,51,41.13,10,94,19,113,106.7,20,0,295,20,4,0,Norman Bassette,1. FC Kaiserslautern,1137328,2675
0,0,0.0,45,1,50.0,88,48,136,75.14,32,61.54,20,23,0,0,0,0,19,0,5,8,1,7,22,0,0,22,4,74,0,0,0.58,2.83,10,0,7.69,0,2,2,15,13,2,2,0,,27,33.33,1,0,0,45,6,6,1,6,768,2,3,0,0,0,0,0.0,0,0,0,0,112,4,0,6.67,0,0,0,0,0,0,0,0,384.0,0.0,4,19,7,7,11,10,34.48,0,12,8,66.67,6,1,29,5,59,44.36,2,125,56,181,146.7,26,0,366,5,0,0,Sidi Sané,Eintracht Braunschweig,1387930,2557
5,0,0.0,33,13,37.14,131,239,370,88.31,14,41.18,20,13,1,0,0,0,16,0,0,0,1,36,12,0,0,0,3,26,0,0,0.29,0.03,3,0,0.0,0,0,1,15,14,1,0,0,,12,66.67,0,0,0,49,14,5,0,7,657,0,8,0,0,0,0,0.0,0,0,0,0,54,1,0,6.67,0,0,0,0,0,0,0,0,0.0,0.0,0,2,0,2,0,1,50.0,0,9,5,55.56,5,20,2,0,26,50.0,35,164,255,419,80.0,2,0,509,2,1,0,Paul Scholl,Karlsruher SC,1418706,2553
14,1,20.0,70,21,45.65,154,137,291,82.2,8,47.06,9,20,0,0,0,0,41,0,1,2,0,21,19,0,0,4,17,54,0,1,0.34,0.46,15,0,0.0,0,0,0,13,13,0,0,0,,45,50.0,0,0,0,63,4,5,0,10,850,0,6,0,0,0,1,0.0,0,0,0,0,110,6,0,6.66,0,0,0,0,0,0,0,0,0.0,0.0,0,2,6,3,3,10,50.0,0,23,15,65.22,5,26,20,5,53,49.53,46,199,155,354,126.6,8,0,519,13,4,0,Sotiris Alexandropoulos,Fortuna Düsseldorf,947477,2588
0,7,29.17,36,3,33.33,51,10,61,79.22,6,66.67,3,13,1,0,0,0,15,4,0,1,0,4,13,0,0,3,1,20,0,0,1.41,0.15,7,0,0.0,0,0,1,8,7,1,0,0,,12,41.38,0,0,0,16,2,13,0,2,315,2,1,0,1,0,0,0.0,0,0,0,0,58,4,0,6.66,0,0,0,0,0,0,0,0,0.0,0.0,0,1,3,3,0,4,40.0,0,4,1,25.0,12,1,10,24,18,47.37,9,63,14,77,86.6,4,0,177,4,1,0,Williams Kokolo,Hannover 96,964111,2541
19,1,33.33,49,37,47.44,209,491,700,88.83,40,57.14,30,23,0,0,0,0,50,0,2,0,1,100,23,0,1,1,5,48,0,0,0.28,0.56,10,0,0.0,27,0,0,26,23,3,0,0,,30,62.5,0,0,1,88,7,3,0,16,1580,2,15,0,0,0,1,0.0,0,0,0,0,106,0,0,6.66,1,0,0,0,0,0,0,0,0.0,0.0,0,5,0,4,1,1,33.33,0,23,13,56.52,3,40,3,3,70,59.32,78,263,525,788,153.2,5,0,1014,8,7,0,Jesper Daland,Fortuna Düsseldorf,958915,2588
26,13,35.14,120,49,37.12,262,450,712,79.02,19,51.35,18,33,0,0,0,0,78,1,0,3,4,96,33,0,0,10,13,81,0,3,1.08,1.01,27,0,5.88,0,1,1,31,29,2,1,0,,78,55.32,0,0,0,189,19,13,0,27,2271,2,9,1,0,0,1,0.0,0,0,0,1,299,1,0,6.66,0,1,0,0,0,0,0,0,2271.0,0.0,0,13,4,11,3,10,41.67,0,42,31,73.81,13,68,24,37,97,54.49,132,390,511,901,219.8,17,0,1454,26,7,0,Leandro Morgalla,VfL Bochum 1848,1135938,2542
3,5,26.32,44,4,40.0,75,39,114,74.03,7,36.84,12,15,0,0,0,0,25,0,0,5,0,10,15,0,0,8,9,49,0,1,0.55,0.84,8,0,9.09,0,1,1,11,11,0,1,0,,28,43.08,0,0,0,40,1,4,1,5,525,3,1,0,0,0,0,0.0,0,0,0,0,95,5,0,6.66,0,0,0,0,0,0,0,0,525.0,0.0,0,5,6,4,2,11,47.83,0,13,9,69.23,4,8,23,19,35,41.67,10,102,52,154,99.9,11,0,297,4,2,0,Luca Raimund,Fortuna Düsseldorf,1409371,2588
1,1,10.0,30,1,9.09,54,41,95,79.83,0,0.0,4,11,1,0,0,0,14,1,0,1,0,8,10,0,0,4,2,21,0,0,0.17,0.21,6,0,0.0,0,0,1,2,2,0,0,0,,12,41.38,0,0,0,24,4,3,0,3,297,1,0,0,0,0,0,0.0,0,0,0,0,65,1,0,6.66,0,0,0,0,0,0,0,0,0.0,0.0,0,3,0,1,1,1,16.67,0,1,1,100.0,3,5,6,10,12,36.36,11,73,46,119,66.6,3,0,223,10,2,0,Kacper Kościerski,VfL Bochum 1848,1926445,2542
4,0,0.0,67,2,40.0,106,55,161,63.14,64,52.03,59,23,2,0,0,0,18,2,6,7,0,21,22,0,0,17,4,112,0,0,1.02,3.33,24,0,4.0,0,1,3,19,17,2,1,0,,43,44.79,0,0,1,94,1,11,0,9,1089,7,2,0,0,0,0,0.0,0,0,0,1,172,3,0,6.66,0,1,0,0,0,0,0,0,1089.0,0.0,0,21,4,9,9,8,40.0,0,14,7,50.0,11,8,20,7,107,48.86,5,183,72,255,146.5,25,0,477,23,1,0,Lars Lokotsch,Preußen Münster,886068,2590
4,0,0.0,19,24,48.98,81,322,403,87.42,17,40.48,25,16,0,0,0,0,29,0,0,1,2,78,16,0,0,2,6,39,0,1,0.05,0.14,7,0,0.0,18,0,0,16,14,2,0,0,,19,57.58,0,0,0,58,13,1,0,11,966,0,11,0,0,0,0,0.0,0,0,0,0,66,1,0,6.66,0,0,0,0,0,0,0,0,0.0,0.0,0,3,0,2,0,2,66.67,0,7,6,85.71,1,14,3,0,36,48.0,49,114,347,461,106.5,3,0,616,10,1,0,Andi Hoti,Eintracht Braunschweig,1000541,2557
9,3,33.33,200,12,50.0,334,155,489,83.73,9,45.0,11,26,4,0,0,0,50,6,4,5,1,7,25,0,0,14,6,62,0,1,3.07,1.78,21,0,6.67,0,1,5,21,18,3,1,0,,53,50.96,0,0,1,95,8,27,0,10,1135,3,0,0,0,0,0,0.0,0,0,0,0,142,9,0,6.66,1,1,0,0,0,0,0,0,1135.0,0.0,0,12,3,5,5,12,54.55,0,34,19,55.88,27,19,22,9,62,50.0,24,407,177,584,166.4,15,1,768,7,2,1,Waniss Taibi,Hannover 96,1002623,2541
41,17,19.77,114,35,35.0,247,309,556,77.12,21,50.0,21,18,3,0,0,0,78,2,0,1,5,47,18,0,0,7,13,64,1,1,2.16,0.38,16,0,0.0,0,0,3,20,18,2,0,0,,60,58.25,0,0,0,165,12,21,0,17,1488,1,2,0,0,0,0,0.0,0,0,0,0,286,6,0,6.66,0,0,0,0,0,0,0,0,0.0,0.0,0,4,5,5,3,21,70.0,0,34,24,70.59,21,80,30,86,81,55.86,100,341,380,721,119.8,9,0,1159,5,3,0,Jonas Sterner,SG Dynamo Dresden,1033202,2595
4,2,28.57,18,3,50.0,38,14,52,74.29,3,37.5,5,9,0,0,0,0,11,0,3,5,0,2,8,0,0,5,5,24,0,0,0.34,2.06,4,0,10.0,0,1,1,3,3,0,1,0,,16,45.71,0,0,0,18,0,2,1,4,339,5,1,0,0,0,0,0.0,0,0,0,0,46,3,0,6.65,0,0,0,0,0,0,0,0,339.0,0.0,0,6,4,3,2,2,28.57,0,4,2,50.0,2,6,7,7,19,44.19,6,52,18,70,53.2,10,0,138,10,0,0,Lucas Copado,SC Paderborn 07,1141131,2561
2,1,100.0,7,5,50.0,13,21,34,75.56,2,50.0,2,8,0,0,0,0,7,0,0,0,0,14,6,0,0,0,0,5,0,0,0.05,0.49,3,0,50.0,0,1,1,6,5,1,1,0,,2,40.0,1,0,0,11,1,1,0,1,120,0,2,0,0,0,0,0.0,0,0,0,0,13,0,0,6.65,0,0,0,0,0,0,0,0,120.0,0.0,0,1,1,1,1,0,0.0,0,2,0,0.0,1,4,0,1,4,44.44,10,20,25,45,39.9,2,0,75,0,1,0,Jordy de Wijs,Fortuna Düsseldorf,359032,2588
0,1,25.0,2,0,0.0,4,5,9,75.0,2,50.0,2,2,0,0,0,0,2,0,0,0,0,2,2,0,0,0,0,2,0,0,0.03,,0,0,0.0,0,0,0,1,1,0,0,0,,1,100.0,0,0,0,3,0,1,0,0,31,0,1,0,0,0,0,0.0,0,0,0,0,7,0,0,6.65,0,0,0,0,0,0,0,0,0.0,0.0,0,0,0,0,0,0,0.0,0,1,1,100.0,1,0,0,4,3,60.0,1,7,5,12,13.3,0,0,24,0,0,0,Taylan Bulut,FC Schalke 04,1418644,2530
9,5,41.67,57,9,30.0,113,140,253,82.95,6,37.5,10,21,0,0,0,0,34,0,0,2,0,21,14,0,0,5,6,38,1,1,0.54,0.09,15,0,0.0,1,0,0,12,9,3,0,0,,32,53.33,0,0,0,52,14,4,0,9,683,0,4,0,0,0,0,0.0,0,0,0,0,77,2,0,6.65,0,0,0,0,0,0,0,0,0.0,0.0,0,1,2,0,1,2,50.0,0,22,14,63.64,4,19,4,12,38,50.0,30,148,157,305,93.1,3,0,481,8,0,0,Fabian Holland,Darmstadt 98,39718,2576
8,0,0.0,30,6,50.0,59,98,157,85.79,7,53.85,6,8,0,0,0,0,13,1,0,0,0,8,8,0,0,3,3,20,1,3,0.25,0.04,6,0,0.0,0,0,0,8,7,1,0,0,,12,46.15,0,0,0,26,3,1,0,5,372,0,2,0,0,0,0,0.0,0,0,0,0,36,0,0,6.65,0,0,0,0,0,0,0,0,0.0,0.0,0,1,0,1,0,1,33.33,0,9,8,88.89,1,15,3,1,19,48.72,12,77,106,183,53.2,1,0,229,2,3,0,Hyeok-kyu Kwon,Karlsruher SC,1025895,2553
0,0,0.0,3,1,25.0,5,6,11,57.89,1,14.29,6,5,0,0,0,0,1,0,0,0,0,3,4,0,0,1,0,8,0,0,0.02,0.03,1,0,0.0,0,0,0,1,1,0,0,0,,1,33.33,0,0,1,8,0,0,0,0,60,1,0,0,0,0,0,0.0,0,0,0,0,14,0,0,6.65,0,0,0,0,0,0,0,0,0.0,0.0,0,1,0,0,1,0,0.0,0,1,1,100.0,0,3,1,3,2,20.0,4,9,10,19,26.6,1,0,31,0,0,0,Raul Marița,SpVgg Greuther Fürth,1991619,2551
0,0,0.0,0,0,0.0,4,4,8,66.67,0,0.0,2,2,0,0,0,0,5,0,0,1,0,3,2,0,0,1,0,6,0,0,0.0,0.02,3,0,0.0,0,0,0,0,0,0,0,0,,3,42.86,0,0,0,4,1,0,0,0,27,0,0,0,0,0,0,0.0,0,0,0,0,5,0,0,6.65,0,0,0,0,0,0,0,0,0.0,0.0,0,0,1,0,0,0,0.0,0,2,1,50.0,0,2,0,0,3,33.33,0,6,6,12,13.3,1,0,21,1,0,0,Mehmet Avlayici,SpVgg Greuther Fürth,1831055,2551
18,2,20.0,51,20,37.04,102,163,265,73.41,1,16.67,5,13,1,0,0,0,31,3,1,4,0,14,13,0,0,4,10,33,1,0,0.94,0.39,9,0,0.0,0,0,1,15,14,1,0,0,,36,56.25,0,0,0,96,7,6,0,9,831,0,6,0,0,0,0,0.0,0,0,0,1,154,1,0,6.65,0,0,0,0,0,0,0,0,0.0,0.0,0,6,2,4,0,7,58.33,0,21,14,66.67,6,45,12,10,37,52.86,54,173,188,361,86.4,8,0,583,8,1,0,Tim Drexler,1. FC Nürnberg,1152499,2523
7,9,42.86,58,8,33.33,109,96,205,77.65,13,61.9,8,13,1,0,0,0,33,3,1,1,0,8,13,0,0,1,1,25,0,1,0.9,0.34,8,0,0.0,0,0,1,8,8,0,0,0,,22,56.41,0,0,0,59,7,6,0,6,581,1,4,0,0,0,0,0.0,0,0,0,0,98,2,0,6.65,0,0,0,0,0,0,0,0,0.0,0.0,0,5,1,2,3,6,46.15,0,13,8,61.54,6,17,13,21,35,58.33,24,156,108,264,86.4,6,0,432,3,1,0,Valgeir Lunddal Fridriksson,Fortuna Düsseldorf,933117,2588
6,0,0.0,41,5,55.56,106,77,183,87.14,6,50.0,6,12,0,0,0,0,17,0,0,0,0,9,11,0,0,2,4,26,0,0,0.19,0.33,12,0,50.0,0,1,1,9,7,2,1,0,,13,39.39,1,0,0,27,4,3,0,5,440,0,1,0,0,0,0,0.0,0,0,0,0,33,1,0,6.65,0,0,0,0,0,0,0,0,440.0,0.0,0,2,0,1,1,0,0.0,0,12,8,66.67,3,11,2,0,19,42.22,9,120,90,210,73.1,2,0,260,1,2,0,Doni Arifi,SpVgg Greuther Fürth,930660,2551
6,0,0.0,50,7,46.67,87,75,162,79.02,4,40.0,6,11,0,0,0,0,12,0,0,0,0,4,11,0,0,4,7,31,0,0,0.1,0.19,15,0,0.0,0,0,0,11,11,0,0,0,,33,56.9,0,0,0,43,6,0,0,4,438,0,4,0,0,0,0,0.0,0,0,0,1,65,0,0,6.65,0,0,0,0,0,0,0,0,0.0,0.0,0,1,1,1,1,5,83.33,0,18,13,72.22,0,14,6,3,37,54.41,15,113,92,205,73.1,2,0,299,10,4,0,Meiko Wäschenbach,Karlsruher SC,1146247,2553
7,11,28.21,97,7,25.93,164,134,298,77.2,12,37.5,20,28,1,0,0,0,48,2,0,4,1,32,28,0,0,14,9,73,1,0,2.02,1.08,16,0,7.69,0,1,2,38,36,2,1,0,,74,58.27,0,0,0,88,13,15,0,14,1460,0,5,0,0,0,0,0.0,0,0,0,1,189,2,0,6.64,0,1,0,0,0,0,0,0,1460.0,0.0,0,5,8,6,3,11,42.31,0,29,18,62.07,15,19,26,39,86,54.09,27,224,162,386,186.0,13,0,743,34,2,0,Rafael Pinto Pedrosa,Karlsruher SC,1607321,2553
0,0,0.0,27,0,0.0,40,40,80,64.0,19,38.0,31,28,4,0,0,0,12,1,3,0,0,5,26,0,0,2,2,47,0,0,0.65,2.77,17,0,25.0,0,3,7,5,5,0,3,0,,10,38.46,0,0,0,45,1,8,0,7,655,6,1,0,0,0,0,0.0,0,0,0,0,64,1,0,6.64,0,3,0,0,0,0,0,0,218.33,0.0,0,11,1,4,8,1,33.33,0,3,1,33.33,8,3,3,1,29,38.16,3,78,47,125,172.7,12,0,189,6,1,0,Luca Schnellbacher,SV 07 Elversberg,254133,2598
13,1,25.0,63,33,53.23,156,214,370,86.65,5,25.0,15,12,0,0,0,0,21,1,1,1,1,31,12,0,0,2,2,28,1,1,0.17,0.24,6,0,0.0,8,0,0,16,12,4,0,0,,17,56.67,0,0,0,57,8,3,0,6,590,0,7,0,0,0,0,0.0,0,0,0,0,75,0,0,6.64,0,0,0,0,0,0,0,0,0.0,0.0,0,2,0,0,1,2,40.0,0,10,7,70.0,3,31,5,4,22,44.0,62,191,236,427,79.7,2,0,553,5,4,0,Max Geschwill,1. FC Magdeburg,963073,2591
3,1,33.33,9,4,40.0,15,16,31,67.39,1,33.33,2,5,0,0,0,0,5,0,0,0,0,6,5,0,0,1,2,6,0,0,0.04,,0,0,0.0,0,0,0,2,1,1,0,0,,4,50.0,0,0,0,15,1,1,0,1,124,0,1,0,0,0,0,0.0,0,0,0,0,25,0,0,6.64,0,0,0,0,0,0,0,0,0.0,0.0,0,0,0,0,0,1,50.0,0,2,1,50.0,1,3,2,3,5,45.45,10,27,19,46,33.2,0,0,87,1,0,0,Mikkel Rakneberg,VfL Bochum 1848,1121305,2542
0,1,9.09,32,1,25.0,68,32,100,90.91,2,40.0,3,5,0,0,0,0,10,0,1,0,1,5,5,0,0,3,4,16,0,0,0.07,0.42,5,0,0.0,0,0,0,5,5,0,0,0,,15,53.57,0,0,0,10,4,1,0,2,226,0,0,0,0,0,0,0.0,0,0,0,0,33,2,0,6.64,0,0,0,0,0,0,0,0,0.0,0.0,0,2,0,1,1,5,71.43,0,5,2,40.0,1,1,7,11,17,51.52,4,76,34,110,33.2,2,0,179,6,1,0,Tim Rossmann,Fortuna Düsseldorf,1168680,2588
9,6,26.09,83,10,45.45,120,38,158,69.3,6,35.29,11,13,0,0,0,0,36,2,3,9,0,5,13,0,0,17,6,75,0,0,2.28,2.63,31,0,8.0,0,2,2,13,11,2,2,0,,29,31.18,0,0,0,70,5,14,2,11,871,4,0,0,0,0,0,0.0,0,0,0,1,145,5,0,6.64,0,0,0,0,0,0,0,0,435.5,0.0,1,18,7,10,6,9,45.0,0,10,6,60.0,14,21,20,23,35,31.82,22,177,51,228,86.3,25,1,399,11,2,0,Immanuel Pherai,SV 07 Elversberg,989203,2598
25,0,0.0,119,29,44.62,273,303,576,83.97,7,50.0,7,23,1,0,0,0,61,0,0,2,0,26,23,0,0,5,30,66,0,1,0.63,0.12,24,0,0.0,0,0,1,20,18,2,0,0,,42,41.58,0,0,0,110,15,6,0,13,1219,0,11,0,0,0,0,0.0,0,0,0,0,132,2,0,6.63,0,0,0,0,0,0,0,0,0.0,0.0,0,0,6,2,2,2,66.67,0,34,20,58.82,6,46,3,5,49,42.61,65,349,337,686,152.6,6,0,846,6,5,0,Andreas Müller,Karlsruher SC,1049628,2553
23,7,31.82,94,34,37.36,174,247,421,71.72,36,48.65,38,30,1,0,0,0,54,2,3,2,2,72,29,0,0,13,8,89,0,3,1.69,1.4,26,0,9.09,0,1,2,26,23,3,1,0,,55,51.89,0,0,0,166,17,10,0,20,1683,4,9,0,1,0,1,0.0,0,0,0,0,260,3,0,6.63,1,1,0,0,0,0,0,0,1683.0,0.0,0,9,2,5,4,9,52.94,0,33,22,66.67,9,50,17,22,91,50.56,91,274,313,587,192.4,11,0,1024,13,4,1,Lasse Rosenboom,Holstein Kiel,980616,2573
19,0,0.0,98,21,41.18,250,294,544,78.05,38,55.07,31,28,1,0,0,0,57,2,0,9,3,34,27,0,0,21,33,138,0,1,0.9,2.73,40,0,10.34,0,3,4,27,25,2,2,1,,77,41.85,2,0,0,153,23,17,0,20,1705,4,3,0,0,0,1,0.0,0,0,0,0,243,4,0,6.63,0,1,0,0,0,0,0,0,568.33,0.0,0,18,11,11,9,5,27.78,0,37,20,54.05,17,36,18,6,115,45.45,51,345,352,697,179.1,29,0,1021,36,7,0,Kasper Davidsen,Holstein Kiel,1616590,2573
16,0,0.0,93,13,31.71,185,284,469,84.35,16,59.26,11,15,0,0,0,0,48,2,1,4,1,34,15,0,0,6,6,39,0,3,0.5,0.57,13,0,0.0,0,0,0,16,11,5,0,0,,22,44.0,0,0,0,87,25,9,0,11,1013,0,3,0,0,0,1,0.0,0,0,0,0,109,5,0,6.63,0,0,0,0,0,0,0,0,0.0,0.0,2,3,9,7,1,5,55.56,0,13,8,61.54,9,38,9,1,38,49.35,41,245,311,556,99.5,12,0,709,4,4,0,Marcel Benger,Preußen Münster,851103,2590
18,1,8.33,52,40,38.1,201,356,557,77.58,35,66.04,18,28,2,0,0,0,78,3,1,4,4,47,28,0,1,9,27,88,0,4,1.46,0.68,28,0,0.0,10,0,2,21,19,2,0,0,,64,47.76,0,0,0,161,29,6,0,16,1566,0,8,0,0,0,1,0.0,0,0,0,0,229,3,0,6.63,1,0,0,0,0,0,0,0,0.0,0.0,0,6,0,2,0,11,64.71,0,47,30,63.83,6,62,17,12,99,52.94,105,304,414,718,185.6,6,0,1034,7,6,0,Leon Robinson,1. FC Kaiserslautern,1885160,2675
3,0,0.0,13,3,50.0,37,41,78,82.11,3,60.0,2,7,0,0,0,0,7,1,0,0,0,3,7,0,0,0,0,6,0,0,0.35,0.18,4,0,0.0,0,0,0,0,0,0,0,0,,1,20.0,0,0,0,17,1,2,0,0,131,0,0,0,0,0,0,0.0,0,0,0,0,22,1,0,6.63,0,0,0,0,0,0,0,0,0.0,0.0,0,1,1,2,0,0,0.0,0,1,1,100.0,2,6,0,0,4,40.0,6,48,47,95,46.4,2,0,111,0,1,0,Franz Roggow,Hannover 96,1127115,2541
7,3,42.86,90,10,58.82,144,84,228,78.89,9,42.86,12,19,1,0,0,0,44,3,1,9,0,12,18,0,1,7,7,52,0,0,1.74,0.87,21,0,0.0,0,0,1,16,14,2,0,0,,46,53.49,0,0,1,61,19,17,0,12,1070,1,5,0,0,0,1,0.0,0,0,0,0,101,6,0,6.63,1,0,0,0,0,0,0,0,0.0,0.0,0,5,11,3,4,6,46.15,0,19,10,52.63,17,11,13,7,55,51.4,17,190,99,289,119.3,16,0,470,22,7,0,Marvin Mehlem,Arminia Bielefeld,797691,2540
2,1,50.0,17,2,66.67,26,11,37,60.66,11,45.83,13,12,0,0,0,0,10,1,2,0,0,1,12,0,0,8,1,32,0,1,0.24,1.19,4,0,22.22,0,2,2,2,2,0,2,0,,8,29.63,0,0,0,24,0,3,0,0,252,0,1,0,1,0,0,0.0,0,0,0,0,51,0,0,6.63,0,2,0,0,0,0,0,0,126.0,0.0,0,9,0,5,4,4,36.36,0,1,1,100.0,2,2,11,2,19,37.25,3,44,17,61,79.5,9,0,114,3,0,0,Bryan Lasme,FC Schalke 04,862011,2530
9,0,0.0,41,12,25.0,117,174,291,78.44,36,81.82,8,25,0,0,0,0,36,0,0,2,0,58,24,0,0,0,4,25,0,0,0.2,0.18,13,0,0.0,11,0,0,16,16,0,0,0,,27,61.36,0,0,1,80,14,2,0,7,866,0,4,0,0,0,0,0.0,0,0,0,0,120,0,0,6.63,0,0,0,0,0,0,0,0,0.0,0.0,0,1,4,2,1,2,66.67,0,22,12,54.55,2,28,3,5,63,71.59,48,187,184,371,159.0,5,0,571,3,2,0,Felipe Sánchez,FC Schalke 04,1467314,2530
14,2,14.29,110,15,44.12,187,138,325,73.03,20,40.0,30,30,1,1,0,0,59,3,6,12,3,19,30,0,0,33,10,115,0,0,1.02,8.54,28,0,15.69,0,8,9,27,24,3,8,0,,49,36.57,1,0,0,120,4,23,7,25,2146,1,1,0,0,3,0,66.67,0,2,0,0,250,9,0,6.62,0,0,0,0,0,0,0,0,268.25,0.0,0,41,10,22,17,19,54.29,0,21,14,66.67,23,36,35,14,69,37.5,34,277,168,445,198.7,51,3,782,9,2,0,Francis Onyeka,VfL Bochum 1848,1414916,2542
0,0,0.0,11,0,0.0,15,2,17,51.52,12,37.5,20,10,0,0,0,1,1,0,1,0,0,4,9,0,0,2,0,26,0,0,0.35,1.58,4,0,50.0,0,1,1,8,7,1,1,0,,8,57.14,0,0,0,16,2,2,0,1,177,1,0,0,0,2,0,50.0,0,1,0,2,24,0,0,6.62,0,1,0,0,0,0,0,0,177.0,0.0,0,2,0,0,2,0,0.0,0,3,2,66.67,2,0,0,0,20,43.48,1,28,5,33,59.6,2,0,66,5,0,0,Sebastian Polter,Eintracht Braunschweig,39733,2557
8,5,23.81,70,6,50.0,120,32,152,67.86,24,55.81,19,27,0,0,0,0,26,2,4,10,0,6,23,0,0,10,5,64,0,0,1.88,4.49,19,0,8.33,0,3,3,10,8,2,3,0,,35,43.75,1,0,1,72,1,15,1,6,802,3,1,0,0,0,0,0.0,0,0,0,0,143,6,0,6.62,0,1,0,0,0,0,0,0,267.33,0.0,0,28,8,9,17,7,38.89,0,15,13,86.67,15,16,18,21,59,47.97,12,183,41,224,152.3,36,0,409,13,5,0,Sven Michel,SC Paderborn 07,246431,2561
8,5,22.73,126,12,52.17,204,120,324,77.88,9,30.0,21,30,1,0,0,0,51,4,6,10,0,11,29,0,0,16,26,99,0,0,1.87,3.83,21,0,6.45,0,2,3,17,16,1,2,0,,45,36.59,0,0,1,92,8,17,0,12,1246,8,3,0,0,0,0,0.0,0,0,0,0,170,10,0,6.62,0,2,0,0,0,0,0,0,623.0,0.0,0,24,7,10,11,10,37.04,0,29,18,62.07,17,15,27,22,54,35.29,23,277,139,416,192.0,31,0,642,6,4,0,Nick Bätzner,SC Paderborn 07,959635,2561
17,19,20.43,136,25,33.78,258,276,534,79.46,10,41.67,14,29,1,0,0,0,80,4,0,7,1,45,29,0,0,8,22,77,0,1,1.99,0.62,10,0,0.0,0,0,1,37,36,1,0,0,,64,50.39,0,0,0,138,9,24,0,21,1857,4,9,0,0,0,0,0.0,0,0,0,0,350,6,0,6.62,0,0,0,0,0,0,0,0,0.0,0.0,0,6,14,10,3,19,44.19,0,30,19,63.33,24,44,43,93,74,49.01,74,354,318,672,192.0,20,0,1248,15,6,0,Fabio Di Michele Sanchez,Eintracht Braunschweig,1128642,2557
10,1,16.67,58,12,21.05,153,242,395,84.04,25,64.1,14,12,0,0,0,0,31,0,0,0,0,45,10,0,0,2,7,32,1,0,0.15,0.14,9,0,0.0,0,0,0,16,15,1,0,0,,25,58.14,0,0,0,75,7,2,0,9,820,0,8,0,0,0,0,0.0,0,0,0,0,88,2,0,6.62,0,0,0,0,0,0,0,0,0.0,0.0,0,3,0,2,1,4,80.0,0,16,12,75.0,2,37,5,6,50,60.98,57,200,270,470,66.2,3,0,604,5,2,0,Stephan Ambrosius,Karlsruher SC,886130,2553
14,2,15.38,243,8,30.77,407,267,674,84.25,11,47.83,12,27,3,0,0,0,69,3,3,9,0,13,27,0,0,18,15,82,1,1,2.86,2.31,23,0,0.0,0,0,3,30,27,3,0,0,,53,43.09,0,0,1,126,7,20,0,18,1662,3,1,0,0,0,0,0.0,0,0,0,0,211,7,0,6.62,0,0,0,0,0,0,0,0,0.0,0.0,0,12,6,6,3,14,50.0,0,25,13,52.0,20,29,28,13,64,43.84,26,506,294,800,178.7,18,0,1058,14,4,0,Philipp Förster,Karlsruher SC,268791,2553
11,9,30.0,49,18,51.43,111,114,225,78.4,7,46.67,8,17,1,0,0,0,39,1,2,1,0,19,17,0,0,4,12,38,0,1,1.66,0.65,9,0,0.0,0,0,1,13,13,0,0,0,,34,53.13,0,0,0,62,10,12,0,8,674,3,4,1,0,0,0,0.0,0,0,0,0,128,2,0,6.62,0,0,0,0,0,0,0,0,0.0,0.0,0,7,2,3,5,3,37.5,0,21,16,76.19,12,28,8,30,41,51.9,35,153,134,287,112.5,9,0,517,10,3,0,Christopher Lenz,Fortuna Düsseldorf,168897,2588
22,3,15.79,87,27,45.76,170,142,312,75.0,4,20.0,16,21,0,0,0,0,48,0,0,3,1,23,20,0,0,3,12,43,1,0,0.67,1.18,6,0,6.67,0,1,1,26,20,6,1,0,,52,65.82,0,0,1,104,1,9,0,9,941,2,3,0,0,0,0,0.0,0,0,0,0,155,4,0,6.62,0,1,0,0,0,0,0,0,941.0,0.0,0,7,8,8,4,15,71.43,0,30,19,63.33,9,41,21,19,56,56.57,59,232,184,416,132.3,15,0,675,7,3,0,Lukas Reich,SpVgg Greuther Fürth,1609276,2551
20,16,19.05,158,31,36.9,280,315,595,79.87,12,41.38,17,28,2,0,0,0,63,5,1,5,4,43,28,0,0,4,24,55,0,0,2.37,1.0,7,0,7.14,0,1,3,42,38,4,0,1,,34,47.22,0,0,0,150,11,20,0,25,2095,1,6,0,0,0,0,0.0,0,0,0,0,264,2,0,6.61,0,1,0,0,0,0,0,0,2095.0,0.0,0,5,9,6,3,1,20.0,0,27,17,62.96,20,50,5,84,46,45.54,84,383,362,745,185.2,14,1,1176,6,1,0,Sebastian Jung,Karlsruher SC,48555,2553
22,1,50.0,81,44,37.61,254,729,983,87.53,25,46.3,29,21,1,0,0,0,98,0,0,1,4,94,21,0,0,8,15,76,0,0,0.36,0.16,18,0,0.0,8,0,1,30,28,2,0,0,,49,51.04,0,0,0,140,33,6,0,21,1798,0,17,0,0,0,0,0.0,0,0,0,0,171,2,0,6.61,0,0,0,0,0,0,0,0,0.0,0.0,0,3,0,2,0,5,45.45,0,34,25,73.53,6,60,11,2,74,49.33,117,355,768,1123,138.9,3,0,1412,11,3,0,Julian Pauli,SG Dynamo Dresden,1885927,2595
12,12,30.0,114,13,30.23,212,147,359,75.1,17,51.52,16,23,0,0,0,0,41,1,2,3,0,30,22,0,0,1,17,60,1,0,1.21,0.49,18,0,0.0,0,0,0,19,18,1,0,0,,52,54.17,0,0,0,119,15,9,0,14,1124,2,4,0,0,0,1,0.0,0,0,0,0,189,3,0,6.61,0,0,0,0,0,0,0,0,0.0,0.0,0,4,5,4,2,9,50.0,0,31,12,38.71,9,30,18,40,69,53.49,43,304,174,478,145.5,9,0,790,13,5,0,Matthias Zimmermann,Fortuna Düsseldorf,82240,2588
20,2,9.09,162,15,42.86,280,130,410,74.14,26,36.62,45,32,4,0,0,0,112,4,2,9,2,26,32,0,0,52,37,205,0,1,2.11,1.88,30,0,3.85,0,1,5,37,33,4,1,0,,128,44.44,0,0,2,143,11,15,1,24,2219,5,6,0,0,0,0,0.0,0,0,0,0,356,11,0,6.61,0,0,0,0,0,0,0,0,2219.0,0.0,0,12,14,7,10,31,40.79,0,48,35,72.92,15,31,76,22,154,42.9,35,393,160,553,211.6,26,0,1154,49,4,0,Johan Gomez,Eintracht Braunschweig,1066446,2557
9,3,15.79,47,14,40.0,83,76,159,75.36,4,36.36,7,16,1,0,0,0,25,1,3,2,0,16,16,0,0,4,2,23,0,0,0.41,0.97,8,0,0.0,0,0,1,15,14,1,0,0,,19,54.29,0,0,1,52,3,3,0,4,549,1,2,0,0,0,0,0.0,0,0,0,0,86,3,0,6.61,0,0,0,0,0,0,0,0,0.0,0.0,0,10,1,6,3,3,60.0,0,13,8,61.54,3,20,5,19,23,50.0,35,119,92,211,105.8,11,0,351,4,2,0,Felix Passlack,VfL Bochum 1848,795000,2542
1,0,0.0,17,1,100.0,25,16,41,93.18,0,0.0,5,3,0,0,0,1,5,0,5,0,0,0,3,0,0,2,2,14,0,0,0.18,2.76,4,0,25.0,0,2,2,5,4,1,2,0,,1,10.0,0,0,1,3,2,5,1,3,270,1,0,0,0,1,0,0.0,0,0,0,0,15,1,0,6.6,0,1,0,0,0,0,0,0,135.0,0.0,0,8,0,5,3,1,33.33,0,0,0,0.0,5,1,3,2,1,6.67,1,28,16,44,19.8,8,0,72,0,0,0,Martijn Kaars,1. FC Magdeburg,861850,2591
48,8,25.81,120,48,48.98,268,325,593,81.79,10,43.48,13,24,0,0,0,0,81,3,2,6,3,25,24,0,1,7,13,58,0,0,1.03,1.34,18,0,5.56,6,1,1,27,27,0,1,0,,67,59.82,0,0,0,132,13,15,1,17,1478,1,4,0,0,0,0,0.0,0,0,0,0,198,3,0,6.6,1,0,0,0,0,0,0,0,1478.0,0.0,0,9,9,6,6,9,56.25,0,38,27,71.05,15,79,16,31,77,57.04,98,356,369,725,158.4,18,0,1022,20,4,0,Sima Suso,Fortuna Düsseldorf,1540234,2588
3,0,0.0,13,6,46.15,42,90,132,86.84,8,47.06,9,7,0,0,0,0,10,0,0,0,0,15,7,0,0,3,1,20,1,0,0.04,0.24,4,0,33.33,0,1,1,12,12,0,1,0,,10,47.62,1,0,0,20,0,0,0,4,371,0,6,0,0,0,1,0.0,0,0,0,0,32,0,0,6.6,0,0,0,0,0,0,0,0,371.0,0.0,0,2,1,0,3,3,42.86,0,6,6,100.0,0,7,7,0,18,47.37,13,56,96,152,46.2,3,0,209,1,0,0,Pascal Klemens,Hertha BSC,1409353,2528
8,0,0.0,50,7,31.82,105,82,187,81.3,4,36.36,7,11,0,0,0,0,26,0,0,0,0,7,10,0,0,3,8,26,0,0,0.13,0.17,8,0,50.0,0,1,1,9,9,0,1,0,,17,47.22,0,0,0,43,7,5,0,4,423,0,0,0,0,0,0,0.0,0,0,0,0,61,2,0,6.6,0,1,0,0,0,0,0,0,423.0,0.0,0,2,0,1,1,1,33.33,0,10,4,40.0,5,16,3,6,21,44.68,22,134,96,230,66.0,2,0,296,6,1,0,Sam Schreck,Arminia Bielefeld,836708,2540
3,0,0.0,24,2,33.33,32,12,44,75.86,2,28.57,5,6,1,0,0,0,5,0,1,1,0,3,6,0,0,1,1,9,0,0,0.27,0.52,1,0,0.0,0,0,1,3,3,0,0,0,,7,63.64,0,0,0,14,1,3,0,0,150,1,0,0,0,0,0,0.0,0,0,0,0,23,0,0,6.6,0,0,0,0,0,0,0,0,0.0,0.0,0,3,1,1,2,1,50.0,0,3,2,66.67,3,8,2,0,9,50.0,6,42,16,58,39.6,4,0,90,3,0,0,Connor Krempicki,1. FC Magdeburg,171995,2591
0,0,0.0,0,0,0.0,1,3,4,66.67,1,100.0,0,1,0,0,0,0,0,0,0,0,0,2,1,0,0,0,1,1,0,0,0.0,,0,0,0.0,0,0,0,2,2,0,0,0,,0,0.0,0,0,0,2,0,0,0,0,20,0,1,0,0,0,0,0.0,0,0,0,0,2,0,0,6.6,0,0,0,0,0,0,0,0,0.0,0.0,0,0,0,0,0,0,0.0,0,0,0,0.0,0,0,0,0,1,50.0,1,2,4,6,6.6,0,0,9,0,0,0,Colin Noah Kleine-Bekel,VfL Bochum 1848,997010,2542
3,0,0.0,1,6,50.0,1,29,30,83.33,0,0.0,0,1,0,0,0,0,8,0,0,0,0,1,1,0,0,0,0,0,0,0,0.0,,0,0,0.0,3,0,0,3,3,0,0,0,-1.18,0,0.0,0,2,0,6,0,0,0,1,90,0,0,0,0,0,0,0.0,0,0,0,0,7,0,0,6.6,0,0,0,2,1,3,0,1,0.0,0.0,0,0,0,0,0,0,0.0,0,0,0,0.0,0,4,0,0,0,0.0,12,5,31,36,6.6,0,0,50,0,0,0,Robin Himmelmann,Karlsruher SC,38658,2553
0,0,0.0,0,0,0.0,0,0,0,0.0,0,0.0,0,1,0,0,0,0,0,0,0,0,0,0,1,0,0,0,0,0,0,0,0.0,,0,0,0.0,0,0,0,0,0,0,0,0,,0,0.0,0,0,0,1,0,0,0,0,9,0,0,0,0,0,0,0.0,0,0,0,0,2,0,0,6.6,0,0,0,0,0,0,0,0,0.0,0.0,0,0,0,0,0,0,0.0,0,0,0,0.0,0,0,0,1,0,0.0,1,1,0,1,6.6,0,0,3,0,0,0,Marvin Rittmüller,Eintracht Braunschweig,939669,2557
0,0,0.0,2,0,0.0,3,3,6,85.71,0,0.0,0,1,0,0,0,0,1,0,0,0,0,0,1,0,0,0,0,0,0,0,0.0,,0,0,0.0,0,0,0,1,1,0,0,0,,0,0.0,0,0,0,1,2,0,0,0,11,0,1,0,0,0,0,0.0,0,0,0,0,1,0,0,6.6,0,0,0,0,0,0,0,0,0.0,0.0,0,0,0,0,0,0,0.0,0,0,0,0.0,0,1,0,0,0,0.0,1,4,3,7,6.6,0,0,11,0,0,0,Leon Tasov,Preußen Münster,1175679,2590
0,0,0.0,1,1,50.0,3,4,7,77.78,0,0.0,0,1,0,0,0,0,1,0,0,0,0,0,1,0,0,0,1,1,0,0,0.0,,0,0,0.0,0,0,0,0,0,0,0,0,,0,0.0,0,0,0,2,0,0,0,0,9,0,0,0,0,0,0,0.0,0,0,0,0,4,0,0,6.6,0,0,0,0,0,0,0,0,0.0,0.0,0,0,0,0,0,0,0.0,0,0,0,0.0,0,0,0,2,0,0.0,2,5,4,9,6.6,0,0,15,0,0,0,Tim-Justin Dietrich,FC Schalke 04,1083408,2530
2,0,0.0,1,1,100.0,2,1,3,60.0,0,0.0,0,1,0,0,0,0,0,0,0,0,0,0,1,0,0,0,0,0,0,0,0.02,,0,0,0.0,0,0,0,0,0,0,0,0,,0,0.0,0,0,0,2,0,0,0,0,13,0,0,0,0,0,0,0.0,0,0,0,0,3,0,0,6.6,0,0,0,0,0,0,0,0,0.0,0.0,0,0,0,0,0,0,0.0,0,0,0,0.0,0,2,0,1,0,0.0,1,3,2,5,6.6,0,0,8,0,0,0,Niclas Dühring,Karlsruher SC,1140582,2553
1,1,100.0,2,1,50.0,5,8,13,72.22,0,0.0,0,2,0,0,0,0,3,1,0,0,0,0,2,0,0,0,1,1,0,0,0.17,,0,0,0.0,0,0,0,1,1,0,0,0,,2,66.67,0,0,0,5,1,1,0,0,22,0,0,0,0,0,0,0.0,0,0,0,0,7,0,0,6.6,0,0,0,0,0,0,0,0,0.0,0.0,0,0,0,0,0,0,0.0,0,2,0,0.0,1,3,0,1,2,66.67,2,9,9,18,13.2,0,0,26,0,0,0,Dylan Leonard,FC Schalke 04,1880642,2530
0,0,0.0,3,0,0.0,4,1,5,100.0,0,0.0,0,2,0,0,0,0,1,0,0,0,0,0,2,0,0,0,0,0,0,0,0.03,,0,0,0.0,0,0,0,0,0,0,0,0,,1,100.0,0,0,0,0,0,1,0,0,21,0,0,0,0,0,0,0.0,0,0,0,0,0,0,0,6.6,0,0,0,0,0,0,0,0,0.0,0.0,0,0,0,0,0,1,100.0,0,0,0,0.0,1,0,1,0,1,100.0,0,4,1,5,13.2,0,0,7,0,0,0,Luca Pfeiffer,SV 07 Elversberg,842212,2598
1,0,0.0,6,0,0.0,6,6,12,85.71,2,66.67,1,3,0,0,0,0,4,0,0,0,0,0,3,0,0,0,0,3,0,0,0.02,,2,0,0.0,0,0,0,1,1,0,0,0,,0,0.0,0,0,0,2,0,2,0,0,36,1,0,0,0,0,0,0.0,0,0,0,0,5,2,0,6.6,0,0,0,0,0,0,0,0,0.0,0.0,0,0,0,0,0,0,0.0,0,0,0,0.0,2,1,1,1,2,40.0,0,8,6,14,19.8,0,0,19,0,0,0,Juan Cabrera,SpVgg Greuther Fürth,1147373,2551
0,0,0.0,1,0,0.0,5,16,21,75.0,1,25.0,3,3,0,0,0,0,1,0,0,0,0,3,3,0,0,0,0,4,0,0,0.14,,1,0,0.0,0,0,0,2,2,0,0,0,,6,85.71,0,0,0,7,0,1,0,1,70,1,0,0,0,0,0,0.0,0,0,0,0,9,0,0,6.6,0,0,0,0,0,0,0,0,0.0,0.0,0,0,0,0,0,0,0.0,0,5,3,60.0,1,3,0,1,7,63.64,3,8,20,28,19.8,0,0,41,1,1,0,Ondrej Karafiat,1. FC Nürnberg,579554,2523
1,1,14.29,5,2,66.67,14,8,22,66.67,0,0.0,0,3,0,0,0,0,4,0,0,0,0,1,3,0,0,0,0,2,0,0,0.07,,0,0,0.0,0,0,0,2,2,0,0,0,,6,75.0,0,0,0,11,3,0,0,1,100,0,1,0,0,0,0,0.0,0,0,0,0,20,0,0,6.6,0,0,0,0,0,0,0,0,0.0,0.0,0,0,0,0,0,0,0.0,0,4,2,50.0,0,3,2,7,6,75.0,3,22,11,33,19.8,0,0,63,2,0,0,Jan-Hendrik Marx,SG Dynamo Dresden,599378,2595
3,0,0.0,5,28,34.57,23,54,77,58.78,1,100.0,0,4,0,0,0,0,39,0,0,0,1,5,4,0,0,0,1,1,1,0,0.01,,0,0,0.0,11,0,0,7,6,1,0,0,-2.7,1,50.0,0,6,0,54,0,0,0,4,360,0,0,0,0,0,0,0.0,1,0,0,0,54,0,1,6.6,0,0,4,6,1,7,0,0,0.0,0.0,0,0,0,0,0,0,0.0,4,0,0,0.0,0,5,0,0,2,66.67,81,69,62,131,26.4,0,0,170,0,0,0,Kevin Müller,FC Schalke 04,121908,2530
10,1,12.5,22,5,31.25,44,51,95,65.97,4,50.0,4,6,0,0,0,0,22,1,2,2,0,8,6,0,0,7,9,28,0,1,0.11,0.71,5,0,0.0,0,0,0,10,10,0,0,0,,29,54.72,0,0,0,49,4,1,0,5,380,0,3,0,0,0,0,0.0,0,0,0,0,77,3,0,6.6,0,0,0,0,0,0,0,0,0.0,0.0,0,3,4,3,2,4,44.44,0,9,8,88.89,1,16,9,8,33,54.1,16,79,65,144,39.6,7,0,236,16,3,0,Andu Kelati,Holstein Kiel,1021087,2573
3,2,25.0,14,3,50.0,25,26,51,76.12,3,37.5,5,7,0,0,0,0,7,0,1,1,0,6,7,0,0,3,1,14,0,0,0.28,0.4,2,0,0.0,0,0,0,3,3,0,0,0,,7,43.75,0,0,0,16,1,2,0,2,221,0,0,0,0,0,0,0.0,0,0,0,0,32,1,0,6.6,0,0,0,0,0,0,0,0,0.0,0.0,0,5,0,1,3,2,40.0,0,5,4,80.0,2,5,5,8,10,41.67,6,36,31,67,46.2,5,0,121,0,2,0,Erik Wekesser,1. FC Kaiserslautern,796043,2675
1,0,0.0,5,1,100.0,11,5,16,88.89,0,0.0,0,7,0,0,0,0,6,1,0,1,0,0,6,0,0,1,0,7,0,0,0.01,0.22,1,0,0.0,0,0,0,0,0,0,0,0,,3,30.0,0,0,0,2,3,1,0,0,66,0,0,0,0,0,0,0.0,0,0,0,0,10,0,0,6.6,0,0,0,0,0,0,0,0,0.0,0.0,0,1,0,0,0,2,28.57,0,1,0,0.0,1,1,7,0,3,30.0,1,13,5,18,39.6,1,0,38,0,0,0,Marko Soldic,1. FC Nürnberg,2311165,2523
4,1,100.0,11,5,100.0,19,32,51,87.93,3,60.0,2,4,0,0,0,0,5,0,0,0,0,2,3,0,0,1,3,9,0,1,0.02,0.07,3,0,0.0,0,0,0,2,2,0,0,0,,3,30.0,0,0,0,7,5,0,0,2,147,0,0,0,0,0,0,0.0,0,0,0,0,13,0,0,6.6,0,0,0,0,0,0,0,0,0.0,0.0,0,0,1,0,1,0,0.0,0,1,0,0.0,0,5,0,1,6,40.0,5,22,36,58,19.8,1,0,81,2,0,0,Jean-Paul Boëtius,Darmstadt 98,138830,2576
0,0,0.0,6,0,0.0,16,12,28,80.0,0,0.0,3,6,0,0,0,0,6,0,0,2,0,2,6,0,0,0,2,6,0,0,0.02,0.07,1,0,0.0,0,0,0,1,1,0,0,0,,5,62.5,0,0,0,7,1,1,0,0,93,0,0,0,0,0,0,0.0,0,0,0,0,9,0,0,6.6,0,0,0,0,0,0,0,0,0.0,0.0,0,0,2,0,0,0,0.0,0,5,1,20.0,1,1,1,0,5,45.45,3,21,14,35,39.6,2,0,54,0,0,0,Boris Mamuzah Lum,Hertha BSC,1568502,2528
0,0,0.0,0,0,0.0,0,0,0,0.0,0,0.0,0,1,0,0,0,0,0,0,0,0,0,0,1,0,0,0,0,0,0,0,,0.03,0,0,0.0,0,0,0,0,0,0,0,0,,0,0.0,0,0,0,1,0,0,0,0,9,0,0,0,0,0,0,0.0,0,0,0,0,1,0,0,6.6,0,0,0,0,0,0,0,0,0.0,0.0,0,1,0,0,1,0,0.0,0,0,0,0.0,0,0,0,0,0,0.0,0,1,0,1,6.6,1,0,3,0,0,0,Zaid Amoussou-Tchibara,FC Schalke 04,1963743,2530
13,3,14.29,122,11,55.0,214,148,362,84.78,8,47.06,9,20,0,0,0,0,45,2,1,1,0,13,20,0,0,10,7,50,0,1,1.05,0.62,18,0,12.5,0,1,1,11,7,4,1,0,,41,50.0,0,0,0,65,3,13,1,11,1077,2,1,0,0,0,0,0.0,0,0,0,0,129,11,0,6.6,0,0,0,0,0,0,0,0,1077.0,0.0,0,3,5,6,1,10,62.5,0,16,7,43.75,13,19,16,21,49,49.49,20,257,170,427,131.9,8,0,616,15,3,0,Zidan Sertdemir,Preußen Münster,1129120,2590
16,5,31.25,108,4,44.44,174,77,251,64.03,51,30.36,117,30,2,0,0,0,54,4,21,13,6,18,29,0,0,15,4,165,0,0,2.41,14.68,12,0,8.64,0,7,9,21,21,0,7,0,,42,46.67,2,0,0,141,3,22,1,25,2200,17,1,0,0,0,0,0.0,0,0,0,0,238,13,0,6.59,0,4,0,0,0,0,0,0,314.29,0.0,0,70,11,27,41,14,42.42,0,7,6,85.71,22,32,33,16,93,36.05,9,288,104,392,191.2,81,1,690,25,1,0,Moussa Sylla,FC Schalke 04,861980,2530
0,0,0.0,26,1,25.0,41,43,84,57.93,39,45.35,47,25,1,0,0,0,23,2,4,10,1,16,25,0,0,14,5,95,1,0,0.27,4.13,21,0,16.13,0,5,6,13,11,2,5,0,,26,35.14,2,0,0,61,1,4,3,11,996,7,1,0,0,0,0,0.0,0,0,0,0,129,3,0,6.59,0,0,0,0,0,0,0,0,199.2,0.0,0,30,1,11,10,6,37.5,0,13,9,69.23,4,2,16,10,65,40.63,4,90,55,145,164.8,31,0,325,7,3,0,Noah Sarenren Bazee,Arminia Bielefeld,801378,2540
4,0,0.0,23,4,66.67,50,29,79,67.52,18,41.86,25,11,1,0,0,0,13,0,3,4,0,6,11,0,0,9,2,61,0,0,0.25,2.48,18,0,16.67,0,2,3,12,11,1,2,0,,14,28.0,0,0,0,38,1,4,1,7,628,4,1,0,0,0,0,0.0,0,0,0,0,80,3,0,6.59,0,1,0,0,0,0,0,0,314.0,0.0,0,10,2,4,4,3,30.0,0,6,5,83.33,4,4,10,3,32,34.41,6,78,39,117,72.5,12,0,219,5,1,0,Mergim Berisha,1. FC Kaiserslautern,770083,2675
2,0,0.0,35,3,37.5,47,29,76,68.47,6,23.08,20,10,1,0,0,0,15,1,2,1,0,6,10,0,0,6,4,43,0,0,1.15,0.62,8,0,0.0,0,0,1,9,9,0,0,0,,17,42.5,0,0,0,35,2,6,0,4,351,3,3,0,0,0,0,0.0,0,0,0,0,62,0,0,6.59,0,0,0,0,0,0,0,0,0.0,0.0,0,3,1,2,1,2,25.0,0,11,6,54.55,6,7,8,4,23,34.85,8,78,33,111,65.9,4,0,184,4,0,0,Jonas Oehmichen,SG Dynamo Dresden,1121903,2595
7,6,21.43,58,10,27.03,105,114,219,78.78,10,62.5,6,10,1,0,0,0,24,0,0,1,0,22,10,0,0,0,6,18,0,0,0.34,0.1,4,0,0.0,0,0,1,14,14,0,0,0,,18,60.0,0,0,0,59,3,8,0,7,667,0,3,0,1,0,0,0.0,0,0,0,0,99,2,0,6.59,0,0,0,0,0,0,0,0,0.0,0.0,0,0,3,1,1,0,0.0,0,9,5,55.56,7,16,2,28,28,60.87,37,138,140,278,65.9,3,0,445,11,0,0,Sascha Risch,SG Dynamo Dresden,1064672,2595
36,0,0.0,18,80,33.61,50,187,237,59.55,3,60.0,2,10,0,0,0,0,81,0,0,0,0,21,10,0,0,0,2,4,0,1,0.03,,0,0,0.0,70,0,0,28,23,5,0,0,-5.1,3,60.0,0,8,0,161,0,0,0,10,900,0,0,0,0,0,0,0.0,1,0,0,0,162,0,8,6.59,0,0,8,22,8,30,0,4,0.0,0.0,0,0,0,0,0,0,0.0,8,0,0,0.0,0,56,0,0,6,60.0,238,171,227,398,65.9,0,0,506,3,2,0,Pelle Boevink,SpVgg Greuther Fürth,875613,2551
6,1,50.0,45,5,33.33,91,53,144,70.24,17,38.64,27,21,1,0,0,0,31,0,4,3,0,16,19,0,0,10,2,66,0,0,0.42,3.2,18,0,18.75,0,3,4,6,5,1,3,0,,30,43.48,0,0,0,61,5,8,1,7,701,3,2,0,0,0,0,0.0,0,0,0,0,118,0,0,6.59,0,2,0,0,0,0,0,0,233.67,0.0,0,13,3,6,7,7,43.75,0,13,8,61.54,8,16,16,2,47,41.59,15,144,61,205,125.2,16,0,357,10,2,0,Dennis Srbeny,SpVgg Greuther Fürth,168801,2551
8,2,14.29,61,13,46.43,97,45,142,67.62,4,15.38,22,16,1,0,0,0,21,2,4,6,0,9,16,0,0,19,4,62,0,0,0.64,3.4,14,0,9.09,0,2,3,12,11,1,2,0,,22,35.48,1,0,0,68,3,12,0,6,709,1,0,0,0,0,0,0.0,0,0,0,1,128,5,0,6.59,0,1,0,0,0,0,0,0,354.5,0.0,0,18,4,8,8,6,50.0,0,11,5,45.45,12,16,12,14,26,29.55,28,158,52,210,105.4,22,0,354,5,3,0,Callum Marshall,VfL Bochum 1848,1394099,2542
33,38,20.11,259,41,35.04,446,400,846,76.22,34,46.58,39,33,7,0,0,0,112,8,0,6,5,81,33,0,0,28,21,161,1,1,3.26,0.88,31,0,0.0,0,0,7,60,55,5,0,0,,148,54.81,0,0,0,264,27,48,0,32,2854,1,6,0,1,0,0,0.0,0,0,0,0,583,11,0,6.58,0,0,0,0,0,0,0,0,0.0,0.0,0,14,7,10,5,44,51.16,0,65,37,56.92,47,70,86,189,182,53.06,117,623,487,1110,217.3,21,0,2073,40,5,0,David Herold,Karlsruher SC,997178,2553
7,3,27.27,44,7,25.0,81,117,198,74.44,14,60.87,9,18,0,0,0,0,16,2,0,1,0,22,18,0,0,2,15,41,1,0,0.35,0.21,8,0,0.0,0,0,0,16,12,4,0,0,,45,58.44,0,0,0,68,8,5,0,7,725,0,4,0,0,0,0,0.0,0,0,0,0,111,1,0,6.58,0,0,0,0,0,0,0,0,0.0,0.0,0,2,3,3,1,2,20.0,0,32,18,56.25,5,16,10,11,59,59.0,28,132,134,266,118.5,5,1,452,11,1,0,Marco Meyerhöfer,Preußen Münster,254135,2590
1,0,0.0,39,2,66.67,56,37,93,75.61,11,30.56,25,17,0,0,0,0,11,1,5,4,0,5,17,0,0,15,6,69,0,0,0.25,7.95,19,0,20.69,0,6,6,19,17,2,6,0,,21,32.31,0,0,0,30,0,6,2,14,1165,7,1,0,0,0,0,0.0,0,0,0,0,94,3,0,6.58,0,4,0,0,0,0,0,0,194.17,0.0,0,29,0,14,11,4,36.36,0,6,5,83.33,6,5,11,0,32,31.68,3,82,41,123,111.9,29,0,261,11,0,0,David Mokwa,SV 07 Elversberg,1432398,2598
7,6,27.27,72,10,50.0,128,158,286,78.79,5,45.45,6,22,3,0,0,0,57,4,1,9,0,16,22,0,0,17,17,90,1,0,1.41,1.13,33,0,4.17,0,1,4,35,33,2,1,0,,62,42.47,0,0,0,77,5,13,0,18,1274,0,1,0,0,0,1,0.0,0,0,0,0,160,4,0,6.58,0,1,0,0,0,0,0,0,1274.0,0.0,0,11,13,9,6,24,55.81,0,29,18,62.07,13,16,43,22,67,42.68,20,181,182,363,144.8,24,0,620,9,8,0,Marvin Schulz,Preußen Münster,254445,2590
0,0,0.0,13,1,100.0,22,15,37,48.68,25,40.98,36,17,0,0,0,0,7,0,3,2,0,7,15,0,0,3,1,56,0,0,0.16,3.03,15,0,11.76,0,2,2,13,9,4,2,0,,17,45.95,0,0,0,39,1,3,2,7,606,3,2,0,0,0,0,0.0,0,0,0,0,55,2,0,6.58,0,0,0,0,0,0,0,0,303.0,0.0,0,16,1,9,6,2,33.33,0,4,3,75.0,3,1,6,0,42,42.86,1,50,26,76,98.7,17,1,158,11,1,0,Oscar Vilhelmsson,Preußen Münster,993211,2590
0,0,0.0,8,0,0.0,10,5,15,60.0,3,30.0,7,12,0,0,0,0,1,0,3,2,0,3,10,0,0,2,0,17,0,1,0.03,1.06,6,0,16.67,0,1,1,4,3,1,0,1,,3,23.08,0,0,1,10,0,0,0,0,141,0,1,0,0,0,0,0.0,0,0,0,0,24,0,0,6.58,0,1,0,0,0,0,0,0,141.0,0.0,0,3,3,1,3,0,0.0,0,2,2,100.0,0,1,2,0,6,26.09,0,17,8,25,65.8,6,0,63,1,0,0,Omar Sillah,SpVgg Greuther Fürth,1516941,2551
0,0,0.0,10,0,0.0,17,4,21,63.64,1,33.33,2,6,0,0,0,0,5,0,0,1,0,2,5,0,0,0,1,8,1,0,0.03,0.04,0,0,0.0,0,0,0,5,3,2,0,0,,10,62.5,0,0,0,12,0,1,0,1,122,0,0,0,0,0,0,0.0,0,0,0,1,30,0,0,6.58,0,0,0,0,0,0,0,0,0.0,0.0,0,1,0,0,0,5,50.0,0,2,2,100.0,1,0,10,3,11,57.89,2,26,7,33,32.9,1,0,74,3,0,0,Aiman Dardari,SpVgg Greuther Fürth,1481370,2551
1,1,33.33,18,0,0.0,27,18,45,54.22,24,48.98,25,13,1,0,0,0,6,1,4,2,0,6,13,0,0,3,3,41,1,0,0.36,1.69,8,0,9.09,0,1,2,10,9,1,1,0,,9,36.0,1,0,0,38,0,1,0,1,340,1,0,0,0,0,0,0.0,0,0,0,0,54,2,0,6.58,0,0,0,0,0,0,0,0,340.0,0.0,0,8,3,3,6,2,50.0,0,2,1,50.0,1,1,4,3,33,44.59,0,61,22,83,85.5,11,0,146,5,2,0,Levente Szabó,Eintracht Braunschweig,790864,2557
4,0,0.0,28,3,75.0,42,11,53,76.81,10,32.26,21,16,0,0,0,0,9,0,0,0,0,3,13,0,0,6,4,41,0,0,0.25,0.42,6,0,20.0,0,1,1,5,4,1,1,0,,21,51.22,0,0,0,16,1,5,1,2,346,5,0,0,0,0,0,0.0,0,0,0,0,54,2,0,6.58,0,0,0,0,0,0,0,0,346.0,0.0,0,3,2,4,1,4,44.44,0,6,3,50.0,5,6,9,1,31,43.06,4,58,11,69,85.5,5,0,152,11,1,0,Fynn Lakenmacher,Darmstadt 98,996662,2576
0,0,0.0,13,1,100.0,24,27,51,61.45,30,52.63,27,18,0,0,0,0,5,0,3,5,0,13,17,0,0,5,0,50,0,0,0.05,3.41,12,0,11.76,0,2,2,13,10,3,2,0,,5,17.86,0,0,0,32,1,1,1,6,573,5,1,0,0,0,0,0.0,0,0,0,0,56,0,0,6.58,0,1,0,0,0,0,0,0,286.5,0.0,0,16,1,8,4,0,0.0,0,1,1,100.0,1,1,7,0,35,41.18,1,48,35,83,111.8,17,1,150,4,1,0,Alexander Ahl Holmström,1. FC Magdeburg,956436,2591
2,1,33.33,29,2,40.0,56,38,94,72.87,11,61.11,7,12,0,0,0,0,13,0,2,2,0,4,12,0,0,7,6,31,0,1,0.24,0.73,7,0,14.29,0,1,1,4,4,0,1,0,,16,40.0,0,0,0,35,1,3,0,3,396,1,0,0,0,0,0,0.0,0,0,0,0,58,2,0,6.58,0,1,0,0,0,0,0,0,396.0,0.0,0,6,1,3,2,3,42.86,0,8,5,62.5,3,5,7,3,27,46.55,5,85,44,129,78.9,7,0,193,5,3,0,Mahir Emreli,1. FC Kaiserslautern,286071,2675
28,18,18.0,161,53,46.49,373,531,904,86.76,11,37.93,18,28,5,0,0,0,99,4,0,3,5,53,28,0,0,11,25,79,2,4,3.49,0.28,11,0,0.0,0,0,5,37,30,7,0,0,,49,44.55,0,0,0,138,21,34,0,27,2282,1,7,0,1,0,1,0.0,0,0,0,0,294,5,0,6.58,1,0,0,0,0,0,0,0,0.0,0.0,1,3,6,6,0,13,48.15,0,30,22,73.33,33,65,27,100,60,43.17,114,454,588,1042,184.1,9,0,1574,6,4,1,Sergio López,Darmstadt 98,927409,2576
0,0,0.0,21,0,0.0,29,14,43,71.67,3,50.0,3,12,0,0,0,0,7,0,3,1,0,2,12,0,0,6,3,28,0,0,0.2,1.35,6,0,0.0,0,0,0,4,4,0,0,0,,22,46.81,0,0,0,17,0,3,0,3,333,1,0,0,0,0,0,0.0,0,0,0,0,51,0,0,6.58,0,0,0,0,0,0,0,0,0.0,0.0,0,8,2,5,4,9,47.37,0,10,8,80.0,3,2,19,4,25,47.17,0,43,17,60,78.9,10,0,142,3,1,0,Mickaël Biron,1. FC Nürnberg,986817,2523
8,11,18.97,117,14,31.11,223,193,416,78.94,8,25.81,23,30,2,0,0,0,70,3,0,9,1,28,30,0,0,29,14,122,0,0,1.41,1.09,19,0,10.0,0,2,4,43,35,8,2,0,,76,43.43,0,0,0,111,11,22,1,20,1837,3,2,0,0,0,1,0.0,0,0,0,0,295,5,0,6.57,0,1,0,0,0,0,0,0,918.5,0.0,0,13,7,5,6,25,39.06,0,31,19,61.29,22,21,64,58,84,40.78,45,295,232,527,197.2,20,0,994,20,2,0,Aaron Keller,SpVgg Greuther Fürth,1129677,2551
7,3,17.65,35,11,40.74,77,87,164,74.21,9,36.0,16,15,0,0,0,0,17,1,0,2,2,17,15,0,0,2,11,42,0,0,1.24,0.32,7,0,20.0,0,1,1,9,9,0,1,0,,23,46.94,0,0,0,57,4,4,0,8,735,0,0,0,0,0,0,0.0,0,0,0,0,99,1,0,6.57,0,1,0,0,0,0,0,0,735.0,0.0,0,2,3,1,2,3,33.33,0,13,6,46.15,4,18,9,17,32,43.24,27,117,104,221,98.6,5,0,385,7,2,0,Simon Asta,1. FC Kaiserslautern,928271,2675
0,4,50.0,29,1,25.0,47,8,55,68.75,2,22.22,7,13,0,0,0,0,11,2,2,2,0,2,11,0,0,2,2,16,0,0,1.25,0.69,4,0,0.0,0,0,0,12,12,0,0,0,,16,64.0,0,0,0,25,1,10,0,2,356,0,0,0,0,0,0,0.0,0,0,0,1,52,3,0,6.57,0,0,0,0,0,0,0,0,0.0,0.0,0,5,1,4,0,8,88.89,0,4,2,50.0,10,2,9,8,18,52.94,4,70,10,80,72.3,6,0,149,4,0,0,Leon Opitz,Karlsruher SC,1481688,2553
3,0,0.0,6,0,0.0,9,3,12,75.0,2,66.67,1,4,0,0,0,0,3,0,0,0,0,2,3,0,0,0,0,3,0,0,0.01,,2,0,0.0,0,0,0,1,1,0,0,0,,0,0.0,0,0,0,4,0,0,0,0,57,0,0,0,0,0,0,0.0,0,0,0,0,8,0,0,6.57,0,0,0,0,0,0,0,0,0.0,0.0,0,0,0,0,0,0,0.0,0,0,0,0.0,0,4,0,4,2,40.0,2,12,4,16,19.7,0,0,26,0,1,0,Max Grüger,FC Schalke 04,1510769,2530
0,0,0.0,4,4,66.67,11,67,78,95.12,9,52.94,8,3,0,0,0,0,11,0,0,1,0,9,3,0,0,1,4,15,0,0,0.06,0.14,2,0,0.0,3,0,0,3,3,0,0,0,,6,46.15,0,0,0,4,2,0,0,1,184,0,0,0,0,0,1,0.0,0,0,0,0,10,1,0,6.57,0,0,0,0,0,0,0,0,0.0,0.0,0,1,0,0,0,0,0.0,0,5,1,20.0,0,1,0,0,15,50.0,6,14,68,82,19.7,1,0,112,1,0,0,Styopa Mkrtchyan,1. FC Nürnberg,988354,2523
1,0,0.0,21,0,0.0,35,33,68,70.83,15,34.09,29,18,0,0,0,0,15,2,4,4,0,8,17,0,0,10,1,59,0,0,0.23,3.01,15,0,17.65,0,3,3,10,9,1,3,0,,22,42.31,0,0,0,28,2,7,2,4,588,2,4,0,0,1,0,100.0,0,1,0,0,67,2,0,6.56,0,1,0,0,0,0,0,0,196.0,0.0,0,16,1,4,9,1,12.5,0,7,3,42.86,7,1,8,2,37,38.54,3,57,39,96,111.6,17,0,206,14,1,0,Maximilian Breunig,1. FC Magdeburg,935281,2591
3,10,19.23,94,5,33.33,152,104,256,74.64,11,28.95,27,26,2,0,0,0,67,5,4,12,0,7,25,0,0,26,19,110,0,0,1.89,3.31,25,0,9.68,0,3,5,20,20,0,2,1,,46,35.66,0,0,1,87,6,22,1,13,1228,5,2,0,0,0,1,0.0,0,0,0,0,223,10,0,6.56,0,2,0,0,0,0,0,0,409.33,0.0,0,18,13,6,13,20,60.61,0,18,8,44.44,22,12,33,52,57,34.13,15,211,132,343,164.0,31,0,634,9,4,0,Farid Alfa-Ruprecht,VfL Bochum 1848,1402920,2542
8,4,20.0,55,17,54.84,132,198,330,82.91,3,60.0,2,19,0,0,0,0,39,0,0,0,0,19,17,0,0,6,8,37,0,1,0.35,0.25,12,0,25.0,0,1,1,13,13,0,1,0,,33,48.53,0,0,0,68,4,4,0,9,824,0,3,0,0,0,1,0.0,0,0,0,0,130,3,0,6.56,0,1,0,0,0,0,0,0,824.0,0.0,0,2,2,2,2,11,55.0,0,14,8,57.14,4,22,20,20,36,49.32,31,166,232,398,111.5,4,0,616,8,4,0,Tim Janisch,1. FC Nürnberg,1493248,2523
12,0,0.0,59,11,52.38,103,90,193,84.65,4,25.0,12,12,0,0,0,0,25,0,0,4,0,11,12,0,0,1,3,24,0,0,0.16,0.35,9,0,0.0,0,0,0,10,10,0,0,0,,15,55.56,0,0,0,35,6,4,0,3,454,0,2,0,0,0,0,0.0,0,0,0,0,49,1,0,6.56,0,0,0,0,0,0,0,0,0.0,0.0,0,2,6,3,1,3,100.0,0,5,3,60.0,4,20,3,1,19,44.19,21,129,99,228,78.7,8,0,298,8,1,0,Aljaž Casar,SG Dynamo Dresden,988274,2595
13,4,16.0,75,14,45.16,140,165,305,79.84,2,16.67,10,26,1,0,0,0,58,2,2,6,2,28,26,0,0,13,20,83,1,1,0.82,1.42,13,0,0.0,0,0,1,32,28,4,0,0,,74,50.34,0,0,1,77,12,7,0,10,1204,1,4,0,0,0,0,0.0,0,0,0,0,189,4,0,6.56,0,0,0,0,0,0,0,0,0.0,0.0,0,11,8,9,4,31,53.45,0,26,19,73.08,7,34,58,25,76,47.8,31,192,190,382,170.5,19,0,733,17,2,0,Charalampos Makridis,Preußen Münster,836026,2590
6,0,0.0,62,2,100.0,97,31,128,84.77,2,33.33,4,23,0,0,0,0,25,1,3,4,0,4,23,0,0,30,7,70,0,1,0.75,1.48,9,0,14.29,0,2,2,8,8,0,2,0,,29,30.53,0,0,0,23,1,8,0,1,514,1,0,0,0,0,0,0.0,0,0,0,0,106,3,0,6.56,0,2,0,0,0,0,0,0,257.0,0.0,0,8,6,2,8,9,31.03,0,6,4,66.67,8,9,29,5,31,30.69,2,113,38,151,150.8,14,0,314,14,0,0,Jarzinho Malanga,SV 07 Elversberg,1418665,2598
2,1,10.0,37,3,60.0,68,41,109,76.76,5,29.41,12,19,1,0,0,0,18,1,2,5,0,3,16,0,0,5,4,36,0,0,0.26,1.84,7,0,11.76,0,2,3,12,11,1,1,1,,13,35.14,1,0,1,33,2,4,1,6,492,1,2,0,0,0,0,0.0,0,0,0,0,69,2,0,6.56,0,0,0,0,0,0,0,0,246.0,0.0,0,14,3,7,5,2,20.0,0,8,6,75.0,4,5,10,10,18,33.33,5,91,51,142,104.9,17,0,253,3,2,0,Noah Pesch,1. FC Magdeburg,1130663,2591
2,1,5.0,81,1,12.5,112,37,149,74.13,32,54.24,27,23,0,0,0,0,22,1,4,6,0,22,22,0,0,14,6,68,0,0,0.95,3.18,5,0,12.0,0,3,3,30,28,2,2,1,,20,32.79,0,0,0,52,11,9,1,12,1057,8,1,0,0,0,0,0.0,0,0,0,0,154,3,0,6.55,0,2,0,0,0,0,0,0,352.33,0.0,0,16,9,10,9,11,39.29,0,8,3,37.5,9,6,28,20,52,43.33,8,155,46,201,144.2,25,1,449,3,0,0,Nils Fröling,SG Dynamo Dresden,932418,2595
0,0,0.0,33,2,50.0,45,18,63,55.26,57,61.96,35,23,0,0,0,1,5,0,1,1,0,10,23,0,1,2,0,55,0,1,0.98,1.83,19,0,10.0,0,1,1,7,7,0,1,0,,10,33.33,1,0,0,51,0,8,0,1,425,8,2,0,0,1,0,0.0,0,0,0,0,65,1,0,6.55,1,0,0,0,0,0,0,0,425.0,0.0,0,10,0,4,5,1,100.0,0,3,2,66.67,8,1,1,3,67,54.92,4,92,22,114,150.7,10,0,170,6,5,0,Stefan Kutschke,SG Dynamo Dresden,38923,2595
14,4,19.05,81,17,34.0,161,96,257,73.01,13,39.39,20,24,0,0,0,0,42,1,0,5,0,28,23,0,0,10,14,71,0,0,0.71,0.37,27,0,0.0,0,0,0,13,10,3,0,0,,32,38.55,0,0,0,95,5,11,0,5,751,1,3,0,0,0,0,0.0,0,0,0,0,140,1,0,6.55,0,0,0,0,0,0,0,0,0.0,0.0,1,4,6,4,1,4,66.67,0,22,13,59.09,11,38,6,21,45,38.79,50,236,116,352,150.7,10,0,523,6,5,0,Stefan Schwab,Holstein Kiel,48912,2573
24,1,11.11,110,41,39.42,344,896,1240,88.19,41,48.81,43,27,1,0,0,0,103,1,0,1,5,115,27,0,0,17,17,124,0,1,0.49,0.18,37,0,0.0,15,0,1,32,28,4,0,0,,62,43.36,0,0,0,166,39,10,0,22,2097,0,16,0,0,0,0,0.0,0,0,0,0,236,2,0,6.55,0,0,0,0,0,0,0,0,0.0,0.0,0,4,0,2,1,9,45.0,0,48,29,60.42,10,54,20,9,103,45.37,104,437,969,1406,176.9,4,0,1838,5,7,0,Marko Ivezić,Holstein Kiel,1105869,2573
6,0,0.0,38,10,35.71,89,150,239,79.93,6,42.86,8,12,1,0,0,0,32,1,0,1,1,19,12,0,0,5,7,35,0,0,0.27,0.39,14,0,0.0,0,0,1,19,14,5,0,0,,19,41.3,0,0,0,60,14,3,0,10,813,0,2,0,0,0,0,0.0,0,0,0,0,73,1,0,6.55,0,0,0,0,0,0,0,0,0.0,0.0,0,3,0,0,2,0,0.0,0,9,6,66.67,3,17,1,2,25,41.67,28,133,166,299,78.6,3,0,400,10,4,0,Mathias Olesen,SpVgg Greuther Fürth,994490,2551
0,0,0.0,2,0,0.0,2,3,5,50.0,0,0.0,3,2,0,0,0,0,1,0,0,0,0,1,2,0,0,0,0,4,0,0,0.0,,0,0,0.0,0,0,0,0,0,0,0,0,,3,75.0,0,0,0,5,0,0,0,0,40,0,0,0,0,0,0,0.0,0,0,0,0,11,0,0,6.55,0,0,0,0,0,0,0,0,0.0,0.0,0,0,0,0,0,0,0.0,0,3,3,100.0,0,0,1,1,3,42.86,2,4,6,10,13.1,0,0,25,0,0,0,Owono Keumo,VfL Bochum 1848,1568536,2542
0,0,0.0,8,0,0.0,11,3,14,70.0,1,50.0,1,6,0,0,0,0,4,0,0,3,0,2,4,0,0,2,1,10,0,0,0.02,0.17,3,0,0.0,0,0,0,0,0,0,0,0,,6,40.0,0,0,0,6,0,2,0,0,62,0,0,0,0,0,0,0.0,0,0,0,0,17,1,0,6.55,0,0,0,0,0,0,0,0,0.0,0.0,0,1,3,0,1,3,50.0,0,3,2,66.67,2,3,6,2,7,41.18,2,16,4,20,26.2,4,0,48,0,0,0,Eyyub Yasar,Arminia Bielefeld,2399060,2540
1,0,0.0,4,0,0.0,8,13,21,87.5,0,0.0,0,3,0,0,0,0,4,0,0,1,0,2,2,0,0,0,0,1,0,0,0.01,0.02,0,0,0.0,0,0,0,5,5,0,0,0,,3,75.0,0,0,0,3,0,0,0,0,59,0,0,0,0,0,0,0.0,0,0,0,0,6,0,0,6.55,0,0,0,0,0,0,0,0,0.0,0.0,0,0,1,0,0,1,50.0,0,1,0,0.0,0,2,2,2,3,75.0,0,10,14,24,13.1,1,0,37,1,0,0,Giovanni Haag,Fortuna Düsseldorf,965242,2588
4,2,11.76,39,4,40.0,74,51,125,73.53,3,27.27,8,14,1,0,0,0,26,1,1,4,0,6,14,0,0,4,7,35,1,0,0.46,1.0,11,0,14.29,0,1,2,11,11,0,1,0,,18,40.0,0,0,0,45,9,6,0,3,491,2,3,0,0,0,0,0.0,0,0,0,0,84,3,0,6.54,0,1,0,0,0,0,0,0,491.0,0.0,0,5,2,1,2,3,37.5,0,6,6,100.0,6,12,8,17,21,37.5,10,107,63,170,91.6,7,0,295,9,1,0,Kenny Prince Redondo,1. FC Kaiserslautern,168959,2675
1,0,0.0,10,0,0.0,12,4,16,100.0,0,0.0,2,10,0,0,0,0,2,0,0,1,0,1,7,0,0,6,1,13,0,0,0.22,0.44,2,0,50.0,0,1,1,1,1,0,1,0,,1,8.33,0,0,0,0,1,1,1,0,104,2,0,0,0,0,0,0.0,0,0,0,0,20,0,0,6.54,0,0,0,0,0,0,0,0,104.0,0.0,0,2,0,0,1,1,33.33,0,0,0,0.0,1,1,3,1,1,7.14,0,12,4,16,45.8,2,0,52,0,0,0,Raif Adam,SV 07 Elversberg,2069061,2598
35,6,27.27,204,50,53.76,421,444,865,84.89,6,30.0,14,32,1,0,0,0,90,1,2,7,1,29,32,0,0,15,20,101,3,3,1.66,0.84,47,0,5.56,0,1,2,52,48,4,1,0,,63,42.0,0,0,1,154,21,12,1,24,2095,0,1,0,0,0,0,0.0,0,0,0,0,218,5,0,6.54,0,0,0,0,0,0,0,0,2095.0,0.0,0,5,13,8,3,5,41.67,0,39,23,58.97,12,69,12,22,69,40.59,93,534,485,1019,209.3,18,0,1309,20,9,0,Dženis Burnić,Karlsruher SC,844447,2553
19,7,28.0,87,22,36.67,154,187,341,78.75,12,52.17,11,15,0,0,0,0,41,1,0,1,1,35,15,0,0,2,10,29,0,0,0.67,0.12,3,0,0.0,0,0,0,18,14,4,0,0,,33,64.71,0,0,0,92,11,7,0,9,922,0,0,0,0,0,0,0.0,0,0,0,0,157,1,0,6.54,0,0,0,0,0,0,0,0,0.0,0.0,0,0,5,3,1,4,57.14,0,15,7,46.67,7,38,7,25,45,60.81,60,223,210,433,98.1,5,0,690,14,1,0,Felix Hagmann,Arminia Bielefeld,1197579,2540
3,0,0.0,32,2,50.0,57,25,82,66.13,20,45.45,24,19,1,0,0,0,11,0,1,3,0,3,18,0,0,6,0,33,0,0,0.49,0.69,3,0,12.5,0,1,2,12,8,4,1,0,,11,55.0,1,0,0,42,3,4,0,3,417,1,0,0,0,0,0,0.0,0,0,0,0,63,3,0,6.54,0,0,0,0,0,0,0,0,417.0,0.0,0,7,1,3,2,0,0.0,0,7,1,14.29,4,5,0,0,31,48.44,4,92,32,124,117.7,8,1,188,4,1,0,Felix Higl,SpVgg Greuther Fürth,842199,2551
0,0,0.0,5,1,100.0,7,3,10,50.0,7,53.85,6,10,0,0,0,0,4,0,3,0,0,0,8,0,0,1,2,13,0,0,0.04,0.59,2,0,0.0,0,0,0,4,3,1,0,0,,6,46.15,0,0,0,10,0,1,0,0,98,1,0,0,0,0,0,0.0,0,0,0,0,25,1,0,6.54,0,0,0,0,0,0,0,0,0.0,0.0,0,4,0,0,4,3,60.0,0,0,0,0.0,1,1,5,4,13,50.0,1,15,5,20,52.3,4,0,51,3,0,0,Håvard Nielsen,Hannover 96,94002,2541
2,0,0.0,47,3,60.0,78,30,108,70.59,24,42.11,33,26,1,0,0,0,23,2,7,5,0,7,26,0,0,19,10,98,0,0,0.36,2.08,28,0,15.0,0,3,4,21,19,2,3,0,,31,32.29,1,0,3,45,3,9,1,12,982,5,1,0,0,0,0,0.0,0,0,0,0,120,3,0,6.53,0,1,0,0,0,0,0,0,327.33,0.0,0,19,1,7,8,7,36.84,0,15,9,60.0,9,4,19,3,55,35.95,5,114,39,153,169.9,20,1,327,9,3,0,Roko Šimić,Karlsruher SC,1048950,2553
33,0,0.0,135,49,55.06,374,488,862,88.05,15,46.88,17,24,0,0,0,0,77,0,1,1,1,41,24,0,1,8,10,55,0,0,0.57,0.62,18,0,0.0,0,0,0,41,33,8,0,0,,35,47.95,0,0,0,117,29,6,0,23,1869,0,10,0,0,0,0,0.0,0,0,0,0,148,8,0,6.53,1,0,0,0,0,0,0,0,0.0,0.0,0,3,2,3,1,1,33.33,0,25,11,44.0,6,67,3,5,50,47.62,89,464,515,979,156.8,5,0,1181,10,5,0,Maximilian Dietz,SpVgg Greuther Fürth,1002568,2551
8,0,0.0,24,4,40.0,38,43,81,80.2,2,18.18,9,13,0,0,0,0,19,0,1,2,0,5,13,0,0,2,5,31,0,0,0.32,0.49,11,0,0.0,0,0,0,8,7,1,0,0,,18,45.0,0,0,1,20,3,2,0,4,441,1,2,0,0,0,0,0.0,0,0,0,0,46,2,0,6.53,0,0,0,0,0,0,0,0,0.0,0.0,0,4,2,4,0,4,50.0,0,5,2,40.0,2,12,8,5,20,39.22,10,51,50,101,84.9,6,0,179,9,1,0,Tony Menzel,SG Dynamo Dresden,1511779,2595
3,4,50.0,32,3,75.0,52,11,63,79.75,4,22.22,14,11,2,0,0,0,6,3,2,5,0,4,10,0,0,6,2,26,0,0,0.67,0.87,1,0,0.0,0,0,2,4,4,0,0,0,,3,20.0,0,0,0,16,1,9,0,1,256,1,2,0,0,0,0,0.0,0,0,0,0,38,2,0,6.53,0,0,0,0,0,0,0,0,0.0,0.0,0,9,3,3,4,2,40.0,0,0,0,0.0,9,4,5,8,7,21.21,4,67,12,79,65.3,12,0,140,1,0,0,Danny Schmidt,Fortuna Düsseldorf,1005840,2588
3,2,50.0,12,1,25.0,33,22,55,79.71,2,66.67,1,8,0,0,0,0,9,0,0,1,0,3,7,0,0,4,4,19,0,0,0.2,0.02,7,0,0.0,0,0,0,3,3,0,0,0,,8,30.77,0,0,0,14,3,4,0,1,174,0,0,0,0,0,0,0.0,0,0,0,0,29,0,0,6.53,0,0,0,0,0,0,0,0,0.0,0.0,0,0,1,0,0,0,0.0,0,7,5,71.43,4,4,3,4,10,34.48,4,46,23,69,45.7,1,0,109,1,1,0,Aremu Afeez,1. FC Kaiserslautern,922967,2675
2,1,33.33,45,4,66.67,69,40,109,59.56,50,52.63,45,21,0,0,0,0,14,3,5,9,0,6,19,0,0,14,4,77,0,0,0.86,3.99,11,0,6.67,0,2,2,11,10,1,2,0,,7,17.95,2,0,0,74,0,10,0,7,828,1,0,0,0,0,0,0.0,0,0,0,0,124,1,0,6.53,0,0,0,0,0,0,0,0,414.0,0.0,0,30,0,14,7,3,37.5,0,2,0,0.0,10,4,8,3,57,42.54,6,131,52,183,124.0,30,1,296,3,1,0,Piet Scobel,1. FC Nürnberg,2038020,2523
25,22,28.57,141,22,32.35,303,645,948,81.58,25,38.46,40,32,3,0,0,0,109,6,2,4,4,86,32,0,0,10,20,119,0,1,3.1,2.13,38,0,4.76,1,1,4,57,49,8,1,0,,108,57.75,0,0,2,214,47,30,0,32,2825,0,13,0,0,0,1,0.0,0,0,0,0,362,10,0,6.52,0,1,0,0,0,0,0,0,2825.0,0.0,0,16,5,8,9,13,46.43,0,73,41,56.16,30,69,28,77,133,52.78,68,421,741,1162,208.7,21,1,1892,23,10,0,Jano Ter-Horst,Preußen Münster,1152342,2590
6,2,50.0,18,9,25.0,58,117,175,75.11,14,63.64,8,10,1,0,0,0,8,1,1,0,0,42,10,0,1,3,12,37,0,0,0.28,0.35,13,0,0.0,6,0,1,8,8,0,0,0,,15,34.09,0,0,0,58,6,1,0,5,503,0,2,0,0,0,0,0.0,0,0,0,0,70,0,0,6.51,1,0,0,0,0,0,0,0,0.0,0.0,0,1,1,1,1,0,0.0,0,10,5,50.0,1,21,1,4,29,43.94,36,100,133,233,65.1,2,0,334,6,3,0,Louis Breunig,Eintracht Braunschweig,1127405,2557
0,1,50.0,5,0,0.0,6,3,9,90.0,5,22.73,17,3,1,0,0,0,5,0,3,0,0,1,3,0,0,3,0,22,0,0,0.4,0.5,3,0,0.0,0,0,1,2,2,0,0,0,,4,44.44,0,0,0,1,0,3,0,2,124,0,0,0,0,0,0,0.0,0,0,0,0,10,2,0,6.5,0,0,0,0,0,0,0,0,0.0,0.0,0,3,0,3,0,0,0.0,0,2,2,100.0,3,0,0,2,9,29.03,0,6,4,10,19.5,3,0,38,2,0,0,Peter Remmert,FC Schalke 04,1884149,2530
1,0,0.0,10,0,0.0,17,4,21,65.63,2,66.67,1,4,1,0,0,0,5,1,1,2,0,0,4,0,0,1,0,5,0,0,0.03,0.48,3,0,0.0,0,0,1,3,3,0,0,0,,5,55.56,0,0,0,11,0,2,0,1,92,0,1,0,0,0,0,0.0,0,0,0,0,18,0,0,6.5,0,0,0,0,0,0,0,0,0.0,0.0,0,1,3,1,1,1,100.0,0,3,3,100.0,2,4,1,3,7,58.33,3,27,5,32,26.0,4,0,52,1,1,0,Florian Micheler,Arminia Bielefeld,1149349,2540
0,0,0.0,0,1,50.0,1,7,8,88.89,0,0.0,0,1,0,0,0,0,0,0,0,0,0,0,1,0,0,0,0,3,0,0,0.0,,3,0,0.0,0,0,0,0,0,0,0,0,,1,25.0,0,0,0,1,0,0,0,0,10,0,0,0,0,0,0,0.0,0,0,0,0,1,0,0,6.5,0,0,0,0,0,0,0,0,0.0,0.0,0,0,0,0,0,0,0.0,0,0,0,0.0,0,1,0,0,1,25.0,2,2,7,9,6.5,0,0,10,1,0,0,Antonio Tikvić,Preußen Münster,1154189,2590
0,0,0.0,0,0,0.0,0,0,0,0.0,0,0.0,0,1,0,0,0,0,0,0,0,0,0,0,1,0,0,0,0,3,0,0,0.0,,3,0,0.0,0,0,0,0,0,0,0,0,,0,0.0,0,0,0,0,0,0,0,0,12,0,0,0,0,0,0,0.0,0,0,0,0,2,0,0,6.5,0,0,0,0,0,0,0,0,0.0,0.0,0,0,0,0,0,0,0.0,0,0,0,0.0,0,0,0,0,0,0.0,0,0,0,0,6.5,0,0,5,0,1,0,Henning Matriciani,FC Schalke 04,962577,2530
0,0,0.0,1,0,0.0,3,2,5,71.43,1,100.0,0,1,0,0,0,0,0,0,0,0,0,0,1,0,0,0,0,2,0,0,0.0,,0,0,0.0,0,0,0,0,0,0,0,0,,1,33.33,0,0,0,2,0,0,0,0,12,0,0,0,0,0,0,0.0,0,0,0,0,7,0,0,6.5,0,0,0,0,0,0,0,0,0.0,0.0,0,0,0,0,0,1,33.33,0,0,0,0.0,0,0,3,0,2,50.0,0,5,2,7,6.5,0,0,13,0,0,0,Hamza Anhari,Fortuna Düsseldorf,1213238,2588
0,0,0.0,0,0,0.0,1,0,1,50.0,0,0.0,1,1,0,0,0,0,1,0,0,0,0,2,1,0,0,0,1,3,0,0,0.0,,1,0,0.0,0,0,0,0,0,0,0,0,,0,0.0,0,0,0,1,0,0,0,0,12,0,0,0,0,0,0,0.0,0,0,0,0,5,0,0,6.5,0,0,0,0,0,0,0,0,0.0,0.0,0,0,0,0,0,0,0.0,0,0,0,0.0,0,0,0,1,0,0.0,1,2,0,2,6.5,0,0,10,0,0,0,Sanoussy Ba,Eintracht Braunschweig,1142701,2557
0,0,0.0,1,0,0.0,1,0,1,25.0,0,0.0,0,1,0,0,0,0,0,0,0,0,0,0,1,0,0,0,0,0,0,0,0.0,,0,0,0.0,0,0,0,0,0,0,0,0,,0,0.0,0,0,0,3,0,0,0,0,14,0,0,0,0,0,0,0.0,0,0,0,0,4,0,0,6.5,0,0,0,0,0,0,0,0,0.0,0.0,0,0,0,0,0,0,0.0,0,0,0,0.0,0,0,0,0,0,0.0,0,4,0,4,6.5,0,0,6,0,0,0,Ayman Emran Gulasi,FC Schalke 04,2267716,2530
0,0,0.0,0,0,0.0,0,0,0,0.0,1,100.0,0,1,0,0,0,0,0,0,0,0,0,1,1,0,0,0,0,0,0,0,,,0,0,0.0,0,0,0,1,1,0,0,0,,0,0.0,0,0,0,0,0,0,0,0,17,0,0,0,0,0,0,0.0,0,0,0,0,0,0,0,6.5,0,0,0,0,0,0,0,0,0.0,0.0,0,0,0,0,0,0,0.0,0,0,0,0.0,0,0,0,0,1,100.0,0,0,0,0,6.5,0,0,2,1,0,0,Frederik Jäkel,Eintracht Braunschweig,987479,2557
0,0,0.0,3,0,0.0,3,0,3,50.0,0,0.0,1,2,0,0,0,0,0,0,0,0,0,1,1,0,0,0,0,2,0,0,0.01,,1,0,0.0,0,0,0,0,0,0,0,0,,2,66.67,0,0,0,3,0,0,0,0,13,0,0,0,0,0,0,0.0,0,0,0,0,4,0,0,6.5,0,0,0,0,0,0,0,0,0.0,0.0,0,0,0,0,0,2,100.0,0,0,0,0.0,0,0,2,1,2,50.0,1,4,2,6,6.5,0,0,10,0,0,0,Robert Geller,Karlsruher SC,1465024,2553
1,1,20.0,4,1,100.0,6,4,10,83.33,0,0.0,0,2,0,0,0,0,2,0,0,0,0,1,2,0,0,0,0,0,0,0,0.05,,1,0,0.0,0,0,0,1,1,0,0,0,,1,100.0,0,0,0,2,0,0,0,0,27,0,0,0,0,0,0,0.0,0,0,0,0,7,0,0,6.5,0,0,0,0,0,0,0,0,0.0,0.0,0,0,0,0,0,0,0.0,0,1,1,100.0,0,1,0,5,1,100.0,1,8,4,12,13.0,0,0,23,0,0,0,Niklas Mohr,SC Paderborn 07,2076815,2561
7,3,27.27,35,6,85.71,53,40,93,83.04,2,16.67,10,17,0,0,0,0,9,1,1,3,0,5,15,0,0,8,1,30,0,0,0.54,0.68,7,0,0.0,0,0,0,13,11,2,0,0,,19,48.72,0,0,0,19,4,9,0,3,438,1,2,0,0,0,1,0.0,0,0,0,0,56,1,0,6.5,0,0,0,0,0,0,0,0,0.0,0.0,1,6,4,4,3,4,44.44,0,4,3,75.0,9,12,9,11,21,41.18,7,69,43,112,97.5,10,0,216,11,1,0,Jomaine Consbruch,SpVgg Greuther Fürth,980631,2551
5,1,100.0,13,7,70.0,30,55,85,88.54,9,90.0,1,2,0,0,0,0,9,0,1,0,0,12,2,0,0,3,3,10,0,1,0.08,0.27,3,0,0.0,4,0,0,7,7,0,0,0,,7,43.75,0,0,0,11,1,1,0,2,180,0,1,0,0,0,0,0.0,0,0,0,0,15,0,0,6.5,0,0,0,0,0,0,0,0,0.0,0.0,0,2,0,2,0,0,0.0,0,5,4,80.0,1,8,0,1,16,61.54,10,38,58,96,13.0,2,0,135,3,2,0,Jamil Siebert,Fortuna Düsseldorf,1014287,2588
2,0,0.0,7,1,50.0,11,6,17,62.96,2,40.0,3,4,0,0,0,0,6,0,0,1,0,1,4,0,0,2,2,9,0,0,0.12,0.16,1,0,0.0,0,0,0,2,1,1,0,0,,2,25.0,0,0,0,10,1,1,0,1,76,0,0,0,0,0,0,0.0,0,0,0,0,14,1,0,6.5,0,0,0,0,0,0,0,0,0.0,0.0,0,1,0,0,0,1,50.0,0,1,1,100.0,1,3,2,0,4,30.77,2,17,10,27,26.0,1,0,43,0,0,0,Owen Gibs,1. FC Kaiserslautern,2407934,2675
1,1,33.33,5,0,0.0,14,7,21,75.0,3,37.5,5,7,0,0,0,0,6,0,0,0,0,3,5,0,0,1,0,9,0,0,0.01,0.12,0,0,0.0,0,0,0,2,2,0,0,0,,5,55.56,0,0,0,7,0,0,0,1,122,1,0,0,0,0,0,0.0,0,0,0,0,22,0,0,6.5,0,0,0,0,0,0,0,0,0.0,0.0,0,1,1,2,0,1,25.0,0,2,1,50.0,0,3,4,3,8,47.06,3,19,9,28,32.5,2,0,60,2,0,0,Julian Hettwer,Fortuna Düsseldorf,1090054,2588
0,0,0.0,1,0,0.0,2,0,2,100.0,0,0.0,0,2,0,0,0,0,0,0,0,0,0,0,2,0,0,0,0,1,0,0,0.0,0.03,0,0,0.0,0,0,0,1,1,0,0,0,,1,50.0,0,0,0,0,0,0,0,0,26,0,0,0,0,0,0,0.0,0,0,0,0,3,0,0,6.5,0,0,0,0,0,0,0,0,0.0,0.0,0,0,1,0,1,1,50.0,0,0,0,0.0,0,0,2,0,1,50.0,0,2,0,2,13.0,1,0,7,0,0,0,Michael Obafemi,VfL Bochum 1848,921216,2542
0,0,0.0,3,0,0.0,8,3,11,73.33,1,50.0,1,3,0,0,0,0,4,0,0,1,0,2,3,0,0,1,0,6,0,0,0.01,0.03,2,0,0.0,0,0,0,0,0,0,0,0,,3,37.5,0,0,0,4,0,0,0,0,30,0,0,0,0,0,0,0.0,0,0,0,0,7,1,0,6.5,0,0,0,0,0,0,0,0,0.0,0.0,0,1,0,0,0,0,0.0,0,2,0,0.0,0,0,2,0,4,40.0,0,11,4,15,19.5,1,0,26,1,0,0,Keyan Varela,SpVgg Greuther Fürth,1971140,2551
0,0,0.0,2,0,0.0,2,0,2,66.67,0,0.0,0,1,0,0,0,0,0,0,0,0,0,0,1,0,0,0,0,0,0,0,0.0,0.02,0,0,0.0,0,0,0,0,0,0,0,0,,0,0.0,0,0,0,1,0,0,0,0,14,0,0,0,0,0,0,0.0,0,0,0,0,4,0,0,6.5,0,0,0,0,0,0,0,0,0.0,0.0,0,0,1,1,0,0,0.0,0,0,0,0.0,0,0,0,1,0,0.0,0,3,0,3,6.5,1,0,7,0,0,0,Ben Jungfleisch,1. FC Kaiserslautern,2579519,2675
8,0,0.0,20,16,40.0,72,358,430,89.21,23,47.92,25,16,0,0,0,0,24,0,0,1,2,63,15,0,1,1,6,37,0,3,0.12,0.45,6,0,0.0,42,0,0,21,19,2,0,0,,27,69.23,0,0,0,52,5,3,0,10,927,0,8,0,0,0,1,0.0,0,0,0,0,58,0,0,6.49,1,0,0,0,0,0,0,0,0.0,0.0,0,5,0,4,0,1,100.0,0,18,8,44.44,3,25,1,0,50,57.47,40,106,376,482,97.4,5,0,627,8,2,0,Niko Koulis,Preußen Münster,941115,2590
2,0,0.0,26,3,75.0,36,13,49,73.13,7,53.85,6,16,0,0,0,0,6,0,1,4,0,0,16,0,0,9,0,21,0,0,0.33,0.69,4,0,0.0,0,0,0,5,4,1,0,0,,8,34.78,0,0,0,18,0,5,0,3,418,4,0,0,0,0,0,0.0,0,0,0,0,40,0,0,6.49,0,0,0,0,0,0,0,0,0.0,0.0,0,6,4,4,2,4,57.14,0,2,1,50.0,5,5,7,0,15,41.67,4,49,18,67,103.8,10,0,117,2,0,0,Žan Celar,Fortuna Düsseldorf,840740,2588
2,1,25.0,39,3,50.0,59,33,92,58.23,28,48.28,30,23,0,0,0,0,11,2,1,1,0,9,21,0,0,6,4,59,0,0,0.59,0.61,16,0,0.0,0,0,0,3,3,0,0,0,,17,36.96,0,0,0,66,1,5,0,2,437,2,0,0,0,0,0,0.0,0,0,0,0,108,2,0,6.49,0,0,0,0,0,0,0,0,0.0,0.0,0,4,3,5,1,7,70.0,0,7,4,57.14,5,6,10,4,45,43.27,6,112,46,158,136.2,7,0,267,3,2,0,Janik Bachmann,FC Schalke 04,579254,2530
2,0,0.0,17,1,50.0,26,21,47,73.44,7,50.0,7,8,0,0,0,0,10,1,0,5,0,1,7,0,0,5,0,28,0,0,0.35,0.25,10,0,0.0,0,0,0,7,7,0,0,0,,11,34.38,0,0,0,17,0,3,0,1,197,0,0,0,0,0,0,0.0,0,0,0,0,42,4,0,6.49,0,0,0,0,0,0,0,0,0.0,0.0,0,5,2,2,0,2,20.0,0,6,0,0.0,3,2,10,4,18,39.13,2,37,27,64,45.4,7,0,126,3,2,0,Jordi Paulina,Fortuna Düsseldorf,1548802,2588
3,0,0.0,46,1,33.33,78,26,104,64.2,18,56.25,14,19,1,0,0,0,35,1,6,2,0,4,17,0,0,12,4,53,0,0,0.45,3.2,18,0,6.67,0,1,2,9,9,0,1,0,,18,31.58,1,0,0,58,1,9,0,8,721,3,2,0,0,0,0,0.0,0,0,0,0,113,11,0,6.48,0,0,0,0,0,0,0,0,721.0,0.0,0,14,1,6,7,5,50.0,0,6,1,16.67,9,7,10,7,36,40.45,3,128,34,162,110.1,15,0,291,9,2,0,Christian Gomis,FC Schalke 04,1113440,2530
1,1,25.0,13,0,0.0,16,6,22,68.75,2,66.67,1,11,0,0,0,0,7,1,0,0,0,1,11,0,0,2,0,15,0,0,0.15,,5,0,0.0,0,0,0,3,3,0,0,0,,9,39.13,0,0,0,10,2,2,0,1,220,1,0,0,0,0,0,0.0,0,0,0,0,30,2,0,6.47,0,0,0,0,0,0,0,0,0.0,0.0,0,0,0,0,0,4,36.36,0,4,1,25.0,2,1,11,4,11,42.31,1,24,8,32,71.2,0,0,71,1,0,0,Noah Le Bret Maboulou,1. FC Nürnberg,1891060,2523
1,0,0.0,27,1,25.0,44,18,62,68.89,0,0.0,11,11,0,0,0,0,16,0,0,1,0,7,11,0,0,6,3,32,1,0,0.26,0.22,5,0,0.0,0,0,0,7,7,0,0,0,,14,40.0,0,0,0,28,1,5,0,3,337,0,2,0,0,0,0,0.0,0,0,0,0,61,4,0,6.47,0,0,0,0,0,0,0,0,0.0,0.0,0,2,2,3,0,3,30.0,0,6,3,50.0,5,6,10,3,14,30.43,4,64,26,90,71.2,4,0,171,5,1,0,Grant-Leon Ranos,Eintracht Braunschweig,1130950,2557
1,0,0.0,12,1,50.0,22,16,38,55.07,7,30.43,16,12,0,0,0,0,10,0,2,0,0,2,12,0,0,7,2,36,0,0,0.14,1.4,5,0,25.0,0,1,1,5,4,1,1,0,,16,44.44,0,0,1,31,1,1,0,1,352,3,0,0,0,1,0,100.0,0,1,0,0,63,2,0,6.47,0,1,0,0,0,0,0,0,352.0,0.0,0,3,1,2,2,5,45.45,0,6,3,50.0,1,1,11,1,23,38.98,2,46,23,69,77.6,4,0,140,5,1,0,Julian Kania,Arminia Bielefeld,1514419,2540
9,3,17.65,99,16,48.48,149,102,251,77.47,13,48.15,14,19,0,0,0,0,39,0,2,2,1,29,18,0,0,3,16,65,0,0,0.39,0.63,21,0,0.0,0,0,0,24,23,1,0,0,,59,53.64,0,0,0,73,3,4,0,10,992,0,2,0,0,0,0,0.0,0,0,0,0,126,3,0,6.47,0,0,0,0,0,0,0,0,0.0,0.0,0,4,3,4,1,12,50.0,0,32,18,56.25,4,25,24,17,72,52.55,33,206,118,324,116.4,7,0,575,15,4,0,Moritz Heyer,Fortuna Düsseldorf,231820,2588
0,0,0.0,6,0,0.0,6,7,13,61.9,4,28.57,10,4,0,0,0,0,1,0,0,1,0,2,3,0,0,2,0,15,0,0,0.04,0.06,4,0,0.0,0,0,0,2,2,0,0,0,,1,16.67,0,0,0,8,0,1,0,1,104,0,1,0,0,0,0,0.0,0,0,0,0,13,0,0,6.47,0,0,0,0,0,0,0,0,0.0,0.0,0,1,1,1,0,0,0.0,0,0,0,0.0,1,1,0,0,5,25.0,0,13,8,21,19.4,2,0,38,1,1,0,Emil Højlund,FC Schalke 04,1149078,2530
1,0,0.0,4,0,0.0,10,7,17,80.95,1,33.33,2,4,0,0,0,0,3,0,0,0,0,2,3,0,0,2,1,10,0,0,0.08,0.04,3,0,0.0,0,0,0,2,1,1,0,0,,5,38.46,0,0,0,4,0,2,0,1,85,0,0,0,0,0,0,0.0,0,0,0,0,13,0,0,6.47,0,0,0,0,0,0,0,0,0.0,0.0,0,1,0,0,1,1,33.33,0,3,0,0.0,2,1,3,0,6,37.5,0,13,8,21,19.4,1,0,43,1,1,0,Marco Wörner,SC Paderborn 07,1482770,2561
4,1,33.33,36,1,25.0,61,29,90,53.89,55,50.46,54,29,2,0,0,0,21,0,4,9,0,24,28,0,0,32,7,115,0,0,1.19,2.8,19,0,4.17,0,1,3,18,16,2,1,0,,21,25.61,1,0,0,77,2,8,0,11,1077,4,1,0,1,0,0,0.0,0,0,0,0,184,6,0,6.46,0,0,0,0,0,0,0,0,1077.0,0.0,0,24,0,6,9,7,43.75,0,6,4,66.67,7,10,16,3,76,39.79,4,127,40,167,180.9,24,0,394,8,0,0,Adriano Grimaldi,1. FC Nürnberg,48445,2523
0,0,0.0,1,0,0.0,1,4,5,62.5,0,0.0,0,4,0,0,0,0,1,0,0,0,0,0,2,0,0,0,0,1,0,0,0.0,,0,0,0.0,0,0,0,2,2,0,0,0,,1,50.0,0,0,0,3,0,0,0,0,27,0,0,0,0,0,0,0.0,0,0,0,0,4,0,0,6.45,0,0,0,0,0,0,0,0,0.0,0.0,0,0,0,0,0,0,0.0,0,1,0,0.0,0,1,1,0,1,50.0,1,3,5,8,12.9,0,0,12,0,0,0,Mateo Kritzer,Karlsruher SC,1818220,2553
0,0,0.0,4,0,0.0,10,2,12,92.31,0,0.0,1,3,0,0,0,0,3,0,0,0,0,0,2,0,0,2,1,9,0,0,0.04,0.12,2,0,0.0,0,0,0,1,1,0,0,0,,6,42.86,0,0,0,1,0,0,0,0,28,0,0,0,0,0,0,0.0,0,0,0,0,11,0,0,6.45,0,0,0,0,0,0,0,0,0.0,0.0,0,1,2,3,0,3,50.0,0,2,2,100.0,0,1,6,0,6,40.0,1,11,2,13,12.9,3,0,35,1,1,0,Kilian Sauck,Fortuna Düsseldorf,1568515,2588
3,14,25.45,99,6,17.14,187,112,299,67.8,15,41.67,21,24,1,0,0,0,70,4,2,7,2,20,24,0,0,21,13,99,1,0,2.33,1.13,23,0,0.0,0,0,1,27,23,4,0,0,,62,44.29,0,0,1,142,14,20,0,16,1500,4,1,0,1,0,1,0.0,0,0,0,0,295,9,0,6.45,0,0,0,0,0,0,0,0,0.0,0.0,0,11,8,9,3,16,43.24,0,27,17,62.96,19,13,37,55,77,43.75,35,293,148,441,154.7,19,0,887,20,4,0,Leon Bell Bell,Eintracht Braunschweig,807418,2557
0,1,20.0,8,0,0.0,11,0,11,47.83,3,30.0,7,7,1,0,0,0,5,1,1,0,0,0,7,0,0,4,3,18,0,0,0.33,0.16,2,0,0.0,0,0,1,2,2,0,0,0,,3,21.43,0,0,0,12,0,2,0,1,127,2,0,0,0,0,0,0.0,0,0,0,0,28,2,0,6.44,0,0,0,0,0,0,0,0,0.0,0.0,0,1,0,1,0,0,0.0,0,3,3,100.0,2,0,2,5,6,25.0,1,20,3,23,45.1,1,0,52,0,1,0,Eymen Laghrissi,Karlsruher SC,1861973,2553
2,4,18.18,51,2,50.0,68,14,82,67.77,10,32.26,21,22,1,0,0,0,21,0,3,4,0,3,20,0,0,12,5,68,0,0,0.55,3.6,7,0,8.7,0,2,3,14,12,2,2,0,,16,25.4,0,0,0,39,3,6,0,4,626,0,0,0,0,1,0,100.0,0,1,0,0,127,5,0,6.44,0,2,0,0,0,0,0,0,313.0,0.0,1,17,6,7,12,2,8.0,0,3,2,66.67,6,4,25,22,26,27.66,4,101,20,121,128.8,23,0,275,11,2,0,Richmond Tachie,1. FC Magdeburg,941562,2591
1,3,21.43,10,3,27.27,26,36,62,70.45,2,40.0,3,6,1,0,0,0,10,2,0,1,0,9,5,0,0,4,7,21,0,1,0.38,0.17,5,0,0.0,0,0,1,5,5,0,0,0,,15,45.45,0,0,0,26,2,2,0,4,304,0,1,0,0,0,1,0.0,0,0,0,0,60,0,0,6.44,0,0,0,0,0,0,0,0,0.0,0.0,0,2,3,4,0,5,71.43,0,9,7,77.78,2,3,7,14,17,44.74,11,43,45,88,32.2,5,0,201,1,0,0,Justin von der Hitz,1. FC Nürnberg,1470015,2523
5,2,16.67,36,8,50.0,55,21,76,61.79,3,25.0,9,10,0,0,0,0,21,0,3,2,1,2,10,0,0,8,5,33,0,1,0.18,1.58,8,0,0.0,0,0,0,5,5,0,0,0,,27,52.94,0,0,0,47,4,6,0,5,446,0,0,0,0,0,0,0.0,0,0,0,0,87,2,0,6.44,0,0,0,0,0,0,0,0,0.0,0.0,0,10,0,3,5,4,50.0,0,14,8,57.14,6,7,8,12,30,47.62,16,94,29,123,64.4,10,0,222,9,1,0,Jón Dagur Þórsteinsson,Hertha BSC,862449,2528
3,1,33.33,33,1,25.0,68,39,107,67.3,31,31.0,69,22,0,0,0,0,21,0,7,6,0,5,21,0,0,17,3,110,0,0,0.69,2.85,13,0,6.45,0,2,2,14,12,2,2,0,,26,38.81,2,0,0,52,0,8,0,8,785,2,3,0,1,0,0,0.0,0,0,0,0,110,0,0,6.42,0,0,0,0,0,0,0,0,392.5,0.0,0,28,3,16,9,9,50.0,0,5,1,20.0,7,7,18,3,57,34.13,4,110,49,159,134.9,31,0,308,12,3,0,Semir Telalović,Arminia Bielefeld,1129765,2540
15,3,9.09,127,11,24.44,199,154,353,75.43,16,44.44,20,31,0,0,0,0,60,1,6,8,4,32,29,0,0,10,5,54,0,0,0.96,3.0,16,0,0.0,0,0,0,28,22,6,0,0,,33,49.25,0,0,0,115,10,13,0,14,1486,7,7,0,0,0,1,0.0,0,0,0,0,200,4,0,6.42,0,0,0,0,0,0,0,0,0.0,0.0,0,23,9,14,10,3,37.5,0,20,15,75.0,13,32,8,33,49,47.57,45,281,187,468,186.2,32,0,805,10,5,0,Philipp Hercher,1. FC Magdeburg,795721,2591
2,1,9.09,22,1,8.33,36,9,45,47.87,10,37.04,17,13,1,0,0,0,14,1,1,3,1,9,11,0,0,3,10,46,0,0,0.23,0.81,15,0,0.0,0,0,1,6,6,0,0,0,,17,36.96,0,0,1,49,6,3,0,7,516,1,1,0,0,0,0,0.0,0,0,0,0,90,1,0,6.42,0,0,0,0,0,0,0,0,0.0,0.0,0,4,2,3,0,6,60.0,0,11,3,27.27,3,8,10,11,27,36.99,12,74,20,94,70.6,6,0,209,1,1,0,Mika Wallentowitz,FC Schalke 04,1995784,2530
2,0,0.0,13,1,100.0,20,10,30,57.69,9,36.0,16,14,0,0,0,0,8,1,0,0,0,1,9,0,0,6,2,35,0,0,0.49,0.25,9,0,0.0,0,0,0,3,2,1,0,0,,4,17.39,0,0,1,22,0,3,0,1,179,0,0,0,0,0,0,0.0,0,0,0,0,41,4,0,6.41,0,0,0,0,0,0,0,0,0.0,0.0,0,3,2,3,2,2,50.0,0,1,1,100.0,3,2,4,0,13,27.08,1,39,13,52,57.7,5,0,91,1,1,0,Bartosz Białek,Darmstadt 98,1005211,2576
1,1,20.0,19,2,100.0,25,18,43,65.15,10,28.57,25,23,1,0,0,0,9,0,5,3,0,7,19,0,0,11,2,61,0,0,0.07,3.06,17,0,5.26,0,1,2,7,7,0,1,0,,22,37.93,0,0,1,23,1,3,0,5,512,1,1,0,0,0,0,0.0,0,0,0,0,62,2,0,6.41,1,1,0,0,0,0,0,0,512.0,0.0,0,17,2,11,5,3,27.27,0,7,4,57.14,3,2,11,5,32,34.41,2,45,21,66,121.7,19,0,181,12,3,1,Marcus Müller,Holstein Kiel,1085199,2573
0,0,0.0,3,0,0.0,3,3,6,100.0,0,0.0,0,1,0,0,0,0,2,0,0,0,0,0,1,0,0,2,0,2,0,0,0.0,,0,0,0.0,0,0,0,2,2,0,0,0,,3,60.0,0,0,0,0,1,0,0,0,14,0,0,0,0,0,0,0.0,0,0,0,0,3,0,0,6.4,0,0,0,0,0,0,0,0,0.0,0.0,0,0,0,0,0,2,100.0,0,0,0,0.0,0,0,2,0,3,60.0,0,3,3,6,6.4,0,0,14,1,0,0,Soufian Gouram,Hertha BSC,1425329,2528
0,0,0.0,0,0,0.0,1,0,1,100.0,0,0.0,1,1,0,0,0,0,0,0,0,0,0,0,1,0,0,0,0,2,0,0,0.0,,1,0,0.0,0,0,0,0,0,0,0,0,,0,0.0,0,0,0,0,0,0,0,0,12,0,0,0,0,0,0,0.0,0,0,0,0,0,0,0,6.4,0,0,0,0,0,0,0,0,0.0,0.0,0,0,0,0,0,0,0.0,0,0,0,0.0,0,0,0,0,0,0.0,0,1,0,1,6.4,0,0,2,0,0,0,Ali Eren Ersungur,Karlsruher SC,1195634,2553
0,0,0.0,1,0,0.0,2,2,4,80.0,0,0.0,0,1,0,0,0,0,1,0,0,0,0,0,1,0,0,0,0,1,0,0,0.0,,0,0,0.0,0,0,0,0,0,0,0,0,,0,0.0,0,0,0,1,0,0,0,0,8,0,0,0,0,0,0,0.0,0,0,0,0,3,0,0,6.4,0,0,0,0,0,0,0,0,0.0,0.0,0,0,0,0,0,0,0.0,0,0,0,0.0,0,0,1,0,0,0.0,0,2,3,5,6.4,0,0,9,0,0,0,Daniel Richter,Arminia Bielefeld,1995790,2540
0,0,0.0,1,0,0.0,1,1,2,100.0,0,0.0,0,1,0,0,0,0,1,0,0,0,0,0,1,0,0,1,0,3,0,0,0.0,,0,0,0.0,0,0,0,1,1,0,0,0,,2,40.0,0,0,0,0,0,0,0,0,13,0,0,0,0,0,0,0.0,0,0,0,0,5,1,0,6.4,0,0,0,0,0,0,0,0,0.0,0.0,0,0,0,0,0,0,0.0,0,2,2,100.0,0,0,2,0,2,40.0,0,1,1,2,6.4,0,0,10,0,0,0,Marvin Benjamins,Preußen Münster,1469741,2590
0,0,0.0,0,0,0.0,1,0,1,25.0,1,100.0,0,2,0,0,0,0,0,0,0,0,0,1,1,0,0,0,1,1,0,0,0.0,,0,0,0.0,0,0,0,1,1,0,0,0,,0,0.0,0,0,0,3,1,0,0,0,14,0,0,0,0,0,0,0.0,0,0,0,0,4,0,0,6.4,0,0,0,0,0,0,0,0,0.0,0.0,0,0,0,0,0,0,0.0,0,0,0,0.0,0,0,0,0,1,50.0,0,4,0,4,6.4,0,0,8,0,0,0,Lukas Kunze,Arminia Bielefeld,892527,2540
0,0,0.0,1,0,0.0,2,3,5,71.43,0,0.0,1,3,0,0,0,0,1,0,0,0,0,0,1,0,0,0,1,3,0,0,0.0,,0,0,0.0,0,0,0,1,1,0,0,0,,0,0.0,0,0,0,2,0,0,0,0,13,0,0,0,0,0,0,0.0,0,0,0,0,3,0,0,6.4,0,0,0,0,0,0,0,0,0.0,0.0,0,0,0,0,0,0,0.0,0,0,0,0.0,0,0,1,0,0,0.0,0,4,3,7,6.4,0,0,8,0,0,0,David Kinsombi,SC Paderborn 07,254207,2561
1,0,0.0,5,2,50.0,10,1,11,64.71,0,0.0,2,5,0,0,0,0,3,0,0,1,0,1,2,0,0,1,0,5,0,0,0.01,0.37,2,0,0.0,0,0,0,2,2,0,0,0,,3,50.0,0,0,0,6,0,2,0,1,64,0,1,0,0,0,0,0.0,0,0,0,0,9,0,0,6.4,0,0,0,0,0,0,0,0,0.0,0.0,0,1,4,4,0,1,100.0,0,1,1,100.0,2,2,1,0,3,37.5,4,16,1,17,12.8,5,0,37,1,0,0,Lars Raebiger,Eintracht Braunschweig,1121455,2557
1,0,0.0,7,0,0.0,8,3,11,55.0,1,33.33,2,4,0,0,0,0,0,0,0,0,0,1,4,0,0,0,1,5,0,1,0.02,0.23,2,0,0.0,0,0,0,1,1,0,0,0,,1,25.0,0,0,0,9,0,0,0,0,65,0,0,0,0,0,0,0.0,0,0,0,0,9,0,0,6.4,0,0,0,0,0,0,0,0,0.0,0.0,0,1,0,1,0,0,0.0,0,0,0,0.0,0,1,0,0,2,28.57,0,15,5,20,25.6,1,0,24,1,0,0,Robert Ramsak,Eintracht Braunschweig,1418659,2557
0,0,0.0,1,0,0.0,1,0,1,50.0,0,0.0,0,1,0,0,0,0,1,0,0,0,0,0,1,0,0,1,1,4,0,0,0.0,0.07,1,0,0.0,0,0,0,0,0,0,0,0,,0,0.0,0,0,0,1,0,1,0,0,16,0,0,0,0,0,0,0.0,0,0,0,0,3,0,0,6.4,0,0,0,0,0,0,0,0,0.0,0.0,0,1,0,0,1,0,0.0,0,0,0,0.0,1,1,1,0,0,0.0,0,2,0,2,6.4,1,0,7,0,0,0,Mikail Demirhan,Preußen Münster,2589249,2590
1,1,33.33,25,1,16.67,46,40,86,73.5,12,38.71,19,13,1,0,0,0,20,0,4,4,0,9,13,0,0,8,1,56,0,0,0.28,1.25,15,0,0.0,0,0,1,7,7,0,0,0,,19,33.93,0,0,0,31,3,5,0,7,679,4,6,0,0,0,0,0.0,0,0,0,0,82,1,0,6.38,0,0,0,0,0,0,0,0,0.0,0.0,0,13,2,7,4,8,36.36,0,10,5,50.0,5,3,22,3,31,35.63,6,66,51,117,83.0,15,0,244,1,0,0,Artem Stepanov,1. FC Nürnberg,1489193,2523
0,0,0.0,14,2,66.67,16,7,23,65.71,10,41.67,14,6,0,0,0,0,6,0,2,1,0,1,6,0,0,1,0,18,0,0,0.05,1.81,4,0,12.5,0,1,1,5,5,0,1,0,,2,33.33,0,0,0,12,0,4,0,0,131,4,0,0,0,1,0,100.0,0,1,0,0,22,2,0,6.37,0,1,0,0,0,0,0,0,131.0,0.0,0,7,1,6,1,0,0.0,0,0,0,0.0,4,0,1,0,12,40.0,3,27,8,35,38.2,8,0,63,2,1,0,Ibrahim Sissoko,VfL Bochum 1848,914738,2542
8,5,17.86,86,10,41.67,186,300,486,85.56,5,26.32,14,16,2,0,0,0,37,3,0,2,0,30,15,0,0,3,8,42,0,2,0.78,0.44,7,0,0.0,0,0,2,18,16,2,0,0,,28,50.0,0,0,1,82,16,16,0,10,920,0,1,0,0,0,0,0.0,0,0,0,1,135,5,0,6.37,0,0,0,0,0,0,0,0,0.0,0.0,1,5,2,4,1,6,37.5,0,18,16,88.89,16,20,16,28,33,44.0,24,232,336,568,95.5,7,0,807,4,4,0,Luca Bolay,Preußen Münster,1049178,2590
26,3,13.04,106,33,37.08,228,387,615,80.71,14,33.33,28,19,1,0,0,0,79,2,1,1,1,46,19,0,0,7,18,78,0,5,1.21,0.16,15,0,0.0,17,0,1,42,33,9,0,0,,61,54.95,0,0,0,147,32,9,0,15,1441,0,5,0,0,0,0,0.0,0,0,0,0,222,8,0,6.36,0,0,0,0,0,0,0,0,0.0,0.0,0,3,2,4,0,10,47.62,0,35,25,71.43,9,52,21,23,75,49.02,89,329,433,762,120.9,5,0,1135,16,1,0,Luca Itter,SpVgg Greuther Fürth,836939,2551
0,0,0.0,2,0,0.0,6,2,8,50.0,5,23.81,16,7,0,0,0,0,4,0,0,1,0,4,5,0,0,0,0,21,0,0,0.02,0.13,6,0,0.0,0,0,0,2,2,0,0,0,,3,37.5,0,0,0,8,0,1,0,0,58,1,0,0,0,0,0,0.0,0,0,0,0,15,2,0,6.36,0,0,0,0,0,0,0,0,0.0,0.0,0,2,0,1,0,1,50.0,0,1,1,100.0,1,0,2,2,8,27.59,0,14,2,16,31.8,2,0,39,1,0,0,Vincent Ocansey,Arminia Bielefeld,1517174,2540
2,0,0.0,2,11,16.42,8,21,29,34.12,3,100.0,0,2,0,0,0,0,38,0,0,0,0,5,2,0,0,0,0,0,1,0,0.01,,0,0,0.0,12,0,0,3,2,1,0,0,-0.61,0,0.0,0,9,0,56,0,0,0,2,180,0,0,0,0,0,0,0.0,0,0,0,0,56,0,5,6.35,0,0,0,3,1,4,0,1,0.0,0.0,0,0,0,0,0,0,0.0,0,0,0,0.0,0,6,0,0,3,100.0,67,57,28,85,12.7,0,0,116,0,0,0,Elhan Kastrati,Eintracht Braunschweig,284391,2557
0,1,33.33,2,0,0.0,3,1,4,100.0,0,0.0,2,3,0,0,0,0,1,1,0,0,0,0,2,0,0,0,0,5,0,0,0.4,0.05,1,0,0.0,0,0,0,1,1,0,0,0,,0,0.0,0,0,0,0,0,1,0,0,26,0,0,0,0,0,0,0.0,0,0,0,0,5,0,0,6.35,0,0,0,0,0,0,0,0,0.0,0.0,0,0,1,1,0,0,0.0,0,0,0,0.0,1,0,2,3,0,0.0,0,3,1,4,12.7,1,0,14,0,0,0,Kandet Diawara,1. FC Magdeburg,1003316,2591
3,5,45.45,52,5,31.25,109,88,197,84.91,8,66.67,4,10,0,0,0,0,16,3,1,2,0,16,10,0,0,3,5,21,0,1,0.52,0.42,7,0,0.0,0,0,0,13,10,3,0,0,,14,45.16,0,0,0,35,5,7,0,4,479,1,1,0,0,0,0,0.0,0,0,0,0,60,0,0,6.34,0,0,0,0,0,0,0,0,0.0,0.0,0,3,0,0,1,2,50.0,0,8,3,37.5,7,8,4,11,22,51.16,16,126,106,232,63.4,3,0,351,4,1,0,Raoul Petretta,Darmstadt 98,788275,2576
0,1,100.0,5,0,0.0,9,5,14,60.87,1,25.0,3,3,0,0,0,0,3,0,0,0,0,2,3,0,0,0,1,8,0,0,0.06,,1,0,0.0,0,0,0,4,3,1,0,0,,1,16.67,0,0,0,9,0,1,0,0,80,0,0,0,0,0,0,0.0,0,0,0,0,20,0,0,6.33,0,0,0,0,0,0,0,0,0.0,0.0,0,0,0,0,0,0,0.0,0,1,1,100.0,1,1,4,1,2,20.0,0,18,5,23,19.0,0,0,41,0,0,0,Anas Bakhat,Eintracht Braunschweig,987435,2557
1,1,50.0,11,1,100.0,21,3,24,80.0,4,57.14,3,5,0,0,0,0,4,0,0,1,0,0,5,0,0,4,0,17,0,0,0.06,0.22,5,0,0.0,0,0,0,3,3,0,0,0,,9,39.13,0,0,0,6,1,0,0,0,150,0,0,0,0,0,1,0.0,0,0,0,0,23,1,0,6.32,0,0,0,0,0,0,0,0,0.0,0.0,0,2,1,2,0,4,44.44,0,1,1,100.0,0,1,9,2,13,43.33,1,26,4,30,31.6,3,0,65,4,2,0,Aldin Jakupovic,Holstein Kiel,1432391,2573
0,1,33.33,4,0,0.0,21,14,35,81.4,3,33.33,6,6,0,0,0,0,2,0,1,0,0,2,6,0,0,2,0,15,0,0,0.06,0.5,5,0,0.0,0,0,0,2,2,0,0,0,,5,35.71,0,0,0,8,1,1,0,2,162,0,0,0,0,0,1,0.0,0,0,0,0,22,0,0,6.32,0,0,0,0,0,0,0,0,0.0,0.0,0,2,2,0,4,1,33.33,0,2,1,50.0,1,0,3,3,8,34.78,0,25,18,43,37.9,4,0,76,2,0,0,Malik Batmaz,Preußen Münster,946837,2590
4,2,66.67,8,4,23.53,26,83,109,71.24,17,65.38,9,7,0,0,0,0,13,0,0,0,0,28,7,0,0,5,3,30,0,2,0.07,0.06,13,0,0.0,10,0,0,10,9,1,0,0,,18,46.15,0,0,0,44,1,1,0,5,363,1,2,0,0,0,0,0.0,0,0,0,0,57,0,0,6.31,0,0,0,0,0,0,0,0,0.0,0.0,0,2,0,2,0,4,80.0,0,9,6,66.67,1,18,5,3,35,53.85,17,51,102,153,44.2,2,0,239,6,1,0,Atanas Chernev,1. FC Kaiserslautern,1031642,2675
4,0,0.0,29,4,66.67,52,46,98,75.38,11,35.48,20,10,0,0,0,0,18,1,2,2,0,4,10,0,0,8,4,54,0,0,0.25,1.38,12,0,0.0,0,0,0,14,13,1,0,0,,18,34.62,0,0,0,32,3,5,0,6,631,5,0,0,0,0,0,0.0,0,0,0,0,76,5,0,6.31,0,0,0,0,0,0,0,0,0.0,0.0,0,7,1,5,1,10,50.0,0,5,2,40.0,5,6,20,3,29,34.94,6,80,50,130,63.1,8,0,233,4,0,0,Marin Ljubičić,Fortuna Düsseldorf,1090010,2588
1,1,50.0,72,0,0.0,148,64,212,63.86,107,44.03,136,31,1,0,0,0,31,4,6,7,2,40,29,0,1,43,4,248,0,0,0.91,4.86,56,0,13.89,0,5,6,29,28,1,5,0,,48,30.0,1,0,1,120,1,15,1,23,1920,12,4,0,0,0,0,0.0,0,0,0,0,267,15,0,6.3,1,3,0,0,0,0,0,0,384.0,0.0,0,34,2,16,13,11,39.29,0,9,6,66.67,15,4,28,2,155,38.46,4,244,88,332,182.8,36,0,690,29,4,0,Erencan Yardımcı,Eintracht Braunschweig,989168,2557
0,0,0.0,0,0,0.0,0,0,0,0.0,0,0.0,0,1,0,0,0,0,0,0,0,0,0,0,1,0,0,0,0,2,0,0,,,1,0,0.0,0,0,0,0,0,0,0,0,,2,50.0,0,0,0,1,0,0,0,0,10,0,0,0,0,0,1,0.0,0,0,0,0,2,0,0,6.3,0,0,0,0,0,0,0,0,0.0,0.0,0,0,0,0,0,0,0.0,0,2,1,50.0,0,0,1,0,2,50.0,0,1,0,1,6.3,0,0,4,0,0,0,Ken Izekor,Eintracht Braunschweig,1632596,2557
0,0,0.0,1,1,50.0,1,0,1,50.0,0,0.0,1,2,0,0,0,0,0,0,0,0,0,0,1,0,0,1,0,2,0,0,0.0,,0,0,0.0,0,0,0,1,1,0,0,0,,0,0.0,0,0,0,1,0,0,0,0,13,1,0,0,0,0,0,0.0,0,0,0,0,5,0,0,6.3,0,0,0,0,0,0,0,0,0.0,0.0,0,0,0,0,0,0,0.0,0,0,0,0.0,0,0,0,2,0,0.0,2,2,0,2,6.3,0,0,6,0,0,0,Anton Donkor,FC Schalke 04,817975,2530
0,0,0.0,3,0,0.0,5,1,6,75.0,1,50.0,1,2,0,0,0,0,1,0,0,0,0,0,1,0,0,0,1,2,0,0,0.01,,0,0,0.0,0,0,0,2,2,0,0,0,,0,0.0,0,0,0,2,0,0,0,0,14,0,0,0,0,0,0,0.0,0,0,0,0,3,0,0,6.3,0,0,0,0,0,0,0,0,0.0,0.0,0,0,0,0,0,0,0.0,0,0,0,0.0,0,0,0,0,1,33.33,0,6,2,8,6.3,0,0,10,0,0,0,Marvin Schulz,Preußen Münster,2331632,2590
0,1,100.0,1,0,0.0,5,25,30,66.67,2,50.0,2,5,0,0,0,0,3,0,0,0,0,2,4,0,0,0,2,6,0,0,0.12,0.13,1,0,0.0,0,0,0,3,2,1,0,0,,0,0.0,0,0,0,15,1,1,0,1,130,0,0,0,0,0,0,0.0,0,0,0,0,19,0,0,6.28,0,0,0,0,0,0,0,0,0.0,0.0,0,2,0,1,1,0,0.0,0,0,0,0.0,1,5,1,1,2,25.0,6,15,30,45,25.1,2,0,66,0,0,0,Eric Porstner,1. FC Nürnberg,2078829,2523
12,0,0.0,8,55,32.16,26,207,233,66.19,6,85.71,1,9,0,0,0,0,58,0,0,0,1,16,9,0,0,0,0,1,1,1,0.01,,0,0,0.0,79,0,0,22,16,6,0,0,-6.55,2,100.0,0,1,0,119,0,0,0,9,810,0,0,0,0,0,0,0.0,0,0,0,0,122,0,9,6.27,0,0,4,16,10,27,1,3,0.0,0.0,0,0,0,0,0,1,100.0,3,0,0,0.0,0,16,1,0,8,88.89,171,115,237,352,56.4,0,0,438,2,1,0,Timo Schlieck,SpVgg Greuther Fürth,2185564,2551
1,1,50.0,3,1,50.0,7,5,12,54.55,0,0.0,2,2,0,0,0,0,3,0,1,0,0,3,2,0,0,2,0,7,0,1,0.18,0.39,3,0,0.0,0,0,0,2,2,0,0,0,,2,28.57,0,0,0,10,1,1,0,1,74,0,0,0,0,0,0,0.0,0,0,0,0,17,1,0,6.25,0,0,0,0,0,0,0,0,0.0,0.0,0,1,0,1,0,0,0.0,0,2,2,100.0,1,2,0,2,2,22.22,2,14,8,22,12.5,1,0,48,0,1,0,Janne Berner,Hertha BSC,1921682,2528
0,0,0.0,13,2,50.0,19,9,28,59.57,3,21.43,11,9,0,0,0,0,4,0,0,2,0,1,8,0,0,7,0,28,0,0,0.06,0.76,5,0,0.0,0,0,0,5,5,0,0,0,,0,0.0,0,0,0,19,0,2,0,2,245,4,1,0,0,0,0,0.0,0,0,0,0,47,1,0,6.23,0,0,0,0,0,0,0,0,0.0,0.0,0,8,2,6,2,0,0.0,0,0,0,0.0,2,1,6,2,3,9.68,4,36,11,47,49.8,10,0,97,0,0,0,Mathis Clairicia,VfL Bochum 1848,1168617,2542
0,0,0.0,16,0,0.0,27,12,39,69.64,1,33.33,2,4,0,0,0,0,6,0,0,1,0,0,4,0,0,3,0,7,0,0,0.05,0.02,1,0,0.0,0,0,0,5,5,0,0,0,,3,37.5,0,0,0,17,1,1,0,1,128,2,0,0,0,0,0,0.0,0,0,0,0,29,1,0,6.23,0,0,0,0,0,0,0,0,0.0,0.0,0,0,1,0,0,0,0.0,0,1,0,0.0,1,1,1,0,4,36.36,2,40,16,56,24.9,1,0,77,2,0,0,Ado Onaiwu,1. FC Magdeburg,489180,2591
0,0,0.0,10,0,0.0,17,19,36,75.0,1,25.0,3,5,1,0,0,0,6,0,0,1,0,4,3,0,0,3,3,14,0,1,0.03,0.07,2,0,0.0,0,0,1,7,7,0,0,0,,16,59.26,0,0,0,12,1,1,0,2,189,0,0,0,0,0,0,0.0,0,0,0,0,29,0,0,6.2,0,0,0,0,0,0,0,0,0.0,0.0,0,0,2,1,0,6,66.67,0,8,5,62.5,1,2,9,1,17,54.84,2,25,23,48,18.6,2,0,115,2,1,0,Eldin Džogović,1. FC Magdeburg,1143364,2591
0,0,0.0,1,0,0.0,2,3,5,100.0,0,0.0,5,4,0,0,0,0,2,0,0,0,0,0,1,0,0,0,0,7,0,0,0.0,0.03,1,0,0.0,0,0,0,3,2,1,0,0,,0,0.0,0,0,0,0,0,0,0,0,18,0,0,0,0,0,0,0.0,0,0,0,0,3,0,0,6.2,0,0,0,0,0,0,0,0,0.0,0.0,0,1,0,1,0,0,0.0,0,0,0,0.0,0,0,1,0,0,0.0,0,2,3,5,6.2,1,0,10,0,0,0,Serhat-Semih Güler,Darmstadt 98,1049730,2576
0,0,0.0,0,0,0.0,3,2,5,71.43,1,33.33,2,1,0,0,0,0,0,0,0,0,0,1,1,0,0,0,0,2,0,0,0.0,0.13,0,0,0.0,0,0,0,1,1,0,0,0,,0,0.0,0,0,0,2,0,0,0,0,8,0,0,0,0,0,0,0.0,0,0,0,0,2,0,0,6.1,0,0,0,0,0,0,0,0,0.0,0.0,0,1,0,1,0,0,0.0,0,0,0,0.0,0,0,0,0,1,33.33,0,4,3,7,6.1,1,0,11,0,0,0,Daniel Hulsenbusch,VfL Bochum 1848,2026468,2542
1,0,0.0,3,1,33.33,4,11,15,68.18,0,0.0,0,1,0,0,0,0,3,0,0,0,0,3,1,0,0,0,0,1,0,0,0.0,,1,0,0.0,0,0,0,2,1,1,0,0,,0,0.0,0,0,0,7,0,0,0,1,76,0,0,0,0,0,0,0.0,0,0,0,0,9,0,0,6.0,0,0,0,0,0,0,0,0,0.0,0.0,0,0,0,0,0,0,0.0,0,0,0,0.0,0,1,0,0,0,0.0,3,6,16,22,6.0,0,0,28,0,0,0,Mladen Cvjetinović,Holstein Kiel,1131179,2573
5,0,0.0,13,5,27.78,49,89,138,86.79,6,40.0,9,5,0,0,0,0,5,0,0,1,0,14,5,0,1,0,1,11,0,0,0.04,0.21,2,0,0.0,0,0,0,12,9,3,0,0,,6,75.0,0,0,0,21,4,2,0,4,281,0,0,0,0,0,0,0.0,0,0,0,0,26,0,0,5.4,1,0,0,0,0,0,0,0,0.0,0.0,0,3,0,1,1,1,100.0,0,4,2,50.0,2,11,1,2,12,52.17,18,67,92,159,27.0,3,0,200,1,0,0,Noah König,SpVgg Greuther Fürth,1120654,2551
2,0,0.0,1,5,62.5,3,29,32,91.43,0,0.0,0,1,0,0,0,0,8,0,0,0,0,0,1,0,0,1,0,1,1,0,0.0,,0,0,0.0,6,0,0,2,2,0,0,0,-1.01,0,0.0,0,0,0,3,0,0,0,1,90,0,0,0,0,0,0,0.0,0,0,0,0,4,0,0,5.2,0,0,0,0,1,1,0,0,0.0,0.0,0,0,0,0,0,0,0.0,0,0,0,0.0,0,3,0,0,0,0.0,8,5,30,35,5.2,0,0,41,0,0,0,Enis Kamga,1. FC Kaiserslautern,2152106,2675
0,0,0.0,0,0,0.0,0,0,0,0.0,0,0.0,0,1,0,0,0,0,0,0,0,0,0,0,0,0,0,1,0,1,0,0,,,0,0,0.0,0,0,0,0,0,0,0,0,,0,0.0,0,0,0,0,0,0,0,0,1,0,0,0,0,0,0,0.0,0,0,0,0,1,0,0,0.0,0,0,0,0,0,0,0,0,0.0,0.0,0,0,0,0,0,0,0.0,0,0,0,0.0,0,0,0,0,0,0.0,0,0,0,0,0.0,0,0,1,0,0,0,Agustín Rogel,Hertha BSC,875293,2528
0,0,0.0,0,0,0.0,0,4,4,80.0,0,0.0,0,1,0,0,0,0,0,0,0,0,0,0,0,0,0,0,0,0,0,0,0.0,,0,0,0.0,0,0,0,1,1,0,0,0,,0,0.0,0,0,0,1,0,0,0,0,1,0,0,0,0,0,0,0.0,0,0,0,0,1,0,0,0.0,0,0,0,0,0,0,0,0,0.0,0.0,0,0,0,0,0,0,0.0,0,0,0,0.0,0,0,0,0,0,0.0,1,0,5,5,0.0,0,0,5,0,0,0,John Brooks,Hertha BSC,132149,2528
0,0,0.0,1,0,0.0,1,0,1,100.0,0,0.0,1,1,0,0,0,0,0,0,0,0,0,0,0,0,0,0,0,1,0,0,0.01,,0,0,0.0,0,0,0,0,0,0,0,0,,0,0.0,0,0,0,0,0,0,0,0,1,0,0,0,0,0,0,0.0,0,0,0,0,0,0,0,0.0,0,0,0,0,0,0,0,0,0.0,0.0,0,0,0,0,0,0,0.0,0,0,0,0.0,0,0,0,0,0,0.0,0,1,0,1,0.0,0,0,1,0,0,0,Mauro Zalazar,FC Schalke 04,1823241,2530
0,0,0.0,0,0,0.0,0,0,0,0.0,0,0.0,0,1,0,0,0,0,0,0,0,0,0,0,0,0,0,0,0,0,0,0,,,0,0,0.0,0,0,0,1,1,0,0,0,,0,0.0,0,0,0,0,0,0,0,0,1,0,0,0,0,0,0,0.0,0,0,0,0,0,0,0,0.0,0,0,0,0,0,0,0,0,0.0,0.0,0,0,0,0,0,0,0.0,0,0,0,0.0,0,0,0,0,0,0.0,0,0,0,0,0.0,0,0,0,0,0,0,Winners Osawe,1. FC Nürnberg,1440629,2523
0,0,0.0,0,0,0.0,0,0,0,0.0,0,0.0,0,1,0,0,0,0,0,0,0,0,0,0,0,0,0,0,0,0,0,0,,,0,0,0.0,0,0,0,0,0,0,0,0,,0,0.0,0,0,0,0,0,0,0,0,1,0,0,0,0,0,0,0.0,0,0,0,0,0,0,0,0.0,0,0,0,0,0,0,0,0,0.0,0.0,0,0,0,0,0,0,0.0,0,0,0,0.0,0,0,0,0,0,0.0,0,0,0,0,0.0,0,0,0,0,0,0,Samuel Loric,1. FC Magdeburg,989076,2591
0,0,0.0,0,0,0.0,1,0,1,100.0,0,0.0,2,1,0,0,0,0,0,0,0,0,0,0,0,0,0,1,0,3,0,0,0.0,,0,0,0.0,0,0,0,0,0,0,0,0,,0,0.0,0,0,0,0,0,0,0,0,1,0,0,0,0,0,0,0.0,0,0,0,0,2,0,0,0.0,0,0,0,0,0,0,0,0,0.0,0.0,0,0,0,0,0,0,0.0,0,0,0,0.0,0,0,0,0,0,0.0,0,1,0,1,0.0,0,0,3,0,0,0,Erik Muller,1. FC Kaiserslautern,2407935,2675
0,0,0.0,2,0,0.0,2,0,2,100.0,0,0.0,1,2,0,0,0,0,0,0,0,0,0,0,0,0,0,0,0,4,0,0,0.01,,0,0,0.0,0,0,0,0,0,0,0,0,,1,25.0,0,0,0,0,0,0,0,0,2,0,0,0,0,0,0,0.0,0,0,0,0,7,0,0,0.0,0,0,0,0,0,0,0,0,0.0,0.0,0,0,0,0,0,0,0.0,0,1,1,100.0,0,0,3,2,1,20.0,0,2,0,2,0.0,0,0,14,0,0,0,Albert Millgramm,1. FC Magdeburg,2122582,2591
