accurateChippedPasses,accurateCrosses,accurateCrossesPercentage,accurateFinalThirdPasses,accurateLongBalls,accurateLongBallsPercentage,accurateOppositionHalfPasses,accurateOwnHalfPasses,accuratePasses,accuratePassesPercentage,aerialDuelsWon,aerialDuelsWonPercentage,aerialLost,appearances,assists,attemptPenaltyMiss,attemptPenaltyPost,attemptPenaltyTarget,ballRecovery,bigChancesCreated,bigChancesMissed,blockedShots,cleanSheet,clearances,countRating,crossesNotClaimed,directRedCards,dispossessed,dribbledPast,duelLost,errorLeadToGoal,errorLeadToShot,expectedAssists,expectedGoals,fouls,freeKickGoal,goalConversionPercentage,goalKicks,goals,goalsAssistsSum,goalsConceded,goalsConcededInsideTheBox,goalsConcededOutsideTheBox,goalsFromInsideTheBox,goalsFromOutsideTheBox,goalsPrevented,groundDuelsWon,groundDuelsWonPercentage,headedGoals,highClaims,hitWoodwork,inaccuratePasses,interceptions,keyPasses,leftFootGoals,matchesStarted,minutesPlayed,offsides,outfielderBlocks,ownGoals,passToAssist,penaltiesTaken,penaltyConceded,penaltyConversion,penaltyFaced,penaltyGoals,penaltySave,penaltyWon,possessionLost,possessionWonAttThird,punches,rating,redCards,rightFootGoals,runsOut,savedShotsFromInsideTheBox,savedShotsFromOutsideTheBox,saves,savesCaught,savesParried,scoringFrequency,setPieceConversion,shotFromSetPiece,shotsFromInsideTheBox,shotsFromOutsideTheBox,shotsOffTarget,shotsOnTarget,successfulDribbles,successfulDribblesPercentage,successfulRunsOut,tackles,tacklesWon,tacklesWonPercentage,totalAttemptAssist,totalChippedPasses,totalContest,totalCross,totalDuelsWon,totalDuelsWonPercentage,totalLongBalls,totalOppositionHalfPasses,totalOwnHalfPasses,totalPasses,totalRating,totalShots,totwAppearances,touches,wasFouled,yellowCards,yellowRedCards,player,team,player id,team id,Pos
78,83,35.78,513,78,47.56,871,339,1127,77.83,62,54.39,52,34,11,0,1,0,152,16,7,25,8,42,34,0,0,24,18,129,0,0,,,25,1,13.98,0,13,24,55,53,2,8,5,,131,62.98,0,0,8,321,15,78,1,34,3060,5,,0,0,3,0,66.67,0,2,0,0,559,25,0,7.75,0,12,0,0,0,0,0,0,235.38,7.69,13,44,49,34,34,13,44.83,0,63,43,68.25,78,140,29,232,193,59.94,164,1271,409,1448,263.4,93,10,2146,57,3,0,Marvin Wanitzek,Karlsruher SC,270885,2553,MF
28,30,24.19,145,12,60.0,266,94,330,74.83,18,58.06,13,18,1,0,0,0,51,9,6,15,3,8,18,0,0,16,10,70,0,0,,,13,0,17.46,0,11,12,19,16,3,11,0,,37,39.36,1,0,1,111,3,39,1,14,1371,17,,0,2,0,0,0.0,0,0,0,0,305,15,0,7.64,0,9,0,0,0,0,0,0,124.64,0.0,3,45,18,23,25,20,52.63,0,11,8,72.73,37,47,38,124,55,44.0,20,453,112,441,137.6,63,3,874,6,0,0,Fabian Reese,Hertha BSC,817968,2528,FW
18,11,34.38,38,21,65.63,89,56,134,82.21,4,66.67,2,4,0,0,0,0,23,0,0,0,0,1,4,0,0,4,1,14,0,0,,,7,0,0.0,0,0,0,10,7,3,0,0,,18,60.0,0,0,0,29,4,12,0,4,360,0,,0,0,0,0,0.0,0,0,0,0,56,3,0,7.58,0,0,0,0,0,0,0,0,0.0,0.0,1,0,4,2,2,2,100.0,0,13,9,69.23,12,31,2,32,22,61.11,32,134,61,163,30.3,4,2,248,3,0,0,Paul Will,Darmstadt 98,939693,2576,MF
5,1,20.0,100,10,71.43,155,84,238,76.04,26,41.27,37,17,3,0,0,1,41,6,4,17,0,12,17,0,0,26,14,111,0,1,,,17,0,21.43,0,12,15,30,29,1,12,0,,62,45.59,2,0,1,75,8,16,4,17,1463,7,,0,0,1,0,0.0,0,0,0,1,166,14,0,7.56,0,6,0,0,0,0,0,0,121.92,0.0,0,47,9,21,18,33,66.0,0,15,12,80.0,16,10,50,5,88,44.22,14,221,97,313,128.6,56,3,593,14,4,0,Budu Zivzivadze,Karlsruher SC,149728,2553,FW
55,65,36.52,358,79,41.15,741,838,1514,84.25,32,50.0,32,30,11,0,0,0,144,15,0,6,7,90,30,0,0,16,37,131,0,0,,,32,0,4.17,0,1,12,34,31,3,0,1,,142,58.92,0,0,1,283,29,71,1,30,2667,0,,0,0,0,2,0.0,0,0,0,0,495,5,0,7.52,0,0,0,0,0,0,0,0,2667.0,0.0,3,9,15,12,6,20,57.14,0,83,54,65.06,71,126,35,178,174,57.05,192,1053,922,1797,225.7,24,3,2689,41,6,0,Miro Muheim,Hamburger SV,798303,2676,DF
16,58,31.18,309,9,52.94,538,202,682,85.04,1,10.0,9,32,12,0,0,0,124,21,0,11,3,9,32,0,0,29,10,101,0,2,,,11,2,15.25,0,9,21,31,28,3,6,3,,117,55.98,0,0,2,120,3,68,0,27,2402,8,,0,1,0,0,0.0,0,0,0,1,372,20,0,7.51,0,9,0,0,0,0,0,0,266.89,40.0,5,35,24,21,27,80,65.57,0,11,7,63.64,67,27,122,186,118,53.88,17,765,223,802,240.4,59,4,1382,27,3,0,Jean-Luc Dompé,Hamburger SV,789192,2676,FW
45,22,28.21,309,45,48.91,506,179,663,77.63,10,32.26,21,24,6,0,0,0,72,16,0,7,1,10,24,0,0,26,9,95,0,0,,,13,0,16.28,0,7,13,38,34,4,5,2,,74,50.0,1,0,0,191,3,56,0,22,1774,2,,0,0,0,0,0.0,0,0,0,0,358,11,0,7.51,1,6,0,0,0,0,0,0,253.43,0.0,6,17,26,20,16,25,47.17,0,9,8,88.89,56,106,53,78,84,46.93,92,739,193,854,180.2,43,6,1240,41,6,1,Barış Atik,1. FC Magdeburg,229858,2591,FW
3,0,0.0,1,23,30.26,13,56,69,56.56,1,50.0,1,4,0,0,0,0,26,0,0,0,1,8,4,1,0,0,0,1,1,0,,,0,0,0.0,21,0,0,5,5,0,0,0,,1,100.0,0,0,1,53,0,0,0,4,315,0,,0,0,0,0,0.0,1,0,1,0,55,0,3,7.43,0,0,2,12,4,16,0,4,0.0,0.0,0,0,0,0,0,0,0.0,2,0,0,0.0,0,9,0,0,2,66.67,76,57,65,122,29.7,0,1,165,1,0,0,Loris Karius,FC Schalke 04,174135,2530,GK
57,97,31.19,271,83,51.88,561,450,914,79.34,18,52.94,16,32,10,0,0,0,127,25,2,14,8,63,32,0,0,15,12,60,0,1,,,5,0,6.67,0,3,13,41,36,5,3,0,,67,60.36,0,0,2,238,26,83,3,31,2814,2,,0,0,0,0,0.0,0,0,0,0,563,11,0,7.42,0,0,0,0,0,0,0,0,938.0,0.0,4,24,21,16,15,16,57.14,0,41,24,58.54,83,112,28,311,85,58.62,160,944,519,1152,237.5,45,4,2110,10,1,0,Aaron Zehnter,SC Paderborn 07,1127788,2561,MF
60,74,38.74,385,66,63.46,831,635,1392,87.77,21,48.84,22,33,5,0,0,0,182,10,1,12,10,46,33,0,0,41,34,156,0,2,,,41,1,6.06,0,2,7,32,29,3,1,1,,128,48.85,0,0,0,194,32,75,1,32,2883,2,,0,0,0,0,0.0,0,0,0,0,429,17,0,7.4,0,1,0,0,0,0,0,0,1441.5,16.67,6,9,24,13,8,18,47.37,0,71,46,64.79,75,103,38,191,149,48.85,104,1092,685,1586,244.3,33,5,2258,39,7,0,Enzo Leopold,Hannover 96,1009161,2541,MF
72,74,28.35,397,69,38.33,779,528,1233,79.7,26,48.15,28,31,6,0,0,0,137,16,0,13,9,76,30,0,0,17,33,121,0,0,,,32,0,0.0,1,0,6,29,26,3,0,0,,104,52.79,0,0,2,314,29,82,0,30,2533,0,,0,0,0,0,0.0,0,0,0,0,587,13,0,7.4,1,0,0,0,0,0,0,0,0.0,0.0,5,9,25,18,3,12,42.86,0,62,44,70.97,82,140,28,261,130,51.79,180,1215,593,1547,221.9,34,2,2476,30,5,1,Leart Paqarada,1. FC Köln,151581,2671,DF
18,0,0.0,196,19,61.29,304,174,478,71.45,42,38.89,66,33,8,0,0,1,73,7,12,30,7,28,33,0,0,69,8,222,0,0,,,33,0,17.14,0,18,26,31,28,3,15,3,,105,40.23,0,0,1,191,4,45,4,31,2777,13,,0,0,1,0,0.0,0,0,0,0,420,23,0,7.37,0,14,0,0,0,0,0,0,154.28,0.0,0,68,37,34,41,35,40.7,0,16,9,56.25,45,34,86,2,147,39.84,31,461,210,669,243.3,105,6,1222,57,5,0,Fisnik Asllani,SV 07 Elversberg,1010117,2598,FW
77,0,0.0,83,311,48.37,198,1025,1223,78.55,13,92.86,1,34,0,0,0,0,308,1,0,0,9,44,34,0,0,0,0,2,2,2,,,1,0,0.0,177,0,0,52,43,9,0,0,,5,83.33,0,31,0,334,0,4,0,34,3060,0,,0,0,0,1,0.0,6,0,1,0,340,0,14,7.36,0,0,15,91,35,127,1,22,0.0,0.0,0,0,0,0,0,1,100.0,15,0,0,0.0,4,116,1,0,18,90.0,643,485,1072,1557,250.1,0,6,1916,4,1,0,Florian Kastenmeier,Fortuna Düsseldorf,795024,2588,GK
26,6,13.04,226,45,65.22,418,373,785,87.03,16,48.48,17,22,5,0,0,1,104,6,2,16,1,34,22,0,0,29,7,99,0,0,,,17,0,14.63,0,6,11,29,26,3,5,1,,87,51.48,0,0,0,117,12,27,2,21,1781,2,,0,0,2,0,50.0,0,1,0,0,265,11,0,7.34,0,4,0,0,0,0,0,0,296.83,0.0,0,22,19,8,17,26,46.43,0,23,16,69.57,27,48,56,46,103,50.99,69,556,392,902,161.4,41,3,1346,39,4,0,Mo El Hankouri,1. FC Magdeburg,845199,2591,MF
67,50,34.72,307,96,62.34,736,502,1188,84.32,15,48.39,16,32,3,0,0,0,121,6,5,14,5,33,32,0,0,27,23,94,1,2,,,23,0,20.37,0,11,14,50,42,8,10,1,,88,53.01,1,0,2,221,22,51,7,32,2852,4,,0,0,4,0,100.0,0,4,0,3,398,17,0,7.32,0,3,0,0,0,0,0,0,259.27,0.0,3,29,25,16,24,12,60.0,0,51,36,70.59,51,113,20,144,103,52.28,154,990,563,1409,234.3,54,3,1924,26,8,0,Ísak Bergmann Jóhannesson,Fortuna Düsseldorf,1112327,2588,MF
55,46,30.46,249,54,47.37,529,467,950,87.08,13,36.11,23,28,4,0,0,0,110,11,0,24,2,23,28,0,0,16,10,90,0,0,,,22,0,11.48,0,7,11,43,38,5,6,1,,108,61.71,0,0,1,141,18,51,0,27,2354,0,,0,1,5,0,100.0,0,5,0,0,330,8,0,7.31,0,7,0,0,0,0,0,0,336.29,0.0,5,18,43,18,19,18,47.37,0,41,27,65.85,50,98,38,151,121,57.35,114,746,496,1091,204.8,61,6,1610,50,4,0,Julian Green,SpVgg Greuther Fürth,254191,2551,MF
45,46,27.71,338,59,71.08,609,346,909,82.19,14,43.75,18,32,7,0,0,0,134,15,1,24,2,26,32,0,0,52,35,202,0,0,,,47,0,10.34,0,6,13,43,34,9,6,0,,150,44.91,0,0,1,197,30,81,5,29,2616,5,,0,1,2,0,100.0,0,2,0,1,488,11,0,7.3,0,1,0,0,0,0,0,0,436.0,0.0,2,36,22,14,20,53,50.0,0,56,32,57.14,80,77,106,166,164,44.81,83,881,391,1106,233.5,58,5,1824,42,6,0,Michaël Cuisance,Hertha BSC,826208,2528,MF
26,0,0.0,251,33,40.74,574,731,1305,87.17,95,59.38,65,31,0,0,0,0,143,1,6,20,8,116,31,0,0,27,26,155,0,1,,,36,0,5.77,0,3,3,34,29,5,3,0,,129,58.9,2,0,0,192,54,19,1,31,2741,6,,0,0,0,0,0.0,0,0,0,0,268,5,0,7.28,0,0,0,0,0,0,0,0,913.67,0.0,0,39,13,20,12,12,75.0,0,70,47,67.14,19,42,16,15,224,59.1,81,716,796,1497,225.6,52,2,2046,49,4,0,Eric Martel,1. FC Köln,988639,2671,MF
20,2,20.0,142,23,57.5,242,115,355,64.43,120,56.34,93,29,4,0,0,0,50,8,9,13,2,43,29,0,0,31,4,159,0,1,,,26,0,20.63,0,13,17,39,31,8,13,0,,58,46.77,4,0,1,196,3,27,1,28,2284,4,,0,0,3,0,100.0,0,3,0,2,306,8,0,7.27,0,8,0,0,0,0,0,0,175.69,0.0,0,54,9,21,29,14,58.33,0,7,3,42.86,27,38,24,10,178,52.82,40,407,154,551,210.9,63,6,898,39,7,0,Dawid Kownacki,Fortuna Düsseldorf,286103,2588,FW
8,6,27.27,210,4,25.0,303,74,371,73.76,28,35.9,50,25,6,0,0,0,75,15,10,18,0,5,25,0,0,25,12,138,0,0,,,30,0,14.29,0,10,16,26,23,3,10,0,,42,32.31,2,0,2,132,7,48,1,22,1801,13,,0,2,0,0,0.0,0,0,0,0,245,22,0,7.27,0,7,0,0,0,0,0,0,180.1,0.0,0,57,13,21,31,11,34.38,0,19,10,52.63,46,20,32,22,70,33.65,16,432,93,503,181.8,70,1,826,13,4,0,Tim Lemperle,1. FC Köln,1014290,2671,FW
73,32,30.77,256,65,47.1,412,156,536,69.79,8,33.33,16,30,3,0,0,0,84,6,3,12,3,30,30,0,0,27,17,94,0,1,,,17,0,12.12,0,8,11,37,33,4,6,2,,92,54.12,0,0,1,232,12,57,0,25,2133,0,,0,1,2,0,100.0,0,2,0,0,388,15,0,7.26,0,8,0,0,0,0,0,0,266.63,0.0,13,25,41,21,33,21,55.26,0,14,11,78.57,56,157,38,104,100,51.55,138,690,182,768,217.9,66,4,1243,62,8,0,Marlon Ritter,1. FC Kaiserslautern,169233,2675,MF
82,3,50.0,205,135,51.33,589,898,1484,83.42,103,63.98,58,30,3,0,0,0,134,3,8,5,8,142,30,0,0,4,15,126,0,1,,,48,1,10.34,22,3,6,40,36,4,2,1,,100,59.52,1,0,0,295,45,16,1,30,2472,2,,1,0,0,0,0.0,0,0,0,0,330,5,0,7.25,1,1,0,0,0,0,0,0,824.0,16.67,6,18,11,17,7,10,71.43,0,79,50,63.29,16,164,14,6,203,61.7,263,810,975,1779,217.5,29,6,2232,12,13,1,Marcus Mathisen,1. FC Magdeburg,352986,2591,DF
42,71,29.34,286,64,47.06,580,522,1031,80.67,23,42.59,31,33,6,0,0,2,131,14,5,15,8,53,33,0,0,25,14,106,1,0,,,16,0,12.77,0,6,12,43,37,6,5,1,,85,53.13,0,0,2,247,34,70,0,33,2950,2,,0,1,6,0,66.67,0,4,0,0,529,14,0,7.24,0,6,0,0,0,0,0,0,491.67,0.0,11,18,29,14,18,23,53.49,0,47,28,59.57,69,78,43,242,108,50.47,136,926,594,1278,238.9,47,1,2170,15,3,0,Raphael Obermair,SC Paderborn 07,820465,2561,MF
79,9,23.08,233,119,55.09,581,743,1315,85.39,48,65.75,25,28,2,0,0,0,140,2,2,8,9,104,28,0,0,6,23,81,0,1,,,23,0,11.54,44,3,5,29,26,3,3,0,,77,57.89,0,0,2,225,36,16,3,28,2501,1,,0,0,2,0,100.0,0,2,0,0,291,2,0,7.24,0,0,0,0,0,0,0,0,833.67,0.0,7,13,13,10,8,14,66.67,0,47,30,63.83,16,142,21,39,125,60.68,216,768,811,1540,202.7,26,4,1975,17,5,0,Marcel Halstenberg,Hannover 96,103364,2541,DF
56,1,25.0,98,91,53.53,275,763,1037,85.21,86,60.14,57,28,1,0,0,0,75,2,3,8,5,132,28,0,0,5,14,104,1,4,,,31,0,4.88,28,2,3,41,34,7,2,0,,91,65.94,2,0,1,180,28,8,0,28,2507,0,,1,0,0,0,0.0,0,0,0,1,221,0,0,7.24,1,0,0,0,0,0,0,0,1253.5,0.0,0,36,5,22,11,9,81.82,0,46,34,73.91,8,94,11,4,177,62.99,170,409,812,1217,202.7,41,4,1664,38,6,1,Philipp Strompf,SSV Ulm 1846,886316,2580,DF
48,49,24.87,330,54,32.14,673,580,1204,79.37,31,43.66,40,34,7,0,0,0,120,10,2,5,13,93,34,0,0,7,19,109,0,0,,,33,0,11.11,0,3,10,37,32,5,2,1,,85,55.19,0,0,0,313,28,60,3,34,3060,5,,0,0,0,1,0.0,0,0,0,0,541,7,0,7.24,0,0,0,0,0,0,0,0,1020.0,0.0,0,16,11,13,9,9,47.37,0,62,41,66.13,60,114,19,197,116,51.56,168,1038,676,1517,246.1,27,4,2408,16,4,0,Maurice Neubauer,SV 07 Elversberg,788286,2598,DF
31,5,19.23,177,56,59.57,361,425,781,80.02,36,51.43,34,25,3,0,0,0,129,2,2,8,6,36,25,0,0,15,23,104,0,0,,,23,0,21.74,1,5,8,20,16,4,1,4,,92,56.79,0,0,0,195,33,18,1,24,2087,0,,0,1,0,0,0.0,0,0,0,1,267,16,0,7.24,0,4,0,0,0,0,0,0,417.4,0.0,0,8,15,6,9,12,54.55,0,47,32,68.09,17,63,22,26,128,55.17,94,517,485,976,180.9,23,3,1353,35,5,0,Robin Fellhauer,SV 07 Elversberg,860461,2598,MF
13,28,31.46,385,10,52.63,570,165,707,82.79,2,22.22,7,27,11,0,0,0,82,16,3,11,8,8,27,0,0,30,14,103,0,0,,,17,0,6.67,0,3,14,26,22,4,3,0,,51,34.69,1,0,0,147,6,64,1,22,2041,12,,0,1,0,0,0.0,0,0,0,0,329,26,0,7.23,0,1,0,0,0,0,0,0,680.33,0.0,0,33,12,20,14,18,33.33,0,10,5,50.0,63,27,54,89,53,33.97,19,754,189,854,195.3,45,1,1230,23,3,0,Linton Maina,1. FC Köln,921033,2671,MF
41,41,31.54,272,94,68.61,736,688,1383,89.81,29,61.7,18,25,5,0,0,0,144,8,0,7,1,14,25,0,0,18,24,95,0,1,,,26,0,8.7,0,2,7,37,32,5,1,1,,65,45.77,0,0,2,157,19,53,0,23,1924,0,,0,2,0,1,0.0,0,0,0,0,302,13,0,7.22,0,2,0,0,0,0,0,0,962.0,0.0,6,2,21,12,4,15,53.57,0,39,21,53.85,51,73,28,130,94,49.74,137,941,729,1540,180.6,23,4,1912,12,8,0,Paul Seguin,FC Schalke 04,253687,2530,MF
7,3,42.86,77,2,100.0,134,91,222,65.29,102,65.38,54,31,0,0,0,1,25,2,20,9,1,33,31,0,0,8,8,124,0,0,,,51,0,26.83,0,22,22,28,23,5,22,0,,32,31.37,11,0,4,118,3,14,2,22,1938,10,,0,0,4,0,75.0,0,3,0,1,172,6,0,7.22,0,9,0,0,0,0,0,0,88.09,0.0,0,79,3,31,42,9,47.37,0,5,1,20.0,14,11,19,7,134,51.94,2,233,114,340,223.9,82,5,591,21,7,0,Davie Selke,Hamburger SV,187437,2676,FW
40,0,0.0,30,165,46.88,86,559,645,77.25,4,100.0,0,24,0,0,0,0,136,0,0,0,9,19,24,1,0,0,0,0,0,0,,,1,0,0.0,110,0,0,18,15,3,0,0,,3,100.0,0,7,0,190,1,0,0,24,2160,0,,0,0,0,0,0.0,4,0,2,0,193,0,6,7.22,0,0,9,53,15,69,0,17,0.0,0.0,0,0,0,0,0,0,0.0,9,0,0,0.0,0,54,0,0,7,100.0,352,232,603,835,173.3,0,2,1009,3,3,0,Marvin Schwäbe,1. FC Köln,187185,2671,GK
4,0,0.0,43,4,80.0,59,35,94,78.99,14,48.28,15,15,1,0,0,0,25,1,6,4,1,11,14,0,0,12,2,54,0,0,,,14,0,32.26,0,10,11,11,10,1,10,0,,27,40.91,4,0,3,25,2,11,2,6,678,7,,0,0,2,0,100.0,0,2,0,0,68,8,0,7.21,0,4,0,0,0,0,0,0,67.8,0.0,0,31,0,10,17,14,51.85,0,5,3,60.0,11,5,27,1,41,43.16,5,79,41,119,101.0,31,2,256,9,0,0,Robert Glatzel,Hamburger SV,168987,2676,FW
1,0,0.0,1,2,50.0,7,6,13,68.42,1,100.0,0,1,0,0,0,0,3,0,0,0,0,0,1,0,0,0,1,2,0,0,,,1,0,100.0,0,1,1,0,0,0,1,0,,1,33.33,1,0,0,6,0,1,0,0,32,0,,0,0,0,0,0.0,0,0,0,0,6,0,0,7.2,0,0,0,0,0,0,0,0,32.0,0.0,0,1,0,0,1,0,0.0,0,1,1,100.0,1,1,0,0,2,50.0,4,10,9,19,7.2,1,0,23,0,0,0,Yassin Ben Balla,FC Schalke 04,867749,2530,MF
56,0,0.0,26,241,43.11,127,896,1023,75.72,11,100.0,0,34,0,0,0,0,379,0,0,0,8,24,34,3,0,0,1,1,5,2,,,0,0,0.0,157,0,0,55,53,2,0,0,,11,91.67,0,56,0,328,0,1,0,34,3060,0,,0,0,0,0,0.0,10,0,1,0,338,0,4,7.2,0,0,20,70,42,113,1,17,0.0,0.0,0,0,0,0,0,1,100.0,20,1,0,0.0,1,102,1,0,22,95.65,559,363,988,1351,244.8,0,1,1787,9,3,0,Max Weiss,Karlsruher SC,1128801,2553,GK
34,22,28.57,311,50,65.79,689,757,1424,90.07,27,50.94,26,32,9,0,0,0,171,10,0,3,6,29,32,0,0,31,41,167,2,1,,,49,0,33.33,0,3,12,52,45,7,2,1,,195,58.04,0,0,0,157,34,42,0,32,2787,0,,0,0,0,0,0.0,0,0,0,0,310,17,0,7.2,1,3,0,0,0,0,0,0,929.0,0.0,0,5,4,1,5,19,44.19,0,110,66,60.0,42,59,43,77,222,57.07,76,850,808,1581,230.3,9,2,2137,66,6,1,Caspar Jander,1. FC Nürnberg,1171234,2523,MF
7,2,11.11,138,5,45.45,215,83,296,71.33,57,49.57,58,28,5,0,0,0,32,3,11,10,0,7,28,0,0,28,5,136,0,0,,,32,0,22.22,0,14,19,40,32,8,14,0,,57,42.22,1,0,2,119,3,23,1,27,2228,16,,0,0,0,1,0.0,0,0,0,0,244,11,0,7.2,0,12,0,0,0,0,0,0,159.14,0.0,0,56,7,21,32,23,58.97,0,9,6,66.67,23,13,39,18,114,45.6,11,332,101,415,201.5,63,5,737,27,3,0,Isac Lidberg,Darmstadt 98,798175,2576,FW
1,0,0.0,71,4,66.67,131,54,185,61.87,108,54.82,89,30,1,0,0,0,48,3,25,17,1,43,30,0,0,24,4,156,0,0,,,29,0,16.51,0,18,19,32,29,3,13,5,,54,44.63,6,0,5,114,5,13,3,24,2045,13,,0,0,0,0,0.0,0,0,0,0,233,15,0,7.19,0,9,0,0,0,0,0,0,113.61,0.0,0,84,25,39,53,8,29.63,0,13,6,46.15,13,3,27,9,162,50.94,6,235,73,299,215.8,109,3,704,35,1,0,Ragnar Ache,1. FC Kaiserslautern,877544,2675,FW
15,14,25.93,215,16,53.33,403,153,542,82.5,43,47.78,47,29,4,0,0,0,67,5,5,22,1,12,29,0,0,21,16,123,0,0,,,29,0,5.26,0,4,8,30,24,6,4,0,,95,55.56,0,0,2,115,5,37,0,25,2115,7,,0,0,1,0,100.0,0,1,0,1,245,8,0,7.19,0,4,0,0,0,0,0,0,528.75,0.0,4,53,23,34,20,6,25.0,0,45,25,55.56,37,24,24,54,138,52.87,30,532,179,657,208.6,76,4,1070,44,7,0,Felix Klaus,SpVgg Greuther Fürth,116570,2551,MF
18,0,0.0,17,81,52.26,45,272,317,79.85,8,88.89,1,10,0,0,0,0,96,0,0,0,2,16,10,0,0,0,0,1,4,2,,,0,0,0.0,66,0,0,13,10,3,0,0,,2,100.0,0,13,0,80,2,2,0,10,900,0,,0,0,0,0,0.0,0,0,0,0,81,0,6,7.19,0,0,9,28,11,39,0,3,0.0,0.0,0,0,0,0,0,0,0.0,9,0,0,0.0,2,21,0,0,10,90.91,155,107,290,397,71.9,0,0,523,2,0,0,Pelle Boevink,SC Paderborn 07,875613,2561,GK
72,0,0.0,24,224,50.79,153,1663,1816,89.06,11,73.33,4,34,0,0,0,0,304,0,0,0,8,34,34,1,0,1,0,7,1,2,,,2,0,0.0,141,0,0,52,47,5,0,0,,2,40.0,0,26,0,223,0,0,0,34,3060,0,,0,0,0,1,0.0,7,0,1,0,239,0,15,7.19,0,0,11,67,39,107,0,20,0.0,0.0,0,0,0,0,0,0,0.0,11,0,0,0.0,0,89,0,0,13,65.0,441,309,1730,2039,244.4,0,4,2395,1,3,0,Dominik Reimann,1. FC Magdeburg,352556,2591,GK
37,0,0.0,24,164,35.73,88,724,812,72.83,11,84.62,2,32,0,0,0,0,280,0,0,0,8,49,32,0,0,0,2,5,3,3,,,1,0,0.0,217,0,0,52,47,5,0,0,,3,50.0,0,30,0,303,0,0,0,32,2879,0,,0,0,0,1,0.0,5,0,1,0,317,0,17,7.19,0,0,24,87,33,120,0,20,0.0,0.0,0,0,0,0,0,0,0.0,23,1,0,0.0,0,55,0,0,14,73.68,459,321,794,1115,230.0,0,1,1490,3,2,0,Julian Krahl,1. FC Kaiserslautern,944100,2675,GK
29,37,28.03,294,22,38.6,507,303,773,77.07,10,34.48,19,32,12,0,0,1,97,11,7,18,5,17,32,0,0,46,18,158,1,1,,,17,2,13.79,0,8,20,49,42,7,5,3,,113,44.84,0,0,1,230,7,68,7,32,2729,1,,1,1,2,0,50.0,0,1,0,0,498,13,0,7.18,0,1,0,0,0,0,0,0,341.13,50.0,4,31,27,17,23,44,43.14,0,31,21,67.74,67,58,102,132,123,43.77,57,773,362,1003,229.9,58,5,1595,38,3,0,Julian Justvan,1. FC Nürnberg,843132,2523,MF
68,35,25.74,335,90,54.88,644,599,1208,85.98,27,60.0,18,32,7,0,0,0,109,4,0,5,6,94,32,0,0,7,28,100,0,0,,,32,0,5.0,0,1,8,47,37,10,1,0,,98,54.44,0,0,0,197,49,44,0,32,2870,3,,0,0,0,0,0.0,0,0,0,0,384,9,0,7.18,0,1,0,0,0,0,0,0,2870.0,0.0,2,8,12,12,3,11,39.29,0,73,48,65.75,44,106,28,136,125,55.56,164,874,667,1405,229.9,20,2,2226,14,6,0,Jonjoe Kenny,Hertha BSC,361310,2528,DF
69,26,30.23,148,105,42.17,389,976,1339,85.83,14,32.56,29,27,4,0,0,0,110,10,0,4,5,62,27,0,0,13,8,65,0,0,,,9,0,16.67,5,4,8,38,33,5,3,1,,63,63.64,0,0,0,221,31,32,1,26,2306,0,,0,0,0,0,0.0,0,0,0,0,326,5,0,7.18,0,3,0,0,0,0,0,0,576.5,0.0,4,9,15,11,9,13,61.9,0,32,23,71.88,32,162,21,86,77,54.23,249,638,1008,1560,193.9,24,4,1943,19,0,0,Luca Sirch,1. FC Kaiserslautern,964603,2675,DF
30,0,0.0,53,206,40.16,127,716,843,72.99,4,100.0,0,34,0,0,0,0,248,0,0,0,11,42,34,0,0,0,1,2,1,0,,,1,0,0.0,186,0,0,36,32,4,0,0,,6,75.0,0,13,0,312,0,1,0,34,3060,0,,0,0,0,1,0.0,3,0,1,0,318,0,20,7.18,0,0,17,71,34,107,0,26,0.0,0.0,0,0,0,0,0,1,100.0,17,1,1,100.0,1,44,1,0,10,83.33,513,378,777,1155,244.0,0,2,1427,4,4,0,Ron-Robert Zieler,Hannover 96,41615,2541,GK
19,1,7.14,175,21,48.84,268,118,385,74.9,69,60.53,45,28,2,0,0,0,55,3,9,19,0,31,28,0,0,35,7,121,0,0,,,32,0,16.22,0,12,14,33,28,5,11,1,,57,42.86,0,0,3,129,5,26,2,25,1932,11,,0,0,3,0,100.0,0,3,0,0,234,13,0,7.18,1,10,0,0,0,0,0,0,161.0,0.0,5,50,24,26,29,10,62.5,0,18,12,66.67,26,34,16,14,126,51.01,43,390,138,514,200.9,74,4,850,29,4,1,Fraser Hornby,Darmstadt 98,914877,2576,FW
19,6,20.69,160,19,46.34,272,113,379,68.29,60,45.11,73,31,9,0,0,0,58,8,7,15,4,36,30,0,0,28,16,166,0,0,,,38,0,13.79,0,8,17,42,38,4,7,1,,69,42.59,2,0,3,176,5,39,6,26,2245,11,,0,0,1,0,100.0,0,1,0,1,292,12,0,7.17,0,0,0,0,0,0,0,0,280.63,0.0,0,41,17,23,20,8,38.1,0,33,27,81.82,39,36,21,29,129,43.73,41,437,147,555,215.0,58,3,925,30,5,0,Daniel Hanslik,1. FC Kaiserslautern,886170,2675,FW
72,6,42.86,239,74,65.49,601,552,1147,89.82,28,57.14,21,24,1,0,0,0,120,1,2,6,1,32,24,0,0,12,16,77,0,1,,,26,0,7.69,1,2,3,31,25,6,1,1,,71,55.91,1,0,1,130,23,24,1,22,1806,2,,0,1,0,0,0.0,0,0,0,0,174,6,0,7.17,0,0,0,0,0,0,0,0,903.0,0.0,0,13,13,16,4,8,61.54,0,38,24,63.16,23,108,13,14,99,56.25,113,702,589,1277,172.0,26,1,1565,28,4,0,Kai Klefisch,Darmstadt 98,928416,2576,MF
94,6,17.14,210,128,47.41,518,763,1275,82.85,68,59.65,46,33,1,0,0,0,142,3,3,6,10,175,33,0,0,15,10,138,0,1,,,45,0,5.88,25,2,3,36,32,4,2,0,,74,44.58,1,0,2,264,39,18,1,33,2956,2,,0,1,0,0,0.0,0,0,0,1,369,4,0,7.17,0,0,0,0,0,0,0,0,1478.0,0.0,0,33,1,16,12,16,38.1,0,33,21,63.64,17,177,42,35,142,50.71,270,741,833,1539,236.5,34,2,2121,26,7,0,Phil Neumann,Hannover 96,843108,2541,DF
27,9,24.32,294,21,46.67,455,165,611,79.04,26,44.07,33,32,6,0,0,1,126,7,7,17,3,10,32,0,0,43,14,168,0,1,,,26,0,9.52,0,8,14,43,34,9,7,1,,140,50.91,3,0,1,162,10,40,1,31,2588,6,,0,0,2,0,50.0,0,1,0,1,364,17,0,7.16,0,4,0,0,0,0,0,0,323.5,0.0,0,44,40,34,33,34,38.64,0,35,23,65.71,40,55,88,37,166,49.7,45,609,201,773,229.2,84,4,1328,71,4,0,Killian Corredor,Darmstadt 98,1127332,2576,MF
61,0,0.0,145,135,47.7,489,997,1486,83.91,109,72.19,42,32,2,0,0,0,116,5,3,2,4,211,32,0,0,5,19,85,0,1,,,22,0,9.38,19,3,5,52,43,9,3,0,,94,68.61,3,0,2,285,32,7,0,32,2856,1,,2,0,0,0,0.0,0,0,0,0,321,0,0,7.16,0,0,0,0,0,0,0,0,952.0,0.0,0,29,3,21,9,8,80.0,0,52,30,57.69,7,131,10,6,203,70.49,283,698,1079,1771,229.0,32,5,2261,35,11,0,Aleksandar Vukotić,Darmstadt 98,858360,2576,DF
17,1,16.67,114,43,59.72,426,1025,1450,93.07,59,63.44,34,31,3,0,0,0,78,0,2,3,8,136,31,0,0,4,19,94,0,0,,,33,0,16.67,37,3,6,40,35,5,3,0,,70,53.85,0,0,1,108,50,15,0,30,2653,0,,0,0,0,0,0.0,0,0,0,1,143,4,0,7.15,1,3,0,0,0,0,0,0,884.33,0.0,0,13,5,9,6,5,45.45,0,44,33,75.0,15,21,11,6,129,57.85,72,493,1071,1558,221.7,18,3,1982,26,9,1,Daniel Elfadli,Hamburger SV,945532,2676,DF
83,4,14.29,230,156,51.49,541,941,1478,84.03,88,60.69,57,32,3,0,0,0,116,3,3,9,6,181,32,0,0,9,18,116,0,2,,,23,0,11.54,15,3,6,51,46,5,2,1,,82,58.16,1,0,0,281,35,11,1,32,2858,3,,1,0,0,0,0.0,0,0,0,0,359,5,0,7.15,0,1,0,0,0,0,0,0,952.67,0.0,0,8,18,12,5,13,56.52,0,52,38,73.08,11,161,23,28,170,59.44,303,763,1024,1759,228.7,26,4,2312,18,8,0,Jean Hugonet,1. FC Magdeburg,989420,2591,DF
35,56,23.53,96,44,43.56,211,104,259,66.07,3,25.0,9,30,6,0,0,0,58,9,1,2,1,11,27,0,0,7,17,61,0,0,,,20,0,13.33,0,4,10,19,19,0,4,0,,43,45.26,0,0,0,133,11,55,4,16,1468,0,,0,1,3,0,100.0,0,3,0,0,457,4,0,7.14,0,0,0,0,0,0,0,0,367.0,0.0,8,10,20,12,16,3,27.27,0,21,16,76.19,54,84,11,238,46,42.99,101,498,132,392,192.9,30,2,1004,20,8,0,Marc Lorenz,Preußen Münster,36138,2590,MF
38,23,23.23,208,55,39.57,391,484,852,75.87,27,45.76,32,33,5,0,0,0,125,7,0,8,11,71,33,0,0,17,36,146,0,0,,,23,0,15.0,0,3,8,34,29,5,2,1,,164,58.99,0,0,0,271,32,26,1,33,2899,1,,0,0,0,0,0.0,0,0,0,2,522,4,0,7.14,1,2,0,0,0,0,0,0,966.33,0.0,0,8,12,6,6,35,47.3,0,81,55,67.9,26,97,74,99,191,56.68,139,662,560,1123,235.7,20,5,2074,49,4,1,Elias Baum,SV 07 Elversberg,1403018,2598,DF
68,8,17.02,237,130,47.62,626,1054,1672,84.19,45,48.39,48,33,4,0,0,0,128,5,0,8,8,169,33,0,0,7,15,98,1,0,,,18,0,10.53,38,2,6,52,43,9,2,0,,78,60.94,1,0,0,314,43,14,0,33,2970,1,,0,0,0,0,0.0,0,0,0,0,397,3,0,7.14,0,1,0,0,0,0,0,0,1485.0,0.0,0,15,4,4,7,5,33.33,0,60,42,70.0,14,159,15,47,123,55.66,273,895,1138,1986,235.7,19,3,2576,14,6,0,Tim Oberdorf,Fortuna Düsseldorf,844199,2588,DF
10,3,33.33,105,9,69.23,180,119,296,79.57,20,39.22,31,24,1,0,0,0,43,6,10,10,0,10,24,0,0,16,8,95,0,0,,,25,0,19.61,0,10,11,28,23,5,7,3,,53,45.3,2,0,0,76,5,17,7,18,1493,6,,0,0,0,0,0.0,0,0,0,0,161,4,0,7.14,0,1,0,0,0,0,0,0,149.3,0.0,0,38,13,12,29,12,42.86,0,23,13,56.52,17,18,28,9,73,43.45,13,245,136,372,171.4,51,1,628,18,9,0,Mahir Emreli,1. FC Nürnberg,286071,2523,FW
58,0,0.0,167,102,42.15,503,982,1485,83.47,118,64.48,65,29,1,0,0,0,144,2,5,5,9,135,29,0,0,4,25,127,0,1,,,35,0,10.71,7,3,4,34,28,6,3,0,,81,56.64,2,0,0,294,38,12,0,29,2544,4,,2,0,0,0,0.0,0,0,0,1,330,2,0,7.13,0,1,0,0,0,0,0,0,848.0,0.0,0,25,3,15,8,4,57.14,0,42,28,66.67,12,113,7,5,199,61.04,242,706,1078,1779,206.9,28,3,2216,36,6,0,Timo Hübers,1. FC Köln,387220,2671,DF
17,0,0.0,38,46,52.27,91,259,350,82.94,15,50.0,15,12,0,0,0,0,26,0,1,2,2,53,12,0,0,0,7,29,2,0,,,9,0,27.27,16,3,3,22,22,0,3,0,,29,67.44,1,0,0,72,8,9,0,12,1080,4,,0,1,0,0,0.0,0,0,0,0,171,0,0,7.13,0,2,0,0,0,0,0,0,360.0,0.0,0,10,1,4,5,1,100.0,0,14,8,57.14,8,29,1,9,44,60.27,88,149,282,422,85.6,11,1,743,14,5,0,Torge Paetow,Preußen Münster,253477,2590,DF
19,10,19.61,312,23,56.1,485,178,653,83.29,11,40.74,16,31,7,0,0,0,92,11,9,26,0,13,31,0,0,35,10,143,0,0,,,31,0,5.0,0,3,10,34,32,2,2,1,,141,52.61,0,0,0,131,8,46,1,27,2119,11,,0,0,0,0,0.0,0,0,0,1,333,18,0,7.13,0,2,0,0,0,0,0,0,706.33,0.0,1,37,23,16,18,59,51.3,0,21,11,52.38,46,37,115,51,152,51.53,41,632,203,784,221.1,60,3,1303,62,5,0,Livan Burcu,1. FC Magdeburg,1513469,2591,FW
91,0,0.0,52,304,45.17,177,685,862,69.63,16,94.12,1,29,1,0,0,0,302,0,0,0,3,31,29,0,0,0,3,4,2,3,,,0,0,0.0,145,0,1,52,45,7,0,0,,2,40.0,0,19,0,376,1,3,0,28,2565,0,,0,0,0,0,0.0,2,0,0,0,381,0,14,7.13,0,0,15,63,41,104,2,14,0.0,0.0,0,0,0,0,0,0,0.0,15,1,0,0.0,3,138,0,0,18,81.82,673,462,776,1238,206.8,0,2,1526,1,1,0,Justin Heekeren,FC Schalke 04,932070,2530,GK
83,0,0.0,36,267,43.41,141,746,887,71.24,7,100.0,0,33,0,0,0,0,310,0,0,0,9,34,33,0,0,0,2,2,0,2,,,0,0,0.0,133,0,0,41,40,1,0,0,,6,75.0,0,27,0,358,0,0,0,33,2970,0,,0,0,0,0,0.0,4,0,0,0,364,0,12,7.13,0,0,20,64,35,102,1,17,0.0,0.0,0,0,0,0,0,1,100.0,19,2,1,50.0,0,126,1,0,13,86.67,615,396,849,1245,235.3,0,1,1551,5,0,0,Johannes Schenk,Preußen Münster,1022459,2590,GK
21,1,50.0,78,40,56.34,183,336,518,88.1,24,48.0,26,11,1,0,0,0,52,1,1,1,3,40,11,0,0,5,11,51,0,0,,,9,0,0.0,1,0,1,17,16,1,0,0,,44,63.77,0,0,1,70,15,4,0,11,982,2,,0,0,0,1,0.0,0,0,0,0,84,2,0,7.13,0,0,0,0,0,0,0,0,0.0,0.0,0,6,1,4,2,3,60.0,0,25,20,80.0,4,46,5,2,68,57.14,71,230,360,588,78.4,7,1,753,16,4,0,Maximilian Bauer,1. FC Kaiserslautern,940393,2675,DF
22,6,17.65,199,12,57.14,349,129,472,84.44,3,27.27,8,22,2,0,0,0,86,3,2,10,0,14,21,0,0,19,23,85,0,1,,,17,0,10.34,0,3,5,17,14,3,3,0,,76,49.67,1,0,1,87,13,28,0,15,1262,4,,0,0,0,0,0.0,0,0,0,0,190,13,0,7.12,1,2,0,0,0,0,0,0,420.67,0.0,0,19,10,11,8,38,66.67,0,24,18,75.0,28,31,57,34,79,48.17,21,448,145,559,149.5,29,1,871,14,3,1,Emir Sahiti,Hamburger SV,841985,2676,FW
18,1,20.0,70,50,32.26,172,569,740,78.64,89,52.66,80,25,2,0,0,0,61,2,2,4,6,126,24,0,0,0,11,114,0,0,,,23,0,10.71,77,3,5,31,30,1,3,0,,47,58.02,1,0,0,201,28,8,2,23,1996,2,,0,0,0,2,0.0,0,0,0,0,226,2,0,7.11,0,0,0,0,0,0,0,0,665.33,0.0,0,26,2,14,10,4,50.0,0,22,14,63.64,8,48,8,5,136,54.4,155,323,623,941,170.6,28,3,1287,24,8,0,Lukas Frenkert,Preußen Münster,1082633,2590,DF
33,4,25.0,121,53,51.96,389,702,1087,86.61,53,58.89,37,26,2,0,0,0,121,2,2,2,5,90,26,0,1,9,13,91,0,1,,,24,0,22.22,10,4,6,36,29,7,4,0,,84,60.87,0,0,0,168,27,10,1,25,2189,0,,0,0,3,1,100.0,0,3,0,0,218,1,0,7.1,1,3,0,0,0,0,0,0,547.25,0.0,0,15,3,7,9,12,60.0,0,48,30,62.5,10,57,20,16,137,60.09,102,508,763,1255,184.7,18,1,1617,25,10,0,Boris Tomiak,Hannover 96,877306,2541,DF
33,10,15.38,298,46,59.74,467,270,727,77.92,16,37.21,27,33,3,0,0,0,128,8,2,18,2,23,33,0,0,46,11,179,0,2,,,35,0,7.25,0,5,8,44,36,8,3,2,,178,53.94,0,0,2,206,16,45,0,33,2657,2,,0,0,1,1,100.0,0,1,0,0,478,17,0,7.1,0,5,0,0,0,0,0,0,531.4,0.0,0,24,45,31,20,75,54.74,0,63,43,68.25,45,69,137,65,194,52.01,77,686,312,933,234.4,69,3,1621,41,6,0,Ibrahim Maza,Hertha BSC,1407524,2528,MF
64,20,40.82,207,97,53.89,458,503,941,81.75,40,55.56,32,32,1,0,0,0,156,2,0,9,6,70,32,0,0,17,20,115,0,0,,,37,0,15.38,0,4,5,37,36,1,3,1,,116,58.29,2,0,0,210,42,31,2,32,2662,0,,0,0,0,0,0.0,0,0,0,0,299,6,0,7.1,0,0,0,0,0,0,0,0,665.5,0.0,1,12,14,11,6,21,67.74,0,70,43,61.43,31,124,31,49,156,57.56,180,648,552,1151,227.2,26,2,1591,29,7,0,Jorrit Hendrix,Preußen Münster,190875,2590,MF
6,0,0.0,35,11,52.38,81,95,176,87.13,7,70.0,3,3,0,0,0,0,10,0,0,1,1,11,3,0,0,0,3,7,0,0,,,2,0,0.0,12,0,0,1,1,0,0,0,,7,63.64,0,0,0,26,0,0,0,3,215,0,,0,0,0,0,0.0,0,0,0,0,30,0,0,7.1,0,0,0,0,0,0,0,0,0.0,0.0,0,2,1,2,0,4,100.0,0,2,2,100.0,0,13,4,1,14,66.67,21,101,102,202,21.3,3,0,232,1,1,0,Marc Kempf,Hertha BSC,226974,2528,DF
45,28,27.72,270,57,58.76,547,472,991,85.95,7,35.0,13,28,1,0,0,0,104,4,1,11,1,22,28,0,1,16,28,86,0,0,,,20,0,3.13,0,1,2,34,28,6,1,0,,93,56.02,0,0,0,162,29,38,1,25,2157,0,,0,0,0,0,0.0,0,0,0,0,294,3,0,7.1,1,0,0,0,0,0,0,0,2157.0,0.0,2,10,22,11,10,17,62.96,0,52,31,59.62,38,79,27,101,100,53.76,97,741,513,1153,198.7,32,0,1719,25,4,0,Fabian Nürnberger,Darmstadt 98,940886,2576,DF
11,4,20.0,196,13,76.47,311,155,462,80.49,37,43.02,49,33,7,0,0,0,79,7,17,9,2,21,33,0,0,52,13,188,0,0,,,53,0,14.29,0,9,16,39,34,5,8,1,,111,44.4,3,0,3,112,14,29,2,32,2586,5,,0,0,0,0,0.0,0,0,0,2,284,9,0,7.09,0,3,0,0,0,0,0,0,287.33,0.0,0,50,13,20,34,26,50.0,0,38,22,57.89,29,21,52,20,148,44.05,17,412,182,574,234.1,63,2,1072,48,4,0,Filip Bilbija,SC Paderborn 07,989630,2561,MF
20,2,33.33,213,30,69.77,376,235,609,79.61,58,51.79,54,29,4,0,0,0,90,4,7,26,3,17,29,0,1,59,9,176,0,1,,,23,0,15.29,0,13,17,50,45,5,11,2,,100,45.05,2,0,0,156,4,46,4,29,2501,13,,0,0,2,0,100.0,0,2,0,0,328,13,0,7.09,1,7,0,0,0,0,0,0,192.38,0.0,1,64,21,30,29,39,54.93,0,14,12,85.71,46,34,71,6,158,47.31,43,502,269,765,205.6,85,6,1220,47,6,0,Kenan Karaman,FC Schalke 04,168943,2530,MF
25,21,24.42,268,34,52.31,414,162,555,83.58,10,45.45,12,27,2,0,0,0,80,7,2,5,2,19,27,0,0,15,10,61,0,0,,,16,0,23.81,0,5,7,12,10,2,5,0,,44,47.31,0,0,0,109,12,24,1,16,1385,0,,1,0,1,0,100.0,0,1,0,0,228,9,0,7.09,0,4,0,0,0,0,0,0,277.0,0.0,1,9,12,7,9,14,63.64,0,13,10,76.92,24,47,22,86,54,46.96,65,566,184,664,191.4,21,2,965,17,3,0,Florian Kainz,1. FC Köln,78781,2671,MF
36,32,28.83,313,30,50.85,480,208,656,73.54,6,20.69,23,33,3,0,0,0,137,8,1,23,2,18,33,0,0,52,37,230,0,1,,,48,1,11.76,0,6,9,58,50,8,4,2,,186,47.33,0,0,2,236,10,47,6,33,2935,13,,0,0,0,1,0.0,0,0,0,1,523,24,0,7.09,0,0,0,0,0,0,0,0,489.17,14.29,7,23,28,14,14,46,39.32,0,57,32,56.14,47,78,117,111,192,45.5,59,760,243,892,233.9,51,2,1587,84,5,0,Branimir Hrgota,SpVgg Greuther Fürth,148076,2551,MF
19,20,18.52,150,15,57.69,245,159,384,71.11,16,23.53,52,34,6,0,0,0,87,8,11,22,3,15,34,0,0,52,13,187,1,0,,,15,0,15.29,0,13,19,58,50,8,12,1,,88,39.46,0,0,2,156,7,62,10,31,2819,8,,0,0,2,0,100.0,0,2,0,0,471,14,0,7.09,0,3,0,0,0,0,0,0,216.85,0.0,2,52,33,29,34,52,48.15,0,18,10,55.56,62,44,108,108,104,35.74,26,450,198,540,240.9,85,3,1153,19,3,0,Rayan Philippe,Eintracht Braunschweig,991824,2557,FW
6,5,26.32,104,4,30.77,201,177,373,81.8,23,28.75,57,33,4,0,0,0,79,6,26,13,6,16,33,0,0,16,10,117,0,0,,,23,0,23.75,0,19,23,52,47,5,19,0,,28,31.82,1,0,1,83,7,24,2,33,2968,18,,0,0,2,0,100.0,0,2,0,1,177,14,0,7.08,1,16,0,0,0,0,0,0,156.21,0.0,1,70,10,21,46,9,42.86,0,12,8,66.67,24,18,21,19,51,30.36,13,276,199,456,233.8,80,5,741,8,2,1,Martijn Kaars,1. FC Magdeburg,861850,2591,FW
20,0,0.0,67,71,68.93,319,882,1201,93.17,38,71.7,15,25,0,0,0,0,101,0,0,0,9,91,25,0,0,2,10,46,0,0,,,16,0,0.0,50,0,0,27,25,2,0,0,,77,71.3,0,0,0,88,24,4,0,22,2002,1,,0,0,0,1,0.0,0,0,0,0,105,0,0,7.08,0,0,0,0,0,0,0,0,0.0,0.0,1,1,2,3,0,4,50.0,0,58,38,65.52,4,34,8,2,115,71.43,103,373,918,1289,177.1,3,2,1559,15,5,0,Maximilian Rohr,SV 07 Elversberg,846398,2598,DF
50,1,16.67,186,70,50.0,495,1105,1599,90.03,72,54.55,60,31,2,0,0,0,137,3,3,1,8,139,31,0,0,10,14,117,1,3,,,31,0,23.08,1,3,5,40,34,6,3,0,,78,57.78,2,0,0,177,23,12,0,31,2732,1,,1,1,0,1,0.0,0,0,0,0,223,7,0,7.08,0,1,0,0,0,0,0,0,910.67,0.0,0,11,2,8,4,7,63.64,0,35,27,77.14,11,100,11,6,150,56.18,140,614,1168,1776,219.6,13,1,2171,37,5,0,Felix Götze,SC Paderborn 07,844131,2561,DF
6,1,7.69,148,15,48.39,246,173,418,77.7,10,33.33,20,24,5,0,0,0,86,5,2,13,0,18,24,0,0,26,6,87,0,0,,,18,0,10.53,0,4,9,13,12,1,3,1,,73,52.14,0,0,0,120,11,18,1,21,1672,3,,0,0,0,0,0.0,0,0,0,0,215,9,0,7.08,0,3,0,0,0,0,0,0,418.0,0.0,0,24,14,10,15,14,41.18,0,23,12,52.17,18,18,34,13,83,48.82,31,345,206,538,170.0,38,0,846,37,0,0,Tom Zimmerschied,SV 07 Elversberg,887457,2598,MF
48,4,19.05,162,69,60.0,340,360,696,81.21,9,42.86,12,22,3,0,0,0,97,4,2,4,3,18,22,0,0,17,22,78,0,1,,,13,0,20.0,0,4,7,21,16,5,4,0,,56,45.9,0,0,0,161,25,19,1,19,1666,0,,0,1,3,0,100.0,0,3,0,0,239,7,0,7.08,0,3,0,0,0,0,0,0,416.5,0.0,2,11,9,10,6,12,46.15,0,33,22,66.67,18,83,26,21,65,45.45,115,480,398,857,155.8,20,1,1135,11,5,0,Semih Şahin,SV 07 Elversberg,978767,2598,MF
19,0,0.0,6,162,43.78,50,797,847,79.98,16,94.12,1,32,0,0,0,0,282,0,0,0,8,35,32,0,0,0,1,2,1,2,,,0,0,0.0,227,0,0,54,46,8,0,0,,1,50.0,0,29,1,212,0,0,0,32,2880,0,,0,0,0,0,0.0,6,0,0,0,223,0,17,7.08,0,0,10,64,39,104,3,23,0.0,0.0,0,0,0,0,0,0,0.0,9,0,0,0.0,0,33,0,0,17,89.47,370,183,876,1059,226.5,0,3,1396,1,1,0,Jan Reichert,1. FC Nürnberg,1064986,2523,GK
28,0,0.0,57,86,64.18,291,796,1087,89.83,85,73.91,30,27,1,0,0,0,75,2,1,0,4,165,27,0,0,3,7,58,0,2,,,19,0,0.0,11,0,1,30,25,5,0,0,,47,62.67,0,0,1,123,24,5,0,22,2083,0,,0,0,0,1,0.0,0,0,0,0,136,1,0,7.08,0,0,0,0,0,0,0,0,0.0,0.0,0,8,0,6,2,1,100.0,0,39,21,53.85,5,53,1,0,132,69.47,134,366,844,1210,191.1,8,3,1530,7,5,0,Toni Leistner,Hertha BSC,137053,2528,DF
12,20,25.64,181,20,60.61,336,204,520,86.09,13,34.21,25,30,6,0,0,0,80,13,5,12,2,22,30,0,0,20,19,121,0,0,,,29,0,5.56,0,2,8,32,29,3,2,0,,85,46.96,0,0,0,84,14,38,1,20,1969,7,,0,0,0,1,0.0,0,0,0,0,251,8,0,7.07,0,1,0,0,0,0,0,0,984.5,0.0,0,25,11,12,12,40,58.82,0,26,11,42.31,38,23,68,78,98,44.75,33,462,220,604,212.2,36,1,1110,20,1,0,Alexander Nollenberger,1. FC Magdeburg,857470,2591,MF
13,11,34.38,217,19,52.78,367,184,540,80.36,5,21.74,18,25,2,0,0,0,69,9,2,13,2,7,25,0,0,35,19,141,0,1,,,22,0,11.43,0,4,6,26,20,6,4,0,,121,49.59,0,0,0,132,9,42,4,21,1755,4,,0,0,0,0,0.0,0,0,0,1,295,13,0,7.07,0,0,0,0,0,0,0,0,438.75,0.0,0,20,15,11,11,62,55.36,0,28,17,60.71,42,29,112,32,126,47.19,36,497,207,672,176.8,35,1,1083,32,3,0,Daisuke Yokota,1. FC Kaiserslautern,1108551,2675,MF
4,0,0.0,1,14,46.67,7,81,88,84.62,0,0.0,0,3,0,0,0,0,29,0,0,0,1,2,3,0,0,0,0,0,1,0,,,0,0,0.0,18,0,0,4,3,1,0,0,,0,0.0,0,1,0,16,0,0,0,3,270,0,,0,0,0,0,0.0,0,0,0,0,17,0,0,7.07,0,0,5,5,7,12,0,0,0.0,0.0,0,0,0,0,0,0,0.0,5,0,0,0.0,0,5,0,0,0,0.0,30,17,87,104,21.2,0,0,147,0,0,0,Matheo Raab,Hamburger SV,842718,2676,GK
30,2,11.76,151,43,60.56,269,209,476,78.29,26,61.9,16,21,2,0,0,0,93,2,1,13,4,21,20,0,0,20,9,82,0,0,,,27,0,15.38,0,6,8,32,28,4,4,2,,67,50.38,0,0,0,132,17,9,3,18,1610,0,,0,0,1,0,100.0,0,1,0,0,208,12,0,7.07,0,3,0,0,0,0,0,0,268.33,0.0,0,14,25,14,12,13,54.17,0,33,21,63.64,9,54,24,17,93,53.14,71,390,235,608,141.3,39,2,875,21,5,0,Lino Tempelmann,Eintracht Braunschweig,886133,2557,MF
22,8,20.51,148,25,64.1,213,92,297,80.71,2,10.53,17,25,4,0,0,0,42,9,1,11,0,1,25,0,0,8,10,87,0,0,,,20,0,18.52,0,5,9,19,17,2,4,1,,70,50.0,0,0,0,71,5,25,4,13,1068,5,,0,0,0,0,0.0,0,0,0,0,185,11,0,7.06,0,1,0,0,0,0,0,0,213.6,0.0,3,17,10,5,11,35,52.24,0,11,6,54.55,25,39,67,39,72,45.28,39,302,105,368,176.6,27,1,638,24,2,0,Xavier Amaechi,1. FC Magdeburg,934231,2591,FW
17,4,33.33,69,30,32.97,189,303,488,76.37,54,59.34,37,23,0,0,0,0,43,1,2,3,5,97,22,0,0,6,4,61,0,0,,,11,0,25.0,8,3,3,15,14,1,3,0,,38,61.29,1,0,0,151,16,5,0,16,1482,0,,0,0,0,0,0.0,0,0,0,0,191,2,0,7.06,0,2,0,0,0,0,0,0,494.0,0.0,0,12,0,4,5,5,50.0,0,19,12,63.16,5,48,10,12,92,60.13,91,308,343,639,155.4,12,2,925,16,5,0,Josh Knight,Hannover 96,895567,2541,DF
45,0,0.0,348,45,54.22,768,512,1280,86.6,17,53.13,15,31,1,0,0,0,163,2,3,15,6,17,31,0,0,20,24,99,0,0,,,28,0,9.68,0,3,4,27,23,4,2,1,,111,56.92,0,0,0,198,13,22,1,25,2326,3,,0,1,0,1,0.0,0,0,0,0,261,16,0,7.05,0,2,0,0,0,0,0,0,775.33,0.0,0,15,16,7,9,25,65.79,0,61,38,62.3,21,79,38,8,128,56.39,83,923,563,1478,218.7,31,2,1786,27,3,0,Denis Huseinbašić,1. FC Köln,1064842,2671,MF
70,2,22.22,134,91,39.06,331,674,1003,82.62,55,61.11,35,22,0,0,0,0,80,0,3,6,3,132,22,0,0,7,8,66,0,1,,,14,0,10.34,29,3,3,28,22,6,3,0,,39,55.71,1,0,2,211,29,6,2,21,1778,1,,0,1,0,0,0.0,0,0,0,0,243,1,0,7.05,0,0,0,0,0,0,0,0,592.67,0.0,1,20,9,14,9,1,25.0,0,28,18,64.29,5,130,4,9,94,58.75,233,485,738,1214,155.2,29,3,1551,12,2,0,Calvin Brackelmann,SC Paderborn 07,1128792,2561,DF
75,0,0.0,47,150,54.55,117,252,369,73.51,8,100.0,0,13,0,0,0,0,133,0,0,0,4,19,13,0,1,0,1,2,0,0,,,1,0,0.0,71,0,0,18,15,3,0,0,,2,50.0,0,21,0,133,0,1,0,13,1106,0,,0,0,0,0,0.0,3,0,0,0,143,0,9,7.05,1,0,11,21,11,32,0,1,0.0,0.0,0,0,1,0,1,1,100.0,11,1,0,0.0,1,105,1,3,10,83.33,275,224,281,502,91.7,1,2,648,0,1,0,Manuel Riemann,SC Paderborn 07,24937,2561,GK
14,0,0.0,24,116,39.19,75,304,379,67.2,15,93.75,1,17,0,0,0,0,181,0,0,0,3,19,17,0,0,0,2,3,1,0,,,0,0,0.0,109,0,0,29,27,2,0,0,,4,66.67,0,25,0,185,0,0,0,17,1530,0,,0,0,0,0,0.0,1,0,0,0,190,0,8,7.05,0,0,12,34,18,52,2,6,0.0,0.0,0,0,0,0,0,0,0.0,10,1,1,100.0,0,30,0,0,19,86.36,296,211,353,564,119.9,0,1,780,5,2,0,Ron Thorben Hoffmann,Eintracht Braunschweig,879710,2557,GK
17,6,28.57,97,11,55.0,184,101,279,73.04,48,41.74,67,27,0,0,0,0,39,1,12,10,1,7,27,0,0,16,6,119,0,0,,,21,0,25.81,0,16,16,49,41,8,15,1,,35,40.23,4,0,2,103,2,21,3,26,2225,13,,0,0,0,1,0.0,0,0,0,0,194,10,0,7.04,0,8,0,0,0,0,0,0,139.06,0.0,0,56,6,21,31,5,26.32,0,10,5,50.0,21,24,19,21,83,41.09,20,274,129,382,190.2,62,4,634,22,3,0,Moussa Sylla,FC Schalke 04,861980,2530,FW
20,19,24.05,73,18,33.96,149,114,244,73.72,7,58.33,5,15,2,0,0,0,48,6,2,4,2,27,14,0,0,5,4,33,0,1,,,12,0,0.0,1,0,2,21,19,2,0,0,,37,56.92,0,0,0,87,6,18,0,11,998,0,,0,0,0,0,0.0,0,0,0,0,194,6,0,7.04,0,0,0,0,0,0,0,0,0.0,0.0,4,4,8,7,1,3,25.0,0,21,15,71.43,18,46,12,79,44,57.14,53,271,139,331,98.6,12,0,621,13,2,0,Tim Handwerker,SSV Jahn Regensburg,857917,2567,MF
70,1,16.67,150,131,48.16,484,1188,1671,85.91,44,46.32,51,33,2,0,0,0,162,2,1,3,11,121,33,0,0,14,29,134,2,0,,,29,0,0.0,3,0,2,32,27,5,0,0,,111,57.22,0,0,1,274,43,15,0,33,2899,0,,0,0,0,0,0.0,0,0,0,1,326,4,0,7.04,0,0,0,0,0,0,0,0,0.0,0.0,0,8,1,4,2,16,55.17,0,64,43,67.19,15,168,29,6,155,53.63,272,699,1252,1945,232.4,9,1,2398,32,10,0,Lukas Finn Pinckert,SV 07 Elversberg,990105,2598,DF
24,5,33.33,234,46,51.11,495,545,1035,83.87,74,59.2,51,31,2,0,0,0,104,1,5,1,4,96,31,0,0,13,22,128,0,1,,,35,0,5.26,3,1,3,44,34,10,1,0,,131,62.98,0,0,0,199,42,15,0,30,2644,3,,0,0,0,1,0.0,0,0,0,0,271,7,0,7.04,0,1,0,0,0,0,0,0,2644.0,0.0,0,17,2,11,7,20,62.5,0,74,47,63.51,15,56,32,15,205,61.56,90,648,601,1234,218.2,19,1,1849,38,10,0,Deyovaisio Zeefuik,Hertha BSC,843156,2528,DF
99,30,26.55,282,110,65.48,607,685,1262,86.5,34,49.28,35,31,5,0,0,0,159,9,1,9,3,72,31,0,0,19,18,118,1,0,,,41,0,0.0,1,0,5,55,48,7,0,0,,92,52.57,0,0,0,197,30,32,0,26,2286,2,,0,0,0,0,0.0,0,0,0,1,336,13,0,7.04,1,0,0,0,0,0,0,0,0.0,0.0,2,6,15,10,2,14,70.0,0,51,31,60.78,32,142,20,113,126,51.64,168,838,734,1459,218.1,21,2,1941,29,9,1,Sven Köhler,Eintracht Braunschweig,802899,2557,MF
4,0,0.0,31,2,25.0,69,86,155,90.64,1,100.0,0,3,0,0,0,0,15,1,0,0,2,0,3,0,0,3,2,8,0,0,,,2,0,0.0,0,0,0,1,1,0,0,0,,14,63.64,0,0,0,16,2,2,0,3,270,0,,0,0,0,0,0.0,0,0,0,0,25,2,0,7.03,0,0,0,0,0,0,0,0,0.0,0.0,0,0,3,3,0,2,50.0,0,6,3,50.0,2,6,4,1,15,65.22,8,83,89,171,21.1,3,0,208,6,0,0,Ao Tanaka,Fortuna Düsseldorf,871886,2588,MF
20,21,28.77,116,26,41.27,230,276,485,81.79,18,56.25,14,20,4,0,0,0,68,3,0,3,4,27,20,0,0,10,23,79,0,2,,,28,0,0.0,0,0,4,26,23,3,0,0,,102,61.08,0,0,0,108,18,23,0,15,1397,1,,0,0,0,0,0.0,0,0,0,0,215,6,0,7.03,0,0,0,0,0,0,0,0,0.0,0.0,1,2,8,5,2,10,58.82,0,36,23,63.89,23,39,17,73,120,60.3,63,364,302,593,140.5,10,0,1041,58,3,0,Florian Kleinhansl,1. FC Kaiserslautern,1014806,2675,MF
71,0,0.0,103,144,55.38,427,1355,1782,88.48,55,57.89,40,31,2,0,0,0,113,0,1,0,8,180,31,0,0,5,12,75,0,0,,,15,0,8.33,16,1,3,47,40,7,1,0,,52,59.77,0,0,0,232,29,5,0,31,2693,3,,0,0,1,1,100.0,0,1,0,0,260,0,0,7.02,0,1,0,0,0,0,0,0,2693.0,0.0,0,10,2,5,7,10,66.67,0,29,15,51.72,5,134,15,2,107,58.79,260,571,1445,2014,217.7,12,0,2405,16,0,0,Robin Knoche,1. FC Nürnberg,130433,2523,DF
16,8,34.78,243,18,34.62,452,251,695,81.19,7,35.0,13,27,3,0,0,1,104,5,6,13,3,15,27,0,0,31,24,113,0,0,,,27,0,8.16,0,4,7,19,15,4,3,1,,70,41.18,1,0,0,161,13,32,1,23,2003,6,,0,0,1,0,0.0,0,0,0,0,265,19,0,7.02,0,2,0,0,0,0,0,0,500.75,0.0,0,25,24,21,15,15,45.45,0,41,26,63.41,32,38,33,23,77,40.53,52,599,280,856,189.5,49,1,1190,14,6,0,Dejan Ljubičić,1. FC Köln,869883,2671,MF
50,1,33.33,84,128,64.0,422,879,1300,88.92,95,69.34,42,30,0,0,0,0,66,0,2,2,7,177,30,0,0,2,7,64,1,1,,,16,0,18.75,1,3,3,44,43,1,3,0,,37,62.71,2,0,1,162,24,2,0,30,2587,0,,0,0,0,1,0.0,0,0,0,0,173,0,0,7.02,0,1,0,0,0,0,0,0,862.33,0.0,0,16,0,9,5,0,0.0,0,22,12,54.55,2,89,0,3,132,67.35,200,531,934,1462,210.5,16,2,1797,18,6,0,Marcel Franke,Karlsruher SC,121793,2553,DF
54,0,0.0,99,69,47.92,257,432,689,78.56,24,61.54,15,25,0,0,0,0,116,0,0,3,6,86,24,0,0,3,10,52,0,1,,,17,0,0.0,1,0,0,23,20,3,0,0,,81,68.64,0,0,0,188,38,5,0,23,1996,2,,0,0,0,0,0.0,0,0,0,0,231,4,0,7.02,0,0,0,0,0,0,0,0,0.0,0.0,0,7,2,5,1,16,69.57,0,33,22,66.67,5,100,23,13,105,66.88,144,406,484,877,168.4,9,1,1204,34,3,0,Niklas Kolbe,SSV Ulm 1846,803749,2580,DF
35,0,0.0,197,43,50.0,435,398,833,83.47,46,63.89,26,30,2,0,0,0,121,2,3,8,4,52,28,0,0,17,32,129,0,1,,,50,0,4.35,0,1,3,25,22,3,1,0,,122,54.22,0,0,0,165,38,16,0,25,2083,0,,0,0,0,0,0.0,0,0,0,0,229,11,0,7.01,1,1,0,0,0,0,0,0,2083.0,0.0,0,10,13,10,5,21,67.74,0,63,37,58.73,16,66,31,9,168,56.57,86,563,444,998,196.4,23,0,1381,39,10,1,Fabian Kunze,Hannover 96,823226,2541,MF
1,1,16.67,71,2,18.18,103,67,169,65.76,10,28.57,25,23,2,0,0,0,51,3,13,7,4,1,23,0,1,45,10,150,0,0,,,27,0,20.0,0,12,14,28,25,3,11,1,,82,39.61,4,0,1,88,0,17,0,19,1732,14,,0,0,0,0,0.0,0,0,0,0,260,13,0,7.01,1,8,0,0,0,0,0,0,144.33,0.0,0,49,11,15,38,31,40.79,0,17,12,70.59,17,8,76,6,92,38.02,11,182,81,257,161.3,60,1,638,34,4,0,Stefanos Tzimas,1. FC Nürnberg,1155321,2523,FW
16,18,33.33,99,32,50.79,181,130,293,73.07,8,47.06,9,21,0,0,0,0,33,1,1,2,3,39,19,0,0,2,5,36,0,0,,,18,0,8.33,0,1,1,11,8,3,1,0,,49,64.47,0,0,0,108,3,14,1,13,1214,1,,0,0,0,0,0.0,0,0,0,0,208,2,0,7.01,1,0,0,0,0,0,0,0,1214.0,0.0,2,6,6,5,5,1,20.0,0,26,20,76.92,14,42,5,54,57,61.29,63,296,159,401,133.2,12,2,777,22,1,1,Jannik Dehm,Hannover 96,572922,2541,DF
77,0,0.0,13,167,47.58,88,1068,1156,85.63,6,100.0,0,31,0,0,0,0,201,0,0,0,8,27,31,0,0,0,0,0,0,1,,,0,0,0.0,196,0,0,40,36,4,0,0,,4,100.0,0,13,0,194,0,1,0,31,2790,0,,0,0,0,0,0.0,5,0,2,0,199,0,12,7.01,0,0,14,55,21,78,0,16,0.0,0.0,0,0,0,0,0,0,0.0,14,0,0,0.0,1,114,0,0,10,100.0,351,203,1147,1350,217.3,0,2,1573,4,0,0,Daniel Fernandes,Hamburger SV,113442,2676,GK
33,0,0.0,19,175,41.08,74,1028,1102,80.85,7,77.78,2,34,0,0,0,0,262,0,0,0,13,30,34,0,0,0,0,2,1,1,,,0,0,0.0,196,0,0,37,32,5,0,0,,2,100.0,0,14,0,261,0,0,0,34,3060,0,,0,0,0,0,0.0,2,0,0,0,266,0,18,7.01,0,0,9,63,20,85,0,18,0.0,0.0,0,0,0,0,0,1,100.0,9,0,0,0.0,0,77,1,0,9,81.82,426,275,1088,1363,238.2,0,1,1655,1,2,0,Nicolas Kristof,SV 07 Elversberg,1131080,2598,GK
53,1,12.5,230,105,54.4,694,950,1643,89.39,71,64.55,39,30,0,0,0,0,105,0,2,4,6,93,30,0,0,6,12,88,0,1,,,30,0,9.09,44,1,1,42,39,3,1,0,,78,61.42,1,0,1,195,45,14,0,29,2514,0,,0,0,0,3,0.0,0,0,0,0,228,1,0,7.0,0,0,0,0,0,0,0,0,2514.0,0.0,0,9,2,5,2,2,40.0,0,51,23,45.1,14,95,5,8,149,62.87,193,826,1020,1838,210.1,11,2,2218,26,6,0,Daniel Heber,1. FC Magdeburg,254409,2591,DF
28,1,16.67,154,79,49.69,461,929,1389,88.3,73,54.07,62,31,1,0,0,0,114,1,3,4,2,131,31,0,0,1,23,116,1,2,,,31,0,15.79,14,3,4,55,47,8,3,0,,89,62.24,2,0,0,184,49,13,0,30,2639,0,,0,0,0,1,0.0,0,0,0,0,203,2,0,7.0,1,1,0,0,0,0,0,0,879.67,0.0,0,19,0,7,8,0,0.0,0,62,40,64.52,13,55,0,6,162,58.27,159,603,976,1573,217.1,19,0,1986,28,4,1,Ron Schallenberg,FC Schalke 04,872358,2530,DF
15,12,38.71,220,12,63.16,386,178,552,85.19,3,23.08,10,22,1,0,0,0,68,2,0,9,1,3,22,0,0,17,12,69,0,2,,,14,0,14.81,0,4,5,21,18,3,3,1,,54,47.79,0,0,1,96,14,24,3,17,1466,5,,0,1,0,0,0.0,0,0,0,0,189,8,0,7.0,0,1,0,0,0,0,0,0,366.5,0.0,4,9,18,9,9,17,51.52,0,26,14,53.85,23,29,33,31,57,45.24,19,484,195,648,154.0,27,1,919,11,6,0,Philipp Förster,Darmstadt 98,268791,2576,MF
19,2,50.0,54,35,46.67,132,214,344,81.9,33,61.11,21,18,0,0,0,0,19,0,1,2,2,39,14,0,0,2,1,30,0,0,,,7,0,25.0,0,2,2,11,11,0,2,0,,26,74.29,1,0,0,76,9,4,0,11,941,1,,0,0,0,1,0.0,0,0,0,0,85,2,0,7.0,0,1,0,0,0,0,0,0,470.5,0.0,0,7,1,4,2,1,100.0,0,13,8,61.54,4,34,1,4,59,66.29,75,187,237,420,98.0,8,1,547,12,2,0,Simon Scherder,Preußen Münster,169341,2590,DF
16,3,33.33,37,40,45.98,136,449,582,83.02,61,76.25,19,23,1,0,0,0,41,1,1,0,2,97,21,0,0,1,1,23,1,1,,,1,0,16.67,5,1,2,24,21,3,1,0,,33,89.19,1,0,0,119,24,6,0,13,1319,0,,0,0,0,0,0.0,0,0,0,0,149,1,0,7.0,0,0,0,0,0,0,0,0,1319.0,0.0,0,6,0,4,2,2,66.67,0,16,11,68.75,6,34,3,9,94,80.34,87,223,487,701,147.0,6,1,940,15,1,0,Tomáš Kalas,FC Schalke 04,94099,2530,DF
2,0,0.0,0,6,54.55,0,54,54,90.0,1,100.0,0,1,0,0,0,0,9,0,0,0,0,1,1,0,0,0,0,0,0,0,,,0,0,0.0,4,0,0,1,1,0,0,0,,1,100.0,0,2,0,6,0,0,0,1,90,0,,0,0,0,0,0.0,0,0,0,0,6,0,1,7.0,0,0,0,1,0,1,0,0,0.0,0.0,0,0,0,0,0,1,100.0,0,0,0,0.0,0,4,1,0,2,100.0,11,2,58,60,7.0,0,0,69,0,2,0,Christian Mathenia,1. FC Nürnberg,142096,2523,GK
27,4,57.14,99,64,60.38,343,734,1073,90.63,43,53.75,37,21,2,0,0,0,69,0,1,7,3,79,21,0,1,2,9,73,1,0,,,22,0,7.14,9,1,3,27,23,4,1,0,,50,58.14,1,0,2,111,23,11,0,19,1623,0,,0,0,0,1,0.0,0,0,0,0,134,2,0,7.0,1,0,0,0,0,0,0,0,1623.0,0.0,0,14,0,5,2,9,69.23,0,34,18,52.94,11,46,13,7,93,56.02,106,413,778,1184,146.9,14,1,1449,8,3,0,Linus Gechter,Hertha BSC,1129364,2528,DF
35,4,20.0,219,31,52.54,381,283,660,78.67,13,34.21,25,25,3,0,0,0,108,8,1,15,3,29,25,0,0,42,12,147,0,1,,,38,0,7.5,0,3,6,33,29,4,2,1,,117,48.95,0,0,0,179,24,27,1,25,1993,0,,0,0,0,0,0.0,0,0,0,0,346,10,0,6.99,0,2,0,0,0,0,0,0,664.33,0.0,2,20,20,13,12,39,52.0,0,51,35,68.63,27,55,75,20,130,46.93,59,514,345,839,174.8,40,0,1324,27,11,0,Jens Castrop,1. FC Nürnberg,1019312,2523,MF
38,8,13.56,273,35,50.0,542,497,1031,84.44,34,42.5,46,30,2,0,0,0,97,3,0,6,7,61,30,0,0,16,25,124,1,0,,,30,0,12.5,0,3,5,39,30,9,3,0,,94,54.65,0,0,0,190,22,19,1,24,2230,4,,0,0,0,1,0.0,0,0,0,0,309,4,0,6.99,0,2,0,0,0,0,0,0,743.33,0.0,0,18,6,8,10,7,38.89,0,65,42,64.62,19,61,18,59,128,50.79,70,736,544,1221,209.7,24,2,1716,23,6,0,Matthias Zimmermann,Fortuna Düsseldorf,82240,2588,MF
20,1,100.0,60,58,37.66,175,602,776,82.03,47,46.53,54,25,1,0,0,0,76,2,2,3,8,118,25,0,0,4,16,102,1,0,,,27,0,0.0,51,0,1,23,22,1,0,0,,74,60.66,0,0,0,170,28,7,0,24,2154,0,,0,0,0,0,0.0,0,0,0,1,189,0,0,6.98,0,0,0,0,0,0,0,0,0.0,0.0,0,13,2,10,2,5,55.56,0,53,38,71.7,7,65,9,1,121,54.26,154,291,656,946,174.6,15,0,1274,16,9,0,Niko Koulis,Preußen Münster,941115,2590,DF
4,13,24.53,121,17,51.52,226,147,360,73.17,5,19.23,21,32,4,0,0,0,81,5,2,22,0,7,31,0,0,58,14,179,0,1,,,37,0,4.55,0,3,7,31,25,6,1,2,,148,48.37,0,0,1,132,3,30,0,24,2050,3,,0,0,0,0,0.0,0,0,0,4,374,12,0,6.98,1,3,0,0,0,0,0,0,683.33,0.0,2,37,29,23,21,47,47.47,0,31,14,45.16,30,18,99,53,153,46.08,33,367,178,492,216.5,66,2,1041,70,5,1,Maurice Krattenmacher,SSV Ulm 1846,1153365,2580,MF
62,2,10.53,244,104,55.61,459,516,973,81.7,22,44.0,28,30,1,0,0,0,114,2,2,6,1,31,30,0,0,15,39,124,0,0,,,35,0,21.05,0,4,5,37,36,1,3,1,,90,48.39,1,0,0,218,29,22,0,26,2231,2,,0,0,0,0,0.0,0,0,0,0,295,3,0,6.98,0,3,0,0,0,0,0,0,557.75,0.0,0,13,6,6,7,17,68.0,0,67,48,71.64,22,109,25,19,112,47.46,187,642,568,1191,209.5,19,0,1522,9,10,0,Leon Jensen,Karlsruher SC,842202,2553,MF
45,0,0.0,53,222,46.15,148,684,832,75.71,3,100.0,0,34,0,0,0,0,267,0,0,0,4,24,34,0,0,0,0,0,1,0,,,0,0,0.0,238,0,0,55,45,10,0,0,,3,100.0,0,22,0,267,1,0,0,34,3060,0,,0,0,0,0,0.0,2,0,0,0,275,0,11,6.98,0,0,8,60,44,104,0,29,0.0,0.0,0,0,0,0,0,0,0.0,8,1,1,100.0,0,73,0,0,6,100.0,481,371,728,1099,237.4,0,1,1427,3,2,0,Marcel Schuhen,Darmstadt 98,132654,2576,GK
43,3,23.08,323,72,53.33,728,781,1506,88.8,28,50.91,27,33,1,0,0,0,179,4,0,3,7,56,33,0,0,22,33,107,2,0,,,15,0,7.14,0,1,2,45,41,4,1,0,,106,56.99,0,0,0,190,31,26,0,33,2689,0,,0,1,0,0,0.0,0,0,0,0,271,2,0,6.98,0,1,0,0,0,0,0,0,2689.0,0.0,0,2,12,7,4,15,55.56,0,62,45,72.58,25,102,27,13,134,55.6,135,876,833,1696,230.4,14,0,2104,30,4,0,Silas Gnaka,1. FC Magdeburg,867399,2591,MF
34,35,25.74,164,40,43.96,326,176,467,72.07,20,57.14,15,26,4,0,0,0,80,7,1,9,1,24,25,0,0,10,12,70,0,1,,,15,1,10.71,0,3,7,37,35,2,1,2,,45,45.0,0,0,0,181,11,38,3,19,1656,8,,0,0,0,0,0.0,0,0,0,0,345,10,0,6.98,0,0,0,0,0,0,0,0,552.0,50.0,2,10,18,14,5,13,40.63,0,26,14,53.85,38,66,32,136,65,48.15,91,573,211,648,174.5,28,0,1047,7,4,0,Tobias Mohr,FC Schalke 04,237048,2530,MF
7,16,25.4,119,19,43.18,227,245,456,87.36,11,40.74,16,18,1,0,0,0,52,2,1,1,4,32,18,0,0,6,7,40,0,1,,,5,0,9.09,0,1,2,16,10,6,1,0,,36,60.0,0,0,1,66,12,11,0,15,1254,4,,0,0,0,1,0.0,0,0,0,0,157,4,0,6.98,0,1,0,0,0,0,0,0,1254.0,0.0,0,9,2,5,5,10,62.5,0,20,8,40.0,11,21,16,63,47,54.02,44,319,266,522,125.6,11,1,821,6,1,0,Nicolas Gavory,Fortuna Düsseldorf,272761,2588,DF
8,2,16.67,107,7,50.0,183,115,296,80.43,9,45.0,11,16,2,0,0,0,51,2,3,7,2,6,16,0,0,15,11,63,0,0,,,19,0,16.67,0,4,6,14,12,2,4,0,,48,48.0,1,0,1,72,12,7,0,15,1204,2,,0,0,0,0,0.0,0,0,0,0,146,14,0,6.98,0,3,0,0,0,0,0,0,301.0,0.0,0,17,7,9,8,4,28.57,0,23,12,52.17,7,18,14,12,57,47.5,14,249,131,368,111.6,24,1,580,21,4,0,Marvin Mehlem,SC Paderborn 07,797691,2561,MF
18,23,25.84,92,12,41.38,192,106,275,76.39,6,42.86,8,15,3,0,0,1,46,3,2,6,0,1,15,0,0,29,4,71,1,1,,,9,0,13.64,0,3,6,14,12,2,2,1,,37,37.0,1,0,2,85,5,23,0,12,1063,1,,0,0,2,0,50.0,0,1,0,0,241,12,0,6.97,0,2,0,0,0,0,0,0,354.33,0.0,4,8,14,6,10,18,46.15,0,7,6,85.71,23,37,39,89,43,37.72,29,321,128,360,104.6,22,1,635,12,1,0,Oliver Batista Meier,SSV Ulm 1846,907685,2580,MF
25,6,24.0,149,66,78.57,453,511,958,93.28,27,71.05,11,24,0,0,0,0,126,2,2,1,1,31,24,0,1,20,17,81,1,0,,,29,0,15.38,0,2,2,30,25,5,2,0,,77,52.38,1,0,3,69,23,10,1,17,1561,0,,0,0,0,1,0.0,0,0,0,0,134,7,0,6.97,1,0,0,0,0,0,0,0,780.5,0.0,0,8,5,6,6,7,53.85,0,38,25,65.79,10,35,13,25,104,56.22,84,517,535,1027,167.3,13,1,1313,32,8,0,Giovanni Haag,Fortuna Düsseldorf,965242,2588,MF
27,0,0.0,51,36,42.86,196,578,774,88.46,26,54.17,22,17,1,0,0,0,53,1,0,3,3,77,17,0,0,1,4,34,0,0,,,8,0,14.29,43,1,2,15,12,3,0,1,,12,50.0,0,0,0,101,19,3,1,13,1244,0,,0,0,0,0,0.0,0,0,0,0,110,0,0,6.97,0,0,0,0,0,0,0,0,1244.0,0.0,0,5,2,3,1,1,100.0,0,9,2,22.22,3,57,1,0,38,52.78,84,264,611,875,118.5,7,1,1038,2,2,0,Florian Yves Le Joncour,SV 07 Elversberg,787816,2598,DF
15,18,22.22,194,17,53.13,422,211,615,86.74,4,25.0,12,27,7,0,0,0,53,7,0,3,0,9,26,0,0,13,13,64,0,0,,,11,0,6.67,0,1,8,21,16,5,0,1,,47,47.47,0,0,0,94,7,30,0,16,1558,2,,0,0,0,0,0.0,0,0,0,0,213,5,0,6.97,0,1,0,0,0,0,0,0,1558.0,0.0,1,7,8,5,7,8,33.33,0,20,9,45.0,30,35,24,81,51,44.35,32,555,235,709,181.2,15,1,967,20,4,0,Shinta Appelkamp,Fortuna Düsseldorf,980466,2588,MF
21,5,25.0,187,16,51.61,307,169,471,78.63,9,33.33,18,30,3,0,0,1,64,4,9,26,1,12,30,0,0,29,13,106,0,0,,,28,0,10.13,0,8,11,26,22,4,7,1,,52,37.14,0,0,1,128,6,23,8,19,1669,4,,0,0,4,0,75.0,0,3,0,1,238,8,0,6.97,0,0,0,0,0,0,0,0,208.63,0.0,3,45,34,28,25,17,43.59,0,18,10,55.56,23,35,39,20,61,36.53,31,415,204,599,209.0,79,1,924,18,4,0,Luca Waldschmidt,1. FC Köln,319861,2671,MF
5,0,0.0,17,13,36.11,77,278,355,88.09,17,58.62,12,12,0,0,0,0,23,1,0,0,2,57,12,0,0,0,3,33,0,0,,,18,0,0.0,3,0,0,7,7,0,0,0,,26,55.32,0,0,0,48,16,3,0,10,916,0,,0,0,0,2,0.0,0,0,0,0,52,0,0,6.97,0,0,0,0,0,0,0,0,0.0,0.0,0,0,0,0,0,1,50.0,0,20,14,70.0,3,19,2,0,43,56.58,36,114,289,403,83.6,0,0,541,6,2,0,Joel Schmied,1. FC Köln,965950,2671,DF
87,7,38.89,177,152,50.84,443,822,1258,82.71,53,67.09,26,30,0,0,0,0,95,2,0,2,3,122,30,0,0,6,11,81,0,0,,,39,0,0.0,54,0,0,44,37,7,0,0,,63,53.39,0,0,1,263,41,15,0,27,2494,0,,0,0,0,0,0.0,0,0,0,0,321,2,0,6.97,1,0,0,0,0,0,0,0,0.0,0.0,0,9,4,8,3,3,75.0,0,45,32,71.11,15,183,4,18,116,58.88,299,634,905,1521,209.0,13,2,1954,16,13,1,Márton Dárdai,Hertha BSC,980618,2528,DF
62,2,18.18,185,82,65.6,439,454,891,83.74,68,54.84,56,32,0,0,0,0,110,2,1,2,4,65,31,0,0,8,22,118,0,1,,,29,0,20.83,1,5,5,22,21,1,3,2,,72,53.73,0,0,1,173,29,11,0,19,1771,0,,0,0,3,0,100.0,0,3,0,0,224,5,0,6.96,0,5,0,0,0,0,0,0,354.2,0.0,0,11,13,13,9,7,53.85,0,45,27,60.0,11,107,13,11,140,54.26,125,567,508,1064,215.9,24,1,1405,24,4,0,Carlo Sickinger,SV 07 Elversberg,845653,2598,MF
1,1,50.0,17,1,33.33,26,15,40,56.34,14,63.64,8,10,0,0,0,0,12,1,1,4,0,3,8,0,0,7,1,20,0,0,,,4,0,8.33,0,1,1,8,7,1,1,0,,12,50.0,0,0,0,31,1,6,0,3,321,4,,0,0,0,0,0.0,0,0,0,2,52,3,0,6.96,0,1,0,0,0,0,0,0,321.0,0.0,0,10,2,4,4,7,77.78,0,1,0,0.0,6,2,9,2,26,56.52,3,55,18,71,55.7,12,0,135,4,1,0,Felix Platte,SC Paderborn 07,352264,2561,FW
3,6,23.08,53,2,20.0,91,39,124,68.89,21,61.76,13,14,1,0,0,0,40,1,2,10,0,8,13,0,0,8,7,54,0,0,,,12,0,3.57,0,1,2,20,17,3,1,0,,46,52.87,0,0,0,56,3,12,0,12,959,6,,0,0,0,0,0.0,0,0,0,0,135,12,0,6.96,0,1,0,0,0,0,0,0,959.0,0.0,1,18,10,9,9,13,46.43,0,17,13,76.47,12,8,28,26,67,55.37,10,153,53,180,90.5,28,2,378,16,2,0,Dominik Kother,SSV Jahn Regensburg,987600,2567,MF
17,0,0.0,22,129,41.21,77,308,385,67.43,3,100.0,0,19,0,0,0,0,155,0,0,0,3,12,19,1,0,0,1,1,1,2,,,0,0,0.0,106,0,0,23,20,3,0,0,,3,75.0,0,14,0,186,1,0,0,19,1611,0,,0,0,0,0,0.0,4,0,1,0,191,0,3,6.96,0,0,12,27,16,45,0,10,0.0,0.0,0,0,0,0,0,2,100.0,12,0,0,0.0,0,41,2,0,6,85.71,313,223,348,571,132.2,0,0,722,3,2,0,Christian Ortag,SSV Ulm 1846,231150,2580,GK
10,21,25.0,131,12,44.44,183,55,217,66.16,11,37.93,18,31,5,0,0,0,65,11,4,6,0,11,30,0,0,20,16,93,0,0,,,20,0,15.79,0,3,8,25,22,3,3,0,,100,57.14,0,0,0,111,9,38,2,14,1427,0,,0,1,0,1,0.0,0,0,0,1,265,7,0,6.96,0,1,0,0,0,0,0,0,475.67,0.0,0,14,5,7,6,27,57.45,0,25,11,44.0,37,23,47,84,111,54.41,27,328,84,328,208.7,19,1,714,48,2,0,Luca Marseiler,Darmstadt 98,797871,2576,MF
23,5,33.33,162,54,37.5,443,701,1139,86.88,56,58.95,39,28,2,0,0,0,74,1,1,6,4,71,27,0,0,2,11,80,0,0,,,25,0,0.0,36,0,2,22,18,4,0,0,,55,57.29,0,0,0,172,24,9,0,22,1927,0,,0,0,0,1,0.0,0,0,0,0,204,3,0,6.96,0,0,0,0,0,0,0,0,0.0,0.0,0,11,1,4,2,5,55.56,0,43,26,60.47,9,58,9,15,111,58.12,144,572,754,1311,187.8,12,3,1585,8,7,0,Dominique Heintz,1. FC Köln,136922,2671,DF
54,7,25.0,190,70,37.63,424,796,1213,83.89,31,42.47,42,30,3,0,0,0,150,3,0,2,4,84,30,0,0,9,14,95,0,1,,,20,0,25.0,31,1,4,44,38,6,1,0,,98,64.9,0,0,1,233,47,16,0,28,2506,0,,0,0,0,1,0.0,0,0,0,0,324,6,0,6.95,0,1,0,0,0,0,0,0,2506.0,0.0,0,4,0,1,1,16,59.26,0,67,38,56.72,16,119,27,28,129,57.59,186,622,852,1446,208.5,4,3,1979,17,1,0,Luca Itter,SpVgg Greuther Fürth,836939,2551,DF
0,0,0.0,5,0,0.0,11,13,24,80.0,0,0.0,1,5,0,0,0,0,1,0,0,1,0,2,4,0,0,0,0,3,0,0,,,0,0,16.67,0,1,1,1,1,0,1,0,,6,75.0,0,0,0,6,0,1,0,0,59,0,,0,0,1,0,100.0,0,1,0,1,10,0,0,6.95,0,1,0,0,0,0,0,0,59.0,0.0,0,5,1,2,3,2,50.0,0,1,0,0.0,1,0,4,0,6,66.67,2,13,17,30,27.8,6,0,49,3,2,0,Taylan Duman,1. FC Nürnberg,836998,2523,MF
7,0,0.0,2,19,41.3,12,34,46,62.16,0,0.0,0,3,0,0,0,0,18,0,0,0,0,5,2,0,0,0,0,0,0,0,,,0,0,0.0,16,0,0,3,2,1,0,0,,1,100.0,0,2,0,28,0,0,0,2,181,0,,0,0,0,0,0.0,0,0,0,0,28,0,2,6.95,0,0,1,5,0,5,0,0,0.0,0.0,0,0,0,0,0,0,0.0,1,0,0,0.0,0,11,0,0,1,100.0,46,35,39,74,13.9,0,0,94,1,0,0,Simon Simoni,1. FC Kaiserslautern,1006116,2675,GK
21,0,0.0,25,95,38.62,81,90,171,52.78,5,83.33,1,10,0,0,0,0,95,0,0,0,2,8,10,0,0,0,0,1,2,1,,,0,0,0.0,80,0,0,18,15,3,0,0,,1,100.0,0,11,0,153,0,0,0,10,900,0,,0,0,0,0,0.0,1,0,0,0,159,0,2,6.95,0,0,0,23,13,37,0,5,0.0,0.0,0,0,0,0,0,0,0.0,0,0,0,0.0,0,44,0,0,6,85.71,246,218,106,324,69.5,0,0,427,2,1,0,Julian Pollersbeck,SSV Jahn Regensburg,271017,2567,GK
27,21,24.14,294,37,59.68,461,150,590,76.03,11,35.48,20,31,3,0,0,0,100,3,7,18,1,11,31,0,0,65,19,191,0,2,,,45,0,14.29,0,9,12,27,23,4,8,1,,100,36.9,0,0,0,186,13,46,1,30,2428,3,,0,0,0,0,0.0,0,0,0,0,445,16,0,6.95,0,8,0,0,0,0,0,0,269.78,0.0,12,33,30,22,23,30,39.47,0,32,24,75.0,46,50,76,87,111,36.75,62,678,185,776,215.4,63,1,1353,38,5,0,Muhammed Damar,SV 07 Elversberg,1128638,2598,MF
91,0,0.0,70,206,32.39,139,668,807,64.66,13,86.67,2,29,0,0,0,0,281,2,0,0,2,40,29,0,0,0,2,4,2,1,,,0,0,0.0,158,0,0,50,42,8,0,0,,2,50.0,0,22,0,441,0,3,0,29,2601,0,,0,0,0,0,0.0,6,0,2,0,451,0,12,6.94,0,0,28,61,24,88,0,15,0.0,0.0,0,0,0,0,0,0,0.0,27,0,0,0.0,3,154,0,0,15,78.95,636,507,741,1248,201.4,0,1,1545,5,3,0,Nahuel Noll,SpVgg Greuther Fürth,1048651,2551,GK
20,12,23.53,146,22,42.31,265,242,495,72.58,17,44.74,21,28,1,0,0,0,128,4,0,5,4,33,27,0,0,21,26,120,1,0,,,25,0,6.67,0,1,2,32,25,7,1,0,,117,54.17,0,0,0,187,34,25,0,24,2065,1,,0,0,0,0,0.0,0,0,0,0,390,7,0,6.94,0,1,0,0,0,0,0,0,2065.0,0.0,0,9,6,6,4,24,45.28,0,60,38,63.33,25,39,53,51,134,52.76,52,444,289,682,187.5,15,1,1355,33,6,0,Romario Rösch,SSV Ulm 1846,935283,2580,MF
31,1,16.67,58,61,47.66,154,352,505,76.75,45,56.25,35,22,0,0,0,0,81,0,1,3,5,105,21,0,0,3,16,70,0,1,,,16,0,9.09,7,1,1,29,26,3,1,0,,72,67.29,0,0,1,153,30,5,0,20,1777,1,,0,0,0,0,0.0,0,0,0,0,173,2,0,6.94,1,1,0,0,0,0,0,0,1777.0,0.0,0,9,2,4,4,4,80.0,0,46,27,58.7,5,61,5,6,117,62.57,128,254,410,658,145.8,11,0,971,23,3,1,Leopold Wurm,SSV Jahn Regensburg,1516394,2567,DF
16,3,17.65,213,23,56.1,444,345,786,86.47,21,47.73,23,26,2,0,0,0,102,2,3,4,4,21,26,0,0,35,16,115,0,1,,,23,0,11.11,0,2,4,18,16,2,1,1,,85,48.02,1,0,0,123,27,24,0,18,1633,3,,0,0,0,0,0.0,0,0,0,0,232,7,0,6.94,0,1,0,0,0,0,0,0,816.5,0.0,0,10,8,5,9,23,56.1,0,46,28,60.87,24,24,41,17,106,47.96,41,548,378,909,180.5,18,0,1253,16,5,0,Ludovit Reis,Hamburger SV,893586,2676,MF
32,1,20.0,121,72,50.35,392,1096,1487,90.01,59,55.14,48,31,0,0,0,0,117,2,1,2,4,143,31,0,0,4,22,99,0,0,,,24,0,8.33,0,1,1,45,40,5,1,0,,67,56.78,0,0,1,165,31,9,1,30,2668,0,,0,0,0,0,0.0,0,0,0,0,193,1,0,6.94,0,0,0,0,0,0,0,0,2668.0,0.0,0,12,0,7,3,1,25.0,0,53,36,67.92,9,58,4,5,126,56.0,143,506,1151,1652,215.2,12,1,2010,16,6,0,Jan Elvedi,1. FC Kaiserslautern,576154,2675,DF
31,0,0.0,22,124,33.07,89,265,354,58.13,5,100.0,0,17,0,0,0,0,180,0,0,0,4,12,17,0,0,0,2,2,2,1,,,1,0,0.0,86,0,0,25,20,5,0,0,,0,0.0,0,18,0,255,0,0,0,15,1449,0,,0,0,0,0,0.0,1,0,0,0,257,0,3,6.94,0,0,9,34,20,54,0,13,0.0,0.0,0,0,0,0,0,0,0.0,8,0,0,0.0,0,62,0,0,5,71.43,375,310,299,609,118.0,0,1,779,2,2,0,Niclas Thiede,SSV Ulm 1846,921031,2580,GK
7,5,17.86,130,6,85.71,196,77,268,78.13,25,39.68,38,33,4,0,0,0,71,8,1,14,2,12,33,0,0,45,9,160,0,0,,,31,0,15.79,0,6,10,26,21,5,3,3,,87,41.63,0,0,0,75,6,19,1,17,1653,7,,0,1,0,0,0.0,0,0,0,2,270,11,0,6.94,0,5,0,0,0,0,0,0,275.5,0.0,0,23,15,13,11,40,50.63,0,15,6,40.0,18,10,79,28,112,41.18,7,281,90,343,229.0,38,1,765,32,6,0,Ilyas Ansah,SC Paderborn 07,1462742,2561,FW
28,7,36.84,76,50,40.65,192,498,683,82.09,27,40.91,39,25,1,0,0,0,81,1,0,3,5,88,23,0,0,7,7,71,0,0,,,14,0,16.67,18,1,2,27,23,4,1,0,,51,61.45,0,0,0,149,28,9,0,21,1922,2,,0,0,1,2,100.0,0,1,0,0,196,0,0,6.94,0,1,0,0,0,0,0,0,1922.0,0.0,0,4,2,2,1,9,64.29,0,34,30,88.24,9,58,14,19,78,52.35,123,303,548,832,159.6,6,2,1113,8,2,0,Johannes Reichert,SSV Ulm 1846,110496,2580,DF
17,0,0.0,68,46,51.69,387,926,1313,90.87,52,58.43,37,23,0,0,0,0,61,0,1,2,4,125,23,0,1,1,13,72,1,0,,,21,0,0.0,19,0,0,26,24,2,0,0,,45,56.25,0,0,0,132,21,2,0,19,1771,0,,0,0,0,1,0.0,0,0,0,1,148,0,0,6.94,2,0,0,0,0,0,0,0,0.0,0.0,0,9,2,7,2,1,100.0,0,34,25,73.53,2,36,1,1,97,57.4,89,468,978,1445,159.6,11,0,1729,11,5,1,Sebastian Schonlau,Hamburger SV,326325,2676,DF
27,28,24.56,172,23,44.23,340,191,503,79.84,12,70.59,5,21,1,0,0,0,46,2,1,2,5,32,21,0,0,7,14,48,0,1,,,15,0,0.0,0,0,1,21,19,2,0,0,,48,52.75,0,0,1,127,10,21,0,17,1561,1,,0,1,0,0,0.0,0,0,0,0,266,1,0,6.94,0,0,0,0,0,0,0,0,0.0,0.0,3,5,6,6,3,11,57.89,0,24,12,50.0,20,64,19,114,60,55.56,52,527,217,630,145.7,11,0,1078,14,3,0,Bartłomiej Wdowik,Hannover 96,936874,2541,DF
67,3,25.0,233,95,53.98,591,629,1217,84.51,15,50.0,15,32,0,0,0,0,124,3,0,5,1,46,32,0,0,7,35,83,0,3,,,24,0,11.76,0,2,2,41,32,9,1,1,,93,57.76,0,0,0,223,20,20,0,31,2536,0,,0,1,0,0,0.0,0,0,0,0,269,6,0,6.94,0,2,0,0,0,0,0,0,1268.0,0.0,0,4,13,4,8,8,66.67,0,68,41,60.29,19,121,12,12,108,56.54,176,765,687,1440,222.0,17,1,1770,17,6,0,Andreas Müller,Darmstadt 98,1049628,2576,MF
16,0,0.0,10,68,39.31,45,145,190,63.97,1,100.0,0,11,0,0,0,0,98,0,0,0,3,8,11,1,0,1,1,2,0,0,,,0,0,0.0,80,0,0,21,15,6,0,0,,2,50.0,0,9,0,107,0,0,0,10,937,0,,0,0,0,0,0.0,2,0,0,0,111,0,5,6.94,0,0,1,24,14,39,0,8,0.0,0.0,0,0,0,0,0,0,0.0,1,1,0,0.0,0,27,0,0,3,60.0,173,126,171,297,76.3,0,1,423,1,0,0,Marko Johansson,Eintracht Braunschweig,793276,2557,GK
9,7,17.07,108,14,82.35,164,56,213,66.15,22,30.14,51,26,2,0,0,0,43,7,5,13,0,20,26,0,0,25,4,130,0,0,,,41,0,9.3,0,4,6,20,17,3,3,1,,36,31.3,0,0,3,109,3,20,4,16,1432,18,,0,0,0,0,0.0,0,0,0,1,240,15,0,6.93,0,0,0,0,0,0,0,0,358.0,0.0,0,26,17,21,9,15,55.56,0,13,8,61.54,20,15,27,41,58,30.85,17,287,76,322,180.3,43,1,606,9,6,0,Sven Michel,SC Paderborn 07,246431,2561,FW
9,0,0.0,84,10,76.92,163,99,262,68.77,49,37.4,82,29,0,0,0,1,43,2,6,10,0,17,29,0,0,28,6,161,0,0,,,27,0,24.49,0,12,12,25,19,6,12,0,,44,35.77,2,0,0,119,2,19,5,21,1718,8,,0,0,2,0,50.0,0,1,0,0,232,4,0,6.93,0,5,0,0,0,0,0,0,143.17,0.0,0,43,6,12,27,17,44.74,0,10,7,70.0,19,13,38,4,93,36.61,13,267,118,381,201.1,49,2,668,18,3,0,Semir Telalović,SSV Ulm 1846,1129765,2580,FW
16,1,16.67,105,10,66.67,158,64,221,65.38,72,42.35,98,34,1,0,0,0,45,4,11,20,1,26,34,0,0,32,4,179,0,0,,,33,0,10.14,0,7,8,22,18,4,7,0,,61,42.96,3,0,1,117,5,21,1,25,2151,6,,0,0,0,0,0.0,0,0,0,1,248,11,0,6.93,0,3,0,0,0,0,0,0,307.29,0.0,0,62,7,25,24,10,37.04,0,15,9,60.0,21,27,27,6,133,42.63,15,274,70,338,235.5,69,0,714,36,1,0,Nicolò Tresoldi,Hannover 96,1177167,2541,FW
4,3,33.33,14,8,66.67,27,30,54,85.71,1,20.0,4,5,1,0,0,0,5,2,0,0,0,3,4,0,0,1,0,5,0,0,,,0,0,0.0,0,0,1,3,3,0,0,0,,8,88.89,0,0,0,9,0,4,0,0,90,0,,0,0,0,0,0.0,0,0,0,0,19,0,0,6.93,0,0,0,0,0,0,0,0,0.0,0.0,0,0,1,1,0,4,100.0,0,3,3,100.0,4,8,4,9,9,64.29,12,39,33,63,27.7,1,0,98,1,1,0,Enrico Valentini,1. FC Nürnberg,40197,2523,DF
8,1,14.29,27,15,35.71,51,42,92,69.7,3,50.0,3,4,0,0,0,0,17,0,0,0,0,5,4,0,0,3,7,22,0,1,,,9,0,0.0,0,0,0,6,6,0,0,0,,19,50.0,0,0,0,40,5,1,0,4,332,0,,0,0,0,0,0.0,0,0,0,0,61,1,0,6.93,0,0,0,0,0,0,0,0,0.0,0.0,0,1,1,2,0,1,100.0,0,17,13,76.47,1,13,1,7,22,50.0,42,89,50,132,27.7,2,0,213,1,1,0,Benedikt Saller,SSV Jahn Regensburg,142118,2567,DF
5,4,21.05,52,3,20.0,105,109,210,79.25,7,53.85,6,21,3,0,0,0,41,1,2,2,0,5,18,0,0,11,6,42,0,0,,,10,0,14.29,0,3,6,11,7,4,3,0,,36,50.0,0,0,1,55,5,12,1,7,741,0,,0,0,0,0,0.0,0,0,0,0,119,6,0,6.92,0,2,0,0,0,0,0,0,247.0,0.0,0,11,10,7,12,10,52.63,0,13,7,53.85,12,23,19,19,43,50.59,15,162,122,265,124.6,21,2,428,13,1,0,Jomaine Consbruch,SpVgg Greuther Fürth,980631,2551,MF
54,8,21.05,145,65,48.51,297,396,685,80.68,20,60.61,13,20,0,0,0,0,58,1,2,1,2,53,19,0,0,5,3,56,0,0,,,26,0,6.67,1,1,1,24,23,1,1,0,,49,53.26,1,0,1,164,20,9,0,15,1265,1,,0,1,0,2,0.0,0,0,0,0,225,1,0,6.92,1,0,0,0,0,0,0,0,1265.0,0.0,0,4,11,8,6,9,47.37,0,29,19,65.52,8,113,19,38,69,55.2,134,450,437,849,131.5,15,0,1133,12,5,1,Laurin Curda,SC Paderborn 07,981788,2561,DF
39,49,29.7,224,66,48.53,512,511,974,83.53,10,43.48,13,31,3,0,0,0,96,6,0,2,1,48,31,0,0,6,32,70,1,1,,,12,0,27.27,0,3,6,41,35,6,3,0,,63,52.5,0,0,0,192,14,49,0,29,2425,4,,0,2,0,0,0.0,0,0,0,0,368,8,0,6.92,0,3,0,0,0,0,0,0,808.33,0.0,2,6,5,2,7,8,50.0,0,44,29,65.91,47,78,16,165,73,51.05,136,763,568,1166,214.5,11,1,1758,11,4,0,Sergio López,Darmstadt 98,927409,2576,DF
47,1,14.29,258,39,53.42,529,423,951,88.8,3,16.67,15,22,2,0,0,0,89,0,0,1,1,24,22,0,0,8,33,87,0,1,,,25,0,0.0,0,0,2,25,23,2,0,0,,84,53.85,0,0,0,120,16,8,0,18,1576,1,,0,0,0,0,0.0,0,0,0,0,162,4,0,6.92,0,0,0,0,0,0,0,0,0.0,0.0,0,3,2,4,0,8,53.33,0,50,30,60.0,8,77,15,7,87,50.0,73,626,452,1071,152.2,5,0,1300,26,4,0,Diego Demme,Hertha BSC,124318,2528,MF
16,6,20.69,203,10,71.43,309,137,440,89.98,2,22.22,7,24,4,0,0,0,60,4,0,5,0,12,24,0,1,24,13,75,0,0,,,7,0,25.0,0,4,8,32,28,4,4,0,,75,52.45,0,0,1,49,7,22,1,16,1393,0,,0,1,0,0,0.0,0,0,0,0,170,8,0,6.92,1,3,0,0,0,0,0,0,348.25,0.0,0,13,3,4,7,32,56.14,0,21,10,47.62,21,26,57,29,77,50.66,14,371,147,489,166.0,16,0,777,22,4,0,Myron Van Brederode,Fortuna Düsseldorf,1012925,2588,MF
36,1,50.0,54,64,47.76,268,833,1100,88.64,69,61.61,43,32,0,0,0,0,70,0,3,0,6,154,32,0,0,2,17,82,1,0,,,19,0,15.38,12,2,2,53,45,8,2,0,,63,61.76,0,0,1,141,47,6,1,28,2422,4,,0,0,0,0,0.0,0,0,0,0,152,1,0,6.91,0,1,0,0,0,0,0,0,1211.0,0.0,0,13,0,8,5,1,50.0,0,42,26,61.9,6,64,2,2,132,61.68,134,364,879,1241,221.2,13,1,1620,22,4,0,Ermin Bičakčić,Eintracht Braunschweig,103012,2557,DF
6,5,23.81,123,6,35.29,183,110,288,78.47,32,45.71,38,32,2,0,0,1,52,4,16,18,0,23,32,0,0,28,7,132,0,0,,,19,0,21.21,1,14,16,26,25,1,12,2,,44,31.88,3,0,3,79,8,17,0,19,1691,14,,0,0,1,0,0.0,0,0,0,0,213,5,0,6.91,0,11,0,0,0,0,0,0,120.79,0.0,0,53,13,19,29,21,33.87,0,6,5,83.33,17,14,62,21,76,36.54,17,259,129,367,221.1,66,3,722,17,4,0,Ransford Yeboah Königsdörffer,Hamburger SV,1012235,2676,FW
7,4,14.29,72,6,60.0,95,22,113,68.9,6,46.15,7,12,3,0,0,0,17,5,2,7,0,4,12,0,0,10,4,48,0,0,,,8,0,10.53,0,2,5,12,12,0,2,0,,18,30.51,0,0,0,51,2,18,1,5,606,4,,0,0,0,0,0.0,0,0,0,0,128,5,0,6.91,0,1,0,0,0,0,0,0,303.0,0.0,1,12,7,5,7,9,31.03,0,4,3,75.0,18,11,29,28,24,33.33,10,161,31,164,82.9,19,0,311,5,0,0,Aaron Opoku,1. FC Kaiserslautern,930136,2675,MF
4,2,10.0,54,7,33.33,87,63,148,69.81,12,66.67,6,14,0,0,0,0,25,1,1,2,1,21,12,0,0,8,9,39,0,0,,,11,0,22.22,0,2,2,10,9,1,0,2,,24,42.11,0,0,0,64,8,9,2,7,573,1,,0,0,0,0,0.0,0,0,0,0,114,0,0,6.91,0,0,0,0,0,0,0,0,286.5,0.0,0,7,2,4,3,6,54.55,0,11,10,90.91,9,11,11,20,36,48.0,21,152,80,212,82.9,9,1,402,7,3,0,Samuel Loric,1. FC Magdeburg,989076,2591,MF
12,6,42.86,53,9,60.0,103,50,147,81.67,4,44.44,5,12,2,0,0,0,25,3,1,3,0,7,12,0,0,4,4,29,0,1,,,11,0,0.0,0,0,2,9,7,2,0,0,,34,58.62,0,0,1,33,7,13,0,6,490,0,,0,0,0,0,0.0,0,0,0,0,62,0,0,6.91,1,0,0,0,0,0,0,0,0.0,0.0,0,6,5,6,2,4,44.44,0,16,10,62.5,13,16,9,14,38,56.72,15,136,58,180,82.9,11,0,299,14,2,1,Jean-Paul Boëtius,Darmstadt 98,138830,2576,MF
34,0,0.0,69,60,45.45,258,741,999,87.86,39,51.32,37,26,1,0,0,0,64,1,0,3,2,107,25,0,0,3,17,72,0,1,,,17,0,7.69,2,1,2,33,31,2,1,0,,49,58.33,0,0,0,138,32,6,0,18,1722,0,,0,0,0,1,0.0,0,0,0,0,158,0,0,6.91,0,0,0,0,0,0,0,0,1722.0,0.0,0,7,6,6,4,1,25.0,0,40,26,65.0,6,64,4,2,88,55.0,132,354,785,1137,172.7,13,0,1428,9,3,0,Jannis Heuer,1. FC Kaiserslautern,941561,2675,DF
30,3,50.0,81,53,47.32,171,408,576,83.72,24,51.06,23,18,0,0,0,0,54,2,0,2,5,84,18,0,0,3,9,49,0,0,,,15,0,33.33,13,2,2,18,17,1,2,0,,36,58.06,1,0,0,112,10,4,0,14,1318,0,,0,1,0,2,0.0,0,0,0,0,125,5,0,6.91,0,1,0,0,0,0,0,0,659.0,0.0,0,4,2,1,3,5,83.33,0,21,10,47.62,3,63,6,6,60,55.05,112,251,443,688,124.3,6,1,881,10,4,0,Christoph Kobald,Karlsruher SC,843600,2553,DF
46,1,20.0,77,55,39.01,210,440,649,80.62,40,58.82,28,20,0,0,0,0,69,0,1,2,1,83,19,0,1,4,13,60,1,0,,,16,0,11.11,16,1,1,30,28,2,1,0,,65,67.01,0,0,1,156,30,4,1,14,1317,0,,1,0,0,0,0.0,0,0,0,0,173,3,0,6.91,1,0,0,0,0,0,0,0,1317.0,0.0,0,8,1,3,4,5,100.0,0,40,24,60.0,4,81,5,5,105,63.64,141,323,487,805,131.2,9,1,1070,21,6,0,Jannis Nikolaou,Eintracht Braunschweig,132664,2557,DF
35,9,28.13,169,33,37.93,301,316,608,78.86,13,43.33,17,23,2,0,0,0,85,5,0,7,2,31,23,0,0,6,13,62,0,0,,,20,0,6.67,0,1,3,36,32,4,1,0,,77,63.11,0,0,0,163,29,16,1,19,1535,0,,0,0,0,1,0.0,0,0,0,0,248,2,0,6.9,0,0,0,0,0,0,0,0,1535.0,0.0,0,9,6,7,1,6,46.15,0,52,33,63.46,16,85,13,32,90,59.21,87,436,367,771,158.8,15,1,1204,21,5,0,Danilo Soares,1. FC Nürnberg,121551,2523,MF
7,0,0.0,6,13,54.17,34,101,135,87.1,6,75.0,2,4,0,0,0,0,17,0,1,0,0,6,3,0,0,1,2,5,0,0,,,0,0,20.0,0,1,1,8,8,0,1,0,,7,70.0,0,0,0,20,2,1,0,3,272,0,,0,0,0,0,0.0,0,0,0,0,23,0,0,6.9,0,1,0,0,0,0,0,0,272.0,0.0,0,5,0,4,1,1,100.0,0,5,4,80.0,1,15,1,0,13,72.22,24,46,109,155,20.7,5,0,184,1,1,0,Ibrahima Cisse,FC Schalke 04,993810,2530,DF
15,10,23.81,123,20,37.74,256,240,486,79.54,12,54.55,10,22,0,0,0,0,72,1,0,5,5,37,22,0,0,11,4,50,0,1,,,9,0,4.0,0,1,1,18,17,1,1,0,,59,59.6,0,0,0,125,15,14,0,15,1415,0,,0,0,0,1,0.0,0,0,0,0,241,0,0,6.9,0,1,0,0,0,0,0,0,1415.0,0.0,0,7,18,12,8,18,52.94,0,25,15,60.0,14,38,34,42,71,58.68,53,386,267,611,151.8,25,0,1005,17,1,0,Emmanuel Iyoha,Fortuna Düsseldorf,790775,2588,DF
27,13,22.41,206,31,33.7,383,295,665,81.9,6,15.79,32,25,2,0,0,0,63,8,2,2,6,48,24,0,0,17,6,103,0,0,,,26,0,0.0,0,0,2,23,21,2,0,0,,70,49.65,0,0,1,147,11,22,0,19,1667,1,,0,0,0,1,0.0,0,0,0,0,293,4,0,6.9,0,0,0,0,0,0,0,0,0.0,0.0,0,3,14,9,6,15,39.47,0,43,24,55.81,22,68,38,58,76,42.46,92,536,334,812,165.6,17,1,1317,12,4,0,William Mikelbrencis,Hamburger SV,1102528,2676,DF
0,0,0.0,1,0,0.0,5,0,5,50.0,5,62.5,3,1,0,0,0,0,1,0,0,0,0,0,1,0,0,0,0,3,0,0,,,0,0,0.0,0,0,0,0,0,0,0,0,,0,0.0,0,0,0,5,0,0,0,0,20,0,,0,0,0,0,0.0,0,0,0,0,5,1,0,6.9,0,0,0,0,0,0,0,0,0.0,0.0,0,1,0,1,0,0,0.0,0,0,0,0.0,0,0,0,0,5,62.5,2,10,0,10,6.9,1,0,15,0,0,0,Pierre-Michel Lasogga,FC Schalke 04,106269,2530,FW
5,3,37.5,19,6,66.67,39,32,68,80.95,0,0.0,4,4,0,0,0,0,13,0,0,1,0,1,4,0,0,3,1,14,0,0,,,3,0,0.0,0,0,0,6,4,2,0,0,,12,54.55,0,0,0,16,3,4,0,4,274,0,,0,0,0,0,0.0,0,0,0,0,37,2,0,6.9,0,0,0,0,0,0,0,0,0.0,0.0,0,1,1,0,1,2,40.0,0,5,5,100.0,4,7,5,8,12,46.15,9,56,36,84,27.6,2,0,158,5,1,0,Matthias Bader,Darmstadt 98,800444,2576,MF
29,23,20.91,232,52,44.44,458,538,973,82.04,33,56.9,25,31,3,0,0,0,106,8,2,8,3,68,31,0,0,15,18,117,1,1,,,36,0,0.0,0,0,3,51,44,7,0,0,,105,53.3,0,0,1,213,43,33,0,28,2522,3,,0,0,0,0,0.0,0,0,0,0,416,8,0,6.9,0,0,0,0,0,0,0,0,0.0,0.0,1,9,20,17,4,17,40.48,0,54,34,62.96,33,61,42,110,138,54.12,117,702,594,1186,213.8,29,0,1911,34,7,0,Derry Murkin,FC Schalke 04,946561,2530,DF
16,1,33.33,211,35,70.0,610,705,1314,92.67,30,58.82,21,29,2,0,0,0,104,2,0,3,5,61,29,0,0,5,19,77,2,4,,,29,0,0.0,0,0,2,34,31,3,0,0,,83,59.71,0,0,0,104,25,8,0,28,2375,0,,0,0,0,0,0.0,0,0,0,0,140,4,0,6.9,1,0,0,0,0,0,0,0,0.0,0.0,0,6,1,4,0,5,50.0,0,63,42,66.67,8,23,10,3,113,59.47,50,667,754,1418,200.0,7,0,1701,16,2,1,Jonas Meffert,Hamburger SV,148256,2676,MF
32,10,21.74,176,48,43.24,353,348,691,79.15,19,59.38,13,26,2,0,0,0,75,0,0,2,2,61,26,0,0,9,22,67,0,0,,,8,0,11.11,0,1,3,41,37,4,1,0,,71,56.8,0,0,0,182,23,16,0,22,1914,1,,0,0,0,0,0.0,0,0,0,0,283,5,0,6.89,0,1,0,0,0,0,0,0,1914.0,0.0,0,4,5,5,2,13,46.43,0,42,25,59.52,16,67,28,46,90,57.32,111,520,399,873,179.2,9,2,1349,18,2,0,Marco Meyerhöfer,SpVgg Greuther Fürth,254135,2551,MF
5,4,22.22,39,12,44.44,78,113,187,73.33,9,75.0,3,12,1,0,0,0,31,2,1,3,1,17,12,0,0,2,5,20,0,0,,,7,0,0.0,0,0,1,9,7,2,0,0,,30,63.83,0,0,0,68,5,8,0,9,704,1,,0,0,0,0,0.0,0,0,0,0,131,1,0,6.89,0,0,0,0,0,0,0,0,0.0,0.0,0,7,2,6,0,6,66.67,0,17,10,58.82,8,13,9,18,39,66.1,27,125,148,255,82.7,9,0,476,8,2,0,Lennart Stoll,SSV Ulm 1846,800254,2580,MF
45,2,50.0,130,132,52.17,485,1238,1721,87.49,65,56.03,51,33,1,0,0,0,94,1,5,8,4,139,33,0,0,4,18,101,0,0,,,28,0,4.17,6,1,2,51,41,10,1,0,,81,61.83,1,0,1,246,31,9,0,33,2946,0,,0,0,0,0,0.0,0,0,0,0,274,0,0,6.89,0,0,0,0,0,0,0,0,2946.0,0.0,0,22,2,13,3,6,60.0,0,44,26,59.09,9,83,10,4,146,59.11,253,664,1307,1967,227.4,24,0,2369,38,9,0,Clemens Riedel,Darmstadt 98,1129360,2576,DF
14,17,26.98,99,17,36.17,191,136,310,73.46,10,40.0,15,32,3,0,0,0,105,4,2,13,3,37,32,0,0,31,10,122,0,1,,,24,0,5.56,0,2,5,27,26,1,2,0,,117,52.23,0,0,1,112,13,22,2,19,1877,2,,0,0,0,0,0.0,0,0,0,0,293,8,0,6.89,0,0,0,0,0,0,0,0,938.5,0.0,0,20,16,14,9,66,59.46,0,29,16,55.17,22,50,111,63,127,51.0,47,323,162,422,220.5,36,0,896,22,3,0,Charalampos Makridis,Preußen Münster,836026,2590,MF
13,0,0.0,61,24,33.8,190,565,755,86.78,32,50.0,32,18,0,0,0,0,75,1,1,2,2,54,18,0,0,9,6,70,0,2,,,18,0,6.67,5,1,1,28,26,2,1,0,,70,64.81,1,0,1,115,26,3,0,18,1586,0,,0,0,0,0,0.0,0,0,0,0,160,1,0,6.89,0,0,0,0,0,0,0,0,1586.0,0.0,0,12,3,7,6,15,68.18,0,40,27,67.5,3,29,22,5,102,59.3,71,264,611,870,124.0,15,0,1144,16,4,0,Finn Jeltsch,1. FC Nürnberg,1418649,2523,DF
5,9,19.15,109,8,61.54,220,117,328,86.32,12,50.0,12,17,1,0,0,0,36,3,1,10,1,7,17,0,0,21,6,70,0,0,,,14,0,9.09,0,2,3,16,14,2,2,0,,71,55.04,0,0,0,52,7,12,2,12,1027,3,,0,0,0,0,0.0,0,0,0,0,158,2,0,6.89,1,0,0,0,0,0,0,0,513.5,0.0,0,14,8,6,6,24,58.54,0,24,13,54.17,12,7,41,47,83,54.25,13,293,134,380,117.1,22,1,665,23,0,1,Tim Rossmann,Fortuna Düsseldorf,1168680,2588,MF
28,1,14.29,95,41,30.83,321,821,1141,86.57,43,51.81,40,25,0,0,0,0,63,1,0,4,5,133,24,0,0,6,9,69,1,1,,,16,0,12.5,2,1,1,24,22,2,1,0,,44,60.27,1,0,0,177,14,2,0,24,2024,0,,0,0,0,0,0.0,0,0,0,0,207,0,0,6.89,0,0,0,0,0,0,0,0,2024.0,0.0,0,6,2,2,2,0,0.0,0,32,18,56.25,2,71,1,7,87,55.77,133,454,871,1318,165.3,8,1,1617,14,4,0,Dennis Hadžikadunić,Hamburger SV,802830,2676,DF
42,20,21.98,201,63,50.4,350,301,631,75.93,18,41.86,25,30,3,0,0,0,105,6,3,8,5,45,28,0,0,7,31,115,0,0,,,30,0,9.52,0,2,5,25,22,3,1,1,,78,46.43,0,0,2,200,25,30,0,24,2080,1,,0,0,0,0,0.0,0,0,0,0,364,6,0,6.89,0,2,0,0,0,0,0,0,1040.0,0.0,0,9,12,8,5,14,35.9,0,30,19,63.33,30,89,39,91,96,45.5,125,561,361,831,192.8,21,1,1460,38,7,0,Jan Uwe Thielmann,1. FC Köln,1010726,2671,DF
25,6,23.08,211,26,63.41,346,169,509,81.44,2,22.22,7,25,2,0,0,0,59,1,1,13,0,2,25,0,0,17,12,85,0,0,,,16,0,8.33,0,2,4,26,21,5,2,0,,84,51.85,0,0,0,116,4,20,1,15,1197,1,,0,0,0,0,0.0,0,0,0,1,220,5,0,6.88,0,1,0,0,0,0,0,0,598.5,0.0,0,16,8,4,7,31,48.44,0,18,12,66.67,20,45,64,26,86,50.29,41,464,187,625,172.1,24,0,911,35,2,0,Amin Younes,FC Schalke 04,97938,2530,MF
7,26,29.21,104,11,73.33,197,117,288,78.9,10,22.22,35,24,3,0,0,0,49,3,1,7,1,18,24,0,0,22,15,115,0,0,,,27,0,0.0,0,0,3,23,21,2,0,0,,70,46.67,0,0,0,77,11,33,0,13,1326,2,,0,0,0,1,0.0,0,0,0,0,220,13,0,6.88,0,0,0,0,0,0,0,0,0.0,0.0,0,16,8,11,6,13,43.33,0,32,19,59.38,33,13,30,89,80,41.03,15,314,140,365,165.2,24,0,750,25,5,0,Dennis Chessa,SSV Ulm 1846,113665,2580,MF
7,1,20.0,107,5,55.56,183,60,242,68.75,65,54.17,55,31,3,0,0,0,32,5,4,13,0,22,30,0,0,19,10,128,0,0,,,29,0,5.0,0,2,5,17,15,2,2,0,,55,42.97,1,0,0,110,3,19,1,15,1401,11,,0,0,0,0,0.0,0,0,0,0,188,6,0,6.88,0,0,0,0,0,0,0,0,700.5,0.0,0,38,2,17,10,8,30.77,0,26,17,65.38,19,8,26,5,120,48.39,9,281,76,352,206.4,40,0,610,24,2,0,Håvard Nielsen,Hannover 96,94002,2541,FW
11,8,22.22,34,7,53.85,64,68,124,72.94,9,52.94,8,11,1,0,0,0,15,2,0,1,1,15,10,0,0,4,3,22,0,1,,,4,0,0.0,0,0,1,6,5,1,0,0,,17,54.84,0,0,0,46,11,9,0,6,554,1,,0,0,0,0,0.0,0,0,0,0,88,1,0,6.88,0,0,0,0,0,0,0,0,0.0,0.0,1,0,2,1,0,2,40.0,0,7,6,85.71,9,19,5,36,26,54.17,13,120,86,170,68.8,2,0,327,8,1,0,Brooklyn Kevin Ezeh,Hannover 96,1066808,2541,MF
23,2,28.57,61,42,36.84,210,519,727,85.03,28,59.57,19,23,0,0,0,0,89,0,1,1,5,82,23,0,0,6,22,64,0,1,,,16,0,12.5,1,1,1,30,24,6,1,0,,49,52.13,1,0,1,128,34,3,0,21,1734,0,,0,0,0,0,0.0,0,0,0,0,152,0,0,6.88,0,0,0,0,0,0,0,0,1734.0,0.0,0,8,0,4,3,4,80.0,0,37,23,62.16,3,49,5,7,77,54.61,114,306,556,855,158.2,8,0,1129,8,5,0,Paul Jaeckel,Eintracht Braunschweig,856668,2557,DF
5,1,11.11,38,4,36.36,76,89,164,76.64,18,40.0,27,28,0,0,0,0,47,1,7,8,0,7,26,0,0,6,3,63,0,1,,,13,0,16.67,0,6,6,18,14,4,5,1,,37,50.68,2,0,1,50,4,11,1,13,1121,15,,0,0,0,0,0.0,0,0,0,1,103,10,0,6.88,0,3,0,0,0,0,0,0,186.83,0.0,0,32,4,9,19,7,33.33,0,10,8,80.0,11,8,21,9,55,46.61,11,118,105,214,178.8,36,1,393,23,4,0,Florian Niederlechner,Hertha BSC,156146,2528,FW
16,2,50.0,66,43,53.75,187,382,567,85.39,37,52.11,34,21,0,0,0,0,61,0,2,1,5,73,21,0,0,6,7,80,0,2,,,32,0,0.0,9,0,0,24,24,0,0,0,,65,58.56,0,0,0,97,13,13,0,18,1588,1,,0,0,0,0,0.0,0,0,0,0,128,2,0,6.88,0,0,0,0,0,0,0,0,0.0,0.0,0,3,1,1,2,9,75.0,0,40,26,65.0,13,27,12,4,102,56.04,80,263,405,664,144.4,4,0,921,16,5,0,Luca Bazzoli,Preußen Münster,947879,2590,MF
3,1,12.5,74,2,50.0,125,23,147,68.69,35,43.21,46,29,3,0,0,0,26,5,16,14,0,8,29,0,0,14,5,90,0,1,,,8,0,16.67,0,10,13,25,21,4,9,1,,26,37.14,1,0,2,67,2,15,3,21,1815,17,,0,0,0,0,0.0,0,0,0,1,166,14,0,6.87,0,6,0,0,0,0,0,0,181.5,0.0,0,51,9,21,25,11,39.29,0,9,6,66.67,15,5,28,8,61,40.4,4,188,34,214,199.3,60,1,459,6,2,0,Damion Downs,1. FC Köln,1146091,2671,FW
7,6,33.33,137,6,50.0,205,82,281,80.06,15,34.09,29,26,5,0,0,0,69,4,5,8,0,10,26,0,0,34,9,109,0,0,,,21,0,3.85,0,1,6,26,25,1,1,0,,86,51.81,0,0,1,70,12,22,1,12,1243,8,,0,0,0,0,0.0,0,0,0,0,183,10,0,6.87,0,0,0,0,0,0,0,0,1243.0,0.0,0,20,6,8,10,29,61.7,0,27,17,62.96,22,9,47,18,101,48.1,12,268,101,351,178.6,26,2,657,30,2,0,Bambasé Conté,Karlsruher SC,1185359,2553,FW
33,1,25.0,197,43,53.09,435,528,962,85.82,44,52.38,40,32,1,0,0,0,101,2,0,7,4,62,32,0,1,21,21,118,0,0,,,38,0,0.0,0,0,1,36,33,3,0,0,,87,52.73,0,0,0,159,38,20,0,25,2296,0,,0,0,0,0,0.0,0,0,0,0,219,7,0,6.87,1,0,0,0,0,0,0,0,0.0,0.0,0,5,13,8,3,11,68.75,0,45,25,55.56,20,54,16,4,131,52.61,81,543,582,1121,219.8,18,0,1499,33,4,0,Santiago Castañeda,SC Paderborn 07,1199101,2561,MF
19,0,0.0,69,36,45.57,245,434,679,84.14,45,64.29,25,25,0,0,0,0,51,0,0,1,4,97,22,0,0,1,12,58,0,0,,,21,0,12.5,1,1,1,27,23,4,1,0,,38,53.52,0,0,1,128,33,3,0,16,1457,1,,0,0,0,0,0.0,0,0,0,0,146,1,0,6.87,0,1,0,0,0,0,0,0,1457.0,0.0,0,7,1,4,3,2,66.67,0,29,20,68.97,3,30,3,1,83,58.87,79,330,478,807,151.1,8,1,1063,8,4,0,Kevin Ehlers,Eintracht Braunschweig,973430,2557,DF
7,4,9.76,106,20,40.82,200,184,380,78.03,7,31.82,15,27,1,0,0,0,99,2,5,5,3,25,27,0,0,18,17,102,0,0,,,16,0,13.79,0,4,5,27,21,6,4,0,,96,52.46,0,0,0,107,18,22,0,24,1970,2,,0,0,0,0,0.0,0,0,0,1,298,9,0,6.87,0,4,0,0,0,0,0,0,492.5,0.0,1,19,10,11,13,28,43.75,0,44,26,59.09,22,18,64,41,103,50.24,49,311,217,487,185.4,29,0,1022,24,3,0,Aaron Keller,SSV Ulm 1846,1129677,2580,MF
19,5,20.0,92,28,56.0,160,123,278,75.14,6,60.0,4,16,2,0,0,0,54,5,0,3,1,13,15,0,0,7,11,34,0,0,,,5,0,0.0,0,0,2,19,18,1,0,0,,28,48.28,0,0,0,92,13,18,0,13,1044,0,,0,0,0,0,0.0,0,0,0,1,153,2,0,6.87,0,0,0,0,0,0,0,0,0.0,0.0,0,0,5,2,0,5,41.67,0,18,10,55.56,18,44,12,25,34,50.0,50,253,142,370,103.0,5,0,607,6,0,0,Jean Zimmer,1. FC Kaiserslautern,136935,2675,MF
68,16,29.09,169,66,43.71,371,485,840,79.92,36,55.38,29,29,1,0,0,0,97,2,0,2,6,89,29,0,0,8,19,96,0,0,,,37,0,0.0,0,0,1,38,37,1,0,0,,78,53.79,0,0,1,211,34,25,0,27,2488,0,,0,0,0,0,0.0,0,0,0,0,299,3,0,6.87,0,0,0,0,0,0,0,0,0.0,0.0,0,2,2,1,1,2,28.57,0,45,29,64.44,25,127,7,55,114,54.29,151,551,555,1051,199.1,4,0,1514,31,7,0,Mikkel Kirkeskov,Preußen Münster,98953,2590,DF
7,9,23.08,150,4,50.0,253,105,349,79.14,14,31.11,31,34,4,0,0,0,89,6,9,16,3,8,34,0,0,55,11,197,0,0,,,42,0,11.48,0,7,11,40,30,10,7,0,,116,41.13,0,0,0,92,7,23,3,28,2429,16,,0,0,1,1,100.0,0,1,0,2,358,22,0,6.86,0,4,0,0,0,0,0,0,347.0,0.0,0,53,8,18,27,39,39.39,0,34,22,64.71,23,11,99,39,130,39.76,8,353,127,441,233.4,61,2,989,43,4,0,Derry Scherhant,Hertha BSC,1131002,2528,FW
7,1,20.0,58,8,72.73,112,50,161,62.65,57,56.44,44,25,3,0,0,0,17,1,3,4,0,16,25,0,0,9,9,88,0,0,,,25,0,12.9,0,4,7,21,18,3,4,0,,40,47.62,0,0,1,96,1,10,0,13,1240,5,,0,0,1,0,100.0,0,1,0,0,142,4,0,6.86,0,4,0,0,0,0,0,0,310.0,0.0,0,25,6,13,14,4,57.14,0,14,6,42.86,10,8,7,5,97,52.43,11,196,66,257,171.5,31,0,431,26,2,0,Levente Szabó,Eintracht Braunschweig,790864,2557,FW
5,1,25.0,76,6,60.0,155,114,268,86.45,6,31.58,13,10,2,0,0,0,35,2,0,2,2,9,10,0,0,6,6,43,0,0,,,15,0,0.0,0,0,2,10,10,0,0,0,,21,41.18,0,0,0,42,8,8,0,9,749,0,,0,0,0,0,0.0,0,0,0,0,76,0,0,6.86,0,0,0,0,0,0,0,0,0.0,0.0,0,3,3,3,1,4,50.0,0,13,8,61.54,8,10,8,4,27,38.57,10,181,133,310,68.6,6,0,426,4,4,0,Marcel Sobottka,Fortuna Düsseldorf,142613,2588,MF
10,4,8.89,115,16,38.1,237,170,403,77.2,9,50.0,9,27,0,0,0,0,76,0,3,4,0,20,27,0,0,14,18,65,0,0,,,18,0,26.92,0,7,7,22,22,0,6,1,,35,38.46,1,0,0,119,7,10,3,16,1587,3,,0,0,0,0,0.0,0,0,0,0,218,4,0,6.86,0,3,0,0,0,0,0,0,226.71,0.0,0,16,10,8,14,2,22.22,0,22,14,63.64,10,26,9,45,44,40.37,42,365,202,522,185.2,26,0,896,12,1,0,Philipp Hercher,1. FC Magdeburg,795721,2591,MF
40,0,0.0,117,136,59.13,387,1056,1443,88.53,55,63.22,32,31,0,0,0,0,74,1,1,2,7,119,30,0,0,4,9,71,1,1,,,29,0,0.0,111,0,0,45,43,2,0,0,,54,58.06,0,0,0,187,46,2,0,30,2670,1,,0,0,0,2,0.0,0,0,0,0,203,1,0,6.86,0,0,0,0,0,0,0,0,0.0,0.0,0,9,3,9,1,2,100.0,0,36,20,55.56,2,84,2,1,109,60.56,230,514,1117,1630,205.7,12,0,1950,17,7,0,Marcel Beifus,Karlsruher SC,982528,2553,DF
13,15,24.59,122,14,66.67,200,88,273,73.39,7,24.14,22,24,1,0,0,0,54,5,5,6,0,4,23,0,0,16,3,73,0,0,,,13,0,7.14,0,2,3,18,18,0,2,0,,57,52.78,0,0,1,99,3,21,0,16,1348,9,,0,0,0,0,0.0,0,0,0,0,218,11,0,6.86,0,2,0,0,0,0,0,0,674.0,0.0,1,17,11,12,10,24,54.55,0,17,13,76.47,21,31,44,61,64,46.72,21,322,111,372,157.7,28,0,638,16,1,0,Florian Pick,Preußen Münster,206620,2590,MF
12,20,25.32,210,27,31.03,395,224,599,78.51,14,35.9,25,27,0,0,0,0,87,1,0,2,5,34,27,0,0,19,11,94,0,0,,,24,0,0.0,0,0,0,28,27,1,0,0,,91,56.88,0,0,2,164,21,21,0,25,2169,6,,0,0,0,1,0.0,0,0,0,0,320,9,0,6.86,0,0,0,0,0,0,0,0,0.0,0.0,0,9,6,11,2,12,40.0,0,43,25,58.14,21,36,30,79,105,52.76,87,565,277,763,185.1,15,0,1385,36,6,0,Sei Muroya,Hannover 96,155792,2541,DF
20,0,0.0,92,54,50.47,398,953,1351,93.3,47,58.75,33,29,0,0,0,0,68,0,2,7,6,121,29,0,0,2,10,61,0,0,,,15,0,0.0,36,0,0,36,29,7,0,0,,27,49.09,0,0,0,97,28,7,0,25,2174,0,,0,0,0,0,0.0,0,0,0,0,106,1,0,6.86,0,0,0,0,0,0,0,0,0.0,0.0,0,15,0,4,4,4,66.67,0,15,9,60.0,7,39,6,0,74,54.81,107,465,983,1448,198.8,15,0,1712,9,9,0,Andre Hoffmann,Fortuna Düsseldorf,97935,2588,DF
8,7,25.93,74,10,32.26,128,89,210,78.95,9,69.23,4,11,0,0,0,0,20,0,2,2,2,18,11,0,0,3,8,34,0,0,,,12,0,0.0,0,0,0,7,6,1,0,0,,30,50.0,0,0,0,56,12,8,0,10,764,0,,0,0,0,0,0.0,0,0,0,0,109,4,0,6.85,0,0,0,0,0,0,0,0,0.0,0.0,2,3,6,6,1,3,27.27,0,16,6,37.5,8,22,11,27,39,53.42,31,187,106,266,75.4,9,0,496,13,2,0,Jusuf Gazibegović,1. FC Köln,907530,2671,MF
15,32,20.0,177,27,34.62,354,295,617,76.17,36,57.14,27,33,1,0,0,0,72,7,1,3,2,56,33,0,0,26,20,116,0,3,,,18,0,0.0,0,0,1,36,35,1,0,0,,108,54.82,0,0,0,193,14,29,0,21,2044,2,,0,0,0,0,0.0,0,0,0,0,442,4,0,6.85,0,0,0,0,0,0,0,0,0.0,0.0,0,3,7,4,3,18,40.91,0,51,37,72.55,29,44,44,160,144,55.38,78,603,367,810,226.1,10,1,1591,39,0,0,David Herold,Karlsruher SC,997178,2553,DF
21,3,27.27,73,57,39.86,199,436,632,80.2,34,69.39,15,19,1,0,0,0,62,1,2,3,3,75,18,0,0,0,8,45,0,2,,,17,0,0.0,0,0,1,29,28,1,0,0,,43,58.9,0,0,0,156,26,9,0,15,1412,0,,0,0,0,0,0.0,0,0,0,0,177,3,0,6.85,0,0,0,0,0,0,0,0,0.0,0.0,0,5,2,1,3,2,25.0,0,27,17,62.96,9,64,8,11,77,63.11,143,316,483,788,123.3,7,1,1012,14,6,0,Robert Ivanov,Eintracht Braunschweig,835901,2557,DF
25,16,29.09,242,25,45.45,394,228,606,82.23,8,38.1,13,31,4,0,0,0,55,8,6,11,0,22,31,0,0,16,16,97,0,2,,,23,0,7.5,0,3,7,29,25,4,1,2,,73,46.5,0,0,0,131,2,34,3,24,1957,1,,0,1,0,0,0.0,0,0,0,1,266,8,0,6.85,0,0,0,0,0,0,0,0,652.33,0.0,2,28,12,12,17,28,47.46,0,15,7,46.67,33,45,59,55,81,45.51,55,543,249,737,212.3,40,1,1071,31,3,0,Adam Karabec,Hamburger SV,1000175,2676,MF
26,7,24.14,165,18,36.0,303,327,623,82.63,3,20.0,12,24,0,0,0,0,84,2,0,2,4,37,23,0,0,31,7,89,0,1,,,15,0,0.0,0,0,0,18,15,3,0,0,,88,53.33,0,0,0,131,9,22,0,15,1451,1,,0,1,0,0,0.0,0,0,0,1,266,5,0,6.85,0,0,0,0,0,0,0,0,0.0,0.0,0,9,3,7,3,24,48.0,0,25,21,84.0,21,49,50,29,91,50.56,50,402,381,754,157.5,12,0,1213,39,5,0,Berkay Yılmaz,1. FC Nürnberg,1195724,2523,MF
10,2,11.76,94,7,23.33,184,118,300,68.65,37,37.76,61,28,0,0,0,0,88,3,6,22,1,36,28,0,0,29,16,156,2,1,,,28,0,13.85,0,9,9,32,31,1,8,1,,80,45.71,6,0,0,137,13,12,0,28,2220,1,,0,0,0,0,0.0,0,0,0,0,278,12,0,6.85,0,3,0,0,0,0,0,0,246.67,0.0,0,37,28,26,17,19,44.19,0,33,21,63.64,12,28,43,17,117,42.86,30,310,144,437,191.7,65,1,864,32,7,0,Joshua Mees,Preußen Münster,794536,2590,MF
33,0,0.0,126,81,52.94,325,521,846,83.27,46,60.53,30,28,1,0,0,0,80,1,4,3,3,64,28,0,0,1,26,98,0,0,,,40,0,5.88,3,1,2,40,38,2,1,0,,74,52.11,1,0,0,170,30,8,0,26,2157,0,,0,0,0,2,0.0,0,0,0,0,196,3,0,6.85,0,0,0,0,0,0,0,0,2157.0,0.0,0,11,6,9,5,5,83.33,0,48,33,68.75,8,59,6,3,120,55.05,153,457,562,1016,191.7,17,0,1318,21,13,0,Nicolai Rapp,Karlsruher SC,787931,2553,MF
45,0,0.0,53,186,41.52,131,398,529,66.46,5,100.0,0,24,0,0,0,0,178,0,0,0,5,24,24,0,0,0,0,0,3,0,,,0,0,0.0,161,0,0,53,49,4,0,0,,1,100.0,0,11,0,267,0,0,0,24,2160,0,,1,0,0,0,0.0,10,0,4,0,272,0,14,6.85,0,0,9,54,13,68,0,14,0.0,0.0,0,0,0,0,0,0,0.0,9,0,0,0.0,0,68,0,0,6,100.0,448,365,431,796,164.3,0,1,993,1,5,0,Felix Gebhardt,SSV Jahn Regensburg,927379,2567,GK
36,7,24.14,224,50,51.55,447,452,892,81.99,12,33.33,24,31,1,0,0,0,137,2,2,13,3,35,31,0,1,24,33,116,1,0,,,27,0,0.0,0,0,1,34,28,6,0,0,,123,57.21,0,0,0,196,27,26,0,28,2358,1,,0,0,0,0,0.0,0,0,0,0,292,8,0,6.85,1,0,0,0,0,0,0,0,0.0,0.0,0,10,26,17,6,15,62.5,0,63,45,71.43,26,63,24,29,135,53.78,97,601,516,1088,212.2,36,0,1493,45,8,0,Max Brandt,SSV Ulm 1846,930275,2580,MF
2,1,25.0,86,5,71.43,131,25,155,69.2,74,55.64,59,29,3,0,0,0,30,3,17,10,1,18,29,0,1,38,8,145,0,0,,,26,0,14.04,0,8,11,16,13,3,8,0,,30,25.86,2,0,2,69,2,21,1,8,1093,6,,0,0,0,0,0.0,0,0,0,0,180,8,0,6.84,1,5,0,0,0,0,0,0,136.63,0.0,0,54,3,25,22,15,48.39,0,6,2,33.33,21,9,31,4,104,41.77,7,196,32,224,198.5,57,0,502,10,1,0,Adriano Grimaldi,SC Paderborn 07,48445,2561,FW
42,2,12.5,109,65,54.17,308,857,1163,87.91,31,50.82,30,31,0,0,0,0,66,1,2,5,6,99,30,0,0,5,13,68,0,0,,,18,0,12.5,32,2,2,39,33,6,2,0,,57,60.0,2,0,0,160,26,9,0,24,2121,0,,0,1,0,1,0.0,0,0,0,0,193,1,0,6.84,0,0,0,0,0,0,0,0,1060.5,0.0,1,12,4,7,4,3,42.86,0,43,30,69.77,8,72,7,16,88,56.41,120,412,927,1323,205.3,16,0,1632,12,2,0,Ondrej Karafiat,1. FC Nürnberg,579554,2523,DF
6,0,0.0,72,9,64.29,127,80,207,74.46,36,50.0,36,29,1,0,0,0,27,2,7,6,1,22,28,0,0,9,8,72,0,0,,,9,0,17.65,0,6,7,17,13,4,5,1,,32,47.06,1,0,1,71,1,16,1,15,1297,8,,0,0,0,0,0.0,0,0,0,1,126,6,0,6.84,0,4,0,0,0,0,0,0,216.17,0.0,0,24,10,15,13,7,36.84,0,8,4,50.0,16,14,19,1,68,48.57,14,185,94,278,191.6,34,1,455,18,1,0,Luca Schnellbacher,SV 07 Elversberg,254133,2598,FW
20,4,19.05,103,17,34.69,185,262,443,78.97,12,44.44,15,19,1,0,0,0,48,1,0,1,0,34,19,0,0,7,8,52,0,0,,,14,0,12.5,0,1,2,16,14,2,0,1,,53,58.89,0,0,0,118,10,8,0,11,1014,0,,1,0,0,0,0.0,0,0,0,0,172,4,0,6.84,0,1,0,0,0,0,0,0,1014.0,0.0,0,4,4,3,4,4,33.33,0,39,23,58.97,8,41,12,21,65,55.56,49,274,308,561,130.0,8,0,858,10,4,0,Silvan Hefti,Hamburger SV,814214,2676,DF
16,0,0.0,16,56,38.1,33,220,253,73.33,1,100.0,0,12,0,0,0,0,89,0,0,0,3,14,12,0,0,0,2,2,1,0,,,0,0,0.0,53,0,0,15,14,1,0,0,,0,0.0,0,5,0,92,0,0,0,11,1052,0,,0,0,0,0,0.0,1,0,0,0,96,0,5,6.84,0,0,8,23,6,29,0,5,0.0,0.0,0,0,0,0,0,0,0.0,8,0,0,0.0,0,33,0,0,1,33.33,147,107,238,345,82.1,0,0,441,0,0,0,Markus Schubert,SC Paderborn 07,795006,2561,GK
6,1,8.33,116,8,57.14,200,102,301,71.16,53,43.44,69,29,2,0,0,0,31,3,0,11,0,26,27,0,0,27,8,139,0,1,,,28,1,20.0,0,5,7,30,25,5,4,1,,50,41.67,0,0,1,122,2,16,5,18,1622,9,,0,0,2,0,100.0,0,2,0,1,222,6,0,6.84,0,0,0,0,0,0,0,0,324.4,50.0,2,18,7,7,7,9,50.0,0,21,14,66.67,16,7,18,12,103,42.56,14,305,130,423,184.7,25,0,701,22,6,0,Felix Higl,SSV Ulm 1846,842199,2580,FW
0,4,28.57,57,6,60.0,91,30,117,81.82,0,0.0,5,10,1,0,0,0,7,2,1,3,0,6,10,0,0,5,2,28,0,0,,,5,0,0.0,0,0,1,3,3,0,0,0,,9,28.13,0,0,2,26,0,13,0,0,278,2,,0,0,0,0,0.0,0,0,0,0,61,1,0,6.84,0,0,0,0,0,0,0,0,0.0,0.0,0,7,3,2,5,5,31.25,0,3,2,66.67,13,6,16,14,9,24.32,10,123,34,143,68.4,10,0,225,1,3,0,Tatsuya Ito,1. FC Magdeburg,842171,2591,FW
2,1,20.0,104,6,50.0,191,76,266,78.24,36,45.57,43,34,1,0,0,0,56,1,14,10,3,29,34,0,0,32,8,115,0,0,,,14,0,20.75,0,11,12,44,39,5,11,0,,57,44.19,2,0,2,74,3,20,2,26,2224,23,,0,0,0,0,0.0,0,0,0,2,201,12,0,6.84,0,7,0,0,0,0,0,0,202.18,0.0,0,48,5,21,22,9,32.14,0,12,9,75.0,20,4,28,5,93,44.71,12,257,88,340,232.5,53,2,665,38,4,0,Noel Futkeu,SpVgg Greuther Fürth,1017574,2551,FW
19,0,0.0,117,18,47.37,250,273,523,77.83,54,56.25,42,28,0,0,0,0,86,0,2,9,2,39,27,0,0,12,14,100,1,1,,,26,0,0.0,0,0,0,23,20,3,0,0,,70,54.69,0,0,1,149,25,8,0,16,1617,1,,0,0,0,0,0.0,0,0,0,0,195,13,0,6.84,0,0,0,0,0,0,0,0,0.0,0.0,0,14,11,15,1,10,58.82,0,41,24,58.54,8,42,17,2,124,55.36,38,357,317,672,184.6,25,0,960,20,6,0,Luka Hyryläinen,SSV Ulm 1846,1128640,2580,MF
1,1,25.0,31,5,71.43,50,34,83,69.17,20,46.51,23,20,0,0,0,0,16,1,2,0,0,17,19,0,0,4,1,41,0,0,,,11,0,25.0,0,4,4,15,13,2,4,0,,20,52.63,3,0,1,37,1,4,1,7,708,3,,0,0,0,1,0.0,0,0,0,0,74,2,0,6.84,0,0,0,0,0,0,0,0,177.0,0.0,0,16,0,5,11,4,57.14,0,9,6,66.67,4,5,7,4,40,49.38,7,84,40,120,129.9,16,2,233,8,2,0,Jan Luca Schuler,Hertha BSC,910241,2528,FW
7,1,12.5,49,9,47.37,81,48,128,62.75,36,50.7,35,14,1,0,0,0,31,4,1,1,1,8,14,0,0,16,7,84,0,0,,,18,0,7.14,0,1,2,13,13,0,1,0,,38,43.68,0,0,2,76,1,13,1,10,834,2,,0,0,0,1,0.0,0,0,0,0,141,4,0,6.84,0,0,0,0,0,0,0,0,834.0,0.0,0,10,4,9,4,6,33.33,0,9,3,33.33,13,11,18,8,74,46.84,19,149,63,204,95.7,14,0,369,24,1,0,Mikkel Kaufmann,Karlsruher SC,918437,2553,FW
33,8,18.18,126,45,47.87,299,406,697,83.47,13,29.55,31,24,1,0,0,0,74,1,1,7,4,55,24,0,0,8,11,87,1,2,,,16,0,3.85,1,1,2,36,29,7,1,0,,65,53.72,0,0,0,138,14,13,0,23,2000,0,,0,0,0,0,0.0,0,0,0,0,257,4,0,6.83,0,1,0,0,0,0,0,0,2000.0,0.0,0,12,14,11,8,27,55.1,0,31,16,51.61,13,56,49,44,78,47.27,94,440,439,835,164.0,26,0,1292,7,4,0,Taylan Bulut,FC Schalke 04,1418644,2530,DF
9,1,50.0,63,12,63.16,146,150,295,89.67,11,61.11,7,15,1,0,0,0,32,2,1,0,1,13,15,0,0,3,7,28,0,0,,,14,0,0.0,0,0,1,6,4,2,0,0,,22,51.16,0,0,0,34,12,7,0,5,576,0,,0,0,0,0,0.0,0,0,0,0,46,0,0,6.83,0,0,0,0,0,0,0,0,0.0,0.0,0,2,1,2,1,1,100.0,0,17,10,58.82,7,10,1,2,33,54.1,19,173,158,329,102.5,3,0,413,5,1,0,Mattes Hansen,SC Paderborn 07,1083387,2561,MF
19,0,0.0,50,36,48.65,126,330,456,87.52,21,50.0,21,13,0,0,0,0,35,0,0,2,1,68,13,0,0,1,7,45,1,0,,,13,0,20.0,0,1,1,16,12,4,1,0,,23,48.94,0,0,0,65,25,4,0,13,1093,0,,0,0,0,1,0.0,0,0,0,0,79,1,0,6.83,0,0,0,0,0,0,0,0,1093.0,0.0,0,5,0,1,2,2,40.0,0,14,12,85.71,4,29,5,0,44,49.44,74,170,351,521,88.8,5,1,684,7,5,0,Noah Loosli,SpVgg Greuther Fürth,789138,2551,DF
35,1,7.69,82,73,37.63,235,504,738,76.24,58,47.15,65,26,0,0,0,0,97,0,0,5,5,112,26,0,0,4,17,112,0,1,,,27,0,0.0,12,0,0,54,49,5,0,0,,99,67.81,0,0,0,230,41,3,0,26,2339,1,,1,0,0,1,0.0,0,0,0,0,264,1,0,6.83,0,0,0,0,0,0,0,0,0.0,0.0,0,6,7,5,3,4,57.14,0,70,45,64.29,3,85,7,13,157,58.36,194,406,575,968,177.6,13,0,1374,30,4,0,Louis Breunig,SSV Jahn Regensburg,1127405,2567,DF
8,2,22.22,79,5,62.5,131,66,195,76.77,9,31.03,20,25,1,0,0,0,29,3,3,7,0,8,24,0,0,9,4,50,0,0,,,12,0,20.0,0,5,6,9,7,2,5,0,,22,42.31,2,0,0,59,5,12,2,9,902,2,,0,0,0,0,0.0,0,0,0,0,107,7,0,6.83,0,1,0,0,0,0,0,0,180.4,0.0,0,17,8,8,10,7,53.85,0,3,1,33.33,12,15,13,9,31,38.27,8,180,83,254,163.9,25,1,392,12,1,0,Danny Schmidt,Fortuna Düsseldorf,1005840,2588,FW
31,7,18.42,170,22,41.51,265,115,373,65.78,24,42.86,32,30,3,0,0,0,105,8,3,24,3,19,30,0,0,47,22,197,1,3,,,37,0,7.02,0,4,7,27,24,3,3,1,,138,45.54,0,0,1,194,9,26,2,26,2158,7,,0,1,0,0,0.0,0,0,0,0,410,15,0,6.83,1,2,0,0,0,0,0,0,539.5,0.0,2,29,28,16,17,48,44.44,0,43,24,55.81,25,57,108,38,162,45.13,53,447,158,567,204.8,57,0,1136,49,5,1,Lukas Petkov,SV 07 Elversberg,960017,2598,MF
20,0,0.0,80,23,65.71,173,179,352,84.82,23,50.0,23,16,0,0,0,0,49,0,1,2,3,25,15,0,1,4,14,64,0,1,,,19,0,12.5,0,1,1,8,8,0,1,0,,41,50.0,1,0,0,63,14,5,0,9,911,0,,0,0,0,0,0.0,0,0,0,0,88,4,0,6.83,1,0,0,0,0,0,0,0,911.0,0.0,0,4,4,4,2,4,50.0,0,27,15,55.56,5,29,8,7,64,50.0,35,224,198,415,102.4,8,1,561,11,4,0,Max Christiansen,Hannover 96,255847,2541,MF
2,2,15.38,23,8,29.63,53,83,134,75.71,3,100.0,0,8,1,0,0,0,34,0,0,3,0,10,8,0,0,6,1,19,0,2,,,8,0,14.29,0,1,2,10,8,2,1,0,,27,58.7,0,0,0,43,9,2,0,7,549,0,,0,0,0,1,0.0,0,0,0,0,84,3,0,6.83,0,1,0,0,0,0,0,0,549.0,0.0,0,2,5,2,2,6,54.55,0,9,6,66.67,2,15,11,13,30,61.22,27,91,99,177,54.6,7,0,314,12,2,0,Noah Katterbach,Hamburger SV,930271,2676,MF
4,1,33.33,62,18,31.58,247,457,703,88.99,14,40.0,21,17,0,0,0,0,43,1,0,4,4,38,17,0,0,1,8,49,0,0,,,14,0,0.0,13,0,0,18,15,3,0,0,,37,56.92,0,0,0,87,16,2,0,14,1214,0,,0,0,0,0,0.0,0,0,0,1,110,0,0,6.82,0,0,0,0,0,0,0,0,0.0,0.0,0,4,2,2,0,3,37.5,0,27,21,77.78,2,21,8,3,51,51.0,57,311,482,790,116.0,6,0,971,7,3,0,Julian Pauli,1. FC Köln,1885927,2671,DF
10,7,20.59,64,21,53.85,152,148,293,82.54,10,58.82,7,14,1,0,0,0,45,0,0,2,1,17,14,0,0,9,10,37,0,1,,,9,0,16.67,0,1,2,15,14,1,1,0,,23,43.4,0,0,1,62,11,13,0,9,761,0,,0,0,0,0,0.0,0,0,0,0,110,1,0,6.82,0,1,0,0,0,0,0,0,761.0,0.0,1,2,4,1,3,1,33.33,0,10,8,80.0,13,22,3,34,33,47.14,39,224,165,355,95.5,6,0,501,12,1,0,Julian Baas,Eintracht Braunschweig,1046143,2557,MF
5,0,0.0,31,29,38.16,114,479,593,87.21,27,64.29,15,20,0,0,0,0,69,1,0,3,1,105,19,0,0,1,6,33,0,1,,,10,0,0.0,34,0,0,19,15,4,0,0,,18,50.0,0,0,0,87,16,4,0,16,1421,2,,0,0,0,0,0.0,0,0,0,0,110,1,0,6.82,0,0,0,0,0,0,0,0,0.0,0.0,0,9,0,5,1,2,66.67,0,8,6,75.0,4,13,3,0,45,57.69,76,167,513,680,129.6,9,0,891,8,1,0,Joshua Quarshie,SpVgg Greuther Fürth,1394676,2551,DF
54,1,11.11,177,81,52.26,432,837,1268,88.49,31,47.69,34,30,0,0,0,0,154,1,3,5,5,79,29,0,0,12,19,96,1,2,,,24,0,6.67,8,1,1,32,26,6,1,0,,83,57.24,1,0,0,165,17,9,0,27,2381,0,,0,0,0,1,0.0,0,0,0,0,226,5,0,6.82,0,0,0,0,0,0,0,0,2381.0,0.0,0,12,3,5,5,20,68.97,0,46,21,45.65,9,90,29,9,114,54.29,155,548,894,1433,197.8,15,1,1785,17,6,0,Tjark Lasse Scheller,SC Paderborn 07,1137717,2561,DF
1,3,27.27,19,3,75.0,32,20,49,79.03,4,57.14,3,5,0,0,0,0,10,1,0,0,0,2,5,0,0,4,2,22,0,0,,,6,0,0.0,0,0,0,2,2,0,0,0,,14,42.42,0,0,0,13,0,6,0,2,218,0,,0,0,0,0,0.0,0,0,0,0,43,1,0,6.82,0,0,0,0,0,0,0,0,0.0,0.0,0,1,0,0,1,4,33.33,0,5,3,60.0,6,1,12,11,18,45.0,4,49,24,62,34.1,1,0,121,5,1,0,Dickson Abiama,1. FC Kaiserslautern,1046449,2675,MF
20,1,11.11,64,37,34.26,143,384,526,82.19,28,50.91,27,21,3,0,0,0,59,1,1,1,5,83,21,0,0,4,13,66,1,0,,,21,0,12.5,32,1,4,33,27,6,1,0,,46,54.12,0,0,0,114,27,7,0,19,1704,1,,1,0,0,0,0.0,0,0,0,0,138,0,0,6.82,0,1,0,0,0,0,0,0,1704.0,0.0,0,6,2,4,3,2,33.33,0,31,17,54.84,7,50,6,9,74,52.86,108,225,424,640,143.2,8,1,902,14,8,0,Tom Gaal,SSV Ulm 1846,1136227,2580,DF
4,10,33.33,109,6,66.67,189,91,270,72.0,33,45.83,39,30,1,0,0,0,41,1,15,9,1,16,30,0,0,12,6,96,0,0,,,32,0,13.64,0,6,7,45,43,2,6,0,,53,48.18,2,0,4,105,6,22,1,25,2172,11,,0,1,0,0,0.0,0,0,0,2,191,11,0,6.82,0,3,0,0,0,0,0,0,362.0,0.0,0,43,1,15,20,8,53.33,0,18,13,72.22,21,14,15,30,86,47.25,9,302,103,375,204.5,44,0,636,28,4,0,Fabian Schleusener,Karlsruher SC,270897,2553,FW
0,0,0.0,45,1,33.33,71,22,93,70.99,16,40.0,24,19,0,0,0,1,10,0,4,10,0,10,18,0,0,9,4,48,0,0,,,10,0,17.24,0,5,5,12,10,2,5,0,,11,31.43,0,0,0,38,4,7,4,6,734,4,,0,0,1,0,0.0,0,0,0,0,67,5,0,6.82,0,1,0,0,0,0,0,0,146.8,0.0,0,22,7,9,10,5,83.33,0,5,3,60.0,7,3,6,0,27,36.0,3,102,29,131,122.7,29,1,243,1,2,0,Dženan Pejčinović,Fortuna Düsseldorf,1127790,2588,FW
44,6,37.5,157,66,58.41,299,421,714,85.71,11,44.0,14,21,0,0,0,0,86,0,0,7,4,49,21,0,1,8,9,54,0,1,,,14,0,0.0,6,0,0,19,16,3,0,0,,59,59.6,0,0,0,119,8,9,0,16,1428,0,,0,0,0,0,0.0,0,0,0,0,166,4,0,6.81,1,0,0,0,0,0,0,0,0.0,0.0,0,5,6,2,2,10,50.0,0,25,18,72.0,9,81,20,16,70,56.45,113,396,453,833,143.1,11,0,1106,24,3,0,Marcel Hoffmeier,SC Paderborn 07,930702,2561,DF
8,2,25.0,153,15,65.22,270,93,361,85.55,9,37.5,15,24,1,0,0,0,59,2,4,4,1,7,23,0,0,24,9,82,0,1,,,22,0,8.33,0,3,4,20,18,2,3,0,,68,50.37,0,0,1,61,7,12,0,19,1450,1,,0,0,0,0,0.0,0,0,0,0,152,4,0,6.81,0,3,0,0,0,0,0,0,483.33,0.0,0,22,14,22,10,14,48.28,0,15,8,53.33,12,13,29,8,77,48.43,23,321,109,422,156.7,36,1,688,39,3,0,Hyun-ju Lee,Hannover 96,1191120,2541,
14,18,26.09,110,29,52.73,191,159,332,77.75,13,56.52,10,22,2,0,0,0,71,5,0,5,2,35,21,0,0,14,10,52,0,0,,,7,0,0.0,0,0,2,25,21,4,0,0,,53,55.79,0,0,0,95,13,15,0,13,1269,0,,0,0,0,0,0.0,0,0,0,0,202,4,0,6.81,0,0,0,0,0,0,0,0,0.0,0.0,0,9,4,4,4,18,62.07,0,22,13,59.09,15,27,29,69,66,55.93,55,295,201,427,143.0,13,0,834,13,1,0,Guille Bueno,Darmstadt 98,1139648,2576,DF
35,4,19.05,129,56,72.73,320,376,692,87.93,5,25.0,15,23,0,0,0,0,70,1,0,6,2,15,23,0,0,6,3,45,0,2,,,20,0,6.25,6,1,1,28,23,5,1,0,,32,51.61,0,0,0,95,11,14,0,17,1419,0,,0,0,0,0,0.0,0,0,0,0,142,6,0,6.81,1,1,0,0,0,0,0,0,1419.0,0.0,0,7,9,6,4,0,0.0,0,24,20,83.33,14,51,2,21,37,45.12,77,408,400,787,156.6,16,0,956,9,4,1,Max Grüger,FC Schalke 04,1510769,2530,MF
6,5,23.81,84,4,19.05,123,30,148,53.82,78,42.62,105,26,2,0,0,0,38,4,4,11,0,34,26,0,0,22,5,177,0,0,,,26,0,9.68,0,3,5,30,24,6,3,0,,41,36.28,1,0,1,127,3,17,0,16,1495,1,,0,0,0,0,0.0,0,0,0,0,263,9,0,6.81,0,2,0,0,0,0,0,0,498.33,0.0,0,26,5,10,10,17,44.74,0,8,5,62.5,17,11,38,21,119,40.2,21,250,46,275,177.0,31,0,614,21,1,0,Eric Hottmann,SSV Jahn Regensburg,880226,2567,FW
8,0,0.0,46,18,38.3,135,354,489,86.4,5,71.43,2,14,1,0,0,0,31,1,0,0,4,49,14,0,0,5,4,26,0,1,,,12,0,25.0,6,1,2,18,13,5,1,0,,32,57.14,0,0,0,77,10,3,0,12,1081,0,,0,0,0,0,0.0,0,0,0,0,97,0,0,6.81,0,1,0,0,0,0,0,0,1081.0,0.0,0,4,0,1,3,5,62.5,0,18,11,61.11,3,19,8,0,37,58.73,47,163,403,566,95.3,4,0,717,9,3,0,Tim Drexler,1. FC Nürnberg,1152499,2523,DF
3,1,25.0,91,12,36.36,173,225,397,79.4,13,43.33,17,21,0,0,0,0,63,1,0,9,0,22,19,0,0,13,13,61,0,0,,,13,0,5.56,0,1,1,25,23,2,1,0,,52,54.17,0,0,0,103,18,12,0,13,1178,0,,0,0,0,0,0.0,0,0,0,0,155,7,0,6.81,0,1,0,0,0,0,0,0,1178.0,0.0,0,7,11,8,1,12,70.59,0,34,23,67.65,12,19,17,4,65,51.59,33,244,260,500,129.3,18,0,729,8,4,0,Sacha Banse,SpVgg Greuther Fürth,1126690,2551,MF
3,0,0.0,33,5,100.0,63,18,81,55.1,65,48.15,70,23,1,0,0,0,15,4,4,4,0,8,23,0,0,18,1,122,0,0,,,35,0,10.0,0,3,4,10,10,0,3,0,,14,21.21,1,0,2,66,1,10,1,7,828,3,,0,0,0,0,0.0,0,0,0,0,118,4,0,6.8,0,1,0,0,0,0,0,0,276.0,0.0,0,28,2,15,11,4,50.0,0,3,2,66.67,10,5,8,1,79,39.3,5,121,27,147,156.5,30,0,280,7,6,0,Hólmbert Aron Friðjónsson,Preußen Münster,94781,2590,FW
21,0,0.0,106,51,58.62,299,509,808,86.7,38,63.33,22,24,2,0,0,0,92,2,1,0,2,38,24,0,0,7,22,87,1,1,,,33,0,0.0,1,0,2,30,22,8,0,0,,67,50.76,0,0,0,124,13,10,0,17,1636,0,,0,0,0,1,0.0,0,0,0,1,155,3,0,6.8,0,0,0,0,0,0,0,0,0.0,0.0,0,4,1,3,2,4,50.0,0,48,29,60.42,10,49,8,4,105,54.69,87,382,554,932,163.3,5,0,1145,15,4,0,Pascal Klemens,Hertha BSC,1409353,2528,MF
5,3,30.0,77,1,33.33,116,33,146,69.52,17,30.91,38,27,1,0,0,0,39,2,1,14,0,7,27,0,0,42,3,156,0,0,,,40,0,8.51,0,4,5,22,21,1,4,0,,64,35.16,1,0,0,64,3,18,0,18,1459,9,,0,0,1,0,100.0,0,1,0,1,214,12,0,6.8,0,3,0,0,0,0,0,0,364.75,0.0,0,34,13,19,14,20,37.74,0,14,11,78.57,18,9,53,10,81,34.18,3,177,43,210,183.7,47,0,528,30,7,0,Jessic Ngankam,Hannover 96,906276,2541,FW
9,2,28.57,98,8,44.44,162,125,285,77.87,5,35.71,9,19,0,0,0,0,49,3,0,8,0,5,18,0,0,10,13,57,0,0,,,9,0,10.0,0,2,2,9,9,0,1,1,,46,48.94,0,0,0,81,9,9,0,9,823,1,,0,0,0,0,0.0,0,0,0,0,140,12,0,6.8,0,2,0,0,0,0,0,0,411.5,0.0,0,10,10,6,6,17,51.52,0,15,11,73.33,9,22,33,7,51,47.22,18,237,136,366,122.4,20,0,536,14,3,0,Sebastian Klaas,SC Paderborn 07,878628,2561,MF
5,4,40.0,28,8,57.14,54,42,92,84.4,0,0.0,3,6,1,0,0,0,8,1,0,5,0,1,6,0,0,3,2,10,0,0,,,1,0,12.5,0,1,2,5,5,0,1,0,,5,41.67,0,0,0,17,1,2,1,2,219,0,,0,0,0,0,0.0,0,0,0,0,31,0,0,6.8,0,0,0,0,0,0,0,0,219.0,0.0,0,6,2,0,3,1,50.0,0,3,1,33.33,2,8,2,10,5,33.33,14,75,44,109,40.8,8,0,150,1,0,0,Philipp Klement,1. FC Kaiserslautern,147306,2675,MF
5,0,0.0,31,13,38.24,92,276,368,88.25,30,65.22,16,9,0,0,0,0,22,0,0,2,0,58,9,0,0,3,5,35,0,0,,,8,0,33.33,2,1,1,16,12,4,1,0,,16,45.71,1,0,0,49,8,1,0,7,673,1,,0,0,0,0,0.0,0,0,0,0,62,0,0,6.8,0,0,0,0,0,0,0,0,673.0,0.0,0,3,0,0,1,2,33.33,0,10,7,70.0,1,9,6,1,46,56.79,34,122,296,417,61.2,3,0,544,4,2,0,Fabio Gruber,1. FC Nürnberg,1130119,2523,DF
2,2,25.0,34,2,50.0,66,48,112,73.2,8,57.14,6,8,1,0,0,0,24,1,1,1,0,6,8,0,0,6,7,28,0,0,,,4,0,0.0,0,0,1,5,5,0,0,0,,24,52.17,0,0,0,41,3,5,0,6,421,2,,0,0,0,0,0.0,0,0,0,0,74,1,0,6.8,0,0,0,0,0,0,0,0,0.0,0.0,0,3,0,2,0,3,37.5,0,15,7,46.67,5,6,8,8,32,53.33,4,102,59,153,54.4,3,0,253,6,1,0,Bakery Jatta,Hamburger SV,842526,2676,MF
0,0,0.0,1,0,0.0,2,5,7,70.0,0,0.0,0,1,0,0,0,0,1,0,0,1,0,0,1,0,0,0,0,0,0,0,,,0,0,0.0,0,0,0,1,1,0,0,0,,2,100.0,0,0,0,3,0,0,0,0,16,0,,0,0,0,0,0.0,0,0,0,0,4,0,0,6.8,0,0,0,0,0,0,0,0,0.0,0.0,0,2,0,1,0,1,100.0,0,1,1,100.0,0,0,1,0,2,100.0,0,5,5,10,6.8,2,0,15,0,0,0,Winners Osawe,1. FC Nürnberg,1440629,2523,MF
1,0,0.0,0,1,12.5,1,38,39,84.78,0,0.0,0,2,0,0,0,0,22,0,0,0,0,0,2,0,0,0,0,0,0,0,,,0,0,0.0,8,0,0,3,3,0,0,0,,0,0.0,0,1,0,7,0,0,0,2,180,0,,0,0,0,0,0.0,0,0,0,0,7,0,0,6.8,0,0,0,4,1,5,0,0,0.0,0.0,0,0,0,0,0,0,0.0,0,0,0,0.0,0,1,0,0,0,0.0,8,6,40,46,13.6,0,0,63,0,0,0,Dennis Smarsch,Hertha BSC,893763,2528,GK
6,0,0.0,19,14,42.42,44,72,116,73.42,9,52.94,8,7,0,0,0,0,13,1,0,1,1,18,7,0,0,5,1,16,0,0,,,3,0,0.0,1,0,0,6,6,0,0,0,,15,65.22,0,0,0,42,7,2,0,4,404,0,,0,0,0,0,0.0,0,0,0,0,66,0,0,6.8,0,0,0,0,0,0,0,0,0.0,0.0,0,1,3,3,0,1,100.0,0,10,6,60.0,2,18,1,2,24,60.0,33,71,89,158,47.6,4,0,247,4,0,0,Sebastian Mrowca,Preußen Münster,147312,2590,DF
21,5,23.81,160,18,30.51,296,215,506,73.87,44,50.57,43,32,1,0,0,1,105,3,3,9,5,49,31,0,0,22,18,119,0,0,,,15,0,3.7,0,1,2,50,47,3,1,0,,101,57.06,0,0,0,179,29,24,0,23,2244,1,,0,0,2,0,50.0,0,1,0,0,326,10,0,6.79,0,1,0,0,0,0,0,0,2244.0,0.0,2,18,9,13,5,20,45.45,0,54,29,53.7,24,41,44,21,145,54.92,59,453,253,685,210.6,27,0,1196,28,2,0,Christian Viet,SSV Jahn Regensburg,882005,2567,MF
7,5,20.83,101,9,39.13,178,100,273,72.99,7,26.92,19,15,0,0,0,0,47,2,2,3,1,33,15,0,0,11,12,65,0,1,,,11,0,0.0,0,0,0,19,15,4,0,0,,67,59.29,0,0,0,101,15,14,0,13,1151,1,,0,0,0,0,0.0,0,0,0,0,180,3,0,6.79,0,0,0,0,0,0,0,0,0.0,0.0,0,5,5,4,3,16,53.33,0,36,22,61.11,14,20,30,24,74,53.24,23,270,128,374,101.9,10,0,657,15,1,0,Marco John,SpVgg Greuther Fürth,980625,2551,MF
7,6,27.27,122,9,37.5,199,126,319,79.35,14,43.75,18,28,4,0,0,0,70,5,7,6,0,11,27,0,0,29,11,116,1,0,,,20,0,6.82,0,3,7,26,23,3,2,1,,73,42.69,1,0,2,83,11,22,0,19,1633,4,,0,0,0,0,0.0,0,0,0,0,233,11,0,6.79,0,2,0,0,0,0,0,0,544.33,0.0,0,23,21,25,13,39,50.0,0,22,11,50.0,22,14,78,22,87,42.86,24,277,147,402,183.4,44,1,814,12,3,0,Massimo,SpVgg Greuther Fürth,911956,2551,
12,12,30.0,160,11,52.38,277,138,403,78.86,10,52.63,9,27,2,0,0,0,67,5,0,4,0,16,27,0,0,17,15,81,0,0,,,20,0,11.76,0,2,4,16,14,2,2,0,,44,37.93,0,0,0,108,6,24,0,19,1521,5,,0,0,0,0,0.0,0,0,0,0,225,14,0,6.79,0,1,0,0,0,0,0,0,760.5,0.0,1,10,7,8,5,10,32.26,0,16,7,43.75,24,23,31,40,54,40.0,21,387,164,511,183.4,17,0,792,18,1,0,Jannik Rochelt,Hannover 96,896159,2541,MF
15,6,21.43,147,16,59.26,255,104,353,82.28,6,60.0,4,23,1,0,0,0,47,1,0,9,0,5,22,0,0,15,7,44,0,1,,,8,0,11.11,0,2,3,14,11,3,2,0,,33,45.21,0,0,0,76,8,16,0,12,966,0,,0,0,0,0,0.0,0,0,0,0,146,6,0,6.79,0,2,0,0,0,0,0,0,483.0,0.0,0,8,10,3,6,15,60.0,0,12,10,83.33,16,33,25,28,39,46.99,27,338,119,429,149.4,18,0,591,6,0,0,Abu-Bekir Ömer El-Zein,1. FC Magdeburg,1140593,2591,MF
18,19,27.54,94,15,42.86,163,60,204,64.35,22,36.67,38,22,0,0,0,0,49,6,2,12,0,5,22,0,0,31,13,126,0,0,,,31,0,5.71,0,2,2,28,26,2,2,0,,57,39.31,0,0,0,113,4,27,1,14,1250,18,,0,0,0,0,0.0,0,0,0,0,265,12,0,6.79,0,1,0,0,0,0,0,0,625.0,0.0,3,22,13,10,13,15,48.39,0,25,12,48.0,27,38,31,69,79,38.54,35,315,71,317,149.4,35,1,643,17,4,0,Sargis Adamyan,SSV Jahn Regensburg,129927,2567,FW
38,2,6.9,137,58,52.25,260,183,441,69.45,48,44.44,60,30,0,0,0,0,118,1,5,20,1,43,30,0,0,32,27,176,1,1,,,47,0,6.0,0,3,3,44,39,5,3,0,,114,49.57,0,0,2,194,23,22,0,29,2365,6,,0,0,2,1,100.0,0,2,0,0,328,11,0,6.79,0,3,0,0,0,0,0,0,788.33,0.0,0,22,28,21,9,19,51.35,0,53,36,67.92,22,83,37,29,162,47.93,111,433,231,635,203.7,50,0,1096,43,5,0,Christian Kühlwetter,SSV Jahn Regensburg,326695,2567,MF
33,20,28.17,102,41,54.67,227,294,501,81.33,14,63.64,8,20,1,0,0,0,55,2,4,2,2,31,20,0,0,4,6,41,0,1,,,17,0,0.0,1,0,1,25,22,3,0,0,,41,55.41,0,0,0,115,8,23,0,16,1379,3,,0,0,0,0,0.0,0,0,0,0,207,7,0,6.79,0,0,0,0,0,0,0,0,0.0,0.0,2,8,4,6,4,6,46.15,0,27,19,70.37,23,59,13,71,55,57.29,75,361,326,616,135.8,12,0,952,8,4,0,Erik Wekesser,1. FC Kaiserslautern,796043,2675,MF
7,1,33.33,64,11,50.0,144,148,291,87.13,6,31.58,13,17,0,0,0,0,37,1,0,2,1,17,17,0,0,5,3,33,0,0,,,10,0,14.29,0,1,1,10,8,2,0,1,,24,54.55,0,0,0,43,6,8,0,5,662,0,,0,0,0,0,0.0,0,0,0,0,64,3,0,6.79,0,1,0,0,0,0,0,0,662.0,0.0,0,2,5,2,3,2,40.0,0,18,8,44.44,8,13,5,3,30,47.62,22,182,155,334,115.4,7,0,439,4,4,0,Łukasz Poręba,Hamburger SV,942336,2676,MF
8,3,42.86,73,3,33.33,107,55,159,78.71,7,41.18,10,26,3,0,0,0,33,6,1,3,0,8,24,0,0,9,6,35,0,0,,,7,0,0.0,0,0,3,9,7,2,0,0,,28,52.83,0,0,0,43,5,14,0,8,821,0,,0,1,0,0,0.0,0,0,0,0,72,4,0,6.79,0,0,0,0,0,0,0,0,0.0,0.0,0,10,4,5,6,1,25.0,0,22,16,72.73,13,9,4,7,35,50.0,9,138,71,202,162.9,14,0,332,5,2,0,Manuel Feil,SV 07 Elversberg,814221,2598,MF
34,0,0.0,8,122,39.74,52,506,558,74.9,10,100.0,0,27,0,0,0,0,212,0,0,0,6,20,27,1,0,0,0,0,2,1,,,1,0,0.0,139,0,0,39,31,8,0,0,,3,100.0,0,14,0,187,0,0,0,27,2430,0,,0,0,0,0,0.0,6,0,0,0,189,0,7,6.79,0,0,10,43,15,58,2,10,0.0,0.0,0,0,0,0,0,0,0.0,9,0,0,0.0,0,53,0,0,13,100.0,307,186,559,745,183.2,0,0,989,3,2,0,Tjark Ernst,Hertha BSC,1019319,2528,GK
5,1,25.0,58,6,54.55,106,101,206,83.06,8,44.44,10,20,0,0,0,0,66,0,7,10,1,8,20,0,0,8,12,53,0,0,,,8,0,11.54,0,3,3,6,6,0,3,0,,39,47.56,0,0,0,42,12,6,3,9,882,0,,0,0,0,0,0.0,0,0,0,1,97,2,0,6.79,0,0,0,0,0,0,0,0,294.0,0.0,0,20,6,8,8,9,36.0,0,13,10,76.92,6,9,25,4,47,47.0,11,137,115,248,135.7,26,1,415,17,2,0,Daniel Kyerewaa,Preußen Münster,1066810,2590,MF
12,0,0.0,56,18,62.07,151,258,409,84.16,25,50.0,25,16,0,0,0,0,50,0,2,1,3,20,16,0,0,7,12,60,0,0,,,16,0,0.0,0,0,0,11,10,1,0,0,,28,44.44,0,0,0,77,11,8,0,11,962,1,,0,0,0,0,0.0,0,0,0,0,99,2,0,6.78,0,0,0,0,0,0,0,0,0.0,0.0,0,4,3,4,2,5,83.33,0,18,13,72.22,8,20,6,4,53,46.9,29,207,283,486,108.5,7,0,622,7,5,0,Philipp Maier,SSV Ulm 1846,317509,2580,MF
5,5,25.0,85,7,35.0,155,101,251,81.76,5,29.41,12,15,4,0,0,0,57,4,1,0,2,17,15,0,0,8,2,54,0,1,,,11,0,10.0,0,1,5,22,18,4,1,0,,30,41.67,0,0,0,56,14,15,1,13,1073,2,,0,0,0,0,0.0,0,0,0,0,134,6,0,6.78,0,0,0,0,0,0,0,0,1073.0,0.0,0,7,3,7,3,9,29.03,0,14,9,64.29,15,12,31,20,35,39.33,20,214,113,307,101.7,10,1,561,8,2,0,Lubambo Musonda,1. FC Magdeburg,787465,2591,MF
10,0,0.0,60,28,53.85,179,361,540,90.76,18,45.0,22,15,0,0,0,0,45,0,0,2,2,33,14,0,0,1,4,45,0,0,,,18,0,0.0,12,0,0,15,14,1,0,0,,29,55.77,0,0,0,55,9,2,0,10,915,0,,0,0,0,0,0.0,0,0,0,0,68,2,0,6.78,0,0,0,0,0,0,0,0,0.0,0.0,0,0,2,0,0,4,57.14,0,21,14,66.67,2,29,7,1,47,51.09,52,220,376,595,94.9,2,1,726,4,2,0,Tobias Müller,1. FC Magdeburg,289203,2591,DF
7,4,30.77,60,5,45.45,100,42,138,74.19,6,37.5,10,18,3,0,0,0,37,3,1,2,0,10,17,0,0,17,4,60,0,0,,,25,0,0.0,0,0,3,7,6,1,0,0,,32,39.02,0,0,1,48,4,13,0,5,608,0,,0,0,0,0,0.0,0,0,0,0,104,9,0,6.78,0,0,0,0,0,0,0,0,0.0,0.0,1,3,5,4,2,11,68.75,0,6,5,83.33,13,15,16,13,38,38.78,11,151,48,186,115.2,8,0,325,15,4,0,Immanuel Pherai,Hamburger SV,989203,2676,MF
4,4,57.14,52,6,54.55,99,57,152,72.38,21,38.18,34,25,0,0,0,0,28,3,2,4,0,17,24,0,0,21,3,75,0,0,,,4,0,22.22,0,4,4,18,16,2,4,0,,41,50.0,1,0,2,58,4,14,1,9,1020,7,,0,0,0,0,0.0,0,0,0,0,140,4,0,6.78,0,2,0,0,0,0,0,0,255.0,0.0,0,14,4,6,8,12,48.0,0,11,9,81.82,14,6,25,7,62,45.26,11,148,69,210,162.6,18,0,421,20,1,0,Lukas Schleimer,1. FC Nürnberg,940050,2523,FW
0,0,0.0,7,0,0.0,18,11,29,93.55,0,0.0,3,6,0,0,0,0,5,1,0,2,0,1,4,0,0,0,0,6,0,0,,,2,0,0.0,0,0,0,1,1,0,0,0,,2,40.0,0,0,0,2,0,2,0,0,75,1,,0,0,0,0,0.0,0,0,0,0,6,0,0,6.78,0,0,0,0,0,0,0,0,0.0,0.0,0,2,0,0,0,0,0.0,0,2,2,100.0,2,0,1,0,2,25.0,0,19,12,31,27.1,2,0,46,0,1,0,Noah Mbamba,Fortuna Düsseldorf,1100321,2588,MF
10,0,0.0,30,20,64.52,124,121,245,87.5,15,78.95,4,8,0,0,0,0,15,0,0,1,0,18,8,0,0,0,2,9,0,0,,,3,0,0.0,4,0,0,7,5,2,0,0,,5,50.0,0,0,0,35,4,0,0,2,287,1,,0,0,0,0,0.0,0,0,0,0,43,1,0,6.78,0,0,0,0,0,0,0,0,0.0,0.0,0,2,0,1,0,0,0.0,0,2,1,50.0,0,15,0,2,20,68.97,31,155,127,280,54.2,2,0,331,3,1,0,Patric Pfeiffer,1. FC Magdeburg,930135,2591,DF
5,5,55.56,51,2,20.0,78,24,97,74.62,0,0.0,2,12,0,0,0,0,20,1,0,1,0,4,12,0,0,7,3,22,0,0,,,3,0,0.0,0,0,0,3,3,0,0,0,,33,62.26,0,0,0,33,4,6,0,4,459,1,,0,0,0,0,0.0,0,0,0,0,66,2,0,6.78,0,0,0,0,0,0,0,0,0.0,0.0,0,3,2,4,0,6,46.15,0,12,10,83.33,6,5,13,9,33,60.0,10,106,33,130,81.3,5,0,233,15,1,0,Kolja Oudenne,Hannover 96,1130872,2541,MF
22,8,27.59,125,22,47.83,218,181,391,78.83,8,32.0,17,27,2,0,0,0,62,6,2,7,0,23,27,0,0,23,20,105,0,1,,,22,1,2.44,0,1,3,19,17,2,0,1,,58,39.73,0,0,4,105,11,15,0,14,1193,0,,0,0,0,0,0.0,0,0,0,1,201,10,0,6.77,0,1,0,0,0,0,0,0,1193.0,100.0,1,22,19,22,12,13,35.14,0,24,13,54.17,15,42,37,29,66,38.6,46,316,209,496,182.9,41,0,791,22,2,0,Marco Richter,Hamburger SV,796027,2676,MF
12,5,20.83,77,9,33.33,164,165,324,79.8,13,43.33,17,20,2,0,0,0,44,4,1,2,0,34,19,0,0,5,11,63,1,0,,,20,0,11.11,0,1,3,23,21,2,1,0,,51,52.58,0,0,0,82,15,16,1,9,965,0,,0,0,0,0,0.0,0,0,0,0,144,4,0,6.77,1,0,0,0,0,0,0,0,965.0,0.0,0,7,2,5,2,7,38.89,0,31,24,77.42,16,20,18,24,64,50.39,27,235,195,406,128.7,9,0,694,13,3,1,Adrian Gantenbein,FC Schalke 04,1046188,2530,DF
1,2,100.0,17,0,0.0,26,10,34,64.15,22,55.0,18,16,1,0,0,0,12,2,0,1,0,1,15,0,0,8,1,40,0,0,,,10,0,18.18,0,2,3,3,3,0,2,0,,9,29.03,1,0,0,19,1,3,0,0,223,0,,0,0,0,0,0.0,0,0,0,0,40,3,0,6.77,0,1,0,0,0,0,0,0,111.5,0.0,0,10,1,6,4,1,25.0,0,4,2,50.0,3,2,4,2,31,43.66,0,42,13,53,101.6,11,0,113,4,3,0,Andrin Hunziker,Karlsruher SC,1105053,2553,FW
16,11,26.19,119,22,33.33,223,130,342,71.4,6,33.33,12,24,1,0,0,0,64,2,0,5,3,31,24,0,0,8,12,61,0,0,,,14,0,13.33,0,2,3,34,30,4,2,0,,77,61.11,0,0,0,137,15,15,0,14,1299,2,,0,0,0,1,0.0,0,0,0,0,242,4,0,6.77,0,2,0,0,0,0,0,0,649.5,0.0,0,7,8,4,6,23,57.5,0,36,24,66.67,15,39,40,42,83,57.64,66,345,176,479,162.5,15,1,895,18,5,0,Leon Bell Bell,Eintracht Braunschweig,807418,2557,MF
11,0,0.0,78,13,35.14,186,208,394,81.74,27,56.25,21,14,2,0,0,0,52,0,0,9,3,22,13,0,1,16,20,78,0,1,,,19,0,5.0,0,1,3,20,16,4,0,1,,52,47.71,0,0,0,88,15,10,1,12,1048,0,,0,0,0,0,0.0,0,0,0,0,115,1,0,6.77,1,0,0,0,0,0,0,0,1048.0,0.0,0,2,18,6,5,3,42.86,0,32,21,65.63,10,31,7,2,79,50.32,37,257,227,482,88.0,20,0,655,18,2,0,Dennis Dressel,SSV Ulm 1846,860765,2580,MF
8,0,0.0,53,3,60.0,96,86,182,83.11,10,52.63,9,14,0,0,0,0,36,0,1,4,0,8,13,0,0,11,8,50,0,0,,,14,0,14.29,0,1,1,5,5,0,1,0,,38,48.1,0,0,0,37,9,5,0,8,663,4,,0,0,0,0,0.0,0,0,0,0,86,4,0,6.77,0,1,0,0,0,0,0,0,663.0,0.0,0,6,1,1,2,8,47.06,0,14,8,57.14,5,14,17,4,48,48.98,5,125,98,219,88.0,7,0,364,17,3,0,Yassine Bouchama,Preußen Münster,823969,2590,MF
3,6,17.14,67,5,41.67,122,63,179,77.16,14,53.85,12,20,0,0,0,0,33,2,4,4,0,9,19,0,0,11,7,51,0,0,,,15,0,7.69,0,1,1,21,19,2,1,0,,46,54.12,0,0,0,53,13,11,0,8,906,5,,0,0,0,0,0.0,0,0,0,1,122,6,0,6.77,0,1,0,0,0,0,0,0,906.0,0.0,0,10,3,5,4,3,30.0,0,26,19,73.08,11,11,10,35,60,54.05,12,197,70,232,128.6,13,0,460,17,5,0,Kenny Prince Redondo,1. FC Kaiserslautern,168959,2675,MF
5,5,31.25,94,2,20.0,160,89,244,78.46,11,40.74,16,15,0,0,0,0,39,1,4,6,0,7,15,0,0,18,6,53,0,0,,,8,0,15.79,0,3,3,13,11,2,3,0,,18,32.73,0,0,0,67,1,15,1,13,942,5,,1,0,0,0,0.0,0,0,0,0,128,5,0,6.77,0,2,0,0,0,0,0,0,314.0,0.0,0,16,3,7,6,5,45.45,0,9,4,44.44,15,13,11,16,29,35.37,10,223,104,311,101.5,19,0,458,4,0,0,Koen Kostons,SC Paderborn 07,847073,2561,FW
18,12,26.09,84,18,29.51,191,193,372,67.27,58,54.21,49,27,2,0,0,0,57,3,2,3,5,73,27,0,0,10,20,117,0,0,,,28,0,9.09,0,1,3,31,30,1,1,0,,52,43.33,1,0,1,181,35,20,0,26,2127,4,,0,1,0,1,0.0,0,0,0,0,297,2,0,6.77,0,0,0,0,0,0,0,0,2127.0,0.0,0,8,3,6,2,6,33.33,0,35,27,77.14,19,42,18,46,110,48.46,61,338,261,553,182.7,11,0,1046,12,10,0,Jano Ter-Horst,Preußen Münster,1152342,2590,DF
6,1,20.0,55,9,40.91,112,77,188,81.39,7,46.67,8,6,1,0,0,0,24,1,0,1,1,6,6,0,0,6,5,36,0,0,,,13,0,0.0,1,0,1,5,5,0,0,0,,23,45.1,0,0,0,43,1,4,0,4,346,0,,0,0,0,0,0.0,0,0,0,0,70,0,0,6.77,0,0,0,0,0,0,0,0,0.0,0.0,1,0,4,1,2,10,71.43,0,11,9,81.82,4,11,14,5,30,45.45,22,151,85,231,40.6,4,0,311,2,3,0,Aymen Barkok,FC Schalke 04,856594,2530,MF
6,0,0.0,8,6,66.67,10,6,16,69.57,1,50.0,1,3,0,0,0,0,5,1,0,0,0,3,3,0,0,0,1,5,0,0,,,2,0,0.0,0,0,0,3,2,1,0,0,,3,42.86,0,0,0,7,0,1,0,1,66,0,,0,0,0,0,0.0,0,0,0,0,9,1,0,6.77,0,0,0,0,0,0,0,0,0.0,0.0,0,1,1,0,2,0,0.0,0,2,1,50.0,1,9,1,0,4,44.44,9,16,7,23,20.3,2,0,40,1,0,0,Lars Raebiger,Eintracht Braunschweig,1121455,2557,
3,0,0.0,5,25,49.02,12,57,69,72.63,2,100.0,0,3,0,0,0,0,25,0,0,0,1,4,3,0,0,0,0,0,0,0,,,0,0,0.0,10,0,0,6,6,0,0,0,,0,0.0,0,3,0,26,0,1,0,2,225,0,,0,0,0,0,0.0,0,0,0,0,29,0,0,6.77,0,0,1,5,2,7,0,1,0.0,0.0,0,0,0,0,0,0,0.0,1,0,0,0.0,1,3,0,0,2,100.0,51,32,63,95,20.3,0,0,124,0,0,0,Moritz Schulze,SpVgg Greuther Fürth,997027,2551,GK
54,0,0.0,199,104,51.49,502,863,1365,86.72,46,48.94,48,27,1,0,0,0,91,1,1,4,4,101,26,0,0,1,7,77,1,1,,,20,0,10.0,26,1,2,41,34,7,1,0,,20,40.82,1,0,0,209,23,4,0,25,2260,0,,0,0,0,0,0.0,0,0,0,0,225,0,0,6.77,0,0,0,0,0,0,0,0,2260.0,0.0,3,7,3,3,3,2,50.0,0,10,5,50.0,4,102,4,3,66,46.15,202,664,913,1574,175.9,10,0,1805,9,5,0,Marcin Kamiński,FC Schalke 04,73980,2530,DF
2,0,0.0,36,1,50.0,55,20,75,64.66,29,70.73,12,20,1,0,0,0,15,1,4,3,0,4,16,0,0,4,1,28,0,0,,,9,0,7.14,0,1,2,12,11,1,1,0,,11,40.74,0,0,1,41,1,10,0,3,440,2,,0,0,1,0,100.0,0,1,0,0,64,3,0,6.76,0,1,0,0,0,0,0,0,440.0,0.0,0,13,1,9,2,3,60.0,0,5,4,80.0,10,2,5,3,40,58.82,2,94,25,116,108.2,14,0,184,3,0,0,Vincent Vermeij,Fortuna Düsseldorf,339889,2588,FW
7,8,20.51,69,9,47.37,117,51,160,66.39,8,34.78,15,20,1,0,0,0,35,1,4,2,0,16,20,0,0,7,5,48,0,0,,,14,0,22.22,0,2,3,10,8,2,2,0,,29,46.77,0,0,0,81,5,7,2,9,786,0,,0,0,0,0,0.0,0,0,0,0,155,10,0,6.76,0,0,0,0,0,0,0,0,393.0,0.0,0,8,1,2,5,5,41.67,0,14,10,71.43,7,14,12,39,37,43.53,19,214,66,241,135.2,9,0,442,10,3,0,Marten Winkler,Hertha BSC,1069125,2528,MF
26,25,23.15,222,57,42.86,448,396,819,78.07,14,48.28,15,31,1,0,0,0,86,3,2,10,3,67,31,0,0,3,19,54,0,0,,,8,0,7.69,0,2,3,50,49,1,2,0,,51,56.67,0,0,0,230,22,21,0,31,2711,1,,0,0,0,0,0.0,0,0,0,0,360,3,0,6.76,0,2,0,0,0,0,0,0,1355.5,0.0,0,13,13,10,6,3,25.0,0,39,25,64.1,21,59,12,108,65,54.62,133,685,472,1049,209.5,26,1,1616,10,1,0,Sebastian Jung,Karlsruher SC,48555,2553,DF
16,2,40.0,93,18,60.0,214,226,438,76.04,68,48.23,73,25,1,0,0,0,57,2,4,4,2,39,25,0,0,7,16,120,0,0,,,27,0,16.67,0,3,4,30,25,5,3,0,,43,47.78,2,0,0,138,8,8,0,20,1646,2,,0,0,0,0,0.0,0,0,0,0,182,8,0,6.76,0,1,0,0,0,0,0,0,548.67,0.0,0,15,3,8,6,3,60.0,0,30,15,50.0,8,21,5,5,111,48.05,30,319,262,576,168.9,18,0,809,10,4,0,Janik Bachmann,FC Schalke 04,579254,2530,MF
11,4,26.67,123,9,37.5,195,114,305,78.61,11,40.74,16,18,1,0,0,0,45,3,2,5,0,16,18,0,0,18,8,69,0,0,,,19,0,7.14,0,1,2,19,18,1,1,0,,46,46.46,0,0,1,83,11,13,0,8,989,0,,0,0,0,0,0.0,0,0,0,0,146,2,0,6.76,0,1,0,0,0,0,0,0,989.0,0.0,0,10,4,7,2,10,52.63,0,25,14,56.0,13,24,19,15,57,45.24,24,273,130,388,121.6,14,0,588,12,5,0,Connor Krempicki,1. FC Magdeburg,171995,2591,MF
12,0,0.0,38,12,57.14,103,134,237,84.04,9,81.82,2,12,0,0,0,0,34,0,0,0,0,13,11,0,0,7,9,30,1,1,,,9,0,0.0,0,0,0,11,8,3,0,0,,38,57.58,0,0,0,45,9,2,0,9,652,0,,0,0,0,0,0.0,0,0,0,0,66,2,0,6.75,0,0,0,0,0,0,0,0,0.0,0.0,0,1,3,1,3,8,66.67,0,17,13,76.47,2,19,12,0,47,61.04,21,132,150,282,74.3,4,0,390,13,4,0,Aremu Afeez,1. FC Kaiserslautern,922967,2675,MF
5,4,17.39,27,4,66.67,42,32,70,61.95,11,36.67,19,15,2,0,0,0,35,4,1,4,0,0,15,0,0,15,7,70,0,0,,,13,0,5.0,0,1,3,19,18,1,1,0,,34,40.0,0,0,1,43,1,6,1,10,884,4,,0,0,0,0,0.0,0,0,0,0,119,5,0,6.75,0,0,0,0,0,0,0,0,884.0,0.0,0,14,6,10,6,16,48.48,0,9,8,88.89,6,8,33,23,45,39.13,6,94,42,113,101.3,20,1,272,10,1,0,Joel Grodowski,Preußen Münster,886973,2590,FW
4,15,24.59,112,21,47.73,212,164,361,76.97,14,51.85,13,20,2,0,0,0,49,3,0,2,0,26,19,0,0,6,9,51,1,0,,,5,0,16.67,0,1,3,19,18,1,0,1,,33,46.48,0,0,0,108,13,17,1,12,967,0,,0,0,0,0,0.0,0,0,0,0,208,3,0,6.75,0,0,0,0,0,0,0,0,967.0,0.0,0,4,2,3,1,9,33.33,0,18,15,83.33,17,8,27,61,47,47.96,44,328,202,469,128.3,6,0,801,6,1,0,Lasse Günther,Karlsruher SC,997175,2553,DF
14,29,30.53,105,30,30.61,205,173,349,69.94,7,36.84,12,30,1,0,0,0,77,3,0,7,3,32,28,0,0,17,16,83,0,0,,,27,0,4.76,0,1,2,42,35,7,1,0,,71,50.0,0,0,0,150,18,19,0,20,1916,0,,0,0,0,0,0.0,0,0,0,0,321,5,0,6.75,0,1,0,0,0,0,0,0,1916.0,0.0,0,9,12,8,6,10,47.62,0,42,28,66.67,19,42,21,95,78,48.45,98,376,218,499,189.0,21,0,993,20,9,0,Fabio Kaufmann,Eintracht Braunschweig,142329,2557,MF
2,4,28.57,20,1,33.33,29,14,39,78.0,3,50.0,3,12,0,0,0,0,11,1,0,1,0,0,8,0,0,7,0,24,0,0,,,6,0,33.33,0,1,1,0,0,0,1,0,,8,27.59,0,0,0,11,1,6,1,0,131,0,,0,0,0,0,0.0,0,0,0,0,42,1,0,6.75,0,0,0,0,0,0,0,0,131.0,0.0,0,3,0,0,2,4,33.33,0,3,3,100.0,6,3,12,14,11,31.43,3,47,17,50,54.0,3,0,104,1,1,0,Mark Uth,1. FC Köln,110508,2671,FW
0,0,0.0,3,0,0.0,5,7,12,63.16,4,66.67,2,2,0,0,0,0,3,0,0,0,0,2,2,0,0,3,0,8,0,0,,,3,0,0.0,0,0,0,3,3,0,0,0,,2,25.0,0,0,1,7,0,0,0,2,180,0,,0,0,0,0,0.0,0,0,0,0,16,2,0,6.75,0,0,0,0,0,0,0,0,0.0,0.0,0,2,1,2,1,1,100.0,0,0,0,0.0,0,2,1,1,6,42.86,1,11,9,19,13.5,3,0,37,1,0,0,Haris Tabaković,Hertha BSC,259803,2528,FW
1,0,0.0,1,4,40.0,9,32,41,78.85,4,50.0,4,4,0,0,0,0,0,0,0,2,1,9,2,0,0,0,0,6,0,0,,,2,0,0.0,2,0,0,0,0,0,0,0,,1,33.33,0,0,0,11,0,0,0,1,103,0,,0,0,0,0,0.0,0,0,0,0,11,0,0,6.75,0,0,0,0,0,0,0,0,0.0,0.0,0,2,0,0,0,0,0.0,0,1,0,0.0,0,4,0,0,5,45.45,10,19,33,52,13.5,2,0,66,0,0,0,Jordy de Wijs,Fortuna Düsseldorf,359032,2588,DF
0,0,0.0,18,1,33.33,33,13,46,68.66,8,47.06,9,12,0,0,0,0,18,3,5,3,0,1,12,0,0,10,2,35,0,0,,,8,0,21.43,0,3,3,6,6,0,2,1,,18,40.91,1,0,1,21,3,6,1,5,452,3,,0,0,0,0,0.0,0,0,0,0,58,4,0,6.74,0,1,0,0,0,0,0,0,150.67,0.0,0,12,2,3,8,9,60.0,0,4,3,75.0,6,0,15,1,26,42.62,3,48,20,67,80.9,14,0,161,5,2,0,Louey Ben Farhat,Karlsruher SC,1606561,2553,FW
17,0,0.0,76,11,37.93,159,201,360,83.14,24,54.55,20,12,0,0,0,0,43,0,0,1,1,21,12,0,0,9,6,49,2,0,,,13,0,0.0,0,0,0,16,15,1,0,0,,49,62.82,0,0,0,73,10,6,0,9,801,0,,0,0,0,0,0.0,0,0,0,0,97,2,0,6.74,0,0,0,0,0,0,0,0,0.0,0.0,0,0,2,1,0,1,16.67,0,27,17,62.96,6,26,6,3,73,59.84,29,211,225,433,80.9,2,0,574,22,2,0,Tim Breithaupt,1. FC Kaiserslautern,1049177,2675,MF
11,1,25.0,67,31,57.41,152,297,448,82.2,2,28.57,5,17,0,0,0,0,58,2,1,0,0,27,17,0,0,13,11,58,0,1,,,12,0,0.0,0,0,0,19,13,6,0,0,,70,56.91,0,0,0,97,8,4,0,13,1112,0,,0,0,0,0,0.0,0,0,0,0,164,3,0,6.74,0,0,0,0,0,0,0,0,0.0,0.0,0,2,1,3,0,15,46.88,0,35,20,57.14,4,26,32,4,72,55.38,54,200,349,545,114.6,3,0,875,21,4,0,Tim Janisch,1. FC Nürnberg,1493248,2523,MF
14,0,0.0,2,22,37.29,9,122,131,76.61,0,0.0,1,5,0,0,0,0,40,0,0,0,0,3,5,1,0,0,0,1,0,1,,,0,0,0.0,23,0,0,9,7,2,0,0,,0,0.0,0,4,0,40,0,0,0,5,450,0,,0,0,0,0,0.0,1,0,0,0,42,0,1,6.74,0,0,2,9,4,13,0,2,0.0,0.0,0,0,0,0,0,0,0.0,2,0,0,0.0,0,24,0,0,0,0.0,59,38,133,171,33.7,0,0,213,0,0,0,Marius Gersbeck,Hertha BSC,252457,2528,GK
13,0,0.0,14,50,51.55,30,211,241,83.68,5,100.0,0,10,0,0,0,0,68,0,0,0,2,4,10,0,0,0,0,0,1,0,,,0,0,0.0,26,0,0,20,17,3,0,0,,2,100.0,0,11,0,47,0,0,0,10,900,0,,0,0,0,0,0.0,1,0,0,0,51,0,3,6.74,0,0,2,18,5,24,0,4,0.0,0.0,0,0,0,0,0,0,0.0,2,0,0,0.0,0,15,0,0,7,100.0,97,67,221,288,67.4,0,0,377,4,0,0,Jonas Urbig,1. FC Köln,1130647,2671,GK
18,7,26.92,78,19,52.78,169,198,360,79.82,8,50.0,8,20,1,0,0,0,50,1,3,6,0,10,18,0,0,5,10,44,0,0,,,13,0,0.0,0,0,1,15,10,5,0,0,,52,59.09,0,0,0,91,11,8,0,11,923,0,,0,0,0,0,0.0,0,0,0,0,141,5,0,6.74,0,0,0,0,0,0,0,0,0.0,0.0,1,5,7,2,4,13,61.9,0,18,12,66.67,8,42,21,26,60,57.69,36,249,228,451,121.3,12,0,629,21,1,0,Kevin Sessa,Hertha BSC,929806,2528,MF
9,2,40.0,60,12,54.55,107,70,175,81.78,1,16.67,5,8,4,0,0,0,22,1,0,1,0,2,8,0,0,10,5,32,0,0,,,5,0,0.0,0,0,4,12,11,1,0,0,,12,30.77,0,0,0,39,1,9,0,7,493,2,,0,0,0,0,0.0,0,0,0,0,77,3,0,6.74,0,0,0,0,0,0,0,0,0.0,0.0,0,0,6,4,1,6,46.15,0,3,3,100.0,9,12,13,5,13,28.89,22,143,76,214,53.9,6,0,290,3,0,0,Moritz Kwarteng,Fortuna Düsseldorf,886132,2588,MF
23,2,40.0,105,32,42.67,215,235,448,78.05,24,54.55,20,24,0,0,0,0,84,0,1,4,2,36,24,0,0,10,21,75,2,1,,,22,0,0.0,0,0,0,28,26,2,0,0,,68,55.28,0,0,2,126,14,9,0,19,1659,1,,0,0,0,0,0.0,0,0,0,0,164,3,0,6.74,0,0,0,0,0,0,0,0,0.0,0.0,1,8,12,13,3,6,75.0,0,43,20,46.51,9,48,8,5,92,55.09,75,316,263,574,161.7,20,0,801,21,6,0,Robin Krausse,Eintracht Braunschweig,142820,2557,MF
0,0,0.0,3,0,0.0,5,2,7,58.33,5,55.56,4,3,0,0,0,0,2,0,0,2,0,0,3,0,0,1,2,9,0,0,,,2,0,0.0,0,0,0,0,0,0,0,0,,5,50.0,0,0,0,5,0,3,0,1,79,0,,0,0,0,0,0.0,0,0,0,0,8,0,0,6.73,0,0,0,0,0,0,0,0,0.0,0.0,0,2,0,0,0,0,0.0,0,2,1,50.0,3,0,0,1,10,52.63,0,8,5,12,20.2,2,0,25,3,0,0,Daniel Kasper,SpVgg Greuther Fürth,1394546,2551,FW
22,14,17.28,106,36,33.64,217,226,429,72.22,8,53.33,7,28,1,0,0,0,77,2,0,4,3,30,28,0,0,16,20,80,0,0,,,12,0,7.69,0,1,2,28,24,4,1,0,,59,44.7,0,0,0,165,18,10,1,19,1760,0,,0,0,0,0,0.0,0,0,0,0,341,6,0,6.73,0,0,0,0,0,0,0,0,1760.0,0.0,0,7,6,4,5,14,35.9,0,27,15,55.56,10,54,39,81,67,45.58,107,387,288,594,188.5,13,0,1164,18,4,0,Fabio Di Michele Sanchez,Eintracht Braunschweig,1128642,2557,MF
16,0,0.0,39,26,59.09,138,307,445,90.26,12,57.14,9,21,0,0,0,0,43,0,1,1,1,32,16,0,0,6,16,48,0,0,,,14,0,20.0,0,1,1,19,18,1,0,1,,33,45.83,0,0,0,48,11,3,0,8,837,1,,1,0,0,0,0.0,0,0,0,0,72,2,0,6.73,0,1,0,0,0,0,0,0,837.0,0.0,0,2,3,2,2,4,57.14,0,23,12,52.17,3,23,7,3,45,48.39,44,169,327,493,107.7,5,0,625,6,3,0,Florian Flick,1. FC Nürnberg,944288,2523,MF
8,8,19.51,89,6,46.15,148,59,199,78.04,9,56.25,7,20,2,0,0,0,28,4,0,8,0,7,20,0,0,19,11,51,0,0,,,6,0,5.88,0,1,3,12,11,1,1,0,,30,40.54,0,0,0,56,3,14,0,10,958,3,,0,0,0,0,0.0,0,0,0,0,161,6,0,6.73,0,1,0,0,0,0,0,0,958.0,0.0,0,8,9,5,4,5,38.46,0,8,5,62.5,14,12,13,41,39,43.33,13,229,67,255,134.6,17,0,480,17,3,0,Christopher Antwi-Adjei,FC Schalke 04,844203,2530,MF
30,23,29.87,110,45,50.56,250,182,409,73.96,13,39.39,20,24,0,0,0,0,95,1,0,4,3,31,24,0,0,9,36,97,0,0,,,26,0,0.0,0,0,0,39,36,3,0,0,,55,41.67,0,0,0,144,29,22,0,23,1744,0,,0,0,0,1,0.0,0,0,0,0,238,6,0,6.73,0,0,0,0,0,0,0,0,0.0,0.0,0,2,11,7,2,7,43.75,0,37,21,56.76,22,58,16,77,68,41.21,89,408,222,553,161.5,13,0,882,13,8,0,Andreas Geipl,SSV Jahn Regensburg,142221,2567,MF
4,1,20.0,65,2,33.33,102,43,144,61.02,60,61.86,37,28,3,0,0,0,21,2,5,2,0,17,26,0,0,28,5,105,0,0,,,36,0,11.76,0,2,5,25,21,4,2,0,,22,24.44,1,0,0,92,1,19,0,10,1075,4,,0,0,0,1,0.0,0,0,0,1,160,5,0,6.73,0,1,0,0,0,0,0,0,537.5,0.0,0,15,2,5,10,3,42.86,0,3,1,33.33,19,5,7,5,82,43.85,6,185,56,236,174.9,17,0,397,18,1,0,Sebastian Polter,Eintracht Braunschweig,39733,2557,FW
12,6,22.22,103,19,48.72,240,281,515,85.83,6,42.86,8,23,0,0,0,0,64,2,2,2,3,26,23,0,0,10,13,49,0,0,,,14,0,0.0,0,0,0,18,15,3,0,0,,51,55.43,0,0,0,85,12,5,0,13,1194,1,,0,0,0,0,0.0,0,0,0,0,141,4,0,6.73,1,0,0,0,0,0,0,0,0.0,0.0,0,3,5,5,1,8,66.67,0,33,29,87.88,5,23,12,27,57,53.77,39,316,311,600,154.7,8,0,883,10,2,1,Jan Gyamerah,1. FC Kaiserslautern,254411,2675,MF
0,0,0.0,46,2,66.67,78,54,132,72.53,14,40.0,21,12,2,0,0,0,26,2,5,3,0,13,12,0,1,9,5,52,0,0,,,7,0,27.78,0,5,7,14,11,3,5,0,,18,36.73,0,0,1,50,3,9,0,9,728,6,,0,0,0,0,0.0,0,0,0,0,89,5,0,6.73,1,5,0,0,0,0,0,0,145.6,0.0,0,18,0,7,8,6,37.5,0,5,5,100.0,9,2,16,3,32,38.1,3,118,67,182,80.7,18,0,296,7,2,0,Janis Antiste,1. FC Nürnberg,963398,2523,FW
0,0,0.0,3,1,100.0,6,1,7,50.0,4,66.67,2,6,0,0,0,0,1,0,0,1,0,0,4,0,0,3,0,11,0,0,,,5,0,0.0,0,0,0,3,3,0,0,0,,3,25.0,0,0,0,7,0,1,0,0,73,0,,0,0,0,0,0.0,0,0,0,0,14,1,0,6.73,0,0,0,0,0,0,0,0,0.0,0.0,0,4,1,2,2,2,66.67,0,0,0,0.0,1,1,3,1,7,38.89,1,14,1,14,26.9,5,0,35,1,1,0,Bryan Lasme,FC Schalke 04,862011,2530,FW
3,0,0.0,26,4,100.0,49,15,64,64.0,35,52.24,32,16,0,0,0,0,16,2,3,2,1,11,13,0,0,8,3,53,0,0,,,10,0,0.0,0,0,0,5,4,1,0,0,,10,32.26,0,0,0,36,0,7,0,3,370,2,,0,0,0,0,0.0,0,0,0,0,56,4,0,6.72,0,0,0,0,0,0,0,0,0.0,0.0,0,12,0,6,4,2,66.67,0,5,3,60.0,7,3,3,4,45,45.92,4,83,21,100,87.4,12,0,175,4,0,0,Steffen Tigges,1. FC Köln,826884,2671,FW
30,26,28.89,124,26,41.94,215,121,310,69.51,14,43.75,18,27,0,0,0,0,129,5,1,14,2,31,27,0,0,29,38,169,1,0,,,32,0,5.71,0,2,2,45,42,3,2,0,,101,40.08,0,0,0,136,32,31,0,24,2064,5,,0,0,0,0,0.0,0,0,0,0,392,20,0,6.72,0,2,0,0,0,0,0,0,1032.0,0.0,1,19,16,12,9,37,40.66,0,48,33,68.75,31,54,91,90,115,40.49,62,383,153,446,181.5,35,0,1095,18,5,0,Kai Pröger,SSV Jahn Regensburg,314500,2567,MF
8,2,18.18,104,14,48.28,188,109,295,73.57,16,38.1,26,27,1,0,0,1,64,0,3,13,1,12,27,0,0,34,9,109,0,0,,,18,0,0.0,0,0,1,31,27,4,0,0,,78,48.45,0,0,1,106,8,24,0,19,1618,3,,0,0,1,0,0.0,0,0,0,1,219,7,0,6.72,0,0,0,0,0,0,0,0,0.0,0.0,0,23,8,10,8,17,41.46,0,19,14,73.68,24,14,41,11,94,46.31,29,274,138,401,181.5,31,0,718,43,1,0,Johan Gomez,Eintracht Braunschweig,1066446,2557,MF
2,2,20.0,40,7,31.82,82,63,143,74.48,7,70.0,3,11,0,0,0,0,25,1,1,1,1,17,11,0,0,5,16,36,0,0,,,14,0,0.0,0,0,0,9,9,0,0,0,,36,52.17,0,0,0,49,11,2,0,6,626,1,,0,0,0,0,0.0,0,0,0,0,83,0,0,6.72,0,0,0,0,0,0,0,0,0.0,0.0,0,1,4,3,1,2,66.67,0,22,14,63.64,2,7,3,10,43,54.43,22,125,77,192,73.9,5,1,353,12,2,0,Dominik Schad,Preußen Münster,802841,2590,DF
22,3,25.0,166,29,46.77,349,329,675,81.72,6,35.29,11,30,2,0,0,0,89,1,1,9,3,24,30,0,0,19,15,117,0,0,,,50,0,8.11,0,3,5,39,35,4,2,1,,43,28.86,0,0,0,151,25,15,1,26,2187,0,,0,0,0,1,0.0,0,0,0,0,240,8,0,6.72,0,2,0,0,0,0,0,0,729.0,0.0,0,19,18,15,13,14,38.89,0,25,17,68.0,15,41,36,12,49,29.52,62,477,361,826,201.5,37,0,1113,4,7,0,Filip Kaloč,1. FC Kaiserslautern,941394,2675,MF
2,0,0.0,32,2,100.0,63,22,85,69.11,21,52.5,19,13,0,0,0,0,15,0,3,3,0,6,13,0,0,7,3,43,0,0,,,13,0,14.29,0,2,2,14,13,1,2,0,,14,36.84,0,0,0,38,1,2,0,6,587,2,,0,0,0,0,0.0,0,0,0,1,75,2,0,6.72,0,2,0,0,0,0,0,0,293.5,0.0,0,13,1,7,4,3,37.5,0,5,3,60.0,2,6,8,6,35,44.87,2,104,25,123,87.3,14,0,212,6,2,0,Pape Meissa Ba,FC Schalke 04,991645,2530,
5,0,0.0,36,5,35.71,56,32,88,74.58,5,33.33,10,14,0,0,0,0,20,2,2,2,0,3,13,0,0,10,3,39,0,0,,,11,0,20.0,0,2,2,10,10,0,1,1,,19,39.58,0,0,0,30,6,7,0,4,416,0,,0,0,0,0,0.0,0,0,0,0,65,5,0,6.72,0,2,0,0,0,0,0,0,208.0,0.0,0,8,2,5,3,1,16.67,0,13,6,46.15,7,8,6,6,24,38.1,14,87,37,118,87.3,10,0,211,6,1,0,Lilian Egloff,Karlsruher SC,1007962,2553,MF
8,0,0.0,40,36,49.32,205,567,772,89.35,44,51.76,41,21,2,0,0,0,79,1,3,3,2,98,21,0,0,10,20,102,1,0,,,18,0,0.0,27,0,2,37,30,7,0,0,,49,44.55,0,0,1,92,15,4,0,20,1763,0,,0,1,0,1,0.0,0,0,0,0,133,1,0,6.71,0,0,0,0,0,0,0,0,0.0,0.0,0,10,1,5,3,6,30.0,0,33,21,63.64,3,20,20,0,93,47.69,73,263,601,864,141.0,11,0,1167,10,9,0,Jamil Siebert,Fortuna Düsseldorf,1014287,2588,DF
15,3,25.0,61,23,47.92,151,183,331,80.93,14,70.0,6,22,0,0,0,0,55,1,0,4,1,28,21,0,0,5,18,56,0,0,,,22,0,0.0,0,0,0,13,12,1,0,0,,42,45.65,0,0,0,78,17,12,0,11,1100,0,,0,0,0,0,0.0,0,0,0,0,106,5,0,6.71,0,0,0,0,0,0,0,0,0.0,0.0,1,2,7,5,0,1,16.67,0,31,17,54.84,12,36,6,12,56,50.0,48,212,209,409,141.0,9,0,572,11,6,0,Rico Preißinger,Preußen Münster,281269,2590,MF
5,8,25.81,55,3,25.0,95,50,137,82.04,8,44.44,10,22,3,0,0,0,24,5,1,2,0,12,22,0,0,11,11,49,0,0,,,8,0,11.11,0,1,4,14,13,1,1,0,,25,39.06,0,0,1,30,3,15,1,5,676,3,,0,0,0,0,0.0,0,0,0,0,86,1,0,6.71,0,0,0,0,0,0,0,0,676.0,0.0,0,5,4,3,4,12,57.14,0,10,7,70.0,15,8,21,31,33,40.24,12,139,59,167,147.7,9,0,322,3,2,0,Fabio Baldé,Hamburger SV,1546267,2676,FW
6,2,28.57,88,10,32.26,170,115,283,81.32,10,38.46,16,18,0,0,0,0,44,2,3,3,1,21,17,0,0,7,7,39,0,0,,,9,0,0.0,0,0,0,10,8,2,0,0,,19,45.24,0,0,0,65,9,4,0,7,686,0,,0,0,0,0,0.0,0,0,0,0,88,8,0,6.71,0,0,0,0,0,0,0,0,0.0,0.0,0,7,1,1,4,2,66.67,0,14,10,71.43,4,13,3,7,29,42.65,31,219,136,348,114.1,8,0,470,4,1,0,Mathias Olesen,1. FC Köln,994490,2671,MF
8,5,17.24,190,14,43.75,331,222,548,85.36,29,40.85,42,29,0,0,0,0,126,2,4,4,4,31,29,0,0,36,30,158,0,1,,,36,0,0.0,1,0,0,39,36,3,0,0,,86,42.57,0,0,0,94,14,19,0,23,1907,0,,0,0,0,0,0.0,0,0,0,0,211,9,0,6.71,0,0,0,0,0,0,0,0,0.0,0.0,0,14,4,10,4,22,59.46,0,54,31,57.41,19,17,37,29,115,42.12,32,426,245,642,194.6,18,0,1004,10,3,0,Sebastian Ernst,SSV Jahn Regensburg,230378,2567,MF
13,6,12.5,94,20,40.82,193,191,378,76.83,13,40.63,19,27,0,0,0,0,55,3,1,3,0,44,25,0,0,8,17,65,0,0,,,13,0,0.0,0,0,0,33,27,6,0,0,,46,50.0,0,0,0,114,13,15,0,20,1709,2,,0,0,0,0,0.0,0,0,0,1,215,3,0,6.71,1,0,0,0,0,0,0,0,0.0,0.0,0,7,6,8,2,3,25.0,0,28,17,60.71,15,27,12,48,59,47.58,49,311,229,492,167.7,13,0,909,17,1,1,Simon Asta,SpVgg Greuther Fürth,928271,2551,MF
3,2,20.0,52,1,25.0,87,54,139,73.16,19,32.2,40,23,1,0,0,0,26,4,2,6,0,2,22,0,0,22,6,111,0,0,,,17,0,15.79,0,3,4,23,22,1,3,0,,36,33.64,0,0,0,51,1,15,0,13,1028,5,,0,0,0,0,0.0,0,0,0,0,139,6,0,6.7,0,3,0,0,0,0,0,0,342.67,0.0,1,15,4,3,10,8,22.86,0,8,6,75.0,15,3,35,10,55,33.13,4,139,61,190,147.5,19,0,394,20,1,0,Richmond Tachie,Eintracht Braunschweig,941562,2557,FW
25,12,27.91,87,40,42.55,176,282,446,72.52,19,40.43,28,24,2,0,0,0,71,3,0,0,3,61,22,0,0,6,12,66,0,0,,,12,0,0.0,2,0,2,32,28,4,0,0,,38,50.0,0,0,0,169,10,21,0,19,1758,2,,0,1,0,0,0.0,0,0,0,0,284,2,0,6.7,0,0,0,0,0,0,0,0,0.0,0.0,0,0,1,1,0,9,52.94,0,27,19,70.37,20,48,17,43,57,46.34,94,307,351,615,147.5,1,0,1001,2,3,0,Bastian Allgeier,SSV Ulm 1846,1049495,2580,MF
18,7,20.0,119,25,51.02,245,224,462,84.0,14,51.85,13,23,0,0,0,0,58,1,1,2,0,34,22,0,0,18,7,67,0,0,,,14,0,0.0,0,0,0,23,20,3,0,0,,38,41.3,0,0,0,88,7,15,0,16,1333,2,,1,1,0,0,0.0,0,0,0,0,186,6,0,6.7,0,0,0,0,0,0,0,0,0.0,0.0,0,6,3,4,3,17,51.52,0,13,7,53.85,14,35,33,35,52,43.7,49,332,253,550,147.5,9,0,885,9,4,0,Valgeir Lunddal Fridriksson,Fortuna Düsseldorf,933117,2588,DF
10,1,6.67,62,5,50.0,99,96,194,77.6,12,48.0,13,25,1,0,0,0,57,2,4,9,1,8,24,0,0,26,4,65,0,1,,,11,0,7.69,0,2,3,14,14,0,2,0,,42,44.68,0,0,1,56,4,9,1,10,1072,0,,0,0,1,0,100.0,0,1,0,0,139,4,0,6.7,0,1,0,0,0,0,0,0,536.0,0.0,0,22,4,10,7,9,42.86,0,18,14,77.78,9,19,21,15,54,45.38,10,157,108,250,160.9,26,0,448,16,1,0,David Kinsombi,Preußen Münster,254207,2590,DF
5,8,30.77,30,6,75.0,81,45,118,83.1,4,50.0,4,15,3,0,0,0,15,3,0,2,0,1,14,0,0,4,2,24,0,0,,,11,0,0.0,0,0,3,7,7,0,0,0,,5,20.0,0,0,0,24,3,10,0,1,272,0,,0,0,0,0,0.0,0,0,0,0,59,0,0,6.7,0,0,0,0,0,0,0,0,0.0,0.0,0,4,2,1,3,1,25.0,0,4,2,50.0,10,7,4,26,9,27.27,8,120,48,142,93.8,6,0,214,0,3,0,Tobias Kempe,Darmstadt 98,37630,2576,MF
0,2,33.33,17,1,16.67,25,11,34,77.27,2,22.22,7,7,2,0,0,0,13,1,0,1,0,4,7,0,0,3,4,16,0,0,,,0,0,0.0,0,0,2,5,5,0,0,0,,10,52.63,0,0,0,10,2,5,0,1,169,1,,0,0,0,0,0.0,0,0,0,0,22,2,0,6.7,0,0,0,0,0,0,0,0,0.0,0.0,0,2,1,2,0,1,33.33,0,6,4,66.67,5,1,3,6,12,42.86,6,37,13,44,46.9,3,0,89,3,0,0,Thorben Deters,Preußen Münster,553644,2590,MF
0,1,100.0,0,0,0.0,1,1,1,50.0,0,0.0,0,1,0,0,0,0,1,0,0,0,0,0,1,0,0,0,0,0,0,0,,,0,0,0.0,0,0,0,0,0,0,0,0,,3,100.0,0,0,0,1,0,0,0,0,8,1,,0,0,0,0,0.0,0,0,0,0,1,0,0,6.7,0,0,0,0,0,0,0,0,0.0,0.0,0,0,0,0,0,1,100.0,0,1,1,100.0,0,0,1,1,3,100.0,1,2,1,2,6.7,0,0,6,1,0,0,Karim Affo,Fortuna Düsseldorf,1439293,2588,FW
0,0,0.0,5,0,0.0,7,6,13,92.86,0,0.0,0,1,0,0,0,0,1,0,0,0,0,1,1,0,0,0,0,0,0,0,,,0,0,0.0,0,0,0,0,0,0,0,0,,1,100.0,0,0,0,1,0,0,0,0,18,0,,0,0,0,0,0.0,0,0,0,0,1,0,0,6.7,0,0,0,0,0,0,0,0,0.0,0.0,0,0,0,0,0,1,100.0,0,0,0,0.0,0,0,1,0,1,100.0,0,8,6,14,6.7,0,0,16,0,0,0,Robert Geller,Karlsruher SC,1465024,2553,MF
0,0,0.0,1,0,0.0,2,1,3,42.86,1,100.0,0,1,0,0,0,0,2,0,0,0,0,0,1,0,0,0,0,1,0,0,,,1,0,0.0,0,0,0,0,0,0,0,0,,0,0.0,0,0,0,4,0,1,0,0,11,0,,0,0,0,0,0.0,0,0,0,0,5,0,0,6.7,0,0,0,0,0,0,0,0,0.0,0.0,0,0,0,0,0,0,0.0,0,0,0,0.0,1,1,0,0,1,50.0,2,4,3,7,6.7,0,0,10,0,0,0,Matti Wagner,SpVgg Greuther Fürth,1540237,2551,DF
0,0,0.0,2,0,0.0,4,0,4,100.0,0,0.0,0,2,0,0,0,0,0,0,0,0,0,0,1,0,0,0,0,0,0,0,,,0,0,0.0,0,0,0,0,0,0,0,0,,2,100.0,0,0,0,0,0,0,0,0,9,0,,0,0,0,0,0.0,0,0,0,0,0,0,0,6.7,0,0,0,0,0,0,0,0,0.0,0.0,0,0,0,0,0,1,100.0,0,0,0,0.0,0,0,1,0,2,100.0,0,4,0,4,6.7,0,0,6,1,0,0,Alexander Røssing-Lelesiit,Hamburger SV,1862226,2676,FW
3,4,33.33,33,5,26.32,62,67,125,70.62,4,50.0,4,5,0,0,0,0,22,0,0,0,1,20,5,0,0,3,7,31,0,0,,,9,0,0.0,0,0,0,9,8,1,0,0,,31,53.45,0,0,0,52,1,5,0,5,374,0,,0,0,0,0,0.0,0,0,0,0,80,1,0,6.7,0,0,0,0,0,0,0,0,0.0,0.0,0,0,1,1,0,8,50.0,0,9,5,55.56,5,9,16,12,35,53.03,19,107,82,177,33.5,1,0,323,14,2,0,Oscar Schönfelder,SSV Jahn Regensburg,1006389,2567,DF
8,0,0.0,15,10,38.46,40,187,227,88.67,7,46.67,8,8,0,0,0,0,18,0,0,0,1,28,7,0,0,1,3,14,0,1,,,2,0,0.0,5,0,0,6,6,0,0,0,,5,45.45,0,0,0,29,7,1,0,4,433,0,,0,0,0,0,0.0,0,0,0,0,32,0,0,6.7,0,0,0,0,0,0,0,0,0.0,0.0,0,0,0,0,0,0,0.0,0,4,3,75.0,1,22,0,1,12,46.15,26,61,196,256,46.9,0,0,314,3,0,0,Thomas Geyer,SSV Ulm 1846,112620,2580,DF
8,3,11.11,106,9,31.03,172,102,271,80.42,1,16.67,5,14,0,0,0,0,43,2,0,2,0,19,14,0,0,10,8,51,0,0,,,10,0,0.0,0,0,0,9,7,2,0,0,,42,47.73,0,0,0,66,7,11,0,7,814,1,,0,0,0,1,0.0,0,0,0,0,151,4,0,6.7,0,0,0,0,0,0,0,0,0.0,0.0,0,3,3,3,1,9,33.33,0,23,9,39.13,11,24,27,27,43,45.74,29,246,118,337,93.8,6,0,593,10,4,0,Max Finkgräfe,1. FC Köln,1146250,2671,MF
24,5,26.32,182,53,58.24,341,320,656,80.29,8,27.59,21,31,1,0,0,0,98,1,2,14,2,16,31,0,0,24,15,114,0,1,,,40,0,5.88,0,2,3,37,36,1,1,1,,68,42.24,0,0,0,161,18,21,2,30,2277,4,,0,0,0,1,0.0,0,0,0,0,259,13,0,6.7,0,0,0,0,0,0,0,0,1138.5,0.0,0,18,16,11,9,9,37.5,0,43,30,69.77,21,51,24,19,76,40.0,91,474,362,817,207.6,34,0,1126,16,14,0,Dženis Burnić,Karlsruher SC,844447,2553,MF
10,1,25.0,45,27,39.13,135,257,391,79.31,43,45.26,52,30,0,0,0,0,46,0,0,3,4,104,29,0,0,7,10,102,1,0,,,27,0,9.09,5,1,1,51,44,7,1,0,,71,58.68,0,0,1,102,37,9,0,20,1985,2,,0,0,0,3,0.0,0,0,0,1,142,4,0,6.7,0,0,0,0,0,0,0,0,1985.0,0.0,0,9,2,5,3,4,40.0,0,41,21,51.22,9,19,10,4,114,52.78,69,207,290,493,194.2,11,0,833,26,4,0,Rasim Bulić,SSV Jahn Regensburg,987471,2567,DF
18,2,100.0,31,39,40.63,165,564,727,88.55,21,60.0,14,25,1,0,0,0,40,2,2,3,2,78,22,0,0,1,4,38,1,1,,,23,0,10.0,16,1,2,31,27,4,1,0,,37,60.66,1,0,0,94,21,4,0,16,1430,2,,0,0,0,2,0.0,0,0,0,0,104,0,0,6.7,0,0,0,0,0,0,0,0,1430.0,0.0,0,9,1,5,2,0,0.0,0,13,7,53.85,4,50,0,2,58,60.42,96,233,590,821,147.3,10,0,1019,25,7,0,Gideon Jung,SpVgg Greuther Fürth,288439,2551,DF
0,2,100.0,20,2,33.33,36,17,51,60.71,34,47.22,38,19,1,0,0,0,14,0,1,0,0,6,18,0,0,10,0,64,0,0,,,13,0,12.5,0,1,2,13,13,0,1,0,,19,42.22,1,0,0,33,3,7,0,4,457,2,,0,0,0,0,0.0,0,0,0,0,64,4,0,6.69,0,0,0,0,0,0,0,0,457.0,0.0,0,7,1,3,5,4,50.0,0,5,4,80.0,7,1,8,2,53,45.3,6,62,24,84,120.5,8,0,175,14,2,0,Elias Paul Huth,SSV Jahn Regensburg,840348,2567,FW
8,0,0.0,47,13,72.22,82,73,155,77.89,5,83.33,1,12,1,0,0,0,26,1,1,3,0,7,12,0,1,1,4,15,1,0,,,6,0,10.0,0,1,2,11,11,0,0,1,,9,39.13,0,0,0,44,11,5,0,5,473,0,,0,0,0,0,0.0,0,0,0,0,57,3,0,6.69,1,1,0,0,0,0,0,0,473.0,0.0,0,2,8,4,3,1,25.0,0,5,4,80.0,5,13,4,0,14,48.28,18,116,83,199,80.3,10,0,274,3,1,0,Philipp Muller,SpVgg Greuther Fürth,1395642,2551,MF
0,4,36.36,40,3,50.0,69,33,98,82.35,4,36.36,7,12,0,0,0,0,16,3,4,2,0,5,12,0,0,3,3,26,0,0,,,8,0,10.0,0,1,1,10,10,0,1,0,,10,34.48,0,0,0,21,0,13,1,5,541,6,,0,0,0,0,0.0,0,0,0,0,47,3,0,6.69,0,0,0,0,0,0,0,0,541.0,0.0,0,10,0,2,6,3,33.33,0,4,3,75.0,13,3,9,11,14,35.0,6,91,39,119,80.3,10,0,185,3,1,0,Malik Batmaz,Preußen Münster,946837,2590,FW
10,5,15.15,99,8,32.0,170,135,300,79.79,13,54.17,11,26,1,0,0,0,46,3,0,6,0,21,24,0,0,10,8,58,0,0,,,14,0,0.0,0,0,1,14,13,1,0,0,,33,41.25,0,0,0,76,14,10,0,6,812,3,,0,0,0,0,0.0,0,0,0,0,162,5,0,6.69,0,0,0,0,0,0,0,0,0.0,0.0,0,7,5,2,4,6,27.27,0,15,12,80.0,10,23,22,33,46,44.23,25,256,153,376,160.6,12,1,623,12,3,0,Anton Donkor,FC Schalke 04,817975,2530,DF
1,0,0.0,8,4,18.18,41,105,146,82.02,17,77.27,5,12,0,0,0,0,6,0,0,0,0,36,11,0,0,0,1,10,0,0,,,4,0,16.67,0,1,1,16,14,2,1,0,,3,37.5,1,0,0,32,12,2,0,5,518,0,,0,0,0,0,0.0,0,0,0,0,36,0,0,6.69,0,0,0,0,0,0,0,0,518.0,0.0,0,6,0,4,2,0,0.0,0,3,1,33.33,2,5,1,0,20,66.67,22,67,111,178,73.6,6,1,254,0,2,0,Damian Michalski,SpVgg Greuther Fürth,841409,2551,DF
4,0,0.0,33,1,100.0,46,20,66,68.04,24,50.0,24,9,0,0,0,0,17,0,6,5,0,4,9,0,0,10,0,47,0,0,,,10,0,4.76,0,1,1,7,6,1,1,0,,10,30.3,0,0,1,31,1,8,0,4,415,3,,0,0,0,0,0.0,0,0,0,0,65,6,0,6.69,0,1,0,0,0,0,0,0,415.0,0.0,0,20,1,9,7,4,57.14,0,3,2,66.67,8,7,7,1,34,41.98,1,74,24,97,60.2,21,1,186,3,0,0,Imad Rondić,1. FC Köln,858600,2671,FW
5,0,0.0,12,11,55.0,42,97,139,85.28,9,75.0,3,7,0,0,0,0,13,0,0,0,0,14,7,0,0,0,0,6,0,0,,,2,0,0.0,4,0,0,6,4,2,0,0,,12,80.0,0,0,0,24,4,0,0,4,305,0,,0,0,0,0,0.0,0,0,0,0,25,1,0,6.69,0,0,0,0,0,0,0,0,0.0,0.0,0,1,0,1,0,1,50.0,0,7,5,71.43,0,11,2,0,21,77.78,20,56,107,163,46.8,1,0,202,4,1,0,Visar Musliu,SC Paderborn 07,134231,2561,DF
1,7,31.82,52,3,50.0,85,34,112,72.26,8,26.67,22,29,2,0,0,0,21,3,4,4,0,12,27,0,0,13,4,77,0,0,,,17,0,13.33,0,2,4,18,16,2,1,1,,48,46.6,0,0,1,43,5,14,0,6,792,3,,0,0,0,0,0.0,0,0,0,2,133,1,0,6.69,0,2,0,0,0,0,0,0,396.0,0.0,0,13,2,6,5,14,38.89,0,22,12,54.55,14,4,36,22,56,42.11,6,132,45,155,180.5,15,0,370,12,5,0,Jona Niemiec,Fortuna Düsseldorf,1134388,2588,MF
8,0,0.0,109,16,55.17,249,249,498,87.06,19,44.19,24,32,0,0,0,0,61,0,1,5,2,18,32,0,0,17,24,105,0,0,,,32,0,7.69,1,1,1,28,23,5,1,0,,61,42.96,0,0,1,74,30,8,0,9,1276,2,,0,0,0,0,0.0,0,0,0,0,143,8,0,6.68,0,1,0,0,0,0,0,0,1276.0,0.0,0,7,6,6,2,8,47.06,0,35,20,57.14,8,18,17,8,80,43.24,29,309,271,572,213.9,13,1,813,18,5,0,Merveille Papela,Darmstadt 98,930279,2576,MF
16,0,0.0,121,10,40.0,191,67,258,70.3,34,46.58,39,33,3,0,0,1,32,4,8,7,0,17,32,0,0,32,10,128,0,1,,,36,0,12.9,0,4,7,25,21,4,4,0,,51,36.43,0,0,0,109,5,21,2,15,1430,6,,0,0,1,0,0.0,0,0,0,0,210,5,0,6.68,0,2,0,0,0,0,0,0,357.5,0.0,0,24,7,9,15,8,36.36,0,23,13,56.52,21,31,22,9,85,39.91,25,293,83,367,213.8,31,0,613,20,6,0,Dennis Srbeny,SpVgg Greuther Fürth,168801,2551,FW
3,7,38.89,63,8,57.14,113,95,201,79.76,4,36.36,7,18,0,0,0,0,52,1,0,8,0,13,16,0,0,15,8,58,0,1,,,16,0,0.0,0,0,0,11,9,2,0,0,,41,44.57,0,0,0,51,8,8,0,6,702,1,,0,0,0,0,0.0,0,0,0,0,115,6,0,6.68,0,0,0,0,0,0,0,0,0.0,0.0,1,8,12,8,4,9,40.91,0,21,15,71.43,8,13,22,18,45,43.69,14,164,106,252,106.9,20,0,442,11,4,0,Max Marie,Eintracht Braunschweig,1516945,2557,MF
4,1,33.33,17,6,50.0,26,18,43,64.18,11,61.11,7,16,3,0,0,0,15,2,1,1,0,2,14,0,0,9,2,31,0,0,,,7,0,0.0,0,0,3,6,5,1,0,0,,14,36.84,0,0,0,24,2,6,0,1,311,0,,0,0,0,0,0.0,0,0,0,0,52,2,0,6.68,0,0,0,0,0,0,0,0,0.0,0.0,0,4,2,5,0,3,30.0,0,5,1,20.0,6,5,10,3,25,44.64,12,44,26,67,93.5,6,1,132,6,1,0,Luca Pfeiffer,Karlsruher SC,842212,2553,FW
5,4,28.57,60,2,16.67,101,35,132,65.02,18,35.29,33,29,1,0,0,0,23,1,3,9,0,14,27,0,0,14,2,62,0,0,,,10,0,10.71,0,3,4,9,8,1,3,0,,14,32.56,2,0,0,71,2,13,1,8,966,4,,0,0,0,0,0.0,0,0,0,0,130,4,0,6.68,0,0,0,0,0,0,0,0,322.0,0.0,1,22,6,9,10,5,45.45,0,6,3,50.0,13,11,11,14,32,34.04,12,171,46,203,180.3,28,0,353,3,1,0,Andreas Voglsammer,Hannover 96,123320,2541,FW
2,13,24.53,53,3,23.08,109,22,118,65.92,2,18.18,9,21,1,0,0,0,51,1,0,5,0,8,20,0,0,23,13,95,0,0,,,24,0,12.5,0,2,3,10,10,0,2,0,,49,36.3,0,0,0,61,9,13,0,8,891,3,,0,0,0,0,0.0,0,0,0,0,199,4,0,6.68,0,2,0,0,0,0,0,0,445.5,0.0,0,13,3,8,3,11,28.95,0,22,15,68.18,13,4,38,53,51,34.93,13,195,37,179,133.5,16,0,475,16,3,0,Monju Momuluh,Hannover 96,1134404,2541,MF
2,0,0.0,14,3,100.0,24,30,54,93.1,0,0.0,4,6,0,0,0,0,7,0,0,1,0,6,4,0,0,1,3,9,0,0,,,2,0,0.0,0,0,0,4,3,1,0,0,,8,61.54,0,0,0,4,3,2,0,1,92,1,,0,0,0,0,0.0,0,0,0,0,9,2,0,6.68,0,0,0,0,0,0,0,0,0.0,0.0,0,0,1,0,0,1,100.0,0,7,4,57.14,2,2,1,4,8,47.06,3,30,32,58,26.7,1,0,85,0,1,0,Andreas Ludwig,SSV Ulm 1846,50607,2580,MF
5,3,21.43,31,3,30.0,62,69,128,76.65,1,25.0,3,13,0,0,0,0,38,0,0,1,1,5,12,0,0,4,5,25,0,1,,,6,0,0.0,0,0,0,11,10,1,0,0,,34,60.71,0,0,0,39,1,4,0,5,582,1,,0,0,0,0,0.0,0,0,0,0,91,5,0,6.68,0,0,0,0,0,0,0,0,0.0,0.0,0,3,1,1,2,6,42.86,0,17,15,88.24,4,13,14,14,35,58.33,10,97,84,167,80.1,4,0,323,11,1,0,Jonathan Meier,SSV Ulm 1846,862965,2580,MF
3,4,28.57,84,6,30.0,118,54,168,68.85,6,31.58,13,24,0,0,0,0,34,1,3,11,1,12,23,0,0,11,6,56,0,0,,,14,0,3.57,0,1,1,9,8,1,0,1,,31,41.89,0,0,2,76,6,10,0,8,793,5,,0,0,0,0,0.0,0,0,0,0,145,3,0,6.67,0,1,0,0,0,0,0,0,793.0,0.0,0,14,14,9,8,9,40.91,0,9,4,44.44,10,12,22,14,37,39.78,20,192,66,244,153.4,28,0,440,16,3,0,Lars Timo Gindorf,Hannover 96,1067318,2541,MF
28,0,0.0,44,50,40.65,115,220,335,71.89,43,67.19,21,16,0,0,0,0,43,0,1,1,2,85,16,0,0,3,5,45,0,0,,,18,0,0.0,2,0,0,33,29,4,0,0,,42,63.64,0,0,0,131,11,6,0,13,1254,1,,0,0,0,0,0.0,0,0,0,0,152,0,0,6.67,0,0,0,0,0,0,0,0,0.0,0.0,0,5,4,6,2,2,66.67,0,32,19,59.38,6,44,3,0,85,65.38,123,217,249,466,106.7,9,0,669,9,4,0,Florian Ballas,SSV Jahn Regensburg,164963,2567,DF
3,2,33.33,31,5,55.56,55,33,86,71.07,4,36.36,7,20,3,0,0,0,17,0,0,3,0,6,15,0,0,6,6,28,0,0,,,4,0,0.0,0,0,3,3,2,1,0,0,,18,46.15,0,0,1,35,0,6,0,2,309,1,,0,0,0,0,0.0,0,0,0,0,63,1,0,6.67,0,0,0,0,0,0,0,0,0.0,0.0,2,1,3,1,0,2,28.57,0,11,5,45.45,6,6,7,6,22,44.0,9,85,42,121,100.0,4,0,194,5,1,0,Paul Stock,SV 07 Elversberg,1097603,2598,MF
0,1,100.0,9,2,100.0,13,6,18,81.82,2,40.0,3,3,0,0,0,0,3,0,0,1,0,0,3,0,0,2,1,8,0,0,,,2,0,0.0,0,0,0,0,0,0,0,0,,3,37.5,0,0,0,4,0,1,0,0,54,0,,0,0,0,0,0.0,0,0,0,0,9,0,0,6.67,0,0,0,0,0,0,0,0,0.0,0.0,0,0,2,1,0,0,0.0,0,3,3,100.0,1,0,0,1,5,38.46,2,17,6,22,20.0,2,0,35,0,0,0,Ali Eren Ersungur,Karlsruher SC,1195634,2553,MF
3,0,0.0,20,8,61.54,47,42,89,75.42,5,62.5,3,7,0,0,0,0,11,0,0,1,1,8,6,0,0,3,7,19,0,0,,,6,0,0.0,0,0,0,6,5,1,0,0,,16,50.0,0,0,0,29,3,3,0,4,296,0,,0,0,0,1,0.0,0,0,0,0,35,0,0,6.67,0,0,0,0,0,0,0,0,0.0,0.0,0,1,0,0,0,2,100.0,0,8,6,75.0,3,8,2,0,21,52.5,13,67,51,118,40.0,1,0,162,6,2,0,Niklas Tauer,Eintracht Braunschweig,1065453,2557,MF
13,0,0.0,15,18,36.73,66,147,213,81.61,16,61.54,10,18,0,0,0,0,13,0,3,1,0,34,15,0,0,0,5,23,0,0,,,8,0,0.0,6,0,0,6,5,1,0,0,,16,55.17,0,0,0,48,3,2,0,3,414,0,,0,0,0,0,0.0,0,0,0,0,58,0,0,6.67,0,0,0,0,0,0,0,0,0.0,0.0,0,7,2,4,4,2,100.0,0,13,7,53.85,2,23,2,2,32,58.18,49,106,157,261,100.0,9,0,355,1,5,0,Matej Maglica,Darmstadt 98,1082797,2576,DF
2,0,0.0,38,0,0.0,60,35,95,69.34,14,35.0,26,26,0,0,0,0,19,2,3,6,0,8,23,0,0,4,4,57,0,0,,,17,0,15.0,0,3,3,9,9,0,3,0,,29,48.33,0,0,0,42,2,6,0,6,709,4,,0,0,0,1,0.0,0,0,0,0,86,3,0,6.67,0,3,0,0,0,0,0,0,236.33,0.0,0,16,4,7,7,8,53.33,0,8,3,37.5,6,5,15,5,43,43.0,4,99,43,137,153.3,20,0,264,15,2,0,Lucas Röser,SSV Ulm 1846,142135,2580,FW
33,5,29.41,119,40,70.18,252,233,480,84.96,14,46.67,16,30,0,0,0,0,75,1,0,4,1,19,28,0,1,15,10,60,0,1,,,11,0,10.0,0,1,1,11,11,0,1,0,,44,50.0,0,0,0,85,5,5,0,9,1084,0,,0,0,0,0,0.0,0,0,0,0,148,4,0,6.66,1,1,0,0,0,0,0,0,1084.0,0.0,0,4,6,1,5,7,41.18,0,21,9,42.86,5,49,17,17,58,49.15,57,324,258,565,186.6,10,0,770,16,2,0,Frederik Schmahl,SV 07 Elversberg,1131347,2598,MF
12,5,45.45,53,8,33.33,101,88,184,76.99,5,19.23,21,14,1,0,0,0,53,2,0,2,0,2,14,0,0,12,10,75,0,0,,,27,0,0.0,0,0,1,17,16,1,0,0,,63,53.85,0,0,0,55,5,8,0,6,611,0,,0,0,0,1,0.0,0,0,0,0,102,7,0,6.66,0,0,0,0,0,0,0,0,0.0,0.0,0,6,4,4,4,14,70.0,0,33,18,54.55,8,20,20,11,68,47.55,24,148,102,239,93.3,10,0,400,16,2,0,Anssi Suhonen,SSV Jahn Regensburg,941553,2567,MF
3,6,37.5,38,4,57.14,62,22,78,74.29,2,16.67,10,11,1,0,0,0,15,5,1,1,0,4,11,0,0,5,4,36,0,0,,,11,0,0.0,0,0,1,6,5,1,0,0,,17,39.53,0,0,0,27,1,7,0,8,519,2,,0,0,0,0,0.0,0,0,0,0,60,5,0,6.66,0,0,0,0,0,0,0,0,0.0,0.0,0,2,2,3,0,6,42.86,0,7,4,57.14,7,7,14,16,19,34.55,7,94,27,105,73.3,4,0,186,4,3,0,Casper Terho,SC Paderborn 07,1050672,2561,FW
23,11,27.5,70,22,33.85,156,236,381,78.07,13,39.39,20,26,0,0,0,0,35,2,3,7,1,41,24,0,0,3,6,47,0,0,,,17,0,5.26,2,1,1,24,22,2,1,0,,41,60.29,0,0,0,107,11,6,1,13,1214,2,,0,1,0,0,0.0,0,0,0,0,163,4,0,6.66,0,0,0,0,0,0,0,0,1214.0,0.0,1,14,5,10,2,5,62.5,0,17,9,52.94,5,52,8,40,54,53.47,65,256,272,488,159.9,19,0,801,20,5,0,Niko Giesselmann,SpVgg Greuther Fürth,123915,2551,MF
4,0,0.0,85,8,72.73,131,48,179,69.92,28,43.08,37,30,4,0,0,0,27,2,3,3,0,8,29,0,0,23,7,107,0,0,,,32,0,4.76,0,1,5,22,18,4,1,0,,31,30.69,0,0,0,77,1,15,0,6,890,4,,0,0,0,0,0.0,0,0,0,1,181,6,0,6.66,0,1,0,0,0,0,0,0,890.0,0.0,0,18,3,7,11,8,33.33,0,9,4,44.44,15,9,24,5,59,35.54,11,207,54,256,193.2,21,0,461,14,1,0,Fynn Lakenmacher,Darmstadt 98,996662,2576,FW
19,10,20.41,138,18,37.5,288,187,465,75.49,12,25.0,36,29,1,0,0,0,63,1,2,7,0,30,29,0,0,28,20,148,1,1,,,28,0,0.0,0,0,1,38,36,2,0,0,,118,51.3,0,0,1,151,24,16,0,22,1843,0,,0,0,0,0,0.0,0,0,0,0,309,11,0,6.66,0,0,0,0,0,0,0,0,0.0,0.0,0,8,18,9,10,18,33.33,0,60,34,56.67,16,39,54,49,130,46.76,48,445,220,616,193.1,26,0,1101,40,4,0,Mehmet Aydın,FC Schalke 04,980632,2530,MF
3,1,11.11,46,4,30.77,97,85,181,83.03,7,50.0,7,12,1,0,0,0,34,0,0,1,1,10,12,0,0,4,7,40,0,0,,,18,0,0.0,0,0,1,12,10,2,0,0,,35,51.47,0,0,0,37,6,5,0,8,690,0,,0,0,0,1,0.0,0,0,0,0,85,1,0,6.65,0,0,0,0,0,0,0,0,0.0,0.0,1,1,4,3,1,7,58.33,0,14,11,78.57,5,9,12,9,42,51.22,13,131,96,218,79.8,5,0,407,15,4,0,Frank Ronstadt,1. FC Kaiserslautern,837064,2675,MF
0,0,0.0,2,0,0.0,2,0,2,50.0,0,0.0,2,3,0,0,0,0,1,0,0,0,0,0,2,0,0,1,0,4,0,0,,,1,0,0.0,0,0,0,0,0,0,0,0,,2,50.0,0,0,0,2,0,0,0,0,20,0,,0,0,0,0,0.0,0,0,0,0,3,0,0,6.65,0,0,0,0,0,0,0,0,0.0,0.0,0,0,1,0,1,1,100.0,0,0,0,0.0,0,0,1,0,2,33.33,1,4,0,4,13.3,1,0,8,1,1,0,Aleksa Marušić,1. FC Magdeburg,890636,2591,FW
1,0,0.0,8,1,50.0,9,6,15,78.95,1,100.0,0,3,0,0,0,0,4,0,0,0,0,0,2,0,0,1,1,5,0,0,,,2,0,0.0,0,0,0,4,2,2,0,0,,6,54.55,0,0,0,4,2,2,0,0,61,0,,0,0,0,0,0.0,0,0,0,0,8,1,0,6.65,0,0,0,0,0,0,0,0,0.0,0.0,0,0,0,0,0,1,50.0,0,2,1,50.0,2,2,2,0,7,58.33,2,12,7,19,13.3,0,0,38,3,0,0,Leander Popp,SpVgg Greuther Fürth,1409365,2551,MF
2,0,0.0,7,3,75.0,10,6,16,80.0,0,0.0,2,4,0,0,0,0,2,0,0,0,0,0,2,0,0,2,2,6,0,0,,,0,0,0.0,0,0,0,1,0,1,0,0,,4,50.0,0,0,0,4,0,0,0,0,41,0,,0,0,0,0,0.0,0,0,0,0,11,0,0,6.65,0,0,0,0,0,0,0,0,0.0,0.0,0,1,1,1,1,1,100.0,0,2,0,0.0,0,4,1,3,4,40.0,4,15,8,20,13.3,2,0,33,1,0,0,Simon Joachims,1. FC Nürnberg,1398564,2523,MF
5,0,0.0,10,11,35.48,38,181,219,84.88,13,59.09,9,8,0,0,0,0,8,0,1,1,1,24,6,0,0,1,3,17,0,0,,,4,0,0.0,1,0,0,8,8,0,0,0,,10,55.56,0,0,1,39,5,0,0,4,415,0,,0,0,0,0,0.0,0,0,0,0,43,0,0,6.65,0,0,0,0,0,0,0,0,0.0,0.0,0,1,3,2,1,3,100.0,0,6,2,33.33,0,18,3,0,23,57.5,31,62,196,258,39.9,4,0,324,1,2,0,Nick Seidel,1. FC Nürnberg,1510700,2523,DF
7,0,0.0,9,8,57.14,53,69,122,90.37,1,33.33,2,9,0,0,0,0,7,0,0,0,0,7,8,0,0,0,0,3,0,0,,,1,0,0.0,0,0,0,3,3,0,0,0,,0,0.0,0,0,0,13,4,1,0,1,153,0,,0,0,0,0,0.0,0,0,0,0,15,0,0,6.65,0,0,0,0,0,0,0,0,0.0,0.0,0,0,0,0,0,0,0.0,0,0,0,0.0,1,9,0,1,1,25.0,14,63,73,135,53.2,0,0,158,0,0,0,Andreas Bouchalakis,Hertha BSC,211116,2528,DF
0,0,0.0,23,0,0.0,36,18,54,63.53,14,41.18,20,10,0,0,0,0,8,0,4,1,0,1,10,0,0,2,0,24,0,0,,,2,0,0.0,0,0,0,6,4,2,0,0,,11,73.33,0,0,0,31,1,1,0,2,272,1,,0,0,0,0,0.0,0,0,0,0,42,3,0,6.65,0,0,0,0,0,0,0,0,0.0,0.0,0,7,1,6,1,1,100.0,0,4,3,75.0,1,1,1,2,25,51.02,1,63,24,85,66.5,8,0,125,6,0,0,Emil Højlund,FC Schalke 04,1149078,2530,FW
21,13,34.21,93,29,37.66,170,137,294,68.37,14,53.85,12,21,0,0,0,0,55,2,0,0,1,25,21,0,0,12,4,40,0,1,,,5,0,0.0,0,0,0,33,30,3,0,0,,42,60.0,0,0,0,136,10,15,0,17,1428,2,,0,0,0,0,0.0,0,0,0,0,222,4,0,6.65,0,0,0,0,0,0,0,0,0.0,0.0,0,5,5,10,0,4,36.36,0,20,19,95.0,15,49,11,38,56,58.33,77,294,174,430,139.6,10,0,741,18,3,0,Marvin Rittmüller,Eintracht Braunschweig,939669,2557,MF
14,1,10.0,120,13,39.39,235,175,409,83.3,4,44.44,5,22,1,0,0,0,61,1,0,3,0,15,22,0,0,17,11,55,0,1,,,13,0,0.0,0,0,1,20,17,3,0,0,,42,45.65,0,0,1,82,13,11,0,12,1075,2,,0,0,0,0,0.0,0,0,0,0,139,6,0,6.65,0,0,0,0,0,0,0,0,0.0,0.0,0,2,2,1,0,5,31.25,0,24,16,66.67,11,25,16,10,46,45.54,33,303,198,491,146.2,4,0,677,13,1,0,Michał Karbownik,Hertha BSC,910043,2528,MF
0,6,54.55,36,0,0.0,61,14,69,71.88,1,16.67,5,11,0,0,0,0,19,0,0,1,0,0,11,0,0,8,1,25,0,0,,,3,0,0.0,0,0,0,8,7,1,0,0,,21,51.22,0,0,0,27,1,6,0,2,279,0,,0,0,0,0,0.0,0,0,0,0,63,3,0,6.65,0,0,0,0,0,0,0,0,0.0,0.0,0,4,1,4,0,12,60.0,0,5,2,40.0,6,3,20,11,22,46.81,5,90,17,96,73.1,5,0,175,4,0,0,Ilyes Hamache,FC Schalke 04,1130984,2530,MF
4,5,29.41,43,8,40.0,100,114,209,80.38,8,57.14,6,11,0,0,0,0,36,0,0,1,1,18,11,0,0,3,6,27,0,0,,,10,0,0.0,0,0,0,18,15,3,0,0,,24,53.33,0,0,0,51,6,5,0,9,762,1,,0,0,0,1,0.0,0,0,0,0,97,2,0,6.65,0,0,0,0,0,0,0,0,0.0,0.0,0,3,1,2,1,4,66.67,0,14,5,35.71,5,6,6,17,32,54.24,20,145,132,260,73.1,4,0,437,6,0,0,Frederic Ananou,SSV Jahn Regensburg,842276,2567,MF
7,4,14.81,51,6,50.0,87,43,126,76.36,6,42.86,8,18,1,0,0,0,17,2,0,9,0,4,18,0,0,6,7,43,0,0,,,13,0,0.0,0,0,1,15,11,4,0,0,,21,37.5,0,0,0,39,0,8,0,6,660,6,,0,0,0,0,0.0,0,0,0,0,97,0,0,6.64,0,0,0,0,0,0,0,0,0.0,0.0,0,11,9,6,5,7,36.84,0,10,5,50.0,8,10,19,27,27,38.57,12,135,57,165,119.6,20,0,302,4,3,0,Jón Dagur Þórsteinsson,Hertha BSC,862449,2528,MF
3,1,14.29,32,2,20.0,55,28,82,71.3,7,33.33,14,19,1,0,0,0,19,1,0,2,0,4,19,0,0,10,2,35,0,0,,,7,0,11.11,0,1,2,10,8,2,1,0,,15,41.67,0,0,0,33,0,6,0,1,374,2,,0,0,0,0,0.0,0,0,0,0,66,5,0,6.64,0,1,0,0,0,0,0,0,374.0,0.0,0,6,3,5,2,3,42.86,0,7,4,57.14,6,4,7,7,22,38.6,10,89,33,115,126.2,9,0,191,5,2,0,Filimon Gerezgiher,SV 07 Elversberg,1394485,2598,FW
6,1,9.09,84,12,42.86,191,263,453,85.96,9,32.14,19,19,0,0,0,0,46,1,1,1,3,59,19,0,0,17,22,92,0,0,,,24,0,33.33,4,1,1,26,18,8,1,0,,59,44.7,0,0,0,74,13,3,0,16,1442,0,,0,0,0,0,0.0,0,0,0,0,128,4,0,6.64,0,0,0,0,0,0,0,0,1442.0,0.0,0,2,1,0,2,7,35.0,0,35,19,54.29,3,15,20,11,68,42.5,28,253,285,527,126.2,3,0,815,18,3,0,Moritz Heyer,Fortuna Düsseldorf,231820,2588,MF
0,0,0.0,8,0,0.0,11,4,15,62.5,1,20.0,4,14,0,0,0,0,7,1,2,2,0,1,10,0,0,5,0,19,0,0,,,8,0,25.0,0,2,2,3,3,0,2,0,,5,25.0,0,0,1,9,0,3,0,1,154,1,,0,0,0,0,0.0,0,0,0,0,25,0,0,6.64,0,2,0,0,0,0,0,0,77.0,0.0,0,8,0,2,4,1,33.33,0,1,1,100.0,3,0,3,5,6,24.0,2,22,7,24,66.4,8,0,61,3,0,0,Otto Stange,Hamburger SV,1568535,2676,FW
8,1,7.14,47,8,80.0,100,57,156,72.56,15,26.32,42,23,2,0,0,0,40,1,2,5,0,4,23,0,0,30,6,137,0,0,,,36,0,0.0,0,0,2,13,13,0,0,0,,71,42.77,0,0,0,59,4,8,0,12,1049,3,,0,0,0,0,0.0,0,0,0,0,176,4,0,6.64,0,0,0,0,0,0,0,0,0.0,0.0,0,16,3,8,6,21,46.67,0,18,12,66.67,8,12,45,14,86,38.57,10,159,70,215,152.7,19,0,478,32,4,0,Etienne Amenyido,Preußen Münster,851256,2590,FW
2,3,33.33,54,4,57.14,96,46,139,80.35,6,40.0,9,20,1,0,0,0,31,1,1,2,1,5,19,0,0,11,5,52,0,0,,,10,0,0.0,0,0,1,6,5,1,0,0,,33,43.42,0,0,0,34,3,8,0,4,572,4,,0,0,0,0,0.0,0,0,0,0,100,5,0,6.64,0,0,0,0,0,0,0,0,0.0,0.0,0,5,2,2,3,11,37.93,0,13,5,38.46,8,5,29,9,39,42.86,7,127,55,173,126.1,7,0,314,9,2,0,Bryan Silva Teixeira,1. FC Magdeburg,978064,2591,MF
3,0,0.0,15,2,100.0,33,23,56,81.16,5,41.67,7,12,1,0,0,0,9,1,2,3,0,2,12,0,0,3,4,30,0,0,,,6,0,0.0,0,0,1,5,5,0,0,0,,9,28.13,0,0,0,13,1,1,0,0,239,1,,0,0,0,0,0.0,0,0,0,0,46,0,0,6.63,0,0,0,0,0,0,0,0,0.0,0.0,0,4,4,3,2,4,28.57,0,3,2,66.67,1,5,14,8,14,31.82,2,53,24,69,79.6,8,0,136,3,2,0,Faride Alidou,1. FC Kaiserslautern,994197,2675,FW
1,1,5.0,39,2,66.67,78,33,110,68.75,28,35.0,52,32,0,0,0,0,32,0,4,11,0,17,32,0,0,28,7,138,0,0,,,19,0,14.71,0,5,5,34,28,6,5,0,,54,38.57,1,0,1,50,1,6,1,13,1360,18,,0,0,0,0,0.0,0,0,0,0,182,12,0,6.63,0,3,0,0,0,0,0,0,272.0,0.0,0,29,5,11,12,18,34.62,0,19,9,47.37,6,2,52,20,82,37.27,3,141,39,160,212.2,34,0,447,17,3,0,Noah Ganaus,SSV Jahn Regensburg,1182939,2567,FW
11,4,30.77,107,15,68.18,231,241,468,86.67,9,27.27,24,27,1,0,0,0,52,3,1,3,0,16,26,0,0,23,13,114,0,1,,,31,0,6.67,0,1,2,28,23,5,1,0,,66,42.31,0,0,0,72,13,11,0,15,1413,1,,0,0,0,1,0.0,0,0,0,1,158,3,0,6.63,0,1,0,0,0,0,0,0,1413.0,0.0,0,10,5,7,5,9,27.27,0,31,20,64.52,11,14,33,13,75,39.68,22,281,272,540,172.4,15,0,802,26,5,0,Rafael Lubach,1. FC Nürnberg,1214874,2523,MF
3,2,66.67,42,4,57.14,80,50,128,69.19,22,32.35,46,20,3,0,0,0,37,3,2,3,1,8,20,0,0,16,6,95,0,0,,,14,0,0.0,0,0,3,15,14,1,0,0,,34,40.96,0,0,0,57,0,11,0,9,991,9,,0,0,0,0,0.0,0,0,0,0,141,6,0,6.63,0,0,0,0,0,0,0,0,0.0,0.0,0,10,2,4,5,8,38.1,0,9,4,44.44,11,4,21,3,56,37.09,7,132,56,185,132.6,12,0,374,17,1,0,András Németh,Preußen Münster,983519,2590,FW
33,3,60.0,123,40,43.48,422,731,1150,87.65,12,54.55,10,27,1,0,0,0,109,2,0,2,3,37,27,0,0,5,18,68,1,0,,,33,0,0.0,7,0,1,42,37,5,0,0,,36,38.3,0,0,0,162,24,6,0,24,2232,0,,0,0,0,1,0.0,0,0,0,0,192,5,0,6.63,1,0,0,0,0,0,0,0,0.0,0.0,0,0,2,0,0,3,42.86,0,22,14,63.64,6,65,7,5,48,41.38,92,529,788,1312,178.9,2,0,1514,12,6,1,Maximilian Dietz,SpVgg Greuther Fürth,1002568,2551,DF
5,1,20.0,25,6,35.29,58,80,137,74.05,19,47.5,21,20,0,0,0,0,34,0,0,0,0,18,17,0,0,5,4,43,0,0,,,11,0,0.0,1,0,0,14,13,1,0,0,,27,55.1,0,0,0,48,9,3,0,6,584,0,,0,0,0,0,0.0,0,0,0,0,74,1,0,6.62,0,0,0,0,0,0,0,0,0.0,0.0,0,1,0,1,0,5,62.5,0,13,11,84.62,3,8,8,5,46,51.69,17,91,99,185,112.6,1,0,301,9,0,0,Reno Münz,SpVgg Greuther Fürth,1403004,2551,MF
0,1,100.0,21,2,50.0,30,15,44,73.33,5,31.25,11,10,1,0,0,0,8,0,1,3,0,2,10,0,0,6,1,31,0,0,,,11,0,0.0,0,0,1,7,7,0,0,0,,18,47.37,0,0,0,16,0,4,0,3,275,3,,0,0,0,0,0.0,0,0,0,0,33,1,0,6.62,0,0,0,0,0,0,0,0,0.0,0.0,0,5,0,0,2,6,60.0,0,6,4,66.67,4,0,10,1,23,42.59,4,45,16,60,66.2,5,0,115,6,1,0,Marlon Mustapha,SpVgg Greuther Fürth,1006951,2551,FW
9,0,0.0,20,23,56.1,59,191,250,88.03,12,60.0,8,5,0,0,0,0,9,0,0,1,0,13,5,0,0,2,2,20,0,1,,,9,0,0.0,11,0,0,11,10,1,0,0,,15,55.56,0,0,0,34,11,0,0,5,383,0,,0,0,0,0,0.0,0,0,0,0,42,0,0,6.62,1,0,0,0,0,0,0,0,0.0,0.0,0,4,0,3,0,2,100.0,0,8,2,25.0,0,16,2,2,27,57.45,41,81,205,284,33.1,4,0,348,5,1,1,Felipe Sánchez,FC Schalke 04,1467314,2530,DF
6,1,11.11,30,8,42.11,69,127,195,80.91,10,50.0,10,12,0,0,0,0,33,0,2,3,0,11,11,0,0,5,5,34,0,0,,,12,0,0.0,0,0,0,11,7,4,0,0,,28,53.85,0,0,0,46,6,1,0,6,549,0,,0,0,0,0,0.0,0,0,0,0,72,2,0,6.62,0,0,0,0,0,0,0,0,0.0,0.0,0,6,3,3,3,2,33.33,0,9,5,55.56,1,10,6,9,38,52.78,19,109,141,241,72.8,9,0,339,17,2,0,Luis Engelns,SC Paderborn 07,1838178,2561,MF
20,5,12.82,117,30,46.88,217,319,531,77.63,8,47.06,9,26,2,0,0,0,62,2,0,0,3,50,26,0,0,8,19,68,2,1,,,11,0,0.0,0,0,2,36,32,4,0,0,,70,54.26,0,0,0,153,18,13,0,18,1635,0,,0,0,0,1,0.0,0,0,0,0,269,3,0,6.61,0,0,0,0,0,0,0,0,0.0,0.0,0,3,1,3,1,19,46.34,0,31,20,64.52,13,39,41,39,78,53.42,64,336,387,684,171.9,4,1,1127,20,2,0,Oliver Villadsen,1. FC Nürnberg,918430,2523,MF
2,3,21.43,25,5,55.56,39,11,47,64.38,3,42.86,4,10,0,0,0,0,14,1,1,5,0,1,10,0,0,8,2,32,0,0,,,4,0,8.33,0,1,1,7,5,2,1,0,,18,39.13,0,0,0,26,3,4,0,2,329,1,,0,0,0,0,0.0,0,0,0,0,75,2,0,6.61,0,1,0,0,0,0,0,0,329.0,0.0,0,6,6,4,3,9,39.13,0,5,2,40.0,4,3,23,14,21,39.62,9,66,21,73,66.1,12,0,186,4,1,0,Rabbi Matondo,Hannover 96,902049,2541,MF
0,0,0.0,17,1,50.0,19,12,31,63.27,14,60.87,9,12,0,0,0,0,6,0,2,2,0,6,12,0,0,7,4,31,0,0,,,6,0,14.29,0,1,1,8,6,2,1,0,,9,29.03,0,0,0,18,1,3,1,4,446,5,,0,0,0,0,0.0,0,0,0,0,43,1,0,6.61,0,0,0,0,0,0,0,0,446.0,0.0,0,7,0,2,3,1,16.67,0,3,2,66.67,3,0,6,4,23,42.59,2,37,16,49,79.3,7,0,112,5,1,0,Oscar Vilhelmsson,Darmstadt 98,993211,2576,FW
2,7,31.82,25,2,66.67,52,49,94,77.69,3,37.5,5,16,0,0,0,0,15,0,3,1,0,1,14,0,0,3,2,26,0,0,,,5,0,11.11,0,1,1,9,6,3,1,0,,14,40.0,0,0,0,27,3,7,1,4,457,1,,0,0,0,0,0.0,0,0,0,0,67,1,0,6.61,0,0,0,0,0,0,0,0,457.0,0.0,1,8,1,5,3,7,38.89,0,4,3,75.0,7,6,18,22,17,39.53,3,89,54,121,92.5,9,0,208,3,0,0,Palkó Dárdai,Hertha BSC,877608,2528,MF
1,2,25.0,12,1,100.0,29,13,40,55.56,10,35.71,18,17,0,0,0,0,18,0,2,3,0,6,14,0,0,7,3,47,0,0,,,11,0,0.0,0,0,0,6,6,0,0,0,,16,35.56,0,0,0,32,1,3,0,4,457,3,,0,0,0,0,0.0,0,0,0,1,68,4,0,6.61,0,0,0,0,0,0,0,0,0.0,0.0,0,13,1,7,4,5,38.46,0,3,3,100.0,3,1,13,8,26,35.62,1,60,20,72,92.5,14,0,161,8,1,0,Jannik Mause,SpVgg Greuther Fürth,832998,2551,MF
14,2,40.0,91,14,41.18,151,110,259,75.51,8,27.59,21,28,0,0,0,0,33,0,1,4,0,16,25,0,0,7,13,61,0,0,,,12,0,10.0,0,1,1,14,13,1,1,0,,32,44.44,0,0,2,84,14,6,0,5,737,0,,0,0,0,0,0.0,0,0,0,1,118,2,0,6.6,0,1,0,0,0,0,0,0,737.0,0.0,0,5,5,5,1,7,46.67,0,18,13,72.22,6,23,15,5,40,39.6,34,212,136,343,165.0,10,0,489,7,5,0,Robin Heußer,Karlsruher SC,874816,2553,MF
0,0,0.0,0,0,0.0,1,1,2,50.0,0,0.0,0,1,0,0,0,0,1,0,0,1,0,0,1,0,0,0,0,0,0,0,,,0,0,0.0,0,0,0,1,0,1,0,0,,0,0.0,0,0,0,2,0,0,0,0,9,0,,0,0,0,0,0.0,0,0,0,0,3,0,0,6.6,0,0,0,0,0,0,0,0,0.0,0.0,0,1,1,0,1,0,0.0,0,0,0,0.0,0,0,0,0,0,0.0,0,3,1,4,6.6,2,0,7,0,0,0,Filip Stojilković,Darmstadt 98,959003,2576,FW
0,0,0.0,1,0,0.0,5,4,9,81.82,0,0.0,2,1,0,0,0,0,1,0,0,0,0,0,1,0,0,1,0,4,0,0,,,1,0,0.0,0,0,0,2,2,0,0,0,,2,50.0,0,0,0,2,0,0,0,0,45,0,,0,0,0,0,0.0,0,0,0,0,4,0,0,6.6,0,0,0,0,0,0,0,0,0.0,0.0,0,0,0,0,0,2,100.0,0,0,0,0.0,0,0,2,0,2,33.33,0,7,4,11,6.6,0,0,16,0,0,0,Tino Kusanović,1. FC Nürnberg,1960026,2523,MF
0,0,0.0,2,0,0.0,4,6,10,100.0,0,0.0,0,1,0,0,0,0,0,0,0,0,0,0,1,0,0,0,0,0,0,0,,,0,0,0.0,0,0,0,0,0,0,0,0,,0,0.0,0,0,0,0,1,0,0,0,8,0,,0,0,0,0,0.0,0,0,0,0,1,0,0,6.6,0,0,0,0,0,0,0,0,0.0,0.0,0,0,0,0,0,0,0.0,0,0,0,0.0,0,0,0,0,0,0.0,0,4,6,10,6.6,0,0,13,0,0,0,Nicolas Oliveira Kisilowski,Hamburger SV,1215019,2676,MF
0,0,0.0,0,0,0.0,1,2,3,75.0,0,0.0,1,1,0,0,0,0,2,0,0,0,0,0,1,0,0,0,0,1,0,0,,,0,0,0.0,0,0,0,0,0,0,0,0,,1,100.0,0,0,0,1,0,0,0,1,22,0,,0,0,0,0,0.0,0,0,0,0,2,0,0,6.6,0,0,0,0,0,0,0,0,0.0,0.0,0,0,0,0,0,0,0.0,0,1,1,100.0,0,0,0,1,1,50.0,1,2,3,4,6.6,0,0,8,0,0,0,Herbert Bockhorn,1. FC Magdeburg,312986,2591,MF
0,0,0.0,2,0,0.0,6,7,13,92.86,0,0.0,0,1,0,0,0,0,0,0,0,0,0,1,1,0,0,0,0,1,0,0,,,1,0,0.0,0,0,0,0,0,0,0,0,,1,50.0,0,0,0,1,0,0,0,0,22,0,,0,0,0,0,0.0,0,0,0,0,2,0,0,6.6,0,0,0,0,0,0,0,0,0.0,0.0,0,0,0,0,0,0,0.0,0,0,0,0.0,0,0,0,0,1,50.0,0,6,8,14,6.6,0,0,17,1,0,0,Danny Latza,Fortuna Düsseldorf,40360,2588,MF
0,1,25.0,10,1,50.0,33,23,55,91.67,1,100.0,0,2,0,0,0,0,5,0,0,1,0,4,2,0,0,2,0,5,0,0,,,3,0,0.0,0,0,0,3,3,0,0,0,,4,44.44,0,0,0,5,0,1,0,2,112,0,,0,0,0,0,0.0,0,0,0,0,13,0,0,6.6,0,0,0,0,0,0,0,0,0.0,0.0,0,1,0,0,0,1,100.0,0,1,1,100.0,1,0,1,4,5,50.0,2,38,26,60,13.2,1,0,90,2,1,0,Jeremy Dudziak,Hertha BSC,187187,2528,DF
0,0,0.0,0,1,100.0,1,7,8,57.14,0,0.0,0,2,0,0,0,0,0,0,0,0,0,1,2,0,0,0,0,3,0,0,,,2,0,0.0,0,0,0,0,0,0,0,0,,3,50.0,0,0,0,6,0,0,0,0,40,0,,0,0,0,0,0.0,0,0,0,0,9,0,0,6.6,0,0,0,0,0,0,0,0,0.0,0.0,0,0,0,0,0,0,0.0,0,3,2,66.67,0,0,1,1,3,50.0,1,5,10,14,13.2,0,0,25,0,1,0,Jakob Korte,Preußen Münster,1515935,2590,MF
0,0,0.0,0,0,0.0,2,4,6,85.71,1,50.0,1,3,0,0,0,0,2,0,0,0,0,5,3,0,0,0,0,3,0,0,,,2,0,0.0,0,0,0,0,0,0,0,0,,1,33.33,0,0,0,1,2,0,0,0,39,0,,0,0,0,0,0.0,0,0,0,0,1,0,0,6.6,0,0,0,0,0,0,0,0,0.0,0.0,0,0,0,0,0,0,0.0,0,1,1,100.0,0,1,0,0,2,40.0,0,2,5,7,19.8,0,0,17,0,1,0,Elias Bakatukanda,1. FC Köln,1146120,2671,DF
0,0,0.0,10,0,0.0,18,5,23,82.14,1,33.33,2,4,0,0,0,0,3,0,0,1,0,0,4,0,0,2,0,9,0,0,,,1,0,0.0,0,0,0,0,0,0,0,0,,8,53.33,0,0,0,5,0,0,0,1,118,0,,0,0,0,0,0.0,0,0,0,0,14,0,0,6.6,0,0,0,0,0,0,0,0,0.0,0.0,0,2,0,1,0,3,42.86,0,3,3,100.0,0,0,7,1,9,50.0,0,22,7,28,26.4,2,0,52,2,2,0,Adedire Mebude,Hamburger SV,1144096,2676,MF
0,1,25.0,11,2,50.0,19,12,30,78.95,2,66.67,1,4,0,0,0,0,4,0,0,1,0,6,3,0,0,0,0,6,0,0,,,3,0,0.0,0,0,0,1,1,0,0,0,,1,16.67,0,0,0,8,0,0,0,0,56,0,,0,0,0,0,0.0,0,0,0,0,16,0,0,6.6,0,0,0,0,0,0,0,0,0.0,0.0,0,1,1,0,1,0,0.0,0,1,0,0.0,0,0,3,4,3,33.33,4,29,13,38,19.8,2,0,66,0,0,0,Oualid Mhamdi,SpVgg Greuther Fürth,1218052,2551,DF
1,0,0.0,13,6,50.0,24,44,68,80.0,3,60.0,2,4,0,0,0,0,5,0,0,1,0,3,4,0,0,3,5,13,0,0,,,1,0,0.0,0,0,0,3,3,0,0,0,,11,50.0,0,0,0,17,2,0,0,2,185,0,,0,0,0,0,0.0,0,0,0,0,33,0,0,6.6,0,0,0,0,0,0,0,0,0.0,0.0,0,1,3,3,0,2,50.0,0,5,3,60.0,0,4,4,2,14,51.85,12,34,53,85,26.4,4,0,145,4,0,0,Jannik Hofmann,1. FC Nürnberg,1131006,2523,DF
5,3,30.0,46,3,21.43,75,46,118,76.62,4,50.0,4,19,0,0,0,0,22,2,0,2,0,11,19,0,0,9,5,30,0,0,,,5,0,0.0,0,0,0,9,7,2,0,0,,19,42.22,0,0,0,36,2,4,0,2,468,0,,0,0,0,0,0.0,0,0,0,0,72,4,0,6.59,0,0,0,0,0,0,0,0,0.0,0.0,1,4,5,4,3,2,20.0,0,8,6,75.0,4,11,10,10,23,43.4,14,111,53,154,125.3,9,0,277,9,2,0,Luca Herrmann,SC Paderborn 07,887762,2561,MF
13,10,18.18,117,24,27.59,183,105,278,61.92,25,40.32,37,28,3,0,0,0,65,3,4,3,5,67,28,0,1,27,21,138,0,0,,,24,0,0.0,0,0,3,42,37,5,0,0,,93,47.94,0,0,1,171,19,19,0,23,2066,0,,0,0,0,2,0.0,0,0,0,1,363,6,0,6.59,1,0,0,0,0,0,0,0,0.0,0.0,1,10,6,12,1,17,36.96,0,38,22,57.89,19,37,46,55,118,46.09,87,356,148,449,184.6,16,0,1069,40,2,0,Bryan-Anthony Chibuike Hein,SSV Jahn Regensburg,1440822,2567,
0,3,37.5,14,4,40.0,26,49,72,76.6,2,18.18,9,14,1,0,0,0,6,0,0,1,1,8,11,0,0,5,2,25,0,0,,,5,0,0.0,0,0,1,7,6,1,0,0,,31,65.96,0,0,0,22,1,2,0,3,374,0,,0,0,0,0,0.0,0,0,0,0,52,1,0,6.59,0,0,0,0,0,0,0,0,0.0,0.0,0,1,0,0,0,5,50.0,0,14,10,71.43,2,3,10,8,33,56.9,10,43,59,94,72.5,1,0,219,12,0,0,Rafael Pinto Pedrosa,Karlsruher SC,1607321,2553,DF
8,0,0.0,10,7,38.89,28,74,102,77.86,14,53.85,12,11,0,0,0,0,6,0,0,0,1,23,8,0,0,0,3,17,0,0,,,3,0,0.0,0,0,0,6,6,0,0,0,,6,54.55,0,0,0,29,2,1,0,3,340,0,,0,0,0,0,0.0,0,0,0,0,29,0,0,6.59,0,0,0,0,0,0,0,0,0.0,0.0,0,2,0,2,0,0,0.0,0,3,2,66.67,1,12,0,0,20,54.05,18,45,86,131,52.7,2,0,172,3,1,0,Robin Bormuth,Karlsruher SC,368854,2553,DF
3,0,0.0,15,4,57.14,28,15,43,70.49,3,100.0,0,7,0,0,0,0,6,1,0,0,0,3,6,0,0,6,4,18,1,0,,,6,0,0.0,0,0,0,10,10,0,0,0,,16,47.06,0,0,0,18,1,2,0,2,191,0,,0,0,0,0,0.0,0,0,0,0,35,0,0,6.58,0,0,0,0,0,0,0,0,0.0,0.0,1,1,1,1,1,7,70.0,0,4,1,25.0,2,8,10,2,19,51.35,7,44,19,61,39.5,2,0,110,5,2,0,Walid Ould-Chikh,Eintracht Braunschweig,1066450,2557,MF
6,1,20.0,18,4,36.36,38,28,65,73.03,0,0.0,5,13,0,0,0,0,19,0,0,2,0,1,11,0,0,3,4,21,0,0,,,7,0,0.0,0,0,0,4,4,0,0,0,,15,48.39,0,0,0,24,1,3,0,1,213,0,,0,0,0,0,0.0,0,0,0,0,41,1,0,6.58,0,0,0,0,0,0,0,0,0.0,0.0,0,1,3,1,1,4,57.14,0,5,4,80.0,3,11,7,5,15,41.67,11,60,34,89,72.4,4,0,141,6,2,0,Tobias Raschl,1. FC Kaiserslautern,904840,2675,MF
1,0,0.0,19,0,0.0,31,14,45,68.18,5,41.67,7,10,0,0,0,0,10,1,3,3,0,6,10,0,0,4,2,20,0,0,,,6,0,11.11,0,1,1,5,4,1,1,0,,4,23.53,0,0,0,21,1,4,0,1,302,2,,0,0,1,0,100.0,0,1,0,0,34,2,0,6.58,0,1,0,0,0,0,0,0,302.0,0.0,0,9,0,4,2,1,50.0,0,1,0,0.0,4,2,2,2,9,31.03,0,49,19,66,65.8,9,0,107,2,2,0,Smail Prevljak,Hertha BSC,580658,2528,FW
1,0,0.0,2,3,42.86,10,60,70,77.78,4,30.77,9,5,0,0,0,0,8,1,0,0,0,22,5,0,0,1,6,21,0,1,,,4,0,0.0,0,0,0,4,4,0,0,0,,8,40.0,0,0,0,20,5,1,0,1,239,0,,0,0,0,0,0.0,0,0,0,0,22,0,0,6.58,0,0,0,0,0,0,0,0,0.0,0.0,0,0,0,0,0,2,66.67,0,4,2,50.0,1,2,3,0,12,36.36,7,16,74,90,32.9,0,0,144,2,1,0,Andi Hoti,1. FC Magdeburg,1000541,2591,DF
1,0,0.0,28,0,0.0,42,14,56,78.87,2,33.33,4,11,0,0,0,0,12,0,0,1,0,0,10,0,0,10,3,32,0,0,,,8,0,0.0,0,0,0,8,8,0,0,0,,18,39.13,0,0,0,15,0,4,0,1,240,0,,0,0,0,0,0.0,0,0,0,0,43,2,0,6.58,0,0,0,0,0,0,0,0,0.0,0.0,0,3,2,3,1,10,58.82,0,7,3,42.86,4,2,17,6,20,38.46,1,62,15,71,65.8,5,0,133,1,2,0,Nemanja Motika,SpVgg Greuther Fürth,1120524,2551,MF
9,1,20.0,24,5,21.74,48,83,130,74.29,8,53.33,7,19,0,0,0,0,24,0,1,2,0,16,19,0,0,5,5,23,0,0,,,5,0,0.0,0,0,0,8,6,2,0,0,,16,50.0,0,0,0,45,8,0,0,2,428,0,,0,0,0,0,0.0,0,0,0,0,78,0,0,6.58,0,0,0,0,0,0,0,0,0.0,0.0,0,2,3,3,0,1,50.0,0,11,8,72.73,0,17,2,5,24,51.06,23,86,94,175,125.0,5,0,311,4,1,0,Marco Thiede,Darmstadt 98,142263,2576,DF
24,4,26.67,61,49,35.25,122,212,330,67.9,34,51.52,32,21,0,0,0,0,44,1,2,1,2,78,20,0,0,1,10,62,0,0,,,21,0,9.09,0,1,1,43,41,2,1,0,,37,55.22,0,0,1,156,17,5,0,16,1454,3,,0,0,0,1,0.0,0,0,0,0,185,0,0,6.58,0,1,0,0,0,0,0,0,1454.0,0.0,0,10,1,5,5,4,80.0,0,20,11,55.0,5,51,5,15,71,53.38,139,235,266,486,131.5,11,0,740,13,4,0,Robin Ziegele,SSV Jahn Regensburg,800982,2567,DF
1,0,0.0,10,0,0.0,12,4,16,55.17,4,66.67,2,9,0,0,0,0,6,0,2,1,0,5,8,0,0,0,2,13,0,0,,,6,0,0.0,0,0,0,5,5,0,0,0,,10,47.62,0,0,0,13,0,2,0,1,222,1,,0,0,0,0,0.0,0,0,0,0,28,0,0,6.58,0,0,0,0,0,0,0,0,0.0,0.0,0,5,1,2,3,0,0.0,0,7,5,71.43,2,2,3,2,14,51.85,1,23,8,29,52.6,6,0,75,3,0,0,Dustin Forkel,1. FC Nürnberg,1607210,2523,MF
0,0,0.0,1,0,0.0,1,2,3,27.27,2,50.0,2,3,0,0,0,0,2,0,0,0,0,2,3,0,0,0,0,4,0,0,,,2,0,0.0,0,0,0,1,1,0,0,0,,5,71.43,0,0,0,8,0,0,0,0,46,0,,0,0,0,0,0.0,0,0,0,0,11,0,0,6.57,0,0,0,0,0,0,0,0,0.0,0.0,0,0,0,0,0,0,0.0,0,5,2,40.0,0,1,0,0,7,63.64,2,4,7,11,19.7,0,0,25,0,0,0,Mika Haas,1. FC Kaiserslautern,1445608,2675,MF
0,0,0.0,0,0,0.0,2,2,4,50.0,1,16.67,5,4,0,0,0,0,0,0,0,0,0,0,3,0,0,0,0,7,0,0,,,2,0,0.0,0,0,0,1,1,0,0,0,,0,0.0,0,0,0,4,0,0,0,0,41,0,,0,0,0,0,0.0,0,0,0,0,6,0,0,6.57,0,0,0,0,0,0,0,0,0.0,0.0,0,2,0,1,1,0,0.0,0,0,0,0.0,0,0,1,0,1,12.5,0,5,3,8,19.7,2,0,16,0,0,0,Mohammad Mahmoud,SV 07 Elversberg,1540235,2598,FW
1,1,50.0,14,2,66.67,28,11,38,79.17,1,50.0,1,9,0,0,0,0,7,1,0,1,0,2,9,0,0,2,2,9,0,0,,,2,0,0.0,0,0,0,3,3,0,0,0,,12,60.0,0,0,0,10,1,3,0,2,212,3,,0,0,0,0,0.0,0,0,0,0,20,1,0,6.57,0,0,0,0,0,0,0,0,0.0,0.0,0,0,1,0,0,4,57.14,0,3,3,100.0,3,1,7,2,13,59.09,3,36,14,48,59.1,1,0,82,5,0,0,Benjamin Goller,1. FC Nürnberg,921032,2523,MF
0,0,0.0,8,0,0.0,16,8,24,70.59,1,16.67,5,5,0,0,0,0,6,0,1,0,0,1,5,0,0,2,6,20,0,0,,,0,0,50.0,0,1,1,3,3,0,1,0,,10,40.0,0,0,0,10,0,0,0,3,238,0,,0,0,0,0,0.0,0,0,0,0,23,0,0,6.56,0,1,0,0,0,0,0,0,238.0,0.0,0,2,0,1,1,4,36.36,0,3,2,66.67,0,1,11,1,11,35.48,1,23,12,34,32.8,2,0,67,3,1,0,Kanji Okunuki,1. FC Nürnberg,926589,2523,MF
0,0,0.0,2,0,0.0,2,2,4,80.0,0,0.0,0,2,0,0,0,0,2,0,0,0,0,0,2,0,0,0,2,6,0,0,,,2,0,0.0,0,0,0,0,0,0,0,0,,2,25.0,0,0,0,1,0,0,0,0,30,0,,0,0,0,0,0.0,0,0,0,0,9,0,0,6.55,0,0,0,0,0,0,0,0,0.0,0.0,0,2,0,0,2,0,0.0,0,1,0,0.0,0,1,2,1,2,25.0,1,4,2,5,13.1,2,0,19,1,0,0,Magnus Baars,1. FC Magdeburg,1922808,2591,FW
2,0,0.0,10,3,100.0,21,10,31,79.49,0,0.0,2,6,0,0,0,0,8,0,0,2,0,0,6,0,0,6,1,20,0,0,,,5,0,0.0,0,0,0,1,1,0,0,0,,8,30.77,0,0,0,8,2,1,0,1,143,0,,0,0,0,0,0.0,0,0,0,0,30,1,0,6.55,0,0,0,0,0,0,0,0,0.0,0.0,0,4,0,1,1,2,25.0,0,4,2,50.0,1,2,8,3,8,28.57,3,31,11,39,39.3,4,0,79,2,0,0,Jayden Nelson,SSV Ulm 1846,1002489,2580,MF
4,0,0.0,35,6,42.86,58,50,108,77.7,0,0.0,6,10,0,0,0,0,21,0,0,3,0,8,10,0,0,6,8,34,0,0,,,8,0,0.0,0,0,0,12,11,1,0,0,,26,48.15,0,0,1,31,3,1,0,6,489,0,,0,0,0,0,0.0,0,0,0,0,66,1,0,6.55,0,0,0,0,0,0,0,0,0.0,0.0,0,2,2,0,1,4,40.0,0,16,13,81.25,1,7,10,6,26,43.33,14,83,62,139,65.5,4,0,252,6,1,0,Sanoussy Ba,Eintracht Braunschweig,1142701,2557,MF
0,0,0.0,10,0,0.0,16,5,21,63.64,3,42.86,4,11,0,0,0,0,6,0,0,1,0,5,11,0,1,4,4,21,0,0,,,7,0,50.0,0,1,1,9,9,0,0,1,,11,39.29,0,0,0,12,0,0,0,0,191,1,,0,0,0,0,0.0,0,0,0,0,26,1,0,6.55,1,1,0,0,0,0,0,0,191.0,0.0,0,1,1,0,1,0,0.0,0,9,3,33.33,0,2,3,0,14,40.0,0,26,7,33,72.0,2,0,77,2,0,0,Dejan Galjen,SSV Jahn Regensburg,1117950,2567,FW
1,0,0.0,3,2,28.57,12,3,15,60.0,0,0.0,0,3,0,0,0,0,4,0,0,1,0,1,3,0,0,0,3,9,0,0,,,5,0,50.0,0,1,1,3,2,1,0,1,,3,25.0,0,0,0,10,0,0,1,0,76,0,,0,0,0,0,0.0,0,0,0,0,14,1,0,6.53,0,0,0,0,0,0,0,0,76.0,0.0,1,0,2,0,1,0,0.0,0,2,2,100.0,0,2,1,0,3,25.0,7,19,6,25,19.6,2,0,36,1,1,0,Michal Ševčík,1. FC Nürnberg,1034266,2523,MF
0,0,0.0,10,5,21.74,38,126,164,85.86,3,30.0,7,6,0,0,0,0,15,0,0,0,0,14,6,0,0,1,4,20,0,0,,,7,0,0.0,0,0,0,9,7,2,0,0,,15,53.57,0,0,0,27,3,0,0,3,325,0,,0,0,0,0,0.0,0,0,0,0,32,1,0,6.53,0,0,0,0,0,0,0,0,0.0,0.0,0,2,0,2,0,0,0.0,0,13,6,46.15,0,10,2,1,18,47.37,23,57,135,191,39.2,2,0,243,2,0,0,Lucas Perrin,Hamburger SV,941077,2676,DF
4,0,0.0,14,66,32.51,51,168,219,60.66,3,100.0,0,12,0,0,0,0,91,0,0,0,2,11,12,0,1,0,1,2,0,1,,,1,0,0.0,76,0,0,21,20,1,0,0,,0,0.0,0,6,0,142,1,0,0,11,959,0,,0,0,0,1,0.0,1,0,0,0,148,0,4,6.53,1,0,8,12,15,27,0,7,0.0,0.0,0,0,0,0,0,0,0.0,8,0,0,0.0,0,11,0,0,3,60.0,203,162,199,361,78.4,0,0,464,1,0,0,Lennart Grill,SpVgg Greuther Fürth,836710,2551,GK
6,2,100.0,31,4,33.33,91,115,204,83.61,10,32.26,21,19,1,0,0,0,23,1,1,0,0,10,15,0,0,7,13,62,0,2,,,17,0,0.0,0,0,1,12,9,3,0,0,,28,40.58,0,0,0,40,11,5,0,5,529,0,,0,0,0,0,0.0,0,0,0,0,65,3,0,6.53,0,0,0,0,0,0,0,0,0.0,0.0,0,1,0,1,0,6,50.0,0,18,12,66.67,5,9,12,2,38,38.0,12,119,127,244,97.9,1,0,346,4,1,0,Leon Robinson,1. FC Kaiserslautern,1885160,2675,MF
6,0,0.0,41,7,46.67,80,56,136,73.51,5,35.71,9,23,0,0,0,0,35,0,0,3,0,18,20,0,0,5,4,36,1,0,,,14,0,16.67,0,1,1,11,10,1,1,0,,24,47.06,1,0,0,49,4,5,0,3,450,1,,0,0,0,1,0.0,0,0,0,0,72,1,0,6.53,1,0,0,0,0,0,0,0,450.0,0.0,0,3,3,0,3,5,50.0,0,5,5,100.0,5,12,10,0,29,44.62,15,115,70,185,130.5,6,0,287,14,1,1,Falko Michel,1. FC Magdeburg,1065557,2591,MF
1,1,50.0,26,2,33.33,32,22,53,68.83,1,16.67,5,14,1,0,0,0,14,0,3,4,0,2,12,0,0,2,1,19,0,0,,,4,0,0.0,0,0,1,7,6,1,0,0,,15,51.72,0,0,0,24,2,8,0,2,313,2,,0,0,0,0,0.0,0,0,0,0,46,3,0,6.52,1,0,0,0,0,0,0,0,0.0,0.0,0,9,1,5,1,8,53.33,0,3,1,33.33,8,2,15,2,16,45.71,6,51,28,77,78.2,10,0,139,4,1,1,Christian Conteh,Eintracht Braunschweig,933833,2557,MF
2,0,0.0,16,3,75.0,21,16,37,84.09,1,50.0,1,6,0,0,0,0,4,0,0,0,0,2,6,0,0,2,2,9,0,0,,,3,0,0.0,0,0,0,5,4,1,0,0,,2,20.0,0,0,0,7,2,1,0,2,186,0,,0,0,0,0,0.0,0,0,0,0,15,0,0,6.52,0,0,0,0,0,0,0,0,0.0,0.0,0,0,0,0,0,1,50.0,0,0,0,0.0,1,2,2,0,3,25.0,4,27,17,44,39.1,0,0,66,1,1,0,Mika Baur,SC Paderborn 07,1172815,2561,MF
0,0,0.0,2,0,0.0,2,1,3,75.0,1,100.0,0,1,0,0,0,0,1,0,0,0,0,0,1,0,0,0,0,0,0,0,,,0,0,0.0,0,0,0,0,0,0,0,0,,1,100.0,0,0,0,1,0,0,0,0,22,0,,0,0,0,0,0.0,0,0,0,0,1,0,0,6.5,0,0,0,0,0,0,0,0,0.0,0.0,0,0,0,0,0,0,0.0,0,1,0,0.0,0,0,0,0,2,100.0,0,2,2,4,6.5,0,0,5,0,0,0,Noël Aséko,Hannover 96,1410926,2541,
0,0,0.0,0,0,0.0,0,1,1,100.0,0,0.0,0,1,0,0,0,0,0,0,0,0,0,2,1,0,0,0,1,1,0,0,,,0,0,0.0,0,0,0,1,1,0,0,0,,0,0.0,0,0,0,0,0,0,0,0,12,0,,0,0,0,0,0.0,0,0,0,0,0,0,0,6.5,0,0,0,0,0,0,0,0,0.0,0.0,0,0,0,0,0,0,0.0,0,0,0,0.0,0,0,0,0,0,0.0,0,0,1,1,6.5,0,0,4,0,0,0,Guilherme Ramos,Hamburger SV,827192,2676,DF
2,0,0.0,7,7,50.0,17,35,52,83.87,1,25.0,3,1,0,0,0,0,6,0,0,0,0,2,1,0,0,0,2,5,0,0,,,1,0,0.0,0,0,0,2,2,0,0,0,,3,60.0,0,0,0,10,0,0,0,1,90,0,,0,0,0,0,0.0,0,0,0,0,11,0,0,6.5,0,0,0,0,0,0,0,0,0.0,0.0,0,0,0,0,0,0,0.0,0,3,1,33.33,0,5,0,0,4,44.44,14,25,37,62,6.5,0,0,71,0,0,0,Martin Wasinski,FC Schalke 04,1131054,2530,DF
0,0,0.0,1,0,0.0,2,1,3,60.0,0,0.0,1,1,0,0,0,0,0,0,0,0,0,0,1,0,0,0,0,3,0,0,,,1,0,0.0,0,0,0,0,0,0,0,0,,0,0.0,0,0,0,2,0,1,0,0,15,1,,0,0,0,0,0.0,0,0,0,0,5,0,0,6.5,0,0,0,0,0,0,0,0,0.0,0.0,0,0,0,0,0,0,0.0,0,0,0,0.0,1,0,1,0,0,0.0,0,4,1,5,6.5,0,0,9,0,0,0,Jaka Cuber Potocnik,1. FC Köln,1148974,2671,FW
0,0,0.0,3,1,100.0,5,6,11,91.67,1,100.0,0,1,0,0,0,0,2,0,0,0,0,2,1,0,0,1,0,2,0,0,,,0,0,0.0,0,0,0,1,0,1,0,0,,2,50.0,0,0,0,1,0,1,0,0,23,0,,0,0,0,0,0.0,0,0,0,0,3,0,0,6.5,0,0,0,0,0,0,0,0,0.0,0.0,0,1,0,1,0,1,50.0,0,1,0,0.0,1,0,2,0,3,60.0,1,5,7,12,6.5,1,0,22,0,0,0,Tidiane Toure,FC Schalke 04,1523672,2530,DF
0,0,0.0,1,0,0.0,1,0,1,50.0,1,100.0,0,1,0,0,0,0,0,0,0,0,0,0,1,0,0,0,1,1,0,0,,,0,0,0.0,0,0,0,0,0,0,0,0,,1,50.0,0,0,0,1,0,0,0,0,10,0,,0,0,0,0,0.0,0,0,0,0,1,0,0,6.5,0,0,0,0,0,0,0,0,0.0,0.0,0,0,0,0,0,0,0.0,0,0,0,0.0,0,0,0,0,2,66.67,0,2,0,2,6.5,0,0,4,1,0,0,Jascha Brandt,SC Paderborn 07,1130068,2561,DF
1,0,0.0,3,10,52.63,7,12,19,65.52,0,0.0,0,1,0,0,0,0,12,0,0,0,0,1,1,0,0,0,0,0,0,0,,,0,0,0.0,7,0,0,2,2,0,0,0,,0,0.0,0,0,0,10,0,0,0,1,90,0,,0,0,0,0,0.0,0,0,0,0,10,0,0,6.5,0,0,0,0,1,1,0,0,0.0,0.0,0,0,0,0,0,0,0.0,0,0,0,0.0,0,2,0,0,0,0.0,19,13,16,29,6.5,0,0,39,0,1,0,Morten Behrens,Preußen Münster,814388,2590,GK
0,0,0.0,1,0,0.0,2,0,2,50.0,2,28.57,5,2,0,0,0,0,0,0,0,0,0,0,2,0,0,0,0,7,0,0,,,2,0,0.0,0,0,0,0,0,0,0,0,,1,33.33,0,0,0,2,0,0,0,0,25,1,,0,0,0,0,0.0,0,0,0,0,5,0,0,6.5,0,0,0,0,0,0,0,0,0.0,0.0,0,0,0,0,0,0,0.0,0,0,0,0.0,0,0,0,0,3,30.0,0,4,0,4,13.0,0,0,12,1,0,0,Peter Remmert,FC Schalke 04,1884149,2530,MF
0,0,0.0,3,0,0.0,4,0,4,80.0,0,0.0,1,2,0,0,0,0,4,0,0,0,0,0,2,0,0,2,0,3,0,0,,,0,0,0.0,0,0,0,0,0,0,0,0,,0,0.0,0,0,0,1,0,0,0,0,45,0,,0,0,0,0,0.0,0,0,0,0,4,1,0,6.5,0,0,0,0,0,0,0,0,0.0,0.0,0,0,0,0,0,0,0.0,0,0,0,0.0,0,0,0,0,0,0.0,0,4,1,5,13.0,0,0,11,0,0,0,Zaid Amoussou-Tchibara,FC Schalke 04,1963743,2530,FW
0,0,0.0,5,0,0.0,6,2,8,66.67,0,0.0,0,2,0,0,0,0,2,0,0,0,0,0,2,0,0,0,0,1,0,0,,,0,0,0.0,0,0,0,1,1,0,0,0,,2,66.67,0,0,0,4,0,0,0,0,33,0,,0,0,0,0,0.0,0,0,0,0,7,0,0,6.5,0,0,0,0,0,0,0,0,0.0,0.0,0,0,0,0,0,0,0.0,0,2,1,50.0,0,1,1,0,2,66.67,1,10,2,12,13.0,0,0,20,0,0,0,Levin Öztunalı,Hamburger SV,229776,2676,FW
0,0,0.0,1,0,0.0,3,9,12,100.0,0,0.0,3,2,0,0,0,0,1,0,0,0,0,2,2,0,0,0,0,3,0,0,,,0,0,0.0,0,0,0,2,2,0,0,0,,1,100.0,0,0,0,0,0,1,0,0,29,0,,0,0,0,0,0.0,0,0,0,0,0,0,0,6.5,0,0,0,0,0,0,0,0,0.0,0.0,0,0,0,0,0,0,0.0,0,1,0,0.0,1,0,0,0,1,25.0,0,3,9,12,13.0,0,0,19,0,0,0,Meldin Drešković,Darmstadt 98,848332,2576,DF
0,0,0.0,0,0,0.0,0,0,0,0.0,0,0.0,0,2,0,0,0,0,0,0,0,1,0,0,1,0,0,0,0,1,0,0,,,0,0,0.0,0,0,0,1,0,1,0,0,,1,50.0,0,0,0,2,0,0,0,0,12,0,,0,0,0,0,0.0,0,0,0,0,3,0,0,6.5,0,0,0,0,0,0,0,0,0.0,0.0,0,1,0,0,0,1,50.0,0,0,0,0.0,0,0,2,0,1,50.0,0,2,0,2,6.5,1,0,7,0,0,0,Linus Queisser,Eintracht Braunschweig,1882030,2557,FW
0,0,0.0,3,0,0.0,5,2,7,100.0,1,33.33,2,3,0,0,0,0,0,0,0,1,0,0,3,0,0,0,3,9,0,0,,,3,0,0.0,0,0,0,0,0,0,0,0,,1,12.5,0,0,0,0,0,0,0,0,51,0,,0,0,0,0,0.0,0,0,0,0,3,0,0,6.5,0,0,0,0,0,0,0,0,0.0,0.0,0,1,0,0,0,1,50.0,0,0,0,0.0,0,0,2,0,2,18.18,0,5,2,7,19.5,1,0,14,0,0,0,Florian Dietz,1. FC Köln,842215,2671,FW
0,2,66.67,8,0,0.0,19,9,26,83.87,0,0.0,2,5,0,0,0,0,5,0,0,1,0,0,5,0,0,2,3,8,0,0,,,0,0,0.0,0,0,0,2,2,0,0,0,,1,14.29,0,0,0,5,0,2,0,0,71,0,,0,0,0,0,0.0,0,0,0,0,12,0,0,6.5,0,0,0,0,0,0,0,0,0.0,0.0,0,1,0,0,0,0,0.0,0,0,0,0.0,2,1,1,3,1,11.11,1,23,11,31,32.5,1,0,45,1,0,0,Grant-Leon Ranos,1. FC Kaiserslautern,1130950,2675,FW
1,0,0.0,8,0,0.0,11,7,18,75.0,1,33.33,2,5,0,0,0,0,3,0,1,2,0,3,5,0,0,1,0,7,0,0,,,3,0,0.0,0,0,0,2,1,1,0,0,,4,44.44,0,0,0,6,0,0,0,0,105,0,,0,0,0,0,0.0,0,0,0,0,22,1,0,6.5,0,0,0,0,0,0,0,0,0.0,0.0,0,2,1,0,1,1,50.0,0,3,1,33.33,0,1,2,7,5,41.67,1,20,11,24,32.5,3,0,58,0,0,0,Marvin Obuz,1. FC Köln,980629,2671,MF
2,0,0.0,11,7,43.75,55,127,182,81.98,7,46.67,8,8,0,0,0,0,20,1,1,0,0,15,7,0,0,4,3,21,0,0,,,5,0,0.0,0,0,0,16,14,2,0,0,,19,59.38,0,0,0,40,9,3,0,5,509,0,,0,0,0,0,0.0,0,0,0,0,58,1,0,6.5,0,0,0,0,0,0,0,0,0.0,0.0,0,2,0,1,1,4,80.0,0,13,3,23.08,3,7,5,2,26,55.32,16,81,143,222,45.5,2,0,320,2,1,0,Almamy Touré,1. FC Kaiserslautern,580952,2675,DF
0,0,0.0,2,1,33.33,5,10,15,65.22,4,66.67,2,8,0,0,0,0,3,0,0,0,0,1,5,0,0,2,2,12,0,0,,,2,0,0.0,1,0,0,9,7,2,0,0,,10,50.0,0,0,0,8,0,0,0,1,129,1,,0,0,0,0,0.0,0,0,0,0,21,0,0,6.5,0,0,0,0,0,0,0,0,0.0,0.0,0,0,0,0,0,1,20.0,0,5,4,80.0,0,0,5,1,14,53.85,3,12,12,23,32.5,0,0,70,5,1,0,Jonas Bauer,SSV Jahn Regensburg,1596525,2567,MF
1,0,0.0,14,0,0.0,20,3,23,52.27,8,34.78,15,10,0,0,0,0,1,0,1,0,0,2,8,0,0,1,2,22,0,0,,,2,0,0.0,0,0,0,2,2,0,0,0,,2,22.22,0,0,0,21,0,2,0,0,127,0,,0,0,0,0,0.0,0,0,0,0,28,0,0,6.49,0,0,0,0,0,0,0,0,0.0,0.0,0,1,0,0,1,0,0.0,0,1,0,0.0,2,1,2,1,10,31.25,3,40,5,44,51.9,1,0,64,1,1,0,Aleksandar Kahvić,SSV Ulm 1846,1146083,2580,FW
0,0,0.0,7,2,50.0,12,14,26,68.42,1,100.0,0,6,0,0,0,0,9,0,0,1,0,2,6,0,0,2,2,8,0,0,,,2,0,0.0,0,0,0,5,5,0,0,0,,9,52.94,0,0,0,12,2,2,0,0,84,0,,0,0,0,0,0.0,0,0,0,0,23,0,0,6.48,0,0,0,0,0,0,0,0,0.0,0.0,0,0,1,0,0,1,33.33,0,8,6,75.0,2,2,3,1,10,55.56,4,21,18,38,38.9,1,0,70,1,0,0,Arne Sicker,SV 07 Elversberg,828972,2598,DF
1,0,0.0,4,0,0.0,11,8,19,52.78,14,60.87,9,8,0,0,0,0,2,0,3,6,0,9,6,0,0,1,3,20,0,1,,,5,0,0.0,0,0,0,2,1,1,0,0,,2,15.38,0,0,0,17,0,2,0,2,267,2,,0,0,0,0,0.0,0,0,0,0,27,0,0,6.48,0,0,0,0,0,0,0,0,0.0,0.0,0,9,0,2,1,1,25.0,0,1,0,0.0,2,1,4,0,16,44.44,0,27,9,36,38.9,9,0,72,0,1,0,Alexander Ahl Holmström,1. FC Magdeburg,956436,2591,FW
0,0,0.0,3,0,0.0,3,2,5,62.5,0,0.0,4,4,0,0,0,0,1,0,0,0,0,2,4,0,0,1,0,9,0,0,,,2,0,0.0,0,0,0,1,1,0,0,0,,1,16.67,0,0,0,3,0,1,0,0,55,0,,0,0,0,0,0.0,0,0,0,0,9,1,0,6.48,0,0,0,0,0,0,0,0,0.0,0.0,0,0,0,0,0,1,33.33,0,0,0,0.0,1,0,3,0,1,10.0,0,5,3,8,25.9,0,0,21,0,0,0,Younes Ebnoutalib,SV 07 Elversberg,1474296,2598,FW
0,0,0.0,7,1,25.0,9,13,22,70.97,1,11.11,8,5,0,0,0,0,8,0,0,0,0,6,4,0,0,1,1,13,0,1,,,3,0,0.0,0,0,0,3,3,0,0,0,,8,61.54,0,0,0,9,1,1,0,2,159,0,,0,0,0,0,0.0,0,0,0,0,26,0,0,6.48,0,0,0,0,0,0,0,0,0.0,0.0,0,0,0,0,0,0,0.0,0,8,4,50.0,1,2,1,3,9,40.91,4,18,16,31,25.9,0,0,77,0,1,0,Ben Kieffer,SSV Jahn Regensburg,2021220,2567,MF
1,0,0.0,9,0,0.0,11,4,15,71.43,0,0.0,0,4,0,0,0,0,3,0,0,0,0,0,3,0,0,1,0,2,0,0,,,1,0,0.0,0,0,0,1,1,0,0,0,,2,50.0,0,0,0,6,0,0,0,0,46,0,,0,0,0,0,0.0,0,0,0,0,12,0,0,6.47,0,0,0,0,0,0,0,0,0.0,0.0,0,0,0,0,0,0,0.0,0,2,0,0.0,0,1,0,5,2,50.0,0,20,6,21,19.4,0,0,35,0,1,0,Adrian Bravo-Sánchez,SC Paderborn 07,845663,2561,MF
0,2,100.0,8,2,40.0,21,21,40,78.43,1,20.0,4,5,0,0,0,0,6,0,0,0,0,3,5,0,0,2,0,10,0,1,,,2,0,0.0,0,0,0,2,2,0,0,0,,4,40.0,0,0,0,11,0,1,0,3,179,1,,0,0,0,0,0.0,0,0,0,0,28,0,0,6.46,0,0,0,0,0,0,0,0,0.0,0.0,0,0,1,1,0,0,0.0,0,1,0,0.0,1,3,2,2,5,33.33,5,30,23,51,32.3,1,0,97,3,1,0,Mohamed Dräger,Eintracht Braunschweig,359388,2557,MF
0,1,50.0,4,0,0.0,6,0,5,55.56,1,33.33,2,4,0,0,0,0,2,0,0,1,0,0,2,0,0,1,0,6,0,0,,,1,0,0.0,0,0,0,1,1,0,0,0,,2,33.33,0,0,0,4,1,0,0,0,22,0,,0,0,0,0,0.0,0,0,0,0,10,1,0,6.45,0,0,0,0,0,0,0,0,0.0,0.0,0,0,1,0,0,1,33.33,0,0,0,0.0,0,0,3,2,3,33.33,0,11,0,9,12.9,1,0,20,1,0,0,Niklas Castelle,SSV Ulm 1846,1174250,2580,FW
0,0,0.0,5,1,100.0,9,5,14,87.5,1,100.0,0,6,0,0,0,0,3,0,0,1,0,2,4,0,0,4,0,6,0,0,,,1,0,0.0,0,0,0,2,2,0,0,0,,5,45.45,0,0,0,2,0,0,0,0,62,1,,0,0,0,0,0.0,0,0,0,0,13,0,0,6.45,0,0,0,0,0,0,0,0,0.0,0.0,0,1,0,0,0,2,66.67,0,1,0,0.0,0,0,3,1,6,50.0,1,10,7,16,25.8,1,0,48,3,0,0,Pierre Nadjombe,1. FC Magdeburg,1146266,2591,DF
1,3,15.79,24,8,34.78,37,21,55,63.22,3,60.0,2,9,0,0,0,0,10,0,0,2,0,7,9,0,0,1,6,14,0,0,,,4,0,0.0,0,0,0,13,12,1,0,0,,13,52.0,0,0,0,32,1,4,0,2,288,0,,0,0,0,0,0.0,0,0,0,0,60,0,0,6.41,0,0,0,0,0,0,0,0,0.0,0.0,0,2,1,1,0,2,66.67,0,9,7,77.78,4,3,3,19,16,53.33,23,75,31,87,57.7,3,0,179,3,4,0,Nico Ochojski,SSV Jahn Regensburg,939714,2567,MF
0,0,0.0,4,0,0.0,6,16,22,88.0,0,0.0,1,3,0,0,0,0,2,0,0,0,0,0,3,0,0,0,3,6,0,0,,,2,0,0.0,0,0,0,0,0,0,0,0,,3,37.5,0,0,0,3,0,0,0,0,40,0,,0,0,0,0,0.0,0,0,0,0,3,0,0,6.4,0,0,0,0,0,0,0,0,0.0,0.0,0,0,0,0,0,0,0.0,0,3,2,66.67,0,0,0,0,3,33.33,0,9,16,25,19.2,0,0,30,0,1,0,Boris Mamuzah Lum,Hertha BSC,1568502,2528,
2,1,20.0,17,3,37.5,34,21,54,84.38,3,42.86,4,3,0,0,0,0,4,0,0,1,0,0,3,0,0,1,0,8,0,0,,,2,0,0.0,0,0,0,4,3,1,0,0,,5,55.56,0,0,0,10,0,1,0,1,117,0,,0,0,0,0,0.0,0,0,0,0,24,0,0,6.4,0,0,0,0,0,0,0,0,0.0,0.0,0,1,0,0,0,1,33.33,0,1,1,100.0,1,4,3,5,8,50.0,8,45,24,64,19.2,1,0,96,3,1,0,Rasmus Carstensen,1. FC Köln,988203,2671,DF
0,0,0.0,1,0,0.0,3,11,14,63.64,1,20.0,4,3,0,0,0,0,4,0,0,0,0,2,3,0,0,0,1,5,0,0,,,0,0,0.0,0,0,0,1,1,0,0,0,,0,0.0,0,0,0,8,1,1,0,0,62,0,,0,0,0,0,0.0,0,0,0,0,10,0,0,6.4,0,0,0,0,0,0,0,0,0.0,0.0,0,0,0,0,0,0,0.0,0,0,0,0.0,1,2,0,2,1,16.67,5,10,14,22,19.2,0,0,33,0,0,0,Neo Telle,1. FC Köln,1897306,2671,DF
1,0,0.0,2,0,0.0,7,14,21,77.78,1,100.0,0,3,0,0,0,0,8,0,0,0,0,0,3,0,0,0,2,2,0,0,,,0,0,0.0,0,0,0,2,2,0,0,0,,1,33.33,0,0,0,6,0,0,0,0,69,0,,0,0,0,0,0.0,0,0,0,0,6,0,0,6.4,0,0,0,0,0,0,0,0,0.0,0.0,0,0,0,0,0,0,0.0,0,1,0,0.0,0,2,0,0,2,50.0,2,10,17,27,19.2,0,0,30,0,0,0,Luca Dürholtz,SV 07 Elversberg,97929,2598,MF
3,0,0.0,12,3,23.08,28,53,81,77.88,3,100.0,0,4,0,0,0,0,14,0,0,0,0,5,3,0,0,1,0,2,1,0,,,1,0,0.0,0,0,0,4,4,0,0,0,,2,50.0,0,0,0,23,0,0,0,2,165,0,,0,0,0,0,0.0,0,0,0,0,26,1,0,6.4,0,0,0,0,0,0,0,0,0.0,0.0,0,1,0,0,1,2,100.0,0,0,0,0.0,0,9,2,0,5,71.43,13,42,62,104,19.2,1,0,121,0,1,0,Klaus Gjasula,Darmstadt 98,163673,2576,DF
0,3,50.0,1,1,25.0,6,4,7,70.0,1,50.0,1,4,0,0,0,0,1,0,0,0,0,1,4,0,0,0,0,2,0,0,,,0,0,0.0,0,0,0,3,2,1,0,0,,2,66.67,0,0,0,3,0,0,0,0,43,0,,0,0,0,0,0.0,0,0,0,0,7,0,0,6.4,0,0,0,0,0,0,0,0,0.0,0.0,0,0,1,1,0,0,0.0,0,1,1,100.0,0,2,1,6,3,60.0,4,12,4,10,25.6,1,0,29,1,0,0,Anton Bäuerle,SC Paderborn 07,1402931,2561,MF
2,0,0.0,2,1,100.0,4,3,7,77.78,0,0.0,1,4,0,0,0,0,3,0,0,1,0,0,4,0,0,1,1,7,0,0,,,1,0,0.0,0,0,0,2,2,0,0,0,,5,45.45,0,0,0,2,0,0,0,0,36,0,,0,0,0,0,0.0,0,0,0,0,8,0,0,6.4,0,0,0,0,0,0,0,0,0.0,0.0,0,1,0,0,0,2,40.0,0,0,0,0.0,0,2,5,0,5,41.67,1,6,3,9,25.6,1,0,22,3,0,0,Max Meyer,SSV Jahn Regensburg,1806897,2567,FW
0,0,0.0,2,1,100.0,5,6,11,61.11,1,25.0,3,4,0,0,0,0,2,0,0,0,0,0,3,0,0,2,2,8,0,0,,,1,0,0.0,0,0,0,4,3,1,0,0,,5,50.0,0,0,0,7,1,1,0,0,66,1,,0,0,0,0,0.0,0,0,0,0,12,0,0,6.37,0,0,0,0,0,0,0,0,0.0,0.0,0,0,0,0,0,0,0.0,0,3,2,66.67,1,0,0,1,6,42.86,1,9,10,18,19.1,0,0,34,2,0,0,Robert Leipertz,SSV Ulm 1846,169427,2580,FW
0,0,0.0,9,0,0.0,11,5,16,69.57,5,55.56,4,9,0,0,0,0,8,0,0,1,0,0,8,0,1,9,1,23,0,0,,,8,0,0.0,0,0,0,3,3,0,0,0,,9,32.14,0,0,0,7,2,2,0,0,150,1,,0,0,0,0,0.0,0,0,0,0,27,1,0,6.34,1,0,0,0,0,0,0,0,0.0,0.0,0,3,0,2,0,1,50.0,0,2,1,50.0,2,0,2,0,14,37.84,1,18,5,23,50.7,3,0,63,6,0,0,Mansour Ouro-Tagba,SSV Jahn Regensburg,1490912,2567,FW
0,0,0.0,0,0,0.0,0,0,0,0.0,0,0.0,0,1,0,0,0,0,1,0,0,0,0,0,1,0,0,0,1,2,0,0,,,1,0,0.0,0,0,0,1,1,0,0,0,,0,0.0,0,0,0,2,1,0,0,0,13,0,,0,0,0,0,0.0,0,0,0,0,3,0,0,6.3,0,0,0,0,0,0,0,0,0.0,0.0,0,0,0,0,0,0,0.0,0,0,0,0.0,0,0,0,0,0,0.0,1,2,0,2,6.3,0,0,4,0,0,0,Husseyn Chakroun,Hannover 96,1518796,2541,FW
0,0,0.0,0,0,0.0,0,27,27,84.38,0,0.0,0,1,0,0,0,0,12,0,0,0,0,2,1,0,0,0,1,1,1,0,,,0,0,0.0,14,0,0,2,2,0,0,0,,1,50.0,0,4,0,5,0,0,0,1,90,0,,0,0,0,0,0.0,0,0,0,0,6,0,2,6.3,0,0,0,1,0,1,0,0,0.0,0.0,0,0,0,0,0,0,0.0,0,0,0,0.0,0,0,0,0,1,50.0,5,2,30,32,6.3,0,0,51,1,0,0,Michal Kukučka,1. FC Nürnberg,999957,2523,GK
0,0,0.0,1,0,0.0,2,1,3,60.0,1,33.33,2,1,0,0,0,0,1,0,1,0,0,0,1,0,0,0,0,2,0,0,,,0,0,0.0,0,0,0,0,0,0,0,0,,0,0.0,0,0,0,2,0,0,0,0,8,0,,0,0,0,0,0.0,0,0,0,0,2,0,0,6.3,0,0,0,0,0,0,0,0,0.0,0.0,0,2,0,1,1,0,0.0,0,0,0,0.0,0,0,0,0,1,33.33,0,3,2,5,6.3,2,0,7,0,0,0,Luca Wollschläger,Hertha BSC,1185437,2528,FW
0,0,0.0,2,0,0.0,2,0,2,66.67,0,0.0,1,1,0,0,0,0,1,0,0,0,0,0,1,0,0,0,0,1,0,0,,,0,0,0.0,0,0,0,2,2,0,0,0,,0,0.0,0,0,0,1,0,0,0,0,20,0,,0,0,0,0,0.0,0,0,0,0,1,0,0,6.3,0,0,0,0,0,0,0,0,0.0,0.0,0,0,0,0,0,0,0.0,0,0,0,0.0,0,0,0,0,0,0.0,0,3,0,3,6.3,0,0,3,0,0,0,Denis Pfaffenrot,SpVgg Greuther Fürth,1120919,2551,MF
0,0,0.0,1,0,0.0,7,4,11,52.38,7,50.0,7,8,0,0,0,0,4,0,1,0,0,1,6,0,0,2,1,14,0,0,,,5,0,0.0,0,0,0,2,2,0,0,0,,2,22.22,0,0,0,10,1,0,0,0,72,0,,0,0,0,1,0.0,0,0,0,0,16,2,0,6.22,0,0,0,0,0,0,0,0,0.0,0.0,0,3,0,3,0,1,100.0,0,1,1,100.0,0,0,1,0,9,39.13,1,14,7,21,37.3,3,0,37,0,2,0,Janni Serra,1. FC Nürnberg,924020,2523,FW
0,0,0.0,2,0,0.0,6,19,25,80.65,2,33.33,4,1,0,0,0,0,8,0,0,0,0,3,1,0,0,0,0,8,0,0,,,4,0,0.0,0,0,0,3,3,0,0,0,,0,0.0,0,0,0,6,0,0,0,1,66,0,,0,0,0,0,0.0,0,0,0,0,6,1,0,6.2,0,0,0,0,0,0,0,0,0.0,0.0,0,0,0,0,0,0,0.0,0,0,0,0.0,0,0,0,0,2,20.0,0,7,24,31,6.2,0,0,35,0,0,0,Martin Ens,SC Paderborn 07,1527023,2561,MF
3,0,0.0,3,2,50.0,10,33,43,91.49,1,25.0,3,1,0,0,0,0,4,0,0,0,0,1,1,0,0,0,0,4,0,0,,,1,0,0.0,0,0,0,3,3,0,0,0,,2,66.67,0,0,0,4,3,0,0,1,90,0,,0,0,0,1,0.0,0,0,0,0,5,0,0,6.2,0,0,0,0,0,0,0,0,0.0,0.0,0,0,0,0,0,0,0.0,0,1,1,100.0,0,3,0,0,3,42.86,4,11,36,47,6.2,0,0,56,1,0,0,Enes Zengin,Karlsruher SC,1387919,2553,DF
0,0,0.0,5,0,0.0,10,9,19,65.52,0,0.0,0,3,0,0,0,0,4,0,0,0,0,0,2,0,0,2,1,8,0,0,,,3,0,0.0,0,0,0,0,0,0,0,0,,8,50.0,0,0,0,10,0,0,0,1,91,0,,0,0,0,1,0.0,0,0,0,0,19,0,0,6.2,0,0,0,0,0,0,0,0,0.0,0.0,0,0,0,0,0,1,33.33,0,3,1,33.33,0,3,3,1,8,50.0,3,19,11,29,12.4,0,0,47,4,0,0,Jason Ceka,1. FC Magdeburg,877798,2591,FW
3,0,0.0,4,4,44.44,11,27,38,79.17,1,50.0,1,3,0,0,0,0,5,0,0,0,0,5,2,0,0,0,1,3,0,0,,,1,0,0.0,0,0,0,6,5,1,0,0,,2,50.0,0,0,0,10,2,0,0,1,95,0,,0,0,0,0,0.0,0,0,0,0,10,0,0,6.15,0,0,0,0,0,0,0,0,0.0,0.0,0,0,0,0,0,0,0.0,0,1,1,100.0,0,4,0,0,3,50.0,9,18,30,48,12.3,0,0,64,1,1,0,Alexander Bittroff,SSV Jahn Regensburg,26810,2567,DF
0,0,0.0,0,0,0.0,0,0,0,0.0,0,0.0,0,2,0,0,0,0,0,0,1,0,0,0,1,0,0,0,0,1,0,0,,,1,0,0.0,0,0,0,1,1,0,0,0,,0,0.0,0,0,0,1,0,0,0,0,12,0,,0,0,0,0,0.0,0,0,0,0,1,0,0,6.1,0,0,0,0,0,0,0,0,0.0,0.0,0,1,0,0,1,0,0.0,0,0,0,0.0,0,0,0,0,0,0.0,0,1,0,1,6.1,1,0,2,0,0,0,Deniz-Fabian Bindemann,Fortuna Düsseldorf,1111038,2588,MF
0,0,0.0,0,1,8.33,1,11,12,52.17,0,0.0,0,1,0,0,0,0,4,0,0,0,0,1,1,0,0,0,0,0,0,0,,,0,0,0.0,4,0,0,1,1,0,0,0,,0,0.0,0,0,0,11,0,0,0,1,45,0,,0,0,0,0,0.0,0,0,0,0,11,0,1,6.0,0,0,0,0,0,0,0,0,0.0,0.0,0,0,0,0,0,0,0.0,0,0,0,0.0,0,0,0,0,0,0.0,12,8,15,23,6.0,0,0,24,0,1,0,Nils-Jonathan Körber,SpVgg Greuther Fürth,326547,2551,GK
0,0,0.0,4,0,0.0,11,9,20,74.07,0,0.0,0,5,0,0,0,0,7,0,0,2,0,0,4,0,0,4,2,10,0,0,,,2,0,0.0,0,0,0,2,1,1,0,0,,4,28.57,0,0,0,7,1,0,0,1,78,0,,0,0,0,1,0.0,0,0,0,0,19,0,0,6.0,0,0,0,0,0,0,0,0,0.0,0.0,0,0,2,0,0,2,50.0,0,1,0,0.0,0,1,4,2,4,28.57,1,20,9,27,24.0,2,0,52,1,1,0,Laurin Ulrich,SSV Ulm 1846,1152486,2580,MF
0,0,0.0,1,0,0.0,2,1,3,100.0,0,0.0,0,1,0,0,0,0,1,0,0,0,0,0,1,0,1,0,0,1,0,0,,,1,0,0.0,0,0,0,0,0,0,0,0,,1,50.0,0,0,0,0,0,0,0,0,8,0,,0,0,0,0,0.0,0,0,0,0,0,0,0,5.6,1,0,0,0,0,0,0,0,0.0,0.0,0,0,0,0,0,0,0.0,0,1,0,0.0,0,0,0,0,1,50.0,0,2,1,3,5.6,0,0,4,0,0,0,Othmane El Idrissi,Darmstadt 98,1894261,2576,FW
0,0,0.0,0,0,0.0,0,0,0,0.0,0,0.0,0,1,0,0,0,0,0,0,0,0,0,0,0,0,0,0,0,0,0,0,,,0,0,0.0,0,0,0,0,0,0,0,0,,1,100.0,0,0,0,0,0,0,0,0,1,0,,0,0,0,0,0.0,0,0,0,0,0,0,0,0.0,0,0,0,0,0,0,0,0,0.0,0.0,0,0,0,0,0,0,0.0,0,1,0,0.0,0,0,0,0,1,100.0,0,0,0,0,0.0,0,0,1,0,0,0,Eric Porstner,1. FC Nürnberg,2078829,2523,MF
1,0,0.0,1,1,100.0,1,0,1,100.0,0,0.0,0,1,0,0,0,0,0,0,0,0,0,0,0,0,0,0,0,0,0,0,,,0,0,0.0,0,0,0,0,0,0,0,0,,0,0.0,0,0,0,0,0,0,0,0,1,0,,0,0,0,0,0.0,0,0,0,0,0,0,0,0.0,0,0,0,0,0,0,0,0,0.0,0.0,0,0,0,0,0,0,0.0,0,0,0,0.0,0,1,0,0,0,0.0,1,1,0,1,0.0,0,0,1,0,0,0,Joel Agyekum,Hamburger SV,1409359,2676,DF
0,0,0.0,3,0,0.0,4,0,4,100.0,0,0.0,0,1,0,0,0,0,0,1,0,0,0,0,0,0,0,0,0,0,0,0,,,0,0,0.0,0,0,0,0,0,0,0,0,,1,100.0,0,0,0,0,0,1,0,0,1,0,,0,0,0,0,0.0,0,0,0,0,0,0,0,0.0,0,0,0,0,0,0,0,0,0.0,0.0,0,0,0,0,0,1,100.0,0,0,0,0.0,1,0,1,0,1,100.0,0,4,0,4,0.0,0,0,5,0,0,0,Sima Suso,Fortuna Düsseldorf,1540234,2588,
0,0,0.0,0,0,0.0,1,0,1,100.0,0,0.0,0,1,0,0,0,0,0,0,0,0,0,0,0,0,0,0,0,0,0,0,,,0,0,0.0,0,0,0,0,0,0,0,0,,0,0.0,0,0,0,0,0,0,0,0,2,0,,0,0,0,0,0.0,0,0,0,0,0,0,0,0.0,0,0,0,0,0,0,0,0,0.0,0.0,0,0,0,0,0,0,0.0,0,0,0,0.0,0,0,0,0,0,0.0,0,1,0,1,0.0,0,0,1,0,0,0,Tarek Chahed,1. FC Magdeburg,777093,2591,MF
0,0,0.0,0,0,0.0,0,0,0,0.0,0,0.0,0,1,0,0,0,0,0,0,0,0,0,0,0,0,0,0,0,0,0,0,,,0,0,0.0,0,0,0,0,0,0,0,0,,0,0.0,0,0,0,0,1,0,0,0,1,0,,0,0,0,0,0.0,0,0,0,0,0,0,0,0.0,0,0,0,0,0,0,0,0,0.0,0.0,0,0,0,0,0,0,0.0,0,0,0,0.0,0,0,0,0,0,0.0,0,0,0,0,0.0,0,0,1,0,0,0,Frederik Jäkel,SV 07 Elversberg,987479,2598,DF
0,0,0.0,0,0,0.0,0,0,0,0.0,1,100.0,0,1,0,0,0,0,0,0,0,0,0,1,0,0,0,0,0,0,0,0,,,0,0,0.0,0,0,0,0,0,0,0,0,,0,0.0,0,0,0,0,0,0,0,0,1,0,,0,0,0,0,0.0,0,0,0,0,0,0,0,0.0,0,0,0,0,0,0,0,0,0.0,0.0,0,0,0,0,0,0,0.0,0,0,0,0.0,0,0,0,0,1,100.0,0,0,0,0,0.0,0,0,1,0,0,0,Christoph Zimmermann,Darmstadt 98,142568,2576,DF
0,0,0.0,0,0,0.0,0,0,0,0.0,0,0.0,0,1,0,0,0,0,0,0,0,0,0,0,0,0,0,0,0,1,0,0,,,1,0,0.0,0,0,0,0,0,0,0,0,,0,0.0,0,0,0,0,0,0,0,0,1,0,,0,0,0,0,0.0,0,0,0,0,0,0,0,0.0,0,0,0,0,0,0,0,0,0.0,0.0,0,0,0,0,0,0,0.0,0,0,0,0.0,0,0,0,0,0,0.0,0,0,0,0,0.0,0,0,0,0,0,0,Noah Rupp,Karlsruher SC,1133254,2553,MF
0,0,0.0,0,0,0.0,0,0,0,0.0,0,0.0,0,1,0,0,0,0,0,0,0,0,0,0,0,0,0,0,0,0,0,0,,,0,0,0.0,0,0,0,0,0,0,0,0,,0,0.0,0,0,0,0,0,0,0,0,1,0,,0,0,0,0,0.0,0,0,0,0,0,0,0,0.0,0,0,0,0,0,0,0,0,0.0,0.0,0,0,0,0,0,0,0.0,0,0,0,0.0,0,0,0,0,0,0.0,0,0,0,0,0.0,0,0,0,0,0,0,Malik Talabidi,FC Schalke 04,997011,2530,DF
0,0,0.0,0,0,0.0,0,0,0,0.0,0,0.0,0,1,0,0,0,0,0,0,0,0,0,0,0,0,0,1,0,1,0,0,,,0,0,0.0,0,0,0,0,0,0,0,0,,0,0.0,0,0,0,0,0,0,0,0,1,0,,0,0,0,0,0.0,0,0,0,0,1,0,0,0.0,0,0,0,0,0,0,0,0,0.0,0.0,0,0,0,0,0,0,0.0,0,0,0,0.0,0,0,0,0,0,0.0,0,0,0,0,0.0,0,0,1,0,0,0,Oliver Issa Schmitt,1. FC Köln,991063,2671,FW
0,0,0.0,0,0,0.0,0,1,1,33.33,0,0.0,0,1,0,0,0,0,1,0,0,0,0,0,0,0,0,0,0,0,0,0,,,0,0,0.0,0,0,0,0,0,0,0,0,,0,0.0,0,0,0,2,0,0,0,0,1,0,,0,0,0,0,0.0,0,0,0,0,3,0,0,0.0,0,0,0,0,0,0,0,0,0.0,0.0,0,0,0,0,0,0,0.0,0,0,0,0.0,0,1,0,0,0,0.0,0,1,2,3,0.0,0,0,4,0,0,0,Benedikt Bauer,Karlsruher SC,1131535,2553,MF
0,0,0.0,0,0,0.0,0,0,0,0.0,0,0.0,0,1,0,0,0,0,0,0,0,0,0,0,0,0,0,0,0,0,0,0,,,0,0,0.0,0,0,0,0,0,0,0,0,,0,0.0,0,0,0,0,0,0,0,0,1,0,,0,0,0,0,0.0,0,0,0,0,0,0,0,0.0,0,0,0,0,0,0,0,0,0.0,0.0,0,0,0,0,0,0,0.0,0,0,0,0.0,0,0,0,0,0,0.0,0,0,0,0,0.0,0,0,0,0,0,0,Levin Chiumento,1. FC Nürnberg,2147272,2523,FW
0,0,0.0,0,0,0.0,0,0,0,0.0,0,0.0,0,1,0,0,0,0,0,0,0,0,0,0,0,0,0,0,0,0,0,0,,,0,0,0.0,0,0,0,0,0,0,0,0,,0,0.0,0,0,0,0,1,0,0,0,1,0,,0,0,0,0,0.0,0,0,0,0,0,0,0,0.0,0,0,0,0,0,0,0,0,0.0,0.0,0,0,0,0,0,0,0.0,0,0,0,0.0,0,0,0,0,0,0.0,0,0,0,0,0.0,0,0,1,0,0,0,Meiko Sponsel,1. FC Köln,1091644,2671,DF
0,0,0.0,0,0,0.0,0,0,0,0.0,1,50.0,1,1,0,0,0,0,0,0,0,0,0,0,0,0,0,0,0,1,0,0,,,0,0,0.0,0,0,0,0,0,0,0,0,,0,0.0,0,0,0,1,0,0,0,0,1,0,,0,0,0,0,0.0,0,0,0,0,2,0,0,0.0,0,0,0,0,0,0,0,0,0.0,0.0,0,0,0,0,0,0,0.0,0,0,0,0.0,0,1,0,0,1,50.0,0,1,0,1,0.0,0,0,3,0,0,0,Kevin Krumme,SC Paderborn 07,1531442,2561,DF
0,0,0.0,0,0,0.0,0,0,0,0.0,0,0.0,0,1,0,0,0,0,1,0,0,0,0,0,0,0,0,0,0,0,0,0,,,0,0,0.0,0,0,0,0,0,0,0,0,,0,0.0,0,0,0,0,0,0,0,0,1,0,,0,0,0,0,0.0,0,0,0,0,1,0,0,0.0,0,0,0,0,0,0,0,0,0.0,0.0,0,0,0,0,0,0,0.0,0,0,0,0.0,0,0,0,0,0,0.0,0,0,0,0,0.0,0,0,2,0,0,0,Mikail Özkan,1. FC Köln,1146263,2671,DF
0,0,0.0,2,0,0.0,3,2,5,100.0,0,0.0,1,2,0,0,0,0,1,0,0,0,0,0,0,0,0,0,0,1,0,0,,,0,0,0.0,0,0,0,0,0,0,0,0,,1,100.0,0,0,0,0,0,0,0,0,2,0,,0,0,0,0,0.0,0,0,0,0,0,0,0,0.0,0,0,0,0,0,0,0,0,0.0,0.0,0,0,0,0,0,0,0.0,0,1,0,0.0,0,0,0,0,1,50.0,0,3,2,5,0.0,0,0,6,0,0,0,Hamza Anhari,Fortuna Düsseldorf,1213238,2588,MF
0,0,0.0,0,0,0.0,0,0,0,0.0,0,0.0,0,2,0,0,0,0,0,0,1,2,0,0,0,0,0,0,0,0,0,0,,,0,0,0.0,0,0,0,0,0,0,0,0,,0,0.0,0,0,0,0,0,0,0,0,2,0,,0,0,0,0,0.0,0,0,0,0,1,0,0,0.0,0,0,0,0,0,0,0,0,0.0,0.0,0,2,0,0,0,0,0.0,0,0,0,0.0,0,0,0,1,0,0.0,0,1,0,0,0.0,2,0,4,0,0,0,Gustav Christensen,Hertha BSC,1083364,2528,MF
0,0,0.0,0,0,0.0,1,3,4,66.67,0,0.0,0,2,0,0,0,0,0,0,0,0,0,1,0,0,0,0,0,0,0,0,,,0,0,0.0,0,0,0,0,0,0,0,0,,1,100.0,0,0,0,2,0,0,0,0,3,0,,0,0,0,0,0.0,0,0,0,0,2,0,0,0.0,0,0,0,0,0,0,0,0,0.0,0.0,0,0,0,0,0,0,0.0,0,1,1,100.0,0,0,0,0,1,100.0,0,2,4,6,0.0,0,0,9,0,0,0,Meiko Wäschenbach,Karlsruher SC,1146247,2553,MF
0,0,0.0,0,0,0.0,0,0,0,0.0,0,0.0,0,2,0,0,0,0,0,0,0,0,0,0,0,0,0,0,0,0,0,0,,,0,0,0.0,0,0,0,0,0,0,0,0,,0,0.0,0,0,0,0,0,0,0,0,2,0,,0,0,0,0,0.0,0,0,0,0,0,0,0,0.0,0,0,0,0,0,0,0,0,0.0,0.0,0,0,0,0,0,0,0.0,0,0,0,0.0,0,0,0,0,0,0.0,0,0,0,0,0.0,0,0,0,0,0,0,Jan Boller,Fortuna Düsseldorf,1116211,2588,DF
0,0,0.0,0,0,0.0,0,0,0,0.0,1,100.0,0,2,0,0,0,0,0,0,0,0,0,0,0,0,0,0,0,0,0,0,,,0,0,0.0,0,0,0,0,0,0,0,0,,0,0.0,0,0,0,3,0,0,0,0,2,1,,0,0,0,0,0.0,0,0,0,0,3,0,0,0.0,0,0,0,0,0,0,0,0,0.0,0.0,0,0,0,0,0,0,0.0,0,0,0,0.0,0,1,0,0,1,100.0,0,3,0,3,0.0,0,0,3,0,0,0,Dominik Salz,Karlsruher SC,78481,2553,FW
