accurateChippedPasses,accurateCrosses,accurateCrossesPercentage,accurateFinalThirdPasses,accurateLongBalls,accurateLongBallsPercentage,accurateOppositionHalfPasses,accurateOwnHalfPasses,accuratePasses,accuratePassesPercentage,aerialDuelsWon,aerialDuelsWonPercentage,aerialLost,appearances,assists,attemptPenaltyMiss,attemptPenaltyPost,attemptPenaltyTarget,ballRecovery,bigChancesCreated,bigChancesMissed,blockedShots,cleanSheet,clearances,countRating,crossesNotClaimed,directRedCards,dispossessed,dribbledPast,duelLost,errorLeadToGoal,errorLeadToShot,expectedAssists,expectedGoals,fouls,freeKickGoal,goalConversionPercentage,goalKicks,goals,goalsAssistsSum,goalsConceded,goalsConcededInsideTheBox,goalsConcededOutsideTheBox,goalsFromInsideTheBox,goalsFromOutsideTheBox,goalsPrevented,groundDuelsWon,groundDuelsWonPercentage,headedGoals,highClaims,hitWoodwork,inaccuratePasses,interceptions,keyPasses,leftFootGoals,matchesStarted,minutesPlayed,offsides,outfielderBlocks,ownGoals,passToAssist,penaltiesTaken,penaltyConceded,penaltyConversion,penaltyFaced,penaltyGoals,penaltySave,penaltyWon,possessionLost,possessionWonAttThird,punches,rating,redCards,rightFootGoals,runsOut,savedShotsFromInsideTheBox,savedShotsFromOutsideTheBox,saves,savesCaught,savesParried,scoringFrequency,setPieceConversion,shotFromSetPiece,shotsFromInsideTheBox,shotsFromOutsideTheBox,shotsOffTarget,shotsOnTarget,successfulDribbles,successfulDribblesPercentage,successfulRunsOut,tackles,tacklesWon,tacklesWonPercentage,totalAttemptAssist,totalChippedPasses,totalContest,totalCross,totalDuelsWon,totalDuelsWonPercentage,totalLongBalls,totalOppositionHalfPasses,totalOwnHalfPasses,totalPasses,totalRating,totalShots,totwAppearances,touches,wasFouled,yellowCards,yellowRedCards,player,team,player id,team id,Pos
119,96,38.4,534,139,56.73,1112,642,1658,85.11,26,50.98,25,34,9,0,0,1,214,18,3,23,12,52,34,0,0,35,29,131,0,0,,,37,2,10.45,0,7,16,30,24,6,4,3,,221,67.58,1,0,3,290,20,83,0,32,2865,0,,0,3,4,0,75.0,0,3,0,0,525,29,0,7.89,0,6,0,0,0,0,0,0,409.29,7.14,28,16,51,24,20,31,77.5,0,60,37,61.67,80,202,40,250,247,65.34,245,1508,690,1948,268.2,67,14,2741,132,6,0,Salvatore Esposito,Spezia,931267,2735,MF
64,36,34.29,345,72,54.55,628,233,825,77.54,8,29.63,19,29,13,0,0,0,96,16,2,26,4,22,29,0,0,33,25,144,0,1,,,44,0,7.89,0,6,19,24,22,2,6,0,,104,45.41,0,0,1,239,20,73,5,25,2262,12,,0,3,1,0,100.0,0,1,0,1,428,11,0,7.59,0,1,0,0,0,0,0,0,377.0,0.0,11,32,44,27,23,19,43.18,0,34,24,70.59,70,127,44,105,112,43.75,132,893,276,1064,220.0,76,10,1614,51,4,0,Domenico Berardi,Sassuolo,253367,2793,MF
1,0,0.0,2,5,50.0,3,14,17,77.27,1,100.0,0,1,0,0,0,0,7,0,0,0,1,1,1,0,0,0,0,0,0,0,,,0,0,0.0,6,0,0,0,0,0,0,0,,1,100.0,0,3,0,5,0,0,0,1,90,0,,0,0,0,0,0.0,0,0,0,0,5,0,1,7.5,0,0,0,2,0,2,0,0,0.0,0.0,0,0,0,0,0,0,0.0,0,0,0,0.0,0,1,0,0,2,100.0,10,7,15,22,7.5,0,0,34,1,0,0,Lorenzo Andrenacci,Brescia,782636,2691,GK
3,0,0.0,5,38,27.14,23,117,140,57.85,5,100.0,0,9,0,0,0,0,67,0,0,0,1,13,9,0,0,0,1,1,0,1,,,0,0,0.0,48,0,0,8,7,1,0,0,,0,0.0,0,12,0,102,0,0,0,9,720,0,,0,0,0,0,0.0,0,0,0,0,105,0,5,7.49,0,0,2,28,12,40,0,12,0.0,0.0,0,0,0,0,0,0,0.0,2,0,0,0.0,0,9,0,0,5,83.33,140,84,158,242,67.4,0,3,345,0,0,0,Simone Ghidotti,Sampdoria,865538,2711,GK
112,69,27.6,449,104,63.03,778,337,1046,79.06,13,30.23,30,35,10,0,0,0,168,18,3,13,2,9,35,0,1,65,24,198,0,0,,,40,0,14.06,0,9,19,46,38,8,7,2,,119,41.46,0,0,4,277,10,89,8,34,2957,6,,0,2,5,0,100.0,0,5,0,2,658,26,0,7.43,1,1,0,0,0,0,0,0,328.56,0.0,6,33,31,24,27,29,39.73,0,40,18,45.0,87,193,73,250,132,40.0,165,1200,373,1323,260.2,64,7,2072,51,11,0,Antonio Palumbo,Modena,587708,2706,MF
0,0,0.0,0,1,33.33,0,18,18,90.0,0,0.0,0,1,0,0,0,0,15,0,0,0,0,0,1,0,0,0,0,0,0,0,,,0,0,0.0,4,0,0,1,1,0,0,0,,0,0.0,0,2,0,2,0,0,0,1,90,0,,0,0,0,0,0.0,1,0,0,0,2,0,0,7.4,0,0,0,1,3,4,0,0,0.0,0.0,0,0,0,0,0,0,0.0,0,0,0,0.0,0,0,0,0,0,0.0,3,0,20,20,7.4,0,0,38,0,0,0,Alessandro Russo,Sassuolo,918862,2793,GK
86,0,0.0,21,206,47.91,84,526,610,72.62,6,85.71,1,24,0,0,0,0,182,0,0,0,12,14,24,0,0,1,1,3,2,0,,,0,0,0.0,135,0,0,25,24,1,0,0,,4,66.67,0,24,0,230,0,4,0,24,2093,0,,0,0,0,0,0.0,6,0,1,0,234,0,1,7.37,0,0,11,49,33,83,0,18,0.0,0.0,0,0,0,0,0,1,100.0,10,0,0,0.0,4,110,1,0,10,76.92,430,238,602,840,176.9,0,3,1057,4,0,0,Marco Bleve,Carrarese,307036,2745,GK
10,0,0.0,18,38,47.5,68,283,351,77.48,93,76.86,28,14,0,0,0,0,21,0,0,2,4,105,14,0,0,1,8,56,1,1,,,22,0,12.5,25,2,2,13,13,0,2,0,,30,51.72,1,0,0,102,27,1,0,12,1073,0,,0,0,0,0,0.0,0,0,0,0,111,0,0,7.36,0,1,0,0,0,0,0,0,536.5,0.0,0,15,1,7,7,0,0.0,0,26,15,57.69,1,18,0,2,123,68.72,80,138,317,453,103.1,16,2,682,4,1,0,Lorenco Šimić,Bari,791203,2712,DF
44,3,10.0,354,69,69.7,556,210,763,81.6,30,60.0,20,27,2,0,0,0,118,6,6,19,1,19,27,0,0,43,17,145,0,1,,,35,0,12.16,0,9,11,22,21,1,8,1,,125,50.0,2,0,2,172,8,32,6,23,1867,1,,0,1,1,1,100.0,0,1,0,0,324,21,0,7.36,0,1,0,0,0,0,0,0,207.44,0.0,2,43,31,34,21,28,43.08,0,31,24,77.42,31,86,65,30,155,51.67,99,724,241,935,198.8,74,6,1398,66,5,0,Franco Vázquez,Cremonese,215246,2761,FW
18,3,30.0,303,12,52.17,425,72,494,68.9,151,53.36,132,35,2,0,1,0,54,6,19,25,3,25,35,0,0,38,10,237,0,0,,,49,0,14.53,0,17,19,27,23,4,16,1,,94,47.24,7,0,10,223,1,47,3,33,2781,6,,0,0,2,0,50.0,0,1,0,0,399,23,0,7.35,0,7,0,0,0,0,0,0,163.59,0.0,2,90,27,54,38,11,37.93,0,13,7,53.85,47,43,29,10,245,50.83,23,639,88,717,257.1,117,5,1223,71,7,0,Pio Esposito,Spezia,1156616,2735,
79,49,33.79,285,117,60.94,652,525,1128,85.71,44,68.75,20,32,1,0,0,0,141,7,0,10,6,79,32,0,0,13,33,101,0,1,,,31,2,9.76,0,4,5,36,31,5,0,4,,97,54.49,0,0,1,188,40,49,0,31,2704,0,,0,1,0,2,0.0,0,0,0,0,326,8,0,7.32,0,4,0,0,0,0,0,0,676.0,20.0,10,4,37,15,16,5,45.45,0,50,38,76.0,48,128,11,145,141,58.26,192,884,577,1316,234.3,41,4,1878,50,8,0,Matthias Verreth,Brescia,794992,2691,MF
7,1,33.33,57,5,50.0,88,52,139,64.95,34,47.89,37,14,3,0,0,1,26,1,4,7,2,11,14,0,0,10,2,61,0,0,,,9,0,23.08,0,9,12,17,14,3,9,0,,11,31.43,3,0,1,75,2,14,1,14,1208,4,,0,0,3,0,66.67,0,2,0,0,117,6,0,7.3,0,5,0,0,0,0,0,0,134.22,0.0,0,36,3,14,18,2,28.57,0,4,2,50.0,14,14,7,3,45,42.45,10,153,64,214,102.2,39,3,359,5,0,0,Joel Pohjanpalo,Palermo,137155,2715,FW
25,9,16.36,312,16,61.54,455,101,547,80.32,13,36.11,23,33,5,1,0,0,67,6,4,16,3,8,33,0,0,49,8,160,0,0,,,34,1,22.22,0,18,23,22,20,2,14,4,,89,39.38,0,0,1,134,13,38,8,29,2383,11,,0,1,3,0,66.67,0,2,0,1,354,10,0,7.3,0,10,0,0,0,0,0,0,132.39,20.0,5,55,26,22,43,31,38.75,0,21,9,42.86,37,45,80,55,102,38.93,26,618,118,681,240.8,81,7,1182,37,8,0,Armand Laurienté,Sassuolo,932643,2793,MF
31,0,0.0,289,21,42.86,538,261,799,80.22,57,56.44,44,22,4,0,0,0,84,3,6,13,5,21,22,0,0,27,11,133,0,1,,,38,0,14.89,0,7,11,22,19,3,5,2,,79,47.02,1,0,0,197,22,32,5,22,1925,1,,0,1,1,0,100.0,0,1,0,0,299,8,0,7.29,0,1,0,0,0,0,0,0,275.0,0.0,0,30,17,14,20,22,59.46,0,29,12,41.38,31,61,37,16,136,50.56,49,708,304,996,160.4,47,3,1361,28,5,0,Kristian Thorstvedt,Sassuolo,924973,2793,MF
35,0,0.0,111,92,45.77,406,753,1159,82.32,145,68.4,67,34,1,0,0,0,93,2,5,3,13,193,34,0,0,4,5,104,0,1,,,29,0,13.33,26,2,3,31,25,6,2,0,,113,75.33,2,0,1,249,21,8,0,34,3060,4,,0,0,0,0,0.0,0,0,0,0,274,0,0,7.26,0,0,0,0,0,0,0,0,1530.0,0.0,0,15,0,6,6,4,100.0,0,59,47,79.66,8,69,4,2,258,71.27,201,585,825,1408,246.9,15,4,1882,52,7,0,Petko Hristov,Spezia,832076,2735,DF
20,0,0.0,101,30,83.33,254,251,505,90.99,23,69.7,10,12,1,0,0,0,57,1,0,2,2,28,12,0,0,6,5,33,0,1,,,14,0,42.86,0,3,4,13,11,2,2,1,,40,63.49,1,0,0,50,11,13,2,12,1014,0,,0,0,1,0,100.0,0,1,0,0,78,0,0,7.26,0,0,0,0,0,0,0,0,338.0,0.0,0,5,2,1,4,3,75.0,0,23,14,60.87,13,27,4,3,63,65.63,36,283,275,555,87.1,7,2,714,14,3,0,Emil Bohinen,Frosinone,824584,2801,MF
56,7,16.67,310,68,57.14,780,663,1436,87.03,25,56.82,19,36,1,0,0,0,179,4,0,19,6,44,36,0,0,19,40,139,0,1,,,51,0,7.5,0,3,4,40,35,5,2,1,,235,66.2,1,0,0,214,48,29,1,36,3028,0,,0,0,0,0,0.0,0,0,0,0,332,14,0,7.24,0,1,0,0,0,0,0,0,1009.33,0.0,1,13,27,14,7,16,53.33,0,112,65,58.04,29,118,30,42,260,65.16,119,975,717,1650,260.5,40,4,2245,109,5,0,Lorenzo Amatucci,US Salernitana 1919,1100207,2710,MF
22,14,20.0,164,19,59.38,297,98,381,74.41,18,48.65,19,25,3,0,0,0,77,8,9,21,1,12,25,0,0,40,17,120,0,1,,,17,0,20.31,0,13,16,19,18,1,12,1,,69,40.59,1,0,2,131,9,29,6,23,1923,1,,0,1,1,0,100.0,0,1,0,0,317,16,0,7.22,0,6,0,0,0,0,0,0,147.92,0.0,1,47,17,20,23,35,53.85,0,21,16,76.19,28,39,65,70,87,42.03,32,457,125,512,180.6,64,4,969,13,0,0,Matteo Tramoni,Pisa,887275,2737,MF
48,53,32.72,306,51,52.04,543,230,720,79.73,7,25.93,20,35,13,0,0,0,82,19,7,14,0,19,34,0,0,10,15,104,0,0,,,37,0,8.89,0,4,17,22,19,3,2,2,,69,45.1,0,0,4,183,9,80,1,26,2020,4,,0,0,0,0,0.0,0,0,0,0,374,18,0,7.22,0,3,0,0,0,0,0,0,505.0,0.0,5,23,22,19,12,17,42.5,0,29,18,62.07,80,97,40,162,76,42.22,98,796,269,903,245.5,45,5,1364,24,4,0,Jari Vandeputte,Cremonese,318645,2761,MF
6,7,24.14,129,14,77.78,191,83,267,80.91,2,20.0,8,18,6,0,0,0,31,5,1,9,0,3,18,0,1,13,8,61,0,0,,,12,0,16.0,0,4,10,10,9,1,3,1,,54,50.47,0,0,0,63,3,23,4,9,728,0,,0,0,0,0,0.0,0,0,0,0,149,7,0,7.22,1,0,0,0,0,0,0,0,182.0,0.0,0,12,13,8,8,21,50.0,0,18,12,66.67,23,13,42,29,56,47.86,18,264,95,330,129.9,25,2,535,15,4,0,Cristian Volpato,Sassuolo,1155625,2793,MF
25,0,0.0,21,35,58.33,104,230,334,84.34,32,61.54,20,11,0,0,0,0,20,0,2,1,3,37,9,0,0,0,0,28,0,0,,,8,0,0.0,9,0,0,10,8,2,0,0,,21,72.41,0,0,1,62,11,1,0,10,743,0,,0,0,0,0,0.0,0,0,0,0,65,0,0,7.21,0,0,0,0,0,0,0,0,0.0,0.0,0,7,0,3,3,1,100.0,0,19,13,68.42,1,38,1,0,53,65.43,60,143,253,396,64.9,7,2,502,1,2,0,Simone Romagnoli,Sampdoria,111487,2711,DF
17,0,0.0,28,178,43.1,111,460,571,70.41,6,85.71,1,37,0,0,0,0,316,0,0,0,12,17,37,0,0,0,0,2,3,1,,,1,0,0.0,238,0,0,37,32,5,0,0,,10,90.91,0,33,0,240,0,0,0,37,3312,0,,0,0,0,1,0.0,6,0,0,0,243,0,9,7.21,0,0,5,80,48,131,0,20,0.0,0.0,0,0,0,0,0,0,0.0,4,3,1,33.33,0,28,0,0,16,88.89,413,295,516,811,266.7,0,2,1208,8,5,0,Boris Radunović,Bari,795926,2712,GK
37,3,50.0,245,32,66.67,434,284,715,78.66,32,50.79,31,35,1,1,1,0,54,5,7,15,7,31,35,0,0,27,8,100,0,1,,,18,0,18.6,0,16,17,36,33,3,14,2,,38,35.51,5,0,1,194,4,35,1,35,3040,9,,0,0,4,0,50.0,0,2,0,1,305,11,0,7.19,0,10,0,0,0,0,0,0,190.0,0.0,7,52,34,30,41,12,42.86,0,11,9,81.82,35,68,28,6,70,41.18,48,594,321,909,251.7,86,3,1235,15,6,0,Pietro Iemmello,Catanzaro,137665,2796,FW
15,6,14.63,160,13,33.33,292,121,407,58.82,132,52.8,118,34,6,0,0,0,97,9,5,25,1,59,34,0,0,15,10,214,1,2,,,56,0,10.77,0,7,13,26,23,3,7,0,,95,49.74,2,0,2,285,14,38,2,31,2662,4,,0,0,0,1,0.0,0,0,0,1,434,15,0,7.19,0,3,0,0,0,0,0,0,380.29,0.0,0,56,9,21,19,25,50.0,0,27,19,70.37,38,33,50,41,227,51.47,39,564,169,692,244.3,65,4,1179,44,2,0,Stefano Moreo,Pisa,346948,2737,MF
30,13,30.23,297,41,47.67,552,377,916,86.09,38,67.86,18,30,2,0,0,0,128,6,2,11,3,50,30,0,0,18,8,96,0,0,,,36,0,16.28,0,7,9,28,24,4,5,2,,86,52.44,0,0,0,148,22,30,0,26,2292,1,,0,1,0,0,0.0,0,0,0,0,258,11,0,7.18,0,7,0,0,0,0,0,0,327.43,0.0,0,22,21,17,15,25,59.52,0,40,29,72.5,29,58,42,43,124,56.36,86,691,416,1064,215.5,43,1,1480,22,7,0,Michele Collocolo,Cremonese,839925,2761,MF
170,0,0.0,54,302,49.27,169,1086,1255,79.03,10,100.0,0,38,0,0,0,0,302,1,0,0,13,34,38,1,0,0,1,1,1,2,,,0,0,0.0,130,0,0,45,42,3,0,0,,7,87.5,0,35,0,333,0,1,0,38,3420,0,,0,0,0,0,0.0,5,0,0,0,342,0,11,7.17,0,0,16,67,40,109,0,23,0.0,0.0,0,0,0,0,0,0,0.0,15,1,0,0.0,1,245,0,0,17,94.44,613,387,1201,1588,272.6,0,1,1904,10,2,0,Mirko Pigliacelli,Catanzaro,173351,2796,GK
8,0,0.0,11,53,35.57,39,86,125,56.56,2,100.0,0,10,0,0,0,0,72,0,0,0,3,10,10,0,0,1,1,2,1,0,,,0,0,0.0,73,0,0,14,13,1,0,0,,1,33.33,0,8,0,96,0,0,0,9,855,0,,0,0,0,0,0.0,3,0,0,0,98,0,4,7.17,0,0,4,19,20,39,0,16,0.0,0.0,0,0,0,0,0,0,0.0,3,0,0,0.0,0,13,0,0,3,60.0,149,113,108,221,71.7,0,0,328,2,1,0,Luca Maniero,Cittadella,256959,2717,GK
29,0,0.0,95,70,39.55,411,740,1151,84.88,74,64.91,40,28,2,0,0,0,72,2,2,2,9,163,26,0,0,1,8,68,0,1,,,19,0,10.0,23,1,3,22,20,2,1,0,,49,63.64,1,0,0,205,32,6,0,22,2085,0,,0,0,0,0,0.0,0,0,0,0,223,0,0,7.17,0,0,0,0,0,0,0,0,2085.0,0.0,0,6,4,4,4,5,62.5,0,21,14,66.67,6,83,8,2,123,64.4,177,572,786,1356,186.4,10,2,1683,24,3,0,Tarik Muharemović,Sassuolo,1118177,2793,DF
48,2,5.56,255,73,36.68,716,1104,1818,85.71,118,67.43,57,36,5,0,0,0,138,5,2,7,10,155,36,0,0,7,15,132,0,3,,,52,0,24.24,47,8,13,45,42,3,8,0,,65,46.43,6,0,1,303,35,15,0,36,3169,2,,1,0,0,1,0.0,0,0,0,0,418,6,0,7.16,0,2,0,0,0,0,0,0,396.13,0.0,0,30,3,13,13,8,44.44,0,37,22,59.46,15,119,18,36,183,58.1,199,953,1204,2121,257.9,33,4,2796,20,4,0,Federico Bonini,Catanzaro,1020897,2796,DF
122,39,27.66,367,117,52.47,873,900,1734,88.65,17,41.46,24,27,3,0,0,0,122,5,0,14,7,32,27,0,0,16,23,110,1,0,,,50,0,3.13,1,1,4,34,26,8,1,0,,80,48.19,0,0,1,222,19,50,0,27,2333,0,,0,0,0,0,0.0,0,0,0,0,364,1,0,7.15,0,1,0,0,0,0,0,0,2333.0,0.0,15,2,30,6,12,4,66.67,0,34,20,58.82,50,223,6,141,97,46.86,223,1135,962,1956,193.1,32,1,2394,42,13,0,Salvatore Burrai,Mantova,17759,2770,MF
11,3,60.0,132,51,44.74,297,400,694,81.46,61,62.89,36,28,1,0,0,0,83,4,0,2,9,94,28,0,1,4,13,106,0,0,,,46,0,15.0,8,3,4,17,14,3,3,0,,75,51.72,3,0,0,158,46,11,0,23,2101,0,,0,0,0,0,0.0,0,0,0,0,205,1,0,7.15,1,0,0,0,0,0,0,0,700.33,0.0,0,15,5,10,8,7,43.75,0,55,35,63.64,11,32,16,5,136,56.2,114,411,446,852,200.2,20,3,1261,16,5,0,Nicolò Bertola,Spezia,1136399,2735,DF
2,0,0.0,31,2,100.0,39,7,46,93.88,0,0.0,0,2,0,0,0,0,2,0,0,1,0,0,2,0,0,0,0,2,0,0,,,1,0,0.0,0,0,0,2,2,0,0,0,,3,60.0,0,0,0,3,0,2,0,2,118,0,,0,0,0,0,0.0,0,0,0,0,16,0,0,7.15,0,0,0,0,0,0,0,0,0.0,0.0,1,2,2,1,2,2,66.67,0,0,0,0.0,2,2,3,6,3,60.0,2,46,9,49,14.3,4,0,75,1,0,0,Nedim Bajrami,Sassuolo,825861,2793,MF
21,2,33.33,422,48,62.34,991,594,1583,90.87,27,39.71,41,34,3,0,0,0,168,1,1,7,11,46,34,0,0,29,22,128,0,0,,,23,0,13.33,0,4,7,31,28,3,3,1,,109,55.61,1,0,1,159,22,25,1,32,2696,0,,0,0,0,0,0.0,0,0,0,0,241,14,0,7.14,0,2,0,0,0,0,0,0,674.0,0.0,0,10,20,10,13,28,65.12,0,57,34,59.65,25,42,43,6,136,51.52,77,1116,632,1742,242.8,30,3,2149,25,4,0,Daniel Boloca,Sassuolo,882592,2793,MF
41,32,29.36,246,53,81.54,451,212,631,86.91,5,31.25,11,27,3,0,1,0,76,6,2,9,0,1,26,0,0,24,10,80,0,1,,,19,0,3.23,0,1,4,18,17,1,1,0,,77,52.74,0,0,3,95,2,50,0,19,1546,1,,0,0,2,1,50.0,0,1,0,1,248,11,0,7.13,0,1,0,0,0,0,0,0,1546.0,0.0,3,14,17,13,9,21,56.76,0,24,19,79.17,50,55,37,109,82,50.62,65,605,230,726,185.5,31,1,1066,32,3,0,César Falletti,Bari,345899,2712,FW
6,0,0.0,38,7,58.33,66,85,151,88.3,3,27.27,8,3,0,0,0,0,15,0,0,1,0,3,3,0,0,1,2,15,0,0,,,2,0,20.0,0,1,1,5,5,0,1,0,,11,61.11,1,0,0,20,2,5,0,3,266,0,,0,0,0,0,0.0,0,0,0,0,27,0,0,7.13,0,0,0,0,0,0,0,0,266.0,0.0,0,3,2,2,2,2,50.0,0,8,5,62.5,5,9,4,0,14,48.28,12,76,95,171,21.4,5,0,217,1,1,0,Flavius Daniliuc,US Salernitana 1919,901885,2710,DF
60,13,32.5,216,74,43.79,481,648,1116,84.23,49,63.64,28,29,1,0,0,0,89,4,3,7,5,106,29,0,1,4,6,61,0,0,,,20,0,8.7,8,2,3,26,24,2,1,1,,61,64.89,1,0,1,209,21,19,1,27,2325,1,,0,0,0,0,0.0,0,0,0,2,285,6,0,7.13,1,0,0,0,0,0,0,0,1162.5,0.0,0,18,5,9,7,9,45.0,0,37,25,67.57,19,122,20,40,110,64.33,169,640,725,1325,206.8,23,4,1813,15,6,0,Pietro Ceccaroni,Palermo,373724,2715,DF
15,14,28.0,61,14,37.84,120,54,160,73.06,9,30.0,21,13,4,0,0,0,29,8,1,2,2,20,13,0,0,11,10,69,0,1,,,16,0,7.69,0,1,5,8,7,1,1,0,,49,50.52,0,0,1,59,0,18,1,10,951,1,,0,0,0,0,0.0,0,0,0,0,147,7,0,7.13,0,0,0,0,0,0,0,0,951.0,0.0,0,11,2,6,5,15,55.56,0,14,6,42.86,18,34,27,50,58,45.67,37,202,67,219,92.7,13,0,512,21,1,0,Tommaso Corazza,US Salernitana 1919,1137366,2710,MF
45,21,30.88,267,49,34.03,530,351,860,74.52,52,48.15,56,30,6,0,0,0,112,8,0,4,9,70,30,0,0,7,23,124,1,0,,,35,0,4.17,0,1,7,30,27,3,1,0,,95,58.28,0,0,2,294,28,39,0,29,2516,3,,0,0,0,1,0.0,0,0,0,0,392,12,0,7.13,0,1,0,0,0,0,0,0,2516.0,0.0,0,19,5,13,7,6,46.15,0,60,36,60.0,39,109,13,68,147,54.24,144,791,431,1154,213.9,24,3,1615,31,8,0,Dimitri Bisoli,Brescia,146613,2691,MF
21,0,0.0,6,104,39.1,53,242,295,63.99,6,85.71,1,14,0,0,0,0,123,0,0,0,3,9,14,1,0,0,0,1,1,0,,,0,0,0.0,106,0,0,20,17,3,0,0,,4,100.0,0,22,0,166,0,0,0,14,1260,0,,0,0,0,0,0.0,1,0,0,0,169,0,4,7.13,0,0,4,37,7,47,0,12,0.0,0.0,0,0,0,0,0,0,0.0,4,0,0,0.0,0,38,0,0,10,90.91,266,192,269,461,99.8,0,1,615,4,0,0,Emil Audero,Palermo,318603,2715,GK
36,2,66.67,89,69,42.59,351,774,1123,85.79,89,61.81,55,34,0,0,0,0,99,2,0,5,8,206,34,0,0,4,11,118,2,1,,,47,0,8.33,50,2,2,32,28,4,2,0,,78,55.32,2,0,4,186,46,6,0,33,2942,2,,0,0,0,0,0.0,0,0,0,0,209,0,0,7.12,0,0,0,0,0,0,0,0,1471.0,0.0,0,18,6,15,4,3,42.86,0,69,39,56.52,6,57,7,3,167,58.6,162,479,833,1309,242.2,24,3,1808,7,8,0,Antonio Caracciolo,Pisa,116666,2737,DF
91,25,30.86,407,89,53.61,792,569,1336,87.32,11,39.29,17,31,3,0,0,0,127,8,0,8,4,44,31,0,0,10,18,84,0,1,,,35,0,4.17,0,1,4,25,22,3,0,1,,84,55.63,0,0,0,194,21,46,1,26,2255,0,,0,2,0,1,0.0,0,0,0,0,284,6,0,7.12,0,0,0,0,0,0,0,0,2255.0,0.0,7,2,22,13,3,14,77.78,0,38,22,57.89,44,157,18,81,95,53.07,166,995,616,1530,220.8,24,2,1877,32,6,0,Michele Castagnetti,Cremonese,131910,2761,MF
65,66,29.07,269,81,47.37,561,295,790,77.68,32,50.79,31,35,8,0,0,0,116,15,1,16,3,55,34,0,0,28,19,158,1,1,,,48,0,2.13,0,1,9,33,27,6,0,1,,101,44.3,0,0,0,227,17,66,1,26,2336,1,,0,2,0,1,0.0,0,0,0,0,503,10,0,7.11,0,0,0,0,0,0,0,0,2336.0,0.0,9,10,37,16,15,28,44.44,0,35,24,68.57,64,137,63,227,133,45.7,171,889,355,1017,241.9,47,4,1684,38,2,0,Filippo Ranocchia,Palermo,934238,2715,MF
32,24,28.92,157,44,61.97,313,172,461,76.58,15,38.46,24,23,5,0,0,0,67,10,2,7,0,6,23,0,0,22,22,115,0,0,,,21,0,2.86,0,1,6,19,18,1,1,0,,93,50.54,0,0,0,141,7,41,0,17,1481,1,,0,0,0,0,0.0,0,0,0,0,296,6,0,7.11,0,1,0,0,0,0,0,0,1481.0,0.0,4,16,19,15,13,13,32.5,0,33,20,60.61,41,61,40,83,108,48.43,71,490,195,602,163.6,35,1,993,47,2,0,Nicolas Galazzi,Brescia,967747,2691,MF
57,24,45.28,356,89,58.17,813,797,1586,87.38,29,43.94,37,34,2,0,0,0,207,2,0,14,8,56,34,0,0,19,41,153,0,1,,,46,0,2.94,0,1,3,28,24,4,1,0,,121,51.05,0,0,0,229,35,47,1,33,2815,0,,0,0,0,0,0.0,0,0,0,0,332,15,0,7.11,0,0,0,0,0,0,0,0,2815.0,0.0,0,13,21,9,11,12,46.15,0,71,36,50.7,47,104,26,53,150,49.5,153,987,881,1815,241.7,34,2,2310,38,14,0,Ahmad Benali,Bari,187841,2712,MF
50,2,28.57,108,98,47.8,351,749,1098,82.49,135,73.37,49,35,2,0,0,0,89,3,4,5,5,190,34,0,0,4,16,110,0,1,,,40,0,5.88,7,1,3,45,38,7,1,0,,99,61.88,1,0,2,233,35,10,0,30,2750,5,,0,0,0,1,0.0,0,0,0,0,261,1,0,7.11,0,0,0,0,0,0,0,0,2750.0,0.0,0,13,4,7,5,9,69.23,0,58,39,67.24,10,106,13,7,234,68.02,205,520,818,1331,241.7,17,4,1826,40,9,0,Giovanni Zaro,Modena,347394,2706,DF
29,0,0.0,50,253,46.51,150,514,664,69.38,8,80.0,2,37,0,0,0,0,285,0,0,0,10,26,37,1,0,1,1,6,1,1,,,2,0,0.0,216,0,0,48,43,5,0,0,,7,63.64,0,32,0,293,0,0,0,37,3330,0,,0,0,0,1,0.0,9,0,1,0,301,0,8,7.11,0,0,12,70,50,120,0,23,0.0,0.0,0,0,0,0,0,0,0.0,11,0,0,0.0,0,39,0,0,15,71.43,544,384,573,957,263.0,0,0,1308,10,3,0,Luca Lezzerini,Brescia,139272,2691,GK
47,0,0.0,73,258,32.62,196,555,751,58.04,9,100.0,0,38,1,0,0,0,370,0,0,0,12,35,38,0,0,0,2,3,3,2,,,0,0,0.0,195,0,1,41,39,2,0,0,,7,70.0,0,60,0,543,2,2,0,38,3420,0,,0,0,0,0,0.0,7,0,1,0,552,0,14,7.11,0,0,14,75,32,108,1,14,0.0,0.0,0,1,0,1,0,0,0.0,14,0,0,0.0,2,93,1,0,16,84.21,791,654,640,1294,270.0,1,2,1666,8,4,0,Demba Thiam,Juve Stabia,861818,5324,GK
7,0,0.0,129,7,36.84,222,110,332,63.36,123,46.24,143,33,2,0,0,0,82,2,8,19,1,29,33,0,0,53,5,279,0,0,,,58,0,20.55,0,15,17,35,33,2,14,1,,112,45.16,6,0,2,192,5,15,1,31,2601,17,,0,0,1,0,100.0,0,1,0,0,371,18,0,7.1,0,8,0,0,0,0,0,0,173.4,0.0,1,58,15,24,30,21,46.67,0,13,3,23.08,15,14,45,16,235,45.72,19,395,145,524,234.3,73,4,1014,84,5,0,Andrea Adorante,Juve Stabia,928921,5324,FW
6,19,29.23,65,9,31.03,123,60,164,62.6,25,53.19,22,18,3,0,0,0,41,4,1,9,0,15,18,0,0,3,5,59,0,0,,,27,0,16.0,0,4,7,15,11,4,3,1,,34,47.89,1,0,0,98,9,20,2,12,989,2,,0,0,0,0,0.0,0,0,0,0,174,13,0,7.1,0,1,0,0,0,0,0,0,247.25,0.0,0,14,11,7,9,3,33.33,0,25,12,48.0,20,14,9,65,59,50.0,29,244,83,262,127.8,25,1,483,7,4,0,Niklas Pyyhtiä,Südtirol,1000018,2760,MF
0,2,33.33,11,0,0.0,15,4,17,68.0,0,0.0,0,2,0,0,0,0,1,2,0,1,0,0,2,0,0,1,0,1,0,0,,,0,0,0.0,0,0,0,1,1,0,0,0,,3,75.0,0,0,0,8,0,3,0,0,31,0,,0,0,0,0,0.0,0,0,0,0,14,0,0,7.1,0,0,0,0,0,0,0,0,0.0,0.0,0,1,1,0,1,2,100.0,0,0,0,0.0,3,0,2,6,3,75.0,1,27,4,25,14.2,2,0,42,1,0,0,Andres Șfaiț,US Salernitana 1919,1492729,2710,MF
37,67,35.45,199,33,32.35,418,221,572,76.47,37,59.68,25,36,3,0,0,0,83,9,2,11,8,73,36,0,0,13,2,75,0,0,,,21,0,7.14,0,2,5,17,14,3,1,1,,87,63.5,0,0,1,176,7,53,2,24,2294,2,,0,1,0,0,0.0,0,0,0,0,374,7,0,7.1,0,0,0,0,0,0,0,0,1147.0,0.0,5,11,17,12,5,9,36.0,0,25,10,40.0,52,83,25,189,124,62.31,102,670,267,748,255.5,28,3,1319,55,4,0,Samuele Angori,Pisa,1174457,2737,MF
48,0,0.0,120,103,54.79,318,504,822,83.71,51,65.38,27,22,1,0,0,0,61,3,1,1,6,84,22,0,2,2,5,59,1,0,,,23,0,9.09,0,1,2,22,20,2,1,0,,49,60.49,0,0,0,160,19,6,0,19,1712,0,,0,0,0,0,0.0,0,0,0,0,196,0,0,7.1,2,1,0,0,0,0,0,0,1712.0,0.0,0,8,3,7,3,4,66.67,0,34,21,61.76,6,100,6,3,100,62.89,188,444,541,982,156.1,11,5,1254,11,2,0,Andrea Cistana,Brescia,783716,2691,DF
75,1,25.0,152,132,55.0,537,976,1512,86.6,109,67.28,53,34,1,0,0,0,102,1,0,3,10,177,34,0,0,8,10,100,1,1,,,29,0,15.79,12,3,4,40,35,5,3,0,,68,59.13,2,0,1,234,28,10,0,34,3060,0,,0,0,0,1,0.0,0,0,0,2,273,0,0,7.09,0,1,0,0,0,0,0,0,1020.0,0.0,0,19,0,11,5,6,75.0,0,21,15,71.43,10,150,8,4,177,63.9,240,718,1032,1746,241.2,19,3,2158,43,4,0,Gian Marco Ferrari,US Salernitana 1919,170887,2710,DF
69,0,0.0,67,314,44.99,228,463,691,63.98,15,100.0,0,35,0,0,0,0,264,0,0,0,11,20,35,0,0,0,0,0,1,0,,,0,0,0.0,176,0,0,32,28,4,0,0,,5,100.0,0,36,0,389,0,1,0,35,3150,0,,0,0,0,0,0.0,1,0,0,0,396,0,10,7.09,0,0,12,52,34,87,1,15,0.0,0.0,0,0,0,0,0,1,100.0,12,0,0,0.0,1,102,1,0,20,100.0,698,539,541,1080,248.2,0,3,1321,6,1,0,Adrian Šemper,Pisa,814876,2737,GK
21,2,11.76,153,20,62.5,235,86,319,72.83,30,30.61,68,21,4,0,0,0,59,2,7,13,5,16,21,0,0,31,6,138,0,1,,,20,0,9.62,0,5,9,25,21,4,5,0,,74,51.39,0,0,2,119,0,29,1,20,1721,11,,0,1,1,0,100.0,0,1,0,0,249,9,0,7.09,0,4,0,0,0,0,0,0,344.2,0.0,6,37,15,21,18,14,41.18,0,10,6,60.0,28,37,34,17,104,42.98,32,346,109,438,148.9,52,3,771,53,4,0,Gennaro Tutino,Sampdoria,187119,2711,FW
47,25,33.78,232,82,46.33,537,520,1032,82.69,57,60.0,38,30,4,0,0,0,77,5,0,4,8,114,30,0,0,3,13,89,0,0,,,34,0,5.88,0,1,5,33,29,4,1,0,,67,56.78,1,0,1,216,35,17,0,28,2553,1,,0,0,0,0,0.0,0,0,0,0,345,3,0,7.09,0,0,0,0,0,0,0,0,2553.0,0.0,5,9,8,8,5,5,62.5,0,46,31,67.39,17,91,8,74,124,58.22,177,744,578,1248,212.6,17,3,1822,18,7,0,Raffaele Pucino,Bari,75806,2712,DF
95,0,0.0,91,331,42.06,221,570,791,62.98,10,100.0,0,37,0,0,0,0,319,0,0,0,7,45,37,0,0,0,0,0,0,1,,,0,0,0.0,198,0,0,53,45,8,0,0,,11,100.0,0,55,0,465,0,2,0,37,3297,0,,1,0,0,0,0.0,3,0,0,0,473,0,9,7.08,0,0,39,76,31,108,2,23,0.0,0.0,0,0,0,0,0,1,100.0,38,0,0,0.0,2,143,1,0,21,100.0,787,604,652,1256,262.0,0,2,1619,13,4,0,Alessandro Micai,Cosenza,267703,2716,GK
57,16,23.88,287,101,50.5,615,565,1164,78.49,40,58.82,28,35,2,0,0,1,160,0,1,16,5,67,35,0,0,13,34,137,0,1,,,51,0,12.0,0,6,8,39,36,3,6,0,,147,57.42,0,0,0,319,41,32,0,35,2747,1,,0,0,4,0,75.0,0,3,0,0,443,6,0,7.08,0,6,0,0,0,0,0,0,457.83,0.0,10,10,40,16,18,19,55.88,0,81,46,56.79,32,125,34,67,187,57.72,200,907,643,1483,247.8,50,1,2051,51,8,0,Nicolas Schiavi,Carrarese,560434,2745,MF
33,41,28.67,214,38,46.91,424,365,748,78.65,24,28.57,60,37,4,0,0,0,161,6,0,15,8,79,37,0,0,36,22,203,0,1,,,40,0,9.52,0,4,8,36,31,5,4,0,,168,54.02,2,0,1,203,25,39,0,37,3099,3,,0,0,0,0,0.0,0,0,0,1,488,9,0,7.08,0,2,0,0,0,0,0,0,774.75,0.0,0,25,17,16,11,56,54.9,0,62,35,56.45,39,69,102,143,192,48.61,81,673,421,951,261.9,42,3,1780,51,4,0,Mehdi Dorval,Bari,1391304,2712,MF
34,0,0.0,28,155,43.18,114,226,340,62.5,8,88.89,1,23,0,0,0,0,174,0,0,0,12,17,23,0,0,0,0,2,0,0,,,1,0,0.0,121,0,0,19,14,5,0,0,,1,50.0,0,14,0,204,1,1,0,23,2070,0,,0,0,0,1,0.0,1,0,0,0,209,0,8,7.08,0,0,6,41,20,61,0,13,0.0,0.0,0,0,0,0,0,0,0.0,6,0,0,0.0,1,50,0,0,9,81.82,359,269,275,544,162.8,0,1,741,2,0,0,Stefano Gori,Spezia,364716,2735,GK
0,0,0.0,9,26,37.14,22,29,51,53.68,2,100.0,0,4,0,0,0,0,22,0,0,0,1,5,4,0,0,0,0,0,0,0,,,0,0,0.0,25,0,0,4,4,0,0,0,,0,0.0,0,4,0,44,0,0,0,4,359,0,,0,0,0,0,0.0,0,0,0,0,45,0,1,7.08,0,0,2,6,5,11,0,3,0.0,0.0,0,0,0,0,0,0,0.0,2,0,0,0.0,0,1,0,0,2,100.0,70,60,35,95,28.3,0,0,130,1,0,0,Mouhamadou Sarr,Spezia,954291,2735,GK
25,6,16.67,88,56,36.6,221,428,643,77.66,40,52.63,36,25,0,0,0,0,91,1,0,4,4,121,25,0,0,4,12,74,0,1,,,23,0,6.25,1,1,1,24,19,5,1,0,,90,70.31,1,0,1,185,26,6,0,22,2009,0,,0,0,0,0,0.0,0,0,0,0,271,5,0,7.07,0,0,0,0,0,0,0,0,2009.0,0.0,0,9,7,7,5,7,87.5,0,60,38,63.33,6,65,8,36,130,63.73,153,363,501,828,176.8,16,1,1326,23,5,0,Alessandro Dellavalle,Modena,1141167,2706,DF
15,2,22.22,48,25,32.47,155,324,477,80.98,21,46.67,24,14,1,0,0,0,27,3,0,2,2,72,14,0,0,0,2,32,0,1,,,6,0,20.0,5,1,2,16,13,3,1,0,,31,79.49,0,0,0,112,11,6,0,12,1100,0,,0,0,0,0,0.0,0,0,0,0,139,0,0,7.07,0,1,0,0,0,0,0,0,1100.0,0.0,0,4,1,0,3,3,75.0,0,12,8,66.67,6,40,4,9,52,61.9,77,234,364,589,99.0,5,2,801,18,1,0,Davide Veroli,Sampdoria,1068357,2711,DF
17,11,18.97,184,15,71.43,310,131,430,86.52,11,37.93,18,31,3,0,0,0,63,2,6,9,1,11,31,0,0,18,11,70,0,0,,,14,1,25.0,0,10,13,16,14,2,7,3,,56,51.85,0,0,0,67,7,37,5,10,1272,5,,0,0,0,0,0.0,0,0,0,0,180,9,0,7.07,0,5,0,0,0,0,0,0,127.2,25.0,4,20,20,13,18,18,66.67,0,14,7,50.0,37,29,27,58,67,48.91,21,408,147,497,219.2,40,1,779,24,1,0,Nicholas Pierini,Sassuolo,829581,2793,FW
6,4,33.33,30,5,29.41,62,48,106,76.81,7,77.78,2,3,0,0,0,0,8,0,0,0,0,3,3,0,0,0,2,6,0,0,,,2,0,0.0,1,0,0,5,5,0,0,0,,10,71.43,0,0,0,32,3,2,0,3,234,0,,0,0,0,0,0.0,0,0,0,0,44,0,0,7.07,0,0,0,0,0,0,0,0,0.0,0.0,0,0,2,0,2,1,100.0,0,4,3,75.0,2,11,1,12,17,73.91,17,95,55,138,21.2,2,0,192,5,2,0,Andrea Cagnano,Südtirol,893920,2760,DF
28,3,37.5,116,43,84.31,297,315,609,90.9,20,62.5,12,12,0,0,0,0,46,0,0,3,0,24,12,0,1,1,5,31,0,0,,,13,0,0.0,0,0,0,14,13,1,0,0,,35,64.81,0,0,0,61,16,6,0,10,881,0,,0,0,0,0,0.0,0,0,0,0,76,5,0,7.07,1,0,0,0,0,0,0,0,0.0,0.0,2,2,9,4,4,3,75.0,0,19,14,73.68,6,38,4,8,55,63.95,51,345,333,670,84.8,11,0,809,14,3,0,Jasmin Kurtić,Südtirol,61445,2760,MF
30,0,0.0,14,116,33.24,68,330,398,62.19,8,80.0,2,27,0,0,0,0,214,0,0,0,11,23,27,0,0,0,1,3,0,1,,,0,0,0.0,157,0,0,27,24,3,0,0,,2,66.67,0,26,0,242,1,0,0,27,2430,0,,0,0,0,0,0.0,1,0,0,0,244,0,9,7.07,0,0,5,47,33,81,1,15,0.0,0.0,0,0,0,0,0,0,0.0,5,0,0,0.0,0,45,0,0,10,76.92,349,245,395,640,190.8,0,1,886,3,1,0,Horațiu Moldovan,Sassuolo,857065,2793,GK
16,2,50.0,61,51,32.08,169,375,542,74.97,140,62.78,83,29,0,0,0,0,59,0,1,1,7,222,29,0,0,4,6,126,0,0,,,35,0,30.77,4,4,4,37,31,6,4,0,,69,61.61,2,0,1,181,27,5,1,27,2466,0,,1,1,0,0,0.0,0,0,0,0,204,1,0,7.07,0,1,0,0,0,0,0,0,616.5,0.0,0,12,1,7,5,3,50.0,0,38,25,65.79,4,44,6,4,209,62.39,159,307,420,723,204.9,13,3,1162,31,2,0,Nicola Pietrangeli,Südtirol,1012950,2760,DF
29,37,38.14,279,39,54.93,537,370,870,85.55,11,37.93,18,31,6,0,0,0,65,4,3,11,0,24,31,0,0,12,4,56,0,0,,,18,0,8.11,0,3,9,25,23,2,3,0,,45,54.22,1,0,1,147,11,37,0,28,2056,3,,0,1,0,0,0.0,0,0,0,0,251,12,0,7.06,0,2,0,0,0,0,0,0,685.33,0.0,4,20,17,14,12,15,75.0,0,13,8,61.54,36,63,20,97,56,50.0,71,724,390,1017,219.0,37,1,1325,17,6,0,Simone Pontisso,Catanzaro,787830,2796,MF
6,2,25.0,195,4,50.0,297,80,375,65.22,150,45.32,181,37,8,0,0,0,81,4,11,13,6,24,37,0,0,38,5,297,0,0,,,64,0,8.77,0,5,13,44,38,6,5,0,,108,48.21,2,0,2,200,5,35,3,32,2819,16,,0,0,1,1,100.0,0,1,0,1,360,30,0,7.06,0,0,0,0,0,0,0,0,563.8,0.0,0,53,4,30,14,21,50.0,0,15,9,60.0,35,10,42,8,258,46.49,8,472,111,575,261.3,57,4,1038,75,3,0,Raphael Odogwu,Südtirol,351882,2760,FW
57,48,33.1,326,76,51.35,697,570,1219,86.52,15,60.0,10,33,2,0,0,0,97,2,1,8,6,43,33,0,1,14,20,79,1,0,,,28,0,12.9,0,4,6,35,32,3,0,4,,80,53.69,0,0,0,190,20,48,3,27,2452,1,,0,0,0,0,0.0,0,0,0,0,333,6,0,7.06,3,1,0,0,0,0,0,0,613.0,0.0,3,5,26,17,6,23,74.19,0,30,17,56.67,48,125,31,145,95,54.6,148,949,605,1409,233.0,31,1,1838,30,2,2,Marco Pompetti,Catanzaro,867628,2796,MF
21,0,0.0,4,57,41.61,36,103,139,62.61,2,66.67,1,10,0,0,0,0,63,0,0,0,4,7,10,0,0,0,0,1,0,1,,,0,0,0.0,52,0,0,10,9,1,0,0,,0,0.0,0,10,0,83,0,0,0,10,900,0,,0,0,0,0,0.0,0,0,0,0,86,0,2,7.06,0,0,4,19,10,29,0,4,0.0,0.0,0,0,0,0,0,0,0.0,4,0,0,0.0,0,31,0,0,2,66.67,137,98,124,222,70.6,0,1,307,0,0,0,Giacomo Satalino,Sassuolo,832375,2793,GK
31,2,66.67,82,44,47.31,355,688,1041,90.52,50,60.98,32,23,0,0,0,0,94,0,0,1,9,115,22,0,0,1,1,43,0,1,,,8,0,0.0,30,0,0,19,16,3,0,0,,32,74.42,0,0,0,109,22,1,0,21,1870,0,,0,0,0,0,0.0,0,0,0,0,122,3,0,7.06,0,0,0,0,0,0,0,0,0.0,0.0,0,5,1,4,1,1,50.0,0,14,10,71.43,1,59,2,3,82,65.6,93,426,727,1150,155.3,6,1,1388,18,3,0,Filippo Romagna,Sassuolo,356032,2793,DF
26,15,38.46,178,23,65.71,287,105,377,80.9,8,36.36,14,25,1,0,0,0,49,5,5,16,0,7,24,0,0,7,11,42,0,0,,,5,0,8.33,0,4,5,12,10,2,3,1,,40,58.82,0,0,1,89,1,31,2,15,1257,2,,0,0,0,0,0.0,0,0,0,0,154,14,0,7.06,0,2,0,0,0,0,0,0,314.25,0.0,1,30,18,19,13,12,66.67,0,12,10,83.33,31,39,18,39,48,53.33,35,383,122,466,169.4,48,2,680,16,2,0,Roberto Insigne,Palermo,296432,2715,MF
31,5,23.81,172,77,35.16,539,914,1448,83.75,42,53.85,36,31,2,0,0,0,90,3,0,6,10,135,31,0,0,1,18,95,0,3,,,43,0,7.14,9,1,3,32,29,3,1,0,,90,60.4,0,0,0,281,49,11,0,30,2679,0,,0,0,0,0,0.0,0,0,0,0,350,3,0,7.06,0,1,0,0,0,0,0,0,2679.0,0.0,0,6,8,5,3,2,100.0,0,52,29,55.77,11,94,2,21,132,58.15,219,765,985,1729,218.8,14,1,2238,43,10,0,Nicolò Brighenti,Catanzaro,137946,2796,DF
47,5,29.41,403,94,64.38,829,743,1567,88.03,15,53.57,13,35,3,0,0,0,178,4,1,9,4,46,35,0,0,26,24,102,0,0,,,21,0,4.17,0,1,4,42,36,6,1,0,,95,51.63,0,0,1,213,23,34,0,33,2899,0,,0,0,0,0,0.0,0,0,0,0,310,15,0,7.06,0,1,0,0,0,0,0,0,2899.0,0.0,0,10,14,7,8,16,45.71,0,47,26,55.32,34,87,35,17,110,51.89,146,978,819,1780,247.0,24,3,2189,33,4,0,Fabio Gerli,Modena,373354,2706,MF
15,0,0.0,32,91,39.91,74,128,202,59.41,5,83.33,1,11,0,0,0,0,101,0,0,0,3,13,11,1,0,0,0,1,0,0,,,0,0,0.0,50,0,0,10,9,1,0,0,,2,100.0,0,14,0,138,0,1,0,11,990,0,,0,0,0,0,0.0,0,0,0,0,140,0,4,7.05,0,0,8,22,5,28,0,1,0.0,0.0,0,0,0,0,0,0,0.0,8,0,0,0.0,1,25,0,0,7,87.5,228,196,144,340,77.6,0,1,447,4,1,0,Leandro Chichizola,Spezia,80532,2735,GK
13,1,50.0,89,39,38.61,403,971,1373,89.56,107,60.11,71,28,1,0,0,0,76,4,1,2,5,165,28,0,0,6,10,121,2,1,,,41,0,10.0,54,1,2,29,26,3,1,0,,65,56.52,0,0,0,160,16,12,1,26,2273,1,,0,0,0,1,0.0,0,0,0,0,179,1,0,7.05,0,0,0,0,0,0,0,0,2273.0,0.0,0,10,0,4,4,0,0.0,0,49,28,57.14,12,29,0,2,172,58.7,101,496,1039,1533,197.4,10,2,1915,19,3,0,Luca Ravanelli,Cremonese,795794,2761,DF
14,14,24.56,147,24,57.14,277,203,466,81.47,22,51.16,21,26,3,0,0,0,97,8,3,5,1,49,26,0,0,29,22,122,0,1,,,21,0,10.53,0,2,5,22,21,1,2,0,,125,55.31,0,0,0,106,11,21,0,23,1961,8,,0,0,0,1,0.0,0,0,0,1,273,15,0,7.05,0,2,0,0,0,0,0,0,980.5,0.0,0,13,6,10,4,46,59.74,0,58,42,72.41,21,27,77,57,147,54.65,42,395,234,572,183.2,19,0,1103,23,4,0,Niccolò Fortini,Juve Stabia,1526934,5324,MF
15,3,50.0,37,36,48.0,153,335,485,84.2,51,66.23,26,13,0,0,0,0,43,0,4,1,2,113,13,0,0,0,4,42,1,1,,,11,0,0.0,34,0,0,21,19,2,0,0,,32,66.67,0,0,0,91,18,2,0,13,1154,0,,0,0,0,0,0.0,0,0,0,0,109,1,0,7.05,0,0,0,0,0,0,0,0,0.0,0.0,0,7,2,8,0,4,80.0,0,8,2,25.0,2,41,5,6,83,66.4,75,218,364,576,91.6,9,1,815,20,4,0,Giangiacomo Magnani,Palermo,812829,2715,DF
8,20,27.03,108,11,37.93,200,53,233,73.97,8,33.33,16,24,1,0,0,0,44,5,2,17,0,8,24,0,0,14,16,76,0,1,,,17,0,7.27,0,4,5,14,10,4,3,1,,51,45.95,0,0,1,82,8,30,1,16,1280,4,,0,1,1,0,100.0,0,1,0,0,214,9,0,7.05,0,3,0,0,0,0,0,0,320.0,0.0,9,17,38,21,17,19,55.88,0,14,8,57.14,29,22,34,74,59,43.7,29,325,64,315,169.1,55,2,649,18,4,0,Tommaso Fumagalli,Cosenza,993281,2716,FW
31,44,27.33,251,35,66.04,446,166,568,81.14,0,0.0,4,35,3,0,0,0,63,7,8,15,1,22,34,0,0,14,9,50,1,0,,,1,0,4.76,0,3,6,26,23,3,2,1,,71,60.68,0,0,3,132,12,52,3,24,2086,12,,0,0,2,1,100.0,0,2,0,0,324,8,0,7.04,0,0,0,0,0,0,0,0,695.33,0.0,9,30,33,20,28,32,59.26,0,8,5,62.5,52,65,54,161,71,58.68,53,677,184,700,239.5,63,1,1169,31,1,0,Daniele Verde,US Salernitana 1919,605580,2710,FW
51,10,29.41,200,72,52.17,469,617,1076,83.54,101,67.79,48,34,2,0,0,0,127,6,1,3,11,101,34,0,0,6,17,124,1,1,,,54,0,4.0,8,1,3,29,23,6,1,0,,83,52.2,1,0,1,212,30,16,0,32,2834,1,,0,0,0,0,0.0,0,0,0,0,293,9,0,7.04,0,0,0,0,0,0,0,0,2834.0,0.0,0,21,4,16,6,3,33.33,0,46,31,67.39,16,86,9,34,184,59.74,138,637,685,1288,239.5,25,2,1800,36,7,0,Aleš Matějů,Spezia,280613,2735,DF
51,6,30.0,217,95,46.57,468,422,884,78.16,98,66.22,50,32,1,0,0,0,71,2,5,2,13,141,32,0,0,9,19,123,0,1,,,45,0,11.76,6,2,3,25,21,4,2,0,,70,48.95,1,0,2,247,26,9,0,30,2699,0,,3,0,0,0,0.0,0,0,0,0,331,1,0,7.04,1,1,0,0,0,0,0,0,1349.5,0.0,0,14,3,11,4,11,78.57,0,45,29,64.44,9,107,14,20,168,57.73,204,671,480,1131,225.4,17,2,1652,14,6,1,Przemysław Wiśniewski,Spezia,931266,2735,DF
33,1,5.56,74,73,46.2,233,476,708,81.29,54,57.45,40,23,0,0,0,0,45,0,1,1,4,98,23,0,0,4,6,73,0,0,,,26,0,23.08,11,3,3,23,20,3,2,1,,57,63.33,2,0,0,163,22,5,0,18,1736,0,,0,0,0,0,0.0,0,0,0,0,221,1,0,7.04,1,1,0,0,0,0,0,0,578.67,0.0,0,12,1,4,8,1,33.33,0,25,18,72.0,5,68,3,18,111,60.33,158,362,527,871,162.0,13,1,1240,33,5,1,Francesco Folino,Juve Stabia,1424353,5324,DF
43,5,45.45,98,57,53.27,455,1161,1611,92.37,45,58.44,32,34,2,0,0,0,77,5,2,1,10,139,34,0,0,8,10,84,0,0,,,37,0,7.69,60,1,3,37,35,2,1,0,,91,63.64,0,0,0,133,43,8,1,31,2708,1,,1,0,0,2,0.0,0,0,0,0,182,2,0,7.04,0,0,0,0,0,0,0,0,2708.0,0.0,0,10,3,9,3,3,50.0,0,34,21,61.76,8,72,6,11,136,61.82,107,548,1207,1744,239.4,13,1,2212,55,8,0,Stefano Scognamillo,Catanzaro,169485,2796,DF
46,11,29.73,202,79,37.62,450,658,1097,80.9,78,54.55,65,33,0,0,0,0,81,0,4,6,12,158,33,0,0,8,15,126,0,1,,,38,0,5.0,4,1,1,27,23,4,1,0,,67,52.34,0,0,1,259,35,13,1,33,2941,4,,0,1,0,0,0.0,0,0,0,1,412,2,0,7.04,0,0,0,0,0,0,0,0,2941.0,0.0,0,13,7,7,7,4,57.14,0,35,23,65.71,12,100,7,37,145,53.51,210,651,742,1356,232.3,20,2,2028,28,7,0,Valerio Mantovani,Bari,814342,2712,DF
5,1,100.0,42,19,35.85,127,229,355,84.73,28,57.14,21,11,1,0,0,0,23,2,0,1,2,57,11,0,0,0,4,54,0,0,,,29,0,0.0,14,0,1,9,9,0,0,0,,26,44.07,0,0,0,64,13,5,0,9,826,0,,0,0,0,0,0.0,0,0,0,0,74,0,0,7.04,0,0,0,0,0,0,0,0,0.0,0.0,0,2,1,2,0,0,0.0,0,14,8,57.14,5,13,1,1,54,50.0,53,168,252,419,77.4,3,0,565,12,1,0,Patryk Peda,Juve Stabia,1064122,5324,DF
32,5,23.81,297,70,48.95,712,751,1458,86.68,92,61.33,58,31,0,0,0,0,112,2,3,3,6,99,31,0,0,11,14,148,1,0,,,50,0,6.67,0,1,1,29,23,6,1,0,,91,50.28,0,0,2,224,42,6,0,27,2424,3,,1,0,0,1,0.0,0,0,0,0,321,6,0,7.04,0,1,0,0,0,0,0,0,2424.0,0.0,0,15,0,9,3,17,48.57,0,51,36,70.59,6,85,35,21,183,55.29,143,882,821,1682,218.1,15,1,2220,24,8,0,Valentin Antov,Cremonese,827640,2761,DF
54,1,100.0,90,167,53.87,390,1017,1406,84.7,91,54.17,77,36,0,0,0,0,101,0,6,6,10,186,36,0,0,5,7,124,0,3,,,38,0,10.71,58,3,3,46,41,5,3,0,,65,58.04,3,0,1,254,37,7,0,36,3221,0,,0,0,0,1,0.0,0,0,0,1,274,0,0,7.03,0,0,0,0,0,0,0,0,1073.67,0.0,0,26,2,14,8,1,50.0,0,51,25,49.02,7,119,2,1,156,55.71,310,582,1079,1660,253.2,28,5,2087,13,11,0,Davide Adorni,Brescia,260491,2691,DF
1,2,20.0,7,1,100.0,13,5,16,88.89,0,0.0,2,5,0,0,0,0,2,0,0,1,0,1,3,0,0,0,0,2,0,0,,,0,0,0.0,0,0,0,0,0,0,0,0,,12,100.0,0,0,0,2,1,1,0,0,36,0,,0,0,0,0,0.0,0,0,0,0,12,0,0,7.03,0,0,0,0,0,0,0,0,0.0,0.0,0,1,0,0,0,4,100.0,0,5,3,60.0,1,1,4,10,12,85.71,1,23,5,18,21.1,1,0,46,3,0,0,Gregorio Morachioli,Bari,928820,2712,FW
2,0,0.0,41,122,39.74,102,32,134,41.74,3,100.0,0,15,0,0,0,0,116,0,0,0,4,11,15,1,0,0,0,0,0,0,,,0,0,0.0,122,0,0,18,16,2,0,0,,4,100.0,0,10,0,187,0,0,0,15,1350,0,,0,0,0,0,0.0,0,0,0,0,194,0,3,7.03,0,0,3,29,16,45,0,6,0.0,0.0,0,0,0,0,0,0,0.0,3,0,0,0.0,0,3,0,0,7,100.0,307,262,59,321,105.5,0,0,439,4,0,0,Marius Adamonis,Südtirol,795811,2760,GK
41,13,26.53,226,23,58.97,425,154,566,80.28,17,54.84,14,28,4,0,0,0,65,9,2,9,0,9,26,0,0,13,11,78,0,0,,,28,0,7.69,0,2,6,14,12,2,1,1,,76,54.29,0,0,0,139,7,34,1,17,1307,2,,0,0,0,0,0.0,0,0,0,0,232,12,0,7.03,0,1,0,0,0,0,0,0,653.5,0.0,0,11,15,9,8,11,40.74,0,29,19,65.52,34,81,27,49,93,54.39,39,574,180,705,182.8,26,2,985,36,5,0,Valerio Verre,Palermo,139267,2715,MF
42,7,29.17,252,69,36.13,601,871,1465,85.22,79,60.31,52,33,2,0,0,0,102,6,2,6,8,142,33,0,0,7,18,106,0,0,,,26,0,0.0,3,0,2,34,33,1,0,0,,78,59.09,0,0,1,254,46,20,0,28,2595,0,,0,0,0,1,0.0,0,0,0,0,339,2,0,7.03,0,0,0,0,0,0,0,0,0.0,0.0,0,14,3,7,4,4,57.14,0,48,28,58.33,20,111,7,24,157,59.7,191,778,965,1719,232.0,17,2,2338,27,8,0,Andrea Ciofi,Cesena,898937,2742,DF
25,0,0.0,55,73,40.33,294,1071,1365,86.89,90,67.67,43,35,2,0,0,0,125,4,0,5,9,177,35,0,0,6,9,96,0,1,,,40,0,19.05,6,4,6,41,38,3,4,0,,83,61.03,3,0,0,206,31,8,0,34,2896,0,,1,1,0,1,0.0,0,0,0,0,237,1,0,7.03,0,1,0,0,0,0,0,0,724.0,0.0,0,19,2,11,5,4,66.67,0,52,31,59.62,7,77,6,0,173,64.31,181,421,1150,1571,245.9,21,2,2008,29,3,0,Giuseppe Prestia,Cesena,134095,2742,DF
16,15,24.19,151,22,28.57,293,208,486,62.31,168,66.4,85,32,4,0,0,0,128,5,3,3,8,65,32,0,1,32,28,203,0,2,,,41,0,16.67,0,6,10,25,23,2,6,0,,105,47.09,2,0,0,294,16,20,0,31,2420,5,,0,0,0,0,0.0,0,0,0,0,465,8,0,7.03,1,4,0,0,0,0,0,0,403.33,0.0,0,36,0,20,13,19,42.22,0,68,41,60.29,20,33,45,62,273,57.35,77,574,268,780,224.8,36,1,1314,19,7,0,Idrissa Touré,Pisa,826326,2737,MF
26,15,23.44,323,60,42.25,690,539,1214,84.6,21,56.76,16,34,6,0,0,0,98,5,0,6,11,81,34,0,0,16,16,71,0,0,,,17,0,0.0,0,0,6,34,30,4,0,0,,84,60.43,0,0,0,221,20,28,0,31,2864,3,,1,0,0,0,0.0,0,0,0,1,340,4,0,7.02,0,0,0,0,0,0,0,0,0.0,0.0,0,4,9,5,2,13,65.0,0,54,33,61.11,28,74,20,64,105,59.66,142,899,600,1435,238.8,13,0,2102,17,3,0,Jeremy Toljan,Sassuolo,149606,2793,DF
132,15,28.85,304,109,66.87,730,832,1547,89.99,16,39.02,25,34,3,0,0,0,131,3,0,6,8,33,34,0,0,10,23,94,1,1,,,27,0,0.0,0,0,3,32,30,2,0,0,,101,59.41,0,0,1,172,24,36,0,30,2539,0,,0,0,0,0,0.0,0,0,0,0,254,5,0,7.02,0,0,0,0,0,0,0,0,0.0,0.0,2,5,10,7,2,6,37.5,0,37,24,64.86,36,207,16,52,117,55.45,163,903,868,1719,238.6,15,1,2061,58,6,0,Jacopo Petriccione,Catanzaro,573596,2796,MF
41,6,50.0,204,40,52.63,431,369,794,85.01,29,45.31,35,25,0,0,0,0,108,0,2,15,2,63,25,0,0,8,15,84,0,0,,,19,0,13.64,7,3,3,32,27,5,3,0,,70,58.82,1,0,0,140,28,13,0,23,1893,1,,0,0,0,0,0.0,0,0,0,0,185,9,0,7.02,0,2,0,0,0,0,0,0,631.0,0.0,0,12,10,2,5,16,69.57,0,38,19,50.0,13,76,23,12,99,54.1,76,542,404,934,175.4,22,1,1246,18,3,0,Melle Meulensteen,Sampdoria,891795,2711,MF
42,7,28.0,279,54,40.6,556,488,1037,80.51,46,52.87,41,34,0,0,0,0,180,2,0,6,5,78,34,0,0,17,24,151,0,0,,,58,0,13.79,0,4,4,42,34,8,2,2,,137,55.47,0,0,0,251,36,21,0,33,2770,1,,0,0,0,0,0.0,0,0,0,0,327,11,0,7.01,0,4,0,0,0,0,0,0,692.5,0.0,0,15,14,12,11,18,58.06,0,82,47,57.32,21,86,31,25,183,54.79,133,738,575,1288,238.4,29,1,1780,40,11,0,Simone Santoro,Modena,898951,2706,MF
27,13,21.67,154,24,27.59,248,127,362,64.64,38,50.0,38,29,1,0,0,0,69,6,4,7,4,34,29,0,0,2,20,102,0,0,,,29,0,13.89,0,5,6,18,13,5,5,0,,61,48.8,0,0,0,198,20,24,3,19,1739,1,,0,0,0,0,0.0,0,0,0,0,320,11,0,7.01,1,2,0,0,0,0,0,0,347.8,0.0,0,27,9,15,14,6,30.0,0,35,21,60.0,24,70,20,60,99,49.25,87,455,165,560,203.3,36,1,1003,22,7,1,Luca Vignali,Spezia,814842,2735,MF
16,19,35.85,168,28,62.22,302,129,412,77.88,41,36.94,70,36,3,0,0,1,68,7,3,15,0,31,36,0,0,25,8,149,0,1,,,39,0,8.62,0,5,8,29,25,4,5,0,,88,52.69,0,0,5,117,5,39,0,27,2229,2,,0,0,1,1,0.0,0,0,0,2,264,9,0,7.01,0,5,0,0,0,0,0,0,445.8,0.0,5,41,17,27,16,15,51.72,0,16,11,68.75,39,28,29,53,129,46.4,45,434,148,529,252.3,58,0,946,57,3,0,Giuseppe Ambrosino,Frosinone,1163083,2801,FW
16,1,16.67,151,30,90.91,258,105,362,84.38,4,28.57,10,26,1,0,0,0,32,3,5,9,1,4,25,0,0,14,7,63,0,0,,,25,0,12.24,0,6,7,16,14,2,6,0,,48,47.52,1,0,0,67,2,14,5,18,1321,2,,0,0,0,0,0.0,0,0,0,0,115,8,0,7.01,0,0,0,0,0,0,0,0,220.17,0.0,0,40,9,19,21,7,46.67,0,15,6,40.0,14,22,15,6,52,45.22,33,316,119,429,175.2,49,1,610,28,2,0,Federico Bonazzoli,Cremonese,284363,2761,FW
44,13,36.11,374,44,48.89,797,887,1671,90.72,22,37.93,36,35,1,0,0,0,154,3,0,7,7,51,35,0,1,36,22,161,1,0,,,60,0,5.71,0,2,3,51,41,10,2,0,,152,54.87,0,0,2,171,23,42,0,34,3062,0,,0,0,0,0,0.0,0,0,0,2,297,10,0,7.01,1,2,0,0,0,0,0,0,1531.0,0.0,0,9,26,15,13,18,54.55,0,45,17,37.78,42,70,33,36,174,51.94,90,930,948,1842,245.2,35,0,2367,93,8,0,Simone Trimboli,Mantova,965016,2770,MF
66,0,0.0,45,215,33.91,99,605,704,62.36,10,90.91,1,36,0,0,0,0,237,0,0,0,8,20,36,1,0,1,0,3,0,1,,,1,0,0.0,235,0,0,43,39,4,0,0,,4,66.67,0,24,0,425,0,1,0,36,3240,0,,0,0,0,1,0.0,6,0,2,0,427,0,9,7.01,0,0,8,69,33,102,1,24,0.0,0.0,0,0,0,0,0,0,0.0,8,0,0,0.0,1,129,0,0,14,82.35,634,436,693,1129,252.2,0,1,1427,4,4,0,Michele Cerofolini,Frosinone,869273,2801,GK
20,17,22.67,117,20,50.0,224,117,324,79.22,3,14.29,18,19,4,0,0,0,49,7,1,11,0,5,19,0,0,15,7,72,0,0,,,26,0,8.7,0,2,6,17,16,1,2,0,,55,50.46,1,0,0,85,3,25,0,13,1177,1,,0,0,0,0,0.0,0,0,0,0,202,6,0,7.01,0,1,0,0,0,0,0,0,588.5,0.0,0,13,10,7,5,8,53.33,0,21,10,47.62,25,44,15,75,58,44.62,40,351,133,409,133.1,23,1,678,26,1,0,Nicola Mosti,Juve Stabia,839483,5324,MF
18,0,0.0,14,103,41.53,59,394,453,75.12,9,100.0,0,21,0,0,0,0,168,0,0,0,6,26,21,0,0,0,1,1,2,1,,,0,0,0.0,111,0,0,21,17,4,0,0,,2,66.67,0,12,0,150,0,0,0,20,1853,0,,0,0,0,0,0.0,1,0,0,0,153,0,16,7.0,0,0,10,33,22,57,0,10,0.0,0.0,0,0,0,0,0,0,0.0,10,0,0,0.0,0,31,0,0,11,91.67,248,163,440,603,147.1,0,2,817,5,1,0,Sebastiano Desplanches,Palermo,1068715,2715,GK
22,5,25.0,226,24,66.67,515,403,913,91.12,10,41.67,14,23,1,0,0,0,83,0,0,0,0,16,23,0,0,5,8,50,0,1,,,19,0,0.0,0,0,1,21,18,3,0,0,,71,66.36,0,0,0,89,17,20,0,19,1421,0,,0,0,0,0,0.0,0,0,0,1,148,8,0,7.0,0,0,0,0,0,0,0,0,0.0,0.0,0,4,4,7,1,9,60.0,0,20,12,60.0,20,43,15,20,81,61.83,36,597,425,1002,161.1,8,0,1222,42,2,0,Andrea Ghion,Sassuolo,928879,2793,MF
37,2,28.57,118,95,48.72,381,1009,1388,85.89,106,60.57,69,36,0,0,0,0,95,0,3,2,8,202,36,0,0,2,5,106,1,0,,,30,0,0.0,10,0,0,45,39,6,0,0,,67,64.42,0,0,1,228,35,8,0,35,3100,0,,1,0,0,0,0.0,0,0,0,0,263,1,0,7.0,0,0,0,0,0,0,0,0,0.0,0.0,0,11,0,9,0,3,50.0,0,40,30,75.0,8,73,6,7,173,62.01,195,523,1100,1616,252.1,11,2,2070,27,4,0,Andrea Meroni,Reggiana,848566,24516,DF
45,31,25.0,261,67,38.51,436,303,708,71.52,46,50.55,45,37,3,0,0,0,155,8,1,5,4,88,37,0,0,12,30,146,0,0,,,42,0,21.05,0,4,7,49,43,6,3,1,,132,56.65,0,0,0,282,17,34,1,36,3004,2,,0,1,0,0,0.0,0,0,0,0,486,10,0,7.0,0,2,0,0,0,0,0,0,751.0,0.0,0,13,6,8,6,17,47.22,0,74,47,63.51,33,97,36,124,178,54.94,174,750,364,990,259.1,19,3,1680,44,6,0,Salvatore Molina,Südtirol,165735,2760,MF
18,1,33.33,67,27,65.85,151,84,234,85.4,2,25.0,6,9,1,0,0,0,37,1,0,5,1,7,9,0,1,19,3,60,0,0,,,21,0,4.76,0,1,2,7,6,1,0,1,,49,47.57,0,0,0,40,6,11,1,8,688,0,,0,0,0,0,0.0,0,0,0,0,88,4,0,7.0,1,0,0,0,0,0,0,0,688.0,0.0,1,4,17,12,4,10,47.62,0,16,10,62.5,11,28,21,3,51,45.95,41,184,93,274,63.0,21,1,431,23,2,0,Ben Lhassine Kone,Frosinone,915280,2801,MF
1,2,50.0,15,1,100.0,23,6,27,87.1,0,0.0,2,1,0,0,0,0,2,0,0,0,0,0,1,0,0,0,0,3,0,0,,,0,0,0.0,0,0,0,0,0,0,0,0,,2,66.67,0,0,0,4,0,2,0,0,30,0,,0,0,0,0,0.0,0,0,0,0,7,1,0,7.0,0,0,0,0,0,0,0,0,0.0,0.0,0,0,0,0,0,0,0.0,0,0,0,0.0,2,2,1,4,2,40.0,1,28,7,31,7.0,0,0,38,2,0,0,Filippo Falco,Carrarese,142037,2745,FW
42,43,25.29,237,45,40.18,455,331,743,76.68,33,45.83,39,34,8,0,0,0,134,9,2,11,8,58,34,0,0,22,23,167,0,0,,,32,0,6.98,0,3,11,38,35,3,2,1,,121,48.59,0,0,2,226,16,54,3,31,2736,4,,0,0,0,0,0.0,0,0,0,0,502,5,0,7.0,0,0,0,0,0,0,0,0,912.0,0.0,3,21,22,17,15,44,44.0,0,33,20,60.61,54,91,100,170,154,47.98,112,725,414,969,237.9,43,1,1770,44,9,0,Manuel Cicconi,Carrarese,806058,2745,MF
14,0,0.0,20,35,51.47,100,456,556,90.11,53,68.83,24,16,0,0,0,0,40,0,1,3,4,109,16,0,0,0,2,35,0,1,,,10,0,0.0,11,0,0,16,13,3,0,0,,26,70.27,0,0,0,61,16,4,0,14,1217,1,,1,0,0,0,0.0,0,0,0,0,70,0,0,6.99,0,0,0,0,0,0,0,0,0.0,0.0,0,6,1,1,3,1,50.0,0,12,10,83.33,4,29,2,0,79,69.3,68,134,483,617,111.9,7,2,815,13,3,0,Paolo Rozzio,Reggiana,131604,24516,DF
25,4,22.22,215,34,49.28,442,299,737,85.4,16,47.06,18,25,1,0,0,0,112,2,0,5,3,37,25,0,0,12,23,77,0,0,,,22,0,0.0,0,0,1,30,27,3,0,0,,82,58.16,0,0,0,126,25,15,0,20,1803,0,,0,0,0,1,0.0,0,0,0,0,179,11,0,6.99,0,0,0,0,0,0,0,0,0.0,0.0,0,4,12,7,4,5,45.45,0,52,36,69.23,15,51,11,18,98,56.0,69,553,328,863,174.8,16,0,1180,27,5,0,Gerard Yepes,Sampdoria,1067220,2711,MF
16,3,12.0,167,33,42.86,387,248,632,73.4,135,57.69,99,37,0,0,0,0,115,2,2,9,3,74,37,0,0,24,26,219,0,2,,,60,0,9.09,0,4,4,46,39,7,4,0,,164,57.75,1,0,0,229,36,27,2,33,2872,4,,0,0,0,0,0.0,0,0,0,1,346,8,0,6.99,0,1,0,0,0,0,0,0,718.0,0.0,0,33,11,19,16,13,41.94,0,76,48,63.16,27,39,31,25,299,57.72,77,586,300,861,258.7,44,2,1428,78,5,0,Alessandro Sersanti,Reggiana,964713,24516,MF
78,32,22.07,253,132,49.07,596,715,1279,83.54,20,45.45,24,34,4,0,0,0,116,3,0,9,5,43,34,0,1,13,23,92,0,0,,,28,0,6.06,0,2,6,35,33,2,1,1,,92,57.5,0,0,0,252,19,48,0,31,2532,1,,0,0,0,0,0.0,0,0,0,0,417,8,0,6.99,1,2,0,0,0,0,0,0,1266.0,0.0,10,5,28,15,9,6,46.15,0,34,24,70.59,48,170,13,145,112,54.9,269,901,775,1531,237.7,33,1,1997,52,9,0,Giacomo Calò,Cesena,839487,2742,MF
93,0,0.0,14,191,43.91,67,1196,1263,83.2,9,100.0,0,38,0,0,0,0,241,1,0,0,8,22,38,0,0,0,1,1,2,1,,,0,0,0.0,185,0,0,56,45,11,0,0,,1,50.0,0,20,0,255,0,2,0,38,3420,0,,1,0,0,0,0.0,2,0,0,0,260,0,6,6.99,0,0,13,74,44,118,0,25,0.0,0.0,0,0,0,0,0,0,0.0,13,0,0,0.0,2,126,0,0,10,90.91,435,197,1321,1518,265.6,0,2,1800,2,2,0,Marco Festa,Mantova,176765,2770,GK
22,0,0.0,98,71,53.38,344,686,1030,87.07,57,59.38,39,29,0,0,0,0,97,0,5,6,7,128,29,0,0,7,5,85,0,0,,,31,0,8.33,15,2,2,29,22,7,2,0,,51,52.58,2,0,0,153,25,4,0,26,2337,0,,0,0,0,1,0.0,0,0,0,0,187,2,0,6.99,0,0,0,0,0,0,0,0,1168.5,0.0,0,19,5,6,12,4,50.0,0,32,19,59.38,4,53,8,0,108,55.96,133,453,730,1183,202.6,24,2,1521,15,3,0,Rayyan Baniya,Palermo,929739,2715,DF
69,3,25.0,142,89,44.5,422,969,1388,86.8,63,56.25,49,28,1,0,0,0,100,2,2,6,5,129,28,0,0,6,26,133,0,0,,,46,0,10.71,1,3,4,37,29,8,2,1,,91,52.0,2,0,0,211,21,17,1,27,2218,0,,0,0,0,0,0.0,0,0,0,0,250,2,0,6.99,1,0,0,0,0,0,0,0,739.33,0.0,0,21,7,14,8,12,60.0,0,52,32,61.54,17,129,20,12,154,53.66,200,551,1060,1599,195.6,28,2,1998,29,6,1,Fabrizio Brignani,Mantova,823496,2770,DF
36,2,15.38,91,60,47.62,247,426,671,83.35,47,55.29,38,21,1,0,0,0,53,2,0,0,4,96,21,0,0,1,9,82,0,1,,,33,0,0.0,0,0,1,18,16,2,0,0,,64,59.26,0,0,0,134,23,6,0,17,1536,2,,0,0,0,0,0.0,0,0,0,0,163,2,0,6.99,0,0,0,0,0,0,0,0,0.0,0.0,0,1,2,3,0,3,75.0,0,41,22,53.66,6,72,4,13,111,57.51,126,348,470,805,146.7,3,1,1073,23,4,0,Fabio Ruggeri,US Salernitana 1919,1165179,2710,DF
34,25,31.65,184,21,47.73,311,110,396,66.78,19,50.0,19,32,5,0,0,0,114,7,4,8,3,19,32,0,0,53,34,205,1,0,,,47,0,12.5,0,5,10,30,25,5,4,1,,183,49.59,0,0,3,197,17,40,4,26,2251,9,,0,0,0,0,0.0,0,0,0,1,488,22,0,6.98,0,1,0,0,0,0,0,0,450.2,0.0,0,23,17,17,15,48,45.71,0,82,43,52.44,40,68,105,79,202,49.63,44,523,149,593,223.5,40,3,1292,53,10,0,Antonio Vergara,Reggiana,1069560,24516,FW
25,26,24.53,106,27,40.3,206,124,304,69.72,26,55.32,21,24,0,0,0,0,68,3,1,7,2,25,24,0,0,16,17,109,0,0,,,34,0,6.25,0,1,1,21,21,0,1,0,,108,55.1,0,0,0,132,19,31,0,16,1403,1,,0,0,0,1,0.0,0,0,0,0,288,7,0,6.98,0,1,0,0,0,0,0,0,1403.0,0.0,2,7,9,6,3,24,48.98,0,49,33,67.35,31,49,49,106,134,55.14,67,393,149,436,167.6,16,2,918,36,5,0,Giacomo Ricci,Cosenza,606940,2716,MF
12,31,19.87,200,24,70.59,369,228,566,87.62,9,36.0,16,31,4,0,0,0,107,6,3,5,1,23,31,0,0,13,12,73,0,1,,,15,0,4.35,0,1,5,22,18,4,1,0,,75,56.82,0,0,0,80,9,38,1,20,1827,8,,0,0,0,0,0.0,0,0,0,0,274,4,0,6.98,0,0,0,0,0,0,0,0,1827.0,0.0,0,17,6,9,9,21,52.5,0,27,18,66.67,38,19,40,156,84,53.5,34,554,248,646,216.4,23,0,1114,27,3,0,Luca Zanimacchia,Cremonese,847025,2761,MF
15,7,16.67,120,10,25.0,198,109,300,68.03,43,40.19,64,36,2,0,0,0,85,3,5,22,1,36,36,0,0,36,22,200,0,0,,,46,0,10.39,0,8,10,39,35,4,7,1,,148,52.11,2,0,5,141,6,19,0,31,2520,23,,0,0,0,0,0.0,0,0,0,0,328,12,0,6.98,0,6,0,0,0,0,0,0,315.0,0.0,16,42,35,24,31,37,50.68,0,51,25,49.02,19,31,73,42,191,48.85,40,340,143,441,251.2,77,1,1028,61,4,0,Manolo Portanova,Reggiana,876236,24516,MF
11,12,23.53,98,9,42.86,183,96,267,77.39,16,47.06,18,16,3,0,0,0,52,7,5,14,2,25,16,0,0,10,5,78,0,0,,,25,0,7.32,0,3,6,18,14,4,3,0,,34,36.17,0,0,0,78,10,19,0,13,1187,7,,0,1,0,1,0.0,0,0,0,0,189,4,0,6.98,0,3,0,0,0,0,0,0,395.67,0.0,0,24,17,18,9,13,36.11,0,16,8,50.0,18,23,36,51,50,39.06,21,277,119,345,111.6,41,3,648,5,3,0,Paulo Azzi,Cremonese,383314,2761,MF
16,0,0.0,10,20,54.05,51,74,125,83.33,9,50.0,9,8,1,0,0,0,19,1,2,0,1,39,8,0,0,2,0,13,0,1,,,2,0,0.0,11,0,1,3,2,1,0,0,,7,63.64,0,0,0,25,0,3,0,3,388,0,,0,1,0,0,0.0,0,0,0,0,29,0,0,6.98,0,0,0,0,0,0,0,0,0.0,0.0,0,5,0,3,2,0,0.0,0,6,3,50.0,2,27,0,0,16,55.17,37,73,77,150,55.8,5,0,217,1,2,0,Fabio Lucioni,Frosinone,131916,2801,DF
9,0,0.0,25,16,38.1,154,742,896,90.14,64,72.73,24,21,0,0,0,0,42,0,0,3,5,77,19,0,0,2,0,41,1,1,,,14,0,0.0,65,0,0,19,18,1,0,0,,19,52.78,0,0,0,98,22,4,0,15,1454,1,,0,0,0,1,0.0,0,0,0,0,109,0,0,6.97,0,0,0,0,0,0,0,0,0.0,0.0,0,11,0,6,2,0,0.0,0,16,9,56.25,4,22,3,0,83,66.94,42,205,789,994,132.5,11,2,1203,4,5,0,Matias Antonini,Catanzaro,862238,2796,DF
13,17,32.69,82,15,65.22,135,30,148,78.72,3,60.0,2,10,1,0,0,0,31,0,1,0,0,1,10,0,0,12,4,27,0,0,,,3,0,14.29,0,1,2,8,7,1,1,0,,18,41.86,1,0,0,40,1,15,0,4,448,0,,0,0,0,0,0.0,0,0,0,0,115,2,0,6.97,0,0,0,0,0,0,0,0,448.0,0.0,0,5,2,2,5,8,57.14,0,4,3,75.0,15,19,14,52,21,43.75,23,204,36,188,69.7,7,0,318,6,1,0,Olimpiu Moruțan,Pisa,833613,2737,MF
24,15,30.0,138,23,67.65,247,94,326,77.07,4,21.05,15,25,1,0,0,1,51,1,3,13,1,7,25,0,0,11,13,75,0,0,,,20,0,6.98,0,3,4,16,15,1,2,1,,74,55.22,0,0,1,97,4,21,3,14,1233,3,,0,1,2,0,50.0,0,1,0,0,200,8,0,6.97,0,0,0,0,0,0,0,0,411.0,0.0,3,22,21,16,14,17,48.57,0,20,14,70.0,20,41,35,50,78,50.98,34,363,110,423,174.2,43,1,718,37,4,0,Anthony Partipilo,Frosinone,227620,2801,FW
27,41,26.8,161,26,38.24,284,105,348,70.73,14,38.89,22,31,3,0,0,0,122,4,4,7,6,43,31,0,0,26,23,152,0,0,,,38,0,8.33,0,2,5,18,16,2,2,0,,124,48.82,0,0,0,144,40,44,0,26,2100,4,,0,0,0,0,0.0,0,0,0,0,425,13,0,6.96,0,1,0,0,0,0,0,0,1050.0,0.0,0,11,13,10,7,48,50.0,0,36,23,63.89,44,61,96,153,138,47.59,68,508,137,492,215.9,24,2,1218,41,5,0,Salvatore Elia,Spezia,928125,2735,MF
59,31,40.79,248,67,54.92,599,476,1044,84.33,14,31.82,30,34,2,0,0,0,121,5,0,6,4,42,34,0,0,11,22,87,1,0,,,16,0,5.56,0,1,3,24,22,2,1,0,,94,62.25,0,0,0,194,14,41,0,27,2244,1,,0,1,0,1,0.0,0,0,0,0,294,6,0,6.96,0,1,0,0,0,0,0,0,2244.0,0.0,3,4,14,5,7,25,73.53,0,29,20,68.97,40,119,34,76,108,55.38,122,786,528,1238,236.7,18,0,1593,40,4,0,Giuseppe Leone,Juve Stabia,919974,5324,MF
12,0,0.0,36,101,41.22,85,149,234,61.74,3,100.0,0,14,0,0,0,0,116,0,0,0,6,12,14,0,0,0,0,0,0,1,,,0,0,0.0,106,0,0,14,13,1,0,0,,1,100.0,0,19,0,145,0,0,0,14,1260,0,,0,0,0,0,0.0,1,0,0,0,147,0,5,6.96,0,0,5,16,8,24,0,4,0.0,0.0,0,0,0,0,0,0,0.0,5,1,0,0.0,0,20,0,0,4,100.0,245,213,166,379,97.4,0,0,498,0,3,0,Alessio Cragno,Sampdoria,148740,2711,GK
19,0,0.0,8,78,34.06,44,306,350,69.44,3,60.0,2,18,0,0,0,0,136,0,0,0,4,15,18,0,0,0,1,3,0,0,,,0,0,0.0,118,0,0,22,20,2,0,0,,0,0.0,0,12,0,154,0,0,0,18,1575,0,,0,0,0,0,0.0,3,0,0,0,158,0,7,6.96,0,0,7,24,22,46,0,8,0.0,0.0,0,0,0,0,0,0,0.0,7,0,0,0.0,0,27,0,0,3,50.0,229,172,332,504,125.2,0,0,651,0,0,0,Luigi Sepe,US Salernitana 1919,46714,2710,GK
18,17,28.81,274,14,24.56,554,240,777,79.86,20,36.36,35,29,2,0,0,0,115,4,1,11,1,39,29,0,0,11,27,161,0,0,,,43,0,4.88,0,2,4,31,27,4,1,1,,124,49.6,0,0,0,196,24,34,0,28,2188,2,,1,2,0,0,0.0,0,0,0,1,361,15,0,6.96,2,2,0,0,0,0,0,0,1094.0,0.0,0,9,32,20,10,32,40.51,0,38,21,55.26,32,44,79,59,144,47.21,57,745,287,973,201.7,41,1,1483,56,9,2,Aldo Florenzi,Cosenza,1069547,2716,MF
103,0,0.0,48,249,47.34,137,1020,1157,80.01,13,92.86,1,38,0,0,0,0,282,0,0,0,8,39,38,1,0,0,0,1,3,2,,,0,0,0.0,137,0,0,44,37,7,0,0,,12,100.0,0,30,0,289,0,3,0,38,3420,0,,0,0,0,0,0.0,6,0,0,0,295,0,18,6.95,0,0,12,49,26,76,0,20,0.0,0.0,0,0,0,0,0,0,0.0,12,1,1,100.0,3,157,0,0,25,96.15,526,342,1104,1446,264.2,0,0,1764,16,0,0,Andrea Fulignati,Cremonese,293295,2761,GK
22,8,36.36,239,22,59.46,464,224,680,83.85,25,47.17,28,31,0,0,0,0,75,3,3,6,2,22,31,0,0,13,26,129,0,0,,,53,0,19.05,0,4,4,21,18,3,2,2,,85,45.7,1,0,0,131,9,27,1,21,1935,0,,0,0,0,0,0.0,0,0,0,1,196,12,0,6.95,0,2,0,0,0,0,0,0,483.75,0.0,0,13,8,9,6,5,29.41,0,45,30,66.67,27,36,17,22,110,46.03,37,586,247,811,215.5,21,1,1094,37,4,0,Roberto Soriano,US Salernitana 1919,80406,2710,MF
27,8,16.67,114,34,66.67,207,141,340,72.34,9,20.45,35,33,2,0,0,0,60,6,8,22,0,11,33,0,0,29,7,134,0,0,,,42,0,13.64,0,9,11,26,21,5,7,2,,79,44.38,0,0,2,130,2,19,0,21,2002,6,,0,0,3,0,100.0,0,3,0,1,292,19,0,6.95,0,9,0,0,0,0,0,0,222.44,0.0,8,39,27,18,26,16,34.78,0,14,8,57.14,19,61,46,48,88,39.64,51,357,161,470,229.4,66,2,856,50,8,0,Matteo Luigi Brunori,Palermo,152483,2715,MF
13,0,0.0,94,3,27.27,143,57,200,57.14,93,48.95,97,18,0,0,1,1,24,3,11,8,4,15,18,0,0,33,5,168,0,0,,,33,0,6.82,0,3,3,16,14,2,3,0,,56,44.09,1,0,1,150,3,18,0,17,1413,20,,0,0,3,0,33.33,0,1,0,0,260,7,0,6.95,0,2,0,0,0,0,0,0,471.0,0.0,0,40,4,20,16,10,55.56,0,10,4,40.0,18,28,18,5,149,47.0,11,281,74,350,125.1,44,1,623,38,3,0,Alberto Cerri,US Salernitana 1919,187121,2710,FW
12,0,0.0,20,103,36.01,77,183,260,58.69,2,66.67,1,16,0,0,0,0,124,0,0,0,6,18,16,0,0,0,0,1,1,0,,,0,0,0.0,108,0,0,15,13,2,0,0,,2,100.0,0,18,0,183,0,0,0,16,1440,0,,0,0,0,0,0.0,0,0,0,0,185,0,4,6.95,0,0,7,25,11,36,0,8,0.0,0.0,0,0,0,0,0,1,100.0,7,0,0,0.0,0,27,1,0,4,80.0,286,229,214,443,111.2,0,1,587,1,2,0,Oliver Christensen,US Salernitana 1919,860306,2710,GK
28,1,10.0,81,49,42.24,195,327,521,77.53,43,57.33,32,26,0,0,0,0,46,1,0,3,2,118,23,0,1,3,2,56,0,0,,,21,0,7.14,3,1,1,29,24,5,1,0,,44,64.71,0,0,0,151,25,8,0,22,1853,0,,0,0,0,0,0.0,0,0,0,0,185,3,0,6.95,1,1,0,0,0,0,0,0,1853.0,0.0,0,13,1,7,4,3,100.0,0,26,15,57.69,8,58,3,10,87,60.84,116,291,391,672,159.8,14,2,999,17,4,0,Mattia Caldara,Modena,362222,2706,DF
5,2,14.29,102,6,26.09,182,102,282,81.03,17,50.0,17,17,0,0,0,0,45,1,1,3,1,9,17,0,0,8,6,57,0,0,,,17,0,6.67,0,1,1,16,14,2,1,0,,65,61.9,1,0,1,66,9,14,0,13,1018,0,,0,0,0,0,0.0,0,0,0,0,116,3,0,6.95,0,0,0,0,0,0,0,0,1018.0,0.0,0,9,6,10,2,9,50.0,0,24,18,75.0,14,11,18,14,82,58.99,23,248,114,348,118.1,15,1,535,33,2,0,Ilias Koutsoupias,Catanzaro,964810,2796,MF
13,0,0.0,17,113,33.43,70,326,396,63.16,11,91.67,1,28,0,0,0,0,192,0,0,0,8,35,28,0,0,0,1,2,2,0,,,0,0,0.0,215,0,0,39,34,5,0,0,,3,75.0,0,18,0,231,0,0,0,28,2475,0,,1,0,0,0,0.0,5,0,1,0,233,0,17,6.95,0,0,7,47,36,83,0,16,0.0,0.0,0,0,0,0,0,1,100.0,7,0,0,0.0,0,22,1,0,14,87.5,338,253,374,627,194.5,0,2,880,4,1,0,Elhan Kastrati,Cittadella,284391,2717,GK
5,0,0.0,10,53,18.79,33,328,361,60.98,2,100.0,0,27,0,0,0,0,216,0,0,0,7,16,27,0,0,0,2,2,0,0,,,0,0,0.0,178,0,0,30,27,3,0,0,,4,66.67,0,21,1,231,0,0,0,27,2430,0,,0,0,0,0,0.0,3,0,2,0,238,0,2,6.94,0,0,6,48,18,67,0,14,0.0,0.0,0,0,0,0,0,0,0.0,6,0,0,0.0,0,13,0,0,6,75.0,282,224,368,592,187.5,0,1,851,3,3,0,Jonathan Klinsmann,Cesena,880761,2742,GK
31,5,27.78,143,83,39.52,378,686,1059,79.5,115,61.5,72,35,2,0,0,0,110,1,4,4,7,188,35,0,0,6,8,148,0,1,,,59,0,10.0,4,3,5,34,29,5,3,0,,62,44.93,2,0,0,273,28,7,1,34,3000,1,,0,0,0,0,0.0,0,0,0,0,419,4,0,6.94,0,0,0,0,0,0,0,0,1000.0,0.0,0,27,3,16,10,4,40.0,0,41,20,48.78,7,62,10,18,177,54.46,210,597,753,1332,243.0,30,0,1954,17,6,0,Simone Canestrelli,Pisa,911355,2737,DF
74,4,26.67,258,96,42.86,685,930,1611,85.06,119,56.94,90,35,2,0,0,0,102,1,1,2,7,139,35,0,0,4,13,160,0,2,,,56,0,7.69,12,1,3,36,30,6,1,0,,79,53.02,1,0,1,283,35,17,0,35,3074,0,,1,0,0,0,0.0,0,0,0,0,356,6,0,6.94,1,0,0,0,0,0,0,0,3074.0,0.0,0,10,3,9,2,5,62.5,0,48,29,60.42,17,153,8,15,198,55.31,224,894,1015,1894,243.0,13,0,2433,31,8,1,Matteo Bianchetti,Cremonese,158037,2761,DF
21,14,25.0,167,24,38.1,280,93,359,76.38,2,12.5,14,28,6,0,0,0,59,6,5,18,1,11,26,0,0,11,7,73,0,0,,,12,0,2.0,0,1,7,17,14,3,0,1,,58,49.57,0,0,1,111,4,32,0,17,1452,1,,0,1,0,0,0.0,0,0,0,1,234,13,0,6.94,0,1,0,0,0,0,0,0,1452.0,0.0,0,27,23,21,11,14,32.56,0,18,7,38.89,31,56,43,56,60,45.11,63,414,112,470,180.5,50,1,790,26,3,0,Federico Di Francesco,Palermo,320979,2715,MF
23,0,0.0,48,57,42.54,239,930,1169,87.76,96,60.38,63,25,0,0,0,0,81,2,3,4,5,154,24,0,1,5,6,97,1,3,,,23,0,6.67,41,1,1,22,21,1,1,0,,54,61.36,0,0,0,163,32,4,1,22,1896,0,,0,0,0,0,0.0,0,0,0,0,184,2,0,6.94,1,0,0,0,0,0,0,0,1896.0,0.0,0,14,1,7,4,7,87.5,0,29,16,55.17,4,55,8,4,150,60.73,134,342,994,1332,166.6,15,2,1685,19,3,0,Marco Varnier,Juve Stabia,828654,5324,DF
27,5,41.67,88,50,37.31,342,696,1033,86.3,41,61.19,26,24,1,0,0,0,75,1,3,3,5,63,24,0,0,3,2,62,1,2,,,33,0,0.0,3,0,1,25,23,2,0,0,,59,62.11,0,0,0,164,25,5,0,22,1918,0,,0,0,0,0,0.0,0,0,0,0,190,3,0,6.94,0,0,0,0,0,0,0,0,0.0,0.0,0,16,8,16,5,6,85.71,0,35,21,60.0,5,69,7,12,100,61.73,134,465,744,1197,166.6,24,0,1463,18,5,0,Dylan Bronn,US Salernitana 1919,845271,2710,DF
3,0,0.0,129,7,35.0,207,70,277,58.44,176,58.86,123,34,1,0,0,0,87,1,11,26,6,27,34,0,0,59,12,295,0,0,,,73,0,6.59,0,6,7,30,25,5,6,0,,122,41.5,2,0,3,197,7,26,2,28,2555,5,,0,0,1,0,100.0,0,1,0,0,410,14,0,6.94,0,2,0,0,0,0,0,0,425.83,0.0,0,79,12,39,26,21,35.0,0,20,11,55.0,26,10,60,1,298,50.25,20,390,85,474,236.0,91,1,1044,85,8,0,Gennaro Borrelli,Brescia,979479,2691,FW
66,4,50.0,104,86,46.24,295,580,871,79.11,100,57.8,73,27,0,0,0,0,87,0,0,3,8,155,27,0,0,1,12,114,0,2,,,29,0,0.0,1,0,0,33,29,4,0,0,,90,68.7,0,0,0,230,31,8,0,25,2241,1,,0,0,0,1,0.0,0,0,0,0,262,2,0,6.94,1,0,0,0,0,0,0,0,0.0,0.0,0,5,1,3,0,4,80.0,0,44,28,63.64,8,118,5,8,190,62.5,186,458,651,1101,187.4,6,2,1500,45,5,1,Nicola Pavan,Cittadella,555740,2717,DF
20,24,20.69,157,27,45.0,302,211,489,81.36,26,60.47,17,31,3,0,0,0,57,5,2,5,2,27,31,0,0,13,3,98,1,0,,,50,0,12.5,0,3,6,24,21,3,3,0,,92,53.18,0,0,1,112,25,25,2,20,1784,4,,0,1,0,0,0.0,0,0,0,0,288,4,0,6.94,0,1,0,0,0,0,0,0,594.67,0.0,0,15,9,12,7,13,46.43,0,42,25,59.52,24,37,28,116,118,54.63,60,483,234,601,215.1,24,0,1135,37,9,0,Tommaso Barbieri,Cremonese,993389,2761,MF
7,0,0.0,90,2,33.33,141,45,186,58.86,72,42.11,99,32,3,0,0,0,52,3,7,7,3,17,32,0,1,29,9,202,0,0,,,54,0,17.78,0,8,11,20,17,3,8,0,,66,39.05,3,0,2,130,4,25,2,25,2177,6,,0,0,0,0,0.0,0,0,0,0,258,19,0,6.94,1,3,0,0,0,0,0,0,272.13,0.0,0,42,3,25,13,14,50.0,0,12,8,66.67,25,8,28,1,138,40.59,6,253,64,316,222.0,45,2,636,43,3,0,Alexander Lind,Pisa,963041,2737,FW
20,25,33.33,116,30,71.43,221,107,303,81.23,14,43.75,18,26,0,0,0,0,64,5,1,14,0,9,24,0,0,20,7,92,0,0,,,24,0,5.71,0,2,2,17,16,1,2,0,,83,52.87,0,0,1,70,5,29,2,14,1117,4,,0,0,0,0,0.0,0,0,0,0,202,5,0,6.94,0,0,0,0,0,0,0,0,558.5,0.0,10,10,25,12,9,26,52.0,0,17,8,47.06,29,32,50,75,97,51.32,42,326,122,373,166.5,35,0,708,43,2,0,Fabio Maistro,Juve Stabia,863903,5324,MF
44,55,28.35,334,41,51.25,536,162,643,72.25,13,21.31,48,36,3,0,0,0,110,4,4,18,2,22,36,0,0,38,21,181,0,1,,,55,1,10.42,0,5,8,39,34,5,4,1,,109,45.04,1,0,0,247,8,49,0,28,2275,1,,0,0,3,0,100.0,0,3,0,0,534,20,0,6.94,1,4,0,0,0,0,0,0,455.0,5.88,17,18,30,17,13,29,51.79,0,24,19,79.17,49,92,56,194,122,40.26,80,894,190,890,249.7,48,1,1518,57,4,1,Daniele Casiraghi,Südtirol,148283,2760,MF
30,36,28.13,220,39,34.51,380,168,512,67.55,42,37.5,70,32,1,0,0,0,111,3,2,14,8,48,31,0,0,21,20,156,0,0,,,34,0,7.89,0,3,4,34,33,1,2,1,,93,51.96,1,0,0,246,13,51,0,29,2524,7,,0,0,0,0,0.0,0,0,0,0,442,12,0,6.94,0,2,0,0,0,0,0,0,841.33,0.0,5,17,21,14,10,9,37.5,0,28,17,60.71,51,79,24,128,135,46.39,113,678,208,758,215.0,38,1,1287,58,4,0,Alessio Vita,Cittadella,259959,2717,MF
27,15,20.55,153,18,38.3,271,141,397,67.29,52,46.02,61,35,8,0,0,0,74,11,6,5,3,44,34,0,0,25,12,178,0,0,,,55,0,10.0,0,3,11,19,18,1,3,0,,80,40.61,0,0,0,193,13,32,2,25,2138,6,,0,0,0,1,0.0,0,0,0,0,385,6,0,6.94,0,1,0,0,0,0,0,0,712.67,0.0,0,25,5,15,10,19,34.55,0,31,19,61.29,32,60,55,73,132,42.58,47,477,186,590,235.8,30,4,1047,31,3,0,Kevin Piscopo,Juve Stabia,895703,5324,MF
0,1,100.0,15,0,0.0,23,12,34,72.34,4,40.0,6,4,1,0,0,0,5,1,0,0,0,1,3,0,0,1,1,16,0,0,,,5,0,50.0,0,1,2,5,5,0,1,0,,2,16.67,1,0,0,13,0,1,0,2,170,0,,0,0,0,0,0.0,0,0,0,0,18,0,0,6.93,0,0,0,0,0,0,0,0,170.0,0.0,0,2,0,0,2,1,25.0,0,0,0,0.0,1,0,4,1,6,27.27,2,34,14,47,20.8,2,1,68,1,2,0,Janis Antiste,Sassuolo,963398,2793,MF
6,6,35.29,43,6,75.0,84,56,134,86.45,2,25.0,6,9,1,0,0,0,16,1,2,5,0,3,9,0,0,14,5,34,0,0,,,5,1,5.88,0,1,2,3,3,0,0,1,,22,44.0,0,0,0,21,2,12,0,4,404,2,,0,0,0,0,0.0,0,0,0,0,65,4,0,6.93,0,1,0,0,0,0,0,0,404.0,25.0,4,10,7,5,7,4,44.44,0,9,6,66.67,12,9,9,17,24,41.38,8,112,60,155,62.4,17,0,272,10,0,0,Cristian Buonaiuto,Cremonese,126989,2761,MF
7,0,0.0,2,18,42.86,8,52,60,68.18,0,0.0,0,3,0,0,0,0,14,0,0,0,2,2,3,0,0,0,0,0,0,0,,,0,0,0.0,13,0,0,2,2,0,0,0,,0,0.0,0,1,0,28,0,0,0,3,270,0,,0,0,0,0,0.0,0,0,0,0,28,0,1,6.93,0,0,0,5,0,5,0,0,0.0,0.0,0,0,0,0,0,0,0.0,0,0,0,0.0,0,11,0,0,0,0.0,42,22,66,88,20.8,0,0,103,0,0,0,Salvatore Sirigu,Palermo,18954,2715,GK
15,26,33.77,134,22,62.86,222,98,294,71.36,11,29.73,26,31,7,0,0,0,51,9,8,9,0,6,31,0,0,15,10,121,0,1,,,23,0,15.79,0,6,13,24,18,6,5,1,,82,46.33,1,0,5,118,2,37,0,12,1487,5,,0,1,0,0,0.0,0,0,0,1,307,12,0,6.93,0,5,0,0,0,0,0,0,247.83,0.0,2,26,12,14,15,29,36.25,0,17,15,88.24,36,32,80,77,93,43.46,35,373,116,412,214.9,38,3,822,38,5,0,Dennis Johnsen,Cremonese,869275,2761,FW
8,8,17.02,55,8,27.59,103,54,149,62.87,12,60.0,8,13,0,0,0,0,26,2,0,6,0,12,13,0,0,4,4,28,0,1,,,6,0,4.55,0,1,1,5,5,0,1,0,,26,56.52,0,0,3,88,4,11,1,9,723,0,,0,0,0,0,0.0,0,0,0,0,151,5,0,6.93,0,0,0,0,0,0,0,0,723.0,0.0,0,8,14,11,5,7,53.85,0,13,7,53.85,11,25,13,47,38,57.58,29,215,69,237,90.1,22,0,397,7,3,0,Rémi Oudin,Sampdoria,842709,2711,MF
23,3,60.0,87,33,57.89,260,476,733,91.51,38,57.58,28,17,1,0,0,0,52,1,2,1,1,61,17,0,0,2,3,61,1,1,,,29,0,12.5,18,1,2,15,12,3,1,0,,45,57.69,1,0,0,68,20,1,0,16,1196,0,,0,0,0,1,0.0,0,0,0,0,90,0,0,6.93,0,0,0,0,0,0,0,0,1196.0,0.0,0,7,1,3,4,5,100.0,0,21,15,71.43,1,43,5,5,83,57.64,57,297,509,801,117.8,8,0,1005,20,5,0,Federico Ceccherini,Cremonese,139410,2761,DF
19,9,19.15,117,38,59.38,236,264,491,83.79,12,54.55,10,24,3,0,0,0,59,3,0,4,3,32,23,0,0,6,16,49,0,0,,,7,0,10.0,0,1,4,15,14,1,0,1,,65,62.5,0,0,0,95,16,19,0,18,1537,0,,0,0,0,0,0.0,0,0,0,0,181,4,0,6.93,0,1,0,0,0,0,0,0,1537.0,0.0,0,4,6,4,2,12,54.55,0,23,14,60.87,19,35,22,47,77,61.11,64,338,295,586,159.3,10,1,914,30,2,0,Mario Šitum,Catanzaro,108030,2796,MF
7,8,23.53,199,4,36.36,317,155,464,79.05,4,25.0,12,35,2,0,0,0,65,8,2,6,2,17,35,0,0,19,12,99,0,0,,,30,0,12.12,0,4,6,24,22,2,4,0,,76,46.63,1,0,1,123,4,33,0,19,1889,4,,0,0,0,0,0.0,0,0,0,1,244,11,0,6.93,0,3,0,0,0,0,0,0,472.25,0.0,0,27,6,12,15,18,40.0,0,19,15,78.95,33,10,45,34,80,44.69,11,427,194,587,242.4,33,0,910,40,5,0,Mirko Antonucci,Cesena,826196,2742,MF
24,8,15.09,166,22,44.9,287,173,452,75.33,37,48.68,39,32,5,0,0,0,81,6,3,13,1,12,32,0,0,38,14,159,0,0,,,54,0,7.69,0,3,8,20,19,1,3,0,,96,44.44,1,0,1,148,7,27,0,23,1853,12,,0,1,1,0,100.0,0,1,0,2,299,13,0,6.93,0,2,0,0,0,0,0,0,617.67,0.0,0,25,14,15,11,22,53.66,0,26,18,69.23,26,47,41,53,133,45.55,49,451,202,600,221.6,39,2,974,54,8,0,Giuseppe Sibilli,Bari,895287,2712,MF
3,1,5.88,71,0,0.0,97,48,144,65.75,62,50.0,62,16,0,0,0,0,22,1,5,12,2,11,16,0,0,20,7,149,0,0,,,44,0,6.98,0,3,3,10,10,0,3,0,,59,40.41,0,0,2,75,3,7,2,13,1144,13,,0,0,0,0,0.0,0,0,0,0,202,5,0,6.93,1,1,0,0,0,0,0,0,381.33,0.0,4,30,13,17,14,18,42.86,0,10,6,60.0,7,5,42,17,121,44.81,3,174,62,219,110.8,43,1,524,34,4,1,M'Baye Niang,Sampdoria,139228,2711,FW
2,1,33.33,25,3,100.0,39,15,53,88.33,7,70.0,3,4,0,0,0,0,8,0,1,0,0,2,4,0,0,3,2,15,0,0,,,6,0,25.0,0,1,1,6,6,0,1,0,,15,55.56,1,0,0,7,2,4,0,4,251,1,,0,0,0,0,0.0,0,0,0,0,16,2,0,6.93,0,0,0,0,0,0,0,0,251.0,0.0,0,4,0,3,1,1,50.0,0,6,1,16.67,4,2,2,3,22,59.46,3,48,15,60,27.7,4,0,97,8,0,0,Diego Valencia,US Salernitana 1919,906110,2710,MF
6,9,18.0,72,3,37.5,114,56,161,80.5,13,41.94,18,17,3,0,0,0,34,1,3,7,0,5,17,0,0,5,2,44,0,0,,,12,0,10.71,0,3,6,4,4,0,2,1,,25,49.02,1,0,0,39,2,14,0,6,638,0,,0,0,0,0,0.0,0,0,0,0,114,5,0,6.92,0,2,0,0,0,0,0,0,212.67,0.0,0,21,7,10,11,6,42.86,0,5,5,100.0,14,16,14,50,38,46.34,8,189,61,200,117.7,28,1,383,15,3,0,Rachid Kouda,Spezia,1011815,2735,MF
11,2,22.22,43,12,52.17,89,34,121,80.67,6,28.57,15,10,1,0,0,0,14,2,0,1,0,7,9,0,0,2,5,30,0,0,,,5,0,14.29,0,1,2,7,6,1,0,1,,18,54.55,0,0,0,29,1,6,1,4,397,3,,0,0,0,0,0.0,0,0,0,0,50,0,0,6.92,0,0,0,0,0,0,0,0,397.0,0.0,0,4,3,3,3,4,50.0,0,5,3,60.0,6,17,8,9,24,44.44,23,120,39,150,62.3,7,1,225,9,1,0,Pajtim Kasami,Sampdoria,104818,2711,MF
24,0,0.0,26,160,44.57,113,176,289,58.62,5,100.0,0,18,0,0,0,0,137,0,0,0,4,20,18,0,0,0,0,0,1,1,,,0,0,0.0,149,0,0,29,26,3,0,0,,3,100.0,0,16,0,204,0,0,0,18,1620,0,,0,0,0,0,0.0,4,0,1,0,206,0,7,6.92,0,0,9,26,17,44,0,9,0.0,0.0,0,0,0,0,0,0,0.0,9,1,1,100.0,0,44,0,0,8,100.0,359,266,227,493,124.6,0,2,655,3,1,0,Giacomo Poluzzi,Südtirol,132023,2760,GK
46,2,22.22,60,97,50.26,241,908,1147,85.85,90,62.94,53,30,0,0,0,0,93,0,1,0,11,131,30,0,2,5,10,108,1,1,,,45,0,14.29,27,1,1,33,30,3,1,0,,66,54.55,1,0,0,189,33,12,0,30,2626,2,,0,1,0,3,0.0,0,0,0,0,230,1,0,6.92,2,0,0,0,0,0,0,0,2626.0,0.0,0,7,0,5,2,6,85.71,0,24,13,54.17,11,86,7,9,156,59.09,193,374,971,1336,207.6,7,1,1749,37,9,0,Julián Illanes,Carrarese,897124,2745,DF
29,6,24.0,252,28,37.84,463,342,799,78.8,47,46.53,54,37,4,0,0,0,128,5,6,13,3,36,37,0,0,20,26,144,0,0,,,38,0,9.09,0,4,8,18,17,1,4,0,,91,50.28,1,0,1,215,25,22,0,25,2333,4,,0,0,0,0,0.0,0,0,0,1,306,16,0,6.92,0,3,0,0,0,0,0,0,583.25,0.0,0,35,9,22,9,9,39.13,0,52,28,53.85,22,59,23,25,138,48.94,74,639,400,1014,256.0,44,0,1400,31,2,0,Gabriele Piccinini,Pisa,970778,2737,MF
7,0,0.0,2,39,32.77,18,153,171,68.13,4,80.0,1,11,0,0,0,0,106,0,0,0,4,11,11,0,0,0,1,3,0,0,,,1,0,0.0,81,0,0,17,17,0,0,0,,0,0.0,0,8,0,80,0,0,0,11,990,0,,0,0,0,1,0.0,1,0,1,0,81,0,5,6.92,0,0,5,20,9,30,0,8,0.0,0.0,0,0,0,0,0,0,0.0,5,0,0,0.0,0,11,0,0,4,57.14,119,80,171,251,76.1,0,1,372,1,3,0,Matteo Pisseri,Cesena,170885,2742,GK
29,0,0.0,57,44,46.32,315,1151,1466,93.08,51,62.96,30,22,0,0,0,0,63,0,2,1,4,115,22,0,1,1,9,71,0,0,,,31,0,0.0,23,0,0,26,20,6,0,0,,35,46.05,0,0,0,109,18,4,0,19,1847,1,,0,0,0,0,0.0,0,0,0,0,116,0,0,6.92,1,0,0,0,0,0,0,0,0.0,0.0,0,6,1,4,2,2,100.0,0,20,11,55.0,4,44,2,0,86,54.78,95,378,1197,1575,152.2,7,0,1816,13,6,0,Stefano Cella,Mantova,962365,2770,DF
9,3,16.67,158,10,71.43,298,173,468,82.39,5,35.71,9,35,3,0,0,0,52,3,1,10,0,5,35,0,0,16,7,64,0,0,,,9,0,17.65,0,6,9,25,21,4,5,1,,86,60.99,0,0,1,100,4,23,4,17,1513,2,,0,1,0,0,0.0,0,0,0,0,202,6,0,6.92,0,2,0,0,0,0,0,0,252.17,0.0,2,16,18,11,13,31,57.41,0,16,11,68.75,22,16,54,18,91,58.71,14,386,200,568,242.1,34,2,859,40,2,0,Davide Bragantini,Mantova,1101483,2770,MF
5,3,37.5,64,4,57.14,102,68,167,80.68,4,66.67,2,12,3,0,0,0,27,2,0,3,0,4,12,0,0,3,9,31,0,0,,,12,0,0.0,0,0,3,8,8,0,0,0,,42,59.15,0,0,0,40,5,9,0,5,605,0,,0,1,0,0,0.0,0,0,0,0,63,4,0,6.92,0,0,0,0,0,0,0,0,0.0,0.0,0,1,3,0,1,15,75.0,0,10,4,40.0,8,9,20,8,46,59.74,7,141,74,207,83.0,4,0,313,17,2,0,Rareș Ilie,Catanzaro,1092074,2796,MF
4,1,8.33,75,10,83.33,144,53,196,83.4,1,8.33,11,16,0,0,0,0,27,0,1,9,0,1,16,0,0,17,3,50,0,0,,,5,0,6.06,0,2,2,6,4,2,1,1,,48,55.17,0,0,0,39,3,6,0,6,702,1,,0,0,0,0,0.0,0,0,0,0,114,3,0,6.91,0,2,0,0,0,0,0,0,351.0,0.0,0,8,25,13,11,32,69.57,0,8,2,25.0,6,10,46,12,49,49.49,12,189,58,235,110.6,33,0,417,8,3,0,Jayden Braaf,US Salernitana 1919,961688,2710,FW
24,1,100.0,63,71,58.2,235,521,755,87.08,85,59.03,59,25,0,0,0,0,40,0,0,4,6,153,24,0,0,0,6,94,0,2,,,32,0,0.0,17,0,0,27,22,5,0,0,,26,42.62,0,0,0,112,14,5,0,22,1961,1,,0,0,0,1,0.0,0,0,0,0,121,1,0,6.91,0,0,0,0,0,0,0,0,0.0,0.0,0,11,3,9,1,0,0.0,0,18,13,72.22,5,37,0,1,111,54.15,122,309,559,867,165.9,14,0,1136,10,4,0,Francesco Vicari,Bari,328103,2712,DF
12,0,0.0,20,161,34.26,103,392,495,61.34,12,85.71,2,36,0,0,0,0,205,0,0,0,8,35,36,1,0,0,1,3,4,0,,,0,0,0.0,259,0,0,49,43,6,0,0,,4,80.0,0,23,0,312,0,1,0,36,3240,0,,1,0,0,0,0.0,2,0,0,0,316,0,20,6.91,0,0,2,65,29,96,0,30,0.0,0.0,0,0,0,0,0,0,0.0,2,0,0,0.0,1,28,0,0,16,84.21,470,354,453,807,248.8,0,3,1103,9,6,0,Francesco Bardi,Reggiana,80203,24516,GK
22,21,25.93,237,37,36.63,513,344,836,80.31,40,55.56,32,29,1,0,0,0,87,2,1,6,6,59,29,0,0,15,17,92,0,0,,,16,0,4.17,0,1,2,29,26,3,0,1,,65,52.0,0,0,0,205,18,17,1,25,2192,1,,0,0,0,0,0.0,0,0,0,0,372,5,0,6.91,0,0,0,0,0,0,0,0,2192.0,0.0,0,14,10,9,9,30,65.22,0,18,13,72.22,17,63,46,81,105,53.3,101,714,408,1041,200.4,24,1,1674,17,4,0,Josh Doig,Sassuolo,989276,2793,DF
32,10,27.78,182,49,53.26,403,396,789,86.8,16,53.33,14,20,1,0,0,0,65,0,0,5,2,29,20,0,0,2,13,50,0,0,,,19,0,7.69,0,1,2,31,27,4,0,1,,32,47.06,0,0,1,120,23,20,0,18,1613,1,,0,0,0,0,0.0,0,0,0,0,169,2,0,6.91,0,1,0,0,0,0,0,0,1613.0,0.0,1,2,11,5,3,1,25.0,0,18,13,72.22,20,67,4,36,48,48.98,92,517,428,909,138.2,13,0,1120,13,2,0,Tommaso Arrigoni,Südtirol,202034,2760,MF
3,4,22.22,59,4,57.14,97,33,126,78.75,4,33.33,8,10,1,0,0,0,17,1,0,4,0,4,10,0,1,1,2,15,0,0,,,3,0,0.0,0,0,1,4,3,1,0,0,,21,75.0,0,0,0,34,3,5,0,4,413,0,,0,0,0,0,0.0,0,0,0,0,58,3,0,6.91,1,0,0,0,0,0,0,0,0.0,0.0,1,4,7,3,4,4,66.67,0,10,7,70.0,5,9,6,18,25,62.5,7,135,43,160,69.1,11,0,238,7,0,0,Emanuel Vignato,Pisa,862373,2737,MF
61,0,0.0,103,106,45.69,426,1038,1464,86.37,110,63.58,63,35,0,0,0,0,106,1,1,3,8,170,35,0,0,4,12,118,0,1,,,44,0,6.67,53,1,1,45,40,5,1,0,,75,57.69,0,0,0,231,28,11,1,35,3089,1,,0,0,0,0,0.0,0,0,0,0,257,2,0,6.91,0,0,0,0,0,0,0,0,3089.0,0.0,0,14,1,8,4,2,50.0,0,39,21,53.85,11,126,4,1,185,61.06,232,581,1115,1695,241.8,15,2,2108,36,9,0,Ilario Monterisi,Frosinone,1009363,2801,DF
24,0,0.0,28,26,42.62,172,820,992,91.94,42,54.55,35,19,0,0,0,0,33,0,1,0,1,69,18,0,0,0,5,60,1,0,,,21,0,40.0,40,2,2,26,22,4,2,0,,33,56.9,2,0,1,87,15,1,0,18,1349,1,,0,0,0,0,0.0,0,0,0,0,94,0,0,6.91,0,0,0,0,0,0,0,0,674.5,0.0,0,5,0,1,4,0,0.0,0,19,10,52.63,1,41,0,2,75,55.56,61,215,866,1079,124.3,5,0,1255,16,4,0,Alex Redolfi,Mantova,346820,2770,DF
24,48,37.8,205,47,39.5,387,226,565,77.5,23,54.76,19,25,3,0,0,0,27,2,0,14,3,36,25,0,0,8,4,46,0,2,,,12,0,6.25,1,2,5,32,29,3,2,0,,31,53.45,0,0,2,164,7,37,2,24,2073,4,,0,0,1,0,100.0,0,1,0,0,290,4,0,6.9,0,0,0,0,0,0,0,0,1036.5,0.0,4,17,15,7,11,7,58.33,0,10,4,40.0,37,67,12,127,54,54.0,119,581,275,729,172.6,32,1,1147,15,4,0,Riccardo Marchizza,Frosinone,792311,2801,DF
6,1,25.0,98,6,66.67,174,87,260,66.5,77,53.85,66,26,0,0,0,0,16,1,3,14,0,17,26,0,1,19,0,106,0,0,,,19,0,10.2,0,5,5,20,17,3,5,0,,22,35.48,1,0,0,131,3,15,0,17,1481,5,,0,0,0,0,0.0,0,0,0,0,209,1,0,6.9,1,4,0,0,0,0,0,0,296.2,0.0,2,33,16,17,18,2,28.57,0,2,1,50.0,15,7,7,4,99,48.29,9,289,106,391,179.5,49,0,613,19,0,0,Pedro Mendes,Modena,905004,2706,FW
20,13,35.14,138,34,50.75,295,221,503,80.35,32,66.67,16,28,1,0,0,0,72,2,1,8,1,37,27,0,0,12,33,102,0,0,,,28,0,3.57,0,1,2,23,20,3,1,0,,76,46.91,1,0,0,123,28,18,0,18,1492,1,,0,0,0,0,0.0,0,0,0,0,206,6,0,6.9,0,0,0,0,0,0,0,0,1492.0,0.0,0,17,11,10,10,14,50.0,0,42,18,42.86,18,43,28,37,108,51.43,67,413,250,626,186.4,28,2,993,21,1,0,Massimo Bertagnoli,Brescia,928854,2691,MF
18,21,24.14,162,18,51.43,295,218,492,82.69,28,54.9,23,29,2,0,0,0,70,3,1,9,4,34,28,0,0,18,11,100,0,1,,,25,0,0.0,0,0,2,19,17,2,0,0,,99,56.25,0,0,1,103,15,23,0,20,1754,3,,0,0,0,0,0.0,0,0,0,0,259,4,0,6.9,0,0,0,0,0,0,0,0,0.0,0.0,2,12,13,13,3,28,53.85,0,38,20,52.63,23,38,52,87,127,55.95,35,423,259,595,193.3,25,0,1036,35,3,0,Andrea Oliveri,Bari,1067485,2712,MF
11,3,17.65,169,20,62.5,341,305,643,85.51,33,47.14,37,30,2,0,0,0,101,5,3,7,3,29,30,0,0,16,38,180,0,0,,,60,0,0.0,0,0,2,29,29,0,0,0,,179,55.59,0,0,0,109,21,19,0,28,2201,0,,0,0,0,1,0.0,0,0,0,0,235,15,0,6.9,0,0,0,0,0,0,0,0,0.0,0.0,0,14,9,12,4,15,31.91,0,89,51,57.3,19,20,47,17,212,54.08,32,432,337,752,207.1,23,0,1277,75,8,0,Christian Pierobon,Juve Stabia,1011492,5324,MF
41,15,33.33,211,35,64.81,342,124,451,78.03,7,18.42,31,34,5,0,0,0,99,6,0,12,2,4,34,0,0,22,28,161,0,0,,,26,0,7.89,0,3,8,22,19,3,3,0,,108,45.38,0,0,1,127,8,33,0,20,1861,0,,0,0,0,0,0.0,0,0,0,0,312,15,0,6.9,0,3,0,0,0,0,0,0,620.33,0.0,0,24,14,9,17,52,47.71,0,24,16,66.67,33,72,109,45,115,41.67,54,466,157,578,234.6,38,2,1034,32,4,0,Luigi Cherubini,Carrarese,1152834,2745,MF
32,2,28.57,181,61,62.24,409,329,736,85.48,13,48.15,14,26,1,0,0,0,130,0,2,6,4,20,26,0,1,14,23,99,1,0,,,35,0,8.33,0,2,3,27,25,2,2,0,,116,57.71,0,0,1,125,23,26,0,21,1719,1,,0,0,0,0,0.0,0,0,0,0,185,6,0,6.9,1,2,0,0,0,0,0,0,859.5,0.0,0,8,16,12,6,16,51.61,0,40,21,52.5,26,64,31,7,129,56.58,98,516,352,861,179.4,24,2,1172,61,6,0,Ebrima Darboe,Frosinone,1002902,2801,MF
11,3,27.27,35,5,38.46,62,33,92,77.31,5,50.0,5,9,0,0,0,0,8,2,1,2,0,1,9,0,0,5,2,19,0,0,,,3,0,22.22,0,2,2,2,2,0,1,1,,9,39.13,0,0,0,27,0,7,1,2,278,0,,0,0,1,0,100.0,0,1,0,0,45,1,0,6.9,0,1,0,0,0,0,0,0,139.0,0.0,0,5,4,2,5,2,33.33,0,4,3,75.0,7,17,6,11,14,42.42,13,92,38,119,62.1,9,0,165,3,0,0,Simone Verdi,Sassuolo,98058,2793,MF
23,18,31.58,83,53,50.96,190,233,405,77.29,35,66.04,18,25,0,0,0,0,41,0,0,1,1,87,24,0,0,0,7,56,0,0,,,29,1,33.33,0,2,2,14,12,2,1,1,,41,51.9,0,0,0,119,13,12,0,14,1240,1,,0,0,1,0,100.0,0,1,0,0,240,0,0,6.9,0,2,0,0,0,0,0,0,620.0,20.0,5,1,5,2,3,1,20.0,0,34,18,52.94,12,44,5,57,76,57.58,104,309,272,524,165.6,6,1,926,7,8,0,Adrian Rus,Pisa,887011,2737,DF
12,3,60.0,122,15,71.43,238,154,389,89.22,11,50.0,11,22,2,0,0,0,57,2,0,5,2,19,21,0,0,11,11,68,0,1,,,28,0,6.67,0,1,3,5,4,1,1,0,,53,48.18,0,0,1,47,7,8,0,10,989,0,,0,0,0,0,0.0,0,0,0,0,81,5,0,6.9,0,1,0,0,0,0,0,0,989.0,0.0,0,8,7,5,5,12,57.14,0,32,23,71.88,8,14,21,5,64,48.48,21,267,174,436,144.9,15,1,598,9,5,0,Edoardo Iannoni,Sassuolo,1013239,2793,MF
76,11,28.21,316,89,56.69,597,424,1010,82.65,37,57.81,27,33,2,1,0,0,127,4,2,11,8,49,33,0,1,12,31,138,0,1,,,58,0,4.17,2,1,3,25,23,2,1,0,,128,53.56,0,0,0,212,28,23,0,30,2556,0,,1,0,1,0,0.0,0,0,0,0,281,17,0,6.9,1,1,0,0,0,0,0,0,2556.0,0.0,0,5,19,9,4,11,45.83,0,78,42,53.85,23,133,24,39,165,54.46,157,782,479,1222,227.7,24,2,1631,42,9,0,Marius Marin,Pisa,797596,2737,MF
39,2,9.09,120,73,36.5,330,690,1018,82.63,63,53.39,55,34,3,0,0,0,73,3,5,3,8,146,33,0,0,6,16,150,0,0,,,69,0,0.0,1,0,3,31,29,2,0,0,,90,48.65,0,0,1,214,35,10,0,30,2621,2,,0,0,0,1,0.0,0,0,0,0,321,0,0,6.9,0,0,0,0,0,0,0,0,0.0,0.0,0,13,5,10,5,15,62.5,0,58,34,58.62,10,85,24,22,153,50.5,200,512,742,1232,227.7,18,2,1830,21,9,0,Marco Ruggero,Juve Stabia,984049,5324,DF
0,0,0.0,0,2,100.0,1,14,15,100.0,1,100.0,0,1,0,0,0,0,2,0,0,0,0,1,1,0,0,0,0,0,0,0,,,0,0,0.0,1,0,0,0,0,0,0,0,,0,0.0,0,0,0,0,0,0,0,1,37,0,,0,0,0,0,0.0,0,0,0,0,0,0,1,6.9,0,0,0,0,2,2,0,0,0.0,0.0,0,0,0,0,0,0,0.0,0,0,0,0.0,0,0,0,0,1,100.0,2,1,14,15,6.9,0,0,20,0,0,0,Alfred Gomis,Palermo,143695,2715,GK
1,1,33.33,13,2,100.0,24,7,30,90.91,2,100.0,0,2,0,0,0,0,1,0,0,0,0,1,2,0,0,0,0,1,0,0,,,1,0,0.0,0,0,0,0,0,0,0,0,,1,50.0,0,0,0,3,0,0,0,0,44,0,,0,0,0,0,0.0,0,0,0,0,8,0,0,6.9,0,0,0,0,0,0,0,0,0.0,0.0,0,2,1,3,0,0,0.0,0,1,0,0.0,0,1,0,3,3,75.0,2,28,8,33,13.8,3,0,48,0,0,0,Karlo Lulić,Bari,283851,2712,MF
1,0,0.0,10,1,33.33,16,13,29,65.91,4,57.14,3,6,0,0,0,0,8,2,0,0,0,1,5,0,0,1,2,12,0,0,,,2,0,0.0,0,0,0,2,2,0,0,0,,12,57.14,0,0,0,15,3,2,0,2,169,0,,0,0,0,0,0.0,0,0,0,0,27,0,0,6.9,0,0,0,0,0,0,0,0,0.0,0.0,0,0,0,0,0,6,60.0,0,5,2,40.0,2,2,10,2,16,57.14,3,26,20,44,34.5,0,0,84,1,1,0,Juan Manuel Cruz,Cosenza,1017372,2716,FW
17,1,20.0,23,30,41.67,98,254,351,81.25,43,64.18,24,14,0,0,0,0,32,0,1,3,4,78,14,0,0,1,2,44,0,2,,,16,0,0.0,1,0,0,13,12,1,0,0,,20,50.0,0,0,0,81,8,1,0,13,1061,1,,0,0,0,0,0.0,0,0,0,0,101,0,0,6.9,0,0,0,0,0,0,0,0,0.0,0.0,0,9,0,5,1,1,50.0,0,13,9,69.23,1,39,2,5,63,58.88,72,163,274,432,96.6,9,0,606,7,1,0,Giorgio Altare,Sampdoria,882004,2711,DF
64,4,23.53,342,82,60.74,679,427,1102,83.61,11,42.31,15,35,2,0,0,0,182,2,0,8,6,39,35,0,0,29,37,149,0,1,,,52,0,4.76,0,1,3,28,23,5,0,1,,132,49.62,0,0,0,216,18,21,0,33,2713,0,,0,0,0,1,0.0,0,0,0,0,319,9,0,6.9,0,1,0,0,0,0,0,0,2713.0,0.0,0,6,15,9,4,22,56.41,0,67,44,65.67,21,110,39,17,143,48.97,135,850,485,1318,241.4,21,1,1754,43,10,0,Mattia Maita,Bari,139402,2712,MF
24,5,31.25,117,43,37.07,338,444,777,84.09,59,54.13,50,25,0,0,0,0,100,0,0,4,5,98,23,0,1,11,6,95,1,0,,,26,0,0.0,0,0,0,22,19,3,0,0,,49,52.13,0,0,0,147,17,11,0,21,1896,0,,0,0,0,0,0.0,0,0,0,0,206,3,0,6.9,2,0,0,0,0,0,0,0,0.0,0.0,0,10,3,7,2,5,35.71,0,28,18,64.29,11,52,14,16,108,53.2,116,447,493,924,158.6,13,1,1259,19,4,1,Luka Lochoshvili,US Salernitana 1919,827473,2710,DF
8,0,0.0,10,22,40.0,57,374,431,84.51,72,65.45,38,16,1,0,0,0,39,0,1,1,2,103,16,0,0,1,3,62,0,0,,,22,0,20.0,18,2,3,14,13,1,2,0,,13,35.14,2,0,0,79,15,1,0,14,1181,0,,0,0,0,0,0.0,0,0,0,0,87,0,0,6.89,1,0,0,0,0,0,0,0,590.5,0.0,1,8,2,5,4,0,0.0,0,10,5,50.0,1,21,1,0,85,57.82,55,111,399,510,110.3,10,0,697,4,3,1,Gabriele Guarino,Carrarese,1137373,2745,DF
0,6,28.57,78,2,28.57,125,47,166,67.76,70,48.28,75,33,1,0,0,0,33,3,8,10,0,17,30,0,0,26,7,148,0,0,,,31,0,11.32,0,6,7,20,17,3,5,1,,49,40.16,1,0,1,79,3,17,3,14,1424,5,,0,0,0,0,0.0,0,0,0,1,191,7,0,6.89,0,2,0,0,0,0,0,0,237.33,0.0,0,47,6,17,26,10,40.0,0,6,3,50.0,17,3,25,21,119,44.57,7,206,60,245,206.8,53,0,542,33,2,0,Jérémy Le Douaron,Palermo,1047296,2715,FW
7,22,29.33,146,4,28.57,293,117,388,87.0,4,15.38,22,30,1,0,0,0,52,2,1,9,1,6,30,0,0,20,5,80,0,0,,,12,0,4.55,0,2,3,25,23,2,2,0,,75,56.39,0,0,2,58,4,26,1,13,1435,1,,0,0,0,0,0.0,0,0,0,0,192,4,0,6.89,0,1,0,0,0,0,0,0,717.5,0.0,10,14,30,20,15,21,44.68,0,16,9,56.25,26,15,47,75,79,49.69,14,394,127,446,206.8,44,0,774,38,0,0,Andrea Rizzo Pinna,Cosenza,865641,2716,MF
45,3,37.5,90,81,43.78,370,809,1176,85.71,53,60.23,35,29,0,0,0,0,97,4,0,1,9,117,29,0,0,3,6,81,1,3,,,36,0,33.33,17,1,1,27,23,4,1,0,,51,52.58,1,0,0,196,27,9,0,27,2394,0,,0,0,0,0,0.0,0,0,0,0,227,1,0,6.89,0,0,0,0,0,0,0,0,2394.0,0.0,0,3,0,1,1,4,66.67,0,33,18,54.55,9,91,6,8,104,56.22,185,523,857,1372,199.9,3,0,1676,14,5,0,Dimitrios Nikolaou,Palermo,788185,2715,DF
10,0,0.0,41,22,44.0,137,279,416,86.85,32,59.26,22,12,0,0,0,0,30,0,1,0,1,69,12,0,0,4,4,35,1,0,,,5,0,33.33,1,2,2,14,12,2,2,0,,15,53.57,0,0,0,63,4,2,2,11,929,0,,0,0,0,0,0.0,0,0,0,0,85,1,0,6.89,0,0,0,0,0,0,0,0,464.5,0.0,0,6,0,2,4,0,0.0,0,11,9,81.82,2,26,2,3,47,57.32,50,182,300,479,82.7,6,2,636,4,0,0,Mateus Lusuardi,Frosinone,1525361,2801,DF
43,2,20.0,178,53,55.21,470,380,848,86.97,34,62.96,20,35,0,0,0,0,78,1,1,2,4,42,34,0,0,10,13,70,0,0,,,27,0,10.0,0,1,1,14,12,2,0,1,,72,59.02,0,0,0,127,18,12,0,13,1519,0,,0,0,0,0,0.0,0,0,0,0,161,8,0,6.89,0,1,0,0,0,0,0,0,1519.0,0.0,0,3,7,6,2,13,92.86,0,43,30,69.77,12,78,14,10,106,60.23,96,569,416,975,234.3,10,0,1216,17,3,0,Pedro Obiang,Sassuolo,46799,2793,MF
19,1,20.0,68,39,43.33,210,516,725,85.5,25,43.1,33,24,1,0,0,0,44,0,1,1,4,101,22,0,1,1,5,49,0,0,,,12,0,11.11,1,1,2,20,18,2,1,0,,45,73.77,0,0,1,123,20,5,1,20,1685,2,,1,0,0,0,0.0,0,0,0,0,154,0,0,6.89,1,0,0,0,0,0,0,0,1685.0,0.0,0,6,3,4,4,2,66.67,0,29,20,68.97,5,46,3,5,70,58.82,90,277,576,848,151.6,9,0,1128,14,4,0,Cristian Cauz,Modena,812345,2706,DF
31,0,0.0,68,45,47.87,307,539,846,88.68,42,47.73,46,22,1,0,0,0,65,0,0,4,2,87,21,0,0,3,5,79,1,1,,,27,0,14.29,1,1,2,23,20,3,1,0,,50,60.24,0,0,0,108,11,3,1,18,1687,2,,0,0,0,1,0.0,0,0,0,0,130,0,0,6.89,0,0,0,0,0,0,0,0,1687.0,0.0,0,6,1,1,2,5,83.33,0,26,14,53.85,3,63,6,0,92,53.8,94,384,570,954,144.7,7,0,1185,19,3,0,Cas Odenthal,Sassuolo,991677,2793,DF
42,0,0.0,42,254,37.52,175,463,638,59.96,11,100.0,0,37,0,0,0,0,269,0,0,0,7,22,37,0,0,0,2,2,0,0,,,0,0,0.0,281,0,0,47,40,7,0,0,,6,75.0,0,59,0,426,0,1,0,37,3330,0,,0,0,0,0,0.0,4,0,1,0,432,0,11,6.89,0,0,2,50,38,89,0,15,0.0,0.0,0,0,0,0,0,1,100.0,2,1,0,0.0,1,76,1,0,17,89.47,677,549,515,1064,254.9,0,0,1376,5,1,0,Riccardo Gagno,Modena,811061,2706,GK
25,6,22.22,207,21,43.75,369,257,620,78.58,21,56.76,16,34,3,0,0,0,83,3,3,21,0,24,34,0,0,23,14,81,0,0,,,10,0,3.03,0,2,5,26,19,7,2,0,,75,53.57,0,0,2,169,4,26,2,18,1688,1,,0,2,0,0,0.0,0,0,0,0,282,9,0,6.89,0,0,0,0,0,0,0,0,844.0,0.0,6,26,40,25,20,9,31.03,0,24,18,75.0,24,50,29,27,96,54.24,48,521,295,789,234.2,66,1,1138,43,3,0,Francesco Galuppini,Mantova,229252,2770,MF
4,2,25.0,64,6,60.0,103,42,143,66.51,45,57.69,33,22,1,0,0,0,26,2,4,13,0,11,22,0,0,29,1,88,0,0,,,21,0,12.2,0,5,6,11,10,1,5,0,,37,40.22,0,0,1,72,2,8,2,7,784,3,,0,0,1,0,100.0,0,1,0,0,157,3,0,6.89,0,3,0,0,0,0,0,0,156.8,0.0,3,31,10,17,11,7,43.75,0,4,3,75.0,8,9,16,8,82,48.24,10,165,58,215,151.5,41,1,438,28,6,0,Andrea Favilli,Bari,785444,2712,FW
81,21,20.79,302,95,39.42,555,450,984,76.46,64,63.37,37,35,0,0,0,0,128,1,1,5,10,138,35,0,0,17,35,160,2,1,,,54,0,9.52,3,2,2,52,46,6,2,0,,107,46.52,0,0,2,303,31,24,1,34,3079,2,,1,0,0,0,0.0,0,0,0,0,516,7,0,6.89,0,1,0,0,0,0,0,0,1539.5,0.0,0,12,9,7,9,19,47.5,0,66,40,60.61,24,177,40,101,171,51.66,241,859,529,1287,241.0,21,2,2110,22,6,0,Lorenzo Carissoni,Cittadella,844081,2717,DF
15,18,38.3,121,19,45.24,276,194,452,84.17,11,45.83,13,20,1,0,0,0,56,3,0,1,1,23,20,0,0,5,9,54,0,0,,,22,0,0.0,0,0,1,10,9,1,0,0,,41,50.0,0,0,0,85,12,14,0,13,1204,1,,0,0,0,0,0.0,0,0,0,0,168,10,0,6.89,0,0,0,0,0,0,0,0,0.0,0.0,0,1,9,7,2,7,53.85,0,15,10,66.67,14,41,13,47,52,49.06,42,364,220,537,137.7,10,0,861,19,3,0,Edoardo Pieragnolo,Sassuolo,1069028,2793,DF
14,1,16.67,59,12,54.55,109,76,184,82.88,8,44.44,10,12,1,0,0,0,10,0,0,6,0,6,12,0,0,5,3,27,0,1,,,8,0,18.75,0,3,4,7,4,3,3,0,,10,37.04,0,0,0,38,1,6,0,3,412,1,,0,0,0,0,0.0,0,0,0,0,67,2,0,6.88,0,2,0,0,0,0,0,0,137.33,0.0,0,12,4,3,7,1,33.33,0,5,3,60.0,6,26,3,6,18,40.0,22,143,85,222,82.6,16,0,304,4,1,0,Mattia Valoti,Cremonese,139397,2761,MF
14,2,50.0,100,43,41.35,321,503,822,86.34,42,62.69,25,23,1,0,0,0,59,1,0,1,4,114,23,0,0,1,10,51,1,1,,,16,0,0.0,16,0,1,29,23,6,0,0,,45,63.38,0,0,0,130,36,7,0,23,1935,1,,1,0,0,0,0.0,0,0,0,0,143,0,0,6.88,0,0,0,0,0,0,0,0,0.0,0.0,0,1,2,1,1,1,100.0,0,33,15,45.45,7,37,1,4,87,63.04,104,417,539,952,158.3,3,1,1223,11,5,0,Christian Dalle Mura,Cosenza,965003,2716,DF
49,45,20.09,251,51,30.54,457,298,710,72.38,27,60.0,18,34,4,0,0,0,131,5,0,7,7,60,34,0,0,30,16,122,0,0,,,36,0,5.56,0,1,5,44,39,5,1,0,,107,50.71,0,0,0,271,18,45,0,29,2590,2,,0,0,0,0,0.0,0,0,0,0,606,3,0,6.88,0,1,0,0,0,0,0,0,2590.0,0.0,3,7,11,8,3,24,48.98,0,38,29,76.32,45,132,49,224,134,52.34,167,845,360,981,234.0,18,0,1829,46,4,0,Edoardo Masciangelo,Cittadella,813078,2717,MF
15,8,40.0,97,44,63.77,269,366,627,89.44,28,50.91,27,17,2,0,0,0,53,2,1,3,3,43,17,0,0,14,19,91,0,0,,,28,0,0.0,7,0,2,18,17,1,0,0,,54,45.76,0,0,0,74,9,16,0,17,1379,0,,0,0,0,0,0.0,0,0,0,0,123,5,0,6.88,0,0,0,0,0,0,0,0,0.0,0.0,0,3,2,1,1,5,55.56,0,29,14,48.28,16,30,9,20,82,47.4,69,339,382,701,117.0,5,0,921,22,5,0,Alexis Blin,Palermo,318657,2715,MF
35,9,20.0,95,21,40.38,225,182,398,82.57,10,40.0,15,14,1,0,0,0,51,2,0,5,2,26,14,0,0,3,9,41,0,1,,,15,0,0.0,0,0,1,8,7,1,0,0,,31,54.39,0,0,0,84,5,17,0,10,862,0,,0,2,0,0,0.0,0,0,0,0,131,6,0,6.88,0,0,0,0,0,0,0,0,0.0,0.0,1,1,9,5,0,7,100.0,0,14,11,78.57,15,67,7,45,41,50.0,52,328,199,482,96.3,10,0,626,11,1,0,Matteo Ricci,Sampdoria,225132,2711,MF
29,1,6.67,214,51,62.96,477,381,857,88.72,7,20.59,27,32,1,0,0,0,128,3,0,6,6,29,32,0,0,25,12,114,1,1,,,34,0,10.53,0,2,3,27,22,5,1,1,,101,53.72,0,0,0,109,12,27,0,27,2375,2,,0,0,0,0,0.0,0,0,0,0,205,6,0,6.88,0,2,0,0,0,0,0,0,1187.5,0.0,0,5,14,7,6,36,67.92,0,39,24,61.54,27,42,53,15,108,48.65,81,576,405,966,220.1,19,2,1296,26,4,0,Claudio Gomes,Palermo,864731,2715,MF
5,0,0.0,167,3,75.0,262,112,374,77.11,39,41.05,56,35,7,0,0,0,41,4,6,8,1,32,35,0,0,57,7,186,0,0,,,46,0,6.67,0,2,9,42,35,7,2,0,,149,53.41,0,0,1,111,2,34,0,31,2391,24,,0,0,0,0,0.0,0,0,0,0,313,12,0,6.87,0,2,0,0,0,0,0,0,1195.5,0.0,0,27,3,12,10,15,36.59,0,18,5,27.78,34,8,41,20,188,50.27,4,367,138,485,240.6,30,0,970,116,4,0,Davis Mensah,Mantova,351880,2770,FW
10,19,35.19,58,9,45.0,97,26,104,72.73,6,35.29,11,19,1,0,0,0,20,2,0,2,0,1,19,0,0,9,5,33,0,0,,,7,0,5.88,0,1,2,7,7,0,1,0,,26,54.17,1,0,0,39,2,15,0,5,527,1,,0,0,0,0,0.0,0,0,0,0,98,3,0,6.87,0,0,0,0,0,0,0,0,527.0,0.0,1,9,8,7,8,10,76.92,0,4,2,50.0,15,19,13,54,32,49.23,20,162,35,143,130.6,17,1,295,15,3,0,Nicola Bellomo,Bari,126161,2712,MF
18,4,23.53,78,32,36.78,159,137,292,72.64,19,67.86,9,15,0,0,0,0,40,2,1,1,1,70,15,0,1,2,2,33,0,0,,,17,0,0.0,0,0,0,23,20,3,0,0,,48,66.67,0,0,1,110,7,8,0,14,1221,0,,0,0,0,0,0.0,0,0,0,0,171,0,0,6.87,1,0,0,0,0,0,0,0,0.0,0.0,0,3,1,2,1,1,20.0,0,29,20,68.97,8,47,5,17,67,67.0,87,256,163,402,103.1,4,1,675,20,3,0,Filippo Sgarbi,Cosenza,826693,2716,DF
11,0,0.0,104,6,66.67,184,56,240,71.64,47,38.21,76,34,2,0,0,0,31,2,11,12,2,22,34,0,0,23,7,141,0,0,,,36,0,14.29,0,8,10,18,14,4,7,1,,38,36.89,4,0,2,95,3,20,0,16,1661,4,,0,0,1,0,100.0,0,1,0,0,184,14,0,6.87,0,4,0,0,0,0,0,0,207.63,0.0,0,48,8,23,21,5,41.67,0,8,5,62.5,20,19,12,2,85,37.61,9,264,73,335,233.6,56,3,600,26,3,0,Manuel De Luca,Cremonese,850971,2761,FW
52,6,25.0,136,72,33.96,285,342,621,72.13,53,55.79,42,30,1,0,0,0,76,0,0,8,8,99,30,0,0,3,7,80,0,0,,,30,0,11.11,2,2,3,35,33,2,2,0,,45,54.22,1,0,0,240,31,6,1,26,2416,0,,0,0,0,0,0.0,0,0,0,0,324,2,0,6.87,0,0,0,0,0,0,0,0,1208.0,0.0,0,12,6,6,4,0,0.0,0,38,23,60.53,6,135,2,24,98,55.06,212,491,394,861,206.1,18,1,1278,7,6,0,Andrea Giorgini,Südtirol,994346,2760,DF
18,1,100.0,34,43,61.43,139,352,490,89.42,45,73.77,16,10,0,0,0,0,32,0,0,2,1,47,10,0,0,1,3,28,1,0,,,9,0,0.0,5,0,0,18,16,2,0,0,,13,52.0,0,0,0,58,10,1,0,10,874,0,,0,0,0,1,0.0,0,0,0,0,63,0,0,6.87,0,0,0,0,0,0,0,0,0.0,0.0,0,5,1,4,0,0,0.0,0,7,3,42.86,1,31,0,1,58,67.44,70,178,371,548,68.7,6,0,652,8,2,0,Luca Ceppitelli,Südtirol,131108,2760,DF
32,3,15.79,147,33,45.21,257,134,388,69.04,25,51.02,24,23,2,0,0,0,81,2,0,9,0,28,23,0,0,11,30,122,0,1,,,45,0,9.09,0,2,4,24,20,4,2,0,,70,41.67,0,0,0,174,23,17,0,21,1514,4,,0,0,0,0,0.0,0,0,0,0,247,6,0,6.87,0,2,0,0,0,0,0,0,757.0,0.0,0,12,10,10,3,10,43.48,0,39,26,66.67,17,80,23,19,95,43.78,73,394,187,562,158.0,22,0,882,22,5,0,Simone Tronchin,Cittadella,1012133,2717,MF
51,24,23.76,230,77,39.29,440,348,764,72.21,21,51.22,20,36,2,0,0,0,157,3,0,9,8,89,36,0,0,9,48,128,0,0,,,29,0,0.0,0,0,2,36,34,2,0,0,,134,55.37,0,0,0,294,28,27,0,33,2930,3,,0,0,0,0,0.0,0,0,0,0,482,8,0,6.87,0,0,0,0,0,0,0,0,0.0,0.0,0,12,21,15,9,18,45.0,0,70,42,60.0,27,126,40,101,155,54.77,196,731,428,1058,247.3,33,0,1856,48,10,0,Lorenzo Dickmann,Brescia,558552,2691,DF
35,1,9.09,152,54,53.47,364,311,674,81.01,32,53.33,28,27,1,0,0,0,68,3,0,16,4,56,26,0,0,13,22,109,0,0,,,38,0,2.56,0,1,2,24,22,2,1,0,,71,46.71,0,0,0,158,14,12,0,22,1813,0,,0,0,0,0,0.0,0,0,0,0,216,5,0,6.87,0,1,0,0,0,0,0,0,1813.0,0.0,0,10,29,17,6,7,38.89,0,46,29,63.04,12,67,18,11,103,48.58,101,492,351,832,178.6,39,0,1145,18,9,0,Charlys,Cosenza,1466543,2716,MF
34,16,21.62,182,30,46.88,389,308,681,85.98,11,32.35,23,23,1,0,0,0,89,1,0,1,3,19,23,0,0,16,8,76,0,0,,,23,0,0.0,0,0,1,26,23,3,0,0,,63,54.31,0,0,0,111,8,20,0,17,1626,1,,0,0,0,1,0.0,0,0,0,0,227,6,0,6.87,0,0,0,0,0,0,0,0,0.0,0.0,0,11,4,10,4,8,44.44,0,21,14,66.67,20,56,18,74,74,49.33,64,523,343,792,157.9,15,0,1101,34,2,0,Francesco Gelli,Frosinone,595900,2801,MF
24,2,15.38,70,61,55.96,177,333,508,84.39,17,54.84,14,17,0,0,0,0,39,0,0,1,5,44,17,0,0,2,9,37,0,0,,,11,0,0.0,0,0,0,14,13,1,0,0,,29,55.77,0,0,0,94,8,2,0,13,1170,0,,0,0,0,0,0.0,0,0,0,1,126,0,0,6.86,0,0,0,0,0,0,0,0,0.0,0.0,0,2,1,1,1,2,50.0,0,16,11,68.75,2,46,4,13,46,55.42,109,260,355,602,116.7,3,0,779,11,3,0,Mauro Coppolaro,Carrarese,363852,2745,DF
20,3,18.75,100,38,39.18,241,323,561,83.23,34,56.67,26,26,0,0,0,0,42,0,1,0,3,78,25,0,0,2,2,52,0,2,,,21,0,7.69,1,1,1,28,25,3,1,0,,43,62.32,1,0,1,113,21,7,0,16,1617,0,,0,0,0,0,0.0,0,0,0,1,169,0,0,6.86,0,0,0,0,0,0,0,0,1617.0,0.0,0,12,1,10,3,3,42.86,0,27,18,66.67,7,46,7,16,77,59.69,97,327,363,674,171.6,13,2,1006,16,2,0,Gabriele Bracaglia,Frosinone,1394498,2801,DF
3,1,7.69,103,4,40.0,158,79,236,65.92,57,35.19,105,33,1,0,0,0,53,3,7,11,0,16,33,0,0,29,2,200,0,0,,,56,0,13.73,0,7,8,31,25,6,7,0,,76,44.44,0,0,2,122,5,22,2,23,1977,19,,0,0,1,0,100.0,0,1,0,0,259,11,0,6.86,0,5,0,0,0,0,0,0,282.43,0.0,0,40,11,21,19,14,40.0,0,17,11,64.71,22,15,35,13,133,39.94,10,269,102,358,226.5,51,0,734,48,9,0,Cedric Gondo,Reggiana,812207,24516,FW
21,5,11.11,137,22,38.6,230,176,401,74.67,9,45.0,11,28,1,0,0,0,93,2,1,9,2,35,27,0,1,5,30,78,0,0,,,24,0,0.0,0,0,1,25,21,4,0,0,,84,55.63,0,0,0,136,25,23,0,19,1723,3,,0,0,0,0,0.0,0,0,0,0,242,10,0,6.86,1,0,0,0,0,0,0,0,0.0,0.0,0,6,11,8,0,12,52.17,0,48,31,64.58,23,44,23,45,93,54.39,57,371,211,537,185.3,17,0,918,24,8,0,Manuel Marras,Reggiana,202036,24516,MF
43,31,43.66,183,71,48.63,480,470,919,82.35,15,39.47,23,31,2,0,0,0,109,1,1,5,4,56,31,0,0,10,24,104,0,0,,,40,0,6.67,0,1,3,30,28,2,1,0,,73,47.4,0,0,0,197,27,30,1,27,2239,0,,1,0,0,0,0.0,0,0,0,0,298,8,0,6.86,0,0,0,0,0,0,0,0,2239.0,0.0,0,5,10,6,4,12,57.14,0,43,24,55.81,30,96,21,71,88,45.83,146,656,531,1116,212.7,15,0,1491,21,7,0,Tobías Reinhart,Reggiana,946304,24516,MF
3,0,0.0,5,31,24.03,24,103,127,55.95,6,100.0,0,10,0,0,0,0,58,0,0,0,3,6,10,0,0,1,0,1,2,0,,,0,0,0.0,59,0,0,15,13,2,0,0,,1,50.0,0,8,0,100,0,0,0,7,753,0,,0,0,0,0,0.0,1,0,1,0,104,0,3,6.86,0,0,2,23,10,33,0,9,0.0,0.0,0,0,0,0,0,0,0.0,2,0,0,0.0,0,10,0,0,7,87.5,129,102,125,227,68.6,0,2,316,2,0,0,Paolo Vismara,Sampdoria,1068684,2711,GK
5,1,14.29,125,4,66.67,226,81,306,80.95,31,28.18,79,32,3,0,0,0,47,1,5,11,2,16,32,0,0,41,3,167,0,0,,,30,0,21.95,0,9,12,16,13,3,9,0,,54,38.03,1,0,0,72,4,17,0,19,1625,6,,0,0,0,0,0.0,0,0,0,0,215,9,0,6.86,0,8,0,0,0,0,0,0,180.56,0.0,0,37,4,10,20,22,53.66,0,14,10,71.43,17,12,41,7,85,33.73,6,285,100,378,219.5,41,1,684,18,3,0,Samuele Mulattieri,Sassuolo,927030,2793,FW
13,5,19.23,91,10,37.04,173,122,290,75.92,4,13.79,25,24,2,0,0,0,47,2,2,5,0,13,24,0,0,30,19,124,0,1,,,26,0,16.13,0,5,7,16,13,3,5,0,,83,45.6,2,0,0,92,5,12,1,10,1023,4,,0,0,0,0,0.0,0,0,0,0,213,6,0,6.86,0,2,0,0,0,0,0,0,204.6,0.0,1,18,13,13,13,22,47.83,0,31,14,45.16,12,26,46,26,87,41.23,27,269,139,382,164.6,31,1,695,31,6,0,Natan Girma,Reggiana,1513570,24516,FW
10,17,20.48,112,15,26.32,226,125,334,71.52,20,39.22,31,24,1,0,0,0,66,4,1,3,3,40,24,0,1,11,13,91,0,1,,,26,0,12.5,0,2,3,24,20,4,2,0,,75,55.56,0,0,0,133,12,23,1,18,1523,2,,0,1,0,0,0.0,0,0,0,0,273,4,0,6.86,1,1,0,0,0,0,0,0,761.5,0.0,1,10,6,10,3,14,53.85,0,39,26,66.67,22,32,26,83,95,51.08,57,393,157,467,164.6,16,0,912,25,5,0,Nikolas Ioannou,Sampdoria,353210,2711,MF
12,14,27.45,76,7,35.0,151,73,210,81.4,4,33.33,8,20,0,0,0,0,42,4,0,5,0,11,19,0,0,7,10,52,0,1,,,17,0,6.25,0,1,1,14,8,6,1,0,,49,52.69,0,0,0,48,12,17,1,11,991,2,,0,0,0,0,0.0,0,0,0,0,126,5,0,6.86,0,0,0,0,0,0,0,0,991.0,0.0,0,9,7,8,3,7,41.18,0,6,5,83.33,17,24,17,51,53,50.48,20,217,92,258,130.3,16,0,480,36,2,0,Francesco Di Mariano,Palermo,263567,2715,MF
48,4,28.57,115,60,43.17,257,356,609,82.08,26,76.47,8,16,1,0,0,0,37,0,0,0,0,76,16,0,0,1,5,30,2,0,,,16,0,0.0,2,0,1,24,20,4,0,0,,29,56.86,0,0,0,133,21,7,0,14,1250,2,,0,0,0,1,0.0,0,0,0,0,167,2,0,6.86,0,0,0,0,0,0,0,0,0.0,0.0,0,1,2,2,1,2,100.0,0,20,13,65.0,7,90,2,14,55,64.71,139,367,389,742,109.7,3,2,997,9,4,0,Andrea Masiello,Südtirol,17814,2760,DF
2,2,11.11,65,5,71.43,105,44,147,70.0,9,36.0,16,18,2,0,0,0,23,3,1,5,0,3,18,0,1,27,4,92,0,0,,,17,0,12.5,0,3,5,12,11,1,2,1,,69,47.59,0,0,1,63,1,7,0,10,967,10,,0,0,0,0,0.0,0,0,0,0,185,3,0,6.86,1,3,0,0,0,0,0,0,322.33,0.0,0,21,3,10,9,25,45.45,0,6,3,50.0,7,7,55,18,78,45.88,7,169,59,210,123.4,24,2,472,39,5,0,Augustus Kargbo,Cesena,917327,2742,FW
20,10,33.33,138,34,46.58,269,169,428,77.68,28,63.64,16,27,0,0,0,0,74,2,1,11,1,59,27,0,0,7,8,64,0,0,,,29,0,3.23,0,1,1,28,26,2,1,0,,60,55.56,0,0,1,123,16,14,0,19,1649,0,,0,0,0,0,0.0,0,0,0,0,182,9,0,6.86,1,1,0,0,0,0,0,0,1649.0,0.0,1,11,20,12,8,10,58.82,0,23,17,73.91,14,41,17,30,88,57.89,73,390,191,551,185.1,31,1,836,30,0,1,Mateusz Praszelik,Südtirol,863022,2760,MF
53,6,40.0,156,105,41.02,494,1103,1591,86.05,75,55.97,59,36,0,0,0,0,129,1,1,4,9,154,36,0,0,4,7,109,0,1,,,39,0,0.0,1,0,0,43,41,2,0,0,,54,51.92,0,0,2,258,25,7,0,36,3178,2,,1,0,0,0,0.0,0,0,0,0,290,5,0,6.86,0,0,0,0,0,0,0,0,0.0,0.0,0,12,6,7,7,0,0.0,0,31,17,54.84,7,133,2,15,129,54.2,256,666,1198,1849,246.8,18,0,2249,27,5,0,Massimiliano Mangraviti,Cesena,826841,2742,DF
18,32,33.33,149,26,28.57,278,273,519,68.38,76,68.47,35,35,4,0,0,0,95,7,0,7,3,82,35,0,0,17,20,126,0,0,,,32,0,5.26,0,1,5,31,28,3,1,0,,101,52.6,0,0,0,240,23,26,1,30,2375,5,,0,0,0,1,0.0,0,0,0,0,422,6,0,6.85,0,0,0,0,0,0,0,0,2375.0,0.0,0,9,10,6,6,17,42.5,0,42,26,61.9,26,52,40,96,177,58.42,91,482,373,759,239.9,19,2,1396,45,3,0,Simone Zanon,Carrarese,945629,2745,MF
39,13,24.53,201,29,36.25,376,313,676,79.34,3,15.0,17,33,0,0,0,0,120,0,2,7,1,45,32,0,0,20,25,118,1,0,,,36,0,6.06,0,2,2,26,25,1,2,0,,120,54.3,1,0,0,176,27,18,0,22,2078,2,,0,0,0,0,0.0,0,0,0,0,320,8,0,6.85,0,1,0,0,0,0,0,0,1039.0,0.0,0,20,13,11,15,30,56.6,0,43,20,46.51,18,69,53,53,123,51.04,80,533,372,852,219.3,33,0,1414,47,11,0,Emanuele Adamo,Cesena,824247,2742,MF
10,11,26.83,107,12,57.14,212,73,274,84.57,10,29.41,24,28,2,0,0,0,37,3,4,13,0,7,27,0,0,40,1,117,0,0,,,27,0,11.76,0,4,6,15,13,2,4,0,,78,45.61,0,0,0,50,3,12,3,8,1144,3,,0,0,0,0,0.0,0,0,0,1,186,5,0,6.85,0,1,0,0,0,0,0,0,286.0,0.0,4,18,16,10,11,26,50.98,0,20,9,45.0,12,19,51,41,88,42.93,21,283,82,324,185.0,34,1,653,34,3,0,Elayis Tavsan,Cesena,929631,2742,MF
8,3,18.75,104,11,61.11,163,49,209,83.27,2,40.0,3,27,2,0,0,0,44,4,1,7,0,2,27,0,0,19,9,70,0,0,,,15,0,6.06,0,2,4,14,12,2,2,0,,86,56.21,0,0,0,42,5,14,2,9,925,0,,0,0,0,0,0.0,0,0,0,1,143,4,0,6.85,0,0,0,0,0,0,0,0,462.5,0.0,3,8,25,16,10,27,51.92,0,18,10,55.56,14,13,52,16,88,55.7,18,212,55,251,185.0,33,1,520,42,1,0,Kleis Bozhanaj,Modena,970874,2706,MF
9,2,16.67,193,12,75.0,307,83,388,80.83,1,11.11,8,30,3,0,0,0,46,3,6,20,0,6,30,0,0,34,3,82,0,0,,,5,0,10.87,0,5,8,26,20,6,5,0,,91,55.15,0,0,1,92,1,27,0,24,1845,9,,0,0,0,0,0.0,0,0,0,0,220,7,0,6.85,0,5,0,0,0,0,0,0,369.0,0.0,0,32,14,15,11,37,52.86,0,7,6,85.71,27,14,70,12,92,52.87,16,388,104,480,205.5,46,0,802,47,3,0,Giuseppe Caso,Modena,946985,2706,MF
19,11,25.58,110,16,50.0,209,221,419,79.36,4,36.36,7,20,2,0,0,0,74,3,1,5,2,28,20,0,0,17,13,88,1,0,,,27,0,13.64,0,3,5,22,17,5,3,0,,74,47.74,0,0,0,109,9,14,0,18,1452,3,,0,0,0,0,0.0,0,0,0,0,220,7,0,6.85,0,3,0,0,0,0,0,0,484.0,0.0,0,14,8,8,9,16,38.1,0,31,20,64.52,14,34,42,43,78,46.99,32,303,268,528,137.0,22,2,912,28,5,0,Nicolò Radaelli,Mantova,1402135,2770,DF
17,5,22.73,143,14,46.67,204,106,305,65.87,51,41.46,72,33,2,0,0,1,49,6,7,20,0,11,33,0,0,30,5,142,1,0,,,22,0,12.5,0,8,10,31,26,5,6,2,,37,34.58,0,0,2,158,1,36,3,22,1955,18,,0,0,2,0,50.0,0,1,0,1,297,13,0,6.85,0,5,0,0,0,0,0,0,244.38,0.0,3,43,21,21,23,14,41.18,0,11,5,45.45,36,42,34,22,88,38.26,30,359,126,463,226.0,64,2,775,13,1,0,Massimo Coda,Sampdoria,41222,2711,FW
64,5,35.71,186,114,38.51,450,744,1189,78.85,58,49.57,59,33,0,0,0,0,72,2,2,7,6,122,33,0,0,1,11,114,0,0,,,43,0,9.09,2,2,2,31,30,1,2,0,,50,47.62,2,0,2,319,22,15,0,32,2620,1,,0,0,0,0,0.0,0,0,0,0,416,4,0,6.85,0,0,0,0,0,0,0,0,1310.0,0.0,0,16,6,9,6,3,42.86,0,28,17,60.71,15,140,7,14,108,48.65,296,690,832,1508,226.0,22,0,1990,20,8,0,Marco Bellich,Juve Stabia,896244,5324,DF
15,0,0.0,53,35,44.87,179,373,552,85.98,26,57.78,19,20,0,0,0,0,53,0,0,0,4,56,19,0,0,2,8,39,0,0,,,11,0,25.0,0,1,1,15,12,3,1,0,,41,67.21,0,0,0,90,7,2,1,14,1304,1,,1,0,0,0,0.0,0,0,0,0,114,0,0,6.85,0,0,0,0,0,0,0,0,1304.0,0.0,0,4,0,2,2,4,80.0,0,25,21,84.0,2,39,5,3,67,63.21,78,248,397,642,130.1,4,2,832,13,3,0,Gabriele Calvani,Brescia,1425050,2691,DF
89,7,14.89,173,87,35.22,331,419,743,73.35,61,62.24,37,32,2,0,0,0,106,2,3,3,9,135,32,0,0,5,16,99,0,0,,,36,0,0.0,0,0,2,30,27,3,0,0,,67,51.94,0,0,1,270,32,10,0,25,2323,0,,0,0,0,1,0.0,0,0,0,0,429,3,0,6.85,1,0,0,0,0,0,0,0,0.0,0.0,3,10,10,11,6,11,64.71,0,34,25,73.53,10,164,17,47,128,56.39,247,565,495,1013,219.1,20,0,1674,23,7,1,Alessandro Salvi,Cittadella,126880,2717,DF
5,0,0.0,60,9,69.23,95,54,149,63.68,44,49.44,45,23,1,0,0,0,17,1,1,6,0,9,22,0,0,14,0,73,0,0,,,15,0,21.05,0,4,5,12,11,1,4,0,,32,53.33,1,0,0,85,2,8,1,7,913,6,,0,0,1,0,100.0,0,1,0,1,127,2,0,6.85,0,2,0,0,0,0,0,0,228.25,0.0,0,16,3,4,9,6,60.0,0,5,3,60.0,8,9,10,2,76,51.01,13,162,74,234,150.6,19,0,360,25,4,0,Ettore Gliozzi,Modena,374506,2706,FW
8,0,0.0,31,15,26.32,97,213,310,77.69,37,51.39,35,16,0,0,0,0,46,0,1,3,3,95,16,0,0,2,2,69,0,0,,,29,0,0.0,0,0,0,13,12,1,0,0,,29,46.03,0,0,0,89,24,1,0,13,1112,1,,0,0,0,1,0.0,0,0,0,0,110,2,0,6.84,0,0,0,0,0,0,0,0,0.0,0.0,0,6,0,3,0,1,50.0,0,25,14,56.0,1,22,2,2,66,48.89,57,154,247,399,109.5,6,0,625,4,5,0,Elio Capradossi,Cittadella,284355,2717,DF
3,0,0.0,32,2,100.0,46,19,65,53.28,52,46.43,60,24,1,0,0,0,14,1,0,6,0,10,23,0,0,10,2,89,0,0,,,13,0,14.29,0,3,4,12,10,2,3,0,,29,50.0,0,0,2,57,1,7,1,8,735,1,,0,0,0,0,0.0,0,0,0,0,107,0,0,6.84,0,2,0,0,0,0,0,0,245.0,0.0,0,18,3,10,5,9,64.29,0,6,5,83.33,7,4,14,1,81,47.65,2,95,28,122,157.4,21,1,273,15,2,0,Massimo Zilli,Cosenza,1009693,2716,FW
5,2,33.33,86,7,53.85,156,77,231,93.52,3,20.0,12,7,0,0,0,0,11,0,0,1,0,5,7,0,0,1,5,24,0,0,,,6,0,0.0,0,0,0,4,2,2,0,0,,6,33.33,0,0,0,16,2,5,0,4,340,0,,0,0,0,0,0.0,0,0,0,0,23,0,0,6.84,0,0,0,0,0,0,0,0,0.0,0.0,0,0,2,0,1,0,0.0,0,5,4,80.0,5,6,1,6,9,27.27,13,173,80,247,47.9,2,0,286,1,2,0,Markus Solbakken,Pisa,841591,2737,MF
11,7,20.0,122,21,77.78,230,137,360,81.45,12,22.64,41,33,5,0,0,0,66,7,1,12,0,9,33,0,0,36,15,169,0,0,,,42,0,7.32,0,3,8,25,22,3,1,2,,89,41.01,0,0,2,82,12,29,0,13,1674,4,,0,0,0,0,0.0,0,0,0,0,274,9,0,6.84,0,3,0,0,0,0,0,0,558.0,0.0,0,23,18,18,11,30,44.78,0,28,19,67.86,29,17,67,35,101,37.41,27,320,157,442,225.8,41,1,871,31,2,0,Giorgi Kvernadze,Frosinone,1140001,2801,FW
36,8,32.0,134,58,42.65,296,440,728,80.8,37,56.06,29,26,0,0,0,0,77,0,2,2,5,73,26,0,0,13,11,98,0,0,,,43,0,20.0,0,2,2,26,23,3,2,0,,70,50.36,0,0,0,173,14,15,0,22,1971,0,,0,0,0,0,0.0,0,0,0,1,265,3,0,6.84,0,2,0,0,0,0,0,0,985.5,0.0,0,9,1,3,5,14,66.67,0,37,18,48.65,15,79,21,25,107,52.2,136,431,495,901,177.9,10,0,1347,19,7,0,Marco Curto,Cesena,906656,2742,DF
47,11,39.29,190,63,44.06,489,830,1308,86.74,24,54.55,20,26,1,0,0,0,91,0,0,4,2,66,26,0,0,6,17,69,0,1,,,19,0,0.0,0,0,1,28,22,6,0,0,,81,62.31,0,0,0,200,27,14,0,22,1961,0,,0,0,0,0,0.0,0,0,0,0,266,1,0,6.84,0,0,0,0,0,0,0,0,0.0,0.0,0,1,5,1,1,7,46.67,0,35,21,60.0,14,90,15,28,105,60.34,143,622,914,1508,177.9,6,0,1962,43,5,0,Cristiano Bani,Mantova,996671,2770,DF
7,4,25.0,125,9,60.0,208,149,353,74.95,34,43.04,45,38,1,0,1,0,49,2,4,20,0,19,38,0,0,27,11,122,0,0,,,26,0,13.7,1,10,11,41,34,7,7,3,,58,42.96,0,0,2,118,5,23,0,28,2293,5,,0,0,3,0,66.67,0,2,0,0,233,8,0,6.84,0,10,0,0,0,0,0,0,229.3,0.0,0,53,20,30,23,7,26.92,0,11,4,36.36,23,17,26,16,92,42.99,15,305,182,471,260.0,73,3,807,42,3,0,Leonardo Mancuso,Mantova,250931,2770,MF
22,21,21.0,116,20,45.45,267,242,488,84.72,30,50.0,30,29,1,0,0,0,59,1,0,6,4,54,29,0,0,13,10,84,0,0,,,26,0,6.67,0,1,2,25,24,1,1,0,,55,50.46,0,0,0,88,14,17,0,18,1726,0,,0,0,0,0,0.0,0,0,0,1,229,4,0,6.84,0,1,0,0,0,0,0,0,1726.0,0.0,0,6,9,7,2,3,23.08,0,24,10,41.67,17,40,13,100,85,50.3,44,406,270,576,198.4,15,1,1055,29,3,0,Tommaso Cassandro,Catanzaro,929775,2796,MF
21,3,20.0,183,22,34.38,395,286,678,82.89,29,63.04,17,17,1,0,0,0,76,1,0,8,3,37,17,0,0,5,15,72,0,2,,,34,0,4.35,0,1,2,30,27,3,1,0,,48,46.6,0,0,1,140,9,6,1,16,1428,2,,0,0,0,0,0.0,0,0,0,0,189,6,0,6.84,0,0,0,0,0,0,0,0,1428.0,0.0,1,10,13,11,4,6,60.0,0,21,11,52.38,6,56,10,15,77,51.68,64,521,312,818,116.3,23,0,1052,21,4,0,Mario Gargiulo,Cosenza,387154,2716,MF
56,24,35.82,178,68,46.26,417,355,748,80.34,17,73.91,6,33,3,0,0,0,108,6,3,15,5,33,32,0,0,9,21,72,0,0,,,25,0,5.41,0,2,5,26,23,3,2,0,,51,43.59,0,0,2,183,9,27,0,24,2065,0,,0,0,0,0,0.0,0,0,0,0,275,8,0,6.84,0,2,0,0,0,0,0,0,1032.5,0.0,2,13,24,13,9,13,52.0,0,20,12,60.0,27,99,25,67,68,48.57,147,596,402,931,218.9,37,0,1237,20,3,0,Emanuele Zuelli,Carrarese,971040,2745,MF
17,5,38.46,38,15,42.86,108,125,228,83.21,2,18.18,9,11,1,0,0,0,17,0,0,1,1,12,10,0,0,4,3,25,0,0,,,8,0,0.0,0,0,1,6,3,3,0,0,,21,56.76,0,0,0,46,2,6,0,5,450,0,,0,0,0,0,0.0,0,0,0,0,68,0,0,6.84,0,0,0,0,0,0,0,0,0.0,0.0,1,0,7,3,3,3,50.0,0,10,8,80.0,6,37,6,13,23,47.92,35,147,140,274,68.4,7,0,362,9,2,0,Leo Štulac,Reggiana,142860,24516,MF
36,7,35.0,221,42,44.68,380,262,635,83.33,17,70.83,7,20,1,0,0,0,115,1,0,0,3,23,20,0,0,14,31,103,0,0,,,41,0,0.0,0,0,1,21,18,3,0,0,,86,47.25,0,0,0,127,11,16,0,17,1396,0,,0,0,0,2,0.0,0,0,0,0,197,11,0,6.84,0,0,0,0,0,0,0,0,0.0,0.0,0,0,6,5,1,14,58.33,0,54,32,59.26,16,67,24,20,103,50.0,94,492,290,762,136.8,6,0,1038,19,7,0,Simone Branca,Cittadella,222012,2717,MF
37,11,32.35,85,38,41.76,213,331,533,81.62,24,54.55,20,20,0,0,0,0,86,1,0,4,3,61,20,0,0,5,5,54,0,0,,,22,0,0.0,0,0,0,23,21,2,0,0,,57,62.64,0,0,1,120,25,8,0,18,1565,0,,0,0,0,0,0.0,0,0,0,0,201,6,0,6.84,0,0,0,0,0,0,0,0,0.0,0.0,0,5,1,2,0,6,66.67,0,27,14,51.85,8,70,9,34,81,60.0,91,322,365,653,136.8,6,0,1064,24,5,0,Mario Sampirisi,Reggiana,153029,24516,DF
26,11,40.74,113,41,35.34,259,277,525,75.32,37,59.68,25,21,1,0,0,0,67,2,2,2,5,67,21,0,0,12,13,87,0,0,,,33,0,0.0,1,0,1,17,14,3,0,0,,62,50.0,0,0,0,172,20,8,0,20,1629,1,,0,0,0,0,0.0,0,0,0,0,320,1,0,6.84,0,0,0,0,0,0,0,0,0.0,0.0,0,6,3,5,2,10,62.5,0,36,21,58.33,8,62,16,27,99,53.23,116,400,324,697,143.6,9,0,1142,17,3,0,Giovanni Bonfanti,Pisa,1183625,2737,DF
12,4,50.0,78,5,50.0,148,80,224,78.05,24,51.06,23,19,3,0,0,0,17,2,0,3,0,26,19,0,0,1,5,45,0,0,,,16,0,12.5,0,1,4,11,10,1,1,0,,19,46.34,0,0,0,63,3,13,1,9,770,1,,0,0,0,0,0.0,0,0,0,0,80,4,0,6.84,0,0,0,0,0,0,0,0,770.0,0.0,0,7,1,2,3,4,80.0,0,6,2,33.33,13,17,5,8,43,48.86,10,202,93,287,129.9,8,0,396,11,1,0,Fabian Tait,Südtirol,143238,2760,MF
13,5,18.52,57,15,38.46,118,55,168,74.34,11,50.0,11,11,0,0,0,0,20,1,1,2,0,11,11,0,0,4,5,37,0,0,,,15,0,0.0,0,0,0,7,6,1,0,0,,26,50.0,0,0,0,58,5,9,0,7,548,0,,0,0,0,0,0.0,0,0,0,0,99,2,0,6.84,0,0,0,0,0,0,0,0,0.0,0.0,3,2,9,8,1,4,66.67,0,18,12,66.67,9,31,6,27,37,50.0,39,189,64,226,75.2,11,0,353,6,2,0,Fabrizio Caligara,Sassuolo,839223,2793,MF
36,0,0.0,77,64,37.87,251,590,841,79.87,62,60.19,41,26,0,0,0,0,83,0,2,0,7,126,26,0,0,10,17,109,0,0,,,40,0,14.29,5,1,1,32,28,4,1,0,,59,46.46,1,0,0,212,34,3,0,24,2197,1,,0,0,0,0,0.0,0,0,0,0,279,2,0,6.83,1,0,0,0,0,0,0,0,2197.0,0.0,0,5,2,3,4,7,70.0,0,31,19,61.29,3,86,10,7,121,52.61,169,398,662,1053,177.7,7,0,1459,24,6,1,Alessandro Pio Riccio,Sampdoria,966675,2711,DF
10,0,0.0,32,27,52.94,115,208,323,86.13,14,53.85,12,9,0,0,0,0,21,0,1,2,2,14,9,0,0,0,1,29,0,0,,,14,0,0.0,10,0,0,6,5,1,0,0,,18,51.43,0,0,0,52,4,1,0,7,635,0,,1,0,0,0,0.0,0,0,0,0,70,0,0,6.83,0,0,0,0,0,0,0,0,0.0,0.0,0,7,0,5,0,1,33.33,0,11,4,36.36,1,25,3,3,32,52.46,51,153,225,375,61.5,7,0,461,7,1,0,Ionuț Nedelcearu,Palermo,279595,2715,DF
23,6,30.0,44,31,43.66,130,202,326,79.13,13,48.15,14,15,0,0,0,0,34,0,0,1,2,31,15,0,0,2,4,37,0,0,,,13,0,0.0,0,0,0,15,11,4,0,0,,50,68.49,0,0,0,86,13,3,0,11,978,2,,0,0,0,1,0.0,0,0,0,0,136,2,0,6.83,0,0,0,0,0,0,0,0,0.0,0.0,0,1,4,1,3,6,50.0,0,24,13,54.17,3,46,12,20,63,63.0,71,201,231,412,102.5,5,0,679,20,3,0,Alessandro Fontanarosa,Reggiana,1000292,24516,DF
9,2,18.18,121,4,57.14,212,141,351,78.0,29,29.59,69,34,1,0,0,1,53,1,8,19,2,15,34,0,0,52,7,223,0,0,,,78,0,17.19,0,11,12,35,35,0,11,0,,81,34.47,0,0,1,99,1,24,2,31,2504,39,,0,1,6,0,83.33,0,5,0,0,272,10,0,6.83,0,9,0,0,0,0,0,0,227.64,0.0,0,55,9,19,26,29,53.7,0,12,7,58.33,23,13,54,11,110,33.03,7,304,157,450,232.3,64,2,861,40,3,0,Cristian Shpendi,Cesena,1138012,2742,FW
26,28,23.14,119,31,44.29,250,185,407,74.27,21,60.0,14,31,0,0,0,0,75,4,0,2,3,59,31,0,0,15,13,81,0,0,,,31,0,0.0,0,0,0,21,20,1,0,0,,64,48.85,0,0,0,141,16,24,0,22,1842,1,,0,1,0,0,0.0,0,0,0,1,301,6,0,6.83,0,0,0,0,0,0,0,0,0.0,0.0,2,8,5,6,5,9,52.94,0,37,22,59.46,23,66,17,121,85,51.2,70,441,228,548,211.8,13,0,1037,20,3,0,Pietro Beruatto,Pisa,851221,2737,MF
11,9,25.0,98,11,33.33,165,75,231,68.55,52,55.32,42,25,1,0,0,0,49,1,2,11,0,21,25,0,0,25,13,126,0,0,,,26,0,3.45,0,1,2,16,15,1,1,0,,74,46.84,0,0,2,106,11,26,0,16,1217,2,,0,0,0,0,0.0,0,0,0,1,222,11,0,6.83,0,1,0,0,0,0,0,0,1217.0,0.0,2,17,12,11,7,19,47.5,0,19,10,52.63,26,30,40,36,126,50.0,33,277,96,337,170.8,29,0,663,37,5,0,Giacomo Olzer,Brescia,1031495,2691,MF
0,0,0.0,47,2,40.0,62,14,76,61.29,35,50.72,34,16,2,0,0,0,9,1,1,1,0,7,16,0,0,1,1,49,0,0,,,12,0,6.67,0,1,3,6,4,2,0,1,,6,28.57,0,0,1,48,0,10,0,6,608,4,,0,0,0,0,0.0,0,0,0,0,66,1,0,6.83,0,1,0,0,0,0,0,0,608.0,0.0,0,11,4,10,4,1,50.0,0,2,2,100.0,10,0,2,0,41,45.56,5,102,22,124,109.3,15,0,191,5,4,0,Luca Strizzolo,Cosenza,139415,2716,FW
11,9,18.75,92,22,42.31,220,156,367,77.75,47,61.84,29,25,0,0,0,0,46,1,1,8,2,55,24,0,0,8,18,92,0,0,,,26,0,8.0,0,2,2,17,15,2,2,0,,51,44.74,1,0,0,105,17,9,1,18,1577,0,,0,1,0,0,0.0,0,0,0,0,220,5,0,6.83,0,0,0,0,0,0,0,0,788.5,0.0,0,18,7,10,7,6,30.0,0,28,17,60.71,8,28,20,48,98,51.58,52,335,185,472,163.9,25,0,890,18,7,0,Niccolò Pierozzi,Palermo,970938,2715,MF
13,2,6.06,109,18,38.3,183,125,306,74.27,17,36.96,29,24,2,0,0,0,71,1,0,2,4,67,24,0,0,12,25,95,0,0,,,24,0,0.0,0,0,2,24,22,2,0,0,,97,59.51,0,0,0,106,13,13,0,18,1589,1,,0,0,0,0,0.0,0,0,0,0,183,7,0,6.83,0,0,0,0,0,0,0,0,0.0,0.0,0,3,3,2,2,11,64.71,0,54,35,64.81,13,32,17,33,114,54.55,47,297,148,412,163.9,6,0,755,33,2,0,Francesco D'Alessio,Cittadella,1123068,2717,MF
48,21,22.11,232,30,34.09,451,317,747,79.13,20,38.46,32,36,2,0,0,0,115,5,7,14,3,27,35,0,0,27,22,127,0,0,,,23,1,8.7,0,4,6,30,29,1,1,3,,84,46.93,0,0,3,197,28,36,4,26,2176,3,,0,1,0,0,0.0,0,0,0,0,360,8,0,6.83,0,0,0,0,0,0,0,0,544.0,25.0,4,16,30,14,18,14,35.9,0,45,27,60.0,35,97,39,95,104,45.02,88,646,393,944,239.0,46,0,1404,25,6,0,Simone Bastoni,Cesena,385330,2742,MF
9,5,23.81,62,8,50.0,118,77,190,79.83,14,51.85,13,21,0,0,0,0,34,1,0,9,0,10,21,0,0,11,9,56,0,0,,,17,0,10.0,0,2,2,13,11,2,1,1,,51,54.26,1,0,1,48,7,7,0,7,678,0,,0,0,0,0,0.0,0,0,0,2,102,2,0,6.83,0,1,0,0,0,0,0,0,339.0,0.0,1,12,8,6,5,9,56.25,0,19,12,63.16,7,17,16,21,65,53.72,16,171,88,238,143.4,20,0,414,23,3,0,Alessandro Mallamo,Südtirol,826197,2760,MF
15,27,31.03,146,36,45.0,319,241,533,79.55,26,50.0,26,33,0,0,0,0,60,4,3,2,4,62,32,0,0,14,12,81,0,2,,,14,0,14.29,0,1,1,29,23,6,1,0,,76,58.02,0,0,1,137,17,33,1,22,2015,2,,0,0,0,0,0.0,0,0,0,0,268,2,0,6.83,0,0,0,0,0,0,0,0,2015.0,0.0,0,4,3,1,4,13,46.43,0,38,19,50.0,33,45,28,87,102,55.74,80,470,287,670,218.5,7,0,1180,25,4,0,Kristoffer Lund,Palermo,963043,2715,MF
42,13,26.0,187,46,41.82,450,432,869,80.17,37,53.62,32,30,1,0,0,0,100,5,1,2,5,44,29,0,0,12,14,96,0,0,,,28,0,0.0,0,0,1,30,29,1,0,0,,55,46.22,0,0,0,215,15,24,0,26,2245,0,,0,0,0,0,0.0,0,0,0,0,298,7,0,6.83,0,0,0,0,0,0,0,0,0.0,0.0,1,7,4,3,6,11,50.0,0,27,16,59.26,24,92,22,50,92,48.94,110,652,482,1084,198.0,11,0,1377,19,11,0,Davide Buglio,Juve Stabia,879352,5324,MF
8,4,14.29,77,15,41.67,206,278,480,87.75,13,54.17,11,12,1,0,0,0,46,0,0,5,1,11,12,0,0,12,3,35,0,1,,,7,0,0.0,0,0,1,16,14,2,0,0,,36,60.0,0,0,0,67,8,10,0,10,826,1,,0,0,0,0,0.0,0,0,0,0,119,0,0,6.83,0,0,0,0,0,0,0,0,0.0,0.0,2,2,7,3,1,7,77.78,0,8,3,37.5,10,24,9,28,49,58.33,36,279,296,547,81.9,9,0,697,22,2,0,Federico Artioli,Mantova,970952,2770,MF
10,25,29.76,89,15,30.0,206,144,325,77.75,22,52.38,20,26,5,0,0,0,63,4,0,2,3,50,25,0,1,17,7,87,0,0,,,22,0,18.18,0,2,7,22,22,0,2,0,,48,41.74,0,0,0,93,21,23,2,19,1701,6,,0,1,0,0,0.0,0,0,0,0,227,1,0,6.82,1,0,0,0,0,0,0,0,850.5,0.0,0,7,4,4,5,11,33.33,0,14,8,57.14,22,23,33,84,70,44.59,50,324,178,418,170.6,11,1,799,26,2,0,Giacomo Quagliata,Cremonese,973300,2761,MF
9,5,19.23,140,11,30.56,246,240,481,83.65,15,34.88,28,29,1,0,0,0,93,2,0,5,1,47,26,0,0,20,8,114,0,0,,,38,0,10.0,0,1,2,17,14,3,1,0,,105,54.97,0,0,0,94,6,9,0,19,1655,1,,0,0,0,0,0.0,0,0,0,0,193,6,0,6.82,0,1,0,0,0,0,0,0,1655.0,0.0,0,8,2,2,3,22,48.89,0,55,34,61.82,9,21,45,26,120,51.28,36,328,273,575,177.4,10,0,943,28,7,0,Costantino Favasuli,Bari,1100544,2712,MF
24,2,11.76,228,43,67.19,459,326,783,85.86,5,29.41,12,29,2,0,0,0,91,4,4,8,1,13,29,0,0,14,17,85,0,0,,,10,0,6.9,0,2,4,31,29,2,2,0,,58,44.27,1,0,0,129,8,24,0,23,1932,1,,0,1,0,0,0.0,0,0,0,0,240,13,0,6.82,0,1,0,0,0,0,0,0,966.0,0.0,0,14,15,13,8,15,31.25,0,16,13,81.25,23,38,48,17,63,42.57,64,567,362,912,197.8,29,2,1188,27,1,0,Tommaso Berti,Cesena,1141951,2742,MF
11,2,13.33,107,12,70.59,176,62,236,73.98,42,32.81,86,34,2,0,0,0,57,3,5,9,1,10,34,0,0,23,12,181,0,0,,,49,0,8.89,0,4,6,25,21,4,4,0,,70,42.42,0,0,3,83,2,18,0,19,1663,10,,0,0,0,0,0.0,0,0,0,0,209,18,0,6.82,0,4,0,0,0,0,0,0,415.75,0.0,0,37,8,25,11,16,45.71,0,8,7,87.5,18,16,35,15,112,38.23,17,260,74,319,231.9,45,1,649,48,7,0,Simone Rabbi,Cittadella,1014694,2717,FW
5,6,21.43,85,3,18.75,125,42,161,71.56,12,66.67,6,17,0,0,0,0,35,1,1,8,0,11,16,0,0,7,7,43,0,1,,,11,0,0.0,0,0,0,3,3,0,0,0,,42,53.16,0,0,1,64,4,8,0,6,704,0,,0,0,0,0,0.0,0,0,0,1,130,5,0,6.82,0,0,0,0,0,0,0,0,0.0,0.0,0,12,9,8,5,10,41.67,0,18,10,55.56,8,15,24,28,54,55.67,16,202,51,225,109.1,21,0,404,14,3,0,Duccio Degli Innocenti,Spezia,1015856,2735,MF
50,17,23.29,104,42,37.84,283,325,591,76.85,20,47.62,22,28,3,0,0,0,88,5,0,4,6,45,27,0,1,14,28,108,0,0,,,31,0,7.14,0,1,4,26,25,1,0,1,,87,50.29,0,0,0,178,22,20,0,22,1875,1,,1,0,0,0,0.0,0,0,0,0,310,2,0,6.82,1,1,0,0,0,0,0,0,1875.0,0.0,0,7,7,5,5,17,53.13,0,56,35,62.5,20,102,32,73,107,49.77,111,451,391,769,184.1,14,0,1284,15,3,0,Daniele Donnarumma,Cesena,172107,2742,MF
6,5,14.71,107,21,67.74,172,116,283,82.75,8,50.0,8,22,0,0,0,0,51,1,1,8,0,12,22,0,0,15,9,61,0,0,,,11,0,4.17,0,1,1,16,16,0,1,0,,84,61.31,0,0,0,59,6,5,0,12,1069,3,,0,0,0,0,0.0,0,0,0,0,165,8,0,6.82,0,1,0,0,0,0,0,0,1069.0,0.0,0,12,12,8,8,27,60.0,0,12,4,33.33,5,15,45,34,92,60.13,31,245,131,342,150.0,24,0,627,45,4,0,Tjaš Begić,Frosinone,1030200,2801,MF
15,6,17.14,100,13,41.94,169,102,265,73.41,18,33.96,35,29,1,0,0,0,57,2,2,11,0,38,28,0,0,18,13,96,0,0,,,21,0,9.52,0,4,5,30,25,5,4,0,,34,35.79,1,0,1,96,14,11,1,15,1408,2,,0,0,0,0,0.0,0,0,0,0,194,8,0,6.82,0,2,0,0,0,0,0,0,352.0,0.0,0,27,15,11,20,9,50.0,0,14,7,50.0,11,30,18,35,52,35.14,31,273,123,361,190.9,42,2,670,11,5,0,Matteo Rover,Südtirol,910131,2760,MF
38,26,25.24,201,36,41.86,351,193,518,78.01,8,25.0,24,28,3,0,0,0,102,5,1,11,1,16,28,0,0,33,23,165,0,1,,,63,0,2.86,0,1,4,18,15,3,0,1,,104,42.45,0,0,0,146,12,25,1,22,1799,1,,0,0,0,0,0.0,0,0,0,1,318,14,0,6.82,0,0,0,0,0,0,0,0,1799.0,0.0,0,15,20,15,9,21,46.67,0,35,19,54.29,25,83,45,103,112,40.43,86,543,224,664,190.9,35,0,1097,49,8,0,Filippo Bandinelli,Spezia,812332,2735,MF
7,4,28.57,80,6,42.86,171,107,274,79.42,15,41.67,21,23,0,0,0,0,52,1,1,5,0,14,23,0,0,17,11,86,0,0,,,26,0,15.79,0,3,3,11,11,0,2,1,,70,51.85,0,0,0,71,4,10,2,13,1098,0,,0,0,0,0,0.0,0,0,0,0,129,5,0,6.82,0,1,0,0,0,0,0,0,366.0,0.0,0,10,9,8,6,10,45.45,0,25,19,76.0,10,11,22,14,85,49.71,14,228,131,345,156.8,19,0,567,36,2,0,Dario Šarić,Cesena,848385,2742,MF
22,26,25.24,142,38,49.35,316,243,533,77.92,17,34.0,33,30,1,0,0,0,76,3,1,2,3,41,30,0,0,15,19,90,0,0,,,22,0,11.11,0,2,3,29,24,5,2,0,,60,51.28,0,0,1,151,15,25,2,23,1972,1,,0,1,0,0,0.0,0,0,0,0,287,9,0,6.82,0,0,0,0,0,0,0,0,986.0,0.0,0,9,9,13,3,14,70.0,0,24,16,66.67,24,47,20,103,77,46.11,77,511,276,684,204.5,18,0,1121,22,6,0,Lorenzo Venuti,Sampdoria,357756,2711,MF
15,27,30.0,168,20,33.33,329,199,501,81.86,27,40.91,39,31,1,0,0,0,52,3,0,7,2,55,31,0,0,9,6,99,1,1,,,30,0,13.04,0,3,4,26,22,4,1,2,,61,50.41,0,0,0,111,14,23,0,18,1746,4,,0,0,0,0,0.0,0,0,0,0,239,5,0,6.82,0,3,0,0,0,0,0,0,582.0,0.0,0,12,11,6,10,15,45.45,0,34,17,50.0,23,32,33,90,88,47.06,60,465,237,612,211.3,23,1,1034,13,3,0,Leonardo Sernicola,Pisa,812314,2737,MF
10,35,32.11,105,17,31.48,188,85,238,63.64,39,53.42,34,25,2,0,0,0,48,5,1,5,2,34,25,0,0,5,15,107,0,0,,,28,0,0.0,0,0,2,15,12,3,0,0,,46,38.66,0,0,3,136,21,21,0,21,1689,2,,0,0,0,0,0.0,0,0,0,0,302,6,0,6.82,0,0,0,0,0,0,0,0,0.0,0.0,0,12,7,12,2,14,34.15,0,19,10,52.63,21,40,41,109,85,44.27,54,371,112,374,170.4,19,0,808,14,4,0,Arkadiusz Reca,Spezia,580638,2735,MF
3,5,18.52,88,0,0.0,164,126,285,90.76,3,17.65,14,21,2,0,0,0,34,1,2,4,1,2,20,0,0,15,4,54,0,0,,,10,0,18.18,0,2,4,12,11,1,2,0,,51,56.04,1,0,0,29,1,15,0,7,789,1,,0,0,0,0,0.0,0,0,0,0,103,2,0,6.82,0,1,0,0,0,0,0,0,394.5,0.0,0,9,2,3,4,13,52.0,0,8,4,50.0,15,7,25,27,54,50.0,3,208,133,314,136.3,11,0,490,30,0,0,Francesco Ruocco,Mantova,1084351,2770,MF
9,2,33.33,41,6,37.5,92,49,139,79.43,8,42.11,11,7,0,0,0,0,12,0,0,1,0,8,7,0,0,2,4,21,0,0,,,4,0,0.0,0,0,0,1,1,0,0,0,,14,58.33,0,0,0,36,1,3,0,4,277,0,,0,0,0,0,0.0,0,0,0,0,50,0,0,6.81,0,0,0,0,0,0,0,0,0.0,0.0,0,1,1,0,1,1,50.0,0,8,8,100.0,3,16,2,6,22,51.16,16,127,54,175,47.7,2,0,230,5,1,0,Luca Mazzitelli,Sassuolo,369866,2793,MF
13,9,20.93,166,26,48.15,305,192,488,80.93,21,50.0,21,23,0,0,0,0,84,1,1,0,1,48,23,0,0,16,16,84,0,1,,,22,0,16.67,0,1,1,29,25,4,1,0,,84,57.14,0,0,0,115,6,18,1,18,1598,0,,0,0,0,1,0.0,0,0,0,0,213,5,0,6.81,0,0,0,0,0,0,0,0,1598.0,0.0,0,5,1,3,3,22,66.67,0,36,20,55.56,18,29,33,43,105,55.56,54,424,222,603,156.7,6,0,1004,27,4,0,Jérémy Oyono,Frosinone,1159161,2801,MF
3,5,41.67,32,1,25.0,54,26,75,78.95,2,40.0,3,9,0,0,0,0,4,1,0,4,0,2,9,0,0,2,2,14,0,0,,,6,0,10.0,0,1,1,6,4,2,1,0,,11,50.0,1,0,1,20,1,8,0,3,272,0,,0,0,0,0,0.0,0,0,0,0,35,0,0,6.81,0,0,0,0,0,0,0,0,272.0,0.0,3,5,5,4,2,2,66.67,0,4,3,75.0,8,8,3,12,13,48.15,4,78,29,95,61.3,10,1,142,5,2,0,Gastón Pereiro,Bari,311396,2712,MF
16,0,0.0,38,32,33.68,188,523,711,87.13,33,55.0,27,20,0,0,0,0,39,2,1,1,6,91,18,0,1,4,4,53,0,1,,,17,0,33.33,23,1,1,14,14,0,1,0,,31,54.39,1,0,0,105,13,3,0,16,1342,0,,0,0,0,0,0.0,0,0,0,0,122,1,0,6.81,1,0,0,0,0,0,0,0,1342.0,0.0,0,3,0,1,1,2,50.0,0,17,9,52.94,3,49,4,0,64,54.7,95,258,558,816,122.6,3,1,1000,12,1,0,Matteo Lovato,Sassuolo,982601,2793,DF
5,3,20.0,31,4,26.67,79,59,135,77.14,8,50.0,8,9,2,0,0,0,33,0,0,5,2,9,9,0,0,7,8,42,0,0,,,12,0,0.0,0,0,2,8,7,1,0,0,,36,51.43,0,0,0,40,3,7,0,6,586,0,,0,0,0,0,0.0,0,0,0,0,81,3,0,6.81,0,0,0,0,0,0,0,0,0.0,0.0,0,3,4,1,1,3,27.27,0,16,13,81.25,7,11,11,15,44,51.16,15,119,71,175,61.3,7,0,308,17,2,0,Kevin Barcella,Frosinone,1489566,2801,MF
33,4,20.0,123,51,55.43,248,265,509,81.05,18,40.91,26,20,0,0,0,0,101,0,0,3,2,38,19,0,0,10,9,79,1,0,,,30,0,14.29,0,1,1,18,17,1,0,1,,54,50.47,0,0,0,119,10,16,0,15,1179,0,,1,0,0,0,0.0,0,0,0,0,169,5,0,6.81,0,1,0,0,0,0,0,0,1179.0,0.0,0,0,7,2,2,8,66.67,0,30,14,46.67,16,76,12,20,72,47.68,92,360,288,628,129.4,7,0,835,17,8,0,Federico Casolari,Cittadella,1012167,2717,MF
39,6,18.75,123,88,37.77,484,799,1277,79.22,84,48.0,91,36,0,0,0,0,120,0,1,2,12,172,36,0,1,12,17,161,0,0,,,33,0,0.0,0,0,0,47,42,5,0,0,,79,53.02,0,0,0,335,34,9,0,36,3213,3,,0,0,0,0,0.0,0,0,0,0,434,7,0,6.81,1,0,0,0,0,0,0,0,0.0,0.0,0,2,1,0,1,9,50.0,0,51,30,58.82,9,94,18,32,163,50.31,233,716,928,1612,245.1,3,0,2204,23,3,0,Marco Imperiale,Carrarese,859713,2745,DF
14,14,14.43,204,23,33.33,422,272,680,83.74,17,40.48,25,26,1,0,0,0,95,1,0,2,4,43,25,0,0,10,7,58,0,0,,,7,0,0.0,0,0,1,24,22,2,0,0,,55,62.5,0,0,1,132,12,15,0,19,1703,1,,0,0,0,0,0.0,0,0,0,0,286,5,0,6.81,1,0,0,0,0,0,0,0,0.0,0.0,0,2,5,3,2,12,57.14,0,39,30,76.92,15,43,21,97,72,55.38,69,595,314,812,170.2,7,0,1313,4,1,1,Lilian Njoh,US Salernitana 1919,1389778,2710,DF
24,0,0.0,51,43,42.57,160,337,497,80.42,57,60.64,37,15,0,0,0,0,48,1,0,1,4,68,15,0,0,2,8,77,0,0,,,30,0,0.0,2,0,0,24,20,4,0,0,,47,54.02,0,0,0,121,18,2,0,14,1254,1,,1,0,0,3,0.0,0,0,0,0,136,1,0,6.81,0,0,0,0,0,0,0,0,0.0,0.0,0,1,0,0,0,0,0.0,0,34,24,70.59,2,53,2,1,104,57.46,101,244,375,618,102.1,1,0,823,14,5,0,Matteo Angeli,Cittadella,1069034,2717,DF
15,0,0.0,99,17,70.83,148,91,239,65.84,80,41.67,112,32,0,0,0,0,32,2,8,14,1,26,32,0,0,27,8,236,0,0,,,49,0,11.59,0,8,8,29,25,4,7,1,,57,31.49,1,0,0,124,1,10,1,19,2003,12,,0,0,1,0,100.0,0,1,0,0,275,15,0,6.81,0,6,0,0,0,0,0,0,250.38,0.0,0,56,13,33,22,18,29.03,0,9,5,55.56,10,28,62,5,137,36.73,24,261,107,363,217.8,69,0,748,32,6,0,Luca Pandolfi,Cittadella,918112,2717,FW
36,42,31.58,147,48,39.67,325,225,508,72.68,16,39.02,25,36,2,0,0,0,90,6,0,9,2,59,36,0,0,12,16,82,0,0,,,14,0,4.17,0,1,3,33,29,4,1,0,,78,57.78,0,0,0,191,19,36,1,21,1979,1,,0,0,0,0,0.0,0,0,0,0,379,3,0,6.81,0,0,0,0,0,0,0,0,1979.0,0.0,0,8,16,10,5,20,54.05,0,44,18,40.91,36,106,37,133,94,53.41,121,546,286,699,245.0,24,2,1295,14,1,0,Niccolò Corrado,Brescia,928916,2691,DF
10,1,25.0,73,10,71.43,124,69,192,78.69,15,20.83,57,28,1,0,0,0,28,3,4,10,0,13,28,0,0,13,6,105,0,0,,,22,0,17.65,0,6,7,14,12,2,5,1,,36,42.86,0,0,3,52,1,13,2,9,1001,5,,0,0,1,1,100.0,0,1,0,0,118,5,0,6.8,0,4,0,0,0,0,0,0,166.83,0.0,0,25,9,10,14,8,40.0,0,9,6,66.67,13,15,20,4,51,32.69,14,168,80,244,190.4,34,1,421,19,4,0,Luca Vido,Reggiana,326165,24516,FW
8,6,16.67,61,6,60.0,110,39,143,72.22,3,21.43,11,20,1,0,0,0,32,1,0,9,0,2,20,0,0,8,8,58,0,0,,,17,0,10.0,0,2,3,5,5,0,1,1,,53,53.0,0,0,0,55,5,8,1,4,600,4,,0,0,0,0,0.0,0,0,0,0,129,3,0,6.8,0,1,0,0,0,0,0,0,300.0,0.0,0,11,9,6,5,17,53.13,0,9,4,44.44,8,17,32,36,56,49.12,10,182,52,198,136.0,20,0,392,28,4,0,Matteo Maggio,Reggiana,1402035,24516,MF
6,0,0.0,20,14,35.9,46,149,195,81.93,24,60.0,16,9,1,0,0,0,17,1,0,2,3,41,9,0,0,2,2,32,0,0,,,12,0,0.0,0,0,1,7,6,1,0,0,,21,56.76,0,0,0,43,12,1,0,7,677,0,,0,0,0,1,0.0,0,0,0,0,55,0,0,6.8,1,0,0,0,0,0,0,0,0.0,0.0,0,2,0,0,0,1,50.0,0,12,6,50.0,1,19,2,2,45,58.44,39,85,155,238,61.2,2,1,356,8,2,1,Alex Ferrari,Sampdoria,327429,2711,DF
1,0,0.0,1,7,33.33,4,8,12,46.15,0,0.0,0,1,0,0,0,0,5,0,0,0,0,1,1,0,0,0,0,0,0,0,,,0,0,0.0,4,0,0,1,1,0,0,0,,0,0.0,0,0,0,14,0,0,0,1,90,0,,0,0,0,0,0.0,0,0,0,0,14,0,0,6.8,0,0,2,1,2,3,0,0,0.0,0.0,0,0,0,0,0,0,0.0,2,0,0,0.0,0,1,0,0,0,0.0,21,11,15,26,6.8,0,0,31,0,0,0,Nícolas,Pisa,150611,2737,
0,0,0.0,2,1,100.0,7,8,15,93.75,0,0.0,0,1,0,0,0,0,1,0,0,0,0,0,1,0,0,0,0,0,0,0,,,0,0,0.0,0,0,0,0,0,0,0,0,,1,100.0,0,0,0,1,0,0,0,0,18,0,,0,0,0,0,0.0,0,0,0,0,3,0,0,6.8,0,0,0,0,0,0,0,0,0.0,0.0,0,0,0,0,0,0,0.0,0,1,1,100.0,0,0,0,2,1,100.0,1,9,9,16,6.8,0,0,19,0,0,0,Kevin Leone,Sassuolo,1137157,2793,MF
0,0,0.0,0,0,0.0,0,1,1,100.0,0,0.0,0,1,0,0,0,0,0,0,0,0,0,1,1,0,0,0,0,0,0,0,,,0,0,0.0,0,0,0,0,0,0,0,0,,2,100.0,0,0,0,0,0,0,0,0,9,0,,0,0,0,0,0.0,0,0,0,0,0,0,0,6.8,0,0,0,0,0,0,0,0,0.0,0.0,0,0,0,0,0,0,0.0,0,1,1,100.0,0,0,0,0,2,100.0,0,0,1,1,6.8,0,0,4,1,0,0,Mateo Scheffer Bracco,Carrarese,1891558,2745,DF
12,0,0.0,25,8,53.33,71,119,190,89.2,3,100.0,0,5,0,0,0,0,14,0,0,1,0,9,5,0,0,3,3,18,0,0,,,10,0,0.0,0,0,0,4,4,0,0,0,,18,50.0,0,0,0,23,7,0,0,5,401,0,,0,0,0,0,0.0,0,0,0,0,36,0,0,6.8,0,0,0,0,0,0,0,0,0.0,0.0,0,0,3,2,0,5,71.43,0,7,2,28.57,0,16,7,1,21,53.85,15,83,131,213,34.0,3,0,281,7,2,0,Mattia Muroni,Mantova,325599,2770,MF
8,0,0.0,16,15,50.0,73,159,232,85.93,18,52.94,16,7,0,0,0,0,15,0,0,0,1,20,6,0,0,0,2,21,0,0,,,5,0,0.0,0,0,0,6,5,1,0,0,,6,54.55,0,0,0,38,3,1,0,6,541,0,,0,0,0,0,0.0,0,0,0,0,41,0,0,6.8,0,0,0,0,0,0,0,0,0.0,0.0,0,1,0,0,1,0,0.0,0,5,2,40.0,1,13,0,1,24,53.33,30,96,175,270,40.8,1,0,316,1,1,0,Michele Camporese,Cosenza,125874,2716,DF
12,3,11.54,118,8,40.0,182,74,253,65.89,57,42.22,78,34,0,0,0,1,34,1,7,20,2,17,34,0,0,37,12,178,0,0,,,32,0,11.67,0,7,7,19,16,3,7,0,,44,30.56,0,0,1,131,3,31,7,26,2159,15,,0,0,1,0,0.0,0,0,0,0,280,16,0,6.8,0,0,0,0,0,0,0,0,308.43,0.0,0,45,15,23,17,12,32.43,0,12,9,75.0,31,17,37,26,101,36.2,20,314,96,384,231.1,60,0,725,20,1,0,Kevin Lasagna,Bari,587962,2712,FW
3,0,0.0,120,16,69.57,202,83,285,81.43,25,34.25,48,26,4,0,0,0,28,2,3,4,0,15,26,0,1,27,6,106,0,1,,,16,0,13.64,0,3,7,16,14,2,3,0,,45,43.69,1,0,0,65,1,16,2,13,1191,4,,0,0,0,0,0.0,0,0,0,0,144,6,0,6.8,1,0,0,0,0,0,0,0,397.0,0.0,0,17,5,10,8,13,56.52,0,13,9,69.23,16,7,23,3,70,39.77,23,255,98,350,176.7,22,0,564,20,2,0,Grégoire Defrel,Modena,148566,2706,FW
15,5,13.51,131,14,37.84,241,159,395,78.22,21,53.85,18,26,2,0,0,0,54,3,1,5,0,46,26,0,1,5,18,59,1,0,,,12,0,9.09,0,2,4,23,18,5,1,1,,58,58.59,0,0,0,110,15,10,0,18,1445,0,,0,0,0,3,0.0,0,0,0,0,195,2,0,6.8,1,2,0,0,0,0,0,0,722.5,0.0,0,15,7,11,6,13,59.09,0,31,20,64.52,10,32,22,37,79,57.25,37,341,201,505,176.7,22,1,877,17,2,0,Alessandro Di Pardo,Modena,928814,2706,MF
4,0,0.0,63,3,75.0,102,58,160,78.05,27,31.4,59,25,1,0,0,0,23,1,3,4,0,9,25,0,0,31,5,116,0,0,,,19,0,43.75,0,7,8,14,13,1,7,0,,46,44.66,1,0,0,45,5,7,2,11,1066,7,,0,0,2,0,100.0,0,2,0,2,121,5,0,6.8,0,4,0,0,0,0,0,0,152.29,0.0,0,13,3,2,10,6,46.15,0,2,1,50.0,7,7,13,2,73,38.62,4,139,68,205,169.9,16,0,394,38,2,0,Luca Moro,Sassuolo,949780,2793,FW
14,16,22.54,121,9,19.57,185,75,244,65.24,37,40.66,54,33,2,0,0,0,48,2,1,9,4,38,33,0,0,15,22,194,0,1,,,76,0,12.5,0,4,6,29,26,3,4,0,,111,44.22,1,0,1,130,27,21,2,24,2070,8,,0,0,0,0,0.0,0,0,0,0,293,9,0,6.79,1,1,0,0,0,0,0,0,517.5,0.0,0,26,6,8,15,10,25.0,0,56,31,55.36,21,40,40,71,148,43.27,46,340,105,374,224.2,32,1,942,45,8,1,Fabio Depaoli,Sampdoria,830288,2711,MF
27,6,15.79,140,25,40.32,324,341,659,82.38,22,51.16,21,30,0,0,0,0,77,0,1,0,1,48,30,0,1,13,9,98,0,0,,,55,0,20.0,0,1,1,25,19,6,1,0,,97,55.75,0,0,0,141,27,8,1,24,1939,0,,0,0,0,0,0.0,0,0,0,0,231,2,0,6.79,1,0,0,0,0,0,0,0,1939.0,0.0,0,4,1,3,2,6,66.67,0,53,39,73.58,8,59,9,38,119,54.84,62,431,407,800,203.8,5,1,1243,39,6,0,Matteo Cotali,Modena,826704,2706,MF
6,5,18.52,44,5,62.5,83,32,110,73.83,8,53.33,7,15,0,0,0,0,16,2,1,8,0,1,15,0,0,9,2,32,0,0,,,10,0,0.0,0,0,0,7,5,2,0,0,,22,46.81,0,0,1,39,3,10,0,2,451,1,,0,0,0,0,0.0,0,0,0,0,86,1,0,6.79,0,0,0,0,0,0,0,0,0.0,0.0,2,14,6,7,5,3,37.5,0,7,6,85.71,10,11,8,27,30,48.39,8,138,38,149,101.9,20,0,268,12,2,0,Giacomo Manzari,Bari,892674,2712,MF
20,3,50.0,107,41,36.28,243,323,563,76.91,62,63.92,35,29,0,0,0,0,63,0,2,2,3,101,28,0,0,8,17,100,0,0,,,43,0,7.69,1,1,1,35,29,6,1,0,,46,41.44,0,0,0,169,27,10,0,22,1970,0,,0,0,0,0,0.0,0,0,0,0,216,3,0,6.79,0,1,0,0,0,0,0,0,1970.0,0.0,0,9,4,6,5,3,100.0,0,37,25,67.57,10,50,3,6,108,51.92,113,360,378,732,190.2,13,0,1103,6,5,0,Raphael Kofler,Südtirol,1392774,2760,DF
3,0,0.0,140,7,50.0,236,128,364,85.45,8,36.36,14,28,0,0,0,0,48,0,3,9,0,10,27,0,0,11,6,68,0,0,,,24,0,11.54,0,3,3,23,22,1,3,0,,67,55.37,0,0,2,62,11,10,0,17,1516,2,,0,0,0,0,0.0,0,0,0,0,144,6,0,6.79,0,3,0,0,0,0,0,0,505.33,0.0,0,17,9,6,11,10,40.0,0,17,10,58.82,10,10,25,10,75,52.45,14,295,141,426,183.4,26,0,683,41,2,0,Franco Tongya,US Salernitana 1919,965015,2710,MF
12,1,16.67,68,10,29.41,152,169,320,77.29,10,38.46,16,22,1,0,0,0,45,2,0,1,3,27,22,0,0,10,14,73,0,0,,,27,0,12.5,0,1,2,16,12,4,1,0,,61,51.69,0,0,0,94,14,9,1,16,1370,1,,0,0,0,0,0.0,0,0,0,0,130,1,0,6.79,0,0,0,0,0,0,0,0,1370.0,0.0,0,4,4,5,2,1,14.29,0,42,26,61.9,9,32,7,6,71,49.31,34,223,197,414,149.4,8,0,624,19,6,0,Alessandro Bellemo,Sampdoria,346060,2711,MF
9,2,16.67,28,7,36.84,61,72,131,83.44,6,54.55,5,13,0,0,0,0,19,0,0,3,1,17,11,0,0,3,3,29,0,0,,,15,0,0.0,0,0,0,1,1,0,0,0,,18,42.86,0,0,0,26,4,3,0,6,440,0,,0,0,0,1,0.0,0,0,0,0,61,1,0,6.79,0,0,0,0,0,0,0,0,0.0,0.0,0,2,5,2,2,1,25.0,0,12,12,100.0,3,18,4,12,24,45.28,19,92,77,157,74.7,7,1,276,5,4,0,Yeferson Paz,Sassuolo,1000252,2793,DF
43,7,17.95,139,41,43.16,367,311,671,77.13,38,37.25,64,32,1,0,0,0,94,1,0,6,3,56,32,0,1,10,21,130,0,0,,,33,0,0.0,0,0,1,35,30,5,0,0,,85,56.29,0,0,0,199,21,17,0,25,2264,2,,0,0,0,0,0.0,0,0,0,0,276,5,0,6.79,1,0,0,0,0,0,0,0,0.0,0.0,0,10,9,8,5,10,71.43,0,46,36,78.26,17,74,14,39,123,48.62,95,540,369,870,217.3,19,0,1245,31,9,0,Lorenzo Ignacchiti,Reggiana,1122483,24516,MF
6,3,37.5,22,4,57.14,50,66,113,84.33,1,20.0,4,9,0,0,0,0,18,0,0,1,2,4,9,0,0,6,1,17,0,0,,,2,0,0.0,0,0,0,6,5,1,0,0,,23,63.89,0,0,0,21,3,4,0,3,388,0,,0,0,0,0,0.0,0,0,0,1,46,1,0,6.79,0,0,0,0,0,0,0,0,0.0,0.0,0,2,1,1,1,5,55.56,0,8,5,62.5,4,10,9,8,24,58.54,7,70,72,134,61.1,3,0,240,10,0,0,Giacomo Fedel,Mantova,1099376,2770,MF
6,0,0.0,65,3,100.0,106,57,163,82.32,31,52.54,28,17,1,0,0,0,23,0,5,7,0,9,17,0,0,12,3,57,0,0,,,13,0,0.0,0,0,1,16,14,2,0,0,,31,51.67,0,0,2,35,1,7,0,9,817,6,,0,0,0,0,0.0,0,0,0,0,76,5,0,6.79,0,0,0,0,0,0,0,0,0.0,0.0,0,22,3,9,9,5,62.5,0,8,6,75.0,7,7,8,6,62,52.1,3,140,64,198,115.4,25,0,322,18,5,0,Frank Tsadjout,Cremonese,927188,2761,FW
8,3,42.86,105,3,37.5,191,63,251,75.15,33,34.02,64,32,0,0,0,0,35,2,1,16,1,16,32,0,0,32,9,145,0,0,,,25,0,9.52,0,4,4,34,28,6,4,0,,57,41.3,1,0,2,83,3,18,1,19,1831,1,,0,0,1,0,100.0,0,1,0,0,178,12,0,6.79,0,2,0,0,0,0,0,0,457.75,0.0,1,28,14,14,12,15,50.0,0,11,6,54.55,18,9,30,7,90,38.3,8,265,76,334,217.2,42,0,623,32,6,0,Simone Mazzocchi,Cosenza,795050,2716,FW
3,0,0.0,72,2,28.57,110,30,140,68.29,32,39.02,50,23,2,0,0,0,11,1,3,15,1,10,23,0,0,35,2,117,0,0,,,28,0,15.63,0,5,7,21,21,0,4,1,,26,27.96,0,0,0,65,1,20,2,11,1178,3,,0,0,1,0,100.0,0,1,0,0,149,2,0,6.79,0,3,0,0,0,0,0,0,235.6,0.0,0,28,4,5,12,4,36.36,0,7,4,57.14,20,5,11,0,58,33.14,7,167,38,205,156.1,32,1,405,18,0,0,Simy,US Salernitana 1919,170499,2710,
9,0,0.0,55,9,52.94,108,59,167,59.22,58,50.88,56,31,1,0,0,0,31,2,1,6,0,17,31,0,0,8,2,96,0,0,,,27,0,9.38,0,3,4,15,13,2,1,2,,18,31.03,1,0,0,115,0,13,2,10,1096,2,,0,0,0,0,0.0,0,0,0,0,175,3,0,6.78,0,0,0,0,0,0,0,0,365.33,0.0,0,23,9,12,14,5,35.71,0,7,4,57.14,13,12,14,3,76,44.19,17,199,86,282,210.3,32,0,458,8,6,0,Leonardo Cerri,Carrarese,1068581,2745,FW
8,0,0.0,44,19,36.54,173,306,479,85.54,44,57.14,33,19,1,0,0,0,37,2,1,1,4,100,18,0,1,3,6,75,0,2,,,33,0,11.11,6,1,2,27,24,3,1,0,,35,45.45,1,0,0,81,10,4,0,17,1558,0,,0,0,0,0,0.0,0,0,0,0,135,0,0,6.78,1,0,0,0,0,0,0,0,1558.0,0.0,0,7,2,5,3,0,0.0,0,22,12,54.55,4,16,3,5,79,51.3,52,237,328,560,122.1,9,1,891,16,2,0,Andrea Hristov,Cosenza,842354,2716,DF
8,0,0.0,48,23,39.66,149,335,484,87.52,30,53.57,26,18,0,0,0,0,40,0,2,3,2,70,17,0,0,6,6,60,0,0,,,18,0,0.0,14,0,0,13,12,1,0,0,,37,52.11,0,0,0,69,18,1,0,12,1147,0,,0,0,0,1,0.0,0,0,0,0,94,0,0,6.78,0,0,0,0,0,0,0,0,0.0,0.0,0,5,0,2,0,4,50.0,0,13,11,84.62,1,23,8,0,67,52.76,58,198,355,553,115.3,5,0,763,22,2,0,Davide Bettella,Frosinone,826189,2801,DF
21,8,23.53,199,20,32.79,411,209,612,79.48,36,48.65,38,32,1,0,0,0,84,1,3,4,5,64,32,0,1,28,15,137,0,0,,,36,0,5.0,0,1,2,30,28,2,1,0,,101,50.5,1,0,3,158,15,23,0,30,2437,4,,0,1,0,0,0.0,0,0,0,1,290,10,0,6.78,1,0,0,0,0,0,0,0,2437.0,0.0,0,13,7,9,7,20,48.78,0,58,35,60.34,22,43,41,34,137,50.0,61,547,257,770,217.0,20,1,1325,23,2,0,Anthony Oyono,Frosinone,1106257,2801,MF
20,0,0.0,43,17,30.36,157,372,529,83.7,34,55.74,27,21,0,0,0,0,32,1,2,1,0,74,21,0,0,5,7,52,0,0,,,16,0,33.33,8,2,2,17,15,2,2,0,,23,47.92,1,0,0,103,11,3,1,11,1119,0,,0,0,0,0,0.0,0,0,0,0,135,0,0,6.78,0,0,0,0,0,0,0,0,559.5,0.0,0,6,0,3,2,1,100.0,0,16,10,62.5,3,50,1,2,57,52.29,56,218,416,632,142.4,6,0,840,7,7,0,Matteo Solini,Mantova,98063,2770,DF
27,0,0.0,97,32,43.84,179,179,358,81.55,21,55.26,17,28,1,0,0,0,32,0,0,1,0,67,26,0,0,4,10,50,0,0,,,18,0,0.0,0,0,1,11,9,2,0,0,,52,61.18,0,0,0,81,14,5,0,10,1107,0,,0,1,0,0,0.0,0,0,0,0,180,1,0,6.78,0,0,0,0,0,0,0,0,0.0,0.0,0,1,1,1,0,5,62.5,0,30,20,66.67,4,54,8,20,73,59.35,73,255,204,439,176.3,2,0,780,17,4,0,Arturo Calabresi,Pisa,284367,2737,DF
15,1,14.29,219,19,47.5,438,297,734,84.95,49,47.57,54,31,0,0,0,0,91,1,4,9,3,24,30,0,0,16,22,128,0,1,,,38,0,7.14,0,2,2,26,22,4,2,0,,54,42.19,1,0,0,130,17,16,0,21,1903,0,,0,0,0,0,0.0,0,0,0,0,188,14,0,6.78,2,1,0,0,0,0,0,0,951.5,0.0,0,20,8,10,9,5,71.43,0,31,15,48.39,16,29,7,7,103,44.59,40,534,337,864,203.4,28,0,1134,20,3,2,Charles Pickel,Cremonese,758664,2761,MF
13,2,13.33,143,25,67.57,357,238,593,85.82,25,41.67,35,34,2,0,0,0,75,2,5,7,4,15,34,0,0,8,11,121,0,1,,,48,0,12.0,0,3,5,26,21,5,3,0,,77,47.24,0,0,0,98,13,13,1,25,2257,0,,0,0,0,0,0.0,0,0,0,0,175,9,0,6.78,0,2,0,0,0,0,0,0,752.33,0.0,0,20,5,8,10,10,31.25,0,37,23,62.16,13,20,32,15,102,45.74,37,438,268,691,230.4,25,0,988,31,5,0,Jacopo Segre,Palermo,826555,2715,MF
17,12,20.34,73,20,58.82,185,137,310,85.64,4,28.57,10,25,3,0,0,1,28,1,3,8,1,9,25,0,0,15,10,63,1,0,,,29,0,7.41,0,2,5,10,9,1,2,0,,65,55.08,0,0,1,52,3,17,1,11,1046,2,,0,0,1,0,0.0,0,0,0,0,149,8,0,6.78,0,1,0,0,0,0,0,0,523.0,0.0,5,11,16,13,6,1,20.0,0,9,7,77.78,17,32,5,59,69,52.27,34,269,152,362,169.4,27,0,610,55,4,0,Mattia Aramu,Mantova,187111,2770,MF
14,7,14.0,136,23,27.38,294,319,606,78.4,41,59.42,28,31,1,0,0,0,84,4,3,7,5,52,29,0,0,17,14,114,0,3,,,43,0,4.35,0,1,2,26,23,3,1,0,,100,53.76,1,0,0,167,11,11,0,22,2062,1,,0,0,0,0,0.0,0,0,0,0,312,0,0,6.77,0,0,0,0,0,0,0,0,2062.0,0.0,0,22,1,12,4,14,48.28,0,41,26,63.41,11,40,29,50,141,55.29,84,463,360,773,196.4,23,0,1308,47,8,0,Salim Diakité,Palermo,1013188,2715,DF
18,1,9.09,121,14,36.84,245,214,458,80.78,26,50.98,25,25,0,0,0,0,72,1,3,4,3,16,25,0,0,13,15,95,0,0,,,36,0,12.0,0,3,3,20,18,2,2,1,,47,40.17,1,0,1,109,8,15,0,18,1444,2,,0,0,0,0,0.0,0,0,0,0,177,1,0,6.77,0,2,0,0,0,0,0,0,481.33,0.0,0,18,7,9,12,7,46.67,0,23,13,56.52,15,34,15,11,73,43.45,38,338,240,567,169.3,25,1,805,18,4,0,Giulio Maggiore,Bari,848185,2712,MF
21,17,19.1,112,39,33.62,231,131,345,67.78,11,39.29,17,25,2,0,0,0,59,3,2,8,3,47,25,0,1,8,13,62,0,0,,,20,0,10.0,0,2,4,23,20,3,2,0,,47,51.09,0,0,2,164,9,18,0,21,1778,3,,0,0,0,0,0.0,0,0,0,0,306,7,0,6.77,1,2,0,0,0,0,0,0,889.0,0.0,0,15,5,8,4,7,58.33,0,27,14,51.85,18,61,12,89,58,48.33,116,427,171,509,169.3,20,0,973,14,3,0,Paolo Ghiglione,US Salernitana 1919,787642,2710,MF
10,8,15.69,96,9,31.03,182,131,305,77.02,33,56.9,25,25,1,0,0,0,48,2,4,9,0,28,25,0,0,8,16,83,0,0,,,32,0,7.14,0,2,3,23,19,4,2,0,,59,50.43,0,0,3,91,5,23,2,15,1322,0,,0,0,0,1,0.0,0,0,0,0,178,7,0,6.77,0,0,0,0,0,0,0,0,661.0,0.0,5,18,10,15,4,13,68.42,0,22,12,54.55,23,26,19,51,92,52.57,29,280,167,396,169.3,28,0,720,26,8,0,Tommaso D Orazio,Cosenza,759650,2716,MF
14,15,27.27,177,35,56.45,340,241,566,83.36,12,38.71,19,35,0,0,0,0,106,1,2,8,1,26,35,0,0,22,30,112,0,0,,,23,0,5.56,0,1,1,26,24,2,1,0,,107,53.5,0,0,0,113,20,16,0,23,1993,2,,0,0,0,0,0.0,0,0,0,0,246,9,0,6.77,0,1,0,0,0,0,0,0,1993.0,0.0,2,12,6,7,3,23,54.76,0,40,27,67.5,16,30,42,55,119,51.52,62,458,276,679,237.0,18,0,1097,44,5,0,Michele Besaggio,Brescia,1008101,2691,MF
9,4,21.05,106,15,65.22,159,37,192,77.42,6,42.86,8,20,1,0,0,0,43,3,2,6,1,6,20,0,0,11,7,46,0,0,,,7,0,5.88,0,1,2,8,6,2,1,0,,40,51.28,0,0,0,56,4,10,1,7,692,0,,0,0,1,0,100.0,0,1,0,1,117,6,0,6.77,0,0,0,0,0,0,0,0,692.0,0.0,1,6,11,7,4,10,43.48,0,11,6,54.55,10,20,23,19,46,50.0,23,219,48,248,135.4,17,1,417,20,0,0,Alessandro Arena,Pisa,1013296,2737,MF
9,18,31.03,63,7,16.28,144,63,189,69.49,22,55.0,18,25,0,0,0,0,40,2,4,1,3,30,25,0,0,16,9,55,0,0,,,10,0,18.75,0,3,3,15,13,2,3,0,,24,39.34,1,0,0,83,7,13,1,12,1142,1,,0,0,0,0,0.0,0,0,0,0,185,3,0,6.77,0,1,0,0,0,0,0,0,380.67,0.0,0,16,0,6,9,6,60.0,0,13,9,69.23,13,14,10,58,46,45.54,43,241,89,272,169.2,16,0,553,5,0,0,Giuseppe Aurelio,Spezia,928889,2735,MF
2,1,16.67,57,1,50.0,85,19,103,75.74,13,33.33,26,13,0,0,0,1,9,0,7,4,0,2,12,0,1,8,2,49,0,0,,,12,0,17.39,0,4,4,10,8,2,4,0,,18,43.9,0,0,0,33,1,7,4,9,762,7,,0,0,2,0,50.0,0,1,0,1,70,2,0,6.77,1,0,0,0,0,0,0,0,190.5,0.0,1,21,2,6,13,1,16.67,0,3,2,66.67,7,5,6,6,31,38.75,2,122,20,136,81.2,23,1,237,14,1,0,Gianluca Lapadula,Spezia,147368,2735,FW
12,23,26.74,109,22,33.85,227,140,344,67.45,42,40.78,61,33,2,0,0,0,69,5,4,0,5,88,33,0,0,10,18,152,0,0,,,44,0,8.33,0,1,3,30,29,1,1,0,,78,46.15,1,0,2,166,23,18,0,33,2731,3,,0,1,0,0,0.0,0,0,0,0,331,6,0,6.77,0,0,0,0,0,0,0,0,2731.0,0.0,0,12,0,4,8,8,29.63,0,46,28,60.87,17,28,27,86,120,44.12,65,413,183,510,223.3,12,0,1054,26,7,0,Romano Floriani Mussolini,Juve Stabia,1100354,5324,MF
1,0,0.0,15,1,50.0,23,6,29,67.44,5,27.78,13,3,0,0,0,0,5,1,0,1,0,4,3,0,0,9,0,32,0,0,,,4,0,25.0,0,1,1,2,2,0,1,0,,8,29.63,0,0,0,14,1,2,0,3,215,0,,0,0,0,0,0.0,0,0,0,0,42,2,0,6.77,0,1,0,0,0,0,0,0,215.0,0.0,0,1,3,1,2,6,50.0,0,1,0,0.0,2,1,12,0,13,28.89,2,35,8,43,20.3,4,0,97,1,0,0,Marvin Çuni,Frosinone,946006,2801,FW
2,9,30.0,52,4,26.67,114,43,148,79.57,5,25.0,15,19,0,0,0,0,33,1,3,6,0,10,18,0,0,19,9,70,0,0,,,17,0,0.0,0,0,0,2,1,1,0,0,,53,49.07,0,0,0,38,3,11,0,4,536,0,,0,0,0,0,0.0,0,0,0,1,119,3,0,6.77,0,0,0,0,0,0,0,0,0.0,0.0,0,10,6,6,4,12,52.17,0,23,12,52.17,11,7,23,30,58,45.31,15,162,54,186,121.8,16,0,385,19,1,0,Pietro Candelari,Spezia,1468175,2735,MF
7,1,16.67,56,8,53.33,90,35,124,70.06,31,32.98,63,29,1,0,0,0,23,3,7,8,0,7,29,0,0,29,3,124,0,0,,,30,0,15.0,0,6,7,17,15,2,5,1,,38,38.38,1,0,0,53,1,9,4,15,1384,9,,0,0,1,0,100.0,0,1,0,0,138,4,0,6.77,0,1,0,0,0,0,0,0,230.67,0.0,0,34,6,14,18,5,50.0,0,5,1,20.0,9,13,10,6,69,35.75,15,141,42,177,196.2,40,1,402,28,3,0,Nicholas Bonfanti,Bari,982550,2712,FW
10,4,57.14,107,28,43.08,254,334,584,85.01,43,54.43,36,25,1,0,0,0,45,0,2,3,6,53,25,0,0,9,8,89,0,0,,,32,0,0.0,0,0,1,21,19,2,0,0,,57,51.82,0,0,0,103,19,10,0,20,1802,0,,0,0,0,1,0.0,0,0,0,0,158,0,0,6.76,0,0,0,0,0,0,0,0,0.0,0.0,0,5,2,2,2,13,68.42,0,24,15,62.5,10,33,19,7,100,52.91,65,330,364,687,169.1,7,0,969,20,6,0,Nosa Edward Obaretin,Bari,1068241,2712,DF
7,2,18.18,34,5,41.67,59,29,86,77.48,3,42.86,4,11,0,0,0,0,15,1,0,5,0,3,11,0,0,6,0,20,0,0,,,8,0,0.0,0,0,0,5,4,1,0,0,,14,46.67,0,0,0,25,3,6,0,3,303,1,,0,0,0,0,0.0,0,0,0,0,46,3,0,6.76,0,0,0,0,0,0,0,0,0.0,0.0,0,8,5,6,2,0,0.0,0,3,1,33.33,6,9,3,11,17,45.95,12,87,35,111,74.4,13,0,184,11,1,0,Fabio Borini,Sampdoria,89510,2711,FW
40,8,16.0,165,79,38.73,418,468,878,77.77,84,69.42,37,27,1,0,0,0,92,0,0,3,5,109,27,0,1,6,13,99,0,2,,,31,0,0.0,5,0,1,33,27,6,0,0,,56,47.46,0,0,0,251,35,17,0,26,2173,0,,0,0,0,1,0.0,0,0,0,0,357,7,0,6.76,1,0,0,0,0,0,0,0,0.0,0.0,0,7,2,4,2,3,17.65,0,28,21,75.0,17,88,17,50,140,58.58,204,648,531,1129,182.6,9,0,1618,26,5,0,Alessandro Caporale,Cosenza,917895,2716,DF
13,12,24.0,129,9,36.0,287,229,504,84.56,8,33.33,16,35,5,0,0,0,89,5,1,22,1,10,35,0,0,33,21,155,0,0,,,31,0,3.39,0,2,7,27,20,7,1,1,,101,42.08,1,0,1,92,7,30,0,23,1901,6,,0,0,0,0,0.0,0,0,0,0,270,10,0,6.76,0,1,0,0,0,0,0,0,950.5,0.0,0,30,29,18,19,28,33.33,0,17,10,58.82,30,22,84,50,109,41.29,25,386,260,596,236.7,59,3,1036,56,3,0,Antonio Fiori,Mantova,1068696,2770,MF
0,2,28.57,43,2,50.0,70,21,89,84.76,1,5.88,16,13,0,0,0,0,17,1,3,5,0,2,13,0,0,5,2,36,0,0,,,5,0,11.11,0,2,2,12,12,0,2,0,,17,45.95,2,0,1,16,1,7,0,7,553,5,,0,0,0,0,0.0,0,0,0,0,52,5,0,6.76,0,0,0,0,0,0,0,0,276.5,0.0,0,15,3,6,7,3,25.0,0,8,7,87.5,7,1,12,7,18,33.33,4,86,26,105,87.9,18,0,197,6,1,0,Filippo Distefano,Frosinone,1050695,2801,FW
18,8,26.67,278,22,43.14,532,253,777,84.18,27,48.21,29,30,0,0,0,0,86,1,1,6,5,18,30,0,0,13,27,102,0,1,,,23,0,0.0,0,0,0,20,17,3,0,0,,47,39.17,0,0,0,146,28,16,0,23,1958,0,,0,0,0,0,0.0,0,0,0,0,232,8,0,6.76,0,0,0,0,0,0,0,0,0.0,0.0,0,5,7,3,3,7,38.89,0,33,21,63.64,16,43,18,30,74,42.05,51,669,284,923,202.8,12,0,1233,7,4,0,Ádám Nagy,Spezia,795713,2735,MF
7,4,11.76,132,3,25.0,213,85,294,70.0,50,27.17,134,36,2,0,0,0,65,4,8,14,4,24,36,0,1,48,6,285,0,0,,,82,0,13.04,0,6,8,23,22,1,6,0,,105,41.02,1,0,2,126,2,12,0,26,2420,12,,0,0,1,0,100.0,0,1,0,0,326,13,0,6.76,1,5,0,0,0,0,0,0,403.33,0.0,0,43,3,15,17,15,34.09,0,20,14,70.0,12,14,44,34,155,35.23,12,341,113,420,243.3,46,2,913,78,6,0,Leonardo Candellone,Juve Stabia,838904,5324,FW
16,5,33.33,188,26,37.68,382,258,635,75.78,37,42.53,50,36,0,0,0,0,119,3,2,5,7,47,36,0,0,27,40,174,0,0,,,41,0,3.57,0,1,1,48,43,5,1,0,,91,42.33,1,0,1,203,35,16,0,31,2798,2,,0,0,0,0,0.0,0,0,0,0,299,18,0,6.76,0,0,0,0,0,0,0,0,2798.0,0.0,0,19,9,12,11,10,38.46,0,60,39,65.0,16,48,26,15,128,42.38,69,541,312,838,243.3,28,0,1259,21,9,0,Francesco Amatucci,Cittadella,972542,2717,MF
6,2,8.33,50,14,45.16,112,126,236,81.94,10,43.48,13,12,0,0,0,0,25,1,0,0,0,28,12,0,0,3,2,28,0,0,,,10,0,0.0,0,0,0,14,12,2,0,0,,23,60.53,0,0,0,52,5,5,0,7,716,0,,0,0,0,1,0.0,0,0,0,0,97,1,0,6.76,0,0,0,0,0,0,0,0,0.0,0.0,0,0,0,0,0,1,50.0,0,16,14,87.5,5,20,2,24,33,54.1,31,175,137,288,81.1,0,0,454,7,2,0,Paweł Jaroszyński,US Salernitana 1919,335823,2710,DF
0,3,23.08,18,0,0.0,36,19,52,86.67,1,16.67,5,9,1,0,0,0,12,2,1,3,0,2,9,0,0,5,0,17,0,0,,,4,0,11.11,0,1,2,4,4,0,1,0,,6,33.33,0,0,0,8,0,4,0,4,366,2,,0,0,0,0,0.0,0,0,0,0,33,1,0,6.76,0,1,0,0,0,0,0,0,366.0,0.0,0,7,2,2,4,0,0.0,0,2,1,50.0,4,0,3,13,7,29.17,0,53,20,60,60.8,9,0,119,4,1,0,Luigi Canotto,Frosinone,348088,2801,FW
3,3,30.0,47,7,87.5,79,23,99,86.84,1,25.0,3,9,0,0,0,0,8,0,0,2,0,1,9,0,0,5,1,22,0,0,,,5,0,0.0,0,0,0,7,5,2,0,0,,17,47.22,0,0,0,15,1,4,0,2,298,0,,0,0,0,0,0.0,0,0,0,0,46,1,0,6.76,0,0,0,0,0,0,0,0,0.0,0.0,0,3,6,5,2,9,52.94,0,4,4,100.0,4,3,17,10,18,45.0,8,99,25,114,60.8,9,0,186,4,0,0,Estanis Pedrola,Sampdoria,1142256,2711,
10,1,50.0,61,16,66.67,171,189,359,86.92,15,45.45,18,23,1,0,0,0,49,2,3,2,1,20,22,0,0,14,14,84,0,0,,,24,0,0.0,0,0,1,14,13,1,0,0,,78,54.17,0,0,1,54,9,10,0,14,1196,0,,0,0,0,0,0.0,0,0,0,0,105,3,0,6.75,0,0,0,0,0,0,0,0,0.0,0.0,0,8,6,10,2,18,54.55,0,27,16,59.26,10,14,33,2,93,52.54,24,207,208,413,148.6,14,0,634,33,2,0,Isak Vural,Frosinone,1210995,2801,MF
2,2,28.57,53,6,27.27,105,137,240,84.21,13,38.24,21,13,0,0,0,0,18,0,0,1,0,22,13,0,0,6,4,43,0,0,,,9,0,33.33,0,2,2,12,11,1,2,0,,24,52.17,1,0,0,45,6,1,1,6,601,1,,0,0,0,0,0.0,0,0,0,0,71,1,0,6.75,0,0,0,0,0,0,0,0,300.5,0.0,0,5,1,2,3,6,60.0,0,12,6,50.0,1,10,10,7,37,46.25,22,146,146,285,87.8,6,0,414,6,3,0,Gady Beyuku,Modena,1906337,2706,DF
6,12,15.79,129,4,11.11,218,123,329,72.95,26,38.81,41,32,1,0,0,0,79,1,3,8,0,46,32,0,0,17,15,122,0,0,,,34,0,12.12,0,4,5,34,30,4,3,1,,74,47.74,0,0,1,122,12,22,2,21,1976,6,,0,0,0,0,0.0,0,0,0,1,273,10,0,6.75,1,2,0,0,0,0,0,0,494.0,0.0,0,19,14,13,12,14,48.28,0,31,21,67.74,22,25,29,76,100,45.05,36,371,156,451,216.1,33,2,909,31,6,1,Manuel Ricciardi,Cosenza,1002141,2716,MF
21,4,10.0,143,27,56.25,255,165,416,86.49,2,22.22,7,21,0,0,0,0,30,0,0,4,1,14,21,0,0,2,14,41,0,0,,,16,1,7.14,0,1,1,15,14,1,0,1,,41,54.67,0,0,1,65,3,10,1,7,918,0,,0,0,0,0,0.0,0,0,0,0,127,2,0,6.75,0,0,0,0,0,0,0,0,918.0,100.0,1,6,8,6,4,3,37.5,0,22,8,36.36,10,39,8,40,43,51.19,48,344,177,481,141.8,14,1,653,16,6,0,Ajdin Hrustić,US Salernitana 1919,788284,2710,MF
6,13,24.53,65,9,31.03,171,180,338,79.34,46,71.88,18,30,0,0,0,0,38,0,3,2,2,48,29,0,0,14,4,68,1,0,,,17,0,17.65,0,3,3,21,18,3,3,0,,65,56.52,2,0,1,88,8,13,1,12,1337,0,,0,0,0,0,0.0,0,0,0,0,194,3,0,6.75,0,0,0,0,0,0,0,0,445.67,0.0,0,13,4,9,6,17,51.52,0,28,18,64.29,13,13,33,53,111,62.01,29,271,208,426,195.8,17,0,789,20,3,0,Devid Bouah,Carrarese,928933,2745,MF
6,1,20.0,54,5,71.43,99,43,141,67.46,39,36.11,69,24,1,0,0,0,23,0,6,6,0,4,24,0,1,11,4,99,0,0,,,15,0,12.5,0,5,6,16,14,2,5,0,,18,37.5,1,0,1,68,2,7,0,13,1172,13,,0,0,1,0,100.0,0,1,0,0,120,7,0,6.75,1,4,0,0,0,0,0,0,234.4,0.0,0,38,2,18,16,7,53.85,0,2,2,100.0,7,16,13,5,57,36.54,7,158,56,209,162.0,40,0,354,10,2,0,Gabriele Moncini,Brescia,362686,2691,FW
12,1,7.69,79,9,56.25,158,106,263,83.23,0,0.0,10,20,2,0,0,0,31,0,0,3,1,9,18,0,0,11,4,45,0,1,,,13,0,0.0,0,0,2,13,13,0,0,0,,31,46.97,0,0,0,53,1,9,0,11,971,0,,0,0,0,1,0.0,0,0,0,0,109,1,0,6.75,0,0,0,0,0,0,0,0,0.0,0.0,0,8,9,9,5,12,57.14,0,12,9,75.0,9,17,21,13,31,40.79,16,210,119,316,121.5,17,0,458,7,1,0,Riccardo Pagano,Catanzaro,1105138,2796,MF
3,7,29.17,45,1,33.33,93,64,150,79.37,3,37.5,5,15,1,0,0,0,29,1,1,0,0,8,14,0,0,8,6,32,0,0,,,6,0,0.0,0,0,1,7,5,2,0,0,,37,57.81,0,0,0,39,6,11,0,7,669,1,,0,0,0,0,0.0,0,0,0,0,91,3,0,6.75,0,0,0,0,0,0,0,0,0.0,0.0,0,2,1,2,1,12,63.16,0,9,6,66.67,11,9,19,24,40,55.56,3,133,80,189,94.5,3,0,332,16,0,0,Marco D'Alessandro,Catanzaro,55119,2796,MF
25,3,11.11,144,34,36.17,348,407,752,82.19,30,43.48,39,30,1,0,0,0,81,2,0,0,5,127,30,0,0,4,13,84,0,0,,,25,0,0.0,0,0,1,38,35,3,0,0,,45,50.0,0,0,0,163,10,8,0,28,2437,0,,0,0,0,0,0.0,0,0,0,0,257,1,0,6.75,0,0,0,0,0,0,0,0,0.0,0.0,0,1,2,2,1,2,40.0,0,36,24,66.67,8,48,5,27,75,47.17,94,479,463,915,202.5,3,0,1381,10,4,0,Lorenzo Libutti,Reggiana,596008,24516,DF
5,0,0.0,2,14,37.84,9,13,22,45.83,0,0.0,0,2,0,0,0,0,14,0,0,0,0,0,2,0,0,0,0,0,0,0,,,0,0,0.0,15,0,0,3,3,0,0,0,,0,0.0,0,1,0,26,0,0,0,1,157,0,,0,0,0,0,0.0,1,0,0,0,26,0,0,6.75,0,0,0,2,1,5,0,0,0.0,0.0,0,0,0,0,0,0,0.0,0,0,0,0.0,0,8,0,0,0,0.0,37,30,18,48,13.5,0,0,59,0,1,0,Nicola Ravaglia,Carrarese,130802,2745,GK
0,0,0.0,1,11,33.33,9,4,13,37.14,1,100.0,0,2,0,0,0,0,10,0,0,0,0,0,2,0,0,0,0,0,0,0,,,0,0,0.0,16,0,0,3,3,0,0,0,,0,0.0,0,2,0,22,0,0,0,1,108,0,,0,0,0,0,0.0,0,0,0,0,22,0,0,6.75,0,0,0,4,3,7,0,0,0.0,0.0,0,0,0,0,0,0,0.0,0,0,0,0.0,0,0,0,0,1,100.0,33,25,10,35,13.5,0,0,49,0,0,0,Marco Pissardo,Bari,891877,2712,GK
0,0,0.0,10,0,0.0,18,2,20,90.91,1,50.0,1,2,0,0,0,0,0,0,1,3,0,0,2,0,0,0,0,3,0,0,,,1,0,0.0,0,0,0,0,0,0,0,0,,4,66.67,0,0,0,2,0,0,0,0,48,0,,0,0,0,0,0.0,0,0,0,0,7,0,0,6.75,0,0,0,0,0,0,0,0,0.0,0.0,0,3,0,0,0,1,50.0,0,0,0,0.0,0,0,2,3,5,62.5,0,23,2,22,13.5,3,0,35,3,0,0,Giovanni Volpe,Catanzaro,995373,2796,FW
11,8,26.67,39,13,52.0,78,73,143,86.14,0,0.0,0,4,0,0,0,0,7,0,0,2,0,2,4,0,0,3,5,10,0,0,,,2,0,0.0,0,0,0,3,3,0,0,0,,9,47.37,0,0,0,23,1,6,0,4,308,0,,0,0,0,0,0.0,0,0,0,0,52,0,0,6.75,1,0,0,0,0,0,0,0,0.0,0.0,1,1,3,2,0,2,100.0,0,5,4,80.0,6,23,2,30,9,47.37,25,118,78,166,27.0,4,0,247,2,0,1,Gianluca Di Chiara,Frosinone,139094,2801,DF
0,0,0.0,8,0,0.0,28,18,46,85.19,3,50.0,3,4,0,0,0,0,3,0,0,0,0,0,4,0,0,2,1,7,0,0,,,1,0,0.0,0,0,0,0,0,0,0,0,,12,75.0,0,0,0,8,0,1,0,0,61,0,,0,0,0,0,0.0,0,0,0,0,11,0,0,6.75,0,0,0,0,0,0,0,0,0.0,0.0,0,0,1,1,0,0,0.0,0,4,0,0.0,1,2,0,0,15,68.18,2,33,21,54,27.0,1,0,72,8,0,0,Saber Hraiech,Cesena,305258,2742,FW
3,1,25.0,28,14,66.67,78,118,195,86.67,8,44.44,10,8,0,0,0,0,14,0,0,0,1,31,8,0,0,0,1,25,0,0,,,15,0,0.0,0,0,0,7,7,0,0,0,,7,31.82,0,0,0,30,9,4,0,5,488,0,,0,0,0,0,0.0,0,0,0,0,39,0,0,6.75,0,0,0,0,0,0,0,0,0.0,0.0,0,0,0,0,0,0,0.0,0,5,4,80.0,4,11,0,4,15,37.5,21,101,128,225,54.0,0,0,301,2,1,0,Matteo Piacentini,Cesena,928869,2742,DF
44,13,31.71,181,62,59.62,366,341,694,84.43,4,17.39,19,28,0,0,0,0,100,1,0,5,3,34,28,0,0,25,19,116,0,1,,,26,0,0.0,0,0,0,22,20,2,0,0,,87,47.28,0,0,0,128,19,24,0,19,1733,2,,0,0,0,0,0.0,0,0,0,0,254,2,0,6.75,0,0,0,0,0,0,0,0,0.0,0.0,0,6,8,5,4,24,46.15,0,40,20,50.0,24,84,52,41,91,43.96,104,491,372,822,189.0,14,0,1304,23,9,0,Petar Stojanović,US Salernitana 1919,227082,2710,MF
11,2,16.67,115,5,55.56,183,79,260,66.67,39,35.14,72,37,1,0,0,0,49,3,7,17,1,20,37,0,0,29,7,153,0,0,,,40,0,12.5,0,6,7,31,29,2,6,0,,47,36.72,1,0,2,130,4,27,1,25,2171,11,,0,0,0,0,0.0,0,0,0,0,238,13,0,6.75,0,4,0,0,0,0,0,0,361.83,0.0,0,40,8,18,13,16,57.14,0,12,5,41.67,27,23,28,12,86,35.98,9,291,111,390,249.7,48,0,667,20,0,0,Mattia Finotto,Carrarese,176167,2745,FW
39,3,37.5,96,59,42.75,322,435,754,82.58,43,53.75,37,28,1,0,0,0,68,0,0,2,2,118,27,0,1,9,11,95,1,1,,,36,0,11.11,18,1,2,38,35,3,1,0,,62,51.67,0,0,0,159,27,5,1,22,1974,0,,0,0,0,0,0.0,0,0,0,0,221,0,0,6.75,1,0,0,0,0,0,0,0,1974.0,0.0,0,7,2,2,5,6,54.55,0,45,31,68.89,5,76,11,8,105,52.5,138,433,488,913,182.2,9,0,1312,12,6,0,Michael Venturi,Cosenza,916355,2716,DF
9,2,5.71,85,4,44.44,146,97,241,86.69,4,33.33,8,22,0,0,0,0,43,1,2,11,0,8,22,0,0,26,5,70,0,1,,,14,0,6.25,0,2,2,15,12,3,2,0,,42,40.38,0,0,0,37,8,12,1,14,1196,5,,0,0,0,0,0.0,0,0,0,0,155,5,0,6.75,0,1,0,0,0,0,0,0,598.0,0.0,1,21,11,7,14,16,47.06,0,4,3,75.0,12,14,34,35,46,39.66,9,206,107,278,148.4,32,0,536,23,2,0,Mattia Compagnon,Catanzaro,970901,2796,MF
1,1,16.67,86,3,75.0,139,76,214,79.85,14,26.42,39,31,2,0,0,0,26,2,2,3,0,6,31,0,0,21,2,91,0,0,,,21,0,22.22,0,6,8,21,18,3,6,0,,40,43.48,2,0,1,54,4,17,0,20,1580,5,,0,0,0,0,0.0,0,0,0,0,147,4,0,6.75,0,4,0,0,0,0,0,0,263.33,0.0,0,24,3,15,9,2,14.29,0,10,3,30.0,17,3,14,6,54,37.24,4,188,86,268,209.1,27,1,476,28,1,0,Tommaso Biasci,Catanzaro,316118,2796,FW
0,0,0.0,21,2,40.0,29,8,37,62.71,16,44.44,20,9,0,0,0,0,16,0,1,1,0,3,9,0,0,3,2,34,0,0,,,7,0,25.0,0,2,2,4,3,1,2,0,,14,50.0,0,0,0,22,0,1,2,2,285,0,,0,0,2,0,100.0,0,2,0,0,39,2,0,6.74,0,0,0,0,0,0,0,0,142.5,0.0,0,7,1,3,4,2,40.0,0,8,6,75.0,1,2,5,0,30,46.88,5,47,12,59,60.7,8,0,107,4,3,0,Gabriele Gori,Südtirol,826199,2760,FW
17,2,25.0,59,46,33.58,236,615,849,83.32,40,43.96,51,27,0,0,0,0,95,1,1,0,2,106,27,0,1,6,7,101,0,0,,,31,0,20.0,6,2,2,36,31,5,2,0,,60,54.55,1,0,1,170,19,6,1,26,2259,2,,0,0,0,1,0.0,0,0,0,0,217,0,0,6.74,1,0,0,0,0,0,0,0,1129.5,0.0,0,9,1,4,6,7,53.85,0,34,18,52.94,6,62,13,8,100,49.75,137,344,683,1019,182.1,10,1,1339,19,3,0,Lorenzo Lucchesi,Reggiana,972567,24516,DF
10,5,26.32,85,14,35.9,125,55,175,68.9,25,56.82,19,18,1,0,0,0,50,1,1,7,2,28,18,0,0,10,19,80,0,0,,,20,0,4.76,0,1,2,16,11,5,0,1,,42,40.78,0,0,1,79,11,8,0,10,872,0,,0,0,0,0,0.0,0,0,0,0,160,4,0,6.74,0,1,0,0,0,0,0,0,872.0,0.0,1,10,11,9,5,7,31.82,0,11,5,45.45,8,21,22,19,67,45.58,39,205,68,254,121.4,21,0,491,24,2,0,Karim Zedadka,Südtirol,954036,2760,MF
23,2,12.5,106,37,35.92,260,300,558,78.81,35,61.4,22,19,0,0,0,0,54,0,1,0,3,52,19,0,0,1,8,62,1,0,,,28,0,0.0,0,0,0,23,21,2,0,0,,43,51.81,0,0,0,150,25,4,0,18,1457,1,,0,0,0,0,0.0,0,0,0,0,191,1,0,6.74,0,0,0,0,0,0,0,0,0.0,0.0,0,1,3,2,2,4,44.44,0,24,19,79.17,4,60,9,16,78,55.71,103,385,339,708,128.1,4,0,950,15,5,0,Davide Biraschi,Frosinone,233252,2801,DF
5,3,37.5,90,10,47.62,172,85,254,85.23,3,42.86,4,13,0,0,0,0,33,2,0,4,0,2,13,0,0,12,2,31,0,0,,,9,0,14.29,0,1,1,11,9,2,1,0,,24,47.06,0,0,0,44,2,12,0,7,559,0,,0,0,0,0,0.0,0,0,0,0,76,3,0,6.74,0,1,0,0,0,0,0,0,559.0,0.0,0,5,2,0,3,10,66.67,0,7,4,57.14,12,18,15,8,27,46.55,21,215,91,298,87.6,7,0,392,7,0,0,Jeff Reine-Adélaïde,US Salernitana 1919,794269,2710,MF
7,2,28.57,44,12,32.43,107,105,210,63.83,67,74.44,23,24,1,0,0,0,37,1,0,3,0,41,21,0,0,4,5,59,0,1,,,28,0,0.0,0,0,1,12,10,2,0,0,,30,45.45,0,0,0,119,10,7,0,7,790,0,,0,0,0,0,0.0,0,0,0,0,145,1,0,6.74,0,0,0,0,0,0,0,0,0.0,0.0,0,4,1,1,1,2,33.33,0,19,8,42.11,7,17,6,7,97,62.18,37,203,133,329,141.5,5,0,491,10,4,0,Oliver Abildgaard,Pisa,798664,2737,MF
8,1,7.69,96,17,85.0,147,83,229,84.19,19,61.29,12,27,1,0,0,0,28,1,4,4,0,8,27,0,0,7,10,53,0,0,,,21,0,22.22,0,4,5,15,14,1,4,0,,33,44.59,3,0,0,43,0,7,0,5,721,3,,0,0,0,0,0.0,0,0,0,0,85,3,0,6.74,0,1,0,0,0,0,0,0,180.25,0.0,0,12,6,4,10,4,44.44,0,13,7,53.85,7,17,9,13,52,49.52,20,195,90,272,181.9,18,1,399,16,4,0,Birkir Bjarnason,Brescia,13270,2691,MF
21,3,25.0,114,34,68.0,270,261,528,90.1,2,25.0,6,20,1,0,0,0,47,1,0,1,0,12,19,0,0,3,11,43,0,1,,,22,0,0.0,0,0,1,16,13,3,0,0,,25,40.32,0,0,0,58,6,7,0,10,848,0,,0,0,0,0,0.0,0,0,0,0,78,3,0,6.74,0,0,0,0,0,0,0,0,0.0,0.0,0,0,5,2,2,2,50.0,0,15,9,60.0,7,33,4,12,27,38.57,50,320,278,586,128.0,5,0,681,8,4,0,Žan Majer,Cremonese,172599,2761,MF
3,0,0.0,70,3,37.5,91,32,123,56.68,60,40.82,87,33,1,1,0,0,40,3,14,8,0,17,33,0,0,24,1,146,0,0,,,27,0,14.29,1,7,8,30,28,2,7,0,,57,49.14,1,0,2,94,1,11,1,14,1531,5,,0,0,1,0,0.0,0,0,0,0,198,11,0,6.74,0,4,0,0,0,0,0,0,218.71,0.0,0,45,4,15,26,12,42.86,0,8,4,50.0,11,7,28,4,117,44.49,8,180,41,217,222.3,49,1,495,40,6,0,Gabriele Artistico,Juve Stabia,1009516,5324,FW
3,0,0.0,35,2,50.0,62,22,84,64.62,30,45.45,36,20,3,0,0,0,16,1,2,6,0,7,17,0,0,13,8,84,0,0,,,28,0,5.0,0,1,4,11,10,1,1,0,,25,34.25,0,0,0,46,0,9,0,5,641,9,,0,0,0,0,0.0,0,0,0,0,86,3,0,6.74,0,1,0,0,0,0,0,0,641.0,0.0,0,13,7,5,9,14,77.78,0,3,2,66.67,9,3,18,2,55,39.57,4,102,30,130,114.5,20,0,240,10,3,0,Mario Ravasio,Cittadella,822377,2717,FW
5,0,0.0,40,7,63.64,69,42,111,77.08,20,37.74,33,20,0,0,0,0,20,0,2,5,0,12,20,0,0,10,2,70,0,0,,,17,0,5.26,0,1,1,10,9,1,1,0,,41,52.56,1,0,0,33,2,9,0,5,687,1,,0,0,0,0,0.0,0,0,0,0,84,2,0,6.74,0,0,0,0,0,0,0,0,687.0,0.0,0,13,6,9,5,5,33.33,0,12,7,58.33,9,6,15,5,61,46.56,11,100,49,144,134.7,19,0,291,27,1,0,Emanuele Pecorino,Frosinone,980967,2801,FW
3,0,0.0,80,1,25.0,127,42,169,71.01,64,56.14,50,28,2,0,0,0,23,2,2,7,0,10,27,0,0,27,3,116,0,0,,,27,0,12.5,0,3,5,14,12,2,3,0,,30,31.25,1,0,1,69,3,20,0,10,1149,5,,0,0,0,0,0.0,0,0,0,0,151,6,0,6.73,0,2,0,0,0,0,0,0,383.0,0.0,0,21,3,7,10,12,46.15,0,5,1,20.0,20,3,26,1,94,44.76,4,188,51,238,181.8,24,1,426,14,3,0,Andrija Novakovich,Bari,792135,2712,FW
8,0,0.0,43,9,64.29,79,32,111,64.16,23,39.66,35,22,1,0,0,0,21,1,0,5,0,3,21,0,0,19,15,92,0,1,,,18,0,18.75,0,3,4,6,4,2,3,0,,44,43.56,0,0,1,62,5,4,2,8,749,4,,0,0,0,0,0.0,0,0,0,0,122,6,0,6.73,0,1,0,0,0,0,0,0,249.67,0.0,0,14,2,6,5,9,50.0,0,11,6,54.55,4,13,18,0,67,42.14,14,127,46,173,141.4,16,0,332,24,4,0,Ernesto Torregrossa,US Salernitana 1919,127000,2710,FW
9,14,19.18,121,22,47.83,235,119,340,75.89,0,0.0,9,30,2,0,0,0,70,1,1,12,1,24,30,0,0,18,11,83,0,0,,,10,0,3.33,0,1,3,22,17,5,1,0,,63,45.99,0,0,0,108,5,23,0,17,1541,0,,0,0,1,0,100.0,0,1,0,0,268,7,0,6.73,0,1,0,0,0,0,0,0,1541.0,0.0,0,15,15,9,9,34,48.57,0,16,10,62.5,23,25,70,73,63,43.15,46,372,149,448,202.0,30,0,829,13,2,0,Riccardo Ciervo,Cosenza,1019953,2716,MF
31,2,20.0,60,45,44.55,180,522,700,84.54,34,46.58,39,21,0,0,0,0,45,0,0,0,3,76,21,0,0,3,7,76,0,0,,,23,0,25.0,14,1,1,28,24,4,1,0,,40,51.95,0,0,0,128,15,1,0,15,1472,0,,0,0,0,0,0.0,0,0,0,0,169,2,0,6.73,0,1,0,0,0,0,0,0,1472.0,0.0,0,1,3,3,1,3,42.86,0,33,19,57.58,1,50,7,10,74,49.33,101,267,571,828,141.4,4,0,1094,5,6,0,Filippo Oliana,Carrarese,928826,2745,DF
11,6,50.0,36,19,61.29,73,41,108,83.72,2,100.0,0,9,0,0,0,0,10,0,0,3,0,1,9,0,1,3,5,14,0,0,,,6,0,0.0,0,0,0,2,2,0,0,0,,5,26.32,0,0,0,21,4,11,0,0,126,0,,0,0,0,0,0.0,0,0,0,0,35,0,0,6.73,1,0,0,0,0,0,0,0,0.0,0.0,0,1,2,0,0,1,100.0,0,4,2,50.0,11,16,1,12,7,33.33,31,96,45,129,60.6,3,0,168,0,2,0,Luca Cigarini,Reggiana,12656,24516,MF
2,1,20.0,66,4,80.0,90,28,117,92.86,3,25.0,9,10,0,0,0,0,7,1,1,5,0,1,9,0,0,6,1,30,0,0,,,6,0,0.0,0,0,0,3,3,0,0,0,,17,44.74,0,0,0,9,1,3,0,2,282,1,,0,0,0,0,0.0,0,0,0,0,35,1,0,6.73,0,0,0,0,0,0,0,0,0.0,0.0,1,8,3,4,2,9,52.94,0,3,2,66.67,3,2,17,5,20,40.0,5,100,31,126,60.6,11,0,200,5,1,0,Issiaka Kamate,Modena,1176557,2706,MF
7,8,27.59,75,8,28.57,126,89,207,72.89,23,56.1,18,25,1,0,0,0,56,2,0,9,0,25,25,0,0,21,6,76,0,0,,,23,0,0.0,0,0,1,12,11,1,0,0,,82,58.57,0,0,2,77,8,8,0,10,984,1,,0,0,0,0,0.0,0,0,0,0,156,6,0,6.73,0,0,0,0,0,0,0,0,0.0,0.0,0,7,12,10,0,18,64.29,0,33,18,54.55,8,23,28,29,105,58.01,28,202,111,284,168.3,19,0,557,31,5,0,Thomas Battistella,Modena,970891,2706,MF
1,0,0.0,20,0,0.0,41,23,64,72.73,21,51.22,20,14,1,0,0,0,10,0,0,2,0,7,13,0,0,5,1,36,0,0,,,13,0,12.5,0,1,2,4,4,0,1,0,,13,44.83,1,0,0,24,0,2,0,5,502,3,,0,0,0,0,0.0,0,0,0,0,37,4,0,6.73,0,0,0,0,0,0,0,0,502.0,0.0,0,8,0,4,2,0,0.0,0,1,1,100.0,2,4,0,1,34,48.57,1,65,24,88,87.5,8,0,137,12,1,0,Andrea La Mantia,Catanzaro,96649,2796,FW
2,0,0.0,49,3,37.5,77,36,113,61.75,58,45.67,69,20,1,0,0,0,24,2,5,8,0,6,20,0,0,15,4,115,0,0,,,24,0,13.04,1,3,4,9,7,2,3,0,,26,36.11,0,0,0,70,1,7,0,9,864,4,,0,0,0,0,0.0,0,0,0,0,125,4,0,6.73,0,3,0,0,0,0,0,0,288.0,0.0,0,22,1,5,10,3,33.33,0,7,4,57.14,7,6,9,0,84,42.21,8,140,43,183,134.6,23,0,330,17,3,0,Edoardo Soleri,Spezia,792314,2735,FW
11,3,18.75,135,12,40.0,260,130,387,79.14,30,44.78,37,25,0,0,0,0,53,1,3,6,3,25,24,0,1,15,10,100,0,0,,,30,0,10.0,0,2,2,13,13,0,2,0,,64,50.39,2,0,0,102,7,11,0,14,1386,2,,0,0,0,0,0.0,0,0,0,0,188,6,0,6.73,1,0,0,0,0,0,0,0,693.0,0.0,0,13,7,10,4,10,43.48,0,27,11,40.74,11,20,23,16,94,48.45,30,348,157,489,161.5,20,0,769,27,2,0,Nunzio Lella,Bari,881068,2712,MF
5,7,14.89,101,3,60.0,177,78,248,86.71,7,29.17,17,21,1,0,0,0,35,1,0,12,1,9,21,0,0,13,6,68,0,1,,,15,0,6.67,0,2,3,18,16,2,2,0,,35,40.7,0,0,0,38,2,11,2,13,1067,2,,0,0,0,1,0.0,0,0,0,0,149,7,0,6.73,0,0,0,0,0,0,0,0,533.5,0.0,1,26,4,13,5,11,37.93,0,7,6,85.71,11,8,29,47,42,38.18,5,246,87,286,141.3,30,0,515,17,1,0,Farès Ghedjemis,Frosinone,1445228,2801,FW
3,0,0.0,3,26,31.71,15,119,134,70.16,0,0.0,0,7,0,0,0,0,50,0,0,0,1,1,7,0,0,0,0,0,1,0,,,0,0,0.0,40,0,0,12,9,3,0,0,,1,100.0,0,6,0,57,0,0,0,7,630,0,,0,0,0,0,0.0,1,0,0,0,57,0,0,6.73,0,0,1,10,11,21,0,7,0.0,0.0,0,0,0,0,0,0,0.0,1,0,0,0.0,0,6,0,0,1,100.0,82,55,136,191,47.1,0,0,246,1,0,0,Marco Silvestri,Sampdoria,43970,2711,GK
1,5,25.0,62,5,33.33,103,39,137,65.24,37,35.24,68,26,1,0,0,0,21,2,2,8,0,11,26,0,0,15,2,131,0,0,,,40,0,8.33,0,3,4,20,20,0,2,1,,24,27.59,0,0,1,73,4,6,1,16,1359,17,,0,0,0,0,0.0,0,0,0,0,153,7,0,6.73,0,2,0,0,0,0,0,0,453.0,0.0,0,27,9,15,13,5,35.71,0,5,2,40.0,6,5,14,20,61,31.77,15,183,47,210,174.9,36,1,399,14,5,0,Orji Okwonkwo,Cittadella,822482,2717,FW
7,0,0.0,49,2,40.0,83,36,119,70.83,18,42.86,24,12,0,0,0,0,23,1,0,6,0,4,12,0,0,12,3,69,0,0,,,23,0,7.69,0,1,1,6,6,0,1,0,,27,37.5,0,0,0,49,1,4,1,5,529,3,,0,0,0,0,0.0,0,0,0,0,102,5,0,6.73,0,0,0,0,0,0,0,0,529.0,0.0,0,9,4,3,4,5,35.71,0,10,6,60.0,4,13,14,4,45,39.47,5,133,39,168,80.7,13,0,293,12,1,0,Stefano Pettinari,Reggiana,103040,24516,FW
5,0,0.0,8,10,47.62,33,81,114,76.51,19,73.08,7,4,0,0,0,0,13,0,0,0,0,25,4,0,0,1,3,14,0,0,,,4,0,0.0,5,0,0,6,5,1,0,0,,7,50.0,0,0,0,35,7,0,0,3,272,0,,0,0,0,0,0.0,0,0,0,0,36,0,0,6.73,0,0,0,0,0,0,0,0,0.0,0.0,0,2,0,2,0,0,0.0,0,1,1,100.0,0,11,0,0,26,65.0,21,54,95,149,26.9,2,0,202,7,1,0,Sergio Kalaj,Frosinone,928928,2801,DF
6,0,0.0,21,12,42.86,97,235,332,89.73,23,53.49,20,8,0,0,0,0,11,0,0,0,1,32,8,0,0,0,3,34,0,0,,,10,0,0.0,0,0,0,9,8,1,0,0,,9,39.13,0,0,0,38,6,0,0,6,567,0,,0,0,0,1,0.0,0,0,0,0,44,0,0,6.73,0,0,0,0,0,0,0,0,0.0,0.0,0,1,1,2,0,0,0.0,0,7,5,71.43,0,12,1,0,32,48.48,28,115,255,370,53.8,2,0,442,2,2,0,Tijs Velthuis,US Salernitana 1919,961674,2710,DF
25,4,13.33,140,39,41.94,302,404,702,84.48,26,55.32,21,21,0,0,0,0,73,0,1,3,3,51,21,0,0,10,16,78,1,0,,,17,0,0.0,0,0,0,23,19,4,0,0,,59,50.86,0,0,0,129,7,6,0,16,1531,0,,0,0,0,1,0.0,0,0,0,0,211,6,0,6.72,0,0,0,0,0,0,0,0,0.0,0.0,0,3,2,1,1,12,44.44,0,30,15,50.0,6,68,27,30,85,52.15,93,423,438,831,141.2,5,0,1169,18,7,0,Bartosz Bereszyński,Sampdoria,109461,2711,DF
2,1,11.11,53,1,16.67,74,27,100,69.44,9,30.0,21,23,0,0,0,0,32,0,1,9,0,5,22,0,0,4,9,55,0,0,,,7,0,19.05,0,4,4,12,11,1,4,0,,32,48.48,1,0,0,44,1,7,2,5,660,2,,0,0,0,0,0.0,0,0,0,0,94,6,0,6.72,0,1,0,0,0,0,0,0,165.0,0.0,0,20,1,7,5,10,41.67,0,12,6,50.0,7,6,24,9,41,42.71,6,116,37,144,147.9,21,0,288,12,2,0,Flavio Bianchi,Brescia,928779,2691,FW
5,0,0.0,56,6,100.0,96,54,150,77.72,27,50.94,26,29,0,0,0,0,9,0,3,10,0,9,29,0,0,24,8,87,0,0,,,23,0,14.81,0,4,4,11,7,4,4,0,,49,44.55,1,0,1,43,1,5,0,4,821,3,,0,0,0,0,0.0,0,0,0,0,102,0,0,6.72,0,3,0,0,0,0,0,0,205.25,0.0,0,23,4,9,8,6,50.0,0,15,10,66.67,5,6,12,3,76,46.63,6,131,65,193,194.9,27,0,367,28,1,0,Alessandro Debenedetti,Mantova,1543212,2770,FW
2,0,0.0,84,1,20.0,127,56,183,75.93,14,23.73,45,25,1,0,0,0,54,2,7,10,0,9,25,0,0,41,10,158,0,0,,,36,0,10.81,0,4,5,25,23,2,3,1,,75,39.89,0,0,2,58,1,21,0,16,1563,17,,0,0,0,0,0.0,0,0,0,2,193,17,0,6.72,0,4,0,0,0,0,0,0,390.75,0.0,0,31,6,13,14,20,39.22,0,17,11,64.71,21,7,51,1,89,36.03,5,172,70,241,168.0,37,0,557,38,4,0,Stiven Shpendi,Carrarese,1142825,2745,MF
0,0,0.0,6,0,0.0,9,4,13,86.67,2,16.67,10,5,0,0,0,0,2,1,0,1,0,1,5,0,0,1,0,16,0,0,,,1,0,25.0,0,1,1,2,2,0,1,0,,2,25.0,0,0,0,2,0,1,1,0,76,0,,0,0,0,0,0.0,0,0,0,0,12,0,0,6.72,0,0,0,0,0,0,0,0,76.0,0.0,0,3,1,1,2,2,33.33,0,0,0,0.0,1,0,6,0,4,20.0,0,11,4,15,33.6,4,0,37,0,1,0,Simone Leonardi,Sampdoria,1126679,2711,FW
7,6,30.0,136,11,37.93,290,270,554,88.5,31,52.54,28,31,4,0,0,0,90,6,2,7,2,22,31,0,0,23,16,122,0,0,,,39,0,5.26,0,1,5,24,21,3,1,0,,73,43.71,1,0,0,72,12,22,0,22,1944,0,,0,0,0,1,0.0,0,0,0,0,168,8,0,6.72,0,0,0,0,0,0,0,0,1944.0,0.0,0,12,7,9,3,9,33.33,0,20,11,55.0,22,16,27,20,104,46.02,29,355,291,626,208.3,19,0,950,45,8,0,Samuel Giovane,Carrarese,983574,2745,MF
20,8,30.77,79,30,46.15,166,157,315,78.55,19,59.38,13,16,2,0,0,0,44,1,0,4,0,22,16,0,0,10,12,57,0,0,,,18,0,0.0,0,0,2,16,14,2,0,0,,45,50.56,0,0,1,86,10,7,0,8,692,0,,0,0,0,0,0.0,0,0,0,0,132,2,0,6.72,0,0,0,0,0,0,0,0,0.0,0.0,3,0,8,2,2,8,61.54,0,21,13,61.9,7,47,13,26,64,52.89,65,257,170,401,107.5,8,0,571,16,4,0,Elvis Kabashi,Reggiana,283125,24516,MF
12,1,25.0,49,25,33.78,114,109,222,69.59,22,59.46,15,16,1,0,0,0,32,0,0,0,2,51,16,0,0,1,9,45,0,0,,,19,0,0.0,0,0,1,23,19,4,0,0,,25,45.45,0,0,0,97,15,4,0,15,1341,0,,0,0,0,0,0.0,0,0,0,0,151,1,0,6.72,0,0,0,0,0,0,0,0,0.0,0.0,0,3,0,3,0,1,50.0,0,19,17,89.47,4,30,2,4,47,51.09,74,190,133,319,107.5,3,0,533,5,4,0,Frédéric Veseli,Südtirol,137775,2760,DF
15,1,20.0,53,26,35.62,144,212,355,79.95,16,32.0,34,17,1,0,0,0,37,1,1,4,3,65,16,0,0,3,5,59,0,1,,,15,0,0.0,0,0,1,18,18,0,0,0,,31,55.36,0,0,0,89,9,3,0,14,1157,3,,0,0,0,1,0.0,0,0,0,0,130,1,0,6.72,0,0,0,0,0,0,0,0,0.0,0.0,0,6,0,2,0,1,25.0,0,21,11,52.38,3,37,4,5,47,44.34,73,204,245,444,107.5,6,0,672,9,2,0,Andrea Papetti,Brescia,1023080,2691,DF
1,5,33.33,6,0,0.0,16,17,28,75.68,2,50.0,2,6,0,0,0,0,6,0,0,0,0,4,6,0,0,0,1,5,0,0,,,1,0,0.0,0,0,0,1,1,0,0,0,,5,62.5,0,0,0,9,2,2,0,0,120,0,,0,1,0,0,0.0,0,0,0,0,24,0,0,6.72,0,0,0,0,0,0,0,0,0.0,0.0,0,1,0,0,1,0,0.0,0,3,2,66.67,1,2,1,15,7,58.33,3,32,20,37,40.3,1,0,82,2,0,0,Oliver Urso,Reggiana,944195,24516,MF
1,0,0.0,40,1,33.33,62,21,83,69.75,16,27.12,43,20,1,0,0,0,17,2,3,6,0,8,19,0,0,11,3,78,0,0,,,16,0,10.53,0,2,3,16,14,2,2,0,,25,41.67,0,0,0,36,0,10,1,8,792,14,,0,0,1,0,100.0,0,1,0,1,77,3,0,6.72,0,1,0,0,0,0,0,0,396.0,0.0,2,16,3,4,9,1,14.29,0,5,5,100.0,10,4,7,4,41,34.45,3,98,25,119,127.6,19,0,249,20,2,0,Antonio La Gumina,Cesena,793702,2742,FW
16,3,14.29,201,39,43.82,398,246,641,77.14,43,41.75,60,33,1,0,0,0,144,2,7,14,3,31,33,0,1,34,22,177,2,0,,,49,0,0.0,0,0,1,35,30,5,0,0,,85,42.08,0,0,0,190,30,30,0,29,2457,1,,0,0,0,0,0.0,0,0,0,0,323,11,0,6.72,1,0,0,0,0,0,0,0,0.0,0.0,0,32,11,19,10,12,44.44,0,23,16,69.57,30,42,27,21,128,41.97,89,568,284,831,221.6,43,0,1283,51,8,0,Christian Kouan,Cosenza,920407,2716,MF
1,4,28.57,28,1,25.0,45,5,46,71.88,0,0.0,3,8,0,0,0,0,10,1,1,3,0,1,8,0,0,2,3,18,0,0,,,4,0,12.5,0,1,1,5,3,2,1,0,,10,40.0,0,0,0,18,0,3,1,1,187,0,,0,0,0,0,0.0,0,0,0,0,48,3,0,6.71,0,0,0,0,0,0,0,0,187.0,0.0,0,4,4,2,3,6,50.0,0,2,2,100.0,3,3,12,14,10,35.71,4,71,7,64,53.7,8,0,124,2,1,0,Claudio Cassano,Cittadella,1067063,2717,MF
29,16,31.37,135,64,47.76,340,464,788,84.37,31,51.67,29,33,0,0,0,0,69,0,1,3,4,80,33,0,0,5,8,68,0,0,,,23,0,0.0,0,0,0,34,29,5,0,0,,62,61.39,0,0,0,146,9,9,0,24,2221,2,,0,0,0,2,0.0,0,0,0,0,239,1,0,6.71,0,0,0,0,0,0,0,0,0.0,0.0,0,3,5,5,0,9,69.23,0,30,19,63.33,9,64,13,51,93,57.76,134,469,516,934,221.4,8,0,1396,24,2,0,Alexander Jallow,Brescia,873040,2691,DF
4,0,0.0,55,3,100.0,82,33,115,74.19,14,31.11,31,24,2,0,0,0,22,3,2,4,0,6,24,0,0,11,4,61,0,0,,,14,0,4.76,0,1,3,4,3,1,0,1,,19,38.78,0,0,0,40,0,10,1,6,708,3,,0,0,0,0,0.0,0,0,0,0,83,6,0,6.71,0,0,0,0,0,0,0,0,708.0,0.0,0,16,5,13,4,4,50.0,0,6,4,66.67,10,8,8,2,33,35.11,3,119,38,155,161.0,21,0,284,9,0,0,Antonio Čolak,Spezia,142395,2735,FW
18,1,33.33,78,11,31.43,174,169,342,83.01,5,38.46,8,14,0,0,0,0,33,1,0,2,0,20,14,0,0,7,5,28,0,0,,,8,0,14.29,0,1,1,15,14,1,1,0,,38,65.52,0,0,0,70,5,4,0,7,625,0,,0,0,0,0,0.0,0,0,0,0,90,0,0,6.71,0,1,0,0,0,0,0,0,625.0,0.0,0,1,6,4,1,1,100.0,0,24,13,54.17,4,36,1,3,43,60.56,35,221,194,412,93.9,7,0,530,13,3,0,Raffaele Maiello,Bari,106260,2712,MF
5,9,33.33,78,12,66.67,135,89,215,82.38,10,43.48,13,18,1,0,0,0,38,1,1,2,0,10,18,0,0,8,3,55,0,0,,,19,0,0.0,0,0,1,9,8,1,0,0,,44,51.16,0,0,0,46,1,11,0,4,594,2,,0,0,0,0,0.0,0,0,0,0,109,3,0,6.71,0,0,0,0,0,0,0,0,0.0,0.0,0,5,2,3,2,12,48.0,0,10,7,70.0,11,16,25,27,54,49.54,18,185,103,261,120.7,7,0,445,23,4,0,Edoardo Duca,Modena,915628,2706,MF
15,8,25.81,123,22,35.48,220,316,528,80.12,22,50.0,22,28,1,0,0,0,63,2,1,3,1,48,27,0,0,17,3,65,1,0,,,11,0,21.43,0,3,4,34,29,5,3,0,,54,55.67,1,0,0,131,14,14,0,19,1807,0,,0,1,0,0,0.0,0,0,0,0,226,3,0,6.7,0,1,0,0,0,0,0,0,602.33,0.0,0,13,1,6,5,13,48.15,0,18,10,55.56,13,36,27,31,76,53.9,62,296,394,659,181.0,14,1,1110,23,1,0,Tommaso Maggioni,Mantova,1084827,2770,DF
7,0,0.0,102,8,50.0,142,32,174,74.36,42,34.15,81,30,2,0,0,0,52,3,2,8,0,3,30,0,0,31,2,174,0,0,,,42,0,3.03,0,1,3,11,8,3,1,0,,62,40.0,1,0,0,60,1,13,0,14,1295,5,,0,0,0,0,0.0,0,0,0,0,178,9,0,6.7,0,0,0,0,0,0,0,0,1295.0,0.0,0,21,12,19,6,17,43.59,0,14,6,42.86,13,13,39,9,104,37.41,16,206,37,234,201.1,33,0,512,34,7,0,Giuseppe Di Serio,Spezia,984039,2735,FW
0,0,0.0,1,0,0.0,1,1,2,66.67,1,100.0,0,1,0,0,0,0,0,0,0,0,0,0,1,0,0,1,0,1,0,0,,,0,0,0.0,0,0,0,1,1,0,0,0,,0,0.0,0,0,0,1,0,0,0,0,8,0,,0,0,0,0,0.0,0,0,0,0,4,0,0,6.7,0,0,0,0,0,0,0,0,0.0,0.0,0,1,0,0,1,0,0.0,0,0,0,0.0,0,0,0,0,1,50.0,0,2,1,3,6.7,1,0,7,0,0,0,Thomas Alberti,Modena,916069,2706,FW
0,0,0.0,1,0,0.0,1,1,2,66.67,1,100.0,0,1,0,0,0,0,1,0,0,1,0,0,1,0,0,0,0,0,0,0,,,0,0,0.0,0,0,0,0,0,0,0,0,,1,100.0,0,0,0,1,0,0,0,0,14,0,,0,0,0,0,0.0,0,0,0,0,2,0,0,6.7,0,0,0,0,0,0,0,0,0.0,0.0,0,1,0,0,0,1,100.0,0,0,0,0.0,0,0,1,0,2,100.0,0,2,1,3,6.7,1,0,6,0,0,0,Taha Zidouh,Modena,1948915,2706,FW
0,1,100.0,2,0,0.0,4,0,3,75.0,1,100.0,0,1,0,0,0,0,0,0,0,0,0,0,1,0,0,0,0,0,0,0,,,0,0,0.0,0,0,0,0,0,0,0,0,,0,0.0,0,0,0,1,0,1,0,0,13,0,,0,0,0,0,0.0,0,0,0,0,1,0,0,6.7,0,0,0,0,0,0,0,0,0.0,0.0,0,0,0,0,0,0,0.0,0,0,0,0.0,1,1,0,1,1,100.0,0,5,0,4,6.7,0,0,6,0,0,0,Tommaso Ferrari,Pisa,1956114,2737,FW
2,1,25.0,12,1,33.33,29,23,51,91.07,1,33.33,2,2,0,0,0,0,5,0,0,2,0,1,2,0,0,1,0,3,0,0,,,0,0,0.0,0,0,0,2,2,0,0,0,,4,80.0,0,0,0,5,0,2,0,1,81,0,,0,0,0,0,0.0,0,0,0,0,12,1,0,6.7,0,0,0,0,0,0,0,0,0.0,0.0,0,0,3,1,0,3,100.0,0,1,1,100.0,2,3,3,4,5,62.5,3,36,24,56,13.4,3,0,79,0,0,0,Domagoj Bradarić,US Salernitana 1919,897594,2710,DF
5,0,0.0,3,7,33.33,17,45,62,62.63,16,76.19,5,6,0,0,0,0,10,0,0,0,0,26,6,0,0,0,1,13,0,1,,,5,0,0.0,0,0,0,7,5,2,0,0,,8,50.0,0,0,0,37,3,0,0,4,250,0,,0,0,0,0,0.0,0,0,0,0,41,0,0,6.7,0,0,0,0,0,0,0,0,0.0,0.0,0,2,0,2,0,0,0.0,0,8,5,62.5,0,14,2,0,24,64.86,21,36,63,99,40.2,2,0,153,0,1,0,Stefano Negro,Cittadella,587764,2717,DF
10,4,23.53,22,10,38.46,58,56,110,72.85,6,28.57,15,12,0,0,0,0,18,3,0,1,2,12,12,0,0,1,6,32,0,0,,,9,0,0.0,1,0,0,3,3,0,0,0,,10,37.04,0,0,0,41,4,5,0,5,501,1,,0,1,0,0,0.0,0,0,0,0,64,0,0,6.69,0,0,0,0,0,0,0,0,0.0,0.0,0,0,1,0,0,2,50.0,0,8,5,62.5,4,19,4,17,16,33.33,26,101,67,151,80.3,1,0,247,0,2,0,Cristian Andreoni,Juve Stabia,260607,5324,MF
2,1,33.33,42,6,85.71,78,41,118,75.16,20,31.75,43,21,1,0,0,0,14,1,2,2,0,2,20,0,0,5,1,61,0,0,,,8,0,10.53,0,2,3,4,3,1,2,0,,18,50.0,1,0,0,39,1,4,0,6,634,4,,0,0,0,0,0.0,0,0,0,0,87,3,0,6.69,0,1,0,0,0,0,0,0,317.0,0.0,0,17,2,9,8,1,14.29,0,3,3,100.0,4,2,7,3,38,38.38,7,113,47,157,133.8,19,0,263,14,2,0,Flavio Russo,Cesena,1137553,2742,FW
23,2,22.22,157,32,50.0,312,325,635,82.36,24,43.64,31,29,0,0,0,0,75,1,2,0,3,55,29,0,0,11,17,97,1,0,,,33,0,12.5,0,1,1,28,24,4,1,0,,67,50.38,0,0,0,136,18,12,0,19,1831,3,,1,0,0,0,0.0,0,0,0,0,187,2,0,6.69,0,1,0,0,0,0,0,0,1831.0,0.0,0,6,2,5,3,9,64.29,0,30,19,63.33,12,37,14,9,91,48.4,64,414,366,771,194.0,8,0,1100,28,6,0,Luca Magnino,Modena,866125,2706,MF
25,2,22.22,108,23,58.97,262,189,449,84.56,12,48.0,13,18,0,0,0,0,46,0,0,7,1,9,18,0,1,9,16,71,0,1,,,22,0,7.69,0,1,1,13,13,0,0,1,,38,39.58,0,0,0,82,6,9,1,10,841,0,,0,0,0,0,0.0,0,0,0,0,134,4,0,6.69,1,0,0,0,0,0,0,0,841.0,0.0,0,3,10,4,2,11,45.83,0,15,9,60.0,9,40,24,9,50,41.32,39,325,215,531,120.4,13,0,706,12,7,0,Andrés Tello,US Salernitana 1919,796507,2710,MF
5,5,11.9,86,9,25.71,172,145,312,76.66,15,44.12,19,28,4,0,0,0,46,4,2,3,1,31,26,0,0,16,8,78,0,1,,,28,0,0.0,1,0,4,20,18,2,0,0,,54,47.79,0,0,0,95,5,12,0,16,1416,3,,0,0,0,0,0.0,0,0,0,0,185,0,0,6.69,1,0,0,0,0,0,0,0,0.0,0.0,0,9,4,4,6,19,65.52,0,23,16,69.57,12,15,29,42,69,46.94,35,265,184,407,173.9,13,1,693,12,3,1,Joseph Ceesay,Cesena,841113,2742,MF
4,4,36.36,59,5,71.43,108,29,133,81.1,7,20.59,27,22,0,0,0,0,26,2,3,9,0,5,21,0,0,16,1,59,0,0,,,11,0,4.17,0,1,1,2,2,0,1,0,,35,52.24,0,0,0,31,0,8,1,5,602,1,,0,0,0,0,0.0,0,0,0,0,78,8,0,6.69,0,0,0,0,0,0,0,0,602.0,0.0,1,14,10,11,4,5,45.45,0,10,5,50.0,8,7,11,11,42,41.58,7,144,31,164,140.4,24,0,312,22,1,0,Diego Falcinelli,Spezia,80802,2735,FW
1,2,7.69,27,2,11.76,47,34,79,64.23,9,39.13,14,14,2,0,0,0,20,2,1,0,0,20,14,0,0,5,5,34,0,0,,,8,0,0.0,0,0,2,14,12,2,0,0,,29,59.18,0,0,0,44,4,7,0,8,653,1,,0,0,0,0,0.0,0,0,0,0,99,1,0,6.69,0,0,0,0,0,0,0,0,0.0,0.0,0,3,1,2,2,3,50.0,0,20,14,70.0,7,7,6,26,38,52.78,17,99,50,123,93.6,4,0,266,6,0,0,Baldovino Cimino,Cosenza,1134339,2716,MF
18,1,5.88,79,24,45.28,222,275,496,81.44,7,29.17,17,21,1,0,0,0,75,2,0,1,2,8,20,0,0,13,13,69,0,0,,,22,0,0.0,0,0,1,15,15,0,0,0,,51,49.51,0,0,0,113,7,9,0,8,903,0,,0,0,0,1,0.0,0,0,0,0,161,1,0,6.69,0,0,0,0,0,0,0,0,0.0,0.0,1,0,2,1,0,8,57.14,0,37,21,56.76,9,54,14,17,58,45.67,53,319,307,609,133.7,2,0,777,6,4,0,Leonardo Capezzi,Carrarese,800373,2745,MF
12,10,21.74,77,14,32.56,141,88,219,75.78,12,60.0,8,21,0,0,0,0,44,0,0,4,2,14,20,0,0,4,5,39,0,0,,,16,0,0.0,0,0,0,10,8,2,0,0,,30,49.18,0,0,0,70,4,9,0,6,682,1,,0,0,0,1,0.0,0,0,0,0,147,4,0,6.69,0,0,0,0,0,0,0,0,0.0,0.0,0,7,5,6,2,6,42.86,0,19,11,57.89,9,26,14,46,42,51.85,43,227,108,289,133.7,12,0,507,5,2,0,Niccolò Belloni,Carrarese,587748,2745,MF
15,1,16.67,70,8,18.6,117,84,200,72.73,13,40.63,19,20,0,0,0,0,43,1,0,2,0,32,19,0,0,8,5,55,0,0,,,16,0,10.0,0,1,1,13,10,3,1,0,,15,29.41,0,0,0,75,4,10,0,7,809,2,,0,0,0,0,0.0,0,0,0,0,117,4,0,6.68,0,1,0,0,0,0,0,0,809.0,0.0,0,9,1,5,3,7,50.0,0,7,3,42.86,10,30,14,6,28,33.73,43,175,106,275,127.0,10,0,456,1,5,0,Hamza El Kaouakibi,Südtirol,929758,2760,DF
1,0,0.0,46,1,20.0,65,36,101,59.06,40,48.19,43,25,1,0,0,0,17,1,4,2,1,10,25,0,0,8,3,75,0,0,,,17,0,10.53,0,2,3,13,10,3,2,0,,24,42.86,2,0,0,70,3,8,0,7,849,5,,0,0,0,0,0.0,0,0,0,0,115,6,0,6.68,0,0,0,0,0,0,0,0,424.5,0.0,0,17,2,10,7,4,36.36,0,7,4,57.14,8,4,11,1,64,46.04,5,127,45,171,167.1,19,0,297,13,1,0,Fabio Abiuso,Modena,1084841,2706,FW
5,1,16.67,39,11,78.57,67,34,100,60.24,45,56.96,34,24,1,0,0,1,20,2,9,5,0,11,24,0,0,11,4,84,0,0,,,32,0,6.9,0,2,3,8,7,1,2,0,,30,37.5,1,0,2,66,1,13,0,11,933,2,,0,0,1,0,0.0,0,0,0,0,134,6,0,6.68,0,1,0,0,0,0,0,0,466.5,0.0,0,20,9,12,12,4,33.33,0,5,2,40.0,13,10,12,6,75,47.17,14,123,49,166,160.4,29,0,336,24,3,0,Thomas Henry,Palermo,795541,2715,FW
7,0,0.0,5,6,42.86,21,82,103,87.29,9,60.0,6,6,0,0,0,0,6,0,0,0,1,24,6,0,0,0,3,10,0,0,,,2,0,0.0,2,0,0,5,5,0,0,0,,7,63.64,0,0,0,15,3,0,0,4,395,0,,0,0,0,0,0.0,0,0,0,0,21,0,0,6.68,0,0,0,0,0,0,0,0,0.0,0.0,0,0,0,0,0,0,0.0,0,2,1,50.0,0,12,0,1,16,61.54,14,33,86,118,40.1,0,0,169,5,2,0,Antonio Pergreffi,Modena,810139,2706,DF
12,3,33.33,46,11,39.29,68,28,93,53.76,29,50.0,29,12,0,0,0,0,27,1,2,2,0,8,12,0,0,2,6,47,0,0,,,9,0,0.0,0,0,0,7,5,2,0,0,,12,40.0,0,0,0,80,3,6,0,5,483,1,,0,0,0,0,0.0,0,0,0,0,107,0,0,6.68,0,0,0,0,0,0,0,0,0.0,0.0,0,8,1,5,2,1,25.0,0,9,4,44.44,6,25,4,9,41,46.59,28,145,37,173,80.2,9,0,262,3,1,0,Luca Belardinelli,Südtirol,941601,2760,MF
7,0,0.0,108,6,50.0,159,64,223,71.02,59,35.12,109,35,3,0,0,0,73,5,8,9,1,13,35,0,0,38,14,267,0,0,,,65,0,15.0,0,6,9,29,26,3,6,0,,76,32.48,1,0,0,91,6,22,1,22,2065,25,,0,0,0,0,0.0,0,0,0,0,287,13,0,6.68,0,4,0,0,0,0,0,0,344.17,0.0,0,37,3,16,15,26,35.62,0,17,10,58.82,22,11,73,17,135,33.58,12,253,78,314,233.9,40,1,731,41,12,0,Silvio Merkaj,Südtirol,918209,2760,FW
14,5,16.67,96,12,22.22,170,178,343,77.43,17,48.57,18,28,0,0,0,0,49,1,1,3,1,51,28,0,0,7,7,45,0,0,,,9,0,12.5,1,1,1,21,18,3,1,0,,39,59.09,0,0,0,100,14,7,1,13,1299,5,,0,0,0,0,0.0,0,0,0,0,182,2,0,6.68,0,0,0,0,0,0,0,0,1299.0,0.0,0,5,3,3,2,4,50.0,0,22,13,59.09,7,32,8,30,56,55.45,54,251,222,443,187.1,8,0,763,13,4,0,Riyad Idrissi,Modena,1123175,2706,DF
4,0,0.0,70,7,87.5,109,56,165,82.09,28,49.12,29,26,2,0,0,0,22,2,9,8,0,7,26,0,0,26,3,98,0,0,,,37,0,5.56,0,2,4,14,11,3,2,0,,26,27.37,1,0,0,36,0,8,1,7,922,8,,0,0,0,0,0.0,0,0,0,0,100,7,0,6.68,0,0,0,0,0,0,0,0,461.0,0.0,0,33,3,16,12,6,50.0,0,4,0,0.0,8,7,12,0,54,35.53,8,139,62,201,173.7,36,0,350,17,10,0,Marco Nasti,Cremonese,1101161,2761,FW
4,0,0.0,4,9,64.29,20,94,114,88.37,12,75.0,4,5,0,0,0,0,11,0,2,1,0,14,5,0,0,0,1,10,0,0,,,5,0,0.0,2,0,0,5,5,0,0,0,,4,40.0,0,0,0,15,7,0,0,3,236,0,,0,0,0,0,0.0,0,0,0,0,16,0,0,6.68,0,0,0,0,0,0,0,0,0.0,0.0,0,2,0,1,0,0,0.0,0,4,3,75.0,0,6,0,0,16,61.54,14,28,101,129,33.4,2,0,167,0,0,0,Eric Botteghin,Modena,32419,2706,DF
6,0,0.0,38,5,45.45,62,40,102,77.27,1,12.5,7,10,0,0,0,0,14,1,0,3,0,2,10,0,0,13,5,42,0,0,,,6,0,0.0,0,0,0,3,2,1,0,0,,24,40.68,0,0,0,30,2,6,0,4,365,1,,0,0,0,0,0.0,0,0,0,0,70,2,0,6.68,0,0,0,0,0,0,0,0,0.0,0.0,0,7,3,1,6,9,45.0,0,9,5,55.56,6,13,20,9,25,37.31,11,95,46,132,66.8,10,0,224,6,1,0,Luca D'Andrea,Sassuolo,1122910,2793,MF
9,1,33.33,44,9,60.0,81,67,147,78.61,4,20.0,16,11,0,0,0,0,21,2,0,3,0,2,10,0,0,6,6,38,0,0,,,6,0,0.0,0,0,0,7,7,0,0,0,,14,38.89,0,0,0,40,0,7,0,6,458,1,,0,0,0,0,0.0,0,0,0,0,68,3,0,6.68,0,0,0,0,0,0,0,0,0.0,0.0,0,2,3,2,0,3,37.5,0,2,2,100.0,7,14,8,3,18,32.14,15,113,77,187,66.8,5,0,258,12,1,0,Alessandro Capello,Carrarese,294341,2745,MF
8,0,0.0,71,6,75.0,116,52,168,69.14,37,42.53,50,33,0,0,0,0,46,2,2,10,1,12,33,0,0,39,14,155,1,0,,,49,0,5.71,0,2,2,21,21,0,2,0,,94,47.24,0,0,2,75,1,11,0,13,1494,9,,0,0,0,0,0.0,0,0,0,0,210,12,0,6.68,0,2,0,0,0,0,0,0,747.0,0.0,0,28,7,11,14,15,50.0,0,4,3,75.0,11,11,30,4,131,45.8,8,181,66,243,220.4,35,0,565,76,6,0,Filippo Pittarello,Catanzaro,915098,2796,FW
21,0,0.0,39,29,56.86,118,380,498,88.61,38,58.46,27,14,0,0,0,0,24,0,0,0,3,70,14,0,0,2,3,45,0,0,,,15,0,0.0,20,0,0,15,11,4,0,0,,12,40.0,0,0,0,64,4,3,0,8,913,1,,0,0,0,1,0.0,0,0,0,0,74,1,0,6.68,0,0,0,0,0,0,0,0,0.0,0.0,0,0,1,1,0,0,0.0,0,5,4,80.0,3,34,0,3,50,52.63,51,158,407,562,93.5,1,0,685,8,3,0,Sebastien De Maio,Mantova,43908,2770,DF
15,0,0.0,78,17,58.62,157,120,277,83.18,11,44.0,14,22,2,0,0,0,38,2,3,4,0,12,22,0,0,9,6,52,0,0,,,15,0,8.33,0,1,3,8,8,0,1,0,,22,36.67,0,0,0,56,11,10,0,6,728,0,,0,0,0,0,0.0,0,0,0,0,96,5,0,6.68,0,1,0,0,0,0,0,0,728.0,0.0,0,9,3,3,5,4,33.33,0,14,7,50.0,10,21,12,3,33,38.82,29,197,139,333,146.9,12,0,467,4,1,0,Luca Lipani,Sassuolo,1154898,2793,MF
0,1,20.0,14,4,80.0,46,43,88,88.89,3,100.0,0,4,0,0,0,0,6,0,0,0,0,7,4,0,0,0,3,3,0,0,,,0,0,0.0,0,0,0,2,2,0,0,0,,3,50.0,0,0,0,11,2,0,0,1,155,0,,0,0,0,0,0.0,0,0,0,0,20,0,0,6.68,0,0,0,0,0,0,0,0,0.0,0.0,0,0,0,0,0,1,100.0,0,0,0,0.0,0,1,1,5,6,66.67,5,56,48,99,26.7,0,0,139,2,0,0,Filippo Missori,Sassuolo,1121184,2793,DF
3,1,20.0,131,8,66.67,242,153,394,90.78,6,40.0,9,29,2,0,0,0,41,1,1,2,0,13,29,0,0,11,7,42,0,0,,,8,0,0.0,0,0,2,20,15,5,0,0,,32,49.23,0,0,0,40,5,15,0,7,854,0,,0,0,0,0,0.0,0,0,0,0,77,5,0,6.67,0,0,0,0,0,0,0,0,0.0,0.0,0,3,4,4,1,4,36.36,0,13,11,84.62,15,5,11,5,38,47.5,12,276,163,434,193.5,7,0,573,15,3,0,David Wieser,Mantova,1067202,2770,MF
10,9,32.14,102,10,41.67,189,100,280,77.13,15,36.59,26,25,1,0,0,0,49,0,0,7,1,27,25,0,0,13,16,87,0,0,,,28,0,0.0,0,0,1,16,13,3,0,0,,37,37.76,0,0,0,83,10,13,0,13,1142,1,,0,0,0,0,0.0,0,0,0,0,156,8,0,6.67,0,0,0,0,0,0,0,0,0.0,0.0,0,9,6,6,2,6,46.15,0,21,12,57.14,13,21,13,28,52,37.41,24,273,118,363,166.8,15,0,581,11,5,0,Leonardo Benedetti,Sampdoria,893753,2711,MF
2,2,22.22,65,2,18.18,107,60,165,62.5,44,36.67,76,30,2,0,0,0,36,3,5,10,0,21,28,0,0,25,10,165,0,0,,,47,0,9.09,0,3,5,22,21,1,3,0,,36,28.8,1,0,0,99,6,20,0,12,1282,6,,0,0,0,1,0.0,0,0,0,0,181,12,0,6.67,0,2,0,0,0,0,0,0,427.33,0.0,0,26,7,10,13,6,37.5,0,20,11,55.0,20,8,16,9,80,32.65,11,196,77,264,186.8,33,1,486,10,6,0,Ante Matej Jurić,Brescia,1144266,2691,
3,1,20.0,31,2,50.0,63,39,101,88.6,2,33.33,4,16,0,0,0,0,21,0,0,7,0,5,13,0,0,8,9,38,0,0,,,9,0,10.0,0,1,1,7,7,0,1,0,,24,41.38,0,0,0,13,2,1,0,3,423,0,,0,0,0,0,0.0,0,0,0,1,45,2,0,6.67,0,1,0,0,0,0,0,0,423.0,0.0,0,7,3,1,2,5,33.33,0,6,5,83.33,1,4,15,5,26,40.63,4,78,41,114,86.7,10,0,205,14,1,0,Nicolò Buso,Catanzaro,951930,2796,MF
31,3,25.0,191,27,64.29,322,117,436,77.3,27,41.54,38,35,1,0,0,0,99,4,1,10,0,16,35,0,1,41,10,178,0,0,,,53,0,4.35,0,1,2,28,23,5,1,0,,123,46.77,0,0,0,128,9,28,0,14,1519,3,,0,0,0,0,0.0,0,0,0,0,263,7,0,6.67,1,1,0,0,0,0,0,0,1519.0,0.0,0,11,12,6,7,48,54.55,0,39,25,64.1,28,52,88,12,150,45.73,42,439,137,564,233.4,23,2,952,37,4,0,Ebenezer Akinsanmiro,Sampdoria,1525367,2711,MF
13,9,15.25,92,13,56.52,174,93,258,78.9,1,6.25,15,19,0,0,0,0,28,2,3,4,0,8,19,0,0,4,10,48,0,0,,,11,0,0.0,0,0,0,14,12,2,0,0,,26,44.07,0,0,1,69,2,17,0,7,759,0,,0,0,0,1,0.0,0,0,0,0,146,3,0,6.67,0,0,0,0,0,0,0,0,0.0,0.0,3,10,5,5,6,4,30.77,0,12,9,75.0,17,25,13,59,27,36.0,23,273,113,327,126.7,15,0,491,10,5,0,Luca Garritano,Frosinone,280087,2801,MF
18,16,26.23,101,22,30.56,210,126,320,71.11,25,48.08,27,26,2,0,0,0,41,1,2,3,2,52,25,0,0,13,4,94,0,1,,,35,0,13.33,0,2,4,27,25,2,2,0,,59,46.83,0,0,0,130,6,12,2,17,1609,1,,0,0,0,1,0.0,0,0,0,0,257,3,0,6.67,0,0,0,0,0,0,0,0,804.5,0.0,0,9,6,7,5,21,53.85,0,15,10,66.67,12,50,39,61,84,47.19,72,353,158,450,166.7,15,1,830,23,4,0,Simone Davì,Südtirol,970570,2760,MF
3,0,0.0,14,2,50.0,34,34,68,83.95,6,85.71,1,6,0,0,0,0,4,0,0,0,0,6,6,0,0,2,3,17,0,0,,,10,0,50.0,0,1,1,5,4,1,1,0,,7,30.43,0,0,0,13,2,1,0,2,243,0,,0,0,0,0,0.0,0,0,0,0,23,0,0,6.67,0,1,0,0,0,0,0,0,243.0,0.0,0,2,0,1,1,0,0.0,0,6,4,66.67,1,3,1,3,13,43.33,4,46,38,81,40.0,2,0,113,1,0,0,Riccardo Fogliata,Brescia,1529879,2691,MF
29,9,27.27,96,46,47.42,195,242,428,78.53,10,41.67,14,24,2,0,0,0,51,2,0,2,2,41,24,0,0,9,4,51,0,0,,,13,0,0.0,0,0,2,24,21,3,0,0,,29,43.94,0,0,0,117,15,9,0,17,1507,2,,0,0,0,0,0.0,0,0,0,0,237,4,0,6.66,0,0,0,0,0,0,0,0,0.0,0.0,0,3,2,2,1,9,45.0,0,12,7,58.33,9,59,20,33,39,43.33,97,298,280,545,159.9,5,0,908,8,3,0,Riccardo Fiamozzi,Reggiana,183481,24516,DF
2,1,33.33,14,2,66.67,34,9,42,77.78,0,0.0,2,5,0,0,0,0,6,0,0,0,0,0,5,0,0,1,4,8,0,0,,,1,0,0.0,0,0,0,2,2,0,0,0,,5,45.45,0,0,0,12,0,3,0,0,82,0,,0,0,0,0,0.0,0,0,0,0,18,1,0,6.66,0,0,0,0,0,0,0,0,0.0,0.0,1,0,1,0,1,0,0.0,0,3,3,100.0,3,3,0,3,5,38.46,3,46,11,54,33.3,1,0,73,2,1,0,José Machín,Frosinone,792308,2801,
7,3,23.08,41,8,53.33,79,128,204,84.65,6,66.67,3,5,0,0,0,0,18,0,0,0,1,8,5,0,0,4,3,13,0,0,,,2,0,0.0,0,0,0,7,6,1,0,0,,13,56.52,0,0,0,37,4,2,0,3,327,1,,0,0,0,1,0.0,0,0,0,0,61,1,0,6.66,0,0,0,0,0,0,0,0,0.0,0.0,0,0,3,3,0,4,80.0,0,9,4,44.44,2,17,5,13,19,59.38,15,111,143,241,33.3,3,0,327,0,1,0,Erik Panizzi,Mantova,211430,2770,DF
9,2,25.0,54,5,50.0,100,39,137,74.46,7,31.82,15,15,0,0,0,0,26,2,3,5,1,5,15,0,0,12,5,55,0,1,,,14,0,0.0,0,0,0,11,11,0,0,0,,39,49.37,0,0,1,47,4,8,0,6,650,3,,0,1,0,0,0.0,0,0,0,0,100,4,0,6.66,0,0,0,0,0,0,0,0,0.0,0.0,0,12,4,6,5,7,36.84,0,13,7,53.85,7,18,19,8,46,45.54,10,141,51,184,99.9,16,0,328,19,2,0,Giuseppe Panico,Carrarese,363872,2745,MF
12,0,0.0,56,15,38.46,112,71,183,74.09,19,50.0,19,22,0,0,0,0,33,1,0,6,0,21,20,0,0,6,5,57,0,0,,,28,0,0.0,0,0,0,9,7,2,0,0,,21,35.59,0,0,0,64,11,2,0,6,718,1,,0,0,0,0,0.0,0,0,0,0,89,2,0,6.66,0,0,0,0,0,0,0,0,0.0,0.0,0,5,3,1,1,2,100.0,0,19,12,63.16,2,19,2,8,40,41.24,39,176,79,247,133.2,8,0,368,0,4,0,Jacopo Martini,Südtirol,1137136,2760,MF
8,7,14.29,92,13,40.63,183,177,353,84.45,7,35.0,13,17,0,0,0,0,33,0,0,0,0,31,17,0,0,6,1,32,1,0,,,7,0,0.0,0,0,0,18,14,4,0,0,,32,62.75,0,0,1,65,4,9,0,11,917,0,,0,0,0,0,0.0,0,0,0,0,140,1,0,6.66,0,0,0,0,0,0,0,0,0.0,0.0,1,1,4,5,0,8,57.14,0,10,6,60.0,9,16,14,49,39,54.93,32,265,202,418,113.2,5,0,648,14,2,0,Simone Giordano,Sampdoria,928830,2711,MF
7,2,50.0,46,12,60.0,112,56,166,88.77,1,25.0,3,14,0,0,0,0,11,0,0,2,0,5,14,0,0,2,4,16,0,0,,,7,0,0.0,0,0,0,7,5,2,0,0,,16,55.17,0,0,0,21,3,3,0,1,306,0,,0,0,0,0,0.0,0,0,0,0,32,0,0,6.66,0,0,0,0,0,0,0,0,0.0,0.0,1,0,3,1,0,1,50.0,0,11,7,63.64,3,12,2,4,17,51.52,20,129,62,187,93.2,3,0,240,4,2,0,José Mauri,Cosenza,284359,2716,MF
10,14,23.73,83,27,31.76,179,151,316,71.33,19,40.43,28,29,0,0,0,0,62,0,1,3,3,55,29,0,0,16,14,85,1,0,,,24,0,0.0,0,0,0,24,23,1,0,0,,56,49.56,0,0,1,127,16,11,0,14,1504,4,,0,0,0,1,0.0,0,0,0,0,240,5,0,6.66,0,0,0,0,0,0,0,0,0.0,0.0,0,6,1,2,2,5,62.5,0,42,30,71.43,11,37,8,59,75,46.88,85,311,191,443,193.0,7,0,868,10,4,0,Yuri Rocchetti,Juve Stabia,1067054,5324,MF
8,15,31.91,36,9,23.08,77,23,85,60.71,7,41.18,10,15,0,0,0,0,22,2,0,3,0,20,15,0,0,7,2,39,0,0,,,11,0,25.0,0,2,2,10,9,1,2,0,,10,25.64,0,0,0,55,3,10,2,8,725,0,,0,0,0,0,0.0,0,0,0,0,129,2,0,6.65,0,0,0,0,0,0,0,0,362.5,0.0,0,6,2,3,2,4,30.77,0,4,3,75.0,10,24,13,47,17,30.36,39,152,35,140,99.8,8,0,324,3,0,0,Antonio Barreca,Südtirol,541574,2760,MF
4,0,0.0,36,15,60.0,111,119,230,87.45,4,30.77,9,17,0,0,0,0,19,0,0,1,0,10,17,0,0,3,6,28,0,0,,,10,0,0.0,0,0,0,9,8,1,0,0,,35,64.81,0,0,0,33,4,2,0,3,521,0,,0,0,0,0,0.0,0,0,0,0,43,0,0,6.65,0,0,0,0,0,0,0,0,0.0,0.0,0,0,1,0,0,2,100.0,0,28,15,53.57,2,9,2,1,39,58.21,25,132,132,263,113.1,1,0,347,5,4,0,Leonardo Mendicino,Cesena,1489949,2742,MF
18,5,29.41,89,21,38.18,180,115,290,68.88,19,55.88,15,22,0,0,0,0,53,0,1,7,1,19,22,0,0,16,8,75,0,0,,,25,0,4.17,0,1,1,21,20,1,1,0,,61,50.41,1,0,0,131,9,9,0,13,1119,1,,0,0,0,0,0.0,0,0,0,0,194,4,0,6.65,0,0,0,0,0,0,0,0,1119.0,0.0,1,8,16,12,5,20,60.61,0,27,18,66.67,9,47,33,17,80,51.61,55,289,149,421,146.3,24,0,640,15,7,0,Riccardo Palmieri,Carrarese,967738,2745,MF
5,11,35.48,52,4,66.67,90,27,106,77.94,1,20.0,4,16,2,0,0,0,13,3,0,7,0,0,16,0,1,7,1,31,0,0,,,12,0,0.0,0,0,2,5,4,1,0,0,,21,43.75,0,0,0,30,0,11,0,3,402,7,,0,0,0,0,0.0,0,0,0,0,77,1,0,6.65,1,0,0,0,0,0,0,0,0.0,0.0,0,4,4,1,0,3,27.27,0,3,2,66.67,11,7,11,31,22,41.51,6,137,30,136,106.4,8,0,248,15,1,0,Lorenzo Sgarbi,Bari,907475,2712,FW
1,0,0.0,35,6,50.0,58,46,104,75.91,3,17.65,14,10,0,0,0,0,7,0,0,4,0,5,10,0,0,6,4,33,0,0,,,4,0,0.0,0,0,0,8,7,1,0,0,,28,59.57,0,0,0,33,4,0,0,5,425,2,,0,0,0,0,0.0,0,0,0,0,63,0,0,6.65,0,0,0,0,0,0,0,0,0.0,0.0,1,4,6,4,2,9,60.0,0,12,6,50.0,0,5,15,2,31,48.44,12,81,58,137,66.5,10,0,226,7,1,0,Filippo Melegoni,Carrarese,795056,2745,MF
6,0,0.0,62,4,26.67,128,73,201,80.4,9,42.86,12,23,0,0,0,0,30,0,0,2,0,13,22,0,0,5,10,45,0,0,,,12,0,20.0,0,1,1,9,9,0,1,0,,42,56.0,1,0,0,49,6,3,0,4,582,1,,0,0,0,0,0.0,0,0,0,1,91,2,0,6.65,0,0,0,0,0,0,0,0,582.0,0.0,0,1,4,2,1,15,68.18,0,15,11,73.33,3,13,22,3,51,53.13,15,164,89,250,146.2,5,0,380,12,4,0,Mamadou Coulibaly,Catanzaro,874481,2796,MF
15,4,30.77,112,12,27.27,228,126,350,79.73,13,33.33,26,29,1,0,0,0,48,2,0,5,0,26,29,0,0,11,11,71,0,0,,,22,0,0.0,0,0,1,18,14,4,0,0,,44,49.44,0,0,0,89,11,6,0,10,1179,0,,0,0,0,1,0.0,0,0,0,0,119,8,0,6.64,0,0,0,0,0,0,0,0,0.0,0.0,0,1,7,2,1,5,83.33,0,32,20,62.5,6,31,6,13,57,44.53,44,303,149,439,192.6,8,0,624,8,1,0,Malthe Højholt,Pisa,997583,2737,MF
2,0,0.0,18,3,50.0,47,24,71,73.96,5,45.45,6,11,0,0,0,0,14,1,0,0,0,7,10,0,0,5,1,25,0,0,,,10,0,0.0,0,0,0,12,12,0,0,0,,16,45.71,0,0,0,25,3,4,0,3,286,0,,0,0,0,0,0.0,0,0,0,0,42,1,0,6.64,0,0,0,0,0,0,0,0,0.0,0.0,0,2,1,0,3,3,42.86,0,6,6,100.0,4,6,7,1,21,45.65,6,67,30,96,66.4,3,0,157,7,1,0,Justin Kumi,Sassuolo,1137256,2793,MF
7,6,31.58,111,7,46.67,148,62,204,79.69,11,26.83,30,23,0,0,0,0,63,1,1,4,0,10,23,0,0,25,7,113,0,0,,,25,0,7.14,0,1,1,18,16,2,1,0,,64,43.54,0,0,0,52,6,17,1,14,1276,5,,0,0,0,0,0.0,0,0,0,0,172,8,0,6.64,0,0,0,0,0,0,0,0,1276.0,0.0,0,11,3,8,2,12,29.27,0,23,15,65.22,17,16,41,19,75,39.89,15,203,72,256,152.7,14,0,534,30,3,0,Patrick Amiamo Nuamah,Brescia,1394029,2691,MF
1,0,0.0,34,3,33.33,45,14,59,49.17,23,27.06,62,13,1,0,0,0,12,1,3,1,0,1,13,0,0,8,7,99,0,0,,,18,0,8.33,0,1,2,11,9,2,1,0,,15,28.85,0,0,0,61,0,7,0,9,627,3,,0,0,0,0,0.0,0,0,0,1,97,3,0,6.64,0,1,0,0,0,0,0,0,627.0,0.0,0,11,1,6,5,5,50.0,0,3,0,0.0,7,2,10,1,38,27.74,9,97,24,120,86.3,12,0,200,10,2,0,Szymon Włodarczyk,US Salernitana 1919,1009285,2710,FW
1,4,23.53,16,1,33.33,27,6,29,67.44,1,25.0,3,9,0,0,0,0,7,0,0,2,0,1,8,0,0,1,2,13,0,0,,,3,0,0.0,0,0,0,1,1,0,0,0,,9,47.37,0,0,0,14,0,1,0,0,133,0,,0,0,0,0,0.0,0,0,0,0,38,0,0,6.64,0,0,0,0,0,0,0,0,0.0,0.0,1,3,3,4,0,2,33.33,0,3,2,66.67,1,3,6,17,10,43.48,3,52,8,43,53.1,6,0,95,4,0,0,Davide Voltan,Cittadella,327331,2717,FW
5,0,0.0,27,6,37.5,46,23,69,59.48,25,46.3,29,24,0,0,0,0,24,1,0,2,0,14,22,0,0,12,6,72,0,0,,,16,0,0.0,0,0,0,11,10,1,0,0,,39,47.56,0,0,0,47,4,5,0,2,553,0,,0,0,0,0,0.0,0,0,0,0,93,4,0,6.64,0,0,0,0,0,0,0,0,0.0,0.0,0,14,2,12,2,6,37.5,0,17,17,100.0,5,6,16,7,64,47.06,16,88,35,116,146.0,16,0,278,16,2,0,Aljoša Vasić,Palermo,1018226,2715,MF
6,2,25.0,17,11,55.0,43,60,101,87.83,3,42.86,4,3,0,0,0,0,6,0,0,0,0,7,3,0,0,1,1,7,0,1,,,1,0,0.0,0,0,0,4,3,1,0,0,,4,57.14,0,0,0,14,3,2,0,1,150,0,,0,0,0,0,0.0,0,0,0,0,26,0,0,6.63,0,0,0,0,0,0,0,0,0.0,0.0,1,0,1,1,0,0,0.0,0,3,2,66.67,2,11,0,8,7,50.0,20,58,65,115,19.9,1,0,163,1,0,0,Alessio Castellini,Pisa,1480702,2737,DF
1,0,0.0,7,4,44.44,10,29,39,75.0,4,57.14,3,4,0,0,0,0,5,0,0,0,0,6,3,0,0,0,0,6,0,0,,,3,0,0.0,0,0,0,3,3,0,0,0,,3,50.0,0,0,0,13,4,0,0,2,161,0,,0,0,0,0,0.0,0,0,0,0,15,0,0,6.63,0,0,0,0,0,0,0,0,0.0,0.0,0,0,0,0,0,0,0.0,0,3,2,66.67,0,4,0,0,7,53.85,9,18,34,52,19.9,0,0,74,0,1,0,Andrea Cecchetto,Cittadella,1521040,2717,DF
4,4,16.67,8,3,37.5,18,14,28,70.0,2,33.33,4,6,0,0,0,0,13,0,0,0,0,5,6,0,0,4,1,13,0,0,,,2,0,0.0,0,0,0,1,1,0,0,0,,9,50.0,0,0,0,12,0,4,0,2,192,0,,0,0,0,0,0.0,0,0,0,0,45,0,0,6.63,0,0,0,0,0,0,0,0,0.0,0.0,0,0,2,2,0,3,60.0,0,2,1,50.0,4,6,5,24,11,45.83,8,47,17,40,39.8,2,0,105,4,1,0,Alessio Rizza,Cittadella,1064801,2717,MF
3,0,0.0,13,7,50.0,30,27,57,80.28,3,50.0,3,6,0,0,0,0,8,0,0,1,0,4,6,0,0,1,1,14,0,0,,,10,0,0.0,0,0,0,2,2,0,0,0,,7,38.89,0,0,0,14,3,1,0,2,140,0,,0,0,0,0,0.0,0,0,0,0,16,0,0,6.63,0,0,0,0,0,0,0,0,0.0,0.0,0,1,0,0,0,0,0.0,0,4,3,75.0,1,8,0,1,10,41.67,14,40,32,71,39.8,1,0,97,4,2,0,Fabrizio Paghera,Brescia,96606,2691,MF
11,8,24.24,53,16,34.78,132,189,313,85.29,13,56.52,10,13,0,0,0,0,28,0,0,2,1,21,12,0,0,3,1,26,0,0,,,11,0,0.0,1,0,0,10,9,1,0,0,,27,62.79,0,0,0,54,6,5,0,6,581,0,,1,0,0,1,0.0,0,0,0,0,101,4,0,6.63,1,0,0,0,0,0,0,0,0.0,0.0,0,0,3,1,0,4,57.14,0,11,8,72.73,5,28,7,33,40,60.61,46,200,200,367,79.6,3,1,533,12,2,1,Pietro Martino,Cosenza,916246,2716,DF
9,1,33.33,75,16,40.0,195,237,431,89.79,2,25.0,6,19,0,0,0,0,60,0,0,2,0,9,19,0,1,4,9,39,0,0,,,19,0,14.29,0,1,1,14,13,1,1,0,,36,52.17,0,0,1,49,8,5,0,11,1030,0,,0,0,0,0,0.0,0,0,0,0,68,4,0,6.63,1,1,0,0,0,0,0,0,1030.0,0.0,0,1,6,4,1,4,57.14,0,24,13,54.17,5,18,7,3,38,49.35,40,234,249,480,125.9,7,0,591,8,2,0,Matteo Cichella,Frosinone,1493209,2801,MF
2,0,0.0,6,5,62.5,27,82,109,93.97,4,80.0,1,4,0,0,0,0,5,0,0,0,0,10,4,0,0,0,0,5,0,0,,,2,0,0.0,0,0,0,2,2,0,0,0,,8,66.67,0,0,0,7,2,0,0,1,174,0,,0,0,0,0,0.0,0,0,0,0,13,0,0,6.63,0,0,0,0,0,0,0,0,0.0,0.0,0,0,0,0,0,0,0.0,0,7,4,57.14,0,3,2,0,12,70.59,8,32,84,116,26.5,0,0,148,1,1,0,Giorgio Cittadini,Frosinone,1001847,2801,DF
0,2,66.67,5,0,0.0,9,6,13,72.22,2,50.0,2,4,0,0,0,0,3,0,0,1,0,0,4,0,0,1,0,6,0,0,,,2,0,0.0,0,0,0,0,0,0,0,0,,2,33.33,0,0,0,5,0,1,0,0,55,0,,0,0,0,0,0.0,0,0,0,0,12,1,0,6.63,0,0,0,0,0,0,0,0,0.0,0.0,1,0,4,3,0,0,0.0,0,1,1,100.0,1,0,1,3,4,40.0,0,15,6,18,26.5,4,0,39,1,0,0,Stredair Appuah,Palermo,1405932,2715,FW
1,2,50.0,5,0,0.0,12,18,28,70.0,3,75.0,1,8,0,0,0,0,6,1,0,0,0,8,8,0,0,0,3,10,0,0,,,6,0,0.0,0,0,0,3,3,0,0,0,,8,47.06,0,0,0,12,0,2,0,0,158,1,,0,0,0,0,0.0,0,0,0,0,25,0,0,6.63,0,0,0,0,0,0,0,0,0.0,0.0,0,2,0,1,1,2,100.0,0,1,1,100.0,2,3,2,4,11,52.38,4,21,23,40,53.0,2,0,89,5,1,0,Alessandro Tripaldelli,Bari,826190,2712,DF
1,0,0.0,6,0,0.0,6,5,11,64.71,3,23.08,10,5,1,0,0,0,3,1,0,1,0,0,5,0,0,2,0,16,0,0,,,4,0,0.0,0,0,1,0,0,0,0,0,,3,33.33,0,0,0,6,0,1,0,0,98,2,,0,0,0,0,0.0,0,0,0,0,10,0,0,6.62,0,0,0,0,0,0,0,0,0.0,0.0,0,1,0,0,0,1,100.0,0,1,1,100.0,1,1,1,0,6,27.27,1,10,7,17,33.1,1,0,29,1,0,0,Edgaras Dubickas,Juve Stabia,599606,5324,MF
0,2,22.22,16,0,0.0,39,20,57,86.36,0,0.0,3,6,0,0,0,0,7,0,1,0,0,4,6,0,0,3,0,11,0,0,,,3,0,0.0,0,0,0,2,2,0,0,0,,12,60.0,0,0,0,9,1,2,0,2,247,0,,0,0,0,0,0.0,0,0,0,0,25,1,0,6.62,0,0,0,0,0,0,0,0,0.0,0.0,0,2,0,2,0,6,75.0,0,5,3,60.0,2,2,8,9,12,52.17,1,54,21,66,39.7,2,0,113,1,1,0,Enrico Brignola,Catanzaro,849009,2796,MF
2,0,0.0,7,6,30.0,24,94,118,84.29,15,50.0,15,6,0,0,0,0,7,1,0,0,1,29,6,0,0,1,4,23,1,0,,,3,0,0.0,0,0,0,7,7,0,0,0,,10,55.56,0,0,0,22,2,1,0,4,379,0,,1,0,0,0,0.0,0,0,0,0,41,0,0,6.62,0,0,0,0,0,0,0,0,0.0,0.0,0,1,0,1,0,0,0.0,0,5,4,80.0,1,5,0,1,25,52.08,20,39,102,140,39.7,1,0,233,9,0,0,Emmanuele Matino,Cittadella,833958,2717,DF
2,1,50.0,21,4,66.67,42,22,63,73.26,10,41.67,14,12,0,0,0,0,10,0,0,1,0,2,12,0,0,3,4,26,0,1,,,2,0,0.0,0,0,0,1,1,0,0,0,,8,40.0,0,0,0,23,4,2,0,1,255,2,,0,0,0,0,0.0,0,0,0,0,39,2,0,6.62,0,0,0,0,0,0,0,0,0.0,0.0,0,3,1,2,1,2,40.0,0,3,1,33.33,2,3,5,2,18,40.91,6,61,27,86,79.4,4,0,130,3,0,0,Jan Mlakar,Pisa,827367,2737,MF
0,1,10.0,52,2,40.0,82,36,117,81.82,0,0.0,6,18,1,0,0,0,24,1,0,3,0,3,17,0,0,9,3,40,0,0,,,12,0,0.0,0,0,1,6,6,0,0,0,,39,53.42,0,0,0,26,1,2,0,2,398,0,,0,0,0,0,0.0,0,0,0,0,83,3,0,6.61,0,0,0,0,0,0,0,0,0.0,0.0,0,4,1,2,0,20,58.82,0,4,3,75.0,2,3,34,10,39,49.37,5,111,42,143,112.4,5,0,267,15,1,0,Demba Seck,Catanzaro,1012248,2796,MF
16,9,24.32,104,16,37.21,205,236,432,83.88,6,24.0,19,27,0,0,0,0,50,0,1,0,4,35,26,0,0,10,10,84,0,0,,,32,0,0.0,0,0,0,20,18,2,0,0,,56,46.28,0,0,0,83,13,9,0,16,1465,2,,0,0,0,1,0.0,0,0,0,0,172,7,0,6.61,0,0,0,0,0,0,0,0,0.0,0.0,0,4,2,5,1,11,42.31,0,21,10,47.62,9,31,26,37,62,42.47,43,287,265,515,171.9,6,0,882,24,4,0,Raffaele Celia,Cesena,946394,2742,MF
1,0,0.0,22,0,0.0,34,17,51,79.69,6,20.69,23,12,0,0,0,0,9,0,1,5,0,0,12,0,0,7,2,50,0,0,,,14,0,7.14,0,1,1,10,9,1,1,0,,11,28.95,0,0,0,13,0,1,0,6,484,4,,0,0,0,0,0.0,0,0,0,0,43,2,0,6.61,0,1,0,0,0,0,0,0,484.0,0.0,0,12,2,6,3,1,12.5,0,7,3,42.86,1,2,8,2,17,25.37,0,48,18,64,79.3,14,0,142,3,0,0,Antonio Raimondo,US Salernitana 1919,1121578,2710,FW
4,7,25.93,83,10,37.04,128,60,181,75.73,2,40.0,3,24,1,0,0,0,41,1,1,2,0,7,24,0,0,7,6,43,0,0,,,11,0,0.0,0,0,1,11,8,3,0,0,,34,45.95,0,0,0,58,4,6,0,6,792,2,,0,0,0,0,0.0,0,0,0,0,117,7,0,6.61,0,0,0,0,0,0,0,0,0.0,0.0,1,2,7,6,1,9,36.0,0,16,8,50.0,6,24,25,27,36,45.57,27,196,70,239,158.6,9,0,402,9,3,0,Andrea Tessiore,Cittadella,871687,2717,MF
1,0,0.0,13,5,31.25,38,57,95,79.17,4,50.0,4,15,0,0,0,0,5,0,0,2,0,17,13,0,0,0,0,11,0,0,,,6,0,0.0,0,0,0,5,5,0,0,0,,9,56.25,0,0,0,25,8,0,0,2,318,0,,0,0,0,0,0.0,0,0,0,0,35,0,0,6.61,0,0,0,0,0,0,0,0,0.0,0.0,0,2,0,0,0,1,50.0,0,6,3,50.0,0,2,2,2,13,54.17,16,57,65,120,85.9,2,0,195,2,3,0,Matteo Baldi,Juve Stabia,1130506,5324,DF
14,15,36.59,139,13,32.5,254,77,316,79.2,18,45.0,22,28,1,0,0,0,62,0,0,6,1,15,28,0,1,29,17,129,0,0,,,50,0,0.0,0,0,1,16,12,4,0,0,,69,39.2,0,0,1,83,2,23,0,14,1336,0,,0,0,0,0,0.0,0,0,0,0,189,6,0,6.61,2,0,0,0,0,0,0,0,0.0,0.0,0,9,6,7,2,17,54.84,0,26,21,80.77,23,28,31,41,87,40.28,40,347,93,399,185.0,15,0,673,26,6,1,Francesco Cassata,Spezia,814624,2735,MF
2,3,23.08,37,3,30.0,59,12,68,69.39,5,38.46,8,16,0,0,0,0,10,0,0,5,0,3,15,0,0,11,1,28,1,0,,,3,0,9.09,0,1,1,11,8,3,1,0,,18,47.37,0,0,0,30,1,2,0,3,390,0,,0,0,0,0,0.0,0,0,0,0,69,1,0,6.61,0,1,0,0,0,0,0,0,390.0,0.0,0,6,5,3,3,6,54.55,0,6,2,33.33,2,5,11,13,23,45.1,10,95,16,98,99.1,11,0,186,7,1,0,Nikola Sekulov,Sampdoria,983575,2711,MF
11,2,18.18,64,15,51.72,133,88,219,80.81,8,33.33,16,18,0,0,0,0,40,0,0,5,0,10,17,0,0,8,11,62,0,0,,,22,0,0.0,0,0,0,8,7,1,0,0,,33,41.77,0,0,0,52,8,2,0,8,774,0,,0,0,0,0,0.0,0,0,0,0,95,5,0,6.61,0,0,0,0,0,0,0,0,0.0,0.0,0,4,8,5,2,3,30.0,0,22,12,54.55,2,18,10,11,41,39.81,29,180,102,271,112.3,12,0,426,8,1,0,Federico Zuccon,US Salernitana 1919,1012170,2710,MF
0,1,20.0,1,1,50.0,5,7,11,78.57,1,50.0,1,1,0,0,0,0,0,0,0,0,0,0,1,0,0,0,0,1,0,0,,,0,0,0.0,0,0,0,0,0,0,0,0,,0,0.0,0,0,0,3,1,0,0,0,35,0,,0,0,0,0,0.0,0,0,0,0,7,0,0,6.6,0,0,0,0,0,0,0,0,0.0,0.0,0,0,1,1,0,0,0.0,0,0,0,0.0,0,0,0,5,1,50.0,2,11,8,14,6.6,1,0,25,0,0,0,Riccardo Turicchia,Catanzaro,1011756,2796,DF
0,0,0.0,4,0,0.0,5,0,5,83.33,0,0.0,2,1,0,0,0,0,1,0,0,0,0,1,1,0,0,0,0,3,0,0,,,1,0,0.0,0,0,0,0,0,0,0,0,,1,50.0,0,0,0,1,0,0,0,1,45,0,,0,0,0,0,0.0,0,0,0,0,3,0,0,6.6,0,0,0,0,0,0,0,0,0.0,0.0,0,0,0,0,0,0,0.0,0,1,0,0.0,0,0,0,0,1,25.0,0,6,0,6,6.6,0,0,10,0,0,0,Edoardo Vergani,Südtirol,918838,2760,FW
0,0,0.0,1,0,0.0,5,4,9,90.0,0,0.0,0,1,0,0,0,0,0,0,0,0,0,2,1,0,0,0,0,0,0,0,,,0,0,0.0,0,0,0,0,0,0,0,0,,0,0.0,0,0,0,1,0,0,0,0,8,0,,0,0,0,0,0.0,0,0,0,0,1,0,0,6.6,0,0,0,0,0,0,0,0,0.0,0.0,0,0,0,0,0,0,0.0,0,0,0,0.0,0,0,0,0,0,0.0,0,6,4,10,6.6,0,0,12,0,0,0,Salvador Ferrer,Spezia,958521,2735,DF
0,0,0.0,0,3,33.33,1,5,6,50.0,0,0.0,0,1,0,0,0,0,3,0,0,0,0,1,1,0,0,0,0,0,0,0,,,0,0,0.0,6,0,0,0,0,0,0,0,,0,0.0,0,1,0,6,0,0,0,1,57,0,,0,0,0,0,0.0,0,0,0,0,6,0,0,6.6,0,0,0,1,0,1,0,0,0.0,0.0,0,0,0,0,0,0,0.0,0,0,0,0.0,0,0,0,0,0,0.0,9,5,7,12,6.6,0,0,18,0,0,0,Samuele Perisan,Sampdoria,794784,2711,GK
1,0,0.0,2,0,0.0,4,2,6,75.0,1,100.0,0,1,0,0,0,0,1,0,0,0,0,0,1,0,0,0,0,0,0,0,,,0,0,0.0,0,0,0,1,1,0,0,0,,0,0.0,0,0,0,2,0,1,0,0,9,0,,0,0,0,0,0.0,0,0,0,0,3,1,0,6.6,0,0,0,0,0,0,0,0,0.0,0.0,0,0,0,0,0,0,0.0,0,0,0,0.0,1,1,0,1,1,100.0,0,7,2,8,6.6,0,0,10,0,0,0,Akim Djibril,Cittadella,1804183,2717,MF
1,0,0.0,0,9,45.0,3,26,29,72.5,0,0.0,0,2,0,0,0,0,7,0,0,0,0,2,2,0,0,0,0,0,0,0,,,0,0,0.0,11,0,0,3,3,0,0,0,,1,100.0,0,0,0,11,0,0,0,1,123,0,,0,0,0,0,0.0,1,0,0,0,11,0,0,6.6,0,0,2,1,2,3,0,1,0.0,0.0,0,0,0,0,0,0,0.0,2,0,0,0.0,0,2,0,0,1,100.0,20,14,26,40,13.2,0,0,50,1,0,0,Thomas Vettorel,Cosenza,927634,2716,GK
0,0,0.0,1,0,0.0,4,2,6,85.71,0,0.0,1,2,0,0,0,0,0,0,0,0,0,0,2,0,0,0,0,1,0,0,,,0,0,0.0,0,0,0,0,0,0,0,0,,1,100.0,0,0,0,1,0,0,0,0,21,0,,0,0,0,0,0.0,0,0,0,0,2,0,0,6.6,0,0,0,0,0,0,0,0,0.0,0.0,0,1,0,1,0,1,100.0,0,0,0,0.0,0,0,1,1,1,50.0,0,6,2,7,13.2,1,0,10,0,0,0,Riccardo Chiarello,Cesena,606920,2742,MF
2,0,0.0,4,1,100.0,11,15,26,86.67,1,100.0,0,3,0,0,0,0,2,0,0,0,0,1,3,0,0,0,0,1,0,0,,,0,0,0.0,0,0,0,0,0,0,0,0,,2,66.67,0,0,0,4,0,0,0,0,43,0,,0,0,0,0,0.0,0,0,0,0,8,0,0,6.6,0,0,0,0,0,0,0,0,0.0,0.0,0,0,0,0,0,0,0.0,0,1,0,0.0,0,2,1,3,3,75.0,1,17,16,30,19.8,0,0,40,1,0,0,Giacomo Cavallini,Reggiana,1518984,24516,MF
0,0,0.0,8,0,0.0,13,2,15,68.18,4,20.0,16,9,0,0,0,0,8,0,1,0,0,3,9,0,0,4,1,37,0,0,,,12,0,0.0,0,0,0,0,0,0,0,0,,8,27.59,0,0,0,7,0,4,0,1,247,5,,0,0,0,0,0.0,0,0,0,0,33,1,0,6.6,0,0,0,0,0,0,0,0,0.0,0.0,0,6,0,4,2,2,20.0,0,2,2,100.0,4,0,10,0,12,24.49,0,18,4,22,59.4,6,0,73,4,1,0,Mohamed Sankoh,Cosenza,982779,2716,FW
0,0,0.0,7,0,0.0,11,14,25,78.13,5,38.46,8,13,1,0,0,0,7,1,0,3,0,2,12,0,0,4,2,25,0,1,,,9,0,0.0,0,0,1,2,2,0,0,0,,4,19.05,0,0,0,7,0,2,0,1,194,3,,0,0,0,0,0.0,0,0,0,0,23,0,0,6.58,0,0,0,0,0,0,0,0,0.0,0.0,0,6,4,6,1,0,0.0,0,1,1,100.0,2,0,2,0,9,26.47,0,16,16,32,79.0,10,0,73,4,2,0,Valerio Crespi,Südtirol,1155434,2760,FW
1,3,17.65,24,1,100.0,36,19,52,75.36,0,0.0,7,11,0,0,0,0,3,0,0,1,0,0,11,0,0,5,1,27,0,0,,,11,0,0.0,0,0,0,8,8,0,0,0,,18,47.37,0,0,0,17,1,6,0,2,294,0,,0,0,0,0,0.0,0,0,0,0,53,1,0,6.58,1,0,0,0,0,0,0,0,0.0,0.0,0,1,3,1,2,3,42.86,0,1,0,0.0,6,1,7,17,18,40.0,1,65,21,69,72.4,4,0,138,14,1,1,Yayah Kallon,US Salernitana 1919,967510,2710,MF
0,0,0.0,21,2,100.0,36,9,45,68.18,21,38.89,33,15,0,0,0,0,17,0,1,3,0,1,15,0,0,11,3,72,0,0,,,11,0,25.0,0,2,2,8,6,2,2,0,,18,31.58,0,0,1,21,1,1,0,7,548,2,,0,0,0,0,0.0,0,0,0,0,89,4,0,6.58,0,2,0,0,0,0,0,0,274.0,0.0,0,8,0,3,2,7,33.33,0,2,2,100.0,1,2,21,0,39,35.14,2,49,17,66,98.7,8,0,198,10,5,0,Henrik Wendel Meister,Pisa,1184248,2737,FW
1,0,0.0,10,1,50.0,15,10,25,92.59,0,0.0,3,4,0,0,0,0,3,0,0,0,0,1,4,0,0,2,0,9,0,0,,,2,0,0.0,0,0,0,1,1,0,0,0,,5,45.45,0,0,0,2,1,3,0,1,96,0,,0,0,0,0,0.0,0,0,0,0,18,0,0,6.58,0,0,0,0,0,0,0,0,0.0,0.0,0,0,0,0,0,0,0.0,0,2,1,50.0,3,1,2,7,5,35.71,2,24,10,27,26.3,0,0,53,3,1,0,Nicola Dalmonte,US Salernitana 1919,790707,2710,FW
1,0,0.0,9,0,0.0,14,6,20,57.14,9,69.23,4,5,0,0,0,0,1,0,0,1,0,3,4,0,0,1,0,10,0,0,,,6,0,0.0,0,0,0,1,1,0,0,0,,2,25.0,0,0,0,15,1,0,0,2,174,0,,0,0,0,0,0.0,0,0,0,0,23,0,0,6.58,0,0,0,0,0,0,0,0,0.0,0.0,0,1,0,0,0,0,0.0,0,1,0,0.0,0,2,1,0,11,52.38,0,26,9,35,26.3,1,0,53,1,0,0,Laurs Skjellerup,Sassuolo,1034241,2793,FW
2,4,50.0,15,1,9.09,31,21,48,75.0,1,33.33,2,5,0,0,0,0,6,0,0,0,0,7,4,0,0,0,0,4,0,0,,,2,0,0.0,0,0,0,1,1,0,0,0,,2,50.0,0,0,0,16,1,1,0,2,168,1,,0,0,0,0,0.0,0,0,0,0,23,1,0,6.58,0,0,0,0,0,0,0,0,0.0,0.0,0,0,0,0,0,0,0.0,0,2,0,0.0,1,6,0,8,3,42.86,11,44,28,64,26.3,0,0,102,0,0,0,Fabio Ponsi,Modena,918868,2706,MF
3,1,11.11,26,2,33.33,54,46,99,71.22,2,20.0,8,7,0,0,0,0,19,0,1,2,0,5,7,0,0,6,5,27,0,0,,,3,0,0.0,0,0,0,8,8,0,0,0,,21,52.5,0,0,0,40,0,1,0,6,434,1,,0,0,0,0,0.0,0,0,0,0,67,1,0,6.57,0,0,0,0,0,0,0,0,0.0,0.0,0,3,3,3,1,4,44.44,0,10,5,50.0,1,10,9,9,23,46.0,6,90,58,139,46.0,6,0,233,7,1,0,Andrea Ceresoli,Catanzaro,1000544,2796,MF
0,3,37.5,9,1,25.0,22,14,33,68.75,2,40.0,3,3,0,0,0,0,5,0,0,2,0,3,3,0,0,4,3,21,0,0,,,7,0,0.0,0,0,0,1,1,0,0,0,,6,25.0,0,0,0,15,1,3,0,2,169,0,,0,0,0,0,0.0,0,0,0,0,30,0,0,6.57,0,0,0,0,0,0,0,0,0.0,0.0,0,1,1,0,0,2,33.33,0,3,1,33.33,3,2,6,8,8,27.59,4,36,20,48,19.7,2,0,93,1,0,0,Mehdi Léris,Pisa,851222,2737,MF
0,0,0.0,44,0,0.0,72,54,126,88.73,1,10.0,9,13,0,0,0,0,15,0,2,3,0,4,13,0,0,8,4,31,0,0,,,4,0,0.0,0,0,0,5,4,1,0,0,,19,46.34,0,0,0,16,4,2,0,4,436,0,,0,0,0,0,0.0,0,0,0,0,44,1,0,6.56,0,0,0,0,0,0,0,0,0.0,0.0,0,7,2,5,1,6,50.0,0,7,3,42.86,2,0,12,0,20,39.22,4,84,58,142,85.3,9,0,224,6,0,0,Tommaso Milanese,Cremonese,996812,2761,MF
16,1,50.0,68,29,39.73,225,392,616,85.79,46,68.66,21,17,0,0,0,0,46,1,0,2,1,58,17,0,1,2,6,48,0,1,,,17,0,0.0,7,0,0,21,19,2,0,0,,21,43.75,0,0,0,102,13,5,0,12,1115,1,,0,0,0,0,0.0,0,0,0,1,120,0,0,6.56,1,0,0,0,0,0,0,0,0.0,0.0,0,2,5,5,0,1,25.0,0,13,10,76.92,5,30,4,2,67,58.26,73,298,422,718,111.5,7,0,902,10,3,0,Stipe Vulikić,Modena,1020921,2706,DF
2,1,100.0,13,1,25.0,26,8,33,57.89,11,39.29,17,8,1,0,0,0,8,1,2,1,0,3,7,0,0,0,2,26,0,0,,,6,0,0.0,0,0,1,7,6,1,0,0,,11,55.0,0,0,0,24,0,3,0,2,228,5,,0,0,0,0,0.0,0,0,0,0,38,0,0,6.56,0,0,0,0,0,0,0,0,0.0,0.0,0,3,0,1,1,2,66.67,0,4,3,75.0,3,4,3,1,22,45.83,4,46,12,57,45.9,3,0,95,5,1,0,Andrea Magrassi,Cittadella,198358,2717,FW
2,5,16.13,68,3,30.0,125,56,176,77.19,10,26.32,28,22,0,0,0,0,34,0,1,10,0,4,20,0,0,30,11,113,0,0,,,20,0,4.35,0,1,1,12,11,1,1,0,,46,35.11,0,0,0,52,5,4,0,9,819,7,,0,0,0,0,0.0,0,0,0,0,172,4,0,6.56,0,1,0,0,0,0,0,0,819.0,0.0,0,15,8,10,3,10,28.57,0,11,5,45.45,4,6,35,31,56,33.14,10,194,65,228,131.1,23,0,464,25,2,0,Jacopo Desogus,Cittadella,1009805,2717,FW
1,0,0.0,2,17,40.48,9,15,24,48.98,1,100.0,0,2,0,0,0,0,7,0,0,0,0,4,2,0,0,0,0,0,0,1,,,0,0,0.0,22,0,0,3,2,1,0,0,,0,0.0,0,2,0,25,0,0,0,2,180,0,,0,0,0,0,0.0,0,0,0,0,26,0,4,6.55,0,0,0,2,2,4,0,1,0.0,0.0,0,0,0,0,0,0,0.0,0,0,0,0.0,0,2,0,0,1,100.0,42,25,24,49,13.1,0,0,65,0,0,0,Edoardo Motta,Reggiana,1518983,24516,GK
0,0,0.0,1,0,0.0,1,0,1,25.0,1,20.0,4,2,0,0,0,0,0,0,1,0,0,1,2,0,0,0,0,6,0,0,,,1,0,0.0,0,0,0,0,0,0,0,0,,0,0.0,0,0,0,3,0,0,0,0,45,0,,0,0,0,0,0.0,0,0,0,0,5,0,0,6.55,0,0,0,0,0,0,0,0,0.0,0.0,0,1,0,0,1,0,0.0,0,0,0,0.0,0,0,1,0,1,14.29,0,4,0,4,13.1,1,0,9,0,0,0,Jahce Novello,Cosenza,1165186,2716,FW
0,0,0.0,2,0,0.0,3,0,3,75.0,0,0.0,2,2,0,0,0,0,0,0,0,0,0,0,2,0,0,0,0,3,0,0,,,1,0,0.0,0,0,0,0,0,0,0,0,,1,50.0,0,0,0,1,0,1,0,0,25,0,,0,0,0,0,0.0,0,0,0,0,4,0,0,6.55,0,0,0,0,0,0,0,0,0.0,0.0,0,0,0,0,0,1,100.0,0,0,0,0.0,1,0,1,0,1,25.0,0,3,1,4,13.1,0,0,9,0,0,0,Gerardo Fusco,US Salernitana 1919,1858820,2710,FW
0,1,100.0,3,0,0.0,10,4,13,100.0,0,0.0,1,2,0,0,0,0,2,0,0,0,0,1,2,0,0,1,0,6,0,0,,,0,0,0.0,0,0,0,0,0,0,0,0,,7,58.33,0,0,0,0,0,2,0,0,55,0,,0,0,0,0,0.0,0,0,0,0,5,0,0,6.55,0,0,0,0,0,0,0,0,0.0,0.0,0,1,0,0,1,2,33.33,0,1,1,100.0,2,0,6,1,7,53.85,0,10,4,13,13.1,1,0,29,4,0,0,Enrico Piovanello,Juve Stabia,919720,5324,FW
0,0,0.0,6,0,0.0,9,1,10,76.92,3,23.08,10,4,0,0,0,0,2,0,0,0,0,0,4,0,0,0,1,18,0,0,,,7,0,0.0,0,0,0,0,0,0,0,0,,4,33.33,0,0,0,3,0,0,0,0,79,1,,0,0,0,0,0.0,0,0,0,0,8,2,0,6.55,0,0,0,0,0,0,0,0,0.0,0.0,0,2,0,2,0,1,50.0,0,0,0,0.0,0,0,2,1,7,28.0,0,12,2,13,26.2,2,0,28,3,0,0,Davide Diaw,Cittadella,848144,2717,FW
0,0,0.0,41,4,40.0,76,60,136,81.44,9,34.62,17,30,0,0,0,0,24,0,1,3,0,22,29,0,0,12,7,58,0,0,,,15,0,0.0,0,0,0,6,5,1,0,0,,32,43.84,0,0,0,31,5,2,0,0,508,0,,0,0,0,0,0.0,0,0,0,0,72,2,0,6.55,0,0,0,0,0,0,0,0,0.0,0.0,0,6,0,0,3,9,52.94,0,10,7,70.0,2,4,17,4,41,41.41,10,99,72,167,189.9,6,0,303,14,2,0,Marco Meli,Juve Stabia,893639,5324,FW
7,2,20.0,86,4,16.0,176,105,279,79.26,23,46.0,27,18,1,0,0,0,46,0,0,2,3,18,17,0,0,11,6,78,1,0,,,30,0,0.0,1,0,1,10,10,0,0,0,,44,46.32,0,0,0,73,5,5,0,10,902,0,,0,0,0,0,0.0,0,0,0,0,114,2,0,6.54,1,0,0,0,0,0,0,0,0.0,0.0,0,5,8,7,4,5,55.56,0,23,14,60.87,5,21,9,10,67,46.21,25,239,123,352,111.2,13,0,514,17,4,1,Ronaldo Vieira,Sampdoria,839818,2711,MF
14,7,31.82,87,13,44.83,201,123,317,81.28,17,44.74,21,24,0,0,0,0,38,1,1,5,0,25,24,0,1,12,11,79,0,0,,,25,0,0.0,0,0,0,20,16,4,0,0,,45,43.69,0,0,1,73,7,12,0,10,1093,0,,0,0,0,0,0.0,0,0,0,0,140,2,0,6.54,1,0,0,0,0,0,0,0,0.0,0.0,0,5,8,7,1,6,35.29,0,22,10,45.45,12,32,17,22,62,43.97,29,273,139,390,156.9,13,0,628,18,5,0,Christos Kourfalidis,Cosenza,1013418,2716,MF
8,0,0.0,14,92,39.32,54,230,284,66.2,5,83.33,1,17,0,0,0,0,111,0,0,0,1,11,17,0,2,0,0,3,1,0,,,2,0,0.0,137,0,0,25,21,4,0,0,,1,33.33,0,14,0,145,0,0,0,16,1368,0,,0,0,0,0,0.0,2,0,0,0,145,0,8,6.54,2,0,5,25,14,40,0,3,0.0,0.0,0,0,0,0,0,0,0.0,4,0,0,0.0,0,13,0,0,6,66.67,234,174,255,429,111.1,0,0,544,1,0,0,Vincenzo Fiorillo,Carrarese,28378,2745,GK
0,2,33.33,13,2,16.67,32,43,73,82.02,0,0.0,3,9,0,0,0,0,8,0,0,0,0,7,8,0,0,1,0,5,0,0,,,1,0,0.0,0,0,0,5,4,1,0,0,,11,84.62,0,0,0,16,3,0,0,2,247,1,,0,0,0,0,0.0,0,0,0,0,23,1,0,6.53,0,0,0,0,0,0,0,0,0.0,0.0,0,0,0,0,0,0,0.0,0,3,2,66.67,0,2,0,6,11,68.75,12,50,45,89,52.2,0,0,125,8,0,0,Davide Gentile,US Salernitana 1919,1011475,2710,MF
0,0,0.0,12,3,50.0,41,107,148,93.08,9,60.0,6,5,0,0,0,0,7,0,1,0,0,12,5,0,0,0,1,13,0,0,,,6,0,0.0,5,0,0,8,7,1,0,0,,5,41.67,0,0,0,11,12,0,0,2,297,0,,0,0,0,0,0.0,0,0,0,0,17,0,0,6.52,0,0,0,0,0,0,0,0,0.0,0.0,0,1,0,0,1,0,0.0,0,1,1,100.0,0,0,0,1,14,51.85,6,48,112,159,32.6,1,0,201,4,1,0,Lorenzo Moretti,Cremonese,983592,2761,DF
3,0,0.0,1,17,35.42,9,59,68,67.33,1,100.0,0,5,0,0,0,0,44,0,0,0,0,7,5,0,0,0,1,2,2,1,,,1,0,0.0,28,0,0,10,7,3,0,0,,0,0.0,0,5,0,33,0,0,0,5,450,0,,0,0,0,1,0.0,1,0,0,0,35,0,2,6.52,0,0,1,7,9,16,0,6,0.0,0.0,0,0,0,0,0,0,0.0,1,0,0,0.0,0,7,0,0,1,33.33,48,33,68,101,32.6,0,0,163,0,0,0,Giacomo Drago,Südtirol,944631,2760,GK
1,0,0.0,11,5,21.74,50,79,129,81.65,10,52.63,9,8,0,0,0,0,6,0,0,0,0,20,6,0,0,0,1,12,0,0,,,3,0,0.0,1,0,0,4,3,1,0,0,,2,40.0,0,0,0,29,2,0,0,2,214,0,,1,0,0,0,0.0,0,0,0,0,31,0,0,6.52,0,0,0,0,0,0,0,0,0.0,0.0,0,0,0,0,0,0,0.0,0,1,0,0.0,0,14,0,1,12,50.0,23,73,86,158,39.1,0,0,202,1,0,0,Simone Pieraccini,Cesena,1397464,2742,DF
0,0,0.0,0,0,0.0,0,1,1,100.0,0,0.0,0,1,0,0,0,0,0,0,0,0,0,0,1,0,0,0,0,0,0,0,,,0,0,0.0,0,0,0,1,1,0,0,0,,0,0.0,0,0,0,0,0,0,0,0,8,0,,0,0,0,0,0.0,0,0,0,0,0,0,0,6.5,0,0,0,0,0,0,0,0,0.0,0.0,0,0,0,0,0,0,0.0,0,0,0,0.0,0,0,0,0,0,0.0,0,0,1,1,6.5,0,0,1,0,0,0,Giacomo Gabbiani,Cremonese,1618539,2761,FW
0,0,0.0,0,0,0.0,0,7,7,100.0,0,0.0,0,1,0,0,0,0,0,0,0,0,0,0,1,0,0,0,1,1,0,0,,,0,0,0.0,0,0,0,0,0,0,0,0,,1,50.0,0,0,0,0,0,0,0,1,16,0,,0,0,0,0,0.0,0,0,0,0,0,0,0,6.5,0,0,0,0,0,0,0,0,0.0,0.0,0,0,0,0,0,0,0.0,0,0,0,0.0,0,0,0,0,1,50.0,0,0,7,7,6.5,0,0,9,1,0,0,Przemysław Szymiński,Frosinone,338099,2801,DF
0,0,0.0,1,0,0.0,1,0,1,100.0,0,0.0,1,1,0,0,0,0,0,0,0,0,0,0,1,0,0,0,0,2,0,0,,,1,0,0.0,0,0,0,0,0,0,0,0,,0,0.0,0,0,0,0,0,0,0,0,11,0,,0,0,0,0,0.0,0,0,0,0,0,0,0,6.5,0,0,0,0,0,0,0,0,0.0,0.0,0,0,0,0,0,0,0.0,0,0,0,0.0,0,0,0,0,0,0.0,0,1,0,1,6.5,0,0,1,0,0,0,Mattia Destro,Reggiana,100570,24516,FW
0,0,0.0,1,0,0.0,3,1,4,80.0,0,0.0,0,1,0,0,0,0,0,0,0,0,0,0,1,0,0,0,0,0,0,0,,,0,0,0.0,0,0,0,2,2,0,0,0,,0,0.0,0,0,0,1,0,0,0,0,11,0,,0,0,0,0,0.0,0,0,0,0,1,0,0,6.5,0,0,0,0,0,0,0,0,0.0,0.0,0,0,0,0,0,0,0.0,0,0,0,0.0,0,1,0,0,0,0.0,0,4,1,5,6.5,0,0,5,0,1,0,Enrico Baldini,Cittadella,358608,2717,FW
0,0,0.0,3,0,0.0,5,2,7,87.5,0,0.0,0,1,0,0,0,0,1,0,0,0,0,0,1,0,0,0,1,1,0,0,,,0,0,0.0,0,0,0,0,0,0,0,0,,0,0.0,0,0,0,1,0,0,0,0,8,0,,0,0,0,0,0.0,0,0,0,0,2,0,0,6.5,0,0,0,0,0,0,0,0,0.0,0.0,0,0,0,0,0,0,0.0,0,0,0,0.0,0,1,0,0,0,0.0,0,6,2,8,6.5,0,0,9,0,0,0,Edoardo Contiero,Cosenza,1914304,2716,MF
0,0,0.0,0,0,0.0,0,3,3,100.0,0,0.0,0,1,0,0,0,0,2,0,0,0,0,1,1,0,0,0,0,1,0,0,,,1,0,0.0,0,0,0,0,0,0,0,0,,1,50.0,0,0,0,0,0,0,0,0,14,0,,0,0,0,0,0.0,0,0,0,0,2,0,0,6.5,0,0,0,0,0,0,0,0,0.0,0.0,0,0,0,0,0,0,0.0,0,0,0,0.0,0,0,0,0,1,50.0,0,0,3,3,6.5,0,0,10,1,0,0,Alessandro Vimercati,Südtirol,1398861,2760,DF
1,0,0.0,2,2,66.67,5,5,10,76.92,1,100.0,0,2,0,0,0,0,1,0,0,0,0,2,2,0,0,0,0,0,0,0,,,0,0,0.0,0,0,0,1,1,0,0,0,,0,0.0,0,0,0,3,0,0,0,0,25,0,,0,0,0,0,0.0,0,0,0,0,3,0,0,6.5,0,0,0,0,0,0,0,0,0.0,0.0,0,0,0,0,0,0,0.0,0,0,0,0.0,0,2,0,0,1,100.0,3,7,6,13,13.0,0,0,16,0,0,0,Simone Giorgeschi,Spezia,1137151,2735,DF
0,0,0.0,3,1,100.0,10,5,15,71.43,0,0.0,0,4,0,0,0,0,2,0,0,0,0,1,3,0,0,0,0,1,0,0,,,1,0,0.0,0,0,0,2,2,0,0,0,,3,75.0,0,0,0,6,0,0,0,0,38,0,,0,0,0,0,0.0,0,0,0,0,6,0,0,6.5,0,0,0,0,0,0,0,0,0.0,0.0,0,0,0,0,0,0,0.0,0,1,1,100.0,0,1,0,0,3,75.0,1,15,6,21,19.5,0,0,31,2,1,0,Alessio Buttaro,Palermo,986353,2715,DF
3,0,0.0,20,9,50.0,62,92,154,88.0,8,72.73,3,8,0,0,0,0,9,0,0,1,0,26,8,0,0,3,6,19,0,0,,,6,0,0.0,0,0,0,9,7,2,0,0,,9,36.0,0,0,0,21,0,0,0,4,399,0,,0,0,0,0,0.0,0,0,0,0,37,0,0,6.5,0,0,0,0,0,0,0,0,0.0,0.0,0,2,0,1,0,1,50.0,0,5,4,80.0,0,9,2,3,17,47.22,18,78,100,175,52.0,2,0,252,3,1,0,Joaquín Sosa,Reggiana,1015274,24516,DF
14,3,33.33,104,17,44.74,211,166,374,72.06,17,36.17,30,29,0,0,0,0,58,0,1,9,3,23,29,0,0,19,30,129,0,0,,,33,0,0.0,0,0,0,20,17,3,0,0,,67,40.36,0,0,1,145,7,7,0,18,1505,0,,0,0,0,0,0.0,0,0,0,0,239,7,0,6.49,1,0,0,0,0,0,0,0,0.0,0.0,0,9,5,4,1,12,38.71,0,37,21,56.76,7,44,31,9,84,39.44,38,321,207,519,188.3,14,0,792,19,7,1,Matteo Francesconi,Cesena,1397460,2742,MF
0,0,0.0,0,0,0.0,3,6,9,60.0,2,22.22,7,4,0,0,0,0,2,0,0,0,0,0,4,0,0,0,0,13,0,0,,,3,0,0.0,0,0,0,1,1,0,0,0,,2,25.0,0,0,0,6,0,1,0,0,104,2,,0,0,0,0,0.0,0,0,0,0,13,0,0,6.48,0,0,0,0,0,0,0,0,0.0,0.0,0,0,0,0,0,1,25.0,0,0,0,0.0,1,0,4,0,4,23.53,0,9,6,15,25.9,0,0,30,1,0,0,Fallou Sene,Frosinone,1068801,2801,FW
0,0,0.0,6,0,0.0,11,3,14,93.33,0,0.0,1,4,0,0,0,0,3,0,0,0,0,1,4,0,0,2,1,5,0,0,,,0,0,0.0,0,0,0,1,1,0,0,0,,2,33.33,0,0,0,1,2,0,0,0,63,0,,0,0,0,0,0.0,0,0,0,0,5,1,0,6.48,0,0,0,0,0,0,0,0,0.0,0.0,0,0,0,0,0,0,0.0,0,1,1,100.0,0,0,1,0,2,28.57,0,12,3,15,25.9,0,0,25,1,0,0,Tommaso Di Marco,Juve Stabia,1407431,5324,MF
5,1,50.0,14,9,33.33,30,59,88,65.19,13,43.33,17,9,0,0,0,0,15,0,0,1,1,31,8,0,0,0,3,36,0,0,,,13,0,0.0,0,0,0,6,6,0,0,0,,7,26.92,0,0,0,47,3,2,0,3,447,0,,0,0,0,1,0.0,0,0,0,0,66,0,0,6.48,0,0,0,0,0,0,0,0,0.0,0.0,0,1,1,1,0,0,0.0,0,5,3,60.0,2,15,3,2,20,35.71,27,54,83,135,51.8,2,0,229,2,2,0,Danilo Quaranta,Juve Stabia,829408,5324,DF
2,0,0.0,15,2,50.0,21,16,37,69.81,7,43.75,9,11,0,0,0,0,8,0,0,0,0,4,10,0,0,3,0,21,0,0,,,8,0,0.0,0,0,0,4,2,2,0,0,,9,42.86,0,0,0,16,4,0,0,0,165,1,,0,0,0,1,0.0,0,0,0,0,27,0,0,6.46,0,0,0,0,0,0,0,0,0.0,0.0,0,1,1,2,0,1,33.33,0,7,3,42.86,0,4,3,0,16,43.24,4,34,19,53,64.6,2,0,100,1,2,0,Coli Saco,Bari,1402148,2712,MF
1,0,0.0,9,1,50.0,18,22,40,76.92,4,30.77,9,13,0,0,0,0,4,0,2,2,0,1,12,0,0,2,0,26,0,0,,,12,0,0.0,0,0,0,6,5,1,0,0,,8,32.0,0,0,1,12,0,0,0,2,270,2,,0,0,0,0,0.0,0,0,0,0,29,1,0,6.46,0,0,0,0,0,0,0,0,0.0,0.0,1,4,1,2,1,2,33.33,0,2,1,50.0,0,1,6,0,12,31.58,2,27,25,52,77.5,5,0,92,4,2,0,Sydney van Hooijdonk,Cesena,943595,2742,FW
3,0,0.0,0,10,40.0,6,27,33,68.75,0,0.0,0,2,0,0,0,0,12,0,0,0,0,2,2,0,0,0,0,0,0,0,,,0,0,0.0,9,0,0,7,6,1,0,0,,1,100.0,0,1,0,15,0,0,0,2,180,0,,0,0,0,0,0.0,1,0,0,0,15,0,0,6.45,0,0,0,5,3,8,0,0,0.0,0.0,0,0,0,0,0,0,0.0,0,0,0,0.0,0,4,0,0,1,100.0,25,15,33,48,12.9,0,0,69,1,0,0,Alessandro Sorrentino,Frosinone,991416,2801,GK
1,0,0.0,0,2,40.0,6,17,23,82.14,4,44.44,5,5,0,0,0,0,0,0,0,0,0,7,5,0,0,0,1,8,0,0,,,2,0,0.0,0,0,0,3,2,1,0,0,,1,25.0,0,0,0,5,2,0,0,0,90,0,,0,0,0,0,0.0,0,0,0,0,6,0,0,6.44,0,0,0,0,0,0,0,0,0.0,0.0,0,0,0,0,0,0,0.0,0,1,0,0.0,0,1,0,1,5,38.46,5,9,20,28,32.2,0,0,41,0,0,0,Yannis Nahounou,Reggiana,1210738,24516,DF
0,0,0.0,0,0,0.0,0,0,0,0.0,0,0.0,1,1,0,0,0,0,0,0,0,0,0,0,1,0,0,1,0,2,0,0,,,0,0,0.0,0,0,0,0,0,0,0,0,,0,0.0,0,0,0,0,0,0,0,0,13,0,,0,0,0,0,0.0,0,0,0,0,2,0,0,6.4,0,0,0,0,0,0,0,0,0.0,0.0,0,0,0,0,0,0,0.0,0,0,0,0.0,0,0,0,0,0,0.0,0,0,0,0,6.4,0,0,2,0,0,0,Louis Buffon,Pisa,1819178,2737,FW
0,0,0.0,1,0,0.0,1,1,2,100.0,0,0.0,0,1,0,0,0,0,0,0,0,0,0,0,1,0,0,0,0,0,0,0,,,0,0,0.0,0,0,0,2,2,0,0,0,,0,0.0,0,0,0,0,0,0,0,0,11,0,,0,0,0,0,0.0,0,0,0,0,1,0,0,6.4,0,0,0,0,0,0,0,0,0.0,0.0,0,0,0,0,0,0,0.0,0,0,0,0.0,0,0,0,1,0,0.0,0,2,1,2,6.4,0,0,3,0,0,0,Trent Buhagiar,Brescia,828574,2691,FW
0,0,0.0,0,0,0.0,0,0,0,0.0,0,0.0,0,1,0,0,0,0,0,0,0,0,0,0,1,0,0,1,0,1,0,0,,,0,0,0.0,0,0,0,1,1,0,0,0,,0,0.0,0,0,0,0,0,0,0,0,10,0,,0,0,0,0,0.0,0,0,0,0,1,0,0,6.4,0,0,0,0,0,0,0,0,0.0,0.0,0,0,0,0,0,0,0.0,0,0,0,0.0,0,0,0,0,0,0.0,0,0,0,0,6.4,0,0,1,0,0,0,Lorenzo Tosi,Pisa,1891559,2737,FW
0,0,0.0,1,3,21.43,2,35,37,77.08,1,100.0,0,2,0,0,0,0,7,0,0,0,0,2,2,0,0,0,0,0,0,0,,,0,0,0.0,11,0,0,5,4,1,0,0,,1,100.0,0,0,0,11,0,0,0,1,157,0,,0,0,0,0,0.0,0,0,0,0,11,0,2,6.4,0,0,0,2,1,3,0,1,0.0,0.0,0,0,0,0,0,0,0.0,0,0,0,0.0,0,0,0,0,2,100.0,14,10,38,48,12.8,0,0,59,1,0,0,Niccolò Chiorra,Carrarese,970920,2745,GK
0,0,0.0,2,1,50.0,9,7,16,76.19,2,40.0,3,4,0,0,0,0,3,0,0,1,0,1,4,0,0,5,0,11,0,0,,,2,0,0.0,0,0,0,1,1,0,0,0,,4,33.33,0,0,0,5,0,0,0,1,95,1,,0,0,0,0,0.0,0,0,0,0,13,1,0,6.4,0,0,0,0,0,0,0,0,0.0,0.0,0,0,1,0,0,0,0.0,0,1,0,0.0,0,1,1,2,6,35.29,2,15,8,21,25.6,1,0,40,3,1,0,Stefano Girelli,US Salernitana 1919,962366,2710,MF
4,1,100.0,11,8,33.33,31,95,125,74.4,10,45.45,12,5,0,0,0,0,14,0,0,0,0,18,5,0,0,3,2,28,0,0,,,9,0,0.0,0,0,0,11,9,2,0,0,,13,44.83,0,0,0,43,3,1,0,3,363,0,,0,0,0,0,0.0,0,0,0,0,51,1,0,6.4,0,0,0,0,0,0,0,0,0.0,0.0,0,0,0,0,0,0,0.0,0,9,9,100.0,1,13,2,1,23,45.1,24,57,112,168,32.0,0,0,231,4,3,0,Stefano Piccinini,Cittadella,1001689,2717,DF
1,0,0.0,2,0,0.0,7,13,20,68.97,0,0.0,4,2,0,0,0,0,1,0,0,1,0,0,2,0,0,0,0,8,0,0,,,4,0,0.0,0,0,0,3,3,0,0,0,,1,20.0,0,0,0,9,1,0,0,1,72,0,,0,0,0,0,0.0,0,0,0,0,10,1,0,6.35,0,0,0,0,0,0,0,0,0.0,0.0,0,1,0,0,0,0,0.0,0,0,0,0.0,0,3,0,0,1,11.11,2,16,13,29,12.7,1,0,36,1,1,0,Žan Jevšenak,Pisa,1000161,2737,MF
1,0,0.0,9,1,16.67,12,5,17,60.71,0,0.0,1,5,0,0,0,0,6,0,0,0,0,0,5,0,0,0,1,4,0,0,,,0,0,0.0,0,0,0,3,2,1,0,0,,2,40.0,0,0,0,11,1,1,0,0,48,0,,0,0,0,0,0.0,0,0,0,0,17,0,0,6.34,0,0,0,0,0,0,0,0,0.0,0.0,0,0,0,0,0,1,33.33,0,1,1,100.0,1,3,3,2,2,33.33,6,19,11,28,31.7,0,0,45,0,0,0,Federico Davi,Südtirol,1120042,2760,DF
0,0,0.0,1,9,50.0,6,6,12,57.14,0,0.0,0,1,0,0,0,0,5,0,0,0,0,0,1,0,0,0,0,0,0,0,,,0,0,0.0,5,0,0,1,1,0,0,0,,0,0.0,0,0,0,9,0,0,0,0,46,0,,0,0,0,0,0.0,0,0,0,0,9,0,0,6.3,0,0,0,0,0,0,0,0,0.0,0.0,0,0,0,0,0,0,0.0,0,0,0,0.0,0,0,0,0,0,0.0,18,13,8,21,6.3,0,0,22,0,0,0,Francesco Corriere,US Salernitana 1919,1893450,2710,GK
1,0,0.0,5,2,40.0,9,3,12,80.0,0,0.0,0,1,0,0,0,0,4,0,0,0,0,0,1,0,0,1,1,2,0,0,,,0,0,0.0,0,0,0,2,1,1,0,0,,1,33.33,0,0,0,3,0,0,0,1,66,0,,0,0,0,0,0.0,0,0,0,0,8,0,0,6.3,0,0,0,0,0,0,0,0,0.0,0.0,0,0,0,0,0,0,0.0,0,0,0,0.0,0,2,0,4,1,33.33,5,16,3,15,6.3,0,0,24,1,0,0,Christian Sussi,Pisa,992483,2737,MF
2,0,0.0,3,3,50.0,11,19,30,85.71,1,33.33,2,2,0,0,0,0,2,0,0,0,0,7,2,0,0,0,3,6,1,0,,,1,0,0.0,0,0,0,1,1,0,0,0,,2,33.33,0,0,0,5,1,0,0,1,73,0,,0,0,0,0,0.0,0,0,0,0,7,0,0,6.25,0,0,0,0,0,0,0,0,0.0,0.0,0,0,0,0,0,0,0.0,0,1,1,100.0,0,2,0,0,3,33.33,6,14,21,35,12.5,0,0,48,1,1,0,Edoardo Sottini,Cittadella,1141801,2717,DF
0,0,0.0,0,2,25.0,1,10,11,64.71,0,0.0,0,1,0,0,0,0,5,0,0,0,0,2,1,0,0,0,0,0,0,0,,,0,0,0.0,2,0,0,3,2,1,0,0,,0,0.0,0,0,0,6,0,0,0,1,90,0,,0,0,0,0,0.0,1,0,0,0,6,0,0,6.2,0,0,2,1,1,2,0,0,0.0,0.0,0,0,0,0,0,0,0.0,2,0,0,0.0,0,0,0,0,0,0.0,8,5,12,17,6.2,0,0,24,0,0,0,Leonardo Loria,Pisa,844483,2737,GK
1,0,0.0,0,1,100.0,1,0,1,100.0,0,0.0,1,1,0,0,0,0,0,0,0,0,0,1,1,0,0,0,0,1,0,0,,,0,0,0.0,0,0,0,2,2,0,0,0,,0,0.0,0,0,0,0,0,0,0,0,26,0,,0,0,0,0,0.0,0,0,0,0,0,0,0,6.2,0,0,0,0,0,0,0,0,0.0,0.0,0,0,0,0,0,0,0.0,0,0,0,0.0,0,1,0,0,0,0.0,1,1,0,1,6.2,0,0,3,0,0,0,Mattia Benvenuto,Spezia,1893998,2735,DF
1,0,0.0,5,9,45.0,21,77,98,82.35,4,33.33,8,3,0,0,0,0,4,0,0,0,0,8,3,0,0,0,0,11,1,0,,,3,0,0.0,8,0,0,5,5,0,0,0,,3,50.0,0,0,0,21,1,0,0,2,152,0,,0,0,0,0,0.0,0,0,0,0,25,0,0,6.17,0,0,0,0,0,0,0,0,0.0,0.0,0,0,0,0,0,0,0.0,0,2,1,50.0,0,2,0,2,7,38.89,20,36,85,119,18.5,0,0,142,2,1,0,Hjörtur Hermannsson,Carrarese,135623,2745,DF
2,0,0.0,11,4,44.44,33,33,66,83.54,1,25.0,3,3,0,0,0,0,6,0,0,0,0,2,3,0,1,2,2,11,1,1,,,3,0,0.0,0,0,0,4,3,1,0,0,,8,50.0,0,0,0,13,1,0,0,1,150,0,,0,0,0,0,0.0,0,0,0,0,20,1,0,6.17,1,0,0,0,0,0,0,0,0.0,0.0,0,0,1,1,0,2,66.67,0,4,2,50.0,0,4,3,1,9,45.0,9,41,39,79,18.5,1,0,101,2,0,0,Flavio Paoletti,Mantova,1069011,2770,MF
0,0,0.0,0,7,46.67,1,23,24,75.0,0,0.0,0,1,0,0,0,0,5,0,0,0,0,0,1,0,0,0,0,0,0,0,,,0,0,0.0,8,0,0,3,2,1,0,0,,0,0.0,0,0,0,8,0,0,0,1,90,0,,0,0,0,0,0.0,0,0,0,0,8,0,0,6.1,0,0,1,2,1,3,0,0,0.0,0.0,0,0,0,0,0,0,0.0,1,0,0,0.0,0,0,0,0,0,0.0,15,8,24,32,6.1,0,0,39,0,0,0,Jacopo Sassi,Modena,1100206,2706,GK
0,0,0.0,2,0,0.0,2,1,3,37.5,1,100.0,0,5,0,0,0,0,1,0,0,0,0,0,4,0,1,1,0,4,0,0,,,2,0,0.0,0,0,0,0,0,0,0,0,,5,55.56,0,0,0,5,1,0,0,0,34,0,,0,0,0,0,0.0,0,0,0,0,9,0,0,6.08,1,0,0,0,0,0,0,0,0.0,0.0,0,0,0,0,0,0,0.0,0,5,1,20.0,0,1,1,1,6,60.0,0,6,3,8,24.3,0,0,21,0,0,0,Alessandro Louati,Juve Stabia,1156348,5324,MF
1,0,0.0,5,0,0.0,12,6,18,64.29,11,42.31,15,5,0,0,0,0,3,0,0,3,0,1,4,0,1,2,1,22,0,0,,,6,0,0.0,0,0,0,1,1,0,0,0,,0,0.0,0,0,0,10,0,2,0,2,124,1,,0,0,0,0,0.0,0,0,0,0,14,1,0,5.7,1,0,0,0,0,0,0,0,0.0,0.0,0,4,0,1,0,0,0.0,0,0,0,0.0,2,1,1,0,11,33.33,1,21,7,28,22.8,4,0,46,1,0,0,Alejandro Cichero,Frosinone,1482483,2801,FW
0,0,0.0,0,0,0.0,1,0,1,100.0,0,0.0,0,1,0,0,0,0,0,0,0,0,0,0,1,0,1,0,0,2,0,0,,,2,0,0.0,0,0,0,1,1,0,0,0,,0,0.0,0,0,0,0,0,0,0,0,10,0,,0,0,0,0,0.0,0,0,0,0,0,0,0,5.6,1,0,0,0,0,0,0,0,0.0,0.0,0,0,0,0,0,0,0.0,0,0,0,0.0,0,0,0,0,0,0.0,0,1,0,1,5.6,0,0,1,0,0,0,Marco Oliva,Modena,1210843,2706,MF
0,0,0.0,0,0,0.0,1,0,1,100.0,0,0.0,0,1,0,0,0,0,1,0,0,0,0,0,0,0,0,0,0,0,0,0,,,0,0,0.0,0,0,0,0,0,0,0,0,,0,0.0,0,0,0,0,0,0,0,0,1,0,,0,0,0,0,0.0,0,0,0,0,1,0,0,0.0,0,0,0,0,0,0,0,0,0.0,0.0,0,0,0,0,0,0,0.0,0,0,0,0.0,0,0,0,0,0,0.0,0,1,0,1,0.0,0,0,2,0,0,0,Filippo Grosso,Frosinone,1562268,2801,MF
0,0,0.0,2,1,100.0,2,0,2,50.0,1,50.0,1,1,0,0,0,0,0,0,0,0,0,0,0,0,0,0,0,1,0,0,,,0,0,0.0,0,0,0,0,0,0,0,0,,0,0.0,0,0,0,2,0,0,0,0,1,0,,0,0,0,0,0.0,0,0,0,0,3,0,0,0.0,0,0,0,0,0,0,0,0,0.0,0.0,0,0,0,0,0,0,0.0,0,0,0,0.0,0,0,0,0,1,50.0,1,4,0,4,0.0,0,0,6,0,0,0,Juan Cruz Guasone,US Salernitana 1919,1087028,2710,DF
0,0,0.0,0,0,0.0,0,0,0,0.0,0,0.0,0,1,0,0,0,0,0,0,0,0,0,0,0,0,0,0,0,0,0,0,,,0,0,0.0,0,0,0,0,0,0,0,0,,0,0.0,0,0,0,0,0,0,0,0,1,0,,0,0,0,0,0.0,0,0,0,0,0,0,0,0.0,0,0,0,0,0,0,0,0,0.0,0.0,0,0,0,0,0,0,0.0,0,0,0,0.0,0,0,0,0,0,0.0,0,0,0,0,0.0,0,0,0,0,0,0,Luka Krajnc,Catanzaro,139245,2796,DF
0,0,0.0,0,0,0.0,0,0,0,0.0,0,0.0,0,1,0,0,0,0,0,0,0,0,0,0,0,0,0,0,0,0,0,0,,,0,0,0.0,0,0,0,0,0,0,0,0,,0,0.0,0,0,0,0,0,0,0,0,1,0,,0,0,0,0,0.0,0,0,0,0,0,0,0,0.0,0,0,0,0,0,0,0,0,0.0,0.0,0,0,0,0,0,0,0.0,0,0,0,0.0,0,0,0,0,0,0.0,0,0,0,0,0.0,0,0,0,0,1,0,Zylif Muca,Brescia,1154955,2691,DF
1,0,0.0,0,0,0.0,1,0,1,33.33,0,0.0,1,1,0,0,0,0,0,0,0,0,0,0,0,0,0,0,0,1,0,0,,,0,0,0.0,0,0,0,0,0,0,0,0,,0,0.0,0,0,0,2,0,0,0,0,1,0,,0,0,0,0,0.0,0,0,0,0,2,0,0,0.0,0,0,0,0,0,0,0,0,0.0,0.0,0,0,0,0,0,0,0.0,0,0,0,0.0,0,1,0,0,0,0.0,0,3,0,3,0.0,0,0,3,0,0,0,Simone Della Latta,Carrarese,260465,2745,MF
0,0,0.0,0,0,0.0,0,0,0,0.0,0,0.0,0,2,0,0,0,0,0,0,0,0,0,1,0,0,0,0,0,0,0,0,,,0,0,0.0,0,0,0,1,1,0,0,0,,0,0.0,0,0,0,0,0,0,0,0,2,0,,0,0,0,0,0.0,0,0,0,0,1,0,0,0.0,0,0,0,0,0,0,0,0,0.0,0.0,0,0,1,1,0,0,0.0,0,0,0,0.0,0,0,0,0,0,0.0,0,0,0,0,0.0,1,0,3,0,0,0,Rocco Di Vico,US Salernitana 1919,1860395,2710,MF
