accurateChippedPasses,accurateCrosses,accurateCrossesPercentage,accurateFinalThirdPasses,accurateLongBalls,accurateLongBallsPercentage,accurateOppositionHalfPasses,accurateOwnHalfPasses,accuratePasses,accuratePassesPercentage,aerialDuelsWon,aerialDuelsWonPercentage,aerialLost,appearances,assists,attemptPenaltyMiss,attemptPenaltyPost,attemptPenaltyTarget,ballRecovery,bigChancesCreated,bigChancesMissed,blockedShots,cleanSheet,clearances,countRating,crossesNotClaimed,directRedCards,dispossessed,dribbledPast,duelLost,errorLeadToGoal,errorLeadToShot,expectedAssists,expectedGoals,fouls,freeKickGoal,goalConversionPercentage,goalKicks,goals,goalsAssistsSum,goalsConceded,goalsConcededInsideTheBox,goalsConcededOutsideTheBox,goalsFromInsideTheBox,goalsFromOutsideTheBox,goalsPrevented,groundDuelsWon,groundDuelsWonPercentage,headedGoals,highClaims,hitWoodwork,inaccuratePasses,interceptions,keyPasses,leftFootGoals,matchesStarted,minutesPlayed,offsides,outfielderBlocks,ownGoals,passToAssist,penaltiesTaken,penaltyConceded,penaltyConversion,penaltyFaced,penaltyGoals,penaltySave,penaltyWon,possessionLost,possessionWonAttThird,punches,rating,redCards,rightFootGoals,runsOut,savedShotsFromInsideTheBox,savedShotsFromOutsideTheBox,saves,savesCaught,savesParried,scoringFrequency,setPieceConversion,shotFromSetPiece,shotsFromInsideTheBox,shotsFromOutsideTheBox,shotsOffTarget,shotsOnTarget,successfulDribbles,successfulDribblesPercentage,successfulRunsOut,tackles,tacklesWon,tacklesWonPercentage,totalAttemptAssist,totalChippedPasses,totalContest,totalCross,totalDuelsWon,totalDuelsWonPercentage,totalLongBalls,totalOppositionHalfPasses,totalOwnHalfPasses,totalPasses,totalRating,totalShots,totwAppearances,touches,wasFouled,yellowCards,yellowRedCards,player,team,player id,team id
1,0,0.0,0,11,44.0,5,23,28,66.67,0,0.0,0,1,0,0,0,0,13,0,0,0,0,2,1,0,0,0,0,0,0,0,0.0,,0,0,0.0,9,0,0,1,1,0,0,0,0.25,0,0.0,0,2,0,14,0,0,0,1,90,0,0,1,0,0,0,0.0,0,0,0,0,14,0,0,8.9,0,0,0,5,3,8,0,1,0.0,0.0,0,0,0,0,0,0,0.0,0,0,0,0.0,0,2,0,0,0,0.0,25,15,27,42,8.9,0,1,65,0,0,0,Fabrizio Bagheria,Modena,945414,2706
171,88,29.43,538,172,45.14,1002,688,1690,80.9,11,22.45,38,37,15,0,0,0,132,14,6,10,7,50,37,0,0,5,25,104,0,0,9.56,8.55,28,2,15.87,1,10,25,32,28,4,8,2,,111,62.71,0,0,1,399,14,129,0,37,3183,0,18,0,4,5,0,100.0,0,5,0,0,671,6,0,7.7,0,10,0,0,0,0,0,0,318.3,22.22,9,21,42,26,27,9,45.0,0,24,20,83.33,125,358,20,299,122,53.98,381,1345,744,2089,284.9,63,8,2799,80,7,0,Giacomo Calò,Frosinone,839487,2801
1,0,0.0,4,2,50.0,6,12,18,78.26,2,100.0,0,1,0,0,0,0,4,0,0,0,0,5,1,0,0,0,1,2,0,0,0.01,,1,0,0.0,0,0,0,1,1,0,0,0,,6,75.0,0,0,0,5,0,0,0,1,78,0,1,0,0,0,0,0.0,0,0,0,0,6,0,0,7.5,0,0,0,0,0,0,0,0,0.0,0.0,0,0,0,0,0,1,100.0,0,4,2,50.0,0,3,1,0,8,80.0,4,9,14,23,7.5,0,0,43,1,0,0,Lorenzo Tosto,Empoli,1466118,2705
0,0,0.0,3,7,43.75,5,9,14,60.87,0,0.0,0,1,0,0,0,0,9,0,0,0,0,2,1,0,0,0,0,0,0,0,0.0,,0,0,0.0,7,0,0,2,2,0,0,0,0.1,0,0.0,0,0,0,9,0,0,0,1,90,0,0,0,0,0,0,0.0,0,0,0,0,9,0,1,7.5,0,0,1,4,1,5,0,1,0.0,0.0,0,0,0,0,0,0,0.0,1,0,0,0.0,0,1,0,0,0,0.0,16,12,11,23,7.5,0,0,33,0,0,0,Marco Pissardo,Bari,891877,2712
140,0,0.0,65,269,43.11,163,1149,1312,78.38,4,80.0,1,38,0,0,0,0,309,0,0,0,16,40,38,0,0,0,0,1,2,1,0.36,,0,0,0.0,101,0,0,31,26,5,0,0,9.02,15,100.0,0,19,0,362,0,2,0,38,3420,0,0,0,0,0,0,0.0,1,0,0,0,370,0,13,7.43,0,0,19,80,24,105,0,13,0.0,0.0,0,0,0,0,0,0,0.0,18,0,0,0.0,2,243,0,0,19,95.0,624,445,1229,1674,282.2,0,3,2041,15,0,0,Filip Stanković,Venezia,986355,2688
69,0,0.0,99,316,42.93,230,550,780,64.73,11,91.67,1,33,0,0,0,0,303,0,0,0,14,16,33,0,0,0,1,4,0,1,0.34,,2,0,0.0,153,0,0,28,23,5,0,0,4.92,8,72.73,0,42,0,425,0,1,0,33,2890,0,0,0,0,0,2,0.0,5,0,2,0,439,0,2,7.41,0,0,18,47,33,81,1,10,0.0,0.0,0,0,0,0,0,0,0.0,17,0,0,0.0,1,126,0,0,19,82.61,736,585,620,1205,244.5,0,2,1509,11,1,0,Leandro Chichizola,Modena,80532,2706
64,21,21.43,259,92,70.77,563,501,1064,88.89,20,64.52,11,23,2,0,0,1,112,4,1,8,4,30,23,0,0,10,17,62,0,0,2.49,2.75,21,0,3.85,0,1,3,26,25,1,1,0,,126,71.19,0,0,0,133,19,31,0,20,1733,1,3,0,0,2,0,50.0,0,1,0,0,247,10,0,7.37,1,1,0,0,0,0,0,0,1733.0,0.0,14,3,23,6,12,13,72.22,0,36,19,52.78,31,97,18,98,146,70.19,130,676,521,1197,169.5,26,4,1588,77,7,1,Salvatore Esposito,Sampdoria,931267,2711
38,0,0.0,203,57,49.14,747,1008,1755,89.95,97,64.67,53,29,2,0,0,0,179,2,2,9,12,152,29,0,0,11,19,126,0,3,1.91,1.42,44,0,16.67,81,3,5,20,17,3,2,1,,83,53.21,1,0,0,196,43,14,1,28,2532,1,14,0,0,0,1,0.0,0,0,0,0,238,6,0,7.37,0,1,0,0,0,0,0,0,844.0,0.0,0,15,3,4,5,12,75.0,0,49,29,59.18,14,57,16,1,180,58.82,116,868,1083,1951,213.7,18,6,2375,23,7,0,Michael Svoboda,Venezia,888340,2688
38,9,25.0,207,33,62.26,339,164,503,83.0,0,0.0,3,13,3,0,0,0,45,2,2,5,1,0,13,0,0,16,5,51,0,1,2.53,3.98,1,1,16.13,0,5,8,13,12,1,3,2,,52,52.0,0,0,0,103,1,30,0,11,949,4,0,0,0,1,0,100.0,0,1,0,0,211,9,0,7.33,0,5,0,0,0,0,0,0,189.8,25.0,4,13,18,10,16,21,44.68,0,5,3,60.0,30,73,47,36,52,50.49,53,432,174,606,95.3,31,4,860,26,2,0,Lorenzo Insigne,Pescara,106258,7935
45,0,0.0,58,222,30.29,149,432,581,52.82,10,90.91,1,38,0,0,0,0,394,0,0,0,14,33,38,1,0,0,0,3,0,3,0.12,,2,0,0.0,240,0,0,34,29,5,0,0,13.02,8,80.0,0,40,0,519,0,2,0,38,3411,0,0,0,0,0,2,0.0,6,0,3,0,531,0,14,7.33,0,0,29,95,44,140,1,30,0.0,0.0,0,0,0,0,0,0,0.0,28,1,0,0.0,2,104,0,0,18,85.71,733,600,500,1100,278.4,0,5,1570,8,3,0,Lorenzo Palmisani,Frosinone,1134623,2801
25,5,14.71,409,17,56.67,569,144,713,82.62,6,26.09,17,34,9,0,0,2,84,14,12,40,4,1,34,0,1,49,10,166,0,0,6.48,13.23,26,0,8.62,0,10,19,20,17,3,10,0,,174,53.87,0,0,4,150,3,61,9,31,2614,6,0,0,0,4,0,50.0,0,2,0,4,387,31,0,7.3,1,1,0,0,0,0,0,0,261.4,0.0,4,78,38,30,46,90,57.69,0,19,13,68.42,61,60,156,34,180,52.02,30,709,154,863,248.2,116,6,1488,65,2,0,John Yeboah,Venezia,879802,2688
73,26,25.74,610,85,61.15,1206,872,2078,89.34,37,61.67,23,37,4,0,0,0,155,7,3,28,10,59,37,0,0,33,18,149,0,2,7.31,7.17,61,1,8.64,0,7,11,28,24,4,3,4,,117,48.15,0,0,1,248,38,66,2,37,3203,0,4,0,0,1,0,100.0,0,1,0,0,436,22,0,7.29,0,5,0,0,0,0,0,0,457.57,6.25,16,25,56,29,24,17,48.57,0,58,36,62.07,66,126,35,101,154,50.83,139,1393,933,2326,269.9,81,4,2956,43,9,0,Gianluca Busio,Venezia,896180,2688
84,43,34.13,372,121,51.71,730,645,1375,82.93,38,50.0,38,32,2,0,0,0,146,7,0,18,10,61,32,0,0,16,30,159,1,0,4.63,3.39,63,0,8.96,0,6,8,20,17,3,4,2,,125,50.81,0,0,0,283,22,52,2,32,2637,0,7,0,2,1,0,100.0,0,1,0,0,449,15,0,7.29,1,4,0,0,0,0,0,0,439.5,0.0,6,14,53,27,22,22,55.0,0,63,35,55.56,50,158,40,126,163,50.62,234,942,716,1658,233.2,67,3,2254,40,6,1,Filippo Ranocchia,Palermo,934238,2715
114,11,28.21,303,82,65.08,691,625,1316,89.95,13,48.15,14,27,1,0,0,0,94,5,0,6,6,39,27,0,0,16,22,86,1,1,3.82,0.84,30,0,14.29,0,2,3,20,19,1,2,0,,83,53.55,2,0,0,147,25,30,0,26,2087,0,11,0,0,0,0,0.0,0,0,0,0,212,5,0,7.28,0,0,0,0,0,0,0,0,1043.5,0.0,1,3,11,4,4,5,50.0,0,35,21,60.0,30,161,10,39,96,52.75,126,798,665,1463,196.5,14,0,1792,45,10,0,Jacopo Petriccione,Catanzaro,573596,2796
4,15,15.63,291,9,64.29,464,174,638,82.43,7,20.0,28,37,3,0,0,0,86,11,6,29,6,6,37,0,0,38,6,158,0,1,5.78,10.02,19,0,14.15,0,15,18,28,25,3,13,2,,113,46.5,0,0,3,136,2,56,14,36,3023,5,1,0,1,0,0,0.0,0,0,0,0,405,13,0,7.27,0,1,0,0,0,0,0,0,201.53,0.0,0,76,30,40,37,62,47.69,0,12,8,66.67,55,15,130,96,120,43.17,14,580,194,774,269.0,106,6,1358,39,4,0,Farès Ghedjemis,Frosinone,1445228,2801
87,7,35.0,190,117,53.67,434,573,1007,83.99,53,65.43,28,23,4,0,0,0,77,2,0,2,5,81,23,0,0,3,1,75,0,1,1.52,2.16,43,0,26.67,17,4,8,17,15,2,4,0,,71,60.17,2,0,0,192,25,10,0,23,1872,2,14,0,0,0,1,0.0,0,0,0,0,231,3,0,7.27,2,2,0,0,0,0,0,0,468.0,0.0,0,13,2,6,7,8,80.0,0,33,19,57.58,10,155,10,20,124,62.31,218,560,639,1199,167.2,15,5,1515,33,8,2,Armando Izzo,US Avellino 1912,165583,2730
75,69,32.24,442,59,42.45,727,567,1294,81.85,45,59.21,31,38,3,0,0,0,188,7,2,10,14,84,38,0,0,22,10,116,0,0,6.86,1.07,20,0,4.0,0,1,4,29,25,4,1,0,,90,51.43,0,0,1,287,27,70,1,37,3244,1,13,0,1,0,0,0.0,0,0,0,0,581,15,0,7.24,0,0,0,0,0,0,0,0,3244.0,0.0,2,14,11,10,5,31,46.97,0,36,23,63.89,69,143,66,214,135,53.78,139,910,671,1581,275.2,25,2,2462,23,3,0,Tommaso Augello,Palermo,596736,2715
5,0,0.0,7,34,38.2,23,75,98,63.23,2,100.0,0,5,0,0,0,0,41,0,0,0,0,5,5,0,0,0,0,0,0,0,0.03,,0,0,0.0,42,0,0,7,6,1,0,0,1.73,0,0.0,0,5,0,57,0,0,0,4,440,0,0,0,0,0,0,0.0,0,0,0,0,58,0,1,7.24,0,0,2,13,5,19,1,4,0.0,0.0,0,0,0,0,0,0,0.0,2,0,0,0.0,0,7,0,0,2,100.0,89,72,83,155,36.2,0,1,211,1,0,0,Michele Pezzolato,Modena,1102968,2706
37,2,40.0,74,81,49.39,298,786,1084,84.1,122,64.21,68,31,0,0,0,0,113,0,7,8,11,213,31,0,0,1,15,125,0,1,0.92,6.12,44,0,9.38,25,3,3,21,17,4,3,0,,84,59.57,0,0,1,205,48,5,0,31,2546,2,27,0,0,0,0,0.0,0,0,0,2,239,3,0,7.24,0,2,0,0,0,0,0,0,848.67,0.0,0,31,1,14,10,2,50.0,0,51,27,52.94,5,90,4,5,206,62.24,164,439,850,1289,224.3,32,6,1822,38,9,0,Mattia Bani,Palermo,250547,2715
36,0,0.0,18,156,40.63,77,415,492,67.96,4,100.0,0,25,0,0,0,0,156,0,0,0,3,12,25,1,0,0,0,0,1,0,0.02,,0,0,0.0,153,0,0,39,32,7,0,0,3.56,0,0.0,0,22,0,232,0,0,0,25,2250,0,0,0,0,0,0,0.0,6,0,1,0,234,0,8,7.23,0,0,2,49,22,72,0,23,0.0,0.0,0,0,0,0,0,0,0.0,2,0,0,0.0,0,63,0,0,4,100.0,384,244,480,724,180.7,0,4,935,0,1,0,Giovanni Daffara,US Avellino 1912,1100418,2730
45,52,34.44,378,69,53.91,783,838,1621,89.46,23,50.0,23,35,6,0,0,0,115,13,3,10,2,52,35,0,0,9,14,71,0,1,6.17,3.05,18,0,11.11,0,4,10,36,33,3,3,1,,69,58.97,0,0,0,191,15,60,0,33,2698,0,7,0,1,1,0,100.0,0,1,0,1,340,6,0,7.21,0,4,0,0,0,0,0,0,674.5,0.0,8,10,26,10,16,15,65.22,0,32,20,62.5,59,97,23,151,92,56.44,128,936,876,1812,252.5,36,3,2246,22,5,0,Simone Pontisso,Catanzaro,787830,2796
39,0,0.0,66,249,39.65,192,488,680,64.21,7,87.5,1,35,0,0,0,0,258,0,0,0,15,40,35,0,0,0,1,3,2,0,0.07,,1,0,0.0,208,0,0,31,28,3,0,0,5.79,6,75.0,0,20,0,379,0,0,0,35,3117,0,0,0,0,0,1,0.0,3,0,1,0,385,0,18,7.21,0,0,15,58,45,105,1,24,0.0,0.0,0,0,0,0,0,0,0.0,15,1,0,0.0,0,72,0,0,13,81.25,628,508,551,1059,252.3,0,5,1371,5,2,0,Jesse Joronen,Palermo,97978,2715
12,2,33.33,144,38,43.68,427,695,1122,87.72,93,66.91,46,29,2,0,0,0,98,1,2,1,13,133,29,0,0,9,9,83,0,1,0.99,1.99,20,0,14.29,14,2,4,16,11,5,2,0,,70,65.42,2,0,2,157,21,6,0,27,2435,2,23,0,0,0,0,0.0,0,0,0,0,188,2,0,7.21,0,0,0,0,0,0,0,0,1217.5,0.0,0,14,0,6,7,2,66.67,0,54,30,55.56,6,42,3,6,163,66.26,87,534,745,1279,209.0,14,6,1653,15,6,0,Luca Ravanelli,Monza,795794,2729
30,6,30.0,114,28,57.14,215,128,343,80.14,28,63.64,16,16,3,0,0,0,35,2,3,6,0,16,16,0,1,4,8,57,0,0,0.9,3.4,29,0,18.18,0,4,7,21,18,3,4,0,,56,57.73,0,0,1,85,12,12,0,12,968,0,2,0,0,1,0,100.0,0,1,0,2,125,6,0,7.21,1,4,0,0,0,0,0,0,242.0,0.0,2,13,9,6,10,10,76.92,0,24,16,66.67,12,48,13,20,84,59.57,49,285,143,428,115.3,22,3,622,22,3,0,Mattia Valoti,Spezia,139397,2735
67,0,0.0,101,124,44.44,290,564,854,76.8,96,73.28,35,27,0,0,0,0,107,0,9,6,6,208,27,0,0,5,8,95,1,0,0.78,5.39,47,0,18.42,11,7,7,25,19,6,7,0,,53,46.9,2,0,0,258,27,7,0,25,2209,0,25,0,0,0,1,0.0,0,0,0,0,295,0,0,7.2,1,5,0,0,0,0,0,0,315.57,0.0,0,31,7,16,16,4,50.0,0,32,23,71.88,7,129,8,3,149,61.07,279,489,623,1112,194.4,38,5,1566,19,6,1,Andrea Tiritiello,Virtus Entella,377184,43680
32,15,30.0,271,61,35.88,526,594,1120,83.21,91,64.54,50,35,0,0,0,0,123,2,4,11,14,136,35,0,0,8,10,142,0,1,2.16,3.37,63,0,10.64,2,5,5,28,22,6,4,1,,135,59.47,3,0,1,226,39,14,1,34,2967,7,24,0,0,0,1,0.0,0,0,0,0,433,5,0,7.2,1,1,0,0,0,0,0,0,593.4,0.0,0,30,17,26,10,19,57.58,0,79,52,65.82,14,83,33,50,226,61.41,170,689,657,1346,251.9,47,3,2150,38,7,1,Daniel Tonoli,Modena,1011770,2706
62,11,19.64,259,84,53.85,484,433,917,81.66,26,54.17,22,28,1,0,0,0,107,3,1,8,6,41,28,0,0,7,32,95,1,0,2.34,4.21,25,0,15.38,0,6,7,29,21,8,6,0,,109,59.89,0,0,0,206,30,29,0,25,2118,1,6,0,1,3,0,100.0,0,3,0,0,307,5,0,7.19,0,6,0,0,0,0,0,0,353.0,0.0,5,16,23,16,15,15,62.5,0,60,36,60.0,28,109,24,56,135,58.7,156,640,483,1123,201.2,39,2,1535,34,8,0,Nicolas Schiavi,Carrarese,560434,2745
86,29,23.58,727,92,56.79,1239,509,1748,86.49,20,40.82,29,35,7,0,0,0,160,16,2,22,6,16,35,0,0,43,26,204,0,1,7.7,3.56,66,0,4.69,0,3,10,21,17,4,1,2,,131,42.81,0,0,8,273,13,84,3,33,2752,1,2,0,1,0,0,0.0,0,0,0,1,514,18,0,7.19,0,0,0,0,0,0,0,0,917.33,0.0,6,21,43,33,9,30,41.1,0,48,28,58.33,83,160,73,123,151,42.54,162,1460,561,2021,251.5,64,6,2635,54,7,0,Kike Pérez,Venezia,857178,2688
14,15,30.0,95,29,54.72,169,168,337,79.48,3,23.08,10,16,4,0,0,0,64,1,0,5,2,27,16,0,0,1,14,48,0,0,1.71,0.71,14,0,6.67,0,1,5,17,15,2,0,1,,72,65.45,0,0,1,87,14,21,1,13,1127,0,5,0,0,0,0,0.0,0,0,0,0,156,2,0,7.18,0,0,0,0,0,0,0,0,1127.0,0.0,0,6,9,6,4,9,50.0,0,32,19,59.38,21,32,18,50,75,60.98,53,233,191,424,114.9,15,2,714,31,5,0,Manuel Marras,Reggiana,202036,24516
16,0,0.0,13,104,28.57,62,322,384,59.26,11,84.62,2,24,0,0,0,0,209,0,0,0,6,22,24,1,0,0,0,2,2,1,0.02,,0,0,0.0,149,0,0,30,24,6,0,0,4.5,7,100.0,0,30,0,264,0,1,0,24,2160,0,0,0,0,0,0,0.0,4,0,1,0,270,0,8,7.18,0,0,11,58,27,85,0,17,0.0,0.0,0,0,0,0,0,0,0.0,11,0,0,0.0,1,20,0,0,18,90.0,364,280,368,648,172.3,0,0,944,11,1,0,Alessandro Sorrentino,Padova,991416,2741
46,19,28.79,322,66,72.53,603,327,930,88.91,11,31.43,24,31,4,0,0,0,153,6,1,20,4,17,31,0,0,37,40,161,1,2,4.05,3.87,24,0,8.2,0,5,9,33,28,5,4,1,,145,51.42,1,0,3,116,9,38,0,27,2292,0,2,0,0,0,0,0.0,0,0,0,0,298,14,0,7.17,0,4,0,0,0,0,0,0,458.4,0.0,1,22,39,22,19,41,50.62,0,36,22,61.11,38,73,81,66,156,49.21,91,690,356,1046,222.4,61,1,1563,68,4,0,Luis Hasa,Carrarese,1082407,2745
21,0,0.0,39,37,40.66,118,172,290,78.8,21,46.67,24,10,0,0,0,0,30,0,0,6,3,62,10,0,0,2,5,40,0,1,0.09,0.43,10,0,11.11,9,1,1,10,8,2,0,1,,38,70.37,0,0,0,78,14,2,1,9,824,0,9,0,0,0,0,0.0,0,0,0,0,92,1,0,7.17,1,0,0,0,0,0,0,0,824.0,0.0,2,4,5,2,1,4,100.0,0,26,17,65.38,2,40,4,4,59,59.6,91,180,188,368,71.7,9,3,555,8,2,1,Christian Pastina,Padova,984040,2741
19,9,18.37,186,20,58.82,302,137,439,76.35,20,50.0,20,22,1,0,0,0,78,3,1,14,2,3,22,0,0,42,15,126,1,0,2.56,2.72,26,1,11.76,0,6,7,19,16,3,4,2,,104,49.52,0,0,2,136,4,27,1,21,1714,6,3,0,0,0,0,0.0,0,0,0,0,298,21,0,7.17,0,5,0,0,0,0,0,0,285.67,16.67,6,26,25,18,19,28,52.83,0,18,8,44.44,27,38,53,49,124,49.6,34,426,149,575,157.7,51,4,974,59,3,0,Alphadjo Cissè,Catanzaro,1169409,2796
95,57,29.84,353,88,34.24,486,202,688,64.48,52,64.2,29,34,4,0,0,0,150,11,0,5,4,65,34,0,0,20,19,108,0,1,6.23,0.72,22,0,0.0,0,0,4,37,33,4,0,0,,127,61.65,0,0,0,379,14,55,0,32,2830,3,10,0,0,0,0,0.0,0,0,0,1,672,18,0,7.16,0,0,0,0,0,0,0,0,0.0,0.0,0,10,6,9,2,37,63.79,0,37,22,59.46,55,223,58,191,179,62.37,257,796,271,1067,243.3,16,5,1916,54,4,0,Salvatore Molina,Südtirol,165735,2760
45,7,14.89,455,67,50.38,756,432,1188,83.08,53,55.79,42,36,4,0,0,0,188,4,2,22,7,60,36,0,0,13,34,156,0,1,3.35,2.6,51,0,3.23,0,2,6,30,25,5,1,1,,146,56.15,0,0,2,242,24,32,1,34,3062,1,10,0,0,0,0,0.0,0,0,0,1,360,17,0,7.16,0,1,0,0,0,0,0,0,1531.0,0.0,0,22,40,27,13,21,52.5,0,61,36,59.02,32,85,40,47,199,56.06,133,928,502,1430,257.6,62,3,1976,69,5,0,Simone Santoro,Modena,898951,2706
40,0,0.0,47,199,35.79,134,569,703,65.76,10,100.0,0,37,0,0,0,0,279,1,0,0,7,42,37,0,0,0,1,1,1,3,0.09,,0,0,0.0,231,0,0,58,53,5,0,0,3.6,6,85.71,0,25,0,366,0,2,0,37,3330,0,0,0,0,0,0,0.0,6,0,0,0,374,0,23,7.15,0,0,11,89,62,153,0,28,0.0,0.0,0,0,0,0,0,0,0.0,11,0,0,0.0,2,69,0,0,16,94.12,556,429,640,1069,264.5,0,2,1467,7,2,0,Michele Cerofolini,Bari,869273,2712
71,2,14.29,466,61,42.96,892,690,1582,85.05,48,60.0,32,33,1,0,0,0,180,0,2,14,15,70,33,0,0,21,16,105,0,1,1.71,4.62,28,0,14.71,0,5,6,24,19,5,5,0,,105,58.99,0,0,0,278,36,34,5,33,2907,3,17,0,0,3,0,100.0,0,3,0,0,365,13,0,7.15,0,0,0,0,0,0,0,0,581.4,0.0,0,19,15,7,13,11,52.38,0,52,31,59.62,34,142,21,14,153,59.3,142,1095,765,1860,235.9,34,2,2325,43,4,0,Matteo Pessina,Monza,350210,2729
7,11,27.5,197,2,28.57,304,104,408,82.93,4,23.53,13,22,1,0,0,0,50,3,4,4,0,3,22,0,0,16,6,66,0,2,3.18,3.8,13,0,26.09,0,6,7,21,17,4,5,1,,59,52.68,0,0,2,84,10,28,5,15,1240,2,1,0,0,0,0,0.0,0,0,0,0,201,9,0,7.15,0,1,0,0,0,0,0,0,206.67,0.0,1,17,6,7,12,28,57.14,0,10,7,70.0,28,16,49,40,63,48.84,7,372,120,492,157.2,23,2,753,21,2,0,Davide Bragantini,Mantova,1101483,2770
73,29,25.22,272,115,59.9,586,500,1086,84.38,13,48.15,14,33,0,0,0,0,150,2,0,9,2,43,33,0,0,20,13,90,0,2,3.97,1.14,32,0,10.34,0,3,3,37,28,9,0,3,,90,54.22,0,0,0,201,30,44,0,29,2482,1,12,0,0,0,0,0.0,0,0,0,0,357,10,0,7.14,0,3,0,0,0,0,0,0,827.33,0.0,2,7,22,12,8,21,63.64,0,46,27,58.7,44,152,33,115,103,53.37,192,722,565,1287,235.7,29,5,1754,23,10,0,Tobías Reinhart,Reggiana,946304,24516
8,0,0.0,30,17,48.57,109,193,302,88.3,17,68.0,8,11,0,0,0,0,38,0,1,0,3,51,10,0,0,2,2,21,1,0,0.12,0.61,9,0,0.0,2,0,0,6,5,1,0,0,,32,71.11,0,0,0,40,12,1,0,9,813,0,11,0,0,0,0,0.0,0,0,0,0,49,1,0,7.14,1,0,0,0,0,0,0,0,0.0,0.0,0,4,0,0,4,2,66.67,0,21,12,57.14,1,15,3,0,49,70.0,35,124,218,342,71.4,4,2,482,9,2,1,Steven Nador,Modena,1137129,2706
38,37,25.69,196,34,44.16,286,143,429,72.59,11,31.43,24,33,9,0,0,0,119,13,1,11,1,49,33,0,0,23,21,132,1,0,7.03,1.75,33,0,6.67,0,2,11,35,32,3,2,0,,143,56.97,1,0,1,162,14,40,0,30,2255,2,5,0,0,0,0,0.0,0,0,0,0,412,11,0,7.14,1,1,0,0,0,0,0,0,1127.5,0.0,0,16,14,8,11,33,50.0,0,47,28,59.57,40,72,66,144,154,53.85,77,402,189,591,235.6,30,3,1282,63,7,1,Salvatore Elia,Empoli,928125,2705
36,0,0.0,92,53,46.9,262,437,699,79.25,119,62.63,71,25,5,0,0,0,66,4,1,4,8,164,25,0,0,2,15,143,2,3,1.82,1.47,61,0,9.52,43,2,7,19,16,3,2,0,,62,46.27,2,0,1,183,29,14,0,24,2041,0,20,0,0,0,1,0.0,0,0,0,1,213,2,0,7.12,0,0,0,0,0,0,0,0,1020.5,0.0,0,21,0,7,10,0,0.0,0,30,15,50.0,14,70,2,1,181,55.86,113,395,487,882,178.0,21,5,1275,32,7,0,Ilario Monterisi,Frosinone,1009363,2801
57,0,0.0,40,267,37.66,173,741,914,66.81,12,100.0,0,38,0,0,0,0,382,0,0,0,16,48,38,1,0,0,0,1,1,5,0.12,,1,0,0.0,195,0,0,32,26,6,0,0,5.26,7,87.5,0,53,0,454,0,2,0,38,3420,0,0,0,0,0,1,0.0,5,0,1,0,463,0,19,7.11,0,0,27,54,46,102,1,23,0.0,0.0,0,0,0,0,0,0,0.0,25,1,0,0.0,2,105,0,0,19,95.0,709,566,802,1368,270.0,0,1,1768,6,2,0,Demba Thiam,Monza,861818,2729
18,19,29.23,210,18,58.06,333,124,457,83.7,14,51.85,13,18,1,0,0,0,61,2,0,8,1,10,18,0,0,29,6,79,0,2,2.16,1.39,17,1,16.67,0,5,6,10,8,2,4,1,,65,49.62,0,0,1,89,5,22,0,13,1052,0,2,0,0,0,0,0.0,0,0,0,0,208,15,0,7.1,0,5,0,0,0,0,0,0,210.4,11.11,9,7,23,13,9,13,48.15,0,14,8,57.14,22,35,27,65,79,50.0,31,395,151,546,127.8,30,1,847,38,3,0,Hernani,Monza,156019,2729
2,0,0.0,5,2,40.0,14,18,32,84.21,4,80.0,1,1,0,0,0,0,2,0,0,0,1,5,1,0,0,0,0,4,0,0,0.01,,3,0,0.0,0,0,0,0,0,0,0,0,,2,40.0,0,0,0,6,1,0,0,1,90,0,0,0,0,0,0,0.0,0,0,0,0,9,0,0,7.1,0,0,0,0,0,0,0,0,0.0,0.0,0,0,0,0,0,0,0.0,0,0,0,0.0,0,5,0,0,6,60.0,5,18,20,38,7.1,0,0,59,2,0,0,Gabriele Indragoli,Empoli,1067399,2705
142,36,24.49,309,130,63.41,567,453,1020,79.19,28,54.9,23,32,4,0,0,0,161,5,0,6,0,40,32,0,0,9,21,88,1,1,3.46,0.63,18,0,4.76,0,1,5,47,40,7,0,1,,109,62.64,0,0,3,268,25,59,0,27,2278,1,2,0,0,0,1,0.0,0,0,0,0,465,9,0,7.09,0,1,0,0,0,0,0,0,2278.0,0.0,0,4,17,9,6,29,61.7,0,49,32,65.31,59,211,47,147,137,60.89,205,755,533,1288,227.0,21,3,1942,33,4,0,Gaetano Letizia,Pescara,132295,7935
33,0,0.0,24,136,42.37,60,415,475,71.54,11,100.0,0,25,0,0,0,0,226,0,0,0,1,33,25,0,0,0,2,2,1,2,0.04,0.05,0,0,0.0,91,0,0,48,42,6,0,0,1.21,8,80.0,0,21,0,189,1,0,0,25,2195,0,0,0,0,0,0,0.0,8,0,2,0,193,0,8,7.09,0,0,25,69,21,92,0,22,0.0,0.0,0,1,0,1,0,0,0.0,23,0,0,0.0,0,65,0,0,19,90.48,321,196,468,664,177.3,1,0,969,9,2,0,Sebastiano Desplanches,Pescara,1068715,7935
119,0,0.0,35,277,44.18,148,661,809,69.15,9,100.0,0,37,0,0,0,0,286,0,0,0,12,31,37,0,0,0,0,0,2,0,0.05,,0,0,0.0,216,0,0,51,41,10,0,0,-3.51,8,100.0,0,32,0,361,1,1,0,37,3330,0,0,0,0,0,0,0.0,8,0,0,0,365,0,12,7.08,0,0,12,54,36,90,1,20,0.0,0.0,0,0,0,0,0,1,100.0,11,1,1,100.0,1,189,1,0,17,100.0,627,415,755,1170,262.0,0,2,1475,12,0,0,Marco Bleve,Carrarese,307036,2745
91,12,21.43,315,90,57.69,710,708,1418,87.15,16,48.48,17,34,1,0,0,0,134,4,1,13,4,55,34,0,0,19,37,107,0,2,3.01,3.17,32,0,11.11,0,3,4,33,30,3,3,0,,102,53.13,0,0,0,209,25,30,0,30,2614,0,4,0,1,2,0,100.0,0,2,0,0,320,13,0,7.07,0,3,0,0,0,0,0,0,871.33,0.0,1,8,19,5,9,20,71.43,0,42,24,57.14,29,159,28,56,118,52.44,156,856,771,1627,240.3,27,2,2036,41,6,0,Giuseppe Leone,Juve Stabia,919974,5324
30,18,16.22,293,27,40.3,509,321,830,79.65,20,43.48,26,34,6,0,0,0,150,7,5,12,10,43,34,0,0,19,30,156,0,1,5.29,5.93,41,0,9.62,0,5,11,24,19,5,4,1,,124,48.82,0,0,2,212,21,38,1,33,2872,13,8,0,0,0,0,0.0,0,0,0,0,467,9,0,7.06,1,4,0,0,0,0,0,0,574.4,0.0,0,38,14,23,17,48,52.17,0,66,48,72.73,38,71,92,111,144,48.0,67,661,381,1042,240.2,52,5,1867,10,1,1,Paulo Azzi,Monza,383314,2729
18,0,0.0,17,85,34.69,54,175,229,58.57,7,87.5,1,14,0,0,0,0,105,0,0,0,3,21,14,1,0,0,0,1,0,0,0.02,,0,0,0.0,97,0,0,19,16,3,0,0,0.56,0,0.0,0,25,0,162,0,0,0,14,1260,0,0,0,0,0,0,0.0,3,0,1,0,165,0,13,7.06,0,0,3,35,14,49,2,11,0.0,0.0,0,0,0,0,0,0,0.0,3,0,0,0.0,0,25,0,0,7,87.5,245,186,205,391,98.9,0,0,543,0,2,0,Mattia Fortin,Padova,1141480,2741
1,1,33.33,42,1,33.33,57,14,71,89.87,1,25.0,3,8,1,0,0,0,11,2,0,0,0,0,8,0,0,1,0,11,0,0,1.01,0.33,5,0,25.0,0,1,2,4,3,1,1,0,,13,61.9,0,0,0,8,1,8,1,2,274,0,0,0,1,0,0,0.0,0,0,0,1,30,1,0,7.06,0,0,0,0,0,0,0,0,274.0,0.0,0,2,2,0,4,4,57.14,0,5,4,80.0,7,4,7,3,14,56.0,3,64,15,79,56.5,4,1,125,4,0,0,Seydou Fini,Frosinone,1164381,2801
39,36,34.29,235,46,53.49,491,394,885,86.76,12,50.0,12,24,2,0,0,0,89,4,0,7,1,18,24,0,0,14,6,54,0,1,2.17,0.95,17,1,9.52,0,2,4,27,26,1,0,2,,83,66.4,0,0,1,135,14,33,0,20,1628,0,3,0,0,0,0,0.0,0,0,0,0,248,7,0,7.06,0,2,0,0,0,0,0,0,814.0,20.0,5,4,17,7,7,14,70.0,0,15,8,53.33,33,81,20,105,95,63.76,86,589,431,1020,169.4,21,1,1367,56,5,0,Federico Artioli,Bari,970952,2712
56,57,33.53,354,77,57.04,590,263,853,80.78,7,17.5,33,35,10,0,0,0,148,22,5,14,2,15,35,0,0,32,29,155,0,1,8.77,3.18,40,0,7.32,0,3,13,22,20,2,3,0,,87,41.63,1,0,1,203,17,78,2,31,2461,2,5,0,3,0,0,0.0,0,0,0,0,427,25,0,7.06,0,0,0,0,0,0,0,0,820.33,0.0,0,22,19,15,12,16,39.02,0,41,27,65.85,75,110,41,170,94,37.75,135,770,286,1056,247.0,41,1,1589,30,8,0,Antonio Palumbo,Palermo,587708,2715
9,32,23.53,220,15,26.79,401,317,718,76.71,63,54.78,52,35,6,0,0,0,119,12,2,9,5,76,35,0,0,22,15,164,0,0,5.02,2.47,34,0,11.43,0,4,10,42,33,9,4,0,,124,52.54,1,0,3,218,35,43,1,31,2807,4,15,0,0,0,0,0.0,0,0,0,1,518,14,0,7.05,0,2,0,0,0,0,0,0,701.75,0.0,0,25,10,19,7,20,31.25,0,57,37,64.91,43,38,64,136,187,53.28,56,546,390,936,246.9,35,2,1896,49,5,0,Simone Zanon,Carrarese,945629,2745
30,38,34.86,214,29,63.04,341,111,452,84.01,12,54.55,10,25,1,0,0,0,55,10,1,20,2,5,25,0,0,15,7,75,0,0,5.04,3.1,11,0,4.0,0,2,3,12,9,3,1,1,,60,48.0,0,0,3,86,10,39,2,17,1310,3,2,0,1,0,0,0.0,0,0,0,0,240,8,0,7.05,0,0,0,0,0,0,0,0,655.0,0.0,8,24,26,17,13,16,33.33,0,23,14,60.87,38,47,48,109,72,48.98,46,418,120,538,176.3,50,3,899,21,0,0,Andrea Colpani,Monza,928122,2729
78,14,20.59,288,89,50.86,679,608,1287,86.03,16,61.54,10,30,3,0,0,0,128,5,1,8,4,55,30,0,0,15,41,101,0,1,2.44,1.31,32,1,4.55,0,1,4,35,27,8,0,1,,81,47.09,0,0,2,209,19,30,1,25,2138,0,6,0,0,0,0,0.0,0,0,0,0,309,8,0,7.05,0,0,0,0,0,0,0,0,2138.0,20.0,5,7,15,11,3,11,68.75,0,47,24,51.06,30,136,16,68,97,48.99,175,829,667,1496,211.4,22,2,1856,24,5,0,Michele Castagnetti,Cesena,131910,2742
13,0,0.0,85,32,43.24,262,518,780,88.54,62,65.96,32,20,0,0,0,0,55,0,3,2,4,100,20,0,0,4,7,72,0,0,0.24,0.86,30,0,18.18,17,2,2,20,17,3,1,1,,53,56.99,2,0,0,101,25,1,0,19,1659,1,15,0,0,0,0,0.0,0,0,0,0,123,2,0,7.05,1,0,0,0,0,0,0,0,829.5,0.0,0,10,1,5,4,1,50.0,0,27,17,62.96,1,32,2,2,115,61.5,74,323,558,881,140.9,11,1,1161,27,4,1,Andrea Meroni,Mantova,848566,2770
90,0,0.0,57,276,35.89,136,804,940,65.1,5,71.43,2,38,0,0,0,0,297,0,0,1,7,42,38,0,0,0,1,3,1,3,0.13,0.03,0,0,0.0,184,0,0,54,51,3,0,0,1.78,7,87.5,0,22,0,504,0,3,0,38,3420,0,0,1,0,0,0,0.0,5,0,0,0,508,0,13,7.04,0,0,24,78,29,108,0,38,0.0,0.0,0,1,0,0,0,0,0.0,23,1,0,0.0,3,148,0,0,12,80.0,769,533,911,1444,267.6,1,1,1772,7,3,0,Andrea Fulignati,Empoli,293295,2705
14,2,50.0,62,14,70.0,99,71,170,68.83,43,53.09,38,16,3,0,0,0,30,8,6,5,0,14,16,0,0,19,2,93,0,0,2.1,2.92,23,0,10.71,0,3,6,21,14,7,3,0,,52,48.6,1,0,1,77,4,21,1,12,1017,8,1,0,1,0,0,0.0,0,0,0,1,151,5,0,7.04,0,1,0,0,0,0,0,0,339.0,0.0,0,19,9,9,14,17,53.13,0,5,2,40.0,20,21,32,4,95,50.53,20,157,90,247,112.6,28,3,461,30,3,0,Alberto Cerri,Cesena,187121,2742
23,8,34.78,113,34,59.65,245,185,430,87.04,8,66.67,4,17,1,0,0,0,45,3,0,3,0,6,14,0,1,7,7,31,0,2,1.52,0.34,9,0,14.29,0,1,2,6,5,1,0,1,,27,50.0,0,0,0,64,4,14,1,8,727,0,1,0,0,0,0,0.0,0,0,0,0,102,5,0,7.04,1,0,0,0,0,0,0,0,727.0,0.0,0,1,6,2,2,7,58.33,0,11,6,54.55,14,45,12,23,35,53.03,57,296,198,494,98.5,7,1,613,9,1,0,Alfred Duncan,Venezia,232224,2688
29,0,0.0,23,106,34.87,71,204,275,57.77,2,100.0,0,17,0,0,0,0,112,0,0,0,3,15,17,0,0,0,0,0,0,0,0.03,,0,0,0.0,108,0,0,27,25,2,0,0,-0.52,3,100.0,0,10,0,201,0,0,0,17,1485,0,0,0,0,0,0,0.0,3,0,1,0,207,0,2,7.04,0,0,6,32,20,53,1,16,0.0,0.0,0,0,0,0,0,1,100.0,6,0,0,0.0,0,48,1,0,5,100.0,304,247,229,476,119.6,0,1,625,3,0,0,Diego Mascardi,Spezia,1471046,2735
50,2,16.67,95,117,45.88,334,1027,1361,83.7,144,70.24,61,35,2,0,0,0,128,5,2,4,6,228,35,0,1,4,12,112,0,2,2.56,2.8,39,0,11.11,36,3,5,45,43,2,3,0,,72,58.54,2,0,0,265,27,12,0,31,2897,0,23,0,0,0,1,0.0,0,0,0,0,294,1,0,7.03,1,1,0,0,0,0,0,0,965.67,0.0,0,25,2,15,8,5,100.0,0,45,28,62.22,12,123,5,12,216,65.85,255,509,1117,1626,246.2,27,3,2138,23,9,0,Gabriele Guarino,Empoli,1137373,2705
0,0,0.0,2,3,27.27,33,55,88,86.27,5,62.5,3,6,0,0,0,0,4,0,0,0,0,9,3,0,0,0,0,3,0,0,0.01,,1,0,0.0,0,0,0,3,3,0,0,0,,8,100.0,0,0,0,14,0,0,0,1,110,0,1,0,0,0,0,0.0,0,0,0,1,15,0,0,7.03,0,0,0,0,0,0,0,0,0.0,0.0,0,0,0,0,0,0,0.0,0,5,4,80.0,0,4,0,0,13,81.25,11,40,62,102,21.1,0,0,130,3,0,0,Ervin Bashi,Catanzaro,1482317,2796
39,0,0.0,55,107,45.73,267,974,1241,85.35,143,73.33,52,34,1,0,0,0,71,3,4,3,6,228,34,0,0,3,13,104,0,2,1.12,1.95,41,0,18.75,8,3,4,48,38,10,3,0,,80,60.61,2,0,0,213,43,5,0,33,2866,0,39,1,0,0,0,0.0,0,0,0,0,230,0,0,7.03,0,1,0,0,0,0,0,0,955.33,0.0,0,16,0,8,5,4,80.0,0,61,39,63.93,5,93,5,1,223,68.2,234,417,1037,1454,239.0,16,2,1936,19,8,0,Lorenco Šimić,US Avellino 1912,791203,2730
7,6,33.33,123,9,26.47,227,155,382,82.86,18,43.9,23,25,3,0,0,0,58,7,6,11,2,21,24,0,0,8,3,67,0,0,3.0,3.52,27,0,14.29,0,5,8,8,6,2,3,2,,52,54.17,0,0,0,79,6,19,3,13,1223,4,3,0,0,0,0,0.0,0,0,0,2,147,8,0,7.03,0,2,0,0,0,0,0,0,244.6,0.0,0,22,13,12,12,7,35.0,0,10,6,60.0,19,25,20,18,70,51.09,34,291,170,461,168.7,35,2,737,35,6,0,Ridgeciano Haps,Venezia,250501,2688
44,2,20.0,112,86,48.59,421,1130,1551,87.04,125,78.62,34,36,0,0,0,0,130,1,5,3,7,235,36,0,0,5,18,121,1,2,0.39,2.87,62,0,5.88,4,1,1,50,40,10,1,0,,106,54.92,0,0,0,231,68,5,1,36,3186,2,43,1,0,0,1,0.0,0,0,0,1,274,0,0,7.03,0,0,0,0,0,0,0,0,3186.0,0.0,0,16,1,9,5,5,62.5,0,80,53,66.25,5,88,8,10,231,65.63,177,571,1211,1782,252.9,17,3,2407,25,6,0,Giovanni Zaro,Cesena,347394,2742
47,2,25.0,304,58,61.05,668,484,1152,87.14,32,59.26,22,32,1,0,0,0,117,1,2,7,7,32,32,0,0,16,17,92,0,1,2.34,2.11,32,0,7.69,0,2,3,19,14,5,2,0,,94,57.32,0,0,0,170,26,16,1,28,2340,2,7,0,1,0,0,0.0,0,0,0,0,232,7,0,7.02,0,1,0,0,0,0,0,0,1170.0,0.0,0,12,14,14,5,13,68.42,0,57,31,54.39,15,84,19,8,126,57.8,95,794,528,1322,224.7,26,2,1664,25,3,0,Pedro Obiang,Monza,46799,2729
12,2,12.5,92,8,66.67,129,20,149,83.71,0,0.0,2,14,3,0,0,0,16,7,0,4,0,1,14,0,0,11,0,26,0,0,2.14,1.73,1,0,5.56,0,1,4,5,4,1,1,0,,23,48.94,0,0,0,29,1,19,0,4,541,1,0,0,1,0,0,0.0,0,0,0,0,77,3,0,7.02,0,1,0,0,0,0,0,0,541.0,0.0,0,10,8,8,6,9,42.86,0,1,1,100.0,18,16,21,16,23,46.94,12,154,24,178,98.3,18,1,285,13,0,0,Giuseppe Caso,Monza,946985,2729
20,0,0.0,9,67,39.41,30,383,413,78.97,3,100.0,0,18,0,0,0,0,121,0,0,0,4,9,18,0,0,0,1,1,0,0,0.01,,0,0,0.0,82,0,0,27,26,1,0,0,-1.46,2,66.67,0,10,0,110,0,0,0,18,1620,0,0,1,0,0,0,0.0,2,0,0,0,112,0,7,7.02,0,0,4,39,17,57,0,19,0.0,0.0,0,0,0,0,0,0,0.0,4,0,0,0.0,0,32,0,0,5,83.33,170,95,428,523,126.3,0,0,670,4,0,0,Marco Festa,Mantova,176765,2770
15,0,0.0,10,74,36.27,42,209,251,65.36,0,0.0,0,14,0,0,0,0,128,0,0,0,3,19,14,1,0,0,1,1,0,3,0.01,,0,0,0.0,41,0,0,18,17,1,0,0,0.82,4,80.0,0,7,0,133,0,2,0,13,1225,0,0,0,0,0,0,0.0,1,0,0,0,134,0,2,7.01,0,0,15,30,9,40,0,8,0.0,0.0,0,0,0,0,0,0,0.0,15,1,0,0.0,2,52,0,0,4,80.0,204,127,257,384,98.2,0,0,552,3,0,0,Ivan Mario Saio,Pescara,1170919,7935
74,17,26.56,509,77,56.62,953,639,1592,86.8,28,41.79,39,36,7,0,0,0,182,9,2,20,7,42,36,0,0,30,25,171,1,3,4.1,3.14,63,0,2.17,0,1,8,54,49,5,0,1,,163,55.25,0,0,1,242,25,59,0,36,3146,1,15,0,0,0,0,0.0,0,0,0,0,398,12,0,7.01,0,1,0,0,0,0,0,0,3146.0,0.0,2,15,31,15,11,16,44.44,0,42,28,66.67,59,147,36,64,191,52.76,136,1142,692,1834,252.4,46,3,2401,110,11,0,Simone Trimboli,Mantova,965016,2770
47,53,27.32,340,24,38.71,446,103,549,71.3,14,30.43,32,30,7,0,0,2,146,6,2,21,2,13,30,0,0,32,12,142,0,0,5.99,6.31,30,1,7.41,0,4,11,32,24,8,2,2,,121,52.38,0,0,4,221,7,54,1,25,2222,0,3,0,0,4,0,50.0,0,2,0,0,508,31,0,7.01,0,3,0,0,0,0,0,0,555.5,7.69,13,21,33,17,16,30,42.86,0,18,10,55.56,54,99,70,194,135,48.74,62,642,128,770,210.2,54,3,1408,73,1,0,Daniele Casiraghi,Südtirol,148283,2760
16,27,24.77,348,24,38.71,625,395,1020,83.2,72,57.6,53,37,5,0,0,0,144,11,4,8,9,92,37,0,0,13,20,166,1,2,5.89,3.59,49,0,14.71,0,5,10,28,23,5,4,1,,114,50.22,0,0,1,206,36,53,3,36,3049,5,15,0,1,0,0,0.0,0,0,0,0,412,14,0,7.01,0,2,0,0,0,0,0,0,609.8,0.0,0,23,11,15,11,28,44.44,0,58,38,65.52,52,37,63,109,186,52.84,62,771,455,1226,259.2,34,2,2026,28,4,0,Antoine Hainaut,Venezia,1394202,2688
43,28,29.79,169,62,59.05,392,468,860,86.52,22,70.97,9,26,2,0,0,0,88,3,0,6,1,51,26,0,1,4,12,50,0,1,2.14,0.78,22,1,8.7,0,2,4,33,29,4,0,2,,54,56.84,0,0,0,134,23,25,0,23,1924,0,12,0,0,0,0,0.0,0,0,0,0,228,10,0,7.0,1,2,0,0,0,0,0,0,962.0,25.0,4,1,22,12,5,6,60.0,0,23,10,43.48,25,70,10,94,76,60.32,105,471,523,994,182.1,23,0,1334,28,2,0,Matthias Verreth,Bari,794992,2712
73,0,0.0,115,93,43.06,386,875,1261,84.46,91,64.54,50,30,0,0,0,0,57,1,0,2,7,173,30,0,0,1,12,100,0,3,0.43,0.28,38,0,14.29,48,1,1,38,31,7,1,0,,87,63.5,1,0,0,232,36,3,0,29,2494,3,32,0,0,0,0,0.0,0,0,0,0,257,0,0,7.0,0,0,0,0,0,0,0,0,2494.0,0.0,0,5,2,3,2,7,70.0,0,52,31,59.62,3,132,10,0,178,64.03,216,515,978,1493,210.1,7,2,1940,32,12,0,Marco Perrotta,Padova,153227,2741
2,0,0.0,5,25,38.46,21,11,32,43.84,0,0.0,0,3,0,0,0,0,16,0,0,0,0,2,3,0,0,0,0,0,0,0,0.0,,0,0,0.0,25,0,0,5,4,1,0,0,0.08,1,100.0,0,2,0,41,0,0,0,3,270,0,0,0,0,0,0,0.0,0,0,0,0,41,0,1,7.0,0,0,0,5,3,8,0,2,0.0,0.0,0,0,0,0,0,0,0.0,0,0,0,0.0,0,3,0,0,1,100.0,65,55,18,73,21.0,0,0,87,1,0,0,Giacomo Poluzzi,Südtirol,132023,2760
22,0,0.0,6,84,38.53,35,215,250,64.1,1,50.0,1,16,0,0,0,0,106,0,0,0,7,10,16,0,0,0,0,1,0,2,0.01,,0,0,0.0,99,0,0,16,14,2,0,0,0.74,2,100.0,0,7,0,140,0,0,0,16,1440,0,0,0,0,0,0,0.0,2,0,0,0,142,0,7,7.0,0,0,6,27,8,36,0,14,0.0,0.0,0,0,0,0,0,0,0.0,5,0,0,0.0,0,35,0,0,3,75.0,218,104,286,390,112.0,0,0,501,2,2,0,Tommaso Martinelli,Sampdoria,1397756,2711
103,4,30.77,289,132,60.27,668,666,1334,85.57,16,39.02,25,32,1,0,0,0,186,1,0,6,4,38,32,0,1,11,51,143,0,2,2.31,0.58,48,0,0.0,1,0,1,33,27,6,0,0,,125,51.44,0,0,0,225,29,23,0,31,2369,0,10,0,0,0,0,0.0,0,0,0,0,284,15,0,7.0,1,0,0,0,0,0,0,0,0.0,0.0,0,3,13,8,2,6,35.29,0,60,37,61.67,23,188,17,13,141,49.65,219,826,733,1559,223.9,16,0,1936,59,9,0,Luca Palmiero,US Avellino 1912,318601,2730
51,4,18.18,447,86,60.99,913,584,1497,89.05,6,37.5,10,33,0,0,0,0,165,3,0,7,11,32,32,0,0,22,26,99,1,1,2.97,0.79,31,0,0.0,0,0,0,28,25,3,0,0,,66,42.58,0,0,1,184,29,26,0,31,2666,0,7,0,0,0,0,0.0,0,0,0,0,271,16,0,7.0,0,0,0,0,0,0,0,0,0.0,0.0,0,1,20,7,7,19,61.29,0,26,12,46.15,26,99,31,22,72,42.11,141,1051,630,1681,223.9,21,3,2016,21,5,0,Fabio Gerli,Modena,373354,2706
4,0,0.0,6,37,35.58,20,76,96,58.9,5,100.0,0,8,0,0,0,0,60,0,0,0,2,5,8,0,0,0,0,0,1,0,0.01,,0,0,0.0,48,0,0,8,6,2,0,0,-0.53,2,100.0,0,8,0,67,0,0,0,8,720,0,0,0,0,0,0,0.0,0,0,0,0,68,0,0,6.99,0,0,6,10,7,18,0,4,0.0,0.0,0,0,0,0,0,0,0.0,6,0,0,0.0,0,5,0,0,7,100.0,104,74,89,163,55.9,0,0,227,3,0,0,Federico Del Frate,Virtus Entella,864702,43680
19,7,28.0,83,13,44.83,123,63,186,79.49,7,38.89,11,16,0,0,0,0,32,0,0,4,1,17,14,0,0,7,4,28,0,0,1.14,0.43,2,0,25.0,0,3,3,7,6,1,1,2,,21,55.26,0,0,0,48,4,12,3,5,568,0,1,0,0,0,0,0.0,0,0,0,0,97,2,0,6.99,0,0,0,0,0,0,0,0,189.33,0.0,0,3,9,4,4,8,66.67,0,9,5,55.56,12,33,12,25,28,50.0,29,161,73,234,97.8,12,1,403,4,0,0,Niccolò Corrado,Frosinone,928916,2801
50,9,36.0,247,60,39.22,513,789,1302,82.61,70,62.5,42,36,2,0,0,0,126,3,8,12,12,133,36,0,0,7,8,92,0,4,2.36,3.96,26,0,7.14,5,3,5,26,22,4,3,0,,76,60.32,1,0,2,274,31,18,1,34,2958,2,17,0,0,0,0,0.0,0,0,0,0,355,4,0,6.98,1,1,0,0,0,0,0,0,986.0,0.0,0,35,7,14,16,8,47.06,0,42,24,57.14,18,108,17,25,146,61.34,153,713,863,1576,251.4,42,2,2126,28,3,1,Pietro Ceccaroni,Palermo,373724,2715
146,0,0.0,52,311,40.39,148,782,930,66.19,4,80.0,1,37,0,0,0,0,277,0,0,0,9,28,37,0,0,1,0,2,1,3,0.35,0.01,0,0,0.0,181,0,0,48,43,5,0,0,-3.45,12,92.31,0,11,0,475,0,1,0,37,3330,0,0,0,0,0,0,0.0,9,0,1,0,490,0,10,6.98,0,0,20,60,29,90,0,14,0.0,0.0,1,0,1,1,0,1,100.0,20,0,0,0.0,1,233,1,1,16,88.89,770,506,899,1405,258.3,1,2,1665,13,2,0,Mirko Pigliacelli,Catanzaro,173351,2796
17,0,0.0,9,120,33.61,76,194,270,52.84,8,100.0,0,20,0,0,0,0,129,0,0,0,5,28,20,0,0,0,0,0,2,4,0.02,,0,0,0.0,198,0,0,30,24,6,0,0,3.34,1,100.0,0,10,0,241,0,0,0,20,1800,0,0,0,0,0,0,0.0,4,0,1,0,250,0,17,6.98,0,0,4,44,19,63,0,14,0.0,0.0,0,0,0,0,0,0,0.0,4,0,0,0.0,0,36,0,0,9,100.0,357,247,264,511,139.6,0,3,705,2,1,0,Edoardo Motta,Reggiana,1518983,24516
28,9,14.75,312,24,57.14,560,383,943,85.49,33,39.76,50,33,5,0,0,0,140,8,1,9,2,34,33,0,0,39,31,178,0,0,2.87,1.17,42,0,4.55,0,1,6,34,27,7,1,0,,173,57.48,0,0,0,160,25,34,0,28,2354,4,10,0,0,0,0,0.0,0,0,0,0,331,12,0,6.98,0,1,0,0,0,0,0,0,2354.0,0.0,0,12,10,7,6,30,58.82,0,91,52,57.14,34,56,51,61,206,53.65,42,665,438,1103,230.3,22,2,1657,54,8,0,Dimitrios Sounas,US Avellino 1912,257975,2730
6,11,24.44,105,11,61.11,171,91,262,77.29,19,51.35,18,32,2,0,0,0,51,2,3,13,0,13,31,0,0,20,10,96,0,0,1.38,2.96,19,0,15.38,0,6,8,30,28,2,5,1,,85,52.15,0,0,0,77,7,17,0,18,1628,4,0,0,0,0,0,0.0,0,0,0,1,233,8,0,6.98,0,6,0,0,0,0,0,0,271.33,0.0,1,26,13,13,13,26,46.43,0,14,7,50.0,17,18,56,45,104,52.0,18,227,112,339,216.3,39,3,722,46,3,0,Emanuele Rao,Bari,1416532,2712
29,6,20.0,119,22,36.67,232,244,476,78.03,16,47.06,18,16,1,0,0,0,76,1,2,1,5,41,16,0,0,3,15,49,0,0,1.68,0.64,8,0,12.5,0,1,2,18,16,2,1,0,,56,64.37,1,0,0,134,17,14,0,16,1401,2,5,0,0,0,0,0.0,0,0,0,0,213,6,0,6.98,0,0,0,0,0,0,0,0,1401.0,0.0,0,4,4,5,2,6,50.0,0,31,18,58.06,14,66,12,30,72,59.5,60,323,287,610,111.6,8,0,946,20,1,0,Alessandro Di Pardo,Sampdoria,928814,2711
25,6,27.27,162,31,28.7,316,295,611,72.65,53,54.64,44,32,1,0,0,0,79,2,1,8,10,95,31,0,0,15,8,114,0,1,1.27,3.04,41,0,15.15,2,5,6,22,18,4,4,1,,88,55.7,3,0,3,230,31,14,1,29,2441,1,15,0,1,0,1,0.0,0,0,0,1,365,0,0,6.97,0,1,0,0,0,0,0,0,488.2,0.0,0,20,13,14,11,14,66.67,0,43,26,60.47,13,74,21,22,141,55.29,108,500,341,841,216.2,33,2,1493,33,12,0,Gabriele Bracaglia,Frosinone,1394498,2801
6,5,17.86,94,7,38.89,168,105,273,85.58,11,55.0,9,15,1,0,0,0,32,1,0,2,3,15,14,0,0,5,4,27,0,0,1.44,0.41,1,0,11.11,0,1,2,9,9,0,1,0,,34,65.38,0,0,1,46,3,12,0,11,907,2,4,0,0,0,0,0.0,0,0,0,0,101,2,0,6.97,0,1,0,0,0,0,0,0,907.0,0.0,0,4,5,6,1,9,52.94,0,8,3,37.5,12,15,17,28,45,62.5,18,197,122,319,97.6,9,1,514,19,0,0,Bjarki Bjarkason,Venezia,933207,2688
41,14,37.84,233,62,43.97,430,379,809,77.34,59,59.6,40,31,2,0,0,0,118,3,1,8,7,92,31,0,0,15,13,106,0,0,2.36,2.18,26,0,3.85,0,1,3,23,20,3,1,0,,68,50.75,0,0,0,237,27,15,1,26,2344,1,19,0,0,0,0,0.0,0,0,0,0,371,6,0,6.97,0,0,0,0,0,0,0,0,2344.0,0.0,0,16,10,14,4,12,46.15,0,45,30,66.67,15,88,26,37,127,54.51,141,605,441,1046,216.1,26,2,1602,11,3,0,Hamza El Kaouakibi,Südtirol,929758,2760
11,4,14.29,115,11,40.74,199,161,360,82.57,13,48.15,14,13,2,0,0,0,69,1,0,1,3,24,13,0,0,7,1,40,0,0,0.72,0.34,10,0,50.0,0,1,3,13,10,3,0,1,,34,56.67,0,0,0,76,7,11,1,11,942,1,0,0,0,0,0,0.0,0,0,0,0,143,6,0,6.97,0,0,0,0,0,0,0,0,942.0,0.0,0,1,1,0,1,5,38.46,0,18,12,66.67,11,22,13,28,47,54.02,27,250,186,436,90.6,2,1,672,11,1,0,Fahem Benaissa-Yahia,Mantova,1529932,2770
30,0,0.0,27,127,34.7,87,145,232,48.64,3,100.0,0,15,0,0,0,0,135,0,0,0,5,17,15,1,0,0,0,0,3,4,0.03,,0,0,0.0,123,0,0,22,16,6,0,0,-2.45,4,100.0,0,26,0,245,0,0,0,15,1350,0,0,0,0,0,0,0.0,0,0,0,0,250,0,4,6.97,0,0,10,29,26,55,1,9,0.0,0.0,0,0,0,0,0,0,0.0,9,0,0,0.0,0,57,0,0,7,100.0,366,284,193,477,104.5,0,1,637,6,2,0,Alessandro Micai,Reggiana,267703,24516
42,19,16.24,192,41,43.16,340,339,679,78.41,34,55.74,27,29,1,0,0,0,93,5,3,6,3,69,29,0,0,17,20,105,0,0,3.63,2.54,28,0,14.81,0,4,5,29,19,10,3,1,,65,45.45,2,0,1,187,22,22,2,25,2079,5,7,0,0,0,0,0.0,0,0,0,1,370,7,0,6.97,0,0,0,0,0,0,0,0,519.75,0.0,0,15,12,13,8,21,60.0,0,30,12,40.0,22,75,35,117,99,48.53,95,454,412,866,202.0,27,3,1485,14,8,0,Gianluca Frabotta,Cesena,867734,2742
19,0,0.0,145,12,44.44,234,134,368,65.95,78,41.71,109,38,7,0,0,0,43,4,9,20,10,34,38,0,0,23,6,178,0,0,2.83,17.86,38,0,24.24,0,24,31,32,27,5,24,0,,32,31.68,5,0,6,190,2,35,2,37,3285,10,8,0,0,6,0,100.0,0,6,0,0,302,13,0,6.96,0,17,0,0,0,0,0,0,136.88,0.0,0,87,12,43,36,8,44.44,0,10,8,80.0,35,49,18,5,110,38.19,27,403,155,558,264.6,99,4,925,14,0,0,Joel Pohjanpalo,Palermo,137155,2715
13,2,28.57,80,9,75.0,141,75,216,75.0,37,39.78,56,29,6,0,0,0,42,5,9,20,2,8,28,0,0,60,8,182,0,0,1.9,10.77,48,0,16.67,0,12,18,25,24,1,11,1,,105,45.45,1,0,1,72,0,20,3,19,1857,7,4,0,0,2,0,100.0,0,2,0,1,244,11,0,6.96,0,8,0,0,0,0,0,0,154.75,0.0,0,62,10,23,29,5,22.73,0,18,12,66.67,20,22,22,7,142,43.83,12,203,85,288,194.9,72,5,721,82,5,0,Filippo Pittarello,Catanzaro,915098,2796
36,0,0.0,30,149,32.96,95,626,721,69.66,7,87.5,1,33,0,0,0,0,252,0,0,0,10,56,33,1,0,0,0,1,4,2,0.04,,1,0,0.0,174,0,0,38,36,2,0,0,0.35,4,100.0,0,43,0,314,0,0,0,33,2921,0,0,0,0,0,1,0.0,7,0,1,0,327,0,21,6.96,0,0,13,47,33,81,0,19,0.0,0.0,0,0,0,0,0,0,0.0,11,0,0,0.0,0,69,0,0,11,91.67,452,351,684,1035,229.7,0,0,1358,4,3,0,Alessandro Confente,Juve Stabia,820159,5324
11,15,17.65,224,15,27.78,402,346,748,83.95,16,30.19,37,36,3,0,0,0,138,4,2,11,8,61,36,0,0,18,26,161,0,1,3.45,3.24,41,0,6.25,0,2,5,43,38,5,2,0,,206,62.42,0,0,1,143,22,28,0,35,3053,8,6,0,0,0,1,0.0,0,0,0,2,339,13,0,6.96,0,2,0,0,0,0,0,0,1526.5,0.0,0,24,8,10,11,48,53.93,0,94,62,65.96,28,23,89,85,222,57.96,54,491,400,891,250.5,32,1,1625,64,4,0,Costantino Favasuli,Catanzaro,1100544,2796
48,26,31.33,199,41,41.0,383,389,772,79.75,31,62.0,19,36,2,0,0,0,121,6,5,5,7,60,36,0,0,14,40,140,0,2,3.26,3.95,48,0,30.0,0,6,8,39,36,3,6,0,,103,45.98,1,0,0,196,18,32,1,33,2878,5,4,0,0,0,0,0.0,0,0,0,0,417,8,0,6.96,0,3,0,0,0,0,0,0,479.67,0.0,0,19,1,3,12,16,42.11,0,56,42,75.0,32,84,38,83,134,48.91,100,511,457,968,250.4,20,2,1702,32,2,0,Lorenzo Carissoni,Juve Stabia,844081,5324
28,1,8.33,115,56,35.67,321,686,1007,80.56,145,69.38,64,29,2,0,0,0,93,1,2,5,6,177,29,0,0,9,8,126,0,3,0.83,1.36,47,0,4.76,31,1,3,35,28,7,1,0,,78,55.71,1,0,0,243,37,10,0,28,2468,1,22,1,0,0,1,0.0,0,0,0,0,284,3,0,6.96,0,0,0,0,0,0,0,0,2468.0,0.0,0,14,7,9,7,2,40.0,0,30,16,53.33,10,56,5,12,223,63.9,157,501,749,1250,201.7,21,1,1706,48,3,0,Oliver Abildgaard,Sampdoria,798664,2711
11,0,0.0,33,17,42.5,110,200,310,85.87,36,64.29,20,11,0,0,0,0,31,0,2,1,1,45,11,0,1,5,3,51,0,0,0.14,0.47,18,0,12.5,4,1,1,8,7,1,1,0,,41,56.94,1,0,0,51,12,0,0,9,778,0,9,0,0,0,0,0.0,0,0,0,0,79,0,0,6.95,1,0,0,0,0,0,0,0,778.0,0.0,0,8,0,5,2,7,58.33,0,17,13,76.47,0,26,12,1,77,60.16,40,140,221,361,76.5,8,0,563,17,3,0,Matteo Palma,Sampdoria,1495719,2711
58,2,9.52,197,50,48.08,406,309,715,80.79,7,36.84,12,17,2,0,0,0,107,2,1,2,2,16,17,0,0,7,25,82,1,2,1.47,0.54,27,0,7.69,1,1,3,20,18,2,1,0,,55,44.0,0,0,2,170,24,24,0,15,1346,0,4,0,0,0,0,0.0,0,0,0,0,225,8,0,6.95,0,1,0,0,0,0,0,0,1346.0,0.0,2,4,9,8,3,13,54.17,0,28,18,64.29,24,121,24,21,62,43.06,104,530,355,885,118.2,13,0,1121,15,3,0,Gastón Brugman,Pescara,147269,7935
4,1,8.33,54,5,62.5,85,59,144,76.6,6,54.55,5,8,0,0,0,0,16,1,0,4,0,12,8,0,0,5,3,20,0,0,0.49,0.78,2,0,0.0,0,0,0,4,3,1,0,0,,21,58.33,0,0,0,44,1,7,0,6,456,0,1,0,0,0,0,0.0,0,0,0,0,74,2,0,6.95,0,0,0,0,0,0,0,0,0.0,0.0,3,5,9,4,6,6,54.55,0,5,3,60.0,7,11,11,12,27,57.45,8,120,68,188,55.6,14,0,285,10,1,0,Francesco Galuppini,Mantova,229252,2770
3,0,0.0,25,4,44.44,47,39,86,90.53,5,71.43,2,5,0,0,0,0,12,0,0,0,0,6,4,0,0,2,0,5,0,0,0.18,0.23,1,0,0.0,0,0,0,1,1,0,0,0,,9,75.0,0,0,0,9,2,3,0,1,163,0,0,0,0,0,0,0.0,0,0,0,0,12,0,0,6.95,0,0,0,0,0,0,0,0,0.0,0.0,0,1,0,1,0,0,0.0,0,7,4,57.14,3,6,0,0,14,73.68,9,52,43,95,27.8,1,0,128,2,0,0,Franck Ahmed Sidibé,Venezia,1920327,2688
8,0,0.0,17,67,30.88,51,177,228,60.0,6,100.0,0,13,0,0,0,0,79,0,0,0,5,20,13,0,0,0,0,0,1,0,0.02,0.07,0,0,100.0,82,1,1,16,12,4,1,0,-2.16,1,100.0,1,9,0,152,0,1,0,13,1170,0,0,0,0,0,0,0.0,1,0,0,0,157,0,10,6.95,0,0,3,13,18,32,0,5,1170.0,0.0,0,1,0,0,1,0,0.0,3,0,0,0.0,1,21,0,0,7,100.0,217,173,207,380,90.3,1,1,481,3,1,0,Antony Iannarilli,US Avellino 1912,102077,2730
31,22,19.82,246,28,37.33,410,322,732,80.97,24,42.11,33,33,7,0,0,0,110,13,2,15,6,76,33,0,0,26,23,162,0,0,5.67,1.81,36,0,3.85,0,1,8,44,39,5,1,0,,114,46.91,0,0,0,172,30,39,0,29,2618,2,8,0,0,0,1,0.0,0,0,0,0,443,7,0,6.95,0,1,0,0,0,0,0,0,2618.0,0.0,0,12,14,7,4,47,49.47,0,40,26,65.0,39,49,95,111,138,46.0,75,532,372,904,229.2,26,2,1654,27,5,0,Mehdi Dorval,Bari,1391304,2712
30,5,20.0,107,52,77.61,242,208,450,87.55,5,38.46,8,10,1,0,0,0,54,2,0,4,0,14,10,0,0,4,9,34,0,0,0.58,0.15,11,0,0.0,0,0,1,13,12,1,0,0,,22,45.83,0,0,0,64,4,9,0,8,686,0,1,0,0,0,1,0.0,0,0,0,0,99,6,0,6.94,0,0,0,0,0,0,0,0,0.0,0.0,1,1,6,3,0,5,71.43,0,13,6,46.15,9,50,7,25,27,44.26,67,291,223,514,69.4,7,0,620,4,3,0,Ahmad Benali,Virtus Entella,187841,43680
17,3,11.54,169,13,27.08,266,207,473,73.22,53,42.06,73,36,1,0,0,0,121,4,8,15,4,62,36,0,0,37,14,239,0,0,2.31,8.5,56,0,11.29,0,7,8,54,41,13,7,0,,189,53.24,0,0,3,173,18,23,0,35,3074,23,9,0,0,0,0,0.0,0,0,0,0,384,12,0,6.94,0,7,0,0,0,0,0,0,439.14,0.0,9,43,19,24,23,33,33.67,0,82,50,60.98,23,38,98,26,242,50.31,48,399,247,646,249.8,62,3,1385,75,7,0,Manolo Portanova,Reggiana,876236,24516
37,31,26.96,234,60,46.51,388,339,727,76.53,39,54.17,33,31,2,0,0,0,107,5,4,5,4,54,31,0,0,26,19,132,0,0,2.79,2.63,24,0,9.09,0,2,4,39,30,9,1,1,,96,49.23,0,0,2,223,25,22,0,27,2409,3,13,0,0,0,0,0.0,0,0,0,0,429,8,0,6.94,0,2,0,0,0,0,0,0,1204.5,0.0,1,13,9,8,9,21,41.18,0,49,30,61.22,22,88,51,115,135,50.56,129,519,431,950,215.1,22,1,1673,31,6,0,Filippo Missori,US Avellino 1912,1121184,2730
17,1,16.67,100,42,41.18,303,571,874,83.56,113,67.66,54,35,1,0,0,0,140,2,6,5,8,159,34,0,1,12,18,129,0,3,1.21,2.69,33,0,4.17,13,1,2,31,27,4,1,0,,85,53.13,1,0,1,172,34,8,0,31,2801,2,21,0,0,0,0,0.0,0,0,0,0,291,2,0,6.94,1,0,0,0,0,0,0,0,2801.0,0.0,0,24,0,15,4,14,45.16,0,52,38,73.08,8,35,31,6,198,60.55,102,414,632,1046,235.8,24,0,1609,20,4,0,Gabriele Calvani,Frosinone,1425050,2801
19,8,34.78,241,33,71.74,377,131,508,81.41,8,28.57,20,28,3,0,0,0,61,2,2,14,2,13,27,0,0,36,6,112,0,0,2.92,2.01,20,0,8.33,0,3,6,17,15,2,2,1,,105,53.3,0,0,2,116,6,42,3,17,1649,1,0,0,0,0,0,0.0,0,0,0,0,229,4,0,6.93,0,0,0,0,0,0,0,0,549.67,0.0,2,19,17,12,10,58,64.44,0,20,14,70.0,42,36,90,23,113,50.22,46,477,147,624,187.2,36,1,947,27,3,0,Yanis Massolin,Modena,1384651,2706
63,7,13.46,485,93,63.7,881,511,1392,85.29,5,17.24,24,38,7,0,0,0,176,6,3,11,2,22,38,0,0,27,15,113,1,1,5.44,4.89,20,0,8.0,0,4,11,48,37,11,3,1,,89,50.0,0,0,2,240,28,54,1,34,2938,1,1,0,0,0,0,0.0,0,0,0,1,397,21,0,6.93,0,3,0,0,0,0,0,0,734.5,0.0,0,23,27,27,12,37,57.81,0,24,12,50.0,54,112,64,52,94,45.41,146,1060,572,1632,263.2,50,2,2056,29,4,0,Tommaso Berti,Cesena,1141951,2742
5,7,15.22,137,17,53.13,227,114,341,77.15,10,40.0,15,19,0,0,0,0,55,1,1,10,1,4,19,0,0,21,17,95,0,0,1.45,2.56,19,0,10.0,0,3,3,14,11,3,2,1,,66,45.21,0,0,0,101,8,14,0,15,1326,1,1,0,0,0,0,0.0,0,0,0,1,244,11,0,6.93,0,3,0,0,0,0,0,0,442.0,0.0,0,16,14,6,14,18,39.13,0,9,4,44.44,14,15,46,46,76,44.44,32,306,136,442,131.6,30,0,758,39,4,0,Tjaš Begić,Sampdoria,1030200,2711
78,29,26.36,399,129,54.43,792,655,1447,85.27,14,51.85,13,38,5,0,0,0,159,7,1,16,5,29,38,0,0,19,24,88,1,2,3.45,2.95,20,0,1.75,0,1,6,47,37,10,1,0,,79,51.3,0,0,1,250,22,38,0,35,3111,1,13,0,0,0,1,0.0,0,0,0,0,401,7,0,6.93,0,1,0,0,0,0,0,0,3111.0,0.0,1,16,41,20,21,14,53.85,0,30,15,50.0,38,152,26,110,93,51.38,237,991,706,1697,263.2,57,1,2152,37,4,0,Emanuele Zuelli,Carrarese,971040,2745
30,15,20.27,136,35,37.23,288,280,568,73.96,86,59.31,59,36,4,0,0,0,88,8,3,5,9,85,36,0,0,16,13,164,0,1,2.04,3.11,59,0,17.86,0,5,9,27,23,4,5,0,,104,49.76,1,0,0,200,19,23,2,35,2800,3,10,0,1,0,0,0.0,0,0,0,0,409,11,0,6.93,0,2,0,0,0,0,0,0,560.0,0.0,0,25,3,15,8,7,23.33,0,53,35,66.04,22,61,30,74,190,53.67,94,447,321,768,249.3,28,2,1425,44,6,0,Niccolò Pierozzi,Palermo,970938,2715
26,25,23.81,266,39,39.8,456,358,814,79.26,11,27.5,29,33,2,0,0,0,87,2,4,3,5,56,33,0,0,11,19,106,0,0,3.93,3.97,36,0,16.13,0,5,7,28,22,6,4,1,,91,54.17,0,0,0,213,21,30,1,29,2632,3,7,0,0,0,0,0.0,0,0,0,0,373,5,0,6.92,0,4,0,0,0,0,0,0,526.4,0.0,0,24,7,15,13,11,42.31,0,37,26,70.27,30,72,26,105,102,49.04,98,610,417,1027,228.5,31,2,1694,44,6,0,Samuele Birindelli,Monza,856729,2729
67,14,20.59,234,106,49.53,508,627,1135,81.71,48,55.17,39,33,1,0,0,0,98,2,1,7,11,104,33,0,0,2,18,101,2,2,2.65,2.12,41,0,7.41,1,2,3,30,25,5,1,1,,70,53.03,0,0,0,254,25,17,1,31,2734,1,14,0,0,0,0,0.0,0,0,0,0,380,3,0,6.92,0,1,0,0,0,0,0,0,1367.0,0.0,2,12,15,15,5,0,0.0,0,62,36,58.06,17,146,2,68,118,53.88,214,700,689,1389,228.4,27,2,1918,8,6,0,Bryant Nieling,Modena,1386776,2706
28,7,22.58,199,37,52.86,435,405,840,87.05,11,44.0,14,26,1,0,0,0,96,2,1,5,1,31,26,0,0,14,25,80,0,1,2.64,0.62,22,0,0.0,0,0,1,26,25,1,0,0,,109,62.29,0,0,0,125,22,20,0,20,1730,0,1,0,0,0,1,0.0,0,0,0,0,203,8,0,6.92,0,0,0,0,0,0,0,0,0.0,0.0,1,1,17,8,5,15,71.43,0,35,23,65.71,20,61,21,31,120,60.0,70,524,441,965,179.9,18,0,1285,60,1,0,Andrea Ghion,Empoli,928879,2705
18,4,22.22,45,19,48.72,111,84,195,78.0,12,63.16,7,12,0,0,0,0,38,1,5,4,0,15,11,0,0,2,10,34,0,1,0.66,1.38,11,0,7.69,0,1,1,12,11,1,1,0,,25,48.08,0,0,0,55,9,6,0,9,689,1,3,0,0,0,0,0.0,0,0,0,0,97,1,0,6.92,0,1,0,0,0,0,0,0,689.0,0.0,0,11,2,4,5,2,33.33,0,19,14,73.68,6,36,6,18,37,52.11,39,149,101,250,76.1,13,0,443,5,1,0,Davide Faraoni,Pescara,32040,7935
27,12,19.67,233,37,61.67,407,296,703,88.54,3,25.0,9,36,1,0,0,0,111,1,3,4,2,15,36,0,0,24,25,123,0,0,1.73,3.22,34,0,16.67,0,3,4,28,24,4,3,0,,150,56.82,0,0,0,91,14,23,0,23,2074,1,6,0,0,0,0,0.0,0,0,0,0,247,11,0,6.92,0,3,0,0,0,0,0,0,691.33,0.0,1,9,9,7,7,35,51.47,0,52,32,61.54,23,51,68,61,153,55.43,60,482,312,794,249.0,18,3,1252,63,4,0,Michele Besaggio,US Avellino 1912,1008101,2730
5,0,0.0,30,22,37.93,154,505,659,90.27,39,65.0,21,18,1,0,0,0,37,0,0,0,2,76,18,0,0,0,2,38,0,2,0.09,0.43,15,0,20.0,11,1,2,8,8,0,1,0,,22,56.41,0,0,0,71,11,1,0,8,894,0,7,0,0,0,0,0.0,0,0,0,0,82,0,0,6.92,0,1,0,0,0,0,0,0,894.0,0.0,0,4,1,2,3,2,100.0,0,13,8,61.54,1,14,2,1,61,61.62,58,202,528,730,124.5,5,0,881,7,1,0,Marco Varnier,Juve Stabia,828654,5324
24,1,7.14,65,36,41.86,184,268,452,83.39,25,49.02,26,15,0,0,0,0,40,1,1,4,2,55,15,0,0,2,10,60,0,0,0.66,0.44,20,0,0.0,1,0,0,15,12,3,0,0,,52,60.47,0,0,0,90,21,5,0,12,1221,0,13,0,0,0,0,0.0,0,0,0,0,133,0,0,6.91,0,0,0,0,0,0,0,0,0.0,0.0,0,7,2,4,1,3,60.0,0,38,21,55.26,5,53,5,14,77,56.2,86,249,293,542,103.7,9,0,820,11,2,0,Alessandro Dellavalle,Modena,1141167,2706
29,6,26.09,241,22,30.99,477,317,794,83.67,29,49.15,30,28,1,0,0,0,71,4,3,8,2,51,27,0,0,7,11,67,0,0,2.67,1.76,16,0,4.76,0,1,2,35,27,8,1,0,,71,65.74,0,0,0,155,14,31,0,20,1719,3,10,0,0,0,0,0.0,0,0,0,0,208,11,0,6.91,0,1,0,0,0,0,0,0,1719.0,0.0,0,14,7,7,6,7,53.85,0,32,21,65.63,31,55,13,23,100,59.88,71,597,352,949,186.6,21,0,1253,35,3,0,Dimitri Bisoli,Cesena,146613,2742
16,0,0.0,29,25,33.78,99,202,301,74.14,69,75.0,23,17,0,0,0,0,51,0,1,3,3,53,14,0,0,1,5,53,0,2,0.11,0.88,26,0,0.0,15,0,0,7,5,2,0,0,,20,40.0,0,0,0,105,26,0,0,8,874,0,8,0,0,0,0,0.0,0,0,0,0,120,2,0,6.91,0,0,0,0,0,0,0,0,0.0,0.0,0,10,2,7,2,1,50.0,0,12,11,91.67,0,40,2,2,89,62.68,74,182,224,406,96.7,12,0,569,7,4,0,Jacopo Gelli,Frosinone,970924,2801
21,6,23.08,227,21,42.86,396,188,584,77.25,44,38.6,70,34,4,0,0,0,119,6,6,9,8,31,33,0,0,30,14,161,0,1,2.86,6.16,38,0,19.05,0,8,12,28,23,5,7,1,,99,52.11,1,0,3,172,6,39,2,30,2578,9,4,0,0,0,0,0.0,0,0,0,0,287,10,0,6.91,0,5,0,0,0,0,0,0,322.25,0.0,0,33,9,11,22,14,50.0,0,34,20,58.82,39,39,28,26,143,47.04,49,527,229,756,227.9,42,4,1175,54,6,0,Ilias Koutsoupias,Frosinone,964810,2801
21,21,28.0,220,21,30.0,454,563,1017,88.59,51,53.68,44,33,2,0,0,0,82,4,5,5,8,101,33,0,0,13,17,109,0,1,2.65,2.69,34,0,10.34,7,3,5,36,33,3,3,0,,108,62.43,1,0,2,131,30,17,1,30,2654,4,19,0,1,0,0,0.0,0,0,0,0,257,3,0,6.91,0,1,0,0,0,0,0,0,884.67,0.0,0,22,7,13,11,3,33.33,0,57,36,63.16,16,48,9,75,159,59.33,70,533,615,1148,227.9,29,2,1795,49,7,0,Tommaso Cassandro,Catanzaro,929775,2796
40,3,12.5,104,71,34.98,289,657,946,82.33,32,55.17,26,25,0,0,0,0,71,0,0,0,4,91,25,0,1,6,15,74,0,0,0.28,0.19,30,0,0.0,52,0,0,35,26,9,0,0,,106,68.83,0,0,0,203,36,1,0,23,2000,2,17,0,0,0,2,0.0,0,0,0,0,270,3,0,6.9,1,0,0,0,0,0,0,0,0.0,0.0,0,3,3,4,2,10,90.91,0,49,29,59.18,1,93,11,24,138,65.09,203,424,725,1149,172.6,6,2,1573,48,7,0,Alessandro Fontanarosa,US Avellino 1912,1000292,2730
25,0,0.0,55,66,42.04,258,830,1088,86.42,49,51.58,46,29,0,0,0,0,82,0,2,2,5,184,29,0,0,7,3,100,0,2,0.22,2.42,45,0,40.0,13,4,4,31,25,6,4,0,,53,49.53,3,0,0,171,21,4,0,28,2384,1,33,0,0,0,0,0.0,0,0,0,1,202,1,0,6.9,0,1,0,0,0,0,0,0,596.0,0.0,0,10,0,3,5,2,66.67,0,32,19,59.38,4,65,3,3,102,50.5,157,361,898,1259,200.2,10,2,1675,21,3,0,Filippo Sgarbi,Padova,826693,2741
30,17,30.91,315,28,43.75,577,277,854,83.32,30,45.45,36,34,4,0,0,0,145,4,1,10,7,63,34,0,0,21,21,147,0,3,2.75,1.1,48,0,4.35,0,1,5,26,24,2,0,1,,110,49.77,0,0,0,171,26,46,0,33,2763,1,8,0,0,0,0,0.0,0,0,0,0,329,4,0,6.9,1,1,0,0,0,0,0,0,2763.0,0.0,0,9,14,10,3,34,60.71,0,57,40,70.18,46,64,56,55,140,48.78,64,703,322,1025,234.7,23,2,1682,20,7,1,Anthony Oyono,Frosinone,1106257,2801
22,6,28.57,474,30,73.17,839,398,1237,89.57,42,45.65,50,37,5,0,0,0,140,5,10,21,10,29,37,0,0,48,20,222,0,2,3.52,8.89,60,0,11.43,0,8,13,27,22,5,7,1,,117,40.48,0,0,3,144,17,54,3,36,3120,6,5,0,1,0,0,0.0,0,0,0,1,358,25,0,6.9,0,5,0,0,0,0,0,0,390.0,0.0,0,50,20,22,27,39,43.33,0,33,19,57.58,53,37,90,21,159,41.73,41,933,448,1381,255.4,70,2,1993,45,6,0,Issa Doumbia,Venezia,1141754,2688
23,3,15.0,165,24,61.54,255,151,406,78.38,20,39.22,31,25,2,0,0,0,55,2,2,8,1,19,25,0,0,46,13,174,0,0,2.98,3.26,48,0,8.33,0,3,5,23,17,6,3,0,,109,43.25,1,0,1,112,6,20,1,19,1543,2,6,0,1,1,1,100.0,0,1,0,1,289,8,0,6.9,0,1,0,0,0,0,0,0,514.33,0.0,0,19,17,16,12,41,49.4,0,28,18,64.29,19,43,83,20,129,42.57,39,350,168,518,172.5,36,0,948,42,6,0,Natan Girma,Reggiana,1513570,24516
3,6,21.43,57,6,54.55,90,22,112,74.67,16,72.73,6,14,0,0,0,0,20,4,2,1,0,1,13,0,0,6,2,38,0,0,1.99,1.23,14,0,9.52,0,2,2,11,9,2,1,1,,31,49.21,1,0,1,38,0,17,0,8,671,1,0,0,0,0,0,0.0,0,0,0,0,95,5,0,6.9,1,1,0,0,0,0,0,0,335.5,0.0,3,8,13,13,7,10,45.45,0,2,2,100.0,17,10,22,28,47,55.29,11,126,24,150,89.7,21,1,290,19,1,1,Giuseppe Ambrosino,Modena,1163083,2706
12,0,0.0,38,16,28.57,138,418,556,89.39,45,75.0,15,18,1,0,0,0,38,1,1,2,4,72,15,0,0,0,3,40,0,0,0.31,1.12,21,0,25.0,35,1,2,14,12,2,1,0,,28,52.83,1,0,0,66,11,1,0,11,1052,0,5,0,0,0,0,0.0,0,0,0,0,78,0,0,6.9,0,0,0,0,0,0,0,0,1052.0,0.0,0,3,1,0,2,2,50.0,0,21,12,57.14,1,35,4,1,73,64.6,56,188,434,622,103.5,4,0,781,5,1,0,Seid Korać,Venezia,985900,2688
80,9,16.07,227,128,47.23,654,1187,1841,85.31,78,52.35,71,35,2,0,0,0,156,4,1,9,8,120,35,0,0,7,14,129,1,2,1.86,1.29,34,0,0.0,12,0,2,54,48,6,0,0,,118,67.05,0,0,2,317,34,26,0,35,3099,2,30,2,0,0,1,0.0,0,0,0,0,435,5,0,6.9,0,0,0,0,0,0,0,0,0.0,0.0,9,12,19,14,8,10,66.67,0,75,48,64.0,26,177,15,56,196,60.31,271,870,1288,2158,241.5,31,2,2747,33,6,0,Alessio Castellini,Mantova,1480702,2770
16,11,39.29,52,13,40.63,103,85,188,77.69,10,83.33,2,13,1,0,0,0,12,2,0,1,0,20,13,0,0,0,8,18,0,0,1.21,0.09,7,0,0.0,0,0,1,8,7,1,0,0,,27,62.79,0,0,0,54,3,9,0,6,520,2,1,0,0,0,0,0.0,0,0,0,0,86,1,0,6.9,0,0,0,0,0,0,0,0,0.0,0.0,0,1,2,2,0,0,0.0,0,16,8,50.0,9,33,1,28,37,67.27,32,146,96,242,89.7,3,1,375,11,1,0,Gianluca Di Chiara,Catanzaro,139094,2796
0,0,0.0,0,0,0.0,0,0,0,0.0,1,100.0,0,1,0,0,0,0,0,0,0,0,0,2,1,0,0,0,0,0,0,0,,,0,0,0.0,0,0,0,0,0,0,0,0,,1,100.0,0,0,0,0,0,0,0,0,9,0,0,0,0,0,0,0.0,0,0,0,0,0,0,0,6.9,0,0,0,0,0,0,0,0,0.0,0.0,0,0,0,0,0,0,0.0,0,0,0,0.0,0,0,0,0,2,100.0,0,0,0,0,6.9,0,0,3,1,0,0,Indrit Mavraj,Bari,1501393,2712
0,0,0.0,1,2,100.0,3,2,5,100.0,0,0.0,0,1,0,0,0,0,0,0,0,0,0,0,1,0,0,0,0,0,0,0,0.0,,0,0,0.0,0,0,0,0,0,0,0,0,,1,100.0,0,0,0,0,0,0,0,0,16,0,0,0,0,0,0,0.0,0,0,0,0,1,0,0,6.9,0,0,0,0,0,0,0,0,0.0,0.0,0,0,0,0,0,0,0.0,0,0,0,0.0,0,0,0,0,1,100.0,2,3,2,5,6.9,0,0,8,1,0,0,Alessandro Boi,Padova,1943430,2741
37,45,24.19,228,35,41.18,402,312,714,79.16,29,50.0,29,37,1,0,0,0,121,9,2,9,7,60,37,0,0,14,26,119,0,0,4.31,2.42,18,0,3.13,0,1,2,40,33,7,1,0,,120,57.14,0,0,0,188,19,54,1,26,2469,1,4,0,1,1,0,100.0,0,1,0,0,468,5,0,6.9,0,0,0,0,0,0,0,0,2469.0,0.0,2,13,19,19,4,28,45.16,0,44,26,59.09,53,80,62,186,149,55.6,85,527,375,902,255.2,32,2,1657,49,1,0,Manuel Cicconi,Sampdoria,806058,2711
48,7,25.0,110,53,56.38,253,230,483,82.99,9,40.91,13,21,1,0,0,0,61,0,0,5,2,17,21,0,0,7,10,45,0,1,1.0,0.57,15,0,8.33,0,1,2,14,11,3,1,0,,47,59.49,0,0,0,99,10,9,0,9,998,2,2,0,0,0,0,0.0,0,0,0,0,137,1,0,6.9,0,1,0,0,0,0,0,0,998.0,0.0,1,1,11,5,2,5,83.33,0,22,16,72.73,9,86,6,28,56,55.45,94,324,258,582,144.8,12,1,745,21,3,0,Matteo Ricci,Sampdoria,225132,2711
31,37,22.98,329,39,51.32,506,378,884,81.85,2,15.38,11,37,3,0,0,0,125,8,7,8,2,18,37,0,0,26,10,92,0,1,5.86,2.95,9,0,15.63,0,5,8,46,34,12,4,1,,64,44.14,0,0,2,196,13,46,1,34,2819,2,5,0,2,0,0,0.0,0,0,0,0,444,14,0,6.89,0,4,0,0,0,0,0,0,563.8,0.0,0,21,11,9,15,29,44.62,0,22,11,50.0,44,54,65,161,66,41.77,76,630,450,1080,255.1,32,3,1591,14,3,0,Riccardo Ciervo,Cesena,1019953,2742
55,11,28.95,200,58,38.93,467,682,1149,83.56,78,63.93,44,30,2,0,0,0,84,1,5,4,9,117,29,0,0,7,19,126,1,3,1.57,2.35,49,0,4.0,17,1,3,19,17,2,1,0,,81,49.69,1,0,0,226,31,21,0,24,2206,1,20,0,0,0,1,0.0,0,0,0,0,291,3,0,6.89,1,0,0,0,0,0,0,0,2206.0,0.0,0,20,5,14,7,6,42.86,0,63,39,61.9,21,116,14,38,159,55.79,149,631,744,1375,199.9,25,1,1796,12,1,1,Andrea Carboni,Monza,970978,2729
9,21,26.25,155,11,34.38,233,121,354,80.09,6,30.0,14,30,1,0,0,0,52,3,1,13,0,19,30,0,0,24,9,86,0,2,3.0,4.17,15,1,12.28,0,7,8,28,25,3,3,4,,65,47.45,0,0,0,88,5,21,6,14,1381,1,2,0,0,1,0,100.0,0,1,0,0,242,13,0,6.89,0,1,0,0,0,0,0,0,197.29,16.67,6,19,38,22,22,22,46.81,0,21,7,33.33,21,29,47,80,71,45.22,32,303,139,442,206.7,57,1,829,22,1,0,Tommaso Marras,Mantova,1146750,2770
35,16,29.63,232,54,55.1,461,335,796,85.32,21,48.84,22,32,1,0,0,0,93,4,1,5,2,49,32,0,0,13,20,90,0,1,2.91,1.45,32,0,6.67,0,1,2,32,30,2,0,1,,87,56.13,0,0,0,137,28,25,0,27,2185,0,8,0,0,0,1,0.0,0,0,0,0,225,8,0,6.89,0,1,0,0,0,0,0,0,2185.0,0.0,0,6,9,5,5,9,52.94,0,45,22,48.89,25,69,17,54,108,54.55,98,559,374,933,220.4,15,1,1294,36,9,0,Gerard Yepes,Empoli,1067220,2705
16,0,0.0,9,101,42.26,55,238,293,66.74,5,83.33,1,16,0,0,0,0,113,0,0,0,2,8,16,0,0,0,0,1,0,0,0.03,,0,0,0.0,97,0,0,25,22,3,0,0,-3.04,2,100.0,0,9,0,146,0,0,0,15,1395,0,0,0,0,0,0,0.0,3,0,0,0,149,0,5,6.89,0,0,6,28,16,44,0,8,0.0,0.0,0,0,0,0,0,0,0.0,6,0,0,0.0,0,37,0,0,7,87.5,239,160,279,439,110.2,0,0,577,4,0,0,Boris Radunović,Spezia,795926,2735
21,18,40.91,151,36,43.37,325,231,556,78.87,16,45.71,19,19,1,0,0,0,78,4,0,10,1,33,19,0,0,11,17,78,1,3,2.1,0.81,26,0,0.0,0,0,1,28,23,5,0,0,,53,47.32,0,0,0,149,17,26,0,15,1429,0,5,0,1,0,0,0.0,0,0,0,0,218,8,0,6.88,0,0,0,0,0,0,0,0,0.0,0.0,0,2,23,10,5,12,63.16,0,31,15,48.39,25,60,19,44,69,46.94,83,438,267,705,130.8,25,0,985,10,4,0,Alessandro Romano,Spezia,1417034,2735
28,1,11.11,225,31,33.33,530,602,1132,87.48,39,57.35,29,25,2,0,0,0,64,2,0,1,6,84,25,0,0,4,5,63,0,1,0.84,0.42,22,0,0.0,3,0,2,16,15,1,0,0,,60,63.83,0,0,1,162,13,11,0,22,1935,1,7,0,1,0,0,0.0,0,0,0,0,223,3,0,6.88,0,0,0,0,0,0,0,0,0.0,0.0,0,4,6,6,3,9,64.29,0,25,14,56.0,10,68,14,9,99,61.11,93,651,643,1294,172.1,10,0,1654,26,3,0,Marin Šverko,Venezia,822485,2688
7,2,16.67,82,9,52.94,138,50,188,68.12,69,69.0,31,23,0,0,0,0,36,2,3,6,1,17,23,0,0,17,4,83,0,0,0.71,1.96,25,0,7.69,0,2,2,11,8,3,2,0,,67,56.3,1,0,0,88,13,12,0,11,1018,0,4,0,0,0,0,0.0,0,0,0,2,153,5,0,6.88,0,1,0,0,0,0,0,0,509.0,0.0,0,25,1,9,11,4,33.33,0,26,13,50.0,12,13,12,12,136,62.1,17,210,66,276,158.3,26,0,494,37,2,0,Alessandro Sersanti,Modena,964713,2706
13,0,0.0,15,41,56.16,90,365,455,90.1,23,54.76,19,16,0,0,0,0,26,0,0,0,1,57,16,0,0,2,5,34,0,0,0.06,0.34,10,0,33.33,35,1,1,24,19,5,1,0,,18,54.55,1,0,0,50,14,3,0,15,1122,0,18,0,0,0,1,0.0,0,0,0,0,56,0,0,6.88,0,0,0,0,0,0,0,0,1122.0,0.0,0,3,0,1,2,0,0.0,0,13,10,76.92,3,22,0,0,41,54.67,73,123,382,505,110.1,3,0,645,6,2,0,Francesco Vicari,Reggiana,328103,24516
11,0,0.0,81,33,38.82,338,1304,1642,91.32,135,65.85,70,36,0,0,0,0,77,0,3,0,7,193,36,0,0,3,6,122,1,3,1.33,2.54,53,0,17.65,42,3,3,46,42,4,3,0,,66,55.93,2,0,1,156,38,5,0,36,3051,1,35,0,0,0,3,0.0,0,0,0,0,173,3,0,6.88,0,1,0,0,0,0,0,0,1017.0,0.0,0,17,0,11,6,4,100.0,0,39,24,61.54,5,35,4,1,201,62.23,85,441,1357,1798,247.7,17,3,2251,26,8,0,Matias Antonini,Catanzaro,862238,2796
50,5,17.24,206,59,51.75,406,273,679,76.38,34,41.46,48,36,4,0,0,0,124,6,0,11,5,54,36,0,0,26,15,121,1,0,2.19,2.09,26,0,5.41,0,2,6,32,26,6,1,1,,118,61.78,1,0,0,210,24,26,1,27,2476,3,7,0,0,0,0,0.0,0,0,0,0,329,15,0,6.88,0,0,0,0,0,0,0,0,1238.0,0.0,1,22,15,16,10,13,61.9,0,43,28,65.12,26,95,21,29,152,55.68,114,555,334,889,247.7,37,1,1347,63,4,0,Kevin Varas,Padova,994340,2741
12,1,12.5,42,25,32.47,166,519,685,88.05,24,61.54,15,15,1,0,0,0,30,0,0,3,1,76,15,0,0,0,1,21,0,0,0.15,0.17,5,0,0.0,6,0,1,14,12,2,0,0,,23,79.31,0,0,0,93,19,1,0,11,1060,0,3,0,0,0,0,0.0,0,0,0,0,124,2,0,6.88,0,0,0,0,0,0,0,0,0.0,0.0,0,3,1,0,1,1,50.0,0,20,15,75.0,1,35,2,8,47,69.12,77,234,544,778,103.2,4,0,976,2,1,0,Christian Dalle Mura,Juve Stabia,965003,5324
20,6,40.0,130,38,51.35,304,358,662,87.34,36,61.02,23,19,2,0,0,0,55,3,0,2,3,56,19,0,0,4,5,50,0,0,1.58,0.24,15,0,0.0,4,0,2,14,10,4,0,0,,30,52.63,0,0,0,96,18,8,0,15,1261,0,5,0,0,0,0,0.0,0,0,0,0,135,2,0,6.88,0,0,0,0,0,0,0,0,0.0,0.0,0,3,3,3,1,5,50.0,0,15,8,53.33,8,42,10,15,66,56.9,74,367,391,758,130.7,6,0,986,10,2,0,Bartol Franjić,Venezia,880742,2688
32,36,35.64,155,40,67.8,232,90,322,77.22,31,41.33,44,27,4,0,0,0,89,7,2,7,0,9,27,0,1,31,12,155,0,0,3.51,2.2,45,0,8.0,0,2,6,23,17,6,1,1,,107,49.08,1,0,0,95,4,43,0,20,1619,13,2,0,0,0,0,0.0,0,0,0,1,289,13,0,6.88,2,1,0,0,0,0,0,0,809.5,0.0,2,15,10,9,9,23,43.4,0,23,15,65.22,43,47,53,101,138,47.1,59,309,108,417,185.7,25,2,871,65,2,1,Bernat Guiu,Virtus Entella,986244,43680
17,8,22.86,103,12,48.0,178,74,252,81.55,1,14.29,6,9,0,0,0,0,19,0,1,9,0,2,9,0,0,8,6,28,0,0,0.85,1.05,3,0,0.0,0,0,0,9,6,3,0,0,,31,58.49,0,0,0,57,5,7,0,6,565,1,0,0,1,0,0,0.0,0,0,0,0,111,3,0,6.88,0,0,0,0,0,0,0,0,0.0,0.0,0,6,19,9,7,13,72.22,0,1,1,100.0,6,38,18,35,32,53.33,25,222,87,309,61.9,25,1,448,17,1,0,Papu Gómez,Padova,33381,2741
24,0,0.0,48,41,47.67,105,229,334,78.4,44,74.58,15,24,0,0,0,0,58,0,1,2,4,103,24,0,0,4,0,32,1,3,0.36,0.73,15,0,0.0,0,0,0,16,14,2,0,0,,42,71.19,0,0,0,92,23,1,0,11,1306,0,13,0,0,0,0,0.0,0,0,0,0,115,0,0,6.88,0,0,0,0,0,0,0,0,0.0,0.0,0,5,7,7,3,5,100.0,0,17,10,58.82,1,50,5,3,86,72.88,86,172,254,426,165.0,12,0,666,23,4,0,Giangiacomo Magnani,Palermo,812829,2715
6,0,0.0,93,4,50.0,154,71,225,68.81,75,48.39,80,31,1,0,0,0,36,1,7,12,3,20,31,0,0,32,9,167,0,0,0.78,8.21,25,0,21.67,0,13,14,30,26,4,12,1,,72,45.28,4,0,3,102,1,12,1,20,1968,9,3,0,0,0,0,0.0,0,0,0,0,217,4,0,6.87,0,8,0,0,0,0,0,0,151.38,0.0,0,52,8,20,28,10,30.3,0,9,6,66.67,12,14,33,3,147,46.82,8,247,80,327,213.1,60,2,668,57,3,0,Gabriele Artistico,Spezia,1009516,2735
6,0,0.0,47,28,44.44,112,231,343,77.78,70,66.04,36,25,0,0,0,0,65,0,2,1,3,123,25,0,0,5,9,90,0,2,0.44,1.05,36,0,0.0,7,0,0,14,11,3,0,0,,81,60.0,0,0,0,98,33,4,0,14,1234,0,11,1,0,0,0,0.0,0,0,0,0,132,2,0,6.87,0,0,0,0,0,0,0,0,0.0,0.0,0,8,1,5,3,11,68.75,0,53,31,58.49,4,21,16,0,151,62.66,63,185,256,441,171.8,9,0,788,17,5,0,Giorgio Cittadini,Frosinone,1001847,2801
3,0,0.0,109,6,46.15,189,68,257,73.01,40,51.95,37,33,1,0,0,2,38,2,16,9,0,17,33,0,0,25,6,121,0,0,1.4,16.2,40,0,23.61,0,17,18,19,16,3,17,0,,66,44.0,3,0,1,95,3,18,2,30,2159,11,0,0,0,7,0,71.43,0,5,0,0,212,10,0,6.87,0,12,0,0,0,0,0,0,127.0,0.0,0,61,11,23,40,13,40.63,0,4,3,75.0,18,8,32,7,106,46.7,13,261,91,352,226.6,72,1,682,49,5,0,Andrea Adorante,Venezia,928921,2688
4,4,26.67,62,9,56.25,120,110,230,83.64,8,47.06,9,15,0,0,0,0,31,0,1,2,1,17,15,0,0,7,5,51,1,1,0.25,1.02,14,0,27.27,0,3,3,20,18,2,2,1,,47,52.81,1,0,0,45,8,5,0,12,929,3,4,0,0,0,0,0.0,0,0,0,0,114,1,0,6.87,0,2,0,0,0,0,0,0,309.67,0.0,0,6,5,5,4,10,38.46,0,18,9,50.0,5,9,26,15,55,51.89,16,149,126,275,103.0,11,2,493,19,3,0,Andrea Oliveri,Pescara,1067485,7935
31,15,19.23,217,19,52.78,348,159,507,77.88,13,24.53,40,35,1,0,0,0,129,5,2,6,3,10,35,0,1,24,22,145,0,0,2.83,2.55,31,0,6.06,0,2,3,28,23,5,1,1,,159,60.23,0,0,0,144,19,26,0,25,2183,8,3,0,0,0,0,0.0,0,0,0,2,338,26,0,6.87,1,2,0,0,0,0,0,0,1091.5,0.0,0,13,20,17,10,48,59.26,0,53,28,52.83,26,53,81,78,172,54.26,36,462,189,651,240.3,33,1,1192,58,3,0,Luigi Cherubini,Sampdoria,1152834,2711
38,50,23.81,254,41,56.16,437,296,733,86.13,7,28.0,18,36,2,0,0,0,138,9,1,9,2,22,36,0,0,24,12,101,0,1,5.59,3.25,22,0,7.69,0,3,5,26,20,6,2,1,,89,51.74,0,0,2,118,10,48,0,28,2439,4,2,0,0,0,1,0.0,0,0,0,0,380,6,0,6.86,0,2,0,0,0,0,0,0,813.0,0.0,1,15,24,16,14,20,41.67,0,36,21,58.33,48,63,48,210,96,48.73,73,530,321,851,247.1,39,1,1471,34,3,0,Luca Zanimacchia,Modena,847025,2706
59,24,24.24,303,55,52.88,532,341,873,77.53,5,17.24,24,36,6,0,0,0,134,6,3,11,5,43,36,0,1,12,27,95,0,3,4.35,2.25,20,0,6.06,0,2,8,38,29,9,2,0,,96,57.49,0,0,1,253,31,42,1,31,2840,3,4,0,1,0,1,0.0,0,0,0,0,419,6,0,6.86,1,1,0,0,0,0,0,0,1420.0,0.0,0,20,13,12,10,13,52.0,0,55,28,50.91,41,107,25,99,101,51.53,104,718,408,1126,247.1,33,1,1716,28,5,0,Alessandro Capelli,Padova,1137978,2741
32,0,0.0,22,189,40.13,100,425,525,64.5,11,91.67,1,30,0,0,0,0,222,0,0,0,5,33,30,1,0,0,0,1,2,1,0.03,,0,0,0.0,221,0,0,41,35,6,0,0,-4.84,3,100.0,0,25,0,289,0,1,0,30,2650,0,0,0,0,0,0,0.0,4,0,0,0,295,0,13,6.86,0,0,11,46,28,76,0,17,0.0,0.0,0,0,0,0,0,0,0.0,11,0,0,0.0,1,51,0,0,14,93.33,471,320,494,814,205.9,0,0,1055,6,0,0,Simone Colombi,Virtus Entella,36912,43680
11,0,0.0,20,12,41.38,52,81,133,78.7,8,72.73,3,5,0,0,0,0,13,0,0,2,1,22,5,0,0,2,5,17,0,1,0.07,0.13,5,0,0.0,0,0,0,4,4,0,0,0,,15,51.72,0,0,0,36,5,1,0,5,390,0,3,0,0,0,0,0.0,0,0,0,0,51,2,0,6.86,0,0,0,0,0,0,0,0,0.0,0.0,0,3,0,0,1,0,0.0,0,10,7,70.0,1,19,2,0,23,57.5,29,79,90,169,34.3,3,0,264,6,1,0,Filippo Pellacani,Pescara,915096,7935
11,24,34.29,69,8,36.36,104,32,136,71.58,2,18.18,9,19,2,0,0,0,33,2,0,9,1,2,17,0,0,14,6,50,0,0,1.85,2.32,10,0,9.68,0,3,5,10,10,0,3,0,,37,47.44,1,0,2,54,4,23,0,11,792,0,0,0,0,1,0,100.0,0,1,0,0,153,8,0,6.86,0,2,0,0,0,0,0,0,264.0,0.0,6,13,18,12,10,15,55.56,0,13,6,46.15,23,23,27,70,39,43.82,22,152,38,190,116.6,31,1,421,9,1,0,Edoardo Saporiti,Empoli,1011758,2705
40,7,24.14,234,33,35.48,444,298,742,84.22,13,39.39,20,30,4,0,0,0,90,2,1,15,2,17,29,0,0,14,20,94,0,1,1.47,1.97,26,0,7.5,0,3,7,38,36,2,2,1,,85,53.46,0,0,1,139,12,21,2,20,1797,2,5,0,0,0,0,0.0,0,0,0,0,225,8,0,6.86,0,1,0,0,0,0,0,0,599.0,0.0,2,12,28,13,12,21,58.33,0,41,23,56.1,21,81,36,29,98,51.04,93,549,332,881,198.9,40,1,1185,25,2,0,Matteo Dagasso,Venezia,1137526,2688
8,11,27.5,168,17,48.57,291,135,426,73.58,76,63.33,44,28,1,0,0,0,60,2,5,8,1,17,27,0,1,44,16,197,0,0,2.41,3.58,51,2,11.32,0,6,7,35,31,4,1,5,,115,42.91,0,0,1,153,12,34,6,22,1891,1,9,0,0,0,1,0.0,0,0,0,1,362,8,0,6.86,1,0,0,0,0,0,0,0,315.17,33.33,6,28,25,23,22,32,39.02,0,28,14,50.0,34,29,82,40,191,49.23,35,418,161,579,185.1,53,2,1102,59,5,0,Giacomo Olzer,Pescara,1031495,7935
6,7,21.21,61,8,66.67,101,51,152,84.44,6,33.33,12,9,1,0,0,0,22,0,0,4,0,4,8,0,0,10,5,41,0,0,0.53,1.79,8,0,14.29,0,2,3,9,9,0,2,0,,30,50.85,0,0,1,28,3,11,2,7,593,2,1,0,0,0,0,0.0,0,0,0,0,100,1,0,6.85,0,0,0,0,0,0,0,0,296.5,0.0,4,8,6,5,5,8,53.33,0,7,2,28.57,11,10,15,33,36,46.75,12,124,56,180,54.8,14,0,341,15,2,0,Nicholas Pierini,Sampdoria,829581,2711
73,0,0.0,176,114,36.19,553,1570,2123,85.74,105,68.63,48,36,0,0,0,0,90,0,0,5,10,185,36,0,0,3,15,112,0,3,0.73,1.36,45,0,6.67,43,1,1,43,39,4,1,0,,59,47.97,1,0,2,353,32,5,0,35,3162,0,20,1,0,0,0,0.0,0,0,0,1,403,1,0,6.85,0,0,0,0,0,0,0,0,3162.0,0.0,0,13,2,8,2,3,42.86,0,41,26,63.41,5,161,7,7,164,59.42,315,796,1680,2476,246.6,15,2,2955,18,6,0,Andrea Giorgini,Juve Stabia,994346,5324
43,1,11.11,137,72,45.57,361,639,1000,83.89,80,66.67,40,28,1,0,0,0,61,1,2,3,5,151,28,0,0,3,7,93,0,0,0.77,1.07,41,0,0.0,9,0,1,25,22,3,0,0,,38,41.76,0,0,0,192,18,11,0,25,2220,2,6,0,0,0,0,0.0,0,0,0,0,233,0,0,6.85,0,0,0,0,0,0,0,0,0.0,0.0,0,10,3,6,4,0,0.0,0,30,20,66.67,11,100,3,9,118,55.92,158,496,696,1192,191.8,13,1,1538,8,4,0,Dennis Hadžikadunić,Sampdoria,802830,2711
15,0,0.0,23,23,58.97,85,217,302,86.29,19,63.33,11,12,0,0,0,0,35,0,0,0,0,48,12,0,0,0,3,26,1,0,0.05,0.07,8,0,0.0,13,0,0,15,11,4,0,0,,35,70.0,0,0,0,48,8,0,0,8,739,0,9,0,0,0,0,0.0,0,0,0,0,59,0,0,6.85,0,0,0,0,0,0,0,0,0.0,0.0,0,2,1,2,1,6,60.0,0,18,12,66.67,0,21,10,0,54,67.5,39,115,235,350,82.2,3,1,494,12,2,0,Alex Ferrari,Sampdoria,327429,2711
71,4,21.05,203,96,52.17,461,834,1295,88.82,56,60.87,36,28,0,0,0,0,121,0,4,2,4,104,28,0,0,3,10,75,0,0,0.99,1.0,28,0,9.09,8,1,1,37,28,9,1,0,,50,56.18,1,0,1,163,17,7,0,28,2396,0,19,0,0,0,2,0.0,0,0,0,1,203,3,0,6.85,0,0,0,0,0,0,0,0,2396.0,0.0,0,9,2,5,4,2,66.67,0,35,26,74.29,7,108,3,19,106,58.56,184,563,895,1458,191.7,11,1,1769,16,10,0,Massimiliano Mangraviti,Cesena,826841,2742
24,20,20.0,132,38,31.67,291,381,672,74.67,35,44.3,44,37,2,0,0,0,173,1,3,8,4,107,37,0,0,19,28,152,0,1,2.37,2.12,38,0,0.0,0,0,2,47,38,9,0,0,,175,61.84,0,0,1,228,46,30,0,36,3167,3,6,0,1,0,0,0.0,0,0,0,1,501,8,0,6.85,0,0,0,0,0,0,0,0,0.0,0.0,0,18,17,19,8,33,55.0,0,76,55,72.37,29,90,60,100,210,58.01,120,436,464,900,253.3,35,0,1838,71,9,0,Stefano Di Mario,Virtus Entella,1415517,43680
36,42,38.89,244,36,50.7,465,298,763,79.07,25,47.17,28,35,4,0,0,0,132,5,2,10,0,33,35,0,0,21,14,116,0,0,5.32,2.54,32,0,9.09,0,3,7,30,28,2,1,2,,62,41.33,0,0,0,202,18,38,1,26,2235,3,4,0,0,0,0,0.0,0,0,0,0,366,13,0,6.85,1,2,0,0,0,0,0,0,745.0,0.0,0,18,15,14,9,31,53.45,0,23,12,52.17,38,80,58,108,87,42.86,71,624,341,965,239.6,33,1,1398,8,1,1,Nermin Karić,Virtus Entella,855878,43680
16,5,21.74,164,20,47.62,350,282,632,82.51,40,46.51,46,37,3,0,0,0,112,1,5,6,7,18,37,0,0,18,38,166,0,0,2.82,3.43,49,0,10.53,0,4,7,23,21,2,3,1,,109,47.6,1,0,1,134,15,24,0,32,2704,1,8,0,0,0,0,0.0,0,0,0,1,232,13,0,6.84,0,3,0,0,0,0,0,0,676.0,0.0,0,31,7,18,14,13,41.94,0,60,37,61.67,24,24,31,23,149,47.3,42,445,321,766,253.2,38,2,1152,37,2,0,Jacopo Segre,Palermo,826555,2715
12,15,29.41,118,10,58.82,200,100,300,85.47,10,34.48,19,21,2,0,0,0,32,6,1,8,0,4,21,0,1,16,6,66,0,0,3.02,2.9,23,0,8.33,0,2,4,7,7,0,2,0,,57,54.81,0,0,0,51,1,26,1,11,997,0,0,0,0,0,0,0.0,0,0,0,0,130,5,0,6.84,1,1,0,0,0,0,0,0,498.5,0.0,0,15,9,7,9,12,80.0,0,5,4,80.0,26,23,15,51,67,50.38,17,243,108,351,143.7,24,0,555,40,9,0,Keita Baldé,Monza,317699,2729
25,7,38.89,88,43,48.86,273,432,705,86.29,29,52.73,26,21,0,0,0,0,40,0,1,4,4,103,21,0,0,0,7,53,0,1,0.89,0.43,20,0,0.0,10,0,0,29,26,3,0,0,,42,60.87,0,0,0,112,28,8,0,18,1664,0,16,0,0,0,0,0.0,0,0,0,0,145,2,0,6.84,0,0,0,0,0,0,0,0,0.0,0.0,1,5,4,4,1,0,0.0,0,30,23,76.67,8,54,2,18,71,57.26,88,341,476,817,143.7,9,0,1137,14,4,0,Raffaele Pucino,Bari,75806,2712
17,0,0.0,58,37,48.05,302,621,923,89.44,67,57.76,49,32,1,0,0,0,75,2,4,1,7,145,29,0,0,9,16,109,0,2,0.68,3.24,34,0,11.76,11,2,3,21,18,3,2,0,,59,49.58,1,0,0,109,19,6,1,22,2014,0,15,0,0,0,0,0.0,0,0,0,0,141,2,0,6.84,0,0,0,0,0,0,0,0,1007.0,0.0,0,17,0,12,4,1,33.33,0,43,24,55.81,6,34,3,1,126,53.62,77,377,655,1032,198.4,17,1,1376,15,3,0,Filippo Delli Carri,Monza,862475,2729
32,39,31.45,180,37,58.73,299,176,475,77.61,8,44.44,10,30,2,0,0,0,74,7,1,4,0,25,29,0,0,9,7,50,0,0,3.46,0.82,11,0,11.11,0,1,3,22,21,1,0,1,,43,51.81,0,0,0,137,9,35,0,18,1530,5,3,0,0,0,0,0.0,0,0,0,0,272,8,0,6.84,0,1,0,0,0,0,0,0,1530.0,0.0,0,7,2,3,2,6,31.58,0,12,9,75.0,35,66,19,124,51,50.5,63,392,220,612,198.4,9,0,989,25,4,0,Davide Bariti,Virtus Entella,126992,43680
14,0,0.0,56,229,35.29,185,147,332,43.97,11,100.0,0,34,0,0,0,0,254,0,0,0,7,19,34,0,0,0,1,2,2,0,0.06,,1,0,0.0,260,0,0,42,35,7,0,0,-3.16,5,71.43,0,35,0,423,0,1,0,33,2992,0,0,0,0,0,1,0.0,5,0,0,0,433,0,8,6.84,0,0,14,46,35,82,0,19,0.0,0.0,0,0,0,0,0,0,0.0,12,0,0,0.0,1,24,0,0,16,88.89,649,546,209,755,232.6,0,0,1021,5,4,0,Marius Adamonis,Südtirol,795811,2760
30,25,23.15,197,42,38.89,354,309,663,76.47,43,53.75,37,35,3,0,0,0,76,4,1,16,3,65,35,0,0,12,25,107,0,1,3.21,2.62,25,0,8.89,1,4,7,36,30,6,3,1,,75,51.72,1,0,1,204,21,27,3,25,2248,1,15,0,0,0,0,0.0,0,0,0,0,353,9,0,6.84,0,0,0,0,0,0,0,0,562.0,0.0,7,14,31,15,14,18,62.07,0,31,16,51.61,27,75,29,108,118,52.44,108,508,359,867,239.4,45,0,1352,26,4,0,Martin Palumbo,US Avellino 1912,1001033,2730
17,9,19.15,97,25,39.68,182,195,377,79.7,6,46.15,7,13,2,0,0,0,42,1,0,3,2,29,13,0,0,4,15,48,0,0,0.77,0.2,17,0,0.0,0,0,2,13,12,1,0,0,,48,53.93,0,0,0,96,13,3,0,13,1142,1,4,0,0,0,1,0.0,0,0,0,0,170,4,0,6.84,0,0,0,0,0,0,0,0,0.0,0.0,0,3,3,2,1,4,44.44,0,31,18,58.06,3,42,9,47,54,52.94,63,245,228,473,88.9,6,0,781,14,2,0,Marco Sala,US Avellino 1912,927312,2730
51,4,25.0,273,65,61.9,581,482,1063,84.9,26,53.06,23,32,3,0,0,0,99,2,0,3,3,55,32,0,0,6,17,102,1,1,1.74,0.41,50,0,0.0,0,0,3,36,33,3,0,0,,83,51.23,0,0,1,189,16,33,0,25,2168,0,5,0,0,0,1,0.0,0,0,0,0,237,9,0,6.84,0,0,0,0,0,0,0,0,0.0,0.0,0,2,9,6,2,13,59.09,0,46,30,65.22,33,90,22,16,109,51.66,105,725,527,1252,218.8,11,0,1562,26,5,0,Niccolò Squizzato,Virtus Entella,983576,43680
31,4,22.22,101,59,49.58,241,446,687,81.01,52,75.36,17,19,0,0,0,0,74,1,0,0,3,95,19,0,0,2,12,48,0,1,0.55,0.24,15,0,0.0,1,0,0,28,27,1,0,0,,53,63.1,0,0,0,161,21,4,0,19,1710,2,7,0,0,0,0,0.0,0,0,0,0,211,1,0,6.84,0,0,0,0,0,0,0,0,0.0,0.0,0,4,1,2,3,5,62.5,0,36,23,63.89,4,73,8,18,105,68.63,119,357,491,848,129.9,5,0,1147,12,2,0,Przemysław Wiśniewski,Spezia,931266,2735
8,7,21.88,85,12,46.15,138,85,223,82.29,4,19.05,17,24,0,0,0,0,37,0,1,8,0,11,22,0,0,12,10,69,0,1,0.89,2.93,19,0,20.69,0,6,6,11,11,0,6,0,,32,38.1,1,0,2,48,1,10,1,6,741,3,0,0,0,0,0,0.0,0,0,0,0,114,1,0,6.84,0,3,0,0,0,0,0,0,123.5,0.0,0,19,10,8,13,5,29.41,0,9,7,77.78,10,13,17,32,36,34.29,26,174,97,271,150.4,29,0,467,19,4,0,Antonio Fiori,Frosinone,1068696,2801
33,1,20.0,79,81,49.39,244,737,981,83.99,73,60.83,47,32,0,0,0,0,113,0,0,4,9,137,32,0,0,7,13,108,0,0,0.65,1.15,48,0,18.18,20,2,2,38,30,8,2,0,,94,60.65,1,0,0,187,32,6,0,31,2619,3,25,1,0,0,1,0.0,0,0,0,0,214,0,0,6.83,0,1,0,0,0,0,0,0,1309.5,0.0,0,10,1,3,4,9,81.82,0,32,21,65.63,6,82,11,5,167,60.73,164,363,805,1168,218.7,11,2,1568,56,15,0,Julián Illanes,Carrarese,897124,2745
52,13,20.63,331,74,43.79,685,922,1607,87.48,57,51.35,54,38,2,0,0,0,106,5,1,5,5,127,38,0,0,6,10,110,0,0,2.88,1.1,38,0,0.0,0,0,2,53,40,13,0,0,,80,58.82,0,0,1,230,30,23,0,36,3065,0,26,0,1,0,1,0.0,0,0,0,0,343,5,0,6.83,0,0,0,0,0,0,0,0,0.0,0.0,0,10,2,4,3,2,25.0,0,58,33,56.9,22,120,8,63,137,55.47,169,859,978,1837,259.7,12,1,2529,23,3,0,Andrea Ciofi,Cesena,898937,2742
2,0,0.0,2,21,27.27,11,64,75,55.56,1,100.0,0,6,0,0,0,0,42,0,0,0,1,3,6,0,0,0,0,0,0,0,0.0,,0,0,0.0,36,0,0,7,6,1,0,0,1.13,1,100.0,0,8,0,60,0,0,0,5,499,0,0,0,0,0,0,0.0,0,0,0,0,61,0,0,6.83,0,0,6,7,6,13,0,1,0.0,0.0,0,0,0,0,0,0,0.0,6,0,0,0.0,0,4,0,0,2,100.0,77,46,89,135,41.0,0,0,182,0,0,0,Pietro Boer,Juve Stabia,1008563,5324
13,1,14.29,159,19,95.0,265,187,452,75.84,77,35.16,142,32,1,0,0,0,61,5,2,5,4,26,32,0,0,28,10,213,0,0,2.22,8.4,18,0,23.81,0,10,11,33,26,7,10,0,,107,60.11,1,0,0,144,3,29,0,30,2572,10,2,0,0,4,0,100.0,0,4,0,0,263,11,0,6.83,0,9,0,0,0,0,0,0,257.2,0.0,0,38,4,13,24,15,45.45,0,9,5,55.56,29,17,33,7,184,46.35,20,378,218,596,218.6,42,2,984,85,1,0,Mattia Bortolussi,Padova,327781,2741
3,1,100.0,18,6,50.0,47,50,97,86.61,5,71.43,2,8,0,0,0,0,6,0,1,0,0,17,7,0,0,1,2,10,0,0,0.1,0.28,5,0,0.0,5,0,0,2,1,1,0,0,,17,68.0,0,0,0,15,6,1,0,2,191,0,2,0,0,0,0,0.0,0,0,0,0,19,1,0,6.83,0,0,0,0,0,0,0,0,0.0,0.0,0,1,0,0,1,2,66.67,0,11,7,63.64,1,5,3,1,22,68.75,12,57,55,112,47.8,1,0,167,4,2,0,Michael Venturi,Venezia,916355,2688
66,14,29.79,279,57,53.77,504,396,900,79.58,27,39.71,41,34,3,0,0,0,158,3,4,7,3,40,34,0,0,20,54,246,0,1,3.04,2.74,105,0,3.33,0,1,4,40,34,6,1,0,,150,42.25,0,0,2,231,25,45,1,34,2616,7,14,0,0,0,0,0.0,0,0,0,0,375,19,0,6.83,1,0,0,0,0,0,0,0,2616.0,0.0,0,17,13,13,10,19,37.25,0,110,66,60.0,45,112,51,47,177,41.84,106,672,459,1131,232.1,30,0,1710,21,12,1,Pietro Fusi,Padova,914935,2741
20,23,25.27,116,32,41.56,246,179,425,80.34,5,21.74,18,27,2,0,0,0,47,4,2,15,0,42,27,0,0,13,21,76,1,0,3.0,2.55,15,0,13.16,1,5,7,33,30,3,4,1,,72,55.38,0,0,0,104,7,30,2,19,1699,0,6,0,0,0,0,0.0,0,0,0,0,222,6,0,6.83,0,3,0,0,0,0,0,0,339.8,0.0,2,17,21,9,14,16,61.54,0,33,18,54.55,30,51,26,91,77,50.33,77,321,208,529,184.3,38,1,950,23,2,0,Tommaso Corazza,Cesena,1137366,2742
12,1,14.29,179,13,54.17,413,332,745,91.41,10,33.33,20,31,0,0,0,0,83,0,1,9,2,16,31,0,0,15,8,73,0,3,1.27,1.84,19,0,4.17,0,1,1,34,29,5,1,0,,108,67.08,0,0,0,70,11,15,1,18,1789,0,7,1,0,0,0,0.0,0,0,0,0,135,12,0,6.83,0,0,0,0,0,0,0,0,1789.0,0.0,0,11,13,11,4,20,62.5,0,26,17,65.38,15,21,32,7,118,61.78,24,457,358,815,211.6,24,0,1116,62,3,0,Fabio Rispoli,Catanzaro,1614419,2796
55,41,28.47,164,41,35.96,332,358,690,77.01,26,59.09,18,33,4,0,0,0,90,5,1,10,2,80,32,0,0,14,15,89,2,0,3.61,1.23,28,0,7.41,14,2,6,35,30,5,1,1,,63,47.01,0,0,1,206,29,34,2,23,2050,1,14,0,1,0,0,0.0,0,0,0,0,387,4,0,6.83,0,0,0,0,0,0,0,0,1025.0,0.0,3,12,15,11,6,10,40.0,0,41,19,46.34,33,120,25,144,89,50.0,114,485,411,896,218.4,27,2,1527,13,5,0,Pietro Beruatto,Spezia,851221,2735
24,32,26.67,185,18,58.06,292,106,398,83.09,9,33.33,18,32,3,0,0,0,53,11,1,13,0,15,32,0,0,19,8,87,0,0,4.46,2.34,25,0,4.76,0,2,5,21,16,5,2,0,,90,56.6,0,0,3,81,8,37,0,21,1716,3,0,0,0,0,0,0.0,0,0,0,0,261,9,0,6.83,0,2,0,0,0,0,0,0,858.0,0.0,3,17,25,19,10,10,34.48,0,17,7,41.18,37,42,29,120,99,53.23,31,362,117,479,218.4,42,0,890,64,7,0,Francesco Di Mariano,Padova,263567,2741
13,2,20.0,137,12,57.14,221,103,324,62.67,90,48.65,95,36,5,1,0,0,49,4,14,19,2,33,36,0,1,27,20,217,0,0,2.12,10.96,40,0,13.58,0,11,16,41,33,8,11,0,,97,44.29,3,0,2,193,5,32,2,34,2745,11,2,0,0,1,0,0.0,0,0,0,0,366,8,0,6.82,1,6,0,0,0,0,0,0,249.55,0.0,0,72,9,37,25,29,42.65,0,28,21,75.0,32,26,68,10,187,46.29,21,386,131,517,245.5,81,3,1014,41,7,0,Fabio Abiuso,Carrarese,1084841,2745
44,6,40.0,141,63,52.07,311,333,644,80.5,32,52.46,29,32,2,0,0,0,108,1,0,12,6,62,31,0,1,7,17,113,0,1,1.16,1.05,50,0,3.23,0,1,3,29,22,7,0,1,,95,53.07,0,0,0,156,27,15,0,23,2045,0,11,0,0,0,2,0.0,0,0,0,0,229,7,0,6.82,1,1,0,0,0,0,0,0,2045.0,0.0,0,7,24,13,6,18,56.25,0,64,30,46.88,15,81,32,15,127,52.92,121,423,377,800,211.4,31,1,1173,13,6,0,Charlys,Reggiana,1466543,24516
17,0,0.0,24,23,38.98,96,305,401,81.34,40,57.14,30,16,0,0,0,0,47,0,1,1,2,94,16,0,0,1,4,56,2,0,0.34,0.75,22,0,14.29,1,1,1,25,25,0,1,0,,48,64.86,1,0,1,92,17,3,0,16,1394,0,13,0,0,0,0,0.0,0,0,0,0,106,0,0,6.82,0,0,0,0,0,0,0,0,1394.0,0.0,0,6,1,4,2,1,50.0,0,28,21,75.0,3,33,2,1,88,61.11,59,167,326,493,109.1,7,1,722,20,3,0,Cas Odenthal,Bari,991677,2712
18,1,33.33,57,43,30.28,213,564,777,81.28,78,67.83,37,28,0,0,0,0,62,0,1,1,4,141,28,0,1,2,7,70,0,0,0.84,0.45,26,0,0.0,5,0,0,32,26,6,0,0,,83,71.55,0,0,0,179,13,6,0,23,1994,0,17,0,1,0,0,0.0,0,0,0,0,206,0,0,6.82,1,0,0,0,0,0,0,0,0.0,0.0,0,6,0,4,1,2,50.0,0,50,22,44.0,5,48,4,3,161,69.7,142,354,602,956,190.9,6,1,1308,35,5,0,Petko Hristov,Spezia,832076,2735
12,3,17.65,117,6,31.58,196,112,308,79.59,9,29.03,22,24,3,0,0,0,44,5,1,10,0,2,23,0,0,36,9,121,0,2,2.09,2.06,25,0,12.0,0,3,6,16,15,1,2,1,,82,45.3,0,0,1,79,9,20,3,15,1226,1,1,0,0,0,1,0.0,0,0,0,0,211,11,0,6.82,0,0,0,0,0,0,0,0,408.67,0.0,0,15,10,4,11,27,45.0,0,20,9,45.0,20,26,60,17,91,42.92,19,264,123,387,156.8,25,2,699,35,2,0,Mattia Liberali,Catanzaro,1475557,2796
23,9,13.43,175,28,62.22,283,133,416,78.64,20,35.09,37,36,5,0,0,0,119,7,5,25,3,18,36,0,1,55,29,229,0,0,3.51,5.26,41,0,6.76,0,5,10,20,17,3,4,1,,114,37.25,0,0,4,113,8,30,0,32,2515,15,0,0,1,0,0,0.0,0,0,0,0,413,19,0,6.82,1,5,0,0,0,0,0,0,503.0,0.0,0,54,20,29,20,45,39.13,0,38,21,55.26,29,33,115,67,134,36.91,45,376,153,529,245.4,74,3,1163,31,4,0,Giorgi Kvernadze,Frosinone,1140001,2801
35,5,13.16,141,55,41.67,331,457,788,82.0,47,51.09,45,25,1,0,0,0,58,1,0,3,6,100,25,0,0,1,17,86,1,0,0.88,0.35,23,0,14.29,1,1,2,25,20,5,1,0,,65,61.32,1,0,1,173,18,6,0,23,2004,0,8,0,0,0,1,0.0,0,0,0,0,237,2,0,6.82,0,0,0,0,0,0,0,0,2004.0,0.0,0,6,1,3,1,6,60.0,0,43,26,60.47,6,70,10,38,112,56.57,132,448,513,961,170.4,7,1,1300,17,5,0,Nicolò Calabrese,Carrarese,1425823,2745
15,28,27.18,148,21,65.63,250,127,377,84.72,8,36.36,14,26,7,0,0,0,58,6,2,12,0,4,26,0,0,26,7,97,0,0,2.99,1.84,21,0,5.41,0,2,9,13,11,2,2,0,,71,46.1,0,0,1,68,2,28,1,16,1267,5,0,0,0,0,0,0.0,0,0,0,0,247,6,0,6.82,0,1,0,0,0,0,0,0,633.5,0.0,6,12,25,15,10,22,42.31,0,9,9,100.0,28,30,52,103,79,44.89,32,302,143,445,177.2,37,1,802,40,1,0,Fabio Maistro,Juve Stabia,863903,5324
52,1,14.29,232,24,60.0,395,252,647,75.5,35,51.47,33,33,9,0,0,1,57,11,13,15,4,31,33,0,0,27,10,105,0,2,4.29,10.53,22,0,13.33,0,10,19,37,33,4,8,2,,44,37.93,3,0,1,210,6,39,0,32,2740,12,7,0,0,1,1,0.0,0,0,0,0,312,10,0,6.82,0,7,0,0,0,0,0,0,274.0,0.0,0,47,28,34,26,16,48.48,0,15,10,66.67,39,97,33,7,79,42.93,40,563,294,857,224.9,75,3,1172,15,5,0,Pietro Iemmello,Catanzaro,137665,2796
11,0,0.0,92,15,93.75,157,72,229,81.79,2,18.18,9,30,1,0,0,0,38,1,2,8,1,1,28,0,0,24,8,77,0,0,0.36,3.84,14,0,16.67,0,6,7,19,15,4,5,1,,75,52.45,0,0,1,51,2,15,0,8,1017,0,2,0,0,0,0,0.0,0,0,0,0,162,5,0,6.81,0,6,0,0,0,0,0,0,169.5,0.0,0,22,14,16,12,26,48.15,0,12,3,25.0,15,13,54,8,77,50.0,16,200,80,280,190.8,36,0,550,37,4,0,Lorenzo Meazzi,Pescara,1092022,7935
38,26,20.31,110,41,36.94,220,219,439,71.62,26,48.15,28,28,2,0,0,0,93,7,1,7,5,50,28,0,0,17,10,109,0,0,3.39,1.24,32,0,0.0,0,0,2,24,23,1,0,0,,81,50.0,0,0,0,174,15,22,0,19,1754,2,9,0,1,0,0,0.0,0,0,0,0,398,5,0,6.81,0,0,0,0,0,0,0,0,0.0,0.0,0,15,12,16,4,19,43.18,0,41,25,60.98,21,88,44,128,107,49.54,111,342,271,613,190.8,27,1,1223,21,3,0,Brando Moruzzi,Empoli,1397217,2705
23,7,24.14,155,36,45.0,395,426,821,83.43,40,51.95,37,31,2,0,0,0,75,3,1,10,3,59,30,0,0,16,18,127,0,1,1.56,1.25,50,0,0.0,0,0,2,35,31,4,0,0,,94,51.09,0,0,0,163,16,19,0,22,2071,1,15,0,0,0,1,0.0,0,0,0,0,242,6,0,6.81,0,0,0,0,0,0,0,0,0.0,0.0,0,6,14,7,3,7,41.18,0,63,34,53.97,19,55,17,29,134,51.34,80,512,472,984,204.4,20,0,1359,27,5,0,Matthias Braunöder,Bari,962282,2712
12,17,21.52,139,12,29.27,249,148,397,73.93,53,70.67,22,27,1,0,0,0,73,6,1,5,2,54,27,0,0,23,10,109,0,0,2.82,1.25,39,0,0.0,0,0,1,26,20,6,0,0,,87,50.0,0,0,0,140,13,24,0,20,1885,2,7,0,0,0,1,0.0,0,0,0,0,326,4,0,6.81,0,0,0,0,0,0,0,0,0.0,0.0,0,13,9,12,5,28,63.64,0,32,14,43.75,24,28,44,79,140,56.22,41,350,187,537,183.9,22,1,1086,27,5,0,Francesco Mezzoni,Virtus Entella,863198,43680
3,2,40.0,63,6,75.0,121,99,220,92.83,6,66.67,3,11,0,0,0,0,14,1,0,0,0,6,9,0,0,1,2,11,0,1,0.44,,5,0,0.0,0,0,0,3,3,0,0,0,,12,60.0,0,0,0,17,4,3,0,1,204,0,2,0,0,0,0,0.0,0,0,0,0,24,4,0,6.81,0,0,0,0,0,0,0,0,0.0,0.0,0,0,0,0,0,4,100.0,0,5,2,40.0,3,4,4,5,18,62.07,8,135,102,237,61.3,0,0,282,3,0,0,Emil Bohinen,Venezia,824584,2688
8,0,0.0,126,7,53.85,208,95,303,73.72,32,31.68,69,35,2,0,0,1,65,5,12,15,0,19,35,0,0,58,8,238,0,0,2.78,15.3,69,0,19.74,0,15,17,41,40,1,15,0,,107,38.77,5,0,2,108,2,25,3,32,2595,16,4,0,0,2,0,50.0,0,1,0,1,315,14,0,6.81,0,7,0,0,0,0,0,0,173.0,0.0,0,61,15,25,36,25,38.46,0,28,16,57.14,25,18,65,7,139,36.87,13,297,114,411,238.3,76,2,916,56,3,0,Stiven Shpendi,Empoli,1142825,2705
34,28,18.42,260,40,45.98,412,280,692,80.94,22,40.0,33,35,1,0,0,0,143,5,5,6,9,31,35,0,0,23,21,150,0,0,3.24,2.63,42,0,16.0,0,4,5,25,23,2,3,1,,101,46.33,0,0,1,163,10,37,1,32,2708,19,4,0,0,0,0,0.0,0,0,0,0,393,12,0,6.81,0,2,0,0,0,0,0,0,677.0,0.0,0,17,8,9,10,15,31.91,0,42,27,64.29,37,77,47,152,123,45.05,87,546,309,855,238.3,25,1,1445,44,8,0,Francesco Zampano,Modena,235656,2706
20,4,80.0,91,58,37.18,234,316,550,70.69,90,62.94,53,28,0,0,0,0,104,0,1,4,8,171,28,0,1,3,11,119,0,0,0.61,0.68,50,0,23.08,0,3,3,22,18,4,3,0,,58,46.77,2,0,0,228,40,7,0,28,2416,0,20,0,0,0,1,0.0,0,0,0,0,289,5,0,6.81,1,1,0,0,0,0,0,0,805.33,0.0,0,11,2,5,4,3,50.0,0,38,29,76.32,7,37,6,5,148,55.43,156,399,379,778,190.6,13,1,1237,17,6,0,Raphael Kofler,Südtirol,1392774,2760
21,3,37.5,211,35,47.3,431,426,857,81.54,37,53.62,32,33,2,0,0,0,162,2,2,12,9,35,33,0,0,47,11,144,1,6,1.48,3.43,31,0,9.76,0,4,6,36,33,3,4,0,,130,53.72,1,0,1,194,23,27,2,32,2782,2,5,0,0,0,1,0.0,0,0,0,0,347,20,0,6.81,0,1,0,0,0,0,0,0,695.5,0.0,0,22,19,15,14,42,64.62,0,53,36,67.92,27,55,65,8,167,53.7,74,579,472,1051,224.6,41,1,1548,36,9,0,Omar Correia,Juve Stabia,1391116,5324
14,14,36.84,138,15,45.45,237,90,327,80.74,10,40.0,15,25,1,0,0,0,45,2,1,4,2,13,24,0,0,17,1,67,0,1,1.48,2.34,25,0,4.35,0,1,2,8,6,2,1,0,,68,56.67,0,0,1,78,5,24,0,12,1107,2,0,0,0,0,0,0.0,0,0,0,1,165,5,0,6.8,0,1,0,0,0,0,0,0,1107.0,0.0,1,14,9,10,9,18,64.29,0,17,10,58.82,24,33,28,38,78,53.79,33,306,99,405,163.3,23,1,661,33,4,0,Francesco Gelli,Frosinone,595900,2801
15,12,20.34,170,11,37.93,265,130,395,78.84,6,35.29,11,24,0,0,0,0,53,6,0,6,0,8,24,0,0,32,8,100,0,0,2.99,1.08,28,0,5.56,0,1,1,17,15,2,1,0,,79,47.02,0,0,0,106,12,21,0,13,1253,0,6,0,0,0,0,0.0,0,0,0,1,264,6,0,6.8,0,1,0,0,0,0,0,0,1253.0,0.0,2,10,8,9,3,22,50.0,0,21,13,61.9,21,39,44,59,85,45.95,29,349,152,501,163.3,18,1,856,37,4,0,Gaetano Castrovilli,Cesena,587628,2742
33,2,33.33,128,41,53.25,347,317,664,83.42,36,72.0,14,25,1,0,0,0,88,0,0,1,3,33,25,0,0,6,19,60,0,1,0.53,0.16,23,0,0.0,0,0,1,11,6,5,0,0,,43,48.31,0,0,0,132,15,11,0,18,1479,0,3,0,1,0,0,0.0,0,0,0,0,155,2,0,6.8,0,0,0,0,0,0,0,0,0.0,0.0,2,0,3,1,1,2,66.67,0,25,11,44.0,10,63,3,6,79,56.83,77,435,361,796,170.1,3,0,969,16,4,0,Lorenzo Crisetig,Padova,104922,2741
7,8,21.62,102,3,25.0,183,138,321,83.81,3,12.0,22,26,4,0,0,0,51,4,1,2,1,10,26,0,0,14,10,67,0,0,1.97,1.38,12,0,15.38,0,2,6,18,16,2,2,0,,53,54.08,0,0,0,62,11,19,2,20,1408,0,2,0,0,0,0,0.0,0,0,0,0,149,5,0,6.8,0,0,0,0,0,0,0,0,704.0,0.0,0,8,5,6,5,8,44.44,0,25,14,56.0,19,15,18,37,56,45.53,12,222,161,383,176.9,13,1,645,20,1,0,Marco D'Alessandro,Catanzaro,55119,2796
29,13,26.53,260,32,40.51,457,222,679,78.59,38,42.7,51,30,2,0,0,0,96,5,4,18,2,42,30,0,1,25,19,136,0,1,3.66,3.0,32,0,4.76,0,2,4,27,23,4,1,1,,107,55.73,0,0,0,185,22,24,1,24,1983,1,3,0,0,0,1,0.0,0,0,0,0,306,10,0,6.8,2,1,0,0,0,0,0,0,991.5,0.0,0,22,20,16,8,25,67.57,0,26,15,57.69,24,71,37,49,145,51.6,79,605,259,864,204.1,42,1,1299,59,6,1,Rachid Kouda,Mantova,1011815,2770
12,2,25.0,189,10,52.63,261,41,302,65.09,116,51.56,109,33,0,0,0,0,67,2,5,9,1,24,32,0,0,42,3,211,1,0,2.76,5.45,46,0,17.65,0,9,9,29,25,4,8,1,,71,41.04,5,0,3,162,3,27,4,24,1945,9,4,0,0,0,0,0.0,0,0,0,1,338,20,0,6.8,0,0,0,0,0,0,0,0,216.11,0.0,0,42,9,25,17,20,54.05,0,11,6,54.55,27,25,37,8,187,46.98,19,411,53,464,217.6,51,0,871,41,5,0,Emanuele Pecorino,Südtirol,980967,2760
6,2,20.0,53,7,77.78,84,33,117,72.67,10,25.0,30,18,1,0,0,0,40,2,3,11,1,1,18,0,0,20,11,123,0,1,0.79,4.39,35,0,10.91,0,6,7,17,15,2,3,3,,46,33.09,1,0,1,44,4,11,3,15,1274,17,0,0,0,0,0,0.0,0,0,0,0,170,13,0,6.8,0,2,0,0,0,0,0,0,212.33,0.0,0,33,22,23,21,10,23.81,0,13,6,46.15,11,9,42,10,56,31.28,9,119,42,161,122.4,55,1,440,24,3,0,Luigi Cuppone,Virtus Entella,758136,43680
1,9,23.08,91,5,100.0,148,70,218,91.21,8,33.33,16,18,1,0,0,0,27,2,0,6,0,5,18,0,0,16,5,77,0,0,1.16,1.06,19,0,15.79,0,3,4,12,11,1,2,1,,29,32.22,0,0,0,21,1,18,2,12,1010,3,0,0,0,0,0,0.0,0,0,0,0,117,4,0,6.8,0,1,0,0,0,0,0,0,336.67,0.0,1,11,8,3,10,8,27.59,0,5,3,60.0,18,1,29,39,37,32.46,5,163,76,239,122.4,19,1,434,17,1,0,Elayis Tavsan,Reggiana,929631,24516
9,5,25.0,73,3,30.0,128,59,187,81.66,1,25.0,3,14,2,0,0,0,27,2,1,3,0,5,14,0,0,1,2,23,0,0,0.96,0.96,7,0,11.11,0,1,3,7,7,0,1,0,,25,55.56,0,0,1,42,1,11,0,5,615,3,3,0,0,0,0,0.0,0,0,0,0,85,1,0,6.8,0,1,0,0,0,0,0,0,615.0,0.0,0,6,3,3,3,7,41.18,0,6,3,50.0,11,19,17,20,26,53.06,10,162,67,229,95.2,9,0,344,12,1,0,Federico Di Francesco,Catanzaro,320979,2796
9,13,29.55,55,7,41.18,108,81,189,79.08,7,53.85,6,15,1,0,0,0,29,5,0,2,0,11,15,0,0,7,4,26,0,0,1.21,0.44,5,0,14.29,0,1,2,12,10,2,1,0,,32,61.54,0,0,0,50,5,12,1,8,662,0,0,0,0,0,0,0.0,0,0,0,0,106,3,0,6.8,0,0,0,0,0,0,0,0,662.0,0.0,0,5,2,3,2,11,73.33,0,15,12,80.0,12,19,15,44,39,60.0,17,135,104,239,102.0,7,0,435,6,0,0,Jonas Rouhi,Carrarese,1087749,2745
19,27,33.33,101,29,52.73,207,144,351,81.25,10,50.0,10,24,2,0,0,0,50,3,2,6,2,25,24,0,0,7,9,46,0,0,1.76,0.73,16,0,0.0,0,0,2,15,14,1,0,0,,54,60.0,0,0,0,81,13,23,0,13,1242,1,5,0,0,0,1,0.0,0,0,0,0,165,5,0,6.8,0,0,0,0,0,0,0,0,0.0,0.0,1,2,13,5,4,9,69.23,0,17,10,58.82,23,44,13,81,64,58.18,55,276,156,432,163.2,15,1,697,30,5,0,Duccio Degli Innocenti,Empoli,1015856,2705
0,0,0.0,0,0,0.0,1,7,8,80.0,1,100.0,0,1,0,0,0,0,1,0,0,0,0,2,1,0,0,0,0,0,0,0,0.0,,0,0,0.0,0,0,0,0,0,0,0,0,,0,0.0,0,0,0,2,0,0,0,0,17,0,0,0,0,0,0,0.0,0,0,0,0,2,0,0,6.8,0,0,0,0,0,0,0,0,0.0,0.0,0,0,0,0,0,0,0.0,0,0,0,0.0,0,1,0,0,1,100.0,1,3,7,10,6.8,0,0,13,0,0,0,Alessandro Pilati,Virtus Entella,928871,43680
3,0,0.0,4,4,33.33,13,26,39,79.59,0,0.0,0,1,0,0,0,0,2,0,0,0,0,0,1,0,0,1,1,3,0,0,0.01,,1,0,0.0,0,0,0,1,1,0,0,0,,5,62.5,0,0,0,10,0,0,0,1,90,0,0,0,0,0,0,0.0,0,0,0,0,12,0,0,6.8,0,0,0,0,0,0,0,0,0.0,0.0,0,0,0,0,0,0,0.0,0,3,2,66.67,0,7,0,0,5,62.5,12,22,27,49,6.8,0,0,58,2,0,0,Pietro Arnaboldi,Modena,2560624,2706
2,0,0.0,4,4,100.0,15,8,23,95.83,0,0.0,1,1,0,0,0,0,1,0,0,1,0,0,1,0,0,0,0,1,0,0,0.01,0.03,0,0,0.0,0,0,0,1,1,0,0,0,,1,100.0,0,0,0,1,0,0,0,0,33,0,0,0,0,0,0,0.0,0,0,0,0,1,0,0,6.8,0,0,0,0,0,0,0,0,0.0,0.0,0,0,1,0,0,0,0.0,0,1,0,0.0,0,2,0,0,1,50.0,4,16,8,24,6.8,1,0,26,0,0,0,Erdis Kraja,Pescara,970987,7935
3,0,0.0,8,7,43.75,23,64,87,81.31,9,60.0,6,6,0,0,0,0,8,0,0,0,0,26,6,0,1,0,1,15,0,0,0.02,0.03,8,0,0.0,0,0,0,1,1,0,0,0,,6,40.0,0,0,0,20,2,0,0,2,277,0,2,0,0,0,1,0.0,0,0,0,0,22,0,0,6.8,1,0,0,0,0,0,0,0,0.0,0.0,0,1,0,1,0,0,0.0,0,5,5,100.0,0,9,0,0,15,50.0,16,38,69,107,40.8,1,0,159,1,1,0,Giorgio Altare,Pescara,882004,7935
2,3,75.0,31,2,66.67,64,32,96,90.57,1,20.0,4,4,0,0,0,0,3,0,0,0,0,2,4,0,0,1,1,10,0,0,0.36,0.01,1,0,0.0,0,0,0,5,4,1,0,0,,10,62.5,0,0,0,10,0,4,0,2,175,0,0,0,0,0,0,0.0,0,0,0,0,17,0,0,6.8,0,0,0,0,0,0,0,0,0.0,0.0,0,1,0,0,1,0,0.0,0,3,2,66.67,4,3,3,4,11,52.38,3,72,34,106,27.2,1,0,141,7,0,0,Giacomo Fedel,Mantova,1099376,2770
17,11,20.37,93,20,28.99,159,101,260,71.43,13,59.09,9,18,1,0,0,0,40,2,1,4,0,16,18,0,0,7,9,54,0,0,1.34,0.72,23,0,16.67,0,2,3,16,13,3,1,1,,46,50.55,0,0,1,104,7,19,2,10,973,2,0,0,0,0,0,0.0,0,0,0,0,193,3,0,6.79,0,0,0,0,0,0,0,0,486.5,0.0,0,7,5,4,4,7,53.85,0,25,10,40.0,19,46,13,54,59,52.21,69,238,126,364,122.3,12,0,635,14,5,0,Nikolas Ioannou,Sampdoria,353210,2711
5,3,18.75,114,13,76.47,211,183,394,79.92,18,30.51,41,34,3,0,0,0,74,3,5,5,2,5,33,0,0,24,9,125,0,0,1.77,6.56,38,0,23.08,0,12,15,34,28,6,10,2,,60,41.67,0,0,3,99,3,20,1,30,2298,6,3,0,0,0,1,0.0,0,0,0,0,218,14,0,6.79,0,11,0,0,0,0,0,0,191.5,0.0,0,41,11,23,24,12,38.71,0,12,5,41.67,20,11,31,16,78,38.42,17,284,209,493,224.2,52,2,796,38,2,0,Tommaso Biasci,US Avellino 1912,316118,2730
25,3,37.5,117,27,36.49,259,228,487,74.81,33,49.25,34,27,1,0,0,0,72,2,5,2,1,49,27,0,0,10,14,105,0,1,1.59,3.65,38,0,10.0,1,3,4,28,28,0,3,0,,67,48.55,2,0,1,164,18,16,1,21,1731,1,4,0,0,0,1,0.0,0,0,0,1,219,6,0,6.79,0,0,0,0,0,0,0,0,577.0,0.0,0,22,8,17,11,8,40.0,0,28,16,57.14,16,58,20,8,100,48.78,74,379,272,651,183.4,30,0,947,34,4,0,Giulio Maggiore,Bari,848185,2712
28,16,30.77,133,21,52.5,214,116,330,81.89,7,31.82,15,27,3,0,0,0,33,5,4,10,0,5,27,0,0,16,10,73,0,0,1.99,2.02,17,0,2.78,0,1,4,14,13,1,0,1,,69,54.33,0,0,3,73,2,21,1,9,945,5,1,0,0,0,0,0.0,0,0,0,0,164,4,0,6.79,0,0,0,0,0,0,0,0,945.0,0.0,6,17,19,14,12,13,44.83,0,22,17,77.27,21,44,29,52,76,51.01,40,275,128,403,183.4,36,0,672,34,2,0,Cristian Buonaiuto,Padova,126989,2741
23,2,16.67,115,31,26.96,329,657,986,85.66,37,63.79,21,27,0,0,0,0,68,0,1,5,6,134,27,0,0,0,13,66,0,0,0.49,0.91,31,0,6.67,55,1,1,30,27,3,1,0,,73,61.86,0,0,1,165,29,8,0,26,2264,2,18,0,0,0,1,0.0,0,0,0,0,226,5,0,6.79,1,1,0,0,0,0,0,0,2264.0,0.0,0,11,4,8,2,2,66.67,0,37,22,59.46,8,63,3,12,110,62.5,115,460,691,1151,183.4,15,0,1616,39,8,1,Nicolò Brighenti,Catanzaro,137946,2796
20,6,40.0,60,22,37.93,170,256,426,85.37,11,42.31,15,11,0,0,0,0,23,0,0,3,0,35,11,0,0,0,8,35,0,1,0.48,0.23,11,0,14.29,21,1,1,11,11,0,1,0,,16,44.44,0,0,0,73,3,4,1,10,844,1,7,0,0,0,0,0.0,0,0,0,0,94,0,0,6.79,1,0,0,0,0,0,0,0,844.0,0.0,2,4,3,1,3,0,0.0,0,13,10,76.92,4,46,2,15,27,43.55,58,222,277,499,74.7,7,0,646,4,1,1,Fellipe Jack,Catanzaro,1804801,2796
14,1,10.0,93,45,47.37,323,513,836,86.9,47,49.47,48,23,0,0,0,0,62,0,0,2,7,88,23,0,0,4,6,82,0,1,0.27,0.12,22,0,0.0,26,0,0,31,27,4,0,0,,38,52.78,0,0,1,126,14,6,0,20,1886,0,23,0,0,0,0,0.0,0,0,0,1,160,2,0,6.79,0,0,0,0,0,0,0,0,0.0,0.0,0,2,1,1,0,5,71.43,0,22,17,77.27,6,32,7,10,85,50.9,95,398,564,962,156.1,3,0,1242,13,2,0,Marco Imperiale,Carrarese,859713,2745
14,6,50.0,76,18,26.87,152,204,356,77.9,23,63.89,13,15,2,0,0,0,41,3,1,1,1,47,15,0,0,5,7,55,0,1,1.05,0.23,21,0,0.0,2,0,2,17,16,1,0,0,,41,49.4,0,0,0,101,12,8,0,12,1072,0,10,0,0,0,0,0.0,0,0,0,0,146,2,0,6.79,0,0,0,0,0,0,0,0,0.0,0.0,0,4,0,3,0,7,41.18,0,27,14,51.85,8,44,17,12,64,53.78,67,228,229,457,101.8,4,1,706,8,4,0,Marco Curto,Empoli,906656,2705
26,18,29.51,235,25,27.17,471,451,922,81.88,5,26.32,14,36,1,0,0,0,126,4,4,21,6,23,36,0,0,23,23,119,0,1,2.52,4.07,49,0,13.21,0,7,8,33,31,2,5,2,,92,46.7,0,0,2,204,14,39,6,31,2707,3,7,0,0,0,0,0.0,0,0,0,1,331,19,0,6.79,0,1,0,0,0,0,0,0,386.71,0.0,0,25,28,16,16,6,28.57,0,50,23,46.0,39,80,21,61,97,44.91,92,627,499,1126,244.3,53,1,1569,36,7,0,Nicola Mosti,Juve Stabia,839483,5324
17,0,0.0,11,119,36.5,70,218,288,58.18,4,100.0,0,20,0,0,0,0,115,0,0,0,2,18,20,0,0,0,0,1,0,0,0.01,,1,0,0.0,100,0,0,29,24,5,0,0,-1.37,1,50.0,0,13,0,207,0,0,0,20,1800,0,0,0,0,0,1,0.0,1,0,0,0,210,0,7,6.79,0,0,3,27,20,47,0,16,0.0,0.0,0,0,0,0,0,0,0.0,3,0,0,0.0,0,34,0,0,5,83.33,326,216,279,495,135.7,0,1,647,4,0,0,Simone Ghidotti,Sampdoria,865538,2711
27,16,27.59,141,29,74.36,214,103,317,84.76,3,20.0,12,26,3,0,0,0,56,1,1,11,0,3,25,0,0,17,14,70,0,1,1.99,3.42,9,0,2.27,0,1,4,11,9,2,1,0,,60,50.85,0,0,1,57,6,28,1,11,1053,0,0,0,0,0,0,0.0,0,0,0,0,171,3,0,6.78,0,0,0,0,0,0,0,0,1053.0,0.0,1,13,31,19,14,18,50.0,0,12,8,66.67,28,44,36,58,63,47.37,39,259,115,374,169.6,44,1,652,32,4,0,Simone Pafundi,Sampdoria,1133119,2711
13,3,13.64,76,16,24.24,187,362,549,80.97,37,59.68,25,26,0,0,0,0,64,1,1,2,2,50,25,0,0,7,7,78,0,0,0.86,0.75,30,0,8.33,1,1,1,16,14,2,1,0,,69,56.56,1,0,0,129,15,8,0,18,1517,1,8,0,0,0,0,0.0,0,0,0,0,227,4,0,6.78,1,0,0,0,0,0,0,0,1517.0,0.0,0,9,3,5,5,6,33.33,0,31,19,61.29,8,49,18,22,106,57.61,66,284,394,678,169.6,12,0,1018,33,5,1,Salim Diakité,Juve Stabia,1013188,5324
27,0,0.0,46,31,36.05,173,385,558,84.8,31,49.21,32,16,1,0,0,0,51,0,0,0,5,76,16,0,0,5,12,59,0,2,0.28,0.15,10,0,0.0,12,0,1,18,16,2,0,0,,40,59.7,0,0,0,100,15,2,0,16,1358,1,9,0,0,0,1,0.0,0,0,0,0,129,1,0,6.78,0,0,0,0,0,0,0,0,0.0,0.0,0,3,0,1,2,0,0.0,0,24,15,62.5,2,54,0,2,71,54.62,86,234,424,658,108.5,3,1,884,17,1,0,Mattia Viti,Sampdoria,1009268,2711
44,5,23.81,157,62,40.79,393,872,1265,86.58,48,54.55,40,31,0,0,0,0,66,0,3,4,5,112,31,0,0,0,8,60,0,0,0.62,1.33,13,0,10.53,2,2,2,31,30,1,2,0,,41,67.21,1,0,0,196,16,14,1,26,2217,1,7,0,0,0,0,0.0,0,0,0,0,300,2,0,6.78,0,0,0,0,0,0,0,0,1108.5,0.0,0,15,4,7,8,1,100.0,0,25,15,60.0,14,108,1,21,89,59.73,152,529,932,1461,210.2,19,2,1891,16,3,0,Marco Bellich,Juve Stabia,896244,5324
13,14,18.18,54,19,44.19,129,153,282,78.55,8,25.81,23,26,1,0,0,0,65,4,0,4,3,29,25,0,0,8,17,87,0,1,0.99,1.04,25,0,14.29,0,2,3,26,19,7,2,0,,67,51.15,0,0,2,77,18,11,2,20,1640,2,4,0,0,0,0,0.0,0,0,0,0,215,2,0,6.78,0,0,0,0,0,0,0,0,820.0,0.0,2,11,3,3,7,13,48.15,0,44,24,54.55,11,29,27,77,75,46.3,43,175,184,359,169.5,14,1,771,10,4,0,Andrea Bozzolan,Reggiana,1137275,24516
42,0,0.0,121,49,44.55,286,352,638,80.15,47,55.29,38,24,1,0,0,0,96,0,0,3,2,92,24,0,0,5,22,94,0,1,0.6,0.24,27,0,0.0,1,0,1,33,33,0,0,0,,55,49.55,0,0,1,158,25,10,0,20,1818,1,17,0,0,0,1,0.0,0,0,0,0,227,3,0,6.78,0,0,0,0,0,0,0,0,0.0,0.0,0,3,5,4,1,12,75.0,0,35,25,71.43,10,90,16,8,102,52.04,110,399,397,796,162.7,8,0,1177,8,4,0,Andrea Cistana,Bari,783716,2712
25,1,33.33,61,48,47.52,305,583,888,88.36,62,47.33,69,28,1,0,0,0,89,0,4,5,9,130,28,0,0,3,9,105,1,1,0.35,1.27,28,0,10.0,14,1,2,25,21,4,1,0,,50,58.14,1,0,1,117,29,9,0,26,2281,0,17,1,0,0,0,0.0,0,0,0,0,143,2,0,6.78,0,0,0,0,0,0,0,0,2281.0,0.0,0,10,0,2,3,1,100.0,0,33,21,63.64,9,49,1,3,112,51.61,101,393,612,1005,189.8,10,0,1330,17,2,0,Davide Adorni,Modena,260491,2706
9,6,33.33,25,12,63.16,63,69,132,88.0,3,27.27,8,14,2,0,0,0,17,3,0,0,0,10,14,0,0,3,4,30,0,0,0.69,0.06,14,0,0.0,0,0,2,4,4,0,0,0,,17,43.59,0,0,0,18,3,6,0,2,338,1,1,0,0,0,0,0.0,0,0,0,0,39,2,0,6.78,0,0,0,0,0,0,0,0,0.0,0.0,0,1,1,1,1,0,0.0,0,9,5,55.56,6,11,1,18,20,40.0,19,72,78,150,94.9,2,0,240,8,3,0,Matteo Cotali,Modena,826704,2706
3,0,0.0,75,3,100.0,119,71,190,78.19,3,20.0,12,21,2,0,0,0,30,1,2,3,1,9,21,0,0,6,8,58,0,0,1.03,1.88,11,0,10.53,0,2,4,11,7,4,0,2,,46,50.0,0,0,0,53,3,6,0,7,745,2,1,0,0,0,0,0.0,0,0,0,0,125,6,0,6.78,0,2,0,0,0,0,0,0,372.5,0.0,0,10,9,8,8,7,22.58,0,18,11,61.11,6,6,31,4,49,45.79,3,165,78,243,142.3,19,0,433,21,2,0,Nicolò Buso,Mantova,951930,2770
1,3,27.27,17,2,40.0,32,27,59,81.94,3,100.0,0,9,0,0,0,0,15,1,0,0,0,3,8,0,0,0,0,5,0,0,0.33,,2,0,0.0,0,0,0,3,3,0,0,0,,16,76.19,0,0,0,13,1,2,0,0,162,0,0,0,0,0,0,0.0,0,0,0,0,30,0,0,6.78,0,0,0,0,0,0,0,0,0.0,0.0,0,0,0,0,0,5,62.5,0,6,4,66.67,2,3,8,11,19,79.17,5,41,31,72,54.2,0,0,131,5,0,0,Raffaele Celia,Cesena,946394,2742
17,12,26.67,132,29,64.44,240,174,414,82.97,7,24.14,22,32,0,0,0,0,79,4,0,8,0,28,31,0,1,16,13,89,0,0,2.08,0.82,26,0,5.0,0,1,1,24,23,1,0,1,,93,58.13,0,0,1,85,13,15,0,15,1399,2,2,0,0,0,0,0.0,0,0,0,0,183,10,0,6.77,1,1,0,0,0,0,0,0,1399.0,0.0,0,10,10,10,2,21,61.76,0,32,19,59.38,15,29,34,45,100,52.91,45,296,203,499,210.0,20,0,869,42,8,0,Emanuele Adamo,Spezia,824247,2735
12,0,0.0,119,18,72.0,168,87,255,78.46,29,56.86,22,27,2,0,0,0,41,4,4,5,0,4,26,0,0,27,1,77,0,0,1.62,5.17,18,0,32.14,0,9,11,14,13,1,8,1,,37,40.22,1,0,2,70,1,28,6,10,1119,4,2,0,0,0,0,0.0,0,0,0,1,156,6,0,6.77,0,2,0,0,0,0,0,0,124.33,0.0,0,24,4,7,16,14,53.85,0,4,4,100.0,28,18,26,0,66,46.15,25,220,105,325,176.1,28,0,507,20,4,0,Andrea Petagna,Monza,295973,2729
43,2,14.29,153,75,43.86,437,778,1215,83.33,87,60.84,56,33,0,0,0,0,120,0,3,4,5,172,33,0,1,10,22,131,0,0,1.07,1.64,44,0,14.29,38,3,3,45,42,3,3,0,,71,48.63,3,0,0,243,34,12,0,32,2828,2,25,0,0,0,0,0.0,0,0,0,0,337,1,0,6.77,1,0,0,0,0,0,0,0,942.67,0.0,0,18,3,9,8,8,80.0,0,45,26,57.78,12,98,10,14,158,54.67,171,598,860,1458,223.5,21,2,2035,18,5,0,Matteo Lovato,Empoli,982601,2705
10,17,24.29,116,12,75.0,179,84,263,73.26,56,41.79,78,34,3,0,0,0,53,4,5,10,0,18,34,0,0,31,14,183,0,0,2.51,3.9,38,0,9.76,0,4,7,23,18,5,3,1,,75,41.67,0,0,1,96,6,23,1,9,1347,12,3,0,0,0,0,0.0,0,0,0,0,258,5,0,6.77,0,3,0,0,0,0,0,0,336.75,0.0,10,25,16,14,17,21,42.0,0,19,13,68.42,23,14,50,70,131,41.72,16,263,96,359,230.2,41,1,738,35,3,0,Raffaele Russo,US Avellino 1912,858193,2730
35,10,22.73,114,45,44.55,251,332,583,80.86,11,27.5,29,20,1,0,0,0,56,1,0,2,4,48,20,0,0,10,14,79,0,0,0.95,0.28,22,0,14.29,0,1,2,25,22,3,0,1,,62,55.36,0,0,0,138,12,15,1,19,1628,0,11,0,0,0,0,0.0,0,0,0,0,228,1,0,6.77,1,0,0,0,0,0,0,0,1628.0,0.0,0,2,5,2,3,7,53.85,0,26,17,65.38,15,78,13,44,73,48.03,101,338,383,721,135.4,7,1,1133,31,6,1,Andrea Cagnano,Pescara,893920,7935
16,9,28.13,95,41,46.59,192,204,396,80.0,13,54.17,11,16,0,0,0,0,54,1,0,0,1,28,16,0,0,2,5,27,0,1,1.0,0.11,7,0,0.0,1,0,0,18,16,2,0,0,,39,70.91,0,0,0,99,5,8,0,13,1023,0,2,0,0,0,0,0.0,0,0,0,0,158,4,0,6.77,0,0,0,0,0,0,0,0,0.0,0.0,0,0,4,4,0,6,66.67,0,16,9,56.25,8,48,9,32,52,65.82,88,260,235,495,108.3,4,1,735,17,0,0,Lorenzo Venuti,Sampdoria,357756,2711
6,4,26.67,70,1,14.29,118,70,188,84.68,7,41.18,10,20,0,0,0,0,28,0,3,2,0,10,19,0,1,7,7,35,0,0,0.93,1.61,9,0,21.43,0,3,3,9,8,1,1,2,,31,55.36,0,0,0,34,5,5,1,6,714,2,1,0,0,0,0,0.0,0,0,0,0,81,4,0,6.77,1,2,0,0,0,0,0,0,238.0,0.0,0,10,4,7,5,6,75.0,0,12,8,66.67,5,11,8,15,38,52.05,7,143,79,222,128.6,14,0,372,13,1,0,Gabriele Alesi,Catanzaro,1100358,2796
25,2,15.38,109,36,46.15,270,257,527,81.33,16,39.02,25,26,0,0,0,0,86,0,0,8,1,46,25,0,0,15,22,103,0,0,0.45,0.91,33,0,6.25,0,1,1,22,19,3,0,1,,75,49.02,0,0,0,121,16,13,0,17,1458,1,7,0,0,0,0,0.0,0,0,0,0,192,6,0,6.77,0,1,0,0,0,0,0,0,1458.0,0.0,0,9,7,4,4,8,50.0,0,41,23,56.1,13,44,16,13,91,46.91,78,355,293,648,169.2,16,0,969,26,6,0,Jonas Harder,Padova,1461485,2741
49,0,0.0,99,82,50.62,504,1270,1774,90.83,101,65.16,54,34,0,0,0,0,89,1,0,2,9,182,34,0,0,2,9,121,1,2,0.53,1.32,60,0,12.5,41,2,2,50,44,6,2,0,,36,34.95,1,0,0,179,22,9,0,33,2984,2,26,0,0,0,0,0.0,0,0,0,0,202,3,0,6.77,0,1,0,0,0,0,0,0,1492.0,0.0,0,15,1,8,6,1,50.0,0,19,13,68.42,9,87,2,2,137,53.1,162,609,1344,1953,230.1,16,1,2324,17,6,0,Stefano Cella,Mantova,962365,2770
48,19,22.09,242,57,41.3,499,474,973,82.53,47,55.29,38,33,1,0,0,0,66,2,1,0,8,94,33,0,0,13,14,127,0,1,1.54,0.61,49,0,25.0,0,1,2,37,30,7,1,0,,90,50.28,1,0,0,206,18,14,0,29,2513,2,12,0,0,0,1,0.0,0,0,0,0,357,0,0,6.77,0,0,0,0,0,0,0,0,2513.0,0.0,0,4,0,3,1,19,52.78,0,44,23,52.27,14,89,36,86,137,51.89,138,623,556,1179,223.3,4,1,1818,30,6,0,Tommaso Cancellotti,US Avellino 1912,171013,2730
4,0,0.0,3,13,35.14,7,46,53,68.83,1,100.0,0,3,0,0,0,0,26,0,0,0,2,4,3,0,0,0,0,0,0,0,0.0,,0,0,0.0,21,0,0,4,4,0,0,0,-1.29,1,100.0,0,1,0,24,0,0,0,3,270,0,0,0,0,0,0,0.0,0,0,0,0,24,0,1,6.77,0,0,2,4,4,8,0,1,0.0,0.0,0,0,0,0,0,0,0.0,2,0,0,0.0,0,8,0,0,2,100.0,37,21,56,77,20.3,0,0,113,1,0,0,Alessandro Siano,Cesena,962858,2742
9,0,0.0,16,68,23.05,39,219,258,53.09,4,100.0,0,21,0,0,0,0,128,0,0,0,5,10,21,0,0,0,2,2,0,0,0.02,,0,0,0.0,137,0,0,31,24,7,0,0,-4.78,2,50.0,0,6,0,228,0,0,0,21,1890,0,0,0,0,0,0,0.0,1,0,0,0,228,0,4,6.77,0,0,3,42,15,57,0,21,0.0,0.0,0,0,0,0,0,0,0.0,3,0,0,0.0,0,23,0,0,6,75.0,295,221,265,486,142.1,0,1,641,5,1,0,Francesco Bardi,Mantova,80203,2770
18,2,16.67,148,15,83.33,243,121,364,78.28,59,47.2,66,30,2,0,0,0,54,3,5,11,0,17,30,0,0,31,4,142,0,1,1.23,5.01,27,0,12.2,0,5,7,15,11,4,3,2,,62,44.93,1,0,0,101,4,20,1,22,1662,5,4,0,0,0,0,0.0,0,0,0,0,209,9,0,6.76,0,3,0,0,0,0,0,0,332.4,0.0,0,33,8,18,12,16,47.06,0,5,0,0.0,20,26,34,12,121,46.01,18,334,131,465,202.9,41,2,754,47,0,0,Dany Mota,Monza,838907,2729
23,0,0.0,376,35,42.68,862,764,1626,91.45,46,46.46,53,35,2,0,0,0,150,3,2,1,12,87,35,0,2,13,10,132,0,0,1.68,1.16,44,0,20.0,0,1,3,26,22,4,1,0,,71,47.33,0,0,0,152,28,20,1,35,3046,2,11,0,0,0,0,0.0,0,0,0,0,213,5,0,6.76,2,0,0,0,0,0,0,0,3046.0,0.0,0,5,0,3,1,16,53.33,0,43,28,65.12,20,44,30,3,117,46.99,82,959,819,1778,236.7,5,1,2184,13,2,0,Joel Schingtienne,Venezia,1388438,2688
6,6,24.0,66,5,29.41,95,49,144,70.59,17,44.74,21,24,1,0,0,0,28,3,1,3,0,3,23,0,0,15,8,87,0,1,1.49,2.25,20,0,17.39,0,4,5,20,14,6,3,1,,49,42.61,0,0,0,60,2,9,4,7,868,2,0,0,0,0,0,0.0,0,0,0,0,155,1,0,6.76,0,0,0,0,0,0,0,0,217.0,0.0,0,7,16,8,12,13,35.14,0,19,11,57.89,9,9,37,25,66,43.14,17,145,59,204,155.5,23,0,426,17,2,0,Mathis Lambourde,Reggiana,1426235,24516
19,1,6.25,216,9,64.29,366,168,534,86.13,8,22.86,27,25,1,0,1,0,55,1,7,9,2,13,25,0,0,28,12,134,0,0,1.51,6.42,36,0,19.44,0,7,8,21,18,3,7,0,,80,42.78,1,0,1,86,9,24,0,21,1647,6,1,0,0,3,0,66.67,0,2,0,1,210,13,0,6.76,0,6,0,0,0,0,0,0,235.29,0.0,0,30,6,16,11,22,37.93,0,16,9,56.25,24,25,58,16,88,39.64,14,433,187,620,169.0,36,1,954,42,4,0,Francesco Ruocco,Mantova,1084351,2770
15,24,25.81,126,17,60.71,188,105,293,78.34,25,53.19,22,28,0,0,0,0,44,6,2,6,0,9,28,0,0,11,5,66,0,0,2.23,1.6,22,0,0.0,0,0,0,9,8,1,0,0,,39,46.99,0,0,1,81,7,25,0,13,1128,0,5,0,0,0,0,0.0,0,0,0,0,191,3,0,6.76,0,0,0,0,0,0,0,0,0.0,0.0,3,13,11,13,5,6,42.86,0,19,10,52.63,25,26,14,93,64,49.23,28,253,121,374,189.2,24,0,636,14,3,0,Niklas Pyyhtiä,Modena,1000018,2706
5,1,12.5,30,10,37.04,63,99,162,85.71,3,60.0,2,9,1,0,0,0,18,1,0,0,0,18,9,0,0,1,2,10,1,0,0.68,0.03,4,0,100.0,0,1,2,6,6,0,0,1,,10,55.56,0,0,0,27,5,3,0,3,291,0,2,0,0,0,0,0.0,0,0,0,0,40,1,0,6.76,0,1,0,0,0,0,0,0,291.0,0.0,0,0,1,0,1,2,66.67,0,6,4,66.67,3,15,3,8,13,56.52,27,87,102,189,60.8,1,0,251,2,0,0,Tommaso Del Lungo,Virtus Entella,1143585,43680
6,6,50.0,42,10,47.62,65,31,96,61.94,20,52.63,18,13,1,0,0,0,30,2,2,1,0,6,13,0,0,9,8,46,1,0,1.11,0.47,11,0,14.29,0,1,2,7,5,2,1,0,,17,37.78,0,0,0,59,4,10,0,4,541,1,2,0,0,0,0,0.0,0,0,0,0,89,4,0,6.75,0,1,0,0,0,0,0,0,541.0,0.0,0,4,3,3,3,3,75.0,0,11,6,54.55,10,10,4,12,37,44.58,21,111,44,155,87.8,7,1,261,5,2,0,Mamadou Coulibaly,Südtirol,874481,2760
39,29,30.53,158,34,38.64,263,190,453,76.78,18,43.9,23,27,1,0,0,0,79,3,1,1,1,33,27,0,1,10,7,66,0,0,2.32,0.47,24,0,0.0,0,0,1,15,12,3,0,0,,50,53.76,0,0,0,137,12,27,0,15,1382,6,4,0,0,0,2,0.0,0,0,0,0,247,3,0,6.75,1,0,0,0,0,0,0,0,0.0,0.0,0,3,4,5,1,9,69.23,0,31,19,61.29,27,90,13,95,68,50.75,88,359,231,590,182.3,7,0,964,10,2,0,Niccolò Belloni,Carrarese,587748,2745
18,2,13.33,50,48,37.8,170,361,531,73.85,94,67.14,46,33,1,0,0,0,51,1,1,2,4,118,33,0,0,3,11,106,0,1,0.35,1.07,46,0,0.0,5,0,1,19,17,2,0,0,,62,50.82,0,0,1,188,22,3,0,20,1959,1,12,0,0,0,0,0.0,0,0,0,0,266,2,0,6.75,0,0,0,0,0,0,0,0,0.0,0.0,0,12,2,6,6,2,50.0,0,36,23,63.89,3,54,4,15,156,59.54,127,311,408,719,222.7,14,0,1172,27,6,0,Patryk Peda,Palermo,1064122,2715
31,0,0.0,49,58,49.15,195,649,844,86.39,46,60.53,30,25,0,0,0,0,64,0,1,0,5,103,25,0,0,6,10,74,1,1,0.2,0.26,30,0,0.0,37,0,0,28,21,7,0,0,,59,57.28,0,0,0,133,28,3,0,21,1950,0,15,0,0,0,0,0.0,0,0,0,0,158,1,0,6.75,0,0,0,0,0,0,0,0,0.0,0.0,0,6,0,4,2,2,66.67,0,48,26,54.17,3,56,3,1,105,58.66,118,271,706,977,168.7,6,1,1258,11,5,0,Filippo Oliana,Carrarese,928826,2745
7,0,0.0,41,16,44.44,110,154,264,85.16,15,62.5,9,20,0,0,0,0,33,0,1,1,0,31,17,0,0,0,7,27,0,1,0.11,0.33,12,0,0.0,0,0,0,7,5,2,0,0,,29,61.7,0,0,0,46,9,0,0,4,545,1,5,0,0,0,0,0.0,0,0,0,0,71,1,0,6.75,0,0,0,0,0,0,0,0,0.0,0.0,0,3,4,5,1,1,100.0,0,14,11,78.57,0,13,1,5,44,61.97,36,138,172,310,114.7,7,0,466,14,3,0,Matteo Guidi,Cesena,1402543,2742
15,1,12.5,108,24,50.0,217,277,494,86.36,26,55.32,21,14,0,0,0,0,54,1,1,0,3,45,14,0,0,3,3,50,0,1,0.98,0.56,19,0,0.0,0,0,0,19,14,5,0,0,,44,60.27,0,0,0,78,12,5,0,14,1183,2,5,0,0,0,0,0.0,0,0,0,0,116,5,0,6.74,0,0,0,0,0,0,0,0,0.0,0.0,0,4,1,3,2,10,71.43,0,22,9,40.91,5,29,14,8,70,58.33,48,268,304,572,94.4,5,0,772,12,4,0,Ali Dembélé,Mantova,1397347,2770
21,9,29.03,137,17,30.91,245,210,455,81.25,10,52.63,9,22,0,0,0,0,42,0,0,1,4,39,21,0,0,4,5,45,0,0,0.53,0.21,24,0,0.0,0,0,0,16,14,2,0,0,,63,63.64,0,0,0,105,14,8,0,15,1390,0,6,0,0,0,0,0.0,0,0,0,0,182,3,0,6.74,0,0,0,0,0,0,0,0,0.0,0.0,0,1,6,6,0,5,55.56,0,24,14,58.33,8,53,9,31,73,61.86,55,321,239,560,141.6,7,0,873,34,2,0,Simone Giordano,Sampdoria,928830,2711
31,4,33.33,102,44,33.33,293,711,1004,85.52,41,55.41,33,26,0,0,0,0,59,1,0,1,5,89,26,0,0,4,6,77,0,0,1.26,0.24,31,0,20.0,1,1,1,25,20,5,1,0,,60,57.69,0,0,0,170,18,7,0,24,2005,1,17,1,0,0,2,0.0,0,0,0,0,234,1,0,6.74,1,1,0,0,0,0,0,0,2005.0,0.0,0,3,2,3,1,15,75.0,0,32,18,56.25,7,86,20,12,101,56.74,132,415,759,1174,175.3,5,1,1508,15,5,1,Marco Ruggero,Spezia,984049,2735
24,1,25.0,74,54,44.63,271,835,1106,88.48,61,61.62,38,28,0,0,0,0,84,0,0,0,5,118,27,0,0,12,15,95,0,2,0.19,0.32,32,0,0.0,74,0,0,33,28,5,0,0,,70,55.12,0,0,1,144,35,3,0,24,2169,0,14,0,0,0,2,0.0,0,0,0,0,177,1,0,6.74,0,0,0,0,0,0,0,0,0.0,0.0,0,5,0,4,1,3,75.0,0,35,22,62.86,3,57,4,4,131,57.96,121,364,886,1250,182.0,5,0,1584,33,8,0,Davide Bettella,Pescara,826189,7935
0,12,30.0,69,2,28.57,118,81,199,84.68,22,62.86,13,25,0,0,0,0,33,0,2,2,1,21,25,0,0,6,2,51,0,0,0.8,1.52,24,0,14.29,0,2,2,12,11,1,2,0,,33,46.48,1,0,1,36,9,11,1,7,805,1,3,0,0,0,0,0.0,0,0,0,0,104,4,0,6.74,0,0,0,0,0,0,0,0,402.5,0.0,0,14,0,7,5,6,37.5,0,8,8,100.0,11,0,16,40,55,51.89,7,140,95,235,168.5,14,1,463,19,2,0,Devid Bouah,Carrarese,928933,2745
5,0,0.0,39,9,30.0,95,141,236,83.69,11,55.0,9,10,0,0,0,0,20,0,0,0,1,40,10,0,0,0,3,23,0,0,0.1,0.07,11,0,0.0,1,0,0,8,8,0,0,0,,19,57.58,0,0,0,46,7,0,0,5,542,0,7,0,0,0,0,0.0,0,0,0,0,62,0,0,6.74,0,0,0,0,0,0,0,0,0.0,0.0,0,1,1,2,0,1,100.0,0,13,8,61.54,0,18,1,5,30,56.6,30,125,157,282,67.4,2,0,390,5,2,0,Sheriff Kassama,Juve Stabia,1424559,5324
6,2,22.22,67,15,53.57,126,75,201,82.38,4,25.0,12,19,2,0,0,0,45,1,0,4,0,13,18,0,0,15,3,61,0,0,0.39,1.07,24,0,9.09,0,1,3,9,7,2,1,0,,68,58.12,0,0,0,43,2,13,1,7,680,0,2,0,0,1,0,100.0,0,1,0,0,95,6,0,6.74,1,0,0,0,0,0,0,0,680.0,0.0,1,1,10,6,1,13,61.9,0,23,9,39.13,13,17,21,9,72,54.14,28,165,79,244,121.3,11,0,430,32,3,1,Ben Lhassine Kone,Frosinone,915280,2801
7,3,11.54,117,9,28.13,230,151,381,82.11,9,39.13,14,27,0,0,0,0,58,1,0,6,2,19,26,0,0,15,14,75,0,0,0.77,1.12,29,0,9.09,0,2,2,15,11,4,1,1,,77,55.8,0,0,0,83,18,7,1,18,1476,4,7,0,0,0,0,0.0,0,0,0,0,165,8,0,6.74,0,1,0,0,0,0,0,0,738.0,0.0,0,8,14,10,6,16,69.57,0,31,15,48.39,7,25,23,26,86,53.42,32,289,175,464,175.2,22,1,751,31,5,0,Francesco Conti,Sampdoria,1199035,2711
6,2,20.0,36,4,26.67,87,68,155,82.01,9,56.25,7,13,1,0,0,0,31,2,0,1,0,15,13,0,0,0,6,23,0,0,0.61,0.08,6,0,0.0,0,0,1,6,5,1,0,0,,27,62.79,0,0,0,34,3,5,0,2,499,0,4,0,0,0,0,0.0,0,0,0,0,56,1,0,6.74,0,0,0,0,0,0,0,0,0.0,0.0,0,0,3,1,1,4,50.0,0,16,15,93.75,5,11,8,10,36,61.02,15,106,83,189,87.6,3,0,310,7,2,0,Jérémy Oyono,Frosinone,1159161,2801
3,0,0.0,6,2,66.67,7,7,14,87.5,1,33.33,2,8,0,0,0,0,2,0,0,0,0,5,6,0,0,0,1,5,0,0,0.01,,2,0,0.0,0,0,0,0,0,0,0,0,,3,50.0,0,0,0,2,0,1,0,0,65,0,0,0,0,0,0,0.0,0,0,0,0,8,1,0,6.73,0,0,0,0,0,0,0,0,0.0,0.0,0,0,0,0,0,0,0.0,0,3,1,33.33,1,3,0,0,4,44.44,3,9,7,16,40.4,0,0,36,0,0,0,Matteo Baldi,Juve Stabia,1130506,5324
3,3,33.33,22,5,38.46,51,83,134,85.35,6,37.5,10,6,0,0,0,0,10,0,0,1,0,6,6,0,0,3,4,22,0,0,0.16,0.07,2,0,0.0,0,0,0,3,3,0,0,0,,10,45.45,0,0,0,23,4,4,0,4,313,0,5,0,0,0,0,0.0,0,0,0,0,41,0,0,6.73,0,0,0,0,0,0,0,0,0.0,0.0,0,0,1,0,0,0,0.0,0,6,2,33.33,4,9,3,9,16,42.11,13,65,92,157,40.4,1,0,211,4,2,0,Emanuele Torrasi,Juve Stabia,928795,5324
20,20,30.77,122,15,28.3,274,258,532,79.4,9,28.13,23,26,3,0,0,0,103,6,0,11,4,62,25,0,0,12,28,117,1,1,1.9,1.05,33,0,5.26,1,1,4,36,31,5,0,1,,104,52.53,0,0,0,138,16,19,0,23,2085,2,8,0,1,0,1,0.0,0,0,0,0,275,3,0,6.73,0,1,0,0,0,0,0,0,2085.0,0.0,0,9,10,7,1,16,41.03,0,45,27,60.0,18,49,39,65,113,49.13,53,355,315,670,168.3,19,0,1217,46,4,0,Lorenzo Dickmann,Bari,558552,2712
56,3,27.27,99,92,43.81,301,751,1052,81.87,105,62.5,63,35,0,0,0,0,76,1,3,5,5,179,35,0,0,5,26,142,1,1,0.51,2.02,50,0,13.64,0,3,3,44,37,7,3,0,,62,43.97,1,0,0,233,30,12,1,35,2967,1,23,0,1,0,1,0.0,0,0,0,1,271,1,0,6.73,0,1,0,0,0,0,0,0,989.0,0.0,0,20,2,8,9,0,0.0,0,42,24,57.14,11,112,1,11,167,54.05,210,451,834,1285,235.5,22,2,1728,20,14,0,Ivan Marconi,Virtus Entella,131687,43680
22,0,0.0,111,47,48.45,297,446,743,85.7,54,65.85,28,19,0,0,0,0,56,0,0,4,1,72,19,0,0,2,15,72,0,0,0.35,1.38,32,0,11.11,1,1,1,27,21,6,1,0,,42,48.84,0,0,0,124,19,2,0,17,1404,0,13,1,0,0,0,0.0,0,0,0,0,156,3,0,6.73,0,1,0,0,0,0,0,0,1404.0,0.0,0,7,2,4,1,1,50.0,0,29,12,41.38,2,46,2,1,96,57.14,97,377,490,867,127.8,9,1,1117,12,5,0,Fabio Ruggeri,Carrarese,1165179,2745
20,9,39.13,69,20,35.71,186,288,474,85.71,20,64.52,11,16,0,0,0,0,27,1,0,1,0,39,16,0,0,0,7,33,0,0,0.81,0.12,14,0,0.0,1,0,0,15,15,0,0,0,,23,51.11,0,0,0,79,4,6,0,8,786,1,4,0,0,0,1,0.0,0,0,0,0,112,0,0,6.73,0,0,0,0,0,0,0,0,0.0,0.0,0,2,1,1,1,2,50.0,0,10,8,80.0,6,39,4,23,43,56.58,56,242,311,553,107.6,3,0,719,12,2,0,Giacomo Stabile,Bari,1397506,2712
17,11,20.0,118,20,22.99,239,219,458,69.92,54,64.29,30,33,3,0,0,0,64,5,9,4,2,64,33,0,0,9,17,83,0,0,2.57,5.15,16,0,22.22,0,6,9,40,35,5,6,0,,38,41.76,4,0,1,197,13,15,2,25,2299,3,2,0,0,0,2,0.0,0,0,0,0,333,5,0,6.72,0,0,0,0,0,0,0,0,383.17,0.0,0,27,0,11,12,9,37.5,0,19,13,68.42,15,40,24,55,92,52.57,87,367,288,655,221.9,27,0,1094,10,2,0,Giuseppe Aurelio,Spezia,928889,2735
15,5,31.25,141,19,57.58,238,92,330,80.1,16,50.0,16,26,0,0,0,0,43,0,2,14,0,9,25,0,0,6,12,65,0,1,1.34,2.47,20,0,5.41,0,2,2,12,10,2,1,1,,55,52.88,1,0,1,82,3,12,0,12,1038,0,0,0,0,0,0,0.0,0,0,0,0,146,3,0,6.72,0,1,0,0,0,0,0,0,519.0,0.0,0,23,14,14,9,9,39.13,0,15,12,80.0,12,33,23,16,71,52.21,33,299,113,412,168.1,37,0,626,31,4,0,Tommaso Rubino,Carrarese,1484675,2745
32,37,34.58,156,30,45.45,248,142,390,79.92,6,21.43,22,28,3,0,0,0,59,5,1,10,0,18,28,0,1,14,10,81,1,0,4.4,1.47,20,0,5.56,0,1,4,13,12,1,1,0,,30,33.71,0,0,2,98,2,31,1,18,1591,1,0,0,0,0,0,0.0,0,0,0,1,219,6,0,6.72,1,0,0,0,0,0,0,0,1591.0,0.0,2,6,12,3,5,4,19.05,0,12,6,50.0,31,55,21,107,36,30.77,66,319,169,488,188.2,18,1,822,14,4,0,Patrick Ciurria,Monza,346676,2729
8,0,0.0,24,7,87.5,54,38,92,80.0,16,27.12,43,14,2,0,0,0,15,3,3,10,0,8,14,0,0,8,3,78,0,0,0.71,1.43,18,0,5.0,0,1,3,10,8,2,1,0,,41,53.95,0,0,0,23,1,4,1,7,625,4,2,0,0,0,0,0.0,0,0,0,0,67,3,0,6.72,0,0,0,0,0,0,0,0,625.0,0.0,0,15,5,4,6,4,30.77,0,5,2,40.0,4,8,13,2,57,42.22,8,73,42,115,94.1,20,1,257,32,0,0,Valerio Crespi,US Avellino 1912,1155434,2730
6,7,22.58,29,6,26.09,60,60,120,75.95,4,66.67,2,16,0,0,0,0,19,2,1,1,0,7,14,0,0,2,2,15,0,0,0.77,0.51,5,0,0.0,0,0,0,3,3,0,0,0,,13,50.0,0,0,0,38,5,7,0,4,441,0,2,0,0,0,0,0.0,0,0,0,0,88,2,0,6.72,0,0,0,0,0,0,0,0,0.0,0.0,1,2,2,2,1,3,37.5,0,6,3,50.0,7,12,8,31,17,53.13,23,80,78,158,94.1,4,0,278,4,2,0,Mattia Mannini,Juve Stabia,1416583,5324
10,1,25.0,38,11,45.83,84,71,155,83.78,2,50.0,2,15,0,0,0,0,14,0,0,1,0,4,14,0,0,3,4,18,0,1,0.16,0.13,7,0,0.0,0,0,0,7,5,2,0,0,,32,66.67,0,0,0,30,4,3,0,2,289,0,0,0,0,0,0,0.0,0,0,0,0,46,1,0,6.72,0,0,0,0,0,0,0,0,0.0,0.0,0,0,2,1,0,2,50.0,0,21,14,66.67,3,14,4,4,34,65.38,24,102,83,185,94.1,2,0,257,9,0,0,Leonardo Mendicino,Reggiana,1489949,24516
15,1,16.67,86,26,38.24,221,472,693,87.06,30,49.18,31,29,0,0,0,0,62,0,0,3,5,58,29,0,0,8,5,79,0,0,0.31,1.34,27,0,7.14,18,1,1,18,14,4,1,0,,69,58.97,1,0,0,103,19,4,0,18,1649,1,8,0,0,0,1,0.0,0,0,0,0,151,3,0,6.72,0,0,0,0,0,0,0,0,1649.0,0.0,0,10,4,6,5,9,45.0,0,30,16,53.33,4,43,20,6,99,55.62,68,292,504,796,194.9,14,0,1070,31,5,0,Lorenzo Lucchesi,Monza,972567,2729
15,0,0.0,25,123,26.8,76,540,616,64.23,7,87.5,1,35,1,0,0,0,253,1,0,0,5,13,35,0,0,0,0,1,0,1,0.19,,1,0,0.0,269,0,1,52,39,13,0,0,-6.88,8,100.0,0,33,0,343,0,2,0,35,3150,0,0,0,0,0,0,0.0,4,0,1,0,347,0,6,6.72,0,0,6,61,23,84,1,20,0.0,0.0,0,0,0,0,0,1,100.0,6,0,0,0.0,2,36,1,0,15,93.75,459,357,602,959,235.2,0,1,1266,11,2,0,Jonathan Klinsmann,Cesena,880761,2742
1,0,0.0,7,3,60.0,26,20,46,73.02,5,71.43,2,6,0,0,0,0,8,0,0,0,0,7,5,0,0,0,0,3,0,0,0.01,,1,0,0.0,0,0,0,3,2,1,0,0,,4,80.0,0,0,0,17,4,0,0,0,100,0,0,0,0,0,0,0.0,0,0,0,0,18,2,0,6.72,0,0,0,0,0,0,0,0,0.0,0.0,0,0,0,0,0,0,0.0,0,3,3,100.0,0,2,0,0,9,75.0,5,37,26,63,33.6,0,0,85,1,0,0,Marco Armellino,US Avellino 1912,131494,2730
8,1,16.67,23,5,45.45,67,28,95,88.79,1,25.0,3,5,0,0,0,0,10,0,0,0,0,3,5,0,1,2,2,9,0,1,0.34,0.05,2,0,0.0,0,0,0,4,3,1,0,0,,7,53.85,0,0,0,12,1,0,0,2,170,0,0,0,0,0,0,0.0,0,0,0,0,23,1,0,6.72,1,0,0,0,0,0,0,0,0.0,0.0,0,1,0,1,0,0,0.0,0,7,5,71.43,0,11,0,6,8,47.06,11,75,32,107,33.6,1,0,136,1,1,0,Jordan Ferri,Sampdoria,123229,2711
19,17,45.95,169,18,51.43,266,100,366,76.41,4,44.44,5,27,2,0,0,0,39,3,0,3,0,13,26,0,0,8,17,56,1,0,2.19,0.39,12,0,11.11,0,1,3,14,11,3,1,0,,44,46.32,0,0,0,113,9,22,0,7,903,1,2,0,0,0,0,0.0,0,0,0,1,174,5,0,6.72,0,1,0,0,0,0,0,0,903.0,0.0,2,3,6,3,3,12,46.15,0,18,14,77.78,22,41,26,37,48,46.15,35,352,127,479,174.7,9,1,662,14,2,0,Filippo Melegoni,Carrarese,795056,2745
53,12,19.35,266,49,34.03,545,537,1082,79.27,57,52.78,51,37,0,0,0,0,122,1,0,3,6,124,37,0,0,16,8,116,0,1,1.08,0.38,36,0,8.33,0,1,1,40,31,9,1,0,,87,57.24,1,0,0,283,25,12,0,35,3014,0,16,0,0,0,0,0.0,0,0,0,0,462,3,0,6.72,1,0,0,0,0,0,0,0,3014.0,0.0,0,7,5,8,1,9,47.37,0,32,24,75.0,12,124,19,62,144,55.38,144,741,624,1365,248.5,12,1,2082,47,4,1,Luca Parodi,Virtus Entella,599788,43680
5,12,31.58,118,11,45.83,181,86,267,82.15,0,0.0,3,19,2,0,0,0,32,3,0,2,0,3,19,0,0,10,4,33,0,1,1.43,0.39,9,0,0.0,0,0,2,9,8,1,0,0,,28,48.28,0,0,1,58,2,23,0,5,573,0,1,0,0,0,0,0.0,0,0,0,0,110,5,0,6.72,0,0,0,0,0,0,0,0,0.0,0.0,1,2,4,3,1,6,46.15,0,9,6,66.67,23,19,13,38,28,45.9,24,227,98,325,127.6,6,0,445,13,1,0,César Falletti,Mantova,345899,2770
41,10,33.33,167,53,42.4,365,516,881,81.8,27,42.19,37,32,0,0,0,0,81,2,1,6,4,97,32,0,0,8,31,115,0,1,1.48,1.45,30,0,9.09,0,2,2,34,26,8,2,0,,90,53.57,1,0,0,196,41,14,0,25,2235,0,21,0,0,0,2,0.0,0,0,0,0,289,2,0,6.72,0,1,0,0,0,0,0,0,1117.5,0.0,0,15,7,10,6,9,45.0,0,65,39,60.0,14,81,20,30,117,50.43,125,500,577,1077,214.9,22,1,1663,17,6,0,Carlo Faedo,Padova,1137689,2741
9,1,100.0,14,15,38.46,76,248,324,86.86,32,64.0,18,13,0,0,0,0,40,0,2,1,2,100,13,0,0,0,2,27,0,1,0.13,0.96,10,0,0.0,1,0,0,14,10,4,0,0,,16,64.0,0,0,0,49,6,2,0,12,972,0,10,0,0,0,0,0.0,0,0,0,0,55,1,0,6.72,0,0,0,0,0,0,0,0,0.0,0.0,0,4,0,2,1,1,100.0,0,7,4,57.14,2,19,1,1,48,64.0,39,105,268,373,87.3,4,0,532,8,3,0,Paolo Rozzio,Reggiana,131604,24516
4,5,38.46,43,8,40.0,67,54,121,78.57,2,20.0,8,14,1,0,0,0,11,2,1,5,2,23,14,0,0,2,4,17,0,0,1.06,0.22,4,0,12.5,0,1,2,7,6,1,0,1,,12,57.14,0,0,0,33,3,4,1,7,678,0,1,0,0,0,0,0.0,0,0,0,0,59,0,0,6.71,0,0,0,0,0,0,0,0,678.0,0.0,0,4,4,2,1,1,100.0,0,6,4,66.67,4,9,1,13,14,45.16,20,91,63,154,94.0,8,0,286,5,0,0,Riccardo Marchizza,Frosinone,792311,2801
24,5,11.9,101,20,34.48,188,110,298,78.42,6,26.09,17,16,0,0,0,0,48,3,0,3,1,10,16,0,1,14,11,82,0,1,1.15,0.72,36,0,5.56,0,1,1,16,13,3,1,0,,57,46.72,0,0,1,82,6,11,1,12,874,1,2,0,0,0,0,0.0,0,0,0,0,161,7,0,6.71,1,0,0,0,0,0,0,0,874.0,0.0,0,4,14,12,3,11,61.11,0,19,11,57.89,11,61,18,42,63,43.45,58,265,115,380,107.4,18,0,590,27,6,0,Filippo Bandinelli,Spezia,812332,2735
13,2,40.0,63,10,52.63,108,63,171,60.42,48,46.6,55,25,1,0,0,0,35,2,8,14,1,15,25,0,0,22,3,103,0,0,0.63,5.14,21,0,12.5,0,6,7,23,19,4,6,0,,31,39.24,0,0,0,112,4,12,5,15,1458,9,3,0,0,0,0,0.0,0,0,0,0,198,11,0,6.71,0,1,0,0,0,0,0,0,243.0,0.0,0,38,10,18,16,8,53.33,0,10,6,60.0,12,22,15,5,79,43.41,19,204,79,283,167.8,48,0,525,13,0,0,Kevin Lasagna,Padova,587962,2741
9,6,40.0,48,13,38.24,116,180,296,83.38,12,50.0,12,20,0,0,0,0,46,2,0,1,1,37,20,0,0,3,8,44,0,2,0.67,0.16,18,0,0.0,0,0,0,9,7,2,0,0,,36,52.94,0,0,0,59,12,7,0,9,927,0,2,1,0,0,0,0.0,0,0,0,0,110,1,0,6.71,0,0,0,0,0,0,0,0,0.0,0.0,0,2,1,1,1,4,50.0,0,22,10,45.45,7,20,8,15,48,52.17,34,151,204,355,134.2,3,0,598,10,5,0,Bartosz Bereszyński,Palermo,109461,2715
22,6,23.08,110,21,63.64,196,101,297,73.15,28,53.85,24,21,2,0,0,0,41,1,1,5,0,23,21,0,0,9,9,56,0,0,1.43,1.41,12,0,0.0,0,0,2,22,20,2,0,0,,37,53.62,0,0,0,109,7,13,0,11,1109,0,1,0,1,0,0,0.0,0,0,0,0,167,6,0,6.71,0,0,0,0,0,0,0,0,0.0,0.0,0,10,4,3,6,3,42.86,0,20,14,70.0,12,48,7,26,65,53.72,33,279,127,406,140.9,14,0,612,14,1,0,Lorenzo Ignacchiti,Empoli,1122483,2705
23,15,23.81,166,15,53.57,318,181,499,83.72,12,46.15,14,26,1,0,0,0,40,2,4,17,0,11,26,0,1,18,7,67,1,0,2.71,2.75,21,0,3.13,0,1,2,17,12,5,1,0,,55,50.93,0,0,0,97,4,27,1,11,1027,4,2,0,2,0,0,0.0,0,0,0,0,195,4,0,6.71,2,0,0,0,0,0,0,0,1027.0,0.0,1,17,15,12,3,9,50.0,0,26,15,57.69,25,43,18,63,67,50.0,28,393,203,596,174.4,32,1,868,20,1,1,Simone Bastoni,Cesena,385330,2742
17,0,0.0,52,29,42.65,171,271,442,83.55,27,55.1,22,13,0,0,0,0,27,0,0,1,2,46,13,0,0,1,4,41,0,0,0.17,0.21,12,0,0.0,3,0,0,13,11,2,0,0,,24,55.81,0,0,0,87,10,2,0,10,885,0,2,0,0,0,0,0.0,0,0,0,1,110,0,0,6.71,0,0,0,0,0,0,0,0,0.0,0.0,0,1,1,1,0,0,0.0,0,17,10,58.82,2,40,2,2,51,55.43,68,234,295,529,87.2,2,0,682,8,4,0,Stipe Vulikić,Sampdoria,1020921,2711
25,4,28.57,97,71,49.65,284,669,953,86.72,33,49.25,34,28,1,0,0,0,80,0,1,2,4,90,28,0,0,3,10,73,0,0,0.44,0.93,22,0,18.18,21,2,3,32,26,6,1,1,,55,58.51,1,0,1,146,30,9,1,22,2053,0,17,0,0,0,0,0.0,0,0,0,0,178,3,0,6.71,1,0,0,0,0,0,0,0,1026.5,0.0,0,5,6,5,4,2,22.22,0,32,26,81.25,9,76,9,14,88,54.66,143,388,711,1099,187.8,11,0,1399,22,2,1,Patrick Enrici,US Avellino 1912,970883,2730
39,7,25.93,159,65,44.22,394,561,955,80.66,77,72.64,29,29,1,0,0,0,109,3,1,5,5,135,29,0,0,7,19,119,1,0,1.81,1.32,64,0,0.0,1,0,1,41,37,4,0,0,,77,46.11,0,0,0,229,49,14,0,28,2445,0,19,0,1,0,1,0.0,0,0,0,0,313,3,0,6.71,0,0,0,0,0,0,0,0,0.0,0.0,0,14,2,8,3,3,50.0,0,39,22,56.41,13,105,6,27,154,56.41,147,558,626,1184,194.5,16,0,1745,44,7,0,Aleš Matějů,Spezia,280613,2735
44,0,0.0,101,82,48.81,292,713,1005,85.75,58,62.37,35,34,0,0,0,0,81,2,1,2,3,147,34,0,0,7,13,100,0,0,0.26,0.9,46,0,6.67,36,1,1,49,43,6,1,0,,72,52.55,0,0,0,167,33,6,1,29,2661,0,21,0,0,0,1,0.0,0,0,0,0,210,1,0,6.71,0,0,0,0,0,0,0,0,2661.0,0.0,0,9,6,7,6,3,42.86,0,45,27,60.0,6,100,7,2,130,56.52,168,400,772,1172,228.0,15,0,1615,26,4,0,Riccardo Capellini,Pescara,928815,7935
6,0,0.0,38,29,40.85,120,292,412,82.24,46,64.79,25,19,0,0,0,0,27,1,0,1,2,71,18,0,0,1,3,46,0,0,0.23,0.32,17,0,0.0,0,0,0,18,14,4,0,0,,26,55.32,0,0,0,89,14,3,0,11,1133,0,7,0,0,0,0,0.0,0,0,0,0,123,0,0,6.71,0,0,0,0,0,0,0,0,0.0,0.0,0,6,0,4,1,0,0.0,0,22,12,54.55,3,26,0,4,72,61.02,71,182,319,501,120.7,6,0,721,4,1,0,Mattia Alborghetti,Virtus Entella,916269,43680
41,20,24.1,171,47,32.19,258,116,374,64.37,34,62.96,20,29,2,0,0,0,72,4,1,6,1,47,29,0,0,14,4,85,0,0,2.0,1.75,39,0,0.0,0,0,2,29,23,6,0,0,,44,40.37,0,0,0,207,13,16,0,21,1949,0,2,0,0,0,0,0.0,0,0,0,0,385,8,0,6.7,0,0,0,0,0,0,0,0,0.0,0.0,0,19,12,17,8,5,31.25,0,17,11,64.71,16,116,16,83,78,47.85,146,421,160,581,194.4,31,0,1087,22,7,0,Simone Davì,Südtirol,970570,2760
11,1,9.09,87,19,45.24,171,87,258,75.66,16,36.36,28,28,0,0,0,0,48,0,1,4,0,20,28,0,0,12,3,60,0,1,0.65,1.1,15,0,17.65,0,3,3,19,17,2,2,1,,37,53.62,1,0,0,83,8,9,0,9,1017,2,1,0,1,0,0,0.0,0,0,0,1,135,6,0,6.7,0,2,0,0,0,0,0,0,339.0,0.0,0,11,6,5,8,11,64.71,0,10,4,40.0,8,24,17,11,53,46.9,42,232,109,341,187.6,17,1,545,17,3,0,Luca Di Maggio,Padova,1216306,2741
26,2,22.22,170,19,31.15,341,239,580,82.04,17,37.78,28,36,4,0,0,0,109,3,2,9,8,32,36,0,0,12,15,89,0,0,1.97,2.37,30,0,6.06,0,2,6,18,17,1,2,0,,56,47.86,0,0,2,127,12,20,0,23,2246,0,3,0,0,0,0,0.0,0,0,0,0,184,8,0,6.7,0,2,0,0,0,0,0,0,1123.0,0.0,0,18,15,13,11,8,61.54,0,42,28,66.67,20,52,13,9,73,45.06,61,435,272,707,241.2,33,0,973,7,4,0,Matteo Cichella,Frosinone,1493209,2801
17,26,32.5,134,23,39.66,254,184,438,78.07,17,56.67,13,28,1,0,0,0,59,5,1,15,0,40,28,0,0,14,19,98,0,2,2.24,1.28,47,0,4.76,0,2,3,31,25,6,1,1,,60,41.38,0,0,2,123,12,32,1,15,1345,5,6,0,0,0,0,0.0,0,0,0,0,230,5,0,6.7,0,1,0,0,0,0,0,0,672.5,0.0,4,11,31,13,14,2,18.18,0,45,28,62.22,32,51,11,80,77,44.0,58,344,217,561,187.6,42,0,951,13,3,0,Fabrizio Caligara,Pescara,839223,7935
6,6,25.0,85,8,40.0,108,31,139,68.81,18,58.06,13,19,0,0,0,0,27,0,0,5,0,6,19,0,0,6,4,37,0,0,1.26,1.25,6,0,10.0,0,1,1,6,6,0,1,0,,17,41.46,0,0,0,63,2,10,0,6,629,0,2,0,0,0,0,0.0,0,0,0,0,118,5,0,6.7,0,1,0,0,0,0,0,0,629.0,0.0,0,8,2,3,2,1,11.11,0,10,9,90.0,10,11,9,24,35,48.61,20,156,46,202,127.3,10,1,335,7,1,0,Domen Črnigoj,Südtirol,232096,2760
6,4,15.38,85,20,58.82,175,160,335,91.53,1,25.0,3,17,0,0,0,0,20,0,0,1,0,13,17,0,0,5,0,15,0,1,0.92,0.7,4,0,14.29,0,1,1,17,16,1,1,0,,16,57.14,0,0,0,31,2,7,1,3,587,0,2,0,0,0,0,0.0,0,0,0,0,65,1,0,6.7,0,0,0,0,0,0,0,0,587.0,0.0,1,2,5,3,3,3,50.0,0,8,5,62.5,7,14,6,26,17,53.13,34,198,168,366,113.9,7,0,460,5,0,0,Marco Pompetti,Catanzaro,867628,2796
3,0,0.0,9,14,51.85,38,103,141,79.21,14,63.64,8,11,1,0,0,0,11,1,1,0,1,21,11,0,0,0,1,11,0,0,0.18,0.61,2,0,0.0,1,0,1,7,5,2,0,0,,7,70.0,0,0,0,37,6,2,0,4,439,0,3,0,0,0,0,0.0,0,0,0,0,47,0,0,6.7,0,0,0,0,0,0,0,0,0.0,0.0,0,2,0,2,0,0,0.0,0,6,3,50.0,2,7,0,2,21,65.63,27,61,117,178,73.7,2,0,254,1,1,0,Davide Veroli,Palermo,1068357,2715
0,0,0.0,1,10,43.48,6,19,25,62.5,0,0.0,0,2,0,0,0,0,9,0,0,0,0,8,2,0,0,0,0,0,1,0,0.0,,0,0,0.0,16,0,0,3,2,1,0,0,0.05,0,0.0,0,0,0,15,0,0,0,2,180,0,0,0,0,0,0,0.0,0,0,0,0,17,0,4,6.7,0,0,0,2,0,2,0,1,0.0,0.0,0,0,0,0,0,0,0.0,0,0,0,0.0,0,1,0,0,0,0.0,23,15,25,40,13.4,0,0,57,0,0,0,Gaëtan Coucke,Sampdoria,794989,2711
3,0,0.0,11,3,50.0,16,26,42,85.71,1,100.0,0,2,0,0,0,0,3,0,0,0,0,4,2,0,0,0,1,4,0,0,0.02,,3,0,0.0,0,0,0,1,1,0,0,0,,2,33.33,0,0,0,7,2,1,0,1,83,0,0,0,0,0,0,0.0,0,0,0,0,10,0,0,6.7,0,0,0,0,0,0,0,0,0.0,0.0,0,0,0,0,0,0,0.0,0,2,1,50.0,1,5,0,0,3,42.86,6,18,31,49,13.4,0,0,67,0,0,0,Senan Mullen,Mantova,1191912,2770
6,0,0.0,6,24,28.24,18,68,86,58.5,3,100.0,0,6,0,0,0,0,46,0,0,0,1,8,6,0,0,0,0,0,2,1,0.01,,0,0,0.0,28,0,0,7,6,1,0,0,0.56,0,0.0,0,8,0,61,0,0,0,6,540,0,0,0,0,0,0,0.0,0,0,0,0,66,0,3,6.7,0,0,2,8,4,13,0,4,0.0,0.0,0,0,0,0,0,0,0.0,2,0,0,0.0,0,16,0,0,3,100.0,85,69,78,147,40.2,0,0,214,0,0,0,Mouhamadou Sarr,Spezia,954291,2735
8,8,21.62,35,8,61.54,55,19,74,79.57,2,28.57,5,11,0,0,0,0,12,0,1,4,0,0,11,0,0,8,2,28,0,0,1.13,0.84,6,0,0.0,0,0,0,2,2,0,0,0,,14,37.84,0,0,0,19,1,5,0,3,305,3,0,0,0,0,0,0.0,0,0,0,0,76,2,0,6.7,0,0,0,0,0,0,0,0,0.0,0.0,2,6,5,5,2,5,38.46,0,3,2,66.67,5,15,13,37,16,36.36,13,71,22,93,73.7,11,0,204,6,2,0,Simone Verdi,Südtirol,98058,2760
0,2,25.0,13,3,37.5,25,34,59,85.51,0,0.0,1,6,0,0,0,0,10,0,1,0,0,5,6,0,0,1,2,7,0,0,0.13,0.52,0,0,0.0,0,0,0,2,2,0,0,0,,14,70.0,0,0,0,10,0,2,0,1,171,1,0,0,0,0,0,0.0,0,0,0,0,25,1,0,6.7,0,0,0,0,0,0,0,0,0.0,0.0,0,1,0,1,0,3,50.0,0,7,4,57.14,2,2,6,8,14,66.67,8,30,39,69,40.2,1,0,112,4,1,0,Antonio Imputato,Modena,1463397,2706
28,8,47.06,63,35,37.23,174,449,623,83.85,59,63.44,34,21,0,0,0,0,32,3,1,1,2,97,21,0,0,0,8,59,0,2,1.11,0.4,16,0,0.0,5,0,0,31,31,0,0,0,,24,48.98,0,0,0,120,10,8,0,18,1580,0,14,0,1,0,0,0.0,0,0,0,0,172,1,0,6.7,0,0,0,0,0,0,0,0,0.0,0.0,0,7,1,5,2,1,16.67,0,12,7,58.33,7,54,6,17,83,58.45,94,246,497,743,140.7,8,1,1024,13,2,0,Valerio Mantovani,Bari,814342,2712
1,8,34.78,12,2,100.0,16,25,41,80.39,1,100.0,0,7,0,0,0,0,7,1,0,1,0,2,7,0,0,3,1,8,0,0,0.66,0.23,1,0,0.0,0,0,0,4,3,1,0,0,,8,50.0,0,0,0,10,1,6,0,2,189,2,0,0,0,0,0,0.0,0,0,0,0,35,0,0,6.7,0,0,0,0,0,0,0,0,0.0,0.0,0,2,1,2,0,2,40.0,0,3,1,33.33,6,1,5,23,9,52.94,2,24,27,51,46.9,3,0,104,3,0,0,Luz Dos Santos Priveato Matheu,Juve Stabia,2241574,5324
5,2,100.0,21,9,50.0,48,64,112,81.75,5,62.5,3,8,0,0,0,0,14,0,0,1,0,9,8,0,0,0,2,12,0,0,0.13,0.15,7,0,0.0,0,0,0,5,5,0,0,0,,17,65.38,0,0,0,25,3,2,0,2,235,0,3,0,0,0,1,0.0,0,0,0,0,31,0,0,6.7,0,0,0,0,0,0,0,0,0.0,0.0,1,1,2,1,1,1,50.0,0,13,7,53.85,2,16,2,2,22,64.71,18,65,72,137,53.6,3,0,192,3,3,0,Daniele Baselli,Padova,168647,2741
5,2,33.33,153,12,54.55,332,269,601,93.03,6,27.27,16,27,1,0,0,0,70,2,2,1,0,17,27,0,0,8,9,56,0,1,1.12,1.09,18,0,16.67,0,1,2,29,25,4,1,0,,43,51.81,0,0,0,45,5,14,0,15,1389,1,5,0,0,0,0,0.0,0,0,0,0,76,6,0,6.7,0,1,0,0,0,0,0,0,1389.0,0.0,0,3,3,2,3,7,50.0,0,21,14,66.67,14,14,14,6,49,46.67,22,359,287,646,180.8,6,0,801,16,4,0,David Wieser,Mantova,1067202,2770
2,5,20.83,70,5,83.33,124,74,198,77.95,3,25.0,9,24,1,0,0,0,48,3,1,13,0,9,24,0,0,11,9,64,0,0,1.59,1.22,18,0,0.0,0,0,1,19,17,2,0,0,,70,56.0,0,0,0,56,9,12,0,11,938,2,1,0,1,0,1,0.0,0,0,0,0,137,5,0,6.7,0,0,0,0,0,0,0,0,0.0,0.0,2,6,20,9,4,21,55.26,0,15,9,60.0,11,9,38,24,73,53.28,6,166,88,254,160.7,26,0,486,34,4,0,Kleis Bozhanaj,Reggiana,970874,24516
18,10,32.26,111,23,50.0,175,83,258,76.33,25,52.08,23,23,1,0,0,0,54,0,0,6,2,22,23,0,0,8,8,63,0,0,1.15,0.93,22,0,12.5,0,2,3,16,13,3,1,1,,29,42.03,0,0,0,80,8,11,0,12,1070,2,1,0,0,0,0,0.0,0,0,0,0,132,7,0,6.7,0,2,0,0,0,0,0,0,535.0,0.0,0,6,10,6,4,5,71.43,0,20,13,65.0,11,32,7,31,54,46.15,46,228,110,338,154.0,16,0,508,4,4,0,Jacopo Martini,Südtirol,1137136,2760
23,6,20.69,154,20,71.43,262,149,411,85.45,3,33.33,6,21,2,0,0,0,46,4,0,8,0,8,21,0,1,8,10,39,0,0,1.97,1.96,6,0,4.35,0,1,3,19,15,4,1,0,,33,50.0,0,0,0,70,9,18,1,12,991,2,1,0,0,1,0,100.0,0,1,0,0,149,7,0,6.7,1,0,0,0,0,0,0,0,991.0,0.0,2,8,15,9,6,12,54.55,0,11,6,54.55,18,35,22,29,36,48.0,28,313,168,481,140.6,23,1,669,10,0,0,Roberto Insigne,US Avellino 1912,296432,2730
2,2,20.0,50,2,100.0,84,58,142,87.65,5,23.81,16,20,1,0,0,0,11,0,2,4,0,2,20,0,0,7,7,37,0,0,0.33,2.1,4,0,20.0,0,3,4,13,10,3,3,0,,24,53.33,0,0,0,20,1,6,1,4,637,0,0,0,0,0,0,0.0,0,0,0,0,53,2,0,6.7,0,2,0,0,0,0,0,0,212.33,0.0,0,14,1,7,4,7,63.64,0,11,4,36.36,6,4,11,10,29,43.94,2,100,62,162,133.9,15,0,261,6,1,0,Filippo Distefano,Carrarese,1050695,2745
15,1,100.0,72,17,54.84,128,81,209,82.28,7,43.75,9,12,0,0,0,0,29,1,0,3,0,4,12,0,1,8,6,54,0,0,0.8,0.94,22,0,6.67,0,1,1,8,7,1,1,0,,58,56.31,0,0,0,45,1,10,1,10,714,0,2,0,1,0,0,0.0,0,0,0,0,101,1,0,6.69,1,0,0,0,0,0,0,0,714.0,0.0,0,4,11,6,6,15,62.5,0,16,7,43.75,9,29,24,1,65,54.62,31,165,89,254,80.3,15,0,422,27,3,0,Gennaro Acampora,Pescara,232774,7935
21,6,20.69,90,33,37.08,193,266,459,80.1,30,52.63,27,22,0,0,0,0,28,1,0,0,1,60,22,0,0,1,9,57,0,0,0.42,,20,0,0.0,0,0,0,18,15,3,0,0,,37,55.22,0,0,0,114,18,6,0,17,1400,1,14,0,0,0,0,0.0,0,0,0,0,169,0,0,6.69,0,0,0,0,0,0,0,0,0.0,0.0,0,0,0,0,0,2,66.67,0,24,15,62.5,6,58,3,29,67,54.03,89,275,298,573,147.2,0,0,876,11,3,0,Francesco Belli,Padova,588160,2741
30,0,0.0,34,51,44.35,130,470,600,80.75,103,65.19,55,21,1,0,0,0,29,2,0,2,1,135,21,0,1,1,4,92,0,0,0.25,0.77,37,0,0.0,26,0,1,41,39,2,0,0,,40,51.95,0,0,0,143,20,3,0,21,1803,0,20,0,0,0,0,0.0,0,0,0,0,157,0,0,6.69,1,0,0,0,0,0,0,0,0.0,0.0,0,9,0,7,0,0,0.0,0,15,12,80.0,3,66,0,1,143,60.85,115,230,513,743,140.5,9,0,1038,29,5,0,Riccardo Brosco,Pescara,42768,7935
12,4,19.05,139,9,47.37,190,84,274,65.08,35,38.04,57,28,3,0,0,0,45,2,8,14,1,14,27,0,0,28,7,131,0,1,1.99,8.65,19,0,14.29,0,9,12,25,22,3,7,2,,40,35.09,1,0,1,147,0,22,1,19,1797,27,1,0,1,4,0,100.0,0,4,0,0,283,10,0,6.69,0,7,0,0,0,0,0,0,199.67,0.0,1,46,17,26,23,15,39.47,0,10,7,70.0,21,29,38,21,75,36.41,19,314,107,421,180.6,63,2,728,15,1,0,Massimo Coda,Sampdoria,41222,2711
10,4,18.18,141,11,44.0,304,264,568,87.25,12,35.29,22,27,2,0,0,0,64,3,2,8,2,18,27,0,0,10,10,76,0,0,1.28,2.16,26,0,5.26,0,1,3,14,13,1,1,0,,40,42.55,0,0,2,83,10,9,1,11,1121,2,1,0,1,0,0,0.0,0,0,0,0,152,7,0,6.69,0,0,0,0,0,0,0,0,1121.0,0.0,0,13,6,4,7,3,27.27,0,20,9,45.0,8,24,11,22,52,40.63,25,364,287,651,180.6,19,1,859,17,6,0,Leonardo Colombo,Monza,1424560,2729
13,4,30.77,72,13,59.09,156,93,249,81.91,4,26.67,11,19,0,0,0,0,27,1,3,3,1,22,18,0,0,9,6,46,0,1,1.0,2.59,12,0,8.33,0,1,1,17,12,5,1,0,,44,55.7,0,0,0,55,9,12,0,10,945,2,0,0,1,0,0,0.0,0,0,0,0,112,4,0,6.69,0,1,0,0,0,0,0,0,945.0,0.0,0,9,3,4,5,8,50.0,0,24,4,16.67,11,23,16,13,48,51.06,22,198,106,304,120.4,12,1,486,12,2,0,Justin Kumi,US Avellino 1912,1137256,2730
23,5,22.73,150,16,43.24,234,98,332,68.6,54,49.09,56,34,0,0,0,0,61,1,1,12,0,34,34,0,1,22,10,117,0,0,1.8,1.42,23,0,4.76,0,1,1,26,20,6,0,1,,63,50.81,0,0,1,152,18,11,0,23,1873,0,12,0,0,0,0,0.0,0,0,0,0,229,3,0,6.69,1,1,0,0,0,0,0,0,1873.0,0.0,0,17,4,4,5,4,40.0,0,27,12,44.44,11,39,10,22,117,50.0,37,360,124,484,227.4,21,0,805,35,2,0,Fabian Tait,Südtirol,143238,2760
3,4,50.0,30,3,33.33,78,97,175,87.94,6,54.55,5,14,0,0,0,0,14,0,0,0,0,10,14,0,0,1,1,15,0,0,0.23,0.02,6,0,0.0,0,0,0,10,9,1,0,0,,7,41.18,0,0,0,24,1,4,0,4,443,0,5,0,0,0,0,0.0,0,0,0,0,34,0,0,6.69,0,0,0,0,0,0,0,0,0.0,0.0,0,0,1,1,0,0,0.0,0,5,3,60.0,4,6,2,8,13,46.43,9,93,106,199,93.6,1,0,256,2,1,0,Davide Buglio,Catanzaro,879352,2796
31,3,17.65,120,44,28.95,304,671,975,81.66,62,54.87,51,34,0,0,0,0,105,0,1,3,8,133,34,0,1,15,20,123,0,2,1.0,0.93,31,0,0.0,0,0,0,49,37,12,0,0,,100,58.14,0,0,1,219,35,7,0,33,2932,4,23,0,0,0,0,0.0,0,0,0,0,396,4,0,6.69,1,0,0,0,0,0,0,0,0.0,0.0,0,3,3,3,0,3,33.33,0,46,28,60.87,7,71,9,17,162,56.84,152,438,756,1194,227.3,6,2,1873,55,8,0,Andrea Papetti,Reggiana,1023080,24516
12,7,36.84,139,22,33.33,321,379,700,85.78,22,48.89,23,30,1,0,0,0,55,1,1,3,4,49,30,0,0,4,7,44,0,0,0.69,0.61,9,0,0.0,0,0,1,22,20,2,0,0,,45,68.18,0,0,0,116,6,9,0,15,1555,1,3,0,0,0,0,0.0,0,0,0,0,165,2,0,6.68,0,0,0,0,0,0,0,0,0.0,0.0,0,6,3,5,1,10,90.91,0,19,9,47.37,9,33,11,19,67,60.36,66,394,422,816,200.5,9,0,1139,18,0,0,Tommaso Maggioni,Mantova,1084827,2770
3,3,37.5,47,4,40.0,75,26,101,61.59,21,53.85,18,23,2,0,0,0,20,4,3,4,0,6,23,0,0,11,4,64,0,0,1.45,1.33,17,0,0.0,0,0,2,5,5,0,0,0,,38,45.24,0,0,1,63,8,11,0,3,553,2,1,0,0,0,0,0.0,0,0,0,1,126,2,0,6.68,0,0,0,0,0,0,0,0,0.0,0.0,0,13,2,8,3,6,28.57,0,12,8,66.67,11,10,21,8,59,47.97,10,128,36,164,153.7,15,0,333,21,2,0,Aljoša Vasić,Palermo,1018226,2715
53,2,10.53,269,55,40.44,439,250,689,69.39,40,53.33,35,34,0,0,0,0,122,0,1,12,1,38,34,0,1,12,36,146,0,1,1.27,1.5,61,0,3.23,0,1,1,31,28,3,0,1,,119,51.74,0,0,0,304,42,19,0,32,2445,0,7,0,0,0,0,0.0,0,0,0,0,376,14,0,6.68,1,1,0,0,0,0,0,0,2445.0,0.0,0,11,20,16,3,10,62.5,0,87,56,64.37,19,110,16,19,159,52.13,136,692,301,993,227.2,31,0,1400,23,7,0,Simone Tronchin,Südtirol,1012133,2760
8,24,33.8,68,21,61.76,121,71,192,67.84,10,45.45,12,32,3,0,0,0,45,5,3,11,1,13,28,0,0,13,12,61,0,1,2.42,2.65,8,0,2.56,0,1,4,21,17,4,0,1,,32,39.51,0,0,1,91,6,25,0,11,1079,2,3,0,1,0,0,0.0,0,0,0,0,197,8,0,6.68,0,1,0,0,0,0,0,0,1079.0,0.0,3,23,16,21,7,4,18.18,0,13,5,38.46,24,23,22,71,42,40.78,34,188,95,283,187.1,39,1,554,18,3,0,Tommaso Fumagalli,Reggiana,993281,24516
12,31,26.27,100,19,38.78,173,108,281,75.34,15,48.39,16,20,2,0,0,0,45,5,2,8,1,27,20,0,0,16,7,69,0,0,3.08,1.26,29,0,7.69,0,1,3,30,26,4,1,0,,54,50.47,0,0,1,92,8,26,0,15,1432,2,2,0,1,0,1,0.0,0,0,0,0,252,1,0,6.68,0,1,0,0,0,0,0,0,1432.0,0.0,2,8,5,3,2,16,69.57,0,25,13,52.0,25,23,23,118,69,50.0,49,233,140,373,133.6,13,0,757,13,2,0,Leonardo Sernicola,Spezia,812314,2735
3,0,0.0,24,2,40.0,43,28,71,83.53,0,0.0,3,10,0,0,0,0,7,0,1,1,0,2,10,0,0,2,1,8,0,0,0.22,0.84,1,0,16.67,0,1,1,10,9,1,1,0,,12,70.59,0,0,0,14,0,5,1,2,278,0,0,0,0,0,0,0.0,0,0,0,0,20,0,0,6.68,0,0,0,0,0,0,0,0,278.0,0.0,0,3,3,3,2,3,75.0,0,2,2,100.0,5,4,4,0,12,60.0,5,50,35,85,66.8,6,0,123,7,1,0,Davide Merola,Pescara,865645,7935
7,0,0.0,23,10,25.0,84,355,439,86.25,50,64.1,28,20,0,0,0,0,26,0,3,0,3,75,20,0,0,1,6,59,0,0,0.07,1.29,25,0,0.0,13,0,0,20,16,4,0,0,,43,58.11,0,0,0,70,21,3,0,12,1229,0,14,0,0,0,2,0.0,0,0,0,0,84,0,0,6.68,0,0,0,0,0,0,0,0,0.0,0.0,0,7,1,8,0,1,50.0,0,37,18,48.65,3,15,2,0,93,61.18,40,134,375,509,133.6,8,0,728,5,5,0,Lorenzo Villa,Padova,1184566,2741
2,14,37.84,106,7,53.85,174,98,272,82.42,22,59.46,15,29,1,0,0,0,41,3,7,7,1,28,29,0,0,12,5,70,0,0,2.33,3.48,20,0,3.23,0,1,2,12,10,2,1,0,,50,47.62,0,0,2,58,2,18,0,12,1324,3,2,0,1,0,0,0.0,0,0,0,1,160,4,0,6.68,0,1,0,0,0,0,0,0,1324.0,0.0,0,25,6,14,10,11,35.48,0,17,10,58.82,17,8,31,37,72,50.7,13,215,115,330,193.7,31,0,639,22,1,0,Richie Sagrado,Venezia,1198069,2688
4,0,0.0,35,2,100.0,52,10,62,66.67,13,35.14,24,15,1,0,0,0,19,4,2,4,0,4,14,0,0,17,6,73,0,0,0.43,1.38,18,0,7.14,0,1,2,12,11,1,1,0,,42,46.15,0,0,0,31,1,6,0,7,675,7,1,0,0,0,0,0.0,0,0,0,1,91,6,0,6.68,0,1,0,0,0,0,0,0,675.0,0.0,0,12,2,3,7,7,41.18,0,2,1,50.0,6,6,17,1,55,42.97,2,78,15,93,93.5,14,0,241,33,1,0,Alvin Obinna Okoro,Juve Stabia,1898935,5324
6,0,0.0,114,6,75.0,177,51,228,66.86,66,47.14,74,33,2,1,0,1,29,4,14,7,0,11,33,0,0,16,1,117,0,0,1.72,13.79,29,0,17.46,0,11,13,20,15,5,11,0,,40,48.19,1,0,2,113,3,15,0,19,1761,8,0,0,0,9,0,77.78,0,7,0,2,184,7,0,6.68,0,10,0,0,0,0,0,0,160.09,0.0,0,57,6,27,29,6,60.0,0,8,5,62.5,15,12,10,2,106,47.53,8,273,68,341,220.3,63,1,571,27,0,0,Ettore Gliozzi,Modena,374506,2706
20,12,27.91,214,17,30.91,350,191,541,73.61,40,45.45,48,36,1,0,0,0,126,6,8,22,5,38,36,0,0,25,23,139,0,1,2.38,9.23,28,0,7.5,0,6,7,39,31,8,6,0,,98,51.85,1,0,2,194,22,34,1,33,2878,4,5,0,1,3,0,100.0,0,3,0,0,329,15,0,6.68,0,4,0,0,0,0,0,0,479.67,0.0,2,61,19,30,28,15,46.88,0,46,26,56.52,33,57,32,43,138,49.82,55,489,246,735,240.3,80,2,1234,41,4,0,Andrea Franzoni,Virtus Entella,967635,43680
34,5,16.13,230,40,42.11,482,336,818,78.28,25,55.56,20,36,3,0,0,0,142,6,0,10,2,40,36,0,0,29,30,126,1,2,1.79,2.22,37,0,2.5,0,1,4,44,38,6,1,0,,117,52.47,0,0,3,227,16,41,0,35,2843,2,5,0,1,0,1,0.0,0,0,0,1,344,16,0,6.68,0,1,0,0,0,0,0,0,2843.0,0.0,0,17,23,20,10,11,45.83,0,58,34,58.62,40,71,24,31,142,52.99,95,644,401,1045,240.3,40,0,1515,49,8,0,Luca Valzania,Pescara,541714,7935
25,3,21.43,59,36,43.9,171,260,431,79.08,23,79.31,6,12,2,0,0,0,55,3,1,1,0,48,12,0,1,6,8,46,0,1,0.8,0.71,14,0,10.0,18,1,3,22,21,1,1,0,,27,40.3,1,0,0,114,11,7,0,12,1035,1,4,0,0,0,0,0.0,0,0,0,0,192,1,0,6.68,1,0,0,0,0,0,0,0,1035.0,0.0,0,8,2,5,4,8,38.1,0,18,12,66.67,7,51,21,14,50,52.08,82,252,293,545,80.1,10,1,782,1,3,0,Giovanni Bonfanti,Spezia,1183625,2735
6,3,12.0,87,3,20.0,155,84,239,79.93,11,47.83,12,18,2,0,0,0,54,1,1,2,4,24,16,0,0,6,6,56,0,1,1.48,0.47,19,0,0.0,0,0,2,7,6,1,0,0,,47,51.65,0,0,0,60,4,8,0,6,771,0,0,0,0,0,0,0.0,0,0,0,0,128,1,0,6.68,0,0,0,0,0,0,0,0,0.0,0.0,0,6,0,1,3,16,51.61,0,22,14,63.64,8,15,31,25,58,50.88,15,197,102,299,106.8,6,0,540,9,1,0,Adam Bakoune,Monza,1397353,2729
1,1,14.29,31,1,14.29,46,10,56,70.89,0,0.0,5,7,0,0,0,0,17,1,0,3,0,3,7,0,0,2,1,19,0,0,0.81,1.26,13,0,14.29,0,1,1,4,4,0,1,0,,13,48.15,0,0,0,23,0,8,0,2,254,0,2,0,0,0,0,0.0,0,0,0,0,40,1,0,6.67,0,1,0,0,0,0,0,0,254.0,0.0,0,5,2,2,2,1,33.33,0,4,4,100.0,8,6,3,7,13,40.63,7,64,15,79,46.7,7,0,134,8,0,0,Filippo Grosso,Frosinone,1562268,2801
34,8,29.63,158,33,38.37,379,461,840,85.54,17,43.59,22,17,0,0,0,0,48,1,0,8,0,35,17,0,0,2,10,53,2,0,1.09,0.57,18,0,0.0,1,0,0,17,17,0,0,0,,48,60.76,0,0,0,142,12,13,0,15,1300,1,4,0,0,0,1,0.0,0,0,0,0,195,2,0,6.67,0,0,0,0,0,0,0,0,0.0,0.0,0,10,4,5,1,2,50.0,0,33,24,72.73,13,73,4,27,65,55.08,86,471,511,982,113.4,14,0,1292,17,7,0,Cristiano Bani,Mantova,996671,2770
4,8,32.0,20,8,47.06,45,12,57,61.96,9,69.23,4,13,0,0,0,0,14,0,0,1,0,3,13,0,1,12,0,27,0,0,0.44,1.08,7,0,25.0,0,2,2,3,3,0,1,1,,9,28.13,0,0,0,35,2,3,0,0,252,0,0,0,0,1,0,100.0,0,1,0,0,73,2,0,6.67,1,2,0,0,0,0,0,0,126.0,0.0,0,3,5,2,5,3,37.5,0,1,1,100.0,3,14,8,25,18,40.0,17,77,15,92,86.7,8,0,166,5,1,0,Nicola Bellomo,Bari,126161,2712
12,1,8.33,75,10,40.0,114,52,166,72.49,18,50.0,18,18,1,0,0,0,24,0,1,4,0,11,18,0,0,7,3,46,0,0,0.54,0.88,17,0,0.0,0,0,1,15,12,3,0,0,,28,50.0,0,0,0,63,8,6,0,5,702,0,2,0,0,0,0,0.0,0,0,0,0,92,6,0,6.67,0,0,0,0,0,0,0,0,0.0,0.0,0,8,3,7,0,2,50.0,0,22,14,63.64,6,21,4,12,46,50.0,25,167,62,229,120.0,11,0,355,4,2,0,Marco Romano Frigerio,Südtirol,1095905,2760
23,5,25.0,109,19,63.33,208,128,336,79.06,20,52.63,18,28,0,0,0,0,44,5,3,6,1,16,27,0,0,4,8,69,0,0,2.52,1.35,29,0,0.0,0,0,0,24,22,2,0,0,,57,52.78,0,0,0,89,12,17,0,9,1254,3,5,0,0,0,0,0.0,0,0,0,0,140,4,0,6.66,0,0,0,0,0,0,0,0,0.0,0.0,0,12,6,7,5,8,42.11,0,38,19,50.0,17,36,19,20,77,52.74,30,273,152,425,179.9,18,0,645,11,3,0,Christian Comotto,Spezia,1622149,2735
4,5,18.52,51,1,7.69,82,33,115,78.77,1,33.33,2,17,0,0,0,0,21,2,0,2,0,6,16,0,0,4,1,14,0,0,0.91,0.49,3,0,16.67,0,1,1,15,14,1,1,0,,21,63.64,0,0,0,31,0,6,1,5,555,1,2,0,0,0,0,0.0,0,0,0,0,79,3,0,6.66,0,0,0,0,0,0,0,0,555.0,0.0,0,5,1,2,2,2,28.57,0,6,2,33.33,6,9,7,27,22,61.11,13,105,41,146,106.6,6,0,264,13,1,0,Lorenzo Sgarbi,US Avellino 1912,907475,2730
2,2,25.0,97,9,64.29,141,42,183,62.24,46,37.1,78,36,1,0,0,0,51,4,11,24,1,29,36,0,0,31,15,192,0,0,0.84,12.36,57,0,11.7,0,11,12,23,21,2,11,0,,64,35.96,4,0,1,111,5,21,3,30,2376,31,2,0,0,0,1,0.0,0,0,0,0,244,16,0,6.66,0,4,0,0,0,0,0,0,216.0,0.0,0,88,6,36,34,12,40.0,0,15,13,86.67,21,12,30,8,110,36.42,14,238,56,294,239.8,94,1,710,37,3,0,Antonio Raimondo,Frosinone,1121578,2801
5,8,28.57,59,9,18.0,103,72,175,66.54,3,27.27,8,18,1,0,0,0,28,1,2,4,1,28,18,0,0,2,5,24,0,0,0.8,1.16,6,0,0.0,0,0,1,13,11,2,0,0,,32,66.67,0,0,0,88,6,7,0,9,791,2,3,0,0,0,0,0.0,0,0,0,0,135,3,0,6.66,0,0,0,0,0,0,0,0,0.0,0.0,0,4,4,4,0,6,66.67,0,20,12,60.0,7,20,9,28,35,59.32,50,168,95,263,119.9,8,0,469,6,2,0,Paolo Ghiglione,Padova,787642,2741
34,6,31.58,112,39,39.0,325,556,881,86.04,36,72.0,14,23,1,0,0,0,73,0,0,1,3,112,23,0,1,4,5,43,0,2,0.46,0.07,19,0,0.0,13,0,1,33,29,4,0,0,,36,55.38,0,0,0,143,11,5,0,22,1792,1,14,0,0,0,0,0.0,0,0,0,0,201,1,0,6.66,1,0,0,0,0,0,0,0,0.0,0.0,0,2,0,1,0,3,60.0,0,22,17,77.27,5,73,5,19,72,62.61,100,426,598,1024,153.2,2,0,1355,11,4,0,Dimitrios Nikolaou,Bari,788185,2712
1,5,23.81,24,3,23.08,50,52,102,79.69,9,40.91,13,15,0,0,0,0,19,1,0,0,2,15,15,0,1,3,4,28,0,0,0.43,,5,0,0.0,0,0,0,7,5,2,0,0,,27,64.29,0,0,0,26,10,7,0,4,636,0,1,0,0,0,0,0.0,0,0,0,0,92,2,0,6.66,1,0,0,0,0,0,0,0,0.0,0.0,0,0,0,0,0,2,33.33,0,15,11,73.33,7,5,6,21,36,56.25,13,64,64,128,99.9,0,0,285,10,0,0,Alessandro Tripaldelli,Reggiana,826190,24516
11,5,14.29,74,12,32.43,113,62,175,62.5,34,45.33,41,25,1,0,0,0,36,1,2,4,2,29,24,0,0,10,14,124,0,0,1.0,2.41,48,0,23.08,0,3,4,24,19,5,3,0,,66,44.3,0,0,1,105,15,13,0,18,1558,5,3,0,0,0,0,0.0,0,0,0,1,199,0,0,6.65,0,2,0,0,0,0,0,0,519.33,0.0,0,12,1,3,6,6,25.0,0,27,15,55.56,13,35,24,35,100,44.64,37,194,86,280,159.7,13,0,627,35,9,0,Fabio Depaoli,Sampdoria,830288,2711
14,1,10.0,117,9,50.0,195,163,358,69.65,64,32.82,131,38,4,0,0,0,60,5,13,20,3,28,38,0,0,31,7,222,0,0,1.34,12.72,40,0,15.05,0,14,18,56,51,5,14,0,,46,33.58,3,0,3,156,4,27,2,35,2930,40,3,0,0,1,0,100.0,0,1,0,0,328,10,0,6.65,0,9,0,0,0,0,0,0,209.29,0.0,1,75,18,37,36,8,27.59,0,9,4,44.44,27,25,29,10,110,33.13,18,318,196,514,252.7,93,1,944,30,4,0,Antonio Di Nardo,Pescara,877238,7935
13,6,18.75,43,14,35.9,85,93,178,70.08,16,50.0,16,16,0,0,0,0,33,0,1,2,0,41,16,0,0,5,8,45,0,0,0.42,0.21,10,0,0.0,0,0,0,17,17,0,0,0,,31,51.67,0,0,0,76,11,7,0,11,952,0,2,1,0,0,0,0.0,0,0,0,0,139,0,0,6.65,0,0,0,0,0,0,0,0,0.0,0.0,0,2,1,0,1,2,25.0,0,19,11,57.89,7,29,8,32,47,51.09,39,144,110,254,106.4,3,0,497,10,1,0,Moussa Mane,Bari,1114348,2712
1,3,50.0,2,4,80.0,6,9,15,83.33,0,0.0,0,3,0,0,0,0,2,0,0,1,0,0,2,0,0,0,0,1,0,0,0.08,0.17,1,0,0.0,0,0,0,0,0,0,0,0,,0,0.0,0,0,0,3,0,2,0,0,24,0,1,0,0,0,0,0.0,0,0,0,0,6,0,0,6.65,0,0,0,0,0,0,0,0,0.0,0.0,0,1,0,0,0,0,0.0,0,0,0,0.0,2,2,0,6,0,0.0,5,8,10,18,13.3,1,0,26,0,0,0,Leo Štulac,Reggiana,142860,24516
0,4,33.33,18,0,0.0,28,14,42,72.41,1,25.0,3,9,0,0,0,0,8,2,0,1,0,2,8,0,0,1,2,15,0,0,0.51,0.1,3,0,0.0,0,0,0,4,4,0,0,0,,12,50.0,0,0,0,16,2,7,0,0,159,1,0,0,0,0,0,0.0,0,0,0,0,37,2,0,6.65,0,0,0,0,0,0,0,0,0.0,0.0,0,2,1,1,1,1,14.29,0,5,2,40.0,7,2,7,12,13,46.43,3,39,19,58,53.2,3,0,118,6,0,0,Gianmarco Cangiano,Pescara,951927,7935
5,1,100.0,61,0,0.0,127,66,193,79.1,28,36.84,48,24,1,0,0,0,28,2,5,10,0,5,24,0,0,21,4,89,0,1,0.8,3.66,11,0,12.12,0,4,5,13,10,3,4,0,,33,44.59,1,0,0,51,0,12,2,9,898,1,0,0,0,0,0,0.0,0,0,0,0,103,6,0,6.65,0,1,0,0,0,0,0,0,224.5,0.0,3,23,10,14,9,11,57.89,0,4,3,75.0,12,7,19,1,61,40.67,1,171,73,244,159.5,33,0,397,18,0,0,Agustín Álvarez,Monza,1065937,2729
10,9,12.5,127,4,28.57,246,133,379,79.12,17,30.91,38,33,0,0,0,0,72,3,4,14,4,21,33,0,0,23,8,138,0,0,1.55,2.99,29,0,5.13,0,2,2,27,24,3,2,0,,101,50.25,0,0,0,100,10,12,1,28,2332,4,2,0,0,0,0,0.0,0,0,0,0,313,5,0,6.65,1,1,0,0,0,0,0,0,1166.0,0.0,0,27,12,15,10,33,43.42,0,25,14,56.0,12,24,76,72,118,46.09,14,310,169,479,219.3,39,1,1020,44,6,1,Alessio Cacciamani,Juve Stabia,1868036,5324
22,3,15.0,114,20,46.51,253,242,495,83.61,17,42.5,23,28,5,0,0,0,64,5,0,2,1,44,28,0,0,10,34,112,0,0,1.51,0.61,33,0,11.11,0,1,6,32,24,8,1,0,,69,43.67,0,0,0,97,22,18,0,19,1628,3,9,0,0,0,0,0.0,0,0,0,0,171,4,0,6.64,0,1,0,0,0,0,0,0,1628.0,0.0,0,5,4,5,2,8,36.36,0,40,23,57.5,18,29,22,20,86,43.43,43,320,272,592,186.0,9,0,906,21,2,0,Massimo Bertagnoli,Reggiana,928854,24516
3,1,16.67,11,3,37.5,20,6,26,72.22,0,0.0,0,10,0,0,0,0,7,0,0,0,0,4,7,0,0,1,1,10,0,0,0.09,,4,0,0.0,0,0,0,4,4,0,0,0,,15,60.0,0,0,0,10,1,0,0,0,114,1,0,0,0,0,0,0.0,0,0,0,0,26,1,0,6.64,0,0,0,0,0,0,0,0,0.0,0.0,0,0,0,0,0,2,33.33,0,8,3,37.5,0,6,6,6,15,60.0,8,26,10,36,46.5,0,0,84,5,0,0,Antonio Boccadamo,Virtus Entella,848425,43680
3,3,42.86,20,4,100.0,31,17,48,82.76,1,14.29,6,7,0,0,0,0,6,0,0,1,0,0,7,0,0,2,0,17,0,1,0.16,0.18,4,0,0.0,0,0,0,3,1,2,0,0,,20,64.52,0,0,0,10,1,2,0,1,158,1,0,0,0,0,0,0.0,0,0,0,0,35,1,0,6.64,0,0,0,0,0,0,0,0,0.0,0.0,0,4,1,4,0,11,68.75,0,1,0,0.0,2,5,16,7,21,55.26,4,41,17,58,46.5,5,0,126,8,1,0,Estanis Pedrola,Sampdoria,1142256,2711
17,0,0.0,82,31,32.98,162,228,390,74.14,31,63.27,18,26,0,0,0,0,46,0,0,3,2,42,24,0,0,6,12,56,0,0,0.52,0.35,20,0,0.0,0,0,0,20,15,5,0,0,,23,37.7,0,0,0,136,10,9,0,14,1257,1,11,0,0,0,0,0.0,0,0,0,0,163,2,0,6.64,0,0,0,0,0,0,0,0,0.0,0.0,0,4,6,4,3,3,60.0,0,19,10,52.63,9,48,5,7,54,49.09,94,271,255,526,159.4,10,0,685,1,3,0,Marco Nichetti,Virtus Entella,586234,43680
5,1,6.25,47,7,29.17,91,82,173,76.55,14,46.67,16,17,1,0,0,0,24,2,0,1,0,19,17,0,0,4,4,36,0,0,0.66,0.4,9,0,20.0,0,1,2,11,11,0,1,0,,15,42.86,0,0,0,53,0,4,0,6,654,0,5,0,0,0,0,0.0,0,0,0,0,104,3,0,6.64,0,1,0,0,0,0,0,0,654.0,0.0,0,3,2,1,3,2,40.0,0,10,8,80.0,4,13,5,16,29,44.62,24,126,100,226,112.9,5,0,386,3,0,0,Tyronne Ebuehi,Empoli,580512,2705
4,2,16.67,16,2,25.0,21,11,32,71.11,0,0.0,0,6,1,0,0,0,3,1,1,0,0,0,5,0,0,1,0,2,0,0,0.37,0.34,1,0,0.0,0,0,1,0,0,0,0,0,,3,60.0,0,0,0,13,1,4,0,0,100,2,0,0,0,0,0,0.0,0,0,0,0,25,0,0,6.64,0,0,0,0,0,0,0,0,0.0,0.0,1,3,1,3,1,0,0.0,0,1,0,0.0,4,6,0,12,3,60.0,8,28,17,45,33.2,4,0,73,2,0,0,Daniele Verde,Spezia,605580,2735
7,1,20.0,60,16,61.54,159,177,336,84.21,14,50.0,14,21,1,0,0,0,45,2,0,4,1,19,21,0,0,5,7,46,1,1,0.84,0.43,19,0,0.0,0,0,1,16,15,1,0,0,,36,52.94,0,0,0,63,13,10,0,12,995,0,2,0,0,0,0,0.0,0,0,0,0,86,4,0,6.64,0,0,0,0,0,0,0,0,0.0,0.0,0,3,4,1,2,6,66.67,0,23,18,78.26,10,19,9,5,50,52.08,26,200,199,399,139.4,7,0,536,9,3,0,Alessandro Bellemo,Spezia,346060,2735
7,0,0.0,36,32,65.31,147,305,452,90.4,18,66.67,9,16,0,0,0,0,28,0,1,0,1,36,16,0,0,1,7,35,0,0,0.14,0.65,18,0,20.0,7,1,1,18,14,4,1,0,,14,35.0,0,0,1,48,16,2,0,10,997,0,8,0,0,0,0,0.0,0,0,0,0,58,0,0,6.64,0,1,0,0,0,0,0,0,997.0,0.0,0,4,1,2,3,0,0.0,0,11,7,63.64,2,15,0,1,32,47.76,49,170,330,500,106.2,5,0,620,3,4,0,Matteo Piacentini,Cesena,928869,2742
16,12,25.0,143,24,29.27,223,80,303,67.04,30,57.69,22,29,1,0,0,0,81,2,0,7,0,64,29,0,1,10,13,90,0,0,2.07,1.14,34,0,4.35,0,1,2,20,18,2,1,0,,67,49.63,0,0,1,149,20,17,0,17,1530,2,3,0,0,0,0,0.0,0,0,0,0,277,11,0,6.63,1,1,0,0,0,0,0,0,1530.0,0.0,0,13,10,10,6,9,33.33,0,24,13,54.17,17,49,27,48,97,51.87,82,334,118,452,192.4,23,0,877,35,6,0,Karim Zedadka,Südtirol,954036,2760
1,0,0.0,3,6,54.55,10,54,64,84.21,5,71.43,2,3,0,0,0,0,2,0,0,1,1,18,3,0,0,0,1,6,0,0,0.01,0.21,3,0,0.0,13,0,0,3,3,0,0,0,,3,42.86,0,0,0,12,0,0,0,3,262,0,0,0,0,0,0,0.0,0,0,0,0,12,0,0,6.63,0,0,0,0,0,0,0,0,0.0,0.0,0,2,0,0,1,0,0.0,0,1,0,0.0,0,5,0,0,8,57.14,11,18,58,76,19.9,2,0,102,2,1,0,Simone Romagnoli,Empoli,111487,2705
11,3,33.33,108,14,48.28,185,172,357,84.2,11,35.48,20,29,0,0,0,0,49,0,0,2,1,21,28,0,0,14,18,91,0,3,0.97,0.83,26,0,8.33,0,1,1,16,16,0,0,1,,95,57.23,0,0,0,67,10,13,0,12,1271,1,2,0,0,0,0,0.0,0,0,0,0,151,5,0,6.63,1,1,0,0,0,0,0,0,1271.0,0.0,0,6,6,7,3,10,41.67,0,38,24,63.16,13,21,24,9,106,53.81,29,232,192,424,185.7,12,1,720,47,3,1,Christian Pierobon,Juve Stabia,1011492,5324
16,5,13.16,92,23,79.31,147,95,242,72.67,21,31.82,45,29,4,0,0,0,40,4,4,24,0,4,29,0,0,44,8,136,0,0,1.74,4.34,32,0,7.14,0,4,8,19,14,5,4,0,,68,42.77,0,0,1,91,3,16,0,22,1841,20,2,0,0,1,0,100.0,0,1,0,0,251,16,0,6.63,0,4,0,0,0,0,0,0,460.25,0.0,2,36,20,20,12,15,51.72,0,7,6,85.71,16,31,29,38,89,39.56,29,224,109,333,192.3,56,1,686,49,5,0,Matteo Luigi Brunori,Sampdoria,152483,2711
14,5,29.41,165,15,37.5,313,213,526,81.8,32,58.18,23,31,4,0,0,0,74,5,1,3,2,31,30,0,0,16,27,113,1,1,2.03,1.05,40,0,7.14,0,1,5,25,23,2,1,0,,68,43.04,1,0,0,117,14,20,0,19,1681,1,3,0,0,0,0,0.0,0,0,0,0,192,6,0,6.63,0,0,0,0,0,0,0,0,1681.0,0.0,0,10,4,5,6,10,55.56,0,34,22,64.71,20,29,18,17,100,46.95,40,393,250,643,198.9,14,0,927,25,7,0,Luca Magnino,Empoli,866125,2705
7,5,41.67,55,12,66.67,101,67,168,83.58,2,28.57,5,10,0,0,0,0,15,3,1,5,0,5,10,0,0,5,0,25,0,0,0.75,1.06,6,0,0.0,0,0,0,11,10,1,0,0,,16,44.44,0,0,0,33,1,10,0,7,467,0,1,0,0,0,0,0.0,0,0,0,0,68,4,0,6.63,0,0,0,0,0,0,0,0,0.0,0.0,1,6,7,4,4,6,37.5,0,5,2,40.0,10,17,16,12,18,41.86,18,130,71,201,66.3,13,0,296,5,0,0,Rémi Oudin,Catanzaro,842709,2796
3,1,16.67,39,3,100.0,66,32,98,85.22,1,16.67,5,7,1,0,0,0,14,1,2,3,0,1,7,0,0,5,2,24,0,0,0.57,0.84,1,0,0.0,0,0,1,7,7,0,0,0,,15,44.12,0,0,0,17,2,4,0,3,283,0,0,0,0,0,0,0.0,0,0,0,0,46,3,0,6.63,0,0,0,0,0,0,0,0,0.0,0.0,1,4,4,3,2,5,31.25,0,4,2,50.0,4,5,16,6,16,40.0,3,79,36,115,46.4,8,0,188,6,0,0,Nicolò Cavuoti,Bari,1013041,2712
1,0,0.0,9,1,20.0,16,19,35,81.4,1,33.33,2,8,0,0,0,0,7,0,0,0,0,4,7,0,0,1,0,6,0,0,0.01,0.01,2,0,0.0,0,0,0,2,1,1,0,0,,8,66.67,0,0,0,8,2,0,0,1,133,0,1,0,0,0,0,0.0,0,0,0,0,21,0,0,6.63,0,0,0,0,0,0,0,0,0.0,0.0,0,1,0,1,0,1,50.0,0,5,3,60.0,0,4,2,3,9,60.0,5,23,20,43,46.4,1,0,76,2,1,0,Francesco Vallarelli,Reggiana,1397726,24516
3,0,0.0,47,1,100.0,71,48,119,77.78,15,34.88,28,18,2,0,0,0,14,3,2,6,0,4,18,0,0,7,2,53,0,0,1.98,4.21,14,0,22.73,0,5,7,17,14,3,5,0,,23,47.92,1,0,0,34,3,9,3,10,1007,11,0,0,0,1,0,100.0,0,1,0,0,84,4,0,6.63,0,1,0,0,0,0,0,0,201.4,0.0,2,19,3,5,11,4,44.44,0,3,0,0.0,9,4,9,5,38,41.76,1,105,48,153,119.3,22,0,284,16,1,0,Gianluca Lapadula,Spezia,147368,2735
6,0,0.0,21,11,33.33,56,129,185,81.86,11,45.83,13,11,0,0,0,0,13,0,1,1,3,40,11,0,0,2,2,27,0,0,0.05,0.86,9,0,14.29,8,1,1,12,9,3,1,0,,15,51.72,1,0,1,41,10,0,0,10,861,0,7,0,0,0,0,0.0,0,0,0,0,64,1,0,6.63,0,0,0,0,0,0,0,0,861.0,0.0,0,5,2,4,2,2,66.67,0,7,6,85.71,0,22,3,3,26,49.06,33,86,140,226,72.9,7,0,346,6,3,0,Mateus Lusuardi,Reggiana,1525361,24516
1,1,50.0,28,0,0.0,38,8,46,73.02,6,24.0,19,12,2,0,0,0,10,0,3,6,0,6,12,0,0,8,2,47,0,0,0.3,3.05,12,0,16.67,0,3,5,3,3,0,3,0,,11,28.21,0,0,1,17,1,2,1,3,413,2,0,0,0,0,0,0.0,0,0,0,0,48,4,0,6.63,0,2,0,0,0,0,0,0,137.67,0.0,1,15,3,5,7,1,14.29,0,2,2,100.0,2,1,7,2,17,26.56,1,51,12,63,79.5,18,0,151,9,2,0,Pietro Pellegri,Empoli,839226,2705
3,0,0.0,46,4,80.0,77,33,110,77.46,25,56.82,19,13,0,0,0,0,11,1,2,2,0,7,12,0,0,11,0,42,0,0,0.39,1.04,8,0,12.5,0,1,1,2,1,1,1,0,,12,34.29,0,0,0,32,1,4,1,3,382,0,1,0,0,0,0,0.0,0,0,0,0,59,0,0,6.63,0,0,0,0,0,0,0,0,382.0,0.0,1,5,3,2,4,3,37.5,0,4,2,50.0,4,4,8,1,37,46.84,5,104,38,142,79.5,8,0,221,6,1,0,Mirko Marić,Monza,190933,2729
0,2,66.67,6,1,25.0,24,43,67,91.78,8,66.67,4,4,0,0,0,0,5,0,1,0,0,10,4,0,0,2,2,13,0,0,0.14,0.56,5,0,0.0,0,0,0,3,3,0,0,0,,4,30.77,0,0,0,6,2,2,0,3,216,0,1,0,0,0,0,0.0,0,0,0,0,12,0,0,6.63,0,0,0,0,0,0,0,0,0.0,0.0,0,2,0,2,0,0,0.0,0,3,1,33.33,2,1,0,3,12,48.0,4,27,46,73,26.5,2,0,111,1,1,0,Cristian Cauz,Modena,812345,2706
0,0,0.0,6,7,24.14,20,44,64,58.18,24,55.81,19,15,0,0,0,0,9,0,0,1,0,36,12,0,0,0,3,34,0,0,0.04,0.11,13,0,0.0,1,0,0,11,10,1,0,0,,20,57.14,0,0,1,46,9,0,0,6,465,0,8,0,0,0,1,0.0,0,0,0,0,52,0,0,6.63,0,0,0,0,0,0,0,0,0.0,0.0,0,4,0,2,1,3,100.0,0,13,7,53.85,0,3,3,0,44,56.41,29,56,54,110,79.5,4,0,210,6,4,0,Filipe Bordon,Südtirol,1470920,2760
17,0,0.0,139,20,34.48,315,259,574,78.63,9,30.0,21,29,0,0,0,0,78,2,1,6,4,35,29,0,0,15,35,111,1,0,2.08,1.04,32,0,6.25,0,1,1,26,20,6,0,1,,63,41.18,0,0,0,156,26,13,0,22,1925,0,10,0,0,0,0,0.0,0,0,0,0,227,7,0,6.62,0,1,0,0,0,0,0,0,1925.0,0.0,0,6,10,8,2,13,50.0,0,42,22,52.38,13,47,26,4,72,39.34,58,425,305,730,192.1,16,0,1033,8,6,0,Matteo Francesconi,Cesena,1397460,2742
2,3,16.67,40,1,14.29,61,26,87,85.29,2,28.57,5,18,1,0,0,0,18,2,1,5,0,4,17,0,0,4,2,31,0,0,1.12,1.39,13,0,13.33,0,2,3,7,5,2,2,0,,21,44.68,0,0,1,15,2,7,0,4,438,1,1,0,0,0,0,0.0,0,0,0,0,66,4,0,6.62,0,2,0,0,0,0,0,0,219.0,0.0,0,10,5,4,6,4,28.57,0,5,3,60.0,7,3,14,18,23,42.59,7,73,29,102,112.6,15,0,224,12,3,0,Mattia Compagnon,Venezia,970901,2688
16,1,25.0,37,16,30.19,131,190,321,81.68,27,62.79,16,13,1,0,0,0,29,1,0,1,2,54,13,0,0,2,3,35,0,0,0.31,0.41,14,0,0.0,0,0,1,21,17,4,0,0,,29,60.42,0,0,0,72,7,2,0,12,1094,0,6,0,0,0,1,0.0,0,0,0,0,105,0,0,6.62,0,0,0,0,0,0,0,0,0.0,0.0,0,2,0,1,0,0,0.0,0,14,4,28.57,2,29,1,4,56,61.54,53,179,214,393,86.1,2,0,552,19,1,0,Danilo Quaranta,Reggiana,829408,24516
13,8,22.86,109,12,80.0,170,79,249,85.86,2,25.0,6,19,2,0,0,0,29,2,0,9,0,1,19,0,0,22,9,67,0,0,1.83,1.58,16,0,5.26,0,1,3,10,7,3,1,0,,35,36.46,0,0,1,41,8,16,0,8,756,3,0,0,0,0,0,0.0,0,0,0,0,136,8,0,6.62,0,1,0,0,0,0,0,0,756.0,0.0,0,11,8,4,6,7,33.33,0,13,8,61.54,16,19,21,35,37,35.58,15,206,84,290,125.8,19,0,489,15,1,0,Gianluca Caprari,Padova,148458,2741
2,3,50.0,9,2,28.57,19,27,46,77.97,2,100.0,0,6,0,0,0,0,11,0,0,0,0,4,5,0,0,0,0,3,0,0,0.09,,3,0,0.0,0,0,0,3,2,1,0,0,,6,66.67,0,0,0,13,2,1,0,0,97,0,0,0,0,0,0,0.0,0,0,0,0,22,0,0,6.62,0,0,0,0,0,0,0,0,0.0,0.0,0,0,0,0,0,0,0.0,0,2,0,0.0,1,7,0,6,8,72.73,7,29,30,59,33.1,0,0,95,4,1,0,Mario Sampirisi,Reggiana,153029,24516
4,7,25.93,59,3,33.33,92,39,131,78.44,1,8.33,11,11,0,0,0,0,20,2,1,4,0,2,11,0,0,5,0,25,0,0,0.72,0.55,5,0,0.0,0,0,0,2,1,1,0,0,,21,60.0,0,0,1,36,0,7,0,4,391,1,0,0,0,0,0,0.0,0,0,0,0,82,4,0,6.62,0,0,0,0,0,0,0,0,0.0,0.0,1,5,3,2,2,5,45.45,0,2,1,50.0,7,14,11,27,22,46.81,9,121,46,167,72.8,8,0,272,14,0,0,Nicolas Galazzi,Monza,967747,2729
3,1,7.69,96,2,100.0,136,55,191,78.6,18,29.51,43,30,1,0,0,0,23,1,1,4,0,7,30,0,0,20,3,110,0,0,1.1,2.2,37,0,30.77,0,4,5,22,18,4,4,0,,66,49.62,0,0,0,52,2,17,0,13,1222,19,2,0,0,0,0,0.0,0,0,0,1,176,4,0,6.62,0,4,0,0,0,0,0,0,305.5,0.0,0,12,1,3,6,3,23.08,0,9,7,77.78,17,3,13,13,84,43.3,2,175,68,243,198.5,13,1,512,56,4,0,Davis Mensah,Mantova,351880,2770
0,0,0.0,10,0,0.0,14,4,18,58.06,7,50.0,7,6,1,0,0,1,2,1,2,0,0,1,6,0,0,0,0,16,0,1,0.11,1.26,6,0,20.0,0,1,2,1,1,0,0,1,,5,35.71,0,0,0,13,0,2,1,0,133,2,0,0,0,1,0,0.0,0,0,0,1,23,2,0,6.62,0,0,0,0,0,0,0,0,133.0,0.0,0,4,1,3,2,0,0.0,0,0,0,0.0,2,1,3,2,12,42.86,0,25,6,31,39.7,5,0,60,6,0,0,Andrea Favilli,US Avellino 1912,785444,2730
7,4,57.14,76,8,100.0,145,51,196,80.33,16,39.02,25,25,3,0,0,0,21,4,3,10,0,4,25,0,0,11,7,63,0,0,1.25,1.93,14,0,10.0,0,2,5,7,5,2,2,0,,30,44.12,0,0,0,48,3,17,2,8,821,1,0,0,1,0,0,0.0,0,0,0,0,88,6,0,6.62,0,0,0,0,0,0,0,0,410.5,0.0,1,12,8,6,4,8,50.0,0,10,8,80.0,16,9,16,7,46,42.2,8,184,60,244,165.4,20,0,374,13,2,0,Grégoire Defrel,Modena,148566,2706
8,1,12.5,89,5,83.33,138,57,195,65.44,59,41.55,83,26,1,0,0,0,38,2,1,12,1,20,26,0,1,30,3,178,0,1,1.7,4.19,55,0,5.71,0,2,3,23,17,6,2,0,,76,44.44,0,0,0,103,3,19,0,18,1647,13,4,0,0,1,0,100.0,0,1,0,1,223,10,0,6.62,1,2,0,0,0,0,0,0,823.5,0.0,0,28,7,15,8,14,45.16,0,18,11,61.11,19,11,31,8,135,43.13,6,218,80,298,172.0,35,0,618,45,3,0,Cedric Gondo,Reggiana,812207,24516
6,10,47.62,69,19,42.22,159,140,299,81.92,15,60.0,10,21,0,0,0,0,27,0,0,0,1,25,21,0,1,3,10,35,0,0,0.55,,14,0,0.0,0,0,0,10,8,2,0,0,,26,50.98,0,0,0,66,5,8,0,5,697,0,4,0,0,0,2,0.0,0,0,0,0,92,2,0,6.61,1,0,0,0,0,0,0,0,0.0,0.0,0,0,0,0,0,3,100.0,0,13,8,61.54,8,15,3,21,41,53.95,45,207,158,365,138.9,0,0,481,10,2,0,Alexis Blin,Palermo,318657,2715
1,1,25.0,53,4,33.33,112,77,189,84.38,10,38.46,16,15,1,0,0,0,18,1,0,4,0,9,15,0,0,9,8,47,0,0,0.77,0.62,8,0,0.0,0,0,1,11,11,0,0,0,,28,47.46,0,0,0,35,5,7,0,8,724,0,2,0,1,0,0,0.0,0,0,0,0,74,1,0,6.61,0,0,0,0,0,0,0,0,0.0,0.0,0,6,1,2,1,9,60.0,0,10,3,30.0,6,1,15,4,38,44.71,12,135,89,224,99.2,7,0,338,10,1,0,Tomás Esteves,Bari,979210,2712
30,21,21.65,211,50,40.32,441,403,844,78.22,32,47.76,35,30,0,0,0,0,110,4,1,9,3,27,30,0,0,7,19,130,0,1,3.72,1.36,67,0,5.56,0,2,2,33,28,5,0,2,,67,41.36,0,0,2,235,14,46,1,27,2217,1,2,0,0,0,0,0.0,0,0,0,0,372,11,0,6.61,0,1,0,0,0,0,0,0,1108.5,0.0,5,10,26,18,9,3,30.0,0,40,20,50.0,46,69,10,97,99,43.23,124,619,460,1079,198.3,36,0,1472,28,12,0,Liam Henderson,Sampdoria,287573,2711
27,7,14.58,132,25,36.76,237,171,408,71.7,26,53.06,23,32,2,0,0,0,82,4,1,13,0,62,32,0,0,14,21,101,2,0,1.79,1.77,36,0,3.23,0,1,3,38,26,12,1,0,,57,42.22,0,0,1,161,18,9,0,23,1938,2,6,0,0,0,0,0.0,0,0,0,0,268,4,0,6.61,0,1,0,0,0,0,0,0,1938.0,0.0,0,22,9,14,4,11,52.38,0,30,19,63.33,9,61,21,48,83,45.11,68,340,229,569,211.5,31,0,982,17,5,0,Matteo Rover,Reggiana,910131,24516
5,14,35.0,45,8,20.51,78,70,148,67.27,20,50.0,20,22,1,0,0,0,20,0,1,3,2,28,22,0,0,3,4,54,0,0,0.63,0.39,21,0,0.0,0,0,1,9,8,1,0,0,,33,49.25,0,0,0,72,5,10,0,7,808,2,3,0,0,0,0,0.0,0,0,0,0,135,2,0,6.61,0,0,0,0,0,0,0,0,0.0,0.0,1,4,6,5,2,3,30.0,0,13,8,61.54,10,19,10,40,53,49.53,39,129,91,220,145.4,10,0,443,18,2,0,Giulio Favale,Padova,782558,2741
14,5,23.81,99,16,42.11,193,162,355,77.17,27,52.94,24,24,0,0,0,0,54,2,1,4,0,27,23,0,0,14,12,82,0,0,1.14,0.67,23,0,0.0,0,0,0,16,13,3,0,0,,56,49.12,0,0,1,105,11,10,0,17,1434,1,2,0,0,0,0,0.0,0,0,0,0,174,5,0,6.61,0,0,0,0,0,0,0,0,0.0,0.0,0,5,10,6,5,7,43.75,0,30,17,56.67,10,29,16,21,83,50.3,38,267,193,460,152.0,15,0,710,20,6,0,Leonardo Benedetti,Virtus Entella,893753,43680
8,5,21.74,94,4,50.0,141,66,207,81.18,9,33.33,18,16,3,0,0,0,32,3,3,11,1,7,16,0,0,17,11,70,0,0,1.7,3.86,13,0,11.43,0,4,7,11,9,2,4,0,,24,31.58,1,0,1,48,1,15,1,14,1111,7,0,0,0,0,0,0.0,0,0,0,0,144,5,0,6.61,1,2,0,0,0,0,0,0,277.75,0.0,0,25,10,10,14,7,35.0,0,6,5,83.33,15,12,20,23,33,32.04,8,185,70,255,105.7,35,0,452,12,1,1,Patrick Cutrone,Monza,795044,2729
4,2,28.57,51,3,33.33,114,37,151,79.47,11,64.71,6,17,0,0,0,0,22,0,1,4,0,9,16,0,0,7,8,43,0,0,0.42,0.44,13,0,0.0,0,0,0,10,10,0,0,0,,28,43.08,0,0,0,39,2,5,0,2,492,0,2,0,0,0,0,0.0,0,0,0,0,86,3,0,6.61,0,0,0,0,0,0,0,0,0.0,0.0,0,6,2,1,3,9,50.0,0,16,13,81.25,5,10,18,7,39,47.56,9,148,42,190,105.7,8,0,322,3,1,0,Jonathan Silva,Padova,1427579,2741
4,0,0.0,51,2,33.33,82,22,104,57.46,53,46.09,62,34,4,0,0,0,23,1,2,6,0,14,33,0,0,27,7,129,0,0,0.73,2.15,27,0,9.09,0,2,6,7,4,3,2,0,,61,47.66,1,0,1,77,0,11,1,7,974,4,2,0,0,0,0,0.0,0,0,0,0,173,2,0,6.61,0,0,0,0,0,0,0,0,487.0,0.0,0,17,5,7,9,13,52.0,0,16,10,62.5,11,7,25,7,114,46.91,6,149,32,181,218.0,22,0,419,33,3,0,Massimo Zilli,Frosinone,1009693,2801
3,4,25.0,50,12,52.17,104,69,173,73.93,10,45.45,12,19,0,0,0,0,39,0,1,4,1,17,18,0,0,5,16,61,0,0,0.29,0.97,23,0,0.0,0,0,0,14,11,3,0,0,,45,47.87,0,0,0,61,8,3,0,10,786,0,2,0,0,0,1,0.0,0,0,0,1,101,0,0,6.61,0,0,0,0,0,0,0,0,0.0,0.0,0,6,4,4,2,7,58.33,0,17,10,58.82,3,12,12,16,55,47.41,23,149,85,234,118.9,10,0,392,22,3,0,Gabriele Parlanti,Carrarese,1210434,2745
8,0,0.0,94,5,83.33,140,72,212,65.63,74,39.57,113,26,3,0,0,1,32,3,7,13,1,20,26,0,0,25,4,175,0,0,1.24,6.56,31,0,7.14,0,3,6,19,18,1,3,0,,54,46.55,0,0,1,111,3,18,0,18,1556,9,1,0,0,3,0,66.67,0,2,0,1,218,12,0,6.6,0,3,0,0,0,0,0,0,518.67,0.0,0,38,4,18,11,1,7.14,0,10,5,50.0,18,13,14,4,128,42.24,6,236,87,323,171.7,42,1,623,44,5,0,Alessandro Gabrielloni,Juve Stabia,813070,5324
4,1,20.0,60,3,37.5,125,68,193,64.77,60,41.96,83,32,0,0,0,0,55,3,5,9,1,20,32,0,0,31,9,166,0,1,0.51,3.65,42,0,9.38,0,3,3,22,17,5,3,0,,64,43.54,2,0,0,105,2,6,0,18,1716,9,6,0,0,0,0,0.0,0,0,0,0,202,13,0,6.6,0,1,0,0,0,0,0,0,572.0,0.0,0,27,5,15,8,7,53.85,0,22,12,54.55,6,12,13,5,124,42.76,8,212,86,298,211.3,32,0,587,37,1,0,Alessandro Debenedetti,Virtus Entella,1543212,43680
1,1,100.0,37,3,50.0,65,29,94,66.2,40,43.48,52,22,0,0,0,0,11,2,5,2,0,9,22,0,0,3,4,79,0,0,0.32,4.38,25,0,20.0,0,5,5,12,10,2,5,0,,18,40.0,2,0,1,48,2,10,1,6,793,0,4,0,0,0,0,0.0,0,0,0,0,77,2,0,6.6,1,2,0,0,0,0,0,0,158.6,0.0,0,20,5,15,8,1,25.0,0,4,3,75.0,10,2,4,1,58,42.34,6,106,36,142,145.2,25,1,249,15,1,1,Bogdan Popov,Empoli,1618565,2705
8,1,7.14,129,13,76.47,251,155,406,86.02,35,47.3,39,28,1,0,0,1,60,2,1,7,0,13,27,0,0,22,8,88,0,0,1.05,1.89,17,0,6.25,0,1,2,19,16,3,1,0,,23,31.94,0,0,0,66,8,18,1,10,1054,1,2,0,0,1,0,0.0,0,0,0,0,132,2,0,6.6,0,0,0,0,0,0,0,0,1054.0,0.0,0,11,5,4,5,7,63.64,0,14,11,78.57,18,13,11,14,58,39.73,17,302,170,472,178.2,16,0,644,3,2,0,Antonín Barák,Sampdoria,330705,2711
6,1,16.67,70,8,57.14,131,62,193,82.13,4,21.05,15,27,0,0,0,0,29,0,0,5,0,6,27,0,0,5,5,45,0,0,0.47,0.54,10,0,11.11,0,1,1,9,7,2,1,0,,26,46.43,0,0,0,42,7,5,1,7,819,0,0,0,0,0,0,0.0,0,0,0,0,78,1,0,6.6,0,0,0,0,0,0,0,0,819.0,0.0,0,4,5,2,2,5,33.33,0,10,6,60.0,5,11,15,6,30,40.0,14,163,72,235,178.2,9,1,348,11,2,0,Claudio Gomes,Palermo,864731,2715
3,3,14.29,19,6,35.29,37,42,79,68.1,6,33.33,12,15,1,0,0,0,13,1,1,4,0,18,15,0,0,5,4,31,0,0,0.15,0.75,7,0,0.0,0,0,1,10,10,0,0,0,,28,59.57,0,0,0,37,2,6,0,5,552,3,1,0,0,0,1,0.0,0,0,0,0,89,1,0,6.6,0,0,0,0,0,0,0,0,0.0,0.0,0,7,2,3,2,3,33.33,0,10,7,70.0,6,11,9,21,34,52.31,17,66,50,116,99.0,9,0,264,16,2,0,Manuel Ricciardi,Juve Stabia,1002141,5324
0,0,0.0,1,0,0.0,2,4,6,60.0,1,100.0,0,1,0,0,0,0,4,0,0,0,0,0,1,0,0,3,1,6,0,0,0.0,,2,0,0.0,0,0,0,2,1,1,0,0,,2,25.0,0,0,0,4,0,0,0,1,56,0,1,0,0,0,0,0.0,0,0,0,0,12,0,0,6.6,0,0,0,0,0,0,0,0,0.0,0.0,0,0,0,0,0,0,0.0,0,2,1,50.0,0,0,0,1,3,33.33,1,5,5,10,6.6,0,0,24,0,0,0,Yeferson Paz,Reggiana,1000252,24516
0,0,0.0,0,0,0.0,0,4,4,80.0,0,0.0,0,1,0,0,0,0,1,0,0,0,0,0,1,0,0,0,0,0,0,0,0.0,,0,0,0.0,0,0,0,0,0,0,0,0,,0,0.0,0,0,0,1,0,0,0,0,16,0,0,0,0,0,0,0.0,0,0,0,0,2,0,0,6.6,0,0,0,0,0,0,0,0,0.0,0.0,0,0,0,0,0,0,0.0,0,0,0,0.0,0,0,0,1,0,0.0,0,0,5,5,6.6,0,0,7,0,0,0,Samuele Capolupo,Monza,1564924,2729
0,0,0.0,4,0,0.0,5,1,6,85.71,0,0.0,0,1,0,0,0,0,2,0,0,0,0,0,1,0,0,0,0,0,0,0,0.01,,0,0,0.0,0,0,0,0,0,0,0,0,,1,100.0,0,0,0,1,0,0,0,0,14,0,0,0,0,0,0,0.0,0,0,0,0,1,1,0,6.6,0,0,0,0,0,0,0,0,0.0,0.0,0,0,0,0,0,1,100.0,0,0,0,0.0,0,1,1,0,1,100.0,0,5,2,7,6.6,0,0,10,0,0,0,Hamse Shagaxle,Spezia,1509186,2735
0,0,0.0,0,0,0.0,4,2,6,100.0,0,0.0,0,1,0,0,0,0,1,0,0,0,0,1,1,0,0,0,0,0,0,0,0.0,,0,0,0.0,0,0,0,0,0,0,0,0,,0,0.0,0,0,0,0,0,0,0,0,9,0,0,0,0,0,0,0.0,0,0,0,0,0,0,0,6.6,0,0,0,0,0,0,0,0,0.0,0.0,0,0,0,0,0,0,0.0,0,0,0,0.0,0,0,0,0,0,0.0,0,4,2,6,6.6,0,0,8,0,0,0,Emanuele Lorenzelli,Spezia,2217622,2735
0,0,0.0,2,0,0.0,5,4,9,100.0,0,0.0,0,2,0,0,0,0,0,0,0,0,0,1,2,0,0,0,0,1,0,0,0.0,,1,0,0.0,0,0,0,0,0,0,0,0,,1,50.0,0,0,0,0,0,0,0,0,21,1,0,0,0,0,0,0.0,0,0,0,0,3,0,0,6.6,0,0,0,0,0,0,0,0,0.0,0.0,0,0,0,0,0,0,0.0,0,0,0,0.0,0,0,0,1,1,50.0,0,5,4,9,13.2,0,0,15,1,0,0,Marko Farji,Venezia,1026519,2688
0,1,33.33,4,0,0.0,6,3,9,90.0,0,0.0,0,2,0,0,0,0,1,0,0,0,0,1,2,0,0,1,0,2,0,0,0.01,,1,0,0.0,0,0,0,0,0,0,0,0,,0,0.0,0,0,0,1,0,0,0,0,23,0,0,0,0,0,0,0.0,0,0,0,0,4,0,0,6.6,0,0,0,0,0,0,0,0,0.0,0.0,0,0,0,0,0,0,0.0,0,0,0,0.0,0,0,0,3,0,0.0,0,7,3,10,13.2,0,0,16,0,0,0,Gastón Pereiro,Bari,311396,2712
0,0,0.0,0,0,0.0,0,2,2,100.0,0,0.0,1,2,0,0,0,0,2,0,0,0,0,0,1,0,0,0,0,3,0,0,0.0,,1,0,0.0,0,0,0,0,0,0,0,0,,2,50.0,0,0,0,0,0,0,0,0,13,0,0,0,0,0,0,0.0,0,0,0,0,2,0,0,6.6,0,0,0,0,0,0,0,0,0.0,0.0,0,0,0,0,0,1,50.0,0,0,0,0.0,0,0,2,0,2,40.0,0,0,2,2,6.6,0,0,8,1,0,0,Ibrahima Papa Wade,Cesena,1914399,2742
0,0,0.0,3,0,0.0,3,1,4,80.0,0,0.0,1,2,0,0,0,0,0,0,0,0,0,0,1,0,0,0,0,1,0,0,0.02,,0,0,0.0,0,0,0,0,0,0,0,0,,1,100.0,0,0,0,1,0,0,0,0,13,0,0,0,0,0,0,0.0,0,0,0,0,1,0,0,6.6,0,0,0,0,0,0,0,0,0.0,0.0,0,0,0,0,0,0,0.0,0,0,0,0.0,0,0,0,0,1,50.0,0,4,1,5,6.6,0,0,8,1,0,0,Damiano Basili,Reggiana,1155424,24516
2,0,0.0,2,14,23.73,11,9,20,30.3,0,0.0,1,3,0,0,0,0,26,0,0,0,1,1,3,0,0,0,0,1,0,1,0.0,,0,0,0.0,14,0,0,1,0,1,0,0,0.05,0,0.0,0,1,0,46,0,0,0,2,213,0,0,0,0,0,0,0.0,0,0,0,0,46,0,0,6.6,0,0,2,4,4,8,0,2,0.0,0.0,0,0,0,0,0,0,0.0,2,0,0,0.0,0,7,0,0,0,0.0,59,49,17,66,19.8,0,0,92,0,0,0,Alfred Gomis,Palermo,143695,2715
3,0,0.0,35,7,63.64,96,79,175,90.21,1,33.33,2,7,0,0,0,0,11,0,0,1,0,9,7,0,0,2,1,10,0,0,0.16,0.22,4,0,0.0,0,0,0,7,7,0,0,0,,12,60.0,0,0,0,19,6,1,0,2,299,0,1,2,0,0,0,0.0,0,0,0,0,24,0,0,6.6,0,0,0,0,0,0,0,0,0.0,0.0,0,1,3,2,1,0,0.0,0,8,5,62.5,1,6,1,1,13,56.52,11,110,84,194,46.2,4,0,248,4,1,0,Žan Majer,Mantova,172599,2770
0,0,0.0,0,0,0.0,0,0,0,0.0,0,0.0,1,1,0,0,0,0,0,0,0,1,0,0,1,0,0,0,0,1,0,0,,0.04,0,0,0.0,0,0,0,0,0,0,0,0,,1,100.0,0,0,0,1,1,0,0,0,10,0,0,0,0,0,0,0.0,0,0,0,0,3,0,0,6.6,0,0,0,0,0,0,0,0,0.0,0.0,0,1,0,0,0,0,0.0,0,1,1,100.0,0,0,0,0,1,50.0,0,1,0,1,6.6,1,0,8,0,0,0,Iwo Kaczmarski,Empoli,1000701,2705
0,0,0.0,2,0,0.0,3,2,5,83.33,1,100.0,0,2,0,0,0,0,1,0,0,0,0,0,1,0,0,0,0,0,0,0,0.0,0.03,0,0,0.0,0,0,0,0,0,0,0,0,,0,0.0,0,0,0,1,0,0,0,0,14,0,0,0,0,0,0,0.0,0,0,0,0,2,1,0,6.6,0,0,0,0,0,0,0,0,0.0,0.0,0,0,1,0,1,0,0.0,0,0,0,0.0,0,0,0,1,1,100.0,0,4,2,6,6.6,1,0,11,0,0,0,Oumar Conté,Reggiana,1996053,24516
1,0,0.0,4,6,75.0,16,33,49,90.74,5,100.0,0,1,0,0,0,0,2,0,0,0,0,3,1,0,0,0,0,2,0,0,0.02,0.01,1,0,0.0,0,0,0,2,2,0,0,0,,2,50.0,0,0,0,5,2,0,0,0,60,0,0,0,0,0,1,0.0,0,0,0,0,6,0,0,6.6,0,0,0,0,0,0,0,0,0.0,0.0,0,1,0,1,0,0,0.0,0,1,0,0.0,0,3,1,0,7,77.78,8,21,33,54,6.6,1,0,64,1,1,0,Michele Rigione,US Avellino 1912,122079,2730
9,13,26.53,135,19,39.58,218,97,315,71.75,51,48.57,54,30,1,0,0,0,61,0,3,5,3,37,30,0,0,16,12,128,0,0,1.4,2.06,31,0,4.17,0,1,2,19,15,4,1,0,,45,37.82,0,0,3,124,5,18,0,14,1367,2,3,0,0,0,0,0.0,0,0,0,0,235,3,0,6.6,0,1,0,0,0,0,0,0,1367.0,0.0,0,22,2,15,4,11,37.93,0,27,18,66.67,18,23,29,49,96,42.86,48,313,126,439,197.9,24,0,766,9,5,0,Gady Beyuku,Modena,1906337,2706
9,7,17.5,104,9,27.27,177,144,321,73.29,31,52.54,28,29,0,0,0,0,66,2,4,3,3,60,29,0,0,14,13,113,0,3,0.9,1.87,47,0,17.65,1,3,3,23,23,0,3,0,,55,39.29,0,0,1,117,9,18,1,20,1720,1,2,0,0,0,1,0.0,0,0,0,0,237,5,0,6.6,0,2,0,0,0,0,0,0,573.33,0.0,0,14,3,6,8,10,35.71,0,31,21,67.74,18,31,28,40,86,43.22,33,259,179,438,191.3,17,1,791,14,7,0,Kevin Piscopo,Bari,895703,2712
19,4,22.22,95,33,40.24,146,111,257,70.22,10,35.71,18,27,0,0,0,0,69,0,0,4,2,56,27,0,0,5,10,61,0,0,0.43,0.27,21,0,0.0,0,0,0,25,21,4,0,0,,56,56.57,0,0,0,109,10,3,0,11,1328,0,8,1,0,0,1,0.0,0,0,0,0,197,7,0,6.6,0,0,0,0,0,0,0,0,0.0,0.0,0,1,5,0,2,11,55.0,0,25,16,64.0,3,49,20,18,66,51.97,82,227,139,366,178.1,6,0,679,21,4,0,Federico Davi,Südtirol,1120042,2760
14,20,25.0,111,17,37.78,215,202,417,78.38,26,55.32,21,33,0,0,0,0,76,4,1,3,4,66,32,0,0,12,20,96,0,0,2.42,0.8,37,0,0.0,0,0,0,34,33,1,0,0,,54,41.86,0,0,0,115,12,17,0,22,2098,5,4,0,0,0,0,0.0,0,0,0,0,242,3,0,6.59,0,0,0,0,0,0,0,0,0.0,0.0,0,9,3,5,4,9,56.25,0,31,17,54.84,17,30,16,80,80,45.45,45,297,235,532,211.0,12,0,999,15,2,0,Antonio Candela,Empoli,862464,2705
0,0,0.0,31,2,28.57,69,53,122,84.14,10,50.0,10,19,1,0,0,0,13,0,0,2,0,13,14,0,0,3,5,25,0,0,0.11,0.19,6,0,0.0,0,0,1,6,5,1,0,0,,14,48.28,0,0,0,23,3,2,0,1,315,2,2,0,0,0,0,0.0,0,0,0,0,33,3,0,6.59,0,0,0,0,0,0,0,0,0.0,0.0,0,2,1,1,0,1,25.0,0,6,3,50.0,2,1,4,1,24,48.98,7,85,60,145,92.3,3,0,206,7,0,0,Nunzio Lella,Venezia,881068,2688
19,25,24.27,125,28,30.11,252,283,535,77.99,12,52.17,11,23,1,0,0,0,49,3,0,2,3,52,23,0,0,9,14,67,1,1,1.78,0.23,24,0,0.0,0,0,1,24,19,5,0,0,,37,39.78,0,0,1,151,16,24,0,21,1805,10,6,0,0,0,1,0.0,0,0,0,0,297,2,0,6.59,0,0,0,0,0,0,0,0,0.0,0.0,2,1,6,1,4,11,50.0,0,21,17,80.95,24,57,22,103,49,42.24,93,343,343,686,151.6,7,0,1146,5,7,0,Antonio Barreca,Padova,541574,2741
0,0,0.0,20,1,20.0,32,21,53,72.6,10,34.48,19,11,1,0,0,0,7,0,3,0,0,12,11,0,0,1,1,26,0,0,0.16,0.72,3,0,14.29,0,1,2,7,5,2,1,0,,10,58.82,0,0,0,20,2,2,0,5,419,1,1,0,0,0,0,0.0,0,0,0,0,38,1,0,6.59,0,1,0,0,0,0,0,0,419.0,0.0,0,5,2,4,3,1,25.0,0,4,1,25.0,2,5,4,0,20,43.48,5,47,26,73,72.5,7,1,134,6,0,0,Facundo Lescano,US Avellino 1912,383880,2730
6,3,13.64,109,18,58.06,198,128,326,83.16,4,33.33,8,22,1,0,0,0,40,1,4,3,0,11,22,0,0,12,7,61,0,0,0.99,1.41,23,0,0.0,0,0,1,23,19,4,0,0,,39,42.39,0,0,1,66,4,11,0,11,1111,2,3,0,0,0,0,0.0,0,0,0,0,132,13,0,6.59,0,0,0,0,0,0,0,0,0.0,0.0,0,11,10,12,6,12,50.0,0,19,12,63.16,11,15,24,22,43,41.35,31,250,142,392,145.0,21,0,575,8,0,0,Riccardo Pagano,Bari,1105138,2712
4,2,16.67,46,5,100.0,71,29,100,81.3,6,40.0,9,17,1,0,0,0,16,1,1,2,0,2,17,0,0,6,4,34,0,0,0.49,0.65,11,0,0.0,0,0,1,11,10,1,0,0,,31,55.36,0,0,1,23,1,10,0,6,560,1,1,0,0,0,0,0.0,0,0,0,0,74,0,0,6.59,0,0,0,0,0,0,0,0,0.0,0.0,0,10,5,8,5,5,55.56,0,9,3,33.33,10,6,9,12,37,52.11,5,87,36,123,112.0,15,0,247,17,2,0,Nikola Sekulov,Carrarese,983575,2745
5,7,17.07,50,11,29.73,97,104,201,74.44,10,38.46,16,17,1,0,0,0,31,1,0,1,0,35,17,0,0,7,8,57,0,0,0.43,0.3,14,0,0.0,0,0,1,15,13,2,0,0,,41,50.0,0,0,0,69,5,4,0,9,860,0,4,0,0,0,0,0.0,0,0,0,0,141,0,0,6.59,0,0,0,0,0,0,0,0,0.0,0.0,0,5,2,6,0,14,50.0,0,20,12,60.0,4,12,28,41,51,47.22,37,147,123,270,112.0,7,0,501,7,1,0,Franco Carboni,Empoli,1086199,2705
1,2,40.0,62,5,41.67,106,72,178,80.91,12,25.53,35,22,0,0,0,0,46,1,4,4,1,11,22,0,0,11,6,86,0,0,0.41,2.15,33,0,0.0,0,0,0,8,5,3,0,0,,37,42.05,0,0,1,42,9,7,0,10,949,6,1,0,0,0,0,0.0,0,0,0,1,91,2,0,6.59,0,0,0,0,0,0,0,0,0.0,0.0,0,11,3,5,5,5,45.45,0,12,7,58.33,7,4,11,5,49,36.3,12,138,82,220,144.9,14,0,396,20,5,0,Emmanuel Gyasi,Palermo,541578,2715
1,1,100.0,74,1,100.0,137,57,194,71.06,66,43.14,87,33,1,0,0,0,30,1,8,8,2,32,33,0,1,35,1,160,0,0,0.75,4.78,32,0,14.29,0,5,6,26,19,7,5,0,,39,34.82,2,0,0,79,1,20,1,15,1585,10,5,0,0,0,0,0.0,0,0,0,0,203,1,0,6.58,1,2,0,0,0,0,0,0,317.0,0.0,0,35,0,11,16,8,38.1,0,4,1,25.0,20,5,21,1,105,39.62,1,205,68,273,217.3,35,1,553,27,2,0,Andrija Novakovich,Reggiana,792135,24516
4,15,28.85,85,3,15.79,150,61,211,64.53,24,38.1,39,30,0,0,0,0,51,2,0,5,0,25,30,0,0,31,5,121,0,0,2.43,1.06,28,0,14.29,0,3,3,28,25,3,2,1,,50,37.88,0,0,1,116,9,18,0,16,1590,3,1,0,1,0,1,0.0,0,0,0,0,255,7,0,6.58,0,3,0,0,0,0,0,0,530.0,0.0,0,14,7,9,7,25,55.56,0,12,6,50.0,17,16,45,52,74,37.95,19,244,83,327,197.5,21,0,664,13,2,0,Joseph Ceesay,Empoli,841113,2705
1,0,0.0,10,1,100.0,18,12,30,88.24,3,75.0,1,5,0,0,0,0,4,0,0,0,0,0,5,0,0,0,0,2,0,0,0.08,,1,0,0.0,0,0,0,4,3,1,0,0,,3,75.0,0,0,0,4,0,5,0,0,77,0,1,0,0,0,0,0.0,0,0,0,0,5,0,0,6.58,0,0,0,0,0,0,0,0,0.0,0.0,0,0,0,0,0,0,0.0,0,1,0,0.0,5,2,0,0,6,75.0,1,22,12,34,32.9,0,0,43,2,0,0,Emmanuel Gyabuaa,US Avellino 1912,918837,2730
4,5,26.32,21,5,55.56,45,27,72,69.23,4,33.33,8,11,0,0,0,0,14,1,1,2,0,4,10,0,0,5,4,38,0,0,0.41,1.1,15,0,0.0,0,0,0,7,5,2,0,0,,35,53.85,0,0,0,32,1,5,0,5,393,0,1,0,0,0,0,0.0,0,0,0,0,76,2,0,6.58,0,0,0,0,0,0,0,0,0.0,0.0,0,4,4,6,0,7,50.0,0,8,5,62.5,5,9,14,19,39,50.65,9,68,36,104,65.8,8,0,217,20,3,0,Anthony Partipilo,Bari,227620,2712
31,14,21.54,197,35,38.04,359,308,667,78.93,5,18.52,22,27,4,0,0,0,96,5,1,12,5,27,27,0,0,13,18,136,1,2,2.17,1.16,52,0,0.0,0,0,4,26,22,4,0,0,,88,43.56,0,0,0,178,13,25,0,21,1859,4,6,0,0,0,0,0.0,0,0,0,0,339,6,0,6.58,1,0,0,0,0,0,0,0,0.0,0.0,0,13,20,11,10,24,41.38,0,43,26,60.47,25,83,58,65,93,40.61,92,485,360,845,177.6,33,0,1394,21,10,1,Nicolò Radaelli,Mantova,1402135,2770
5,1,11.11,67,16,72.73,138,88,226,83.09,7,36.84,12,18,0,0,0,0,32,0,0,6,0,6,18,0,0,5,8,43,0,0,0.49,0.45,18,0,0.0,0,0,0,10,10,0,0,0,,21,40.38,0,0,0,46,8,5,0,4,577,0,1,0,0,0,0,0.0,0,0,0,0,70,5,0,6.58,0,0,0,0,0,0,0,0,0.0,0.0,0,4,5,1,2,4,57.14,0,11,7,63.64,5,14,7,9,28,39.44,22,174,98,272,118.4,9,0,371,7,3,0,Nicolas Haas,Empoli,587126,2705
7,3,15.79,51,6,54.55,74,37,111,70.25,6,33.33,12,13,1,0,0,0,17,1,2,2,0,3,13,0,0,10,9,58,0,0,1.18,1.25,9,0,8.33,0,1,2,11,10,1,1,0,,30,39.47,0,0,1,47,2,7,0,5,611,5,0,0,0,0,0,0.0,0,0,0,0,116,0,0,6.58,0,1,0,0,0,0,0,0,611.0,0.0,1,8,4,6,4,12,40.0,0,4,2,50.0,7,12,30,19,36,38.3,11,110,48,158,85.5,12,0,300,14,1,0,Dennis Johnsen,Palermo,869275,2715
17,6,27.27,120,17,26.15,210,122,332,71.71,19,51.35,18,21,1,0,0,0,68,0,1,3,2,21,21,0,0,16,6,101,1,1,1.07,0.51,46,0,0.0,0,0,1,21,19,2,0,0,,71,46.1,0,0,0,131,7,12,0,16,1311,1,4,0,0,0,0,0.0,0,0,0,1,216,4,0,6.58,1,0,0,0,0,0,0,0,0.0,0.0,0,4,3,3,1,18,51.43,0,25,12,48.0,12,46,35,22,90,47.12,65,316,147,463,138.1,7,0,720,28,8,1,Francesco Cassata,Spezia,814624,2735
5,6,17.65,109,4,57.14,171,47,218,63.19,80,41.03,115,37,5,0,0,0,57,6,8,11,2,9,37,0,0,34,10,212,0,0,1.58,5.3,26,0,10.64,0,5,10,20,17,3,4,1,,55,36.18,1,0,2,127,3,21,2,24,2064,8,1,0,0,0,0,0.0,0,0,0,0,316,18,0,6.58,0,2,0,0,0,0,0,0,412.8,0.0,0,41,6,22,14,15,31.25,0,6,4,66.67,21,14,48,34,135,38.9,7,269,76,345,243.3,47,0,744,34,3,0,Jérémy Le Douaron,Palermo,1047296,2715
0,1,25.0,14,0,0.0,22,10,32,82.05,0,0.0,0,4,0,0,0,0,5,0,0,0,0,0,4,0,0,2,4,8,0,0,0.05,,1,0,0.0,0,0,0,2,1,1,0,0,,8,50.0,0,0,0,7,0,0,0,0,55,0,0,0,0,0,0,0.0,0,0,0,0,14,1,0,6.58,0,0,0,0,0,0,0,0,0.0,0.0,0,0,0,0,0,1,50.0,0,2,1,50.0,0,3,2,4,8,50.0,3,29,10,39,26.3,0,0,57,5,0,0,Luca D'Andrea,US Avellino 1912,1122910,2730
2,0,0.0,43,5,71.43,71,19,90,76.92,8,15.69,43,27,0,0,0,0,20,0,4,6,1,2,27,0,0,15,4,90,0,0,0.63,5.82,21,0,15.38,0,4,4,17,15,2,4,0,,37,44.05,0,0,1,27,1,6,3,7,902,5,0,0,0,0,0,0.0,0,0,0,1,88,4,0,6.57,0,1,0,0,0,0,0,0,225.5,0.0,0,23,3,10,10,12,63.16,0,7,4,57.14,6,5,19,3,45,33.33,7,93,24,117,177.5,26,0,278,18,0,0,Daniel Fila,Empoli,1088870,2705
9,0,0.0,165,6,66.67,261,96,357,81.14,25,28.09,64,21,1,0,0,0,50,6,8,6,0,11,21,0,0,24,5,137,0,0,3.2,5.07,24,0,15.38,0,4,5,21,18,3,4,0,,50,40.65,0,0,3,83,10,28,1,18,1579,5,0,0,0,0,0,0.0,0,0,0,0,191,14,0,6.57,0,3,0,0,0,0,0,0,394.75,0.0,0,25,1,10,10,12,36.36,0,14,10,71.43,28,13,33,5,75,35.38,9,334,106,440,138.0,26,1,715,25,1,0,Jalen Blesa,Cesena,1499082,2742
4,1,25.0,92,0,0.0,123,25,148,60.41,70,51.85,65,29,2,0,0,0,28,2,2,10,1,17,29,0,0,20,5,125,0,1,1.53,2.99,30,0,8.57,0,3,5,14,11,3,2,1,,37,38.14,0,0,0,97,3,16,3,9,1181,10,3,0,0,0,0,0.0,0,0,0,0,191,10,0,6.57,0,0,0,0,0,0,0,0,393.67,0.0,0,32,3,10,15,4,28.57,0,8,6,75.0,16,5,14,4,107,46.12,2,211,34,245,190.5,35,0,479,25,1,0,Raphael Odogwu,Südtirol,351882,2760
14,1,20.0,92,15,57.69,179,132,311,68.35,59,34.3,113,37,2,0,0,1,36,2,11,8,1,16,37,0,0,25,7,181,0,0,0.78,9.26,34,0,22.0,0,11,13,43,39,4,10,1,,34,33.33,3,0,0,144,0,19,1,31,2588,7,2,0,1,3,0,66.67,0,2,0,1,261,6,0,6.57,0,7,0,0,0,0,0,0,235.27,0.0,0,43,7,20,22,10,43.48,0,1,1,100.0,18,26,23,5,93,33.94,26,289,166,455,243.0,50,0,722,23,1,0,Gabriele Moncini,Bari,362686,2712
2,0,0.0,7,1,50.0,11,15,26,86.67,0,0.0,3,3,1,0,0,0,7,0,0,0,0,1,3,0,0,2,2,9,0,0,0.05,0.14,1,0,0.0,0,0,1,3,3,0,0,0,,3,33.33,0,0,0,4,1,3,0,1,83,0,1,0,0,0,0,0.0,0,0,0,0,8,0,0,6.57,0,0,0,0,0,0,0,0,0.0,0.0,0,0,1,1,0,0,0.0,0,3,2,66.67,3,2,1,0,3,25.0,2,13,17,30,19.7,1,0,49,0,0,0,Leonardo Graziani ,Pescara,1210842,7935
8,1,25.0,37,11,40.74,92,122,214,84.92,15,57.69,11,12,0,0,0,0,17,2,1,0,0,22,9,0,0,2,6,28,0,0,0.77,0.21,10,0,0.0,0,0,0,7,6,1,0,0,,9,34.62,0,0,0,38,6,2,0,4,430,0,4,0,0,0,1,0.0,0,0,0,0,51,3,0,6.57,0,0,0,0,0,0,0,0,0.0,0.0,0,2,0,1,1,0,0.0,0,7,6,85.71,2,17,0,4,24,46.15,27,120,132,252,59.1,2,0,340,2,1,0,Arvid Brorsson,Monza,859741,2729
15,4,20.0,62,18,42.86,115,62,177,74.06,6,46.15,7,9,0,0,0,0,31,0,0,0,0,23,9,0,0,5,3,21,1,0,0.21,0.13,4,0,0.0,0,0,0,13,10,3,0,0,,17,54.84,0,0,0,62,6,4,0,7,626,0,0,0,0,0,0,0.0,0,0,0,0,109,3,0,6.57,0,0,0,0,0,0,0,0,0.0,0.0,0,1,2,1,2,8,72.73,0,8,8,100.0,4,28,11,20,23,52.27,42,164,75,239,59.1,3,0,386,1,2,0,Tiago Gonçalves,Mantova,1112733,2770
1,0,0.0,15,0,0.0,20,7,27,75.0,0,0.0,2,3,0,0,0,0,6,0,0,0,0,0,3,0,0,2,1,12,0,0,0.1,0.04,5,0,0.0,0,0,0,3,3,0,0,0,,5,33.33,0,0,0,9,0,1,0,1,103,0,0,0,0,0,0,0.0,0,0,0,0,25,0,0,6.57,0,0,0,0,0,0,0,0,0.0,0.0,0,1,0,1,0,3,60.0,0,0,0,0.0,1,3,5,4,5,29.41,2,25,11,36,19.7,1,0,64,2,1,0,Alessandro Arena,Carrarese,1013296,2745
4,1,20.0,85,5,62.5,151,63,214,80.75,22,32.35,46,26,0,0,0,0,37,1,4,7,1,8,26,0,0,25,2,119,0,0,0.4,4.02,44,0,12.12,0,4,4,20,19,1,4,0,,46,38.66,1,0,1,51,2,12,2,17,1409,18,4,0,0,0,0,0.0,0,0,0,0,136,9,0,6.56,0,1,0,0,0,0,0,0,352.25,0.0,0,30,3,17,9,9,50.0,0,7,2,28.57,12,8,18,5,68,36.36,8,194,71,265,170.6,33,1,488,31,4,0,Marco Nasti,Empoli,1101161,2705
3,3,16.67,104,10,47.62,176,90,266,82.1,18,41.86,25,32,1,0,0,0,51,1,1,12,2,26,32,0,0,18,8,101,0,0,0.93,1.51,39,0,0.0,0,0,1,24,19,5,0,0,,53,41.09,0,0,0,58,13,15,0,11,1310,5,2,0,0,0,0,0.0,0,0,0,0,145,3,0,6.56,0,0,0,0,0,0,0,0,0.0,0.0,0,13,10,7,4,9,40.91,0,26,17,65.38,15,8,22,18,71,41.28,21,220,104,324,209.8,23,0,602,18,6,0,Marco Dalla Vecchia,Virtus Entella,1397354,43680
4,6,37.5,44,8,50.0,82,85,167,87.43,9,36.0,16,16,0,0,0,0,38,0,0,8,0,15,16,0,0,12,6,71,0,0,0.74,1.03,15,0,0.0,0,0,0,12,11,1,0,0,,47,46.08,0,0,0,24,1,3,0,7,739,2,1,0,0,0,1,0.0,0,0,0,0,99,3,0,6.56,0,0,0,0,0,0,0,0,0.0,0.0,0,12,8,8,4,17,41.46,0,11,5,45.45,3,8,41,16,56,44.09,16,96,95,191,104.9,20,0,398,19,2,0,Maat Daniel Caprini,Mantova,1477340,2770
5,3,27.27,60,7,77.78,112,46,158,71.17,35,33.02,71,26,1,0,0,0,45,3,5,10,0,6,26,0,0,35,3,167,1,0,1.07,4.16,35,0,9.38,0,3,4,23,20,3,3,0,,70,42.17,1,0,0,64,6,10,1,17,1346,7,3,0,0,0,0,0.0,0,0,0,0,201,13,0,6.55,0,1,0,0,0,0,0,0,448.67,0.0,0,23,9,10,12,15,34.88,0,10,6,60.0,10,11,43,11,105,38.6,9,171,51,222,170.4,32,0,537,46,4,0,Giuseppe Di Serio,Spezia,984039,2735
3,3,30.0,54,11,29.73,137,162,299,78.89,17,68.0,8,26,0,0,0,0,42,0,2,4,0,32,26,0,1,2,7,44,0,0,0.55,1.7,25,0,7.69,0,1,1,18,16,2,1,0,,50,58.14,1,0,1,80,26,7,0,7,1016,1,5,0,0,0,1,0.0,0,0,0,0,109,3,0,6.55,1,0,0,0,0,0,0,0,1016.0,0.0,0,10,3,6,3,3,42.86,0,23,16,69.57,7,13,7,10,67,60.36,37,188,191,379,170.4,13,0,627,26,4,0,Ruggero Frosinini,Catanzaro,1100575,2796
2,1,20.0,31,3,21.43,54,34,88,69.84,6,31.58,13,15,1,0,0,0,26,2,1,1,0,7,13,0,0,9,5,44,0,0,1.0,0.47,10,0,0.0,0,0,1,7,6,1,0,0,,17,35.42,0,0,0,38,3,5,0,2,441,1,2,0,0,0,0,0.0,0,0,0,0,76,1,0,6.55,0,0,0,0,0,0,0,0,0.0,0.0,0,4,3,3,3,4,36.36,0,9,8,88.89,5,7,11,5,23,34.33,14,80,46,126,85.2,7,0,242,4,2,0,Lorenzo Berardi,Pescara,2066755,7935
3,0,0.0,18,2,40.0,41,31,72,76.6,7,21.88,25,15,0,0,0,0,13,0,3,3,0,6,15,0,0,8,5,55,0,0,0.2,2.11,17,0,11.76,0,2,2,8,6,2,1,1,,26,46.43,0,0,0,22,0,5,0,5,551,6,0,0,0,0,0,0.0,0,0,0,0,51,2,0,6.55,0,2,0,0,0,0,0,0,275.5,0.0,0,14,3,11,3,1,25.0,0,5,1,20.0,5,7,4,3,33,37.5,5,59,35,94,98.3,17,0,192,21,2,0,Mattia Tirelli,Virtus Entella,979667,43680
25,1,33.33,59,38,34.23,105,97,202,62.93,21,60.0,14,16,0,0,0,0,30,0,0,1,1,67,15,0,0,1,4,31,1,0,0.45,0.05,11,0,0.0,0,0,0,16,11,5,0,0,,17,50.0,0,0,0,119,12,2,0,11,937,1,6,0,0,0,0,0.0,0,0,0,0,136,1,0,6.55,0,0,0,0,0,0,0,0,0.0,0.0,0,2,0,1,0,0,0.0,0,10,5,50.0,2,55,1,3,38,55.07,111,193,128,321,98.3,2,0,484,7,3,0,Andrea Masiello,Südtirol,17814,2760
0,0,0.0,2,0,0.0,2,0,2,66.67,1,33.33,2,3,0,0,0,0,0,0,0,0,0,0,2,0,0,1,0,4,0,0,0.0,,1,0,0.0,0,0,0,0,0,0,0,0,,2,50.0,0,0,0,1,0,1,0,0,21,0,0,0,0,0,0,0.0,0,0,0,0,2,0,0,6.55,0,0,0,0,0,0,0,0,0.0,0.0,0,0,0,0,0,1,100.0,0,1,1,100.0,1,0,1,0,3,42.86,0,3,0,3,13.1,0,0,8,0,0,0,Dachi Lordkipanidze,Carrarese,1153193,2745
0,0,0.0,2,0,0.0,2,1,3,60.0,2,66.67,1,4,0,0,0,0,1,0,0,0,0,2,2,0,0,1,0,2,0,0,0.0,,0,0,0.0,0,0,0,1,1,0,0,0,,0,0.0,0,0,0,2,0,0,0,0,24,0,0,0,0,0,0,0.0,0,0,0,0,5,0,0,6.55,0,0,0,0,0,0,0,0,0.0,0.0,0,0,0,0,0,0,0.0,0,0,0,0.0,0,0,0,1,2,50.0,0,3,2,5,13.1,0,0,12,0,0,0,Dhirar Brik,Südtirol,1907331,2760
4,5,50.0,16,4,66.67,30,19,49,83.05,1,20.0,4,6,0,0,0,0,10,0,0,2,0,1,6,0,0,5,2,17,0,0,0.1,0.13,5,0,0.0,0,0,0,2,2,0,0,0,,10,43.48,0,0,0,10,2,2,0,1,164,0,0,0,0,0,0,0.0,0,0,0,0,26,0,0,6.55,0,0,0,0,0,0,0,0,0.0,0.0,0,2,1,1,0,0,0.0,0,1,0,0.0,2,6,1,10,11,39.29,6,38,21,59,39.3,3,0,103,9,1,0,Pietro Candelari,Spezia,1468175,2735
0,0,0.0,3,1,100.0,7,7,14,82.35,0,0.0,1,4,0,0,0,0,2,0,0,2,0,0,4,0,0,1,0,3,0,0,0.01,0.08,1,0,0.0,0,0,0,0,0,0,0,0,,1,33.33,0,0,0,3,0,0,0,0,40,0,0,0,0,0,0,0.0,0,0,0,0,5,0,0,6.55,0,0,0,0,0,0,0,0,0.0,0.0,0,0,2,0,0,0,0.0,0,1,0,0.0,0,1,0,0,1,25.0,1,10,7,17,26.2,2,0,27,0,0,0,Tommaso Casalino,Sampdoria,1917831,2711
3,3,20.0,28,2,33.33,44,36,80,86.96,0,0.0,1,13,0,0,0,0,14,0,1,1,1,6,12,0,0,6,3,22,0,0,0.12,0.04,8,0,0.0,0,0,0,5,3,2,0,0,,14,40.0,0,0,0,12,2,3,0,1,347,1,1,0,0,0,0,0.0,0,0,0,0,44,0,0,6.55,0,0,0,0,0,0,0,0,0.0,0.0,0,3,0,2,0,1,20.0,0,10,4,40.0,3,6,5,15,14,38.89,6,51,41,92,78.6,3,0,176,3,2,0,Vittorio Magni,Cesena,1466123,2742
0,0,0.0,4,1,100.0,6,0,6,100.0,1,50.0,1,2,0,0,0,0,0,0,0,1,0,0,2,0,0,0,0,1,0,0,0.09,0.04,0,0,0.0,0,0,0,0,0,0,0,0,,0,0.0,0,0,0,0,0,0,0,0,28,0,0,0,0,0,0,0.0,0,0,0,0,3,0,0,6.55,0,0,0,0,0,0,0,0,0.0,0.0,0,1,0,0,0,0,0.0,0,0,0,0.0,0,0,0,2,1,50.0,1,6,0,6,13.1,1,0,13,0,0,0,Giuseppe Panico,US Avellino 1912,363872,2730
0,0,0.0,5,2,50.0,17,13,30,90.91,0,0.0,0,6,0,0,0,0,1,0,0,1,0,2,6,0,0,0,0,3,0,0,0.01,0.03,3,0,0.0,0,0,0,1,1,0,0,0,,0,0.0,0,0,0,3,0,0,0,0,54,0,0,0,0,0,0,0.0,0,0,0,0,6,0,0,6.55,0,0,0,0,0,0,0,0,0.0,0.0,0,0,1,0,0,0,0.0,0,0,0,0.0,0,1,0,3,0,0.0,4,19,14,33,39.3,1,0,39,0,0,0,Tommaso Arrigoni,Cesena,202034,2742
13,4,28.57,112,8,66.67,169,106,275,75.55,31,30.69,70,35,0,0,1,0,31,1,12,9,0,11,35,0,0,23,2,130,0,0,1.12,8.73,18,0,14.04,0,8,8,29,27,2,7,1,,44,42.31,1,0,3,89,3,14,2,21,1892,14,1,0,0,3,0,66.67,0,2,0,1,216,6,0,6.55,0,5,0,0,0,0,0,0,236.5,0.0,1,46,11,21,27,5,20.83,0,8,6,75.0,14,23,24,14,75,36.59,12,240,124,364,229.2,57,0,660,32,1,0,Leonardo Mancuso,Mantova,250931,2770
16,4,40.0,146,31,30.1,367,635,1002,87.13,44,68.75,20,29,1,0,0,0,58,0,3,7,5,99,29,0,1,9,4,75,0,1,0.39,1.23,33,0,0.0,23,0,1,38,38,0,0,0,,78,58.65,0,0,1,148,25,11,0,28,2350,0,9,0,0,0,0,0.0,0,0,0,0,209,2,0,6.55,1,0,0,0,0,0,0,0,0.0,0.0,0,14,1,4,4,9,47.37,0,43,22,51.16,11,45,19,10,122,61.93,103,463,687,1150,189.9,15,0,1547,26,4,0,Nosa Edward Obaretin,Empoli,1068241,2705
21,2,16.67,113,63,36.63,259,223,482,73.59,36,53.73,31,27,1,0,0,0,81,1,0,0,7,95,27,0,0,3,12,76,0,0,0.7,0.09,29,0,0.0,0,0,1,31,26,5,0,0,,36,44.44,0,0,0,173,18,2,0,25,2187,0,15,0,0,0,1,0.0,0,0,0,0,244,2,0,6.55,0,0,0,0,0,0,0,0,0.0,0.0,0,0,4,3,1,4,66.67,0,25,16,64.0,2,58,6,12,72,48.65,172,398,257,655,176.8,4,0,980,7,4,0,Frédéric Veseli,Südtirol,137775,2760
14,2,11.11,119,21,48.84,304,260,564,83.43,3,18.75,13,25,2,0,0,0,79,2,0,4,2,15,24,0,0,17,21,87,0,1,0.94,0.31,29,0,0.0,0,0,2,19,18,1,0,0,,39,34.51,0,0,0,112,11,10,0,18,1508,0,4,0,0,0,0,0.0,0,0,0,0,178,5,0,6.55,0,0,0,0,0,0,0,0,0.0,0.0,0,3,2,1,0,4,33.33,0,23,16,69.57,10,23,12,18,42,32.56,43,383,293,676,157.1,5,0,880,12,4,0,Ádám Nagy,Spezia,795713,2735
1,2,66.67,42,1,50.0,68,19,87,66.41,12,27.91,31,21,1,0,0,0,24,2,3,4,0,7,21,0,0,21,4,95,0,0,1.02,1.36,27,0,7.69,0,1,2,15,12,3,1,0,,41,39.05,0,0,0,44,3,7,0,10,847,6,0,0,0,0,0,0.0,0,0,0,0,124,4,0,6.54,0,1,0,0,0,0,0,0,847.0,0.0,0,10,3,6,3,12,42.86,0,11,8,72.73,7,1,28,3,53,35.81,2,108,23,131,137.4,13,0,316,18,1,0,Riccardo Tonin,Südtirol,918866,2760
8,1,9.09,178,11,64.71,304,188,492,83.82,24,27.27,64,37,5,0,0,2,76,5,24,25,3,12,37,0,0,67,10,249,0,1,1.63,17.96,74,0,11.76,0,12,17,42,33,9,12,0,,100,35.09,0,0,2,95,2,23,1,36,2952,34,0,0,0,6,0,66.67,0,4,0,0,303,15,0,6.54,0,11,0,0,0,0,0,0,246.0,0.0,0,85,17,33,44,41,51.9,0,14,7,50.0,23,15,79,11,124,33.24,17,376,211,587,242.0,102,1,1103,45,1,0,Cristian Shpendi,Cesena,1138012,2742
4,2,100.0,31,3,21.43,61,31,92,64.34,19,44.19,24,21,0,0,0,0,29,1,2,3,0,6,20,0,0,13,1,61,0,0,0.41,2.26,21,0,9.09,0,1,1,5,4,1,1,0,,31,45.59,0,0,2,51,2,3,1,3,512,1,2,0,0,1,1,100.0,0,1,0,0,109,7,0,6.54,0,0,0,0,0,0,0,0,512.0,0.0,1,7,4,6,2,5,41.67,0,9,7,77.78,3,14,12,2,50,45.05,14,102,41,143,130.8,11,0,282,17,2,0,Ernesto Torregrossa,Carrarese,127000,2745
13,0,0.0,36,31,34.07,85,98,183,64.21,43,64.18,24,15,0,0,0,0,27,0,2,4,0,81,15,0,0,1,2,42,1,0,0.18,1.37,13,0,7.14,0,1,1,23,19,4,1,0,,15,45.45,1,0,0,102,17,0,0,13,1163,0,8,0,0,0,0,0.0,0,0,0,0,110,1,0,6.54,0,0,0,0,0,0,0,0,1163.0,0.0,0,13,1,7,3,0,0.0,0,14,9,64.29,0,30,2,2,58,58.0,91,169,116,285,98.1,14,0,463,1,1,0,Nicola Pietrangeli,Südtirol,1012950,2760
0,0,0.0,17,2,100.0,22,6,28,62.22,7,31.82,15,15,0,0,0,0,7,0,0,2,0,2,15,0,0,4,1,29,0,0,0.59,0.78,9,0,12.5,0,1,1,6,5,1,1,0,,7,33.33,0,0,0,17,1,4,0,1,299,2,1,0,0,0,0,0.0,0,0,0,0,34,1,0,6.54,0,1,0,0,0,0,0,0,299.0,0.0,0,7,1,4,2,1,50.0,0,3,1,33.33,4,2,2,1,14,32.56,2,37,8,45,98.1,8,0,93,4,1,0,Edoardo Vergani,Frosinone,918838,2801
3,1,25.0,12,7,46.67,30,57,87,80.56,1,14.29,6,5,0,0,0,0,6,0,0,1,0,12,5,0,0,3,2,15,0,0,0.04,0.02,1,0,0.0,0,0,0,5,3,2,0,0,,5,35.71,0,0,0,21,2,1,0,3,224,0,1,0,0,0,0,0.0,0,0,0,0,37,0,0,6.54,0,0,0,0,0,0,0,0,0.0,0.0,0,0,1,0,0,2,40.0,0,1,1,100.0,1,5,5,4,6,28.57,15,41,67,108,32.7,1,0,168,2,0,0,Riccardo Burgio,Bari,966548,2712
7,1,50.0,60,4,28.57,99,45,144,72.0,19,51.35,18,13,0,0,0,0,20,1,3,1,1,13,13,0,0,9,1,51,0,0,0.6,1.5,14,0,8.33,0,1,1,11,11,0,1,0,,18,35.29,0,0,0,56,7,10,1,7,764,0,2,0,0,0,0,0.0,0,0,0,0,91,2,0,6.54,0,0,0,0,0,0,0,0,764.0,0.0,0,10,2,5,6,4,30.77,0,10,5,50.0,10,11,13,2,37,42.05,14,133,67,200,85.0,12,0,324,4,3,0,Kevin Zeroli,Juve Stabia,1397348,5324
5,2,40.0,87,5,45.45,121,41,162,61.36,52,46.02,61,32,1,0,0,0,26,0,9,10,0,11,32,0,0,11,7,94,0,0,1.43,5.8,11,0,9.09,0,4,5,7,7,0,4,0,,25,43.1,3,0,1,102,3,17,0,11,1164,5,0,0,0,0,0,0.0,0,0,0,0,166,8,0,6.54,0,1,0,0,0,0,0,0,291.0,0.0,3,32,12,19,15,4,40.0,0,2,1,50.0,17,16,10,5,77,45.03,11,205,59,264,209.2,44,0,438,19,0,0,Pedro Mendes,Modena,905004,2706
4,0,0.0,24,8,66.67,56,59,115,92.0,2,25.0,6,6,0,0,0,0,18,0,0,2,0,3,6,0,0,1,5,24,0,1,0.13,0.15,9,0,0.0,0,0,0,3,2,1,0,0,,13,41.94,0,0,0,10,0,2,0,3,239,0,1,0,0,0,0,0.0,0,0,0,0,20,1,0,6.53,0,0,0,0,0,0,0,0,0.0,0.0,0,0,3,1,0,0,0.0,0,8,2,25.0,2,7,3,0,15,38.46,12,63,62,125,39.2,3,0,166,5,2,0,Ebrima Darboe,Bari,1002902,2712
2,0,0.0,37,4,57.14,66,52,118,92.19,1,10.0,9,9,0,0,0,0,21,0,0,1,0,0,9,0,0,9,3,30,0,0,0.11,0.09,8,0,0.0,0,0,0,9,9,0,0,0,,19,47.5,0,0,0,10,1,2,0,3,346,0,0,0,0,0,0,0.0,0,0,0,0,31,2,0,6.53,0,0,0,0,0,0,0,0,0.0,0.0,0,0,3,0,2,4,80.0,0,8,6,75.0,2,3,5,4,20,40.0,7,72,56,128,58.8,3,0,186,7,1,0,Daouda Traore,Bari,1390279,2712
0,0,0.0,4,0,0.0,13,3,16,66.67,0,0.0,1,3,0,0,0,0,2,0,0,0,0,0,3,0,0,1,2,6,0,0,0.04,0.03,1,0,0.0,0,0,0,2,2,0,0,0,,4,44.44,0,0,0,8,0,2,0,0,46,1,0,0,0,0,0,0.0,0,0,0,0,15,0,0,6.53,0,0,0,0,0,0,0,0,0.0,0.0,0,1,0,1,0,1,50.0,0,1,1,100.0,2,1,2,4,4,40.0,1,20,4,24,19.6,1,0,42,2,0,0,Edoardo Duca,Juve Stabia,915628,5324
1,0,0.0,29,1,14.29,53,30,83,67.48,9,40.91,13,16,0,0,0,0,18,1,1,4,0,8,16,0,0,4,4,44,0,1,0.21,1.68,13,0,9.09,0,1,1,15,15,0,1,0,,30,49.18,0,0,0,40,7,4,1,5,586,1,1,0,0,0,0,0.0,0,0,0,0,86,3,0,6.53,0,0,0,0,0,0,0,0,586.0,0.0,1,5,6,5,2,11,52.38,0,10,7,70.0,4,3,21,7,39,46.99,7,84,39,123,104.5,11,0,252,9,5,0,Giacomo De Pieri,Bari,1466113,2712
5,15,26.32,105,7,46.67,160,74,234,73.58,19,48.72,20,26,4,0,0,0,59,4,1,5,0,7,26,0,0,22,17,106,0,0,1.56,1.61,25,0,6.25,0,1,5,20,19,1,1,0,,56,39.44,0,0,0,84,12,13,0,14,1289,0,0,0,0,0,0,0.0,0,0,0,0,218,9,0,6.53,0,1,0,0,0,0,0,0,1289.0,0.0,1,9,7,6,5,14,37.84,0,25,14,56.0,13,14,37,57,75,41.44,15,233,85,318,169.8,16,0,618,18,4,0,Rareș Ilie,Empoli,1092074,2705
7,16,37.21,52,4,50.0,80,36,116,81.12,5,15.15,28,10,0,0,0,0,30,2,1,3,0,8,10,0,0,10,8,76,0,0,1.41,0.6,16,0,0.0,0,0,0,7,6,1,0,0,,31,39.24,0,0,0,27,3,8,0,6,529,1,1,0,0,0,0,0.0,0,0,0,0,97,2,0,6.53,0,0,0,0,0,0,0,0,0.0,0.0,1,5,5,3,4,4,21.05,0,8,7,87.5,8,12,19,43,36,32.14,8,102,41,143,65.3,10,0,319,19,2,0,Alessandro Mallamo,Südtirol,826197,2760
16,3,14.29,110,22,44.0,218,177,395,84.22,11,35.48,20,25,0,0,0,0,49,2,3,6,1,36,25,0,0,15,5,64,0,3,1.39,1.55,20,0,0.0,0,0,0,18,17,1,0,0,,33,42.86,0,0,1,74,7,11,0,12,1125,1,3,0,0,0,0,0.0,0,0,0,0,135,5,0,6.53,0,0,0,0,0,0,0,0,0.0,0.0,0,11,13,11,7,8,61.54,0,14,10,71.43,11,34,13,21,44,40.74,50,270,199,469,163.2,24,0,665,11,6,0,Flavio Paoletti,Mantova,1069011,2770
1,1,20.0,21,4,66.67,46,29,75,80.65,6,50.0,6,16,0,0,0,0,12,0,1,1,0,4,16,0,0,2,5,31,0,0,0.1,0.46,15,0,0.0,0,0,0,5,3,2,0,0,,13,34.21,0,0,0,18,1,1,0,2,358,0,0,1,0,0,0,0.0,0,0,0,0,34,1,0,6.53,0,0,0,0,0,0,0,0,0.0,0.0,0,1,2,0,2,1,25.0,0,7,2,28.57,1,1,4,5,19,38.0,6,61,32,93,104.4,3,0,147,5,0,0,Samuel Giovane,Palermo,983574,2715
0,0,0.0,9,1,33.33,13,5,18,78.26,1,100.0,0,8,0,0,0,0,3,0,0,3,0,1,8,0,0,3,1,8,0,0,0.03,0.16,2,0,0.0,0,0,0,0,0,0,0,0,,4,33.33,0,0,0,5,0,1,0,0,104,1,0,0,0,0,0,0.0,0,0,0,0,18,0,0,6.53,0,0,0,0,0,0,0,0,0.0,0.0,1,2,2,1,0,1,33.33,0,3,2,66.67,1,1,3,3,5,38.46,3,17,6,23,52.2,4,0,51,0,0,0,Flavio Bianchi,Empoli,928779,2705
5,1,9.09,23,7,58.33,52,51,103,82.4,2,50.0,2,5,0,0,0,0,16,1,0,1,0,3,5,0,0,7,5,26,0,0,0.13,0.21,9,0,0.0,0,0,0,7,5,2,0,0,,16,40.0,0,0,0,22,2,6,0,4,365,4,0,0,0,0,0,0.0,0,0,0,0,49,4,0,6.52,0,0,0,0,0,0,0,0,0.0,0.0,0,2,4,4,1,4,57.14,0,1,0,0.0,6,9,7,11,18,40.91,12,67,58,125,32.6,6,0,192,11,1,0,Giuseppe Sibilli,Bari,895287,2712
3,2,20.0,62,1,50.0,102,53,155,79.49,6,20.69,23,27,2,0,0,0,33,1,0,2,0,7,26,0,1,18,4,73,0,0,0.78,0.26,11,0,0.0,0,0,2,14,12,2,0,0,,38,43.18,0,0,1,40,4,13,0,7,867,1,1,1,0,0,0,0.0,0,0,0,0,116,3,0,6.52,1,0,0,0,0,0,0,0,0.0,0.0,0,2,1,1,0,9,33.33,0,11,8,72.73,13,3,27,10,44,37.61,2,129,66,195,169.5,3,0,378,18,4,0,Patrick Amiamo Nuamah,Catanzaro,1394029,2796
3,0,0.0,36,3,75.0,58,48,106,86.89,11,44.0,14,12,0,1,0,0,8,2,5,4,0,4,12,0,0,8,2,43,0,0,0.7,2.42,15,0,0.0,0,0,0,11,10,1,0,0,,19,39.58,0,0,1,16,1,10,0,7,617,1,1,0,0,1,0,0.0,0,0,0,1,64,4,0,6.52,0,0,0,0,0,0,0,0,0.0,0.0,0,12,8,7,9,1,14.29,0,3,1,33.33,10,4,7,1,30,41.1,4,67,55,122,78.2,20,0,236,16,1,0,Nicholas Bonfanti,Mantova,982550,2770
6,1,7.14,43,0,0.0,89,48,137,72.87,2,33.33,4,14,1,0,0,0,17,1,1,0,1,7,14,0,0,3,11,36,0,1,0.19,0.62,11,0,0.0,0,0,1,12,11,1,0,0,,32,50.0,0,0,0,51,5,2,0,7,589,0,0,0,0,0,0,0.0,0,0,0,0,86,1,0,6.51,0,0,0,0,0,0,0,0,0.0,0.0,0,5,1,1,5,7,50.0,0,13,5,38.46,2,13,14,14,34,48.57,6,122,66,188,91.2,6,0,309,12,0,0,Mirko Antonucci,Bari,826196,2712
17,8,20.51,142,30,28.3,312,472,784,83.32,20,42.55,27,31,0,0,0,0,97,1,0,1,5,106,31,0,0,2,9,65,0,1,0.85,0.17,25,0,0.0,0,0,0,38,29,9,0,0,,45,54.22,0,0,0,157,17,10,0,25,2282,0,9,0,0,0,0,0.0,0,0,0,0,231,5,0,6.51,0,0,0,0,0,0,0,0,0.0,0.0,0,2,4,4,1,4,66.67,0,40,17,42.5,10,56,6,39,65,50.0,106,422,519,941,201.9,6,0,1324,1,2,0,Lorenzo Libutti,Reggiana,596008,24516
4,9,36.0,13,3,50.0,32,22,54,73.97,2,22.22,7,9,0,0,0,0,7,1,0,0,1,7,8,0,0,5,1,26,0,0,0.6,0.14,12,0,0.0,0,0,0,7,7,0,0,0,,15,44.12,0,0,0,19,2,7,0,4,372,0,0,0,0,0,1,0.0,0,0,0,0,60,1,0,6.51,0,0,0,0,0,0,0,0,0.0,0.0,0,3,2,4,1,1,33.33,0,6,4,66.67,7,9,3,25,17,39.53,6,50,23,73,52.1,5,0,170,8,1,0,Edoardo Masciangelo,Frosinone,813078,2801
11,2,15.38,50,24,29.27,150,316,466,82.92,16,53.33,14,25,1,0,0,0,50,0,0,1,5,58,25,0,0,7,12,54,0,0,0.15,0.11,16,0,0.0,2,0,1,27,19,8,0,0,,34,45.95,0,0,0,96,10,3,0,21,1774,1,15,0,0,0,0,0.0,0,0,0,0,166,1,0,6.5,0,0,0,0,0,0,0,0,0.0,0.0,0,1,1,1,0,2,28.57,0,24,16,66.67,3,45,7,13,50,48.08,82,213,349,562,162.6,2,0,830,8,5,0,Simone Bonetti,Reggiana,1998166,24516
0,0,0.0,1,1,33.33,1,2,3,60.0,0,0.0,0,1,0,0,0,0,0,0,0,0,0,0,1,0,0,0,0,0,0,0,0.0,,0,0,0.0,1,0,0,0,0,0,0,0,,0,0.0,0,0,0,2,0,0,0,0,9,0,0,0,0,0,0,0.0,0,0,0,0,2,0,0,6.5,0,0,0,0,0,0,0,0,0.0,0.0,0,0,0,0,0,0,0.0,0,0,0,0.0,0,0,0,0,0,0.0,3,3,2,5,6.5,0,0,5,0,0,0,Matteo Pisseri,Frosinone,170885,2801
0,0,0.0,3,12,37.5,9,7,16,44.44,0,0.0,0,2,0,0,0,0,15,0,0,0,0,1,2,0,0,0,0,0,0,0,0.0,,0,0,0.0,12,0,0,1,1,0,0,0,-0.27,0,0.0,0,0,0,20,0,0,0,2,158,0,0,0,0,0,0,0.0,0,0,0,0,21,0,1,6.5,0,0,3,3,0,3,0,2,0.0,0.0,0,0,0,0,0,0,0.0,3,0,0,0.0,0,1,0,0,0,0.0,32,27,9,36,13.0,0,0,48,0,0,0,Alessio Cragno,Südtirol,148740,2760
1,0,0.0,0,0,0.0,0,3,3,100.0,2,100.0,0,2,0,0,0,0,1,0,0,0,0,3,2,0,0,0,0,1,0,0,0.0,,1,0,0.0,0,0,0,1,0,1,0,0,,0,0.0,0,0,0,0,0,0,0,0,19,0,0,0,0,0,0,0.0,0,0,0,0,0,0,0,6.5,0,0,0,0,0,0,0,0,0.0,0.0,0,0,0,0,0,0,0.0,0,0,0,0.0,0,1,0,0,2,66.67,0,0,3,3,13.0,0,0,6,0,0,0,Davide Biraschi,Frosinone,233252,2801
0,0,0.0,1,0,0.0,4,3,7,87.5,0,0.0,0,2,0,0,0,0,0,0,0,0,0,0,1,0,0,0,0,0,0,0,0.0,,0,0,0.0,0,0,0,0,0,0,0,0,,0,0.0,0,0,0,1,0,0,0,0,12,0,0,0,0,0,0,0.0,0,0,0,0,1,0,0,6.5,0,0,0,0,0,0,0,0,0.0,0.0,0,0,0,0,0,0,0.0,0,0,0,0.0,0,0,0,0,0,0.0,0,5,3,8,6.5,0,0,8,0,0,0,Abdoulie Ndow,Frosinone,1945130,2801
6,0,0.0,0,17,37.78,5,49,54,65.06,0,0.0,0,3,0,0,0,0,16,0,0,0,0,2,3,0,0,0,0,0,0,0,0.0,,0,0,0.0,31,0,0,4,2,2,0,0,-1.42,0,0.0,0,0,0,29,0,0,0,3,270,0,0,0,0,0,0,0.0,0,0,0,0,29,0,2,6.5,0,0,0,1,8,9,0,0,0.0,0.0,0,0,0,0,0,0,0.0,0,0,0,0.0,0,14,0,0,0,0.0,45,23,60,83,19.5,0,0,104,0,0,0,Andrea Seculin,Reggiana,46395,24516
0,0,0.0,5,9,90.0,30,113,143,94.08,10,45.45,12,7,0,0,0,0,14,0,0,0,0,16,7,0,0,0,0,16,1,0,0.01,,5,0,0.0,0,0,0,7,4,3,0,0,,4,50.0,0,0,0,9,6,0,0,2,269,0,1,0,0,0,0,0.0,0,0,0,0,11,0,0,6.5,0,0,0,0,0,0,0,0,0.0,0.0,0,0,0,0,0,0,0.0,0,4,2,50.0,0,0,0,0,14,46.67,10,33,119,152,45.5,0,0,194,0,2,0,Peter Amoran,Cesena,1158079,2742
0,0,0.0,1,0,0.0,2,1,3,37.5,0,0.0,0,2,0,0,0,0,1,0,1,2,0,0,2,0,0,0,0,2,0,0,0.02,0.83,1,0,0.0,0,0,0,0,0,0,0,0,,2,50.0,0,0,1,5,0,0,0,0,37,0,0,0,0,0,0,0.0,0,0,0,0,9,0,0,6.5,0,0,0,0,0,0,0,0,0.0,0.0,0,3,1,1,1,1,50.0,0,0,0,0.0,0,0,2,1,2,50.0,0,7,1,8,13.0,4,0,18,1,0,0,Nikolas Muci,Mantova,1113453,2770
1,0,0.0,22,1,50.0,33,15,48,75.0,9,42.86,12,15,0,0,0,0,9,0,1,4,0,3,15,0,0,3,1,23,0,0,0.15,0.67,7,0,0.0,0,0,0,8,7,1,0,0,,13,54.17,0,0,0,16,0,3,0,2,326,3,0,0,0,0,0,0.0,0,0,0,0,31,4,0,6.5,0,0,0,0,0,0,0,0,0.0,0.0,0,8,1,5,0,2,66.67,0,1,1,100.0,3,1,3,0,22,48.89,2,46,18,64,97.5,9,0,110,10,0,0,Giacomo Vrioni,Cesena,862484,2742
5,2,22.22,10,4,66.67,20,18,38,70.37,2,28.57,5,8,0,0,0,0,5,0,0,1,0,8,6,0,0,1,2,11,0,0,0.15,0.08,3,0,0.0,0,0,0,6,4,2,0,0,,1,14.29,0,0,0,16,5,5,0,2,231,0,0,0,0,0,0,0.0,0,0,0,0,37,0,0,6.5,0,0,0,0,0,0,0,0,0.0,0.0,0,1,1,0,1,1,50.0,0,0,0,0.0,5,8,2,9,3,21.43,6,35,19,54,39.0,2,0,113,0,0,0,Riccardo Turicchia,Virtus Entella,1011756,43680
1,0,0.0,3,0,0.0,8,3,11,78.57,0,0.0,0,3,0,0,0,0,1,0,0,0,0,3,3,0,0,1,1,3,0,0,0.02,0.03,1,0,0.0,0,0,0,2,2,0,0,0,,0,0.0,0,0,0,3,0,0,0,0,38,0,0,0,0,0,0,0.0,0,0,0,0,5,0,0,6.5,0,0,0,0,0,0,0,0,0.0,0.0,0,0,1,1,0,0,0.0,0,0,0,0.0,0,2,0,0,0,0.0,1,10,4,14,19.5,1,0,21,0,0,0,Vincenzo Colangiuli,Bari,1836735,2712
0,0,0.0,1,0,0.0,4,4,8,80.0,1,100.0,0,1,0,0,0,0,0,0,0,0,0,0,1,0,0,0,0,1,0,0,0.0,0.01,0,0,0.0,0,0,0,0,0,0,0,0,,0,0.0,0,0,0,2,0,0,0,0,13,0,0,0,0,0,0,0.0,0,0,0,0,4,0,0,6.5,0,0,0,0,0,0,0,0,0.0,0.0,0,0,1,0,1,0,0.0,0,0,0,0.0,0,0,1,0,1,50.0,0,6,4,10,6.5,1,0,14,0,0,0,Filippo Bertaccini,Cesena,1991579,2742
3,6,18.18,93,6,75.0,157,65,222,79.86,6,28.57,15,26,2,0,0,0,28,3,4,7,1,2,26,0,0,16,4,65,0,0,1.46,2.97,21,0,3.13,0,1,3,15,13,2,1,0,,43,46.24,0,0,1,56,4,15,0,8,980,6,0,0,0,0,0,0.0,0,0,0,0,146,4,0,6.5,0,1,0,0,0,0,0,0,980.0,0.0,0,24,8,13,12,11,45.83,0,3,1,33.33,15,5,24,33,49,42.98,8,202,76,278,168.9,32,0,485,31,4,0,Marco Olivieri,Cesena,826192,2742
5,8,36.36,73,5,50.0,107,50,157,69.16,43,37.07,73,25,2,0,0,0,39,2,4,12,1,18,25,0,0,22,5,156,0,0,1.16,2.45,50,0,3.23,0,1,3,16,16,0,1,0,,53,38.97,0,0,1,70,5,26,1,8,1056,5,0,0,0,0,0,0.0,0,0,0,0,177,7,0,6.5,0,0,0,0,0,0,0,0,1056.0,0.0,2,21,10,12,7,17,58.62,0,13,4,30.77,26,8,29,22,96,38.1,10,160,67,227,162.4,31,0,510,25,5,0,Rareș Burnete,Juve Stabia,1136325,5324
18,4,33.33,58,20,46.51,143,124,267,72.75,31,42.47,42,18,0,0,0,0,37,0,0,2,1,23,18,0,0,9,4,82,0,0,0.46,0.3,21,0,0.0,0,0,0,13,11,2,0,0,,17,29.82,0,0,0,100,6,7,0,10,940,1,0,0,0,0,0,0.0,0,0,0,0,136,4,0,6.49,0,0,0,0,0,0,0,0,0.0,0.0,0,4,0,1,1,3,30.0,0,7,6,85.71,7,40,10,12,48,36.92,43,215,152,367,116.9,4,0,487,7,4,0,Luca Belardinelli,Reggiana,941601,24516
0,0,0.0,5,1,50.0,9,6,15,40.54,9,45.0,11,10,0,0,0,0,5,0,0,2,0,1,10,0,0,3,2,20,0,0,0.05,1.14,5,0,16.67,0,1,1,1,1,0,1,0,,2,18.18,1,0,0,22,0,1,0,0,161,1,0,0,0,0,0,0.0,0,0,0,0,30,2,0,6.49,0,0,0,0,0,0,0,0,161.0,0.0,0,6,0,3,1,0,0.0,0,1,1,100.0,1,0,0,0,11,35.48,2,27,10,37,64.9,6,0,58,1,0,0,Leonardo Cerri,Bari,1068581,2712
2,1,16.67,34,3,100.0,68,29,97,73.48,16,47.06,18,12,0,0,0,0,16,1,6,4,0,10,12,0,0,13,2,47,0,0,0.24,3.86,12,0,5.88,0,1,1,4,3,1,1,0,,17,36.96,0,0,1,35,0,5,1,4,488,4,0,0,0,1,0,100.0,0,1,0,0,81,2,0,6.48,0,0,0,0,0,0,0,0,488.0,0.0,0,16,1,7,6,3,50.0,0,3,2,66.67,5,2,6,6,33,41.25,3,97,35,132,77.8,17,0,251,11,0,0,Lion Lauberbach,Venezia,886171,2688
4,0,0.0,21,1,50.0,39,31,70,85.37,10,66.67,5,6,0,0,0,0,7,0,1,1,0,4,6,0,0,7,1,20,0,0,0.12,0.69,5,0,0.0,0,0,0,3,3,0,0,0,,5,25.0,0,0,0,12,0,8,0,4,295,4,0,0,0,0,0,0.0,0,0,0,0,30,3,0,6.48,0,0,0,0,0,0,0,0,0.0,0.0,0,5,1,2,3,1,33.33,0,1,0,0.0,8,5,3,0,15,42.86,2,49,33,82,38.9,6,0,121,3,0,0,Frank Tsadjout,Pescara,927188,7935
5,1,16.67,75,2,25.0,111,28,139,67.8,31,39.74,47,20,3,0,0,0,24,3,6,6,0,12,20,0,0,17,1,104,0,0,1.6,4.42,35,0,10.0,0,3,6,16,15,1,3,0,,35,38.04,1,0,1,66,1,16,0,17,1329,6,1,0,0,0,0,0.0,0,0,0,0,147,8,0,6.48,0,1,0,0,0,0,0,0,443.0,0.0,0,27,3,9,15,4,36.36,0,8,5,62.5,16,14,11,6,66,38.82,8,169,36,205,129.6,30,1,404,24,2,0,Manuel De Luca,Modena,850971,2706
0,0,0.0,4,2,66.67,10,1,11,44.0,5,50.0,5,5,0,0,0,0,3,0,0,0,0,0,5,0,0,3,1,10,0,0,0.18,0.02,1,0,0.0,0,0,0,3,3,0,0,0,,4,44.44,0,0,0,14,1,1,0,0,91,0,0,0,0,0,0,0.0,0,0,0,0,19,0,0,6.48,0,0,0,0,0,0,0,0,0.0,0.0,0,0,1,0,1,2,66.67,0,0,0,0.0,1,2,3,0,9,47.37,3,19,6,25,32.4,1,0,37,2,0,0,Ismael Konate,Empoli,1397346,2705
1,1,100.0,30,0,0.0,48,18,66,67.35,8,21.62,29,24,1,0,0,0,16,1,7,5,1,1,19,0,1,16,2,63,0,0,0.89,3.53,11,0,12.0,0,3,4,6,6,0,3,0,,21,38.18,1,0,2,32,1,4,0,3,558,2,0,0,0,0,0,0.0,0,0,0,0,80,6,0,6.48,1,2,0,0,0,0,0,0,186.0,0.0,0,22,3,11,9,4,40.0,0,6,1,16.67,4,4,10,1,29,31.52,2,73,25,98,123.1,25,0,229,11,2,0,Antonio Casas,Venezia,1084728,2688
3,0,0.0,11,22,66.67,39,104,143,86.67,13,59.09,9,8,0,0,0,0,11,0,0,1,0,32,8,0,0,0,2,20,0,0,0.03,0.07,9,0,0.0,0,0,0,12,11,1,0,0,,8,42.11,0,0,0,22,6,1,0,4,397,0,5,0,0,0,0,0.0,0,0,0,0,28,0,0,6.48,0,0,0,0,0,0,0,0,0.0,0.0,0,1,1,1,0,0,0.0,0,6,3,50.0,1,4,0,1,21,51.22,33,55,110,165,51.8,2,0,234,2,0,0,Lorenzo Moretti,Virtus Entella,983592,43680
0,0,0.0,6,0,0.0,10,1,11,78.57,1,33.33,2,4,0,0,0,0,3,0,0,1,0,0,4,0,0,0,0,8,0,0,0.02,0.02,4,0,0.0,0,0,0,1,1,0,0,0,,3,33.33,0,0,0,3,0,1,0,0,44,0,0,0,0,0,0,0.0,0,0,0,0,7,1,0,6.48,0,0,0,0,0,0,0,0,0.0,0.0,0,0,1,0,0,0,0.0,0,2,1,50.0,1,0,2,2,4,33.33,2,13,1,14,25.9,1,0,27,1,0,0,Víctor Narro,Sampdoria,1084463,2711
32,10,22.22,119,20,28.57,226,137,363,66.61,38,47.5,42,29,0,0,0,0,59,4,1,4,1,51,28,0,1,5,24,106,0,3,1.69,1.04,24,0,7.14,0,1,1,26,25,1,0,1,,48,42.86,0,0,0,182,21,16,0,16,1500,0,8,0,1,0,0,0.0,0,0,0,0,260,3,0,6.47,1,1,0,0,0,0,0,0,1500.0,0.0,0,9,5,8,2,3,20.0,0,26,16,61.54,15,87,15,45,86,44.79,70,363,182,545,181.1,14,1,899,21,5,0,Luca Vignali,Spezia,814842,2735
9,2,13.33,114,7,77.78,159,59,218,66.87,20,28.99,49,37,4,0,0,0,31,5,9,10,3,10,37,0,0,22,3,105,0,0,1.58,7.34,22,0,10.0,0,4,8,29,23,6,4,0,,22,28.21,0,0,2,108,1,24,0,20,2006,10,2,0,0,1,0,100.0,0,1,0,1,215,11,0,6.47,0,4,0,0,0,0,0,0,501.5,0.0,0,36,4,16,14,5,29.41,0,4,4,100.0,24,14,17,15,42,28.57,9,251,75,326,239.3,40,0,556,13,4,0,Mattia Finotto,Carrarese,176167,2745
1,1,33.33,24,0,0.0,41,13,54,68.35,5,15.15,28,18,0,0,0,0,23,1,1,2,0,2,18,0,0,11,7,78,0,0,0.26,3.67,21,0,30.0,0,3,3,8,8,0,3,0,,24,32.43,0,0,2,25,0,8,1,5,597,3,1,0,0,0,0,0.0,0,0,0,0,75,6,0,6.47,0,2,0,0,0,0,0,0,199.0,0.0,0,9,1,4,4,8,40.0,0,7,4,57.14,8,2,20,3,29,27.1,0,64,15,79,116.4,10,0,188,9,1,0,Alessandro Seghetti,Padova,1472808,2741
7,3,33.33,60,10,33.33,165,264,429,91.08,6,42.86,8,15,0,0,0,0,22,1,0,0,0,19,15,0,1,0,3,20,0,0,0.25,0.34,9,0,66.67,14,2,2,14,13,1,2,0,,5,29.41,2,0,0,42,4,1,0,7,671,0,4,0,0,0,0,0.0,0,0,0,0,70,1,0,6.47,1,0,0,0,0,0,0,0,335.5,0.0,0,3,0,1,2,0,0.0,0,4,3,75.0,1,15,1,9,11,35.48,30,195,276,471,97.0,3,0,586,1,0,0,Bruno Verrengia,Catanzaro,1143352,2796
1,1,8.33,32,1,20.0,58,22,80,71.43,11,45.83,13,9,1,0,0,0,15,2,2,2,0,6,9,0,0,5,3,33,0,0,0.3,0.8,12,0,0.0,0,0,1,8,6,2,0,0,,19,48.72,0,0,0,32,5,6,0,5,436,0,0,0,0,0,1,0.0,0,0,0,0,55,1,0,6.47,0,0,0,0,0,0,0,0,0.0,0.0,0,6,2,4,2,3,75.0,0,11,6,54.55,6,7,4,12,30,47.62,5,81,31,112,58.2,8,0,187,5,0,0,Samuel Wiafe,Modena,1985772,2706
33,5,25.0,73,45,45.45,200,259,459,79.27,31,59.62,21,24,1,0,0,0,61,3,0,7,1,69,24,0,0,2,11,72,1,0,1.02,0.72,33,0,0.0,6,0,1,34,28,6,0,0,,44,46.32,0,0,0,120,28,9,0,15,1472,0,6,0,0,0,2,0.0,0,0,0,0,184,3,0,6.47,0,0,0,0,0,0,0,0,0.0,0.0,0,8,14,9,6,11,64.71,0,20,11,55.0,9,66,17,20,75,51.02,99,288,291,579,155.2,22,0,902,14,6,0,Andreaw Gravillon,Pescara,827934,7935
3,0,0.0,0,2,33.33,15,41,56,90.32,0,0.0,5,3,0,0,0,0,3,0,0,0,0,10,3,0,0,0,0,6,0,0,0.0,,2,0,0.0,0,0,0,4,3,1,0,0,,5,83.33,0,0,0,6,0,0,0,2,177,0,2,0,0,0,0,0.0,0,0,0,0,6,0,0,6.47,0,0,0,0,0,0,0,0,0.0,0.0,0,0,0,0,0,0,0.0,0,2,1,50.0,0,6,0,0,5,45.45,6,20,42,62,19.4,0,0,80,3,1,0,Claudio Manzi,US Avellino 1912,928867,2730
0,0,0.0,8,0,0.0,16,15,31,77.5,1,25.0,3,4,0,0,0,0,7,0,1,1,0,2,3,0,0,2,1,11,0,0,0.03,0.39,5,0,0.0,0,0,0,1,0,1,0,0,,6,42.86,0,0,0,9,0,3,0,2,127,0,0,0,0,0,0,0.0,0,0,0,0,16,0,0,6.47,0,0,0,0,0,0,0,0,0.0,0.0,0,2,3,1,3,0,0.0,0,3,3,100.0,3,0,1,0,7,38.89,1,22,18,40,19.4,5,0,67,3,2,0,Kevin Barcella,Frosinone,1489566,2801
9,3,42.86,37,26,36.62,134,268,402,83.4,18,54.55,15,17,0,0,0,0,37,0,0,1,1,52,15,0,0,1,8,50,0,0,0.1,0.15,24,0,0.0,1,0,0,18,15,3,0,0,,20,36.36,0,0,0,80,9,1,0,10,976,0,8,0,0,0,0,0.0,0,0,0,0,108,1,0,6.47,0,0,0,0,0,0,0,0,0.0,0.0,0,2,1,2,0,1,25.0,0,15,11,73.33,1,28,4,7,38,43.18,71,186,296,482,97.0,3,0,657,5,3,0,Alessandro Pio Riccio,Sampdoria,966675,2711
3,1,5.56,60,3,50.0,99,38,137,60.62,59,39.86,89,30,1,0,0,0,36,0,7,10,0,14,28,0,0,32,5,178,0,0,0.77,4.78,30,0,4.55,0,2,3,21,19,2,2,0,,60,40.27,1,0,1,89,0,13,0,8,1098,4,3,0,0,0,0,0.0,0,0,0,0,213,13,0,6.46,0,1,0,0,0,0,0,0,549.0,0.0,0,35,9,18,16,16,38.1,0,14,10,71.43,13,3,42,18,119,40.07,6,175,51,226,181.0,44,0,542,34,3,0,Marvin Çuni,Bari,946006,2712
2,5,33.33,38,3,27.27,59,28,87,78.38,2,33.33,4,8,1,0,0,0,16,1,0,3,0,14,8,0,1,3,2,28,0,0,0.88,0.36,10,0,0.0,0,0,1,7,6,1,0,0,,13,35.14,0,0,0,24,3,10,0,5,399,0,1,0,0,0,0,0.0,0,0,0,0,53,1,0,6.46,1,0,0,0,0,0,0,0,0.0,0.0,0,4,3,2,2,4,30.77,0,5,5,100.0,10,11,13,15,15,34.88,11,72,39,111,51.7,7,1,205,4,2,0,Rui Modesto,Palermo,1068286,2715
2,4,26.67,62,2,100.0,96,56,152,70.7,11,13.92,68,21,1,0,0,0,33,1,4,5,7,10,21,0,0,37,5,162,0,0,0.63,6.75,51,0,17.95,0,7,8,15,14,1,6,1,,43,31.39,0,0,1,63,0,12,0,18,1535,20,0,0,0,2,0,100.0,0,2,0,0,181,7,0,6.46,0,7,0,0,0,0,0,0,219.29,0.0,0,33,6,14,20,4,30.77,0,8,5,62.5,12,3,13,15,54,25.0,2,142,73,215,135.6,39,0,473,31,3,0,Leonardo Candellone,Juve Stabia,838904,5324
0,0,0.0,5,0,0.0,9,1,10,76.92,1,100.0,0,2,0,0,0,0,3,0,0,0,0,0,2,0,0,0,1,3,0,0,0.02,,1,0,0.0,0,0,0,1,1,0,0,0,,1,25.0,0,0,0,3,0,0,0,0,45,0,0,0,0,0,0,0.0,0,0,0,0,6,0,0,6.45,0,0,0,0,0,0,0,0,0.0,0.0,0,0,0,0,0,0,0.0,0,1,1,100.0,0,1,1,0,2,40.0,1,12,1,13,12.9,0,0,21,0,0,0,Federico Accornero,Carrarese,1121370,2745
0,0,0.0,0,0,0.0,3,1,4,100.0,0,0.0,1,3,0,0,0,0,0,0,0,0,0,0,2,0,0,0,0,2,0,0,0.0,,1,0,0.0,0,0,0,1,1,0,0,0,,0,0.0,0,0,0,0,0,0,0,0,19,0,0,0,0,0,0,0.0,0,0,0,0,0,0,0,6.45,0,0,0,0,0,0,0,0,0.0,0.0,0,0,0,0,0,0,0.0,0,0,0,0.0,0,0,0,0,0,0.0,0,3,1,4,12.9,0,0,5,0,0,0,Davide Pio Stabile,Virtus Entella,1137678,43680
0,0,0.0,0,2,28.57,1,13,14,58.33,4,66.67,2,4,0,0,0,0,2,0,0,0,0,4,4,0,0,0,1,5,0,0,0.0,,2,0,0.0,0,0,0,2,2,0,0,0,,2,40.0,0,0,0,10,0,0,0,1,86,0,0,0,0,0,0,0.0,0,0,0,0,11,0,0,6.45,0,0,0,0,0,0,0,0,0.0,0.0,0,0,0,0,0,0,0.0,0,1,1,100.0,0,1,0,0,6,54.55,7,4,20,24,25.8,0,0,35,1,1,0,Davide Mancini,Südtirol,1908975,2760
1,0,0.0,9,2,40.0,19,3,22,62.86,12,38.71,19,13,0,0,0,0,4,1,2,9,0,5,12,0,0,6,0,31,0,0,0.34,1.14,7,0,0.0,0,0,0,2,2,0,0,0,,11,47.83,0,0,0,13,0,4,0,0,183,1,0,0,0,0,0,0.0,0,0,0,0,32,0,0,6.45,0,0,0,0,0,0,0,0,0.0,0.0,0,12,1,3,1,2,100.0,0,5,1,20.0,4,1,2,3,23,42.59,5,31,4,35,77.4,13,0,90,4,1,0,Giacomo Corona,Palermo,1136034,2715
0,0,0.0,0,0,0.0,2,5,7,70.0,2,66.67,1,3,0,0,0,0,0,0,0,0,0,6,2,0,0,1,1,3,0,0,0.0,0.13,0,0,0.0,0,0,0,2,2,0,0,0,,0,0.0,0,0,0,3,0,0,0,0,29,0,0,0,0,0,0,0.0,0,0,0,0,6,0,0,6.45,0,0,0,0,0,0,0,0,0.0,0.0,0,1,0,1,0,0,0.0,0,0,0,0.0,0,0,0,0,2,40.0,2,4,6,10,12.9,1,0,25,0,0,0,Davide Giannini,Pescara,1911679,7935
4,0,0.0,21,5,50.0,38,40,78,85.71,0,0.0,9,6,0,0,0,0,12,0,0,0,0,4,6,0,0,1,1,15,0,0,0.06,0.05,2,0,0.0,0,0,0,8,8,0,0,0,,9,60.0,0,0,0,13,1,2,0,2,176,0,0,0,0,0,0,0.0,0,0,0,0,20,1,0,6.45,0,0,0,0,0,0,0,0,0.0,0.0,0,1,0,0,1,0,0.0,0,8,5,62.5,2,9,2,3,9,37.5,10,45,46,91,38.7,1,0,120,1,2,0,Julian Brandes,Pescara,1142570,7935
4,0,0.0,14,8,66.67,37,45,82,82.83,1,33.33,2,4,0,0,0,0,11,0,0,0,0,9,4,0,0,1,1,7,0,0,0.04,0.02,2,0,0.0,0,0,0,7,6,1,0,0,,3,37.5,0,0,0,17,5,0,0,2,221,1,1,0,0,0,0,0.0,0,0,0,0,23,1,0,6.45,0,0,0,0,0,0,0,0,0.0,0.0,0,0,1,0,1,0,0.0,0,2,1,50.0,0,5,1,0,4,36.36,12,51,48,99,25.8,1,0,138,1,1,0,Giovanni Giunti,Padova,1390753,2741
1,0,0.0,7,0,0.0,8,3,11,78.57,2,16.67,10,10,1,0,0,0,0,0,1,2,0,0,9,0,0,2,0,15,0,0,0.2,0.42,3,0,0.0,0,0,1,4,4,0,0,0,,2,28.57,0,0,0,3,0,1,0,0,151,0,0,0,0,0,0,0.0,0,0,0,0,21,0,0,6.44,0,0,0,0,0,0,0,0,0.0,0.0,0,5,0,2,1,2,66.67,0,0,0,0.0,1,1,3,5,4,21.05,0,11,3,14,58.0,5,0,44,0,0,0,Orji Okwonkwo,Pescara,822482,7935
1,0,0.0,8,1,100.0,9,3,12,37.5,13,48.15,14,6,1,0,0,0,6,0,0,0,0,0,5,0,0,3,0,21,0,0,0.02,0.11,6,0,0.0,0,0,1,3,2,1,0,0,,4,36.36,0,0,1,20,0,1,0,1,115,3,0,0,0,0,0,0.0,0,0,0,0,30,3,0,6.44,0,0,0,0,0,0,0,0,0.0,0.0,0,2,1,3,0,0,0.0,0,2,1,50.0,1,3,0,0,17,44.74,1,27,5,32,32.2,3,0,53,2,1,0,Jonathan Ngock Italeng,Südtirol,997142,2760
9,2,40.0,42,10,71.43,83,82,165,71.43,15,21.43,55,23,1,0,0,0,19,2,2,3,0,6,23,0,0,11,8,98,0,0,0.66,0.99,24,0,7.14,0,1,2,11,10,1,1,0,,43,50.0,0,0,0,66,1,8,0,11,1073,6,1,0,0,0,1,0.0,0,0,0,0,113,2,0,6.44,0,1,0,0,0,0,0,0,1073.0,0.0,0,11,3,7,4,6,46.15,0,17,9,52.94,8,20,13,5,58,37.18,14,138,93,231,148.1,14,0,372,21,7,0,Cosimo Patierno,US Avellino 1912,973217,2730
1,0,0.0,49,4,66.67,85,47,132,65.02,22,25.88,63,25,0,0,0,0,17,1,4,2,1,6,25,0,0,10,5,92,1,0,0.3,4.1,13,0,16.67,0,3,3,21,20,1,3,0,,28,49.12,2,0,0,71,1,7,1,10,988,5,1,0,0,0,0,0.0,0,0,0,0,112,4,0,6.44,0,0,0,0,0,0,0,0,329.33,0.0,1,17,1,8,8,2,40.0,0,4,3,75.0,7,6,5,2,50,35.21,6,140,63,203,160.9,18,0,323,23,0,0,Christian Gytkjær,Bari,78939,2712
11,8,25.0,43,11,39.29,84,83,167,75.23,2,25.0,6,14,0,0,0,0,16,1,0,0,0,16,14,0,0,4,3,22,0,0,0.73,0.12,8,0,0.0,0,0,0,15,12,3,0,0,,12,42.86,0,0,0,55,3,6,0,5,623,0,1,0,0,0,0,0.0,0,0,0,0,102,3,0,6.44,0,0,0,0,0,0,0,0,0.0,0.0,0,2,0,0,2,2,66.67,0,10,8,80.0,6,28,3,32,14,38.89,28,124,98,222,90.1,2,0,382,0,1,0,Alessandro Milani,US Avellino 1912,1154853,2730
2,0,0.0,70,0,0.0,121,62,183,67.03,67,42.95,89,30,0,0,0,0,39,1,3,5,0,21,29,0,0,18,9,151,0,0,1.0,1.74,32,0,5.26,0,1,1,23,19,4,1,0,,40,39.22,1,0,2,90,1,9,0,12,1103,6,0,0,0,0,1,0.0,0,0,0,0,171,4,0,6.43,0,0,0,0,0,0,0,0,1103.0,0.0,0,19,0,10,4,7,50.0,0,5,3,60.0,9,3,14,3,107,41.47,1,199,74,273,186.6,19,0,486,30,3,0,Edoardo Soleri,Sampdoria,792314,2711
4,0,0.0,34,1,25.0,70,53,123,76.4,3,7.32,38,22,2,0,0,0,24,2,8,4,1,4,22,0,1,15,6,77,1,0,0.69,3.57,15,0,11.11,0,2,4,17,17,0,2,0,,24,38.1,0,0,1,38,0,6,2,11,976,1,1,0,0,0,0,0.0,0,0,0,0,84,5,0,6.43,1,0,0,0,0,0,0,0,488.0,0.0,0,17,1,4,10,5,41.67,0,2,2,100.0,6,7,12,1,27,25.96,4,100,61,161,141.5,18,0,280,17,0,0,Vanja Vlahović,Spezia,1089098,2735
8,5,35.71,85,5,55.56,132,62,194,69.29,27,34.18,52,24,1,0,0,0,23,1,4,9,0,8,24,0,1,19,2,105,0,0,0.95,2.59,19,0,5.88,0,1,2,20,15,5,1,0,,46,46.46,1,0,0,86,0,12,0,12,1026,6,0,0,0,0,0,0.0,0,0,0,0,175,4,0,6.43,1,0,0,0,0,0,0,0,1026.0,0.0,2,11,6,3,5,16,47.06,0,5,2,40.0,12,14,34,14,73,41.01,9,200,80,280,154.3,17,0,483,26,1,0,Gennaro Tutino,US Avellino 1912,187119,2730
5,1,50.0,19,10,58.82,51,63,114,74.51,5,27.78,13,11,0,0,0,0,30,0,0,2,0,13,10,0,0,8,14,53,0,0,0.08,0.17,16,0,0.0,0,0,0,5,5,0,0,0,,19,32.2,0,0,0,39,3,0,0,2,340,0,3,0,0,0,0,0.0,0,0,0,0,61,1,0,6.42,1,0,0,0,0,0,0,0,0.0,0.0,0,1,3,2,0,7,70.0,0,6,4,66.67,0,12,10,2,24,31.17,17,75,78,153,64.2,4,0,235,6,2,1,Andrea Le Borgne,US Avellino 1912,2199322,2730
2,0,0.0,27,2,66.67,39,17,56,65.88,18,46.15,21,16,0,0,0,0,7,0,2,4,0,7,16,0,0,5,2,48,0,0,0.36,0.93,15,0,0.0,0,0,0,6,5,1,0,0,,12,30.77,0,0,0,29,1,4,0,3,451,4,1,0,0,0,0,0.0,0,0,0,0,56,2,0,6.42,0,0,0,0,0,0,0,0,0.0,0.0,0,13,1,7,3,3,33.33,0,0,0,0.0,4,2,9,1,30,38.46,3,62,23,85,102.7,14,0,159,9,1,0,Luca Pandolfi,US Avellino 1912,918112,2730
0,0,0.0,24,2,100.0,45,38,83,89.25,3,33.33,6,7,0,0,0,0,13,1,1,3,1,3,7,0,0,11,4,31,0,0,0.07,0.87,5,0,0.0,0,0,0,5,4,1,0,0,,23,47.92,0,0,0,10,1,5,0,4,359,0,0,0,0,0,0,0.0,0,0,0,0,41,2,0,6.41,0,0,0,0,0,0,0,0,0.0,0.0,0,4,2,3,0,5,50.0,0,8,4,50.0,5,1,10,0,26,45.61,2,52,41,93,44.9,6,0,170,10,1,0,Lamine Fanne,Pescara,1435035,7935
0,0,0.0,2,0,0.0,3,13,16,80.0,7,53.85,6,10,0,0,0,0,3,0,2,0,0,1,7,0,0,2,1,13,0,0,0.0,2.01,3,0,14.29,0,1,1,6,6,0,1,0,,4,36.36,0,0,1,4,0,1,0,1,168,2,0,0,0,1,0,100.0,0,1,0,0,26,0,0,6.4,0,1,0,0,0,0,0,0,168.0,0.0,0,7,0,4,3,0,0.0,0,2,0,0.0,1,0,1,1,11,45.83,0,5,15,20,44.8,7,0,57,2,0,0,N'Dri Koffi,Catanzaro,1141593,2796
0,0,0.0,1,2,50.0,2,13,15,71.43,2,100.0,0,1,0,0,0,0,1,0,0,0,0,2,1,0,0,0,0,0,0,0,0.0,,0,0,0.0,0,0,0,1,1,0,0,0,,1,100.0,0,0,0,6,1,0,0,1,45,0,0,0,0,0,0,0.0,0,0,0,0,6,0,0,6.4,0,0,0,0,0,0,0,0,0.0,0.0,0,0,0,0,0,0,0.0,0,1,1,100.0,0,3,0,0,3,100.0,4,6,15,21,6.4,0,0,26,1,0,0,Junior Ligue,Mantova,1150094,2770
0,0,0.0,2,0,0.0,3,2,5,62.5,0,0.0,1,1,0,0,0,0,1,0,0,0,0,0,1,0,0,0,0,1,0,0,0.0,,0,0,0.0,0,0,0,0,0,0,0,0,,0,0.0,0,0,0,3,0,0,0,0,17,0,0,0,0,0,0,0.0,0,0,0,0,6,0,0,6.4,0,0,0,0,0,0,0,0,0.0,0.0,0,0,0,0,0,0,0.0,0,0,0,0.0,0,0,0,2,0,0.0,1,5,3,8,6.4,0,0,12,0,0,0,Tito Fabbri,Modena,1950583,2706
0,0,0.0,0,0,0.0,0,0,0,0.0,1,100.0,0,1,0,0,0,0,0,0,0,0,0,0,1,0,0,0,0,1,0,0,,,1,0,0.0,0,0,0,0,0,0,0,0,,0,0.0,0,0,0,0,0,0,0,0,8,0,0,0,0,0,0,0.0,0,0,0,0,2,0,0,6.4,0,0,0,0,0,0,0,0,0.0,0.0,0,0,0,0,0,0,0.0,0,0,0,0.0,0,0,0,0,1,50.0,0,0,0,0,6.4,0,0,3,0,1,0,Edoardo Colpo,Modena,2557129,2706
0,0,0.0,5,0,0.0,6,3,9,64.29,2,33.33,4,4,0,0,0,0,4,0,0,0,0,1,3,0,0,2,0,16,0,0,0.03,,6,0,0.0,0,0,0,1,0,1,0,0,,5,29.41,0,0,0,5,0,0,0,0,79,0,1,0,0,0,0,0.0,0,0,0,0,23,1,0,6.4,0,0,0,0,0,0,0,0,0.0,0.0,0,0,0,0,0,0,0.0,0,1,1,100.0,0,0,4,3,7,30.43,0,9,5,14,19.2,0,0,42,4,0,0,Alessandro Vinciguerra,Pescara,1122805,7935
0,0,0.0,14,1,50.0,25,7,32,53.33,13,43.33,17,6,0,0,0,0,3,0,2,4,0,1,6,0,0,8,0,29,0,0,0.14,0.65,5,0,0.0,0,0,0,6,6,0,0,0,,8,40.0,0,0,0,28,0,1,0,3,273,0,0,0,0,0,0,0.0,0,0,0,0,48,0,0,6.4,0,0,0,0,0,0,0,0,0.0,0.0,0,9,0,1,4,1,100.0,0,1,1,100.0,1,0,1,3,21,42.0,2,50,10,60,38.4,9,0,107,6,1,0,Laurs Skjellerup,Spezia,1034241,2735
1,2,33.33,17,2,22.22,36,34,70,76.92,2,25.0,6,11,0,0,0,0,22,1,0,5,0,10,10,0,0,5,5,23,0,0,0.31,0.23,5,0,0.0,0,0,0,8,7,1,0,0,,11,39.29,0,0,0,21,1,5,0,1,201,1,0,0,0,0,0,0.0,0,0,0,0,36,4,0,6.4,1,0,0,0,0,0,0,0,0.0,0.0,0,3,3,1,0,3,50.0,0,8,6,75.0,5,4,6,6,13,36.11,9,50,41,91,64.0,6,0,151,0,0,1,Federico Zuccon,Mantova,1012170,2770
1,0,0.0,3,2,100.0,4,2,6,85.71,0,0.0,0,1,0,0,0,0,1,0,0,0,0,0,1,0,0,2,0,5,0,0,0.01,0.06,2,0,0.0,0,0,0,0,0,0,0,0,,0,0.0,0,0,0,1,1,0,0,0,30,0,0,0,0,0,0,0.0,0,0,0,0,6,1,0,6.4,0,0,0,0,0,0,0,0,0.0,0.0,0,1,0,0,1,0,0.0,0,0,0,0.0,0,1,1,0,0,0.0,2,5,2,7,6.4,1,0,14,0,0,0,Szymon Żurkowski,Spezia,860435,2735
0,0,0.0,4,0,0.0,9,10,19,70.37,2,100.0,0,2,0,0,0,0,2,0,0,0,0,1,2,0,0,2,0,3,0,0,0.01,0.04,0,0,0.0,0,0,0,1,1,0,0,0,,2,40.0,0,0,0,8,0,0,0,1,70,0,0,0,0,0,0,0.0,0,0,0,0,16,0,0,6.4,0,0,0,0,0,0,0,0,0.0,0.0,0,1,0,1,0,0,0.0,0,1,1,100.0,0,0,1,0,4,57.14,2,14,13,27,12.8,1,0,40,1,0,0,Aaron Ciammaglichella,Juve Stabia,1114354,5324
1,1,12.5,41,3,30.0,60,34,94,80.34,9,47.37,10,9,0,0,0,0,12,1,3,1,1,6,9,0,0,2,2,39,0,1,0.6,1.05,12,0,0.0,0,0,0,4,4,0,0,0,,11,27.5,0,0,0,23,0,5,0,1,254,0,1,0,0,0,0,0.0,0,0,0,0,61,2,0,6.39,0,0,0,0,0,0,0,0,0.0,0.0,0,7,1,7,0,5,27.78,0,2,1,50.0,5,2,18,8,20,33.9,10,75,42,117,57.5,8,0,217,4,1,0,Alessandro Pietrelli,Venezia,1068666,2688
0,1,100.0,21,0,0.0,29,14,43,91.49,0,0.0,7,9,0,0,0,0,14,0,1,0,0,3,8,0,0,4,1,25,0,0,0.07,0.25,9,0,0.0,0,0,0,5,5,0,0,0,,9,33.33,0,0,0,4,0,1,0,2,226,1,0,0,0,0,0,0.0,0,0,0,0,19,1,0,6.39,0,0,0,0,0,0,0,0,0.0,0.0,0,2,0,0,2,4,44.44,0,2,2,100.0,1,0,9,1,9,26.47,0,32,15,47,51.1,2,0,84,3,0,0,David Ankeye,Virtus Entella,1457821,43680
28,2,28.57,45,36,39.13,145,322,467,82.51,19,61.29,12,16,0,0,0,0,49,1,1,0,0,60,16,0,0,2,4,40,0,0,0.13,0.4,20,0,0.0,14,0,0,28,26,2,0,0,,15,34.88,0,0,0,99,13,1,0,13,1126,0,7,0,0,0,0,0.0,0,0,0,0,126,1,0,6.38,0,0,0,0,0,0,0,0,0.0,0.0,1,3,4,7,0,1,33.33,0,13,9,69.23,1,57,3,7,34,45.95,92,206,360,566,102.1,7,0,751,1,4,0,Gabriele Corbo,Pescara,876242,7935
4,1,25.0,46,6,66.67,66,43,109,73.65,12,22.22,42,25,1,0,0,1,12,0,7,5,0,8,24,0,0,16,4,79,0,0,0.27,3.52,21,0,0.0,0,0,1,18,15,3,0,0,,25,40.32,0,0,0,39,1,9,0,6,760,5,0,0,0,1,0,0.0,0,0,0,1,91,4,0,6.35,0,0,0,0,0,0,0,0,0.0,0.0,0,17,2,6,8,6,60.0,0,5,4,80.0,9,6,10,4,37,31.9,9,99,49,148,152.5,19,0,282,14,0,0,Flavio Russo,Pescara,1137553,7935
0,0,0.0,36,1,100.0,56,23,79,71.82,7,35.0,13,15,1,0,0,0,23,1,2,4,0,4,13,0,0,9,0,37,0,0,0.44,1.18,15,0,0.0,0,0,1,8,7,1,0,0,,10,29.41,0,0,0,31,0,2,0,3,344,0,0,0,0,0,0,0.0,0,0,0,0,65,4,0,6.34,0,0,0,0,0,0,0,0,0.0,0.0,0,9,1,3,3,5,62.5,0,3,3,100.0,2,2,8,0,17,31.48,1,78,32,110,82.4,10,0,190,2,0,0,Siren Diao,Cesena,1514893,2742
0,0,0.0,1,1,100.0,3,14,17,89.47,0,0.0,2,3,0,0,0,0,4,0,0,0,0,3,3,0,0,3,2,7,0,0,0.03,,0,0,0.0,0,0,0,5,5,0,0,0,,6,54.55,0,0,0,2,0,0,0,1,71,0,0,0,0,0,0,0.0,0,0,0,0,7,1,0,6.33,0,0,0,0,0,0,0,0,0.0,0.0,0,0,0,0,0,0,0.0,0,3,3,100.0,0,0,0,0,6,46.15,1,3,16,19,19.0,0,0,34,3,0,0,Gonçalo Esteves,Catanzaro,1130376,2796
2,0,0.0,8,3,30.0,15,47,62,77.5,1,25.0,3,5,0,0,0,0,6,0,0,0,0,12,5,0,0,0,2,8,0,0,0.01,0.01,2,0,0.0,0,0,0,8,6,2,0,0,,10,66.67,0,0,0,18,0,0,0,4,310,2,5,1,0,0,0,0.0,0,0,0,0,24,0,0,6.32,0,0,0,0,0,0,0,0,0.0,0.0,0,1,0,0,1,0,0.0,0,5,3,60.0,0,9,1,2,11,57.89,10,26,54,80,31.6,1,0,133,6,0,0,Filippo Reale,US Avellino 1912,1470304,2730
0,0,0.0,0,0,0.0,0,1,1,50.0,0,0.0,0,1,0,0,0,0,1,0,0,0,0,0,1,0,0,0,0,2,0,0,0.0,0.02,0,0,0.0,0,0,0,0,0,0,0,0,,0,0.0,0,0,0,1,0,0,0,0,8,0,0,0,0,0,0,0.0,0,0,0,0,3,0,0,6.3,0,0,0,0,0,0,0,0,0.0,0.0,0,0,1,0,1,0,0.0,0,0,0,0.0,0,0,2,0,0,0.0,0,1,1,2,6.3,1,0,5,0,0,0,Adrian Raychev,Frosinone,1417361,2801
15,5,16.67,148,4,57.14,197,49,246,57.08,86,32.95,175,36,1,0,0,0,70,1,13,14,2,9,36,0,1,61,18,373,0,1,3.17,10.64,85,0,14.29,0,9,10,39,34,5,9,0,,87,30.53,3,0,0,185,4,29,2,34,2839,27,8,0,0,1,0,100.0,0,1,0,0,464,21,0,6.28,1,4,0,0,0,0,0,0,315.44,0.0,0,59,4,22,27,28,39.44,0,14,10,71.43,29,25,71,30,173,31.68,7,359,72,431,226.2,63,0,1007,49,7,0,Silvio Merkaj,Südtirol,918209,2760
0,0,0.0,0,0,0.0,1,2,3,100.0,0,0.0,0,1,0,0,0,0,0,0,0,0,0,0,1,0,0,0,0,0,0,0,0.0,,0,0,0.0,0,0,0,1,1,0,0,0,,0,0.0,0,0,0,0,0,0,0,0,10,0,0,0,0,0,0,0.0,0,0,0,0,0,0,0,6.2,0,0,0,0,0,0,0,0,0.0,0.0,0,0,0,0,0,0,0.0,0,0,0,0.0,0,0,0,0,0,0.0,0,1,2,3,6.2,0,0,3,0,0,0,Valentin Antov,Monza,827640,2729
0,0,0.0,5,0,0.0,8,5,13,92.86,0,0.0,0,1,0,0,0,0,0,0,0,0,0,2,1,0,0,0,0,3,0,0,0.01,,1,0,0.0,0,0,0,2,2,0,0,0,,1,25.0,0,0,0,1,0,0,0,0,31,0,0,0,0,0,0,0.0,0,0,0,0,5,0,0,6.2,0,0,0,0,0,0,0,0,0.0,0.0,0,0,0,0,0,1,33.33,0,0,0,0.0,0,1,3,1,1,25.0,0,8,6,14,6.2,0,0,24,0,1,0,Pietro Avena,Palermo,2119240,2715
5,0,0.0,24,1,7.69,48,48,96,73.85,5,41.67,7,7,0,0,0,0,11,0,0,1,0,14,6,0,0,1,5,25,0,0,0.27,0.4,9,0,0.0,0,0,0,5,5,0,0,0,,6,25.0,0,0,0,34,5,3,0,2,257,0,0,0,0,0,0,0.0,0,0,0,0,48,0,0,6.18,0,0,0,0,0,0,0,0,0.0,0.0,0,2,1,1,1,1,25.0,0,4,3,75.0,3,12,4,3,11,30.56,13,75,55,130,37.1,3,0,196,1,2,0,Denis Portanova,Virtus Entella,982208,43680
0,0,0.0,1,3,20.0,2,9,11,47.83,0,0.0,0,1,0,0,0,0,7,0,0,0,0,1,1,0,0,0,0,0,0,0,0.0,,0,0,0.0,9,0,0,1,1,0,0,0,-0.61,0,0.0,0,1,0,12,0,0,0,1,90,0,0,0,0,0,0,0.0,0,0,0,0,12,0,1,6.0,0,0,1,1,3,4,0,1,0.0,0.0,0,0,0,0,0,0,0.0,1,0,0,0.0,0,0,0,0,0,0.0,15,12,11,23,6.0,0,0,32,0,0,0,Vincenzo Fiorillo,Carrarese,28378,2745
0,0,0.0,2,0,0.0,5,3,8,100.0,1,33.33,2,1,0,0,0,0,0,0,0,0,0,1,1,0,0,0,0,2,0,0,0.01,,0,0,0.0,0,0,0,3,3,0,0,0,,2,100.0,0,0,0,0,0,1,0,0,27,0,0,0,0,0,0,0.0,0,0,0,0,0,0,0,6.0,0,0,0,0,0,0,0,0,0.0,0.0,0,0,0,0,0,0,0.0,0,2,0,0.0,1,0,0,0,3,60.0,0,5,3,8,6.0,0,0,12,0,0,0,Tommaso Pittino,Mantova,1462342,2770
2,0,0.0,0,4,80.0,4,7,11,84.62,0,0.0,0,1,0,0,0,0,5,0,0,0,0,0,1,0,0,0,0,0,0,0,0.0,,0,0,0.0,4,0,0,2,1,1,0,0,-1.49,0,0.0,0,0,0,2,0,0,0,0,50,0,0,0,0,0,0,0.0,0,0,0,0,2,0,0,6.0,0,0,0,0,0,0,0,0,0.0,0.0,0,0,0,0,0,0,0.0,0,0,0,0.0,0,2,0,0,0,0.0,5,5,8,13,6.0,0,0,17,0,0,0,Ovidijus Šiaulys,Virtus Entella,856571,43680
0,0,0.0,1,2,50.0,8,16,24,85.71,1,50.0,1,1,0,0,0,0,2,0,0,0,0,3,1,0,0,0,0,2,0,0,0.0,,1,0,0.0,0,0,0,3,3,0,0,0,,0,0.0,0,0,0,4,1,0,0,1,57,0,1,0,0,0,0,0.0,0,0,0,0,4,0,0,5.8,0,0,0,0,0,0,0,0,0.0,0.0,0,0,0,0,0,0,0.0,0,0,0,0.0,0,0,0,0,1,33.33,4,11,17,28,5.8,0,0,34,0,0,0,Bartosz Salamon,Carrarese,75994,2745
2,0,0.0,0,2,25.0,0,26,26,81.25,0,0.0,0,1,0,0,0,0,4,0,0,0,0,0,1,0,0,0,0,0,0,0,0.0,,0,0,0.0,6,0,0,3,3,0,0,0,-1.47,0,0.0,0,0,0,6,0,0,0,1,90,0,0,0,0,0,0,0.0,0,0,0,0,6,0,0,5.8,0,0,0,0,0,0,0,0,0.0,0.0,0,0,0,0,0,0,0.0,0,0,0,0.0,0,2,0,0,0,0.0,8,1,31,32,5.8,0,0,35,0,0,0,Christian Marietta,Catanzaro,998195,2796
0,0,0.0,2,0,0.0,4,4,8,61.54,4,100.0,0,1,0,0,0,0,1,0,0,0,0,5,1,0,0,0,0,1,0,1,0.04,,0,0,0.0,0,0,0,3,3,0,0,0,,0,0.0,0,0,0,5,0,0,0,0,38,0,0,1,0,0,0,0.0,0,0,0,0,7,0,0,5.1,0,0,0,0,0,0,0,0,0.0,0.0,0,0,0,0,0,0,0.0,0,0,0,0.0,0,1,1,0,4,80.0,1,7,6,13,5.1,0,0,23,0,0,0,Konstantinos Chrysopoulos,Mantova,1386595,2770
0,0,0.0,0,0,0.0,0,0,0,0.0,0,0.0,1,1,0,0,0,0,0,0,0,0,0,0,0,0,0,0,0,2,0,0,,,1,0,0.0,0,0,0,0,0,0,0,0,,0,0.0,0,0,0,0,0,0,0,0,1,0,0,0,0,0,0,0.0,0,0,0,0,0,0,0,0.0,0,0,0,0,0,0,0,0,0.0,0.0,0,0,0,0,0,0,0.0,0,0,0,0.0,0,0,0,0,0,0.0,0,0,0,0,0.0,0,0,0,0,0,0,Andrea Ferraris,Pescara,1100840,7935
0,0,0.0,0,0,0.0,0,2,2,100.0,0,0.0,0,1,0,0,0,0,0,0,0,0,0,0,0,0,0,0,0,0,0,0,0.0,,0,0,0.0,0,0,0,0,0,0,0,0,,0,0.0,0,0,0,0,0,0,0,0,1,0,0,0,0,0,0,0.0,0,0,0,0,0,0,0,0.0,0,0,0,0,0,0,0,0,0.0,0.0,0,0,0,0,0,0,0.0,0,0,0,0.0,0,0,0,0,0,0.0,0,0,2,2,0.0,0,0,2,0,0,0,Cristian Marai,Mantova,2422503,2770
0,0,0.0,0,0,0.0,0,0,0,0.0,0,0.0,0,1,0,0,0,0,0,0,0,0,0,0,0,0,0,0,0,0,0,0,,,0,0,0.0,0,0,0,0,0,0,0,0,,0,0.0,0,0,0,0,0,0,0,0,1,0,0,0,0,0,0,0.0,0,0,0,0,1,0,0,0.0,0,0,0,0,0,0,0,0,0.0,0.0,0,0,0,0,0,0,0.0,0,0,0,0.0,0,0,0,0,0,0.0,0,0,0,0,0.0,0,0,1,0,0,0,Jacopo Lipani,Virtus Entella,973946,43680
0,0,0.0,0,0,0.0,0,0,0,0.0,0,0.0,0,2,0,0,0,0,1,0,0,0,0,0,0,0,0,0,0,1,0,0,0.0,0.03,0,0,0.0,0,0,0,0,0,0,0,0,,0,0.0,0,0,0,0,0,0,0,0,8,0,0,0,0,0,0,0.0,0,0,0,0,2,1,0,0.0,0,0,0,0,0,0,0,0,0.0,0.0,0,1,0,1,0,0,0.0,0,0,0,0.0,0,0,1,0,0,0.0,0,0,0,0,0.0,1,0,4,0,0,0,Côme Bianay Balcot,Mantova,1462316,2770
