accurateChippedPasses,accurateCrosses,accurateCrossesPercentage,accurateFinalThirdPasses,accurateLongBalls,accurateLongBallsPercentage,accurateOppositionHalfPasses,accurateOwnHalfPasses,accuratePasses,accuratePassesPercentage,aerialDuelsWon,aerialDuelsWonPercentage,aerialLost,appearances,assists,attemptPenaltyMiss,attemptPenaltyPost,attemptPenaltyTarget,ballRecovery,bigChancesCreated,bigChancesMissed,blockedShots,cleanSheet,clearances,countRating,crossesNotClaimed,directRedCards,dispossessed,dribbledPast,duelLost,errorLeadToGoal,errorLeadToShot,expectedAssists,expectedGoals,fouls,freeKickGoal,goalConversionPercentage,goalKicks,goals,goalsAssistsSum,goalsConceded,goalsConcededInsideTheBox,goalsConcededOutsideTheBox,goalsFromInsideTheBox,goalsFromOutsideTheBox,goalsPrevented,groundDuelsWon,groundDuelsWonPercentage,headedGoals,highClaims,hitWoodwork,inaccuratePasses,interceptions,keyPasses,leftFootGoals,matchesStarted,minutesPlayed,offsides,outfielderBlocks,ownGoals,passToAssist,penaltiesTaken,penaltyConceded,penaltyConversion,penaltyFaced,penaltyGoals,penaltySave,penaltyWon,possessionLost,possessionWonAttThird,punches,rating,redCards,rightFootGoals,runsOut,savedShotsFromInsideTheBox,savedShotsFromOutsideTheBox,saves,savesCaught,savesParried,scoringFrequency,setPieceConversion,shotFromSetPiece,shotsFromInsideTheBox,shotsFromOutsideTheBox,shotsOffTarget,shotsOnTarget,successfulDribbles,successfulDribblesPercentage,successfulRunsOut,tackles,tacklesWon,tacklesWonPercentage,totalAttemptAssist,totalChippedPasses,totalContest,totalCross,totalDuelsWon,totalDuelsWonPercentage,totalLongBalls,totalOppositionHalfPasses,totalOwnHalfPasses,totalPasses,totalRating,totalShots,totwAppearances,touches,wasFouled,yellowCards,yellowRedCards,player,team,player id,team id
31,7,19.44,262,38,65.52,494,301,788,84.28,26,72.22,10,26,2,0,0,0,154,12,6,14,2,17,26,0,0,38,10,114,1,0,5.95,6.65,30,1,20.69,0,12,14,21,19,2,6,6,,137,56.85,1,0,0,147,30,41,1,22,1919,3,,0,0,0,0,0,0,0,0,0,308,28,0,7.69,0,10,0,0,0,0,0,0,159.92,16.67,6,30,28,19,25,42,60.87,0,59,39,66.1,41,50,69,36,163,58.84,58,648,323,935,199.9,58,6,1469,36,2,0,Malik Tillman,PSV Eindhoven,975798,2952
113,50,29.24,553,117,70.91,967,429,1346,86.78,17,62.96,10,27,8,0,0,0,117,15,4,5,2,35,27,0,0,14,28,76,0,0,9.79,2.91,18,0,3.23,0,1,9,24,23,1,1,0,,52,44.07,0,0,3,205,8,72,0,22,1832,0,,0,1,0,0,0,0,0,0,0,365,12,0,7.65,0,1,0,0,0,0,0,0,1832.0,0.0,1,16,15,11,15,10,58.82,0,35,22,62.86,71,177,17,171,69,47.59,165,1262,460,1551,206.6,31,7,1967,8,3,0,Joey Veerman,PSV Eindhoven,850816,2952
30,36,22.78,366,32,47.76,583,154,701,77.98,27,42.86,36,34,10,0,0,0,107,12,11,17,9,32,34,0,0,24,16,171,1,3,6.71,10.56,20,0,16.67,0,16,26,33,29,4,14,2,,151,52.8,3,0,2,198,12,71,0,34,2881,6,,0,1,0,0,0,0,0,0,0,496,26,0,7.61,0,13,0,0,0,0,0,0,180.06,0.0,6,58,38,36,43,57,43.18,0,43,26,60.47,70,62,132,158,178,51.0,67,869,188,899,258.6,96,9,1635,53,0,0,Igor Paixão,Feyenoord,981815,2959
178,4,23.53,573,244,62.56,1286,1177,2459,88.2,37,60.66,24,30,6,0,0,0,172,8,0,2,8,100,30,0,0,7,9,58,1,0,5.33,1.52,18,0,5.56,29,1,7,28,25,3,1,0,,86,71.67,0,0,1,329,38,30,0,30,2572,1,,0,0,0,0,0,0,0,0,0,379,5,0,7.55,0,1,0,0,0,0,0,0,2572.0,0.0,1,4,14,12,4,5,83.33,0,58,37,63.79,30,290,6,17,123,67.96,390,1547,1258,2788,226.5,18,7,3156,24,2,0,Olivier Boscagli,PSV Eindhoven,788784,2952
22,30,26.32,492,30,68.18,728,145,843,82.57,6,31.58,13,29,10,0,0,0,102,8,5,23,1,7,29,0,0,27,12,116,0,0,9.55,5.45,10,0,17.46,0,11,21,23,21,2,10,1,,78,43.09,0,0,3,178,6,60,2,23,1914,2,,0,1,0,0,0,0,0,0,0,404,18,0,7.52,0,9,0,0,0,0,0,0,174.0,0.0,0,46,17,16,24,30,35.29,0,22,16,72.73,59,43,85,114,84,42.0,44,971,164,1021,218.0,63,4,1521,26,1,0,Noa Lang,PSV Eindhoven,875136,2952
27,38,24.84,281,36,65.45,504,201,667,80.95,18,50.0,18,27,8,0,0,0,78,12,5,10,0,21,27,0,0,16,21,83,0,0,6.68,4.77,17,0,21.43,0,9,17,30,28,2,7,2,,45,40.91,2,0,1,157,6,42,5,21,1804,5,,0,1,0,0,0,0,0,0,1,341,15,0,7.44,0,2,0,0,0,0,0,0,200.44,0.0,0,30,12,13,19,15,53.57,0,23,18,78.26,41,50,28,153,63,43.15,55,753,224,824,200.9,42,5,1258,7,4,0,Ivan Perišić,PSV Eindhoven,38710,2952
15,5,31.25,280,22,64.71,491,246,732,85.61,12,46.15,14,29,11,0,0,0,87,6,10,26,1,15,29,0,0,28,15,110,0,1,5.56,11.24,25,0,13.1,0,11,22,22,20,2,10,1,,88,47.83,0,0,2,123,12,41,4,20,1786,5,,0,0,0,0,0,0,0,0,0,257,17,0,7.43,0,7,0,0,0,0,0,0,162.36,0.0,0,59,25,21,37,29,49.15,0,39,19,48.72,41,27,59,16,100,47.62,34,608,263,855,215.6,84,7,1260,20,2,0,Ismael Saibari,PSV Eindhoven,1063767,2952
7,0,0.0,6,34,44.74,21,64,85,66.93,0,0.0,1,3,0,0,0,0,28,0,0,0,0,6,3,0,0,0,0,1,0,0,0.01,,0,0,0.0,35,0,0,9,7,2,0,0,0.39,0,0.0,0,3,0,42,0,0,0,3,270,0,,0,0,0,0,0,1,0,0,0,43,0,2,7.43,0,0,2,14,3,17,0,3,0.0,0.0,0,0,0,0,0,0,0.0,2,0,0,0.0,0,9,0,0,0,0.0,76,58,69,127,22.3,0,1,164,0,0,0,Yanick van Osch,RKC Waalwijk,361764,2956
20,0,0.0,266,16,69.57,412,170,582,74.52,144,62.07,88,31,8,1,1,0,61,16,24,16,2,38,31,0,0,23,20,150,0,0,5.92,17.74,15,0,14.29,0,14,22,32,30,2,14,0,,47,43.12,4,0,3,199,5,57,3,29,2452,5,,0,2,4,0,50,0,2,0,0,305,25,0,7.43,0,7,0,0,0,0,0,0,175.14,0.0,0,95,3,52,30,5,33.33,0,23,13,56.52,55,30,15,6,191,56.01,23,595,192,781,230.2,98,5,1150,23,3,0,Luuk de Jong,PSV Eindhoven,40878,2952
3,0,0.0,65,2,66.67,104,29,133,86.36,3,60.0,2,9,2,0,0,0,27,0,0,3,1,1,8,0,0,6,3,22,0,0,0.77,2.52,5,0,26.67,0,4,6,3,3,0,3,1,,22,52.38,0,0,0,21,1,5,1,2,283,3,,0,0,0,0,0,0,0,0,0,54,2,0,7.43,0,3,0,0,0,0,0,0,70.75,0.0,0,10,5,6,6,6,46.15,0,8,7,87.5,5,5,13,8,25,53.19,3,130,32,154,59.4,15,2,242,8,0,0,Hirving Lozano,PSV Eindhoven,385320,2952
7,0,0.0,1,25,35.71,11,39,50,52.63,0,0.0,0,3,0,0,0,0,24,0,0,0,2,6,3,0,0,0,0,0,0,0,0.0,,0,0,0.0,24,0,0,1,1,0,0,0,2.33,0,0.0,0,0,0,45,0,0,0,3,270,0,,0,0,0,0,0,1,0,0,0,46,0,2,7.37,0,0,3,6,3,9,0,3,0.0,0.0,0,0,0,0,0,0,0.0,3,0,0,0.0,0,11,0,0,0,0.0,70,46,49,95,22.1,0,0,124,0,0,0,Michael Brouwer,FC Utrecht,252027,2948
36,7,26.92,225,29,47.54,350,268,611,76.86,18,40.0,27,33,7,0,0,0,97,6,6,25,4,21,33,0,0,31,17,111,0,0,5.42,15.08,15,1,25.81,0,24,31,46,41,5,21,3,,41,32.8,4,0,2,184,10,39,2,32,2772,6,,0,0,6,0,100,0,6,0,0,308,14,0,7.36,0,18,0,0,0,0,0,0,115.5,11.11,9,63,30,24,44,15,40.54,0,12,8,66.67,39,73,37,26,59,34.71,61,511,310,795,243.0,93,7,1165,14,3,0,Sem Steijn,FC Twente,944467,2955
63,34,25.56,443,85,65.38,832,571,1369,86.59,24,55.81,19,34,7,0,0,0,164,7,3,22,1,33,34,0,0,29,20,109,0,2,5.77,5.33,22,0,9.62,0,5,12,42,37,5,4,1,,86,48.86,0,0,0,212,31,56,0,31,2514,2,,0,1,0,0,0,0,0,0,0,413,19,0,7.33,0,5,0,0,0,0,0,0,502.8,0.0,4,32,20,17,13,19,48.72,0,44,31,70.45,55,106,39,133,110,50.23,130,1091,623,1581,249.3,52,4,2140,23,3,0,Michel Vlap,FC Twente,798181,2955
62,22,24.44,311,60,55.05,523,349,850,81.18,18,39.13,28,28,5,0,0,0,116,11,8,20,4,17,28,0,0,34,12,116,0,0,5.14,7.69,20,1,8.7,0,6,11,24,20,4,4,2,,80,47.62,0,0,2,197,18,44,4,26,2232,11,,0,0,0,0,0,0,0,0,0,373,17,0,7.31,0,2,0,0,0,0,0,0,372.0,25.0,4,49,20,22,27,19,46.34,0,38,18,47.37,44,101,41,90,98,45.79,109,748,389,1047,204.7,69,4,1541,24,4,0,Sven Mijnans,AZ Alkmaar,980671,2950
97,0,0.0,72,291,47.16,237,783,1020,75.5,18,94.74,1,34,1,0,0,0,333,3,0,0,6,28,34,0,0,0,1,2,0,0,0.79,,1,0,0.0,154,0,1,43,34,9,0,0,3.43,2,66.67,0,41,0,331,0,6,0,34,3060,0,,0,0,0,0,0,5,0,1,0,338,0,20,7.31,0,0,6,73,36,111,2,19,0.0,0.0,0,0,0,0,0,0,0.0,6,0,0,0.0,6,134,0,0,20,90.91,617,515,836,1351,248.5,0,4,1706,3,2,0,Nick Olij,Sparta Rotterdam,227192,2960
4,0,0.0,58,2,66.67,93,41,134,77.01,13,37.14,22,18,2,0,0,0,11,2,5,8,3,6,18,0,0,10,0,46,0,0,0.7,5.94,4,0,32.35,0,11,13,7,6,1,11,0,,22,47.83,2,0,3,40,1,9,0,5,683,2,,0,0,0,0,0,0,0,0,0,82,3,0,7.3,0,9,0,0,0,0,0,0,62.09,0.0,0,33,1,9,17,12,54.55,0,6,5,83.33,9,5,22,0,35,43.21,3,126,48,174,131.4,34,4,303,4,1,0,Ricardo Pepi,PSV Eindhoven,986395,2952
5,0,0.0,154,5,83.33,268,103,371,59.08,235,59.95,157,33,2,0,0,0,49,3,10,22,0,40,33,0,0,18,12,211,0,0,2.65,10.66,23,0,10.53,0,10,12,38,31,7,10,0,,68,55.74,3,0,4,257,0,31,3,32,2713,15,,0,0,2,0,100,0,2,0,0,360,17,0,7.3,0,4,0,0,0,0,0,0,271.3,0.0,0,83,12,38,35,10,55.56,0,13,6,46.15,31,11,18,7,303,58.95,6,494,141,628,240.8,95,2,1012,52,2,0,Tobias Lauritsen,Sparta Rotterdam,796943,2960
68,18,20.0,270,53,63.86,462,253,697,78.4,7,25.0,21,26,5,0,0,0,118,6,4,18,1,19,26,0,0,32,18,104,0,2,5.6,6.27,8,0,16.95,0,10,15,38,31,7,8,2,,75,47.47,1,0,1,192,8,44,0,23,2062,6,,0,0,0,0,0,0,0,0,0,374,9,0,7.3,0,9,0,0,0,0,0,0,206.2,0.0,3,33,26,19,22,23,46.94,0,22,12,54.55,44,108,49,90,82,44.09,83,682,297,889,189.7,59,4,1330,31,4,0,Jakob Breum,Go Ahead Eagles,1029724,2979
8,7,53.85,143,24,63.16,296,315,604,89.75,10,62.5,6,14,0,0,0,0,43,4,0,6,5,13,14,0,0,7,9,31,0,0,1.9,1.23,5,0,6.67,0,1,1,11,8,3,1,0,,54,68.35,0,0,0,69,16,11,0,13,1114,2,,0,0,0,0,0,0,0,0,0,103,4,0,7.28,0,1,0,0,0,0,0,0,1114.0,0.0,0,9,6,4,5,3,42.86,0,31,21,67.74,11,14,7,13,64,67.37,38,350,336,673,101.9,15,1,920,20,2,0,Devyne Rensch,AFC Ajax,982778,2953
28,0,0.0,15,90,32.85,36,436,472,71.08,5,83.33,1,16,0,0,0,0,152,0,0,0,5,11,16,0,0,1,0,2,0,1,0.05,,0,0,0.0,85,0,0,23,19,4,0,0,-1.9,2,66.67,0,13,0,192,0,0,0,16,1440,0,,0,0,0,0,0,1,0,0,0,197,0,4,7.28,0,0,5,36,30,66,0,14,0.0,0.0,0,0,0,0,0,0,0.0,5,0,0,0.0,0,46,0,0,7,77.78,274,177,487,664,116.4,0,1,851,3,0,0,Jari De Busser,Go Ahead Eagles,837072,2979
51,78,26.9,305,81,43.55,574,417,913,78.1,31,41.89,43,34,8,0,0,0,143,12,1,14,8,97,34,0,0,24,13,145,0,0,6.93,1.81,43,1,5.26,0,2,10,44,39,5,1,1,,135,56.96,0,0,1,256,33,76,2,34,2975,2,,0,1,0,2,0,0,0,0,0,666,11,0,7.27,0,0,0,0,0,0,0,0,1487.5,14.29,7,19,19,12,12,16,39.02,0,77,48,62.34,75,111,41,290,166,53.38,186,963,496,1169,247.2,38,3,2294,43,3,0,Souffian El Karouani,FC Utrecht,991679,2948
77,6,28.57,358,115,45.1,904,1377,2275,90.42,46,62.16,28,32,1,0,0,0,138,7,9,11,10,105,32,0,0,14,5,73,1,2,4.5,4.86,13,0,6.0,80,3,4,35,30,5,3,0,,70,60.87,0,0,2,241,28,20,3,32,2880,3,,0,0,0,1,0,0,0,0,0,303,2,0,7.26,0,0,0,0,0,0,0,0,960.0,0.0,1,43,7,23,16,12,46.15,0,38,27,71.05,20,137,26,21,116,61.38,255,1089,1448,2516,232.3,50,3,2936,21,5,0,Dávid Hancko,Feyenoord,807771,2959
0,0,0.0,2,7,17.5,5,27,32,49.23,1,100.0,0,2,0,0,0,0,33,0,0,0,0,3,2,0,0,0,0,0,1,0,0.0,,0,0,0.0,22,0,0,4,4,0,0,0,0.61,1,100.0,0,2,0,33,0,0,0,2,180,0,,0,0,0,0,0,1,0,0,0,34,0,0,7.25,0,0,0,6,5,11,1,2,0.0,0.0,0,0,0,0,0,0,0.0,0,0,0,0.0,0,1,0,0,2,100.0,40,35,30,65,14.5,0,0,99,1,0,0,Stijn van Gassel,NEC Nijmegen,367118,2962
2,2,33.33,41,5,41.67,98,90,186,88.15,12,54.55,10,6,1,0,0,0,16,0,0,0,0,7,6,0,0,4,1,22,0,1,0.34,0.73,5,0,12.5,0,1,2,6,4,2,1,0,,27,69.23,0,0,0,25,8,2,0,6,487,1,,0,0,0,0,0,0,0,0,0,56,1,0,7.23,0,1,0,0,0,0,0,0,487.0,0.0,0,4,4,6,2,6,60.0,0,11,10,90.91,2,3,10,6,39,63.93,12,119,98,211,43.4,8,1,356,10,0,0,Jordan Lotomba,Feyenoord,796279,2959
144,2,18.18,243,233,61.64,654,1216,1868,87.7,99,67.35,48,32,0,0,0,0,140,1,2,4,4,218,32,0,1,7,19,92,0,2,1.52,0.93,17,0,7.69,99,1,1,38,29,9,1,0,,49,52.69,0,0,1,262,45,14,1,32,2807,1,,0,0,0,0,0,0,0,0,0,302,0,0,7.23,1,0,0,0,0,0,0,0,2807.0,0.0,0,11,2,7,2,11,78.57,0,31,18,58.06,14,229,14,11,148,61.67,378,856,1285,2130,231.2,13,2,2599,8,7,0,Mike Eerdhuijzen,Sparta Rotterdam,947842,2960
5,9,20.93,237,12,57.14,417,173,581,83.72,25,53.19,22,32,11,0,0,0,56,14,15,11,2,9,32,0,0,29,17,115,0,0,6.24,10.59,23,0,15.63,0,10,21,27,26,1,9,1,,55,37.16,1,0,2,113,6,32,3,23,2023,3,,0,1,0,0,0,0,0,0,1,230,13,0,7.22,0,6,0,0,0,0,0,0,202.3,0.0,0,60,4,17,36,10,29.41,0,26,13,50.0,31,9,34,43,80,41.03,21,539,198,694,231.0,64,3,1011,20,2,0,Guus Til,PSV Eindhoven,845798,2952
0,0,0.0,34,2,50.0,48,17,65,66.33,12,57.14,9,11,1,0,0,0,25,4,7,3,0,5,11,0,0,15,1,43,0,0,0.84,7.26,3,0,25.0,0,7,8,10,7,3,7,0,,29,46.03,2,0,2,33,0,11,4,10,770,8,,0,0,2,0,100,0,2,0,1,92,12,0,7.22,0,1,0,0,0,0,0,0,110.0,0.0,0,26,2,10,15,8,34.78,0,5,2,40.0,11,2,23,2,41,48.81,4,79,21,98,79.4,28,2,240,16,1,0,Santiago Giménez,Feyenoord,892141,2959
10,9,22.5,111,12,44.44,172,64,227,68.58,19,57.58,14,22,3,0,0,0,65,5,2,16,0,4,22,0,0,21,26,109,1,0,2.62,4.34,16,0,12.96,0,7,10,15,12,3,6,1,,95,50.0,0,0,0,104,21,28,6,15,1251,0,,0,0,0,0,0,0,0,0,0,245,15,0,7.21,0,1,0,0,0,0,0,0,178.71,0.0,2,34,20,19,19,30,48.39,0,33,19,57.58,28,19,62,40,114,51.12,27,288,83,331,158.6,54,2,734,32,5,0,Miguel Rodríguez,FC Utrecht,1014118,2948
11,1,20.0,174,9,39.13,319,165,483,83.28,9,69.23,4,18,0,0,0,0,57,4,0,10,1,8,18,0,0,20,7,74,1,2,1.93,3.38,24,0,16.22,0,6,6,21,17,4,4,2,,89,55.97,0,0,0,97,10,22,2,16,1393,0,,0,0,2,0,100,0,2,0,0,177,12,0,7.2,0,4,0,0,0,0,0,0,232.17,0.0,0,13,24,11,16,26,55.32,0,36,24,66.67,22,21,47,5,98,56.98,23,404,181,580,129.6,37,1,873,27,5,0,Quinten Timber,Feyenoord,959805,2959
2,2,40.0,13,2,40.0,27,9,34,79.07,1,33.33,2,1,0,0,0,0,2,1,0,0,0,5,1,0,0,1,0,4,0,0,0.69,,0,0,0.0,0,0,0,1,1,0,0,0,,5,71.43,0,0,0,9,0,1,0,1,90,0,,0,0,0,0,0,0,0,0,0,18,0,0,7.2,0,0,0,0,0,0,0,0,0.0,0.0,0,0,0,0,0,0,0.0,0,0,0,0.0,1,4,1,5,6,60.0,5,35,13,43,7.2,0,0,78,5,0,0,Marcos López,Feyenoord,883745,2959
99,19,26.03,355,150,45.87,805,916,1702,81.63,34,53.13,30,33,1,0,0,0,174,4,0,10,9,125,33,0,0,7,19,95,0,1,3.4,1.08,26,0,3.85,2,1,2,43,37,6,1,0,,120,64.86,0,0,0,383,41,33,1,31,2852,1,,1,0,0,0,0,0,0,0,0,505,7,0,7.2,0,0,0,0,0,0,0,0,2852.0,0.0,3,10,16,11,5,14,51.85,0,98,62,63.27,33,196,27,73,154,61.85,327,1113,1045,2085,237.5,26,2,2859,8,9,0,Calvin Verdonk,NEC Nijmegen,361780,2962
52,1,50.0,199,87,56.49,763,1374,2136,93.4,65,61.9,40,29,0,0,0,0,130,0,0,2,10,130,29,0,0,11,9,81,1,3,1.34,0.71,13,0,28.57,4,2,2,28,23,5,2,0,,60,59.41,2,0,0,151,63,2,0,28,2450,0,,0,0,0,0,0,0,0,0,0,195,2,0,7.19,0,0,0,0,0,0,0,0,1225.0,0.0,0,6,1,3,2,16,64.0,0,29,16,55.17,2,95,25,2,125,60.68,154,869,1420,2287,208.6,7,3,2667,15,3,0,Josip Šutalo,AFC Ajax,954836,2953
30,12,36.36,191,36,45.0,363,316,667,77.38,35,56.45,27,26,1,0,0,0,89,3,0,9,8,85,26,0,0,15,18,88,0,1,2.16,1.24,18,0,0.0,0,0,1,20,18,2,0,0,,110,64.33,0,0,0,195,25,24,0,21,1911,0,,0,0,0,0,0,0,0,0,0,294,7,0,7.19,0,0,0,0,0,0,0,0,0.0,0.0,0,14,6,8,3,9,47.37,0,72,45,62.5,24,59,19,33,145,62.23,80,512,383,862,187.0,20,2,1457,29,3,0,Seiya Maikuma,AZ Alkmaar,1028330,2950
103,11,23.91,218,160,44.82,475,750,1214,77.32,95,57.93,69,30,4,0,0,0,112,4,3,4,5,187,30,0,0,13,27,144,0,3,2.44,2.67,29,0,8.0,6,2,6,51,48,3,2,0,,93,55.36,2,0,2,356,29,24,0,30,2700,7,,0,0,0,0,0,0,0,0,0,508,2,0,7.19,0,0,0,0,0,0,0,0,1350.0,0.0,0,19,6,12,9,8,53.33,0,65,38,58.46,24,210,15,46,188,56.63,357,777,839,1570,215.6,25,6,2230,20,11,0,Jan Van den Bergh,NAC Breda,929498,2947
97,17,32.08,407,85,51.83,867,597,1447,87.33,20,74.07,7,28,4,0,0,0,107,8,0,7,6,40,28,0,0,6,14,48,0,1,5.67,1.05,12,0,8.33,4,1,5,23,18,5,1,0,,45,52.33,1,0,0,210,25,36,0,21,1873,1,,0,0,0,0,0,0,0,0,0,287,13,0,7.19,0,0,0,0,0,0,0,0,1873.0,0.0,4,2,10,2,3,7,43.75,0,32,18,56.25,36,168,16,53,65,57.52,164,1068,642,1657,201.2,12,1,1938,6,6,0,Jordan Henderson,AFC Ajax,42694,2953
93,0,0.0,320,170,59.44,1097,1521,2618,90.4,94,61.44,59,34,2,0,0,0,121,2,5,6,6,142,34,0,0,3,12,96,2,1,1.52,2.59,25,0,0.0,0,0,2,39,36,3,0,0,,64,63.37,0,0,1,278,40,7,0,33,2942,0,,0,0,0,0,0,0,0,0,0,299,0,0,7.19,0,0,0,0,0,0,0,0,0.0,0.0,0,21,3,14,4,4,80.0,0,44,26,59.09,7,164,5,1,158,62.2,286,1282,1615,2896,244.3,24,2,3306,16,2,0,Ryan Flamingo,PSV Eindhoven,1046960,2952
24,12,24.49,232,21,44.68,425,292,705,83.14,18,36.0,32,33,4,0,0,0,148,4,4,23,7,26,33,0,0,41,38,174,0,0,4.04,5.38,42,0,13.56,0,8,12,37,32,5,5,3,,173,54.92,1,0,0,143,37,34,1,30,2699,3,,0,0,0,1,0,0,0,0,0,284,16,0,7.18,0,6,0,0,0,0,0,0,337.38,0.0,0,30,29,22,14,27,54.0,0,114,67,58.77,34,45,50,49,191,52.33,47,561,336,848,237.1,59,1,1404,32,8,0,Paxten Aaronson,FC Utrecht,1035515,2948
30,8,19.05,200,47,44.34,407,512,911,86.02,12,57.14,9,26,6,0,0,0,78,7,2,4,7,54,26,0,1,12,12,62,0,0,3.77,1.98,10,0,18.18,0,2,8,22,22,0,2,0,,101,65.58,0,0,0,148,14,25,0,22,1983,0,,0,1,0,0,0,0,0,0,0,290,3,0,7.18,1,2,0,0,0,0,0,0,991.5,0.0,0,8,3,2,5,19,50.0,0,64,37,57.81,24,67,38,42,113,64.57,106,539,562,1059,186.8,11,2,1627,18,2,0,Givairo Read,Feyenoord,1388535,2959
59,39,32.77,369,73,42.44,784,643,1388,82.08,59,50.0,59,34,7,0,0,0,161,10,1,7,10,74,34,0,0,18,49,193,0,0,5.29,1.38,55,0,4.0,2,1,8,29,25,4,0,1,,135,50.19,0,0,4,303,35,45,0,33,2799,0,,0,0,0,0,0,0,0,0,0,455,20,0,7.18,0,1,0,0,0,0,0,0,2799.0,0.0,4,4,21,13,5,8,36.36,0,111,61,54.95,45,124,22,119,194,50.13,172,1091,719,1691,244.1,25,2,2280,17,3,0,Peer Koopmeiners,AZ Alkmaar,922018,2950
74,0,0.0,17,233,47.84,105,627,732,73.79,7,100.0,0,32,0,0,0,0,254,0,0,0,5,29,32,0,0,0,2,2,0,2,0.04,,0,0,0.0,263,0,0,52,48,4,0,0,0.98,2,50.0,0,22,0,260,0,0,0,32,2880,0,,0,0,0,0,0,6,0,0,0,264,0,14,7.18,0,0,12,74,38,113,1,26,0.0,0.0,0,0,0,0,0,0,0.0,12,1,1,100.0,0,101,0,0,9,81.82,487,286,706,992,229.7,0,0,1311,2,2,0,Daniel Bielica,NAC Breda,939460,2947
13,3,23.08,103,7,35.0,166,74,237,75.72,20,52.63,18,25,3,0,0,0,50,3,6,5,0,18,25,0,0,23,8,76,0,0,1.9,8.75,14,0,28.57,0,12,15,13,8,5,10,2,,66,53.23,1,0,1,76,9,14,4,11,1173,3,,0,0,0,0,0,0,0,0,1,176,2,0,7.18,0,7,0,0,0,0,0,0,97.75,0.0,0,30,12,20,17,19,54.29,0,15,9,60.0,14,24,35,13,86,53.09,20,234,92,313,179.4,42,2,601,33,2,0,Oliver Valaker Edvardsen,AFC Ajax,878599,2953
44,17,28.33,359,53,58.89,758,542,1283,89.66,13,41.94,18,25,6,0,0,0,160,9,2,5,2,44,25,0,0,10,21,88,0,0,4.7,1.39,13,0,0.0,0,0,6,29,26,3,0,0,,94,57.32,0,0,1,148,19,33,0,23,2017,2,,0,1,0,0,0,0,0,0,0,270,10,0,7.17,0,0,0,0,0,0,0,0,0.0,0.0,0,7,14,10,6,31,53.45,0,54,36,66.67,32,67,58,60,107,54.87,90,907,584,1431,179.2,21,3,1952,9,1,0,Mauro Júnior,PSV Eindhoven,893499,2952
73,1,33.33,196,138,45.1,498,833,1330,81.8,152,65.52,80,31,2,0,0,0,87,5,1,4,6,181,31,0,0,5,9,118,1,1,1.45,2.72,23,0,13.04,26,3,5,38,33,5,3,0,,60,61.22,3,0,0,296,37,12,0,30,2559,1,,0,0,0,1,0,0,0,0,0,319,0,0,7.17,0,0,0,0,0,0,0,0,853.0,0.0,0,23,0,11,8,1,33.33,0,39,18,46.15,12,164,3,3,212,64.24,306,722,907,1626,222.2,23,6,2036,21,6,0,Mike Van der Hoorn,FC Utrecht,152414,2948
8,1,25.0,67,7,58.33,103,32,134,83.75,1,33.33,2,8,0,0,0,0,17,2,1,0,1,0,6,0,0,2,1,8,0,0,0.5,0.73,1,0,25.0,0,1,1,1,1,0,1,0,,7,53.85,0,0,0,26,3,5,0,1,179,0,,0,0,0,0,0,0,0,0,0,36,5,0,7.17,0,1,0,0,0,0,0,0,179.0,0.0,0,3,1,1,3,2,50.0,0,5,5,100.0,5,12,4,4,8,50.0,12,129,35,160,43.0,4,0,191,0,0,0,Isaac Babadi,PSV Eindhoven,1120701,2952
17,16,22.54,116,28,57.14,226,159,369,75.77,32,40.0,48,25,6,0,0,0,53,3,3,4,3,32,25,0,0,6,24,117,0,1,2.81,4.09,31,0,25.71,0,9,15,33,29,4,8,1,,52,42.98,3,0,3,118,9,25,1,22,1899,2,,0,0,1,0,100,0,1,0,1,238,11,0,7.16,1,5,0,0,0,0,0,0,211.0,0.0,5,24,11,13,18,2,16.67,0,29,16,55.17,25,41,12,71,84,41.79,49,364,194,487,179.1,35,3,825,21,5,1,Vito van Crooij,NEC Nijmegen,385708,2962
24,9,25.71,140,32,76.19,264,172,427,88.22,7,87.5,1,12,0,0,0,1,38,3,1,1,2,7,11,0,0,5,4,20,0,0,2.32,1.37,7,0,0.0,0,0,0,5,5,0,0,0,,22,53.66,0,0,1,57,1,14,0,7,639,0,,0,1,1,0,0,0,0,0,0,99,3,0,7.16,0,0,0,0,0,0,0,0,0.0,0.0,5,2,10,5,6,6,66.67,0,12,4,33.33,13,46,9,35,29,59.18,42,337,182,484,78.8,12,0,605,4,0,0,Branco Van den Boomen,AFC Ajax,190883,2953
30,16,32.0,336,32,60.38,607,331,922,83.06,27,50.94,26,33,6,0,0,0,83,7,8,11,8,26,33,0,0,18,20,121,0,1,6.1,7.42,39,0,19.15,0,9,15,24,21,3,9,0,,87,47.8,0,0,4,188,18,36,5,29,2460,5,,0,2,3,0,100,0,3,0,0,317,7,0,7.16,0,4,0,0,0,0,0,0,273.33,0.0,0,32,15,15,21,13,37.14,0,37,21,56.76,34,60,35,50,114,48.51,53,787,373,1110,236.3,47,3,1520,38,3,0,Kenneth Taylor,AFC Ajax,959806,2953
5,0,0.0,99,6,100.0,156,84,240,69.97,52,70.27,22,24,2,0,0,1,36,4,6,8,0,15,24,0,0,17,4,66,0,0,2.06,7.79,16,0,27.78,0,10,12,15,11,4,10,0,,31,41.33,2,0,4,103,1,19,3,9,1085,5,,0,0,2,0,50,0,1,0,2,172,11,0,7.16,0,5,0,0,0,0,0,0,108.5,0.0,0,33,3,10,18,7,38.89,0,2,2,100.0,19,8,18,4,83,55.7,6,239,108,343,171.8,36,3,529,24,2,0,Wout Weghorst,AFC Ajax,252215,2953
27,71,36.79,352,30,41.67,738,708,1375,89.75,24,37.5,40,28,5,0,0,0,127,10,3,2,4,69,28,0,1,15,32,139,0,1,4.9,1.38,31,0,0.0,1,0,5,48,46,2,0,0,,97,49.49,0,0,1,157,40,65,0,28,2481,3,,0,0,0,0,0,0,0,0,0,400,4,0,7.15,1,0,0,0,0,0,0,0,0.0,0.0,1,5,4,6,1,11,34.38,0,64,37,57.81,65,55,32,193,121,46.54,72,956,769,1532,200.3,9,3,2352,23,2,0,Mats Köhlert,SC Heerenveen,794998,2964
12,12,22.22,229,19,65.52,385,272,645,83.55,2,15.38,11,32,15,0,0,0,99,16,11,18,4,27,32,0,0,25,9,99,0,0,6.54,6.99,10,0,11.11,0,6,21,37,29,8,6,0,,83,48.54,0,0,1,127,11,50,3,28,2420,7,,0,0,0,0,0,0,0,0,0,291,8,0,7.15,0,3,0,0,0,0,0,0,403.33,0.0,0,42,12,19,17,37,44.05,0,28,18,64.29,50,36,84,54,85,46.2,29,528,298,772,228.9,54,3,1220,18,1,0,Oliver Antman,Go Ahead Eagles,975743,2979
45,1,33.33,180,70,48.61,681,1266,1946,91.53,28,47.46,31,23,0,0,0,0,111,0,0,0,13,84,23,0,0,3,10,63,1,1,0.92,0.67,16,0,50.0,29,1,1,16,13,3,1,0,,59,64.84,1,0,0,180,33,7,0,23,2041,1,,0,0,0,0,0,0,0,0,0,209,5,0,7.15,0,0,0,0,0,0,0,0,2041.0,0.0,0,1,1,1,1,8,72.73,0,27,12,44.44,7,93,11,3,87,58.0,144,786,1343,2126,164.5,2,0,2400,24,2,0,Youri Baas,AFC Ajax,1000228,2953
35,6,30.0,203,32,31.07,529,419,942,79.03,51,64.56,28,29,2,0,0,0,136,3,2,11,5,54,29,0,0,27,30,144,0,5,1.49,2.83,41,0,11.9,0,5,7,50,44,6,3,2,,165,58.72,2,0,0,250,25,16,0,28,2370,0,,0,0,0,0,0,0,0,0,0,357,20,0,7.15,0,3,0,0,0,0,0,0,474.0,0.0,1,15,27,14,17,41,65.08,0,99,67,67.68,16,83,63,20,216,60.0,103,734,478,1192,207.4,42,3,1713,25,8,0,Stije Resink,FC Groningen,1090328,2951
44,20,25.97,203,69,40.83,388,437,805,76.38,47,60.26,31,29,4,0,0,0,89,5,0,2,8,120,29,0,0,5,35,99,0,2,3.45,0.44,12,0,11.11,0,1,5,28,25,3,1,0,,87,56.13,1,0,1,249,46,22,0,26,2361,0,,0,0,0,0,0,0,0,0,0,394,4,0,7.15,0,0,0,0,0,0,0,0,2361.0,0.0,0,6,3,4,3,15,48.39,0,68,52,76.47,22,102,31,77,134,57.51,169,603,528,1054,207.4,9,0,1745,5,1,0,Siebe Horemans,FC Utrecht,794990,2948
8,1,25.0,20,9,52.94,68,88,155,87.08,8,36.36,14,6,0,0,0,0,13,0,1,0,1,19,6,0,0,0,2,19,0,0,0.07,0.28,2,0,25.0,0,1,1,4,4,0,1,0,,9,64.29,1,0,0,23,7,0,0,4,359,0,,0,0,0,0,0,0,0,0,0,34,1,0,7.15,0,0,0,0,0,0,0,0,359.0,0.0,0,4,0,0,4,0,0.0,0,8,6,75.0,0,12,1,4,17,47.22,17,89,93,178,42.9,4,0,256,1,0,0,Hristiyan Petrov,SC Heerenveen,1129996,2964
1,1,100.0,8,5,50.0,42,56,97,89.81,6,100.0,0,2,0,0,0,0,4,0,0,1,0,4,2,0,0,0,0,0,0,0,0.13,0.12,0,0,0.0,0,0,0,1,1,0,0,0,,1,100.0,0,0,0,11,2,3,0,1,112,0,,0,0,0,0,0,0,0,0,0,15,0,0,7.15,0,0,0,0,0,0,0,0,0.0,0.0,1,1,2,2,0,0,0.0,0,1,1,100.0,3,2,0,1,7,100.0,10,48,61,108,14.3,3,0,130,0,0,0,Neraysho Kasanwirjo,Feyenoord,961678,2959
18,0,0.0,40,165,31.67,118,214,332,47.91,15,100.0,0,28,0,0,0,0,291,0,0,0,10,21,28,1,0,0,0,0,3,1,0.13,,0,0,0.0,216,0,0,39,35,4,0,0,2.22,4,100.0,0,51,0,361,1,0,0,28,2520,0,,0,0,0,0,0,2,0,0,0,370,0,1,7.15,0,0,12,54,38,93,1,19,0.0,0.0,0,0,0,0,0,0,0.0,12,1,1,100.0,0,34,0,0,19,100.0,521,445,248,693,200.1,0,2,1007,3,1,0,Mattijs Branderhorst,Fortuna Sittard,146871,2957
57,3,33.33,112,86,40.95,372,862,1231,84.08,109,58.29,78,29,0,0,0,0,117,2,1,4,5,225,29,0,1,3,20,151,0,0,1.38,1.2,52,0,11.11,16,2,2,47,44,3,2,0,,82,52.9,2,0,0,233,45,8,0,29,2588,1,,0,0,0,2,0,0,0,0,0,254,2,0,7.14,2,0,0,0,0,0,0,0,1294.0,0.0,0,14,4,9,5,1,33.33,0,62,42,67.74,8,97,3,9,191,55.85,210,533,940,1464,207.2,18,1,1969,21,9,1,Leo Greiml,NAC Breda,918420,2947
9,14,20.59,169,7,38.89,286,74,346,74.73,10,35.71,18,25,5,0,0,0,100,4,2,23,1,12,25,0,0,50,11,146,0,1,3.81,3.34,14,0,9.38,0,6,11,31,27,4,3,3,,126,49.61,0,0,3,117,6,28,0,23,1957,4,,0,0,0,0,0,0,0,0,0,347,10,0,7.14,0,6,0,0,0,0,0,0,326.17,0.0,0,40,24,25,16,69,55.65,0,26,22,84.62,28,29,124,68,136,48.23,18,437,94,463,178.6,64,2,976,31,1,0,Yoann Cathline,FC Utrecht,1105700,2948
13,3,20.0,174,8,88.89,252,94,343,71.61,37,39.78,56,28,2,0,0,0,60,4,18,12,1,20,28,0,0,25,11,123,0,1,4.64,15.04,19,0,20.59,0,14,16,26,23,3,14,0,,60,47.24,2,0,3,136,2,31,3,27,2191,12,,0,0,2,0,100,0,2,0,0,255,23,0,7.14,0,9,0,0,0,0,0,0,156.5,0.0,0,59,9,23,33,10,37.04,0,19,13,68.42,31,21,27,15,97,44.09,9,375,119,479,200.0,68,2,810,31,0,0,Troy Parrott,AZ Alkmaar,966555,2950
26,13,50.0,298,27,50.94,472,208,667,80.17,17,31.48,37,31,4,0,0,0,141,6,1,10,2,28,31,0,0,61,38,231,0,1,4.33,3.93,39,0,13.04,0,6,10,36,32,4,4,2,,176,47.57,0,0,1,165,37,38,3,26,2191,2,,0,0,0,1,0,0,0,0,2,411,23,0,7.14,0,3,0,0,0,0,0,0,365.17,0.0,4,25,21,18,18,65,52.42,0,67,48,71.64,38,44,124,26,193,45.52,53,612,246,832,221.4,46,4,1518,44,7,0,Filip Krastev,PEC Zwolle,935556,2971
26,1,4.76,203,23,58.97,318,105,422,75.09,18,46.15,21,24,5,0,0,0,66,5,4,7,2,4,24,0,0,13,23,110,0,0,2.83,4.49,32,0,6.67,0,3,8,16,13,3,3,0,,81,47.65,0,0,3,140,14,28,0,17,1504,2,,0,0,0,1,0,0,0,0,0,248,9,0,7.14,0,3,0,0,0,0,0,0,501.33,0.0,5,24,21,20,18,24,50.0,0,38,21,55.26,28,51,48,21,99,47.37,39,450,133,562,171.4,45,3,895,20,4,0,Ruben van Bommel,AZ Alkmaar,1212550,2950
28,20,25.97,216,23,33.33,382,194,556,75.85,16,51.61,15,28,3,0,0,0,58,9,0,8,3,31,27,0,0,8,13,59,0,0,4.4,2.22,13,0,12.5,0,3,6,11,9,2,3,0,,58,56.86,1,0,2,177,16,38,1,17,1472,1,,0,0,0,0,0,0,0,0,0,274,14,0,7.14,0,1,0,0,0,0,0,0,490.67,0.0,1,13,11,8,8,7,41.18,0,44,30,68.18,38,61,17,77,74,55.64,69,567,243,733,192.8,24,3,1049,7,2,0,Carel Eiting,Sparta Rotterdam,803025,2960
35,18,37.5,259,41,51.9,532,335,849,85.76,11,36.67,19,21,2,0,0,0,114,7,0,8,3,23,21,0,0,13,22,79,1,1,3.35,0.97,17,0,11.54,0,3,5,22,21,1,2,1,,62,50.82,1,0,0,141,19,33,2,20,1625,1,,0,0,0,0,0,0,0,0,0,214,9,0,7.14,0,0,0,0,0,0,0,0,541.67,0.0,2,4,22,9,9,7,43.75,0,33,21,63.64,33,71,16,48,73,48.03,79,666,372,990,149.9,26,0,1267,22,5,0,Hwang In-beom,Feyenoord,889689,2959
15,4,23.53,100,10,43.48,175,78,249,78.3,9,33.33,18,19,4,0,0,0,41,9,1,6,2,8,19,0,0,13,13,80,0,0,3.2,2.89,19,0,22.22,0,6,10,8,8,0,5,1,,43,40.95,1,0,0,69,6,19,2,12,986,1,,0,0,0,0,0,0,0,0,0,150,4,0,7.13,0,3,0,0,0,0,0,0,164.33,0.0,0,19,8,8,13,8,29.63,0,17,10,58.82,19,27,27,17,52,39.39,23,244,91,318,135.5,27,2,547,18,1,0,Ibrahim Sadiq,AZ Alkmaar,905174,2950
8,0,0.0,107,8,72.73,171,75,246,66.67,83,54.61,69,16,1,0,0,0,42,2,8,6,1,18,16,0,0,23,9,127,0,0,1.11,5.79,19,0,12.12,0,4,5,17,16,1,4,0,,42,42.0,1,0,1,123,0,25,1,15,1275,3,,0,1,0,0,0,0,0,0,0,208,15,0,7.13,0,2,0,0,0,0,0,0,318.75,0.0,0,32,1,12,15,5,38.46,0,14,6,42.86,24,20,13,0,125,49.6,11,275,94,369,114.1,33,0,605,26,0,0,Sébastien Haller,FC Utrecht,149731,2948
94,56,35.22,275,127,61.95,526,305,775,78.13,17,50.0,17,29,2,0,0,0,143,9,1,10,2,35,29,0,0,19,22,90,0,1,4.52,1.86,17,0,0.0,0,0,2,36,25,11,0,0,,78,51.66,0,0,1,217,34,53,0,25,2048,0,,0,0,0,0,0,0,0,0,0,385,13,0,7.13,0,0,0,0,0,0,0,0,0.0,0.0,15,4,35,20,9,10,38.46,0,59,38,64.41,53,153,26,159,95,51.35,205,798,353,992,206.8,39,2,1478,10,7,0,Thom Haye,Almere City FC,149666,2990
22,2,13.33,293,33,60.0,610,794,1402,90.28,51,55.43,41,31,6,0,0,0,130,6,1,4,11,61,31,0,0,25,10,116,1,3,5.16,1.37,24,0,11.76,1,2,8,29,24,5,2,0,,77,50.66,1,0,2,151,22,18,1,30,2596,2,,0,0,0,0,0,0,0,0,1,258,8,0,7.13,0,0,0,0,0,0,0,0,1298.0,0.0,0,12,5,8,5,7,28.0,0,58,36,62.07,18,45,25,15,128,52.46,55,723,845,1553,221.0,17,3,2084,12,6,0,Jorrel Hato,AFC Ajax,1153079,2953
10,3,33.33,136,8,42.11,209,71,277,68.4,30,52.63,27,21,1,0,0,0,28,4,4,11,4,13,21,0,0,13,3,66,0,0,2.99,7.01,14,0,13.46,0,7,8,17,14,3,6,1,,25,39.06,0,0,1,128,4,13,4,19,1509,8,,0,0,0,0,0,0,0,0,1,207,10,0,7.13,0,3,0,0,0,0,0,0,215.57,0.0,0,46,6,18,23,9,42.86,0,8,4,50.0,13,18,21,9,55,45.45,19,326,88,405,149.7,52,1,623,8,0,0,Sam Lammers,FC Twente,804901,2955
76,7,41.18,335,84,53.85,719,610,1322,80.61,112,62.57,67,33,3,0,0,0,153,8,2,13,7,102,33,0,1,24,36,198,0,1,4.29,2.12,58,0,9.76,0,4,7,47,36,11,1,3,,161,55.14,0,0,0,318,38,22,0,31,2720,0,,0,2,0,0,0,0,0,0,0,421,13,0,7.13,1,4,0,0,0,0,0,0,680.0,0.0,0,17,24,20,8,12,41.38,0,112,71,63.39,20,131,29,17,273,57.96,156,946,711,1640,235.2,41,3,2234,38,5,0,Enric Llansana,Go Ahead Eagles,916951,2979
35,25,24.04,294,115,59.9,645,704,1324,82.08,45,48.39,48,34,5,0,0,0,127,6,2,9,9,133,34,0,0,13,27,126,0,0,4.62,1.17,25,0,4.55,0,1,6,50,44,6,1,0,,114,59.38,0,0,0,289,37,36,0,34,3032,0,,0,0,0,1,0,0,0,0,0,488,7,0,7.12,0,1,0,0,0,0,0,0,3032.0,0.0,0,11,11,7,6,11,42.31,0,73,49,67.12,36,66,26,104,159,55.79,192,909,808,1613,242.2,22,4,2506,31,1,0,Bart van Rooij,FC Twente,946506,2955
44,0,0.0,52,216,33.75,145,568,713,62.71,9,100.0,0,32,0,0,0,0,331,0,0,0,10,34,32,0,0,0,1,1,1,2,0.15,,0,0,0.0,202,0,0,42,36,6,0,0,5.2,7,87.5,0,45,0,424,1,2,0,32,2880,0,,1,0,0,0,0,1,0,0,0,429,0,11,7.12,0,0,20,70,43,113,0,12,0.0,0.0,0,0,0,0,0,0,0.0,20,0,0,0.0,2,65,0,0,16,94.12,640,488,649,1137,227.7,0,3,1499,7,0,0,Robin Roefs,NEC Nijmegen,1012928,2962
29,0,0.0,34,265,39.73,191,456,647,61.33,7,100.0,0,34,0,0,0,0,287,0,0,0,5,29,34,0,0,0,1,3,2,2,0.08,,2,0,0.0,278,0,0,56,45,11,0,0,5.39,3,50.0,0,35,0,408,0,0,0,34,3060,0,,0,0,0,1,0,6,0,0,0,416,0,16,7.11,0,0,4,85,43,129,2,28,0.0,0.0,0,0,0,0,0,0,0.0,3,0,0,0.0,0,44,0,0,10,76.92,667,514,541,1055,241.9,0,3,1395,1,2,0,Thomas Didillon,Willem II Tilburg,339809,2961
41,0,0.0,33,195,41.58,119,558,677,70.67,7,87.5,1,31,0,0,0,0,248,0,0,0,7,19,31,0,0,0,1,2,0,0,0.07,,0,0,0.0,192,0,0,44,39,5,0,0,-1.7,5,83.33,0,24,0,281,0,0,0,31,2790,0,,0,0,0,0,0,3,0,0,0,289,0,7,7.11,0,0,13,61,36,99,0,19,0.0,0.0,0,0,0,0,0,0,0.0,13,2,2,100.0,0,62,0,0,12,85.71,469,329,629,958,220.4,0,3,1240,3,1,0,Vasilis Barkas,FC Utrecht,347726,2948
32,29,23.77,236,37,56.92,387,199,557,79.34,4,30.77,9,24,4,0,0,0,79,9,1,24,1,21,24,0,0,30,4,80,1,1,5.33,3.98,1,0,7.27,0,4,8,30,29,1,3,1,,59,45.38,0,0,1,145,8,38,3,17,1563,2,,0,0,2,0,100,0,2,0,0,344,12,0,7.11,0,1,0,0,0,0,0,0,390.75,0.0,7,25,30,10,21,24,40.0,0,20,12,60.0,38,54,60,122,63,44.06,65,601,223,702,170.6,55,1,1134,16,1,0,Mohamed Ihattaren,RKC Waalwijk,929633,2956
35,28,23.93,243,30,54.55,409,114,495,75.8,8,25.81,23,30,3,0,0,0,79,10,3,18,5,10,30,0,0,44,20,163,0,3,7.29,3.14,12,0,15.09,0,8,11,25,24,1,7,1,,105,42.86,0,0,3,158,8,35,4,22,1970,3,,0,0,0,0,0,0,0,0,1,419,5,0,7.11,0,4,0,0,0,0,0,0,246.25,0.0,1,37,16,15,20,48,42.48,0,29,19,65.52,35,75,113,117,113,40.94,55,631,139,653,213.2,53,1,1214,28,4,0,Anis Hadj Moussa,Feyenoord,1218066,2959
29,24,33.33,181,37,41.11,393,346,715,81.9,17,38.64,27,21,4,0,0,0,85,4,1,0,4,41,21,0,0,8,21,79,0,0,2.48,0.49,20,0,28.57,0,2,6,27,25,2,0,2,,71,57.72,0,0,1,158,20,23,2,18,1602,1,,0,0,0,0,0,0,0,0,0,240,5,0,7.1,0,0,0,0,0,0,0,0,801.0,0.0,1,4,3,4,3,1,16.67,0,43,26,60.47,23,59,6,72,88,52.69,90,546,399,873,149.2,7,0,1209,27,3,0,Michal Sadílek,FC Twente,825731,2955
45,27,31.03,225,38,63.33,419,231,623,80.7,36,47.37,40,27,4,0,0,0,61,11,1,5,0,27,27,0,0,12,15,88,1,0,3.49,2.8,15,1,12.0,0,3,7,24,21,3,2,1,,41,46.07,0,0,1,149,6,48,3,21,1706,2,,0,0,1,0,100,0,1,0,0,253,8,0,7.1,0,0,0,0,0,0,0,0,568.67,20.0,5,11,14,9,11,6,50.0,0,29,15,51.72,48,72,12,87,77,46.67,60,597,262,772,191.7,25,1,1064,6,4,0,Clint Leemans,NAC Breda,336811,2947
60,0,0.0,42,179,46.74,114,616,730,77.58,5,83.33,1,24,1,0,0,0,234,1,0,0,11,16,24,0,0,1,0,2,1,3,0.09,,0,0,0.0,107,0,1,23,19,4,0,0,5.37,4,80.0,0,20,0,211,1,2,0,24,2160,0,,1,0,0,0,0,0,0,0,0,219,0,1,7.1,0,0,7,40,27,67,1,7,0.0,0.0,0,0,0,0,0,1,100.0,7,1,1,100.0,2,89,1,0,9,81.82,383,263,678,941,170.4,0,2,1176,2,0,0,Remko Pasveer,AFC Ajax,2622,2953
2,0,0.0,1,2,16.67,1,36,37,75.51,0,0.0,0,1,0,0,0,0,11,0,0,0,1,0,1,0,0,0,0,0,0,0,0.0,,0,0,0.0,5,0,0,0,0,0,0,0,0.22,1,100.0,0,0,0,12,0,0,0,1,90,0,,0,0,0,0,0,0,0,0,0,12,0,0,7.1,0,0,0,1,1,2,0,0,0.0,0.0,0,0,0,0,0,1,100.0,0,0,0,0.0,0,6,1,0,1,100.0,12,8,41,49,7.1,0,0,56,0,0,0,Diant Ramaj,AFC Ajax,981562,2953
4,0,0.0,4,30,50.0,17,48,65,68.42,0,0.0,0,3,0,0,0,0,18,0,0,0,0,3,3,0,0,0,0,0,0,0,0.01,,0,0,0.0,17,0,0,5,5,0,0,0,0.13,0,0.0,0,0,1,30,0,0,0,3,270,0,,0,0,0,0,0,3,0,0,0,30,0,1,7.1,0,0,1,5,3,8,0,4,0.0,0.0,0,0,0,0,0,0,0.0,1,0,0,0.0,0,5,0,0,0,0.0,60,38,57,95,21.3,0,0,115,0,0,0,Joey Kesting,RKC Waalwijk,1166678,2956
0,2,66.67,10,0,0.0,19,5,22,91.67,0,0.0,0,1,0,0,0,0,2,0,0,0,0,0,1,0,0,2,0,3,0,0,0.11,0.02,0,0,0.0,0,0,0,0,0,0,0,0,,1,25.0,0,0,0,2,1,2,0,0,19,0,,0,0,0,0,0,0,0,0,0,6,1,0,7.1,0,0,0,0,0,0,0,0,0.0,0.0,0,0,1,0,1,0,0.0,0,1,1,100.0,2,0,1,3,1,25.0,0,20,7,24,7.1,1,0,33,0,0,0,Laros Duarte,FC Groningen,798177,2951
18,12,21.43,191,23,43.4,331,115,434,67.92,54,58.06,39,19,2,0,0,0,71,6,3,16,1,25,19,0,0,15,15,125,0,1,2.93,3.47,20,0,6.98,0,3,5,24,22,2,3,0,,74,46.25,0,0,1,205,13,27,1,16,1456,4,,0,1,1,0,100,0,1,0,2,370,13,0,7.09,0,2,0,0,0,0,0,0,485.33,0.0,3,29,14,15,12,22,36.67,0,31,17,54.84,26,43,60,56,128,50.59,53,543,152,639,134.7,43,2,1049,21,3,0,Alireza Jahanbakhsh,SC Heerenveen,331837,2964
12,7,19.44,135,17,50.0,336,235,564,88.4,12,52.17,11,15,0,0,0,0,54,2,0,2,6,14,15,0,1,3,9,31,0,0,1.23,0.29,7,0,0.0,0,0,0,6,5,1,0,0,,37,64.91,0,0,1,74,15,8,0,11,921,0,,0,0,0,0,0,0,0,0,0,119,6,0,7.09,1,0,0,0,0,0,0,0,0.0,0.0,0,3,1,1,1,6,85.71,0,27,21,77.78,8,24,7,36,49,61.25,34,413,261,638,106.3,4,1,860,4,1,0,Matteo Dams,PSV Eindhoven,1162305,2952
18,3,33.33,131,21,42.86,247,196,440,78.01,20,55.56,16,14,2,0,0,0,52,3,1,5,5,30,14,0,0,17,13,72,0,2,1.95,2.96,14,0,15.79,0,3,5,12,12,0,3,0,,47,45.63,0,0,1,124,13,14,0,14,1199,0,,0,1,2,0,100,0,2,0,0,182,7,0,7.09,0,3,0,0,0,0,0,0,399.67,0.0,1,12,7,7,7,6,28.57,0,28,18,64.29,13,35,21,9,67,48.2,49,331,242,564,99.2,19,1,782,13,1,0,Jakub Moder,Feyenoord,886242,2959
8,1,33.33,67,9,75.0,131,43,173,90.1,5,55.56,4,6,0,0,0,0,20,0,0,0,1,5,6,0,0,2,1,9,0,0,0.4,0.03,1,0,0.0,0,0,0,1,1,0,0,0,,20,80.0,0,0,0,19,3,5,0,2,292,0,,0,0,0,0,0,0,0,0,0,24,1,0,7.08,0,0,0,0,0,0,0,0,0.0,0.0,0,0,1,1,0,3,75.0,0,10,7,70.0,5,10,4,3,25,73.53,12,144,51,192,42.5,1,0,237,7,0,0,Oussama Targhalline,Feyenoord,1095731,2959
16,21,23.33,306,15,68.18,482,181,642,85.6,4,30.77,9,30,1,0,0,0,61,4,6,19,2,11,30,0,0,32,7,120,0,0,4.77,6.03,23,0,15.0,0,9,10,18,16,2,8,1,,79,41.58,1,0,0,108,8,36,6,17,1590,7,,0,0,0,1,0,0,0,0,0,312,10,0,7.08,0,2,0,0,0,0,0,0,176.67,0.0,0,34,26,14,27,47,48.45,0,19,14,73.68,36,26,97,90,83,40.89,22,643,197,750,212.4,60,1,1210,13,1,0,Johan Bakayoko,PSV Eindhoven,1088896,2952
36,16,25.81,394,50,60.24,781,583,1348,91.95,21,60.0,14,24,1,0,0,0,122,2,0,8,3,22,24,0,0,6,14,58,1,1,2.67,0.59,12,0,6.25,0,1,2,22,20,2,1,0,,52,54.17,0,0,0,118,15,22,0,21,1719,0,,0,0,0,0,0,0,0,0,0,208,7,0,7.08,0,1,0,0,0,0,0,0,1719.0,0.0,0,3,13,1,7,11,47.83,0,27,19,70.37,22,57,23,62,73,55.73,83,904,624,1466,169.9,16,2,1856,14,5,0,Richard Ledezma,PSV Eindhoven,985176,2952
78,1,20.0,308,69,53.08,648,463,1110,87.47,4,33.33,8,23,2,0,0,0,140,3,0,3,7,38,23,0,0,5,14,51,1,1,2.09,0.44,15,0,0.0,0,0,2,18,16,2,0,0,,65,60.19,0,0,0,159,32,22,0,20,1823,0,,0,1,0,0,0,0,0,0,0,203,11,0,7.08,0,0,0,0,0,0,0,0,0.0,0.0,0,1,11,8,1,2,18.18,0,49,23,46.94,21,126,11,5,69,57.5,130,775,499,1269,162.8,12,0,1518,14,3,0,Jordy Clasie,AZ Alkmaar,116946,2950
43,30,27.78,242,46,60.53,419,189,578,79.72,8,50.0,8,26,5,0,0,1,66,7,5,6,1,2,25,0,0,7,10,48,0,0,7.01,3.84,12,0,6.06,0,2,7,16,13,3,2,0,,36,47.37,0,0,0,147,6,36,2,16,1437,5,,0,0,2,0,50,0,1,0,0,267,8,0,7.08,0,0,0,0,0,0,0,0,718.5,0.0,5,14,19,17,10,8,38.1,0,18,10,55.56,36,88,21,108,44,47.83,76,620,213,725,176.9,33,1,1002,10,2,0,Steven Berghuis,AFC Ajax,100386,2953
68,6,21.43,259,105,60.0,510,517,1021,84.94,25,50.0,25,31,3,0,0,0,183,5,2,2,5,58,31,0,0,17,30,150,0,1,3.25,3.98,51,0,18.52,0,5,8,56,48,8,4,1,,134,51.74,0,0,1,181,41,27,0,31,2727,1,,1,0,3,0,100,0,3,0,0,310,12,0,7.07,1,5,0,0,0,0,0,0,545.4,0.0,1,8,19,11,14,28,49.12,0,70,41,58.57,27,119,57,28,159,51.46,175,662,568,1202,219.3,27,3,1732,36,1,1,Brian De Keersmaecker,Heracles Almelo,981222,2977
88,3,50.0,229,121,47.83,714,1426,2137,88.71,87,54.04,74,34,1,0,0,0,137,4,2,6,8,242,34,0,0,6,9,116,0,2,2.0,1.72,26,0,0.0,55,0,1,55,43,12,0,0,,53,55.79,0,0,1,272,28,15,0,34,3047,0,,0,0,0,1,0,0,0,0,0,313,3,0,7.07,0,0,0,0,0,0,0,0,0.0,0.0,0,23,3,11,9,5,62.5,0,30,15,50.0,15,157,8,6,140,54.69,253,886,1529,2409,240.5,26,2,2918,18,2,0,Joris Kramer,Go Ahead Eagles,793742,2979
8,13,28.89,128,17,40.48,239,154,380,78.03,13,44.83,16,18,3,0,0,0,62,2,5,9,2,21,18,0,0,16,12,64,0,0,1.91,3.52,10,0,9.38,0,3,6,13,10,3,2,1,,51,51.52,0,0,2,107,10,21,1,17,1407,2,,0,0,0,0,0,0,0,0,0,207,8,0,7.07,0,2,0,0,0,0,0,0,469.0,0.0,1,20,12,9,14,8,42.11,0,22,14,63.64,21,25,19,45,64,50.0,42,351,181,487,127.3,32,1,770,21,0,0,Kristian Hlynsson,Sparta Rotterdam,1160026,2960
11,5,13.16,309,8,42.11,465,117,577,82.08,25,59.52,17,32,5,0,0,0,75,7,8,25,0,15,32,0,0,36,9,128,0,2,4.12,8.25,21,0,9.38,0,6,11,15,12,3,5,1,,88,44.22,0,0,3,126,8,31,6,20,1724,6,,0,0,0,0,0,0,0,0,0,309,21,0,7.07,0,0,0,0,0,0,0,0,287.33,0.0,4,51,13,18,21,39,45.88,0,17,10,58.82,31,27,85,38,113,46.89,19,605,136,703,226.3,64,1,1133,34,1,0,Bertrand Traoré,AFC Ajax,218160,2953
33,11,30.56,265,33,44.59,398,129,516,71.57,32,40.51,47,32,6,0,0,0,99,10,6,12,2,25,32,0,0,29,46,163,0,1,4.73,4.83,19,0,6.25,0,3,9,35,32,3,3,0,,114,49.57,1,0,0,205,8,39,1,27,2188,5,,0,0,0,0,0,0,0,0,1,331,28,0,7.07,0,1,0,0,0,0,0,0,729.33,0.0,1,29,19,19,17,15,40.54,0,57,36,63.16,39,79,37,36,146,47.25,74,589,168,721,226.3,48,1,1174,42,4,0,Daan Rots,FC Twente,1048430,2955
47,0,0.0,114,74,45.96,460,849,1309,87.38,70,62.5,42,27,0,0,0,0,102,0,2,0,5,198,27,0,0,2,5,71,0,1,0.77,0.58,24,0,0.0,10,0,0,32,29,3,0,0,,38,56.72,0,0,0,189,19,9,0,27,2319,1,,0,0,0,0,0,0,0,0,0,203,0,0,7.07,0,0,0,0,0,0,0,0,0.0,0.0,0,7,0,3,4,3,75.0,0,20,12,60.0,9,86,4,1,108,60.34,161,581,918,1498,190.9,7,1,1851,15,1,0,Simon Graves,PEC Zwolle,927155,2971
37,0,0.0,14,114,37.62,59,515,574,74.16,1,100.0,0,19,0,0,0,0,159,0,0,0,2,9,19,0,0,0,0,1,3,0,0.07,,1,0,0.0,58,0,0,33,30,3,0,0,3.96,3,75.0,0,11,0,200,0,0,0,18,1694,0,,1,0,0,1,0,3,0,0,0,205,0,4,7.07,0,0,14,47,25,73,0,16,0.0,0.0,0,0,0,0,0,0,0.0,14,0,0,0.0,0,69,0,0,4,80.0,303,200,574,774,134.3,0,2,955,3,1,0,Mickey van der Hart,SC Heerenveen,242313,2964
45,0,0.0,111,307,39.51,235,509,744,61.13,7,87.5,1,34,1,0,0,0,217,0,0,0,6,29,34,0,0,0,3,5,0,1,0.45,,1,0,0.0,250,0,1,63,53,10,0,0,-4.53,5,55.56,0,10,0,473,0,4,0,34,3060,0,,0,0,0,1,0,6,0,0,0,479,0,15,7.06,0,0,10,81,45,129,0,21,0.0,0.0,0,0,0,0,0,0,0.0,9,1,0,0.0,4,70,0,0,12,70.59,777,640,577,1217,240.2,0,1,1491,5,1,0,Fabian De Keijzer,Heracles Almelo,856743,2977
42,0,0.0,82,79,44.38,342,850,1192,86.75,38,38.0,62,26,0,0,0,0,86,1,1,2,5,161,25,0,0,6,11,110,0,1,0.59,0.66,26,0,0.0,7,0,0,26,21,5,0,0,,79,62.2,0,0,0,182,34,5,0,24,2175,0,,0,0,0,1,0,0,0,0,0,214,2,0,7.06,1,0,0,0,0,0,0,0,0.0,0.0,0,3,2,2,1,0,0.0,0,68,39,57.35,5,87,6,5,117,51.54,178,472,907,1374,176.6,5,0,1793,12,3,1,Marvin Young,Sparta Rotterdam,1648759,2960
33,9,19.57,318,43,58.9,628,303,922,82.17,7,30.43,16,32,7,0,0,0,151,13,1,11,1,16,32,0,1,47,12,149,0,0,4.72,3.14,16,0,3.92,0,2,9,42,36,6,2,0,,113,45.93,0,0,2,200,9,41,1,31,2608,7,,0,1,0,0,0,0,0,0,1,422,34,0,7.06,1,1,0,0,0,0,0,0,1304.0,0.0,0,22,29,17,23,67,53.17,0,18,12,66.67,40,70,126,46,120,44.61,73,831,337,1122,226.0,51,2,1662,28,4,0,Luciano Valente,FC Groningen,1121400,2951
38,6,18.18,359,59,67.82,660,407,1061,88.94,6,42.86,8,33,2,0,0,0,129,4,3,16,4,28,33,0,0,43,15,113,0,1,3.07,2.28,10,0,12.9,0,4,6,54,43,11,3,1,,145,58.0,0,0,0,132,13,32,1,33,2906,0,,0,0,0,0,0,0,0,0,0,297,18,0,7.06,0,3,0,0,0,0,0,0,726.5,0.0,1,12,19,3,12,69,64.49,0,22,12,54.55,32,58,107,33,151,57.2,87,794,432,1193,233.0,31,0,1673,54,2,0,Ringo Meerveld,Willem II Tilburg,992018,2961
9,2,9.52,141,10,52.63,251,142,391,70.96,73,41.95,101,30,0,0,0,0,41,3,4,12,4,40,30,0,0,14,7,160,0,0,2.31,8.81,29,0,28.26,0,13,13,42,38,4,12,1,,51,46.36,0,0,0,160,5,20,5,29,2523,2,,0,0,3,0,100,0,3,0,0,259,14,0,7.06,0,8,0,0,0,0,0,0,194.08,0.0,1,36,10,13,21,7,35.0,0,17,9,52.94,20,13,20,21,124,43.66,19,395,177,551,211.8,46,2,859,28,3,0,Dylan Vente,PEC Zwolle,825843,2971
33,0,0.0,96,80,49.69,329,577,906,85.07,60,62.5,36,20,1,0,0,0,96,2,3,3,4,115,20,0,0,3,10,62,0,0,1.03,1.42,13,0,10.0,17,1,2,26,23,3,1,0,,48,64.86,1,0,0,159,16,8,0,15,1456,0,,0,0,0,0,0,0,0,0,1,170,0,0,7.06,0,0,0,0,0,0,0,0,1456.0,0.0,0,10,0,3,4,4,80.0,0,33,22,66.67,8,70,5,0,108,63.53,161,436,629,1065,141.2,10,3,1315,14,3,0,Gustaf Lagerbielke,FC Twente,965263,2955
17,60,28.71,107,24,34.29,292,183,415,71.55,15,41.67,21,29,5,0,0,0,46,15,0,11,3,46,29,0,0,8,22,83,0,0,5.08,2.07,20,0,6.25,0,2,7,23,20,3,2,0,,65,51.18,0,0,1,165,23,45,2,19,1809,2,,1,0,1,0,100,0,1,0,0,388,2,0,7.06,0,0,0,0,0,0,0,0,904.5,0.0,5,10,22,11,10,9,40.91,0,50,30,60.0,45,42,22,209,80,49.08,70,552,237,580,204.7,32,1,1181,6,1,0,Thomas Ouwejan,NEC Nijmegen,798180,2962
12,6,23.08,115,15,71.43,190,53,237,82.87,4,44.44,5,12,3,0,0,0,28,5,2,4,0,1,12,0,0,11,2,36,0,0,1.77,1.5,9,0,7.69,0,1,4,7,6,1,0,1,,19,38.0,0,0,0,49,1,17,1,6,626,1,,0,0,0,0,0,0,0,0,0,103,8,0,7.06,0,0,0,0,0,0,0,0,626.0,0.0,1,6,7,4,5,5,35.71,0,7,3,42.86,17,21,14,26,23,38.98,21,259,53,286,84.7,13,1,405,7,2,0,Calvin Stengs,Feyenoord,857480,2959
34,1,14.29,248,22,55.0,458,349,806,86.85,31,51.67,29,31,2,0,0,0,95,6,1,4,7,48,31,0,0,6,18,82,0,2,2.96,4.35,20,0,36.36,1,8,10,22,17,5,8,0,,61,53.51,2,0,1,122,16,21,0,24,2182,1,,0,0,1,0,100,0,1,0,0,164,9,0,7.06,0,6,0,0,0,0,0,0,272.75,0.0,0,19,3,5,13,7,41.18,0,34,10,29.41,21,55,17,7,92,52.87,40,548,387,928,218.8,22,2,1207,20,0,0,Davy Klaassen,AFC Ajax,97410,2953
22,1,20.0,106,76,33.78,340,913,1252,81.67,99,55.62,79,31,0,0,0,0,104,3,1,2,10,221,31,0,1,9,9,120,1,1,2.11,1.51,25,0,17.65,4,3,3,42,39,3,3,0,,59,59.0,3,0,0,281,26,9,0,31,2746,0,,0,0,0,0,0,0,0,0,0,318,2,0,7.06,1,0,0,0,0,0,0,0,915.33,0.0,0,17,0,6,9,2,66.67,0,51,29,56.86,9,69,3,5,158,56.83,225,559,979,1533,218.8,17,4,1985,6,5,0,Rodrigo Guth,Fortuna Sittard,905458,2957
3,1,16.67,84,6,75.0,128,71,198,60.74,100,64.1,56,24,2,0,0,0,37,3,10,4,0,10,24,0,0,23,3,120,0,0,0.87,7.03,23,0,23.08,0,9,11,30,26,4,8,1,,31,32.63,3,0,2,128,4,17,0,15,1455,8,,0,0,0,0,0,0,0,0,0,210,11,0,7.05,0,6,0,0,0,0,0,0,161.67,0.0,0,36,3,15,20,8,33.33,0,12,8,66.67,17,7,24,6,131,52.19,8,238,94,326,169.3,39,2,541,12,0,0,Luka Kulenović,Heracles Almelo,998999,2977
3,1,20.0,89,2,40.0,129,37,165,67.62,56,66.67,28,27,0,0,0,0,24,1,4,1,0,5,26,0,0,4,5,60,0,0,0.89,4.44,11,0,24.32,0,9,9,15,14,1,9,0,,37,53.62,3,0,1,79,1,13,6,8,926,5,,0,0,0,0,0,0,0,0,0,141,9,0,7.05,0,0,0,0,0,0,0,0,102.89,0.0,1,29,8,17,19,11,44.0,0,9,4,44.44,13,6,25,5,93,60.78,5,198,51,244,183.4,37,0,425,18,2,0,Mexx Meerdink,AZ Alkmaar,1153117,2950
61,0,0.0,29,186,31.9,90,520,610,59.98,16,100.0,0,30,2,0,0,0,281,2,0,0,6,28,30,0,0,0,2,2,3,2,0.07,,0,0,0.0,186,0,2,45,41,4,0,0,5.65,7,77.78,0,32,0,407,0,2,0,30,2700,0,,1,0,0,0,0,5,0,0,0,419,0,14,7.05,0,0,8,64,35,100,0,22,0.0,0.0,0,0,0,0,0,0,0.0,8,0,0,0.0,2,92,0,0,23,92.0,583,396,621,1017,211.6,0,4,1365,7,0,0,Jasper Schendelaar,PEC Zwolle,856636,2971
67,0,0.0,172,101,50.75,484,827,1311,87.46,32,54.24,27,26,3,0,0,0,95,2,1,0,7,97,26,0,1,2,12,66,0,3,0.89,0.45,21,0,12.5,5,1,4,22,21,1,1,0,,62,61.39,0,0,0,188,24,8,0,23,2056,2,,0,0,0,0,0,0,0,0,0,209,1,0,7.05,1,1,0,0,0,0,0,0,2056.0,0.0,0,7,1,4,4,5,55.56,0,27,11,40.74,8,134,9,2,94,58.75,199,626,875,1499,183.3,8,1,1779,34,9,0,Wouter Goes,AZ Alkmaar,1145982,2950
15,0,0.0,295,15,60.0,560,292,852,90.45,24,57.14,18,18,2,0,0,0,81,1,1,2,1,13,18,0,0,11,7,51,1,0,2.01,0.85,11,0,14.29,1,1,3,19,18,1,1,0,,40,54.79,0,0,0,90,9,23,0,15,1297,0,,0,0,0,0,0,0,0,0,0,119,9,0,7.05,0,1,0,0,0,0,0,0,1297.0,0.0,0,5,2,1,4,11,73.33,0,15,7,46.67,23,24,15,1,64,55.65,25,633,310,942,126.9,7,1,1073,15,1,0,Jerdy Schouten,PSV Eindhoven,844234,2952
25,19,13.67,217,33,45.83,423,385,789,85.39,28,62.22,17,25,4,0,0,0,73,12,2,6,7,44,25,0,1,15,6,62,0,0,4.14,1.72,13,0,15.0,0,3,7,21,18,3,2,1,,47,51.09,0,0,0,135,13,26,0,19,1790,2,,0,0,0,0,0,0,0,0,0,322,7,0,7.05,1,3,0,0,0,0,0,0,596.67,0.0,3,9,11,6,8,5,31.25,0,31,18,58.06,26,55,16,139,75,54.74,72,642,421,924,176.2,20,2,1437,11,5,0,Anton Gaaei,AFC Ajax,1120315,2953
16,0,0.0,40,25,53.19,205,383,588,89.77,50,70.42,21,15,0,0,0,0,25,0,0,4,3,55,13,0,0,0,1,29,0,1,0.32,0.32,10,0,0.0,2,0,0,2,1,1,0,0,,11,57.89,0,0,0,67,13,1,0,7,727,1,,0,0,0,0,0,0,0,0,0,73,0,0,7.05,0,0,0,0,0,0,0,0,0.0,0.0,0,5,1,2,0,0,0.0,0,9,2,22.22,1,30,0,1,61,67.78,47,245,411,655,91.6,6,0,763,2,1,0,Daniele Rugani,AFC Ajax,139273,2953
77,0,0.0,155,122,51.91,662,1127,1789,89.76,52,47.27,58,31,0,0,0,0,96,1,2,3,10,145,31,0,0,0,10,84,0,2,0.77,1.18,15,0,0.0,19,0,0,28,24,4,0,0,,44,62.86,0,0,0,204,37,8,0,31,2597,0,,0,0,0,0,0,0,0,0,0,219,0,0,7.04,1,0,0,0,0,0,0,0,0.0,0.0,0,14,2,8,5,3,60.0,0,22,15,68.18,8,143,5,5,96,53.33,235,796,1202,1993,218.3,16,1,2318,20,3,1,Alexandre Penetra,AZ Alkmaar,1004278,2950
24,0,0.0,211,32,68.09,395,339,734,84.17,28,56.0,22,24,2,0,0,0,73,3,5,6,4,37,24,0,0,12,14,93,0,0,1.17,3.48,38,0,10.71,0,3,5,33,31,2,3,0,,61,46.21,2,0,3,138,23,19,0,23,1911,1,,0,0,0,0,0,0,0,0,1,200,10,0,7.04,0,1,0,0,0,0,0,0,637.0,0.0,0,23,5,10,12,13,61.9,0,33,18,54.55,19,43,21,8,89,48.9,47,508,372,872,168.9,28,0,1165,15,5,0,Luuk Brouwers,SC Heerenveen,794014,2964
66,0,0.0,30,173,43.03,96,761,857,78.26,4,66.67,2,29,1,0,0,0,299,2,0,0,10,35,29,1,0,0,2,4,2,1,0.06,,0,0,0.0,96,0,1,28,24,4,0,0,3.99,4,66.67,0,14,0,238,0,3,0,29,2610,0,,0,0,0,0,0,2,0,1,0,240,0,11,7.03,0,0,31,51,20,71,1,7,0.0,0.0,0,0,0,0,0,0,0.0,30,0,0,0.0,3,91,0,0,8,66.67,402,270,825,1095,204.0,0,4,1364,4,2,0,Timon Wellenreuther,Feyenoord,253875,2959
19,8,13.33,171,26,60.47,312,139,443,82.8,3,33.33,6,18,2,0,0,0,62,3,3,14,0,13,18,0,1,23,15,81,0,1,2.39,2.93,14,0,9.52,0,4,6,16,16,0,3,1,,50,40.0,0,0,2,92,6,23,4,13,1127,1,,0,1,0,0,0,0,0,0,0,213,9,0,7.03,1,0,0,0,0,0,0,0,281.75,0.0,1,17,25,12,16,20,45.45,0,17,10,58.82,22,39,44,60,53,39.55,43,441,154,535,126.6,42,1,831,13,1,0,Younes Namli,PEC Zwolle,235538,2971
11,4,13.79,180,27,55.1,334,313,643,86.77,10,58.82,7,18,2,0,0,0,90,0,0,3,4,19,18,0,0,12,9,52,1,0,1.34,0.71,9,0,18.18,0,2,4,18,16,2,2,0,,63,58.33,0,0,0,98,16,17,2,15,1286,1,,0,0,0,0,0,0,0,0,0,196,4,0,7.03,0,0,0,0,0,0,0,0,643.0,0.0,0,5,6,2,6,14,48.28,0,33,19,57.58,17,26,29,29,73,58.4,49,421,349,741,126.6,11,2,1069,16,1,0,Anass Salah-Eddine,FC Twente,961684,2955
45,0,0.0,224,71,39.44,604,965,1569,86.21,53,58.89,37,33,1,0,0,0,111,1,6,1,9,159,33,0,1,4,10,70,1,1,1.51,3.5,19,0,21.43,9,3,4,43,38,5,3,0,,68,67.33,3,0,0,251,29,7,0,33,2951,0,,0,0,0,0,0,0,0,0,0,279,2,0,7.03,1,0,0,0,0,0,0,0,983.67,0.0,0,14,0,6,7,5,71.43,0,52,31,59.62,7,98,7,2,121,63.35,180,776,1046,1820,232.0,14,0,2219,11,2,0,Nick Viergever,FC Utrecht,46900,2948
28,2,25.0,184,52,68.42,386,357,741,88.96,3,33.33,6,18,0,0,0,0,100,2,0,8,2,19,18,0,0,8,11,39,0,0,1.84,0.55,9,0,6.25,0,1,1,24,21,3,0,1,,58,63.74,0,0,1,92,18,16,1,18,1456,0,,0,0,0,0,0,0,0,0,0,134,5,0,7.03,0,0,0,0,0,0,0,0,1456.0,0.0,0,1,15,3,5,13,72.22,0,22,15,68.18,16,52,18,8,61,61.0,76,462,379,833,126.5,16,1,1010,23,3,0,Zidane Iqbal,FC Utrecht,1014225,2948
20,0,0.0,39,31,53.45,128,250,378,86.5,28,73.68,10,12,0,0,0,0,25,0,0,0,1,47,11,0,0,1,4,22,1,0,0.13,0.31,7,0,20.0,2,1,1,9,8,1,1,0,,19,61.29,1,0,0,59,6,0,0,6,590,0,,0,0,0,0,0,0,0,0,0,65,1,0,7.03,0,0,0,0,0,0,0,0,590.0,0.0,0,4,1,4,1,1,50.0,0,15,10,66.67,0,34,2,0,47,68.12,58,166,271,437,77.3,5,0,551,3,1,0,Teo Quintero,Sparta Rotterdam,966299,2960
14,2,9.09,244,22,70.97,382,123,503,80.74,6,42.86,8,29,2,0,0,0,63,4,4,15,0,9,29,0,0,36,12,129,0,1,3.38,4.55,14,0,8.0,0,4,6,17,13,4,4,0,,106,46.7,0,0,1,120,5,20,0,20,1653,8,,0,0,0,0,0,0,0,0,0,287,12,0,7.02,0,4,0,0,0,0,0,0,413.25,0.0,0,38,12,20,15,54,47.79,0,25,12,48.0,20,30,113,22,112,46.47,31,505,140,623,203.7,50,2,1029,27,2,0,Mika Godts,AFC Ajax,1149146,2953
14,9,40.91,105,21,67.74,255,224,470,89.52,3,33.33,6,12,2,0,0,0,24,3,0,1,1,12,12,0,0,3,6,25,0,0,2.0,0.04,9,0,0.0,0,0,2,7,7,0,0,0,,19,50.0,0,0,0,55,4,14,0,7,687,0,,0,2,0,0,0,0,0,0,0,82,3,0,7.02,0,0,0,0,0,0,0,0,0.0,0.0,0,1,0,0,0,1,50.0,0,17,12,70.59,12,29,2,22,22,46.81,31,308,239,525,84.2,1,0,671,1,1,0,Rick Karsdorp,PSV Eindhoven,363792,2952
27,0,0.0,45,207,42.24,143,402,545,65.58,6,75.0,2,24,0,0,0,0,196,0,0,0,4,19,24,0,0,0,0,2,1,0,0.08,,0,0,0.0,191,0,0,48,42,6,0,0,-2.51,3,100.0,0,13,0,286,0,0,0,24,2160,0,,0,0,0,0,0,2,0,0,0,295,0,10,7.02,0,0,10,54,33,87,0,18,0.0,0.0,0,0,0,0,0,0,0.0,10,1,0,0.0,0,42,0,0,9,81.82,490,379,452,831,168.4,0,1,1070,3,0,0,Jeroen Houwen,RKC Waalwijk,339367,2956
32,0,0.0,163,53,55.21,570,820,1390,91.21,49,53.85,42,25,1,0,0,0,98,0,2,4,4,67,25,0,0,2,4,66,2,0,0.86,0.82,15,0,10.0,6,1,2,17,14,3,1,0,,35,59.32,0,0,0,134,31,5,1,18,1695,2,,0,0,0,0,0,0,0,0,0,153,1,0,7.01,0,0,0,0,0,0,0,0,1695.0,0.0,0,8,2,3,3,6,60.0,0,20,15,75.0,5,65,10,3,84,56.0,96,657,870,1524,175.3,10,1,1737,9,1,0,Thomas Beelen,Feyenoord,1127916,2959
9,15,30.0,96,25,56.82,226,201,412,85.3,12,60.0,8,13,2,0,0,0,28,1,0,1,0,20,12,0,0,3,7,27,0,0,1.37,0.15,8,0,0.0,0,0,2,13,11,2,0,0,,28,59.57,0,0,0,71,12,18,0,9,850,0,,0,0,0,0,0,0,0,0,0,121,2,0,7.01,0,0,0,0,0,0,0,0,0.0,0.0,1,0,4,1,2,2,66.67,0,18,12,66.67,18,31,3,50,40,59.7,44,308,225,483,84.1,4,0,661,8,1,0,Julian Baas,Sparta Rotterdam,1046143,2960
34,5,9.09,257,95,43.58,475,502,972,77.14,43,51.19,41,34,1,0,0,0,112,4,2,10,9,105,34,0,0,12,16,113,0,1,1.99,4.77,36,0,11.11,0,4,5,55,43,12,3,1,,125,63.45,0,0,1,288,15,19,0,34,3060,2,,0,1,2,0,100,0,2,0,1,418,6,0,7.01,0,4,0,0,0,0,0,0,765.0,0.0,2,27,9,14,12,13,56.52,0,50,34,68.0,18,103,23,55,168,59.79,218,726,589,1260,238.2,36,2,2016,65,2,0,Mats Deijl,Go Ahead Eagles,794013,2979
73,2,33.33,180,125,48.08,506,1003,1507,85.48,114,61.96,70,34,0,0,0,0,130,1,1,2,6,208,34,0,0,3,22,123,1,0,1.11,1.66,28,0,9.09,3,2,2,61,51,10,2,0,,57,51.82,1,0,0,256,33,8,0,34,3016,0,,0,0,0,1,0,0,0,0,0,282,3,0,7.01,0,1,0,0,0,0,0,0,1508.0,0.0,0,20,2,15,5,3,60.0,0,45,28,62.22,8,126,5,6,171,58.16,260,684,1085,1763,238.2,22,1,2219,10,3,0,Damon Mirani,Heracles Almelo,318575,2977
31,0,0.0,135,46,58.23,433,600,1033,90.14,47,55.29,38,19,0,0,0,0,53,1,0,6,2,74,19,0,0,1,4,64,1,1,0.95,1.01,23,0,0.0,1,0,0,22,20,2,0,0,,26,50.0,0,0,2,113,34,5,0,16,1393,0,,0,0,0,1,0,0,0,0,0,116,1,0,7.01,0,0,0,0,0,0,0,0,0.0,0.0,0,12,2,5,3,0,0.0,0,18,8,44.44,5,57,0,0,73,53.28,79,508,638,1146,133.1,14,1,1349,9,5,0,Gernot Trauner,Feyenoord,121588,2959
34,17,24.64,224,39,30.23,413,303,699,72.29,68,61.82,42,29,3,0,0,0,130,6,3,2,3,80,29,0,0,11,13,113,0,0,3.66,1.13,40,0,7.14,0,1,4,42,39,3,1,0,,89,55.63,1,0,0,268,28,20,0,28,2410,1,,0,0,0,1,0,0,0,0,0,421,5,0,7.0,0,0,0,0,0,0,0,0,2410.0,0.0,0,12,2,4,8,11,52.38,0,45,25,55.56,20,78,21,69,157,58.15,129,659,377,967,203.1,14,0,1623,34,9,0,Boy Kemper,NAC Breda,858242,2947
37,8,21.05,233,28,57.14,340,181,513,70.95,26,30.23,60,34,6,0,0,0,74,11,17,18,4,16,34,0,0,33,8,159,0,0,5.62,10.48,38,0,11.76,0,8,14,48,38,10,7,1,,43,30.28,0,0,4,210,4,44,1,32,2749,8,,0,0,0,0,0,0,0,0,0,350,9,0,7.0,0,7,0,0,0,0,0,0,343.63,0.0,0,53,15,24,26,14,41.18,0,10,8,80.0,44,73,34,38,69,30.26,49,546,215,723,238.1,68,2,1066,19,4,0,Victor Edvardsen,Go Ahead Eagles,841420,2979
9,6,15.79,216,8,47.06,367,141,502,82.7,5,20.0,20,25,3,0,0,0,81,6,3,22,3,16,25,0,0,8,27,89,0,0,3.78,3.98,9,0,12.0,0,6,9,35,33,2,4,2,,49,41.53,0,0,4,105,16,25,6,20,1747,5,,0,0,0,0,0,0,0,0,0,209,10,0,7.0,0,0,0,0,0,0,0,0,291.17,0.0,1,33,17,11,17,13,33.33,0,27,16,59.26,25,22,39,38,54,37.76,17,484,161,607,175.0,50,1,923,9,0,0,Jacob Trenskow,SC Heerenveen,1015627,2964
6,2,14.29,53,6,50.0,80,32,110,77.46,0,0.0,2,17,2,0,0,0,29,2,0,5,0,1,16,0,0,6,1,24,0,0,1.69,0.84,5,0,18.75,0,3,5,9,9,0,1,2,,34,60.71,0,0,0,32,2,12,0,2,463,0,,0,0,0,0,0,0,0,0,0,75,2,0,7.0,0,3,0,0,0,0,0,0,154.33,0.0,0,8,8,5,6,7,41.18,0,15,7,46.67,12,10,17,14,34,58.62,12,113,43,142,112.0,16,1,258,12,1,0,Adrian Blake,FC Utrecht,1214695,2948
0,0,0.0,8,0,0.0,9,4,13,72.22,0,0.0,3,3,1,0,0,0,0,0,0,0,0,0,2,0,0,2,1,9,0,0,0.39,0.03,2,0,0.0,0,0,1,1,1,0,0,0,,6,50.0,0,0,0,5,0,2,0,1,69,0,,0,0,0,0,0,0,0,0,1,14,0,0,7.0,0,0,0,0,0,0,0,0,0.0,0.0,0,1,0,1,0,1,50.0,0,1,0,0.0,2,1,2,0,6,40.0,0,14,4,18,14.0,1,0,39,4,0,0,Don-Angelo Konadu,AFC Ajax,1403073,2953
2,1,100.0,23,3,42.86,54,48,101,82.11,3,75.0,1,2,0,0,0,0,5,0,0,2,1,5,2,0,0,0,0,5,0,0,0.3,0.07,3,0,0.0,0,0,0,2,2,0,0,0,,5,55.56,0,0,0,22,1,2,0,2,180,0,,0,0,0,0,0,0,0,0,0,24,1,0,7.0,0,0,0,0,0,0,0,0,0.0,0.0,0,0,2,0,0,3,75.0,0,1,1,100.0,2,3,4,1,8,61.54,7,71,53,123,14.0,2,0,148,1,1,0,Sivert Mannsverk,AFC Ajax,900111,2953
4,0,0.0,27,6,54.55,77,81,158,95.18,9,64.29,5,6,0,0,0,0,13,1,0,0,0,11,4,0,0,0,0,8,0,0,0.24,0.04,3,0,0.0,1,0,0,1,1,0,0,0,,7,70.0,0,0,0,8,1,1,0,1,166,0,,0,0,0,0,0,0,0,0,0,9,0,0,7.0,0,0,0,0,0,0,0,0,0.0,0.0,0,1,0,1,0,0,0.0,0,5,3,60.0,1,8,0,0,16,66.67,11,83,83,166,28.0,1,0,198,2,0,0,Adamo Nagalo,PSV Eindhoven,1108094,2952
8,9,20.45,177,49,54.44,397,408,796,86.05,20,43.48,26,26,0,0,0,0,115,0,0,5,5,91,25,0,0,3,36,96,0,0,0.99,0.67,18,0,8.33,0,1,1,29,22,7,1,0,,81,53.64,0,0,0,129,29,12,0,24,2147,1,,0,0,0,1,0,0,0,0,0,230,3,0,7.0,0,1,0,0,0,0,0,0,2147.0,0.0,0,4,8,4,3,16,53.33,0,58,35,60.34,12,17,30,44,101,51.27,90,517,452,925,174.9,12,2,1466,7,3,0,Saïd Bakari,Sparta Rotterdam,896210,2960
43,1,11.11,82,93,46.5,246,497,742,79.61,39,53.42,34,24,0,0,0,0,90,0,1,0,4,131,24,0,1,1,11,80,0,1,0.41,0.63,31,0,9.09,3,1,1,32,26,6,1,0,,48,51.06,1,0,0,190,47,5,0,23,1965,1,,0,0,0,0,0,0,0,0,0,218,3,0,7.0,1,0,0,0,0,0,0,0,1965.0,0.0,0,9,2,7,4,7,70.0,0,27,21,77.78,5,90,10,9,87,52.1,200,393,548,932,167.9,11,1,1277,15,5,0,Ricardo Visus,Almere City FC,1046322,2990
23,1,33.33,161,45,60.81,413,380,792,86.84,38,65.52,20,23,0,0,0,0,95,0,0,5,4,42,23,0,0,18,15,78,0,1,0.79,0.77,18,0,0.0,1,0,0,25,23,2,0,0,,79,57.66,0,0,0,120,21,9,0,21,1749,0,,0,1,0,1,0,0,0,0,0,174,8,0,6.99,0,0,0,0,0,0,0,0,0.0,0.0,0,4,8,3,4,10,58.82,0,57,34,59.65,8,35,17,3,117,60.0,74,505,410,912,160.7,12,0,1209,13,5,0,Amine Lachkar,Willem II Tilburg,1418129,2961
60,0,0.0,70,284,36.22,198,452,650,55.75,9,81.82,2,32,0,0,0,0,340,0,0,0,7,22,32,0,0,0,2,5,1,3,0.15,0.01,0,0,0.0,196,0,0,50,44,6,0,0,-1.21,15,83.33,0,33,0,516,0,1,0,32,2880,0,,0,0,0,0,0,6,0,1,0,528,0,9,6.98,0,0,18,59,33,94,2,23,0.0,0.0,1,0,1,1,0,3,75.0,17,4,2,50.0,1,101,4,0,24,82.76,784,620,546,1166,223.5,1,0,1465,9,5,0,Etienne Vaessen,FC Groningen,809408,2951
17,11,36.67,221,35,49.3,427,308,724,83.89,27,54.0,23,23,1,0,0,0,75,6,1,8,5,27,23,0,0,8,11,82,0,0,3.0,1.5,30,0,5.26,0,1,2,23,19,4,1,0,,60,50.42,0,0,1,139,18,22,0,17,1466,0,,0,0,0,0,0,0,0,0,1,205,6,0,6.98,0,1,0,0,0,0,0,0,1466.0,0.0,0,9,10,6,5,6,37.5,0,30,16,53.33,22,35,16,30,87,51.48,71,544,349,863,160.6,19,1,1128,25,3,0,Youri Regeer,AFC Ajax,996940,2953
46,1,20.0,142,101,46.54,396,1056,1451,86.78,39,54.93,32,33,0,0,0,0,120,0,0,7,6,254,33,0,0,6,10,90,0,0,1.33,0.98,39,0,4.76,41,1,1,62,52,10,1,0,,61,51.26,0,0,0,221,36,3,0,33,2910,5,,1,0,0,0,0,0,0,0,0,255,3,0,6.98,0,0,0,0,0,0,0,0,2910.0,0.0,0,16,5,12,2,7,58.33,0,28,16,57.14,3,94,12,5,100,52.63,217,542,1135,1672,230.4,21,2,2187,26,9,0,Ivan Mesík,Heracles Almelo,918484,2977
10,35,23.18,124,7,53.85,249,98,312,81.25,2,14.29,12,29,2,0,0,0,63,4,1,15,2,4,29,0,0,11,7,77,0,0,4.46,3.36,5,0,6.38,0,3,5,25,19,6,2,1,,63,49.22,0,0,2,72,6,33,1,23,1936,9,,0,1,0,0,0,0,0,0,0,291,18,0,6.98,0,2,0,0,0,0,0,0,645.33,0.0,0,34,13,11,21,30,41.67,0,19,11,57.89,32,15,72,151,65,45.77,13,418,117,384,202.3,47,0,827,14,0,0,Mitchell Van Bergen,Sparta Rotterdam,827662,2960
33,25,32.47,226,47,70.15,392,162,529,82.4,12,41.38,17,30,2,0,0,0,86,6,2,10,1,12,29,0,0,26,13,99,0,1,3.22,2.14,19,0,5.56,0,2,4,30,23,7,1,1,,84,50.6,0,0,2,113,8,32,0,14,1614,1,,0,0,0,1,0,0,0,0,0,268,12,0,6.98,0,2,0,0,0,0,0,0,807.0,0.0,0,17,19,10,16,29,53.7,0,34,20,58.82,32,44,54,77,96,49.23,67,531,188,642,202.3,36,1,1042,21,1,0,Mohamed Nassoh,Sparta Rotterdam,1088895,2960
13,11,20.0,182,17,45.95,283,132,404,75.51,12,30.77,27,20,2,0,0,0,79,3,3,5,0,11,20,0,0,20,19,100,0,0,2.75,3.23,12,0,15.15,0,5,7,23,19,4,1,4,,46,38.66,0,0,0,131,15,24,3,15,1386,4,,0,0,0,0,0,0,0,0,0,277,9,0,6.98,0,2,0,0,0,0,0,0,277.2,0.0,3,14,19,11,17,20,46.51,0,18,12,66.67,24,26,43,55,58,36.71,37,432,158,535,139.5,33,1,862,9,2,0,Camiel Neghli,Sparta Rotterdam,1089021,2960
10,0,0.0,64,20,54.05,194,268,462,92.22,10,40.0,15,8,0,0,0,0,18,0,1,0,1,32,8,0,0,4,3,32,0,0,0.45,0.39,12,0,0.0,0,0,0,7,6,1,0,0,,25,59.52,0,0,0,39,3,4,0,7,566,0,,0,0,0,0,0,0,0,0,0,49,3,0,6.98,0,0,0,0,0,0,0,0,0.0,0.0,0,2,2,3,1,3,75.0,0,15,6,40.0,4,19,4,1,35,52.24,37,220,282,501,55.8,4,0,595,7,2,0,Ahmetcan Kaplan,AFC Ajax,1064177,2953
0,2,33.33,11,1,50.0,20,14,32,84.21,0,0.0,0,4,0,0,0,0,8,2,0,0,0,2,4,0,0,6,3,19,0,0,0.32,0.04,5,0,0.0,0,0,0,2,2,0,0,0,,16,45.71,0,0,0,6,2,6,0,1,177,0,,0,0,0,0,0,0,0,0,0,32,2,0,6.98,0,0,0,0,0,0,0,0,0.0,0.0,0,1,0,0,1,4,44.44,0,7,4,57.14,6,2,9,6,16,45.71,2,27,17,38,27.9,1,0,104,5,0,0,Joel Ideho,Sparta Rotterdam,1049063,2960
57,10,27.78,141,92,49.73,485,687,1162,81.6,107,57.53,79,30,1,0,0,0,117,3,1,1,7,129,30,0,0,10,29,145,2,2,1.56,1.41,18,0,14.29,0,2,3,46,42,4,2,0,,74,52.86,1,0,0,262,54,13,0,30,2593,0,,0,0,0,0,0,0,0,0,0,377,3,0,6.97,1,1,0,0,0,0,0,0,1296.5,0.0,0,12,2,8,5,10,47.62,0,49,39,79.59,13,111,21,36,181,55.52,185,698,762,1424,209.2,14,2,2015,16,2,1,Marco Rente,FC Groningen,827103,2951
11,0,0.0,97,8,44.44,163,77,240,66.48,59,46.46,68,26,1,0,0,0,50,2,7,7,3,35,26,0,0,15,15,149,0,0,1.3,5.48,42,0,18.42,0,7,8,25,21,4,6,1,,49,37.69,0,0,1,121,7,12,0,16,1602,14,,0,0,1,0,100,0,1,0,0,187,9,0,6.97,0,7,0,0,0,0,0,0,228.86,0.0,0,35,3,11,20,3,25.0,0,26,20,76.92,12,25,12,5,108,42.02,18,270,96,361,181.3,38,0,630,21,3,0,Ricky van Wolfswinkel,FC Twente,35193,2955
44,5,22.73,157,117,56.52,483,865,1343,87.95,63,49.61,64,33,0,0,0,0,159,0,1,1,5,148,33,0,0,15,24,131,1,0,1.01,0.62,20,0,0.0,9,0,0,52,42,10,0,0,,119,63.98,0,0,1,184,36,11,0,33,2925,0,,1,0,0,0,0,0,0,0,0,287,7,0,6.97,0,0,0,0,0,0,0,0,0.0,0.0,0,8,3,7,3,15,60.0,0,83,52,62.65,11,83,25,22,182,58.15,207,605,944,1527,230.1,11,0,2175,22,3,0,Tommy St Jago,Willem II Tilburg,876232,2961
29,10,17.86,254,39,50.0,505,403,898,85.85,21,51.22,20,32,3,0,0,0,121,4,1,8,1,52,31,0,0,23,20,102,1,1,2.1,2.97,29,0,8.16,0,4,7,42,37,5,3,1,,71,46.41,0,0,3,148,20,29,2,26,2235,3,,0,0,0,0,0,0,0,0,0,276,11,0,6.97,1,2,0,0,0,0,0,0,558.75,0.0,2,25,24,27,14,16,55.17,0,37,26,70.27,29,50,29,56,92,47.42,78,652,450,1046,216.1,49,0,1458,18,4,1,Davy van den Berg,PEC Zwolle,1001468,2971
81,10,20.83,297,95,45.24,592,574,1156,78.0,41,56.94,31,33,2,0,0,0,176,1,0,4,3,89,33,0,0,16,30,135,0,1,1.41,0.38,44,0,0.0,0,0,2,41,39,2,0,0,,171,62.18,0,0,0,326,33,16,0,31,2618,0,,0,0,0,1,0,0,0,0,0,464,8,0,6.97,0,0,0,0,0,0,0,0,0.0,0.0,0,3,15,12,2,19,55.88,0,99,69,69.7,16,169,34,48,212,61.1,210,851,679,1482,230.0,18,1,2277,53,10,0,Oliver Braude,SC Heerenveen,1150061,2964
22,1,33.33,106,24,55.81,249,260,508,85.38,9,39.13,14,22,3,0,0,0,77,4,2,9,1,38,22,0,0,9,8,62,1,0,1.71,2.13,21,0,10.0,0,2,5,15,9,6,2,0,,63,56.76,0,0,0,87,17,18,0,14,1282,1,,0,0,0,0,0,0,0,0,0,134,4,0,6.97,0,2,0,0,0,0,0,0,641.0,0.0,0,11,9,6,5,13,56.52,0,31,16,51.61,18,40,23,3,72,53.73,43,318,280,595,153.3,20,0,828,19,4,0,Gjivai Zechiël,Sparta Rotterdam,1433802,2960
1,0,0.0,35,6,60.0,87,73,160,91.43,1,25.0,3,3,0,0,0,0,12,0,1,1,0,2,3,0,0,1,1,11,0,0,0.84,0.29,2,0,0.0,0,0,0,3,1,2,0,0,,7,46.67,0,0,0,15,3,3,0,3,270,0,,0,0,0,0,0,0,0,0,0,22,0,0,6.97,0,0,0,0,0,0,0,0,0.0,0.0,0,2,1,0,2,1,20.0,0,4,3,75.0,3,2,5,0,8,42.11,10,99,76,175,20.9,3,0,214,2,0,0,Lutsharel Geertruida,Feyenoord,856739,2959
17,26,32.1,127,47,49.47,299,242,515,79.72,5,45.45,6,30,3,0,0,0,94,6,2,9,1,40,29,0,0,11,16,68,0,1,3.4,1.5,11,0,11.11,0,3,6,19,17,2,3,0,,61,49.59,0,0,1,131,23,26,1,13,1358,1,,0,1,0,0,0,0,0,0,0,251,10,0,6.97,0,2,0,0,0,0,0,0,452.67,0.0,2,17,10,10,8,21,46.67,0,32,25,78.13,25,34,45,81,66,49.25,95,445,282,646,202.0,27,0,1087,8,2,0,Denso Kasius,AZ Alkmaar,1008111,2950
44,0,0.0,98,286,32.13,212,305,517,46.08,11,84.62,2,34,0,0,0,0,351,0,0,0,7,71,34,0,0,0,2,5,1,2,0.27,0.03,0,0,0.0,253,0,0,64,50,14,0,0,-7.99,0,0.0,0,37,0,605,0,0,0,34,3051,0,,1,0,0,0,0,0,0,0,0,615,0,34,6.96,0,0,28,76,42,119,0,28,0.0,0.0,0,1,0,1,0,0,0.0,27,0,0,0.0,0,93,1,0,11,68.75,890,749,373,1122,236.8,1,3,1499,1,0,0,Nordin Bakker,Almere City FC,945955,2990
28,19,27.94,255,35,70.0,484,352,817,88.04,5,31.25,11,28,2,0,0,0,110,6,1,4,2,6,28,0,0,40,21,128,0,1,3.91,2.45,37,0,11.76,0,2,4,38,34,4,2,0,,133,53.2,0,0,0,111,15,31,0,23,1987,4,,0,0,0,0,0,0,0,0,1,293,8,0,6.96,0,2,0,0,0,0,0,0,993.5,0.0,3,7,10,6,7,19,47.5,0,62,35,56.45,31,53,40,68,138,51.88,50,610,386,928,195.0,17,1,1375,52,5,0,Jamiro Monteiro,PEC Zwolle,815080,2971
51,4,57.14,156,73,46.5,422,556,974,80.5,50,53.19,44,31,1,0,0,0,141,2,1,4,5,99,31,0,0,10,19,102,0,1,1.37,1.46,29,0,15.0,0,3,4,38,33,5,2,1,,82,58.57,1,0,0,236,41,9,0,24,2150,0,,0,0,0,1,0,0,0,0,0,276,7,0,6.96,0,2,0,0,0,0,0,0,716.67,0.0,0,12,8,11,5,15,88.24,0,41,26,63.41,9,80,17,7,132,56.41,157,592,625,1210,215.8,20,3,1600,26,6,0,Loreintz Rosier,Fortuna Sittard,954812,2957
42,6,26.09,308,66,55.0,741,874,1609,86.55,82,57.34,61,33,0,0,0,0,198,1,5,9,4,100,33,0,0,37,31,199,1,2,1.7,3.29,46,0,2.78,1,1,1,48,43,5,1,0,,151,52.25,0,0,1,250,43,23,1,33,2884,0,,0,0,0,0,0,0,0,0,0,401,15,0,6.96,0,0,0,0,0,0,0,0,2884.0,0.0,0,22,14,22,5,23,46.94,0,93,54,58.06,23,77,49,23,233,53.94,120,927,955,1859,229.7,36,0,2478,37,7,0,Anouar El Azzouzi,PEC Zwolle,1021104,2971
18,0,0.0,74,53,38.97,325,900,1225,86.39,80,60.61,52,28,0,0,0,0,51,1,2,3,8,140,28,0,0,4,7,89,0,1,1.46,0.95,27,0,16.67,34,2,2,28,25,3,2,0,,43,53.75,1,0,0,193,29,2,0,24,2215,1,,1,0,0,1,0,0,0,0,0,212,0,0,6.96,0,1,0,0,0,0,0,0,1107.5,0.0,0,10,2,6,3,4,80.0,0,27,15,55.56,2,39,5,1,123,58.02,136,455,964,1418,194.8,12,2,1732,14,4,0,Iván Márquez,NEC Nijmegen,862479,2962
4,0,0.0,73,1,33.33,137,49,186,78.81,26,61.9,16,16,1,0,0,0,21,1,5,6,1,11,16,0,0,13,4,49,0,0,0.76,3.13,10,0,14.29,0,3,4,10,8,2,3,0,,41,55.41,1,0,0,50,0,5,1,9,831,4,,0,1,0,0,0,0,0,0,1,110,5,0,6.96,0,1,0,0,0,0,0,0,277.0,0.0,0,19,2,5,10,10,50.0,0,9,7,77.78,4,8,20,6,67,57.76,3,186,56,236,111.3,21,1,395,22,0,0,Chuba Akpom,AFC Ajax,190867,2953
12,6,40.0,159,15,44.12,300,192,486,81.96,17,44.74,21,27,1,0,0,0,79,2,1,4,1,18,25,0,0,11,10,73,1,0,2.02,2.94,19,0,20.0,0,4,5,18,17,1,4,0,,53,50.48,0,0,1,107,13,19,0,12,1203,1,,1,0,0,0,0,0,0,0,0,168,7,0,6.96,0,4,0,0,0,0,0,0,300.75,0.0,0,16,4,8,8,19,59.38,0,29,15,51.72,19,29,32,15,70,48.95,34,392,216,593,173.9,20,1,810,6,0,0,Zico Buurmeester,AZ Alkmaar,1050828,2950
28,0,0.0,8,54,39.42,29,228,257,75.15,2,100.0,0,9,1,0,0,0,98,1,0,0,4,4,9,0,0,0,0,0,0,1,0.02,,1,0,0.0,51,0,1,9,7,2,0,0,-2.08,2,100.0,0,16,0,85,0,2,0,9,810,0,,0,0,0,0,0,0,0,0,0,88,0,0,6.96,0,0,3,9,5,15,0,0,0.0,0.0,0,0,0,0,0,2,100.0,2,0,0,0.0,2,41,2,0,4,100.0,137,80,262,342,62.6,0,0,439,0,0,0,Matheus,AFC Ajax,603946,2953
64,0,0.0,106,95,46.8,367,1106,1473,88.42,55,59.78,37,32,0,0,0,0,81,0,3,6,9,165,32,0,0,2,3,58,0,0,0.4,1.77,15,0,13.33,68,2,2,44,34,10,2,0,,36,63.16,1,0,0,193,15,5,0,30,2688,3,,1,0,0,0,0,0,0,0,0,209,2,0,6.95,1,1,0,0,0,0,0,0,1344.0,0.0,0,15,0,5,4,3,75.0,0,27,16,59.26,5,133,4,0,91,61.07,203,502,1164,1666,222.4,15,0,2000,6,3,1,Gerrit Nauber,Go Ahead Eagles,133168,2979
55,2,50.0,198,100,58.14,586,994,1578,89.81,58,47.15,65,29,0,0,0,0,119,1,2,4,4,156,29,0,0,10,12,112,1,3,0.82,1.68,20,0,10.53,34,2,2,40,38,2,2,0,,70,59.83,1,0,0,179,25,7,0,27,2466,0,,1,0,0,0,0,0,0,0,0,211,1,0,6.95,0,1,0,0,0,0,0,0,1233.0,0.0,0,18,1,10,5,13,72.22,0,39,21,53.85,7,97,18,4,128,53.33,172,704,1057,1757,201.5,19,1,2143,18,0,0,Nikolai Soyset Hopland,SC Heerenveen,1121247,2964
15,0,0.0,115,25,78.13,207,126,333,86.49,17,60.71,11,15,0,0,0,0,46,1,0,3,0,8,15,0,0,12,11,58,0,2,0.98,0.42,17,0,10.0,0,1,1,12,12,0,1,0,,50,51.55,1,0,0,52,12,8,0,6,584,0,,0,0,0,0,0,0,0,0,0,92,5,0,6.95,0,0,0,0,0,0,0,0,584.0,0.0,0,4,6,2,5,13,56.52,0,28,20,71.43,8,26,23,1,67,53.6,32,246,140,385,104.2,10,1,545,9,4,0,Kristijan Belić,AZ Alkmaar,994591,2950
1,0,0.0,86,6,66.67,132,66,198,92.52,0,0.0,3,7,1,0,0,0,18,2,0,1,0,0,7,0,0,6,5,24,0,0,0.49,0.25,3,0,0.0,0,0,1,4,3,1,0,0,,22,51.16,0,0,0,16,2,4,0,4,375,1,,0,0,0,0,0,0,0,0,0,48,0,0,6.94,0,0,0,0,0,0,0,0,0.0,0.0,0,2,2,3,0,12,63.16,0,6,6,100.0,4,4,19,9,22,47.83,9,153,70,214,48.6,4,0,323,4,0,0,Sergiño Dest,PSV Eindhoven,906021,2952
17,0,0.0,72,41,41.41,238,478,716,88.18,32,45.07,39,20,0,0,0,0,54,0,1,3,4,82,19,0,0,2,2,49,0,0,0.95,1.36,6,0,20.0,21,2,2,18,18,0,2,0,,26,72.22,2,0,1,96,13,3,0,11,1121,1,,0,0,0,0,0,0,0,0,0,115,1,0,6.94,0,0,0,0,0,0,0,0,560.5,0.0,0,8,2,4,3,2,100.0,0,16,14,87.5,3,41,2,4,58,54.21,99,308,508,812,131.9,10,1,1000,8,1,0,Alec Van Hoorenbeeck,FC Twente,974203,2955
36,27,30.68,207,80,55.17,469,401,843,79.15,26,50.0,26,31,3,0,0,1,104,3,3,8,5,62,31,0,0,11,17,89,0,1,4.03,4.89,20,0,11.11,0,4,7,41,37,4,4,0,,52,45.22,1,0,1,222,22,31,0,25,2345,0,,1,0,4,0,75,0,3,0,0,386,5,0,6.94,0,3,0,0,0,0,0,0,586.25,0.0,8,15,21,14,14,10,37.04,0,33,21,63.64,31,82,27,88,78,46.71,145,696,457,1065,215.2,36,3,1649,9,8,0,Leandro Bacuna,FC Groningen,74545,2951
15,32,29.36,86,26,60.47,190,121,279,73.61,17,37.78,28,22,2,0,0,0,41,3,4,4,0,18,22,0,0,16,15,89,0,0,3.26,2.34,23,0,12.5,0,3,5,25,21,4,2,1,,66,51.97,1,0,1,100,3,34,0,14,1166,3,,0,1,0,1,0,0,0,0,0,234,6,0,6.94,0,2,0,0,0,0,0,0,388.67,0.0,1,18,6,13,7,14,63.64,0,29,20,68.97,33,28,22,109,83,48.26,43,341,147,379,152.7,24,1,718,24,5,0,Thomas Bruns,Heracles Almelo,146401,2977
23,31,25.2,157,36,43.37,333,277,579,83.91,12,44.44,15,25,2,0,0,0,84,10,0,3,2,59,25,0,0,6,13,53,0,0,4.13,1.58,8,1,12.5,0,2,4,32,26,6,1,1,,41,51.9,0,0,0,111,10,36,2,19,1720,1,,0,0,0,1,0,0,0,0,0,251,4,0,6.94,0,0,0,0,0,0,0,0,860.0,20.0,5,8,8,8,5,9,45.0,0,22,13,59.09,36,50,20,123,53,50.0,83,497,316,690,173.4,16,4,1173,10,3,0,Dean James,Go Ahead Eagles,1046722,2979
44,26,30.23,174,46,52.27,348,259,581,83.48,7,33.33,14,28,4,0,0,0,82,4,0,10,1,14,28,0,0,15,10,54,0,0,2.33,2.17,6,1,5.56,0,2,6,24,24,0,1,1,,36,47.37,0,0,1,115,3,24,0,11,1152,0,,0,0,1,0,100,0,1,0,0,221,7,0,6.94,0,2,0,0,0,0,0,0,576.0,16.67,6,7,29,16,10,10,50.0,0,8,4,50.0,24,78,20,86,43,44.33,88,502,280,696,194.2,36,0,960,18,0,0,Dominik Janošek,NAC Breda,891420,2947
38,13,29.55,183,32,43.84,392,290,669,80.41,32,53.33,28,32,4,0,0,0,90,4,1,7,2,43,31,0,0,6,18,91,0,0,3.17,1.53,26,0,11.11,0,2,6,24,20,4,2,0,,55,46.61,0,0,0,163,23,29,1,20,1693,1,,0,0,0,2,0,0,0,0,0,244,6,0,6.94,0,1,0,0,0,0,0,0,846.5,0.0,1,9,9,7,4,10,41.67,0,30,19,63.33,29,69,24,44,87,48.88,73,535,341,832,215.0,18,1,1156,16,6,0,Pelle Clement,Sparta Rotterdam,795135,2960
63,3,25.0,186,111,39.22,581,1138,1716,85.89,79,54.48,66,34,0,0,0,0,126,1,3,6,6,201,34,0,0,5,8,106,1,1,1.61,2.37,32,0,4.55,50,1,1,51,46,5,1,0,,57,58.76,0,0,0,282,33,7,1,34,3060,0,,0,0,0,2,0,0,0,0,0,317,0,0,6.94,0,0,0,0,0,0,0,0,3060.0,0.0,0,19,3,11,5,5,83.33,0,36,18,50.0,7,132,6,12,136,56.2,283,783,1227,1998,235.8,22,0,2447,17,2,0,Anselmo Garcia McNulty,PEC Zwolle,1005693,2971
40,6,20.69,206,46,53.49,424,269,687,84.61,19,44.19,24,20,0,0,0,0,66,2,4,10,5,35,20,0,0,11,6,58,0,0,1.8,1.52,10,0,0.0,0,0,0,27,26,1,0,0,,49,59.04,0,0,0,125,18,12,0,20,1749,0,,0,0,0,0,0,0,0,0,0,188,7,0,6.94,0,0,0,0,0,0,0,0,0.0,0.0,1,12,18,10,10,10,58.82,0,26,14,53.85,12,66,17,29,68,53.97,86,539,302,812,138.7,30,0,1070,14,0,0,Johan Hove,FC Groningen,839953,2951
19,2,66.67,161,22,53.66,305,261,564,83.93,11,37.93,18,15,2,0,0,0,94,1,2,3,1,16,15,0,0,10,14,70,2,0,1.27,1.17,17,0,25.0,0,2,4,21,20,1,2,0,,61,53.98,0,0,0,108,14,8,0,15,1267,0,,0,0,0,0,0,0,0,0,0,158,9,0,6.93,0,2,0,0,0,0,0,0,633.5,0.0,0,4,4,1,4,8,42.11,0,34,23,67.65,8,32,19,3,72,50.7,41,389,286,672,104.0,8,0,867,19,2,0,Marcus Linday,SC Heerenveen,1627623,2964
75,10,33.33,154,110,42.15,326,446,762,75.22,55,64.71,30,31,3,0,0,0,123,2,0,6,4,104,30,0,0,11,22,95,0,0,1.58,0.62,24,0,0.0,3,0,3,37,34,3,0,0,,91,58.33,0,0,1,251,32,21,0,18,1875,0,,0,0,0,1,0,0,0,0,0,324,10,0,6.93,0,0,0,0,0,0,0,0,0.0,0.0,0,7,12,10,3,14,60.87,0,58,38,65.52,21,143,23,30,146,60.58,261,524,519,1013,208.0,19,2,1435,20,3,0,Syb Van Ottele,Fortuna Sittard,961686,2957
13,4,26.67,93,13,34.21,175,168,339,80.52,11,57.89,8,12,1,0,0,0,45,1,0,2,2,16,12,0,0,1,5,23,0,0,1.15,0.21,6,0,0.0,0,0,1,5,5,0,0,0,,17,53.13,0,0,0,82,6,11,0,8,648,0,,0,0,0,0,0,0,0,0,0,111,0,0,6.93,0,0,0,0,0,0,0,0,0.0,0.0,0,1,3,1,1,3,50.0,0,11,6,54.55,11,28,6,15,28,54.9,38,252,184,421,83.2,4,1,563,3,0,0,Quilindschy Hartman,Feyenoord,1392044,2959
10,7,21.88,77,19,40.43,163,215,371,80.3,10,55.56,8,15,0,0,0,0,66,0,0,2,2,35,15,0,0,13,10,54,0,0,0.57,0.41,11,0,0.0,0,0,0,19,17,2,0,0,,72,61.02,0,0,1,91,23,7,0,15,1207,0,,0,0,0,0,0,0,0,0,0,179,0,0,6.93,0,0,0,0,0,0,0,0,0.0,0.0,0,2,2,2,0,14,53.85,0,37,31,83.78,7,29,26,32,82,60.29,47,245,249,462,103.9,4,0,813,21,2,0,Cherrion Valerius,NAC Breda,1515525,2947
46,24,32.0,152,54,72.0,298,231,505,85.74,4,14.29,24,27,3,0,1,0,62,6,3,18,0,7,27,0,0,22,19,92,0,0,2.33,4.4,8,0,4.55,0,2,5,34,29,5,2,0,,70,50.72,0,0,4,84,7,25,2,23,1788,0,,0,0,1,0,0,0,0,0,0,207,7,0,6.93,0,0,0,0,0,0,0,0,894.0,0.0,4,25,19,14,12,22,53.66,0,24,13,54.17,25,67,41,75,74,44.58,75,413,251,589,187.0,44,2,925,24,2,0,Alen Halilović,Fortuna Sittard,277331,2957
101,7,38.89,332,101,60.84,660,642,1295,86.16,15,48.39,16,33,3,0,0,0,140,3,0,4,5,61,33,0,0,14,12,63,1,2,2.91,0.9,12,0,20.0,0,3,6,48,37,11,2,1,,47,50.0,2,0,0,208,20,24,0,31,2522,0,,0,0,0,1,0,0,0,0,0,273,8,0,6.92,0,1,0,0,0,0,0,0,840.67,0.0,0,4,11,2,9,12,54.55,0,26,12,46.15,24,165,22,18,62,49.6,166,815,706,1503,228.5,15,1,1822,9,3,0,Evert Linthorst,Go Ahead Eagles,932555,2979
28,0,0.0,98,40,47.62,278,553,831,87.2,41,65.08,22,13,0,0,0,0,66,0,1,1,3,50,13,0,0,2,7,41,0,1,0.51,0.66,8,0,0.0,29,0,0,23,22,1,0,0,,19,50.0,0,0,0,122,24,5,0,13,1112,2,,0,0,0,0,0,0,0,0,0,136,3,0,6.92,0,0,0,0,0,0,0,0,0.0,0.0,0,8,0,4,3,3,50.0,0,9,7,77.78,5,61,6,2,60,59.41,84,346,609,953,90.0,8,0,1110,7,3,0,Paweł Bochniewicz,SC Heerenveen,286097,2964
17,10,22.73,95,26,46.43,198,225,413,82.11,12,57.14,9,13,0,0,0,0,56,1,0,0,1,27,13,0,0,5,8,38,0,0,1.18,0.16,10,0,0.0,0,0,0,13,11,2,0,0,,42,59.15,0,0,1,90,10,16,0,9,869,0,,1,0,0,0,0,0,0,0,0,155,2,0,6.92,0,0,0,0,0,0,0,0,0.0,0.0,0,1,2,1,2,7,53.85,0,28,21,75.0,16,33,13,44,54,58.7,56,289,258,503,90.0,3,1,769,7,2,0,Boyd Reith,Sparta Rotterdam,825836,2960
38,5,25.0,196,51,66.23,435,231,661,87.43,16,42.11,22,22,2,0,0,0,60,2,0,1,1,13,22,0,0,6,12,59,0,1,1.16,0.76,20,0,14.29,0,1,3,18,14,4,1,0,,39,51.32,1,0,1,95,17,12,0,12,1096,0,,0,0,0,0,0,0,0,0,0,132,12,0,6.92,1,0,0,0,0,0,0,0,1096.0,0.0,2,3,4,2,4,4,66.67,0,25,15,60.0,12,59,6,20,55,48.25,77,523,253,756,152.3,7,1,922,10,1,1,Ramiz Zerrouki,Feyenoord,989882,2959
30,0,0.0,109,52,42.62,450,1002,1452,89.63,42,44.21,53,30,1,0,0,0,110,0,1,5,2,151,30,0,0,3,14,81,0,1,0.49,1.23,14,0,7.69,40,1,2,48,45,3,1,0,,63,69.23,0,0,0,168,31,8,1,28,2381,0,,0,0,0,0,0,0,0,0,0,187,1,0,6.92,0,0,0,0,0,0,0,0,2381.0,0.0,0,10,3,4,4,5,100.0,0,47,31,65.96,8,61,5,2,105,56.45,122,559,1063,1620,207.6,13,3,2005,13,2,0,Sam Kersten,SC Heerenveen,847072,2964
8,0,0.0,48,12,42.86,131,166,297,90.55,7,43.75,9,5,0,0,0,0,9,0,0,1,2,6,5,0,0,1,2,15,0,0,0.67,0.02,3,0,0.0,3,0,0,5,4,1,0,0,,15,71.43,0,0,0,31,2,2,0,3,329,0,,0,0,0,0,0,0,0,0,0,41,0,0,6.92,0,0,0,0,0,0,0,0,0.0,0.0,0,0,1,0,0,3,100.0,0,4,2,50.0,2,18,3,1,22,59.46,28,159,170,328,34.6,1,0,376,8,0,0,Dies Janse,AFC Ajax,1470010,2953
57,4,15.38,174,51,44.74,398,437,831,79.98,40,50.0,40,26,2,0,0,0,118,2,0,1,3,94,26,0,1,10,11,80,0,0,1.28,0.21,14,0,0.0,14,0,2,30,25,5,0,0,,81,66.94,0,0,0,208,22,10,0,20,1814,1,,0,0,0,1,0,0,0,0,0,311,6,0,6.92,1,0,0,0,0,0,0,0,0.0,0.0,0,4,0,3,0,11,68.75,0,36,27,75.0,10,112,16,26,121,60.2,114,562,503,1039,179.9,4,2,1470,37,7,0,Marvin Peersman,FC Groningen,76160,2951
24,0,0.0,103,37,62.71,248,362,610,85.08,43,55.13,35,23,1,0,0,0,95,0,1,2,1,61,23,0,1,9,27,112,0,1,0.46,1.17,36,0,10.0,0,1,2,32,28,4,1,0,,92,54.44,0,0,0,107,29,7,1,17,1639,1,,0,1,0,1,0,0,0,0,0,143,9,0,6.91,1,0,0,0,0,0,0,0,1639.0,0.0,0,8,2,4,4,4,36.36,0,76,42,55.26,6,39,11,3,135,54.66,59,313,407,717,159.0,10,0,1047,14,7,0,Sem Scheperman,Heracles Almelo,1189738,2977
49,0,0.0,194,66,58.93,517,468,985,84.69,21,38.89,33,33,1,0,0,0,155,2,0,1,5,82,33,0,0,15,23,107,0,2,1.13,0.26,26,0,16.67,0,1,2,56,51,5,0,1,,117,61.26,0,0,1,178,47,11,1,33,2939,0,,0,0,0,0,0,0,0,0,0,234,12,0,6.91,0,0,0,0,0,0,0,0,2939.0,0.0,0,1,5,3,2,20,66.67,0,70,36,51.43,11,82,30,2,138,56.33,112,634,531,1163,228.1,6,1,1597,29,6,0,Maximilien Balard,NAC Breda,1096511,2947
17,1,25.0,196,26,60.47,345,221,565,83.95,12,38.71,19,29,5,0,0,0,80,2,1,9,3,14,29,0,0,31,13,95,0,2,2.02,1.99,14,0,8.82,0,3,8,24,22,2,3,0,,83,52.2,0,0,1,108,9,28,1,25,1994,0,,0,0,0,0,0,0,0,0,1,211,11,0,6.91,0,2,0,0,0,0,0,0,664.67,0.0,0,14,20,17,8,17,45.95,0,39,27,69.23,28,29,37,4,95,50.0,43,437,240,673,200.4,34,1,996,27,2,0,Antoni Milambo,Feyenoord,1126692,2959
17,11,28.21,174,17,68.0,278,135,402,77.61,12,26.09,34,31,4,0,0,0,72,7,2,9,0,13,31,0,0,36,15,134,0,2,4.11,3.92,15,0,16.67,0,6,10,31,28,3,5,1,,87,46.52,0,0,2,116,10,38,1,23,1882,3,,0,1,0,0,0,0,0,0,0,305,14,0,6.91,0,5,0,0,0,0,0,0,313.67,0.0,0,31,5,12,15,43,55.84,0,17,8,47.06,37,25,77,39,99,42.49,25,390,167,518,214.2,36,0,944,27,3,0,Sontje Hansen,NEC Nijmegen,1199057,2962
6,0,0.0,64,2,66.67,111,72,183,68.03,56,45.53,67,24,1,0,0,0,35,2,8,15,1,12,24,0,0,24,7,110,0,1,2.16,8.68,14,0,13.46,0,7,8,23,21,2,7,0,,32,42.67,1,0,1,86,2,11,1,20,1605,4,,0,0,1,0,100,0,1,0,0,149,8,0,6.91,0,5,0,0,0,0,0,0,229.29,0.0,0,45,7,20,17,6,66.67,0,8,2,25.0,11,9,9,0,88,44.44,3,176,93,269,165.8,52,1,478,19,1,0,Koki Ogawa,NEC Nijmegen,831860,2962
24,7,30.43,184,27,39.13,369,290,652,76.8,26,36.62,45,33,0,0,0,0,93,5,4,10,4,72,33,0,0,18,30,149,0,0,2.49,2.6,41,0,13.95,0,6,6,48,39,9,4,2,,104,50.0,0,0,1,197,25,22,0,32,2720,0,,0,0,0,0,0,0,0,0,0,288,11,0,6.91,0,6,0,0,0,0,0,0,453.33,0.0,4,17,26,15,18,13,46.43,0,66,38,57.58,22,52,28,23,130,46.59,69,522,350,849,227.9,43,0,1292,26,7,0,Jesse Bosch,Willem II Tilburg,989859,2961
36,1,16.67,148,79,59.85,392,454,845,83.58,24,48.98,25,27,1,0,0,0,72,1,1,6,4,40,27,0,0,5,22,75,0,0,0.95,1.17,17,0,0.0,0,0,1,26,22,4,0,0,,75,60.0,0,0,0,166,21,10,0,19,1788,0,,0,0,0,0,0,0,0,0,1,205,3,0,6.9,0,0,0,0,0,0,0,0,0.0,0.0,0,9,11,10,4,6,50.0,0,51,36,70.59,10,69,12,6,99,56.9,132,498,519,1011,186.4,20,0,1284,18,1,0,Mees Hoedemakers,NEC Nijmegen,893748,2962
31,29,27.1,250,28,50.91,413,178,562,78.93,20,46.51,23,33,2,0,0,0,101,9,5,8,1,12,33,0,0,55,16,161,0,1,5.1,4.16,23,0,6.52,0,3,5,45,43,2,3,0,,87,38.67,0,0,0,150,12,59,0,25,2298,6,,0,1,0,0,0,0,0,0,1,418,22,0,6.9,0,3,0,0,0,0,0,0,766.0,0.0,3,26,20,18,20,38,45.24,0,22,15,68.18,58,60,84,107,107,39.93,55,610,209,712,227.8,46,0,1250,27,2,0,Levi Smans,SC Heerenveen,1133678,2964
9,17,20.0,115,22,45.83,272,335,590,85.01,23,45.1,28,31,2,0,0,0,97,1,1,2,6,62,31,0,0,31,20,140,0,1,2.01,1.51,33,0,33.33,0,3,5,29,26,3,2,1,,144,56.25,0,0,0,104,22,18,1,25,2126,0,,0,0,0,0,0,0,0,0,0,316,5,0,6.9,0,2,0,0,0,0,0,0,708.67,0.0,0,5,4,2,5,23,43.4,0,72,48,66.67,18,17,53,85,167,54.4,48,398,381,694,213.9,9,2,1451,49,3,0,Brayann Pereira,NEC Nijmegen,1012639,2962
0,0,0.0,17,4,57.14,47,54,101,88.6,7,87.5,1,5,1,0,0,0,12,0,0,0,1,6,4,0,0,0,2,11,0,0,0.13,0.04,5,0,0.0,0,0,1,2,2,0,0,0,,10,50.0,0,0,0,13,4,2,0,3,246,0,,0,0,0,0,0,0,0,0,0,27,1,0,6.9,0,0,0,0,0,0,0,0,0.0,0.0,0,1,1,1,1,1,25.0,0,7,4,57.14,2,2,4,3,17,60.71,7,57,60,114,27.6,2,0,178,2,1,0,Lucas Rosa,AFC Ajax,970860,2953
0,1,33.33,4,0,0.0,6,4,9,90.0,1,100.0,0,1,0,0,0,0,3,0,0,0,0,0,1,0,0,0,0,2,0,0,0.06,,0,0,0.0,0,0,0,0,0,0,0,0,,2,50.0,0,0,0,1,0,2,0,0,32,0,,0,0,0,0,0,0,0,0,0,7,0,0,6.9,0,0,0,0,0,0,0,0,0.0,0.0,0,0,0,0,0,1,33.33,0,1,1,100.0,2,0,3,3,3,60.0,0,9,4,10,6.9,0,0,19,0,0,0,Carlos Forbs,AFC Ajax,1069486,2953
0,0,0.0,5,0,0.0,16,4,20,80.0,1,100.0,0,1,0,0,0,0,0,0,0,3,0,0,1,0,0,0,0,3,0,0,0.04,0.13,2,0,0.0,0,0,0,0,0,0,0,0,,5,62.5,0,0,0,5,0,0,0,1,65,0,,0,0,0,0,0,0,0,0,0,12,0,0,6.9,0,0,0,0,0,0,0,0,0.0,0.0,0,2,2,1,0,2,66.67,0,0,0,0.0,0,0,3,5,6,66.67,0,24,6,25,6.9,4,0,43,3,0,0,Jaydon Banel,AFC Ajax,1142573,2953
26,17,24.64,164,27,29.67,313,294,590,80.71,18,48.65,19,30,3,0,0,0,41,5,1,1,3,58,30,0,1,6,5,52,0,0,2.28,2.01,15,0,23.08,0,3,6,25,23,2,3,0,,39,54.17,1,0,1,141,19,26,2,20,1731,4,,0,0,0,0,0,0,0,0,0,248,3,0,6.9,1,0,0,0,0,0,0,0,577.0,0.0,0,10,3,9,3,2,22.22,0,17,12,70.59,26,53,9,69,57,52.29,91,473,327,731,206.9,13,2,1175,20,2,0,Bas Kuipers,FC Twente,339879,2955
21,1,50.0,109,53,50.48,293,557,849,88.62,29,61.7,18,19,0,0,0,0,60,1,0,2,1,69,19,0,0,4,7,42,0,1,0.53,0.21,12,0,0.0,11,0,0,22,19,3,0,0,,36,60.0,0,0,0,109,23,5,0,19,1417,1,,0,0,0,0,0,0,0,0,0,127,0,0,6.89,0,0,0,0,0,0,0,0,0.0,0.0,0,3,2,3,0,6,75.0,0,19,13,68.42,5,49,8,2,65,60.75,105,376,584,958,131.0,5,0,1156,11,1,0,Philippe Sandler,NEC Nijmegen,842275,2962
4,3,15.0,20,0,0.0,36,18,51,62.96,4,50.0,4,11,1,0,0,0,16,1,0,6,0,6,9,0,0,10,4,29,0,1,0.3,1.59,3,0,20.0,0,2,3,2,2,0,2,0,,24,48.98,0,0,0,30,1,5,1,2,304,2,,0,0,0,0,0,0,0,0,1,76,1,0,6.89,0,1,0,0,0,0,0,0,152.0,0.0,0,6,4,2,2,13,61.9,0,5,3,60.0,5,9,21,20,28,49.12,4,76,25,81,62.0,10,0,186,6,0,0,Eser Gürbüz,SC Heerenveen,1586644,2964
88,0,0.0,197,138,46.31,489,1037,1526,85.3,31,47.69,34,31,1,0,0,0,143,1,1,1,5,182,31,0,1,5,20,79,0,1,1.61,1.61,14,0,28.57,57,2,3,49,40,9,2,0,,48,51.61,0,0,0,263,34,4,0,31,2779,1,,1,0,0,0,0,0,0,0,0,294,2,0,6.89,1,2,0,0,0,0,0,0,1389.5,0.0,0,7,0,4,2,5,41.67,0,33,18,54.55,4,167,12,4,79,50.0,298,667,1126,1789,213.5,7,1,2178,10,5,0,Raffael Behounek,Willem II Tilburg,799723,2961
9,6,33.33,74,12,66.67,129,94,217,92.74,1,25.0,3,8,0,0,0,0,18,2,0,1,1,9,7,0,0,3,0,15,0,0,0.84,0.2,3,0,0.0,0,0,0,5,4,1,0,0,,15,55.56,0,0,0,17,4,6,0,3,385,0,,0,0,0,0,0,0,0,0,0,44,2,0,6.89,0,0,0,0,0,0,0,0,0.0,0.0,0,2,1,2,0,3,33.33,0,11,3,27.27,6,10,9,18,16,51.61,18,154,98,234,48.2,3,0,347,1,1,0,Tyrell Malacia,PSV Eindhoven,825839,2952
5,0,0.0,45,10,90.91,84,53,137,77.4,33,50.77,32,21,1,0,0,0,19,0,10,6,0,10,20,0,0,28,3,80,0,1,0.52,7.24,11,0,17.5,0,7,8,16,14,2,7,0,,37,43.53,3,0,1,40,1,12,2,13,1210,2,,0,0,0,0,0,0,0,0,0,123,4,0,6.89,0,2,0,0,0,0,0,0,172.86,0.0,0,37,3,19,15,5,45.45,0,4,3,75.0,12,5,11,3,70,46.67,11,120,60,177,137.7,40,1,386,29,0,0,Ayase Ueda,Feyenoord,985823,2959
4,4,40.0,125,7,38.89,216,77,289,81.41,9,56.25,7,12,0,0,0,0,44,5,3,9,0,7,12,0,0,10,9,41,0,0,1.8,1.85,12,0,0.0,0,0,0,11,11,0,0,0,,30,46.88,0,0,0,66,4,17,0,10,859,3,,0,0,0,0,0,0,0,0,0,110,10,0,6.88,0,0,0,0,0,0,0,0,0.0,0.0,0,11,2,3,1,4,50.0,0,21,12,57.14,17,10,8,10,39,48.75,18,274,91,355,82.6,13,0,482,5,4,0,Kamal Sowah,NAC Breda,927440,2947
7,17,17.53,230,9,60.0,370,141,494,81.65,17,30.91,38,34,7,0,0,0,125,7,3,18,1,15,34,0,0,93,11,260,0,0,4.99,4.97,33,0,10.64,0,5,12,60,53,7,5,0,,178,44.5,0,0,3,111,10,47,0,28,2525,16,,0,0,1,0,100,0,1,0,0,527,20,0,6.88,0,5,0,0,0,0,0,0,505.0,0.0,0,29,18,15,14,76,46.91,0,48,25,52.08,47,20,162,97,195,42.86,15,535,167,605,234.0,47,0,1381,54,1,0,Richonell Margaret,RKC Waalwijk,973716,2956
5,6,46.15,46,8,36.36,109,120,223,83.21,19,59.38,13,12,0,0,0,0,36,0,0,1,1,36,11,0,0,2,4,29,0,0,0.44,0.47,7,0,16.67,0,1,1,19,12,7,1,0,,26,61.9,1,0,1,45,13,7,0,8,799,0,,0,0,0,0,0,0,0,0,0,72,1,0,6.88,0,0,0,0,0,0,0,0,799.0,0.0,0,4,2,4,1,3,50.0,0,15,13,86.67,7,10,6,13,45,60.81,22,144,137,268,75.7,6,1,454,9,1,0,Marvin Martins,Almere City FC,537854,2990
16,3,17.65,96,26,46.43,175,230,402,82.21,8,33.33,16,15,0,0,0,0,64,2,0,10,3,42,15,0,0,9,17,69,0,0,0.83,1.09,8,0,5.88,0,1,1,26,22,4,1,0,,68,56.2,0,0,2,87,14,7,0,15,1318,0,,0,0,0,1,0,0,0,0,1,191,4,0,6.88,0,1,0,0,0,0,0,0,1318.0,0.0,0,8,9,5,2,25,55.56,0,33,22,66.67,7,23,45,17,76,52.41,56,247,259,489,103.2,17,2,897,10,0,0,Mats Rots,Heracles Almelo,1387012,2977
21,1,50.0,93,43,43.0,256,450,705,86.19,34,54.84,28,24,0,0,0,0,67,0,4,2,6,111,24,0,0,4,8,66,0,0,0.26,1.52,29,0,9.09,1,1,1,30,26,4,1,0,,43,53.09,0,0,0,113,29,4,1,20,1753,0,,0,0,0,1,0,0,0,0,0,133,2,0,6.88,0,0,0,0,0,0,0,0,1753.0,0.0,0,10,1,6,3,0,0.0,0,30,17,56.67,4,48,0,2,77,53.85,100,324,496,818,165.1,11,0,1099,13,3,0,Shawn Adewoye,Fortuna Sittard,989586,2957
34,51,29.48,281,54,44.26,553,395,897,79.17,46,52.27,42,33,2,0,0,0,191,6,0,8,7,101,33,0,0,34,22,170,1,0,5.25,0.76,23,0,0.0,0,0,2,62,48,14,0,0,,134,51.15,0,0,0,236,47,48,0,33,2960,2,,0,0,0,0,0,0,0,0,0,555,7,0,6.88,0,0,0,0,0,0,0,0,0.0,0.0,4,7,8,7,0,54,51.43,0,46,27,58.7,48,78,105,173,180,51.43,122,846,460,1133,227.0,15,1,2181,34,4,0,Vasilios Zagaritis,Almere City FC,1064426,2990
24,1,9.09,188,34,54.84,359,273,631,79.37,46,58.97,32,32,3,0,0,0,137,3,4,15,1,44,32,0,0,22,22,115,2,0,1.82,4.57,31,0,13.33,0,6,9,55,46,9,5,1,,114,57.87,0,0,0,164,23,30,0,26,2223,1,,1,0,0,0,0,0,0,0,0,256,9,0,6.88,1,5,0,0,0,0,0,0,370.5,0.0,2,26,19,16,14,21,67.74,0,68,40,58.82,30,54,31,11,160,58.18,62,484,322,795,220.1,45,2,1204,25,2,1,Yassin Oukili,RKC Waalwijk,1010846,2956
3,5,16.13,204,3,37.5,297,143,435,80.71,7,36.84,12,34,7,0,0,0,84,3,1,8,1,13,33,0,0,37,15,143,0,0,3.32,3.75,22,0,13.79,0,4,11,37,32,5,3,1,,120,47.81,0,0,0,104,8,25,3,25,2120,12,,0,1,0,0,0,0,0,0,0,309,18,0,6.88,0,1,0,0,0,0,0,0,530.0,0.0,0,24,5,8,13,48,44.86,0,29,19,65.52,24,11,107,31,127,47.04,8,408,162,539,226.9,29,2,987,43,2,0,Dylan Mbayo,PEC Zwolle,923968,2971
1,0,0.0,30,2,100.0,46,20,66,61.68,41,54.67,34,11,0,0,0,0,8,0,1,4,0,2,11,0,0,10,1,52,0,0,0.28,1.61,10,0,7.69,0,1,1,7,7,0,1,0,,26,59.09,0,0,0,41,0,4,0,5,542,3,,0,0,0,0,0,0,0,0,1,74,0,0,6.87,0,1,0,0,0,0,0,0,542.0,0.0,0,13,0,6,3,4,80.0,0,6,5,83.33,4,1,5,1,67,56.3,2,84,24,107,75.6,13,0,202,17,1,0,Bojan Radulović,Fortuna Sittard,958578,2957
15,15,27.78,51,16,44.44,103,49,137,70.62,6,42.86,8,13,2,0,0,0,29,3,1,1,0,4,13,0,0,11,3,42,0,0,1.89,1.64,9,0,20.0,0,2,4,11,9,2,2,0,,18,34.62,0,0,0,57,1,20,1,9,668,0,,0,0,1,0,100,0,1,0,0,137,3,0,6.87,0,1,0,0,0,0,0,0,334.0,0.0,1,4,6,2,7,2,15.38,0,13,10,76.92,20,27,13,54,24,36.36,36,182,66,194,89.3,10,0,355,4,1,0,Mats Seuntjens,FC Groningen,163541,2951
4,7,31.82,60,7,100.0,105,31,129,87.76,1,100.0,0,15,1,0,0,0,14,1,2,3,0,2,13,0,0,3,5,17,0,0,0.89,1.04,1,0,15.38,0,2,3,2,2,0,2,0,,10,37.04,0,0,2,18,0,9,1,0,260,2,,0,0,0,0,0,0,0,0,0,52,3,0,6.87,0,1,0,0,0,0,0,0,130.0,0.0,0,10,3,6,4,5,38.46,0,3,3,100.0,9,7,13,22,11,39.29,7,135,34,147,89.3,13,0,228,2,0,0,Couhaib Driouech,PSV Eindhoven,1047395,2952
22,2,25.0,170,31,54.39,318,302,618,80.89,25,40.98,36,26,1,0,0,0,99,0,2,4,4,35,26,0,0,15,14,98,0,0,1.79,0.99,24,0,0.0,0,0,1,38,32,6,0,0,,93,60.0,0,0,0,146,32,19,0,22,2009,2,,1,0,0,0,0,0,0,0,0,199,11,0,6.87,0,0,0,0,0,0,0,0,0.0,0.0,0,5,10,8,3,17,65.38,0,51,29,56.86,19,42,26,8,118,54.63,57,434,338,764,178.6,15,1,1087,26,5,0,Jochem Ritmeester van de Kamp,Almere City FC,1157777,2990
12,1,16.67,172,10,66.67,294,127,420,85.02,5,22.73,17,18,0,0,0,0,59,3,1,12,2,19,18,0,0,15,17,77,0,0,1.43,1.11,13,0,0.0,0,0,0,11,11,0,0,0,,48,44.44,0,0,1,74,5,23,0,9,990,0,,0,0,0,1,0,0,0,0,0,130,11,0,6.87,0,0,0,0,0,0,0,0,0.0,0.0,0,10,11,5,4,10,40.0,0,26,16,61.54,23,23,25,6,53,40.77,15,361,139,494,123.6,21,0,699,12,2,0,Kees Smit,AZ Alkmaar,1405756,2950
11,0,0.0,23,22,39.29,78,184,262,81.11,18,37.5,30,12,0,0,0,0,30,0,0,0,2,64,12,0,0,1,7,47,0,0,0.04,0.19,10,0,0.0,2,0,0,13,9,4,0,0,,24,58.54,0,0,0,61,11,0,0,10,865,0,,1,0,0,0,0,0,0,0,0,69,0,0,6.87,0,0,0,0,0,0,0,0,0.0,0.0,0,3,1,2,2,0,0.0,0,15,8,53.33,0,27,0,1,42,47.19,56,125,199,323,82.4,4,0,470,9,1,0,Theo Barbet,Almere City FC,911846,2990
12,3,50.0,49,11,34.38,129,240,366,86.94,31,73.81,11,18,0,0,0,0,32,0,1,1,0,61,17,0,0,3,5,22,0,1,0.26,0.34,4,0,0.0,8,0,0,20,17,3,0,0,,30,73.17,0,0,0,55,22,4,0,8,892,0,,0,0,0,1,0,0,0,0,0,72,1,0,6.86,0,0,0,0,0,0,0,0,0.0,0.0,0,3,0,1,1,1,33.33,0,20,14,70.0,4,28,3,6,61,73.49,32,166,261,421,116.7,3,1,604,9,0,0,Terence Kongolo,NAC Breda,138837,2947
3,16,42.11,53,1,33.33,117,62,163,73.42,14,40.0,21,23,3,0,0,0,27,2,1,4,0,17,22,0,0,11,16,75,0,0,1.24,1.66,9,0,4.55,0,1,4,18,14,4,1,0,,40,42.55,0,0,0,59,3,21,0,9,993,1,,0,0,0,0,0,0,0,0,0,142,4,0,6.86,0,1,0,0,0,0,0,0,993.0,0.0,0,13,9,9,9,13,41.94,0,20,15,75.0,21,6,31,38,54,41.86,3,184,76,222,151.0,22,0,437,7,1,0,Emilio Kehrer,Willem II Tilburg,1064079,2961
7,2,25.0,172,9,50.0,278,159,435,72.99,76,40.0,114,34,1,0,0,0,97,2,10,14,2,28,34,0,0,55,11,245,0,0,1.87,8.3,42,0,11.9,0,5,6,40,34,6,5,0,,109,45.42,0,0,2,161,12,28,1,29,2489,7,,1,0,0,0,0,0,0,0,0,352,19,0,6.86,0,4,0,0,0,0,0,0,497.8,0.0,0,37,5,13,15,29,50.88,0,38,23,60.53,28,14,57,8,185,43.02,18,416,188,596,233.3,42,0,1105,44,4,0,Thom van Bergen,FC Groningen,1413536,2951
15,29,23.39,109,12,48.0,212,110,293,78.98,7,36.84,12,26,3,0,0,0,46,7,0,1,1,18,26,0,0,3,3,33,0,0,3.23,0.33,9,0,0.0,0,0,3,25,23,2,0,0,,33,61.11,0,0,0,78,8,28,0,20,1481,0,,0,0,0,1,0,0,0,0,0,206,2,0,6.86,0,0,0,0,0,0,0,0,0.0,0.0,0,4,1,2,2,8,53.33,0,16,11,68.75,28,24,15,124,40,54.79,25,362,133,371,178.4,5,1,630,9,0,0,Nick Doodeman,Willem II Tilburg,822166,2961
34,0,0.0,47,42,44.68,187,536,723,89.04,39,54.17,33,18,0,0,0,0,62,0,0,2,1,116,18,0,0,0,8,47,0,0,0.12,0.36,6,0,0.0,5,0,0,35,28,7,0,0,,35,71.43,0,0,0,89,16,1,0,18,1582,0,,0,0,0,0,0,0,0,0,0,96,0,0,6.86,0,0,0,0,0,0,0,0,0.0,0.0,0,4,0,1,1,1,100.0,0,27,18,66.67,1,67,1,0,74,61.16,94,248,564,812,123.5,4,1,1046,7,2,0,Erik Schouten,Willem II Tilburg,116945,2961
29,2,16.67,269,35,48.61,579,483,1060,84.46,26,45.61,31,32,2,0,0,0,138,2,0,15,2,32,32,0,0,29,24,140,0,4,1.33,1.33,39,0,2.86,0,1,3,41,38,3,0,1,,113,50.9,0,0,0,195,29,15,1,24,2236,0,,0,0,0,0,0,0,0,0,0,301,16,0,6.86,0,0,0,0,0,0,0,0,2236.0,0.0,1,6,29,11,9,12,41.38,0,72,43,59.72,15,72,29,12,139,49.82,72,732,535,1255,219.4,35,0,1688,29,5,0,Espen Van Ee,SC Heerenveen,1126965,2964
3,9,27.27,192,3,50.0,280,77,348,78.2,3,18.75,13,30,2,0,0,0,57,2,1,12,0,5,29,0,0,26,11,95,0,0,3.89,1.44,16,0,3.33,0,1,3,14,13,1,0,1,,92,52.87,0,0,1,97,2,24,0,11,1194,4,,0,0,0,0,0,0,0,0,0,242,9,0,6.86,0,1,0,0,0,0,0,0,1194.0,0.0,0,17,13,9,9,42,57.53,0,24,12,50.0,24,9,73,33,95,50.0,6,393,85,445,198.8,30,0,778,26,0,0,Sayfallah Ltaief,FC Twente,1032926,2955
9,14,28.57,119,11,45.83,255,252,493,88.99,16,55.17,13,20,3,0,0,0,56,4,0,3,0,21,20,0,0,8,4,46,0,0,2.31,0.48,7,0,0.0,0,0,3,15,14,1,0,0,,43,56.58,0,0,0,61,11,18,0,14,1212,0,,0,0,0,1,0,0,0,0,0,140,3,0,6.86,0,0,0,0,0,0,0,0,0.0,0.0,0,5,5,6,1,16,53.33,0,18,15,83.33,18,14,30,49,59,56.19,24,327,276,554,137.1,10,0,862,9,1,0,Hugo Bueno,Feyenoord,1013928,2959
26,9,15.52,297,47,44.34,535,451,977,82.52,31,51.67,29,31,5,0,0,0,110,6,2,5,8,59,31,0,1,14,17,110,0,0,2.51,1.25,22,0,13.33,0,2,7,25,22,3,1,1,,75,48.08,0,0,3,207,24,18,1,30,2512,2,,1,0,0,0,0,0,0,0,0,372,6,0,6.85,1,1,0,0,0,0,0,0,1256.0,0.0,0,9,6,5,5,17,36.17,0,28,24,85.71,18,60,47,58,106,49.07,106,720,522,1184,212.5,15,1,1791,31,5,0,David Møller Wolfe,AZ Alkmaar,1031283,2950
26,7,26.92,178,21,40.38,293,149,435,71.55,49,55.06,40,34,2,0,0,0,85,2,3,16,0,36,33,0,0,14,20,132,0,0,2.51,4.28,45,0,1.89,0,1,3,31,26,5,1,0,,61,39.87,0,0,1,173,18,31,0,21,2013,1,,1,0,0,0,0,0,0,0,0,274,15,0,6.85,0,1,0,0,0,0,0,0,2013.0,0.0,1,40,13,26,11,6,28.57,0,42,22,52.38,31,41,21,26,110,45.45,52,445,189,608,226.2,53,1,980,13,6,0,Arno Verschueren,FC Twente,578344,2955
16,0,0.0,35,23,35.38,206,432,638,86.22,47,55.29,38,14,0,0,0,0,47,0,1,0,1,93,14,0,0,2,4,63,0,0,0.14,0.27,17,0,0.0,0,0,0,24,19,5,0,0,,38,60.32,0,0,0,102,18,1,0,14,1241,0,,0,0,0,0,0,0,0,0,0,113,1,0,6.85,0,0,0,0,0,0,0,0,0.0,0.0,0,3,0,2,1,4,57.14,0,25,16,64.0,1,38,7,0,85,57.43,65,274,466,740,95.9,3,0,943,9,2,0,Hjalmar Ekdal,FC Groningen,875360,2951
14,2,6.9,132,32,50.79,282,205,485,77.23,26,55.32,21,21,1,0,0,0,60,1,1,6,1,43,21,0,0,12,10,75,0,0,1.03,0.98,15,0,6.67,0,1,2,18,15,3,0,1,,71,56.8,0,0,1,143,19,9,0,15,1279,0,,0,0,0,0,0,0,0,0,0,225,5,0,6.85,1,1,0,0,0,0,0,0,1279.0,0.0,0,4,11,6,3,21,55.26,0,42,21,50.0,9,41,38,29,97,56.4,63,407,250,628,143.8,15,0,917,8,1,1,Tika de Jonge,FC Groningen,1121402,2951
23,2,16.67,93,58,50.0,315,809,1122,88.84,47,51.09,45,32,0,0,0,0,114,1,1,2,4,178,32,0,0,11,9,98,0,1,0.58,0.43,21,0,0.0,42,0,0,61,54,7,0,0,,86,61.87,0,0,1,141,49,6,0,29,2697,0,,0,0,0,0,0,0,0,0,0,210,2,0,6.85,0,0,0,0,0,0,0,0,0.0,0.0,0,3,4,3,2,7,35.0,0,62,38,61.29,6,48,20,12,133,57.58,116,408,867,1263,219.1,7,1,1793,17,4,0,Liam Van Gelderen,RKC Waalwijk,910049,2956
10,0,0.0,45,39,52.7,175,301,476,88.48,23,69.7,10,20,0,0,0,0,38,0,0,0,0,43,15,0,0,0,4,17,1,0,0.14,0.1,3,0,0.0,0,0,0,17,14,3,0,0,,16,69.57,0,0,0,62,13,4,0,8,783,0,,0,0,0,0,0,0,0,0,0,64,0,0,6.85,0,0,0,0,0,0,0,0,0.0,0.0,0,2,0,0,2,1,100.0,0,12,7,58.33,4,17,1,0,39,69.64,74,217,321,538,102.7,2,0,649,3,1,0,Rick Meissen,Sparta Rotterdam,1048906,2960
7,1,100.0,72,6,60.0,141,175,315,66.6,106,58.56,75,26,0,0,0,0,33,2,18,10,1,33,26,0,1,29,5,140,0,1,1.76,13.76,21,0,14.75,0,9,9,41,35,6,9,0,,30,31.58,4,0,2,158,1,20,2,24,1954,8,,0,0,0,0,0,0,0,0,0,254,7,0,6.85,1,3,0,0,0,0,0,0,217.11,0.0,0,59,2,21,30,6,33.33,0,15,9,60.0,20,15,18,1,136,49.28,10,249,225,473,178.0,61,1,765,9,2,0,Oskar Zawada,RKC Waalwijk,318745,2956
27,4,12.12,125,43,50.59,291,422,709,83.12,19,46.34,22,22,1,0,0,0,116,3,0,4,3,61,22,0,1,8,22,81,0,0,1.1,0.41,17,0,0.0,0,0,1,36,32,4,0,0,,78,56.93,0,0,2,144,41,5,0,18,1634,0,,0,0,0,1,0,0,0,0,0,240,7,0,6.85,2,0,0,0,0,0,0,0,0.0,0.0,0,3,10,8,1,16,57.14,0,50,30,60.0,5,56,28,33,97,54.49,85,396,490,853,150.6,13,1,1354,13,2,1,Faissal Al Mazyani,RKC Waalwijk,1195771,2956
55,0,0.0,25,183,52.14,98,899,997,85.07,6,100.0,0,34,0,0,0,0,246,0,0,0,9,19,34,0,0,0,1,1,2,1,0.17,,0,0,0.0,140,0,0,39,36,3,0,0,-2.11,3,75.0,0,15,0,175,0,0,0,34,3015,0,,0,0,0,0,0,2,0,0,0,175,0,3,6.84,0,0,15,41,22,65,3,13,0.0,0.0,0,0,0,0,0,0,0.0,15,1,1,100.0,0,79,0,0,9,90.0,351,217,955,1172,232.7,0,0,1412,2,0,0,Walter Benítez,PSV Eindhoven,249859,2952
31,0,0.0,61,55,44.35,269,673,942,88.78,59,62.77,35,26,0,0,0,0,42,1,1,3,5,119,25,0,0,0,11,63,1,0,0.63,1.13,14,0,7.69,7,1,1,29,26,3,1,0,,37,56.92,1,0,0,119,16,4,0,20,1699,1,,0,0,0,0,0,0,0,0,0,137,0,0,6.84,0,0,0,0,0,0,0,0,1699.0,0.0,0,13,0,6,4,1,25.0,0,27,12,44.44,4,52,4,2,96,60.38,124,353,710,1061,171.1,13,2,1324,9,4,0,Bram Nuytinck,NEC Nijmegen,70930,2962
6,0,0.0,96,6,31.58,149,115,264,68.04,37,43.53,48,32,1,0,0,0,61,4,9,12,2,18,32,0,0,24,12,126,0,0,1.44,9.59,20,0,13.79,0,8,9,38,34,4,8,0,,45,36.59,2,0,2,124,5,15,1,29,2319,3,,0,0,0,0,0,0,0,0,1,231,11,0,6.84,0,5,0,0,0,0,0,0,289.88,0.0,0,48,10,26,20,16,40.0,0,15,10,66.67,15,17,40,3,82,39.42,19,246,145,388,219.0,58,2,683,14,0,0,Elías Már Ómarsson,NAC Breda,187031,2947
7,7,29.17,156,32,55.17,282,270,545,82.95,7,58.33,5,21,0,0,0,0,88,1,0,7,3,44,21,0,0,4,18,53,0,0,2.18,0.66,14,0,0.0,0,0,0,22,18,4,0,0,,41,46.07,0,0,2,112,20,18,0,20,1679,2,,0,2,0,0,0,0,0,0,0,189,9,0,6.84,0,0,0,0,0,0,0,0,0.0,0.0,1,5,14,11,1,8,40.0,0,29,18,62.07,16,26,20,24,48,47.52,58,376,305,657,143.7,19,0,1046,4,4,0,Patrick van Aanholt,Sparta Rotterdam,74577,2960
32,0,0.0,77,64,42.11,200,347,547,79.74,31,63.27,18,14,0,0,0,0,44,0,0,0,1,73,14,0,0,0,8,33,0,0,0.45,0.36,5,0,0.0,14,0,0,30,26,4,0,0,,26,63.41,0,0,0,139,19,2,0,13,1113,0,,0,0,0,0,0,0,0,0,0,147,0,0,6.84,0,0,0,0,0,0,0,0,0.0,0.0,3,4,3,4,3,1,33.33,0,24,14,58.33,2,66,3,1,57,63.33,152,304,383,686,95.8,7,0,860,1,1,0,Dario Van Den Buijs,RKC Waalwijk,783468,2956
29,6,33.33,151,33,55.93,303,191,488,79.35,26,47.27,29,27,3,0,0,0,93,4,0,5,2,40,26,0,0,22,23,117,0,0,2.63,2.14,36,0,16.67,0,3,6,25,24,1,3,0,,69,43.95,1,0,0,127,22,24,1,19,1730,2,,0,0,0,0,0,0,0,0,0,205,12,0,6.84,0,1,0,0,0,0,0,0,576.67,0.0,0,13,5,6,7,12,54.55,0,31,17,54.84,24,41,22,18,95,44.81,59,401,232,615,177.9,18,1,916,26,3,0,Oscar Fraulo,FC Utrecht,1008245,2948
10,4,50.0,109,17,80.95,176,120,292,81.56,7,41.18,10,19,0,0,0,0,53,2,1,6,1,5,19,0,0,13,4,55,0,0,1.01,2.33,18,0,4.0,0,1,1,23,19,4,1,0,,49,52.13,0,0,0,66,5,14,0,12,1058,0,,0,1,0,0,0,0,0,0,0,122,8,0,6.84,0,1,0,0,0,0,0,0,1058.0,0.0,7,8,17,6,13,11,50.0,0,20,15,75.0,13,14,22,8,56,50.45,21,232,134,358,130.0,25,0,528,18,1,0,Shiloh 't Zand,Feyenoord,1196520,2959
12,14,16.47,224,7,26.92,377,149,512,75.74,36,48.65,38,31,2,0,0,0,109,3,5,21,1,18,31,0,0,49,13,198,1,0,3.52,5.42,22,0,10.45,1,7,9,46,41,5,6,1,,135,45.76,1,0,1,164,3,27,0,29,2493,3,,0,0,1,0,100,0,1,0,0,461,11,0,6.84,0,6,0,0,0,0,0,0,356.14,0.0,0,39,28,25,21,48,38.4,0,41,23,56.1,27,22,125,85,171,46.34,26,564,197,676,212.1,67,0,1311,46,2,0,Leo Sauer,NAC Breda,1150938,2947
31,33,31.73,125,39,43.82,280,222,469,81.14,13,39.39,20,24,3,0,0,0,62,7,0,2,1,66,24,0,0,8,17,66,0,1,2.49,0.14,12,0,0.0,0,0,3,34,30,4,0,0,,59,56.19,0,0,0,109,9,27,0,18,1540,0,,0,0,0,0,0,0,0,0,0,245,4,0,6.84,0,0,0,0,0,0,0,0,0.0,0.0,1,0,6,2,2,11,52.38,0,36,27,75.0,27,62,21,104,72,52.17,89,418,264,578,164.2,6,0,1055,12,2,0,Juan Familia-Castillo,RKC Waalwijk,856735,2956
11,3,30.0,84,11,52.38,136,92,225,66.57,53,51.46,50,26,2,0,0,0,43,3,6,6,0,25,26,0,0,20,6,126,0,0,1.2,6.42,34,0,20.0,0,8,10,31,27,4,8,0,,33,30.28,4,0,1,113,3,14,0,19,1590,5,,0,0,2,0,100,0,2,0,0,207,9,0,6.84,0,4,0,0,0,0,0,0,198.75,0.0,4,31,9,17,17,12,40.0,0,9,6,66.67,14,17,30,10,86,40.57,21,233,115,338,177.8,40,1,600,12,5,0,Jizz Hornkamp,Heracles Almelo,914392,2977
21,0,0.0,6,90,32.97,45,341,386,67.36,4,100.0,0,16,0,0,0,0,142,0,0,0,3,14,16,0,0,0,0,1,0,0,0.02,,1,0,0.0,92,0,0,24,24,0,0,0,0.7,1,50.0,0,11,0,187,0,0,0,16,1366,0,,0,0,0,1,0,1,0,0,0,191,0,6,6.84,0,0,8,31,13,44,0,7,0.0,0.0,0,0,0,0,0,0,0.0,8,0,0,0.0,0,46,0,0,5,83.33,273,180,393,573,109.4,0,0,711,2,1,0,Andries Noppert,SC Heerenveen,339339,2964
1,0,0.0,48,3,75.0,72,44,116,74.84,18,39.13,28,22,3,0,0,0,18,2,4,8,1,10,19,0,0,12,1,53,0,0,1.34,2.76,6,0,12.0,0,3,6,16,11,5,3,0,,31,55.36,1,0,1,39,3,9,1,9,851,4,,0,0,0,0,0,0,0,0,0,90,4,0,6.84,0,1,0,0,0,0,0,0,283.67,0.0,0,19,6,8,9,3,27.27,0,5,4,80.0,9,3,11,6,49,48.04,4,108,53,155,129.9,25,0,305,23,0,0,Milan Smit,Go Ahead Eagles,1199214,2979
15,3,42.86,78,29,44.62,176,176,349,76.03,21,58.33,15,20,0,0,0,0,56,1,0,2,0,65,19,0,0,8,8,50,0,0,1.11,0.61,12,0,16.67,0,1,1,20,17,3,1,0,,49,58.33,0,0,0,110,14,6,0,14,1129,0,,0,0,0,0,0,0,0,0,0,165,1,0,6.84,0,1,0,0,0,0,0,0,1129.0,0.0,0,4,2,2,2,14,66.67,0,29,20,68.97,6,36,21,7,70,58.33,65,259,207,459,129.9,6,0,789,6,0,0,Olivier Aertssen,PEC Zwolle,1049446,2971
2,0,0.0,109,0,0.0,172,80,252,72.41,47,41.96,65,30,3,0,0,0,36,5,17,13,3,10,30,0,0,29,3,142,0,0,2.09,10.15,37,0,9.76,0,4,7,15,13,2,4,0,,64,45.39,0,0,2,96,3,21,3,22,1569,9,,0,0,0,0,0,0,0,0,2,178,11,0,6.84,0,1,0,0,0,0,0,0,392.25,0.0,0,39,2,16,12,8,44.44,0,6,5,83.33,21,3,18,1,111,43.87,0,245,104,348,205.1,41,0,606,50,6,0,Brian Brobbey,AFC Ajax,910048,2953
43,4,36.36,176,50,49.5,461,528,985,87.01,16,40.0,24,30,1,0,0,0,131,4,0,6,6,44,30,0,0,21,20,106,1,1,2.75,1.6,22,0,4.55,0,1,2,40,36,4,1,0,,87,51.48,0,0,2,147,42,19,0,30,2562,1,,0,0,0,0,0,0,0,0,0,231,14,0,6.84,0,1,0,0,0,0,0,0,2562.0,0.0,0,3,19,12,4,20,51.28,0,37,21,56.76,19,65,39,11,103,49.28,101,569,574,1132,205.1,22,1,1509,31,6,0,Ryan Fosso,Fortuna Sittard,1142147,2957
8,0,0.0,48,11,68.75,87,86,173,83.98,5,50.0,5,11,0,0,0,0,31,0,0,2,2,9,11,0,0,9,5,31,0,1,0.36,0.91,6,0,14.29,0,1,1,4,2,2,1,0,,25,49.02,0,0,0,33,5,4,0,4,504,0,,0,0,0,0,0,0,0,0,0,71,3,0,6.84,0,1,0,0,0,0,0,0,504.0,0.0,0,3,4,4,1,7,53.85,0,13,6,46.15,4,12,13,5,30,49.18,16,115,96,206,75.2,7,0,353,5,1,0,Jorthy Mokio,AFC Ajax,1563462,2953
11,2,66.67,53,13,52.0,99,93,190,82.97,10,55.56,8,13,0,0,0,0,17,2,0,1,0,13,11,0,0,5,1,22,0,0,1.18,0.04,7,0,0.0,0,0,0,6,6,0,0,0,,18,56.25,0,0,0,39,3,7,0,4,458,0,,0,0,0,0,0,0,0,0,0,54,0,0,6.84,0,0,0,0,0,0,0,0,0.0,0.0,0,1,1,1,0,1,50.0,0,7,5,71.43,7,21,2,3,28,56.0,25,132,100,229,75.2,2,0,304,10,2,0,Calvin Twigt,Go Ahead Eagles,1084944,2979
30,12,24.49,202,35,53.03,404,247,639,82.77,18,54.55,15,25,2,0,0,0,68,4,0,3,4,28,25,0,0,6,6,40,0,0,2.66,0.5,7,0,0.0,0,0,2,20,16,4,0,0,,28,52.83,0,0,0,133,12,24,0,14,1355,2,,0,0,0,0,0,0,0,0,0,213,5,0,6.84,0,0,0,0,0,0,0,0,0.0,0.0,1,4,6,4,3,6,50.0,0,15,7,46.67,24,51,12,49,46,53.49,66,525,296,772,170.9,10,0,1084,7,0,0,Gijs Smal,Feyenoord,860160,2959
3,2,13.33,152,6,60.0,235,77,310,80.94,9,26.47,25,23,3,0,0,0,64,4,8,6,0,10,23,0,0,26,8,88,0,1,3.8,4.61,6,0,5.88,0,2,5,21,20,1,2,0,,57,47.5,0,0,0,73,3,26,2,17,1542,1,,0,0,0,0,0,0,0,0,0,189,14,0,6.83,0,0,0,0,0,0,0,0,771.0,0.0,0,24,10,10,18,28,53.85,0,24,12,50.0,26,6,52,15,66,42.86,10,299,99,383,157.2,34,0,664,5,2,0,Ernest Poku,AZ Alkmaar,1119502,2950
6,1,50.0,65,2,50.0,111,35,145,71.08,28,38.89,44,25,0,0,0,0,30,2,7,6,0,7,24,0,0,23,2,111,0,0,1.34,6.7,19,0,22.22,0,8,8,23,21,2,8,0,,39,36.79,0,0,2,59,0,8,0,13,1273,2,,0,0,3,0,100,0,3,0,0,140,8,0,6.83,0,8,0,0,0,0,0,0,159.13,0.0,0,31,5,12,18,16,40.0,0,7,3,42.86,8,10,40,2,67,37.64,4,154,52,204,164.0,36,2,413,17,1,0,Ion Nicolaescu,SC Heerenveen,891210,2964
29,0,0.0,218,51,51.52,484,455,939,85.99,28,40.0,42,26,1,0,0,0,81,1,3,8,5,54,26,0,0,17,22,119,0,0,1.38,1.42,32,0,0.0,0,0,1,39,34,5,0,0,,76,49.67,0,0,2,153,21,14,0,25,2161,1,,0,0,0,0,0,0,0,0,0,210,5,0,6.83,0,0,0,0,0,0,0,0,0.0,0.0,0,11,6,5,4,4,33.33,0,48,31,64.58,14,57,12,4,104,46.64,99,592,504,1092,177.6,17,0,1400,25,3,0,Dirk Wanner Proper,NEC Nijmegen,961685,2962
20,13,12.75,143,24,30.0,337,369,693,79.2,30,53.57,26,24,1,0,0,0,91,4,2,1,2,68,24,0,0,16,22,103,1,0,1.03,0.62,29,0,14.29,0,1,2,33,26,7,1,0,,80,50.96,0,0,0,182,28,16,1,22,1949,0,,0,0,0,0,0,0,0,0,0,368,4,0,6.83,0,0,0,0,0,0,0,0,1949.0,0.0,0,5,2,4,2,9,42.86,0,51,32,62.75,16,49,21,102,110,51.64,80,545,432,875,163.8,7,1,1466,20,4,0,Mickael Tirpan,Willem II Tilburg,800340,2961
0,1,50.0,9,0,0.0,13,4,16,72.73,2,50.0,2,4,0,0,0,0,0,0,0,0,0,0,4,0,0,1,1,7,0,0,0.15,0.39,1,0,25.0,0,1,1,0,0,0,1,0,,2,28.57,0,0,0,6,1,3,1,0,90,0,,0,0,0,0,0,0,0,0,0,11,0,0,6.83,0,0,0,0,0,0,0,0,90.0,0.0,0,3,1,1,3,0,0.0,0,1,0,0.0,3,0,2,2,4,36.36,0,19,5,22,27.3,4,0,37,1,0,0,Aymen Sliti,Feyenoord,1479467,2959
17,20,33.9,140,22,43.14,229,126,335,73.14,5,55.56,4,31,4,0,0,0,73,4,3,8,0,17,30,0,0,12,15,53,0,0,3.55,2.36,12,0,4.0,0,1,5,19,16,3,1,0,,39,44.32,1,0,0,123,14,24,0,16,1362,3,,1,0,0,0,0,0,0,0,0,210,15,0,6.82,0,0,0,0,0,0,0,0,1362.0,0.0,3,15,10,9,8,9,45.0,0,24,12,50.0,24,34,20,59,44,45.36,51,359,158,458,204.7,25,0,717,6,0,0,Jens Toornstra,FC Utrecht,99960,2948
12,10,24.39,124,17,65.38,222,111,323,77.27,15,32.61,31,33,1,0,0,0,75,5,4,6,2,13,33,0,0,30,14,127,0,0,2.81,3.71,27,1,22.58,0,7,8,25,20,5,5,2,,75,43.86,1,0,0,95,14,23,3,20,1850,3,,0,0,0,0,0,0,0,0,0,247,16,0,6.82,0,3,0,0,0,0,0,0,264.29,50.0,2,23,8,12,13,20,41.67,0,21,8,38.1,23,22,48,41,90,41.47,26,325,134,418,225.1,31,0,775,34,3,0,Sami Ouaissa,NEC Nijmegen,1394147,2962
19,8,27.59,146,32,45.71,319,387,698,82.02,23,43.4,30,24,1,0,0,0,87,1,1,1,4,89,24,0,0,9,16,91,0,0,0.89,0.76,19,0,0.0,1,0,1,28,25,3,0,0,,67,52.34,0,0,0,153,31,11,0,23,1944,4,,0,0,0,1,0,0,0,0,0,281,1,0,6.82,0,0,0,0,0,0,0,0,0.0,0.0,0,3,2,4,0,7,28.0,0,44,32,72.73,11,37,25,29,90,49.72,70,430,450,851,163.7,5,0,1391,16,3,0,Sherel Constancio Floranus,PEC Zwolle,803021,2971
38,9,24.32,176,57,49.57,367,490,848,83.71,25,48.08,27,29,0,0,0,0,117,0,1,4,2,115,29,0,0,11,20,91,1,0,1.42,0.54,34,0,0.0,1,0,0,52,43,9,0,0,,85,57.05,0,0,0,165,23,19,0,24,2155,1,,0,1,0,3,0,0,0,0,0,235,3,0,6.82,0,0,0,0,0,0,0,0,0.0,0.0,0,6,1,2,1,4,80.0,0,64,45,70.31,18,76,5,37,110,54.73,115,508,542,1013,197.7,7,0,1490,17,3,0,Julian Lelieveld,RKC Waalwijk,798179,2956
9,7,30.43,53,15,39.47,128,124,245,70.61,17,48.57,18,18,1,0,0,0,53,0,0,0,3,50,18,0,0,10,11,60,0,0,0.78,0.71,17,0,20.0,0,1,2,19,15,4,1,0,,64,60.38,0,0,0,102,16,7,0,14,1233,3,,0,0,0,0,0,0,0,0,0,165,5,0,6.82,0,1,0,0,0,0,0,0,1233.0,0.0,0,3,2,1,4,6,50.0,0,42,26,61.9,7,27,12,23,81,57.45,38,213,157,347,122.7,5,0,671,16,6,0,Boyd Lucassen,NAC Breda,912651,2947
7,0,0.0,10,44,33.59,34,90,124,58.22,0,0.0,0,6,0,0,0,0,40,0,0,0,3,4,6,0,0,0,0,0,0,0,0.02,,0,0,0.0,45,0,0,3,3,0,0,0,-2.42,1,100.0,0,1,0,89,1,0,0,6,540,0,,0,0,0,0,0,0,0,0,0,89,0,1,6.82,0,0,1,6,4,10,0,2,0.0,0.0,0,0,0,0,0,0,0.0,1,1,1,100.0,0,13,0,0,1,100.0,131,100,113,213,40.9,0,0,246,0,0,0,Jeroen Zoet,AZ Alkmaar,40963,2950
18,4,28.57,140,14,46.67,291,220,507,82.17,15,35.71,27,27,2,0,0,0,84,1,2,6,0,22,27,0,0,14,17,86,0,0,1.78,1.97,14,0,0.0,0,0,2,24,20,4,0,0,,62,51.24,0,0,0,110,13,20,0,18,1595,0,,0,0,0,0,0,0,0,0,1,177,10,0,6.81,0,0,0,0,0,0,0,0,0.0,0.0,0,12,12,12,6,12,46.15,0,30,19,63.33,20,30,26,14,77,47.24,30,375,256,617,183.9,24,0,883,20,1,0,Joshua Kitolano,Sparta Rotterdam,913584,2960
44,0,0.0,33,147,37.12,91,404,495,66.27,7,100.0,0,28,0,0,0,0,205,0,0,0,9,21,28,0,0,0,0,0,1,0,0.05,,0,0,0.0,118,0,0,34,30,4,0,0,-4.21,5,100.0,0,21,0,252,2,0,0,28,2520,0,,0,0,0,0,0,3,0,1,0,258,0,9,6.81,0,0,10,35,17,53,0,3,0.0,0.0,0,0,0,0,0,3,100.0,9,1,0,0.0,0,65,3,0,12,100.0,396,305,442,747,190.7,0,0,950,1,0,0,Rome Jayden Owusu-Oduro,AZ Alkmaar,1145999,2950
17,1,25.0,65,17,50.0,139,150,288,77.42,14,37.84,23,22,0,0,0,0,44,0,0,4,1,27,19,0,0,7,24,70,0,0,0.56,0.25,14,0,0.0,0,0,0,10,9,1,0,0,,55,53.92,0,0,0,84,9,10,0,8,851,0,,0,0,0,0,0,0,0,0,0,109,2,0,6.81,0,0,0,0,0,0,0,0,0.0,0.0,0,0,8,2,2,2,50.0,0,49,38,77.55,10,33,4,4,69,49.64,34,196,180,372,129.4,8,0,549,4,4,0,Nick Fichtinger,PEC Zwolle,1509752,2971
11,19,21.11,98,26,30.23,225,239,445,72.71,24,48.0,26,31,2,0,0,0,115,3,1,2,5,50,31,0,0,24,21,114,0,0,1.61,1.07,25,0,12.5,0,2,4,32,28,4,2,0,,86,49.43,0,0,2,167,35,18,2,19,1779,0,,0,0,0,0,0,0,0,0,0,371,5,0,6.81,0,0,0,0,0,0,0,0,889.5,0.0,1,9,7,8,6,28,60.87,0,41,25,60.98,18,34,46,90,110,49.11,86,405,297,612,211.1,16,0,1232,17,4,0,Jasper Dahlhaus,Fortuna Sittard,1048758,2957
13,3,42.86,71,8,38.1,122,57,176,83.02,14,70.0,6,11,0,0,0,0,5,1,0,1,0,6,11,0,0,1,2,12,0,0,0.79,0.09,1,0,0.0,0,0,0,3,2,1,0,0,,13,68.42,0,0,0,36,2,9,0,0,227,0,,0,0,0,0,0,0,0,0,0,48,0,0,6.81,0,0,0,0,0,0,0,0,0.0,0.0,0,1,0,0,0,1,33.33,0,7,4,57.14,9,27,3,7,27,69.23,21,153,66,212,74.9,1,0,267,5,1,0,Àlex Carbonell,Almere City FC,355076,2990
21,0,0.0,69,40,45.98,391,687,1078,90.59,38,45.24,46,23,1,0,0,0,82,1,1,0,4,70,23,0,0,3,5,73,0,0,0.47,0.74,18,0,0.0,19,0,1,29,24,5,0,0,,31,53.45,0,0,0,112,24,4,0,19,1639,2,,0,0,0,0,0,0,0,0,0,133,0,0,6.81,0,0,0,0,0,0,0,0,0.0,0.0,0,4,1,4,1,3,75.0,0,19,7,36.84,4,35,4,3,69,48.59,87,462,731,1190,156.6,5,0,1384,10,3,0,Max Bruns,FC Twente,1091627,2955
12,14,45.16,165,12,34.29,291,162,439,77.98,3,12.5,21,30,0,0,0,0,86,3,1,10,1,17,27,0,0,24,20,91,0,0,2.24,2.0,23,0,9.68,0,3,3,30,25,5,2,1,,58,45.31,0,0,2,124,4,36,2,15,1468,3,,0,1,0,0,0,0,0,0,0,200,13,0,6.81,0,1,0,0,0,0,0,0,489.33,0.0,4,12,19,14,7,10,58.82,0,33,18,54.55,35,38,17,31,61,40.13,35,403,191,563,183.8,31,0,825,15,4,0,Mathis Suray,Go Ahead Eagles,909960,2979
16,6,28.57,189,14,48.28,280,130,404,63.62,97,40.93,140,32,2,0,0,0,73,6,10,11,6,47,32,0,0,41,13,239,0,0,3.16,5.37,32,0,3.92,0,2,4,49,36,13,1,1,,65,39.63,0,0,0,231,16,32,1,32,2708,6,,0,1,0,0,0,0,0,0,0,358,13,0,6.81,0,1,0,0,0,0,0,0,1354.0,0.0,0,42,9,25,15,16,51.61,0,35,22,62.86,31,31,31,21,162,40.4,29,474,182,635,217.8,51,1,1051,16,4,0,Thomas Robinet,Almere City FC,790802,2990
17,15,34.09,166,37,29.37,315,293,593,76.22,22,61.11,14,28,1,0,0,0,104,2,0,3,4,79,28,0,0,11,12,79,0,0,2.07,0.67,28,0,6.67,0,1,2,53,41,12,1,0,,91,58.33,0,0,1,185,28,18,0,27,2345,0,,0,0,0,0,0,0,0,0,0,359,7,0,6.8,0,1,0,0,0,0,0,0,2345.0,0.0,0,7,8,7,5,13,46.43,0,54,40,74.07,18,41,28,44,113,58.85,126,490,332,778,190.5,15,1,1413,24,5,0,Hamdi Akujobi,Almere City FC,983662,2990
8,8,27.59,73,7,53.85,118,58,168,76.71,12,60.0,8,22,0,0,0,0,42,0,0,0,0,5,21,0,0,13,8,55,0,0,1.37,0.75,10,0,7.14,0,1,1,14,10,4,0,1,,44,48.35,0,0,0,51,10,18,1,5,704,0,,0,0,0,1,0,0,0,0,0,130,5,0,6.8,0,0,0,0,0,0,0,0,704.0,0.0,0,8,6,9,5,21,52.5,0,11,4,36.36,18,9,40,29,56,50.45,13,184,64,219,142.8,14,0,417,12,3,0,Amar Fatah,Willem II Tilburg,1157829,2961
0,0,0.0,0,0,0.0,0,1,1,50.0,0,0.0,0,1,0,0,0,0,1,0,0,0,0,0,1,0,0,0,0,0,0,0,0.0,,0,0,0.0,0,0,0,0,0,0,0,0,,2,100.0,0,0,0,1,1,0,0,0,12,0,,0,0,0,0,0,0,0,0,0,1,0,0,6.8,0,0,0,0,0,0,0,0,0.0,0.0,0,0,0,0,0,0,0.0,0,2,1,50.0,0,0,0,0,2,100.0,1,1,1,2,6.8,0,0,5,0,1,0,Riechedly Bazoer,AZ Alkmaar,227196,2950
1,0,0.0,8,1,25.0,18,20,38,86.36,0,0.0,0,2,0,0,0,0,4,0,0,0,0,1,2,0,0,0,0,0,0,0,0.12,,0,0,0.0,0,0,0,1,1,0,0,0,,3,100.0,0,0,0,6,1,1,0,0,38,0,,0,0,0,0,0,0,0,0,0,8,1,0,6.8,0,0,0,0,0,0,0,0,0.0,0.0,0,0,0,0,0,0,0.0,0,2,2,100.0,1,4,0,1,3,100.0,4,24,21,44,13.6,0,0,58,1,0,0,Jordan Teze,PSV Eindhoven,825846,2952
6,3,60.0,13,8,47.06,27,32,56,81.16,1,25.0,3,5,0,0,0,0,13,0,0,0,0,15,5,0,0,0,1,8,0,0,0.13,,3,0,0.0,0,0,0,1,1,0,0,0,,8,61.54,0,0,0,13,1,3,0,0,151,0,,0,0,0,0,0,0,0,0,0,21,1,0,6.8,0,0,0,0,0,0,0,0,0.0,0.0,0,0,0,0,0,0,0.0,0,7,6,85.71,3,8,1,5,9,52.94,17,36,38,69,34.0,0,0,117,1,0,0,Kolbeinn Finnsson,FC Utrecht,797522,2948
8,10,27.78,124,8,61.54,193,101,284,79.11,6,33.33,12,31,0,0,0,0,83,1,2,10,0,11,31,0,0,28,21,116,0,0,1.43,3.02,12,0,9.38,0,3,3,33,25,8,3,0,,90,46.39,0,0,2,75,14,14,3,17,1522,0,,0,0,0,0,0,0,0,0,1,223,18,0,6.8,0,0,0,0,0,0,0,0,507.33,0.0,0,20,12,12,10,56,56.0,0,15,10,66.67,14,22,100,36,96,45.28,13,279,116,359,210.7,32,0,733,19,1,0,Juho Talvitie,Heracles Almelo,1149147,2977
9,5,13.51,107,24,50.0,216,173,384,86.1,8,66.67,4,21,0,0,0,0,41,1,0,1,1,27,20,0,0,7,5,35,0,0,1.24,0.1,12,0,0.0,0,0,0,15,10,5,0,0,,47,60.26,0,0,0,62,19,9,0,9,959,1,,0,0,0,0,0,0,0,0,0,141,1,0,6.8,0,0,0,0,0,0,0,0,0.0,0.0,0,3,1,2,1,5,41.67,0,29,19,65.52,9,23,12,37,55,61.11,48,291,192,446,135.9,4,0,715,13,3,0,Rob Nizet,Willem II Tilburg,964758,2961
14,1,12.5,107,12,75.0,197,139,335,72.83,35,41.18,50,28,1,0,1,0,107,2,4,8,2,18,28,0,0,32,31,172,0,0,1.44,6.13,39,0,15.38,0,6,7,29,26,3,6,0,,81,39.9,4,0,2,125,15,13,0,25,2065,4,,0,1,2,0,50,0,1,0,0,263,14,0,6.79,0,2,0,0,0,0,0,0,344.17,0.0,0,36,3,17,14,19,44.19,0,33,21,63.64,12,29,43,8,116,40.28,16,302,166,460,190.2,39,0,828,29,2,0,Ezequiel Bullaude,Fortuna Sittard,960077,2957
4,8,32.0,88,5,71.43,150,71,213,83.53,5,25.0,15,21,1,0,0,0,41,4,1,4,0,5,21,0,0,21,12,85,0,0,2.3,1.99,12,0,15.79,0,3,4,13,12,1,2,1,,47,40.17,1,0,1,42,3,16,0,8,878,4,,0,0,0,0,0,0,0,0,0,131,10,0,6.79,0,2,0,0,0,0,0,0,292.67,0.0,0,8,11,7,8,24,48.0,0,10,7,70.0,16,6,50,25,52,37.96,7,203,77,255,142.6,19,0,462,13,0,0,Mayckel Lahdo,AZ Alkmaar,1046028,2950
8,29,27.88,140,15,60.0,266,96,333,75.68,15,48.39,16,30,2,0,0,0,66,8,2,21,0,24,30,0,0,28,21,147,0,1,2.89,5.61,24,0,15.56,0,7,9,31,26,5,6,1,,75,36.41,0,0,1,107,8,28,0,22,1835,5,,0,0,3,0,100,0,3,0,0,334,8,0,6.79,0,7,0,0,0,0,0,0,262.14,0.0,2,29,16,11,13,35,37.63,0,25,16,64.0,28,14,93,104,90,37.97,25,416,128,440,203.7,45,1,922,15,5,0,Kristoffer Peterson,Fortuna Sittard,366942,2957
3,2,22.22,29,5,41.67,67,53,118,77.12,10,62.5,6,10,1,0,0,0,12,2,2,0,0,11,10,0,0,1,2,21,0,1,0.45,0.72,10,0,0.0,0,0,1,6,5,1,0,0,,21,58.33,0,0,0,35,6,6,0,6,465,0,,0,0,0,0,0,0,0,0,0,65,1,0,6.79,0,0,0,0,0,0,0,0,0.0,0.0,0,3,1,0,4,2,40.0,0,14,10,71.43,6,12,5,9,31,59.62,12,102,60,153,67.9,4,0,271,5,2,0,Bart Nieuwkoop,Feyenoord,797279,2959
1,2,18.18,20,9,69.23,42,47,87,81.31,2,66.67,1,8,1,0,0,0,9,0,0,0,1,7,8,0,0,2,1,5,0,0,0.12,,1,0,0.0,0,0,1,6,3,3,0,0,,15,78.95,0,0,0,20,4,2,0,3,279,0,,0,0,0,0,0,0,0,0,0,35,0,0,6.79,0,0,0,0,0,0,0,0,0.0,0.0,0,0,0,0,0,1,100.0,0,10,7,70.0,2,4,1,11,17,77.27,13,62,56,107,54.3,0,0,189,4,0,0,Mike Kleijn,Sparta Rotterdam,1193084,2960
44,23,24.21,196,66,35.29,375,328,680,72.96,16,47.06,18,31,3,0,0,0,112,2,0,1,9,76,31,0,0,12,15,83,0,0,4.51,0.25,21,0,0.0,0,0,3,40,36,4,0,0,,74,53.24,0,0,1,252,23,26,0,29,2514,1,,0,0,0,1,0,0,0,0,0,464,4,0,6.78,0,0,0,0,0,0,0,0,0.0,0.0,0,2,3,3,1,14,43.75,0,50,35,70.0,26,127,32,95,90,52.02,187,622,405,932,210.3,5,0,1584,10,3,0,Ivo Pinto,Fortuna Sittard,78730,2957
23,0,0.0,50,62,46.27,203,583,786,86.0,41,64.06,23,24,0,0,0,0,73,0,0,3,1,155,24,0,0,5,8,45,0,2,0.17,0.27,9,0,0.0,8,0,0,50,42,8,0,0,,40,64.52,0,0,0,128,36,2,0,22,1827,0,,1,0,0,0,0,0,0,0,0,145,1,0,6.78,0,0,0,0,0,0,0,0,0.0,0.0,0,3,5,3,2,1,100.0,0,27,18,66.67,2,44,1,0,81,64.29,134,288,626,914,162.8,8,0,1235,12,1,0,Roshon van Eijma,RKC Waalwijk,925930,2956
5,1,14.29,50,5,71.43,99,54,152,69.72,31,43.06,41,17,0,0,0,0,22,1,5,4,0,10,17,0,0,8,3,75,0,0,0.57,2.86,19,0,4.55,0,1,1,19,19,0,1,0,,25,42.37,0,0,0,66,0,9,0,11,997,2,,0,0,0,0,0,0,0,0,0,105,4,0,6.78,0,1,0,0,0,0,0,0,997.0,0.0,0,17,5,9,9,4,36.36,0,8,7,87.5,9,8,11,7,56,42.75,7,164,61,218,115.3,22,0,347,13,0,0,Sydney van Hooijdonk,NAC Breda,943595,2947
22,1,16.67,125,39,54.93,267,251,517,80.78,17,43.59,22,27,1,0,0,0,116,3,2,6,3,37,27,0,0,24,14,86,0,2,1.5,1.54,17,0,13.33,0,2,3,41,35,6,1,1,,76,54.29,0,0,1,123,30,18,0,23,1828,0,,0,0,0,1,0,0,0,0,0,216,5,0,6.78,0,2,0,0,0,0,0,0,914.0,0.0,0,5,10,6,3,18,64.29,0,51,29,56.86,18,49,28,6,93,51.96,71,358,288,640,183.1,15,0,970,8,0,0,Tim van de Loo,RKC Waalwijk,1174460,2956
20,0,0.0,68,53,59.55,313,867,1180,90.08,38,50.67,37,28,0,0,0,0,105,0,0,1,5,119,27,0,1,3,9,61,1,2,0.26,1.03,11,0,25.0,31,1,1,39,34,5,1,0,,39,61.9,0,0,0,130,32,1,0,25,2241,0,,0,0,0,2,0,0,0,0,0,139,2,0,6.78,1,1,0,0,0,0,0,0,2241.0,0.0,0,2,2,0,3,0,0.0,0,32,19,59.38,1,34,1,0,77,55.8,89,395,915,1310,183.1,4,1,1571,7,1,0,Thijmen Blokzijl,FC Groningen,1121401,2951
3,2,15.38,38,3,100.0,51,10,59,76.62,7,87.5,1,10,0,0,0,0,9,2,1,1,0,0,10,0,0,2,1,19,0,0,0.3,0.93,7,0,14.29,0,1,1,2,2,0,1,0,,11,37.93,0,0,1,18,0,3,1,1,220,1,,0,0,0,0,0,0,0,0,0,53,2,0,6.78,0,0,0,0,0,0,0,0,220.0,0.0,0,6,1,4,2,4,33.33,0,5,2,40.0,3,3,12,13,18,48.65,3,79,11,77,67.8,7,0,140,2,1,0,Christian Rasmussen,AFC Ajax,996989,2953
4,2,15.38,49,4,26.67,98,80,176,87.56,4,57.14,3,10,0,0,0,0,12,1,0,1,0,6,10,0,0,4,3,16,0,0,0.75,0.18,6,0,0.0,0,0,0,5,4,1,0,0,,19,59.38,0,0,0,25,2,2,0,3,368,0,,0,0,0,0,0,0,0,0,0,49,1,0,6.78,0,0,0,0,0,0,0,0,0.0,0.0,0,4,0,2,1,3,100.0,0,7,5,71.43,2,11,3,13,23,58.97,15,123,91,201,67.8,4,0,307,9,2,0,Owen Wijndal,AFC Ajax,836673,2953
6,8,22.86,118,15,37.5,213,190,395,83.69,5,21.74,18,21,2,0,0,0,54,4,0,0,2,44,19,0,0,8,23,72,0,0,1.78,,11,0,0.0,0,0,2,21,18,3,0,0,,63,53.85,0,0,0,77,12,12,0,13,1249,1,,0,0,0,0,0,0,0,0,0,158,0,0,6.78,0,0,0,0,0,0,0,0,0.0,0.0,0,0,0,0,0,8,40.0,0,42,27,64.29,12,14,20,35,68,48.57,40,293,214,472,128.8,0,1,840,13,4,0,Jannes Wieckhoff,Heracles Almelo,984880,2977
9,0,0.0,89,19,67.86,171,138,309,83.74,14,66.67,7,15,1,0,0,0,45,0,0,2,0,9,14,0,0,10,11,38,0,0,0.57,0.09,8,0,0.0,0,0,1,15,15,0,0,0,,40,56.34,0,0,0,60,4,7,0,8,729,0,,0,0,0,0,0,0,0,0,0,92,0,0,6.78,0,0,0,0,0,0,0,0,0.0,0.0,0,0,3,1,0,6,66.67,0,28,21,75.0,7,13,9,1,54,58.7,28,210,160,369,94.9,3,0,488,6,1,0,Amara Condé,SC Heerenveen,817978,2964
4,0,0.0,29,3,37.5,57,70,127,79.38,11,68.75,5,9,1,0,0,0,25,0,0,4,0,7,9,0,0,2,3,22,0,0,0.06,0.64,8,0,16.67,0,1,2,6,5,1,1,0,,21,55.26,0,0,0,33,4,2,1,4,406,0,,0,0,0,0,0,0,0,0,0,47,1,0,6.78,0,0,0,0,0,0,0,0,406.0,0.0,0,3,3,1,1,3,42.86,0,10,7,70.0,2,7,7,3,32,59.26,8,81,82,160,61.0,6,0,231,8,2,0,Can Bozdoğan,FC Utrecht,934249,2948
4,3,37.5,67,8,25.81,100,69,166,68.6,1,6.25,15,17,1,0,0,0,38,1,2,5,0,8,17,0,0,6,8,43,0,0,1.68,2.15,12,0,18.18,0,4,5,18,15,3,2,2,,21,42.86,0,0,0,76,2,9,3,8,738,1,,0,0,0,0,0,0,0,0,0,113,5,0,6.78,0,1,0,0,0,0,0,0,184.5,0.0,0,11,11,7,10,2,33.33,0,8,6,75.0,9,19,6,8,22,33.85,31,167,83,242,115.2,22,1,360,11,3,0,Richard van der Venne,RKC Waalwijk,804489,2956
5,3,25.0,75,4,57.14,116,54,167,84.77,4,80.0,1,13,0,0,0,0,19,1,0,1,0,1,12,0,0,11,3,32,0,0,0.86,1.24,3,0,9.09,0,1,1,5,3,2,1,0,,19,38.0,0,0,0,30,1,7,0,5,481,0,,0,0,0,0,0,0,0,0,0,77,2,0,6.78,0,1,0,0,0,0,0,0,481.0,0.0,0,6,5,6,4,7,33.33,0,4,3,75.0,7,8,21,12,23,41.82,7,147,62,197,81.3,11,0,305,8,0,0,Luka Ivanušec,Feyenoord,822462,2959
14,2,20.0,51,22,48.89,105,175,278,80.12,19,76.0,6,12,0,0,0,0,35,1,0,1,0,50,12,0,0,1,6,22,0,1,0.23,0.03,5,0,0.0,0,0,0,19,17,2,0,0,,37,69.81,0,0,0,69,11,5,0,8,826,0,,0,0,0,1,0,0,0,0,0,103,2,0,6.78,0,0,0,0,0,0,0,0,0.0,0.0,0,0,1,0,0,7,63.64,0,27,19,70.37,5,21,11,10,56,71.79,45,157,200,347,81.3,1,0,593,3,0,0,Luuk Wouters,RKC Waalwijk,1048222,2956
17,6,12.77,73,17,20.48,176,139,309,69.75,25,46.3,29,26,1,0,0,0,58,1,0,1,0,73,26,0,0,8,15,89,0,0,1.35,0.57,26,0,14.29,0,1,2,30,28,2,1,0,,90,60.0,0,0,0,134,21,9,0,19,1673,0,,0,0,0,0,0,0,0,0,0,319,2,0,6.77,0,1,0,0,0,0,0,0,1673.0,0.0,0,4,3,3,3,1,7.14,0,72,40,55.56,9,40,14,47,115,56.37,83,309,181,443,176.1,7,1,971,18,2,0,Wouter Prins,FC Groningen,1481249,2951
18,7,17.07,134,62,46.97,245,225,463,74.92,34,59.65,23,29,1,0,0,0,117,1,0,3,3,82,28,0,0,14,26,89,2,0,1.32,0.34,16,0,0.0,0,0,1,44,36,8,0,0,,116,63.74,0,0,0,155,41,13,0,22,2044,1,,1,0,0,1,0,0,0,0,0,306,7,0,6.77,0,0,0,0,0,0,0,0,0.0,0.0,0,5,6,2,6,22,66.67,0,63,37,58.73,13,46,33,41,150,62.76,132,386,273,618,189.6,11,0,1238,32,3,0,Mimeirhel Benita,Heracles Almelo,1130308,2977
13,3,30.0,76,18,50.0,203,209,409,85.03,17,42.5,23,21,0,0,0,0,52,0,0,2,3,29,20,0,0,8,11,55,0,1,0.33,0.07,4,0,0.0,0,0,0,18,17,1,0,0,,56,63.64,0,0,0,72,29,3,0,15,1277,0,,0,0,0,0,0,0,0,0,0,121,4,0,6.77,0,0,0,0,0,0,0,0,0.0,0.0,0,0,5,3,0,5,33.33,0,45,32,71.11,3,25,15,10,73,57.03,36,262,229,481,135.4,5,0,707,6,1,0,Alonzo Engwanda,FC Utrecht,1000548,2948
14,3,37.5,79,16,69.57,167,126,290,92.06,4,33.33,8,14,1,0,0,0,20,0,0,0,0,12,13,0,0,5,4,24,0,0,0.4,0.84,5,0,33.33,0,1,2,9,8,1,1,0,,22,57.89,1,0,0,25,5,4,0,5,478,0,,0,0,0,0,0,0,0,0,0,50,3,0,6.77,0,0,0,0,0,0,0,0,478.0,0.0,0,3,0,2,1,5,62.5,0,12,7,58.33,4,19,8,8,26,52.0,23,189,134,315,88.0,3,0,450,5,2,0,Mees De Wit,AZ Alkmaar,893559,2950
1,2,9.52,81,4,50.0,127,36,161,78.92,7,38.89,11,22,3,0,0,0,43,1,3,6,0,5,22,0,0,22,6,76,0,0,1.48,1.99,7,0,15.79,0,3,6,12,10,2,3,0,,46,41.44,0,0,1,43,6,17,0,6,786,3,,0,0,0,0,0,0,0,0,0,144,9,0,6.77,0,3,0,0,0,0,0,0,262.0,0.0,0,17,2,7,6,20,39.22,0,10,5,50.0,17,3,51,21,53,41.09,8,182,43,204,148.9,19,1,409,17,2,0,Ibrahim Osman,Feyenoord,1471095,2959
12,19,35.19,118,14,50.0,255,156,392,85.22,10,66.67,5,27,3,0,0,0,50,2,2,2,0,25,25,0,0,5,5,27,0,0,1.21,0.93,5,0,0.0,0,0,3,22,17,5,0,0,,32,59.26,0,0,0,68,8,23,0,12,1087,0,,0,0,0,0,0,0,0,0,0,132,4,0,6.77,0,0,0,0,0,0,0,0,0.0,0.0,0,3,1,1,1,1,12.5,0,22,12,54.55,23,21,8,54,42,60.87,28,332,182,460,169.2,4,0,647,9,2,0,Daniel Van Kaam,Heracles Almelo,876257,2977
24,0,0.0,113,34,47.89,262,276,538,81.39,30,57.69,22,24,0,0,0,0,69,0,1,4,0,28,23,0,0,7,23,64,0,0,0.49,1.04,10,0,0.0,3,0,0,23,20,3,0,0,,50,54.35,0,0,0,123,12,10,0,15,1304,0,,1,0,0,0,0,0,0,0,0,150,3,0,6.77,0,0,0,0,0,0,0,0,0.0,0.0,0,9,2,5,2,1,25.0,0,30,21,70.0,10,41,4,3,80,55.56,71,359,305,661,155.6,11,0,849,20,1,0,Fredrik Jensen,NAC Breda,226762,2947
11,2,18.18,86,14,45.16,208,118,324,80.0,10,37.04,17,20,0,0,0,0,68,1,0,8,1,8,20,0,0,17,12,84,0,1,0.51,1.3,10,0,13.33,0,2,2,25,19,6,2,0,,84,55.63,0,0,0,81,7,6,1,15,1194,1,,0,0,0,0,0,0,0,0,0,160,11,0,6.77,0,1,0,0,0,0,0,0,597.0,0.0,0,10,5,2,5,20,40.82,0,34,21,61.76,6,34,49,11,94,52.81,31,281,135,405,135.3,15,0,661,32,1,0,Dave Kwakman,FC Groningen,1146002,2951
5,3,27.27,123,2,18.18,199,65,261,73.31,34,25.56,99,29,3,0,0,0,53,4,10,12,1,6,28,0,0,35,7,186,0,0,2.32,5.84,27,0,7.14,0,3,6,26,18,8,3,0,,73,45.63,0,0,3,95,1,19,1,18,1617,9,,0,0,0,0,0,0,0,0,0,217,25,0,6.76,0,2,0,0,0,0,0,0,539.0,0.0,0,30,12,14,16,21,48.84,0,11,10,90.91,19,12,43,11,107,36.52,11,292,75,356,189.4,42,0,682,41,1,0,Charles-Andreas Brym,Almere City FC,990814,2990
22,0,0.0,113,39,30.47,361,647,1008,87.88,26,44.83,32,25,1,0,0,0,97,0,4,2,5,84,25,0,0,2,19,92,0,1,0.33,2.66,38,0,7.14,6,1,2,30,28,2,1,0,,70,53.85,1,0,1,139,16,5,0,23,1877,1,,0,0,0,0,0,0,0,0,0,162,1,0,6.76,0,0,0,0,0,0,0,0,1877.0,0.0,0,12,2,7,5,3,50.0,0,50,32,64.0,5,53,6,1,96,51.06,128,458,690,1147,169.1,14,1,1415,17,5,0,Mees Hilgers,FC Twente,1014288,2955
1,2,66.67,36,5,83.33,63,52,113,70.63,14,33.33,28,23,0,0,0,0,23,1,3,5,0,11,22,0,0,17,3,73,0,0,0.39,4.34,12,0,20.83,0,5,5,13,12,1,4,1,,27,37.5,0,0,0,47,1,10,5,4,670,4,,0,0,1,0,100,0,1,0,0,114,3,0,6.76,0,0,0,0,0,0,0,0,134.0,0.0,0,19,5,6,13,8,34.78,0,6,1,16.67,10,1,23,3,41,35.96,6,100,63,160,148.8,24,1,320,13,4,0,Noah Ohio,FC Utrecht,1100456,2948
13,6,16.67,75,16,44.44,150,152,296,80.65,7,35.0,13,20,1,0,0,0,40,1,0,1,0,28,19,0,0,8,8,50,0,0,0.94,0.09,18,0,0.0,0,0,1,18,15,3,0,0,,46,55.42,0,0,0,71,15,9,0,10,934,0,,0,0,0,0,0,0,0,0,0,130,2,0,6.76,0,0,0,0,0,0,0,0,0.0,0.0,1,0,1,0,0,9,75.0,0,28,13,46.43,9,26,12,36,53,51.46,36,233,170,367,128.5,1,0,562,9,3,0,Jan Žambůrek,Heracles Almelo,930295,2977
5,2,33.33,42,9,39.13,85,110,193,81.43,9,56.25,7,8,2,0,0,0,16,0,1,0,0,25,8,0,0,1,3,18,0,1,0.61,0.41,4,0,25.0,0,1,3,15,13,2,1,0,,14,56.0,1,0,0,44,5,7,0,8,638,0,,0,0,0,0,0,0,0,0,0,65,2,0,6.76,0,0,0,0,0,0,0,0,638.0,0.0,0,4,0,2,2,1,25.0,0,10,5,50.0,7,12,4,6,23,56.1,23,114,129,237,54.1,4,0,375,3,1,0,Niklas Vesterlund,FC Utrecht,837010,2948
4,1,100.0,44,4,66.67,79,56,134,71.66,28,46.67,32,21,1,0,0,0,28,1,6,1,0,7,21,0,0,15,6,75,0,0,0.72,5.94,20,0,19.05,0,4,5,10,8,2,4,0,,30,41.1,0,0,1,53,2,8,2,9,837,5,,0,0,0,0,0,0,0,0,0,99,4,0,6.76,0,2,0,0,0,0,0,0,209.25,0.0,0,21,0,13,7,3,37.5,0,9,5,55.56,8,8,8,1,58,43.61,6,117,71,187,142.0,21,0,323,19,1,0,Julián Carranza,Feyenoord,895591,2959
3,0,0.0,66,1,33.33,107,52,159,65.98,52,46.43,60,29,1,0,0,0,33,2,2,7,2,2,28,0,1,26,5,125,0,0,1.05,1.98,23,0,16.0,0,4,5,17,17,0,3,1,,40,38.1,2,0,0,82,1,16,0,6,962,5,,0,0,0,0,0,0,0,0,2,175,5,0,6.76,1,2,0,0,0,0,0,0,240.5,0.0,0,20,5,11,7,5,29.41,0,8,5,62.5,16,11,17,3,92,42.4,3,179,65,241,189.3,25,1,448,28,3,0,Brynjólfur Darri Willumsson,FC Groningen,907520,2951
2,0,0.0,32,1,20.0,45,19,64,53.78,19,36.54,33,15,0,0,0,0,19,0,5,9,0,13,15,0,0,5,8,65,0,0,0.54,3.53,15,0,14.29,0,4,4,13,13,0,3,1,,19,37.25,1,0,0,55,1,3,0,9,810,5,,0,0,0,0,0,0,0,0,0,86,7,0,6.76,0,3,0,0,0,0,0,0,202.5,0.0,0,23,5,9,10,4,44.44,0,10,6,60.0,3,9,9,3,38,36.89,5,94,28,119,101.4,28,1,247,6,3,0,Bryan Linssen,NEC Nijmegen,47753,2962
5,6,15.38,56,2,25.0,122,106,222,76.55,9,45.0,11,17,1,0,0,0,41,0,2,10,1,6,17,0,0,12,8,66,0,0,0.92,3.2,13,0,8.0,0,2,3,14,12,2,2,0,,46,45.54,1,0,1,68,3,6,1,12,989,0,,0,0,0,0,0,0,0,0,0,156,8,0,6.76,0,0,0,0,0,0,0,0,494.5,0.0,1,18,7,4,11,9,29.03,0,12,9,75.0,6,13,31,39,55,45.45,8,210,119,290,114.9,25,0,502,26,1,0,Rober González,NEC Nijmegen,910022,2962
10,15,18.99,132,15,68.18,219,111,315,79.75,8,36.36,14,31,4,0,0,0,97,10,9,7,3,12,31,0,0,41,8,123,0,0,3.14,5.32,30,0,11.43,0,4,8,42,35,7,3,1,,76,41.08,0,0,3,80,9,27,2,23,2174,11,,0,0,0,0,0,0,0,0,1,279,21,0,6.76,0,2,0,0,0,0,0,0,543.5,0.0,0,27,8,16,12,16,34.78,0,23,17,73.91,27,13,46,79,84,40.58,22,339,135,395,209.5,35,0,826,37,2,0,Mario Engels,Heracles Almelo,132674,2977
2,0,0.0,41,1,33.33,58,28,86,70.49,19,52.78,17,19,2,0,0,0,15,2,1,2,0,5,19,0,0,11,3,40,0,0,0.8,2.78,7,0,25.0,0,3,5,6,5,1,3,0,,7,23.33,0,0,0,36,6,5,0,3,454,8,,0,0,0,0,0,0,0,0,0,71,1,0,6.76,0,3,0,0,0,0,0,0,151.33,0.0,0,10,2,4,6,0,0.0,0,2,1,50.0,5,3,3,4,26,39.39,3,91,35,122,128.4,12,0,210,5,1,0,Finn Stokkers,Go Ahead Eagles,360006,2979
8,8,13.56,142,12,44.44,265,122,379,72.05,52,52.53,47,30,2,0,0,0,95,4,3,27,0,23,30,0,0,53,18,234,0,0,2.05,7.04,55,0,5.88,0,5,7,41,30,11,5,0,,110,37.04,0,0,3,147,13,18,1,29,2229,4,,0,0,0,0,0,0,0,0,0,409,18,0,6.76,0,4,0,0,0,0,0,0,445.8,0.0,0,49,36,37,21,40,38.1,0,49,25,51.02,18,24,105,59,162,40.91,27,429,156,526,202.7,85,0,1122,21,6,0,Junior Kadile,Almere City FC,999033,2990
32,2,11.76,161,48,51.61,398,403,799,84.46,23,41.82,32,25,2,0,0,0,137,0,2,8,6,30,25,0,1,28,25,135,0,3,1.37,1.49,31,0,6.9,1,2,4,24,18,6,2,0,,103,50.0,1,0,1,147,25,19,1,23,1973,1,,0,0,0,1,0,0,0,0,0,250,15,0,6.76,1,0,0,0,0,0,0,0,986.5,0.0,0,10,19,15,6,24,53.33,0,40,19,47.5,19,51,45,17,126,48.28,93,514,449,946,168.9,29,0,1321,39,3,0,Kodai Sano,NEC Nijmegen,1184054,2962
8,11,37.93,104,16,88.89,188,116,293,83.95,9,30.0,21,23,2,0,0,0,49,3,0,4,0,14,22,0,0,13,9,52,0,0,1.52,0.44,7,0,0.0,0,0,2,28,23,5,0,0,,35,53.03,0,0,0,56,3,21,0,13,1309,0,,0,0,0,0,0,0,0,0,0,114,6,0,6.75,0,0,0,0,0,0,0,0,0.0,0.0,2,3,6,2,3,8,80.0,0,16,10,62.5,21,15,10,29,44,45.83,18,247,131,349,148.6,9,0,515,12,0,0,Samuel Bastien,Fortuna Sittard,352964,2957
17,11,52.38,74,24,42.11,168,122,279,76.44,13,52.0,12,13,0,0,0,0,44,2,0,2,1,28,13,0,0,3,14,42,0,1,1.08,0.21,11,0,0.0,0,0,0,19,18,1,0,0,,30,50.0,0,0,0,86,5,14,0,9,870,0,,0,0,0,0,0,0,0,0,0,132,2,0,6.75,0,0,0,0,0,0,0,0,0.0,0.0,0,3,1,2,0,4,57.14,0,22,12,54.55,14,37,7,21,43,50.59,57,240,146,365,87.8,4,0,570,4,0,0,Maxime Busi,NAC Breda,943926,2947
20,1,100.0,81,31,57.41,186,180,365,80.75,12,57.14,9,17,2,0,0,0,56,1,0,0,1,28,17,0,0,12,14,59,0,3,0.37,,12,0,0.0,0,0,2,12,12,0,0,0,,39,43.82,0,0,0,87,24,9,0,9,853,0,,0,0,0,0,0,0,0,0,0,127,3,0,6.75,0,0,0,0,0,0,0,0,0.0,0.0,0,0,0,0,0,1,7.69,0,27,19,70.37,9,35,13,1,51,46.36,54,241,212,452,114.8,0,0,629,11,4,0,Ryan Thomas,PEC Zwolle,333571,2971
9,6,31.58,177,15,40.54,329,125,448,79.29,5,17.86,23,32,1,0,0,0,72,2,0,6,3,7,30,0,0,27,14,104,0,1,3.03,2.34,20,0,25.0,0,5,6,29,25,4,4,1,,67,45.27,0,0,0,117,9,21,2,23,1960,3,,0,0,0,1,0,0,0,0,1,226,17,0,6.75,0,3,0,0,0,0,0,0,392.0,0.0,0,10,10,2,12,13,36.11,0,35,22,62.86,21,27,36,19,72,40.91,37,436,148,565,202.5,20,1,867,19,2,0,Jorg Schreuders,FC Groningen,1424404,2951
29,6,18.18,143,34,62.96,256,135,385,76.09,17,44.74,21,30,0,0,0,0,109,4,8,23,1,25,30,0,1,31,31,162,0,0,3.03,4.75,27,0,4.48,0,3,3,30,29,1,2,1,,87,38.16,0,0,3,121,14,20,1,22,1948,9,,0,0,0,1,0,0,0,0,0,306,17,0,6.75,1,2,0,0,0,0,0,0,649.33,0.0,0,39,28,29,15,42,43.75,0,20,13,65.0,20,52,96,33,104,39.1,54,384,155,506,202.5,67,0,967,25,0,0,Ilias Sebaoui,SC Heerenveen,1154586,2964
3,4,30.77,67,4,33.33,158,158,312,88.89,11,37.93,18,18,0,0,0,0,42,0,2,3,1,10,18,0,0,18,16,83,0,0,0.49,1.66,23,0,7.69,0,1,1,15,15,0,1,0,,68,51.13,0,0,1,39,16,2,1,12,1041,0,,0,0,0,0,0,0,0,0,1,98,6,0,6.75,1,0,0,0,0,0,0,0,1041.0,0.0,0,8,5,6,4,6,42.86,0,34,24,70.59,2,9,14,13,79,48.77,12,194,170,351,121.5,13,0,563,28,3,1,Édouard Michut,Fortuna Sittard,1048011,2957
2,2,50.0,38,0,0.0,65,20,83,74.77,1,14.29,6,17,0,0,0,0,19,0,0,2,0,4,16,0,0,9,8,43,0,0,0.76,1.02,2,0,7.69,0,1,1,5,3,2,1,0,,38,50.67,0,0,2,28,1,5,1,3,335,1,,0,0,0,0,0,0,0,0,1,73,2,0,6.75,0,0,0,0,0,0,0,0,335.0,0.0,0,10,3,6,5,20,52.63,0,5,2,40.0,5,6,38,4,39,47.56,3,91,24,111,108.0,13,1,234,13,1,0,Jayden Addai,AZ Alkmaar,1177723,2950
10,0,0.0,49,21,58.33,143,184,327,88.86,23,65.71,12,14,0,0,0,0,18,0,1,0,0,26,12,0,0,1,4,20,0,0,0.13,0.45,3,0,25.0,3,1,1,9,9,0,1,0,,2,20.0,1,0,0,41,6,0,0,4,431,1,,0,0,0,0,0,0,0,0,0,47,0,0,6.75,0,0,0,0,0,0,0,0,431.0,0.0,0,4,0,1,3,0,0.0,0,2,1,50.0,0,21,1,0,25,55.56,36,174,194,368,81.0,4,1,424,0,1,0,Armando Obispo,PSV Eindhoven,825838,2952
10,0,0.0,0,31,39.74,9,68,77,62.1,3,75.0,1,4,0,0,0,0,39,0,0,0,0,4,4,0,0,0,0,1,1,0,0.0,,0,0,0.0,33,0,0,6,5,1,0,0,-0.72,0,0.0,0,5,0,47,0,0,0,4,360,0,,0,0,0,0,0,1,0,0,0,48,0,3,6.75,0,0,0,8,2,10,0,1,0.0,0.0,0,0,0,0,0,0,0.0,0,0,0,0.0,0,14,0,0,3,75.0,78,38,86,124,27.0,0,0,166,0,0,0,Mike Hauptmeijer,PEC Zwolle,376448,2971
2,0,0.0,17,55,35.95,45,28,73,42.44,1,100.0,0,6,0,0,0,0,45,0,0,0,0,2,6,0,0,0,0,0,0,0,0.04,,0,0,0.0,54,0,0,15,13,2,0,0,-1.08,0,0.0,0,3,0,99,0,0,0,6,540,0,,0,0,0,0,0,2,0,1,0,100,0,0,6.75,0,0,2,16,4,20,1,4,0.0,0.0,0,0,0,0,0,0,0.0,2,0,0,0.0,0,2,0,0,1,100.0,153,133,39,172,40.5,0,0,211,0,3,0,Luuk Koopmans,Fortuna Sittard,128992,2957
0,0,0.0,5,0,0.0,6,2,8,88.89,0,0.0,0,2,0,0,0,0,1,0,0,0,0,0,2,0,0,0,0,0,0,0,0.1,0.07,0,0,0.0,0,0,0,1,1,0,0,0,,1,100.0,0,0,0,1,0,1,0,0,25,0,,0,0,0,0,0,0,0,0,0,2,0,0,6.75,0,0,0,0,0,0,0,0,0.0,0.0,0,1,0,1,0,0,0.0,0,1,1,100.0,1,0,0,0,1,100.0,0,7,2,9,13.5,1,0,13,0,0,0,Lucas Pérez,PSV Eindhoven,107128,2952
13,3,10.71,66,20,40.82,149,187,333,80.83,6,40.0,9,13,0,0,0,0,39,1,0,0,1,26,13,0,1,3,9,35,0,0,0.41,0.1,10,0,0.0,0,0,0,13,11,2,0,0,,20,43.48,0,0,0,79,10,4,0,10,927,1,,0,0,0,0,0,0,0,0,0,137,1,0,6.75,1,0,0,0,0,0,0,0,0.0,0.0,0,1,1,1,1,0,0.0,0,17,13,76.47,4,22,4,28,26,42.62,49,221,219,412,87.7,2,0,644,3,3,0,Djevencio van der Kust,Sparta Rotterdam,974530,2960
25,0,0.0,21,131,34.75,73,593,666,72.55,5,100.0,0,31,0,0,0,0,251,0,0,0,11,28,31,0,0,0,0,0,5,2,0.11,,0,0,0.0,173,0,0,39,35,4,0,0,-2.33,4,100.0,0,22,0,252,0,1,0,31,2790,0,,0,0,0,0,0,2,0,0,0,258,0,9,6.75,0,0,15,44,18,64,1,11,0.0,0.0,0,0,0,0,0,2,100.0,13,0,0,0.0,1,42,2,0,9,100.0,377,251,667,918,209.1,0,0,1191,2,0,0,Lars Unnerstall,FC Twente,94835,2955
3,0,0.0,25,2,50.0,35,3,38,76.0,0,0.0,1,7,0,0,0,0,5,2,1,2,0,5,7,0,0,0,1,3,0,0,0.49,0.34,0,0,0.0,0,0,0,3,3,0,0,0,,1,33.33,0,0,0,12,1,5,0,1,194,1,,0,0,0,0,0,0,0,0,0,24,1,0,6.74,0,0,0,0,0,0,0,0,0.0,0.0,0,3,3,2,2,0,0.0,0,0,0,0.0,5,7,1,7,1,25.0,4,53,4,50,47.2,6,0,83,1,0,0,Oscar Pettersson,Go Ahead Eagles,825906,2979
10,1,33.33,54,13,61.9,121,52,172,83.09,5,35.71,9,12,0,0,0,0,16,0,0,1,0,13,12,0,0,3,3,24,0,0,0.54,0.28,9,0,0.0,1,0,0,5,3,2,0,0,,22,59.46,0,0,0,35,4,3,0,2,360,0,,0,0,0,0,0,0,0,0,0,48,2,0,6.74,0,0,0,0,0,0,0,0,0.0,0.0,0,3,1,2,1,5,100.0,0,9,7,77.78,3,13,5,3,27,52.94,21,147,63,207,80.9,4,0,281,8,3,0,Metinho,Sparta Rotterdam,1106148,2960
35,13,23.64,113,42,46.15,271,317,575,75.86,9,40.91,13,29,2,0,0,0,82,6,0,1,3,69,26,0,0,7,23,61,0,1,2.52,1.02,11,0,25.0,0,2,4,34,30,4,2,0,,44,47.83,0,0,0,183,16,14,1,22,1835,1,,0,0,0,1,0,0,0,0,0,289,0,0,6.74,0,1,0,0,0,0,0,0,917.5,0.0,0,6,2,4,3,5,41.67,0,37,23,62.16,14,67,12,55,53,46.49,91,432,381,758,175.2,8,1,1236,2,1,0,Damian van der Haar,PEC Zwolle,1172732,2971
26,1,20.0,92,37,42.05,236,277,512,79.26,19,40.43,28,26,0,0,0,0,67,1,0,2,0,58,26,0,0,9,20,80,0,2,0.43,0.49,16,0,25.0,0,2,2,32,25,7,2,0,,49,48.51,1,0,0,134,35,5,1,16,1494,3,,0,0,0,0,0,0,0,0,0,182,3,0,6.74,0,0,0,0,0,0,0,0,747.0,0.0,0,7,1,3,3,6,42.86,0,37,21,56.76,5,63,14,5,68,45.95,88,324,327,646,175.2,8,0,915,6,5,0,Boris Lambert,Willem II Tilburg,936240,2961
6,0,0.0,9,12,50.0,43,86,129,84.31,13,59.09,9,9,0,0,0,0,5,1,0,1,0,26,8,0,0,0,2,15,0,0,0.46,1.23,4,0,50.0,1,2,2,7,6,1,2,0,,7,53.85,1,0,0,24,1,1,0,1,261,1,,0,0,0,0,0,0,0,0,0,24,0,0,6.74,0,1,0,0,0,0,0,0,130.5,0.0,0,2,2,1,2,1,100.0,0,5,4,80.0,1,11,1,0,20,57.14,24,58,95,153,53.9,4,0,202,1,0,0,Justin Hoogma,Heracles Almelo,833246,2977
6,5,29.41,56,5,71.43,84,15,94,78.33,3,50.0,3,11,1,0,0,0,17,1,2,7,0,2,11,0,0,9,3,29,0,0,1.13,1.23,4,0,0.0,0,0,1,6,6,0,0,0,,27,50.94,0,0,0,26,1,8,0,3,391,2,,0,0,0,1,0,0,0,0,0,71,6,0,6.74,0,0,0,0,0,0,0,0,0.0,0.0,0,10,8,9,2,10,50.0,0,9,5,55.56,8,13,20,17,30,50.85,7,115,22,120,74.1,18,0,241,8,2,0,Naci Ünüvar,FC Twente,954317,2955
3,1,14.29,50,4,100.0,88,63,150,77.32,28,37.84,46,18,1,0,0,0,22,2,6,3,0,9,18,0,0,9,7,95,0,1,0.86,4.75,27,0,16.67,0,4,5,25,22,3,4,0,,32,39.51,0,0,0,44,2,4,0,13,1186,9,,0,0,0,0,0,0,0,0,0,107,4,0,6.73,0,4,0,0,0,0,0,0,296.5,0.0,0,22,2,10,11,2,20.0,0,11,6,54.55,4,4,10,7,60,38.71,4,131,70,194,121.2,24,1,358,19,5,0,Alessio Da Cruz,Fortuna Sittard,780206,2957
0,0,0.0,3,0,0.0,8,13,21,67.74,3,27.27,8,5,0,0,0,0,2,0,0,0,0,10,3,0,0,1,1,13,0,0,0.01,,2,0,0.0,0,0,0,2,2,0,0,0,,10,66.67,0,0,0,10,0,0,0,1,131,0,,0,0,0,0,0,0,0,0,0,18,0,0,6.73,0,0,0,0,0,0,0,0,0.0,0.0,0,0,0,0,0,1,50.0,0,9,6,66.67,0,0,2,1,13,50.0,2,13,19,31,20.2,0,0,78,0,2,0,Jens Mathijsen,Willem II Tilburg,1897233,2961
25,0,0.0,16,87,34.66,45,443,488,74.16,8,100.0,0,18,0,0,0,0,141,0,0,0,4,25,18,0,0,0,0,0,2,2,0.03,,0,0,0.0,89,0,0,32,24,8,0,0,-6.55,1,100.0,0,7,0,170,0,0,0,18,1620,0,,0,0,0,0,0,3,0,0,0,170,0,13,6.73,0,0,5,32,17,49,1,9,0.0,0.0,0,0,0,0,0,0,0.0,5,0,0,0.0,0,42,0,0,9,100.0,251,173,485,658,121.2,0,0,821,1,0,0,Luca Plogmann,Go Ahead Eagles,877840,2979
1,0,0.0,40,0,0.0,56,15,71,52.21,75,68.81,34,18,0,0,0,0,11,0,1,1,0,5,16,0,1,4,1,43,0,0,0.44,1.05,3,0,10.0,0,1,1,10,9,1,1,0,,8,47.06,0,0,1,65,1,6,0,5,448,1,,0,0,0,0,0,0,0,0,0,83,3,0,6.73,1,1,0,0,0,0,0,0,448.0,0.0,0,10,0,6,3,1,50.0,0,3,2,66.67,6,2,2,0,83,65.87,1,117,19,136,107.7,10,0,198,5,0,0,Baptiste Guillaume,Almere City FC,320919,2990
8,12,26.09,97,11,35.48,192,107,287,77.57,16,35.56,29,30,0,0,0,0,68,2,8,10,2,19,30,0,0,29,13,117,1,0,1.54,5.18,12,0,11.11,0,5,5,14,11,3,4,1,,65,42.48,0,0,0,83,12,15,2,18,1511,2,,0,0,0,0,0,0,0,0,0,230,8,0,6.73,0,3,0,0,0,0,0,0,302.2,0.0,0,34,11,17,18,18,33.33,0,28,19,67.86,15,15,54,46,81,40.91,31,288,128,370,201.9,45,1,729,20,0,0,Shunsuke Mito,Sparta Rotterdam,1002479,2960
8,2,10.53,117,19,43.18,237,243,478,86.59,8,57.14,6,21,0,0,0,0,59,1,0,2,1,46,21,0,0,7,21,50,0,0,1.41,0.5,7,0,7.69,0,1,1,21,20,1,1,0,,36,45.0,0,0,2,74,16,7,0,11,1216,0,,0,0,0,1,0,0,0,0,0,149,3,0,6.73,0,1,0,0,0,0,0,0,1216.0,0.0,0,6,7,6,5,7,43.75,0,25,15,60.0,7,24,16,19,44,46.81,44,306,265,552,141.3,13,0,850,4,1,0,Eliano Reijnders,PEC Zwolle,960112,2971
2,0,0.0,80,9,75.0,119,49,168,86.15,3,37.5,5,11,0,0,0,0,33,2,1,6,0,2,11,0,0,15,6,45,0,0,1.5,0.76,1,0,9.09,0,1,1,5,4,1,1,0,,15,27.27,0,0,0,27,2,11,0,4,446,0,,0,0,0,0,0,0,0,0,0,86,8,0,6.73,0,1,0,0,0,0,0,0,446.0,0.0,0,9,2,2,3,5,21.74,0,8,6,75.0,11,5,23,7,18,28.57,12,148,54,195,74.0,11,0,314,2,0,0,Ali Jasim,Almere City FC,1066729,2990
26,13,14.29,174,20,45.45,298,138,423,72.43,46,43.4,60,32,5,0,0,0,104,9,4,20,3,33,32,0,0,44,16,194,0,0,3.0,3.41,36,0,2.38,0,1,6,46,42,4,1,0,,89,39.91,0,0,2,161,15,28,1,28,2347,6,,1,0,0,0,0,0,0,0,0,400,20,0,6.73,0,0,0,0,0,0,0,0,2347.0,0.0,0,31,11,12,10,19,32.76,0,39,25,64.1,28,41,58,91,135,41.03,44,511,164,584,215.2,42,0,1125,32,3,0,Suf Podgoreanu,Heracles Almelo,1010062,2977
1,1,16.67,3,0,0.0,6,9,14,51.85,1,100.0,0,4,0,0,0,0,3,0,0,0,0,1,4,0,0,1,2,4,0,0,0.11,0.06,1,0,100.0,0,1,1,1,0,1,0,1,,3,42.86,0,0,0,13,5,0,1,0,84,0,,0,0,0,0,0,0,0,0,0,24,0,0,6.73,0,0,0,0,0,0,0,0,84.0,0.0,0,0,1,0,1,0,0.0,0,2,2,100.0,0,1,0,6,4,50.0,2,18,15,27,26.9,1,0,59,1,0,0,Noam Emeran,FC Groningen,1069509,2951
2,1,33.33,22,9,28.13,48,62,109,73.65,5,45.45,6,14,1,0,0,0,14,1,0,0,0,23,12,0,0,0,1,11,0,0,0.1,0.08,3,0,0.0,0,0,1,13,11,2,0,0,,13,72.22,0,0,0,39,4,1,0,2,307,0,,0,0,0,0,0,0,0,0,0,48,1,0,6.73,0,0,0,0,0,0,0,0,0.0,0.0,0,2,0,1,1,1,50.0,0,11,8,72.73,1,13,2,3,18,62.07,32,80,71,148,80.7,2,1,224,1,1,0,Darijo Grujčić,Fortuna Sittard,870118,2957
0,3,30.0,5,1,33.33,13,3,13,61.9,0,0.0,3,6,1,0,0,0,3,0,0,0,0,1,4,0,0,2,0,6,0,0,0.12,0.07,1,0,0.0,0,0,1,2,2,0,0,0,,5,62.5,0,0,0,8,1,3,0,0,50,0,,0,0,0,0,0,0,0,0,1,19,0,0,6.73,0,0,0,0,0,0,0,0,0.0,0.0,0,1,0,1,0,1,50.0,0,3,3,100.0,3,0,2,10,5,45.45,3,27,4,21,26.9,1,0,47,1,0,0,Ayoub Oufkir,Sparta Rotterdam,1648756,2960
33,2,66.67,217,41,64.06,466,333,797,88.26,10,55.56,8,26,1,0,0,0,84,0,0,2,0,31,26,0,0,14,9,37,0,0,0.92,0.3,5,0,0.0,0,0,1,36,28,8,0,0,,36,55.38,0,0,1,106,8,13,0,23,1790,0,,0,0,0,0,0,0,0,0,0,147,5,0,6.72,0,0,0,0,0,0,0,0,0.0,0.0,0,1,6,4,1,5,71.43,0,27,14,51.85,13,56,7,3,46,55.42,64,539,367,903,174.8,7,0,1098,4,1,0,Anas Tahiri,Almere City FC,544156,2990
0,0,0.0,15,0,0.0,22,7,29,69.05,7,46.67,8,12,0,0,0,0,4,0,1,1,0,4,9,0,0,1,3,21,0,0,0.48,0.89,6,0,28.57,0,2,2,2,1,1,2,0,,5,27.78,0,0,0,13,1,3,1,0,136,2,,0,0,0,0,0,0,0,0,0,26,1,0,6.72,0,1,0,0,0,0,0,0,68.0,0.0,0,7,0,3,3,2,40.0,0,1,0,0.0,3,0,5,0,12,36.36,0,32,10,42,60.5,7,0,75,2,0,0,Nökkvi Þórisson,Sparta Rotterdam,987077,2960
5,12,28.57,46,12,34.29,95,76,159,74.65,8,72.73,3,15,2,0,0,0,11,5,1,0,1,19,14,0,0,3,4,24,0,0,2.33,0.23,10,0,0.0,0,0,2,11,9,2,0,0,,15,41.67,0,0,0,54,5,11,0,7,682,0,,0,0,0,0,0,0,0,0,0,107,1,0,6.72,0,0,0,0,0,0,0,0,0.0,0.0,0,3,2,2,3,5,55.56,0,8,5,62.5,11,22,9,42,23,48.94,35,170,85,213,94.1,5,0,384,2,0,0,Lefteris Lyratzis,NEC Nijmegen,850774,2962
16,6,26.09,140,23,69.7,291,183,468,80.69,16,31.37,35,26,2,0,0,0,65,2,7,10,2,13,26,0,0,27,14,125,0,0,1.29,3.03,30,0,10.26,0,4,6,34,26,8,3,1,,38,29.69,0,0,1,112,14,16,3,22,1886,3,,0,0,0,1,0,0,0,0,2,232,5,0,6.72,0,1,0,0,0,0,0,0,471.5,0.0,0,23,16,17,12,16,42.11,0,9,3,33.33,16,26,38,23,54,30.17,33,385,218,580,174.7,39,1,888,13,1,0,Cisse Sandra,Willem II Tilburg,1004449,2961
6,2,20.0,184,9,26.47,319,199,516,85.01,4,23.53,13,27,1,0,0,0,64,0,2,7,0,11,26,0,0,18,18,87,0,1,2.19,2.14,19,0,8.7,0,2,3,16,14,2,2,0,,59,44.36,0,0,0,91,10,12,1,12,1229,0,,0,0,0,0,0,0,0,0,0,167,8,0,6.72,0,1,0,0,0,0,0,0,614.5,0.0,0,11,12,7,9,17,47.22,0,26,14,53.85,12,23,36,10,63,42.0,34,397,220,607,174.7,23,0,837,16,3,0,Kian Fitz-Jim,AFC Ajax,1001945,2953
9,14,26.42,128,8,44.44,212,88,286,77.09,16,29.63,38,29,2,0,0,0,42,4,5,11,2,18,26,0,0,27,12,112,0,0,2.36,3.24,18,0,3.57,0,1,3,18,17,1,1,0,,44,37.29,0,0,0,85,11,23,0,12,1355,5,,0,1,0,0,0,0,0,0,0,207,7,0,6.72,0,1,0,0,0,0,0,0,1355.0,0.0,3,20,8,10,7,11,39.29,0,18,10,55.56,22,19,28,53,60,34.88,18,325,99,371,174.7,28,1,666,15,1,0,Odysseus Velanas,PEC Zwolle,846003,2971
21,13,16.88,109,27,27.0,235,253,475,71.97,18,41.86,25,26,1,0,0,0,91,4,1,6,3,74,25,0,0,8,26,101,0,0,1.41,1.46,21,0,5.88,0,1,2,37,32,5,1,0,,72,48.65,0,0,0,185,20,15,1,23,1940,3,,1,0,0,1,0,0,0,0,0,357,3,0,6.72,0,0,0,0,0,0,0,0,1940.0,0.0,0,12,5,9,2,11,33.33,0,54,28,51.85,15,53,33,77,90,47.12,100,418,319,660,167.9,17,0,1246,8,5,0,Rúnar Þór Sigurgeirsson,Willem II Tilburg,902229,2961
13,0,0.0,42,33,35.48,118,249,367,78.25,33,56.9,25,19,0,0,0,0,38,0,1,1,2,74,18,0,1,0,4,42,0,0,0.29,0.79,14,0,14.29,0,1,1,31,26,5,1,0,,22,56.41,0,0,0,102,18,2,0,13,1177,0,,0,0,0,0,0,0,0,0,0,130,1,0,6.71,1,1,0,0,0,0,0,0,1177.0,0.0,0,7,0,2,4,2,66.67,0,18,14,77.78,2,30,3,4,55,56.7,93,199,274,469,120.8,7,2,679,2,1,0,Joey Jacobs,Almere City FC,930838,2990
11,3,37.5,101,12,52.17,168,86,251,82.3,7,33.33,14,19,1,0,0,0,52,2,4,10,0,5,19,0,0,31,10,87,0,0,1.38,2.91,10,0,11.11,0,3,4,32,27,5,3,0,,56,43.41,1,0,0,54,9,13,0,11,1010,2,,0,0,0,0,0,0,0,0,0,148,6,0,6.71,0,1,0,0,0,0,0,0,336.67,0.0,0,20,7,9,8,26,52.0,0,13,6,46.15,13,23,50,8,63,42.0,23,216,97,305,127.4,27,1,540,17,3,0,Chris Lokesa,RKC Waalwijk,1126518,2956
13,1,33.33,92,17,70.83,179,138,316,78.61,16,35.56,29,29,3,0,0,0,52,2,6,6,1,16,28,0,0,11,10,77,1,1,1.64,2.95,20,0,10.0,0,2,5,15,14,1,2,0,,35,42.17,1,0,2,86,5,22,1,10,1130,1,,0,0,0,0,0,0,0,0,0,133,9,0,6.7,0,0,0,0,0,0,0,0,565.0,0.0,0,20,0,9,5,2,20.0,0,20,14,70.0,22,22,10,3,51,39.84,24,248,157,402,187.6,20,0,566,14,1,0,Victor Jensen,FC Utrecht,856648,2948
1,0,0.0,0,5,45.45,4,23,27,77.14,0,0.0,0,1,0,0,0,0,12,0,0,0,0,2,1,0,0,0,0,0,0,0,0.0,,0,0,0.0,2,0,0,2,2,0,0,0,-0.55,1,100.0,0,1,0,8,0,0,0,1,90,0,,0,0,0,0,0,1,0,0,0,8,0,0,6.7,0,0,2,2,0,2,0,0,0.0,0.0,0,0,0,0,0,0,0.0,2,1,1,100.0,0,4,0,0,1,100.0,11,9,26,35,6.7,0,0,44,0,0,0,Plamen Andreev,Feyenoord,1122621,2959
0,0,0.0,0,0,0.0,0,12,12,100.0,2,100.0,0,1,0,0,0,0,1,0,0,0,0,5,1,0,0,0,1,1,0,0,0.0,,0,0,0.0,0,0,0,1,1,0,0,0,,0,0.0,0,0,0,0,0,0,0,1,26,0,,0,0,0,0,0,0,0,0,0,0,0,0,6.7,0,0,0,0,0,0,0,0,0.0,0.0,0,0,0,0,0,0,0.0,0,0,0,0.0,0,0,0,0,2,66.67,0,0,12,12,6.7,0,0,18,0,0,0,Tristan Gooijer,PEC Zwolle,1142572,2971
0,0,0.0,1,7,50.0,3,15,18,72.0,0,0.0,0,1,0,0,0,0,2,0,0,0,0,0,1,0,0,0,0,0,0,0,0.0,,0,0,0.0,5,0,0,0,0,0,0,0,,0,0.0,0,0,0,7,0,0,0,0,45,0,,0,0,0,0,0,0,0,0,0,7,0,0,6.7,0,0,0,0,0,0,0,0,0.0,0.0,0,0,0,0,0,0,0.0,0,0,0,0.0,0,0,0,0,0,0.0,14,9,16,25,6.7,0,0,26,0,0,0,Joël Drommel,PSV Eindhoven,610396,2952
0,0,0.0,3,0,0.0,7,0,7,87.5,2,40.0,3,1,0,0,0,0,0,0,0,0,0,1,1,0,0,0,0,4,0,0,0.01,,1,0,0.0,0,0,0,1,1,0,0,0,,2,66.67,0,0,0,1,0,1,0,0,27,0,,0,0,0,0,0,0,0,0,0,1,0,0,6.7,0,0,0,0,0,0,0,0,0.0,0.0,0,0,0,0,0,2,100.0,0,0,0,0.0,1,0,2,0,4,50.0,0,7,1,8,6.7,0,0,13,0,0,0,Uriel van Aalst,Willem II Tilburg,2008016,2961
0,0,0.0,2,0,0.0,4,9,13,76.47,2,100.0,0,2,0,0,0,0,1,0,0,0,0,3,2,0,0,0,0,0,0,0,0.0,,0,0,0.0,0,0,0,0,0,0,0,0,,1,100.0,0,0,0,4,0,0,0,0,26,0,,0,0,0,0,0,0,0,0,0,5,0,0,6.7,0,0,0,0,0,0,0,0,0.0,0.0,0,0,0,0,0,0,0.0,0,1,1,100.0,0,2,0,0,3,100.0,1,7,10,17,13.4,0,0,26,0,0,0,Gerald Alders,FC Twente,1403075,2955
2,0,0.0,4,1,25.0,14,28,42,87.5,0,0.0,1,2,0,0,0,0,5,0,0,0,0,6,2,0,0,0,0,3,0,0,0.02,,2,0,0.0,0,0,0,2,2,0,0,0,,6,75.0,0,0,0,6,1,0,0,1,77,0,,0,0,0,0,0,0,0,0,0,11,0,0,6.7,0,0,0,0,0,0,0,0,0.0,0.0,0,0,0,0,0,1,100.0,0,5,2,40.0,0,2,1,4,6,66.67,4,23,29,48,13.4,0,0,73,0,1,0,Daley Sinkgraven,Fortuna Sittard,377206,2957
0,0,0.0,3,1,100.0,5,6,11,68.75,1,50.0,1,2,0,0,0,0,5,0,0,0,0,2,2,0,0,0,0,1,0,0,0.01,,0,0,0.0,0,0,0,0,0,0,0,0,,0,0.0,0,0,0,5,0,0,0,0,19,0,,0,0,0,0,0,0,0,0,0,5,0,0,6.7,0,0,0,0,0,0,0,0,0.0,0.0,0,0,0,0,0,0,0.0,0,0,0,0.0,0,0,0,0,1,50.0,1,8,8,16,13.4,0,0,18,0,0,0,Maxim Mariani,FC Groningen,1446119,2951
0,0,0.0,5,1,100.0,10,17,27,93.1,1,50.0,1,3,0,0,0,0,6,0,0,0,0,0,3,0,0,1,0,4,0,0,0.03,,2,0,0.0,0,0,0,2,1,1,0,0,,7,70.0,0,0,0,2,0,0,0,1,69,0,,0,0,0,0,0,0,0,0,0,6,0,0,6.7,0,0,0,0,0,0,0,0,0.0,0.0,0,0,0,0,0,1,100.0,0,4,3,75.0,0,0,1,2,8,66.67,1,14,17,29,20.1,0,0,40,2,1,0,Ro-Zangelo Daal,AZ Alkmaar,1145989,2950
0,0,0.0,0,0,0.0,3,0,3,42.86,0,0.0,1,1,0,0,0,0,2,0,0,0,0,0,1,0,0,0,0,2,0,0,0.0,0.13,0,0,0.0,0,0,0,0,0,0,0,0,,1,50.0,0,0,0,4,0,1,0,0,17,0,,0,0,0,0,0,0,0,0,0,6,0,0,6.7,0,0,0,0,0,0,0,0,0.0,0.0,0,1,0,1,0,1,50.0,0,0,0,0.0,1,0,2,0,1,33.33,1,7,0,7,6.7,1,0,12,0,0,0,Dion Versluis,NAC Breda,1388442,2947
0,0,0.0,7,0,0.0,9,2,11,84.62,0,0.0,0,1,0,0,0,0,0,0,0,1,0,0,1,0,0,0,0,1,0,0,0.08,0.06,0,0,0.0,0,0,0,1,1,0,0,0,,2,66.67,0,0,0,2,0,1,0,0,14,0,,0,0,0,0,0,0,0,0,0,5,0,0,6.7,0,0,0,0,0,0,0,0,0.0,0.0,0,1,0,0,0,2,66.67,0,0,0,0.0,1,0,3,1,2,66.67,0,12,2,13,6.7,1,0,22,0,0,0,Steven Bergwijn,AFC Ajax,361798,2953
0,0,0.0,0,0,0.0,4,0,4,80.0,0,0.0,0,2,0,0,0,0,2,0,0,0,0,0,2,0,0,0,0,2,0,0,0.0,0.05,2,0,0.0,0,0,0,0,0,0,0,0,,1,33.33,0,0,0,1,0,0,0,0,21,0,,0,0,0,0,0,0,0,0,0,1,1,0,6.7,0,0,0,0,0,0,0,0,0.0,0.0,0,1,0,0,1,0,0.0,0,0,0,0.0,0,0,0,0,1,33.33,0,4,1,5,13.4,1,0,8,1,0,0,Harrie Kuster,FC Twente,1512238,2955
3,0,0.0,80,3,50.0,163,81,244,63.54,93,47.69,102,27,2,0,0,0,53,3,7,4,1,20,27,0,1,36,16,199,0,0,1.08,5.09,30,0,13.79,0,4,6,30,26,4,4,0,,39,28.68,1,0,2,140,7,11,0,24,1907,11,,0,0,2,0,100,0,2,0,0,268,11,0,6.7,1,3,0,0,0,0,0,0,476.75,0.0,2,26,3,12,13,7,29.17,0,13,6,46.15,11,11,24,5,132,39.88,6,273,116,384,180.8,29,0,689,19,2,0,Kyan Vaesen,Willem II Tilburg,997827,2961
2,0,0.0,31,3,50.0,62,23,85,63.91,23,51.11,22,21,1,0,0,0,14,0,0,1,0,4,21,0,0,7,2,46,0,0,0.5,0.32,9,0,66.67,0,2,3,7,6,1,2,0,,21,46.67,0,0,0,48,2,4,1,0,336,1,,0,0,0,0,0,0,0,0,0,74,4,0,6.7,0,1,0,0,0,0,0,0,168.0,0.0,0,3,0,0,2,3,33.33,0,4,2,50.0,4,5,9,4,44,48.89,6,103,34,133,140.6,3,0,209,14,3,0,Kai de Rooij,PEC Zwolle,927605,2971
12,2,20.0,47,8,66.67,113,41,152,80.0,4,30.77,9,15,0,0,0,0,29,1,0,5,0,1,14,0,1,19,4,49,0,0,0.44,0.31,3,0,8.33,0,1,1,8,7,1,0,1,,28,41.18,0,0,0,38,4,6,0,4,492,1,,0,0,0,0,0,0,0,0,0,97,6,0,6.69,1,1,0,0,0,0,0,0,492.0,0.0,0,2,10,4,3,12,46.15,0,8,6,75.0,6,17,26,10,32,39.51,12,148,52,190,93.7,12,0,317,8,1,0,Saná Fernandes,NAC Breda,1513787,2947
1,0,0.0,30,1,25.0,48,35,83,70.34,9,33.33,18,13,0,0,0,1,20,1,5,1,0,3,13,0,0,5,5,44,0,0,0.24,3.91,13,0,20.0,0,3,3,14,13,1,3,0,,13,33.33,0,0,0,35,0,6,0,8,726,5,,0,0,2,0,50,0,1,0,1,73,4,0,6.69,0,3,0,0,0,0,0,0,242.0,0.0,0,14,1,5,9,2,28.57,0,4,3,75.0,6,4,7,2,22,33.33,4,77,43,118,87.0,15,0,211,8,0,0,Miloš Luković,SC Heerenveen,1165974,2964
6,4,15.38,65,10,45.45,108,66,170,74.56,12,52.17,11,13,0,0,0,0,25,0,3,1,0,16,13,0,0,7,9,47,0,0,1.01,1.9,9,0,20.0,0,2,2,11,10,1,2,0,,31,46.27,0,0,0,58,6,6,0,8,728,4,,0,0,0,0,0,0,0,0,0,120,5,0,6.69,0,2,0,0,0,0,0,0,364.0,0.0,0,10,0,3,6,5,31.25,0,10,4,40.0,6,11,16,26,43,47.78,22,176,78,228,87.0,10,0,382,16,2,0,Ole Romeny,FC Utrecht,921948,2948
15,17,28.81,104,17,28.33,218,202,403,78.4,8,40.0,12,22,1,0,0,0,54,1,1,2,2,40,22,0,0,11,10,54,0,1,1.27,0.29,17,0,0.0,0,0,1,19,14,5,0,0,,45,51.72,0,0,0,111,10,15,0,14,1224,0,,0,0,0,0,0,0,0,0,0,198,4,0,6.69,0,0,0,0,0,0,0,0,0.0,0.0,0,2,3,2,1,10,71.43,0,21,13,61.9,15,34,14,59,53,49.53,60,337,236,514,147.2,5,0,855,14,5,0,Aske Adelgaard,Go Ahead Eagles,1133233,2979
0,1,100.0,28,2,66.67,42,17,58,63.04,19,35.85,34,25,1,0,0,0,20,3,4,2,0,9,25,0,0,22,7,77,0,1,0.41,3.82,12,0,17.39,0,4,5,7,5,2,4,0,,18,29.51,3,0,1,34,1,5,0,3,585,2,,0,0,0,0,0,0,0,0,0,93,5,0,6.69,0,1,0,0,0,0,0,0,146.25,0.0,0,22,1,13,8,4,40.0,0,10,8,80.0,5,0,10,1,37,32.46,3,65,28,92,167.2,23,0,232,4,0,0,Kento Shiogai,NEC Nijmegen,1499696,2962
9,6,50.0,45,19,45.24,127,166,287,78.63,26,61.9,16,19,1,0,0,0,35,1,0,1,0,57,19,0,0,6,5,39,1,1,0.65,0.05,10,0,0.0,4,0,1,13,12,1,0,0,,29,55.77,0,0,0,78,13,3,0,9,830,1,,0,0,0,0,0,0,0,0,0,118,1,0,6.68,0,0,0,0,0,0,0,0,0.0,0.0,0,0,3,2,0,1,33.33,0,20,11,55.0,3,20,3,12,55,58.51,42,179,198,365,127.0,3,0,600,9,3,0,Finn Stam,FC Groningen,1125984,2951
27,0,0.0,80,45,45.45,237,473,710,85.03,45,52.33,41,26,1,0,0,0,60,1,4,2,2,101,25,0,0,1,12,71,0,1,1.11,1.22,16,0,0.0,17,0,1,40,31,9,0,0,,36,54.55,0,0,0,125,20,9,0,21,1772,4,,1,0,0,0,0,0,0,0,0,138,2,0,6.68,0,0,0,0,0,0,0,0,0.0,0.0,0,9,0,6,1,5,83.33,0,24,13,54.17,9,56,6,4,81,53.29,99,327,512,835,167.1,9,0,1086,7,0,0,James Lawrence,Almere City FC,193462,2990
1,0,0.0,22,2,100.0,45,29,74,61.16,21,48.84,22,24,0,0,0,0,18,4,4,2,0,3,23,0,0,12,2,56,0,0,0.58,1.96,13,0,18.75,0,3,3,21,19,2,3,0,,14,29.17,1,0,1,47,1,7,0,2,572,1,,0,0,0,0,0,0,0,0,0,87,5,0,6.68,0,2,0,0,0,0,0,0,190.67,0.0,0,15,1,3,11,6,42.86,0,3,2,66.67,7,1,14,0,35,38.46,2,80,41,121,153.7,16,0,225,5,1,0,Kacper Kostorz,NAC Breda,882645,2947
0,1,11.11,41,3,75.0,83,72,154,92.22,1,33.33,2,6,0,0,0,0,11,1,0,1,0,2,5,0,0,2,0,10,0,0,0.52,0.28,3,0,0.0,0,0,0,4,4,0,0,0,,10,55.56,0,0,0,13,1,2,0,3,276,1,,0,0,0,1,0,0,0,0,0,33,0,0,6.68,0,0,0,0,0,0,0,0,0.0,0.0,0,2,1,1,1,5,62.5,0,2,1,50.0,2,1,8,9,11,52.38,4,100,76,167,33.4,3,0,231,3,0,0,Fredrik Oppegård,PSV Eindhoven,1005648,2952
4,0,0.0,38,7,43.75,66,76,142,84.02,5,45.45,6,18,0,0,0,0,19,1,1,1,0,13,14,0,0,4,9,28,0,0,0.57,0.76,5,0,0.0,0,0,0,8,6,2,0,0,,25,53.19,0,0,0,27,3,5,0,3,344,1,,0,0,0,0,0,0,0,0,0,46,0,0,6.68,0,0,0,0,0,0,0,0,0.0,0.0,0,1,2,2,0,5,55.56,0,17,11,64.71,5,8,9,0,30,51.72,16,84,85,169,93.5,3,0,253,3,0,0,Robbin Weijenberg,Go Ahead Eagles,1386182,2979
7,0,0.0,21,23,46.94,82,190,272,84.47,23,53.49,20,16,0,0,0,0,20,0,1,0,1,44,14,0,0,0,3,26,1,0,0.08,0.5,3,0,0.0,12,0,0,7,7,0,0,0,,4,40.0,0,0,0,50,5,1,0,4,528,0,,0,0,0,0,0,0,0,0,0,52,0,0,6.68,0,0,0,0,0,0,0,0,0.0,0.0,0,3,0,2,1,0,0.0,0,3,2,66.67,1,15,0,0,27,50.94,49,122,200,322,93.5,3,0,405,1,1,0,Matisse Didden,FC Utrecht,996992,2948
8,11,35.48,64,10,40.0,109,84,182,75.21,9,37.5,15,26,0,0,0,0,31,2,2,1,0,19,25,0,0,12,14,62,0,0,1.6,1.41,7,0,25.0,0,2,2,20,17,3,2,0,,61,56.48,0,0,1,60,13,10,0,9,945,0,,0,0,0,0,0,0,0,0,0,150,1,0,6.68,0,2,0,0,0,0,0,0,472.5,0.0,0,8,0,4,3,12,46.15,0,24,14,58.33,10,17,26,31,70,53.03,25,170,103,242,166.9,8,0,528,25,1,0,Josip Mitrović,Fortuna Sittard,880751,2957
8,8,29.63,45,5,50.0,77,37,106,82.17,7,46.67,8,12,1,0,0,0,21,0,1,2,1,4,11,0,0,7,6,42,0,0,0.62,0.79,8,0,11.11,0,1,2,6,6,0,1,0,,18,34.62,0,0,0,23,4,12,0,3,481,0,,0,0,0,0,0,0,0,0,0,78,4,0,6.67,0,1,0,0,0,0,0,0,481.0,0.0,1,5,4,4,3,4,23.53,0,7,3,42.86,12,9,17,27,25,37.31,10,114,42,129,73.4,9,0,246,7,1,0,Luka Tunjić,Fortuna Sittard,1896133,2957
5,1,12.5,32,3,60.0,54,22,75,79.79,5,55.56,4,8,0,0,0,0,11,0,1,1,0,3,7,0,0,3,1,16,0,0,0.45,0.66,4,0,0.0,0,0,0,4,4,0,0,0,,12,50.0,0,0,2,19,3,2,0,3,280,1,,0,0,0,0,0,0,0,0,0,44,3,0,6.67,0,0,0,0,0,0,0,0,0.0,0.0,0,3,2,4,0,1,20.0,0,5,1,20.0,2,8,5,8,17,51.52,5,78,24,94,46.7,5,0,154,6,0,0,Miliano Jonathans,FC Utrecht,1211982,2948
18,0,0.0,22,20,51.28,70,126,196,84.12,8,50.0,8,7,0,0,0,0,21,0,0,0,0,27,7,0,0,0,2,17,0,0,0.06,0.04,5,0,0.0,2,0,0,9,7,2,0,0,,7,43.75,0,0,0,37,7,1,0,4,401,1,,0,0,0,0,0,0,0,0,0,40,1,0,6.67,0,0,0,0,0,0,0,0,0.0,0.0,0,1,0,0,1,2,50.0,0,5,2,40.0,1,26,4,0,15,46.88,39,99,134,233,46.7,1,0,295,0,0,0,Redouan El Yaakoubi,RKC Waalwijk,887617,2956
9,0,0.0,66,4,40.0,116,67,183,69.32,47,50.54,46,27,0,0,0,0,35,0,4,10,0,19,27,0,0,24,11,115,0,0,0.43,3.75,26,0,9.38,0,3,3,13,10,3,1,2,,39,36.11,0,0,1,81,2,7,1,16,1264,6,,0,0,0,0,0,0,0,0,0,173,6,0,6.67,0,2,0,0,0,0,0,0,421.33,0.0,1,23,9,13,9,9,50.0,0,10,8,80.0,7,16,18,1,86,42.79,10,186,79,264,180.1,32,0,498,21,2,0,David Min,FC Utrecht,966429,2948
7,14,21.88,116,7,29.17,212,72,270,72.78,7,33.33,14,33,2,0,0,0,70,2,3,6,0,8,33,0,0,18,16,99,0,1,1.76,3.02,14,0,3.57,0,1,3,22,19,3,1,0,,65,43.33,0,0,0,101,7,24,0,11,1385,6,,0,0,0,0,0,0,0,0,0,265,14,0,6.67,0,1,0,0,0,0,0,0,1385.0,0.0,0,14,14,11,11,23,38.33,0,23,14,60.87,24,18,60,64,72,42.11,24,332,103,371,220.1,28,0,723,19,3,0,Başar Önal,NEC Nijmegen,1193676,2962
4,2,25.0,55,3,42.86,101,52,151,57.2,82,47.95,89,29,1,0,0,0,24,1,4,5,1,20,29,0,0,38,9,195,0,0,0.89,3.28,52,0,9.68,0,3,4,26,18,8,3,0,,42,28.38,2,0,2,113,1,8,1,13,1370,10,,0,0,1,0,100,0,1,0,1,234,7,0,6.67,1,0,0,0,0,0,0,0,456.67,0.0,0,22,9,15,11,6,27.27,0,12,7,58.33,8,8,22,8,124,38.87,7,197,75,264,193.4,31,0,532,25,5,1,Jeremy Bokila,Willem II Tilburg,32497,2961
3,3,33.33,48,2,25.0,96,73,166,80.98,4,57.14,3,9,0,0,0,0,36,1,0,1,0,6,9,0,0,6,4,25,1,1,0.38,0.27,7,0,0.0,0,0,0,3,3,0,0,0,,21,48.84,0,0,0,39,3,2,0,5,434,1,,0,0,0,0,0,0,0,0,0,66,3,0,6.67,0,0,0,0,0,0,0,0,0.0,0.0,0,1,3,1,2,4,44.44,0,12,6,50.0,2,9,9,9,25,50.0,8,126,88,205,60.0,4,0,295,5,2,0,Kevin Felida,RKC Waalwijk,896215,2956
26,0,0.0,94,48,61.54,235,250,485,82.91,16,59.26,11,25,1,0,0,0,86,1,0,6,1,34,25,0,0,10,14,58,1,0,1.0,0.73,22,0,11.11,0,1,2,43,37,6,0,1,,56,54.37,0,0,0,100,17,5,0,17,1524,0,,0,0,0,1,0,0,0,0,0,137,4,0,6.66,0,1,0,0,0,0,0,0,1524.0,0.0,0,1,8,2,1,2,33.33,0,42,18,42.86,5,48,6,1,72,55.38,78,299,287,585,166.6,9,0,803,12,3,0,Godfried Roemeratoe,RKC Waalwijk,825849,2956
0,2,14.29,22,1,33.33,37,12,47,79.66,1,20.0,4,16,2,0,0,0,9,2,0,0,0,2,15,0,0,4,5,30,0,0,0.6,0.1,10,0,0.0,0,0,2,11,10,1,0,0,,25,49.02,0,0,0,12,2,6,0,1,269,0,,0,0,0,0,0,0,0,0,0,48,2,0,6.66,0,0,0,0,0,0,0,0,0.0,0.0,0,1,1,2,0,6,46.15,0,10,6,60.0,6,0,13,14,26,46.43,3,58,15,59,99.9,2,0,142,9,0,0,Ché Nunnely,SC Heerenveen,825841,2964
8,0,0.0,3,19,43.18,9,174,183,87.14,1,100.0,0,4,0,0,0,0,32,0,0,0,0,2,4,0,0,0,0,0,0,0,0.0,,0,0,0.0,21,0,0,8,7,1,0,0,-2.04,0,0.0,0,1,0,27,0,0,0,4,360,0,,0,0,0,0,0,0,0,0,0,27,0,0,6.65,0,0,3,3,5,8,0,2,0.0,0.0,0,0,0,0,0,0,0.0,2,0,0,0.0,0,12,0,0,1,100.0,44,24,186,210,26.6,0,0,239,0,0,0,Justin Bijlow,Feyenoord,556696,2959
0,1,20.0,10,0,0.0,22,8,29,78.38,0,0.0,1,6,0,0,0,0,7,0,1,1,0,0,6,0,0,5,0,7,0,0,0.17,0.51,1,0,0.0,0,0,0,2,2,0,0,0,,7,53.85,0,0,0,8,2,2,0,2,117,0,,0,0,0,0,0,0,0,0,0,26,0,0,6.65,0,0,0,0,0,0,0,0,0.0,0.0,0,4,1,1,3,5,100.0,0,1,1,100.0,2,2,5,5,7,50.0,0,28,14,37,39.9,5,0,77,1,0,0,Kayky,Sparta Rotterdam,1106151,2960
1,0,0.0,10,0,0.0,15,4,19,90.48,0,0.0,1,3,0,0,0,0,2,0,0,1,0,0,2,0,0,1,1,4,0,0,0.04,0.13,0,0,0.0,0,0,0,3,3,0,0,0,,2,40.0,0,0,0,2,0,0,0,0,20,0,,0,0,0,0,0,0,0,0,0,7,1,0,6.65,0,0,0,0,0,0,0,0,0.0,0.0,0,2,0,1,0,1,50.0,0,0,0,0.0,0,1,2,2,2,33.33,0,18,5,21,13.3,2,0,31,1,0,0,Esmir Bajraktarević,PSV Eindhoven,1136110,2952
6,6,30.0,72,5,45.45,118,61,173,75.22,10,37.04,17,22,0,0,0,0,24,0,1,0,0,10,19,0,0,11,10,58,0,0,1.14,1.09,11,0,7.69,0,1,1,14,14,0,1,0,,16,28.07,0,0,2,57,2,14,0,8,784,4,,0,0,0,0,0,0,0,0,0,116,3,0,6.65,0,1,0,0,0,0,0,0,784.0,0.0,0,9,4,6,7,2,18.18,0,10,4,40.0,14,13,11,20,26,30.95,11,173,77,230,126.3,13,1,364,4,0,0,Thijs Oosting,FC Groningen,876233,2951
1,0,0.0,39,1,16.67,52,10,62,54.39,16,47.06,18,11,1,0,0,0,13,1,1,0,0,4,11,0,0,8,5,45,0,0,0.62,1.69,6,0,12.5,0,1,2,11,11,0,1,0,,13,32.5,0,0,0,52,1,4,0,6,540,6,,0,0,0,0,0,0,0,0,0,89,4,0,6.65,0,1,0,0,0,0,0,0,540.0,0.0,1,5,3,7,1,4,30.77,0,1,1,100.0,4,6,13,3,29,39.19,6,102,15,114,73.1,8,0,198,8,1,0,Kaj Sierhuis,Fortuna Sittard,855847,2957
8,2,12.5,50,8,57.14,93,64,155,73.46,9,25.0,27,22,0,0,0,0,37,1,0,3,0,2,21,0,0,15,8,71,0,0,0.36,1.0,12,0,6.67,0,1,1,16,14,2,1,0,,35,44.3,0,0,0,56,10,5,0,7,701,0,,0,0,0,0,0,0,0,0,0,133,6,0,6.64,0,1,0,0,0,0,0,0,701.0,0.0,0,8,7,8,4,17,60.71,0,11,9,81.82,5,16,28,16,44,38.26,14,144,83,211,139.5,15,0,391,7,2,0,Adi Nalić,Almere City FC,875437,2990
32,1,33.33,130,34,53.13,255,221,475,82.61,9,30.0,21,22,1,0,0,0,58,1,0,1,2,16,22,0,0,5,6,42,1,1,0.84,0.17,8,0,0.0,0,0,1,17,17,0,0,0,,23,52.27,0,0,0,100,10,6,0,8,892,0,,0,0,0,0,0,0,0,0,0,121,1,0,6.64,0,0,0,0,0,0,0,0,0.0,0.0,0,0,7,6,0,1,20.0,0,14,12,85.71,6,47,5,3,32,43.24,64,321,257,575,146.1,7,0,686,8,0,0,Mathias Kjølø,FC Twente,966546,2955
6,14,32.56,73,1,14.29,130,36,152,77.55,4,44.44,5,25,2,0,0,0,33,7,0,10,0,7,25,0,0,17,11,53,0,1,2.9,0.61,6,0,6.25,0,1,3,30,26,4,1,0,,30,38.46,0,0,2,44,3,20,1,10,1102,1,,0,0,0,0,0,0,0,0,0,139,4,0,6.64,0,0,0,0,0,0,0,0,1102.0,0.0,0,7,9,2,4,13,46.43,0,6,5,83.33,20,13,28,43,34,39.08,7,192,47,196,166.0,16,0,396,11,1,0,Denilho Cleonise,RKC Waalwijk,971006,2956
4,1,14.29,37,3,33.33,78,46,123,76.4,1,16.67,5,16,0,0,0,0,21,0,0,3,0,10,15,0,0,13,6,38,0,0,0.48,0.57,5,0,12.5,0,1,1,8,8,0,1,0,,26,44.07,0,0,0,38,3,6,0,5,472,1,,0,0,0,1,0,0,0,0,0,74,4,0,6.64,0,1,0,0,0,0,0,0,472.0,0.0,0,6,2,3,2,8,44.44,0,18,10,55.56,6,9,18,7,27,41.54,9,108,60,161,99.6,8,0,282,0,0,0,Adam Kaied,NAC Breda,1106666,2947
3,1,50.0,43,4,57.14,73,67,139,69.15,33,49.25,34,22,0,0,0,0,19,0,5,2,0,9,22,0,1,3,3,52,0,0,0.34,2.57,11,0,16.67,0,3,3,22,19,3,3,0,,9,33.33,1,0,0,62,1,7,0,7,853,6,,0,0,0,0,0,0,0,0,0,81,8,0,6.64,1,2,0,0,0,0,0,0,284.33,0.0,0,17,1,6,10,0,0.0,0,3,1,33.33,7,8,2,2,42,44.68,7,119,84,201,146.0,18,0,281,8,3,0,Michiel Kramer,RKC Waalwijk,36781,2956
2,0,0.0,21,3,75.0,47,33,80,78.43,9,33.33,18,9,0,0,0,0,14,1,1,5,0,0,9,0,0,9,4,41,0,0,0.77,1.84,6,0,18.18,0,2,2,10,10,0,1,1,,9,28.13,0,0,0,22,1,2,1,5,414,3,,0,0,1,0,100,0,1,0,0,55,1,0,6.63,0,1,0,0,0,0,0,0,207.0,0.0,0,8,3,2,4,4,50.0,0,3,1,33.33,2,2,8,2,18,30.51,4,64,40,102,59.7,11,0,170,2,0,0,Anthony Descotte,FC Utrecht,1008697,2948
1,0,0.0,3,0,0.0,6,2,8,88.89,4,44.44,5,3,0,0,0,0,0,0,0,2,0,0,3,0,0,0,0,8,0,0,0.06,0.12,3,0,0.0,0,0,0,0,0,0,0,0,,2,40.0,0,0,0,1,0,0,0,0,38,0,,0,0,0,0,0,0,0,0,0,5,0,0,6.63,0,0,0,0,0,0,0,0,0.0,0.0,0,3,0,1,0,0,0.0,0,1,1,100.0,0,1,1,0,6,42.86,1,6,3,9,19.9,3,0,20,1,1,0,Lequincio Zeefuik,AZ Alkmaar,1118181,2950
5,0,0.0,25,6,37.5,43,44,87,70.73,7,70.0,3,10,0,0,0,0,18,0,0,4,0,14,10,0,0,3,9,25,0,0,0.35,0.31,10,0,12.5,0,1,1,11,10,1,0,1,,19,46.34,0,0,0,36,2,2,1,4,413,0,,0,0,0,0,0,0,0,0,0,46,3,0,6.63,0,0,0,0,0,0,0,0,413.0,0.0,0,2,6,3,1,0,0.0,0,7,2,28.57,2,9,0,1,26,50.98,16,70,54,123,66.3,8,0,186,12,3,0,Alex Balboa,Almere City FC,1167698,2990
6,1,20.0,15,3,60.0,25,12,36,70.59,2,50.0,2,7,0,0,0,0,10,1,0,0,0,4,7,0,0,5,3,14,0,0,0.5,0.1,2,0,0.0,0,0,0,6,5,1,0,0,,7,36.84,0,0,0,15,2,2,0,1,155,0,,0,0,0,0,0,0,0,0,0,34,1,0,6.63,0,0,0,0,0,0,0,0,0.0,0.0,0,1,0,0,1,3,60.0,0,4,3,75.0,2,6,5,5,9,39.13,5,41,15,51,46.4,1,0,89,0,0,0,Oskar Siira Sivertsen,Go Ahead Eagles,1022552,2979
6,0,0.0,3,27,36.99,13,98,111,69.81,0,0.0,0,4,0,0,0,0,33,0,0,0,0,2,4,0,0,0,0,0,0,0,0.01,,0,0,0.0,14,0,0,12,10,2,0,0,-1.93,0,0.0,0,1,0,48,0,0,0,4,360,0,,0,0,0,0,0,2,0,0,0,48,0,2,6.63,0,0,0,5,7,12,0,2,0.0,0.0,0,0,0,0,0,0,0.0,0,0,0,0.0,0,13,0,0,0,0.0,73,47,112,159,26.5,0,0,185,0,0,0,Mark Spenkelink,RKC Waalwijk,875466,2956
1,0,0.0,18,2,28.57,38,36,74,84.09,1,20.0,4,6,0,0,0,0,5,0,0,0,0,10,6,0,0,1,0,7,0,0,0.02,,1,0,0.0,0,0,0,4,4,0,0,0,,12,80.0,0,0,0,14,1,0,0,1,210,0,,0,0,0,0,0,0,0,0,0,22,0,0,6.62,0,0,0,0,0,0,0,0,0.0,0.0,0,0,0,0,0,0,0.0,0,9,6,66.67,0,3,1,3,13,65.0,7,50,41,88,39.7,0,0,133,3,0,0,Hussein Ali,SC Heerenveen,962056,2964
2,10,30.3,59,4,50.0,101,44,135,75.42,1,7.69,12,13,0,0,0,0,29,2,1,8,0,6,13,0,0,12,10,59,0,0,0.67,1.31,9,0,5.56,0,1,1,14,11,3,1,0,,34,41.98,0,0,0,44,0,7,1,10,789,1,,0,0,0,0,0,0,0,0,0,113,5,0,6.62,0,0,0,0,0,0,0,0,789.0,0.0,0,12,6,5,5,12,42.86,0,9,4,44.44,7,10,28,33,35,37.23,8,159,53,179,86.0,18,0,341,13,2,0,Bobby Adekanye,Go Ahead Eagles,825851,2979
9,3,30.0,61,12,50.0,113,63,173,85.64,4,40.0,6,17,0,0,0,0,23,0,0,0,0,6,16,0,0,6,6,22,0,0,0.47,0.1,4,0,0.0,0,0,0,4,4,0,0,0,,9,36.0,0,0,0,29,7,2,0,2,328,0,,0,0,0,0,0,0,0,0,0,46,3,0,6.61,1,0,0,0,0,0,0,0,0.0,0.0,1,0,2,1,1,2,100.0,0,4,1,25.0,2,21,2,10,13,37.14,24,145,67,202,105.8,2,0,267,3,0,1,Lasse Schöne,NEC Nijmegen,10077,2962
2,0,0.0,61,2,100.0,87,36,123,85.42,4,80.0,1,12,0,0,0,0,15,0,1,5,0,4,11,0,0,10,3,28,0,0,0.31,1.06,2,0,0.0,0,0,0,6,4,2,0,0,,22,44.9,0,0,0,21,0,3,0,4,428,0,,0,0,0,0,0,0,0,0,0,60,1,0,6.61,0,0,0,0,0,0,0,0,0.0,0.0,0,11,2,7,1,7,36.84,0,8,5,62.5,3,2,19,3,26,48.15,2,108,39,144,72.7,13,0,239,8,0,0,Søren Tengstedt,Go Ahead Eagles,987647,2979
7,1,20.0,24,10,52.63,60,92,151,79.89,6,31.58,13,11,0,0,0,0,26,0,0,2,0,17,11,0,0,9,6,41,0,0,0.22,0.19,7,0,0.0,0,0,0,9,8,1,0,0,,31,52.54,0,0,0,38,8,2,0,3,467,0,,0,0,0,0,0,0,0,0,0,72,0,0,6.61,1,0,0,0,0,0,0,0,0.0,0.0,0,2,1,1,0,6,50.0,0,22,11,50.0,2,12,12,5,37,47.44,19,86,108,189,72.7,3,0,359,3,1,1,Thierry Lutonda,PEC Zwolle,867246,2971
0,0,0.0,33,1,11.11,49,25,74,61.67,9,39.13,14,15,1,0,0,0,21,2,0,1,0,8,13,0,0,13,7,47,0,0,0.12,0.08,6,0,0.0,0,0,1,13,11,2,0,0,,27,45.0,0,0,0,46,3,7,0,6,537,6,,0,0,0,0,0,0,0,0,1,115,3,0,6.61,0,0,0,0,0,0,0,0,0.0,0.0,0,0,3,2,0,5,41.67,0,11,5,45.45,7,5,12,24,36,43.37,9,106,38,120,85.9,3,0,259,11,0,0,Taylor Booth,FC Twente,906024,2955
5,2,10.53,45,8,27.59,62,32,92,60.53,2,18.18,9,17,0,0,0,0,30,0,1,4,0,16,16,0,0,6,14,43,0,0,0.33,1.46,5,0,20.0,0,3,3,15,13,2,2,1,,21,38.18,0,0,1,60,8,2,2,9,634,2,,0,0,0,1,0,0,0,0,0,119,7,0,6.61,0,1,0,0,0,0,0,0,211.33,0.0,0,9,6,6,5,9,47.37,0,6,3,50.0,2,13,19,19,23,34.85,29,124,47,152,105.7,15,1,293,6,0,0,Silvester van der Water,RKC Waalwijk,807145,2956
0,6,21.43,66,1,25.0,109,43,146,80.66,12,42.86,16,17,1,0,0,0,24,3,3,4,0,2,16,0,0,10,4,45,0,1,1.18,1.27,6,0,6.67,0,1,2,16,12,4,1,0,,20,40.82,0,0,0,35,4,13,0,7,663,1,,0,0,0,0,0,0,0,0,0,100,4,0,6.61,0,1,0,0,0,0,0,0,663.0,0.0,0,9,6,6,5,2,18.18,0,5,4,80.0,13,0,11,28,32,41.56,4,153,56,181,105.7,15,0,314,13,0,0,Patrick Joosten,Willem II Tilburg,787568,2961
0,0,0.0,0,0,0.0,0,2,2,66.67,0,0.0,0,1,0,0,0,0,0,0,0,0,0,2,1,0,0,0,0,0,0,0,0.0,,0,0,0.0,0,0,0,0,0,0,0,0,,1,100.0,0,0,0,1,0,0,0,0,10,0,,0,0,0,0,0,0,0,0,0,1,0,0,6.6,0,0,0,0,0,0,0,0,0.0,0.0,0,0,0,0,0,0,0.0,0,0,0,0.0,0,0,0,0,1,100.0,0,0,3,3,6.6,0,0,6,1,0,0,Sean Steur,AFC Ajax,1859920,2953
0,0,0.0,3,1,100.0,5,2,7,70.0,0,0.0,0,1,0,0,0,0,2,0,0,0,0,1,1,0,0,0,0,0,0,0,0.02,,0,0,0.0,0,0,0,1,1,0,0,0,,1,100.0,0,0,0,3,2,0,0,0,12,0,,0,0,0,0,0,0,0,0,0,5,0,0,6.6,0,0,0,0,0,0,0,0,0.0,0.0,0,0,0,0,0,1,100.0,0,0,0,0.0,0,1,1,1,1,100.0,1,9,2,10,6.6,0,0,20,0,0,0,Wessel Kuhn,PSV Eindhoven,1470004,2952
0,0,0.0,0,0,0.0,2,6,8,100.0,0,0.0,0,1,0,0,0,0,0,0,0,0,0,0,1,0,0,0,0,0,0,0,0.0,,0,0,0.0,0,0,0,0,0,0,0,0,,0,0.0,0,0,0,0,0,0,0,0,8,0,,0,0,0,0,0,0,0,0,0,0,0,0,6.6,0,0,0,0,0,0,0,0,0.0,0.0,0,0,0,0,0,0,0.0,0,0,0,0.0,0,0,0,0,0,0.0,0,2,6,8,6.6,0,0,10,0,0,0,Djomar Giersthove,Feyenoord,1545078,2959
0,0,0.0,2,0,0.0,4,2,6,100.0,0,0.0,0,1,0,0,0,0,2,0,0,0,0,0,1,0,0,0,1,3,0,0,0.01,,1,0,0.0,0,0,0,0,0,0,0,0,,2,40.0,0,0,0,0,0,0,0,0,17,0,,0,0,0,0,0,0,0,0,0,2,0,0,6.6,0,0,0,0,0,0,0,0,0.0,0.0,0,0,0,0,0,0,0.0,0,2,2,100.0,0,0,1,0,2,40.0,0,4,2,6,6.6,0,0,11,0,0,0,Per van Loon,Willem II Tilburg,1901884,2961
0,0,0.0,0,1,100.0,1,1,2,66.67,2,100.0,0,1,0,0,0,0,0,0,0,0,0,1,1,0,0,0,0,0,0,0,0.0,,0,0,0.0,0,0,0,0,0,0,0,0,,0,0.0,0,0,0,1,0,0,0,0,9,0,,0,0,0,0,0,0,0,0,0,3,0,0,6.6,0,0,0,0,0,0,0,0,0.0,0.0,0,0,0,0,0,0,0.0,0,0,0,0.0,0,0,0,0,2,100.0,1,2,1,3,6.6,0,0,8,0,0,0,Khaled Razak,Willem II Tilburg,1431921,2961
0,0,0.0,0,1,20.0,1,0,1,20.0,0,0.0,0,1,0,0,0,0,2,0,0,0,0,0,1,0,0,0,0,0,0,0,0.0,,0,0,0.0,1,0,0,0,0,0,0,0,,0,0.0,0,1,0,4,0,0,0,0,9,0,,0,0,0,0,0,0,0,0,0,4,0,0,6.6,0,0,0,0,0,0,0,0,0.0,0.0,0,0,0,0,0,0,0.0,0,0,0,0.0,0,0,0,0,0,0.0,5,5,0,5,6.6,0,0,6,0,0,0,Jonas Wendlinger,Almere City FC,951497,2990
0,0,0.0,8,0,0.0,20,23,43,89.58,0,0.0,1,2,0,0,0,0,9,0,0,0,0,3,2,0,0,1,0,3,0,0,0.15,,0,0,0.0,0,0,0,2,2,0,0,0,,3,60.0,0,0,0,5,2,0,0,1,92,0,,0,0,0,0,0,0,0,0,0,11,0,0,6.6,0,0,0,0,0,0,0,0,0.0,0.0,0,0,0,0,0,0,0.0,0,1,0,0.0,0,0,1,1,3,50.0,1,25,24,48,13.2,0,0,72,2,0,0,Elijah Dijkstra,AZ Alkmaar,1386461,2950
6,0,0.0,1,18,45.0,12,67,79,76.7,0,0.0,0,3,0,0,0,0,31,0,0,0,0,5,3,0,0,0,0,0,0,0,0.01,,0,0,0.0,18,0,0,10,9,1,0,0,-2.21,0,0.0,0,1,0,24,0,0,0,3,270,0,,0,0,0,0,0,0,0,0,0,24,0,0,6.6,0,0,3,7,2,9,0,4,0.0,0.0,0,0,0,0,0,0,0.0,3,0,0,0.0,0,7,0,0,0,0.0,40,25,78,103,19.8,0,0,135,0,0,0,Przemysław Tytoń,FC Twente,27691,2955
0,0,0.0,2,0,0.0,2,0,2,33.33,1,50.0,1,3,0,0,0,0,0,0,0,0,0,4,3,0,0,0,0,3,0,0,0.0,,2,0,0.0,0,0,0,0,0,0,0,0,,1,33.33,0,0,0,4,1,0,0,0,30,1,,0,0,0,0,0,0,0,0,0,10,0,0,6.6,0,0,0,0,0,0,0,0,0.0,0.0,0,0,0,0,0,0,0.0,0,1,1,100.0,0,0,0,1,2,40.0,0,5,2,6,19.8,0,0,21,0,1,0,Valentino Vermeulen,Willem II Tilburg,913222,2961
0,0,0.0,4,0,0.0,7,3,10,58.82,5,50.0,5,8,0,0,0,0,2,0,1,1,0,1,7,0,0,1,1,10,0,0,0.01,0.67,3,0,0.0,0,0,0,2,2,0,0,0,,4,44.44,0,0,0,7,0,0,0,0,79,0,,0,0,0,0,0,0,0,0,0,12,1,0,6.6,0,0,0,0,0,0,0,0,0.0,0.0,0,4,1,2,2,0,0.0,0,1,1,100.0,0,1,0,0,9,47.37,2,14,3,17,46.2,5,0,35,3,0,0,Lucas Vennegoor of Hesselink,FC Twente,1634542,2955
0,0,0.0,2,0,0.0,3,3,6,100.0,1,50.0,1,1,0,0,0,0,0,0,0,1,0,2,1,0,0,0,1,3,0,0,0.01,0.4,0,0,0.0,0,0,0,0,0,0,0,0,,0,0.0,0,0,0,0,0,0,0,0,14,0,,0,0,0,0,0,0,0,0,0,1,0,0,6.6,0,0,0,0,0,0,0,0,0.0,0.0,0,2,0,0,1,0,0.0,0,0,0,0.0,0,0,1,0,1,25.0,0,3,3,6,6.6,2,0,14,0,0,0,Jeyland Mitchell,Feyenoord,1099285,2959
14,2,20.0,49,15,60.0,116,102,216,83.08,7,70.0,3,12,0,0,0,0,47,0,0,5,1,5,12,0,0,15,6,47,0,0,0.35,0.21,17,0,0.0,0,0,0,18,15,3,0,0,,35,44.3,0,0,0,44,11,9,0,8,798,0,,0,0,0,0,0,0,0,0,1,100,5,0,6.6,1,0,0,0,0,0,0,0,0.0,0.0,0,0,7,2,0,12,60.0,0,11,7,63.64,9,22,20,10,42,47.19,25,154,116,260,79.2,7,0,414,12,1,1,Daouda Weidmann,RKC Waalwijk,1142678,2956
0,1,50.0,2,0,0.0,4,2,5,100.0,0,0.0,2,2,0,0,0,0,1,0,0,1,0,0,2,0,0,1,0,4,0,0,0.16,0.2,0,0,0.0,0,0,0,0,0,0,0,0,,0,0.0,0,0,0,0,0,1,0,0,22,0,,0,0,0,0,0,0,0,0,0,4,0,0,6.6,0,0,0,0,0,0,0,0,0.0,0.0,0,2,0,0,1,0,0.0,0,0,0,0.0,1,0,1,2,0,0.0,0,5,2,5,13.2,2,0,14,0,0,0,David van der Werff,FC Groningen,1878212,2951
5,0,0.0,60,12,40.0,173,260,433,91.74,7,41.18,10,10,0,0,0,0,13,0,1,1,1,25,9,0,0,1,0,19,1,0,0.24,0.09,8,0,0.0,7,0,0,11,9,2,0,0,,10,52.63,0,0,1,39,4,3,0,6,555,1,,0,0,0,0,0,0,0,0,0,44,0,0,6.6,0,0,0,0,0,0,0,0,0.0,0.0,0,2,1,2,0,0,0.0,0,3,2,66.67,3,22,1,0,17,47.22,30,205,267,472,59.4,3,0,530,7,1,0,Bruno Martins Indi,AZ Alkmaar,116947,2950
0,0,0.0,4,1,20.0,7,9,16,76.19,0,0.0,3,4,0,0,0,0,2,0,0,1,0,2,4,0,0,0,0,6,0,0,0.01,0.06,3,0,0.0,0,0,0,0,0,0,0,0,,4,57.14,0,0,0,5,2,0,0,0,41,0,,0,0,0,0,0,0,0,0,0,8,0,0,6.6,0,0,0,0,0,0,0,0,0.0,0.0,0,0,1,0,0,0,0.0,0,4,3,75.0,0,1,0,3,4,40.0,5,13,11,21,26.4,1,0,37,0,0,0,Patrick Vroegh,RKC Waalwijk,991846,2956
6,2,10.0,10,4,18.18,22,35,55,61.11,6,54.55,5,7,0,0,0,0,17,0,0,2,0,13,7,0,0,0,2,18,0,0,0.16,0.06,6,0,0.0,0,0,0,4,4,0,0,0,,10,43.48,0,0,0,35,3,2,0,3,281,2,,0,0,0,0,0,0,0,0,0,69,1,0,6.6,0,0,0,0,0,0,0,0,0.0,0.0,0,2,1,1,0,0,0.0,0,1,1,100.0,2,14,5,20,16,47.06,22,59,51,90,46.2,3,0,198,9,1,0,Lorenzo Milani,Heracles Almelo,1084492,2977
0,0,0.0,12,0,0.0,28,14,42,93.33,0,0.0,0,5,0,0,0,0,5,0,0,1,0,0,3,0,0,1,1,3,0,0,0.03,0.04,1,0,0.0,0,0,0,0,0,0,0,0,,2,40.0,0,0,0,3,0,0,0,0,41,0,,0,0,0,0,0,0,0,0,0,4,0,0,6.6,0,0,0,0,0,0,0,0,0.0,0.0,0,1,0,0,0,2,100.0,0,0,0,0.0,0,0,2,0,2,40.0,0,29,16,45,19.8,1,0,50,0,0,0,Tygo Land,PSV Eindhoven,1441117,2952
12,12,30.77,114,22,27.5,277,277,542,79.01,7,38.89,11,25,3,0,0,0,67,3,1,0,4,40,25,0,0,4,22,85,1,0,1.8,0.15,23,0,0.0,0,0,3,30,28,2,0,0,,88,54.32,0,0,0,144,16,10,0,20,1708,0,,0,0,0,0,0,0,0,0,1,281,6,0,6.6,1,0,0,0,0,0,0,0,0.0,0.0,0,1,1,1,1,32,55.17,0,36,25,69.44,10,42,58,39,95,52.78,80,405,320,686,164.9,2,1,1151,20,1,1,Mitchell Dijks,Fortuna Sittard,235400,2957
3,4,30.77,29,2,50.0,63,31,90,73.77,5,23.81,16,22,2,0,0,0,24,0,2,2,0,3,22,0,0,12,6,50,0,2,0.38,0.67,11,0,0.0,0,0,2,12,11,1,0,0,,20,37.04,0,0,0,32,2,7,0,3,537,1,,0,0,0,0,0,0,0,0,0,76,5,0,6.6,0,0,0,0,0,0,0,0,0.0,0.0,0,5,2,3,2,7,58.33,0,5,4,80.0,7,6,12,13,25,33.33,4,93,42,122,145.1,7,0,222,8,2,0,Ruben Providence,Almere City FC,954066,2990
14,13,22.03,82,13,27.66,161,94,242,73.78,15,62.5,9,16,2,0,0,0,40,3,0,1,2,39,15,0,0,10,11,73,0,0,1.38,0.16,18,0,14.29,0,1,3,30,25,5,0,1,,59,47.97,0,0,0,86,16,13,1,15,1224,1,,0,0,0,0,0,0,0,0,0,207,4,0,6.59,0,0,0,0,0,0,0,0,1224.0,0.0,0,1,6,5,1,15,36.59,0,36,20,55.56,13,26,41,59,74,50.34,47,268,119,328,98.9,7,0,728,8,4,0,Ruben Roosken,Heracles Almelo,988990,2977
6,1,20.0,47,2,33.33,76,46,121,65.41,11,22.92,37,23,1,0,0,0,21,1,2,11,0,8,23,0,0,24,4,87,0,0,0.77,2.07,16,0,10.53,0,2,3,17,16,1,1,1,,25,33.33,0,0,0,64,2,8,0,12,887,8,,0,0,0,0,0,0,0,0,0,138,6,0,6.59,0,2,0,0,0,0,0,0,443.5,0.0,0,13,6,4,4,12,63.16,0,3,2,66.67,8,11,19,5,36,29.27,6,135,55,185,151.6,19,0,350,10,1,0,Dimitris Rallis,SC Heerenveen,1888815,2964
10,12,28.57,121,5,20.0,200,102,290,71.6,13,20.97,49,33,2,0,0,0,85,1,5,19,2,24,33,0,0,31,17,146,0,0,1.6,4.56,8,0,4.26,0,2,4,46,36,10,2,0,,60,38.22,0,0,3,115,6,21,0,20,1898,4,,0,0,0,0,0,0,0,0,0,293,22,0,6.59,0,2,0,0,0,0,0,0,949.0,0.0,2,31,16,12,16,22,33.85,0,15,8,53.33,21,27,65,42,73,33.33,25,310,137,405,217.4,47,0,782,24,0,0,Kornelius Normann,Almere City FC,989864,2990
7,1,14.29,71,3,30.0,111,76,186,69.66,19,32.2,40,29,0,0,0,0,40,0,2,7,1,10,28,0,0,12,8,83,0,0,0.31,3.6,12,0,9.09,0,2,2,21,20,1,2,0,,28,39.44,0,0,2,81,5,7,0,13,1247,4,,0,0,1,0,100,0,1,0,0,146,4,0,6.59,0,2,0,0,0,0,0,0,623.5,0.0,0,16,6,6,9,3,18.75,0,9,6,66.67,7,15,16,7,47,36.15,10,178,96,267,184.4,22,0,433,16,2,0,Romano Postema,FC Groningen,992569,2951
0,0,0.0,24,0,0.0,43,20,63,68.48,6,28.57,15,14,1,0,0,0,19,1,1,4,0,1,14,0,0,8,3,38,0,0,0.64,1.17,8,0,14.29,0,1,2,13,13,0,1,0,,12,34.29,0,0,0,29,0,6,1,5,524,0,,0,0,0,0,0,0,0,0,0,58,3,0,6.59,0,0,0,0,0,0,0,0,524.0,0.0,0,5,2,0,3,3,42.86,0,5,3,60.0,6,0,7,1,18,32.14,2,66,27,92,92.2,7,1,170,4,3,0,Rui Mendes,FC Groningen,940979,2951
3,0,0.0,11,0,0.0,26,15,41,82.0,3,42.86,4,8,0,0,0,0,10,0,1,3,0,0,7,0,0,4,0,14,0,0,0.06,0.44,2,0,0.0,0,0,0,1,1,0,0,0,,13,56.52,0,0,0,9,0,1,0,1,199,0,,0,0,0,0,0,0,0,0,0,28,3,0,6.59,0,0,0,0,0,0,0,0,0.0,0.0,0,4,4,3,2,2,33.33,0,4,2,50.0,1,3,6,2,16,53.33,0,32,20,50,46.1,8,0,97,7,1,0,Chris-Kévin Nadje,Feyenoord,1528458,2959
0,0,0.0,13,1,50.0,24,25,49,76.56,13,29.55,31,14,0,0,0,0,8,0,1,1,0,1,13,0,0,10,1,55,0,0,0.03,1.2,10,0,0.0,0,0,0,4,2,2,0,0,,14,36.84,0,0,0,15,0,0,0,2,302,4,,0,0,0,0,0,0,0,0,1,42,1,0,6.58,0,0,0,0,0,0,0,0,0.0,0.0,0,5,0,2,2,3,50.0,0,4,2,50.0,0,1,6,2,27,32.93,2,39,27,64,85.6,5,0,126,8,3,0,Ante Erceg,Fortuna Sittard,65528,2957
16,0,0.0,97,9,52.94,172,109,281,78.71,2,28.57,5,12,1,0,0,0,45,3,1,4,1,2,12,0,0,18,17,76,1,0,1.53,0.7,16,0,8.33,0,1,2,17,16,1,0,1,,37,34.26,0,0,0,76,5,11,0,9,789,0,,0,1,0,0,0,0,0,0,0,132,6,0,6.58,0,1,0,0,0,0,0,0,789.0,0.0,0,3,9,3,5,13,39.39,0,19,9,47.37,10,26,33,2,39,33.91,17,231,128,357,79.0,12,0,484,5,1,0,Simon Olsson,SC Heerenveen,850851,2964
3,2,18.18,18,4,23.53,26,15,39,61.9,4,80.0,1,8,0,0,0,0,13,0,0,0,0,7,6,0,0,2,2,8,0,0,0.1,0.02,2,0,0.0,0,0,0,4,4,0,0,0,,6,46.15,0,0,0,24,0,1,0,0,172,0,,0,0,0,0,0,0,0,0,0,54,0,0,6.58,0,0,0,0,0,0,0,0,0.0,0.0,0,0,1,1,0,0,0.0,0,5,3,60.0,1,6,1,11,10,55.56,17,48,26,63,39.5,1,0,138,1,0,0,Damil Dankerlui,Almere City FC,352552,2990
6,2,10.53,51,4,36.36,85,95,178,76.72,4,40.0,6,18,2,0,0,0,32,2,1,5,0,6,17,0,0,14,8,48,0,0,1.39,0.95,7,0,0.0,0,0,2,17,16,1,0,0,,24,36.36,0,0,0,54,3,7,0,9,752,0,,0,0,0,0,0,0,0,0,0,113,5,0,6.58,0,0,0,0,0,0,0,0,0.0,0.0,0,8,6,6,3,7,35.0,0,5,5,100.0,7,11,20,19,28,36.84,11,137,114,232,111.9,14,0,363,12,0,0,Raul Paula,NAC Breda,1083398,2947
1,0,0.0,43,3,42.86,61,31,92,66.19,14,25.93,40,22,0,0,0,0,30,0,6,8,1,4,22,0,0,16,2,89,0,0,1.0,3.97,20,0,4.17,0,1,1,21,19,2,1,0,,35,41.67,1,0,0,47,9,9,0,13,1191,8,,0,0,0,0,0,0,0,0,2,137,11,0,6.58,0,0,0,0,0,0,0,0,1191.0,0.0,0,19,5,9,7,10,45.45,0,9,3,33.33,9,4,22,14,49,35.51,7,113,40,139,144.7,24,0,347,16,4,0,Makan Aïko,Fortuna Sittard,1136902,2957
2,1,50.0,17,3,33.33,40,33,72,78.26,4,57.14,3,9,1,0,0,0,6,0,0,0,0,6,9,0,0,2,1,11,0,0,0.11,,0,0,0.0,0,0,1,8,5,3,0,0,,9,52.94,0,0,0,20,2,4,0,1,231,0,,0,0,0,0,0,0,0,0,0,36,0,0,6.57,0,0,0,0,0,0,0,0,0.0,0.0,0,0,0,0,0,3,37.5,0,4,1,25.0,4,9,8,2,13,54.17,9,57,37,92,59.1,0,0,132,2,0,0,Dennis Kaygın,Willem II Tilburg,1410129,2961
1,0,0.0,28,1,33.33,36,14,50,74.63,0,0.0,1,6,0,0,0,0,7,0,0,0,0,1,6,0,0,4,4,18,0,0,0.45,0.02,2,0,0.0,0,0,0,5,5,0,0,0,,12,41.38,0,0,0,17,0,1,0,2,199,0,,0,0,0,0,0,0,0,0,0,35,1,0,6.57,0,0,0,0,0,0,0,0,0.0,0.0,0,1,0,0,1,3,30.0,0,8,4,50.0,1,1,10,0,12,40.0,3,51,16,67,39.4,1,0,110,1,0,0,Danilo Al-Saed,SC Heerenveen,1103971,2964
6,3,50.0,71,6,23.08,141,164,302,81.62,9,42.86,12,18,0,0,0,0,30,0,0,1,0,22,17,0,0,0,5,23,0,0,0.38,0.04,5,0,0.0,0,0,0,15,14,1,0,0,,22,66.67,0,0,0,68,11,6,0,5,578,0,,0,0,0,0,0,0,0,0,0,98,1,0,6.56,0,0,0,0,0,0,0,0,0.0,0.0,0,0,2,1,0,1,50.0,0,18,7,38.89,6,19,2,6,31,57.41,26,187,189,370,111.6,2,0,528,3,2,0,Denzel Hall,SC Heerenveen,987523,2964
1,2,13.33,31,2,50.0,45,20,63,75.9,2,22.22,7,14,0,0,0,0,15,1,2,6,1,3,11,0,0,10,2,31,0,0,0.7,0.63,4,0,0.0,0,0,0,7,4,3,0,0,,17,41.46,0,0,0,20,0,3,0,3,365,1,,0,0,0,0,0,0,0,0,1,59,1,0,6.56,0,0,0,0,0,0,0,0,0.0,0.0,0,5,6,2,3,10,55.56,0,2,2,100.0,3,4,18,15,19,38.0,4,72,26,83,72.2,11,0,170,5,0,0,Bryan Limbombe,Heracles Almelo,996988,2977
1,1,11.11,28,4,36.36,52,31,82,70.69,8,61.54,5,9,0,0,0,0,15,0,1,0,0,6,8,0,0,6,5,20,0,0,0.13,0.51,1,0,0.0,0,0,0,6,6,0,0,0,,9,37.5,0,0,0,34,1,4,0,4,342,0,,0,0,0,0,0,0,0,0,0,58,3,0,6.56,0,0,0,0,0,0,0,0,0.0,0.0,0,3,4,7,0,0,0.0,0,7,3,42.86,4,5,3,9,17,45.95,11,83,42,116,52.5,7,0,168,2,0,0,Lars Olden Larsen,NEC Nijmegen,877456,2962
0,0,0.0,11,4,80.0,16,14,30,83.33,0,0.0,4,6,0,0,0,0,2,0,0,0,0,4,5,0,0,0,1,6,0,0,0.13,0.08,2,0,0.0,0,0,0,4,2,2,0,0,,2,50.0,0,0,0,6,0,3,0,0,74,0,,0,0,0,0,0,0,0,0,0,8,1,0,6.56,0,0,0,0,0,0,0,0,0.0,0.0,0,0,2,1,1,0,0.0,0,2,2,100.0,3,2,1,0,2,25.0,5,21,15,36,32.8,2,0,50,0,0,0,Julius Dirksen,Go Ahead Eagles,1001943,2979
4,2,22.22,28,7,63.64,64,52,114,77.03,8,47.06,9,12,0,0,0,0,29,0,0,2,0,2,12,0,0,16,11,48,0,1,0.26,0.72,5,0,14.29,0,1,1,11,8,3,1,0,,24,38.1,0,0,0,34,5,3,1,8,589,1,,0,0,0,0,0,0,0,0,0,84,3,0,6.55,0,0,0,0,0,0,0,0,589.0,0.0,0,3,4,3,2,7,50.0,0,8,5,62.5,3,5,14,9,32,40.0,11,94,63,148,78.6,7,0,261,9,0,0,Matthew Garbett,NAC Breda,1002607,2947
7,0,0.0,20,9,69.23,55,55,110,82.71,6,46.15,7,13,1,0,0,0,9,0,0,1,0,11,12,0,0,1,1,10,0,0,0.08,0.01,2,0,0.0,0,0,1,8,8,0,0,0,,10,76.92,0,0,0,23,1,2,0,1,295,0,,0,0,0,1,0,0,0,0,0,24,0,0,6.55,0,0,0,0,0,0,0,0,0.0,0.0,0,0,1,0,0,0,0.0,0,7,6,85.71,2,13,0,0,16,61.54,13,74,59,133,78.6,1,0,167,3,0,0,Joey Pelupessy,FC Groningen,235404,2951
0,0,0.0,2,0,0.0,5,2,7,77.78,1,100.0,0,2,0,0,0,0,1,0,0,0,0,0,2,0,0,1,0,4,0,0,0.0,,3,0,0.0,0,0,0,1,0,1,0,0,,2,33.33,0,0,0,2,0,0,0,0,19,0,,0,0,0,0,0,0,0,0,0,3,0,0,6.55,0,0,0,0,0,0,0,0,0.0,0.0,0,0,0,0,0,0,0.0,0,2,1,50.0,0,0,0,0,3,42.86,0,7,2,9,13.1,0,0,13,0,0,0,Milan Robberechts,Fortuna Sittard,1128428,2957
1,0,0.0,5,14,35.0,13,42,55,67.07,0,0.0,0,2,0,0,0,0,12,0,0,0,0,4,2,0,0,0,0,0,0,0,0.01,,0,0,0.0,13,0,0,3,3,0,0,0,-0.81,0,0.0,0,0,0,27,0,0,0,2,180,0,,0,0,0,0,0,0,0,0,0,27,0,0,6.55,0,0,2,3,1,4,0,1,0.0,0.0,0,0,0,0,0,0,0.0,2,0,0,0.0,0,3,0,0,0,0.0,40,37,45,82,13.1,0,0,96,0,0,0,Hidde Jurjus,FC Groningen,339941,2951
1,0,0.0,9,0,0.0,16,11,27,87.1,1,100.0,0,2,0,0,0,0,3,0,0,0,0,1,2,0,0,0,0,3,0,0,0.02,,3,0,0.0,0,0,0,0,0,0,0,0,,1,25.0,0,0,0,4,1,0,0,0,45,0,,0,0,0,0,0,0,0,0,0,4,0,0,6.55,0,0,0,0,0,0,0,0,0.0,0.0,0,0,0,0,0,0,0.0,0,0,0,0.0,0,3,0,0,2,40.0,2,19,12,31,13.1,0,0,34,1,1,0,Jonathan de Guzmán,Sparta Rotterdam,13028,2960
0,0,0.0,3,0,0.0,4,1,5,55.56,1,25.0,3,3,0,0,0,0,1,0,0,0,0,0,2,0,0,0,0,4,0,0,0.01,,1,0,0.0,0,0,0,0,0,0,0,0,,1,50.0,0,0,0,4,0,0,0,0,28,0,,0,0,0,0,0,0,0,0,0,8,0,0,6.55,0,0,0,0,0,0,0,0,0.0,0.0,0,0,0,0,0,0,0.0,0,1,1,100.0,0,0,0,0,2,33.33,0,8,1,9,13.1,0,0,15,0,0,0,Diego van Oorschot,Heracles Almelo,1482511,2977
0,0,0.0,8,0,0.0,14,4,18,78.26,2,28.57,5,4,0,0,0,0,4,0,0,0,0,1,4,0,0,1,1,9,0,0,0.14,0.07,1,0,0.0,0,0,0,2,2,0,0,0,,7,63.64,0,0,0,5,0,1,0,2,158,1,,0,0,0,0,0,0,0,0,0,10,3,0,6.55,0,0,0,0,0,0,0,0,0.0,0.0,0,2,0,1,1,1,50.0,0,2,2,100.0,1,0,2,0,9,50.0,0,18,5,23,26.2,2,0,42,4,0,0,Zepiqueno Redmond,Feyenoord,1384488,2959
1,1,12.5,24,1,25.0,34,21,54,72.0,3,33.33,6,11,0,0,0,0,18,0,0,3,0,3,11,0,0,10,3,35,0,0,0.54,0.26,3,0,0.0,0,0,0,5,4,1,0,0,,17,36.96,0,0,0,21,2,3,0,2,280,0,,0,0,0,0,0,0,0,0,0,66,2,0,6.55,0,0,0,0,0,0,0,0,0.0,0.0,0,3,1,0,1,7,35.0,0,5,2,40.0,3,5,20,8,20,36.36,4,58,25,75,72.0,4,0,157,5,0,0,Faiz Mattoir,Almere City FC,1007838,2990
3,1,10.0,23,5,45.45,33,28,60,70.59,2,25.0,6,9,0,0,0,0,11,0,0,3,0,4,9,0,0,7,5,29,0,1,0.28,0.44,7,0,0.0,0,0,0,9,8,1,0,0,,14,37.84,0,0,1,25,1,3,0,3,326,0,,0,0,0,0,0,0,0,0,0,51,2,0,6.54,0,0,0,0,0,0,0,0,0.0,0.0,0,6,2,5,0,2,33.33,0,6,4,66.67,3,9,6,10,16,35.56,11,64,31,85,58.9,8,0,158,6,1,0,Jordy Bruijn,Heracles Almelo,825278,2977
1,4,30.77,55,2,25.0,82,15,93,73.23,2,13.33,13,12,0,0,0,0,20,1,0,5,0,3,12,0,0,15,8,55,1,0,1.22,0.94,9,0,10.0,0,1,1,12,10,2,1,0,,19,31.15,0,0,0,34,8,9,0,6,569,0,,0,0,0,0,0,0,0,0,0,95,1,0,6.54,0,1,0,0,0,0,0,0,569.0,0.0,0,7,3,2,3,8,44.44,0,6,3,50.0,9,3,18,13,21,27.63,8,115,25,127,78.5,10,0,257,5,1,0,Logan Delaurier-Chaubet,Almere City FC,1170533,2990
2,0,0.0,4,2,100.0,7,35,42,93.33,0,0.0,1,6,0,0,0,0,2,0,1,1,0,5,5,0,0,0,0,1,0,0,0.01,0.21,0,0,0.0,1,0,0,2,2,0,0,0,,1,100.0,0,0,0,3,1,0,0,0,84,0,,0,0,0,0,0,0,0,0,0,5,0,0,6.54,0,0,0,0,0,0,0,0,0.0,0.0,0,1,1,1,0,0,0.0,0,1,1,100.0,0,2,0,0,1,50.0,2,9,36,45,32.7,2,0,58,0,0,0,Facundo González,Feyenoord,1085103,2959
7,0,0.0,28,12,50.0,71,83,154,77.0,11,47.83,12,15,0,0,0,0,33,0,0,1,0,16,15,0,0,3,10,35,0,0,0.3,0.08,9,0,0.0,0,0,0,17,16,1,0,0,,23,50.0,0,0,0,46,9,2,0,5,629,0,,0,0,0,0,0,0,0,0,0,70,2,0,6.54,0,0,0,0,0,0,0,0,0.0,0.0,0,1,0,0,0,3,75.0,0,20,8,40.0,2,14,4,7,34,49.28,24,108,99,200,98.1,1,0,303,0,1,0,Casper Staring,NAC Breda,1048427,2947
0,0,0.0,14,0,0.0,29,4,33,66.0,14,63.64,8,12,0,0,0,0,3,0,1,0,0,7,11,0,0,5,0,18,0,0,0.11,0.47,3,0,0.0,0,0,0,4,4,0,0,0,,7,41.18,0,0,0,17,0,1,0,0,183,1,,0,0,0,0,0,0,0,0,0,32,1,0,6.54,0,0,0,0,0,0,0,0,0.0,0.0,0,3,0,3,0,1,33.33,0,0,0,0.0,1,0,3,1,21,53.85,0,45,6,50,71.9,3,0,92,6,1,0,Youssuf Sylla,Willem II Tilburg,1099220,2961
7,0,0.0,19,17,37.78,79,176,255,81.99,17,48.57,18,10,0,0,0,0,33,0,1,2,0,51,10,0,1,1,2,32,0,0,0.1,0.28,11,0,0.0,4,0,0,14,12,2,0,0,,21,60.0,0,0,0,56,16,4,0,9,713,0,,0,0,0,1,0,0,0,0,0,70,0,0,6.53,1,0,0,0,0,0,0,0,0.0,0.0,0,2,1,1,0,0,0.0,0,13,7,53.85,4,19,0,1,38,54.29,45,116,196,311,65.3,3,0,447,9,0,0,Enes Mahmutović,NAC Breda,571964,2947
4,1,6.67,28,6,50.0,44,12,55,67.07,1,20.0,4,9,0,0,0,0,6,0,0,0,0,0,7,0,0,6,6,31,0,0,0.49,0.1,6,0,0.0,0,0,0,4,4,0,0,0,,13,32.5,0,0,0,27,2,6,0,1,220,0,,0,0,0,0,0,0,0,0,0,63,2,0,6.53,0,0,0,0,0,0,0,0,0.0,0.0,0,1,2,2,1,0,0.0,0,8,3,37.5,6,8,9,15,14,31.11,12,80,17,82,45.7,3,0,147,5,1,0,Younes Taha,FC Twente,1146623,2955
4,0,0.0,1,13,50.0,7,32,39,75.0,0,0.0,0,1,0,0,0,0,12,0,0,0,0,1,1,0,0,0,0,0,0,0,0.0,,0,0,0.0,3,0,0,3,2,1,0,0,-0.69,0,0.0,0,0,0,13,0,0,0,1,90,0,,0,0,0,0,0,0,0,0,0,13,0,0,6.5,0,0,0,1,1,2,0,0,0.0,0.0,0,0,0,0,0,0,0.0,0,0,0,0.0,0,9,0,0,0,0.0,26,19,33,52,6.5,0,0,59,0,0,0,Kostas Lamprou,NAC Breda,42876,2947
0,0,0.0,0,0,0.0,0,2,2,100.0,0,0.0,0,1,0,0,0,0,2,0,0,0,0,0,1,0,0,0,0,0,0,0,0.0,,0,0,0.0,0,0,0,4,4,0,0,0,,1,100.0,0,0,0,0,0,0,0,0,24,0,,0,0,0,0,0,0,0,0,0,1,0,0,6.5,0,0,0,0,0,0,0,0,0.0,0.0,0,0,0,0,0,0,0.0,0,1,0,0.0,0,0,0,0,1,100.0,0,0,2,2,6.5,0,0,5,0,0,0,Jeffry Puriel,Almere City FC,1046943,2990
0,1,50.0,3,0,0.0,10,2,11,68.75,0,0.0,0,2,0,0,0,0,3,1,0,0,0,0,2,0,0,4,0,8,0,0,0.03,,2,0,0.0,0,0,0,1,1,0,0,0,,4,33.33,0,0,0,5,0,1,0,1,69,0,,0,0,0,0,0,0,0,0,0,16,0,0,6.5,0,0,0,0,0,0,0,0,0.0,0.0,0,0,0,0,0,1,33.33,0,0,0,0.0,1,0,3,2,4,33.33,1,13,5,16,13.0,0,0,36,3,0,0,Braydon Manu,PEC Zwolle,844625,2971
0,0,0.0,0,0,0.0,1,1,2,50.0,0,0.0,1,2,0,0,0,0,0,0,0,0,0,3,1,0,0,0,0,1,0,0,0.0,,0,0,0.0,0,0,0,0,0,0,0,0,,0,0.0,0,0,0,2,0,0,0,0,11,0,,0,0,0,0,0,0,0,0,0,2,0,0,6.5,0,0,0,0,0,0,0,0,0.0,0.0,0,0,0,0,0,0,0.0,0,0,0,0.0,0,0,0,0,0,0.0,0,2,2,4,6.5,0,0,8,0,0,0,Yousri Sbai,NEC Nijmegen,2026504,2962
0,0,0.0,1,0,0.0,1,0,1,50.0,0,0.0,1,2,0,0,0,0,0,0,0,0,0,0,1,0,0,0,0,1,0,0,0.0,,0,0,0.0,0,0,0,0,0,0,0,0,,0,0.0,0,0,0,1,0,0,0,0,12,0,,0,0,0,0,0,0,0,0,0,2,0,0,6.5,0,0,0,0,0,0,0,0,0.0,0.0,0,0,0,0,0,0,0.0,0,0,0,0.0,0,1,0,0,0,0.0,0,2,0,2,6.5,0,0,6,0,0,0,Alex Mortensen,FC Groningen,1093224,2951
0,0,0.0,1,0,0.0,1,0,1,50.0,1,25.0,3,3,0,0,0,0,0,0,0,0,0,0,2,0,0,0,0,4,0,0,0.0,,1,0,0.0,0,0,0,0,0,0,0,0,,0,0.0,0,0,0,1,0,0,0,0,20,0,,0,0,0,0,0,0,0,0,0,3,0,0,6.5,0,0,0,0,0,0,0,0,0.0,0.0,0,0,0,0,0,0,0.0,0,0,0,0.0,0,0,0,1,1,20.0,0,3,0,2,13.0,0,0,5,0,0,0,Owen Johnson,Fortuna Sittard,2025659,2957
0,0,0.0,1,0,0.0,8,5,13,76.47,2,33.33,4,5,0,0,0,0,1,0,0,0,0,0,4,0,0,0,0,4,0,0,0.0,,0,0,0.0,0,0,0,0,0,0,0,0,,0,0.0,0,0,0,4,0,0,0,0,43,0,,0,0,0,0,0,0,0,0,0,6,0,0,6.5,0,0,0,0,0,0,0,0,0.0,0.0,0,0,0,0,0,0,0.0,0,0,0,0.0,0,1,0,0,2,33.33,0,11,6,17,26.0,0,0,19,0,0,0,Argyrios Darelas,NEC Nijmegen,1146304,2962
2,0,0.0,22,0,0.0,36,19,55,84.62,1,12.5,7,3,0,0,0,0,10,0,1,0,0,1,3,0,0,5,3,22,0,0,0.1,0.19,3,0,0.0,0,0,0,0,0,0,0,0,,9,37.5,0,0,0,10,0,2,0,2,172,0,,0,0,0,0,0,0,0,0,0,27,0,0,6.5,0,0,0,0,0,0,0,0,0.0,0.0,0,1,1,2,0,3,37.5,0,2,0,0.0,2,2,8,0,10,31.25,3,42,23,65,19.5,2,0,104,4,0,0,Myron Van Brederode,AZ Alkmaar,1012925,2950
0,0,0.0,0,0,0.0,0,0,0,0.0,0,0.0,0,2,0,0,0,0,0,0,0,0,0,0,1,0,0,0,0,0,0,0,,0.07,0,0,0.0,0,0,0,0,0,0,0,0,,0,0.0,0,0,0,0,0,0,0,0,11,0,,0,0,0,0,0,0,0,0,0,3,0,0,6.5,0,0,0,0,0,0,0,0,0.0,0.0,0,1,0,0,1,0,0.0,0,0,0,0.0,0,0,0,2,0,0.0,0,2,0,0,6.5,1,0,4,0,0,0,Úmaro Embaló,Fortuna Sittard,901857,2957
2,0,0.0,8,1,50.0,17,16,33,78.57,3,60.0,2,4,0,0,0,0,3,0,0,0,0,4,4,0,0,0,2,11,0,0,0.02,0.04,6,0,0.0,0,0,0,7,4,3,0,0,,8,47.06,0,0,0,9,2,0,0,1,131,0,,0,0,0,0,0,0,0,0,0,14,0,0,6.5,0,0,0,0,0,0,0,0,0.0,0.0,0,0,1,0,1,0,0.0,0,7,5,71.43,0,4,1,0,11,50.0,2,23,19,42,26.0,1,0,69,1,0,0,Tim Receveur,Almere City FC,152418,2990
7,0,0.0,28,7,50.0,50,49,99,79.84,8,30.77,18,13,0,0,0,0,17,0,0,0,0,6,10,0,0,2,2,34,0,0,0.12,,10,0,0.0,0,0,0,9,9,0,0,0,,12,42.86,0,0,0,25,3,1,0,3,335,0,,0,0,0,0,0,0,0,0,0,36,1,0,6.47,0,0,0,0,0,0,0,0,0.0,0.0,0,0,0,0,0,2,40.0,0,7,4,57.14,1,9,5,1,20,37.04,14,66,59,124,64.7,0,0,173,3,2,0,Gijs Besselink,FC Twente,1440801,2955
0,3,27.27,10,0,0.0,20,17,34,66.67,1,33.33,2,9,0,0,0,0,8,0,2,2,0,3,9,0,0,1,4,14,0,0,0.34,0.8,2,0,0.0,0,0,0,7,7,0,0,0,,6,33.33,0,0,0,17,2,3,0,3,230,0,,0,0,0,0,0,0,0,0,0,40,2,0,6.47,0,0,0,0,0,0,0,0,0.0,0.0,0,7,2,6,1,1,16.67,0,3,3,100.0,3,2,6,11,7,33.33,7,39,23,51,58.2,9,0,107,2,0,0,Roy Kuijpers,NAC Breda,1046728,2947
1,0,0.0,13,0,0.0,17,15,32,59.26,5,33.33,10,7,0,0,0,0,1,1,2,1,0,7,7,0,0,4,1,24,0,0,0.17,0.55,8,0,0.0,0,0,0,7,7,0,0,0,,1,6.67,0,0,0,22,1,3,0,3,270,0,,0,0,0,0,0,0,0,0,0,42,1,0,6.46,0,0,0,0,0,0,0,0,0.0,0.0,0,3,0,1,1,1,33.33,0,0,0,0.0,3,2,3,0,6,20.0,0,34,20,54,45.2,3,0,95,0,2,0,Daniel Karlsbakk,SC Heerenveen,1173573,2964
0,0,0.0,1,1,50.0,6,9,15,93.75,0,0.0,1,2,0,0,0,0,0,0,0,0,0,1,2,0,0,0,0,2,0,0,0.0,,1,0,0.0,0,0,0,1,1,0,0,0,,1,50.0,0,0,0,1,0,0,0,0,28,0,,0,0,0,0,0,0,0,0,0,1,0,0,6.45,0,0,0,0,0,0,0,0,0.0,0.0,0,0,0,0,0,0,0.0,0,0,0,0.0,0,0,0,0,1,33.33,2,7,9,16,12.9,0,0,19,1,0,0,Mateja Milovanović,SC Heerenveen,1124029,2964
0,0,0.0,2,0,0.0,2,1,3,50.0,1,100.0,0,2,0,0,0,0,2,0,0,0,0,1,2,0,0,1,0,3,0,0,0.0,,2,0,0.0,0,0,0,1,1,0,0,0,,3,50.0,0,0,0,3,0,0,0,0,26,0,,0,0,0,0,0,0,0,0,0,5,0,0,6.45,0,0,0,0,0,0,0,0,0.0,0.0,0,0,0,0,0,0,0.0,0,2,2,100.0,0,0,0,1,4,57.14,1,5,2,6,12.9,0,0,12,1,0,0,Giandro Sambo,Heracles Almelo,1469027,2977
1,0,0.0,9,1,50.0,20,25,45,90.0,3,50.0,3,4,0,0,0,0,8,0,0,0,0,9,4,0,0,2,0,7,0,0,0.08,,1,0,0.0,0,0,0,5,4,1,0,0,,4,50.0,0,0,0,5,0,1,0,1,116,0,,0,0,0,0,0,0,0,0,0,10,0,0,6.45,0,0,0,0,0,0,0,0,0.0,0.0,0,0,0,0,0,1,50.0,0,2,1,50.0,1,1,2,0,7,50.0,2,22,28,50,25.8,0,0,83,1,1,0,Luca Everink,Go Ahead Eagles,1014260,2979
0,0,0.0,1,1,33.33,5,29,34,85.0,1,33.33,2,5,0,0,0,0,5,0,0,0,0,2,4,0,0,0,0,3,0,0,0.0,,1,0,0.0,0,0,0,1,0,1,0,0,,0,0.0,0,0,0,6,0,0,0,0,42,0,,0,0,0,0,0,0,0,0,0,7,0,0,6.45,0,0,0,0,0,0,0,0,0.0,0.0,0,0,0,0,0,0,0.0,0,0,0,0.0,0,3,0,0,1,25.0,3,8,32,40,25.8,0,0,45,0,0,0,Miodrag Pivas,Willem II Tilburg,1129829,2961
0,0,0.0,8,3,25.0,23,54,77,80.21,2,25.0,6,7,0,0,0,0,11,0,0,0,0,10,7,0,0,2,3,12,0,0,0.07,,3,0,0.0,1,0,0,9,8,1,0,0,,4,40.0,0,0,0,19,4,1,0,1,226,0,,0,0,0,0,0,0,0,0,0,24,0,0,6.44,0,0,0,0,0,0,0,0,0.0,0.0,0,0,0,0,0,0,0.0,0,3,3,100.0,1,4,0,0,6,33.33,12,34,62,96,45.1,0,0,127,1,1,0,Christopher Mamengi,Almere City FC,929632,2990
8,2,5.41,51,14,35.9,111,116,225,76.79,18,64.29,10,17,0,0,0,0,25,0,0,0,0,21,17,0,1,2,12,30,0,0,0.5,0.11,5,0,0.0,0,0,0,22,18,4,0,0,,25,55.56,0,0,0,68,10,7,0,9,756,1,,0,0,0,0,0,0,0,0,0,117,0,0,6.44,1,0,0,0,0,0,0,0,0.0,0.0,0,1,1,2,0,1,50.0,0,15,8,53.33,7,20,2,37,43,58.9,39,196,134,293,109.4,2,0,497,9,1,0,Aaron Meijers,RKC Waalwijk,32386,2956
0,0,0.0,2,0,0.0,4,2,6,54.55,3,42.86,4,3,0,0,0,0,1,0,1,0,0,0,3,0,0,1,0,6,0,0,0.01,0.1,2,0,0.0,0,0,0,0,0,0,0,0,,4,66.67,0,0,1,5,0,0,0,0,54,1,,0,0,0,0,0,0,0,0,0,8,0,0,6.43,0,0,0,0,0,0,0,0,0.0,0.0,0,0,1,1,0,0,0.0,0,1,1,100.0,0,0,0,0,7,53.85,0,9,2,11,19.3,1,0,21,3,0,0,Stéphano Carrillo,Feyenoord,1410228,2959
1,0,0.0,5,2,50.0,8,13,21,63.64,4,57.14,3,3,0,0,0,0,3,0,0,0,0,7,3,0,0,0,2,7,0,0,0.35,0.02,0,0,0.0,0,0,0,5,5,0,0,0,,8,66.67,0,0,0,12,4,1,0,0,110,0,,0,0,0,0,0,0,0,0,0,21,0,0,6.43,0,0,0,0,0,0,0,0,0.0,0.0,0,1,0,1,0,0,0.0,0,7,2,28.57,1,1,2,2,12,63.16,4,17,18,33,19.3,1,0,73,1,1,0,Martin Koscelník,NAC Breda,798808,2947
1,0,0.0,11,1,50.0,23,17,40,76.92,1,20.0,4,9,0,0,0,0,8,1,0,3,0,1,9,0,0,1,0,11,0,0,0.1,0.29,2,0,0.0,0,0,0,5,5,0,0,0,,8,53.33,0,0,0,12,1,4,0,2,229,0,,0,0,0,0,0,0,0,0,0,23,0,0,6.42,0,0,0,0,0,0,0,0,0.0,0.0,0,4,2,1,2,3,42.86,0,4,4,100.0,4,1,7,1,9,45.0,2,32,21,52,57.8,6,0,90,1,1,0,Reuven Niemeijer,De Graafschap,846202,2949
0,0,0.0,0,0,0.0,0,0,0,0.0,0,0.0,1,1,0,0,0,0,0,0,0,0,0,0,1,0,0,0,0,1,0,0,,,0,0,0.0,0,0,0,0,0,0,0,0,,0,0.0,0,0,0,2,0,0,0,0,8,1,,0,0,0,0,0,0,0,0,0,3,0,0,6.4,0,0,0,0,0,0,0,0,0.0,0.0,0,0,0,0,0,0,0.0,0,0,0,0.0,0,0,0,0,0,0.0,0,2,0,2,6.4,0,0,3,0,0,0,Apostolos Vellios,PEC Zwolle,51021,2971
2,0,0.0,1,2,50.0,3,2,5,50.0,0,0.0,0,1,0,0,0,0,1,0,0,0,0,0,1,0,0,0,1,2,0,0,0.01,,0,0,0.0,0,0,0,0,0,0,0,0,,0,0.0,0,0,0,5,0,0,0,0,11,0,,0,0,0,0,0,0,0,0,0,6,1,0,6.4,0,0,0,0,0,0,0,0,0.0,0.0,0,0,0,0,0,0,0.0,0,0,0,0.0,0,6,1,0,0,0.0,4,8,2,10,6.4,0,0,12,0,0,0,Thibo Baeten,Go Ahead Eagles,964766,2979
0,0,0.0,0,2,66.67,8,36,44,86.27,2,33.33,4,1,0,0,0,0,0,0,0,0,0,4,1,0,0,0,1,5,0,1,0.0,,0,0,0.0,7,0,0,3,3,0,0,0,,2,66.67,0,0,0,7,0,0,0,1,78,0,,0,0,0,0,0,0,0,0,0,7,0,0,6.4,0,0,0,0,0,0,0,0,0.0,0.0,0,0,0,0,0,0,0.0,0,2,0,0.0,0,1,0,0,4,44.44,3,14,37,51,6.4,0,0,59,0,0,0,Pim Saathof,Go Ahead Eagles,1171238,2979
0,0,0.0,0,0,0.0,1,1,2,50.0,0,0.0,0,1,0,0,0,0,0,0,0,0,0,0,1,0,0,0,1,2,0,0,0.0,,1,0,0.0,0,0,0,0,0,0,0,0,,1,33.33,0,0,0,2,0,0,0,0,8,0,,0,0,0,0,0,0,0,0,0,2,0,0,6.4,0,0,0,0,0,0,0,0,0.0,0.0,0,0,0,0,0,0,0.0,0,1,0,0.0,0,0,0,0,1,33.33,0,2,2,4,6.4,0,0,5,0,0,0,Isaiah Ahmed,SC Heerenveen,1801303,2964
0,0,0.0,1,0,0.0,1,4,5,45.45,1,50.0,1,2,0,0,0,0,1,0,0,0,0,0,2,0,0,0,0,2,0,0,0.0,,0,0,0.0,0,0,0,0,0,0,0,0,,0,0.0,0,0,0,6,1,0,0,0,23,0,,0,0,0,0,0,0,0,0,0,8,0,0,6.4,0,0,0,0,0,0,0,0,0.0,0.0,0,0,0,0,0,0,0.0,0,0,0,0.0,0,3,1,0,1,33.33,4,4,7,11,12.8,0,0,15,1,0,0,Guus Beaumont,Almere City FC,1046940,2990
4,0,0.0,15,0,0.0,33,27,60,74.07,3,42.86,4,8,0,0,0,0,11,0,3,1,0,4,8,0,1,2,1,12,0,0,0.07,0.67,3,0,0.0,0,0,0,4,3,1,0,0,,7,46.67,0,0,0,21,3,1,0,2,258,0,,0,0,0,0,0,0,0,0,0,35,0,0,6.4,1,0,0,0,0,0,0,0,0.0,0.0,0,5,1,3,2,3,60.0,0,3,0,0.0,1,8,5,3,10,45.45,4,47,37,81,51.2,6,0,125,1,0,0,Lars Mol,NAC Breda,1515523,2947
1,0,0.0,3,1,100.0,4,7,11,78.57,2,66.67,1,2,0,0,0,0,4,0,1,0,0,1,2,0,0,0,1,3,0,0,0.0,0.31,1,0,0.0,0,0,0,2,2,0,0,0,,3,60.0,0,0,0,3,1,0,0,0,33,0,,0,0,0,0,0,0,0,0,0,6,0,0,6.4,0,0,0,0,0,0,0,0,0.0,0.0,0,1,0,1,0,0,0.0,0,3,2,66.67,0,1,0,0,5,62.5,1,6,8,14,12.8,1,0,25,0,0,0,Teun Gijselhart,PEC Zwolle,1405763,2971
0,0,0.0,1,0,0.0,2,6,8,66.67,1,50.0,1,2,0,0,0,0,1,0,0,0,0,0,2,0,0,2,2,6,0,0,0.01,0.23,0,0,0.0,0,0,0,0,0,0,0,0,,2,28.57,0,0,0,4,0,0,0,0,34,0,,0,0,0,0,0,0,0,0,0,8,0,0,6.4,0,0,0,0,0,0,0,0,0.0,0.0,0,1,0,1,0,0,0.0,0,2,1,50.0,0,1,1,0,3,33.33,1,4,8,12,12.8,1,0,20,0,0,0,Olivier De Nijs,Almere City FC,1648767,2990
0,0,0.0,13,0,0.0,18,12,30,78.95,1,11.11,8,13,0,0,0,0,3,1,4,1,0,1,11,0,0,8,0,29,0,0,0.04,1.07,11,0,0.0,0,0,0,4,3,1,0,0,,4,16.0,0,0,1,8,0,2,0,2,259,2,,0,0,0,0,0,0,0,0,0,46,1,0,6.37,0,0,0,0,0,0,0,0,0.0,0.0,0,6,1,2,4,1,20.0,0,0,0,0.0,2,0,5,7,5,14.71,0,31,14,38,70.1,7,0,96,3,0,0,Thomas Buitink,PEC Zwolle,856736,2971
10,2,50.0,66,20,54.05,180,213,391,91.78,7,31.82,15,11,0,0,0,0,16,0,0,0,1,25,11,0,1,1,2,22,0,0,0.32,,4,0,0.0,8,0,0,9,8,1,0,0,,6,46.15,0,0,0,35,7,3,0,7,588,0,,0,0,0,1,0,0,0,0,0,39,0,0,6.36,1,0,0,0,0,0,0,0,0.0,0.0,0,0,0,0,0,1,100.0,0,2,1,50.0,3,25,1,4,13,37.14,37,205,225,426,70.0,0,0,488,3,1,0,Maxim Dekker,AZ Alkmaar,1119294,2950
0,0,0.0,6,0,0.0,14,8,22,73.33,0,0.0,1,5,0,0,0,0,4,0,0,1,0,0,5,0,0,4,1,12,0,0,0.02,0.02,2,0,0.0,0,0,0,3,3,0,0,0,,4,26.67,0,0,0,8,0,0,0,0,66,1,,0,0,0,0,0,0,0,0,0,22,1,0,6.36,0,0,0,0,0,0,0,0,0.0,0.0,0,1,0,0,0,0,0.0,0,3,3,100.0,0,1,4,5,4,25.0,1,25,10,30,31.8,1,0,53,1,0,0,Alexander Jakobsen,RKC Waalwijk,340491,2956
0,0,0.0,5,0,0.0,6,2,8,61.54,2,28.57,5,4,0,0,0,0,3,0,1,1,0,2,4,0,0,3,4,17,0,0,0.01,0.35,3,0,0.0,0,0,0,8,7,1,0,0,,4,25.0,0,0,0,5,0,1,0,0,141,0,,0,0,0,0,0,0,0,0,0,20,0,0,6.35,0,0,0,0,0,0,0,0,0.0,0.0,0,2,0,0,1,3,60.0,0,1,0,0.0,1,1,5,0,6,26.09,1,11,2,13,25.4,2,0,46,0,1,0,Emanuel Poku,Almere City FC,1887071,2990
0,0,0.0,0,0,0.0,1,8,9,81.82,3,30.0,7,3,0,0,0,0,1,0,0,0,0,14,3,0,0,0,1,13,0,0,0.0,,3,0,0.0,0,0,0,2,2,0,0,0,,0,0.0,0,0,0,2,2,0,0,0,72,0,,0,0,0,0,0,0,0,0,0,4,1,0,6.33,0,0,0,0,0,0,0,0,0.0,0.0,0,0,0,0,0,0,0.0,0,0,0,0.0,0,1,2,0,3,18.75,0,3,8,11,19.0,0,0,31,0,1,0,Jordy de Wijs,SC Heerenveen,359032,2964
0,0,0.0,2,0,0.0,3,5,8,88.89,1,100.0,0,1,0,0,0,0,1,0,0,0,0,0,1,0,0,1,0,2,0,0,0.0,,1,0,0.0,0,0,0,0,0,0,0,0,,0,0.0,0,0,0,1,0,0,0,0,13,0,,0,0,0,0,0,0,0,0,0,5,0,0,6.3,0,0,0,0,0,0,0,0,0.0,0.0,0,0,0,0,0,0,0.0,0,0,0,0.0,0,0,0,0,1,33.33,0,3,6,9,6.3,0,0,14,0,0,0,Rayane Bounida,AFC Ajax,1403090,2953
1,0,0.0,4,0,0.0,15,36,51,89.47,0,0.0,0,1,0,0,0,0,3,0,0,0,0,0,1,0,0,0,1,4,0,0,0.01,,1,0,0.0,0,0,0,0,0,0,0,0,,0,0.0,0,0,0,6,0,0,0,1,77,0,,0,0,0,0,0,0,0,0,0,10,0,0,6.3,0,0,0,0,0,0,0,0,0.0,0.0,0,0,0,0,0,0,0.0,0,0,0,0.0,0,4,2,0,0,0.0,3,21,36,57,6.3,0,0,62,0,0,0,Benjamin Tahirović,AFC Ajax,1102659,2953
1,0,0.0,4,0,0.0,7,0,7,100.0,0,0.0,0,1,0,0,0,0,0,0,0,0,0,0,1,0,0,0,0,0,0,0,0.05,,0,0,0.0,0,0,0,1,1,0,0,0,,0,0.0,0,0,0,0,0,0,0,0,11,0,,0,0,0,0,0,0,0,0,0,0,0,0,6.3,0,0,0,0,0,0,0,0,0.0,0.0,0,0,0,0,0,0,0.0,0,0,0,0.0,0,1,0,0,0,0.0,0,7,0,7,6.3,0,0,8,0,0,0,Marcus Pedersen,Feyenoord,934409,2959
3,0,0.0,5,13,50.0,9,7,16,55.17,0,0.0,0,1,0,0,0,0,5,0,0,0,0,2,1,0,0,0,0,1,0,0,0.01,,1,0,0.0,3,0,0,3,3,0,0,0,-0.12,0,0.0,0,1,0,13,0,0,0,1,90,0,,0,0,0,1,0,1,0,0,0,14,0,1,6.3,0,0,1,1,0,1,0,0,0.0,0.0,0,0,0,0,0,0,0.0,1,0,0,0.0,0,4,0,0,0,0.0,26,22,7,29,6.3,0,0,37,0,1,0,Roy Kortsmit,NAC Breda,168437,2947
0,1,100.0,3,1,33.33,20,19,38,86.36,0,0.0,0,2,0,0,0,0,2,0,0,0,0,1,2,0,0,0,1,2,0,0,0.04,,1,0,0.0,0,0,0,2,2,0,0,0,,0,0.0,0,0,0,6,0,2,0,0,53,0,,0,0,0,1,0,0,0,0,0,6,0,0,6.3,0,0,0,0,0,0,0,0,0.0,0.0,0,0,0,0,0,0,0.0,0,0,0,0.0,2,0,0,1,0,0.0,3,24,21,44,12.6,0,0,47,0,0,0,Sven Bouland,FC Groningen,1647694,2951
0,0,0.0,0,0,0.0,2,5,7,77.78,1,100.0,0,1,0,0,0,0,0,0,0,1,0,1,1,0,0,0,0,0,0,0,0.0,0.1,0,0,0.0,0,0,0,2,2,0,0,0,,0,0.0,0,0,0,2,0,0,0,0,16,0,,0,0,0,0,0,0,0,0,0,2,0,0,6.3,0,0,0,0,0,0,0,0,0.0,0.0,0,1,0,0,0,0,0.0,0,0,0,0.0,0,0,0,0,1,100.0,1,4,5,9,6.3,1,0,11,0,0,0,Kai Jansen,SC Heerenveen,2063957,2964
0,1,33.33,4,3,27.27,6,15,20,57.14,1,33.33,2,3,0,0,0,0,5,0,0,0,0,9,2,0,0,0,1,5,0,0,0.05,0.04,1,0,0.0,0,0,0,4,4,0,0,0,,1,25.0,0,0,0,15,2,0,0,1,104,0,,0,0,0,0,0,0,0,0,0,19,0,0,6.2,0,0,0,0,0,0,0,0,0.0,0.0,0,0,2,2,0,0,0.0,0,0,0,0.0,0,1,1,3,2,28.57,11,14,24,35,12.4,2,0,60,1,0,0,Manel Royo,NAC Breda,867318,2947
4,0,0.0,12,7,50.0,45,75,120,90.91,1,33.33,2,2,0,0,0,0,6,0,1,0,0,4,2,0,0,0,0,5,0,0,0.07,0.23,2,0,0.0,0,0,0,4,3,1,0,0,,1,25.0,0,0,0,12,1,0,0,2,160,0,,0,0,0,1,0,0,0,0,0,14,0,0,6.15,0,0,0,0,0,0,0,0,0.0,0.0,0,1,0,1,0,0,0.0,0,1,1,100.0,0,6,1,0,2,28.57,14,50,82,132,12.3,1,0,143,0,1,0,Jamal Amofa,Go Ahead Eagles,1049653,2979
0,0,0.0,0,0,0.0,0,0,0,0.0,0,0.0,1,1,0,0,0,0,0,0,2,0,0,0,1,0,0,0,0,1,0,0,,0.94,0,0,0.0,0,0,0,1,1,0,0,0,,1,100.0,0,0,1,0,0,0,0,0,8,0,,0,0,0,0,0,0,0,0,0,0,0,0,5.6,0,0,0,0,0,0,0,0,0.0,0.0,0,0,2,1,1,0,0.0,0,1,1,100.0,0,0,0,0,1,50.0,0,0,0,0,5.6,2,0,3,0,0,0,Ofosu Boakye,Go Ahead Eagles,2056009,2979
0,0,0.0,0,0,0.0,0,1,1,100.0,1,100.0,0,1,0,0,0,0,0,0,0,0,0,0,0,0,0,0,2,2,0,0,0.0,,0,0,0.0,0,0,0,0,0,0,0,0,,0,0.0,0,0,0,0,0,0,0,0,1,0,,0,0,0,0,0,0,0,0,0,1,0,0,0.0,0,0,0,0,0,0,0,0,0.0,0.0,0,0,0,0,0,0,0.0,0,0,0,0.0,0,0,0,0,1,33.33,0,0,1,1,0.0,0,0,3,0,0,0,Silas Andersen,FC Utrecht,1083407,2948
0,0,0.0,0,0,0.0,0,0,0,0.0,1,100.0,0,1,0,0,0,0,0,0,0,0,0,3,0,0,0,0,0,0,0,0,,,0,0,0.0,0,0,0,0,0,0,0,0,,0,0.0,0,0,0,0,0,0,0,0,2,0,,0,0,0,0,0,0,0,0,0,0,0,0,0.0,0,0,0,0,0,0,0,0,0.0,0.0,0,0,0,0,0,0,0.0,0,0,0,0.0,0,0,0,0,1,100.0,0,0,0,0,0.0,0,0,3,0,0,0,Julien Mesbahi,FC Twente,1470014,2955
0,0,0.0,1,0,0.0,1,4,5,71.43,0,0.0,0,1,0,0,0,0,1,0,0,0,0,0,0,0,0,0,0,0,0,0,0.0,,0,0,0.0,0,0,0,0,0,0,0,0,,0,0.0,0,0,0,2,0,0,0,0,1,0,,0,0,0,0,0,0,0,0,0,2,0,0,0.0,0,0,0,0,0,0,0,0,0.0,0.0,0,0,0,0,0,0,0.0,0,0,0,0.0,0,0,0,0,0,0.0,1,2,5,7,0.0,0,0,8,0,0,0,Jan Plug,Feyenoord,1545079,2959
0,0,0.0,0,0,0.0,0,0,0,0.0,0,0.0,0,1,0,0,0,0,0,0,0,0,0,0,0,0,0,0,0,0,0,0,,,0,0,0.0,0,0,0,0,0,0,0,0,,0,0.0,0,0,0,0,0,0,0,0,1,0,,0,0,0,0,0,0,0,0,0,0,0,0,0.0,0,0,0,0,0,0,0,0,0.0,0.0,0,0,0,0,0,0,0.0,0,0,0,0.0,0,0,0,0,0,0.0,0,0,0,0,0.0,0,0,0,0,0,0,Lewis Schouten,AZ Alkmaar,1145987,2950
0,0,0.0,0,0,0.0,1,0,1,100.0,0,0.0,0,1,0,0,0,0,0,0,0,0,0,0,0,0,0,0,0,0,0,0,0.0,,0,0,0.0,0,0,0,0,0,0,0,0,,0,0.0,0,0,0,0,0,0,0,0,2,0,,0,0,0,0,0,0,0,0,0,0,0,0,0.0,0,0,0,0,0,0,0,0,0.0,0.0,0,0,0,0,0,0,0.0,0,0,0,0.0,0,0,0,0,0,0.0,0,1,0,1,0.0,0,0,2,0,0,0,Michael Bresser,PSV Eindhoven,1586632,2952
0,0,0.0,0,0,0.0,0,0,0,0.0,0,0.0,0,1,0,0,0,0,0,0,0,0,0,0,0,0,0,0,0,0,0,0,,,0,0,0.0,0,0,0,1,1,0,0,0,,0,0.0,0,0,0,0,0,0,0,0,1,0,,0,0,0,0,0,0,0,0,0,0,0,0,0.0,0,0,0,0,0,0,0,0,0.0,0.0,0,0,0,0,0,0,0.0,0,0,0,0.0,0,0,0,0,0,0.0,0,0,0,0,0.0,0,0,0,0,0,0,Fofin Turay,FC Groningen,1481251,2951
0,0,0.0,0,0,0.0,1,0,1,100.0,0,0.0,1,1,0,0,0,0,1,0,0,0,0,0,0,0,0,0,0,1,0,0,0.0,,0,0,0.0,0,0,0,0,0,0,0,0,,0,0.0,0,0,0,0,0,1,0,0,3,0,,0,0,0,0,0,0,0,0,0,0,1,0,0.0,0,0,0,0,0,0,0,0,0.0,0.0,0,0,0,0,0,0,0.0,0,0,0,0.0,1,0,0,0,0,0.0,0,1,0,1,0.0,0,0,1,0,0,0,Abdurrahman Burak Sayin,Fortuna Sittard,2119573,2957
0,0,0.0,2,1,100.0,2,0,2,100.0,0,0.0,1,2,0,0,0,0,0,0,0,1,0,0,0,0,0,0,0,1,0,0,0.01,0.08,0,0,0.0,0,0,0,0,0,0,0,0,,0,0.0,0,0,0,0,0,0,0,0,4,0,,0,0,0,0,0,0,0,0,0,0,0,0,0.0,0,0,0,0,0,0,0,0,0.0,0.0,0,1,0,0,0,0,0.0,0,0,0,0.0,0,0,0,0,0,0.0,1,2,0,2,0.0,1,0,4,0,0,0,Hasip Korkmazyürek,Fortuna Sittard,1916795,2957
0,0,0.0,1,0,0.0,2,2,4,80.0,0,0.0,0,3,0,0,0,0,1,0,0,0,0,0,0,0,0,0,0,1,0,0,0.01,0.04,1,0,0.0,0,0,0,0,0,0,0,0,,0,0.0,0,0,0,1,0,0,0,0,5,0,,0,0,0,0,0,0,0,0,0,1,0,0,0.0,0,0,0,0,0,0,0,0,0.0,0.0,0,0,1,1,0,0,0.0,0,0,0,0.0,0,0,0,0,0,0.0,0,3,2,5,0.0,1,0,8,0,0,0,Tristan Schenkhuizen,Fortuna Sittard,1386737,2957
0,0,0.0,1,0,0.0,1,0,1,50.0,0,0.0,1,2,0,0,0,0,2,0,0,0,0,0,0,0,0,0,0,2,0,0,0.0,0.03,0,0,0.0,0,0,0,0,0,0,0,0,,0,0.0,0,0,0,1,0,0,0,0,2,0,,0,0,0,0,0,0,0,0,0,2,0,0,0.0,0,0,0,0,0,0,0,0,0.0,0.0,0,0,1,0,1,0,0.0,0,0,0,0.0,0,0,1,0,0,0.0,1,2,0,2,0.0,1,0,5,0,0,0,Samir Lagsir,PEC Zwolle,1012931,2971
