accurateChippedPasses,accurateCrosses,accurateCrossesPercentage,accurateFinalThirdPasses,accurateLongBalls,accurateLongBallsPercentage,accurateOppositionHalfPasses,accurateOwnHalfPasses,accuratePasses,accuratePassesPercentage,aerialDuelsWon,aerialDuelsWonPercentage,aerialLost,appearances,assists,attemptPenaltyMiss,attemptPenaltyPost,attemptPenaltyTarget,ballRecovery,bigChancesCreated,bigChancesMissed,blockedShots,cleanSheet,clearances,countRating,crossesNotClaimed,directRedCards,dispossessed,dribbledPast,duelLost,errorLeadToGoal,errorLeadToShot,expectedAssists,expectedGoals,fouls,freeKickGoal,goalConversionPercentage,goalKicks,goals,goalsAssistsSum,goalsConceded,goalsConcededInsideTheBox,goalsConcededOutsideTheBox,goalsFromInsideTheBox,goalsFromOutsideTheBox,goalsPrevented,groundDuelsWon,groundDuelsWonPercentage,headedGoals,highClaims,hitWoodwork,inaccuratePasses,interceptions,keyPasses,leftFootGoals,matchesStarted,minutesPlayed,offsides,outfielderBlocks,ownGoals,passToAssist,penaltiesTaken,penaltyConceded,penaltyConversion,penaltyFaced,penaltyGoals,penaltySave,penaltyWon,possessionLost,possessionWonAttThird,punches,rating,redCards,rightFootGoals,runsOut,savedShotsFromInsideTheBox,savedShotsFromOutsideTheBox,saves,savesCaught,savesParried,scoringFrequency,setPieceConversion,shotFromSetPiece,shotsFromInsideTheBox,shotsFromOutsideTheBox,shotsOffTarget,shotsOnTarget,successfulDribbles,successfulDribblesPercentage,successfulRunsOut,tackles,tacklesWon,tacklesWonPercentage,totalAttemptAssist,totalChippedPasses,totalContest,totalCross,totalDuelsWon,totalDuelsWonPercentage,totalLongBalls,totalOppositionHalfPasses,totalOwnHalfPasses,totalPasses,totalRating,totalShots,totwAppearances,touches,wasFouled,yellowCards,yellowRedCards,player,team,player id,team id
4,0,0.0,1,6,27.27,3,21,24,60.0,0,0.0,0,1,0,0,0,0,7,0,0,0,0,0,1,0,0,0,0,0,0,0,0.0,,0,0,0.0,8,0,0,2,2,0,0,0,1.34,0,0.0,0,1,0,16,0,0,0,1,90,0,0,0,0,0,0,0,0,0,0,0,16,0,0,8.2,0,0,1,5,1,6,0,2,0.0,0.0,0,0,0,0,0,0,0.0,1,0,0,0.0,0,10,0,0,0,0.0,22,15,25,40,8.2,0,0,50,0,0,0,Duke Verduin,PEC Zwolle,1394059,2971
79,60,31.09,691,126,58.6,1132,559,1691,86.23,24,68.57,11,30,14,0,0,0,128,27,1,9,3,54,30,0,0,14,33,86,2,0,9.69,2.34,17,1,23.53,0,8,22,33,25,8,3,5,,85,53.13,0,0,0,270,26,95,1,27,2370,0,12,0,2,0,0,0,0,0,0,0,459,12,0,7.89,0,7,0,0,0,0,0,0,296.25,33.33,3,10,24,11,14,13,54.17,0,58,38,65.52,93,157,24,193,109,55.9,215,1354,607,1961,236.6,34,12,2509,14,4,0,Joey Veerman,PSV Eindhoven,850816,2952
53,17,19.77,416,52,68.42,629,282,911,79.98,12,36.36,21,32,12,0,0,0,120,14,8,14,4,7,32,0,0,51,23,210,0,2,9.27,10.93,19,0,21.25,0,17,29,38,35,3,13,4,,156,45.22,0,0,4,228,12,78,5,30,2686,8,3,0,0,0,0,0,0,0,0,0,543,24,0,7.78,0,12,0,0,0,0,0,0,158.0,0.0,2,51,29,27,39,85,46.7,0,27,18,66.67,78,92,182,86,168,44.44,76,808,331,1139,249.1,80,10,1837,44,2,0,Mika Godts,AFC Ajax,1149146,2953
1,0,0.0,0,5,71.43,2,43,45,95.74,0,0.0,0,1,0,0,0,0,6,0,0,0,0,2,1,0,0,0,0,0,0,0,0.0,,0,0,0.0,2,0,0,1,0,1,0,0,-0.26,0,0.0,0,1,0,2,0,0,0,1,90,0,0,0,0,0,0,0,0,0,0,0,2,0,1,7.7,0,0,1,3,0,3,0,1,0.0,0.0,0,0,0,0,0,0,0.0,1,0,0,0.0,0,3,0,0,0,0.0,7,4,43,47,7.7,0,0,56,0,0,0,Nick Olij,PSV Eindhoven,227192,2952
2,0,0.0,3,16,47.06,9,17,26,56.52,0,0.0,0,2,0,0,0,0,13,0,0,0,0,1,2,0,0,0,0,0,0,0,0.01,,0,0,0.0,3,0,0,2,2,0,0,0,0.94,1,100.0,0,1,0,20,0,0,0,1,101,0,0,0,0,0,0,0,0,0,0,0,20,0,1,7.7,0,0,0,8,2,10,0,2,0.0,0.0,0,0,0,0,0,0,0.0,0,0,0,0.0,0,4,0,0,1,100.0,34,24,22,46,15.4,0,0,64,1,0,0,Daan Reiziger,SC Telstar,916942,2972
0,0,0.0,4,0,0.0,6,5,11,64.71,2,40.0,3,3,0,0,0,0,0,0,0,0,0,2,2,0,0,2,0,5,0,0,0.6,0.37,0,0,100.0,0,2,2,3,3,0,2,0,,2,50.0,0,0,0,6,0,0,1,0,37,0,0,0,0,0,0,0,0,0,0,0,10,0,0,7.55,0,1,0,0,0,0,0,0,18.5,0.0,0,2,0,0,2,1,100.0,0,1,1,100.0,0,1,1,0,4,44.44,1,11,6,17,15.1,2,1,29,0,1,0,Shaqueel van Persie,Feyenoord,1470002,2959
191,0,0.0,104,380,45.51,242,677,919,66.21,4,66.67,2,33,0,0,0,0,319,0,0,0,5,23,33,1,0,0,0,2,2,1,0.21,0.79,0,0,100.0,161,1,1,53,46,7,1,0,8.9,8,100.0,0,12,0,469,0,0,0,33,2959,0,0,0,0,1,0,100,4,1,0,0,483,0,8,7.53,0,1,12,111,30,143,0,22,2959.0,0.0,0,1,0,0,1,2,100.0,12,1,1,100.0,0,278,2,0,12,85.71,835,627,761,1388,248.6,1,3,1708,5,3,0,Ronald Koeman Jr,SC Telstar,268701,2972
115,0,0.0,115,409,45.49,313,654,967,66.05,8,100.0,0,34,0,0,0,0,346,1,0,0,11,26,34,0,0,0,0,1,2,0,0.37,0.03,1,0,0.0,222,0,0,62,52,10,0,0,1.94,7,87.5,0,29,0,497,0,2,0,34,3060,0,0,0,0,0,0,0,3,0,2,0,508,0,7,7.46,0,0,18,93,45,139,0,38,0.0,0.0,1,0,1,1,0,0,0.0,18,0,0,0.0,2,198,0,0,15,93.75,899,747,717,1464,253.5,1,5,1855,6,1,0,Joël Drommel,Sparta Rotterdam,610396,2960
34,53,24.77,322,28,44.44,477,125,602,73.96,7,25.93,20,30,6,0,0,0,131,16,4,24,5,10,30,0,1,34,29,171,1,1,11.14,6.78,15,0,14.29,0,11,17,37,28,9,11,0,,137,47.57,0,0,3,212,8,71,11,30,2553,3,0,0,1,0,0,0,0,0,0,0,583,31,0,7.45,1,0,0,0,0,0,0,0,232.09,0.0,1,54,23,21,32,77,50.33,0,25,12,48.0,70,76,153,214,144,45.71,63,657,157,814,223.6,77,5,1564,35,4,0,Anis Hadj Moussa,Feyenoord,1218066,2959
6,0,0.0,38,7,77.78,69,55,124,82.67,9,50.0,9,8,0,0,0,0,17,0,1,2,0,2,8,0,0,1,5,22,0,0,0.81,2.47,6,0,35.71,0,5,5,7,6,1,5,0,,27,67.5,0,0,0,26,4,7,4,7,547,1,0,0,0,0,0,0,0,0,0,0,43,1,0,7.44,0,1,0,0,0,0,0,0,109.4,0.0,0,13,1,4,8,3,75.0,0,14,8,57.14,7,6,4,1,36,62.07,9,86,64,150,59.5,14,2,232,10,1,0,Victor Jensen,FC Utrecht,856648,2948
63,0,0.0,55,237,31.31,144,649,793,59.98,12,100.0,0,34,0,0,0,0,318,0,0,0,9,36,34,0,0,0,2,2,2,5,0.12,,0,0,0.0,208,0,0,53,48,5,0,0,10.0,11,84.62,0,29,0,529,1,2,0,34,3060,0,0,2,0,0,0,0,3,0,0,0,535,0,19,7.4,0,0,7,106,43,149,1,27,0.0,0.0,0,0,0,0,0,1,100.0,7,0,0,0.0,2,134,1,0,23,92.0,757,580,742,1322,251.7,0,2,1719,13,0,0,Jari De Busser,Go Ahead Eagles,837072,2979
1,1,33.33,10,0,0.0,11,1,12,75.0,1,25.0,3,1,1,0,0,0,0,1,0,2,0,0,1,0,0,0,0,5,0,0,0.51,0.38,2,0,0.0,0,0,1,0,0,0,0,0,,5,71.43,0,0,1,4,0,2,0,1,53,0,0,0,0,0,0,0,0,0,0,0,7,0,0,7.4,0,0,0,0,0,0,0,0,0.0,0.0,0,2,1,1,0,2,100.0,0,1,0,0.0,2,2,2,3,6,54.55,0,15,1,16,7.4,3,0,30,2,0,0,Levi Smans,SC Heerenveen,1133678,2964
56,14,18.67,355,126,56.76,745,677,1422,83.21,38,59.38,26,33,4,0,0,0,182,5,1,10,6,94,33,0,1,10,30,108,0,1,5.29,2.03,28,0,8.33,0,3,7,39,32,7,2,1,,161,66.26,0,0,0,287,20,42,2,33,2928,2,18,0,1,0,0,0,0,0,0,0,520,17,0,7.4,1,1,0,0,0,0,0,0,976.0,0.0,0,18,18,17,9,18,52.94,0,108,64,59.26,41,107,34,75,199,64.82,222,939,770,1709,244.1,36,7,2650,35,5,0,Bart van Rooij,FC Twente,946506,2955
25,24,33.8,124,26,63.41,206,91,297,79.41,4,36.36,7,13,4,0,0,0,61,10,2,12,1,6,13,0,0,18,13,80,0,1,3.9,2.28,13,0,6.9,0,2,6,19,15,4,1,1,,56,43.41,0,0,1,77,4,35,2,12,1056,2,0,0,1,0,0,0,0,0,0,0,207,9,0,7.37,0,0,0,0,0,0,0,0,528.0,0.0,2,10,19,7,10,24,45.28,0,19,7,36.84,34,44,53,71,60,42.86,41,268,106,374,95.8,29,2,666,13,1,0,Younes Namli,PEC Zwolle,235538,2971
87,0,0.0,113,423,41.43,325,520,845,58.28,5,100.0,0,32,1,0,0,0,305,2,0,0,6,44,32,0,0,0,2,2,1,3,0.54,,0,0,0.0,251,0,1,46,39,7,0,0,8.98,3,60.0,0,27,0,605,0,3,0,32,2820,0,0,0,0,0,0,0,4,0,0,0,618,0,19,7.36,0,0,24,77,38,117,0,27,0.0,0.0,0,0,0,0,0,0,0.0,23,0,0,0.0,3,164,0,0,8,80.0,1021,846,604,1450,235.6,0,3,1795,4,0,0,Stijn van Gassel,Excelsior,367118,2967
31,1,25.0,42,42,53.16,104,173,277,81.47,3,23.08,10,7,0,0,0,0,30,0,0,2,3,30,7,0,0,2,5,21,0,1,0.62,0.32,3,0,33.33,14,1,1,7,6,1,1,0,,26,70.27,0,0,0,63,5,2,1,6,585,0,6,0,0,0,0,0,0,0,0,0,72,1,0,7.31,0,0,0,0,0,0,0,0,585.0,0.0,0,2,1,0,1,6,85.71,0,18,10,55.56,2,52,7,4,29,58.0,79,148,192,340,51.2,3,1,446,2,0,0,Billy van Duijl,AZ Alkmaar,1213381,2950
6,0,0.0,5,17,26.98,14,21,35,43.21,1,100.0,0,3,0,0,0,0,21,0,0,0,1,5,2,0,0,0,0,0,0,0,0.01,,0,0,0.0,18,0,0,2,2,0,0,0,1.64,1,100.0,0,1,0,46,0,1,0,3,186,0,0,0,0,0,0,0,0,0,0,0,46,0,0,7.3,0,0,5,5,2,7,0,1,0.0,0.0,0,0,0,0,0,0,0.0,5,0,0,0.0,1,12,0,0,2,100.0,63,55,26,81,14.6,0,0,99,1,0,0,Jasper Cillessen,NEC Nijmegen,123865,2962
51,103,32.19,261,74,43.27,468,436,904,78.47,19,45.24,23,32,11,0,0,0,146,16,2,11,9,61,32,0,0,19,21,140,0,3,8.88,2.13,46,0,4.26,0,2,13,36,29,7,1,1,,143,55.0,0,0,2,248,31,98,0,32,2833,2,8,0,0,0,0,0,0,0,0,0,635,12,0,7.29,0,2,0,0,0,0,0,0,1416.5,0.0,12,23,24,20,16,13,27.66,0,87,59,67.82,98,109,47,320,162,53.64,171,628,524,1152,233.2,47,5,2253,43,3,0,Souffian El Karouani,FC Utrecht,991679,2948
1,4,28.57,47,0,0.0,75,33,108,74.48,9,56.25,7,6,0,0,0,0,19,1,1,2,0,7,6,0,0,1,1,28,0,0,1.07,2.16,9,0,37.5,0,3,3,7,5,2,2,1,,20,48.78,0,0,0,37,6,8,1,6,381,0,0,0,0,0,0,0,0,0,0,0,75,2,0,7.28,0,2,0,0,0,0,0,0,127.0,0.0,0,6,2,0,6,7,41.18,0,10,8,80.0,8,3,17,14,29,50.88,4,103,42,145,43.7,8,1,242,3,1,0,Ruben van Bommel,PSV Eindhoven,1212550,2952
55,0,0.0,16,116,36.59,53,497,550,72.46,4,100.0,0,19,0,0,0,0,174,0,0,0,5,15,19,0,0,0,0,0,0,1,0.04,,0,0,0.0,72,0,0,23,21,2,0,0,1.68,2,100.0,0,15,0,209,2,0,0,19,1710,0,0,1,0,0,0,0,3,0,0,0,215,0,5,7.27,0,0,3,38,23,62,0,8,0.0,0.0,0,0,0,0,0,0,0.0,3,0,0,0.0,0,109,0,0,6,100.0,317,200,559,759,138.2,0,1,960,3,1,0,Vítězslav Jaroš,AFC Ajax,927359,2953
40,23,34.85,259,49,58.33,421,186,607,84.54,4,50.0,4,19,2,0,0,0,59,5,2,9,1,5,19,0,0,13,2,37,0,1,4.42,3.82,8,0,9.76,0,4,6,8,6,2,4,0,,30,47.62,0,0,1,111,8,37,3,14,1147,2,2,0,1,0,0,0,0,0,0,0,201,14,0,7.26,0,1,0,0,0,0,0,0,286.75,0.0,3,16,25,16,16,6,33.33,0,14,9,64.29,36,69,18,66,34,47.89,84,511,207,718,138.0,41,4,950,11,3,0,Steven Berghuis,AFC Ajax,100386,2953
65,3,20.0,332,85,55.92,669,446,1115,82.84,67,54.92,55,29,1,0,0,0,171,4,1,5,2,79,29,0,0,14,32,133,0,1,3.24,1.72,23,0,14.81,0,4,5,38,35,3,2,2,,104,57.14,1,0,0,231,28,20,0,26,2311,0,14,0,0,0,1,0,0,0,0,0,308,9,0,7.26,0,3,0,0,0,0,0,0,577.75,0.0,0,11,16,10,12,16,61.54,0,64,44,68.75,20,106,26,15,171,56.25,152,846,500,1346,210.4,27,2,1797,25,3,0,Darko Nejašmić,NEC Nijmegen,897603,2962
52,0,0.0,41,266,38.61,185,408,593,57.97,13,100.0,0,33,0,0,0,0,276,0,0,0,6,39,33,1,0,0,2,2,0,2,0.08,,0,0,0.0,192,0,0,55,52,3,0,0,3.19,8,80.0,0,17,0,430,0,0,0,33,2970,0,0,0,0,0,0,0,3,0,0,0,435,0,17,7.25,0,0,24,80,37,118,1,27,0.0,0.0,0,0,0,0,0,2,100.0,23,0,0,0.0,0,75,2,0,21,91.3,689,522,501,1023,239.2,0,1,1349,8,3,0,Daniel Bielica,NAC Breda,939460,2947
53,56,32.75,291,59,30.26,464,363,827,70.26,35,46.05,41,34,7,0,0,0,117,24,2,4,5,123,34,0,0,9,38,136,0,2,8.74,3.63,30,0,22.22,19,6,13,53,47,6,6,0,,103,52.02,4,0,0,350,34,63,1,34,2979,4,21,0,1,0,0,0,0,0,0,0,578,7,0,7.24,0,1,0,0,0,0,0,0,496.5,0.0,3,18,9,10,13,15,45.45,0,79,49,62.03,62,130,33,171,138,50.36,195,715,462,1177,246.0,27,4,2051,10,1,0,Jeff Hardeveld,SC Telstar,385300,2972
43,5,23.81,264,48,53.33,555,409,964,83.39,37,71.15,15,24,5,0,0,0,141,2,2,18,7,41,24,0,0,26,24,122,0,1,3.02,5.7,24,0,9.09,0,5,10,31,28,3,4,1,,127,54.27,1,0,1,192,22,20,1,24,2090,0,9,1,0,3,1,100,0,3,0,0,304,18,0,7.23,0,3,0,0,0,0,0,0,418.0,0.0,6,18,37,25,12,36,52.17,0,60,37,61.67,20,87,69,21,164,57.34,90,694,462,1156,173.6,55,2,1618,31,5,0,Stije Resink,FC Groningen,1090328,2951
33,44,25.73,285,46,62.16,472,241,713,76.75,44,64.71,24,30,12,0,0,0,80,18,5,16,1,45,30,0,0,11,27,103,0,0,7.87,4.97,27,0,12.96,0,7,19,30,24,6,6,1,,58,42.34,3,0,1,216,26,53,0,27,2218,3,4,0,1,1,0,100,0,1,0,0,421,15,0,7.23,0,4,0,0,0,0,0,0,316.86,0.0,1,40,14,19,19,15,48.39,0,36,23,63.89,52,59,31,171,102,49.76,74,646,283,929,216.9,54,5,1489,7,5,0,Ivan Perišić,PSV Eindhoven,38710,2952
19,0,0.0,205,8,53.33,297,138,435,58.63,237,62.2,144,34,5,0,0,0,59,9,6,12,10,47,34,0,0,19,10,212,0,0,3.47,10.82,29,0,16.44,0,12,17,62,52,10,12,0,,83,54.97,3,0,1,307,8,49,3,34,3042,7,2,0,1,3,0,100,0,3,0,0,404,21,0,7.22,0,6,0,0,0,0,0,0,253.5,0.0,0,67,6,34,27,9,45.0,0,19,14,73.68,48,25,20,4,320,60.15,15,553,189,742,245.6,73,5,1131,56,4,0,Tobias Lauritsen,Sparta Rotterdam,796943,2960
128,29,30.21,484,136,50.18,859,628,1487,79.43,42,55.26,34,33,9,0,0,0,273,9,2,4,4,79,33,0,0,37,28,153,1,6,6.3,2.29,43,0,13.33,2,2,11,51,40,11,2,0,,109,47.81,0,0,0,385,35,58,1,33,2933,3,8,0,1,0,1,0,0,0,0,0,559,25,0,7.22,0,1,0,0,0,0,0,0,1466.5,0.0,0,9,6,7,4,22,61.11,0,54,28,51.85,57,238,36,96,151,49.67,271,1153,719,1872,238.2,15,4,2433,33,5,0,Joris van Overeem,SC Heerenveen,138842,2964
24,0,0.0,297,25,62.5,589,346,935,86.1,28,49.12,29,25,4,0,0,0,130,4,0,2,5,31,25,0,0,12,16,89,1,1,2.32,0.47,26,0,22.22,0,2,6,23,17,6,1,1,,112,65.12,0,0,0,151,42,21,0,21,1920,0,4,0,0,0,0,0,0,0,0,0,202,8,0,7.22,0,2,0,0,0,0,0,0,960.0,0.0,0,4,5,4,3,18,69.23,0,66,42,63.64,21,41,26,2,140,61.14,40,698,388,1086,180.4,9,2,1399,28,4,0,Oussama Targhalline,Feyenoord,1095731,2959
103,24,28.57,495,139,62.33,913,478,1391,83.49,46,51.69,43,32,1,0,0,0,151,4,1,11,5,69,32,0,1,16,25,130,0,0,4.04,1.5,41,0,9.09,0,3,4,34,27,7,0,3,,98,52.97,0,0,0,275,41,44,1,32,2667,0,9,0,1,0,0,0,0,0,0,0,394,13,0,7.21,1,2,0,0,0,0,0,0,889.0,0.0,5,5,28,14,8,15,71.43,0,63,36,57.14,43,167,21,84,144,52.55,223,1123,543,1666,230.7,33,4,2142,21,2,0,Ramiz Zerrouki,FC Twente,989882,2955
11,0,0.0,45,35,50.0,199,352,551,85.96,63,67.02,31,14,0,0,0,0,39,1,0,2,0,96,14,0,1,0,7,60,0,0,0.85,0.56,24,0,10.0,0,1,1,24,22,2,1,0,,46,61.33,1,0,0,90,11,5,0,14,1135,0,16,0,0,0,0,0,0,0,0,0,97,0,0,7.21,1,0,0,0,0,0,0,0,1135.0,0.0,0,9,1,2,6,3,75.0,0,30,20,66.67,5,23,4,1,109,64.5,70,267,374,641,100.9,10,3,862,14,2,0,Leo Greiml,NAC Breda,918420,2947
1,0,0.0,5,0,0.0,14,3,17,89.47,0,0.0,1,1,0,0,0,0,2,0,1,0,0,0,1,0,0,2,0,3,0,0,0.05,0.27,0,0,0.0,0,0,0,0,0,0,0,0,,5,71.43,0,0,0,2,1,0,0,1,63,0,0,0,0,0,0,0,0,0,0,0,6,0,0,7.2,0,0,0,0,0,0,0,0,0.0,0.0,0,1,0,0,1,0,0.0,0,2,2,100.0,0,1,0,1,5,62.5,0,16,3,19,7.2,1,0,33,3,0,0,Bertrand Traoré,AFC Ajax,218160,2953
53,0,0.0,91,250,28.31,169,572,741,53.54,15,93.75,1,32,0,0,0,0,334,1,0,0,3,41,32,0,0,0,0,1,0,5,0.25,0.02,0,0,0.0,245,0,0,51,45,6,0,0,7.93,18,100.0,0,32,0,643,0,3,0,32,2851,0,0,0,0,0,0,0,2,0,0,0,656,1,25,7.2,0,0,16,89,55,149,1,43,0.0,0.0,0,1,0,1,0,2,100.0,16,0,0,0.0,3,117,2,0,33,97.06,883,729,655,1384,230.4,1,1,1804,17,1,0,Kayne van Oevelen,FC Volendam,1393970,2968
48,20,24.1,335,36,53.73,548,354,902,81.78,15,38.46,24,30,6,0,0,1,106,11,12,24,7,29,30,0,0,33,21,119,1,1,8.2,11.73,15,0,13.1,0,11,17,42,35,7,8,3,,76,44.44,1,0,0,201,16,54,8,27,2350,6,5,0,1,1,0,0,0,0,0,0,379,16,0,7.2,0,2,0,0,0,0,0,0,213.64,0.0,4,54,30,24,36,17,38.64,0,34,16,47.06,53,88,44,83,91,43.33,67,703,400,1103,215.9,84,3,1607,25,1,0,Sven Mijnans,AZ Alkmaar,980671,2950
62,29,31.52,276,53,59.55,458,324,782,83.55,10,52.63,9,28,5,0,0,0,106,12,2,8,4,26,28,0,0,16,10,63,0,4,4.51,3.43,8,0,18.18,0,6,11,35,31,4,6,0,,70,56.45,1,0,2,154,9,53,1,24,2042,1,11,0,1,0,0,0,0,0,0,1,306,18,0,7.2,0,4,0,0,0,0,0,0,340.33,0.0,1,19,14,5,20,30,60.0,0,17,13,76.47,52,106,50,92,80,55.94,89,578,358,936,201.5,33,3,1343,24,1,0,Jakob Breum,Go Ahead Eagles,1029724,2979
12,2,11.11,365,22,51.16,592,254,846,84.68,15,45.45,18,27,8,0,0,0,94,11,21,15,2,8,27,0,0,38,14,129,0,3,7.41,12.95,25,0,16.48,0,15,23,32,25,7,13,2,,101,47.64,3,0,3,153,9,53,2,26,2145,10,2,0,1,1,0,100,0,1,0,0,337,16,0,7.2,0,10,0,0,0,0,0,0,143.0,0.0,0,67,24,39,37,48,56.47,0,33,18,54.55,52,30,85,18,116,47.35,43,721,278,999,194.3,91,3,1482,21,2,0,Ismael Saibari,PSV Eindhoven,1063767,2952
8,3,50.0,121,6,37.5,214,88,302,71.73,100,53.76,86,31,1,0,0,0,41,2,21,17,3,25,31,0,0,35,3,160,0,0,1.67,18.93,24,0,24.51,0,25,26,35,26,9,23,2,,74,50.0,9,0,2,119,3,21,2,31,2533,8,1,0,0,1,0,100,0,1,0,1,273,12,0,7.19,0,14,0,0,0,0,0,0,101.32,0.0,0,89,13,39,46,6,25.0,0,12,6,50.0,21,17,24,6,174,52.1,16,310,111,421,223.0,102,5,846,60,2,0,Ayase Ueda,Feyenoord,985823,2959
54,8,36.36,316,62,60.19,607,519,1126,84.92,16,61.54,10,34,7,0,0,0,154,9,8,21,6,35,34,0,0,28,28,119,0,0,5.73,5.84,21,0,12.9,0,8,15,35,28,7,6,2,,111,50.45,3,0,2,200,39,46,0,32,2808,7,7,0,0,0,0,0,0,0,0,1,333,22,0,7.19,0,5,0,0,0,0,0,0,351.0,0.0,2,36,26,15,26,26,44.83,0,51,24,47.06,46,91,58,22,127,51.63,103,754,572,1326,244.4,62,3,1815,34,4,0,Gjivai Zechiël,FC Utrecht,1433802,2948
50,1,50.0,239,77,49.36,767,1357,2124,92.43,45,48.91,47,31,1,0,0,0,140,3,1,1,9,137,31,0,0,10,16,107,0,0,1.13,1.72,27,0,26.67,61,4,5,38,34,4,4,0,,104,63.41,4,0,0,174,35,9,0,31,2760,1,31,1,1,0,1,0,0,0,0,0,228,2,0,7.18,1,0,0,0,0,0,0,0,690.0,0.0,0,14,1,7,7,10,52.63,0,57,34,59.65,8,98,19,2,149,58.2,156,860,1438,2298,222.7,15,5,2767,37,2,1,Youri Baas,AFC Ajax,1000228,2953
10,0,0.0,90,7,25.93,186,113,299,83.75,8,66.67,4,4,1,0,0,0,22,1,0,0,2,10,4,0,0,4,4,17,0,0,0.47,0.03,3,0,0.0,1,0,1,4,4,0,0,0,,17,56.67,0,0,0,58,4,3,0,4,360,0,1,0,0,0,0,0,0,0,0,0,71,2,0,7.18,0,0,0,0,0,0,0,0,0.0,0.0,0,0,2,2,0,3,60.0,0,14,9,64.29,3,27,5,2,25,59.52,27,224,133,357,28.7,2,0,442,0,0,0,Calvin Verdonk,NEC Nijmegen,361780,2962
8,0,0.0,39,81,35.84,71,99,170,53.46,0,0.0,0,8,0,0,0,0,76,0,0,0,1,10,8,0,0,0,0,0,1,1,0.11,,0,0,0.0,50,0,0,20,18,2,0,0,0.02,0,0.0,0,6,0,148,0,0,0,8,720,0,0,0,0,0,0,0,0,0,0,0,151,0,3,7.18,0,0,3,17,19,37,0,5,0.0,0.0,0,0,0,0,0,0,0.0,3,0,0,0.0,0,14,0,0,0,0.0,226,195,123,318,57.4,0,1,391,0,0,0,Fabian De Keijzer,Heracles Almelo,856743,2977
3,12,34.29,27,6,46.15,52,65,117,80.69,8,47.06,9,6,2,0,0,0,5,4,0,3,0,10,6,0,0,2,1,14,0,0,1.21,0.29,2,0,20.0,0,1,3,7,7,0,1,0,,13,72.22,0,0,0,28,3,11,0,6,444,1,3,0,0,0,0,0,0,0,0,0,67,1,0,7.17,0,1,0,0,0,0,0,0,444.0,0.0,0,2,3,1,1,0,0.0,0,10,6,60.0,11,8,0,35,21,60.0,13,76,69,145,43.0,5,1,258,3,0,0,Thomas Ouwejan,NEC Nijmegen,798180,2962
28,21,17.95,351,21,58.33,502,222,724,83.51,11,28.21,28,33,5,0,0,0,112,10,7,30,3,37,33,0,0,37,11,123,0,0,8.58,8.91,13,0,14.29,0,12,17,42,32,10,11,1,,59,38.31,0,0,3,143,20,68,12,32,2678,4,2,0,1,0,0,0,0,0,0,0,376,19,0,7.16,0,0,0,0,0,0,0,0,223.17,0.0,3,55,29,17,37,23,40.35,0,23,17,73.91,67,45,57,117,70,36.27,36,615,252,867,236.4,84,3,1397,13,0,0,Jacob Trenskow,SC Heerenveen,1015627,2964
13,21,26.92,270,16,44.44,476,367,843,85.67,52,63.41,30,28,7,0,0,0,109,9,2,11,5,66,28,0,0,31,16,133,0,1,3.95,2.27,21,0,10.53,0,4,11,32,24,8,1,3,,119,53.6,0,0,0,141,24,37,3,24,2058,2,7,0,0,0,1,0,0,0,0,1,350,7,0,7.16,0,1,0,0,0,0,0,0,514.5,0.0,0,19,19,13,14,37,51.39,0,69,47,68.12,37,23,72,78,171,56.25,36,577,407,984,200.4,38,2,1699,16,0,0,Jordan Bos,Feyenoord,1144138,2959
13,0,0.0,61,22,39.29,156,268,424,88.15,30,63.83,17,9,0,0,0,0,22,2,2,1,1,51,9,0,0,0,2,25,1,0,1.06,1.21,7,0,28.57,6,2,2,16,14,2,2,0,,4,33.33,1,0,0,57,5,4,0,9,799,1,13,0,0,0,0,0,0,0,0,0,62,0,0,7.16,0,1,0,0,0,0,0,0,399.5,0.0,0,7,0,2,4,0,0.0,0,4,3,75.0,4,31,0,1,34,57.63,56,197,284,481,64.4,7,2,587,0,1,0,Gerrit Nauber,Go Ahead Eagles,133168,2979
37,0,0.0,32,268,41.55,185,538,723,65.14,10,100.0,0,33,0,0,0,0,336,0,0,0,9,28,33,0,0,0,1,1,2,1,0.08,,0,0,0.0,238,0,0,39,32,7,0,0,2.99,7,87.5,0,32,0,387,0,0,0,33,2925,0,0,0,0,0,0,0,2,0,1,0,390,0,8,7.15,0,0,21,73,36,110,2,16,0.0,0.0,0,0,0,0,0,1,100.0,21,1,1,100.0,0,69,1,0,17,94.44,645,486,624,1110,236.1,0,2,1442,4,1,0,Vasilis Barkas,FC Utrecht,347726,2948
5,0,0.0,4,15,36.59,11,75,86,76.11,0,0.0,0,2,0,0,0,0,14,0,0,0,0,3,2,0,0,0,0,0,0,0,0.01,,1,0,0.0,11,0,0,6,6,0,0,0,-0.45,1,100.0,0,2,0,27,0,0,0,2,180,0,0,0,0,0,0,0,0,0,0,0,27,0,0,7.15,0,0,5,7,3,10,0,2,0.0,0.0,0,0,0,0,0,0,0.0,4,1,0,0.0,0,7,0,0,1,100.0,41,36,77,113,14.3,0,0,137,0,0,0,Calvin Raatsie,Excelsior,961616,2967
25,10,34.48,408,58,65.91,794,592,1386,89.53,15,46.88,17,26,9,0,0,0,166,13,0,8,3,50,26,0,0,14,22,86,0,7,4.94,1.6,16,0,4.55,0,1,10,27,20,7,1,0,,99,58.93,0,0,0,162,38,35,1,24,2086,1,5,0,1,0,1,0,0,0,0,0,273,14,0,7.15,0,0,0,0,0,0,0,0,2086.0,0.0,0,9,13,6,8,24,57.14,0,60,41,68.33,34,44,42,29,114,57.0,88,906,642,1548,185.8,22,3,2063,15,2,0,Mauro Júnior,PSV Eindhoven,893499,2952
29,0,0.0,12,88,36.82,52,237,289,64.65,4,100.0,0,11,0,0,0,0,110,0,0,0,5,8,11,0,0,0,0,0,0,0,0.02,,0,0,0.0,58,0,0,11,10,1,0,0,0.81,2,100.0,0,8,0,158,0,0,0,11,990,0,0,0,0,0,0,0,1,0,0,0,162,0,5,7.15,0,0,5,17,16,33,1,6,0.0,0.0,0,0,0,0,0,0,0.0,5,1,0,0.0,0,68,0,0,6,100.0,239,162,285,447,78.6,0,0,561,1,0,0,Maarten Paes,AFC Ajax,843250,2953
49,4,80.0,159,95,47.74,551,900,1451,86.47,53,55.79,42,31,2,0,0,0,93,5,2,4,10,151,31,0,0,4,7,89,0,0,2.53,1.36,35,0,14.29,70,2,4,36,30,6,2,0,,76,61.79,1,0,0,227,33,17,1,30,2724,0,24,0,0,0,0,0,0,0,0,0,261,3,0,7.14,0,0,0,0,0,0,0,0,1362.0,0.0,0,8,6,5,5,10,83.33,0,36,21,58.33,17,108,12,5,129,59.17,199,728,950,1678,221.4,14,6,2075,31,6,0,Dies Janse,FC Groningen,1470010,2951
79,4,22.22,315,75,48.7,733,682,1415,85.97,66,50.77,64,34,1,0,0,0,173,3,5,9,8,112,34,0,0,18,31,138,0,1,1.63,5.21,15,0,14.63,1,6,7,49,44,5,5,1,,107,59.12,1,0,0,231,55,14,1,33,2832,2,22,0,0,0,0,0,0,0,0,0,326,9,0,7.14,0,4,0,0,0,0,0,0,472.0,0.0,0,30,11,13,19,23,65.71,0,45,22,48.89,14,132,35,18,173,55.63,154,898,748,1646,242.8,41,3,2203,43,2,0,Melle Meulensteen,Go Ahead Eagles,891795,2979
85,0,0.0,97,302,31.79,227,586,813,55.19,5,100.0,0,31,0,0,0,0,340,3,0,0,4,38,31,0,0,1,2,3,2,2,0.56,,0,0,0.0,137,0,0,49,42,7,0,0,3.57,5,62.5,0,14,0,660,0,3,0,31,2790,0,0,0,0,0,0,0,5,0,1,0,665,0,7,7.14,0,0,53,66,34,104,0,17,0.0,0.0,0,0,0,0,0,0,0.0,51,5,2,40.0,3,177,0,0,10,76.92,950,807,666,1473,221.2,0,3,1763,1,3,0,Gonzalo Crettaz,NEC Nijmegen,990798,2962
8,11,21.15,60,10,45.45,104,58,162,68.07,9,47.37,10,13,3,0,0,0,43,5,8,8,0,1,13,0,0,16,13,62,0,1,1.89,4.24,3,0,9.38,0,3,6,13,10,3,2,1,,44,45.83,0,0,2,76,3,20,1,13,972,0,0,0,0,0,0,0,0,0,0,0,194,7,0,7.12,0,2,0,0,0,0,0,0,324.0,0.0,0,26,6,10,14,23,53.49,0,10,5,50.0,20,20,43,52,53,46.09,22,163,75,238,92.6,32,1,480,11,0,0,Ángel Alarcón,FC Utrecht,1153261,2948
7,3,30.0,65,5,45.45,112,48,160,68.38,30,51.72,28,14,2,0,0,0,28,2,5,5,1,34,14,0,0,7,18,77,0,0,1.84,4.49,16,0,21.74,0,5,7,17,14,3,4,1,,26,34.67,0,0,0,74,5,17,0,12,1013,0,1,0,1,0,0,0,0,0,0,0,145,3,0,7.12,0,5,0,0,0,0,0,0,202.6,0.0,0,18,5,9,9,9,50.0,0,14,8,57.14,16,12,18,10,56,42.11,11,167,67,234,99.7,23,3,456,3,1,0,Sem van Duijn,SC Telstar,1548834,2972
23,8,17.78,196,22,62.86,311,202,513,79.91,20,46.51,23,28,1,0,0,0,89,3,1,6,0,38,28,0,0,9,21,78,0,0,1.91,2.95,19,0,31.82,0,7,8,38,34,4,5,2,,79,58.96,1,0,0,129,26,34,2,23,2044,3,4,0,0,0,0,0,0,0,0,1,221,14,0,7.11,0,4,0,0,0,0,0,0,292.0,0.0,0,13,9,4,12,12,66.67,0,41,23,56.1,34,32,18,45,99,55.93,35,402,240,642,199.2,22,3,995,27,4,0,Jochem Ritmeester van de Kamp,SC Telstar,1157777,2972
46,35,28.0,263,46,64.79,433,204,637,78.35,7,29.17,17,28,10,0,0,0,85,11,1,25,0,9,28,0,0,30,10,97,0,0,5.98,5.88,10,0,8.7,0,6,16,41,35,6,5,1,,65,44.83,0,0,2,176,10,49,5,23,1946,4,1,0,1,3,0,100,0,3,0,0,381,16,0,7.11,0,1,0,0,0,0,0,0,324.33,0.0,4,26,43,10,34,30,50.0,0,14,6,42.86,48,68,60,125,72,42.6,71,576,237,813,199.2,69,3,1284,21,4,0,Mohamed Ihattaren,Fortuna Sittard,929633,2957
40,16,22.86,466,65,46.76,857,495,1352,83.2,38,51.35,36,34,7,0,0,0,212,11,1,8,5,93,34,0,0,46,38,206,1,3,6.08,1.77,45,0,8.82,0,3,10,53,46,7,2,1,,167,49.55,0,0,0,273,47,48,2,34,3060,1,8,0,1,0,0,0,0,0,0,0,505,21,0,7.11,0,1,0,0,0,0,0,0,1020.0,0.0,2,9,25,17,9,60,55.56,0,71,44,61.97,47,85,108,70,205,49.88,139,1077,548,1625,241.8,34,1,2388,36,3,0,Kodai Sano,NEC Nijmegen,1184054,2962
22,1,25.0,47,41,45.56,149,318,467,84.91,36,69.23,16,18,0,0,0,0,39,1,0,0,2,91,18,0,0,4,4,35,0,1,0.42,0.21,9,0,40.0,3,2,2,17,17,0,2,0,,33,63.46,1,0,0,83,16,4,1,14,1173,0,27,0,0,0,0,0,0,0,0,0,102,0,0,7.11,0,0,0,0,0,0,0,0,586.5,0.0,1,4,1,3,2,12,75.0,0,14,9,64.29,4,44,16,4,69,66.35,90,197,353,550,128.0,5,2,765,7,4,0,Julius Dirksen,Go Ahead Eagles,1001943,2979
33,0,0.0,429,56,63.64,989,817,1806,91.17,33,49.25,34,28,2,0,0,0,160,1,0,2,6,68,28,0,0,14,12,98,1,3,2.4,1.13,31,0,5.26,2,1,3,33,25,8,1,0,,74,53.62,0,0,0,175,50,24,1,28,2381,0,10,0,0,0,0,0,0,0,0,0,231,7,0,7.1,1,0,0,0,0,0,0,0,2381.0,0.0,0,8,11,11,6,16,69.57,0,44,23,52.27,24,45,23,4,107,52.2,88,1110,871,1981,198.9,19,3,2338,15,2,1,Jerdy Schouten,PSV Eindhoven,844234,2952
2,0,0.0,30,10,50.0,120,265,385,93.9,3,25.0,9,8,0,0,0,0,23,1,0,0,4,33,8,0,0,1,2,19,0,1,0.25,0.3,7,0,50.0,3,1,1,3,3,0,1,0,,8,44.44,0,0,0,25,4,1,0,6,560,0,5,0,0,0,0,0,0,0,0,0,29,0,0,7.1,0,1,0,0,0,0,0,0,560.0,0.0,0,2,0,0,2,1,100.0,0,7,4,57.14,1,6,1,0,11,36.67,20,132,278,410,56.8,2,1,482,0,2,0,Aaron Bouwman,AFC Ajax,1586649,2953
65,2,33.33,189,95,47.26,488,600,1088,85.13,59,57.28,44,28,0,0,0,0,88,0,3,5,4,108,24,0,0,2,10,82,0,1,1.01,1.71,26,0,0.0,25,0,0,23,19,4,0,0,,52,57.78,0,0,0,190,17,9,0,20,1723,0,18,0,0,0,1,0,0,0,0,0,211,1,0,7.1,0,0,0,0,0,0,0,0,0.0,0.0,2,16,7,13,5,3,60.0,0,33,15,45.45,9,115,5,6,111,57.51,201,624,654,1278,170.4,23,1,1566,16,6,0,Robin Pröpper,FC Twente,196082,2955
49,1,10.0,188,62,51.24,388,436,824,80.78,35,55.56,28,27,1,0,0,0,129,1,0,7,4,98,27,0,0,15,28,119,0,4,2.38,0.56,36,0,7.14,0,1,2,41,35,6,1,0,,115,55.83,0,0,1,196,49,14,1,27,2157,0,13,0,0,0,0,0,0,0,0,0,280,8,0,7.09,0,0,0,0,0,0,0,0,2157.0,0.0,0,4,10,5,2,21,61.76,0,60,38,63.33,14,88,34,10,150,55.76,121,527,493,1020,191.4,14,0,1492,34,7,0,Ryan Thomas,PEC Zwolle,333571,2971
81,0,0.0,33,201,42.95,109,844,953,77.42,7,100.0,0,31,0,0,0,0,297,0,0,0,7,40,31,0,0,2,1,4,1,3,0.12,,1,0,0.0,157,0,0,41,30,11,0,0,-2.77,6,60.0,0,31,0,278,1,2,0,31,2790,0,0,0,0,0,1,0,4,0,0,0,283,0,14,7.08,0,0,19,58,27,85,3,11,0.0,0.0,0,0,0,0,0,1,100.0,19,0,0,0.0,2,146,1,0,13,76.47,468,324,907,1231,219.6,0,1,1545,5,0,0,Matěj Kovář,PSV Eindhoven,927366,2952
18,15,20.83,334,20,68.97,464,92,556,79.09,15,34.88,28,30,6,0,0,0,89,8,3,23,0,5,29,0,0,35,20,143,0,1,8.41,4.44,11,0,4.76,0,3,9,26,22,4,3,0,,93,44.71,0,0,3,147,6,63,1,28,2154,4,2,0,1,0,0,0,0,0,0,0,361,22,0,7.08,0,2,0,0,0,0,0,0,718.0,0.0,0,49,14,20,20,57,53.77,0,18,12,66.67,62,37,106,72,108,43.03,29,583,120,703,205.4,63,3,1189,18,2,0,Sondre Ørjasæter,FC Twente,1200962,2955
6,3,100.0,51,7,46.67,118,58,176,62.19,68,60.18,45,22,1,0,0,0,29,1,10,6,0,16,21,0,1,11,4,95,0,0,1.87,8.25,29,0,23.26,0,10,11,32,27,5,10,0,,48,48.98,0,0,1,107,4,17,2,16,1351,4,1,0,0,1,0,100,0,1,0,0,172,6,0,7.08,1,8,0,0,0,0,0,0,135.1,0.0,0,37,6,13,24,9,50.0,0,16,10,62.5,17,10,18,3,116,54.98,15,207,76,283,148.7,43,3,503,23,2,0,Jizz Hornkamp,AZ Alkmaar,914392,2950
41,1,25.0,235,76,50.33,742,869,1611,89.05,94,58.39,67,30,0,0,0,0,120,2,2,4,7,148,30,0,0,1,10,99,1,0,1.92,2.74,22,0,8.7,46,2,2,37,27,10,2,0,,58,64.44,1,0,1,198,27,13,0,30,2637,0,22,0,0,0,0,0,0,0,0,0,230,2,0,7.08,0,1,0,0,0,0,0,0,1318.5,0.0,0,21,2,9,10,10,83.33,0,33,20,60.61,13,77,12,4,152,60.56,151,892,917,1809,212.4,23,4,2185,15,1,0,Tsuyoshi Watanabe,Feyenoord,942213,2959
16,8,42.11,253,10,58.82,397,133,530,83.6,15,44.12,19,25,7,0,0,0,81,6,5,13,0,13,25,0,0,16,16,115,0,0,4.95,4.76,17,0,16.67,0,7,14,25,20,5,7,0,,66,40.74,1,0,3,104,5,30,5,20,1496,4,1,0,0,0,0,0,0,0,0,0,227,14,0,7.08,0,1,0,0,0,0,0,0,213.71,0.0,0,34,8,14,15,38,44.71,0,10,8,80.0,30,24,85,19,81,41.33,17,484,150,634,176.9,42,3,957,19,2,0,Dennis Man,PSV Eindhoven,812145,2952
48,0,0.0,46,168,44.68,131,233,364,63.08,2,100.0,0,15,0,0,0,0,135,0,0,0,1,10,15,0,0,0,2,2,1,2,0.16,,0,0,0.0,70,0,0,34,30,4,0,0,-0.48,2,50.0,0,17,0,213,0,1,0,15,1350,0,0,1,0,0,0,0,5,0,0,0,216,0,3,7.07,0,0,8,42,26,69,0,8,0.0,0.0,0,0,0,0,0,0,0.0,6,1,0,0.0,1,89,0,0,4,66.67,376,308,269,577,106.1,0,1,731,2,0,0,Remko Pasveer,Heracles Almelo,2622,2977
25,0,0.0,133,50,50.0,535,872,1407,91.72,56,64.37,31,28,2,0,0,0,59,1,3,2,5,123,28,0,0,1,7,58,2,0,0.48,2.27,16,0,23.08,50,3,5,28,18,10,3,0,,40,59.7,3,0,0,127,35,5,0,25,2144,0,20,0,0,0,0,0,0,0,0,0,146,1,0,7.07,0,0,0,0,0,0,0,0,714.67,0.0,0,13,0,3,8,4,50.0,0,27,17,62.96,5,53,8,0,96,62.34,100,613,921,1534,198.0,13,1,1852,9,0,0,Yarek Gasiorowski,PSV Eindhoven,1184317,2952
14,17,40.48,115,7,58.33,171,99,270,83.33,7,43.75,9,21,2,0,0,0,34,8,6,12,3,6,19,0,0,7,11,35,0,0,3.72,7.82,8,1,18.42,0,7,9,13,10,3,6,1,,16,38.1,1,0,2,54,1,32,3,12,1106,1,0,0,0,1,0,100,0,1,0,0,107,6,0,7.07,0,3,0,0,0,0,0,0,158.0,25.0,4,29,9,9,17,3,75.0,0,8,5,62.5,32,22,4,42,23,39.66,12,208,116,324,134.3,38,2,484,5,0,0,Sem Steijn,Feyenoord,944467,2959
22,0,0.0,137,43,53.75,294,407,701,82.47,32,61.54,20,24,3,0,0,0,107,3,0,4,1,59,24,0,0,14,14,84,0,3,1.81,0.48,23,0,0.0,0,0,3,27,24,3,0,0,,103,61.68,0,0,0,149,30,11,0,20,1665,1,17,1,0,0,1,0,0,0,0,0,221,5,0,7.07,0,0,0,0,0,0,0,0,0.0,0.0,0,4,7,3,4,11,44.0,0,67,42,62.69,11,46,25,5,135,61.64,80,392,458,850,169.6,11,0,1232,25,2,0,Gibson Yah,FC Volendam,1095753,2968
4,0,0.0,45,11,68.75,98,67,165,90.16,1,33.33,2,5,0,0,0,0,15,0,0,0,0,1,5,0,0,2,2,11,0,0,0.37,,2,0,0.0,0,0,0,6,6,0,0,0,,17,65.38,0,0,0,18,4,1,0,3,255,0,1,0,0,0,0,0,0,0,0,0,28,1,0,7.06,0,0,0,0,0,0,0,0,0.0,0.0,0,0,0,0,0,4,57.14,0,9,3,33.33,1,9,7,0,18,62.07,16,108,75,183,35.3,0,0,223,4,1,0,Zidane Iqbal,FC Utrecht,1014225,2948
91,0,0.0,133,129,56.58,416,753,1169,85.2,77,60.16,51,29,0,0,0,0,75,1,0,2,7,156,29,0,0,4,9,93,0,1,1.23,1.57,30,0,16.67,13,2,2,28,25,3,2,0,,48,53.33,2,0,0,203,25,11,0,26,2213,1,18,0,0,0,1,0,0,0,0,0,222,0,0,7.05,0,0,0,0,0,0,0,0,1106.5,0.0,0,11,1,5,5,2,50.0,0,27,14,51.85,11,148,4,1,125,57.34,228,565,807,1372,204.5,12,1,1720,19,1,0,Mike Van der Hoorn,FC Utrecht,152414,2948
6,18,25.0,73,7,58.33,106,58,164,75.58,1,9.09,10,12,1,0,0,0,25,5,0,7,0,3,12,0,0,9,12,45,0,1,3.96,0.54,6,0,0.0,0,0,1,12,11,1,0,0,,36,50.7,0,0,0,53,3,20,0,11,893,1,0,0,0,0,0,0,0,0,0,0,144,3,0,7.05,0,0,0,0,0,0,0,0,0.0,0.0,0,8,5,2,4,10,52.63,0,7,3,42.86,20,14,19,72,37,45.12,12,151,66,217,84.6,13,1,427,19,0,0,Bilal Ould-Chikh,FC Volendam,544532,2968
0,0,0.0,13,0,0.0,18,10,28,77.78,1,50.0,1,2,1,0,0,0,5,0,0,1,0,1,2,0,0,1,1,3,0,0,0.89,0.4,0,0,0.0,0,0,1,1,1,0,0,0,,5,71.43,0,0,0,8,1,2,0,2,112,2,1,0,0,0,0,0,0,0,0,0,12,1,0,7.05,0,0,0,0,0,0,0,0,0.0,0.0,0,2,0,1,0,2,100.0,0,2,2,100.0,2,0,2,0,6,66.67,0,26,10,36,14.1,2,0,52,1,0,0,Alassane Pléa,PSV Eindhoven,192308,2952
24,2,14.29,178,30,60.0,442,468,910,91.27,30,60.0,20,25,2,0,0,0,103,1,2,4,3,65,25,0,0,14,8,66,0,0,0.88,1.61,18,0,0.0,0,0,2,17,16,1,0,0,,75,61.98,0,0,0,87,23,8,0,21,1698,0,10,0,0,0,0,0,0,0,0,0,138,8,0,7.05,0,0,0,0,0,0,0,0,0.0,0.0,0,8,2,4,2,4,40.0,0,53,31,58.49,8,35,10,14,105,61.4,50,501,496,997,176.2,10,0,1319,18,6,0,Youri Regeer,AFC Ajax,996940,2953
12,0,0.0,76,29,53.7,282,564,846,92.86,32,71.11,13,18,0,0,0,0,48,1,0,1,3,101,18,0,0,7,4,40,0,1,0.72,0.7,13,0,14.29,17,1,1,17,16,1,1,0,,31,53.45,0,0,0,65,14,3,0,16,1344,0,14,0,0,0,0,0,0,0,0,0,92,3,0,7.04,0,1,0,0,0,0,0,0,1344.0,0.0,0,5,2,3,3,5,55.56,0,17,9,52.94,3,28,9,4,63,61.17,54,325,586,911,126.8,7,2,1145,9,2,0,Ko Itakura,AFC Ajax,790989,2953
32,16,25.4,199,45,41.67,365,263,628,73.28,91,65.47,48,29,4,0,0,0,85,2,2,5,6,96,28,0,0,4,18,97,0,1,3.54,2.56,17,0,15.0,0,3,7,29,24,5,3,0,,68,58.12,3,0,2,229,28,37,0,28,2278,0,9,0,1,0,0,0,0,0,0,0,353,5,0,7.04,1,0,0,0,0,0,0,0,759.33,0.0,0,18,2,7,8,14,58.33,0,43,29,67.44,36,62,24,63,159,62.11,108,543,314,857,197.1,20,3,1445,11,2,1,Marco Rente,FC Groningen,827103,2951
21,20,19.8,355,29,61.7,500,160,660,80.49,26,46.43,30,32,6,0,0,0,132,13,3,16,3,29,32,0,1,45,23,182,0,1,8.6,5.3,41,0,9.68,0,6,12,48,41,7,5,1,,133,46.67,1,0,2,160,13,56,5,32,2644,4,1,0,1,0,0,0,0,0,0,1,443,22,0,7.03,1,0,0,0,0,0,0,0,440.67,0.0,2,45,17,24,22,54,52.43,0,33,25,75.76,55,38,103,101,159,46.63,47,631,189,820,225.0,62,2,1496,46,5,0,Sami Ouaissa,NEC Nijmegen,1394147,2962
30,0,0.0,35,131,33.68,98,305,403,60.42,3,60.0,2,23,1,0,0,0,205,0,0,0,6,24,23,0,0,1,1,5,4,0,0.09,,1,0,0.0,98,0,1,36,31,5,0,0,-2.69,4,57.14,0,21,0,264,0,2,0,23,2052,0,0,1,0,0,1,0,3,0,0,0,268,0,11,7.02,0,0,10,47,20,71,0,15,0.0,0.0,0,0,0,0,0,2,100.0,10,0,0,0.0,2,48,2,0,7,58.33,389,339,328,667,161.5,0,2,888,3,1,0,Rome Jayden Owusu-Oduro,AZ Alkmaar,1145999,2950
20,0,0.0,34,146,42.44,108,237,345,63.42,3,100.0,0,15,0,0,0,0,138,1,0,0,0,8,15,0,0,0,0,0,2,0,0.07,,0,0,0.0,81,0,0,38,34,4,0,0,-5.59,2,100.0,0,16,0,199,0,2,0,15,1350,0,0,0,0,0,0,0,5,0,1,0,200,1,3,7.02,0,0,3,34,20,54,0,10,0.0,0.0,0,0,0,0,0,0,0.0,3,0,0,0.0,2,43,0,0,5,100.0,344,275,269,544,105.3,0,0,686,2,0,0,Timo Jansink,Heracles Almelo,1189737,2977
4,1,33.33,95,9,90.0,157,90,247,83.73,16,48.48,17,26,1,0,0,0,57,5,8,15,2,7,26,0,0,17,3,58,0,1,2.22,11.41,11,0,26.23,0,16,17,23,17,6,15,1,,33,44.59,6,0,0,48,3,16,1,16,1433,16,2,0,0,2,0,100,0,2,0,0,105,17,0,7.02,0,9,0,0,0,0,0,0,89.56,0.0,0,53,8,14,32,15,60.0,0,7,4,57.14,16,7,25,3,49,45.79,10,192,103,295,182.5,61,2,499,11,1,0,Ricardo Pepi,PSV Eindhoven,986395,2952
9,8,30.77,254,19,73.08,503,266,769,89.52,9,36.0,16,22,3,0,0,0,74,5,9,6,3,15,22,0,0,26,3,80,0,0,3.72,4.6,23,0,9.09,0,3,6,22,18,4,3,0,,82,56.16,0,0,2,90,5,23,2,19,1649,0,2,0,0,0,0,0,0,0,0,0,191,13,0,7.02,0,1,0,0,0,0,0,0,549.67,0.0,0,18,15,13,14,18,58.06,0,43,29,67.44,23,19,31,26,91,53.22,26,571,288,859,154.4,33,0,1169,21,5,0,Paul Wanner,PSV Eindhoven,1146018,2952
17,0,0.0,152,28,59.57,282,240,522,89.38,5,71.43,2,12,1,0,0,0,49,2,0,3,1,18,12,0,0,5,7,24,0,1,1.3,0.28,8,0,12.5,0,1,2,13,12,1,0,1,,24,52.17,0,0,1,62,9,12,0,10,815,0,3,0,0,0,0,0,0,0,0,0,77,4,0,7.02,1,1,0,0,0,0,0,0,815.0,0.0,0,1,7,2,3,4,57.14,0,16,12,75.0,12,31,7,1,29,54.72,47,322,262,584,84.2,8,0,680,4,2,1,Jordy Clasie,AZ Alkmaar,116946,2950
7,18,31.58,149,16,40.0,253,149,402,76.86,10,31.25,22,25,3,0,0,0,80,4,5,14,4,16,25,0,0,23,8,99,0,0,2.04,6.39,12,0,13.46,0,7,10,34,30,4,6,1,,88,53.33,0,0,1,121,10,30,3,23,1871,11,1,0,0,0,0,0,0,0,0,1,287,15,0,7.02,0,4,0,0,0,0,0,0,267.29,0.0,0,40,12,20,18,28,44.44,0,26,13,50.0,30,22,63,57,98,49.75,40,354,169,523,175.4,52,2,933,34,0,0,Shunsuke Mito,Sparta Rotterdam,1002479,2960
81,7,25.93,236,129,49.62,643,1187,1830,87.35,72,55.38,58,34,3,0,0,0,128,4,1,6,8,219,34,0,0,5,9,101,0,1,2.32,1.9,23,0,6.25,114,1,4,53,48,5,1,0,,49,53.26,0,0,1,265,36,16,1,34,3015,0,50,0,0,0,0,0,0,0,0,0,316,5,0,7.01,0,0,0,0,0,0,0,0,3015.0,0.0,0,14,2,5,5,9,60.0,0,26,15,57.69,16,150,15,27,121,54.5,260,813,1282,2095,238.5,16,4,2604,14,2,0,Joris Kramer,Go Ahead Eagles,793742,2979
9,1,12.5,184,11,73.33,269,130,399,75.57,44,36.67,76,28,4,1,0,2,60,6,25,17,1,18,28,0,0,25,15,148,0,1,3.33,17.45,18,0,18.18,0,16,20,37,30,7,15,1,,69,48.94,1,0,1,129,5,25,6,25,2206,8,2,1,0,5,0,40,0,2,0,4,247,12,0,7.01,0,9,0,0,0,0,0,0,137.88,0.0,0,76,12,28,43,14,50.0,0,24,12,50.0,25,19,28,8,113,43.3,15,368,160,528,196.4,88,3,887,31,3,0,Troy Parrott,AZ Alkmaar,966555,2950
14,0,0.0,16,58,35.15,40,94,134,54.47,1,100.0,0,7,0,0,0,0,60,0,0,0,1,8,7,0,0,0,0,0,0,1,0.03,,0,0,0.0,30,0,0,10,9,1,0,0,-0.2,0,0.0,0,5,0,112,1,0,0,5,547,0,0,0,0,0,0,0,1,0,0,0,113,0,5,7.01,0,0,7,17,8,25,0,3,0.0,0.0,0,0,0,0,0,0,0.0,7,0,0,0.0,0,25,0,0,1,100.0,165,131,115,246,49.1,0,0,308,0,0,0,Hidde Jurjus,FC Groningen,339941,2951
59,2,18.18,236,78,46.99,510,758,1268,83.86,97,55.43,78,30,2,1,0,0,94,3,7,9,4,176,30,0,0,3,22,138,0,3,2.6,3.3,31,0,12.9,81,4,6,45,39,6,3,1,,78,56.52,2,0,1,244,27,15,1,29,2636,2,24,0,0,1,1,0,0,0,0,1,286,7,0,7.01,0,1,0,0,0,0,0,0,659.0,0.0,2,25,6,14,8,9,60.0,0,43,27,62.79,15,109,15,11,175,55.91,166,674,838,1512,210.4,31,2,2008,26,0,0,Danny Bakker,SC Telstar,302690,2972
19,12,21.82,117,47,59.49,212,203,415,79.2,2,33.33,4,17,2,0,0,0,70,5,2,8,2,27,17,0,0,8,6,37,0,1,2.68,1.26,9,0,8.0,0,2,4,18,15,3,2,0,,39,54.17,0,0,0,109,7,21,1,13,1218,0,6,0,0,0,0,0,0,0,0,0,207,4,0,7.01,0,1,0,0,0,0,0,0,609.0,0.0,0,18,7,9,8,13,56.52,0,17,10,58.82,21,38,23,55,41,52.56,79,282,242,524,119.2,25,1,871,9,3,0,Denso Kasius,AZ Alkmaar,1008111,2950
32,21,21.0,344,30,46.88,499,137,636,73.36,35,38.46,56,33,4,0,0,0,99,11,5,18,3,24,33,0,0,49,41,225,0,0,7.54,6.8,28,0,13.64,0,9,13,28,24,4,8,1,,121,41.72,1,0,0,231,11,52,5,28,2368,5,2,0,0,0,1,0,0,0,0,0,485,20,0,7.01,0,3,0,0,0,0,0,0,263.11,0.0,0,49,17,18,30,27,34.62,0,48,27,56.25,52,72,78,100,156,40.94,64,696,171,867,231.2,66,1,1478,47,5,0,Daan Rots,FC Twente,1048430,2955
34,18,26.47,135,41,45.56,208,117,325,70.5,6,46.15,7,24,4,0,0,0,58,5,0,2,0,20,24,0,0,16,9,69,0,2,2.62,0.43,21,0,6.67,0,1,5,39,35,4,0,1,,103,62.42,0,0,0,136,17,30,1,17,1500,1,4,0,2,0,0,0,0,0,0,0,258,7,0,7.0,0,0,0,0,0,0,0,0,1500.0,0.0,0,5,10,9,4,20,55.56,0,41,28,68.29,28,68,36,68,109,61.24,90,320,141,461,168.1,15,2,825,42,3,0,Walid Ould-Chikh,Heracles Almelo,1066450,2977
12,6,24.0,164,18,66.67,246,112,358,80.45,3,33.33,6,24,0,0,0,0,65,6,0,10,0,10,24,0,0,17,11,80,0,2,3.32,1.17,9,0,4.0,0,1,1,24,18,6,0,1,,91,55.15,0,0,1,87,9,28,0,18,1357,1,0,0,0,0,0,0,0,0,0,0,196,9,0,7.0,0,1,0,0,0,0,0,0,1357.0,0.0,0,14,11,6,9,29,42.65,0,30,21,70.0,28,22,68,25,94,54.02,27,314,131,445,168.1,25,1,740,32,1,0,Ro-Zangelo Daal,AZ Alkmaar,1145989,2950
9,1,3.13,184,20,51.28,273,120,393,70.3,20,40.82,29,30,6,0,0,0,92,8,12,10,1,23,30,0,0,26,29,130,0,2,5.54,8.48,25,0,13.73,0,7,13,38,33,5,7,0,,84,45.41,1,0,1,166,18,35,2,28,2298,12,3,0,0,0,0,0,0,0,0,0,303,12,0,7.0,0,4,0,0,0,0,0,0,328.29,0.0,0,35,16,19,22,16,42.11,0,36,25,69.44,35,23,38,32,104,44.44,39,403,156,559,210.1,51,3,952,32,2,0,Patrick Brouwer,SC Telstar,1066319,2972
79,0,0.0,251,103,47.69,678,1010,1688,88.84,37,57.81,27,33,0,0,0,0,138,0,0,1,8,125,33,0,0,4,14,69,0,0,1.16,1.43,25,0,16.67,2,1,1,44,36,8,1,0,,81,65.85,0,0,1,212,36,10,1,32,2757,0,28,0,0,0,1,0,0,0,0,0,243,3,0,7.0,0,0,0,0,0,0,0,0,2757.0,0.0,0,6,0,1,4,7,77.78,0,38,21,55.26,10,148,9,4,118,63.1,216,839,1061,1900,231.0,6,2,2290,38,9,0,Wouter Goes,AZ Alkmaar,1145982,2950
3,0,0.0,12,3,100.0,15,5,20,90.91,0,0.0,0,2,0,0,0,0,0,0,0,0,0,1,1,0,0,0,0,2,0,0,0.07,,1,0,0.0,1,0,0,0,0,0,0,0,,1,33.33,0,0,0,2,0,0,0,1,20,0,0,0,0,0,0,0,0,0,0,0,5,0,0,7.0,0,0,0,0,0,0,0,0,0.0,0.0,0,0,0,0,0,0,0.0,0,0,0,0.0,0,3,1,1,1,33.33,3,17,5,22,7.0,0,0,29,1,0,0,Oleksandr Zinchenko,AFC Ajax,287643,2953
2,0,0.0,4,17,50.0,11,21,32,65.31,0,0.0,0,2,0,0,0,0,17,0,0,0,0,1,2,0,0,0,1,1,0,0,0.01,,0,0,0.0,8,0,0,3,3,0,0,0,0.02,0,0.0,0,0,0,17,0,0,0,1,135,0,0,0,0,0,0,0,1,0,0,0,18,0,0,7.0,0,0,2,1,3,4,0,2,0.0,0.0,0,0,0,0,0,0,0.0,2,0,0,0.0,0,3,0,0,0,0.0,34,26,23,49,14.0,0,0,65,0,0,0,Michael Brouwer,FC Utrecht,252027,2948
6,0,0.0,66,210,31.2,183,171,354,43.33,11,84.62,2,24,0,0,0,0,273,0,0,0,3,19,24,2,0,0,1,4,2,0,0.22,,1,0,0.0,181,0,0,42,37,5,0,0,4.74,3,60.0,0,34,0,463,1,2,0,24,2160,0,0,0,0,0,0,0,2,0,1,0,471,0,10,7.0,0,0,11,62,31,94,1,25,0.0,0.0,0,0,0,0,0,1,100.0,10,2,1,50.0,2,16,1,0,14,77.78,673,605,212,817,168.0,0,3,1038,0,3,0,Mattijs Branderhorst,Fortuna Sittard,146871,2957
11,10,18.18,437,19,54.29,742,470,1212,90.04,20,47.62,22,27,5,0,0,0,152,10,0,2,4,28,27,0,0,24,16,120,0,1,4.44,0.84,17,0,7.14,0,1,6,31,23,8,1,0,,130,57.02,0,0,0,134,13,28,0,26,2204,1,6,0,0,0,1,0,0,0,0,1,341,11,0,7.0,0,1,0,0,0,0,0,0,2204.0,0.0,0,7,7,7,5,42,48.84,0,52,30,57.69,28,22,86,55,150,55.56,35,850,496,1346,188.9,14,0,1995,36,5,0,Sergiño Dest,PSV Eindhoven,906021,2952
84,0,0.0,64,244,39.87,156,695,851,69.13,12,92.31,1,33,0,0,0,0,332,0,0,0,9,38,33,0,0,0,0,1,2,0,0.16,,1,0,0.0,142,0,0,44,34,10,0,0,0.35,12,100.0,0,23,0,380,0,1,0,33,2970,0,0,0,0,0,0,0,3,0,0,0,391,0,15,6.99,0,0,26,59,29,89,1,13,0.0,0.0,0,0,0,0,0,1,100.0,25,0,0,0.0,1,143,1,0,24,96.0,612,474,757,1231,230.8,0,2,1570,14,6,0,Timon Wellenreuther,Feyenoord,253875,2959
16,3,37.5,154,10,43.48,257,90,347,71.84,73,49.66,74,30,1,0,0,0,60,4,12,16,0,26,30,0,0,23,9,154,0,0,1.49,9.42,28,0,15.38,0,12,13,39,35,4,9,3,,52,39.39,4,0,3,136,5,25,0,25,1997,14,6,0,0,0,0,0,0,0,0,1,265,14,0,6.99,0,8,0,0,0,0,0,0,166.42,0.0,3,49,29,31,31,16,39.02,0,11,7,63.64,25,28,41,8,125,44.8,23,367,116,483,209.8,78,1,853,26,4,0,Kaj Sierhuis,Fortuna Sittard,855847,2957
33,5,21.74,375,41,59.42,663,402,1065,88.09,9,30.0,21,26,3,0,0,0,132,6,1,14,4,18,26,0,0,37,14,132,0,2,4.82,2.54,34,0,7.89,0,3,6,36,31,5,1,2,,92,45.32,0,0,2,144,15,37,0,23,2138,0,6,0,0,0,0,0,0,0,0,0,274,19,0,6.99,0,3,0,0,0,0,0,0,712.67,0.0,0,13,25,14,10,21,42.86,0,38,25,65.79,37,58,49,23,101,43.35,69,764,445,1209,181.8,38,0,1600,33,5,0,Kees Smit,AZ Alkmaar,1405756,2950
43,0,0.0,171,68,54.84,536,601,1137,88.9,72,71.29,29,33,1,0,0,0,55,3,2,3,1,122,33,0,0,6,10,73,1,0,0.62,1.5,22,0,16.67,7,3,4,28,20,8,3,0,,41,48.24,3,0,0,142,24,7,0,15,1683,0,19,0,0,0,0,0,0,0,0,0,170,2,0,6.99,0,0,0,0,0,0,0,0,561.0,0.0,0,16,2,9,6,3,33.33,0,28,19,67.86,7,81,9,3,113,60.75,124,632,647,1279,230.7,18,2,1584,10,4,0,Ryan Flamingo,PSV Eindhoven,1046960,2952
37,11,21.15,458,48,55.81,808,362,1170,84.17,12,44.44,15,32,7,0,0,0,187,7,4,17,6,15,32,0,0,36,28,146,0,2,7.52,3.47,25,0,4.88,0,2,9,35,25,10,0,2,,116,46.96,0,0,1,220,33,47,1,30,2555,3,3,0,0,0,0,0,0,0,0,0,422,20,0,6.99,1,1,0,0,0,0,0,0,1277.5,0.0,0,14,27,10,14,45,50.0,0,45,23,51.11,47,76,90,52,128,46.72,86,985,405,1390,223.6,41,0,1926,26,8,1,Luciano Valente,Feyenoord,1121400,2959
37,11,31.43,240,63,60.58,467,384,851,83.35,25,46.3,29,31,2,0,0,0,180,4,2,17,4,29,31,0,0,38,23,146,0,2,3.58,4.32,22,0,9.26,0,5,7,46,40,6,4,1,,127,52.05,0,0,1,170,33,37,1,30,2675,3,11,0,0,0,0,0,0,0,0,0,344,20,0,6.99,0,4,0,0,0,0,0,0,535.0,0.0,0,25,29,23,14,38,50.67,0,53,30,56.6,37,68,75,35,152,51.01,104,591,430,1021,216.6,54,2,1584,36,2,0,Irakli Yegoian,Excelsior,1384483,2967
1,0,0.0,17,1,50.0,27,13,40,70.18,7,36.84,12,12,0,0,0,0,14,1,1,5,0,0,12,0,0,9,1,30,0,0,0.13,3.55,9,0,50.0,0,7,7,7,7,0,6,1,,19,51.35,1,0,0,17,0,4,1,1,363,1,1,0,0,0,0,0,0,0,0,0,42,5,0,6.98,0,5,0,0,0,0,0,0,51.86,0.0,0,12,2,1,8,7,63.64,0,3,2,66.67,4,2,11,2,26,46.43,2,43,14,57,83.8,14,1,126,9,1,0,Kento Shiogai,NEC Nijmegen,1499696,2962
25,43,26.88,430,32,53.33,638,296,934,84.68,4,30.77,9,33,6,0,2,0,115,10,7,35,3,9,32,0,1,25,10,78,1,0,6.04,9.76,19,0,9.35,0,10,16,49,42,7,8,2,,58,45.67,0,0,4,169,5,60,7,33,2755,13,2,0,1,4,1,50,0,2,0,1,400,23,0,6.98,1,3,0,0,0,0,0,0,275.5,0.0,8,44,63,27,45,21,52.5,0,8,2,25.0,59,61,40,160,62,44.29,60,782,321,1103,223.4,107,4,1629,30,3,0,Tjaronn Chery,NEC Nijmegen,35208,2962
21,5,16.13,149,19,41.3,264,173,437,85.02,15,51.72,14,17,2,0,0,0,39,0,3,4,2,18,16,0,0,2,3,26,0,0,1.22,1.15,3,0,0.0,2,0,2,9,6,3,0,0,,36,75.0,0,0,0,77,12,16,0,10,876,0,4,0,0,0,0,0,0,0,0,0,133,7,0,6.98,0,0,0,0,0,0,0,0,0.0,0.0,0,10,1,5,2,5,55.56,0,20,16,80.0,16,43,9,31,51,66.23,46,321,193,514,111.6,11,1,738,11,0,0,Gijs Smal,Feyenoord,860160,2959
38,3,37.5,195,77,52.74,672,1062,1734,88.7,74,44.58,92,34,1,0,0,0,162,3,0,7,10,173,34,0,0,3,11,133,1,1,1.12,0.78,23,0,9.09,3,1,2,44,38,6,0,1,,55,57.29,0,0,0,221,33,8,0,34,3047,0,30,0,0,0,0,0,0,0,0,0,251,5,0,6.97,0,1,0,0,0,0,0,0,3047.0,0.0,0,3,8,3,1,3,42.86,0,40,21,52.5,8,67,7,8,129,49.24,146,827,1128,1955,236.9,11,2,2356,13,4,0,Thijmen Blokzijl,FC Groningen,1121401,2951
30,1,25.0,292,25,47.17,575,473,1048,85.62,26,50.98,25,32,2,0,0,0,128,3,1,8,3,41,32,0,0,13,24,107,0,1,2.81,1.69,31,0,5.56,0,1,3,41,31,10,1,0,,129,61.14,0,0,2,176,25,25,0,27,2321,0,5,0,0,0,0,0,0,0,0,1,241,17,0,6.96,0,1,0,0,0,0,0,0,2321.0,0.0,0,7,11,8,2,15,51.72,0,79,47,59.49,25,59,29,4,155,59.16,53,681,543,1224,222.8,18,1,1596,36,6,0,Marcus Linday,SC Heerenveen,1627623,2964
21,27,21.09,282,23,51.11,410,135,545,77.64,20,40.0,30,29,7,0,0,0,110,10,4,16,0,10,29,0,0,35,22,174,0,0,6.57,4.14,20,0,14.58,0,7,14,36,30,6,6,1,,98,40.5,0,0,1,157,11,47,0,25,2071,9,1,0,1,1,0,100,0,1,0,0,448,17,0,6.96,0,7,0,0,0,0,0,0,295.86,0.0,1,31,17,12,20,45,39.47,0,24,16,66.67,46,48,114,128,118,40.41,45,533,169,702,201.8,48,1,1296,29,4,0,Başar Önal,NEC Nijmegen,1193676,2962
20,12,30.0,286,23,58.97,486,194,680,84.58,0,0.0,6,29,6,0,0,0,79,4,1,18,0,4,29,0,0,35,12,101,0,1,3.83,4.93,4,0,12.24,0,6,12,18,16,2,5,1,,72,43.11,0,0,0,124,2,29,0,16,1569,0,0,0,0,0,0,0,0,0,0,0,275,11,0,6.96,0,6,0,0,0,0,0,0,261.5,0.0,3,31,18,9,22,32,42.11,0,23,12,52.17,29,43,76,40,72,41.62,39,585,219,804,201.8,49,1,1150,17,3,0,Oscar Gloukh,AFC Ajax,1155158,2953
11,0,0.0,171,27,79.41,327,232,559,89.73,5,55.56,4,19,1,0,0,0,49,1,3,2,0,5,19,0,0,6,11,35,0,0,1.43,1.62,6,0,6.67,0,1,2,16,15,1,0,1,,41,56.94,0,0,0,64,7,15,0,14,1142,0,1,0,0,0,0,0,0,0,0,0,90,6,0,6.96,0,1,0,0,0,0,0,0,1142.0,0.0,0,7,8,5,8,9,52.94,0,20,9,45.0,15,13,17,2,46,56.79,34,371,252,623,132.2,15,0,751,12,2,0,Sean Steur,AFC Ajax,1859920,2953
16,13,26.0,184,9,56.25,312,104,416,87.95,2,11.76,15,28,4,0,0,0,52,6,2,14,2,8,26,0,0,10,10,69,0,2,3.26,2.68,9,0,11.11,0,4,8,11,6,5,2,2,,58,51.79,0,0,1,57,4,22,4,8,1062,0,0,0,0,0,0,0,0,0,0,0,163,13,0,6.95,0,0,0,0,0,0,0,0,265.5,0.0,0,16,20,8,14,21,44.68,0,19,14,73.68,22,21,47,50,60,46.51,16,360,113,473,180.8,36,2,740,18,0,0,Esmir Bajraktarević,PSV Eindhoven,1136110,2952
15,3,9.68,84,25,43.1,128,100,228,69.94,34,57.63,25,13,2,0,0,0,46,0,0,9,1,12,13,0,0,6,5,57,0,1,0.72,1.27,15,0,0.0,0,0,2,12,11,1,0,0,,37,53.62,0,0,0,98,12,9,0,8,717,0,6,0,0,0,0,0,0,0,0,0,166,1,0,6.95,0,0,0,0,0,0,0,0,0.0,0.0,3,6,12,7,2,11,61.11,0,17,11,64.71,9,42,18,31,71,55.47,58,198,128,326,90.4,18,0,528,9,1,0,Juninho Bacuna,FC Volendam,788971,2968
15,12,20.0,130,18,58.06,232,97,329,83.08,6,28.57,15,22,5,0,0,0,39,5,3,19,0,16,19,0,0,14,14,67,0,1,3.14,2.76,12,0,2.7,0,1,6,12,12,0,1,0,,54,50.94,0,0,1,67,2,32,1,9,828,0,3,0,1,0,0,0,0,0,0,0,174,1,0,6.95,0,0,0,0,0,0,0,0,828.0,0.0,3,23,14,8,10,17,54.84,0,15,6,40.0,31,26,31,60,60,47.24,31,281,115,396,132.1,37,2,668,22,4,0,Rayane Bounida,AFC Ajax,1403090,2953
54,2,33.33,138,86,55.48,400,817,1217,89.95,56,65.12,30,27,0,0,0,0,96,0,1,3,7,163,27,0,1,1,2,63,0,0,1.0,1.02,30,0,11.11,55,1,1,42,33,9,1,0,,44,57.14,0,0,0,136,28,6,1,26,2211,0,20,0,0,0,0,0,0,0,0,0,149,1,0,6.95,1,0,0,0,0,0,0,0,2211.0,0.0,0,9,0,0,6,0,0.0,0,21,12,57.14,6,102,2,6,100,61.35,155,506,847,1353,187.7,9,2,1683,24,5,0,Bruno Martins Indi,Sparta Rotterdam,116947,2960
25,2,18.18,210,30,71.43,374,331,705,83.33,35,59.32,24,30,4,0,0,0,84,5,5,11,1,45,30,0,0,14,20,90,1,2,3.35,3.7,26,0,14.29,0,5,9,35,30,5,4,1,,70,51.47,0,0,1,141,14,26,1,21,1953,9,1,0,0,0,0,0,0,0,0,2,203,9,0,6.95,1,4,0,0,0,0,0,0,390.6,0.0,0,25,10,13,11,9,56.25,0,42,22,52.38,26,44,16,11,105,53.85,42,463,383,846,208.5,35,1,1143,19,2,1,Luuk Brouwers,SC Heerenveen,794014,2964
5,0,0.0,38,107,37.41,97,55,152,45.65,3,75.0,1,10,0,0,0,0,103,1,0,0,0,18,10,0,0,0,0,1,0,0,0.08,,0,0,0.0,65,0,0,21,18,3,0,0,-1.77,3,100.0,0,9,0,181,0,1,0,10,900,0,0,0,0,0,0,0,0,0,0,0,183,0,4,6.95,0,0,7,19,12,32,0,6,0.0,0.0,0,0,0,0,0,0,0.0,7,1,1,100.0,1,11,0,0,6,85.71,286,262,71,333,69.5,0,0,419,2,0,0,Luuk Koopmans,Fortuna Sittard,128992,2957
31,16,19.28,390,74,40.0,680,456,1136,79.55,18,45.0,22,34,4,0,0,0,193,9,2,13,7,65,34,0,0,31,41,180,1,3,5.63,2.83,27,0,10.81,0,4,8,36,30,6,4,0,,136,46.26,0,0,2,292,39,51,4,34,2954,3,7,0,0,0,0,0,0,0,0,0,570,13,0,6.94,0,0,0,0,0,0,0,0,738.5,0.0,2,19,18,12,12,34,36.56,0,73,42,57.53,51,76,93,83,154,46.11,185,876,552,1428,236.1,37,2,2287,29,4,0,Mats Rots,FC Twente,1387012,2955
59,3,42.86,172,108,53.73,591,1097,1688,89.69,49,45.37,59,33,1,0,0,0,117,1,1,4,8,185,33,0,0,2,15,96,0,1,0.96,2.22,19,0,12.5,59,2,3,48,39,9,2,0,,66,64.08,1,0,0,194,28,8,1,33,2845,2,27,0,0,0,1,0,0,0,0,0,244,3,0,6.94,0,0,0,0,0,0,0,0,1422.5,0.0,0,15,1,10,2,1,50.0,0,42,29,69.05,8,118,2,7,115,54.5,201,716,1166,1882,229.0,16,3,2340,23,5,0,Alexandre Penetra,AZ Alkmaar,1004278,2950
53,0,0.0,169,121,56.81,551,1025,1576,89.09,59,57.28,44,33,1,0,0,0,139,3,1,3,11,209,33,0,0,8,18,110,1,5,1.33,0.49,36,0,0.0,4,0,1,61,51,10,0,0,,96,59.26,0,0,0,193,49,13,0,33,2970,1,25,0,0,0,0,0,0,0,0,0,230,1,0,6.94,0,0,0,0,0,0,0,0,0.0,0.0,0,10,0,6,1,7,58.33,0,73,35,47.95,13,95,12,0,155,58.49,213,672,1097,1769,229.0,10,2,2283,17,7,0,Marvin Young,Sparta Rotterdam,1648759,2960
37,0,0.0,33,180,38.22,130,475,605,67.3,4,100.0,0,31,0,0,0,0,264,0,0,0,6,22,31,0,0,0,0,0,0,1,0.08,,0,0,0.0,183,0,0,35,30,5,0,0,-0.41,3,100.0,0,12,0,294,0,2,0,31,2790,0,0,0,0,0,0,0,2,0,0,0,295,0,3,6.94,0,0,20,48,27,76,0,14,0.0,0.0,0,0,0,0,0,0,0.0,20,0,0,0.0,2,67,0,0,7,100.0,471,345,554,899,215.1,0,0,1162,4,0,0,Lars Unnerstall,FC Twente,94835,2955
13,4,28.57,177,12,46.15,279,94,373,81.8,28,39.44,43,22,4,0,0,0,66,2,4,9,2,23,21,0,0,37,17,136,0,0,2.15,5.87,27,0,12.5,0,5,9,22,18,4,5,0,,80,46.24,2,0,2,83,10,29,1,15,1432,2,3,0,0,0,0,0,0,0,0,1,205,12,0,6.94,0,1,0,0,0,0,0,0,286.4,0.0,0,33,7,14,17,18,52.94,0,36,18,50.0,29,26,34,14,108,44.26,26,349,107,456,145.7,40,1,830,26,4,0,Noé Lebreton,NEC Nijmegen,1214957,2962
24,12,46.15,268,27,52.94,429,237,666,81.32,14,41.18,20,30,3,0,0,0,124,8,8,17,1,14,30,0,0,34,11,112,0,0,6.49,6.66,14,0,11.11,0,6,9,41,33,8,5,1,,92,50.0,0,0,1,153,9,41,1,29,2441,1,0,0,1,0,0,0,0,0,0,0,288,24,0,6.94,0,5,0,0,0,0,0,0,406.83,0.0,0,36,18,18,19,47,58.02,0,23,17,73.91,40,52,81,26,106,48.62,51,546,273,819,208.1,54,3,1215,22,1,0,Ringo Meerveld,SC Heerenveen,992018,2964
3,2,50.0,58,17,60.71,141,212,353,85.68,32,59.26,22,16,1,0,0,0,41,1,2,2,0,29,16,0,0,2,13,54,0,0,0.27,1.64,16,0,6.25,0,1,2,32,29,3,1,0,,56,63.64,0,0,0,59,10,5,1,13,1124,0,18,0,0,0,0,0,0,0,0,0,84,2,0,6.93,1,0,0,0,0,0,0,0,1124.0,0.0,0,13,3,7,7,2,50.0,0,41,26,63.41,5,9,4,4,88,61.97,28,178,234,412,110.9,16,0,612,13,2,1,Sem Scheperman,Heracles Almelo,1189738,2977
5,5,27.78,51,10,45.45,88,134,222,78.72,3,75.0,1,13,3,0,0,0,38,2,2,4,2,17,13,0,0,3,11,23,0,0,1.04,1.19,4,1,10.0,0,1,4,17,11,6,0,1,,27,55.1,0,0,0,60,6,12,1,8,694,0,6,0,0,0,0,0,0,0,0,0,93,4,0,6.93,0,0,0,0,0,0,0,0,694.0,50.0,2,2,8,3,3,8,66.67,0,18,11,61.11,12,11,12,18,30,56.6,22,127,155,282,90.1,10,1,451,1,2,0,Patrick van Aanholt,Sparta Rotterdam,74577,2960
31,2,18.18,197,45,60.81,519,503,1022,86.46,38,60.32,25,34,1,0,0,0,124,0,0,5,8,71,34,0,0,22,18,112,0,2,1.55,0.22,28,0,0.0,0,0,1,40,33,7,0,0,,132,60.27,0,0,0,160,56,8,0,34,2924,0,9,0,0,0,0,0,0,0,0,0,235,12,0,6.93,0,0,0,0,0,0,0,0,0.0,0.0,0,0,9,3,1,19,48.72,0,96,58,60.42,8,53,39,11,170,60.28,74,614,568,1182,235.6,9,0,1647,17,4,0,Alonzo Engwanda,FC Utrecht,1000548,2948
27,1,8.33,158,45,47.37,410,588,998,86.93,74,57.36,55,25,0,0,0,0,117,0,2,6,1,128,25,0,0,10,17,123,0,2,0.7,1.87,36,0,5.0,20,1,1,42,35,7,1,0,,110,61.8,0,0,0,150,23,10,1,23,2050,2,14,0,0,0,1,0,0,0,0,0,213,7,0,6.93,0,0,0,0,0,0,0,0,2050.0,0.0,0,15,5,6,8,20,74.07,0,48,31,64.58,10,53,27,12,184,59.93,95,518,630,1148,173.2,20,3,1648,43,10,0,Ahmetcan Kaplan,NEC Nijmegen,1064177,2962
16,19,29.69,176,17,53.13,253,94,347,73.83,6,26.09,17,26,4,0,0,0,100,9,3,25,2,13,26,0,0,49,10,143,0,1,4.33,3.42,19,0,5.08,0,3,7,21,16,5,3,0,,106,45.69,0,0,1,123,11,35,0,21,1890,2,0,0,1,0,0,0,0,0,0,0,330,12,0,6.93,0,3,0,0,0,0,0,0,630.0,0.0,0,38,21,18,16,38,43.68,0,28,18,64.29,34,31,87,64,112,43.92,32,347,123,470,180.1,59,1,950,40,4,0,Yoann Cathline,FC Utrecht,1105700,2948
1,0,0.0,16,2,100.0,25,23,48,85.71,1,100.0,0,5,0,0,0,0,10,0,0,0,0,2,4,0,0,1,1,3,0,0,0.06,0.32,0,0,100.0,0,1,1,2,2,0,1,0,,7,70.0,0,0,0,8,2,2,1,2,141,0,0,0,0,0,0,0,0,0,0,0,14,1,0,6.93,0,0,0,0,0,0,0,0,141.0,0.0,0,1,0,0,1,1,50.0,0,3,1,33.33,2,4,2,1,8,72.73,2,30,26,56,27.7,1,0,77,3,0,0,Davy van den Berg,FC Utrecht,1001468,2948
7,0,0.0,3,25,35.21,15,78,93,66.43,4,100.0,0,4,0,0,0,0,41,0,0,0,0,7,4,0,0,0,1,1,1,0,0.01,,0,0,0.0,16,0,0,7,4,3,0,0,-1.9,1,50.0,0,7,0,47,0,0,0,4,360,0,0,0,0,0,0,0,0,0,0,0,49,0,2,6.93,0,0,4,10,1,11,0,2,0.0,0.0,0,0,0,0,0,0,0.0,3,0,0,0.0,0,13,0,0,5,83.33,71,51,89,140,27.7,0,0,191,1,0,0,Andries Noppert,SC Heerenveen,339339,2964
5,0,0.0,23,3,20.0,65,59,124,82.67,12,70.59,5,5,0,0,0,0,10,0,0,0,0,16,4,0,0,1,2,14,1,1,0.11,0.19,6,0,0.0,0,0,0,3,3,0,0,0,,7,43.75,0,0,0,26,5,0,0,4,282,0,3,0,0,0,0,0,0,0,0,0,30,0,0,6.93,0,0,0,0,0,0,0,0,0.0,0.0,0,2,0,1,1,1,100.0,0,4,2,50.0,0,12,1,0,19,57.58,15,84,66,150,27.7,2,0,194,3,0,0,Gernot Trauner,Feyenoord,121588,2959
14,1,33.33,214,17,77.27,342,124,466,83.36,3,27.27,8,17,4,0,0,0,69,7,3,3,4,13,17,0,0,14,7,55,1,0,3.92,3.0,15,0,8.7,0,2,6,19,15,4,2,0,,63,57.27,0,0,1,93,17,29,0,14,1316,2,4,0,0,1,0,100,0,1,0,0,155,9,0,6.92,0,2,0,0,0,0,0,0,658.0,0.0,2,11,12,12,8,15,57.69,0,33,16,48.48,29,21,26,3,66,54.55,22,416,143,559,117.7,23,1,799,15,1,0,Quinten Timber,Feyenoord,959805,2959
3,4,40.0,26,7,43.75,49,34,83,70.34,6,60.0,4,9,3,0,0,0,17,2,0,0,0,12,9,0,0,1,1,16,0,0,0.65,0.21,8,0,100.0,0,2,5,6,6,0,1,1,,9,42.86,0,0,0,35,2,7,2,4,353,0,2,0,0,0,0,0,0,0,0,0,57,1,0,6.92,0,0,0,0,0,0,0,0,176.5,0.0,0,1,1,0,2,1,33.33,0,5,0,0.0,7,6,3,10,15,48.39,16,73,45,118,62.3,2,0,194,3,1,0,Derry Murkin,FC Utrecht,946561,2948
23,2,40.0,166,20,55.56,317,241,558,79.94,22,42.31,30,29,2,0,0,0,78,2,3,7,1,20,28,0,0,9,11,84,0,0,1.51,4.42,24,0,23.08,0,6,8,25,24,1,4,2,,63,53.85,2,0,0,140,13,18,0,21,1793,2,10,0,0,0,0,0,0,0,0,0,195,9,0,6.92,0,4,0,0,0,0,0,0,298.83,0.0,0,23,3,8,11,2,14.29,0,46,32,69.57,18,52,14,5,85,50.3,36,401,297,698,193.8,26,1,958,15,1,0,Davy Klaassen,AFC Ajax,97410,2953
23,2,18.18,195,28,47.46,408,291,699,81.18,16,34.04,31,32,2,0,0,0,155,2,2,5,5,43,32,0,0,30,28,135,1,2,3.11,2.97,28,0,17.86,0,5,7,57,47,10,3,2,,123,54.19,1,0,0,162,23,35,1,30,2631,2,11,1,0,0,1,0,0,0,0,0,284,13,0,6.92,0,3,0,0,0,0,0,0,526.2,0.0,3,14,14,12,11,26,55.32,0,47,27,57.45,35,42,47,11,139,50.73,59,513,348,861,221.4,28,1,1324,52,3,0,Joshua Kitolano,Sparta Rotterdam,913584,2960
82,0,0.0,72,277,40.44,196,598,794,65.19,10,83.33,2,29,1,0,0,0,315,1,0,0,8,35,29,0,0,0,2,5,1,2,0.21,,1,0,0.0,119,0,1,35,30,5,0,0,-0.77,12,80.0,0,16,0,424,0,2,0,29,2513,0,0,0,0,0,1,0,2,0,0,0,431,0,7,6.91,0,0,45,42,27,69,2,9,0.0,0.0,0,0,0,0,0,1,100.0,42,2,1,50.0,2,150,1,0,22,81.48,685,538,680,1218,200.5,0,0,1481,11,3,0,Etienne Vaessen,FC Groningen,809408,2951
5,10,31.25,55,5,71.43,83,41,124,74.25,7,43.75,9,16,1,0,0,0,36,5,1,6,0,8,15,0,0,14,3,37,0,0,1.8,1.3,5,1,20.0,0,4,5,7,4,3,3,1,,23,45.1,1,0,0,43,2,12,0,5,538,4,1,0,0,0,0,0,0,0,0,0,101,5,0,6.91,0,3,0,0,0,0,0,0,134.5,100.0,1,10,10,5,9,7,50.0,0,9,1,11.11,12,8,14,32,30,44.78,7,118,49,167,103.7,20,0,312,7,2,0,Jesper Karlsson,FC Utrecht,834597,2948
61,1,33.33,139,147,52.5,463,996,1459,82.8,106,64.63,58,34,1,0,0,0,99,1,3,5,6,248,34,0,0,4,16,99,0,1,1.29,2.33,24,0,5.56,10,1,2,56,49,7,1,0,,46,52.87,1,0,0,303,32,9,0,34,3054,0,32,0,0,0,1,0,0,0,0,0,321,0,0,6.91,0,0,0,0,0,0,0,0,3054.0,0.0,1,16,2,9,4,4,100.0,0,33,22,66.67,9,140,4,3,152,60.56,280,694,1068,1762,235.0,18,1,2247,9,2,0,Casper Widell,Excelsior,1031721,2967
43,6,17.14,186,77,49.04,433,547,980,83.19,68,57.63,50,31,1,0,0,0,88,0,2,9,10,153,30,0,0,15,20,124,0,2,1.01,1.88,35,0,3.57,14,1,2,43,39,4,1,0,,96,56.47,0,0,0,198,36,16,0,27,2475,1,31,0,0,0,2,0,0,0,0,0,301,2,0,6.91,1,1,0,0,0,0,0,0,2475.0,0.0,1,18,10,13,6,15,68.18,0,64,39,60.94,16,90,22,35,164,56.94,157,579,599,1178,207.3,28,1,1833,18,7,1,Teo Quintero,Sparta Rotterdam,966299,2960
11,15,37.5,164,12,38.71,298,162,460,82.0,20,57.14,15,17,3,0,0,0,59,5,3,6,1,19,17,0,0,8,9,47,0,2,3.05,1.28,11,0,6.25,0,1,4,22,19,3,0,1,,40,55.56,0,0,0,101,12,24,0,12,991,1,3,0,0,0,0,0,0,0,0,0,148,6,0,6.91,0,1,0,0,0,0,0,0,991.0,0.0,0,7,9,5,5,10,71.43,0,19,10,52.63,24,30,14,40,60,56.07,31,370,191,561,117.4,16,0,742,11,2,0,Hwang In-beom,Feyenoord,889689,2959
1,5,16.67,159,3,50.0,229,55,284,75.73,17,47.22,19,20,2,0,0,0,50,5,0,10,2,14,20,0,0,16,13,92,0,1,3.35,2.17,15,0,9.09,0,3,5,24,18,6,3,0,,61,45.52,2,0,1,91,5,21,0,17,1419,9,0,0,0,0,1,0,0,0,0,0,196,6,0,6.91,0,1,0,0,0,0,0,0,473.0,0.0,0,23,10,9,14,26,45.61,0,15,7,46.67,21,4,57,30,78,45.88,6,302,73,375,138.1,33,0,638,20,1,0,Leo Sauer,Feyenoord,1150938,2959
9,6,26.09,153,7,38.89,224,54,278,68.81,48,43.24,63,32,7,0,0,0,42,4,16,12,0,16,32,0,0,10,15,129,0,0,4.03,11.95,35,0,15.71,0,11,18,38,34,4,10,1,,46,41.07,1,0,2,126,10,40,0,31,2251,11,2,0,0,0,0,0,0,0,0,0,207,14,0,6.9,0,10,0,0,0,0,0,0,204.64,0.0,0,59,11,26,32,6,40.0,0,27,21,77.78,40,26,15,23,94,42.15,18,330,74,404,220.9,70,1,712,13,6,0,Bryan Linssen,NEC Nijmegen,47753,2962
3,6,23.08,248,2,28.57,383,161,544,83.05,32,47.06,36,29,4,0,0,0,58,6,10,15,3,22,29,0,0,26,7,110,0,0,4.83,9.84,28,0,22.95,0,14,18,31,22,9,13,1,,52,41.27,2,0,3,111,2,43,4,25,2248,8,1,0,0,0,0,0,0,0,0,1,232,15,0,6.9,0,8,0,0,0,0,0,0,160.57,0.0,0,55,6,19,27,3,16.67,0,29,13,44.83,43,9,18,26,84,43.3,7,471,184,655,200.1,61,2,980,20,2,0,Guus Til,PSV Eindhoven,845798,2952
39,15,21.43,261,43,72.88,458,257,715,83.53,10,20.0,40,33,3,0,0,0,142,7,4,23,1,17,33,0,0,51,20,212,0,0,5.19,5.75,42,0,10.0,0,6,9,45,40,5,6,0,,119,40.89,1,0,1,141,11,33,3,30,2501,4,0,0,0,0,0,0,0,0,0,0,404,15,0,6.9,0,2,0,0,0,0,0,0,416.83,0.0,3,32,28,17,20,66,52.38,0,23,14,60.87,33,62,126,70,129,37.83,59,566,290,856,227.7,60,2,1436,30,0,0,Derensili Sanches Fernandes,Excelsior,1046142,2967
3,0,0.0,2,11,40.74,6,55,61,79.22,1,100.0,0,2,0,0,0,0,18,0,0,0,0,1,2,0,0,0,0,0,0,0,0.0,,0,0,0.0,5,0,0,3,3,0,0,0,-0.85,1,100.0,0,2,0,16,0,0,0,2,180,0,0,0,0,0,0,0,0,0,0,0,16,0,1,6.9,0,0,0,4,1,5,0,2,0.0,0.0,0,0,0,0,0,0,0.0,0,0,0,0.0,0,8,0,0,2,100.0,27,19,58,77,13.8,0,0,95,1,0,0,Niek Schiks,PSV Eindhoven,1134720,2952
3,0,0.0,9,3,50.0,31,20,51,86.44,1,100.0,0,4,0,0,0,0,3,0,0,0,0,4,4,0,0,2,0,3,0,1,0.05,,1,0,0.0,0,0,0,2,2,0,0,0,,7,70.0,0,0,0,8,1,0,0,1,101,0,2,0,0,0,0,0,0,0,0,0,11,0,0,6.9,0,0,0,0,0,0,0,0,0.0,0.0,0,0,0,0,0,1,100.0,0,5,2,40.0,0,4,1,0,8,72.73,6,37,22,59,27.6,0,0,84,1,0,0,James McConnell,AFC Ajax,1138428,2953
27,1,25.0,152,11,35.48,340,225,565,72.81,105,60.0,70,27,3,0,0,0,73,3,6,3,5,43,27,0,0,15,21,159,0,1,1.74,5.21,48,0,21.21,0,7,10,26,21,5,7,0,,86,49.14,3,0,1,211,18,23,1,24,2155,6,7,0,0,0,1,0,0,0,0,0,276,12,0,6.9,0,2,0,0,0,0,0,0,307.86,0.0,0,31,2,15,15,4,36.36,0,50,28,56.0,23,45,11,4,191,54.57,31,495,281,776,186.2,33,1,1122,33,7,0,Dani De Wit,FC Utrecht,855854,2948
20,0,0.0,94,33,50.77,202,235,437,85.35,20,47.62,22,13,0,0,0,0,45,0,0,1,1,40,13,0,0,2,3,33,0,0,0.4,0.31,5,0,33.33,0,1,1,11,10,1,1,0,,19,63.33,1,0,0,75,9,3,0,8,808,0,9,1,0,0,0,0,0,0,0,0,96,0,0,6.89,0,0,0,0,0,0,0,0,808.0,0.0,0,2,1,1,1,3,60.0,0,12,9,75.0,3,38,5,5,39,54.17,65,245,267,512,89.6,3,0,651,4,0,0,Max Bruns,FC Twente,1091627,2955
31,12,19.05,222,52,57.78,467,378,845,82.6,47,47.47,52,29,0,0,0,0,106,5,2,9,5,77,29,0,0,10,27,139,0,1,2.02,1.84,38,0,6.45,0,2,2,36,29,7,0,2,,91,51.12,0,0,2,178,25,27,0,24,2140,0,12,0,1,0,0,0,0,0,0,0,293,8,0,6.89,0,2,0,0,0,0,0,0,1070.0,0.0,3,13,18,13,9,7,35.0,0,78,46,58.97,26,74,20,63,138,49.82,90,594,429,1023,199.8,31,2,1468,6,5,0,Peer Koopmeiners,AZ Alkmaar,922018,2950
6,1,16.67,122,15,50.0,281,314,595,85.24,22,47.83,24,26,2,0,0,0,86,1,3,2,3,31,24,0,0,16,23,94,0,2,0.98,1.86,15,0,11.76,0,2,4,21,19,2,2,0,,82,53.95,0,0,0,103,19,11,2,13,1329,1,6,0,0,0,0,0,0,0,0,0,167,11,0,6.89,0,0,0,0,0,0,0,0,664.5,0.0,0,10,7,9,6,11,39.29,0,59,32,54.24,11,17,28,6,104,52.53,30,343,355,698,165.3,17,1,1011,12,1,0,Jorthy Mokio,AFC Ajax,1563462,2953
18,0,0.0,86,28,58.33,237,289,526,89.61,39,56.52,30,17,0,0,0,0,32,0,3,1,0,56,16,0,0,1,2,38,1,0,0.27,1.49,6,0,18.18,18,2,2,12,11,1,2,0,,12,60.0,2,0,0,61,6,0,0,9,821,0,5,0,0,0,0,0,0,0,0,0,69,0,0,6.89,0,0,0,0,0,0,0,0,410.5,0.0,0,9,2,4,6,3,100.0,0,6,3,50.0,0,36,3,0,51,57.3,48,281,306,587,110.2,11,1,709,4,1,0,Armando Obispo,PSV Eindhoven,825838,2952
2,2,14.29,31,3,75.0,55,29,84,84.85,1,16.67,5,8,0,0,0,0,21,1,1,7,0,1,8,0,0,4,4,28,0,0,0.46,1.03,2,0,5.88,0,1,1,3,3,0,0,1,,25,52.08,0,0,0,15,1,6,0,5,397,0,0,0,0,0,0,0,0,0,0,0,60,1,0,6.89,0,1,0,0,0,0,0,0,397.0,0.0,0,10,7,4,6,13,50.0,0,5,3,60.0,6,4,26,14,26,48.15,4,61,38,99,55.1,17,0,201,7,0,0,Benjamin Pauwels,FC Volendam,1520752,2968
23,19,19.39,291,35,50.72,513,459,972,84.01,69,69.0,31,34,3,0,0,0,139,9,1,5,1,107,33,0,0,23,16,117,0,1,4.66,1.42,28,0,10.0,0,2,5,48,38,10,2,0,,118,57.84,0,0,0,185,47,33,2,33,2816,3,12,0,0,0,0,0,0,0,0,0,406,8,0,6.88,0,0,0,0,0,0,0,0,1408.0,0.0,0,9,11,9,6,28,57.14,0,59,39,66.1,33,44,49,98,187,61.51,69,630,527,1157,227.2,20,3,1990,32,4,0,Vasilios Zagaritis,SC Heerenveen,1064426,2964
30,0,0.0,60,207,31.22,134,555,689,59.76,8,100.0,0,29,0,0,0,0,279,0,0,0,5,32,29,0,0,0,0,0,4,2,0.13,,0,0,0.0,146,0,0,44,36,8,0,0,-1.87,8,100.0,0,23,0,464,0,2,0,29,2610,0,0,1,0,0,0,0,3,0,0,0,468,0,20,6.88,0,0,9,65,49,117,1,26,0.0,0.0,0,0,0,0,0,3,100.0,9,0,0,0.0,2,77,3,0,16,100.0,663,493,660,1153,199.5,0,1,1476,4,2,0,Bernt Klaverboer,SC Heerenveen,1195719,2964
24,0,0.0,179,54,67.5,335,357,692,85.33,16,42.11,22,28,1,0,0,0,129,1,0,4,4,42,28,0,0,13,10,71,0,0,1.6,0.92,22,0,33.33,0,3,4,41,37,4,3,0,,63,56.25,0,0,0,119,26,14,0,26,2330,1,13,0,0,0,1,0,0,0,0,0,168,13,0,6.88,0,3,0,0,0,0,0,0,776.67,0.0,0,6,3,1,4,7,53.85,0,29,16,55.17,14,42,13,2,79,52.67,80,413,398,811,192.6,9,0,1085,27,0,0,Nils Rossen,SC Telstar,1150154,2972
6,8,24.24,45,4,44.44,94,77,171,79.91,5,31.25,11,13,1,0,0,0,30,4,2,1,0,8,13,0,0,8,12,42,0,0,1.43,1.94,7,0,25.0,0,2,3,22,16,6,2,0,,40,56.34,1,0,0,43,2,13,0,7,639,0,0,0,0,0,0,0,0,0,0,0,99,3,0,6.88,0,1,0,0,0,0,0,0,319.5,0.0,0,6,2,1,6,2,33.33,0,21,12,57.14,13,11,6,33,45,51.72,9,127,87,214,89.4,8,1,355,17,0,0,Odysseus Velanas,PEC Zwolle,846003,2971
27,4,14.29,324,22,45.83,510,279,789,81.26,16,34.78,30,33,4,0,0,0,121,6,7,31,1,20,33,0,0,20,24,133,1,0,3.98,10.29,30,0,11.36,0,10,14,33,29,4,8,2,,87,45.79,3,0,0,182,17,37,2,31,2569,3,5,0,0,0,0,0,0,0,0,0,316,21,0,6.87,1,5,0,0,0,0,0,0,256.9,0.0,3,59,29,21,36,15,34.09,0,35,22,62.86,37,44,44,28,103,43.64,48,635,336,971,226.8,88,0,1405,37,0,1,Kristian Hlynsson,FC Twente,1160026,2955
12,1,33.33,49,17,47.22,134,192,326,85.34,9,39.13,14,16,4,0,0,0,40,3,1,6,0,36,16,0,0,9,11,58,0,1,0.61,0.64,16,0,0.0,0,0,4,16,13,3,0,0,,67,60.36,0,0,1,56,11,7,0,9,837,0,6,0,0,0,0,0,0,0,0,0,85,2,0,6.87,0,0,0,0,0,0,0,0,0.0,0.0,1,3,8,3,2,7,43.75,0,36,20,55.56,7,28,16,3,76,56.72,36,175,207,382,109.9,11,0,580,24,1,0,Dave Kwakman,FC Volendam,1146002,2968
29,0,0.0,122,52,46.85,493,823,1316,91.07,48,64.0,27,24,0,0,0,0,93,0,0,1,4,102,24,0,0,3,5,46,0,4,0.55,0.17,8,0,0.0,7,0,0,29,26,3,0,0,,37,66.07,0,0,0,129,37,1,0,19,1797,0,12,1,0,0,0,0,0,0,0,0,158,1,0,6.87,0,0,0,0,0,0,0,0,0.0,0.0,0,3,0,2,0,17,85.0,0,12,7,58.33,1,64,20,2,85,64.89,111,574,871,1445,164.8,3,0,1713,8,1,0,Josip Šutalo,AFC Ajax,954836,2953
4,6,31.58,39,4,50.0,61,38,99,75.57,7,46.67,8,16,0,0,0,0,17,1,0,3,0,5,14,0,0,7,10,32,0,0,0.64,0.45,2,0,22.22,0,2,2,7,6,1,1,1,,32,57.14,0,0,0,32,1,3,0,3,393,0,1,0,0,0,0,0,0,0,0,0,79,1,0,6.86,0,2,0,0,0,0,0,0,196.5,0.0,1,2,7,4,2,4,44.44,0,17,8,47.06,3,10,9,19,39,54.93,8,87,44,131,96.1,9,0,256,11,0,0,Luka Tunjić,Fortuna Sittard,1896133,2957
20,60,26.2,257,38,62.3,367,131,498,72.81,10,20.83,38,33,9,0,0,0,80,19,12,26,1,9,33,0,0,54,36,212,0,0,8.0,7.22,31,1,5.21,0,5,14,41,35,6,3,2,,92,34.59,0,0,5,186,11,75,4,33,2698,6,0,0,0,0,0,0,0,0,0,0,573,16,0,6.86,0,1,0,0,0,0,0,0,539.6,5.88,17,32,64,31,39,30,35.71,0,43,25,58.14,75,41,84,229,102,32.48,61,529,155,684,226.4,96,3,1458,19,6,0,Younes Taha,FC Groningen,1146623,2951
12,4,36.36,116,10,43.48,178,101,279,75.2,20,66.67,10,10,1,0,0,0,23,1,2,9,2,17,10,0,0,5,9,43,0,1,0.96,2.53,12,0,4.76,1,1,2,9,6,3,1,0,,34,50.75,0,0,1,92,8,11,0,9,803,0,3,0,0,1,0,100,0,1,0,0,134,4,0,6.86,0,1,0,0,0,0,0,0,803.0,0.0,1,13,8,5,7,5,41.67,0,19,8,42.11,11,22,12,11,54,55.67,23,255,116,371,68.6,21,0,543,10,3,0,Jakub Moder,Feyenoord,886242,2959
9,28,35.44,210,17,42.5,383,200,583,82.58,26,37.14,44,33,4,0,0,0,107,9,4,16,4,21,33,0,0,38,15,148,0,0,4.76,3.35,14,1,5.71,0,2,6,28,25,3,1,1,,108,50.94,0,0,0,123,9,41,0,23,2044,4,0,0,0,0,0,0,0,0,0,1,304,17,0,6.86,0,2,0,0,0,0,0,0,1022.0,33.33,3,20,15,10,9,59,61.46,0,24,15,62.5,41,24,96,79,134,47.52,40,478,228,706,226.3,35,1,1201,27,0,0,Isak Steiner Jensen,AZ Alkmaar,1087931,2950
25,1,33.33,71,85,47.49,253,651,904,81.74,60,65.93,31,24,0,0,0,0,75,0,1,1,5,124,24,0,0,3,15,74,0,4,0.55,1.28,26,0,16.67,10,2,2,24,17,7,2,0,,39,47.56,1,0,0,202,26,7,0,21,1894,1,20,0,0,0,1,0,0,0,0,0,235,0,0,6.85,1,1,0,0,0,0,0,0,947.0,0.0,0,10,2,6,5,4,80.0,0,27,13,48.15,7,63,5,3,99,57.23,179,379,727,1106,164.5,12,2,1425,8,3,1,Matisse Didden,FC Utrecht,996992,2948
34,11,31.43,231,37,61.67,389,198,587,77.85,13,50.0,13,28,2,0,0,0,117,7,7,6,0,31,28,0,0,24,30,100,0,2,3.82,4.68,19,0,6.52,0,3,5,37,33,4,2,1,,87,50.0,1,0,2,167,15,31,1,21,1950,2,2,0,0,0,0,0,0,0,0,0,281,19,0,6.85,0,1,0,0,0,0,0,0,650.0,0.0,1,25,21,24,16,15,42.86,0,46,29,63.04,31,69,35,35,100,50.0,60,516,238,754,191.9,46,0,1131,26,3,0,Lance Duijvestijn,Fortuna Sittard,946505,2957
40,0,0.0,299,44,52.38,674,437,1111,85.4,26,50.0,26,32,1,0,0,0,143,2,0,9,4,52,32,0,0,18,19,106,0,1,2.1,0.71,34,0,0.0,0,0,1,52,50,2,0,0,,107,57.22,0,0,0,190,32,23,0,32,2736,0,8,0,1,0,0,0,0,0,0,0,252,10,0,6.85,1,0,0,0,0,0,0,0,0.0,0.0,0,2,14,6,1,11,47.83,0,59,23,38.98,22,69,23,3,133,55.65,84,800,501,1301,219.3,16,0,1671,38,3,1,Maximilien Balard,NAC Breda,1096511,2947
18,7,31.82,213,30,37.5,348,295,643,81.5,29,48.33,31,29,2,0,0,0,83,0,0,5,1,70,26,0,0,12,9,72,0,0,1.74,0.35,14,0,0.0,4,0,2,24,22,2,0,0,,74,64.35,0,0,0,146,21,8,0,13,1479,0,10,0,0,0,0,0,0,0,0,0,258,7,0,6.85,0,0,0,0,0,0,0,0,0.0,0.0,0,2,3,0,0,14,63.64,0,47,29,61.7,8,47,22,22,103,58.86,80,455,334,789,178.1,5,0,1261,13,3,0,Deveron Fonville,NEC Nijmegen,1177177,2962
1,0,0.0,3,2,66.67,13,30,43,82.69,5,55.56,4,2,0,0,0,0,1,0,0,1,0,1,2,0,0,0,2,7,0,0,0.01,0.13,1,0,0.0,0,0,0,0,0,0,0,0,,2,40.0,0,0,0,9,2,0,0,1,94,0,2,0,0,0,0,0,0,0,0,0,12,0,0,6.85,0,0,0,0,0,0,0,0,0.0,0.0,0,1,1,0,1,0,0.0,0,0,0,0.0,0,2,0,0,7,50.0,3,17,35,52,13.7,2,0,68,2,0,0,Rion Ichihara,AZ Alkmaar,1499691,2950
53,0,0.0,22,186,30.1,121,445,566,55.98,11,84.62,2,31,0,0,0,0,287,0,0,0,6,26,31,0,0,0,2,4,3,2,0.06,,0,0,0.0,195,0,0,65,55,10,0,0,-3.88,6,75.0,0,19,0,445,0,1,0,31,2790,0,0,0,0,0,0,0,2,0,0,0,453,0,14,6.85,0,0,9,82,44,128,0,27,0.0,0.0,0,0,0,0,0,0,0.0,9,3,2,66.67,1,96,0,0,17,80.95,618,478,533,1011,212.3,0,2,1353,5,0,0,Tom de Graaff,PEC Zwolle,1145525,2971
17,1,16.67,264,15,50.0,490,311,801,91.75,3,21.43,11,29,1,0,0,0,67,4,0,3,1,14,29,0,0,8,18,58,0,1,2.19,1.51,14,0,25.0,1,3,4,21,17,4,2,1,,52,52.53,0,0,0,72,15,23,1,16,1539,0,5,0,0,0,1,0,0,0,0,0,121,9,0,6.85,1,2,0,0,0,0,0,0,513.0,0.0,0,8,4,4,5,6,42.86,0,35,20,57.14,23,25,14,6,55,48.67,30,548,325,873,198.6,12,1,1071,11,3,1,Tygo Land,FC Groningen,1441117,2951
15,2,66.67,133,54,43.55,422,737,1159,90.41,40,54.79,33,25,1,0,0,0,92,1,0,3,7,147,25,0,0,7,5,65,0,2,0.74,0.42,19,0,0.0,2,0,1,23,18,5,0,0,,30,48.39,0,0,0,123,16,6,0,23,2040,0,16,0,0,0,1,0,0,0,0,0,151,1,0,6.85,0,0,0,0,0,0,0,0,0.0,0.0,0,4,3,4,0,2,50.0,0,20,12,60.0,6,34,4,3,70,51.85,124,509,773,1282,171.2,7,0,1579,9,3,0,Stav Lemkin,FC Twente,1091923,2955
9,0,0.0,55,3,37.5,103,60,163,73.09,28,41.18,40,19,2,0,0,0,31,2,2,2,0,13,19,0,0,18,6,98,0,0,1.22,2.89,25,0,23.08,0,6,8,27,22,5,6,0,,34,36.96,1,0,0,60,2,11,2,14,1362,4,6,0,0,0,0,0,0,0,0,0,123,4,0,6.85,0,3,0,0,0,0,0,0,227.0,0.0,0,19,7,11,13,3,23.08,0,4,2,50.0,11,11,13,2,62,38.75,8,149,74,223,130.1,26,1,400,29,5,0,Milan Smit,Go Ahead Eagles,1199214,2979
20,3,13.64,89,18,41.86,163,148,311,74.05,12,66.67,6,20,2,0,0,0,37,2,0,5,0,26,19,0,0,7,23,58,0,0,1.71,1.32,13,0,6.67,0,1,3,13,10,3,1,0,,79,60.31,0,0,0,109,13,10,1,9,838,1,1,0,0,0,0,0,0,0,0,0,160,3,0,6.85,0,0,0,0,0,0,0,0,838.0,0.0,0,12,3,5,5,9,50.0,0,56,35,62.5,10,49,18,22,91,61.07,43,231,189,420,130.1,15,1,709,15,5,0,Mateo Chávez,AZ Alkmaar,1638685,2950
30,1,11.11,267,38,52.05,516,332,848,80.15,39,51.32,37,32,1,0,0,0,124,1,7,18,3,46,32,0,0,16,19,109,0,0,2.68,7.77,26,0,8.93,0,5,6,22,18,4,3,2,,68,48.57,1,0,2,210,30,33,1,27,2191,2,6,0,1,0,0,0,0,0,0,0,294,18,0,6.85,0,3,0,0,0,0,0,0,438.2,0.0,0,29,27,20,18,10,47.62,0,44,31,70.45,32,53,21,9,107,49.54,73,665,393,1058,219.1,56,1,1450,14,5,0,Thomas Van den Belt,FC Twente,945233,2955
28,1,25.0,128,33,40.74,318,359,677,80.12,31,46.27,36,32,1,0,0,0,111,0,1,7,2,54,32,0,0,11,28,122,0,1,0.58,2.02,42,0,25.0,0,4,5,46,40,6,3,1,,94,52.22,1,0,0,168,45,13,0,28,2415,2,14,0,0,0,0,0,0,0,0,0,220,3,0,6.85,0,3,0,0,0,0,0,0,603.75,0.0,0,12,4,3,6,6,46.15,0,71,44,61.97,13,54,13,4,125,50.61,81,418,427,845,219.1,16,1,1229,17,10,0,Philip Brittijn,Fortuna Sittard,1132766,2957
19,7,29.17,181,19,61.29,325,220,545,86.37,7,35.0,13,15,4,0,0,0,54,5,7,10,3,6,15,0,0,12,7,56,0,0,2.74,3.17,22,0,7.69,0,2,6,19,16,3,2,0,,43,50.0,0,0,0,86,16,23,1,14,1279,2,2,0,0,1,0,100,0,1,0,0,138,0,0,6.85,0,1,0,0,0,0,0,0,639.5,0.0,1,21,5,5,11,10,58.82,0,16,10,62.5,23,29,17,24,50,47.17,31,389,242,631,102.7,26,0,816,17,3,0,Kenneth Taylor,AFC Ajax,959806,2953
22,0,0.0,194,54,60.67,514,559,1073,90.17,49,49.0,51,25,3,0,0,0,88,4,3,1,4,100,25,0,0,6,7,97,2,0,2.7,0.89,32,0,14.29,5,1,4,28,23,5,1,0,,39,45.88,1,0,0,117,19,9,0,23,1870,0,7,0,0,0,1,0,0,0,0,0,144,2,0,6.84,1,0,0,0,0,0,0,0,1870.0,0.0,0,6,1,2,4,5,55.56,0,19,12,63.16,9,31,9,2,88,47.57,89,590,600,1190,171.1,7,1,1450,15,7,1,Philippe Sandler,NEC Nijmegen,842275,2962
10,2,11.76,129,12,36.36,230,117,347,72.9,42,42.86,56,32,5,0,0,0,88,7,3,8,3,14,32,0,0,39,11,161,0,0,3.5,3.11,32,0,21.43,0,6,11,54,45,9,6,0,,109,50.93,0,0,0,129,6,25,2,23,2035,8,0,0,0,0,0,0,0,0,0,0,283,18,0,6.84,0,4,0,0,0,0,0,0,339.17,0.0,0,21,7,11,9,21,45.65,0,26,12,46.15,25,23,46,17,151,48.4,33,328,148,476,218.9,28,1,862,63,3,0,Kai de Rooij,PEC Zwolle,927605,2971
32,18,27.27,224,34,55.74,412,194,606,79.53,7,28.0,18,28,1,0,0,0,105,3,3,14,0,13,28,0,1,36,20,112,0,1,3.55,3.53,18,0,11.63,0,5,6,36,34,2,4,1,,92,49.46,1,0,1,156,10,37,0,20,1827,3,1,0,0,0,0,0,0,0,0,0,301,12,0,6.84,1,4,0,0,0,0,0,0,365.4,0.0,0,23,20,14,15,32,61.54,0,35,22,62.86,37,61,52,66,99,46.92,61,530,232,762,191.5,43,1,1158,25,4,0,Mohamed Nassoh,NAC Breda,1088895,2947
12,1,16.67,98,39,70.91,255,380,635,88.81,22,52.38,20,21,0,0,0,0,70,0,2,3,1,47,21,0,0,8,8,59,0,3,0.47,1.53,15,0,9.09,0,1,1,26,25,1,1,0,,52,57.14,0,0,0,80,21,5,1,21,1564,0,11,0,0,0,0,0,0,0,0,0,130,5,0,6.84,0,0,0,0,0,0,0,0,1564.0,0.0,0,8,3,6,2,6,42.86,0,34,21,61.76,5,24,14,6,74,55.64,55,300,415,715,143.6,11,0,947,12,1,0,Lennard Hartjes,Excelsior,1126595,2967
29,10,18.87,242,63,45.0,470,518,988,81.65,26,55.32,21,32,1,0,0,0,160,3,0,8,1,114,32,0,0,41,37,140,0,3,2.89,0.82,20,0,4.0,0,1,2,52,47,5,0,1,,172,59.11,0,0,0,222,40,26,1,31,2746,1,12,0,0,0,1,0,0,0,0,1,419,7,0,6.84,0,0,0,0,0,0,0,0,2746.0,0.0,1,6,19,9,8,28,57.14,0,86,52,60.47,26,81,49,53,198,58.58,140,603,607,1210,218.8,25,2,2066,58,6,0,Yannick Leliendal,FC Volendam,996982,2968
3,0,0.0,64,4,25.0,122,54,176,76.52,19,61.29,12,17,0,0,0,0,22,0,0,1,0,28,16,0,0,0,5,32,0,1,1.51,0.74,13,0,20.0,0,1,1,4,3,1,1,0,,25,55.56,0,0,0,54,9,7,0,5,556,0,1,0,0,0,0,0,0,0,0,0,93,3,0,6.84,0,1,0,0,0,0,0,0,556.0,0.0,0,5,0,2,2,1,33.33,0,20,14,70.0,7,9,3,10,44,57.89,16,164,66,230,109.4,5,0,397,4,3,0,Bart Nieuwkoop,Feyenoord,797279,2959
31,0,0.0,140,84,48.28,504,1071,1575,89.24,62,53.45,54,30,0,0,0,0,143,0,2,5,4,132,30,0,0,5,11,97,0,3,0.55,2.17,23,0,5.56,93,1,1,45,37,8,1,0,,58,57.43,0,0,1,190,23,7,0,29,2573,1,27,0,0,0,1,0,0,0,0,0,219,5,0,6.84,0,1,0,0,0,0,0,0,2573.0,0.0,0,14,4,5,8,18,78.26,0,28,18,64.29,7,79,23,2,120,55.3,174,619,1146,1765,205.1,18,1,2130,12,4,0,Maas Willemsen,SC Heerenveen,1132765,2964
7,3,30.0,40,8,53.33,106,89,195,84.78,9,50.0,9,18,0,0,0,0,20,0,2,1,0,5,14,0,0,5,2,22,0,1,0.29,1.0,6,0,7.69,0,1,1,7,6,1,0,1,,24,64.86,0,0,0,35,5,4,1,4,443,1,1,0,0,0,0,0,0,0,0,0,59,2,0,6.84,0,0,0,0,0,0,0,0,443.0,0.0,0,6,7,6,6,1,100.0,0,12,6,50.0,4,12,1,10,33,60.0,15,131,99,230,95.7,13,0,322,11,0,0,Can Bozdoğan,FC Utrecht,934249,2948
12,4,16.67,163,16,69.57,272,139,411,81.55,10,31.25,22,27,3,0,0,0,78,7,9,12,0,16,27,0,0,32,19,139,0,0,2.62,4.31,28,0,4.35,0,2,5,24,19,5,2,0,,109,48.23,1,0,1,93,1,25,1,18,1448,2,1,0,1,0,0,0,0,0,0,3,255,14,0,6.83,0,0,0,0,0,0,0,0,724.0,0.0,1,28,18,18,16,31,43.66,0,42,29,69.05,24,20,71,24,119,46.12,23,344,160,504,184.5,46,0,905,36,0,0,Weslley Patati,AZ Alkmaar,1148468,2950
16,7,13.46,215,15,37.5,357,169,526,78.62,9,22.5,31,32,2,0,0,0,91,4,13,11,4,20,32,0,0,33,24,132,0,1,1.93,10.67,29,0,19.05,0,12,14,43,39,4,12,0,,64,38.79,2,0,2,143,10,19,3,32,2602,13,7,0,0,1,0,100,0,1,0,0,290,12,0,6.83,0,7,0,0,0,0,0,0,216.83,0.0,4,39,24,21,31,18,52.94,0,27,23,85.19,19,40,34,52,73,35.61,40,466,203,669,218.6,63,2,1068,19,4,0,Mathis Suray,Go Ahead Eagles,909960,2979
17,38,20.0,188,13,56.52,335,178,513,79.17,2,25.0,6,30,4,0,0,0,80,11,6,23,7,19,30,0,0,22,14,101,0,0,5.68,5.53,6,0,4.62,0,3,7,39,30,9,2,1,,62,39.49,0,0,1,135,7,40,0,30,2400,7,2,0,0,0,0,0,0,0,0,0,427,12,0,6.83,0,3,0,0,0,0,0,0,800.0,0.0,0,31,34,21,21,36,40.45,0,14,6,42.86,40,36,89,190,64,38.79,23,444,204,648,204.9,65,0,1207,12,1,0,Mitchell Van Bergen,Sparta Rotterdam,827662,2960
10,15,25.86,115,17,53.13,190,131,321,78.68,4,20.0,16,24,3,0,0,0,44,5,0,6,1,32,24,0,0,12,17,68,0,1,3.52,2.13,12,0,25.0,0,4,7,17,14,3,3,1,,23,30.67,0,0,0,87,11,37,4,16,1361,0,3,0,1,0,0,0,0,0,0,0,199,7,0,6.83,0,0,0,0,0,0,0,0,340.25,0.0,0,12,4,1,9,6,33.33,0,15,11,73.33,36,19,18,58,27,28.42,32,254,154,408,163.9,16,0,670,2,5,0,Robin van Cruijsen,FC Volendam,2216656,2968
15,0,0.0,191,9,90.0,273,100,373,74.01,76,60.32,50,27,4,0,0,0,32,7,8,10,5,23,26,0,0,19,4,105,0,1,3.11,6.29,29,0,15.69,0,8,12,25,21,4,8,0,,47,46.08,2,0,2,131,3,47,1,20,1790,17,3,0,0,0,0,0,0,0,0,0,217,9,0,6.83,0,5,0,0,0,0,0,0,223.75,0.0,0,46,5,24,17,6,37.5,0,11,5,45.45,47,21,16,4,123,53.95,10,378,126,504,177.5,51,2,764,31,6,0,Wout Weghorst,AFC Ajax,252215,2953
25,27,35.53,200,32,45.07,357,243,600,79.05,18,37.5,30,30,5,0,0,0,72,5,3,9,2,39,30,0,1,16,24,97,0,2,4.8,2.4,19,0,3.33,0,1,6,31,29,2,1,0,,70,51.09,0,0,0,159,8,40,1,25,1940,3,4,0,1,0,0,0,0,0,0,0,262,11,0,6.83,1,0,0,0,0,0,0,0,1940.0,0.0,0,20,10,16,5,7,43.75,0,46,30,65.22,39,52,16,76,88,47.57,71,479,280,759,204.8,30,1,1129,17,2,0,Lewis Holtby,NAC Breda,1135884,2947
27,2,100.0,78,57,50.89,342,860,1202,89.63,68,57.14,51,31,1,0,0,0,73,0,1,2,3,168,30,0,0,3,9,94,0,1,0.31,0.82,33,0,0.0,58,0,1,47,41,6,0,0,,46,51.69,0,0,0,139,40,7,0,30,2676,0,53,1,0,0,1,0,0,0,0,0,169,0,0,6.83,0,0,0,0,0,0,0,0,0.0,0.0,0,10,2,7,3,5,83.33,0,28,18,64.29,7,47,6,2,114,54.81,112,429,912,1341,204.8,12,1,1764,13,7,0,Nick Verschuren,FC Volendam,1523582,2968
5,0,0.0,56,14,38.89,147,172,319,86.45,18,72.0,7,15,0,0,0,0,28,0,0,2,2,32,15,0,0,3,9,33,0,1,0.34,0.26,7,0,0.0,13,0,0,6,5,1,0,0,,21,44.68,0,0,0,50,10,4,0,8,759,0,5,0,0,0,0,0,0,0,0,0,73,1,0,6.83,0,0,0,0,0,0,0,0,0.0,0.0,0,0,6,4,0,0,0.0,0,17,11,64.71,4,24,9,1,39,54.17,36,189,180,369,102.4,6,0,493,4,2,0,Thijs Kraaijeveld,Feyenoord,1384486,2959
40,22,19.13,281,75,43.86,516,297,813,71.69,68,56.2,53,32,3,0,0,0,135,7,3,2,4,89,32,0,0,16,19,137,0,0,3.67,3.11,38,0,16.67,1,5,8,53,50,3,5,0,,97,53.59,1,0,0,321,23,37,4,32,2821,2,13,0,0,1,0,100,0,1,0,2,582,10,0,6.83,0,0,0,0,0,0,0,0,564.2,0.0,0,29,1,15,13,10,43.48,0,50,29,58.0,37,104,23,115,165,54.64,171,752,382,1134,218.4,30,1,2009,40,3,0,Boy Kemper,NAC Breda,858242,2947
23,19,41.3,109,46,58.23,223,228,451,78.57,14,48.28,15,23,0,0,0,0,51,2,1,3,5,51,22,0,0,3,13,55,0,0,2.53,1.74,19,0,0.0,0,0,0,24,22,2,0,0,,42,51.22,0,0,3,123,20,21,0,14,1302,0,12,0,0,0,0,0,0,0,0,0,172,3,0,6.82,0,0,0,0,0,0,0,0,0.0,0.0,4,5,12,9,5,0,0.0,0,25,15,60.0,21,52,5,46,56,50.45,79,314,260,574,150.1,17,0,829,17,5,0,Julian Baas,Sparta Rotterdam,1046143,2960
19,9,20.45,337,32,66.67,602,320,922,85.85,15,46.88,17,34,2,0,0,0,154,4,7,8,7,14,34,0,0,37,28,130,0,0,3.91,3.6,26,0,2.78,0,1,3,40,35,5,1,0,,114,50.22,0,0,0,152,11,36,1,32,2828,7,5,0,0,0,0,0,0,0,0,1,318,22,0,6.82,0,0,0,0,0,0,0,0,2828.0,0.0,0,19,17,10,18,26,50.0,0,48,33,68.75,36,35,52,44,129,49.81,48,708,366,1074,231.9,36,1,1560,40,3,0,Jorg Schreuders,FC Groningen,1424404,2951
47,52,28.57,263,49,47.57,443,354,797,80.1,7,29.17,17,27,6,0,0,0,103,17,2,10,2,15,27,0,0,16,16,105,3,1,6.92,2.8,25,0,2.78,0,1,7,60,52,8,1,0,,85,49.13,0,0,1,198,8,55,1,25,2222,1,7,0,0,0,0,0,0,0,0,0,432,10,0,6.82,0,0,0,0,0,0,0,0,2222.0,0.0,6,13,23,14,12,20,37.04,0,33,18,54.55,55,111,54,182,92,46.7,103,608,387,995,184.1,36,1,1499,32,5,0,Ajdin Hrustić,Heracles Almelo,788284,2977
16,26,27.66,255,27,49.09,396,148,544,74.01,17,41.46,24,34,2,0,0,0,71,12,7,18,2,23,34,0,0,9,15,90,0,1,4.66,5.43,14,0,5.45,0,3,5,28,24,4,3,0,,72,52.17,0,0,1,191,12,44,1,26,2063,1,0,0,0,0,0,0,0,0,0,0,339,8,0,6.82,0,2,0,0,0,0,0,0,687.67,0.0,1,31,24,13,24,16,36.36,0,46,24,52.17,44,41,44,94,89,49.72,55,544,191,735,231.8,55,0,1144,10,2,0,David van der Werff,FC Groningen,1878212,2951
16,15,22.06,142,43,38.39,239,220,459,69.86,18,48.65,19,34,3,0,0,0,118,6,6,10,2,78,34,0,0,23,26,140,0,3,2.57,2.95,35,0,5.13,0,2,5,40,36,4,2,0,,126,51.01,0,0,0,198,35,18,1,26,2306,4,12,0,0,0,1,0,0,0,0,0,416,14,0,6.82,0,1,0,0,0,0,0,0,1153.0,0.0,0,24,15,12,17,18,30.0,0,61,43,70.49,18,38,60,68,144,50.7,112,381,276,657,231.8,39,1,1445,48,5,0,Tyrese Noslin,SC Telstar,1469336,2972
70,15,24.59,279,100,44.64,505,566,1071,77.55,48,47.52,53,32,4,0,0,0,167,4,2,5,5,83,32,0,0,15,30,157,0,1,4.31,1.59,46,0,0.0,0,0,4,50,41,9,0,0,,136,56.67,0,0,1,310,22,25,0,32,2819,4,15,0,0,0,0,0,0,0,0,0,463,8,0,6.81,0,0,0,0,0,0,0,0,0.0,0.0,0,11,10,12,4,18,54.55,0,67,41,61.19,25,155,33,61,184,53.96,224,736,645,1381,218.0,21,3,2115,51,7,0,Oliver Braude,SC Heerenveen,1150061,2964
15,0,0.0,203,33,42.86,628,700,1328,91.02,65,62.5,39,26,1,0,0,0,104,0,2,6,6,123,26,0,0,4,2,78,1,2,1.67,1.3,30,0,0.0,12,0,1,35,26,9,0,0,,45,53.57,0,0,0,131,36,13,0,26,2210,0,15,0,0,0,0,0,0,0,0,0,156,5,0,6.81,1,0,0,0,0,0,0,0,0.0,0.0,0,12,3,8,1,2,28.57,0,26,15,57.69,13,36,7,1,110,58.51,77,721,738,1459,177.1,15,0,1775,17,5,1,Anel Ahmedhodžić,Feyenoord,825899,2959
27,3,12.0,201,36,47.37,450,651,1101,88.43,19,42.22,26,27,0,0,0,0,113,0,1,4,8,87,27,0,0,5,14,93,1,0,0.87,1.2,31,0,0.0,0,0,0,26,24,2,0,0,,113,62.78,0,0,1,144,39,8,0,24,2144,0,14,0,0,0,2,0,0,0,0,0,226,4,0,6.81,0,0,0,0,0,0,0,0,0.0,0.0,0,9,7,7,5,19,48.72,0,66,40,60.61,8,42,39,25,132,58.67,76,535,710,1245,183.9,16,0,1794,28,4,0,Lucas Rosa,AFC Ajax,970860,2953
4,1,25.0,65,8,72.73,99,38,137,69.9,16,36.36,28,14,1,0,0,0,27,2,2,4,1,4,14,0,0,18,3,68,1,0,0.93,2.74,10,0,16.0,0,4,5,14,13,1,3,1,,25,38.46,0,0,0,59,0,10,1,9,881,1,0,0,0,0,0,0,0,0,0,0,114,3,0,6.81,0,3,0,0,0,0,0,0,220.25,0.0,0,21,4,5,16,8,44.44,0,8,4,50.0,10,12,18,4,41,37.61,11,143,53,196,95.3,25,1,335,9,2,0,Anthony Descotte,FC Volendam,1008697,2968
36,0,0.0,120,62,46.27,392,780,1172,88.05,46,56.79,35,31,0,0,0,0,101,1,1,5,3,163,31,0,0,6,8,76,1,4,0.57,0.47,26,0,10.0,17,1,1,39,30,9,0,1,,55,57.29,0,0,0,159,26,9,0,27,2367,0,14,0,1,0,0,0,0,0,0,0,181,2,0,6.81,0,1,0,0,0,0,0,0,2367.0,0.0,0,5,5,2,3,3,60.0,0,41,31,75.61,8,71,5,0,101,57.06,134,488,843,1331,211.0,10,1,1695,11,5,0,Sam Kersten,SC Heerenveen,847072,2964
5,6,20.0,88,10,50.0,177,182,359,87.35,3,50.0,3,16,3,0,0,0,44,3,1,6,0,22,16,0,0,9,7,31,0,0,1.56,1.21,7,0,6.25,0,1,4,12,9,3,0,1,,46,62.16,0,0,0,52,12,11,0,11,940,0,1,0,0,0,0,0,0,0,0,0,146,2,0,6.81,0,1,0,0,0,0,0,0,940.0,0.0,0,11,5,7,3,13,72.22,0,19,9,47.37,11,11,18,30,49,61.25,20,210,201,411,108.9,16,1,703,14,2,0,Givairo Read,Feyenoord,1388535,2959
15,1,7.14,185,15,51.72,374,246,620,89.47,14,51.85,13,20,0,0,0,0,92,1,0,7,0,28,20,0,0,24,16,104,0,0,1.08,1.0,36,0,0.0,0,0,0,33,29,4,0,0,,105,53.57,0,0,0,73,31,15,0,17,1592,0,5,0,0,0,0,0,0,0,0,0,162,16,0,6.81,0,0,0,0,0,0,0,0,0.0,0.0,0,7,10,8,2,14,43.75,0,45,32,71.11,15,30,32,14,119,53.36,29,429,264,693,136.1,17,0,1039,47,4,0,Édouard Michut,Fortuna Sittard,1048011,2957
30,0,0.0,109,82,48.52,345,567,912,87.02,25,44.64,31,21,1,0,0,0,69,1,1,1,3,89,21,0,0,3,1,39,0,0,0.39,0.64,4,0,9.09,18,1,2,25,20,5,1,0,,19,70.37,0,0,0,136,13,5,0,18,1675,0,10,0,0,0,0,0,0,0,0,0,147,0,0,6.8,0,1,0,0,0,0,0,0,1675.0,0.0,0,7,4,5,5,0,0.0,0,16,14,87.5,5,69,0,1,44,53.01,169,433,615,1048,142.9,11,0,1230,3,0,0,Ruud Nijstad,FC Twente,1890313,2955
1,0,0.0,78,2,66.67,112,29,141,67.46,66,41.51,93,26,3,0,0,0,18,1,13,10,0,8,25,0,0,14,1,125,0,1,1.5,7.6,13,0,18.6,0,8,11,20,16,4,8,0,,33,50.77,4,0,2,68,4,17,0,17,1272,8,1,0,0,1,0,100,0,1,0,0,125,5,0,6.8,0,4,0,0,0,0,0,0,159.0,0.0,0,37,6,15,18,5,45.45,0,12,9,75.0,17,2,11,1,99,44.2,3,172,37,209,170.1,43,1,400,16,1,0,Koki Ogawa,NEC Nijmegen,831860,2962
32,15,19.74,190,69,48.94,394,445,839,74.71,71,65.74,37,33,0,0,0,0,132,1,1,2,3,85,33,0,0,8,19,102,1,1,2.38,0.86,30,0,15.38,0,2,2,41,37,4,1,1,,75,53.57,0,0,0,284,27,34,1,26,2356,0,10,0,0,0,0,0,0,0,0,0,496,3,0,6.8,0,1,0,0,0,0,0,0,1178.0,0.0,0,8,5,7,4,7,43.75,0,46,26,56.52,34,82,16,76,146,58.87,141,594,529,1123,224.5,13,0,1814,22,6,0,Ilias Bronkhorst,Excelsior,899644,2967
15,0,0.0,163,14,40.0,288,169,457,70.52,56,44.44,70,31,1,0,0,0,81,4,12,12,1,28,31,0,0,18,32,194,0,0,1.59,8.78,47,0,15.63,0,10,11,43,38,5,9,1,,98,44.14,3,0,1,191,21,30,2,29,2334,3,6,0,0,2,0,100,0,2,0,0,312,10,0,6.8,0,4,0,0,0,0,0,0,233.4,0.0,0,53,11,28,24,18,40.0,0,50,21,42.0,30,31,45,13,154,44.25,35,440,208,648,210.8,64,1,1085,30,3,0,Noah Naujoks,Excelsior,1048487,2967
4,0,0.0,88,9,42.86,185,115,300,87.72,1,50.0,1,17,0,0,0,0,37,2,0,5,0,8,17,0,0,5,9,35,0,1,1.62,0.89,11,0,7.69,0,1,1,9,7,2,1,0,,34,50.0,1,0,1,42,16,4,0,4,530,0,0,0,0,0,1,0,0,0,0,0,68,2,0,6.8,0,0,0,0,0,0,0,0,530.0,0.0,0,10,3,4,4,7,43.75,0,20,12,60.0,4,13,16,3,35,50.0,21,213,129,342,115.6,13,0,455,7,2,0,Kian Fitz-Jim,AFC Ajax,1001945,2953
29,7,31.82,119,44,53.66,251,174,425,76.3,8,61.54,5,15,3,0,0,0,58,4,0,3,0,18,15,0,1,11,19,63,0,1,1.34,0.56,13,0,0.0,0,0,3,18,16,2,0,0,,51,46.79,0,0,0,132,15,15,0,15,1144,0,2,0,0,0,0,0,0,0,0,0,198,7,0,6.8,1,0,0,0,0,0,0,0,0.0,0.0,0,2,14,10,3,14,48.28,0,25,15,60.0,15,66,29,22,59,48.36,82,349,208,557,102.0,16,0,778,12,0,0,Cedric Hatenboer,SC Telstar,1638564,2972
38,0,0.0,124,89,39.04,460,965,1425,84.17,76,57.58,56,32,2,0,0,0,116,2,3,1,6,241,32,0,0,3,9,103,1,5,1.26,1.77,35,0,0.0,83,0,2,56,49,7,0,0,,48,50.53,0,0,2,268,33,7,0,30,2681,1,39,1,1,0,0,0,0,0,0,0,291,2,0,6.8,0,0,0,0,0,0,0,0,0.0,0.0,0,9,0,7,1,5,83.33,0,27,17,62.96,6,103,6,1,124,54.63,228,650,1043,1693,217.6,9,2,2146,18,5,0,Simon Graves,PEC Zwolle,927155,2971
1,1,100.0,6,0,0.0,11,3,14,77.78,1,100.0,0,1,1,0,0,0,6,0,0,0,0,0,1,0,0,2,0,3,0,0,0.02,,0,0,0.0,0,0,1,1,1,0,0,0,,5,62.5,0,0,0,4,2,1,0,1,77,1,0,0,0,0,0,0,0,0,0,0,10,0,0,6.8,0,0,0,0,0,0,0,0,0.0,0.0,0,0,0,0,0,5,83.33,0,0,0,0.0,1,2,6,1,6,66.67,0,13,5,18,6.8,0,0,33,0,0,0,Ernest Poku,AZ Alkmaar,1119502,2950
0,0,0.0,2,0,0.0,11,32,43,87.76,0,0.0,0,1,0,0,0,0,2,0,0,0,0,2,1,0,0,0,0,0,0,0,0.0,,0,0,0.0,2,0,0,0,0,0,0,0,,1,100.0,0,0,0,6,2,0,0,1,45,0,0,0,0,0,0,0,0,0,0,0,6,0,0,6.8,0,0,0,0,0,0,0,0,0.0,0.0,0,0,0,0,0,0,0.0,0,1,0,0.0,0,1,0,0,1,100.0,3,15,34,49,6.8,0,0,56,0,0,0,Malcolm Jeng,Feyenoord,1484975,2959
0,0,0.0,0,0,0.0,0,4,4,100.0,0,0.0,0,1,0,0,0,0,0,0,0,0,0,2,1,0,0,0,1,1,0,0,0.0,,0,0,0.0,0,0,0,0,0,0,0,0,,1,50.0,0,0,0,0,0,0,0,0,8,0,0,0,0,0,0,0,0,0,0,0,0,0,0,6.8,0,0,0,0,0,0,0,0,0.0,0.0,0,0,0,0,0,1,100.0,0,0,0,0.0,0,0,1,0,1,50.0,0,0,4,4,6.8,0,0,8,0,0,0,Fabian Merién,PSV Eindhoven,1886210,2952
0,0,0.0,2,1,100.0,2,1,3,60.0,1,100.0,0,1,0,0,0,0,0,0,0,0,0,0,1,0,0,0,0,0,0,0,0.0,,0,0,0.0,0,0,0,0,0,0,0,0,,0,0.0,0,0,0,2,0,0,0,0,9,0,0,0,0,0,0,0,0,0,0,0,2,0,0,6.8,0,0,0,0,0,0,0,0,0.0,0.0,0,0,0,0,0,0,0.0,0,0,0,0.0,0,0,0,0,1,100.0,1,4,1,5,6.8,0,0,5,0,0,0,Jeppe Wijnreder,Heracles Almelo,2193018,2977
0,0,0.0,1,0,0.0,1,1,2,66.67,0,0.0,0,2,0,0,0,0,0,0,0,0,0,1,1,0,0,0,0,0,0,0,0.0,,0,0,0.0,0,0,0,0,0,0,0,0,,0,0.0,0,0,0,1,0,0,0,0,11,0,1,0,0,0,0,0,0,0,0,0,2,0,0,6.8,0,0,0,0,0,0,0,0,0.0,0.0,0,0,0,0,0,0,0.0,0,0,0,0.0,0,0,0,0,0,0.0,0,2,1,3,6.8,0,0,6,0,0,0,Yousri Sbai,NEC Nijmegen,2026504,2962
0,0,0.0,2,0,0.0,2,0,2,66.67,0,0.0,0,2,0,0,0,0,0,0,0,0,0,0,1,0,0,0,0,0,0,0,0.18,,0,0,0.0,0,0,0,0,0,0,0,0,,0,0.0,0,0,0,1,0,1,0,0,10,0,0,0,0,0,0,0,0,0,0,0,2,0,0,6.8,0,0,0,0,0,0,0,0,0.0,0.0,0,0,0,0,0,0,0.0,0,0,0,0.0,1,0,0,1,0,0.0,0,3,0,3,6.8,0,0,5,0,0,0,Sil Blokhuis,Heracles Almelo,2186070,2977
27,1,50.0,63,36,44.44,149,202,351,78.52,24,60.0,16,15,0,0,0,0,45,0,0,0,0,50,13,0,0,5,11,48,1,2,0.7,0.18,11,0,0.0,0,0,0,19,17,2,0,0,,42,56.76,0,0,0,96,6,8,0,9,901,0,7,1,0,0,1,0,0,0,0,0,118,3,0,6.8,0,0,0,0,0,0,0,0,0.0,0.0,0,1,5,4,2,2,28.57,0,29,19,65.52,8,54,7,2,66,57.89,81,217,230,447,88.4,6,0,617,11,2,0,Syb Van Ottele,Fortuna Sittard,961686,2957
1,0,0.0,7,1,100.0,11,6,17,89.47,0,0.0,0,1,0,0,0,0,1,0,0,0,0,0,1,0,0,0,1,3,0,0,0.02,0.01,2,0,0.0,0,0,0,0,0,0,0,0,,2,40.0,0,0,0,2,0,0,0,0,17,0,0,0,0,0,0,0,0,0,0,0,4,0,0,6.8,0,0,0,0,0,0,0,0,0.0,0.0,0,0,1,1,0,0,0.0,0,2,0,0.0,0,1,0,0,2,40.0,1,13,6,19,6.8,1,0,26,0,1,0,Rodney Kroeze,PEC Zwolle,1885304,2971
14,1,100.0,101,22,45.83,272,337,609,88.26,10,47.62,11,17,1,0,0,0,117,1,0,3,3,25,17,0,0,12,13,66,0,1,0.69,0.42,22,0,0.0,0,0,1,29,25,4,0,0,,66,54.55,0,0,0,81,26,10,0,17,1512,0,6,1,0,0,0,0,0,0,0,0,126,7,0,6.79,0,0,0,0,0,0,0,0,0.0,0.0,0,1,10,7,1,5,38.46,0,38,23,60.53,10,30,13,1,76,53.52,48,323,367,690,115.5,11,1,922,23,4,0,Ryan Fosso,Fortuna Sittard,1142147,2957
16,26,32.91,192,21,47.73,327,188,515,78.63,18,28.13,46,34,6,0,0,0,102,9,3,6,1,25,33,0,0,24,22,132,0,0,4.58,2.58,16,0,8.0,1,2,8,39,35,4,2,0,,87,50.29,1,0,2,140,10,45,1,28,2187,9,2,0,0,0,0,0,0,0,0,0,292,9,0,6.79,0,0,0,0,0,0,0,0,1093.5,0.0,0,18,7,8,11,16,39.02,0,38,18,47.37,45,30,41,79,105,44.3,44,430,225,655,224.1,25,1,1123,34,1,0,Dimitris Limnios,Fortuna Sittard,591044,2957
1,5,17.24,61,3,75.0,93,21,114,86.36,0,0.0,1,10,0,0,0,0,17,0,0,2,0,3,10,0,0,6,2,12,0,0,0.92,0.14,1,0,0.0,0,0,0,7,7,0,0,0,,23,67.65,0,0,0,18,3,4,0,1,283,0,0,0,0,0,0,0,0,0,0,0,56,3,0,6.79,0,0,0,0,0,0,0,0,0.0,0.0,0,3,2,3,0,10,83.33,0,1,0,0.0,4,1,12,29,23,65.71,4,106,26,132,67.9,5,0,216,12,1,0,Brahim Ghalidi,NAC Breda,1149130,2947
11,7,31.82,81,8,44.44,134,42,176,80.37,4,57.14,3,18,1,0,0,0,59,2,4,8,0,3,18,0,0,17,7,57,0,0,1.21,3.38,16,0,11.76,0,2,3,21,18,3,2,0,,46,46.0,0,0,1,43,3,13,0,9,838,2,1,0,0,0,0,0,0,0,0,0,111,12,0,6.79,0,2,0,0,0,0,0,0,419.0,0.0,0,12,5,4,5,15,50.0,0,21,11,52.38,13,21,30,22,50,46.73,18,170,49,219,122.2,17,0,394,10,3,0,Naci Ünüvar,Heracles Almelo,954317,2977
1,3,12.0,12,1,33.33,29,17,46,77.97,5,55.56,4,9,1,0,0,0,20,2,1,2,0,4,9,0,0,5,3,22,0,0,0.58,0.63,4,0,11.11,0,1,2,13,13,0,1,0,,17,48.57,0,0,0,13,1,4,0,0,228,0,0,0,0,0,0,0,0,0,0,0,55,2,0,6.79,0,0,0,0,0,0,0,0,228.0,0.0,0,7,2,6,1,7,53.85,0,4,3,75.0,4,2,13,25,22,50.0,3,36,23,59,61.1,9,0,150,6,1,0,Casper Terho,Sparta Rotterdam,1050672,2960
26,6,35.29,142,29,47.54,291,229,520,80.12,20,44.44,25,26,3,0,0,0,83,6,0,3,1,42,26,0,0,10,26,89,0,1,1.33,0.8,19,0,15.38,0,2,5,34,26,8,2,0,,54,45.76,0,0,0,129,10,11,0,18,1611,0,8,0,0,0,0,0,0,0,0,0,182,3,0,6.79,0,2,0,0,0,0,0,0,805.5,0.0,0,5,8,5,5,10,52.63,0,29,14,48.28,11,44,19,17,74,45.4,61,386,263,649,176.5,13,1,892,15,2,0,Pelle Clement,Sparta Rotterdam,795135,2960
27,3,18.75,214,21,63.64,341,204,545,72.67,54,33.54,107,34,6,0,0,0,79,7,12,9,5,23,34,0,0,36,12,205,0,1,3.8,11.1,31,0,18.03,0,11,17,64,54,10,11,0,,63,39.13,2,0,2,205,4,21,2,34,2887,18,9,0,0,0,0,0,0,0,0,0,394,22,0,6.79,0,7,0,0,0,0,0,0,262.45,0.0,1,44,17,24,28,10,32.26,0,24,14,58.33,21,46,31,16,117,36.34,33,497,253,750,230.8,61,3,1181,29,2,0,Koen Kostons,PEC Zwolle,847073,2971
7,0,0.0,123,15,60.0,222,171,393,82.22,7,22.58,24,24,1,0,0,0,71,3,1,3,2,12,24,0,0,27,11,109,1,0,1.54,3.86,30,0,29.41,0,5,6,34,30,4,5,0,,71,45.51,2,0,1,85,19,16,2,19,1657,2,3,0,0,0,0,0,0,0,0,0,196,8,0,6.79,0,1,0,0,0,0,0,0,331.4,0.0,0,14,3,6,8,15,45.45,0,24,16,66.67,16,18,33,10,78,41.71,25,281,197,478,162.9,17,1,781,32,4,0,Shola Shoretire,PEC Zwolle,966655,2971
6,3,17.65,55,5,41.67,80,45,125,76.69,3,33.33,6,13,0,0,0,0,27,0,1,6,0,8,13,0,0,14,5,36,0,1,0.42,1.77,3,0,21.05,0,4,4,14,14,0,3,1,,26,46.43,0,0,0,38,4,9,4,9,690,0,1,0,0,0,0,0,0,0,0,0,96,5,0,6.78,0,0,0,0,0,0,0,0,172.5,0.0,0,14,5,6,7,12,60.0,0,4,4,100.0,9,11,20,17,29,44.62,12,111,52,163,88.2,19,0,308,10,1,0,Søren Tengstedt,Go Ahead Eagles,987647,2979
1,5,20.83,33,0,0.0,50,19,69,73.4,3,18.75,13,13,2,0,0,0,16,2,1,3,0,3,13,0,0,9,1,34,0,0,0.81,1.44,7,0,16.67,0,2,4,6,5,1,2,0,,19,47.5,0,0,0,25,3,5,0,3,454,2,0,0,0,0,0,0,0,0,0,0,73,4,0,6.78,0,2,0,0,0,0,0,0,227.0,0.0,0,8,4,6,3,4,50.0,0,5,4,80.0,5,3,8,24,22,39.29,2,69,25,94,88.1,12,1,204,10,2,0,Makan Aïko,Fortuna Sittard,1136902,2957
10,10,34.48,131,14,66.67,231,81,312,82.54,15,46.88,17,27,1,0,0,0,46,3,4,5,0,21,26,0,0,20,1,72,0,0,2.82,2.74,7,0,8.0,0,2,3,11,9,2,2,0,,48,46.6,1,0,2,66,11,14,1,7,912,0,1,0,0,0,0,0,0,0,0,0,166,7,0,6.78,0,0,0,0,0,0,0,0,456.0,0.0,0,18,7,8,12,23,46.0,0,12,7,58.33,14,18,50,29,63,46.67,21,287,91,378,176.2,25,0,626,14,1,0,Marko Pjaca,FC Twente,190435,2955
35,12,22.64,195,31,44.93,337,290,627,74.91,20,41.67,28,34,3,0,0,0,108,7,10,9,2,74,34,0,0,19,47,142,0,1,4.36,7.33,34,0,11.54,1,6,9,55,45,10,5,1,,77,40.31,2,0,1,210,29,27,3,34,2652,4,5,0,0,0,0,0,0,0,0,0,360,19,0,6.78,0,1,0,0,0,0,0,0,442.0,0.0,3,32,20,18,25,9,37.5,0,45,31,68.89,27,77,24,53,97,40.59,69,483,354,837,230.4,52,1,1304,23,3,0,Thijs Oosting,PEC Zwolle,876233,2971
11,9,25.0,213,20,46.51,401,207,608,83.06,38,59.38,26,21,3,0,0,0,69,2,3,4,1,43,21,0,0,13,8,80,0,1,2.29,2.29,25,0,13.33,0,2,5,25,15,10,2,0,,40,42.55,1,0,1,124,7,20,0,13,1264,1,7,0,1,0,1,0,0,0,0,0,233,2,0,6.78,0,1,0,0,0,0,0,0,632.0,0.0,0,13,2,6,5,4,26.67,0,32,19,59.38,19,27,15,36,78,49.37,43,487,245,732,142.3,15,0,1098,4,2,0,Kiliann Sildillia,PSV Eindhoven,1014222,2952
3,0,0.0,11,16,57.14,59,136,195,91.55,8,72.73,3,9,0,0,0,0,14,0,0,0,0,21,8,0,0,1,2,7,0,1,0.1,0.1,1,0,0.0,1,0,0,6,6,0,0,0,,6,60.0,0,0,0,18,2,1,0,6,352,0,4,0,0,0,0,0,0,0,0,0,22,0,0,6.78,0,0,0,0,0,0,0,0,0.0,0.0,0,2,0,1,1,1,100.0,0,5,3,60.0,1,7,1,0,14,66.67,28,71,142,213,54.2,2,0,260,0,1,0,Mike Eerdhuijzen,FC Utrecht,947842,2948
19,4,40.0,184,21,47.73,324,193,517,81.16,10,41.67,14,22,1,0,0,0,102,5,1,6,2,8,21,0,0,31,10,97,0,1,1.48,1.82,16,0,8.33,0,2,3,26,22,4,1,1,,66,44.3,0,0,0,120,12,14,0,20,1587,2,5,0,0,0,0,0,0,0,0,0,230,19,0,6.77,0,2,0,0,0,0,0,0,793.5,0.0,1,10,14,8,10,22,45.83,0,26,16,61.54,14,33,48,10,76,43.93,44,415,222,637,142.2,24,0,926,18,2,0,Tyrone Owusu,SC Telstar,1084609,2972
29,0,0.0,86,61,54.95,245,403,648,85.49,35,55.56,28,24,0,0,0,0,62,2,2,3,1,70,24,0,0,2,15,65,1,0,0.87,1.12,20,0,8.33,0,1,1,21,20,1,1,0,,34,47.89,1,0,0,110,16,9,0,14,1365,1,8,0,0,0,1,0,0,0,0,0,126,5,0,6.77,0,0,0,0,0,0,0,0,1365.0,0.0,1,8,4,4,5,1,25.0,0,23,15,65.22,9,61,4,4,69,51.49,111,315,443,758,162.5,12,0,951,10,1,0,Lewis Schouten,Excelsior,1145987,2967
14,16,22.22,142,19,38.0,290,250,540,83.2,22,62.86,13,27,2,0,0,0,85,3,0,2,6,50,27,0,0,6,22,75,0,1,2.55,0.3,24,0,10.0,0,1,3,25,23,2,0,1,,59,48.76,0,0,0,109,17,15,1,16,1561,2,8,0,0,0,0,0,0,0,0,0,212,4,0,6.77,0,0,0,0,0,0,0,0,1561.0,0.0,0,4,6,4,4,10,50.0,0,36,19,52.78,15,35,20,72,81,51.92,50,366,283,649,182.8,10,1,1070,14,4,0,Aske Adelgaard,Go Ahead Eagles,1133233,2979
11,4,28.57,65,29,59.18,155,170,325,82.28,14,45.16,17,13,0,0,0,0,48,1,0,1,1,32,13,0,0,6,16,61,1,0,0.68,0.25,14,0,0.0,0,0,0,14,13,1,0,0,,47,51.65,0,0,0,70,10,7,0,12,940,0,6,0,0,0,0,0,0,0,0,0,112,1,0,6.77,0,0,0,0,0,0,0,0,0.0,0.0,0,2,4,3,2,7,46.67,0,31,22,70.97,7,24,15,14,61,50.0,49,197,198,395,88.0,6,0,670,9,5,0,Lushendry Edward Martes,Sparta Rotterdam,1960315,2960
10,0,0.0,122,10,38.46,214,136,350,80.83,20,50.0,20,22,0,0,0,0,34,1,1,5,2,22,20,0,0,4,7,47,0,0,1.24,1.95,16,0,30.0,0,3,3,20,17,3,2,1,,37,57.81,1,0,0,83,12,11,0,8,1048,0,0,0,0,0,0,0,0,0,0,0,107,4,0,6.77,0,2,0,0,0,0,0,0,349.33,0.0,0,6,4,1,4,3,75.0,0,19,13,68.42,11,22,4,2,57,54.81,26,277,156,433,135.3,10,0,570,15,2,0,Dirk Wanner Proper,NEC Nijmegen,961685,2962
6,1,6.67,258,12,63.16,379,171,550,73.73,74,37.0,126,34,4,0,0,0,112,8,17,28,8,20,34,0,0,66,30,316,0,0,3.07,17.17,51,0,8.82,0,9,13,42,37,5,8,1,,139,42.25,2,0,2,196,6,29,2,34,2977,21,1,0,0,0,0,0,0,0,0,1,432,37,0,6.76,0,5,0,0,0,0,0,0,330.78,0.0,0,88,14,37,37,28,36.84,0,43,26,60.47,29,16,76,15,213,40.26,19,540,206,746,229.8,102,1,1394,70,4,0,Thom van Bergen,FC Groningen,1413536,2951
3,0,0.0,57,3,75.0,110,38,148,76.29,34,53.13,30,16,0,0,0,0,25,0,6,10,0,6,16,0,0,20,2,78,0,0,0.51,3.8,11,0,11.9,0,5,5,16,16,0,2,3,,24,33.33,2,0,1,46,2,10,0,9,798,7,0,0,0,0,0,0,0,0,0,0,117,5,0,6.76,0,3,0,0,0,0,0,0,159.6,0.0,0,28,14,16,16,8,34.78,0,5,4,80.0,10,5,23,3,58,42.65,4,148,46,194,108.1,42,2,379,13,0,0,Moussa Soumano,NAC Breda,1461935,2947
5,2,40.0,24,6,60.0,44,18,62,69.66,3,30.0,7,11,1,0,0,0,11,1,1,3,0,4,9,0,0,1,2,20,0,0,0.46,1.14,5,0,0.0,0,0,1,2,2,0,0,0,,16,55.17,0,0,0,27,2,3,0,4,387,0,0,0,0,0,0,0,0,0,0,0,46,1,0,6.76,0,0,0,0,0,0,0,0,0.0,0.0,0,6,4,5,2,1,14.29,0,8,4,50.0,3,8,7,5,19,48.72,10,65,24,89,60.8,10,0,160,7,0,0,Tobias van den Elshout,Feyenoord,1939011,2959
1,18,24.32,106,4,40.0,170,82,252,77.54,8,25.0,24,33,1,0,0,0,52,4,3,4,0,16,33,0,0,28,5,89,0,0,2.44,1.87,6,0,22.22,0,4,5,34,31,3,4,0,,53,44.92,0,0,0,73,5,15,0,18,1538,4,0,0,0,0,0,0,0,0,0,0,222,6,0,6.75,0,4,0,0,0,0,0,0,384.5,0.0,0,12,6,4,10,14,34.15,0,21,12,57.14,15,7,41,74,61,40.67,10,223,102,325,222.9,18,1,630,18,1,0,Aurelio Oehlers,FC Volendam,1095406,2968
29,0,0.0,101,112,58.33,352,729,1081,84.19,44,57.89,32,33,3,0,0,0,117,2,2,4,4,111,33,0,0,3,14,75,2,0,0.77,1.0,25,0,0.0,1,0,3,40,34,6,0,0,,46,51.69,0,0,1,203,52,8,0,28,2513,0,24,0,0,0,1,0,0,0,0,0,246,4,0,6.75,0,0,0,0,0,0,0,0,0.0,0.0,0,10,2,3,5,2,50.0,0,29,21,72.41,8,76,4,4,90,54.55,192,502,782,1284,222.9,12,0,1652,15,4,0,Rick Meissen,Excelsior,1048906,2967
37,15,16.85,217,41,43.62,374,345,719,82.27,24,52.17,22,26,4,0,0,0,68,10,0,7,4,52,26,0,0,9,11,79,0,2,4.95,1.12,21,0,3.57,0,1,5,27,24,3,0,1,,44,43.56,0,0,1,155,20,28,0,19,1793,0,5,0,0,0,0,0,0,0,0,0,290,8,0,6.75,0,1,0,0,0,0,0,0,1793.0,0.0,4,11,17,12,9,12,41.38,0,27,19,70.37,28,72,29,89,68,46.26,94,496,378,874,175.6,28,1,1327,5,3,0,Anton Gaaei,AFC Ajax,1120315,2953
9,2,10.53,82,9,60.0,119,39,158,81.87,6,50.0,6,17,2,0,0,0,27,4,0,4,0,2,17,0,0,11,2,42,0,0,1.65,0.47,8,0,9.09,0,1,3,11,10,1,1,0,,21,36.84,0,0,1,35,1,10,0,4,541,3,0,0,0,0,0,0,0,0,0,0,100,5,0,6.75,0,1,0,0,0,0,0,0,541.0,0.0,0,7,4,3,4,3,16.67,0,5,3,60.0,10,11,18,19,27,39.13,15,148,45,193,114.8,11,0,328,13,1,0,Virgil Misidjan,NEC Nijmegen,148623,2962
56,9,23.68,310,76,50.67,588,502,1090,82.89,34,50.0,34,31,5,0,0,0,106,7,3,4,4,82,31,0,0,15,34,119,0,3,3.02,3.26,31,0,15.0,0,3,8,45,38,7,3,0,,91,51.7,0,0,0,225,28,30,1,29,2486,1,9,0,0,0,0,0,0,0,0,0,321,4,0,6.75,0,2,0,0,0,0,0,0,828.67,0.0,0,14,6,5,11,17,65.38,0,63,33,52.38,30,110,26,38,125,51.23,150,726,589,1315,209.3,20,0,1900,12,9,0,Mees De Wit,AZ Alkmaar,893559,2950
3,0,0.0,1,14,33.33,6,27,33,54.1,0,0.0,0,2,0,0,0,0,18,0,0,0,0,0,2,0,0,0,0,0,0,0,0.0,,0,0,0.0,15,0,0,4,3,1,0,0,-0.18,2,100.0,0,2,0,28,0,0,0,2,180,0,0,0,0,0,0,0,1,0,0,0,29,0,0,6.75,0,0,2,3,2,5,0,2,0.0,0.0,0,0,0,0,0,0,0.0,2,0,0,0.0,0,6,0,0,2,100.0,42,27,34,61,13.5,0,0,82,2,0,0,Jasper Schendelaar,PEC Zwolle,856636,2971
0,2,25.0,4,0,0.0,8,5,13,59.09,3,75.0,1,4,0,0,0,0,4,0,0,0,0,1,4,0,0,3,2,7,0,0,0.21,0.05,0,0,0.0,0,0,0,1,1,0,0,0,,5,45.45,0,0,0,9,0,3,0,0,70,0,1,0,0,0,0,0,0,0,0,0,23,0,0,6.75,0,0,0,0,0,0,0,0,0.0,0.0,0,1,0,1,0,3,75.0,0,2,1,50.0,3,1,4,8,8,53.33,2,12,10,22,27.0,1,0,51,0,0,0,Nigel Ogidi Nwankwo,SC Telstar,955148,2972
2,0,0.0,7,0,0.0,14,11,25,89.29,2,100.0,0,2,0,0,0,0,2,0,0,1,0,2,2,0,0,0,0,0,0,0,0.02,0.04,0,0,0.0,0,0,0,1,1,0,0,0,,3,100.0,0,0,0,3,0,0,0,0,39,0,0,0,0,0,0,0,0,0,0,0,6,0,0,6.75,0,0,0,0,0,0,0,0,0.0,0.0,0,0,1,0,0,1,100.0,0,1,1,100.0,0,2,1,0,5,100.0,1,14,14,28,13.5,1,0,38,1,0,0,Jaygo van Ommeren,FC Utrecht,1957736,2948
45,12,27.27,276,67,41.61,516,462,978,82.05,48,57.83,35,33,5,0,0,1,111,5,3,1,6,82,33,0,0,6,7,81,0,1,2.56,2.77,29,0,5.88,0,1,6,49,42,7,1,0,,115,71.43,0,0,0,214,17,26,0,32,2811,4,18,1,1,2,0,50,0,1,0,1,328,6,0,6.75,0,1,0,0,0,0,0,0,2811.0,0.0,0,16,1,6,10,10,58.82,0,46,33,71.74,25,93,17,44,163,66.8,161,680,512,1192,222.7,17,1,1866,61,5,0,Mats Deijl,Feyenoord,794013,2959
6,10,24.39,122,11,42.31,206,99,305,79.43,5,35.71,9,29,6,0,0,0,52,7,5,8,1,6,27,0,0,7,8,56,1,1,2.17,4.24,18,0,10.81,0,4,10,18,11,7,3,1,,39,45.35,0,0,1,79,1,20,1,5,953,3,0,0,0,0,0,0,0,0,0,0,173,6,0,6.75,0,3,0,0,0,0,0,0,238.25,0.0,0,22,15,16,13,9,37.5,0,20,12,60.0,20,13,24,41,44,44.0,26,269,115,384,182.2,37,0,605,10,4,0,Couhaib Driouech,PSV Eindhoven,1047395,2952
17,3,11.54,142,26,59.09,268,189,457,85.9,10,35.71,18,26,1,0,0,0,82,3,4,9,0,19,25,0,0,9,17,106,0,0,1.42,2.14,30,0,4.76,0,1,2,27,25,2,1,0,,107,54.87,0,0,0,75,14,17,0,18,1579,0,3,0,0,0,0,0,0,0,0,0,195,12,0,6.75,0,1,0,0,0,0,0,0,1579.0,0.0,0,17,4,5,7,25,43.86,0,58,38,65.52,17,36,57,26,117,52.47,44,331,201,532,168.7,21,0,913,24,2,0,Ayoni Santos,Sparta Rotterdam,1648751,2960
10,6,13.64,101,21,55.26,162,75,237,73.37,4,26.67,11,25,1,0,0,0,75,1,4,7,0,11,25,0,0,18,10,86,0,2,1.44,1.45,15,0,4.35,0,1,2,24,22,2,0,1,,94,55.62,0,0,0,86,7,10,0,10,1141,3,1,0,0,0,0,0,0,0,0,0,229,9,0,6.75,0,1,0,0,0,0,0,0,1141.0,0.0,1,10,13,9,7,33,50.0,0,24,10,41.67,10,31,66,44,98,53.26,38,227,96,323,168.7,23,0,671,37,4,0,Joel Ideho,FC Volendam,1049063,2968
48,3,33.33,162,50,52.08,343,308,651,84.55,12,48.0,13,29,2,0,0,0,90,1,1,3,0,43,28,0,0,4,6,41,0,1,1.0,0.57,16,0,12.5,0,1,3,22,19,3,1,0,,20,41.67,0,0,0,119,16,9,1,16,1494,0,8,0,0,0,1,0,0,0,0,0,150,7,0,6.75,0,0,0,0,0,0,0,0,1494.0,0.0,0,4,4,1,4,1,33.33,0,16,9,56.25,9,90,3,9,32,43.84,96,429,341,770,188.9,8,0,931,4,3,0,Evert Linthorst,Go Ahead Eagles,932555,2979
2,3,14.29,54,3,75.0,71,18,89,74.79,7,28.0,18,19,2,0,0,0,20,2,3,8,0,3,18,0,0,5,2,43,0,0,1.94,2.09,12,0,13.64,0,3,5,9,7,2,2,1,,21,45.65,0,0,0,30,1,6,0,1,500,6,0,0,0,0,0,0,0,0,0,1,86,11,0,6.74,0,3,0,0,0,0,0,0,166.67,0.0,0,14,8,6,8,5,38.46,0,8,4,50.0,6,2,13,21,28,39.44,4,98,21,119,121.4,22,0,244,8,0,0,Youssef El Kachati,NEC Nijmegen,958317,2962
2,0,0.0,103,4,40.0,172,56,228,59.38,119,63.98,67,29,3,0,0,0,44,3,11,10,0,21,29,0,1,26,10,138,0,0,1.14,7.56,32,0,10.42,0,5,8,46,42,4,5,0,,32,31.07,1,0,5,156,4,16,0,16,1644,6,2,0,0,2,0,100,0,2,0,0,255,8,0,6.74,1,4,0,0,0,0,0,0,328.8,0.0,0,39,9,26,12,5,55.56,0,10,8,80.0,16,9,9,4,151,52.25,10,305,79,384,195.5,48,0,636,17,1,0,Luka Kulenović,Heracles Almelo,998999,2977
27,11,32.35,159,38,45.78,341,280,621,78.21,12,37.5,20,28,1,0,0,0,60,4,1,8,4,44,28,0,0,14,30,99,0,4,2.18,2.12,18,0,10.0,0,3,4,29,25,4,1,2,,72,47.68,1,0,0,173,24,22,1,25,2051,1,3,0,0,0,0,0,0,0,0,0,260,10,0,6.74,0,1,0,0,0,0,0,0,683.67,0.0,0,13,17,13,9,16,47.06,0,50,21,42.0,22,53,34,34,84,45.9,83,467,327,794,188.7,30,1,1156,6,3,0,Tika de Jonge,FC Groningen,1121402,2951
20,49,25.52,184,26,43.33,319,198,517,71.71,27,43.55,35,34,7,0,0,0,97,15,10,9,5,28,34,0,0,19,25,146,0,1,7.43,4.7,33,0,7.32,0,3,10,50,43,7,3,0,,68,37.99,0,0,2,204,10,54,1,31,2662,9,2,0,1,0,0,0,0,0,0,0,476,12,0,6.74,0,2,0,0,0,0,0,0,887.33,0.0,4,26,15,16,16,23,39.66,0,22,12,54.55,53,49,58,192,95,39.42,60,475,246,721,229.1,41,0,1270,23,3,0,Gyan de Regt,Excelsior,1126966,2967
10,0,0.0,65,26,55.32,144,195,339,82.08,24,60.0,16,16,0,0,0,0,27,1,1,0,0,49,16,0,0,2,9,38,0,0,0.38,0.75,10,0,10.0,2,1,1,18,17,1,1,0,,26,54.17,1,0,0,74,7,3,0,6,755,0,11,0,0,0,0,0,0,0,0,0,89,1,0,6.74,0,0,0,0,0,0,0,0,755.0,0.0,0,8,2,7,3,2,66.67,0,18,9,50.0,3,24,3,1,50,56.82,47,206,207,413,107.8,10,1,558,6,2,0,Xavier Mbuyamba,FC Volendam,974020,2968
5,8,25.0,135,11,26.19,279,289,568,86.85,12,52.17,11,19,0,0,0,0,54,3,1,4,2,34,19,0,0,9,7,52,0,1,2.28,0.66,18,0,10.0,0,1,1,16,15,1,0,1,,53,56.38,0,0,0,86,16,16,1,15,1356,0,4,0,1,0,1,0,0,0,0,0,149,1,0,6.74,0,0,0,0,0,0,0,0,1356.0,0.0,0,7,3,1,5,5,38.46,0,23,17,73.91,15,17,13,32,65,55.56,42,336,318,654,128.0,10,0,971,25,3,0,Owen Wijndal,AFC Ajax,836673,2953
58,9,19.57,278,71,43.83,532,479,1011,79.36,35,47.95,38,33,1,0,0,0,187,1,5,4,5,101,33,0,0,8,19,124,1,1,2.99,3.0,39,0,14.29,5,3,4,38,33,5,2,1,,93,51.96,1,0,1,263,29,26,2,33,2828,11,7,0,0,1,0,100,0,1,0,0,481,8,0,6.74,0,0,0,0,0,0,0,0,942.67,0.0,0,16,5,11,6,12,34.29,0,39,25,64.1,26,129,35,46,128,50.79,162,732,542,1274,222.3,21,1,2020,42,5,0,Marvin Peersman,FC Groningen,76160,2951
14,1,25.0,151,8,66.67,235,83,318,72.27,51,51.52,48,25,7,0,0,0,25,10,12,9,2,11,25,0,0,10,4,91,0,0,2.98,9.93,18,0,10.91,0,6,13,19,16,3,6,0,,47,52.22,1,0,2,122,1,29,5,17,1556,3,1,0,0,2,0,100,0,2,0,2,211,9,0,6.74,0,0,0,0,0,0,0,0,259.33,0.0,0,48,7,21,25,11,42.31,0,15,7,46.67,29,24,26,4,98,51.85,12,339,101,440,168.4,55,2,697,22,0,0,Sam Lammers,FC Twente,804901,2955
9,26,29.21,127,7,70.0,218,100,318,77.75,9,39.13,14,27,2,0,0,0,64,6,1,7,0,18,27,0,0,25,16,122,1,0,2.99,1.97,15,0,10.34,0,3,5,25,23,2,1,2,,68,38.64,0,0,1,91,8,25,3,15,1399,0,1,0,0,0,1,0,0,0,0,0,270,12,0,6.73,0,0,0,0,0,0,0,0,466.33,0.0,2,11,18,11,11,20,27.03,0,26,15,57.69,25,18,74,89,77,38.69,10,285,124,409,181.8,29,1,799,22,0,0,Juho Talvitie,NAC Breda,1149147,2947
7,3,18.75,40,13,28.89,88,160,248,78.73,15,40.54,22,12,2,0,0,0,32,0,0,1,3,42,12,0,0,1,10,41,0,0,0.41,0.17,5,0,0.0,0,0,2,11,11,0,0,0,,37,66.07,0,0,0,67,8,6,0,12,877,0,4,0,0,0,0,0,0,0,0,0,98,1,0,6.73,1,0,0,0,0,0,0,0,0.0,0.0,0,2,0,0,1,1,25.0,0,32,17,53.13,6,18,4,16,52,55.91,45,130,185,315,80.8,2,0,554,5,0,1,Alfons Sampsted,Go Ahead Eagles,842536,2979
0,0,0.0,1,1,100.0,2,3,5,71.43,1,50.0,1,3,0,0,0,0,0,0,0,1,0,0,3,0,0,1,0,2,0,0,0.0,0.04,0,0,0.0,0,0,0,1,1,0,0,0,,1,50.0,0,0,0,2,0,0,0,0,28,0,0,0,0,0,0,0,0,0,0,1,4,0,0,6.73,0,0,0,0,0,0,0,0,0.0,0.0,0,1,0,0,0,0,0.0,0,0,0,0.0,0,0,0,0,2,50.0,1,3,4,7,20.2,1,0,11,1,0,0,Nils Eggens,De Graafschap,1625485,2949
11,11,23.91,197,22,62.86,307,108,415,79.35,13,25.49,38,32,4,0,0,0,79,4,2,10,0,13,32,0,0,65,13,163,0,1,3.29,4.94,16,0,12.5,0,5,9,32,28,4,5,0,,86,40.76,0,0,2,108,3,36,4,23,2024,8,5,0,0,2,0,100,0,2,0,0,316,10,0,6.73,0,1,0,0,0,0,0,0,404.8,0.0,8,19,21,16,14,23,41.07,0,18,11,61.11,36,29,56,46,99,37.79,35,394,129,523,215.4,40,1,975,45,4,0,Brandley Kuwas,FC Volendam,252885,2968
9,1,50.0,54,5,83.33,103,80,183,91.96,1,25.0,3,10,0,0,0,0,30,1,0,1,0,3,10,0,0,4,6,29,0,0,1.06,0.1,9,0,50.0,0,1,1,5,4,1,0,1,,22,45.83,0,0,0,16,3,6,0,4,384,0,1,0,0,0,0,0,0,0,0,0,36,2,0,6.73,0,1,0,0,0,0,0,0,384.0,0.0,0,0,2,0,1,4,33.33,0,14,6,42.86,6,13,12,2,23,44.23,6,113,86,199,67.3,2,0,265,4,2,0,Noah Fernandez,PSV Eindhoven,1886213,2952
26,2,8.0,108,28,51.85,227,262,489,84.6,1,12.5,7,21,3,0,0,0,102,3,4,5,1,8,21,0,1,16,18,72,0,0,2.15,2.49,16,1,10.0,0,2,5,29,26,3,1,1,,86,56.95,0,0,0,89,12,14,1,17,1276,4,3,0,0,0,0,0,0,0,0,0,172,2,0,6.73,1,1,0,0,0,0,0,0,638.0,20.0,5,8,12,12,3,3,15.79,0,43,28,65.12,14,48,19,25,87,54.72,54,289,289,578,141.3,20,1,838,40,0,0,Jamiro Monteiro,PEC Zwolle,815080,2971
8,7,23.33,127,17,44.74,257,210,467,85.53,13,32.5,27,24,1,0,0,0,60,4,1,3,1,35,23,0,0,7,9,70,0,3,2.87,0.72,21,0,0.0,0,0,1,20,18,2,0,0,,82,65.6,0,0,0,79,10,9,0,13,1171,1,4,0,0,0,1,0,0,0,0,1,169,3,0,6.73,0,0,0,0,0,0,0,0,0.0,0.0,0,3,3,2,1,11,55.0,0,41,25,60.98,9,14,20,30,95,57.58,38,314,232,546,154.7,6,0,907,30,1,0,Brayann Pereira,NEC Nijmegen,1012639,2962
1,0,0.0,48,1,100.0,82,50,132,62.86,43,46.74,49,16,1,0,0,0,23,1,3,12,0,16,16,0,0,17,5,105,0,0,1.22,7.25,25,0,15.0,0,6,7,15,11,4,6,0,,23,29.11,0,0,1,78,3,8,5,10,864,3,3,0,0,1,0,100,0,1,0,0,157,2,0,6.73,0,1,0,0,0,0,0,0,144.0,0.0,0,35,5,12,16,9,45.0,0,6,5,83.33,8,4,20,2,66,38.6,1,141,69,210,107.6,40,0,421,8,2,0,Lasse Selvåg Nordås,SC Heerenveen,1028070,2964
41,0,0.0,95,72,47.37,318,754,1072,86.31,69,57.02,52,32,1,0,0,0,95,1,0,2,3,167,32,0,1,3,10,96,1,0,0.55,1.01,34,0,8.33,8,1,2,46,41,5,1,0,,39,46.99,1,0,0,170,36,8,0,32,2759,1,39,0,0,0,0,0,0,0,0,0,189,1,0,6.73,1,0,0,0,0,0,0,0,2759.0,0.0,0,11,1,8,2,2,100.0,0,26,12,46.15,8,80,2,3,108,52.94,152,425,817,1242,215.2,12,0,1615,11,3,0,Mawouna Amevor,FC Volendam,106154,2968
8,3,20.0,152,18,54.55,283,269,552,89.03,15,57.69,11,17,0,0,0,0,69,0,1,4,3,20,17,0,1,12,6,48,0,2,0.97,0.59,14,0,0.0,0,0,0,14,12,2,0,0,,54,59.34,0,0,0,68,10,10,0,12,1092,0,3,0,0,0,0,0,0,0,0,1,125,4,0,6.72,1,0,0,0,0,0,0,0,0.0,0.0,0,3,5,2,2,11,64.71,0,28,22,78.57,10,17,17,15,69,58.97,33,329,291,620,114.3,8,0,888,16,3,0,Anass Salah-Eddine,PSV Eindhoven,961684,2952
12,1,12.5,111,23,51.11,208,207,415,82.34,12,42.86,16,25,1,0,0,0,75,0,2,2,1,26,25,0,0,17,19,88,1,2,0.68,2.76,26,0,16.67,0,2,3,32,29,3,2,0,,97,57.4,0,0,0,89,30,7,1,21,1751,0,8,0,0,0,0,0,0,0,0,0,147,5,0,6.72,0,1,0,0,0,0,0,0,875.5,0.0,0,9,3,5,5,14,58.33,0,60,34,56.67,7,19,24,8,109,55.33,45,264,240,504,168.0,12,0,819,24,5,0,Nordin Bukala,FC Volendam,1511723,2968
1,6,24.0,50,2,40.0,58,19,77,76.24,2,66.67,1,11,1,0,0,0,22,3,1,4,0,4,10,0,1,10,11,34,0,0,1.0,1.51,5,0,14.29,0,2,3,5,5,0,2,0,,19,36.54,0,0,0,24,1,10,1,4,459,4,1,0,0,0,0,0,0,0,0,0,84,6,0,6.72,1,1,0,0,0,0,0,0,229.5,0.0,0,11,3,6,4,5,41.67,0,9,6,66.67,10,5,12,25,21,38.18,5,78,23,101,67.2,14,0,216,5,0,0,Gonçalo Borges,Feyenoord,979221,2959
4,2,22.22,25,6,75.0,51,44,95,83.33,0,0.0,4,11,0,0,0,0,25,0,0,1,0,5,11,0,0,9,5,33,0,0,0.29,0.32,2,0,33.33,0,2,2,18,16,2,1,1,,24,45.28,0,0,1,19,0,1,1,5,515,0,0,0,0,0,0,0,0,0,0,0,71,2,0,6.72,0,1,0,0,0,0,0,0,257.5,0.0,0,3,3,1,4,8,38.1,0,13,8,61.54,1,9,21,9,24,42.11,8,68,46,114,73.9,6,0,233,3,0,0,Yvandro Borges Sanches,Heracles Almelo,1123613,2977
10,11,25.0,126,13,61.9,207,110,317,75.48,23,35.38,42,24,4,1,0,0,73,5,7,11,1,7,24,0,0,36,14,143,0,0,2.17,4.47,21,0,4.65,0,2,6,32,31,1,2,0,,86,45.99,0,0,1,103,12,23,0,17,1505,4,1,0,0,1,0,0,0,0,0,0,257,7,0,6.72,0,2,0,0,0,0,0,0,752.5,0.0,0,21,22,19,13,33,51.56,0,14,5,35.71,23,14,64,44,109,43.25,21,288,132,420,161.2,43,2,799,39,4,0,Charles-Andreas Brym,NAC Breda,990814,2947
7,14,24.56,81,11,45.83,131,76,207,73.67,23,58.97,16,18,1,0,0,0,32,3,2,4,1,17,18,0,0,5,8,45,0,0,1.6,2.02,12,0,5.88,0,1,2,24,24,0,1,0,,23,44.23,0,0,0,74,3,23,1,11,1001,2,3,0,0,0,0,0,0,0,0,1,149,3,0,6.72,0,0,0,0,0,0,0,0,1001.0,0.0,3,8,9,6,7,3,42.86,0,11,9,81.82,23,25,7,57,46,50.55,24,194,87,281,120.9,17,0,469,9,3,0,Vito van Crooij,Sparta Rotterdam,385708,2960
10,0,0.0,33,41,38.32,177,668,845,85.96,92,68.66,42,32,0,0,0,0,60,0,2,1,3,240,32,0,0,4,5,80,0,1,0.62,1.28,32,0,7.69,16,1,1,53,47,6,1,0,,48,55.81,0,0,0,138,28,4,0,28,2506,1,28,0,0,0,0,0,0,0,0,0,156,0,0,6.72,0,1,0,0,0,0,0,0,2506.0,0.0,0,13,0,9,3,1,100.0,0,36,22,61.11,4,33,1,0,140,63.64,107,273,710,983,214.9,13,1,1409,12,4,0,Iván Márquez,Fortuna Sittard,862479,2957
8,5,18.52,34,6,46.15,45,16,61,64.89,3,75.0,1,16,0,0,0,0,8,1,1,3,0,2,15,0,0,3,6,16,0,0,1.27,0.81,4,1,11.11,0,1,1,4,3,1,0,1,,3,16.67,0,0,0,33,0,9,0,0,204,1,0,0,0,0,0,0,0,0,0,0,64,1,0,6.71,0,1,0,0,0,0,0,0,204.0,50.0,2,5,4,2,4,0,0.0,0,2,0,0.0,9,12,2,27,6,27.27,13,73,21,94,100.7,9,0,154,1,0,0,Mats Seuntjens,FC Groningen,163541,2951
2,0,0.0,45,1,20.0,64,22,86,74.78,2,40.0,3,9,0,0,0,0,23,0,0,5,0,1,8,0,0,5,7,29,0,0,0.3,1.37,5,0,7.69,0,1,1,15,8,7,1,0,,27,50.94,0,0,0,29,2,6,0,7,511,2,0,0,0,0,0,0,0,0,0,0,69,5,0,6.71,0,1,0,0,0,0,0,0,511.0,0.0,0,6,7,5,3,7,43.75,0,12,4,33.33,6,6,16,1,29,50.0,5,88,27,115,53.7,13,0,215,8,0,0,Sayfallah Ltaief,Sparta Rotterdam,1032926,2960
12,16,14.68,146,6,25.0,228,90,318,72.27,20,57.14,15,34,2,0,0,0,64,2,5,19,0,21,34,0,0,17,15,110,0,0,2.18,4.17,16,0,6.12,0,3,5,35,32,3,2,1,,73,43.45,0,0,1,122,6,25,1,20,1695,3,5,0,0,0,0,0,0,0,0,0,329,5,0,6.71,0,2,0,0,0,0,0,0,565.0,0.0,0,37,12,15,15,23,32.86,0,18,4,22.22,25,23,70,109,93,45.81,24,317,123,440,228.2,49,1,901,32,2,0,Kristoffer Peterson,Fortuna Sittard,366942,2957
36,3,42.86,121,61,49.19,375,591,966,85.34,65,63.11,38,26,1,0,0,0,117,1,1,1,3,134,26,0,1,7,9,89,0,3,0.81,1.97,28,0,0.0,32,0,1,35,34,1,0,0,,76,59.84,0,0,0,166,26,6,0,24,2005,0,16,0,0,0,1,0,0,0,0,0,211,3,0,6.71,1,0,0,0,0,0,0,0,0.0,0.0,0,18,1,12,6,7,46.67,0,51,33,64.71,6,77,15,7,141,61.3,124,478,654,1132,174.5,19,2,1532,18,9,0,Rio Hillen,NAC Breda,1012927,2947
12,11,12.79,241,17,43.59,353,120,473,76.05,4,11.43,31,30,4,0,0,0,84,7,5,22,1,13,30,0,0,31,21,165,0,0,3.92,5.78,26,0,5.63,0,4,8,37,29,8,2,2,,99,42.49,0,0,2,149,11,32,0,24,2059,4,2,0,1,1,0,100,0,1,0,0,394,15,0,6.71,0,4,0,0,0,0,0,0,514.75,0.0,1,34,37,21,28,47,44.76,0,34,11,32.35,31,37,105,86,103,38.43,39,477,145,622,201.3,71,1,1159,18,5,0,Maxence Rivera,SC Heerenveen,1014408,2964
10,5,17.86,80,11,73.33,140,71,211,79.32,6,27.27,16,21,2,0,0,0,21,2,1,10,1,3,21,0,0,16,9,64,0,0,2.25,1.42,10,0,8.7,0,2,4,13,13,0,2,0,,41,46.07,0,0,0,55,2,15,1,7,724,0,0,0,0,0,0,0,0,0,0,0,128,5,0,6.71,0,1,0,0,0,0,0,0,362.0,0.0,2,8,15,7,6,12,48.0,0,8,6,75.0,15,15,25,28,47,42.34,15,184,82,266,140.9,23,0,436,21,2,0,Raul Paula,NAC Breda,1083398,2947
2,0,0.0,23,3,50.0,51,30,81,60.0,34,45.95,40,14,0,0,0,0,13,0,5,7,0,18,13,0,0,5,2,57,0,0,0.16,3.08,2,0,12.5,0,3,3,13,13,0,3,0,,17,50.0,2,0,0,54,2,5,1,8,637,4,2,0,0,0,0,0,0,0,0,0,91,4,0,6.71,0,0,0,0,0,0,0,0,212.33,0.0,0,22,2,5,12,3,25.0,0,3,3,100.0,5,8,12,1,51,47.22,6,91,44,135,87.2,24,0,266,11,0,0,Stefán Ingi Sigurðarson,Go Ahead Eagles,907517,2979
3,0,0.0,72,4,100.0,125,86,211,71.77,67,62.04,41,21,3,0,0,0,33,2,3,3,0,5,19,0,0,15,6,82,0,0,1.03,2.45,15,0,4.35,0,1,4,13,9,4,1,0,,31,43.06,1,0,1,83,6,17,0,10,956,4,1,0,0,0,0,0,0,0,0,0,141,4,0,6.71,0,0,0,0,0,0,0,0,956.0,0.0,0,22,1,10,10,3,33.33,0,8,4,50.0,17,6,9,0,98,54.44,4,193,101,294,127.4,23,0,458,22,1,0,Sébastien Haller,FC Utrecht,149731,2948
6,0,0.0,59,18,42.86,143,219,362,79.56,26,66.67,13,25,1,0,0,0,71,0,0,4,2,43,22,0,0,6,14,54,0,0,0.26,0.29,22,0,0.0,0,0,1,26,20,6,0,0,,47,53.41,0,0,0,93,9,7,0,12,1244,1,9,0,0,0,1,0,0,0,0,0,115,2,0,6.7,0,0,0,0,0,0,0,0,0.0,0.0,0,5,3,3,1,2,100.0,0,36,21,58.33,7,16,2,2,73,57.48,42,203,252,455,147.5,8,0,640,9,4,0,Adam Carlén,Excelsior,991039,2967
28,3,50.0,87,59,41.55,313,684,997,85.95,56,59.57,38,24,0,0,0,0,89,0,2,4,2,154,24,0,0,1,11,71,1,0,0.53,2.7,19,0,11.76,55,2,2,55,48,7,2,0,,43,56.58,0,0,0,163,28,7,0,24,2156,0,24,0,0,0,1,0,0,0,0,0,185,2,0,6.7,0,2,0,0,0,0,0,0,1078.0,0.0,0,17,0,9,4,5,55.56,0,24,17,70.83,7,47,9,6,99,58.24,142,421,739,1160,160.9,17,1,1504,14,5,0,Alec Van Hoorenbeeck,Heracles Almelo,974203,2977
36,8,19.05,204,56,49.12,416,497,913,83.99,8,44.44,10,30,2,0,1,0,164,4,3,11,3,45,30,0,0,19,11,91,0,1,1.67,3.78,32,0,15.38,0,4,6,44,39,5,4,0,,102,55.74,0,0,3,174,31,17,2,27,2386,2,10,0,0,2,0,50,0,1,0,0,323,8,0,6.7,1,2,0,0,0,0,0,0,596.5,0.0,1,18,8,6,9,32,60.38,0,53,33,62.26,17,73,53,42,110,54.73,114,505,582,1087,201.1,26,0,1718,17,5,1,Arthur Zagre,Excelsior,910053,2967
10,0,0.0,112,11,73.33,187,92,279,70.45,47,41.59,66,31,0,0,0,0,51,2,6,13,1,24,31,0,0,7,17,138,0,0,1.3,9.42,41,0,18.6,0,8,8,26,22,4,8,0,,58,44.62,0,0,2,117,10,22,0,18,1740,5,3,0,0,6,0,100,0,6,0,2,184,11,0,6.7,0,8,0,0,0,0,0,0,217.5,0.0,0,36,7,10,20,8,44.44,0,23,17,73.91,22,19,18,9,105,43.21,15,282,114,396,207.7,43,1,662,28,4,0,Ricky van Wolfswinkel,FC Twente,35193,2955
13,8,27.59,144,20,43.48,257,202,459,80.95,11,33.33,22,23,0,0,0,0,68,2,2,6,2,32,23,0,0,10,10,70,0,1,1.9,1.58,16,0,13.33,0,2,2,36,29,7,1,1,,61,55.96,1,0,0,108,18,17,1,15,1531,3,7,0,0,0,0,0,0,0,0,0,180,6,0,6.7,0,0,0,0,0,0,0,0,765.5,0.0,0,8,7,3,6,9,42.86,0,41,17,41.46,17,36,21,29,72,50.7,46,338,229,567,154.1,15,0,840,12,2,0,Zico Buurmeester,PEC Zwolle,1050828,2971
4,1,20.0,55,6,60.0,92,55,147,78.19,1,12.5,7,18,1,0,0,0,35,2,1,4,0,9,18,0,0,11,7,36,0,1,1.01,1.3,7,0,11.11,0,1,2,8,5,3,1,0,,14,32.56,0,0,1,41,5,12,1,6,557,1,3,0,0,0,0,0,0,0,0,0,74,4,0,6.7,0,0,0,0,0,0,0,0,557.0,0.0,0,4,5,2,3,2,33.33,0,8,6,75.0,12,7,6,5,15,29.41,10,123,65,188,120.6,9,0,277,4,1,0,Matěj Šín,AZ Alkmaar,1170900,2950
2,5,12.5,83,4,80.0,110,33,143,81.25,1,33.33,2,14,1,0,0,0,21,4,1,1,0,1,13,0,0,0,7,27,1,1,2.25,0.96,3,0,0.0,0,0,1,9,7,2,0,0,,13,34.21,0,0,0,33,4,16,0,7,569,3,0,0,0,0,0,0,0,0,0,0,105,3,0,6.7,0,0,0,0,0,0,0,0,0.0,0.0,0,7,2,3,5,5,25.0,0,6,2,33.33,16,3,20,40,14,34.15,5,134,42,176,87.1,9,0,293,2,1,0,Raúl Moro,AFC Ajax,980383,2953
28,19,33.93,119,48,48.48,250,394,644,81.21,23,54.76,19,27,1,0,0,0,89,4,0,6,3,65,24,0,0,3,21,60,1,1,2.12,0.68,11,0,0.0,0,0,1,29,26,3,0,0,,45,52.33,0,0,1,149,24,19,0,19,1729,0,5,0,0,0,0,0,0,0,0,0,221,2,0,6.7,0,0,0,0,0,0,0,0,0.0,0.0,0,9,4,5,2,5,45.45,0,36,15,41.67,19,67,11,56,68,53.13,99,345,448,793,160.8,13,0,1241,4,1,0,Siebe Horemans,FC Utrecht,794990,2948
0,1,50.0,10,0,0.0,15,6,21,77.78,0,0.0,1,4,1,0,0,0,7,0,0,0,0,1,4,0,0,3,1,9,0,0,0.3,0.04,1,0,0.0,0,0,1,3,2,1,0,0,,8,50.0,0,0,0,6,0,3,0,0,74,1,0,0,0,0,0,0,0,0,0,0,20,1,0,6.7,0,0,0,0,0,0,0,0,0.0,0.0,0,1,0,0,1,2,40.0,0,2,0,0.0,3,2,5,2,8,47.06,1,20,7,27,26.8,1,0,56,4,0,0,Wassim Bouziane,AZ Alkmaar,1562510,2950
0,1,100.0,7,0,0.0,12,9,21,91.3,0,0.0,0,4,1,0,0,0,1,1,0,0,0,3,4,0,0,0,1,3,0,0,0.49,0.03,2,0,0.0,0,0,1,2,2,0,0,0,,3,50.0,0,0,0,2,1,3,0,1,66,0,1,0,0,0,0,0,0,0,0,0,2,0,0,6.7,0,0,0,0,0,0,0,0,0.0,0.0,0,0,1,0,1,0,0.0,0,2,1,50.0,3,0,0,1,3,50.0,0,14,9,23,26.8,1,0,41,1,0,0,Eus Waayers,Go Ahead Eagles,1479476,2979
1,2,66.67,7,3,50.0,13,21,34,69.39,7,70.0,3,8,1,0,0,0,8,2,0,0,0,14,7,0,0,1,8,17,0,0,0.44,0.03,5,0,0.0,0,0,1,3,2,1,0,0,,9,39.13,0,0,0,15,4,3,0,1,171,0,0,0,0,0,0,0,0,0,0,0,21,0,0,6.7,0,0,0,0,0,0,0,0,0.0,0.0,0,1,0,1,0,1,100.0,0,6,5,83.33,3,5,1,3,16,48.48,6,24,25,49,46.9,1,0,112,2,1,0,Mats Egbring,SC Heerenveen,1514878,2964
2,0,0.0,6,2,66.67,10,2,12,85.71,0,0.0,1,1,0,0,0,0,1,1,0,0,0,0,1,0,0,1,0,2,0,0,0.31,,0,0,0.0,0,0,0,3,3,0,0,0,,1,50.0,0,0,0,2,0,2,0,0,32,0,0,0,0,0,0,0,0,0,0,0,5,1,0,6.7,0,0,0,0,0,0,0,0,0.0,0.0,0,0,0,0,0,0,0.0,0,0,0,0.0,2,3,0,0,1,33.33,3,12,2,14,6.7,0,0,19,1,0,0,Jeff Reine-Adélaïde,Heracles Almelo,794269,2977
2,0,0.0,2,2,50.0,2,16,18,90.0,0,0.0,0,1,0,0,0,0,8,0,0,0,1,1,1,0,0,0,0,0,0,0,0.0,,0,0,0.0,5,0,0,0,0,0,0,0,,0,0.0,0,0,0,2,0,0,0,1,90,0,0,0,0,0,0,0,0,0,0,0,2,0,0,6.7,0,0,1,0,0,0,0,0,0.0,0.0,0,0,0,0,0,0,0.0,1,0,0,0.0,0,2,0,0,0,0.0,4,4,16,20,6.7,0,0,25,0,0,0,Steven Benda,Feyenoord,860764,2959
0,0,0.0,0,0,0.0,0,1,1,100.0,0,0.0,0,1,0,0,0,0,0,0,0,0,0,0,1,0,0,0,0,0,0,0,0.0,,0,0,0.0,0,0,0,0,0,0,0,0,,0,0.0,0,0,0,0,0,1,0,0,8,0,0,0,0,0,0,0,0,0,0,0,0,0,0,6.7,0,0,0,0,0,0,0,0,0.0,0.0,0,0,0,0,0,0,0.0,0,0,0,0.0,1,0,0,0,0,0.0,0,0,1,1,6.7,0,0,2,0,0,0,Jop Tijink,Heracles Almelo,1862924,2977
0,0,0.0,2,0,0.0,2,1,3,75.0,1,100.0,0,1,0,0,0,0,1,0,0,0,0,1,1,0,0,0,0,1,0,0,0.01,,1,0,0.0,0,0,0,0,0,0,0,0,,0,0.0,0,0,0,1,0,0,0,0,8,0,0,0,0,0,0,0,0,0,0,0,2,0,0,6.7,0,0,0,0,0,0,0,0,0.0,0.0,0,0,0,0,0,0,0.0,0,0,0,0.0,0,0,0,0,1,50.0,0,3,1,4,6.7,0,0,6,0,0,0,Nigel Groenewald,FC Twente,2361970,2955
2,0,0.0,3,2,50.0,11,12,23,82.14,2,66.67,1,1,0,0,0,0,2,1,0,0,0,2,1,0,0,1,0,3,0,0,0.01,,1,0,0.0,0,0,0,2,2,0,0,0,,3,60.0,0,0,0,5,2,1,0,1,89,0,0,0,0,0,0,0,0,0,0,0,9,1,0,6.7,0,0,0,0,0,0,0,0,0.0,0.0,0,0,0,0,0,0,0.0,0,2,0,0.0,1,3,0,1,5,62.5,4,16,12,28,6.7,0,0,48,1,0,0,Daan Bisschops,Fortuna Sittard,1386780,2957
1,0,0.0,5,0,0.0,5,1,6,85.71,1,50.0,1,3,0,0,0,0,1,0,0,0,0,0,1,0,0,1,0,2,0,0,0.04,,0,0,0.0,0,0,0,0,0,0,0,0,,0,0.0,0,0,0,1,0,1,0,0,10,1,0,0,0,0,0,0,0,0,0,0,2,1,0,6.7,0,0,0,0,0,0,0,0,0.0,0.0,0,0,0,0,0,0,0.0,0,0,0,0.0,1,1,0,0,1,33.33,0,6,1,7,6.7,0,0,8,0,0,0,Nicolas Verkooijen,PSV Eindhoven,1465822,2952
14,1,20.0,85,36,44.44,295,483,778,86.54,38,56.72,29,25,0,0,0,0,56,0,3,1,4,102,24,0,0,3,6,54,0,0,0.29,1.32,16,0,0.0,2,0,0,22,18,4,0,0,,23,47.92,0,0,0,121,22,2,0,17,1750,0,16,0,0,0,0,0,0,0,0,0,138,2,0,6.7,0,0,0,0,0,0,0,0,0.0,0.0,0,6,3,7,1,2,100.0,0,19,13,68.42,2,38,2,5,61,53.04,81,363,536,899,160.8,9,0,1143,2,3,0,Nick Viergever,FC Utrecht,46900,2948
0,0,0.0,0,0,0.0,1,1,2,66.67,0,0.0,0,1,0,0,0,0,1,0,0,0,0,0,1,0,0,0,0,0,0,0,0.0,0.03,0,0,0.0,0,0,0,0,0,0,0,0,,1,100.0,0,0,0,1,1,0,0,0,10,0,0,0,0,0,0,0,0,0,0,0,2,0,0,6.7,0,0,0,0,0,0,0,0,0.0,0.0,0,0,1,0,1,0,0.0,0,1,1,100.0,0,0,0,0,1,100.0,1,2,1,3,6.7,1,0,8,0,0,0,Jordy Bawuah,PSV Eindhoven,1542618,2952
10,4,18.18,90,10,50.0,140,80,220,77.19,1,8.33,11,23,2,0,0,0,48,3,2,11,0,5,21,0,0,17,5,63,0,0,2.31,2.76,7,0,5.71,0,2,4,16,15,1,2,0,,31,37.35,0,0,2,65,2,13,0,10,977,2,0,0,0,0,0,0,0,0,0,0,147,9,0,6.7,0,2,0,0,0,0,0,0,488.5,0.0,0,21,14,11,13,14,37.84,0,5,3,60.0,13,21,37,22,32,33.68,20,188,97,285,140.6,35,1,476,12,2,0,Adrian Blake,FC Utrecht,1214695,2948
6,1,16.67,50,6,37.5,89,42,131,63.29,10,31.25,22,15,0,0,0,0,27,0,2,2,0,17,15,0,0,18,12,77,0,0,0.67,1.86,16,0,26.67,0,4,4,17,15,2,4,0,,39,41.49,2,0,0,76,11,10,1,12,905,4,2,0,0,0,0,0,0,0,0,0,125,5,0,6.69,0,1,0,0,0,0,0,0,226.25,0.0,0,10,5,8,5,4,30.77,0,21,15,71.43,10,19,13,6,49,38.89,16,146,61,207,100.4,15,0,401,14,1,0,Justin Lonwijk,Fortuna Sittard,875673,2957
18,14,22.58,162,20,66.67,269,181,450,86.21,9,50.0,9,28,2,0,0,0,68,3,1,9,0,19,28,0,0,10,4,49,0,0,2.54,1.32,13,0,5.26,0,1,3,26,21,5,0,1,,42,51.22,0,0,2,72,13,31,0,18,1578,2,3,0,0,0,0,0,0,0,0,0,170,6,0,6.69,0,1,0,0,0,0,0,0,1578.0,0.0,3,7,12,7,3,9,39.13,0,14,8,57.14,31,30,23,62,51,51.0,30,319,203,522,187.4,19,0,772,19,2,0,Ozan Kökçü,FC Volendam,1100399,2968
6,0,0.0,36,6,42.86,67,49,116,72.5,6,40.0,9,13,0,0,0,0,28,1,0,4,0,3,13,0,0,4,3,30,0,0,0.21,0.71,10,0,22.22,0,2,2,17,14,3,2,0,,25,54.35,0,0,0,44,7,2,1,3,473,0,1,0,0,0,0,0,0,0,0,0,66,6,0,6.69,0,1,0,0,0,0,0,0,236.5,0.0,0,7,2,1,4,1,20.0,0,21,9,42.86,2,9,5,1,31,50.82,14,104,56,160,87.0,9,0,243,3,3,0,Yassin Oukili,Fortuna Sittard,1010846,2957
16,0,0.0,60,21,46.67,174,273,447,87.82,20,48.78,21,11,1,0,0,0,40,0,0,1,1,30,11,0,1,1,5,32,0,0,0.24,0.45,6,0,0.0,3,0,1,16,15,1,0,0,,20,64.52,0,0,0,62,12,3,0,9,762,1,1,0,0,0,0,0,0,0,0,0,67,0,0,6.69,1,0,0,0,0,0,0,0,0.0,0.0,0,6,1,2,4,1,100.0,0,11,10,90.91,3,43,1,0,40,55.56,45,221,288,509,73.6,7,0,595,8,0,0,Fredrik Jensen,NAC Breda,226762,2947
6,0,0.0,40,21,58.33,107,210,317,88.55,16,61.54,10,18,0,0,0,0,24,0,0,1,0,33,17,0,0,3,8,27,0,1,0.1,0.81,5,0,50.0,1,1,1,10,6,4,1,0,,14,45.16,0,0,0,41,7,2,0,5,563,0,0,0,0,0,0,0,0,0,0,0,52,0,0,6.69,0,1,0,0,0,0,0,0,563.0,0.0,0,2,0,0,1,0,0.0,0,10,4,40.0,2,18,1,1,30,52.63,36,136,222,358,113.7,2,0,444,4,1,0,Nikolai Soyset Hopland,SC Heerenveen,1121247,2964
0,0,0.0,14,1,25.0,23,18,41,67.21,5,71.43,2,7,0,0,0,0,5,1,0,0,0,4,7,0,0,1,3,12,0,0,0.23,,6,0,0.0,0,0,0,0,0,0,0,0,,9,47.37,0,0,0,20,2,3,0,1,155,0,0,0,0,0,0,0,0,0,0,0,23,0,0,6.69,0,0,0,0,0,0,0,0,0.0,0.0,0,0,0,0,0,1,100.0,0,5,3,60.0,3,3,1,0,14,53.85,4,38,23,61,46.8,0,0,95,3,0,0,Seiya Maikuma,AZ Alkmaar,1028330,2950
0,1,50.0,22,4,44.44,51,33,84,77.78,6,60.0,4,7,0,0,0,0,22,0,0,3,0,5,7,0,0,7,1,22,0,0,0.22,0.12,4,0,0.0,0,0,0,4,3,1,0,0,,17,48.57,0,0,0,24,2,2,0,2,234,0,2,0,0,0,0,0,0,0,0,0,39,2,0,6.69,0,0,0,0,0,0,0,0,0.0,0.0,0,2,2,1,0,7,53.85,0,4,2,50.0,2,5,13,2,23,51.11,9,70,38,108,46.8,4,0,169,6,2,0,Chris-Kévin Nadje,Excelsior,1528458,2967
6,7,38.89,76,7,33.33,139,82,221,83.71,5,62.5,3,16,1,0,0,0,30,0,1,3,0,10,13,0,0,7,5,25,0,0,0.73,0.62,3,0,0.0,1,0,1,9,7,2,0,0,,21,48.84,0,0,0,43,8,10,0,5,462,1,1,0,0,0,0,0,0,0,0,1,90,5,0,6.68,0,0,0,0,0,0,0,0,0.0,0.0,1,2,8,3,4,5,41.67,0,12,11,91.67,10,12,12,18,26,50.98,21,170,94,264,86.9,10,0,399,4,1,0,Daouda Weidmann,FC Twente,1142678,2955
3,1,12.5,60,1,16.67,104,76,180,65.93,49,57.65,36,18,0,0,0,0,26,1,3,14,1,4,18,0,1,15,1,77,0,0,1.07,5.27,17,0,13.51,0,5,5,22,20,2,4,1,,45,52.33,1,0,1,93,1,10,0,15,1200,6,0,0,1,2,0,100,0,2,0,0,159,4,0,6.68,1,4,0,0,0,0,0,0,240.0,0.0,3,30,7,13,10,6,42.86,0,13,6,46.15,9,6,14,8,94,54.97,6,181,92,273,120.3,37,1,456,27,1,0,Sydney van Hooijdonk,NAC Breda,943595,2947
16,12,34.29,114,12,40.0,175,108,283,72.56,12,38.71,19,24,0,0,0,0,69,3,4,14,1,8,24,0,0,31,23,120,0,0,2.3,3.86,19,0,6.67,0,3,3,15,12,3,3,0,,81,44.51,1,0,1,107,16,18,0,15,1355,1,2,0,0,0,0,0,0,0,0,0,237,11,0,6.68,1,2,0,0,0,0,0,0,451.67,0.0,0,22,23,16,15,21,42.0,0,23,14,60.87,18,31,50,35,93,43.66,30,252,138,390,160.3,45,0,767,37,2,1,Miguel Rodríguez,FC Utrecht,1014118,2948
12,17,39.53,151,30,36.59,290,228,518,78.84,16,42.11,22,28,2,0,0,0,85,2,1,5,3,67,28,0,0,16,17,91,0,2,2.31,1.06,17,0,0.0,0,0,2,31,29,2,0,0,,85,55.19,0,0,1,139,25,16,0,20,1847,0,10,0,0,0,0,0,0,0,0,0,265,4,0,6.68,0,0,0,0,0,0,0,0,0.0,0.0,0,6,11,10,2,15,42.86,0,43,26,60.47,16,36,35,43,101,52.6,82,376,281,657,187.0,17,0,1172,27,5,0,Cherrion Valerius,NAC Breda,1515525,2947
4,11,28.21,54,2,100.0,85,58,143,82.66,1,33.33,2,12,1,0,0,0,21,4,1,1,0,5,12,0,0,2,7,25,0,0,1.64,0.51,3,0,12.5,0,1,2,9,8,1,1,0,,11,32.35,0,0,0,30,1,10,0,8,579,0,0,0,0,0,0,0,0,0,0,0,87,3,0,6.68,0,1,0,0,0,0,0,0,579.0,0.0,0,5,3,2,5,7,38.89,0,3,1,33.33,10,8,18,39,12,32.43,2,105,68,173,80.1,8,0,281,1,1,0,Emil Hansson,Excelsior,794362,2967
0,0,0.0,13,0,0.0,23,4,27,87.1,2,66.67,1,6,0,0,0,0,7,0,0,2,0,0,4,0,0,5,0,11,0,0,0.1,0.14,1,0,0.0,0,0,0,0,0,0,0,0,,9,47.37,0,0,0,4,1,3,0,0,93,0,0,0,0,0,0,0,0,0,0,0,16,0,0,6.68,0,0,0,0,0,0,0,0,0.0,0.0,0,1,2,1,0,3,42.86,0,2,2,100.0,3,1,7,1,11,50.0,3,26,5,31,26.7,3,0,61,4,0,0,Emirhan Demircan,FC Utrecht,1402994,2948
20,4,13.79,82,23,44.23,130,104,234,74.29,4,44.44,5,17,0,0,0,0,42,1,1,6,2,22,15,0,0,6,14,37,0,1,0.99,1.08,5,0,0.0,0,0,0,20,13,7,0,0,,29,47.54,0,0,0,81,9,13,0,9,795,1,3,0,0,0,0,0,0,0,0,0,135,7,0,6.67,0,0,0,0,0,0,0,0,0.0,0.0,1,7,4,3,2,6,46.15,0,20,11,55.0,13,36,13,29,33,47.14,52,190,125,315,100.1,11,0,472,3,5,0,Jens Toornstra,Sparta Rotterdam,99960,2960
11,0,0.0,12,66,34.74,44,125,169,56.71,1,100.0,0,11,1,0,0,0,75,1,0,0,2,2,11,0,0,0,0,0,1,3,0.07,,0,0,0.0,68,0,1,15,10,5,0,0,-1.99,2,100.0,0,3,0,129,0,2,0,10,918,0,0,0,0,0,0,0,1,0,0,0,129,0,1,6.67,0,0,2,17,14,31,0,9,0.0,0.0,0,0,0,0,0,0,0.0,2,0,0,0.0,2,19,0,0,3,100.0,190,142,156,298,73.4,0,0,372,2,0,0,Jeroen Zoet,AZ Alkmaar,40963,2950
8,0,0.0,59,4,80.0,85,46,131,68.23,30,41.1,43,19,1,0,0,0,25,2,7,4,1,7,18,0,0,14,3,75,0,1,0.61,6.81,15,0,13.89,0,5,6,15,11,4,5,0,,24,42.86,0,0,0,61,0,7,3,9,890,5,0,0,0,2,0,100,0,2,0,0,105,5,0,6.67,0,2,0,0,0,0,0,0,178.0,0.0,0,30,6,19,13,6,60.0,0,5,3,60.0,7,12,10,1,54,41.86,5,133,59,192,120.1,36,0,333,13,2,0,Mexx Meerdink,AZ Alkmaar,1153117,2950
14,2,22.22,69,27,42.19,161,326,487,83.11,16,32.0,34,25,0,0,0,0,44,0,0,1,2,88,24,0,0,3,6,56,3,0,0.66,0.11,12,0,0.0,8,0,0,26,23,3,0,0,,43,66.15,0,0,1,99,8,4,0,18,1651,1,19,0,0,0,0,0,0,0,0,0,131,3,0,6.67,0,0,0,0,0,0,0,0,0.0,0.0,0,1,2,2,0,2,66.67,0,22,15,68.18,4,31,3,9,59,51.3,64,234,352,586,160.1,3,0,830,20,4,0,Devon Koswal,SC Telstar,1068610,2972
0,1,100.0,12,2,50.0,15,10,25,64.1,13,61.9,8,13,0,0,0,0,5,1,4,1,0,2,12,0,0,0,1,15,0,0,0.28,1.86,3,0,12.5,0,1,1,5,4,1,1,0,,6,46.15,0,0,0,14,0,3,1,0,185,0,0,0,0,0,0,0,0,0,0,0,31,0,0,6.67,0,0,0,0,0,0,0,0,185.0,0.0,0,8,0,2,5,0,0.0,0,4,3,75.0,3,0,3,1,19,55.88,4,25,14,39,80.0,8,0,86,2,1,0,Jelani Seedorf,SC Telstar,2007289,2972
8,1,33.33,29,20,42.55,91,200,291,83.38,14,45.16,17,12,0,0,0,0,14,1,1,3,0,43,12,0,0,1,5,31,0,2,0.29,0.37,8,0,0.0,2,0,0,9,9,0,0,0,,12,46.15,0,0,0,58,7,2,0,6,685,0,10,0,0,0,1,0,0,0,0,0,74,0,0,6.67,0,0,0,0,0,0,0,0,0.0,0.0,0,5,0,1,1,1,100.0,0,7,5,71.43,2,24,1,3,26,45.61,47,132,217,349,80.0,5,0,468,4,0,0,Giovanni van Zwam,Go Ahead Eagles,1119473,2979
18,13,32.5,202,37,39.78,374,350,724,83.03,21,53.85,18,22,0,0,0,0,88,4,0,6,1,38,22,0,0,13,3,55,1,1,2.89,0.77,11,0,4.76,1,1,1,32,27,5,1,0,,43,53.75,0,0,1,148,18,16,0,21,1815,1,7,0,0,0,0,0,0,0,0,0,247,9,0,6.66,0,1,0,0,0,0,0,0,1815.0,0.0,0,4,17,11,4,8,44.44,0,17,11,64.71,16,51,18,40,64,53.78,93,491,381,872,146.6,21,0,1294,18,0,0,Eli Dasa,NEC Nijmegen,127846,2962
9,0,0.0,63,10,62.5,86,70,156,64.2,40,47.06,45,24,1,0,0,0,19,2,9,8,1,25,24,0,0,6,1,68,0,0,0.93,6.22,12,0,9.09,0,4,5,33,30,3,3,1,,13,36.11,0,0,1,87,1,9,2,20,1696,14,2,0,0,0,0,0,0,0,0,0,129,5,0,6.66,0,2,0,0,0,0,0,0,424.0,0.0,0,38,6,22,14,6,60.0,0,4,3,75.0,9,18,10,3,53,43.8,16,163,80,243,159.9,44,0,401,3,1,0,Henk Veerman,FC Volendam,313264,2968
8,7,43.75,40,9,56.25,81,42,123,75.0,6,46.15,7,16,1,0,0,0,24,2,1,6,0,6,16,0,0,9,4,37,0,0,1.27,1.93,6,0,13.33,0,2,3,12,11,1,2,0,,22,42.31,1,0,1,41,0,9,0,3,493,0,1,0,0,0,0,0,0,0,0,0,91,2,0,6.66,0,1,0,0,0,0,0,0,246.5,0.0,0,13,2,4,5,7,38.89,0,5,3,60.0,9,17,18,16,28,43.08,16,109,55,164,106.6,15,0,286,11,1,0,Miliano Jonathans,Excelsior,1211982,2967
23,7,14.89,173,22,46.81,234,126,360,67.8,14,29.79,33,26,7,0,0,0,50,6,3,11,5,12,26,0,0,15,6,91,0,0,4.57,3.98,18,0,12.5,0,4,11,30,30,0,4,0,,28,32.56,0,0,1,171,1,36,0,22,1998,6,1,0,0,0,0,0,0,0,0,0,289,8,0,6.66,0,4,0,0,0,0,0,0,499.5,0.0,1,25,7,8,13,7,25.93,0,16,10,62.5,36,59,27,47,42,31.58,47,382,149,531,173.2,32,1,774,5,4,0,Victor Edvardsen,Go Ahead Eagles,841420,2979
3,2,33.33,40,8,47.06,54,34,88,65.67,11,30.56,25,31,1,0,0,0,22,4,7,0,0,12,31,0,0,7,8,51,0,0,1.28,4.83,8,0,27.27,0,6,7,18,17,1,6,0,,16,38.1,1,0,0,46,2,14,3,5,854,8,4,0,0,0,0,0,0,0,0,0,74,4,0,6.66,0,2,0,0,0,0,0,0,142.33,0.0,0,19,3,10,12,3,42.86,0,8,6,75.0,14,10,7,6,27,34.62,17,92,42,134,206.5,22,0,247,6,0,0,Robert Mühren,FC Volendam,156676,2968
1,1,25.0,17,4,66.67,38,23,61,85.92,2,50.0,2,6,0,0,0,0,9,0,0,1,0,5,5,0,0,1,0,6,0,0,0.1,0.02,1,0,0.0,0,0,0,4,4,0,0,0,,5,55.56,0,0,0,10,2,0,0,2,177,0,1,0,0,0,0,0,0,0,0,0,27,0,0,6.66,0,0,0,0,0,0,0,0,0.0,0.0,0,1,0,0,0,1,33.33,0,2,2,100.0,0,3,3,4,7,53.85,6,45,26,71,33.3,1,0,113,2,0,0,Jetro Willems,NEC Nijmegen,138828,2962
24,0,0.0,72,50,45.45,232,500,732,85.41,56,63.64,32,28,0,0,0,0,91,0,0,1,2,116,27,0,0,7,10,85,0,2,0.18,0.19,36,0,0.0,1,0,0,42,38,4,0,0,,67,55.83,0,0,0,125,36,3,0,24,2022,0,23,1,0,0,1,0,0,0,0,0,161,2,0,6.66,0,0,0,0,0,0,0,0,0.0,0.0,0,4,0,1,2,3,60.0,0,44,30,68.18,3,53,5,1,123,59.13,110,313,544,857,179.8,4,1,1216,20,6,0,Shawn Adewoye,Fortuna Sittard,989586,2957
1,3,8.11,91,9,60.0,138,52,190,76.61,3,30.0,7,24,2,0,0,0,44,3,6,4,0,16,24,0,0,10,13,79,0,0,1.68,4.13,17,0,3.33,0,1,3,13,10,3,1,0,,47,39.5,0,0,2,58,5,8,1,7,918,1,2,0,0,0,0,0,0,0,0,0,180,9,0,6.66,0,0,0,0,0,0,0,0,918.0,0.0,0,21,9,13,13,18,36.0,0,15,10,66.67,8,9,50,37,50,38.76,15,182,66,248,159.8,30,0,509,14,3,0,Ayoub Oufkir,AZ Alkmaar,1648756,2950
13,1,20.0,70,13,41.94,165,148,313,84.14,8,33.33,16,20,0,0,0,0,24,1,0,0,1,23,19,0,0,0,2,27,0,0,0.35,0.08,8,0,0.0,0,0,0,20,17,3,0,0,,32,74.42,0,0,0,59,2,1,0,7,787,1,5,0,0,0,0,0,0,0,0,0,72,0,0,6.66,0,0,0,0,0,0,0,0,0.0,0.0,0,0,3,3,0,2,66.67,0,20,12,60.0,1,26,3,5,40,59.7,31,206,166,372,126.5,3,0,475,10,2,0,Yassir Rahmouni,Go Ahead Eagles,2180363,2979
10,1,10.0,48,22,43.14,115,200,315,78.75,25,73.53,9,18,1,0,0,0,32,0,1,3,2,56,18,0,0,3,5,23,0,1,0.38,1.37,5,0,10.0,0,1,2,18,14,4,1,0,,23,62.16,1,0,0,85,5,5,0,15,1258,0,3,0,0,0,0,0,0,0,0,0,120,1,0,6.66,0,0,0,0,0,0,0,0,1258.0,0.0,0,9,1,3,4,0,0.0,0,18,15,83.33,5,20,1,10,48,67.61,51,160,240,400,119.8,10,0,655,6,2,0,Niklas Vesterlund,FC Utrecht,837010,2948
7,10,20.0,74,8,61.54,100,39,139,75.54,9,52.94,8,19,0,0,0,0,19,3,1,5,0,7,19,0,0,4,5,32,0,0,1.53,1.05,6,0,9.09,0,1,1,9,7,2,1,0,,17,41.46,0,0,0,45,2,9,1,3,478,1,0,0,0,0,0,0,0,0,0,0,116,3,0,6.65,0,0,0,0,0,0,0,0,478.0,0.0,0,6,5,3,3,6,40.0,0,4,1,25.0,9,13,15,50,26,44.83,13,140,44,184,126.4,11,0,324,7,0,0,Aymen Sliti,Feyenoord,1479467,2959
3,1,33.33,24,4,100.0,32,11,43,58.9,6,31.58,13,18,0,0,0,0,9,2,8,5,0,6,18,0,0,0,1,25,0,0,0.34,4.83,5,0,13.64,0,3,3,8,6,2,3,0,,9,42.86,0,0,0,30,2,6,0,2,433,1,0,0,0,1,0,100,0,1,0,1,47,3,0,6.65,0,3,0,0,0,0,0,0,144.33,0.0,0,19,3,8,9,2,25.0,0,1,1,100.0,6,8,8,3,15,37.5,4,54,19,73,119.7,22,1,136,6,0,0,Casper Tengstedt,Feyenoord,957937,2959
0,0,0.0,0,0,0.0,1,3,4,44.44,2,66.67,1,2,0,0,0,0,0,0,0,0,0,4,2,0,0,0,1,2,0,0,0.0,,0,0,0.0,0,0,0,1,1,0,0,0,,0,0.0,0,0,0,5,0,0,0,0,34,0,1,0,0,0,0,0,0,0,0,0,5,0,0,6.65,0,0,0,0,0,0,0,0,0.0,0.0,0,0,0,0,0,0,0.0,0,0,0,0.0,0,0,0,0,2,50.0,3,5,4,9,13.3,0,0,14,0,0,0,Casper Staring,NAC Breda,1048427,2947
6,4,30.77,58,7,53.85,107,94,201,82.38,2,11.76,15,10,0,0,0,0,27,2,0,0,0,22,10,0,0,6,3,33,1,0,0.93,0.03,7,0,0.0,0,0,0,9,7,2,0,0,,35,66.04,0,0,0,43,6,4,0,7,553,1,3,0,0,0,0,0,0,0,0,0,73,1,0,6.65,0,0,0,0,0,0,0,0,0.0,0.0,0,0,1,1,0,1,25.0,0,20,9,45.0,4,11,4,13,37,52.86,13,134,110,244,66.5,1,0,390,14,0,0,Gerald Alders,SC Telstar,1403075,2972
46,1,100.0,136,87,45.55,428,830,1258,86.34,86,56.21,67,33,0,0,0,0,93,1,2,2,2,192,33,0,0,4,15,103,2,1,0.36,1.46,20,0,20.0,10,3,3,79,71,8,3,0,,56,60.87,2,0,1,199,28,5,1,33,2933,2,36,0,0,0,3,0,0,0,0,0,221,1,0,6.65,0,0,0,0,0,0,0,0,977.67,0.0,0,15,0,8,5,8,88.89,0,35,21,60.0,5,82,9,1,142,57.96,191,567,890,1457,219.4,15,2,1892,13,6,0,Damon Mirani,Heracles Almelo,318575,2977
1,1,100.0,49,3,100.0,72,50,122,63.21,44,46.32,51,31,2,0,0,0,19,1,14,8,0,13,30,0,0,14,2,79,0,0,0.62,8.12,9,0,14.29,0,6,8,30,29,1,6,0,,19,40.43,4,0,0,71,2,10,1,9,1092,4,3,0,0,0,0,0,0,0,0,0,132,4,0,6.65,0,1,0,0,0,0,0,0,182.0,0.0,0,39,3,14,20,2,25.0,0,1,1,100.0,10,3,8,1,63,44.37,3,133,60,193,199.4,42,0,371,16,1,0,Milan Zonneveld,Sparta Rotterdam,1137227,2960
2,0,0.0,21,3,60.0,39,26,65,86.67,2,50.0,2,6,0,0,0,0,6,0,0,0,0,3,5,0,0,4,0,9,0,0,0.04,,3,0,0.0,0,0,0,1,1,0,0,0,,3,30.0,0,0,0,10,0,3,0,0,107,0,0,0,0,0,0,0,0,0,0,0,15,0,0,6.64,0,0,0,0,0,0,0,0,0.0,0.0,0,0,0,0,0,1,100.0,0,1,1,100.0,3,5,1,0,5,35.71,5,45,30,75,33.2,0,0,89,1,1,0,Oualid Agougil,FC Utrecht,1142574,2948
9,1,16.67,34,5,71.43,68,35,103,68.67,23,51.11,22,13,1,0,0,0,32,2,4,6,0,7,13,0,0,13,6,74,0,0,0.33,5.36,18,0,14.81,0,4,5,7,6,1,4,0,,20,27.78,0,0,0,47,1,6,0,11,823,6,0,0,0,1,0,100,0,1,0,0,124,7,0,6.64,0,4,0,0,0,0,0,0,205.75,0.0,0,26,1,12,9,7,30.43,0,8,4,50.0,6,11,23,6,43,36.75,7,108,42,150,86.3,27,0,319,5,0,0,Artem Stepanov,FC Utrecht,1489193,2948
47,30,25.21,197,62,46.62,397,373,770,81.91,23,48.94,24,31,0,0,0,0,80,2,2,6,2,45,29,0,0,4,13,59,0,0,2.87,2.04,12,0,4.0,12,1,1,26,25,1,1,0,,27,43.55,0,0,1,170,19,35,1,15,1374,1,4,0,0,1,0,100,0,1,0,0,293,4,0,6.64,0,0,0,0,0,0,0,0,1374.0,0.0,7,5,20,10,9,2,25.0,0,20,12,60.0,35,92,8,119,50,45.87,133,528,412,940,192.5,25,0,1251,5,4,0,Clint Leemans,NAC Breda,336811,2947
13,3,18.75,122,19,63.33,191,99,290,78.59,4,21.05,15,31,1,0,0,1,91,2,7,19,0,12,30,0,0,43,12,131,0,2,1.58,5.55,19,0,5.66,1,3,4,26,23,3,1,2,,82,41.41,0,0,2,79,6,16,0,19,1618,8,1,0,0,1,0,0,0,0,0,0,242,18,0,6.64,0,3,0,0,0,0,0,0,539.33,0.0,1,33,20,20,14,20,30.77,0,25,18,72.0,16,26,65,16,86,39.63,30,247,122,369,199.1,53,0,751,37,2,0,Soufiane Hetli,SC Telstar,1548838,2972
45,27,26.47,170,75,41.44,450,648,1098,83.43,34,38.2,55,33,3,0,0,0,146,5,0,5,4,143,33,0,0,15,15,127,2,3,2.11,1.47,35,0,5.56,1,1,4,54,47,7,1,0,,53,42.4,0,0,0,218,30,33,0,33,2969,0,29,0,0,0,0,0,0,0,0,0,366,1,0,6.64,0,1,0,0,0,0,0,0,2969.0,0.0,2,4,14,10,3,7,46.67,0,39,18,46.15,33,87,15,102,87,40.65,181,598,718,1316,219.0,18,1,1859,7,6,0,Guus Offerhaus,SC Telstar,1047396,2972
18,2,9.52,129,35,53.03,261,289,550,81.85,37,55.22,30,25,1,0,0,0,72,1,0,2,5,80,25,0,0,8,23,86,0,2,0.81,0.21,18,0,0.0,0,0,1,30,23,7,0,0,,53,48.62,0,0,0,122,19,7,0,18,1626,0,10,0,0,0,0,0,0,0,0,0,184,4,0,6.64,0,0,0,0,0,0,0,0,0.0,0.0,0,2,4,3,1,5,38.46,0,40,26,65.0,7,37,13,21,90,51.14,66,343,329,672,165.9,6,1,1076,8,6,0,Shurandy Sambo,Sparta Rotterdam,916926,2960
8,1,5.56,68,9,52.94,130,139,269,82.52,8,57.14,6,15,0,0,0,0,44,0,0,1,0,22,14,0,0,6,4,35,0,0,0.27,0.18,11,0,0.0,0,0,0,20,17,3,0,0,,43,59.72,0,0,0,57,9,3,0,11,931,1,7,0,0,0,0,0,0,0,0,0,112,2,0,6.64,0,0,0,0,0,0,0,0,0.0,0.0,0,2,1,2,0,6,42.86,0,31,21,67.74,3,15,14,18,51,59.3,17,166,160,326,92.9,3,0,563,6,1,0,Deron Payne,FC Volendam,1423743,2968
6,3,25.0,63,13,61.9,123,53,176,78.22,9,40.91,13,20,0,0,0,0,29,1,2,4,0,11,20,0,0,12,8,53,0,0,0.89,2.09,8,0,9.52,0,2,2,11,9,2,2,0,,23,36.51,1,0,0,49,3,8,0,5,646,3,1,0,0,0,1,0,0,0,0,0,98,3,0,6.64,0,1,0,0,0,0,0,0,323.0,0.0,0,15,6,7,10,5,29.41,0,8,6,75.0,8,10,17,12,32,37.65,21,162,63,225,132.7,21,0,363,10,3,0,Ibrahim Sadiq,AZ Alkmaar,905174,2950
83,1,11.11,186,101,42.8,457,825,1282,84.62,46,55.42,37,32,0,0,0,0,103,2,2,5,6,186,32,0,0,0,16,84,0,1,1.13,1.25,29,0,13.33,10,2,2,67,56,11,1,1,,62,56.88,1,0,0,233,32,11,1,32,2845,1,20,0,0,0,1,0,0,0,0,0,270,4,0,6.63,1,0,0,0,0,0,0,0,1422.5,0.0,0,14,1,5,5,7,77.78,0,40,24,60.0,11,167,9,9,108,56.25,236,620,895,1515,212.3,15,3,1957,15,4,1,Anselmo Garcia McNulty,PEC Zwolle,1005693,2971
0,0,0.0,1,0,0.0,5,12,17,85.0,0,0.0,1,3,0,0,0,0,1,0,0,0,0,2,3,0,0,2,0,3,0,0,0.0,,0,0,0.0,0,0,0,1,1,0,0,0,,4,66.67,0,0,0,3,0,1,0,0,31,0,1,0,0,0,0,0,0,0,0,0,6,0,0,6.63,0,0,0,0,0,0,0,0,0.0,0.0,0,0,0,0,0,0,0.0,0,4,3,75.0,1,1,0,0,4,57.14,1,7,13,20,19.9,0,0,33,0,0,0,Moussa Gbemou,Fortuna Sittard,2207814,2957
13,4,36.36,131,22,59.46,268,281,549,87.84,13,52.0,12,20,0,0,0,0,98,1,0,3,2,27,19,0,0,9,21,66,1,1,1.65,0.4,8,0,0.0,0,0,0,22,17,5,0,0,,61,53.04,0,0,0,76,21,14,0,13,1273,0,2,0,0,0,0,0,0,0,0,0,146,7,0,6.63,0,0,0,0,0,0,0,0,0.0,0.0,0,4,3,3,1,11,40.74,0,34,18,52.94,14,23,27,11,74,52.86,37,306,319,625,126.0,7,1,952,16,1,0,Elijah Dijkstra,AZ Alkmaar,1386461,2950
1,0,0.0,6,2,66.67,9,5,14,63.64,3,30.0,7,7,0,0,0,0,9,0,2,2,0,0,7,0,0,3,2,22,0,0,0.02,1.07,3,0,16.67,0,1,1,3,2,1,1,0,,8,34.78,0,0,0,8,1,0,1,1,119,0,2,0,0,0,0,0,0,0,0,0,23,2,0,6.63,0,0,0,0,0,0,0,0,119.0,0.0,0,5,1,2,2,4,36.36,0,0,0,0.0,0,1,11,2,11,33.33,3,15,7,22,46.4,6,0,58,4,0,0,Amourricho van Axel-Dongen,SC Heerenveen,1022376,2964
2,1,14.29,24,3,33.33,51,82,133,81.1,1,20.0,4,11,1,0,0,0,20,1,0,0,0,12,11,0,0,3,1,10,0,1,0.6,0.06,0,0,0.0,0,0,1,10,9,1,0,0,,23,79.31,0,0,0,31,6,1,0,4,446,0,0,0,0,0,0,0,0,0,0,0,54,1,0,6.63,0,0,0,0,0,0,0,0,0.0,0.0,0,1,0,0,1,0,0.0,0,20,12,60.0,1,12,2,7,24,70.59,9,69,95,164,72.9,1,0,275,3,0,0,Mike Kleijn,Sparta Rotterdam,1193084,2960
16,0,0.0,49,7,26.92,103,101,204,71.08,20,52.63,18,20,1,0,0,0,28,0,0,2,0,33,19,0,0,6,12,53,0,0,0.26,0.43,14,0,0.0,0,0,1,20,17,3,0,0,,49,58.33,0,0,0,83,18,3,0,5,762,0,8,0,0,0,1,0,0,0,0,0,115,0,0,6.63,1,0,0,0,0,0,0,0,0.0,0.0,0,3,4,3,2,1,25.0,0,40,26,65.0,3,30,4,1,69,56.56,26,148,139,287,125.9,7,0,478,8,3,1,Nick Fichtinger,PEC Zwolle,1509752,2971
0,3,50.0,7,1,50.0,11,6,17,94.44,0,0.0,0,5,1,0,0,0,2,1,0,0,0,1,4,0,0,0,0,1,0,0,0.57,0.11,1,0,0.0,0,0,1,1,1,0,0,0,,5,83.33,0,0,0,1,1,2,0,0,37,0,0,0,0,0,0,0,0,0,0,0,5,0,0,6.63,0,0,0,0,0,0,0,0,0.0,0.0,0,1,0,1,0,0,0.0,0,1,1,100.0,2,0,0,6,5,83.33,2,12,6,18,26.5,1,0,33,4,0,0,Alen Halilović,Fortuna Sittard,277331,2957
3,0,0.0,14,5,71.43,28,22,50,76.92,3,75.0,1,6,0,0,0,0,3,0,0,0,0,3,4,0,0,3,0,6,0,0,0.05,,1,0,0.0,0,0,0,1,1,0,0,0,,6,54.55,0,0,0,15,1,0,0,1,103,0,0,0,0,0,0,0,0,0,0,0,26,2,0,6.63,0,0,0,0,0,0,0,0,0.0,0.0,0,0,0,0,0,0,0.0,0,5,3,60.0,0,6,1,4,9,60.0,7,40,25,65,26.5,0,0,92,1,0,0,Jonathan de Guzmán,Sparta Rotterdam,13028,2960
8,0,0.0,45,17,65.38,100,96,196,77.78,7,43.75,9,17,0,0,0,0,43,0,1,1,0,12,17,0,0,5,7,29,0,1,0.22,0.64,7,0,0.0,0,0,0,14,12,2,0,0,,25,55.56,0,0,0,56,14,5,0,6,589,0,3,0,0,0,0,0,0,0,0,0,82,5,0,6.62,0,0,0,0,0,0,0,0,0.0,0.0,0,2,1,1,1,5,83.33,0,10,5,50.0,5,15,6,4,32,52.46,26,144,108,252,112.6,3,0,364,10,2,0,Alex Plat,FC Volendam,860161,2968
1,0,0.0,24,0,0.0,50,15,65,76.47,8,66.67,4,10,0,0,0,0,7,1,1,1,0,1,9,0,0,1,1,16,0,0,0.53,1.02,2,0,0.0,0,0,0,3,3,0,0,0,,11,47.83,0,0,0,20,5,3,0,2,278,1,0,0,0,0,0,0,0,0,0,0,39,1,0,6.62,0,0,0,0,0,0,0,0,0.0,0.0,0,3,3,3,2,5,38.46,0,3,2,66.67,3,4,13,5,19,54.29,3,68,17,85,59.6,6,0,143,3,1,0,Travis Hernes,FC Groningen,1400656,2951
6,3,50.0,76,9,39.13,145,64,209,80.38,4,30.77,9,19,0,0,0,0,29,1,0,1,0,22,18,0,0,2,5,29,0,0,0.55,0.21,6,0,0.0,0,0,0,10,9,1,0,0,,11,35.48,0,0,0,51,4,5,0,3,534,0,1,0,0,0,0,0,0,0,0,0,70,0,0,6.62,0,0,0,0,0,0,0,0,0.0,0.0,0,2,3,1,3,1,12.5,0,8,6,75.0,5,11,8,6,15,34.09,23,180,80,260,119.2,5,0,349,2,0,0,Mathias Kjølø,FC Twente,966546,2955
0,0,0.0,17,1,33.33,30,12,42,76.36,5,35.71,9,13,0,0,0,0,8,1,4,1,0,0,11,0,0,4,1,21,0,0,0.17,4.26,5,0,23.08,0,3,3,8,6,2,3,0,,11,47.83,1,0,2,13,0,3,2,2,323,1,0,0,0,0,0,0,0,0,0,0,33,3,0,6.62,0,0,0,0,0,0,0,0,107.67,0.0,0,12,1,6,6,4,57.14,0,3,1,33.33,3,0,7,0,16,43.24,3,39,16,55,72.8,13,0,108,4,0,0,Myron Boadu,PSV Eindhoven,856744,2952
8,11,18.97,103,7,58.33,171,78,249,80.84,1,7.14,13,22,3,0,0,0,50,5,0,5,1,14,22,0,0,20,9,80,0,1,2.27,0.87,20,0,5.26,0,1,4,34,32,2,1,0,,46,40.71,0,0,0,59,4,19,0,16,1322,1,2,0,0,0,0,0,0,0,0,0,185,5,0,6.62,0,1,0,0,0,0,0,0,1322.0,0.0,1,9,10,7,7,24,57.14,0,9,5,55.56,19,13,42,58,47,37.01,12,213,95,308,145.6,19,0,575,13,1,0,Bryan Limbombe,Heracles Almelo,996988,2977
6,0,0.0,59,6,75.0,94,51,145,72.5,29,42.65,39,23,1,0,0,0,32,1,6,3,0,8,23,0,0,20,3,87,0,0,0.79,5.67,17,0,16.67,0,4,5,16,15,1,4,0,,26,35.14,0,0,0,55,4,13,1,7,892,0,3,0,0,0,0,0,0,0,0,0,117,6,0,6.62,0,3,0,0,0,0,0,0,223.0,0.0,0,21,3,14,7,10,52.63,0,5,2,40.0,13,10,19,0,55,38.73,8,142,58,200,152.2,24,0,365,11,1,0,David Min,FC Utrecht,966429,2948
7,1,10.0,27,8,29.63,58,92,150,80.21,4,44.44,5,12,0,0,0,0,19,1,0,2,1,16,12,0,0,3,9,22,0,1,0.17,0.16,5,0,0.0,0,0,0,8,7,1,0,0,,21,55.26,0,0,0,37,0,1,0,5,511,0,1,0,0,0,0,0,0,0,0,0,60,0,0,6.62,0,0,0,0,0,0,0,0,0.0,0.0,0,2,1,0,1,2,66.67,0,12,5,41.67,1,16,3,10,25,53.19,27,83,104,187,79.4,3,0,300,7,0,0,Aaron Meijers,FC Volendam,32386,2968
0,1,16.67,2,1,100.0,7,5,12,66.67,0,0.0,0,6,0,0,0,0,2,0,0,1,0,6,6,0,0,1,1,5,0,0,0.02,0.05,2,0,0.0,0,0,0,1,1,0,0,0,,4,44.44,0,0,0,6,0,0,0,0,96,1,0,0,0,0,0,0,0,0,0,0,17,0,0,6.62,0,0,0,0,0,0,0,0,0.0,0.0,0,1,0,0,0,0,0.0,0,3,2,66.67,0,0,1,6,4,44.44,1,11,7,18,39.7,1,0,46,1,0,0,Houboulang Mendes,Fortuna Sittard,845119,2957
1,2,28.57,56,3,75.0,89,15,104,81.25,0,0.0,3,8,1,0,0,0,10,2,1,4,0,0,8,0,0,11,1,39,0,0,0.55,0.9,10,0,0.0,0,0,1,7,6,1,0,0,,24,40.0,0,0,0,24,2,6,0,5,421,2,0,0,0,0,0,0,0,0,0,0,75,3,0,6.61,0,0,0,0,0,0,0,0,0.0,0.0,0,7,1,1,3,4,22.22,0,5,2,40.0,6,3,18,7,24,38.1,4,110,18,128,52.9,8,0,229,15,1,0,Raheem Sterling,Feyenoord,138534,2959
16,5,23.81,91,28,52.83,242,260,502,82.43,24,60.0,16,26,1,0,0,0,79,0,1,1,0,43,25,0,0,10,20,92,0,0,0.47,0.67,34,0,0.0,0,0,1,45,39,6,0,0,,67,46.85,0,0,0,107,31,13,0,21,1739,0,4,0,0,0,0,0,0,0,0,0,167,3,0,6.61,0,0,0,0,0,0,0,0,0.0,0.0,1,3,5,6,1,9,39.13,0,34,22,64.71,13,36,23,21,91,49.73,53,313,296,609,165.3,8,0,885,24,6,0,Jan Žambůrek,Heracles Almelo,930295,2977
4,10,40.0,43,5,50.0,72,23,95,80.51,4,26.67,11,10,0,0,0,0,14,3,0,5,0,3,10,0,0,5,3,38,0,0,0.95,0.54,10,0,0.0,0,0,0,5,4,1,0,0,,19,41.3,0,0,0,23,1,5,0,4,370,0,1,0,0,0,0,0,0,0,0,0,64,2,0,6.61,0,0,0,0,0,0,0,0,0.0,0.0,0,5,4,2,2,3,25.0,0,12,8,66.67,5,5,12,25,23,37.7,10,91,27,118,66.1,9,0,226,4,2,0,Taylor Booth,FC Twente,906024,2955
4,0,0.0,41,11,52.38,88,143,231,85.87,17,58.62,12,21,0,0,0,0,19,0,0,2,0,32,21,0,0,0,4,19,0,0,0.36,0.13,4,0,0.0,2,0,0,11,8,3,0,0,,13,65.0,0,0,0,38,9,7,0,3,534,0,7,0,0,0,1,0,0,0,0,0,59,1,0,6.61,1,0,0,0,0,0,0,0,0.0,0.0,0,2,0,0,0,1,100.0,0,9,5,55.56,7,11,1,10,30,61.22,21,114,155,269,138.8,2,0,395,3,1,1,Hristiyan Petrov,SC Heerenveen,1129996,2964
12,3,30.0,49,17,48.57,102,133,235,82.17,5,45.45,6,12,0,0,0,0,17,1,0,0,0,16,12,0,1,2,5,26,0,0,0.86,0.07,9,0,0.0,0,0,0,9,9,0,0,0,,17,45.95,0,0,0,51,8,3,0,6,538,1,5,0,0,0,0,0,0,0,0,0,71,0,0,6.61,1,0,0,0,0,0,0,0,0.0,0.0,0,2,0,1,1,1,20.0,0,11,6,54.55,3,25,5,10,22,45.83,35,143,143,286,79.3,2,0,378,5,1,0,Calvin Twigt,Willem II Tilburg,1084944,2961
2,3,12.0,26,0,0.0,40,15,55,73.33,3,50.0,3,16,0,0,0,0,14,0,1,5,0,0,14,0,0,6,2,35,0,0,0.49,1.33,8,0,8.33,0,1,1,4,4,0,1,0,,23,41.82,0,0,0,20,1,4,1,1,307,0,0,0,1,0,0,0,0,0,0,0,83,2,0,6.61,0,0,0,0,0,0,0,0,307.0,0.0,1,7,5,1,6,14,43.75,0,7,3,42.86,3,4,32,25,26,42.62,0,56,19,75,92.5,12,0,201,2,1,0,Eser Gürbüz,SC Heerenveen,1586644,2964
18,3,42.86,67,20,41.67,168,236,404,80.64,39,63.93,22,22,0,0,0,0,46,1,0,1,0,61,21,0,0,2,8,51,0,0,1.01,0.64,16,0,14.29,0,1,1,39,35,4,1,0,,51,63.75,1,0,1,97,12,7,0,16,1400,2,6,0,1,0,0,0,0,0,0,0,143,4,0,6.6,0,0,0,0,0,0,0,0,1400.0,0.0,0,5,2,5,1,4,57.14,0,29,23,79.31,6,33,7,7,90,63.83,48,236,265,501,138.7,7,0,777,21,2,0,Mike te Wierik,Heracles Almelo,127554,2977
20,8,22.22,119,41,51.9,234,174,408,79.53,23,65.71,12,25,1,0,0,0,77,2,3,1,0,53,25,0,0,9,17,71,0,0,1.45,0.7,17,0,0.0,0,0,1,38,34,4,0,0,,70,54.26,0,0,0,105,22,13,0,15,1458,2,8,0,0,0,1,0,0,0,0,0,219,7,0,6.6,0,0,0,0,0,0,0,0,0.0,0.0,0,6,0,1,4,10,38.46,0,37,27,72.97,13,43,26,36,93,56.71,79,316,197,513,165.1,6,0,966,23,6,0,Mimeirhel Benita,Heracles Almelo,1130308,2977
1,0,0.0,24,13,40.63,61,75,136,75.14,5,41.67,7,9,1,0,0,0,25,0,0,0,0,18,9,0,0,4,5,24,0,0,0.06,0.1,3,0,0.0,0,0,1,8,7,1,0,0,,14,45.16,0,0,0,45,5,1,0,6,481,1,4,0,0,0,0,0,0,0,0,0,82,2,0,6.6,0,0,0,0,0,0,0,0,0.0,0.0,0,1,0,1,0,2,28.57,0,12,10,83.33,1,10,7,11,19,44.19,32,89,92,181,59.4,1,0,304,0,0,0,Nolan Martens,De Graafschap,1153163,2949
0,0,0.0,2,0,0.0,2,0,2,66.67,1,100.0,0,1,0,0,0,0,0,0,0,0,0,0,1,0,0,0,0,0,0,0,0.01,,0,0,0.0,0,0,0,0,0,0,0,0,,0,0.0,0,0,0,1,0,0,0,0,8,0,0,0,0,0,0,0,0,0,0,0,2,0,0,6.6,0,0,0,0,0,0,0,0,0.0,0.0,0,0,0,0,0,0,0.0,0,0,0,0.0,0,0,0,1,1,100.0,0,2,1,3,6.6,0,0,4,0,0,0,Pharrel Nash,AFC Ajax,1960323,2953
1,0,0.0,1,2,16.67,2,1,3,23.08,0,0.0,0,1,0,0,0,0,4,0,0,0,1,0,1,0,0,0,0,0,0,0,0.0,,0,0,0.0,2,0,0,0,0,0,0,0,0.17,0,0.0,0,0,0,10,0,0,0,1,90,0,0,0,0,0,0,0,0,0,0,0,10,0,0,6.6,0,0,0,1,1,2,0,0,0.0,0.0,0,0,0,0,0,0,0.0,0,0,0,0.0,0,2,0,0,0,0.0,12,11,2,13,6.6,0,0,18,0,0,0,Hobie Verhulst,AZ Alkmaar,97401,2950
0,0,0.0,3,1,100.0,3,1,4,100.0,0,0.0,0,1,0,0,0,0,1,0,0,0,0,0,1,0,0,0,0,1,0,0,0.01,,1,0,0.0,0,0,0,0,0,0,0,0,,1,50.0,0,0,0,0,1,0,0,0,13,0,0,0,0,0,0,0,0,0,0,0,0,1,0,6.6,0,0,0,0,0,0,0,0,0.0,0.0,0,0,0,0,0,1,100.0,0,0,0,0.0,0,0,1,0,1,50.0,1,3,1,4,6.6,0,0,6,0,0,0,Sam de Laat,NEC Nijmegen,2193004,2962
0,0,0.0,2,1,100.0,3,2,5,71.43,0,0.0,0,1,0,0,0,0,0,0,0,0,0,0,1,0,0,0,0,0,0,0,0.01,,0,0,0.0,0,0,0,0,0,0,0,0,,0,0.0,0,0,0,2,0,0,0,0,9,0,0,0,0,0,0,0,0,0,0,0,4,0,0,6.6,0,0,0,0,0,0,0,0,0.0,0.0,0,0,0,0,0,0,0.0,0,0,0,0.0,0,0,0,1,0,0.0,1,5,2,7,6.6,0,0,10,0,0,0,Remi van Ekeris,SC Telstar,1383661,2972
0,0,0.0,6,1,50.0,8,2,10,90.91,1,100.0,0,2,0,0,0,0,3,0,0,0,0,0,2,0,0,1,0,3,0,0,0.02,,0,0,0.0,0,0,0,1,1,0,0,0,,2,40.0,0,0,0,1,0,0,0,0,29,0,0,0,0,0,0,0,0,0,0,0,6,0,0,6.6,0,0,0,0,0,0,0,0,0.0,0.0,0,0,0,0,0,2,50.0,0,0,0,0.0,0,0,4,1,3,50.0,2,9,2,11,13.2,0,0,21,0,0,0,Samir Lagsir,PEC Zwolle,1012931,2971
0,0,0.0,0,0,0.0,1,2,3,100.0,0,0.0,1,2,0,0,0,0,0,0,0,0,0,0,1,0,0,0,0,2,0,0,0.0,,1,0,0.0,0,0,0,0,0,0,0,0,,2,66.67,0,0,0,0,0,0,0,0,13,0,0,0,0,0,0,0,0,0,0,0,1,0,0,6.6,0,0,0,0,0,0,0,0,0.0,0.0,0,0,0,0,0,1,100.0,0,0,0,0.0,0,0,1,0,2,50.0,0,1,2,3,6.6,0,0,6,1,0,0,Jim Koller,PSV Eindhoven,1586639,2952
3,0,0.0,4,17,40.48,9,51,60,69.77,0,0.0,0,3,0,0,0,0,24,0,0,0,2,1,3,0,0,0,1,1,0,0,0.0,,0,0,0.0,9,0,0,5,3,2,0,0,-1.71,0,0.0,0,2,0,26,0,0,0,3,270,0,0,0,0,0,0,0,1,0,0,0,26,0,0,6.6,0,0,4,3,1,5,0,1,0.0,0.0,0,0,0,0,0,0,0.0,4,0,0,0.0,0,10,0,0,0,0.0,42,25,61,86,19.8,0,0,109,0,0,0,Przemysław Tytoń,FC Twente,27691,2955
0,0,0.0,1,0,0.0,6,12,18,66.67,3,75.0,1,4,0,0,0,0,8,0,0,0,0,0,4,0,0,1,0,3,0,0,0.0,,0,0,0.0,0,0,0,2,2,0,0,0,,4,66.67,0,0,0,9,2,1,0,0,49,0,0,0,0,0,0,0,0,0,0,0,12,0,0,6.6,0,0,0,0,0,0,0,0,0.0,0.0,0,0,0,0,0,2,66.67,0,2,2,100.0,1,0,3,0,7,70.0,0,10,17,27,26.4,0,0,40,0,0,0,Alwande Roaldsoy,Sparta Rotterdam,1101593,2960
15,0,0.0,20,14,40.0,61,162,223,80.8,33,58.93,23,15,0,0,0,0,33,0,1,2,1,60,14,0,0,2,2,39,0,1,0.07,1.01,12,0,0.0,0,0,0,14,13,1,0,0,,15,48.39,0,0,0,53,7,3,0,7,753,0,7,0,0,0,0,0,0,0,0,0,63,0,0,6.6,0,0,0,0,0,0,0,0,0.0,0.0,0,8,2,7,1,0,0.0,0,7,6,85.71,3,28,1,0,48,55.17,35,93,183,276,92.4,10,0,417,9,2,0,Enes Mahmutović,NAC Breda,571964,2947
3,2,40.0,13,3,60.0,26,19,45,78.95,4,50.0,4,7,0,0,0,0,5,0,1,1,0,5,6,0,0,1,0,6,0,0,0.07,0.39,0,0,0.0,0,0,0,4,3,1,0,0,,6,75.0,0,0,0,12,2,1,0,0,115,0,2,0,0,0,0,0,0,0,0,0,22,0,0,6.6,0,0,0,0,0,0,0,0,0.0,0.0,0,3,1,1,2,0,0.0,0,4,3,75.0,1,6,1,5,10,62.5,5,33,24,57,39.6,4,0,102,2,0,0,Bas Kuipers,FC Twente,339879,2955
4,1,16.67,14,4,50.0,17,10,27,64.29,3,60.0,2,8,0,0,0,0,3,0,1,0,0,7,8,0,0,0,2,7,0,0,0.1,0.29,1,0,0.0,0,0,0,5,5,0,0,0,,5,50.0,0,0,0,15,2,1,0,1,159,0,0,0,0,0,0,0,0,0,0,0,31,0,0,6.6,0,0,0,0,0,0,0,0,0.0,0.0,0,1,1,1,1,1,33.33,0,2,1,50.0,1,6,3,6,8,53.33,8,27,15,42,52.8,2,0,93,2,0,0,Jayden Candelaria,NAC Breda,1130306,2947
1,0,0.0,10,1,25.0,16,16,32,74.42,1,20.0,4,8,0,0,0,0,7,0,0,1,0,6,6,0,0,1,0,7,0,0,0.05,0.19,1,0,0.0,0,0,0,3,2,1,0,0,,9,75.0,0,0,0,11,0,1,0,0,115,0,0,0,0,0,0,0,0,0,0,0,17,1,0,6.6,0,0,0,0,0,0,0,0,0.0,0.0,0,2,0,0,1,1,50.0,0,8,7,87.5,1,2,2,1,10,58.82,4,24,19,43,39.6,2,0,71,0,1,0,Rojendro Oudsten,SC Telstar,1469273,2972
1,0,0.0,4,1,100.0,9,7,16,88.89,1,25.0,3,1,0,0,0,0,3,0,0,0,0,2,1,0,0,1,0,6,0,0,0.01,0.1,1,0,0.0,0,0,0,1,1,0,0,0,,4,57.14,0,0,0,2,0,0,0,0,55,0,0,0,0,0,0,0,0,0,0,0,8,0,0,6.6,0,0,0,0,0,0,0,0,0.0,0.0,0,1,1,2,0,1,50.0,0,3,0,0.0,0,1,2,0,5,45.45,1,10,8,18,6.6,2,0,35,0,0,0,Espen Van Ee,SC Heerenveen,1126965,2964
0,0,0.0,3,1,50.0,3,4,7,70.0,0,0.0,0,1,0,0,0,0,6,0,1,0,0,2,1,0,0,0,0,2,0,0,0.01,0.08,0,0,0.0,0,0,0,0,0,0,0,0,,2,50.0,0,0,0,3,0,0,0,0,33,1,0,0,0,0,0,0,0,0,0,0,7,1,0,6.6,0,0,0,0,0,0,0,0,0.0,0.0,0,1,0,0,1,0,0.0,0,2,1,50.0,0,0,2,0,2,50.0,2,4,6,10,6.6,1,0,23,0,0,0,Younes Jaber el Maftahi,Sparta Rotterdam,1648749,2960
2,0,0.0,6,2,50.0,13,21,34,89.47,1,50.0,1,4,0,0,0,0,5,0,0,0,0,1,4,0,0,1,0,5,0,1,0.03,0.03,1,0,0.0,0,0,0,2,2,0,0,0,,6,60.0,0,0,0,4,1,1,0,1,111,0,0,0,0,0,0,0,0,0,0,0,11,0,0,6.6,0,0,0,0,0,0,0,0,0.0,0.0,0,1,0,1,0,0,0.0,0,2,2,100.0,1,2,2,1,7,58.33,4,17,21,38,26.4,1,0,63,4,0,0,Tristan Schenkhuizen,Fortuna Sittard,1386737,2957
3,1,33.33,15,6,66.67,35,36,71,92.21,0,0.0,1,2,0,0,0,0,4,0,0,0,0,3,2,0,0,1,1,5,0,0,0.13,0.02,2,0,0.0,0,0,0,4,4,0,0,0,,2,33.33,0,0,0,6,2,2,0,2,133,0,0,0,0,0,0,0,0,0,0,0,11,1,0,6.6,0,0,0,0,0,0,0,0,0.0,0.0,0,0,1,0,1,0,0.0,0,1,0,0.0,2,4,0,3,2,28.57,9,39,38,77,13.2,1,0,97,1,0,0,Mathijs Tielemans,Excelsior,966542,2967
5,0,0.0,61,5,55.56,93,35,128,60.66,46,46.0,54,23,0,0,0,0,33,0,6,5,1,11,22,0,0,40,1,143,0,0,0.71,4.01,37,0,5.56,0,2,2,34,30,4,1,1,,51,36.43,0,0,2,83,2,7,0,12,1179,1,3,0,0,0,0,0,0,0,0,1,215,10,0,6.6,0,2,0,0,0,0,0,0,589.5,0.0,1,27,9,21,10,14,46.67,0,10,8,80.0,7,10,30,5,97,40.42,9,165,46,211,145.1,36,0,497,28,6,0,Lequincio Zeefuik,Heracles Almelo,1118181,2977
2,4,19.05,27,1,16.67,46,30,76,73.79,2,16.67,10,18,2,0,0,0,28,2,0,7,0,3,18,0,1,5,5,39,0,0,1.13,0.49,6,0,0.0,1,0,2,19,17,2,0,0,,32,52.46,0,0,0,27,2,8,0,4,509,1,1,0,0,0,1,0,0,0,0,0,68,3,0,6.59,1,0,0,0,0,0,0,0,0.0,0.0,1,7,4,3,1,7,35.0,0,8,4,50.0,8,8,20,21,34,46.58,6,63,40,103,118.7,11,0,219,18,1,0,Jan Faberski,PEC Zwolle,1381819,2971
0,1,50.0,40,0,0.0,56,9,65,72.22,8,38.1,13,11,1,0,0,0,14,1,4,5,0,1,11,0,0,4,3,24,0,0,0.39,1.62,1,0,7.69,0,1,2,3,2,1,1,0,,10,47.62,0,0,1,25,1,5,0,1,277,1,0,0,0,0,0,0,0,0,0,0,47,1,0,6.59,0,1,0,0,0,0,0,0,277.0,0.0,0,11,2,3,5,5,55.56,0,2,1,50.0,5,1,9,2,18,42.86,0,78,12,90,72.5,13,0,151,3,0,0,Danilo Pereira,NEC Nijmegen,940647,2962
1,0,0.0,54,3,42.86,93,56,149,67.42,18,33.33,36,22,3,0,0,0,17,4,8,5,0,6,20,0,0,9,1,80,0,1,1.0,3.91,22,0,11.11,0,3,6,12,12,0,3,0,,41,48.24,0,0,1,72,4,10,1,12,1098,6,1,0,0,0,0,0,0,0,0,0,134,3,0,6.59,0,2,0,0,0,0,0,0,366.0,0.0,0,22,5,10,12,7,33.33,0,6,5,83.33,10,2,21,1,59,42.45,7,144,77,221,131.8,27,0,399,28,1,0,Kasper Dolberg,AFC Ajax,795761,2953
23,3,42.86,89,54,40.3,224,326,550,80.06,51,66.23,26,25,1,0,0,0,60,2,0,2,0,115,24,0,1,1,11,60,0,0,0.44,2.26,24,0,16.67,3,2,3,34,28,6,2,0,,41,54.67,1,0,1,137,27,9,1,15,1491,1,12,0,0,0,0,0,0,0,0,0,170,1,0,6.59,1,0,0,0,0,0,0,0,745.5,0.0,0,10,2,6,4,2,50.0,0,29,18,62.07,9,58,4,7,92,60.53,134,326,361,687,158.1,12,0,1028,10,7,0,Justin Hubner,Fortuna Sittard,1112604,2957
24,10,17.86,251,36,45.57,532,342,874,80.11,14,28.57,35,33,1,0,0,0,148,3,3,11,5,38,33,0,0,30,22,143,0,1,1.86,2.61,35,0,2.78,0,1,2,51,48,3,1,0,,98,47.57,0,0,1,217,30,26,1,32,2787,8,4,0,0,0,0,0,0,0,0,0,383,13,0,6.58,0,0,0,0,0,0,0,0,2787.0,0.0,0,16,20,16,9,18,42.86,0,60,27,45.0,26,51,42,56,112,43.92,79,686,405,1091,217.3,36,0,1588,21,3,0,Kamal Sowah,NAC Breda,927440,2947
4,9,30.0,54,10,27.78,111,104,215,75.17,16,48.48,17,20,0,0,0,0,37,1,0,1,0,44,20,0,0,4,10,44,0,0,0.92,0.64,9,0,20.0,0,1,1,26,23,3,1,0,,35,56.45,1,0,0,71,9,10,0,13,1116,1,6,0,0,0,0,0,0,0,0,0,131,2,0,6.58,0,0,0,0,0,0,0,0,1116.0,0.0,1,4,1,2,2,3,42.86,0,19,14,73.68,10,15,7,30,51,53.68,36,154,132,286,131.6,5,0,541,13,1,0,Boyd Lucassen,NAC Breda,912651,2947
0,0,0.0,4,0,0.0,8,3,11,78.57,1,100.0,0,6,0,0,0,0,1,0,0,0,0,2,5,0,0,1,0,1,0,0,0.01,,0,0,0.0,0,0,0,1,1,0,0,0,,2,66.67,0,0,0,3,0,0,0,0,53,0,0,0,0,0,0,0,0,0,0,0,5,0,0,6.58,0,0,0,0,0,0,0,0,0.0,0.0,0,0,0,0,0,1,100.0,0,1,1,100.0,0,1,1,0,3,75.0,1,11,3,14,32.9,0,0,22,0,0,0,Samuel Bastien,Fortuna Sittard,352964,2957
0,0,0.0,19,1,50.0,28,25,53,82.81,0,0.0,1,5,0,0,0,0,6,0,0,1,0,2,5,0,0,3,2,7,0,0,0.18,0.12,1,0,0.0,0,0,0,3,0,3,0,0,,9,60.0,0,0,0,11,3,2,0,1,142,0,1,0,0,0,0,0,0,0,0,0,18,0,0,6.58,0,0,0,0,0,0,0,0,0.0,0.0,0,0,2,0,1,3,100.0,0,6,3,50.0,2,0,3,0,9,56.25,2,39,25,64,32.9,2,0,94,0,1,0,Joel Van Den Berg,PSV Eindhoven,1540010,2952
2,0,0.0,18,3,14.29,40,31,71,69.61,3,37.5,5,16,2,0,0,0,25,4,0,0,0,14,14,0,0,3,3,22,0,1,0.9,0.16,10,0,0.0,0,0,2,7,6,1,0,0,,17,50.0,0,0,0,31,5,4,0,1,290,1,2,0,0,0,0,0,0,0,0,0,66,2,0,6.58,0,0,0,0,0,0,0,0,0.0,0.0,0,1,1,1,1,1,50.0,0,10,8,80.0,4,7,2,21,20,47.62,21,56,46,102,92.1,2,1,212,6,2,0,Adil Lechkar,SC Telstar,1594488,2972
0,0,0.0,7,0,0.0,9,8,17,77.27,1,33.33,2,5,0,0,0,0,1,0,0,0,0,0,4,0,0,3,0,6,0,0,0.03,,1,0,0.0,0,0,0,1,0,1,0,0,,2,33.33,0,0,0,5,0,2,0,0,52,0,1,0,0,0,0,0,0,0,0,0,10,0,0,6.58,0,0,0,0,0,0,0,0,0.0,0.0,0,0,0,0,0,0,0.0,0,2,1,50.0,2,1,0,1,3,33.33,0,13,9,22,26.3,0,0,35,0,1,0,Nolhan Courtens,SC Heerenveen,1425327,2964
7,1,16.67,59,20,45.45,144,293,437,86.36,18,58.06,13,23,0,0,0,0,75,0,0,2,1,65,23,0,1,12,6,69,1,1,0.36,1.88,19,0,21.43,3,3,3,31,25,6,2,1,,62,52.54,0,0,0,69,12,6,0,17,1371,0,13,0,0,0,0,0,0,0,0,0,126,8,0,6.57,1,3,0,0,0,0,0,0,457.0,0.0,0,10,4,5,7,16,44.44,0,38,19,50.0,6,14,36,6,80,53.69,44,185,321,506,151.2,14,1,873,8,3,0,Tristan Gooijer,PEC Zwolle,1142572,2971
17,6,16.22,139,17,45.95,218,80,298,79.47,8,57.14,6,16,0,0,0,0,33,2,1,4,0,5,15,0,0,17,13,51,0,0,1.22,0.77,7,0,0.0,0,0,0,11,8,3,0,0,,23,33.82,0,0,1,77,3,10,0,11,770,0,1,0,0,0,0,0,0,0,0,0,153,5,0,6.57,0,0,0,0,0,0,0,0,0.0,0.0,0,2,10,5,3,3,27.27,0,10,5,50.0,10,35,11,37,31,37.8,37,276,99,375,98.6,12,0,528,10,1,0,Kenzo Goudmijn,Go Ahead Eagles,916947,2979
0,0,0.0,8,0,0.0,13,5,18,60.0,8,57.14,6,8,0,0,0,0,4,0,1,0,0,0,7,0,0,2,0,10,0,0,0.07,0.32,2,0,0.0,0,0,0,3,3,0,0,0,,7,63.64,0,0,0,12,0,1,0,0,110,1,0,0,0,0,0,0,0,0,0,0,20,0,0,6.57,0,0,0,0,0,0,0,0,0.0,0.0,0,7,1,2,6,4,100.0,0,2,1,50.0,1,0,4,0,15,60.0,0,23,7,30,46.0,8,0,56,1,0,0,Sebastiaan Hagedoorn,SC Telstar,1592152,2972
26,6,27.27,98,34,44.16,175,169,344,75.77,10,34.48,19,27,0,0,0,0,51,1,0,4,0,18,27,0,0,13,12,81,1,0,1.14,1.02,29,0,5.88,0,1,1,41,38,3,1,0,,54,46.55,0,0,0,110,8,8,1,12,1164,4,3,0,0,0,0,0,0,0,0,0,163,7,0,6.57,0,0,0,0,0,0,0,0,1164.0,0.0,1,6,11,10,3,4,30.77,0,33,15,45.45,8,47,13,22,64,44.14,77,252,202,454,177.4,17,0,663,17,3,0,Thomas Bruns,Heracles Almelo,146401,2977
2,1,50.0,16,1,16.67,30,8,38,61.29,1,12.5,7,12,0,0,0,0,13,0,1,0,0,2,10,0,0,4,2,20,0,0,0.19,0.78,4,0,25.0,0,1,1,3,2,1,1,0,,7,35.0,0,0,0,24,5,0,1,1,218,0,0,0,0,0,0,0,0,0,0,0,41,3,0,6.57,0,0,0,0,0,0,0,0,218.0,0.0,0,4,0,3,1,1,25.0,0,4,3,75.0,0,4,4,2,8,28.57,6,47,15,62,65.7,4,0,105,2,0,0,Gabriel Reiziger,PEC Zwolle,1885838,2971
3,1,50.0,86,3,42.86,130,49,179,72.76,27,29.03,66,27,0,0,0,0,35,1,8,11,0,4,27,0,0,19,6,123,0,0,0.55,6.05,27,0,14.29,0,6,6,20,17,3,5,1,,30,34.48,0,0,0,67,2,16,0,12,1208,5,3,0,0,0,0,0,0,0,0,0,133,13,0,6.57,0,6,0,0,0,0,0,0,201.33,0.0,0,36,6,12,19,1,16.67,0,12,5,41.67,16,8,6,2,57,31.67,7,194,52,246,177.3,42,2,435,17,2,0,Brynjólfur Darri Willumsson,FC Groningen,907520,2951
0,0,0.0,3,0,0.0,8,8,16,80.0,0,0.0,3,6,0,0,0,0,6,0,1,1,0,2,6,0,0,2,2,12,0,0,0.01,1.03,3,0,20.0,0,1,1,5,5,0,1,0,,6,40.0,0,0,1,4,2,0,1,0,101,0,0,0,0,0,0,0,0,0,0,0,14,0,0,6.57,0,0,0,0,0,0,0,0,101.0,0.0,1,2,3,2,2,1,25.0,0,2,1,50.0,0,0,4,2,6,33.33,0,11,9,20,39.4,5,0,49,3,1,0,Yoon Do-young,Excelsior,1500752,2967
0,0,0.0,1,1,100.0,5,3,8,88.89,2,100.0,0,4,0,0,0,0,1,0,0,2,0,2,3,0,0,0,0,2,0,0,0.01,0.38,0,0,0.0,0,0,0,1,1,0,0,0,,2,50.0,0,0,0,1,0,0,0,0,45,0,0,0,0,0,0,0,0,0,0,0,10,0,0,6.57,0,0,0,0,0,0,0,0,0.0,0.0,0,4,0,0,2,1,33.33,0,1,0,0.0,0,1,3,5,4,66.67,1,6,3,9,19.7,4,0,34,0,0,0,Maher Carrizo,AFC Ajax,1597274,2953
2,0,0.0,6,1,50.0,13,18,31,86.11,1,50.0,1,3,0,0,0,0,5,0,0,0,0,6,3,0,0,2,1,5,0,1,0.01,0.02,0,0,0.0,0,0,0,2,2,0,0,0,,3,42.86,0,0,0,5,3,0,0,0,93,0,0,0,0,0,0,0,0,0,0,0,12,0,0,6.57,0,0,0,0,0,0,0,0,0.0,0.0,0,0,1,1,0,2,66.67,0,1,1,100.0,0,2,3,0,4,44.44,2,15,21,36,19.7,1,0,67,0,0,0,David Voute,PEC Zwolle,1403072,2971
5,2,20.0,50,7,46.67,83,32,115,64.97,27,42.86,36,28,1,0,0,0,25,1,8,5,0,8,26,0,0,15,7,103,0,0,0.85,4.81,31,0,11.54,0,3,4,24,19,5,3,0,,26,27.96,0,0,1,62,3,7,1,6,812,10,2,0,0,0,0,0,0,0,0,0,135,2,0,6.57,0,2,0,0,0,0,0,0,270.67,0.0,0,20,6,7,14,9,36.0,0,12,8,66.67,7,12,25,10,53,33.97,15,140,37,177,170.7,26,0,351,5,4,0,Kay Tejan,SC Telstar,860158,2972
13,5,50.0,91,7,31.82,125,49,174,66.16,17,44.74,21,30,2,0,0,0,30,6,1,4,0,15,26,0,0,5,8,57,0,0,2.28,1.18,19,0,0.0,0,0,2,11,8,3,0,0,,24,40.0,0,0,0,89,6,16,0,3,602,2,1,1,0,0,0,0,0,0,0,0,124,5,0,6.57,0,0,0,0,0,0,0,0,0.0,0.0,0,13,2,4,7,7,63.64,0,14,7,50.0,16,31,11,10,41,41.84,22,190,73,263,170.7,15,0,405,3,1,0,Arno Verschueren,FC Twente,578344,2955
0,1,33.33,21,1,25.0,31,16,47,60.26,18,48.65,19,19,0,0,0,0,15,2,1,7,0,4,19,0,0,3,0,29,0,0,0.79,1.26,6,0,7.69,0,1,1,4,3,1,1,0,,4,28.57,0,0,0,31,1,5,1,0,287,1,0,0,0,0,0,0,0,0,0,0,48,3,0,6.56,0,0,0,0,0,0,0,0,287.0,0.0,0,13,0,4,2,1,50.0,0,0,0,0.0,5,3,2,3,22,43.14,4,59,19,78,124.7,13,0,135,3,1,0,Finn Stokkers,Go Ahead Eagles,360006,2979
1,0,0.0,20,1,33.33,29,22,51,59.3,23,46.94,26,16,0,0,0,0,9,1,2,3,0,5,16,0,0,5,0,39,0,0,0.68,3.26,10,0,15.0,0,3,3,4,3,1,3,0,,2,13.33,1,0,1,35,0,3,1,0,311,3,0,0,0,0,0,0,0,0,0,0,51,2,0,6.56,0,1,0,0,0,0,0,0,103.67,0.0,0,18,2,11,6,1,100.0,0,0,0,0.0,3,5,1,0,25,39.06,3,62,24,86,105.0,20,1,145,2,1,0,Oskar Zawada,FC Groningen,318745,2951
1,0,0.0,4,3,37.5,15,38,53,82.81,6,75.0,2,11,0,0,0,0,14,0,0,0,0,12,10,0,0,0,0,5,0,1,0.01,,2,0,0.0,0,0,0,5,4,1,0,0,,3,50.0,0,0,0,11,4,0,0,0,207,0,2,0,0,0,0,0,0,0,0,0,12,0,0,6.56,0,0,0,0,0,0,0,0,0.0,0.0,0,0,0,0,0,0,0.0,0,2,1,50.0,0,3,1,0,9,64.29,8,22,42,64,65.6,0,0,92,1,0,0,Dion Malone,SC Telstar,73557,2972
20,4,20.0,109,29,41.43,284,295,579,83.67,38,45.78,45,19,0,0,0,0,64,3,0,2,2,73,19,0,0,5,9,90,2,4,1.81,0.46,26,0,0.0,0,0,0,26,26,0,0,0,,49,52.13,0,0,0,113,16,9,0,17,1512,2,12,0,0,0,1,0,0,0,0,0,177,0,0,6.56,0,0,0,0,0,0,0,0,0.0,0.0,0,8,2,8,0,3,37.5,0,30,22,73.33,9,37,8,20,87,49.15,70,378,314,692,124.6,10,0,1059,16,3,0,Denis Odoi,NAC Breda,58994,2947
20,2,20.0,74,35,40.7,212,314,526,81.3,15,51.72,14,16,2,0,0,0,67,1,2,1,0,60,16,0,0,7,11,44,0,1,0.56,0.47,10,0,0.0,1,0,2,29,25,4,0,0,,46,60.53,0,0,1,121,22,7,0,14,1320,0,7,0,0,0,0,0,0,0,0,0,164,1,0,6.56,0,0,0,0,0,0,0,0,0.0,0.0,0,4,3,5,1,12,80.0,0,17,13,76.47,7,47,15,10,61,58.1,86,300,347,647,104.9,7,0,911,17,1,0,Neraysho Kasanwirjo,Fortuna Sittard,961678,2957
1,5,25.0,67,6,85.71,122,75,197,82.08,13,54.17,11,18,1,0,0,0,30,3,2,2,0,9,18,0,0,14,8,49,0,0,1.01,0.73,12,0,0.0,0,0,1,14,12,2,0,0,,31,44.93,0,0,0,43,4,9,0,6,661,0,0,0,0,0,0,0,0,0,0,1,89,3,0,6.56,0,0,0,0,0,0,0,0,0.0,0.0,0,4,0,1,1,5,50.0,0,9,7,77.78,9,4,10,20,44,47.31,7,153,87,240,118.0,4,0,374,18,3,0,Oliver Valaker Edvardsen,AFC Ajax,878599,2953
8,3,33.33,48,15,41.67,141,127,268,78.13,7,33.33,14,11,2,0,0,0,37,4,0,1,1,11,11,0,0,7,9,43,1,0,1.38,0.24,11,0,0.0,0,0,2,13,7,6,0,0,,23,44.23,0,0,0,75,11,10,0,8,711,1,2,0,0,0,0,0,0,0,0,0,101,4,0,6.55,0,0,0,0,0,0,0,0,0.0,0.0,0,1,5,4,1,5,62.5,0,11,5,45.45,10,22,8,9,30,41.1,36,196,147,343,72.1,6,0,457,7,1,0,Kasper Boogaard,AZ Alkmaar,1590941,2950
1,0,0.0,52,2,28.57,89,30,119,51.97,81,51.59,76,31,1,0,0,0,14,0,8,10,0,15,30,0,1,14,6,128,0,0,0.36,5.19,35,0,15.63,0,5,6,21,18,3,5,0,,22,29.73,3,0,1,110,0,12,1,5,990,8,1,0,0,0,0,0,0,0,0,0,151,5,0,6.55,1,1,0,0,0,0,0,0,198.0,0.0,0,31,1,11,11,2,40.0,0,7,6,85.71,12,5,5,4,103,44.59,7,189,40,229,196.6,32,0,395,13,2,0,Paul Gladon,Fortuna Sittard,148615,2957
8,2,18.18,48,4,36.36,70,38,108,79.41,7,38.89,11,20,0,0,0,0,35,0,1,5,0,9,17,0,0,12,3,44,0,1,0.52,0.55,12,0,0.0,0,0,0,16,14,2,0,0,,37,52.86,0,0,0,28,3,4,0,4,486,3,4,0,0,0,0,0,0,0,0,0,66,8,0,6.55,0,0,0,0,0,0,0,0,0.0,0.0,0,5,3,2,1,9,60.0,0,20,10,50.0,4,14,15,11,44,50.0,11,89,47,136,111.4,8,0,270,8,2,0,Dylan Mertens,SC Telstar,995365,2972
3,0,0.0,35,0,0.0,46,19,65,67.01,12,38.71,19,17,1,0,0,0,8,1,3,7,0,4,14,0,0,10,3,49,0,0,0.72,1.66,14,0,6.25,0,1,2,5,5,0,1,0,,12,28.57,0,0,0,32,0,6,0,7,480,8,0,0,0,0,0,0,0,0,0,0,65,1,0,6.55,0,1,0,0,0,0,0,0,480.0,0.0,0,12,4,1,8,4,44.44,0,4,1,25.0,6,6,9,1,24,32.88,2,75,22,97,91.7,16,0,177,4,0,0,Nökkvi Þórisson,SC Telstar,987077,2972
2,2,20.0,82,0,0.0,178,147,325,88.8,16,61.54,10,20,1,0,0,0,33,2,0,2,0,36,18,0,0,7,4,35,0,1,0.74,0.44,8,0,0.0,2,0,1,19,14,5,0,0,,29,53.7,0,0,0,41,8,4,0,8,921,0,7,0,0,0,0,0,0,0,0,1,87,3,0,6.55,0,0,0,0,0,0,0,0,0.0,0.0,0,3,1,0,2,5,45.45,0,17,9,52.94,4,7,11,10,45,56.25,10,199,167,366,117.9,4,0,590,7,0,0,Jordan Lotomba,Feyenoord,796279,2959
1,2,40.0,39,1,100.0,67,38,105,84.68,0,0.0,3,14,1,0,0,0,16,1,1,0,0,2,14,0,0,9,4,39,0,0,0.48,0.3,8,0,0.0,0,0,1,7,7,0,0,0,,21,36.84,0,0,0,19,1,5,0,5,528,3,0,0,0,0,0,0,0,0,0,0,63,2,0,6.55,0,0,0,0,0,0,0,0,0.0,0.0,0,1,1,1,1,5,25.0,0,1,0,0.0,5,1,20,5,21,35.0,1,82,42,124,91.7,2,0,216,15,1,0,Dylan Mbayo,PEC Zwolle,923968,2971
0,0,0.0,5,0,0.0,8,2,10,76.92,0,0.0,0,2,0,0,0,0,1,0,0,0,0,1,2,0,0,0,1,1,0,0,0.01,,0,0,0.0,0,0,0,0,0,0,0,0,,0,0.0,0,0,0,3,1,0,0,0,28,0,0,0,0,0,0,0,0,0,0,0,3,0,0,6.55,0,0,0,0,0,0,0,0,0.0,0.0,0,0,0,0,0,0,0.0,0,0,0,0.0,0,3,0,0,0,0.0,2,11,2,13,13.1,0,0,16,0,0,0,Milan de Haan,Almere City FC,1120949,2990
0,0,0.0,0,0,0.0,0,1,1,25.0,0,0.0,3,3,0,0,0,0,1,0,0,0,0,2,2,0,0,0,1,4,0,0,0.0,,0,0,0.0,0,0,0,0,0,0,0,0,,1,50.0,0,0,0,3,0,0,0,0,24,0,1,0,0,0,0,0,0,0,0,0,3,1,0,6.55,0,0,0,0,0,0,0,0,0.0,0.0,0,0,0,0,0,0,0.0,0,1,0,0.0,0,0,0,0,1,20.0,0,3,1,4,13.1,0,0,10,0,0,0,Marko Kerkez,Fortuna Sittard,1147503,2957
0,0,0.0,0,0,0.0,1,0,1,33.33,0,0.0,1,3,0,0,0,0,0,0,0,0,0,2,2,0,0,0,0,2,0,0,0.0,,1,0,0.0,0,0,0,0,0,0,0,0,,0,0.0,0,0,0,2,1,0,0,0,22,0,0,0,0,0,0,0,0,0,0,0,2,0,0,6.55,0,0,0,0,0,0,0,0,0.0,0.0,0,0,0,0,0,0,0.0,0,0,0,0.0,0,0,0,0,0,0.0,1,2,1,3,13.1,0,0,9,0,1,0,Damian van der Haar,PEC Zwolle,1172732,2971
0,0,0.0,21,2,40.0,37,14,51,71.83,3,42.86,4,6,0,0,0,0,11,1,1,2,0,2,6,0,0,1,0,12,0,0,0.27,0.33,2,0,0.0,0,0,0,0,0,0,0,0,,12,60.0,0,0,0,20,1,1,0,2,209,0,0,0,0,0,0,0,0,0,0,0,38,2,0,6.55,0,0,0,0,0,0,0,0,0.0,0.0,0,3,4,2,3,7,58.33,0,3,3,100.0,1,2,12,2,15,55.56,5,54,17,71,39.3,7,0,119,2,0,0,Gaoussou Diarra,Feyenoord,1918931,2959
0,0,0.0,4,0,0.0,12,5,17,68.0,1,50.0,1,7,0,0,0,0,5,1,1,0,0,2,6,0,0,2,1,8,0,0,0.02,0.12,1,0,0.0,0,0,0,4,4,0,0,0,,4,36.36,0,0,0,8,0,1,0,0,101,0,0,0,0,0,0,0,0,0,0,0,23,0,0,6.55,0,0,0,0,0,0,0,0,0.0,0.0,0,2,0,1,1,2,40.0,0,2,2,100.0,1,2,5,5,5,38.46,1,16,9,25,39.3,2,0,57,0,0,0,Ryan Metu,FC Groningen,2360419,2951
0,0,0.0,2,0,0.0,2,2,4,40.0,0,0.0,1,2,0,0,0,0,4,0,0,1,0,0,2,0,0,1,1,3,0,0,0.1,0.06,0,0,0.0,0,0,0,0,0,0,0,0,,2,50.0,0,0,0,6,0,1,0,0,41,0,0,0,0,0,0,0,0,0,0,0,10,0,0,6.55,0,0,0,0,0,0,0,0,0.0,0.0,0,1,0,0,0,0,0.0,0,2,2,100.0,1,1,0,0,2,40.0,1,7,3,10,13.1,1,0,18,0,0,0,Eliano Reijnders,PEC Zwolle,960112,2971
1,0,0.0,0,2,66.67,1,1,2,25.0,3,60.0,2,6,0,0,0,0,1,0,0,0,0,2,4,0,0,4,0,7,0,0,0.0,0.03,0,0,0.0,0,0,0,0,0,0,0,0,,1,16.67,0,0,0,6,0,0,0,0,40,1,0,0,0,0,0,0,0,0,0,0,16,0,0,6.55,0,0,0,0,0,0,0,0,0.0,0.0,0,1,0,1,0,0,0.0,0,1,1,100.0,0,1,1,1,4,36.36,3,7,1,8,26.2,1,0,24,0,0,0,Dion Versluis,NAC Breda,1388442,2947
4,0,0.0,16,15,53.57,83,184,267,87.25,13,65.0,7,14,0,0,0,0,22,0,0,0,0,38,11,0,0,1,0,14,0,1,0.09,,6,0,0.0,10,0,0,14,10,4,0,0,,6,46.15,0,0,0,39,9,2,0,6,580,0,8,0,0,0,0,0,0,0,0,0,42,0,0,6.55,0,0,0,0,0,0,0,0,0.0,0.0,0,0,0,0,0,0,0.0,0,6,5,83.33,2,13,0,1,19,57.58,28,102,204,306,72.0,0,0,382,0,0,0,Tijs Velthuis,PEC Zwolle,961674,2971
0,2,11.11,19,3,60.0,30,23,53,80.3,3,37.5,5,9,0,0,0,0,10,1,0,4,0,1,9,0,0,9,1,21,0,0,0.19,0.71,5,0,0.0,0,0,0,4,3,1,0,0,,11,40.74,0,0,0,13,2,4,0,2,256,0,0,0,1,0,0,0,0,0,0,0,48,1,0,6.54,0,0,0,0,0,0,0,0,0.0,0.0,1,3,4,1,2,3,75.0,0,2,1,50.0,3,2,4,18,14,40.0,5,37,29,66,58.9,7,0,135,6,0,0,Stefan Mitrović,Excelsior,1019892,2967
2,0,0.0,33,5,41.67,55,28,83,55.7,43,43.88,55,28,2,0,0,0,20,3,1,4,0,12,25,0,0,14,4,103,0,0,0.5,1.49,28,0,5.56,0,1,3,13,11,2,1,0,,19,28.36,0,0,0,66,2,7,0,5,719,2,3,0,0,0,0,0,0,0,0,0,109,4,0,6.54,0,1,0,0,0,0,0,0,719.0,0.0,0,14,4,10,4,3,37.5,0,12,9,75.0,7,4,8,0,62,37.58,12,115,34,149,163.6,18,1,282,4,2,0,Mike van Duinen,Excelsior,150494,2967
4,0,0.0,15,3,27.27,42,51,93,79.49,9,90.0,1,7,0,0,0,0,13,0,0,1,0,9,7,0,1,3,1,10,0,0,0.05,0.06,2,0,0.0,0,0,0,0,0,0,0,0,,8,47.06,0,0,0,24,7,0,0,2,211,0,0,0,0,0,0,0,0,0,0,0,38,1,0,6.54,1,0,0,0,0,0,0,0,0.0,0.0,0,0,1,0,0,2,40.0,0,4,1,25.0,0,6,5,0,17,62.96,11,56,61,117,45.8,1,0,179,2,0,0,Takehiro Tomiyasu,AFC Ajax,804434,2953
22,32,22.22,124,29,42.03,237,229,466,82.19,13,61.9,8,26,1,0,0,0,69,6,2,0,1,65,25,0,0,5,12,48,1,0,2.76,0.86,19,0,14.29,1,1,2,29,26,3,1,0,,50,55.56,0,0,0,101,18,26,1,18,1629,1,2,0,0,0,1,0,0,0,0,0,251,4,0,6.54,1,0,0,0,0,0,0,0,1629.0,0.0,0,6,1,3,4,6,60.0,0,35,21,60.0,26,48,10,144,63,56.76,69,295,272,567,163.5,7,0,1024,9,3,1,Dean James,Go Ahead Eagles,1046722,2979
4,9,29.03,34,3,60.0,56,30,86,86.87,1,12.5,7,14,1,0,0,0,17,0,1,1,0,5,13,0,0,6,4,23,0,0,0.97,1.15,4,0,0.0,0,0,1,8,8,0,0,0,,19,54.29,0,0,0,13,1,4,0,2,341,0,0,0,1,0,0,0,0,0,0,0,52,2,0,6.54,1,0,0,0,0,0,0,0,0.0,0.0,0,6,1,2,4,7,77.78,0,6,4,66.67,3,6,9,31,20,46.51,5,62,37,99,85.0,7,0,195,6,0,1,Oskar Siira Sivertsen,Go Ahead Eagles,1022552,2979
0,0,0.0,7,3,75.0,27,43,70,90.91,7,77.78,2,6,0,0,0,0,11,0,0,0,0,14,6,0,0,1,1,5,0,0,0.05,,1,0,0.0,0,0,0,5,5,0,0,0,,3,50.0,0,0,0,7,4,1,0,1,158,0,0,0,0,0,0,0,0,0,0,0,9,1,0,6.53,0,0,0,0,0,0,0,0,0.0,0.0,0,0,0,0,0,1,100.0,0,1,0,0.0,1,0,1,0,10,66.67,4,33,44,77,39.2,0,0,103,1,0,0,Jeremiah St Juste,Feyenoord,787640,2959
5,2,14.29,64,4,36.36,116,74,190,75.1,14,41.18,20,28,0,0,0,0,49,3,2,3,0,17,28,0,0,15,4,63,0,1,0.76,2.24,9,0,10.0,0,2,2,33,30,3,2,0,,28,39.44,0,0,0,63,9,10,0,13,1277,0,3,0,0,0,0,0,0,0,0,0,131,9,0,6.53,0,2,0,0,0,0,0,0,638.5,0.0,0,14,6,10,7,5,23.81,0,9,7,77.78,10,8,21,14,42,40.0,11,160,93,253,182.9,20,0,443,14,3,0,Tristan van Gilst,Heracles Almelo,1213453,2977
0,0,0.0,12,0,0.0,22,11,33,73.33,2,18.18,9,8,1,0,0,0,7,1,1,2,0,1,7,0,0,0,0,11,0,0,0.66,1.11,4,0,0.0,0,0,1,3,3,0,0,0,,9,81.82,0,0,0,12,0,3,0,1,157,2,1,0,0,0,0,0,0,0,0,0,20,3,0,6.53,0,0,0,0,0,0,0,0,0.0,0.0,0,9,0,4,3,1,100.0,0,5,3,60.0,3,1,1,0,11,50.0,2,31,14,45,45.7,9,0,76,3,1,0,Cyle Larin,Feyenoord,790179,2959
1,0,0.0,29,2,50.0,37,25,62,56.88,20,42.55,27,17,1,0,0,0,20,2,2,4,0,3,17,0,0,5,3,57,0,0,0.65,2.08,16,0,21.43,0,3,4,10,9,1,3,0,,17,36.17,1,0,0,47,1,10,0,3,471,2,0,0,0,0,0,0,0,0,0,0,81,4,0,6.52,0,2,0,0,0,0,0,0,157.0,0.0,0,12,2,4,6,3,33.33,0,7,4,57.14,10,3,9,2,37,39.36,4,71,38,109,110.9,14,0,201,7,1,0,Václav Sejk,SC Heerenveen,983068,2964
12,3,12.5,131,27,42.19,273,336,609,84.7,23,50.0,23,29,0,0,0,0,89,2,0,6,2,69,28,0,0,22,25,115,0,0,1.23,0.59,29,0,0.0,0,0,0,36,33,3,0,0,,86,48.31,0,0,2,110,10,8,0,24,2171,0,9,0,0,0,0,0,0,0,0,0,232,6,0,6.52,0,0,0,0,0,0,0,0,0.0,0.0,0,5,7,4,2,8,33.33,0,59,42,71.19,8,29,24,24,109,48.66,64,341,378,719,182.5,12,0,1236,19,2,0,Precious Ugwu,FC Volendam,1481354,2968
1,4,14.81,66,5,50.0,91,65,156,81.25,3,25.0,9,24,2,0,0,0,31,6,2,4,0,0,24,0,0,18,3,71,0,0,2.33,2.5,23,0,5.56,0,1,3,30,25,5,1,0,,29,31.87,0,0,0,36,2,12,0,11,1005,9,1,0,0,0,0,0,0,0,0,0,145,2,0,6.52,1,1,0,0,0,0,0,0,1005.0,0.0,0,13,5,6,8,8,28.57,0,8,3,37.5,12,5,28,27,32,31.07,10,117,75,192,156.4,18,0,385,13,2,1,Mario Engels,Heracles Almelo,132674,2977
3,0,0.0,8,2,40.0,16,25,41,73.21,2,66.67,1,6,0,0,0,0,14,0,0,0,0,8,6,0,1,2,2,7,0,0,0.02,0.11,0,0,0.0,0,0,0,6,5,1,0,0,,9,60.0,0,0,0,15,3,0,0,2,205,0,1,0,0,0,0,0,0,0,0,0,21,0,0,6.52,1,0,0,0,0,0,0,0,0.0,0.0,0,1,0,1,0,2,50.0,0,5,4,80.0,0,4,4,1,11,61.11,5,28,28,56,39.1,1,0,93,2,0,0,Stijn Middendorp,Excelsior,1891895,2967
3,11,26.19,70,3,27.27,97,43,140,78.65,3,15.79,16,19,1,0,0,0,47,2,0,7,0,6,19,0,0,20,5,68,0,0,1.35,0.67,9,0,0.0,0,0,1,10,8,2,0,0,,43,45.26,0,0,0,38,7,12,0,9,843,1,2,0,0,0,1,0,0,0,0,0,137,5,0,6.52,0,0,0,0,0,0,0,0,0.0,0.0,0,7,5,3,2,15,44.12,0,11,8,72.73,12,8,34,42,46,40.35,11,129,49,178,123.8,12,0,392,17,1,0,Jaden Slory,Go Ahead Eagles,1218004,2979
3,5,29.41,52,10,76.92,105,106,211,78.73,24,38.71,38,22,1,0,0,0,29,1,0,1,1,29,20,0,0,4,4,67,0,1,1.17,0.16,18,0,0.0,0,0,1,17,16,1,0,0,,33,53.23,0,0,0,57,5,5,0,7,869,0,6,0,0,0,0,0,0,0,0,0,119,4,0,6.52,0,0,0,0,0,0,0,0,0.0,0.0,0,2,1,2,0,2,33.33,0,25,12,48.0,5,5,6,17,57,45.97,13,148,120,268,130.3,3,0,507,6,3,0,Tyrique Mercera,FC Groningen,1592993,2951
5,2,18.18,40,8,28.57,64,60,124,72.94,8,34.78,15,21,2,0,0,0,24,2,0,0,0,28,18,0,0,5,7,37,0,0,0.84,0.44,7,0,0.0,0,0,2,15,14,1,0,0,,26,54.17,0,0,1,46,4,4,0,4,500,0,2,0,0,0,0,0,0,0,0,0,111,1,0,6.51,0,0,0,0,0,0,0,0,0.0,0.0,0,1,2,3,0,2,40.0,0,22,13,59.09,4,19,5,11,34,47.89,28,101,69,170,117.2,3,0,357,2,0,0,Wouter Prins,FC Groningen,1481249,2951
0,0,0.0,15,1,100.0,19,10,29,72.5,8,53.33,7,9,0,0,0,0,3,1,1,1,0,4,9,0,0,3,0,15,0,0,0.31,1.36,4,0,0.0,0,0,0,4,4,0,0,0,,7,46.67,0,0,0,11,1,3,0,2,197,1,0,0,0,0,0,0,0,0,0,0,24,0,0,6.51,0,0,0,0,0,0,0,0,0.0,0.0,0,6,1,4,2,1,50.0,0,2,2,100.0,3,0,2,0,15,50.0,1,25,15,40,58.6,7,0,79,4,0,0,Don-Angelo Konadu,AFC Ajax,1403073,2953
2,4,23.53,59,1,12.5,84,32,116,80.0,4,44.44,5,14,0,0,0,0,25,0,1,8,0,3,10,0,0,14,3,43,0,0,0.61,2.1,5,0,6.25,0,1,1,7,6,1,1,0,,20,34.48,1,0,1,29,2,8,0,5,468,0,1,0,0,0,0,0,0,0,0,0,91,6,0,6.51,0,0,0,0,0,0,0,0,468.0,0.0,0,13,3,4,4,11,39.29,0,5,4,80.0,8,6,28,17,24,35.82,8,105,40,145,65.1,16,0,269,4,0,0,Luca Oyen,SC Heerenveen,996986,2964
6,5,20.83,35,11,50.0,61,72,133,84.71,3,30.0,7,13,1,0,0,0,18,2,1,0,0,12,13,0,0,2,6,21,0,0,1.32,0.58,4,0,0.0,0,0,1,13,11,2,0,0,,17,54.84,0,0,1,24,5,5,0,5,518,2,2,0,0,0,0,0,0,0,0,0,61,3,0,6.51,0,0,0,0,0,0,0,0,0.0,0.0,1,4,2,1,5,1,33.33,0,10,5,50.0,5,9,3,24,20,48.78,22,77,80,157,84.6,6,1,288,6,0,0,Simon Janssen,Excelsior,946950,2967
3,1,20.0,39,7,77.78,62,29,91,66.91,18,25.35,53,23,1,0,0,1,17,1,6,4,0,9,20,0,0,15,9,88,0,0,0.46,5.08,10,0,14.29,0,3,4,10,7,3,3,0,,11,23.91,2,0,0,45,0,11,0,9,764,2,2,0,0,1,0,0,0,0,0,0,101,4,0,6.51,0,1,0,0,0,0,0,0,254.67,0.0,0,17,4,7,10,3,50.0,0,4,3,75.0,11,7,6,5,29,24.79,9,98,38,136,130.1,21,0,269,4,1,0,Szymon Włodarczyk,Excelsior,1009285,2967
24,9,32.14,93,35,34.31,195,213,408,70.59,22,46.81,25,28,2,0,0,0,77,5,0,5,4,109,28,0,0,19,18,98,0,1,1.97,0.33,24,0,0.0,0,0,2,51,43,8,0,0,,90,55.21,0,0,0,170,27,15,0,19,1857,0,12,0,0,0,0,0,0,0,0,0,287,7,0,6.5,0,0,0,0,0,0,0,0,0.0,0.0,0,4,5,3,1,15,55.56,0,59,38,64.41,15,54,27,28,112,53.33,102,319,259,578,182.1,9,1,1134,16,2,0,Olivier Aertssen,PEC Zwolle,1049446,2971
25,17,27.42,181,35,28.46,355,201,556,74.43,13,50.0,13,28,5,0,0,0,113,4,0,0,1,70,28,0,1,18,19,80,1,0,2.38,0.06,18,0,0.0,0,0,5,44,39,5,0,0,,80,54.42,0,0,0,191,13,22,0,24,2047,1,5,0,0,0,0,0,0,0,0,0,339,9,0,6.5,1,0,0,0,0,0,0,0,0.0,0.0,0,0,4,4,0,16,57.14,0,48,34,70.83,22,65,28,62,93,53.76,123,484,263,747,182.0,4,0,1269,16,3,0,Ivo Pinto,Fortuna Sittard,78730,2957
1,0,0.0,1,1,100.0,1,1,2,100.0,0,0.0,0,1,0,0,0,0,2,0,0,0,0,1,1,0,0,1,0,2,0,0,0.0,,1,0,0.0,0,0,0,1,1,0,0,0,,0,0.0,0,0,0,0,0,0,0,0,13,0,0,0,0,0,0,0,0,0,0,0,2,0,0,6.5,0,0,0,0,0,0,0,0,0.0,0.0,0,0,0,0,0,0,0.0,0,0,0,0.0,0,1,0,0,0,0.0,1,1,1,2,6.5,0,0,5,0,0,0,Ayoub Ouarghi,Feyenoord,1546216,2959
0,0,0.0,1,0,0.0,1,0,1,100.0,0,0.0,0,1,0,0,0,0,0,0,0,0,0,0,1,0,0,1,0,1,0,0,0.0,,0,0,0.0,0,0,0,0,0,0,0,0,,0,0.0,0,0,0,0,0,0,0,0,8,0,0,0,0,0,0,0,0,0,0,0,1,0,0,6.5,0,0,0,0,0,0,0,0,0.0,0.0,0,0,0,0,0,0,0.0,0,0,0,0.0,0,0,0,0,0,0.0,0,1,0,1,6.5,0,0,2,0,0,0,Rafik El Arguioui,FC Utrecht,1190941,2948
0,0,0.0,0,0,0.0,0,0,0,0.0,0,0.0,1,1,0,0,0,0,0,0,0,0,0,0,1,0,0,0,0,1,0,0,,,0,0,0.0,0,0,0,0,0,0,0,0,,0,0.0,0,0,0,1,0,0,0,0,10,0,0,0,0,0,0,0,0,0,0,0,1,0,0,6.5,0,0,0,0,0,0,0,0,0.0,0.0,0,0,0,0,0,0,0.0,0,0,0,0.0,0,0,0,0,0,0.0,0,1,0,1,6.5,0,0,2,0,0,0,Paweł Bochniewicz,SC Heerenveen,286097,2964
0,0,0.0,0,0,0.0,1,3,4,100.0,0,0.0,0,1,0,0,0,0,1,0,0,0,0,0,1,0,0,1,0,1,0,0,0.0,,0,0,0.0,0,0,0,0,0,0,0,0,,0,0.0,0,0,0,0,0,0,0,0,10,0,0,0,0,0,0,0,0,0,0,0,3,0,0,6.5,0,0,0,0,0,0,0,0,0.0,0.0,0,0,0,0,0,0,0.0,0,0,0,0.0,0,0,0,0,0,0.0,0,1,3,4,6.5,0,0,7,0,0,0,Jinairo Johnson,AFC Ajax,1823943,2953
0,0,0.0,0,4,21.05,4,15,19,55.88,0,0.0,0,1,0,0,0,0,11,0,0,0,0,4,1,0,0,0,0,0,0,0,0.0,,0,0,0.0,7,0,0,2,2,0,0,0,0.02,0,0.0,0,1,0,15,0,0,0,0,84,0,0,0,0,0,0,0,0,0,0,0,15,0,0,6.5,0,0,3,2,1,3,0,1,0.0,0.0,0,0,0,0,0,0,0.0,3,0,0,0.0,0,1,0,0,0,0.0,19,15,19,34,6.5,0,0,43,0,0,0,Rijk Janse,NEC Nijmegen,1066313,2962
0,0,0.0,2,0,0.0,3,1,4,100.0,0,0.0,1,1,0,0,0,0,0,0,0,0,0,0,1,0,0,0,0,2,0,0,0.0,,1,0,0.0,0,0,0,0,0,0,0,0,,0,0.0,0,0,0,0,0,0,0,0,17,0,0,0,0,0,0,0,0,0,0,0,1,0,0,6.5,0,0,0,0,0,0,0,0,0.0,0.0,0,0,0,0,0,0,0.0,0,0,0,0.0,0,0,0,0,0,0.0,0,3,1,4,6.5,0,0,5,0,0,0,Noa el Hamdaoui,Excelsior,2202901,2967
0,0,0.0,1,0,0.0,1,0,1,100.0,0,0.0,0,1,0,0,0,0,1,0,0,0,0,0,1,0,0,0,0,0,0,0,0.0,,0,0,0.0,0,0,0,0,0,0,0,0,,0,0.0,0,0,0,0,0,0,0,0,11,0,0,0,0,0,0,0,0,0,0,0,1,1,0,6.5,0,0,0,0,0,0,0,0,0.0,0.0,0,0,0,0,0,0,0.0,0,0,0,0.0,0,0,0,1,0,0.0,0,1,0,1,6.5,0,0,2,0,0,0,Jermaine Rijssel,SC Heerenveen,1801311,2964
0,0,0.0,0,0,0.0,1,4,5,83.33,0,0.0,0,1,0,0,0,0,0,0,0,0,0,0,1,0,0,0,1,3,0,0,0.0,,1,0,0.0,0,0,0,0,0,0,0,0,,1,25.0,0,0,0,1,0,0,0,0,9,0,0,0,0,0,0,0,0,0,0,0,2,0,0,6.5,0,0,0,0,0,0,0,0,0.0,0.0,0,0,0,0,0,0,0.0,0,1,0,0.0,0,1,1,0,1,25.0,0,2,4,6,6.5,0,0,8,0,0,0,Giuliano Cairo,Excelsior,1923374,2967
0,0,0.0,1,0,0.0,1,1,2,100.0,0,0.0,0,1,0,0,0,0,0,0,0,0,0,0,1,0,0,1,0,2,0,0,0.0,,1,0,0.0,0,0,0,0,0,0,0,0,,0,0.0,0,0,0,0,0,0,0,0,9,0,0,0,0,0,0,0,0,0,0,0,1,0,0,6.5,0,0,0,0,0,0,0,0,0.0,0.0,0,0,0,0,0,0,0.0,0,0,0,0.0,0,0,0,0,0,0.0,0,1,1,2,6.5,0,0,4,0,0,0,Myron Mau-Asam,FC Volendam,1841361,2968
0,0,0.0,2,0,0.0,4,6,10,90.91,0,0.0,0,2,0,0,0,0,2,0,0,0,0,0,2,0,0,0,0,0,0,0,0.0,,0,0,0.0,0,0,0,1,1,0,0,0,,0,0.0,0,0,0,1,0,0,0,0,39,0,0,0,0,0,0,0,0,0,0,0,4,0,0,6.5,0,0,0,0,0,0,0,0,0.0,0.0,0,0,0,0,0,0,0.0,0,0,0,0.0,0,0,0,0,0,0.0,0,5,6,11,13.0,0,0,15,0,0,0,Noah Ohio,FC Utrecht,1100456,2948
0,0,0.0,0,0,0.0,0,0,0,0.0,0,0.0,1,2,0,0,0,0,1,0,0,0,0,0,1,0,0,0,0,2,0,0,,,1,0,0.0,0,0,0,0,0,0,0,0,,0,0.0,0,0,0,2,1,0,0,0,10,0,0,0,0,0,0,0,0,0,0,0,3,0,0,6.5,0,0,0,0,0,0,0,0,0.0,0.0,0,0,0,0,0,0,0.0,0,0,0,0.0,0,1,0,0,0,0.0,1,2,0,2,6.5,0,0,4,0,0,0,Isaiah Ahmed,SC Heerenveen,1801303,2964
0,0,0.0,0,0,0.0,0,3,3,100.0,0,0.0,0,2,0,0,0,0,1,0,0,0,0,1,1,0,0,1,0,2,0,0,0.0,,1,0,0.0,0,0,0,0,0,0,0,0,,1,33.33,0,0,0,0,1,0,0,0,14,0,0,0,0,0,0,0,0,0,0,0,5,0,0,6.5,0,0,0,0,0,0,0,0,0.0,0.0,0,0,0,0,0,0,0.0,0,1,1,100.0,0,0,0,0,1,33.33,0,0,3,3,6.5,0,0,12,0,0,0,Tiago Codinha,FC Volendam,1801349,2968
0,0,0.0,1,0,0.0,4,5,9,81.82,0,0.0,0,3,0,0,0,0,0,0,0,0,0,0,2,0,0,0,0,1,0,0,0.0,,0,0,0.0,0,0,0,1,1,0,0,0,,2,66.67,0,0,0,2,0,0,0,0,25,0,0,0,0,0,0,0,0,0,0,0,3,0,0,6.5,0,0,0,0,0,0,0,0,0.0,0.0,0,0,0,0,0,0,0.0,0,2,1,50.0,0,0,1,0,2,66.67,0,6,5,11,13.0,0,0,18,0,0,0,Kiano Dyer,FC Volendam,1402736,2968
5,0,0.0,8,6,60.0,28,70,98,90.74,5,45.45,6,6,0,0,0,0,14,0,0,1,0,9,5,0,0,0,1,7,0,0,0.02,0.06,0,0,0.0,4,0,0,6,4,2,0,0,,4,80.0,0,0,0,10,0,0,0,2,201,0,1,0,0,0,0,0,0,0,0,0,14,1,0,6.5,0,0,0,0,0,0,0,0,0.0,0.0,0,1,0,0,0,1,100.0,0,3,2,66.67,0,7,1,1,9,56.25,10,35,73,108,32.5,1,0,131,0,0,0,Maxim Dekker,AZ Alkmaar,1119294,2950
0,0,0.0,20,1,14.29,35,30,65,79.27,5,83.33,1,10,0,0,0,0,7,0,0,0,0,5,9,0,0,0,3,12,0,0,0.06,0.02,6,0,0.0,0,0,0,6,6,0,0,0,,7,38.89,0,0,0,17,4,1,0,1,216,2,1,0,0,0,0,0,0,0,0,0,29,0,0,6.5,0,0,0,0,0,0,0,0,0.0,0.0,0,0,1,1,0,1,33.33,0,4,2,50.0,1,2,3,0,12,50.0,7,47,35,82,58.5,1,0,117,2,3,0,Jadiel Pereira da Gama,PEC Zwolle,2195123,2971
1,0,0.0,15,0,0.0,24,11,35,68.63,4,25.0,12,16,0,0,0,0,8,1,1,0,0,3,15,0,0,5,2,25,0,0,0.36,0.99,6,0,16.67,0,1,1,6,6,0,1,0,,8,38.1,0,0,0,16,0,5,0,2,322,3,0,0,0,0,0,0,0,0,0,0,33,2,0,6.49,0,1,0,0,0,0,0,0,322.0,0.0,0,6,0,3,3,3,100.0,0,5,3,60.0,5,3,3,1,12,32.43,3,38,13,51,97.3,6,0,97,0,1,0,Pepijn Reulen,NAC Breda,2197943,2947
2,3,37.5,57,4,57.14,103,45,148,70.48,33,36.67,57,17,0,0,0,0,26,1,6,4,3,16,17,0,0,20,5,96,0,0,0.59,3.28,5,0,4.0,0,1,1,13,12,1,1,0,,35,47.3,1,0,0,62,2,8,0,8,881,4,1,0,0,0,0,0,0,0,0,0,119,5,0,6.48,0,0,0,0,0,0,0,0,881.0,0.0,0,24,1,13,8,6,40.0,0,7,4,57.14,8,9,15,8,68,41.46,7,156,54,210,110.2,25,0,387,22,1,0,André Ayew,NAC Breda,27035,2947
2,6,13.33,93,2,50.0,140,54,194,79.84,6,28.57,15,22,2,0,0,0,52,0,2,6,0,8,22,0,0,40,10,121,0,0,1.16,1.12,17,0,6.25,0,1,3,19,17,2,1,0,,56,34.57,0,0,0,49,7,8,0,13,1030,4,0,0,0,0,0,0,0,0,0,0,216,7,0,6.48,0,1,0,0,0,0,0,0,1030.0,0.0,0,12,4,6,4,21,34.43,0,19,8,42.11,8,6,61,45,62,33.88,4,183,60,243,142.5,16,0,548,16,3,0,Richonell Margaret,Go Ahead Eagles,973716,2979
17,9,19.15,147,28,26.67,309,298,607,78.73,30,48.39,32,26,1,0,0,0,123,3,0,3,3,81,26,0,0,11,20,108,1,1,1.17,0.46,27,0,0.0,0,0,1,41,35,6,0,0,,79,50.97,0,0,0,164,50,15,0,25,2120,0,6,0,0,0,0,0,0,0,0,0,306,6,0,6.48,0,0,0,0,0,0,0,0,0.0,0.0,0,8,5,7,3,18,47.37,0,47,22,46.81,15,45,38,47,109,50.23,105,419,352,771,168.4,13,0,1380,14,5,0,Jasper Dahlhaus,Fortuna Sittard,1048758,2957
16,0,0.0,85,37,49.33,215,471,686,83.76,51,45.54,61,28,1,0,0,0,120,1,1,2,3,107,28,0,0,6,14,115,0,4,0.64,1.37,27,0,0.0,8,0,1,37,31,6,0,0,,56,50.91,0,0,0,133,33,5,0,26,2166,2,8,0,0,0,1,0,0,0,0,0,186,3,0,6.48,0,0,0,0,0,0,0,0,0.0,0.0,0,11,0,7,2,8,53.33,0,39,23,58.97,5,35,15,4,107,48.2,75,300,519,819,181.3,11,0,1201,10,3,0,Neville Nwankwo,SC Telstar,1418395,2972
0,0,0.0,1,0,0.0,2,2,4,66.67,2,50.0,2,4,0,0,0,0,0,0,0,0,0,1,4,0,0,2,1,6,0,0,0.0,,1,0,0.0,0,0,0,2,0,2,0,0,,1,20.0,0,0,0,2,0,0,0,0,39,0,0,0,0,0,0,0,0,0,0,0,5,0,0,6.48,0,0,0,0,0,0,0,0,0.0,0.0,0,0,0,0,0,0,0.0,0,0,0,0.0,0,0,0,0,3,33.33,0,4,2,6,25.9,0,0,14,1,0,0,Owen Johnson,Fortuna Sittard,2025659,2957
0,0,0.0,21,0,0.0,27,5,32,82.05,1,16.67,5,4,0,0,0,0,4,0,0,0,0,1,4,0,0,0,0,9,0,0,0.09,0.08,4,0,0.0,0,0,0,1,1,0,0,0,,3,42.86,0,0,0,7,0,0,0,1,97,1,0,0,0,0,0,0,0,0,0,0,13,1,0,6.48,0,0,0,0,0,0,0,0,0.0,0.0,0,1,0,0,1,0,0.0,0,0,0,0.0,0,1,0,1,4,30.77,0,34,5,39,25.9,1,0,56,3,1,0,Willum Thor Willumsson,NEC Nijmegen,978823,2962
0,0,0.0,14,0,0.0,28,32,60,82.19,1,16.67,5,5,0,0,0,0,5,0,0,0,0,3,3,0,0,0,3,11,0,0,0.02,,3,0,0.0,1,0,0,3,3,0,0,0,,3,33.33,0,0,0,13,4,0,0,1,125,0,0,0,0,0,0,0,0,0,0,0,18,0,0,6.47,0,0,0,0,0,0,0,0,0.0,0.0,0,0,0,0,0,0,0.0,0,3,3,100.0,0,1,0,2,4,26.67,2,36,37,73,19.4,0,0,94,0,0,0,Jan Plug,Feyenoord,1545079,2959
1,0,0.0,7,0,0.0,8,9,17,77.27,1,33.33,2,3,0,0,0,0,6,0,0,1,0,0,3,0,0,4,2,12,0,0,0.2,0.1,2,0,0.0,0,0,0,2,2,0,0,0,,4,28.57,0,0,0,5,0,1,0,1,87,0,0,0,0,0,0,0,0,0,0,0,16,1,0,6.47,0,0,0,0,0,0,0,0,0.0,0.0,0,1,0,0,0,0,0.0,0,2,2,100.0,1,1,2,1,5,29.41,0,12,10,22,19.4,1,0,44,2,0,0,Rober González,NEC Nijmegen,910022,2962
1,0,0.0,44,2,28.57,92,43,135,64.9,41,55.41,33,24,0,0,0,0,21,1,1,2,0,11,24,0,0,10,9,88,0,0,0.25,1.27,23,0,0.0,0,0,0,22,21,1,0,0,,25,31.25,0,0,0,73,3,8,0,10,1057,4,0,0,0,0,0,0,0,0,0,1,137,4,0,6.45,0,0,0,0,0,0,0,0,0.0,0.0,0,12,7,14,3,5,27.78,0,7,4,57.14,8,3,18,1,66,42.86,7,150,58,208,154.8,19,0,369,13,1,0,Jerolldino Bergraaf,Excelsior,1893852,2967
0,0,0.0,0,0,0.0,0,3,3,42.86,1,20.0,4,5,0,0,0,0,4,0,1,0,0,2,4,0,0,0,1,6,0,0,0.0,0.15,0,0,0.0,0,0,0,0,0,0,0,0,,0,0.0,0,0,0,4,0,0,0,0,57,0,0,0,0,0,0,0,0,0,0,0,8,1,0,6.45,0,0,0,0,0,0,0,0,0.0,0.0,0,1,0,0,1,0,0.0,0,0,0,0.0,0,0,1,0,1,14.29,0,3,4,7,25.8,1,0,18,0,0,0,Rui Mendes,FC Groningen,940979,2951
0,0,0.0,0,0,0.0,2,2,4,66.67,0,0.0,0,3,0,0,0,0,1,0,0,0,0,0,2,0,0,1,0,3,0,0,0.0,0.13,1,0,0.0,0,0,0,1,1,0,0,0,,1,25.0,0,0,0,2,0,0,0,0,23,0,0,0,0,0,0,0,0,0,0,0,5,0,0,6.45,0,0,0,0,0,0,0,0,0.0,0.0,0,1,0,1,0,0,0.0,0,1,1,100.0,0,0,1,0,1,25.0,0,4,2,6,12.9,1,0,14,0,0,0,Key Shawn Soij,FC Volendam,2166694,2968
14,3,9.68,53,20,45.45,122,177,299,78.68,14,42.42,19,21,2,0,0,0,56,1,0,1,0,38,21,0,0,9,17,62,0,1,1.18,0.09,13,0,0.0,0,0,2,33,30,3,0,0,,42,49.41,0,0,0,81,15,6,0,13,1218,1,8,0,0,0,2,0,0,0,0,0,165,2,0,6.45,0,0,0,0,0,0,0,0,0.0,0.0,0,1,2,2,0,2,28.57,0,34,21,61.76,6,30,7,31,56,47.46,44,174,206,380,135.4,3,0,693,7,2,0,Djevencio van der Kust,Heracles Almelo,974530,2977
4,7,12.5,48,4,50.0,74,32,106,80.92,2,10.53,17,20,2,0,0,0,24,2,2,3,0,13,20,0,1,17,10,86,0,0,1.17,0.99,29,0,6.67,0,1,3,15,14,1,1,0,,50,42.02,0,0,0,25,3,11,1,5,772,4,1,0,0,0,0,0,0,0,0,0,165,2,0,6.44,1,0,0,0,0,0,0,0,772.0,0.0,0,8,7,5,7,13,46.43,0,19,7,36.84,11,7,28,56,52,37.68,8,94,37,131,128.8,15,0,424,18,2,0,Thibo Baeten,Go Ahead Eagles,964766,2979
0,1,11.11,13,0,0.0,20,8,28,93.33,0,0.0,1,5,1,0,0,0,4,0,2,0,0,1,5,0,0,0,2,7,0,0,0.24,0.26,2,0,0.0,0,0,1,2,2,0,0,0,,0,0.0,0,0,1,2,2,3,0,1,157,1,0,0,0,0,0,0,0,0,0,0,12,0,0,6.44,0,0,0,0,0,0,0,0,0.0,0.0,0,3,1,2,2,0,0.0,0,0,0,0.0,3,0,2,9,0,0.0,1,22,8,30,32.2,4,0,51,0,0,0,Oscar Pettersson,Go Ahead Eagles,825906,2979
1,2,13.33,22,9,50.0,51,80,131,85.06,4,57.14,3,5,0,0,0,0,9,0,0,2,0,20,5,0,0,0,2,9,0,0,0.11,0.1,4,0,0.0,0,0,0,10,10,0,0,0,,6,50.0,0,0,1,23,3,1,0,3,313,0,3,1,0,0,0,0,0,0,0,0,41,0,0,6.44,0,0,0,0,0,0,0,0,0.0,0.0,0,2,1,1,0,3,75.0,0,2,1,50.0,1,7,4,15,10,52.63,18,70,84,154,32.2,3,0,240,1,0,0,Giannino Vianello,Sparta Rotterdam,1652148,2960
10,3,37.5,149,9,36.0,218,110,328,66.94,54,35.06,100,30,2,0,0,0,46,3,10,19,0,39,30,0,0,15,6,154,0,0,1.71,10.57,23,0,10.61,0,7,9,36,30,6,7,0,,34,38.64,0,0,1,162,4,23,1,23,2126,9,1,0,0,2,0,100,0,2,0,0,245,9,0,6.43,0,6,0,0,0,0,0,0,303.71,0.0,4,53,13,21,26,3,21.43,0,13,7,53.85,23,28,14,8,88,36.36,25,349,141,490,192.9,66,1,778,18,1,0,Dylan Vente,SC Heerenveen,825843,2964
8,9,21.43,84,6,40.0,118,39,157,74.06,3,25.0,9,14,1,0,0,0,33,0,0,1,0,15,14,0,0,10,8,46,0,2,1.75,0.38,12,0,0.0,0,0,1,22,20,2,0,0,,26,41.27,0,0,0,55,7,12,0,7,748,1,0,0,0,0,0,0,0,0,0,0,132,2,0,6.43,0,0,0,0,0,0,0,0,0.0,0.0,0,2,6,5,2,4,36.36,0,19,15,78.95,12,16,11,42,29,38.67,15,162,50,212,90.0,8,0,389,3,0,0,Erik Ahlstrand,Heracles Almelo,980742,2977
2,1,20.0,42,3,100.0,54,18,72,74.23,3,42.86,4,8,1,0,0,0,11,1,0,3,0,1,8,0,0,10,1,23,0,0,0.43,0.23,2,0,0.0,0,0,1,6,6,0,0,0,,8,29.63,0,0,0,25,0,7,0,4,329,0,0,0,0,0,0,0,0,0,0,0,59,4,0,6.43,0,0,0,0,0,0,0,0,0.0,0.0,0,2,5,2,2,6,50.0,0,2,0,0.0,7,3,12,5,11,32.35,3,77,20,97,51.4,7,0,157,0,0,0,Amine Salama,NAC Breda,1175856,2947
0,0,0.0,2,1,33.33,9,4,13,76.47,1,20.0,4,4,0,0,0,0,3,0,0,0,0,0,4,0,0,1,2,10,0,0,0.0,,2,0,0.0,0,0,0,1,1,0,0,0,,4,40.0,0,0,0,4,0,0,0,0,47,0,0,0,0,0,0,0,0,0,0,0,11,0,0,6.43,0,0,0,0,0,0,0,0,0.0,0.0,0,0,0,0,0,3,75.0,0,0,0,0.0,0,1,4,0,5,33.33,3,13,4,17,25.7,0,0,30,1,1,0,Mark Hoekstra,FC Groningen,2076787,2951
0,0,0.0,8,1,50.0,11,5,16,72.73,0,0.0,1,4,0,0,0,0,3,0,0,1,0,0,4,0,0,2,0,4,0,0,0.39,0.08,0,0,0.0,0,0,0,2,2,0,0,0,,4,57.14,0,0,0,6,1,0,0,0,45,0,0,0,0,0,0,0,0,0,0,0,19,0,0,6.43,0,0,0,0,0,0,0,0,0.0,0.0,1,0,1,0,0,1,50.0,0,2,1,50.0,0,1,2,6,4,50.0,2,15,7,22,25.7,1,0,47,1,0,0,Noam Emeran,FC Groningen,1069509,2951
3,1,14.29,36,14,58.33,78,100,178,86.83,9,64.29,5,13,0,0,0,0,29,0,0,0,0,14,11,0,0,4,5,20,0,1,0.24,,2,0,0.0,0,0,0,13,11,2,0,0,,15,50.0,0,0,0,27,10,3,0,4,418,0,2,1,0,0,0,0,0,0,0,0,51,0,0,6.42,0,0,0,0,0,0,0,0,0.0,0.0,0,0,0,0,0,3,42.86,0,9,5,55.56,3,6,7,7,24,54.55,24,88,117,205,70.6,0,0,321,3,0,0,Saïd Bakari,Sparta Rotterdam,896210,2960
2,0,0.0,10,1,50.0,14,7,21,95.45,0,0.0,2,7,0,0,0,0,4,0,1,4,0,2,7,0,1,2,2,7,0,0,0.08,0.4,1,0,0.0,0,0,0,1,1,0,0,0,,6,54.55,0,0,0,1,0,1,0,0,82,0,0,0,0,0,0,0,0,0,0,0,15,0,0,6.41,1,0,0,0,0,0,0,0,0.0,0.0,0,3,3,2,0,1,50.0,0,3,1,33.33,1,2,2,6,6,46.15,2,15,7,22,44.9,6,0,56,2,0,0,Mohamed Hamdaoui,SC Telstar,581080,2972
7,6,25.0,60,14,42.42,126,106,232,77.08,4,44.44,5,19,0,0,0,0,40,0,0,0,0,26,19,0,0,3,10,44,1,1,0.85,0.11,20,0,0.0,0,0,0,25,22,3,0,0,,43,52.44,0,0,0,69,11,11,0,9,860,1,0,0,0,0,0,0,0,0,0,0,112,4,0,6.41,0,0,0,0,0,0,0,0,0.0,0.0,0,1,3,4,0,7,53.85,0,26,13,50.0,11,18,13,24,47,51.65,33,172,129,301,121.8,4,0,502,10,3,0,Jannes Wieckhoff,Heracles Almelo,984880,2977
29,8,20.51,188,47,46.08,384,570,954,81.68,28,43.75,36,32,3,0,0,0,148,5,2,1,3,111,32,0,0,16,31,119,0,2,2.03,0.75,23,0,14.29,7,1,4,65,56,9,1,0,,86,50.89,0,0,0,214,50,14,0,32,2801,5,7,0,0,0,0,0,0,0,0,0,381,4,0,6.4,0,1,0,0,0,0,0,0,2801.0,0.0,0,6,1,3,3,17,51.52,0,55,38,69.09,14,61,33,39,114,48.93,102,500,668,1168,204.9,7,1,1887,14,5,0,Sherel Constancio Floranus,PEC Zwolle,803021,2971
0,0,0.0,1,0,0.0,4,0,4,80.0,0,0.0,1,1,0,0,0,0,0,0,0,0,0,0,1,0,0,0,0,1,0,0,0.0,,0,0,0.0,0,0,0,0,0,0,0,0,,0,0.0,0,0,0,1,0,0,0,0,13,0,0,0,0,0,0,0,0,0,0,0,3,0,0,6.4,0,0,0,0,0,0,0,0,0.0,0.0,0,0,0,0,0,0,0.0,0,0,0,0.0,0,0,0,1,0,0.0,0,5,0,5,6.4,0,0,7,0,0,0,Jivayno Zinhagel,Feyenoord,2014656,2959
1,0,0.0,2,1,100.0,3,1,4,100.0,0,0.0,0,1,0,0,0,0,0,0,0,0,0,1,1,0,0,0,1,2,0,0,0.0,,1,0,0.0,0,0,0,0,0,0,0,0,,1,33.33,0,0,0,0,0,0,0,0,17,0,0,0,0,0,0,0,0,0,0,0,0,0,0,6.4,0,0,0,0,0,0,0,0,0.0,0.0,0,0,0,0,0,1,100.0,0,0,0,0.0,0,1,1,0,1,33.33,1,3,1,4,6.4,0,0,7,0,1,0,Guilherme Peixoto,FC Twente,1470065,2955
0,0,0.0,0,0,0.0,0,0,0,0.0,0,0.0,1,1,0,0,0,0,0,0,0,0,0,0,1,0,0,0,0,1,0,0,,,0,0,0.0,0,0,0,1,1,0,0,0,,0,0.0,0,0,0,0,0,0,0,0,10,0,0,0,0,0,0,0,0,0,0,0,0,0,0,6.4,0,0,0,0,0,0,0,0,0.0,0.0,0,0,0,0,0,0,0.0,0,0,0,0.0,0,0,0,0,0,0.0,0,0,0,0,6.4,0,0,1,0,0,0,Antonio Satriano,Heracles Almelo,996813,2977
1,0,0.0,6,12,44.44,11,14,25,62.5,0,0.0,0,1,0,0,0,0,11,0,0,0,0,0,1,0,0,0,0,1,0,0,0.02,,1,0,0.0,4,0,0,4,4,0,0,0,-0.19,0,0.0,0,1,0,15,0,1,0,0,60,0,0,0,0,0,1,0,1,0,0,0,15,0,0,6.4,0,0,0,3,0,3,0,0,0.0,0.0,0,0,0,0,0,0,0.0,0,0,0,0.0,1,1,0,0,0,0.0,27,25,15,40,6.4,0,0,47,0,0,0,Tijmen Holla,Excelsior,1893851,2967
0,0,0.0,3,1,14.29,6,35,41,83.67,0,0.0,0,2,0,0,0,0,4,0,0,0,0,5,1,0,0,0,0,0,0,0,0.01,,0,0,0.0,0,0,0,2,2,0,0,0,,2,100.0,0,0,0,8,1,0,0,1,91,0,0,0,0,0,0,0,0,0,0,0,8,0,0,6.4,0,0,0,0,0,0,0,0,0.0,0.0,0,0,0,0,0,0,0.0,0,2,2,100.0,0,2,0,0,2,100.0,7,10,39,49,6.4,0,0,61,0,0,0,Luca Blondeau,FC Volendam,1922946,2968
1,0,0.0,6,0,0.0,11,5,16,76.19,1,33.33,2,8,0,0,0,0,4,0,1,0,0,0,8,0,0,4,1,12,0,0,0.05,0.45,4,0,0.0,0,0,0,4,4,0,0,0,,3,23.08,0,0,0,5,0,1,0,0,134,0,0,0,0,0,0,0,0,0,0,0,22,2,0,6.4,0,0,0,0,0,0,0,0,0.0,0.0,0,2,0,1,1,1,33.33,0,1,1,100.0,1,1,3,2,4,25.0,0,16,5,21,51.2,2,0,49,1,1,0,Thomas Buitink,PEC Zwolle,856736,2971
0,0,0.0,0,0,0.0,1,0,1,50.0,1,33.33,2,1,0,0,0,0,0,0,1,0,0,0,1,0,0,0,0,2,0,0,0.0,0.28,0,0,0.0,0,0,0,0,0,0,0,0,,0,0.0,0,0,0,1,0,0,0,0,15,1,0,0,0,0,0,0,0,0,0,0,4,0,0,6.4,0,0,0,0,0,0,0,0,0.0,0.0,0,1,0,1,0,0,0.0,0,0,0,0.0,0,0,0,0,1,33.33,0,2,0,2,6.4,1,0,7,0,0,0,Kevin Kers,NEC Nijmegen,1500993,2962
0,0,0.0,3,0,0.0,4,0,4,50.0,1,25.0,3,3,0,0,0,0,1,0,0,1,0,1,2,0,0,2,0,7,0,0,0.01,0.16,2,0,0.0,0,0,0,0,0,0,0,0,,1,20.0,0,0,0,4,0,1,0,0,27,0,0,0,0,0,0,0,0,0,0,0,8,0,0,6.4,0,0,0,0,0,0,0,0,0.0,0.0,0,1,1,1,0,1,100.0,0,0,0,0.0,1,1,1,0,2,22.22,1,7,1,8,12.8,2,0,21,0,0,0,Bendegúz Kovács,AZ Alkmaar,2055327,2950
0,0,0.0,1,1,100.0,7,19,26,96.3,0,0.0,2,3,0,0,0,0,3,0,0,0,0,3,3,0,0,0,1,4,0,0,0.01,0.14,1,0,0.0,0,0,0,4,4,0,0,0,,0,0.0,0,0,1,1,0,0,0,1,74,0,2,0,0,0,0,0,0,0,0,0,3,0,0,6.4,0,0,0,0,0,0,0,0,0.0,0.0,0,1,1,1,1,0,0.0,0,0,0,0.0,0,1,0,0,0,0.0,1,8,19,27,19.2,2,0,36,0,0,0,Silvinho Esajas,FC Volendam,1011489,2968
0,0,0.0,1,0,0.0,3,8,11,57.89,2,40.0,3,1,0,0,0,0,1,0,0,1,0,1,1,0,0,0,0,3,0,0,0.0,0.13,0,0,0.0,0,0,0,0,0,0,0,0,,0,0.0,0,0,0,8,0,0,0,0,40,0,0,0,0,0,0,0,0,0,0,0,9,0,0,6.4,0,0,0,0,0,0,0,0,0.0,0.0,0,2,0,1,0,0,0.0,0,0,0,0.0,0,1,0,0,2,40.0,3,8,11,19,6.4,2,0,23,0,0,0,Daan van Reeuwijk,NAC Breda,1892604,2947
0,0,0.0,1,0,0.0,2,0,2,100.0,0,0.0,0,1,0,0,0,0,0,0,0,0,0,0,1,0,0,0,0,0,0,0,0.0,0.09,0,0,0.0,0,0,0,0,0,0,0,0,,0,0.0,0,0,0,0,0,0,0,0,11,0,0,0,0,0,0,0,0,0,0,0,1,0,0,6.4,0,0,0,0,0,0,0,0,0.0,0.0,0,1,0,0,1,0,0.0,0,0,0,0.0,0,0,0,0,0,0.0,0,2,0,2,6.4,1,0,4,0,0,0,Jesper Tielemans,FC Volendam,1939251,2968
0,0,0.0,3,0,0.0,5,7,12,75.0,1,50.0,1,2,0,0,0,0,2,0,0,1,0,1,1,0,0,1,1,4,0,0,0.01,0.02,0,0,0.0,0,0,0,1,1,0,0,0,,2,40.0,0,0,0,4,0,0,0,0,46,0,0,0,0,0,0,0,0,0,0,0,7,1,0,6.4,0,0,0,0,0,0,0,0,0.0,0.0,0,1,0,0,0,1,50.0,0,1,0,0.0,0,0,2,1,3,42.86,1,6,10,16,6.4,1,0,33,0,0,0,Robbin Weijenberg,Go Ahead Eagles,1386182,2979
3,0,0.0,18,4,30.77,44,54,98,79.03,4,26.67,11,8,0,0,0,0,13,0,0,2,0,9,8,0,0,2,2,30,0,1,0.19,0.08,9,0,0.0,0,0,0,8,7,1,0,0,,12,38.71,0,0,0,26,5,2,0,6,413,0,0,0,0,0,1,0,0,0,0,0,45,0,0,6.36,0,0,0,0,0,0,0,0,0.0,0.0,0,0,2,0,0,1,14.29,0,8,2,25.0,2,7,7,3,16,34.78,13,65,59,124,50.9,2,0,181,3,1,0,Rhys Bozinovski,Heracles Almelo,1144148,2977
0,1,50.0,7,0,0.0,9,1,10,45.45,3,60.0,2,5,0,0,0,0,1,0,1,3,0,0,5,0,0,1,1,7,0,0,0.54,0.33,3,0,0.0,0,0,0,1,1,0,0,0,,0,0.0,0,0,0,12,0,2,0,0,71,0,0,0,0,0,0,0,0,0,0,0,16,1,0,6.36,0,0,0,0,0,0,0,0,0.0,0.0,0,6,0,3,0,0,0.0,0,0,0,0.0,2,1,0,2,3,30.0,0,19,3,22,31.8,6,0,35,0,0,0,Lucas Vennegoor of Hesselink,FC Twente,1634542,2955
0,0,0.0,1,0,0.0,1,0,1,50.0,0,0.0,3,2,0,0,0,0,1,0,0,0,0,0,2,0,0,0,0,4,0,0,0.02,0.04,0,0,0.0,0,0,0,0,0,0,0,0,,0,0.0,0,0,0,1,0,0,0,0,22,0,0,0,0,0,0,0,0,0,0,0,3,1,0,6.35,0,0,0,0,0,0,0,0,0.0,0.0,0,1,0,1,0,0,0.0,0,0,0,0.0,0,0,1,0,0,0.0,0,2,0,2,12.7,1,0,6,0,0,0,Tarik Hamamioglu,Heracles Almelo,2361972,2977
31,8,18.6,123,57,43.51,279,465,744,78.81,28,50.91,27,30,0,0,0,0,108,2,2,6,2,141,30,0,0,8,10,110,0,1,2.43,1.95,56,0,8.33,10,2,2,76,68,8,2,0,,71,46.1,1,0,0,200,27,15,0,30,2633,5,16,0,0,0,1,0,0,0,0,1,298,4,0,6.35,0,1,0,0,0,0,0,0,1316.5,0.0,0,19,5,11,7,9,47.37,0,44,27,61.36,15,73,19,43,99,47.37,131,427,517,944,190.4,24,0,1523,18,7,0,Ivan Mesík,Heracles Almelo,918484,2977
3,0,0.0,11,10,33.33,42,82,124,80.52,6,46.15,7,7,0,0,0,0,10,0,0,0,0,21,7,0,0,2,4,17,0,0,0.04,0.48,3,0,0.0,10,0,0,10,9,1,0,0,,9,47.37,0,0,0,30,4,1,0,3,358,0,5,0,0,0,0,0,0,0,0,0,36,0,0,6.33,0,0,0,0,0,0,0,0,0.0,0.0,0,2,3,3,2,1,50.0,0,6,2,33.33,1,17,2,0,15,46.88,30,62,92,154,44.3,5,0,216,2,0,0,Sava Arangel Čestić,Heracles Almelo,1014566,2977
1,0,0.0,11,4,20.0,53,77,130,81.25,9,36.0,16,7,0,0,0,0,15,0,0,0,0,17,6,0,0,1,2,24,0,0,0.02,0.05,5,0,0.0,1,0,0,5,5,0,0,0,,6,42.86,0,0,0,30,4,0,0,3,259,0,0,0,0,0,0,0,0,0,0,0,35,0,0,6.32,0,0,0,0,0,0,0,0,0.0,0.0,0,1,0,0,1,0,0.0,0,3,1,33.33,0,9,0,2,15,38.46,20,76,84,160,37.9,1,0,204,4,1,0,Bram Nuytinck,NEC Nijmegen,70930,2962
0,0,0.0,0,0,0.0,0,0,0,0.0,0,0.0,1,1,0,0,0,0,0,0,0,0,0,0,1,0,0,0,0,3,0,0,,,1,0,0.0,0,0,0,0,0,0,0,0,,0,0.0,0,0,0,0,0,0,0,0,8,0,0,0,0,0,0,0,0,0,0,0,2,0,0,6.3,0,0,0,0,0,0,0,0,0.0,0.0,0,0,0,0,0,0,0.0,0,0,0,0.0,0,0,1,0,0,0.0,0,0,0,0,6.3,0,0,4,0,0,0,Ofosu Boakye,Go Ahead Eagles,2056009,2979
0,0,0.0,1,0,0.0,2,0,2,50.0,0,0.0,2,1,0,0,0,0,2,0,0,0,0,0,1,0,0,1,0,4,0,0,0.0,,1,0,0.0,0,0,0,0,0,0,0,0,,0,0.0,0,0,0,2,0,0,0,0,18,0,0,0,0,0,0,0,0,0,0,0,4,1,0,6.3,0,0,0,0,0,0,0,0,0.0,0.0,0,0,0,0,0,0,0.0,0,0,0,0.0,0,0,0,1,0,0.0,0,2,2,4,6.3,0,0,7,0,0,0,Nesto Groen,Excelsior,1198088,2967
0,0,0.0,0,0,0.0,0,0,0,0.0,0,0.0,0,1,0,0,0,0,0,0,0,0,0,1,1,0,0,0,0,0,0,0,,,0,0,0.0,0,0,0,1,1,0,0,0,,0,0.0,0,0,0,0,0,0,0,0,11,0,0,0,0,0,0,0,0,0,0,0,0,0,0,6.3,0,0,0,0,0,0,0,0,0.0,0.0,0,0,0,0,0,0,0.0,0,0,0,0.0,0,0,0,0,0,0.0,0,0,0,0,6.3,0,0,3,0,0,0,Dylan Ruward,PEC Zwolle,1638397,2971
0,0,0.0,7,1,50.0,12,10,22,75.86,0,0.0,2,3,0,0,0,0,3,0,0,0,0,0,3,0,0,0,0,6,0,0,0.03,0.02,4,0,0.0,0,0,0,3,3,0,0,0,,1,20.0,0,0,0,7,0,0,0,1,105,1,0,0,0,0,0,0,0,0,0,0,10,1,0,6.3,0,0,0,0,0,0,0,0,0.0,0.0,0,0,1,0,1,0,0.0,0,1,0,0.0,0,0,0,0,1,14.29,2,17,12,29,18.9,1,0,37,0,0,0,Zach Booth,Excelsior,1138450,2967
9,1,50.0,28,16,40.0,71,161,232,84.36,11,68.75,5,10,0,0,0,0,19,0,0,0,1,29,10,0,1,0,4,16,0,0,0.21,0.11,7,0,0.0,3,0,0,17,14,3,0,0,,13,54.17,0,0,1,43,12,0,0,5,542,0,2,0,0,0,0,0,0,0,0,0,51,0,0,6.29,1,0,0,0,0,0,0,0,0.0,0.0,0,1,3,1,3,0,0.0,0,9,5,55.56,0,20,0,2,24,60.0,40,101,174,275,62.9,4,0,367,4,0,0,Stan Henderikx,Excelsior,1133679,2967
0,0,0.0,1,1,14.29,8,34,42,72.41,8,72.73,3,5,0,0,0,0,12,0,0,0,0,11,4,0,0,1,1,6,0,0,0.0,,1,0,0.0,0,0,0,6,5,1,0,0,,9,75.0,0,0,0,16,1,0,0,1,189,0,0,1,0,0,0,0,0,0,0,0,18,0,0,6.28,0,0,0,0,0,0,0,0,0.0,0.0,0,0,0,0,0,1,100.0,0,5,3,60.0,0,4,1,0,17,73.91,7,18,40,58,25.1,0,0,89,3,0,0,Terence Kongolo,NAC Breda,138837,2947
4,0,0.0,10,28,29.17,23,20,43,38.74,1,100.0,0,3,0,0,0,0,23,0,0,0,0,2,3,0,0,0,0,0,1,0,0.02,,0,0,0.0,17,0,0,4,4,0,0,0,-1.15,0,0.0,0,2,0,68,0,0,0,2,209,0,0,0,0,0,0,0,1,0,0,0,68,0,1,6.23,0,0,0,2,1,3,0,2,0.0,0.0,0,0,0,0,0,0,0.0,0,0,0,0.0,0,8,0,0,1,100.0,96,86,25,111,18.7,0,0,122,0,0,0,Roy Steur,FC Volendam,1403023,2968
1,0,0.0,5,1,50.0,10,15,25,89.29,0,0.0,1,1,0,0,0,0,3,0,0,0,0,0,1,0,0,0,4,9,0,0,0.01,,2,0,0.0,0,0,0,1,0,1,0,0,,2,20.0,0,0,0,3,2,1,0,1,70,0,0,0,0,0,0,0,0,0,0,0,6,0,0,6.2,0,0,0,0,0,0,0,0,0.0,0.0,0,0,0,0,0,1,33.33,0,1,0,0.0,1,2,3,0,2,18.18,2,11,17,28,6.2,0,0,38,0,1,0,Rio Robbemond,AZ Alkmaar,1590944,2950
0,0,0.0,1,0,0.0,1,1,2,100.0,0,0.0,0,1,0,0,0,0,0,0,0,0,0,0,1,0,0,0,0,0,0,0,0.0,,0,0,0.0,0,0,0,1,1,0,0,0,,2,100.0,0,0,0,0,0,0,0,0,11,0,0,0,0,0,0,0,0,0,0,0,0,0,0,6.0,0,0,0,0,0,0,0,0,0.0,0.0,0,0,0,0,0,0,0.0,0,2,1,50.0,0,0,0,0,2,100.0,0,1,1,2,6.0,0,0,5,0,0,0,Ilai Grootfaam ,Feyenoord,2465040,2959
8,0,0.0,7,19,52.78,15,12,27,61.36,0,0.0,0,1,0,0,0,0,9,0,0,0,0,0,1,0,0,0,1,1,1,0,0.0,,0,0,0.0,10,0,0,3,3,0,0,0,-0.95,0,0.0,0,0,0,17,0,0,0,1,90,0,0,0,0,0,0,0,0,0,0,0,18,0,0,5.9,0,0,1,2,0,2,0,0,0.0,0.0,0,0,0,0,0,0,0.0,0,0,0,0.0,0,11,0,0,0,0.0,36,30,14,44,5.9,0,0,50,0,0,0,Kostas Lamprou,NAC Breda,42876,2947
0,0,0.0,6,0,0.0,12,1,13,76.47,0,0.0,1,3,0,0,0,0,0,0,0,0,0,1,1,0,0,0,0,1,0,0,0.05,,0,0,0.0,0,0,0,0,0,0,0,0,,3,100.0,0,0,0,4,0,1,0,0,16,0,0,0,0,0,0,0,0,0,0,0,6,0,0,5.9,0,0,0,0,0,0,0,0,0.0,0.0,0,0,0,0,0,1,100.0,0,2,1,50.0,1,1,1,0,3,75.0,1,16,1,17,5.9,0,0,24,0,0,0,Isak Hansen Aarøen,NEC Nijmegen,1019011,2962
0,0,0.0,3,1,100.0,4,12,16,94.12,0,0.0,0,2,0,0,0,0,3,0,0,0,0,0,1,0,0,0,1,4,0,0,0.0,,1,0,0.0,0,0,0,3,3,0,0,0,,3,42.86,0,0,0,1,2,0,0,0,46,0,0,0,0,0,0,0,0,0,0,0,4,0,0,5.8,0,0,0,0,0,0,0,0,0.0,0.0,0,0,0,0,0,1,33.33,0,0,0,0.0,0,0,3,0,3,42.86,1,4,13,17,5.8,0,0,30,2,0,0,Emeka Adeile,FC Utrecht,1467980,2948
1,0,0.0,2,6,42.86,3,19,22,70.97,0,0.0,0,1,0,0,0,0,6,0,0,0,0,1,1,0,0,0,0,0,1,0,0.01,,0,0,0.0,3,0,0,2,2,0,0,0,-0.52,0,0.0,0,0,0,9,0,0,0,1,90,0,0,0,0,0,0,0,0,0,0,0,9,0,0,5.6,0,0,1,0,1,1,0,0,0.0,0.0,0,0,0,0,0,0,0.0,1,0,0,0.0,0,2,0,0,0,0.0,14,6,25,31,5.6,0,0,36,0,0,0,Nordin Bakker,SC Heerenveen,945955,2964
0,0,0.0,0,0,0.0,0,0,0,0.0,0,0.0,0,1,0,0,0,0,0,0,0,0,0,0,0,0,0,0,0,0,0,0,,,0,0,0.0,0,0,0,0,0,0,0,0,,0,0.0,0,0,0,0,0,0,0,0,1,0,0,0,0,0,0,0,0,0,0,0,0,0,0,0.0,0,0,0,0,0,0,0,0,0.0,0.0,0,0,0,0,0,0,0.0,0,0,0,0.0,0,0,0,0,0,0.0,0,0,0,0,0.0,0,0,0,0,0,0,Jismerai Dillema,FC Groningen,2199364,2951
0,0,0.0,0,0,0.0,0,0,0,0.0,0,0.0,1,1,0,0,0,0,0,0,0,0,0,1,0,0,0,0,0,1,0,0,,,0,0,0.0,0,0,0,0,0,0,0,0,,0,0.0,0,0,0,0,0,0,0,0,1,0,0,0,0,0,0,0,0,0,0,0,0,0,0,0.0,0,0,0,0,0,0,0,0,0.0,0.0,0,0,0,0,0,0,0.0,0,0,0,0.0,0,0,0,0,0,0.0,0,0,0,0,0.0,0,0,1,0,0,0,Hasip Korkmazyürek,Fortuna Sittard,1916795,2957
0,0,0.0,0,0,0.0,0,1,1,100.0,0,0.0,1,1,0,0,0,0,0,0,0,0,0,0,0,0,0,0,0,2,0,0,0.0,,0,0,0.0,0,0,0,0,0,0,0,0,,1,50.0,0,0,0,0,1,0,0,0,1,0,0,0,0,0,0,0,0,0,0,0,1,0,0,0.0,0,0,0,0,0,0,0,0,0.0,0.0,0,0,0,0,0,0,0.0,0,1,1,100.0,0,0,1,0,1,33.33,0,0,1,1,0.0,0,0,5,0,0,0,Ganni Buyukhan,Fortuna Sittard,2589410,2957
0,0,0.0,0,0,0.0,0,0,0,0.0,0,0.0,0,1,0,0,0,0,0,0,0,0,0,0,0,0,0,0,0,0,0,0,,0.01,0,0,0.0,0,0,0,0,0,0,0,0,,0,0.0,0,0,0,0,0,0,0,0,2,0,0,0,0,0,0,0,0,0,0,0,0,0,0,0.0,0,0,0,0,0,0,0,0,0.0,0.0,0,1,0,0,1,0,0.0,0,0,0,0.0,0,0,0,0,0,0.0,0,0,0,0,0.0,1,0,1,0,0,0,Amin Laoukili,Fortuna Sittard,2025660,2957
