accurateChippedPasses,accurateCrosses,accurateCrossesPercentage,accurateFinalThirdPasses,accurateLongBalls,accurateLongBallsPercentage,accurateOppositionHalfPasses,accurateOwnHalfPasses,accuratePasses,accuratePassesPercentage,aerialDuelsWon,aerialDuelsWonPercentage,aerialLost,appearances,assists,attemptPenaltyMiss,attemptPenaltyPost,attemptPenaltyTarget,ballRecovery,bigChancesCreated,bigChancesMissed,blockedShots,cleanSheet,clearances,countRating,crossesNotClaimed,directRedCards,dispossessed,dribbledPast,duelLost,errorLeadToGoal,errorLeadToShot,expectedAssists,expectedGoals,fouls,freeKickGoal,goalConversionPercentage,goalKicks,goals,goalsAssistsSum,goalsConceded,goalsConcededInsideTheBox,goalsConcededOutsideTheBox,goalsFromInsideTheBox,goalsFromOutsideTheBox,goalsPrevented,groundDuelsWon,groundDuelsWonPercentage,headedGoals,highClaims,hitWoodwork,inaccuratePasses,interceptions,keyPasses,leftFootGoals,matchesStarted,minutesPlayed,offsides,outfielderBlocks,ownGoals,passToAssist,penaltiesTaken,penaltyConceded,penaltyConversion,penaltyFaced,penaltyGoals,penaltySave,penaltyWon,possessionLost,possessionWonAttThird,punches,rating,redCards,rightFootGoals,runsOut,savedShotsFromInsideTheBox,savedShotsFromOutsideTheBox,saves,savesCaught,savesParried,scoringFrequency,setPieceConversion,shotFromSetPiece,shotsFromInsideTheBox,shotsFromOutsideTheBox,shotsOffTarget,shotsOnTarget,successfulDribbles,successfulDribblesPercentage,successfulRunsOut,tackles,tacklesWon,tacklesWonPercentage,totalAttemptAssist,totalChippedPasses,totalContest,totalCross,totalDuelsWon,totalDuelsWonPercentage,totalLongBalls,totalOppositionHalfPasses,totalOwnHalfPasses,totalPasses,totalRating,totalShots,totwAppearances,touches,wasFouled,yellowCards,yellowRedCards,player,team,player id,team id
12,4,16.67,301,4,44.44,396,104,496,73.16,36,50.7,35,33,7,0,0,0,75,11,23,28,12,20,33,0,0,54,4,182,0,0,6.88,30.95,24,2,28.06,0,39,46,26,22,4,36,3,,146,49.83,0,0,4,182,6,63,3,31,2804,9,,0,1,12,0,100.0,0,12,0,4,422,31,0,8.0,0,36,0,0,0,0,0,0,71.9,28.57,7,119,20,31,80,60,47.62,0,9,5,55.56,62,19,126,24,182,50.0,9,585,117,678,264.1,139,16,1320,77,4,0,Viktor Gyökeres,Sporting CP,804508,3001
2,0,0.0,7,12,48.0,10,8,18,58.06,1,100.0,0,1,0,0,0,0,14,0,0,0,1,2,1,0,0,0,0,0,0,0,0.01,,0,0,0.0,6,0,0,0,0,0,0,0,0.35,0,0.0,0,3,0,13,0,0,0,1,90,0,,0,0,0,0,0.0,0,0,0,0,13,0,1,7.7,0,0,1,1,1,2,0,0,0.0,0.0,0,0,0,0,0,0,0.0,1,0,0,0.0,0,3,0,0,1,100.0,25,20,11,31,7.7,0,1,45,0,1,0,Luiz Júnior,Famalicão,1066603,49531
49,21,26.92,422,44,77.19,669,173,821,82.68,4,36.36,7,34,14,0,0,0,100,18,10,39,6,27,34,0,0,43,17,157,0,1,7.59,9.15,24,0,8.49,0,9,23,24,21,3,7,2,,178,54.27,0,0,3,172,13,76,9,34,2952,0,,0,1,0,0,0.0,0,0,0,1,424,33,0,7.62,0,0,0,0,0,0,0,0,328.0,0.0,3,54,52,32,35,70,51.47,0,51,29,56.86,75,88,136,78,182,53.69,57,869,202,993,259.2,106,12,1690,57,1,0,Francisco Trincão,Sporting CP,830431,3001
1,0,0.0,1,5,50.0,1,21,22,81.48,0,0.0,0,2,0,0,0,0,16,0,0,0,2,0,2,0,0,0,0,0,0,0,0.0,,0,0,0.0,10,0,0,0,0,0,0,0,1.02,0,0.0,0,1,0,5,0,0,0,2,180,0,,0,0,0,0,0.0,1,0,1,0,5,0,0,7.6,0,0,0,2,3,5,0,0,0.0,0.0,0,0,0,0,0,0,0.0,0,0,0,0.0,0,1,0,0,0,0.0,10,4,23,27,15.2,0,1,48,0,0,0,Samuel Soares,Benfica,983550,3006
1,0,0.0,5,18,34.62,13,18,31,46.97,1,100.0,0,2,0,0,0,0,21,0,0,0,1,3,2,0,0,0,0,0,0,0,0.0,,0,0,0.0,19,0,0,3,3,0,0,0,-0.45,1,100.0,0,4,0,35,0,0,0,2,180,0,,0,0,0,0,0.0,1,0,1,0,35,0,1,7.5,0,0,2,7,0,7,0,0,0.0,0.0,0,0,0,0,0,0,0.0,2,0,0,0.0,0,1,0,0,2,100.0,52,45,21,66,15.0,0,0,88,1,1,0,Marko Gudžulić,CF Estrela Amadora,1147582,3035
98,48,34.78,586,128,62.75,1061,584,1597,86.14,6,30.0,14,33,7,0,0,0,184,12,2,19,6,8,33,0,0,22,20,112,0,3,7.39,4.67,34,0,11.29,0,7,14,25,21,4,3,4,,94,48.96,0,0,1,257,13,77,0,30,2646,3,,0,1,2,0,100.0,0,2,0,0,446,18,0,7.5,0,7,0,0,0,0,0,0,378.0,0.0,14,11,51,19,24,11,33.33,0,41,27,65.85,76,175,33,138,100,47.17,204,1375,617,1854,247.4,62,10,2352,43,8,0,Orkun Kökçü,Benfica,907461,3006
8,0,0.0,11,78,38.05,52,122,174,57.62,1,50.0,1,12,0,0,0,0,122,0,0,0,3,12,12,0,0,0,0,1,1,0,0.02,,0,0,0.0,120,0,0,22,19,3,0,0,1.97,3,100.0,0,10,0,128,0,0,0,12,1080,0,,0,0,0,0,0.0,3,0,0,0,132,0,5,7.44,0,0,6,44,11,55,0,12,0.0,0.0,0,0,0,0,0,0,0.0,6,0,0,0.0,0,11,0,0,4,80.0,205,167,135,302,89.3,0,3,454,2,1,0,Tomáš Vaclík,Boavista,23715,2995
59,0,0.0,147,131,61.21,583,1220,1803,89.52,127,75.6,41,31,2,0,0,0,146,2,3,5,13,108,31,0,0,2,14,86,2,3,1.97,3.82,26,0,21.43,33,6,8,25,21,4,6,0,,84,65.12,5,0,0,211,60,10,0,30,2709,1,,0,0,0,2,0.0,0,0,0,1,239,2,0,7.44,0,1,0,0,0,0,0,0,451.5,0.0,0,26,2,11,12,9,69.23,0,53,31,58.49,10,100,13,2,211,71.04,214,742,1274,2014,230.6,28,8,2418,25,4,0,Nicolás Otamendi,Benfica,74915,3006
17,14,36.84,131,12,66.67,213,63,262,80.12,2,18.18,9,14,4,0,0,0,32,9,4,19,2,0,14,0,0,15,8,67,0,0,3.72,4.03,11,0,13.16,0,5,9,5,5,0,4,1,,34,36.96,1,0,0,65,5,42,0,12,882,2,,0,0,0,0,0.0,0,0,0,0,160,8,0,7.43,0,4,0,0,0,0,0,0,176.4,0.0,1,23,15,10,9,11,31.43,0,13,4,30.77,42,30,35,38,36,34.95,18,298,67,327,104.0,38,5,556,10,3,0,Pedro Gonçalves,Sporting CP,895764,3001
135,46,29.49,397,167,73.25,891,729,1574,87.98,13,43.33,17,30,4,0,0,0,158,5,1,5,5,26,30,0,1,13,14,89,1,3,4.53,3.48,33,1,18.52,0,5,9,26,21,5,3,2,,115,61.5,0,0,3,215,28,51,0,27,2338,1,,0,0,3,0,100.0,0,3,0,0,399,13,0,7.43,1,5,0,0,0,0,0,0,467.6,12.5,8,4,23,9,13,23,58.97,0,46,26,56.52,51,196,39,156,128,58.99,228,1162,783,1789,222.8,27,4,2294,46,6,0,Tiago Silva,Vitória SC,252095,3009
60,36,27.07,316,68,61.26,499,165,628,77.53,0,0.0,2,25,5,0,0,0,76,11,4,17,0,0,25,0,0,18,12,99,0,0,7.18,8.81,17,0,12.9,0,8,13,17,14,3,8,0,,73,42.94,0,0,0,182,8,46,8,20,1657,10,,0,1,5,0,100.0,0,5,0,1,401,24,0,7.41,0,0,0,0,0,0,0,0,207.13,0.0,8,29,33,27,18,29,35.8,0,16,7,43.75,45,123,81,133,73,42.44,111,760,183,810,185.3,62,3,1283,28,5,0,Ángel Di María,Benfica,30027,3006
10,3,12.5,199,27,48.21,347,152,496,79.87,10,32.26,21,18,0,0,1,1,73,4,6,9,4,21,18,0,0,15,8,79,0,0,2.27,9.12,21,0,16.33,0,8,8,13,11,2,8,0,,62,51.67,2,0,2,125,15,22,0,17,1449,1,,0,0,6,0,66.67,0,4,0,3,245,6,0,7.41,0,6,0,0,0,0,0,0,181.13,0.0,0,28,21,15,25,14,46.67,0,17,12,70.59,22,24,30,24,72,47.68,56,473,172,621,133.4,49,5,1001,31,4,0,Wenderson Galeno,FC Porto,845754,3002
25,19,23.46,195,34,68.0,362,166,509,81.57,39,54.17,33,19,5,0,0,0,93,5,1,15,0,11,19,0,0,30,17,133,0,0,2.52,3.57,22,0,9.3,0,4,9,19,18,1,3,1,,107,51.69,0,0,0,115,5,28,0,17,1398,0,,0,0,1,0,100.0,0,1,0,0,293,18,0,7.36,0,4,0,0,0,0,0,0,349.5,0.0,7,25,18,19,9,34,51.52,0,34,15,44.12,28,45,66,81,146,52.33,50,525,180,624,139.9,43,4,1072,39,4,0,Rodrigo Zalazar,Sporting Braga,966575,2999
1,4,40.0,22,2,66.67,35,12,43,82.69,0,0.0,1,4,1,0,0,0,10,2,1,1,0,0,4,0,0,1,1,9,0,0,0.86,0.79,2,0,14.29,0,1,2,1,1,0,1,0,,9,52.94,0,0,0,9,0,4,0,0,107,0,,0,0,0,0,0.0,0,0,0,0,27,3,0,7.33,0,1,0,0,0,0,0,0,107.0,0.0,0,6,1,2,4,6,60.0,0,3,2,66.67,4,2,10,10,9,50.0,3,48,14,52,29.3,7,1,102,0,1,0,Tiago Gouveia,Benfica,976410,3006
27,0,0.0,257,45,76.27,508,311,819,90.2,29,42.65,39,17,3,0,0,0,73,0,5,5,4,11,17,0,1,16,8,99,0,0,1.23,4.27,36,0,18.52,0,5,8,11,9,2,4,1,,62,50.82,1,0,1,89,6,14,1,17,1447,0,,0,0,0,0,0.0,0,0,0,1,134,15,0,7.3,1,3,0,0,0,0,0,0,289.4,0.0,0,16,11,13,9,12,80.0,0,34,19,55.88,14,38,15,7,91,47.89,59,585,330,908,124.1,27,3,1110,16,6,0,Nico González,FC Porto,954056,3002
0,0,0.0,0,2,28.57,1,11,12,70.59,1,100.0,0,1,0,0,0,0,7,0,0,0,0,0,1,0,0,0,0,0,0,0,0.0,,0,0,0.0,7,0,0,0,0,0,0,0,0.21,0,0.0,0,0,0,5,0,0,0,0,45,0,,0,0,0,0,0.0,0,0,0,0,5,0,0,7.3,0,0,0,1,2,3,0,0,0.0,0.0,0,0,0,0,0,0,0.0,0,0,0,0.0,0,0,0,0,1,100.0,7,6,11,17,7.3,0,0,26,1,0,0,Francisco Meixedo,CF Estrela Amadora,954721,3035
17,16,29.09,201,16,57.14,328,119,431,73.05,21,58.33,15,30,9,0,0,0,106,17,11,16,1,7,30,0,0,25,19,129,0,0,4.95,9.67,19,0,17.19,0,11,20,20,17,3,11,0,,76,40.0,2,0,4,159,17,41,2,25,2021,13,,0,0,0,0,0.0,0,0,0,0,346,35,0,7.3,0,7,0,0,0,0,0,0,183.73,0.0,2,43,21,19,29,25,32.89,0,22,16,72.73,41,34,76,55,97,42.92,28,505,140,590,218.9,64,4,1055,30,3,0,Kerem Aktürkoğlu,Benfica,903324,3006
14,1,5.0,316,21,63.64,456,145,600,81.3,5,35.71,9,27,7,0,0,1,83,14,10,18,4,2,27,0,0,23,10,91,0,0,5.53,10.85,14,0,13.11,0,8,15,17,12,5,8,0,,94,53.41,1,0,1,138,2,26,0,18,1718,13,,0,0,4,0,75.0,0,3,0,1,272,19,0,7.29,0,7,0,0,0,0,0,0,214.75,0.0,2,37,24,22,21,57,61.29,0,15,10,66.67,26,27,93,20,99,52.11,33,599,159,738,196.8,61,6,1096,22,1,0,Bruma,Benfica,97012,3006
45,40,37.04,279,54,61.36,508,259,727,84.44,9,42.86,12,26,4,0,0,0,93,11,3,13,3,11,26,0,0,12,11,93,0,0,5.05,2.98,37,0,8.7,0,4,8,19,17,2,4,0,,90,52.63,0,0,3,134,11,42,4,21,1851,2,,0,1,0,1,0.0,0,0,0,0,265,16,0,7.29,0,0,0,0,0,0,0,0,462.75,0.0,6,19,27,18,15,13,35.14,0,36,23,63.89,41,82,37,108,99,51.56,88,690,279,861,189.5,46,5,1248,41,7,0,Fábio Vieira,FC Porto,904835,3002
35,33,30.0,373,34,62.96,615,302,884,85.66,5,17.86,23,34,6,0,0,0,83,8,11,10,9,21,34,0,0,20,30,112,0,0,4.54,7.77,25,1,19.23,0,10,16,28,23,5,9,1,,87,49.43,0,0,2,148,8,60,3,32,2845,4,,0,0,0,0,0.0,0,0,0,1,311,13,0,7.28,0,7,0,0,0,0,0,0,284.5,100.0,1,36,16,20,22,13,48.15,0,41,25,60.98,60,64,27,110,92,45.1,54,812,330,1032,247.5,52,6,1499,33,2,0,Ricardo Horta,Sporting Braga,314380,2999
27,14,28.57,146,30,54.55,260,131,377,77.89,11,40.74,16,21,5,0,0,0,76,5,2,7,0,15,20,0,0,19,15,94,0,0,2.82,3.02,22,0,13.89,0,5,10,22,17,5,4,1,,75,49.02,0,0,0,107,6,21,0,18,1500,1,,0,0,0,0,0.0,0,0,0,1,231,14,0,7.26,1,5,0,0,0,0,0,0,300.0,0.0,2,15,21,13,16,21,48.84,0,28,19,67.86,21,51,43,49,86,47.78,55,386,147,484,145.2,36,2,802,26,1,1,Nuno Moreira,Casa Pia,851285,36365
51,39,21.31,357,86,64.66,582,292,835,75.02,8,32.0,17,33,3,0,0,0,124,10,9,11,4,32,33,0,0,38,15,144,0,1,6.31,9.07,16,0,19.15,0,9,12,44,40,4,9,0,,126,49.8,0,0,2,278,36,61,0,32,2894,15,,0,1,3,0,100.0,0,3,0,0,599,15,0,7.25,0,9,0,0,0,0,0,0,321.56,0.0,2,36,11,19,17,28,32.56,0,32,21,65.63,60,107,86,183,134,48.2,133,944,352,1113,239.2,47,3,1823,66,3,0,Félix Correia,Gil Vicente,934498,3010
19,3,37.5,195,26,74.29,281,133,411,74.05,36,37.5,60,34,7,0,0,0,62,10,18,18,1,10,34,0,0,35,7,159,1,0,4.84,18.43,21,0,22.62,0,19,26,20,16,4,18,1,,73,42.44,3,0,5,144,5,40,4,27,2275,30,,0,0,3,0,100.0,0,3,0,1,298,26,0,7.25,0,12,0,0,0,0,0,0,119.74,0.0,0,71,13,28,38,31,43.06,0,18,11,61.11,40,34,72,8,109,40.67,35,407,156,555,246.4,84,5,976,26,3,0,Vangelis Pavlidis,Benfica,795236,3006
1,0,0.0,4,22,53.66,7,106,113,84.96,1,100.0,0,5,0,0,0,0,45,1,0,0,1,7,5,0,0,0,0,0,0,0,0.03,,0,0,0.0,50,0,0,6,5,1,0,0,-0.48,4,100.0,0,8,0,20,0,1,0,5,450,0,,0,0,0,0,0.0,1,0,0,0,21,0,3,7.24,0,0,3,6,8,14,0,6,0.0,0.0,0,0,0,0,0,0,0.0,3,0,0,0.0,1,3,0,0,5,100.0,41,17,116,133,36.2,0,0,191,3,0,0,João Valido,FC Arouca,973352,25777
22,27,21.43,206,27,57.45,386,156,515,79.97,15,32.61,31,28,3,0,0,0,109,6,3,7,4,19,28,0,0,24,13,121,0,1,4.03,3.34,25,0,6.0,0,3,6,15,15,0,1,2,,115,56.1,0,0,1,129,20,35,2,21,1743,3,,0,1,0,0,0.0,0,0,0,0,334,29,0,7.24,0,0,0,0,0,0,0,0,581.0,0.0,0,27,23,19,24,36,53.73,0,41,21,51.22,34,39,67,126,130,51.79,47,590,180,644,202.6,50,3,1158,39,1,0,Roger Fernandes,Sporting Braga,1128560,2999
1,3,20.0,46,3,60.0,86,50,133,85.81,4,40.0,6,3,0,0,0,0,16,1,0,0,2,5,3,0,0,1,2,18,0,1,0.46,0.05,5,0,0.0,0,0,0,0,0,0,0,0,,15,55.56,0,0,0,22,2,4,0,3,266,0,,0,0,0,0,0.0,0,0,0,0,49,0,0,7.23,0,0,0,0,0,0,0,0,0.0,0.0,0,1,0,1,0,5,55.56,0,7,4,57.14,4,4,9,15,19,51.35,5,111,59,155,21.7,1,0,232,3,1,0,Leandro Santos,Benfica,1489200,3006
86,0,0.0,348,99,54.4,877,988,1865,89.84,51,53.13,45,28,2,0,0,0,117,2,4,4,10,72,28,0,0,8,15,94,0,1,1.21,2.69,27,0,17.65,6,3,5,17,15,2,3,0,,52,51.49,2,0,0,211,29,14,1,25,2253,2,,0,0,0,0,0.0,0,0,0,0,233,1,0,7.23,0,0,0,0,0,0,0,0,751.0,0.0,0,15,2,8,5,3,75.0,0,40,23,57.5,14,149,4,2,103,52.28,182,1020,1058,2076,202.3,17,6,2338,9,6,0,Gonçalo Inácio,Sporting CP,1001196,3001
12,0,0.0,10,74,41.57,45,180,225,67.98,5,83.33,1,11,0,0,0,0,84,0,0,0,2,6,11,0,0,0,0,1,1,1,0.01,,0,0,0.0,82,0,0,15,14,1,0,0,7.42,2,100.0,0,7,0,106,0,0,0,11,990,0,,0,0,0,0,0.0,3,0,1,0,110,0,3,7.22,0,0,6,32,10,43,0,3,0.0,0.0,0,0,0,0,0,0,0.0,4,0,0,0.0,0,29,0,0,7,87.5,178,120,211,331,79.4,0,0,441,4,0,0,Simão,AVS - Futebol SAD,981817,483088
30,2,16.67,209,26,70.27,399,214,611,91.06,8,42.11,11,18,4,0,0,0,54,3,2,10,3,7,18,0,0,11,8,49,1,0,1.69,2.62,15,0,9.68,0,3,7,10,8,2,2,1,,59,60.82,0,0,0,60,4,21,3,14,1086,0,,0,0,0,0,0.0,0,0,0,0,108,12,0,7.21,0,0,0,0,0,0,0,0,362.0,0.0,0,14,17,12,9,10,66.67,0,26,15,57.69,21,44,15,12,67,57.76,37,454,229,671,129.7,31,3,856,23,3,0,Daniel Bragança,Sporting CP,861979,3001
9,13,33.33,65,12,75.0,139,60,186,88.15,0,0.0,0,7,0,0,0,0,15,0,0,4,2,4,6,0,0,1,2,7,0,0,0.96,0.19,3,0,0.0,0,0,0,0,0,0,0,0,,7,50.0,0,0,0,25,4,12,0,4,353,3,,0,0,0,0,0.0,0,0,0,0,58,1,0,7.2,0,0,0,0,0,0,0,0,0.0,0.0,0,2,6,3,1,0,0.0,0,4,0,0.0,12,15,1,39,7,50.0,16,186,64,211,43.2,8,0,313,3,0,0,Nuno Santos,Sporting CP,352882,3001
2,3,30.0,39,4,80.0,66,17,80,86.96,0,0.0,0,2,0,0,0,0,6,0,0,1,0,0,2,0,0,4,0,8,0,0,0.59,0.08,1,0,0.0,0,0,0,2,1,1,0,0,,5,38.46,0,0,0,12,0,5,0,2,155,0,,0,0,0,0,0.0,0,0,0,0,30,4,0,7.2,0,0,0,0,0,0,0,0,0.0,0.0,0,0,3,0,2,0,0.0,0,3,2,66.67,5,4,3,10,5,38.46,5,85,17,92,14.4,3,0,127,2,1,0,João Mário,Benfica,97001,3006
0,0,0.0,2,0,0.0,2,0,2,66.67,1,50.0,1,1,0,0,0,0,1,0,0,0,0,1,1,0,0,0,0,1,0,0,0.09,0.02,0,0,0.0,0,0,0,0,0,0,0,0,,2,100.0,0,0,0,1,0,2,0,0,8,0,,0,0,0,0,0.0,0,0,0,0,1,1,0,7.2,0,0,0,0,0,0,0,0,0.0,0.0,0,0,1,0,1,0,0.0,0,1,1,100.0,2,0,0,0,3,75.0,0,2,1,3,7.2,1,0,8,1,0,0,Bilal Mazhar,CF Estrela Amadora,1416499,3035
25,25,34.72,269,23,47.92,454,217,646,84.89,20,60.61,13,28,4,0,0,0,96,11,3,3,2,35,28,0,1,19,14,121,0,0,5.48,2.64,32,0,17.65,0,3,7,18,17,1,3,0,,108,50.0,1,0,2,115,19,42,2,19,1773,4,,0,1,0,0,0.0,0,0,0,1,275,14,0,7.2,1,0,0,0,0,0,0,0,591.0,0.0,1,15,2,7,7,28,38.89,0,50,35,70.0,41,40,72,72,128,51.41,48,601,232,761,201.5,17,2,1331,32,7,0,Maximiliano Araújo,Sporting CP,929193,3001
14,0,0.0,88,21,77.78,167,108,275,78.8,49,50.52,48,30,3,0,0,0,51,5,18,13,9,12,30,0,1,28,1,135,0,0,2.21,14.07,35,0,23.17,0,19,22,26,20,6,19,0,,49,36.03,3,0,1,74,6,18,4,23,2263,6,,0,0,4,0,100.0,0,4,0,2,225,15,0,7.18,1,12,0,0,0,0,0,0,119.11,0.0,0,72,10,35,34,13,30.95,0,4,2,50.0,18,19,42,4,98,42.06,27,227,126,349,215.5,82,5,727,32,3,0,Samu Aghehowa,FC Porto,1503836,3002
26,27,29.67,292,34,47.22,576,430,979,82.27,28,50.0,28,31,10,0,0,0,105,10,0,0,11,44,31,0,0,17,17,113,0,0,3.93,0.4,28,0,37.5,0,3,13,26,21,5,3,0,,78,47.85,3,0,0,211,19,43,0,30,2578,5,,0,0,0,0,0.0,0,0,0,0,384,11,0,7.17,0,0,0,0,0,0,0,0,859.33,0.0,0,8,0,3,5,16,41.03,0,46,25,54.35,43,64,39,91,106,48.4,72,781,500,1190,222.3,8,4,1865,16,2,0,Francisco Moura,FC Porto,985138,3002
21,4,25.0,160,18,72.0,253,90,339,79.58,2,33.33,4,23,4,0,0,0,53,4,4,17,0,3,23,0,0,27,14,92,0,0,1.34,4.64,15,0,22.73,0,10,14,14,13,1,9,1,,64,42.11,0,0,1,87,9,21,4,16,1387,6,,0,0,0,0,0.0,0,0,0,0,198,16,0,7.17,0,6,0,0,0,0,0,0,138.7,0.0,1,29,15,10,17,20,37.74,0,19,14,73.68,21,26,53,16,66,41.77,25,341,101,426,164.9,44,3,714,25,3,0,Rodrigo Mora,FC Porto,1410240,3002
18,0,0.0,21,183,35.47,131,394,525,60.83,13,100.0,0,33,0,0,0,0,256,1,0,0,8,40,33,1,0,0,0,0,1,0,0.03,,0,0,0.0,307,0,0,46,42,4,0,0,3.07,8,100.0,0,31,0,338,0,1,0,33,2925,0,,0,0,0,0,0.0,9,0,0,0,346,0,23,7.17,0,0,13,75,29,105,1,35,0.0,0.0,0,0,0,0,0,1,100.0,12,0,0,0.0,1,34,1,0,21,100.0,516,418,445,863,236.5,0,4,1179,15,5,0,Lucas França,CD Nacional,832672,3013
61,19,23.17,418,96,51.34,797,623,1401,82.8,31,56.36,24,32,1,0,0,0,167,2,1,9,11,67,32,0,0,12,22,125,1,2,2.57,1.3,39,0,15.79,0,3,4,25,21,4,3,0,,126,55.51,0,0,0,291,40,33,2,30,2745,3,,0,0,0,0,0.0,0,0,0,0,484,12,0,7.17,0,1,0,0,0,0,0,0,915.0,0.0,0,11,8,5,5,34,53.13,0,64,39,60.94,33,127,64,82,157,55.67,187,1075,699,1692,229.3,19,3,2470,28,9,0,Álvaro Carreras,Benfica,1085081,3006
19,0,0.0,8,81,33.06,40,332,372,69.02,5,83.33,1,17,0,0,0,0,148,0,0,0,8,17,17,0,0,0,1,2,2,1,0.01,,0,0,0.0,92,0,0,11,10,1,0,0,1.73,1,50.0,0,14,0,167,0,0,0,17,1530,0,,0,0,0,0,0.0,1,0,0,0,169,0,7,7.16,0,0,14,25,22,48,1,11,0.0,0.0,0,0,0,0,0,0,0.0,12,0,0,0.0,0,38,0,0,6,75.0,245,169,370,539,121.8,0,0,723,2,0,0,Lukáš Horníček,Sporting Braga,963744,2999
27,30,22.39,321,42,52.5,557,227,754,81.78,15,45.45,18,34,4,0,0,0,103,12,4,10,2,17,34,0,0,15,17,98,0,0,4.38,3.39,10,0,4.55,0,2,6,18,16,2,2,0,,92,53.49,0,0,3,168,11,54,2,26,2256,3,,0,1,0,0,0.0,0,0,0,1,394,9,0,7.15,0,0,0,0,0,0,0,0,1128.0,0.0,3,26,18,21,13,38,49.35,0,22,14,63.64,53,62,77,134,107,52.2,80,794,262,922,243.1,44,2,1533,32,2,0,Geovany Quenda,Sporting CP,1403165,3001
2,3,75.0,30,3,60.0,57,39,93,90.29,1,33.33,2,4,0,0,0,0,14,1,1,1,0,1,4,0,0,1,1,4,0,0,0.5,0.52,0,0,0.0,0,0,0,5,5,0,0,0,,15,88.24,0,0,0,10,3,6,0,3,251,1,,0,0,0,0,0.0,0,0,0,0,19,2,0,7.15,0,0,0,0,0,0,0,0,0.0,0.0,0,3,3,1,4,3,100.0,0,8,3,37.5,6,5,3,4,16,80.0,5,66,41,103,28.6,6,0,150,4,0,0,Maxime Dominguez,Gil Vicente,282233,3010
37,1,10.0,71,52,57.78,241,440,680,89.47,29,69.05,13,11,0,0,0,0,37,1,1,1,3,41,11,0,0,0,2,24,0,0,0.29,0.65,10,0,14.29,5,1,1,11,9,2,1,0,,18,62.07,1,0,0,80,12,4,0,11,943,0,,0,0,0,1,0.0,0,0,0,0,96,2,0,7.15,0,0,0,0,0,0,0,0,943.0,0.0,0,7,0,5,1,2,100.0,0,13,7,53.85,4,67,2,10,47,66.2,90,302,468,760,78.6,7,1,884,4,0,0,Iván Marcano,FC Porto,26056,3002
23,0,0.0,45,193,37.33,129,324,453,58.08,10,90.91,1,28,0,0,0,0,231,0,0,0,6,33,28,0,0,0,1,2,1,1,0.18,,1,0,0.0,254,0,0,40,39,1,0,0,0.07,6,85.71,0,26,0,327,0,1,0,28,2520,0,,0,0,0,1,0.0,7,0,0,0,333,0,19,7.14,0,0,11,57,31,89,0,11,0.0,0.0,0,0,0,0,0,0,0.0,11,0,0,0.0,1,35,0,0,16,88.89,517,415,365,780,200.0,0,2,1062,7,1,0,Ricardo Velho,SC Farense,845792,2998
48,0,0.0,90,97,45.33,312,915,1227,85.27,76,56.3,59,29,0,0,0,0,94,0,2,5,12,156,29,0,0,1,8,97,1,0,0.38,1.89,32,0,14.29,31,2,2,29,27,2,2,0,,56,59.57,1,0,0,212,47,3,1,27,2476,2,,0,0,1,0,100.0,0,1,0,0,230,1,0,7.14,0,0,0,0,0,0,0,0,1238.0,0.0,4,8,6,3,6,1,100.0,0,41,25,60.98,3,101,1,1,132,57.64,214,430,1010,1439,207.1,14,5,1815,15,5,0,Justin De Haas,Famalicão,876255,49531
77,17,33.33,327,107,62.21,771,661,1415,89.5,20,58.82,14,31,3,0,0,0,129,5,0,4,9,34,30,0,0,4,14,71,1,2,1.64,0.5,28,0,0.0,1,0,3,15,13,2,0,0,,62,52.1,0,0,1,166,27,25,0,23,2126,0,,0,0,0,0,0.0,0,0,0,0,241,5,0,7.14,0,0,0,0,0,0,0,0,0.0,0.0,4,2,14,6,6,7,38.89,0,38,27,71.05,25,138,18,51,82,53.59,172,938,694,1581,214.1,16,2,1883,17,3,0,Zeno Debast,Sporting CP,1126512,3001
136,32,30.48,315,100,51.55,749,844,1561,84.02,25,51.02,24,28,4,0,0,0,144,5,0,9,4,32,28,0,0,22,21,119,0,1,3.44,1.14,35,1,3.45,0,1,5,41,38,3,0,1,,115,54.76,0,0,0,297,34,47,1,26,2384,0,,0,0,0,2,0.0,0,0,0,0,449,9,0,7.14,0,0,0,0,0,0,0,0,2384.0,10.0,10,0,29,11,9,25,54.35,0,44,25,56.82,47,257,46,105,140,54.05,194,1044,919,1858,199.8,29,1,2350,47,6,0,Jordan Holsgrove,Estoril Praia,920684,4500
34,1,20.0,201,73,52.52,520,709,1228,88.35,26,50.0,26,20,0,0,0,0,73,0,2,4,9,53,20,0,0,2,11,66,2,1,0.5,1.46,21,0,11.76,9,2,2,14,10,4,1,1,,60,60.0,1,0,2,162,25,6,1,18,1641,0,,0,0,0,2,0.0,0,0,0,0,191,2,0,7.14,0,0,0,0,0,0,0,0,820.5,0.0,0,10,7,8,5,5,38.46,0,25,15,60.0,6,85,13,5,86,56.58,139,638,757,1390,142.7,17,2,1632,30,6,0,Otávio,FC Porto,1069159,3002
30,0,0.0,20,148,29.19,87,489,576,60.7,13,100.0,0,32,0,0,0,0,308,0,0,0,7,36,32,0,0,0,1,1,1,4,0.05,,0,0,0.0,190,0,0,41,35,6,0,0,2.69,9,90.0,0,33,0,373,0,2,0,32,2880,0,,0,1,0,0,0.0,7,0,0,0,379,0,12,7.13,0,0,13,63,54,117,1,19,0.0,0.0,0,0,0,0,0,0,0.0,11,0,0,0.0,1,62,0,0,22,95.65,507,343,606,949,228.3,0,4,1326,11,4,0,Patrick Sequeira,Casa Pia,821628,36365
16,11,39.29,110,19,50.0,207,129,325,86.44,3,100.0,0,12,4,0,0,0,36,2,1,5,0,6,12,0,0,2,5,15,0,0,1.57,0.59,7,0,0.0,0,0,4,6,6,0,0,0,,28,65.12,0,0,0,51,3,14,0,6,509,0,,0,0,0,0,0.0,0,0,0,0,85,6,0,7.13,0,0,0,0,0,0,0,0,0.0,0.0,0,5,8,5,3,7,77.78,0,15,10,66.67,14,34,9,28,31,67.39,38,267,137,376,85.6,13,0,491,6,0,0,André Horta,Sporting Braga,775699,2999
51,0,0.0,376,54,60.0,788,591,1379,90.78,18,56.25,14,28,2,0,0,0,160,2,2,4,7,31,28,0,0,14,19,86,0,2,2.01,2.02,31,0,11.76,0,2,4,21,18,3,1,1,,120,62.5,0,0,1,140,28,26,0,26,2221,1,,0,0,1,1,100.0,0,1,0,0,195,9,0,7.13,1,2,0,0,0,0,0,0,1110.5,0.0,0,12,5,6,7,16,64.0,0,54,37,68.52,26,80,25,10,138,61.61,90,900,629,1519,199.7,17,1,1833,50,9,1,Morten Hjulmand,Sporting CP,859917,3001
16,0,0.0,7,65,34.57,37,223,260,67.36,8,100.0,0,15,0,0,0,0,105,0,0,0,5,21,15,0,0,0,0,0,0,0,0.01,,0,0,0.0,92,0,0,18,17,1,0,0,4.96,5,100.0,0,16,0,126,0,0,0,15,1350,0,,0,0,0,0,0.0,1,0,0,0,128,0,11,7.13,0,0,4,31,14,45,0,10,0.0,0.0,0,0,0,0,0,0,0.0,4,0,0,0.0,0,31,0,0,13,100.0,188,126,260,386,106.9,0,0,543,7,2,0,Ivan Zlobin,Famalicão,788203,49531
21,26,30.95,103,18,48.65,194,95,263,77.35,11,84.62,2,14,0,0,1,0,52,3,3,6,1,9,14,0,0,8,9,34,0,0,2.37,3.15,9,0,3.45,0,1,1,14,13,1,1,0,,39,54.93,0,0,1,77,5,20,1,14,1134,1,,0,0,1,0,0.0,0,0,0,0,190,8,0,7.12,0,0,0,0,0,0,0,0,1134.0,0.0,5,11,18,12,11,8,57.14,0,13,11,84.62,20,42,14,84,50,59.52,37,311,113,340,99.7,29,1,614,18,4,0,Rony Lopes,SC Farense,190147,2998
42,12,28.57,167,47,35.07,342,411,741,72.72,74,70.48,31,25,1,0,0,0,99,4,1,1,6,101,25,0,0,9,18,93,0,0,1.99,1.73,35,0,10.0,0,2,3,34,30,4,2,0,,83,57.24,0,0,0,278,37,15,1,25,2183,0,,1,0,0,0,0.0,0,0,0,0,395,2,0,7.12,0,1,0,0,0,0,0,0,1091.5,0.0,0,19,1,13,6,5,62.5,0,63,35,55.56,15,110,8,42,157,62.8,134,551,510,1019,178.0,20,4,1697,17,2,0,Tiago Esgaio,FC Arouca,863637,25777
48,5,22.73,260,90,57.69,571,698,1264,86.28,51,62.2,31,28,2,0,0,0,152,2,2,1,7,42,28,0,0,10,13,96,0,1,1.02,0.98,26,0,16.67,7,1,3,18,15,3,1,0,,92,58.6,0,0,0,201,26,11,0,28,2320,2,,0,0,0,1,0.0,0,0,0,0,280,9,0,7.12,0,1,0,0,0,0,0,0,2320.0,0.0,0,6,0,0,5,18,52.94,0,70,41,58.57,11,90,34,22,143,59.83,156,732,755,1465,199.3,6,1,1873,4,1,0,Tomás Araújo,Benfica,983542,3006
5,4,20.0,73,7,25.0,124,94,214,74.83,9,50.0,9,10,2,0,0,0,27,2,0,3,0,20,9,0,0,6,5,41,0,0,2.26,0.23,12,0,0.0,0,0,2,13,10,3,0,0,,48,60.0,0,0,0,72,9,11,0,7,673,0,,0,0,0,1,0.0,0,0,0,1,138,5,0,7.11,0,0,0,0,0,0,0,0,0.0,0.0,0,4,3,4,0,13,59.09,0,24,16,66.67,11,15,22,20,57,58.16,28,189,117,286,64.0,7,1,557,11,0,0,Alberto Costa,Vitória SC,1160957,3009
4,9,21.43,83,7,43.75,163,80,234,82.39,2,33.33,4,11,4,0,0,0,37,3,0,1,3,5,10,0,0,4,6,26,0,0,2.54,0.29,6,0,0.0,0,0,4,4,4,0,0,0,,29,56.86,0,0,0,50,5,12,0,6,605,3,,0,0,0,0,0.0,0,0,0,1,113,4,0,7.11,0,0,0,0,0,0,0,0,0.0,0.0,0,2,2,1,2,6,42.86,0,12,5,41.67,12,8,14,42,31,54.39,16,234,92,284,71.1,4,1,454,12,0,0,Samuel Dahl,Benfica,993101,3006
13,1,100.0,40,23,48.94,149,340,488,88.57,44,65.67,23,11,0,0,0,0,27,0,0,3,4,66,11,0,0,0,1,38,0,0,0.08,0.87,15,0,0.0,0,0,0,9,7,2,0,0,,19,55.88,0,0,0,63,14,0,0,9,854,0,,0,0,0,1,0.0,0,0,0,0,68,0,0,7.11,0,0,0,0,0,0,0,0,0.0,0.0,0,7,0,3,1,1,100.0,0,15,9,60.0,0,28,1,1,63,62.38,47,190,362,551,78.2,7,0,690,4,2,0,Filipe Relvas,Vitória SC,1131931,3009
2,0,0.0,18,105,39.47,77,156,233,59.14,3,100.0,0,14,0,0,0,0,83,0,0,0,4,12,14,0,0,0,0,0,0,0,0.02,,0,0,0.0,120,0,0,17,16,1,0,0,2.38,2,100.0,0,2,0,161,0,0,0,14,1260,0,,0,0,0,0,0.0,4,0,1,0,166,0,3,7.11,0,0,6,22,15,38,0,14,0.0,0.0,0,0,0,0,0,0,0.0,6,1,0,0.0,0,7,0,0,5,100.0,266,209,185,394,99.5,0,0,491,1,0,0,João Costa,CF Estrela Amadora,788365,3035
56,1,25.0,111,96,50.0,283,460,742,74.87,68,51.52,64,32,2,0,0,0,141,1,5,8,7,175,32,0,0,12,27,170,0,3,1.09,1.92,67,0,2.86,3,1,3,42,40,2,1,0,,124,53.91,1,0,2,249,47,21,0,32,2853,2,,0,0,0,0,0.0,0,0,0,0,287,2,0,7.1,1,0,0,0,0,0,0,0,2853.0,0.0,0,23,12,20,7,8,57.14,0,104,66,63.46,21,103,14,4,192,53.04,192,469,526,991,227.3,35,5,1507,14,8,1,Claudio Falcão,SC Farense,845699,2998
34,22,26.51,329,35,51.47,608,383,969,85.0,6,20.0,24,31,6,0,0,0,99,7,3,8,3,7,31,0,0,47,19,139,0,0,3.95,6.18,32,0,16.28,0,7,13,39,36,3,6,1,,112,49.34,0,0,1,171,8,66,0,31,2530,5,,0,0,5,0,100.0,0,5,0,0,369,15,0,7.1,0,7,0,0,0,0,0,0,361.43,0.0,4,18,25,15,20,29,61.7,0,28,12,42.86,66,68,47,83,118,45.91,68,801,422,1140,220.1,43,3,1600,55,6,0,Alan,Moreirense,905455,3014
46,11,22.45,375,57,57.0,669,368,1026,84.58,17,42.5,23,29,5,0,0,0,93,7,3,8,7,21,29,0,0,13,28,95,0,1,4.17,2.41,11,0,10.71,0,3,8,23,19,4,3,0,,71,49.65,0,0,0,187,12,30,0,28,2357,0,,0,1,0,0,0.0,0,0,0,0,297,14,0,7.1,0,3,0,0,0,0,0,0,785.67,0.0,0,12,16,9,11,12,37.5,0,47,26,55.32,29,88,32,49,88,48.09,100,854,408,1213,205.9,28,2,1572,12,1,0,Fredrik Aursnes,Benfica,228364,3006
61,2,40.0,225,73,75.26,528,452,978,87.79,27,47.37,30,26,1,0,0,0,124,1,0,2,7,31,26,0,0,12,25,113,1,3,0.92,1.36,36,0,28.57,0,2,3,17,13,4,2,0,,108,56.54,2,0,0,136,51,11,0,24,1973,1,,0,0,0,0,0.0,0,0,0,0,191,7,0,7.1,0,0,0,0,0,0,0,0,986.5,0.0,0,4,3,2,3,12,52.17,0,82,47,57.32,11,89,23,5,135,54.44,97,629,490,1114,184.6,7,1,1447,14,7,0,Florentino Luís,Benfica,855845,3006
70,8,28.57,267,70,60.34,619,451,1062,88.5,23,52.27,21,22,2,0,0,0,101,3,1,3,2,22,22,0,0,5,24,93,0,0,1.72,0.58,42,0,8.33,0,1,3,16,13,3,1,0,,70,49.3,1,0,0,138,23,19,0,19,1675,0,,0,1,0,0,0.0,0,0,0,0,176,5,0,7.1,2,0,0,0,0,0,0,0,1675.0,0.0,1,6,6,8,1,9,69.23,0,46,25,54.35,18,113,13,28,93,50.0,116,757,471,1200,156.2,12,2,1435,16,4,2,João Moutinho,Sporting Braga,6562,2999
1,1,33.33,2,1,50.0,4,2,5,50.0,0,0.0,0,2,1,0,0,0,1,1,0,0,0,0,2,0,0,0,0,0,0,0,0.05,0.02,0,0,0.0,0,0,1,0,0,0,0,0,,0,0.0,0,0,0,5,0,3,0,0,22,0,,0,0,0,0,0.0,0,0,0,0,9,0,0,7.1,0,0,0,0,0,0,0,0,0.0,0.0,0,1,0,0,1,0,0.0,0,0,0,0.0,3,2,0,3,0,0.0,2,8,5,10,14.2,1,0,18,0,0,0,Jhon Velásquez,SC Farense,824164,2998
31,1,20.0,140,46,40.35,405,646,1050,87.14,28,56.0,22,20,0,0,0,0,58,0,2,2,8,74,19,0,0,0,13,54,0,1,0.66,0.89,20,0,0.0,1,0,0,11,7,4,0,0,,37,53.62,0,0,0,155,23,6,0,16,1494,0,,0,0,0,0,0.0,0,0,0,0,167,1,0,7.1,0,0,0,0,0,0,0,0,0.0,0.0,1,4,3,3,2,1,50.0,0,25,17,68.0,6,81,2,5,65,54.62,114,517,693,1205,134.9,7,0,1400,11,2,0,Zé Pedro,FC Porto,945448,3002
1,0,0.0,10,3,100.0,29,38,67,90.54,4,66.67,2,1,0,0,0,0,7,0,0,1,0,1,1,0,0,0,2,4,0,0,0.03,0.05,1,0,0.0,0,0,0,2,1,1,0,0,,4,66.67,0,0,0,7,3,0,0,1,90,0,,0,0,0,0,0.0,0,0,0,0,7,0,0,7.1,0,0,0,0,0,0,0,0,0.0,0.0,0,2,0,1,0,1,100.0,0,3,2,66.67,0,1,1,0,8,66.67,3,34,40,74,7.1,2,0,87,0,0,0,Morato,Benfica,985086,3006
14,13,19.12,301,20,47.62,489,185,661,82.83,5,23.81,16,30,2,0,0,0,104,7,3,20,4,18,30,0,0,34,12,118,1,0,4.76,5.56,12,0,8.06,0,5,7,13,10,3,4,1,,111,52.11,0,0,1,137,9,28,4,20,1916,2,,0,0,0,0,0.0,0,0,0,0,344,12,0,7.1,0,1,0,0,0,0,0,0,383.2,0.0,1,47,15,23,19,31,41.33,0,29,15,51.72,28,35,75,68,116,49.57,42,660,206,798,212.9,62,2,1383,51,3,0,Geny Catamo,Sporting CP,1001140,3001
51,2,50.0,158,90,58.06,417,788,1203,88.39,59,59.0,41,23,2,0,0,0,93,3,5,2,9,99,23,0,0,1,8,76,1,1,1.23,2.2,29,0,9.09,3,1,3,20,16,4,1,0,,45,56.25,1,0,1,158,22,6,0,22,2036,0,,0,0,0,1,0.0,0,0,0,0,176,3,0,7.1,0,0,0,0,0,0,0,0,2036.0,0.0,0,11,0,6,3,2,66.67,0,35,17,48.57,6,94,3,4,104,57.78,155,524,841,1361,163.2,11,2,1612,8,3,0,António Silva,Benfica,1006069,3006
7,10,33.33,69,8,50.0,130,72,192,76.49,18,62.07,11,13,1,0,0,0,31,3,0,2,0,13,13,0,0,7,7,45,0,1,0.85,0.74,12,0,13.33,0,2,3,13,12,1,2,0,,37,52.11,1,0,1,59,7,12,1,11,913,0,,0,0,0,0,0.0,0,0,0,0,109,4,0,7.09,0,0,0,0,0,0,0,0,456.5,0.0,0,8,7,7,6,12,57.14,0,15,7,46.67,12,14,21,30,55,55.0,16,186,95,251,92.2,15,1,421,11,1,0,Cedric Teguia,Moreirense,910033,3014
4,11,33.33,74,4,40.0,137,76,202,84.52,2,50.0,2,13,1,0,0,0,26,2,0,3,2,3,13,0,0,4,5,27,0,0,0.96,0.76,9,0,0.0,0,0,1,2,1,1,0,0,,40,61.54,0,0,0,37,4,16,0,5,496,1,,0,1,0,0,0.0,0,0,0,0,86,4,0,7.09,0,0,0,0,0,0,0,0,0.0,0.0,0,6,2,2,3,8,53.33,0,19,15,78.95,15,6,15,33,42,60.87,10,184,88,239,92.2,8,0,389,13,3,0,Jan-Niklas Beste,Benfica,836711,3006
20,0,0.0,23,146,35.96,72,457,529,66.46,12,100.0,0,26,0,0,0,0,221,0,0,0,3,39,26,0,0,0,1,1,0,2,0.03,,0,0,0.0,225,0,0,42,37,5,0,0,-0.26,0,0.0,0,19,0,267,0,0,0,26,2326,0,,0,0,0,0,0.0,3,0,0,0,275,0,19,7.09,0,0,14,64,26,90,0,21,0.0,0.0,0,0,0,0,0,0,0.0,13,0,0,0.0,0,32,0,0,12,92.31,406,281,515,796,184.4,0,3,1079,1,2,0,Cezary Miszta,Rio Ave,938292,3036
49,45,29.8,224,49,34.75,443,308,706,73.54,11,27.5,29,32,4,0,0,0,135,9,1,6,7,74,32,0,0,15,24,94,0,1,4.69,1.28,11,0,5.26,1,1,5,40,34,6,1,0,,107,62.21,0,0,0,254,26,52,1,32,2851,2,,0,0,0,1,0.0,0,0,0,0,470,17,0,7.08,0,0,0,0,0,0,0,0,2851.0,0.0,4,8,11,6,7,18,51.43,0,60,35,58.33,52,114,35,151,118,55.66,141,734,377,960,226.7,19,1,1710,31,2,0,Leonardo Lelo,Casa Pia,1006865,36365
13,0,0.0,21,36,52.94,79,241,320,82.69,30,57.69,22,11,0,0,0,0,20,0,0,0,2,60,11,0,0,3,4,43,1,1,0.08,0.56,13,0,25.0,0,1,1,15,14,1,1,0,,28,57.14,1,0,0,67,20,1,0,11,981,1,,1,0,0,0,0.0,0,0,0,0,78,0,0,7.08,0,0,0,0,0,0,0,0,981.0,0.0,0,4,0,3,1,2,66.67,0,19,12,63.16,1,27,3,2,58,57.43,68,129,260,387,77.9,4,2,550,8,2,0,Tiago Gabriel,CF Estrela Amadora,1651825,3035
31,4,7.14,262,47,65.28,386,204,586,79.95,34,47.89,37,33,3,0,0,1,129,3,4,20,0,22,33,0,0,58,20,214,0,0,2.59,7.26,19,1,13.04,0,9,12,30,29,1,6,3,,201,53.17,0,0,3,147,9,19,0,33,2622,6,,0,1,5,0,80.0,0,4,0,1,425,23,0,7.08,0,9,0,0,0,0,0,0,291.33,12.5,8,26,43,26,23,88,51.76,0,26,19,73.08,18,49,170,56,235,52.34,72,548,241,733,233.6,69,1,1401,89,5,0,Óscar Aranda,Famalicão,984626,49531
25,34,26.77,199,18,45.0,342,141,449,74.46,22,39.29,34,29,4,0,0,0,105,7,4,12,3,17,29,0,0,43,20,160,0,0,3.82,5.49,29,0,15.69,0,8,12,23,21,2,7,1,,95,42.99,1,0,1,154,18,30,4,24,2035,2,,0,1,0,0,0.0,0,0,0,1,394,12,0,7.08,0,3,0,0,0,0,0,0,254.38,0.0,5,32,19,18,21,20,35.71,0,33,15,45.45,29,50,56,127,117,42.24,40,537,193,603,205.2,51,4,1169,44,1,0,Sorriso,Famalicão,1105595,49531
104,39,32.5,186,113,50.45,374,485,820,75.3,20,44.44,25,33,3,0,0,0,147,10,1,6,8,73,33,0,0,18,26,112,1,2,3.7,0.38,23,0,0.0,0,0,3,41,38,3,0,0,,136,60.99,0,0,1,269,42,44,0,31,2803,1,,0,1,0,0,0.0,0,0,0,0,551,9,0,7.08,0,0,0,0,0,0,0,0,0.0,0.0,0,5,11,5,5,34,61.82,0,65,51,78.46,43,207,55,120,156,58.21,224,639,570,1089,233.5,16,3,1998,38,5,0,Gustavo García,CD Nacional,1002443,3013
9,0,0.0,75,23,57.5,193,158,351,82.98,13,61.9,8,14,1,0,0,0,46,1,1,5,1,20,14,0,0,2,5,30,0,0,0.33,1.03,14,0,20.0,0,3,4,8,7,1,3,0,,30,57.69,2,0,0,72,7,7,1,8,722,0,,0,0,0,0,0.0,0,0,0,0,84,7,0,7.07,0,0,0,0,0,0,0,0,240.67,0.0,0,5,10,5,5,2,50.0,0,20,15,75.0,7,25,4,0,43,58.9,40,245,178,423,99.0,15,3,538,8,5,0,Uroš Račić,Sporting Braga,839909,2999
40,0,0.0,93,70,60.87,576,1408,1984,93.54,78,65.0,42,31,0,0,0,0,141,1,3,2,9,82,31,0,1,3,6,91,0,2,0.93,1.67,42,0,6.45,5,2,2,21,18,3,2,0,,56,53.33,2,0,1,137,32,10,0,29,2525,4,,0,0,0,2,0.0,0,0,0,1,148,0,0,7.06,2,0,0,0,0,0,0,0,1262.5,0.0,0,29,2,22,7,3,60.0,0,36,22,61.11,10,70,5,0,134,59.56,115,654,1467,2121,218.9,31,1,2391,17,5,1,Ousmane Diomande,Sporting CP,1394342,3001
24,2,15.38,88,22,40.74,200,191,389,81.04,13,65.0,7,10,2,0,0,0,38,1,0,0,2,25,9,0,0,3,8,29,0,0,1.08,,9,0,0.0,0,0,2,7,6,1,0,0,,23,51.11,0,0,0,91,13,6,0,8,714,1,,0,0,0,0,0.0,0,0,0,0,121,1,0,7.06,0,0,0,0,0,0,0,0,0.0,0.0,0,0,0,0,0,3,50.0,0,18,6,33.33,6,47,6,13,36,55.38,54,274,219,480,63.5,0,0,664,2,0,0,Adrián Marín,Sporting Braga,547242,2999
30,9,16.07,190,22,34.38,388,263,642,82.31,25,58.14,18,18,1,0,0,0,68,5,1,5,5,16,18,0,0,12,16,83,0,0,1.42,1.02,15,0,0.0,0,0,1,13,11,2,0,0,,84,56.38,0,0,1,138,20,12,0,17,1415,0,,0,0,0,0,0.0,0,0,0,0,281,9,0,7.06,0,0,0,0,0,0,0,0,0.0,0.0,0,7,4,5,1,12,35.29,0,49,34,69.39,12,53,34,56,109,56.77,64,547,289,780,127.0,11,1,1246,24,2,0,Alexander Bah,Benfica,850976,3006
6,1,33.33,120,6,75.0,182,66,247,85.47,13,40.63,19,24,2,0,0,0,39,5,5,10,0,3,22,0,0,19,7,90,0,0,2.58,5.17,19,0,16.67,0,7,9,3,2,1,6,1,,59,45.38,1,0,2,42,3,16,4,9,851,2,,0,0,0,0,0.0,0,0,0,0,123,9,0,7.05,0,2,0,0,0,0,0,0,121.57,0.0,3,25,17,16,16,23,46.94,0,15,11,73.33,16,7,49,3,72,44.44,8,218,74,289,155.2,42,2,525,21,1,0,Zeki Amdouni,Benfica,990550,3006
12,19,24.36,154,19,86.36,284,101,366,82.99,2,18.18,9,23,3,0,0,0,63,3,0,10,1,6,22,0,0,22,23,97,0,0,1.74,2.78,17,0,13.79,0,4,7,10,9,1,3,1,,81,47.93,0,0,1,75,5,19,3,13,1068,1,,0,0,0,0,0.0,0,0,0,1,224,16,0,7.05,0,1,0,0,0,0,0,0,267.0,0.0,0,16,13,10,9,21,44.68,0,27,16,59.26,19,15,47,78,83,46.11,22,404,115,441,155.2,29,2,797,33,2,0,Ismael Gharbi,Sporting Braga,1113488,2999
25,0,0.0,59,56,38.36,282,698,980,85.51,46,58.23,33,21,0,0,0,0,67,0,3,0,7,128,21,0,0,1,5,62,0,1,0.43,2.08,23,0,7.14,0,1,1,18,14,4,1,0,,31,51.67,0,0,0,166,26,1,0,21,1713,0,,0,0,0,1,0.0,0,0,0,0,176,0,0,7.05,0,1,0,0,0,0,0,0,1713.0,0.0,0,13,1,9,5,1,100.0,0,23,12,52.17,1,81,1,1,77,55.4,146,415,732,1146,148.1,14,2,1395,7,5,0,Paulo Oliveira,Sporting Braga,106751,2999
44,0,0.0,73,79,54.86,405,953,1358,89.93,41,56.94,31,27,0,0,0,0,104,1,2,2,11,151,27,0,0,1,6,61,1,2,0.3,1.46,24,0,0.0,2,0,0,23,20,3,0,0,,50,62.5,0,0,0,152,33,5,0,27,2421,1,,0,0,0,0,0.0,0,0,0,0,161,1,0,7.05,0,0,0,0,0,0,0,0,0.0,0.0,0,11,0,6,3,3,75.0,0,28,17,60.71,5,81,4,1,91,59.87,144,498,1013,1510,190.4,11,2,1841,20,7,0,Toni Borevković,Vitória SC,886843,3009
14,2,28.57,31,39,45.88,88,260,346,83.17,28,54.9,23,13,0,0,0,0,17,0,0,0,3,66,12,0,0,3,8,42,0,0,0.14,0.76,9,0,33.33,2,2,2,14,14,0,2,0,,31,62.0,2,0,0,70,11,3,0,11,963,0,,0,0,0,0,0.0,0,0,0,0,86,0,0,7.05,0,0,0,0,0,0,0,0,481.5,0.0,0,6,0,2,4,0,0.0,0,20,11,55.0,3,33,0,7,59,58.42,85,147,276,416,84.6,6,0,582,11,2,0,Tomás Ribeiro,SC Farense,996765,2998
23,0,0.0,19,106,44.73,54,531,585,81.14,12,100.0,0,32,0,0,0,0,220,0,0,0,13,24,32,0,0,0,2,2,0,2,0.02,,0,0,0.0,163,0,0,28,23,5,0,0,5.0,5,71.43,0,18,0,136,2,1,0,32,2880,0,,0,0,0,0,0.0,3,0,1,0,137,0,15,7.05,0,0,9,37,36,73,1,18,0.0,0.0,0,0,0,0,0,0,0.0,9,0,0,0.0,1,41,0,0,17,89.47,237,156,565,721,225.6,0,0,995,5,1,0,Anatoliy Trubin,Benfica,966616,3006
19,0,0.0,104,44,60.27,300,455,755,91.18,13,61.9,8,20,0,0,0,0,96,2,0,3,0,30,20,0,0,5,8,44,0,0,1.42,0.41,21,0,0.0,0,0,0,16,13,3,0,0,,76,67.86,0,0,0,73,17,7,0,16,1410,0,,0,0,0,0,0.0,0,0,0,0,91,7,0,7.05,0,0,0,0,0,0,0,0,0.0,0.0,0,3,7,6,1,4,66.67,0,38,25,65.79,7,28,6,1,89,66.92,73,343,486,828,141.0,10,0,1043,35,3,0,Facundo Cáseres,Gil Vicente,989837,3010
23,22,22.45,149,15,36.59,266,102,346,67.98,35,42.17,48,33,3,0,0,0,94,7,13,25,5,9,33,0,0,42,16,199,0,0,4.11,8.58,45,1,6.9,0,6,9,31,23,8,5,1,,159,51.29,0,0,5,163,7,41,2,32,2796,18,,0,0,1,0,100.0,0,1,0,2,496,22,0,7.05,0,4,0,0,0,0,0,0,466.0,12.5,8,50,37,36,26,49,48.04,0,29,20,68.97,41,64,102,98,194,49.36,41,484,123,509,232.6,87,2,1244,83,2,0,Gabriel Silva,Santa Clara,1046794,3011
40,16,18.82,246,66,42.04,455,406,845,80.86,18,47.37,20,27,2,0,0,0,91,2,2,5,6,65,27,0,0,2,18,59,0,0,1.51,0.92,15,0,0.0,0,0,2,20,15,5,0,0,,68,63.55,0,0,0,200,29,23,0,21,1925,0,,0,0,0,0,0.0,0,0,0,0,313,8,0,7.05,0,0,0,0,0,0,0,0,0.0,0.0,0,8,6,6,3,4,44.44,0,41,27,65.85,23,84,9,85,86,59.31,157,673,457,1045,190.3,14,2,1593,23,1,0,Victor Gómez,Sporting Braga,877918,2999
49,1,20.0,179,70,75.27,396,428,823,85.91,26,53.06,23,28,2,0,0,0,131,2,4,1,3,46,28,0,0,18,25,116,0,2,1.03,1.99,38,0,36.36,0,4,6,35,30,5,4,0,,97,51.05,1,0,0,135,48,16,2,24,1982,1,,0,0,0,0,0.0,0,0,0,0,203,9,0,7.05,0,1,0,0,0,0,0,0,495.5,0.0,0,11,0,4,6,20,60.61,0,58,37,63.79,16,72,33,5,123,51.46,93,496,467,958,197.3,11,2,1328,19,7,0,Demir Ege Tıknaz,Rio Ave,1142613,3036
13,0,0.0,13,96,43.05,50,275,325,71.27,7,87.5,1,18,0,0,0,0,138,0,0,0,7,21,18,0,0,0,0,2,1,1,0.01,,1,0,0.0,97,0,0,21,19,2,0,0,3.53,2,66.67,0,4,0,131,0,0,0,18,1620,0,,0,0,0,1,0.0,4,0,1,0,133,0,11,7.04,0,0,10,30,23,53,0,8,0.0,0.0,0,0,0,0,0,0,0.0,10,0,0,0.0,0,26,0,0,9,81.82,223,140,316,456,126.7,0,1,617,3,1,0,Lazar Carević,Famalicão,886204,49531
56,16,24.62,341,50,56.82,802,547,1333,89.4,25,56.82,19,31,2,0,0,0,107,3,0,3,5,31,29,0,0,12,20,93,0,0,2.97,0.73,31,0,0.0,2,0,2,22,17,5,0,0,,76,50.67,0,0,0,158,22,30,0,26,2205,0,,0,1,0,1,0.0,0,0,0,0,249,7,0,7.04,0,0,0,0,0,0,0,0,0.0,0.0,2,3,12,7,5,10,47.62,0,40,20,50.0,29,97,21,65,101,52.06,88,967,589,1491,204.1,15,1,1815,26,9,0,Alan Varela,FC Porto,1066560,3002
3,0,0.0,12,39,34.82,25,91,116,61.38,6,100.0,0,6,0,0,0,0,61,0,0,0,1,9,6,0,0,0,0,0,0,0,0.02,,0,0,0.0,53,0,0,6,5,1,0,0,1.99,0,0.0,0,5,0,73,0,0,0,6,540,0,,0,0,0,0,0.0,1,0,1,0,75,1,6,7.03,0,0,0,9,6,16,0,6,0.0,0.0,0,0,0,0,0,0,0.0,0,0,0,0.0,0,6,0,0,6,100.0,112,91,98,189,42.2,0,0,254,1,1,0,Kaique,SC Farense,1167067,2998
15,19,37.25,144,29,42.65,260,292,533,81.62,22,53.66,19,25,6,0,0,0,51,14,2,1,7,17,25,0,0,16,11,76,0,0,4.15,0.7,16,0,0.0,0,0,6,10,8,2,0,0,,67,54.03,0,0,0,120,11,25,0,15,1315,1,,0,0,0,0,0.0,0,0,0,0,240,4,0,7.03,0,0,0,0,0,0,0,0,0.0,0.0,0,4,2,1,4,24,63.16,0,26,16,61.54,25,42,38,51,89,53.94,68,382,322,653,175.8,6,2,1047,17,5,0,Martim Fernandes,FC Porto,1142585,3002
75,4,16.0,225,107,37.41,438,634,1068,76.72,74,65.49,39,33,1,0,0,0,134,3,4,3,10,153,33,0,0,11,21,106,0,1,1.1,1.8,22,0,4.76,3,1,2,28,22,6,1,0,,110,62.15,1,0,0,324,37,16,0,32,2790,0,,0,0,0,0,0.0,0,0,0,0,477,4,0,7.03,0,0,0,0,0,0,0,0,2790.0,0.0,3,13,8,14,4,24,64.86,0,57,29,50.88,16,184,37,25,184,63.45,286,687,730,1392,232.0,21,1,2096,32,5,0,Matheus Araújo,Santa Clara,1105841,3011
30,0,0.0,125,49,56.98,330,322,652,80.69,37,68.52,17,23,1,0,0,0,141,0,2,5,5,39,23,0,0,14,19,102,0,1,0.42,1.03,37,0,4.0,0,1,2,31,29,2,1,0,,139,62.05,0,0,0,156,17,10,1,21,1884,0,,0,0,0,0,0.0,0,0,0,0,227,4,0,7.03,1,0,0,0,0,0,0,0,1884.0,0.0,0,7,18,13,7,27,62.79,0,62,41,66.13,10,55,43,4,176,63.31,86,443,369,808,161.6,25,2,1176,50,7,1,Djibril Soumaré,CD Nacional,1394929,3013
23,0,0.0,13,69,33.5,32,335,367,71.68,3,75.0,1,17,0,0,0,0,138,0,0,0,7,14,17,0,0,0,3,4,0,0,0.02,,0,0,0.0,106,0,0,19,15,4,0,0,-1.13,6,66.67,0,7,0,145,0,1,0,17,1530,0,,0,0,0,0,0.0,2,0,0,0,148,0,9,7.02,0,0,12,34,13,47,0,6,0.0,0.0,0,0,0,0,0,0,0.0,11,2,1,50.0,1,49,0,0,9,69.23,206,133,379,512,119.4,0,0,667,5,1,0,Matheus,Sporting Braga,603946,2999
58,0,0.0,29,183,48.8,91,790,881,81.65,4,100.0,0,32,0,0,0,0,246,0,0,0,16,20,32,0,0,0,1,1,0,0,0.05,,0,0,0.0,146,0,0,27,21,6,0,0,2.27,1,50.0,0,19,0,198,0,0,0,32,2880,0,,0,0,0,0,0.0,7,0,2,0,207,0,5,7.02,0,0,20,34,25,59,0,10,0.0,0.0,0,0,0,0,0,0,0.0,19,0,0,0.0,0,93,0,0,5,83.33,375,242,837,1079,224.6,0,1,1329,2,0,0,Diogo Costa,FC Porto,843115,3002
34,0,0.0,202,31,55.36,376,292,668,85.53,19,57.58,14,23,3,0,0,0,87,5,2,4,3,16,23,0,0,9,10,56,0,1,2.13,1.62,17,0,14.29,0,2,5,11,9,2,2,0,,52,55.32,0,0,0,113,12,20,2,13,1294,0,,0,0,0,0,0.0,0,0,0,0,159,8,0,7.02,0,0,0,0,0,0,0,0,647.0,0.0,0,8,6,5,5,9,56.25,0,35,23,65.71,20,59,16,8,71,55.91,56,466,323,781,161.4,14,1,961,8,1,0,Hidemasa Morita,Sporting CP,926560,3001
7,2,14.29,89,10,43.48,154,153,305,69.32,41,32.8,84,31,2,0,0,0,56,3,9,18,2,27,31,0,0,42,10,248,0,0,0.85,12.32,75,0,15.56,0,14,16,47,39,8,12,2,,126,43.45,2,0,0,135,4,14,4,31,2712,57,,0,0,3,0,100.0,0,3,0,2,364,18,0,7.02,1,8,0,0,0,0,0,0,193.71,0.0,0,60,30,30,42,31,41.89,0,15,7,46.67,14,20,74,14,167,40.24,23,268,186,440,217.5,90,3,1008,80,11,1,Clayton,Rio Ave,1017023,3036
5,7,15.22,88,7,50.0,156,71,220,74.58,15,44.12,19,19,1,0,0,0,51,4,1,9,0,14,19,0,0,12,10,68,0,0,1.03,1.89,13,0,6.9,0,2,3,18,14,4,1,1,,72,59.5,0,0,0,75,11,17,2,16,1186,8,,0,0,0,0,0.0,0,0,0,1,181,8,0,7.02,0,0,0,0,0,0,0,0,593.0,0.0,3,16,13,6,14,12,41.38,0,18,13,72.22,17,12,29,46,87,56.13,14,249,92,295,133.3,29,1,569,43,1,0,Madson de Souza Silva,Moreirense,937555,3014
42,0,0.0,37,196,34.15,124,393,517,57.25,16,94.12,1,34,0,0,0,0,299,0,0,0,11,47,34,0,0,0,0,2,0,0,0.06,,1,0,0.0,283,0,0,32,24,8,0,0,-2.92,8,88.89,0,35,0,386,0,0,0,34,3060,0,,0,0,0,1,0.0,6,0,1,0,396,0,26,7.01,0,0,16,44,38,82,0,14,0.0,0.0,0,0,0,0,0,0,0.0,16,3,1,33.33,0,65,0,0,24,92.31,574,439,464,903,238.5,0,3,1212,8,4,0,Gabriel Batista,Santa Clara,822526,3011
29,23,24.21,242,27,54.0,412,199,588,80.55,21,47.73,23,31,1,0,0,0,62,6,3,10,4,14,31,0,0,18,14,117,0,0,2.82,3.02,49,0,5.56,0,2,3,17,13,4,2,0,,84,47.19,0,0,3,142,2,35,2,20,1748,2,,0,0,0,0,0.0,0,0,0,1,283,12,0,7.01,0,0,0,0,0,0,0,0,874.0,0.0,0,26,10,14,12,6,28.57,0,48,27,56.25,35,54,21,95,105,47.3,50,606,219,730,217.4,36,2,1109,31,3,0,Samu,Vitória SC,785808,3009
18,28,29.47,230,26,65.0,436,342,750,85.62,30,49.18,31,30,3,0,0,0,93,5,6,7,2,11,30,0,0,20,24,116,0,0,2.85,3.32,30,0,0.0,0,0,3,41,36,5,0,0,,110,56.41,0,0,0,126,21,45,0,27,2384,0,,0,1,0,0,0.0,0,0,0,1,269,17,0,7.01,0,0,0,0,0,0,0,0,0.0,0.0,3,20,7,11,9,14,51.85,0,58,35,60.34,44,31,27,95,140,54.69,40,602,369,876,210.3,27,0,1294,39,3,0,Lucas Piazón,AVS - Futebol SAD,156025,483088
60,1,25.0,85,99,42.13,250,579,828,78.48,41,62.12,25,21,1,0,0,0,82,2,0,2,3,101,21,0,0,2,13,66,0,2,0.29,0.55,22,0,20.0,33,2,3,26,24,2,2,0,,50,54.95,2,0,2,227,31,4,0,21,1817,1,,0,0,0,2,0.0,0,0,0,0,277,0,0,7.01,0,0,0,0,0,0,0,0,908.5,0.0,0,10,0,5,3,6,60.0,0,31,19,61.29,4,131,10,4,91,57.96,235,405,654,1055,147.2,10,2,1394,14,5,0,Duplexe Tchamba,Casa Pia,891792,36365
10,2,5.26,144,13,37.14,273,242,513,82.61,25,55.56,20,18,1,0,0,0,68,2,0,4,5,43,18,0,0,11,11,65,1,0,2.49,0.22,21,0,0.0,0,0,1,14,10,4,0,0,,49,52.13,0,0,1,108,12,10,0,16,1403,0,,0,0,0,0,0.0,0,0,0,0,194,5,0,7.0,0,0,0,0,0,0,0,0,0.0,0.0,0,4,4,2,2,5,62.5,0,33,23,69.7,10,26,8,38,74,53.24,35,381,278,621,126.0,8,1,971,12,2,0,Miguel Maga,Vitória SC,1131047,3009
1,0,0.0,2,7,58.33,4,19,23,82.14,0,0.0,0,1,0,0,0,0,7,0,0,0,0,1,1,0,0,0,0,0,0,0,0.0,,0,0,0.0,3,0,0,1,1,0,0,0,0.77,0,0.0,0,0,0,5,0,0,0,1,90,0,,0,0,0,0,0.0,0,0,0,0,5,0,0,7.0,0,0,1,2,0,2,0,0,0.0,0.0,0,0,0,0,0,0,0.0,1,0,0,0.0,0,2,0,0,0,0.0,12,7,21,28,7.0,0,0,36,0,0,0,Brian Araújo,Gil Vicente,990450,3010
1,0,0.0,7,0,0.0,12,3,15,93.75,0,0.0,1,1,0,0,0,0,2,0,0,0,0,0,1,0,0,0,0,1,0,0,0.05,0.12,0,0,0.0,0,0,0,0,0,0,0,0,,1,100.0,0,0,0,1,0,0,0,0,22,0,,0,0,0,0,0.0,0,0,0,0,3,0,0,7.0,0,0,0,0,0,0,0,0,0.0,0.0,0,1,0,1,0,1,100.0,0,0,0,0.0,0,1,1,2,1,50.0,0,15,3,16,7.0,1,0,21,0,0,0,Wendell,FC Porto,335033,3002
20,1,100.0,196,25,50.0,482,506,987,92.94,18,56.25,14,20,0,0,0,0,79,0,0,0,3,37,20,0,0,9,8,62,0,3,0.6,0.1,20,0,50.0,1,1,1,12,11,1,0,1,,88,64.71,0,0,0,75,12,5,0,18,1402,0,,0,0,0,0,0.0,0,0,0,0,120,6,0,7.0,0,1,0,0,0,0,0,0,1402.0,0.0,0,0,2,1,1,27,71.05,0,46,23,50.0,5,33,38,1,106,63.1,50,524,539,1062,139.9,2,3,1309,15,2,0,Eduardo Quaresma,Sporting CP,989841,3001
17,6,12.24,145,25,51.02,343,340,677,85.8,16,43.24,21,16,1,0,0,0,74,3,1,3,7,61,16,0,0,11,19,99,0,0,1.15,0.55,31,0,0.0,0,0,1,11,10,1,0,0,,59,43.07,0,0,0,112,15,12,0,16,1430,0,,0,0,0,0,0.0,0,0,0,0,220,3,0,6.99,0,0,0,0,0,0,0,0,0.0,0.0,0,5,5,5,2,18,51.43,0,28,19,67.86,12,33,35,49,75,43.1,49,455,383,789,111.9,10,0,1201,13,3,0,Francisco Chissumba,Sporting Braga,1158067,2999
12,0,0.0,50,39,33.05,165,417,582,83.14,34,58.62,24,16,0,0,0,0,51,1,0,1,2,121,16,0,0,1,9,48,0,1,0.1,0.44,14,0,0.0,1,0,0,22,19,3,0,0,,31,56.36,0,0,0,118,14,1,0,15,1363,0,,0,0,0,0,0.0,0,0,0,0,129,1,0,6.99,0,0,0,0,0,0,0,0,0.0,0.0,0,6,2,5,2,2,100.0,0,22,17,77.27,1,49,2,0,65,57.52,118,258,442,700,111.9,8,1,927,7,2,0,Andreas Ndoj,Rio Ave,1005992,3036
1,3,13.04,55,2,40.0,82,26,105,67.74,25,53.19,22,28,5,0,0,0,23,6,4,12,1,8,23,0,1,17,10,80,0,0,2.01,3.0,21,0,11.11,0,5,10,4,3,1,3,2,,43,42.57,0,0,0,50,3,13,3,6,796,4,,0,0,0,0,0.0,0,0,0,0,129,6,0,6.99,1,1,0,0,0,0,0,0,159.2,0.0,0,31,14,17,16,17,56.67,0,7,6,85.71,13,1,30,23,68,45.95,5,141,37,155,160.8,45,4,375,21,0,0,Conrad Harder,Sporting CP,1494826,3001
30,2,40.0,134,63,42.28,405,868,1271,88.08,65,65.66,34,24,1,0,0,0,93,1,1,4,7,98,24,0,0,2,6,64,1,2,0.63,1.14,24,0,7.69,2,1,2,23,20,3,1,0,,38,55.88,0,0,0,172,35,6,0,22,1964,0,,0,0,0,0,0.0,0,0,0,0,197,2,0,6.99,0,1,0,0,0,0,0,0,1964.0,0.0,0,13,0,5,4,5,71.43,0,18,10,55.56,6,76,7,5,103,61.68,149,539,909,1443,167.7,13,2,1716,16,4,0,Sikou Niakaté,Sporting Braga,868235,2999
90,18,24.32,216,82,60.29,491,520,993,84.87,11,44.0,14,24,0,0,0,0,118,4,0,5,1,22,24,0,0,18,26,96,0,1,2.7,0.33,39,0,9.09,0,1,1,26,24,2,0,1,,77,48.43,0,0,0,177,24,31,1,23,1789,0,,0,0,0,1,0.0,0,0,0,0,272,6,0,6.99,0,0,0,0,0,0,0,0,1789.0,0.0,2,0,11,4,2,11,84.62,0,41,30,73.17,31,147,13,74,88,47.83,136,685,559,1170,167.7,11,0,1469,25,8,0,David Simão,FC Arouca,54672,25777
19,8,22.22,209,21,56.76,363,253,608,82.72,3,25.0,9,30,5,0,0,0,77,8,3,9,2,13,30,0,0,24,10,71,1,0,2.77,4.0,17,0,12.5,0,5,10,36,33,3,4,1,,58,48.33,0,0,1,127,10,36,5,28,2233,5,,0,1,1,0,100.0,0,1,0,0,239,10,0,6.99,0,0,0,0,0,0,0,0,446.6,0.0,5,22,18,18,13,19,57.58,0,14,10,71.43,35,43,33,36,61,46.21,37,490,281,735,209.6,40,1,1038,25,1,0,Kanya Fujimoto,Gil Vicente,925987,3010
18,2,3.77,191,25,58.14,305,153,456,76.77,8,29.63,19,30,2,0,0,0,81,7,7,8,3,20,30,0,0,28,20,121,1,1,3.36,4.6,18,0,11.11,0,4,6,18,14,4,3,1,,111,52.11,0,0,1,138,7,23,0,14,1543,11,,0,0,0,0,0.0,0,0,0,0,315,20,0,6.99,0,4,0,0,0,0,0,0,385.75,0.0,0,27,9,8,20,33,47.83,0,48,31,64.58,23,34,69,53,119,49.58,43,459,188,594,209.6,36,2,1055,30,4,0,Gabriel Martínez,Sporting Braga,1134430,2999
12,7,24.14,121,9,52.94,195,58,246,77.85,12,40.0,18,17,3,0,0,0,57,5,1,11,0,3,17,0,0,20,21,123,0,0,2.21,2.67,32,0,6.67,0,2,5,19,16,3,2,0,,76,41.99,0,0,0,70,8,16,1,16,1310,4,,0,0,0,0,0.0,0,0,0,0,196,17,0,6.98,0,1,0,0,0,0,0,0,655.0,0.0,0,19,11,8,11,16,31.37,0,23,15,65.22,16,20,51,29,88,41.71,17,277,68,316,118.7,30,1,637,39,4,0,Kaio César,Vitória SC,1396009,3009
50,9,39.13,140,75,41.9,344,546,881,79.66,60,61.86,37,31,1,0,0,0,82,3,1,3,7,108,31,0,0,5,13,92,0,1,0.81,1.37,37,0,16.67,0,3,4,30,23,7,3,0,,87,61.27,3,0,0,225,46,10,0,26,2390,0,,0,0,0,1,0.0,0,0,0,0,311,3,0,6.98,2,0,0,0,0,0,0,0,796.67,0.0,3,10,8,8,7,8,72.73,0,42,25,59.52,10,114,11,23,147,61.51,179,521,608,1106,216.4,18,1,1604,37,8,2,Sidney Lima,Santa Clara,1131145,3011
57,0,0.0,98,111,45.68,334,976,1310,84.95,60,69.77,26,29,1,0,0,0,117,0,3,0,12,123,29,0,0,4,9,70,0,2,0.34,1.03,28,0,0.0,25,0,1,32,30,2,0,0,,56,56.0,0,0,0,232,40,5,0,29,2534,0,,0,0,0,2,0.0,0,0,0,0,257,2,0,6.98,0,0,0,0,0,0,0,0,0.0,0.0,0,8,2,6,4,8,61.54,0,33,18,54.55,5,128,13,1,116,62.37,243,500,1043,1542,202.4,10,0,1878,16,8,0,Enea Mihaj,Famalicão,850828,49531
88,0,0.0,24,205,44.66,76,744,820,75.37,11,73.33,4,33,0,0,0,0,261,0,0,0,7,23,33,1,0,0,1,6,1,2,0.04,,1,0,0.0,279,0,0,46,41,5,0,0,-1.72,3,60.0,0,30,0,268,0,0,0,33,2970,0,,0,0,0,1,0.0,7,0,0,0,273,0,13,6.98,0,0,17,50,30,83,0,17,0.0,0.0,0,0,0,0,0,0,0.0,15,2,2,100.0,0,134,0,0,14,70.0,459,268,820,1088,230.3,0,3,1405,4,2,0,Andrew,Gil Vicente,947893,3010
4,1,100.0,43,5,71.43,83,64,146,76.04,25,53.19,22,20,0,0,0,0,28,1,1,5,0,7,18,0,0,20,5,77,0,0,0.54,2.11,18,0,31.25,0,5,5,8,8,0,4,1,,65,54.17,1,0,0,46,5,10,0,8,808,1,,0,0,0,0,0.0,0,0,0,0,111,4,0,6.98,0,4,0,0,0,0,0,0,161.6,0.0,0,13,3,3,8,11,44.0,0,16,11,68.75,10,5,25,1,90,53.89,7,117,76,192,125.6,16,1,393,39,2,0,Pablo Felipe,Gil Vicente,1101174,3010
132,8,17.78,290,144,61.54,560,415,967,78.62,15,28.3,38,33,3,0,0,0,210,6,1,20,4,14,33,0,0,27,42,161,1,0,3.12,2.82,33,0,0.0,0,0,3,45,41,4,0,0,,122,49.8,0,0,1,263,16,43,0,31,2816,3,,0,0,0,0,0.0,0,0,0,1,421,23,0,6.98,0,0,0,0,0,0,0,0,0.0,0.0,4,15,49,31,13,16,41.03,0,48,35,72.92,43,235,39,45,137,45.97,234,800,475,1230,230.2,64,2,1719,59,6,0,Luís Esteves,CD Nacional,1097527,3013
3,2,33.33,57,2,50.0,99,21,118,85.51,5,62.5,3,9,2,0,0,0,16,1,2,3,0,3,9,0,0,12,4,31,0,0,0.57,1.21,4,0,15.38,0,2,4,2,2,0,2,0,,21,42.86,0,0,0,20,2,7,0,5,451,2,,0,0,0,0,0.0,0,0,0,0,63,1,0,6.97,0,2,0,0,0,0,0,0,225.5,0.0,1,10,3,4,6,7,46.67,0,2,1,50.0,7,6,15,6,26,45.61,4,120,24,138,62.7,13,0,238,14,1,0,Iván Jaime,FC Porto,951986,3002
32,0,0.0,33,45,62.5,121,381,502,88.07,26,65.0,14,15,0,0,0,0,42,0,1,2,2,92,15,0,0,2,13,40,1,1,0.09,0.32,11,0,0.0,0,0,0,12,10,2,0,0,,44,62.86,0,0,0,68,19,1,0,13,1146,1,,0,0,0,0,0.0,0,0,0,0,80,0,0,6.97,0,0,0,0,0,0,0,0,0.0,0.0,0,4,1,3,0,6,85.71,0,22,16,72.73,1,50,7,1,70,63.64,72,161,410,570,104.5,5,0,776,16,3,0,Miguel Lopes,CF Estrela Amadora,41651,3035
25,0,0.0,13,158,47.16,94,342,436,70.89,3,75.0,1,23,0,0,0,0,151,1,0,0,6,16,23,0,0,0,0,1,2,0,0.02,,0,0,0.0,219,0,0,45,40,5,0,0,-4.8,3,100.0,0,6,0,179,0,1,0,23,2070,0,,0,0,0,0,0.0,1,0,0,0,182,0,2,6.96,0,0,13,54,20,74,0,17,0.0,0.0,0,0,0,0,0,0,0.0,11,1,1,100.0,1,34,0,0,6,85.71,335,236,379,615,160.1,0,2,817,4,4,0,Guillermo Ochoa,AVS - Futebol SAD,15497,483088
9,0,0.0,8,13,48.15,41,109,150,84.75,8,40.0,12,5,0,0,0,0,16,0,0,0,1,31,5,0,0,0,3,20,0,0,0.09,0.57,5,0,0.0,2,0,0,6,5,1,0,0,,12,60.0,0,0,0,27,6,1,0,5,450,0,,0,0,0,0,0.0,0,0,0,0,29,0,0,6.96,0,0,0,0,0,0,0,0,0.0,0.0,0,4,0,3,1,3,75.0,0,9,5,55.56,1,20,4,0,20,50.0,27,61,116,177,34.8,4,0,247,0,1,0,Léo Realpe,Famalicão,977676,49531
22,9,31.03,75,36,35.64,146,164,301,64.87,39,66.1,20,24,0,0,0,0,68,0,1,0,3,55,24,0,0,12,24,108,0,0,0.97,0.36,31,0,0.0,1,0,0,19,18,1,0,0,,136,60.71,0,0,0,163,28,10,0,18,1644,0,,0,1,0,0,0.0,0,0,0,0,321,6,0,6.96,0,0,0,0,0,0,0,0,0.0,0.0,0,3,2,3,2,35,56.45,0,59,40,67.8,9,57,62,29,175,61.84,101,280,213,464,167.0,5,0,1045,45,4,0,Paulo Victor,SC Farense,1108505,2998
31,5,20.83,116,59,46.09,308,399,702,82.98,17,53.13,15,21,1,0,0,0,54,1,2,0,6,62,19,0,0,7,10,62,0,0,1.38,0.55,26,0,0.0,0,0,1,15,11,4,0,0,,53,53.0,0,0,0,144,13,15,0,13,1312,0,,0,0,0,1,0.0,0,0,0,0,208,0,0,6.96,0,0,0,0,0,0,0,0,0.0,0.0,0,5,0,3,2,12,66.67,0,30,21,70.0,15,92,18,24,70,53.03,128,438,432,846,132.2,5,1,1152,11,6,0,João Ferreira,Sporting Braga,976401,2999
46,16,22.54,194,56,60.87,339,194,517,76.14,55,50.93,53,27,2,0,0,0,69,3,0,3,1,27,27,0,0,14,16,135,0,2,1.95,1.36,35,0,4.76,1,1,3,18,16,2,1,0,,93,53.14,0,0,1,162,1,25,1,18,1485,2,,0,0,1,1,100.0,0,1,0,0,286,13,0,6.96,0,0,0,0,0,0,0,0,1485.0,0.0,4,5,16,13,5,24,54.55,0,31,19,61.29,25,77,44,71,148,52.3,92,529,221,679,187.8,21,0,1039,38,13,0,Alan Ruiz,CF Estrela Amadora,158255,3035
9,1,7.14,98,11,57.89,169,86,254,83.01,11,52.38,10,9,0,0,0,0,22,1,0,2,2,11,9,0,0,6,2,26,0,0,0.29,0.17,6,0,0.0,0,0,0,2,2,0,0,0,,19,54.29,0,0,0,52,1,3,0,6,457,2,,0,0,0,0,0.0,0,0,0,0,83,1,0,6.96,0,0,0,0,0,0,0,0,0.0,0.0,0,2,0,0,0,2,50.0,0,3,2,66.67,3,17,4,14,30,53.57,19,218,102,306,62.6,2,0,452,15,2,0,Yuri Ribeiro,Sporting Braga,357730,2999
58,6,13.33,276,52,58.43,481,293,768,78.53,7,30.43,16,28,3,0,0,0,115,8,0,9,3,10,28,0,1,41,28,178,1,0,4.0,1.81,27,0,18.75,1,6,9,37,36,1,3,3,,106,39.55,0,0,0,210,9,30,0,27,2316,2,,0,1,0,1,0.0,0,0,0,0,447,13,0,6.95,1,6,0,0,0,0,0,0,386.0,0.0,1,7,25,11,12,31,31.0,0,35,21,60.0,29,112,100,45,113,38.83,89,694,329,978,194.7,32,2,1456,41,6,0,João Carvalho,Estoril Praia,548044,4500
53,0,0.0,69,86,45.03,241,857,1098,85.12,47,50.54,46,29,0,0,0,0,118,0,2,5,6,124,29,0,1,6,8,97,1,3,0.3,1.57,38,0,9.09,1,2,2,40,36,4,2,0,,81,61.36,0,0,0,192,36,4,1,29,2561,1,,0,0,0,1,0.0,0,0,0,0,231,1,0,6.95,1,1,0,0,0,0,0,0,1280.5,0.0,0,14,8,12,5,15,88.24,0,50,33,66.0,4,125,17,0,128,56.89,191,380,910,1290,201.6,22,3,1688,16,5,0,Ulisses,CD Nacional,926869,3013
0,0,0.0,17,0,0.0,23,5,28,63.64,0,0.0,1,2,1,0,0,0,4,1,0,1,1,1,2,0,0,6,3,14,0,0,0.15,0.15,2,0,0.0,0,0,1,1,1,0,0,0,,7,35.0,0,0,0,16,0,3,0,2,180,0,,0,0,0,0,0.0,0,0,0,0,36,1,0,6.95,0,0,0,0,0,0,0,0,0.0,0.0,1,0,4,1,2,2,50.0,0,2,1,50.0,3,2,4,4,7,33.33,3,41,7,44,13.9,4,0,85,3,0,0,Cristo González,FC Arouca,592100,25777
1,0,0.0,10,2,50.0,16,9,25,83.33,5,83.33,1,2,0,0,0,0,1,1,0,0,0,2,2,0,0,0,0,1,0,0,0.09,,0,0,0.0,0,0,0,0,0,0,0,0,,0,0.0,0,0,0,5,0,1,0,0,31,0,,0,0,0,0,0.0,0,0,0,0,7,0,0,6.95,0,0,0,0,0,0,0,0,0.0,0.0,0,0,0,0,0,0,0.0,0,0,0,0.0,1,2,0,1,5,83.33,4,22,9,30,13.9,0,0,35,0,0,0,Marko Grujić,FC Porto,280835,3002
42,5,45.45,155,79,53.02,501,1084,1580,91.12,64,60.95,41,25,2,0,0,0,85,1,2,1,10,63,25,0,0,1,5,83,1,1,0.96,1.35,37,0,7.69,7,1,3,23,20,3,1,0,,37,46.84,0,0,0,154,24,7,0,24,2079,1,,1,0,0,1,0.0,0,0,0,0,174,1,0,6.95,1,1,0,0,0,0,0,0,2079.0,0.0,0,12,1,7,5,3,60.0,0,27,16,59.26,7,83,5,11,101,54.89,149,615,1130,1734,173.7,13,2,1945,7,9,1,Nehuén Pérez,FC Porto,913401,3002
41,7,35.0,91,59,56.73,191,317,501,83.08,18,60.0,12,17,0,0,0,0,73,0,3,2,4,11,17,0,0,21,13,79,0,0,0.98,2.14,26,0,11.11,0,2,2,18,17,1,2,0,,80,54.42,0,0,0,102,16,11,2,17,1343,0,,0,0,0,0,0.0,0,0,0,0,174,7,0,6.95,0,0,0,0,0,0,0,0,671.5,0.0,1,8,10,9,7,14,60.87,0,36,22,61.11,11,76,23,20,98,55.37,104,278,345,603,118.1,18,1,854,31,4,0,Zaydou Youssouf,Famalicão,862194,49531
53,5,19.23,330,57,67.06,719,654,1368,88.95,14,36.84,24,32,1,0,0,0,135,5,1,8,8,32,32,0,0,25,19,106,0,0,1.87,1.6,26,0,11.11,0,2,3,25,21,4,2,0,,88,51.76,0,0,0,170,38,26,1,29,2523,1,,0,0,0,0,0.0,0,0,0,0,264,10,0,6.95,0,1,0,0,0,0,0,0,1261.5,0.0,0,7,11,7,3,15,50.0,0,43,24,55.81,26,77,30,26,102,49.04,85,863,701,1538,222.3,18,0,1876,30,5,0,Tomás Händel,Vitória SC,1131048,3009
60,14,22.95,180,67,49.63,370,446,802,73.51,41,56.94,31,31,3,0,0,0,150,4,2,10,4,96,30,0,0,18,40,158,0,2,1.87,2.35,35,0,3.03,0,1,4,45,37,8,1,0,,142,52.79,0,0,0,289,39,22,0,28,2547,2,,0,0,0,1,0.0,0,0,0,0,492,5,0,6.95,0,1,0,0,0,0,0,0,2547.0,0.0,2,24,9,12,11,41,53.95,0,70,45,64.29,22,140,76,61,183,53.67,135,617,535,1091,208.4,33,0,1916,33,5,0,Marios Vrousai,Rio Ave,848521,3036
48,0,0.0,73,100,41.32,291,1123,1414,85.08,94,58.39,67,33,0,0,0,0,73,3,2,3,7,219,33,0,0,3,13,118,2,1,0.69,0.95,37,0,12.5,3,1,1,48,42,6,1,0,,79,60.77,1,0,1,248,30,10,0,33,2970,1,,0,0,0,1,0.0,0,0,0,0,259,0,0,6.95,0,0,0,0,0,0,0,0,2970.0,0.0,0,8,0,3,2,2,66.67,0,50,29,58.0,10,110,3,0,173,59.45,242,460,1202,1662,229.2,8,2,2102,27,8,0,Marcelo,Moreirense,156318,3014
27,0,0.0,64,36,59.02,194,410,604,84.01,37,59.68,25,18,0,0,0,0,78,0,2,2,4,62,18,0,0,11,8,66,1,0,0.33,1.66,19,0,11.11,0,1,1,20,19,1,1,0,,62,60.19,0,0,0,115,38,2,0,16,1471,0,,0,0,0,0,0.0,0,0,0,0,162,3,0,6.94,0,1,0,0,0,0,0,0,1471.0,0.0,0,7,2,4,3,11,64.71,0,43,22,51.16,2,42,17,1,99,60.0,61,256,464,719,125.0,9,0,989,9,2,0,Mory Gbane,Gil Vicente,1003400,3010
64,1,50.0,100,130,53.72,345,1273,1617,88.8,52,64.2,29,28,1,0,0,0,84,2,2,1,6,126,28,0,1,4,4,47,0,1,0.66,1.27,13,0,5.88,4,1,2,38,35,3,1,0,,29,61.7,1,0,0,204,29,6,0,28,2505,2,,0,0,0,2,0.0,0,0,0,0,220,0,0,6.94,1,0,0,0,0,0,0,0,2505.0,0.0,0,16,1,12,4,2,100.0,0,17,11,64.71,6,123,2,2,81,63.28,242,467,1356,1821,194.4,17,1,2106,12,4,0,Rúben Fernandes,Gil Vicente,59751,3010
57,0,0.0,78,137,47.57,288,847,1135,80.5,95,68.84,43,31,0,0,0,0,110,1,2,8,8,213,31,0,0,6,16,103,4,7,0.23,2.5,38,0,5.26,0,2,2,44,40,4,2,0,,70,53.85,2,0,0,275,39,7,0,31,2743,3,,0,0,0,6,0.0,0,0,0,0,307,0,0,6.94,1,0,0,0,0,0,0,0,1371.5,0.0,5,27,11,20,10,5,71.43,0,48,37,77.08,7,138,7,0,165,61.57,288,480,930,1410,215.2,38,2,1897,17,11,1,Ze Vitor,CD Nacional,1112474,3013
50,0,0.0,65,84,42.86,311,911,1222,86.06,51,62.2,31,26,2,0,0,0,95,2,1,2,5,138,26,0,0,2,3,70,0,1,0.41,0.7,36,0,10.0,16,1,3,36,30,6,1,0,,71,64.55,0,0,0,198,16,8,0,25,2265,0,,0,0,0,2,0.0,0,0,0,0,216,1,0,6.94,0,1,0,0,0,0,0,0,2265.0,0.0,0,7,3,5,3,5,100.0,0,34,18,52.94,8,114,5,2,122,63.54,196,447,975,1420,180.4,10,2,1750,32,6,0,Chico Lamba,FC Arouca,1153110,25777
34,24,30.77,255,39,55.71,464,263,703,82.61,9,37.5,15,27,3,0,0,0,78,10,1,4,3,13,27,0,0,14,21,113,0,2,5.42,0.78,29,0,0.0,0,0,3,20,16,4,0,0,,84,46.15,0,0,1,148,11,33,0,19,1771,1,,0,0,0,0,0.0,0,0,0,0,295,9,0,6.94,0,0,0,0,0,0,0,0,0.0,0.0,0,10,6,9,3,30,46.15,0,27,17,62.96,33,61,65,78,93,45.15,70,628,301,851,187.3,16,2,1327,27,5,0,João Mário,FC Porto,902031,3002
46,6,19.35,264,70,71.43,625,602,1221,88.99,25,37.88,41,30,0,0,0,0,91,4,2,6,4,39,30,0,0,11,20,110,1,0,2.64,0.96,36,0,0.0,1,0,0,22,18,4,0,0,,77,52.74,0,0,1,151,23,20,0,22,1927,2,,0,0,0,0,0.0,0,0,0,0,211,6,0,6.94,0,0,0,0,0,0,0,0,0.0,0.0,0,13,3,4,6,3,42.86,0,53,28,52.83,20,84,7,31,102,48.11,98,778,625,1372,208.1,16,1,1668,22,7,0,Stephen Eustaquio,FC Porto,886223,3002
14,18,32.73,63,19,50.0,146,84,212,76.81,10,43.48,13,17,3,0,0,0,56,3,1,1,1,10,17,0,0,8,11,58,0,0,1.65,0.46,20,0,0.0,0,0,3,4,3,1,0,0,,38,45.78,0,0,0,64,7,20,0,9,827,1,,0,0,0,0,0.0,0,0,0,0,142,9,0,6.94,0,0,0,0,0,0,0,0,0.0,0.0,0,4,6,6,3,6,46.15,0,19,13,68.42,20,26,13,55,48,45.28,38,235,96,276,117.9,10,0,476,13,2,0,Gustavo Klismahn,Santa Clara,1162051,3011
20,23,32.86,133,26,70.27,230,134,341,71.79,24,43.64,31,30,1,0,0,0,51,1,2,7,0,12,29,0,0,12,25,106,0,0,2.21,3.17,24,0,8.51,0,4,5,20,18,2,4,0,,50,40.0,1,0,3,134,11,38,2,18,1516,4,,0,0,0,0,0.0,0,0,0,1,256,7,0,6.93,0,1,0,0,0,0,0,0,379.0,0.0,0,17,30,23,17,13,44.83,0,27,18,66.67,38,32,29,70,74,41.11,37,385,160,475,201.1,47,2,801,11,2,0,Daniel Penha,CD Nacional,862256,3013
55,0,0.0,22,185,45.01,81,680,761,76.87,12,92.31,1,34,0,0,0,0,239,0,0,0,13,30,34,0,0,0,1,2,1,2,0.07,0.02,0,0,0.0,235,0,0,37,31,6,0,0,-4.4,7,87.5,0,20,0,229,0,1,0,34,3060,0,,0,0,0,0,0.0,7,0,0,0,232,0,13,6.93,0,0,19,39,24,66,0,15,0.0,0.0,0,1,0,1,0,0,0.0,19,1,0,0.0,1,81,0,0,19,90.48,411,248,742,990,235.7,1,1,1246,9,3,0,Bruno Varela,Vitória SC,138895,3009
18,19,23.46,141,13,56.52,269,119,369,81.46,9,42.86,12,28,2,0,0,0,47,3,4,5,0,6,28,0,0,21,8,83,0,0,2.3,3.55,21,0,16.67,0,5,7,14,12,2,4,1,,67,48.55,1,0,0,84,8,20,4,17,1359,0,,0,0,0,0,0.0,0,0,0,0,229,11,0,6.93,0,0,0,0,0,0,0,0,271.8,0.0,0,15,15,14,11,20,48.78,0,18,13,72.22,20,32,41,81,76,47.8,23,394,140,453,194.1,30,2,798,29,6,0,Telmo Arcanjo,Vitória SC,1035280,3009
33,9,16.07,249,48,58.54,400,244,635,73.41,50,46.73,57,33,6,0,0,0,110,8,3,9,1,22,33,0,0,32,39,220,0,3,2.96,3.71,62,0,11.11,0,4,10,30,27,3,4,0,,142,46.56,0,0,0,230,13,38,2,32,2550,5,,0,0,0,2,0.0,0,0,0,1,404,19,0,6.93,0,2,0,0,0,0,0,0,637.5,0.0,0,27,9,14,13,17,34.0,0,44,29,65.91,38,63,50,56,192,46.6,82,634,287,865,228.6,36,1,1360,82,7,0,Gustavo Sá,Famalicão,1563665,49531
1,3,42.86,24,1,50.0,41,14,52,82.54,3,42.86,4,4,0,0,0,0,11,1,2,1,1,7,4,0,0,0,1,12,0,0,0.7,0.97,4,0,0.0,0,0,0,2,2,0,0,0,,13,61.9,0,0,1,11,0,3,0,4,340,2,,0,0,0,0,0.0,0,0,0,0,29,1,0,6.93,0,0,0,0,0,0,0,0,0.0,0.0,0,4,1,1,3,3,50.0,0,3,3,100.0,3,1,6,7,16,57.14,2,52,18,63,27.7,5,0,117,7,0,0,Ricardo Mangas,Vitória SC,878496,3009
34,5,22.73,165,37,49.33,339,288,622,76.79,49,48.51,52,29,0,0,0,0,123,1,2,9,4,33,29,0,1,21,15,152,0,2,1.37,6.12,43,0,12.2,0,5,5,39,36,3,5,0,,115,53.49,0,0,2,188,32,19,5,23,2172,7,,0,0,5,0,100.0,0,5,0,0,290,16,0,6.92,1,0,0,0,0,0,0,0,434.4,0.0,3,22,19,20,12,21,46.67,0,52,23,44.23,19,79,45,22,164,51.9,75,502,330,810,200.8,41,1,1234,43,11,0,Miguel Reisinho,Boavista,892309,2995
23,1,50.0,39,55,54.46,186,825,1010,91.73,36,55.38,29,21,2,0,0,0,53,2,1,3,5,98,21,0,0,3,6,58,1,0,0.93,0.39,21,0,0.0,0,0,2,30,28,2,0,0,,36,55.38,0,0,0,91,17,5,0,20,1823,1,,0,0,0,1,0.0,0,0,0,0,103,0,0,6.92,0,0,0,0,0,0,0,0,0.0,0.0,0,5,1,3,0,0,0.0,0,28,21,75.0,5,39,2,2,72,55.38,101,241,862,1101,145.4,6,0,1325,8,1,0,Jonathan Buatu,Gil Vicente,800348,3010
10,2,8.0,136,7,53.85,210,94,302,71.73,43,43.0,57,33,1,1,0,0,96,8,8,16,2,25,33,0,0,33,22,188,0,0,2.41,8.44,44,0,14.55,0,8,9,25,17,8,6,2,,113,46.31,0,0,0,119,12,20,1,29,2254,8,,0,0,1,0,0.0,0,0,0,0,281,23,0,6.92,0,7,0,0,0,0,0,0,281.75,0.0,0,38,17,21,18,36,49.32,0,45,24,53.33,20,19,73,25,156,45.35,13,327,119,421,228.4,55,0,877,33,8,0,Vinícius Lopes,Santa Clara,1001753,3011
20,0,0.0,113,12,54.55,201,176,377,77.73,12,19.35,50,34,3,0,1,1,62,8,11,10,0,13,34,0,0,25,6,128,0,0,2.17,10.8,19,0,23.4,0,11,14,34,32,2,10,1,,58,42.65,1,0,2,108,7,18,1,25,1930,13,,0,0,4,0,50.0,0,2,0,1,235,17,0,6.92,0,9,0,0,0,0,0,0,175.45,0.0,0,36,11,15,22,19,39.58,0,19,10,52.63,18,31,48,14,70,35.35,22,302,197,485,235.3,47,2,796,20,1,0,Yanis Begraoui,Estoril Praia,930246,4500
25,17,26.98,191,27,38.03,362,275,620,77.6,24,61.54,15,29,2,0,0,0,78,5,1,5,9,59,29,0,0,8,19,98,1,2,2.51,0.79,41,0,0.0,0,0,2,22,20,2,0,0,,97,53.89,0,0,1,179,23,22,0,21,2008,1,,1,1,0,0,0.0,0,0,0,0,325,3,0,6.92,0,0,0,0,0,0,0,0,0.0,0.0,0,5,7,6,1,10,40.0,0,51,33,64.71,21,66,25,63,121,55.25,71,532,330,799,200.6,12,2,1401,36,5,0,Rodrigo Pinheiro,Famalicão,991924,49531
27,13,21.67,76,27,35.06,166,160,313,65.89,48,58.54,34,18,1,0,0,0,73,3,0,6,3,58,18,0,0,19,12,92,1,1,1.28,1.56,15,0,16.67,0,3,4,29,26,3,3,0,,59,50.43,0,0,0,162,21,14,3,17,1565,3,,0,0,0,1,0.0,0,0,0,0,286,7,0,6.92,0,0,0,0,0,0,0,0,521.67,0.0,0,12,6,6,6,9,40.91,0,29,18,62.07,14,55,22,60,107,53.77,77,337,198,475,124.5,18,2,856,23,5,0,Onyemaechi Bruno,Boavista,1134441,2995
1,0,0.0,21,0,0.0,34,12,46,76.67,8,47.06,9,6,0,0,0,0,7,0,1,0,0,2,6,0,0,1,0,17,0,0,0.22,1.46,2,0,50.0,0,2,2,2,2,0,2,0,,6,42.86,0,0,0,14,1,4,0,2,231,1,,0,0,0,0,0.0,0,0,0,0,28,2,0,6.92,0,2,0,0,0,0,0,0,115.5,0.0,0,3,1,0,4,2,28.57,0,1,1,100.0,4,2,7,0,14,45.16,1,46,14,60,41.5,4,1,93,4,1,0,Wendel,Santa Clara,937265,3011
37,10,14.08,249,44,57.89,463,204,657,78.21,13,50.0,13,33,4,0,0,0,84,4,9,9,0,24,32,0,0,16,21,95,0,1,3.64,5.26,26,0,6.12,0,3,7,29,24,5,3,0,,55,40.15,0,0,3,183,16,29,0,21,1916,2,,0,0,0,0,0.0,0,0,0,0,332,21,0,6.91,0,3,0,0,0,0,0,0,638.67,0.0,1,33,16,22,18,13,38.24,0,25,17,68.0,29,78,34,71,68,41.72,76,681,230,840,221.2,49,1,1218,17,5,0,Nuno Santos,Vitória SC,930552,3009
7,2,8.7,80,3,21.43,138,66,202,58.05,114,49.57,116,24,0,0,0,0,38,2,3,8,1,23,24,0,0,23,6,187,0,0,1.21,2.79,36,0,10.0,0,3,3,28,27,1,3,0,,64,47.41,1,0,0,146,1,20,0,18,1657,19,,0,0,1,0,100.0,0,1,0,1,274,12,0,6.91,0,2,0,0,0,0,0,0,552.33,0.0,0,22,8,12,10,9,39.13,0,14,8,57.14,20,14,23,23,178,48.77,14,284,87,348,165.8,30,1,687,48,1,0,Tomané,SC Farense,126076,2998
24,13,20.31,120,29,29.9,278,271,536,76.9,29,60.42,19,26,2,0,0,0,60,3,0,5,5,65,26,0,0,15,11,76,0,3,1.17,0.61,22,0,9.09,0,1,3,25,21,4,1,0,,82,58.99,0,0,0,161,21,15,0,22,1894,3,,0,0,0,1,0.0,0,0,0,1,297,2,0,6.91,0,1,0,0,0,0,0,0,1894.0,0.0,1,4,7,4,2,21,65.63,0,42,26,61.9,15,62,32,64,111,59.36,97,438,323,697,179.6,11,2,1241,19,4,0,Weverson,FC Arouca,905452,25777
4,3,27.27,80,8,47.06,139,70,206,77.44,11,35.48,20,15,2,0,0,0,60,3,3,2,0,7,15,0,0,10,12,66,0,0,2.01,2.16,8,0,4.76,0,1,3,20,18,2,1,0,,48,51.06,0,0,1,60,7,22,1,13,1090,5,,0,0,0,0,0.0,0,0,0,0,122,8,0,6.91,0,0,0,0,0,0,0,0,1090.0,0.0,0,9,12,10,9,19,54.29,0,13,6,46.15,22,8,35,11,59,47.2,17,195,82,266,103.6,21,0,449,16,2,0,Paulinho Bóia,CD Nacional,912781,3013
45,35,25.0,215,41,37.96,426,286,677,77.37,11,34.38,21,26,2,0,0,0,87,5,0,4,6,68,26,0,0,8,15,68,1,1,2.7,0.35,22,0,0.0,0,0,2,31,30,1,0,0,,53,53.0,0,0,0,198,17,42,0,24,2089,3,,0,2,0,0,0.0,0,0,0,0,365,6,0,6.9,0,0,0,0,0,0,0,0,0.0,0.0,2,3,5,2,2,7,58.33,0,40,28,70.0,40,96,12,140,64,48.48,108,654,361,875,179.5,8,2,1464,6,5,0,Rafa Soares,Famalicão,190137,49531
17,17,26.15,128,13,46.43,236,128,347,75.11,21,36.84,36,26,4,0,0,0,70,5,3,6,1,13,26,0,1,18,9,102,0,0,2.28,4.27,19,0,21.05,0,4,8,24,21,3,3,1,,74,52.86,0,0,0,115,0,21,2,20,1825,10,,0,1,0,0,0.0,0,0,0,1,261,14,0,6.9,1,2,0,0,0,0,0,0,456.25,0.0,0,13,6,4,9,17,44.74,0,12,11,91.67,20,32,38,65,95,48.22,28,373,154,462,179.4,19,1,808,47,1,0,Jérémy Livolant,Casa Pia,826054,36365
27,20,31.75,263,20,68.97,463,165,608,79.37,15,44.12,19,31,2,0,0,0,92,5,9,9,2,5,31,0,0,29,18,119,0,0,3.21,4.9,27,0,10.0,0,3,5,15,12,3,3,0,,74,42.53,1,0,1,158,11,32,1,25,2003,7,,0,0,0,1,0.0,0,0,0,1,322,20,0,6.9,0,1,0,0,0,0,0,0,667.67,0.0,0,22,8,7,14,19,38.78,0,24,14,58.33,32,51,49,63,89,42.79,29,638,191,766,213.9,30,0,1176,33,3,0,Pepê,FC Porto,882664,3002
30,0,0.0,50,47,38.52,164,673,837,85.15,68,54.84,56,23,0,0,0,0,94,0,0,1,4,154,23,0,0,1,12,109,0,2,0.15,0.36,41,0,50.0,0,2,2,35,34,1,2,0,,69,56.56,2,0,0,146,35,1,0,23,2070,0,,0,0,0,1,0.0,0,0,0,0,164,1,0,6.9,0,0,0,0,0,0,0,0,1035.0,0.0,0,4,0,1,2,10,76.92,0,42,31,73.81,1,57,13,0,137,55.69,122,262,721,983,158.7,4,0,1338,17,6,0,Felix Bacher,Estoril Praia,943525,4500
20,0,0.0,7,84,35.29,50,111,161,51.11,6,85.71,1,16,0,0,0,0,133,0,0,0,2,9,16,0,0,0,3,4,2,2,0.02,,0,0,0.0,125,0,0,30,29,1,0,0,-1.54,3,50.0,0,14,0,154,0,0,0,16,1440,0,,0,0,0,0,0.0,3,0,0,0,159,0,5,6.9,0,0,2,37,14,51,2,11,0.0,0.0,0,0,0,0,0,0,0.0,2,2,2,100.0,0,33,0,0,9,69.23,238,186,129,315,110.4,0,1,465,2,1,0,César Dutra,Boavista,158269,2995
52,0,0.0,11,138,41.32,69,543,612,74.73,8,100.0,0,29,0,0,0,0,231,0,0,0,7,37,29,0,0,0,0,2,3,2,0.02,,2,0,0.0,202,0,0,43,36,7,0,0,-0.75,1,33.33,0,16,0,207,1,0,0,29,2610,0,,0,0,0,2,0.0,8,0,0,0,210,0,18,6.9,0,0,23,41,38,82,2,15,0.0,0.0,0,0,0,0,0,0,0.0,22,0,0,0.0,0,102,0,0,9,81.82,334,204,615,819,200.1,0,0,1095,2,6,0,Nico Mantl,FC Arouca,888592,25777
48,21,17.95,275,59,37.58,600,546,1125,78.73,43,54.43,36,32,0,0,0,0,115,1,0,7,12,76,32,0,0,13,26,118,1,1,2.0,0.73,36,0,0.0,1,0,0,31,28,3,0,0,,87,51.48,0,0,0,304,21,24,0,32,2774,8,,0,0,0,1,0.0,0,0,0,0,487,4,0,6.9,0,0,0,0,0,0,0,0,0.0,0.0,1,8,10,6,5,7,46.67,0,68,42,61.76,24,102,15,117,130,52.42,157,915,631,1429,220.8,18,0,2174,14,10,0,João Mendes,Vitória SC,1133568,3009
13,3,27.27,53,2,22.22,97,58,152,61.29,47,36.43,82,26,2,0,0,0,39,2,7,0,1,12,26,0,0,14,10,163,0,0,1.09,8.81,48,0,32.26,0,10,12,27,22,5,9,1,,60,42.55,0,0,0,96,3,15,2,24,1987,12,,0,0,4,0,100.0,0,4,0,0,177,12,0,6.9,0,8,0,0,0,0,0,0,198.7,0.0,1,26,5,14,17,6,33.33,0,22,12,54.55,15,19,18,11,107,39.63,9,188,71,248,179.3,31,1,503,35,4,0,Cassiano,Casa Pia,157023,36365
37,15,25.42,231,20,51.28,389,172,546,80.89,4,36.36,7,32,2,0,0,0,81,3,1,12,2,10,32,0,0,24,21,93,0,0,2.69,2.1,21,0,11.76,0,4,6,21,19,2,2,2,,83,49.11,0,0,0,129,5,27,2,16,1539,2,,0,0,0,0,0.0,0,0,0,0,261,21,0,6.89,0,2,0,0,0,0,0,0,384.75,0.0,3,13,21,11,11,17,43.59,0,26,15,57.69,27,65,39,59,87,48.33,39,537,197,675,220.6,34,2,1011,40,4,0,João Mendes,Vitória SC,857376,3009
33,1,16.67,174,45,60.81,455,453,907,84.53,36,53.73,31,30,0,0,0,0,117,0,1,5,5,52,30,0,0,11,28,125,0,0,0.7,2.2,48,0,6.9,0,2,2,34,30,4,2,0,,85,47.49,1,0,1,166,18,9,0,23,2093,0,,0,0,0,0,0.0,0,0,0,0,212,15,0,6.89,0,1,0,0,0,0,0,0,1046.5,0.0,1,9,20,16,8,7,50.0,0,56,29,51.79,9,53,14,6,121,49.19,74,578,501,1073,206.6,29,1,1381,24,8,0,Vinicius Zanocelo,Estoril Praia,973841,4500
16,0,0.0,87,17,53.13,178,198,376,80.86,16,48.48,17,14,1,0,0,0,63,2,1,6,0,16,14,0,0,8,9,73,0,0,1.03,0.81,29,0,7.14,0,1,2,13,13,0,0,1,,51,47.66,0,0,1,89,14,4,0,12,946,0,,0,0,0,0,0.0,0,0,0,0,135,8,0,6.89,0,1,0,0,0,0,0,0,946.0,0.0,0,7,7,5,3,5,33.33,0,29,16,55.17,4,42,15,13,67,47.86,32,254,224,465,96.4,14,1,638,17,6,0,Xeka,Estoril Praia,858705,4500
21,0,0.0,25,65,47.1,159,769,928,86.57,68,64.76,37,28,0,0,0,0,102,0,1,3,4,198,27,0,0,0,10,69,2,0,0.19,1.13,23,0,0.0,2,0,0,42,35,7,0,0,,49,60.49,0,0,1,144,27,0,0,26,2181,1,,3,0,0,0,0.0,0,0,0,0,159,2,0,6.89,0,0,0,0,0,0,0,0,0.0,0.0,0,11,2,8,2,2,100.0,0,42,24,57.14,0,52,2,0,117,62.9,138,250,822,1072,185.9,13,2,1443,5,4,0,Aderllan Santos,AVS - Futebol SAD,129617,483088
10,1,14.29,108,5,38.46,263,239,501,87.13,23,50.0,23,27,1,0,0,0,60,3,6,3,3,8,26,0,0,15,12,84,0,0,1.57,3.71,29,0,18.75,0,3,4,12,9,3,3,0,,73,54.48,0,0,1,74,8,12,0,11,1214,2,,0,0,0,0,0.0,0,0,0,3,126,5,0,6.88,0,3,0,0,0,0,0,0,404.67,0.0,0,14,2,4,9,13,59.09,0,31,17,54.84,12,14,22,7,96,53.33,13,332,250,575,179.0,16,1,783,32,5,0,Leandro Barreiro,Benfica,906800,3006
5,1,20.0,64,8,53.33,117,114,230,69.07,90,61.64,56,25,1,0,0,0,32,5,5,8,2,17,25,0,0,14,5,100,0,0,0.98,4.09,15,0,9.09,0,3,4,31,28,3,3,0,,48,52.17,1,0,1,103,1,15,2,16,1395,4,,0,0,2,0,100.0,0,2,0,1,182,5,0,6.88,0,0,0,0,0,0,0,0,465.0,0.0,0,26,7,12,13,8,38.1,0,8,6,75.0,15,11,21,5,138,57.98,15,202,136,333,172.0,33,1,569,32,4,0,Zé Luís,AVS - Futebol SAD,101973,483088
21,1,33.33,31,26,43.33,122,291,412,86.01,19,57.58,14,10,0,0,0,0,21,0,0,0,1,46,10,0,0,1,6,32,0,0,0.09,0.98,11,0,20.0,2,1,1,15,12,3,1,0,,20,52.63,0,0,0,67,13,0,1,9,797,0,,0,0,0,0,0.0,0,0,0,0,76,0,0,6.88,0,0,0,0,0,0,0,0,797.0,0.0,3,2,3,2,3,3,75.0,0,9,6,66.67,0,43,4,3,39,54.93,60,166,316,479,68.8,5,0,591,8,4,0,Óscar Rivas,Vitória SC,1168093,3009
26,16,17.98,121,31,36.05,235,250,469,71.82,38,48.72,40,28,1,0,0,0,68,3,1,0,8,109,28,0,0,14,12,107,1,0,1.77,1.51,24,0,13.04,0,3,4,38,35,3,3,0,,56,45.53,0,0,0,184,21,25,3,27,2349,3,,0,0,0,0,0.0,0,0,0,0,398,2,0,6.88,0,0,0,0,0,0,0,0,783.0,0.0,0,16,7,15,8,12,36.36,0,29,21,72.41,25,66,33,89,94,46.77,86,420,322,653,192.6,23,3,1328,15,3,0,José Gomes,CD Nacional,344181,3013
17,14,24.14,100,17,23.61,215,185,386,73.66,18,37.5,30,28,4,0,0,0,88,7,2,1,4,41,28,0,0,12,19,112,0,0,3.07,1.32,44,0,0.0,0,0,4,14,11,3,0,0,,97,54.19,0,0,0,138,12,21,0,18,1724,7,,0,0,0,0,0.0,0,0,0,0,266,7,0,6.88,1,0,0,0,0,0,0,0,0.0,0.0,0,9,7,9,6,21,65.63,0,33,18,54.55,21,45,32,58,115,50.66,72,362,220,524,192.6,16,0,977,44,10,1,Matheus Pereira,Santa Clara,1016898,3011
19,0,0.0,15,79,29.92,53,225,278,59.53,6,100.0,0,18,0,0,0,0,149,0,0,0,1,24,18,0,0,0,0,0,2,0,0.01,,0,0,0.0,132,0,0,30,28,2,0,0,-1.59,5,100.0,0,8,0,189,0,0,0,18,1575,0,,0,0,0,0,0.0,2,0,0,0,193,0,12,6.88,0,0,10,39,15,56,0,10,0.0,0.0,0,0,0,0,0,0,0.0,9,0,0,0.0,0,28,0,0,11,100.0,264,218,249,467,123.8,0,1,661,7,0,0,Bruno Brígido,CF Estrela Amadora,329079,3035
21,17,18.28,149,26,41.27,340,299,622,80.15,26,37.14,44,30,1,0,0,0,130,4,0,7,3,42,30,0,0,21,55,171,0,1,2.28,1.95,31,0,9.52,0,2,3,42,38,4,2,0,,128,50.2,0,0,0,154,31,22,1,27,2397,6,,0,0,0,0,0.0,0,0,0,1,322,13,0,6.88,0,1,0,0,0,0,0,0,1198.5,0.0,0,11,10,7,7,15,41.67,0,73,42,57.53,22,54,36,93,154,47.38,63,530,339,776,206.3,21,0,1362,40,4,0,Joel Silva,Boavista,1393991,2995
87,0,0.0,25,202,39.61,94,486,580,65.1,13,81.25,3,29,0,0,0,0,244,0,0,0,6,48,29,0,0,0,1,4,3,1,0.05,,0,0,0.0,228,0,0,42,36,6,0,0,-2.68,7,87.5,0,31,0,311,0,1,0,29,2610,0,,0,0,0,0,0.0,3,0,0,0,316,0,22,6.88,0,0,8,42,30,74,0,16,0.0,0.0,0,0,0,0,0,1,100.0,8,1,0,0.0,1,127,1,0,20,83.33,510,334,557,891,199.4,0,1,1196,6,4,0,Kewin,Moreirense,865371,3014
8,3,60.0,95,6,60.0,153,70,220,71.66,49,39.2,76,33,1,0,0,0,45,4,7,8,3,9,33,0,0,16,8,135,0,0,1.74,6.53,27,0,18.42,0,7,8,10,9,1,7,0,,41,41.0,4,0,1,87,5,19,3,15,1599,11,,1,0,0,0,0.0,0,0,0,2,164,13,0,6.88,0,0,0,0,0,0,0,0,228.43,0.0,0,30,8,9,21,5,38.46,0,17,10,58.82,19,11,13,5,90,40.0,10,224,88,307,226.9,38,1,537,19,1,0,Amine El Ouazzani,Sporting Braga,1014048,2999
28,1,100.0,65,76,58.02,281,630,910,89.66,45,66.18,23,19,0,0,0,0,63,0,0,2,6,62,19,0,0,6,8,47,1,0,0.27,0.58,10,0,0.0,1,0,0,16,14,2,0,0,,39,61.9,0,0,0,105,13,1,0,15,1354,2,,0,0,0,0,0.0,0,0,0,0,122,0,0,6.87,0,0,0,0,0,0,0,0,0.0,0.0,0,6,1,1,4,5,100.0,0,22,14,63.64,1,53,5,1,84,64.12,131,341,675,1015,130.6,7,1,1180,12,7,0,Mikel Villanueva,Vitória SC,836279,3009
32,3,18.75,171,51,57.3,370,480,847,85.9,29,48.33,31,29,1,0,0,0,99,0,2,1,4,46,29,0,0,17,16,109,1,0,0.73,1.9,43,0,9.09,0,1,2,27,22,5,1,0,,111,58.73,0,0,1,139,36,15,0,25,2034,0,,0,0,0,0,0.0,0,0,0,0,208,6,0,6.87,0,1,0,0,0,0,0,0,2034.0,0.0,0,3,8,8,2,7,58.33,0,71,37,52.11,15,58,12,16,140,56.22,89,472,530,986,199.3,11,0,1345,36,6,0,Rúben Ramos Ismael,Moreirense,1469058,3014
108,9,28.13,111,147,42.49,309,550,850,74.24,39,54.17,33,29,0,0,0,0,98,2,2,6,7,143,29,0,1,5,27,102,1,2,1.49,0.85,35,0,0.0,11,0,0,48,43,5,0,0,,67,49.26,0,0,1,295,41,17,0,29,2600,5,,1,0,0,1,0.0,0,0,0,0,407,1,0,6.87,1,0,0,0,0,0,0,0,0.0,0.0,2,11,8,8,5,7,58.33,0,54,32,59.26,17,222,12,32,106,50.96,346,565,612,1145,199.3,19,0,1657,6,8,0,Rodrigo Abascal,Boavista,846416,2995
1,0,0.0,35,3,100.0,49,23,72,75.0,13,52.0,12,14,0,0,0,0,8,3,6,5,0,4,14,0,0,6,4,39,0,0,0.38,5.27,11,0,11.54,0,3,3,4,4,0,3,0,,30,52.63,0,0,1,24,1,7,1,4,457,5,,0,0,0,0,0.0,0,0,0,1,61,2,0,6.87,0,2,0,0,0,0,0,0,152.33,0.0,0,21,5,7,14,5,35.71,0,7,4,57.14,7,1,14,2,43,52.44,3,75,23,96,96.2,26,1,215,19,0,0,Andrea Belotti,Benfica,220223,3006
1,0,0.0,44,0,0.0,66,55,121,57.35,62,54.87,51,16,2,0,1,0,15,2,4,4,0,11,16,0,0,12,6,101,0,0,1.52,3.98,33,0,9.52,0,2,4,14,9,5,2,0,,29,36.71,0,0,3,90,3,12,0,12,995,8,,0,0,2,0,50.0,0,1,0,1,139,6,0,6.87,0,2,0,0,0,0,0,0,497.5,0.0,1,19,2,10,7,0,0.0,0,8,3,37.5,12,8,5,0,91,47.4,1,146,65,211,109.9,21,1,358,22,7,0,Alisson Safira,Santa Clara,870927,3011
30,2,8.7,93,32,37.65,208,200,406,71.48,20,50.0,20,32,4,0,0,0,103,4,2,4,2,45,32,0,0,5,18,78,0,0,0.51,1.34,30,0,0.0,0,0,4,22,16,6,0,0,,100,63.29,0,0,0,162,37,9,0,20,1826,0,,0,0,0,0,0.0,0,0,0,0,214,8,0,6.87,0,0,0,0,0,0,0,0,0.0,0.0,0,7,12,11,4,10,62.5,0,77,48,62.34,9,60,16,23,120,60.61,85,344,247,568,219.7,19,0,910,13,8,0,Pedro Ferreira,Santa Clara,851277,3011
37,0,0.0,133,48,53.33,373,333,706,82.09,36,57.14,27,23,0,0,0,0,82,2,2,3,5,27,22,0,0,7,13,90,0,0,0.96,1.01,39,0,0.0,0,0,0,16,12,4,0,0,,57,47.5,0,0,2,154,23,8,0,18,1502,0,,0,0,0,0,0.0,0,0,0,0,190,8,0,6.86,0,0,0,0,0,0,0,0,0.0,0.0,0,14,6,16,1,6,54.55,0,33,20,60.61,8,76,11,3,93,50.82,90,492,371,860,151.0,20,0,1080,18,3,0,Vítor Carvalho,Sporting Braga,887754,2999
28,8,17.78,158,29,43.94,324,306,622,79.64,19,35.85,34,30,4,0,0,0,149,5,2,6,3,59,30,0,1,21,24,156,0,1,2.8,2.02,33,0,11.11,0,2,6,44,41,3,2,0,,141,53.61,0,0,0,159,32,23,0,28,2374,8,,0,0,0,1,0.0,0,0,0,0,386,17,0,6.86,1,2,0,0,0,0,0,0,1187.0,0.0,0,12,6,6,6,29,39.19,0,71,47,66.2,23,54,74,45,160,50.63,66,472,354,781,205.9,18,3,1551,41,5,0,Wagner Pina,Estoril Praia,1513625,4500
20,16,24.62,153,29,33.72,351,359,694,78.24,32,43.84,41,27,1,0,0,0,82,2,2,4,4,83,27,0,0,21,20,143,0,1,2.41,1.63,48,0,8.7,1,2,3,33,31,2,2,0,,106,50.96,1,0,0,193,23,14,0,24,2173,3,,0,0,0,1,0.0,0,0,0,0,377,3,0,6.86,0,1,0,0,0,0,0,0,1086.5,0.0,0,19,4,12,7,12,42.86,0,62,36,58.06,14,56,28,65,138,49.11,86,527,425,887,185.3,23,0,1623,33,8,0,Dinis Pinto,Moreirense,1160980,3014
0,5,26.32,16,0,0.0,25,21,41,68.33,4,66.67,2,6,1,0,0,0,10,2,0,1,1,3,5,0,1,0,1,7,0,0,0.48,0.09,2,0,33.33,0,1,2,2,1,1,0,1,,12,70.59,0,0,0,19,0,4,1,2,190,0,,0,0,0,0,0.0,0,0,0,0,45,1,0,6.86,1,0,0,0,0,0,0,0,190.0,0.0,0,0,3,0,2,0,0.0,0,3,0,0.0,4,1,2,19,16,69.57,7,54,25,60,34.3,3,0,134,9,1,0,Pedro Bondo,Famalicão,1102988,49531
36,3,14.29,169,38,44.71,407,508,912,85.71,8,27.59,21,30,2,0,0,0,118,3,0,7,3,41,30,0,0,15,14,84,0,0,1.0,0.76,28,0,0.0,0,0,2,35,30,5,0,0,,87,58.0,0,0,0,152,27,25,0,25,2194,0,,0,1,0,1,0.0,0,0,0,0,233,6,0,6.86,0,0,0,0,0,0,0,0,0.0,0.0,2,3,14,8,2,9,50.0,0,49,32,65.31,24,76,18,21,95,53.07,85,541,544,1064,205.8,17,0,1382,29,5,0,Taichi Fukui,FC Arouca,1105857,25777
3,0,0.0,11,3,60.0,23,22,45,86.54,2,66.67,1,6,1,0,0,0,4,2,0,0,0,8,5,0,0,1,1,5,0,0,0.16,,2,0,0.0,0,0,1,1,1,0,0,0,,2,33.33,0,0,0,7,3,4,0,1,102,0,,0,0,0,0,0.0,0,0,0,0,9,0,0,6.86,0,0,0,0,0,0,0,0,0.0,0.0,0,0,0,0,0,0,0.0,0,2,0,0.0,4,4,0,0,4,44.44,5,29,23,52,34.3,0,0,72,0,0,0,Vítor Gomes,Rio Ave,44739,3036
14,30,20.55,187,19,38.0,321,157,448,72.61,12,40.0,18,32,1,0,0,2,91,12,7,15,2,8,32,0,0,19,30,129,0,1,3.87,6.44,22,2,9.26,0,5,6,40,36,4,3,2,,104,48.37,0,0,3,169,11,34,0,25,2259,9,,0,0,3,0,33.33,0,1,0,1,427,14,0,6.86,0,5,0,0,0,0,0,0,451.8,15.38,13,24,30,20,19,19,31.15,0,26,13,50.0,34,50,61,146,116,47.35,50,576,187,617,219.5,54,0,1155,60,5,0,Jason,FC Arouca,330677,25777
44,3,11.11,263,43,59.72,472,319,788,82.0,16,59.26,11,32,1,0,0,0,138,2,4,25,3,14,32,0,0,28,24,114,0,0,2.02,5.54,29,0,3.13,0,2,3,33,27,6,2,0,,83,44.62,1,0,3,173,13,26,0,27,2375,1,,0,0,0,0,0.0,0,0,0,0,308,19,0,6.86,0,0,0,0,0,0,0,0,1187.5,0.0,1,25,39,21,18,27,54.0,0,32,24,75.0,26,79,50,27,99,46.48,72,622,366,961,219.5,64,1,1363,24,5,0,Morlaye Sylla,FC Arouca,822492,25777
30,0,0.0,23,58,42.34,144,881,1025,87.31,51,59.3,35,29,1,0,0,0,70,2,1,2,4,161,29,0,0,3,8,67,0,1,0.14,1.45,21,0,9.09,1,1,2,42,36,6,1,0,,49,60.49,1,0,0,149,27,2,0,26,2396,2,,0,0,0,1,0.0,0,0,0,0,168,0,0,6.86,0,0,0,0,0,0,0,0,2396.0,0.0,0,11,0,4,5,4,57.14,0,31,18,58.06,2,60,7,0,100,59.88,137,223,951,1174,198.9,11,1,1513,15,6,0,Maracás,Moreirense,931485,3014
11,0,0.0,124,21,61.76,265,250,515,80.22,37,54.41,31,27,2,0,0,0,84,3,0,5,1,26,26,0,0,23,23,120,0,1,0.91,1.42,24,0,19.05,0,4,6,22,20,2,3,1,,85,48.85,1,0,1,127,14,7,1,16,1481,1,,0,0,0,0,0.0,0,0,0,1,216,10,0,6.86,0,2,0,0,0,0,0,0,370.25,0.0,0,11,10,8,8,17,45.95,0,39,25,64.1,7,22,37,5,122,50.41,34,363,284,642,178.3,21,1,965,29,10,0,Santi García,Gil Vicente,1084746,3010
2,4,15.38,63,2,33.33,90,26,112,72.73,11,31.43,24,21,0,0,0,0,26,2,3,3,1,14,21,0,0,10,3,71,0,0,1.09,4.3,18,0,26.92,0,7,7,8,6,2,7,0,,29,38.16,1,0,1,42,4,10,1,9,865,5,,0,0,0,1,0.0,0,0,0,0,128,4,0,6.86,0,5,0,0,0,0,0,0,123.57,0.0,0,22,4,10,13,6,26.09,0,8,4,50.0,10,3,23,26,40,36.04,6,148,32,154,144.0,26,1,366,15,4,0,Gustavo Silva,Vitória SC,1468082,3009
5,0,0.0,11,11,37.93,42,214,256,86.2,12,46.15,14,9,0,0,0,0,24,0,0,0,2,38,9,0,0,1,2,21,0,0,0.04,0.06,4,0,0.0,1,0,0,5,5,0,0,0,,13,65.0,0,0,0,41,6,2,0,5,491,0,,0,0,0,0,0.0,0,0,0,0,46,0,0,6.86,0,0,0,0,0,0,0,0,0.0,0.0,0,1,0,0,1,2,100.0,0,9,8,88.89,2,14,2,0,25,54.35,29,67,230,297,61.7,1,0,375,2,0,0,Ponck,Moreirense,584116,3014
15,0,0.0,70,36,34.29,259,764,1023,86.04,81,64.29,45,29,0,0,0,0,108,1,3,1,4,124,29,0,0,2,9,94,1,1,0.36,1.3,38,0,7.14,0,1,1,43,40,3,1,0,,72,59.5,1,0,0,166,43,6,0,29,2471,2,,0,0,0,1,0.0,0,0,0,0,186,2,0,6.86,0,0,0,0,0,0,0,0,2471.0,0.0,0,14,0,5,8,0,0.0,0,48,34,70.83,6,42,3,0,153,61.94,105,361,828,1189,198.8,14,2,1529,24,8,0,Kévin Boma,Estoril Praia,1049465,4500
10,5,38.46,130,18,78.26,228,142,365,82.95,9,33.33,18,24,1,0,0,0,69,3,1,4,0,8,24,0,0,14,17,85,0,1,1.24,1.16,26,0,6.67,0,1,2,10,8,2,1,0,,84,55.63,0,0,1,75,14,16,0,10,1067,1,,0,0,0,0,0.0,0,0,0,0,145,6,0,6.85,0,1,0,0,0,0,0,0,1067.0,0.0,0,9,6,9,2,11,45.83,0,40,21,52.5,16,18,24,13,93,52.25,23,291,162,440,164.5,15,0,686,33,4,0,Mathias De Amorim,Famalicão,1511656,49531
17,2,13.33,107,19,42.22,222,227,447,77.47,27,52.94,24,26,0,0,0,0,85,1,2,7,2,26,26,0,0,13,22,98,0,1,0.88,3.01,29,0,15.79,0,3,3,26,22,4,3,0,,85,53.46,0,0,0,130,17,15,3,21,1774,2,,1,0,0,0,0.0,0,0,0,1,187,6,0,6.85,1,0,0,0,0,0,0,0,591.33,0.0,1,9,10,4,8,7,41.18,0,38,19,50.0,15,43,17,15,112,53.33,45,340,252,577,178.2,19,0,847,40,2,1,Ilija Vukotić,Boavista,891881,2995
15,1,33.33,49,19,70.37,133,142,274,85.89,14,66.67,7,13,0,0,0,0,40,2,0,3,0,8,13,0,0,12,12,53,0,0,0.46,0.16,20,0,0.0,0,0,0,11,10,1,0,0,,42,47.73,0,0,1,45,14,9,0,9,804,1,,0,0,0,0,0.0,0,0,0,0,87,6,0,6.85,0,0,0,0,0,0,0,0,0.0,0.0,0,3,6,4,2,12,66.67,0,19,12,63.16,9,25,18,3,56,51.38,27,165,157,319,89.1,9,0,479,12,4,0,Igor Jesus,CF Estrela Amadora,1170912,3035
12,8,22.86,150,9,37.5,238,102,332,71.55,15,42.86,20,30,2,0,0,0,96,2,2,14,1,21,30,0,0,22,26,127,0,1,1.29,2.69,21,0,11.9,0,5,7,23,21,2,3,2,,86,44.56,0,0,1,132,12,14,5,13,1416,3,,0,0,0,0,0.0,0,0,0,0,274,12,0,6.85,0,0,0,0,0,0,0,0,283.2,0.0,0,23,19,10,18,29,42.03,0,35,22,62.86,14,24,69,35,101,44.3,24,360,139,464,205.6,42,1,849,22,8,0,Gil Dias,Famalicão,583838,49531
34,1,50.0,46,64,49.61,132,424,555,79.29,54,56.25,42,21,0,0,0,0,48,0,1,5,4,96,21,0,0,2,6,79,0,0,0.13,1.28,31,0,6.25,3,1,1,24,24,0,1,0,,39,51.32,1,0,0,145,14,3,0,20,1758,2,,2,0,0,1,0.0,0,0,0,0,164,0,0,6.85,0,0,0,0,0,0,0,0,1758.0,0.0,0,16,0,7,4,1,33.33,0,26,16,61.54,3,79,3,2,93,54.07,129,232,470,700,143.9,16,0,945,12,5,0,Lucas Áfrico,SC Farense,939792,2998
59,0,0.0,81,96,46.6,376,1166,1542,88.22,54,56.25,42,29,0,0,0,0,91,0,2,0,7,152,29,0,0,0,18,108,0,1,0.2,0.97,48,0,14.29,5,1,1,42,35,7,1,0,,44,40.0,0,0,0,206,27,3,1,29,2592,1,,1,0,0,2,0.0,0,0,0,1,222,0,0,6.85,0,0,0,0,0,0,0,0,2592.0,0.0,0,6,1,6,1,3,100.0,0,29,13,44.83,3,112,3,3,98,47.57,206,512,1239,1748,198.7,7,1,2085,13,10,0,Jose Fontán,FC Arouca,964609,25777
1,0,0.0,5,14,22.95,10,34,44,47.83,0,0.0,0,4,0,0,0,0,29,0,0,0,2,5,4,0,0,0,0,0,1,1,0.01,,0,0,0.0,22,0,0,3,3,0,0,0,0.94,0,0.0,0,2,0,48,0,0,0,4,360,0,,0,0,0,0,0.0,1,0,0,0,49,0,2,6.85,0,0,5,5,4,9,0,3,0.0,0.0,0,0,0,0,0,0,0.0,5,0,0,0.0,0,1,0,0,0,0.0,61,52,40,92,27.4,0,0,121,0,0,0,Kevin Chamorro,Estoril Praia,905406,4500
2,0,0.0,10,32,34.78,29,18,47,43.93,2,100.0,0,4,0,0,0,0,20,0,0,0,2,3,4,0,0,0,0,0,0,0,0.01,,0,0,0.0,36,0,0,2,2,0,0,0,1.48,0,0.0,0,1,0,60,0,0,0,4,360,0,,0,0,0,0,0.0,0,0,0,0,60,0,1,6.85,0,0,0,3,3,6,0,3,0.0,0.0,0,0,0,0,0,0,0.0,0,0,0,0.0,0,3,0,0,2,100.0,92,82,25,107,27.4,0,0,122,1,0,0,João Gonçalves,Boavista,987596,2995
16,0,0.0,4,48,37.21,19,162,181,67.29,1,100.0,0,8,0,0,0,0,71,0,0,0,2,4,8,0,0,0,1,1,2,1,0.01,,0,0,0.0,78,0,0,13,10,3,0,0,-0.83,1,50.0,0,3,0,88,0,0,0,8,720,0,,0,0,0,0,0.0,0,0,0,0,90,0,2,6.85,0,0,3,16,14,30,0,6,0.0,0.0,0,0,0,0,0,0,0.0,3,0,0,0.0,0,25,0,0,2,66.67,129,79,190,269,54.8,0,1,351,1,1,0,Jhonatan,Rio Ave,798688,3036
17,1,33.33,67,56,46.67,215,531,745,84.28,43,68.25,20,26,0,0,0,0,47,0,0,0,5,105,26,0,0,1,7,47,0,1,0.19,0.27,18,0,0.0,0,0,0,17,10,7,0,0,,33,55.0,0,0,0,139,27,7,0,21,1819,0,,0,0,0,0,0.0,0,0,0,0,151,1,0,6.85,0,0,0,0,0,0,0,0,0.0,0.0,0,4,1,3,2,1,50.0,0,31,16,51.61,7,39,2,3,76,61.79,120,300,587,884,178.1,5,0,1106,1,5,0,Frederico Venâncio,Santa Clara,254815,3011
0,0,0.0,5,1,100.0,14,26,40,93.02,0,0.0,0,2,0,0,0,0,2,0,0,0,0,0,2,0,0,1,0,4,0,0,0.03,0.1,3,0,0.0,0,0,0,1,1,0,0,0,,8,66.67,0,0,0,3,1,0,0,1,96,0,,0,0,0,0,0.0,0,0,0,0,6,0,0,6.85,0,0,0,0,0,0,0,0,0.0,0.0,0,0,1,1,0,0,0.0,0,5,3,60.0,0,0,0,1,8,66.67,1,18,26,43,13.7,1,0,63,3,1,0,Alexandre Brito,Sporting CP,1403151,3001
14,18,20.0,130,15,51.72,238,126,346,71.78,53,60.23,35,33,1,0,0,0,110,8,5,10,3,27,33,0,0,32,17,168,1,1,3.51,3.16,30,0,6.38,1,3,4,45,42,3,3,0,,109,45.04,2,0,2,136,14,32,0,28,2361,10,,0,0,0,0,0.0,0,0,0,1,374,20,0,6.85,0,1,0,0,0,0,0,0,787.0,0.0,0,33,14,29,8,58,50.43,0,40,24,60.0,32,29,115,90,162,49.09,29,423,149,482,226.0,47,1,1035,13,2,0,John Mercado,AVS - Futebol SAD,1002514,483088
3,5,21.74,85,6,27.27,196,154,345,83.94,3,16.67,15,18,0,0,0,0,52,1,2,1,2,9,17,0,0,6,11,61,0,0,0.8,1.94,13,0,33.33,0,3,3,9,8,1,3,0,,44,48.89,0,0,0,66,10,8,1,11,970,1,,0,0,0,0,0.0,0,0,0,0,148,1,0,6.85,0,2,0,0,0,0,0,0,323.33,0.0,0,9,0,2,6,6,27.27,0,26,17,65.38,8,13,22,23,47,43.52,22,257,177,411,116.4,9,0,698,12,2,0,Iván Fresneda,Sporting CP,1167818,3001
25,0,0.0,49,35,52.24,159,266,425,82.85,17,41.46,24,11,0,0,0,0,67,0,2,3,2,31,11,0,0,4,11,58,1,1,0.16,1.45,15,0,7.14,0,1,1,12,10,2,1,0,,29,46.03,0,0,0,88,17,6,1,11,958,0,,0,0,0,0,0.0,0,0,0,0,113,0,0,6.85,0,0,0,0,0,0,0,0,958.0,0.0,0,7,7,7,4,4,40.0,0,17,11,64.71,6,44,10,4,46,44.23,67,221,296,513,75.3,14,0,651,8,3,0,Mohamed Bamba,Gil Vicente,1537180,3010
5,1,50.0,41,37,61.67,160,517,676,91.72,25,59.52,17,18,0,0,0,0,59,2,0,2,3,84,18,0,1,1,11,50,0,1,0.41,0.74,20,0,16.67,0,1,1,24,21,3,1,0,,34,50.75,1,0,0,61,17,4,0,15,1297,0,,1,0,0,0,0.0,0,0,0,0,73,3,0,6.84,1,0,0,0,0,0,0,0,1297.0,0.0,0,4,2,3,1,3,60.0,0,23,13,56.52,4,13,5,2,59,54.13,60,191,548,737,123.2,6,1,930,8,5,0,Jonathan Panzo,Rio Ave,867438,3036
6,1,100.0,24,19,55.88,46,91,136,82.93,16,69.57,7,10,0,0,0,0,13,1,0,0,1,24,9,0,0,0,2,18,0,0,0.53,0.68,9,0,20.0,1,1,1,6,6,0,1,0,,14,56.0,0,0,0,28,4,4,0,5,487,0,,0,0,0,0,0.0,0,0,0,0,31,1,0,6.84,0,1,0,0,0,0,0,0,487.0,0.0,0,5,0,3,2,0,0.0,0,7,4,57.14,4,11,1,1,30,62.5,34,64,101,164,61.6,5,1,233,7,4,0,Raúl Silva,SC Farense,551812,2998
21,4,25.0,100,34,53.13,214,322,532,83.91,8,47.06,9,18,1,0,0,0,67,1,0,1,5,26,18,0,0,4,10,46,0,0,0.63,0.09,15,0,0.0,0,0,1,20,18,2,0,0,,72,66.06,0,0,0,102,11,8,0,17,1494,3,,0,0,0,0,0.0,0,0,0,0,158,4,0,6.84,0,0,0,0,0,0,0,0,0.0,0.0,0,1,1,1,0,10,50.0,0,36,20,55.56,8,36,20,16,80,63.49,64,283,367,634,123.2,2,0,1038,26,1,0,Calegari,Famalicão,988906,49531
24,10,15.87,113,31,29.52,249,295,534,72.26,21,43.75,27,32,3,0,0,0,108,7,3,10,3,50,32,0,0,12,7,90,0,3,2.47,1.88,21,0,6.25,0,2,5,34,31,3,2,0,,89,58.55,0,0,3,205,34,18,0,26,2259,4,,0,0,0,0,0.0,0,0,0,1,404,10,0,6.84,1,2,0,0,0,0,0,0,1129.5,0.0,4,15,17,16,6,26,50.98,0,32,23,71.88,18,63,51,63,110,55.0,105,439,363,739,219.0,32,0,1372,36,7,1,Gaizka Larrazabal,Casa Pia,849719,36365
15,0,0.0,30,24,46.15,115,200,315,84.0,11,73.33,4,7,0,0,0,0,24,0,0,0,1,19,7,0,0,0,1,12,0,1,0.06,,8,0,0.0,9,0,0,10,8,2,0,0,,20,71.43,0,0,0,60,5,0,0,7,627,0,,0,0,0,0,0.0,0,0,0,0,69,1,0,6.84,0,0,0,0,0,0,0,0,0.0,0.0,0,0,0,0,0,2,100.0,0,15,9,60.0,0,39,2,1,31,72.09,52,156,220,375,47.9,0,0,452,3,4,0,Nermin Zolotić,Casa Pia,94826,36365
32,20,27.4,135,44,45.83,290,311,581,74.58,24,43.64,31,31,2,0,0,0,138,4,0,1,7,57,31,0,0,26,25,132,0,3,2.74,0.21,23,0,0.0,0,0,2,35,33,2,0,0,,140,58.09,0,0,0,198,46,23,0,30,2604,2,,0,0,0,0,0.0,0,0,0,0,423,7,0,6.84,0,0,0,0,0,0,0,0,0.0,0.0,0,3,6,7,1,35,55.56,0,61,44,72.13,23,71,63,73,164,55.41,96,478,374,779,212.1,9,0,1608,44,4,0,Pastor,SC Farense,1046354,2998
47,16,29.63,166,55,30.73,365,628,977,76.09,35,53.85,30,31,0,0,0,0,117,3,1,2,6,99,31,0,0,16,26,131,0,3,2.73,0.6,33,0,0.0,0,0,0,40,36,4,0,0,,131,56.47,0,0,0,307,42,22,0,31,2710,2,,0,0,0,0,0.0,0,0,0,0,510,8,0,6.84,0,0,0,0,0,0,0,0,0.0,0.0,0,3,10,9,2,13,32.5,0,60,45,75.0,22,119,40,54,166,55.89,179,596,742,1284,212.1,13,1,2112,59,4,0,Zé Carlos,Gil Vicente,1001662,3010
16,0,0.0,38,35,30.43,199,761,960,85.26,54,68.35,25,29,0,0,0,0,82,1,0,4,10,146,29,0,1,3,15,79,0,2,0.21,0.43,38,0,0.0,3,0,0,27,20,7,0,0,,46,46.0,0,0,0,166,18,3,0,29,2580,1,,0,0,0,0,0.0,0,0,0,0,180,1,0,6.84,1,0,0,0,0,0,0,0,0.0,0.0,0,9,3,4,4,1,100.0,0,31,17,54.84,3,55,1,1,100,55.87,115,307,820,1126,198.3,12,1,1421,15,10,0,Luís Rocha,Santa Clara,141012,3011
15,0,0.0,16,16,59.26,39,64,103,72.03,12,75.0,4,8,0,0,0,0,19,0,0,1,2,31,8,0,0,2,9,24,0,0,0.13,0.09,7,0,50.0,0,1,1,8,8,0,1,0,,21,51.22,1,0,0,40,8,1,0,5,486,0,,0,0,0,1,0.0,0,0,0,0,54,0,0,6.84,0,0,0,0,0,0,0,0,486.0,0.0,0,1,1,0,1,0,0.0,0,18,10,55.56,1,25,2,2,33,57.89,27,63,82,143,54.7,2,0,246,3,2,0,Vitaliy Lystsov,Boavista,789123,2995
12,6,17.14,127,13,46.43,208,87,289,72.43,12,28.57,30,27,2,0,0,0,82,6,5,9,1,14,27,0,0,29,18,124,0,0,2.3,4.22,11,0,4.55,0,2,4,31,27,4,2,0,,127,57.47,1,0,0,110,6,20,1,20,1821,5,,0,0,0,0,0.0,0,0,0,1,291,6,0,6.83,0,0,0,0,0,0,0,0,910.5,0.0,0,28,16,21,14,48,55.81,0,28,15,53.57,20,19,86,35,139,52.85,28,318,116,399,184.5,44,0,851,52,2,0,André Luiz,Rio Ave,1133282,3036
47,3,27.27,197,79,65.29,462,564,1023,86.48,48,60.76,31,33,0,0,0,0,130,0,1,5,8,57,33,0,0,23,18,128,0,2,0.79,1.22,36,0,4.76,0,1,1,35,33,2,1,0,,81,45.51,0,0,2,160,39,17,0,25,2317,2,,0,0,0,0,0.0,0,0,0,0,243,9,0,6.83,0,1,0,0,0,0,0,0,2317.0,0.0,0,9,12,12,4,12,36.36,0,59,41,69.49,17,71,33,11,129,50.19,121,565,629,1183,225.5,21,0,1543,11,3,0,Mirko Topić,Famalicão,980797,49531
1,1,33.33,28,0,0.0,36,5,40,74.07,0,0.0,0,6,0,0,0,0,3,0,1,2,0,2,6,0,0,3,0,6,0,0,0.14,0.56,0,0,20.0,0,1,1,2,1,1,1,0,,10,62.5,0,0,0,14,0,4,1,1,118,0,,0,0,0,0,0.0,0,0,0,0,30,0,0,6.83,0,0,0,0,0,0,0,0,118.0,0.0,0,5,0,2,1,7,70.0,0,0,0,0.0,4,3,10,3,10,62.5,0,50,7,54,41.0,5,0,94,3,0,0,Marcus Edwards,Sporting CP,795066,3001
25,0,0.0,31,48,50.0,166,637,803,88.73,50,67.57,24,25,0,0,0,0,77,0,2,2,5,138,24,0,1,1,6,45,0,4,0.15,0.96,15,0,0.0,10,0,0,29,25,4,0,0,,33,61.11,0,0,0,102,24,1,0,24,2033,0,,0,0,0,1,0.0,0,0,0,0,121,1,0,6.83,1,0,0,0,0,0,0,0,0.0,0.0,0,10,0,4,4,2,50.0,0,21,13,61.9,1,52,4,1,83,64.84,96,229,677,905,164.0,10,1,1188,11,5,0,José Fonte,Casa Pia,27622,36365
22,15,23.44,147,42,63.64,285,209,479,78.01,15,53.57,13,25,1,0,0,0,89,4,0,10,1,6,25,0,0,27,22,109,0,0,1.62,1.42,32,1,13.04,0,3,4,23,20,3,1,2,,83,46.37,0,0,0,135,12,24,3,15,1398,2,,0,0,0,0,0.0,0,0,0,0,279,10,0,6.83,0,0,0,0,0,0,0,0,466.0,25.0,4,7,16,7,6,18,47.37,0,35,22,62.86,24,49,38,64,98,47.34,66,432,246,614,170.8,23,0,938,31,4,0,Brandon Aguilera,Rio Ave,1020203,3036
66,0,0.0,146,69,53.91,396,470,866,82.09,15,38.46,24,29,0,0,0,0,114,3,1,5,3,34,29,0,1,4,34,88,1,2,1.12,0.64,22,0,7.69,0,1,1,37,31,6,0,1,,108,62.79,0,0,0,189,33,13,0,24,2052,0,,0,0,0,1,0.0,0,0,0,1,224,2,0,6.83,2,1,0,0,0,0,0,0,2052.0,0.0,0,2,11,4,4,2,33.33,0,51,31,60.78,13,142,6,4,123,58.29,128,550,509,1055,198.1,13,1,1364,56,6,1,Sebastián Pérez,Boavista,158597,2995
49,2,16.67,179,65,52.42,385,450,833,82.48,37,56.06,29,27,2,0,0,0,99,2,0,5,5,49,26,0,0,6,15,83,0,1,0.82,0.69,30,0,0.0,0,0,2,20,19,1,0,0,,56,50.91,0,0,1,177,14,10,0,18,1746,1,,0,0,0,0,0.0,0,0,0,0,214,3,0,6.83,0,0,0,0,0,0,0,0,0.0,0.0,0,2,12,6,3,3,42.86,0,35,24,68.57,10,91,7,12,93,52.84,124,517,505,1010,177.6,14,0,1234,19,4,0,Tom Van De Looi,Famalicão,836676,49531
27,15,29.41,134,35,31.25,283,253,521,71.57,8,29.63,19,26,0,0,0,0,100,3,0,2,6,57,26,0,0,10,26,92,0,0,1.68,0.28,29,0,0.0,0,0,0,32,29,3,0,0,,98,57.31,0,0,0,207,32,20,0,21,1905,0,,0,0,0,0,0.0,0,0,0,0,355,6,0,6.83,0,0,0,0,0,0,0,0,0.0,0.0,0,2,6,3,3,10,52.63,0,55,35,63.64,20,62,19,51,106,53.54,112,449,330,728,177.6,8,0,1344,33,9,0,Fernando Fonseca,AVS - Futebol SAD,792666,483088
28,3,30.0,153,38,73.08,314,243,554,83.94,5,62.5,3,24,1,0,0,0,75,4,0,4,0,7,24,0,1,16,25,72,0,2,0.86,0.74,21,0,16.67,0,2,3,25,23,2,1,1,,68,49.64,0,0,0,106,10,14,0,15,1372,1,,0,0,0,0,0.0,0,0,0,0,172,10,0,6.83,1,2,0,0,0,0,0,0,686.0,0.0,0,5,7,5,3,25,78.13,0,29,14,48.28,14,41,32,10,73,50.34,52,396,274,660,163.9,12,1,873,14,6,0,Martim Neto,Rio Ave,1100646,3036
43,10,30.3,146,54,51.43,345,398,733,81.72,21,48.84,22,29,2,0,0,0,110,2,0,4,3,39,29,0,0,7,26,105,1,1,1.07,0.56,45,0,14.29,0,2,4,41,37,4,1,1,,98,54.14,1,0,0,164,36,17,1,25,2123,1,,0,1,0,0,0.0,0,0,0,0,222,11,0,6.83,0,0,0,0,0,0,0,0,1061.5,0.0,0,3,11,5,5,8,53.33,0,66,41,62.12,16,81,15,33,119,53.13,105,480,450,897,198.0,14,0,1236,24,13,0,Jaume Grau,AVS - Futebol SAD,838633,483088
1,0,0.0,30,1,50.0,57,28,85,67.46,19,45.24,23,15,1,0,0,0,23,2,4,1,0,3,15,0,0,18,5,71,0,0,0.48,2.23,22,0,20.0,0,3,4,8,6,2,3,0,,44,47.83,0,0,0,41,1,5,1,5,666,5,,0,0,0,0,0.0,0,0,0,0,115,8,0,6.83,0,2,0,0,0,0,0,0,222.0,0.0,0,14,1,5,9,10,58.82,0,12,6,50.0,5,2,17,4,63,47.01,2,97,33,126,102.4,15,0,287,23,2,0,Dylan Nandín,FC Arouca,1510444,25777
5,0,0.0,36,13,33.33,225,596,821,93.4,15,65.22,8,15,0,0,0,0,61,1,0,0,7,36,15,0,1,1,6,36,0,1,0.13,0.03,18,0,0.0,0,0,0,7,6,1,0,0,,25,47.17,0,0,1,58,7,3,0,13,1134,0,,0,0,0,1,0.0,0,0,0,0,70,0,0,6.83,1,0,0,0,0,0,0,0,0.0,0.0,0,1,0,0,1,4,57.14,0,19,10,52.63,3,16,7,0,40,52.63,39,266,613,879,102.4,1,1,987,2,3,0,Bright Arrey-Mbi,Sporting Braga,997173,2999
33,2,7.14,117,29,55.77,220,155,373,79.03,13,48.15,14,24,0,0,0,0,61,1,1,5,0,14,23,0,0,7,8,73,0,0,1.01,1.41,31,0,0.0,0,0,0,18,16,2,0,0,,62,51.24,0,0,0,99,11,15,0,12,1055,1,,0,0,0,0,0.0,0,0,0,0,173,9,0,6.83,0,0,0,0,0,0,0,0,0.0,0.0,0,9,5,7,2,18,56.25,0,25,13,52.0,15,58,32,28,75,50.68,52,321,179,472,157.0,14,0,706,19,3,0,Miguel Sousa,Casa Pia,936367,36365
5,2,66.67,32,7,70.0,55,25,78,83.87,3,50.0,3,8,1,0,0,0,10,3,0,4,0,0,8,0,0,2,4,14,0,0,0.79,0.24,5,0,0.0,0,0,1,1,0,1,0,0,,9,45.0,0,0,0,15,1,3,0,0,161,0,,0,0,0,0,0.0,0,0,0,0,23,1,0,6.83,0,0,0,0,0,0,0,0,0.0,0.0,0,2,4,1,1,2,100.0,0,5,3,60.0,3,7,2,3,12,46.15,10,67,29,93,54.6,6,0,125,2,0,0,Diego Rodrigues,Sporting Braga,1184326,2999
36,0,0.0,52,186,32.98,129,259,388,50.39,10,83.33,2,29,0,0,0,0,227,0,0,0,5,45,29,0,0,1,1,4,4,0,0.07,,0,0,0.0,222,0,0,46,43,3,0,0,5.46,2,50.0,0,13,0,382,0,0,0,29,2610,0,,0,0,0,0,0.0,6,0,1,0,386,0,20,6.82,0,0,22,65,21,86,1,10,0.0,0.0,0,0,0,0,0,0,0.0,21,1,0,0.0,0,53,0,0,12,75.0,564,454,316,770,197.9,0,1,1039,2,3,0,Joel Robles,Estoril Praia,93796,4500
6,2,16.67,50,11,50.0,101,31,130,65.0,18,43.9,23,24,3,0,0,0,39,5,2,11,0,0,22,0,0,20,8,104,0,0,1.41,2.08,32,0,2.63,0,1,4,10,7,3,1,0,,48,37.21,0,0,0,70,4,11,0,8,846,1,,0,0,0,0,0.0,0,0,0,0,172,4,0,6.82,0,1,0,0,0,0,0,0,846.0,0.0,3,18,20,15,12,22,48.89,0,11,10,90.91,11,10,45,12,66,38.82,22,170,42,200,150.1,38,1,427,15,3,0,Max Svensson,Casa Pia,1085569,36365
6,0,0.0,14,23,52.27,37,135,172,86.0,6,75.0,2,11,0,0,0,0,15,0,0,0,0,30,9,0,0,1,0,16,0,0,0.13,,13,0,0.0,0,0,0,3,2,1,0,0,,11,44.0,0,0,0,28,5,1,0,5,433,0,,0,0,0,0,0.0,0,0,0,0,32,0,0,6.82,0,0,0,0,0,0,0,0,0.0,0.0,0,0,0,0,0,2,100.0,0,7,4,57.14,1,14,2,0,17,51.52,44,60,140,200,61.4,0,0,267,3,2,0,Marvin Elimbi Gilbert,Gil Vicente,1114164,3010
13,1,100.0,49,31,36.05,220,453,672,88.07,19,50.0,19,15,0,0,0,0,50,0,0,1,2,58,15,0,0,4,2,44,0,3,0.11,0.27,19,0,25.0,1,1,1,9,7,2,1,0,,24,48.98,1,0,0,91,6,3,0,10,1014,6,,0,0,0,0,0.0,0,0,0,0,103,1,0,6.82,0,0,0,0,0,0,0,0,1014.0,0.0,0,4,0,2,1,1,50.0,0,15,5,33.33,3,38,2,1,43,49.43,86,283,481,763,102.3,4,1,894,8,6,0,Robson Bambu,Sporting Braga,923186,2999
5,0,0.0,9,9,56.25,43,180,223,92.53,3,33.33,6,5,0,0,0,0,13,0,0,0,1,17,5,0,0,1,0,10,0,0,0.02,0.09,4,0,0.0,1,0,0,2,2,0,0,0,,5,55.56,0,0,0,18,2,0,0,3,300,0,,0,0,0,0,0.0,0,0,0,0,20,0,0,6.82,1,0,0,0,0,0,0,0,0.0,0.0,0,2,0,2,0,0,0.0,0,4,3,75.0,0,11,0,0,8,44.44,16,54,187,241,34.1,2,0,279,1,0,1,Matías Rocha,FC Arouca,1083250,25777
1,0,0.0,10,3,60.0,30,31,61,79.22,4,80.0,1,6,0,0,0,0,7,1,0,1,0,2,5,0,0,0,1,8,0,0,0.04,0.07,5,0,0.0,0,0,0,2,1,1,0,0,,13,65.0,0,0,0,16,5,1,0,2,208,0,,0,0,0,0,0.0,0,0,0,0,21,1,0,6.82,0,0,0,0,0,0,0,0,0.0,0.0,0,0,1,0,0,1,50.0,0,10,6,60.0,1,4,2,0,17,68.0,5,44,33,77,34.1,1,0,110,2,1,0,Eduardo Felicíssimo,Sporting CP,1586645,3001
1,0,0.0,60,4,66.67,92,49,141,71.21,25,41.67,35,16,1,0,0,0,15,2,1,2,1,9,16,0,1,12,6,70,0,0,1.04,2.96,15,0,16.67,0,3,4,10,8,2,3,0,,11,23.91,1,0,0,57,0,10,0,10,865,2,,0,0,0,0,0.0,0,0,0,1,87,2,0,6.82,1,2,0,0,0,0,0,0,288.33,0.0,0,16,2,10,6,0,0.0,0,4,4,100.0,10,7,4,0,36,33.96,6,142,56,198,109.1,18,0,294,8,0,0,Václav Sejk,Famalicão,983068,49531
23,0,0.0,62,44,50.0,207,603,810,89.21,16,45.71,19,18,0,0,0,0,36,0,0,0,1,57,17,0,0,2,7,44,0,1,0.17,0.57,14,0,20.0,0,1,1,20,17,3,1,0,,26,50.98,0,0,0,98,5,2,1,15,1294,1,,0,0,0,1,0.0,0,0,0,0,115,0,0,6.82,0,0,0,0,0,0,0,0,1294.0,0.0,0,5,0,3,2,3,50.0,0,15,11,73.33,2,60,6,1,42,48.84,88,273,636,908,115.9,5,0,1062,9,2,0,Josué Sá,Gil Vicente,137982,3010
7,21,41.18,76,13,56.52,170,117,266,85.53,5,35.71,9,18,1,0,0,0,38,2,1,4,0,5,18,0,0,16,5,40,0,1,1.71,1.71,7,0,20.0,0,2,3,19,18,1,1,1,,48,60.76,0,0,1,45,6,24,0,11,920,0,,0,0,1,2,100.0,0,1,0,0,104,1,0,6.82,0,2,0,0,0,0,0,0,460.0,0.0,0,6,4,3,3,10,71.43,0,9,5,55.56,24,16,14,51,53,56.99,23,235,127,311,122.7,10,0,488,29,0,0,Bruno Costa,CD Nacional,343619,3013
42,1,14.29,82,76,39.18,184,380,563,75.17,29,67.44,14,18,0,0,0,0,75,0,1,2,2,94,18,0,0,1,10,43,1,4,0.47,0.35,16,0,0.0,0,0,0,24,22,2,0,0,,56,65.88,0,0,0,186,25,7,0,16,1412,0,,0,1,0,0,0.0,0,0,0,0,209,3,0,6.82,0,0,0,0,0,0,0,0,0.0,0.0,0,4,2,3,1,3,50.0,0,46,28,60.87,6,100,6,7,85,66.41,194,318,438,749,122.7,6,0,992,7,6,0,Ferro,CF Estrela Amadora,357734,3035
4,11,39.29,38,5,45.45,73,32,94,78.33,3,30.0,7,12,0,0,0,0,22,2,0,3,0,0,12,0,0,7,7,39,0,0,1.01,0.29,14,0,0.0,0,0,0,7,7,0,0,0,,32,50.0,0,0,1,26,4,9,0,5,467,1,,0,0,0,0,0.0,0,0,0,0,75,3,0,6.82,0,0,0,0,0,0,0,0,0.0,0.0,3,3,6,5,1,10,66.67,0,17,11,64.71,9,12,15,28,35,47.3,11,113,35,120,81.8,9,0,251,5,2,0,Mehdi Merghem,SC Farense,846506,2998
24,0,0.0,67,82,40.59,222,819,1041,81.26,62,59.05,43,33,0,0,0,0,87,2,2,2,6,156,33,0,0,2,12,95,1,1,0.38,0.94,35,0,11.76,14,2,2,43,37,6,2,0,,69,57.02,1,0,0,240,34,4,0,32,2840,1,,1,0,0,0,0.0,0,0,0,0,275,3,0,6.82,0,1,0,0,0,0,0,0,1420.0,0.0,0,12,5,12,3,12,66.67,0,40,25,62.5,4,96,18,0,131,57.96,202,362,919,1281,224.9,17,0,1704,18,4,0,João Goulart,Casa Pia,1151667,36365
13,0,0.0,50,34,44.74,131,384,515,84.01,37,50.68,36,21,0,0,0,0,29,0,2,0,4,104,20,0,0,0,7,57,0,2,0.53,0.85,12,0,0.0,2,0,0,28,26,2,0,0,,30,58.82,0,0,0,98,18,6,0,14,1401,0,,0,0,0,0,0.0,0,0,0,0,120,0,0,6.82,0,0,0,0,0,0,0,0,0.0,0.0,0,4,0,2,2,2,50.0,0,25,13,52.0,6,37,4,5,67,54.03,76,204,414,613,136.3,4,0,845,3,2,0,Renato Pantalon,CF Estrela Amadora,826561,3035
36,5,18.52,200,33,54.1,413,395,803,90.22,25,62.5,15,30,2,0,0,0,54,3,0,3,1,38,27,0,1,7,6,52,0,0,1.28,0.63,22,0,0.0,2,0,2,18,14,4,0,0,,41,52.56,0,0,1,87,10,11,0,14,1336,2,,0,0,0,0,0.0,0,0,0,0,146,3,0,6.81,1,0,0,0,0,0,0,0,0.0,0.0,0,7,0,4,0,8,80.0,0,19,11,57.89,11,61,10,27,66,55.93,61,496,421,890,184.0,7,0,1148,14,5,0,Matheus Reis,Sporting CP,797648,3001
0,0,0.0,10,0,0.0,21,15,36,78.26,5,26.32,14,8,0,0,0,0,3,0,1,0,0,4,8,0,0,2,1,23,0,0,0.02,0.55,7,0,60.0,0,3,3,6,5,1,3,0,,9,50.0,1,0,0,10,0,1,2,3,265,2,,0,0,0,0,0.0,0,0,0,0,19,1,0,6.81,0,0,0,0,0,0,0,0,88.33,0.0,0,5,0,2,3,0,0.0,0,3,1,33.33,1,1,1,0,14,37.84,0,28,18,46,54.5,5,0,81,6,2,0,Yan Maranhão,Moreirense,1188685,3014
56,2,50.0,68,91,42.52,288,872,1158,85.21,35,53.03,31,32,1,0,0,0,124,2,1,2,7,180,32,0,0,4,7,63,0,3,0.52,0.63,22,0,9.09,1,1,2,57,51,6,1,0,,59,64.84,1,0,0,201,36,8,0,32,2749,1,,0,0,0,0,0.0,0,0,0,0,230,2,0,6.81,0,0,0,0,0,0,0,0,2749.0,0.0,0,6,5,5,4,5,83.33,0,35,29,82.86,8,126,6,4,94,59.87,214,443,920,1359,218.0,11,0,1747,21,5,0,Cristian Castro,AVS - Futebol SAD,1067320,483088
18,0,0.0,10,54,38.3,35,211,246,73.65,4,80.0,1,17,0,0,0,0,95,1,0,0,6,12,17,0,0,0,0,1,0,0,0.02,,0,0,0.0,91,0,0,13,12,1,0,0,0.47,2,100.0,0,11,0,88,0,1,0,17,1530,0,,1,0,0,0,0.0,4,0,0,0,88,0,4,6.81,0,0,11,9,12,21,1,6,0.0,0.0,0,0,0,0,0,0,0.0,10,0,0,0.0,1,26,0,0,6,85.71,141,102,232,334,115.8,0,0,434,2,2,0,Rui Silva,Sporting CP,253809,3001
28,5,23.81,176,33,50.77,323,212,530,79.46,12,44.44,15,31,3,0,0,0,94,4,0,9,2,16,31,0,0,34,35,149,0,2,1.88,2.08,44,0,12.9,0,4,7,29,28,1,2,2,,102,43.22,0,0,1,137,12,23,1,19,1673,1,,0,0,0,0,0.0,0,0,0,0,266,15,0,6.81,0,3,0,0,0,0,0,0,418.25,0.0,1,9,22,12,10,28,54.9,0,40,23,57.5,23,58,51,21,114,43.35,65,440,248,667,211.1,31,0,1047,35,7,0,Benny,Moreirense,845811,3014
34,0,0.0,92,52,68.42,243,368,611,83.7,27,69.23,12,26,1,0,0,0,88,1,0,1,3,63,26,0,0,7,29,96,1,2,0.63,0.27,42,0,0.0,0,0,1,24,21,3,0,0,,86,50.59,0,0,0,119,37,14,0,20,1752,0,,0,0,0,1,0.0,0,0,0,0,163,2,0,6.81,0,0,0,0,0,0,0,0,0.0,0.0,0,3,3,4,1,14,66.67,0,51,33,64.71,14,57,21,5,113,54.07,76,322,413,730,177.0,6,0,1037,22,7,0,Matheus Dias,CD Nacional,1020610,3013
22,1,6.25,92,18,72.0,185,144,328,74.55,59,42.14,81,33,1,0,0,0,68,2,16,20,4,36,33,0,0,31,10,203,0,0,0.62,8.38,69,0,5.81,0,5,6,51,45,6,5,0,,94,43.52,2,0,2,112,8,9,1,30,2754,31,,0,0,1,0,100.0,0,1,0,1,295,16,0,6.81,0,2,0,0,0,0,0,0,550.8,0.0,0,70,16,36,30,11,35.48,0,12,7,58.33,9,33,31,16,153,42.98,25,288,168,440,224.6,86,0,939,73,7,0,Róbert Boženík,Boavista,912033,2995
1,1,11.11,44,3,50.0,83,34,116,75.82,6,19.35,25,18,1,0,0,0,36,1,1,7,0,3,18,0,0,9,7,71,0,0,0.4,1.67,15,0,16.67,0,3,4,13,11,2,3,0,,67,59.29,0,0,1,37,3,3,0,8,910,1,,0,0,0,0,0.0,0,0,0,1,101,4,0,6.81,0,3,0,0,0,0,0,0,303.33,0.0,0,10,8,6,5,20,54.05,0,17,10,58.82,3,3,37,9,73,50.69,6,117,45,153,122.5,18,0,346,30,1,0,Gabrielzinho,Moreirense,870188,3014
7,5,33.33,117,5,71.43,198,81,274,84.05,4,50.0,4,22,4,0,0,0,47,6,2,3,0,2,22,0,0,35,2,72,1,0,2.19,0.98,5,0,0.0,0,0,4,16,14,2,0,0,,69,50.36,0,0,0,52,2,21,0,9,870,4,,0,0,0,0,0.0,0,0,0,0,153,9,0,6.8,0,0,0,0,0,0,0,0,0.0,0.0,0,3,6,4,2,36,57.14,0,9,5,55.56,21,10,63,15,73,50.34,7,250,91,326,149.7,9,0,552,24,0,0,Rafik Guitane,Estoril Praia,826210,4500
11,3,8.57,90,16,39.02,146,71,214,71.33,9,31.03,20,26,1,0,1,0,71,5,3,3,0,5,26,0,0,22,14,105,0,0,1.92,2.17,34,1,7.69,0,2,3,28,25,3,1,1,,79,48.17,0,0,2,86,9,11,0,13,1160,0,,0,0,1,0,0.0,0,0,0,0,210,8,0,6.8,0,2,0,0,0,0,0,0,580.0,33.33,3,15,11,17,6,15,48.39,0,37,22,59.46,11,23,31,35,88,45.6,41,246,89,300,176.9,26,1,617,27,4,0,Jovane Cabral,CF Estrela Amadora,845802,3035
24,10,22.73,133,37,34.58,324,443,757,83.74,15,48.39,16,26,1,0,0,0,84,2,0,3,2,70,26,0,0,14,14,92,0,3,1.35,0.08,25,0,0.0,0,0,1,37,32,5,0,0,,116,60.42,0,0,0,147,17,11,0,24,1999,4,,0,0,0,0,0.0,0,0,0,0,283,4,0,6.8,0,0,0,0,0,0,0,0,0.0,0.0,0,0,4,0,1,21,46.67,0,65,41,63.08,11,57,45,44,131,58.74,107,457,491,904,176.9,4,0,1508,30,4,0,Omar Richards,Rio Ave,892483,3036
14,1,25.0,59,13,56.52,100,83,182,68.42,31,45.59,37,33,0,0,0,1,43,1,4,11,0,20,33,0,0,25,10,112,0,0,0.76,6.01,31,0,9.8,0,5,5,23,22,1,5,0,,72,48.98,2,0,1,84,7,12,2,18,1682,13,,0,0,2,0,50.0,0,1,0,1,176,8,0,6.8,0,1,0,0,0,0,0,0,336.4,0.0,6,29,22,22,18,11,44.0,0,14,8,57.14,12,20,25,4,103,47.91,23,169,101,266,224.5,51,0,550,48,6,0,Rodrigo Pinho,CF Estrela Amadora,801339,3035
21,0,0.0,92,27,55.1,181,221,402,81.21,11,50.0,11,15,0,0,0,0,82,1,0,5,0,14,14,0,0,18,18,76,0,1,0.68,2.24,22,0,16.67,0,2,2,12,10,2,2,0,,49,42.98,0,0,0,93,8,3,1,10,909,0,,0,0,0,0,0.0,0,0,0,0,140,12,0,6.8,0,1,0,0,0,0,0,0,454.5,0.0,0,7,5,4,3,10,55.56,0,28,17,60.71,3,41,18,2,60,44.12,49,242,255,495,95.2,12,0,660,11,4,0,Telasco Segovia,Casa Pia,1106549,36365
6,0,0.0,2,20,45.45,8,185,193,88.13,2,100.0,0,11,0,0,0,0,68,0,0,0,7,7,11,0,0,0,0,0,1,0,0.0,,0,0,0.0,50,0,0,9,8,1,0,0,-1.55,1,100.0,0,2,0,26,0,0,0,11,990,0,,0,0,0,0,0.0,0,0,0,0,28,0,3,6.8,0,0,1,10,6,17,0,3,0.0,0.0,0,0,0,0,0,0,0.0,1,0,0,0.0,0,7,0,0,3,100.0,44,23,196,219,74.8,0,0,291,1,1,0,Franco Israel,Sporting CP,1084846,3001
0,0,0.0,0,0,0.0,2,5,7,87.5,1,100.0,0,2,0,0,0,0,2,0,1,0,0,4,1,0,0,1,1,2,0,0,0.0,0.13,0,0,0.0,0,0,0,1,1,0,0,0,,0,0.0,0,0,0,1,2,0,0,0,61,0,,0,0,0,0,0.0,0,0,0,0,6,0,0,6.8,0,0,0,0,0,0,0,0,0.0,0.0,0,1,0,1,0,0,0.0,0,0,0,0.0,0,0,0,1,1,33.33,0,4,5,8,6.8,1,0,25,0,0,0,Edney Henrique,Santa Clara,1561865,3011
31,2,28.57,117,53,50.0,316,403,717,86.28,14,48.28,15,24,0,0,0,0,61,0,0,3,1,24,24,0,0,5,11,59,0,0,0.37,0.54,22,0,10.0,0,1,1,7,7,0,1,0,,45,50.56,0,0,0,114,23,4,0,14,1226,0,,0,0,0,0,0.0,0,0,0,0,147,7,0,6.8,0,1,0,0,0,0,0,0,1226.0,0.0,0,1,9,4,3,5,41.67,0,26,11,42.31,4,58,12,7,59,50.0,106,402,436,831,163.1,10,1,1004,14,3,0,Jean-Baptiste Gorby,Sporting Braga,1120039,2999
21,22,26.83,87,32,36.36,206,173,357,69.73,15,55.56,12,24,0,0,0,0,87,2,0,4,6,32,24,0,0,18,15,99,0,0,1.39,0.43,24,0,6.25,0,1,1,24,23,1,0,1,,95,52.2,0,0,1,155,19,17,1,18,1727,1,,0,0,0,0,0.0,0,0,0,0,374,8,0,6.79,0,0,0,0,0,0,0,0,1727.0,0.0,0,7,9,8,4,36,54.55,0,32,19,59.38,17,47,66,82,110,52.63,88,378,216,512,163.0,16,0,1152,28,5,0,Diogo Travassos,CF Estrela Amadora,1142578,3035
19,1,33.33,37,41,49.4,131,408,538,86.5,32,65.31,17,21,0,0,0,0,56,0,1,2,2,66,21,0,0,0,4,37,1,1,0.18,0.6,18,0,12.5,13,1,1,19,16,3,1,0,,31,60.78,1,0,0,84,11,1,0,13,1258,1,,0,0,0,2,0.0,0,0,0,1,98,0,0,6.79,0,0,0,0,0,0,0,0,1258.0,0.0,0,7,1,4,2,1,50.0,0,25,15,60.0,1,45,2,3,63,63.0,83,188,437,622,142.6,8,0,803,5,5,0,Ruben Kluivert,Casa Pia,1014540,36365
4,4,20.0,34,5,55.56,51,17,64,69.57,2,25.0,6,9,0,0,0,0,28,1,0,1,0,8,9,0,0,4,10,36,0,0,0.58,0.52,11,0,16.67,0,1,1,9,9,0,1,0,,12,28.57,0,0,0,28,2,11,0,8,553,0,,0,0,0,0,0.0,0,0,0,0,70,6,0,6.79,0,1,0,0,0,0,0,0,553.0,0.0,0,4,2,2,3,0,0.0,0,8,3,37.5,11,6,6,20,14,28.0,9,87,25,92,61.1,6,0,184,4,3,0,Nigel Thomas,CD Nacional,916952,3013
3,7,17.07,81,12,38.71,131,113,237,76.95,4,66.67,2,19,2,0,0,0,39,4,2,1,1,27,16,0,0,4,7,36,0,0,0.86,0.87,13,0,0.0,0,0,2,11,10,1,0,0,,41,54.67,0,0,0,71,10,8,0,6,758,0,,0,1,0,0,0.0,0,0,0,0,152,3,0,6.79,0,0,0,0,0,0,0,0,0.0,0.0,0,6,0,4,1,15,60.0,0,20,13,65.0,7,11,25,41,45,55.56,31,218,131,308,108.6,6,0,598,7,2,0,Pedro Carvalho,Estoril Praia,1511977,4500
3,1,9.09,29,2,22.22,43,16,58,63.74,9,25.0,27,15,1,0,0,0,17,1,4,4,0,1,15,0,0,12,5,62,0,0,0.81,2.25,8,0,7.69,0,2,3,9,8,1,2,0,,27,43.55,0,0,0,33,2,7,0,6,693,8,,0,0,0,0,0.0,0,0,0,2,81,5,0,6.79,0,2,0,0,0,0,0,0,346.5,0.0,1,16,10,13,9,7,38.89,0,6,4,66.67,7,9,18,11,36,36.73,9,85,17,91,101.8,26,0,215,14,1,0,Rui Costa,SC Farense,845782,2998
14,12,25.53,85,22,37.29,163,168,319,75.06,19,52.78,17,15,2,0,0,0,54,1,1,1,1,50,15,0,0,10,10,75,1,1,1.39,0.74,23,0,0.0,0,0,2,24,22,2,0,0,,75,56.39,0,0,0,106,17,13,0,14,1283,1,,0,0,0,0,0.0,0,0,0,0,224,1,0,6.79,1,0,0,0,0,0,0,0,0.0,0.0,0,2,0,1,0,12,42.86,0,27,19,70.37,13,34,28,47,94,55.62,59,277,195,425,101.8,2,0,874,37,3,1,Danilo Veiga,CF Estrela Amadora,1002045,3035
1,1,25.0,43,2,66.67,69,33,101,84.87,0,0.0,2,9,1,0,0,0,9,0,0,0,0,0,7,0,0,4,2,15,0,0,0.19,0.63,3,0,50.0,0,1,2,3,3,0,1,0,,8,38.1,0,0,0,18,0,2,1,1,152,0,,0,0,0,0,0.0,0,0,0,0,34,0,0,6.79,0,0,0,0,0,0,0,0,152.0,0.0,0,1,1,1,1,3,42.86,0,4,4,100.0,2,5,7,4,8,34.78,3,86,37,119,47.5,2,0,151,1,1,0,Benjamín Rollheiser,Benfica,922454,3006
8,0,0.0,18,19,46.34,57,231,288,85.21,18,58.06,13,8,0,0,0,0,12,0,0,1,1,24,7,0,0,0,1,16,0,0,0.03,0.13,2,0,0.0,4,0,0,11,10,1,0,0,,12,80.0,0,0,0,50,6,1,0,6,586,2,,0,0,0,0,0.0,0,0,0,0,52,0,0,6.79,0,0,0,0,0,0,0,0,0.0,0.0,0,3,0,1,1,2,100.0,0,4,3,75.0,1,17,2,0,30,65.22,41,92,246,338,47.5,3,0,398,6,1,0,Riccieli,Famalicão,927166,49531
22,3,13.64,139,29,47.54,252,281,530,81.66,25,40.98,36,24,2,0,0,0,92,3,0,6,1,21,24,0,0,40,16,143,0,1,1.09,1.13,30,0,5.88,0,1,3,25,23,2,1,0,,117,52.23,0,0,0,119,15,11,0,16,1398,0,,0,0,0,0,0.0,0,0,0,0,243,7,0,6.78,0,1,0,0,0,0,0,0,1398.0,0.0,2,7,10,6,5,17,41.46,0,36,20,55.56,11,46,41,22,142,49.82,61,365,306,649,162.8,17,0,1032,66,6,0,Ivo Rodrigues,Moreirense,190171,3014
3,0,0.0,15,13,48.15,70,156,226,89.68,9,69.23,4,6,0,0,0,0,11,1,0,0,1,16,6,0,0,1,3,10,0,0,0.06,0.09,3,0,0.0,0,0,0,7,5,2,0,0,,9,60.0,0,0,0,26,4,2,0,5,414,0,,0,0,0,0,0.0,0,0,0,0,30,0,0,6.78,0,0,0,0,0,0,0,0,0.0,0.0,0,1,0,1,0,1,100.0,0,7,7,100.0,2,11,1,0,18,64.29,27,84,168,252,40.7,1,0,299,1,0,0,Jorge Fernandes,Vitória SC,814673,3009
5,0,0.0,0,20,25.97,8,67,75,56.82,3,75.0,1,5,0,0,0,0,37,0,0,0,0,3,5,0,0,0,1,3,1,0,0.0,,0,0,0.0,40,0,0,8,8,0,0,0,-0.48,3,60.0,0,5,0,57,0,0,0,5,447,0,,0,0,0,0,0.0,2,0,0,0,60,0,1,6.78,0,0,7,8,7,15,0,3,0.0,0.0,0,0,0,0,0,0,0.0,5,0,0,0.0,0,8,1,0,6,66.67,77,60,72,132,33.9,0,0,182,3,0,0,Caio Secco,Moreirense,345843,3014
9,6,20.0,62,16,45.71,119,125,238,78.29,8,44.44,10,16,1,0,0,0,36,1,0,0,2,34,14,0,0,2,5,37,0,0,0.76,,12,0,0.0,0,0,1,15,13,2,0,0,,38,58.46,0,0,0,66,11,7,0,9,785,0,,0,0,0,0,0.0,0,0,0,0,130,3,0,6.78,0,0,0,0,0,0,0,0,0.0,0.0,0,0,0,0,0,6,42.86,0,23,18,78.26,7,19,14,30,46,55.42,35,183,151,304,94.9,0,0,560,10,2,0,João Tomé,Rio Ave,1173124,3036
32,1,16.67,115,44,61.97,245,182,426,82.56,30,66.67,15,18,2,0,0,0,70,0,1,6,0,18,18,0,0,8,10,59,0,1,0.41,0.46,20,0,8.33,0,1,3,18,15,3,1,0,,46,51.11,1,0,0,90,17,11,0,9,848,0,,0,0,0,2,0.0,0,0,0,0,126,8,0,6.78,0,0,0,0,0,0,0,0,848.0,0.0,0,6,6,4,2,8,50.0,0,29,19,65.52,11,57,16,6,76,56.3,71,318,204,516,122.0,12,1,680,9,3,0,Manu Silva,Benfica,1085740,3006
9,5,26.32,110,11,40.74,172,55,222,71.15,3,12.5,21,28,0,0,0,0,59,3,5,6,0,10,28,0,0,22,21,122,0,1,1.35,4.03,31,0,26.92,0,7,7,9,8,1,4,3,,56,35.67,1,0,1,90,13,16,2,10,1239,6,,0,0,0,0,0.0,0,0,0,0,200,7,0,6.78,0,4,0,0,0,0,0,0,177.0,0.0,0,17,9,7,13,17,36.96,0,18,13,72.22,16,23,46,19,59,32.6,27,260,71,312,189.7,26,0,591,21,5,0,Ricardinho,Santa Clara,1094399,3011
29,3,37.5,118,61,55.96,275,307,579,79.86,20,57.14,15,24,0,0,0,0,95,0,0,9,4,38,24,0,0,4,26,91,0,2,0.4,1.14,43,0,15.38,0,2,2,24,23,1,1,1,,65,46.1,0,0,0,146,31,11,1,22,1777,0,,0,0,1,2,100.0,0,1,0,0,187,5,0,6.78,0,1,0,0,0,0,0,0,888.5,0.0,0,3,10,2,2,12,60.0,0,44,25,56.82,11,57,20,8,85,48.3,109,388,345,725,162.6,13,0,995,12,9,0,Angelo Neto,SC Farense,843358,2998
2,0,0.0,16,2,28.57,41,52,93,78.15,6,50.0,6,8,0,0,0,0,13,0,0,0,0,9,8,0,0,3,2,24,0,0,0.07,0.27,8,0,50.0,0,1,1,4,3,1,1,0,,17,48.57,1,0,0,26,14,0,0,4,389,0,,0,0,0,0,0.0,0,0,0,0,56,0,0,6.78,0,0,0,0,0,0,0,0,389.0,0.0,0,2,0,1,1,9,64.29,0,6,3,50.0,0,7,14,8,23,48.94,7,64,63,119,54.2,2,0,240,2,1,0,Fahem Benaissa-Yahia,Casa Pia,1529932,36365
14,20,26.32,75,16,37.21,135,60,175,64.81,17,42.5,23,27,3,0,0,0,66,3,3,1,0,13,27,0,0,13,14,95,0,1,1.42,2.04,28,0,21.43,0,3,6,19,17,2,2,1,,60,45.45,1,0,1,95,11,23,0,15,1303,7,,0,0,0,0,0.0,0,0,0,0,225,9,0,6.77,0,2,0,0,0,0,0,0,434.33,0.0,0,11,3,7,6,6,24.0,0,16,10,62.5,23,35,25,76,77,44.77,43,260,86,270,182.9,14,2,569,40,2,0,Marco Matias,SC Farense,77929,2998
17,14,22.22,118,13,43.33,243,113,342,73.23,11,19.3,46,33,2,0,0,0,97,5,12,8,1,20,33,0,1,31,31,184,0,0,2.54,5.46,50,0,11.63,0,5,7,36,28,8,5,0,,85,38.12,0,0,1,125,13,25,2,28,2432,11,,0,0,0,0,0.0,0,0,0,2,305,16,0,6.77,1,3,0,0,0,0,0,0,486.4,0.0,0,29,14,17,18,11,27.5,0,45,30,66.67,25,27,40,63,96,34.29,30,396,134,467,223.5,43,0,928,29,4,0,Alfonso Trezza,FC Arouca,973517,25777
11,0,0.0,35,13,72.22,73,61,134,69.79,40,51.28,38,18,1,0,1,0,17,2,4,6,0,5,18,0,0,18,2,89,0,0,0.31,3.6,25,0,11.11,0,4,5,14,13,1,4,0,,25,32.89,3,0,2,58,0,5,0,8,863,5,,0,0,1,0,0.0,0,0,0,0,125,2,0,6.77,0,1,0,0,0,0,0,0,215.75,0.0,8,15,21,22,8,2,18.18,0,8,3,37.5,5,16,11,2,65,42.21,18,122,72,192,121.9,36,0,359,15,3,0,Nenê,AVS - Futebol SAD,44685,483088
7,7,24.14,39,12,70.59,65,41,99,79.2,0,0.0,5,7,0,0,0,0,30,1,0,2,0,1,7,0,0,7,2,25,0,0,0.83,0.19,5,0,0.0,0,0,0,6,6,0,0,0,,8,28.57,0,0,0,26,2,11,0,3,358,0,,0,0,0,0,0.0,0,0,0,0,65,4,0,6.77,0,0,0,0,0,0,0,0,0.0,0.0,0,2,5,3,2,3,33.33,0,1,1,100.0,11,12,9,29,8,24.24,17,105,49,125,47.4,7,0,204,4,2,0,Rafael Barbosa,SC Farense,823128,2998
4,0,0.0,49,9,56.25,141,297,438,94.81,9,36.0,16,14,0,0,0,0,28,0,1,0,1,27,13,0,0,0,0,32,0,0,0.08,0.33,16,0,0.0,7,0,0,8,6,2,0,0,,23,58.97,0,0,1,24,6,0,0,5,578,0,,0,0,0,1,0.0,0,0,0,0,27,0,0,6.77,0,0,0,0,0,0,0,0,0.0,0.0,1,2,1,3,0,3,100.0,0,14,10,71.43,0,8,3,0,32,50.0,16,157,305,462,88.0,3,1,539,6,3,0,Jeremiah St Juste,Sporting CP,787640,3001
8,1,11.11,59,6,37.5,119,100,218,70.32,56,44.44,70,30,4,0,0,0,50,5,8,6,0,24,29,0,1,18,6,156,0,0,0.69,4.88,46,0,11.36,0,5,9,32,30,2,3,2,,50,36.76,1,0,0,92,2,17,1,19,1701,13,,0,0,0,0,0.0,0,0,0,0,197,12,0,6.77,1,3,0,0,0,0,0,0,340.2,0.0,4,28,16,18,20,13,36.11,0,10,6,60.0,17,15,36,9,106,40.46,16,202,117,310,196.3,44,1,607,30,5,0,Guilherme Schettine,Moreirense,856119,3014
29,0,0.0,170,54,54.0,380,545,925,88.77,4,26.67,11,25,1,0,0,0,121,1,0,4,3,23,25,0,0,19,21,65,0,3,0.88,0.12,10,0,16.67,0,1,2,28,24,4,1,0,,72,57.14,0,0,0,117,21,14,0,20,1783,0,,0,0,0,0,0.0,0,0,0,0,179,9,0,6.77,0,1,0,0,0,0,0,0,1783.0,0.0,0,1,5,0,2,13,72.22,0,30,18,60.0,14,76,18,4,76,53.9,100,471,575,1042,169.2,6,0,1283,29,1,0,Lawrence Ofori,Moreirense,892170,3014
8,4,22.22,75,8,72.73,146,104,246,77.6,27,31.76,58,31,4,0,0,0,41,5,5,10,1,9,31,0,0,31,5,137,0,0,1.42,3.57,38,0,6.67,0,3,7,18,15,3,3,0,,57,41.91,0,0,2,71,2,15,1,21,1781,17,,0,0,0,0,0.0,0,0,0,0,180,10,0,6.77,0,2,0,0,0,0,0,0,593.67,0.0,0,33,12,20,15,6,31.58,0,3,1,33.33,15,13,19,18,84,38.01,11,219,116,317,209.8,45,0,593,48,5,0,Nélson Oliveira,Vitória SC,42898,3009
2,2,16.67,102,9,69.23,165,93,256,87.07,5,22.73,17,25,2,0,0,0,37,3,5,5,0,10,24,0,0,15,13,82,0,0,0.93,1.68,9,0,3.85,0,1,3,18,17,1,1,0,,78,54.55,0,0,0,38,5,10,0,13,1055,3,,0,0,0,0,0.0,0,0,0,0,123,3,0,6.77,1,1,0,0,0,0,0,0,1055.0,0.0,0,18,8,12,9,28,49.12,0,20,16,80.0,10,4,57,12,83,50.3,13,202,104,294,162.4,26,0,543,30,3,1,Tidjany Touré,Gil Vicente,1445615,3010
11,1,14.29,69,12,80.0,146,80,225,92.98,0,0.0,2,9,0,0,0,0,27,0,0,5,1,5,9,0,0,3,1,22,0,1,0.22,0.37,9,0,16.67,0,1,1,7,7,0,1,0,,15,42.86,0,0,0,17,4,6,1,4,400,0,,0,0,0,0,0.0,0,0,0,0,44,2,0,6.77,0,0,0,0,0,0,0,0,400.0,0.0,0,3,3,0,1,5,41.67,0,7,4,57.14,6,14,12,7,15,40.54,15,162,87,242,60.9,6,0,324,3,0,0,João Simões,Sporting CP,1410209,3001
1,0,0.0,11,5,100.0,24,21,45,90.0,0,0.0,0,3,0,0,0,0,7,0,0,0,0,1,3,0,0,2,0,4,0,0,0.1,0.01,2,0,0.0,0,0,0,1,0,1,0,0,,6,60.0,0,0,0,5,2,0,0,0,76,0,,0,0,0,0,0.0,0,0,0,0,19,1,0,6.77,0,0,0,0,0,0,0,0,0.0,0.0,0,0,1,1,0,3,100.0,0,2,1,50.0,0,1,3,8,6,60.0,5,34,24,50,20.3,1,0,83,1,1,0,Mateus Quaresma,FC Arouca,874360,25777
9,14,28.57,127,11,55.0,216,115,317,81.07,6,26.09,17,28,2,0,0,0,58,1,1,8,0,13,28,0,0,30,9,94,0,0,1.49,1.74,14,0,5.26,0,1,3,27,22,5,0,1,,75,49.34,0,0,1,74,3,28,0,20,1606,1,,0,0,0,0,0.0,0,0,0,0,203,9,0,6.76,0,1,0,0,0,0,0,0,1606.0,0.0,4,6,13,7,4,26,50.98,0,22,13,59.09,28,22,51,49,81,46.29,20,305,135,391,189.4,19,0,704,27,1,0,Ole Pohlmann,Rio Ave,930273,3036
7,10,27.78,107,6,75.0,173,84,247,81.25,10,45.45,12,24,2,0,0,0,56,4,4,6,0,4,24,0,0,30,7,105,0,0,2.45,1.78,18,0,7.41,0,2,4,22,20,2,1,1,,82,46.86,0,0,0,57,5,11,2,10,1052,3,,0,0,0,0,0.0,0,0,0,0,204,11,0,6.76,0,0,0,0,0,0,0,0,526.0,0.0,0,16,11,10,11,31,43.66,0,16,7,43.75,11,14,71,36,92,46.7,8,243,97,304,162.3,27,0,628,35,6,0,Vasco Lopes,AVS - Futebol SAD,1111214,483088
17,7,24.14,51,19,50.0,104,105,202,68.71,10,52.63,9,14,1,0,0,0,34,2,1,0,0,33,13,0,0,4,5,34,1,1,0.77,0.63,13,0,0.0,0,0,1,14,10,4,0,0,,30,54.55,0,0,0,92,12,7,0,9,837,1,,0,0,0,0,0.0,0,0,0,0,153,2,0,6.76,0,0,0,0,0,0,0,0,0.0,0.0,0,3,0,1,2,1,25.0,0,19,14,73.68,7,40,4,29,40,54.05,38,196,127,294,87.9,3,1,528,10,4,0,Alex Pinto,FC Arouca,1034711,25777
16,0,0.0,25,26,30.59,90,260,350,76.59,34,61.82,21,13,0,0,0,0,56,0,0,3,3,93,13,0,0,0,14,50,1,3,0.13,0.18,10,0,0.0,1,0,0,23,20,3,0,0,,43,59.72,0,0,0,107,14,3,0,13,1170,0,,0,0,0,0,0.0,0,0,0,0,133,0,0,6.76,0,0,0,0,0,0,0,0,0.0,0.0,0,2,1,0,0,4,44.44,0,32,19,59.38,3,45,9,3,77,60.63,85,174,286,457,87.9,3,2,674,8,3,0,Sidoine Fogning,Boavista,2049628,2995
4,2,40.0,16,8,36.36,34,58,90,73.77,5,83.33,1,5,1,0,0,0,16,0,0,0,0,12,5,0,0,1,4,10,0,1,0.11,0.04,4,0,0.0,0,0,1,3,3,0,0,0,,13,59.09,0,0,0,32,0,1,0,2,272,0,,0,0,0,0,0.0,0,0,0,0,42,0,0,6.76,0,0,0,0,0,0,0,0,0.0,0.0,0,0,1,0,1,0,0.0,0,7,6,85.71,1,16,0,5,18,64.29,22,61,66,122,33.8,1,0,200,6,0,0,João Pedro,Rio Ave,1116668,3036
11,7,24.14,33,14,37.84,65,54,112,69.14,9,64.29,5,7,1,0,0,0,17,2,0,2,0,18,7,0,0,4,4,23,0,0,0.74,0.07,4,0,0.0,0,0,1,14,13,1,0,0,,25,58.14,0,0,0,50,7,6,0,4,459,0,,0,0,0,0,0.0,0,0,0,0,96,1,0,6.76,0,0,0,0,0,0,0,0,0.0,0.0,0,0,5,3,0,5,45.45,0,14,9,64.29,6,29,11,29,34,59.65,37,126,65,162,47.3,5,1,332,6,0,0,Rivaldo,SC Farense,1533897,2998
0,0,0.0,36,2,100.0,58,20,78,72.9,19,44.19,24,15,0,0,0,0,10,0,0,3,0,1,13,0,0,6,3,44,0,0,0.18,1.45,5,0,12.5,0,2,2,8,5,3,2,0,,15,42.86,0,0,0,29,0,6,1,5,524,7,,0,0,0,0,0.0,0,0,0,0,62,6,0,6.75,0,1,0,0,0,0,0,0,262.0,0.0,0,14,2,9,4,5,45.45,0,3,1,33.33,6,2,11,2,34,43.59,2,80,29,107,87.8,16,0,192,8,1,0,Roberto Fernández,Sporting Braga,1392592,2999
19,1,12.5,75,17,60.71,152,184,335,85.03,5,33.33,10,26,0,0,0,0,73,2,1,2,1,8,26,0,0,24,13,84,0,0,0.57,0.35,25,0,14.29,0,1,1,15,13,2,1,0,,90,54.88,1,0,0,59,13,11,0,14,1319,0,,0,0,0,0,0.0,0,0,0,0,129,3,0,6.75,0,0,0,0,0,0,0,0,1319.0,0.0,0,4,3,2,3,18,58.06,0,41,24,58.54,11,32,31,8,95,53.07,28,194,208,394,175.6,7,0,641,31,3,0,Paulo Moreira,CF Estrela Amadora,1090646,3035
1,0,0.0,27,1,50.0,58,34,92,75.41,23,56.1,18,15,0,0,0,0,15,2,7,0,0,4,15,0,0,5,5,49,0,0,0.3,4.08,20,0,28.57,0,4,4,7,7,0,4,0,,25,44.64,1,0,0,30,2,6,2,6,606,2,,0,0,0,0,0.0,0,0,0,1,62,4,0,6.75,0,0,0,0,0,0,0,0,151.5,0.0,0,14,0,7,7,5,50.0,0,1,1,100.0,6,2,10,3,48,49.48,2,80,45,122,101.3,14,0,217,20,2,0,Simon Elisor,Famalicão,1049526,49531
7,2,16.67,81,5,83.33,107,42,147,85.96,2,28.57,5,20,3,0,0,0,18,5,3,7,0,3,19,0,0,12,13,50,0,1,2.02,2.43,6,0,5.26,0,1,4,7,7,0,1,0,,21,31.82,0,0,0,24,0,14,1,3,527,4,,0,0,0,0,0.0,0,0,0,0,68,2,0,6.75,0,0,0,0,0,0,0,0,527.0,0.0,0,15,4,4,8,9,39.13,0,3,2,66.67,14,9,23,12,23,31.51,6,139,44,171,128.3,19,0,279,9,0,0,Andreas Schjelderup,Benfica,1100952,3006
10,0,0.0,24,27,40.3,82,285,367,83.03,37,52.86,33,21,0,0,0,0,66,1,2,1,4,130,21,0,0,8,5,74,1,2,0.52,0.73,26,0,0.0,1,0,0,28,27,1,0,0,,46,52.87,0,0,0,75,23,3,0,18,1589,1,,1,0,0,3,0.0,0,0,0,1,107,0,0,6.75,0,0,0,0,0,0,0,0,0.0,0.0,0,6,1,4,2,10,66.67,0,22,12,54.55,3,24,15,1,83,52.87,67,135,308,442,141.8,7,0,737,15,3,0,Issiar Drame,CF Estrela Amadora,857766,3035
38,0,0.0,67,76,43.18,165,421,586,77.11,59,63.44,34,25,0,0,0,0,51,1,0,3,2,126,25,0,0,4,9,72,0,0,0.42,0.86,27,0,0.0,3,0,0,35,34,1,0,0,,38,50.0,0,0,0,174,30,4,0,24,2047,0,,0,0,0,2,0.0,0,0,0,0,208,1,0,6.75,1,0,0,0,0,0,0,0,0.0,0.0,0,13,0,3,7,2,66.67,0,22,13,59.09,4,83,3,0,97,57.4,176,296,464,760,168.8,13,0,1082,14,5,1,Marco Moreno,SC Farense,997094,2998
9,0,0.0,59,17,60.71,159,300,459,93.67,7,43.75,9,8,0,0,0,0,41,0,1,2,2,19,8,0,0,2,1,23,0,3,0.11,0.36,7,0,0.0,5,0,0,10,8,2,0,0,,21,60.0,0,0,1,31,3,2,0,6,588,1,,0,0,0,0,0.0,0,0,0,0,39,0,0,6.75,0,0,0,0,0,0,0,0,0.0,0.0,0,6,1,5,0,1,20.0,0,12,6,50.0,2,19,5,0,28,54.9,28,183,307,490,54.0,7,0,567,8,2,0,Tiago Djaló,FC Porto,892735,3002
14,1,5.26,77,23,48.94,173,145,317,71.72,17,36.96,29,27,0,0,0,0,82,2,1,3,0,25,27,0,0,19,16,118,0,0,1.07,1.25,34,0,10.0,0,2,2,24,23,1,2,0,,76,46.06,0,0,0,125,24,11,0,22,1841,1,,0,0,0,0,0.0,0,0,0,0,234,10,0,6.75,0,2,0,0,0,0,0,0,920.5,0.0,0,12,8,9,8,14,41.18,0,34,21,61.76,11,27,34,19,93,44.08,47,280,181,442,182.2,20,0,763,28,3,0,Miguel Menino,SC Farense,1163100,2998
31,44,26.83,174,28,34.57,380,254,590,76.13,12,42.86,16,32,2,0,0,0,115,7,1,7,4,17,32,0,1,30,19,110,0,3,3.71,1.42,26,0,3.03,0,1,3,47,42,5,0,1,,96,50.53,0,0,1,185,16,52,0,31,2738,9,,0,0,0,2,0.0,0,0,0,0,434,13,0,6.75,1,1,0,0,0,0,0,0,2738.0,0.0,5,10,23,19,7,18,46.15,0,32,21,65.63,52,60,39,164,108,49.54,81,637,302,775,215.9,33,0,1345,47,9,0,Salvador Agra,Boavista,587416,2995
2,2,15.38,50,5,50.0,86,57,141,67.46,22,64.71,12,14,1,0,0,0,30,0,1,2,0,6,13,0,0,8,4,41,0,0,0.23,0.9,10,0,0.0,0,0,1,5,5,0,0,0,,35,54.69,0,0,0,68,3,4,0,6,624,1,,0,0,0,0,0.0,0,0,0,0,107,3,0,6.75,0,0,0,0,0,0,0,0,0.0,0.0,0,5,3,5,1,7,46.67,0,16,12,75.0,4,5,15,13,57,58.16,10,152,70,209,87.7,8,0,335,12,4,0,João Marques,Gil Vicente,1087321,3010
50,12,36.36,83,89,40.83,241,409,638,74.36,23,44.23,29,24,2,0,0,0,62,2,0,0,5,78,24,0,1,1,13,62,0,1,1.83,0.05,19,0,0.0,1,0,2,30,27,3,0,0,,50,60.24,0,0,0,220,27,11,0,20,1798,1,,0,0,0,1,0.0,0,0,0,0,262,1,0,6.75,1,0,0,0,0,0,0,0,0.0,0.0,0,0,3,2,1,4,66.67,0,29,18,62.07,11,130,6,33,73,54.07,218,427,464,858,161.9,3,1,1133,17,3,0,Rúben Lima,CF Estrela Amadora,59772,3035
20,8,38.1,81,16,35.56,184,199,375,85.42,12,52.17,11,26,1,0,0,0,60,2,1,0,2,52,24,0,0,4,2,38,0,0,0.7,0.34,15,0,0.0,0,0,1,16,13,3,0,0,,36,57.14,0,0,0,64,11,9,0,13,1346,1,,0,0,0,0,0.0,0,0,0,0,139,5,0,6.75,0,0,0,0,0,0,0,0,0.0,0.0,0,3,0,2,1,7,53.85,0,17,8,47.06,9,27,13,21,48,55.81,45,238,222,439,161.9,3,0,727,12,5,0,André Geraldes,Casa Pia,125039,36365
5,4,18.18,46,5,35.71,104,61,161,77.03,7,41.18,10,9,0,0,0,0,26,0,0,3,0,1,9,0,0,5,5,34,0,0,0.58,0.32,5,0,20.0,0,1,1,10,10,0,0,1,,22,47.83,0,0,0,48,3,9,0,4,465,3,,0,0,0,0,0.0,0,0,0,0,95,4,0,6.74,0,1,0,0,0,0,0,0,465.0,0.0,1,1,4,1,1,4,30.77,0,4,1,25.0,9,17,13,22,29,46.03,14,159,72,209,60.7,5,0,311,14,3,0,Nani,CF Estrela Amadora,17740,3035
33,3,27.27,72,61,40.4,225,554,776,82.73,51,70.83,21,23,1,0,0,0,79,1,1,2,4,94,23,0,0,0,17,58,0,0,0.54,0.38,21,0,20.0,4,1,2,39,36,3,1,0,,39,51.32,0,0,1,162,24,5,1,22,1863,0,,0,0,0,1,0.0,0,0,0,0,178,1,0,6.74,0,0,0,0,0,0,0,0,1863.0,0.0,0,5,0,2,1,1,50.0,0,33,18,54.55,5,84,2,11,90,60.81,151,345,604,938,155.1,5,3,1183,7,4,0,Baptiste Roux,AVS - Futebol SAD,1049576,483088
7,5,27.78,46,5,38.46,78,53,126,79.75,7,36.84,12,22,1,0,0,0,29,1,2,2,0,7,21,0,0,10,8,49,0,0,0.46,1.14,11,0,15.38,0,2,3,9,8,1,1,1,,26,41.27,0,0,0,32,11,9,1,4,546,1,,0,0,0,0,0.0,0,0,0,1,87,7,0,6.74,0,1,0,0,0,0,0,0,273.0,0.0,0,10,3,7,4,15,60.0,0,8,6,75.0,9,13,25,18,33,40.24,13,116,60,158,141.6,13,0,324,3,1,0,Miguel Puche,FC Arouca,1000680,25777
4,1,100.0,41,2,66.67,62,41,102,70.34,33,37.5,55,14,0,0,0,1,21,1,1,8,1,10,14,0,0,10,1,84,0,0,1.13,2.3,14,0,11.11,0,2,2,15,14,1,2,0,,24,45.28,1,0,0,43,0,7,0,8,863,4,,0,0,1,0,0.0,0,0,0,0,76,8,0,6.74,0,1,0,0,0,0,0,0,431.5,0.0,0,13,5,6,4,4,36.36,0,5,4,80.0,7,6,11,1,57,40.43,3,98,48,145,94.4,18,0,253,15,1,0,Joel Tagueu,CD Nacional,599698,3013
3,1,20.0,53,5,71.43,98,56,153,73.21,20,32.26,42,24,2,0,0,0,23,2,6,6,0,9,24,0,0,19,6,95,1,0,0.57,5.94,22,0,23.08,0,6,8,18,16,2,6,0,,31,36.9,1,0,2,56,2,8,1,14,1118,12,,0,0,3,0,100.0,0,3,0,2,129,9,0,6.74,0,4,0,0,0,0,0,0,186.33,0.0,0,22,4,8,12,7,46.67,0,5,4,80.0,8,8,15,5,51,34.93,7,151,63,209,161.8,26,0,388,20,4,0,Henrique Araújo,FC Arouca,998870,25777
7,1,50.0,12,16,29.63,56,246,301,84.31,24,48.98,25,16,0,0,0,0,31,0,1,1,2,57,12,0,0,0,1,38,0,1,0.03,0.5,14,0,16.67,0,1,1,14,14,0,1,0,,18,58.06,1,0,0,56,12,0,0,8,789,0,,0,0,0,0,0.0,0,0,0,0,64,0,0,6.74,0,0,0,0,0,0,0,0,789.0,0.0,0,6,0,3,2,2,66.67,0,9,5,55.56,0,28,3,2,42,52.5,54,97,262,357,80.9,6,1,489,7,3,0,Léo Santos,CD Nacional,822509,3013
2,0,0.0,39,3,60.0,77,53,130,86.09,1,50.0,1,10,0,0,0,0,24,0,0,0,0,3,10,0,0,12,3,30,0,0,0.23,0.55,9,0,25.0,0,1,1,9,7,2,1,0,,29,50.0,0,0,1,21,3,6,1,6,486,0,,0,0,0,0,0.0,0,0,0,0,56,0,0,6.74,0,0,0,0,0,0,0,0,486.0,0.0,0,2,2,1,3,5,50.0,0,10,5,50.0,6,3,10,6,30,50.0,5,100,57,151,67.4,4,0,253,14,0,0,Sergio Bermejo,Gil Vicente,949449,3010
12,2,13.33,82,13,68.42,149,86,233,88.93,4,100.0,0,17,0,0,0,0,20,4,1,1,0,2,15,0,0,8,5,26,0,0,0.88,0.51,9,0,25.0,0,1,1,4,2,2,0,1,,13,33.33,0,0,0,29,5,7,1,4,452,1,,0,0,0,0,0.0,0,0,0,0,62,2,0,6.74,0,0,0,0,0,0,0,0,452.0,0.0,0,1,3,2,1,1,20.0,0,3,1,33.33,7,19,5,15,17,39.53,19,187,90,262,101.1,4,0,339,10,4,0,André Franco,FC Porto,851286,3002
2,0,0.0,10,9,69.23,28,72,100,84.75,9,52.94,8,5,0,0,0,0,13,0,0,0,0,20,5,0,0,1,1,14,0,0,0.33,,4,0,0.0,0,0,0,5,5,0,0,0,,9,60.0,0,0,0,18,3,0,0,3,315,0,,0,0,0,0,0.0,0,0,0,0,34,0,0,6.74,0,0,0,0,0,0,0,0,0.0,0.0,0,0,0,0,0,4,80.0,0,4,3,75.0,0,3,5,0,18,56.25,13,39,79,118,33.7,0,0,183,1,1,0,Gilberto Batista,Moreirense,1153099,3014
9,14,33.33,94,7,21.21,170,110,266,74.93,7,31.82,15,13,0,0,0,0,29,2,0,1,3,11,13,0,0,4,6,42,0,0,1.3,0.2,15,0,0.0,0,0,0,11,11,0,0,0,,26,49.06,0,0,1,89,5,16,0,10,921,1,,0,0,0,0,0.0,0,0,0,0,147,1,0,6.74,0,0,0,0,0,0,0,0,0.0,0.0,0,3,1,2,1,0,0.0,0,17,13,76.47,16,32,4,42,33,44.0,33,267,130,355,87.6,4,0,613,10,3,0,Bruno Gaspar,Vitória SC,252819,3009
11,2,66.67,62,22,59.46,154,152,304,87.36,9,40.91,13,21,1,0,0,0,57,0,0,2,1,20,21,0,0,9,18,74,1,0,0.66,0.19,32,0,0.0,0,0,1,16,16,0,0,0,,70,53.44,0,0,0,44,14,8,0,13,1002,0,,0,0,0,0,0.0,0,0,0,0,72,7,0,6.74,0,0,0,0,0,0,0,0,0.0,0.0,0,1,8,6,1,5,55.56,0,51,31,60.78,8,16,9,3,79,51.63,37,188,163,348,141.5,9,0,530,14,7,0,Manuel Keliano,CF Estrela Amadora,1464131,3035
3,3,27.27,48,4,80.0,78,28,103,62.8,22,33.85,43,27,3,0,0,0,37,2,7,3,0,13,27,0,0,17,7,121,0,0,0.45,5.64,30,0,15.63,0,5,8,21,19,2,4,1,,36,31.58,0,0,2,61,5,7,5,11,1000,5,,0,0,0,0,0.0,0,0,0,0,153,12,0,6.74,0,0,0,0,0,0,0,0,200.0,0.0,0,24,8,14,15,10,28.57,0,6,4,66.67,7,3,35,11,58,32.4,5,133,42,164,181.9,32,2,386,20,4,0,André Lacximicant,Estoril Praia,1120679,4500
28,0,0.0,186,33,49.25,377,291,668,82.88,9,33.33,18,27,1,0,0,0,115,1,1,11,1,7,27,0,0,23,14,93,1,3,0.93,1.79,28,0,4.35,0,1,2,37,35,2,1,0,,84,52.83,0,0,0,138,17,17,0,19,1871,1,,0,0,0,0,0.0,0,0,0,0,222,14,0,6.74,0,1,0,0,0,0,0,0,1871.0,0.0,0,10,13,10,2,19,63.33,0,27,18,66.67,17,56,30,9,93,50.0,67,501,314,806,181.9,23,1,1100,38,3,0,Léo Cordeiro,CF Estrela Amadora,869461,3035
0,0,0.0,61,4,50.0,104,61,165,68.75,41,36.61,71,33,0,0,0,0,41,0,2,9,3,19,33,0,0,36,4,172,0,0,0.57,8.35,33,0,30.56,0,11,11,27,24,3,10,1,,42,29.37,0,0,1,75,8,10,2,15,1687,2,,0,0,4,0,100.0,0,4,0,1,191,12,0,6.74,0,9,0,0,0,0,0,0,153.36,0.0,0,23,13,12,15,13,30.95,0,6,4,66.67,10,4,42,1,83,32.55,8,165,76,240,222.3,36,0,518,24,1,0,Alejandro Marqués,Estoril Praia,929894,4500
7,3,25.0,54,15,37.5,114,151,262,80.37,8,44.44,10,15,0,0,0,0,38,0,0,3,1,28,14,0,0,9,6,49,0,0,0.2,0.15,11,0,0.0,0,0,0,13,11,2,0,0,,54,58.06,0,0,0,64,9,5,0,7,763,0,,0,0,0,0,0.0,0,0,0,1,116,2,0,6.74,0,0,0,0,0,0,0,0,0.0,0.0,0,2,4,2,1,12,48.0,0,29,20,68.97,5,23,25,12,62,55.86,40,165,173,326,94.3,6,0,570,13,3,0,Jonathan Mutombo,Gil Vicente,1004444,3010
24,7,31.82,116,16,61.54,189,121,303,73.19,2,15.38,11,31,0,0,1,0,68,3,4,10,1,8,31,0,0,21,16,129,0,1,2.4,3.68,30,0,9.3,0,4,4,26,22,4,4,0,,93,44.08,0,0,3,111,12,21,1,18,1563,2,,0,0,1,0,0.0,0,0,0,0,247,7,0,6.74,0,3,0,0,0,0,0,0,390.75,0.0,0,24,19,16,17,24,30.0,0,27,18,66.67,21,47,80,22,95,42.41,26,283,153,414,208.8,43,2,779,42,1,0,Tiago Morais,Rio Ave,1067284,3036
58,0,0.0,66,79,46.2,220,909,1129,85.4,80,65.57,42,31,1,0,0,0,105,1,0,1,5,177,31,0,0,10,11,110,2,1,0.73,0.92,47,0,10.0,3,1,2,47,43,4,1,0,,41,37.61,1,0,0,193,46,1,0,31,2629,1,,0,0,0,1,0.0,0,0,0,0,226,0,0,6.74,0,0,0,0,0,0,0,0,2629.0,0.0,0,9,1,6,3,3,42.86,0,24,15,62.5,1,123,7,1,121,52.38,171,334,989,1322,208.8,10,0,1704,17,9,0,Pedro Álvaro,Estoril Praia,869330,4500
0,0,0.0,1,6,30.0,5,72,77,83.7,0,0.0,0,6,0,0,0,0,39,0,0,0,2,3,6,0,0,0,0,0,0,0,0.0,,0,0,0.0,14,0,0,5,3,2,0,0,-1.24,0,0.0,0,3,0,15,0,0,0,6,540,0,,0,0,0,0,0.0,0,0,0,0,15,0,0,6.73,0,0,1,5,6,11,0,3,0.0,0.0,0,0,0,0,0,0,0.0,1,0,0,0.0,0,3,0,0,0,0.0,20,10,82,92,40.4,0,0,129,0,0,0,Vladan Kovačević,Sporting CP,857997,3001
1,1,25.0,14,1,50.0,22,7,28,90.32,2,40.0,3,3,0,0,0,0,2,0,0,0,0,2,3,0,0,0,0,3,0,0,0.03,0.06,0,0,0.0,0,0,0,0,0,0,0,0,,2,100.0,0,0,0,3,0,0,0,0,62,0,,0,0,0,0,0.0,0,0,0,0,7,0,0,6.73,0,0,0,0,0,0,0,0,0.0,0.0,0,1,0,1,0,1,100.0,0,0,0,0.0,0,2,1,4,4,57.14,2,27,8,31,20.2,1,0,47,1,0,0,Zaidu Sanusi,FC Porto,987510,3002
31,8,21.05,120,39,35.45,290,395,677,77.02,26,57.78,19,25,0,0,0,0,82,0,1,0,3,64,25,0,0,20,16,97,0,1,0.84,0.78,29,0,0.0,0,0,0,33,30,3,0,0,,114,59.38,0,0,0,202,21,14,0,24,2087,3,,1,0,0,2,0.0,0,0,0,0,327,1,0,6.73,1,0,0,0,0,0,0,0,0.0,0.0,0,4,4,5,3,16,55.17,0,62,31,50.0,14,88,29,38,140,59.07,110,442,475,879,168.3,8,0,1473,37,9,1,Sandro Cruz,Gil Vicente,982146,3010
7,0,0.0,46,11,52.38,77,36,113,62.09,24,50.0,24,22,1,0,0,0,30,0,1,7,0,8,22,0,0,12,6,64,0,0,0.29,1.88,12,0,16.67,0,4,5,14,12,2,3,1,,27,40.3,0,0,1,69,2,6,1,11,1009,3,,0,0,0,0,0.0,0,0,0,0,126,8,0,6.73,0,3,0,0,0,0,0,0,252.25,0.0,0,18,6,11,6,11,45.83,0,5,1,20.0,6,13,24,2,51,44.35,21,135,49,182,148.1,24,0,324,11,2,0,Darío Poveda,SC Farense,836600,2998
6,2,50.0,56,3,25.0,93,46,137,59.31,59,43.07,78,31,3,0,0,0,42,3,6,7,0,20,31,0,0,27,11,168,0,0,0.63,5.46,28,0,10.87,0,5,8,17,13,4,5,0,,47,34.31,2,0,0,94,3,12,3,13,1398,9,,0,0,0,1,0.0,0,0,0,0,214,9,0,6.73,0,0,0,0,0,0,0,0,279.6,0.0,0,31,15,19,20,22,45.83,0,17,11,64.71,12,11,48,4,106,38.69,12,171,64,231,208.6,46,0,543,9,1,0,Luís Asué,Moreirense,1064103,3014
35,21,30.88,167,48,40.34,388,422,789,79.86,24,53.33,21,29,2,0,0,0,115,2,1,1,5,64,29,0,0,13,19,93,0,0,2.77,0.73,23,0,0.0,0,0,2,39,37,2,0,0,,66,47.83,0,0,0,199,22,19,0,27,2400,2,,0,0,0,0,0.0,0,0,0,0,366,9,0,6.73,0,0,0,0,0,0,0,0,0.0,0.0,0,5,4,5,3,7,26.92,0,30,19,63.33,19,72,26,68,90,49.18,119,570,486,988,195.1,9,0,1548,29,4,0,Pedro Amaral,Estoril Praia,834247,4500
8,3,37.5,110,6,60.0,172,63,232,81.98,29,56.86,22,29,1,0,0,0,43,0,4,10,2,8,27,0,0,33,9,109,0,0,0.72,4.15,22,0,10.0,0,3,4,8,7,1,3,0,,44,33.59,0,0,0,51,6,12,0,11,1076,4,,0,0,1,0,100.0,0,1,0,0,144,13,0,6.73,0,3,0,0,0,0,0,0,358.67,0.0,0,26,4,7,13,14,36.84,0,9,6,66.67,12,12,38,8,73,40.11,10,215,76,283,181.6,30,0,520,21,3,0,Danny Namaso,FC Porto,867440,3002
2,4,26.67,24,3,18.75,46,29,71,68.27,8,80.0,2,14,1,0,0,0,10,1,0,1,0,9,12,0,0,1,2,17,0,0,0.74,0.37,9,0,20.0,0,1,2,12,11,1,1,0,,25,62.5,1,0,0,33,3,3,0,4,414,1,,0,0,0,0,0.0,0,0,0,1,61,1,0,6.73,0,0,0,0,0,0,0,0,414.0,0.0,0,5,0,3,1,3,50.0,0,15,8,53.33,3,10,6,15,33,66.0,16,84,35,104,80.7,5,0,218,7,1,0,João Aurélio,CD Nacional,44684,3013
1,1,25.0,6,1,100.0,7,2,8,66.67,2,25.0,6,5,0,0,0,0,2,0,0,0,0,0,4,0,0,4,1,11,0,0,0.04,0.63,0,0,100.0,0,1,1,1,1,0,1,0,,3,37.5,0,0,0,4,0,0,0,0,54,0,,0,0,0,0,0.0,0,0,0,0,11,1,0,6.73,0,1,0,0,0,0,0,0,54.0,0.0,0,1,0,0,1,0,0.0,0,2,1,50.0,0,2,0,4,5,31.25,1,13,3,12,26.9,1,0,26,1,0,0,Yassir Zabiri,Famalicão,1606013,49531
2,2,28.57,19,8,19.05,67,182,247,77.92,6,50.0,6,8,0,0,0,0,30,0,0,1,1,46,8,0,0,5,1,21,0,1,0.07,0.06,5,0,0.0,3,0,0,8,7,1,0,0,,20,57.14,0,0,0,70,5,2,0,7,635,0,,0,0,0,0,0.0,0,0,0,0,104,0,0,6.73,0,0,0,0,0,0,0,0,0.0,0.0,0,1,1,1,0,3,42.86,0,12,7,58.33,2,16,7,7,26,55.32,42,125,199,317,53.8,2,0,483,5,1,0,Nelson Abbey,Rio Ave,1064359,3036
11,3,23.08,76,8,32.0,152,130,279,69.06,39,42.39,53,30,2,0,0,0,66,4,3,4,0,17,30,0,0,11,16,130,0,1,1.23,1.85,32,0,8.33,0,2,4,24,24,0,2,0,,69,47.26,1,0,5,125,14,12,1,16,1350,0,,0,0,0,1,0.0,0,0,0,1,246,10,0,6.72,0,0,0,0,0,0,0,0,675.0,0.0,0,15,9,12,8,12,36.36,0,33,19,57.58,12,30,33,13,108,45.38,25,260,157,404,201.7,24,0,731,24,8,0,Leonel Bucca,CF Estrela Amadora,989867,3035
1,0,0.0,30,0,0.0,52,25,77,74.04,7,28.0,18,14,0,0,0,0,13,0,4,1,1,3,13,0,0,11,2,52,0,0,0.39,3.42,18,0,30.77,0,4,4,8,6,2,4,0,,18,34.62,0,0,0,27,1,4,0,11,772,11,,0,0,1,0,100.0,0,1,0,1,65,5,0,6.72,0,4,0,0,0,0,0,0,193.0,0.0,0,12,1,4,8,0,0.0,0,5,2,40.0,4,4,4,2,25,32.47,0,75,31,104,87.4,13,1,199,13,1,0,Fran Navarro,Sporting Braga,914772,2999
3,3,20.0,61,2,40.0,96,38,131,75.29,3,14.29,18,13,0,0,0,0,21,1,0,0,0,6,13,0,0,6,6,59,0,0,0.59,0.5,17,0,25.0,0,1,1,9,8,1,1,0,,28,40.58,0,0,0,43,0,12,1,8,616,1,,0,0,0,0,0.0,0,0,0,2,100,4,0,6.72,0,0,0,0,0,0,0,0,616.0,0.0,0,2,2,3,1,7,35.0,0,7,4,57.14,12,9,20,15,31,34.44,5,141,48,174,87.4,4,0,290,14,1,0,Hélder Costa,Estoril Praia,138891,4500
7,5,20.83,146,13,68.42,273,157,425,80.04,6,20.0,24,28,1,0,0,0,93,1,3,8,0,9,28,0,0,24,18,100,0,0,1.55,2.55,12,0,11.11,0,2,3,39,33,6,2,0,,79,50.97,0,0,0,106,12,22,1,24,1961,5,,0,0,0,0,0.0,0,0,0,0,209,12,0,6.72,0,1,0,0,0,0,0,0,980.5,0.0,0,15,3,4,6,12,35.29,0,34,23,67.65,22,13,34,24,85,45.95,19,372,183,531,188.2,18,0,791,33,1,0,Kiko Bondoso,Rio Ave,1082948,3036
43,4,26.67,145,65,59.09,367,427,790,88.07,4,26.67,11,31,0,0,0,0,89,1,1,2,2,14,31,0,0,11,20,79,1,1,0.69,0.57,31,0,0.0,0,0,0,24,20,4,0,0,,75,52.45,0,0,1,107,22,5,0,14,1543,0,,0,0,0,0,0.0,0,0,0,0,158,3,0,6.72,0,0,0,0,0,0,0,0,0.0,0.0,0,2,9,8,1,8,53.33,0,34,31,91.18,5,74,15,15,79,50.0,110,454,458,897,208.3,11,0,1122,33,6,0,Pedro Santos,FC Arouca,1014259,25777
41,2,14.29,195,49,46.67,448,552,998,85.3,19,43.18,25,32,2,0,0,0,152,4,2,3,8,48,32,0,1,18,15,118,1,0,1.36,1.03,41,0,0.0,0,0,2,30,22,8,0,0,,78,45.61,0,0,0,172,18,19,0,31,2648,2,,0,0,0,1,0.0,0,0,0,0,254,9,0,6.72,1,0,0,0,0,0,0,0,0.0,0.0,0,7,6,6,4,23,48.94,0,37,18,48.65,19,73,47,14,97,45.12,105,584,600,1170,215.0,13,0,1495,20,8,0,Adriano Firmino,Santa Clara,989383,3011
3,20,25.32,56,3,18.75,117,46,143,74.48,2,12.5,14,27,1,0,0,0,69,3,2,8,1,7,27,0,0,25,9,82,0,0,1.91,2.99,11,0,3.33,0,1,2,20,18,2,1,0,,59,46.46,0,0,0,49,3,15,0,10,1199,2,,0,0,1,0,100.0,0,1,0,0,179,11,0,6.72,0,1,0,0,0,0,0,0,1199.0,0.0,0,19,11,14,8,21,46.67,0,9,7,77.78,15,8,45,79,61,42.66,16,216,55,192,181.4,30,0,482,29,0,0,Rúben Macedo,CD Nacional,318943,3013
19,11,29.73,89,26,52.0,209,234,432,81.36,24,52.17,22,29,1,0,0,0,65,2,2,7,0,13,29,0,0,13,11,90,0,0,0.98,2.16,39,0,13.33,0,2,3,11,9,2,2,0,,48,41.38,0,0,0,99,11,18,1,15,1328,0,,0,0,0,0,0.0,0,0,0,1,164,2,0,6.72,0,1,0,0,0,0,0,0,664.0,0.0,1,7,8,2,6,7,43.75,0,17,10,58.82,18,49,16,37,72,44.44,50,310,258,531,194.8,15,0,754,25,5,0,Serginho,Santa Clara,1019184,3011
1,11,17.74,86,2,66.67,142,42,173,89.64,1,12.5,7,26,3,0,0,0,26,3,2,10,0,0,24,0,1,24,4,70,0,0,1.72,1.29,15,0,8.0,0,2,5,10,6,4,2,0,,42,40.0,0,0,0,20,2,13,0,6,776,2,,0,0,0,0,0.0,0,0,0,0,149,7,0,6.72,1,2,0,0,0,0,0,0,388.0,0.0,1,17,8,9,6,15,39.47,0,10,6,60.0,13,4,38,62,43,38.05,3,209,46,193,161.2,25,0,440,17,6,0,Gonçalo Borges,FC Porto,979221,3002
24,8,44.44,49,19,31.67,118,125,235,66.95,15,57.69,11,21,0,0,0,0,47,1,0,1,2,39,21,0,0,7,11,56,0,0,0.57,0.52,24,0,16.67,0,1,1,15,12,3,1,0,,46,50.55,0,0,0,116,20,6,1,10,1033,0,,0,0,0,0,0.0,0,0,0,0,202,1,0,6.71,0,0,0,0,0,0,0,0,1033.0,0.0,0,1,5,3,2,7,63.64,0,30,15,50.0,6,51,11,18,61,52.14,60,198,171,351,141.0,6,0,682,10,5,0,Rafael Rodrigues,AVS - Futebol SAD,1091960,483088
4,1,11.11,36,7,41.18,65,91,155,77.5,5,62.5,3,7,0,0,0,0,24,0,0,0,1,25,7,0,0,4,4,26,0,1,0.23,0.1,4,0,0.0,0,0,0,5,5,0,0,0,,26,53.06,0,0,0,45,4,5,0,5,515,0,,0,0,0,0,0.0,0,0,0,0,90,2,0,6.71,0,0,0,0,0,0,0,0,0.0,0.0,0,2,0,2,0,3,21.43,0,10,3,30.0,5,12,14,9,31,54.39,17,100,109,200,47.0,2,0,362,13,2,0,Leonardo Buta,Moreirense,1120038,3014
7,0,0.0,20,6,42.86,67,74,141,82.46,5,62.5,3,8,0,0,0,0,23,0,1,0,0,9,8,0,0,5,2,18,0,0,0.14,0.59,8,0,0.0,0,0,0,6,6,0,0,0,,17,53.13,0,0,1,30,3,1,0,6,476,0,,0,0,0,0,0.0,0,0,0,0,46,0,0,6.71,0,0,0,0,0,0,0,0,0.0,0.0,0,2,1,3,0,1,50.0,0,9,6,66.67,1,15,2,3,22,55.0,14,95,79,171,53.7,3,0,229,7,3,0,Luís Silva,AVS - Futebol SAD,170131,483088
3,0,0.0,27,4,66.67,44,29,73,66.36,24,63.16,14,10,1,0,0,0,6,0,2,5,0,6,9,0,0,5,2,33,0,0,0.43,1.57,8,0,0.0,0,0,1,10,10,0,0,0,,8,29.63,0,0,1,37,3,6,0,5,484,1,,0,0,0,0,0.0,0,0,0,0,60,1,0,6.71,0,0,0,0,0,0,0,0,0.0,0.0,0,14,5,9,5,0,0.0,0,4,2,50.0,6,4,4,0,32,49.23,6,76,34,110,60.4,19,0,180,5,2,0,Adrián Butzke,CD Nacional,991292,3013
5,0,0.0,35,8,53.33,91,75,166,75.8,20,48.78,21,11,1,0,0,0,13,1,0,7,0,8,11,0,0,6,7,49,0,0,0.35,1.52,14,0,7.69,0,1,2,14,12,2,1,0,,22,44.0,0,0,0,53,2,7,0,9,691,0,,0,0,1,0,100.0,0,1,0,0,80,3,0,6.71,0,1,0,0,0,0,0,0,691.0,0.0,1,10,3,5,1,1,33.33,0,12,6,50.0,7,12,3,2,42,46.15,15,136,85,219,73.8,13,0,315,9,2,0,Marco van Ginkel,Boavista,112794,2995
3,0,0.0,28,0,0.0,61,28,89,70.08,29,42.65,39,25,2,0,0,0,23,1,3,14,0,6,24,0,0,15,2,74,0,0,0.61,4.83,20,0,7.5,0,3,5,7,6,1,3,0,,22,38.6,1,0,0,38,0,4,0,6,754,5,,0,0,0,0,0.0,0,0,0,0,89,6,0,6.71,0,2,0,0,0,0,0,0,251.33,0.0,0,33,7,18,8,3,42.86,0,3,3,100.0,4,3,7,5,51,40.8,2,100,32,127,161.0,40,0,268,17,2,0,Jesús Ramírez,Vitória SC,987597,3009
1,10,27.78,43,6,66.67,72,32,94,85.45,1,16.67,5,13,2,0,0,0,15,1,1,4,0,7,13,0,0,2,3,28,0,0,1.32,1.1,11,0,10.0,0,1,3,8,8,0,1,0,,13,36.11,0,0,0,16,0,13,1,7,499,1,,0,0,0,0,0.0,0,0,0,0,59,2,0,6.71,1,0,0,0,0,0,0,0,499.0,0.0,2,5,5,3,3,2,20.0,0,6,5,83.33,13,5,10,36,14,33.33,9,111,35,110,87.2,10,0,204,5,0,1,Fuki Yamada,CD Nacional,1028308,3013
27,29,32.58,116,38,55.88,272,220,463,81.37,8,36.36,14,30,0,0,0,0,63,4,3,5,0,7,29,0,0,18,10,70,1,0,3.2,1.72,15,0,0.0,0,0,0,28,24,4,0,0,,46,45.1,0,0,0,106,9,31,0,15,1413,2,,0,0,0,0,0.0,0,0,0,0,230,9,0,6.71,0,0,0,0,0,0,0,0,0.0,0.0,3,8,18,14,7,7,35.0,0,22,9,40.91,31,59,20,89,54,43.55,68,426,232,569,194.5,26,0,859,17,2,0,João Novais,Rio Ave,233370,3036
0,0,0.0,25,1,50.0,43,30,73,67.59,22,57.89,16,16,2,0,0,0,11,1,0,3,1,5,16,0,0,6,2,31,0,0,0.41,1.7,3,0,20.0,0,2,4,8,8,0,2,0,,5,25.0,0,0,0,35,0,3,0,3,578,4,,0,0,0,0,0.0,0,0,0,0,65,2,0,6.71,0,2,0,0,0,0,0,0,289.0,0.0,0,9,1,2,5,0,0.0,0,2,1,50.0,3,3,5,2,27,46.55,2,77,33,108,107.3,10,0,178,6,0,0,Mario González,Famalicão,847147,49531
10,0,0.0,40,10,76.92,76,63,139,79.89,10,43.48,13,17,0,0,0,0,20,0,0,1,0,6,17,0,0,5,6,42,0,1,0.42,0.12,15,0,33.33,0,1,1,8,7,1,1,0,,29,50.0,1,0,0,35,7,4,0,4,411,0,,0,0,0,0,0.0,0,0,0,1,63,2,0,6.71,0,0,0,0,0,0,0,0,411.0,0.0,0,1,2,0,2,5,50.0,0,17,11,64.71,4,18,10,2,39,48.15,13,103,73,174,114.0,3,0,266,7,3,0,Chiheb Labidi,CD Nacional,1011997,3013
9,17,32.08,57,5,31.25,102,45,130,66.67,8,23.53,26,20,2,0,0,0,51,6,3,6,0,9,20,0,1,22,9,78,0,0,1.93,1.95,8,0,4.17,0,1,3,15,15,0,0,1,,43,45.26,0,0,1,65,6,18,0,12,1054,5,,0,0,0,0,0.0,0,0,0,0,183,5,0,6.71,1,1,0,0,0,0,0,0,1054.0,0.0,2,15,9,11,7,17,54.84,0,14,8,57.14,18,17,31,53,51,39.53,16,178,70,195,134.1,24,0,461,12,1,0,Elves Baldé,SC Farense,846040,2998
12,0,0.0,69,23,65.71,180,268,448,87.16,20,62.5,12,20,1,0,0,0,74,0,0,0,0,23,20,0,0,10,6,59,0,1,0.27,0.09,22,0,0.0,0,0,1,14,13,1,0,0,,49,51.04,0,0,0,66,12,4,0,9,938,0,,0,0,0,0,0.0,0,0,0,0,106,2,0,6.71,0,0,0,0,0,0,0,0,0.0,0.0,0,2,2,2,2,11,55.0,0,22,15,68.18,4,18,20,0,69,53.91,35,222,292,514,134.1,4,0,685,16,4,0,Beni Mukendi,Vitória SC,1002367,3009
12,10,17.24,54,20,28.99,108,95,193,64.33,13,46.43,15,23,3,0,0,0,66,4,0,7,1,43,23,0,0,8,22,87,0,1,0.83,0.65,24,0,4.55,0,1,4,20,20,0,0,1,,54,42.86,0,0,0,107,10,18,1,17,1451,0,,0,0,0,0,0.0,0,0,0,0,256,3,0,6.7,0,0,0,0,0,0,0,0,1451.0,0.0,1,5,17,6,9,11,36.67,0,29,14,48.28,18,41,30,58,67,43.51,69,234,124,300,154.2,22,0,750,14,3,0,Derick Poloni,SC Farense,892169,2998
1,4,40.0,19,0,0.0,33,20,49,81.67,1,25.0,3,7,0,0,0,0,9,0,1,0,0,0,7,0,0,1,1,11,0,0,0.12,1.75,3,0,66.67,0,2,2,0,0,0,1,1,,8,50.0,0,0,0,11,1,0,1,0,153,2,,0,0,0,0,0.0,0,0,0,0,30,0,0,6.7,0,1,0,0,0,0,0,0,76.5,0.0,0,2,1,1,2,0,0.0,0,2,2,100.0,0,1,4,10,9,45.0,2,48,22,60,46.9,3,0,103,6,0,0,Úmaro Embaló,Vitória SC,901857,3009
0,0,0.0,1,2,100.0,10,8,18,90.0,0,0.0,1,1,0,0,0,0,1,0,0,0,0,0,1,0,0,0,0,1,0,0,0.0,,0,0,0.0,0,0,0,0,0,0,0,0,,0,0.0,0,0,0,2,0,0,0,0,12,0,,0,0,0,0,0.0,0,0,0,0,2,0,0,6.7,0,0,0,0,0,0,0,0,0.0,0.0,0,0,0,0,0,0,0.0,0,0,0,0.0,0,0,0,0,0,0.0,2,11,9,20,6.7,0,0,21,0,0,0,Diogo Prioste,Benfica,1146008,3006
0,0,0.0,0,0,0.0,0,7,7,70.0,1,100.0,0,1,0,0,0,0,2,0,0,0,0,1,1,0,0,0,0,0,0,0,0.0,,0,0,0.0,2,0,0,0,0,0,0,0,,0,0.0,0,0,0,3,0,0,0,0,14,0,,0,0,0,0,0.0,0,0,0,0,3,0,0,6.7,0,0,0,0,0,0,0,0,0.0,0.0,0,0,0,0,0,0,0.0,0,0,0,0.0,0,0,0,0,1,100.0,3,3,7,10,6.7,0,0,12,1,0,0,Matheus Teixeira,Rio Ave,939928,3036
0,0,0.0,0,0,0.0,1,3,4,100.0,0,0.0,0,1,0,0,0,0,0,0,0,0,0,2,1,0,0,0,0,0,0,0,0.0,,0,0,0.0,0,0,0,0,0,0,0,0,,0,0.0,0,0,0,0,0,0,0,0,20,0,,0,0,0,0,0.0,0,0,0,0,3,0,0,6.7,0,0,0,0,0,0,0,0,0.0,0.0,0,0,0,0,0,0,0.0,0,0,0,0.0,0,0,0,0,0,0.0,0,1,3,4,6.7,0,0,11,0,0,0,Alex Sola,CF Estrela Amadora,2037671,3035
0,0,0.0,2,0,0.0,12,7,19,95.0,0,0.0,2,2,0,0,0,0,3,0,0,0,0,1,2,0,0,0,1,4,0,0,0.01,,1,0,0.0,0,0,0,1,1,0,0,0,,3,60.0,0,0,0,1,0,0,0,0,51,0,,0,0,0,0,0.0,0,0,0,0,1,0,0,6.7,0,0,0,0,0,0,0,0,0.0,0.0,0,0,0,0,0,0,0.0,0,2,2,100.0,0,0,0,0,3,42.86,0,12,8,20,13.4,0,0,26,1,0,0,Yaya Sithole,Gil Vicente,822684,3010
0,0,0.0,6,1,50.0,13,24,37,77.08,10,66.67,5,7,0,0,0,0,8,0,1,2,0,0,7,0,0,1,2,15,0,0,0.02,0.56,5,0,0.0,0,0,0,7,6,1,0,0,,18,64.29,0,0,0,11,0,2,0,4,314,2,,0,0,0,0,0.0,0,0,0,0,25,1,0,6.7,0,0,0,0,0,0,0,0,0.0,0.0,0,6,2,4,2,1,25.0,0,3,2,66.67,2,0,4,2,28,65.12,2,24,26,48,46.9,8,0,108,16,0,0,Moussa Koné,Boavista,796085,2995
4,0,0.0,7,7,46.67,17,28,45,69.23,10,66.67,5,8,0,0,0,0,3,0,0,1,0,19,7,0,1,0,0,10,0,0,0.22,0.25,6,0,0.0,0,0,0,4,4,0,0,0,,5,50.0,0,0,0,20,1,1,0,2,238,0,,0,0,0,0,0.0,0,0,0,0,22,0,0,6.7,1,0,0,0,0,0,0,0,0.0,0.0,0,4,0,2,1,0,0.0,0,1,1,100.0,1,8,0,0,15,60.0,15,33,32,65,46.9,4,0,105,4,1,0,Steven Vitória,Boavista,59574,2995
2,0,0.0,29,0,0.0,33,6,39,62.9,3,50.0,3,3,0,0,0,0,14,0,0,1,0,2,3,0,0,3,3,21,0,0,0.08,0.25,4,0,0.0,0,0,0,8,8,0,0,0,,11,37.93,0,0,0,23,3,2,0,3,270,2,,0,0,0,0,0.0,0,0,0,0,54,1,0,6.7,0,0,0,0,0,0,0,0,0.0,0.0,0,1,6,1,5,3,27.27,0,8,5,62.5,2,5,11,8,14,40.0,6,61,9,62,20.1,7,0,136,0,0,0,Mohamed Belloumi,SC Farense,1125839,2998
23,2,22.22,81,37,41.11,181,203,382,75.35,25,52.08,23,26,0,0,0,0,83,2,0,1,2,43,25,0,1,7,9,63,0,0,0.92,0.11,17,0,0.0,0,0,0,23,21,2,0,0,,47,54.02,0,0,0,125,19,8,0,16,1356,0,,0,0,0,0,0.0,0,0,0,0,168,4,0,6.7,1,0,0,0,0,0,0,0,0.0,0.0,0,1,5,3,2,13,65.0,0,16,10,62.5,8,56,20,9,72,53.33,90,294,222,507,167.5,6,0,709,19,6,0,Ibrahima Camará,Boavista,976145,2995
1,0,0.0,1,0,0.0,2,3,5,83.33,0,0.0,0,3,0,0,0,0,1,0,0,0,0,0,2,0,0,0,0,0,0,0,0.0,0.09,0,0,0.0,0,0,0,0,0,0,0,0,,0,0.0,0,0,0,1,1,0,0,0,28,0,,0,0,0,0,0.0,0,0,0,0,6,0,0,6.7,0,0,0,0,0,0,0,0,0.0,0.0,0,1,1,1,1,0,0.0,0,0,0,0.0,0,1,0,3,0,0.0,0,5,4,6,13.4,2,0,14,0,0,0,Biel,Sporting CP,1106140,3001
0,0,0.0,1,3,42.86,2,4,6,54.55,1,33.33,2,2,0,0,0,0,0,0,0,0,0,10,2,0,0,0,0,2,0,0,0.01,0.07,0,0,0.0,0,0,0,1,1,0,0,0,,2,100.0,0,0,0,5,0,0,0,0,43,0,,0,0,0,0,0.0,0,0,0,0,6,0,0,6.7,0,0,0,0,0,0,0,0,0.0,0.0,0,1,0,1,0,1,100.0,0,1,1,100.0,0,2,1,1,3,60.0,7,7,5,11,13.4,1,0,25,0,0,0,Semeu Commey,CF Estrela Amadora,1468197,3035
1,0,0.0,0,0,0.0,2,0,2,50.0,2,50.0,2,3,0,0,0,0,0,0,0,0,0,0,1,0,0,0,0,2,0,0,0.0,0.07,0,0,0.0,0,0,0,0,0,0,0,0,,1,100.0,0,0,0,2,0,0,0,0,14,0,,0,0,0,0,0.0,0,0,0,0,4,0,0,6.7,0,0,0,0,0,0,0,0,0.0,0.0,0,1,0,1,0,0,0.0,0,0,0,0.0,0,1,0,1,3,60.0,0,4,1,4,6.7,1,0,10,1,0,0,Afonso Rodrigues,Famalicão,1495552,49531
1,1,100.0,10,1,100.0,15,8,22,91.67,1,100.0,0,1,0,0,0,0,3,0,0,1,0,0,1,0,0,1,0,3,0,0,0.07,0.02,1,0,0.0,0,0,0,1,1,0,0,0,,3,50.0,0,0,0,2,0,1,0,0,25,0,,0,0,0,0,0.0,0,0,0,0,4,1,0,6.7,0,0,0,0,0,0,0,0,0.0,0.0,0,0,1,0,0,1,50.0,0,1,0,0.0,1,1,2,1,4,57.14,1,16,9,24,6.7,1,0,31,1,0,0,Mateus Fernandes,Sporting CP,1142562,3001
0,0,0.0,2,1,100.0,4,4,8,80.0,1,100.0,0,1,0,0,0,0,1,0,0,0,0,0,1,0,0,0,0,0,0,0,0.0,0.01,0,0,0.0,0,0,0,0,0,0,0,0,,1,100.0,0,0,0,2,0,0,0,0,13,0,,0,0,0,0,0.0,0,0,0,0,2,0,0,6.7,0,0,0,0,0,0,0,0,0.0,0.0,0,0,1,1,0,0,0.0,0,0,0,0.0,0,0,0,0,2,100.0,1,5,5,10,6.7,1,0,15,1,0,0,Juan Mina,CF Estrela Amadora,1199272,3035
9,10,19.23,113,20,28.17,230,164,384,73.85,12,38.71,19,31,2,0,0,0,57,2,1,3,2,52,31,0,0,8,18,94,0,0,0.82,1.06,36,0,7.14,0,1,3,15,11,4,1,0,,70,48.28,1,0,0,136,12,16,0,21,1760,4,,0,0,0,0,0.0,0,0,0,0,252,6,0,6.7,0,0,0,0,0,0,0,0,1760.0,0.0,0,10,4,7,4,7,31.82,0,45,24,53.33,16,31,22,52,82,46.59,71,362,210,520,207.6,14,0,964,19,9,0,Diogo Calila,Santa Clara,892083,3011
7,5,31.25,82,9,40.91,160,88,243,78.39,7,33.33,14,23,1,0,0,0,69,2,0,8,1,4,23,0,0,24,16,102,0,0,1.39,0.92,10,0,5.88,0,1,2,13,11,2,1,0,,76,46.34,0,0,0,67,11,12,0,9,1105,0,,0,0,0,0,0.0,0,0,0,0,196,6,0,6.69,0,1,0,0,0,0,0,0,1105.0,0.0,0,11,6,6,3,21,35.59,0,23,16,69.57,12,22,59,16,83,44.86,22,222,104,310,153.9,17,0,633,32,0,0,Fábio Ronaldo,CF Estrela Amadora,1134514,3035
6,0,0.0,61,9,69.23,115,69,184,87.62,3,37.5,5,12,0,0,0,0,25,0,1,2,0,2,11,0,0,8,4,30,0,1,0.52,0.77,13,0,0.0,0,0,0,4,4,0,0,0,,35,58.33,0,0,0,26,3,2,0,5,428,0,,0,0,0,0,0.0,0,0,0,0,47,1,0,6.69,0,0,0,0,0,0,0,0,0.0,0.0,0,2,5,3,2,2,66.67,0,16,10,62.5,2,10,3,1,38,55.88,13,136,75,210,73.6,7,0,294,17,1,0,Vasco Sousa,FC Porto,1006995,3002
2,4,17.39,35,7,31.82,79,86,161,70.31,13,59.09,9,11,0,0,0,0,34,0,0,1,1,23,11,0,0,5,11,48,0,0,0.26,0.01,20,0,0.0,0,0,0,8,7,1,0,0,,42,51.85,0,0,0,68,12,8,0,9,750,0,,0,0,0,0,0.0,0,0,0,0,125,1,0,6.69,1,0,0,0,0,0,0,0,0.0,0.0,0,0,1,0,0,7,63.64,0,25,17,68.0,8,11,11,23,55,53.4,22,135,117,229,73.6,1,0,445,10,2,1,Guilherme Montóia,CF Estrela Amadora,1006996,3035
30,12,23.08,84,42,37.5,185,243,416,73.11,22,52.38,20,26,2,0,0,0,74,5,0,7,2,50,26,0,0,10,10,75,0,3,1.53,0.4,35,0,6.67,0,1,3,38,36,2,1,0,,52,48.6,0,0,0,153,15,17,0,21,1634,1,,0,0,0,0,0.0,0,0,0,0,288,3,0,6.69,1,1,0,0,0,0,0,0,1634.0,0.0,0,3,12,7,1,4,50.0,0,32,26,81.25,17,80,8,52,74,49.66,112,334,287,569,173.9,15,0,1028,17,3,1,Kiki,AVS - Futebol SAD,324345,483088
3,0,0.0,8,1,50.0,17,12,29,67.44,5,35.71,9,9,0,0,0,0,4,1,0,0,0,6,8,0,0,2,2,17,0,0,0.05,0.87,3,0,25.0,0,1,1,2,2,0,1,0,,3,27.27,1,0,0,14,0,3,0,0,159,4,,0,0,0,0,0.0,0,0,0,0,20,0,0,6.69,0,0,0,0,0,0,0,0,159.0,0.0,0,4,0,1,3,2,66.67,0,0,0,0.0,3,6,3,0,8,32.0,2,30,13,43,53.5,4,0,67,1,2,0,Ahmed Hassan,Rio Ave,1143587,3036
1,1,6.25,17,4,80.0,25,13,37,69.81,0,0.0,6,8,0,0,0,0,10,1,1,2,0,1,8,0,0,1,3,18,0,0,0.14,0.23,6,0,0.0,0,0,0,2,1,1,0,0,,14,53.85,0,0,0,16,1,4,0,0,161,1,,0,0,0,0,0.0,0,0,0,0,42,2,0,6.69,0,0,0,0,0,0,0,0,0.0,0.0,0,2,1,0,1,4,50.0,0,8,6,75.0,4,2,8,16,14,43.75,5,52,17,53,53.5,3,0,112,2,0,0,William Gomes,FC Porto,1639250,3002
18,25,31.25,115,23,19.49,281,369,625,73.19,23,41.82,32,30,3,0,0,0,83,6,2,1,5,110,30,0,0,13,8,94,0,1,2.37,0.56,27,0,14.29,0,1,4,45,39,6,1,0,,59,48.76,1,0,0,229,39,19,0,29,2541,2,,0,0,0,0,0.0,0,0,0,0,415,0,0,6.69,0,0,0,0,0,0,0,0,2541.0,0.0,0,5,2,3,3,10,35.71,0,30,20,66.67,19,63,28,80,82,46.59,118,475,459,854,200.6,7,0,1561,19,6,0,Godfried Frimpong,Moreirense,931743,3014
17,4,33.33,67,4,33.33,123,52,171,77.03,14,35.0,26,22,2,0,0,1,58,3,6,5,0,7,22,0,0,18,11,102,1,0,0.64,4.85,23,0,11.54,0,3,5,23,21,2,3,0,,66,46.48,1,0,1,51,7,11,0,17,1427,6,,0,0,2,0,50.0,0,1,0,0,145,6,0,6.69,0,2,0,0,0,0,0,0,475.67,0.0,0,23,3,11,10,12,30.0,0,28,20,71.43,11,24,40,12,80,43.96,12,171,63,222,147.1,26,0,480,26,0,0,Dudu,CD Nacional,937743,3013
4,0,0.0,27,6,75.0,54,59,113,86.26,5,55.56,4,8,0,0,0,0,11,0,0,1,0,9,7,0,0,3,2,9,0,1,0.06,0.12,0,0,0.0,0,0,0,6,5,1,0,0,,4,44.44,0,0,1,18,2,1,0,2,268,0,,0,0,0,0,0.0,0,0,0,0,26,1,0,6.69,0,0,0,0,0,0,0,0,0.0,0.0,1,1,3,2,1,0,0.0,0,3,2,66.67,1,5,0,3,9,50.0,8,67,67,131,46.8,4,0,169,1,1,0,Jonatan Lucca,AVS - Futebol SAD,268407,483088
5,1,10.0,31,4,40.0,57,39,95,74.22,3,33.33,6,6,0,0,0,0,13,0,0,0,1,12,6,0,0,2,6,20,0,0,0.08,0.02,4,0,0.0,0,0,0,3,1,2,0,0,,13,48.15,0,0,0,33,0,1,0,2,263,0,,0,0,0,0,0.0,0,0,0,0,55,0,0,6.68,0,0,0,0,0,0,0,0,0.0,0.0,0,0,2,1,1,4,57.14,0,7,4,57.14,1,9,7,10,16,44.44,10,82,56,128,40.1,2,0,223,2,0,0,Hevertton Santos,Vitória SC,1087355,3009
8,5,11.63,82,5,45.45,117,67,179,75.85,10,41.67,14,30,1,0,0,0,64,0,3,9,0,11,30,0,0,20,9,89,0,0,1.23,2.77,11,0,7.14,0,2,3,25,22,3,2,0,,68,47.55,1,0,0,57,7,12,1,11,1175,2,,0,1,0,0,0.0,0,0,0,0,210,11,0,6.68,0,0,0,0,0,0,0,0,587.5,0.0,0,16,12,13,6,29,43.94,0,16,13,81.25,11,18,66,43,78,46.71,11,198,81,236,200.4,28,0,586,23,1,0,Tunde Akinsola,AVS - Futebol SAD,1133063,483088
27,4,26.67,113,44,61.97,218,171,385,79.55,9,45.0,11,23,0,0,0,0,50,0,0,3,0,6,23,0,0,17,12,89,0,2,0.95,0.86,35,0,0.0,0,0,0,14,13,1,0,0,,66,45.83,0,0,0,99,11,6,0,12,1128,2,,0,0,0,0,0.0,0,0,0,0,187,2,0,6.68,0,0,0,0,0,0,0,0,0.0,0.0,0,5,14,11,5,31,68.89,0,17,9,52.94,6,55,45,15,75,45.73,71,302,197,484,153.6,19,0,731,18,4,0,Pablo,Casa Pia,931595,36365
18,1,33.33,24,47,46.53,76,293,368,81.24,23,50.0,23,19,1,0,0,0,29,1,2,0,3,92,18,0,0,1,3,43,1,0,0.4,0.97,18,0,0.0,0,0,1,20,19,1,0,0,,18,47.37,0,0,0,85,17,3,0,15,1300,0,,0,0,0,1,0.0,0,0,0,0,103,1,0,6.68,0,0,0,0,0,0,0,0,0.0,0.0,0,6,2,7,1,0,0.0,0,13,7,53.85,3,40,0,3,41,48.81,101,141,315,453,120.2,8,0,640,5,9,0,Artur Jorge,SC Farense,310800,2998
4,0,0.0,6,6,27.27,38,147,185,86.45,7,36.84,12,9,0,0,0,0,9,0,0,0,2,22,9,0,0,3,3,32,0,0,0.01,,14,0,0.0,4,0,0,5,4,1,0,0,,10,33.33,0,0,0,29,8,0,0,4,431,0,,0,0,0,0,0.0,0,0,0,0,37,0,0,6.68,0,0,0,0,0,0,0,0,0.0,0.0,0,0,0,0,0,3,75.0,0,7,6,85.71,0,9,4,1,17,34.69,22,59,156,214,60.1,0,0,272,0,4,0,Eliaquim Mangala,Estoril Praia,42892,4500
1,0,0.0,11,0,0.0,20,10,30,68.18,21,44.68,26,9,0,0,0,0,5,0,3,3,0,0,8,0,0,6,0,39,0,0,0.04,1.51,6,0,25.0,0,2,2,8,8,0,2,0,,13,50.0,2,0,1,14,0,1,0,4,376,0,,0,0,0,0,0.0,0,0,0,0,37,1,0,6.68,0,0,0,0,0,0,0,0,188.0,0.0,0,8,0,3,2,4,66.67,0,1,0,0.0,1,1,6,0,34,46.58,0,32,12,44,53.4,8,0,100,8,0,0,Dieu-Merci Michel,Vitória SC,2015328,3009
8,1,11.11,56,9,40.91,82,63,144,73.1,15,53.57,13,12,1,0,0,0,21,1,4,5,0,4,12,0,0,12,4,53,0,0,0.42,2.58,15,0,5.26,0,1,2,20,17,3,1,0,,20,33.33,0,0,1,53,5,4,1,9,893,5,,0,0,0,0,0.0,0,0,0,0,109,5,0,6.68,0,0,0,0,0,0,0,0,893.0,0.0,0,15,4,3,11,6,33.33,0,4,3,75.0,4,13,18,9,35,39.77,22,133,73,197,80.1,19,0,333,11,1,0,Abdoulay Diaby,Boavista,115718,2995
7,0,0.0,33,5,45.45,66,49,115,85.19,5,71.43,2,9,0,0,0,0,13,1,1,0,0,5,8,0,0,1,6,11,0,0,0.24,0.28,3,0,0.0,0,0,0,6,5,1,0,0,,16,64.0,0,0,0,20,3,9,0,3,309,0,,0,0,0,0,0.0,0,0,0,0,29,0,0,6.68,0,0,0,0,0,0,0,0,0.0,0.0,0,1,0,0,1,1,100.0,0,11,6,54.55,9,11,1,2,21,65.63,11,81,56,135,53.4,1,0,179,5,0,0,Giorgi Aburjania,AVS - Futebol SAD,156569,483088
11,4,17.39,87,8,47.06,209,238,443,88.6,7,31.82,15,23,1,0,0,0,43,0,2,0,0,6,22,0,0,7,5,48,0,1,0.77,1.16,14,0,11.11,0,1,2,18,17,1,1,0,,31,48.44,0,0,0,57,11,10,0,11,1017,0,,0,0,0,0,0.0,0,0,0,0,103,6,0,6.67,0,1,0,0,0,0,0,0,1017.0,0.0,0,6,3,5,4,5,38.46,0,19,10,52.63,10,19,13,23,38,44.19,17,269,254,500,146.8,9,0,630,7,3,0,Jandro Orellana,Estoril Praia,877920,4500
2,9,22.5,49,1,6.67,118,77,186,64.36,29,30.85,65,32,1,0,0,0,52,3,10,10,1,16,32,0,0,22,4,138,0,0,1.49,6.25,36,0,12.5,0,6,7,32,30,2,6,0,,34,31.78,1,0,2,103,1,13,0,23,2105,23,,0,0,0,0,0.0,0,0,0,0,216,10,0,6.67,0,5,0,0,0,0,0,0,350.83,0.0,0,34,14,19,19,9,39.13,0,7,3,42.86,13,9,23,40,63,31.34,15,225,104,289,213.5,48,0,557,19,4,0,Kikas,CF Estrela Amadora,869875,3035
6,0,0.0,37,5,25.0,69,64,133,83.13,2,40.0,3,9,0,0,0,0,8,1,0,0,0,15,7,0,1,0,3,8,0,0,0.08,,3,0,0.0,0,0,0,3,2,1,0,0,,5,50.0,0,0,0,27,2,4,0,2,242,0,,1,0,0,0,0.0,0,0,0,0,32,2,0,6.67,1,0,0,0,0,0,0,0,0.0,0.0,0,0,0,0,0,0,0.0,0,4,3,75.0,4,18,0,3,7,46.67,20,87,76,160,46.7,0,0,197,1,0,0,Ricardo Esgaio,Sporting CP,97000,3001
4,0,0.0,32,0,0.0,56,39,95,65.07,14,22.95,47,24,0,0,0,0,30,2,6,0,0,7,20,0,0,13,5,88,0,0,1.02,3.85,17,0,20.0,0,3,3,6,4,2,3,0,,31,43.06,0,0,0,51,5,8,2,8,747,7,,0,0,0,0,0.0,0,0,0,0,87,10,0,6.67,0,1,0,0,0,0,0,0,249.0,0.0,0,15,0,9,6,3,30.0,0,15,10,66.67,8,4,10,0,45,33.83,2,93,53,146,133.4,15,0,268,13,1,0,João Costa,Santa Clara,1511976,3011
3,3,37.5,32,2,40.0,54,30,81,76.42,12,35.29,22,14,0,0,0,0,25,1,3,4,0,4,13,0,0,13,4,57,0,0,0.25,1.45,11,0,0.0,0,0,0,6,6,0,0,0,,34,49.28,0,0,1,25,2,3,0,7,649,6,,0,0,0,0,0.0,0,0,0,0,75,4,0,6.67,0,0,0,0,0,0,0,0,0.0,0.0,1,13,9,13,5,12,60.0,0,5,3,60.0,3,3,20,8,46,44.66,5,79,35,106,86.7,22,0,258,17,1,0,Yusupha Njie,SC Farense,887517,2998
19,7,28.0,81,17,33.33,161,193,347,78.86,4,40.0,6,16,0,0,0,0,42,1,0,1,2,26,16,0,0,6,14,38,0,4,0.64,0.1,7,0,0.0,0,0,0,22,19,3,0,0,,50,60.98,0,0,1,93,17,10,0,12,1074,1,,0,0,0,0,0.0,0,0,0,0,173,0,0,6.67,0,0,0,0,0,0,0,0,0.0,0.0,0,2,4,3,2,8,50.0,0,31,20,64.52,10,40,16,25,54,58.7,51,226,239,440,106.7,6,0,750,11,1,0,Amadou Dante,FC Arouca,982610,25777
6,0,0.0,49,4,80.0,103,86,189,72.41,36,44.44,45,27,1,0,0,0,48,1,4,7,0,9,27,0,0,16,7,104,0,1,0.2,3.22,21,0,11.54,0,3,4,16,14,2,2,1,,44,42.72,1,0,0,72,1,11,0,15,1247,14,,0,0,0,0,0.0,0,0,0,0,180,10,0,6.67,0,2,0,0,0,0,0,0,415.67,0.0,0,15,11,9,10,9,31.03,0,18,13,72.22,11,11,29,1,80,43.48,5,162,100,261,180.0,26,0,499,17,3,0,Isaac,CD Nacional,1471239,3013
2,1,16.67,62,4,57.14,84,33,116,80.56,7,46.67,8,16,0,0,0,0,20,1,0,0,0,5,16,0,0,4,6,54,0,0,0.84,0.31,17,0,0.0,0,0,0,7,6,1,0,0,,37,44.58,0,0,0,28,8,5,0,5,556,0,,0,0,0,0,0.0,0,0,0,1,82,4,0,6.66,0,0,0,0,0,0,0,0,0.0,0.0,0,2,6,6,2,10,33.33,0,11,4,36.36,5,3,30,6,44,44.9,7,112,38,144,106.6,8,0,281,16,2,0,Vando Félix,Vitória SC,1520997,3009
32,1,50.0,39,46,38.98,119,329,447,76.28,30,60.0,20,16,0,0,0,0,35,1,0,0,2,92,16,0,0,1,12,46,1,2,0.59,0.22,13,0,0.0,0,0,0,14,11,3,0,0,,24,48.0,0,0,0,139,19,1,0,12,1191,1,,0,0,0,1,0.0,0,0,0,0,147,0,0,6.66,1,0,0,0,0,0,0,0,0.0,0.0,0,2,0,1,1,2,100.0,0,17,14,82.35,1,71,2,2,54,54.0,118,210,378,586,106.6,2,1,772,5,3,1,Ignacio Rodríguez,AVS - Futebol SAD,1104158,483088
32,2,25.0,83,28,58.33,195,297,490,78.27,61,57.55,45,26,0,0,0,0,84,0,2,0,3,29,26,0,0,14,20,139,0,3,0.27,1.43,57,0,9.09,0,1,1,21,17,4,1,0,,61,39.35,1,0,0,136,21,3,0,20,1685,0,,0,0,0,0,0.0,0,0,0,0,194,6,0,6.66,0,0,0,0,0,0,0,0,1685.0,0.0,0,9,2,9,2,6,50.0,0,42,22,52.38,3,48,12,8,122,46.74,48,283,351,626,173.2,11,0,876,14,9,0,Andrian Kraev,Casa Pia,857374,36365
7,0,0.0,22,7,77.78,44,14,58,86.57,1,16.67,5,5,0,0,0,0,6,0,0,3,0,1,5,0,0,2,3,13,0,0,0.07,0.29,1,0,16.67,0,1,1,6,5,1,0,1,-0.99,5,38.46,0,0,0,9,2,0,1,3,257,0,,0,0,0,0,0.0,0,0,0,0,19,0,0,6.66,0,0,0,0,0,0,0,0,257.0,0.0,0,2,4,2,1,1,33.33,0,3,2,66.67,0,8,3,0,6,31.58,9,52,15,67,33.3,6,0,99,1,1,0,Raúl García,Casa Pia,1484959,36365
2,1,8.33,29,2,50.0,46,14,59,69.41,4,40.0,6,12,0,0,0,1,19,1,2,1,0,3,12,0,0,7,4,30,0,0,0.29,1.48,4,0,0.0,0,0,0,5,3,2,0,0,,21,46.67,0,0,2,26,1,6,0,3,348,2,,0,0,1,0,0.0,0,0,0,0,78,3,0,6.66,0,0,0,0,0,0,0,0,0.0,0.0,0,7,5,7,4,9,50.0,0,8,3,37.5,6,5,18,12,25,45.45,4,81,16,85,79.9,12,0,205,4,0,0,Brian Mansilla,FC Arouca,1116649,25777
14,1,100.0,16,15,31.25,96,429,524,90.19,14,45.16,17,16,0,0,0,0,19,0,0,1,3,46,14,0,1,2,2,24,0,1,0.06,0.07,2,0,0.0,16,0,0,15,13,2,0,0,,17,70.83,0,0,0,57,12,0,0,10,920,0,,0,0,0,0,0.0,0,0,0,0,65,0,0,6.66,1,0,0,0,0,0,0,0,0.0,0.0,0,2,0,1,0,1,50.0,0,11,7,63.64,0,30,2,1,31,56.36,48,132,450,581,93.2,2,0,701,5,0,0,Boris Popović,FC Arouca,902050,25777
2,0,0.0,16,0,0.0,27,14,41,68.33,5,29.41,12,12,0,0,0,0,14,0,0,1,0,2,9,0,0,5,4,30,0,0,0.02,0.36,5,0,0.0,0,0,0,10,9,1,0,0,,20,52.63,0,0,0,19,4,3,0,2,269,1,,0,0,0,0,0.0,0,0,0,0,42,3,0,6.66,0,0,0,0,0,0,0,0,0.0,0.0,0,4,2,3,2,6,60.0,0,11,9,81.82,3,3,10,6,25,45.45,3,47,19,60,59.9,6,0,134,3,1,0,João Barros,Boavista,1896795,2995
5,0,0.0,37,4,57.14,69,60,129,65.82,37,43.02,49,21,0,0,0,0,28,0,6,4,2,18,19,0,0,10,2,104,0,0,0.47,3.76,17,0,3.57,0,1,1,14,11,3,1,0,,38,40.86,1,0,1,67,5,8,0,11,1002,12,,0,0,0,0,0.0,0,0,0,1,144,4,0,6.65,0,0,0,0,0,0,0,0,1002.0,0.0,0,19,9,20,4,14,31.82,0,5,2,40.0,8,9,44,3,75,41.9,7,127,72,196,126.4,28,0,407,19,0,0,Rodrigo Ribeiro,AVS - Futebol SAD,1215904,483088
3,2,15.38,33,1,100.0,74,48,120,69.36,20,51.28,19,23,1,0,0,0,22,1,5,7,0,7,22,0,0,8,4,55,0,0,0.55,4.42,13,0,14.81,0,4,5,15,11,4,4,0,,24,40.0,0,0,0,53,3,9,1,8,764,10,,0,0,2,0,100.0,0,2,0,1,117,6,0,6.65,1,3,0,0,0,0,0,0,191.0,0.0,0,22,5,8,12,5,31.25,0,10,7,70.0,9,5,16,13,44,44.44,1,128,58,173,146.3,27,0,325,9,3,1,Güven Yalçın,FC Arouca,826162,25777
1,0,0.0,11,1,50.0,25,9,34,73.91,5,21.74,18,7,1,0,0,0,6,2,1,0,0,2,6,0,0,7,0,33,0,0,0.57,0.3,5,0,33.33,0,1,2,2,2,0,1,0,,5,25.0,1,0,0,12,0,3,0,3,248,1,,0,0,0,0,0.0,0,0,0,0,35,3,0,6.65,0,0,0,0,0,0,0,0,248.0,0.0,0,3,0,2,1,1,25.0,0,2,0,0.0,3,1,4,0,10,23.26,2,35,11,46,39.9,3,0,87,3,0,0,Afonso Patrao,Sporting Braga,1586655,2999
1,0,0.0,3,1,33.33,6,6,12,80.0,0,0.0,0,2,0,0,0,0,0,0,0,0,0,0,2,0,0,0,0,1,0,0,0.01,,1,0,0.0,0,0,0,0,0,0,0,0,,1,50.0,0,0,0,3,0,0,0,0,18,0,,0,0,0,0,0.0,0,0,0,0,8,0,0,6.65,0,0,0,0,0,0,0,0,0.0,0.0,0,0,0,0,0,0,0.0,0,0,0,0.0,0,2,0,1,1,50.0,3,10,6,15,13.3,0,0,25,1,0,0,Marco Cruz,Vitória SC,1167194,3009
2,0,0.0,2,3,60.0,6,31,37,86.05,2,40.0,3,2,0,0,0,0,2,0,0,0,0,3,2,0,0,0,1,4,0,0,0.0,,1,0,0.0,1,0,0,2,2,0,0,0,,2,66.67,0,0,0,6,1,0,0,1,98,0,,0,0,0,0,0.0,0,0,0,0,12,0,0,6.65,0,0,0,0,0,0,0,0,0.0,0.0,0,0,0,0,0,0,0.0,0,1,1,100.0,0,3,0,0,4,50.0,5,11,32,43,13.3,0,0,58,1,0,0,Alexandre Marques,Boavista,1896794,2995
0,0,0.0,6,1,100.0,7,3,10,62.5,1,25.0,3,4,0,0,0,0,5,0,1,0,0,0,4,0,0,1,0,6,0,0,0.02,0.5,1,0,0.0,0,0,0,0,0,0,0,0,,5,62.5,0,0,0,6,0,1,0,0,48,0,,0,0,0,0,0.0,0,0,0,0,12,1,0,6.65,0,0,0,0,0,0,0,0,0.0,0.0,0,2,0,1,1,3,75.0,0,0,0,0.0,1,0,4,2,6,50.0,1,14,4,16,26.6,2,0,32,2,0,0,Ruben Furtado,Sporting Braga,1500700,2999
1,0,0.0,6,3,42.86,9,21,30,78.95,4,80.0,1,2,0,0,0,0,1,0,0,0,0,10,2,0,0,0,0,3,0,0,0.01,0.21,2,0,0.0,0,0,0,2,2,0,0,0,,1,33.33,0,0,0,8,1,0,0,1,102,0,,0,0,0,0,0.0,0,0,0,0,8,0,0,6.65,0,0,0,0,0,0,0,0,0.0,0.0,0,1,0,1,0,0,0.0,0,1,1,100.0,0,5,0,0,5,62.5,7,15,23,38,13.3,1,0,55,0,0,0,Ibrahima Ba,Famalicão,1595506,49531
0,0,0.0,2,0,0.0,4,7,11,84.62,0,0.0,2,3,0,0,0,0,3,0,0,1,0,0,2,0,0,0,0,3,0,0,0.0,0.05,1,0,0.0,0,0,0,1,1,0,0,0,,1,50.0,0,0,0,2,1,0,0,0,22,0,,0,0,0,0,0.0,0,0,0,0,2,0,0,6.65,0,0,0,0,0,0,0,0,0.0,0.0,0,1,0,0,0,1,100.0,0,0,0,0.0,0,0,1,0,1,25.0,0,6,7,13,13.3,1,0,18,0,0,0,Henrique Arreiol,Sporting CP,1158190,3001
23,2,20.0,50,36,52.17,148,217,363,83.07,10,50.0,10,15,0,0,0,0,41,1,1,1,1,17,15,0,0,3,9,36,1,0,0.77,0.61,10,0,0.0,0,0,0,17,16,1,0,0,,29,52.73,0,0,0,74,10,9,0,9,825,1,,0,0,0,0,0.0,0,0,0,0,112,4,0,6.65,0,0,0,0,0,0,0,0,0.0,0.0,0,2,5,5,1,2,28.57,0,14,6,42.86,9,43,7,10,39,52.0,69,206,241,437,99.7,7,0,573,13,1,0,Jesús Castillo,Gil Vicente,978543,3010
12,0,0.0,89,13,52.0,207,196,403,84.49,13,81.25,3,29,1,0,0,0,54,2,0,1,0,18,28,0,0,12,15,63,0,0,0.35,0.38,28,0,11.11,0,1,2,24,21,3,0,1,,70,53.85,0,0,1,74,17,6,0,15,1294,1,,0,0,0,0,0.0,0,0,0,0,128,1,0,6.64,1,1,0,0,0,0,0,0,1294.0,0.0,0,2,7,6,2,10,58.82,0,28,16,57.14,6,18,17,5,83,56.85,25,261,221,477,186.0,9,1,687,32,6,1,Sidnei Tavares,Moreirense,989889,3014
0,0,0.0,14,0,0.0,20,8,28,71.79,5,35.71,9,12,2,0,0,0,4,2,0,0,0,1,7,0,0,1,3,21,0,0,0.14,,7,0,0.0,0,0,2,4,4,0,0,0,,7,36.84,0,0,0,11,0,5,0,2,235,4,,0,0,0,0,0.0,0,0,0,0,24,2,0,6.64,0,0,0,0,0,0,0,0,0.0,0.0,0,0,0,0,0,1,33.33,0,4,2,50.0,5,0,3,0,12,36.36,0,30,9,39,46.5,0,0,72,3,1,0,Karem Zoabi,Rio Ave,1214878,3036
3,7,25.93,54,1,50.0,80,41,114,75.5,3,30.0,7,24,1,0,0,0,32,5,2,2,0,3,24,0,0,9,5,53,0,0,1.43,0.64,15,0,16.67,0,1,2,6,5,1,1,0,,24,34.29,0,0,0,37,5,14,0,7,777,1,,0,0,0,0,0.0,0,0,0,0,105,5,0,6.64,0,1,0,0,0,0,0,0,777.0,0.0,0,5,1,0,4,10,34.48,0,5,5,100.0,14,6,29,27,27,33.75,2,132,46,151,159.4,6,0,280,9,1,0,Henrique Pereira,Casa Pia,1100647,36365
18,4,50.0,63,20,40.82,144,168,308,73.16,21,55.26,17,22,1,0,0,0,46,0,1,0,0,18,22,0,0,6,10,60,0,1,0.32,0.29,21,0,0.0,0,0,1,17,15,2,0,0,,36,45.57,0,0,0,113,19,8,0,12,1026,0,,0,0,0,1,0.0,0,0,0,0,144,4,0,6.64,0,0,0,0,0,0,0,0,0.0,0.0,0,2,7,8,1,2,25.0,0,23,14,60.87,8,39,8,8,57,48.72,49,234,195,421,146.1,9,0,584,13,5,0,Rafael Brito,Casa Pia,983537,36365
1,0,0.0,3,4,19.05,18,115,133,83.65,13,72.22,5,7,0,0,0,0,6,0,1,0,0,27,5,0,0,0,5,17,0,1,0.01,1.29,10,0,20.0,0,1,1,7,7,0,1,0,,7,36.84,1,0,0,26,4,1,0,5,416,0,,0,0,0,2,0.0,0,0,0,0,28,0,0,6.64,0,0,0,0,0,0,0,0,416.0,0.0,0,5,0,3,2,1,100.0,0,5,3,60.0,1,5,1,0,20,54.05,21,34,125,159,33.2,5,1,218,1,2,0,Francisco Petrasso,Rio Ave,1467139,3036
4,2,9.09,69,3,15.0,94,41,133,70.37,3,15.79,16,17,0,0,0,0,26,1,0,3,0,7,15,0,0,9,3,54,0,0,0.64,0.94,20,0,9.09,0,1,1,9,7,2,1,0,,28,42.42,0,0,0,56,3,10,1,8,662,3,,0,0,0,0,0.0,0,0,0,0,118,3,0,6.64,0,0,0,0,0,0,0,0,662.0,0.0,0,5,6,1,7,6,50.0,0,12,6,50.0,10,16,12,22,31,36.47,20,161,50,189,99.6,11,0,331,10,1,0,Pablo Gozálbez,FC Arouca,996932,25777
0,0,0.0,3,0,0.0,4,1,5,55.56,0,0.0,1,3,0,0,0,0,2,0,1,4,0,0,3,0,0,5,0,7,0,0,0.06,1.26,1,0,14.29,0,1,1,2,2,0,1,0,,2,25.0,0,0,0,4,0,1,0,0,79,1,,0,0,1,0,100.0,0,1,0,0,13,0,0,6.63,0,1,0,0,0,0,0,0,79.0,0.0,0,6,1,1,2,1,100.0,0,0,0,0.0,1,0,1,2,2,22.22,1,10,1,9,19.9,7,0,30,1,0,0,Marcos Leonardo,Benfica,1047227,3006
6,0,0.0,13,3,60.0,41,62,103,90.35,0,0.0,3,6,0,0,0,0,9,0,0,0,0,2,6,0,0,1,0,9,0,0,0.04,,4,0,0.0,0,0,0,0,0,0,0,0,,4,40.0,0,0,0,11,4,1,0,1,157,0,,0,0,0,0,0.0,0,0,0,0,14,1,0,6.63,0,0,0,0,0,0,0,0,0.0,0.0,0,0,0,0,0,1,50.0,0,2,1,50.0,1,8,2,0,4,30.77,5,48,66,114,39.8,0,0,135,1,1,0,Tomás Pérez,FC Porto,1485090,3002
0,0,0.0,2,0,0.0,2,0,2,66.67,0,0.0,2,4,0,0,0,0,0,0,0,0,0,0,3,0,0,0,0,5,0,0,0.04,0.19,3,0,0.0,0,0,0,1,0,1,0,0,,0,0.0,0,0,0,1,0,1,0,0,36,0,,0,0,0,0,0.0,0,0,0,0,2,0,0,6.63,0,0,0,0,0,0,0,0,0.0,0.0,0,2,0,1,1,0,0.0,0,0,0,0.0,1,0,0,0,0,0.0,0,3,0,3,19.9,2,0,8,0,0,0,José Bica,Vitória SC,1106746,3009
0,0,0.0,11,1,50.0,21,6,27,81.82,0,0.0,0,3,0,0,0,0,2,0,0,2,0,0,3,0,0,1,1,6,0,0,0.12,0.12,1,0,0.0,0,0,0,1,1,0,0,0,,6,50.0,0,0,0,6,1,0,0,0,73,0,,0,0,0,0,0.0,0,0,0,0,17,0,0,6.63,0,0,0,0,0,0,0,0,0.0,0.0,0,2,1,1,0,4,57.14,0,1,0,0.0,0,1,7,2,6,50.0,2,27,8,33,19.9,3,0,54,1,0,0,Petterson,CF Estrela Amadora,1170955,3035
2,1,33.33,9,0,0.0,17,12,28,68.29,6,25.0,18,7,0,0,0,0,5,2,0,0,0,1,6,0,0,1,1,25,0,0,0.11,0.09,4,0,0.0,0,0,0,5,5,0,0,0,,6,46.15,0,0,0,13,0,3,0,3,241,0,,0,0,0,0,0.0,0,0,0,0,24,0,0,6.63,0,0,0,0,0,0,0,0,0.0,0.0,0,1,1,2,0,0,0.0,0,1,1,100.0,3,2,1,3,12,32.43,1,32,12,41,39.8,2,0,65,5,1,0,Carlos Eduardo,Gil Vicente,1014254,3010
18,2,40.0,49,15,65.22,107,131,236,81.1,7,43.75,9,18,0,0,0,0,49,0,0,0,0,9,17,0,0,9,7,42,0,1,0.24,0.05,12,0,50.0,0,1,1,12,11,1,0,1,,33,50.0,0,0,0,55,7,5,0,7,669,0,,0,0,0,0,0.0,0,0,0,0,91,3,0,6.63,0,1,0,0,0,0,0,0,669.0,0.0,0,0,2,1,1,2,28.57,0,18,15,83.33,5,29,7,5,40,48.78,23,142,154,291,112.7,2,0,407,13,3,0,Gustavo Mendonca,AVS - Futebol SAD,1006114,483088
14,1,100.0,40,15,55.56,139,194,332,84.48,22,53.66,19,21,0,0,0,0,52,1,0,2,1,39,21,0,1,6,9,54,0,1,0.28,0.4,16,0,0.0,4,0,0,18,13,5,0,0,,26,42.62,0,0,0,61,10,4,0,7,734,0,,0,0,0,0,0.0,0,0,0,0,81,2,0,6.63,1,0,0,0,0,0,0,0,0.0,0.0,0,4,7,8,1,3,42.86,0,16,9,56.25,4,26,7,1,48,47.06,27,177,217,393,139.2,11,0,535,7,4,0,Mamadou Loum,FC Arouca,796059,25777
5,4,16.67,32,2,13.33,60,80,136,71.2,7,41.18,10,18,0,0,0,0,31,1,0,0,0,20,18,0,0,3,6,41,0,0,0.34,0.13,13,0,50.0,0,2,2,10,8,2,2,0,,23,42.59,0,0,0,55,8,5,2,3,515,0,,0,0,0,0,0.0,0,0,0,0,115,1,0,6.63,0,0,0,0,0,0,0,0,257.5,0.0,0,2,2,2,2,4,30.77,0,14,6,42.86,5,12,13,24,30,42.25,15,115,100,191,119.3,4,1,377,5,1,0,Gonçalo Costa,Estoril Praia,1087354,4500
4,0,0.0,23,2,66.67,32,13,45,86.54,1,50.0,1,9,0,0,0,0,9,0,1,1,0,3,8,0,0,1,1,9,0,0,0.09,0.22,3,0,0.0,0,0,0,1,1,0,0,0,,9,52.94,0,0,0,7,2,1,0,0,116,0,,0,0,0,0,0.0,0,0,0,0,13,1,0,6.63,0,0,0,0,0,0,0,0,0.0,0.0,0,2,1,1,1,5,62.5,0,2,1,50.0,1,6,8,0,10,52.63,3,38,14,52,53.0,3,0,77,2,1,0,Matheusinho,Santa Clara,822523,3011
7,0,0.0,31,3,42.86,54,36,90,90.0,0,0.0,4,4,0,0,0,0,4,0,0,0,0,3,4,0,0,2,0,14,0,0,0.16,0.03,7,0,0.0,0,0,0,1,1,0,0,0,,4,28.57,0,0,0,10,1,2,0,2,184,0,,0,0,0,0,0.0,0,0,0,0,30,0,0,6.63,0,0,0,0,0,0,0,0,0.0,0.0,0,1,0,0,1,1,50.0,0,2,1,50.0,2,10,2,8,4,22.22,7,72,36,100,26.5,1,0,154,1,0,0,Josafat Mendes,Sporting Braga,1133258,2999
14,3,50.0,53,17,56.67,92,95,184,82.51,6,31.58,13,21,1,0,0,0,41,2,0,4,0,5,21,0,0,9,6,47,0,0,0.91,1.26,15,0,11.11,0,1,2,12,11,1,1,0,,27,44.26,0,0,0,39,6,3,0,6,634,0,,0,0,0,0,0.0,0,0,0,0,70,2,0,6.62,0,1,0,0,0,0,0,0,634.0,0.0,0,5,4,4,1,6,50.0,0,10,7,70.0,3,16,12,6,33,41.25,30,120,109,223,139.1,9,0,330,11,5,0,Filipe Soares,SC Farense,851030,2998
13,2,40.0,61,15,68.18,104,66,168,87.96,4,66.67,2,10,0,0,0,0,12,0,0,0,0,0,9,0,0,4,0,16,0,0,0.28,,7,0,0.0,0,0,0,3,3,0,0,0,,10,41.67,0,0,0,23,1,2,0,1,206,0,,0,0,0,0,0.0,0,0,0,0,37,1,0,6.62,0,0,0,0,0,0,0,0,0.0,0.0,0,0,0,0,0,3,50.0,0,2,2,100.0,2,18,6,5,14,46.67,22,125,71,191,59.6,0,0,223,5,1,0,Renato Sanches,Benfica,318967,3006
6,8,57.14,25,7,53.85,47,21,60,80.0,2,28.57,5,13,0,0,0,0,8,0,0,0,0,1,10,0,0,2,8,29,0,0,0.26,0.57,11,0,33.33,0,1,1,6,6,0,1,0,,9,27.27,0,0,0,15,2,10,1,1,210,0,,0,0,0,0,0.0,0,0,0,0,32,1,0,6.62,0,0,0,0,0,0,0,0,210.0,0.0,0,2,1,2,1,0,0.0,0,3,2,66.67,10,10,4,14,11,27.5,13,64,25,75,66.2,3,0,129,6,3,0,André Sousa,CD Nacional,167857,3013
1,3,30.0,14,1,50.0,26,13,36,70.59,1,14.29,6,5,0,0,0,0,5,0,0,0,0,1,5,0,0,1,1,10,0,0,0.04,0.27,1,0,50.0,0,1,1,4,4,0,1,0,,3,42.86,0,0,0,15,0,1,1,2,209,0,,0,0,0,0,0.0,0,0,0,0,25,1,0,6.62,0,0,0,0,0,0,0,0,209.0,0.0,0,1,1,1,1,1,50.0,0,2,2,100.0,1,2,2,10,4,28.57,2,44,17,51,33.1,2,0,74,0,0,0,Miguel Baeza,CD Nacional,902051,3013
19,0,0.0,43,35,36.08,147,369,516,81.26,16,55.17,13,13,0,0,0,0,58,0,0,1,2,54,13,0,0,5,7,34,2,1,0.1,1.02,9,0,20.0,1,1,1,18,14,4,1,0,,17,44.74,1,0,0,119,15,1,0,11,996,1,,0,0,0,0,0.0,0,0,0,0,140,1,0,6.62,1,0,0,0,0,0,0,0,996.0,0.0,0,4,1,2,2,1,50.0,0,11,8,72.73,1,52,2,3,33,49.25,97,231,407,635,86.0,5,2,780,6,3,1,Patrick William,Rio Ave,921624,3036
2,8,36.36,67,8,40.0,126,102,220,76.39,6,21.43,22,24,0,0,0,0,62,1,5,5,0,6,24,0,0,29,9,115,0,0,1.2,1.93,29,0,0.0,0,0,0,26,25,1,0,0,,100,51.81,0,0,2,68,6,7,0,15,1280,1,,0,0,0,0,0.0,0,0,0,1,200,8,0,6.61,0,0,0,0,0,0,0,0,0.0,0.0,0,12,8,10,5,22,43.14,0,24,18,75.0,7,7,51,22,106,47.96,20,188,122,288,158.7,20,0,649,54,3,0,Fabrício Garcia,Estoril Praia,1190120,4500
2,0,0.0,21,2,66.67,46,36,82,78.85,3,27.27,8,8,0,0,0,0,23,1,0,1,0,3,8,0,0,4,1,29,0,0,0.05,0.11,9,0,0.0,0,0,0,5,4,1,0,0,,18,46.15,0,0,0,22,5,3,0,4,350,1,,0,0,0,0,0.0,0,0,0,0,56,4,0,6.61,0,0,0,0,0,0,0,0,0.0,0.0,0,2,1,2,0,9,50.0,0,7,5,71.43,3,2,18,7,21,42.0,3,69,42,104,52.9,3,0,178,2,0,0,Issiaka Kamate,AVS - Futebol SAD,1176557,483088
2,0,0.0,25,0,0.0,36,8,44,73.33,11,45.83,13,21,0,0,0,1,16,2,4,2,0,3,19,0,0,6,1,40,0,0,0.46,2.13,9,0,10.53,0,2,2,3,2,1,1,1,,11,28.95,0,0,0,16,0,5,1,2,400,2,,0,0,1,0,0.0,0,0,0,0,47,10,0,6.61,0,1,0,0,0,0,0,0,200.0,0.0,0,13,6,7,10,5,31.25,0,3,2,66.67,5,4,16,0,22,35.48,1,51,9,60,125.6,19,0,144,3,2,0,Arthur Cabral,Benfica,870762,3006
2,10,40.0,40,12,54.55,89,36,115,70.12,10,34.48,19,24,0,0,0,0,24,1,2,2,0,9,23,0,0,5,15,64,0,0,0.69,1.89,9,0,6.67,0,1,1,8,8,0,1,0,,24,34.78,0,0,0,49,2,8,0,4,637,2,,0,0,0,0,0.0,0,0,0,0,105,2,0,6.61,0,1,0,0,0,0,0,0,637.0,0.0,0,8,7,9,4,7,29.17,0,9,5,55.56,8,12,24,25,34,34.69,22,145,44,164,152.0,15,0,311,11,3,0,Álex Bermejo Escribano,SC Farense,966293,2998
6,6,20.69,54,6,33.33,101,77,172,77.13,11,42.31,15,29,0,0,0,0,46,1,6,7,0,17,29,0,0,16,15,68,0,0,1.46,1.94,9,0,0.0,0,0,0,18,15,3,0,0,,55,50.93,0,0,0,51,4,9,0,7,845,5,,0,0,0,0,0.0,0,0,0,0,137,6,0,6.61,0,0,0,0,0,0,0,0,0.0,0.0,0,11,8,7,5,13,46.43,0,26,10,38.46,9,8,28,29,66,49.25,18,161,91,223,191.6,19,0,453,16,2,0,Jeremy Antonisse,Moreirense,1092638,3014
33,1,6.25,115,36,50.0,272,351,622,82.17,20,46.51,23,23,0,0,0,0,95,0,1,3,5,29,23,0,0,14,25,118,0,1,1.01,2.38,46,0,14.29,0,2,2,32,29,3,2,0,,70,42.42,0,0,0,135,13,10,0,19,1583,0,,0,1,2,0,100.0,0,2,0,1,205,5,0,6.6,1,2,0,0,0,0,0,0,791.5,0.0,1,6,8,6,5,6,33.33,0,36,23,63.89,9,65,18,16,90,43.27,72,374,399,757,151.9,14,0,1013,28,11,1,Gustavo Assunção,AVS - Futebol SAD,981217,483088
9,1,33.33,46,5,55.56,92,53,144,74.23,29,33.72,57,27,0,0,0,0,39,0,1,5,0,15,26,0,1,24,5,124,0,0,0.17,1.86,24,0,11.76,0,2,2,22,21,1,2,0,,51,43.22,0,0,0,50,4,1,0,10,1022,3,,0,0,0,0,0.0,0,0,0,0,145,7,0,6.6,1,2,0,0,0,0,0,0,511.0,0.0,0,10,7,8,4,9,37.5,0,6,2,33.33,1,12,24,3,80,39.22,9,136,61,194,171.7,17,0,410,37,5,0,Cauê,Casa Pia,831516,36365
0,0,0.0,0,0,0.0,0,0,0,0.0,0,0.0,2,1,0,0,0,0,0,0,0,0,0,0,1,0,0,0,0,2,0,0,,,0,0,0.0,0,0,0,0,0,0,0,0,,3,100.0,0,0,0,0,0,0,0,0,9,0,,0,0,0,0,0.0,0,0,0,0,0,0,0,6.6,0,0,0,0,0,0,0,0,0.0,0.0,0,0,0,0,0,0,0.0,0,2,0,0.0,0,0,0,0,3,60.0,0,0,0,0,6.6,0,0,3,1,0,0,Toni Martínez,FC Porto,831253,3002
0,0,0.0,1,1,100.0,1,4,5,83.33,0,0.0,0,1,0,0,0,0,0,0,0,0,0,1,1,0,0,0,0,0,0,0,0.01,,0,0,0.0,0,0,0,0,0,0,0,0,,0,0.0,0,0,0,1,0,0,0,0,8,0,,0,0,0,0,0.0,0,0,0,0,2,0,0,6.6,0,0,0,0,0,0,0,0,0.0,0.0,0,0,0,0,0,0,0.0,0,0,0,0.0,0,0,0,0,0,0.0,1,2,4,6,6.6,0,0,8,0,0,0,Thiago Helguera,Sporting Braga,1490866,2999
0,0,0.0,0,0,0.0,0,1,1,20.0,1,100.0,0,1,0,0,0,0,0,0,0,0,0,0,1,0,0,0,0,0,0,0,0.0,,0,0,0.0,0,0,0,0,0,0,0,0,,0,0.0,0,0,0,4,0,0,0,0,9,0,,0,0,0,0,0.0,0,0,0,0,4,0,0,6.6,0,0,0,0,0,0,0,0,0.0,0.0,0,0,0,0,0,0,0.0,0,0,0,0.0,0,0,0,0,1,100.0,0,4,1,5,6.6,0,0,5,0,0,0,Rodrigo Rodrigues,Gil Vicente,2154588,3010
0,0,0.0,5,0,0.0,8,0,8,88.89,1,100.0,0,1,0,0,0,0,0,0,0,0,0,0,1,0,0,0,0,0,0,0,0.01,,0,0,0.0,0,0,0,0,0,0,0,0,,0,0.0,0,0,0,1,0,0,0,0,12,0,,0,0,0,0,0.0,0,0,0,0,1,0,0,6.6,0,0,0,0,0,0,0,0,0.0,0.0,0,0,0,0,0,0,0.0,0,0,0,0.0,0,0,0,0,1,100.0,0,9,0,9,6.6,0,0,12,0,0,0,Mauro Couto,Sporting CP,1402589,3001
0,0,0.0,0,0,0.0,1,1,2,66.67,0,0.0,0,1,0,0,0,0,0,0,0,0,0,0,1,0,0,0,0,0,0,0,0.0,,1,0,0.0,0,0,0,0,0,0,0,0,,1,100.0,0,0,0,1,0,0,0,0,18,0,,0,0,0,0,0.0,0,0,0,0,2,0,0,6.6,0,0,0,0,0,0,0,0,0.0,0.0,0,0,0,0,0,0,0.0,0,1,1,100.0,0,0,0,0,1,100.0,0,1,2,3,6.6,0,0,6,0,0,0,Tiago Parente,Estoril Praia,1403144,4500
2,0,0.0,4,2,40.0,22,54,76,92.68,2,40.0,3,1,0,0,0,0,1,0,0,0,0,2,1,0,0,0,0,3,0,0,0.01,,1,0,0.0,0,0,0,3,2,1,0,0,,0,0.0,0,0,0,6,1,0,0,1,90,0,,0,0,0,0,0.0,0,0,0,0,6,0,0,6.6,0,0,0,0,0,0,0,0,0.0,0.0,0,0,0,0,0,0,0.0,0,0,0,0.0,0,4,0,0,2,40.0,5,25,57,82,6.6,0,0,88,0,0,0,Nino Galović,FC Arouca,161431,25777
0,0,0.0,0,0,0.0,0,0,0,0.0,1,100.0,0,1,0,0,0,0,0,0,0,0,0,0,1,0,0,0,0,0,0,0,,,0,0,0.0,0,0,0,0,0,0,0,0,,0,0.0,0,0,0,1,0,0,0,0,30,0,,0,0,0,0,0.0,0,0,0,0,1,0,0,6.6,0,0,0,0,0,0,0,0,0.0,0.0,0,0,0,0,0,0,0.0,0,0,0,0.0,0,0,0,0,1,100.0,0,1,0,1,6.6,0,0,2,0,0,0,Leonardo de Oliveira,Famalicão,1195806,49531
0,0,0.0,1,0,0.0,1,1,2,100.0,1,100.0,0,1,0,0,0,0,0,0,0,0,0,3,1,0,0,0,0,1,0,0,0.01,,1,0,0.0,0,0,0,0,0,0,0,0,,0,0.0,0,0,0,0,0,0,0,0,18,0,,0,0,0,0,0.0,0,0,0,0,1,0,0,6.6,0,0,0,0,0,0,0,0,0.0,0.0,0,0,0,0,0,0,0.0,0,0,0,0.0,0,0,0,0,1,50.0,0,1,1,2,6.6,0,0,8,0,0,0,Afonso Freitas,CD Nacional,928812,3013
0,0,0.0,1,3,25.0,1,17,18,66.67,0,0.0,1,1,0,0,0,0,3,0,0,0,0,2,1,0,0,0,0,1,0,0,0.0,,0,0,0.0,9,0,0,2,2,0,0,0,0.73,0,0.0,0,1,0,9,0,0,0,1,90,0,,0,0,0,0,0.0,0,0,0,0,9,0,1,6.6,0,0,0,2,0,2,0,0,0.0,0.0,0,0,0,0,0,0,0.0,0,0,0,0.0,0,0,0,0,0,0.0,12,10,17,27,6.6,0,0,33,0,0,0,Daniel Azevedo,Casa Pia,878493,36365
0,0,0.0,4,0,0.0,8,6,14,100.0,0,0.0,0,2,0,0,0,0,0,0,0,0,0,0,2,0,0,0,0,0,0,0,0.0,,0,0,0.0,0,0,0,0,0,0,0,0,,1,100.0,0,0,0,0,0,0,0,0,20,0,,0,0,0,0,0.0,0,0,0,0,1,0,0,6.6,0,0,0,0,0,0,0,0,0.0,0.0,0,0,0,0,0,1,100.0,0,0,0,0.0,0,0,1,0,1,100.0,0,8,6,14,13.2,0,0,16,0,0,0,Dário Essugo,Sporting CP,1110006,3001
2,0,0.0,0,3,33.33,1,38,39,86.67,0,0.0,0,2,0,0,0,0,11,0,0,0,0,0,2,0,0,0,0,1,0,0,0.0,,1,0,0.0,7,0,0,3,3,0,0,0,0.27,0,0.0,0,1,0,6,0,0,0,2,180,0,,0,0,0,1,0.0,1,0,0,0,6,0,0,6.6,0,0,0,1,4,5,0,1,0.0,0.0,0,0,0,0,0,0,0.0,0,0,0,0.0,0,4,0,0,0,0.0,9,6,39,45,13.2,0,0,58,0,1,0,Cláudio Ramos,FC Porto,116372,3002
0,4,16.67,4,2,100.0,13,4,13,86.67,0,0.0,0,8,0,0,0,0,5,1,0,0,0,1,5,0,0,1,2,8,0,0,0.45,,1,0,0.0,0,0,0,4,4,0,0,0,,4,33.33,0,0,0,2,0,3,0,0,66,0,,0,0,0,0,0.0,0,0,0,0,33,1,0,6.6,0,0,0,0,0,0,0,0,0.0,0.0,0,0,0,0,0,1,20.0,0,2,0,0.0,3,1,5,24,4,33.33,2,35,4,15,33.0,0,0,66,1,1,0,Tiago Dias,Casa Pia,825676,36365
9,3,37.5,37,11,40.74,72,81,150,76.53,4,50.0,4,10,0,0,0,0,25,0,0,0,0,8,10,0,1,5,1,20,0,0,0.13,,7,0,0.0,0,0,0,7,6,1,0,0,,16,50.0,0,0,0,46,2,3,0,5,504,0,,0,0,0,0,0.0,0,0,0,0,69,5,0,6.6,1,0,0,0,0,0,0,0,0.0,0.0,0,0,0,0,0,1,25.0,0,10,4,40.0,3,20,4,8,20,50.0,27,116,88,196,66.0,0,0,274,5,2,0,Iyad Mohamed,Casa Pia,1131015,36365
1,0,0.0,7,1,33.33,8,14,22,45.83,5,45.45,6,11,0,0,0,0,6,0,0,1,0,4,9,0,0,5,2,21,0,0,0.11,0.28,2,0,0.0,0,0,0,4,4,0,0,0,,7,31.82,0,0,0,26,1,1,0,3,285,4,,0,0,0,0,0.0,0,0,0,0,42,3,0,6.6,0,0,0,0,0,0,0,0,0.0,0.0,0,4,3,2,4,1,14.29,0,2,2,100.0,1,4,7,1,12,36.36,3,28,21,48,59.4,7,0,89,4,0,0,Vladislav Morozov,FC Arouca,1009460,25777
0,0,0.0,0,0,0.0,4,3,7,87.5,0,0.0,0,5,0,0,0,0,0,0,0,1,0,0,3,0,0,0,0,1,0,0,0.0,0.02,1,0,0.0,0,0,0,1,1,0,0,0,,2,66.67,0,0,0,1,1,0,0,0,28,0,,0,0,0,0,0.0,0,0,0,0,4,0,0,6.6,0,0,0,0,0,0,0,0,0.0,0.0,0,1,0,0,0,0,0.0,0,1,1,100.0,0,0,0,1,2,66.67,0,6,3,8,19.8,1,0,17,1,0,0,Diego Collado,Gil Vicente,1010551,3010
7,1,12.5,34,11,100.0,79,105,183,88.41,2,40.0,3,8,0,0,0,0,25,1,0,0,0,5,8,0,0,7,3,27,0,0,0.25,0.02,12,0,0.0,0,0,0,12,9,3,0,0,,25,51.02,0,0,0,24,1,4,0,6,499,0,,0,0,0,0,0.0,0,0,0,0,49,2,0,6.6,0,0,0,0,0,0,0,0,0.0,0.0,0,0,1,1,0,3,50.0,0,5,4,80.0,4,13,6,8,27,50.0,11,104,111,207,52.8,1,0,273,17,1,0,Lucas Fernandes,AVS - Futebol SAD,837871,483088
0,0,0.0,0,0,0.0,2,5,7,100.0,0,0.0,0,1,0,0,0,0,0,0,0,0,0,1,1,0,0,0,0,1,0,0,0.0,0.01,1,0,0.0,0,0,0,0,0,0,0,0,,0,0.0,0,0,0,0,0,0,0,0,12,0,,0,0,0,0,0.0,0,0,0,0,0,0,0,6.6,0,0,0,0,0,0,0,0,0.0,0.0,0,1,0,1,0,0,0.0,0,0,0,0.0,0,0,0,0,0,0.0,0,2,5,7,6.6,1,0,9,0,0,0,Jonatás Noro,Sporting Braga,1536297,2999
10,4,22.22,45,12,50.0,107,89,192,75.0,7,41.18,10,19,0,0,0,0,44,4,2,1,1,13,19,0,0,4,13,43,0,0,0.85,0.72,10,0,0.0,0,0,0,17,15,2,0,0,,27,45.0,0,0,0,64,7,11,0,9,822,4,,0,0,0,0,0.0,0,0,0,0,121,8,0,6.59,0,0,0,0,0,0,0,0,0.0,0.0,0,5,2,4,2,5,41.67,0,14,11,78.57,11,22,12,18,34,44.16,24,169,105,256,125.3,7,0,419,8,1,0,Gonçalo Miguel,Boavista,1517733,2995
29,1,50.0,81,48,68.57,238,360,597,88.97,6,46.15,7,24,0,0,0,0,73,0,0,2,2,21,24,0,1,8,17,61,0,0,0.25,0.13,24,0,0.0,0,0,0,22,19,3,0,0,,41,43.16,0,0,0,74,26,3,0,17,1384,0,,0,0,0,0,0.0,0,0,0,0,104,2,0,6.59,1,0,0,0,0,0,0,0,0.0,0.0,0,2,2,2,0,2,28.57,0,25,15,60.0,3,45,7,2,47,43.52,70,286,387,671,158.2,4,0,842,14,3,0,Amine Oudrhiri,CF Estrela Amadora,374560,3035
14,16,26.23,65,29,26.36,203,190,377,65.11,38,50.67,37,28,2,0,0,0,66,1,0,4,5,71,28,0,0,9,9,113,0,1,1.23,0.3,28,0,0.0,0,0,2,39,37,2,0,0,,101,57.06,0,0,0,202,19,12,0,26,2217,0,,0,0,0,0,0.0,0,0,0,0,397,3,0,6.59,0,0,0,0,0,0,0,0,0.0,0.0,0,5,5,4,2,23,41.07,0,40,26,65.0,12,48,56,61,139,55.16,110,392,248,579,184.5,10,0,1224,40,4,0,Nilton Varela,CF Estrela Amadora,998414,3035
5,4,26.67,31,4,26.67,55,39,90,75.0,3,33.33,6,11,0,0,0,0,17,0,1,1,0,5,9,0,0,1,4,18,0,0,0.34,0.26,5,0,0.0,0,0,0,11,11,0,0,0,,16,57.14,0,0,1,30,1,5,0,3,361,1,,0,0,0,0,0.0,0,0,0,0,50,3,0,6.59,0,0,0,0,0,0,0,0,0.0,0.0,0,1,1,1,0,0,0.0,0,9,6,66.67,5,11,2,15,19,51.35,15,90,45,120,59.3,2,0,189,7,0,0,Marco Ribeiro,Boavista,1517734,2995
9,5,20.83,78,12,36.36,161,165,321,80.86,11,55.0,9,26,0,0,0,0,65,1,2,6,0,29,25,0,0,15,7,65,0,0,0.71,0.87,24,0,0.0,0,0,0,21,19,2,0,0,,58,50.88,0,0,0,76,17,7,0,16,1384,6,,0,0,0,1,0.0,0,0,0,0,189,5,0,6.59,0,0,0,0,0,0,0,0,0.0,0.0,0,10,5,5,4,12,48.0,0,22,16,72.73,7,24,25,24,69,51.49,33,231,190,397,164.7,15,0,755,24,3,0,Arvin Appiah,CD Nacional,934229,3013
0,0,0.0,11,1,25.0,17,13,30,68.18,3,37.5,5,8,0,0,0,0,14,0,0,0,0,3,8,0,0,7,4,24,0,0,0.04,0.04,3,0,0.0,0,0,0,4,4,0,0,0,,17,47.22,0,0,0,14,1,2,0,1,195,2,,0,0,0,0,0.0,0,0,0,0,40,3,0,6.59,0,0,0,0,0,0,0,0,0.0,0.0,0,0,1,0,1,3,37.5,0,11,7,63.64,2,3,8,0,20,45.45,4,28,16,44,52.7,1,0,103,3,1,0,Caio Santana,CF Estrela Amadora,1902003,3035
2,0,0.0,17,2,18.18,35,11,46,56.1,21,58.33,15,16,0,0,0,0,11,0,1,1,0,3,15,0,0,4,4,41,0,0,0.27,0.48,19,0,0.0,0,0,0,4,4,0,0,0,,20,43.48,0,0,0,36,6,2,0,1,244,0,,0,0,0,0,0.0,0,0,0,0,55,0,0,6.59,0,0,0,0,0,0,0,0,0.0,0.0,0,2,2,3,0,5,100.0,0,10,5,50.0,2,3,5,2,41,50.0,11,68,16,82,98.8,4,0,146,6,1,0,Daniel Borges,Santa Clara,1117007,3011
1,0,0.0,1,8,42.11,5,65,70,74.47,8,57.14,6,5,0,0,0,0,6,0,0,0,0,27,5,0,0,0,1,10,0,0,0.0,,3,0,0.0,0,0,0,4,4,0,0,0,,3,42.86,0,0,0,24,3,0,0,3,249,0,,0,0,0,0,0.0,0,0,0,0,26,0,0,6.58,0,0,0,0,0,0,0,0,0.0,0.0,0,0,0,0,0,0,0.0,0,3,2,66.67,0,4,0,0,11,52.38,19,16,78,94,32.9,0,0,133,0,2,0,Michel Augusto,Moreirense,1411154,3014
14,0,0.0,66,13,38.24,146,121,267,78.53,9,45.0,11,16,0,0,0,0,61,0,0,0,0,17,15,0,1,18,10,66,0,0,0.22,0.07,14,0,0.0,1,0,0,17,17,0,0,0,,58,51.33,0,0,0,73,12,4,0,9,820,0,,0,0,0,1,0.0,0,0,0,0,123,4,0,6.58,1,0,0,0,0,0,0,0,0.0,0.0,0,0,4,3,1,11,45.83,0,31,19,61.29,4,33,24,3,67,50.38,34,202,141,340,98.7,4,0,537,17,1,0,Zé Carlos,SC Farense,1138915,2998
2,2,9.09,77,7,50.0,127,112,237,78.22,18,40.91,26,24,2,0,0,0,49,1,4,2,1,9,23,0,0,17,13,105,0,0,0.8,1.99,29,0,0.0,0,0,2,18,15,3,0,0,,47,37.3,0,0,0,66,7,8,0,12,1154,5,,0,0,0,0,0.0,0,0,0,0,152,7,0,6.58,0,0,0,0,0,0,0,0,0.0,0.0,0,13,2,7,6,13,37.14,0,16,8,50.0,8,7,35,22,65,38.24,14,189,136,303,151.3,15,0,511,19,2,0,Jordi Mboula,Gil Vicente,826003,3010
6,4,57.14,42,8,53.33,94,61,151,79.47,5,33.33,10,16,0,0,0,0,30,0,0,0,0,6,16,0,0,12,11,51,0,0,0.15,1.19,13,0,20.0,0,1,1,12,11,1,1,0,,25,37.88,0,0,0,39,2,2,1,3,484,1,,0,0,0,0,0.0,0,0,0,0,76,5,0,6.58,0,0,0,0,0,0,0,0,484.0,0.0,0,3,2,4,1,0,0.0,0,15,7,46.67,2,13,6,7,30,37.04,15,126,71,190,105.2,5,0,298,10,1,0,João Graça,Rio Ave,309296,3036
2,0,0.0,11,1,33.33,24,22,46,77.97,5,71.43,2,4,1,0,0,0,11,0,0,0,0,3,4,0,0,3,4,22,0,0,0.07,0.02,2,0,0.0,0,0,1,5,5,0,0,0,,18,47.37,0,0,0,13,2,3,0,4,231,2,,0,0,0,0,0.0,0,0,0,0,41,0,0,6.58,0,0,0,0,0,0,0,0,0.0,0.0,0,0,1,1,0,2,15.38,0,7,4,57.14,3,2,13,2,23,51.11,3,37,24,59,26.3,1,0,124,9,0,0,Gustavo Henrique,CF Estrela Amadora,1066975,3035
1,0,0.0,9,2,40.0,23,37,60,83.33,3,42.86,4,4,0,0,0,0,2,0,0,0,0,2,4,0,0,2,0,14,0,0,0.04,0.02,8,0,0.0,0,0,0,0,0,0,0,0,,10,50.0,0,0,0,12,0,2,0,0,99,0,,0,0,0,0,0.0,0,0,0,0,16,0,0,6.58,0,0,0,0,0,0,0,0,0.0,0.0,0,0,1,1,0,0,0.0,0,7,2,28.57,2,3,1,0,13,48.15,5,32,40,72,26.3,1,0,94,3,0,0,Tiago Brito,Estoril Praia,1651509,4500
7,5,26.32,50,11,55.0,95,55,145,82.86,1,14.29,6,17,0,0,0,0,18,1,0,2,0,2,16,0,0,9,7,40,0,0,0.32,0.28,10,0,0.0,0,0,0,11,8,3,0,0,,28,45.16,0,0,0,30,5,4,0,2,347,0,,0,0,0,0,0.0,0,0,0,0,71,0,0,6.57,0,0,0,0,0,0,0,0,0.0,0.0,2,3,4,4,1,5,38.46,0,17,10,58.82,4,19,13,19,29,42.03,20,135,59,175,105.1,7,0,285,6,0,0,João Teixeira,Gil Vicente,138899,3010
3,0,0.0,20,0,0.0,45,28,73,78.49,15,50.0,15,14,0,0,0,0,8,1,2,2,0,1,12,0,0,6,2,39,0,0,0.36,1.41,7,0,10.0,0,1,1,3,3,0,1,0,,10,29.41,0,0,1,20,0,2,0,5,462,5,,0,0,0,0,0.0,0,0,0,0,54,1,0,6.57,0,1,0,0,0,0,0,0,462.0,0.0,0,6,4,6,2,5,35.71,0,0,0,0.0,2,3,14,0,25,39.06,0,63,30,93,78.8,10,0,160,5,0,0,Deniz Gül,FC Porto,1407720,3002
0,0,0.0,9,1,50.0,24,11,35,64.81,11,27.5,29,11,0,0,0,0,12,0,2,1,0,9,9,0,0,4,1,42,0,0,0.04,0.73,8,0,14.29,0,1,1,3,3,0,1,0,,5,27.78,1,0,0,19,0,3,0,4,366,2,,0,0,0,0,0.0,0,0,0,0,45,4,0,6.57,0,0,0,0,0,0,0,0,366.0,0.0,0,6,1,4,2,1,25.0,0,1,1,100.0,3,0,4,0,16,27.59,2,38,16,54,59.1,7,0,115,4,0,0,Samuel Obeng,Casa Pia,950142,36365
2,0,0.0,7,0,0.0,10,8,18,64.29,4,50.0,4,7,0,0,0,0,6,0,1,1,0,3,6,0,0,1,3,11,0,0,0.32,0.16,3,0,0.0,0,0,0,5,5,0,0,0,,6,46.15,0,0,0,10,0,1,0,2,166,0,,0,0,0,0,0.0,0,0,0,0,20,0,0,6.57,0,0,0,0,0,0,0,0,0.0,0.0,0,1,1,0,1,1,50.0,0,3,1,33.33,1,2,2,2,10,47.62,1,21,9,28,39.4,2,0,52,2,0,0,Oluwakorede Osundina,Casa Pia,1190517,36365
7,9,34.62,17,8,38.1,46,33,70,75.27,3,60.0,2,3,0,0,0,0,11,0,0,0,0,6,3,0,0,3,3,13,0,0,0.48,0.04,3,0,0.0,0,0,0,7,7,0,0,0,,6,35.29,0,0,0,23,3,6,0,3,252,0,,0,0,0,0,0.0,0,0,0,0,64,0,0,6.57,0,0,0,0,0,0,0,0,0.0,0.0,1,0,1,1,0,0,0.0,0,6,2,33.33,6,19,2,26,9,40.91,21,81,38,93,19.7,1,0,185,0,0,0,Talys,SC Farense,913907,2998
2,0,0.0,18,6,54.55,49,58,107,78.68,6,37.5,10,10,0,0,0,0,25,1,0,3,0,7,10,0,0,6,4,31,0,0,0.08,0.27,5,0,14.29,0,1,1,8,7,1,1,0,,14,40.0,0,0,0,29,7,2,0,5,403,0,,1,0,0,0,0.0,0,0,0,0,49,1,0,6.56,0,1,0,0,0,0,0,0,403.0,0.0,0,2,5,3,1,2,25.0,0,6,4,66.67,2,4,8,0,20,39.22,11,71,65,136,65.6,7,0,203,6,3,0,Theofanis Bakoulas,Rio Ave,1562121,3036
1,1,33.33,9,2,66.67,19,7,25,80.65,1,14.29,6,11,0,0,0,0,3,0,0,1,0,0,10,0,0,1,1,11,0,0,0.11,0.2,3,0,0.0,0,0,0,4,4,0,0,0,,3,37.5,0,0,0,6,0,1,0,0,149,1,,0,0,0,0,0.0,0,0,0,0,13,1,0,6.56,0,0,0,0,0,0,0,0,0.0,0.0,0,2,2,2,1,1,50.0,0,1,1,100.0,1,2,2,3,4,26.67,3,26,8,31,65.6,4,0,53,1,0,0,Tiago Machado,Boavista,1494437,2995
7,8,20.51,56,15,71.43,100,61,153,78.06,4,33.33,8,22,0,0,0,0,39,1,0,5,0,3,22,0,0,21,5,79,0,0,1.0,0.57,21,0,0.0,0,0,0,13,11,2,0,0,,53,42.74,0,0,0,43,5,9,0,12,919,2,,0,0,0,0,0.0,0,0,0,0,149,5,0,6.56,0,0,0,0,0,0,0,0,0.0,0.0,0,5,10,8,2,10,27.78,0,11,8,72.73,9,15,36,39,57,41.91,21,164,71,196,144.3,15,0,415,32,4,0,Rochinha,Famalicão,352874,49531
11,3,16.67,42,18,47.37,95,145,237,82.01,7,77.78,2,11,0,0,0,0,26,2,0,0,0,12,9,0,0,3,5,24,0,0,0.41,,8,0,0.0,0,0,0,8,7,1,0,0,,14,38.89,0,0,0,52,2,3,0,6,532,1,,0,0,0,0,0.0,0,0,0,0,86,2,0,6.56,0,0,0,0,0,0,0,0,0.0,0.0,0,0,0,0,0,3,33.33,0,6,3,50.0,3,20,9,18,21,46.67,38,141,166,289,59.0,0,0,416,5,2,0,Kazu,Gil Vicente,1047648,3010
26,3,30.0,37,16,34.78,105,184,286,73.71,6,60.0,4,11,1,0,0,0,39,1,0,0,0,17,11,0,0,5,10,33,0,1,0.49,0.01,7,0,0.0,0,0,1,20,18,2,0,0,,40,57.97,0,0,0,102,13,5,0,9,800,0,,0,0,0,0,0.0,0,0,0,0,160,1,0,6.55,0,0,0,0,0,0,0,0,0.0,0.0,0,1,0,1,0,5,41.67,0,24,14,58.33,5,50,12,10,46,58.23,46,163,235,388,72.1,1,0,640,11,1,0,Tomás Tavares,AVS - Futebol SAD,949830,483088
1,0,0.0,10,0,0.0,16,18,34,70.83,10,50.0,10,4,1,0,0,0,12,1,1,1,0,4,4,0,0,3,0,21,0,0,0.6,1.12,4,0,0.0,0,0,1,6,6,0,0,0,,6,35.29,0,0,0,14,0,1,0,3,242,0,,0,0,0,0,0.0,0,0,0,0,30,0,0,6.55,1,0,0,0,0,0,0,0,0.0,0.0,0,6,2,4,3,0,0.0,0,1,1,100.0,1,2,4,3,16,43.24,1,27,24,48,26.2,8,0,93,5,0,1,Samuel Granada,AVS - Futebol SAD,1101313,483088
0,0,0.0,5,0,0.0,10,6,16,88.89,1,100.0,0,2,0,0,0,0,0,0,0,0,0,0,2,0,0,0,0,1,0,0,0.01,,2,0,0.0,0,0,0,0,0,0,0,0,,1,50.0,0,0,0,2,0,0,0,0,22,0,,0,0,0,0,0.0,0,0,0,0,2,0,0,6.55,0,0,0,0,0,0,0,0,0.0,0.0,0,0,0,0,0,0,0.0,0,0,0,0.0,0,0,0,0,2,66.67,0,12,6,18,13.1,0,0,19,1,1,0,Nuno Félix,Benfica,1142231,3006
1,0,0.0,1,7,38.89,5,19,24,68.57,0,0.0,0,2,0,0,0,0,8,0,0,0,0,1,2,0,1,0,0,0,0,0,0.0,,0,0,0.0,7,0,0,4,4,0,0,0,-1.07,0,0.0,0,0,0,11,0,0,0,1,135,0,,0,0,0,0,0.0,2,0,0,0,11,0,0,6.55,1,0,1,1,2,3,0,1,0.0,0.0,0,0,0,0,0,0,0.0,1,0,0,0.0,0,2,0,0,0,0.0,18,10,25,35,13.1,0,0,41,0,1,0,Rui Encarnação,CD Nacional,1049407,3013
0,0,0.0,5,0,0.0,7,0,7,77.78,0,0.0,2,2,0,0,0,0,1,0,0,2,0,0,2,0,0,0,0,4,0,0,0.01,0.08,1,0,0.0,0,0,0,0,0,0,0,0,,1,33.33,0,0,0,2,0,0,0,0,39,0,,0,0,0,0,0.0,0,0,0,0,5,0,0,6.55,0,0,0,0,0,0,0,0,0.0,0.0,0,2,0,0,0,0,0.0,0,0,0,0.0,0,0,1,2,1,20.0,0,11,0,9,13.1,2,0,16,1,0,0,André Candeias,SC Farense,1513679,2998
65,7,15.56,109,68,39.53,274,439,706,75.91,18,52.94,16,27,0,0,0,0,95,0,0,7,4,71,27,0,0,6,10,58,0,2,0.72,0.22,13,0,0.0,0,0,0,44,39,5,0,0,,50,54.35,0,0,1,224,26,8,0,26,2230,1,,1,0,0,0,0.0,0,0,0,0,315,4,0,6.55,0,0,0,0,0,0,0,0,0.0,0.0,0,1,9,0,3,12,46.15,0,29,16,55.17,8,132,26,45,68,53.97,172,447,528,930,176.8,10,0,1306,10,3,0,Filipe Ferreira,Boavista,143584,2995
0,1,33.33,17,1,50.0,33,12,44,80.0,1,25.0,3,5,0,0,0,0,8,0,2,3,0,2,5,0,0,6,0,15,0,0,0.1,1.07,1,0,12.5,0,1,1,3,3,0,1,0,,8,40.0,0,0,0,11,1,2,0,2,189,1,,0,0,0,0,0.0,0,0,0,0,33,1,0,6.54,0,1,0,0,0,0,0,0,189.0,0.0,0,6,2,3,2,2,28.57,0,2,0,0.0,2,2,7,3,9,37.5,2,44,14,55,32.7,8,0,103,4,0,0,Gerson Rodrigues,AVS - Futebol SAD,842565,483088
3,5,27.78,35,5,45.45,65,20,80,67.8,17,36.17,30,13,0,0,0,0,20,0,3,0,0,13,13,0,0,15,7,95,0,1,0.64,1.86,26,0,7.69,0,1,1,12,12,0,1,0,,33,33.67,0,0,0,38,1,6,0,8,689,15,,0,0,0,0,0.0,0,0,0,0,133,6,0,6.54,0,1,0,0,0,0,0,0,689.0,0.0,0,12,1,9,4,16,45.71,0,7,5,71.43,6,7,35,18,50,34.48,11,107,29,118,85.0,13,0,312,10,4,0,Chico Banza,CF Estrela Amadora,929957,3035
9,19,28.36,82,16,22.86,186,169,336,68.71,15,46.88,17,30,1,0,0,0,70,3,2,8,1,57,30,0,0,9,21,91,0,0,2.29,0.8,27,0,0.0,0,0,1,20,16,4,0,0,,47,38.84,0,0,1,153,15,17,0,18,1668,0,,0,1,0,0,0.0,0,0,0,0,285,4,0,6.54,1,0,0,0,0,0,0,0,0.0,0.0,0,8,9,3,6,5,21.74,0,30,21,70.0,16,33,23,67,62,40.52,70,338,218,489,196.1,17,0,941,13,6,1,Lucas Soares,Santa Clara,991358,3011
1,0,0.0,2,0,0.0,7,1,8,61.54,0,0.0,0,3,0,0,0,0,4,0,0,0,0,0,3,0,0,2,2,4,0,0,0.01,,1,0,0.0,0,0,0,0,0,0,0,0,,4,50.0,0,0,0,5,0,0,0,0,35,0,,0,0,0,0,0.0,0,0,0,0,10,1,0,6.53,0,0,0,0,0,0,0,0,0.0,0.0,0,0,0,0,0,1,100.0,0,2,0,0.0,0,2,1,2,4,50.0,0,14,1,13,19.6,0,0,25,1,0,0,João Rêgo,Benfica,1158353,3006
1,4,21.05,15,3,60.0,30,5,31,73.81,2,66.67,1,7,0,0,0,0,6,0,0,2,0,1,6,0,0,2,3,17,0,0,0.2,0.12,4,0,0.0,0,0,0,0,0,0,0,0,,4,20.0,0,0,0,11,0,2,0,0,122,0,,0,0,0,0,0.0,0,0,0,0,41,1,0,6.53,0,0,0,0,0,0,0,0,0.0,0.0,0,1,3,0,2,1,12.5,0,2,2,100.0,2,4,8,19,6,26.09,5,56,5,42,39.2,4,0,93,1,1,0,Bruno Almeida,Santa Clara,941314,3011
0,1,33.33,5,0,0.0,8,6,13,86.67,1,100.0,0,3,0,0,0,0,2,0,0,1,0,0,3,0,0,2,0,4,0,0,0.05,0.03,0,0,0.0,0,0,0,3,3,0,0,0,,4,50.0,0,0,0,2,1,1,0,1,60,0,,0,0,0,0,0.0,0,0,0,0,9,1,0,6.53,0,0,0,0,0,0,0,0,0.0,0.0,0,0,1,0,0,1,33.33,0,3,2,66.67,1,0,3,3,5,55.56,0,12,6,15,19.6,1,0,31,0,0,0,Mamede,CF Estrela Amadora,1087353,3035
13,2,66.67,47,16,64.0,104,104,206,84.43,2,22.22,7,10,0,0,0,0,25,0,0,2,0,8,10,0,0,7,8,45,0,0,0.29,0.04,19,0,0.0,0,0,0,12,10,2,0,0,,30,44.12,0,0,0,38,7,4,0,7,597,0,,0,0,0,0,0.0,0,0,0,0,59,2,0,6.53,0,0,0,0,0,0,0,0,0.0,0.0,0,0,2,0,0,4,44.44,0,8,3,37.5,4,20,9,3,32,41.56,25,127,120,244,65.3,2,0,345,18,4,0,Michel Costa,Estoril Praia,1015938,4500
4,2,66.67,11,5,83.33,26,16,40,83.33,2,40.0,3,12,0,0,0,0,10,1,1,2,0,4,12,0,0,4,6,16,0,0,0.17,0.54,2,0,0.0,0,0,0,4,3,1,0,0,,8,38.1,0,0,0,8,1,2,0,0,170,0,,0,0,0,0,0.0,0,0,0,0,22,1,0,6.53,0,0,0,0,0,0,0,0,0.0,0.0,0,2,4,3,1,2,50.0,0,2,2,100.0,2,6,4,3,10,38.46,6,35,16,48,78.3,6,0,94,4,0,0,Israel Salazar,Estoril Praia,1090194,4500
0,0,0.0,3,0,0.0,9,12,21,75.0,0,0.0,2,5,0,0,0,0,4,0,1,0,0,1,4,0,0,2,1,9,0,0,0.01,0.02,1,0,0.0,0,0,0,1,1,0,0,0,,6,46.15,0,0,0,7,1,0,0,0,91,0,,0,0,0,0,0.0,0,0,0,0,15,0,0,6.53,0,0,0,0,0,0,0,0,0.0,0.0,0,1,0,0,1,2,40.0,0,2,1,50.0,0,2,5,0,6,40.0,1,15,13,28,26.1,1,0,52,2,0,0,Tim Sousa,Rio Ave,1959880,3036
7,1,25.0,49,13,30.95,121,195,315,76.83,18,46.15,21,21,0,0,0,0,46,1,2,1,3,48,21,0,1,2,12,55,2,2,0.2,0.89,19,0,0.0,1,0,0,27,25,2,0,0,,63,64.95,0,0,0,95,16,6,0,18,1458,2,,0,0,0,0,0.0,0,0,0,0,138,1,0,6.52,1,0,0,0,0,0,0,0,0.0,0.0,0,5,1,5,0,9,75.0,0,41,24,58.54,6,18,12,4,81,59.56,42,184,230,410,137.0,6,0,729,13,7,0,Pedro Gomes,Boavista,1393993,2995
7,3,60.0,80,12,75.0,121,88,206,70.79,25,32.47,52,31,2,0,0,0,36,3,4,6,0,10,30,0,1,30,11,142,0,0,0.99,3.67,24,0,10.71,0,3,5,18,14,4,3,0,,41,31.3,1,0,0,85,3,12,0,16,1356,4,,0,0,0,0,0.0,0,0,0,0,210,5,0,6.52,1,2,0,0,0,0,0,0,452.0,0.0,0,19,9,15,7,16,37.21,0,4,3,75.0,12,10,43,5,66,31.73,16,190,106,291,195.5,28,0,540,22,2,0,Jorge Aguirre,Gil Vicente,1085371,3010
1,1,50.0,12,1,50.0,20,8,27,54.0,9,45.0,11,8,0,0,0,0,5,0,0,1,0,6,6,0,0,4,1,26,0,0,0.09,0.06,7,0,0.0,0,0,0,11,11,0,0,0,,13,46.43,0,0,0,23,4,1,0,4,317,2,,0,0,0,0,0.0,0,0,0,0,40,2,0,6.52,0,0,0,0,0,0,0,0,0.0,0.0,0,0,3,0,2,0,0.0,0,4,3,75.0,1,3,3,2,22,45.83,2,40,12,50,39.1,3,0,104,9,1,0,Manuel Namora,Boavista,892423,2995
0,0,0.0,6,1,100.0,10,8,18,56.25,6,50.0,6,7,0,0,0,0,1,0,0,0,0,3,7,0,0,5,0,17,0,0,0.01,0.07,5,0,0.0,0,0,0,2,2,0,0,0,,3,21.43,0,0,0,14,0,0,0,0,155,1,,0,0,0,0,0.0,0,0,0,0,24,0,0,6.51,0,0,0,0,0,0,0,0,0.0,0.0,0,2,0,1,1,0,0.0,0,0,0,0.0,0,0,2,0,9,34.62,1,18,14,32,45.6,2,0,55,3,0,0,Dyego Sousa,CD Nacional,128360,3013
2,1,12.5,13,0,0.0,18,5,22,53.66,2,22.22,7,11,0,0,0,0,10,0,0,2,0,0,10,0,0,6,2,28,0,0,0.2,0.16,4,0,0.0,0,0,0,8,8,0,0,0,,21,50.0,0,0,0,19,0,2,0,2,362,3,,0,0,0,0,0.0,0,0,0,0,59,0,0,6.51,0,0,0,0,0,0,0,0,0.0,0.0,0,2,1,0,1,7,41.18,0,1,0,0.0,2,7,17,8,23,45.1,5,40,9,41,65.1,3,0,119,13,0,0,Gboly Ariyibi,Boavista,370644,2995
0,2,20.0,25,0,0.0,54,22,74,82.22,1,12.5,7,12,0,0,0,0,18,0,0,2,0,2,12,0,0,8,3,35,0,0,0.2,0.45,4,0,20.0,0,1,1,6,6,0,1,0,,19,40.43,0,0,0,16,1,3,1,4,430,2,,0,0,0,0,0.0,0,0,0,0,60,3,0,6.5,0,0,0,0,0,0,0,0,430.0,0.0,0,3,2,1,2,2,12.5,0,5,3,60.0,3,2,16,10,20,36.36,3,75,25,90,78.0,5,0,179,12,0,0,Joel Jorquera,Moreirense,1084416,3014
0,0,0.0,1,0,0.0,2,1,3,100.0,0,0.0,2,1,0,0,0,0,0,0,0,0,0,0,1,0,0,1,0,5,0,0,0.03,,2,0,0.0,0,0,0,1,1,0,0,0,,1,25.0,0,0,0,0,0,0,0,0,20,0,,0,0,0,0,0.0,0,0,0,0,3,0,0,6.5,0,0,0,0,0,0,0,0,0.0,0.0,0,0,0,0,0,0,0.0,0,0,0,0.0,0,0,0,0,1,16.67,0,2,1,3,6.5,0,0,7,1,0,0,Simon Banza,Sporting Braga,825945,2999
1,0,0.0,1,1,33.33,1,27,28,90.32,1,100.0,0,1,0,0,0,0,10,0,0,0,0,3,1,0,1,0,0,1,0,0,0.0,,1,0,0.0,3,0,0,1,1,0,0,0,-0.23,0,0.0,0,0,0,3,0,0,0,1,90,0,,0,0,0,1,0.0,1,0,0,0,4,0,1,6.5,1,0,2,0,1,1,0,0,0.0,0.0,0,0,0,0,0,0,0.0,2,0,0,0.0,0,1,0,0,1,50.0,3,2,29,31,6.5,0,0,39,0,0,0,Ricardo Batista,Casa Pia,9668,36365
0,0,0.0,0,0,0.0,1,7,8,100.0,0,0.0,0,1,0,0,0,0,0,0,0,0,0,0,1,0,0,0,0,1,0,0,0.0,,1,0,0.0,0,0,0,1,1,0,0,0,,2,66.67,0,0,0,0,0,0,0,0,17,0,,0,0,0,0,0.0,0,0,0,0,0,0,0,6.5,0,0,0,0,0,0,0,0,0.0,0.0,0,0,0,0,0,0,0.0,0,2,2,100.0,0,0,0,0,2,66.67,0,1,7,8,6.5,0,0,11,0,1,0,Francisco Gonçalves,CD Nacional,1394244,3013
0,0,0.0,0,0,0.0,0,2,2,100.0,0,0.0,0,1,0,0,0,0,1,0,0,0,0,0,1,0,0,0,0,0,0,0,0.0,,0,0,0.0,0,0,0,0,0,0,0,0,,0,0.0,0,0,0,0,0,0,0,0,8,0,,0,0,0,0,0.0,0,0,0,0,0,0,0,6.5,0,0,0,0,0,0,0,0,0.0,0.0,0,0,0,0,0,0,0.0,0,0,0,0.0,0,0,0,0,0,0.0,0,0,2,2,6.5,0,0,2,0,0,0,Mika,Moreirense,107264,3014
0,0,0.0,2,0,0.0,6,3,9,90.0,0,0.0,0,1,0,0,0,0,1,0,0,0,0,1,1,0,0,0,0,1,0,0,0.0,,1,0,0.0,0,0,0,0,0,0,0,0,,0,0.0,0,0,0,1,0,0,0,0,12,0,,0,0,0,0,0.0,0,0,0,0,1,0,0,6.5,0,0,0,0,0,0,0,0,0.0,0.0,0,0,0,0,0,0,0.0,0,0,0,0.0,0,0,0,0,0,0.0,1,7,3,10,6.5,0,0,11,0,0,0,Fran Pereira,Estoril Praia,1103929,4500
0,0,0.0,4,0,0.0,6,6,12,92.31,0,0.0,0,3,0,0,0,0,1,0,0,0,0,0,2,0,0,0,0,2,0,0,0.01,,2,0,0.0,0,0,0,0,0,0,0,0,,0,0.0,0,0,0,1,0,0,0,0,17,0,,0,0,0,0,0.0,0,0,0,0,4,0,0,6.5,0,0,0,0,0,0,0,0,0.0,0.0,0,0,0,0,0,0,0.0,0,0,0,0.0,0,0,0,2,0,0.0,0,8,7,13,13.0,0,0,20,0,0,0,Issa Kaboré,Benfica,1006189,3006
1,0,0.0,5,4,66.67,15,24,39,86.67,1,33.33,2,3,0,0,0,0,5,0,0,0,0,1,2,0,0,3,2,9,0,1,0.01,,2,0,0.0,0,0,0,1,1,0,0,0,,6,46.15,0,0,0,6,0,1,0,1,98,0,,0,0,0,0,0.0,0,0,0,0,13,1,0,6.5,0,0,0,0,0,0,0,0,0.0,0.0,0,0,0,0,0,2,100.0,0,1,1,100.0,1,4,2,0,7,43.75,6,20,25,45,13.0,0,0,63,3,1,0,Renato Nhaga,Casa Pia,2119726,36365
3,0,0.0,17,8,36.36,43,59,102,73.38,7,87.5,1,4,0,0,0,0,22,0,0,0,1,9,4,0,0,4,6,19,0,0,0.06,0.1,3,0,0.0,0,0,0,7,7,0,0,0,,10,35.71,0,0,0,37,7,0,0,4,335,0,,0,0,0,0,0.0,0,0,0,0,84,2,0,6.5,0,0,0,0,0,0,0,0,0.0,0.0,0,1,2,3,0,1,16.67,0,6,5,83.33,0,9,6,13,17,47.22,22,78,74,139,26.0,3,0,252,3,1,0,Léo Alaba,AVS - Futebol SAD,1105945,483088
0,0,0.0,6,0,0.0,12,16,28,73.68,3,50.0,3,6,0,0,0,0,8,0,0,0,0,1,6,0,0,3,3,13,0,0,0.03,0.07,3,0,0.0,0,0,0,5,5,0,0,0,,4,28.57,0,0,0,10,0,0,0,1,177,1,,0,0,0,0,0.0,0,0,0,0,17,1,0,6.5,0,0,0,0,0,0,0,0,0.0,0.0,0,1,1,0,2,0,0.0,0,3,2,66.67,0,1,1,0,7,35.0,3,20,18,38,39.0,2,0,58,1,0,0,Gio Almeida,SC Farense,1890492,2998
0,0,0.0,2,0,0.0,3,4,7,46.67,1,12.5,7,10,0,0,0,0,7,0,0,1,0,0,10,0,0,4,3,28,0,0,0.01,0.05,10,0,0.0,0,0,0,4,4,0,0,0,,13,38.24,0,0,0,8,1,1,0,0,125,3,,0,0,0,0,0.0,0,0,0,0,27,1,0,6.5,0,0,0,0,0,0,0,0,0.0,0.0,0,1,0,0,0,2,33.33,0,2,2,100.0,1,1,6,5,14,33.33,1,13,7,15,65.0,1,0,55,9,4,0,Yair Mena,AVS - Futebol SAD,972823,483088
3,0,0.0,11,11,50.0,47,82,129,82.69,17,70.83,7,6,0,0,0,0,15,0,0,0,1,22,6,0,0,1,1,20,0,0,0.03,0.05,12,0,0.0,0,0,0,4,4,0,0,0,,4,23.53,0,0,0,27,2,1,0,4,337,0,,0,0,0,2,0.0,0,0,0,0,29,0,0,6.5,0,0,0,0,0,0,0,0,0.0,0.0,0,2,0,1,1,1,100.0,0,2,0,0.0,1,7,1,0,21,51.22,22,63,93,156,39.0,2,0,191,1,2,0,Guilherme Ramos,Santa Clara,827192,3011
0,0,0.0,1,1,33.33,2,8,10,58.82,0,0.0,1,3,0,0,0,0,3,0,0,0,0,0,3,0,0,1,0,7,0,0,0.0,0.02,6,0,0.0,0,0,0,2,2,0,0,0,,2,25.0,0,0,0,7,0,0,0,0,88,0,,0,0,0,0,0.0,0,0,0,0,8,1,0,6.5,0,0,0,0,0,0,0,0,0.0,0.0,0,0,1,1,0,1,100.0,0,1,0,0.0,0,2,1,0,2,22.22,3,9,8,17,19.5,1,0,28,0,2,0,Tiago Galletto,AVS - Futebol SAD,1018546,483088
0,0,0.0,0,0,0.0,3,2,5,100.0,0,0.0,0,1,0,0,0,0,1,0,0,0,0,0,1,0,0,0,0,0,0,0,0.0,0.01,0,0,0.0,0,0,0,1,1,0,0,0,,0,0.0,0,0,0,0,0,0,0,0,16,0,,0,0,0,0,0.0,0,0,0,0,0,0,0,6.5,0,0,0,0,0,0,0,0,0.0,0.0,0,0,1,1,0,0,0.0,0,0,0,0.0,0,0,0,0,0,0.0,0,3,2,5,6.5,1,0,6,0,0,0,Jota,CD Nacional,231764,3013
1,0,0.0,50,1,50.0,72,15,87,82.86,2,40.0,3,8,0,0,0,0,12,0,0,5,0,2,7,0,0,15,5,41,0,0,0.35,0.7,5,0,0.0,0,0,0,1,0,1,0,0,,14,26.92,0,0,0,18,0,4,0,4,287,0,,0,0,0,0,0.0,0,0,0,0,72,4,0,6.49,0,0,0,0,0,0,0,0,0.0,0.0,0,6,8,8,1,6,31.58,0,3,2,66.67,4,3,19,8,16,28.07,2,97,16,105,45.4,14,0,208,5,1,0,Gianluca Prestianni,Benfica,1201395,3006
0,0,0.0,11,0,0.0,20,6,26,72.22,0,0.0,1,5,0,0,0,0,4,0,1,2,0,0,5,0,0,1,0,8,0,0,0.05,0.18,3,0,0.0,0,0,0,1,1,0,0,0,,7,50.0,0,0,0,10,1,1,0,1,131,0,,0,0,0,0,0.0,0,0,0,0,25,0,0,6.48,0,0,0,0,0,0,0,0,0.0,0.0,0,1,2,1,0,0,0.0,0,3,2,66.67,1,0,3,1,7,46.67,1,27,10,36,32.4,3,0,69,4,1,0,Otso Liimatta,Famalicão,1123032,49531
1,0,0.0,18,0,0.0,26,13,39,67.24,6,26.09,17,9,0,0,0,0,9,0,0,0,0,7,9,0,0,5,2,42,0,0,0.18,0.06,11,0,0.0,0,0,0,5,5,0,0,0,,11,30.56,0,0,0,19,1,3,0,4,403,3,,0,0,0,0,0.0,0,0,0,0,47,1,0,6.48,0,0,0,0,0,0,0,0,0.0,0.0,0,1,0,1,0,2,20.0,0,3,0,0.0,3,2,10,0,17,28.81,2,43,15,58,58.3,1,0,123,7,1,0,Álex Millán,SC Farense,1010550,2998
1,0,0.0,2,0,0.0,3,7,10,62.5,2,66.67,1,3,0,0,0,0,3,0,1,2,0,0,3,0,0,0,1,7,0,0,0.02,0.27,2,0,0.0,0,0,0,3,3,0,0,0,,5,45.45,0,0,0,6,0,2,0,0,86,0,,0,0,0,0,0.0,0,0,0,0,14,0,0,6.47,0,0,0,0,0,0,0,0,0.0,0.0,0,3,1,2,0,0,0.0,0,2,1,50.0,2,2,3,0,7,50.0,1,9,7,16,19.4,4,0,35,3,0,0,Gabriel Santos,CD Nacional,1010620,3013
0,0,0.0,7,0,0.0,13,11,24,72.73,4,66.67,2,12,0,0,0,0,5,0,0,0,0,1,8,0,0,4,2,17,0,0,0.04,,6,0,0.0,0,0,0,2,2,0,0,0,,7,31.82,0,0,0,9,0,0,0,0,108,0,,0,0,0,0,0.0,0,0,0,0,17,0,0,6.46,0,0,0,0,0,0,0,0,0.0,0.0,0,0,0,0,0,1,25.0,0,3,2,66.67,0,2,4,0,11,39.29,0,20,13,33,51.7,0,0,55,3,1,0,Samuel Lobato,Famalicão,1087360,49531
1,3,21.43,34,2,50.0,69,36,102,77.27,4,22.22,14,21,0,0,0,0,19,0,0,2,0,3,21,0,0,4,12,48,2,0,0.24,0.15,12,0,0.0,0,0,0,10,8,2,0,0,,25,42.37,0,0,0,30,3,5,0,5,582,1,,0,1,0,0,0.0,0,0,0,0,77,3,0,6.45,0,0,0,0,0,0,0,0,0.0,0.0,0,3,2,3,0,3,30.0,0,12,7,58.33,4,6,10,14,29,37.66,4,101,45,132,135.5,5,0,241,10,4,0,Pedro Santos,Moreirense,1120040,3014
1,1,6.67,20,2,18.18,45,40,84,61.31,14,70.0,6,13,1,0,0,0,20,0,0,1,0,23,12,0,0,5,4,19,0,1,0.05,0.13,3,0,0.0,0,0,1,16,16,0,0,0,,14,51.85,0,0,0,53,2,1,0,7,557,1,,0,0,0,0,0.0,0,0,0,0,120,2,0,6.45,0,0,0,0,0,0,0,0,0.0,0.0,0,1,1,0,1,5,83.33,0,9,6,66.67,1,5,6,15,28,59.57,11,97,55,137,77.4,2,0,316,1,0,0,Augusto Dabo,Boavista,1394721,2995
0,0,0.0,2,3,30.0,4,16,20,71.43,0,0.0,1,2,0,0,0,0,2,0,0,0,0,4,2,0,0,0,1,2,0,0,0.0,,0,0,0.0,0,0,0,3,2,1,0,0,,1,50.0,0,0,0,8,1,0,0,0,74,0,,0,0,0,0,0.0,0,0,0,0,9,0,0,6.45,0,0,0,0,0,0,0,0,0.0,0.0,0,0,0,0,0,0,0.0,0,0,0,0.0,0,3,0,0,1,33.33,10,11,17,28,12.9,0,0,39,1,0,0,Diogo Pereira,Gil Vicente,2046131,3010
0,0,0.0,5,0,0.0,12,3,15,93.75,0,0.0,0,3,0,0,0,0,4,0,1,0,0,0,2,0,0,1,0,2,0,0,0.01,,0,0,0.0,0,0,0,2,2,0,0,0,,3,60.0,0,0,0,1,0,0,0,0,55,0,,0,0,0,0,0.0,0,0,0,0,6,0,0,6.45,0,0,0,0,0,0,0,0,0.0,0.0,0,0,0,0,0,1,50.0,0,0,0,0.0,0,0,2,0,3,60.0,0,12,4,16,12.9,0,0,26,2,0,0,Tobias Medina,Rio Ave,1485103,3036
7,1,25.0,27,5,33.33,47,28,74,81.32,1,20.0,4,5,0,0,0,0,15,0,1,0,0,4,5,0,0,2,2,10,0,1,0.27,0.22,1,0,0.0,0,0,0,5,4,1,0,0,,4,40.0,0,0,0,17,0,1,0,2,219,1,,0,0,0,0,0.0,0,0,0,0,26,2,0,6.44,0,0,0,0,0,0,0,0,0.0,0.0,0,1,1,1,1,0,0.0,0,2,2,100.0,1,11,1,4,5,33.33,15,65,30,91,32.2,2,0,118,2,0,0,Samuel Justo,SC Farense,1153077,2998
0,0,0.0,1,1,20.0,4,9,13,59.09,1,100.0,0,5,0,0,0,0,4,0,0,0,0,2,5,0,0,1,1,2,0,0,0.0,0.05,0,0,0.0,0,0,0,1,1,0,0,0,,0,0.0,0,0,0,9,1,0,0,0,87,0,,0,0,0,0,0.0,0,0,0,0,18,0,0,6.44,0,0,0,0,0,0,0,0,0.0,0.0,0,0,1,1,0,0,0.0,0,0,0,0.0,0,1,0,2,1,33.33,5,11,13,22,32.2,1,0,42,0,0,0,Tomás Silva,Boavista,1906695,2995
14,2,9.09,33,20,37.74,88,124,210,75.0,6,40.0,9,11,0,0,0,0,43,0,0,2,1,22,11,0,0,10,3,57,1,1,0.3,0.05,27,0,0.0,0,0,0,14,10,4,0,0,,36,42.86,0,0,0,70,12,2,0,8,702,0,,0,0,0,1,0.0,0,0,0,0,136,0,0,6.44,0,0,0,0,0,0,0,0,0.0,0.0,0,0,2,0,0,10,52.63,0,12,9,75.0,2,25,19,22,42,42.42,53,152,150,280,70.8,2,0,512,15,2,0,Fabiano Souza,Moreirense,1130513,3014
0,0,0.0,3,0,0.0,4,2,6,66.67,3,30.0,7,3,0,0,0,0,0,0,0,0,0,0,3,0,0,2,1,13,0,0,0.01,,0,0,0.0,0,0,0,1,1,0,0,0,,1,14.29,0,0,0,3,1,1,0,0,63,0,,0,0,0,0,0.0,0,0,0,0,9,0,0,6.43,0,0,0,0,0,0,0,0,0.0,0.0,0,0,0,0,0,0,0.0,0,1,0,0.0,1,0,3,1,4,23.53,0,6,4,9,19.3,0,0,23,1,0,0,Cuba,SC Farense,1170637,2998
1,0,0.0,4,2,66.67,10,19,29,85.29,2,50.0,2,4,0,0,0,0,3,0,0,0,0,0,4,0,0,1,0,5,0,0,0.02,,2,0,0.0,0,0,0,1,1,0,0,0,,1,25.0,0,0,0,5,0,0,0,0,50,0,,0,0,0,0,0.0,0,0,0,0,8,0,0,6.43,0,0,0,0,0,0,0,0,0.0,0.0,0,0,0,0,0,0,0.0,0,1,0,0.0,0,2,0,0,3,37.5,3,11,23,34,25.7,0,0,39,0,0,0,Guilherme Liberato,Moreirense,1016878,3014
0,0,0.0,7,1,50.0,11,6,17,73.91,2,50.0,2,6,0,0,0,0,5,0,0,0,0,2,4,0,0,1,1,7,0,0,0.1,0.08,3,0,0.0,0,0,0,0,0,0,0,0,,1,16.67,0,0,0,6,0,0,0,0,58,0,,0,0,0,1,0.0,0,0,0,0,15,0,0,6.43,0,0,0,0,0,0,0,0,0.0,0.0,0,1,1,1,1,0,0.0,0,1,0,0.0,0,0,0,1,3,30.0,2,15,9,23,25.7,2,0,41,0,1,0,Gerson Sousa,CF Estrela Amadora,1495553,3035
8,0,0.0,8,16,48.48,62,106,168,84.0,9,60.0,6,4,0,0,0,0,19,0,0,0,0,11,4,0,0,1,1,13,1,0,0.03,0.04,5,0,0.0,0,0,0,7,7,0,0,0,,5,41.67,0,0,0,32,2,0,0,4,360,0,,0,0,0,0,0.0,0,0,0,0,35,0,0,6.43,0,0,0,0,0,0,0,0,0.0,0.0,0,2,0,1,1,0,0.0,0,1,0,0.0,0,18,0,0,14,51.85,33,84,116,200,25.7,2,0,228,4,1,0,Till Cissokho,CF Estrela Amadora,859022,3035
18,0,0.0,15,26,38.81,50,211,261,81.56,24,64.86,13,13,0,0,0,0,20,0,2,3,1,41,13,0,1,1,3,25,0,0,0.1,0.92,9,0,0.0,4,0,0,20,20,0,0,0,,13,52.0,0,0,0,59,4,0,0,7,760,1,,0,0,0,2,0.0,0,0,0,0,63,0,0,6.42,1,0,0,0,0,0,0,0,0.0,0.0,0,8,1,4,2,1,100.0,0,7,5,71.43,0,43,1,0,37,59.68,67,94,226,320,83.5,9,0,412,6,3,0,Jorge Teixeira,AVS - Futebol SAD,58826,483088
0,0,0.0,0,0,0.0,0,2,2,66.67,0,0.0,1,1,0,0,0,0,0,0,0,0,0,0,1,0,0,0,0,3,0,0,0.0,,1,0,0.0,0,0,0,0,0,0,0,0,,1,33.33,0,0,0,1,0,0,0,0,13,0,,0,0,0,0,0.0,0,0,0,0,4,0,0,6.4,0,0,0,0,0,0,0,0,0.0,0.0,0,0,0,0,0,0,0.0,0,1,0,0.0,0,0,1,0,1,25.0,0,1,2,3,6.4,0,0,7,0,0,0,Evanilson,FC Porto,998490,3002
1,0,0.0,5,1,25.0,11,24,35,85.37,1,100.0,0,1,0,0,0,0,1,0,0,0,0,2,1,0,0,1,2,6,0,0,0.01,,3,0,0.0,0,0,0,3,2,1,0,0,,5,45.45,0,0,0,6,0,0,0,1,90,0,,0,0,0,0,0.0,0,0,0,0,8,0,0,6.4,0,0,0,0,0,0,0,0,0.0,0.0,0,0,0,0,0,0,0.0,0,3,2,66.67,0,3,0,1,6,50.0,4,15,27,41,6.4,0,0,54,2,0,0,Miguel Nóbrega,Rio Ave,1066233,3036
0,0,0.0,1,0,0.0,1,6,7,87.5,1,100.0,0,1,0,0,0,0,1,0,0,0,0,0,1,0,0,0,0,1,0,0,0.0,,0,0,0.0,0,0,0,1,1,0,0,0,,1,50.0,0,0,0,1,0,0,0,0,16,0,,0,0,0,0,0.0,0,0,0,0,2,0,0,6.4,0,0,0,0,0,0,0,0,0.0,0.0,0,0,0,0,0,0,0.0,0,0,0,0.0,0,0,1,0,2,66.67,0,2,6,8,6.4,0,0,12,1,0,0,André Castro,Moreirense,41652,3014
4,0,0.0,14,10,71.43,38,64,102,91.07,0,0.0,1,2,0,0,0,0,9,0,0,0,0,2,2,0,0,0,0,4,0,0,0.01,,2,0,0.0,0,0,0,3,2,1,0,0,,2,40.0,0,0,0,10,0,0,0,2,164,0,,0,0,0,1,0.0,0,0,0,0,14,0,0,6.4,0,0,0,0,0,0,0,0,0.0,0.0,0,0,0,0,0,0,0.0,0,2,2,100.0,0,8,1,0,2,33.33,14,45,67,112,12.8,0,0,125,0,0,0,Alysson Silva,Santa Clara,1884129,3011
1,0,0.0,9,3,17.65,18,40,58,78.38,3,37.5,5,3,0,0,0,0,5,0,0,0,0,13,3,0,0,0,1,8,0,0,0.01,,2,0,0.0,0,0,0,4,4,0,0,0,,4,57.14,0,0,0,16,3,0,0,2,190,0,,1,0,0,0,0.0,0,0,0,0,17,0,0,6.4,0,0,0,0,0,0,0,0,0.0,0.0,0,0,0,0,0,0,0.0,0,3,2,66.67,0,7,0,0,7,46.67,17,31,43,74,19.2,0,0,100,1,2,0,Konstantinos Kostoulas,Rio Ave,1196046,3036
0,1,20.0,8,0,0.0,13,3,15,78.95,3,15.79,16,8,0,0,0,0,9,0,1,3,0,1,8,0,0,6,4,41,0,0,0.07,0.59,9,0,0.0,0,0,0,2,1,1,0,0,,16,39.02,0,0,0,4,1,0,0,1,225,0,,0,0,0,1,0.0,0,0,0,0,31,1,0,6.4,0,0,0,0,0,0,0,0,0.0,0.0,0,3,1,1,0,4,36.36,0,3,2,66.67,0,0,11,5,19,31.67,0,21,3,19,51.2,4,0,79,9,1,0,Jaiminho,SC Farense,829583,2998
1,0,0.0,1,0,0.0,1,5,6,75.0,1,25.0,3,3,0,0,0,0,2,0,1,0,0,0,3,0,0,3,0,8,0,0,0.03,0.38,1,0,0.0,0,0,0,1,1,0,0,0,,0,0.0,0,0,0,2,0,0,0,0,40,1,,0,0,0,0,0.0,0,0,0,0,11,0,0,6.4,0,0,0,0,0,0,0,0,0.0,0.0,0,2,0,1,1,0,0.0,0,0,0,0.0,0,1,1,0,1,11.11,0,2,6,8,19.2,2,0,21,0,0,0,Depú,Gil Vicente,1182223,3010
0,0,0.0,1,0,0.0,3,3,6,40.0,0,0.0,1,4,0,0,0,0,3,0,0,0,0,0,4,0,0,0,0,4,0,0,0.0,0.08,3,0,0.0,0,0,0,1,1,0,0,0,,1,25.0,0,0,0,9,0,0,0,0,48,0,,0,0,0,0,0.0,0,0,0,0,9,0,0,6.4,0,0,0,0,0,0,0,0,0.0,0.0,0,0,1,1,0,0,0.0,0,1,1,100.0,0,0,0,0,1,20.0,4,10,5,15,25.6,1,0,19,0,2,0,Otar Mamageishvili,Famalicão,1006067,49531
0,0,0.0,2,0,0.0,4,5,9,81.82,4,80.0,1,1,0,0,0,0,1,0,0,0,0,0,1,0,0,0,1,2,0,0,0.01,0.01,0,0,0.0,0,0,0,3,3,0,0,0,,2,66.67,0,0,0,2,0,0,0,0,30,0,,0,0,0,0,0.0,0,0,0,0,2,0,0,6.4,0,0,0,0,0,0,0,0,0.0,0.0,0,1,0,1,0,0,0.0,0,2,1,50.0,0,0,0,0,6,75.0,1,6,5,11,6.4,1,0,17,0,0,0,Bernardo Vital,Estoril Praia,1065442,4500
3,3,17.65,28,5,35.71,62,65,124,84.35,12,60.0,8,9,0,0,0,0,23,0,0,0,1,19,8,0,0,6,4,38,0,0,0.26,0.03,15,0,0.0,0,0,0,13,11,2,0,0,,17,36.17,0,0,0,23,3,2,0,6,585,1,,0,0,0,0,0.0,0,0,0,0,81,1,0,6.39,1,0,0,0,0,0,0,0,0.0,0.0,0,0,1,1,0,1,14.29,0,13,6,46.15,2,6,7,17,29,43.28,14,91,73,147,51.1,1,0,313,4,1,1,Osman Kakay,Boavista,830485,2995
1,4,25.0,16,2,14.29,36,33,65,73.86,3,42.86,4,8,0,0,0,0,10,0,0,0,0,10,7,0,0,1,2,17,0,0,0.15,0.03,8,0,0.0,0,0,0,10,9,1,0,0,,9,40.91,0,0,0,23,1,3,0,4,374,1,,0,0,0,0,0.0,0,0,0,0,43,1,0,6.39,0,0,0,0,0,0,0,0,0.0,0.0,1,0,1,0,1,1,25.0,0,3,1,33.33,3,8,4,16,12,41.38,14,63,41,88,44.7,1,0,161,5,1,0,Eric Veiga,AVS - Futebol SAD,833744,483088
0,0,0.0,6,1,50.0,12,11,23,62.16,7,46.67,8,7,0,0,0,0,2,0,5,0,0,0,6,0,0,3,0,15,0,0,0.03,1.64,3,0,0.0,0,0,0,3,2,1,0,0,,2,22.22,0,0,1,14,0,2,0,3,230,0,,0,0,0,0,0.0,0,0,0,0,23,1,0,6.37,0,0,0,0,0,0,0,0,0.0,0.0,0,8,0,5,3,0,0.0,0,1,0,0.0,2,0,1,0,9,37.5,2,23,14,37,38.2,8,0,63,2,1,0,Tiago Reis,CD Nacional,975373,3013
9,0,0.0,5,8,53.33,25,57,82,89.13,0,0.0,1,2,0,0,0,0,6,0,0,0,0,7,2,0,0,0,3,4,0,0,0.01,,0,0,0.0,0,0,0,5,5,0,0,0,,1,25.0,0,0,0,10,1,0,0,2,180,0,,0,0,0,0,0.0,0,0,0,0,11,0,0,6.35,0,0,0,0,0,0,0,0,0.0,0.0,0,0,0,0,0,0,0.0,0,0,0,0.0,0,10,0,0,1,20.0,15,30,62,92,12.7,0,0,109,1,1,0,Clayton Sampaio,AVS - Futebol SAD,1394242,483088
0,0,0.0,0,0,0.0,0,2,2,50.0,1,25.0,3,3,0,0,0,0,1,0,0,0,0,1,2,0,0,0,1,5,0,0,0.0,,1,0,0.0,0,0,0,1,1,0,0,0,,1,33.33,0,0,0,2,0,0,0,0,19,0,,0,0,0,0,0.0,0,0,0,0,2,0,0,6.35,0,0,0,0,0,0,0,0,0.0,0.0,0,0,0,0,0,0,0.0,0,0,0,0.0,0,0,0,0,2,28.57,1,1,3,4,12.7,0,0,7,1,1,0,Andre Seruca,SC Farense,1131129,2998
0,0,0.0,1,0,0.0,1,0,1,50.0,1,50.0,1,3,0,0,0,0,1,0,0,0,0,1,3,0,0,1,2,8,0,0,0.01,,2,0,0.0,0,0,0,1,1,0,0,0,,1,12.5,0,0,0,1,0,0,0,0,49,1,,0,0,0,0,0.0,0,0,0,0,7,0,0,6.33,0,0,0,0,0,0,0,0,0.0,0.0,0,0,0,0,0,0,0.0,0,1,1,100.0,0,0,2,0,2,20.0,0,1,1,2,19.0,0,0,13,0,1,0,Manu,CF Estrela Amadora,1510878,3035
0,0,0.0,0,0,0.0,2,5,7,70.0,0,0.0,0,1,0,0,0,0,0,0,0,0,0,0,1,0,0,1,0,1,0,0,0.0,,0,0,0.0,0,0,0,0,0,0,0,0,,0,0.0,0,0,0,3,0,0,0,0,11,0,,0,0,0,0,0.0,0,0,0,0,5,0,0,6.3,0,0,0,0,0,0,0,0,0.0,0.0,0,0,0,0,0,0,0.0,0,0,0,0.0,0,1,0,0,0,0.0,1,5,5,10,6.3,0,0,13,0,0,0,Adrian Bajrami,Benfica,1000192,3006
0,0,0.0,0,0,0.0,0,0,0,0.0,0,0.0,0,1,0,0,0,0,0,0,0,0,0,1,1,0,0,0,1,1,0,0,,,0,0,0.0,0,0,0,1,1,0,0,0,,0,0.0,0,0,0,0,0,0,0,0,13,0,,0,0,0,0,0.0,0,0,0,0,1,0,0,6.3,0,0,0,0,0,0,0,0,0.0,0.0,0,0,0,0,0,0,0.0,0,0,0,0.0,0,0,0,0,0,0.0,0,0,0,0,6.3,0,0,2,0,0,0,Daniel Cabral,CF Estrela Amadora,1002399,3035
0,0,0.0,0,0,0.0,1,2,3,75.0,0,0.0,0,1,0,0,0,0,0,0,0,0,0,0,1,0,0,0,0,1,0,0,0.0,,1,0,0.0,0,0,0,1,1,0,0,0,,0,0.0,0,0,0,1,0,0,0,0,13,0,,0,0,0,0,0.0,0,0,0,0,1,0,0,6.3,0,0,0,0,0,0,0,0,0.0,0.0,0,0,0,0,0,0,0.0,0,0,0,0.0,0,0,0,0,0,0.0,0,1,3,4,6.3,0,0,5,0,0,0,Afonso Assis,Moreirense,2030567,3014
0,0,0.0,0,0,0.0,2,2,4,80.0,0,0.0,0,1,0,0,0,0,0,0,0,0,0,4,1,0,0,1,0,1,0,0,0.0,,0,0,0.0,0,0,0,1,1,0,0,0,,0,0.0,0,0,0,1,0,0,0,0,8,0,,0,0,0,0,0.0,0,0,0,0,3,0,0,6.3,0,0,0,0,0,0,0,0,0.0,0.0,0,0,0,0,0,0,0.0,0,0,0,0.0,0,0,0,1,0,0.0,0,4,2,5,6.3,0,0,12,0,0,0,Daniel Cabrera Morer,Moreirense,794943,3014
3,1,9.09,7,2,28.57,16,18,33,62.26,2,28.57,5,4,0,0,0,0,7,0,0,1,0,6,4,0,0,3,4,20,0,1,0.1,0.03,4,0,0.0,0,0,0,3,2,1,0,0,,6,28.57,0,0,1,20,2,1,0,2,170,0,,0,0,0,0,0.0,0,0,0,0,40,1,0,6.28,0,0,0,0,0,0,0,0,0.0,0.0,0,0,1,0,0,1,20.0,0,5,1,20.0,1,6,5,11,8,28.57,7,39,25,53,25.1,1,0,114,0,2,0,Layvin Kurzawa,Boavista,135775,2995
1,0,0.0,2,13,28.26,9,5,14,29.79,0,0.0,0,2,0,0,0,0,5,0,0,0,0,3,2,0,0,0,0,0,0,0,0.0,,0,0,0.0,26,0,0,5,3,2,0,0,-2.63,0,0.0,0,0,0,33,0,0,0,2,180,0,,0,0,0,0,0.0,0,0,0,0,34,0,1,6.25,0,0,1,3,2,5,0,0,0.0,0.0,0,0,0,0,0,0,0.0,1,0,0,0.0,0,1,0,0,0,0.0,46,38,9,47,12.5,0,0,56,0,1,0,Tomé Sousa,Boavista,1521209,2995
0,0,0.0,0,0,0.0,0,3,3,100.0,0,0.0,0,1,0,0,0,0,2,0,0,0,0,1,1,0,0,0,0,0,0,0,0.0,,0,0,0.0,0,0,0,2,2,0,0,0,,0,0.0,0,0,0,0,1,0,0,0,11,0,,0,0,0,0,0.0,0,0,0,0,0,0,0,6.2,0,0,0,0,0,0,0,0,0.0,0.0,0,0,0,0,0,0,0.0,0,0,0,0.0,0,0,0,0,0,0.0,0,0,3,3,6.2,0,0,6,0,0,0,Jorge Karseladze,Rio Ave,1605334,3036
3,0,0.0,0,3,37.5,1,12,13,72.22,1,100.0,0,1,0,0,0,0,10,0,0,0,0,2,1,0,0,0,0,1,0,0,0.0,,1,0,0.0,5,0,0,4,3,1,0,0,-1.77,0,0.0,0,0,0,5,0,0,0,1,90,0,,0,0,0,1,0.0,1,0,0,0,5,0,2,6.1,0,0,0,2,1,3,0,0,0.0,0.0,0,0,0,0,0,0,0.0,0,0,0,0.0,0,3,0,0,1,50.0,8,6,12,18,6.1,0,0,31,0,0,0,Dani Figueira,Estoril Praia,862060,4500
0,0,0.0,0,0,0.0,0,1,1,33.33,0,0.0,2,1,0,0,0,0,1,0,0,0,0,0,1,0,0,1,1,6,0,0,0.0,,1,0,0.0,0,0,0,1,1,0,0,0,,1,20.0,0,0,0,2,0,0,0,0,12,0,,0,0,0,0,0.0,0,0,0,0,6,0,0,5.8,0,0,0,0,0,0,0,0,0.0,0.0,0,0,0,0,0,0,0.0,0,1,1,100.0,0,1,1,0,1,14.29,1,2,1,3,5.8,0,0,10,0,0,0,José Silva,Sporting CP,1520738,3001
0,0,0.0,0,0,0.0,0,0,0,0.0,0,0.0,0,1,0,0,0,0,0,0,0,0,0,0,0,0,0,0,0,0,0,0,,,0,0,0.0,0,0,0,0,0,0,0,0,,1,100.0,0,0,0,0,0,0,0,0,1,0,,0,0,0,0,0.0,0,0,0,0,0,0,0,0.0,0,0,0,0,0,0,0,0,0.0,0.0,0,0,0,0,0,0,0.0,0,1,1,100.0,0,0,0,0,1,100.0,0,0,0,0,0.0,0,0,2,0,0,0,Afonso Moreira,Sporting CP,1215906,3001
0,0,0.0,1,1,100.0,1,3,4,80.0,0,0.0,0,1,0,0,0,0,1,0,0,0,0,0,0,0,0,0,0,0,0,0,0.0,,0,0,0.0,0,0,0,0,0,0,0,0,,0,0.0,0,0,0,1,0,0,0,0,3,0,,0,0,0,0,0.0,0,0,0,0,1,0,0,0.0,0,0,0,0,0,0,0,0,0.0,0.0,0,0,0,0,0,0,0.0,0,0,0,0.0,0,0,0,0,0,0.0,1,2,3,5,0.0,0,0,5,0,0,0,João Vasconcelos,Sporting Braga,1828923,2999
0,0,0.0,0,0,0.0,0,0,0,0.0,0,0.0,0,1,0,0,0,0,0,0,0,0,0,0,0,0,0,0,0,0,0,0,,,0,0,0.0,0,0,0,0,0,0,0,0,,0,0.0,0,0,0,0,0,0,0,0,1,0,,0,0,0,0,0.0,0,0,0,0,0,0,0,0.0,0,0,0,0,0,0,0,0,0.0,0.0,0,0,0,0,0,0,0.0,0,0,0,0.0,0,0,0,0,0,0.0,0,0,0,0,0.0,0,0,0,0,0,0,Habraão,Santa Clara,1167540,3011
0,0,0.0,0,0,0.0,0,0,0,0.0,0,0.0,1,1,0,0,0,0,0,0,0,0,0,0,0,0,0,0,0,1,0,0,,,0,0,0.0,0,0,0,0,0,0,0,0,,0,0.0,0,0,0,0,1,0,0,0,1,0,,0,0,0,0,0.0,0,0,0,0,0,0,0,0.0,0,0,0,0,0,0,0,0,0.0,0.0,0,0,0,0,0,0,0.0,0,0,0,0.0,0,0,0,0,0,0.0,0,0,0,0,0.0,0,0,1,0,1,0,Domingos Jose Gabriel Bandeira,Casa Pia,1835218,36365
0,0,0.0,0,0,0.0,0,0,0,0.0,0,0.0,0,1,0,0,0,0,0,0,0,0,0,0,0,0,0,0,0,0,0,0,,,0,0,0.0,0,0,0,0,0,0,0,0,,0,0.0,0,0,0,0,0,0,0,0,1,0,,0,0,0,0,0.0,0,0,0,0,0,0,0,0.0,0,0,0,0,0,0,0,0,0.0,0.0,0,0,0,0,0,0,0.0,0,0,0,0.0,0,0,0,0,0,0.0,0,0,0,0,0.0,0,0,0,0,0,0,Rafinha,SC Farense,1862608,2998
0,0,0.0,0,0,0.0,0,0,0,0.0,0,0.0,0,1,0,0,0,0,0,0,0,0,0,0,0,0,0,0,0,0,0,0,,,0,0,0.0,0,0,0,0,0,0,0,0,,0,0.0,0,0,0,0,0,0,0,0,1,0,,0,0,0,0,0.0,0,0,0,0,0,0,0,0.0,0,0,0,0,0,0,0,0,0.0,0.0,0,0,0,0,0,0,0.0,0,0,0,0.0,0,0,0,0,0,0.0,0,0,0,0,0.0,0,0,0,0,0,0,Isaac Monteiro,Casa Pia,1394568,36365
0,0,0.0,1,0,0.0,1,0,1,50.0,0,0.0,1,1,0,0,0,0,1,0,0,0,0,0,0,0,0,0,1,2,0,0,0.02,,0,0,0.0,0,0,0,0,0,0,0,0,,0,0.0,0,0,0,1,0,0,0,0,1,0,,0,0,0,0,0.0,0,0,0,0,1,1,0,0.0,0,0,0,0,0,0,0,0,0.0,0.0,0,0,0,0,0,0,0.0,0,0,0,0.0,0,0,0,0,0,0.0,0,1,1,2,0.0,0,0,2,0,0,0,Naziru Shuabiu,Rio Ave,1541908,3036
0,0,0.0,0,0,0.0,0,0,0,0.0,0,0.0,1,1,0,0,0,0,0,0,0,0,0,0,0,0,0,0,0,1,0,0,,,0,0,0.0,0,0,0,0,0,0,0,0,,0,0.0,0,0,0,0,0,0,0,0,1,0,,0,0,0,0,0.0,0,0,0,0,0,0,0,0.0,0,0,0,0,0,0,0,0,0.0,0.0,0,0,0,0,0,0,0.0,0,0,0,0.0,0,0,0,0,0,0.0,0,0,0,0,0.0,0,0,0,0,0,0,Gui Beleza,Gil Vicente,1907260,3010
0,0,0.0,0,0,0.0,0,0,0,0.0,0,0.0,0,1,0,0,0,0,0,0,0,0,0,0,0,0,0,0,0,0,0,0,,,0,0,0.0,0,0,0,0,0,0,0,0,,0,0.0,0,0,0,0,0,0,0,0,1,0,,0,0,0,0,0.0,0,0,0,0,0,0,0,0.0,0,0,0,0,0,0,0,0,0.0,0.0,0,0,0,0,0,0,0.0,0,0,0,0.0,0,0,0,0,0,0.0,0,0,0,0,0.0,0,0,0,0,0,0,João Pinto,Gil Vicente,1417936,3010
