accurateChippedPasses,accurateCrosses,accurateCrossesPercentage,accurateFinalThirdPasses,accurateLongBalls,accurateLongBallsPercentage,accurateOppositionHalfPasses,accurateOwnHalfPasses,accuratePasses,accuratePassesPercentage,aerialDuelsWon,aerialDuelsWonPercentage,aerialLost,appearances,assists,attemptPenaltyMiss,attemptPenaltyPost,attemptPenaltyTarget,ballRecovery,bigChancesCreated,bigChancesMissed,blockedShots,cleanSheet,clearances,countRating,crossesNotClaimed,directRedCards,dispossessed,dribbledPast,duelLost,errorLeadToGoal,errorLeadToShot,expectedAssists,expectedGoals,fouls,freeKickGoal,goalConversionPercentage,goalKicks,goals,goalsAssistsSum,goalsConceded,goalsConcededInsideTheBox,goalsConcededOutsideTheBox,goalsFromInsideTheBox,goalsFromOutsideTheBox,goalsPrevented,groundDuelsWon,groundDuelsWonPercentage,headedGoals,highClaims,hitWoodwork,inaccuratePasses,interceptions,keyPasses,leftFootGoals,matchesStarted,minutesPlayed,offsides,outfielderBlocks,ownGoals,passToAssist,penaltiesTaken,penaltyConceded,penaltyConversion,penaltyFaced,penaltyGoals,penaltySave,penaltyWon,possessionLost,possessionWonAttThird,punches,rating,redCards,rightFootGoals,runsOut,savedShotsFromInsideTheBox,savedShotsFromOutsideTheBox,saves,savesCaught,savesParried,scoringFrequency,setPieceConversion,shotFromSetPiece,shotsFromInsideTheBox,shotsFromOutsideTheBox,shotsOffTarget,shotsOnTarget,successfulDribbles,successfulDribblesPercentage,successfulRunsOut,tackles,tacklesWon,tacklesWonPercentage,totalAttemptAssist,totalChippedPasses,totalContest,totalCross,totalDuelsWon,totalDuelsWonPercentage,totalLongBalls,totalOppositionHalfPasses,totalOwnHalfPasses,totalPasses,totalRating,totalShots,totwAppearances,touches,wasFouled,yellowCards,yellowRedCards,player,team,player id,team id
7,0,0.0,1,11,47.83,4,28,32,72.73,3,100.0,0,2,0,0,0,0,17,0,0,0,1,2,2,0,0,0,0,0,0,0,0.0,,0,0,0.0,17,0,0,1,1,0,0,0,0.55,2,100.0,0,6,0,12,0,0,0,2,180,0,0.0,0,0,0,0,0.0,0,0,0,0,12,0,1,7.65,0,0,1,1,6,7,0,3,0.0,0.0,0,0,0,0,0,0,0.0,1,0,0,0.0,0,8,0,0,5,100.0,23,14,30,44,15.3,0,1,73,2,0,0,João Afonso,Santa Clara,1961855,3011
93,1,25.0,297,142,56.57,982,1256,2238,90.13,52,48.6,55,29,3,0,0,0,147,3,0,5,12,89,29,0,1,6,15,96,0,3,2.17,1.22,21,0,18.18,23,2,5,15,13,2,2,0,,76,64.96,2,0,0,245,28,17,0,29,2506,0,16.0,0,0,0,1,0.0,0,0,0,1,271,2,0,7.55,1,0,0,0,0,0,0,0,1253.0,0.0,0,9,2,3,3,8,88.89,0,45,26,57.78,17,188,9,4,128,57.14,251,1140,1343,2483,219.0,11,6,2780,23,4,0,Gonçalo Inácio,Sporting CP,1001196,3001
3,0,0.0,1,7,41.18,3,24,27,72.97,1,100.0,0,2,0,0,0,0,15,0,0,0,1,0,2,0,0,0,0,0,0,0,0.0,,0,0,0.0,8,0,0,1,1,0,0,0,2.08,1,100.0,0,1,0,10,0,0,0,2,180,0,0.0,0,0,0,0,0.0,0,0,0,0,10,0,0,7.5,0,0,1,8,2,10,0,1,0.0,0.0,0,0,0,0,0,1,100.0,1,0,0,0.0,0,7,1,0,2,100.0,17,11,26,37,15.0,0,1,61,0,1,0,Samuel Soares,Benfica,983550,3006
1,0,0.0,18,2,66.67,30,22,52,83.87,2,100.0,0,2,0,0,0,0,5,0,0,1,1,5,1,0,0,0,0,2,0,0,0.03,0.08,1,0,0.0,0,0,0,0,0,0,0,0,,4,66.67,0,0,0,10,1,0,0,1,94,1,1.0,0,0,0,0,0.0,0,0,0,0,15,1,0,7.5,0,0,0,0,0,0,0,0,0.0,0.0,0,0,2,1,0,0,0.0,0,1,1,100.0,0,3,1,2,6,75.0,3,37,25,62,7.5,2,0,88,3,0,0,José Neto,Benfica,1961117,3006
17,1,20.0,169,13,52.0,289,155,444,74.5,31,44.29,39,32,6,0,0,2,53,13,26,25,7,15,32,0,0,36,12,158,0,0,5.58,23.3,43,0,20.59,0,28,34,20,18,2,26,2,,102,46.15,2,0,1,152,2,47,7,31,2698,5,2.0,0,0,6,0,66.67,0,4,0,1,313,20,0,7.4,0,18,0,0,0,0,0,0,96.36,0.0,2,110,26,51,60,36,48.65,0,16,6,37.5,47,35,74,5,133,45.7,25,411,185,596,236.9,136,8,1098,53,7,0,Luis Javier Suárez,Sporting CP,914213,3001
1,0,0.0,2,7,28.0,4,44,48,72.73,1,100.0,0,3,0,0,0,0,15,0,0,0,0,4,3,0,0,0,0,0,0,1,0.0,,0,0,0.0,19,0,0,3,2,1,0,0,1.59,0,0.0,0,1,0,18,0,0,0,3,270,0,0.0,0,0,0,0,0.0,1,0,0,0,18,0,2,7.4,0,0,1,9,0,9,0,4,0.0,0.0,0,0,0,0,0,0,0.0,1,0,0,0.0,0,3,0,0,1,100.0,25,16,50,66,22.2,0,0,93,0,0,0,Martin Turk,Estoril Praia,1083104,4500
49,1,100.0,182,85,59.03,821,1392,2213,92.25,140,72.92,52,32,0,0,0,0,152,0,1,2,16,174,32,0,0,5,4,92,0,1,1.19,0.95,37,0,15.38,13,2,2,15,14,1,2,0,,31,43.66,2,0,0,186,44,7,0,31,2690,0,24.0,0,0,0,0,0.0,0,0,0,0,209,2,0,7.39,0,0,0,0,0,0,0,0,1345.0,0.0,0,13,0,7,4,0,0.0,0,17,11,64.71,7,78,1,1,171,65.02,144,956,1443,2399,236.6,13,6,2765,16,8,0,Jan Bednarek,FC Porto,286085,3002
68,0,0.0,202,126,60.87,664,1071,1735,90.55,127,77.91,36,30,0,0,0,0,105,0,0,8,12,130,30,0,1,6,15,80,3,3,0.74,1.25,23,0,8.33,24,2,2,18,16,2,2,0,,90,67.16,2,0,0,181,40,9,0,30,2605,0,19.0,0,0,0,0,0.0,0,0,0,2,217,4,0,7.39,1,0,0,0,0,0,0,0,1302.5,0.0,0,23,1,10,6,9,81.82,0,45,29,64.44,9,121,11,6,217,73.06,207,798,1118,1916,221.8,24,6,2329,41,7,0,Nicolás Otamendi,Benfica,74915,3006
2,2,8.7,91,2,28.57,130,80,210,78.07,9,28.13,23,19,5,0,0,0,60,5,9,9,1,11,19,0,0,28,11,122,0,0,1.66,6.66,11,0,15.91,1,7,12,28,28,0,6,1,,105,51.47,0,0,2,59,2,21,5,17,1500,4,3.0,0,0,0,0,0.0,0,0,0,2,240,13,0,7.38,0,2,0,0,0,0,0,0,214.29,0.0,0,30,14,15,20,31,37.8,0,26,12,46.15,21,7,82,23,114,48.31,7,173,96,269,140.3,44,5,692,49,3,0,André Luiz,Rio Ave,1133282,3036
12,1,50.0,145,25,65.79,456,577,1033,94.86,21,50.0,21,16,2,0,0,0,54,2,0,2,4,42,15,0,0,1,6,47,0,1,0.87,0.37,14,0,40.0,1,2,4,12,11,1,2,0,,61,70.11,2,0,0,56,11,5,0,13,1186,0,3.0,0,0,0,0,0.0,0,0,0,0,73,0,0,7.37,0,0,0,0,0,0,0,0,593.0,0.0,0,5,0,1,2,11,61.11,0,40,20,50.0,5,21,18,2,82,63.57,38,484,605,1089,110.6,5,4,1266,10,2,0,Eduardo Quaresma,Sporting CP,989841,3001
6,0,0.0,56,10,90.91,93,34,127,81.94,4,80.0,1,4,1,0,0,0,14,0,0,2,1,2,4,0,0,4,1,15,0,0,0.27,0.93,3,0,7.69,0,1,2,4,4,0,1,0,,13,48.15,0,0,0,28,0,3,1,4,327,2,0.0,0,0,0,0,0.0,0,0,0,1,55,5,0,7.35,0,0,0,0,0,0,0,0,327.0,0.0,0,6,7,3,8,6,50.0,0,4,3,75.0,3,10,12,9,17,53.13,11,114,41,155,29.4,13,1,226,3,1,0,Roger Fernandes,Sporting Braga,1128560,2999
30,0,0.0,41,126,36.21,90,199,289,56.12,4,80.0,1,16,1,0,0,0,146,0,0,1,4,27,16,1,0,0,1,2,1,4,0.07,0.05,0,0,0.0,159,0,1,24,21,3,0,0,3.18,4,80.0,0,12,0,226,0,2,0,16,1440,0,0.0,0,0,0,0,0.0,0,0,0,0,229,0,9,7.33,0,0,17,40,19,62,1,4,0.0,0.0,0,1,0,0,0,0,0.0,16,1,1,100.0,2,46,0,0,8,80.0,348,289,226,515,117.3,1,2,679,3,2,0,Adriel,AVS - Futebol SAD,1106840,483088
8,0,0.0,50,2,100.0,76,38,114,70.37,33,43.42,43,13,1,1,0,0,23,1,1,6,1,12,13,0,0,14,10,95,0,0,0.72,5.64,24,0,43.48,0,10,11,7,7,0,10,0,,53,50.48,2,0,0,48,4,14,3,12,955,5,1.0,0,0,3,0,66.67,0,2,0,0,92,7,0,7.33,0,5,0,0,0,0,0,0,95.5,0.0,0,21,2,4,13,11,73.33,0,13,7,53.85,14,9,15,0,86,47.51,2,110,52,162,95.3,23,2,335,31,4,0,Pablo Felipe,Gil Vicente,1101174,3010
22,16,22.86,388,23,54.76,620,193,813,81.79,36,48.0,39,28,5,0,0,0,81,8,3,18,2,12,28,0,0,49,16,175,0,0,4.69,11.89,18,0,23.53,0,16,21,25,22,3,15,1,,118,46.46,0,0,1,181,5,37,0,22,1944,8,0.0,0,0,10,0,100.0,0,10,0,0,414,18,0,7.32,0,16,0,0,0,0,0,0,121.5,0.0,6,40,28,23,27,50,46.73,0,19,12,63.16,37,63,107,70,154,46.81,42,778,216,994,204.9,68,6,1568,49,6,0,Rodrigo Zalazar,Sporting Braga,966575,2999
3,0,0.0,24,1,20.0,41,20,61,79.22,2,66.67,1,2,0,0,0,0,7,0,0,0,1,2,2,0,0,3,2,10,0,0,0.23,0.17,2,0,0.0,0,0,0,0,0,0,0,0,,12,57.14,0,0,0,16,1,2,0,2,153,0,0.0,0,0,0,0,0.0,0,0,0,0,31,1,0,7.3,0,0,0,0,0,0,0,0,0.0,0.0,0,2,2,3,1,4,66.67,0,6,3,50.0,2,4,6,6,14,58.33,5,53,24,77,14.6,4,0,131,2,0,0,Daniel Banjaqui,Benfica,1961109,3006
19,14,18.42,292,5,23.81,397,112,509,79.53,6,31.58,13,28,5,0,0,0,70,9,5,24,0,7,28,0,0,17,21,121,0,0,7.21,6.35,25,0,14.89,0,7,12,13,11,2,7,0,,105,49.3,0,0,3,131,3,41,2,20,1733,4,0.0,0,0,2,0,100.0,0,2,0,2,312,25,0,7.3,0,5,0,0,0,0,0,0,247.57,0.0,4,36,11,9,14,36,43.37,0,31,14,45.16,41,36,83,76,111,47.84,21,511,129,640,204.3,47,4,1058,38,2,0,Andreas Schjelderup,Benfica,1100952,3006
44,0,0.0,358,52,64.2,859,674,1533,90.98,37,69.81,16,27,4,0,0,0,165,2,3,9,11,26,27,0,0,13,14,68,1,1,2.54,2.82,25,0,10.34,0,3,7,17,15,2,3,0,,105,66.88,1,0,1,152,21,29,1,26,2325,2,9.0,0,0,0,1,0.0,0,0,0,0,203,23,0,7.27,0,1,0,0,0,0,0,0,775.0,0.0,0,21,8,13,7,8,72.73,0,58,38,65.52,29,71,11,3,142,67.62,81,960,725,1685,196.4,29,6,1988,41,8,0,Morten Hjulmand,Sporting CP,859917,3001
17,1,33.33,107,16,76.19,227,119,346,92.51,5,50.0,5,14,0,0,0,0,27,1,1,3,0,5,14,0,0,4,3,22,0,1,0.81,2.27,9,0,42.86,0,6,6,5,5,0,5,1,,26,60.47,1,0,0,28,9,8,3,5,538,1,1.0,0,0,0,0,0.0,0,0,0,0,41,4,0,7.27,0,2,0,0,0,0,0,0,89.67,0.0,0,10,4,2,9,4,66.67,0,12,6,50.0,8,26,6,3,31,58.49,21,249,125,374,101.8,14,1,457,10,1,0,Daniel Bragança,Sporting CP,861979,3001
35,37,29.37,419,34,60.71,734,278,1012,88.0,5,35.71,9,28,4,0,1,0,62,6,4,11,4,16,28,0,0,19,12,77,0,1,4.91,10.7,25,0,22.95,0,14,18,21,18,3,14,0,,56,45.16,0,0,5,138,10,51,3,25,2149,4,2.0,0,2,4,0,75.0,0,3,0,1,308,18,0,7.26,1,11,0,0,0,0,0,0,153.5,0.0,5,43,18,19,31,9,39.13,0,30,19,63.33,49,57,23,126,61,44.2,56,848,302,1150,203.3,61,5,1577,17,3,1,Ricardo Horta,Sporting Braga,314380,2999
57,2,66.67,225,70,44.59,621,1122,1743,89.48,49,62.82,29,26,1,0,0,0,101,2,1,3,14,88,26,0,0,5,4,69,0,0,0.86,1.4,28,0,0.0,19,0,1,11,10,1,0,0,,59,59.6,0,0,0,205,38,12,0,26,2217,0,15.0,0,1,0,0,0.0,0,0,0,0,239,1,0,7.25,0,0,0,0,0,0,0,0,0.0,0.0,2,10,6,8,5,2,28.57,0,49,34,69.39,11,124,7,3,108,61.02,157,777,1171,1948,188.5,16,4,2264,9,3,0,Jakub Kiwior,FC Porto,976037,3002
8,0,0.0,28,11,50.0,79,231,310,94.51,11,73.33,4,6,0,0,0,0,18,0,0,1,3,15,5,0,0,0,0,8,0,1,0.05,0.47,3,0,33.33,2,1,1,1,1,0,1,0,,6,60.0,0,0,0,18,6,1,1,4,373,0,3.0,1,0,0,0,0.0,0,0,0,0,20,0,0,7.24,0,0,0,0,0,0,0,0,373.0,0.0,0,3,0,1,1,0,0.0,0,6,4,66.67,1,15,1,0,17,68.0,22,94,234,328,36.2,3,1,370,0,0,0,Nehuén Pérez,FC Porto,913401,3002
7,2,28.57,84,5,62.5,123,67,190,72.8,35,56.45,27,13,0,0,0,0,32,1,7,2,1,16,13,0,0,16,5,74,0,0,1.15,5.03,14,0,30.43,0,7,7,18,12,6,6,1,,38,44.71,1,0,2,71,5,11,1,12,1077,2,1.0,0,0,1,0,100.0,0,1,0,0,143,8,0,7.22,0,5,0,0,0,0,0,0,153.86,0.0,0,22,1,7,14,10,45.45,0,14,10,71.43,11,13,22,7,73,49.66,8,179,82,261,93.9,23,2,460,16,1,0,Jalen Blesa,Rio Ave,1499082,3036
66,3,60.0,243,91,56.17,547,665,1212,88.4,61,58.65,43,25,1,0,0,0,67,1,2,6,7,87,25,0,0,4,10,78,0,1,1.21,1.97,24,0,5.56,1,1,2,17,15,2,1,0,,55,61.11,1,0,1,159,29,10,0,20,1866,0,9.0,0,0,0,2,0.0,0,0,0,0,178,1,0,7.21,0,0,0,0,0,0,0,0,1866.0,0.0,0,17,1,7,5,5,62.5,0,30,18,60.0,10,113,8,5,116,59.79,162,657,714,1371,180.3,18,1,1640,20,6,0,António Silva,Benfica,1006069,3006
0,0,0.0,0,0,0.0,0,3,3,50.0,1,100.0,0,1,0,0,0,0,2,0,0,0,0,0,1,1,0,0,0,0,0,0,0.0,,0,0,0.0,2,0,0,1,1,0,0,0,0.19,1,100.0,0,0,0,3,0,0,0,0,10,0,0.0,0,0,0,0,0.0,0,0,0,0,3,0,0,7.2,0,0,0,0,1,1,0,1,0.0,0.0,0,0,0,0,0,0,0.0,0,0,0,0.0,0,0,0,0,2,100.0,3,3,3,6,7.2,0,0,9,1,0,0,Joao Carvalho,Sporting Braga,1195449,2999
9,44,26.67,112,16,50.0,193,199,392,82.35,8,40.0,12,23,5,0,0,0,64,9,1,16,3,18,23,0,0,20,11,112,0,1,5.76,4.53,30,1,12.24,0,6,11,23,21,2,5,1,,82,45.05,0,0,2,84,11,39,3,18,1680,2,3.0,0,0,3,0,100.0,0,3,0,3,337,6,0,7.19,0,3,0,0,0,0,0,0,280.0,9.09,11,15,34,17,16,22,34.38,0,26,15,57.69,39,28,64,165,90,44.55,32,247,229,476,165.4,49,3,1119,34,4,0,Sidny Lopes Cabral,Benfica,1117723,3006
64,2,22.22,177,120,48.98,557,1234,1791,89.33,47,54.02,40,31,0,0,0,0,103,0,2,7,15,159,31,0,0,8,14,94,0,1,0.85,3.45,34,1,23.81,58,5,5,28,27,1,4,1,,76,58.46,2,0,1,214,30,7,2,31,2790,1,20.0,0,0,1,4,100.0,0,1,0,0,247,0,0,7.17,0,1,0,0,0,0,0,0,558.0,16.67,6,13,8,5,9,6,100.0,0,45,26,57.78,7,130,6,9,123,56.68,245,696,1309,2005,222.2,21,5,2400,26,7,0,Justin De Haas,Famalicão,876255,49531
28,27,30.34,315,29,67.44,524,216,740,80.79,7,43.75,9,27,8,0,0,0,71,11,6,17,1,9,27,0,0,26,15,91,0,1,5.69,8.67,11,1,16.05,0,13,21,15,14,1,9,4,,64,43.84,1,0,3,176,6,56,1,25,1994,4,2.0,0,1,2,0,100.0,0,2,0,0,344,12,0,7.16,0,11,0,0,0,0,0,0,153.38,25.0,4,50,31,28,36,27,47.37,0,15,10,66.67,55,61,57,89,71,43.83,43,667,249,916,193.2,81,6,1342,22,5,0,Pedro Gonçalves,Sporting CP,895764,3001
1,3,42.86,8,1,33.33,16,28,44,74.58,4,80.0,1,2,0,0,0,0,6,1,0,1,0,4,2,0,0,2,1,7,0,0,0.44,0.09,3,0,0.0,0,0,0,1,1,0,0,0,,6,50.0,0,0,0,15,1,3,0,1,145,0,2.0,0,0,0,0,0.0,0,0,0,0,22,0,0,7.15,0,0,0,0,0,0,0,0,0.0,0.0,0,0,2,1,0,0,0.0,0,6,4,66.67,3,4,0,7,10,58.82,3,24,35,59,14.3,2,0,91,0,0,0,Andrey,Santa Clara,1515290,3011
140,37,26.62,453,131,53.25,1017,997,2014,85.38,26,50.0,26,33,7,0,0,0,144,12,0,12,3,29,33,0,0,20,39,135,2,3,5.38,1.04,34,0,2.78,0,1,8,52,45,7,1,0,,121,52.61,0,0,1,345,33,53,1,32,2834,0,7.0,0,0,0,0,0.0,0,0,0,0,530,9,0,7.15,0,0,0,0,0,0,0,0,2834.0,0.0,11,3,33,17,7,12,41.38,0,61,41,67.21,53,271,29,139,147,52.13,246,1298,1061,2359,235.9,36,3,2880,48,8,0,Jordan Holsgrove,Estoril Praia,920684,4500
26,0,0.0,13,109,31.05,57,421,478,65.93,8,80.0,2,22,1,0,0,0,179,1,0,0,4,28,22,0,0,0,2,4,3,3,0.04,,0,0,0.0,142,0,1,37,32,5,0,0,6.23,9,81.82,0,12,0,247,1,1,0,22,1980,0,0.0,0,0,0,0,0.0,8,0,1,0,251,0,8,7.14,0,0,18,54,20,74,0,14,0.0,0.0,0,0,0,0,0,0,0.0,18,0,0,0.0,1,45,0,0,17,80.95,351,226,499,725,157.1,0,3,960,12,2,0,André Ferreira,Moreirense,788197,3014
50,26,20.0,541,37,60.66,887,279,1166,86.31,9,64.29,5,34,11,0,0,0,120,14,8,27,11,15,34,0,0,32,13,134,0,1,7.51,7.17,22,0,9.46,0,7,18,22,20,2,6,1,,103,44.4,0,0,0,185,10,86,6,32,2851,2,1.0,0,0,0,0,0.0,0,0,0,3,459,25,0,7.14,0,1,0,0,0,0,0,0,407.29,0.0,2,38,36,23,24,46,41.44,0,36,22,61.11,86,89,111,130,112,45.53,61,1037,314,1351,242.7,74,6,1941,21,1,0,Francisco Trincão,Sporting CP,830431,3001
12,1,20.0,63,7,63.64,96,77,173,79.0,23,38.98,36,19,4,0,0,1,35,6,7,11,0,20,19,0,0,28,8,131,0,0,1.94,7.03,43,0,23.26,0,10,14,32,30,2,10,0,,66,40.99,2,0,1,46,2,11,0,18,1600,23,5.0,0,0,3,0,66.67,0,2,0,1,152,9,0,7.13,1,8,0,0,0,0,0,0,160.0,0.0,0,38,5,9,23,6,21.43,0,3,2,66.67,11,16,28,5,89,40.45,11,135,84,219,135.5,43,4,508,58,6,1,Clayton,Rio Ave,1017023,3036
46,3,42.86,197,77,61.6,441,599,1040,89.35,29,52.73,26,23,2,0,0,0,75,3,1,4,6,44,22,0,0,3,9,48,0,2,1.08,1.5,7,0,5.88,1,1,3,15,13,2,1,0,,37,62.71,1,0,0,124,20,12,0,19,1684,0,12.0,1,0,0,0,0.0,0,0,0,0,158,1,0,7.13,0,0,0,0,0,0,0,0,1684.0,0.0,0,17,0,9,4,3,50.0,0,33,23,69.7,12,78,6,7,66,57.89,125,524,640,1164,156.8,17,2,1389,1,4,0,Tomás Araújo,Benfica,983542,3006
12,5,26.32,45,20,74.07,95,78,173,87.82,1,50.0,1,4,0,0,0,0,16,0,0,2,0,6,4,0,0,1,2,13,0,1,0.55,1.13,8,0,14.29,0,1,1,7,7,0,1,0,,9,42.86,0,0,0,24,3,9,0,3,287,0,0.0,0,1,1,0,100.0,0,1,0,1,46,1,0,7.13,0,1,0,0,0,0,0,0,287.0,0.0,2,3,4,3,2,0,0.0,0,3,1,33.33,8,21,1,19,10,43.48,27,115,82,197,28.5,7,0,257,6,3,0,Tiago Silva,Vitória SC,252095,3009
62,2,33.33,157,92,69.17,419,550,969,91.16,11,39.29,17,17,2,0,0,0,51,3,0,2,4,48,17,0,0,4,2,36,2,2,1.29,0.41,14,0,0.0,16,0,2,13,12,1,0,0,,25,56.82,0,0,0,94,5,6,0,12,1183,0,7.0,1,0,0,0,0.0,0,0,0,0,109,1,0,7.12,0,0,0,0,0,0,0,0,0.0,0.0,1,2,6,4,2,5,100.0,0,15,9,60.0,6,106,5,6,36,50.0,133,479,584,1063,121.1,8,2,1191,5,2,0,Zeno Debast,Sporting CP,1126512,3001
44,32,31.68,420,50,50.0,737,383,1120,86.22,28,50.91,27,28,3,0,0,0,121,6,3,8,9,22,28,0,0,17,24,101,0,1,4.28,2.55,24,0,10.34,0,3,6,17,15,2,1,2,,76,50.67,0,0,0,179,22,56,0,26,2294,2,7.0,0,0,0,1,0.0,0,0,0,0,303,19,0,7.12,0,3,0,0,0,0,0,0,764.67,0.0,0,15,14,13,8,13,56.52,0,50,31,62.0,56,95,23,101,104,50.73,100,887,412,1299,199.4,29,3,1722,13,2,0,Fredrik Aursnes,Benfica,228364,3006
61,0,0.0,11,114,38.78,40,947,987,84.07,9,100.0,0,34,0,0,0,0,233,0,0,0,17,24,34,0,0,0,1,1,0,1,0.02,,0,0,0.0,165,0,0,29,28,1,0,0,5.6,7,87.5,0,10,0,187,0,0,0,34,3060,0,0.0,0,0,0,0,0.0,7,0,1,0,191,0,12,7.12,0,0,12,57,37,95,0,25,0.0,0.0,0,0,0,0,0,0,0.0,10,1,0,0.0,0,94,0,0,16,94.12,294,176,998,1174,242.1,0,6,1421,8,4,0,Lazar Carević,Famalicão,886204,49531
6,16,22.54,92,10,50.0,130,53,183,72.05,9,34.62,17,20,4,0,0,0,61,10,3,8,0,0,20,0,0,37,6,130,0,1,3.7,2.99,30,0,8.0,0,2,6,21,16,5,2,0,,137,54.8,0,0,2,71,8,22,0,18,1492,1,3.0,0,0,1,1,100.0,0,1,0,2,292,12,0,7.12,0,2,0,0,0,0,0,0,746.0,0.0,7,13,12,11,6,34,44.16,0,28,16,57.14,22,27,77,71,146,52.9,20,191,63,254,142.4,25,2,718,75,6,0,Chiquinho,FC Alverca,1015826,190328
36,0,0.0,16,95,37.25,44,302,346,68.11,8,100.0,0,17,0,0,0,0,142,0,0,0,8,13,17,0,1,0,0,0,0,3,0.02,,1,0,0.0,106,0,0,12,12,0,0,0,3.06,2,100.0,0,20,0,162,0,0,0,17,1496,0,0.0,0,0,0,0,0.0,4,0,2,0,165,0,7,7.12,1,0,12,30,13,43,1,9,0.0,0.0,0,0,0,0,0,0,0.0,12,1,1,100.0,0,54,0,0,10,100.0,255,180,328,508,121.0,0,1,668,1,2,0,Andrew,Gil Vicente,947893,3010
56,0,0.0,6,82,43.62,25,622,647,85.58,3,100.0,0,32,0,0,0,0,255,0,0,0,14,23,32,0,0,0,0,0,1,1,0.01,,0,0,0.0,117,0,0,23,21,2,0,0,3.49,1,100.0,0,16,0,109,0,0,0,32,2880,0,0.0,0,0,0,0,0.0,5,0,1,0,110,0,11,7.11,0,0,21,41,34,76,0,17,0.0,0.0,0,0,0,0,0,0,0.0,21,0,0,0.0,0,74,0,0,4,100.0,188,87,669,756,227.6,0,2,1025,1,4,0,Rui Silva,Sporting CP,253809,3001
40,24,31.17,242,32,37.65,433,375,808,79.84,24,51.06,23,29,2,0,0,0,114,8,0,3,14,86,29,0,0,9,26,125,0,2,3.77,0.83,56,0,23.08,0,3,5,22,21,1,2,1,,114,52.78,0,0,1,204,22,27,1,29,2571,3,7.0,1,0,0,0,0.0,0,0,0,0,391,11,0,7.11,0,2,0,0,0,0,0,0,857.0,0.0,0,7,6,4,6,14,53.85,0,58,33,56.9,27,88,26,77,138,52.47,85,571,441,1012,206.1,13,4,1718,46,5,0,Rodrigo Pinheiro,Famalicão,991924,49531
69,2,50.0,322,90,67.16,725,567,1292,90.29,30,50.85,29,26,0,0,0,0,109,1,0,2,6,33,25,0,0,6,23,93,1,1,1.04,0.66,36,0,7.14,0,1,1,14,14,0,1,0,,78,54.93,0,0,2,139,33,7,1,21,1806,0,6.0,0,0,0,0,0.0,0,0,0,0,165,8,0,7.1,0,0,0,0,0,0,0,0,1806.0,0.0,1,5,9,7,5,3,42.86,0,44,29,65.91,7,91,7,4,108,53.73,134,822,609,1431,177.6,14,2,1681,31,7,0,Enzo Barrenechea,Benfica,1087316,3006
1,4,80.0,1,1,50.0,3,0,3,75.0,0,0.0,0,1,0,0,0,0,1,0,0,0,0,0,1,0,0,0,1,1,0,0,0.2,,0,0,0.0,0,0,0,0,0,0,0,0,,2,66.67,0,0,0,1,0,3,0,0,13,0,0.0,0,0,0,0,0.0,0,0,0,0,2,0,0,7.1,0,0,0,0,0,0,0,0,0.0,0.0,0,0,0,0,0,0,0.0,0,0,0,0.0,3,1,0,5,2,66.67,2,4,0,4,7.1,0,0,11,2,0,0,Rochinha,Famalicão,352874,49531
25,1,16.67,163,35,51.47,344,385,729,85.56,27,61.36,17,22,1,0,0,0,64,1,2,3,8,34,22,0,0,2,11,56,0,1,1.15,1.63,22,0,16.67,2,2,3,5,4,1,2,0,,46,54.12,0,0,0,123,14,7,0,12,1365,1,7.0,0,0,0,0,0.0,0,0,0,0,156,8,0,7.08,0,1,0,0,0,0,0,0,682.5,0.0,0,10,2,6,3,4,50.0,0,21,13,61.9,7,54,8,6,73,56.59,68,438,414,852,155.8,12,2,1056,22,6,0,Pablo Rosario,FC Porto,804472,3002
14,9,19.15,339,20,57.14,511,187,698,84.2,5,33.33,10,29,2,0,0,0,93,6,2,11,1,11,29,0,0,26,15,131,0,2,3.98,3.37,18,0,12.24,0,6,8,13,13,0,3,3,,110,47.62,0,0,5,131,10,29,5,24,1963,9,1.0,0,0,0,0,0.0,0,0,0,1,322,12,0,7.08,0,1,0,0,0,0,0,0,327.17,0.0,0,31,18,16,22,44,40.0,0,21,13,61.9,29,31,110,47,115,46.75,35,620,209,829,205.3,49,2,1305,45,1,0,Geny Catamo,Sporting CP,1001140,3001
1,2,40.0,8,3,42.86,17,26,43,78.18,1,100.0,0,5,0,0,0,0,8,0,0,0,0,9,4,0,0,3,1,8,0,0,0.03,0.2,0,0,50.0,0,1,1,4,3,1,1,0,,8,50.0,0,0,0,12,2,1,0,2,173,0,0.0,0,0,0,0,0.0,0,0,0,0,27,0,0,7.08,0,1,0,0,0,0,0,0,173.0,0.0,0,1,1,1,1,2,33.33,0,3,2,66.67,1,3,6,5,9,52.94,7,26,29,55,28.3,2,1,123,3,1,0,Gonçalo Esteves,FC Alverca,1130376,190328
19,0,0.0,47,35,58.33,235,565,800,92.17,31,63.27,18,15,1,0,0,0,38,1,0,2,1,58,15,0,0,0,2,34,1,2,0.39,1.23,17,0,18.18,12,2,3,12,10,2,1,1,,23,58.97,1,0,0,68,6,4,1,14,1063,0,9.0,0,0,0,1,0.0,0,0,0,1,77,0,0,7.07,0,0,0,0,0,0,0,0,531.5,0.0,0,10,1,6,3,0,0.0,0,11,7,63.64,4,38,0,0,54,61.36,60,276,592,868,106.1,11,2,1014,12,5,0,Vítor Carvalho,Sporting Braga,887754,2999
26,37,30.08,272,20,40.0,414,166,580,69.88,17,50.0,17,33,7,0,0,0,140,14,6,14,6,22,33,0,0,33,41,162,0,1,7.38,4.01,43,0,7.69,0,4,11,23,22,1,3,1,,133,47.84,0,0,0,250,15,35,3,30,2506,0,2.0,0,1,0,0,0.0,0,0,0,1,464,26,0,7.07,0,1,0,0,0,0,0,0,626.5,0.0,0,36,16,23,15,32,52.46,0,58,42,72.41,34,69,61,123,150,48.08,50,610,220,830,233.4,52,5,1417,43,8,0,Gil Dias,Famalicão,583838,49531
36,4,17.39,285,44,50.0,583,406,989,85.55,37,50.68,36,27,4,0,0,0,107,6,5,14,9,26,27,0,0,28,23,148,2,1,2.07,7.0,50,0,8.33,0,5,9,17,15,2,5,0,,141,55.73,2,0,0,167,17,22,0,26,2279,1,4.0,0,0,0,0,0.0,0,0,0,0,278,14,0,7.07,0,3,0,0,0,0,0,0,455.8,0.0,5,30,30,30,16,26,65.0,0,51,30,58.82,22,68,40,23,178,54.6,88,716,440,1156,190.9,60,4,1616,65,9,0,Richard Ríos,Benfica,1015292,3006
36,33,27.97,258,47,44.76,499,368,867,83.29,17,48.57,18,30,5,1,0,1,119,9,5,9,2,45,30,0,0,20,14,91,2,1,4.34,4.17,27,0,6.25,0,2,7,36,30,6,2,0,,115,61.17,1,0,2,174,13,40,1,29,2373,5,12.0,0,0,2,0,0.0,0,0,0,0,347,12,0,7.07,0,0,0,0,0,0,0,0,1186.5,0.0,7,14,18,11,12,14,50.0,0,51,33,64.71,40,99,28,118,132,59.19,105,639,402,1041,212.1,32,1,1561,52,5,0,Lincoln,FC Alverca,794928,190328
84,18,28.13,347,79,55.24,605,411,1016,77.5,9,39.13,14,33,11,0,0,0,171,13,2,9,2,13,33,0,0,32,36,175,0,2,5.65,4.39,32,0,12.0,0,6,17,55,48,7,6,0,,117,42.09,0,0,3,295,18,54,1,32,2798,3,3.0,0,0,0,1,0.0,0,0,0,1,522,31,0,7.07,0,5,0,0,0,0,0,0,466.33,0.0,0,29,21,20,21,33,34.74,0,45,26,57.78,54,167,95,64,126,41.86,143,838,473,1311,233.3,50,4,1853,39,8,0,João Carvalho,Estoril Praia,548044,4500
19,34,30.63,263,18,48.65,415,156,571,82.4,9,34.62,17,22,1,0,0,0,52,3,1,13,2,9,22,0,0,24,7,69,0,2,3.76,2.71,14,0,11.43,0,4,5,9,8,1,4,0,,72,58.06,0,0,0,122,5,38,3,17,1421,1,2.0,0,0,0,0,0.0,0,0,0,0,264,12,0,7.07,0,1,0,0,0,0,0,0,355.25,0.0,5,13,22,10,12,27,77.14,0,13,6,46.15,38,52,35,111,81,54.0,37,516,177,693,155.5,35,1,1032,33,2,0,Georgiy Sudakov,Benfica,1123925,3006
2,0,0.0,1,6,46.15,12,62,74,81.32,3,42.86,4,3,0,0,0,0,6,0,0,1,1,18,3,0,0,0,4,11,0,0,0.0,0.1,3,0,0.0,0,0,0,1,1,0,0,0,,5,41.67,0,0,0,17,3,1,0,2,195,0,2.0,0,0,0,0,0.0,0,0,0,0,17,0,0,7.07,0,0,0,0,0,0,0,0,0.0,0.0,0,2,0,1,0,3,100.0,0,2,0,0.0,1,6,3,0,8,42.11,13,23,68,91,21.2,2,0,124,0,0,0,Pedro Pacheco,Santa Clara,838502,3011
52,0,0.0,76,96,54.55,224,623,847,83.94,43,51.19,41,21,1,0,0,0,76,0,1,3,8,87,21,0,0,3,5,64,0,0,0.25,1.41,17,0,8.33,14,1,2,18,17,1,1,0,,37,61.67,0,0,0,162,32,6,0,18,1672,2,17.0,0,0,0,0,0.0,0,0,0,0,181,0,0,7.06,0,1,0,0,0,0,0,0,1672.0,0.0,0,9,3,5,4,4,80.0,0,22,14,63.64,6,112,5,2,80,55.56,176,328,681,1009,148.3,12,3,1254,11,4,0,Ibrahima Ba,Famalicão,1595506,49531
63,0,0.0,39,169,43.22,82,686,768,76.88,7,100.0,0,33,0,0,0,0,224,0,0,0,19,34,33,0,0,0,0,0,0,1,0.12,,0,0,0.0,143,0,0,15,14,1,0,0,1.72,3,100.0,0,12,0,231,0,0,0,33,2907,0,0.0,0,0,0,0,0.0,2,0,1,0,239,0,17,7.06,0,0,22,35,24,60,1,10,0.0,0.0,0,0,0,0,0,0,0.0,22,0,0,0.0,0,112,0,0,10,100.0,391,267,732,999,233.0,0,3,1236,4,3,0,Diogo Costa,FC Porto,843115,3002
12,2,25.0,46,8,44.44,109,136,245,88.13,6,30.0,14,9,2,0,0,0,19,2,0,1,0,12,7,0,1,0,1,20,0,0,0.29,0.18,5,0,0.0,2,0,2,1,1,0,0,0,,13,68.42,0,0,0,33,2,5,0,3,365,0,3.0,0,0,0,0,0.0,0,0,0,0,45,0,0,7.06,1,0,0,0,0,0,0,0,0.0,0.0,0,2,1,2,0,2,66.67,0,9,4,44.44,5,25,3,8,19,48.72,18,133,145,278,49.4,3,0,352,3,0,0,Matheus Reis,Sporting CP,797648,3001
33,16,21.92,195,41,56.16,328,243,571,80.08,45,46.39,52,31,5,0,0,0,138,15,4,12,7,26,31,0,1,67,11,198,0,0,5.14,5.35,29,0,11.36,0,5,10,41,36,5,5,0,,141,49.13,1,0,3,142,13,44,4,30,2573,6,3.0,0,0,0,0,0.0,0,0,0,0,412,21,0,7.05,1,0,0,0,0,0,0,0,514.6,0.0,0,24,20,19,13,51,53.13,0,39,23,58.97,44,71,96,73,186,48.44,73,445,268,713,218.6,44,2,1344,53,1,0,Abraham Marcus,CF Estrela Amadora,1090543,3035
10,18,24.0,98,15,57.69,155,58,213,79.48,4,57.14,3,17,3,0,0,0,37,8,4,12,0,6,17,0,0,9,2,37,0,1,4.15,2.7,9,0,0.0,0,0,3,7,4,3,0,0,,45,56.96,0,0,2,55,5,23,0,8,745,3,0.0,0,0,0,0,0.0,0,0,0,1,160,13,0,7.04,0,0,0,0,0,0,0,0,0.0,0.0,3,16,18,13,9,27,64.29,0,7,5,71.43,23,19,42,75,49,56.98,26,196,72,268,119.7,34,1,507,11,1,0,Dodi Lukebakio,Benfica,823631,3006
8,6,27.27,65,3,37.5,108,23,131,71.58,6,42.86,8,16,2,0,0,0,32,2,3,5,0,1,16,0,0,16,7,77,0,0,1.18,3.33,15,0,13.04,0,3,5,3,3,0,3,0,,73,51.41,0,0,0,52,1,10,2,11,819,7,0.0,0,0,0,0,0.0,0,0,0,2,167,6,0,7.04,0,1,0,0,0,0,0,0,273.0,0.0,0,14,9,7,11,27,46.55,0,18,13,72.22,10,11,58,22,79,50.64,8,154,29,183,112.6,23,2,434,28,2,0,Oskar Pietuszewski,FC Porto,1548929,3002
16,5,18.52,143,38,57.58,267,239,506,79.19,13,41.94,18,27,1,0,0,0,108,4,3,13,0,10,27,0,0,28,7,114,0,2,1.47,4.24,43,0,12.73,0,7,8,31,30,1,7,0,,123,56.16,2,0,4,133,9,20,1,17,1678,3,1.0,0,0,1,0,100.0,0,1,0,1,286,15,0,7.03,0,4,0,0,0,0,0,0,239.71,0.0,15,23,32,19,23,31,60.78,0,35,28,80.0,20,44,51,27,136,54.4,66,373,266,639,189.9,55,4,1067,57,5,0,Jovane Cabral,CF Estrela Amadora,845802,3035
18,0,0.0,22,22,40.0,97,232,329,84.58,15,65.22,8,9,0,0,0,0,26,0,2,2,1,45,9,0,0,0,3,21,0,1,0.19,0.99,8,0,25.0,1,2,2,11,9,2,2,0,,23,63.89,0,0,0,60,17,3,1,9,784,1,8.0,0,0,0,0,0.0,0,0,0,0,66,0,0,7.03,1,1,0,0,0,0,0,0,392.0,0.0,0,6,2,3,3,2,50.0,0,16,8,50.0,3,32,4,1,38,64.41,55,135,254,389,63.3,8,0,512,5,1,1,Stefan Leković,CF Estrela Amadora,1146225,3035
25,46,26.14,205,22,37.93,344,199,543,70.43,61,53.04,54,33,8,0,0,0,119,8,7,13,2,28,33,0,0,27,24,168,0,0,4.62,5.66,25,0,6.52,0,3,11,53,48,5,2,1,,141,55.29,0,0,0,228,13,40,0,32,2776,11,4.0,0,0,1,0,100.0,0,1,0,1,504,22,0,7.03,1,3,0,0,0,0,0,0,925.33,0.0,9,23,23,17,16,29,40.85,0,39,27,69.23,40,56,71,176,202,54.59,58,525,246,771,232.0,46,2,1423,76,2,1,Jérémy Livolant,Casa Pia,826054,36365
41,0,0.0,65,199,34.08,133,461,594,60.43,9,90.0,1,34,0,0,0,0,299,0,0,0,7,42,34,2,0,0,1,3,2,2,0.11,0.15,0,0,0.0,252,0,0,55,48,7,0,0,-1.1,14,87.5,0,38,0,389,0,1,0,34,3060,0,0.0,0,0,0,0,0.0,11,0,1,0,398,0,18,7.03,0,0,26,75,34,114,1,30,0.0,0.0,0,1,0,1,0,0,0.0,23,3,2,66.67,1,72,1,0,23,88.46,584,464,519,983,239.0,1,3,1363,11,1,0,Bernardo Fontes,Tondela,1394935,38396
94,28,22.22,389,99,57.56,665,535,1200,82.36,20,32.79,41,33,8,0,0,0,165,8,1,23,5,21,33,0,1,26,37,157,0,1,4.38,4.05,36,1,5.26,0,4,12,34,30,4,1,3,,117,50.21,0,0,3,257,27,58,0,33,2770,2,1.0,0,1,0,0,0.0,0,0,0,1,471,18,0,7.03,1,4,0,0,0,0,0,0,692.5,14.29,7,14,62,30,23,13,41.94,0,52,27,51.92,57,190,31,126,137,46.6,172,857,600,1457,231.9,76,1,2021,52,3,0,Luís Esteves,Gil Vicente,1097527,3010
25,0,0.0,128,51,67.11,365,626,991,93.05,35,57.38,26,17,1,0,0,0,75,0,0,4,6,59,16,0,0,0,5,57,1,1,0.52,0.94,28,0,0.0,9,0,1,10,10,0,0,0,,19,38.0,0,0,0,74,13,3,0,15,1297,0,7.0,0,0,0,0,0.0,0,0,0,0,81,0,0,7.03,0,0,0,0,0,0,0,0,0.0,0.0,0,10,1,5,2,0,0.0,0,11,10,90.91,3,51,0,3,54,48.65,76,410,655,1065,112.4,11,0,1203,8,5,0,Ousmane Diomande,Sporting CP,1394342,3001
5,0,0.0,3,36,31.58,18,108,126,60.87,5,100.0,0,9,0,0,0,0,81,0,0,0,0,14,9,0,0,1,0,1,0,0,0.0,,0,0,0.0,67,0,0,11,9,2,0,0,-0.09,3,75.0,0,5,0,81,0,0,0,9,810,0,0.0,0,0,0,0,0.0,0,0,0,0,85,0,5,7.02,0,0,9,16,12,28,0,11,0.0,0.0,0,0,0,0,0,0,0.0,9,0,0,0.0,0,8,0,0,8,88.89,114,66,141,207,63.2,0,1,319,5,1,0,Matheus Mendes,FC Alverca,1018555,190328
10,1,25.0,40,9,64.29,80,74,154,70.64,26,48.15,28,15,1,0,0,0,25,1,4,4,0,7,15,0,0,23,7,88,0,0,0.27,6.91,22,0,32.14,0,9,10,12,11,1,9,0,,31,34.07,2,0,0,64,2,7,2,14,994,5,0.0,0,0,0,0,0.0,0,0,0,0,134,5,0,7.02,0,5,0,0,0,0,0,0,110.44,0.0,0,24,4,7,17,8,47.06,0,6,2,33.33,7,17,17,4,57,39.31,14,115,103,218,105.3,28,1,396,19,1,0,Guilherme Schettine,Moreirense,856119,3014
0,0,0.0,13,0,0.0,14,12,26,86.67,4,44.44,5,7,1,0,0,0,0,1,3,0,0,0,5,0,0,3,0,13,0,0,0.55,2.33,4,0,33.33,0,2,3,4,4,0,2,0,,9,52.94,0,0,0,4,0,2,1,2,180,2,0.0,0,0,0,0,0.0,0,0,0,0,16,0,0,7.02,0,1,0,0,0,0,0,0,90.0,0.0,0,6,0,2,4,0,0.0,0,2,2,100.0,2,0,1,0,13,50.0,0,18,12,30,35.1,6,0,59,7,0,0,Rafael Nel,Sporting CP,1464415,3001
11,0,0.0,163,10,45.45,262,152,414,68.89,143,47.04,161,33,0,0,0,1,76,0,14,24,4,45,33,0,0,45,8,271,0,0,1.06,17.29,45,1,16.67,0,18,18,37,35,2,16,2,,75,40.54,3,0,1,187,3,26,2,33,2892,11,5.0,0,0,7,0,85.71,0,6,0,2,345,20,0,7.02,0,13,0,0,0,0,0,0,160.67,100.0,1,88,20,39,45,25,54.35,0,13,11,84.62,26,30,46,6,218,44.58,22,423,178,601,231.6,108,2,1100,42,6,0,Jesús Ramírez,CD Nacional,987597,3013
48,17,27.87,442,54,42.19,807,567,1374,85.66,18,34.62,34,33,1,0,0,0,145,2,0,5,11,46,33,0,0,11,35,119,1,0,4.46,0.61,24,0,5.88,0,1,2,24,21,3,1,0,,137,61.71,0,0,0,230,24,35,1,32,2862,3,6.0,0,0,0,1,0.0,0,0,0,0,360,5,0,7.02,0,0,0,0,0,0,0,0,2862.0,0.0,0,7,10,6,6,21,55.26,0,88,56,63.64,35,104,38,61,155,56.57,128,973,631,1604,231.5,17,1,2303,28,3,0,Samuel Dahl,Benfica,993101,3006
23,9,31.03,91,20,58.82,176,108,284,78.67,2,22.22,7,16,2,0,0,0,42,4,0,11,0,3,16,0,0,18,6,50,0,0,1.33,1.9,13,0,11.11,0,4,6,21,18,3,2,2,,40,48.19,0,0,1,77,0,15,3,14,1048,0,1.0,0,0,0,0,0.0,0,0,0,0,141,6,0,7.01,0,1,0,0,0,0,0,0,262.0,0.0,4,11,25,15,10,10,62.5,0,20,11,55.0,15,46,16,29,42,45.65,34,241,120,361,112.2,36,1,539,10,3,0,Rony Lopes,Tondela,190147,38396
15,1,100.0,48,12,46.15,227,252,479,92.83,17,80.95,4,8,0,0,0,0,27,1,0,0,3,27,8,0,0,0,1,7,0,0,0.29,0.16,2,0,0.0,1,0,0,7,6,1,0,0,,8,72.73,0,0,0,37,6,2,0,6,576,1,2.0,1,0,0,0,0.0,0,0,0,0,39,2,0,7.01,0,0,0,0,0,0,0,0,0.0,0.0,0,2,1,1,2,1,100.0,0,4,1,25.0,2,29,1,1,25,78.13,26,256,260,516,56.1,3,0,578,4,0,0,Thiago Silva,FC Porto,33541,3002
21,15,28.3,145,12,54.55,245,162,407,74.41,26,46.43,30,27,2,0,0,0,74,6,5,10,1,21,27,0,0,39,20,151,0,0,3.5,5.28,28,0,14.29,1,6,8,27,21,6,5,1,,112,48.07,1,0,1,140,12,28,1,24,1886,4,2.0,0,0,0,0,0.0,0,0,0,0,318,10,0,7.01,0,4,0,0,0,0,0,0,314.33,0.0,0,23,19,13,19,34,48.57,0,26,17,65.38,28,40,70,53,138,47.75,22,350,197,547,189.3,42,4,983,52,3,0,Figueiredo,FC Alverca,1105790,190328
46,0,0.0,19,146,39.57,68,422,490,68.34,5,83.33,1,21,0,0,0,0,176,0,0,0,3,28,21,1,0,0,2,4,0,1,0.02,,1,0,0.0,203,0,0,38,34,4,0,0,-0.91,3,50.0,0,13,0,227,0,0,0,21,1890,0,0.0,0,0,0,1,0.0,3,0,0,0,235,0,18,7.0,0,0,6,52,25,77,0,16,0.0,0.0,0,0,0,0,0,0,0.0,5,0,0,0.0,0,68,0,0,8,66.67,369,226,491,717,147.1,0,1,954,4,6,0,Cezary Miszta,Rio Ave,938292,3036
25,15,23.81,175,30,45.45,332,388,720,80.9,29,54.72,24,29,8,0,0,0,102,9,3,8,7,53,29,0,0,23,12,148,0,1,4.12,1.78,60,0,4.17,0,1,9,14,12,2,1,0,,122,49.59,0,0,0,170,30,28,0,25,2231,1,9.0,0,0,0,0,0.0,0,0,0,2,379,6,0,7.0,0,1,0,0,0,0,0,0,2231.0,0.0,0,15,9,10,6,27,47.37,0,61,43,70.49,28,50,57,63,151,50.5,66,453,437,890,203.1,24,0,1609,34,7,0,Alberto Costa,FC Porto,1160957,3002
24,0,0.0,44,183,31.5,139,395,534,57.05,8,88.89,1,28,0,0,0,0,252,0,0,0,7,46,28,1,0,0,1,2,1,4,0.06,,0,0,0.0,267,0,0,35,33,2,0,0,4.89,11,91.67,0,19,0,402,0,0,0,28,2520,0,0.0,0,0,0,0,0.0,8,0,4,0,408,0,15,7.0,0,0,29,61,25,87,1,21,0.0,0.0,0,0,0,0,0,1,100.0,29,0,0,0.0,0,49,1,0,19,90.48,581,507,429,936,195.9,0,5,1228,12,4,0,Kaique,CD Nacional,1167067,3013
122,3,37.5,151,192,53.93,472,937,1409,83.27,46,51.11,44,32,0,0,0,0,109,1,2,5,5,172,32,0,0,2,18,97,1,4,0.75,2.05,32,0,11.76,17,2,2,49,39,10,2,0,,86,61.87,2,0,0,283,46,7,0,32,2835,1,36.0,0,0,0,1,0.0,0,0,0,0,313,2,0,6.99,1,0,0,0,0,0,0,0,1417.5,0.0,0,14,3,8,4,4,57.14,0,75,44,58.67,7,232,7,8,132,57.64,356,665,1027,1692,223.8,17,3,2160,7,7,1,Kaiky Naves,FC Alverca,1167068,190328
14,1,33.33,71,17,26.98,200,459,659,90.15,36,69.23,16,11,0,0,0,0,35,2,2,2,3,60,11,0,0,1,3,29,0,0,0.46,1.62,10,0,0.0,11,0,0,6,5,1,0,0,,20,60.61,0,0,1,72,7,5,0,11,938,1,5.0,0,0,0,0,0.0,0,0,0,1,78,1,0,6.99,0,0,0,0,0,0,0,0,0.0,0.0,0,10,1,8,1,6,100.0,0,10,6,60.0,5,33,6,3,56,65.88,63,253,478,731,76.9,11,1,864,4,2,0,Sikou Niakaté,Sporting Braga,868235,2999
53,0,0.0,286,80,45.2,786,1079,1865,89.79,95,72.52,36,28,0,0,0,0,80,0,2,6,7,112,28,0,0,3,15,101,0,1,1.35,2.45,46,0,11.11,7,2,2,28,26,2,2,0,,57,46.72,2,0,1,212,26,8,0,26,2391,1,9.0,0,0,0,1,0.0,0,0,0,2,232,4,0,6.99,1,0,0,0,0,0,0,0,1195.5,0.0,0,17,1,8,4,7,70.0,0,27,15,55.56,8,117,10,2,152,60.08,177,940,1137,2077,195.7,18,3,2387,25,6,1,Gustaf Lagerbielke,Sporting Braga,965263,2999
21,1,100.0,28,27,30.68,72,245,317,78.27,46,74.19,16,17,0,0,0,0,42,0,1,3,2,107,16,0,0,0,4,27,0,1,0.2,0.52,8,0,7.69,3,1,1,17,14,3,1,0,,29,72.5,1,0,0,88,12,1,0,12,1032,1,9.0,0,0,0,0,0.0,0,0,0,0,94,1,0,6.99,0,0,0,0,0,0,0,0,1032.0,0.0,0,10,3,8,2,2,100.0,0,24,13,54.17,1,59,2,1,75,73.53,88,142,263,405,111.8,13,2,597,3,2,0,Aderllan Santos,AVS - Futebol SAD,129617,483088
34,0,0.0,50,56,54.9,201,614,815,90.15,21,58.33,15,15,1,0,0,0,45,1,0,1,4,71,15,0,0,1,5,31,0,0,0.83,0.25,10,0,0.0,16,0,1,15,12,3,0,0,,20,55.56,0,0,0,89,10,6,0,15,1227,1,19.0,0,0,0,0,0.0,0,0,0,0,100,1,0,6.99,0,0,0,0,0,0,0,0,0.0,0.0,0,5,1,4,1,0,0.0,0,15,9,60.0,6,60,0,2,41,56.94,102,254,650,904,104.8,6,2,1063,5,6,0,Javi Sánchez,FC Arouca,943713,25777
54,6,31.58,273,42,54.55,561,507,1068,86.55,19,55.88,15,30,0,0,0,1,123,4,1,5,13,37,30,0,0,9,19,75,0,1,3.2,2.88,27,0,8.0,0,2,2,15,14,1,2,0,,66,52.38,0,0,2,166,27,19,1,27,2320,0,12.0,0,0,2,0,50.0,0,1,0,0,213,8,0,6.98,0,1,0,0,0,0,0,0,1160.0,0.0,2,6,19,10,10,12,70.59,0,29,13,44.83,19,88,17,19,85,53.13,77,684,550,1234,209.3,25,0,1500,25,8,0,Alan Varela,FC Porto,1066560,3002
19,21,29.17,278,10,43.48,375,78,453,78.78,10,38.46,16,29,5,0,0,0,83,5,3,11,0,4,29,0,1,20,22,124,0,0,4.18,3.31,18,0,6.67,0,3,8,15,14,1,3,0,,110,50.46,0,0,1,122,8,45,0,17,1551,3,0.0,0,2,0,0,0.0,0,0,0,1,298,22,0,6.97,1,3,0,0,0,0,0,0,517.0,0.0,0,26,19,19,15,53,51.46,0,19,12,63.16,43,29,103,72,120,49.18,23,481,94,575,202.2,45,2,1039,39,8,0,Gianluca Prestianni,Benfica,1201395,3006
50,2,40.0,261,77,63.11,548,650,1198,86.06,47,52.22,43,32,0,0,0,0,131,5,0,15,10,68,32,0,0,12,21,118,0,0,2.29,1.08,44,0,0.0,0,0,0,24,23,1,0,0,,83,52.53,0,0,1,194,20,13,0,31,2753,0,5.0,0,0,0,0,0.0,0,0,0,0,229,15,0,6.97,0,0,0,0,0,0,0,0,0.0,0.0,0,3,29,13,4,3,100.0,0,57,44,77.19,13,86,3,5,130,52.42,122,695,697,1392,223.0,32,2,1701,24,9,0,Tom Van De Looi,Famalicão,836676,49531
57,0,0.0,132,109,44.67,373,672,1045,81.01,88,70.97,36,30,1,0,0,0,115,0,1,9,8,202,30,0,0,3,12,114,3,1,0.55,2.99,58,0,11.43,0,4,5,38,35,3,4,0,,84,51.85,0,0,0,245,46,10,4,30,2673,1,26.0,0,0,0,1,0.0,0,0,0,0,278,1,0,6.97,2,0,0,0,0,0,0,0,668.25,0.0,1,21,14,17,9,6,50.0,0,58,39,67.24,10,134,12,5,172,60.14,244,553,737,1290,209.0,35,2,1796,20,6,2,Ze Vitor,CD Nacional,1112474,3013
13,1,25.0,56,31,42.47,137,254,391,83.55,18,62.07,11,12,0,0,0,0,30,1,0,1,2,45,11,0,0,2,4,25,0,1,0.31,0.56,6,0,10.0,1,1,1,7,6,1,1,0,,19,57.58,1,0,0,77,8,5,0,7,751,0,0.0,0,0,0,0,0.0,0,0,0,0,97,1,0,6.96,0,0,0,0,0,0,0,0,751.0,0.0,2,6,4,4,5,4,66.67,0,9,7,77.78,5,34,6,4,37,59.68,73,194,274,468,76.6,10,0,610,7,2,0,Matheus Araújo,Santa Clara,1105841,3011
36,3,20.0,138,33,52.38,273,292,565,83.21,6,46.15,7,19,0,0,0,0,99,4,0,4,5,16,19,0,0,21,28,88,0,0,1.63,0.7,25,0,11.76,0,2,2,31,25,6,0,2,,100,55.25,0,0,0,114,13,14,0,19,1630,0,4.0,0,0,0,0,0.0,0,0,0,1,178,5,0,6.96,0,2,0,0,0,0,0,0,815.0,0.0,0,5,12,7,6,17,65.38,0,47,31,65.96,14,71,26,15,106,54.64,63,345,334,679,132.3,17,1,943,36,3,0,Alexsandro Amorim,FC Alverca,1511706,190328
10,2,8.0,254,10,76.92,443,186,629,83.42,2,22.22,7,30,5,0,0,0,76,8,2,5,2,8,30,0,0,50,13,170,0,0,3.84,1.65,9,0,11.11,0,3,8,26,22,4,2,1,,143,46.73,0,0,2,125,4,40,3,21,1836,1,0.0,0,0,0,1,0.0,0,0,0,0,369,20,0,6.96,0,0,0,0,0,0,0,0,612.0,0.0,0,19,8,11,11,79,46.2,0,18,10,55.56,40,19,171,25,145,46.03,13,545,209,754,208.8,27,2,1256,46,3,0,Rafik Guitane,Estoril Praia,826210,4500
15,0,0.0,13,82,45.3,52,212,264,71.93,4,100.0,0,15,0,0,0,0,90,0,0,0,6,4,15,1,0,1,0,1,1,1,0.01,,0,0,0.0,92,0,0,19,18,1,0,0,-2.1,2,66.67,0,6,0,103,0,0,0,15,1350,0,0.0,1,0,0,0,0.0,3,0,0,0,107,0,2,6.96,0,0,3,23,21,44,0,11,0.0,0.0,0,0,0,0,0,1,100.0,3,1,0,0.0,0,28,1,0,6,85.71,181,125,242,367,104.4,0,0,477,1,1,0,Juan Castillo,Vitória SC,1175004,3009
3,0,0.0,23,11,39.29,72,155,227,89.72,17,77.27,5,10,0,0,0,0,16,0,0,1,2,27,10,0,0,0,1,10,0,0,0.17,0.07,4,0,0.0,1,0,0,4,4,0,0,0,,12,70.59,0,0,0,26,13,2,0,3,374,0,6.0,0,0,0,0,0.0,0,0,0,0,28,1,0,6.96,0,0,0,0,0,0,0,0,0.0,0.0,0,2,0,1,0,0,0.0,0,8,7,87.5,2,8,0,0,29,74.36,28,87,166,253,69.6,2,0,324,4,0,0,Kevyn Monteiro,Moreirense,1819304,3014
80,7,17.5,132,126,45.32,391,759,1150,82.32,47,72.31,18,27,2,0,0,0,83,2,1,3,7,115,27,0,0,2,4,55,0,0,1.02,1.03,30,0,6.67,15,1,3,36,35,1,1,0,,41,52.56,0,0,0,247,34,13,1,26,2279,4,20.0,1,0,0,0,0.0,0,0,0,0,338,2,0,6.96,0,0,0,0,0,0,0,0,2279.0,0.0,1,12,3,10,2,3,75.0,0,35,18,51.43,13,181,4,40,88,61.54,278,576,821,1397,187.9,15,2,1790,3,6,0,Rodrigo Abascal,Vitória SC,846416,3009
6,1,25.0,116,3,60.0,164,58,222,76.29,5,41.67,7,16,0,0,0,0,30,1,6,3,0,0,16,0,0,14,13,46,0,0,1.63,4.24,4,0,20.0,0,5,5,9,8,1,5,0,,53,57.61,0,0,1,69,1,10,2,11,936,3,0.0,0,0,0,0,0.0,0,0,0,0,124,5,0,6.96,0,3,0,0,0,0,0,0,187.2,0.0,0,22,3,9,13,15,65.22,0,13,11,84.62,10,13,23,4,58,55.77,5,229,62,291,111.3,25,2,455,25,0,0,Rafa Silva,Benfica,252577,3006
51,2,20.0,316,48,62.34,641,388,1029,86.4,28,58.33,20,31,4,0,0,0,117,3,1,4,2,33,31,0,0,7,22,98,0,1,3.07,1.32,41,0,7.14,0,1,5,12,12,0,1,0,,71,47.65,1,0,0,162,19,20,0,23,1834,1,8.0,0,0,0,2,0.0,0,0,0,0,226,8,0,6.95,0,0,0,0,0,0,0,0,1834.0,0.0,0,7,7,7,3,11,50.0,0,49,27,55.1,20,80,22,10,99,50.25,77,765,426,1191,215.6,14,3,1474,11,3,0,Hidemasa Morita,Sporting CP,926560,3001
6,6,23.08,108,6,35.29,200,181,381,86.0,13,72.22,5,17,1,0,0,0,53,2,1,2,3,16,17,0,0,10,5,37,0,0,0.99,1.23,8,0,16.67,0,1,2,3,2,1,1,0,,38,54.29,0,0,0,62,10,18,0,11,995,0,3.0,0,0,0,0,0.0,0,0,0,0,136,8,0,6.95,0,1,0,0,0,0,0,0,995.0,0.0,0,3,3,3,1,8,47.06,0,17,9,52.94,18,12,17,26,51,57.95,17,244,199,443,118.2,6,0,694,13,2,0,Zaidu Sanusi,FC Porto,987510,3002
35,0,0.0,13,124,31.31,61,785,846,74.93,11,91.67,1,33,0,0,0,0,239,0,0,0,12,51,33,0,0,0,1,2,0,0,0.02,,0,0,0.0,144,0,0,33,29,4,0,0,3.81,5,83.33,0,16,0,283,0,0,0,33,2960,0,0.0,0,0,0,0,0.0,6,0,2,0,287,0,16,6.95,0,0,45,47,27,74,0,19,0.0,0.0,0,0,0,0,0,1,100.0,45,0,0,0.0,0,77,1,0,16,88.89,396,272,857,1129,229.4,0,1,1410,5,4,0,Lukáš Horníček,Sporting Braga,963744,2999
31,5,20.0,247,36,69.23,414,289,703,82.51,17,40.48,25,30,2,0,0,0,142,5,3,8,6,17,30,0,1,34,33,188,0,2,3.45,2.83,62,0,11.11,0,4,6,19,19,0,4,0,,198,54.85,0,0,1,149,28,25,0,30,2468,4,4.0,0,0,0,1,0.0,0,0,0,0,311,13,0,6.95,1,4,0,0,0,0,0,0,617.0,0.0,0,23,13,19,9,41,53.95,0,81,46,56.79,25,57,76,25,215,53.35,52,529,323,852,208.4,36,5,1391,76,8,0,Mathias De Amorim,Famalicão,1511656,49531
67,0,0.0,66,85,41.46,279,621,900,80.29,97,73.48,35,26,0,0,0,0,93,0,1,1,6,160,26,0,0,7,15,87,3,4,0.38,0.65,28,0,0.0,17,0,0,32,29,3,0,0,,61,53.98,0,0,0,221,27,4,0,24,2062,1,19.0,0,0,0,1,0.0,0,0,0,0,250,1,0,6.95,0,0,0,0,0,0,0,0,0.0,0.0,0,6,3,7,1,3,50.0,0,43,27,62.79,4,152,6,0,158,64.49,205,437,684,1121,180.6,9,3,1493,16,6,0,Bernardo Schappo,CF Estrela Amadora,1017590,3035
44,23,26.74,200,60,50.0,344,282,626,82.04,9,36.0,16,24,3,0,0,0,58,2,0,1,8,56,24,0,0,2,14,56,1,0,2.52,0.4,22,0,20.0,0,1,4,13,12,1,1,0,,29,42.03,0,0,1,137,19,22,1,20,1708,0,4.0,0,0,0,0,0.0,0,0,0,0,249,3,0,6.95,0,0,0,0,0,0,0,0,1708.0,0.0,0,3,2,2,2,4,57.14,0,22,13,59.09,22,91,7,86,38,40.43,120,431,332,763,166.7,5,0,1195,3,4,0,Rafa Soares,Famalicão,190137,49531
41,10,15.87,202,50,37.59,384,476,860,75.77,35,56.45,27,31,2,0,0,0,160,5,1,16,2,88,31,0,0,20,36,146,0,1,2.37,2.33,35,0,2.27,0,1,3,43,36,7,1,0,,162,57.65,0,0,1,275,54,27,0,30,2531,2,13.0,0,0,0,0,0.0,0,0,0,0,447,13,0,6.95,1,1,0,0,0,0,0,0,2531.0,0.0,3,17,27,10,18,42,60.0,0,83,57,68.67,27,97,70,63,197,57.43,133,585,550,1135,215.3,44,4,1968,37,3,1,Marios Vrousai,Rio Ave,848521,3036
68,3,23.08,508,51,59.3,1185,810,1995,92.02,21,45.65,25,31,1,0,0,0,147,3,4,6,4,18,31,0,0,12,42,119,1,2,3.05,2.54,35,0,4.35,0,1,2,28,25,3,1,0,,73,43.71,0,0,2,173,20,16,0,27,2194,0,9.0,0,1,1,0,100.0,0,1,0,0,226,14,0,6.95,0,1,0,0,0,0,0,0,2194.0,0.0,1,11,12,8,9,7,46.67,0,50,26,52.0,15,116,15,13,94,44.13,86,1318,850,2168,215.3,23,0,2443,16,6,0,João Moutinho,Sporting Braga,6562,2999
53,9,42.86,201,63,56.25,504,592,1096,87.33,15,48.39,16,33,3,0,0,0,141,1,0,5,3,45,33,0,1,22,32,101,1,0,2.27,0.87,19,0,14.29,0,4,7,52,47,5,0,4,,113,57.07,0,0,1,159,27,21,1,29,2547,0,7.0,1,3,0,0,0.0,0,0,0,0,241,13,0,6.94,1,3,0,0,0,0,0,0,636.75,0.0,0,2,26,15,8,18,58.06,0,55,40,72.73,18,92,31,21,128,55.9,112,613,642,1255,229.0,28,3,1627,40,2,0,Taichi Fukui,FC Arouca,1105857,25777
34,23,25.0,204,40,47.06,346,124,470,71.76,15,25.0,45,33,2,0,0,0,135,8,4,13,4,21,33,0,0,40,45,213,0,1,3.73,4.71,40,0,6.56,0,4,6,35,33,2,4,0,,166,49.7,0,0,1,185,11,44,1,33,2825,11,1.0,0,0,0,0,0.0,0,0,0,0,451,29,0,6.94,0,3,0,0,0,0,0,0,706.25,0.0,1,30,31,22,26,46,49.46,0,48,23,47.92,44,84,93,92,181,45.94,85,497,158,655,228.9,61,3,1309,72,6,0,Paulinho Bóia,CD Nacional,912781,3013
62,42,33.87,229,53,50.48,425,410,835,81.62,17,41.46,24,28,4,0,0,0,114,7,0,7,2,32,28,0,0,17,22,121,0,3,3.78,0.99,40,0,0.0,0,0,4,31,29,2,0,0,,116,54.46,0,0,0,188,25,46,0,27,2340,1,11.0,0,1,0,1,0.0,0,0,0,0,359,13,0,6.94,0,0,0,0,0,0,0,0,0.0,0.0,6,2,23,13,5,11,36.67,0,68,44,64.71,45,116,30,124,133,52.36,105,571,452,1023,194.2,25,0,1520,38,6,0,Liziero,CD Nacional,822510,3013
15,2,6.67,169,17,70.83,273,199,472,78.15,20,30.77,45,34,1,0,0,0,73,2,9,17,3,37,34,0,0,38,9,144,0,2,1.8,13.03,24,0,25.32,0,20,21,49,42,7,19,1,,69,41.07,0,0,3,132,8,19,5,31,2726,24,2.0,0,0,5,1,100.0,0,5,0,0,297,19,0,6.94,0,15,0,0,0,0,0,0,136.3,0.0,0,61,18,27,35,25,44.64,0,12,5,41.67,19,26,56,30,89,38.2,24,384,220,604,235.8,79,5,1030,32,1,0,Yanis Begraoui,Estoril Praia,930246,4500
4,7,12.73,110,13,56.52,166,46,212,70.2,6,26.09,17,28,1,0,0,0,46,6,1,12,2,6,27,0,1,16,22,119,0,0,2.56,5.15,31,0,19.05,0,8,9,8,7,1,6,2,,70,40.7,0,0,2,90,5,14,6,9,1168,1,1.0,0,0,1,0,100.0,0,1,0,0,232,13,0,6.93,1,2,0,0,0,0,0,0,146.0,0.0,0,25,17,12,18,22,37.93,0,27,18,66.67,14,13,58,55,76,38.97,23,238,64,302,187.0,42,2,633,21,5,0,William Gomes,FC Porto,1639250,3002
38,39,26.53,341,42,64.62,593,375,968,88.64,1,4.55,21,33,5,0,0,1,85,9,2,11,6,16,33,0,0,33,17,132,0,1,4.49,3.52,39,0,12.2,0,5,10,38,34,4,4,1,,98,46.89,0,0,1,124,4,42,0,32,2703,5,4.0,0,1,2,0,50.0,0,1,0,0,349,15,0,6.92,0,5,0,0,0,0,0,0,540.6,0.0,6,18,23,12,18,18,43.9,0,27,15,55.56,41,65,41,147,99,42.86,65,695,397,1092,228.5,41,3,1604,53,8,0,Alan,Moreirense,905455,3014
21,16,18.82,182,37,49.33,370,337,707,78.29,15,41.67,21,29,3,0,0,0,116,7,3,15,5,45,29,0,0,25,26,157,1,2,3.19,2.82,45,0,12.5,0,5,8,41,37,4,3,2,,147,51.94,0,0,1,196,29,24,2,27,2437,5,5.0,0,1,0,1,0.0,0,0,0,0,422,8,0,6.92,0,3,0,0,0,0,0,0,487.4,0.0,2,18,22,13,12,40,47.62,0,60,42,70.0,23,53,84,85,162,50.78,75,498,405,903,200.8,40,2,1585,48,2,0,Diogo Travassos,Moreirense,1142578,3014
19,2,18.18,193,17,68.0,283,160,443,70.09,69,44.52,86,33,4,0,0,1,76,7,19,20,7,15,33,0,0,48,11,189,0,0,2.9,21.67,15,0,23.16,0,22,26,20,17,3,22,0,,70,40.46,3,0,3,189,1,36,4,30,2667,20,1.0,0,0,11,0,90.91,0,10,0,0,339,32,0,6.92,0,15,0,0,0,0,0,0,121.23,0.0,0,78,17,28,47,14,31.11,0,18,9,50.0,36,36,45,11,139,42.38,25,442,190,632,228.4,95,4,1045,40,3,0,Vangelis Pavlidis,Benfica,795236,3006
2,0,0.0,32,2,50.0,66,49,115,87.12,5,50.0,5,12,0,0,0,0,11,0,0,5,0,4,12,0,0,2,5,17,0,0,0.09,0.88,2,0,30.0,0,3,3,7,6,1,3,0,,20,62.5,0,0,0,17,0,1,0,1,295,0,2.0,0,0,0,0,0.0,0,0,0,1,31,2,0,6.92,0,3,0,0,0,0,0,0,98.33,0.0,0,8,2,2,3,10,76.92,0,7,4,57.14,1,6,13,3,25,59.52,4,80,52,132,83.0,10,0,190,3,1,0,Seko Fofana,FC Porto,191188,3002
15,3,15.0,310,15,55.56,528,245,773,85.32,21,41.18,30,32,4,0,0,0,80,7,7,12,3,22,32,0,0,26,19,134,0,0,2.61,9.6,31,0,20.83,0,10,14,30,27,3,10,0,,95,47.74,3,0,1,133,5,20,1,27,2269,10,2.0,0,0,1,0,100.0,0,1,0,0,278,17,0,6.92,0,6,0,0,0,0,0,0,226.9,0.0,0,39,9,13,23,38,55.07,0,26,15,57.69,20,28,69,20,116,46.4,27,635,271,906,221.3,48,1,1308,32,5,0,Pau Víctor,Sporting Braga,1031567,2999
49,30,28.85,284,57,58.16,530,412,942,84.94,23,48.94,24,32,3,0,0,0,163,6,1,15,5,22,32,0,0,25,21,132,0,0,3.95,4.8,48,0,10.26,0,4,7,37,36,1,4,0,,122,53.04,0,0,0,167,17,43,0,31,2580,3,3.0,0,0,4,0,100.0,0,4,0,1,332,22,0,6.92,0,4,0,0,0,0,0,0,645.0,0.0,1,13,26,14,10,19,52.78,0,58,35,60.34,43,88,36,104,145,52.35,98,644,465,1109,221.3,39,0,1589,45,9,0,Serginho,Santa Clara,1019184,3011
2,8,20.0,100,5,35.71,185,119,304,82.16,16,57.14,12,15,1,0,0,0,47,4,3,1,2,17,14,0,0,7,8,47,0,0,1.04,2.04,16,0,14.29,0,2,3,8,6,2,2,0,,39,52.7,0,0,2,66,11,10,2,11,875,1,4.0,0,0,0,0,0.0,0,0,0,0,126,1,0,6.91,0,0,0,0,0,0,0,0,437.5,0.0,0,13,1,8,5,4,40.0,0,19,18,94.74,10,8,10,40,55,53.92,14,232,138,370,96.8,14,2,611,16,3,0,Ricardo Mangas,Sporting CP,878496,3001
23,45,26.16,263,30,56.6,393,199,592,78.83,13,37.14,22,32,4,0,0,0,129,4,8,16,3,11,32,0,0,44,13,128,0,0,4.63,11.29,12,0,14.86,0,11,15,33,27,6,11,0,,90,45.92,0,0,3,159,8,40,10,30,2589,8,2.0,0,0,6,1,100.0,0,6,0,0,440,25,0,6.91,0,1,0,0,0,0,0,0,235.36,0.0,6,42,32,26,32,34,46.58,0,31,18,58.06,40,63,73,172,103,44.59,53,512,239,751,221.2,74,1,1357,25,3,0,Murilo,Gil Vicente,611880,3010
58,17,31.48,329,78,65.55,503,271,774,75.22,58,55.24,47,32,2,0,0,0,122,11,6,12,9,41,32,0,0,24,34,199,0,1,4.42,5.16,76,0,9.09,0,4,6,22,21,1,4,0,,132,46.48,2,0,1,255,12,44,0,32,2711,3,3.0,0,1,0,0,0.0,0,0,0,0,400,18,0,6.91,0,2,0,0,0,0,0,0,677.75,0.0,0,29,15,18,14,15,39.47,0,46,31,67.39,43,99,38,54,190,48.84,119,711,318,1029,221.2,44,0,1519,72,7,0,Gustavo Sá,Famalicão,1563665,49531
38,0,0.0,89,62,51.67,303,626,929,88.39,41,52.56,37,18,0,0,0,0,56,0,3,1,8,101,18,0,0,2,5,62,1,2,0.33,1.38,17,0,7.69,12,1,1,20,20,0,1,0,,33,56.9,0,0,0,122,33,4,1,18,1620,1,12.0,0,0,0,0,0.0,0,0,0,0,144,1,0,6.91,0,0,0,0,0,0,0,0,1620.0,0.0,2,7,6,8,4,3,60.0,0,17,10,58.82,4,79,5,3,74,54.41,120,388,663,1051,124.4,13,0,1295,13,1,0,Óscar Rivas,Vitória SC,1168093,3009
6,0,0.0,69,9,64.29,164,143,307,89.24,11,73.33,4,10,1,0,0,0,18,1,0,1,2,12,9,0,0,2,3,19,0,0,0.59,0.13,7,0,0.0,0,0,1,4,4,0,0,0,,25,62.5,0,0,0,37,4,4,0,5,475,0,2.0,0,1,0,0,0.0,0,0,0,0,47,0,0,6.91,0,0,0,0,0,0,0,0,0.0,0.0,0,1,2,0,2,5,62.5,0,17,10,58.82,3,14,8,2,36,65.45,14,196,148,344,62.2,3,0,413,3,2,0,Demir Ege Tıknaz,Sporting Braga,1142613,2999
33,5,15.63,280,37,75.51,441,240,681,79.37,63,44.68,78,33,3,0,0,0,108,6,1,19,7,30,33,0,0,52,24,239,0,1,2.73,4.22,51,0,9.68,0,6,9,32,28,4,5,1,,143,47.04,1,0,2,177,9,46,4,31,2648,2,3.0,0,0,0,0,0.0,0,0,0,2,472,22,0,6.91,0,1,0,0,0,0,0,0,441.33,0.0,0,33,29,24,19,41,53.25,0,41,33,80.49,46,43,77,32,206,46.29,49,579,279,858,228.0,62,2,1565,64,5,0,Santi García,Gil Vicente,1084746,3010
17,6,18.18,67,20,43.48,159,226,385,82.8,10,45.45,12,20,1,0,0,0,57,1,0,2,5,33,20,0,0,6,9,50,0,1,0.67,0.06,14,0,25.0,0,1,2,6,6,0,0,1,,63,62.38,0,0,0,80,11,9,0,12,1119,1,1.0,0,0,0,0,0.0,0,0,0,0,158,9,0,6.91,1,1,0,0,0,0,0,0,1119.0,0.0,0,1,3,0,2,7,43.75,0,41,24,58.54,9,35,16,33,73,59.35,46,215,250,465,138.1,4,1,766,15,2,1,Martim Fernandes,FC Porto,1142585,3002
28,37,21.14,303,32,50.79,464,174,638,77.8,48,45.28,58,33,4,0,0,0,140,10,11,24,8,30,33,0,0,43,21,194,0,0,5.38,8.1,34,0,7.94,0,5,9,24,23,1,5,0,,151,52.61,2,0,1,182,19,42,0,33,2799,2,2.0,0,0,0,0,0.0,0,0,0,0,509,22,0,6.9,0,3,0,0,0,0,0,0,559.8,0.0,0,44,19,19,20,22,33.33,0,44,27,61.36,42,57,66,175,199,50.64,63,612,208,820,227.8,63,1,1568,88,7,0,Sorriso,Famalicão,1105595,49531
14,0,0.0,55,14,28.0,144,212,356,81.09,9,60.0,6,16,0,0,0,0,72,0,0,6,3,37,16,0,0,3,18,52,0,0,0.26,0.43,19,0,13.33,0,2,2,19,16,3,1,1,,48,51.06,0,0,1,83,23,9,1,16,1317,0,4.0,0,0,0,0,0.0,0,0,0,0,120,1,0,6.9,0,1,0,0,0,0,0,0,658.5,0.0,0,3,12,5,4,10,62.5,0,31,20,64.52,9,26,16,6,57,52.29,50,193,246,439,110.4,15,1,655,7,3,0,Roni,AVS - Futebol SAD,1046440,483088
30,0,0.0,201,38,58.46,474,394,868,88.12,22,66.67,11,20,1,0,0,0,54,1,0,2,1,20,20,0,0,6,9,46,1,0,1.03,0.73,14,0,12.5,7,1,2,16,14,2,1,0,,52,59.77,0,0,0,117,17,8,0,12,1129,1,4.0,0,0,0,0,0.0,0,0,0,1,152,6,0,6.9,0,1,0,0,0,0,0,0,1129.0,0.0,0,4,4,4,2,4,40.0,0,21,14,66.67,8,53,10,7,74,61.67,65,561,424,985,138.0,8,1,1156,27,3,0,Florian Grillitsch,Sporting Braga,186719,2999
1,0,0.0,2,3,60.0,3,9,12,85.71,0,0.0,1,1,0,0,0,0,1,0,0,0,0,2,1,0,0,0,0,1,0,0,0.0,,0,0,0.0,0,0,0,0,0,0,0,0,,1,100.0,0,0,0,2,0,0,0,0,26,0,0.0,0,0,0,0,0.0,0,0,0,0,2,0,0,6.9,0,0,0,0,0,0,0,0,0.0,0.0,0,0,0,0,0,0,0.0,0,1,0,0.0,0,1,0,0,1,50.0,5,3,11,14,6.9,0,0,18,0,0,0,Weverson,Gil Vicente,905452,3010
1,0,0.0,0,2,33.33,0,26,26,83.87,0,0.0,0,1,0,0,0,0,7,0,0,0,1,2,1,0,0,0,0,0,0,0,0.0,,0,0,0.0,7,0,0,0,0,0,0,0,-0.83,0,0.0,0,0,0,5,0,0,0,1,90,0,0.0,0,0,0,0,0.0,0,0,0,0,5,0,0,6.9,0,0,1,0,0,0,0,0,0.0,0.0,0,0,0,0,0,0,0.0,1,0,0,0.0,0,2,0,0,0,0.0,6,4,27,31,6.9,0,0,34,0,0,0,Mika,Moreirense,107264,3014
2,0,0.0,1,4,44.44,2,38,40,88.89,0,0.0,0,2,0,0,0,0,12,0,0,0,1,2,2,0,0,0,0,0,0,0,0.0,,0,0,0.0,4,0,0,1,1,0,0,0,0.34,1,100.0,0,3,0,5,0,0,0,2,180,0,0.0,0,0,0,0,0.0,0,0,0,0,5,0,1,6.9,0,0,0,2,1,3,0,0,0.0,0.0,0,0,0,0,0,0,0.0,0,0,0,0.0,0,2,0,0,1,100.0,9,7,38,45,13.8,0,0,64,1,0,0,João Virgínia,Sporting CP,930666,3001
6,0,0.0,24,9,36.0,80,176,256,88.28,13,76.47,4,6,0,0,0,0,12,0,1,0,2,17,6,0,0,0,3,12,0,0,0.19,0.1,4,0,0.0,0,0,0,3,3,0,0,0,,10,55.56,0,0,0,34,5,1,0,6,452,0,3.0,1,0,0,0,0.0,0,0,0,0,37,0,0,6.9,0,0,0,0,0,0,0,0,0.0,0.0,0,1,0,0,1,1,50.0,0,8,6,75.0,1,18,2,0,23,65.71,25,99,191,290,41.4,1,0,339,1,0,0,Adrian Leon Barišić,Sporting Braga,959592,2999
11,1,20.0,78,4,57.14,132,46,178,72.95,23,48.94,24,20,1,0,1,0,34,1,7,12,3,1,20,0,0,24,8,94,0,0,0.9,11.92,18,0,23.21,0,13,14,5,5,0,12,1,,46,39.66,2,0,1,66,3,10,2,19,1414,7,0.0,0,0,6,0,83.33,0,5,0,1,180,12,0,6.9,0,9,0,0,0,0,0,0,108.77,0.0,0,46,10,11,33,19,44.19,0,2,1,50.0,10,14,43,5,69,42.33,7,186,58,244,137.9,56,1,508,27,3,0,Samu Aghehowa,FC Porto,1503836,3002
26,0,0.0,9,50,35.21,26,146,172,64.91,2,100.0,0,10,0,0,0,0,61,1,0,0,2,6,10,0,0,0,0,0,0,0,0.04,,0,0,0.0,72,0,0,14,10,4,0,0,-1.89,1,100.0,0,0,0,93,0,1,0,9,840,0,0.0,0,0,0,0,0.0,3,0,1,0,97,0,3,6.89,0,0,3,15,12,28,0,6,0.0,0.0,0,0,0,0,0,0,0.0,3,0,0,0.0,1,40,0,0,3,100.0,142,96,169,265,68.9,0,0,347,2,2,0,Dani Figueira,Gil Vicente,862060,3010
19,3,33.33,214,41,64.06,528,591,1119,89.45,26,50.98,25,29,1,0,0,0,146,0,0,3,7,39,29,0,0,16,10,96,1,2,0.69,0.57,31,0,14.29,0,1,2,33,33,0,1,0,,127,64.14,0,0,0,132,35,12,0,27,2246,0,3.0,1,0,0,1,0.0,0,0,0,0,207,7,0,6.89,0,1,0,0,0,0,0,0,2246.0,0.0,0,1,6,2,2,27,60.0,0,49,29,59.18,12,34,45,9,153,61.45,64,620,631,1251,199.8,7,1,1613,51,7,0,Beni Mukendi,Vitória SC,1002367,3009
3,1,10.0,21,4,36.36,42,53,95,82.61,2,33.33,4,9,0,0,0,0,12,0,0,0,0,9,9,0,0,1,6,18,0,1,0.05,,3,0,0.0,0,0,0,2,1,1,0,0,,21,60.0,0,0,0,20,3,1,0,2,263,0,7.0,0,0,0,0,0.0,0,0,0,0,48,1,0,6.89,0,0,0,0,0,0,0,0,0.0,0.0,0,0,0,0,0,10,71.43,0,8,6,75.0,1,10,14,10,23,56.1,11,57,58,115,62.0,0,0,217,3,1,0,Leandro Santos,Moreirense,1489200,3014
8,4,12.5,237,8,40.0,412,279,691,85.31,32,45.71,38,34,6,0,0,0,132,6,5,15,16,31,34,0,0,39,32,173,0,1,2.64,6.09,39,0,15.0,0,6,12,14,13,1,6,0,,123,47.67,1,0,3,119,31,30,2,32,2875,0,10.0,0,0,0,0,0.0,0,0,0,1,308,20,0,6.89,0,3,0,0,0,0,0,0,479.17,0.0,0,32,8,14,11,32,52.46,0,46,24,52.17,30,16,61,32,155,47.26,20,494,316,810,234.2,40,1,1355,46,2,0,Victor Froholdt,FC Porto,1406639,3002
6,14,37.84,117,6,60.0,182,62,244,87.77,2,100.0,0,13,0,0,0,0,22,1,1,5,0,2,13,0,0,9,7,29,1,1,1.85,1.81,4,0,7.69,0,1,1,6,6,0,1,0,,33,53.23,0,0,0,34,3,15,1,7,634,1,0.0,0,0,0,0,0.0,0,0,0,0,96,5,0,6.88,0,0,0,0,0,0,0,0,634.0,0.0,0,9,4,5,3,13,56.52,0,7,4,57.14,15,11,23,37,35,54.69,10,210,68,278,89.5,13,0,421,13,0,0,Luís Guilherme,Sporting CP,1016893,3001
27,24,24.49,278,21,47.73,412,140,552,74.59,17,36.96,29,30,4,0,0,0,111,12,2,6,6,16,30,0,0,30,24,147,0,0,3.63,3.41,20,0,11.11,0,3,7,12,10,2,3,0,,109,48.02,0,0,0,188,13,49,1,30,2241,9,1.0,0,0,0,0,0.0,0,0,0,0,399,16,0,6.88,0,2,0,0,0,0,0,0,747.0,0.0,0,15,12,14,7,23,33.82,0,34,21,61.76,49,63,68,98,126,46.15,44,571,169,740,206.4,27,0,1247,53,2,0,Pepê,FC Porto,882664,3002
9,4,11.76,143,17,50.0,220,98,318,77.56,3,16.67,15,20,5,0,0,0,55,3,2,4,2,12,20,0,0,15,6,62,0,1,2.49,1.66,5,0,11.76,0,2,7,4,3,1,2,0,,50,51.55,1,0,1,92,6,19,1,7,873,5,0.0,0,0,0,0,0.0,0,0,0,0,184,8,0,6.88,0,0,0,0,0,0,0,0,436.5,0.0,0,8,9,6,7,16,43.24,0,15,9,60.0,19,21,37,34,53,46.09,34,291,119,410,137.6,17,0,628,19,0,0,Geovany Quenda,Sporting CP,1403165,3001
10,0,0.0,58,6,40.0,92,91,183,78.88,6,54.55,5,9,0,0,0,0,20,4,2,2,1,6,9,0,0,5,4,30,0,0,0.87,1.76,9,0,25.0,0,2,2,4,4,0,2,0,,28,52.83,0,0,0,49,7,8,1,6,484,0,1.0,0,0,0,0,0.0,0,0,0,0,94,3,0,6.88,0,1,0,0,0,0,0,0,242.0,0.0,0,7,1,3,3,3,27.27,0,16,6,37.5,8,18,11,8,34,53.13,15,130,102,232,61.9,8,0,387,9,2,0,Alexander Bah,Benfica,850976,3006
4,1,10.0,51,3,27.27,80,39,119,66.48,17,56.67,13,13,1,0,0,0,31,2,0,0,1,3,13,0,0,7,4,42,0,0,1.02,0.2,15,0,33.33,0,1,2,6,6,0,0,1,,41,58.57,0,0,0,60,4,7,0,6,609,0,2.0,0,0,0,0,0.0,0,0,0,0,100,1,0,6.88,0,1,0,0,0,0,0,0,609.0,0.0,0,0,3,2,1,8,57.14,0,13,6,46.15,7,13,14,10,58,58.0,11,125,54,179,89.4,3,1,298,20,2,0,João Marques,Casa Pia,1087321,36365
5,0,0.0,35,9,81.82,52,19,71,73.2,7,28.0,18,12,0,0,0,0,14,3,4,2,1,6,12,0,0,6,1,40,0,0,0.53,3.8,16,0,16.0,0,4,4,9,9,0,4,0,,20,47.62,1,0,3,26,3,9,2,7,661,2,2.0,0,0,0,0,0.0,0,0,0,0,64,4,0,6.88,0,1,0,0,0,0,0,0,165.25,0.0,0,18,7,8,15,4,80.0,0,10,6,60.0,9,9,5,1,27,40.3,11,78,19,97,82.5,25,0,213,7,2,0,Yassir Zabiri,Famalicão,1606013,49531
3,0,0.0,4,18,32.14,10,71,81,68.07,1,100.0,0,4,0,0,0,0,32,0,0,0,0,7,4,0,0,0,0,0,0,0,0.0,,0,0,0.0,29,0,0,5,4,1,0,0,-1.06,1,100.0,0,3,0,38,0,0,0,3,316,0,0.0,0,0,0,0,0.0,1,0,0,0,39,0,2,6.88,0,0,1,7,2,9,0,4,0.0,0.0,0,0,0,0,0,0,0.0,1,0,0,0.0,0,7,0,0,2,100.0,56,39,80,119,27.5,0,0,152,1,0,0,Ricardo Batista,Casa Pia,9668,36365
15,13,31.71,116,18,62.07,237,205,442,90.2,6,85.71,1,20,2,0,0,0,39,2,0,3,3,5,19,0,0,9,9,42,0,1,1.53,0.34,15,0,12.5,0,1,3,8,8,0,0,1,,36,46.75,0,0,0,48,9,19,0,8,866,0,2.0,0,0,0,0,0.0,0,0,0,1,107,4,0,6.87,0,1,0,0,0,0,0,0,866.0,0.0,0,3,5,2,3,7,43.75,0,18,10,55.56,19,27,16,41,42,50.0,29,272,218,490,130.6,8,1,662,11,2,0,Diego Rodrigues,Sporting Braga,1184326,2999
8,9,33.33,43,15,34.09,89,120,209,74.64,6,54.55,5,11,0,0,0,0,32,2,0,0,2,16,11,0,0,4,1,18,0,0,1.38,0.02,7,0,0.0,0,0,0,13,11,2,0,0,,45,77.59,0,0,0,71,14,8,0,11,895,0,1.0,0,0,0,0,0.0,0,0,0,0,121,2,0,6.87,0,0,0,0,0,0,0,0,0.0,0.0,0,0,1,1,0,13,92.86,0,15,9,60.0,8,24,14,27,51,73.91,44,136,144,280,75.6,1,0,498,18,0,0,Bruno Langa,CF Estrela Amadora,987490,3035
3,8,27.59,207,10,41.67,375,247,622,90.01,17,77.27,5,22,4,0,0,0,43,5,1,2,3,28,22,0,0,11,7,59,0,0,2.72,1.05,25,0,0.0,0,0,4,7,6,1,0,0,,67,55.37,0,0,0,69,8,17,0,11,1289,4,1.0,0,0,0,0,0.0,0,0,0,0,134,3,0,6.87,0,0,0,0,0,0,0,0,0.0,0.0,0,8,1,3,4,22,64.71,0,35,18,51.43,17,10,34,29,84,58.74,24,424,267,691,151.1,9,1,993,10,4,0,Georgios Vagiannidis,Sporting CP,1166952,3001
15,31,26.96,158,21,58.33,329,224,553,82.91,2,15.38,11,31,8,0,0,0,81,10,4,14,1,3,31,0,0,13,28,105,0,1,3.7,4.56,30,0,6.52,0,3,11,4,4,0,3,0,,76,44.71,0,0,3,114,16,37,2,20,1623,3,1.0,0,0,0,1,0.0,0,0,0,1,281,11,0,6.86,0,1,0,0,0,0,0,0,541.0,0.0,11,22,24,19,13,15,37.5,0,39,31,79.49,37,30,40,115,78,42.62,36,423,244,667,212.8,46,2,1065,22,6,0,Gabri Veiga,FC Porto,1010505,3002
19,0,0.0,23,97,36.19,61,405,466,72.81,8,100.0,0,32,0,0,0,0,196,0,0,0,13,18,32,0,0,0,0,0,3,2,0.03,,0,0,0.0,171,0,0,24,21,3,0,0,3.48,5,100.0,0,10,0,174,0,0,0,32,2880,0,0.0,0,0,0,0,0.0,4,0,2,0,178,0,13,6.86,0,0,6,41,31,73,1,20,0.0,0.0,0,0,0,0,0,0,0.0,6,0,0,0.0,0,38,0,0,13,100.0,268,206,434,640,219.6,0,0,877,6,2,0,Anatoliy Trubin,Benfica,966616,3006
31,2,50.0,179,52,61.18,376,516,892,89.02,12,40.0,18,29,0,0,0,0,103,0,0,1,7,38,29,0,0,5,12,87,2,0,1.22,0.49,52,0,0.0,0,0,0,26,21,5,0,0,,97,58.43,0,0,0,110,29,11,0,27,2206,0,9.0,0,0,0,0,0.0,0,0,0,0,133,2,0,6.86,0,0,0,0,0,0,0,0,0.0,0.0,0,5,0,3,1,2,66.67,0,53,33,62.26,11,53,3,4,109,55.61,85,445,557,1002,199.0,5,0,1263,42,8,0,Facundo Cáseres,Gil Vicente,989837,3010
31,15,25.86,80,37,44.05,157,239,396,77.34,10,58.82,7,17,1,0,0,0,52,4,0,3,1,30,17,0,0,0,14,44,0,0,1.41,0.13,13,0,0.0,0,0,1,27,27,0,0,0,,55,59.78,0,0,0,116,10,17,0,15,1313,1,1.0,0,0,0,0,0.0,0,0,0,0,188,0,0,6.86,0,0,0,0,0,0,0,0,0.0,0.0,0,2,4,3,0,10,50.0,0,24,14,58.33,17,58,20,58,65,59.63,84,219,293,512,116.6,6,0,825,23,1,0,Nikolaos Athanasiou,Rio Ave,1100204,3036
46,0,0.0,37,82,43.85,200,1337,1537,89.83,72,61.54,45,29,0,0,0,0,109,0,1,0,6,188,29,0,1,5,11,89,1,2,0.14,1.22,30,0,66.67,35,4,4,42,38,4,3,1,,56,56.0,3,0,0,174,25,2,0,29,2594,3,20.0,0,0,0,1,0.0,0,0,0,0,190,0,0,6.86,2,1,0,0,0,0,0,0,648.5,0.0,0,5,1,2,4,2,66.67,0,40,29,72.5,2,88,3,1,128,58.99,187,300,1411,1711,198.9,6,3,2076,15,9,1,Maracás,Moreirense,931485,3014
20,1,50.0,26,30,43.48,116,316,432,85.21,30,56.6,23,12,0,0,0,0,26,0,1,2,3,61,12,0,0,1,5,52,0,0,0.16,1.1,24,0,20.0,16,1,1,14,12,2,1,0,,31,51.67,1,0,0,75,5,1,0,11,996,0,4.0,1,0,0,1,0.0,0,0,0,0,85,1,0,6.86,0,0,0,0,0,0,0,0,996.0,0.0,0,5,0,2,1,0,0.0,0,26,18,69.23,1,45,0,2,61,53.98,69,161,346,507,82.3,5,0,654,6,1,0,João Silva,Tondela,1068519,38396
54,0,0.0,41,198,38.22,125,433,558,63.27,12,92.31,1,32,1,0,0,0,275,1,0,0,9,27,32,2,0,0,2,3,2,0,0.06,0.15,0,0,0.0,232,0,1,40,37,3,0,0,-2.9,2,50.0,0,31,0,324,0,4,0,32,2880,0,0.0,0,0,0,0,0.0,8,0,2,0,327,0,15,6.86,0,0,12,38,37,76,0,28,0.0,0.0,0,1,0,1,0,0,0.0,12,0,0,0.0,4,77,0,0,14,82.35,518,406,476,882,219.4,1,1,1154,5,0,0,Gabriel Batista,Santa Clara,822526,3011
17,0,0.0,9,57,37.25,35,235,270,73.77,5,100.0,0,10,0,0,0,0,84,0,0,0,3,12,10,0,0,0,0,0,1,0,0.01,,0,0,0.0,65,0,0,11,8,3,0,0,-1.61,1,100.0,0,8,0,96,0,0,0,10,900,0,0.0,0,0,0,0,0.0,0,0,0,0,97,0,7,6.85,0,0,8,13,15,29,0,7,0.0,0.0,0,0,0,0,0,0,0.0,8,0,0,0.0,0,29,0,0,6,100.0,153,114,252,366,68.5,0,0,470,1,1,0,Ennio Van Der Gouw,Rio Ave,1005270,3036
61,0,0.0,24,190,35.58,91,459,550,61.11,10,90.91,1,33,0,0,0,0,225,0,0,0,8,38,33,0,0,0,0,3,2,5,0.05,,2,0,0.0,227,0,0,54,49,5,0,0,0.39,7,77.78,0,16,0,350,0,1,0,33,2970,0,0.0,0,0,0,2,0.0,11,0,2,0,354,0,21,6.85,0,0,8,68,28,97,0,23,0.0,0.0,0,0,0,0,0,1,100.0,8,0,0,0.0,1,109,1,0,17,85.0,534,359,541,900,226.0,0,1,1210,7,5,0,Renan Ribeiro,CF Estrela Amadora,82598,3035
88,2,33.33,102,145,55.98,372,942,1314,86.33,27,57.45,20,31,0,0,0,0,127,0,0,1,7,171,31,0,1,0,11,59,0,2,0.4,0.03,26,0,0.0,16,0,0,52,48,4,0,0,,60,60.61,0,0,0,208,29,4,0,30,2685,2,31.0,1,0,0,1,0.0,0,0,0,0,236,1,0,6.85,1,0,0,0,0,0,0,0,0.0,0.0,0,2,0,1,0,13,81.25,0,40,30,75.0,4,153,16,6,87,59.59,259,496,1026,1522,212.2,2,1,1910,8,5,0,Luan Patrick,CF Estrela Amadora,1002565,3035
24,21,23.86,244,37,53.62,468,346,814,84.44,20,42.55,27,29,4,0,0,0,115,4,4,9,7,32,29,0,1,21,26,146,0,0,3.13,5.84,45,0,12.82,0,5,9,17,16,1,5,0,,134,52.96,0,0,1,150,28,31,4,25,2215,4,4.0,0,1,0,0,0.0,0,0,0,0,323,13,0,6.84,1,1,0,0,0,0,0,0,443.0,0.0,1,26,13,14,16,23,46.0,0,55,40,72.73,30,55,50,88,154,51.33,69,581,383,964,198.5,39,1,1631,58,9,0,Maximiliano Araújo,Sporting CP,929193,3001
18,0,0.0,18,100,29.85,63,234,297,55.62,7,87.5,1,25,0,0,0,0,179,0,0,0,6,22,25,0,0,0,0,2,3,0,0.02,,1,0,0.0,158,0,0,41,32,9,0,0,-3.28,3,75.0,0,18,0,237,0,0,0,25,2250,0,0.0,0,0,0,1,0.0,6,0,1,0,243,0,10,6.84,0,0,9,48,22,71,0,14,0.0,0.0,0,0,0,0,0,0,0.0,8,0,0,0.0,0,37,0,0,10,83.33,335,255,279,534,171.1,0,1,754,3,4,0,André Gomes,FC Alverca,1139990,190328
16,3,20.0,149,4,44.44,234,95,329,77.41,6,54.55,5,30,3,0,0,0,85,2,9,16,4,5,30,0,0,21,32,120,0,1,1.68,5.1,33,0,9.8,0,5,8,11,10,1,5,0,,76,39.79,1,0,3,96,9,16,0,18,1603,22,0.0,0,0,0,0,0.0,0,0,0,1,215,16,0,6.84,0,4,0,0,0,0,0,0,320.6,0.0,0,34,17,16,19,25,45.45,0,20,13,65.0,16,31,55,15,82,40.59,9,316,109,425,205.3,51,2,774,31,5,0,Borja Sainz,FC Porto,992567,3002
27,4,22.22,125,38,63.33,268,227,495,78.82,13,48.15,14,22,1,0,0,0,66,0,1,7,0,12,22,0,0,10,12,72,0,1,1.22,1.34,31,0,4.17,0,1,2,24,23,1,1,0,,71,55.04,0,0,2,133,14,8,1,12,1163,1,3.0,0,0,0,0,0.0,0,0,0,0,189,11,0,6.84,0,0,0,0,0,0,0,0,1163.0,0.0,0,10,14,8,9,24,75.0,0,32,18,56.25,8,50,32,18,84,53.85,60,371,257,628,150.5,24,2,878,15,5,0,Diogo Sousa,Vitória SC,1434543,3009
24,21,25.93,104,20,33.9,181,173,354,77.46,5,55.56,4,22,2,0,0,0,70,5,0,1,2,44,22,0,0,9,7,52,0,2,2.49,0.19,30,0,0.0,0,0,2,19,18,1,0,0,,55,53.4,0,0,2,103,6,17,0,17,1437,1,2.0,1,0,0,3,0.0,0,0,0,0,220,2,0,6.84,0,0,0,0,0,0,0,0,0.0,0.0,1,2,5,6,0,13,76.47,0,25,17,68.0,17,48,17,81,60,53.57,59,241,216,457,150.5,7,1,844,17,1,0,Abdu Conté,Casa Pia,851276,36365
24,0,0.0,75,83,60.58,255,618,873,89.72,41,63.08,24,22,1,0,0,0,62,1,1,0,3,124,21,0,0,1,9,53,1,1,0.37,0.79,17,0,11.11,4,1,2,26,25,1,1,0,,39,57.35,1,0,0,100,33,5,0,20,1731,1,5.0,0,0,0,1,0.0,0,0,0,0,113,1,0,6.84,0,0,0,0,0,0,0,0,1731.0,0.0,0,7,2,6,3,0,0.0,0,36,15,41.67,5,47,2,1,80,60.15,137,325,648,973,143.6,9,1,1239,3,6,0,Frederico Venâncio,Santa Clara,254815,3011
28,6,25.0,69,23,65.71,125,100,225,83.33,8,72.73,3,12,0,0,0,0,21,0,0,0,2,18,11,0,0,5,5,22,0,1,0.34,0.02,7,0,0.0,0,0,0,8,8,0,0,0,,31,62.0,0,0,0,45,12,4,0,5,582,0,0.0,0,0,0,0,0.0,0,0,0,0,93,2,0,6.84,0,0,0,0,0,0,0,0,0.0,0.0,0,1,1,1,1,1,33.33,0,21,8,38.1,4,45,3,24,39,63.93,35,150,120,270,75.2,2,1,441,9,2,0,Gustavo García,Famalicão,1002443,49531
44,0,0.0,37,59,52.68,126,325,451,82.0,48,58.54,34,19,0,0,0,0,26,0,0,2,2,78,17,0,0,1,3,48,2,0,0.39,0.39,12,1,12.5,0,1,1,14,11,3,0,1,,12,46.15,0,0,1,99,4,2,0,9,1005,0,6.0,1,0,0,0,0.0,0,0,0,0,108,0,0,6.84,0,1,0,0,0,0,0,0,1005.0,33.33,3,4,4,4,2,2,100.0,0,9,7,77.78,2,82,2,0,60,55.56,112,206,344,550,116.2,8,0,687,1,2,0,Antonio Espigares,Gil Vicente,1142261,3010
5,0,0.0,136,7,41.18,272,160,432,87.63,24,44.44,30,23,4,0,0,0,65,2,2,2,3,17,23,0,0,16,9,96,0,0,1.57,0.9,32,0,0.0,0,0,4,17,17,0,0,0,,93,58.49,0,0,0,61,11,22,0,15,1344,0,2.0,0,0,0,0,0.0,0,0,0,0,124,6,0,6.83,0,0,0,0,0,0,0,0,0.0,0.0,0,5,3,5,1,10,47.62,0,46,28,60.87,22,8,21,3,117,54.93,17,313,180,493,157.2,8,0,734,40,2,0,Gonçalo Nogueira,Vitória SC,1161004,3009
7,4,13.33,146,6,50.0,222,71,293,80.05,26,44.83,32,28,1,0,0,0,64,1,5,15,0,14,28,0,0,29,16,147,0,0,1.14,4.44,36,0,12.0,0,6,7,24,22,2,5,1,,90,43.9,0,0,1,73,9,22,1,17,1540,5,1.0,0,0,0,0,0.0,0,0,0,0,209,9,0,6.83,0,5,0,0,0,0,0,0,256.67,0.0,0,30,20,20,15,34,47.89,0,27,17,62.96,22,10,71,30,116,44.11,12,282,84,366,191.3,50,1,751,29,8,0,Vinícius Lopes,Santa Clara,1001753,3011
38,0,0.0,78,61,42.96,281,586,867,85.93,37,53.62,32,24,1,0,0,0,79,0,0,2,10,109,22,0,0,1,12,64,0,4,0.25,1.03,19,0,14.29,14,1,2,13,13,0,1,0,,43,57.33,1,0,1,142,34,4,0,19,1710,0,11.0,0,0,0,2,0.0,0,0,0,0,156,1,0,6.83,1,0,0,0,0,0,0,0,1710.0,0.0,0,7,0,2,3,6,85.71,0,24,13,54.17,4,92,7,0,80,55.56,142,385,624,1009,150.3,7,0,1271,13,2,1,Léo Realpe,Famalicão,977676,49531
26,22,27.5,161,39,33.33,293,299,592,72.73,26,47.27,29,33,4,0,0,0,136,5,6,16,3,85,33,0,0,23,20,132,0,0,2.61,4.51,30,0,10.42,0,5,9,53,47,6,5,0,,87,45.79,1,0,2,222,28,25,0,33,2854,1,7.0,0,0,0,1,0.0,0,0,0,0,445,11,0,6.83,0,3,0,0,0,0,0,0,570.8,0.0,7,26,22,11,21,26,45.61,0,50,31,62.0,25,78,57,80,113,46.12,117,446,368,814,225.4,48,1,1548,12,6,0,Gaizka Larrazabal,Casa Pia,849719,36365
27,0,0.0,140,25,69.44,284,173,457,91.4,4,50.0,4,18,1,0,0,0,32,0,1,5,1,8,17,0,0,4,6,28,0,0,0.7,0.76,10,0,0.0,0,0,1,8,7,1,0,0,,33,57.89,0,0,0,43,12,4,0,5,613,1,1.0,0,0,0,1,0.0,0,0,0,0,72,3,0,6.83,0,0,0,0,0,0,0,0,0.0,0.0,2,4,6,3,2,1,20.0,0,16,10,62.5,4,37,5,16,37,56.92,36,319,181,500,116.1,10,0,618,17,0,0,Giorgi Kochorashvili,Sporting CP,886402,3001
29,9,21.95,102,24,40.68,255,277,532,83.91,8,44.44,10,19,0,0,0,0,78,2,0,3,0,21,19,0,0,15,13,68,0,1,1.27,0.62,18,1,7.14,0,1,1,24,24,0,0,1,,71,55.04,0,0,0,102,14,15,1,17,1377,0,0.0,0,0,0,0,0.0,0,0,0,0,192,6,0,6.83,0,0,0,0,0,0,0,0,1377.0,20.0,5,2,12,6,5,14,51.85,0,15,10,66.67,15,62,27,41,79,53.74,59,329,305,634,129.7,14,1,883,42,4,0,Brandon Aguilera,Rio Ave,1020203,3036
31,26,28.89,272,29,38.16,520,386,906,84.36,12,33.33,24,29,4,0,0,0,86,9,2,1,3,38,28,0,0,9,8,70,0,0,3.64,0.38,13,0,0.0,1,0,4,22,17,5,0,0,,64,58.18,0,0,0,168,19,39,0,20,1844,2,3.0,0,0,0,0,0.0,0,0,0,1,299,8,0,6.82,0,0,0,0,0,0,0,0,0.0,0.0,0,2,1,1,1,15,48.39,0,23,13,56.52,39,68,31,90,76,52.05,76,632,442,1074,191.0,3,1,1586,29,2,0,Leonardo Lelo,Sporting Braga,1006865,2999
20,1,10.0,151,29,48.33,376,495,871,87.45,21,48.84,22,26,1,0,0,0,123,3,0,1,3,43,26,0,0,14,26,111,0,0,0.56,0.62,38,0,14.29,0,2,3,31,25,6,1,1,,97,52.15,0,0,0,125,30,13,0,22,1892,0,6.0,0,0,0,1,0.0,0,0,0,0,202,9,0,6.82,0,2,0,0,0,0,0,0,946.0,0.0,0,2,12,7,6,8,38.1,0,54,35,64.81,13,43,21,10,118,51.53,60,463,533,996,177.3,14,0,1341,36,7,0,Espen Van Ee,FC Arouca,1126965,25777
10,0,0.0,20,24,57.14,67,212,279,88.85,10,66.67,5,12,0,0,0,0,16,0,1,1,0,28,11,0,0,0,1,9,0,0,0.04,0.26,3,0,0.0,4,0,0,7,6,1,0,0,,12,75.0,0,0,1,35,2,0,0,5,520,0,4.0,0,0,0,0,0.0,0,0,0,0,41,0,0,6.82,0,0,0,0,0,0,0,0,0.0,0.0,0,2,1,2,0,3,100.0,0,4,4,100.0,0,15,3,2,22,70.97,42,80,234,314,75.0,3,0,379,5,1,0,Steven Baseya,FC Alverca,1506777,190328
18,3,15.0,79,18,39.13,155,149,304,81.94,5,62.5,3,18,0,0,0,0,46,1,0,6,0,11,18,0,0,3,11,27,0,0,0.87,0.68,7,1,12.5,0,2,2,14,13,1,0,2,,26,52.0,0,0,1,67,10,14,0,6,719,0,0.0,0,0,0,0,0.0,0,0,0,0,99,2,0,6.82,0,2,0,0,0,0,0,0,359.5,16.67,6,1,15,6,4,1,25.0,0,8,5,62.5,14,34,4,20,31,53.45,46,211,160,371,122.7,16,1,491,17,2,0,Matija Mitrović,Vitória SC,1166097,3009
0,1,100.0,11,0,0.0,15,2,17,80.95,3,75.0,1,6,0,0,0,0,1,0,0,0,0,0,6,0,0,3,0,6,0,0,0.22,0.42,1,0,33.33,0,2,2,0,0,0,2,0,,3,37.5,2,0,0,4,0,1,0,0,64,0,0.0,0,0,0,0,0.0,0,0,0,0,10,0,0,6.82,0,0,0,0,0,0,0,0,32.0,0.0,0,6,0,2,4,1,50.0,0,0,0,0.0,1,0,2,1,6,50.0,0,19,2,21,40.9,6,0,40,2,0,0,Anísio Cabral,Benfica,2163561,3006
12,3,5.17,142,14,50.0,229,114,343,71.61,36,41.86,50,29,0,0,0,0,66,3,12,14,1,13,29,0,0,28,14,162,0,0,1.75,7.01,45,1,8.7,0,6,6,33,30,3,2,4,,106,48.62,1,0,3,136,1,29,1,26,2245,15,2.0,0,1,1,0,100.0,0,1,0,1,352,12,0,6.81,0,4,0,0,0,0,0,0,374.17,20.0,5,38,31,35,20,24,44.44,0,26,16,61.54,28,35,54,58,142,46.71,28,344,135,479,197.6,69,2,963,57,4,0,Gabriel Silva,Santa Clara,1046794,3011
26,2,20.0,96,35,53.85,256,275,531,90.61,5,45.45,6,16,0,0,0,0,55,0,0,0,2,9,16,0,0,1,11,39,0,0,0.51,0.03,18,0,0.0,0,0,0,15,14,1,0,0,,36,52.17,0,0,0,55,10,8,0,8,797,1,0.0,0,0,0,0,0.0,0,0,0,0,79,3,0,6.81,0,0,0,0,0,0,0,0,0.0,0.0,0,0,2,2,0,2,40.0,0,18,14,77.78,8,50,5,10,41,51.25,65,300,286,586,109.0,2,1,693,16,4,0,Pedro Santos,FC Arouca,1014259,25777
36,26,16.88,242,30,50.0,410,256,666,79.86,5,41.67,7,34,3,0,0,0,84,5,3,15,2,18,34,0,0,24,17,97,0,1,3.72,2.5,9,0,12.24,0,6,9,52,48,4,4,2,,63,41.18,1,0,0,168,28,31,0,33,2743,3,2.0,0,1,0,0,0.0,0,0,0,0,426,9,0,6.81,0,5,0,0,0,0,0,0,457.17,0.0,1,18,31,15,19,33,45.21,0,28,13,46.43,30,70,73,154,68,41.21,60,536,298,834,231.6,49,2,1345,2,2,0,Naïs Djouahra,FC Arouca,955133,25777
30,19,33.93,117,25,30.86,225,163,388,76.98,8,44.44,10,21,2,0,0,0,55,4,0,0,6,56,21,0,0,2,21,62,0,0,2.23,0.92,26,0,33.33,0,1,3,21,20,1,1,0,,51,49.51,0,0,0,116,21,19,0,18,1673,0,5.0,0,1,0,0,0.0,0,0,0,0,214,4,0,6.81,0,1,0,0,0,0,0,0,1673.0,0.0,0,1,2,2,1,11,78.57,0,33,22,66.67,18,72,14,56,59,48.76,81,311,193,504,143.0,3,1,901,9,2,0,Alan Núñez,CD Nacional,1116982,3013
29,1,100.0,55,44,39.64,221,557,778,84.57,53,67.09,26,27,0,0,0,0,83,0,0,2,2,150,26,0,0,2,25,71,0,2,0.13,0.64,17,0,28.57,1,2,2,30,25,5,2,0,,51,53.13,2,0,0,142,36,5,0,17,1633,0,10.0,0,0,0,1,0.0,0,0,0,0,150,2,0,6.81,0,0,0,0,0,0,0,0,816.5,0.0,0,6,1,2,3,7,87.5,0,38,25,65.79,5,62,8,1,104,59.43,111,316,604,920,177.0,7,3,1223,6,4,0,Ferro,Estoril Praia,357734,4500
39,2,22.22,82,76,37.81,290,757,1047,82.64,66,54.55,55,31,2,0,0,0,109,1,3,7,7,177,31,0,0,6,8,109,2,1,0.73,1.82,39,0,12.5,1,3,5,38,35,3,3,0,,57,51.35,3,0,1,220,33,12,0,30,2719,6,27.0,0,0,0,1,0.0,0,0,0,0,253,2,0,6.81,0,0,0,0,0,0,0,0,906.33,0.0,0,21,3,11,6,13,76.47,0,24,16,66.67,12,93,17,9,123,53.02,201,443,824,1267,211.0,24,1,1689,21,12,0,Léo Santos,CD Nacional,822509,3013
19,5,15.15,71,22,30.14,145,165,310,74.88,8,34.78,15,17,0,0,0,0,44,1,0,0,2,43,17,0,0,8,7,52,0,1,0.82,0.2,15,0,0.0,0,0,0,15,15,0,0,0,,59,61.46,0,0,0,104,6,6,0,14,1179,1,7.0,0,0,0,0,0.0,0,0,0,0,207,4,0,6.81,0,0,0,0,0,0,0,0,0.0,0.0,0,3,5,7,1,9,45.0,0,23,15,65.22,6,56,20,33,67,56.3,73,220,194,414,115.7,8,1,757,27,6,0,Pedro Bondo,Famalicão,1102988,49531
35,12,18.18,124,43,35.83,252,308,560,78.32,27,49.09,28,24,0,0,0,0,82,2,0,1,1,82,24,0,0,5,33,99,0,2,1.09,2.46,31,0,50.0,0,3,3,30,25,5,3,0,,98,57.99,0,0,0,155,29,15,0,22,1898,4,13.0,0,0,3,1,100.0,0,3,0,0,277,5,0,6.8,0,3,0,0,0,0,0,0,632.67,0.0,1,3,3,2,3,8,61.54,0,71,38,53.52,15,81,13,66,125,55.8,120,351,364,715,163.3,6,0,1258,20,4,0,Bebeto,Tondela,865335,38396
6,1,6.25,97,10,38.46,159,97,256,55.77,150,49.83,151,29,1,0,0,0,68,3,2,11,0,38,29,0,0,27,7,230,0,0,1.16,3.9,32,0,12.12,0,4,5,48,42,6,3,1,,74,48.37,0,0,2,203,7,19,1,24,2024,9,4.0,0,1,0,0,0.0,0,0,0,0,349,20,0,6.8,0,3,0,0,0,0,0,0,506.0,0.0,0,21,12,12,10,9,34.62,0,9,7,77.78,18,17,26,16,224,49.34,26,332,127,459,197.2,33,1,829,61,5,0,Tomané,AVS - Futebol SAD,126076,483088
12,12,34.29,206,13,52.0,374,189,563,89.08,9,60.0,6,20,1,0,0,0,34,2,0,4,3,9,20,0,0,2,5,38,0,1,2.01,1.3,8,0,18.18,0,2,3,9,5,4,1,1,,35,52.24,0,0,0,69,8,18,2,10,1008,5,0.0,0,0,0,0,0.0,0,0,0,0,141,5,0,6.8,0,0,0,0,0,0,0,0,504.0,0.0,0,7,4,5,2,9,34.62,0,11,11,100.0,18,18,26,35,44,53.66,25,422,210,632,136.0,11,1,850,15,0,0,Mario Dorgeles,Sporting Braga,1396015,2999
15,9,23.08,265,24,44.44,461,333,794,84.65,12,46.15,14,24,4,0,0,0,86,5,0,5,6,35,24,0,1,20,14,95,0,0,3.55,1.02,17,0,6.67,0,1,5,18,15,3,1,0,,89,52.35,0,0,1,144,16,24,0,21,1911,0,4.0,0,0,0,0,0.0,0,0,0,0,267,14,0,6.8,2,1,0,0,0,0,0,0,1911.0,0.0,0,10,5,8,2,34,53.13,0,35,21,60.0,24,32,64,39,101,51.53,54,568,370,938,163.2,15,0,1444,21,3,1,Amar Dedić,Benfica,1102791,3006
17,0,0.0,16,27,33.33,82,397,479,84.18,31,67.39,15,12,0,0,0,0,22,0,2,3,3,102,12,0,0,0,7,37,1,2,0.04,1.5,16,0,14.29,10,1,1,14,14,0,1,0,,26,54.17,1,0,1,90,14,0,0,11,959,0,13.0,0,0,0,2,0.0,0,0,0,0,94,0,0,6.8,0,0,0,0,0,0,0,0,959.0,0.0,0,6,1,2,2,0,0.0,0,11,6,54.55,0,38,0,0,57,60.64,81,140,429,569,81.6,7,1,752,15,5,0,Marcelo,Moreirense,156318,3014
0,4,50.0,11,0,0.0,12,11,23,88.46,0,0.0,0,1,0,0,0,0,2,1,0,0,0,0,1,0,0,1,1,3,0,0,0.34,,1,0,0.0,0,0,0,0,0,0,0,0,,3,50.0,0,0,0,3,2,3,0,1,68,0,0.0,0,0,0,0,0.0,0,0,0,0,11,1,0,6.8,0,0,0,0,0,0,0,0,0.0,0.0,0,0,0,0,0,3,100.0,0,0,0,0.0,3,1,3,8,3,50.0,0,14,12,26,6.8,0,0,46,0,0,0,Rafael Obrador,Benfica,1142692,3006
0,0,0.0,1,0,0.0,1,1,2,100.0,0,0.0,0,1,0,0,0,0,0,0,0,0,0,0,1,0,0,0,0,0,0,0,0.08,,0,0,0.0,0,0,0,0,0,0,0,0,,0,0.0,0,0,0,0,0,1,0,0,8,0,1.0,0,0,0,0,0.0,0,0,0,0,0,0,0,6.8,0,0,0,0,0,0,0,0,0.0,0.0,0,0,0,0,0,0,0.0,0,0,0,0.0,1,0,0,0,0,0.0,0,1,1,2,6.8,0,0,4,0,0,0,Bernardo Lima,FC Porto,1961103,3002
0,0,0.0,1,0,0.0,3,2,5,83.33,0,0.0,0,1,0,0,0,0,3,0,0,0,0,1,1,0,0,0,1,1,0,0,0.0,,0,0,0.0,0,0,0,0,0,0,0,0,,3,75.0,0,0,0,1,0,0,0,0,11,0,0.0,0,0,0,0,0.0,0,0,0,0,1,0,0,6.8,0,0,0,0,0,0,0,0,0.0,0.0,0,0,0,0,0,0,0.0,0,1,1,100.0,0,0,0,0,3,75.0,0,4,2,6,6.8,0,0,11,2,0,0,Tobias Medina,Rio Ave,1485103,3036
3,0,0.0,7,42,35.0,32,39,71,47.65,2,66.67,1,6,0,0,0,0,55,0,0,0,1,10,6,1,0,0,1,2,1,0,0.01,,0,0,0.0,45,0,0,10,8,2,0,0,-1.68,1,50.0,0,3,0,78,0,0,0,6,540,0,0.0,0,0,0,0,0.0,1,0,0,0,80,0,1,6.8,0,0,6,6,12,18,0,3,0.0,0.0,0,0,0,0,0,0,0.0,6,0,0,0.0,0,6,0,0,3,60.0,120,101,48,149,40.8,0,0,200,1,1,0,Lucas França,CD Nacional,832672,3013
0,0,0.0,9,0,0.0,28,16,44,84.62,3,60.0,2,2,0,0,0,0,2,0,0,0,0,1,2,0,0,0,0,5,0,0,0.03,0.02,3,0,0.0,0,0,0,1,1,0,0,0,,3,50.0,0,0,0,8,2,2,0,1,92,0,0.0,0,0,0,0,0.0,0,0,0,1,9,1,0,6.8,0,0,0,0,0,0,0,0,0.0,0.0,0,0,1,1,0,0,0.0,0,2,1,50.0,2,0,0,1,6,54.55,0,35,17,52,13.6,1,0,61,1,1,0,Rica Rocha,Vitória SC,2217380,3009
30,1,20.0,119,58,55.77,366,497,863,84.69,40,59.7,27,31,1,0,0,0,110,2,4,2,5,135,31,0,1,7,23,108,0,1,0.81,1.6,48,0,0.0,0,0,1,39,36,3,0,0,,77,48.73,0,0,0,156,47,14,0,30,2447,2,13.0,0,0,0,2,0.0,0,0,0,0,209,5,0,6.8,1,0,0,0,0,0,0,0,0.0,0.0,0,9,10,13,4,6,50.0,0,45,24,53.33,14,59,12,5,117,52.0,104,479,540,1019,210.7,19,0,1438,28,7,0,Matheus Dias,CD Nacional,1020610,3013
45,0,0.0,50,47,45.19,222,837,1059,90.75,32,50.0,32,25,0,0,0,0,59,1,0,1,4,150,25,0,0,0,10,54,0,0,0.31,0.36,11,0,20.0,3,1,1,40,34,6,1,0,,34,60.71,1,0,0,108,32,3,0,23,2150,1,31.0,0,0,0,0,0.0,0,0,0,0,119,1,0,6.8,0,0,0,0,0,0,0,0,2150.0,0.0,0,5,0,3,1,2,66.67,0,28,18,64.29,3,76,3,2,66,55.0,104,282,885,1167,169.9,5,1,1466,4,4,0,Jakub Brabec,Rio Ave,72020,3036
11,8,18.6,70,5,33.33,113,72,185,74.0,3,37.5,5,18,2,0,0,1,45,4,1,4,1,5,18,0,0,12,4,59,0,0,1.56,2.07,10,0,5.0,0,1,3,14,13,1,1,0,,64,54.24,0,0,1,65,5,14,0,11,1058,6,1.0,0,0,1,0,0.0,0,0,0,0,180,4,0,6.79,0,1,0,0,0,0,0,0,1058.0,0.0,1,15,5,8,8,27,48.21,0,17,9,52.94,14,23,56,43,67,53.17,15,163,87,250,122.3,20,1,522,20,2,0,Makan Aïko,Tondela,1136902,38396
51,6,31.58,117,92,43.19,329,950,1279,86.01,55,50.93,53,33,0,0,0,0,91,1,1,2,10,165,33,0,0,5,9,101,0,1,0.9,1.17,31,0,6.25,4,1,1,40,37,3,1,0,,61,55.96,0,0,1,208,36,16,0,33,2933,1,25.0,2,0,0,2,0.0,0,0,0,0,261,5,0,6.79,1,1,0,0,0,0,0,0,2933.0,0.0,4,9,7,11,3,3,37.5,0,34,27,79.41,16,119,8,19,116,53.46,213,478,1009,1487,224.1,16,1,1967,26,7,1,Sidney Lima,Santa Clara,1131145,3011
12,9,25.0,146,12,35.29,283,250,533,85.55,16,55.17,13,21,2,0,0,0,56,3,1,4,4,26,21,0,0,11,5,49,0,1,2.42,0.69,19,0,18.18,0,2,4,12,11,1,2,0,,41,53.25,0,0,1,90,18,12,2,16,1331,1,1.0,0,0,0,1,0.0,0,0,0,0,156,2,0,6.79,0,0,0,0,0,0,0,0,665.5,0.0,0,9,2,4,3,10,83.33,0,24,11,45.83,12,29,12,36,57,53.77,34,335,288,623,142.6,11,2,955,7,5,0,Francisco Moura,FC Porto,985138,3002
13,15,35.71,76,18,32.14,141,169,310,72.6,15,53.57,13,19,2,0,0,0,72,3,0,3,0,40,18,0,0,12,7,60,0,2,1.05,0.4,20,0,0.0,0,0,2,27,19,8,0,0,,55,53.92,0,0,0,117,16,14,0,15,1320,1,7.0,0,0,0,0,0.0,0,0,0,0,216,3,0,6.79,0,0,0,0,0,0,0,0,0.0,0.0,0,5,4,5,1,11,55.0,0,32,20,62.5,14,29,20,42,70,53.85,56,213,214,427,122.2,9,1,819,12,3,0,Isaac James,FC Alverca,1915110,190328
18,16,35.56,82,14,36.84,138,82,220,70.06,12,63.16,7,16,1,0,0,0,40,5,1,3,0,11,16,0,0,8,8,58,0,1,2.26,0.77,22,0,7.69,0,1,2,17,17,0,1,0,,48,48.48,0,0,0,94,11,18,0,15,1109,2,1.0,0,0,0,0,0.0,0,0,0,0,182,7,0,6.79,0,1,0,0,0,0,0,0,1109.0,0.0,1,6,7,7,3,12,48.0,0,20,13,65.0,18,45,25,45,60,50.85,38,217,97,314,108.6,13,0,543,16,2,0,Gustavo Klismahn,Santa Clara,1162051,3011
37,0,0.0,9,77,35.0,31,374,405,72.97,5,71.43,2,16,0,0,0,0,168,0,0,0,5,14,16,0,0,0,2,4,0,1,0.01,,0,0,0.0,76,0,0,21,17,4,0,0,-3.91,2,50.0,0,14,0,150,0,1,0,16,1440,0,0.0,0,0,0,0,0.0,2,0,0,0,152,0,8,6.79,0,0,11,23,16,39,0,8,0.0,0.0,0,0,0,0,0,0,0.0,10,0,0,0.0,1,63,0,0,7,63.64,220,119,436,555,108.6,0,0,720,2,5,0,Ignacio de Arruabarrena,FC Arouca,789933,25777
18,23,25.84,130,17,53.13,218,100,318,81.54,11,44.0,14,29,0,0,0,0,54,3,0,8,1,5,29,0,0,9,6,59,0,0,2.92,1.05,16,0,3.7,0,1,1,14,14,0,0,1,,72,61.54,0,0,0,72,9,30,1,12,1252,0,0.0,0,1,0,1,0.0,0,0,0,0,200,12,0,6.79,1,0,0,0,0,0,0,0,1252.0,0.0,0,8,19,10,9,19,55.88,0,19,15,78.95,29,37,34,89,83,58.45,32,272,118,390,196.8,27,1,711,35,0,1,Telmo Arcanjo,Vitória SC,1035280,3009
38,23,29.11,447,35,29.91,812,473,1285,83.28,14,40.0,21,32,4,0,0,0,109,7,0,4,5,41,32,0,0,8,26,75,0,1,3.19,1.0,17,0,6.25,0,1,5,33,29,4,1,0,,81,60.0,1,0,1,258,23,32,0,27,2479,1,4.0,0,0,0,0,0.0,0,0,0,1,395,17,0,6.78,0,0,0,0,0,0,0,0,2479.0,0.0,0,10,6,4,8,5,45.45,0,41,23,56.1,32,90,11,79,95,55.88,117,1024,519,1543,217.1,16,1,2166,37,2,0,Victor Gómez,Sporting Braga,877918,2999
33,1,9.09,137,26,66.67,282,296,578,86.79,9,42.86,12,26,3,0,0,0,71,3,1,3,3,17,25,0,0,15,11,80,0,1,2.16,1.47,31,0,27.27,0,3,6,23,20,3,2,1,,54,44.26,0,0,0,88,10,11,0,17,1496,0,3.0,0,0,0,0,0.0,0,0,0,0,151,8,0,6.78,0,3,0,0,0,0,0,0,498.67,0.0,0,5,6,3,5,8,40.0,0,23,9,39.13,11,45,20,11,63,44.06,39,344,322,666,169.6,11,0,871,24,6,0,Rodrigo Alonso,Moreirense,1142254,3014
21,10,33.33,88,23,79.31,173,95,268,83.23,9,52.94,8,18,0,0,0,0,54,1,0,3,0,9,18,0,0,8,8,51,0,2,1.49,0.35,15,0,14.29,0,1,1,12,10,2,0,1,,34,44.16,0,0,0,54,5,9,0,6,764,0,2.0,0,0,0,0,0.0,0,0,0,0,117,1,0,6.78,0,1,0,0,0,0,0,0,764.0,0.0,0,2,5,3,1,9,40.91,0,13,7,53.85,9,31,22,30,43,45.74,29,212,110,322,122.1,7,1,472,12,3,0,Filipe Soares,CD Nacional,851030,3013
20,0,0.0,37,166,33.2,112,318,430,55.84,13,92.86,1,29,0,0,0,0,245,0,0,0,7,34,29,1,1,0,0,3,1,4,0.24,,2,0,0.0,213,0,0,45,41,4,0,0,-0.32,9,81.82,0,22,0,340,0,1,0,29,2531,0,0.0,0,0,0,1,0.0,10,0,0,0,351,0,15,6.78,1,0,16,45,32,80,3,28,0.0,0.0,0,0,0,0,0,0,0.0,14,2,1,50.0,1,38,0,0,22,88.0,500,376,394,770,196.7,0,1,1047,12,3,0,Patrick Sequeira,Casa Pia,821628,36365
17,8,25.0,145,28,36.84,282,387,669,81.78,30,50.85,29,23,6,0,0,0,60,6,1,3,5,93,23,0,0,11,19,113,0,1,2.53,0.81,33,0,6.67,0,1,7,31,27,4,1,0,,113,57.36,1,0,0,149,21,17,0,23,2013,0,14.0,0,0,0,1,0.0,0,0,0,0,255,2,0,6.78,0,0,0,0,0,0,0,0,2013.0,0.0,0,9,6,6,6,15,41.67,0,53,32,60.38,17,47,36,32,143,55.86,76,378,440,818,156.0,15,0,1441,46,8,0,Dinis Pinto,Moreirense,1160980,3014
10,0,0.0,13,39,29.55,23,180,203,68.35,2,100.0,0,11,0,0,0,0,92,1,0,0,4,5,11,0,0,0,0,1,0,0,0.03,,1,0,0.0,85,0,0,12,12,0,0,0,0.37,4,80.0,0,11,0,94,0,1,0,11,990,0,0.0,0,0,0,1,0.0,5,0,0,0,98,0,2,6.78,0,0,7,10,17,28,0,4,0.0,0.0,0,0,0,0,0,0,0.0,5,1,1,100.0,1,14,0,0,6,85.71,132,100,197,297,74.6,0,0,402,3,3,0,Caio Secco,Moreirense,345843,3014
18,0,0.0,58,18,38.3,175,327,502,89.48,19,59.38,13,11,0,0,0,0,30,0,0,0,2,53,11,0,1,1,5,28,0,0,0.36,0.1,11,0,0.0,6,0,0,16,15,1,0,0,,13,46.43,0,0,0,59,6,4,0,9,843,0,7.0,0,0,0,0,0.0,0,0,0,0,62,0,0,6.78,1,0,0,0,0,0,0,0,0.0,0.0,0,2,1,3,0,1,100.0,0,9,6,66.67,4,36,1,1,32,53.33,47,219,342,561,74.6,3,0,668,3,4,0,Matías Rocha,FC Arouca,1083250,25777
0,1,50.0,43,1,100.0,61,17,78,85.71,9,50.0,9,13,0,0,0,0,7,2,4,0,0,5,13,0,0,8,1,28,0,0,0.41,1.95,5,0,30.0,0,3,3,2,1,1,3,0,,28,59.57,2,0,0,13,0,10,0,3,464,1,1.0,0,0,0,0,0.0,0,0,0,0,44,1,0,6.78,0,1,0,0,0,0,0,0,154.67,0.0,0,10,0,4,6,9,60.0,0,9,4,44.44,10,0,15,2,37,56.92,1,74,17,91,88.1,10,1,184,10,0,0,Fotis Ioannidis,Sporting CP,903679,3001
9,0,0.0,40,21,33.87,216,516,732,86.52,47,68.12,22,21,1,0,0,0,62,1,1,0,2,111,21,0,0,3,6,50,1,2,0.13,1.17,20,0,11.11,1,1,2,31,25,6,1,0,,53,65.43,1,0,0,114,24,4,0,19,1722,0,16.0,0,0,0,1,0.0,0,0,0,0,132,1,0,6.78,0,0,0,0,0,0,0,0,1722.0,0.0,0,9,0,5,4,6,75.0,0,26,14,53.85,4,27,8,0,100,66.67,62,294,552,846,142.3,9,2,1119,21,5,0,Kévin Boma,Estoril Praia,1049465,4500
7,0,0.0,8,48,41.38,37,121,158,69.3,0,0.0,0,8,0,0,0,0,71,0,0,0,2,8,8,0,0,0,1,1,0,0,0.01,,1,0,0.0,53,0,0,18,17,1,0,0,-4.85,1,50.0,0,5,0,70,0,0,0,8,720,0,0.0,1,0,0,0,0.0,1,0,0,0,71,0,3,6.78,0,0,6,11,14,26,0,3,0.0,0.0,0,0,0,0,0,0,0.0,5,0,0,0.0,0,11,0,0,1,50.0,116,86,142,228,54.2,0,0,300,1,0,0,Nico Mantl,FC Arouca,888592,25777
7,2,33.33,54,9,50.0,96,62,158,85.41,5,35.71,9,16,0,0,0,0,32,1,0,1,0,12,12,0,0,1,4,24,0,0,0.92,0.07,7,0,0.0,0,0,0,6,4,2,0,0,,26,63.41,0,0,0,27,6,8,0,3,451,0,0.0,0,0,0,0,0.0,0,0,0,0,46,4,0,6.78,0,0,0,0,0,0,0,0,0.0,0.0,0,1,2,1,1,5,55.56,0,14,7,50.0,8,12,9,6,31,56.36,18,117,68,185,81.3,3,0,267,7,1,0,Vasco Moreira,FC Alverca,1063375,190328
19,0,0.0,44,64,48.12,227,1095,1322,89.87,78,55.71,62,31,1,0,0,0,77,3,3,3,11,149,31,0,0,0,13,100,0,0,0.93,1.55,28,0,6.67,3,1,2,33,27,6,1,0,,49,56.32,1,0,0,149,21,4,0,31,2745,4,14.0,0,0,0,1,0.0,0,0,0,2,159,1,0,6.77,0,0,0,0,0,0,0,0,2745.0,0.0,0,15,0,10,2,1,100.0,0,36,23,63.89,4,43,1,0,127,55.95,133,328,1143,1471,210.0,15,0,1781,13,4,0,Jonathan Buatu,Gil Vicente,800348,3010
18,19,26.03,123,20,66.67,188,146,334,79.71,7,58.33,5,28,1,0,0,0,64,6,3,10,1,13,27,0,0,21,16,77,0,1,3.85,2.8,8,0,2.7,0,1,2,9,7,2,0,1,,52,41.94,0,0,4,85,6,36,0,14,1187,5,2.0,0,0,0,0,0.0,0,0,0,0,216,15,0,6.77,0,1,0,0,0,0,0,0,1187.0,0.0,0,23,14,19,8,22,44.0,0,21,15,71.43,36,33,50,73,59,43.38,30,257,162,419,182.9,37,0,722,9,1,0,Rodrigo Mora,FC Porto,1410240,3002
19,20,25.0,177,15,44.12,302,126,428,73.79,12,27.91,31,33,2,0,0,2,105,4,13,10,2,14,33,0,0,20,21,141,0,0,3.68,8.87,40,0,9.09,0,6,8,41,35,6,5,1,,131,54.36,0,0,6,152,20,31,0,30,2470,8,3.0,0,0,4,0,50.0,0,2,0,2,354,24,0,6.77,0,6,0,0,0,0,0,0,411.67,0.0,1,39,27,31,25,28,48.28,0,42,24,57.14,31,42,58,80,143,50.35,34,423,157,580,223.5,66,2,1136,62,7,0,Maranhão,Tondela,879917,38396
17,0,0.0,78,34,49.28,215,402,617,86.17,12,52.17,11,23,0,0,0,0,63,3,0,3,2,47,23,0,0,7,12,74,0,2,0.59,0.33,40,0,0.0,1,0,0,24,20,4,0,0,,71,52.99,0,0,0,99,17,6,0,15,1385,1,13.0,0,0,0,0,0.0,0,0,0,0,145,9,0,6.77,0,0,0,0,0,0,0,0,0.0,0.0,0,3,6,5,1,10,71.43,0,37,22,59.46,6,37,14,5,83,52.87,69,283,433,716,155.7,9,1,991,24,9,0,Antef Tsoungui,Estoril Praia,994532,4500
17,0,0.0,16,71,31.56,40,368,408,72.08,3,100.0,0,19,0,0,0,0,134,0,0,0,4,18,19,0,0,0,0,0,2,0,0.01,,0,0,0.0,96,0,0,32,32,0,0,0,-0.77,7,100.0,0,12,0,158,0,0,0,19,1710,0,0.0,1,0,0,0,0.0,2,0,0,0,164,0,11,6.77,0,0,7,43,19,62,0,12,0.0,0.0,0,0,0,0,0,0,0.0,7,1,1,100.0,0,33,0,0,10,100.0,225,164,402,566,128.6,0,0,740,7,2,0,Charles,Vitória SC,155985,3009
24,0,0.0,23,174,34.52,113,318,431,56.41,7,100.0,0,31,0,0,0,0,247,0,0,0,5,39,31,0,0,0,2,2,1,0,0.22,,0,0,0.0,261,0,0,54,47,7,0,0,-4.39,3,60.0,0,11,0,333,0,0,0,31,2790,0,0.0,0,0,0,0,0.0,7,0,0,0,337,0,12,6.77,0,0,27,62,20,82,0,16,0.0,0.0,0,0,0,0,0,1,100.0,27,1,0,0.0,0,35,1,0,10,83.33,504,388,376,764,209.8,0,0,1023,3,3,0,Joel Robles,Estoril Praia,93796,4500
66,0,0.0,125,112,54.63,418,1180,1598,88.38,90,57.32,67,34,0,0,0,0,136,0,2,6,5,197,34,0,0,5,15,124,3,2,1.15,1.41,38,0,16.67,3,2,2,57,49,8,2,0,,91,61.49,2,0,0,210,47,8,0,34,3060,0,16.0,0,0,0,0,0.0,0,0,0,0,242,0,0,6.77,0,0,0,0,0,0,0,0,1530.0,0.0,0,12,0,4,2,10,90.91,0,45,30,66.67,8,109,11,0,181,59.34,205,549,1259,1808,230.1,12,1,2281,37,4,0,Felix Bacher,Estoril Praia,943525,4500
37,8,25.81,75,35,57.38,164,198,362,85.18,8,47.06,9,12,0,0,0,0,31,1,0,0,0,8,12,0,0,7,9,41,0,1,0.98,0.1,15,0,0.0,0,0,0,20,20,0,0,0,,29,47.54,0,0,0,63,11,7,0,8,667,0,5.0,0,0,0,0,0.0,0,0,0,0,104,2,0,6.77,0,0,0,0,0,0,0,0,0.0,0.0,1,0,3,2,1,4,66.67,0,14,11,78.57,7,57,6,31,37,47.44,61,210,215,425,81.2,3,0,546,12,4,0,David Simão,FC Arouca,54672,25777
8,0,0.0,9,22,52.38,56,165,221,84.35,25,62.5,15,13,0,0,0,0,17,0,0,1,0,49,11,0,0,0,6,25,0,0,0.09,0.11,5,0,0.0,2,0,0,15,14,1,0,0,,17,62.96,0,0,0,41,20,0,0,6,624,1,8.0,0,0,0,0,0.0,0,0,0,0,47,0,0,6.76,0,0,0,0,0,0,0,0,0.0,0.0,0,2,0,1,0,1,100.0,0,13,8,61.54,0,21,1,0,42,62.69,42,83,179,262,74.4,2,0,375,4,3,0,João Afonso,Tondela,584158,38396
16,1,25.0,93,16,37.21,237,191,428,79.7,33,55.93,26,18,1,0,0,0,56,1,1,1,1,56,18,0,0,4,10,58,0,4,0.58,0.38,17,0,14.29,0,1,2,19,17,2,1,0,,35,52.24,1,0,0,109,23,4,0,15,1211,1,4.0,0,0,0,1,0.0,0,0,0,0,134,4,0,6.76,0,0,0,0,0,0,0,0,1211.0,0.0,0,6,1,3,3,2,66.67,0,21,13,61.9,4,36,3,4,68,53.97,43,310,227,537,121.7,7,0,728,12,6,0,Cicero,Tondela,861283,38396
11,37,29.84,112,10,34.48,164,52,216,73.47,1,14.29,6,17,2,0,1,0,57,5,5,11,3,3,17,0,0,26,10,92,1,1,3.02,2.76,14,0,3.7,0,1,3,18,12,6,1,0,,74,46.25,0,0,1,78,7,31,0,14,1265,2,3.0,0,0,1,0,0.0,0,0,0,0,298,12,0,6.76,0,1,0,0,0,0,0,0,1265.0,0.0,5,12,15,7,9,31,46.27,0,13,7,53.85,31,33,67,124,75,44.91,29,227,67,294,114.9,27,0,739,30,3,0,Diogo Bezerra,Rio Ave,1176881,3036
0,2,28.57,26,1,100.0,52,25,77,85.56,4,66.67,2,18,2,0,0,0,17,1,0,4,0,2,17,0,0,6,4,17,0,0,1.28,0.7,2,0,0.0,0,0,2,2,2,0,0,0,,31,67.39,0,0,0,13,0,5,0,0,227,1,0.0,0,0,0,0,0.0,0,0,0,0,37,0,0,6.76,0,0,0,0,0,0,0,0,0.0,0.0,0,8,8,9,3,21,87.5,0,3,2,66.67,5,0,24,7,35,67.31,1,63,27,90,114.9,16,0,177,7,0,0,Alisson Santos,Sporting CP,1122835,3001
33,17,27.42,176,59,39.86,343,329,672,74.42,46,61.33,29,32,0,0,0,0,83,2,0,4,6,99,32,0,0,8,25,112,1,0,1.73,0.48,39,0,0.0,0,0,0,28,23,5,0,0,,90,52.02,0,0,1,231,38,23,0,29,2466,2,7.0,0,0,0,2,0.0,0,0,0,0,379,7,0,6.76,0,0,0,0,0,0,0,0,0.0,0.0,0,4,13,12,1,8,36.36,0,48,27,56.25,23,98,22,62,136,54.84,148,510,393,903,216.2,17,0,1543,36,8,0,Zé Carlos,Gil Vicente,1001662,3010
21,26,23.85,232,23,47.92,369,213,582,77.29,23,39.66,35,29,3,0,0,1,83,7,4,9,2,25,29,0,0,30,23,146,2,1,2.81,7.18,44,0,15.22,0,7,10,31,31,0,6,1,,81,42.19,0,0,0,171,13,35,6,24,2038,5,7.0,0,0,3,0,66.67,0,2,0,0,348,21,0,6.76,0,1,0,0,0,0,0,0,291.14,0.0,3,30,16,18,19,11,42.31,0,45,31,68.89,35,53,26,109,104,41.6,48,503,250,753,195.9,46,1,1220,26,4,0,Samu,Vitória SC,785808,3009
4,1,20.0,35,5,31.25,92,85,177,71.08,25,53.19,22,16,0,0,0,0,36,1,0,1,0,13,15,0,0,7,11,58,0,0,0.51,0.79,10,0,25.0,0,2,2,12,9,3,2,0,,37,50.68,0,0,0,72,18,6,1,8,645,1,1.0,0,0,0,0,0.0,0,0,0,0,116,5,0,6.75,0,1,0,0,0,0,0,0,322.5,0.0,0,5,3,5,2,8,44.44,0,21,12,57.14,6,8,18,5,62,51.67,16,138,111,249,101.3,8,1,413,9,4,0,Nodar Lominadze,Estoril Praia,1001313,4500
5,20,23.81,163,5,29.41,254,79,333,82.02,11,34.38,21,30,4,0,0,0,76,3,1,9,4,2,30,0,0,30,10,151,0,0,3.31,2.1,33,0,6.06,0,2,6,32,32,0,2,0,,118,47.58,1,0,2,73,2,26,0,22,1959,8,1.0,0,0,0,0,0.0,0,0,0,1,293,16,0,6.75,0,1,0,0,0,0,0,0,979.5,0.0,0,19,14,12,12,42,41.58,0,16,10,62.5,26,14,101,84,129,46.07,17,312,94,406,202.5,33,1,875,60,2,0,Noah Saviolo,Vitória SC,1153328,3009
0,0,0.0,2,0,0.0,6,2,8,80.0,1,25.0,3,4,0,0,0,0,1,0,1,2,0,0,4,0,0,1,1,5,0,0,0.01,0.76,0,0,16.67,0,1,1,0,0,0,1,0,,4,66.67,0,0,0,2,1,0,1,0,66,0,0.0,0,0,0,0,0.0,0,0,0,0,5,0,0,6.75,0,0,0,0,0,0,0,0,66.0,0.0,0,5,1,0,4,0,0.0,0,2,0,0.0,0,0,0,1,5,50.0,0,7,3,10,27.0,6,0,26,2,0,0,Conrad Harder,Sporting CP,1494826,3001
6,2,28.57,18,3,42.86,32,20,52,80.0,2,50.0,2,12,2,0,0,0,5,2,0,0,0,4,6,0,0,3,0,6,0,0,0.09,0.03,0,0,0.0,0,0,2,3,2,1,0,0,,8,66.67,0,0,1,13,0,3,0,1,147,0,0.0,0,0,0,0,0.0,0,0,0,0,29,0,0,6.75,0,0,0,0,0,0,0,0,0.0,0.0,1,0,1,1,0,0,0.0,0,4,2,50.0,3,12,1,7,10,62.5,7,43,22,65,40.5,1,0,105,4,1,0,André Sousa,CD Nacional,167857,3013
1,0,0.0,12,3,42.86,16,14,30,69.77,10,45.45,12,4,0,0,0,0,5,1,4,3,0,4,4,0,0,4,1,28,0,0,0.18,1.11,9,0,0.0,0,0,0,6,5,1,0,0,,9,36.0,0,0,1,13,0,1,0,4,282,7,2.0,0,0,0,0,0.0,0,0,0,0,33,2,0,6.75,0,0,0,0,0,0,0,0,0.0,0.0,0,5,2,2,2,3,60.0,0,0,0,0.0,1,4,5,2,19,40.43,7,26,17,43,27.0,7,0,91,6,1,0,Miro,Tondela,1501056,38396
47,15,21.74,269,51,37.23,500,483,983,80.51,28,56.0,22,30,0,0,0,0,168,2,1,3,10,81,30,0,0,15,10,127,0,0,2.13,0.61,22,0,0.0,0,0,0,32,26,6,0,0,,116,52.49,0,0,0,238,26,20,0,30,2661,0,8.0,0,0,0,2,0.0,0,0,0,0,449,5,0,6.75,0,0,0,0,0,0,0,0,0.0,0.0,0,7,10,8,6,51,46.36,0,39,27,69.23,20,116,110,69,144,53.14,137,654,567,1221,202.5,17,0,1963,26,5,0,Ghislain Konan,Gil Vicente,831781,3010
37,16,32.0,176,46,31.51,345,382,727,70.17,89,63.12,52,29,5,0,0,0,89,6,3,1,6,108,29,0,0,3,11,104,0,1,3.42,2.03,40,0,18.75,0,3,8,49,44,5,3,0,,57,52.29,2,0,0,309,28,27,1,27,2462,4,17.0,0,1,0,0,0.0,0,0,0,0,436,2,0,6.74,0,0,0,0,0,0,0,0,820.67,0.0,0,15,1,11,4,4,80.0,0,33,21,63.64,26,101,5,50,146,58.4,146,558,478,1036,195.6,16,2,1683,23,10,0,Tiago Esgaio,FC Arouca,863637,25777
3,0,0.0,17,3,100.0,35,23,58,79.45,11,44.0,14,9,1,0,0,0,9,1,1,1,0,0,9,0,0,3,3,28,0,0,0.05,1.41,7,0,25.0,0,2,3,9,8,1,2,0,,7,33.33,1,0,0,15,3,1,0,4,351,0,0.0,0,0,0,0,0.0,0,0,0,1,33,2,0,6.74,0,1,0,0,0,0,0,0,175.5,0.0,0,8,0,2,5,3,75.0,0,2,2,100.0,1,4,4,0,18,39.13,3,49,24,73,60.7,8,0,125,2,1,0,Héctor Hernández,Gil Vicente,352448,3010
15,1,25.0,103,16,47.06,212,307,519,87.37,30,78.95,8,27,1,0,0,0,81,0,1,3,3,43,27,0,0,16,17,79,0,1,0.39,0.37,33,0,10.0,0,1,2,22,16,6,1,0,,67,48.55,1,0,0,75,32,5,0,15,1411,1,7.0,0,0,0,0,0.0,0,0,0,0,125,8,0,6.74,1,0,0,0,0,0,0,0,1411.0,0.0,0,7,3,5,2,6,46.15,0,41,17,41.46,5,31,13,4,97,55.11,34,259,335,594,182.1,10,0,849,20,4,1,Tamás Nikitscher,Rio Ave,1393242,3036
28,6,24.0,140,35,46.05,271,244,515,73.78,39,56.52,30,31,0,0,0,0,97,2,1,8,5,57,30,0,0,9,23,103,0,0,0.98,1.22,33,0,0.0,0,0,0,25,22,3,0,0,,94,56.29,0,0,0,183,31,9,0,24,1969,0,7.0,0,0,0,0,0.0,0,0,0,0,253,11,0,6.74,0,0,0,0,0,0,0,0,0.0,0.0,0,8,12,10,2,7,38.89,0,66,40,60.61,9,60,18,25,133,56.36,76,411,287,698,202.3,20,1,1080,21,4,0,Pedro Ferreira,Santa Clara,851277,3011
2,1,14.29,21,2,33.33,29,21,50,71.43,4,50.0,4,13,0,0,0,0,15,0,1,1,0,4,12,0,0,5,2,17,0,0,0.74,0.84,1,0,14.29,0,1,1,3,3,0,1,0,,15,53.57,0,0,0,20,0,3,0,0,277,1,1.0,0,0,0,0,0.0,0,0,0,0,45,1,0,6.74,0,0,0,0,0,0,0,0,277.0,0.0,0,4,3,3,3,5,50.0,0,3,3,100.0,3,5,10,7,19,52.78,6,43,27,70,80.9,7,0,148,7,1,0,Fabrício Garcia,FC Alverca,1190120,190328
1,0,0.0,4,1,100.0,8,4,12,70.59,6,66.67,3,7,1,0,0,0,2,1,0,1,0,0,5,0,0,2,0,7,0,0,0.08,0.23,2,0,0.0,0,0,1,1,1,0,0,0,,4,50.0,0,0,0,5,0,2,0,0,80,0,0.0,0,0,0,0,0.0,0,0,0,0,11,2,0,6.74,0,0,0,0,0,0,0,0,0.0,0.0,0,2,0,0,1,0,0.0,0,3,2,66.67,2,1,0,0,10,58.82,1,11,6,17,33.7,2,0,32,2,0,0,João Costa,Santa Clara,1511976,3011
37,25,19.23,217,52,47.71,401,337,738,76.96,24,44.44,30,33,5,0,0,0,134,9,4,2,6,76,33,0,0,22,19,146,0,2,3.62,2.36,26,0,4.55,0,1,6,47,37,10,1,0,,84,42.0,0,0,0,221,27,29,0,31,2825,3,9.0,0,0,1,0,100.0,0,1,0,0,504,8,0,6.74,0,1,0,0,0,0,0,0,2825.0,0.0,0,20,2,11,9,37,42.53,0,26,16,61.54,29,91,87,130,108,42.52,109,553,406,959,222.4,22,1,1817,21,7,0,Nabil Touaizi,FC Alverca,904849,190328
33,0,0.0,137,35,57.38,323,345,668,87.78,11,64.71,6,18,0,0,0,0,69,0,0,3,3,19,18,0,0,8,7,53,0,0,0.56,0.73,20,0,0.0,0,0,0,17,15,2,0,0,,47,50.0,0,0,0,93,12,9,0,16,1447,0,0.0,0,0,0,0,0.0,0,0,0,0,139,3,0,6.74,1,0,0,0,0,0,0,0,0.0,0.0,0,4,10,9,2,16,57.14,0,10,3,30.0,9,61,28,5,58,52.25,61,388,373,761,121.3,14,0,934,21,4,1,Adriano Firmino,Santa Clara,989383,3011
20,8,20.0,226,13,68.42,359,199,558,81.58,10,30.3,23,31,4,0,0,0,86,5,0,3,0,13,31,0,0,14,24,97,0,0,2.77,0.47,12,0,0.0,0,0,4,28,24,4,0,0,,71,48.97,0,0,0,126,8,28,0,25,2021,5,0.0,0,1,0,0,0.0,0,0,0,0,240,12,0,6.74,0,0,0,0,0,0,0,0,0.0,0.0,0,6,2,3,2,8,24.24,0,26,14,53.85,27,35,33,40,81,45.51,19,456,228,684,208.8,8,0,954,37,0,0,Kiko Bondoso,Moreirense,1082948,3014
11,10,20.41,190,21,52.5,355,368,723,87.64,22,73.33,8,23,0,0,0,0,53,1,1,2,3,52,23,0,0,11,9,69,0,2,1.45,0.85,20,0,11.11,0,1,1,12,11,1,1,0,,56,47.86,1,0,0,102,14,13,0,21,1614,0,4.0,0,0,0,0,0.0,0,0,0,0,208,5,0,6.73,0,0,0,0,0,0,0,0,1614.0,0.0,0,5,4,4,3,7,25.0,0,31,18,58.06,13,26,28,49,78,53.06,40,432,393,825,154.9,9,0,1251,18,6,0,Iván Fresneda,Sporting CP,1167818,3001
19,7,24.14,110,24,36.36,188,153,341,67.26,22,57.89,16,26,2,0,0,0,101,4,0,21,1,23,26,0,0,30,16,119,1,0,1.71,3.81,31,0,8.33,0,4,6,49,41,8,4,0,,94,47.72,2,0,1,166,11,30,2,21,1896,4,7.0,0,0,1,0,100.0,0,1,0,0,292,8,0,6.73,0,0,0,0,0,0,0,0,474.0,0.0,4,24,24,15,12,15,34.09,0,52,36,69.23,30,52,44,29,116,49.36,66,315,192,507,175.1,48,0,894,29,4,0,Pedro Lima,AVS - Futebol SAD,1067648,483088
46,4,80.0,137,41,51.9,352,319,671,85.04,21,48.84,22,29,0,0,0,0,96,1,0,6,3,37,29,0,0,8,19,76,0,1,0.77,0.53,23,0,0.0,0,0,0,35,29,6,0,0,,69,56.1,0,0,0,118,15,11,0,22,1985,1,8.0,0,0,0,0,0.0,0,0,0,0,166,6,0,6.73,0,0,0,0,0,0,0,0,0.0,0.0,0,6,6,5,1,12,63.16,0,39,24,61.54,11,82,19,5,90,54.22,79,442,347,789,195.3,12,0,1045,18,3,0,Juan Rodríguez,Tondela,1482435,38396
7,1,20.0,26,6,37.5,42,32,74,72.55,9,40.91,13,12,0,0,0,0,14,0,2,4,0,3,12,0,0,19,1,44,0,0,0.11,1.71,7,0,17.65,0,3,3,8,8,0,3,0,,22,41.51,1,0,0,28,0,2,1,6,507,2,2.0,0,0,0,0,0.0,0,0,0,0,77,2,0,6.73,0,1,0,0,0,0,0,0,169.0,0.0,0,15,2,7,6,7,63.64,0,6,3,50.0,2,12,11,5,31,41.33,16,67,35,102,80.8,17,0,210,9,3,0,Gonçalo Paciência,Santa Clara,138890,3011
2,9,26.47,88,3,50.0,119,50,169,80.09,6,30.0,14,21,1,0,0,0,51,4,4,9,0,8,21,0,0,11,5,75,0,0,2.38,2.22,16,0,7.41,0,2,3,9,8,1,2,0,,47,43.52,0,0,1,42,6,13,2,11,1031,5,1.0,0,0,0,0,0.0,0,0,0,0,149,9,0,6.73,0,0,0,0,0,0,0,0,515.5,0.0,0,19,8,10,8,11,27.5,0,20,15,75.0,13,7,40,34,53,41.41,6,153,58,211,141.4,27,1,453,17,3,0,Agustín Moreira,Gil Vicente,1799336,3010
24,2,25.0,79,27,52.94,163,181,344,73.82,25,53.19,22,25,1,0,0,0,63,4,0,4,1,35,24,0,0,10,10,82,0,1,1.14,0.93,33,0,18.18,0,2,3,20,19,1,2,0,,39,39.39,1,0,0,122,20,7,0,18,1527,0,8.0,0,0,0,0,0.0,0,0,0,0,170,4,0,6.73,0,1,0,0,0,0,0,0,763.5,0.0,0,5,6,3,4,1,12.5,0,24,15,62.5,7,39,8,8,64,43.84,51,236,230,466,161.5,11,0,683,15,5,0,Rafael Brito,Casa Pia,983537,36365
10,1,20.0,172,8,42.11,348,240,588,85.47,27,52.94,24,31,5,0,0,0,60,2,4,6,3,21,31,0,0,14,23,100,0,0,1.43,2.57,30,0,13.64,0,3,8,18,17,1,3,0,,87,53.37,1,0,0,100,18,21,0,18,1766,5,4.0,0,0,0,0,0.0,0,0,0,0,167,11,0,6.73,0,2,0,0,0,0,0,0,588.67,0.0,0,18,4,6,10,8,44.44,0,33,16,48.48,21,16,18,5,114,53.27,19,420,268,688,208.6,22,2,972,46,1,0,Leandro Barreiro,Benfica,906800,3006
4,6,19.35,57,1,11.11,87,58,145,81.46,4,19.05,17,22,3,0,0,0,23,1,2,5,1,4,21,0,0,7,7,52,0,0,1.63,1.33,14,0,20.0,0,2,5,8,7,1,2,0,,43,55.13,1,0,1,33,3,10,1,6,716,2,0.0,0,0,0,0,0.0,0,0,0,0,87,2,0,6.73,0,0,0,0,0,0,0,0,358.0,0.0,0,9,1,3,2,8,50.0,0,22,13,59.09,10,8,16,31,47,47.47,9,107,71,178,141.3,10,1,328,14,2,0,Pedro Santos,Famalicão,1120040,49531
14,1,33.33,68,23,60.53,148,136,284,83.28,6,46.15,7,14,0,0,0,0,54,0,0,0,0,20,14,0,0,12,6,47,0,0,0.49,0.5,15,0,25.0,0,1,1,14,12,2,1,0,,47,54.02,0,0,0,57,10,7,0,9,810,0,2.0,0,0,0,0,0.0,0,0,0,0,102,4,0,6.73,0,1,0,0,0,0,0,0,810.0,0.0,0,2,2,2,2,19,73.08,0,18,13,72.22,7,19,26,3,53,53.0,38,180,161,341,94.2,4,1,497,10,4,0,Eddy Doué,CF Estrela Amadora,2368703,3035
29,7,25.0,94,38,62.3,182,180,362,75.57,22,55.0,18,21,0,0,0,0,92,1,1,0,4,48,21,0,0,12,17,83,0,0,0.92,0.35,29,0,0.0,0,0,0,22,21,1,0,0,,63,49.22,0,0,0,117,12,15,0,16,1401,1,4.0,0,0,0,0,0.0,0,0,0,0,190,6,0,6.73,0,0,0,0,0,0,0,0,0.0,0.0,0,2,4,3,3,7,50.0,0,43,28,65.12,15,52,14,28,85,50.6,61,260,219,479,141.3,6,0,776,13,6,0,Gustavo Mendonca,AVS - Futebol SAD,1006114,483088
8,0,0.0,32,12,85.71,67,93,160,88.4,9,69.23,4,16,0,0,0,0,14,0,0,0,0,9,15,0,0,2,3,15,0,1,0.09,0.04,5,0,0.0,0,0,0,6,6,0,0,0,,25,69.44,0,0,0,21,7,1,0,3,377,0,1.0,0,0,0,0,0.0,0,0,0,0,34,0,0,6.73,0,0,0,0,0,0,0,0,0.0,0.0,0,0,2,2,0,1,50.0,0,13,10,76.92,1,10,2,2,34,69.39,14,83,98,181,100.9,2,0,248,11,3,0,Marcos Peña,Famalicão,1493216,49531
3,0,0.0,4,1,33.33,8,16,24,80.0,4,44.44,5,4,0,0,0,0,1,0,0,0,0,9,4,0,0,0,0,8,0,0,0.01,,3,0,0.0,0,0,0,4,4,0,0,0,,2,40.0,0,0,0,6,1,1,0,0,95,0,3.0,0,0,0,0,0.0,0,0,0,0,8,1,0,6.73,0,0,0,0,0,0,0,0,0.0,0.0,0,0,0,0,0,0,0.0,0,2,2,100.0,1,4,1,1,6,42.86,3,12,18,30,26.9,0,0,48,0,0,0,André Ceitil,Tondela,925839,38396
14,0,0.0,26,20,43.48,100,218,318,87.36,8,57.14,6,8,0,0,0,0,30,0,0,1,1,27,8,0,0,1,1,24,0,0,0.08,0.04,14,0,0.0,2,0,0,17,17,0,0,0,,32,64.0,0,0,0,46,11,0,0,6,558,1,6.0,0,0,0,0,0.0,0,0,0,0,51,0,0,6.73,0,0,0,0,0,0,0,0,0.0,0.0,0,1,0,0,0,7,77.78,0,20,12,60.0,0,29,9,1,40,62.5,46,133,231,364,53.8,1,0,458,5,4,0,Omar Fayed,FC Arouca,1393731,25777
14,5,17.24,74,19,61.29,123,82,205,78.24,5,35.71,9,22,2,0,0,0,59,1,0,6,1,6,21,0,0,11,6,50,0,0,0.53,0.45,14,0,0.0,0,0,2,16,15,1,0,0,,53,56.38,0,0,0,57,9,12,0,7,758,1,1.0,0,0,0,0,0.0,0,0,0,1,129,3,0,6.72,0,0,0,0,0,0,0,0,0.0,0.0,0,2,10,3,3,12,54.55,0,8,6,75.0,12,24,22,29,58,53.7,31,170,92,262,141.2,12,0,460,34,1,0,Jorge Meireles,CF Estrela Amadora,1164070,3035
4,1,33.33,50,3,42.86,90,62,152,71.03,36,39.56,55,32,3,0,0,1,45,1,9,11,1,14,32,0,0,30,5,131,0,0,0.51,7.47,16,0,12.0,0,6,9,15,12,3,6,0,,59,43.7,1,0,2,62,0,10,2,15,1521,6,2.0,0,0,1,0,0.0,0,0,0,1,164,8,0,6.72,0,3,0,0,0,0,0,0,253.5,0.0,0,45,5,16,23,11,30.56,0,8,6,75.0,10,11,36,3,95,42.04,7,135,79,214,215.1,50,2,493,42,3,0,Gustavo Varela,Gil Vicente,1146305,3010
4,2,15.38,78,3,37.5,122,37,159,71.3,16,35.56,29,25,1,0,0,0,33,3,4,4,0,2,24,0,0,27,11,102,0,0,0.69,4.6,19,0,19.35,0,6,7,5,5,0,6,0,,51,41.13,0,0,0,64,4,9,1,9,885,3,1.0,0,0,1,0,100.0,0,1,0,2,160,10,0,6.72,0,5,0,0,0,0,0,0,147.5,0.0,0,26,5,9,18,21,52.5,0,8,5,62.5,9,7,40,13,67,39.64,8,164,59,223,161.3,31,2,462,22,1,0,Franjo Ivanović,Benfica,1103333,3006
5,3,13.64,42,6,75.0,82,62,144,78.26,9,52.94,8,23,1,0,0,0,35,1,4,4,0,3,20,0,0,8,8,54,0,0,1.04,1.96,6,0,16.67,0,3,4,6,6,0,3,0,,29,38.67,0,0,0,40,6,8,2,4,594,4,0.0,0,1,0,0,0.0,0,0,0,0,110,8,0,6.72,0,1,0,0,0,0,0,0,198.0,0.0,0,17,1,5,9,8,25.0,0,15,10,66.67,7,10,32,22,38,41.3,8,111,73,184,134.4,18,1,337,6,0,0,Antoine Joujou,Famalicão,1463265,49531
18,11,20.37,184,21,42.0,343,239,582,81.17,13,44.83,16,26,4,0,0,0,87,6,2,2,2,39,26,0,0,7,12,91,0,1,2.4,3.02,36,0,10.0,0,2,6,39,37,2,2,0,,88,53.99,0,0,0,135,14,20,0,25,1982,4,4.0,0,0,0,0,0.0,0,0,0,1,271,7,0,6.72,0,2,0,0,0,0,0,0,991.0,0.0,0,12,8,10,8,15,41.67,0,36,24,66.67,20,40,36,54,101,52.6,50,435,282,717,174.7,20,3,1245,37,9,0,Ricard Sánchez,Estoril Praia,986726,4500
25,2,25.0,294,32,51.61,695,516,1211,92.58,7,31.82,15,28,0,0,0,0,94,1,0,7,2,15,28,0,0,4,17,63,0,2,0.94,0.53,18,0,7.69,0,1,1,21,16,5,0,1,,49,50.52,0,0,0,97,18,7,0,19,1721,0,4.0,0,0,0,1,0.0,0,0,0,0,144,7,0,6.72,0,1,0,0,0,0,0,0,1721.0,0.0,0,3,10,2,4,9,50.0,0,26,18,69.23,7,38,18,8,56,47.06,62,765,543,1308,188.1,13,0,1511,14,5,0,Jean-Baptiste Gorby,Sporting Braga,1120039,2999
0,0,0.0,10,0,0.0,12,4,16,76.19,2,100.0,0,8,0,0,0,0,5,0,0,0,0,1,6,0,0,5,3,12,0,0,0.04,0.46,2,0,50.0,0,1,1,1,1,0,1,0,,8,40.0,0,0,0,5,0,0,0,0,78,2,0.0,0,0,0,0,0.0,0,0,0,1,16,1,0,6.72,0,1,0,0,0,0,0,0,78.0,0.0,0,2,0,0,2,2,40.0,0,1,1,100.0,0,0,5,0,10,45.45,0,15,6,21,40.3,2,0,45,5,0,0,João Rêgo,Benfica,1158353,3006
26,0,0.0,113,31,46.97,228,282,510,80.7,11,32.35,23,30,0,0,0,0,84,0,0,3,0,21,30,0,0,7,13,65,0,1,0.45,0.26,22,0,0.0,0,0,0,15,13,2,0,0,,55,56.7,0,0,0,122,28,6,0,10,1197,0,2.0,0,0,0,0,0.0,0,0,0,1,160,7,0,6.72,0,0,0,0,0,0,0,0,0.0,0.0,0,1,4,2,0,3,50.0,0,38,22,57.89,6,54,6,4,66,50.38,66,310,322,632,201.5,5,0,833,14,7,0,Zé Carlos,Gil Vicente,1138915,3010
9,0,0.0,55,11,57.89,118,121,239,85.97,5,38.46,8,28,1,0,0,0,30,2,1,5,0,9,27,0,0,5,9,43,0,1,0.66,1.26,19,0,6.25,0,1,2,11,8,3,1,0,,44,55.7,0,0,0,39,8,5,0,2,619,0,2.0,0,0,0,0,0.0,0,0,0,0,82,2,0,6.71,0,1,0,0,0,0,0,0,619.0,0.0,0,4,12,8,3,7,70.0,0,25,17,68.0,5,10,10,12,49,53.26,19,140,138,278,181.3,16,1,424,12,3,0,Davy Gui,FC Alverca,2033832,190328
41,0,0.0,66,75,50.68,208,492,700,85.89,10,66.67,5,14,0,0,0,0,62,0,1,1,4,82,14,0,0,0,5,19,0,1,0.15,0.35,9,0,0.0,10,0,0,19,13,6,0,0,,20,58.82,0,0,0,115,12,3,0,14,1260,2,3.0,1,0,0,0,0.0,0,0,0,0,122,0,0,6.71,0,0,0,0,0,0,0,0,0.0,0.0,0,2,0,1,0,1,50.0,0,14,7,50.0,3,83,2,1,30,61.22,148,287,528,815,94.0,2,0,974,6,4,0,Gustavo Mancha,Rio Ave,2034540,3036
4,1,16.67,31,3,33.33,54,65,119,75.8,9,31.03,20,17,1,0,1,0,16,1,8,5,1,18,17,0,0,6,8,54,1,0,0.47,5.33,16,0,20.0,0,6,7,24,22,2,5,1,,15,30.61,2,0,2,38,2,9,1,14,1212,9,0.0,0,0,1,0,0.0,0,0,0,0,73,4,0,6.71,0,3,0,0,0,0,0,0,202.0,0.0,0,21,9,9,16,1,14.29,0,3,1,33.33,9,8,7,6,24,30.77,9,78,79,157,114.1,30,1,274,11,0,0,Kikas,CF Estrela Amadora,869875,3035
37,0,0.0,37,41,35.65,106,322,428,77.96,24,61.54,15,18,0,0,0,0,32,0,1,0,4,97,18,0,1,0,13,50,0,0,0.29,0.6,20,0,0.0,13,0,0,23,21,2,0,0,,38,52.05,0,0,0,121,15,3,0,16,1436,2,14.0,0,0,0,0,0.0,0,0,0,0,139,1,0,6.71,2,0,0,0,0,0,0,0,0.0,0.0,0,2,1,2,1,1,25.0,0,35,19,54.29,3,88,4,6,62,55.36,115,197,352,549,120.8,3,0,752,2,2,1,Paulo Vitor,AVS - Futebol SAD,1176165,483088
6,6,17.14,53,4,14.29,104,65,169,70.71,15,75.0,5,10,1,0,0,0,31,2,2,4,2,16,10,0,0,11,3,47,0,0,0.48,0.76,19,0,0.0,0,0,1,11,10,1,0,0,,40,48.78,0,0,1,70,10,8,0,8,720,4,0.0,0,0,0,0,0.0,0,0,0,1,147,4,0,6.71,0,0,0,0,0,0,0,0,0.0,0.0,0,3,5,2,2,7,36.84,0,18,13,72.22,8,11,19,35,55,53.92,28,154,85,239,67.1,8,0,445,16,3,0,Matheus Pereira,Santa Clara,1016898,3011
6,1,25.0,80,17,53.13,176,143,319,81.79,26,54.17,22,25,1,0,0,0,55,0,0,5,1,24,24,0,0,8,14,86,0,0,0.26,0.42,34,0,0.0,0,0,1,13,11,2,0,0,,74,53.62,0,0,0,71,10,8,0,8,972,0,1.0,0,0,0,0,0.0,0,0,0,0,118,2,0,6.71,0,0,0,0,0,0,0,0,0.0,0.0,0,5,7,3,4,11,50.0,0,32,22,68.75,8,11,22,4,100,53.76,32,221,169,390,161.0,12,0,608,31,8,0,José Tavares,Santa Clara,2155276,3011
10,5,16.67,131,22,44.9,216,255,471,83.66,14,46.67,16,19,0,0,0,0,93,1,1,2,5,46,19,0,0,12,12,90,0,1,0.75,1.06,26,0,0.0,0,0,0,22,19,3,0,0,,73,49.66,0,0,0,92,18,6,0,17,1523,2,4.0,0,0,0,0,0.0,0,0,0,0,191,1,0,6.71,0,0,0,0,0,0,0,0,0.0,0.0,0,7,0,4,1,18,41.86,0,35,22,62.86,6,21,43,30,87,49.15,49,268,295,563,127.4,7,0,986,20,3,0,Francisco Chissumba,FC Alverca,1158067,190328
9,8,24.24,122,17,36.96,253,247,500,80.65,17,53.13,15,22,0,0,0,0,75,2,0,2,3,35,22,0,0,2,16,61,0,0,1.41,0.06,19,0,0.0,0,0,0,19,19,0,0,0,,46,50.0,0,0,0,120,19,16,0,20,1576,1,6.0,0,0,0,0,0.0,0,0,0,0,184,4,0,6.7,0,0,0,0,0,0,0,0,0.0,0.0,0,0,3,1,0,1,10.0,0,30,16,53.33,16,27,10,33,63,50.81,46,332,288,620,147.5,3,0,960,16,5,0,Miguel Maga,Vitória SC,1131047,3009
2,1,100.0,60,3,75.0,102,71,173,66.8,54,45.38,65,31,2,0,0,0,36,1,10,7,0,20,31,0,0,17,5,133,0,0,0.41,7.64,32,0,23.68,0,9,11,24,18,6,9,0,,42,38.18,3,0,0,86,0,7,0,18,1535,5,4.0,0,0,3,0,100.0,0,3,0,0,178,10,0,6.7,0,6,0,0,0,0,0,0,170.56,0.0,0,34,4,10,21,8,30.77,0,7,4,57.14,7,8,26,1,96,41.92,4,168,91,259,207.7,38,0,499,27,3,0,Marko Milovanović,FC Alverca,1100957,190328
3,2,100.0,29,5,38.46,52,58,110,65.48,27,51.92,25,29,1,0,0,0,30,2,5,9,0,26,29,0,0,8,2,65,0,0,0.75,5.89,26,0,9.76,0,4,5,17,14,3,4,0,,38,48.72,0,0,0,58,4,8,2,12,1185,6,3.0,0,0,1,0,100.0,0,1,0,1,96,1,0,6.7,0,2,0,0,0,0,0,0,296.25,0.0,6,29,12,17,15,8,50.0,0,9,4,44.44,8,9,16,2,65,50.0,13,100,68,168,194.3,41,1,345,23,5,0,Rodrigo Pinho,CF Estrela Amadora,801339,3035
5,3,21.43,44,1,7.69,69,51,120,62.5,23,33.82,45,27,1,0,0,0,40,0,4,12,0,15,26,0,0,12,11,84,0,0,0.83,3.31,14,0,9.68,0,3,4,17,16,1,3,0,,47,54.65,0,0,0,72,3,11,1,13,1303,7,2.0,0,0,0,0,0.0,0,0,0,0,148,8,0,6.7,0,2,0,0,0,0,0,0,434.33,0.0,1,24,7,8,11,5,45.45,0,22,17,77.27,11,15,11,14,70,45.45,13,126,66,192,174.2,31,0,419,20,0,0,Diego Duarte,AVS - Futebol SAD,1003071,483088
15,6,15.0,71,13,29.55,158,120,278,78.31,16,61.54,10,12,1,0,0,0,38,2,1,2,4,37,12,0,0,7,7,31,0,0,0.46,0.7,6,0,0.0,0,0,1,11,11,0,0,0,,28,57.14,0,0,0,77,7,7,0,10,890,0,2.0,0,0,0,1,0.0,0,0,0,0,170,4,0,6.7,0,0,0,0,0,0,0,0,0.0,0.0,0,2,2,1,1,4,57.14,0,12,9,75.0,7,40,7,40,44,58.67,44,207,148,355,80.4,4,0,623,12,0,0,Guilherme Romão,Santa Clara,883908,3011
0,0,0.0,5,0,0.0,7,2,9,100.0,0,0.0,0,1,0,0,0,0,0,0,0,0,0,0,1,0,0,0,0,0,0,0,0.02,,0,0,0.0,0,0,0,0,0,0,0,0,,0,0.0,0,0,0,0,0,0,0,0,8,0,0.0,0,0,0,0,0.0,0,0,0,0,0,0,0,6.7,0,0,0,0,0,0,0,0,0.0,0.0,0,0,0,0,0,0,0.0,0,0,0,0.0,0,0,0,0,0,0.0,0,7,2,9,6.7,0,0,9,0,0,0,Eduardo Felicíssimo,Sporting CP,1586645,3001
0,0,0.0,0,0,0.0,3,6,9,64.29,1,100.0,0,1,0,0,0,0,1,0,0,0,0,0,1,0,0,0,0,0,0,0,0.0,,0,0,0.0,0,0,0,2,2,0,0,0,,4,100.0,0,0,0,5,0,0,0,1,45,0,0.0,0,0,0,0,0.0,0,0,0,0,6,1,0,6.7,0,0,0,0,0,0,0,0,0.0,0.0,0,0,0,0,0,0,0.0,0,0,0,0.0,0,1,0,1,5,100.0,1,3,11,14,6.7,0,0,22,4,0,0,Edney Henrique,Santa Clara,1561865,3011
2,0,0.0,9,1,100.0,23,3,26,92.86,0,0.0,0,1,0,0,0,0,3,0,0,0,0,0,1,0,0,0,0,0,0,0,0.02,,0,0,0.0,0,0,0,1,1,0,0,0,,1,100.0,0,0,0,2,0,2,0,0,22,0,0.0,0,0,0,0,0.0,0,0,0,0,2,0,0,6.7,0,0,0,0,0,0,0,0,0.0,0.0,0,0,0,0,0,0,0.0,0,1,1,100.0,2,4,0,0,1,100.0,1,25,3,28,6.7,0,0,29,0,0,0,Tiago Silva,FC Porto,1994473,3002
0,0,0.0,0,0,0.0,2,3,5,100.0,0,0.0,0,1,0,0,0,0,0,0,0,0,0,0,1,0,0,0,0,0,0,0,0.0,,0,0,0.0,0,0,0,0,0,0,0,0,,0,0.0,0,0,0,0,0,0,0,0,8,0,0.0,0,0,0,0,0.0,0,0,0,0,0,0,0,6.7,0,0,0,0,0,0,0,0,0.0,0.0,0,0,0,0,0,0,0.0,0,0,0,0.0,0,0,0,0,0,0.0,0,2,3,5,6.7,0,0,5,0,0,0,Issiar Drame,CF Estrela Amadora,857766,3035
0,0,0.0,1,1,50.0,3,6,9,90.0,0,0.0,1,1,0,0,0,0,0,0,0,0,0,0,1,0,0,0,0,2,0,0,0.0,,1,0,0.0,0,0,0,0,0,0,0,0,,1,50.0,0,0,0,1,0,0,0,0,17,0,0.0,0,0,0,0,0.0,0,0,0,0,1,0,0,6.7,0,0,0,0,0,0,0,0,0.0,0.0,0,0,0,0,0,0,0.0,0,1,0,0.0,0,0,0,0,1,33.33,2,4,6,10,6.7,0,0,12,0,0,0,Or Israelov,Estoril Praia,1158555,4500
0,0,0.0,2,1,100.0,3,8,11,91.67,0,0.0,0,1,0,0,0,0,0,0,0,0,0,1,1,0,0,0,0,0,0,0,0.0,,0,0,0.0,0,0,0,0,0,0,0,0,,0,0.0,0,0,0,1,1,0,0,0,10,0,0.0,0,0,0,0,0.0,0,0,0,0,1,0,0,6.7,0,0,0,0,0,0,0,0,0.0,0.0,0,0,0,0,0,0,0.0,0,0,0,0.0,0,0,0,0,0,0.0,1,3,9,12,6.7,0,0,15,0,0,0,Fodé Pascoal,Sporting Braga,1900357,2999
0,0,0.0,4,0,0.0,4,5,9,81.82,1,100.0,0,1,0,0,0,0,2,0,0,0,0,1,1,0,0,0,1,1,0,0,0.01,,0,0,0.0,0,0,0,0,0,0,0,0,,0,0.0,0,0,0,2,0,1,0,0,15,0,0.0,0,0,0,0,0.0,0,0,0,0,3,0,0,6.7,0,0,0,0,0,0,0,0,0.0,0.0,0,0,0,0,0,0,0.0,0,0,0,0.0,1,2,0,0,1,50.0,0,5,6,11,6.7,0,0,16,0,0,0,Tiago Duarte,Santa Clara,2239707,3011
0,0,0.0,1,2,100.0,9,13,22,100.0,1,100.0,0,2,0,0,0,0,1,0,0,0,0,0,2,0,0,0,0,0,0,0,0.0,,0,0,0.0,0,0,0,0,0,0,0,0,,1,100.0,0,0,0,0,0,0,0,0,25,0,0.0,0,0,0,0,0.0,0,0,0,0,0,0,0,6.7,0,0,0,0,0,0,0,0,0.0,0.0,0,0,0,0,0,0,0.0,0,0,0,0.0,0,0,0,0,2,100.0,2,9,13,22,13.4,0,0,25,1,0,0,Diogo Prioste,Benfica,1146008,3006
1,3,50.0,6,0,0.0,14,7,21,87.5,0,0.0,1,4,0,0,0,0,7,0,0,0,0,0,4,0,0,2,3,9,0,0,0.14,,2,0,0.0,0,0,0,2,2,0,0,0,,5,38.46,0,0,0,3,1,3,0,1,125,0,1.0,0,0,0,0,0.0,0,0,0,0,12,1,0,6.7,0,0,0,0,0,0,0,0,0.0,0.0,0,0,0,0,0,1,50.0,0,1,0,0.0,3,1,2,6,5,35.71,1,16,8,24,26.8,0,0,46,3,0,0,Kobamelo Kodisang,AVS - Futebol SAD,822874,483088
3,3,42.86,8,6,54.55,22,31,53,79.1,0,0.0,2,4,0,0,0,0,8,0,0,0,0,4,4,0,0,0,2,6,0,0,0.06,,2,0,0.0,0,0,0,0,0,0,0,0,,3,42.86,0,0,0,14,3,2,0,1,152,0,0.0,0,0,0,0,0.0,0,0,0,0,25,0,0,6.7,0,0,0,0,0,0,0,0,0.0,0.0,0,0,0,0,0,0,0.0,0,2,2,100.0,2,4,1,7,3,33.33,11,30,37,67,26.8,0,0,105,1,0,0,Ryan,CF Estrela Amadora,1086990,3035
18,6,31.58,71,20,30.3,146,135,281,71.14,20,66.67,10,21,0,0,0,0,64,0,0,2,2,53,18,0,0,11,14,59,0,0,0.69,0.21,19,0,0.0,0,0,0,23,20,3,0,0,,67,57.76,0,0,0,114,22,7,0,15,1336,0,7.0,0,0,0,1,0.0,0,0,0,0,193,1,0,6.7,0,0,0,0,0,0,0,0,0.0,0.0,0,3,3,3,1,7,46.67,0,40,25,62.5,7,39,15,19,87,59.59,66,226,169,395,120.6,6,0,818,21,3,0,João Aurélio,CD Nacional,44684,3013
0,1,33.33,4,0,0.0,5,1,6,85.71,0,0.0,0,1,0,0,0,0,1,0,0,0,0,0,1,0,0,0,0,0,0,0,0.08,0.1,0,0,0.0,0,0,0,0,0,0,0,0,,1,100.0,0,0,0,1,0,1,0,0,23,0,0.0,0,0,0,0,0.0,0,0,0,0,5,0,0,6.7,0,0,0,0,0,0,0,0,0.0,0.0,0,1,0,0,1,0,0.0,0,0,0,0.0,1,0,0,3,1,100.0,0,5,2,7,6.7,1,0,14,1,0,0,Kerem Aktürkoğlu,Benfica,903324,3006
0,0,0.0,2,0,0.0,3,1,4,80.0,0,0.0,0,1,0,0,0,0,1,0,0,0,0,0,1,0,0,0,0,0,0,0,0.01,0.06,0,0,0.0,0,0,0,0,0,0,0,0,,0,0.0,0,0,0,1,0,0,0,0,8,0,0.0,0,0,0,0,0.0,0,0,0,0,2,0,0,6.7,0,0,0,0,0,0,0,0,0.0,0.0,0,1,0,0,1,0,0.0,0,0,0,0.0,0,0,0,1,0,0.0,0,3,2,5,6.7,1,0,8,0,0,0,Diogo Martins,FC Alverca,913033,190328
1,12,22.22,72,7,58.33,128,48,176,83.81,4,26.67,11,24,3,0,0,0,38,7,1,10,0,4,24,0,0,10,9,69,0,0,1.93,1.39,19,0,5.88,0,1,4,16,13,3,1,0,,67,53.6,0,0,1,34,5,21,1,11,1022,4,0.0,0,0,0,0,0.0,0,0,0,0,137,11,0,6.7,0,0,0,0,0,0,0,0,1022.0,0.0,0,8,9,4,3,14,41.18,0,21,9,42.86,21,4,34,54,71,50.71,12,151,59,210,160.7,17,0,465,32,3,0,Joelson Fernandes,Gil Vicente,1032547,3010
14,0,0.0,113,24,32.88,383,702,1085,90.57,18,48.65,19,23,0,0,0,0,80,1,0,1,8,71,23,0,0,3,7,47,1,1,0.5,0.03,18,0,0.0,0,0,0,20,17,3,0,0,,46,62.16,0,0,0,113,18,2,0,21,1838,0,13.0,0,0,0,1,0.0,0,0,0,0,130,3,0,6.7,0,0,0,0,0,0,0,0,0.0,0.0,0,0,1,0,0,7,77.78,0,34,21,61.76,2,38,9,2,64,57.66,73,447,751,1198,154.0,1,0,1399,5,3,0,Bright Arrey-Mbi,Sporting Braga,997173,2999
7,2,28.57,17,4,33.33,42,40,82,71.93,1,25.0,3,12,2,0,0,0,13,3,0,0,0,5,12,0,0,3,6,27,0,1,1.06,,12,0,0.0,0,0,2,7,7,0,0,0,,30,55.56,0,0,0,32,2,6,0,3,336,0,0.0,0,0,0,0,0.0,0,0,0,0,54,1,0,6.69,0,0,0,0,0,0,0,0,0.0,0.0,0,0,0,0,0,5,62.5,0,10,5,50.0,6,13,8,7,31,53.45,12,69,45,114,80.3,0,0,191,15,3,0,Miguel Sousa,Casa Pia,936367,36365
1,0,0.0,56,3,60.0,108,84,192,88.07,9,81.82,2,12,0,0,0,0,22,0,1,1,0,8,12,0,0,5,12,33,0,1,0.26,0.39,9,0,0.0,0,0,0,7,4,3,0,0,,29,48.33,0,0,0,26,7,9,0,3,432,0,2.0,0,0,0,0,0.0,0,0,0,0,48,0,0,6.69,1,0,0,0,0,0,0,0,0.0,0.0,0,2,2,2,1,10,66.67,0,13,8,61.54,9,3,15,2,38,53.52,5,130,88,218,80.3,4,0,306,6,2,1,Ryan Guilherme,Rio Ave,1105850,3036
18,2,40.0,76,24,58.54,173,186,359,84.07,9,34.62,17,23,1,0,0,0,49,2,0,2,1,12,23,0,0,7,12,62,0,1,0.75,0.3,19,0,0.0,0,0,1,13,12,1,0,0,,43,48.86,0,0,0,68,21,15,0,9,951,4,6.0,0,0,0,0,0.0,0,0,0,1,116,3,0,6.69,0,0,0,0,0,0,0,0,0.0,0.0,0,1,5,4,0,8,53.33,0,19,14,73.68,15,30,15,5,52,45.61,41,225,202,427,153.9,6,1,607,16,5,0,Robinho,CF Estrela Amadora,2058164,3035
11,0,0.0,39,14,42.42,109,244,353,82.67,20,58.82,14,11,1,0,0,0,64,1,2,5,1,10,11,0,0,7,4,41,1,1,0.36,1.3,10,0,0.0,0,0,1,19,17,2,0,0,,50,64.94,0,0,1,74,14,5,0,9,835,0,3.0,0,0,0,1,0.0,0,0,0,0,104,3,0,6.69,1,0,0,0,0,0,0,0,0.0,0.0,0,8,6,8,1,6,50.0,0,28,17,60.71,5,27,12,3,70,63.06,33,163,264,427,73.6,14,0,583,16,3,1,Oumar Ngom,CF Estrela Amadora,1175854,3035
21,7,14.29,116,20,29.41,209,189,398,74.67,14,58.33,10,21,0,0,0,0,57,1,0,2,3,46,21,0,1,12,18,63,0,0,0.56,0.19,14,0,20.0,0,1,1,17,16,1,1,0,,85,61.59,0,0,0,135,20,10,1,16,1365,0,4.0,1,0,0,0,0.0,0,0,0,0,252,3,0,6.69,1,0,0,0,0,0,0,0,1365.0,0.0,1,3,2,1,2,20,68.97,0,39,24,61.54,10,47,29,49,99,61.11,68,302,231,533,140.5,5,0,975,26,4,0,Paulo Victor,Santa Clara,1108505,3011
13,1,50.0,67,31,33.33,209,498,707,84.67,63,58.33,45,25,1,0,0,0,85,1,3,3,5,150,25,0,1,3,10,93,1,0,1.42,2.08,28,0,0.0,2,0,1,38,33,5,0,0,,79,62.2,0,0,0,128,24,6,0,25,2199,1,17.0,1,0,0,3,0.0,0,0,0,2,163,2,0,6.69,2,0,0,0,0,0,0,0,0.0,0.0,0,12,1,6,4,7,46.67,0,61,36,59.02,6,40,15,2,142,60.43,93,303,532,835,167.2,13,2,1230,11,8,1,Brayan Medina,Tondela,1187281,38396
4,0,0.0,66,2,66.67,113,49,162,76.06,11,47.83,12,16,0,0,0,0,29,0,2,2,0,9,15,0,0,11,6,43,0,0,0.38,1.67,5,0,8.33,0,1,1,12,12,0,1,0,,37,54.41,0,0,0,51,4,6,1,11,795,3,0.0,0,0,0,0,0.0,0,0,0,1,99,7,0,6.69,0,0,0,0,0,0,0,0,795.0,0.0,0,7,5,5,5,7,43.75,0,16,10,62.5,6,8,16,10,48,52.75,3,150,63,213,100.3,12,0,354,14,0,0,Miguel Nogueira,Vitória SC,2140143,3009
8,0,0.0,21,5,55.56,38,20,58,63.74,18,51.43,17,21,1,0,0,1,9,3,3,3,0,0,20,0,0,6,4,39,0,0,0.13,4.44,14,0,18.18,0,4,5,8,7,1,4,0,,12,35.29,0,0,1,33,4,8,0,1,397,2,0.0,0,0,3,0,66.67,0,2,0,2,55,2,0,6.69,0,4,0,0,0,0,0,0,99.25,0.0,5,13,9,9,10,3,75.0,0,4,2,50.0,8,14,4,2,30,43.48,9,64,27,91,133.7,22,0,172,5,2,0,Nenê,AVS - Futebol SAD,44685,483088
11,0,0.0,6,33,37.5,17,98,115,67.65,0,0.0,0,6,0,0,0,0,37,0,0,0,0,10,6,0,0,0,1,1,0,0,0.01,,0,0,0.0,49,0,0,17,15,2,0,0,-2.54,0,0.0,0,1,0,55,0,0,0,6,540,0,0.0,0,0,0,0,0.0,4,0,0,0,58,0,4,6.68,0,0,1,14,8,23,1,6,0.0,0.0,0,0,0,0,0,0,0.0,1,0,0,0.0,0,13,0,0,0,0.0,88,58,112,170,40.1,0,0,227,0,0,0,João Gonçalves,AVS - Futebol SAD,987596,483088
2,0,0.0,25,5,25.0,77,67,144,82.76,5,50.0,5,6,0,0,0,0,16,0,0,1,0,9,6,0,0,0,1,11,0,0,0.15,0.03,5,0,0.0,0,0,0,3,2,1,0,0,,3,33.33,0,0,0,30,6,1,0,1,179,0,1.0,0,1,0,0,0.0,0,0,0,0,31,0,0,6.68,1,0,0,0,0,0,0,0,0.0,0.0,0,0,1,0,0,1,100.0,0,2,1,50.0,0,8,1,0,8,42.11,20,98,76,174,40.1,1,0,201,0,0,1,Dominik Prpić,FC Porto,1146484,3002
39,2,15.38,135,48,60.0,312,401,713,85.59,13,29.55,31,29,2,0,0,0,99,1,0,2,3,42,29,0,1,36,21,148,1,2,1.0,1.28,39,0,21.43,0,3,5,49,46,3,2,1,,123,51.25,0,0,2,120,15,13,1,27,2379,1,9.0,0,0,0,0,0.0,0,0,0,0,250,8,0,6.68,1,2,0,0,0,0,0,0,793.0,0.0,0,7,7,6,6,20,46.51,0,47,22,46.81,13,66,43,13,136,47.89,80,386,447,833,193.8,14,1,1240,56,7,0,Paulo Moreira,CF Estrela Amadora,1090646,3035
26,8,15.38,123,36,39.56,222,185,407,76.07,12,42.86,16,28,1,0,0,1,70,3,2,8,1,51,28,0,0,8,31,95,0,0,1.31,2.59,32,0,4.55,0,1,2,31,27,4,1,0,,73,48.03,0,0,0,128,17,10,0,17,1558,1,6.0,0,0,2,1,50.0,0,1,0,3,251,9,0,6.68,0,1,0,0,0,0,0,0,1558.0,0.0,0,9,13,7,7,13,59.09,0,41,32,78.05,10,57,22,52,85,47.22,91,298,237,535,187.1,22,0,984,20,7,0,Tiago Manso,Tondela,1133070,38396
6,11,22.0,69,3,33.33,102,56,158,76.7,7,31.82,15,28,1,0,0,0,49,6,3,4,1,6,28,0,0,19,5,81,0,0,2.21,2.21,16,0,0.0,0,0,1,15,14,1,0,0,,53,44.54,0,0,0,48,7,23,0,12,1216,7,2.0,0,0,0,0,0.0,0,0,0,1,181,15,0,6.68,0,0,0,0,0,0,0,0,0.0,0.0,0,18,7,14,7,17,36.96,0,4,2,50.0,23,9,46,50,60,42.55,9,139,67,206,187.1,25,0,488,32,2,0,Brenner,Santa Clara,1799251,3011
27,0,0.0,48,57,37.75,217,969,1186,88.18,29,52.73,26,28,0,0,0,0,83,0,1,1,5,133,28,0,0,4,4,47,2,3,0.11,0.64,13,0,0.0,5,0,0,35,30,5,0,0,,45,68.18,0,0,0,159,27,2,0,21,1948,1,22.0,0,0,0,1,0.0,0,0,0,0,179,0,0,6.68,0,0,0,0,0,0,0,0,0.0,0.0,0,5,0,1,3,13,81.25,0,23,18,78.26,2,73,16,1,74,61.16,151,321,1024,1345,187.1,5,0,1634,10,4,0,Gilberto Batista,Moreirense,1153099,3014
7,2,22.22,20,4,26.67,47,23,70,76.09,2,33.33,4,11,0,0,0,0,25,0,0,0,0,9,11,0,0,4,14,31,0,0,0.14,0.05,5,0,0.0,0,0,0,7,6,1,0,0,,31,53.45,0,0,0,22,4,1,0,3,369,0,1.0,0,0,0,0,0.0,0,0,0,0,57,2,0,6.68,0,0,0,0,0,0,0,0,0.0,0.0,0,1,0,1,0,5,55.56,0,14,10,71.43,1,11,9,9,33,51.56,15,63,29,92,73.5,1,0,207,12,1,0,Kevin Prieto,Casa Pia,1464186,36365
0,0,0.0,13,0,0.0,25,19,44,72.13,9,50.0,9,5,0,0,0,0,4,1,1,1,1,1,5,0,0,0,1,13,0,0,0.69,1.26,3,0,16.67,0,1,1,1,1,0,1,0,,6,60.0,0,0,0,17,2,5,0,2,262,4,1.0,0,0,0,0,0.0,0,0,0,0,28,1,0,6.68,0,1,0,0,0,0,0,0,262.0,0.0,0,6,0,2,3,1,100.0,0,3,2,66.67,5,0,1,0,15,53.57,0,38,23,61,33.4,6,0,95,2,1,0,Luuk de Jong,FC Porto,40878,3002
9,2,13.33,58,11,55.0,104,82,186,75.3,6,40.0,9,14,1,0,0,0,45,1,0,2,1,8,14,0,0,8,16,58,0,0,0.61,0.52,17,0,6.25,0,1,2,12,12,0,1,0,,42,46.15,0,0,0,61,3,5,0,6,619,0,0.0,0,0,0,0,0.0,0,0,0,0,115,6,0,6.68,0,1,0,0,0,0,0,0,619.0,0.0,1,2,14,6,8,7,41.18,0,17,12,70.59,5,18,17,15,48,45.28,20,144,103,247,93.5,16,0,403,18,1,0,Benny,Moreirense,845811,3014
6,0,0.0,77,14,73.68,182,208,390,92.64,11,55.0,9,14,0,0,0,0,48,0,0,6,0,12,14,0,0,11,6,47,0,0,0.28,0.42,21,0,10.0,0,1,1,15,10,5,0,1,,39,50.65,0,0,0,31,11,4,1,12,993,0,0.0,0,0,0,0,0.0,0,0,0,0,59,4,0,6.68,0,0,0,0,0,0,0,0,993.0,0.0,0,4,6,2,2,5,71.43,0,22,13,59.09,4,10,7,1,50,51.55,19,203,218,421,93.5,10,1,552,12,4,0,Rhaldney,FC Alverca,992024,190328
8,1,10.0,63,23,46.94,150,166,316,77.45,7,22.58,24,18,0,0,0,0,64,1,1,1,1,19,18,0,0,18,14,90,1,1,0.5,0.87,30,0,20.0,0,2,2,30,26,4,2,0,,90,57.69,0,0,0,92,2,8,2,13,1170,0,2.0,0,0,0,0,0.0,0,0,0,0,156,6,0,6.68,0,0,0,0,0,0,0,0,585.0,0.0,0,3,7,6,3,16,80.0,0,31,24,77.42,8,23,20,10,97,51.87,49,213,195,408,120.2,10,0,641,44,4,0,Renato Nhaga,Casa Pia,2119726,36365
40,4,33.33,86,50,60.24,221,346,567,84.25,8,34.78,15,27,0,0,0,0,60,1,0,3,1,25,27,0,0,2,14,59,0,0,0.5,0.23,26,0,0.0,0,0,0,33,30,3,0,0,,73,62.39,0,0,0,106,15,10,0,18,1586,1,5.0,0,1,0,1,0.0,0,0,0,0,130,2,0,6.68,0,0,0,0,0,0,0,0,0.0,0.0,0,3,5,4,1,1,33.33,0,37,26,70.27,9,77,3,12,81,57.86,83,300,373,673,180.3,8,0,861,36,5,0,Sebastián Pérez,Casa Pia,158597,36365
13,11,37.93,64,21,27.27,137,138,275,70.15,22,51.16,21,26,1,0,0,0,62,3,0,1,1,78,26,0,0,3,14,53,0,1,0.73,0.1,13,0,0.0,0,0,1,26,22,4,0,0,,53,62.35,0,0,0,117,24,13,0,17,1534,1,14.0,0,0,0,1,0.0,0,0,0,0,230,1,0,6.68,0,0,0,0,0,0,0,0,0.0,0.0,0,0,6,4,1,6,60.0,0,40,24,60.0,13,45,10,29,75,58.59,77,214,178,392,173.6,6,1,829,8,6,0,Daniel Rivas,AVS - Futebol SAD,988778,483088
5,6,23.08,118,10,83.33,180,101,281,79.15,16,55.17,13,30,2,0,0,0,60,1,2,5,4,6,30,0,0,11,10,75,0,1,1.06,3.87,17,0,19.23,0,5,7,21,20,1,4,1,,42,40.38,1,0,0,74,3,14,0,18,1517,4,1.0,0,0,1,0,100.0,0,1,0,0,165,13,0,6.68,0,4,0,0,0,0,0,0,303.4,0.0,0,18,8,11,10,11,30.56,0,14,8,57.14,14,13,36,26,58,43.61,12,238,117,355,200.3,26,2,594,17,2,0,Oumar Camara,Vitória SC,1563640,3009
28,0,0.0,38,40,45.45,124,412,536,83.1,53,73.61,19,18,0,0,0,0,36,1,0,2,3,110,17,0,0,0,2,36,2,2,0.27,0.8,14,0,11.11,19,1,1,28,24,4,1,0,,14,45.16,1,0,0,109,13,3,0,16,1438,0,17.0,0,0,0,0,0.0,0,0,0,0,124,0,0,6.68,0,0,0,0,0,0,0,0,1438.0,0.0,0,9,0,4,3,2,66.67,0,10,7,70.0,3,50,3,2,67,65.05,88,203,442,645,113.5,9,0,851,5,3,0,José Fonte,Casa Pia,27622,36365
22,11,23.4,88,23,46.0,180,133,313,77.28,5,21.74,18,33,2,0,0,0,58,3,3,7,1,14,33,0,0,12,13,81,0,0,1.9,5.24,20,0,8.33,0,3,5,26,22,4,3,0,,65,50.78,0,0,3,92,13,19,1,20,1680,12,1.0,0,0,1,0,100.0,0,1,0,1,198,5,0,6.68,0,2,0,0,0,0,0,0,560.0,0.0,2,22,14,20,9,7,26.92,0,21,15,71.43,19,39,26,47,70,46.36,50,248,157,405,220.3,36,1,704,37,4,0,Ianis Stoica,CF Estrela Amadora,910316,3035
3,1,20.0,33,3,75.0,64,32,96,80.67,4,20.0,16,11,2,0,0,0,24,2,0,2,0,0,11,0,0,10,4,49,0,0,0.22,0.54,8,0,10.0,0,1,3,6,6,0,1,0,,30,47.62,0,0,0,23,1,5,0,7,583,3,0.0,0,0,0,0,0.0,0,0,0,0,70,6,0,6.67,0,1,0,0,0,0,0,0,583.0,0.0,0,5,5,5,3,10,45.45,0,8,6,75.0,5,7,22,5,34,40.96,4,84,35,119,73.4,10,0,229,12,0,0,Luis Fernando,Santa Clara,1459634,3011
7,0,0.0,18,23,56.1,95,485,580,92.36,24,70.59,10,14,0,0,0,0,37,0,1,2,2,101,14,0,1,2,3,34,0,2,0.04,1.0,18,0,0.0,5,0,0,15,14,1,0,0,,24,50.0,0,0,0,48,16,1,0,13,1095,0,15.0,0,0,0,0,0.0,0,0,0,0,59,0,0,6.67,1,0,0,0,0,0,0,0,0.0,0.0,0,5,0,2,1,1,50.0,0,20,12,60.0,1,15,2,1,48,58.54,41,119,509,628,93.4,5,0,828,3,3,0,Jonathan Panzo,Rio Ave,867438,3036
11,9,33.33,56,9,45.0,96,103,199,82.92,7,43.75,9,14,0,0,0,0,45,3,0,0,0,17,14,0,0,6,5,31,0,0,0.94,0.12,7,0,0.0,0,0,0,13,11,2,0,0,,31,58.49,0,0,0,41,9,14,0,8,755,2,4.0,0,0,0,0,0.0,0,0,0,0,99,2,0,6.67,0,0,0,0,0,0,0,0,0.0,0.0,0,1,1,2,0,8,66.67,0,11,6,54.55,14,16,12,27,38,55.07,20,124,116,240,93.4,2,0,458,12,5,0,Lenny Vallier,CD Nacional,878283,3013
36,0,0.0,73,75,48.7,283,763,1046,88.05,30,45.45,36,31,0,0,0,0,63,1,1,0,7,143,31,0,0,1,18,86,0,3,1.06,0.39,31,0,0.0,17,0,0,45,38,7,0,0,,58,53.7,0,0,0,142,35,8,0,31,2715,2,26.0,0,0,0,0,0.0,0,0,0,1,161,1,0,6.67,0,0,0,0,0,0,0,0,0.0,0.0,0,3,0,2,1,5,83.33,0,37,24,64.86,8,69,6,0,88,50.57,154,383,805,1188,206.8,3,0,1543,16,6,0,Christian Marques,Tondela,988964,38396
12,0,0.0,30,35,35.71,104,369,473,81.83,32,48.48,34,13,0,0,0,0,41,0,0,4,4,84,13,0,0,3,5,66,0,2,0.18,0.2,24,0,0.0,0,0,0,15,14,1,0,0,,42,56.76,0,0,0,105,14,2,0,12,1031,1,5.0,0,0,0,1,0.0,0,0,0,0,119,0,0,6.67,0,0,0,0,0,0,0,0,0.0,0.0,0,4,2,2,0,4,66.67,0,20,11,55.0,2,43,6,3,74,52.86,98,184,394,578,86.7,6,0,768,19,5,0,Henrique Silva,Santa Clara,1459627,3011
6,0,0.0,10,11,50.0,36,77,113,78.47,12,44.44,15,16,0,0,0,0,17,0,0,0,0,18,16,0,0,7,4,33,0,0,0.04,0.06,9,0,0.0,0,0,0,10,8,2,0,0,,34,65.38,0,0,0,31,4,2,0,3,573,2,1.0,0,0,0,0,0.0,0,0,0,0,46,0,0,6.67,0,0,0,0,0,0,0,0,0.0,0.0,0,1,1,2,0,0,0.0,0,22,14,63.64,2,12,0,1,46,58.23,22,57,87,144,106.7,2,0,238,14,3,0,Tiago Galletto,AVS - Futebol SAD,1018546,483088
29,0,0.0,127,44,40.37,340,448,788,81.24,49,59.76,33,30,2,0,0,0,101,1,1,10,4,67,30,0,0,22,20,139,1,0,0.8,1.97,46,0,4.55,1,1,3,42,37,5,1,0,,83,43.92,0,0,1,182,25,13,0,27,2350,0,15.0,1,0,0,0,0.0,0,0,0,0,260,8,0,6.67,0,1,0,0,0,0,0,0,2350.0,0.0,0,11,11,8,4,19,47.5,0,39,25,64.1,13,75,40,1,132,48.71,109,479,491,970,200.0,22,0,1343,26,9,0,Andreas Ndoj,Rio Ave,1005992,3036
9,0,0.0,25,4,66.67,51,38,89,83.18,0,0.0,1,3,1,0,0,0,13,1,0,2,0,3,3,0,0,2,2,9,0,1,0.34,0.22,4,0,0.0,0,0,1,7,7,0,0,0,,10,55.56,0,0,0,18,5,2,0,3,270,0,1.0,0,0,0,0,0.0,0,0,0,0,28,1,0,6.67,0,0,0,0,0,0,0,0,0.0,0.0,0,1,3,2,0,0,0.0,0,6,1,16.67,2,14,0,4,10,52.63,6,63,44,107,20.0,4,0,145,4,0,0,Tomás Händel,Vitória SC,1131048,3009
5,4,30.77,32,6,33.33,55,22,77,65.81,10,90.91,1,9,0,0,0,0,20,0,3,3,2,28,9,0,0,1,4,28,0,0,0.32,0.49,19,0,0.0,0,0,0,8,7,1,0,0,,14,34.15,0,0,1,40,11,0,0,7,641,1,0.0,0,0,0,1,0.0,0,0,0,1,104,3,0,6.67,0,0,0,0,0,0,0,0,0.0,0.0,0,6,2,4,1,4,40.0,0,5,4,80.0,0,15,10,13,24,46.15,18,86,31,117,60.0,8,0,311,5,3,0,Pedro Rosas,Casa Pia,1091103,36365
0,2,28.57,10,0,0.0,17,13,30,83.33,0,0.0,3,3,0,0,0,0,7,0,0,4,0,0,3,0,0,3,4,18,0,0,0.19,0.29,5,0,0.0,0,0,0,0,0,0,0,0,,15,50.0,0,0,0,6,0,2,0,1,112,0,0.0,0,0,0,0,0.0,0,0,0,0,22,0,0,6.67,0,0,0,0,0,0,0,0,0.0,0.0,0,2,4,2,0,9,75.0,0,4,2,50.0,2,3,12,7,15,45.45,1,22,14,36,20.0,6,0,83,2,0,0,Rodrigo Rego,Benfica,1184329,3006
39,16,20.51,219,67,43.51,426,407,833,78.81,23,45.1,28,29,1,0,0,0,92,4,0,10,6,84,29,0,0,6,18,100,0,0,1.36,1.61,36,0,3.33,0,1,2,43,43,0,1,0,,84,53.85,0,0,1,224,23,20,1,29,2441,0,5.0,0,0,1,0,100.0,0,1,0,0,376,10,0,6.67,0,0,0,0,0,0,0,0,2441.0,0.0,0,5,25,15,5,11,47.83,0,55,34,61.82,20,94,23,78,107,51.69,154,585,472,1057,193.3,30,0,1677,18,7,0,João Mendes,Vitória SC,1133568,3009
10,2,15.38,49,7,22.58,97,116,213,80.99,10,55.56,8,14,0,0,0,0,32,0,0,0,0,22,14,0,0,2,1,22,0,0,0.34,0.03,7,0,0.0,0,0,0,11,7,4,0,0,,25,64.1,0,0,0,50,13,4,0,8,702,0,2.0,0,0,0,0,0.0,0,0,0,0,80,0,0,6.66,0,0,0,0,0,0,0,0,0.0,0.0,0,1,1,1,1,3,42.86,0,11,8,72.73,4,21,7,13,35,61.4,31,127,136,263,93.3,2,0,431,11,2,0,Omar Richards,Rio Ave,892483,3036
2,3,15.79,72,1,20.0,101,45,146,73.37,25,35.21,46,22,2,0,0,0,33,1,7,5,1,8,22,0,0,17,4,92,0,0,0.81,4.26,25,0,7.69,0,3,5,25,24,1,3,0,,39,45.88,0,0,2,53,2,12,3,12,1213,4,1.0,0,0,0,0,0.0,0,0,0,0,145,8,0,6.66,0,0,0,0,0,0,0,0,404.33,0.0,0,35,4,17,17,6,40.0,0,15,6,40.0,12,3,15,19,64,41.03,5,144,55,199,146.6,39,0,414,19,4,0,André Lacximicant,Estoril Praia,1120679,4500
34,10,26.32,113,32,28.32,236,415,651,79.39,19,43.18,25,27,0,0,0,0,60,0,0,3,3,78,27,0,0,5,24,104,1,2,1.32,0.66,33,0,9.09,0,1,1,30,26,4,1,0,,80,50.31,1,0,0,169,26,16,0,22,1862,1,8.0,0,0,0,0,0.0,0,0,0,0,274,3,0,6.66,0,0,0,0,0,0,0,0,1862.0,0.0,0,7,4,5,3,13,41.94,0,48,30,62.5,16,93,31,38,99,48.77,113,329,491,820,179.9,11,1,1372,19,5,0,Kiko,Moreirense,1395583,3014
6,5,15.63,38,12,46.15,73,56,129,70.11,14,43.75,18,24,3,0,0,0,42,3,3,5,0,18,24,0,0,12,16,90,0,0,1.2,2.08,22,0,10.0,0,2,5,17,12,5,2,0,,57,44.19,0,0,0,55,12,9,1,9,930,0,0.0,0,0,0,0,0.0,0,0,0,1,165,3,0,6.66,0,1,0,0,0,0,0,0,465.0,0.0,3,11,9,7,8,11,32.35,0,27,14,51.85,9,18,34,32,71,44.1,26,109,75,184,159.9,20,1,450,20,2,0,Guilherme Neiva,AVS - Futebol SAD,1900362,483088
7,0,0.0,23,17,32.08,152,448,600,91.32,22,55.0,18,17,0,0,0,0,27,0,1,0,1,53,16,0,0,0,2,32,0,0,0.07,0.17,12,0,0.0,4,0,0,13,12,1,0,0,,12,46.15,0,0,0,57,16,0,0,8,819,0,5.0,0,0,0,0,0.0,0,0,0,0,61,0,0,6.66,0,0,0,0,0,0,0,0,0.0,0.0,0,2,0,2,0,0,0.0,0,7,5,71.43,0,25,1,0,34,51.52,53,192,465,657,106.6,2,1,762,5,3,0,Paulo Oliveira,Sporting Braga,106751,2999
4,0,0.0,22,4,57.14,36,66,102,86.44,4,50.0,4,8,0,0,0,0,7,0,0,0,0,3,8,0,0,1,0,13,0,0,0.1,0.09,4,0,0.0,0,0,0,0,0,0,0,0,,10,52.63,0,0,0,16,0,2,0,0,182,0,1.0,0,0,0,0,0.0,0,0,0,0,27,1,0,6.66,0,0,0,0,0,0,0,0,0.0,0.0,0,1,1,1,1,1,20.0,0,7,3,42.86,2,9,5,1,14,51.85,7,48,70,118,53.3,2,0,155,2,0,0,Stephen Eustaquio,FC Porto,886223,3002
3,0,0.0,72,3,60.0,106,44,150,76.53,7,36.84,12,13,0,0,0,0,32,0,2,2,0,8,13,0,0,12,12,58,0,0,0.67,1.02,12,0,8.33,0,1,1,9,8,1,1,0,,33,41.77,0,0,0,46,4,5,0,11,831,0,0.0,0,0,0,0,0.0,0,0,0,0,106,10,0,6.66,0,1,0,0,0,0,0,0,831.0,0.0,0,6,6,6,4,4,28.57,0,20,15,75.0,5,9,14,9,40,40.82,5,143,53,196,86.6,12,0,340,9,2,0,Gabriel Veron,CD Nacional,1002819,3013
17,0,0.0,19,17,29.31,50,127,177,73.44,10,58.82,7,5,0,0,0,0,18,0,1,1,1,31,5,0,0,2,3,14,1,2,0.25,0.42,2,0,20.0,16,1,1,9,8,1,1,0,,12,63.16,0,0,0,64,11,1,1,5,416,0,9.0,0,0,0,0,0.0,0,0,0,0,70,0,0,6.66,0,0,0,0,0,0,0,0,416.0,0.0,0,5,0,3,1,2,100.0,0,5,4,80.0,1,45,2,2,22,61.11,58,91,150,241,33.3,5,1,328,5,2,0,Duplexe Tchamba,Casa Pia,891792,36365
11,0,0.0,19,19,70.37,86,187,273,90.1,12,57.14,9,10,0,0,0,0,11,0,0,0,1,41,9,0,0,0,5,23,0,0,0.04,0.01,9,0,0.0,0,0,0,10,8,2,0,0,,14,50.0,0,0,0,30,5,1,0,6,570,0,4.0,0,0,0,0,0.0,0,0,0,0,37,1,0,6.66,0,0,0,0,0,0,0,0,0.0,0.0,0,1,0,1,0,0,0.0,0,8,4,50.0,1,14,0,1,26,53.06,27,108,195,303,59.9,1,0,397,6,2,0,Francisco Gonçalves,CD Nacional,1394244,3013
2,1,7.14,42,4,33.33,93,143,236,88.39,5,83.33,1,11,0,0,0,0,54,1,0,2,1,11,11,0,0,7,12,33,0,0,0.47,0.09,8,0,0.0,0,0,0,15,12,3,0,0,,52,61.9,0,0,0,31,4,7,0,8,737,0,5.0,0,0,0,0,0.0,0,0,0,0,80,2,0,6.65,0,0,0,0,0,0,0,0,0.0,0.0,0,1,3,1,1,13,72.22,0,29,21,72.41,7,4,18,14,57,63.33,12,113,154,267,73.2,4,0,466,10,2,0,Max Scholze,CF Estrela Amadora,1410927,3035
27,12,16.67,155,32,43.84,306,283,589,80.03,17,43.59,22,28,0,0,0,0,72,4,0,4,3,71,28,0,0,12,16,115,0,0,1.61,0.78,47,0,0.0,0,0,0,29,27,2,0,0,,108,53.73,0,0,0,147,17,15,0,25,2086,4,1.0,0,1,0,1,0.0,0,0,0,0,312,6,0,6.65,1,0,0,0,0,0,0,0,0.0,0.0,1,5,15,12,4,34,62.96,0,46,28,60.87,14,55,54,72,125,52.08,73,395,341,736,186.3,20,0,1368,28,4,1,Lucas Soares,Santa Clara,991358,3011
26,11,28.95,124,20,30.77,205,115,320,69.26,5,45.45,6,20,2,0,0,0,60,1,0,3,0,30,19,0,0,13,9,58,0,0,1.63,0.31,18,0,14.29,0,1,3,27,25,2,1,0,,63,54.78,0,0,0,142,14,15,0,15,1260,1,3.0,0,0,0,0,0.0,0,0,0,0,226,5,0,6.65,0,1,0,0,0,0,0,0,1260.0,0.0,0,4,3,2,2,34,73.91,0,21,11,52.38,15,66,46,38,68,53.97,65,305,157,462,126.4,7,0,818,8,2,0,Diogo Spencer,FC Alverca,1120043,190328
18,17,25.76,148,24,55.81,279,256,535,85.06,12,50.0,12,21,1,0,0,0,90,3,0,8,1,31,21,0,0,15,9,72,0,2,2.35,0.4,25,0,6.67,0,1,2,29,28,1,0,1,,67,52.76,0,0,0,94,22,15,0,14,1411,0,2.0,0,0,0,0,0.0,0,0,0,0,215,3,0,6.65,0,1,0,0,0,0,0,0,1411.0,0.0,0,3,12,3,4,12,50.0,0,29,19,65.52,15,36,24,66,79,52.32,43,340,289,629,139.7,15,1,1053,26,3,0,Tony Strata,Vitória SC,1488511,3009
2,0,0.0,1,4,44.44,2,31,33,86.84,0,0.0,1,2,0,0,0,0,8,0,0,0,0,0,2,0,0,0,0,1,1,0,0.02,,0,0,0.0,8,0,0,3,2,1,0,0,-1.9,1,100.0,0,0,0,5,0,0,0,1,135,0,0.0,0,0,0,0,0.0,0,0,0,0,5,0,0,6.65,0,0,0,2,1,3,0,0,0.0,0.0,0,0,0,0,0,0,0.0,0,0,0,0.0,0,3,0,0,1,50.0,9,4,34,38,13.3,0,0,47,1,0,0,Cláudio Ramos,FC Porto,116372,3002
0,1,14.29,12,1,25.0,37,41,78,82.11,0,0.0,1,2,0,0,0,0,9,0,0,0,0,11,2,0,0,0,0,2,0,0,0.02,,0,0,0.0,0,0,0,3,3,0,0,0,,8,88.89,0,0,0,17,1,1,0,2,180,0,2.0,0,0,0,0,0.0,0,0,0,0,27,0,0,6.65,0,0,0,0,0,0,0,0,0.0,0.0,0,0,0,0,0,0,0.0,0,5,3,60.0,1,4,1,7,8,80.0,4,48,47,95,13.3,0,0,143,3,1,0,Francisco Dias,Vitória SC,1972885,3009
1,0,0.0,3,1,50.0,11,8,19,86.36,0,0.0,1,2,0,0,0,0,2,0,0,0,0,0,2,0,0,0,0,2,0,0,0.01,,1,0,0.0,0,0,0,0,0,0,0,0,,2,66.67,0,0,0,3,1,0,0,0,36,0,0.0,0,0,0,0,0.0,0,0,0,0,4,0,0,6.65,0,0,0,0,0,0,0,0,0.0,0.0,0,0,0,0,0,1,100.0,0,1,0,0.0,0,2,1,0,2,50.0,2,13,9,22,13.3,0,0,29,0,0,0,Isaac,Santa Clara,1167525,3011
10,6,17.65,119,12,52.17,231,195,426,86.94,12,46.15,14,31,1,0,0,0,71,3,1,7,0,18,31,0,0,20,20,101,0,1,0.92,1.32,18,0,4.17,0,1,2,27,25,2,0,1,,77,46.95,0,0,3,64,9,15,1,20,1731,2,0.0,0,0,0,0,0.0,0,0,0,1,186,13,0,6.65,0,0,0,0,0,0,0,0,1731.0,0.0,3,12,12,10,7,21,40.38,0,26,17,65.38,15,19,52,34,89,46.84,23,277,213,490,206.1,24,0,806,31,2,0,Ole Pohlmann,Rio Ave,930273,3036
20,0,0.0,154,12,50.0,320,312,632,86.81,12,52.17,11,19,1,0,0,0,54,2,0,3,1,19,19,0,0,14,21,69,0,1,0.71,0.35,17,0,0.0,0,0,1,23,21,2,0,0,,37,38.95,0,0,0,96,25,12,0,17,1315,0,1.0,0,0,0,0,0.0,0,0,0,0,145,8,0,6.65,0,0,0,0,0,0,0,0,0.0,0.0,0,2,5,2,2,3,33.33,0,22,13,59.09,12,31,9,6,49,41.53,24,396,332,728,126.3,7,0,902,12,2,0,Jandro Orellana,Estoril Praia,877920,4500
10,15,21.74,97,7,28.0,162,112,274,69.9,9,16.98,44,32,2,0,0,0,75,4,5,12,3,31,32,0,1,26,35,163,0,0,1.53,5.69,36,0,19.15,0,9,11,46,42,4,7,2,,77,39.29,2,0,0,118,9,22,2,27,2329,8,2.0,0,1,0,1,0.0,0,0,0,0,279,18,0,6.65,1,5,0,0,0,0,0,0,258.78,0.0,0,30,17,16,19,16,41.03,0,35,20,57.14,21,27,39,69,86,34.54,25,244,148,392,212.7,47,0,814,26,2,0,Alfonso Trezza,FC Arouca,973517,25777
2,0,0.0,36,4,30.77,61,58,119,80.41,6,40.0,9,14,0,0,0,0,16,1,0,1,0,15,14,0,0,0,8,33,0,0,0.42,0.71,13,0,25.0,0,1,1,10,9,1,1,0,,20,45.45,0,0,0,29,5,2,0,4,488,1,1.0,0,0,0,0,0.0,0,0,0,1,60,2,0,6.64,0,1,0,0,0,0,0,0,488.0,0.0,0,3,1,2,1,5,55.56,0,11,9,81.82,2,6,9,11,26,44.07,13,82,66,148,93.0,4,1,286,4,3,0,Tiago Parente,Estoril Praia,1403144,4500
30,1,14.29,100,98,49.0,281,751,1032,85.43,41,40.2,61,28,0,0,0,0,76,0,2,7,9,149,28,0,0,3,7,106,1,2,0.57,1.22,36,0,0.0,0,0,0,30,27,3,0,0,,35,43.75,0,0,0,176,24,6,0,28,2432,2,16.0,0,0,0,1,0.0,0,0,0,0,202,0,0,6.64,0,0,0,0,0,0,0,0,0.0,0.0,0,12,2,5,2,2,50.0,0,25,16,64.0,6,91,4,7,76,41.76,200,420,788,1208,186.0,14,0,1523,8,7,0,Marvin Elimbi Gilbert,Gil Vicente,1114164,3010
5,2,66.67,45,12,44.44,79,75,154,79.79,12,52.17,11,20,0,0,0,0,32,0,0,1,0,27,19,0,1,4,3,32,0,0,0.19,0.04,14,0,0.0,0,0,0,13,12,1,0,0,,25,54.35,0,0,0,39,8,2,0,6,597,0,2.0,0,0,0,0,0.0,0,0,0,0,53,2,0,6.64,1,0,0,0,0,0,0,0,0.0,0.0,0,1,0,0,0,0,0.0,0,16,10,62.5,2,15,1,3,37,53.62,27,111,82,193,126.2,1,0,302,10,1,0,Hélder Tavares,Tondela,343909,38396
3,0,0.0,10,4,30.77,27,41,68,66.02,7,77.78,2,5,1,0,0,0,17,1,0,0,0,10,5,0,0,0,0,7,0,1,0.03,0.04,4,0,0.0,0,0,1,6,4,2,0,0,,9,64.29,0,0,0,35,2,1,0,3,312,0,1.0,0,0,0,0,0.0,0,0,0,0,40,1,0,6.64,0,0,0,0,0,0,0,0,0.0,0.0,0,0,1,1,0,0,0.0,0,6,3,50.0,1,9,1,0,16,69.57,13,52,51,103,33.2,1,0,140,3,1,0,Tomás Mendes,FC Alverca,1119693,190328
19,1,20.0,51,21,55.26,105,152,257,83.17,4,36.36,7,10,0,0,0,0,29,1,0,2,0,14,10,0,0,3,12,40,0,0,0.4,0.08,12,0,0.0,0,0,0,20,17,3,0,0,,29,46.77,0,0,0,52,9,2,0,7,689,0,3.0,0,0,0,0,0.0,0,0,0,0,73,1,0,6.64,0,0,0,0,0,0,0,0,0.0,0.0,0,1,3,1,1,6,50.0,0,17,8,47.06,2,30,12,5,33,45.21,38,143,166,309,66.4,4,0,416,6,4,0,Gustavo Assunção,AVS - Futebol SAD,981217,483088
11,1,9.09,60,16,50.0,123,143,266,76.0,9,56.25,7,21,0,0,0,0,53,2,0,5,1,22,20,0,0,10,7,39,0,2,0.61,0.72,14,0,9.09,0,1,1,27,25,2,1,0,,40,55.56,0,0,0,84,2,8,0,15,1086,0,6.0,0,0,0,0,0.0,0,0,0,1,123,6,0,6.64,0,1,0,0,0,0,0,0,1086.0,0.0,0,4,7,3,3,5,83.33,0,31,17,54.84,8,23,6,11,49,55.68,32,186,164,350,132.7,11,0,510,4,0,0,Ángel Algobia,AVS - Futebol SAD,966219,483088
19,6,15.79,119,16,53.33,211,166,377,82.86,12,30.77,27,20,0,0,0,0,68,0,0,1,4,27,20,0,0,16,36,136,0,1,0.92,0.28,24,0,14.29,0,1,1,21,19,2,1,0,,88,44.67,0,0,0,78,19,14,0,16,1431,0,3.0,0,0,0,0,0.0,0,0,0,0,213,6,0,6.64,0,1,0,0,0,0,0,0,1431.0,0.0,0,4,3,1,5,16,32.65,0,47,30,63.83,14,35,49,38,100,42.37,30,265,190,455,132.7,7,1,904,25,4,0,Rodrigo Conceição,Tondela,945121,38396
9,4,28.57,177,11,52.38,324,262,586,89.74,8,24.24,25,30,3,0,0,0,70,3,3,10,0,9,30,0,0,29,23,137,0,3,1.23,4.62,41,0,21.88,0,7,10,39,35,4,7,0,,101,47.42,2,0,0,67,7,12,1,24,2023,6,3.0,0,0,0,0,0.0,0,0,0,1,190,11,0,6.63,2,4,0,0,0,0,0,0,289.0,0.0,0,21,11,11,11,23,52.27,0,11,6,54.55,12,12,44,14,109,44.31,21,364,289,653,199.0,32,1,981,67,5,2,Hyun-ju Lee,FC Arouca,1191120,25777
5,1,16.67,25,11,40.74,71,77,148,78.31,5,55.56,4,9,0,0,0,0,18,0,0,4,0,4,9,0,0,3,6,25,0,0,0.16,0.22,11,0,11.11,0,1,1,10,9,1,0,1,,25,54.35,0,0,0,41,4,2,0,3,407,0,2.0,0,0,0,1,0.0,0,0,0,0,61,3,0,6.63,0,1,0,0,0,0,0,0,407.0,0.0,1,1,8,3,2,3,60.0,0,11,6,54.55,2,13,5,6,30,54.55,27,106,83,189,59.7,9,0,269,11,4,0,Patrick de Paula,Estoril Praia,1015291,4500
25,7,31.82,64,17,43.59,142,119,261,75.43,14,46.67,16,22,0,0,0,0,50,1,0,0,0,34,21,0,0,6,8,69,0,0,0.91,0.13,34,0,33.33,0,1,1,20,17,3,0,1,,37,41.11,0,0,0,85,18,8,1,9,970,0,3.0,0,0,0,1,0.0,0,0,0,0,128,1,0,6.63,0,0,0,0,0,0,0,0,970.0,0.0,0,0,3,2,1,8,61.54,0,25,14,56.0,8,46,13,22,51,42.5,39,208,138,346,139.3,3,0,532,4,5,0,Iyad Mohamed,Casa Pia,1131015,36365
3,4,15.38,46,3,37.5,73,49,122,73.49,10,37.04,17,18,2,0,0,0,27,3,2,2,0,12,18,0,0,8,1,42,0,1,1.21,1.22,8,0,0.0,0,0,2,8,7,1,0,0,,27,51.92,0,0,1,44,3,15,0,7,684,3,1.0,0,1,0,0,0.0,0,0,0,0,114,6,0,6.63,0,0,0,0,0,0,0,0,0.0,0.0,0,7,0,4,1,8,50.0,0,14,12,85.71,14,5,16,26,37,46.84,8,108,58,166,119.4,7,0,312,5,1,0,Welinton Torrao,Santa Clara,989385,3011
1,0,0.0,29,1,33.33,75,46,121,87.68,4,80.0,1,3,1,0,0,0,13,0,0,0,0,3,3,0,0,5,2,20,0,0,0.07,0.02,9,0,0.0,0,0,1,4,3,1,0,0,,13,40.63,0,0,0,17,3,2,0,2,215,0,0.0,0,0,0,0,0.0,0,0,0,0,31,3,0,6.63,0,0,0,0,0,0,0,0,0.0,0.0,0,0,1,1,0,3,50.0,0,5,3,60.0,2,2,6,1,17,45.95,3,90,48,138,19.9,1,0,175,5,1,0,Luís Pinto,Sporting Braga,1974420,2999
64,1,16.67,135,72,51.43,371,616,987,83.43,17,26.98,46,32,0,0,0,0,92,2,0,5,7,59,32,0,0,5,13,91,0,3,0.82,0.81,24,0,5.26,0,1,1,37,33,4,0,1,,37,45.12,0,0,1,196,19,7,0,29,2412,0,6.0,0,0,0,1,0.0,0,0,0,0,239,2,0,6.63,0,1,0,0,0,0,0,0,2412.0,0.0,0,9,10,10,4,2,40.0,0,27,16,59.26,7,103,5,6,54,37.24,140,487,696,1183,212.2,19,0,1415,9,6,0,Mateja Stjepanović,Moreirense,1166006,3014
15,0,0.0,40,19,38.78,116,163,279,81.82,26,68.42,12,13,0,0,0,0,28,0,1,2,1,35,13,0,0,3,8,39,0,0,0.22,0.48,15,0,0.0,0,0,0,17,15,2,0,0,,26,49.06,0,0,0,62,14,3,0,10,814,0,7.0,0,0,0,2,0.0,0,0,0,0,81,2,0,6.63,0,0,0,0,0,0,0,0,0.0,0.0,1,3,3,4,0,4,80.0,0,18,11,61.11,3,35,5,3,52,57.14,49,160,181,341,86.2,6,0,472,5,3,0,Kevin Höög Jansson,CF Estrela Amadora,989449,3035
9,2,11.11,79,5,38.46,127,51,178,65.68,43,42.16,59,23,2,0,0,0,39,2,5,11,1,19,23,0,0,12,17,131,0,0,0.99,5.23,28,0,9.43,0,5,7,27,26,1,4,1,,53,42.4,0,0,2,93,16,22,0,18,1466,17,2.0,0,0,0,1,0.0,0,0,0,1,216,11,0,6.63,0,5,0,0,0,0,0,0,293.2,0.0,2,40,13,26,16,9,32.14,0,19,12,63.16,22,16,28,18,96,42.29,13,201,70,271,152.5,53,1,619,26,3,0,Gustavo Silva,Vitória SC,1468082,3009
16,7,30.43,102,15,65.22,211,179,390,86.86,4,36.36,7,23,5,0,0,0,24,1,0,0,0,3,23,0,0,1,10,30,0,0,1.35,0.04,7,0,0.0,0,0,5,16,14,2,0,0,,10,30.3,0,0,0,59,2,13,0,5,656,0,2.0,0,0,0,0,0.0,0,0,0,0,88,0,0,6.63,0,0,0,0,0,0,0,0,0.0,0.0,0,1,0,1,0,2,25.0,0,3,3,100.0,13,30,8,23,14,31.82,23,262,187,449,152.5,1,0,523,6,0,0,Pizzi,Estoril Praia,77725,4500
6,9,22.5,52,6,40.0,81,37,118,64.48,29,49.15,30,23,0,0,0,0,25,2,1,7,0,12,20,0,0,12,14,71,0,0,1.47,1.01,10,0,0.0,0,0,0,12,11,1,0,0,,29,41.43,0,0,0,65,3,19,0,8,866,4,2.0,0,0,0,0,0.0,0,0,0,1,165,6,0,6.63,1,0,0,0,0,0,0,0,0.0,0.0,2,11,6,4,6,5,41.67,0,13,10,76.92,19,13,12,40,58,44.96,15,137,46,183,132.6,17,0,413,11,2,1,Pablo Messias Cardozo,CD Nacional,1579664,3013
13,3,12.0,42,15,44.12,92,115,207,78.11,21,56.76,16,19,0,0,0,0,26,2,1,1,0,40,17,0,0,4,11,51,0,2,0.5,0.15,12,0,0.0,0,0,0,16,14,2,0,0,,26,42.62,0,0,0,58,10,4,0,6,670,0,3.0,0,0,0,0,0.0,0,0,0,0,119,2,0,6.63,0,0,0,0,0,0,0,0,0.0,0.0,0,4,1,2,2,8,50.0,0,12,9,75.0,4,25,16,25,47,47.96,34,129,136,265,112.7,5,0,503,7,2,0,João Tomé,Rio Ave,1173124,3036
2,1,33.33,8,5,50.0,29,50,79,73.83,9,75.0,3,8,0,0,0,0,8,1,0,0,0,11,7,0,0,0,3,14,0,1,0.19,,4,0,0.0,0,0,0,7,5,2,0,0,,13,54.17,0,0,0,28,6,2,0,3,315,0,2.0,0,0,0,0,0.0,0,0,0,0,42,0,0,6.63,0,0,0,0,0,0,0,0,0.0,0.0,0,0,0,0,0,3,42.86,0,8,6,75.0,2,5,7,3,22,61.11,10,45,62,107,46.4,0,0,190,2,1,0,Diogo Monteiro,FC Arouca,1095652,25777
19,0,0.0,85,20,62.5,207,261,468,86.99,19,59.38,13,18,1,0,0,0,51,0,2,1,0,11,18,0,0,6,10,52,1,1,0.34,1.23,19,0,20.0,0,1,2,19,18,1,1,0,,31,44.29,1,0,0,70,16,6,0,10,896,1,2.0,0,0,0,0,0.0,0,0,0,0,100,3,0,6.63,0,0,0,0,0,0,0,0,896.0,0.0,0,4,1,2,2,3,37.5,0,14,8,57.14,6,30,8,0,50,49.02,32,252,286,538,119.3,5,0,656,14,4,0,Afonso Assis,Moreirense,2030567,3014
47,1,14.29,90,84,39.07,196,487,683,75.55,72,63.72,41,26,0,0,0,0,95,0,0,5,4,162,26,0,0,2,17,103,2,0,0.47,1.27,43,0,10.53,7,2,2,40,36,4,2,0,,62,50.0,2,0,0,221,44,7,0,25,2265,0,14.0,0,0,0,0,0.0,0,0,0,0,257,3,0,6.63,0,0,0,0,0,0,0,0,1132.5,0.0,0,17,2,9,5,5,62.5,0,46,30,65.22,7,114,8,7,134,56.54,215,356,548,904,172.3,19,1,1312,11,13,0,David Sousa,Casa Pia,1015932,36365
31,18,23.38,174,38,67.86,275,167,442,83.4,5,27.78,13,26,1,0,0,1,64,2,4,11,1,10,26,0,0,13,11,60,0,1,1.35,3.24,13,0,0.0,0,0,1,17,15,2,0,0,,56,54.37,0,0,2,88,8,26,0,13,1340,1,3.0,0,0,1,1,0.0,0,0,0,2,205,9,0,6.63,0,0,0,0,0,0,0,0,0.0,0.0,2,14,15,9,9,7,35.0,0,8,3,37.5,26,47,20,77,61,50.41,56,349,181,530,172.3,29,0,808,42,2,0,Hugo Félix,Tondela,1146013,38396
10,1,12.5,73,10,37.04,130,86,216,81.82,1,14.29,6,16,1,0,0,0,42,3,1,3,1,6,16,0,0,9,5,33,0,0,0.69,0.32,10,0,0.0,0,0,1,12,11,1,0,0,,28,50.91,0,0,0,48,5,10,0,10,827,1,2.0,0,0,0,0,0.0,0,0,0,0,93,6,0,6.63,0,0,0,0,0,0,0,0,0.0,0.0,0,2,5,2,2,6,60.0,0,12,8,66.67,10,19,10,8,29,46.77,27,167,97,264,106.0,7,0,386,10,1,0,Lawrence Ofori,Casa Pia,892170,36365
2,6,33.33,12,0,0.0,18,16,34,85.0,0,0.0,0,4,0,0,0,0,4,1,0,0,0,0,4,0,0,1,1,3,1,0,0.43,,1,0,0.0,0,0,0,1,0,1,0,0,,1,25.0,0,0,0,6,1,2,0,0,89,2,0.0,0,0,0,0,0.0,0,0,0,0,20,0,0,6.63,0,0,0,0,0,0,0,0,0.0,0.0,0,0,0,0,0,1,100.0,0,0,0,0.0,2,4,1,18,1,25.0,2,20,20,40,26.5,0,0,64,0,0,0,Billal Brahimi,CF Estrela Amadora,948250,3035
1,0,0.0,4,1,100.0,6,5,11,78.57,3,75.0,1,4,0,0,0,0,2,0,0,1,0,4,4,0,0,0,1,6,0,0,0.01,0.06,2,0,0.0,0,0,0,0,0,0,0,0,,6,54.55,0,0,0,3,0,0,0,0,61,1,0.0,0,0,0,0,0.0,0,0,0,0,9,0,0,6.63,0,0,0,0,0,0,0,0,0.0,0.0,0,1,1,1,0,2,50.0,0,0,0,0.0,0,1,4,1,9,60.0,1,8,6,14,26.5,2,0,36,4,1,0,Sandro Vidigal,Sporting Braga,1649069,2999
8,12,22.22,109,13,38.24,212,292,504,84.56,10,37.04,17,26,2,0,0,0,82,5,0,0,1,40,26,0,0,5,5,62,0,1,1.93,0.05,26,0,0.0,0,0,2,31,30,1,0,0,,58,56.31,0,0,1,92,16,14,0,17,1550,1,9.0,0,0,0,2,0.0,0,0,0,0,204,4,0,6.62,0,0,0,0,0,0,0,0,0.0,0.0,0,1,1,1,1,19,61.29,0,25,16,64.0,14,26,31,54,68,52.31,34,259,337,596,172.2,2,0,994,14,7,0,Jefferson Encada,CF Estrela Amadora,851283,3035
17,6,22.22,84,10,34.48,140,88,228,75.0,8,22.86,27,28,2,0,0,0,42,7,4,5,0,9,28,0,0,6,13,79,0,0,2.1,2.16,24,0,4.76,0,1,3,19,15,4,1,0,,63,54.78,1,0,1,76,7,19,0,12,1089,5,4.0,0,0,0,0,0.0,0,0,0,0,141,7,0,6.62,0,0,0,0,0,0,0,0,1089.0,0.0,0,12,9,9,7,9,40.91,0,26,18,69.23,19,34,22,27,71,47.33,29,194,110,304,185.4,21,0,518,28,4,0,Pablo Gozálbez,FC Arouca,996932,25777
13,2,16.67,52,12,28.57,104,128,232,76.57,17,68.0,8,14,0,0,0,0,43,0,0,4,4,54,14,0,0,7,13,55,1,0,0.17,0.24,22,0,0.0,0,0,0,15,12,3,0,0,,39,45.35,0,0,0,71,18,2,0,14,1149,0,6.0,0,0,0,0,0.0,0,0,0,0,168,3,0,6.62,0,0,0,0,0,0,0,0,0.0,0.0,0,3,3,2,0,5,50.0,0,28,15,53.57,2,32,10,12,56,50.45,42,150,153,303,92.7,6,0,635,6,3,0,Mateus Pivô,AVS - Futebol SAD,929688,483088
7,4,13.79,71,6,46.15,107,57,164,79.61,7,36.84,12,25,0,0,0,0,33,1,3,4,0,6,25,0,0,17,7,68,0,0,0.58,1.58,5,0,6.67,0,1,1,20,16,4,1,0,,43,43.43,0,0,0,42,2,9,0,10,912,5,2.0,0,0,0,0,0.0,0,0,0,0,145,2,0,6.62,0,1,0,0,0,0,0,0,912.0,0.0,0,12,3,5,6,14,34.15,0,11,8,72.73,9,14,41,29,50,42.37,13,142,64,206,165.5,15,0,415,19,0,0,Cédric Nuozzi,FC Alverca,1405454,190328
11,9,29.03,60,9,36.0,103,40,143,65.0,6,31.58,13,26,1,0,0,0,49,2,5,2,0,11,26,0,0,12,12,66,0,0,2.1,1.85,12,0,5.56,0,1,2,21,19,2,0,1,,32,37.65,0,0,1,77,5,16,1,10,948,3,2.0,1,0,0,1,0.0,0,0,0,0,157,9,0,6.62,0,0,0,0,0,0,0,0,948.0,0.0,0,11,7,11,5,8,32.0,0,13,9,69.23,16,29,25,31,38,36.54,25,166,54,220,172.1,18,0,424,12,4,0,Witi,CD Nacional,786269,3013
2,0,0.0,46,3,50.0,81,62,143,74.87,29,41.43,41,21,0,0,0,0,23,1,2,4,0,10,21,0,0,16,5,82,0,2,0.26,2.57,14,0,14.29,0,3,3,15,13,2,3,0,,33,44.59,0,0,0,48,2,8,1,8,989,4,2.0,0,0,0,0,0.0,0,0,0,0,101,8,0,6.62,0,2,0,0,0,0,0,0,329.67,0.0,0,13,8,11,6,8,53.33,0,4,4,100.0,8,5,15,1,62,43.06,6,111,80,191,139.0,21,0,333,21,0,0,Luís Semedo,Moreirense,1115751,3014
23,25,28.74,158,18,54.55,213,107,320,73.9,13,28.26,33,34,4,0,0,0,116,6,3,15,2,23,33,0,0,52,17,171,0,0,3.43,3.04,22,0,1.96,0,1,5,56,50,6,0,1,,97,41.28,0,0,0,113,15,31,1,28,2454,9,1.0,0,0,0,0,0.0,0,0,0,0,395,15,0,6.62,0,0,0,0,0,0,0,0,2454.0,0.0,0,20,31,24,12,43,46.74,0,20,15,75.0,31,36,92,87,110,39.15,33,300,133,433,218.3,51,0,1007,34,2,0,Tunde Akinsola,AVS - Futebol SAD,1133063,483088
1,2,22.22,14,5,31.25,26,29,55,65.48,3,42.86,4,7,0,0,0,0,9,0,0,0,0,20,7,0,0,0,4,17,0,0,0.05,,8,0,0.0,0,0,0,5,5,0,0,0,,12,48.0,0,0,0,29,2,1,0,3,343,0,1.0,0,0,0,0,0.0,0,0,0,0,52,0,0,6.61,0,0,0,0,0,0,0,0,0.0,0.0,0,0,0,0,0,1,50.0,0,9,5,55.56,1,7,2,9,15,46.88,16,41,43,84,46.3,0,0,192,2,0,0,Guillem Molina,AVS - Futebol SAD,964173,483088
7,0,0.0,98,16,48.48,249,279,528,88.15,29,65.91,15,23,0,0,0,0,46,1,0,4,2,30,22,0,0,10,8,51,0,1,0.6,0.58,15,0,0.0,0,0,0,12,10,2,0,0,,37,50.68,0,0,0,71,4,4,0,8,960,0,1.0,0,0,0,0,0.0,0,0,0,0,105,2,0,6.61,0,0,0,0,0,0,0,0,0.0,0.0,0,7,3,4,2,3,37.5,0,25,15,60.0,4,21,8,1,66,56.41,33,302,297,599,145.5,10,0,752,9,4,0,Gabriel Moscardo,Sporting Braga,1485309,2999
2,2,25.0,26,5,62.5,41,35,76,74.51,7,35.0,13,18,0,0,0,0,26,2,2,2,0,8,18,0,0,14,5,57,0,0,0.9,1.63,11,0,28.57,0,2,2,13,12,1,2,0,,27,38.03,0,0,0,26,3,5,1,7,712,2,0.0,0,0,0,1,0.0,0,0,0,0,85,5,0,6.61,0,1,0,0,0,0,0,0,356.0,0.0,0,5,2,3,2,8,36.36,0,12,5,41.67,5,4,22,8,34,37.36,8,59,43,102,119.0,7,0,241,7,1,0,Oluwakorede Osundina,Casa Pia,1190517,36365
16,1,6.67,46,12,57.14,76,42,118,66.67,2,16.67,10,19,0,0,0,0,33,2,1,6,0,1,18,0,0,7,8,45,0,0,0.63,0.72,12,0,0.0,0,0,0,10,10,0,0,0,,28,44.44,0,0,1,59,3,5,0,7,681,5,1.0,0,0,0,0,0.0,0,0,0,0,106,5,0,6.61,0,0,0,0,0,0,0,0,0.0,0.0,0,5,8,3,4,6,42.86,0,10,7,70.0,5,28,14,15,30,40.0,21,128,49,177,119.0,13,0,295,12,2,0,Tiago Morais,Casa Pia,1067284,36365
13,1,10.0,46,12,40.0,144,196,340,86.08,6,35.29,11,24,1,0,0,0,36,1,0,0,0,17,22,0,0,5,9,40,2,1,0.24,0.04,12,0,0.0,0,0,1,25,23,2,0,0,,34,53.97,0,0,0,55,8,4,0,6,808,0,5.0,0,0,0,0,0.0,0,0,0,0,82,0,0,6.61,0,0,0,0,0,0,0,0,0.0,0.0,0,0,3,2,1,5,62.5,0,26,12,46.15,4,21,8,10,40,50.0,30,173,222,395,145.4,3,0,525,3,2,0,Georgios Liavas,Rio Ave,946909,3036
12,0,0.0,23,10,47.62,69,195,264,88.59,6,46.15,7,11,0,0,0,0,23,0,0,0,1,26,11,0,0,2,3,20,0,2,0.05,0.23,9,0,0.0,5,0,0,14,14,0,0,0,,26,66.67,0,0,0,34,4,0,0,6,671,0,6.0,0,0,0,0,0.0,0,0,0,0,42,0,0,6.61,0,0,0,0,0,0,0,0,0.0,0.0,0,2,0,2,0,0,0.0,0,13,8,61.54,0,25,0,1,32,61.54,21,90,208,298,72.7,2,0,394,13,1,0,Julián Jose Martinez,FC Alverca,1476213,190328
6,8,50.0,69,6,50.0,126,81,207,84.49,2,20.0,8,17,1,0,0,0,37,3,0,5,0,1,16,0,0,13,9,60,0,0,0.98,0.63,15,0,0.0,0,0,1,10,10,0,0,0,,48,48.0,0,0,0,38,10,18,0,8,753,0,1.0,0,0,0,0,0.0,0,0,0,0,103,2,0,6.61,0,0,0,0,0,0,0,0,0.0,0.0,0,7,11,4,9,15,48.39,0,15,12,80.0,18,15,31,16,50,45.45,12,152,93,245,105.7,18,0,417,18,3,0,Daniel Júnior,CD Nacional,1172052,3013
0,2,66.67,33,0,0.0,56,37,93,64.14,51,57.95,37,24,1,0,0,0,18,1,9,11,0,8,24,0,0,11,3,77,0,1,0.86,4.11,20,0,5.13,0,2,3,17,16,1,2,0,,26,39.39,1,0,0,52,2,7,0,7,953,9,1.0,0,0,0,0,0.0,0,0,0,1,113,11,0,6.6,0,1,0,0,0,0,0,0,476.5,0.0,1,31,8,18,10,8,44.44,0,8,5,62.5,7,2,18,3,77,50.0,0,96,49,145,158.5,39,0,311,10,2,0,Alioune Ndoye,Vitória SC,1063255,3009
21,20,21.28,90,23,31.08,193,179,372,69.92,31,58.49,22,27,5,0,0,0,84,7,2,4,5,88,27,0,0,8,13,92,0,1,2.07,1.81,24,0,5.26,0,1,6,32,30,2,1,0,,79,53.02,0,0,1,160,18,24,1,26,2313,3,13.0,0,0,0,1,0.0,0,0,0,0,374,5,0,6.6,0,0,0,0,0,0,0,0,2313.0,0.0,0,14,5,9,6,21,45.65,0,40,24,60.0,24,56,46,94,110,54.46,74,308,224,532,178.3,19,0,1210,18,3,0,José Gomes,CD Nacional,344181,3013
11,4,20.0,131,12,38.71,224,117,341,78.21,13,36.11,23,30,3,0,0,0,79,7,3,12,0,13,30,0,0,36,24,145,0,0,2.0,3.17,37,0,6.45,0,2,5,36,31,5,2,0,,80,39.6,0,0,1,95,15,24,0,24,1798,1,1.0,0,0,0,0,0.0,0,0,0,0,241,13,0,6.6,0,2,0,0,0,0,0,0,899.0,0.0,0,19,12,9,10,21,42.0,0,32,23,71.88,24,28,50,20,93,39.08,31,292,144,436,198.0,31,2,805,27,1,0,Dario Špikić,Rio Ave,826024,3036
7,1,12.5,40,7,43.75,123,169,292,83.43,16,57.14,12,12,0,0,0,0,39,0,0,2,0,13,12,0,0,7,9,47,0,1,0.33,0.25,15,0,16.67,0,1,1,13,12,1,0,1,,27,43.55,0,0,0,58,7,1,0,8,662,0,2.0,1,0,0,0,0.0,0,0,0,0,91,6,0,6.6,0,1,0,0,0,0,0,0,662.0,0.0,1,1,5,3,1,5,55.56,0,13,11,84.62,1,17,9,8,43,47.78,16,164,186,350,79.2,6,0,468,9,1,0,Xeka,Estoril Praia,858705,4500
1,2,40.0,14,1,100.0,18,14,32,96.97,0,0.0,0,4,1,0,0,0,5,2,0,0,0,1,4,0,0,0,1,2,0,0,0.61,0.03,0,0,0.0,0,0,1,3,3,0,0,0,,1,33.33,0,0,0,1,0,3,0,1,69,1,0.0,0,0,0,0,0.0,0,0,0,0,6,2,0,6.6,0,0,0,0,0,0,0,0,0.0,0.0,0,0,1,0,1,0,0.0,0,1,0,0.0,3,1,1,5,1,33.33,1,19,14,33,26.4,1,0,47,0,0,0,Nuno Santos,Sporting CP,352882,3001
0,0,0.0,1,0,0.0,1,1,2,33.33,0,0.0,1,1,0,0,0,0,0,0,0,0,0,0,1,0,0,0,0,3,0,0,0.0,,0,0,0.0,0,0,0,0,0,0,0,0,,2,50.0,0,0,0,4,0,0,0,0,16,0,0.0,0,0,0,0,0.0,0,0,0,0,7,0,0,6.6,0,0,0,0,0,0,0,0,0.0,0.0,0,0,0,0,0,0,0.0,0,1,1,100.0,0,1,2,0,2,40.0,0,5,1,6,6.6,0,0,14,1,0,0,Kiki Silva,Casa Pia,892424,36365
0,0,0.0,0,2,100.0,1,1,2,100.0,0,0.0,0,1,0,0,0,0,0,0,0,0,0,1,1,0,0,0,0,0,0,0,0.0,,0,0,0.0,2,0,0,0,0,0,0,0,0.05,0,0.0,0,0,0,0,0,0,0,0,13,0,0.0,0,0,0,0,0.0,0,0,0,0,0,0,0,6.6,0,0,0,0,0,0,0,0,0.0,0.0,0,0,0,0,0,0,0.0,0,0,0,0.0,0,0,0,0,0,0.0,2,1,1,2,6.6,0,0,3,0,0,0,Pedro Trigueira,AVS - Futebol SAD,61123,483088
0,0,0.0,1,0,0.0,1,5,6,100.0,0,0.0,0,1,0,0,0,0,2,0,0,0,0,0,1,0,0,0,0,1,0,0,0.01,,1,0,0.0,0,0,0,0,0,0,0,0,,0,0.0,0,0,0,0,0,0,0,0,8,0,1.0,0,0,0,0,0.0,0,0,0,0,0,0,0,6.6,0,0,0,0,0,0,0,0,0.0,0.0,0,0,0,0,0,0,0.0,0,0,0,0.0,0,0,0,0,0,0.0,0,1,5,6,6.6,0,0,8,0,1,0,Miguel Silva,Moreirense,2455955,3014
1,0,0.0,1,1,50.0,1,12,13,81.25,0,0.0,0,2,0,0,0,0,0,0,0,0,0,2,2,0,0,0,1,2,0,0,0.0,,1,0,0.0,0,0,0,0,0,0,0,0,,0,0.0,0,0,0,3,0,0,0,0,28,0,0.0,0,0,0,0,0.0,0,0,0,0,6,0,0,6.6,0,0,0,0,0,0,0,0,0.0,0.0,0,0,0,0,0,0,0.0,0,0,0,0.0,0,1,0,1,0,0.0,2,3,13,16,13.2,0,0,25,0,0,0,Zé Pedro,FC Porto,945448,3002
0,0,0.0,3,1,50.0,6,5,11,84.62,0,0.0,0,2,0,0,0,0,1,0,0,0,0,0,2,0,0,0,0,2,0,0,0.02,,2,0,0.0,0,0,0,1,1,0,0,0,,2,50.0,0,0,0,2,0,0,0,0,35,1,0.0,0,0,0,0,0.0,0,0,0,0,8,0,0,6.6,0,0,0,0,0,0,0,0,0.0,0.0,0,0,0,0,0,1,50.0,0,0,0,0.0,0,0,2,1,2,50.0,2,7,6,13,13.2,0,0,22,1,1,0,Gonzalo Pastor,Famalicão,1982641,49531
0,0,0.0,0,1,20.0,9,48,57,89.06,0,0.0,0,2,0,0,0,0,6,0,0,0,0,2,2,0,0,1,0,2,0,0,0.0,,1,0,0.0,7,0,0,1,1,0,0,0,,3,60.0,0,0,0,7,0,0,0,1,114,0,0.0,0,0,0,0,0.0,0,0,0,0,11,0,0,6.6,0,0,0,0,0,0,0,0,0.0,0.0,0,0,0,0,0,1,100.0,0,0,0,0.0,0,3,1,1,3,60.0,5,15,49,64,13.2,0,0,74,2,0,0,Ikker dos Santos,FC Alverca,1562325,190328
0,0,0.0,1,0,0.0,2,2,4,100.0,1,100.0,0,2,0,0,0,0,1,0,0,0,0,0,1,0,0,0,0,1,0,0,0.0,,0,0,0.0,0,0,0,1,1,0,0,0,,0,0.0,0,0,0,0,0,0,0,0,14,0,0.0,0,0,0,0,0.0,0,0,0,0,3,0,0,6.6,0,0,0,0,0,0,0,0,0.0,0.0,0,0,0,0,0,0,0.0,0,0,0,0.0,0,0,1,0,1,50.0,0,2,2,4,6.6,0,0,7,0,0,0,Rudi Almeida,Famalicão,1563668,49531
0,0,0.0,11,1,50.0,23,31,54,93.1,2,40.0,3,3,0,0,0,0,9,0,0,0,0,3,3,0,0,4,1,15,0,0,0.37,,6,0,0.0,0,0,0,3,2,1,0,0,,8,40.0,0,0,0,4,0,2,0,2,167,0,1.0,0,0,0,0,0.0,0,0,0,0,15,1,0,6.6,0,0,0,0,0,0,0,0,0.0,0.0,0,0,0,0,0,1,50.0,0,4,3,75.0,2,2,2,1,10,40.0,2,25,33,58,19.8,0,0,85,3,0,0,Theofanis Bakoulas,Rio Ave,1562121,3036
1,0,0.0,6,1,100.0,11,0,11,100.0,0,0.0,1,3,0,0,0,0,0,0,0,0,0,0,2,0,0,0,0,1,0,0,0.01,,0,0,0.0,0,0,0,0,0,0,0,0,,0,0.0,0,0,0,0,0,0,0,0,19,0,0.0,0,0,0,0,0.0,0,0,0,0,3,0,0,6.6,0,0,0,0,0,0,0,0,0.0,0.0,0,0,0,0,0,0,0.0,0,0,0,0.0,0,1,0,2,0,0.0,1,11,0,11,13.2,0,0,14,0,0,0,Zakaria Kassary,FC Alverca,2456624,190328
2,0,0.0,46,0,0.0,68,44,112,82.96,4,25.0,12,11,0,0,0,0,14,0,3,6,0,5,11,0,0,6,2,37,0,0,0.18,1.06,7,0,0.0,0,0,0,8,6,2,0,0,,38,60.32,0,0,0,23,0,5,0,6,521,1,0.0,0,0,0,0,0.0,0,0,0,0,65,3,0,6.6,0,0,0,0,0,0,0,0,0.0,0.0,0,12,6,6,6,14,58.33,0,9,5,55.56,5,3,24,11,42,53.16,1,88,47,135,72.6,18,0,273,15,0,0,Tidjany Touré,Gil Vicente,1445615,3010
7,0,0.0,24,1,25.0,46,42,88,84.62,8,53.33,7,8,0,0,0,0,15,0,0,3,0,11,8,0,0,6,3,30,0,0,0.39,0.35,15,0,0.0,0,0,0,6,4,2,0,0,,20,46.51,0,0,0,16,4,1,0,6,462,0,0.0,0,0,0,0,0.0,0,0,0,0,30,1,0,6.6,0,0,0,0,0,0,0,0,0.0,0.0,0,3,4,3,1,1,50.0,0,10,8,80.0,1,8,2,0,28,48.28,4,55,49,104,52.8,7,0,178,9,2,0,Yassin Oukili,Casa Pia,1010846,36365
1,1,33.33,6,0,0.0,18,10,28,77.78,0,0.0,2,6,0,0,0,0,6,0,1,1,0,1,6,0,0,1,3,12,0,0,0.08,0.17,3,0,0.0,0,0,0,0,0,0,0,0,,12,54.55,0,0,0,8,2,0,0,2,183,1,0.0,0,0,0,0,0.0,0,0,0,0,17,1,0,6.6,0,0,0,0,0,0,0,0,0.0,0.0,0,1,1,1,0,0,0.0,0,5,3,60.0,0,3,3,3,12,50.0,0,25,11,36,39.6,2,0,72,7,1,0,Motez Nourani,CD Nacional,1640310,3013
0,0,0.0,3,0,0.0,7,2,9,81.82,0,0.0,0,3,0,0,0,0,3,0,0,1,0,1,3,0,0,0,0,3,0,0,0.01,0.1,1,0,0.0,0,0,0,1,0,1,0,0,,3,50.0,0,0,0,2,0,0,0,0,30,1,0.0,0,0,0,0,0.0,0,0,0,0,6,1,0,6.6,0,0,0,0,0,0,0,0,0.0,0.0,1,1,1,1,0,2,50.0,0,1,0,0.0,0,0,4,2,3,50.0,0,9,2,11,19.8,2,0,22,0,0,0,Bruma,Benfica,97012,3006
0,1,33.33,2,0,0.0,4,2,6,100.0,0,0.0,0,1,0,0,0,0,0,1,0,0,0,0,1,0,0,0,0,2,0,0,0.04,0.01,1,0,0.0,0,0,0,0,0,0,0,0,,1,33.33,0,0,0,0,0,1,0,0,16,0,0.0,0,0,0,0,0.0,0,0,0,0,3,0,0,6.6,0,0,0,0,0,0,0,0,0.0,0.0,0,0,1,1,0,0,0.0,0,1,0,0.0,1,0,1,3,1,33.33,0,4,2,6,6.6,1,0,12,0,0,0,Óscar Aranda,Famalicão,984626,49531
4,8,21.62,66,11,26.19,114,131,245,76.8,16,50.0,16,23,0,0,0,0,24,0,0,1,1,39,22,0,0,4,9,50,0,0,0.81,0.35,11,0,14.29,0,1,1,11,10,1,1,0,,29,46.03,1,0,0,74,10,8,0,9,999,1,3.0,0,0,0,1,0.0,0,0,0,0,147,1,0,6.6,0,0,0,0,0,0,0,0,999.0,0.0,0,3,4,4,2,5,27.78,0,11,7,63.64,8,21,18,37,45,47.37,42,168,151,319,145.1,7,0,583,14,4,0,Diogo Calila,Santa Clara,892083,3011
18,0,0.0,128,29,55.77,284,252,536,79.76,26,41.27,37,26,0,0,0,0,88,0,0,0,2,36,26,0,0,5,13,98,0,0,0.29,0.32,37,0,25.0,0,1,1,26,25,1,1,0,,48,44.04,0,0,0,136,9,5,0,16,1553,0,6.0,0,0,0,0,0.0,0,0,0,0,190,6,0,6.59,0,0,0,0,0,0,0,0,1553.0,0.0,0,2,2,2,2,5,33.33,0,34,20,58.82,5,41,15,4,74,43.02,52,374,298,672,171.4,4,0,889,9,6,0,Yaya Sithole,Tondela,822684,38396
2,1,50.0,39,5,71.43,78,92,170,89.47,2,33.33,4,9,0,0,0,0,42,0,0,2,0,5,9,0,1,3,3,29,0,1,0.33,1.33,15,0,12.5,0,1,1,9,8,1,1,0,,26,50.98,0,0,0,20,7,6,1,6,462,1,3.0,0,0,0,1,0.0,0,0,0,0,46,5,0,6.59,1,0,0,0,0,0,0,0,462.0,0.0,0,6,2,3,3,3,37.5,0,7,4,57.14,6,7,8,2,28,49.12,7,93,97,190,59.3,8,0,274,16,2,0,Vasco Sousa,Moreirense,1006995,3014
12,0,0.0,8,39,29.32,15,186,201,67.91,4,100.0,0,9,0,0,0,0,88,0,0,0,0,9,9,1,0,0,0,0,0,1,0.01,,1,0,0.0,84,0,0,24,23,1,0,0,-3.97,4,100.0,0,2,0,95,0,0,0,9,810,0,0.0,0,0,0,0,0.0,6,0,1,0,96,0,0,6.59,0,0,12,16,8,25,0,7,0.0,0.0,0,0,0,0,0,0,0.0,12,3,0,0.0,0,26,0,0,8,100.0,133,90,206,296,59.3,0,0,406,5,0,0,João Valido,FC Arouca,973352,25777
8,10,22.73,62,4,40.0,90,54,144,71.64,6,30.0,14,25,0,0,0,0,57,1,5,17,0,5,25,0,0,24,17,114,0,2,1.34,3.44,10,0,5.0,0,2,2,32,28,4,2,0,,59,37.11,0,0,2,57,14,13,2,14,1258,10,3.0,0,0,0,0,0.0,0,0,0,0,213,8,0,6.59,0,0,0,0,0,0,0,0,629.0,0.0,0,24,16,12,11,27,35.06,0,15,5,33.33,13,19,77,44,65,36.31,10,136,65,201,164.7,40,1,543,17,0,0,Óscar Perea,AVS - Futebol SAD,1185986,483088
1,0,0.0,44,1,100.0,58,31,89,82.41,3,33.33,6,8,0,0,0,0,11,0,0,0,0,4,8,0,0,5,5,32,0,0,0.11,0.05,11,0,0.0,0,0,0,10,10,0,0,0,,28,51.85,0,0,0,19,1,1,0,3,342,1,0.0,0,0,0,0,0.0,0,0,0,0,61,0,0,6.59,0,0,0,0,0,0,0,0,0.0,0.0,0,0,1,1,0,2,28.57,0,11,6,54.55,1,2,7,8,31,49.21,1,71,37,108,52.7,1,0,215,15,3,0,Vando Félix,Vitória SC,1520997,3009
1,0,0.0,11,1,50.0,25,24,49,92.45,1,100.0,0,8,0,0,0,0,5,0,0,0,0,0,7,0,0,2,0,3,0,1,0.07,,0,0,0.0,0,0,0,1,1,0,0,0,,4,57.14,0,0,0,4,1,3,0,0,92,0,0.0,0,0,0,0,0.0,0,0,0,0,13,1,0,6.59,0,0,0,0,0,0,0,0,0.0,0.0,0,0,0,0,0,3,75.0,0,0,0,0.0,3,3,4,1,5,62.5,2,29,24,53,46.1,0,0,70,1,1,0,João Graça,Rio Ave,309296,3036
7,4,13.33,79,12,54.55,118,85,203,76.89,12,44.44,15,21,0,0,0,0,40,1,2,4,1,19,20,0,0,4,12,49,0,0,0.8,0.59,12,0,0.0,0,0,0,12,11,1,0,0,,33,49.25,0,0,0,61,11,13,0,9,869,0,0.0,0,0,0,0,0.0,0,0,0,0,119,4,0,6.59,0,0,0,0,0,0,0,0,0.0,0.0,1,5,5,4,2,9,52.94,0,14,7,50.0,13,16,17,30,45,47.87,22,165,99,264,131.7,10,0,423,10,2,0,Cedric Teguia,Moreirense,910033,3014
3,12,22.64,95,7,50.0,133,49,182,77.78,13,44.83,16,13,0,0,0,0,43,5,2,5,1,10,13,0,0,9,14,63,0,0,1.38,3.32,11,0,10.53,0,2,2,12,9,3,2,0,,22,31.88,0,0,2,52,4,17,0,9,851,1,0.0,0,0,1,0,100.0,0,1,0,0,140,7,0,6.58,0,2,0,0,0,0,0,0,425.5,0.0,2,9,10,10,4,9,40.91,0,4,3,75.0,17,6,22,53,35,35.71,14,177,57,234,85.6,19,0,413,9,1,0,Ivan Cavaleiro,Tondela,110950,38396
5,0,0.0,35,17,31.48,179,424,603,87.77,37,47.44,41,13,0,0,0,0,45,0,1,2,3,55,13,0,0,0,12,73,0,1,0.14,0.77,20,0,9.09,8,1,1,24,24,0,1,0,,34,51.52,0,0,0,84,12,2,0,13,1170,0,9.0,0,0,0,0,0.0,0,0,0,0,101,0,0,6.58,0,1,0,0,0,0,0,0,1170.0,0.0,0,11,0,5,4,1,25.0,0,29,18,62.07,2,24,4,0,71,49.31,54,226,461,687,85.6,11,0,853,4,5,0,Thiago Balieiro,Vitória SC,1148442,3009
2,0,0.0,45,3,100.0,69,34,103,70.07,24,48.0,26,13,1,0,0,0,25,3,4,4,1,11,13,0,0,8,2,52,0,0,0.35,2.01,10,0,0.0,0,0,1,8,4,4,0,0,,30,53.57,0,0,0,44,1,5,0,7,676,2,2.0,0,0,0,0,0.0,0,0,0,0,107,5,0,6.58,0,0,0,0,0,0,0,0,0.0,0.0,0,16,2,7,7,7,53.85,0,4,2,50.0,5,3,13,6,54,50.94,3,111,36,147,85.6,18,0,293,20,2,0,Tamblé Monteiro,Rio Ave,1094384,3036
6,5,38.46,42,6,33.33,78,66,144,78.69,9,56.25,7,14,0,0,0,0,24,0,1,1,1,14,13,0,0,1,2,25,0,0,0.56,0.5,9,0,0.0,0,0,0,5,4,1,0,0,,10,35.71,0,0,0,39,3,4,0,3,466,0,0.0,0,0,0,1,0.0,0,0,0,0,65,1,0,6.58,0,0,0,0,0,0,0,0,0.0,0.0,0,6,0,4,1,0,0.0,0,9,8,88.89,4,12,6,13,19,43.18,18,103,80,183,85.6,6,0,299,1,1,0,Orest Lebedenko,Vitória SC,844409,3009
0,0,0.0,19,2,100.0,30,14,44,65.67,4,26.67,11,15,0,0,0,0,6,0,3,3,0,2,15,0,0,4,1,22,0,0,0.1,3.45,4,0,25.0,0,3,3,4,4,0,3,0,,14,56.0,0,0,0,23,3,2,0,0,299,0,0.0,0,0,0,0,0.0,0,0,0,0,50,1,0,6.58,0,3,0,0,0,0,0,0,99.67,0.0,0,10,2,4,5,2,40.0,0,5,2,40.0,2,1,5,1,18,45.0,2,47,20,67,98.7,12,1,138,7,1,0,Elias Manoel,Santa Clara,1066681,3011
0,0,0.0,5,0,0.0,7,6,13,56.52,3,42.86,4,5,0,0,0,0,2,0,1,1,0,0,5,0,0,0,2,10,0,0,0.03,0.27,5,0,0.0,0,0,0,3,3,0,0,0,,4,40.0,0,0,0,10,1,1,0,2,169,0,0.0,0,0,0,0,0.0,0,0,0,0,17,2,0,6.58,0,0,0,0,0,0,0,0,0.0,0.0,0,3,0,1,1,0,0.0,0,1,1,100.0,1,1,0,1,7,41.18,1,15,8,23,32.9,3,0,44,4,0,0,Jordi Escobar,AVS - Futebol SAD,942907,483088
3,7,30.43,28,1,14.29,42,73,115,75.66,11,73.33,4,10,0,0,0,0,40,2,0,0,1,21,10,0,0,4,1,25,0,0,0.63,0.18,11,0,0.0,0,0,0,12,11,1,0,0,,28,57.14,0,0,1,37,4,6,0,6,565,0,0.0,0,0,0,0,0.0,0,0,0,0,82,4,0,6.58,0,0,0,0,0,0,0,0,0.0,0.0,0,1,1,2,0,5,50.0,0,20,13,65.0,6,7,10,23,39,60.94,7,63,89,152,65.8,2,0,308,3,2,0,Fahem Benaissa-Yahia,Casa Pia,1529932,36365
20,0,0.0,40,58,40.85,142,748,890,89.0,25,51.02,24,29,0,0,0,0,44,0,1,1,4,153,29,0,0,0,3,39,2,1,0.71,0.6,14,0,0.0,7,0,0,40,30,10,0,0,,32,68.09,0,0,0,110,19,3,0,28,2484,0,13.0,0,0,0,1,0.0,0,0,0,0,117,0,0,6.58,0,0,0,0,0,0,0,0,0.0,0.0,0,2,1,1,1,0,0.0,0,28,20,71.43,3,45,0,0,57,59.38,142,234,766,1000,190.8,3,0,1260,5,1,0,Sergi Gómez,FC Alverca,125625,190328
5,3,18.75,58,10,55.56,112,70,182,78.79,6,42.86,8,14,0,0,0,0,21,0,2,5,0,6,14,0,0,2,4,30,0,0,0.35,0.8,13,0,7.69,0,1,1,9,8,1,0,1,,11,33.33,0,0,0,49,5,7,1,11,810,1,1.0,0,0,0,0,0.0,0,0,0,0,78,3,0,6.58,0,0,0,0,0,0,0,0,810.0,0.0,0,4,9,6,2,1,25.0,0,5,3,60.0,7,8,4,16,17,36.17,18,149,82,231,92.1,13,1,313,5,1,0,Miguel Baeza,CD Nacional,902051,3013
7,0,0.0,74,12,70.59,127,111,238,73.23,39,34.51,74,31,2,0,1,0,46,2,12,14,0,12,31,0,0,18,7,163,0,0,1.51,9.44,52,0,14.04,0,8,10,35,32,3,8,0,,43,32.58,3,0,1,87,14,20,2,24,1912,6,4.0,0,0,2,0,50.0,0,1,0,0,179,5,0,6.58,0,2,0,0,0,0,0,0,239.0,0.0,0,46,11,22,21,2,12.5,0,25,12,48.0,20,11,16,2,82,33.47,17,189,136,325,203.9,57,0,617,17,5,0,Ivan Barbero,FC Arouca,913728,25777
5,0,0.0,9,6,40.0,49,161,210,93.75,6,66.67,3,4,0,0,0,0,10,0,0,0,0,20,4,0,0,2,1,9,0,0,0.08,,2,0,0.0,3,0,0,6,5,1,0,0,,5,45.45,0,0,0,14,4,0,0,3,301,0,3.0,0,0,0,1,0.0,0,0,0,0,19,0,0,6.58,0,0,0,0,0,0,0,0,0.0,0.0,0,0,0,0,0,0,0.0,0,2,1,50.0,0,10,1,0,11,55.0,15,59,165,224,26.3,0,0,267,3,1,0,Michel Augusto,Moreirense,1411154,3014
1,0,0.0,2,3,100.0,7,12,19,65.52,5,55.56,4,4,0,0,0,0,2,0,0,0,0,3,4,0,0,2,1,9,0,0,0.02,,3,0,0.0,0,0,0,2,1,1,0,0,,5,50.0,0,0,0,10,0,1,0,1,94,0,1.0,0,0,0,0,0.0,0,0,0,0,13,0,0,6.58,0,0,0,0,0,0,0,0,0.0,0.0,0,0,0,0,0,0,0.0,0,3,1,33.33,1,1,0,0,10,52.63,3,12,17,29,26.3,0,0,47,2,2,0,Mohamed Bamba,Gil Vicente,1537180,3010
14,0,0.0,12,78,38.81,54,186,240,65.75,2,100.0,0,12,0,0,0,0,115,1,0,0,0,10,12,0,0,0,0,0,1,2,0.02,,0,0,0.0,106,0,0,26,23,3,0,0,-3.74,1,100.0,0,7,0,125,0,1,0,12,1073,0,0.0,0,0,0,0,0.0,3,0,0,0,130,0,4,6.58,0,0,7,18,14,32,0,2,0.0,0.0,0,0,0,0,0,0,0.0,6,0,0,0.0,1,25,0,0,3,100.0,201,161,204,365,78.9,0,0,464,2,2,0,Simão,AVS - Futebol SAD,981817,483088
10,5,25.0,47,10,35.71,97,119,216,73.97,12,35.29,22,24,1,0,0,0,32,0,0,3,0,39,23,0,0,4,7,55,0,0,0.44,0.1,11,0,0.0,0,0,1,16,15,1,0,0,,38,53.52,0,0,0,76,12,6,0,8,886,1,3.0,0,0,0,0,0.0,0,0,0,0,150,3,0,6.57,1,0,0,0,0,0,0,0,0.0,0.0,0,0,5,2,0,5,29.41,0,29,22,75.86,6,20,17,20,50,47.62,28,143,149,292,151.2,5,0,573,5,2,1,Hevertton Santos,Gil Vicente,1087355,3010
23,0,0.0,35,42,38.89,111,505,616,84.73,19,63.33,11,23,0,0,0,0,35,1,0,2,2,90,22,0,0,3,3,37,0,1,0.62,0.12,20,0,0.0,1,0,0,28,26,2,0,0,,33,55.93,0,0,0,111,6,2,0,18,1457,2,11.0,0,0,0,1,0.0,0,0,0,0,122,1,0,6.57,1,0,0,0,0,0,0,0,0.0,0.0,0,3,1,1,1,8,88.89,0,19,12,63.16,2,60,9,1,52,58.43,108,187,540,727,144.6,4,0,911,6,5,1,Francisco Petrasso,Rio Ave,1467139,3036
3,0,0.0,22,2,100.0,33,14,47,78.33,8,57.14,6,10,0,0,0,0,8,0,1,2,0,2,10,0,0,0,0,11,0,0,0.42,0.46,3,0,0.0,0,0,0,10,9,1,0,0,,8,61.54,0,0,1,13,3,4,0,2,255,3,1.0,0,0,0,0,0.0,0,0,0,0,31,1,0,6.57,0,0,0,0,0,0,0,0,0.0,0.0,0,3,2,3,0,3,60.0,0,4,0,0.0,4,5,5,6,16,59.26,2,44,16,60,65.7,5,0,108,1,0,0,Arjen Van Der Heide,Tondela,917006,38396
0,0,0.0,6,0,0.0,11,6,17,68.0,14,51.85,13,15,0,0,0,0,9,0,1,0,0,6,15,0,0,6,1,33,0,0,0.04,0.96,11,0,33.33,0,2,2,5,4,1,2,0,,7,25.93,2,0,0,8,2,2,0,3,321,4,0.0,0,0,0,0,0.0,0,0,0,0,29,3,0,6.57,0,0,0,0,0,0,0,0,160.5,0.0,0,6,0,3,3,1,20.0,0,5,2,40.0,2,1,5,1,21,38.89,0,17,8,25,98.5,6,0,80,4,0,0,Carlos Eduardo,Gil Vicente,1014254,3010
1,0,0.0,1,2,66.67,1,8,9,75.0,1,50.0,1,3,0,0,0,0,3,0,0,0,0,2,3,0,0,0,1,4,0,0,0.0,,2,0,0.0,0,0,0,1,1,0,0,0,,3,50.0,0,0,0,3,1,0,0,0,44,0,0.0,0,0,0,0,0.0,0,0,0,0,5,0,0,6.57,0,0,0,0,0,0,0,0,0.0,0.0,0,0,0,0,0,0,0.0,0,3,1,33.33,0,1,0,0,4,50.0,3,2,10,12,19.7,0,0,22,0,0,0,Florentino Luís,Benfica,855845,3006
2,4,20.0,45,3,33.33,69,42,111,79.29,5,38.46,8,16,0,0,0,0,25,2,1,2,0,3,15,0,0,13,5,50,0,1,0.69,0.44,13,0,0.0,0,0,0,10,9,1,0,0,,31,42.47,0,0,1,29,3,9,0,7,577,5,0.0,0,0,0,0,0.0,0,0,0,0,86,7,0,6.57,0,0,0,0,0,0,0,0,0.0,0.0,0,4,2,4,0,7,36.84,0,3,0,0.0,9,5,19,20,36,41.86,9,90,50,140,98.5,6,0,271,21,1,0,Moudjatovic,Tondela,1397915,38396
14,0,0.0,15,24,41.38,37,104,141,69.8,27,56.25,21,12,0,0,0,0,39,0,0,1,3,68,12,0,0,3,3,40,1,2,0.08,0.08,9,0,0.0,0,0,0,18,17,1,0,0,,35,64.81,0,0,0,61,11,0,0,11,992,0,13.0,0,0,0,0,0.0,0,0,0,0,81,0,0,6.57,0,0,0,0,0,0,0,0,0.0,0.0,0,2,0,1,0,3,42.86,0,16,13,81.25,0,29,7,1,62,60.78,58,77,125,202,78.8,2,1,376,16,5,0,Domingos Jose Gabriel Bandeira,Casa Pia,1835218,36365
0,0,0.0,6,0,0.0,8,0,8,72.73,1,100.0,0,4,0,0,0,0,1,0,0,0,0,1,3,0,0,1,0,6,0,0,0.02,0.06,3,0,0.0,0,0,0,0,0,0,0,0,,4,40.0,0,0,0,3,1,0,0,0,46,0,0.0,0,0,0,0,0.0,0,0,0,0,10,0,0,6.57,0,0,0,0,0,0,0,0,0.0,0.0,0,1,0,0,1,0,0.0,0,1,1,100.0,0,0,2,0,5,45.45,0,11,0,11,19.7,1,0,28,3,2,0,Rodrigo Rodrigues,Gil Vicente,2154588,3010
5,0,0.0,21,4,57.14,51,39,90,84.91,2,33.33,4,12,0,0,0,0,11,0,0,1,0,7,12,0,0,1,1,11,0,0,0.1,0.04,5,0,0.0,0,0,0,6,6,0,0,0,,8,53.33,0,0,0,16,1,1,0,0,207,0,0.0,0,0,0,0,0.0,0,0,0,0,24,0,0,6.57,0,0,0,0,0,0,0,0,0.0,0.0,0,0,1,0,0,1,100.0,0,3,3,100.0,1,7,1,1,10,47.62,7,63,43,106,78.8,1,0,135,4,2,0,Mateo Flores,FC Arouca,1893864,25777
8,0,0.0,83,7,53.85,158,84,242,74.92,37,38.14,60,29,2,0,0,1,44,2,5,2,0,16,29,0,1,14,4,106,0,0,1.05,5.11,27,0,20.0,0,5,7,26,21,5,5,0,,43,48.31,1,0,1,81,2,12,0,16,1427,10,3.0,0,0,1,0,0.0,0,0,0,1,150,8,0,6.57,1,4,0,0,0,0,0,0,285.4,0.0,0,19,6,10,13,5,45.45,0,10,7,70.0,12,14,11,1,80,43.01,13,228,95,323,190.4,25,1,523,28,2,0,Sandro Lima,FC Alverca,344023,190328
13,5,21.74,85,19,44.19,166,189,355,82.94,10,50.0,10,17,2,0,0,0,26,1,1,2,3,24,17,0,0,5,6,33,0,0,0.54,1.07,8,0,11.11,0,1,3,18,14,4,1,0,,26,53.06,1,0,0,73,9,9,0,16,1352,3,5.0,0,1,0,0,0.0,0,0,0,0,137,0,0,6.56,0,0,0,0,0,0,0,0,1352.0,0.0,0,8,1,5,2,2,33.33,0,9,4,44.44,8,31,6,23,36,52.17,43,211,217,428,111.6,9,0,683,15,3,0,Bas Kuipers,FC Arouca,339879,25777
7,1,2.5,207,7,36.84,329,131,460,79.31,8,47.06,9,28,2,0,0,0,81,2,5,11,1,12,28,0,0,26,17,119,0,1,2.17,3.33,24,0,3.33,0,1,3,14,13,1,1,0,,82,42.71,1,0,1,120,10,12,0,14,1327,3,0.0,0,0,0,2,0.0,0,0,0,2,287,14,0,6.56,1,0,0,0,0,0,0,0,1327.0,0.0,0,22,8,10,9,27,38.03,0,31,19,61.29,12,14,71,40,90,43.06,19,428,152,580,183.8,30,2,1021,26,2,1,Gabriel Martínez,Sporting Braga,1134430,2999
8,0,0.0,69,3,100.0,121,67,188,81.03,13,24.07,41,29,1,0,0,0,24,1,7,3,0,3,29,0,0,25,6,106,0,0,0.29,5.05,24,0,31.58,0,6,7,18,15,3,6,0,,33,33.67,1,0,1,44,2,5,3,14,1295,3,2.0,0,0,0,0,0.0,0,0,0,0,124,6,0,6.56,0,2,0,0,0,0,0,0,215.83,0.0,0,18,1,3,13,6,33.33,0,9,2,22.22,5,10,18,1,46,30.26,3,157,75,232,190.3,19,0,410,18,2,0,Fran Navarro,Sporting Braga,914772,2999
25,6,14.29,155,28,57.14,266,200,466,81.18,2,13.33,13,26,1,0,0,1,84,2,1,2,1,18,26,0,0,17,7,62,0,0,1.46,1.74,24,0,6.25,0,1,2,32,28,4,1,0,,45,47.87,0,0,1,108,16,19,0,18,1432,1,5.0,0,1,1,2,0.0,0,0,0,0,192,6,0,6.56,0,1,0,0,0,0,0,0,1432.0,0.0,0,8,8,9,5,6,60.0,0,33,16,48.48,18,48,10,42,47,43.12,49,340,234,574,170.6,16,0,822,6,3,0,Joe Hodge,Tondela,988882,38396
1,1,33.33,5,1,100.0,14,18,32,65.31,14,73.68,5,10,1,0,0,0,4,0,1,2,0,2,10,0,0,6,2,25,0,0,0.21,1.16,10,0,12.5,0,1,2,6,5,1,1,0,,4,16.67,0,0,0,17,0,4,0,3,356,2,0.0,0,0,1,0,100.0,0,1,0,0,38,1,0,6.56,0,1,0,0,0,0,0,0,356.0,0.0,1,6,2,2,4,0,0.0,0,1,0,0.0,4,1,3,3,18,41.86,1,29,20,49,65.6,8,0,95,4,2,0,Sydney van Hooijdonk,CF Estrela Amadora,943595,3035
4,1,10.0,31,1,50.0,53,19,72,87.8,1,16.67,5,5,1,0,0,0,8,1,0,1,0,3,5,0,0,2,1,11,0,1,0.5,0.17,3,0,0.0,0,0,1,6,6,0,0,0,,4,40.0,0,0,0,10,0,3,0,3,223,0,0.0,0,0,0,0,0.0,0,0,0,0,24,3,0,6.56,0,0,0,0,0,0,0,0,0.0,0.0,0,3,1,3,0,1,100.0,0,2,1,50.0,3,5,1,10,5,31.25,2,61,21,82,32.8,4,0,114,1,0,0,Nuno Santos,Vitória SC,930552,3009
1,0,0.0,8,0,0.0,17,9,26,83.87,1,33.33,2,5,0,0,0,0,5,1,1,0,0,0,5,0,0,1,3,10,0,0,0.46,0.29,1,0,0.0,0,0,0,2,2,0,0,0,,6,42.86,0,0,0,5,0,1,0,0,95,0,0.0,0,0,0,0,0.0,0,0,0,0,15,0,0,6.56,0,0,0,0,0,0,0,0,0.0,0.0,0,2,1,2,1,0,0.0,0,3,3,100.0,1,2,3,2,7,41.18,1,21,10,31,32.8,3,0,53,3,0,0,Souleymane Faye,Sporting CP,1002343,3001
2,0,0.0,19,3,37.5,67,143,210,84.34,8,47.06,9,16,0,0,0,0,33,0,1,1,0,11,16,0,0,11,3,39,0,0,0.05,0.17,14,0,0.0,0,0,0,16,15,1,0,0,,28,48.28,0,0,0,39,23,1,0,10,728,0,3.0,0,0,0,0,0.0,0,0,0,0,70,2,0,6.56,0,0,0,0,0,0,0,0,0.0,0.0,0,1,1,1,0,2,25.0,0,10,7,70.0,1,8,8,0,36,48.0,8,91,158,249,104.9,2,0,375,16,2,0,Alex Sola,CF Estrela Amadora,2037671,3035
1,2,11.11,20,4,100.0,42,31,73,79.35,6,42.86,8,10,1,0,0,0,16,1,0,0,0,4,9,0,0,9,4,35,0,0,0.21,0.29,6,0,20.0,0,1,2,15,12,3,1,0,,21,43.75,0,0,0,19,1,2,1,6,484,1,1.0,0,0,0,0,0.0,0,0,0,0,73,3,0,6.56,0,0,0,0,0,0,0,0,484.0,0.0,0,4,1,3,2,9,50.0,0,8,4,50.0,2,2,18,18,27,43.55,4,56,36,92,59.0,5,0,201,4,0,0,Kelian Nsona,Casa Pia,980407,36365
0,0,0.0,16,2,100.0,25,25,50,83.33,2,22.22,7,9,0,0,0,0,8,0,1,0,0,3,9,0,0,2,4,17,0,0,0.03,0.31,4,0,0.0,0,0,0,0,0,0,0,0,,13,56.52,0,0,0,10,2,0,0,2,224,0,0.0,0,0,0,0,0.0,0,0,0,0,24,1,0,6.56,0,0,0,0,0,0,0,0,0.0,0.0,0,2,0,1,1,1,100.0,0,6,4,66.67,0,0,1,1,15,46.88,2,29,31,60,59.0,2,0,100,6,1,0,Luquinhas,Santa Clara,845787,3011
16,13,20.31,85,27,33.75,152,162,314,69.47,13,46.43,15,20,2,0,0,0,58,3,0,2,1,66,20,0,0,8,17,62,1,1,1.12,0.42,16,1,16.67,0,2,4,29,25,4,1,1,,37,44.05,0,0,0,138,27,14,2,17,1465,2,3.0,1,0,0,0,0.0,0,0,0,0,262,3,0,6.56,0,0,0,0,0,0,0,0,732.5,50.0,2,1,11,6,4,10,55.56,0,16,13,81.25,14,37,18,64,50,44.64,80,242,210,452,131.1,12,1,873,12,4,0,Emmanuel Maviram,Tondela,1111880,38396
5,1,25.0,62,5,38.46,104,50,154,55.0,74,37.95,121,31,0,0,0,2,45,1,8,3,1,22,31,0,1,19,8,203,0,0,0.83,7.56,51,0,20.69,0,6,6,33,30,3,6,0,,73,47.1,0,0,0,126,3,10,1,23,1883,9,3.0,0,0,4,0,50.0,0,2,0,1,208,9,0,6.55,1,5,0,0,0,0,0,0,313.83,0.0,1,24,5,14,12,4,30.77,0,22,12,54.55,10,16,13,4,147,42.0,13,216,64,280,203.2,29,1,565,53,5,0,Cassiano,Casa Pia,157023,36365
17,10,27.78,57,12,46.15,115,69,184,81.06,13,38.24,21,27,1,0,0,0,29,0,1,0,1,17,25,0,0,9,8,64,0,0,0.49,1.46,20,0,7.14,0,1,2,19,18,1,1,0,,34,44.16,1,0,0,43,3,14,0,5,763,4,1.0,0,0,0,0,0.0,0,0,0,0,120,6,0,6.55,0,0,0,0,0,0,0,0,763.0,0.0,1,8,6,7,7,9,50.0,0,13,7,53.85,14,25,18,36,47,42.34,26,145,82,227,163.8,14,0,417,12,4,0,Miguel Puche,FC Arouca,1000680,25777
0,0,0.0,1,0,0.0,1,6,7,100.0,1,100.0,0,2,0,0,0,0,3,0,0,0,0,0,2,0,0,0,0,0,0,0,0.0,,0,0,0.0,0,0,0,0,0,0,0,0,,0,0.0,0,0,0,0,0,0,0,0,17,0,0.0,0,0,0,0,0.0,0,0,0,0,1,0,0,6.55,0,0,0,0,0,0,0,0,0.0,0.0,0,0,0,0,0,0,0.0,0,0,0,0.0,0,0,0,0,1,100.0,0,1,6,7,13.1,0,0,10,0,0,0,João Resende,CF Estrela Amadora,1006110,3035
0,1,100.0,2,0,0.0,3,8,11,78.57,1,33.33,2,2,0,0,0,0,4,0,0,0,0,0,2,0,0,3,0,6,0,0,0.07,,0,0,0.0,0,0,0,1,1,0,0,0,,2,33.33,0,0,0,3,0,1,0,0,30,0,0.0,0,0,0,0,0.0,0,0,0,0,8,0,0,6.55,0,0,0,0,0,0,0,0,0.0,0.0,0,0,0,0,0,1,50.0,0,0,0,0.0,1,0,2,1,3,33.33,0,6,8,14,13.1,0,0,23,1,0,0,Stéphane Diarra,FC Alverca,834881,190328
0,0,0.0,1,0,0.0,4,2,6,75.0,0,0.0,0,3,0,0,0,0,1,0,0,0,0,0,2,0,0,0,1,2,0,0,0.01,,1,0,0.0,0,0,0,1,1,0,0,0,,2,50.0,0,0,0,2,0,0,0,0,23,0,0.0,0,0,0,0,0.0,0,0,0,0,2,0,0,6.55,0,0,0,0,0,0,0,0,0.0,0.0,0,0,0,0,0,1,100.0,0,0,0,0.0,0,0,1,0,2,50.0,0,6,2,8,13.1,0,0,10,1,0,0,Flávio Gonçalves,Sporting CP,1937022,3001
13,0,0.0,11,32,37.21,20,136,156,73.24,3,100.0,0,8,0,0,0,0,58,0,0,0,1,4,8,0,0,0,0,0,0,0,0.02,,0,0,0.0,45,0,0,12,10,2,0,0,-3.75,1,100.0,0,7,0,57,1,0,0,8,720,0,0.0,0,0,0,0,0.0,0,0,0,0,58,0,3,6.55,0,0,3,11,4,15,0,2,0.0,0.0,0,0,0,0,0,0,0.0,3,0,0,0.0,0,26,0,0,4,100.0,86,58,155,213,52.4,0,0,283,2,0,0,Lucão,Gil Vicente,981586,3010
1,0,0.0,11,1,100.0,24,5,29,87.88,1,25.0,3,5,0,0,0,0,4,0,1,0,0,1,4,0,0,1,2,11,0,0,0.02,0.6,2,0,0.0,0,0,0,3,2,1,0,0,,6,42.86,0,0,1,4,0,1,0,1,134,0,0.0,0,0,0,0,0.0,0,0,0,0,20,2,0,6.55,0,0,0,0,0,0,0,0,0.0,0.0,0,4,0,2,2,0,0.0,0,5,3,60.0,1,1,3,1,7,38.89,1,27,6,33,26.2,4,0,63,1,0,0,Xabi Huarte,Tondela,1100596,38396
0,0,0.0,49,2,100.0,74,29,103,65.61,27,48.21,29,29,1,0,0,0,28,2,4,6,1,4,29,0,0,21,8,109,0,0,1.16,5.68,37,0,19.23,0,5,6,8,7,1,5,0,,28,25.93,3,0,0,54,1,10,0,12,1180,7,3.0,0,0,1,0,100.0,0,1,0,0,135,13,0,6.55,0,2,0,0,0,0,0,0,236.0,0.0,0,22,4,7,13,8,34.78,0,8,6,75.0,10,1,23,5,55,33.54,2,118,39,157,189.9,26,0,336,12,3,0,Deniz Gül,FC Porto,1407720,3002
60,4,20.0,116,98,44.75,456,1213,1669,88.07,61,59.22,42,30,3,0,0,0,113,5,1,3,5,160,30,0,0,2,11,96,0,0,1.22,1.36,38,0,12.5,48,2,5,51,47,4,2,0,,53,49.53,1,0,0,226,32,14,1,29,2545,3,11.0,0,0,0,1,0.0,0,0,0,0,274,3,0,6.55,3,0,0,0,0,0,0,0,1272.5,0.0,0,13,3,9,4,6,60.0,0,30,20,66.67,14,110,10,20,114,54.29,219,599,1296,1895,196.4,16,1,2286,19,5,3,Jose Fontán,FC Arouca,964609,25777
9,17,37.78,69,14,60.87,101,83,184,79.65,1,14.29,6,13,2,1,0,0,23,3,2,2,0,4,13,0,0,8,3,34,0,0,1.83,1.77,12,0,7.14,0,1,3,16,14,2,1,0,,21,42.86,0,0,0,47,5,14,0,7,649,1,1.0,0,0,1,0,0.0,0,0,0,0,96,2,0,6.55,0,1,0,0,0,0,0,0,649.0,0.0,0,9,5,9,3,5,50.0,0,10,7,70.0,14,20,10,45,22,39.29,23,136,95,231,85.1,14,0,358,6,3,0,Rafael Barbosa,AVS - Futebol SAD,823128,483088
20,1,100.0,44,40,41.67,159,456,615,86.26,18,50.0,18,13,0,0,0,0,36,0,0,1,3,55,13,0,0,0,13,51,0,2,0.29,0.1,20,0,0.0,2,0,0,15,12,3,0,0,,24,42.11,0,0,0,98,11,1,0,13,1170,2,1.0,0,0,0,1,0.0,0,0,0,0,109,0,0,6.55,0,0,0,0,0,0,0,0,0.0,0.0,0,3,0,2,0,1,50.0,0,17,7,41.18,1,53,2,1,42,45.16,96,234,479,713,85.1,3,0,844,6,5,0,Luís Rocha,Santa Clara,141012,3011
8,2,18.18,101,14,82.35,168,80,248,79.49,37,36.63,64,33,2,0,0,0,41,5,10,6,1,18,33,0,0,25,6,146,0,0,1.76,5.41,34,0,2.27,0,1,3,14,13,1,0,1,,66,44.59,0,0,0,64,1,23,1,24,2053,8,2.0,0,0,0,0,0.0,0,0,0,0,173,12,0,6.55,0,0,0,0,0,0,0,0,2053.0,0.0,2,38,6,19,19,13,38.24,0,12,9,75.0,23,12,34,11,103,41.37,17,217,95,312,216.0,44,0,599,43,3,0,Simon Elisor,Famalicão,1049526,49531
1,0,0.0,7,0,0.0,13,5,18,81.82,0,0.0,3,7,0,0,0,0,5,0,0,0,0,2,7,0,0,1,0,8,0,0,0.02,,4,0,0.0,0,0,0,1,1,0,0,0,,3,37.5,0,0,0,4,1,1,0,0,106,0,0.0,0,0,0,0,0.0,0,0,0,0,11,2,0,6.54,0,0,0,0,0,0,0,0,0.0,0.0,0,0,0,0,0,0,0.0,0,3,3,100.0,1,2,1,2,3,27.27,0,17,5,22,45.8,0,0,37,0,1,0,Darlan,Santa Clara,973924,3011
1,5,33.33,29,2,25.0,39,13,52,66.67,1,14.29,6,14,0,0,0,0,15,0,1,2,0,2,14,0,0,4,3,39,0,0,0.54,0.65,12,0,0.0,0,0,0,2,2,0,0,0,,20,37.74,0,0,2,26,1,4,0,0,225,0,0.0,0,0,0,0,0.0,0,0,0,0,60,2,0,6.54,0,0,0,0,0,0,0,0,0.0,0.0,0,5,3,1,5,11,44.0,0,5,4,80.0,4,4,25,15,21,35.0,8,58,20,78,91.6,8,0,159,4,1,0,Romeo Beney,Famalicão,1195796,49531
15,2,14.29,115,8,44.44,188,121,309,85.6,4,25.0,12,29,2,0,0,0,74,3,2,8,0,7,29,0,0,29,17,124,1,1,1.03,1.16,17,0,0.0,0,0,2,27,25,2,0,0,,79,41.36,0,0,2,52,10,14,0,13,1290,3,1.0,0,0,0,1,0.0,0,0,0,1,192,9,0,6.54,0,0,0,0,0,0,0,0,0.0,0.0,0,11,3,5,1,17,24.64,0,20,12,60.0,14,21,69,14,83,40.1,18,227,134,361,189.7,14,0,655,42,2,0,Landerson,Moreirense,1471229,3014
1,0,0.0,28,1,33.33,47,29,76,85.39,0,0.0,3,11,0,0,0,0,6,2,3,3,0,3,10,0,0,8,7,30,0,0,0.19,1.43,7,0,11.11,0,1,1,3,1,2,0,1,,19,41.3,0,0,0,13,1,4,1,1,210,0,0.0,0,0,0,0,0.0,0,0,0,0,43,1,0,6.54,0,0,0,0,0,0,0,0,210.0,0.0,0,7,2,4,2,8,57.14,0,4,2,50.0,4,4,14,3,19,38.78,3,58,31,89,65.4,9,0,164,7,1,0,Peixinho,Estoril Praia,1513647,4500
2,0,0.0,3,3,37.5,22,100,122,93.85,4,57.14,3,7,0,0,0,0,7,0,0,0,0,21,5,0,0,0,0,8,0,0,0.01,,4,0,0.0,3,0,0,7,7,0,0,0,,6,54.55,0,0,0,8,3,1,0,3,228,0,2.0,0,0,0,0,0.0,0,0,0,0,10,0,0,6.54,0,0,0,0,0,0,0,0,0.0,0.0,0,0,0,0,0,0,0.0,0,2,2,100.0,1,4,1,0,10,55.56,8,27,103,130,32.7,0,0,166,4,1,0,Julien Lomboto,Rio Ave,1478890,3036
1,1,33.33,7,2,40.0,14,10,24,75.0,2,40.0,3,5,0,0,0,0,3,0,0,1,0,3,5,0,0,1,1,8,0,0,0.14,0.04,1,0,0.0,0,0,0,3,3,0,0,0,,5,50.0,0,0,0,8,0,2,0,3,207,0,0.0,0,0,0,0,0.0,0,0,0,0,21,0,0,6.54,0,0,0,0,0,0,0,0,0.0,0.0,0,1,1,0,1,0,0.0,0,1,0,0.0,2,3,2,3,7,46.67,5,21,11,32,32.7,2,0,66,4,1,0,Andre Green,AVS - Futebol SAD,796139,483088
11,4,21.05,105,18,20.0,266,597,863,84.52,18,48.65,19,26,1,0,0,0,105,2,0,3,1,91,26,0,0,10,6,52,0,1,0.68,0.08,13,0,0.0,0,0,1,43,39,4,0,0,,57,63.33,0,0,0,158,24,8,0,24,2103,1,12.0,0,0,0,1,0.0,0,0,0,0,238,4,0,6.54,0,0,0,0,0,0,0,0,0.0,0.0,0,1,2,0,0,5,50.0,0,41,27,65.85,8,50,10,19,75,59.06,90,373,648,1021,170.0,3,0,1412,11,4,0,Nelson Abbey,Rio Ave,1064359,3036
0,0,0.0,13,2,100.0,19,5,24,70.59,10,41.67,14,8,1,0,0,0,6,1,0,0,0,2,8,0,0,4,0,24,0,0,0.03,0.2,5,0,0.0,0,0,1,5,5,0,0,0,,6,37.5,0,0,1,10,3,4,0,4,282,2,1.0,0,0,0,0,0.0,0,0,0,0,22,2,0,6.54,0,0,0,0,0,0,0,0,0.0,0.0,0,2,1,2,1,0,0.0,0,2,1,50.0,4,0,2,2,16,40.0,2,29,5,34,52.3,3,0,78,4,2,0,Joao Gastao,CF Estrela Amadora,2218660,3035
0,0,0.0,4,2,100.0,10,7,17,94.44,1,50.0,1,5,0,0,0,0,7,0,0,0,0,1,3,0,0,0,0,5,0,0,0.01,0.01,4,0,0.0,0,0,0,1,1,0,0,0,,2,33.33,0,0,0,1,0,0,0,0,53,0,0.0,0,0,0,0,0.0,0,0,0,0,7,1,0,6.53,0,0,0,0,0,0,0,0,0.0,0.0,0,0,1,1,0,0,0.0,0,2,2,100.0,0,0,0,0,3,37.5,2,10,8,18,19.6,1,0,29,0,1,0,Gian Cabezas,FC Alverca,1099301,190328
11,0,0.0,39,28,36.36,145,314,459,79.0,26,59.09,18,22,1,0,0,0,77,1,0,2,2,67,22,0,0,6,13,74,0,0,0.32,0.14,27,0,0.0,5,0,1,33,31,2,0,0,,64,53.33,0,0,0,122,38,5,0,17,1360,0,10.0,0,0,0,1,0.0,0,0,0,0,183,0,0,6.53,0,0,0,0,0,0,0,0,0.0,0.0,0,2,1,0,1,16,57.14,0,34,24,70.59,5,37,28,5,90,54.88,77,215,366,581,143.7,3,0,925,15,5,0,Otavio,CF Estrela Amadora,2115909,3035
4,3,42.86,28,3,42.86,64,40,104,82.54,6,60.0,4,18,0,0,0,0,23,0,0,1,0,8,16,0,0,3,11,31,0,1,0.22,0.08,10,0,0.0,0,0,0,9,7,2,0,0,,20,42.55,0,0,0,22,5,6,0,4,412,0,1.0,0,0,0,0,0.0,0,0,0,0,40,4,0,6.53,0,0,0,0,0,0,0,0,0.0,0.0,0,0,3,1,1,2,40.0,0,17,9,52.94,6,5,5,7,26,45.61,7,80,46,126,104.5,3,0,204,1,1,0,Joel Silva,CD Nacional,1393991,3013
6,3,11.11,46,13,35.14,98,85,183,77.87,7,50.0,7,10,1,0,0,0,25,1,0,3,0,21,10,0,0,1,1,15,0,1,0.62,0.2,3,0,0.0,0,0,1,14,14,0,0,0,,17,68.0,0,0,0,52,5,7,0,7,589,1,7.0,0,0,0,0,0.0,0,0,0,0,108,2,0,6.53,0,0,0,0,0,0,0,0,0.0,0.0,0,2,3,2,0,2,40.0,0,7,4,57.14,7,20,5,27,24,61.54,37,131,104,235,65.3,5,0,418,9,1,0,Arnau Solà,FC Arouca,997025,25777
6,1,9.09,88,10,58.82,191,165,356,88.34,12,40.0,18,18,1,0,0,0,46,2,1,3,1,3,17,0,0,14,8,73,0,0,0.65,0.81,25,0,0.0,0,0,1,5,4,1,0,0,,33,37.5,0,0,0,47,3,6,0,9,768,1,1.0,0,0,0,0,0.0,0,0,0,0,95,7,0,6.53,0,0,0,0,0,0,0,0,0.0,0.0,0,6,3,4,2,10,52.63,0,15,8,53.33,6,14,19,11,45,38.14,17,225,178,403,111.0,9,0,532,9,3,0,João Simões,Sporting CP,1410209,3001
8,0,0.0,82,8,57.14,122,74,196,83.05,16,29.63,38,26,0,0,0,1,27,0,3,7,1,3,26,0,1,25,2,95,0,0,0.35,3.59,19,0,9.68,0,3,3,23,23,0,3,0,,47,45.19,2,0,1,40,1,8,0,16,1314,5,2.0,0,0,1,0,0.0,0,0,0,0,133,4,0,6.53,1,1,0,0,0,0,0,0,438.0,0.0,4,18,13,13,11,8,42.11,0,5,1,20.0,8,17,19,9,63,39.87,14,156,80,236,169.7,31,0,449,35,3,0,Nélson Oliveira,Vitória SC,42898,3009
0,0,0.0,20,4,66.67,36,20,56,71.79,18,51.43,17,19,1,0,0,0,14,0,1,3,0,4,15,0,0,6,1,30,0,0,0.08,0.94,6,0,0.0,0,0,1,9,7,2,0,0,,12,48.0,0,0,0,22,2,3,0,1,298,0,1.0,0,0,0,0,0.0,0,0,0,0,45,2,0,6.53,0,0,0,0,0,0,0,0,0.0,0.0,0,9,2,4,4,3,75.0,0,6,4,66.67,3,2,4,0,30,50.0,6,58,20,78,97.9,11,0,148,3,1,0,Lucas João,CD Nacional,253837,3013
8,4,12.5,57,16,41.03,139,137,276,83.89,8,47.06,9,17,0,0,0,0,33,1,0,2,1,34,16,0,0,5,13,43,0,1,0.47,0.3,12,0,0.0,0,0,0,23,22,1,0,0,,34,50.0,0,0,0,53,6,8,0,7,858,0,8.0,0,0,0,3,0.0,0,0,0,0,114,1,0,6.53,0,0,0,0,0,0,0,0,0.0,0.0,1,4,5,5,2,6,46.15,0,24,19,79.17,8,20,13,32,42,49.41,39,179,150,329,104.4,9,0,583,4,0,0,Amadou Dante,FC Arouca,982610,25777
1,0,0.0,16,1,100.0,29,24,53,82.81,6,46.15,7,4,0,0,0,0,6,0,0,1,0,1,4,0,0,1,1,10,1,0,0.06,0.05,2,0,0.0,0,0,0,2,1,1,0,0,,6,66.67,0,0,0,11,1,1,0,0,73,0,0.0,0,0,0,0,0.0,0,0,0,0,16,3,0,6.53,0,0,0,0,0,0,0,0,0.0,0.0,0,1,0,0,0,0,0.0,0,6,4,66.67,1,1,0,1,12,54.55,1,35,29,64,26.1,1,0,82,1,1,0,Tiago Brito,Estoril Praia,1651509,4500
41,15,18.07,95,36,36.36,191,176,367,69.77,30,61.22,19,27,0,0,0,0,78,2,0,5,1,69,27,0,0,2,15,73,0,0,1.19,0.36,34,0,0.0,0,0,0,42,38,4,0,0,,64,54.24,0,0,0,159,22,17,0,17,1551,0,8.0,0,1,0,0,0.0,0,0,0,0,291,5,0,6.52,0,0,0,0,0,0,0,0,0.0,0.0,0,4,7,6,0,6,60.0,0,40,23,57.5,16,87,10,83,94,56.29,99,301,225,526,176.1,11,0,1049,18,2,0,Kiki,AVS - Futebol SAD,324345,483088
16,1,50.0,24,31,55.36,64,307,371,85.09,23,62.16,14,15,0,0,0,0,29,0,2,1,2,46,15,0,0,3,5,39,0,0,0.1,1.07,13,0,0.0,9,0,0,17,16,1,0,0,,24,48.98,0,0,0,65,2,2,0,12,1024,0,3.0,0,0,0,2,0.0,0,0,0,0,76,0,0,6.52,0,0,0,0,0,0,0,0,0.0,0.0,0,6,0,5,0,1,20.0,0,19,7,36.84,2,35,5,2,47,54.65,56,98,338,436,97.8,6,1,552,4,4,0,Atanas Chernev,CF Estrela Amadora,1031642,3035
2,0,0.0,9,4,57.14,26,34,60,81.08,1,20.0,4,9,0,0,0,0,8,0,1,0,0,2,6,0,0,0,1,15,0,0,0.02,0.28,8,0,0.0,0,0,0,2,1,1,0,0,,4,26.67,0,0,0,14,3,3,0,1,138,0,0.0,0,0,0,0,0.0,0,0,0,0,18,0,0,6.52,0,0,0,0,0,0,0,0,0.0,0.0,0,2,0,2,0,1,33.33,0,3,1,33.33,3,3,3,0,5,25.0,7,35,39,74,39.1,2,0,93,0,0,0,Manu Silva,Benfica,1085740,3006
1,5,20.0,29,3,42.86,49,30,79,73.83,3,42.86,4,16,0,0,0,0,18,0,1,3,0,3,14,0,0,3,5,32,0,0,0.21,0.5,14,0,0.0,0,0,0,3,3,0,0,0,,17,37.78,0,0,0,28,1,2,0,4,408,0,1.0,0,0,0,0,0.0,0,0,0,0,72,2,0,6.51,0,0,0,0,0,0,0,0,0.0,0.0,2,5,4,4,2,5,38.46,0,3,3,100.0,2,2,13,25,20,38.46,7,70,37,107,91.2,9,0,205,9,0,0,Sergio Bermejo,Gil Vicente,949449,3010
25,2,20.0,110,25,46.3,243,195,438,79.35,25,39.06,39,28,1,0,0,0,93,0,1,9,2,32,28,0,0,22,26,144,1,1,0.57,1.2,41,0,4.35,0,1,2,22,22,0,1,0,,73,41.01,0,0,1,114,13,12,1,18,1628,0,17.0,0,0,0,1,0.0,0,0,0,0,205,9,0,6.51,1,0,0,0,0,0,0,0,1628.0,0.0,1,6,17,7,7,10,37.04,0,47,25,53.19,12,43,27,10,98,40.5,54,324,228,552,182.3,23,0,886,16,6,1,Chiheb Labidi,CD Nacional,1011997,3013
40,1,20.0,103,65,43.05,339,789,1128,85.13,35,60.34,23,30,0,0,0,0,119,0,2,1,5,120,30,0,0,17,16,102,0,1,0.36,0.95,30,0,0.0,16,0,0,45,34,11,0,0,,84,51.53,0,0,0,197,29,2,0,30,2619,1,14.0,2,0,0,2,0.0,0,0,0,0,262,1,0,6.51,1,0,0,0,0,0,0,0,0.0,0.0,0,5,1,3,2,23,57.5,0,47,28,59.57,2,91,40,5,119,53.85,151,447,878,1325,195.3,6,0,1721,14,4,1,Bastien Meupiyou,FC Alverca,1405973,190328
2,0,0.0,16,1,50.0,20,14,34,55.74,19,48.72,20,22,0,0,0,0,8,0,4,1,0,16,21,0,0,8,2,48,0,1,0.26,3.71,15,0,16.67,0,3,3,5,5,0,3,0,,8,22.22,1,0,0,27,0,4,1,3,453,5,0.0,0,0,0,0,0.0,0,0,0,0,79,3,0,6.5,0,1,0,0,0,0,0,0,151.0,0.0,0,18,0,8,9,1,16.67,0,1,0,0.0,4,2,6,4,27,36.0,2,41,20,61,136.6,18,0,170,6,1,0,Umar Abubakar,Famalicão,2194737,49531
4,0,0.0,48,0,0.0,88,51,139,68.81,37,42.05,51,26,0,0,0,0,34,0,10,9,1,12,26,0,0,19,5,127,0,0,0.39,5.55,35,0,15.38,0,4,4,23,18,5,4,0,,32,29.63,2,0,0,63,4,5,0,13,1160,1,1.0,0,0,0,1,0.0,0,0,0,1,156,6,0,6.5,0,2,0,0,0,0,0,0,290.0,0.0,0,21,5,7,10,14,38.89,0,6,5,83.33,5,8,36,5,69,35.2,1,139,63,202,169.1,26,2,417,12,1,0,Alejandro Marqués,Estoril Praia,929894,4500
1,0,0.0,0,0,0.0,0,5,5,62.5,0,0.0,0,1,0,0,0,0,2,0,0,0,0,0,1,0,0,0,0,0,0,0,0.0,,0,0,0.0,2,0,0,0,0,0,0,0,,0,0.0,0,0,0,3,0,0,0,0,18,0,0.0,0,0,0,0,0.0,0,0,0,0,3,0,0,6.5,0,0,0,0,0,0,0,0,0.0,0.0,0,0,0,0,0,0,0.0,0,0,0,0.0,0,2,0,0,0,0.0,3,1,7,8,6.5,0,0,10,0,0,0,João Costa,FC Porto,788365,3002
0,0,0.0,2,0,0.0,2,0,2,66.67,0,0.0,0,1,0,0,0,0,1,0,0,0,0,0,1,0,0,0,0,1,0,0,0.0,,0,0,0.0,0,0,0,0,0,0,0,0,,1,50.0,0,0,0,1,0,0,0,0,13,0,0.0,0,0,0,0,0.0,0,0,0,0,4,0,0,6.5,0,0,0,0,0,0,0,0,0.0,0.0,0,0,0,0,0,1,50.0,0,0,0,0.0,0,0,2,2,1,50.0,0,3,0,3,6.5,0,0,8,0,0,0,Ivan Lima,Benfica,1158181,3006
0,0,0.0,1,0,0.0,3,0,3,75.0,0,0.0,1,1,0,0,0,0,0,0,0,0,0,0,1,0,0,0,0,1,0,0,0.0,,0,0,0.0,0,0,0,0,0,0,0,0,,1,100.0,0,0,0,1,0,0,0,0,16,0,0.0,0,0,0,0,0.0,0,0,0,0,1,0,0,6.5,0,0,0,0,0,0,0,0,0.0,0.0,0,0,0,0,0,0,0.0,0,0,0,0.0,0,0,0,0,1,50.0,0,3,1,4,6.5,0,0,7,1,0,0,André Miranda,FC Porto,1963845,3002
0,0,0.0,4,1,100.0,5,4,9,81.82,0,0.0,0,1,0,0,0,0,0,0,0,0,0,1,1,0,0,0,0,0,0,0,0.01,,0,0,0.0,0,0,0,2,1,1,0,0,,1,100.0,0,0,0,2,0,1,0,0,42,0,0.0,0,0,0,0,0.0,0,0,0,0,6,0,0,6.5,0,0,0,0,0,0,0,0,0.0,0.0,0,0,0,0,0,0,0.0,0,1,0,0.0,1,0,0,1,1,100.0,1,6,5,11,6.5,0,0,18,0,0,0,João Vasconcelos,Sporting Braga,1828923,2999
0,0,0.0,1,0,0.0,1,2,3,100.0,0,0.0,0,1,0,0,0,0,0,0,0,0,0,0,1,0,0,0,0,0,0,0,0.0,,0,0,0.0,0,0,0,0,0,0,0,0,,0,0.0,0,0,0,0,0,0,0,0,10,0,0.0,0,0,0,0,0.0,0,0,0,0,2,0,0,6.5,0,0,0,0,0,0,0,0,0.0,0.0,0,0,0,0,0,0,0.0,0,0,0,0.0,0,0,0,0,0,0.0,0,1,2,3,6.5,0,0,5,0,0,0,Rodrigo Silva,Sporting Braga,1495877,2999
0,0,0.0,1,0,0.0,2,0,2,100.0,0,0.0,0,2,0,0,0,0,0,0,0,0,0,1,1,0,0,0,0,1,0,0,0.0,,1,0,0.0,0,0,0,1,1,0,0,0,,0,0.0,0,0,0,0,0,0,0,0,11,0,0.0,0,0,0,0,0.0,0,0,0,0,0,0,0,6.5,0,0,0,0,0,0,0,0,0.0,0.0,0,0,0,0,0,0,0.0,0,0,0,0.0,0,0,0,0,0,0.0,0,2,0,2,6.5,0,0,3,0,0,0,Khayon Edwards,Estoril Praia,1084291,4500
0,0,0.0,0,0,0.0,0,1,1,100.0,1,50.0,1,2,0,0,0,0,0,0,0,0,0,1,1,0,0,0,0,3,0,0,0.0,,2,0,0.0,0,0,0,0,0,0,0,0,,0,0.0,0,0,0,0,0,0,0,0,11,0,0.0,0,0,0,0,0.0,0,0,0,0,0,0,0,6.5,0,0,0,0,0,0,0,0,0.0,0.0,0,0,0,0,0,0,0.0,0,0,0,0.0,0,0,0,0,1,25.0,0,0,1,1,6.5,0,0,3,0,1,0,Gonçalo Maia Pereira,Gil Vicente,2158739,3010
0,0,0.0,1,0,0.0,2,0,2,40.0,0,0.0,1,3,0,0,0,0,0,0,0,0,0,2,3,0,0,0,3,5,0,0,0.0,,1,0,0.0,0,0,0,1,1,0,0,0,,4,50.0,0,0,0,3,0,0,0,0,28,0,0.0,0,0,0,0,0.0,0,0,0,0,3,0,0,6.5,0,0,0,0,0,0,0,0,0.0,0.0,0,0,0,0,0,0,0.0,0,1,1,100.0,0,2,0,0,4,44.44,2,4,1,5,19.5,0,0,16,3,0,0,Leonardo Buta,Rio Ave,1120038,3036
7,0,0.0,4,21,44.68,8,58,66,71.74,1,100.0,0,3,0,0,0,0,15,0,0,0,0,7,3,0,0,0,0,0,1,1,0.01,,0,0,0.0,13,0,0,7,6,1,0,0,-0.34,0,0.0,0,0,0,26,0,0,0,2,217,0,0.0,0,0,0,0,0.0,1,0,0,0,27,0,3,6.5,0,0,4,4,3,7,0,0,0.0,0.0,0,0,0,0,0,0,0.0,3,0,0,0.0,0,11,0,0,1,100.0,47,27,65,92,19.5,0,0,118,0,1,0,Daniel Azevedo,Casa Pia,878493,36365
0,0,0.0,4,2,66.67,11,25,36,85.71,0,0.0,0,4,0,0,0,0,3,0,0,0,0,2,3,0,0,1,2,6,0,0,0.02,,1,0,0.0,0,0,0,2,1,1,0,0,,2,25.0,0,0,0,6,0,0,0,1,121,0,0.0,0,0,0,0,0.0,0,0,0,0,13,1,0,6.5,0,0,0,0,0,0,0,0,0.0,0.0,0,0,0,0,0,0,0.0,0,2,0,0.0,0,0,2,0,2,25.0,3,14,28,42,19.5,0,0,65,0,0,0,Yanis da Rocha,Sporting Braga,1439201,2999
1,0,0.0,10,0,0.0,15,17,32,64.0,7,36.84,12,6,0,0,0,0,10,0,1,3,0,1,6,0,0,3,3,28,0,0,0.09,0.81,10,0,0.0,0,0,0,3,3,0,0,0,,10,38.46,0,0,0,18,3,1,0,3,300,1,0.0,0,0,0,0,0.0,0,0,0,0,34,0,0,6.5,0,0,0,0,0,0,0,0,0.0,0.0,1,6,2,4,1,1,33.33,0,4,3,75.0,1,2,3,1,17,37.78,2,28,22,50,39.0,8,0,100,6,0,0,Alan Godoy,CF Estrela Amadora,1015993,3035
0,0,0.0,7,0,0.0,13,4,17,70.83,1,14.29,6,9,0,0,0,0,7,0,0,1,0,1,9,0,0,7,1,19,0,0,0.02,0.39,2,0,0.0,0,0,0,5,4,1,0,0,,5,27.78,0,0,0,7,0,0,0,0,136,0,0.0,0,0,0,0,0.0,0,0,0,0,24,2,0,6.5,0,0,0,0,0,0,0,0,0.0,0.0,0,4,0,1,2,1,25.0,0,2,2,100.0,0,0,4,0,6,24.0,0,17,7,24,58.5,4,0,57,2,0,0,Mathis Clairicia,FC Alverca,1168617,190328
1,1,12.5,9,0,0.0,12,8,20,74.07,5,50.0,5,7,0,0,0,0,8,0,0,1,0,1,6,0,0,3,2,13,0,0,0.02,0.28,2,0,0.0,0,0,0,6,5,1,0,0,,7,46.67,0,0,0,7,1,0,0,0,125,0,0.0,0,0,0,0,0.0,0,0,0,0,28,2,0,6.5,0,0,0,0,0,0,0,0,0.0,0.0,0,4,0,2,1,2,50.0,0,3,2,66.67,0,1,4,8,12,48.0,3,18,9,27,39.0,4,0,69,2,1,0,Afonso Rodrigues,Tondela,1495552,38396
0,4,28.57,11,0,0.0,20,26,46,79.31,2,33.33,4,10,0,0,0,0,7,0,0,2,0,7,9,0,0,4,2,16,0,0,0.16,0.25,5,0,0.0,0,0,0,6,5,1,0,0,,9,42.86,0,0,0,12,0,5,0,2,248,2,1.0,0,0,0,0,0.0,0,0,0,0,39,2,0,6.5,0,0,0,0,0,0,0,0,0.0,0.0,0,2,3,2,1,0,0.0,0,6,3,50.0,5,0,1,14,11,40.74,1,27,31,58,58.5,5,0,119,3,0,0,Tom Moustier,CF Estrela Amadora,1210450,3035
1,2,20.0,43,3,50.0,83,47,130,76.47,2,18.18,9,21,0,0,0,0,22,1,0,4,0,6,19,0,0,15,5,56,0,0,0.76,0.19,10,0,0.0,0,0,0,11,9,2,0,0,,32,40.51,0,0,0,40,2,2,0,2,441,0,1.0,0,0,0,0,0.0,0,0,0,0,98,2,0,6.5,0,0,0,0,0,0,0,0,0.0,0.0,0,3,2,1,0,14,43.75,0,12,7,58.33,2,7,32,10,34,37.78,6,116,54,170,123.5,5,0,306,6,1,0,Antonis Papakanellos,Rio Ave,1196014,3036
10,4,44.44,33,11,34.38,74,90,164,79.61,7,58.33,5,7,0,0,0,0,29,1,0,2,1,23,7,0,0,5,5,27,0,1,0.12,0.08,9,0,0.0,0,0,0,9,9,0,0,0,,19,46.34,0,0,0,42,6,2,0,6,502,0,0.0,0,0,0,0,0.0,0,0,0,0,69,0,0,6.5,0,0,0,0,0,0,0,0,0.0,0.0,0,1,1,0,0,2,40.0,0,9,6,66.67,2,20,5,9,26,49.06,32,103,103,206,45.5,2,0,333,8,3,0,Fabiano Souza,Moreirense,1130513,3014
1,0,0.0,3,2,100.0,14,13,27,81.82,1,25.0,3,3,0,0,0,0,4,0,0,0,0,5,3,0,0,0,1,8,0,0,0.01,0.04,1,0,0.0,0,0,0,2,2,0,0,0,,6,54.55,0,0,0,6,4,0,0,0,70,0,0.0,0,0,0,0,0.0,0,0,0,0,12,1,0,6.5,0,0,0,0,0,0,0,0,0.0,0.0,0,1,0,0,1,0,0.0,0,3,2,66.67,0,1,4,0,7,46.67,2,19,14,33,19.5,1,0,64,3,0,0,Eric da Silva Moreira,Rio Ave,1418646,3036
5,1,6.25,52,4,66.67,71,11,82,76.64,0,0.0,5,15,0,0,0,0,14,1,0,3,0,4,14,0,1,5,9,38,0,0,0.91,0.38,11,0,0.0,0,0,0,6,5,1,0,0,,26,44.07,0,0,1,25,0,6,0,3,401,1,0.0,0,0,0,0,0.0,0,0,0,0,73,2,0,6.49,1,0,0,0,0,0,0,0,0.0,0.0,0,3,7,4,3,12,57.14,0,5,5,100.0,6,9,21,16,26,40.63,6,90,17,107,90.9,10,0,216,9,3,0,Fabio Blanco,Vitória SC,1130363,3009
2,1,5.0,23,1,20.0,30,13,43,55.84,1,25.0,3,11,0,0,0,0,16,2,1,2,0,4,11,0,0,2,6,29,0,0,0.37,0.81,4,0,0.0,0,0,0,11,11,0,0,0,,25,49.02,0,0,0,34,7,5,0,5,460,3,0.0,0,0,0,0,0.0,0,0,0,0,83,0,0,6.49,0,0,0,0,0,0,0,0,0.0,0.0,0,5,2,2,3,11,44.0,0,7,6,85.71,5,4,25,20,26,47.27,5,57,20,77,71.4,7,0,194,7,0,0,Yarlen,Tondela,1807776,38396
0,0,0.0,33,0,0.0,57,49,106,72.6,26,35.14,48,21,2,0,0,0,18,4,4,3,0,11,21,0,1,15,3,101,0,0,0.94,2.48,23,0,5.56,0,1,3,19,17,2,1,0,,42,44.21,0,0,1,40,1,12,0,10,921,1,2.0,0,0,0,1,0.0,0,0,0,0,111,2,0,6.49,1,1,0,0,0,0,0,0,921.0,0.0,0,14,4,8,7,6,30.0,0,15,13,86.67,12,4,20,4,68,40.24,1,85,61,146,136.3,18,0,326,22,2,0,Dylan Nandín,FC Arouca,1510444,25777
1,7,29.17,18,2,22.22,37,21,58,68.24,6,42.86,8,20,0,0,0,0,19,1,0,1,0,4,19,0,0,8,11,57,0,0,0.32,0.2,4,0,0.0,0,0,0,8,7,1,0,0,,25,33.78,0,0,0,27,3,6,0,1,371,1,0.0,0,0,0,0,0.0,0,0,0,0,100,3,0,6.49,0,0,0,0,0,0,0,0,0.0,0.0,1,2,4,4,1,8,23.53,0,11,5,45.45,6,5,34,24,31,35.23,9,61,24,85,123.3,6,0,224,6,1,0,Brian Mansilla,FC Arouca,1116649,25777
9,0,0.0,61,20,51.28,169,199,368,83.26,11,64.71,6,17,1,0,0,0,66,0,0,3,0,24,17,0,0,11,17,58,0,1,0.3,0.24,19,0,0.0,0,0,1,24,20,4,0,0,,41,44.09,0,0,0,74,11,5,0,16,1176,0,4.0,0,0,0,0,0.0,0,0,0,0,114,2,0,6.49,1,0,0,0,0,0,0,0,0.0,0.0,0,5,6,5,3,12,66.67,0,23,14,60.87,5,21,18,2,52,47.27,39,212,230,442,110.3,11,0,605,6,3,1,Sabit Abdulai,FC Alverca,1031485,190328
1,0,0.0,20,4,80.0,50,61,111,74.0,26,38.81,41,21,1,0,0,0,18,1,10,1,0,5,21,0,0,11,7,84,0,0,0.42,3.3,28,0,6.25,0,1,2,14,12,2,1,0,,28,39.44,0,0,2,39,1,4,0,6,740,2,5.0,0,0,0,1,0.0,0,0,0,0,90,6,0,6.49,0,1,0,0,0,0,0,0,740.0,0.0,0,16,0,9,6,3,33.33,0,3,1,33.33,4,1,9,3,54,39.13,5,79,71,150,136.2,16,0,268,22,5,0,Yan Maranhão,Moreirense,1188685,3014
2,2,14.29,40,6,54.55,79,80,159,85.48,0,0.0,13,14,1,0,0,0,23,2,0,5,1,10,14,0,0,5,5,46,0,0,0.65,0.62,14,0,0.0,0,0,1,11,10,1,0,0,,24,42.11,0,0,1,27,7,5,0,5,671,1,0.0,0,0,0,0,0.0,0,0,0,0,66,2,0,6.49,0,0,0,0,0,0,0,0,0.0,0.0,1,5,10,4,6,2,18.18,0,11,6,54.55,5,7,11,14,24,34.29,11,103,83,186,90.8,15,0,307,11,3,0,Nile John,Moreirense,1001848,3014
14,0,0.0,41,42,50.0,142,408,550,88.57,22,48.89,23,17,0,0,0,0,19,0,0,1,0,81,17,0,0,0,1,36,1,0,0.07,0.76,13,0,20.0,5,1,1,34,31,3,1,0,,15,53.57,1,0,0,71,11,1,0,13,1158,0,14.0,0,0,0,0,0.0,0,0,0,0,73,0,0,6.48,0,0,0,0,0,0,0,0,1158.0,0.0,0,5,0,2,2,1,50.0,0,9,5,55.56,1,32,2,0,37,50.68,84,186,435,621,110.2,5,0,771,6,3,0,Boris Popović,FC Arouca,902050,25777
24,1,8.33,74,41,40.2,185,347,532,81.6,14,42.42,19,26,0,0,0,0,58,0,0,0,5,107,26,0,0,5,7,60,2,2,0.47,0.06,25,0,0.0,12,0,0,36,31,5,0,0,,41,50.0,0,0,0,120,13,3,0,21,2006,1,12.0,0,0,0,1,0.0,0,0,0,0,180,1,0,6.48,0,0,0,0,0,0,0,0,0.0,0.0,0,1,0,0,1,7,58.33,0,22,6,27.27,3,55,12,12,55,47.83,102,263,389,652,168.5,1,0,979,12,9,0,André Geraldes,Casa Pia,125039,36365
1,0,0.0,8,0,0.0,15,7,22,57.89,13,56.52,10,5,1,0,0,0,4,1,0,0,0,0,5,0,0,3,1,20,0,0,0.07,0.04,5,0,0.0,0,0,1,0,0,0,0,0,,4,28.57,0,0,0,16,0,3,0,1,129,1,0.0,0,0,0,0,0.0,0,0,0,0,28,0,0,6.48,0,0,0,0,0,0,0,0,0.0,0.0,0,1,0,0,1,1,50.0,0,1,1,100.0,3,1,2,0,17,45.95,0,27,11,38,32.4,1,0,60,2,1,0,Anthony Carter,Santa Clara,370010,3011
0,0,0.0,3,0,0.0,5,3,8,80.0,1,16.67,5,7,0,0,0,0,2,0,0,0,0,0,5,0,0,4,2,14,0,0,0.0,,4,0,0.0,0,0,0,1,0,1,0,0,,2,18.18,0,0,0,2,0,0,0,0,70,0,0.0,0,0,0,0,0.0,0,0,0,0,10,0,0,6.48,0,0,0,0,0,0,0,0,0.0,0.0,0,0,0,0,0,1,100.0,0,1,1,100.0,0,0,1,1,3,17.65,0,6,4,10,32.4,0,0,22,0,1,0,Martim Gustavo Watts,CD Nacional,1410338,3013
3,2,16.67,37,2,50.0,57,29,86,61.43,36,43.37,47,24,1,0,0,0,29,2,3,4,0,10,24,0,0,14,3,86,0,0,0.94,1.89,17,0,0.0,0,0,1,19,16,3,0,0,,23,37.1,0,0,0,54,2,10,0,10,962,6,0.0,0,0,0,0,0.0,0,0,0,0,118,6,0,6.48,0,0,0,0,0,0,0,0,0.0,0.0,0,19,3,11,7,10,55.56,0,5,2,40.0,10,6,18,12,59,40.69,4,101,39,140,155.4,22,0,295,8,2,0,Dailon Rocha Livramento,Casa Pia,1155358,36365
2,0,0.0,8,4,66.67,11,15,26,72.22,2,22.22,7,8,0,0,0,0,3,0,1,0,0,3,8,0,0,0,0,13,0,0,0.38,0.53,2,0,0.0,0,0,0,4,4,0,0,0,,4,40.0,0,0,0,10,1,1,0,1,144,0,0.0,0,0,0,0,0.0,0,0,0,0,21,1,0,6.48,0,0,0,0,0,0,0,0,0.0,0.0,0,1,0,1,0,1,20.0,0,1,1,100.0,1,4,5,3,6,31.58,6,18,18,36,51.8,1,0,63,2,0,0,Otar Mamageishvili,Famalicão,1006067,49531
0,0,0.0,6,1,100.0,10,5,15,78.95,1,50.0,1,5,0,0,0,0,3,0,0,0,0,1,4,0,0,3,1,11,0,0,0.01,0.01,6,0,0.0,0,0,0,1,1,0,0,0,,4,28.57,0,0,0,4,0,2,0,1,92,0,0.0,0,0,0,0,0.0,0,0,0,0,10,0,0,6.48,0,0,0,0,0,0,0,0,0.0,0.0,0,1,0,1,0,0,0.0,0,2,2,100.0,2,0,1,0,5,31.25,1,12,7,19,25.9,1,0,33,2,2,0,Karem Zoabi,Rio Ave,1214878,3036
1,3,17.65,52,1,20.0,78,39,117,74.05,7,25.93,20,26,1,0,0,0,24,3,0,2,0,9,26,0,1,10,6,60,0,0,0.78,0.6,17,0,9.09,0,1,2,10,8,2,1,0,,33,45.21,0,0,1,41,5,12,1,6,712,3,1.0,0,0,0,0,0.0,0,0,0,0,92,6,0,6.47,1,0,0,0,0,0,0,0,712.0,0.0,0,6,5,8,1,4,33.33,0,6,3,50.0,12,5,12,17,40,40.0,5,103,55,158,168.3,11,0,293,23,2,0,Martin Fernández,Gil Vicente,1083277,3010
29,8,15.38,139,29,38.67,303,388,691,82.66,12,50.0,12,27,2,0,0,0,111,2,1,2,1,46,27,0,0,9,7,59,0,2,0.86,0.43,20,0,0.0,0,0,2,35,31,4,0,0,,45,48.91,0,0,0,145,13,12,0,24,1853,0,2.0,0,0,0,0,0.0,0,0,0,0,254,5,0,6.47,0,0,0,0,0,0,0,0,0.0,0.0,0,6,8,8,4,4,25.0,0,23,15,65.22,12,62,16,52,57,49.14,75,398,438,836,174.7,14,0,1221,19,3,0,Pedro Amaral,Estoril Praia,834247,4500
8,7,16.28,94,16,35.56,208,196,404,82.28,6,40.0,9,26,1,0,0,0,57,1,3,2,1,34,26,0,0,13,12,67,0,1,0.7,1.43,20,0,0.0,0,0,1,20,16,4,0,0,,40,40.82,0,0,1,87,12,8,0,13,1248,1,0.0,0,0,0,1,0.0,0,0,0,0,218,5,0,6.47,0,0,0,0,0,0,0,0,0.0,0.0,0,9,2,9,0,7,35.0,0,24,17,70.83,8,17,20,43,46,40.71,45,273,218,491,168.2,11,0,867,10,5,0,Pedro Carvalho,Estoril Praia,1511977,4500
15,0,0.0,14,16,48.48,40,159,199,85.41,11,73.33,4,6,0,0,0,0,17,0,0,2,0,29,6,0,0,0,1,10,0,1,0.02,0.28,6,0,14.29,2,1,1,15,13,2,1,0,,9,60.0,1,0,0,34,7,0,0,6,497,1,5.0,0,0,0,0,0.0,0,0,0,0,39,0,0,6.47,0,0,0,0,0,0,0,0,497.0,0.0,0,6,1,4,1,1,100.0,0,5,3,60.0,0,21,1,0,20,66.67,33,59,174,233,38.8,7,0,305,3,0,0,Kaique Rocha,Casa Pia,963990,36365
16,9,22.5,56,18,33.96,125,301,426,85.54,3,27.27,8,15,0,0,0,0,37,1,0,0,2,29,15,0,1,2,2,31,0,1,0.82,,15,0,0.0,0,0,0,11,10,1,0,0,,26,53.06,0,0,0,72,6,7,0,9,818,0,0.0,0,0,0,1,0.0,0,0,0,0,127,2,0,6.47,1,0,0,0,0,0,0,0,0.0,0.0,0,0,0,0,0,4,40.0,0,12,7,58.33,7,36,10,40,29,48.33,53,163,335,498,97.0,0,0,706,10,1,0,Álvaro Martínez,Moreirense,1175474,3014
1,0,0.0,6,0,0.0,27,14,41,75.93,1,11.11,8,10,0,0,0,0,4,0,0,3,0,3,9,0,0,1,0,15,0,0,0.02,0.18,4,0,0.0,0,0,0,3,2,1,0,0,,10,58.82,0,0,0,13,0,1,0,1,179,1,0.0,0,0,0,0,0.0,0,0,0,0,26,0,0,6.47,0,0,0,0,0,0,0,0,0.0,0.0,0,3,1,1,0,2,50.0,0,4,1,25.0,1,2,4,2,11,42.31,3,34,20,54,58.2,4,0,90,4,0,0,Marc Gual,Rio Ave,860683,3036
8,1,25.0,23,15,57.69,69,123,192,83.12,11,64.71,6,9,0,0,0,0,17,0,1,1,0,21,9,0,0,2,1,19,0,0,0.07,0.57,13,0,16.67,0,1,1,16,15,1,1,0,,17,56.67,0,0,0,39,2,2,0,6,587,0,3.0,0,0,0,4,0.0,0,0,0,0,58,0,0,6.46,0,1,0,0,0,0,0,0,587.0,0.0,0,6,0,3,2,3,75.0,0,6,2,33.33,2,14,4,4,28,59.57,26,92,139,231,58.1,6,0,329,8,1,0,Sidi Bane,AVS - Futebol SAD,1211830,483088
1,1,20.0,16,1,50.0,24,13,37,86.05,6,19.35,25,14,0,0,0,0,11,0,4,0,0,2,14,0,0,11,2,54,0,0,0.18,0.96,11,0,12.5,0,1,1,10,8,2,1,0,,17,36.96,1,0,1,6,0,3,0,1,413,6,0.0,0,0,0,0,0.0,0,0,0,0,50,4,0,6.45,0,0,0,0,0,0,0,0,413.0,0.0,0,8,0,3,5,2,22.22,0,8,4,50.0,3,2,9,5,23,29.87,2,30,13,43,90.3,8,0,130,7,1,0,Yefrei Rodriguez,Tondela,1478262,38396
4,8,21.62,45,3,21.43,83,63,146,69.86,8,40.0,12,16,1,0,0,0,26,2,1,3,0,15,16,0,0,5,5,36,1,1,0.89,0.68,7,0,0.0,0,0,1,12,9,3,0,0,,20,45.45,0,0,0,63,7,7,0,6,570,1,1.0,0,0,0,0,0.0,0,0,0,0,127,4,0,6.45,0,0,0,0,0,0,0,0,0.0,0.0,0,6,3,3,3,6,46.15,0,13,4,30.77,7,14,13,37,28,43.75,14,125,84,209,103.2,9,0,411,1,2,0,Gonçalo Costa,Estoril Praia,1087354,4500
0,0,0.0,1,2,66.67,4,9,13,81.25,0,0.0,0,3,0,0,0,0,7,0,0,0,0,1,2,0,0,0,0,4,0,1,0.0,,4,0,0.0,0,0,0,1,1,0,0,0,,2,33.33,0,0,0,3,0,0,0,0,39,0,0.0,0,0,0,0,0.0,0,0,0,0,6,0,0,6.45,0,0,0,0,0,0,0,0,0.0,0.0,0,0,0,0,0,0,0.0,0,1,0,0.0,0,1,0,1,2,33.33,3,5,11,16,12.9,0,0,25,1,1,0,Yahya Kalley,CF Estrela Amadora,1050457,3035
0,0,0.0,1,0,0.0,1,2,3,75.0,1,50.0,1,5,0,0,0,0,1,0,0,1,0,0,2,0,0,0,0,2,0,0,0.0,0.16,1,0,0.0,0,0,0,1,1,0,0,0,,1,50.0,0,0,0,1,0,0,0,0,29,0,0.0,0,0,0,0,0.0,0,0,0,0,2,0,0,6.45,0,0,0,0,0,0,0,0,0.0,0.0,0,2,0,0,1,0,0.0,0,0,0,0.0,0,0,0,0,2,50.0,0,2,2,4,12.9,2,0,8,1,0,0,Henrique Araújo,Benfica,998870,3006
0,0,0.0,2,0,0.0,2,0,2,66.67,0,0.0,0,2,0,0,0,0,1,0,0,1,0,1,2,0,0,1,0,4,0,1,0.0,0.07,1,0,0.0,0,0,0,1,0,1,0,0,,2,33.33,0,0,0,1,0,0,0,0,23,0,0.0,0,0,0,0,0.0,0,0,0,0,6,0,0,6.45,0,0,0,0,0,0,0,0,0.0,0.0,0,1,1,0,1,1,33.33,0,0,0,0.0,0,0,3,0,2,33.33,0,2,1,3,12.9,2,0,13,1,0,0,Rafael Lobato,Rio Ave,1485731,3036
0,0,0.0,0,0,0.0,2,4,6,66.67,2,66.67,1,2,0,0,0,0,1,0,0,0,0,1,2,0,0,3,0,6,0,0,0.0,0.02,2,0,0.0,0,0,0,2,1,1,0,0,,1,16.67,0,0,0,3,0,0,0,0,46,0,0.0,0,0,0,0,0.0,0,0,0,0,13,0,0,6.45,0,0,0,0,0,0,0,0,0.0,0.0,0,0,1,1,0,0,0.0,0,0,0,0.0,0,0,0,1,3,33.33,0,4,5,9,12.9,1,0,23,1,0,0,Romualdas Jansonas,FC Arouca,1145658,25777
2,0,0.0,15,0,0.0,39,23,62,83.78,2,25.0,6,9,0,0,0,0,9,0,0,0,0,2,6,0,0,4,1,16,0,1,0.05,0.02,2,0,0.0,0,0,0,3,3,0,0,0,,8,44.44,0,0,0,12,2,0,0,1,161,2,0.0,0,0,0,0,0.0,0,0,0,0,21,1,0,6.45,0,0,0,0,0,0,0,0,0.0,0.0,0,0,1,1,0,1,25.0,0,2,1,50.0,0,4,4,0,10,38.46,2,47,27,74,38.7,1,0,106,5,0,0,Jimi Gower,Moreirense,1411034,3014
3,0,0.0,44,5,62.5,86,70,156,75.0,37,49.33,38,22,0,0,0,1,27,0,6,7,2,22,21,0,0,14,5,86,0,0,0.3,3.75,24,0,3.57,0,1,1,27,24,3,1,0,,21,30.43,0,0,2,52,3,8,1,14,1248,12,1.0,0,0,1,0,0.0,0,0,0,1,101,3,0,6.45,0,0,0,0,0,0,0,0,1248.0,0.0,0,26,2,12,9,3,37.5,0,5,4,80.0,8,5,8,3,58,40.28,8,125,83,208,135.4,28,0,376,13,3,0,Jordan Siebatcheu,Tondela,788786,38396
18,0,0.0,56,48,35.82,138,298,436,73.28,66,62.26,40,25,0,0,0,0,38,0,0,2,5,147,24,0,0,1,8,79,1,1,0.26,0.3,29,0,0.0,3,0,0,36,33,3,0,0,,32,45.07,0,0,0,159,27,3,0,22,1930,0,15.0,0,0,0,2,0.0,0,0,0,1,188,0,0,6.45,0,0,0,0,0,0,0,0,0.0,0.0,0,4,1,2,1,1,20.0,0,25,15,60.0,3,54,5,3,98,55.37,134,247,348,595,154.7,5,1,917,6,4,0,João Goulart,Casa Pia,1151667,36365
0,0,0.0,8,1,25.0,16,11,27,69.23,5,31.25,11,12,0,0,0,0,7,0,1,0,0,8,12,0,0,6,2,28,0,1,0.03,0.33,7,0,0.0,0,0,0,6,6,0,0,0,,14,45.16,0,0,0,12,1,0,0,3,335,0,1.0,0,0,0,0,0.0,0,0,0,0,37,3,0,6.44,0,0,0,0,0,0,0,0,0.0,0.0,0,4,0,1,3,4,50.0,0,4,2,50.0,0,2,8,3,19,40.43,4,26,13,39,77.3,4,0,106,7,0,0,Leandro Antonetti,CF Estrela Amadora,1158547,3035
22,0,0.0,72,26,41.27,174,203,377,79.37,13,39.39,20,18,0,0,0,0,59,0,0,2,0,27,18,0,0,5,13,81,1,0,0.2,0.41,36,0,0.0,0,0,0,35,32,3,0,0,,43,41.35,0,0,0,98,14,3,0,16,1326,0,3.0,0,0,0,0,0.0,0,0,0,0,137,4,0,6.44,1,0,0,0,0,0,0,0,0.0,0.0,0,3,4,4,1,1,11.11,0,29,20,68.97,3,49,9,9,56,40.88,63,239,236,475,115.9,7,0,644,13,5,1,Jaume Grau,AVS - Futebol SAD,838633,483088
2,0,0.0,41,3,100.0,66,30,96,80.67,12,36.36,21,13,0,0,0,0,19,0,3,3,4,3,13,0,0,11,3,46,0,0,0.36,3.36,9,0,12.5,0,2,2,3,3,0,2,0,,15,37.5,0,0,2,23,3,8,1,8,717,0,0.0,0,0,1,0,100.0,0,1,0,0,53,7,0,6.44,0,1,0,0,0,0,0,0,358.5,0.0,0,10,6,7,6,3,50.0,0,2,1,50.0,8,2,6,2,27,36.99,3,83,36,119,83.7,16,0,196,10,1,0,Amine El Ouazzani,Sporting Braga,1014048,2999
11,3,16.67,42,7,43.75,66,100,166,74.44,5,38.46,8,11,0,0,0,0,37,1,0,1,1,9,11,0,0,8,6,44,0,0,0.22,0.08,13,0,0.0,0,0,0,13,13,0,0,0,,27,42.86,0,0,0,57,6,3,0,4,524,1,0.0,0,0,0,0,0.0,0,0,0,0,105,0,0,6.44,0,0,0,0,0,0,0,0,0.0,0.0,0,1,1,0,1,3,25.0,0,17,13,76.47,3,21,12,18,32,42.11,16,104,119,223,70.8,2,0,376,7,2,0,Guilherme Montóia,CF Estrela Amadora,1006996,3035
0,0,0.0,10,0,0.0,12,4,16,57.14,4,44.44,5,9,1,0,0,0,5,1,1,2,0,1,9,0,0,7,0,18,0,0,0.17,1.32,6,0,16.67,0,1,2,5,4,1,1,0,,3,18.75,0,0,0,12,0,5,1,1,250,2,0.0,0,0,0,0,0.0,0,0,0,0,29,2,0,6.43,0,0,0,0,0,0,0,0,250.0,0.0,0,5,1,1,3,1,100.0,0,2,2,100.0,5,1,1,0,7,28.0,0,21,7,28,57.9,6,0,66,0,2,0,Terem Moffi,FC Porto,894396,3002
0,0,0.0,0,0,0.0,1,0,1,33.33,1,100.0,0,3,0,0,0,0,0,0,0,0,0,1,3,0,0,0,1,1,0,0,0.0,0.02,0,0,0.0,0,0,0,0,0,0,0,0,,1,50.0,0,0,0,2,0,0,0,0,30,1,0.0,0,0,0,0,0.0,0,0,0,0,3,0,0,6.43,0,0,0,0,0,0,0,0,0.0,0.0,0,1,0,1,0,1,100.0,0,0,0,0.0,0,0,1,1,2,66.67,0,3,0,3,19.3,1,0,8,0,0,0,Fally Mayulu,FC Arouca,1185196,25777
5,0,0.0,25,1,10.0,42,37,79,83.16,2,50.0,2,4,0,0,0,0,15,0,0,0,0,5,4,0,0,0,3,13,0,0,0.04,0.06,8,0,0.0,0,0,0,3,3,0,0,0,,7,38.89,0,0,0,16,1,0,0,2,227,0,1.0,0,0,0,0,0.0,0,0,0,0,34,1,0,6.43,0,0,0,0,0,0,0,0,0.0,0.0,0,1,2,3,0,0,0.0,0,4,2,50.0,0,10,0,6,9,40.91,10,58,37,95,25.7,3,0,148,3,2,0,Rémy Vita,Tondela,1035696,38396
0,1,50.0,31,1,20.0,61,55,116,71.17,17,45.95,20,13,2,0,0,0,15,2,3,3,0,9,13,0,0,13,1,48,0,0,0.51,2.16,7,0,8.33,0,1,3,14,13,1,1,0,,13,31.71,0,0,0,47,1,8,0,11,917,2,0.0,0,0,1,0,100.0,0,1,0,0,102,3,0,6.42,0,1,0,0,0,0,0,0,917.0,0.0,0,11,1,3,6,1,11.11,0,2,1,50.0,8,3,9,2,30,38.46,5,101,62,163,83.5,12,0,273,10,2,0,Wendel,Santa Clara,937265,3011
0,0,0.0,2,0,0.0,3,2,5,55.56,1,16.67,5,6,0,0,0,0,3,0,0,0,0,1,5,0,0,1,0,13,0,0,0.0,0.07,5,0,0.0,0,0,0,0,0,0,0,0,,3,27.27,0,0,0,4,0,0,0,0,61,0,0.0,0,0,0,0,0.0,0,0,0,0,10,1,0,6.42,0,0,0,0,0,0,0,0,0.0,0.0,0,1,0,1,0,1,33.33,0,1,1,100.0,0,1,3,0,4,23.53,1,6,3,9,32.1,1,0,23,1,0,0,Felipe Lima,FC Alverca,1459763,190328
1,2,12.5,20,1,50.0,39,27,66,75.0,3,33.33,6,7,0,0,0,0,13,0,2,1,0,0,7,0,0,2,3,17,0,0,0.23,1.06,4,0,0.0,0,0,0,9,9,0,0,0,,13,54.17,0,0,0,22,0,4,0,2,233,0,0.0,0,0,0,1,0.0,0,0,0,0,52,2,0,6.41,0,0,0,0,0,0,0,0,0.0,0.0,0,4,1,3,1,2,40.0,0,5,4,80.0,4,2,5,16,16,48.48,2,54,34,88,44.9,5,0,148,6,0,0,Bruno Lourenço,AVS - Futebol SAD,984810,483088
15,1,33.33,35,25,32.89,113,295,408,81.44,16,45.71,19,13,0,0,0,0,36,0,0,6,2,64,12,0,0,0,1,33,1,0,0.16,0.68,13,0,11.11,5,1,1,21,20,1,1,0,,17,54.84,1,0,0,93,9,0,0,10,1000,1,4.0,0,0,0,0,0.0,0,0,0,0,105,0,0,6.41,0,0,0,0,0,0,0,0,1000.0,0.0,0,9,0,2,1,2,100.0,0,5,3,60.0,0,38,2,3,33,50.0,76,171,330,501,76.9,9,0,647,10,1,0,Miguel Nóbrega,Vitória SC,1066233,3009
3,0,0.0,4,3,60.0,10,7,17,65.38,2,50.0,2,2,0,0,0,0,5,0,0,0,0,3,2,0,0,2,0,7,1,0,0.01,0.69,1,0,100.0,0,1,1,3,3,0,1,0,,7,58.33,0,0,0,9,0,2,0,2,128,0,0.0,0,0,0,0,0.0,0,0,0,0,18,1,0,6.4,0,1,0,0,0,0,0,0,128.0,0.0,0,1,0,0,1,2,50.0,0,2,2,100.0,2,5,4,0,9,56.25,5,14,12,26,12.8,1,0,61,4,0,0,Fábio Ronaldo,CF Estrela Amadora,1134514,3035
3,0,0.0,3,9,69.23,6,35,41,91.11,1,100.0,0,1,0,0,0,0,12,0,0,0,0,0,1,0,0,0,0,0,0,0,0.0,,0,0,0.0,11,0,0,2,1,1,0,0,-1.21,0,0.0,0,2,0,4,0,0,0,1,90,0,0.0,0,0,0,0,0.0,0,0,0,0,4,0,0,6.4,0,0,1,1,0,1,0,0,0.0,0.0,0,0,0,0,0,0,0.0,1,0,0,0.0,0,3,0,0,1,100.0,13,9,36,45,6.4,0,0,56,0,0,0,Tiago Sá,Sporting Braga,344159,2999
0,0,0.0,1,0,0.0,2,0,2,100.0,0,0.0,0,1,0,0,0,0,0,0,0,0,0,0,1,0,0,1,1,2,0,0,0.01,,0,0,0.0,0,0,0,0,0,0,0,0,,2,50.0,0,0,0,0,0,0,0,0,8,0,0.0,0,0,0,0,0.0,0,0,0,0,1,0,0,6.4,0,0,0,0,0,0,0,0,0.0,0.0,0,0,0,0,0,0,0.0,0,2,0,0.0,0,0,0,0,2,50.0,0,2,0,2,6.4,0,0,7,0,0,0,Ejike Opara,Vitória SC,1617764,3009
0,2,66.67,3,2,50.0,7,21,28,82.35,0,0.0,0,1,0,0,0,0,7,1,0,0,0,1,1,0,0,1,1,4,0,0,0.05,,0,0,0.0,0,0,0,3,2,1,0,0,,3,42.86,0,0,0,6,3,1,0,1,81,0,1.0,0,0,0,0,0.0,0,0,0,0,11,0,0,6.4,0,0,0,0,0,0,0,0,0.0,0.0,0,0,0,0,0,2,50.0,0,1,1,100.0,1,4,4,3,3,42.86,4,9,25,34,6.4,0,0,60,0,0,0,Edson Mucuana,AVS - Futebol SAD,1401840,483088
3,0,0.0,8,2,66.67,14,12,26,72.22,6,33.33,12,9,0,0,0,0,5,0,3,2,0,2,9,0,0,1,0,17,0,0,0.03,1.77,3,0,0.0,0,0,0,3,3,0,0,0,,2,28.57,0,0,1,10,1,1,0,0,133,0,0.0,0,0,0,0,0.0,0,0,0,0,19,1,0,6.4,0,0,0,0,0,0,0,0,0.0,0.0,0,8,2,4,4,0,0.0,0,1,1,100.0,1,4,1,1,8,32.0,3,20,16,36,57.6,10,0,63,1,0,0,Tiago Leite,FC Alverca,1528310,190328
51,1,33.33,49,64,44.14,159,576,735,83.9,26,53.06,23,26,0,0,0,0,89,0,0,0,2,185,26,0,1,2,11,57,0,3,0.2,0.17,20,0,0.0,8,0,0,52,46,6,0,0,,44,56.41,0,0,0,141,36,5,0,26,2165,1,16.0,0,0,0,0,0.0,0,0,0,0,162,2,0,6.4,1,0,0,0,0,0,0,0,0.0,0.0,0,2,2,3,1,6,75.0,0,21,11,52.38,5,107,8,3,70,55.12,145,260,616,876,166.4,4,0,1233,17,6,0,Cristian Castro,AVS - Futebol SAD,1067320,483088
0,1,25.0,6,1,100.0,15,5,20,90.91,1,33.33,2,2,0,0,0,0,2,0,0,1,0,2,2,0,0,1,2,8,0,0,0.01,0.09,2,0,0.0,0,0,0,2,1,1,0,0,,2,25.0,0,0,0,2,0,1,0,0,44,0,0.0,0,0,0,0,0.0,0,0,0,0,7,0,0,6.4,0,0,0,0,0,0,0,0,0.0,0.0,2,0,3,0,2,1,50.0,0,1,1,100.0,1,0,2,4,3,27.27,1,17,5,22,12.8,3,0,35,0,1,0,João Novais,Rio Ave,233370,3036
1,0,0.0,6,1,50.0,14,9,23,76.67,1,25.0,3,3,0,0,0,0,4,0,0,1,0,0,3,0,0,0,1,5,0,0,0.02,0.05,0,0,0.0,0,0,0,0,0,0,0,0,,0,0.0,0,0,0,7,0,0,0,0,57,0,1.0,0,0,0,0,0.0,0,0,0,0,11,1,0,6.4,0,0,0,0,0,0,0,0,0.0,0.0,0,1,1,1,0,0,0.0,0,0,0,0.0,0,1,1,0,1,16.67,2,19,11,30,19.2,2,0,41,0,0,0,Ángel Alarcón,FC Porto,1153261,3002
0,1,50.0,6,1,25.0,16,13,29,78.38,1,100.0,0,3,0,0,0,0,5,0,0,1,0,2,3,0,0,1,2,8,0,1,0.02,0.01,0,0,0.0,0,0,0,1,1,0,0,0,,2,20.0,0,0,0,8,1,0,0,1,120,0,0.0,0,0,0,0,0.0,0,0,0,0,23,0,0,6.4,0,0,0,0,0,0,0,0,0.0,0.0,0,0,1,0,0,0,0.0,0,2,2,100.0,0,2,5,2,3,27.27,4,21,16,37,19.2,1,0,68,0,0,0,Jonathan Mutombo,Gil Vicente,1004444,3010
8,0,0.0,11,10,24.39,61,180,241,79.54,19,59.38,13,16,0,0,0,0,44,0,0,3,1,69,16,0,0,1,9,38,1,2,0.42,0.29,15,0,0.0,0,0,0,26,22,4,0,0,,16,39.02,0,0,0,62,10,2,0,9,928,0,9.0,0,0,0,1,0.0,0,0,0,0,75,0,0,6.39,0,0,0,0,0,0,0,0,0.0,0.0,0,2,2,1,0,3,60.0,0,12,8,66.67,2,25,5,0,35,47.95,41,106,197,303,102.3,4,0,447,2,3,0,Ponck,AVS - Futebol SAD,584116,483088
3,0,0.0,33,2,50.0,53,19,72,77.42,8,25.81,23,10,0,0,0,0,9,1,1,3,2,4,9,0,0,10,2,58,0,1,0.44,0.47,20,0,0.0,0,0,0,6,5,1,0,0,,26,42.62,0,0,0,21,3,2,0,5,525,3,1.0,0,0,0,1,0.0,0,0,0,0,66,3,0,6.39,0,0,0,0,0,0,0,0,0.0,0.0,0,6,1,2,2,8,47.06,0,6,6,100.0,2,5,17,1,34,36.96,4,66,27,93,57.5,7,0,201,12,3,0,Benjamin Mbunga-Kimpioka,Tondela,950339,38396
0,0,0.0,3,0,0.0,6,3,9,90.0,0,0.0,2,4,0,0,0,0,1,0,0,0,0,1,4,0,0,4,0,8,0,0,0.01,0.02,1,0,0.0,0,0,0,0,0,0,0,0,,3,33.33,0,0,0,1,0,0,0,0,41,0,0.0,0,0,0,0,0.0,0,0,0,0,8,0,0,6.38,0,0,0,0,0,0,0,0,0.0,0.0,0,1,0,1,0,0,0.0,0,1,0,0.0,0,0,1,0,3,27.27,1,7,3,10,25.5,1,0,24,2,0,0,Joel Jorquera,Moreirense,1084416,3014
0,0,0.0,4,0,0.0,14,7,21,47.73,10,40.0,15,13,0,0,0,0,11,0,2,0,0,6,12,0,1,5,0,41,0,0,0.01,1.37,15,0,11.11,0,1,1,6,5,1,1,0,,12,31.58,0,0,0,23,3,0,1,2,287,9,1.0,0,0,0,0,0.0,0,0,0,0,52,1,0,6.37,1,0,0,0,0,0,0,0,287.0,0.0,0,6,3,5,4,0,0.0,0,1,1,100.0,0,0,6,3,22,34.92,2,32,12,44,76.4,9,0,111,11,1,0,Claudio Mendes,Casa Pia,1012448,36365
0,0,0.0,10,0,0.0,12,2,14,70.0,2,50.0,2,5,0,0,0,0,4,0,1,0,0,2,5,0,0,3,0,12,0,0,0.02,0.64,2,0,0.0,0,0,0,2,2,0,0,0,,4,28.57,0,0,0,6,0,0,0,0,90,1,0.0,0,0,0,0,0.0,0,0,0,0,22,1,0,6.36,0,0,0,0,0,0,0,0,0.0,0.0,0,2,1,2,1,2,28.57,0,0,0,0.0,0,0,7,1,6,33.33,0,16,4,20,31.8,3,0,52,2,1,0,Alisson Souza de Jesus,CF Estrela Amadora,1864305,3035
0,0,0.0,3,1,100.0,4,6,10,71.43,0,0.0,1,4,0,0,0,0,3,0,0,0,0,0,2,0,0,1,1,5,0,0,0.09,0.02,2,0,0.0,0,0,0,1,1,0,0,0,,2,33.33,0,0,0,4,1,1,0,0,36,0,0.0,0,0,0,0,0.0,0,0,0,0,6,0,0,6.35,0,0,0,0,0,0,0,0,0.0,0.0,0,0,1,1,0,1,100.0,0,1,1,100.0,1,1,1,0,2,28.57,1,7,7,14,12.7,1,0,24,0,0,0,Kauan Gomes,FC Alverca,1631412,190328
0,0,0.0,4,0,0.0,10,7,17,73.91,1,100.0,0,5,0,0,0,0,2,0,0,0,0,0,5,0,0,1,3,13,1,0,0.01,,5,0,0.0,0,0,0,2,2,0,0,0,,4,23.53,0,0,0,6,0,0,0,0,103,0,0.0,0,0,0,0,0.0,0,0,0,0,18,0,0,6.34,0,0,0,0,0,0,0,0,0.0,0.0,0,0,0,0,0,1,20.0,0,2,1,50.0,0,1,5,1,5,27.78,2,15,8,23,31.7,0,0,43,1,1,0,Xander Severina,Casa Pia,1110159,36365
5,0,0.0,9,16,66.67,35,63,98,85.96,6,66.67,3,5,0,0,0,0,11,0,0,0,0,12,5,0,0,2,2,14,0,1,0.02,0.05,9,0,0.0,0,0,0,4,4,0,0,0,,6,35.29,0,0,0,16,5,0,0,3,224,0,2.0,0,0,0,0,0.0,0,0,0,0,19,0,0,6.34,1,0,0,0,0,0,0,0,0.0,0.0,0,1,0,0,1,1,100.0,0,3,2,66.67,0,8,1,0,12,46.15,24,47,67,114,31.7,1,0,153,2,2,1,Ulisses,CD Nacional,926869,3013
0,0,0.0,1,0,0.0,2,10,12,70.59,2,100.0,0,5,0,0,0,0,1,0,0,0,0,1,3,0,0,0,1,4,0,0,0.0,,3,0,0.0,0,0,0,2,2,0,0,0,,3,42.86,0,0,0,5,0,0,0,0,38,0,0.0,0,0,0,1,0.0,0,0,0,0,5,0,0,6.33,0,0,0,0,0,0,0,0,0.0,0.0,0,0,0,0,0,0,0.0,0,2,2,100.0,0,0,0,0,5,55.56,0,4,13,17,19.0,0,0,22,1,0,0,Yellu Santiago,FC Arouca,1211005,25777
1,1,50.0,7,0,0.0,13,13,26,57.78,4,50.0,4,6,0,0,0,0,4,1,2,2,0,0,6,0,0,3,4,23,0,0,0.18,1.03,9,0,0.0,0,0,0,3,3,0,0,0,,3,13.64,0,0,0,19,0,4,0,1,176,0,0.0,0,0,0,0,0.0,0,0,0,0,37,1,0,6.32,0,0,0,0,0,0,0,0,0.0,0.0,0,4,4,3,3,0,0.0,0,1,1,100.0,4,1,3,2,7,23.33,2,29,16,45,37.9,8,0,81,2,1,0,Max Svensson,Casa Pia,1085569,36365
2,0,0.0,4,1,50.0,10,12,22,75.86,0,0.0,0,1,0,0,0,0,1,0,0,0,0,0,1,0,0,3,1,8,0,0,0.02,,4,0,0.0,0,0,0,0,0,0,0,0,,5,38.46,0,0,0,7,0,0,0,1,69,0,0.0,0,0,0,0,0.0,0,0,0,0,14,0,0,6.3,0,0,0,0,0,0,0,0,0.0,0.0,0,0,0,0,0,0,0.0,0,3,0,0.0,0,3,1,1,5,38.46,2,15,14,29,6.3,0,0,47,2,0,0,Ismael Gharbi,Sporting Braga,1113488,2999
0,0,0.0,2,0,0.0,2,1,3,60.0,0,0.0,0,1,0,0,0,0,2,0,0,0,0,0,1,0,0,0,0,1,0,0,0.0,,0,0,0.0,0,0,0,0,0,0,0,0,,0,0.0,0,0,0,2,0,0,0,0,18,0,0.0,0,0,0,0,0.0,0,0,0,0,6,0,0,6.3,0,0,0,0,0,0,0,0,0.0,0.0,0,0,0,0,0,0,0.0,0,0,0,0.0,0,0,1,2,0,0.0,1,3,2,5,6.3,0,0,9,0,0,0,Yann Karamoh,FC Porto,802149,3002
0,0,0.0,0,0,0.0,0,0,0,0.0,1,100.0,0,1,0,0,0,0,0,0,0,0,0,0,1,0,0,0,0,0,0,0,,,0,0,0.0,0,0,0,1,1,0,0,0,,0,0.0,0,0,0,1,0,0,0,0,14,0,0.0,0,0,0,0,0.0,0,0,0,0,1,0,0,6.3,0,0,0,0,0,0,0,0,0.0,0.0,0,0,0,0,0,0,0.0,0,0,0,0.0,0,0,0,0,1,100.0,1,1,0,1,6.3,0,0,2,1,1,0,Rômulo,Sporting CP,1117102,3001
0,0,0.0,0,0,0.0,0,0,0,0.0,0,0.0,1,1,0,0,0,0,0,0,0,0,0,1,1,0,0,1,0,3,0,0,,,1,0,0.0,0,0,0,0,0,0,0,0,,0,0.0,0,0,0,0,0,0,0,0,12,0,0.0,0,0,0,0,0.0,0,0,0,0,1,0,0,6.3,0,0,0,0,0,0,0,0,0.0,0.0,0,0,0,0,0,0,0.0,0,0,0,0.0,0,0,0,0,0,0.0,0,0,0,0,6.3,0,0,2,0,0,0,Gonzalo Calçada,CF Estrela Amadora,1163947,3035
0,0,0.0,0,0,0.0,1,1,2,100.0,0,0.0,1,1,0,0,0,0,0,0,0,0,0,0,1,0,0,0,0,2,0,0,0.0,,1,0,0.0,0,0,0,1,1,0,0,0,,0,0.0,0,0,0,0,0,0,0,0,10,0,0.0,0,0,0,0,0.0,0,0,0,0,0,0,0,6.3,0,0,0,0,0,0,0,0,0.0,0.0,0,0,0,0,0,0,0.0,0,0,0,0.0,0,0,0,0,0,0.0,0,1,1,2,6.3,0,0,2,0,0,0,Antoinio Gil,Sporting Braga,2324332,2999
0,0,0.0,1,0,0.0,5,1,6,75.0,0,0.0,1,1,0,0,0,0,0,0,0,0,0,1,1,0,0,0,0,2,0,0,0.0,,1,0,0.0,0,0,0,1,1,0,0,0,,0,0.0,0,0,0,2,1,0,0,0,10,0,0.0,0,0,0,0,0.0,0,0,0,0,2,0,0,6.3,0,0,0,0,0,0,0,0,0.0,0.0,0,0,0,0,0,0,0.0,0,0,0,0.0,0,1,0,0,0,0.0,0,7,1,8,6.3,0,0,10,0,0,0,Hugo Nunes,Vitória SC,1799243,3009
1,0,0.0,2,8,25.0,4,51,55,69.62,3,100.0,0,3,0,0,0,0,26,0,0,0,0,2,3,0,0,0,0,0,1,0,0.0,,0,0,0.0,21,0,0,8,7,1,0,0,-2.47,0,0.0,0,4,0,24,0,0,0,3,270,0,0.0,0,0,0,0,0.0,0,0,0,0,24,0,1,6.3,0,0,1,4,5,9,0,3,0.0,0.0,0,0,0,0,0,0,0.0,1,0,0,0.0,0,3,0,0,3,100.0,32,21,58,79,18.9,0,0,111,0,0,0,Kevin Chamorro,Rio Ave,905406,3036
1,0,0.0,4,1,33.33,4,3,7,58.33,0,0.0,3,4,0,0,0,0,1,0,0,0,0,2,3,0,0,0,1,5,0,0,0.13,,1,0,0.0,0,0,0,3,3,0,0,0,,0,0.0,0,0,0,5,0,1,0,0,40,0,0.0,0,0,0,0,0.0,0,0,0,0,8,0,0,6.23,0,0,0,0,0,0,0,0,0.0,0.0,0,0,0,0,0,0,0.0,0,0,0,0.0,1,3,0,0,0,0.0,3,7,5,12,18.7,0,0,19,0,0,0,José Silva,FC Arouca,1520738,25777
0,0,0.0,0,0,0.0,2,0,2,66.67,0,0.0,0,1,0,0,0,0,0,0,0,0,0,0,1,0,0,0,0,0,0,0,0.0,,0,0,0.0,0,0,0,1,1,0,0,0,,0,0.0,0,0,0,1,1,0,0,0,13,0,0.0,0,0,0,0,0.0,0,0,0,0,1,0,0,6.2,0,0,0,0,0,0,0,0,0.0,0.0,0,0,0,0,0,0,0.0,0,0,0,0.0,0,0,0,0,0,0.0,0,3,0,3,6.2,0,0,4,0,0,0,Jonatás Noro,Sporting Braga,1536297,2999
0,0,0.0,5,0,0.0,9,2,11,68.75,2,66.67,1,2,0,0,0,0,2,0,0,0,0,0,2,0,0,0,0,3,0,0,0.01,0.25,1,0,0.0,0,0,0,2,2,0,0,0,,1,33.33,0,0,1,5,0,0,0,0,40,0,0.0,0,0,0,1,0.0,0,0,0,0,8,1,0,6.2,0,0,0,0,0,0,0,0,0.0,0.0,0,1,1,2,0,1,50.0,0,0,0,0.0,0,0,2,1,3,50.0,0,11,5,16,12.4,2,0,23,0,1,0,Martim Guedes,Vitória SC,1961096,3009
1,0,0.0,0,3,27.27,3,13,16,66.67,0,0.0,0,1,0,0,0,0,4,0,0,0,0,3,1,0,0,0,0,0,0,0,0.0,,0,0,0.0,0,0,0,1,1,0,0,0,-0.29,0,0.0,0,0,0,8,0,0,0,1,90,0,0.0,0,0,0,0,0.0,0,0,0,0,8,0,1,6.1,0,0,0,0,1,1,0,0,0.0,0.0,0,0,0,0,0,0,0.0,0,0,0,0.0,0,3,0,0,0,0.0,11,8,16,24,6.1,0,0,32,0,0,0,Jakub Vinarčík,FC Arouca,1165190,25777
1,1,100.0,1,1,50.0,2,1,3,60.0,0,0.0,0,1,0,0,0,0,1,0,0,0,0,3,1,0,0,0,3,5,1,0,0.09,,2,0,0.0,0,0,0,1,1,0,0,0,,4,44.44,0,0,0,2,1,0,0,1,58,0,0.0,0,0,0,0,0.0,0,0,0,0,4,0,0,6.1,0,0,0,0,0,0,0,0,0.0,0.0,0,0,0,0,0,0,0.0,0,2,1,50.0,0,1,0,1,4,44.44,2,3,2,5,6.1,0,0,21,2,0,0,Nilton Varela,CF Estrela Amadora,998414,3035
0,0,0.0,1,8,28.57,6,12,18,47.37,0,0.0,0,1,0,0,0,0,9,0,0,0,0,1,1,0,0,0,0,0,0,0,0.0,,0,0,0.0,5,0,0,2,2,0,0,0,-0.01,0,0.0,0,0,0,20,0,0,0,1,90,0,0.0,0,0,0,0,0.0,1,0,0,0,20,0,1,6.1,0,0,0,1,1,2,0,0,0.0,0.0,0,0,0,0,0,0,0.0,0,0,0,0.0,0,2,0,0,0,0.0,28,21,17,38,6.1,0,0,47,0,0,0,David Grilo,CF Estrela Amadora,929640,3035
1,1,50.0,15,1,33.33,23,10,33,86.84,0,0.0,0,3,1,0,0,0,2,0,0,0,0,2,2,0,0,1,3,6,0,0,0.08,0.02,2,0,0.0,0,0,1,2,2,0,0,0,,4,40.0,0,0,0,5,1,1,0,0,47,1,0.0,1,0,0,0,0.0,0,0,0,0,10,2,0,6.05,0,0,0,0,0,0,0,0,0.0,0.0,0,0,1,1,0,1,50.0,0,3,1,33.33,1,2,2,2,4,40.0,3,23,15,38,12.1,1,0,56,0,2,0,Salvador Blopa,Sporting CP,1939199,3001
27,1,50.0,18,28,40.0,61,256,317,81.7,21,48.84,22,9,0,0,0,0,32,0,1,1,0,53,9,0,1,1,6,41,1,2,1.02,0.11,13,0,0.0,0,0,0,24,22,2,0,0,,16,45.71,0,0,0,71,8,5,0,9,782,0,1.0,0,0,0,0,0.0,0,0,0,0,80,0,0,6.04,1,0,0,0,0,0,0,0,0.0,0.0,0,3,0,0,2,1,100.0,0,8,5,62.5,5,53,1,2,37,47.44,70,117,271,388,54.4,3,0,487,7,3,0,Rúben Semedo,AVS - Futebol SAD,344199,483088
5,1,16.67,18,7,50.0,38,54,92,79.31,4,40.0,6,7,0,0,0,0,13,0,0,0,0,12,7,0,1,2,1,16,0,0,0.07,,5,0,0.0,0,0,0,13,13,0,0,0,,13,56.52,0,0,0,24,0,1,0,5,341,0,1.0,1,0,0,1,0.0,0,0,0,0,54,1,0,5.91,1,0,0,0,0,0,0,0,0.0,0.0,0,0,0,0,0,3,60.0,0,5,3,60.0,1,8,5,6,17,51.52,14,54,62,116,41.4,0,0,207,5,2,0,Alex Pinto,FC Arouca,1034711,25777
3,0,0.0,2,2,25.0,9,34,43,84.31,1,100.0,0,1,0,0,0,0,1,0,0,0,0,4,1,0,0,0,0,0,0,2,0.01,,0,0,0.0,1,0,0,3,3,0,0,0,,1,100.0,0,0,0,8,0,1,0,1,90,1,1.0,0,0,0,0,0.0,0,0,0,0,11,0,0,5.9,0,0,0,0,0,0,0,0,0.0,0.0,0,0,0,0,0,0,0.0,0,0,0,0.0,1,6,0,0,2,100.0,8,14,37,51,5.9,0,0,61,1,0,0,Toni Borevković,Vitória SC,886843,3009
1,0,0.0,4,1,50.0,9,13,22,84.62,2,40.0,3,4,0,0,0,0,5,0,0,0,0,7,3,0,1,1,1,8,0,0,0.02,,2,0,0.0,0,0,0,4,4,0,0,0,,7,58.33,0,0,0,4,0,0,0,1,113,0,0.0,0,0,0,0,0.0,0,0,0,0,10,0,0,5.7,1,0,0,0,0,0,0,0,0.0,0.0,0,0,0,0,0,2,66.67,0,3,2,66.67,0,1,3,0,9,52.94,2,12,14,26,17.1,0,0,53,2,1,0,Deivison Souza Brito,CD Nacional,1806732,3013
0,0,0.0,0,0,0.0,0,0,0,0.0,0,0.0,0,1,0,0,0,0,0,0,0,0,0,0,0,0,0,0,0,0,0,0,,,0,0,0.0,0,0,0,0,0,0,0,0,,0,0.0,0,0,0,1,0,0,0,0,1,0,,0,0,0,0,0.0,0,0,0,0,1,0,0,0.0,0,0,0,0,0,0,0,0,0.0,0.0,0,0,0,0,0,0,0.0,0,0,0,0.0,0,0,0,0,0,0.0,1,1,0,1,0.0,0,0,1,0,0,0,Tiago Gouveia,Benfica,976410,3006
0,0,0.0,0,0,0.0,0,0,0,0.0,0,0.0,0,1,0,0,0,0,0,0,0,0,0,1,0,0,0,0,0,0,0,0,,,0,0,0.0,0,0,0,0,0,0,0,0,,0,0.0,0,0,0,0,0,0,0,0,1,0,0.0,0,0,0,0,0.0,0,0,0,0,0,0,0,0.0,0,0,0,0,0,0,0,0,0.0,0.0,0,0,0,0,0,0,0.0,0,0,0,0.0,0,0,0,0,0,0.0,0,0,0,0,0.0,0,0,1,0,0,0,Gonçalo Moreira,Benfica,1410195,3006
0,0,0.0,1,0,0.0,2,0,2,100.0,0,0.0,0,1,0,0,0,0,0,0,0,0,0,1,0,0,0,0,0,0,0,0,0.0,,0,0,0.0,0,0,0,0,0,0,0,0,,0,0.0,0,0,0,0,0,0,0,0,2,0,0.0,0,0,0,0,0.0,0,0,0,0,0,0,0,0.0,0,0,0,0,0,0,0,0,0.0,0.0,0,0,0,0,0,0,0.0,0,0,0,0.0,0,0,0,0,0,0.0,0,2,0,2,0.0,0,0,3,0,0,0,Gil Martins,Gil Vicente,1410239,3010
0,0,0.0,0,0,0.0,0,0,0,0.0,0,0.0,0,1,0,0,0,0,0,0,0,0,0,0,0,0,0,0,0,0,0,0,,,0,0,0.0,0,0,0,0,0,0,0,0,,0,0.0,0,0,0,0,0,0,0,0,1,0,0.0,0,0,0,0,0.0,0,0,0,0,0,0,0,0.0,0,0,0,0,0,0,0,0,0.0,0.0,0,0,0,0,0,0,0.0,0,0,0,0.0,0,0,0,0,0,0.0,0,0,0,0,0.0,0,0,0,0,0,0,Abdu Dafe,Casa Pia,2551196,36365
0,0,0.0,0,0,0.0,3,1,4,100.0,0,0.0,0,2,0,0,0,0,0,0,0,0,0,0,0,0,0,0,0,0,0,0,0.0,,0,0,0.0,0,0,0,0,0,0,0,0,,0,0.0,0,0,0,0,0,0,0,0,2,0,0.0,0,0,0,0,0.0,0,0,0,0,0,0,0,0.0,0,0,0,0,0,0,0,0,0.0,0.0,0,0,0,0,0,0,0.0,0,0,0,0.0,0,0,0,0,0,0.0,0,3,1,4,0.0,0,0,4,0,0,0,João Veloso,Benfica,1215905,3006
