accurateChippedPasses,accurateCrosses,accurateCrossesPercentage,accurateFinalThirdPasses,accurateLongBalls,accurateLongBallsPercentage,accurateOppositionHalfPasses,accurateOwnHalfPasses,accuratePasses,accuratePassesPercentage,aerialDuelsWon,aerialDuelsWonPercentage,aerialLost,appearances,assists,attemptPenaltyMiss,attemptPenaltyPost,attemptPenaltyTarget,ballRecovery,bigChancesCreated,bigChancesMissed,blockedShots,cleanSheet,clearances,countRating,crossesNotClaimed,directRedCards,dispossessed,dribbledPast,duelLost,errorLeadToGoal,errorLeadToShot,expectedAssists,expectedGoals,fouls,freeKickGoal,goalConversionPercentage,goalKicks,goals,goalsAssistsSum,goalsConceded,goalsConcededInsideTheBox,goalsConcededOutsideTheBox,goalsFromInsideTheBox,goalsFromOutsideTheBox,goalsPrevented,groundDuelsWon,groundDuelsWonPercentage,headedGoals,highClaims,hitWoodwork,inaccuratePasses,interceptions,keyPasses,leftFootGoals,matchesStarted,minutesPlayed,offsides,outfielderBlocks,ownGoals,passToAssist,penaltiesTaken,penaltyConceded,penaltyConversion,penaltyFaced,penaltyGoals,penaltySave,penaltyWon,possessionLost,possessionWonAttThird,punches,rating,redCards,rightFootGoals,runsOut,savedShotsFromInsideTheBox,savedShotsFromOutsideTheBox,saves,savesCaught,savesParried,scoringFrequency,setPieceConversion,shotFromSetPiece,shotsFromInsideTheBox,shotsFromOutsideTheBox,shotsOffTarget,shotsOnTarget,successfulDribbles,successfulDribblesPercentage,successfulRunsOut,tackles,tacklesWon,tacklesWonPercentage,totalAttemptAssist,totalChippedPasses,totalContest,totalCross,totalDuelsWon,totalDuelsWonPercentage,totalLongBalls,totalOppositionHalfPasses,totalOwnHalfPasses,totalPasses,totalRating,totalShots,totwAppearances,touches,wasFouled,yellowCards,yellowRedCards,player,team,player id,team id
5,0,0.0,14,29,34.52,23,45,68,54.4,2,66.67,1,4,0,0,0,0,49,0,0,0,1,4,4,0,0,0,1,2,0,0,,,0,0,0.0,12,0,0,7,7,0,0,0,,0,0.0,0,4,0,57,0,0,0,4,360,0,0,0,0,0,0,0.0,0,0,0,0,57,0,1,7.83,0,0,2,17,6,23,0,2,0.0,0.0,0,0,0,0,0,0,0.0,2,0,0,0.0,0,10,0,0,2,50.0,84,69,56,125,31.3,0,1,190,0,1,0,Daní Martin,Huesca,1525807,24265
1,0,0.0,1,1,33.33,4,5,9,69.23,1,100.0,0,1,0,0,0,0,1,0,0,0,0,6,1,0,0,0,1,2,0,0,,,1,0,0.0,0,0,0,0,0,0,0,0,,3,60.0,0,0,0,4,0,0,0,1,83,0,2,0,0,0,0,0.0,0,0,0,0,6,0,0,7.7,0,0,0,0,0,0,0,0,0.0,0.0,0,0,0,0,0,0,0.0,0,2,1,50.0,0,3,0,0,4,66.67,3,7,6,13,7.7,0,0,29,1,0,0,Djibril Gueye,Leganés,2310932,2845
136,47,25.82,778,120,55.05,1166,460,1626,76.92,9,42.86,12,41,20,0,0,0,188,42,6,13,1,10,41,0,0,61,53,206,0,0,,,41,0,16.98,0,9,29,49,45,4,8,1,,163,45.66,0,0,1,488,23,154,0,39,3275,5,0,0,3,0,1,0.0,0,0,0,0,815,37,0,7.62,0,9,0,0,0,0,0,0,363.89,0.0,0,34,19,12,28,52,55.32,0,59,36,61.02,151,254,94,182,172,45.5,218,1598,516,2114,312.4,53,12,2895,52,9,0,Iñigo Vicente,Real Racing Club,605674,2835
33,34,25.76,627,48,64.0,981,515,1496,85.98,23,46.94,26,42,7,0,0,0,162,11,14,18,1,12,42,0,0,42,18,143,0,0,,,21,0,21.37,0,25,32,52,44,8,23,2,,130,52.63,2,0,6,244,14,94,18,41,3464,3,2,0,0,10,0,100.0,0,10,0,1,533,37,0,7.44,0,5,0,0,0,0,0,0,138.56,0.0,4,77,40,46,53,45,53.57,0,43,23,53.49,94,68,84,132,153,51.69,75,1198,542,1740,312.3,117,7,2462,42,3,0,Sergio Arribas,Almería,997203,2858
10,0,0.0,11,20,62.5,41,86,127,86.39,1,50.0,1,2,0,0,0,0,6,0,0,0,1,7,2,0,0,1,0,5,0,0,,,3,0,0.0,0,0,0,1,1,0,0,0,,9,69.23,0,0,0,20,5,3,0,2,180,0,1,0,0,0,0,0.0,0,0,0,0,22,0,0,7.4,0,0,0,0,0,0,0,0,0.0,0.0,0,2,0,1,1,0,0.0,0,3,3,100.0,3,14,0,1,10,66.67,32,55,92,147,14.8,2,1,177,6,1,0,Álex Pastor,Málaga CF,928825,2830
36,0,0.0,20,121,37.93,65,274,339,62.78,4,80.0,1,22,0,0,0,0,201,0,0,0,8,25,22,0,0,0,0,2,1,0,,,1,0,0.0,182,0,0,26,24,2,0,0,,6,85.71,0,9,0,201,0,0,0,22,1980,0,0,0,0,0,1,0.0,2,0,0,0,207,0,18,7.37,0,0,9,55,21,78,0,14,0.0,0.0,0,0,0,0,0,1,100.0,9,0,0,0.0,0,49,1,0,10,83.33,319,215,325,540,162.2,0,2,783,7,0,0,Raúl Lizoain,Albacete Balompié,129865,2848
15,23,23.23,131,15,42.86,194,106,300,78.13,0,0.0,9,21,3,0,0,1,88,16,4,16,0,15,21,0,0,42,20,145,0,0,,,40,0,11.86,0,7,10,33,28,5,6,1,,112,45.16,0,0,2,84,5,40,4,21,1859,3,3,0,0,1,0,0.0,0,0,0,0,312,14,0,7.31,0,3,0,0,0,0,0,0,265.57,0.0,7,29,30,20,23,46,54.12,0,16,9,56.25,40,38,85,99,112,43.58,35,264,120,384,153.5,59,3,899,50,7,0,Javier Hernández,Mirandés,1514913,35092
34,13,20.0,381,49,76.56,597,242,839,81.69,8,33.33,16,39,3,0,0,0,218,8,5,25,7,14,39,0,0,61,60,303,0,1,,,28,0,11.11,0,10,13,41,37,4,10,0,,292,50.43,1,0,1,188,26,51,7,38,3259,2,2,0,0,0,0,0.0,0,0,0,0,562,29,0,7.3,0,2,0,0,0,0,0,0,325.9,0.0,4,44,46,29,36,110,44.18,0,117,69,58.97,51,52,249,65,300,49.75,64,738,289,1027,284.6,90,3,2008,66,4,0,David Larrubia,Málaga CF,1002405,2830
17,53,29.94,382,30,43.48,590,149,739,72.03,4,33.33,8,41,9,0,0,0,121,22,14,33,3,15,41,0,0,77,42,214,0,2,,,29,0,18.85,0,23,32,53,48,5,21,2,,139,40.29,0,0,3,287,29,90,21,41,3453,24,0,0,3,4,0,100.0,0,4,0,0,690,34,0,7.3,0,2,0,0,0,0,0,0,150.13,0.0,2,93,29,37,52,49,44.55,0,28,18,64.29,87,48,110,177,143,40.06,69,846,180,1026,299.1,122,8,1929,62,8,0,Andrés Martín,Real Racing Club,922939,2835
16,53,21.03,609,34,55.74,846,256,1102,80.73,7,25.93,20,39,13,0,0,0,200,16,3,7,3,14,39,0,0,66,38,225,0,0,,,46,0,6.25,0,3,16,46,42,4,3,0,,212,50.84,0,0,2,263,20,117,0,38,3157,5,1,0,1,3,0,100.0,0,3,0,0,708,29,0,7.28,0,3,0,0,0,0,0,0,1052.33,0.0,0,31,17,23,18,94,61.04,0,74,39,52.7,116,38,154,252,219,49.32,61,1079,286,1365,283.8,48,3,2316,44,10,0,Cristian Carracedo,Córdoba,813737,2850
8,0,0.0,14,64,37.43,37,195,232,68.04,2,100.0,0,10,0,0,0,0,80,0,0,0,3,9,10,0,0,0,2,3,0,1,,,1,0,0.0,49,0,0,17,15,2,0,0,,0,0.0,0,5,0,109,0,0,0,10,900,0,0,0,0,0,1,0.0,3,0,0,0,111,0,5,7.26,0,0,7,31,9,40,0,9,0.0,0.0,0,0,0,0,0,0,0.0,6,0,0,0.0,0,25,0,0,2,40.0,171,126,215,341,72.6,0,2,437,1,2,0,Pedro López,AD Ceuta,369780,2869
69,4,33.33,240,110,55.0,686,1150,1836,89.65,58,53.21,51,36,1,0,0,0,220,5,6,3,11,158,36,0,2,8,27,125,1,2,,,32,0,5.56,52,1,2,39,36,3,1,0,,181,70.98,0,0,1,212,61,26,0,35,3131,7,30,0,0,0,2,0.0,0,0,0,0,277,3,0,7.24,2,1,0,0,0,0,0,0,3131.0,0.0,0,18,0,8,7,29,72.5,0,73,45,61.64,26,117,40,12,239,65.66,200,837,1211,2048,260.7,18,8,2690,80,11,0,Alberto Jiménez,CD Castellón,343907,5067
88,0,0.0,54,220,42.55,145,439,584,65.62,17,94.44,1,27,0,0,0,0,291,0,0,0,7,41,27,0,0,1,1,3,3,2,,,1,0,0.0,150,0,0,35,30,5,0,0,,11,84.62,0,28,0,306,0,0,0,27,2430,0,0,0,0,0,0,0.0,6,0,3,0,314,0,23,7.21,1,0,22,61,26,87,0,17,0.0,0.0,0,0,0,0,0,1,100.0,20,1,1,100.0,0,138,1,0,28,90.32,517,402,488,890,194.6,0,1,1166,9,8,1,Esteban Andrada,Real Zaragoza,79822,2815
79,1,33.33,261,180,44.89,751,1633,2384,85.97,111,58.42,79,38,0,0,0,0,196,1,2,4,7,303,38,0,1,10,26,165,2,6,,,42,0,10.53,66,2,2,46,39,7,2,0,,119,58.05,2,0,1,389,39,21,0,37,3222,0,39,0,0,0,1,0.0,0,0,0,0,449,5,0,7.21,1,0,0,0,0,0,0,0,1611.0,0.0,0,14,5,10,5,19,61.29,0,64,36,56.25,21,191,31,3,230,58.23,401,1031,1742,2773,273.8,19,7,3466,42,11,0,Gael Alonso,FC Andorra,1120944,324871
67,0,0.0,4,93,49.73,22,708,730,86.49,4,66.67,2,21,0,0,0,0,174,0,0,0,3,21,21,1,0,0,1,3,3,0,,,0,0,0.0,89,0,0,29,26,3,0,0,,3,75.0,0,8,0,114,0,1,0,21,1890,0,0,0,0,0,0,0.0,2,0,0,0,124,0,10,7.2,0,0,8,51,17,69,0,11,0.0,0.0,0,0,0,0,0,0,0.0,7,2,2,100.0,1,111,0,0,7,70.0,187,77,767,844,151.2,0,1,1063,1,1,0,Áron Yaakobishvili,FC Andorra,1402902,324871
63,47,22.38,607,47,50.54,836,234,1070,75.83,12,30.77,27,41,8,0,0,0,188,23,10,43,6,12,41,0,0,95,58,340,0,0,,,65,0,11.2,0,14,22,47,44,3,10,4,,208,39.92,1,0,1,341,23,101,12,40,3489,5,3,0,1,3,0,100.0,0,3,0,1,839,52,0,7.19,0,1,0,0,0,0,0,0,249.21,0.0,7,66,59,33,49,75,41.9,0,73,37,50.68,100,122,179,210,220,39.29,93,1133,278,1411,294.8,125,6,2520,62,5,0,Álex Calatrava,CD Castellón,1136863,5067
5,24,20.0,109,14,45.16,183,77,260,74.71,5,45.45,6,15,1,0,0,0,47,7,3,6,2,5,15,0,0,28,26,100,0,0,,,18,0,9.09,0,2,3,14,13,1,1,1,,105,52.76,0,0,1,88,5,22,2,15,1248,0,2,0,0,0,0,0.0,0,0,0,1,280,6,0,7.19,0,0,0,0,0,0,0,0,624.0,0.0,2,14,8,8,8,19,45.24,0,35,24,68.57,22,22,42,120,110,52.38,31,253,95,348,107.8,22,2,756,53,2,0,Rober González,Real Zaragoza,910022,2815
38,0,0.0,33,214,38.01,137,469,606,63.32,10,83.33,2,42,0,0,0,0,292,0,0,0,19,35,42,1,0,0,0,2,0,3,,,0,0,0.0,368,0,0,33,26,7,0,0,,1,100.0,0,37,0,351,0,0,0,42,3780,0,0,0,0,0,0,0.0,0,0,0,0,365,0,15,7.17,0,0,10,73,39,112,1,17,0.0,0.0,0,0,0,0,0,0,0.0,10,1,0,0.0,0,65,0,0,11,84.62,563,416,541,957,301.2,0,3,1310,1,1,0,Ander Cantero,Burgos Club de Fútbol,188349,2854
12,7,19.44,267,8,38.1,410,146,556,73.25,122,47.29,136,35,12,0,0,0,91,13,12,23,4,26,35,0,1,57,13,294,0,0,,,46,1,14.85,0,15,27,38,35,3,13,2,,142,47.33,2,0,0,203,8,33,2,33,2817,22,1,0,0,3,0,100.0,0,3,0,2,456,14,0,7.17,1,11,0,0,0,0,0,0,187.8,25.0,4,82,19,37,41,39,46.99,0,28,15,53.57,33,27,83,36,264,47.31,21,581,178,759,250.8,101,6,1401,79,5,0,Juan Otero,Sporting Gijón,796512,2852
26,0,0.0,8,63,36.42,41,184,225,67.16,4,100.0,0,15,0,0,0,0,114,0,0,0,1,12,15,0,0,0,1,2,0,0,,,1,0,0.0,79,0,0,23,19,4,0,0,,2,50.0,0,15,0,110,0,0,0,15,1305,0,0,0,0,0,1,0.0,2,0,1,0,110,0,3,7.15,0,0,10,27,22,49,1,9,0.0,0.0,0,0,0,0,0,0,0.0,9,0,0,0.0,0,45,0,0,6,75.0,173,128,207,335,107.2,0,0,502,2,2,0,Adrián Rodríguez,Real Zaragoza,965822,2815
83,1,33.33,240,184,52.72,684,1158,1842,86.07,66,57.39,49,36,0,0,0,0,143,0,1,0,10,158,36,0,1,8,22,121,0,7,,,38,0,14.29,7,2,2,44,41,3,2,0,,108,60.0,1,0,0,298,48,9,0,34,3114,0,33,0,0,0,1,0.0,0,0,0,1,353,0,0,7.14,1,1,0,0,0,0,0,0,1557.0,0.0,0,12,2,10,4,8,57.14,0,64,33,51.56,9,156,14,3,174,58.98,349,884,1256,2140,257.2,14,4,2680,36,10,0,Diego Murillo,Málaga CF,1410734,2830
32,0,0.0,61,55,47.83,168,329,497,82.83,44,63.77,25,22,1,0,0,0,56,1,0,3,7,131,22,0,0,1,8,45,0,1,,,12,0,22.22,0,2,3,9,9,0,2,0,,27,57.45,0,0,0,103,21,8,0,21,1630,0,15,0,1,0,0,0.0,0,0,0,0,126,0,0,7.14,0,2,0,0,0,0,0,0,815.0,0.0,0,9,0,3,3,0,0.0,0,22,12,54.55,7,61,0,0,71,61.21,115,250,350,600,157.1,9,2,886,5,6,0,Pepe Sánchez,Albacete Balompié,1009869,2848
54,0,0.0,26,243,40.91,137,731,868,70.92,8,88.89,1,42,0,0,0,0,423,0,0,0,9,55,42,0,0,0,1,2,3,1,,,0,0,0.0,271,0,0,63,55,8,0,0,,5,83.33,0,22,0,356,0,0,0,42,3780,0,0,0,0,0,0,0.0,8,0,1,0,369,0,24,7.14,0,0,34,101,51,154,2,30,0.0,0.0,0,0,0,0,0,0,0.0,33,0,0,0.0,0,84,0,0,13,86.67,594,406,818,1224,299.8,0,2,1740,8,0,0,Andrés Fernández,Almería,31406,2858
10,23,23.23,322,13,59.09,405,79,484,71.7,23,41.82,32,30,9,0,0,0,106,10,5,11,4,13,30,0,0,44,25,202,0,1,,,24,0,11.76,0,6,15,30,28,2,5,1,,134,44.08,1,0,1,191,10,48,3,24,2250,14,0,0,0,0,0,0.0,0,0,0,0,530,19,0,7.13,0,2,0,0,0,0,0,0,375.0,0.0,1,40,11,18,22,62,43.36,0,44,27,61.36,48,27,143,99,157,43.73,22,565,110,675,213.9,51,2,1359,28,1,0,Brian Cipenga,CD Castellón,1160969,5067
31,12,19.05,402,40,67.8,683,206,889,85.98,6,24.0,19,38,10,0,0,0,118,10,10,37,6,2,38,0,0,55,25,214,1,1,,,33,0,11.0,0,11,21,34,25,9,10,1,,218,52.78,0,0,4,145,21,60,1,33,3002,10,0,0,0,6,0,100.0,0,6,0,0,466,21,0,7.13,1,10,0,0,0,0,0,0,272.91,0.0,3,62,38,29,34,90,51.14,0,51,32,62.75,60,53,176,63,224,51.14,59,812,222,1034,270.8,100,5,1807,77,5,1,Yeremay Hernández,Deportivo de A Coruña,1096950,2832
111,8,20.51,402,125,46.64,788,778,1566,82.42,39,54.17,33,36,1,0,0,0,196,4,0,8,10,92,36,0,3,12,22,103,0,0,,,31,0,0.0,0,0,1,42,39,3,0,0,,137,66.18,0,0,1,334,54,17,0,36,3181,0,15,0,0,0,0,0.0,0,0,0,0,502,7,0,7.12,3,0,0,0,0,0,0,0,0.0,0.0,0,3,11,6,0,17,73.91,0,67,48,71.64,17,220,23,39,176,63.08,268,1024,876,1900,256.4,14,3,2681,54,6,0,Jeremy Mellot,CD Castellón,988631,5067
75,0,0.0,58,264,39.17,150,929,1079,72.22,11,73.33,4,42,0,0,0,0,291,0,0,0,11,43,42,0,0,1,3,8,2,1,,,0,0,0.0,288,0,0,52,48,4,0,0,,8,66.67,0,19,1,415,0,1,0,42,3780,0,0,0,0,0,0,0.0,5,0,0,0,431,0,13,7.12,0,0,18,89,48,138,1,21,0.0,0.0,0,0,0,0,0,0,0.0,18,2,1,50.0,1,127,0,0,19,70.37,674,499,995,1494,299.0,0,0,1897,10,0,0,Alfonso Herrero,Málaga CF,96371,2830
53,3,17.65,560,108,68.79,1146,848,1994,91.8,3,42.86,4,42,8,0,0,0,200,11,3,22,6,22,42,0,0,51,37,147,0,1,,,22,0,10.91,0,6,14,42,31,11,4,2,,133,48.19,0,0,3,178,34,56,2,42,3613,0,7,0,0,0,0,0.0,0,0,0,0,362,20,0,7.11,0,4,0,0,0,0,0,0,602.17,0.0,0,23,32,17,16,31,45.59,0,52,33,63.46,56,95,68,17,136,48.06,157,1293,879,2172,298.8,55,0,2699,50,3,0,Mario Soriano,Deportivo de A Coruña,984622,2832
23,37,29.37,159,24,57.14,272,133,405,72.71,26,47.27,29,36,3,0,0,0,132,10,8,17,3,33,36,0,0,48,23,197,0,0,,,33,0,5.36,0,3,6,31,24,7,3,0,,195,53.72,0,0,0,152,21,43,0,29,2604,13,3,0,0,0,1,0.0,0,0,0,1,530,21,0,7.11,0,3,0,0,0,0,0,0,868.0,0.0,0,36,20,26,13,58,45.31,0,64,40,62.5,43,36,128,126,221,52.87,42,400,157,557,255.9,56,1,1474,74,5,0,Álex Sola,Granada,966836,33779
77,1,12.5,246,91,37.76,817,1428,2245,87.87,41,58.57,29,36,2,0,0,0,184,6,0,4,11,175,36,0,0,5,27,112,1,3,,,50,0,14.29,109,2,4,36,31,5,2,0,,106,56.08,2,0,0,310,46,21,0,35,3166,6,14,1,0,0,1,0.0,0,0,0,0,400,5,0,7.11,0,0,0,0,0,0,0,0,1583.0,0.0,0,7,7,7,3,17,70.83,0,48,30,62.5,21,158,24,8,147,56.76,241,1048,1507,2555,255.8,14,4,3126,42,9,0,Mika Mármol,UD Las Palmas,979146,6577
81,0,0.0,39,235,42.27,131,516,647,66.09,8,100.0,0,31,0,0,0,0,262,1,0,0,8,33,31,0,0,0,2,3,2,3,,,1,0,0.0,236,0,0,45,36,9,0,0,,3,50.0,0,13,0,332,0,4,0,31,2790,0,0,0,0,0,1,0.0,4,0,1,0,341,0,10,7.1,0,0,26,61,29,91,1,15,0.0,0.0,0,0,1,1,0,1,100.0,24,0,0,0.0,4,153,1,0,11,78.57,556,378,601,979,220.2,1,4,1262,3,2,0,Aitor Fraga,Real Sociedad B,1000247,24360
36,0,0.0,407,67,58.77,826,571,1397,87.15,30,56.6,23,36,3,0,0,0,188,5,1,13,5,36,36,0,0,17,27,104,0,1,,,28,0,5.26,0,2,5,54,48,6,0,2,,168,67.47,0,0,0,206,34,20,2,35,3036,1,7,0,0,0,0,0.0,0,0,0,0,289,13,0,7.1,0,0,0,0,0,0,0,0,1518.0,0.0,0,13,25,13,12,18,60.0,0,92,57,61.96,20,53,30,7,198,65.56,114,975,628,1603,255.7,38,0,2062,58,7,0,Isma Ruiz,Córdoba,1009873,2850
0,3,14.29,152,2,28.57,222,76,298,86.13,14,28.57,35,23,3,0,0,0,48,6,5,6,0,3,23,0,0,42,4,134,0,0,,,14,0,28.57,0,10,13,16,13,3,9,1,,86,46.49,3,0,1,48,7,15,2,18,1521,3,0,0,0,0,0,0.0,0,0,0,0,214,9,0,7.1,0,5,0,0,0,0,0,0,152.1,0.0,0,30,5,12,17,37,47.44,0,11,5,45.45,15,5,78,21,100,42.74,7,259,87,346,163.3,35,4,727,38,3,0,Josep Cerdà,FC Andorra,1142255,324871
0,0,0.0,1,6,37.5,5,13,18,64.29,0,0.0,0,1,0,0,0,0,14,0,0,0,1,1,1,0,0,0,0,0,0,0,,,0,0,0.0,3,0,0,0,0,0,0,0,,0,0.0,0,0,0,10,0,1,0,1,90,0,0,0,0,0,0,0.0,0,0,0,0,10,0,1,7.1,0,0,2,1,0,1,0,0,0.0,0.0,0,0,0,0,0,0,0.0,2,0,0,0.0,1,1,0,0,0,0.0,16,12,16,28,7.1,0,0,38,0,0,0,Íker García Chico,Granada,1948926,33779
90,0,0.0,61,296,38.95,202,716,918,66.28,13,100.0,0,42,0,0,0,0,352,0,0,0,18,47,42,0,0,0,0,1,1,2,,,1,0,0.0,288,0,0,40,34,6,0,0,,3,75.0,0,24,0,467,0,1,0,42,3780,0,0,0,0,0,1,0.0,7,0,0,0,472,0,28,7.1,0,0,15,75,46,121,0,19,0.0,0.0,0,1,0,0,1,0,0.0,15,1,1,100.0,1,159,0,0,16,94.12,760,590,795,1385,298.0,1,1,1756,2,2,0,Jon Mikel Magunagoitia,Eibar,990095,2839
61,32,23.02,423,55,63.22,741,328,1069,81.67,15,41.67,21,42,11,0,0,0,121,18,3,17,4,15,42,0,0,45,28,156,0,1,,,23,1,12.5,0,8,19,32,29,3,4,4,,156,53.61,1,0,1,240,13,66,0,39,3195,4,5,0,2,0,0,0.0,0,0,0,0,527,24,0,7.09,0,7,0,0,0,0,0,0,399.38,33.33,3,29,35,25,22,29,42.65,0,33,21,63.64,64,104,68,139,171,52.29,87,932,377,1309,297.9,64,4,1985,95,2,0,Manuel Fuster,UD Las Palmas,916654,6577
133,5,26.32,342,179,70.2,727,797,1524,86.64,30,55.56,24,41,4,0,0,0,198,5,1,12,9,54,41,0,0,19,56,153,0,0,,,38,0,4.76,1,2,6,28,23,5,2,0,,115,47.13,1,0,1,235,38,29,1,40,3379,3,9,0,0,0,0,0.0,0,0,0,0,342,14,0,7.09,0,0,0,0,0,0,0,0,1689.5,0.0,0,11,31,18,12,24,57.14,0,56,33,58.93,29,196,42,19,145,48.66,255,890,869,1759,290.8,42,3,2221,35,9,0,Iván Morante,Burgos Club de Fútbol,910021,2854
41,2,25.0,145,82,44.32,418,846,1264,85.58,62,55.86,49,28,2,0,0,0,121,5,2,2,11,133,28,0,0,2,11,92,2,0,,,29,0,12.5,17,2,4,17,14,3,2,0,,55,56.12,1,0,1,213,33,8,1,26,2275,1,14,0,0,0,0,0.0,0,0,0,1,243,2,0,7.08,0,0,0,0,0,0,0,0,1137.5,0.0,0,16,0,10,4,2,50.0,0,30,19,63.33,8,75,4,8,117,55.98,185,575,902,1477,198.3,16,3,1805,24,6,0,Peru Nolaskoain,Eibar,910975,2839
4,0,0.0,50,3,75.0,85,42,127,67.2,25,53.19,22,31,2,0,0,0,19,3,8,1,0,9,30,0,0,22,4,76,0,0,,,19,0,39.02,0,16,18,31,28,3,16,0,,26,32.5,4,0,2,62,0,11,6,14,1331,10,1,0,0,1,0,100.0,0,1,0,3,143,9,0,7.08,0,6,0,0,0,0,0,0,83.19,0.0,0,38,3,8,32,1,8.33,0,3,1,33.33,11,6,12,2,51,40.16,4,135,54,189,212.4,41,5,373,23,3,0,Asier Villalibre,Real Racing Club,355072,2835
49,1,50.0,156,65,40.88,626,1334,1960,89.42,102,68.92,46,34,1,0,0,0,62,2,2,2,10,211,34,0,1,6,8,103,1,3,,,43,0,5.0,21,1,2,29,26,3,1,0,,74,56.49,1,0,0,232,56,11,0,34,3018,0,28,1,0,0,1,0.0,0,0,0,0,268,1,0,7.07,1,0,0,0,0,0,0,0,3018.0,0.0,0,16,4,9,9,8,80.0,0,30,19,63.33,11,112,10,2,176,63.08,159,783,1409,2192,240.5,20,4,2681,38,7,0,Sergio Barcia,UD Las Palmas,1084706,6577
38,0,0.0,31,169,31.89,95,550,645,63.55,8,100.0,0,32,0,0,0,0,276,0,0,0,9,43,32,0,0,0,3,4,2,1,,,1,0,0.0,229,0,0,46,41,5,0,0,,10,71.43,0,24,0,370,0,0,0,32,2880,0,0,0,0,0,1,0.0,8,0,1,0,378,0,17,7.07,0,0,23,69,32,101,0,17,0.0,0.0,0,0,0,0,0,1,100.0,22,2,1,50.0,0,74,1,0,18,81.82,530,405,610,1015,226.3,0,2,1332,8,0,0,Guillermo Vallejo,AD Ceuta,602242,2869
71,1,100.0,106,135,54.88,317,752,1069,84.91,41,47.13,46,27,1,0,0,0,101,1,0,4,6,147,27,0,0,4,12,80,0,1,,,21,0,10.0,17,1,2,36,32,4,1,0,,49,59.04,0,0,0,190,26,6,0,26,2328,2,22,0,0,0,1,0.0,0,0,0,0,213,1,0,7.07,0,1,0,0,0,0,0,0,2328.0,0.0,0,7,3,4,2,9,100.0,0,35,27,77.14,6,120,9,1,90,52.94,246,450,809,1259,190.9,10,2,1600,6,3,0,Luken Beitia,Real Sociedad B,1539149,24360
33,0,0.0,16,125,40.45,80,200,280,59.57,3,100.0,0,20,0,0,0,0,175,0,0,0,6,6,20,0,0,0,0,0,0,0,,,1,0,0.0,165,0,0,29,25,4,0,0,,2,100.0,0,19,0,190,0,1,0,20,1800,0,0,0,0,0,0,0.0,3,0,0,0,195,0,3,7.06,0,0,5,38,19,57,1,11,0.0,0.0,0,0,0,0,0,1,100.0,4,0,0,0.0,1,70,1,0,5,100.0,309,226,244,470,141.2,0,2,646,1,0,0,Diego Mariño,Albacete Balompié,69379,2848
90,9,21.95,231,153,55.23,625,951,1576,86.17,45,59.21,31,34,1,0,0,0,125,4,2,5,9,141,34,0,2,5,24,100,0,2,,,32,0,13.33,18,4,5,30,28,2,4,0,,70,50.36,3,0,0,253,55,13,1,33,2884,2,13,0,0,0,0,0.0,0,0,0,0,362,2,0,7.06,2,0,0,0,0,0,0,0,721.0,0.0,10,12,18,17,8,13,61.9,0,46,29,63.04,13,145,21,41,115,53.49,277,806,1023,1829,240.0,30,2,2440,11,7,0,Anaitz Arbilla,Eibar,129471,2839
57,48,28.74,266,71,50.71,538,465,1003,81.28,46,64.79,25,36,5,0,0,1,113,10,2,8,5,79,36,0,0,8,12,74,0,1,,,24,1,21.88,1,7,12,50,44,6,6,1,,88,64.23,0,0,1,231,36,40,0,29,2641,4,15,0,0,6,0,83.33,0,5,0,0,406,7,0,7.06,0,7,0,0,0,0,0,0,377.29,9.09,11,12,20,13,11,8,47.06,0,41,24,58.54,40,113,17,167,134,64.42,140,714,520,1234,254.1,32,2,1769,39,9,0,Oscar Sielva,Huesca,912047,24265
39,1,50.0,63,64,50.0,214,530,744,85.91,53,64.63,29,21,0,0,0,0,61,0,0,2,6,164,20,0,1,0,6,64,0,0,,,31,0,16.67,25,2,2,17,13,4,2,0,,45,56.25,2,0,1,122,20,3,0,20,1668,1,10,0,0,0,2,0.0,0,0,0,1,134,2,0,7.06,1,0,0,0,0,0,0,0,834.0,0.0,0,8,4,6,4,2,100.0,0,24,11,45.83,3,71,2,2,98,60.49,128,308,558,866,141.1,12,2,1172,19,7,0,Rubén,Córdoba,867365,2850
103,0,0.0,46,271,36.42,170,663,833,63.44,12,92.31,1,42,0,0,0,0,354,0,0,0,13,49,42,0,0,0,0,2,0,5,,,1,0,0.0,254,0,0,51,44,7,0,0,,5,83.33,0,29,0,480,0,0,0,42,3780,0,0,1,0,0,0,0.0,6,0,0,0,494,0,28,7.05,0,0,21,86,41,128,0,25,0.0,0.0,0,0,0,0,0,0,0.0,20,0,0,0.0,0,190,0,0,17,89.47,744,549,764,1313,296.3,0,1,1730,7,2,0,Juan Soriano,Leganés,547246,2845
3,5,55.56,17,1,50.0,22,15,37,80.43,2,50.0,2,4,0,0,0,0,10,0,1,2,0,2,4,0,0,2,4,16,0,0,,,2,0,11.11,0,1,1,5,5,0,0,1,,13,48.15,0,0,0,9,1,3,1,2,221,0,0,0,0,0,0,0.0,0,0,0,0,24,2,0,7.05,0,0,0,0,0,0,0,0,221.0,0.0,1,3,6,3,4,6,50.0,0,2,2,100.0,3,5,12,9,15,48.39,2,30,16,46,28.2,9,0,100,5,0,0,Pablo López Gómez,Mirandés,1580029,35092
72,0,0.0,56,327,41.24,234,442,676,59.09,5,100.0,0,38,0,0,0,0,286,0,0,0,9,22,38,0,1,0,1,1,0,0,,,0,0,0.0,292,0,0,56,49,7,0,0,,9,90.0,0,28,0,468,0,1,0,38,3420,0,0,0,0,0,0,0.0,6,0,1,0,473,0,7,7.05,1,0,8,68,42,113,1,15,0.0,0.0,0,0,0,0,0,0,0.0,8,1,1,100.0,1,139,0,0,14,93.33,793,645,499,1144,267.9,0,2,1458,9,2,0,Dani Jiménez,Huesca,96968,24265
2,1,16.67,43,5,41.67,62,49,111,71.15,16,38.1,26,13,2,0,0,0,23,2,8,7,0,6,13,0,0,7,6,61,0,0,,,14,0,17.86,0,5,7,17,15,2,5,0,,31,46.97,2,0,2,45,1,11,2,11,958,9,2,0,0,0,0,0.0,0,0,0,2,86,5,0,7.05,0,1,0,0,0,0,0,0,191.6,0.0,0,24,4,7,14,12,54.55,0,8,5,62.5,11,6,22,6,47,43.52,12,98,58,156,91.6,28,2,291,13,2,0,Unax del Cura,Mirandés,2012662,35092
40,6,12.0,311,33,71.74,528,242,770,81.05,41,44.09,52,37,4,0,0,0,156,7,13,12,3,45,37,0,2,43,12,159,0,1,,,29,0,25.81,0,16,20,41,37,4,16,0,,122,53.28,0,0,1,180,13,28,4,35,2941,18,1,0,0,6,0,100.0,0,6,0,4,393,29,0,7.05,2,12,0,0,0,0,0,0,183.81,0.0,0,56,6,23,27,35,56.45,0,43,26,60.47,28,63,62,50,163,50.62,46,684,266,950,260.7,62,1,1532,44,4,0,Jonathan Dubasin,Sporting Gijón,1094517,2852
55,31,37.8,300,63,55.26,530,495,1025,83.88,4,40.0,6,29,2,0,0,0,114,7,0,10,4,21,29,0,0,14,29,99,0,0,,,29,0,20.83,0,5,7,31,25,6,5,0,,88,48.62,0,0,1,197,17,42,0,28,2194,2,2,0,0,4,0,100.0,0,4,0,0,321,20,0,7.04,0,5,0,0,0,0,0,0,438.8,0.0,1,14,10,5,9,19,46.34,0,40,23,57.5,42,112,41,82,92,48.17,114,684,538,1222,204.3,24,1,1580,29,11,0,Rubén Díez,AD Ceuta,904135,2869
116,0,0.0,48,275,40.74,151,840,991,70.58,11,84.62,2,41,0,0,0,0,367,0,0,0,7,47,41,0,0,0,3,6,1,2,,,3,0,0.0,296,0,0,67,60,7,0,0,,3,42.86,0,12,0,413,0,2,0,41,3690,0,0,0,0,0,2,0.0,10,0,1,0,420,0,23,7.04,0,0,24,77,43,121,0,25,0.0,0.0,0,1,0,1,0,0,0.0,23,0,0,0.0,2,199,0,0,14,70.0,675,448,956,1404,288.8,1,2,1762,3,5,0,Édgar Badía,Cultural Leonesa,811557,2868
85,1,50.0,199,117,59.39,536,841,1377,82.85,98,58.33,70,40,0,0,0,0,195,0,1,5,16,105,40,0,0,19,28,165,0,1,,,43,0,11.11,0,2,2,31,25,6,2,0,,138,59.23,0,0,0,285,92,3,1,40,3514,2,20,0,0,0,0,0.0,0,0,0,0,383,11,0,7.04,0,1,0,0,0,0,0,0,1757.0,0.0,0,14,4,9,4,7,41.18,0,90,51,56.67,3,143,17,2,236,58.85,197,719,943,1662,281.7,18,2,2275,42,14,0,Miguel Atienza,Burgos Club de Fútbol,913684,2854
33,6,22.22,419,40,47.06,904,796,1700,89.71,30,53.57,26,32,1,0,0,0,190,2,3,8,5,28,32,0,1,27,25,168,0,3,,,71,0,9.09,21,3,4,42,39,3,3,0,,136,48.92,1,0,0,195,35,20,1,30,2669,4,5,0,1,0,0,0.0,0,0,0,0,362,21,0,7.04,1,1,0,0,0,0,0,0,889.67,0.0,0,14,19,15,10,19,44.19,0,54,30,55.56,19,72,43,27,166,49.7,85,1035,860,1895,225.3,33,0,2430,63,13,0,Gustavo Puerta,Real Racing Club,1174889,2835
69,7,24.14,291,108,67.5,717,967,1684,90.05,31,53.45,27,35,5,0,0,0,122,5,0,8,5,71,35,0,0,5,21,85,0,6,,,29,1,4.17,3,1,6,39,31,8,0,1,,77,57.04,0,0,1,186,40,23,0,29,2654,0,16,0,0,0,0,0.0,0,0,0,0,243,5,0,7.04,0,1,0,0,0,0,0,0,2654.0,12.5,8,0,24,8,8,5,62.5,0,49,26,53.06,23,101,8,29,108,55.96,160,840,1030,1870,246.4,24,2,2252,23,8,0,Sergio Molina,FC Andorra,605512,324871
1,0,0.0,73,2,66.67,115,42,157,81.77,23,58.97,16,18,0,0,0,0,17,1,3,2,1,9,18,0,0,11,3,45,0,0,,,10,0,29.63,0,8,8,10,9,1,7,1,,43,59.72,1,0,2,35,0,6,5,8,883,2,2,0,0,0,0,0.0,0,0,0,0,90,6,0,7.04,0,2,0,0,0,0,0,0,110.38,0.0,0,24,3,8,17,11,68.75,0,9,6,66.67,6,1,16,5,66,59.46,3,140,52,192,126.7,27,1,347,23,2,0,Jeremy Arevalo,Real Racing Club,1464642,2835
14,2,16.67,445,28,53.85,824,561,1385,88.67,5,35.71,9,35,9,0,0,0,109,8,3,19,4,20,35,0,1,47,14,129,0,2,,,26,0,10.0,0,6,15,45,42,3,4,2,,149,55.39,0,0,1,177,21,38,3,33,2855,7,2,0,0,0,0,0.0,0,0,0,0,329,19,0,7.04,1,3,0,0,0,0,0,0,475.83,0.0,2,27,33,24,17,53,61.63,0,39,24,61.54,38,30,86,12,154,54.42,52,958,604,1562,246.3,60,5,2070,57,4,0,Peio Canales,Real Racing Club,1464648,2835
36,1,50.0,119,73,39.46,410,848,1258,84.6,116,64.09,65,37,1,0,0,0,123,1,2,8,10,246,37,0,0,1,13,102,0,4,,,24,0,12.9,1,4,5,43,38,5,4,0,,74,66.67,4,0,0,229,39,10,0,36,3134,0,28,0,0,0,1,0.0,0,0,0,0,252,1,0,7.04,0,0,0,0,0,0,0,0,783.5,0.0,0,29,2,10,13,6,66.67,0,48,31,64.58,10,87,9,2,190,65.07,185,574,913,1487,260.3,31,1,2000,22,7,0,Pablo Vázquez,Sporting Gijón,856683,2852
50,0,0.0,25,102,33.44,56,544,600,73.62,6,85.71,1,20,0,0,0,0,162,0,0,0,6,37,20,0,0,2,0,4,1,2,,,1,0,0.0,81,0,0,22,17,5,0,0,,5,62.5,0,15,1,215,0,1,0,19,1755,0,0,0,0,0,1,0.0,4,0,1,0,224,0,12,7.04,0,0,26,39,16,55,0,11,0.0,0.0,0,0,0,0,0,1,100.0,26,2,1,50.0,1,99,1,0,11,73.33,305,209,606,815,140.7,0,1,1012,2,4,0,Jesús Owono,FC Andorra,990659,324871
8,4,23.53,108,8,36.36,187,97,284,64.25,45,33.33,90,39,5,0,1,1,68,10,10,20,4,52,39,0,0,43,18,222,0,2,,,38,0,23.53,0,24,29,31,28,3,21,3,,55,29.41,3,0,3,158,7,32,5,29,2657,16,2,1,0,8,0,75.0,0,6,0,4,349,16,0,7.03,0,16,0,0,0,0,0,0,110.71,0.0,0,83,19,31,51,15,30.0,0,14,9,64.29,32,15,50,17,100,31.06,22,316,126,442,274.3,102,7,946,26,3,0,Chupete,Málaga CF,1913386,2830
61,0,0.0,31,186,34.38,117,715,832,69.33,7,87.5,1,38,1,0,0,0,420,1,0,0,12,48,38,0,0,0,3,5,1,4,,,0,0,0.0,115,0,1,44,40,4,0,0,,7,63.64,0,22,0,368,0,2,0,38,3420,0,0,0,0,0,0,0.0,8,0,0,0,381,0,11,7.03,0,0,52,64,34,99,0,12,0.0,0.0,0,0,0,0,0,1,50.0,51,2,2,100.0,2,126,2,0,14,73.68,541,396,804,1200,267.1,0,2,1648,4,1,0,Romain Matthys,CD Castellón,991213,5067
89,0,0.0,26,171,42.33,79,906,985,79.82,7,87.5,1,35,0,0,0,0,344,2,0,0,7,32,35,0,0,0,2,3,3,1,,,0,0,0.0,177,0,0,46,40,6,0,0,,6,75.0,0,19,0,249,1,6,0,34,3105,0,0,1,0,0,0,0.0,4,0,1,0,263,0,18,7.03,0,0,27,67,30,98,0,17,0.0,0.0,0,0,0,0,0,0,0.0,26,1,1,100.0,6,148,0,0,13,81.25,404,249,985,1234,246.0,0,2,1607,5,3,0,Iker Álvarez,Córdoba,1005638,2850
1,0,0.0,6,0,0.0,11,4,15,83.33,5,41.67,7,4,1,0,0,0,4,1,0,0,0,1,4,0,0,2,1,14,0,0,,,4,0,40.0,0,2,3,2,2,0,2,0,,3,30.0,1,0,0,3,0,1,1,2,226,1,0,0,0,0,0,0.0,0,0,0,0,7,2,0,7.03,0,0,0,0,0,0,0,0,113.0,0.0,0,5,0,2,3,1,100.0,0,0,0,0.0,1,2,1,0,8,36.36,1,14,4,18,28.1,5,0,36,2,0,0,Manex Lozano,Real Racing Club,2236496,2835
21,0,0.0,15,65,37.57,41,95,136,55.51,2,66.67,1,8,0,0,0,0,61,0,0,0,2,10,8,0,0,0,0,2,0,0,,,0,0,0.0,61,0,0,12,11,1,0,0,,1,50.0,0,6,0,109,0,0,0,8,720,0,0,0,0,0,0,0.0,0,0,0,0,114,0,5,7.03,0,0,3,17,11,28,0,7,0.0,0.0,0,0,0,0,0,0,0.0,3,0,0,0.0,0,35,1,0,3,60.0,173,130,115,245,56.2,0,1,327,1,2,0,David Gil,Cádiz,138390,4488
42,3,27.27,310,40,50.0,817,940,1757,88.65,13,30.23,30,40,4,0,0,0,162,3,2,10,10,63,40,0,0,33,47,207,0,3,,,73,0,0.0,0,0,4,35,31,4,0,0,,248,58.35,0,0,0,225,49,21,0,38,3337,0,19,0,0,0,0,0.0,0,0,0,0,358,20,0,7.02,0,0,0,0,0,0,0,0,0.0,0.0,0,10,18,11,7,14,32.56,0,136,73,53.68,21,74,43,11,261,55.77,80,976,1006,1982,280.8,28,0,2678,98,5,0,Lorenzo Amatucci,UD Las Palmas,1100207,6577
34,42,22.11,282,33,47.14,446,169,615,73.48,25,39.68,38,40,9,0,0,1,153,14,9,22,3,18,40,0,0,49,43,247,0,1,,,49,3,13.51,0,15,24,48,43,5,9,6,,161,43.51,0,0,5,222,19,62,2,33,2805,22,4,0,0,3,0,66.67,0,2,0,0,621,20,0,7.02,1,13,0,0,0,0,0,0,187.0,17.65,17,51,60,45,44,44,38.26,0,60,39,65.0,62,59,115,190,186,42.96,70,618,219,837,280.6,111,5,1740,58,7,1,Adrián Embarba,Almería,346516,2858
31,6,18.18,201,25,52.08,316,123,439,82.36,8,32.0,17,27,2,0,0,1,64,10,6,7,0,8,27,0,1,32,18,125,0,1,,,18,0,12.82,0,5,7,28,24,4,5,0,,122,53.04,1,0,3,94,4,38,3,16,1438,2,0,0,0,1,0,0.0,0,0,0,1,250,8,0,7.01,1,1,0,0,0,0,0,0,287.6,0.0,0,26,13,15,17,67,61.47,0,19,13,68.42,38,50,109,33,130,50.98,48,393,140,533,189.4,39,2,920,36,9,0,Lucas Ribeiro,Cultural Leonesa,954688,2868
32,38,33.63,485,41,44.09,825,398,1223,82.97,42,44.21,53,41,4,0,0,0,155,14,9,12,5,23,41,0,0,54,28,193,1,0,,,29,0,15.38,0,8,12,47,41,6,7,1,,137,49.46,1,0,3,251,14,77,1,41,3357,9,3,0,2,1,1,100.0,0,1,0,0,567,25,0,7.0,0,6,0,0,0,0,0,0,419.63,0.0,0,35,17,16,24,46,56.79,0,50,34,68.0,75,63,81,113,179,48.12,93,1019,455,1474,287.1,52,2,2177,41,7,0,César Gelabert,Sporting Gijón,883156,2852
47,5,29.41,307,63,73.26,624,598,1222,89.99,27,45.76,32,33,1,0,0,0,147,3,3,10,4,24,33,0,0,40,26,157,1,0,,,34,0,12.5,0,4,5,30,28,2,4,0,,142,53.18,0,0,1,136,27,39,0,30,2525,0,5,0,0,0,0,0.0,0,0,0,0,275,17,0,7.0,0,4,0,0,0,0,0,0,631.25,0.0,1,17,15,12,10,55,65.48,0,43,29,67.44,39,72,84,17,169,51.84,86,714,644,1358,231.0,32,3,1829,46,5,0,Dani Lorenzo,Málaga CF,1465424,2830
4,0,0.0,20,14,32.56,57,93,150,73.17,13,52.0,12,8,0,0,0,0,17,0,0,0,0,32,8,0,0,0,2,20,0,0,,,6,0,50.0,2,1,1,10,9,1,1,0,,22,73.33,1,0,0,55,8,0,0,6,545,0,7,0,0,0,0,0.0,0,0,0,0,64,0,0,7.0,0,0,0,0,0,0,0,0,545.0,0.0,0,1,1,1,1,0,0.0,0,17,13,76.47,0,12,1,0,35,63.64,43,93,112,205,56.0,2,1,307,5,2,0,Adrián Pica,Mirandés,1122488,35092
9,0,0.0,49,15,83.33,113,66,179,89.5,0,0.0,1,8,1,0,0,0,14,0,0,0,0,5,8,0,1,2,2,5,0,1,,,0,0,0.0,0,0,1,2,1,1,0,0,,12,75.0,0,0,0,21,1,3,0,0,225,0,1,0,0,0,0,0.0,0,0,0,0,27,2,0,7.0,1,0,0,0,0,0,0,0,0.0,0.0,0,0,0,0,0,2,100.0,0,5,4,80.0,3,11,2,0,12,70.59,18,128,72,200,56.0,0,0,235,5,0,0,Ramón Enríquez,Málaga CF,990800,2830
0,0,0.0,3,5,21.74,4,16,20,52.63,4,100.0,0,2,0,0,0,0,17,0,0,0,0,2,2,0,0,0,0,0,0,0,,,0,0,0.0,20,0,0,2,2,0,0,0,,2,100.0,0,7,0,18,0,0,0,2,180,0,0,0,0,0,0,0.0,0,0,0,0,18,0,1,7.0,0,0,1,4,1,5,0,0,0.0,0.0,0,0,0,0,0,0,0.0,1,0,0,0.0,0,1,0,0,6,100.0,23,18,20,38,14.0,0,0,68,2,1,0,Plamen Andreev,Real Racing Club,1122621,2835
15,0,0.0,6,30,39.47,18,175,193,79.1,0,0.0,0,8,0,0,0,0,87,0,0,0,2,7,8,0,0,0,2,2,1,0,,,0,0,0.0,43,0,0,15,13,2,0,0,,2,50.0,0,7,0,51,0,0,0,8,675,0,0,0,0,0,0,0.0,1,0,0,0,55,0,1,7.0,0,0,6,19,7,26,0,8,0.0,0.0,0,0,0,0,0,0,0.0,6,1,0,0.0,0,28,0,0,2,50.0,76,58,186,244,56.0,0,1,347,1,0,0,Carlos Marín,Córdoba,791989,2850
98,51,30.36,460,101,65.16,930,621,1551,88.23,18,31.03,40,39,4,0,0,0,186,9,1,14,6,30,39,0,0,29,38,170,0,0,,,45,0,2.7,0,1,5,43,38,5,1,0,,138,51.49,0,0,1,207,55,60,1,38,3359,3,18,0,1,1,1,100.0,0,1,0,1,430,12,0,6.99,1,0,0,0,0,0,0,0,3359.0,0.0,5,7,30,11,12,19,46.34,0,84,62,73.81,59,153,41,168,156,47.85,155,1078,680,1758,272.7,37,2,2423,36,11,1,Álex Corredera,Sporting Gijón,352654,2852
104,0,0.0,33,212,47.53,104,769,873,78.58,4,100.0,0,26,0,0,0,0,222,1,0,0,8,26,26,0,0,0,0,0,0,1,,,1,0,0.0,97,0,0,33,27,6,0,0,,3,100.0,0,21,0,238,0,4,0,26,2339,0,0,0,0,0,0,0.0,4,0,0,0,251,0,9,6.99,0,0,21,46,26,72,0,11,0.0,0.0,0,0,0,0,0,1,100.0,21,0,0,0.0,4,153,1,0,7,100.0,446,289,822,1111,181.7,0,1,1343,2,0,0,Luca Zidane,Granada,802133,33779
96,2,28.57,125,162,50.78,395,1125,1520,85.06,69,66.35,35,40,1,0,0,0,121,2,2,2,16,216,40,0,0,6,15,103,0,5,,,45,0,11.76,0,2,3,32,25,7,2,0,,65,48.87,0,0,0,267,48,12,2,40,3585,1,30,0,0,0,0,0.0,0,0,0,0,311,1,0,6.99,0,0,0,0,0,0,0,0,1792.5,0.0,0,13,4,13,2,9,75.0,0,40,20,50.0,12,199,12,7,134,56.54,319,584,1203,1787,279.5,17,2,2265,16,7,0,Grego Sierra,Burgos Club de Fútbol,893768,2854
18,24,21.43,226,12,37.5,353,229,582,73.67,17,36.96,29,34,4,0,0,0,124,7,1,10,0,19,34,0,0,44,13,173,0,1,,,39,0,9.09,0,2,6,35,31,4,2,0,,149,50.85,0,0,1,208,10,33,1,29,2345,5,2,0,0,0,0,0.0,0,0,0,0,487,13,0,6.99,0,1,0,0,0,0,0,0,1172.5,0.0,0,17,5,5,7,67,56.3,0,44,31,70.45,33,39,119,112,166,48.97,32,515,275,790,237.5,22,3,1387,39,4,0,Kialy Abdoul Kone,AD Ceuta,1082970,2869
33,49,25.65,191,30,41.1,318,126,444,73.03,4,26.67,11,41,5,0,0,0,94,15,1,17,1,7,41,0,0,20,10,73,0,2,,,9,1,11.76,0,8,13,35,31,4,5,3,,80,56.34,0,0,4,164,13,48,8,21,2072,7,2,0,0,2,0,100.0,0,2,0,1,416,21,0,6.98,0,0,0,0,0,0,0,0,259.0,10.0,10,27,41,29,22,35,60.34,0,14,6,42.86,48,70,58,191,84,53.5,73,449,159,608,286.3,68,2,1146,31,2,0,Jon Morcillo,Almería,966804,2858
23,20,28.57,215,50,62.5,387,276,663,81.25,17,36.17,30,22,5,0,0,0,93,6,0,6,3,36,22,0,0,9,32,122,0,0,,,31,0,4.0,0,1,6,20,16,4,0,1,,105,53.3,0,0,0,153,21,29,0,22,1883,4,8,0,0,0,1,0.0,0,0,0,1,288,11,0,6.98,0,1,0,0,0,0,0,0,1883.0,0.0,0,11,14,17,2,28,56.0,0,46,30,65.22,29,47,50,70,122,50.0,80,500,316,816,153.6,25,1,1310,31,5,0,Adrià Altimira,Deportivo de A Coruña,980732,2832
24,16,25.0,270,40,43.48,464,383,847,81.21,19,38.78,30,31,1,0,0,0,131,4,0,4,8,70,31,0,0,27,38,179,0,0,,,57,0,0.0,0,0,1,26,22,4,0,0,,175,54.01,0,0,0,196,43,31,0,30,2588,0,13,0,0,0,1,0.0,0,0,0,0,411,10,0,6.98,0,0,0,0,0,0,0,0,0.0,0.0,0,5,4,3,2,44,58.67,0,102,74,72.55,31,53,75,64,194,52.01,92,600,443,1043,216.4,9,1,1971,30,9,0,Carlos Puga,Málaga CF,1164708,2830
41,0,0.0,24,113,36.45,58,527,585,74.52,3,100.0,0,20,0,0,0,0,161,0,0,0,6,18,20,0,0,0,1,1,0,1,,,0,0,0.0,77,0,0,23,17,6,0,0,,4,80.0,0,22,0,200,0,0,0,20,1800,0,0,0,0,0,0,0.0,1,0,0,0,203,0,9,6.98,0,0,7,36,25,62,0,8,0.0,0.0,0,0,0,0,0,0,0.0,7,1,0,0.0,0,98,0,0,7,87.5,310,208,577,785,139.6,0,1,998,3,1,0,Germán Parreño,Deportivo de A Coruña,950678,2832
70,40,37.74,327,80,65.04,578,550,1128,81.09,37,50.68,36,38,4,0,0,0,120,10,5,2,1,23,38,0,0,35,21,138,0,1,,,35,0,17.65,0,6,10,21,18,3,6,0,,89,46.6,1,0,1,263,6,52,5,36,2807,5,2,0,0,5,0,100.0,0,5,0,0,445,17,0,6.98,0,0,0,0,0,0,0,0,467.83,0.0,2,22,12,14,18,12,48.0,0,42,24,57.14,52,127,25,106,126,47.73,123,772,619,1391,265.2,34,1,1861,36,6,0,Curro Sánchez,Burgos Club de Fútbol,826655,2854
46,2,40.0,196,76,69.09,381,367,748,83.3,26,76.47,8,27,2,0,0,0,122,0,1,9,3,29,27,0,2,16,14,89,0,3,,,41,0,8.57,0,3,5,30,27,3,2,1,,99,55.0,0,0,0,150,17,22,0,26,1969,0,10,0,0,0,0,0.0,0,0,0,0,227,12,0,6.98,2,3,0,0,0,0,0,0,656.33,0.0,0,11,24,14,12,18,60.0,0,59,37,62.71,22,70,30,5,125,58.41,110,487,411,898,188.4,35,1,1252,23,10,0,Dion Lopy,Almería,982327,2858
43,46,21.5,259,43,40.95,443,350,793,77.59,25,56.82,19,36,1,0,0,0,156,12,1,4,7,63,36,0,0,32,42,199,0,0,,,70,0,6.67,0,1,2,33,32,1,1,0,,226,55.67,1,0,1,229,29,50,0,33,2819,8,7,0,0,0,1,0.0,0,0,0,0,576,14,0,6.98,1,0,0,0,0,0,0,0,2819.0,0.0,0,7,8,7,4,51,55.43,0,98,66,67.35,50,89,92,214,251,55.78,105,600,422,1022,251.2,15,0,2142,78,11,1,Iván Alejo,Real Valladolid,352486,2831
68,3,17.65,336,76,63.33,680,453,1133,86.89,21,50.0,21,34,3,0,0,0,120,4,3,7,1,34,34,0,0,15,16,93,0,0,,,25,0,4.76,0,1,4,33,29,4,0,1,,99,57.89,0,0,0,171,21,36,1,21,2168,0,6,0,0,0,0,0.0,0,0,0,0,256,5,0,6.98,0,0,0,0,0,0,0,0,2168.0,0.0,0,8,13,9,5,11,37.93,0,51,31,60.78,36,98,29,17,120,56.34,120,797,507,1304,237.2,21,3,1633,37,4,0,Bicho,Cultural Leonesa,318615,2868
20,0,0.0,16,82,28.77,59,412,471,69.26,18,100.0,0,33,0,0,0,0,241,0,0,0,7,41,33,0,0,0,2,2,3,2,,,0,0,0.0,228,0,0,52,47,5,0,0,,2,50.0,0,25,0,209,0,0,0,33,2970,0,0,0,0,0,0,0.0,5,0,0,0,214,0,17,6.98,0,0,30,68,34,104,0,22,0.0,0.0,0,0,0,0,0,0,0.0,29,0,0,0.0,0,56,0,1,20,90.91,285,232,448,680,230.2,0,2,1010,2,0,0,Jokin Ezkieta,Real Racing Club,786969,2835
23,0,0.0,225,21,43.75,527,444,971,86.31,15,55.56,12,27,3,0,0,0,78,2,3,6,1,19,26,0,0,14,21,57,1,0,,,4,0,25.0,0,4,7,19,17,2,2,2,,37,45.12,0,0,1,154,8,22,0,15,1440,0,2,0,0,0,0,0.0,0,0,0,0,210,8,0,6.97,0,4,0,0,0,0,0,0,360.0,0.0,1,5,11,3,7,3,33.33,0,22,10,45.45,22,53,9,2,52,47.71,48,644,481,1125,181.2,16,0,1316,14,1,0,Kirian Rodríguez,UD Las Palmas,964985,6577
77,3,16.67,203,109,58.29,482,537,1019,85.27,43,61.43,27,33,2,0,0,0,124,3,1,8,8,71,33,0,0,11,23,127,0,1,,,60,0,16.67,0,4,6,30,24,6,3,1,,105,51.22,1,0,0,176,21,17,0,28,2352,1,8,0,1,2,0,100.0,0,2,0,1,251,4,0,6.97,0,3,0,0,0,0,0,0,588.0,0.0,1,16,8,10,6,8,53.33,0,60,40,66.67,16,133,15,18,148,53.82,187,612,583,1195,229.9,24,0,1583,37,11,0,Rubén Alcaraz,Granada,259339,33779
33,4,57.14,236,40,34.48,573,745,1318,84.16,62,49.21,64,36,1,0,0,0,159,3,0,1,11,65,36,0,0,14,29,163,0,3,,,48,0,33.33,0,2,3,26,24,2,1,1,,146,59.59,0,0,0,248,38,14,1,32,2794,1,20,0,0,0,0,0.0,0,0,0,0,324,12,0,6.97,0,1,0,0,0,0,0,0,1397.0,0.0,0,3,3,2,3,11,52.38,0,109,62,56.88,14,79,21,7,208,56.06,116,750,816,1566,250.8,6,0,2012,27,7,0,Sergio Álvarez,Eibar,116692,2839
7,36,28.13,144,22,53.66,253,165,418,79.47,12,29.27,29,35,2,0,0,0,85,5,6,16,1,16,34,0,0,38,23,136,0,0,,,20,1,14.29,0,9,11,34,27,7,6,3,,80,42.78,1,0,4,108,13,48,1,28,2402,15,2,0,1,0,0,0.0,0,0,0,1,365,14,0,6.96,0,7,0,0,0,0,0,0,266.89,16.67,6,37,26,23,24,17,38.64,0,22,15,68.18,47,22,44,128,92,40.35,41,345,181,526,236.8,63,1,1082,41,5,0,José Manuel Arnáiz,Granada,824130,33779
24,0,0.0,22,77,39.09,62,176,238,66.3,2,100.0,0,11,0,0,0,0,99,0,0,1,4,9,11,0,0,0,1,1,0,0,,,0,0,0.0,56,0,0,11,11,0,0,0,,1,50.0,0,4,0,121,0,0,0,11,990,0,0,0,0,0,0,0.0,1,0,0,0,123,0,5,6.96,0,0,7,10,12,22,0,7,0.0,0.0,0,1,0,0,0,1,100.0,7,0,0,0.0,0,57,1,0,3,75.0,197,168,191,359,76.6,1,0,450,0,0,0,Alvaro Aceves,Real Valladolid,1112734,2831
31,0,0.0,17,110,35.95,75,369,444,69.05,8,100.0,0,22,0,0,0,0,163,1,0,0,5,16,22,0,0,0,1,2,0,0,,,1,0,0.0,105,0,0,21,16,5,0,0,,1,33.33,0,20,0,199,0,1,0,22,1980,0,0,0,0,0,1,0.0,5,0,3,0,202,0,7,6.96,0,0,5,29,19,49,1,9,0.0,0.0,0,0,0,0,0,0,0.0,5,0,0,0.0,1,70,0,0,9,81.82,306,237,406,643,153.2,0,1,812,1,2,0,Álvaro Ferllo,Deportivo de A Coruña,852412,2832
54,0,0.0,107,109,40.52,375,838,1213,81.46,71,66.98,35,34,1,0,0,0,114,2,0,1,10,165,34,0,0,8,14,91,0,0,,,34,0,17.65,26,3,4,35,30,5,3,0,,79,58.52,3,0,0,276,38,6,0,33,2951,1,24,0,0,0,2,0.0,0,0,0,0,308,1,0,6.96,1,0,0,0,0,0,0,0,983.67,0.0,0,16,1,11,5,9,90.0,0,32,21,65.63,6,128,10,2,150,62.24,269,583,906,1489,236.7,17,4,1897,39,6,1,Manuel Lama,Granada,998748,33779
7,1,25.0,66,7,58.33,97,50,147,67.74,52,59.09,36,36,4,0,0,0,32,2,9,6,0,24,36,0,0,27,7,115,0,0,,,36,0,20.69,0,12,16,23,16,7,12,0,,41,34.17,0,0,0,70,4,20,1,17,1531,20,0,0,0,0,1,0.0,0,0,0,2,163,11,0,6.96,0,11,0,0,0,0,0,0,127.58,0.0,2,49,9,25,27,11,42.31,0,10,6,60.0,20,9,26,4,93,44.71,12,157,60,217,250.5,58,2,481,20,7,0,Zakaria Eddahchouri,Deportivo de A Coruña,979476,2832
5,8,18.18,145,8,53.33,233,79,312,77.81,22,38.6,35,19,6,0,0,0,62,7,1,9,3,11,19,0,0,37,11,145,0,1,,,15,0,5.41,0,2,8,23,20,3,2,0,,74,40.22,1,0,2,89,7,23,1,19,1611,11,1,0,0,0,0,0.0,0,0,0,0,288,8,0,6.96,0,0,0,0,0,0,0,0,805.5,0.0,0,28,9,15,13,27,35.53,0,18,8,44.44,23,10,76,44,96,39.83,15,302,99,401,132.2,37,3,834,29,2,0,Souleymane Faye,Granada,1002343,33779
9,24,22.22,134,10,52.63,216,110,326,73.92,28,50.0,28,37,5,0,0,0,108,12,7,10,2,17,37,0,1,78,18,247,0,1,,,43,1,8.89,0,4,9,36,29,7,3,1,,187,46.06,0,0,1,115,6,35,1,27,2420,8,3,0,1,0,1,0.0,0,0,0,2,490,9,0,6.96,1,3,0,0,0,0,0,0,605.0,11.11,9,29,16,16,19,61,41.5,0,40,25,62.5,34,19,147,108,215,46.54,19,309,132,441,257.4,45,4,1252,87,7,0,Duk,Leganés,1390389,2845
26,55,30.73,213,22,44.0,311,141,452,74.96,22,37.93,36,34,8,0,0,0,94,16,7,19,2,6,34,0,0,42,17,170,0,0,,,42,1,10.77,0,7,15,35,32,3,5,2,,99,42.49,0,0,1,151,9,47,7,25,2360,11,0,0,2,1,0,100.0,0,1,0,0,452,24,0,6.96,0,0,0,0,0,0,0,0,337.14,11.11,9,39,26,25,21,24,40.68,0,22,15,68.18,45,51,59,179,121,41.58,50,440,163,603,236.5,65,3,1211,54,4,0,Chuki,Real Valladolid,1137584,2831
58,48,25.67,322,63,69.23,462,192,654,81.14,5,29.41,12,40,10,0,0,0,95,12,2,13,1,15,40,0,0,35,20,121,0,0,,,23,0,10.34,0,3,13,26,19,7,3,0,,108,49.77,0,0,3,152,8,80,3,30,2479,3,2,0,0,0,0,0.0,0,0,0,0,412,12,0,6.96,0,0,0,0,0,0,0,0,826.33,0.0,2,18,11,9,7,32,50.0,0,30,17,56.67,80,105,64,187,113,48.29,91,583,223,806,278.2,29,1,1352,46,4,0,Luismi Cruz,Deportivo de A Coruña,966526,2832
33,7,28.0,393,43,55.13,715,409,1124,82.28,42,55.26,34,37,1,0,0,0,150,5,1,9,7,40,37,0,0,22,28,155,1,0,,,51,0,9.09,0,2,3,38,36,2,1,1,,157,56.47,0,0,2,242,57,28,0,29,2616,2,7,0,2,0,0,0.0,0,0,0,0,392,14,0,6.95,1,2,0,0,0,0,0,0,1308.0,0.0,0,12,10,8,5,20,46.51,0,74,52,70.27,26,50,43,25,199,56.21,78,896,470,1366,257.2,22,2,1957,65,6,1,Beñat Gerenabarrena,CD Castellón,1171619,5067
41,16,17.02,189,69,38.33,419,363,782,74.55,50,55.56,40,37,4,0,0,0,154,5,1,12,15,110,37,0,0,19,28,180,0,2,,,51,0,2.86,1,1,5,24,19,5,1,0,,174,55.41,0,0,1,267,44,23,0,35,3071,3,7,0,0,0,0,0.0,0,0,0,0,548,13,0,6.95,0,1,0,0,0,0,0,0,3071.0,0.0,0,17,18,14,9,41,47.67,0,82,48,58.54,23,89,86,94,224,55.45,180,594,455,1049,257.2,35,2,2116,52,8,0,Álex Lizancos,Burgos Club de Fútbol,1594557,2854
42,3,20.0,277,37,57.81,575,415,990,84.26,65,60.19,43,36,0,0,0,0,121,1,5,11,4,38,36,0,0,16,28,178,0,0,,,63,0,5.26,0,2,2,35,32,3,2,0,,165,55.0,1,0,2,185,39,26,0,32,2611,2,7,0,0,0,0,0.0,0,0,0,1,307,9,0,6.95,0,1,0,0,0,0,0,0,1305.5,0.0,0,24,14,19,8,26,47.27,0,90,46,51.11,26,74,55,15,230,56.37,64,705,470,1175,250.2,38,2,1706,51,11,0,Daniel Requena,Córdoba,1521658,2850
7,2,22.22,51,4,66.67,84,43,127,80.89,13,52.0,12,8,0,0,0,0,29,2,0,1,0,9,8,0,0,6,4,36,0,0,,,4,0,0.0,0,0,0,4,2,2,0,0,,41,63.08,0,0,0,30,0,4,0,4,385,1,0,0,0,0,0,0.0,0,0,0,0,78,3,0,6.95,0,0,0,0,0,0,0,0,0.0,0.0,2,3,6,6,2,14,58.33,0,10,4,40.0,4,7,24,9,54,60.0,6,107,50,157,55.6,9,0,284,17,1,0,Paulino de la Fuente,Real Zaragoza,982545,2815
40,0,0.0,95,47,41.59,240,303,543,79.97,28,62.22,17,22,0,0,0,0,68,0,0,3,5,57,21,0,0,0,9,51,0,2,,,25,0,0.0,1,0,0,18,18,0,0,0,,68,66.67,0,0,1,136,41,6,0,14,1391,0,9,0,0,0,0,0.0,0,0,0,0,152,3,0,6.95,0,0,0,0,0,0,0,0,0.0,0.0,0,7,1,4,1,7,100.0,0,51,40,78.43,6,101,7,5,96,65.31,113,338,341,679,145.9,8,2,918,10,3,0,Eric Curbelo,Sporting Gijón,868227,2852
24,0,0.0,58,182,31.93,142,247,389,49.43,4,100.0,0,26,0,0,0,0,222,1,0,0,1,8,26,0,1,0,2,3,1,1,,,1,0,0.0,213,0,0,39,34,5,0,0,,3,50.0,0,16,0,398,1,2,0,25,2295,0,0,0,0,0,1,0.0,7,0,0,0,403,0,6,6.95,1,0,9,55,30,87,2,23,0.0,0.0,0,0,0,0,0,0,0.0,9,1,0,0.0,2,54,0,0,7,70.0,570,500,287,787,180.6,0,1,992,2,5,0,Juan Palomares,Mirandés,1163771,35092
12,17,34.0,154,10,50.0,199,59,258,78.9,5,27.78,13,29,2,0,0,0,67,3,2,16,0,4,27,0,0,19,7,98,0,0,,,27,0,4.76,0,2,4,17,13,4,2,0,,88,50.87,1,0,3,69,6,21,0,14,1263,8,3,0,0,0,0,0.0,0,0,0,0,209,6,0,6.94,0,1,0,0,0,0,0,0,631.5,0.0,1,21,21,13,13,30,45.45,0,21,15,71.43,21,20,66,50,93,48.69,20,255,72,327,187.5,42,1,669,37,5,0,Kevin Medina,Córdoba,1092777,2850
43,21,30.0,166,32,48.48,287,208,495,77.46,19,54.29,16,23,2,0,0,0,73,7,0,7,6,43,23,0,0,12,17,87,0,0,,,21,0,7.14,0,1,3,17,15,2,1,0,,82,53.59,0,0,1,144,13,20,0,21,1698,0,7,0,1,0,0,0.0,0,0,0,0,283,7,0,6.94,0,1,0,0,0,0,0,0,1698.0,0.0,0,6,8,3,4,26,55.32,0,39,22,56.41,19,81,47,70,101,53.72,66,382,257,639,159.6,14,0,1126,17,3,0,Rubén Peña,Leganés,255973,2845
21,29,34.94,222,19,40.43,394,248,642,76.25,45,59.21,31,41,6,0,0,0,121,8,11,14,5,28,41,0,0,28,46,187,0,1,,,35,0,21.05,0,12,18,26,21,5,11,1,,138,46.94,2,0,0,200,20,41,10,36,2954,3,2,0,0,5,0,100.0,0,5,0,2,412,15,0,6.94,0,0,0,0,0,0,0,0,246.17,0.0,1,39,18,22,21,20,29.41,0,60,36,60.0,41,39,68,83,183,49.46,47,538,304,842,284.5,57,1,1441,59,9,0,David González,Burgos Club de Fútbol,1108592,2854
30,0,0.0,50,46,43.4,148,242,390,82.8,26,55.32,21,14,0,0,0,0,26,0,3,2,2,76,14,0,0,1,4,36,0,0,,,9,0,20.0,0,2,2,15,14,1,2,0,,17,53.13,2,0,1,81,10,1,0,11,1096,0,7,0,0,0,0,0.0,0,0,0,0,87,0,0,6.94,0,0,0,0,0,0,0,0,548.0,0.0,0,9,1,4,4,0,0.0,0,13,3,23.08,1,51,1,0,43,54.43,106,209,262,471,97.1,10,2,625,4,0,0,Lluís López,Albacete Balompié,807117,2848
26,47,24.74,276,19,27.54,476,290,766,73.23,41,47.13,46,40,6,0,0,1,164,12,5,23,13,46,40,0,0,39,37,226,0,0,,,44,0,10.29,0,7,13,36,31,5,6,1,,144,44.44,0,0,1,280,32,65,0,40,3434,7,4,0,2,4,1,75.0,0,3,0,0,638,32,0,6.94,0,7,0,0,0,0,0,0,490.57,0.0,0,39,29,19,26,45,41.28,0,44,26,59.09,63,69,109,190,185,45.01,69,708,338,1046,277.4,68,3,1898,55,14,0,José Corpas,Eibar,811572,2839
2,8,17.78,82,12,66.67,139,78,217,70.23,31,51.67,29,25,2,0,0,0,78,3,9,9,0,16,25,0,0,14,17,136,0,1,,,35,0,17.65,0,9,11,20,17,3,8,1,,87,44.85,0,0,4,92,7,21,2,20,1577,13,3,0,0,0,0,0.0,0,0,0,0,248,11,0,6.93,0,6,0,0,0,0,0,0,175.22,0.0,0,39,12,22,20,32,40.51,0,29,17,58.62,21,10,79,45,118,46.46,18,209,100,309,173.3,51,1,712,27,7,0,Job Ochieng,Real Sociedad B,1111081,24360
12,16,31.37,149,25,55.56,239,121,360,80.0,14,38.89,22,25,1,0,0,0,61,3,1,7,3,14,25,0,0,12,14,82,0,1,,,11,0,20.0,0,5,6,21,17,4,4,1,,67,52.76,0,0,1,90,18,19,2,17,1576,7,2,0,0,0,0,0.0,0,0,0,1,207,5,0,6.93,0,3,0,0,0,0,0,0,315.2,0.0,0,13,12,6,12,25,52.08,0,21,12,57.14,19,27,48,51,81,49.69,45,303,147,450,173.3,25,2,803,21,2,0,David Mella,Deportivo de A Coruña,1146312,2832
24,15,18.75,249,31,63.27,391,153,544,76.3,5,20.0,20,38,6,0,0,0,110,12,9,23,0,12,38,0,0,33,33,144,0,0,,,24,0,7.35,0,5,11,32,28,4,3,2,,118,48.76,0,0,5,169,26,40,1,32,2478,14,1,0,1,0,0,0.0,0,0,0,1,374,26,0,6.93,0,4,0,0,0,0,0,0,495.6,0.0,0,52,16,25,20,39,53.42,0,36,21,58.33,39,41,73,80,123,46.07,49,534,179,713,263.4,68,4,1242,44,4,0,Joaquín Muñoz,Málaga CF,904964,2830
18,34,41.46,217,15,53.57,334,105,439,83.78,7,41.18,10,32,6,0,0,0,45,9,3,8,0,13,32,0,0,23,12,69,0,1,,,12,0,16.67,0,6,12,13,12,1,6,0,,43,42.16,0,0,2,85,6,35,6,7,1105,3,0,0,0,2,0,100.0,0,2,0,0,210,3,0,6.93,0,0,0,0,0,0,0,0,184.17,0.0,4,21,15,13,15,12,44.44,0,15,10,66.67,35,49,27,82,50,42.02,28,403,121,524,221.7,36,2,834,16,4,0,Israel Suero,CD Castellón,891314,5067
64,18,28.13,377,63,39.38,675,452,1127,79.03,16,38.1,26,40,7,0,0,0,136,9,1,4,8,78,40,0,0,18,34,131,0,2,,,26,0,8.33,0,2,9,43,39,4,1,1,,165,61.11,0,0,0,299,28,36,0,38,3336,5,9,0,1,0,0,0.0,0,0,0,0,481,4,0,6.93,1,2,0,0,0,0,0,0,1668.0,0.0,0,16,8,9,11,31,51.67,0,115,77,66.96,35,147,60,64,181,58.01,160,874,552,1426,277.1,24,4,2290,19,5,1,Guille Rosas,Sporting Gijón,1010498,2852
50,36,24.32,249,39,28.68,392,191,583,68.43,33,47.83,36,36,7,0,0,0,125,13,0,3,6,39,35,0,0,24,27,127,0,1,,,24,0,0.0,0,0,7,40,36,4,0,0,,108,54.27,0,0,0,269,40,58,0,28,2372,1,10,0,0,0,0,0.0,0,0,0,0,603,14,0,6.93,0,0,0,0,0,0,0,0,0.0,0.0,0,11,0,7,1,17,48.57,0,77,42,54.55,58,120,35,148,141,52.61,136,608,244,852,242.4,11,1,1715,14,6,0,Fran Gámez,Albacete Balompié,914731,2848
36,26,27.66,192,43,50.59,352,162,514,73.64,15,23.08,50,25,1,0,0,0,95,7,10,13,4,11,25,0,0,20,30,146,0,0,,,30,0,16.67,0,7,8,32,27,5,7,0,,65,40.37,3,0,1,184,8,45,0,24,2062,2,0,0,1,0,0,0.0,0,0,0,0,358,22,0,6.92,0,4,0,0,0,0,0,0,294.57,0.0,2,31,11,9,20,13,41.94,0,30,16,53.33,44,74,31,94,80,35.4,85,507,191,698,173.1,42,2,1122,22,1,0,Agustin Medina,Albacete Balompié,592068,2848
75,0,0.0,63,215,41.19,147,387,534,63.2,10,100.0,0,31,0,0,0,0,238,0,0,0,7,39,31,0,0,0,0,3,1,2,,,3,0,0.0,208,0,0,46,43,3,0,0,,3,50.0,0,19,0,311,0,2,0,31,2790,0,0,0,0,0,3,0.0,10,0,2,0,323,0,13,6.92,0,0,24,47,38,86,0,19,0.0,0.0,0,0,0,0,0,1,100.0,24,0,0,0.0,2,125,1,0,13,81.25,522,425,420,845,214.6,0,0,1146,2,1,0,Guilherme Fernandes,Real Valladolid,1410332,2831
48,23,24.21,211,85,37.28,441,513,954,75.3,42,51.85,39,40,3,0,0,0,108,5,1,2,16,160,40,0,0,8,19,127,0,0,,,51,0,9.09,1,2,5,32,25,7,2,0,,144,62.07,0,0,0,313,47,29,2,39,3488,7,11,0,0,0,0,0.0,0,0,0,1,546,0,0,6.92,0,0,0,0,0,0,0,0,1744.0,0.0,0,19,3,14,6,9,42.86,0,62,34,54.84,29,126,21,95,186,59.42,228,654,613,1267,276.9,22,4,2312,73,12,0,Florian Miguel,Burgos Club de Fútbol,777067,2854
2,0,0.0,38,5,71.43,58,40,98,68.53,8,47.06,9,18,0,0,0,0,31,0,1,4,0,17,18,0,0,6,11,51,0,0,,,17,0,24.0,0,6,6,8,7,1,4,2,,31,42.47,0,0,0,45,3,2,2,9,798,1,0,0,0,1,0,100.0,0,1,0,1,115,6,0,6.92,0,4,0,0,0,0,0,0,133.0,0.0,3,10,15,10,11,12,57.14,0,10,8,80.0,2,4,21,18,39,43.33,7,88,55,143,124.6,25,2,314,10,3,0,Iuri Tabatadze,Cádiz,921355,4488
10,8,21.62,130,23,41.07,294,298,592,85.55,24,51.06,23,24,0,0,0,0,65,3,0,3,2,72,24,0,0,0,4,48,0,0,,,16,0,0.0,0,0,0,13,10,3,0,0,,68,73.12,0,0,0,100,25,13,0,17,1555,2,7,0,0,0,0,0.0,0,0,0,0,169,2,0,6.92,0,0,0,0,0,0,0,0,0.0,0.0,0,8,7,9,3,10,66.67,0,36,22,61.11,13,24,15,37,92,65.71,56,358,334,692,166.1,15,1,1126,23,4,0,Ximo Navarro,Deportivo de A Coruña,150864,2832
26,16,26.23,96,13,40.63,154,84,238,75.56,9,56.25,7,15,1,0,0,0,22,3,0,6,0,3,15,0,0,4,11,38,0,0,,,6,0,5.56,0,1,2,6,6,0,0,1,,30,49.18,0,0,1,77,2,17,0,6,646,1,0,0,0,0,0,0.0,0,0,0,0,153,1,0,6.92,0,1,0,0,0,0,0,0,646.0,0.0,3,6,12,9,3,6,37.5,0,7,3,42.86,17,46,16,61,39,50.65,32,216,99,315,103.8,18,1,489,17,1,0,Javi Ontiveros,Cádiz,825750,4488
27,19,22.89,187,23,57.5,283,96,379,82.93,5,41.67,7,27,4,0,0,0,51,7,1,17,0,6,27,0,0,23,8,71,1,0,,,22,0,3.39,0,2,6,16,13,3,1,1,,70,52.24,0,0,2,78,5,28,1,11,1057,1,0,0,0,0,0,0.0,0,0,0,0,225,14,0,6.91,0,1,0,0,0,0,0,0,528.5,0.0,5,16,43,24,18,26,66.67,0,24,18,75.0,28,48,39,83,75,51.37,40,352,105,457,186.7,59,1,810,20,3,0,Yeray Cabanzon,FC Andorra,1150431,324871
43,0,0.0,96,52,51.49,207,248,455,77.65,27,57.45,20,21,2,0,0,0,65,1,0,5,0,35,21,0,0,4,13,67,0,2,,,24,0,0.0,0,0,2,17,16,1,0,0,,62,56.88,0,0,0,131,21,10,0,13,1042,0,2,0,0,0,0,0.0,0,0,0,0,154,2,0,6.91,0,0,0,0,0,0,0,0,0.0,0.0,0,3,6,3,1,7,53.85,0,46,25,54.35,10,71,13,2,89,57.05,101,305,281,586,145.2,9,0,788,9,5,0,Juanpe,Málaga CF,828966,2830
66,26,29.21,300,76,61.79,598,465,1063,85.73,12,54.55,10,30,3,0,0,0,133,5,2,5,4,21,30,0,0,34,29,135,1,2,,,43,0,0.0,0,0,3,34,31,3,0,0,,131,51.17,0,0,1,177,21,33,0,22,1959,1,2,0,0,0,0,0.0,0,0,0,0,342,12,0,6.91,0,0,0,0,0,0,0,0,0.0,0.0,8,4,19,11,7,37,63.79,0,49,36,73.47,33,103,58,89,143,51.44,123,719,521,1240,207.4,23,1,1700,45,7,0,Marino Illescas,AD Ceuta,1082965,2869
30,0,0.0,59,49,47.57,153,241,394,77.25,28,60.87,18,12,0,0,0,0,43,3,1,0,1,28,12,0,0,1,6,32,0,1,,,7,0,14.29,9,1,1,14,11,3,1,0,,28,66.67,0,0,0,116,11,6,0,8,820,3,6,0,0,0,0,0.0,0,0,0,0,126,0,0,6.91,0,1,0,0,0,0,0,0,820.0,0.0,0,6,1,6,1,1,50.0,0,16,7,43.75,6,61,2,0,56,63.64,103,248,262,510,82.9,7,2,631,11,6,0,Alberto Rodríguez,Real Zaragoza,862481,2815
42,2,22.22,107,72,47.06,333,653,986,85.74,50,64.1,28,28,0,0,0,0,80,0,2,8,6,141,28,0,1,9,12,81,0,2,,,28,0,6.67,5,1,1,21,16,5,1,0,,67,55.83,1,0,0,164,26,3,0,23,2067,1,16,1,0,0,0,0.0,0,0,0,0,232,1,0,6.91,1,0,0,0,0,0,0,0,2067.0,0.0,0,13,2,4,3,11,57.89,0,41,18,43.9,3,74,19,9,117,59.09,153,436,714,1150,193.4,15,3,1578,16,5,0,Lucas Noubi,Deportivo de A Coruña,1127337,2832
50,11,14.29,241,79,50.32,479,419,898,80.04,25,51.02,24,30,3,0,0,1,121,3,2,2,6,79,30,0,0,15,21,100,2,1,,,23,0,0.0,0,0,3,34,31,3,0,0,,142,65.14,0,0,1,224,34,20,0,28,2361,1,12,0,0,1,0,0.0,0,0,0,0,385,11,0,6.91,0,0,0,0,0,0,0,0,0.0,0.0,0,3,5,5,1,25,56.82,0,82,56,68.29,20,105,44,77,167,62.55,157,649,473,1122,207.2,8,2,1832,35,6,0,Iza Carcelén,Cádiz,800403,4488
30,15,32.61,115,31,59.62,206,132,338,81.25,3,25.0,9,16,3,0,0,0,47,3,0,4,0,5,16,0,0,16,7,53,0,0,,,20,0,6.25,0,1,4,9,8,1,0,1,,53,54.64,0,0,1,78,4,15,1,12,843,0,3,0,0,0,0,0.0,0,0,0,0,146,5,0,6.91,1,0,0,0,0,0,0,0,843.0,0.0,3,3,13,8,4,3,50.0,0,17,10,58.82,15,50,6,46,56,51.38,52,267,149,416,110.5,16,1,604,33,4,1,Ronaldo,CD Castellón,112166,5067
20,12,38.71,150,19,47.5,263,192,455,81.83,18,47.37,20,17,2,0,0,0,52,8,2,6,4,34,17,0,0,9,9,77,0,0,,,26,0,4.76,0,1,3,19,15,4,1,0,,61,51.69,0,0,1,101,16,21,0,15,1409,5,5,0,0,0,0,0.0,0,0,0,0,204,2,0,6.91,0,1,0,0,0,0,0,0,1409.0,0.0,0,14,7,9,6,9,39.13,0,28,20,71.43,21,29,23,31,79,50.64,40,329,227,556,117.4,21,1,987,24,3,0,Carlos Isaac,Córdoba,913214,2850
24,40,30.53,272,29,49.15,452,262,714,79.96,13,35.14,24,39,3,0,0,1,122,15,6,16,5,18,39,0,0,37,20,151,0,1,,,27,0,4.76,0,3,6,36,30,6,2,1,,129,50.39,0,0,1,179,10,61,3,35,3010,3,1,0,0,1,0,0.0,0,0,0,1,432,17,0,6.91,0,0,0,0,0,0,0,0,1003.33,0.0,2,26,37,27,20,34,43.59,0,45,26,57.78,61,51,78,131,142,48.46,59,595,298,893,269.3,63,4,1527,50,4,0,Juan Cruz,Leganés,936234,2845
58,5,45.45,109,94,43.32,380,922,1302,86.8,43,61.43,27,33,0,0,0,0,95,1,3,4,8,152,33,0,0,3,7,58,0,2,,,19,0,0.0,40,0,0,32,27,5,0,0,,64,67.37,0,0,0,198,32,13,0,31,2643,0,18,0,1,0,0,0.0,0,0,0,0,233,3,0,6.9,0,0,0,0,0,0,0,0,0.0,0.0,0,13,0,7,2,9,81.82,0,37,23,62.16,12,131,11,11,107,64.85,217,527,973,1500,227.8,13,1,1927,19,9,0,Lalo Aguilar,Leganés,1391437,2845
5,0,0.0,6,15,57.69,39,140,179,86.06,17,73.91,6,7,0,0,0,0,9,0,0,0,0,46,7,0,0,0,2,10,0,1,,,2,0,50.0,0,1,1,8,7,1,1,0,,12,75.0,1,0,0,29,4,1,0,7,513,0,4,0,0,0,0,0.0,0,0,0,0,34,0,0,6.9,0,0,0,0,0,0,0,0,513.0,0.0,0,2,0,1,1,0,0.0,0,7,6,85.71,1,10,0,1,29,74.36,26,59,149,208,48.3,2,0,295,5,2,0,Nikola Maraš,Mirandés,101156,35092
1,0,0.0,4,1,33.33,7,3,10,71.43,0,0.0,0,1,0,0,0,0,1,0,0,0,0,0,1,0,0,0,1,2,0,0,,,1,0,0.0,0,0,0,0,0,0,0,0,,3,60.0,0,0,0,4,1,0,0,1,21,0,0,0,0,0,0,0.0,0,0,0,0,4,0,0,6.9,0,0,0,0,0,0,0,0,0.0,0.0,0,0,0,0,0,0,0.0,0,2,1,50.0,0,1,0,0,3,60.0,3,9,5,14,6.9,0,0,19,1,0,0,Luismi Sanchez,Málaga CF,383438,2830
14,0,0.0,5,24,35.29,9,83,92,67.15,1,100.0,0,4,0,0,0,0,50,0,0,0,0,6,4,0,0,0,1,1,1,0,,,0,0,0.0,9,0,0,7,7,0,0,0,,1,50.0,0,1,0,45,0,0,0,4,360,0,0,0,0,0,0,0.0,2,0,0,0,46,0,2,6.9,0,0,8,6,3,9,0,0,0.0,0.0,0,0,0,0,0,0,0.0,7,0,0,0.0,0,24,0,0,2,66.67,68,39,98,137,27.6,0,0,181,1,0,0,Amir Abedzadeh,CD Castellón,828247,5067
54,3,20.0,198,111,61.33,518,681,1199,84.02,48,65.75,25,36,0,0,0,0,141,0,0,7,5,52,36,0,1,9,26,100,0,1,,,31,0,0.0,0,0,0,32,27,5,0,0,,95,55.88,0,0,0,228,41,8,0,34,2621,1,16,0,0,0,0,0.0,0,0,0,1,293,5,0,6.9,1,0,0,0,0,0,0,0,0.0,0.0,0,7,13,10,3,18,60.0,0,46,25,54.35,8,96,30,15,143,58.85,181,684,743,1427,248.4,20,0,1791,31,7,0,Jesús Álvarez,Huesca,986261,24265
42,3,23.08,206,69,58.97,452,433,885,81.42,66,65.35,35,33,2,0,0,0,111,1,1,4,3,53,32,0,0,19,16,128,0,1,,,54,0,4.0,0,1,3,36,30,6,0,1,,85,47.75,0,0,1,202,34,9,0,25,2187,0,17,0,0,0,0,0.0,0,0,0,0,271,11,0,6.9,0,1,0,0,0,0,0,0,2187.0,0.0,0,5,20,17,4,13,76.47,0,45,25,55.56,9,74,17,13,151,54.12,117,587,500,1087,220.7,25,0,1466,27,7,0,Stefan Džodić,Almería,1152889,2858
59,9,18.0,343,59,39.07,785,750,1535,84.25,30,51.72,28,38,1,0,0,0,135,1,1,9,11,112,38,0,0,7,19,109,0,0,,,41,0,16.67,0,5,6,35,31,4,4,1,,103,55.98,0,0,0,287,69,19,4,37,3339,2,13,1,0,0,0,0.0,0,0,0,0,445,3,0,6.89,0,1,0,0,0,0,0,0,667.8,0.0,4,16,14,11,10,9,39.13,0,52,33,63.46,19,118,23,50,133,54.96,151,994,828,1822,262.0,30,3,2687,43,9,0,Enrique Clemente,UD Las Palmas,992504,6577
19,21,29.58,132,25,43.1,237,124,361,79.17,25,50.0,25,18,5,0,0,0,48,6,0,8,1,14,18,0,0,21,8,97,0,0,,,33,0,0.0,0,0,5,17,15,2,0,0,,69,48.94,0,0,2,95,9,28,0,14,1204,2,4,0,0,0,0,0.0,0,0,0,0,219,6,0,6.89,0,0,0,0,0,0,0,0,0.0,0.0,0,10,9,8,3,15,57.69,0,34,15,44.12,28,52,26,71,94,49.21,58,306,150,456,124.1,19,0,760,20,4,0,Dani Rodríguez,Leganés,349526,2845
9,4,18.18,148,17,80.95,270,199,469,87.34,9,50.0,9,28,1,0,0,0,82,2,4,16,2,8,28,0,0,15,9,94,0,2,,,23,0,6.25,0,2,3,15,12,3,1,1,,103,54.79,0,0,2,68,4,14,0,18,1550,3,0,0,2,0,0,0.0,0,0,0,0,191,9,0,6.89,0,2,0,0,0,0,0,0,775.0,0.0,0,23,9,4,12,45,53.57,0,24,19,79.17,12,16,84,22,112,54.37,21,318,219,537,193.0,32,1,870,34,5,0,Malcom Ares,Eibar,1391487,2839
43,15,25.86,241,57,66.28,442,315,757,80.96,17,40.48,25,36,4,0,0,0,124,7,2,7,2,22,36,0,0,43,19,142,0,2,,,36,0,22.22,0,6,10,39,33,6,6,0,,130,52.63,0,0,0,178,18,44,5,32,2723,1,6,0,0,0,0,0.0,0,0,0,0,358,15,0,6.89,0,1,0,0,0,0,0,0,453.83,0.0,0,15,12,11,9,21,45.65,0,59,34,57.63,44,78,46,58,147,50.87,86,587,348,935,248.1,27,0,1444,50,4,0,Pedro Alemañ,Granada,996933,33779
14,1,50.0,105,22,53.66,214,217,431,85.35,15,55.56,12,18,1,0,0,0,73,1,0,1,1,16,18,0,0,14,8,63,0,2,,,21,0,9.09,0,1,2,20,17,3,0,1,,73,58.87,0,0,1,74,11,11,0,13,1210,0,8,0,0,0,0,0.0,0,0,0,0,111,3,0,6.89,0,1,0,0,0,0,0,0,1210.0,0.0,0,2,9,3,7,12,60.0,0,29,15,51.72,11,22,20,2,88,58.28,41,261,244,505,124.0,11,1,703,32,4,0,Izan González,Granada,2235122,33779
5,2,28.57,51,4,66.67,77,53,130,69.52,20,35.09,37,17,1,0,0,0,28,2,6,6,0,8,17,0,0,19,5,93,0,0,,,19,0,21.43,0,6,7,11,8,3,6,0,,40,41.67,1,0,0,57,1,8,2,10,920,2,1,0,0,0,0,0.0,0,0,0,0,141,6,0,6.89,0,3,0,0,0,0,0,0,153.33,0.0,0,24,4,8,14,12,44.44,0,10,6,60.0,8,10,27,7,60,39.22,6,115,72,187,117.1,28,1,385,18,2,0,Bil Nsongo,Deportivo de A Coruña,2335487,2832
55,6,11.32,539,40,45.45,928,519,1447,84.52,5,14.29,30,41,8,0,0,0,201,8,2,13,3,22,41,0,0,31,36,179,0,2,,,42,0,18.92,0,7,15,48,40,8,7,0,,147,49.66,0,0,1,265,29,63,1,37,3203,2,1,0,0,1,1,100.0,0,1,0,2,470,28,0,6.89,0,6,0,0,0,0,0,0,457.57,0.0,3,24,13,13,11,26,36.62,0,91,58,63.74,63,109,71,53,152,45.92,88,1122,590,1712,282.4,37,1,2281,30,7,0,Daniel Villahermosa,FC Andorra,1012440,324871
5,2,40.0,78,3,50.0,126,85,211,63.75,59,47.97,64,39,2,0,0,0,52,2,23,4,1,14,39,0,0,25,10,153,0,0,,,22,0,24.14,0,14,16,19,16,3,14,0,,78,46.71,0,0,3,120,11,17,1,23,2031,20,0,0,0,3,0,100.0,0,3,0,2,294,13,0,6.89,0,13,0,0,0,0,0,0,145.07,0.0,0,56,2,19,35,15,30.0,0,9,3,33.33,17,15,50,5,137,47.24,6,227,104,331,268.6,58,4,743,57,2,0,Javier Martón,Eibar,1082215,2839
4,1,8.33,180,11,32.35,285,152,437,63.61,100,53.19,88,35,2,0,0,0,74,5,9,17,1,30,35,0,0,44,14,228,1,1,,,55,0,24.24,0,16,18,48,43,5,16,0,,68,32.69,3,0,1,250,7,30,12,31,2660,22,5,0,0,6,0,100.0,0,6,0,1,426,17,0,6.89,0,1,0,0,0,0,0,0,166.25,0.0,1,55,11,22,27,20,39.22,0,11,7,63.64,30,24,51,12,168,42.42,34,496,191,687,241.0,66,2,1116,41,10,0,Carlos Fernández,Mirandés,782396,35092
14,0,0.0,40,30,52.63,170,340,510,88.85,24,63.16,14,14,0,0,0,0,52,0,0,0,4,62,14,0,0,2,1,35,0,1,,,16,0,0.0,0,0,0,15,14,1,0,0,,28,57.14,0,0,0,64,13,0,0,14,1171,1,12,0,0,0,0,0.0,0,0,0,0,76,0,0,6.89,0,0,0,0,0,0,0,0,0.0,0.0,0,3,0,3,0,4,57.14,0,19,13,68.42,0,22,7,0,52,59.77,57,215,359,574,96.4,3,0,738,5,5,0,Franck Fomeyem,Córdoba,964966,2850
13,3,25.0,104,13,76.47,163,93,256,67.02,46,54.76,38,40,3,0,0,0,60,5,29,15,2,23,40,0,0,44,11,152,0,0,,,29,0,16.09,0,14,17,43,38,5,12,2,,85,42.71,3,0,1,126,5,30,10,34,2734,34,2,0,0,0,0,0.0,0,0,0,2,345,20,0,6.89,0,1,0,0,0,0,0,0,195.29,0.0,0,79,8,37,35,39,53.42,0,8,6,75.0,30,21,73,12,131,46.29,17,267,115,382,275.4,87,3,892,38,2,0,Adrian Fuentes,Córdoba,941238,2850
16,0,0.0,25,31,46.27,139,337,476,88.64,27,71.05,11,12,0,0,0,0,32,0,1,2,2,62,12,0,0,0,3,24,0,0,,,10,0,0.0,0,0,0,14,10,4,0,0,,20,60.61,0,0,0,61,12,1,0,10,878,2,6,0,0,0,0,0.0,0,0,0,1,65,0,0,6.88,0,0,0,0,0,0,0,0,0.0,0.0,0,8,0,4,2,3,100.0,0,13,10,76.92,1,32,3,1,47,66.2,67,189,348,537,82.6,8,3,670,4,2,0,Rodrigo Ely,Almería,168745,2858
3,1,4.55,73,6,66.67,128,59,187,86.57,4,36.36,7,18,1,0,0,0,25,1,2,6,0,5,17,0,0,8,10,48,0,0,,,10,0,19.05,0,4,5,6,4,2,4,0,,44,51.76,0,0,2,29,2,13,1,8,731,2,1,0,0,0,0,0.0,0,0,0,0,100,4,0,6.88,0,3,0,0,0,0,0,0,182.75,0.0,0,16,5,3,12,25,62.5,0,9,4,44.44,13,5,40,22,48,50.0,9,151,65,216,117.0,21,0,395,10,3,0,Estanis Pedrola,UD Las Palmas,1142256,6577
31,0,0.0,129,62,51.24,416,708,1124,88.57,44,62.86,26,27,0,0,0,0,105,0,1,3,4,101,27,0,0,9,9,68,1,1,,,20,0,0.0,5,0,0,28,26,2,0,0,,54,56.25,0,0,0,145,24,4,0,22,1977,0,16,0,0,0,1,0.0,0,0,0,0,183,0,0,6.88,0,0,0,0,0,0,0,0,0.0,0.0,0,4,5,5,1,8,61.54,0,27,17,62.96,4,59,13,5,98,59.04,121,510,759,1269,185.8,9,1,1563,19,7,0,Pablo Ramón,Real Racing Club,962381,2835
32,18,31.58,283,42,62.69,495,256,751,80.75,31,45.59,37,37,4,0,0,0,99,7,1,15,1,26,37,0,0,47,27,182,0,0,,,47,0,13.04,0,6,10,39,35,4,4,2,,123,45.9,1,0,1,179,18,28,4,30,2465,11,2,0,0,0,0,0.0,0,0,0,0,376,19,0,6.88,0,1,0,0,0,0,0,0,410.83,0.0,2,30,16,15,16,18,40.0,0,32,18,56.25,28,61,45,57,154,45.83,67,627,303,930,254.6,46,0,1472,73,5,0,Kuki Zalazar,AD Ceuta,794946,2869
51,6,23.08,334,73,69.52,657,652,1309,90.84,16,40.0,24,38,4,0,0,0,123,5,2,11,5,30,37,0,0,24,31,146,0,1,,,51,0,6.45,0,2,6,34,28,6,1,1,,112,47.86,0,0,1,132,25,34,2,25,2297,2,4,0,0,0,1,0.0,0,0,0,0,237,13,0,6.88,0,0,0,0,0,0,0,0,1148.5,0.0,1,10,21,10,10,28,59.57,0,58,35,60.34,34,79,47,26,128,46.72,105,752,689,1441,254.6,31,3,1837,27,4,0,Marc Domenech,FC Andorra,1391612,324871
53,10,34.48,373,85,75.22,723,553,1276,88.18,13,29.55,31,37,3,0,0,0,172,4,2,6,3,24,37,0,0,28,22,132,0,0,,,41,0,5.0,0,1,4,34,32,2,1,0,,98,49.25,0,0,1,171,34,30,0,29,2461,2,3,0,0,0,0,0.0,0,0,0,0,271,14,0,6.88,0,1,0,0,0,0,0,0,2461.0,0.0,0,5,15,6,8,18,62.07,0,57,31,54.39,30,84,29,29,111,45.68,113,854,593,1447,254.6,20,3,1822,23,8,0,Julien Ponceau,Real Valladolid,942844,2831
32,2,66.67,175,47,58.75,472,590,1062,86.34,41,62.12,25,36,0,0,0,0,205,1,0,11,8,62,36,0,0,21,20,114,1,1,,,39,0,6.9,0,2,2,37,31,6,0,2,,113,55.94,0,0,1,168,39,6,1,29,2721,0,12,0,0,0,1,0.0,0,0,0,0,250,12,0,6.88,0,1,0,0,0,0,0,0,1360.5,0.0,0,1,28,13,5,14,50.0,0,63,35,55.56,6,50,28,3,154,57.46,80,574,656,1230,247.6,29,0,1660,36,8,0,Moussa Diakité,Cádiz,1432130,4488
52,4,26.67,229,96,50.26,585,988,1573,88.37,35,54.69,29,36,1,0,0,0,153,1,0,5,8,142,36,0,1,13,15,90,0,1,,,29,0,0.0,3,0,1,41,36,5,0,0,,106,63.47,0,0,1,207,45,12,0,35,3069,3,16,0,0,0,1,0.0,0,0,0,0,287,3,0,6.88,1,0,0,0,0,0,0,0,0.0,0.0,0,10,4,9,0,13,68.42,0,51,28,54.9,12,110,19,15,141,61.04,191,730,1050,1780,247.6,14,0,2326,43,12,0,Marvel,Leganés,1142691,2845
13,3,13.64,60,19,41.3,142,139,281,77.62,8,36.36,14,13,0,0,0,0,45,0,0,3,2,31,13,0,0,9,5,52,0,0,,,16,0,10.0,0,1,1,14,13,1,1,0,,44,53.66,1,0,0,81,10,4,0,9,917,0,2,0,0,0,0,0.0,0,0,0,0,137,1,0,6.88,0,0,0,0,0,0,0,0,917.0,0.0,0,2,8,5,2,2,20.0,0,32,22,68.75,4,31,10,22,52,50.0,46,198,164,362,89.4,10,0,599,10,4,0,Javi Mier,Huesca,966945,24265
35,0,0.0,48,60,54.55,151,406,557,87.44,26,61.9,16,13,0,0,0,0,23,0,1,0,2,67,13,0,0,0,3,35,1,1,,,18,0,0.0,23,0,0,14,13,1,0,0,,22,53.66,0,0,0,80,23,2,0,11,1031,1,9,0,0,0,1,0.0,0,0,0,0,85,0,0,6.88,0,0,0,0,0,0,0,0,0.0,0.0,0,4,0,2,2,0,0.0,0,17,8,47.06,2,65,0,1,48,57.83,110,216,421,637,89.4,4,1,792,5,4,0,Jorge Sáenz,Leganés,592098,2845
18,3,25.0,198,21,55.26,345,194,539,73.84,96,53.04,85,38,1,0,0,0,72,5,7,18,5,47,38,0,0,53,13,257,0,0,,,63,0,11.11,0,7,8,22,19,3,7,0,,148,46.25,1,0,2,191,9,22,4,32,2859,15,2,0,0,0,0,0.0,0,0,0,2,426,19,0,6.88,1,2,0,0,0,0,0,0,408.43,0.0,0,60,3,21,24,32,39.51,0,41,25,60.98,22,36,81,12,244,48.7,38,494,236,730,261.3,63,0,1373,76,6,1,Fernando Niño,Burgos Club de Fútbol,1016019,2854
68,30,19.87,272,51,56.67,413,227,640,79.5,1,14.29,6,27,3,0,0,1,94,7,1,15,2,6,27,0,0,25,23,105,1,0,,,19,0,3.33,0,1,4,33,30,3,0,1,,105,51.47,0,0,1,165,15,38,1,24,1962,4,1,0,0,1,1,0.0,0,0,0,0,383,14,0,6.87,0,0,0,0,0,0,0,0,1962.0,0.0,4,13,17,6,9,32,48.48,0,27,14,51.85,38,113,66,151,106,50.24,90,543,262,805,185.6,30,0,1266,46,4,0,Suso,Cádiz,96370,4488
27,28,25.23,177,38,35.19,332,383,715,75.42,94,73.44,34,35,2,0,0,0,90,3,0,10,13,115,35,0,0,14,20,113,0,0,,,35,0,5.88,0,1,3,27,24,3,1,0,,95,54.6,0,0,0,233,31,26,1,33,2863,3,7,0,0,0,1,0.0,0,0,0,0,479,2,0,6.87,0,0,0,0,0,0,0,0,2863.0,0.0,4,10,7,4,3,22,61.11,0,47,32,68.09,26,67,36,111,189,62.58,108,521,427,948,240.5,17,2,1778,28,4,0,Sergio Cubero,Eibar,1010772,2839
57,0,0.0,65,211,35.64,169,401,570,59.5,4,57.14,3,34,0,0,0,0,277,0,0,0,9,44,34,0,0,0,0,3,0,2,,,0,0,0.0,278,0,0,49,41,8,0,0,,7,100.0,0,18,0,388,0,1,0,34,3060,0,0,0,0,0,0,0.0,6,0,0,0,401,0,16,6.87,0,0,21,63,38,101,0,23,0.0,0.0,0,0,0,0,0,1,100.0,20,1,1,100.0,1,118,1,0,11,78.57,592,512,446,958,233.6,0,2,1290,5,0,0,Victor Wehbi Aznar,Cádiz,1011486,4488
71,1,33.33,77,98,46.45,288,798,1086,83.93,59,50.86,57,29,0,0,0,0,82,1,1,2,8,167,29,0,0,4,9,100,0,3,,,28,0,0.0,29,0,0,29,25,4,0,0,,49,53.26,0,0,0,208,29,5,0,26,2279,3,19,0,0,0,0,0.0,0,0,0,0,233,0,0,6.87,0,0,0,0,0,0,0,0,0.0,0.0,0,9,0,4,3,3,50.0,0,29,15,51.72,5,134,6,3,108,51.92,211,435,859,1294,199.2,9,1,1656,19,7,0,Ignasi Miquel,Leganés,144606,2845
82,4,44.44,265,103,60.95,557,683,1240,85.87,24,40.68,35,35,2,0,0,0,169,5,3,3,5,31,34,0,0,29,23,128,0,2,,,36,0,14.29,0,3,5,33,30,3,3,0,,96,50.79,1,0,1,204,18,35,0,29,2498,1,4,0,0,0,0,0.0,0,0,0,0,292,10,0,6.87,1,2,0,0,0,0,0,0,832.67,0.0,0,7,14,8,10,21,72.41,0,43,24,55.81,35,130,29,9,120,48.39,169,703,741,1444,233.5,21,1,1786,32,6,1,Seydouba Cisse,Leganés,906065,2845
24,0,0.0,66,53,44.54,246,501,747,86.86,48,53.93,41,24,0,0,0,0,83,0,3,2,4,137,24,0,0,2,4,79,0,1,,,32,0,20.0,1,2,2,31,27,4,2,0,,62,62.0,2,0,0,113,26,3,0,22,1951,0,19,0,0,0,1,0.0,0,0,0,0,128,2,0,6.87,0,0,0,0,0,0,0,0,975.5,0.0,0,10,0,2,6,5,71.43,0,37,25,67.57,3,52,7,2,110,58.2,119,331,529,860,164.8,10,1,1172,21,7,0,Lucas Perrin,Sporting Gijón,941077,2852
9,10,17.54,94,17,32.08,204,151,355,77.01,35,47.3,39,32,4,0,0,0,53,3,2,2,2,50,31,0,0,7,9,101,0,1,,,28,0,0.0,0,0,4,15,14,1,0,0,,99,61.49,0,0,1,106,38,15,0,15,1526,1,7,0,0,0,0,0.0,0,0,0,3,232,3,0,6.86,0,0,0,0,0,0,0,0,0.0,0.0,0,9,1,5,3,19,48.72,0,45,28,62.22,15,26,39,57,134,57.02,53,292,169,461,212.8,10,0,952,36,7,0,Lorenzo Aguado,Albacete Balompié,1526535,2848
14,5,21.74,51,10,50.0,91,113,204,82.26,3,33.33,6,12,2,0,0,0,24,2,0,0,0,8,11,0,0,6,0,16,0,0,,,2,0,16.67,0,1,3,8,8,0,0,1,,17,62.96,0,0,0,44,5,6,1,6,429,0,0,0,0,0,0,0.0,0,0,0,0,81,2,0,6.86,0,0,0,0,0,0,0,0,429.0,0.0,2,1,5,4,2,3,60.0,0,5,3,60.0,6,22,5,23,20,55.56,20,122,126,248,75.5,6,1,343,9,1,0,José Campaña,AD Ceuta,96373,2869
94,7,43.75,244,85,45.45,593,711,1304,78.18,110,60.77,71,35,1,0,0,0,217,5,3,7,10,75,35,0,1,15,58,217,0,1,,,67,0,3.85,0,1,2,40,38,2,1,0,,141,49.13,0,0,1,364,65,25,1,35,3016,2,6,0,0,0,0,0.0,0,0,0,0,441,11,0,6.86,1,0,0,0,0,0,0,0,3016.0,0.0,0,18,8,15,4,13,59.09,0,105,63,60.0,25,172,22,16,251,53.63,187,833,835,1668,240.2,26,0,2213,23,10,0,Stanko Jurić,Real Valladolid,921417,2831
50,1,12.5,68,71,42.01,199,621,820,84.8,35,58.33,25,31,0,0,0,0,70,2,2,2,10,90,29,0,0,0,14,70,0,0,,,28,0,0.0,1,0,0,15,12,3,0,0,,55,55.0,0,0,0,147,34,8,0,22,2046,2,11,0,0,0,0,0.0,0,0,0,1,169,1,0,6.86,0,0,0,0,0,0,0,0,0.0,0.0,0,9,1,5,3,0,0.0,0,30,22,73.33,8,97,3,8,90,56.25,169,312,655,967,199.0,10,2,1232,26,9,0,Sergio González,Burgos Club de Fútbol,914123,2854
42,1,25.0,128,45,60.0,341,450,791,89.48,9,64.29,5,22,1,0,0,0,46,0,0,2,0,26,21,0,0,2,14,46,1,0,,,22,0,0.0,1,0,1,15,10,5,0,0,,42,50.6,0,0,0,93,14,4,0,13,1146,1,4,0,0,0,0,0.0,0,0,0,0,123,1,0,6.86,0,0,0,0,0,0,0,0,0.0,0.0,0,0,8,4,2,3,50.0,0,20,10,50.0,4,70,6,4,51,52.58,75,404,480,884,144.1,8,0,1045,19,4,0,José Ángel Jurado,Deportivo de A Coruña,152770,2832
46,1,20.0,452,35,45.45,835,464,1299,83.64,40,54.05,34,39,3,0,0,0,176,2,5,10,4,33,39,0,0,19,49,175,0,1,,,65,0,11.43,0,4,7,42,38,4,4,0,,128,47.58,1,0,2,254,25,20,1,36,2955,1,7,0,0,0,2,0.0,0,0,0,0,335,15,0,6.86,0,2,0,0,0,0,0,0,738.75,0.0,0,23,12,18,7,18,54.55,0,89,48,53.93,20,78,33,5,168,48.98,77,1000,553,1553,267.6,35,1,1967,21,9,0,Diego Barri,CD Castellón,905379,5067
41,14,24.14,243,29,31.87,409,279,688,77.83,27,56.25,21,25,2,0,0,0,84,5,0,4,5,44,23,0,0,6,16,84,0,0,,,29,0,9.09,0,1,3,26,23,3,0,1,,82,56.55,0,0,0,196,21,26,0,22,1861,0,3,0,0,0,0,0.0,0,0,0,0,308,9,0,6.86,0,1,0,0,0,0,0,0,1861.0,0.0,0,3,8,4,3,20,60.61,0,33,16,48.48,26,87,33,58,109,56.48,91,556,328,884,157.8,11,2,1381,29,6,0,Martín Aguirregabiria,Real Zaragoza,868262,2815
7,2,13.33,154,10,52.63,246,102,348,75.0,13,33.33,26,33,3,0,0,0,55,3,11,13,0,6,32,0,0,26,6,103,0,0,,,27,0,21.28,0,10,13,23,20,3,8,2,,68,46.9,0,0,1,116,3,24,0,23,1859,27,1,0,0,2,0,100.0,0,2,0,2,234,23,0,6.86,0,10,0,0,0,0,0,0,185.9,0.0,0,36,11,10,24,18,50.0,0,29,12,41.38,24,13,36,15,81,44.02,19,342,122,464,219.5,47,2,748,21,1,0,Jesé Rodríguez,UD Las Palmas,110781,6577
10,4,26.67,120,17,77.27,190,93,283,81.79,11,52.38,10,19,0,0,0,0,51,2,6,6,2,12,19,0,0,23,17,93,0,0,,,17,0,18.18,0,4,4,10,10,0,4,0,,62,42.76,0,0,0,63,7,13,2,14,1062,5,1,0,0,0,1,0.0,0,0,0,0,155,11,0,6.86,0,2,0,0,0,0,0,0,265.5,0.0,0,18,4,4,12,11,28.95,0,35,24,68.57,13,17,38,15,73,43.98,22,242,104,346,130.3,22,1,607,17,1,0,Amath Ndiaye,Real Valladolid,845168,2831
29,26,31.71,298,51,62.96,653,648,1301,90.98,8,29.63,19,35,4,0,0,0,107,8,0,5,1,16,35,0,0,15,26,106,0,1,,,27,0,0.0,0,0,4,26,20,6,0,0,,75,46.3,0,0,0,129,21,32,0,24,2125,4,3,0,0,0,1,0.0,0,0,0,0,256,12,0,6.86,0,0,0,0,0,0,0,0,0.0,0.0,0,6,8,6,3,13,40.63,0,45,28,62.22,32,46,32,82,83,43.92,81,743,687,1430,240.0,14,0,1787,17,5,0,Aleix Garrido,Eibar,1142244,2839
39,2,14.29,204,47,63.51,461,386,847,87.23,7,31.82,15,25,0,0,0,0,100,3,1,4,2,26,25,0,0,9,11,74,1,3,,,26,0,0.0,1,0,0,26,22,4,0,0,,86,59.31,0,0,0,124,23,16,0,21,1763,0,8,0,0,0,0,0.0,0,0,0,0,189,5,0,6.86,0,0,0,0,0,0,0,0,0.0,0.0,0,2,7,4,1,14,51.85,0,36,20,55.56,16,72,27,14,93,55.69,74,543,428,971,171.4,9,1,1253,36,8,0,Keidi Bare,Real Zaragoza,862480,2815
16,14,22.58,99,21,48.84,160,129,289,75.85,9,39.13,14,29,1,0,0,0,46,5,0,1,2,25,27,0,0,9,14,64,0,0,,,13,0,37.5,0,3,4,10,8,2,3,0,,37,42.53,1,0,0,92,11,16,1,8,1027,0,3,0,0,0,0,0.0,0,0,0,0,216,2,0,6.86,0,1,0,0,0,0,0,0,342.33,0.0,0,6,2,3,4,10,38.46,0,18,12,66.67,16,25,26,62,46,41.82,43,226,155,381,185.1,8,1,705,9,5,0,Álvaro Rodríguez,Eibar,867406,2839
27,1,33.33,174,46,66.67,394,492,886,86.86,35,47.95,38,36,0,0,0,0,101,0,4,5,6,59,36,0,0,7,32,117,0,0,,,30,0,12.5,0,2,2,25,18,7,1,1,,87,52.41,0,0,0,134,46,10,0,29,2466,4,15,0,0,0,0,0.0,0,0,0,0,182,9,0,6.86,0,2,0,0,0,0,0,0,1233.0,0.0,0,12,4,4,7,12,50.0,0,56,30,53.57,10,33,24,3,122,51.05,69,478,542,1020,246.8,16,0,1361,20,5,0,Diego Villares,Deportivo de A Coruña,964849,2832
49,1,14.29,107,74,49.33,310,543,853,85.64,42,54.55,35,31,0,0,0,0,108,2,0,6,2,88,31,0,0,19,14,102,0,2,,,27,0,5.26,15,1,1,27,26,1,0,1,,100,59.88,0,0,2,143,28,10,1,21,1951,1,13,0,0,0,2,0.0,0,0,0,0,206,4,0,6.85,1,0,0,0,0,0,0,0,1951.0,0.0,0,5,14,8,5,27,79.41,0,44,20,45.45,10,90,34,7,142,58.2,150,408,588,996,212.5,19,1,1360,29,5,1,Yussif Saidu,Real Zaragoza,2058724,2815
73,1,20.0,103,138,52.08,405,1216,1621,88.68,75,66.37,38,35,1,0,0,0,148,2,2,3,9,182,35,0,0,2,8,73,0,0,,,30,0,4.55,16,1,2,45,37,8,1,0,,38,52.05,1,0,0,207,47,9,0,35,3103,2,20,1,0,0,2,0.0,0,0,0,0,238,0,0,6.85,1,0,0,0,0,0,0,0,3103.0,0.0,0,22,0,14,5,2,66.67,0,27,17,62.96,9,134,3,5,113,60.75,265,547,1281,1828,239.9,22,1,2226,9,4,1,Federico Bonini,Almería,1020897,2858
104,7,30.43,294,79,46.47,603,802,1405,84.38,37,62.71,22,37,2,0,0,0,159,4,1,6,4,62,37,0,0,21,28,121,2,3,,,48,0,8.33,1,2,4,42,37,5,2,0,,82,45.3,1,0,0,260,33,16,0,31,2544,0,8,0,0,0,1,0.0,0,0,0,0,331,8,0,6.85,0,0,0,0,0,0,0,0,1272.0,0.0,0,15,9,10,8,10,76.92,0,51,29,56.86,16,185,13,23,119,49.58,170,785,880,1665,253.6,24,1,2048,22,11,0,Youness Lachhab,AD Ceuta,966384,2869
27,14,32.56,145,56,71.79,389,429,818,87.49,14,41.18,20,34,2,0,0,0,94,5,2,2,6,20,34,0,1,20,14,92,0,1,,,29,0,0.0,0,0,2,33,26,7,0,0,,118,62.11,0,0,0,117,11,25,0,24,2099,8,4,0,0,0,1,0.0,0,0,0,1,221,4,0,6.85,1,0,0,0,0,0,0,0,0.0,0.0,0,10,2,7,3,10,45.45,0,56,37,66.07,25,42,22,43,132,58.93,78,475,460,935,233.0,12,0,1274,52,8,0,Sergio Ruiz,Granada,857227,33779
29,23,34.85,326,66,57.89,682,577,1259,86.47,22,44.9,27,37,4,0,0,0,123,5,2,1,6,46,36,0,0,8,29,103,1,0,,,36,0,5.88,0,1,5,45,40,5,1,0,,74,49.33,0,0,0,197,27,40,0,32,2668,0,9,0,3,0,1,0.0,0,0,0,0,285,9,0,6.85,0,1,0,0,0,0,0,0,2668.0,0.0,0,7,10,8,8,2,33.33,0,58,35,60.34,37,63,6,66,96,48.24,114,822,634,1456,246.6,17,0,1812,15,6,0,Sergio Ortuño,Cádiz,1166968,4488
7,7,14.89,55,3,11.54,86,40,126,61.46,6,50.0,6,14,1,0,0,0,26,3,0,4,0,4,14,0,0,4,7,38,0,0,,,7,0,6.67,1,1,2,7,6,1,1,0,,40,55.56,0,0,0,79,5,10,1,9,661,3,1,0,0,0,0,0.0,0,0,0,0,162,2,0,6.85,0,0,0,0,0,0,0,0,661.0,0.0,2,5,10,3,8,15,51.72,0,12,5,41.67,10,15,29,47,46,54.76,26,150,55,205,95.9,15,0,383,13,1,0,Agustín Pastoriza,Cultural Leonesa,928698,2868
30,0,0.0,57,39,40.63,152,233,385,79.55,32,69.57,14,12,0,0,0,0,47,2,1,1,1,63,12,0,1,3,3,25,1,1,,,6,0,5.56,9,1,1,16,15,1,1,0,,34,75.56,1,0,0,99,18,4,0,12,1035,0,5,1,0,0,0,0.0,0,0,0,0,115,0,0,6.85,1,0,0,0,0,0,0,0,1035.0,0.0,0,15,3,12,5,3,100.0,0,15,11,73.33,4,64,3,1,66,72.53,96,224,260,484,82.2,18,0,653,17,4,0,Jawad El Yamiq,Real Zaragoza,877103,2815
1,1,7.14,16,0,0.0,27,12,39,75.0,1,50.0,1,2,0,0,0,0,6,1,1,1,0,1,2,0,0,4,1,8,0,0,,,2,0,0.0,0,0,0,2,1,1,0,0,,10,58.82,0,0,0,13,0,3,0,2,132,0,0,0,0,0,0,0.0,0,0,0,0,30,0,0,6.85,0,0,0,0,0,0,0,0,0.0,0.0,2,2,3,2,2,4,100.0,0,2,0,0.0,3,5,4,14,11,57.89,1,40,12,52,13.7,5,0,92,4,0,0,Ager Aketxe,Real Zaragoza,327277,2815
0,0,0.0,7,0,0.0,18,23,41,93.18,1,100.0,0,5,0,0,0,0,3,0,0,0,0,3,2,0,0,0,1,6,0,0,,,5,0,0.0,0,0,0,0,0,0,0,0,,5,45.45,0,0,0,3,1,0,0,1,95,0,1,0,0,0,0,0.0,0,0,0,0,4,1,0,6.85,0,0,0,0,0,0,0,0,0.0,0.0,0,0,1,0,1,1,100.0,0,3,2,66.67,0,0,1,0,6,50.0,2,19,25,44,13.7,1,0,58,1,1,0,Josema,AD Ceuta,2222393,2869
13,1,100.0,21,30,69.77,76,188,264,88.59,12,60.0,8,8,0,0,0,0,18,0,0,0,0,37,8,0,0,1,1,13,0,0,,,3,0,0.0,7,0,0,13,13,0,0,0,,11,68.75,0,0,0,34,7,1,0,7,621,1,7,0,0,0,0,0.0,0,0,0,0,38,0,0,6.85,0,0,0,0,0,0,0,0,0.0,0.0,0,3,1,3,1,1,100.0,0,5,4,80.0,1,22,1,1,23,63.89,43,101,197,298,54.8,4,0,378,5,1,0,Sergio Postigo,Mirandés,217384,35092
6,4,33.33,139,7,53.85,206,93,299,74.94,42,40.78,61,35,3,0,0,0,49,6,17,14,0,28,35,0,0,42,16,167,0,0,,,45,0,18.75,0,12,15,28,26,2,11,1,,61,36.53,2,0,3,100,2,27,8,27,2274,27,4,0,1,0,0,0.0,0,0,0,0,246,10,0,6.85,0,2,0,0,0,0,0,0,189.5,0.0,0,55,9,23,27,23,60.53,0,23,12,52.17,26,10,38,12,103,38.15,13,294,105,399,239.7,64,1,777,15,7,0,Ousmane Camara,CD Castellón,1393974,5067
63,1,50.0,127,112,41.64,382,1078,1460,85.23,72,59.02,50,35,0,0,0,0,111,2,1,3,8,148,34,0,0,8,5,104,0,0,,,42,0,0.0,104,0,0,41,33,8,0,0,,77,58.78,0,0,0,253,38,10,0,31,2802,2,22,0,0,0,0,0.0,0,0,0,0,287,3,0,6.85,1,0,0,0,0,0,0,0,0.0,0.0,0,9,1,5,2,6,66.67,0,35,22,62.86,10,134,9,2,149,58.89,269,562,1151,1713,232.8,10,1,2130,36,5,1,Loïc Williams,Granada,996926,33779
80,2,22.22,241,102,57.3,697,875,1572,87.77,15,55.56,12,40,0,0,0,1,174,3,4,2,10,66,40,0,0,17,21,98,0,2,,,42,0,14.29,1,3,3,42,35,7,3,0,,104,54.74,0,0,0,219,40,20,0,40,3458,0,10,0,1,2,1,50.0,0,1,0,0,295,5,0,6.85,0,3,0,0,0,0,0,0,1152.67,0.0,0,10,11,10,9,19,73.08,0,70,40,57.14,19,150,26,9,119,54.84,178,859,932,1791,273.8,21,0,2202,16,13,0,Amadou Diawara,Leganés,788895,2845
23,24,27.27,246,27,38.57,403,238,641,74.02,24,52.17,22,40,1,0,0,0,170,5,3,3,5,17,40,0,0,32,66,219,0,0,,,32,0,5.71,0,2,3,23,19,4,1,1,,206,51.12,0,0,1,225,30,29,1,34,2670,14,3,0,1,0,0,0.0,0,0,0,1,500,24,0,6.85,0,1,0,0,0,0,0,0,1335.0,0.0,0,24,11,22,10,52,42.98,0,98,64,65.31,28,59,121,88,230,51.22,70,583,283,866,273.8,35,2,1609,57,4,0,Íñigo Cordoba,Burgos Club de Fútbol,605650,2854
4,0,0.0,26,14,42.42,72,126,198,79.84,12,44.44,15,15,0,0,0,0,25,0,0,1,2,48,14,0,0,1,10,35,1,1,,,7,0,33.33,1,1,1,14,11,3,1,0,,35,63.64,0,0,0,50,7,0,0,9,850,1,9,0,0,0,0,0.0,0,0,0,0,77,0,0,6.84,0,0,0,0,0,0,0,0,850.0,0.0,0,3,0,1,1,2,40.0,0,25,16,64.0,0,16,5,5,47,57.32,33,104,144,248,95.8,3,1,413,8,2,0,Albert Caparrós,AD Ceuta,1010534,2869
15,7,22.58,133,22,61.11,223,172,395,84.95,0,0.0,13,19,2,0,0,0,62,4,0,7,1,2,19,0,0,13,7,62,0,1,,,16,0,0.0,0,0,2,10,8,2,0,0,,56,53.33,0,0,0,70,3,21,0,10,896,1,2,0,0,0,0,0.0,0,0,0,0,150,3,0,6.84,0,0,0,0,0,0,0,0,0.0,0.0,4,4,18,11,4,9,40.91,0,19,11,57.89,21,33,22,31,56,47.46,36,273,192,465,130.0,22,0,672,28,2,0,Álvaro Martín,FC Andorra,857908,324871
43,10,27.78,189,111,46.44,565,1211,1776,87.75,59,48.36,63,38,0,0,0,0,96,4,3,5,11,210,38,0,0,10,15,141,1,1,,,42,0,0.0,50,0,0,38,29,9,0,0,,78,50.0,0,0,0,248,38,22,0,37,3298,1,29,0,0,0,0,0.0,0,0,0,0,341,1,0,6.84,0,0,0,0,0,0,0,0,0.0,0.0,0,25,2,17,5,9,42.86,0,53,25,47.17,22,99,21,36,137,49.28,239,724,1300,2024,260.0,27,0,2678,17,8,0,Miguel Loureiro,Deportivo de A Coruña,811611,2832
134,0,0.0,20,211,35.76,70,1089,1159,74.29,2,100.0,0,41,0,0,0,0,332,0,0,0,13,51,41,0,1,0,3,3,2,0,,,1,0,0.0,155,0,0,39,34,5,0,0,,4,57.14,0,15,0,401,1,4,0,41,3638,0,0,0,0,0,0,0.0,2,0,1,0,415,0,14,6.84,1,0,48,62,37,101,0,25,0.0,0.0,0,0,0,0,0,1,100.0,45,0,0,0.0,4,243,1,0,6,66.67,590,327,1233,1560,280.5,0,0,1916,3,1,0,Dinko Horkaš,UD Las Palmas,855922,6577
40,0,0.0,218,81,77.14,504,414,918,89.21,16,42.11,22,31,1,0,0,0,81,2,1,6,4,30,31,0,0,10,13,81,0,1,,,22,0,0.0,0,0,1,31,25,6,0,0,,75,55.97,0,0,2,111,24,22,0,25,2141,1,9,0,0,0,0,0.0,0,0,0,0,163,7,0,6.84,0,0,0,0,0,0,0,0,0.0,0.0,0,13,9,11,5,15,48.39,0,29,15,51.72,22,58,31,3,91,52.91,105,585,444,1029,212.0,22,0,1295,31,3,0,Riki Rodríguez,Deportivo de A Coruña,950110,2832
43,20,24.1,233,57,50.89,469,375,844,85.6,16,50.0,16,26,1,0,0,0,108,2,2,9,2,17,26,0,0,22,29,104,0,1,,,27,0,0.0,0,0,1,32,26,6,0,0,,112,56.0,0,0,0,142,21,23,0,23,1948,2,6,0,0,0,0,0.0,0,0,0,0,281,8,0,6.84,0,0,0,0,0,0,0,0,0.0,0.0,0,10,12,9,4,16,50.0,0,45,32,71.11,23,88,32,83,128,55.17,112,590,396,986,177.8,22,0,1404,52,5,0,Raúl Guti,Real Zaragoza,591740,2815
0,0,0.0,6,0,0.0,12,3,15,65.22,3,33.33,6,8,1,0,0,0,2,1,4,4,0,1,8,0,0,2,1,15,0,0,,,4,0,15.38,0,2,3,2,1,1,2,0,,5,35.71,0,0,0,8,0,2,1,1,210,3,2,0,0,0,0,0.0,0,0,0,1,23,2,0,6.84,1,1,0,0,0,0,0,0,105.0,0.0,0,12,1,3,6,2,50.0,0,0,0,0.0,2,2,4,0,8,34.78,0,20,3,23,54.7,13,1,65,3,1,1,Juan Carlos Arana,Real Racing Club,1084464,2835
20,11,52.38,172,38,65.52,395,315,710,87.65,19,50.0,19,33,0,0,0,0,113,2,0,5,4,30,33,0,0,17,23,84,0,0,,,18,0,0.0,0,0,0,29,29,0,0,0,,89,57.79,0,0,0,100,25,19,0,21,2099,1,11,0,1,0,1,0.0,0,0,0,1,163,10,0,6.84,0,0,0,0,0,0,0,0,0.0,0.0,0,3,8,3,3,16,69.57,0,56,34,60.71,18,32,23,21,108,56.25,58,474,336,810,225.6,11,0,1118,17,6,0,Antonio Pacheco,Albacete Balompié,982575,2848
27,10,20.0,226,26,37.68,376,249,625,78.22,24,41.38,34,37,1,0,0,0,96,5,1,10,7,58,36,0,0,11,17,95,0,0,,,18,0,8.0,0,2,3,30,26,4,2,0,,100,62.11,0,0,0,174,33,27,2,27,2377,2,11,0,0,0,0,0.0,0,0,0,0,333,7,0,6.83,0,0,0,0,0,0,0,0,1188.5,0.0,0,11,14,10,5,11,39.29,0,51,28,54.9,27,47,28,50,124,56.62,69,500,299,799,246.0,25,1,1412,39,7,0,Jonathan Gómez,Albacete Balompié,1025190,2848
1,0,0.0,5,0,0.0,8,2,10,76.92,0,0.0,0,3,0,0,0,0,4,0,0,0,0,1,3,0,0,2,0,2,0,0,,,1,0,100.0,0,1,1,1,1,0,1,0,,1,33.33,0,0,0,3,0,0,0,0,38,1,0,0,0,0,0,0.0,0,0,0,0,8,1,0,6.83,0,1,0,0,0,0,0,0,38.0,0.0,0,1,0,0,1,0,0.0,0,0,0,0.0,0,1,0,1,1,33.33,0,11,2,13,20.5,1,0,21,1,0,0,Sandro Ramírez,UD Las Palmas,188407,6577
18,0,0.0,95,39,35.45,396,982,1378,90.6,35,47.3,39,22,0,0,0,0,88,0,2,4,4,91,21,0,0,4,9,73,0,0,,,23,0,5.88,40,1,1,23,18,5,1,0,,40,54.05,0,0,1,143,9,1,0,19,1712,3,10,0,0,0,1,0.0,0,0,0,0,167,3,0,6.83,0,1,0,0,0,0,0,0,1712.0,0.0,1,11,6,9,4,1,100.0,0,33,12,36.36,1,50,1,4,75,50.68,110,501,1020,1521,143.5,17,2,1784,6,6,0,Diego Alende,FC Andorra,795256,324871
70,9,24.32,316,86,51.19,647,406,1053,82.2,15,39.47,23,36,1,0,0,0,186,3,1,5,8,43,36,0,0,27,23,123,0,1,,,41,0,0.0,0,0,1,35,31,4,0,0,,126,55.75,0,0,1,228,31,26,0,29,2503,2,8,0,0,0,0,0.0,0,0,0,0,324,11,0,6.83,0,0,0,0,0,0,0,0,0.0,0.0,0,4,8,5,2,13,56.52,0,65,36,55.38,26,136,23,37,141,53.41,168,823,458,1281,246.0,12,0,1664,49,4,0,Alejandro Meléndez,Albacete Balompié,1012159,2848
5,0,0.0,22,10,55.56,69,183,252,91.97,12,75.0,4,3,0,0,0,0,17,0,0,0,0,13,3,0,0,0,1,9,0,0,,,4,0,0.0,4,0,0,5,4,1,0,0,,5,50.0,0,0,0,22,3,0,0,3,270,0,2,0,0,0,0,0.0,0,0,0,0,25,0,0,6.83,0,0,0,0,0,0,0,0,0.0,0.0,0,3,0,3,0,0,0.0,0,2,0,0.0,0,7,0,1,17,65.38,18,82,192,274,20.5,3,0,307,3,1,0,Edgar González,FC Andorra,914522,324871
32,23,20.0,340,40,39.6,568,374,942,80.93,14,46.67,16,34,6,0,0,0,110,13,5,4,7,45,34,0,0,11,36,103,0,0,,,16,0,3.57,0,1,7,41,33,8,1,0,,74,45.96,0,0,0,222,13,42,0,32,2874,7,4,1,0,0,1,0.0,0,0,0,0,460,9,0,6.83,0,1,0,0,0,0,0,0,2874.0,0.0,0,19,9,11,13,22,45.83,0,29,13,44.83,42,67,48,115,88,46.07,101,744,420,1164,232.3,28,1,1744,23,0,0,Francho Serrano,Real Zaragoza,1000676,2815
48,0,0.0,98,96,42.86,332,815,1147,85.72,42,66.67,21,25,0,0,0,0,75,0,0,1,6,112,25,0,1,3,4,55,2,3,,,27,0,12.5,28,1,1,26,24,2,1,0,,28,45.16,1,0,0,191,15,5,0,23,1991,1,27,0,0,0,0,0.0,0,0,0,0,203,2,0,6.83,1,0,0,0,0,0,0,0,1991.0,0.0,0,5,3,6,1,1,50.0,0,17,10,58.82,5,100,2,0,70,56.0,224,475,863,1338,170.8,8,1,1578,12,7,0,Javi Montero,Málaga CF,927376,2830
14,8,16.0,103,17,85.0,175,71,246,81.73,16,66.67,8,24,0,0,0,0,52,3,3,14,0,13,24,0,0,20,14,62,0,0,,,3,0,6.25,0,2,2,21,16,5,2,0,,87,61.7,0,0,0,55,4,14,1,15,1329,4,1,0,0,0,0,0.0,0,0,0,0,196,6,0,6.83,0,1,0,0,0,0,0,0,664.5,0.0,2,20,12,9,9,18,50.0,0,20,12,60.0,14,18,36,50,103,62.42,20,215,86,301,163.9,32,0,636,49,1,0,Sebas Moyano,Real Zaragoza,362772,2815
10,2,10.53,143,13,61.9,225,108,333,78.35,13,41.94,18,28,2,0,0,0,63,8,5,11,1,9,28,0,0,30,10,108,0,0,,,15,0,7.5,0,3,5,18,17,1,3,0,,100,52.63,0,0,0,92,2,21,1,13,1368,4,1,0,0,0,0,0.0,0,0,0,0,241,11,0,6.83,0,2,0,0,0,0,0,0,456.0,0.0,0,25,15,11,18,43,53.75,0,20,13,65.0,21,19,80,19,113,51.13,21,298,127,425,191.1,40,0,782,37,6,0,Jastin García,FC Andorra,1518119,324871
18,0,0.0,76,60,43.48,288,811,1099,88.7,40,58.82,28,24,0,0,0,0,55,0,0,0,4,121,24,0,0,3,9,55,0,2,,,13,0,18.18,9,2,2,25,23,2,2,0,,42,60.87,0,0,0,140,16,1,0,21,1821,0,17,2,0,0,1,0.0,0,0,0,0,158,2,0,6.83,1,2,0,0,0,0,0,0,910.5,0.0,0,10,1,6,5,2,33.33,0,32,15,46.88,1,47,6,1,82,59.85,138,382,857,1239,163.8,11,1,1511,9,5,1,Einar Galilea,Málaga CF,344797,2830
1,6,66.67,21,2,28.57,38,18,56,80.0,0,0.0,4,4,1,0,0,0,6,1,0,1,0,1,4,0,0,2,4,13,0,0,,,2,0,0.0,0,0,1,1,0,1,0,0,,6,40.0,0,0,0,14,2,7,0,1,177,0,0,0,0,0,0,0.0,0,0,0,0,26,1,0,6.83,0,0,0,0,0,0,0,0,0.0,0.0,0,2,0,0,1,0,0.0,0,5,3,60.0,7,7,1,9,6,31.58,7,50,20,70,27.3,2,0,109,1,1,0,Iván Chapela,Burgos Club de Fútbol,826012,2854
8,1,16.67,130,10,55.56,222,135,357,76.12,28,36.36,49,38,3,0,0,0,79,7,14,9,5,19,38,0,0,35,14,185,0,1,,,61,0,20.0,0,15,18,47,41,6,15,0,,90,39.82,3,0,4,112,10,23,0,32,2949,22,2,0,0,0,1,0.0,0,0,0,1,287,23,0,6.82,0,12,0,0,0,0,0,0,196.6,0.0,0,58,17,27,39,22,42.31,0,23,8,34.78,23,13,52,6,118,38.94,18,305,164,469,259.3,75,1,912,45,12,0,Gorka Carrera Zarranz,Real Sociedad B,1985103,24360
8,0,0.0,50,3,33.33,82,45,127,75.15,13,22.03,46,30,1,0,0,0,25,5,5,10,0,9,30,0,0,15,3,87,0,0,,,11,0,21.57,0,11,12,15,14,1,8,3,,23,35.94,1,0,1,42,2,13,3,14,1254,8,2,0,0,1,0,100.0,0,1,0,2,110,5,0,6.82,0,7,0,0,0,0,0,0,114.0,0.0,3,37,14,14,27,8,36.36,0,6,3,50.0,13,14,22,3,36,29.27,9,118,51,169,204.7,51,2,358,9,0,0,Adrián Niño,Málaga CF,1402927,2830
14,5,8.33,176,27,39.71,386,422,808,83.3,27,49.09,28,31,2,0,0,0,96,2,1,2,8,71,31,0,0,11,12,98,0,2,,,28,0,10.0,0,1,3,18,15,3,0,1,,92,56.79,0,0,0,162,39,15,0,25,2204,3,5,0,0,0,0,0.0,0,0,0,0,326,5,0,6.82,0,1,0,0,0,0,0,0,2204.0,0.0,0,4,6,6,2,21,51.22,0,48,27,56.25,15,39,41,60,119,54.84,68,500,470,970,211.5,10,0,1595,23,10,0,Marvin Park,UD Las Palmas,960401,6577
25,28,29.79,230,25,45.45,345,176,521,78.82,6,16.67,30,36,1,0,0,0,136,8,8,20,0,20,36,0,0,46,15,170,0,0,,,33,0,11.54,0,6,7,45,43,2,5,1,,129,47.96,0,0,1,140,24,44,5,29,2518,6,6,0,0,0,0,0.0,0,0,0,0,381,30,0,6.82,0,1,0,0,0,0,0,0,419.67,0.0,2,29,23,14,18,35,41.67,0,31,17,54.84,44,52,84,94,135,44.26,55,459,202,661,245.6,52,1,1319,63,6,0,Peter González,Real Valladolid,1048927,2831
20,21,29.17,120,30,50.0,242,250,492,82.41,13,52.0,12,19,1,0,0,0,89,4,0,3,2,23,19,0,0,21,13,82,0,0,,,9,0,0.0,0,0,1,15,15,0,0,0,,77,52.38,0,0,0,105,18,18,0,17,1458,2,2,0,0,0,0,0.0,0,0,0,0,255,6,0,6.82,0,0,0,0,0,0,0,0,0.0,0.0,0,7,5,5,4,22,44.0,0,42,29,69.05,18,41,50,72,90,52.33,60,314,283,597,129.6,12,0,1124,13,2,0,Guille Bueno,Real Valladolid,1139648,2831
1,1,20.0,32,0,0.0,45,10,55,78.57,0,0.0,3,10,0,0,0,0,10,0,2,1,0,0,10,0,0,3,0,12,0,0,,,3,0,28.57,0,2,2,6,6,0,2,0,,18,66.67,0,0,1,15,1,4,1,1,263,3,0,0,0,0,0,0.0,0,0,0,1,33,2,0,6.82,0,1,0,0,0,0,0,0,131.5,0.0,0,7,0,2,4,7,70.0,0,4,1,25.0,4,1,10,5,18,60.0,1,58,12,70,68.2,7,0,126,7,0,0,Adilson,Córdoba,1009861,2850
51,26,21.14,389,84,50.3,616,261,877,71.3,81,50.94,78,40,1,0,1,1,152,8,5,38,2,36,40,0,0,56,44,299,0,2,,,76,0,7.38,0,9,10,56,49,7,7,2,,136,38.1,0,0,4,353,10,57,4,35,3124,7,5,0,0,4,0,50.0,0,2,0,0,711,22,0,6.82,1,5,0,0,0,0,0,0,347.11,0.0,22,43,79,42,42,38,43.68,0,64,37,57.81,57,101,87,123,217,42.05,167,875,355,1230,272.7,122,1,2113,34,5,1,Jacobo González,Córdoba,1031543,2850
4,1,8.33,107,15,65.22,204,137,341,71.79,99,64.71,54,35,1,0,0,0,38,0,14,16,2,40,35,0,2,29,6,134,0,0,,,36,0,10.53,0,8,9,31,27,4,8,0,,75,48.39,1,0,3,134,3,12,6,24,2264,10,5,0,0,2,0,100.0,0,2,0,0,258,15,0,6.82,2,1,0,0,0,0,0,0,283.0,0.0,0,60,16,31,29,11,39.29,0,22,9,40.91,12,14,28,12,174,56.49,23,306,169,475,238.6,76,0,847,44,5,0,Jorge Pascual,Granada,1142260,33779
10,1,20.0,37,47,46.53,151,394,545,85.42,24,48.98,25,19,1,0,0,0,53,2,1,0,3,96,18,0,0,1,8,49,0,3,,,16,0,25.0,2,1,2,24,20,4,1,0,,27,52.94,0,0,0,93,18,5,0,16,1487,0,24,0,0,0,2,0.0,0,0,0,0,109,1,0,6.82,1,1,0,0,0,0,0,0,1487.0,0.0,0,4,0,2,2,2,100.0,0,21,13,61.9,5,33,2,5,51,51.0,101,224,414,638,122.7,4,2,859,5,3,1,Jorge Moreno,Cádiz,1134642,4488
43,3,50.0,171,108,53.47,488,792,1280,88.64,48,64.86,26,31,2,0,0,0,125,2,0,5,3,141,31,0,0,10,9,86,2,0,,,37,0,0.0,6,0,2,49,42,7,0,0,,100,62.5,0,0,0,164,30,7,0,26,2406,2,13,0,0,0,1,0.0,0,0,0,0,208,1,0,6.82,0,0,0,0,0,0,0,0,0.0,0.0,0,9,6,9,1,18,78.26,0,38,20,52.63,7,84,23,6,148,63.25,202,613,831,1444,211.3,15,2,1866,44,5,0,Álex Martín,Córdoba,794942,2850
28,1,25.0,85,36,40.91,303,544,847,86.87,52,61.9,32,32,0,0,0,0,79,1,4,4,5,107,32,0,0,2,8,74,3,1,,,33,0,20.69,17,6,6,29,26,3,6,0,,61,59.22,3,0,0,128,26,6,3,23,2021,0,10,1,0,0,1,0.0,0,0,0,0,150,0,0,6.82,0,0,0,0,0,0,0,0,336.83,0.0,0,29,0,15,10,6,85.71,0,40,25,62.5,6,48,7,4,113,60.43,88,390,585,975,218.1,29,1,1282,16,9,0,Fabrizio Brignani,CD Castellón,823496,5067
0,1,8.33,18,0,0.0,38,14,52,81.25,0,0.0,2,7,0,0,0,0,10,0,0,6,0,0,7,0,0,1,1,11,0,0,,,0,0,18.18,0,2,2,2,2,0,2,0,,7,43.75,0,0,0,12,0,2,0,0,149,0,0,0,0,0,0,0.0,0,0,0,0,35,1,0,6.81,0,2,0,0,0,0,0,0,74.5,0.0,1,7,4,2,3,3,30.0,0,1,0,0.0,2,1,10,12,7,38.89,2,47,17,64,47.7,11,1,113,3,1,0,Paco Cortés,Cultural Leonesa,1869106,2868
17,4,11.76,141,16,57.14,227,145,372,74.85,22,31.43,48,29,4,0,0,0,73,8,12,12,0,18,29,0,1,28,13,137,0,1,,,27,0,17.39,0,8,12,27,23,4,8,0,,80,47.34,4,0,3,125,3,22,3,22,1917,8,2,0,0,0,0,0.0,0,0,0,0,270,16,0,6.81,1,1,0,0,0,0,0,0,239.63,0.0,1,41,5,14,20,19,44.19,0,29,14,48.28,22,31,43,34,102,42.68,28,327,170,497,197.6,46,0,863,32,6,0,Antonio Puertas,Albacete Balompié,316406,2848
31,0,0.0,138,41,56.16,309,269,578,80.06,45,66.18,23,29,0,0,0,0,81,1,4,1,1,34,29,0,0,12,20,87,1,0,,,31,0,16.67,0,3,3,27,25,2,3,0,,73,53.28,0,0,0,144,16,15,1,19,1605,2,4,0,0,0,1,0.0,0,0,0,0,192,9,0,6.81,0,2,0,0,0,0,0,0,535.0,0.0,0,13,5,10,7,16,76.19,0,44,19,43.18,15,55,21,6,118,57.56,73,406,316,722,197.5,18,1,973,15,7,0,Víctor Meseguer,Real Valladolid,1010335,2831
17,1,12.5,50,22,53.66,108,128,236,81.38,2,40.0,3,12,1,0,0,0,27,1,0,1,0,14,12,0,0,2,4,19,0,0,,,8,0,25.0,2,1,2,13,11,2,1,0,,14,46.67,0,0,0,54,6,9,1,4,524,0,0,0,0,0,0,0.0,0,0,0,0,74,4,0,6.81,0,0,0,0,0,0,0,0,524.0,0.0,0,3,1,2,1,0,0.0,0,12,8,66.67,9,24,2,8,16,45.71,41,145,145,290,81.7,4,0,370,2,3,0,Alex Lebarbier,Real Sociedad B,1413858,24360
34,0,0.0,60,221,28.96,184,274,458,45.62,15,83.33,3,40,0,0,0,0,315,1,0,0,11,41,39,0,0,0,0,4,2,1,,,1,0,0.0,324,0,0,51,45,6,0,0,,5,83.33,0,40,0,546,0,1,0,40,3516,0,0,0,0,0,0,0.0,6,0,0,0,556,0,18,6.81,0,0,23,73,43,118,0,33,0.0,0.0,0,0,0,0,0,0,0.0,22,0,0,0.0,1,76,0,0,20,83.33,763,673,331,1004,265.5,0,1,1349,7,2,0,Rubén Yáñez,Sporting Gijón,112877,2852
10,5,31.25,88,10,62.5,162,146,308,88.25,9,75.0,3,15,0,0,0,0,35,5,0,2,0,20,15,0,0,4,2,17,0,1,,,6,0,20.0,0,1,1,16,15,1,1,0,,26,65.0,0,0,0,41,6,13,1,6,671,1,1,0,0,0,0,0.0,0,0,0,0,76,1,0,6.81,0,0,0,0,0,0,0,0,671.0,0.0,0,2,3,2,1,6,75.0,0,15,9,60.0,13,13,8,16,35,67.31,16,189,160,349,102.1,5,0,524,5,1,0,Trilli,Córdoba,1137857,2850
15,2,22.22,177,22,64.71,306,210,516,84.59,10,34.48,19,32,0,0,0,0,53,1,1,4,0,16,31,0,0,23,7,76,0,2,,,19,0,14.29,0,3,3,24,22,2,2,1,,96,62.75,0,0,0,94,2,17,3,13,1334,1,0,0,0,0,0,0.0,0,0,0,0,173,13,0,6.81,0,0,0,0,0,0,0,0,444.67,0.0,0,12,9,11,6,9,47.37,0,27,12,44.44,17,27,19,9,106,58.24,34,378,232,610,211.0,21,1,866,60,3,0,Óscar Plano,Leganés,255235,2845
30,3,9.68,253,35,46.05,465,418,883,87.08,16,47.06,18,28,1,0,0,0,108,1,0,2,6,67,28,0,0,21,26,96,0,4,,,19,0,0.0,0,0,1,31,29,2,0,0,,105,57.38,0,0,0,131,22,19,0,27,2349,2,7,0,0,0,0,0.0,0,0,0,0,270,4,0,6.8,0,0,0,0,0,0,0,0,0.0,0.0,0,5,4,3,4,15,55.56,0,43,33,76.74,19,48,27,31,121,55.76,76,542,472,1014,190.5,9,0,1612,47,4,0,Rafa Garrido,Málaga CF,1595666,2830
24,10,27.78,123,24,44.44,247,239,486,82.51,15,48.39,16,32,1,0,0,0,63,5,1,6,0,14,31,0,0,15,10,59,0,2,,,13,0,5.88,0,1,2,17,15,2,0,1,,74,63.25,0,0,0,103,7,17,0,7,996,1,1,0,0,0,0,0.0,0,0,0,0,174,5,0,6.8,0,1,0,0,0,0,0,0,996.0,0.0,0,8,9,8,3,12,66.67,0,38,26,68.42,17,41,18,36,89,60.14,54,326,263,589,210.8,17,1,818,24,2,0,Javi Martínez,Eibar,913732,2839
4,0,0.0,19,7,38.89,35,74,109,83.85,7,46.67,8,4,0,0,0,0,16,0,0,3,0,9,4,0,0,1,2,15,0,0,,,3,0,25.0,0,1,1,6,5,1,0,1,,11,61.11,0,0,0,21,4,2,0,3,256,0,1,0,0,0,0,0.0,0,0,0,0,29,0,0,6.8,0,1,0,0,0,0,0,0,256.0,0.0,0,0,4,0,1,5,71.43,0,4,3,75.0,2,6,7,0,18,54.55,18,50,80,130,27.2,4,0,174,3,1,0,Martin Hongla,Granada,856062,33779
0,0,0.0,8,0,0.0,13,5,18,78.26,1,25.0,3,4,0,0,0,0,3,0,1,2,0,2,4,0,0,0,2,7,0,0,,,0,0,25.0,0,1,1,3,3,0,1,0,,6,60.0,0,0,0,5,1,2,0,2,186,2,0,0,0,0,0,0.0,0,0,0,0,10,0,0,6.8,0,1,0,0,0,0,0,0,186.0,0.0,0,4,0,0,2,1,33.33,0,3,2,66.67,2,0,3,0,7,50.0,0,18,5,23,27.2,4,1,46,2,0,0,Angel Carvajal,Real Valladolid,1516444,2831
3,0,0.0,27,8,72.73,94,87,181,85.38,10,47.62,11,11,0,0,0,0,23,0,0,1,1,12,11,0,0,9,5,33,0,0,,,6,0,50.0,0,1,1,11,11,0,1,0,,33,60.0,0,0,0,31,5,6,0,8,648,0,3,0,0,0,0,0.0,0,0,0,0,48,2,0,6.8,0,1,0,0,0,0,0,0,648.0,0.0,0,2,0,0,1,8,80.0,0,9,5,55.56,6,7,10,2,43,56.58,11,118,94,212,74.8,2,0,306,16,3,0,Ismael Barea,Mirandés,1916260,35092
1,1,12.5,13,3,33.33,27,28,55,64.71,7,50.0,7,12,0,0,0,0,22,1,4,2,0,6,12,0,0,6,4,38,0,0,,,9,0,10.0,0,1,1,6,4,2,1,0,,42,57.53,0,0,0,30,6,2,0,4,505,4,1,0,0,0,0,0.0,0,0,0,0,84,2,0,6.8,0,1,0,0,0,0,0,0,505.0,0.0,0,9,1,4,4,11,45.83,0,18,8,44.44,2,3,24,8,49,56.32,9,51,34,85,81.6,10,1,233,13,2,0,Baba,Granada,1546406,33779
3,2,20.0,18,8,61.54,50,62,112,82.96,4,57.14,3,3,1,0,0,0,17,1,0,0,1,3,3,0,0,1,3,9,0,0,,,1,0,0.0,0,0,1,3,2,1,0,0,,12,66.67,0,0,0,23,2,4,0,3,261,1,0,0,0,0,0,0.0,0,0,0,0,39,2,0,6.8,0,0,0,0,0,0,0,0,0.0,0.0,0,0,0,0,0,3,75.0,0,4,2,50.0,4,3,4,10,16,64.0,13,66,69,135,20.4,0,0,197,5,0,0,Anderson Arroyo,Burgos Club de Fútbol,829892,2854
12,1,100.0,77,9,69.23,156,125,281,87.54,6,66.67,3,8,1,0,0,0,22,1,0,2,0,6,8,0,0,5,3,16,0,1,,,5,0,0.0,0,0,1,13,13,0,0,0,,24,64.86,0,0,0,40,0,4,0,7,543,0,2,0,0,0,0,0.0,0,0,0,0,54,1,0,6.8,0,0,0,0,0,0,0,0,0.0,0.0,0,1,1,0,0,9,81.82,0,10,5,50.0,4,18,11,1,30,65.22,13,184,137,321,54.4,2,0,378,5,0,0,Nemanja Radoja,Cultural Leonesa,194446,2868
66,2,13.33,166,131,42.81,491,948,1439,82.61,71,61.21,45,39,1,0,0,0,134,3,1,1,10,178,39,0,0,5,14,115,1,3,,,49,0,0.0,8,0,1,56,47,9,0,0,,73,51.05,0,0,0,303,27,12,0,39,3457,4,36,0,0,0,0,0.0,0,0,0,0,394,3,0,6.8,0,0,0,0,0,0,0,0,0.0,0.0,0,4,2,5,0,0,0.0,0,42,23,54.76,12,147,4,15,144,55.6,306,713,1029,1742,265.2,6,2,2279,31,15,0,Iker Recio,Cádiz,1001830,4488
1,0,0.0,1,1,100.0,4,2,6,85.71,2,66.67,1,1,0,0,0,0,0,0,0,0,0,1,1,0,0,0,0,2,0,0,,,2,0,0.0,0,0,0,0,0,0,0,0,,1,50.0,0,0,0,1,0,0,0,0,14,0,0,0,0,0,0,0.0,0,0,0,0,1,0,0,6.8,0,0,0,0,0,0,0,0,0.0,0.0,0,0,0,0,0,0,0.0,0,0,0,0.0,0,1,0,0,3,60.0,1,5,2,7,6.8,0,0,10,1,0,0,Tamás Nikitscher,Real Valladolid,1393242,2831
0,0,0.0,6,1,50.0,9,5,14,77.78,0,0.0,0,1,0,0,0,0,0,0,0,1,0,1,1,0,0,0,0,0,0,0,,,0,0,0.0,0,0,0,0,0,0,0,0,,0,0.0,0,0,0,4,0,0,0,0,29,0,0,0,0,0,0,0.0,0,0,0,0,5,0,0,6.8,0,0,0,0,0,0,0,0,0.0,0.0,0,1,1,1,0,0,0.0,0,0,0,0.0,0,1,0,1,0,0.0,2,12,6,18,6.8,2,0,24,0,0,0,Diego Díaz,Real Racing Club,1892533,2835
1,0,0.0,0,1,50.0,2,1,3,75.0,1,100.0,0,1,0,0,0,0,0,0,0,0,0,2,1,0,0,0,0,0,0,0,,,0,0,0.0,0,0,0,0,0,0,0,0,,0,0.0,0,0,0,1,0,0,0,0,14,0,0,0,0,0,0,0.0,0,0,0,0,1,0,0,6.8,0,0,0,0,0,0,0,0,0.0,0.0,0,0,0,0,0,0,0.0,0,0,0,0.0,0,2,0,0,1,100.0,2,3,1,4,6.8,0,0,6,0,0,0,Oier Llorente,Eibar,1982594,2839
0,0,0.0,0,0,0.0,2,6,8,80.0,1,100.0,0,2,0,0,0,0,0,0,1,0,0,2,2,0,0,0,0,0,0,0,,,0,0,0.0,0,0,0,0,0,0,0,0,,0,0.0,0,0,0,2,0,0,0,1,43,0,2,0,0,0,0,0.0,0,0,0,0,3,0,0,6.8,0,0,0,0,0,0,0,0,0.0,0.0,0,1,0,1,0,0,0.0,0,0,0,0.0,0,1,0,0,1,100.0,1,4,6,10,13.6,1,0,16,0,0,0,Joaquín Fernández,Huesca,822923,24265
9,0,0.0,4,15,37.5,13,23,36,58.06,1,100.0,0,2,0,0,0,0,14,0,0,0,0,4,2,0,0,0,0,0,0,0,,,0,0,0.0,12,0,0,1,1,0,0,0,,0,0.0,0,0,0,26,0,0,0,1,140,0,0,0,0,0,0,0.0,0,0,0,0,26,0,1,6.8,0,0,2,1,3,4,0,0,0.0,0.0,0,0,0,0,0,0,0.0,2,0,0,0.0,0,15,0,0,1,100.0,40,33,29,62,13.6,0,0,76,0,1,0,José Antonio Caro,UD Las Palmas,847993,6577
0,0,0.0,2,3,75.0,5,8,13,92.86,0,0.0,1,2,0,0,0,0,2,0,0,0,0,2,2,0,0,0,0,1,0,0,,,0,0,0.0,0,0,0,0,0,0,0,0,,2,100.0,0,0,0,1,0,0,0,0,18,0,1,0,0,0,0,0.0,0,0,0,0,4,0,0,6.8,0,0,0,0,0,0,0,0,0.0,0.0,0,0,0,0,0,0,0.0,0,1,1,100.0,0,1,0,1,2,66.67,4,6,8,14,13.6,0,0,25,1,0,0,Guzman Ortega,Cultural Leonesa,1626701,2868
1,4,30.77,16,8,50.0,31,46,77,79.38,1,33.33,2,8,0,0,0,0,13,0,0,0,0,12,6,0,0,0,5,16,0,0,,,4,0,0.0,0,0,0,1,1,0,0,0,,11,44.0,0,0,0,20,2,1,0,3,300,0,1,0,0,0,0,0.0,0,0,0,0,52,2,0,6.8,0,0,0,0,0,0,0,0,0.0,0.0,0,0,0,0,0,0,0.0,0,10,5,50.0,1,6,5,13,12,42.86,16,46,51,97,40.8,0,0,199,1,0,0,Brais Martínez,Burgos Club de Fútbol,1164647,2854
28,18,24.32,183,28,68.29,279,93,372,83.97,13,50.0,13,29,2,0,0,0,70,4,2,13,1,11,28,0,0,21,16,86,1,1,,,20,0,5.88,0,2,4,11,10,1,2,0,,55,42.97,0,0,1,71,5,31,1,12,1142,1,1,0,0,0,0,0.0,0,0,0,0,208,9,0,6.8,0,1,0,0,0,0,0,0,571.0,0.0,0,12,22,12,9,18,50.0,0,24,14,58.33,31,38,36,74,68,44.16,41,335,108,443,190.3,34,0,750,13,2,0,Dalisson de Almeida,Córdoba,1010996,2850
23,1,14.29,245,34,50.75,550,573,1123,83.93,35,53.85,30,32,3,0,0,0,152,5,1,9,6,42,32,0,0,37,21,142,1,1,,,33,0,0.0,0,0,3,23,21,2,0,0,,122,52.14,0,0,0,215,29,22,0,28,2421,3,5,0,0,0,0,0.0,0,0,0,0,341,15,0,6.79,1,0,0,0,0,0,0,0,0.0,0.0,1,9,19,14,5,22,47.83,0,51,30,58.82,22,44,46,7,157,52.51,67,689,649,1338,217.4,28,0,1785,49,2,1,Enzo Loiodice,UD Las Palmas,933426,6577
11,1,33.33,53,11,52.38,73,24,97,62.58,13,56.52,10,14,2,0,0,0,26,2,0,3,0,6,14,0,0,7,8,47,0,0,,,16,0,0.0,0,0,2,6,6,0,0,0,,27,42.19,0,0,0,58,9,9,0,6,536,0,1,0,0,0,0,0.0,0,0,0,0,91,9,0,6.79,0,0,0,0,0,0,0,0,0.0,0.0,0,8,3,4,4,6,46.15,0,20,16,80.0,9,20,13,3,40,45.98,21,122,33,155,95.1,11,0,277,1,1,0,Victor San Bartolome,Albacete Balompié,910981,2848
16,0,0.0,107,36,49.32,268,360,628,86.62,28,63.64,16,23,1,0,0,0,86,0,1,3,1,34,23,0,0,14,11,69,0,2,,,24,0,0.0,0,0,1,28,26,2,0,0,,83,61.03,0,0,0,97,13,6,0,15,1479,0,9,0,0,0,0,0.0,0,0,0,0,145,1,0,6.79,0,0,0,0,0,0,0,0,0.0,0.0,0,3,8,6,2,17,70.83,0,35,18,51.43,6,37,24,4,111,61.67,73,334,391,725,156.2,11,0,973,31,5,0,Iddrisu Baba,Almería,914014,2858
42,21,27.27,197,39,52.0,301,229,530,79.1,13,54.17,11,21,1,0,0,0,65,3,4,6,3,40,21,0,0,9,8,53,0,0,,,16,0,4.35,0,1,2,26,22,4,1,0,,48,53.33,0,0,2,140,12,35,1,19,1570,1,3,0,0,0,0,0.0,0,0,0,0,307,1,0,6.79,0,0,0,0,0,0,0,0,1570.0,0.0,1,10,13,12,5,9,47.37,0,24,11,45.83,35,76,19,77,61,53.51,75,398,272,670,142.6,23,1,1138,15,2,0,Ignasi Vilarrasa,Córdoba,949901,2850
46,29,22.66,405,39,55.71,732,437,1169,86.53,14,28.57,35,40,3,0,0,0,126,9,7,17,6,27,40,0,0,15,24,115,0,1,,,20,1,8.42,0,8,11,61,54,7,6,2,,79,49.69,1,0,3,182,42,60,0,39,3451,17,3,0,0,1,0,100.0,0,1,0,0,375,12,0,6.79,0,7,0,0,0,0,0,0,431.38,5.88,17,42,53,44,34,11,32.35,0,42,25,59.52,60,75,34,128,93,44.71,70,844,507,1351,271.6,95,1,1920,27,3,0,Luis Chacón,Cultural Leonesa,863388,2868
20,5,17.86,185,24,44.44,312,122,434,69.33,47,46.53,54,36,2,0,0,0,81,3,12,17,0,21,36,0,1,24,17,150,0,0,,,36,0,11.84,0,9,11,25,19,6,9,0,,80,45.45,2,0,1,192,13,22,4,25,1989,9,4,0,0,0,0,0.0,0,0,0,0,307,18,0,6.79,1,3,0,0,0,0,0,0,221.0,0.0,0,56,20,28,31,16,42.11,0,33,22,66.67,22,40,38,28,127,45.85,54,474,152,626,244.4,76,1,1035,31,7,0,Léo Baptistão,Almería,252857,2858
42,11,14.47,261,72,60.0,539,535,1074,83.58,48,57.83,35,38,3,0,0,0,139,4,4,13,2,64,38,0,0,23,40,194,0,1,,,83,0,6.56,0,4,7,57,51,6,2,2,,113,41.54,1,0,1,211,27,35,1,38,3268,0,17,0,0,0,1,0.0,0,0,0,0,376,11,0,6.79,0,2,0,0,0,0,0,0,817.0,0.0,6,27,34,27,21,20,48.78,0,50,29,58.0,35,90,41,76,161,45.35,120,699,586,1285,257.9,61,1,1860,44,13,0,Rafael Bauzà,Mirandés,1841365,35092
7,5,25.0,34,8,53.33,69,29,98,73.13,3,37.5,5,7,0,0,0,0,10,0,0,0,0,4,7,0,0,1,2,15,0,0,,,5,0,33.33,0,1,1,7,5,2,1,0,,7,41.18,0,0,0,36,0,7,1,4,403,1,1,0,0,0,0,0.0,0,0,0,0,66,1,0,6.79,0,0,0,0,0,0,0,0,403.0,0.0,1,2,1,1,2,1,33.33,0,1,1,100.0,7,16,3,20,10,40.0,15,98,36,134,47.5,3,0,194,5,1,0,Lucas Pérez,Cádiz,107128,4488
23,24,27.91,189,25,40.32,318,242,560,73.88,12,22.22,42,41,4,0,0,0,154,11,3,10,3,37,40,0,0,17,22,154,1,0,,,28,0,11.54,0,6,10,36,30,6,5,1,,91,44.83,1,0,0,198,16,49,1,29,2643,3,6,0,0,0,0,0.0,0,0,0,0,402,21,0,6.79,0,4,0,0,0,0,0,0,440.5,0.0,0,31,21,26,16,24,32.88,0,38,28,73.68,49,55,73,86,103,40.08,62,458,300,758,271.4,52,2,1286,29,4,0,Lander Astiazaran,Real Sociedad B,1535581,24360
25,16,21.92,84,20,38.46,166,129,295,77.23,6,30.0,14,24,1,0,0,0,47,0,4,3,0,12,23,0,1,15,6,53,0,0,,,12,0,11.54,0,3,4,16,14,2,1,2,,34,46.58,0,0,1,87,9,19,3,8,923,4,1,0,0,0,0,0.0,0,0,0,0,186,4,0,6.78,1,0,0,0,0,0,0,0,307.67,0.0,0,8,18,13,10,11,61.11,0,9,7,77.78,19,60,18,73,40,43.01,52,239,143,382,156.0,26,1,611,14,2,0,Roberto López,Leganés,958018,2845
20,3,15.0,236,39,59.09,408,264,672,78.14,67,54.92,55,23,3,0,0,0,77,5,8,10,5,24,23,0,0,16,3,111,0,0,,,30,0,6.06,0,2,5,30,26,4,2,0,,63,52.94,1,0,1,188,11,21,1,23,2018,2,3,0,0,1,0,100.0,0,1,0,0,279,10,0,6.78,0,0,0,0,0,0,0,0,1009.0,0.0,0,24,9,16,7,14,56.0,0,19,11,57.89,21,42,25,20,130,53.94,66,556,304,860,156.0,33,0,1145,30,2,0,Iker Kortajarena,Huesca,1130805,24265
16,0,0.0,65,13,56.52,174,140,314,90.75,6,60.0,4,13,0,0,0,0,49,0,1,4,0,6,13,0,0,2,6,27,0,0,,,10,0,0.0,0,0,0,8,6,2,0,0,,35,60.34,0,0,0,32,8,2,0,7,689,0,3,0,0,0,0,0.0,0,0,0,0,52,2,0,6.78,0,0,0,0,0,0,0,0,0.0,0.0,0,3,9,4,4,6,54.55,0,19,11,57.89,2,21,11,1,41,60.29,23,199,147,346,88.1,12,0,453,10,2,0,Mawuli Mensah,Real Zaragoza,1518156,2815
32,2,33.33,86,53,48.62,269,608,877,86.49,48,53.93,41,32,1,0,0,0,69,1,3,3,3,115,31,0,0,5,10,82,0,1,,,24,0,13.33,1,2,3,33,29,4,2,0,,54,56.84,2,0,0,137,26,15,0,21,2073,1,21,0,2,0,1,0.0,0,0,0,0,176,2,0,6.77,0,0,0,0,0,0,0,0,1036.5,0.0,0,14,1,8,4,6,66.67,0,28,17,60.71,13,54,9,6,102,55.43,109,360,654,1014,210.0,15,2,1380,21,3,0,Javi Castro,Real Racing Club,1017339,2835
16,5,15.63,97,10,58.82,144,73,217,67.6,34,47.22,38,38,0,0,0,0,37,3,12,13,0,6,38,0,0,15,7,86,0,0,,,16,0,17.72,0,14,14,30,27,3,14,0,,20,29.41,3,0,2,104,4,20,3,24,2016,16,3,0,0,5,0,100.0,0,5,0,0,232,12,0,6.77,0,8,0,0,0,0,0,0,144.0,0.0,2,59,20,33,33,4,22.22,0,4,2,50.0,20,25,18,32,54,38.57,17,227,94,321,257.4,79,1,604,12,4,0,Jefté Betancor,Albacete Balompié,174105,2848
20,6,31.58,153,21,55.26,273,131,404,89.18,1,25.0,3,19,0,0,0,0,31,2,0,5,0,5,19,0,0,4,11,29,0,0,,,7,0,0.0,0,0,0,15,11,4,0,0,,24,48.0,0,0,0,49,4,13,0,6,666,0,1,0,0,0,0,0.0,0,0,0,0,82,4,0,6.77,0,0,0,0,0,0,0,0,0.0,0.0,0,2,12,4,5,6,54.55,0,13,6,46.15,13,33,11,19,25,46.3,38,313,140,453,128.7,14,0,564,5,4,0,André Horta,Almería,775699,2858
7,17,16.35,120,11,35.48,228,94,322,78.73,7,31.82,15,33,2,0,0,0,62,6,0,15,1,6,33,0,0,15,13,99,0,0,,,21,0,9.09,0,4,6,27,24,3,4,0,,80,48.78,0,0,1,87,7,29,4,16,1439,3,1,0,0,0,0,0.0,0,0,0,0,289,13,0,6.77,0,0,0,0,0,0,0,0,359.75,0.0,7,20,24,16,13,28,44.44,0,28,17,60.71,29,20,63,104,87,46.77,31,302,107,409,223.5,44,1,838,27,4,0,Pablo Sáenz,Granada,1175743,33779
9,1,10.0,60,10,37.04,125,113,238,83.8,7,87.5,1,11,0,0,0,0,39,0,0,1,2,24,11,0,0,5,1,17,0,0,,,8,0,0.0,0,0,0,15,11,4,0,0,,32,66.67,0,0,0,46,16,0,0,9,853,0,5,0,0,0,0,0.0,0,0,0,0,89,5,0,6.77,0,0,0,0,0,0,0,0,0.0,0.0,0,1,1,1,0,1,20.0,0,19,11,57.89,0,20,5,10,39,69.64,27,152,132,284,74.5,2,0,489,12,1,0,Juan Díaz,Cádiz,2010515,4488
20,0,0.0,88,45,35.16,336,775,1111,87.69,50,50.0,50,33,0,0,0,0,95,0,4,2,6,183,33,0,0,4,13,110,1,2,,,44,0,0.0,6,0,0,44,39,5,0,0,,85,58.62,0,0,1,156,31,4,0,32,2873,1,33,0,0,0,1,0.0,0,0,0,0,177,2,0,6.77,0,0,0,0,0,0,0,0,0.0,0.0,0,17,0,8,7,4,57.14,0,52,27,51.92,4,50,7,3,135,55.1,128,442,825,1267,223.5,17,2,1710,30,6,0,Rodri Suárez,Cultural Leonesa,1096921,2868
9,1,100.0,34,25,26.6,192,527,719,85.19,59,67.82,28,25,2,0,0,0,42,3,2,4,3,148,25,0,0,0,3,45,1,0,,,15,0,5.88,1,1,3,34,31,3,1,0,,19,52.78,0,0,1,125,23,6,1,23,1961,1,19,0,0,0,1,0.0,0,0,0,0,137,0,0,6.77,0,0,0,0,0,0,0,0,1961.0,0.0,1,13,4,8,5,2,100.0,0,16,9,56.25,6,26,2,1,78,63.41,94,274,570,844,169.3,17,1,1115,1,2,0,Manu Hernando,Real Racing Club,851268,2835
10,4,23.53,167,26,43.33,299,317,616,86.4,25,58.14,18,27,2,0,0,0,85,2,2,1,4,50,27,0,1,15,8,88,1,0,,,40,0,0.0,0,0,2,26,23,3,0,0,,99,58.58,0,0,0,97,41,13,0,22,1939,6,8,0,0,0,1,0.0,0,0,0,1,198,5,0,6.77,1,0,0,0,0,0,0,0,0.0,0.0,0,5,0,0,4,6,37.5,0,39,28,71.79,13,26,16,17,124,58.49,60,359,354,713,182.8,5,0,1188,55,8,0,Anuar,AD Ceuta,601962,2869
4,3,18.75,113,7,53.85,173,53,226,66.28,40,37.74,66,37,4,0,0,0,43,9,10,17,1,23,37,0,0,36,17,206,0,0,,,50,0,10.29,0,7,11,29,25,4,6,1,,102,42.15,1,0,0,115,9,33,0,27,2328,15,3,0,0,0,0,0.0,0,0,0,1,299,13,0,6.77,0,6,0,0,0,0,0,0,332.57,0.0,0,49,19,21,30,21,35.0,0,16,11,68.75,33,13,60,16,142,40.8,13,277,64,341,250.4,68,2,811,65,9,0,Miguel de la Fuente,Almería,914212,2858
70,3,21.43,213,94,44.76,445,593,1038,78.82,34,48.57,36,35,1,0,0,0,136,0,0,5,6,70,35,0,0,13,39,147,2,1,,,51,0,6.25,0,1,2,49,42,7,0,1,,99,47.14,0,0,1,279,53,21,0,34,2966,0,18,0,0,0,0,0.0,0,0,0,0,347,7,0,6.77,0,1,0,0,0,0,0,0,2966.0,0.0,0,2,14,5,6,9,47.37,0,48,24,50.0,21,125,19,14,133,47.5,210,645,672,1317,236.8,16,0,1741,42,12,0,Tomy Carbonell,Real Sociedad B,1923055,24360
23,1,50.0,113,67,41.1,281,812,1093,82.37,97,67.83,46,36,2,0,0,0,111,0,4,5,10,258,36,0,1,2,19,102,3,3,,,34,0,12.5,47,3,5,48,42,6,3,0,,78,58.21,3,0,1,234,54,12,0,36,3195,9,29,0,1,0,2,0.0,0,0,0,0,272,1,0,6.76,1,0,0,0,0,0,0,0,1065.0,0.0,0,22,2,13,6,6,66.67,0,46,27,58.7,11,57,9,2,175,63.18,163,461,866,1327,243.5,24,1,1911,27,10,0,Jorge Pulido,Huesca,69385,24265
19,0,0.0,95,31,38.27,275,627,902,88.09,25,51.02,24,19,0,0,0,0,29,1,1,2,2,79,19,0,0,1,1,40,1,0,,,14,0,0.0,9,0,0,17,14,3,0,0,,27,62.79,0,0,0,122,21,3,0,15,1337,1,6,0,0,0,0,0.0,0,0,0,0,137,0,0,6.76,0,0,0,0,0,0,0,0,0.0,0.0,0,4,1,3,0,0,0.0,0,18,11,61.11,3,50,1,1,52,56.52,81,340,684,1024,128.5,5,0,1211,9,2,0,Marc Bombardo,FC Andorra,1186926,324871
1,4,19.05,77,4,57.14,117,42,159,81.96,6,42.86,8,33,1,0,0,0,42,1,4,3,0,10,32,0,0,13,6,70,1,0,,,13,0,8.33,0,2,3,16,16,0,2,0,,84,57.53,0,0,1,35,6,11,0,4,843,7,3,0,0,0,0,0.0,0,0,0,0,147,6,0,6.76,0,2,0,0,0,0,0,0,421.5,0.0,0,18,6,12,9,20,37.74,0,11,5,45.45,11,2,53,21,90,56.25,7,143,51,194,216.4,24,1,485,53,4,0,Suleiman Camara,Real Racing Club,1090128,2835
20,0,0.0,119,25,50.0,235,157,392,79.51,19,52.78,17,38,4,0,0,0,63,4,3,11,0,24,36,0,0,33,11,103,0,1,,,32,0,13.16,0,5,9,30,29,1,4,1,,63,42.28,0,0,0,101,8,15,0,13,1317,3,1,0,0,0,0,0.0,0,0,0,0,191,5,0,6.76,0,5,0,0,0,0,0,0,263.4,0.0,0,19,19,14,13,16,57.14,0,20,11,55.0,15,33,28,3,82,44.32,50,307,186,493,243.4,38,2,775,27,5,0,Rafa Rodriguez,Málaga CF,1465149,2830
44,1,14.29,269,47,58.02,559,481,1040,81.89,55,61.8,34,33,1,0,0,0,155,3,2,6,6,69,33,0,0,43,33,198,1,1,,,57,0,3.85,0,1,2,45,39,6,1,0,,124,43.06,0,0,0,230,25,21,1,31,2632,3,8,0,0,0,1,0.0,0,0,0,0,397,9,0,6.76,0,0,0,0,0,0,0,0,2632.0,0.0,0,10,16,14,6,30,48.39,0,54,32,59.26,21,71,62,7,179,47.48,81,719,551,1270,223.1,26,1,1781,41,11,0,Thiago Ojeda,Cultural Leonesa,1116580,2868
11,2,50.0,129,8,50.0,195,131,326,76.89,31,46.27,36,37,0,0,0,1,58,4,16,9,0,26,37,0,0,23,8,120,0,0,,,33,0,14.55,0,8,8,33,27,6,8,0,,87,50.88,0,0,3,98,3,21,3,28,2380,36,3,0,0,2,0,50.0,0,1,0,0,227,18,0,6.76,0,5,0,0,0,0,0,0,297.5,0.0,0,50,5,21,25,9,27.27,0,16,7,43.75,21,24,33,4,118,49.58,16,275,149,424,250.1,55,3,783,62,4,0,Lautaro De León,FC Andorra,1010507,324871
47,0,0.0,111,106,47.32,459,1076,1535,86.33,69,51.88,64,37,0,0,0,0,129,1,3,4,10,193,37,0,0,5,12,127,1,0,,,47,0,10.0,26,1,1,42,39,3,1,0,,63,50.0,1,0,0,243,26,6,0,37,3236,0,29,0,0,0,0,0.0,0,0,0,0,274,2,0,6.76,0,0,0,0,0,0,0,0,3236.0,0.0,0,10,0,4,2,2,100.0,0,48,30,62.5,6,91,2,1,132,50.97,224,625,1153,1778,250.1,10,1,2226,13,6,0,David Torres,Real Valladolid,1214359,2831
21,7,46.67,123,23,50.0,263,257,520,81.63,20,41.67,28,27,0,0,0,0,73,1,2,6,2,18,27,0,0,13,27,116,0,3,,,30,0,15.79,0,3,3,13,12,1,2,1,,66,42.86,0,0,0,117,16,12,2,20,1678,2,4,0,0,0,0,0.0,0,0,0,0,212,8,0,6.76,0,1,0,0,0,0,0,0,559.33,0.0,0,13,6,8,5,12,36.36,0,32,18,56.25,12,40,33,15,86,42.57,46,345,292,637,182.5,19,0,950,25,4,0,Ander Madariaga,Eibar,1516620,2839
12,11,19.3,119,18,64.29,178,73,251,74.48,7,26.92,19,22,1,0,0,0,46,2,4,13,1,8,22,0,0,13,7,77,0,0,,,10,0,0.0,0,0,1,11,10,1,0,0,,65,52.85,0,0,1,86,7,17,0,12,1086,3,2,0,0,0,0,0.0,0,0,0,0,211,8,0,6.76,0,0,0,0,0,0,0,0,0.0,0.0,0,23,11,12,9,24,45.28,0,24,15,62.5,17,24,53,57,72,48.32,28,253,84,337,148.7,34,0,645,17,1,0,Victor Valverde,Albacete Balompié,1175463,2848
23,0,0.0,71,28,47.46,231,432,663,91.7,24,50.0,24,22,0,0,0,0,37,0,0,1,2,45,22,0,0,6,2,47,0,1,,,12,0,0.0,9,0,0,15,14,1,0,0,,31,57.41,0,0,0,60,0,1,0,11,1197,1,6,0,0,0,0,0.0,0,0,0,0,84,0,0,6.76,0,0,0,0,0,0,0,0,0.0,0.0,0,1,0,0,0,1,20.0,0,18,9,50.0,1,41,5,3,55,53.92,59,271,452,723,148.7,1,1,871,13,3,0,Alex Suárez,UD Las Palmas,914848,6577
66,2,28.57,182,105,46.46,492,1010,1502,87.33,47,62.67,28,34,0,0,0,0,97,0,1,4,5,182,34,0,0,4,9,79,1,2,,,38,0,14.29,30,2,2,46,41,5,2,0,,59,53.64,1,0,0,218,24,3,0,32,2849,1,24,1,0,0,1,0.0,0,0,0,1,242,0,0,6.76,1,1,0,0,0,0,0,0,1424.5,0.0,0,10,4,6,4,8,100.0,0,31,19,61.29,3,115,8,7,106,57.3,226,653,1067,1720,229.8,14,1,2110,20,13,1,Matia Barzić,Cultural Leonesa,1542493,2868
31,0,0.0,76,69,48.59,263,736,999,84.8,76,60.8,49,31,0,0,0,0,59,0,0,0,7,171,31,0,1,3,16,106,0,2,,,41,0,0.0,47,0,0,33,27,6,0,0,,47,45.19,0,0,1,179,52,3,0,27,2389,3,23,0,0,0,0,0.0,0,0,0,0,200,1,0,6.76,1,0,0,0,0,0,0,0,0.0,0.0,0,6,0,6,0,2,50.0,0,33,24,72.73,3,72,4,0,123,53.71,142,379,799,1178,209.5,6,0,1563,14,6,0,Kazunari Kita,Real Sociedad B,1476196,24360
13,3,50.0,99,17,41.46,197,171,368,81.78,16,48.48,17,20,1,0,0,0,42,1,0,3,1,16,19,0,0,7,6,53,0,1,,,21,0,0.0,0,0,1,12,8,4,0,0,,46,56.1,0,0,0,82,15,9,0,9,861,0,3,0,0,0,0,0.0,0,0,0,0,110,6,0,6.76,0,0,0,0,0,0,0,0,0.0,0.0,0,4,2,1,2,2,33.33,0,24,9,37.5,9,23,6,6,62,53.91,41,256,194,450,128.4,6,0,605,21,3,0,Alberto del Moral,Córdoba,1136798,2850
2,0,0.0,3,6,85.71,7,77,84,95.45,5,38.46,8,9,0,0,0,0,6,0,0,0,1,17,7,0,0,1,0,10,0,0,,,1,0,0.0,0,0,0,2,1,1,0,0,,8,80.0,0,0,0,4,0,0,0,2,233,0,2,0,0,0,0,0.0,0,0,0,0,6,0,0,6.76,0,0,0,0,0,0,0,0,0.0,0.0,0,0,0,0,0,0,0.0,0,4,3,75.0,0,3,0,0,13,56.52,7,8,80,88,47.3,0,0,123,4,0,0,Saúl del Cerro,Burgos Club de Fútbol,1167987,2854
14,0,0.0,116,20,57.14,212,103,315,80.15,14,43.75,18,32,0,0,0,0,50,0,2,5,1,15,30,0,0,14,11,70,1,0,,,17,0,20.0,0,3,3,9,9,0,2,1,,56,51.85,0,0,0,78,16,10,1,6,865,1,3,0,1,0,1,0.0,0,0,0,0,140,3,0,6.76,1,2,0,0,0,0,0,0,288.33,0.0,0,9,6,5,5,13,54.17,0,26,20,76.92,9,26,24,9,70,50.0,35,270,123,393,202.7,15,0,600,17,8,1,Marc-Olivier Doué,CD Castellón,990921,5067
5,0,0.0,41,5,62.5,55,31,86,63.7,13,27.66,34,16,0,0,0,0,13,3,3,3,0,5,16,0,0,6,1,50,0,0,,,6,0,21.05,0,4,4,14,12,2,4,0,,21,56.76,1,0,0,49,1,10,2,7,794,4,1,0,0,0,0,0.0,0,0,0,0,88,2,0,6.76,0,1,0,0,0,0,0,0,198.5,0.0,0,18,1,3,13,7,58.33,0,5,4,80.0,10,6,12,1,34,40.48,8,97,38,135,108.1,19,0,238,10,3,0,Jordi Escobar,Huesca,942907,24265
14,12,20.69,123,12,54.55,204,145,349,81.92,15,53.57,13,28,3,0,0,0,54,3,5,4,0,18,27,0,0,19,15,74,0,0,,,17,0,15.0,0,3,6,28,25,3,3,0,,71,53.79,0,0,0,77,12,16,2,11,1192,2,1,0,0,0,0,0.0,0,0,0,0,197,2,0,6.76,0,1,0,0,0,0,0,0,397.33,0.0,0,14,6,4,12,19,61.29,0,27,17,62.96,16,25,31,58,86,53.75,22,258,168,426,182.4,20,2,781,25,0,0,Diego Bri,Córdoba,1031481,2850
51,0,0.0,87,71,45.51,286,767,1053,86.95,77,53.85,66,31,0,0,0,0,80,1,1,7,7,148,31,0,0,3,14,113,1,1,,,32,0,0.0,17,0,0,36,29,7,0,0,,55,53.92,0,0,0,158,27,10,0,30,2524,4,25,0,0,0,1,0.0,0,0,0,1,177,1,0,6.75,1,0,0,0,0,0,0,0,0.0,0.0,0,12,1,2,4,0,0.0,0,41,26,63.41,10,92,0,1,132,53.88,156,399,812,1211,209.4,13,2,1555,14,13,1,Pablo Insua,Real Zaragoza,235644,2815
19,18,32.73,259,8,40.0,513,321,834,87.15,2,33.33,4,28,2,0,0,1,52,3,1,10,0,2,28,0,0,11,4,43,0,1,,,17,0,3.13,0,1,3,20,17,3,1,0,,62,61.39,0,0,3,123,2,31,0,11,1205,4,0,0,0,2,0,50.0,0,1,0,0,217,15,0,6.75,0,1,0,0,0,0,0,0,1205.0,0.0,10,13,19,10,12,15,65.22,0,18,11,61.11,31,35,23,55,64,59.81,20,612,345,957,189.1,32,0,1207,29,1,0,Jonathan Viera,UD Las Palmas,129451,6577
11,21,21.21,129,10,55.56,182,104,286,82.18,2,22.22,7,21,0,0,0,0,46,3,3,10,1,11,21,0,0,18,6,66,0,0,,,14,0,10.71,0,3,3,26,20,6,2,1,,34,36.56,0,0,1,62,3,24,0,16,1301,3,2,0,0,0,0,0.0,0,0,0,0,233,7,0,6.75,0,3,0,0,0,0,0,0,433.67,0.0,2,15,13,7,11,8,25.0,0,8,6,75.0,24,19,32,99,36,35.29,18,232,116,348,141.8,28,0,665,18,2,0,Antonio Cordero,Cádiz,1531384,4488
8,13,40.63,111,10,52.63,198,94,292,84.15,13,46.43,15,28,2,0,0,0,41,3,1,15,0,3,27,0,0,17,6,64,0,0,,,11,0,6.38,0,3,5,16,15,1,2,1,,46,48.42,0,0,2,55,4,22,1,11,998,0,0,0,0,0,0,0.0,0,0,0,2,136,5,0,6.75,0,2,0,0,0,0,0,0,332.67,0.0,3,24,23,14,18,11,40.74,0,10,5,50.0,22,16,27,32,59,47.97,19,243,104,347,182.3,47,0,571,25,2,0,Nicolás Melamed,Almería,989878,2858
7,7,17.07,94,6,46.15,164,53,217,79.2,4,36.36,7,25,3,0,0,0,48,4,3,7,0,7,22,0,0,12,9,68,0,0,,,15,0,8.7,0,2,5,9,9,0,2,0,,62,50.41,0,0,0,57,3,14,2,12,949,7,1,0,0,0,0,0.0,0,0,0,0,163,8,0,6.75,0,0,0,0,0,0,0,0,474.5,0.0,1,13,10,8,8,34,55.74,0,15,9,60.0,14,16,61,41,66,49.25,13,212,62,274,148.5,23,0,530,13,3,0,Pejiño,UD Las Palmas,925220,6577
1,0,0.0,4,0,0.0,6,4,10,58.82,2,66.67,1,4,0,0,0,0,4,1,0,0,0,0,4,0,0,1,1,6,0,0,,,1,0,50.0,0,1,1,4,3,1,1,0,,5,50.0,0,0,0,7,1,1,1,0,55,0,1,0,0,1,0,100.0,0,1,0,0,13,0,0,6.75,0,0,0,0,0,0,0,0,55.0,0.0,0,2,0,1,1,3,60.0,0,1,0,0.0,1,1,5,0,7,53.85,0,12,5,17,27.0,2,0,34,1,1,0,Douglas Aurélio,CD Castellón,975809,5067
25,1,50.0,185,59,57.84,497,765,1262,91.58,19,54.29,16,34,1,0,0,0,90,0,2,7,5,43,34,0,0,6,12,55,0,1,,,16,0,0.0,10,0,1,39,35,4,0,0,,40,50.63,0,0,0,116,12,18,0,31,2659,0,6,0,0,0,0,0.0,0,0,0,0,148,5,0,6.75,0,0,0,0,0,0,0,0,0.0,0.0,0,6,13,6,6,7,58.33,0,18,9,50.0,18,45,12,2,59,51.75,102,589,789,1378,229.5,19,1,1579,17,6,0,Izan Merino,Málaga CF,1493488,2830
68,15,24.19,402,47,54.02,675,457,1132,84.67,14,22.95,47,39,3,0,0,0,183,7,5,8,4,25,39,0,0,44,35,180,1,0,,,24,0,3.57,0,1,4,40,34,6,0,1,,114,46.15,0,0,1,205,11,50,0,34,2809,8,4,0,0,0,0,0.0,0,0,0,0,392,16,0,6.75,0,1,0,0,0,0,0,0,2809.0,0.0,0,21,7,10,10,28,46.67,0,42,25,59.52,50,125,60,62,128,41.56,87,846,491,1337,263.2,28,1,1835,44,4,0,Francisco Portillo,Huesca,106288,24265
24,31,27.19,136,26,30.95,229,138,367,73.84,12,52.17,11,31,4,0,0,0,56,5,2,7,0,53,31,0,1,7,13,53,0,0,,,19,0,0.0,0,0,4,25,19,6,0,0,,63,60.0,0,0,0,130,26,36,0,13,1449,3,5,0,0,0,0,0.0,0,0,0,0,300,3,0,6.75,1,0,0,0,0,0,0,0,0.0,0.0,4,7,10,5,5,2,40.0,0,31,23,74.19,36,59,5,114,75,58.59,84,323,174,497,209.2,17,1,997,31,6,0,Dani Tasende,Real Zaragoza,1087845,2815
28,0,0.0,84,46,38.66,329,578,907,86.3,55,54.46,46,27,0,0,0,0,55,0,2,2,5,140,27,0,0,1,8,77,0,1,,,21,0,8.33,2,1,1,31,29,2,1,0,,41,56.94,1,0,0,144,19,3,0,22,2017,1,24,0,0,0,0,0.0,0,0,0,0,168,2,0,6.75,0,0,0,0,0,0,0,0,2017.0,0.0,0,12,0,8,2,6,66.67,0,17,13,76.47,3,64,9,1,96,55.49,119,426,625,1051,182.2,12,0,1373,18,4,0,Facundo González,Real Racing Club,1085103,2835
30,2,40.0,115,34,73.91,267,227,494,90.81,9,52.94,8,28,0,0,0,0,43,0,0,1,0,12,27,0,0,9,6,37,1,2,,,13,0,0.0,0,0,0,10,8,2,0,0,,56,65.88,0,0,0,50,18,5,0,5,747,1,1,0,0,0,0,0.0,0,0,0,0,91,3,0,6.75,0,0,0,0,0,0,0,0,0.0,0.0,0,6,1,3,3,4,66.67,0,33,20,60.61,5,39,6,5,65,63.73,46,299,245,544,182.2,7,0,708,19,2,0,Charlie Patiño,Deportivo de A Coruña,1101040,2832
9,9,20.45,221,11,45.83,363,150,513,75.55,38,43.68,49,32,2,0,0,0,101,4,5,11,2,24,32,0,0,29,33,170,0,2,,,35,0,0.0,0,0,2,17,13,4,0,0,,109,47.39,0,0,3,166,19,36,0,25,2108,3,2,0,0,0,0,0.0,0,0,0,0,312,25,0,6.75,0,0,0,0,0,0,0,0,0.0,0.0,0,22,22,20,13,35,53.85,0,47,28,59.57,36,22,65,44,147,46.37,24,505,174,679,215.9,44,0,1129,27,3,0,Jon Guruzeta,Eibar,1085405,2839
19,8,17.78,132,26,72.22,234,122,356,72.95,11,55.0,9,30,2,0,0,0,98,3,1,8,0,9,30,0,1,45,18,138,0,0,,,35,0,16.13,0,5,7,22,18,4,4,1,,96,42.67,0,0,0,132,11,16,0,15,1415,1,1,0,0,0,0,0.0,0,0,0,0,306,17,0,6.75,1,5,0,0,0,0,0,0,283.0,0.0,1,15,16,12,11,41,56.16,0,20,12,60.0,16,33,73,45,107,43.67,36,335,153,488,202.4,31,0,887,35,7,0,Brian Ocampo,Cádiz,941405,4488
16,12,24.0,73,29,46.77,139,78,217,74.32,2,16.67,10,15,2,0,0,0,29,5,0,2,0,4,15,0,0,10,6,36,1,0,,,5,1,10.0,0,1,3,10,10,0,0,1,,17,39.53,0,0,1,75,6,10,0,4,519,0,0,0,0,0,0,0.0,0,0,0,0,136,10,0,6.75,0,1,0,0,0,0,0,0,519.0,50.0,2,3,7,5,3,5,41.67,0,9,7,77.78,10,36,12,50,19,34.55,62,202,90,292,101.2,10,0,432,3,1,0,Cristian Rodríguez,AD Ceuta,975170,2869
19,2,50.0,106,27,49.09,282,374,656,84.21,35,54.69,29,30,1,0,0,0,66,1,1,2,6,47,30,0,0,6,21,102,1,2,,,42,0,11.11,0,1,2,18,16,2,1,0,,70,48.95,0,0,0,123,21,8,0,17,1572,0,13,0,0,0,1,0.0,0,0,0,0,154,3,0,6.75,0,1,0,0,0,0,0,0,1572.0,0.0,0,7,2,5,2,3,33.33,0,48,29,60.42,8,30,9,4,105,50.72,55,365,414,779,202.4,9,1,1028,19,9,0,Lander Olaetxea,Eibar,807656,2839
46,0,0.0,74,81,45.76,286,967,1253,87.07,61,54.46,51,30,0,0,0,0,77,0,0,3,7,200,30,0,0,1,8,91,0,1,,,34,0,0.0,11,0,0,31,26,5,0,0,,39,49.37,0,0,0,186,39,2,0,30,2500,1,17,0,0,0,1,0.0,0,0,0,0,206,0,0,6.75,0,0,0,0,0,0,0,0,0.0,0.0,0,8,2,5,2,2,100.0,0,18,12,66.67,2,90,2,1,100,52.36,177,416,1023,1439,202.4,10,0,1812,20,8,0,Marco Moreno,Eibar,997094,2839
12,0,0.0,59,18,52.94,180,199,379,86.33,10,47.62,11,11,0,0,0,0,44,0,0,2,3,18,11,0,1,4,11,46,0,2,,,18,0,20.0,0,1,1,9,7,2,1,0,,30,46.15,0,0,0,60,17,3,0,8,776,0,3,0,0,0,0,0.0,0,0,0,0,72,2,0,6.75,2,1,0,0,0,0,0,0,776.0,0.0,0,2,3,1,2,5,62.5,0,16,12,75.0,3,22,8,1,40,46.51,34,221,218,439,74.2,5,0,553,10,4,1,Paul Akouokou,Real Zaragoza,839309,2815
12,6,15.79,138,18,56.25,219,90,309,82.62,12,57.14,9,16,0,0,0,0,36,4,0,6,0,5,16,0,0,16,9,65,0,0,,,17,0,4.0,0,1,1,18,17,1,0,1,,57,50.44,0,0,1,65,7,14,0,9,833,2,1,0,0,0,0,0.0,0,0,0,0,158,6,0,6.74,0,1,0,0,0,0,0,0,833.0,0.0,0,14,11,11,8,22,61.11,0,24,13,54.17,14,17,36,38,69,51.49,32,278,96,374,107.9,25,1,603,11,2,0,Mikel Goti,Córdoba,1136702,2850
11,10,15.87,251,12,41.38,355,122,477,75.96,9,26.47,25,30,6,0,0,0,68,12,8,15,2,9,30,0,0,13,15,99,0,1,,,27,0,7.5,0,3,9,25,23,2,3,0,,67,47.52,0,0,2,151,10,32,0,19,1721,12,1,0,1,0,0,0.0,0,0,0,0,299,13,0,6.74,0,3,0,0,0,0,0,0,573.67,0.0,5,29,11,11,14,13,37.14,0,33,21,63.64,31,31,35,63,76,43.43,29,480,148,628,202.3,40,1,994,21,3,0,Awer Mabil,CD Castellón,307082,5067
9,0,0.0,19,11,52.38,32,36,68,73.12,3,75.0,1,7,1,0,0,0,10,0,0,0,1,11,7,0,0,0,2,11,0,0,,,6,0,0.0,0,0,1,2,2,0,0,0,,7,41.18,0,0,0,25,4,1,0,2,227,0,1,0,0,0,0,0.0,0,0,0,0,28,1,0,6.74,0,0,0,0,0,0,0,0,0.0,0.0,0,0,0,0,0,0,0.0,0,5,3,60.0,1,13,2,0,10,47.62,21,48,45,93,47.2,0,0,126,2,1,0,Joan Oleaga,Real Sociedad B,1535575,24360
11,0,0.0,47,26,53.06,160,142,302,81.18,13,68.42,6,14,0,0,0,0,44,0,0,3,2,27,14,0,0,5,12,36,0,0,,,10,0,0.0,0,0,0,8,7,1,0,0,,25,45.45,0,0,0,70,6,2,0,10,860,0,5,0,0,0,0,0.0,0,0,0,0,93,2,0,6.74,0,0,0,0,0,0,0,0,0.0,0.0,0,0,3,0,0,3,42.86,0,15,8,53.33,2,27,7,1,38,51.35,49,212,160,372,94.4,3,0,481,7,4,0,Martín Fernández,Albacete Balompié,981588,2848
40,17,27.42,211,48,46.6,430,493,923,85.3,22,61.11,14,26,1,0,0,0,76,9,0,3,5,55,26,0,0,5,9,76,0,1,,,33,0,14.29,2,1,2,20,17,3,1,0,,52,45.61,0,0,0,159,23,26,1,23,1918,1,3,1,0,0,0,0.0,0,0,0,0,291,8,0,6.74,0,0,0,0,0,0,0,0,1918.0,0.0,0,5,2,3,1,7,31.82,0,37,18,48.65,26,72,22,62,74,49.33,103,530,552,1082,175.3,7,0,1545,8,8,0,Marti Vila,FC Andorra,901847,324871
30,3,20.0,125,35,68.63,302,201,503,87.63,10,52.63,9,30,1,0,0,0,53,1,0,3,1,13,29,0,0,6,10,36,0,0,,,9,0,11.11,0,1,2,15,13,2,1,0,,36,57.14,0,0,0,71,4,7,0,7,879,0,4,0,0,0,0,0.0,0,0,0,0,105,5,0,6.74,0,1,0,0,0,0,0,0,879.0,0.0,0,7,2,3,3,4,57.14,0,22,15,68.18,7,48,7,15,46,56.1,51,356,218,574,195.5,9,0,704,10,1,0,Álex Fernández,Cádiz,148588,4488
0,1,50.0,41,1,50.0,61,28,89,80.91,6,21.43,22,17,2,0,0,0,18,2,7,5,0,6,17,0,0,11,3,58,0,0,,,13,0,18.75,0,6,8,16,15,1,6,0,,24,40.0,0,0,1,21,0,8,2,16,1131,8,0,0,0,0,0,0.0,0,0,0,0,76,7,0,6.74,0,4,0,0,0,0,0,0,188.5,0.0,0,26,6,8,19,6,37.5,0,8,5,62.5,8,1,16,2,30,34.09,2,79,31,110,114.6,32,1,257,10,2,0,Giorgi Guliashvili,Real Racing Club,965257,2835
14,11,26.83,169,28,51.85,299,193,492,83.53,3,27.27,8,28,2,0,0,0,68,6,5,6,0,7,28,0,0,14,13,52,0,0,,,7,0,6.9,0,2,4,23,19,4,1,1,,36,45.0,0,0,1,97,6,14,0,16,1317,4,1,0,1,0,0,0.0,0,0,0,0,182,6,0,6.74,0,2,0,0,0,0,0,0,658.5,0.0,1,18,11,16,7,12,52.17,0,12,7,58.33,13,34,23,41,39,42.86,54,379,210,589,188.7,29,0,818,12,4,0,Daniel Ojeda,Huesca,850025,24265
6,25,35.21,229,11,55.0,334,106,440,84.62,7,36.84,12,41,5,0,0,0,55,9,4,3,0,11,40,0,0,15,12,87,0,1,,,25,0,11.54,0,3,8,33,32,1,3,0,,66,46.81,0,0,2,80,12,46,1,11,1422,11,2,0,0,0,0,0.0,0,0,0,1,222,9,0,6.74,0,2,0,0,0,0,0,0,474.0,0.0,0,18,8,13,10,22,47.83,0,21,11,52.38,46,9,46,71,73,45.63,20,403,117,520,269.5,26,1,869,24,3,0,Arnau Puigmal,Almería,910023,2858
5,10,38.46,46,8,57.14,75,29,104,77.61,1,16.67,5,8,2,0,0,0,21,2,0,1,0,1,8,0,0,5,1,20,0,0,,,4,0,0.0,0,0,2,3,3,0,0,0,,19,55.88,0,0,0,30,2,11,0,3,286,1,0,0,0,0,0,0.0,0,0,0,0,64,2,0,6.74,0,0,0,0,0,0,0,0,0.0,0.0,2,0,4,2,1,3,37.5,0,10,5,50.0,11,13,8,26,20,50.0,14,98,36,134,53.9,4,0,213,6,2,0,Toni Villa,Eibar,813523,2839
23,8,34.78,157,41,59.42,313,285,598,85.43,11,35.48,20,32,4,0,0,0,69,4,0,2,2,19,30,0,0,13,12,67,0,0,,,24,0,0.0,0,0,4,18,15,3,0,0,,45,48.91,0,0,0,102,9,24,0,11,1104,1,7,0,0,0,0,0.0,0,0,0,0,143,2,0,6.74,0,0,0,0,0,0,0,0,0.0,0.0,0,5,3,3,3,3,100.0,0,31,18,58.06,24,54,3,23,56,45.53,69,388,312,700,202.1,8,1,868,11,3,0,Manu Trigueros,Granada,153966,33779
37,20,28.57,294,49,29.34,471,300,771,72.26,17,44.74,21,35,5,0,0,0,99,9,2,10,4,54,33,0,2,11,14,103,0,2,,,39,0,6.98,0,3,8,37,32,5,2,1,,88,51.76,0,0,2,296,20,45,1,25,2328,4,6,0,0,0,0,0.0,0,0,0,0,444,10,0,6.74,2,2,0,0,0,0,0,0,776.0,0.0,1,22,21,15,18,19,51.35,0,36,20,55.56,45,104,37,70,105,50.48,167,710,357,1067,222.3,43,0,1653,33,3,0,Ivan Calero,Cultural Leonesa,227912,2868
3,1,100.0,48,8,36.36,115,114,229,80.63,20,54.05,17,11,1,0,0,0,45,0,1,0,0,18,11,0,0,5,7,56,0,0,,,24,0,16.67,1,1,2,13,11,2,1,0,,36,48.0,1,0,0,55,10,3,0,8,689,0,5,0,0,0,0,0.0,0,0,0,0,75,2,0,6.74,0,0,0,0,0,0,0,0,689.0,0.0,0,6,0,2,4,6,54.55,0,20,13,65.0,3,12,11,1,56,50.0,22,151,133,284,74.1,6,0,412,10,2,0,Joaquín González,Cádiz,1432276,4488
31,21,47.73,253,54,39.13,528,624,1152,82.76,73,68.22,34,36,6,0,0,0,111,6,4,4,5,118,36,0,0,7,25,138,0,2,,,63,0,16.0,5,4,10,53,46,7,4,0,,95,47.74,1,0,3,240,34,38,3,35,3068,2,15,0,0,0,0,0.0,0,0,0,2,349,9,0,6.74,0,0,0,0,0,0,0,0,767.0,0.0,0,22,3,14,7,11,50.0,0,52,35,67.31,38,65,22,44,168,54.9,138,689,703,1392,242.5,25,2,2130,33,13,0,Álex Muñoz,Almería,273227,2858
0,0,0.0,6,11,17.46,11,15,26,32.91,0,0.0,0,3,0,0,0,0,26,0,0,0,0,3,3,0,0,0,0,0,0,0,,,0,0,0.0,30,0,0,3,3,0,0,0,,0,0.0,0,2,0,53,0,0,0,2,264,0,0,0,0,0,0,0.0,1,0,0,0,53,0,1,6.73,0,0,2,8,2,10,0,2,0.0,0.0,0,0,0,0,0,0,0.0,2,0,0,0.0,0,6,0,0,0,0.0,63,62,17,79,20.2,0,0,105,0,0,0,Christian Sanchez,Sporting Gijón,913909,2852
1,3,50.0,8,0,0.0,13,5,18,81.82,2,100.0,0,3,0,0,0,0,2,0,0,0,0,0,3,0,0,2,2,4,0,0,,,0,0,0.0,0,0,0,1,1,0,0,0,,3,42.86,0,0,0,4,1,3,0,0,73,0,0,0,0,0,0,0.0,0,0,0,0,12,0,0,6.73,0,0,0,0,0,0,0,0,0.0,0.0,0,2,0,1,1,0,0.0,0,2,1,50.0,3,1,0,6,5,55.56,1,14,8,22,20.2,2,0,42,1,0,0,Sergio Sanchis,CD Castellón,1594178,5067
8,5,23.81,282,14,63.64,431,189,620,83.11,3,12.5,21,40,4,0,0,0,109,4,6,16,2,12,40,0,0,48,17,188,0,1,,,34,0,9.68,0,6,10,36,29,7,4,2,,122,42.21,0,0,0,126,10,33,3,27,2401,5,0,0,1,0,0,0.0,0,0,0,0,346,20,0,6.73,0,3,0,0,0,0,0,0,400.17,0.0,1,31,31,20,26,47,40.17,0,21,16,76.19,32,13,117,21,125,39.94,22,532,214,746,269.3,62,1,1273,54,6,0,Min-su Kim,FC Andorra,1892528,324871
71,21,21.0,135,93,47.21,310,426,736,75.49,48,55.17,39,34,2,0,0,0,124,2,2,9,3,124,34,0,0,20,30,151,0,2,,,39,0,4.65,7,2,4,46,38,8,1,1,,129,53.53,0,0,1,239,37,15,2,30,2667,3,9,1,0,0,0,0.0,0,0,0,0,436,8,0,6.73,1,0,0,0,0,0,0,0,1333.5,0.0,9,12,31,20,14,30,54.55,0,62,39,62.9,15,131,55,100,177,53.96,197,475,500,975,228.9,43,5,1810,37,11,1,Jon Balda,Real Sociedad B,1216301,24360
22,2,18.18,142,35,35.0,333,448,781,85.26,40,54.05,34,25,0,0,0,0,69,1,1,3,3,92,25,0,0,5,17,77,1,1,,,18,0,7.69,17,1,1,25,23,2,1,0,,55,56.12,0,0,0,135,25,3,1,19,1695,1,10,0,0,0,2,0.0,0,0,0,0,184,1,0,6.73,1,0,0,0,0,0,0,0,1695.0,0.0,0,11,2,8,2,5,50.0,0,40,24,60.0,3,65,10,11,95,55.23,100,425,491,916,168.3,13,1,1235,10,3,1,Agustín Sienra,CD Castellón,1022258,5067
2,0,0.0,115,3,25.0,217,94,311,86.87,20,50.0,20,17,2,0,0,0,41,3,4,6,4,11,17,0,0,18,14,87,0,1,,,15,0,15.38,0,4,6,12,11,1,4,0,,54,44.63,0,0,3,47,5,10,2,14,1168,9,1,0,0,0,0,0.0,0,0,0,0,118,4,0,6.73,0,2,0,0,0,0,0,0,292.0,0.0,0,22,4,11,9,11,34.38,0,28,16,57.14,10,6,32,2,74,45.96,12,255,103,358,114.4,26,0,561,15,1,0,Taisei Miyashiro,UD Las Palmas,905350,6577
32,0,0.0,189,45,60.81,429,274,703,85.73,22,44.9,27,24,0,0,0,0,96,2,0,1,4,23,24,0,0,7,12,76,0,1,,,27,0,0.0,0,0,0,25,24,1,0,0,,46,48.42,0,0,0,117,17,14,0,20,1726,0,6,0,0,0,0,0.0,0,0,0,1,147,7,0,6.73,0,0,0,0,0,0,0,0,0.0,0.0,0,2,6,5,2,5,50.0,0,37,17,45.95,14,51,10,3,68,47.22,74,519,301,820,161.5,8,0,1004,4,5,0,Nacho Martín,Sporting Gijón,1152182,2852
17,1,25.0,154,22,44.0,395,374,769,86.4,32,53.33,28,32,0,0,0,0,92,1,5,6,2,30,32,0,0,12,10,95,0,5,,,40,0,7.69,0,2,2,27,25,2,1,1,,79,54.11,1,0,1,121,14,10,1,22,1884,0,4,0,0,0,0,0.0,0,0,0,0,181,6,0,6.73,0,0,0,0,0,0,0,0,942.0,0.0,0,15,11,14,6,10,52.63,0,42,29,69.05,10,30,19,4,111,53.88,50,474,416,890,215.3,26,1,1161,27,7,0,Maguette Gueye,Real Racing Club,1383421,2835
6,18,36.0,130,4,28.57,192,68,260,77.61,8,26.67,22,33,4,0,0,0,72,3,1,8,0,17,32,0,0,25,24,127,0,1,,,20,0,4.55,0,1,5,28,25,3,1,0,,113,51.83,0,0,1,75,6,28,1,17,1621,3,1,0,1,0,0,0.0,0,0,0,0,235,10,0,6.73,0,0,0,0,0,0,0,0,1621.0,0.0,0,14,8,6,8,42,51.22,0,20,10,50.0,27,17,82,50,121,48.79,14,252,83,335,215.3,22,0,730,51,3,0,Salim El Jebari,Mirandés,1142596,35092
47,0,0.0,156,45,49.45,377,593,970,85.46,33,58.93,23,38,0,0,0,0,114,0,0,10,3,45,37,0,0,25,23,117,1,2,,,30,0,4.35,1,1,1,32,29,3,1,0,,89,48.63,0,0,1,165,37,4,1,19,1915,1,7,0,0,0,1,0.0,0,0,0,1,258,7,0,6.73,0,0,0,0,0,0,0,0,1915.0,0.0,2,9,14,9,4,13,40.63,0,52,24,46.15,4,85,32,9,122,51.05,91,485,650,1135,248.9,23,0,1520,24,5,0,Yann Bodiger,AD Ceuta,583608,2869
26,0,0.0,58,55,40.74,188,288,476,76.65,46,73.02,17,28,0,0,0,0,63,1,0,4,4,96,26,0,0,6,10,54,0,2,,,19,0,0.0,0,0,0,25,22,3,0,0,,48,56.47,0,0,0,145,18,3,0,15,1466,0,10,0,0,0,1,0.0,0,0,0,0,210,1,0,6.73,0,0,0,0,0,0,0,0,0.0,0.0,0,6,1,2,1,9,75.0,0,28,19,67.86,3,74,12,7,94,63.51,135,292,329,621,174.9,7,0,949,13,4,0,Javier Moreno,Albacete Balompié,1170447,2848
7,27,24.55,66,9,37.5,99,31,130,70.65,3,20.0,12,31,1,1,0,0,37,5,3,5,0,6,31,0,0,15,11,79,0,0,,,11,0,12.5,0,4,5,19,16,3,3,1,,66,49.62,0,0,1,54,3,26,3,14,1198,3,1,0,1,3,0,66.67,0,2,0,1,226,10,0,6.73,0,1,0,0,0,0,0,0,299.5,0.0,3,18,14,11,16,29,47.54,0,17,14,82.35,25,25,61,110,69,46.62,24,143,41,184,208.5,32,0,531,21,2,0,Dani Díaz,Real Sociedad B,1466128,24360
1,0,0.0,1,0,0.0,2,1,3,60.0,3,37.5,5,6,0,0,0,0,0,0,0,0,0,0,4,0,0,0,0,8,0,0,,,2,0,50.0,0,1,1,1,0,1,1,0,,2,40.0,0,0,0,2,0,0,1,0,56,0,0,0,0,0,0,0.0,0,0,0,0,8,0,0,6.73,0,0,0,0,0,0,0,0,56.0,0.0,0,2,0,0,2,0,0.0,0,1,1,100.0,0,1,1,0,5,38.46,0,4,1,5,26.9,2,0,17,1,0,0,Sydney Osazuwa,Real Sociedad B,1626200,24360
6,0,0.0,12,2,33.33,32,38,70,80.46,3,50.0,3,13,1,0,0,0,16,0,0,1,0,4,8,0,0,1,4,16,0,1,,,5,0,0.0,0,0,1,2,1,1,0,0,,14,51.85,0,0,0,17,7,2,0,2,219,0,3,0,0,0,0,0.0,0,0,0,0,30,1,0,6.73,0,0,0,0,0,0,0,0,0.0,0.0,0,1,1,1,0,3,50.0,0,7,5,71.43,2,7,6,2,17,51.52,6,43,44,87,53.8,2,0,140,4,1,0,Marcelo Expósito,Burgos Club de Fútbol,1142095,2854
0,0,0.0,5,0,0.0,24,19,43,95.56,0,0.0,0,4,0,0,0,0,5,0,0,0,0,0,4,0,0,0,0,4,0,1,,,3,0,0.0,0,0,0,1,0,1,0,0,,9,69.23,0,0,1,2,0,0,0,0,45,0,0,0,0,0,0,0.0,0,0,0,0,4,0,0,6.73,0,0,0,0,0,0,0,0,0.0,0.0,0,0,1,1,0,3,75.0,0,2,2,100.0,0,1,4,0,9,69.23,1,25,20,45,26.9,1,0,59,4,2,0,Andrés Campos,Leganés,1534014,2845
5,0,0.0,22,5,62.5,78,78,156,87.15,6,54.55,5,11,0,0,0,0,12,0,0,0,0,6,8,0,0,1,2,12,0,1,,,4,0,0.0,0,0,0,2,1,1,0,0,,15,68.18,0,0,0,23,7,0,0,2,246,0,4,0,0,0,0,0.0,0,0,0,0,30,0,0,6.73,0,0,0,0,0,0,0,0,0.0,0.0,0,0,0,0,0,1,100.0,0,8,4,50.0,0,7,1,2,21,63.64,8,91,88,179,53.8,0,0,225,6,0,0,Iñaki González,UD Las Palmas,1513452,6577
31,0,0.0,22,98,38.89,55,358,413,71.21,8,100.0,0,16,0,0,0,0,136,0,0,0,3,24,16,0,0,0,1,1,1,0,,,0,0,0.0,84,0,0,23,19,4,0,0,,1,50.0,0,13,0,167,0,1,0,15,1359,0,0,0,0,0,0,0.0,2,0,0,0,172,0,7,6.73,0,0,16,25,12,37,0,9,0.0,0.0,0,0,0,0,0,0,0.0,16,0,0,0.0,1,69,0,0,9,90.0,252,177,403,580,107.6,0,0,750,1,2,0,Ander Astralaga,Granada,1142253,33779
1,0,0.0,45,2,100.0,61,52,113,69.33,18,42.86,24,29,0,0,0,1,18,1,4,6,0,20,29,0,0,15,3,59,0,0,,,12,0,17.24,0,5,5,27,24,3,5,0,,43,55.13,0,0,0,50,3,10,0,14,1211,5,0,0,0,3,0,66.67,0,2,0,2,103,1,0,6.72,0,5,0,0,0,0,0,0,242.2,0.0,0,26,3,8,15,3,37.5,0,5,4,80.0,10,3,8,4,61,50.83,2,99,64,163,195.0,29,1,347,35,0,0,Manu Justo,Cultural Leonesa,964977,2868
29,0,0.0,45,52,37.96,247,964,1211,88.46,41,62.12,25,25,1,0,0,0,83,2,2,3,5,96,25,0,0,3,8,63,0,1,,,26,0,20.0,81,2,3,27,19,8,2,0,,45,54.22,1,0,0,158,27,4,1,21,1893,0,8,0,0,0,1,0.0,0,0,0,0,178,1,0,6.72,0,0,0,0,0,0,0,0,946.5,0.0,0,9,1,4,3,5,83.33,0,37,26,70.27,4,72,6,0,86,57.72,137,346,1023,1369,168.1,10,1,1621,3,8,0,Dani Barcia,Deportivo de A Coruña,1100590,2832
23,7,20.59,83,17,58.62,170,138,308,84.38,5,45.45,6,22,2,0,0,0,34,1,2,6,0,7,21,0,0,4,4,39,0,0,,,19,0,0.0,0,0,2,18,18,0,0,0,,47,58.75,0,0,0,57,1,9,0,10,866,2,1,0,0,0,0,0.0,0,0,0,0,106,3,0,6.72,0,0,0,0,0,0,0,0,0.0,0.0,0,8,8,6,4,7,53.85,0,23,10,43.48,9,35,13,34,52,57.14,29,210,155,365,141.2,16,0,523,17,5,0,Mathis Lachuer,Real Valladolid,1101440,2831
15,0,0.0,127,18,64.29,215,125,340,60.5,158,60.54,103,38,1,0,0,0,54,5,18,14,4,32,38,0,0,31,11,212,0,1,,,63,0,8.33,0,7,8,34,31,3,7,0,,83,43.23,5,0,0,222,2,25,2,28,2602,14,5,0,0,2,0,100.0,0,2,0,0,386,14,0,6.72,0,0,0,0,0,0,0,0,371.71,0.0,0,71,13,43,27,8,42.11,0,13,9,69.23,25,23,19,7,241,53.2,28,389,173,562,255.4,84,1,1003,66,8,0,Juanmi Latasa,Real Valladolid,966679,2831
5,8,61.54,60,18,54.55,155,186,341,85.68,18,50.0,18,25,0,0,0,0,54,0,1,0,3,51,24,0,0,14,16,68,0,0,,,16,0,25.0,0,1,1,19,17,2,0,1,,53,51.46,0,0,0,57,13,4,0,15,1410,3,5,0,0,0,0,0.0,0,0,0,0,125,2,0,6.72,0,1,0,0,0,0,0,0,1410.0,0.0,0,3,1,1,3,12,70.59,0,40,27,67.5,4,14,17,13,71,51.08,33,193,205,398,161.3,4,0,752,1,4,0,Pau Casadesús,Granada,1165007,33779
2,0,0.0,30,1,100.0,56,24,80,79.21,7,35.0,13,15,0,0,0,0,12,0,2,2,0,2,15,0,0,10,8,44,0,0,,,9,0,15.0,0,3,3,5,5,0,3,0,,21,40.38,0,0,0,21,1,3,3,4,400,5,0,0,0,0,0,0.0,0,0,0,0,58,2,0,6.72,0,0,0,0,0,0,0,0,133.33,0.0,0,18,2,7,11,9,69.23,0,0,0,0.0,3,3,13,1,28,38.89,1,71,30,101,100.8,20,0,200,12,1,0,Marc Cardona,FC Andorra,841854,324871
0,1,100.0,11,0,0.0,15,16,31,72.09,1,50.0,1,6,0,0,0,0,8,0,0,0,0,3,5,0,0,2,1,11,0,0,,,4,0,50.0,0,1,1,2,1,1,0,1,,9,47.37,0,0,0,12,0,1,0,1,155,0,1,0,0,0,0,0.0,0,0,0,0,22,0,0,6.72,0,1,0,0,0,0,0,0,155.0,0.0,0,1,1,0,2,1,25.0,0,5,2,40.0,1,1,4,1,10,47.62,2,24,19,43,33.6,2,0,76,3,1,0,Noé Carrillo,Deportivo de A Coruña,2414019,2832
6,0,0.0,18,10,47.62,49,44,93,78.15,12,70.59,5,10,0,0,0,0,21,2,0,1,0,9,10,0,0,4,2,20,0,0,,,7,0,0.0,0,0,0,6,6,0,0,0,,16,51.61,0,0,0,26,1,3,0,2,304,0,2,0,0,0,1,0.0,0,0,0,0,39,0,0,6.72,0,0,0,0,0,0,0,0,0.0,0.0,0,2,3,1,3,3,60.0,0,9,4,44.44,3,14,5,0,28,58.33,21,72,47,119,67.2,5,0,182,4,1,0,Michael Agbekpornu,Huesca,1005403,24265
12,0,0.0,23,27,47.37,88,267,355,86.59,19,48.72,20,15,0,0,0,0,26,0,0,2,1,45,15,0,0,0,7,32,1,1,,,5,0,0.0,13,0,0,13,13,0,0,0,,13,52.0,0,0,0,55,12,2,0,8,809,0,11,0,0,0,0,0.0,0,0,0,0,61,0,0,6.72,0,0,0,0,0,0,0,0,0.0,0.0,0,5,0,2,1,2,100.0,0,5,3,60.0,2,30,2,0,32,50.0,57,124,286,410,100.8,5,0,522,6,1,0,Unax Ayo Larrañaga,Real Sociedad B,1535615,24360
21,15,28.85,106,39,39.8,244,289,533,76.8,29,63.04,17,27,0,0,0,0,82,2,0,5,3,61,25,0,0,5,36,89,1,1,,,20,0,0.0,0,0,0,22,17,5,0,0,,88,55.0,0,0,0,161,22,14,0,15,1399,2,5,1,0,0,0,0.0,0,0,0,0,251,2,0,6.72,0,0,0,0,0,0,0,0,0.0,0.0,0,4,6,5,0,18,58.06,0,43,29,67.44,14,48,31,52,117,56.8,98,350,344,694,168.0,10,1,1178,27,4,0,Unax Agote,Real Sociedad B,1526574,24360
22,12,35.29,215,49,42.61,397,394,791,81.63,19,67.86,9,32,1,0,0,0,84,0,0,3,4,79,31,0,1,20,25,109,0,1,,,26,0,27.27,0,3,4,31,27,4,3,0,,94,48.45,0,0,0,178,22,22,0,22,2077,2,7,0,0,0,1,0.0,0,0,0,0,331,4,0,6.72,1,3,0,0,0,0,0,0,692.33,0.0,0,8,3,3,5,17,36.96,0,50,31,62.0,22,54,46,34,113,50.9,115,521,448,969,208.3,11,4,1597,27,9,0,Daijiro Chirino,Almería,1014492,2858
10,1,14.29,211,15,38.46,401,275,676,84.39,13,50.0,13,37,4,0,0,0,78,4,2,5,1,21,37,0,1,6,24,79,0,1,,,25,0,19.05,0,4,8,29,26,3,4,0,,76,53.52,0,0,0,125,14,15,0,15,1685,6,4,1,0,0,0,0.0,0,0,0,0,187,5,0,6.72,1,4,0,0,0,0,0,0,421.25,0.0,0,18,3,6,10,9,42.86,0,34,17,50.0,15,21,21,7,89,52.98,39,489,312,801,248.6,21,1,1108,33,5,0,Marco Sangalli,Real Racing Club,344909,2835
6,0,0.0,25,10,45.45,101,203,304,88.12,12,70.59,5,11,0,0,0,0,25,0,0,0,2,18,11,0,0,4,8,36,0,0,,,18,0,0.0,0,0,0,9,7,2,0,0,,30,49.18,0,0,0,41,11,0,0,7,565,0,6,0,0,0,0,0.0,0,0,0,0,52,2,0,6.72,0,0,0,0,0,0,0,0,0.0,0.0,0,2,2,3,1,2,66.67,0,17,8,47.06,0,11,3,1,42,53.85,22,124,221,345,73.9,4,0,441,11,1,0,José Gragera,Deportivo de A Coruña,966940,2832
18,0,0.0,30,33,46.48,118,355,473,87.76,16,48.48,17,12,0,0,0,0,23,0,0,0,2,52,12,0,0,0,4,29,0,0,,,8,0,0.0,7,0,0,16,13,3,0,0,,17,58.62,0,0,0,66,12,0,0,8,812,0,7,0,0,0,0,0.0,0,0,0,0,71,0,0,6.72,0,0,0,0,0,0,0,0,0.0,0.0,0,0,3,2,1,0,0.0,0,7,5,71.43,0,29,0,1,33,53.23,71,164,375,539,80.6,3,0,654,10,1,0,Tomás Ribeiro,Cultural Leonesa,996765,2868
7,3,18.75,36,16,44.44,86,114,200,80.32,12,40.0,18,13,0,0,0,0,35,1,0,1,1,17,12,0,0,10,5,53,0,1,,,9,0,0.0,3,0,0,5,5,0,0,0,,32,47.76,0,0,0,49,9,2,0,5,526,1,1,0,0,0,0,0.0,0,0,0,0,114,4,0,6.72,0,0,0,0,0,0,0,0,0.0,0.0,0,1,5,4,1,9,40.91,0,12,9,75.0,2,15,22,16,44,45.36,36,124,125,249,80.6,6,0,446,11,1,0,Juan María Alcedo,Córdoba,1085242,2850
15,19,22.35,185,20,62.5,290,156,446,75.72,28,54.9,23,37,5,0,0,0,95,8,6,18,3,17,37,0,0,31,28,165,0,1,,,33,0,2.08,0,1,6,26,25,1,1,0,,124,46.62,1,0,2,143,13,30,0,24,2138,10,3,0,0,0,0,0.0,0,0,0,0,370,16,0,6.72,0,0,0,0,0,0,0,0,2138.0,0.0,0,34,14,17,13,47,47.96,0,48,17,35.42,30,30,98,85,152,47.95,32,402,187,589,248.5,48,1,1142,30,5,0,Stipe Biuk,Real Valladolid,965019,2831
11,10,18.52,122,14,46.67,219,126,345,82.34,3,30.0,7,26,1,0,0,0,36,2,1,11,0,12,25,0,0,5,14,47,1,0,,,10,0,8.7,0,2,3,8,6,2,1,1,,32,44.44,0,0,1,74,3,12,0,9,954,1,2,0,0,0,0,0.0,0,0,0,0,159,8,0,6.72,0,2,0,0,0,0,0,0,477.0,0.0,1,8,15,8,4,8,40.0,0,4,2,50.0,12,25,20,54,35,42.68,30,276,143,419,167.9,23,1,627,20,2,0,Iván Gil,UD Las Palmas,1010525,6577
10,15,29.41,67,11,34.38,158,156,314,84.41,5,29.41,12,21,2,0,0,0,30,3,0,4,0,17,20,0,0,4,8,33,1,0,,,7,0,8.33,0,1,3,11,6,5,0,1,,25,54.35,0,0,0,58,10,19,1,8,784,2,6,0,1,0,0,0.0,0,0,0,0,111,3,0,6.72,0,0,0,0,0,0,0,0,784.0,0.0,1,2,10,3,5,3,60.0,0,16,8,50.0,18,22,5,51,30,47.62,32,197,175,372,134.3,12,1,601,6,2,0,Sergio Escudero,Deportivo de A Coruña,88859,2832
0,0,0.0,10,3,75.0,18,11,29,72.5,10,43.48,13,7,0,0,0,0,8,0,1,0,0,2,7,0,0,7,3,39,0,0,,,13,0,28.57,0,2,2,3,2,1,2,0,,15,36.59,0,0,0,11,0,0,0,3,273,2,1,0,0,0,1,0.0,0,0,0,0,40,4,0,6.71,0,2,0,0,0,0,0,0,136.5,0.0,0,6,1,3,4,6,60.0,0,4,1,25.0,0,1,10,0,25,39.06,4,27,13,40,47.0,7,1,110,5,1,0,Andrés Ferrari,Sporting Gijón,1177406,2852
5,0,0.0,7,12,60.0,20,129,149,87.65,9,75.0,3,7,0,0,0,0,9,0,0,0,0,22,7,0,0,0,3,7,0,0,,,1,0,0.0,3,0,0,7,6,1,0,0,,12,75.0,0,0,0,21,6,0,0,4,301,0,3,0,0,0,0,0.0,0,0,0,0,24,0,0,6.71,0,0,0,0,0,0,0,0,0.0,0.0,0,0,0,0,0,0,0.0,0,12,5,41.67,0,8,0,0,21,75.0,20,28,142,170,47.0,0,0,227,0,0,0,Iker Calderon,Real Sociedad B,1545062,24360
7,1,33.33,42,12,50.0,86,81,167,84.77,4,30.77,9,15,0,0,0,0,29,0,0,0,0,11,15,0,0,4,4,25,0,1,,,8,0,0.0,0,0,0,6,6,0,0,0,,28,63.64,0,0,0,30,4,3,0,2,367,0,0,0,0,0,0,0.0,0,0,0,0,43,3,0,6.71,1,0,0,0,0,0,0,0,0.0,0.0,0,0,3,2,1,5,83.33,0,16,12,75.0,3,10,6,3,32,56.14,24,107,90,197,100.7,3,0,270,7,1,1,Ibrahim Alani,Real Valladolid,2150615,2831
10,10,16.95,136,7,36.84,238,75,313,77.67,14,35.0,26,32,0,0,0,0,66,3,3,9,2,8,32,0,1,36,14,133,0,1,,,27,0,7.41,0,2,2,24,21,3,1,1,,109,50.46,0,0,0,90,10,18,2,20,1759,4,2,0,0,0,0,0.0,0,0,0,1,283,7,0,6.71,1,0,0,0,0,0,0,0,879.5,0.0,1,16,11,9,9,28,47.46,0,36,19,52.78,18,22,59,59,123,48.05,19,308,95,403,214.8,27,0,860,45,4,0,Daniel Luna,Huesca,1018516,24265
16,0,0.0,45,36,31.86,193,752,945,81.89,141,59.49,96,40,0,0,0,0,99,0,6,3,10,269,40,0,0,8,18,167,2,1,,,42,0,3.85,3,1,1,59,53,6,1,0,,73,50.69,1,0,2,209,49,5,0,38,3438,4,39,1,0,0,0,0.0,0,0,0,1,249,3,1,6.71,0,0,0,0,0,0,0,0,3438.0,0.0,0,25,1,13,10,4,44.44,0,51,36,70.59,5,40,9,1,214,56.17,113,335,819,1154,268.5,26,1,1736,20,6,0,Carlos Hernández,AD Ceuta,175563,2869
3,1,10.0,26,3,75.0,45,48,93,90.29,2,28.57,5,10,1,0,0,0,13,1,0,0,0,4,8,0,0,4,4,28,0,1,,,3,0,0.0,0,0,1,3,2,1,0,0,,19,45.24,0,0,0,10,3,4,0,2,239,1,3,0,0,0,0,0.0,0,0,0,0,42,1,0,6.71,0,0,0,0,0,0,0,0,0.0,0.0,0,0,0,0,0,5,29.41,0,8,3,37.5,4,5,17,10,21,42.86,4,51,52,103,53.7,0,0,200,6,1,0,Juan Bernat,Eibar,96368,2839
32,6,19.35,97,60,40.54,231,435,666,76.11,27,49.09,28,33,3,0,0,0,88,3,0,6,3,102,33,0,0,7,20,91,0,1,,,25,0,15.79,9,3,6,40,35,5,3,0,,79,55.63,1,0,0,209,27,17,1,25,2308,3,13,1,2,0,0,0.0,0,0,0,0,321,4,0,6.71,1,1,0,0,0,0,0,0,769.33,0.0,0,13,6,10,3,17,60.71,0,43,18,41.86,15,88,28,31,106,53.81,148,373,502,875,221.5,19,1,1375,19,4,1,Álvaro Carrillo,Huesca,984620,24265
9,1,50.0,32,22,34.92,105,334,439,87.28,10,52.63,9,18,1,0,0,0,16,1,2,1,1,54,17,0,0,0,3,24,1,1,,,12,0,0.0,1,0,1,12,8,4,0,0,,15,50.0,0,0,0,64,12,2,0,9,841,0,9,0,0,0,0,0.0,0,0,0,0,74,0,0,6.71,0,0,0,0,0,0,0,0,0.0,0.0,0,3,1,3,0,0,0.0,0,15,12,80.0,2,27,0,2,25,51.02,63,142,361,503,114.1,4,0,641,0,2,0,Aritz Arambarri,Eibar,992397,2839
40,1,25.0,113,79,45.93,321,958,1279,88.63,33,51.56,31,28,1,0,0,0,63,3,0,1,6,120,28,0,0,1,13,75,0,2,,,30,0,0.0,4,0,1,38,34,4,0,0,,40,47.62,0,0,0,164,39,10,0,28,2464,0,19,0,0,0,0,0.0,0,0,0,0,176,2,0,6.71,0,0,0,0,0,0,0,0,0.0,0.0,0,3,0,2,0,0,0.0,0,22,8,36.36,10,77,1,4,73,49.32,172,438,1005,1443,187.9,3,1,1738,20,9,0,Nélson Monte,Almería,831014,2858
6,6,12.5,126,6,42.86,247,168,415,80.12,9,29.03,22,31,2,0,0,0,69,0,8,6,3,25,31,0,0,21,25,106,0,0,,,22,0,16.67,0,7,9,18,16,2,7,0,,69,45.1,1,0,3,103,11,12,1,25,2154,11,2,0,0,0,0,0.0,0,0,0,0,228,9,0,6.71,0,5,0,0,0,0,0,0,307.71,0.0,0,26,16,21,15,14,43.75,0,29,21,72.41,12,12,32,48,78,42.39,14,328,190,518,208.0,42,0,863,26,4,0,Ale García,UD Las Palmas,1130503,6577
28,14,16.87,237,24,52.17,361,100,461,79.07,5,17.24,24,32,5,0,0,0,84,10,6,15,1,15,32,0,0,32,25,126,0,1,,,30,0,8.57,0,3,8,21,18,3,3,0,,72,41.38,0,0,1,122,8,32,0,25,1822,2,1,0,1,0,0,0.0,0,0,0,0,316,18,0,6.71,0,3,0,0,0,0,0,0,607.33,0.0,2,21,14,7,13,21,53.85,0,20,13,65.0,31,49,39,83,77,37.93,46,462,121,583,214.7,35,1,1013,32,3,0,Pablo Santiago,CD Castellón,1594117,5067
10,0,0.0,83,12,85.71,152,149,301,78.59,61,52.14,56,33,0,0,0,0,45,1,11,12,0,12,33,0,0,16,2,94,0,0,,,20,0,14.58,0,7,7,24,20,4,7,0,,34,47.22,1,0,5,82,1,16,3,20,1782,13,2,0,0,0,1,0.0,0,0,0,0,145,6,0,6.71,0,3,0,0,0,0,0,0,254.57,0.0,0,43,5,18,18,9,69.23,0,7,3,42.86,16,13,13,1,95,50.26,14,213,170,383,221.4,48,1,581,20,2,0,Kenan Kodro,Real Zaragoza,591140,2815
5,1,5.26,73,3,75.0,132,95,227,78.82,13,41.94,18,31,1,0,0,0,49,1,7,9,0,8,31,0,0,34,9,112,0,0,,,15,0,9.38,0,3,4,33,28,5,3,0,,80,45.98,1,0,0,61,8,14,1,14,1431,5,1,0,0,0,0,0.0,0,0,0,1,221,8,0,6.71,0,1,0,0,0,0,0,0,477.0,0.0,0,31,1,10,13,27,41.54,0,23,16,69.57,14,7,65,19,93,45.37,4,181,107,288,207.9,32,0,643,30,2,0,Konrad de la Fuente,AD Ceuta,954047,2869
13,0,0.0,157,23,43.4,338,245,583,82.58,26,55.32,21,34,0,0,0,0,89,2,5,2,3,35,32,0,0,19,28,121,0,1,,,45,0,0.0,0,0,0,26,21,5,0,0,,101,50.25,0,0,0,123,24,6,0,20,1847,3,8,0,0,0,0,0.0,0,0,0,0,187,6,0,6.71,0,0,0,0,0,0,0,0,0.0,0.0,0,8,3,4,5,13,52.0,0,52,23,44.23,6,27,25,2,127,51.21,53,413,293,706,214.6,11,0,1021,36,9,0,Justin Smith,Sporting Gijón,1110904,2852
11,12,21.82,263,17,50.0,418,156,574,82.23,3,11.11,24,36,3,0,0,0,117,6,5,13,1,13,36,0,0,38,27,141,0,1,,,22,0,9.26,0,5,8,24,21,3,4,1,,93,44.29,1,0,3,124,16,20,2,24,2148,4,2,0,0,0,0,0.0,0,0,0,0,315,18,0,6.71,0,2,0,0,0,0,0,0,429.6,0.0,0,32,22,21,20,36,54.55,0,40,30,75.0,20,22,66,55,96,40.51,34,518,180,698,241.4,54,0,1153,17,3,0,Gaspar Campos,Sporting Gijón,1031637,2852
51,1,12.5,114,116,44.62,383,896,1279,83.32,45,49.45,46,36,1,0,0,0,123,2,1,3,8,155,36,0,0,1,30,110,0,2,,,31,0,4.76,3,1,2,42,41,1,1,0,,71,52.59,1,0,0,256,37,7,0,32,2962,3,16,0,0,0,2,0.0,0,0,0,0,294,1,0,6.71,1,0,0,0,0,0,0,0,2962.0,0.0,0,20,1,10,8,12,80.0,0,48,28,58.33,7,120,15,8,116,51.33,260,552,983,1535,241.4,21,0,1947,11,8,1,Pablo Tomeo,Real Valladolid,1130516,2831
3,0,0.0,46,3,60.0,73,29,102,69.39,28,60.87,18,25,0,0,0,0,22,1,3,2,0,10,25,0,0,13,3,49,0,0,,,11,0,17.65,0,3,3,16,16,0,3,0,,37,54.41,0,0,0,45,5,5,2,6,776,1,2,0,0,0,0,0.0,0,0,0,0,104,3,0,6.7,0,1,0,0,0,0,0,0,258.67,0.0,0,14,3,9,6,8,61.54,0,15,10,66.67,5,3,13,3,65,57.02,5,113,34,147,167.6,17,2,297,14,3,0,Thalys,Almería,1485295,2858
4,1,5.0,100,5,55.56,172,56,228,82.91,10,34.48,19,29,3,0,0,0,50,4,2,12,0,8,28,0,0,19,11,90,0,0,,,22,0,5.88,0,2,5,12,12,0,2,0,,70,49.65,0,0,2,47,10,14,0,8,941,4,1,0,0,0,0,0.0,0,0,0,0,147,8,0,6.7,0,2,0,0,0,0,0,0,470.5,0.0,0,22,12,8,14,23,48.94,0,14,9,64.29,14,6,47,20,80,47.06,9,205,70,275,187.7,34,2,552,33,3,0,Julen Lobete,Málaga CF,1006232,2830
73,19,25.0,151,110,39.86,431,752,1183,78.97,70,69.31,31,39,1,0,0,0,120,2,3,6,3,199,39,0,0,1,12,96,1,0,,,52,0,0.0,1,0,1,62,57,5,0,0,,54,45.38,0,0,0,315,40,28,0,39,3510,4,34,1,2,0,0,0.0,0,0,0,0,513,4,0,6.7,1,0,0,0,0,0,0,0,0.0,0.0,0,7,7,6,2,3,100.0,0,35,23,65.71,26,166,3,76,124,56.36,276,665,833,1498,261.4,14,2,2238,18,13,1,Juan Gutiérrez,Mirandés,897788,35092
2,2,40.0,8,3,75.0,17,12,29,70.73,3,50.0,3,9,0,0,0,0,5,0,0,0,0,1,9,0,0,1,0,9,0,0,,,0,0,50.0,0,1,1,1,1,0,1,0,,7,53.85,0,0,0,12,1,2,1,0,125,1,0,0,0,0,0,0.0,0,0,0,0,31,0,0,6.7,0,0,0,0,0,0,0,0,125.0,0.0,0,1,1,1,1,2,28.57,0,1,0,0.0,2,3,7,5,10,52.63,4,26,15,41,60.3,2,0,75,4,0,0,Haitam Abaida,Málaga CF,1021125,2830
2,0,0.0,41,7,53.85,89,42,131,81.88,4,40.0,6,12,0,0,0,0,18,0,0,2,0,6,11,0,0,5,3,27,0,0,,,10,0,16.67,0,1,1,10,9,1,1,0,,21,50.0,0,0,0,29,5,3,0,5,449,1,2,0,0,0,0,0.0,0,0,0,0,49,2,0,6.7,0,1,0,0,0,0,0,0,449.0,0.0,0,3,3,2,2,4,57.14,0,12,7,58.33,3,6,7,5,25,48.08,13,112,48,160,73.7,6,0,239,5,3,0,Capi,Albacete Balompié,1466127,2848
0,0,0.0,1,1,100.0,1,0,1,50.0,0,0.0,0,1,0,0,0,0,1,0,0,1,0,0,1,0,0,0,1,2,0,0,,,0,0,0.0,0,0,0,0,0,0,0,0,,0,0.0,0,0,0,1,0,0,0,0,9,0,0,0,0,0,0,0.0,0,0,0,0,2,0,0,6.7,0,0,0,0,0,0,0,0,0.0,0.0,0,1,0,0,0,0,0.0,0,0,0,0.0,0,0,1,0,0,0.0,1,2,0,2,6.7,1,0,6,0,0,0,Michał  Willmann,CD Castellón,1898862,5067
0,0,0.0,0,3,75.0,1,9,10,90.91,0,0.0,0,1,0,0,0,0,0,0,0,0,0,0,1,0,0,0,0,0,0,0,,,0,0,0.0,5,0,0,1,1,0,0,0,,0,0.0,0,0,0,1,0,0,0,0,45,0,0,0,0,0,0,0.0,1,0,0,0,1,0,0,6.7,0,0,0,2,0,2,0,0,0.0,0.0,0,0,0,0,0,0,0.0,0,0,0,0.0,0,0,0,0,0,0.0,4,2,9,11,6.7,0,0,13,0,0,0,Manuel Obón,Real Zaragoza,1978288,2815
0,0,0.0,1,0,0.0,2,6,8,88.89,0,0.0,0,1,0,0,0,0,1,0,0,0,0,2,1,0,0,0,0,0,0,0,,,0,0,0.0,0,0,0,0,0,0,0,0,,0,0.0,0,0,0,1,1,0,0,0,12,0,0,0,0,0,0,0.0,0,0,0,0,1,0,0,6.7,0,0,0,0,0,0,0,0,0.0,0.0,0,0,0,0,0,0,0.0,0,0,0,0.0,0,0,0,0,0,0.0,0,2,7,9,6.7,0,0,15,0,0,0,Pello Arana,Real Sociedad B,2440009,24360
3,2,28.57,15,2,100.0,22,6,28,82.35,0,0.0,0,2,0,0,0,0,6,0,0,0,0,1,2,0,0,0,0,0,0,0,,,0,0,0.0,0,0,0,3,3,0,0,0,,2,100.0,0,0,0,6,0,0,0,1,90,1,0,0,0,0,0,0.0,0,0,0,0,12,1,0,6.7,0,0,0,0,0,0,0,0,0.0,0.0,0,0,0,0,0,1,100.0,0,0,0,0.0,0,5,1,7,2,100.0,2,26,8,34,13.4,0,0,46,1,0,0,Andy Escudero,AD Ceuta,964890,2869
0,0,0.0,5,0,0.0,8,4,12,92.31,1,100.0,0,3,0,0,0,0,2,0,0,0,0,0,2,0,0,0,1,3,0,0,,,1,0,0.0,0,0,0,1,1,0,0,0,,5,62.5,0,0,0,1,0,0,0,0,41,0,0,0,0,0,0,0.0,0,0,0,0,8,1,0,6.7,0,0,0,0,0,0,0,0,0.0,0.0,0,1,0,1,0,1,50.0,0,2,0,0.0,0,0,2,2,6,66.67,0,9,4,13,13.4,1,0,26,2,0,0,Alejandro Morante,Cultural Leonesa,2558093,2868
3,0,0.0,20,5,17.86,52,80,132,74.16,0,0.0,0,8,0,0,0,0,24,0,0,1,2,6,8,0,0,2,4,9,0,0,,,1,0,0.0,0,0,0,4,2,2,0,0,,13,59.09,0,0,0,46,4,1,0,4,417,0,1,0,0,0,0,0.0,0,0,0,0,70,1,0,6.7,0,0,0,0,0,0,0,0,0.0,0.0,0,1,2,2,0,4,66.67,0,7,6,85.71,1,11,6,5,13,59.09,28,80,98,178,53.6,3,0,283,2,0,0,Hodei Arrillaga,Eibar,1470881,2839
7,7,53.85,28,7,31.82,74,80,154,81.48,0,0.0,5,14,0,0,0,0,24,0,0,0,0,5,12,0,0,1,4,15,0,0,,,5,0,0.0,0,0,0,3,2,1,0,0,,14,58.33,0,0,0,35,10,9,0,1,298,0,0,0,0,0,0,0.0,0,0,0,0,49,2,0,6.7,0,0,0,0,0,0,0,0,0.0,0.0,3,0,3,3,0,1,50.0,0,9,4,44.44,9,17,2,13,14,48.28,22,96,93,189,80.4,3,0,248,4,2,0,Pablo Galdames,Burgos Club de Fútbol,386230,2854
6,0,0.0,5,7,53.85,59,274,333,91.74,24,77.42,7,19,0,0,0,0,12,1,0,4,1,52,17,0,0,0,2,16,0,0,,,6,0,0.0,8,0,0,11,9,2,0,0,,9,50.0,0,0,1,30,4,2,0,5,593,1,7,0,0,0,0,0.0,0,0,0,0,34,0,0,6.7,0,0,0,0,0,0,0,0,0.0,0.0,0,6,0,2,0,0,0.0,0,7,6,85.71,2,9,1,0,33,67.35,13,82,281,363,113.9,6,0,459,2,0,0,Juanma Herzog,UD Las Palmas,1513451,6577
20,15,23.08,127,21,42.86,241,209,450,82.12,4,28.57,10,25,1,0,0,0,55,4,2,9,1,28,25,0,0,8,15,61,0,0,,,25,1,4.55,0,1,2,26,24,2,0,1,,44,46.32,0,0,1,98,10,17,0,12,1268,0,1,0,0,0,0,0.0,0,0,0,0,183,3,0,6.7,0,1,0,0,0,0,0,0,1268.0,25.0,4,6,16,7,6,2,40.0,0,26,16,61.54,17,47,5,65,48,44.04,49,310,238,548,167.4,22,0,794,16,3,0,Toni Moya,Real Zaragoza,862063,2815
11,2,28.57,104,9,47.37,229,245,474,89.43,17,60.71,11,22,0,0,0,0,47,0,0,3,2,14,22,0,0,9,18,71,0,0,,,27,0,25.0,0,1,1,14,13,1,1,0,,55,47.83,1,0,0,56,14,5,0,14,1233,1,5,0,0,0,1,0.0,0,0,0,0,105,2,0,6.7,0,0,0,0,0,0,0,0,1233.0,0.0,0,4,0,0,1,8,53.33,0,25,16,64.0,5,18,15,7,72,50.35,19,272,258,530,147.3,4,0,720,22,4,0,Gui,Almería,1131043,2858
14,8,36.36,99,9,45.0,153,106,259,71.15,21,42.86,28,36,3,0,0,0,38,8,3,4,0,16,36,0,0,17,14,101,0,0,,,28,0,16.13,0,5,8,21,19,2,4,1,,55,42.97,0,0,1,105,3,21,4,19,1750,12,1,0,0,0,0,0.0,0,0,0,1,202,8,0,6.69,0,1,0,0,0,0,0,0,350.0,0.0,0,23,8,14,13,12,42.86,0,25,16,64.0,21,29,28,22,76,42.94,20,244,120,364,241.0,31,0,621,18,6,0,Stoichkov,Deportivo de A Coruña,566894,2832
37,1,20.0,140,44,59.46,324,307,631,79.57,30,49.18,31,35,1,0,0,0,152,2,1,2,2,33,35,0,0,17,23,103,0,2,,,16,0,0.0,0,0,1,47,42,5,0,0,,76,51.35,0,0,0,162,25,14,0,26,2395,1,5,0,0,0,0,0.0,0,0,0,0,239,12,0,6.69,0,0,0,0,0,0,0,0,0.0,0.0,0,2,7,2,5,16,50.0,0,49,34,69.39,14,73,32,5,106,50.72,74,447,346,793,234.3,9,0,1107,11,3,0,Thiago Helguera,Mirandés,1490866,35092
38,18,32.14,261,69,42.33,499,445,944,79.13,54,52.43,49,38,2,0,0,0,101,5,1,2,9,136,38,0,0,9,17,108,1,3,,,28,0,0.0,0,0,2,43,40,3,0,0,,61,50.83,0,0,1,249,28,30,0,32,2917,0,10,0,0,0,1,0.0,0,0,0,0,394,4,0,6.69,0,0,0,0,0,0,0,0,0.0,0.0,0,6,1,3,2,6,42.86,0,40,24,60.0,30,80,14,56,115,51.57,163,662,531,1193,254.3,7,0,1810,15,5,0,Diego Sánchez,Sporting Gijón,1085109,2852
3,0,0.0,52,13,40.63,117,138,255,81.47,10,43.48,13,12,0,0,0,0,19,0,0,2,1,18,12,0,0,4,8,38,0,0,,,9,0,0.0,0,0,0,9,8,1,0,0,,33,56.9,0,0,0,58,10,0,0,8,751,0,2,0,0,0,0,0.0,0,0,0,0,92,0,0,6.69,0,0,0,0,0,0,0,0,0.0,0.0,0,2,3,1,2,3,37.5,0,26,14,53.85,0,18,8,12,43,53.09,32,155,158,313,80.3,5,0,493,5,2,0,Marcos Leiva,Leganés,2310913,2845
18,0,0.0,66,55,56.12,216,550,766,87.54,32,46.38,37,22,0,0,0,0,56,1,0,0,0,104,22,0,0,2,8,74,0,0,,,27,0,0.0,10,0,0,34,28,6,0,0,,49,56.98,0,0,1,109,19,6,0,21,1884,0,20,1,0,0,1,0.0,0,0,0,1,133,1,0,6.69,0,0,0,0,0,0,0,0,0.0,0.0,0,3,1,3,1,1,50.0,0,22,17,77.27,6,38,2,6,81,52.26,98,288,587,875,147.2,4,0,1154,28,2,0,Jorge Cabello,Mirandés,1807070,35092
31,1,33.33,50,70,38.46,165,440,605,78.27,29,61.7,18,20,1,0,0,0,46,1,3,2,5,97,20,0,0,1,7,36,2,2,,,11,0,0.0,1,0,1,16,11,5,0,0,,17,48.57,0,0,0,168,14,3,0,17,1565,0,13,1,0,0,0,0.0,0,0,0,0,176,0,0,6.69,0,0,0,0,0,0,0,0,0.0,0.0,0,7,1,4,2,7,100.0,0,6,5,83.33,3,88,7,3,46,56.1,182,278,495,773,133.8,8,0,951,4,3,0,Aitor Córdoba,Burgos Club de Fútbol,597618,2854
34,5,35.71,170,29,70.73,275,101,376,81.21,19,47.5,21,37,0,0,0,0,47,4,3,9,0,12,37,0,0,15,7,87,0,0,,,31,0,10.64,0,5,5,20,14,6,5,0,,67,50.38,0,0,4,87,2,20,5,15,1515,13,1,1,0,0,0,0.0,0,0,0,2,163,17,0,6.69,0,0,0,0,0,0,0,0,303.0,0.0,0,32,15,19,19,5,23.81,0,23,15,65.22,20,51,21,14,86,49.71,41,353,110,463,247.5,47,1,718,39,11,0,Sergi Guardiola,Córdoba,141945,2850
18,18,22.78,154,43,56.58,298,504,802,89.21,23,60.53,15,24,1,0,0,0,71,1,0,3,1,60,24,0,0,8,14,61,0,2,,,17,0,8.33,2,1,2,26,22,4,0,1,,46,50.0,0,0,1,97,20,23,1,16,1482,2,1,0,0,0,0,0.0,0,0,0,0,201,2,0,6.69,0,0,0,0,0,0,0,0,1482.0,0.0,3,1,11,6,3,3,27.27,0,34,30,88.24,23,40,11,79,69,53.08,76,351,548,899,160.5,12,0,1333,9,4,0,Imanol García de Albéniz,FC Andorra,1009662,324871
2,0,0.0,19,2,66.67,33,21,54,71.05,2,33.33,4,8,0,0,0,0,8,0,0,1,0,1,7,0,0,0,3,16,0,0,,,6,0,0.0,0,0,0,4,4,0,0,0,,12,50.0,0,0,0,22,1,1,0,0,145,0,1,0,0,0,0,0.0,0,0,0,0,30,0,0,6.69,0,0,0,0,0,0,0,0,0.0,0.0,0,0,3,2,0,3,50.0,0,6,5,83.33,1,5,6,0,14,46.67,3,48,28,76,46.8,3,0,109,3,1,0,Manu Rico,Huesca,1049557,24265
15,0,0.0,17,19,26.03,107,512,619,86.57,37,53.62,32,21,0,0,0,0,37,2,0,2,6,121,20,0,0,0,3,54,0,2,,,19,0,0.0,25,0,0,16,15,1,0,0,,12,35.29,0,0,0,96,14,5,0,15,1480,1,17,0,0,0,1,0.0,0,0,0,0,105,0,0,6.69,0,0,0,0,0,0,0,0,0.0,0.0,0,6,0,3,1,1,100.0,0,10,6,60.0,5,47,1,0,49,47.57,73,164,551,715,133.7,6,0,927,2,5,0,Jair Amador,Eibar,844028,2839
2,1,14.29,96,4,66.67,153,84,237,65.65,31,43.66,40,33,0,0,0,0,43,6,9,13,2,2,33,0,0,38,8,174,0,0,,,53,0,19.57,0,9,9,28,24,4,8,1,,96,41.74,0,0,1,124,4,28,0,26,2174,15,0,0,0,3,0,100.0,0,3,0,0,279,14,0,6.68,0,9,0,0,0,0,0,0,241.56,0.0,0,38,8,14,19,35,47.3,0,17,11,64.71,28,7,74,7,127,42.19,6,258,103,361,220.6,46,1,728,46,4,0,Dani Gómez,Real Zaragoza,888930,2815
24,7,13.73,219,36,48.65,380,285,665,78.51,23,35.38,42,33,2,0,0,0,135,3,5,11,3,19,33,0,1,30,31,214,0,1,,,68,0,4.55,0,2,4,28,21,7,2,0,,155,47.4,1,0,1,182,32,35,0,26,2182,1,2,0,0,0,0,0.0,0,0,0,1,385,15,0,6.68,2,1,0,0,0,0,0,0,1091.0,0.0,0,28,16,16,17,30,39.47,0,54,31,57.41,35,38,76,51,178,45.41,74,515,332,847,220.6,44,0,1421,71,13,1,Mikel Rodriguez,Real Sociedad B,788142,24360
6,3,12.5,131,18,43.9,322,320,642,90.17,4,23.53,13,20,1,0,0,0,48,2,0,0,0,14,19,0,0,3,10,42,0,0,,,14,0,0.0,0,0,1,14,13,1,0,0,,27,48.21,0,0,0,70,10,13,0,12,948,0,2,0,1,0,0,0.0,0,0,0,0,110,6,0,6.68,0,0,0,0,0,0,0,0,0.0,0.0,0,2,5,6,1,4,66.67,0,13,9,69.23,12,12,6,24,31,42.47,41,363,349,712,127.0,7,0,846,10,5,0,Damián Rodríguez,Real Racing Club,1216080,2835
7,4,26.67,98,10,52.63,160,113,273,78.9,28,45.9,33,32,1,0,0,0,42,2,11,18,1,21,31,0,0,31,6,110,0,0,,,21,0,8.62,0,5,6,21,17,4,5,0,,82,51.57,2,0,0,73,10,17,1,15,1471,6,0,0,0,1,0,100.0,0,1,0,0,206,6,0,6.68,0,2,0,0,0,0,0,0,294.2,0.0,1,43,15,20,20,33,60.0,0,19,12,63.16,17,13,55,15,110,50.0,19,217,129,346,207.2,58,1,718,30,4,0,Manuel Nieto,FC Andorra,914844,324871
7,2,25.0,57,7,53.85,90,59,149,82.32,6,100.0,0,13,0,0,0,0,24,0,1,1,0,6,12,0,0,5,4,20,0,0,,,5,0,12.5,0,1,1,6,5,1,1,0,,20,50.0,0,0,1,32,5,4,1,4,465,0,1,0,0,0,0,0.0,0,0,0,0,65,4,0,6.68,0,0,0,0,0,0,0,0,465.0,0.0,0,6,2,4,3,5,45.45,0,10,4,40.0,4,17,11,8,26,56.52,13,117,64,181,80.2,8,0,276,5,1,0,Kenneth Mamah,CD Castellón,1210425,5067
20,53,23.56,151,30,36.59,279,222,501,77.92,19,46.34,22,35,2,0,0,0,112,7,2,11,4,43,35,0,0,22,24,129,1,1,,,31,0,4.88,0,2,4,33,28,5,2,0,,99,48.06,0,0,1,142,17,41,1,28,2422,7,4,0,2,0,0,0.0,0,0,0,0,446,16,0,6.68,0,1,0,0,0,0,0,0,1211.0,0.0,2,21,20,18,12,31,49.21,0,39,23,58.97,39,48,63,225,118,47.77,82,381,262,643,233.9,41,1,1398,29,4,0,Naim García,Leganés,1134395,2845
12,0,0.0,41,25,38.46,208,768,976,92.6,23,53.49,20,24,0,0,0,0,66,1,0,2,2,77,23,0,0,0,4,43,0,0,,,19,0,0.0,6,0,0,21,16,5,0,0,,30,56.6,0,0,0,78,19,2,0,17,1577,0,12,0,0,0,1,0.0,0,0,0,0,90,0,0,6.68,0,0,0,0,0,0,0,0,0.0,0.0,0,2,0,0,0,0,0.0,0,20,16,80.0,2,19,1,0,53,55.21,65,257,797,1054,153.7,2,0,1229,10,7,0,Arnau Comas,Deportivo de A Coruña,901843,2832
21,19,33.93,158,23,28.05,303,340,643,81.7,26,52.0,24,27,1,0,0,0,62,1,0,3,2,73,27,0,0,4,7,77,0,0,,,32,0,0.0,0,0,1,27,24,3,0,0,,38,41.76,0,0,0,144,19,14,0,24,1914,6,13,0,0,0,1,0.0,0,0,0,1,236,0,0,6.68,0,0,0,0,0,0,0,0,0.0,0.0,0,3,5,5,0,6,33.33,0,24,15,62.5,14,52,18,56,64,45.39,82,405,382,787,180.4,8,0,1282,8,3,0,Toni Abad,Huesca,1010413,24265
3,8,18.18,58,2,18.18,91,53,144,68.57,15,48.39,16,26,0,0,0,0,32,2,4,10,0,21,26,0,0,9,12,64,0,0,,,15,0,5.88,0,2,2,18,16,2,2,0,,56,53.85,0,0,0,66,10,8,2,9,1088,4,2,0,0,0,0,0.0,0,0,0,0,161,4,0,6.68,0,0,0,0,0,0,0,0,544.0,0.0,1,25,9,15,9,11,44.0,0,17,10,58.82,8,10,25,44,71,52.59,11,144,66,210,173.7,34,0,490,28,3,0,Liberto Beltrán,Huesca,813548,24265
12,3,17.65,90,19,67.86,158,93,251,69.34,33,46.48,38,37,0,0,0,0,64,3,0,6,0,3,36,0,0,33,12,148,0,1,,,39,0,20.0,0,4,4,10,7,3,3,1,,90,45.0,0,0,0,111,7,10,1,12,1323,8,1,0,0,0,0,0.0,0,0,0,0,271,11,0,6.68,0,3,0,0,0,0,0,0,330.75,0.0,0,12,8,8,6,22,42.31,0,31,26,83.87,10,22,52,17,123,45.39,28,241,121,362,240.5,20,0,735,38,5,0,Kevin Appin,Burgos Club de Fútbol,862992,2854
12,9,31.03,76,12,29.27,149,212,361,81.86,8,47.06,9,15,1,0,0,0,50,4,0,1,5,20,15,0,1,3,6,40,0,0,,,12,0,0.0,0,0,1,17,16,1,0,0,,52,62.65,0,0,0,80,15,11,0,14,1138,2,4,0,0,0,1,0.0,0,0,0,0,147,0,0,6.68,1,0,0,0,0,0,0,0,0.0,0.0,0,0,2,1,0,13,56.52,0,30,21,70.0,11,33,23,29,60,60.0,41,203,238,441,100.2,2,0,727,9,3,0,Carlos Clerc,Real Valladolid,192430,2831
0,0,0.0,19,2,66.67,30,12,42,52.5,14,56.0,11,23,0,0,0,0,14,0,3,2,0,8,22,0,0,6,2,34,0,0,,,10,0,22.22,0,4,4,12,12,0,4,0,,17,42.5,0,0,0,38,1,4,2,5,627,5,1,0,0,2,0,100.0,0,2,0,0,76,5,0,6.68,0,2,0,0,0,0,0,0,156.75,0.0,0,16,2,5,11,2,25.0,0,3,3,100.0,4,2,8,0,31,47.69,3,63,17,80,146.9,18,1,181,12,1,0,Eneko Jauregi,Málaga CF,926418,2830
21,1,12.5,208,25,69.44,407,319,726,89.96,10,37.04,17,22,1,0,0,0,80,1,1,1,3,17,22,0,0,21,15,94,0,2,,,31,0,11.11,0,1,2,19,17,2,0,1,,54,41.22,0,0,0,81,13,14,0,17,1467,0,1,0,0,0,0,0.0,0,0,0,0,142,13,0,6.68,0,1,0,0,0,0,0,0,1467.0,0.0,0,5,4,3,5,12,52.17,0,26,19,73.08,14,33,23,8,64,40.51,36,454,353,807,146.9,9,0,1003,16,3,0,Efe Akman,FC Andorra,1215206,324871
23,1,25.0,86,36,46.15,196,281,477,82.1,16,50.0,16,25,1,0,0,0,77,1,2,1,1,25,22,0,0,7,9,67,0,0,,,31,0,0.0,0,0,1,26,21,5,0,0,,44,46.32,0,0,2,104,23,4,0,15,1297,2,13,1,0,0,0,0.0,0,0,0,0,136,4,0,6.68,0,0,0,0,0,0,0,0,0.0,0.0,0,4,8,6,5,10,71.43,0,26,14,53.85,4,47,14,4,60,47.24,78,276,305,581,146.9,12,0,769,9,3,0,Javi Villar,Albacete Balompié,1142693,2848
3,1,50.0,57,3,50.0,94,41,135,74.59,28,41.18,40,29,0,0,0,0,46,0,9,9,0,10,29,0,0,24,7,101,0,0,,,14,0,11.43,0,4,4,10,8,2,4,0,,36,37.11,1,0,1,46,3,5,1,10,1113,8,1,0,0,0,0,0.0,0,0,0,1,139,13,0,6.68,0,2,0,0,0,0,0,0,278.25,0.0,0,31,4,14,12,13,43.33,0,12,9,75.0,5,6,30,2,64,38.79,6,131,50,181,193.6,35,1,390,12,4,0,Samuele Mulattieri,Deportivo de A Coruña,927030,2832
2,0,0.0,8,6,28.57,30,128,158,84.49,9,64.29,5,8,0,0,0,0,26,0,0,1,1,29,8,0,0,6,0,15,0,2,,,4,0,0.0,1,0,0,7,5,2,0,0,,17,62.96,0,0,0,29,3,1,0,6,497,0,3,0,0,0,0,0.0,0,0,0,0,42,0,0,6.68,0,0,0,0,0,0,0,0,0.0,0.0,0,2,1,2,0,1,100.0,0,9,5,55.56,1,12,1,0,26,63.41,21,48,139,187,53.4,3,0,276,7,2,0,Bambo Diaby,Granada,849731,33779
12,5,41.67,70,10,50.0,162,80,242,78.57,3,30.0,7,15,1,0,0,0,47,1,0,5,0,10,15,0,0,5,6,40,0,0,,,12,0,0.0,0,0,1,12,12,0,0,0,,46,58.23,0,0,0,66,8,6,0,9,779,0,2,0,0,0,1,0.0,0,0,0,0,102,6,0,6.67,1,0,0,0,0,0,0,0,0.0,0.0,0,5,13,8,5,11,50.0,0,25,13,52.0,6,23,22,12,49,55.06,20,211,97,308,100.1,18,0,464,10,1,1,Ali Houary,Mirandés,1516812,35092
26,18,25.71,223,41,34.45,463,336,799,74.19,52,55.91,41,33,3,0,0,0,144,4,3,7,1,102,33,0,0,8,23,128,0,0,,,42,0,9.52,0,2,5,42,39,3,1,1,,110,55.84,0,0,0,278,46,32,2,30,2652,4,8,1,0,0,2,0.0,0,0,0,0,447,7,0,6.67,1,0,0,0,0,0,0,0,1326.0,0.0,0,10,11,7,7,12,42.86,0,70,43,61.43,32,68,28,70,162,55.86,119,653,424,1077,220.2,21,0,1836,30,8,1,Fernando Medrano,Mirandés,912980,35092
2,1,11.11,51,6,54.55,68,35,103,70.07,22,51.16,21,18,2,0,0,0,27,3,2,3,0,7,18,0,0,16,1,69,0,0,,,21,0,11.76,0,2,4,16,14,2,2,0,,36,42.86,1,0,1,44,1,11,0,8,818,4,0,0,0,0,0,0.0,0,0,0,0,110,7,0,6.67,0,1,0,0,0,0,0,0,409.0,0.0,0,15,2,5,9,8,40.0,0,6,3,50.0,11,4,20,9,58,45.67,11,105,42,147,120.1,17,0,309,24,3,0,Dani Escriche,Albacete Balompié,882586,2848
3,2,100.0,42,8,30.77,110,128,238,85.3,3,75.0,1,20,0,0,0,0,56,0,0,0,1,9,18,0,0,3,10,27,0,1,,,8,0,0.0,0,0,0,6,6,0,0,0,,35,57.38,0,0,0,41,7,4,0,7,616,0,0,0,0,0,0,0.0,0,0,0,0,58,3,0,6.67,0,0,0,0,0,0,0,0,0.0,0.0,0,0,1,1,0,5,50.0,0,19,13,68.42,4,7,10,2,38,58.46,26,132,147,279,120.1,1,0,374,11,1,0,Íñigo Sáinz-Maza,Real Racing Club,949459,2835
41,0,0.0,98,67,56.78,312,748,1060,88.55,62,56.36,48,25,0,0,0,0,70,0,1,1,3,144,25,0,0,1,12,84,2,1,,,23,0,0.0,17,0,0,40,36,4,0,0,,64,64.0,0,0,1,137,45,5,0,23,2075,1,11,0,0,0,1,0.0,0,0,0,0,159,2,0,6.67,0,0,0,0,0,0,0,0,0.0,0.0,0,14,3,13,3,3,60.0,0,44,27,61.36,5,64,5,0,126,60.0,118,398,799,1197,166.8,17,0,1546,17,2,0,Xavi Sintes,Córdoba,930269,2850
7,0,0.0,10,12,52.17,42,198,240,90.57,5,50.0,5,7,0,0,0,0,13,0,0,0,0,23,7,0,0,0,4,12,0,0,,,3,0,100.0,0,1,1,11,9,2,1,0,,12,63.16,1,0,0,25,7,0,0,4,380,0,1,1,0,0,1,0.0,0,0,0,0,28,0,0,6.67,0,0,0,0,0,0,0,0,380.0,0.0,0,1,0,0,1,1,100.0,0,9,4,44.44,0,13,1,0,17,58.62,23,59,206,265,46.7,1,0,326,2,2,0,Mohamed Jaouab,Real Valladolid,1095729,2831
17,11,28.95,114,17,54.84,180,91,271,79.47,1,14.29,6,24,3,0,0,0,40,2,0,2,0,4,24,0,0,11,11,53,0,1,,,13,0,11.76,0,2,5,8,8,0,2,0,,28,37.33,1,0,1,70,4,25,0,5,750,1,0,0,0,0,0,0.0,0,0,0,1,149,7,0,6.67,0,1,0,0,0,0,0,0,375.0,0.0,1,10,7,7,8,5,29.41,0,12,10,83.33,25,33,17,38,29,35.37,31,236,105,341,160.1,17,0,505,11,7,0,Aarón Ochoa,Málaga CF,1566178,2830
50,5,13.16,280,66,41.51,610,674,1284,84.42,25,43.86,32,37,1,0,0,0,136,1,1,6,3,96,37,0,0,15,10,102,1,0,,,30,0,5.26,0,1,2,51,46,5,1,0,,89,55.97,0,0,1,237,24,22,1,34,3020,2,14,0,0,0,0,0.0,0,0,0,0,416,6,0,6.67,0,0,0,0,0,0,0,0,3020.0,0.0,0,5,14,10,3,20,54.05,0,54,32,59.26,22,114,37,38,114,52.78,159,758,763,1521,246.8,19,0,2240,15,6,0,Roger Hinojo,Cultural Leonesa,2065347,2868
29,30,32.97,76,27,38.03,158,165,323,68.58,21,42.0,29,31,2,0,0,0,92,5,1,7,1,43,30,0,0,22,11,98,0,0,,,14,0,0.0,0,0,2,31,28,3,0,0,,72,51.06,0,0,2,148,18,19,0,19,1764,0,5,0,0,0,1,0.0,0,0,0,0,306,1,0,6.67,0,0,0,0,0,0,0,0,0.0,0.0,0,11,16,14,6,25,51.02,0,33,21,63.64,19,66,49,91,93,48.69,71,247,224,471,200.1,27,0,930,15,1,0,Toni Tamarit,Mirandés,2050599,35092
32,34,23.45,319,44,38.6,561,604,1165,86.17,35,46.67,40,39,5,0,0,0,109,7,2,7,7,90,39,0,0,17,15,130,0,1,,,32,0,0.0,0,0,5,42,36,6,0,0,,102,53.13,0,0,1,187,21,48,0,36,3143,6,9,0,0,0,1,0.0,0,0,0,0,427,14,0,6.67,0,0,0,0,0,0,0,0,0.0,0.0,0,6,13,7,5,25,49.02,0,36,27,75.0,48,70,51,145,137,51.31,114,685,667,1352,260.1,19,0,2205,41,6,0,Thomas Carrique,FC Andorra,907233,324871
7,9,18.75,86,19,42.22,236,274,510,81.86,17,36.17,30,23,1,0,0,0,61,1,2,0,5,60,22,0,0,12,10,95,0,0,,,15,0,0.0,0,0,1,17,15,2,0,0,,93,58.86,0,0,1,113,15,12,0,18,1665,1,4,0,0,0,0,0.0,0,0,0,0,252,0,0,6.67,0,0,0,0,0,0,0,0,0.0,0.0,0,8,4,12,0,21,42.0,0,50,29,58.0,12,18,50,48,110,53.66,45,300,323,623,146.7,12,1,1175,23,2,0,Enric Franquesa,Leganés,885259,2845
66,0,0.0,72,124,47.51,250,767,1017,82.22,38,45.24,46,24,1,0,0,1,75,1,2,2,2,133,24,0,0,1,21,85,1,0,,,16,0,20.0,15,2,3,40,33,7,2,0,,37,48.68,0,0,0,220,23,4,1,21,1876,2,24,0,0,2,1,50.0,0,1,0,0,236,1,0,6.67,0,1,0,0,0,0,0,0,938.0,0.0,0,7,3,5,3,2,66.67,0,30,18,60.0,4,128,3,2,75,46.88,261,392,845,1237,160.0,10,0,1519,5,5,0,Peru Rodríguez,Cultural Leonesa,1130804,2868
0,0,0.0,18,5,71.43,54,71,125,86.81,2,50.0,2,6,0,0,0,0,25,0,0,0,0,2,6,0,0,3,0,12,0,0,,,6,0,0.0,0,0,0,3,2,1,0,0,,14,58.33,0,0,0,19,1,0,0,3,247,0,1,0,0,0,0,0.0,0,0,0,0,28,1,0,6.67,0,0,0,0,0,0,0,0,0.0,0.0,0,0,0,0,0,3,75.0,0,6,3,50.0,0,1,4,0,16,57.14,7,62,82,144,40.0,0,0,181,5,3,0,Rominigue Kouamé,Cádiz,846446,4488
12,1,20.0,62,12,60.0,93,52,145,72.14,27,47.37,30,23,0,0,0,0,38,2,5,11,1,3,23,0,0,27,2,104,0,0,,,29,0,7.5,0,3,3,11,11,0,3,0,,64,46.38,1,0,1,56,4,9,1,12,1036,3,2,0,0,0,0,0.0,0,0,0,1,147,13,0,6.67,1,1,0,0,0,0,0,0,345.33,0.0,0,30,10,20,9,19,52.78,0,15,10,66.67,9,21,36,5,91,46.67,20,142,59,201,153.3,40,0,449,31,2,1,Marcos André,Real Valladolid,880157,2831
39,2,33.33,62,83,41.09,205,751,956,81.71,54,66.67,27,34,1,0,0,0,68,2,3,3,5,179,34,0,0,4,6,100,0,0,,,64,0,0.0,9,0,1,50,45,5,0,0,,73,50.0,0,0,1,214,38,7,0,32,2796,0,21,0,0,0,1,0.0,0,0,0,1,249,2,0,6.66,0,0,0,0,0,0,0,0,0.0,0.0,0,9,2,7,1,4,80.0,0,40,27,67.5,7,84,5,6,127,55.95,202,365,805,1170,226.6,11,0,1604,29,8,0,Iñigo Piña,Huesca,850579,24265
15,0,0.0,141,17,43.59,318,194,512,85.33,16,43.24,21,27,0,0,0,0,57,2,0,3,1,27,25,0,0,10,10,60,0,1,,,14,0,11.11,0,1,1,20,15,5,0,1,,31,44.29,0,0,0,88,16,11,0,16,1400,1,4,0,1,0,0,0.0,0,0,0,0,125,3,0,6.66,0,1,0,0,0,0,0,0,1400.0,0.0,0,1,8,2,4,6,54.55,0,18,8,44.44,10,22,11,4,47,43.93,39,380,220,600,166.6,9,1,759,9,2,0,Manuel Rodríguez,Sporting Gijón,2212821,2852
17,4,33.33,95,15,57.69,130,52,182,80.89,7,70.0,3,21,0,0,0,0,23,0,1,6,0,5,21,0,0,10,4,34,0,0,,,16,0,0.0,0,0,0,16,13,3,0,0,,37,54.41,0,0,0,43,0,13,0,4,666,1,0,0,0,0,0,0.0,0,0,0,0,84,4,0,6.66,0,0,0,0,0,0,0,0,0.0,0.0,0,12,2,3,5,9,81.82,0,12,6,50.0,13,30,11,12,44,56.41,26,164,61,225,139.9,14,0,356,17,5,0,Théo Zidane,Córdoba,963301,2850
4,0,0.0,28,9,56.25,46,51,97,70.8,13,59.09,9,13,0,0,0,0,19,0,2,6,0,11,13,0,0,4,8,32,0,0,,,11,0,0.0,0,0,0,10,10,0,0,0,,21,47.73,0,0,1,40,5,1,0,3,405,4,1,0,0,0,0,0.0,0,0,0,0,73,1,0,6.66,0,0,0,0,0,0,0,0,0.0,0.0,0,8,5,3,4,5,71.43,0,13,12,92.31,1,7,7,12,34,51.52,16,78,59,137,86.6,13,0,255,3,1,0,Raúl Sánchez,CD Castellón,900989,5067
6,0,0.0,67,7,43.75,136,71,207,69.46,47,36.43,82,37,1,0,0,1,38,1,8,7,0,21,36,0,0,15,10,153,0,1,,,30,0,14.0,0,7,8,24,21,3,7,0,,57,44.53,1,0,1,91,4,14,1,18,1591,15,4,0,0,2,0,50.0,0,1,0,1,185,7,0,6.66,0,5,0,0,0,0,0,0,227.29,0.0,0,45,5,25,18,10,32.26,0,15,11,73.33,14,11,31,5,104,40.47,16,209,89,298,239.8,50,0,577,33,7,0,Álex Millán,Leganés,1010550,2845
10,0,0.0,62,8,50.0,109,73,182,66.67,43,38.39,69,35,1,0,0,0,40,2,1,7,0,23,34,0,1,22,10,132,0,1,,,19,0,21.21,0,7,8,26,24,2,6,1,,53,45.69,3,0,1,91,2,9,0,18,1582,12,3,0,0,0,0,0.0,0,0,0,1,189,7,0,6.66,1,4,0,0,0,0,0,0,226.0,0.0,1,23,10,15,11,13,50.0,0,19,11,57.89,9,18,26,3,96,42.11,16,176,97,273,226.4,33,0,536,23,1,0,Gonzalo Petit,Granada,1482378,33779
6,2,18.18,146,2,40.0,209,64,273,71.65,31,43.06,41,33,3,0,0,0,49,9,11,13,0,28,33,0,0,34,17,141,0,0,,,27,0,8.51,0,4,7,26,23,3,3,1,,61,37.89,0,0,1,108,5,29,2,24,1966,7,1,0,0,0,0,0.0,0,0,0,0,229,12,0,6.66,0,2,0,0,0,0,0,0,491.5,0.0,0,42,5,17,17,17,41.46,0,22,12,54.55,29,11,41,11,92,39.48,5,296,85,381,219.7,47,0,731,22,2,0,Adam Jakobsen,CD Castellón,861199,5067
25,13,33.33,298,31,58.49,552,466,1018,86.42,11,30.56,25,35,4,0,0,0,98,8,5,8,2,18,35,0,1,26,26,140,1,1,,,47,0,3.33,0,1,5,23,20,3,1,0,,106,47.96,0,0,0,160,28,51,0,29,2377,4,4,0,0,0,0,0.0,0,0,0,0,274,16,0,6.66,1,1,0,0,0,0,0,0,2377.0,0.0,0,24,6,15,7,14,45.16,0,45,25,55.56,51,39,31,39,117,45.53,53,670,508,1178,233.0,30,0,1576,47,7,0,Carlos Dotor,Málaga CF,997221,2830
2,12,20.69,44,3,17.65,67,61,128,68.45,7,41.18,10,28,1,0,0,0,32,4,1,4,0,11,28,0,0,8,8,51,0,0,,,8,0,0.0,0,0,1,12,9,3,0,0,,42,50.6,0,0,1,59,8,12,0,3,673,5,0,0,0,0,0,0.0,0,0,0,0,155,3,0,6.66,0,0,0,0,0,0,0,0,0.0,0.0,0,9,7,8,4,16,48.48,0,21,12,57.14,12,11,33,58,49,49.0,17,110,77,187,186.4,16,0,429,5,2,0,Sergio Rodelas,Granada,1526648,33779
36,0,0.0,69,83,44.86,322,655,977,83.29,52,46.85,59,31,0,0,0,0,68,0,1,1,9,128,30,0,0,4,10,89,0,0,,,11,0,0.0,1,0,0,35,33,2,0,0,,34,53.13,0,0,1,196,22,6,0,28,2472,1,15,0,0,0,0,0.0,0,0,0,0,223,0,0,6.66,0,0,0,0,0,0,0,0,0.0,0.0,0,7,1,4,3,2,25.0,0,24,15,62.5,6,78,8,1,86,49.14,185,465,708,1173,199.7,8,0,1474,8,3,0,Jesús Vallejo,Albacete Balompié,355048,2848
16,21,26.58,131,20,50.0,234,174,408,80.47,19,46.34,22,27,2,0,0,0,59,5,1,8,2,32,27,0,0,18,18,86,0,0,,,19,0,0.0,0,0,2,30,26,4,0,0,,73,53.28,0,0,0,99,18,26,0,17,1666,7,3,0,0,0,0,0.0,0,0,0,1,235,7,0,6.66,0,0,0,0,0,0,0,0,0.0,0.0,0,8,8,4,4,11,52.38,0,30,17,56.67,26,30,21,79,92,51.69,40,309,198,507,179.7,16,0,913,35,5,0,Pablo Pérez,Mirandés,1032939,35092
18,0,0.0,14,66,36.07,43,131,174,59.79,3,100.0,0,11,0,0,0,0,93,0,0,0,2,15,11,0,0,0,0,0,0,1,,,0,0,0.0,52,0,0,16,15,1,0,0,,0,0.0,0,11,0,117,0,0,0,11,990,0,0,0,0,0,0,0.0,1,0,0,0,118,0,5,6.65,0,0,5,18,13,31,0,2,0.0,0.0,0,0,0,0,0,0,0.0,5,0,0,0.0,0,37,0,0,3,100.0,183,129,162,291,73.2,0,0,416,1,0,0,Egoitz Arana,Real Sociedad B,1170459,24360
8,7,12.5,135,10,50.0,229,75,304,81.28,3,42.86,4,28,0,0,0,0,45,1,0,11,0,5,28,0,0,11,10,71,0,0,,,14,0,3.03,0,1,1,22,18,4,0,1,,68,50.37,0,0,2,70,4,16,1,11,1224,1,0,0,0,0,0,0.0,0,0,0,0,208,6,0,6.65,0,0,0,0,0,0,0,0,1224.0,0.0,1,9,24,15,7,31,48.44,0,9,3,33.33,16,18,64,56,71,50.0,20,287,87,374,186.3,33,1,667,29,5,0,Aingeru Olabarrieta,FC Andorra,1605227,324871
3,4,11.11,73,5,35.71,137,110,247,83.16,17,56.67,13,17,0,0,0,0,40,4,0,1,0,13,17,0,0,9,12,70,0,0,,,12,0,7.69,0,1,1,14,11,3,1,0,,52,47.71,0,0,0,50,6,10,1,5,683,3,0,0,0,0,0,0.0,0,0,0,0,160,3,0,6.65,0,0,0,0,0,0,0,0,683.0,0.0,1,10,3,5,7,20,44.44,0,17,10,58.82,10,6,45,36,69,49.64,14,168,129,297,113.1,13,0,594,15,1,0,Alex Calvo,FC Andorra,1470379,324871
8,13,32.5,115,18,50.0,185,123,308,81.05,4,16.0,21,32,2,0,0,0,70,5,3,4,0,10,31,0,0,14,15,83,0,0,,,11,0,5.0,0,1,3,22,18,4,1,0,,58,48.33,0,0,1,72,8,22,0,13,1266,1,1,0,0,0,0,0.0,0,0,0,0,177,8,0,6.65,0,1,0,0,0,0,0,0,1266.0,0.0,0,12,8,7,9,15,37.5,0,25,14,56.0,22,19,40,40,62,42.76,36,236,144,380,206.2,20,0,642,18,1,0,Alex Marchal,Real Sociedad B,1602590,24360
16,4,28.57,117,16,69.57,227,159,386,75.54,41,28.08,105,35,1,0,0,0,48,4,10,25,8,22,35,0,1,50,15,279,0,0,,,70,0,16.67,0,14,15,49,43,6,11,3,,90,34.09,1,0,1,125,11,32,1,34,2989,14,2,0,0,3,0,100.0,0,3,0,0,365,13,0,6.65,1,12,0,0,0,0,0,0,213.5,0.0,0,60,24,26,33,25,36.23,0,24,15,62.5,32,29,69,14,131,31.95,23,326,185,511,232.8,84,1,1075,41,10,0,Marcos Fernández,AD Ceuta,1183542,2869
8,6,22.22,31,10,90.91,51,44,95,76.61,5,62.5,3,12,1,0,0,0,17,2,0,4,0,3,12,0,0,7,3,26,0,0,,,7,0,0.0,0,0,1,9,9,0,0,0,,26,53.06,0,0,0,29,2,9,0,5,484,2,0,0,0,0,0,0.0,0,0,0,0,78,2,0,6.65,0,0,0,0,0,0,0,0,0.0,0.0,0,6,2,1,3,5,41.67,0,11,7,63.64,9,10,12,27,31,54.39,11,69,55,124,79.8,8,0,244,10,0,0,Jordi Mboula,Cultural Leonesa,826003,2868
5,0,0.0,43,9,45.0,77,49,126,78.75,5,41.67,7,14,1,0,0,0,21,1,1,3,1,9,14,0,0,1,4,23,0,0,,,7,0,0.0,0,0,1,5,5,0,0,0,,21,56.76,0,0,1,34,0,1,0,2,390,0,1,0,0,0,0,0.0,0,0,0,0,63,3,0,6.65,1,0,0,0,0,0,0,0,0.0,0.0,0,3,3,0,3,0,0.0,0,14,5,35.71,1,9,4,11,26,53.06,20,102,58,160,93.1,6,0,268,7,2,1,Tincho Conde,CD Castellón,1630988,5067
0,0,0.0,4,1,100.0,4,0,4,100.0,0,0.0,0,2,0,0,0,0,0,0,0,0,0,0,2,0,0,1,0,1,0,0,,,0,0,0.0,0,0,0,0,0,0,0,0,,0,0.0,0,0,0,0,1,0,0,0,31,0,0,0,0,0,0,0.0,0,0,0,0,1,0,0,6.65,0,0,0,0,0,0,0,0,0.0,0.0,0,0,0,0,0,0,0.0,0,0,0,0.0,0,0,0,0,0,0.0,1,4,0,4,13.3,0,0,6,0,0,0,Diego Aznar,Huesca,1489952,24265
1,0,0.0,3,0,0.0,9,2,11,91.67,0,0.0,0,2,0,0,0,0,2,0,0,1,0,0,2,0,0,1,0,1,0,0,,,0,0,0.0,0,0,0,0,0,0,0,0,,1,50.0,0,0,0,1,1,1,0,0,36,0,0,0,0,0,0,0.0,0,0,0,0,4,0,0,6.65,0,0,0,0,0,0,0,0,0.0,0.0,0,1,0,0,0,0,0.0,0,1,1,100.0,1,2,0,0,1,50.0,0,10,2,12,13.3,1,0,21,0,0,0,Fabio Garcia,Albacete Balompié,2606965,2848
0,2,33.33,11,1,50.0,16,5,21,80.77,1,25.0,3,5,0,0,0,0,3,1,0,2,0,1,4,0,0,0,0,7,0,0,,,2,0,0.0,0,0,0,0,0,0,0,0,,2,33.33,0,0,0,5,2,2,0,0,58,0,0,0,0,0,0,0.0,0,0,0,0,15,0,0,6.65,0,0,0,0,0,0,0,0,0.0,0.0,0,3,0,0,1,1,33.33,0,1,0,0.0,2,0,3,6,3,30.0,2,18,8,26,26.6,3,0,51,0,1,0,Hugo García,Eibar,2197936,2839
19,2,11.11,134,11,47.83,257,112,369,68.59,85,44.04,108,40,6,0,0,0,70,4,13,13,0,40,40,0,0,36,21,225,0,1,,,47,0,5.56,0,4,10,39,33,6,4,0,,97,45.33,1,0,9,169,7,26,0,32,2737,27,4,0,0,0,1,0.0,0,0,0,0,350,13,0,6.65,0,3,0,0,0,0,0,0,684.25,0.0,0,56,16,33,26,21,50.0,0,23,14,60.87,26,31,42,18,182,44.72,23,399,139,538,265.8,72,0,1034,55,4,0,Alvaro Garcia-Pascual,Cádiz,1929542,4488
2,1,4.76,38,4,50.0,71,29,100,75.76,4,30.77,9,20,0,0,0,0,29,0,2,5,0,2,20,0,0,16,6,59,0,0,,,7,0,9.09,0,1,1,16,15,1,1,0,,58,53.7,0,0,0,32,6,1,1,3,553,2,0,0,0,0,0,0.0,0,0,0,1,121,4,0,6.65,0,0,0,0,0,0,0,0,553.0,0.0,0,8,3,4,2,25,53.19,0,8,3,37.5,1,6,47,21,62,51.24,8,96,36,132,132.9,11,0,317,25,1,0,Efe Ugiagbe,Huesca,1547308,24265
17,12,12.77,132,24,37.5,243,235,478,83.86,4,40.0,6,20,3,0,0,0,34,4,0,3,1,38,20,0,1,3,16,44,0,0,,,12,0,0.0,0,0,3,18,17,1,0,0,,38,50.0,0,0,0,92,16,20,0,16,1339,0,5,0,0,0,1,0.0,0,0,0,0,217,2,0,6.65,1,0,0,0,0,0,0,0,0.0,0.0,5,1,6,1,3,1,11.11,0,33,18,54.55,20,43,9,94,42,48.84,64,306,264,570,132.9,7,0,970,4,5,0,Victor Garcia,Málaga CF,773651,2830
28,22,25.58,196,38,48.72,371,362,733,79.67,9,25.71,26,38,2,0,0,0,142,1,2,3,4,60,38,0,0,17,24,121,0,1,,,32,0,0.0,0,0,2,39,35,4,0,0,,93,49.47,0,0,2,187,41,22,0,34,2951,7,9,0,0,0,0,0.0,0,0,0,0,366,14,0,6.64,1,0,0,0,0,0,0,0,0.0,0.0,0,14,3,12,2,12,34.29,0,42,26,61.9,22,59,35,86,102,45.74,78,486,434,920,252.5,17,0,1552,40,6,1,Aisar Ahmed,AD Ceuta,1398515,2869
1,0,0.0,91,11,78.57,197,210,407,85.68,18,52.94,16,33,1,0,0,0,40,1,3,3,0,21,32,0,0,17,9,76,0,0,,,25,0,19.23,0,5,6,17,14,3,5,0,,48,44.44,2,0,0,68,6,12,0,11,1156,3,5,0,0,0,0,0.0,0,0,0,0,119,4,0,6.64,1,3,0,0,0,0,0,0,231.2,0.0,0,19,7,11,12,3,25.0,0,32,17,53.13,12,8,12,3,66,46.48,14,250,225,475,212.6,26,2,685,15,5,1,Gonzalo Melero,Leganés,789886,2845
15,7,11.11,107,26,36.62,206,124,330,75.0,14,63.64,8,16,1,0,0,0,31,4,2,5,2,44,16,0,1,0,7,27,0,1,,,10,0,10.0,0,1,2,13,12,1,0,1,,17,47.22,0,0,1,110,8,15,1,13,1139,6,0,0,0,0,0,0.0,0,0,0,0,215,0,0,6.64,1,0,0,0,0,0,0,0,1139.0,0.0,0,6,4,4,1,3,60.0,0,7,4,57.14,15,30,5,63,31,53.45,71,291,149,440,106.3,10,0,718,7,4,0,Brian Oliván,Sporting Gijón,351500,2852
4,1,7.69,109,9,60.0,177,83,260,64.84,112,50.45,110,37,1,0,0,1,66,2,14,14,4,21,36,0,0,25,13,212,0,0,,,48,0,7.89,1,6,7,28,25,3,5,1,,66,39.29,1,0,2,141,6,16,4,21,2105,19,5,0,0,1,0,0.0,0,0,0,1,296,27,0,6.64,0,1,0,0,0,0,0,0,350.83,0.0,0,67,9,36,26,24,48.0,0,23,13,56.52,16,6,50,13,178,45.64,15,292,109,401,239.1,76,2,829,19,3,0,Jon Bautista,Eibar,353262,2839
21,0,0.0,40,126,33.07,102,170,272,51.42,0,0.0,0,17,0,0,0,0,155,0,0,0,2,10,17,0,0,0,1,1,1,1,,,0,0,0.0,121,0,0,30,28,2,0,0,,2,66.67,0,8,0,257,0,0,0,17,1485,0,0,0,0,0,0,0.0,3,0,0,0,260,0,3,6.64,0,0,5,38,19,57,0,8,0.0,0.0,0,0,0,0,0,0,0.0,5,0,0,0.0,0,43,0,0,2,66.67,381,325,204,529,112.9,0,0,654,1,1,0,Igor Nikić,Mirandés,920738,35092
1,1,20.0,13,1,50.0,28,19,47,90.38,0,0.0,0,5,0,0,0,0,5,0,0,0,0,0,5,0,0,2,1,7,0,0,,,1,0,0.0,0,0,0,0,0,0,0,0,,9,56.25,0,0,0,5,0,1,0,0,73,1,0,0,0,0,0,0.0,0,0,0,0,16,0,0,6.64,0,0,0,0,0,0,0,0,0.0,0.0,0,0,0,0,0,0,0.0,0,3,3,100.0,1,2,3,5,9,56.25,2,32,20,52,33.2,0,0,82,6,0,0,Nicolás Benedetti,UD Las Palmas,833740,6577
9,1,33.33,79,6,33.33,167,135,302,83.66,6,42.86,8,15,0,0,0,0,35,0,0,0,0,10,15,0,0,11,14,57,0,0,,,21,0,0.0,2,0,0,14,12,2,0,0,,42,46.15,0,0,0,59,11,3,0,9,695,0,2,0,0,0,0,0.0,0,0,0,0,84,3,0,6.64,0,0,0,0,0,0,0,0,0.0,0.0,0,2,3,4,1,3,42.86,0,26,17,65.38,3,14,7,3,48,45.71,18,207,154,361,99.6,5,0,479,13,4,0,Aritz Aldasoro,Real Racing Club,1010420,2835
9,2,14.29,109,10,55.56,190,128,318,77.0,14,28.57,35,34,2,0,0,0,59,3,3,4,0,17,34,0,0,16,19,113,0,0,,,33,0,11.11,0,2,4,12,9,3,2,0,,62,44.29,0,0,0,95,7,17,1,13,1232,5,2,0,0,0,0,0.0,0,0,0,1,180,20,0,6.64,0,1,0,0,0,0,0,0,616.0,0.0,0,10,8,6,8,11,50.0,0,25,15,60.0,17,16,22,14,76,40.21,18,262,151,413,225.7,18,0,658,26,3,0,Jon Magunazelaia,Eibar,1134396,2839
0,1,100.0,9,0,0.0,18,15,33,60.0,5,38.46,8,8,0,0,0,0,4,0,0,2,0,3,8,0,0,7,2,24,0,0,,,6,0,20.0,0,1,1,8,6,2,1,0,,12,42.86,0,0,0,22,0,1,0,2,236,0,1,0,0,0,0,0.0,0,0,0,0,44,2,0,6.64,0,1,0,0,0,0,0,0,236.0,0.0,0,1,4,0,3,3,75.0,0,5,3,60.0,1,2,4,1,17,41.46,1,34,21,55,53.1,5,0,105,4,0,0,Samed Baždar,Real Zaragoza,1100965,2815
1,5,26.32,40,5,22.73,61,75,136,74.32,4,50.0,4,15,0,0,0,0,27,1,0,0,0,20,14,0,0,4,4,31,0,1,,,11,0,0.0,0,0,0,7,7,0,0,0,,20,42.55,0,0,0,47,7,8,0,4,531,0,1,0,0,0,0,0.0,0,0,0,0,90,1,0,6.64,0,0,0,0,0,0,0,0,0.0,0.0,0,3,2,2,3,6,42.86,0,11,7,63.64,8,14,14,19,24,43.64,22,93,90,183,92.9,5,0,360,3,2,0,Ivan Garriel Muñoz,Real Valladolid,1177352,2831
5,5,17.24,78,4,36.36,112,57,169,78.6,11,28.21,28,38,1,0,0,0,52,4,9,9,0,13,37,0,0,28,20,127,0,0,,,25,0,8.57,0,3,4,27,25,2,3,0,,84,45.9,0,0,0,46,4,17,2,14,1457,6,0,0,0,0,0,0.0,0,0,0,0,193,14,0,6.64,0,1,0,0,0,0,0,0,485.67,0.0,0,27,8,10,16,18,40.0,0,31,15,48.39,17,7,45,29,95,42.79,11,144,71,215,245.5,35,0,559,35,4,0,Diego Collado,Cultural Leonesa,1010551,2868
20,7,14.29,87,14,43.75,152,82,234,72.22,6,60.0,4,21,1,0,0,0,45,1,0,7,0,6,21,0,0,11,14,65,0,0,,,22,0,7.14,0,2,3,14,14,0,2,0,,43,41.35,1,0,1,90,8,20,1,12,995,2,2,0,0,0,0,0.0,0,0,0,0,189,4,0,6.63,0,0,0,0,0,0,0,0,497.5,0.0,0,15,13,13,8,8,34.78,0,25,17,68.0,20,42,23,49,49,42.98,32,225,99,324,139.3,28,0,554,10,4,0,Sergi Canós,Real Valladolid,790833,2831
9,2,20.0,49,10,62.5,88,32,120,68.18,5,41.67,7,16,0,0,0,0,28,0,2,5,0,12,15,0,0,10,7,42,0,0,,,5,0,5.56,0,1,1,11,10,1,0,1,,31,46.97,0,0,0,56,2,4,0,9,792,1,1,0,0,0,0,0.0,0,0,0,0,112,5,0,6.63,0,1,0,0,0,0,0,0,792.0,0.0,1,7,11,6,7,5,27.78,0,9,7,77.78,4,20,18,10,36,46.15,16,131,45,176,99.5,18,0,320,17,2,0,Iker Varela,Mirandés,1441821,35092
12,7,24.14,70,13,59.09,117,49,166,79.05,2,28.57,5,12,2,0,0,0,28,2,0,4,0,3,12,0,0,9,5,35,0,2,,,7,0,0.0,0,0,2,13,12,1,0,0,,21,41.18,0,0,0,44,2,10,0,6,544,0,1,0,0,0,0,0.0,0,0,0,0,100,3,0,6.63,0,0,0,0,0,0,0,0,0.0,0.0,0,2,5,3,0,2,18.18,0,9,6,66.67,10,19,11,29,23,39.66,22,153,57,210,79.6,7,0,330,10,2,0,Jaime Seoane,Huesca,838636,24265
5,5,38.46,40,5,22.73,74,69,143,78.57,8,57.14,6,9,1,0,0,0,16,0,1,0,1,23,9,0,0,3,2,18,0,0,,,4,0,0.0,0,0,1,12,11,1,0,0,,11,47.83,0,0,0,39,6,7,0,5,569,0,4,0,0,0,0,0.0,0,0,0,0,76,0,0,6.63,0,0,0,0,0,0,0,0,0.0,0.0,0,2,0,1,1,2,40.0,0,5,3,60.0,7,14,5,13,19,51.35,22,100,82,182,59.7,2,0,331,4,0,0,Hugo San Modesto,Real Valladolid,2209948,2831
2,0,0.0,23,1,25.0,33,12,45,76.27,5,50.0,5,6,0,0,0,0,6,0,1,2,0,1,6,0,0,10,2,20,0,0,,,2,0,0.0,0,0,0,1,0,1,0,0,,10,40.0,0,0,0,14,1,6,0,2,182,0,0,0,0,0,0,0.0,0,0,0,0,29,0,0,6.63,0,0,0,0,0,0,0,0,0.0,0.0,0,2,4,4,0,2,66.67,0,1,0,0.0,6,5,3,0,15,42.86,4,45,14,59,39.8,6,0,102,7,0,0,Jeremía Recoba,UD Las Palmas,1640614,6577
2,0,0.0,1,11,24.44,8,63,71,66.98,2,100.0,0,6,0,0,0,0,45,0,0,0,1,6,6,0,0,0,0,0,0,2,,,0,0,0.0,43,0,0,6,6,0,0,0,,3,100.0,0,2,0,35,0,1,0,6,540,0,0,0,0,0,0,0.0,1,0,0,0,36,0,2,6.63,0,0,7,7,3,10,0,1,0.0,0.0,0,0,0,0,0,0,0.0,7,0,0,0.0,1,2,0,0,5,100.0,45,37,69,106,39.8,0,0,155,2,0,0,Simon Eriksson,Real Racing Club,1472960,2835
1,7,58.33,34,4,26.67,64,45,109,80.15,3,50.0,3,8,0,0,0,0,13,0,0,1,2,19,6,0,0,1,10,22,0,0,,,6,0,0.0,0,0,0,5,4,1,0,0,,15,44.12,0,0,0,27,5,6,0,4,425,0,1,0,0,0,0,0.0,0,0,0,0,55,1,0,6.63,0,0,0,0,0,0,0,0,0.0,0.0,0,0,2,1,0,3,60.0,0,10,5,50.0,6,6,5,12,18,45.0,15,79,57,136,39.8,2,0,257,2,0,0,Aitor Buñuel,Burgos Club de Fútbol,795726,2854
9,1,7.14,112,21,53.85,185,144,329,82.46,12,44.44,15,19,0,0,0,0,47,1,1,5,0,13,18,0,0,13,7,70,0,1,,,29,0,0.0,0,0,0,12,11,1,0,0,,46,45.54,0,0,0,70,7,12,0,12,886,1,2,0,0,0,0,0.0,0,0,0,0,122,2,0,6.63,0,0,0,0,0,0,0,0,0.0,0.0,0,5,4,1,3,6,46.15,0,27,13,48.15,12,20,13,14,58,45.31,39,233,166,399,119.4,9,0,571,14,7,0,Pedro Ortiz,Córdoba,964981,2850
1,0,0.0,17,1,100.0,22,5,27,65.85,15,60.0,10,16,0,0,0,0,2,0,3,0,0,6,13,0,0,2,1,22,0,0,,,7,0,11.11,0,1,1,3,3,0,1,0,,8,40.0,1,0,0,14,1,2,0,0,206,1,0,0,0,0,0,0.0,0,0,0,0,25,1,0,6.63,0,0,0,0,0,0,0,0,206.0,0.0,0,8,1,7,2,0,0.0,0,2,1,50.0,2,1,2,1,23,51.11,1,35,6,41,86.2,9,0,81,6,2,0,Alvaro Garcia,CD Castellón,1082985,5067
28,6,20.69,97,28,32.18,246,260,506,77.49,28,68.29,13,17,0,0,0,0,57,1,0,5,2,49,17,0,1,2,10,53,0,0,,,30,0,0.0,1,0,0,20,17,3,0,0,,40,50.0,0,0,0,147,15,5,0,14,1187,0,10,0,0,0,0,0.0,0,0,0,0,219,2,0,6.63,1,0,0,0,0,0,0,0,0.0,0.0,0,2,5,2,0,4,80.0,0,26,14,53.85,5,73,5,29,68,56.2,87,353,300,653,112.7,7,0,937,10,5,0,Carlos Pomares,Real Zaragoza,813573,2815
2,1,16.67,6,2,50.0,10,9,19,55.88,1,16.67,5,8,0,0,0,0,2,2,0,0,0,2,7,0,0,1,2,12,0,0,,,3,0,50.0,0,1,1,3,3,0,0,1,,1,12.5,0,0,0,15,0,3,0,2,177,0,1,0,0,0,0,0.0,0,0,0,0,26,0,0,6.63,0,1,0,0,0,0,0,0,177.0,0.0,0,1,1,0,2,0,0.0,0,1,0,0.0,3,3,1,6,2,14.29,4,21,13,34,46.4,2,0,57,0,0,0,Marc Domenech,AD Ceuta,1914318,2869
0,0,0.0,15,0,0.0,21,8,29,51.79,20,52.63,18,15,0,0,0,0,7,0,2,4,0,5,15,0,0,3,2,35,0,0,,,7,0,12.5,0,2,2,8,7,1,2,0,,10,37.04,1,0,0,27,3,0,1,3,395,4,1,0,0,0,0,0.0,0,0,0,0,55,4,0,6.63,0,0,0,0,0,0,0,0,197.5,0.0,0,14,2,6,6,4,40.0,0,5,4,80.0,0,2,10,1,30,46.15,0,42,14,56,99.4,16,0,134,1,0,0,Luís Asué,Leganés,1064103,2845
29,18,28.57,274,34,45.33,471,362,833,82.31,33,60.0,22,35,2,0,0,0,97,5,2,8,8,64,35,0,0,17,25,108,0,1,,,35,0,5.56,0,1,3,29,27,2,1,0,,80,48.19,1,0,0,179,35,28,0,32,2579,4,9,0,1,0,0,0.0,0,0,0,0,343,4,0,6.63,1,0,0,0,0,0,0,0,2579.0,0.0,0,14,4,6,4,14,60.87,0,48,30,62.5,27,48,23,63,113,51.13,75,582,430,1012,231.9,18,1,1670,18,5,1,Lucas Alcazar,CD Castellón,1049200,5067
11,17,19.1,132,12,34.29,230,67,297,73.88,9,34.62,17,33,2,0,0,0,73,5,1,5,0,15,32,0,0,15,8,83,0,0,,,30,0,6.82,0,3,5,22,18,4,3,0,,42,38.89,0,0,1,105,16,28,2,14,1309,5,2,0,1,0,0,0.0,0,0,0,0,242,13,0,6.63,0,1,0,0,0,0,0,0,436.33,0.0,3,17,27,26,13,6,30.0,0,18,9,50.0,27,26,20,89,51,38.06,35,316,86,402,212.0,44,0,732,19,5,0,José Carlos Lazo,Albacete Balompié,605510,2848
25,2,18.18,86,40,57.14,224,348,572,89.94,7,36.84,12,21,0,0,0,0,42,0,0,1,1,44,20,0,0,2,3,28,0,1,,,11,0,0.0,11,0,0,19,18,1,0,0,,28,63.64,0,0,0,64,11,2,0,14,1205,1,6,0,0,0,1,0.0,0,0,0,0,90,2,0,6.63,0,0,0,0,0,0,0,0,0.0,0.0,0,3,3,3,2,8,80.0,0,14,12,85.71,2,35,10,11,35,55.56,70,268,368,636,132.5,6,0,808,6,5,0,Salva Ruiz,CD Castellón,138388,5067
29,27,20.3,175,28,36.36,401,355,756,83.44,21,52.5,19,38,1,0,0,0,118,3,0,5,5,69,38,0,0,10,13,105,0,1,,,35,0,6.45,0,2,3,30,25,5,2,0,,104,54.74,0,0,0,150,33,29,2,34,2875,9,7,0,0,0,1,0.0,0,0,0,0,392,8,0,6.62,0,0,0,0,0,0,0,0,1437.5,0.0,0,18,13,16,10,20,40.82,0,42,22,52.38,29,60,49,133,125,54.35,77,501,405,906,251.7,31,0,1647,43,9,0,Giacomo Quagliata,Deportivo de A Coruña,973300,2832
6,5,11.63,89,7,50.0,134,78,212,75.18,9,32.14,19,29,2,0,0,0,44,2,3,2,1,21,29,0,0,12,5,85,0,0,,,27,0,11.76,0,2,4,22,21,1,2,0,,57,46.34,1,0,1,70,14,21,0,19,1463,2,1,0,0,0,0,0.0,0,0,0,0,202,4,0,6.62,0,1,0,0,0,0,0,0,731.5,0.0,0,12,5,10,5,14,36.84,0,21,12,57.14,21,9,38,43,66,43.71,14,183,99,282,192.0,17,0,592,22,7,0,Jose Antonio de la Rosa,Cádiz,1489420,4488
12,8,42.11,62,21,26.58,153,280,433,78.16,15,51.72,14,20,2,0,0,0,66,3,0,3,3,54,20,0,0,5,7,51,1,2,,,19,0,20.0,0,1,3,31,29,2,0,1,,68,64.76,0,0,0,121,15,12,1,16,1369,0,7,0,0,0,0,0.0,0,0,0,0,193,3,0,6.62,0,0,0,0,0,0,0,0,1369.0,0.0,0,2,3,0,2,9,56.25,0,54,31,57.41,12,33,16,19,83,61.94,79,240,314,554,132.4,5,0,877,5,4,0,Sergio Arribas,Cádiz,1119678,4488
3,0,0.0,34,6,60.0,65,68,133,91.1,6,50.0,6,11,0,0,0,0,11,1,0,1,0,5,10,0,1,2,2,18,0,1,,,7,0,50.0,0,1,1,4,4,0,1,0,,13,52.0,0,0,0,13,9,3,0,3,295,2,1,0,0,0,0,0.0,0,0,0,0,23,0,0,6.62,1,1,0,0,0,0,0,0,295.0,0.0,0,1,1,0,1,1,50.0,0,11,5,45.45,3,4,2,3,19,51.35,10,74,72,146,66.2,2,0,198,1,1,0,Darko Brašanac,Málaga CF,94539,2830
4,0,0.0,18,3,75.0,42,18,60,88.24,0,0.0,3,10,1,0,0,0,14,1,0,1,0,1,10,0,0,0,3,12,0,1,,,1,0,0.0,0,0,1,2,2,0,0,0,,6,40.0,0,0,0,8,3,2,0,0,147,0,2,0,0,0,0,0.0,0,0,0,0,18,3,0,6.62,0,0,0,0,0,0,0,0,0.0,0.0,0,0,2,1,0,2,28.57,0,3,1,33.33,2,5,7,0,6,33.33,4,50,18,68,66.2,2,0,104,1,0,0,Luka Gagnidze,Granada,1006074,33779
7,10,31.25,50,8,47.06,86,38,124,71.68,0,0.0,5,23,2,0,0,0,24,2,1,3,0,7,21,0,0,2,12,32,0,0,,,8,0,0.0,0,0,2,5,4,1,0,0,,20,42.55,0,0,0,49,1,6,0,2,519,3,1,0,0,0,0,0.0,0,0,0,0,99,3,0,6.62,0,0,0,0,0,0,0,0,0.0,0.0,0,5,3,3,2,2,25.0,0,10,3,30.0,6,13,8,32,20,38.46,17,120,53,173,139.0,8,0,297,8,3,0,Salvi Sánchez,AD Ceuta,811493,2869
3,16,34.04,77,9,23.08,124,72,196,68.53,1,12.5,7,18,1,0,0,0,50,5,2,7,0,18,18,0,0,12,5,64,0,0,,,19,0,4.0,0,1,2,21,18,3,1,0,,55,49.11,0,0,2,90,13,14,0,13,1164,5,1,0,0,0,0,0.0,0,0,0,0,184,6,0,6.62,0,1,0,0,0,0,0,0,1164.0,0.0,0,17,8,12,6,21,48.84,0,12,8,66.67,14,17,43,47,56,46.67,39,195,91,286,119.1,25,0,578,22,3,0,Ángel Pérez,Huesca,1513222,24265
5,0,0.0,27,10,37.04,74,112,186,81.94,8,44.44,10,13,0,0,0,0,14,0,1,0,1,40,13,0,0,4,1,23,1,0,,,6,0,0.0,3,0,0,9,8,1,0,0,,24,64.86,0,0,0,41,2,2,0,7,721,1,4,0,0,0,0,0.0,0,0,0,0,68,0,0,6.62,0,0,0,0,0,0,0,0,0.0,0.0,0,1,1,1,1,3,60.0,0,15,9,60.0,2,13,5,2,32,58.18,27,104,123,227,86.0,2,0,367,6,5,0,Ale Gomes,Real Zaragoza,2144390,2815
8,2,7.14,140,10,34.48,273,278,551,88.73,11,32.35,23,30,2,0,0,0,96,2,0,1,5,26,30,0,0,11,15,79,0,1,,,15,0,0.0,0,0,2,18,15,3,0,0,,64,53.33,0,0,0,70,27,7,0,24,2107,1,7,0,0,0,0,0.0,0,0,0,1,165,8,0,6.61,0,0,0,0,0,0,0,0,0.0,0.0,0,4,2,2,3,9,37.5,0,34,24,70.59,7,16,24,28,75,48.7,29,311,310,621,198.4,6,1,1009,22,1,0,Viti Rozada,UD Las Palmas,1031499,6577
49,11,19.3,166,53,32.92,408,464,872,77.44,25,36.76,43,32,2,0,0,0,94,3,2,3,9,94,32,0,0,9,17,84,0,2,,,16,0,0.0,1,0,2,32,30,2,0,0,,65,61.32,0,0,0,254,43,13,0,31,2670,0,19,0,0,0,1,0.0,0,0,0,0,394,1,0,6.61,0,0,0,0,0,0,0,0,0.0,0.0,0,4,4,5,0,3,60.0,0,37,18,48.65,13,105,5,57,90,51.72,161,560,566,1126,211.6,8,0,1746,26,3,0,Carlos Neva,Albacete Balompié,914178,2848
4,2,13.33,38,7,58.33,59,25,84,66.67,5,15.63,27,17,0,0,0,0,23,1,6,14,1,3,17,0,0,3,10,72,0,0,,,27,0,9.09,0,4,4,14,14,0,3,1,,17,27.42,0,0,1,42,4,11,0,10,951,6,0,0,0,0,0,0.0,0,0,0,0,102,6,0,6.61,0,4,0,0,0,0,0,0,237.75,0.0,1,25,19,17,13,5,45.45,0,7,5,71.43,11,6,11,15,22,23.4,12,93,33,126,112.3,44,1,284,6,2,0,Alex Rubio,Albacete Balompié,1526651,2848
2,1,11.11,18,0,0.0,28,16,44,69.84,0,0.0,11,23,0,0,0,0,17,0,0,2,0,2,20,0,0,4,4,34,0,0,,,12,0,25.0,0,3,3,7,7,0,3,0,,31,57.41,0,0,1,19,2,2,0,4,502,4,0,0,0,1,0,100.0,0,1,0,1,61,2,0,6.61,0,3,0,0,0,0,0,0,167.33,0.0,0,10,2,6,4,3,42.86,0,10,6,60.0,2,3,7,9,31,47.69,0,44,19,63,132.1,12,0,166,18,4,0,Mateo Mejía,Burgos Club de Fútbol,1134538,2854
2,0,0.0,19,2,33.33,36,8,44,83.02,2,100.0,0,1,1,0,0,0,6,0,0,1,0,0,1,0,0,1,1,2,0,0,,,1,0,0.0,0,0,1,2,2,0,0,0,,2,50.0,0,0,0,9,0,1,0,1,90,0,0,0,0,0,0,0.0,0,0,0,0,20,1,0,6.6,0,0,0,0,0,0,0,0,0.0,0.0,0,0,2,0,1,0,0.0,0,0,0,0.0,1,5,0,4,4,66.67,6,43,10,53,6.6,2,0,71,2,0,0,Alex Sala,Córdoba,1157382,2850
0,0,0.0,0,0,0.0,1,2,3,75.0,0,0.0,1,1,0,0,0,0,0,0,0,0,0,1,1,0,0,0,0,1,0,0,,,1,0,0.0,0,0,0,0,0,0,0,0,,0,0.0,0,0,0,1,0,0,0,0,10,0,0,0,0,0,0,0.0,0,0,0,0,1,0,0,6.6,0,0,0,0,0,0,0,0,0.0,0.0,0,0,0,0,0,0,0.0,0,0,0,0.0,0,0,0,0,0,0.0,1,2,2,4,6.6,0,0,6,0,0,0,Samu Fernandez,Deportivo de A Coruña,2008273,2832
1,0,0.0,0,1,25.0,0,52,52,91.23,1,100.0,0,2,0,0,0,0,17,0,0,0,0,0,2,0,0,0,0,0,3,0,,,0,0,0.0,2,0,0,3,2,1,0,0,,0,0.0,0,1,0,5,0,0,0,2,135,0,0,0,0,0,0,0.0,1,0,1,0,5,0,0,6.6,0,0,1,4,0,4,0,0,0.0,0.0,0,0,0,0,0,0,0.0,1,0,0,0.0,0,3,0,0,1,100.0,4,2,55,57,13.2,0,0,74,1,0,0,Kevin Ratti,FC Andorra,591358,324871
1,0,0.0,17,2,50.0,39,29,68,88.31,3,42.86,4,7,0,0,0,0,9,0,0,0,0,2,7,0,0,1,1,13,0,0,,,6,0,0.0,0,0,0,1,1,0,0,0,,5,35.71,0,0,0,9,1,1,0,1,122,0,0,0,0,0,0,0.0,0,0,0,0,17,2,0,6.6,0,0,0,0,0,0,0,0,0.0,0.0,0,0,0,0,0,0,0.0,0,3,3,100.0,1,3,2,1,8,38.1,4,45,32,77,46.2,0,0,98,2,1,0,Edward Cedeño,UD Las Palmas,1440403,6577
3,0,0.0,6,2,100.0,20,11,31,83.78,1,33.33,2,10,0,0,0,0,8,0,0,0,0,0,9,0,0,4,3,17,0,0,,,0,0,0.0,0,0,0,3,3,0,0,0,,12,44.44,0,0,0,6,0,1,0,0,156,1,0,0,0,0,0,0.0,0,0,0,0,34,1,0,6.6,0,0,0,0,0,0,0,0,0.0,0.0,0,0,1,0,1,3,27.27,0,3,2,66.67,1,4,11,6,13,43.33,2,23,14,37,59.4,1,0,92,6,0,0,Benjamin Pauwels,Leganés,1520752,2845
2,1,16.67,45,1,50.0,109,45,154,61.85,73,51.77,68,34,0,0,0,0,36,1,7,9,0,21,34,0,0,29,4,153,0,0,,,43,0,10.26,0,4,4,33,29,4,4,0,,42,33.07,0,0,0,95,1,8,1,15,1679,22,1,0,0,0,0,0.0,0,0,0,1,184,5,0,6.59,0,3,0,0,0,0,0,0,419.75,0.0,0,34,5,20,10,14,50.0,0,4,0,0.0,8,5,28,6,115,42.91,2,190,59,249,224.2,39,1,505,25,4,0,Dawda Camara,Cádiz,1151851,4488
6,0,0.0,54,11,35.48,140,108,248,81.31,7,46.67,8,17,0,0,0,0,15,0,0,1,1,22,17,0,0,2,8,21,0,1,,,3,0,0.0,0,0,0,8,8,0,0,0,,7,35.0,0,0,0,57,4,2,0,4,533,0,5,1,0,0,0,0.0,0,0,0,0,68,0,0,6.59,0,0,0,0,0,0,0,0,0.0,0.0,0,1,2,2,0,0,0.0,0,7,4,57.14,2,20,0,1,14,40.0,31,180,125,305,112.1,3,0,376,0,1,0,Jesús Bernal,Sporting Gijón,900458,2852
11,7,10.45,188,22,28.21,328,280,608,76.0,32,57.14,24,33,2,0,0,0,100,3,2,4,8,90,33,0,0,19,23,126,0,0,,,37,0,13.33,0,4,6,45,41,4,4,0,,110,51.89,1,0,1,192,44,23,2,31,2790,7,14,0,0,0,3,0.0,0,0,0,0,400,9,0,6.59,0,1,0,0,0,0,0,0,697.5,0.0,0,20,10,13,13,6,18.75,0,51,27,52.94,23,39,32,67,142,52.99,78,449,351,800,217.6,30,2,1659,53,8,0,Jose Matos,AD Ceuta,800987,2869
2,7,25.93,27,5,50.0,54,38,92,73.02,5,35.71,9,15,1,0,0,0,15,1,0,1,0,3,14,0,0,5,4,32,0,0,,,8,0,0.0,0,0,1,4,3,1,0,0,,17,42.5,0,0,0,34,5,8,0,1,295,0,1,0,0,0,0,0.0,0,0,0,0,76,1,0,6.59,0,0,0,0,0,0,0,0,0.0,0.0,0,0,2,1,0,5,45.45,0,6,5,83.33,8,7,11,27,22,40.74,10,80,46,126,92.3,2,0,218,6,2,0,Fermín García,Burgos Club de Fútbol,1585723,2854
12,2,33.33,115,16,55.17,208,147,355,85.13,6,31.58,13,26,1,0,0,0,45,2,0,5,0,4,26,0,0,27,10,85,0,0,,,25,0,16.67,0,2,3,14,14,0,2,0,,42,36.84,0,0,0,62,13,12,2,7,846,1,1,0,0,0,0,0.0,0,0,0,0,126,2,0,6.59,0,0,0,0,0,0,0,0,423.0,0.0,0,3,9,2,5,17,62.96,0,15,9,60.0,12,26,27,6,48,36.09,29,256,161,417,171.4,12,0,605,10,5,0,Aboubacar Bassinga,AD Ceuta,1636036,2869
10,10,27.03,70,12,33.33,128,88,216,77.14,9,50.0,9,27,0,0,0,0,39,0,1,3,1,34,26,0,0,2,10,39,1,2,,,13,0,14.29,0,1,1,14,12,2,1,0,,36,54.55,0,0,0,64,10,6,1,4,788,4,0,0,0,0,0,0.0,0,0,0,0,131,2,0,6.59,0,0,0,0,0,0,0,0,788.0,0.0,0,3,4,2,2,3,37.5,0,27,17,62.96,6,20,8,37,45,53.57,36,164,116,280,171.4,7,0,526,6,3,0,Pablo García,Sporting Gijón,1009637,2852
17,0,0.0,13,16,27.12,63,236,299,81.69,20,57.14,15,10,0,0,0,0,31,2,0,1,2,40,10,0,0,0,4,32,1,0,,,13,0,16.67,10,1,1,15,14,1,1,0,,18,51.43,0,0,0,67,16,4,1,8,808,1,11,0,0,0,0,0.0,0,0,0,0,70,0,0,6.59,0,0,0,0,0,0,0,0,808.0,0.0,0,5,1,4,1,0,0.0,0,14,10,71.43,4,42,0,0,38,54.29,59,116,250,366,65.9,6,1,476,4,1,0,Pelayo Fernández,Cádiz,1139724,4488
7,4,22.22,37,6,46.15,80,88,168,85.28,2,25.0,6,16,1,0,0,0,13,3,0,1,0,10,16,0,0,3,3,21,0,0,,,4,0,12.5,0,1,2,8,7,1,1,0,,11,42.31,0,0,0,29,4,9,1,5,513,0,1,0,0,0,0,0.0,0,0,0,0,63,0,0,6.59,0,0,0,0,0,0,0,0,513.0,0.0,0,6,2,3,4,2,28.57,0,6,4,66.67,9,9,7,18,13,38.24,13,97,100,197,105.4,8,1,307,3,0,0,Cristian Gutiérrez,UD Las Palmas,1084456,6577
18,0,0.0,33,33,30.84,127,497,624,82.43,46,62.16,28,23,0,0,0,0,46,0,0,1,7,153,23,0,1,0,5,41,0,0,,,9,0,0.0,12,0,0,24,20,4,0,0,,17,56.67,0,0,0,133,23,1,0,20,1826,2,10,1,0,0,0,0.0,0,0,0,0,143,0,0,6.59,1,0,0,0,0,0,0,0,0.0,0.0,0,7,0,6,0,0,0.0,0,15,4,26.67,1,50,0,0,63,60.58,107,230,527,757,151.5,7,0,1009,2,4,0,Bojan Kovačević,Cádiz,1143405,4488
3,1,4.0,93,3,21.43,126,74,200,66.89,24,47.06,27,29,1,0,0,0,60,3,9,13,0,23,29,0,1,22,11,121,0,0,,,24,0,2.63,0,1,2,19,18,1,1,0,,63,40.13,0,0,2,99,8,16,0,17,1404,9,1,0,0,0,0,0.0,0,0,0,0,239,5,0,6.59,1,1,0,0,0,0,0,0,1404.0,0.0,0,33,5,17,8,26,41.27,0,16,8,50.0,16,8,63,25,87,41.83,14,204,95,299,191.0,38,0,652,21,4,0,Marcos Cuenca,Real Zaragoza,1164676,2815
10,2,14.29,49,9,69.23,79,23,102,74.45,12,46.15,14,21,1,0,0,0,22,4,1,7,0,8,21,0,0,7,3,43,0,0,,,11,0,0.0,0,0,1,12,9,3,0,0,,24,45.28,0,0,0,35,3,13,0,7,759,1,0,0,1,0,0,0.0,0,0,0,0,95,3,0,6.59,0,0,0,0,0,0,0,0,0.0,0.0,0,20,3,12,4,10,43.48,0,5,2,40.0,12,13,23,14,36,45.57,13,105,32,137,138.3,23,0,280,9,1,0,Patrick Soko,Almería,889815,2858
20,0,0.0,78,26,59.09,176,195,371,84.13,23,45.1,28,21,0,0,0,0,60,1,2,1,0,26,21,0,0,9,16,80,1,2,,,20,0,0.0,0,0,0,24,21,3,0,0,,38,42.22,0,0,0,70,10,4,0,13,1117,0,10,0,0,0,0,0.0,0,0,0,0,108,7,0,6.59,0,0,0,0,0,0,0,0,0.0,0.0,0,8,3,7,3,5,35.71,0,22,16,72.73,4,31,14,3,61,43.26,44,223,218,441,138.3,11,0,616,11,3,0,Selvi Clúa,Mirandés,1513673,35092
24,19,22.62,194,40,37.38,373,352,725,78.98,26,42.62,35,30,3,0,0,0,87,7,0,1,6,86,30,0,1,10,15,107,0,0,,,41,0,0.0,0,0,3,36,31,5,0,0,,66,47.83,0,0,0,193,25,25,0,28,2468,2,11,1,1,0,0,0.0,0,0,0,0,332,6,0,6.58,1,0,0,0,0,0,0,0,0.0,0.0,0,2,2,3,0,7,43.75,0,43,26,60.47,24,54,16,84,92,46.23,107,502,416,918,197.5,4,0,1555,16,13,0,Mario Climent,Cádiz,1099547,4488
27,2,10.0,144,35,35.71,306,262,568,70.47,38,60.32,25,29,2,0,0,0,68,2,1,2,3,98,29,0,1,6,16,100,0,0,,,44,0,15.38,0,2,4,29,26,3,2,0,,69,47.92,1,0,0,238,21,6,0,29,2243,3,8,1,0,0,0,0.0,0,0,0,1,332,2,0,6.58,1,1,0,0,0,0,0,0,1121.5,0.0,0,7,6,5,6,4,28.57,0,41,22,53.66,6,62,14,20,107,51.69,98,475,331,806,190.9,13,0,1312,24,13,0,Alvaro Mantilla,Real Racing Club,1010792,2835
23,9,18.37,199,24,25.26,367,369,736,79.14,24,53.33,21,33,1,0,0,0,150,1,0,2,3,88,32,0,0,18,16,96,1,2,,,31,0,0.0,0,0,1,44,41,3,0,0,,91,54.82,0,0,0,194,33,18,0,29,2408,0,5,0,0,0,4,0.0,0,0,0,0,427,6,0,6.58,1,0,0,0,0,0,0,0,0.0,0.0,0,0,4,2,0,12,42.86,0,68,43,63.24,18,64,28,49,115,54.5,95,506,424,930,210.6,4,0,1604,11,4,1,Víctor García,Cultural Leonesa,193946,2868
0,1,100.0,13,1,50.0,31,24,55,91.67,0,0.0,0,5,1,0,0,0,3,0,0,0,0,0,5,0,0,0,2,9,0,0,,,4,0,0.0,0,0,1,2,2,0,0,0,,8,47.06,0,0,0,5,0,3,0,1,146,0,0,0,0,0,0,0.0,0,0,0,0,11,1,0,6.58,0,0,0,0,0,0,0,0,0.0,0.0,0,0,2,1,1,1,25.0,0,2,0,0.0,3,1,4,1,8,47.06,2,35,25,60,32.9,2,0,81,5,0,0,Arick Alejandro Betancourt Perez,AD Ceuta,2539771,2869
4,2,50.0,62,5,71.43,107,41,148,67.27,60,40.82,87,34,1,0,0,0,36,3,7,9,1,8,34,0,0,31,6,175,0,0,,,21,0,10.64,0,5,6,26,25,1,5,0,,64,42.11,2,0,0,72,4,9,1,16,1625,6,6,0,0,0,0,0.0,0,0,0,0,218,10,0,6.58,0,2,0,0,0,0,0,0,325.0,0.0,1,30,17,21,17,12,28.57,0,13,7,53.85,9,8,42,4,124,41.47,7,169,51,220,223.7,47,1,566,39,1,0,Enol Rodríguez,Huesca,1014687,24265
36,14,20.9,130,49,31.21,264,302,566,72.19,36,50.7,35,33,1,0,0,0,91,2,1,5,7,94,33,0,0,26,37,182,0,0,,,51,0,0.0,0,0,1,40,32,8,0,0,,127,46.35,0,0,0,218,39,19,0,29,2548,0,10,0,0,0,0,0.0,0,0,0,0,450,11,0,6.58,0,0,0,0,0,0,0,0,0.0,0.0,0,5,19,15,4,24,38.71,0,83,53,63.86,19,90,62,67,163,47.25,157,423,361,784,217.1,24,0,1639,20,9,0,Alberto Dadie,Real Sociedad B,1170458,24360
2,0,0.0,24,0,0.0,37,15,52,77.61,5,62.5,3,9,0,0,0,0,10,0,1,1,0,3,9,0,0,3,4,22,0,2,,,9,0,0.0,0,0,0,2,2,0,0,0,,16,45.71,0,0,0,15,2,1,0,0,173,0,0,0,0,0,0,0.0,0,0,0,1,36,1,0,6.58,0,0,0,0,0,0,0,0,0.0,0.0,0,2,1,0,2,8,66.67,0,3,1,33.33,1,5,12,4,21,48.84,3,50,17,67,59.2,3,0,127,5,3,0,Tommaso De Nipoti,CD Castellón,1012182,5067
2,2,20.0,8,1,100.0,10,3,13,61.9,1,100.0,0,6,1,0,0,0,5,1,0,1,0,1,4,0,0,2,3,8,0,0,,,1,0,0.0,0,0,1,3,3,0,0,0,,9,52.94,0,0,0,8,0,2,0,0,54,1,0,0,0,0,0,0.0,0,0,0,0,22,1,0,6.58,0,0,0,0,0,0,0,0,0.0,0.0,0,1,2,0,2,0,0.0,0,2,1,50.0,2,2,2,10,10,55.56,1,18,3,21,26.3,3,0,54,7,0,0,Diego Fuentes,Real Racing Club,2333377,2835
5,0,0.0,14,10,29.41,65,136,201,82.72,3,33.33,6,8,1,0,0,0,23,2,0,1,0,24,8,0,0,0,4,17,0,0,,,8,0,0.0,0,0,1,10,6,4,0,0,,20,64.52,0,0,0,42,6,2,0,8,633,0,5,1,0,0,0,0.0,0,0,0,0,50,0,0,6.58,0,0,0,0,0,0,0,0,0.0,0.0,0,1,0,0,0,0,0.0,0,19,13,68.42,2,19,0,1,23,57.5,34,97,146,243,52.6,1,0,323,1,2,0,Andrés Cuenca,Sporting Gijón,1503832,2852
1,0,0.0,14,2,40.0,25,13,38,73.08,5,62.5,3,4,0,0,0,0,3,0,0,0,0,1,4,0,0,0,1,6,0,0,,,1,0,0.0,0,0,0,2,2,0,0,0,,2,40.0,0,0,0,14,0,0,0,1,115,0,0,0,0,0,0,0.0,0,0,0,0,20,1,0,6.58,0,0,0,0,0,0,0,0,0.0,0.0,0,0,0,0,0,0,0.0,0,1,0,0.0,0,3,1,0,7,53.85,5,33,19,52,26.3,0,0,64,1,0,0,Jan Salas,Córdoba,1905699,2850
1,0,0.0,6,2,66.67,14,17,31,73.81,0,0.0,1,5,0,0,0,0,6,0,0,0,0,0,4,0,0,1,1,6,0,0,,,4,0,0.0,0,0,0,1,1,0,0,0,,7,58.33,0,0,0,11,2,0,0,0,79,0,0,0,0,0,0,0.0,0,0,0,0,20,1,0,6.58,0,0,0,0,0,0,0,0,0.0,0.0,0,0,0,0,0,0,0.0,0,6,6,100.0,0,3,0,1,7,53.85,3,22,20,42,26.3,0,0,72,1,2,0,Rubén López,Deportivo de A Coruña,1592334,2832
6,9,25.71,62,18,39.13,134,226,360,81.45,7,30.43,16,22,0,0,0,0,63,4,0,1,2,36,22,0,0,6,11,47,0,1,,,11,0,0.0,0,0,0,22,20,2,0,0,,35,53.03,0,0,0,82,13,12,0,13,1283,0,7,0,0,0,0,0.0,0,0,0,0,154,3,0,6.57,0,0,0,0,0,0,0,0,0.0,0.0,0,1,6,2,4,10,76.92,0,17,9,52.94,12,23,13,35,42,47.19,46,189,253,442,144.6,7,0,786,8,4,0,Jon Garro,Real Sociedad B,1545065,24360
15,6,30.0,106,17,45.95,173,102,275,81.12,8,32.0,17,26,0,0,0,0,45,3,1,6,0,15,25,0,0,16,10,79,0,2,,,21,0,0.0,0,0,0,19,18,1,0,0,,48,43.64,0,0,0,64,5,19,0,12,1105,0,3,0,0,0,0,0.0,0,0,0,0,133,8,0,6.57,0,0,0,0,0,0,0,0,0.0,0.0,0,6,8,6,2,10,35.71,0,16,7,43.75,19,25,28,20,56,41.48,37,220,119,339,164.3,14,0,552,22,0,0,Jon Eceizabarrena,Real Sociedad B,1546391,24360
5,0,0.0,6,10,55.56,22,71,93,83.04,13,61.9,8,7,0,0,0,0,11,0,0,0,0,20,7,0,0,0,3,16,0,0,,,5,0,0.0,0,0,0,5,5,0,0,0,,9,52.94,0,0,0,19,5,0,0,3,317,0,1,1,0,0,0,0.0,0,0,0,0,20,0,0,6.57,0,0,0,0,0,0,0,0,0.0,0.0,0,3,0,2,1,1,100.0,0,7,4,57.14,0,8,1,0,22,57.89,18,36,76,112,46.0,3,0,162,1,2,0,Oier Luengo,Burgos Club de Fútbol,857229,2854
12,10,35.71,41,13,61.9,91,81,172,79.26,5,31.25,11,17,1,0,0,0,41,1,2,5,0,6,17,0,0,3,9,46,0,0,,,16,0,7.14,1,1,2,14,13,1,1,0,,16,31.37,0,0,0,45,2,11,1,5,631,0,1,0,0,0,0,0.0,0,0,0,0,90,2,0,6.57,0,0,0,0,0,0,0,0,631.0,0.0,0,8,6,5,4,0,0.0,0,3,2,66.67,11,23,7,28,21,31.34,21,121,96,217,111.7,14,0,335,13,4,0,Álex Cardero,Mirandés,1085265,35092
10,0,0.0,75,6,42.86,147,86,233,63.14,74,45.96,87,35,0,0,0,0,30,2,9,6,0,19,35,0,1,16,6,134,0,0,,,25,0,11.76,0,4,4,33,29,4,4,0,,44,48.35,0,0,0,136,2,17,0,20,1669,7,1,0,0,0,0,0.0,0,0,0,0,210,9,0,6.57,1,4,0,0,0,0,0,0,417.25,0.0,0,32,2,15,13,5,62.5,0,18,12,66.67,17,22,8,8,118,46.83,14,256,113,369,229.9,34,0,580,21,4,0,Sergi Enrich,Huesca,106272,24265
0,0,0.0,12,1,50.0,16,14,30,69.77,5,55.56,4,9,0,0,0,0,5,0,3,3,0,4,9,0,1,7,1,20,0,0,,,6,0,22.22,0,2,2,7,7,0,1,1,,3,15.79,0,0,0,13,0,0,0,0,159,4,0,0,0,0,0,0.0,0,0,0,0,27,0,0,6.57,1,1,0,0,0,0,0,0,79.5,0.0,0,8,1,2,4,0,0.0,0,2,1,50.0,0,0,2,0,8,28.57,2,27,16,43,59.1,9,0,78,1,2,0,Sinan Bakış,Real Zaragoza,169317,2815
0,0,0.0,3,0,0.0,6,3,9,56.25,5,83.33,1,5,0,0,0,0,0,0,0,0,0,4,3,0,0,0,1,2,0,0,,,0,0,0.0,0,0,0,3,3,0,0,0,,1,50.0,0,0,0,7,0,0,0,1,73,0,0,0,0,0,0,0.0,0,0,0,0,10,0,0,6.57,0,0,0,0,0,0,0,0,0.0,0.0,0,0,0,0,0,0,0.0,0,0,0,0.0,0,0,0,0,6,75.0,0,13,3,16,19.7,0,0,28,1,0,0,Mamadou Loum,Sporting Gijón,796059,2852
6,3,33.33,69,7,58.33,133,98,231,85.24,6,42.86,8,18,0,0,0,0,32,1,0,0,0,4,18,0,0,3,7,34,0,0,,,11,0,0.0,0,0,0,18,16,2,0,0,,43,62.32,0,0,1,40,3,7,0,11,974,2,1,0,0,0,1,0.0,0,0,0,0,78,3,0,6.57,0,0,0,0,0,0,0,0,0.0,0.0,0,3,1,4,0,12,66.67,0,16,12,75.0,7,16,18,9,49,59.04,12,166,105,271,118.2,4,0,401,15,1,0,Valery Fernández,Real Zaragoza,962378,2815
31,10,17.86,152,41,32.03,276,214,490,69.8,10,41.67,14,30,0,0,0,0,100,3,1,1,7,79,30,0,1,10,20,80,0,0,,,22,0,0.0,1,0,0,33,29,4,0,0,,86,56.58,0,0,0,212,26,14,0,25,2205,3,8,0,0,0,1,0.0,0,0,0,0,367,5,0,6.57,1,0,0,0,0,0,0,0,0.0,0.0,0,4,1,2,2,16,50.0,0,37,24,64.86,14,81,32,56,96,54.55,128,429,273,702,197.0,5,0,1259,33,8,0,Julio Alonso,Huesca,914838,24265
7,4,36.36,78,9,47.37,139,126,265,80.06,10,32.26,21,31,0,0,0,0,58,3,4,1,1,15,28,0,0,11,13,84,0,1,,,37,0,18.18,0,4,4,16,16,0,4,0,,39,38.24,0,0,0,66,8,13,1,13,1130,2,2,0,0,0,0,0.0,0,0,0,0,127,7,0,6.56,0,3,0,0,0,0,0,0,282.5,0.0,0,16,6,14,7,7,58.33,0,9,5,55.56,13,12,12,11,49,36.84,19,186,145,331,183.8,22,1,501,23,6,0,Théo Le Normand,FC Andorra,1131011,324871
2,2,66.67,26,2,50.0,42,20,62,63.92,23,41.07,33,24,0,0,0,0,13,0,2,2,0,8,24,0,1,8,1,60,0,0,,,5,0,26.67,0,4,4,8,4,4,4,0,,9,25.0,1,0,1,35,1,3,1,5,638,13,1,0,0,1,0,100.0,0,1,0,0,79,2,0,6.56,1,2,0,0,0,0,0,0,159.5,0.0,0,14,1,8,5,3,18.75,0,3,1,33.33,3,2,16,3,32,34.78,4,70,27,97,157.5,15,1,201,3,2,0,Mario González,Burgos Club de Fútbol,847147,2854
26,2,15.38,213,27,25.71,453,368,821,76.73,52,49.52,53,33,7,0,0,0,107,5,5,10,7,106,33,0,1,26,31,184,0,2,,,40,0,0.0,0,0,7,40,38,2,0,0,,144,52.36,0,0,0,249,31,26,0,30,2609,2,13,0,0,0,1,0.0,0,0,0,0,395,4,0,6.56,1,0,0,0,0,0,0,0,0.0,0.0,0,26,1,10,7,24,40.0,0,91,56,61.54,26,54,60,13,196,51.58,105,612,458,1070,216.5,27,0,1832,30,9,0,Jorge Salinas,Real Racing Club,1861680,2835
5,0,0.0,17,12,52.17,48,61,109,81.95,3,50.0,3,10,0,0,0,0,13,0,0,1,0,6,10,0,0,3,2,15,0,0,,,5,0,16.67,0,1,1,9,8,1,1,0,,9,42.86,0,0,1,24,5,1,1,2,325,0,0,0,0,0,0,0.0,0,0,0,0,40,1,0,6.56,0,0,0,0,0,0,0,0,325.0,0.0,0,3,3,3,2,1,33.33,0,3,1,33.33,1,12,3,3,12,44.44,23,67,66,133,65.6,6,0,185,5,2,0,Mario Maroto,Real Valladolid,1086415,2831
15,0,0.0,62,12,44.44,194,200,394,82.77,21,46.67,24,22,0,0,0,0,39,0,0,2,0,21,20,0,0,5,13,76,1,1,,,32,0,20.0,0,1,1,19,17,2,1,0,,34,39.53,0,0,0,82,15,4,1,11,1122,0,2,0,1,0,0,0.0,0,0,0,0,106,1,0,6.56,0,0,0,0,0,0,0,0,1122.0,0.0,0,2,3,2,1,2,50.0,0,26,16,61.54,3,23,4,1,55,41.98,27,251,225,476,131.2,5,0,617,7,6,0,Sergio Maestre,Cultural Leonesa,914723,2868
1,0,0.0,6,4,19.05,34,135,169,89.42,5,55.56,4,5,0,0,0,0,14,0,0,0,0,19,5,0,0,0,1,9,0,0,,,4,0,0.0,7,0,0,7,5,2,0,0,,10,66.67,0,0,0,20,3,2,0,4,376,0,1,0,0,0,0,0.0,0,0,0,0,20,0,0,6.56,0,0,0,0,0,0,0,0,0.0,0.0,0,1,0,1,0,1,100.0,0,9,5,55.56,2,10,1,0,15,62.5,21,46,143,189,32.8,1,0,232,0,2,0,Juanjo Flores,Granada,2337435,33779
12,7,17.95,107,11,23.91,205,213,418,81.64,5,20.0,20,27,0,0,0,0,81,1,0,4,3,42,27,0,0,19,18,104,1,0,,,34,0,0.0,0,0,0,25,23,2,0,0,,97,53.59,0,0,0,94,17,11,0,19,1747,0,7,0,0,0,0,0.0,0,0,0,0,231,3,0,6.56,0,0,0,0,0,0,0,0,0.0,0.0,0,1,7,4,0,17,54.84,0,49,28,57.14,11,22,31,39,102,49.51,46,267,245,512,177.1,8,0,1003,31,8,0,Juan Larios,Real Zaragoza,1134532,2815
1,0,0.0,31,1,33.33,58,45,103,70.07,8,25.0,24,17,1,0,0,0,26,1,8,7,1,1,17,0,1,9,9,65,0,0,,,20,0,13.79,0,4,5,6,5,1,4,0,,24,36.92,0,0,1,44,2,11,1,14,1174,14,0,0,0,0,0,0.0,0,0,0,0,121,7,0,6.56,1,3,0,0,0,0,0,0,293.5,0.0,0,23,6,7,15,5,33.33,0,5,2,40.0,11,7,15,6,32,32.99,3,88,59,147,111.5,29,0,313,14,3,0,Miloš Luković,UD Las Palmas,1165974,6577
21,5,33.33,119,27,42.86,207,115,322,68.08,22,38.6,35,34,5,0,0,0,97,6,2,10,1,31,34,0,0,28,13,158,0,0,,,69,0,5.41,0,2,7,37,31,6,2,0,,84,40.58,0,0,2,151,9,18,0,18,1748,5,7,0,0,0,0,0.0,0,0,0,0,259,20,0,6.56,1,2,0,0,0,0,0,0,874.0,0.0,0,17,20,15,12,16,50.0,0,47,29,61.7,18,41,32,15,106,40.15,63,323,150,473,223.0,37,0,821,21,12,1,Gorka Gorosabel,Real Sociedad B,1520813,24360
9,2,28.57,63,5,35.71,134,156,290,84.55,8,36.36,14,20,0,0,0,0,26,0,3,2,0,6,19,0,0,4,10,51,0,1,,,22,0,0.0,0,0,0,13,12,1,0,0,,27,42.19,0,0,0,53,6,7,0,5,623,1,4,0,0,0,0,0.0,0,0,0,0,79,1,0,6.56,0,0,0,0,0,0,0,0,0.0,0.0,0,6,2,3,3,5,71.43,0,19,7,36.84,7,19,7,7,35,40.7,14,171,172,343,124.6,8,0,448,3,5,0,Carlos Guirao,Leganés,1632259,2845
3,1,20.0,39,12,33.33,84,135,219,78.21,8,36.36,14,14,0,0,0,0,29,0,0,1,1,30,14,0,0,7,7,44,0,0,,,14,0,0.0,0,0,0,16,14,2,0,0,,43,58.9,0,0,0,61,10,1,0,7,737,0,5,0,0,0,0,0.0,0,0,0,0,98,0,0,6.56,0,0,0,0,0,0,0,0,0.0,0.0,0,3,2,4,0,4,57.14,0,32,19,59.38,1,12,7,5,51,53.68,36,117,163,280,91.8,5,0,483,7,5,0,Alfred Caicedo,Cádiz,1116361,4488
10,17,18.28,161,26,31.71,318,352,670,81.71,21,51.22,20,34,0,0,0,0,111,2,0,3,8,78,34,0,1,16,7,81,0,0,,,29,0,0.0,0,0,0,32,24,8,0,0,,74,54.81,0,0,0,150,23,16,0,31,2557,2,6,0,0,0,1,0.0,0,0,0,0,334,6,0,6.56,1,0,0,0,0,0,0,0,0.0,0.0,0,5,12,12,2,10,47.62,0,27,15,55.56,16,29,21,93,95,53.98,82,413,407,820,222.9,17,0,1529,37,7,0,Baïla Diallo,Granada,1099804,33779
5,4,13.33,34,14,29.79,68,90,158,69.0,13,61.9,8,21,0,0,0,0,26,2,0,0,0,31,20,0,0,3,5,48,0,1,,,26,0,0.0,0,0,0,12,11,1,0,0,,28,41.18,0,0,0,71,4,3,0,7,726,1,2,0,0,0,0,0.0,0,0,0,0,149,0,0,6.56,0,0,0,0,0,0,0,0,0.0,0.0,0,3,5,5,3,4,36.36,0,19,14,73.68,3,18,11,30,41,46.07,47,121,108,229,131.1,8,0,457,5,4,0,Rodrigo Abajas,Huesca,1657026,24265
17,0,0.0,36,27,44.26,115,269,384,81.53,57,64.77,31,23,2,0,0,0,43,0,0,3,1,93,22,0,0,2,3,63,0,1,,,30,0,0.0,8,0,2,22,19,3,0,0,,14,30.43,0,0,0,87,18,5,0,12,1142,2,7,0,0,0,1,0.0,0,0,0,0,109,1,0,6.55,0,0,0,0,0,0,0,0,0.0,0.0,0,16,1,7,7,0,0.0,0,9,4,44.44,5,33,0,4,71,52.99,61,177,294,471,144.2,17,0,669,6,6,0,Martín Pascual,Mirandés,947201,35092
24,10,31.25,106,71,44.94,298,560,858,83.71,25,39.06,39,37,0,0,0,0,133,2,1,5,8,96,37,0,0,14,9,103,1,8,,,30,0,4.35,7,1,1,37,33,4,0,1,,82,56.16,0,0,0,167,26,14,0,34,2770,3,6,1,0,0,0,0.0,0,0,0,0,287,2,0,6.55,0,1,0,0,0,0,0,0,2770.0,0.0,0,10,13,12,6,11,44.0,0,42,26,61.9,14,55,25,32,107,50.95,158,410,615,1025,242.5,23,0,1562,29,9,0,Oscar Naasei,Granada,1547525,33779
4,0,0.0,36,6,46.15,65,19,84,65.12,17,44.74,21,28,0,0,0,0,14,0,4,2,0,10,27,0,0,4,3,58,0,0,,,28,0,8.33,0,2,2,10,9,1,2,0,,19,33.93,0,0,0,45,0,4,1,9,850,5,1,0,0,0,0,0.0,0,0,0,1,87,6,0,6.55,0,1,0,0,0,0,0,0,425.0,0.0,0,20,4,12,10,2,40.0,0,9,5,55.56,4,10,5,4,36,38.3,13,103,26,129,176.9,24,0,248,9,4,0,Roger Martí,Cádiz,212074,4488
1,0,0.0,18,0,0.0,30,12,42,53.16,27,61.36,17,15,0,0,0,0,15,2,3,2,0,6,14,0,0,13,0,46,0,0,,,15,0,7.14,0,1,1,6,6,0,1,0,,20,40.82,0,0,0,37,1,2,0,4,439,3,1,0,0,0,0,0.0,0,0,0,0,86,7,0,6.55,0,1,0,0,0,0,0,0,439.0,0.0,0,12,2,3,9,5,55.56,0,4,3,75.0,2,1,9,2,47,50.54,0,63,16,79,91.7,14,0,185,11,1,0,Amadou Coundoul,Sporting Gijón,1895195,2852
0,0,0.0,2,1,50.0,3,3,6,54.55,0,0.0,2,2,0,0,0,0,0,0,0,0,0,0,2,0,0,0,1,4,0,0,,,1,0,0.0,0,0,0,0,0,0,0,0,,4,66.67,0,0,0,5,0,1,0,1,68,0,0,0,0,0,0,0.0,0,0,0,0,8,0,0,6.55,0,0,0,0,0,0,0,0,0.0,0.0,0,0,1,1,0,0,0.0,0,0,0,0.0,1,0,0,0,4,50.0,2,7,4,11,13.1,1,0,19,4,0,0,Rayan Zinebi,Granada,2644805,33779
0,0,0.0,1,0,0.0,3,3,6,75.0,1,100.0,0,3,0,0,0,0,1,0,0,0,0,0,2,0,0,3,0,4,0,0,,,0,0,0.0,0,0,0,1,0,1,0,0,,2,33.33,0,0,0,2,0,0,0,0,29,0,0,0,0,0,0,0.0,0,0,0,0,11,0,0,6.55,0,0,0,0,0,0,0,0,0.0,0.0,0,0,1,1,0,1,50.0,0,0,0,0.0,0,0,2,2,3,42.86,0,5,3,8,13.1,1,0,23,1,0,0,Samu Cortes,Granada,2025179,33779
8,3,18.75,60,11,61.11,99,81,180,70.59,29,55.77,23,32,0,0,0,0,42,1,3,3,0,13,30,0,0,5,9,69,0,0,,,14,0,0.0,0,0,0,7,4,3,0,0,,35,43.21,0,0,1,75,5,5,0,6,866,9,0,0,0,0,0,0.0,0,0,0,0,136,5,0,6.55,0,0,0,0,0,0,0,0,0.0,0.0,0,14,4,12,3,8,30.77,0,15,9,60.0,5,15,26,16,64,48.12,18,162,93,255,196.4,18,0,426,12,2,0,Víctor Mollejo,Burgos Club de Fútbol,930265,2854
7,0,0.0,79,3,50.0,120,44,164,80.39,25,45.45,30,19,2,0,0,0,36,0,3,14,1,8,19,0,0,13,3,79,0,1,,,27,0,2.7,0,1,3,18,15,3,1,0,,33,40.24,0,0,1,40,4,11,0,11,983,4,0,0,0,0,1,0.0,0,0,0,0,88,17,0,6.54,0,1,0,0,0,0,0,0,983.0,0.0,3,24,13,15,8,2,18.18,0,9,7,77.78,11,8,11,2,58,42.34,6,156,48,204,124.3,37,1,360,23,4,0,Alberto Mari,Mirandés,990232,35092
19,8,17.39,215,38,37.25,390,328,718,78.9,16,48.48,17,31,2,0,0,0,74,4,2,1,2,44,30,0,0,7,17,104,0,0,,,32,0,0.0,0,0,2,33,28,5,0,0,,71,44.94,0,0,0,192,22,21,0,20,1754,1,6,0,0,0,1,0.0,0,0,0,0,320,2,0,6.54,0,0,0,0,0,0,0,0,0.0,0.0,0,4,0,0,3,17,34.69,0,39,28,71.79,21,64,49,46,87,45.55,102,536,374,910,196.2,4,0,1417,15,5,0,Marcos Luna,Almería,1395903,2858
9,1,9.09,86,10,52.63,224,193,417,84.41,18,40.0,27,28,1,0,0,0,57,1,2,3,3,20,28,0,0,27,13,105,0,0,,,33,0,6.67,0,1,2,29,24,5,1,0,,60,43.48,0,0,0,77,16,10,1,18,1604,3,4,0,0,0,0,0.0,0,0,0,0,155,2,0,6.54,0,0,0,0,0,0,0,0,1604.0,0.0,0,11,4,9,3,13,61.9,0,28,20,71.43,10,16,21,11,78,42.62,19,284,210,494,183.1,15,1,738,19,4,0,Youssouf Diarra,Cádiz,1082976,4488
28,0,0.0,55,53,45.3,164,425,589,84.02,46,57.5,34,23,0,0,0,0,34,0,3,3,1,107,23,0,0,2,9,62,0,1,,,17,0,0.0,30,0,0,30,25,5,0,0,,28,50.0,0,0,0,112,20,0,0,21,1571,0,14,1,0,0,0,0.0,0,0,0,0,129,0,0,6.54,1,0,0,0,0,0,0,0,0.0,0.0,0,15,0,9,3,1,50.0,0,17,12,70.59,0,71,2,2,74,54.41,117,247,454,701,150.4,15,0,950,10,5,1,Aleksandar Radovanović,Real Zaragoza,823996,2815
3,8,30.77,24,2,33.33,41,18,59,74.68,2,40.0,3,15,2,0,0,0,11,1,2,1,0,2,13,0,0,4,4,22,0,0,,,7,0,0.0,0,0,2,10,10,0,0,0,,12,38.71,0,0,0,20,5,10,0,1,295,1,0,0,0,0,0,0.0,0,0,0,0,59,3,0,6.54,0,0,0,0,0,0,0,0,0.0,0.0,0,4,2,3,2,2,22.22,0,4,2,50.0,10,4,9,26,14,38.89,6,52,27,79,85.0,6,0,163,6,1,0,Josué Dorrio,Málaga CF,867780,2830
0,6,20.0,66,9,47.37,113,108,221,85.0,4,40.0,6,15,1,0,0,0,30,2,2,4,1,17,15,0,0,0,8,24,0,0,,,3,0,0.0,0,0,1,13,12,1,0,0,,15,45.45,0,0,1,39,5,6,0,6,687,1,3,0,0,0,0,0.0,0,0,0,0,93,3,0,6.53,0,0,0,0,0,0,0,0,0.0,0.0,0,4,4,2,2,3,30.0,0,9,7,77.78,6,6,10,30,19,44.19,19,136,124,260,98.0,8,0,430,4,0,0,Daniel Sánchez,Málaga CF,966681,2830
1,0,0.0,5,1,100.0,9,4,13,68.42,4,57.14,3,7,0,0,0,0,1,1,1,1,0,0,6,0,0,0,1,6,0,0,,,1,0,0.0,0,0,0,0,0,0,0,0,,3,50.0,0,0,1,6,0,1,0,0,63,1,0,0,0,0,0,0.0,0,0,0,0,10,0,0,6.53,0,0,0,0,0,0,0,0,0.0,0.0,0,3,0,1,1,1,50.0,0,2,1,50.0,1,3,2,0,7,53.85,1,15,4,19,39.2,3,0,34,0,0,0,Jakes Gorosabel,Real Sociedad B,1918355,24360
0,1,33.33,15,2,66.67,30,18,48,88.89,2,25.0,6,10,0,0,0,0,8,0,0,0,0,2,9,0,0,1,3,18,0,0,,,4,0,0.0,0,0,0,2,2,0,0,0,,7,36.84,0,0,0,6,3,1,0,2,191,0,0,0,0,0,0,0.0,0,0,0,0,17,0,0,6.53,0,0,0,0,0,0,0,0,0.0,0.0,0,0,1,0,1,3,42.86,0,2,1,50.0,1,2,7,3,9,33.33,3,34,20,54,58.8,1,0,87,2,1,0,Mario Cantero,Burgos Club de Fútbol,1531155,2854
6,0,0.0,28,4,100.0,48,24,72,81.82,4,40.0,6,15,0,0,0,0,10,0,2,0,0,1,12,0,0,0,2,13,0,0,,,4,0,0.0,0,0,0,4,3,1,0,0,,7,50.0,0,0,1,16,1,3,0,1,212,2,1,0,0,0,0,0.0,0,0,0,0,28,1,0,6.53,0,0,0,0,0,0,0,0,0.0,0.0,0,4,1,3,2,3,75.0,0,2,1,50.0,3,7,4,1,11,45.83,4,62,26,88,78.4,5,0,125,2,1,0,Cristian Herrera,Deportivo de A Coruña,362032,2832
3,1,14.29,35,2,28.57,57,31,88,67.69,32,37.21,54,27,0,0,0,0,22,2,3,6,0,18,25,0,0,8,5,90,0,1,,,17,0,16.67,0,4,4,10,9,1,4,0,,17,32.08,1,0,0,42,2,6,3,6,870,2,1,0,0,0,1,0.0,0,0,0,1,102,7,0,6.53,0,0,0,0,0,0,0,0,217.5,0.0,0,22,2,8,10,1,12.5,0,4,2,50.0,6,3,8,7,49,35.25,7,91,39,130,163.3,24,0,282,13,4,0,Samuel Obeng,Albacete Balompié,950142,2848
12,1,50.0,40,41,57.75,202,458,660,89.43,19,52.78,17,16,0,0,0,0,43,0,0,0,1,43,16,0,0,2,5,37,0,1,,,14,0,0.0,4,0,0,28,26,2,0,0,,27,57.45,0,0,0,78,10,1,0,14,1257,1,8,0,0,0,0,0.0,0,0,0,0,95,0,0,6.53,0,0,0,0,0,0,0,0,0.0,0.0,0,1,1,2,0,1,100.0,0,19,10,52.63,1,25,1,2,46,55.42,71,255,483,738,104.5,2,0,882,7,5,0,Ramón Martínez,Real Valladolid,1090681,2831
4,2,14.29,42,1,25.0,63,26,89,68.99,7,43.75,9,18,1,0,0,0,15,2,5,2,0,5,18,0,1,9,8,56,0,0,,,21,0,13.33,0,2,3,10,9,1,2,0,,25,34.72,0,0,1,40,2,7,0,1,469,8,2,0,0,0,0,0.0,0,0,0,0,90,5,0,6.53,1,2,0,0,0,0,0,0,234.5,0.0,0,14,1,7,6,6,37.5,0,13,6,46.15,7,7,16,14,32,36.36,4,96,33,129,117.5,15,0,250,7,3,0,Diego Percan,Córdoba,1120497,2850
16,0,0.0,89,23,57.5,179,99,278,63.04,40,34.19,77,40,1,0,0,0,73,4,3,16,0,13,38,0,0,30,19,221,0,1,,,72,0,6.98,0,3,4,25,21,4,3,0,,97,40.25,1,0,2,163,4,19,2,20,1824,12,5,0,0,1,0,100.0,0,1,0,1,325,13,0,6.53,0,0,0,0,0,0,0,0,608.0,0.0,1,25,18,19,8,21,41.18,0,25,16,64.0,19,44,51,17,137,38.27,40,312,129,441,248.0,43,0,841,51,8,0,Arkaitz Mariezkurrena,Real Sociedad B,1526575,24360
4,0,0.0,8,5,22.73,20,63,83,74.11,3,50.0,3,4,0,0,0,0,11,0,0,1,0,13,4,0,0,0,0,5,0,0,,,1,0,0.0,0,0,0,4,4,0,0,0,,5,71.43,0,0,0,29,1,0,0,3,247,0,1,0,0,0,0,0.0,0,0,0,0,32,0,0,6.53,0,0,0,0,0,0,0,0,0.0,0.0,0,1,0,0,0,1,50.0,0,3,1,33.33,0,10,2,0,8,61.54,22,40,72,112,26.1,1,0,146,1,1,0,Hugo Perez,Huesca,1086193,24265
16,1,33.33,84,28,45.16,203,297,500,82.64,16,32.0,34,21,2,0,0,0,79,3,4,5,1,32,21,0,0,13,17,109,0,1,,,32,0,0.0,0,0,2,24,21,3,0,0,,53,41.41,0,0,0,105,13,15,0,21,1639,1,8,0,0,0,1,0.0,0,0,0,0,172,1,0,6.52,0,0,0,0,0,0,0,0,0.0,0.0,0,11,2,4,4,8,36.36,0,35,19,54.29,15,29,22,3,69,38.76,62,268,337,605,137.0,13,0,859,10,7,0,Ibai Aguirre,Real Sociedad B,1545061,24360
11,5,23.81,48,12,44.44,101,99,200,83.33,13,59.09,9,14,0,0,0,0,32,0,1,1,0,16,13,0,0,5,7,31,0,1,,,10,0,0.0,0,0,0,12,11,1,0,0,,19,46.34,0,0,0,40,7,5,0,9,696,2,3,0,1,0,0,0.0,0,0,0,0,81,1,0,6.52,0,0,0,0,0,0,0,0,0.0,0.0,0,10,3,5,7,3,100.0,0,9,5,55.56,4,18,3,21,32,50.79,27,124,116,240,84.8,13,0,376,7,2,0,Homam Al-Amin,Cultural Leonesa,933433,2868
12,6,16.22,65,19,39.58,143,107,250,76.69,8,47.06,9,18,1,0,0,0,42,0,0,2,1,17,18,0,0,4,14,52,0,3,,,17,0,0.0,0,0,1,16,15,1,0,0,,30,41.1,0,0,0,76,14,8,0,9,860,1,2,0,0,0,0,0.0,0,0,0,0,154,3,0,6.52,0,0,0,0,0,0,0,0,0.0,0.0,1,1,3,1,1,4,30.77,0,21,11,52.38,8,26,13,37,38,42.22,48,190,136,326,117.4,4,0,543,5,5,0,Jordi Martín,Huesca,1010513,24265
1,0,0.0,11,0,0.0,15,2,17,73.91,0,0.0,0,6,0,0,0,0,2,0,0,1,0,0,5,0,0,3,0,7,0,0,,,1,0,0.0,0,0,0,0,0,0,0,0,,5,41.67,0,0,0,6,0,0,0,0,75,0,0,0,0,0,0,0.0,0,0,0,0,24,0,0,6.52,0,0,0,0,0,0,0,0,0.0,0.0,0,2,1,2,0,2,40.0,0,1,0,0.0,0,1,5,6,5,41.67,0,20,3,23,32.6,3,0,54,2,0,0,Marko Perović,Almería,1423518,2858
1,0,0.0,38,7,43.75,80,61,141,81.98,6,75.0,2,10,0,0,0,0,11,0,0,1,0,7,10,0,0,8,5,24,0,0,,,7,0,0.0,0,0,0,8,7,1,0,0,,7,24.14,0,0,1,31,4,3,0,2,382,1,2,0,0,0,0,0.0,0,0,0,0,48,1,0,6.52,0,0,0,0,0,0,0,0,0.0,0.0,0,2,1,1,1,2,50.0,0,3,2,66.67,3,3,4,0,13,35.14,16,99,73,172,65.2,3,0,223,2,2,0,Sergio Martinez,Real Racing Club,2197894,2835
7,2,12.5,87,6,42.86,160,90,250,76.45,30,38.96,47,28,2,0,0,1,42,3,3,4,1,17,27,0,0,26,10,144,0,1,,,38,0,4.76,0,1,3,21,19,2,1,0,,59,37.82,0,0,0,77,2,12,0,16,1440,5,1,0,0,1,0,0.0,0,0,0,1,198,9,0,6.52,0,1,0,0,0,0,0,0,1440.0,0.0,0,19,2,12,5,15,39.47,0,14,10,71.43,12,15,38,16,89,38.2,14,216,111,327,176.0,21,0,610,30,2,0,Rubén Sobrino,Cultural Leonesa,329563,2868
0,0,0.0,14,0,0.0,21,11,32,72.73,5,23.81,16,12,0,0,0,0,10,0,0,3,0,3,12,0,0,3,0,31,0,0,,,9,0,25.0,0,2,2,6,5,1,2,0,,10,40.0,1,0,0,12,0,2,0,2,331,4,0,0,0,0,0,0.0,0,0,0,0,32,1,0,6.52,0,1,0,0,0,0,0,0,165.5,0.0,0,8,0,2,3,1,25.0,0,1,1,100.0,2,2,4,1,15,32.61,1,32,12,44,78.2,8,0,92,8,0,0,Samuel Ntamack Ndimba,Huesca,1129368,24265
4,6,26.09,57,4,80.0,91,40,131,80.86,4,66.67,2,14,1,0,0,0,28,1,3,4,0,1,13,0,0,8,5,39,0,0,,,11,0,0.0,0,0,1,6,5,1,0,0,,29,43.94,0,0,0,31,2,5,0,5,508,2,0,0,0,0,0,0.0,0,0,0,0,93,7,0,6.52,0,0,0,0,0,0,0,0,0.0,0.0,0,9,5,5,5,10,41.67,0,14,10,71.43,5,7,24,23,33,45.83,5,119,43,162,84.7,14,0,294,5,1,0,Xeber Alkain,Eibar,1010409,2839
2,1,7.14,52,3,100.0,94,38,132,77.19,10,40.0,15,22,1,0,0,0,34,1,3,4,0,7,22,0,0,8,11,56,0,0,,,12,0,0.0,0,0,1,10,10,0,0,0,,38,48.1,0,0,0,39,5,3,0,5,583,5,2,0,0,0,1,0.0,0,0,0,0,94,5,0,6.51,0,0,0,0,0,0,0,0,0.0,0.0,0,7,3,5,1,4,28.57,0,25,20,80.0,3,4,14,14,48,46.15,3,127,44,171,143.3,10,0,320,9,4,0,Dani Queipo,Sporting Gijón,1160061,2852
3,0,0.0,28,3,33.33,67,44,111,76.03,10,32.26,21,18,0,0,0,0,19,1,0,1,0,9,17,0,0,9,5,51,0,0,,,9,0,0.0,0,0,0,10,8,2,0,0,,29,49.15,0,0,0,35,3,2,0,5,521,0,1,0,0,0,0,0.0,0,0,0,0,74,3,0,6.51,0,0,0,0,0,0,0,0,0.0,0.0,1,1,4,3,1,3,30.0,0,12,7,58.33,2,9,10,5,39,43.33,9,89,57,146,110.7,5,0,252,14,1,0,Aarón Martín,Mirandés,1869133,35092
17,15,28.85,108,31,45.59,210,209,419,84.31,4,17.39,19,22,1,0,0,0,40,1,1,3,3,35,21,0,0,6,3,52,0,0,,,20,0,0.0,0,0,1,21,20,1,0,0,,37,52.86,0,0,0,78,16,13,0,10,1134,2,4,0,0,0,0,0.0,0,0,0,0,149,2,0,6.51,0,0,0,0,0,0,0,0,0.0,0.0,0,5,6,5,3,5,45.45,0,18,12,66.67,13,40,11,52,41,44.09,68,262,235,497,136.7,11,0,791,14,3,0,Álex Centelles,Almería,964174,2858
8,6,13.64,83,12,66.67,134,84,218,79.56,9,32.14,19,24,4,0,0,0,56,3,1,7,0,8,24,0,0,20,11,96,0,0,,,24,0,13.33,0,2,6,23,19,4,1,1,,48,38.4,0,0,1,56,6,17,0,15,1273,2,1,1,0,0,0,0.0,0,0,0,0,185,6,0,6.51,0,2,0,0,0,0,0,0,636.5,0.0,0,11,4,3,5,16,39.02,0,14,4,28.57,17,19,41,44,57,37.25,18,177,97,274,156.2,15,0,550,18,3,0,Rafa Tresaco,Cultural Leonesa,987423,2868
10,1,10.0,77,8,57.14,132,74,206,70.79,50,42.37,68,38,1,0,0,0,21,3,12,6,1,14,38,0,0,18,7,135,0,0,,,32,0,9.52,0,4,5,18,16,2,4,0,,46,40.71,0,0,0,85,5,11,1,22,1814,12,2,1,0,2,0,100.0,0,2,0,0,197,10,0,6.51,0,3,0,0,0,0,0,0,453.5,0.0,0,37,5,21,15,2,16.67,0,11,8,72.73,11,13,12,10,96,41.56,14,194,97,291,247.3,42,0,570,34,4,0,Diego García,Leganés,1121475,2845
3,0,0.0,29,6,46.15,57,32,89,75.42,5,62.5,3,8,1,0,0,0,17,1,1,1,0,6,7,0,0,3,3,26,1,0,,,10,0,0.0,0,0,1,6,6,0,0,0,,16,41.03,0,0,1,29,8,4,0,4,322,0,1,0,0,0,0,0.0,0,0,0,0,59,1,0,6.5,0,0,0,0,0,0,0,0,0.0,0.0,0,4,1,4,0,2,22.22,0,9,5,55.56,4,11,9,7,21,44.68,13,74,44,118,45.5,5,0,225,5,1,0,Daniel Bernabeu,Albacete Balompié,2142442,2848
0,0,0.0,0,0,0.0,1,0,1,25.0,0,0.0,1,1,0,0,0,0,0,0,0,0,0,0,1,0,0,0,0,2,0,0,,,0,0,0.0,0,0,0,0,0,0,0,0,,1,50.0,0,0,0,3,0,0,0,0,8,0,0,0,0,0,0,0.0,0,0,0,0,4,0,0,6.5,0,0,0,0,0,0,0,0,0.0,0.0,0,0,0,0,0,0,0.0,0,1,0,0.0,0,0,1,0,1,33.33,0,4,0,4,6.5,0,0,6,0,0,0,Willy Chatiliez,Huesca,1979785,24265
0,0,0.0,1,0,0.0,1,0,1,100.0,0,0.0,0,1,0,0,0,0,0,0,0,0,0,0,1,0,0,0,0,1,0,0,,,1,0,0.0,0,0,0,1,1,0,0,0,,0,0.0,0,0,0,0,0,0,0,0,16,0,0,0,0,0,0,0.0,0,0,0,0,0,0,0,6.5,0,0,0,0,0,0,0,0,0.0,0.0,0,0,0,0,0,0,0.0,0,0,0,0.0,0,0,0,0,0,0.0,0,1,0,1,6.5,0,0,2,0,0,0,Houssam Kounia Ait Tamlihat,Almería,1546226,2858
0,0,0.0,0,0,0.0,0,8,8,88.89,0,0.0,0,1,0,0,0,0,0,0,0,0,0,0,1,0,0,0,0,2,0,0,,,2,0,0.0,0,0,0,0,0,0,0,0,,0,0.0,0,0,0,1,0,0,0,0,17,0,0,0,0,0,0,0.0,0,0,0,0,1,0,0,6.5,0,0,0,0,0,0,0,0,0.0,0.0,0,0,0,0,0,0,0.0,0,0,0,0.0,0,0,0,0,0,0.0,0,1,8,9,6.5,0,0,9,0,0,0,Dominique Moubeke,Granada,1978871,33779
1,0,0.0,0,0,0.0,1,10,11,78.57,0,0.0,1,1,0,0,0,0,1,0,0,0,0,1,1,0,0,0,0,1,0,0,,,0,0,0.0,0,0,0,0,0,0,0,0,,0,0.0,0,0,0,3,0,0,0,0,14,0,0,0,0,0,0,0.0,0,0,0,0,3,0,0,6.5,0,0,0,0,0,0,0,0,0.0,0.0,0,0,0,0,0,0,0.0,0,0,0,0.0,0,2,0,0,0,0.0,2,4,10,14,6.5,0,0,15,0,0,0,Nico Toca,Cultural Leonesa,1526614,2868
0,0,0.0,1,0,0.0,2,0,2,66.67,0,0.0,0,1,0,0,0,0,1,0,0,0,0,0,1,0,0,0,0,0,0,0,,,0,0,0.0,0,0,0,1,1,0,0,0,,0,0.0,0,0,0,1,0,1,0,0,8,0,0,0,0,0,0,0.0,0,0,0,0,2,0,0,6.5,0,0,0,0,0,0,0,0,0.0,0.0,0,0,0,0,0,0,0.0,0,0,0,0.0,1,0,0,0,0,0.0,0,2,1,3,6.5,0,0,6,0,0,0,Javier Antras Santos,Córdoba,2269868,2850
0,0,0.0,1,0,0.0,2,1,3,75.0,0,0.0,0,1,0,0,0,0,0,0,0,0,0,0,1,0,0,1,0,2,0,0,,,0,0,0.0,0,0,0,0,0,0,0,0,,1,33.33,0,0,0,1,0,0,0,0,22,0,0,0,0,0,0,0.0,0,0,0,0,3,0,0,6.5,0,0,0,0,0,0,0,0,0.0,0.0,0,0,0,0,0,1,50.0,0,0,0,0.0,0,0,2,0,1,33.33,0,2,2,4,6.5,0,0,9,0,0,0,Nicolas Riestra Coalla,Sporting Gijón,2279731,2852
1,0,0.0,2,1,100.0,4,4,8,88.89,1,16.67,5,2,0,0,0,0,3,0,0,0,0,0,1,0,0,1,1,8,0,0,,,0,0,0.0,0,0,0,3,2,1,0,0,,4,57.14,0,0,0,1,0,0,0,1,91,0,0,0,0,0,0,0.0,0,0,0,0,3,0,0,6.5,0,0,0,0,0,0,0,0,0.0,0.0,0,1,0,1,0,0,0.0,0,3,2,66.67,0,1,1,0,5,38.46,1,4,5,9,6.5,1,0,20,1,0,0,Shon Weissman,Granada,790817,33779
0,0,0.0,1,0,0.0,1,1,2,33.33,0,0.0,0,2,0,0,0,0,2,0,0,0,0,0,1,0,0,0,0,1,0,0,,,1,0,0.0,0,0,0,0,0,0,0,0,,0,0.0,0,0,0,4,0,0,0,0,13,0,0,0,0,0,0,0.0,0,0,0,0,6,0,0,6.5,0,0,0,0,0,0,0,0,0.0,0.0,0,0,0,0,0,0,0.0,0,0,0,0.0,0,1,0,0,0,0.0,0,4,2,6,6.5,0,0,8,0,0,0,Adri Ruega,AD Ceuta,1972944,2869
1,0,0.0,2,1,20.0,10,28,38,82.61,2,66.67,1,3,0,0,0,0,4,0,0,0,0,2,3,0,0,0,3,5,0,0,,,1,0,0.0,1,0,0,1,1,0,0,0,,3,42.86,0,0,0,8,1,0,0,1,72,0,1,0,0,0,1,0.0,0,0,0,0,9,0,0,6.5,0,0,0,0,0,0,0,0,0.0,0.0,0,0,0,0,0,1,100.0,0,1,0,0.0,0,3,1,0,5,50.0,5,14,32,46,19.5,0,0,55,1,1,0,Antal Yaakobishvili,FC Andorra,1471513,324871
0,0,0.0,6,1,100.0,8,5,13,81.25,0,0.0,4,4,0,0,0,0,1,0,0,1,0,0,4,0,0,1,0,6,0,0,,,1,0,0.0,0,0,0,2,2,0,0,0,,1,33.33,0,0,0,3,1,0,0,1,83,1,0,0,0,0,0,0.0,0,0,0,0,7,0,0,6.5,0,0,0,0,0,0,0,0,0.0,0.0,0,0,1,0,0,0,0.0,0,0,0,0.0,0,1,0,2,1,14.29,1,11,5,16,26.0,1,0,25,1,0,0,Manu Vallejo,AD Ceuta,828969,2869
5,6,35.29,35,3,33.33,49,18,67,67.68,2,50.0,2,7,0,0,0,0,13,3,1,2,0,3,7,0,0,5,3,17,1,0,,,5,0,0.0,0,0,0,12,12,0,0,0,,14,48.28,0,0,0,32,5,12,0,4,417,5,0,0,0,0,0,0.0,0,0,0,0,69,1,0,6.5,0,0,0,0,0,0,0,0,0.0,0.0,0,2,2,0,2,3,60.0,0,6,3,50.0,12,10,5,17,16,48.48,9,72,27,99,45.5,4,0,179,5,1,0,Ignacio Laquintana,Huesca,948004,24265
12,0,0.0,31,20,33.33,100,271,371,84.7,9,29.03,22,9,0,0,0,0,25,0,0,1,0,30,9,0,0,0,1,30,0,1,,,10,0,0.0,1,0,0,11,10,1,0,0,,12,60.0,0,0,0,67,4,2,0,7,659,0,5,0,0,0,1,0.0,0,0,0,0,72,0,0,6.5,0,0,0,0,0,0,0,0,0.0,0.0,0,0,2,0,1,1,100.0,0,3,3,100.0,2,33,1,0,21,41.18,60,137,301,438,58.5,2,0,508,8,1,0,Ángel Recio,Málaga CF,1123218,2830
1,0,0.0,36,1,33.33,58,31,89,82.41,7,58.33,5,17,0,0,0,0,13,1,0,4,0,1,17,0,0,9,2,33,0,0,,,10,0,0.0,0,0,0,9,8,1,0,0,,19,40.43,0,0,0,19,0,7,0,2,400,3,1,0,0,0,0,0.0,0,0,0,0,60,0,0,6.49,0,0,0,0,0,0,0,0,0.0,0.0,0,10,0,4,2,6,42.86,0,7,6,85.71,7,2,14,0,26,44.07,3,70,38,108,110.4,10,0,198,8,0,0,Iker Bravo,UD Las Palmas,1155571,6577
46,3,15.0,147,79,34.2,385,834,1219,80.25,38,53.52,33,35,0,0,0,0,121,1,2,4,9,166,33,0,0,3,16,81,2,2,,,26,0,0.0,44,0,0,46,42,4,0,0,,69,58.97,0,0,1,300,42,7,0,31,2861,1,11,0,0,0,2,0.0,0,0,0,0,349,2,0,6.49,0,0,0,0,0,0,0,0,0.0,0.0,0,13,2,7,4,4,57.14,0,52,26,50.0,7,123,7,20,107,56.91,231,590,929,1519,214.3,15,0,1983,14,2,0,Diego González,AD Ceuta,1010352,2869
6,3,17.65,92,7,33.33,145,62,207,74.73,9,47.37,10,16,0,0,0,0,33,1,0,6,0,5,16,0,0,14,14,76,0,1,,,16,0,9.09,0,2,2,19,18,1,2,0,,30,31.25,0,0,1,70,2,11,1,8,752,0,0,0,0,0,0,0.0,0,0,0,0,158,8,0,6.49,0,1,0,0,0,0,0,0,376.0,0.0,0,12,10,7,9,10,31.25,0,13,7,53.85,11,15,32,17,39,33.91,21,198,79,277,103.9,22,0,460,7,1,0,Víctor Moreno,Cultural Leonesa,1184319,2868
4,0,0.0,18,4,28.57,62,71,133,85.81,1,50.0,1,14,0,0,0,0,11,0,0,0,0,16,13,0,0,2,4,17,0,0,,,9,0,0.0,0,0,0,8,8,0,0,0,,9,36.0,0,0,0,22,11,1,0,3,371,0,1,0,0,0,0,0.0,0,0,0,0,27,0,0,6.49,0,0,0,0,0,0,0,0,0.0,0.0,0,1,1,1,1,0,0.0,0,8,4,50.0,1,8,1,0,10,37.04,14,77,78,155,84.4,2,0,211,1,3,0,Yayo González,Cultural Leonesa,1164997,2868
6,0,0.0,30,9,30.0,155,233,388,89.61,4,30.77,9,14,0,0,0,0,23,0,0,0,0,28,12,0,0,1,1,15,0,0,,,4,0,0.0,4,0,0,17,16,1,0,0,,19,76.0,0,0,0,45,6,1,0,8,706,0,2,0,0,0,0,0.0,0,0,0,0,54,0,0,6.49,0,0,0,0,0,0,0,0,0.0,0.0,0,0,0,0,0,2,100.0,0,7,4,57.14,1,14,2,1,23,60.53,30,189,244,433,77.9,0,0,515,10,1,0,Quique Fornos,Cultural Leonesa,350858,2868
2,1,16.67,32,3,100.0,48,23,71,80.68,2,16.67,10,11,1,0,0,0,21,1,1,5,0,2,11,0,0,6,5,49,0,0,,,9,0,0.0,0,0,1,9,6,3,0,0,,27,40.91,0,0,0,17,4,7,0,3,392,2,0,0,0,0,0,0.0,0,0,0,0,62,5,0,6.49,0,0,0,0,0,0,0,0,0.0,0.0,0,8,2,5,0,7,26.92,0,9,8,88.89,7,2,26,6,29,37.18,3,63,25,88,71.4,10,0,192,11,1,0,Pau Sans,Real Zaragoza,1469468,2815
0,0,0.0,21,1,33.33,41,28,69,87.34,2,33.33,4,7,0,0,0,0,12,0,1,0,0,2,7,0,0,6,1,16,0,0,,,2,0,0.0,0,0,0,3,2,1,0,0,,11,47.83,0,0,0,10,1,0,0,1,171,0,0,0,0,0,1,0.0,0,0,0,0,25,2,0,6.49,0,0,0,0,0,0,0,0,0.0,0.0,0,1,2,2,1,2,40.0,0,2,1,50.0,0,1,5,0,13,44.83,3,46,33,79,45.4,3,0,116,7,0,0,Lucas Terrer,Real Zaragoza,1804805,2815
0,0,0.0,7,1,100.0,22,14,36,76.6,4,40.0,6,11,0,0,0,0,5,0,0,1,0,1,8,0,0,2,2,16,0,0,,,6,0,25.0,0,1,1,5,5,0,1,0,,3,23.08,0,0,0,11,1,0,0,0,141,3,0,0,0,0,0,0.0,0,0,0,0,26,1,0,6.48,0,1,0,0,0,0,0,0,141.0,0.0,0,2,2,2,1,1,50.0,0,1,1,100.0,0,1,2,0,7,30.43,1,32,15,47,51.8,4,0,78,1,2,0,Jaime Mata,Real Racing Club,351140,2835
0,0,0.0,5,0,0.0,6,1,7,87.5,1,100.0,0,4,0,0,0,0,1,0,0,0,0,0,4,0,0,1,0,3,0,0,,,2,0,0.0,0,0,0,2,2,0,0,0,,2,40.0,0,0,0,1,0,0,0,0,55,2,0,0,0,0,0,0.0,0,0,0,0,7,0,0,6.48,0,0,0,0,0,0,0,0,0.0,0.0,0,0,0,0,0,0,0.0,0,0,0,0.0,0,0,0,2,3,50.0,0,7,1,8,25.9,0,0,16,2,0,0,Noah Ohio,Real Valladolid,1100456,2831
0,0,0.0,8,0,0.0,13,2,15,75.0,6,46.15,7,10,0,0,0,0,4,1,2,2,0,0,8,0,0,2,1,16,0,0,,,6,0,0.0,0,0,0,2,2,0,0,0,,4,30.77,0,0,0,5,0,1,0,0,155,1,0,0,0,0,0,0.0,0,0,0,0,17,2,0,6.48,0,0,0,0,0,0,0,0,0.0,0.0,0,6,1,4,1,0,0.0,0,0,0,0.0,1,1,0,0,10,38.46,0,17,3,20,51.8,7,0,48,4,1,0,Jordy Caicedo,Sporting Gijón,804770,2852
10,3,11.11,109,17,25.37,211,146,357,73.61,16,55.17,13,24,0,0,0,0,48,0,1,6,0,36,23,0,1,8,13,72,0,0,,,25,0,0.0,0,0,0,24,22,2,0,0,,65,52.42,0,0,2,128,24,4,0,14,1363,1,1,0,0,0,1,0.0,0,0,0,0,228,2,0,6.47,1,0,0,0,0,0,0,0,0.0,0.0,0,7,9,9,1,12,48.0,0,43,27,62.79,4,31,25,27,81,52.94,67,313,172,485,148.9,16,0,908,10,3,0,Juan Sebastian Serrano,Real Zaragoza,1001983,2815
2,0,0.0,14,0,0.0,21,12,33,73.33,7,38.89,11,7,0,0,0,0,7,0,4,1,0,5,7,0,0,5,1,28,0,0,,,10,0,0.0,0,0,0,6,5,1,0,0,,9,34.62,0,0,0,12,0,2,0,2,307,1,1,0,0,0,0,0.0,0,0,0,0,38,3,0,6.47,0,0,0,0,0,0,0,0,0.0,0.0,0,6,1,3,3,4,80.0,0,3,0,0.0,2,2,5,1,16,36.36,1,31,14,45,45.3,7,0,110,2,1,0,Siren Diao,Mirandés,1514893,35092
23,6,12.24,193,47,44.34,361,317,678,80.33,47,65.28,25,31,0,0,0,0,66,2,3,3,6,62,31,0,1,9,19,115,0,1,,,54,0,6.25,0,1,1,33,28,5,1,0,,63,41.18,0,0,1,166,16,4,0,29,2510,3,5,0,0,0,1,0.0,0,0,0,0,324,3,0,6.47,1,1,0,0,0,0,0,0,2510.0,0.0,0,12,4,7,6,4,26.67,0,50,33,66.0,4,48,15,49,110,48.89,106,476,368,844,200.5,16,0,1414,9,9,0,Carlos Albarrán,Córdoba,349878,2850
0,0,0.0,6,0,0.0,12,8,20,83.33,0,0.0,0,3,0,0,0,0,4,0,0,0,0,0,3,0,0,1,2,4,0,1,,,1,0,0.0,0,0,0,2,0,2,0,0,,1,20.0,0,0,0,4,0,0,0,0,47,1,0,0,0,0,0,0.0,0,0,0,0,5,0,0,6.47,0,0,0,0,0,0,0,0,0.0,0.0,0,0,0,0,0,0,0.0,0,1,1,100.0,0,0,0,0,1,20.0,0,16,8,24,19.4,0,0,30,0,1,0,Mario Jimenez Gambin,Granada,2216661,33779
14,16,22.22,100,17,47.22,175,152,327,77.3,17,34.69,32,30,3,0,0,0,71,8,1,2,1,42,29,0,0,15,23,125,0,0,,,32,0,0.0,0,0,3,39,36,3,0,0,,94,50.27,0,0,0,96,9,20,0,23,1923,4,6,0,0,0,0,0.0,0,0,0,0,254,5,0,6.47,0,0,0,0,0,0,0,0,0.0,0.0,0,7,2,2,5,18,43.9,0,57,36,63.16,20,22,41,72,111,47.03,36,236,187,423,187.5,9,0,914,19,5,0,Hugo Novoa,Mirandés,1001967,35092
15,1,9.09,73,18,41.86,142,157,299,84.7,11,64.71,6,16,1,0,0,0,29,1,0,0,0,18,16,0,1,4,9,41,0,0,,,15,0,0.0,0,0,1,12,9,3,0,0,,49,58.33,0,0,0,54,13,7,0,8,673,1,3,1,0,0,0,0.0,0,0,0,0,96,2,0,6.46,2,0,0,0,0,0,0,0,0.0,0.0,0,2,3,4,1,4,36.36,0,23,13,56.52,7,28,11,11,60,59.41,43,181,172,353,103.4,5,0,549,22,3,1,Álex Petxarroman,FC Andorra,914048,324871
2,1,20.0,28,3,75.0,44,13,57,75.0,2,40.0,3,8,0,0,0,0,11,0,1,2,0,2,8,0,0,6,3,25,0,0,,,2,0,0.0,0,0,0,4,3,1,0,0,,10,31.25,0,0,0,19,2,0,0,4,335,0,0,0,0,0,0,0.0,0,0,0,0,45,1,0,6.46,0,0,0,0,0,0,0,0,0.0,0.0,0,3,0,1,0,5,31.25,0,4,1,25.0,0,3,16,5,12,32.43,4,56,20,76,51.7,3,0,130,1,2,0,Nikola Čumić,Real Zaragoza,807576,2815
0,0,0.0,6,0,0.0,11,7,18,69.23,7,50.0,7,6,0,0,0,0,2,0,2,2,0,4,5,0,0,2,0,15,0,0,,,4,0,0.0,0,0,0,2,2,0,0,0,,2,20.0,0,0,0,8,0,3,0,0,103,2,0,0,0,0,0,0.0,0,0,0,0,16,0,0,6.46,0,0,0,0,0,0,0,0,0.0,0.0,0,2,2,1,1,0,0.0,0,0,0,0.0,3,0,2,0,9,37.5,0,19,7,26,32.3,4,0,46,2,1,0,Etienne Eto'o Pineda,Mirandés,1103233,35092
22,2,22.22,137,35,62.5,311,274,585,83.1,26,46.43,30,34,2,0,0,0,71,1,2,6,1,28,33,0,1,24,7,94,0,3,,,28,0,0.0,0,0,2,31,26,5,0,0,,59,47.97,0,0,1,119,9,12,0,20,1664,2,2,0,0,0,1,0.0,0,0,0,0,200,8,0,6.46,1,0,0,0,0,0,0,0,0.0,0.0,0,10,11,10,5,11,57.89,0,30,17,56.67,12,37,19,9,85,47.49,56,398,306,704,213.1,21,0,962,18,3,0,Selu Diallo,Cultural Leonesa,1522234,2868
4,2,22.22,44,10,47.62,93,107,200,83.68,10,52.63,9,16,0,0,0,0,33,0,0,2,1,18,16,0,0,6,6,40,0,1,,,13,0,0.0,0,0,0,15,13,2,0,0,,27,46.55,0,0,0,39,7,2,0,8,786,1,3,0,0,0,0,0.0,0,0,0,0,80,3,0,6.46,0,0,0,0,0,0,0,0,0.0,0.0,0,1,1,0,0,2,22.22,0,19,10,52.63,2,9,9,9,37,48.05,21,120,119,239,103.3,2,0,412,6,7,0,Sebastián Figueredo,Leganés,1177661,2845
2,2,22.22,13,2,22.22,16,10,26,48.15,5,71.43,2,11,1,0,0,0,13,1,0,2,0,1,11,0,1,3,3,18,0,0,,,7,0,25.0,0,1,2,11,9,2,1,0,,9,36.0,1,0,0,28,1,2,0,3,372,5,0,1,0,0,0,0.0,0,0,0,0,55,1,0,6.45,1,0,0,0,0,0,0,0,372.0,0.0,0,4,0,0,2,2,40.0,0,3,2,66.67,2,5,5,9,14,43.75,9,39,15,54,71.0,4,0,108,4,0,0,Lucas Sanseviero,Real Valladolid,1015281,2831
0,0,0.0,10,1,100.0,17,12,29,76.32,7,35.0,13,11,0,0,0,0,2,0,2,0,0,1,11,0,0,2,1,24,0,0,,,7,0,0.0,0,0,0,2,2,0,0,0,,6,35.29,0,0,1,9,0,2,0,1,191,2,0,0,0,0,0,0.0,0,0,0,1,21,0,0,6.45,0,0,0,0,0,0,0,0,0.0,0.0,0,6,2,6,2,0,0.0,0,3,0,0.0,2,1,2,0,13,35.14,1,24,14,38,71.0,8,0,75,3,0,0,Nick Markanich,CD Castellón,1172532,5067
2,0,0.0,2,3,75.0,9,26,35,94.59,1,100.0,0,2,0,0,0,0,3,0,0,0,0,3,2,0,0,0,0,0,0,0,,,0,0,0.0,0,0,0,2,2,0,0,0,,1,100.0,0,0,0,2,1,0,0,1,59,0,0,0,0,0,0,0.0,0,0,0,0,2,0,0,6.45,0,0,0,0,0,0,0,0,0.0,0.0,0,2,0,1,1,0,0.0,0,1,0,0.0,0,3,0,0,2,100.0,4,10,27,37,12.9,2,0,45,0,0,0,Javi Sánchez,Real Valladolid,943713,2831
1,0,0.0,0,0,0.0,1,3,4,66.67,0,0.0,1,2,0,0,0,0,0,0,0,0,0,0,2,0,0,0,0,2,0,0,,,1,0,0.0,0,0,0,0,0,0,0,0,,0,0.0,0,0,0,2,0,1,0,0,24,0,0,0,0,0,0,0.0,0,0,0,0,2,0,0,6.45,0,0,0,0,0,0,0,0,0.0,0.0,0,0,0,0,0,0,0.0,0,0,0,0.0,1,1,0,0,0,0.0,0,2,4,6,12.9,0,0,8,0,1,0,Mario Dominguez,Real Valladolid,2269439,2831
0,1,50.0,3,0,0.0,4,2,6,75.0,0,0.0,1,2,0,0,0,0,0,0,0,1,0,1,2,0,0,0,0,5,0,0,,,2,0,0.0,0,0,0,1,1,0,0,0,,2,33.33,0,0,0,2,0,1,0,0,19,0,0,0,0,0,0,0.0,0,0,0,0,6,0,0,6.45,0,0,0,0,0,0,0,0,0.0,0.0,0,1,0,0,0,0,0.0,0,1,1,100.0,1,0,2,2,2,28.57,1,5,3,8,12.9,1,0,18,1,0,0,Enol Prendes,Sporting Gijón,2203490,2852
0,1,16.67,18,0,0.0,30,6,36,80.0,2,33.33,4,5,0,0,0,0,6,0,0,0,0,0,4,0,0,2,1,14,0,0,,,2,0,0.0,0,0,0,3,3,0,0,0,,5,33.33,0,0,0,9,0,0,0,1,119,1,0,0,0,0,0,0.0,0,0,0,0,24,1,0,6.45,0,0,0,0,0,0,0,0,0.0,0.0,0,1,1,1,1,2,28.57,0,2,2,100.0,0,0,7,6,7,33.33,0,38,7,45,25.8,2,0,76,1,1,0,Oscar Cortés,Sporting Gijón,1173564,2852
1,0,0.0,7,1,50.0,11,5,16,66.67,2,33.33,4,5,0,0,0,0,3,0,0,0,0,0,4,0,0,0,4,10,0,0,,,2,0,0.0,0,0,0,1,0,1,0,0,,4,40.0,0,0,0,8,0,0,0,0,69,1,0,0,0,0,0,0.0,0,0,0,0,20,0,0,6.45,0,0,0,0,0,0,0,0,0.0,0.0,0,0,1,1,0,1,100.0,0,2,0,0.0,0,2,1,7,6,37.5,2,15,9,24,25.8,1,0,43,1,0,0,Dario Ramirez,Real Sociedad B,1546390,24360
1,0,0.0,16,0,0.0,31,12,43,74.14,3,50.0,3,8,0,0,0,0,5,0,1,2,0,0,8,0,0,0,2,10,0,0,,,4,0,0.0,0,0,0,6,3,3,0,0,,7,50.0,0,0,0,15,0,1,0,2,217,2,0,0,0,0,0,0.0,0,0,0,0,26,2,0,6.45,0,0,0,0,0,0,0,0,0.0,0.0,0,1,4,1,2,0,0.0,0,3,0,0.0,1,2,1,3,10,50.0,2,43,15,58,51.6,5,0,84,4,2,0,Jeronimo Domina,Cádiz,1200744,4488
2,3,60.0,17,4,26.67,41,33,74,60.66,6,75.0,2,9,0,0,0,0,20,0,1,1,0,16,8,0,0,1,1,10,0,0,,,5,0,0.0,0,0,0,12,12,0,0,0,,17,68.0,0,0,0,48,7,3,0,2,347,2,0,0,0,0,0,0.0,0,0,0,0,65,1,0,6.45,0,0,0,0,0,0,0,0,0.0,0.0,0,1,2,2,0,4,80.0,0,10,8,80.0,3,10,5,5,23,69.7,15,68,54,122,51.6,3,0,227,4,2,0,Jokin Gabilondo,Málaga CF,1012407,2830
0,0,0.0,10,2,40.0,15,7,22,55.0,7,26.92,19,10,0,0,0,0,6,0,2,3,0,2,10,0,0,0,0,26,0,0,,,6,0,0.0,0,0,0,9,9,0,0,0,,9,56.25,0,0,0,18,1,3,0,4,318,4,0,0,0,0,0,0.0,0,0,0,0,31,2,0,6.45,0,0,0,0,0,0,0,0,0.0,0.0,0,4,0,1,0,1,33.33,0,6,5,83.33,3,0,3,1,16,38.1,5,30,10,40,64.5,4,0,81,2,0,0,Vegard Erlien,Real Valladolid,858230,2831
4,5,16.13,50,3,10.71,104,103,207,78.71,4,30.77,9,14,0,0,0,0,34,2,0,0,2,17,13,0,0,2,9,37,0,0,,,5,0,0.0,0,0,0,13,11,2,0,0,,36,56.25,0,0,0,56,12,6,0,8,760,1,1,0,0,0,0,0.0,0,0,0,0,133,2,0,6.45,0,0,0,0,0,0,0,0,0.0,0.0,0,3,0,3,0,10,45.45,0,23,11,47.83,6,11,22,31,40,51.95,28,136,127,263,83.8,3,0,500,3,1,0,Raúl Pereira,Cádiz,1531213,4488
6,8,14.29,47,13,48.15,107,167,274,84.83,6,35.29,11,16,1,0,0,0,29,3,1,2,0,18,16,0,1,4,3,29,0,1,,,11,0,0.0,0,0,1,18,16,2,0,0,,34,65.38,0,0,0,49,6,10,0,9,873,1,2,0,0,0,1,0.0,0,0,0,0,131,1,0,6.44,2,0,0,0,0,0,0,0,0.0,0.0,1,5,3,3,3,7,77.78,0,16,8,50.0,10,11,9,56,40,57.97,27,139,184,323,103.1,8,0,563,11,3,1,Clément Michelin,Real Valladolid,836678,2831
10,2,18.18,37,12,37.5,70,75,145,73.23,6,46.15,7,16,0,0,0,0,21,2,0,0,0,11,16,0,1,4,6,36,0,0,,,16,0,0.0,0,0,0,12,10,2,0,0,,16,35.56,0,0,0,53,13,3,0,8,663,0,3,0,0,0,0,0.0,0,0,0,0,96,1,0,6.44,1,0,0,0,0,0,0,0,0.0,0.0,0,1,1,1,1,1,25.0,0,9,6,66.67,3,24,4,11,22,37.93,32,105,93,198,103.1,2,0,340,7,3,0,Kevin Vázquez,Sporting Gijón,795257,2852
0,0,0.0,16,0,0.0,18,4,22,78.57,2,33.33,4,11,0,0,0,0,2,0,1,2,0,1,10,0,0,1,0,6,0,0,,,0,0,0.0,0,0,0,1,1,0,0,0,,5,71.43,0,0,0,6,0,3,0,0,154,0,0,0,0,0,0,0.0,0,0,0,0,11,1,0,6.44,0,0,0,0,0,0,0,0,0.0,0.0,0,5,0,3,0,1,50.0,0,2,1,50.0,3,0,2,0,7,53.85,0,24,4,28,64.4,5,0,46,2,0,0,Nikolay Obolskiy,Córdoba,793949,2850
4,2,20.0,51,5,62.5,98,48,146,78.92,1,50.0,1,15,2,0,0,0,25,1,3,4,0,4,15,0,0,6,7,27,1,1,,,4,0,0.0,0,0,2,11,9,2,0,0,,17,39.53,0,0,0,39,8,6,0,7,596,1,0,0,0,0,0,0.0,0,0,0,0,87,2,0,6.43,0,0,0,0,0,0,0,0,0.0,0.0,0,5,6,4,3,8,47.06,0,6,2,33.33,6,13,17,10,18,40.0,8,132,53,185,96.5,11,0,297,3,1,0,Hugo Pinilla,Real Zaragoza,2165565,2815
4,0,0.0,5,6,54.55,13,18,31,79.49,1,50.0,1,3,0,0,0,0,6,0,0,0,0,13,3,0,0,0,0,1,0,0,,,0,0,0.0,2,0,0,4,4,0,0,0,,3,100.0,0,0,0,8,2,0,0,2,153,0,2,0,0,0,0,0.0,0,0,0,0,9,0,0,6.43,0,0,0,0,0,0,0,0,0.0,0.0,0,0,0,0,0,0,0.0,0,2,2,100.0,0,5,0,0,4,80.0,11,18,21,39,19.3,0,0,64,1,0,0,Pedro Cedillo,Almería,2058130,2858
1,0,0.0,2,0,0.0,3,1,4,44.44,1,50.0,1,5,0,0,0,0,2,0,0,0,0,1,3,0,0,1,0,3,0,0,,,0,0,0.0,0,0,0,0,0,0,0,0,,1,33.33,0,0,0,5,0,1,0,0,46,0,0,0,0,0,0,0.0,0,0,0,0,13,0,0,6.43,0,0,0,0,0,0,0,0,0.0,0.0,0,1,0,1,0,0,0.0,0,1,1,100.0,1,1,1,1,2,40.0,1,7,2,9,19.3,1,0,23,0,0,0,Xavi Moreno,Real Valladolid,1153345,2831
0,1,100.0,7,0,0.0,14,12,26,89.66,2,40.0,3,6,0,0,0,0,7,0,1,2,0,0,6,0,0,1,3,12,0,0,,,3,0,0.0,0,0,0,6,5,1,0,0,,7,43.75,0,0,0,3,0,1,0,0,142,1,0,0,0,0,0,0.0,0,0,0,0,17,1,0,6.43,0,0,0,0,0,0,0,0,0.0,0.0,0,4,0,2,0,2,50.0,0,2,1,50.0,1,0,4,1,9,42.86,0,17,12,29,38.6,4,0,60,3,2,0,‪Ignacio Schor,AD Ceuta,1092305,2869
1,0,0.0,15,1,100.0,19,10,29,69.05,1,50.0,1,7,0,0,0,0,9,0,2,1,0,1,7,0,0,1,1,11,0,0,,,3,0,0.0,0,0,0,4,4,0,0,0,,10,50.0,0,0,0,13,2,3,0,3,210,1,0,0,0,0,0,0.0,0,0,0,0,24,1,0,6.43,0,0,0,0,0,0,0,0,0.0,0.0,0,4,0,2,1,4,44.44,0,4,2,50.0,3,2,9,0,11,50.0,1,31,11,42,45.0,4,0,75,2,0,0,Diego Sia,Mirandés,1428531,35092
3,2,20.0,21,7,29.17,46,78,124,70.86,4,50.0,4,12,0,0,0,0,19,0,1,0,0,11,11,0,0,3,5,17,0,1,,,3,0,0.0,0,0,0,11,10,1,0,0,,18,58.06,0,0,1,51,7,2,0,6,531,0,3,0,0,0,0,0.0,0,0,0,0,74,0,0,6.43,0,0,0,0,0,0,0,0,0.0,0.0,0,4,2,6,0,1,33.33,0,11,5,45.45,2,8,3,10,22,56.41,24,77,98,175,70.7,6,0,301,6,1,0,Gonzalo Almenara,AD Ceuta,914798,2869
3,0,0.0,15,1,50.0,29,9,38,66.67,17,50.0,17,16,1,0,0,0,6,0,3,1,0,2,15,0,0,2,3,35,0,0,,,14,0,0.0,0,0,1,4,3,1,0,0,,9,33.33,0,0,0,19,0,3,0,2,335,6,1,0,0,0,0,0.0,0,0,0,0,37,0,0,6.42,0,0,0,0,0,0,0,0,0.0,0.0,0,6,0,4,1,0,0.0,0,4,1,25.0,3,4,1,1,26,42.62,2,46,11,57,96.3,6,0,106,5,3,0,Mohamed Bouldini,Granada,942111,33779
0,0,0.0,2,0,0.0,3,0,3,50.0,4,44.44,5,5,0,0,0,0,0,0,0,1,0,0,5,0,0,3,0,10,0,0,,,2,0,0.0,0,0,0,1,1,0,0,0,,0,0.0,0,0,0,3,0,0,0,0,57,0,0,0,0,0,0,0.0,0,0,0,0,9,0,0,6.42,0,0,0,0,0,0,0,0,0.0,0.0,0,2,0,0,1,0,0.0,0,0,0,0.0,0,0,0,0,4,28.57,0,5,1,6,32.1,2,0,16,0,0,0,Julen Martinez,Mirandés,2206455,35092
12,5,13.51,105,17,26.15,220,154,374,76.8,6,42.86,8,21,1,0,0,0,32,3,1,4,1,34,20,0,1,3,9,40,0,0,,,15,0,0.0,0,0,1,25,22,3,0,0,,47,59.49,0,0,0,113,16,9,0,13,1236,1,6,0,0,0,1,0.0,0,0,0,0,210,2,0,6.42,1,0,0,0,0,0,0,0,0.0,0.0,0,5,4,2,3,8,53.33,0,26,16,61.54,9,24,15,37,53,56.99,65,300,187,487,128.3,9,0,838,13,2,0,Mario Garcia,Real Racing Club,1466657,2835
0,0,0.0,10,0,0.0,13,7,20,55.56,11,44.0,14,7,0,0,0,0,4,0,1,1,1,1,7,0,0,4,2,30,0,0,,,9,0,16.67,0,1,1,2,2,0,1,0,,6,27.27,0,0,0,16,0,1,0,2,277,3,0,0,0,0,0,0.0,0,0,0,0,35,1,0,6.41,0,1,0,0,0,0,0,0,277.0,0.0,0,6,0,3,2,0,0.0,0,1,1,100.0,1,1,1,1,17,36.17,0,26,10,36,44.9,6,0,80,6,0,0,Jorge Delgado,Real Valladolid,1100519,2831
1,1,100.0,5,0,0.0,9,16,25,75.76,7,36.84,12,7,0,0,0,0,2,0,0,0,0,8,7,0,0,5,0,20,0,0,,,2,0,0.0,0,0,0,5,5,0,0,0,,6,42.86,0,0,0,8,0,2,0,4,293,1,0,0,0,0,0,0.0,0,0,0,0,25,0,0,6.41,0,0,0,0,0,0,0,0,0.0,0.0,0,2,0,1,1,1,50.0,0,3,2,66.67,2,1,2,1,13,39.39,0,16,17,33,44.9,2,0,72,2,0,0,Daniel Paraschiv,Cultural Leonesa,1092984,2868
13,0,0.0,56,30,32.61,174,311,485,83.48,26,56.52,20,23,0,0,0,0,54,1,1,1,3,105,22,0,1,3,7,61,0,0,,,28,0,0.0,2,0,0,27,24,3,0,0,,32,43.84,0,0,0,96,9,4,0,16,1401,3,11,0,0,0,1,0.0,0,0,0,1,144,1,0,6.41,2,0,0,0,0,0,0,0,0.0,0.0,0,4,0,2,1,2,28.57,0,24,14,58.33,4,48,7,6,58,48.74,92,248,333,581,141.0,4,0,870,7,6,1,Iker Cordoba,Mirandés,1563953,35092
0,0,0.0,5,1,50.0,14,11,25,59.52,9,47.37,10,13,0,0,0,0,5,0,2,4,0,1,12,0,0,4,1,27,0,0,,,9,0,0.0,0,0,0,4,4,0,0,0,,10,37.04,0,0,0,17,1,4,0,0,183,1,0,0,0,0,0,0.0,0,0,0,0,39,0,0,6.41,0,0,0,0,0,0,0,0,0.0,0.0,0,5,2,2,1,1,25.0,0,2,2,100.0,4,0,4,2,19,41.3,2,29,13,42,76.9,7,0,94,7,2,0,Aitor Uzkudun,FC Andorra,2201655,324871
2,0,0.0,35,2,28.57,49,16,65,67.01,10,40.0,15,14,0,0,0,0,19,1,1,1,0,5,14,0,0,5,10,47,0,0,,,7,0,0.0,0,0,0,8,7,1,0,0,,15,31.91,0,0,0,32,3,3,0,5,487,0,1,0,0,0,0,0.0,0,0,0,0,79,1,0,6.41,0,0,0,0,0,0,0,0,0.0,0.0,0,6,0,3,2,1,9.09,0,10,4,40.0,3,3,11,12,25,34.72,7,72,25,97,89.7,6,0,194,4,0,0,Álejandro Cantero,Huesca,980143,24265
2,1,25.0,7,1,20.0,14,3,17,56.67,2,50.0,2,5,0,0,0,0,6,0,0,0,0,3,5,0,0,2,1,7,0,0,,,2,0,50.0,0,1,1,5,5,0,1,0,,2,28.57,1,0,0,13,1,0,0,2,126,0,0,0,0,0,0,0.0,0,0,0,0,21,0,0,6.4,0,0,0,0,0,0,0,0,126.0,0.0,0,1,1,0,2,0,0.0,0,1,1,100.0,0,4,1,4,4,36.36,5,25,5,30,32.0,2,0,59,1,0,0,Manu Sanchez,AD Ceuta,3007,2869
0,0,0.0,4,0,0.0,6,1,7,58.33,0,0.0,0,1,0,0,0,0,1,0,0,0,0,1,1,0,0,2,0,4,0,0,,,1,0,0.0,0,0,0,0,0,0,0,0,,3,42.86,0,0,0,5,1,1,0,0,34,0,0,0,0,0,0,0.0,0,0,0,0,9,0,0,6.4,0,0,0,0,0,0,0,0,0.0,0.0,0,0,0,0,0,1,50.0,0,2,1,50.0,1,0,2,0,3,42.86,2,11,1,12,6.4,0,0,25,0,1,0,Marcelo Timorán,Córdoba,2277692,2850
0,0,0.0,1,0,0.0,2,2,4,50.0,0,0.0,0,1,0,0,0,0,3,0,0,1,0,1,1,0,0,0,1,1,0,0,,,0,0,0.0,0,0,0,1,1,0,0,0,,2,66.67,0,0,0,4,0,0,0,0,45,0,0,0,0,0,0,0.0,0,0,0,0,5,0,0,6.4,0,0,0,0,0,0,0,0,0.0,0.0,0,1,0,0,0,0,0.0,0,2,1,50.0,0,1,0,1,2,66.67,2,6,2,8,6.4,1,0,16,0,0,0,Marc Aznar,Huesca,1391615,24265
1,0,0.0,1,6,30.0,3,32,35,70.0,0,0.0,1,1,0,0,0,0,15,0,0,0,0,1,1,0,0,0,0,1,0,0,,,0,0,0.0,7,0,0,1,1,0,0,0,,0,0.0,0,1,0,15,0,0,0,1,90,0,0,0,0,0,0,0.0,0,0,0,0,15,0,0,6.4,0,0,1,1,2,3,0,0,0.0,0.0,0,0,0,0,0,0,0.0,1,0,0,0.0,0,9,0,0,0,0.0,20,15,35,50,6.4,0,0,62,0,0,0,Miguel Bañuz,Cultural Leonesa,254731,2868
0,0,0.0,0,0,0.0,0,0,0,0.0,0,0.0,0,1,0,0,0,0,0,0,0,0,0,0,1,0,0,0,0,2,0,0,,,1,0,0.0,0,0,0,0,0,0,0,0,,0,0.0,0,0,0,0,0,0,0,0,11,1,0,0,0,0,0,0.0,0,0,0,0,1,0,0,6.4,0,0,0,0,0,0,0,0,0.0,0.0,0,0,0,0,0,0,0.0,0,0,0,0.0,0,0,1,0,0,0.0,0,0,0,0,6.4,0,0,1,0,0,0,Alberto Morientes,Albacete Balompié,2338094,2848
0,0,0.0,2,0,0.0,5,3,8,100.0,0,0.0,0,1,0,0,0,0,0,0,0,0,0,1,1,0,0,0,0,0,0,0,,,0,0,0.0,0,0,0,1,1,0,0,0,,1,100.0,0,0,0,0,0,0,0,0,12,0,0,0,0,0,0,0.0,0,0,0,0,2,0,0,6.4,0,0,0,0,0,0,0,0,0.0,0.0,0,0,0,0,0,0,0.0,0,1,1,100.0,0,0,0,0,1,100.0,0,5,3,8,6.4,0,0,12,0,0,0,Alejandro Galdeano,Real Valladolid,2201715,2831
0,0,0.0,1,0,0.0,1,1,2,100.0,0,0.0,0,1,0,0,0,0,0,0,1,0,0,0,1,0,0,0,2,3,0,0,,,0,0,0.0,0,0,0,0,0,0,0,0,,3,50.0,0,0,0,0,0,0,0,0,18,0,0,0,0,0,0,0.0,0,0,0,0,1,0,0,6.4,0,0,0,0,0,0,0,0,0.0,0.0,0,2,0,1,1,0,0.0,0,3,0,0.0,0,0,1,0,3,50.0,0,1,1,2,6.4,2,0,9,0,0,0,Pablo Osan,Huesca,2612978,24265
0,0,0.0,0,0,0.0,0,0,0,0.0,0,0.0,0,1,0,0,0,0,0,0,0,0,0,1,1,0,0,0,1,2,0,0,,,1,0,0.0,0,0,0,0,0,0,0,0,,0,0.0,0,0,0,0,0,0,0,0,9,0,0,0,0,0,0,0.0,0,0,0,0,1,0,0,6.4,0,0,0,0,0,0,0,0,0.0,0.0,0,0,0,0,0,0,0.0,0,0,0,0.0,0,0,1,0,0,0.0,0,0,0,0,6.4,0,0,2,0,0,0,Yeyo,AD Ceuta,2498402,2869
0,0,0.0,3,0,0.0,5,1,6,54.55,2,33.33,4,4,0,0,0,0,3,0,0,1,0,1,3,0,0,1,0,12,0,0,,,5,0,0.0,0,0,0,1,1,0,0,0,,8,50.0,0,0,0,5,0,0,0,1,105,2,0,0,0,0,0,0.0,0,0,0,0,12,0,0,6.4,0,0,0,0,0,0,0,0,0.0,0.0,0,1,0,0,0,1,33.33,0,5,3,60.0,0,0,3,0,10,45.45,0,9,2,11,19.2,1,0,40,2,1,0,Santi Franco,Real Racing Club,2209303,2835
6,0,0.0,27,6,37.5,61,103,164,91.62,7,53.85,6,5,0,0,0,0,4,0,0,0,1,20,5,0,0,1,0,13,0,0,,,6,0,0.0,4,0,0,7,7,0,0,0,,3,30.0,0,0,0,15,3,0,0,4,321,0,0,0,0,0,0,0.0,0,0,0,0,18,0,0,6.4,0,0,0,0,0,0,0,0,0.0,0.0,0,1,0,1,0,0,0.0,0,3,2,66.67,0,8,0,0,10,43.48,16,73,106,179,32.0,1,0,217,0,1,0,Chumi,Almería,913455,2858
0,0,0.0,17,0,0.0,32,20,52,68.42,20,62.5,12,8,0,0,0,0,11,0,1,5,1,9,7,0,0,8,3,35,0,0,,,9,0,0.0,0,0,0,12,8,4,0,0,,11,32.35,0,0,0,24,1,3,0,5,460,1,0,0,0,0,0,0.0,0,0,0,0,51,2,0,6.4,0,0,0,0,0,0,0,0,0.0,0.0,0,6,4,2,3,1,20.0,0,6,2,33.33,3,2,5,3,31,46.97,2,54,22,76,44.8,10,0,147,4,0,0,Ekain Orobengoa,Real Sociedad B,1216296,24360
0,0,0.0,6,1,100.0,10,9,19,70.37,4,23.53,13,8,0,0,0,0,4,0,0,0,0,0,7,0,0,1,0,19,0,0,,,3,0,0.0,0,0,0,2,2,0,0,0,,3,33.33,0,0,0,8,1,4,0,0,119,0,0,0,0,0,0,0.0,0,0,0,0,18,1,0,6.39,0,0,0,0,0,0,0,0,0.0,0.0,0,0,0,0,0,2,50.0,0,0,0,0.0,4,0,4,0,7,26.92,1,16,11,27,44.7,0,0,46,1,0,0,Adrián Arnu,Real Valladolid,1542697,2831
9,1,6.67,72,10,47.62,131,89,220,73.83,8,26.67,22,26,0,0,0,0,51,2,6,7,0,4,26,0,2,17,3,91,0,2,,,30,0,6.45,0,2,2,20,17,3,2,0,,28,28.87,0,0,1,78,1,9,0,12,1182,3,1,0,0,1,0,100.0,0,1,0,0,180,11,0,6.38,2,2,0,0,0,0,0,0,591.0,0.0,2,18,13,10,14,8,28.57,0,15,5,33.33,9,20,28,15,36,28.35,21,195,103,298,166.0,31,0,499,5,2,0,Mario Soberón,Real Zaragoza,949456,2815
2,4,23.53,24,3,18.75,56,58,114,77.03,5,38.46,8,9,0,0,0,0,21,1,2,0,0,12,9,0,0,2,3,22,1,0,,,8,0,0.0,0,0,0,13,12,1,0,0,,15,51.72,0,0,1,34,8,5,0,4,417,0,1,0,1,0,0,0.0,0,0,0,0,70,0,0,6.38,0,0,0,0,0,0,0,0,0.0,0.0,0,3,0,1,2,3,60.0,0,8,3,37.5,4,10,5,17,20,47.62,16,77,71,148,57.4,3,0,275,4,2,0,Álvaro Lemos,Granada,813645,33779
8,0,0.0,26,20,31.75,83,202,285,80.28,3,33.33,6,11,0,0,0,0,21,0,0,0,1,37,11,0,1,1,4,20,0,0,,,10,0,0.0,5,0,0,11,9,2,0,0,,11,44.0,0,0,0,70,10,0,0,7,639,0,3,0,0,0,0,0.0,0,0,0,0,78,1,0,6.37,2,0,0,0,0,0,0,0,0.0,0.0,0,0,0,0,0,0,0.0,0,10,4,40.0,0,24,0,0,14,41.18,63,129,226,355,70.1,0,0,441,1,1,1,Yago Cantero,AD Ceuta,1164477,2869
5,0,0.0,6,10,50.0,46,115,161,87.98,5,71.43,2,5,0,0,0,0,7,0,0,0,1,19,5,0,0,0,0,5,1,0,,,4,0,0.0,3,0,0,6,6,0,0,0,,4,57.14,0,0,0,22,4,0,0,3,292,1,1,0,0,0,2,0.0,0,0,0,0,23,0,0,6.34,0,0,0,0,0,0,0,0,0.0,0.0,0,0,0,0,0,1,100.0,0,1,0,0.0,0,9,1,0,9,64.29,20,59,124,183,31.7,0,0,223,2,1,0,Aridane Hernández,Almería,41013,2858
0,0,0.0,2,0,0.0,6,1,7,53.85,3,33.33,6,6,0,0,0,0,2,0,0,0,0,2,5,0,0,1,1,13,0,0,,,4,0,0.0,0,0,0,4,4,0,0,0,,1,12.5,0,0,0,6,0,1,0,0,56,0,0,0,0,0,0,0.0,0,0,0,0,15,0,0,6.34,0,0,0,0,0,0,0,0,0.0,0.0,0,0,0,0,0,0,0.0,0,1,0,0.0,1,0,1,0,4,23.53,0,12,1,13,31.7,0,0,31,0,0,0,Miguel Conde,Sporting Gijón,1807149,2852
5,3,18.75,64,14,43.75,107,135,242,77.32,3,50.0,3,19,1,0,0,0,35,0,1,1,1,13,14,0,0,7,3,24,1,0,,,7,0,0.0,0,0,1,20,17,3,0,0,,25,54.35,0,0,0,71,7,8,0,10,853,1,0,0,0,0,0,0.0,0,0,0,0,116,6,0,6.33,0,0,0,0,0,0,0,0,0.0,0.0,0,2,3,2,2,5,55.56,0,14,8,57.14,8,16,9,16,28,53.85,32,158,155,313,88.6,5,0,512,6,1,0,Redru,AD Ceuta,893074,2869
5,9,30.0,57,11,28.21,112,137,249,77.33,8,44.44,10,14,0,0,0,0,49,1,0,2,3,23,14,0,1,6,16,56,0,0,,,11,0,0.0,0,0,0,12,10,2,0,0,,41,47.13,0,0,0,73,15,6,0,12,946,0,1,0,0,0,0,0.0,0,0,0,0,163,4,0,6.33,1,0,0,0,0,0,0,0,0.0,0.0,0,1,2,1,0,8,38.1,0,19,8,42.11,6,21,21,30,49,46.67,39,165,157,322,88.6,3,1,594,14,4,0,Leonardo Buta,Eibar,1120038,2839
8,3,15.0,55,7,22.58,118,174,292,82.25,12,50.0,12,21,0,0,0,0,27,1,0,1,0,15,21,0,1,2,3,40,1,0,,,22,0,0.0,7,0,0,22,18,4,0,0,,31,52.54,0,0,0,63,12,5,0,10,1001,1,6,1,0,0,0,0.0,0,0,0,0,108,0,0,6.32,1,0,0,0,0,0,0,0,0.0,0.0,0,4,1,4,0,5,62.5,0,17,10,58.82,5,20,8,20,43,51.81,31,157,198,355,132.7,5,0,569,9,3,0,Diego Hormigo,Granada,1142091,33779
1,0,0.0,11,1,50.0,19,10,29,64.44,6,37.5,10,8,0,0,0,0,6,0,1,2,0,1,8,0,0,5,0,26,0,0,,,8,0,0.0,0,0,0,2,2,0,0,0,,1,5.88,0,0,0,16,0,1,0,1,193,0,0,0,0,0,0,0.0,0,0,0,0,33,0,0,6.31,0,0,0,0,0,0,0,0,0.0,0.0,0,5,2,2,3,0,0.0,0,1,1,100.0,1,2,3,0,7,21.21,2,30,15,45,50.5,7,0,80,0,1,0,Juanto Ortuño,AD Ceuta,218518,2869
0,0,0.0,5,1,50.0,7,5,12,75.0,0,0.0,0,1,0,0,0,0,1,0,0,1,0,1,1,0,0,1,0,2,0,0,,,1,0,0.0,0,0,0,0,0,0,0,0,,0,0.0,0,0,0,4,0,0,0,1,56,0,0,0,0,0,0,0.0,0,0,0,0,8,1,0,6.3,0,0,0,0,0,0,0,0,0.0,0.0,0,1,1,1,0,0,0.0,0,0,0,0.0,0,1,0,1,0,0.0,2,9,7,16,6.3,2,0,24,0,1,0,Martín Merquelanz,FC Andorra,353252,324871
0,0,0.0,0,0,0.0,4,14,18,66.67,0,0.0,0,1,0,0,0,0,0,0,0,0,0,5,1,0,0,0,0,0,0,0,,,0,0,0.0,0,0,0,1,1,0,0,0,,2,100.0,0,0,0,9,0,0,0,0,45,0,0,0,0,0,0,0.0,0,0,0,0,9,0,0,6.3,0,0,0,0,0,0,0,0,0.0,0.0,0,0,0,0,0,0,0.0,0,1,0,0.0,0,3,0,0,2,100.0,6,10,17,27,6.3,0,0,36,1,1,0,Yann Kembo,Sporting Gijón,963203,2852
0,0,0.0,0,3,42.86,1,11,12,75.0,0,0.0,0,1,0,0,0,0,7,0,0,0,0,0,1,0,0,0,0,0,0,1,,,0,0,0.0,6,0,0,1,1,0,0,0,,0,0.0,0,0,0,4,0,0,0,1,90,0,0,0,0,0,0,0.0,0,0,0,0,4,0,0,6.3,0,0,0,0,0,0,0,0,0.0,0.0,0,0,0,0,0,0,0.0,0,0,0,0.0,0,0,0,0,0,0.0,7,3,13,16,6.3,0,0,23,0,0,0,Laro Gómez,Real Racing Club,1968535,2835
1,0,0.0,2,1,100.0,3,6,9,81.82,0,0.0,0,1,0,0,0,0,2,0,0,0,0,1,1,0,0,0,0,3,0,0,,,1,0,0.0,0,0,0,1,1,0,0,0,,0,0.0,0,0,0,2,0,0,0,0,12,0,0,0,0,0,0,0.0,0,0,0,0,6,0,0,6.3,0,0,0,0,0,0,0,0,0.0,0.0,0,0,0,0,0,0,0.0,0,0,0,0.0,0,1,2,0,0,0.0,1,5,6,11,6.3,0,0,17,0,0,0,Jaime Tobajas,Real Zaragoza,2588597,2815
0,0,0.0,1,0,0.0,1,0,1,25.0,0,0.0,0,2,0,0,0,0,1,0,0,0,0,0,1,0,0,0,0,1,0,0,,,1,0,0.0,0,0,0,0,0,0,0,0,,0,0.0,0,0,0,3,0,0,0,0,12,0,0,0,0,0,0,0.0,0,0,0,0,4,0,0,6.3,0,0,0,0,0,0,0,0,0.0,0.0,0,0,0,0,0,0,0.0,0,0,0,0.0,0,0,0,0,0,0.0,2,3,1,4,6.3,0,0,7,0,0,0,Isaac Obeng,Cádiz,1398533,4488
0,0,0.0,2,0,0.0,6,3,9,100.0,0,0.0,0,3,0,0,0,0,3,0,0,0,0,0,2,0,0,1,1,2,0,0,,,0,0,0.0,0,0,0,1,0,1,0,0,,1,33.33,0,0,0,0,2,0,0,0,21,0,0,0,0,0,0,0.0,0,0,0,0,2,1,0,6.3,0,0,0,0,0,0,0,0,0.0,0.0,0,0,0,0,0,0,0.0,0,0,0,0.0,0,0,0,0,1,33.33,0,6,3,9,12.6,0,0,15,1,0,0,Mickaël Malsa,Mirandés,360866,35092
3,0,0.0,12,0,0.0,16,11,27,64.29,5,26.32,14,4,0,0,0,0,1,1,0,2,0,0,4,0,0,6,1,23,0,0,,,2,0,0.0,0,0,0,6,6,0,0,0,,5,35.71,0,0,0,15,1,3,0,3,234,2,0,0,0,0,0,0.0,0,0,0,0,25,0,0,6.3,0,0,0,0,0,0,0,0,0.0,0.0,0,2,2,2,0,0,0.0,0,2,1,50.0,3,3,0,0,10,30.3,0,31,11,42,25.2,4,0,70,3,0,0,Lázaro,Almería,1002556,2858
3,0,0.0,17,8,33.33,44,97,141,82.94,4,66.67,2,6,0,0,0,0,19,0,0,1,1,22,6,0,0,2,3,11,0,1,,,4,0,0.0,3,0,0,9,9,0,0,0,,6,40.0,0,0,0,29,5,0,0,4,350,1,1,1,0,0,0,0.0,0,0,0,0,37,0,0,6.3,0,0,0,0,0,0,0,0,0.0,0.0,0,1,0,0,0,2,66.67,0,4,3,75.0,0,10,3,0,10,47.62,24,66,104,170,37.8,1,0,227,0,1,0,Eneko Satrustegui,Cultural Leonesa,950596,2868
0,0,0.0,3,0,0.0,4,0,4,66.67,1,25.0,3,3,0,0,0,0,0,1,0,0,0,0,3,0,0,3,0,8,0,0,,,2,0,0.0,0,0,0,0,0,0,0,0,,1,16.67,0,0,0,2,0,1,0,0,57,0,1,0,0,0,0,0.0,0,0,0,0,8,0,0,6.27,0,0,0,0,0,0,0,0,0.0,0.0,0,1,0,1,0,0,0.0,0,0,0,0.0,1,0,0,0,2,20.0,0,6,0,6,18.8,1,0,17,1,1,0,William Agada,Real Zaragoza,1063318,2815
0,0,0.0,6,0,0.0,13,13,26,86.67,0,0.0,1,3,0,0,0,0,3,0,0,0,0,3,3,0,0,0,0,4,0,0,,,4,0,0.0,0,0,0,3,3,0,0,0,,0,0.0,0,0,0,4,1,0,0,0,66,0,0,0,0,0,0,0.0,0,0,0,0,5,0,0,6.27,0,0,0,0,0,0,0,0,0.0,0.0,0,1,0,1,0,0,0.0,0,0,0,0.0,0,0,0,0,0,0.0,2,16,14,30,18.8,1,0,36,0,0,0,Pierre Mbemba,Sporting Gijón,1845491,2852
1,0,0.0,7,0,0.0,13,18,31,77.5,2,40.0,3,2,0,0,0,0,2,0,0,0,0,6,2,0,0,1,0,6,0,0,,,2,0,0.0,0,0,0,1,0,1,0,0,,1,25.0,0,0,0,9,2,0,0,0,59,0,0,0,0,0,0,0.0,0,0,0,0,11,0,0,6.25,0,0,0,0,0,0,0,0,0.0,0.0,0,0,0,0,0,0,0.0,0,1,0,0.0,0,3,0,1,3,33.33,4,21,19,40,12.5,0,0,52,0,0,0,Hugo Barrachina,Real Zaragoza,1580024,2815
0,0,0.0,3,2,40.0,11,17,28,80.0,5,50.0,5,3,0,0,0,0,6,0,0,0,0,6,2,0,0,0,0,8,0,1,,,2,0,0.0,0,0,0,1,1,0,0,0,,0,0.0,0,0,0,7,1,0,0,1,126,0,1,0,0,0,1,0.0,0,0,0,0,12,0,0,6.25,0,0,0,0,0,0,0,0,0.0,0.0,0,0,0,0,0,0,0.0,0,0,0,0.0,0,2,1,0,5,38.46,5,14,21,35,12.5,0,0,58,0,1,0,Ismael Fadel,CD Castellón,1962431,5067
0,0,0.0,10,2,50.0,12,8,20,74.07,2,66.67,1,4,0,0,0,0,4,0,0,1,0,5,4,0,0,0,0,4,0,0,,,3,0,0.0,0,0,0,2,2,0,0,0,,4,57.14,0,0,0,7,0,0,0,0,78,0,1,0,0,0,0,0.0,0,0,0,0,12,0,0,6.25,1,0,0,0,0,0,0,0,0.0,0.0,0,0,1,0,0,1,100.0,0,1,1,100.0,0,0,1,1,6,60.0,4,15,12,27,25.0,1,0,48,2,0,1,Valentin Pezzolesi,UD Las Palmas,1893819,6577
15,0,0.0,23,26,41.94,69,111,180,76.6,10,47.62,11,9,0,0,0,0,19,0,1,1,0,44,9,0,1,1,4,21,1,2,,,6,0,0.0,0,0,0,20,16,4,0,0,,8,44.44,0,0,1,55,8,1,0,6,620,0,8,0,0,0,1,0.0,0,0,0,0,63,0,0,6.24,1,0,0,0,0,0,0,0,0.0,0.0,0,5,0,3,1,1,100.0,0,7,6,85.71,1,35,1,1,18,46.15,62,113,122,235,56.2,5,0,326,0,2,0,Jon García,Albacete Balompié,592064,2848
0,0,0.0,4,0,0.0,6,3,9,69.23,0,0.0,1,3,1,0,0,0,3,0,0,0,0,1,3,0,0,4,2,16,0,0,,,5,0,0.0,0,0,1,1,1,0,0,0,,0,0.0,0,0,0,4,1,3,0,0,56,0,0,0,0,0,0,0.0,0,0,0,0,16,0,0,6.23,0,0,0,0,0,0,0,0,0.0,0.0,0,0,1,1,0,0,0.0,0,0,0,0.0,3,1,4,2,0,0.0,0,8,5,13,18.7,1,0,32,0,0,0,Andrews Adjabeng,Real Sociedad B,1968344,24360
0,0,0.0,6,1,25.0,13,14,27,90.0,2,50.0,2,4,0,0,0,0,4,0,0,1,0,2,3,0,0,0,2,8,0,0,,,4,0,0.0,0,0,0,2,1,1,0,0,,3,33.33,0,0,0,3,0,0,0,0,47,0,0,0,0,0,1,0.0,0,0,0,0,5,0,0,6.23,0,0,0,0,0,0,0,0,0.0,0.0,0,1,0,0,0,0,0.0,0,2,1,50.0,0,0,0,0,5,38.46,4,16,14,30,18.7,1,0,44,1,0,0,Rubén Pulido,Leganés,957597,2845
0,0,0.0,2,0,0.0,3,1,4,57.14,0,0.0,0,1,0,0,0,0,2,0,0,0,0,1,1,0,0,0,0,1,0,0,,,1,0,0.0,0,0,0,1,1,0,0,0,,3,75.0,0,0,0,3,0,0,0,0,28,0,0,0,0,0,1,0.0,0,0,0,0,4,0,0,6.2,0,0,0,0,0,0,0,0,0.0,0.0,0,0,0,0,0,0,0.0,0,0,0,0.0,0,1,0,0,3,75.0,1,6,1,7,6.2,0,0,13,3,1,0,Lucas Robertone,Almería,848926,2858
2,0,0.0,5,2,66.67,15,33,48,87.27,5,41.67,7,2,0,0,0,0,2,0,0,0,0,9,2,0,0,1,2,13,0,0,,,3,0,0.0,1,0,0,2,1,1,0,0,,2,25.0,0,0,0,7,3,0,0,1,110,0,1,0,0,0,0,0.0,0,0,0,0,9,0,0,6.15,0,0,0,0,0,0,0,0,0.0,0.0,0,2,0,2,0,0,0.0,0,2,1,50.0,0,3,0,0,7,35.0,3,20,35,55,12.3,2,0,78,0,1,0,Oscar Gil,CD Castellón,804629,5067
0,0,0.0,3,0,0.0,5,1,6,75.0,1,100.0,0,1,0,0,0,0,0,0,0,0,0,0,1,0,0,2,0,5,0,0,,,0,0,0.0,0,0,0,1,0,1,0,0,,0,0.0,0,0,0,2,1,0,0,0,15,0,0,0,0,0,0,0.0,0,0,0,0,14,0,0,6.0,0,0,0,0,0,0,0,0,0.0,0.0,0,0,0,0,0,0,0.0,0,0,0,0.0,0,0,3,5,1,16.67,0,7,1,8,6.0,0,0,27,0,0,0,Jota Domingo,Albacete Balompié,2041180,2848
0,0,0.0,1,0,0.0,4,9,13,68.42,1,50.0,1,3,0,0,0,0,3,0,0,0,0,4,2,0,0,0,1,3,0,0,,,1,0,0.0,0,0,0,2,1,1,0,0,,1,33.33,0,0,0,6,0,0,0,0,58,0,0,0,0,0,1,0.0,0,0,0,0,9,0,0,6.0,0,0,0,0,0,0,0,0,0.0,0.0,0,0,0,0,0,1,100.0,0,0,0,0.0,0,2,1,1,2,40.0,3,7,12,19,12.0,0,0,31,0,0,0,Saïd Imigene,Leganés,1927853,2845
0,0,0.0,8,0,0.0,19,27,46,88.46,2,66.67,1,2,0,0,0,0,5,0,0,0,0,4,2,0,1,0,0,7,0,0,,,6,0,0.0,0,0,0,3,3,0,0,0,,10,62.5,0,0,0,6,3,1,0,2,138,0,0,0,0,0,1,0.0,0,0,0,0,16,0,0,5.95,1,0,0,0,0,0,0,0,0.0,0.0,0,0,2,2,0,1,100.0,0,6,4,66.67,1,0,1,5,12,63.16,2,23,29,52,11.9,2,0,97,3,1,0,Pere Haro,Granada,1962417,33779
0,0,0.0,6,0,0.0,8,0,8,66.67,2,33.33,4,4,0,0,0,0,1,0,1,0,0,1,4,0,2,0,0,7,0,0,,,5,0,0.0,0,0,0,1,1,0,0,0,,1,25.0,0,0,0,4,0,1,0,0,70,1,0,0,0,0,0,0.0,0,0,0,0,5,1,0,5.83,2,0,0,0,0,0,0,0,0.0,0.0,0,3,2,3,2,0,0.0,0,0,0,0.0,1,0,0,0,3,30.0,0,12,0,12,23.3,5,0,24,1,0,0,Higinio Marín,Albacete Balompié,263493,2848
0,0,0.0,0,0,0.0,0,0,0,0.0,0,0.0,0,1,0,0,0,0,0,0,0,0,0,0,0,0,0,0,0,0,0,0,,,0,0,0.0,0,0,0,0,0,0,0,0,,0,0.0,0,0,0,0,0,0,0,0,1,0,0,0,0,0,0,0.0,0,0,0,0,0,0,0,0.0,0,0,0,0,0,0,0,0,0.0,0.0,0,0,0,0,0,0,0.0,0,0,0,0.0,0,0,0,0,0,0.0,0,0,0,0,0.0,0,0,0,0,0,0,Adam Arvelo,UD Las Palmas,1520998,6577
0,0,0.0,0,0,0.0,0,0,0,0.0,0,0.0,0,1,0,0,0,0,0,0,0,0,0,0,0,0,0,0,0,0,0,0,,,0,0,0.0,0,0,0,0,0,0,0,0,,0,0.0,0,0,0,1,0,0,0,0,1,0,0,0,0,0,0,0.0,0,0,0,0,2,0,0,0.0,0,0,0,0,0,0,0,0,0.0,0.0,0,0,0,0,0,0,0.0,0,0,0,0.0,0,0,0,0,0,0.0,0,1,0,1,0.0,0,0,2,0,0,0,Alex Oyón,Sporting Gijón,1106691,2852
0,0,0.0,0,0,0.0,0,0,0,0.0,0,0.0,0,1,0,0,0,0,0,0,0,0,0,0,0,0,0,0,0,0,0,0,,,0,0,0.0,0,0,0,0,0,0,0,0,,0,0.0,0,0,0,0,0,0,0,0,1,0,0,0,0,0,0,0.0,0,0,0,0,0,0,0,0.0,0,0,0,0,0,0,0,0,0.0,0.0,0,0,0,0,0,0,0.0,0,0,0,0.0,0,0,0,0,0,0.0,0,0,0,0,0.0,0,0,0,0,0,0,Victor Chumachenko,FC Andorra,2112958,324871
0,0,0.0,0,0,0.0,0,0,0,0.0,0,0.0,0,1,0,0,0,0,0,0,0,0,0,0,0,0,0,0,0,0,0,0,,,0,0,0.0,0,0,0,0,0,0,0,0,,1,100.0,0,0,0,0,0,0,0,0,2,0,0,0,0,0,0,0.0,0,0,0,0,0,0,0,0.0,0,0,0,0,0,0,0,0,0.0,0.0,0,0,0,0,0,0,0.0,0,0,0,0.0,0,0,0,0,1,100.0,0,0,0,0,0.0,0,0,1,1,0,0,Pablo Arana,Cádiz,1526564,4488
