accurateChippedPasses,accurateCrosses,accurateCrossesPercentage,accurateFinalThirdPasses,accurateLongBalls,accurateLongBallsPercentage,accurateOppositionHalfPasses,accurateOwnHalfPasses,accuratePasses,accuratePassesPercentage,aerialDuelsWon,aerialDuelsWonPercentage,aerialLost,appearances,assists,attemptPenaltyMiss,attemptPenaltyPost,attemptPenaltyTarget,ballRecovery,bigChancesCreated,bigChancesMissed,blockedShots,cleanSheet,clearances,countRating,crossesNotClaimed,directRedCards,dispossessed,dribbledPast,duelLost,errorLeadToGoal,errorLeadToShot,expectedAssists,expectedGoals,fouls,freeKickGoal,goalConversionPercentage,goalKicks,goals,goalsAssistsSum,goalsConceded,goalsConcededInsideTheBox,goalsConcededOutsideTheBox,goalsFromInsideTheBox,goalsFromOutsideTheBox,goalsPrevented,groundDuelsWon,groundDuelsWonPercentage,headedGoals,highClaims,hitWoodwork,inaccuratePasses,interceptions,keyPasses,leftFootGoals,matchesStarted,minutesPlayed,offsides,outfielderBlocks,ownGoals,passToAssist,penaltiesTaken,penaltyConceded,penaltyConversion,penaltyFaced,penaltyGoals,penaltySave,penaltyWon,possessionLost,possessionWonAttThird,punches,rating,redCards,rightFootGoals,runsOut,savedShotsFromInsideTheBox,savedShotsFromOutsideTheBox,saves,savesCaught,savesParried,scoringFrequency,setPieceConversion,shotFromSetPiece,shotsFromInsideTheBox,shotsFromOutsideTheBox,shotsOffTarget,shotsOnTarget,successfulDribbles,successfulDribblesPercentage,successfulRunsOut,tackles,tacklesWon,tacklesWonPercentage,totalAttemptAssist,totalChippedPasses,totalContest,totalCross,totalDuelsWon,totalDuelsWonPercentage,totalLongBalls,totalOppositionHalfPasses,totalOwnHalfPasses,totalPasses,totalRating,totalShots,totwAppearances,touches,wasFouled,yellowCards,yellowRedCards,player,team,player id,team id
3,0,0.0,3,19,54.29,13,12,25,60.98,0,0.0,0,1,0,0,0,0,10,0,0,0,1,2,1,0,0,0,0,0,0,0,0.0,,0,0,0.0,11,0,0,0,0,0,0,0,1.17,0,0.0,0,1,0,16,0,0,0,1,90,0,,0,0,0,0,0.0,0,0,0,0,16,0,0,8.4,0,0,0,3,2,5,0,1,0.0,0.0,0,0,0,0,0,0,0.0,0,0,0,0.0,0,4,0,0,0,0.0,35,27,14,41,8.4,0,1,53,0,0,0,Aitor Fernández,Osasuna,99516,2820
8,0,0.0,11,63,38.41,40,79,119,53.6,1,100.0,0,7,0,0,0,0,50,0,0,0,2,9,7,0,0,0,0,0,0,0,0.02,,0,0,0.0,52,0,0,10,9,1,0,0,3.61,1,100.0,0,8,0,103,0,0,0,7,630,0,,0,0,0,0,0.0,1,0,0,0,103,0,3,7.83,0,0,5,19,20,40,0,14,0.0,0.0,0,0,0,0,0,1,100.0,5,0,0,0.0,0,12,1,0,2,100.0,164,126,96,222,54.8,0,3,299,1,0,0,Leo Román,Mallorca,1131909,2826
62,53,24.65,511,46,58.97,838,209,994,79.46,9,60.0,6,36,9,0,0,0,94,26,20,27,7,22,36,0,0,29,20,109,0,0,10.11,19.38,11,0,15.79,0,18,27,31,29,2,16,2,,125,54.82,1,0,5,257,11,92,13,32,2844,10,,0,1,2,0,100.0,0,2,0,2,563,25,0,7.8,0,4,0,0,0,0,0,0,158.0,0.0,18,66,48,44,43,52,54.17,0,36,22,61.11,91,109,96,215,134,55.14,78,1224,242,1251,280.7,114,14,1993,37,4,0,Raphinha,FC Barcelona,831005,2817
45,22,20.37,633,30,48.39,980,158,1116,78.93,1,25.0,3,35,13,0,0,0,123,28,14,46,10,3,35,0,0,49,22,230,0,0,11.61,9.81,30,0,6.25,0,9,22,28,27,1,4,5,,263,53.67,0,0,5,298,16,65,8,31,2861,13,,0,1,0,0,0.0,0,0,0,2,691,35,0,7.79,0,1,0,0,0,0,0,0,317.89,0.0,0,77,67,51,47,161,55.71,0,42,28,66.67,64,97,289,108,264,53.44,62,1330,192,1414,272.8,144,11,2361,60,3,0,Lamine Yamal,FC Barcelona,1402912,2817
49,6,17.14,573,45,78.95,800,139,933,85.28,4,40.0,6,34,3,0,0,2,36,15,29,39,5,0,34,0,1,49,4,172,1,0,6.59,25.93,25,1,19.25,0,31,34,32,30,2,26,5,,131,44.11,0,0,4,161,1,52,4,34,2915,44,,0,1,9,0,77.78,0,7,0,3,434,16,0,7.7,1,27,0,0,0,0,0,0,94.03,33.33,3,116,45,37,85,83,47.7,0,8,5,62.5,51,70,174,35,135,43.97,57,976,153,1094,261.7,161,12,1734,40,3,0,Kylian Mbappé,Real Madrid,826643,2829
0,0,0.0,1,0,0.0,7,21,28,68.29,1,100.0,0,1,0,0,0,0,3,0,0,0,1,4,1,0,0,0,1,1,0,0,0.0,,0,0,0.0,0,0,0,0,0,0,0,0,,7,87.5,0,0,0,13,3,0,0,1,90,0,,0,0,0,0,0.0,0,0,0,0,17,0,0,7.6,0,0,0,0,0,0,0,0,0.0,0.0,0,0,0,0,0,0,0.0,0,7,4,57.14,0,1,0,0,8,88.89,2,17,24,41,7.6,0,0,72,0,0,0,Sergio Arribas,Real Betis,1119678,2816
4,0,0.0,0,9,50.0,3,32,35,77.78,0,0.0,0,2,0,0,0,0,12,0,0,0,0,2,2,0,0,0,0,0,0,0,0.0,,0,0,0.0,15,0,0,3,3,0,0,0,0.89,0,0.0,0,1,0,10,0,0,0,2,180,0,,0,0,0,0,0.0,1,0,1,0,11,0,1,7.6,0,0,2,6,3,9,0,3,0.0,0.0,0,0,0,0,0,0,0.0,2,0,0,0.0,0,5,0,0,0,0.0,18,11,34,45,15.2,0,0,69,0,0,0,Unai Marrero,Real Sociedad,1094782,2824
132,10,17.24,918,145,70.05,1718,671,2379,89.03,7,53.85,6,37,5,0,0,0,254,14,2,6,6,12,37,0,0,35,46,116,0,1,9.0,2.18,10,0,16.0,0,4,9,30,28,2,3,1,,152,58.02,0,0,1,293,26,70,2,35,2892,2,,0,0,0,0,0.0,0,0,0,0,449,28,0,7.59,0,2,0,0,0,0,0,0,723.0,0.0,0,11,14,8,11,40,66.67,0,61,34,55.74,70,220,60,58,159,57.82,207,2016,714,2672,281.0,25,6,3191,51,3,0,Pedri,FC Barcelona,992587,2817
70,27,29.35,453,68,71.58,708,244,925,86.21,13,37.14,22,22,8,0,0,1,71,5,3,21,2,6,22,0,0,27,21,118,0,0,3.86,8.62,23,0,20.45,0,9,17,24,21,3,9,0,,91,48.66,1,0,0,148,11,61,0,17,1551,4,,0,0,6,0,83.33,0,5,0,0,327,14,0,7.54,0,8,0,0,0,0,0,0,172.33,0.0,4,22,22,8,15,27,49.09,0,20,13,65.0,61,110,55,92,104,46.85,95,893,272,1073,165.8,44,6,1494,44,5,0,Isco,Real Betis,103417,2816
77,69,33.33,351,70,56.45,610,231,772,74.02,17,45.95,20,32,9,0,0,1,140,21,6,21,5,14,32,0,0,32,29,148,0,2,12.58,7.18,43,0,10.0,0,7,16,36,27,9,7,0,,95,42.6,0,0,2,271,22,98,3,30,2602,5,,0,3,1,0,0.0,0,0,0,0,532,16,0,7.48,0,4,0,0,0,0,0,0,371.71,0.0,8,35,35,31,18,21,43.75,0,28,15,53.57,95,148,48,207,112,43.08,124,960,290,1043,239.5,70,9,1675,47,9,0,Alex Baena,Villarreal,910031,2819
98,2,7.69,555,142,71.36,1188,784,1970,91.12,27,62.79,16,36,4,0,0,0,174,7,1,14,11,51,36,0,0,1,14,52,1,0,3.16,2.66,12,1,10.53,3,6,10,31,30,1,1,5,,81,69.23,0,0,0,192,55,39,0,34,3032,1,,0,0,0,0,0.0,0,0,0,0,273,19,0,7.47,0,6,0,0,0,0,0,0,505.33,20.0,5,11,46,21,22,16,61.54,0,50,30,60.0,39,129,26,26,108,67.5,199,1354,834,2162,269.0,57,7,2603,15,4,0,Federico Valverde,Real Madrid,831808,2829
45,1,5.56,489,67,73.63,861,461,1321,87.54,30,48.39,32,31,8,0,1,0,97,4,12,15,4,21,31,0,1,43,14,148,0,1,4.5,11.5,33,0,14.52,0,9,17,33,30,3,9,0,,166,58.87,2,0,2,188,28,42,2,29,2494,9,,0,0,2,0,50.0,0,1,0,1,342,12,0,7.45,1,5,0,0,0,0,0,0,277.11,0.0,0,45,17,24,23,41,59.42,0,61,33,54.1,42,81,69,18,196,56.98,91,1046,481,1509,231.1,62,8,2042,64,5,0,Jude Bellingham,Real Madrid,991011,2829
36,24,25.26,321,45,69.23,539,217,732,84.82,5,31.25,11,25,3,0,0,1,76,7,2,3,1,2,25,0,0,31,7,86,0,1,5.2,4.77,13,1,23.53,0,8,11,20,18,2,5,3,,117,60.94,0,0,0,131,5,43,8,15,1455,0,,0,0,3,0,66.67,0,2,0,0,304,11,0,7.41,0,0,0,0,0,0,0,0,181.88,25.0,4,16,18,12,19,21,43.75,0,34,22,64.71,43,64,48,95,122,58.65,65,712,246,863,185.3,34,3,1285,63,4,0,Giovani Lo Celso,Real Betis,798835,2816
19,11,27.5,312,16,53.33,475,130,594,84.02,5,26.32,14,17,2,0,0,0,73,8,2,13,2,6,17,0,0,20,14,96,0,1,2.9,2.87,15,0,11.63,0,5,7,20,18,2,5,0,,76,48.1,0,0,0,113,10,38,4,15,1364,1,,0,1,0,0,0.0,0,0,0,1,257,13,0,7.41,0,1,0,0,0,0,0,0,272.8,0.0,1,23,20,13,17,24,42.11,0,25,11,44.0,37,31,57,40,81,45.76,30,591,156,707,126.0,43,2,1051,27,2,0,Antony,Real Betis,958380,2816
11,22,27.16,477,12,57.14,770,152,900,90.91,7,30.43,16,30,5,0,0,0,71,5,1,16,1,7,30,0,0,15,16,100,0,0,4.19,4.0,8,0,11.11,0,6,11,17,16,1,5,1,,107,56.02,0,0,1,90,11,49,1,22,1937,1,,0,0,0,0,0.0,0,0,0,1,268,9,0,7.4,0,5,0,0,0,0,0,0,322.83,0.0,3,39,15,18,20,49,51.58,0,21,14,66.67,49,17,95,81,114,53.27,21,907,164,990,222.1,54,7,1442,37,0,0,Rodrygo,Real Madrid,910536,2829
52,0,0.0,48,232,40.35,132,577,709,66.95,23,95.83,1,38,0,0,0,0,392,0,0,0,8,39,38,0,0,0,1,2,2,2,0.07,0.07,0,0,0.0,216,0,0,51,43,8,0,0,7.49,5,83.33,0,60,0,350,0,0,0,38,3420,0,,0,0,0,0,0.0,6,0,2,0,360,0,21,7.39,0,0,20,88,54,145,2,21,0.0,0.0,0,1,0,0,1,0,0.0,19,0,0,0.0,0,92,0,0,28,93.33,575,434,625,1059,280.7,1,7,1533,7,2,0,Joan García,Espanyol,930267,2814
125,30,26.79,609,118,75.64,1150,566,1686,91.33,6,31.58,13,35,6,0,0,0,105,17,1,8,3,13,35,0,0,13,18,74,0,0,6.27,1.55,23,0,9.09,0,2,8,21,19,2,1,1,,64,51.2,0,0,0,160,27,68,1,17,1830,2,,0,2,0,0,0.0,0,0,0,0,294,15,0,7.38,0,1,0,0,0,0,0,0,915.0,0.0,1,4,18,8,6,14,60.87,0,31,20,64.52,66,176,23,112,70,48.61,156,1357,601,1846,258.2,22,8,2198,19,7,0,Luka Modrić,Real Madrid,15466,2829
35,11,19.64,383,40,67.8,546,117,652,79.03,1,12.5,7,30,8,0,0,1,71,13,10,21,4,0,30,0,1,49,13,192,0,2,6.98,10.69,30,0,13.58,0,11,19,24,21,3,10,1,,173,48.32,0,0,3,173,3,59,2,24,2257,10,,0,0,3,0,66.67,0,2,0,2,462,20,0,7.37,1,9,0,0,0,0,0,0,205.18,0.0,0,56,25,32,28,82,46.33,0,21,10,47.62,59,74,177,56,174,47.54,59,755,126,825,221.2,81,6,1452,70,8,0,Vinícius Júnior,Real Madrid,868812,2829
18,5,23.81,213,21,72.41,374,146,515,83.33,9,50.0,9,25,3,0,0,0,46,7,5,8,0,11,25,0,0,26,10,82,0,1,3.7,6.51,21,0,23.81,0,10,13,10,10,0,9,1,,66,47.48,0,0,3,103,3,27,4,13,1222,1,,0,1,2,0,100.0,0,2,0,3,204,5,0,7.27,0,6,0,0,0,0,0,0,122.2,0.0,1,27,15,17,17,23,57.5,0,16,11,68.75,26,34,40,21,75,47.77,29,475,164,618,181.8,42,3,880,27,1,0,Dani Olmo,FC Barcelona,789071,2817
14,0,0.0,175,11,52.38,275,108,383,74.66,37,48.05,40,34,2,0,1,0,45,3,23,25,4,26,34,0,0,45,6,131,0,0,1.49,27.11,30,0,23.48,0,27,29,27,26,1,26,1,,69,43.13,4,0,6,130,3,19,7,32,2681,17,,0,0,4,0,75.0,0,3,0,0,275,14,0,7.27,0,16,0,0,0,0,0,0,99.3,0.0,5,95,20,42,48,20,60.61,0,10,5,50.0,19,34,33,5,106,44.73,21,394,124,513,247.2,115,5,946,39,1,0,Robert Lewandowski,FC Barcelona,41789,2817
14,1,7.14,100,12,70.59,203,152,354,88.06,7,58.33,5,8,0,0,0,0,21,0,0,1,3,14,8,0,0,6,3,20,0,1,0.26,1.31,3,0,33.33,0,1,1,3,3,0,1,0,,20,57.14,0,0,0,48,10,5,0,7,609,0,,0,0,0,0,0.0,0,0,0,0,81,1,0,7.26,0,1,0,0,0,0,0,0,609.0,0.0,0,3,0,1,1,2,40.0,0,12,8,66.67,5,22,5,14,27,57.45,17,251,165,402,58.1,3,0,548,6,2,0,Dani Carvajal,Real Madrid,138572,2829
16,1,8.33,104,19,82.61,162,60,221,74.66,29,45.31,35,15,1,0,0,0,28,2,4,15,0,4,15,0,0,14,5,72,0,0,0.67,3.79,10,0,11.63,0,5,6,15,14,1,4,1,,41,52.56,2,0,2,75,7,14,0,14,1149,5,,0,0,0,0,0.0,0,0,0,1,156,8,0,7.26,0,3,0,0,0,0,0,0,229.8,0.0,0,34,9,17,11,17,65.38,0,15,10,66.67,14,24,26,12,70,49.3,23,233,75,296,108.9,43,1,515,9,0,0,Cucho Hernández,Real Betis,887055,2816
51,4,26.67,280,51,68.0,474,178,648,76.69,8,50.0,8,30,5,0,0,1,55,7,4,8,1,3,30,0,0,20,12,64,0,0,3.93,8.71,16,0,19.23,0,10,15,27,25,2,9,1,,61,52.14,0,0,1,197,8,38,9,19,1747,5,,0,0,6,0,83.33,0,5,0,1,280,11,0,7.25,1,1,0,0,0,0,0,0,174.7,0.0,3,32,20,20,24,15,65.22,0,13,8,61.54,38,86,23,15,69,51.88,75,646,214,845,217.5,52,4,1111,34,4,1,Iago Aspas,Celta Vigo,19356,2821
59,0,0.0,47,313,46.17,238,495,733,66.52,5,83.33,1,37,0,0,0,0,334,0,0,0,8,39,37,2,0,0,4,6,1,0,0.08,,1,0,0.0,276,0,0,52,44,8,0,0,5.68,8,61.54,0,30,0,369,0,0,0,37,3330,0,,0,0,0,1,0.0,7,0,0,0,376,0,10,7.24,0,0,49,86,45,132,1,25,0.0,0.0,0,0,0,0,0,1,100.0,47,2,1,50.0,0,89,1,0,13,68.42,678,546,556,1102,268.0,0,4,1469,4,5,0,Sergio Herrera,Osasuna,294377,2820
34,17,29.82,312,42,77.78,530,220,733,89.94,8,42.11,11,28,4,0,0,0,56,11,5,14,1,8,28,0,0,9,13,67,0,0,4.44,3.23,15,0,7.69,0,3,7,17,16,1,2,1,,80,58.82,0,0,0,82,7,40,2,14,1273,4,,0,0,0,0,0.0,0,0,0,1,179,10,0,7.24,0,1,0,0,0,0,0,0,424.33,0.0,2,23,16,8,17,20,50.0,0,30,16,53.33,40,49,40,57,88,56.77,54,639,233,815,202.7,39,4,1120,31,1,0,Arda Güler,Real Madrid,1091116,2829
39,13,18.84,317,35,66.04,516,195,698,78.52,13,28.89,32,37,4,0,0,0,75,9,7,12,4,10,37,0,0,40,22,146,0,1,5.31,14.22,26,1,22.97,0,17,21,17,15,2,16,1,,68,37.36,1,0,4,191,2,42,4,30,2518,9,,0,1,4,0,100.0,0,4,0,0,382,15,0,7.24,0,12,0,0,0,0,0,0,148.12,20.0,5,49,25,21,41,34,54.84,0,25,17,68.0,41,59,62,69,81,35.68,53,717,241,889,267.7,74,3,1328,9,5,0,Julián Alvarez,Atlético Madrid,944656,2836
100,1,12.5,362,136,61.82,1031,1179,2209,91.39,60,64.52,33,28,4,0,0,0,126,4,0,6,7,103,28,0,0,3,6,58,0,1,1.85,0.49,18,0,0.0,15,0,4,31,30,1,0,0,,54,68.35,0,0,0,208,18,16,0,28,2493,0,,0,0,0,0,0.0,0,0,0,1,232,1,0,7.23,0,0,0,0,0,0,0,0,0.0,0.0,0,11,2,5,2,3,100.0,0,25,14,56.0,16,156,3,8,114,66.28,220,1178,1247,2417,202.5,13,4,2709,28,5,0,Iñigo Martínez,FC Barcelona,173883,2817
27,30,33.33,164,21,37.5,300,130,400,73.8,5,23.81,16,29,6,0,0,1,90,12,1,13,0,17,29,0,0,40,25,156,0,1,4.6,7.55,40,0,18.18,0,8,14,27,22,5,8,0,,139,49.82,1,0,0,142,14,47,6,24,1896,9,,0,0,5,0,80.0,0,4,0,1,349,17,0,7.23,0,1,0,0,0,0,0,0,237.0,0.0,4,19,25,14,17,46,54.76,0,37,23,62.16,47,70,84,90,144,48.0,56,476,156,542,209.6,44,2,1066,56,6,0,Dani Raba,Leganés,873947,2845
25,0,0.0,72,48,57.14,237,397,634,89.8,21,63.64,12,12,1,0,0,0,44,1,1,3,3,34,12,0,0,3,5,41,0,0,0.16,0.64,18,0,10.0,13,1,2,9,8,1,1,0,,32,52.46,0,0,0,72,12,6,0,11,940,0,,0,0,0,0,0.0,0,0,0,0,88,0,0,7.21,0,1,0,0,0,0,0,0,940.0,0.0,0,8,2,4,3,5,62.5,0,19,17,89.47,6,56,8,2,53,56.38,84,288,420,706,86.5,10,4,840,8,2,0,Éder Militão,Real Madrid,822519,2829
0,0,0.0,1,0,0.0,5,2,7,53.85,3,100.0,0,2,0,0,0,0,5,0,0,0,0,0,1,0,0,0,0,1,0,0,0.12,,1,0,0.0,0,0,0,0,0,0,0,0,,2,66.67,0,0,0,6,0,1,0,0,10,0,,0,1,0,0,0.0,0,0,0,0,7,1,0,7.2,0,0,0,0,0,0,0,0,0.0,0.0,0,0,0,0,0,0,0.0,0,1,1,100.0,0,0,0,0,5,83.33,1,6,7,13,7.2,0,0,17,1,0,0,Jon Magunazelaia,Real Sociedad,1134396,2824
8,6,40.0,140,10,58.82,208,105,307,77.92,13,28.26,33,30,2,0,0,0,56,5,13,18,1,10,30,0,0,34,18,140,0,0,1.9,12.8,22,0,25.33,0,19,21,25,19,6,18,1,,100,48.31,4,0,0,87,8,32,4,22,1977,6,,0,0,0,0,0.0,0,0,0,0,235,10,0,7.19,0,11,0,0,0,0,0,0,104.05,0.0,0,61,14,26,31,34,48.57,0,27,14,51.85,32,18,70,15,113,44.66,17,293,116,394,215.8,75,4,814,39,4,0,Ayoze Pérez,Villarreal,345195,2819
45,2,50.0,99,64,54.7,254,556,808,87.54,41,59.42,28,19,0,0,0,0,61,0,3,3,5,112,19,0,0,2,5,55,1,2,0.91,2.39,16,0,5.88,17,1,1,14,10,4,1,0,,34,55.74,0,0,1,115,19,7,1,17,1526,0,,0,0,0,0,0.0,0,0,0,0,143,3,0,7.19,0,0,0,0,0,0,0,0,1526.0,0.0,0,13,4,9,5,4,50.0,0,25,15,60.0,7,78,8,4,75,57.69,117,328,599,923,136.6,17,2,1217,5,4,0,Juan Foyth,Villarreal,873189,2819
12,0,0.0,9,77,37.38,50,213,263,66.58,7,87.5,1,17,0,0,0,0,147,0,0,0,5,34,17,0,0,0,0,1,1,0,0.01,,0,0,0.0,99,0,0,18,14,4,0,0,-0.16,5,100.0,0,15,0,132,0,0,0,16,1457,0,,0,0,0,0,0.0,4,0,0,0,133,0,20,7.19,0,0,9,23,25,51,0,13,0.0,0.0,0,0,0,0,0,0,0.0,9,0,0,0.0,0,18,0,0,12,92.31,206,150,245,395,122.2,0,0,607,6,2,0,Luiz Júnior,Villarreal,1066603,2819
6,4,30.77,66,3,60.0,126,54,176,85.44,1,14.29,6,10,1,0,0,0,15,1,0,0,0,4,9,0,0,6,2,21,0,1,1.28,0.37,4,1,50.0,0,3,4,4,4,0,1,2,,15,50.0,0,0,0,30,3,8,1,4,315,1,,0,0,0,0,0.0,0,0,0,0,54,0,0,7.18,0,2,0,0,0,0,0,0,105.0,100.0,1,1,5,2,4,2,40.0,0,5,4,80.0,8,9,5,13,16,43.24,5,160,59,206,64.6,6,1,274,8,0,0,Pablo Torre,FC Barcelona,1082981,2817
79,31,22.46,408,62,78.48,717,365,1051,80.41,21,47.73,23,38,7,1,0,0,93,13,9,14,2,22,38,0,0,20,22,93,0,1,6.53,7.51,11,1,16.0,0,8,15,21,19,2,6,2,,71,50.35,0,0,3,256,6,50,7,29,2482,14,,0,2,2,0,50.0,0,1,0,0,451,18,0,7.18,0,1,0,0,0,0,0,0,310.25,20.0,5,31,19,18,18,15,45.45,0,30,17,56.67,48,136,33,138,92,49.73,79,1020,425,1307,272.7,50,4,1760,26,2,0,Antoine Griezmann,Atlético Madrid,85859,2836
34,11,17.46,480,53,51.96,939,673,1601,88.65,30,54.55,25,32,3,0,0,0,107,6,3,4,8,58,32,0,0,13,22,107,1,1,3.79,1.81,22,0,11.11,0,2,5,30,28,2,2,0,,104,55.91,0,0,0,205,20,32,1,29,2606,7,,0,0,0,0,0.0,0,0,0,0,367,14,0,7.17,0,1,0,0,0,0,0,0,1303.0,0.0,0,14,4,8,6,22,44.9,0,63,43,68.25,32,73,49,63,134,55.6,102,1127,742,1806,229.4,18,3,2529,19,4,0,Jules Koundé,FC Barcelona,827212,2817
26,17,27.42,301,30,47.62,581,598,1162,87.9,15,50.0,15,33,4,0,0,0,131,8,0,6,10,49,33,0,1,9,19,79,0,1,3.12,0.77,23,0,12.5,0,2,6,25,21,4,1,1,,108,62.79,0,0,1,160,27,28,0,28,2513,4,,0,0,0,0,0.0,0,0,0,1,277,9,0,7.17,1,2,0,0,0,0,0,0,1256.5,0.0,0,9,7,5,5,14,51.85,0,69,52,75.36,28,53,27,62,123,60.89,63,733,651,1322,236.5,16,2,1879,25,0,0,Marcos Llorente,Atlético Madrid,353138,2836
1,2,16.67,66,2,66.67,104,53,155,87.08,3,20.0,12,10,1,0,0,0,41,0,0,4,1,4,10,0,0,16,10,58,0,0,0.89,1.72,8,0,18.18,0,2,3,7,6,1,2,0,,53,53.54,0,0,0,23,8,14,1,6,551,2,,0,0,0,0,0.0,0,0,0,0,92,6,0,7.16,0,1,0,0,0,0,0,0,275.5,0.0,0,7,4,4,3,23,62.16,0,14,9,64.29,14,3,37,12,56,49.12,3,135,55,178,71.6,11,2,358,16,1,0,Yan Diomande,Leganés,2087085,2845
64,3,37.5,193,123,51.9,604,920,1521,87.41,45,58.44,32,32,0,0,0,0,164,1,3,2,12,147,32,0,0,13,11,86,0,2,0.72,1.92,27,0,22.22,5,4,4,22,17,5,4,0,,69,56.1,0,0,1,219,47,10,0,28,2613,1,,0,0,0,1,0.0,0,0,0,0,266,4,0,7.16,0,4,0,0,0,0,0,0,653.25,0.0,0,15,3,11,5,10,62.5,0,40,26,65.0,10,118,16,8,114,57.0,237,752,996,1740,229.1,18,6,2150,21,3,0,Dani Vivian,Athletic Club,910978,2825
24,0,0.0,175,28,65.12,359,318,677,88.96,22,55.0,18,19,2,0,0,0,90,1,0,4,4,19,19,0,0,11,14,73,0,0,0.71,0.44,21,0,12.5,0,1,3,10,9,1,0,1,,86,60.99,0,0,0,84,18,11,1,11,1096,1,,0,0,0,1,0.0,0,0,0,0,124,5,0,7.16,0,0,0,0,0,0,0,0,1096.0,0.0,0,6,2,2,2,15,60.0,0,42,26,61.9,11,47,25,2,108,59.67,43,416,347,761,136.0,8,1,1016,31,2,0,Eduardo Camavinga,Real Madrid,973887,2829
62,1,50.0,106,87,49.15,412,798,1209,87.74,61,64.89,33,21,0,0,0,0,73,1,3,2,8,89,21,0,0,3,6,54,0,0,0.27,2.4,11,0,0.0,12,0,0,15,14,1,0,0,,54,72.0,0,0,1,169,13,6,0,21,1763,0,,0,1,0,1,0.0,0,0,0,0,188,0,0,7.16,0,0,0,0,0,0,0,0,0.0,0.0,0,13,2,8,5,5,71.43,0,30,24,80.0,5,106,7,2,115,68.05,177,533,847,1378,150.3,15,2,1626,19,5,0,Nayef Aguerd,Real Sociedad,877102,2824
3,0,0.0,96,5,55.56,167,71,238,57.21,137,50.37,135,38,4,0,0,0,54,3,12,20,1,25,38,0,0,44,10,255,0,0,1.15,18.59,47,0,21.21,0,21,25,42,37,5,21,0,,64,34.78,7,0,1,178,2,16,13,34,2966,15,,0,0,8,0,100.0,0,8,0,6,345,15,0,7.14,0,0,0,0,0,0,0,0,141.24,0.0,0,91,8,42,37,10,25.64,0,20,9,45.0,16,11,39,6,201,44.08,9,328,94,416,271.4,99,5,869,35,4,0,Ante Budimir,Osasuna,37318,2820
50,0,0.0,150,89,56.69,500,1070,1570,88.95,131,60.09,87,36,0,0,0,0,104,4,4,7,9,221,36,0,1,6,6,145,0,1,0.96,2.0,50,0,5.71,88,2,2,38,33,5,2,0,,42,42.0,1,0,0,195,29,13,0,36,3209,2,,0,0,0,0,0.0,0,0,0,0,215,2,0,7.14,1,0,0,0,0,0,0,0,1604.5,0.0,0,33,2,20,8,2,66.67,0,31,18,58.06,13,87,3,3,173,54.4,157,640,1128,1765,257.1,35,4,2219,9,7,0,Antonio Raíllo,Mallorca,807116,2826
40,12,14.12,177,55,38.19,397,339,724,74.41,47,47.0,53,34,1,0,0,0,117,5,2,4,8,111,34,0,0,15,35,151,0,2,1.4,2.19,37,0,7.41,3,2,3,40,33,7,2,0,,157,61.57,1,0,0,249,47,19,0,33,2923,2,,0,0,0,0,0.0,0,0,0,3,460,5,0,7.14,0,1,0,0,0,0,0,0,1461.5,0.0,0,19,8,14,9,17,56.67,0,96,61,63.54,19,80,30,85,204,57.46,144,657,401,973,242.8,27,1,1933,45,11,0,Nahuel Tenaglia,Deportivo Alavés,896073,2885
20,5,35.71,335,45,72.58,739,531,1265,95.11,3,75.0,1,23,0,0,0,0,87,3,0,2,3,10,22,0,0,7,20,43,1,1,2.03,0.35,13,0,0.0,1,0,0,11,11,0,0,0,,78,65.0,0,0,0,65,14,22,0,15,1225,0,,0,0,0,0,0.0,0,0,0,0,98,11,0,7.13,0,0,0,0,0,0,0,0,0.0,0.0,0,2,5,2,3,8,72.73,0,41,21,51.22,22,28,11,14,81,65.32,62,794,550,1330,156.9,7,2,1524,30,4,0,Dani Ceballos,Real Madrid,547838,2829
52,47,34.56,322,64,65.31,607,285,845,79.72,28,42.42,38,36,5,0,0,0,122,10,0,11,1,28,36,0,0,21,34,147,0,1,4.63,3.05,36,2,18.52,0,5,10,32,28,4,3,2,,95,46.57,0,0,0,215,15,50,4,30,2438,10,,0,1,0,0,0.0,0,0,0,1,392,12,0,7.13,0,1,0,0,0,0,0,0,487.6,66.67,3,21,6,6,10,12,37.5,0,52,31,59.62,49,81,32,136,123,45.56,98,869,327,1060,256.5,27,0,1554,31,2,0,Rubén García,Osasuna,260031,2820
102,16,27.12,444,103,57.54,834,598,1416,84.09,4,36.36,7,34,5,0,0,0,128,10,0,7,4,14,34,0,0,24,19,83,1,2,5.84,1.29,19,0,15.79,0,3,8,17,16,1,1,2,,96,55.81,0,0,0,268,6,42,0,23,2113,0,,0,0,0,0,0.0,0,0,0,0,397,11,0,7.11,0,3,0,0,0,0,0,0,704.33,0.0,0,5,14,8,4,14,48.28,0,33,26,78.79,42,182,29,59,100,54.64,179,1096,647,1684,241.9,19,1,2050,49,7,0,Rodrigo De Paul,Atlético Madrid,249399,2836
26,58,25.11,316,40,48.78,641,392,975,84.56,20,46.51,23,37,5,0,0,0,146,16,2,4,7,23,37,0,0,16,26,114,0,2,7.55,1.89,29,1,11.11,0,2,7,33,30,3,1,1,,109,54.5,0,0,0,178,19,57,1,31,2743,9,,0,1,0,1,0.0,0,0,0,0,449,15,0,7.11,0,1,0,0,0,0,0,0,1371.5,20.0,5,6,12,4,10,22,46.81,0,71,39,54.93,56,46,47,231,129,53.09,82,938,446,1153,263.0,18,1,1813,16,4,0,Sergio Gómez,Real Sociedad,855835,2824
13,12,27.27,245,15,75.0,359,132,479,83.45,16,47.06,18,28,6,0,0,0,53,9,4,9,2,12,28,0,0,20,11,98,0,0,4.09,3.94,20,0,7.89,0,3,9,23,17,6,2,1,,74,48.05,1,0,2,95,5,33,1,15,1495,8,,0,0,0,0,0.0,0,0,0,1,235,7,0,7.11,0,1,0,0,0,0,0,0,498.33,0.0,1,28,10,12,17,27,48.21,0,22,9,40.91,33,21,56,44,90,47.87,20,463,155,574,199.0,38,1,915,25,3,0,Nicolas Pépé,Villarreal,593526,2819
24,0,0.0,9,83,34.16,36,643,679,80.26,9,100.0,0,30,0,0,0,0,236,1,0,0,11,24,30,0,0,0,0,1,0,1,0.02,,0,0,0.0,148,0,0,29,28,1,0,0,1.8,1,50.0,0,15,0,167,1,1,0,30,2700,0,,1,0,0,0,0.0,3,0,0,0,173,0,9,7.11,0,0,7,48,28,77,3,19,0.0,0.0,0,0,0,0,0,0,0.0,7,0,0,0.0,1,42,1,0,10,90.91,243,161,685,846,213.2,0,1,1146,2,1,0,Thibaut Courtois,Real Madrid,70988,2829
70,10,23.81,361,110,54.73,863,1226,2079,90.47,70,61.95,43,31,0,0,0,0,176,3,1,10,7,118,31,0,1,9,19,107,2,2,2.04,3.97,31,0,8.82,8,3,3,39,35,4,3,0,,79,55.24,0,0,0,219,34,21,3,29,2655,2,,0,0,3,1,100.0,0,3,0,0,296,8,0,7.11,2,0,0,0,0,0,0,0,885.0,0.0,7,19,15,11,13,16,66.67,0,35,21,60.0,21,126,24,42,149,58.2,201,1031,1309,2298,220.3,34,3,2769,28,9,1,Marcos Alonso,Celta Vigo,69408,2821
15,3,30.0,113,19,67.86,168,67,232,79.73,17,80.95,4,17,2,0,0,0,25,7,1,5,0,7,17,0,0,9,9,43,0,0,1.91,4.15,10,0,11.54,0,3,5,10,6,4,3,0,,36,48.0,0,0,1,59,2,17,3,6,717,1,,0,0,3,0,100.0,0,3,0,1,111,7,0,7.11,0,0,0,0,0,0,0,0,239.0,0.0,0,20,6,9,12,18,58.06,0,7,4,57.14,17,25,31,10,53,55.21,28,225,76,291,120.8,26,1,446,11,0,0,Gerard Moreno,Villarreal,146866,2819
45,2,66.67,96,84,44.92,378,614,990,84.4,51,53.68,44,21,0,0,0,0,83,1,0,1,10,127,21,0,0,7,7,74,0,1,0.4,0.48,15,0,11.11,10,1,1,11,10,1,1,0,,44,59.46,1,0,1,183,34,4,0,20,1788,0,,0,0,0,0,0.0,0,0,0,0,209,2,0,7.1,0,0,0,0,0,0,0,0,1788.0,0.0,0,7,2,6,2,6,66.67,0,25,13,52.0,4,100,9,3,95,56.21,187,505,671,1173,149.2,9,3,1459,15,4,0,Yeray Álvarez,Athletic Club,807648,2825
102,3,37.5,209,175,46.05,613,1109,1719,84.02,93,59.62,63,37,3,0,0,0,156,3,2,14,9,178,37,0,0,4,20,134,0,1,1.14,3.56,50,1,3.45,14,2,5,45,37,8,1,1,,68,48.92,1,0,4,327,41,14,0,37,3326,0,,0,0,0,3,0.0,0,0,0,0,356,0,0,7.1,0,1,0,0,0,0,0,0,1663.0,5.0,20,24,34,27,17,4,80.0,0,46,28,60.87,14,184,5,8,161,54.58,380,861,1193,2046,262.7,58,4,2532,19,8,0,Florian Lejeune,Rayo Vallecano,88528,2818
62,55,27.36,354,83,48.54,709,420,1074,81.24,32,45.71,38,33,4,0,0,0,168,5,0,11,5,28,33,0,0,17,37,137,1,2,4.95,1.83,38,0,3.13,0,1,5,34,28,6,1,0,,129,56.58,0,0,1,248,24,70,0,32,2878,0,,0,0,1,1,100.0,0,1,0,0,485,13,0,7.1,0,1,0,0,0,0,0,0,2878.0,0.0,4,6,26,13,8,21,60.0,0,61,40,65.57,70,138,35,201,161,54.03,171,1055,468,1322,234.3,32,1,1918,48,5,0,Luis Milla,Getafe,811629,2859
10,0,0.0,68,26,54.17,299,361,660,91.92,33,61.11,21,12,1,0,0,0,27,1,1,0,1,22,12,0,0,1,1,32,0,0,0.25,0.95,9,0,25.0,1,1,2,5,5,0,1,0,,16,59.26,1,0,0,58,9,4,0,11,766,0,,0,0,0,0,0.0,0,0,0,0,63,0,0,7.1,0,0,0,0,0,0,0,0,766.0,0.0,0,3,1,2,2,0,0.0,0,12,9,75.0,4,18,1,0,49,60.49,48,336,382,718,85.2,4,1,808,4,3,0,Ronald Araújo,FC Barcelona,925097,2817
1,0,0.0,0,3,27.27,0,40,40,83.33,1,100.0,0,2,0,0,0,0,15,0,0,0,2,0,2,0,0,0,0,0,0,0,0.0,,0,0,0.0,13,0,0,0,0,0,0,0,0.1,0,0.0,0,2,0,8,0,0,0,2,180,0,,0,0,0,0,0.0,0,0,0,0,9,0,0,7.1,0,0,1,1,1,2,0,1,0.0,0.0,0,0,0,0,0,0,0.0,1,0,0,0.0,0,4,0,0,1,100.0,11,6,42,48,14.2,0,0,65,1,0,0,Juan Musso,Atlético Madrid,263651,2836
41,1,8.33,284,64,63.37,874,989,1862,92.91,74,73.27,27,32,0,0,0,0,143,2,3,4,10,91,32,0,0,8,20,82,0,1,0.91,1.65,26,0,0.0,23,0,0,31,28,3,0,0,,81,59.56,0,0,0,142,46,5,0,31,2692,0,,0,0,0,1,0.0,0,0,0,0,190,6,0,7.1,0,0,0,0,0,0,0,0,0.0,0.0,0,12,7,12,3,10,76.92,0,47,23,48.94,5,71,13,12,155,65.4,101,976,1040,2004,227.1,19,0,2375,24,5,0,Aurélien Tchouaméni,Real Madrid,859025,2829
75,0,0.0,110,100,50.76,402,788,1190,87.76,38,50.0,38,23,1,0,0,0,74,2,1,3,10,103,23,0,0,3,4,73,0,1,0.74,2.41,29,0,20.0,7,2,3,18,13,5,2,0,,48,57.83,0,0,0,166,22,5,2,23,1976,2,,0,0,0,2,0.0,0,0,0,0,182,1,0,7.1,0,0,0,0,0,0,0,0,988.0,0.0,1,9,1,3,4,3,100.0,0,27,17,62.96,5,130,3,4,86,54.09,197,502,858,1356,163.2,10,4,1611,19,9,0,Clément Lenglet,Atlético Madrid,580550,2836
90,21,15.11,461,99,48.29,874,586,1439,80.89,11,50.0,11,34,6,0,0,0,138,12,2,11,4,36,33,0,1,14,43,123,0,7,6.43,1.46,24,1,12.12,0,4,10,47,44,3,3,1,,94,45.63,0,0,0,340,22,35,1,31,2741,2,,0,0,0,0,0.0,0,0,0,1,595,7,0,7.09,1,3,0,0,0,0,0,0,685.25,12.5,8,11,22,12,10,25,44.64,0,38,24,63.16,35,164,56,139,105,46.05,205,1235,683,1779,234.1,33,1,2560,31,6,0,Óscar Mingueza,Celta Vigo,859773,2821
68,0,0.0,52,212,35.81,116,543,659,63.12,10,100.0,0,32,0,0,0,0,286,0,0,0,8,26,32,1,0,0,2,3,0,4,0.07,,1,0,0.0,184,0,0,39,31,8,0,0,1.43,17,85.0,0,30,0,385,0,1,0,32,2880,0,,0,0,0,0,0.0,8,0,2,0,394,0,11,7.09,0,0,16,64,31,96,2,22,0.0,0.0,0,0,0,0,0,6,100.0,13,4,2,50.0,1,110,6,0,27,90.0,592,448,596,1044,227.0,0,1,1361,6,6,0,Augusto Batalla,Rayo Vallecano,358910,2818
20,0,0.0,47,221,42.34,174,438,612,66.96,10,83.33,2,31,0,0,0,0,239,0,0,0,7,28,31,0,0,0,0,2,0,1,0.09,,0,0,0.0,193,0,0,34,28,6,0,0,1.14,2,100.0,0,14,0,302,0,0,0,31,2790,0,,0,0,0,0,0.0,2,0,0,0,313,0,15,7.09,0,0,7,58,25,85,3,22,0.0,0.0,0,0,0,0,0,2,100.0,7,0,0,0.0,0,28,2,0,12,85.71,522,418,496,914,219.8,0,3,1190,3,1,0,Dominik Greif,Mallorca,791046,2826
33,31,27.93,233,35,31.82,460,466,895,79.98,43,60.56,28,35,7,0,0,0,131,10,5,5,3,99,35,0,0,11,30,121,0,1,4.63,2.46,38,0,5.0,0,1,8,44,32,12,1,0,,107,53.5,0,0,1,224,40,46,1,34,2955,3,,0,1,0,1,0.0,0,0,0,0,383,6,0,7.08,0,0,0,0,0,0,0,0,2955.0,0.0,0,16,4,9,6,10,38.46,0,71,48,67.61,45,73,26,111,150,55.35,110,682,548,1119,247.9,20,2,1916,28,11,0,Sergi Cardona,Villarreal,986245,2819
6,3,17.65,148,4,40.0,203,63,263,77.58,5,35.71,9,27,6,0,0,0,27,6,11,10,0,4,26,0,1,13,5,40,0,0,2.62,7.95,5,0,20.83,0,10,16,21,20,1,8,2,,35,53.03,1,0,2,76,4,19,2,12,1109,6,,0,0,0,0,0.0,0,0,0,0,142,9,0,7.08,1,7,0,0,0,0,0,0,110.9,0.0,2,35,13,16,22,11,57.89,0,8,4,50.0,19,14,19,17,40,50.0,10,283,73,339,184.0,48,1,534,16,1,0,Ferran Torres,FC Barcelona,855833,2817
14,37,29.84,234,14,58.33,443,191,597,81.67,10,34.48,19,27,5,0,0,0,69,9,1,12,3,15,27,0,0,25,10,85,0,1,4.31,2.81,14,0,5.71,0,2,7,34,30,4,2,0,,61,48.03,0,0,0,134,15,33,2,23,1920,4,,0,0,0,0,0.0,0,0,0,1,302,12,0,7.07,0,0,0,0,0,0,0,0,960.0,0.0,5,19,16,13,10,15,44.12,0,19,12,63.16,33,28,34,124,71,45.51,24,644,211,731,191.0,35,2,1133,28,1,0,Viktor Tsygankov,Girona FC,319735,24264
17,0,0.0,2,27,51.92,9,136,145,84.8,2,100.0,0,7,1,0,0,0,49,1,0,0,4,8,7,0,0,0,0,0,0,0,0.01,,0,0,0.0,45,0,1,7,5,2,0,0,-0.76,2,100.0,0,2,0,26,0,1,0,7,630,0,,0,0,0,0,0.0,0,0,0,0,28,0,5,7.07,0,0,4,7,6,13,1,1,0.0,0.0,0,0,0,0,0,0,0.0,4,1,0,0.0,1,30,0,0,4,100.0,52,21,150,171,49.5,0,0,228,1,0,0,Andriy Lunin,Real Madrid,857574,2829
26,23,27.06,326,24,58.54,525,162,664,77.03,11,36.67,19,36,0,0,0,0,118,9,2,16,2,10,36,0,0,48,24,176,0,1,3.75,3.56,21,0,11.63,0,5,5,28,27,1,5,0,,179,53.27,0,0,1,198,17,45,5,27,2382,8,,0,0,0,0,0.0,0,0,0,1,485,22,0,7.07,0,0,0,0,0,0,0,0,476.4,0.0,0,35,8,13,14,75,53.19,0,31,20,64.52,45,49,141,85,190,51.91,41,748,199,862,254.5,43,1,1534,73,5,0,Takefusa Kubo,Real Sociedad,880218,2824
1,1,100.0,10,2,50.0,16,12,27,84.38,0,0.0,0,3,0,0,0,0,2,0,0,0,0,0,3,0,0,0,0,1,0,0,0.13,0.2,1,0,25.0,0,1,1,0,0,0,0,1,,2,66.67,0,0,0,5,1,1,0,1,71,0,,0,0,0,0,0.0,0,0,0,0,6,0,0,7.07,0,1,0,0,0,0,0,0,71.0,0.0,0,1,3,2,2,1,100.0,0,1,1,100.0,1,1,1,1,2,66.67,4,18,15,32,21.2,4,0,45,0,0,0,Arsen Zakharyan,Real Sociedad,1066045,2824
29,0,0.0,31,126,40.0,87,281,368,65.83,6,100.0,0,21,0,0,0,0,173,0,0,0,10,18,21,0,0,1,0,1,3,1,0.05,,0,0,0.0,117,0,0,14,13,1,0,0,2.68,3,75.0,0,17,0,191,1,0,0,21,1890,0,,0,0,0,0,0.0,2,0,1,0,201,0,4,7.07,0,0,16,35,13,48,0,9,0.0,0.0,0,0,0,0,0,0,0.0,16,0,0,0.0,0,44,0,0,9,90.0,315,243,316,559,148.4,0,0,748,3,0,0,Unai Simón,Athletic Club,797291,2825
81,1,50.0,95,139,47.6,428,844,1271,84.17,68,66.02,35,35,3,0,0,0,108,4,4,3,7,219,35,0,0,1,17,89,0,2,1.89,2.27,36,0,5.0,10,1,4,45,38,7,1,0,,67,55.37,1,0,0,239,35,10,0,35,3076,1,,0,0,0,1,0.0,0,0,0,1,261,0,0,7.07,0,0,0,0,0,0,0,0,3076.0,0.0,0,19,1,12,5,8,80.0,0,46,28,60.87,10,165,10,2,135,60.27,292,617,895,1510,247.3,20,2,1957,14,11,0,Alejandro Catena,Osasuna,900792,2820
29,4,40.0,107,26,48.15,236,229,461,87.64,5,27.78,13,14,2,0,0,0,51,2,0,4,2,12,14,0,0,7,8,44,0,2,0.5,1.06,16,0,16.67,0,2,4,10,10,0,1,1,,29,48.33,0,0,0,65,14,12,2,11,909,0,,0,0,0,0,0.0,0,0,0,0,90,4,0,7.06,0,0,0,0,0,0,0,0,454.5,0.0,1,7,5,4,4,4,80.0,0,20,14,70.0,12,48,5,10,34,43.59,54,292,244,526,98.9,12,1,661,5,4,0,Marc Roca,Real Betis,847128,2816
26,25,20.16,287,32,54.24,532,240,747,81.73,18,46.15,21,38,2,0,0,0,120,9,12,19,3,13,38,0,1,57,12,201,0,2,4.02,10.02,39,0,11.7,0,11,13,47,36,11,10,1,,161,47.21,0,0,5,167,11,55,9,36,3098,27,,0,1,1,0,100.0,0,1,0,0,532,14,0,7.06,1,2,0,0,0,0,0,0,281.64,0.0,2,57,37,36,39,84,52.83,0,22,14,63.64,54,48,159,124,179,47.11,59,767,271,914,268.3,94,2,1688,55,3,0,Dodi Lukebakio,Sevilla,823631,2833
56,5,35.71,289,59,59.6,613,548,1156,85.63,32,39.51,49,35,2,0,0,0,160,3,3,9,4,52,35,0,0,44,34,176,0,1,2.59,4.67,37,0,10.26,0,4,6,42,31,11,4,0,,130,50.58,1,0,1,194,19,28,3,30,2581,1,,0,1,0,0,0.0,0,0,0,0,308,10,0,7.06,0,0,0,0,0,0,0,0,645.25,0.0,0,32,7,22,8,18,56.25,0,85,49,57.65,27,96,32,14,162,47.93,99,757,607,1350,247.0,39,3,1844,27,8,0,Santi Comesaña,Villarreal,843678,2819
73,27,25.47,236,69,55.2,442,242,657,81.82,16,55.17,13,25,2,0,0,1,61,3,1,5,0,20,25,0,0,7,13,62,0,0,2.56,4.78,28,0,29.41,0,5,7,20,16,4,4,1,,49,50.0,0,0,1,146,9,31,0,15,1415,1,,0,1,4,0,75.0,0,3,0,0,254,6,0,7.06,0,5,0,0,0,0,0,0,283.0,0.0,5,9,8,4,8,6,85.71,0,32,18,56.25,30,121,7,106,65,51.18,125,633,276,803,176.4,17,1,1075,11,4,0,Joan Jordán,Deportivo Alavés,591750,2885
79,4,20.0,230,89,54.27,487,423,906,81.55,32,57.14,24,34,0,0,0,0,126,2,1,14,1,49,34,0,1,19,9,97,1,1,2.12,3.31,31,0,7.27,0,4,4,29,23,6,1,3,,126,63.32,0,0,2,205,27,17,4,26,2232,4,,0,0,0,1,0.0,0,0,0,0,302,14,0,7.05,2,0,0,0,0,0,0,0,558.0,0.0,0,31,24,24,17,11,40.74,0,54,26,48.15,17,135,27,20,158,61.96,164,656,475,1111,239.7,55,2,1553,62,4,1,Pape Gueye,Villarreal,879694,2819
23,8,12.7,351,32,58.18,670,601,1263,89.89,8,36.36,14,32,5,0,0,0,83,8,1,7,5,31,31,0,0,13,21,90,1,0,3.94,1.44,29,0,6.67,0,1,6,33,30,3,1,0,,107,58.47,0,0,0,142,17,33,1,25,2219,3,,0,0,0,0,0.0,0,0,0,0,274,2,0,7.05,0,0,0,0,0,0,0,0,2219.0,0.0,1,9,6,5,3,19,55.88,0,58,34,58.62,33,50,34,63,115,56.1,55,818,650,1405,218.5,15,1,1927,32,4,0,Lucas Vázquez,Real Madrid,255239,2829
65,1,100.0,92,100,42.74,274,667,940,81.74,51,54.84,42,25,1,0,0,0,88,0,0,4,2,145,25,0,0,5,11,80,0,0,0.26,1.19,15,0,11.11,8,2,3,29,27,2,2,0,,53,58.24,2,0,0,210,33,4,0,23,2101,2,,0,0,0,1,0.0,0,0,0,0,243,1,0,7.05,0,0,0,0,0,0,0,0,1050.5,0.0,1,12,6,9,5,7,46.67,0,33,19,57.58,4,132,15,1,104,56.52,234,425,726,1150,176.2,18,1,1517,14,2,0,Marc Bartra,Real Betis,99519,2816
24,1,7.69,154,14,51.85,274,109,382,66.9,112,52.09,103,35,0,0,0,0,90,0,5,10,3,23,35,0,0,42,11,210,0,0,1.56,9.84,49,0,20.63,0,13,13,25,19,6,13,0,,89,45.41,3,0,1,189,1,13,4,29,2560,22,,0,0,3,0,100.0,0,3,0,1,366,22,0,7.05,1,6,0,0,0,0,0,0,196.92,0.0,0,54,9,26,27,13,39.39,0,19,14,73.68,13,40,33,13,201,48.91,27,453,131,571,246.6,63,2,999,59,3,1,Kike García,Deportivo Alavés,84972,2885
33,0,0.0,11,142,44.24,78,505,583,76.31,4,100.0,0,36,0,0,0,0,268,0,0,0,15,25,36,1,0,0,0,0,1,1,0.03,,0,0,0.0,277,0,0,30,25,5,0,0,-3.98,3,100.0,0,27,0,181,0,0,0,36,3240,0,,0,0,0,0,0.0,5,0,0,0,186,0,8,7.04,0,0,16,56,30,86,0,16,0.0,0.0,0,0,0,0,0,2,100.0,16,0,0,0.0,0,58,2,0,7,100.0,321,208,556,764,253.6,0,2,1100,2,0,0,Jan Oblak,Atlético Madrid,69768,2836
26,23,21.1,238,27,41.54,374,162,513,71.25,10,35.71,18,36,5,0,0,0,94,6,9,16,2,33,36,0,0,16,19,84,1,0,5.94,7.67,18,0,5.63,0,4,9,34,28,6,4,0,,61,48.03,0,0,1,207,32,50,2,28,2566,16,,0,0,0,1,0.0,0,0,0,1,392,17,0,7.04,0,2,0,0,0,0,0,0,641.5,0.0,0,52,19,29,26,10,40.0,0,33,24,72.73,50,41,25,109,71,45.81,65,615,214,720,253.5,71,0,1220,19,4,0,Álvaro García,Rayo Vallecano,345111,2818
32,0,0.0,6,57,34.76,30,312,342,75.66,2,100.0,0,15,0,0,0,0,129,0,0,0,4,8,15,0,0,0,1,2,0,0,0.03,,1,0,0.0,76,0,0,18,18,0,0,0,0.34,2,50.0,0,9,0,110,0,2,0,15,1350,0,,0,0,0,1,0.0,3,0,0,0,113,0,1,7.04,0,0,12,26,11,37,3,3,0.0,0.0,0,0,0,0,0,0,0.0,12,0,0,0.0,2,46,0,0,4,66.67,164,117,335,452,105.6,0,1,587,2,1,0,Rui Silva,Real Betis,253809,2816
16,2,11.11,198,21,65.63,324,134,456,83.82,12,48.0,13,29,1,0,0,0,77,1,5,12,1,6,29,0,0,45,9,103,0,0,1.49,9.73,16,0,30.0,0,15,16,15,11,4,12,3,,61,40.4,3,0,1,88,5,21,1,19,1626,5,,0,0,3,0,100.0,0,3,0,0,233,9,0,7.04,0,11,0,0,0,0,0,0,108.4,0.0,1,34,16,18,20,24,53.33,0,13,8,61.54,21,31,45,18,73,41.48,32,412,150,544,204.1,50,4,857,24,2,0,Oihan Sancet,Athletic Club,966801,2825
10,4,19.05,112,9,56.25,204,101,301,68.56,52,49.06,54,24,3,0,0,1,48,4,8,5,0,26,24,0,0,30,10,156,0,0,1.84,8.8,39,0,20.41,0,10,13,33,32,1,9,1,,75,42.37,1,0,2,138,4,16,2,22,1877,20,,0,0,3,0,66.67,0,2,0,0,282,10,0,7.04,0,7,0,0,0,0,0,0,187.7,0.0,0,44,5,20,24,21,42.0,0,12,7,58.33,16,21,50,21,127,44.88,16,329,131,439,168.9,49,0,800,43,7,0,Fábio Silva,UD Las Palmas,954076,6577
61,58,35.58,312,76,56.3,610,356,908,81.43,14,58.33,10,38,6,0,0,0,122,10,2,9,4,21,38,0,0,30,29,119,0,1,5.29,2.21,21,0,5.56,0,2,8,33,28,5,2,0,,110,50.23,0,0,2,207,16,55,0,34,2769,3,,0,1,0,0,0.0,0,0,0,0,424,12,0,7.04,0,2,0,0,0,0,0,0,1384.5,0.0,1,11,25,18,9,34,53.13,0,40,26,65.0,54,124,64,163,124,51.03,135,880,398,1115,267.4,36,4,1654,37,4,0,Sergi Darder,Mallorca,110783,2826
103,9,21.43,494,147,61.25,1104,1105,2200,90.2,17,41.46,24,34,2,0,0,0,116,5,0,4,8,88,34,0,0,12,17,82,2,0,2.49,0.48,19,0,0.0,13,0,2,46,35,11,0,0,,80,57.97,0,0,0,239,32,19,0,31,2779,1,,0,0,0,0,0.0,0,0,0,0,331,3,0,7.04,0,0,0,0,0,0,0,0,0.0,0.0,0,6,4,2,4,15,57.69,0,49,27,55.1,19,169,26,42,97,54.19,240,1293,1188,2439,239.2,10,3,2940,16,2,0,Daley Blind,Girona FC,44864,24264
34,0,0.0,279,34,56.67,702,516,1218,89.89,9,28.13,23,23,3,0,0,0,90,3,1,6,4,15,23,0,0,9,21,82,1,0,1.8,1.06,26,0,7.14,0,1,4,14,12,2,1,0,,83,58.45,0,0,0,137,22,9,1,20,1623,0,,0,0,0,0,0.0,0,0,0,0,177,4,0,7.03,1,0,0,0,0,0,0,0,1623.0,0.0,0,4,10,7,1,4,50.0,0,44,25,56.82,9,59,8,9,92,52.87,60,814,550,1355,161.8,14,0,1594,36,2,1,Marc Casadó,FC Barcelona,1000483,2817
22,13,19.7,387,33,45.21,725,457,1169,88.96,17,44.74,21,31,2,0,0,0,106,3,2,5,7,52,29,0,0,10,23,82,0,1,2.28,0.87,13,0,0.0,0,0,2,23,22,1,0,0,,81,57.04,0,0,0,145,28,24,0,24,2189,4,,0,0,0,0,0.0,0,0,0,0,252,4,0,7.03,0,0,0,0,0,0,0,0,0.0,0.0,0,9,5,6,3,8,34.78,0,51,36,70.59,24,42,23,66,98,54.44,73,862,518,1314,204.0,14,2,1853,22,0,0,Fran García,Real Madrid,851271,2829
73,1,25.0,161,114,62.64,558,1139,1696,92.22,36,58.06,26,29,0,0,0,0,102,1,4,6,11,94,29,0,0,2,4,47,0,1,0.91,1.72,15,0,0.0,15,0,0,25,23,2,0,0,,37,63.79,0,0,0,143,9,7,0,26,2298,2,,0,0,0,1,0.0,0,0,0,2,164,1,0,7.03,0,0,0,0,0,0,0,0,0.0,0.0,0,15,9,14,4,3,60.0,0,20,13,65.0,7,122,5,4,73,60.83,182,662,1181,1839,204.0,24,1,2098,15,3,0,Antonio Rüdiger,Real Madrid,142622,2829
14,19,16.52,209,9,33.33,369,135,485,70.49,30,57.69,22,35,8,0,0,0,87,14,11,15,8,30,35,0,0,44,11,152,0,0,5.04,7.39,22,0,9.52,0,6,14,23,19,4,6,0,,89,40.64,0,0,5,203,12,43,2,29,2653,17,,0,0,0,0,0.0,0,0,0,1,475,14,0,7.03,0,4,0,0,0,0,0,0,442.17,0.0,0,46,17,24,24,33,37.08,0,17,10,58.82,43,31,89,115,119,43.91,27,646,157,688,246.2,63,5,1283,39,1,0,Iñaki Williams,Athletic Club,783374,2825
2,0,0.0,9,36,29.27,34,44,78,47.27,0,0.0,0,6,0,0,0,0,56,0,0,0,1,4,6,0,1,0,0,0,0,0,0.01,,0,0,0.0,54,0,0,7,7,0,0,0,1.94,4,100.0,0,7,0,87,0,0,0,6,540,0,,1,0,0,0,0.0,0,0,0,0,87,0,2,7.03,1,0,1,16,3,19,0,5,0.0,0.0,0,0,0,0,0,0,0.0,1,1,1,100.0,0,3,0,0,4,100.0,123,115,50,165,42.2,0,0,221,3,1,0,Juan Soriano,Leganés,547246,2845
82,13,35.14,351,95,65.97,726,627,1340,88.98,25,73.53,9,36,3,0,0,1,142,2,1,3,1,36,36,0,0,13,25,69,0,1,1.91,2.5,20,0,21.43,0,3,6,36,25,11,3,0,,96,61.54,0,0,2,166,24,23,1,26,2277,1,,0,0,2,0,50.0,0,1,0,0,227,12,0,7.03,0,2,0,0,0,0,0,0,759.0,0.0,0,8,6,7,4,8,72.73,0,52,40,76.92,23,125,11,37,121,63.68,144,858,685,1506,253.1,14,2,1809,37,7,0,Dani Parejo,Villarreal,39182,2819
105,2,33.33,171,148,40.66,332,392,722,66.36,102,65.81,53,34,0,0,0,0,115,2,1,11,6,238,34,0,0,9,11,113,0,1,0.92,1.72,33,0,2.63,6,1,1,35,29,6,1,0,,71,54.2,1,0,1,366,38,11,0,34,2978,8,,0,0,0,4,0.0,0,0,0,1,434,3,0,7.03,0,0,0,0,0,0,0,0,2978.0,0.0,7,20,18,17,10,18,64.29,0,43,29,67.44,11,231,28,6,173,60.49,364,625,469,1088,239.0,38,2,1641,12,8,0,Omar Alderete,Getafe,805137,2859
39,45,29.41,278,34,54.84,622,433,1010,88.36,5,23.81,16,29,5,0,0,0,144,6,2,7,5,30,29,0,0,25,20,113,0,3,4.56,1.64,29,0,3.57,0,1,6,41,33,8,1,0,,99,50.51,0,0,0,133,16,41,1,29,2464,6,,0,0,0,1,0.0,0,0,0,0,348,11,0,7.03,0,0,0,0,0,0,0,0,2464.0,0.0,3,12,16,12,9,29,54.72,0,37,24,64.86,41,61,53,153,104,47.93,62,828,468,1143,203.8,28,3,1842,34,4,0,Miguel Gutiérrez,Girona FC,908716,24264
7,0,0.0,26,23,74.19,135,358,493,90.79,23,58.97,16,14,1,0,0,0,32,1,0,1,2,33,13,0,0,0,2,23,0,1,0.65,0.03,4,0,0.0,3,0,1,8,7,1,0,0,,22,75.86,0,0,0,50,11,2,0,9,858,1,,0,0,0,0,0.0,0,0,0,0,61,0,0,7.02,0,0,0,0,0,0,0,0,0.0,0.0,0,1,0,0,0,1,50.0,0,16,12,75.0,2,11,2,0,45,66.18,31,165,378,543,91.3,1,1,654,5,1,0,Axel Witsel,Atlético Madrid,35612,2836
23,0,0.0,98,310,41.5,270,187,457,51.12,6,85.71,1,32,0,0,0,0,238,0,0,0,8,38,32,2,1,0,0,4,0,0,0.17,,4,0,0.0,229,0,0,39,35,4,0,0,0.45,6,66.67,0,28,0,437,0,1,0,32,2812,0,,1,0,0,3,0.0,9,0,0,0,446,0,18,7.02,1,0,19,49,26,76,0,15,0.0,0.0,0,0,0,0,0,0,0.0,19,2,1,50.0,1,35,0,0,12,75.0,747,675,219,894,224.7,0,2,1124,5,6,0,Antonio Sivera,Deportivo Alavés,369004,2885
29,13,27.66,238,25,71.43,428,120,535,86.15,9,30.0,21,28,5,0,0,0,66,8,4,11,1,2,27,0,1,16,24,109,0,0,4.28,5.67,27,0,14.63,0,6,11,15,14,1,5,1,,65,42.48,1,0,0,86,5,29,2,12,1255,5,,0,0,0,0,0.0,0,0,0,0,210,19,0,7.02,1,3,0,0,0,0,0,0,209.17,0.0,0,23,18,14,16,25,49.02,0,19,15,78.95,29,41,51,47,74,40.44,35,531,137,621,189.5,41,2,920,21,4,0,Fermín López,FC Barcelona,1153270,2817
32,0,0.0,31,149,32.32,101,442,543,63.36,4,66.67,2,27,0,0,0,0,230,0,0,0,3,15,27,1,0,0,3,5,1,1,0.04,,0,0,0.0,179,0,0,42,39,3,0,0,2.58,4,57.14,0,12,0,314,0,0,0,27,2337,0,,0,0,0,0,0.0,8,0,3,0,323,0,4,7.02,0,0,7,62,26,91,0,18,0.0,0.0,0,0,0,0,0,0,0.0,6,1,0,0.0,0,71,0,0,8,61.54,461,348,509,857,189.5,0,1,1141,5,1,0,Jasper Cillessen,UD Las Palmas,123865,6577
4,3,16.67,48,7,87.5,92,42,131,79.88,7,53.85,6,11,0,0,0,0,30,1,0,3,0,9,11,0,0,10,6,47,0,0,1.69,0.57,9,0,5.88,0,1,1,7,5,2,1,0,,51,55.43,0,0,0,33,3,9,1,7,588,1,,0,0,0,0,0.0,0,0,0,0,94,3,0,7.02,0,0,0,0,0,0,0,0,588.0,0.0,0,5,12,8,6,19,52.78,0,12,7,58.33,9,7,36,18,58,55.24,8,134,48,164,77.2,17,0,336,21,1,0,Ilias Akhomach,Villarreal,1089108,2819
85,2,16.67,321,92,52.87,758,723,1479,84.42,54,62.07,33,36,1,0,0,0,140,1,4,6,12,77,36,0,0,17,16,118,0,3,1.27,2.78,44,0,8.33,0,2,3,38,36,2,2,0,,110,56.41,0,0,0,273,44,19,1,33,2962,0,,0,0,0,0,0.0,0,0,0,1,359,10,0,7.02,0,1,0,0,0,0,0,0,1481.0,0.0,0,18,6,10,8,19,67.86,0,73,37,50.68,19,131,28,12,164,58.16,174,971,793,1752,252.6,24,0,2197,19,6,0,Martín Zubimendi,Real Sociedad,966837,2824
7,0,0.0,15,14,34.15,62,218,280,84.59,18,78.26,5,13,0,0,0,0,23,0,0,1,0,54,12,0,0,2,2,13,0,0,0.05,1.3,2,0,18.18,3,2,2,7,6,1,2,0,,14,63.64,1,0,0,51,11,1,0,7,659,0,,0,0,0,0,0.0,0,0,0,0,63,0,0,7.02,0,1,0,0,0,0,0,0,329.5,0.0,0,11,0,6,4,2,50.0,0,8,3,37.5,1,20,4,1,32,71.11,41,85,247,331,84.2,11,1,453,4,0,0,Mouctar Diakhaby,Valencia,797306,2828
27,0,0.0,337,38,79.17,739,343,1082,95.08,10,58.82,7,26,2,0,0,0,57,2,0,2,1,6,26,0,0,7,8,39,1,0,2.04,0.66,14,0,40.0,0,2,4,18,18,0,2,0,,42,56.76,0,0,0,56,12,21,1,9,1150,0,,0,0,0,1,0.0,0,0,0,0,79,7,0,7.02,0,1,0,0,0,0,0,0,575.0,0.0,0,3,2,0,3,5,62.5,0,19,11,57.89,21,41,8,6,52,57.14,48,788,356,1138,182.4,5,1,1259,18,3,0,Frenkie de Jong,FC Barcelona,795222,2817
17,0,0.0,17,29,53.7,102,181,283,87.08,13,52.0,12,10,0,0,0,0,28,0,1,0,2,46,9,0,0,0,3,25,0,1,0.07,0.23,10,0,0.0,2,0,0,5,4,1,0,0,,17,56.67,0,0,3,42,17,1,0,7,645,1,,0,0,0,0,0.0,0,0,0,0,48,0,0,7.01,0,0,0,0,0,0,0,0,0.0,0.0,0,1,0,1,0,2,100.0,0,10,5,50.0,1,27,2,0,30,54.55,54,130,195,325,63.1,1,0,427,5,4,0,Unai Núñez,Athletic Club,892521,2825
44,0,0.0,89,318,38.5,270,177,447,46.76,7,100.0,0,38,0,0,0,0,292,0,0,0,9,39,38,0,0,0,1,1,2,1,0.15,,0,0,0.0,305,0,0,39,33,6,0,0,3.56,5,83.33,0,25,0,509,1,0,0,38,3420,0,,0,0,0,0,0.0,9,0,1,0,519,0,18,7.01,0,0,19,55,32,90,1,24,0.0,0.0,0,0,0,0,0,0,0.0,18,4,4,100.0,0,58,0,0,12,92.31,826,746,210,956,266.4,0,1,1200,2,2,0,David Soria,Getafe,604258,2859
48,0,0.0,88,88,43.14,368,1010,1378,86.89,77,63.11,45,30,0,0,0,0,93,0,2,4,7,152,30,0,0,4,13,82,0,1,0.4,1.5,20,0,18.18,1,2,2,32,30,2,2,0,,64,63.37,1,0,0,208,43,6,0,29,2522,0,,1,0,0,1,0.0,0,0,0,0,229,1,0,7.01,0,1,0,0,0,0,0,0,1261.0,0.0,0,10,1,2,5,6,75.0,0,36,20,55.56,6,99,8,1,141,63.23,204,515,1072,1586,210.3,11,3,1958,23,4,0,Diego Llorente,Real Betis,305278,2816
5,1,20.0,94,4,80.0,156,73,228,65.52,98,65.77,51,35,2,0,0,0,41,2,20,14,1,28,35,0,0,32,3,129,0,0,0.71,17.02,26,0,25.32,0,20,22,13,10,3,20,0,,36,31.58,3,0,1,120,1,13,13,15,1560,8,,0,0,1,0,100.0,0,1,0,0,248,12,0,7.01,0,4,0,0,0,0,0,0,78.0,0.0,0,72,7,23,42,14,38.89,0,9,5,55.56,13,5,36,5,134,50.95,5,247,106,348,245.3,79,2,660,13,4,0,Alexander Sørloth,Atlético Madrid,309078,2836
10,0,0.0,65,207,26.47,179,179,358,38.37,15,100.0,0,32,0,0,0,0,312,0,0,0,10,48,32,1,0,0,1,2,2,1,0.08,,1,0,0.0,303,0,0,49,43,6,0,0,2.75,6,75.0,0,46,0,575,0,1,0,32,2880,0,,0,0,0,1,0.0,8,0,0,0,583,0,21,7.01,0,0,21,66,37,104,2,18,0.0,0.0,0,0,0,0,0,1,100.0,21,1,1,100.0,1,20,1,0,21,91.3,782,724,209,933,224.2,0,2,1266,6,0,0,Marko Dmitrović,Leganés,94527,2845
34,8,18.18,221,34,50.0,498,367,857,84.43,52,52.0,48,29,3,0,0,0,106,5,6,6,3,49,29,0,1,35,29,200,0,2,1.26,3.61,72,0,10.26,0,4,7,35,28,7,4,0,,151,49.83,4,0,0,158,31,17,0,27,2265,5,,0,0,0,0,0.0,0,0,0,1,309,8,0,7.0,1,0,0,0,0,0,0,0,566.25,0.0,0,27,12,19,14,19,50.0,0,66,39,59.09,17,54,38,44,203,50.37,68,652,407,1015,203.1,39,0,1526,68,10,0,Yangel Herrera,Girona FC,839585,24264
98,4,23.53,102,117,39.0,295,782,1073,76.53,77,63.64,44,33,2,0,0,0,83,2,0,6,7,195,33,0,1,1,14,82,0,2,0.75,1.18,24,0,21.05,87,4,6,41,33,8,4,0,,49,56.32,3,0,1,329,30,9,1,32,2870,0,,0,0,0,1,0.0,0,0,0,1,369,0,0,7.0,1,0,0,0,0,0,0,0,717.5,0.0,0,17,2,7,6,1,50.0,0,40,23,57.5,9,199,2,17,126,60.58,300,551,868,1402,231.1,19,3,1827,8,4,0,Leandro Cabrera,Espanyol,81992,2814
14,33,18.54,275,18,37.5,461,153,581,77.06,27,34.18,52,36,7,0,0,1,113,10,7,13,3,14,36,0,0,50,17,185,0,0,4.43,6.75,29,0,11.54,0,6,13,18,15,3,5,1,,95,41.67,1,0,2,173,10,47,3,28,2352,5,,0,1,1,0,0.0,0,0,0,2,475,21,0,7.0,0,2,0,0,0,0,0,0,392.0,0.0,3,32,20,20,19,33,44.59,0,32,16,50.0,46,50,74,178,122,39.74,48,756,176,754,252.1,52,2,1369,30,5,0,Álex Berenguer,Athletic Club,592012,2825
102,27,24.77,291,90,59.6,564,406,943,84.12,23,51.11,22,34,2,0,0,0,99,5,0,3,3,40,33,0,1,11,14,75,0,0,2.59,2.08,26,0,14.29,0,2,4,31,26,5,2,0,,70,56.91,0,0,0,178,19,32,0,18,1742,1,,0,0,2,0,100.0,0,2,0,0,299,15,0,7.0,1,2,0,0,0,0,0,0,871.0,0.0,1,6,8,5,6,8,72.73,0,43,25,58.14,32,155,11,109,93,55.36,151,789,441,1121,231.0,14,0,1465,19,7,0,Pepelu,Valencia,826948,2828
38,2,11.11,189,44,57.14,512,512,1022,86.83,13,43.33,17,21,3,0,0,0,100,3,2,4,1,20,21,0,0,14,21,64,0,0,1.38,1.56,9,0,0.0,0,0,3,29,27,2,0,0,,62,56.88,0,0,0,155,10,16,0,21,1768,0,,0,0,0,0,0.0,0,0,0,0,218,8,0,7.0,0,0,0,0,0,0,0,0,0.0,0.0,0,8,13,8,9,11,68.75,0,33,17,51.52,16,79,16,18,75,53.96,77,639,556,1177,147.0,21,0,1412,18,2,0,Kirian Rodríguez,UD Las Palmas,964985,6577
23,18,27.27,110,22,34.92,212,105,299,72.4,11,47.83,12,19,2,0,0,0,63,8,1,3,1,21,19,0,0,18,14,69,0,2,2.39,1.07,14,0,0.0,0,0,2,11,10,1,0,0,,60,51.28,0,0,1,114,15,28,0,12,1052,2,,0,0,0,0,0.0,0,0,0,0,229,2,0,7.0,0,0,0,0,0,0,0,0,0.0,0.0,3,7,11,9,6,15,53.57,0,23,13,56.52,28,60,28,66,71,50.71,63,353,126,413,133.0,18,1,694,22,3,0,Edu Expósito,Espanyol,877262,2814
4,3,15.79,35,5,29.41,69,69,135,79.41,5,41.67,7,5,1,0,0,0,16,1,0,0,1,5,5,0,0,2,9,27,0,0,0.23,0.04,6,0,0.0,0,0,1,6,5,1,0,0,,22,52.38,0,0,0,35,5,3,0,4,353,0,,0,0,0,0,0.0,0,0,0,0,71,1,0,7.0,0,0,0,0,0,0,0,0,0.0,0.0,0,1,1,2,0,4,50.0,0,12,8,66.67,3,10,8,19,27,50.0,17,106,83,170,35.0,2,1,290,6,0,0,Angel Ortiz,Real Betis,1152139,2816
0,0,0.0,8,0,0.0,19,2,21,80.77,0,0.0,0,2,1,0,0,0,2,1,0,0,0,2,2,0,0,0,1,2,0,0,0.38,0.03,0,0,0.0,0,0,1,1,1,0,0,0,,3,60.0,0,0,0,5,0,2,0,0,46,0,,0,0,0,0,0.0,0,0,0,0,11,0,0,7.0,0,0,0,0,0,0,0,0,0.0,0.0,0,0,1,1,0,2,66.67,0,0,0,0.0,2,1,3,4,3,60.0,0,28,2,26,14.0,1,0,41,1,0,0,Iker Almena,Girona FC,1513656,24264
13,0,0.0,0,44,39.64,8,474,482,87.64,1,100.0,0,16,0,0,0,0,153,0,0,0,4,27,16,0,0,0,2,2,0,1,0.0,,0,0,0.0,84,0,0,18,16,2,0,0,-1.2,0,0.0,0,3,0,68,0,0,0,15,1395,0,,0,0,0,0,0.0,2,0,0,0,68,0,7,7.0,0,0,40,22,13,36,1,8,0.0,0.0,0,0,0,0,0,0,0.0,40,0,0,0.0,0,26,0,0,1,33.33,111,55,495,550,112.0,0,1,696,0,1,0,Iñaki Peña,FC Barcelona,794949,2817
8,0,0.0,22,9,90.0,64,84,148,92.5,1,14.29,6,3,0,0,0,0,9,0,0,1,0,4,3,0,0,2,1,14,0,0,0.08,0.07,4,0,0.0,0,0,0,3,3,0,0,0,,13,61.9,0,0,0,12,1,1,0,3,243,0,,0,0,0,0,0.0,0,0,0,0,17,1,0,7.0,0,0,0,0,0,0,0,0,0.0,0.0,0,0,2,0,1,2,66.67,0,8,6,75.0,1,10,3,0,14,50.0,10,71,89,160,21.0,2,0,193,3,2,0,Marc Bernal,FC Barcelona,1526618,2817
43,7,24.14,379,41,69.49,606,313,912,83.98,19,46.34,22,37,4,0,0,0,164,6,2,18,3,10,37,0,0,55,32,178,0,0,3.48,4.16,28,0,10.42,0,5,9,40,37,3,4,1,,147,48.51,0,0,2,174,20,41,1,35,2981,5,,0,0,1,0,100.0,0,1,0,0,366,31,0,6.99,0,4,0,0,0,0,0,0,596.2,0.0,3,21,27,14,16,49,53.85,0,35,19,54.29,41,65,91,29,166,48.26,59,764,351,1086,258.8,48,2,1603,64,8,0,Aimar Oroz,Osasuna,985329,2820
67,0,0.0,77,98,65.77,372,873,1245,91.81,38,50.0,38,27,1,0,0,0,78,1,0,0,9,115,27,0,0,3,11,65,1,1,0.28,0.45,13,0,0.0,19,0,1,19,15,4,0,0,,40,59.7,0,0,0,111,27,2,0,20,1994,0,,1,0,0,0,0.0,0,0,0,0,122,1,0,6.99,0,0,0,0,0,0,0,0,0.0,0.0,0,5,0,4,1,2,66.67,0,26,16,61.54,2,101,3,0,78,54.55,149,444,912,1356,188.8,5,2,1612,12,5,0,José María Giménez,Atlético Madrid,325355,2836
31,27,32.14,150,41,44.57,331,312,616,81.91,11,50.0,11,23,1,0,0,0,93,8,2,2,4,56,23,0,0,4,18,72,0,0,3.2,1.02,28,0,0.0,0,0,1,26,22,4,0,0,,77,55.8,0,0,0,136,25,24,0,22,1811,3,,0,0,0,0,0.0,0,0,0,0,258,5,0,6.99,0,0,0,0,0,0,0,0,0.0,0.0,0,7,5,6,4,7,38.89,0,57,40,70.18,24,61,18,84,88,55.0,92,488,348,752,160.8,12,0,1248,14,7,0,José Luis Gayà,Valencia,227922,2828
18,3,42.86,273,28,56.0,651,541,1189,92.39,27,49.09,28,29,3,0,0,0,54,2,2,3,6,40,29,0,0,5,9,64,0,0,1.65,2.32,20,0,14.29,1,2,5,16,15,1,2,0,,51,58.62,2,0,1,98,14,7,0,14,1575,0,,0,0,0,0,0.0,0,0,0,0,134,5,0,6.99,0,0,0,0,0,0,0,0,787.5,0.0,0,13,1,3,8,5,50.0,0,38,21,55.26,7,26,10,7,78,54.93,50,721,573,1287,202.7,14,0,1543,8,4,0,Eric García,FC Barcelona,876214,2817
46,14,25.93,304,44,62.86,569,307,862,82.88,19,47.5,21,26,0,0,0,0,114,3,1,7,1,13,26,0,0,16,20,87,0,1,2.94,1.84,12,0,8.7,0,2,2,24,22,2,2,0,,41,38.32,0,0,2,178,23,38,0,22,1836,3,,0,2,0,0,0.0,0,0,0,0,287,16,0,6.99,0,2,0,0,0,0,0,0,918.0,0.0,0,12,11,12,4,7,25.93,0,21,13,61.9,36,84,27,54,60,40.82,70,742,352,1040,181.7,23,0,1328,14,2,0,Pablo Fornals,Real Betis,816763,2816
41,0,0.0,44,59,38.06,190,560,750,83.89,41,50.62,40,23,0,0,0,0,58,1,3,0,7,158,23,0,0,1,9,81,0,0,0.29,1.36,30,0,12.5,3,1,1,19,17,2,1,0,,56,57.73,0,0,1,144,25,2,0,19,1691,1,,1,0,0,1,0.0,0,0,0,0,155,0,0,6.99,0,1,0,0,0,0,0,0,1691.0,0.0,0,8,0,5,3,4,66.67,0,37,23,62.16,2,74,6,0,97,54.49,155,296,598,894,160.7,8,2,1210,15,4,0,Jorge Sáenz,Leganés,592098,2845
59,43,29.05,219,56,32.0,461,279,697,69.42,28,58.33,20,33,3,0,0,0,132,6,0,5,9,88,33,0,1,13,37,112,0,2,3.42,0.35,38,0,0.0,0,0,3,30,26,4,0,0,,141,60.52,0,0,0,307,33,36,0,32,2825,3,,0,0,0,0,0.0,0,0,0,1,573,5,0,6.98,1,0,0,0,0,0,0,0,0.0,0.0,1,1,15,8,3,6,50.0,0,81,49,60.49,36,131,12,148,169,60.14,175,810,342,1004,230.5,16,1,2023,56,9,0,Diego Rico,Getafe,350560,2859
21,0,0.0,63,30,55.56,253,666,919,93.87,31,67.39,15,23,1,0,0,0,75,1,0,0,6,83,22,0,0,6,3,36,0,2,0.44,0.12,12,0,0.0,20,0,1,16,15,1,0,0,,46,68.66,0,0,0,60,16,6,0,18,1673,1,,0,0,0,0,0.0,0,0,0,0,72,1,0,6.98,0,0,0,0,0,0,0,0,0.0,0.0,0,1,2,2,1,6,100.0,0,22,16,72.73,6,38,6,0,77,68.14,54,291,688,979,153.6,3,1,1182,19,3,0,Raúl Asencio,Real Madrid,1156645,2829
13,14,17.95,255,11,73.33,436,177,599,89.67,1,16.67,5,25,3,0,0,0,78,4,1,8,0,7,25,0,0,39,16,131,1,3,3.23,2.26,22,0,9.38,0,3,6,31,24,7,3,0,,114,47.5,1,0,0,69,10,21,2,21,1734,4,,0,0,0,0,0.0,0,0,0,0,287,16,0,6.98,0,0,0,0,0,0,0,0,578.0,0.0,0,20,12,9,15,41,44.09,0,34,20,58.82,21,17,93,78,115,46.75,15,554,192,668,174.5,32,2,1140,40,4,0,Bryan Gil,Girona FC,910026,24264
4,2,40.0,96,5,50.0,149,60,207,62.35,102,66.67,51,35,4,0,0,0,36,7,15,9,2,18,35,0,0,27,6,148,0,0,1.95,12.41,47,0,15.28,0,11,15,32,25,7,11,0,,77,44.25,3,0,0,125,0,24,2,25,2322,20,,0,0,1,1,100.0,0,1,0,1,267,12,0,6.98,0,6,0,0,0,0,0,0,211.09,0.0,0,64,8,38,25,18,41.86,0,11,8,72.73,24,9,43,5,179,54.74,10,254,83,332,244.2,72,3,714,51,4,0,Thierno Barry,Villarreal,1395746,2819
34,33,34.38,146,39,37.14,329,251,547,76.18,21,52.5,19,30,2,0,0,0,107,8,0,2,5,85,30,0,0,32,12,118,1,0,3.51,0.27,22,0,0.0,0,0,2,28,24,4,0,0,,138,58.23,0,0,0,171,25,29,0,28,2373,1,,0,0,0,0,0.0,0,0,0,0,419,6,0,6.98,0,0,0,0,0,0,0,0,0.0,0.0,0,4,3,4,1,41,54.67,0,60,40,66.67,29,76,75,96,159,57.4,105,516,298,718,209.3,7,0,1506,37,7,0,Pablo Maffeo,Mallorca,788216,2826
34,2,50.0,64,33,34.02,197,324,519,78.52,40,57.14,30,25,1,0,0,0,85,2,2,0,6,118,23,0,0,11,17,92,0,0,0.6,0.93,32,0,0.0,4,0,1,22,19,3,0,0,,68,52.31,0,0,0,142,29,7,0,20,1847,1,,0,0,0,0,0.0,0,0,0,1,176,3,0,6.97,0,0,0,0,0,0,0,0,0.0,0.0,0,9,4,9,4,4,44.44,0,43,28,65.12,7,63,9,4,108,54.0,97,295,370,661,160.4,13,2,1006,23,7,0,Santiago Mouriño,Deportivo Alavés,1468046,2885
77,0,0.0,257,83,60.14,573,596,1169,87.04,37,60.66,24,30,2,0,0,0,117,1,0,2,3,46,30,0,0,18,14,96,0,1,1.1,1.27,25,0,6.25,0,1,3,30,26,4,1,0,,113,61.08,0,0,0,174,28,15,1,26,2204,0,,0,0,0,0,0.0,0,0,0,1,238,10,0,6.97,0,0,0,0,0,0,0,0,2204.0,0.0,0,8,8,11,3,11,42.31,0,57,30,52.63,15,121,26,3,150,60.98,138,699,647,1343,209.2,16,1,1689,45,6,0,Enzo Barrenechea,Valencia,1087316,2828
7,0,0.0,72,47,62.67,396,1143,1539,93.67,63,54.78,52,28,0,0,0,0,77,0,0,2,6,129,28,0,0,0,9,81,0,3,0.23,0.5,21,0,20.0,7,1,1,35,32,3,1,0,,49,62.82,1,0,0,104,31,6,0,26,2271,0,,0,0,0,0,0.0,0,0,0,0,113,0,0,6.97,0,0,0,0,0,0,0,0,2271.0,0.0,0,4,1,2,1,1,100.0,0,40,20,50.0,6,17,1,0,112,58.03,75,453,1190,1643,195.2,5,2,1923,11,5,0,Carl Starfelt,Celta Vigo,360718,2821
10,28,22.95,146,15,48.39,268,163,403,74.08,12,42.86,16,31,3,0,0,0,93,6,3,12,1,20,31,0,0,28,17,108,1,1,3.21,4.06,26,2,17.31,0,9,12,33,30,3,6,3,,86,48.31,0,0,1,141,16,28,2,25,2045,5,,0,0,1,1,100.0,0,1,0,1,350,8,0,6.97,0,7,0,0,0,0,0,0,227.22,14.29,14,23,29,19,21,16,38.1,0,27,15,55.56,28,22,42,122,98,47.57,31,458,208,544,216.1,52,1,1019,43,6,0,Sandro Ramírez,UD Las Palmas,188407,6577
67,0,0.0,33,227,41.65,126,721,847,72.02,8,100.0,0,36,0,0,0,0,261,0,0,0,13,33,36,0,0,0,1,1,1,3,0.04,,0,0,0.0,234,0,0,43,40,3,0,0,-5.01,4,80.0,0,27,0,329,0,1,0,36,3240,0,,0,0,0,0,0.0,6,0,1,0,338,0,15,6.97,0,0,16,56,31,88,0,17,0.0,0.0,0,0,0,0,0,0,0.0,16,1,0,0.0,1,101,0,0,12,92.31,545,382,794,1176,250.9,0,2,1455,6,0,0,Álex Remiro,Real Sociedad,791773,2824
21,3,15.79,121,25,46.3,257,256,510,80.31,40,54.05,34,24,6,0,0,0,86,3,3,11,1,29,24,0,1,13,19,118,0,0,2.26,2.85,44,0,2.38,0,1,7,20,14,6,1,0,,70,45.45,0,0,1,125,22,22,0,17,1555,1,,0,0,0,1,0.0,0,0,0,0,195,6,0,6.97,1,1,0,0,0,0,0,0,1555.0,0.0,2,26,16,22,9,12,48.0,0,47,32,68.09,22,41,25,19,110,48.25,54,362,292,635,167.2,42,1,949,11,8,0,Saúl Ñíguez,Sevilla,116955,2833
13,3,30.0,41,12,54.55,102,128,227,83.15,6,42.86,8,9,2,0,0,0,13,2,0,0,1,16,9,0,0,1,7,23,0,0,2.13,0.2,6,0,0.0,0,0,2,6,6,0,0,0,,19,55.88,0,0,0,46,6,8,0,6,578,0,,0,0,0,0,0.0,0,0,0,0,68,0,0,6.97,0,0,0,0,0,0,0,0,0.0,0.0,0,1,0,0,1,6,75.0,0,13,7,53.85,8,24,8,10,25,52.08,22,138,145,273,62.7,1,0,395,0,1,0,Héctor Bellerín,Real Betis,188365,2816
11,1,20.0,103,17,37.78,261,251,511,87.65,14,50.0,14,14,0,0,0,0,28,0,0,2,3,29,14,0,0,1,6,30,0,0,0.39,0.24,8,0,20.0,0,1,1,8,7,1,0,1,,32,66.67,0,0,0,72,5,3,0,10,877,3,,0,0,0,0,0.0,0,0,0,0,100,1,0,6.96,0,1,0,0,0,0,0,0,877.0,0.0,0,3,2,1,2,1,50.0,0,25,14,56.0,3,31,2,5,46,60.53,45,316,272,583,97.5,5,0,780,6,1,0,César Azpilicueta,Atlético Madrid,21555,2836
31,0,0.0,20,87,41.63,53,292,345,73.56,1,100.0,0,13,0,0,0,0,94,0,0,0,1,15,13,0,0,0,0,1,0,1,0.02,,1,0,0.0,47,0,0,19,19,0,0,0,0.27,1,50.0,0,7,0,124,0,0,0,11,1083,0,,0,0,0,1,0.0,2,0,1,0,128,0,6,6.96,0,0,6,18,18,37,0,9,0.0,0.0,0,0,0,0,0,1,100.0,6,0,0,0.0,0,52,1,0,2,66.67,209,142,327,469,90.5,0,0,590,1,1,0,Dinko Horkaš,UD Las Palmas,855922,6577
30,10,23.81,235,50,49.02,531,448,969,85.45,28,58.33,20,30,2,0,0,0,121,3,0,8,9,70,28,0,0,2,14,61,0,3,2.18,0.56,18,0,0.0,0,0,2,18,16,2,0,0,,58,58.59,0,0,0,165,27,18,0,22,2048,4,,0,0,0,1,0.0,0,0,0,0,254,6,0,6.96,0,0,0,0,0,0,0,0,0.0,0.0,2,2,14,4,4,6,42.86,0,33,21,63.64,18,50,14,42,86,58.5,102,676,500,1134,194.9,16,1,1674,19,5,0,Yuri Berchiche,Athletic Club,84531,2825
4,0,0.0,13,9,69.23,37,76,113,92.62,7,70.0,3,5,0,0,0,0,5,0,1,1,0,23,5,0,0,1,2,7,0,0,0.03,0.34,1,0,25.0,0,1,1,4,4,0,0,1,,8,66.67,0,0,0,9,2,1,1,2,261,0,,0,0,0,0,0.0,0,0,0,0,13,0,0,6.96,0,0,0,0,0,0,0,0,261.0,0.0,0,2,1,0,3,1,100.0,0,6,3,50.0,1,4,1,0,15,68.18,13,43,79,122,34.8,4,0,173,1,0,0,Ramón Martínez,Sevilla,1090681,2833
37,38,18.18,298,38,50.0,524,257,743,77.23,16,42.11,22,37,3,0,0,0,112,5,2,5,2,32,37,0,0,39,29,146,0,1,5.66,3.24,19,0,16.67,0,5,8,42,36,6,4,1,,115,48.12,0,0,2,219,22,36,5,33,2866,11,,0,0,2,0,100.0,0,2,0,0,520,22,0,6.96,0,0,0,0,0,0,0,0,573.2,0.0,1,19,11,11,14,42,52.5,0,35,22,62.86,36,70,80,209,131,47.29,76,866,305,962,257.5,30,1,1642,39,6,0,Luis Rioja,Valencia,900433,2828
23,9,21.95,210,39,67.24,381,248,620,82.01,14,53.85,12,31,4,0,0,0,85,6,10,16,0,12,31,0,0,18,30,99,0,0,2.2,5.94,15,0,6.67,0,3,7,10,10,0,2,1,,89,50.57,0,0,4,136,8,22,1,21,1561,3,,0,0,0,0,0.0,0,0,0,1,246,6,0,6.96,0,2,0,0,0,0,0,0,520.33,0.0,0,33,12,11,18,27,50.94,0,33,17,51.52,22,42,53,41,103,50.99,58,506,291,756,215.7,45,1,1114,30,3,0,Samuel Lino,Atlético Madrid,874705,2836
35,1,9.09,125,77,44.51,391,761,1151,86.8,49,53.85,42,31,0,0,0,0,102,0,1,3,7,187,31,0,0,1,10,68,1,0,0.47,0.81,15,0,25.0,1,3,3,38,34,4,3,0,,49,65.33,1,0,0,175,18,4,1,31,2765,0,,0,0,0,0,0.0,0,0,0,0,212,0,0,6.96,0,1,0,0,0,0,0,0,921.67,0.0,0,11,1,4,5,6,85.71,0,30,21,70.0,4,70,7,11,98,59.04,173,524,813,1326,215.7,12,0,1751,13,4,0,Martin Valjent,Mallorca,300522,2826
32,3,16.67,243,45,44.55,483,518,998,82.89,42,50.0,42,35,3,0,0,0,136,4,1,3,4,40,31,0,1,13,12,120,0,0,1.59,0.87,49,0,10.0,0,1,4,39,29,10,0,1,,98,55.68,0,0,0,206,41,27,0,24,2130,2,,0,0,0,1,0.0,0,0,0,0,275,15,0,6.95,1,1,0,0,0,0,0,0,2130.0,0.0,0,7,3,5,2,22,75.86,0,70,32,45.71,27,71,29,18,140,53.85,101,654,568,1204,215.6,10,0,1549,6,6,0,Lucien Agoumé,Sevilla,960006,2833
39,38,34.23,317,39,62.9,549,229,740,83.33,18,31.03,40,35,4,0,0,0,102,8,4,21,3,13,35,0,0,43,26,180,0,1,4.7,4.62,39,0,6.56,0,4,8,27,21,6,3,1,,100,41.67,1,0,2,148,8,48,3,25,2190,3,,0,0,0,0,0.0,0,0,0,0,365,20,0,6.95,0,0,0,0,0,0,0,0,547.5,0.0,1,21,40,22,18,25,42.37,0,22,17,77.27,48,68,59,111,118,39.6,62,748,251,888,243.4,61,1,1399,53,5,0,Isi Palazón,Rayo Vallecano,899982,2818
38,1,50.0,268,93,59.62,998,1429,2426,93.63,63,58.33,45,35,3,0,0,0,102,3,1,2,5,86,35,0,0,1,11,82,0,1,0.95,0.83,24,0,0.0,10,0,3,32,30,2,0,0,,48,56.47,0,0,0,165,16,9,0,29,2620,0,,0,0,0,1,0.0,0,0,0,0,180,0,0,6.95,0,0,0,0,0,0,0,0,0.0,0.0,0,8,0,6,0,6,75.0,0,34,23,67.65,9,64,8,2,111,57.51,156,1095,1498,2591,243.4,8,2,2834,9,3,0,Pau Cubarsí,FC Barcelona,1402913,2817
28,0,0.0,161,36,54.55,416,533,949,86.04,29,61.7,18,28,1,0,0,0,138,2,3,2,3,63,28,0,0,23,32,123,0,1,0.81,2.03,38,0,15.79,0,3,4,32,28,4,3,0,,108,50.7,2,0,0,154,48,9,0,24,2143,0,,0,0,0,0,0.0,0,0,0,0,236,13,0,6.95,0,1,0,0,0,0,0,0,714.33,0.0,0,14,5,10,7,26,63.41,0,55,31,56.36,9,50,41,3,137,52.69,66,517,589,1103,194.7,19,1,1522,27,5,0,Johnny Cardoso,Real Betis,990169,2816
38,11,14.29,340,31,36.05,633,541,1163,84.15,20,37.74,33,35,3,0,0,0,169,10,3,11,6,62,35,0,0,49,28,196,0,2,3.86,1.83,24,0,6.45,0,2,5,41,33,8,0,2,,168,50.76,0,0,2,219,27,37,0,34,3067,5,,0,0,0,0,0.0,0,0,0,0,510,14,0,6.95,0,2,0,0,0,0,0,0,1533.5,0.0,0,19,12,12,8,76,54.68,0,71,41,57.75,37,66,139,77,188,48.96,86,842,617,1382,243.3,31,1,2359,21,5,0,Andrei Rațiu,Rayo Vallecano,965031,2818
40,2,22.22,98,67,32.21,296,766,1060,79.64,79,68.7,36,31,2,0,0,0,95,2,0,5,4,141,30,0,0,2,19,77,0,0,0.85,1.91,21,0,13.04,13,3,5,40,28,12,3,0,,63,60.58,1,0,0,271,32,6,2,25,2245,0,,0,0,0,0,0.0,0,0,0,0,318,5,0,6.95,0,0,0,0,0,0,0,0,748.33,0.0,0,20,3,11,7,3,60.0,0,47,28,59.57,6,125,5,9,142,64.84,208,485,855,1331,208.5,23,1,1762,15,6,0,Kike Salas,Sevilla,1097719,2833
6,1,25.0,22,4,44.44,41,20,60,73.17,3,42.86,4,2,1,0,0,0,6,1,0,1,0,1,2,0,0,3,1,15,0,0,0.13,0.16,3,0,0.0,0,0,1,3,3,0,0,0,,7,38.89,0,0,0,22,0,3,0,2,176,0,,0,0,0,0,0.0,0,0,0,0,40,1,0,6.95,0,0,0,0,0,0,0,0,0.0,0.0,0,1,3,1,2,2,28.57,0,3,2,66.67,3,10,7,4,10,40.0,9,62,24,82,13.9,4,0,122,2,0,0,Lucas Ocampos,Sevilla,155702,2833
16,0,0.0,24,27,50.94,109,354,463,88.02,42,68.85,19,14,0,0,0,0,48,0,2,0,4,98,14,0,0,1,2,29,1,1,0.08,0.92,5,0,0.0,27,0,0,17,14,3,0,0,,24,70.59,0,0,0,63,6,2,0,11,1023,0,,1,0,0,0,0.0,0,0,0,0,71,0,0,6.95,0,0,0,0,0,0,0,0,0.0,0.0,0,8,0,6,2,3,60.0,0,13,11,84.62,2,27,5,0,66,69.47,53,152,374,526,97.3,8,2,698,10,1,0,Aridane Hernández,Rayo Vallecano,41013,2818
7,0,0.0,7,69,35.57,48,183,231,64.89,5,100.0,0,14,0,0,0,0,105,0,0,0,5,11,14,0,1,0,1,4,0,0,0.01,,3,0,0.0,66,0,0,9,7,2,0,0,1.12,1,20.0,0,15,0,125,0,0,0,14,1207,0,,0,0,0,2,0.0,2,0,1,0,131,0,7,6.94,1,0,9,18,7,25,0,5,0.0,0.0,0,0,0,0,0,0,0.0,9,0,0,0.0,0,8,0,0,6,60.0,194,153,203,356,97.2,0,0,473,1,1,0,Julen Agirrezabala,Athletic Club,1014412,2825
25,10,21.28,202,14,53.85,347,170,507,77.52,12,40.0,18,34,7,0,0,0,93,10,7,12,1,17,34,0,0,23,33,141,0,0,3.82,3.97,49,0,13.79,0,4,11,28,20,8,3,1,,115,48.32,0,0,3,147,8,38,0,25,1948,15,,0,0,0,0,0.0,0,0,0,1,286,8,0,6.94,0,4,0,0,0,0,0,0,487.0,0.0,0,27,2,8,9,25,50.0,0,60,32,53.33,38,36,50,47,127,47.39,26,496,205,654,236.0,29,1,1065,30,11,0,Yéremy Pino,Villarreal,984624,2819
24,71,26.39,226,18,34.62,465,211,605,74.51,34,36.17,60,37,5,0,0,0,133,9,1,7,6,27,37,0,0,49,39,246,0,0,5.87,3.48,38,0,13.89,0,5,10,39,32,7,4,1,,143,43.47,0,0,1,207,14,63,1,35,3097,10,,0,0,1,0,100.0,0,1,0,0,624,21,0,6.94,0,4,0,0,0,0,0,0,619.4,0.0,1,25,11,15,14,34,35.05,0,47,31,65.96,63,43,97,269,177,41.84,52,818,263,812,256.7,36,2,1693,62,2,0,Carlos Vicente,Deportivo Alavés,1084399,2885
19,14,21.54,83,16,57.14,159,72,217,79.49,4,22.22,14,18,1,0,0,0,30,5,0,8,0,2,17,0,0,9,4,54,0,0,1.6,0.86,5,1,12.5,0,2,3,8,8,0,1,1,,46,53.49,0,0,2,56,2,18,2,5,608,0,,0,1,0,0,0.0,0,0,0,0,172,3,0,6.94,0,0,0,0,0,0,0,0,304.0,25.0,4,3,13,3,5,14,38.89,0,10,6,60.0,17,26,36,65,50,48.08,28,261,77,273,117.9,16,0,503,22,5,0,Adnan Januzaj,UD Las Palmas,328145,6577
12,2,20.0,117,13,61.9,222,73,293,61.95,136,57.63,100,29,2,0,0,1,49,4,10,5,1,43,29,0,2,26,4,165,0,0,1.71,9.83,29,0,12.73,0,7,9,30,28,2,7,0,,56,46.28,3,0,1,180,7,27,4,24,2067,19,,1,0,3,1,66.67,0,2,0,1,289,10,0,6.93,2,0,0,0,0,0,0,0,295.29,0.0,0,52,3,31,19,9,37.5,0,7,5,71.43,27,17,24,10,192,53.78,21,387,96,473,201.1,55,2,809,41,1,0,Vedat Muriqi,Mallorca,310874,2826
14,25,23.36,239,14,56.0,370,115,460,79.17,11,37.93,18,29,5,0,0,0,96,6,2,14,4,4,29,0,0,46,21,204,0,0,4.16,4.16,17,0,9.26,0,5,10,16,14,2,5,0,,131,41.32,1,0,1,121,7,40,1,22,1998,10,,0,0,0,0,0.0,0,0,0,0,438,14,0,6.93,0,3,0,0,0,0,0,0,399.6,0.0,1,40,14,21,19,68,39.53,0,28,18,64.29,40,23,172,107,142,41.04,25,550,138,581,201.1,54,1,1210,35,1,0,Nico Williams,Athletic Club,1085400,2825
19,8,13.79,355,39,43.33,722,676,1390,88.14,31,58.49,22,32,2,0,0,0,125,3,5,3,5,63,32,0,0,14,31,101,0,2,1.77,1.25,20,0,10.53,0,2,4,45,36,9,2,0,,106,57.3,2,0,0,187,31,19,0,30,2640,2,,0,1,0,1,0.0,0,0,0,0,307,7,0,6.93,0,0,0,0,0,0,0,0,1320.0,0.0,0,14,5,10,6,20,58.82,0,51,28,54.9,18,44,34,58,137,57.56,90,896,739,1577,221.9,19,3,2214,37,3,0,Arnau Martínez,Girona FC,1084081,24264
1,0,0.0,7,1,100.0,32,52,84,93.33,8,50.0,8,3,0,0,0,0,5,0,0,1,1,8,3,0,0,1,0,10,0,2,0.02,0.16,2,0,50.0,0,1,1,3,3,0,1,0,,8,80.0,0,0,0,6,3,1,0,2,203,0,,0,0,0,0,0.0,0,0,0,0,9,0,0,6.93,0,1,0,0,0,0,0,0,203.0,0.0,0,2,0,0,1,0,0.0,0,7,3,42.86,1,1,0,0,16,61.54,1,34,56,90,20.8,2,0,120,1,1,0,Jacobo Ramón,Real Madrid,1403348,2829
4,0,0.0,9,6,46.15,32,38,70,84.34,3,75.0,1,3,0,0,0,0,13,0,0,0,0,1,3,0,0,2,2,7,0,0,0.03,0.02,2,0,0.0,0,0,0,4,4,0,0,0,,18,75.0,0,0,0,13,1,0,0,1,159,0,,0,0,0,0,0.0,0,0,0,0,17,0,0,6.93,0,0,0,0,0,0,0,0,0.0,0.0,0,0,1,1,0,1,100.0,0,12,7,58.33,0,12,1,0,21,75.0,13,42,41,83,20.8,1,0,118,5,0,0,Ibrahim Alani,Real Valladolid,2150615,2831
30,35,30.17,167,21,48.84,346,148,459,77.66,28,43.08,37,37,7,0,0,0,70,7,1,9,0,25,37,0,0,46,13,156,0,0,3.38,2.76,51,0,12.9,0,4,11,31,28,3,4,0,,104,46.64,1,0,0,132,12,33,1,26,2175,8,,0,0,0,0,0.0,0,0,0,0,330,9,0,6.93,0,2,0,0,0,0,0,0,543.75,0.0,1,20,11,12,10,16,53.33,0,49,29,59.18,33,57,30,116,132,45.83,43,520,187,591,256.5,31,0,1084,40,5,0,Dani Rodríguez,Mallorca,349526,2826
54,4,66.67,54,85,40.67,270,917,1183,84.86,73,60.83,47,35,0,0,0,0,74,1,2,5,5,221,35,0,0,1,17,101,0,2,0.33,1.85,37,0,18.75,16,3,3,45,38,7,3,0,,82,60.29,1,0,1,211,34,1,1,34,2975,0,,1,0,0,0,0.0,0,0,0,0,235,3,0,6.93,0,1,0,0,0,0,0,0,991.67,0.0,0,15,1,6,5,4,66.67,0,51,26,50.98,1,108,6,6,155,60.55,209,410,990,1394,242.6,16,2,1890,29,10,0,Marash Kumbulla,Espanyol,893642,2814
86,8,14.04,127,90,45.69,362,633,987,80.64,37,55.22,30,36,2,0,0,0,132,2,0,1,7,130,36,0,0,7,31,125,0,2,1.35,0.03,52,0,0.0,0,0,2,45,37,8,0,0,,157,62.3,0,0,0,237,47,8,0,36,3159,7,,0,0,0,2,0.0,0,0,0,0,368,1,0,6.93,0,0,0,0,0,0,0,0,0.0,0.0,0,0,2,1,0,17,70.83,0,111,79,71.17,8,163,24,57,194,60.82,197,565,716,1224,249.5,2,1,2088,30,10,0,Omar El Hilali,Espanyol,1064026,2814
48,6,22.22,237,73,63.48,523,381,898,82.46,35,50.0,35,34,1,0,0,0,144,2,1,5,7,34,34,0,1,23,42,161,0,2,1.18,1.08,46,0,9.52,0,2,3,21,19,2,1,1,,145,53.51,0,0,0,191,29,23,1,25,2243,0,,0,0,0,0,0.0,0,0,0,1,294,18,0,6.93,1,1,0,0,0,0,0,0,1121.5,0.0,0,5,16,8,8,20,55.56,0,84,48,57.14,23,86,36,27,180,52.79,115,676,440,1089,235.6,21,1,1520,42,4,0,Mikel Jauregizar,Athletic Club,1495844,2825
47,7,24.14,212,47,58.75,415,268,676,83.46,8,40.0,12,26,4,0,0,0,120,3,0,5,0,14,26,0,0,16,11,87,0,2,2.73,0.51,43,0,0.0,0,0,4,11,9,2,0,0,,69,47.92,0,0,0,134,16,28,0,18,1492,1,,0,0,0,0,0.0,0,0,0,0,200,14,0,6.93,0,0,0,0,0,0,0,0,0.0,0.0,0,2,9,5,1,16,76.19,0,36,22,61.11,28,86,21,29,77,46.95,80,544,295,810,180.1,11,0,1041,17,5,0,Iñigo Ruiz de Galarreta,Athletic Club,96365,2825
29,25,21.93,153,39,69.64,263,146,384,84.21,14,56.0,11,32,1,0,0,0,59,6,0,4,0,8,31,0,0,21,15,71,0,0,2.94,0.65,15,0,13.33,0,2,3,39,37,2,1,1,,110,64.71,0,0,1,72,14,25,2,11,1413,3,,0,1,0,0,0.0,0,0,0,0,229,5,0,6.93,0,0,0,0,0,0,0,0,706.5,0.0,2,8,7,5,6,28,73.68,0,37,20,54.05,24,45,38,114,124,63.59,56,414,156,456,214.7,15,0,847,48,4,0,Iván Sánchez,Real Valladolid,142018,2831
14,12,17.91,290,18,50.0,664,490,1142,91.21,16,64.0,9,32,4,0,0,0,122,6,0,3,4,20,32,0,0,27,6,99,0,0,2.82,0.48,16,0,0.0,0,0,4,22,20,2,0,0,,101,52.88,0,0,0,110,5,27,0,26,2292,0,,0,1,0,0,0.0,0,0,0,0,301,12,0,6.93,0,0,0,0,0,0,0,0,0.0,0.0,0,7,5,6,3,46,51.11,0,18,10,55.56,26,31,90,67,117,54.17,36,793,526,1252,221.6,12,1,1820,37,2,0,Alejandro Balde,FC Barcelona,997035,2817
9,0,0.0,24,22,50.0,117,351,468,86.83,53,82.81,11,13,1,0,0,0,22,0,1,1,1,79,13,0,0,0,3,32,1,0,0.15,0.6,20,0,0.0,0,0,1,19,18,1,0,0,,11,34.38,0,0,1,71,7,4,0,6,900,0,,0,0,0,0,0.0,0,0,0,0,79,0,0,6.92,0,0,0,0,0,0,0,0,0.0,0.0,0,9,0,6,2,0,0.0,0,11,9,81.82,4,18,0,0,64,66.67,44,155,384,539,90.0,9,1,683,0,2,0,Jon Martin,Real Sociedad,1466116,2824
16,30,28.85,129,25,54.35,232,111,313,72.62,2,16.67,10,27,6,0,0,0,55,4,2,10,1,8,27,0,0,15,15,126,0,0,5.13,2.7,19,0,2.38,0,1,7,27,24,3,1,0,,109,48.44,0,0,3,118,4,36,0,22,1855,9,,0,0,0,0,0.0,0,0,0,0,332,3,0,6.92,0,1,0,0,0,0,0,0,1855.0,0.0,0,27,15,19,13,57,45.97,0,13,9,69.23,36,37,124,104,111,46.84,46,404,131,431,186.9,42,1,888,39,4,0,Bryan Zaragoza,Osasuna,1084730,2820
69,0,0.0,18,134,37.12,60,776,836,78.2,1,33.33,2,36,0,0,0,0,247,0,0,0,8,23,36,1,0,0,0,3,3,0,0.03,,1,0,0.0,180,0,0,51,40,11,0,0,-5.39,7,87.5,0,34,0,233,0,0,0,36,3195,0,,0,0,0,0,0.0,5,0,3,0,244,0,6,6.92,0,0,14,63,30,93,0,25,0.0,0.0,0,0,0,0,0,3,75.0,14,1,1,100.0,0,86,4,0,8,72.73,361,249,820,1069,249.2,0,0,1376,3,4,0,Paulo Gazzaniga,Girona FC,164343,24264
34,2,33.33,268,45,66.18,542,297,837,86.29,28,52.83,25,33,1,0,0,0,108,4,2,8,4,28,33,0,0,25,25,127,0,1,2.38,1.72,32,0,2.94,0,1,2,34,31,3,1,0,,137,57.32,0,0,1,133,14,21,0,22,2137,2,,0,0,0,0,0.0,0,0,0,1,245,13,0,6.92,1,1,0,0,0,0,0,0,2137.0,0.0,0,16,18,14,12,15,41.67,0,68,42,61.76,21,62,36,6,165,56.51,68,648,328,970,228.4,34,0,1408,58,7,1,Ilaix Moriba,Celta Vigo,962890,2821
32,1,11.11,221,23,76.67,465,263,727,90.99,21,43.75,27,26,1,0,0,0,61,2,1,7,3,5,24,0,0,9,11,87,0,0,1.49,0.88,38,0,9.09,0,1,2,12,11,1,1,0,,65,52.0,0,0,1,72,10,15,0,14,1104,1,,0,1,0,0,0.0,0,0,0,0,114,10,0,6.92,0,1,0,0,0,0,0,0,1104.0,0.0,0,7,4,3,1,9,64.29,0,30,21,70.0,14,40,14,9,86,49.71,30,529,279,799,166.1,11,1,995,26,4,0,Gavi,FC Barcelona,1103693,2817
25,12,20.34,132,16,66.67,210,71,269,84.59,2,28.57,5,16,2,0,0,0,31,3,0,6,1,2,15,0,0,15,7,48,0,0,1.29,0.74,6,0,0.0,0,0,2,11,7,4,0,0,,40,48.19,0,0,0,49,4,22,0,4,599,2,,0,0,0,0,0.0,0,0,0,0,140,4,0,6.92,0,0,0,0,0,0,0,0,0.0,0.0,2,5,11,6,4,14,46.67,0,10,7,70.0,22,39,30,59,42,46.67,24,294,83,318,103.8,16,0,511,16,3,0,Suso,Sevilla,96370,2833
34,2,14.29,151,33,33.0,347,239,584,74.68,59,51.3,56,35,0,0,0,0,137,0,7,14,4,43,35,0,0,29,26,170,0,0,0.61,8.23,51,1,17.86,0,10,10,32,26,6,9,1,,118,50.86,2,0,3,198,15,18,2,31,2664,3,,0,0,3,0,100.0,0,3,0,0,319,13,0,6.92,0,6,0,0,0,0,0,0,266.4,100.0,1,39,17,23,19,18,60.0,0,48,29,60.42,18,68,30,14,177,51.01,100,510,286,782,242.1,56,1,1242,52,10,0,Mauro Arambarri,Getafe,385888,2859
17,11,29.73,172,16,57.14,334,115,438,79.78,20,57.14,15,24,2,0,0,0,59,1,1,7,1,9,24,0,0,20,19,78,0,0,1.44,1.62,19,0,0.0,0,0,2,16,13,3,0,0,,74,54.01,0,0,1,111,2,22,0,18,1551,2,,0,0,0,0,0.0,0,0,0,0,192,10,0,6.92,0,0,0,0,0,0,0,0,0.0,0.0,1,12,8,8,5,15,71.43,0,25,15,60.0,22,31,21,37,94,54.65,28,446,140,549,166.0,20,0,821,35,2,0,Carles Aleñá,Deportivo Alavés,794937,2885
15,4,8.16,251,11,50.0,401,128,525,75.98,26,40.63,38,32,2,0,0,1,102,2,15,10,1,11,32,0,0,50,12,158,0,0,2.13,7.79,23,0,3.23,0,2,4,31,28,3,2,0,,121,50.21,0,0,2,166,7,28,0,23,1995,4,,0,1,1,0,0.0,0,0,0,2,371,23,0,6.92,0,2,0,0,0,0,0,0,997.5,0.0,1,48,14,26,26,46,55.42,0,37,25,67.57,27,34,83,49,147,48.2,22,583,157,691,221.3,62,0,1210,38,2,0,Abdessamad Ezzalzouli,Real Betis,1011375,2816
53,26,38.81,316,38,70.37,539,250,763,88.62,5,23.81,16,34,4,0,0,0,89,4,3,6,0,12,34,0,0,38,25,127,0,1,4.89,1.21,28,0,0.0,0,0,4,29,24,5,0,0,,108,49.32,0,0,0,98,8,43,0,24,1998,2,,0,0,0,0,0.0,0,0,0,0,250,8,0,6.91,0,0,0,0,0,0,0,0,0.0,0.0,2,6,12,7,5,22,50.0,0,48,32,66.67,43,78,44,67,113,47.08,54,657,271,861,235.1,18,0,1267,38,1,0,André Almeida,Valencia,845693,2828
11,0,0.0,3,34,41.98,16,326,342,87.47,1,100.0,0,15,0,0,0,0,122,0,0,0,8,23,15,0,0,0,0,1,1,0,0.01,,1,0,0.0,54,0,0,12,12,0,0,0,0.05,2,66.67,0,6,0,49,0,0,0,15,1350,0,,0,0,0,1,0.0,1,0,0,0,52,0,3,6.91,0,0,25,16,5,21,0,6,0.0,0.0,0,0,0,0,0,1,100.0,25,1,1,100.0,0,20,1,0,3,75.0,81,46,345,391,103.7,0,0,511,1,0,0,Wojciech Szczęsny,FC Barcelona,50490,2817
17,0,0.0,82,32,37.65,325,529,854,88.77,29,65.91,15,19,0,0,0,0,45,0,0,0,2,76,16,0,0,0,6,30,1,0,0.19,0.21,8,0,0.0,0,0,0,19,19,0,0,0,,34,69.39,0,0,0,108,13,2,0,13,1187,0,,1,0,0,0,0.0,0,0,0,0,117,0,0,6.91,0,0,0,0,0,0,0,0,0.0,0.0,0,3,0,2,1,2,66.67,0,23,11,47.83,2,44,3,0,63,67.74,85,403,559,962,110.6,3,0,1138,10,1,0,Carlos Domínguez,Celta Vigo,1069703,2821
31,14,17.72,260,48,39.34,502,509,997,82.06,24,44.44,30,34,1,0,0,0,114,2,2,3,8,93,34,0,0,6,17,99,0,1,1.92,1.17,31,0,0.0,0,0,1,35,27,8,0,0,,80,53.69,0,0,0,218,30,24,0,28,2589,3,,0,0,0,1,0.0,0,0,0,0,381,7,0,6.91,0,0,0,0,0,0,0,0,0.0,0.0,0,6,5,5,3,10,35.71,0,46,36,78.26,24,58,28,79,104,51.23,122,705,589,1215,235.0,11,0,1949,25,3,0,Pep Chavarría,Rayo Vallecano,1010421,2818
6,11,22.45,202,2,15.38,360,216,565,78.8,12,34.29,23,33,6,0,0,0,72,13,3,3,1,17,33,0,0,20,15,114,0,1,4.69,2.2,23,0,9.09,0,2,8,18,16,2,2,0,,98,51.85,0,0,0,152,14,25,1,26,1950,7,,0,1,0,0,0.0,0,0,0,1,309,8,0,6.91,0,1,0,0,0,0,0,0,975.0,0.0,0,20,2,12,7,30,47.62,0,27,13,48.15,24,17,63,49,110,49.11,13,505,261,717,228.0,22,0,1132,42,3,0,Giuliano Simeone,Atlético Madrid,1099352,2836
18,0,0.0,14,88,44.22,46,363,409,77.46,2,100.0,0,22,1,0,0,0,175,1,0,0,2,17,22,0,0,0,2,2,2,0,0.02,,0,0,0.0,107,0,1,33,24,9,0,0,-5.55,2,50.0,0,17,0,119,1,2,0,22,1963,0,,0,0,0,0,0.0,4,0,0,0,122,0,8,6.91,0,0,7,42,20,63,1,18,0.0,0.0,0,0,0,0,0,0,0.0,6,2,2,100.0,2,36,0,0,4,66.67,199,125,403,528,152.0,0,1,746,1,2,0,Diego Conde,Villarreal,951008,2819
43,5,19.23,349,61,58.65,707,587,1289,87.27,35,62.5,21,31,4,0,0,0,131,6,1,3,6,30,31,0,1,23,24,108,1,8,2.04,1.29,28,0,3.45,0,1,5,24,19,5,0,1,,98,52.97,0,0,1,188,34,27,1,28,2336,0,,0,1,0,0,0.0,0,0,0,0,298,13,0,6.91,1,0,0,0,0,0,0,0,2336.0,0.0,0,8,21,18,8,25,64.1,0,46,26,56.52,26,71,39,26,133,55.19,104,838,665,1477,214.1,29,0,1871,27,4,0,Pablo Barrios,Atlético Madrid,1142588,2836
23,18,19.57,166,23,30.67,316,277,575,75.86,15,38.46,24,34,1,0,0,0,125,5,2,10,6,87,34,0,0,13,37,131,0,1,2.37,1.99,34,0,6.9,0,2,3,39,34,5,2,0,,115,51.8,0,0,0,183,30,30,2,28,2560,1,,0,0,0,2,0.0,0,0,0,0,358,12,0,6.91,0,0,0,0,0,0,0,0,1280.0,0.0,1,13,16,13,6,22,48.89,0,73,47,64.38,30,55,45,92,130,49.81,75,509,341,758,234.8,29,1,1447,21,7,0,Carlos Romero,Espanyol,1396048,2814
30,3,37.5,167,24,57.14,346,280,623,89.64,11,40.74,16,23,0,0,0,0,79,0,0,4,0,16,22,0,0,10,12,58,0,0,0.73,0.57,15,0,0.0,0,0,0,15,12,3,0,0,,59,58.42,0,0,0,72,24,10,0,15,1340,0,,0,0,0,0,0.0,0,0,0,0,102,8,0,6.9,0,0,0,0,0,0,0,0,0.0,0.0,0,3,8,6,1,3,37.5,0,44,28,63.64,10,52,8,8,70,54.69,42,407,296,695,151.9,11,0,889,13,7,0,Manu Morlanes,Mallorca,826004,2826
14,6,27.27,130,22,78.57,235,116,345,84.15,4,30.77,9,25,1,0,0,0,63,2,1,2,0,8,24,0,0,22,11,81,0,0,1.18,1.08,6,0,10.0,0,2,3,12,11,1,2,0,,82,53.25,0,0,0,65,5,21,0,9,969,4,,0,0,0,0,0.0,0,0,0,0,184,10,0,6.9,0,2,0,0,0,0,0,0,484.5,0.0,0,12,8,10,8,47,58.75,0,19,13,68.42,21,21,80,22,86,51.5,28,298,134,410,165.7,20,0,702,16,0,0,Chidera Ejuke,Sevilla,875890,2833
47,0,0.0,242,73,45.63,539,487,1026,75.78,161,70.0,69,35,0,0,0,0,172,0,4,9,9,69,35,0,0,23,28,192,2,1,1.67,2.33,75,0,9.68,0,3,3,42,36,6,3,0,,115,48.32,1,0,1,328,45,10,0,35,2963,1,,0,0,0,2,0.0,0,0,0,0,403,13,0,6.9,0,2,0,0,0,0,0,0,987.67,0.0,0,21,10,15,7,6,66.67,0,74,41,55.41,10,91,9,1,276,58.97,160,788,567,1354,241.6,31,0,1794,37,10,0,Lucas Torró,Osasuna,187313,2820
14,22,23.91,164,17,35.42,300,138,416,74.55,15,44.12,19,34,4,0,0,0,109,10,0,8,3,26,34,0,0,24,19,106,0,0,3.67,2.62,14,0,15.15,0,5,9,36,32,4,3,2,,95,52.2,0,0,1,142,13,25,5,26,2265,7,,0,0,0,0,0.0,0,0,0,0,332,12,0,6.9,0,0,0,0,0,0,0,0,453.0,0.0,1,14,19,11,14,40,55.56,0,32,19,59.38,25,36,72,92,110,50.93,48,469,181,558,234.6,33,0,1049,23,2,0,Juan Cruz,Leganés,936234,2845
3,5,12.5,125,3,21.43,200,60,255,77.04,3,17.65,14,26,2,0,0,0,37,4,4,15,1,3,26,0,1,20,8,87,0,1,2.13,4.61,15,0,10.87,0,5,7,26,26,0,4,1,,64,46.72,0,0,0,76,5,24,1,14,1372,6,,0,0,0,0,0.0,0,0,0,1,201,12,0,6.9,1,4,0,0,0,0,0,0,274.4,0.0,0,31,15,10,21,25,44.64,0,8,3,37.5,24,10,56,40,67,43.51,14,298,73,331,179.4,46,1,623,31,1,0,Alfon González,Celta Vigo,1468090,2821
22,2,22.22,206,29,67.44,423,459,880,89.61,27,54.0,23,30,1,0,0,0,110,4,3,8,4,25,30,0,0,9,9,75,0,1,1.01,2.37,23,0,9.09,0,2,3,28,18,10,2,0,,73,58.4,1,0,0,102,28,21,0,24,2068,0,,0,0,0,0,0.0,0,0,0,0,168,13,0,6.9,0,1,0,0,0,0,0,0,1034.0,0.0,0,14,8,8,6,10,47.62,0,25,14,56.0,21,30,21,9,100,57.14,43,502,489,982,207.0,22,0,1264,41,5,0,Djibril Sow,Sevilla,799054,2833
44,2,100.0,115,66,41.51,482,896,1376,87.64,32,44.44,40,37,0,0,0,0,132,1,0,3,10,137,37,0,0,10,9,109,1,2,0.7,1.5,46,0,14.29,10,2,2,47,38,9,2,0,,92,57.14,0,0,0,194,44,4,0,36,3258,0,,0,0,0,0,0.0,0,0,0,0,233,5,0,6.9,0,2,0,0,0,0,0,0,1629.0,0.0,0,13,1,8,3,10,62.5,0,74,45,60.81,4,93,16,2,124,53.22,159,610,962,1570,255.3,14,1,2000,8,5,0,Enzo Boyomo,Osasuna,1067582,2820
52,0,0.0,186,85,51.52,653,1218,1871,92.35,32,52.46,29,29,1,0,0,0,95,1,1,4,8,110,29,0,0,7,13,63,1,1,1.26,0.87,12,0,8.33,19,1,2,37,29,8,1,0,,51,60.0,0,0,0,155,14,4,1,27,2429,1,,0,0,0,1,0.0,0,0,0,0,182,2,0,6.9,0,0,0,0,0,0,0,0,2429.0,0.0,0,10,2,5,3,6,75.0,0,32,24,75.0,4,97,8,3,83,56.85,165,753,1276,2026,200.1,12,1,2305,15,4,0,David López,Girona FC,135116,24264
15,0,0.0,59,36,37.5,300,870,1170,90.56,54,57.45,40,27,0,0,0,0,82,2,2,3,12,119,27,0,0,6,8,88,0,1,1.01,1.39,35,0,9.09,4,1,1,17,14,3,1,0,,53,52.48,1,0,0,122,10,4,0,24,2153,3,,0,0,0,1,0.0,0,0,0,0,146,0,0,6.9,0,0,0,0,0,0,0,0,2153.0,0.0,0,11,0,5,3,2,50.0,0,27,18,66.67,4,37,4,1,107,54.87,96,373,920,1292,186.3,11,0,1562,24,8,0,Robin Le Normand,Atlético Madrid,787751,2836
39,1,20.0,241,47,66.2,567,554,1120,89.67,13,37.14,22,32,1,0,0,0,117,2,1,6,1,42,31,0,0,21,24,109,0,3,1.15,1.75,35,0,0.0,1,0,1,33,30,3,0,0,,108,55.38,0,0,0,129,24,22,0,22,1977,0,,0,0,0,0,0.0,0,0,0,1,192,12,0,6.9,0,0,0,0,0,0,0,0,0.0,0.0,0,8,13,11,4,16,69.57,0,61,37,60.66,22,54,23,5,121,52.61,71,657,597,1249,213.9,21,0,1600,33,4,0,Sergi Altimira,Real Betis,1137814,2816
2,5,50.0,27,2,100.0,48,19,62,86.11,0,0.0,2,2,1,0,0,0,3,1,2,2,1,0,2,0,0,6,1,16,0,0,0.79,0.69,3,0,0.0,0,0,1,1,1,0,0,0,,10,41.67,0,0,0,10,0,6,0,2,180,0,,0,0,0,0,0.0,0,0,0,0,30,0,0,6.9,0,0,0,0,0,0,0,0,0.0,0.0,0,2,5,4,1,0,0.0,0,3,2,66.67,6,4,4,10,10,38.46,2,61,21,72,13.8,7,1,121,7,0,0,Nabil Fekir,Real Betis,337671,2816
3,0,0.0,1,13,46.43,8,32,40,70.18,0,0.0,0,2,0,0,0,0,20,0,0,0,0,2,2,0,0,0,0,0,1,0,0.0,,0,0,0.0,7,0,0,7,7,0,0,0,-0.61,0,0.0,0,0,0,17,0,0,0,2,180,0,,0,0,0,0,0.0,1,0,0,0,17,0,1,6.9,0,0,1,7,4,12,0,1,0.0,0.0,0,0,0,0,0,0,0.0,1,0,0,0.0,0,5,0,0,0,0.0,28,18,39,57,13.8,0,0,85,0,0,0,Vladyslav Krapyvtsov,Girona FC,1521733,24264
1,0,0.0,1,2,20.0,14,29,43,82.69,2,28.57,5,2,0,0,0,0,2,0,0,0,1,10,2,0,0,0,0,5,0,0,0.01,,0,0,0.0,0,0,0,1,0,1,0,0,,3,100.0,0,0,0,9,1,0,0,2,170,0,,0,0,0,0,0.0,0,0,0,0,11,0,0,6.9,0,0,0,0,0,0,0,0,0.0,0.0,0,0,0,0,0,0,0.0,0,3,2,66.67,0,2,0,0,5,50.0,10,21,31,52,13.8,0,0,72,0,0,0,David López,Mallorca,1513896,2826
47,33,30.84,222,51,48.11,458,276,701,80.21,15,46.88,17,32,0,0,0,0,91,4,1,4,1,19,31,0,0,8,29,92,0,0,4.62,1.68,34,0,0.0,0,0,0,29,26,3,0,0,,83,52.53,0,0,0,173,11,34,0,26,2112,0,,0,1,0,0,0.0,0,0,0,0,294,10,0,6.9,0,0,0,0,0,0,0,0,0.0,0.0,0,14,7,8,9,4,36.36,0,70,41,58.57,33,96,11,107,98,51.58,106,661,320,874,213.9,21,1,1241,9,8,0,Jon Moncayola,Osasuna,976141,2820
3,0,0.0,10,6,40.0,59,226,285,90.76,18,85.71,3,6,0,0,0,0,9,0,0,0,2,26,6,0,0,0,1,13,0,0,0.03,0.19,10,0,0.0,3,0,0,5,5,0,0,0,,14,58.33,0,0,0,29,8,0,0,6,519,0,,1,0,0,0,0.0,0,0,0,0,32,0,0,6.9,1,0,0,0,0,0,0,0,0.0,0.0,0,2,0,2,0,3,100.0,0,7,5,71.43,0,7,3,0,32,71.11,15,77,237,314,41.4,2,0,386,5,1,1,Tanguy Nianzou,Sevilla,1003007,2833
21,0,0.0,10,96,36.64,42,562,604,77.94,10,100.0,0,34,0,0,0,0,312,0,0,0,8,42,34,1,0,1,0,1,3,0,0.01,,0,0,0.0,230,0,0,48,44,4,0,0,-6.91,5,83.33,0,24,0,171,0,0,0,34,3060,0,,0,0,0,0,0.0,3,0,0,0,178,0,21,6.9,0,0,19,53,26,81,0,20,0.0,0.0,0,0,0,0,0,0,0.0,19,0,0,0.0,0,36,0,0,15,93.75,262,164,611,775,234.5,0,2,1134,5,0,0,Vicente Guaita,Celta Vigo,32023,2821
13,17,30.91,177,48,50.53,336,283,602,79.31,8,40.0,12,26,4,0,0,0,89,6,2,1,6,31,25,0,0,7,16,61,0,0,2.19,1.0,16,0,0.0,0,0,4,11,8,3,0,0,,41,45.56,0,0,0,157,16,19,0,17,1574,1,,0,0,0,0,0.0,0,0,0,0,239,6,0,6.9,0,0,0,0,0,0,0,0,0.0,0.0,0,4,4,5,2,4,26.67,0,32,15,46.88,19,37,15,55,49,44.55,95,484,330,759,172.4,8,0,1184,5,0,0,Óscar de Marcos,Athletic Club,52663,2825
52,0,0.0,91,86,39.27,389,1039,1428,84.7,89,58.55,63,34,0,0,0,0,104,0,1,5,8,218,34,0,0,4,12,136,1,1,0.24,2.03,56,0,10.0,31,2,2,45,39,6,2,0,,74,50.34,1,0,1,258,22,3,0,34,3027,0,,2,0,0,2,0.0,0,0,0,0,287,0,0,6.89,0,1,0,0,0,0,0,0,1513.5,0.0,0,20,0,8,7,11,84.62,0,50,37,74.0,3,112,13,1,163,54.52,219,549,1138,1686,234.4,20,2,2149,15,7,0,César Tárrega,Valencia,996928,2828
36,0,0.0,36,171,33.73,121,482,603,63.88,7,77.78,2,34,0,0,0,0,246,0,0,0,8,28,34,0,0,0,1,4,3,0,0.05,,1,0,0.0,219,0,0,48,40,8,0,0,-1.48,5,71.43,0,28,0,341,1,2,0,34,3060,0,,0,0,0,1,0.0,7,0,2,0,348,0,12,6.89,0,0,22,51,40,93,0,35,0.0,0.0,0,0,0,0,0,0,0.0,20,2,2,100.0,2,73,0,0,12,75.0,507,385,559,944,234.4,0,1,1252,6,2,0,Giorgi Mamardashvili,Valencia,930997,2828
38,0,0.0,52,190,38.62,126,596,722,70.17,8,100.0,0,31,0,0,0,0,252,0,0,0,5,23,31,0,0,0,2,2,1,1,0.06,,0,0,0.0,224,0,0,68,62,6,0,0,-8.2,1,33.33,0,28,0,307,0,0,0,31,2790,0,,0,0,0,0,0.0,4,0,0,0,315,0,4,6.89,0,0,17,60,36,96,1,27,0.0,0.0,0,0,0,0,0,0,0.0,16,0,0,0.0,0,67,0,0,9,81.82,492,387,642,1029,213.7,0,1,1340,2,0,0,Karl Hein,Real Valladolid,991591,2831
48,3,27.27,196,76,45.78,642,1270,1909,90.47,55,68.75,25,28,0,0,0,0,101,0,1,4,3,90,28,0,0,8,12,71,2,3,0.79,1.66,24,0,11.11,23,2,2,45,39,6,1,1,,47,50.54,0,0,0,201,34,9,2,27,2439,0,,1,1,0,0,0.0,0,0,0,1,238,1,0,6.89,0,0,0,0,0,0,0,0,1219.5,0.0,0,14,4,9,5,7,63.64,0,23,16,69.57,8,104,11,11,102,58.96,166,777,1344,2110,193.0,18,1,2415,17,10,0,Ladislav Krejčí,Girona FC,856250,24264
20,22,23.66,188,29,67.44,327,134,439,80.7,5,62.5,3,27,1,0,0,0,62,5,2,13,0,6,27,0,0,17,15,72,0,1,3.38,2.06,12,0,7.89,0,3,4,28,24,4,1,2,,73,51.41,0,0,1,105,7,26,3,15,1415,1,,0,2,0,1,0.0,0,0,0,0,272,7,0,6.89,0,0,0,0,0,0,0,0,471.67,0.0,2,17,21,14,11,29,53.7,0,22,12,54.55,24,38,54,93,78,52.0,43,480,157,544,186.1,38,0,900,23,2,0,Yáser Asprilla,Girona FC,1092769,24264
30,0,0.0,49,50,31.45,198,701,899,83.63,32,55.17,26,24,1,0,0,0,93,0,1,0,5,122,24,0,1,5,10,65,0,0,0.11,0.61,22,0,20.0,39,2,3,21,16,5,2,0,,53,57.61,1,0,0,176,23,1,1,24,2020,0,,0,0,0,0,0.0,0,0,0,0,210,2,0,6.89,1,0,0,0,0,0,0,0,1010.0,0.0,0,8,2,6,4,5,55.56,0,37,25,67.57,1,77,9,6,85,56.67,159,322,759,1075,165.4,10,0,1389,12,6,0,Abdul Mumin,Rayo Vallecano,846147,2818
3,1,20.0,44,0,0.0,90,20,109,47.6,105,54.69,87,22,0,0,0,0,31,1,1,6,0,12,20,0,0,20,5,152,0,0,0.35,1.23,30,0,8.0,0,2,2,9,8,1,2,0,,44,40.37,1,0,1,120,3,5,1,7,852,6,,0,0,0,0,0.0,0,0,0,0,202,6,0,6.89,0,0,0,0,0,0,0,0,426.0,0.0,0,19,6,9,10,16,51.61,0,10,7,70.0,5,5,31,5,149,49.5,6,205,29,229,137.8,25,0,466,19,6,0,Álvaro Rodriguez,Getafe,1154587,2859
12,12,29.27,135,10,31.25,287,280,555,83.71,20,41.67,28,20,2,0,0,0,56,4,1,0,4,57,20,0,0,14,15,85,0,0,1.68,0.33,24,0,0.0,0,0,2,12,11,1,0,0,,58,50.43,0,0,0,108,18,15,0,17,1489,1,,0,0,0,0,0.0,0,0,0,0,187,5,0,6.89,0,0,0,0,0,0,0,0,0.0,0.0,0,1,1,1,1,7,50.0,0,47,28,59.57,15,24,14,41,78,47.85,32,388,316,663,137.8,2,0,1120,4,5,0,Andoni Gorosabel,Athletic Club,866810,2825
20,2,11.11,191,32,57.14,420,306,724,84.48,26,50.98,25,29,1,0,0,0,109,7,4,18,5,15,29,0,0,16,16,92,1,0,2.17,3.24,11,0,2.33,0,1,2,27,25,2,0,1,,65,49.24,0,0,3,133,15,25,1,21,1811,3,,0,0,0,0,0.0,0,0,0,0,231,20,0,6.89,0,0,0,0,0,0,0,0,1811.0,0.0,1,14,29,14,11,25,51.02,0,25,18,72.0,25,45,49,18,91,49.73,56,542,333,857,199.8,43,1,1163,15,4,0,Luka Sučić,Real Sociedad,949156,2824
31,17,36.17,237,43,60.56,500,651,1134,90.43,6,33.33,12,28,1,0,0,0,102,3,1,1,3,55,28,0,0,10,24,72,0,3,2.13,0.36,21,0,0.0,1,0,1,34,25,9,0,0,,79,56.83,0,0,0,120,40,16,0,27,2229,1,,0,0,0,0,0.0,0,0,0,0,205,2,0,6.89,0,0,0,0,0,0,0,0,0.0,0.0,0,1,2,2,0,17,73.91,0,50,34,68.0,16,61,23,47,85,54.14,71,599,702,1254,192.9,3,0,1776,13,7,0,Kiko Femenía,Villarreal,53739,2819
26,0,0.0,148,44,55.0,355,456,811,85.64,30,48.39,32,27,0,0,0,0,118,0,0,7,2,42,27,0,0,21,18,113,0,7,0.68,0.68,37,0,4.35,0,1,1,27,27,0,0,1,,101,55.49,0,0,0,136,42,13,0,25,1952,0,,0,0,0,1,0.0,0,0,0,0,201,7,0,6.89,2,1,0,0,0,0,0,0,1952.0,0.0,0,6,17,12,4,12,70.59,0,59,45,76.27,13,54,17,1,131,53.69,80,446,502,947,186.0,23,0,1306,30,7,2,Dário Essugo,UD Las Palmas,1110006,6577
15,5,22.73,194,7,24.14,291,96,382,67.49,92,41.82,128,33,6,0,0,0,110,7,2,15,3,20,33,0,1,67,11,300,0,0,3.11,3.73,55,0,8.0,0,4,10,23,20,3,4,0,,134,43.79,1,0,1,184,10,29,0,30,2501,19,,0,0,0,0,0.0,0,0,0,0,445,25,0,6.89,2,3,0,0,0,0,0,0,625.25,0.0,0,39,11,21,14,32,39.51,0,35,21,60.0,29,28,81,22,226,42.97,29,471,117,566,227.3,50,3,1136,68,6,1,Christantus Uche,Getafe,1884145,2859
25,5,12.82,161,37,31.09,370,405,770,80.63,27,60.0,18,32,2,0,0,0,121,1,1,4,6,131,32,0,0,21,25,126,0,2,1.25,0.91,44,0,7.14,0,1,3,45,40,5,1,0,,112,50.91,0,0,0,185,52,11,0,28,2592,8,,0,0,0,0,0.0,0,0,0,0,323,2,0,6.89,0,1,0,0,0,0,0,0,2592.0,0.0,0,8,6,6,4,23,53.49,0,72,53,73.61,11,60,43,39,139,52.45,119,516,478,955,220.4,14,0,1707,18,8,0,Valentin Rosier,Leganés,842419,2845
17,1,12.5,205,9,56.25,402,163,564,88.4,3,17.65,14,31,2,0,0,0,54,4,7,6,4,2,30,0,0,27,12,85,1,0,2.26,5.51,14,0,14.29,0,4,6,16,16,0,4,0,,83,53.9,0,0,3,74,4,23,3,16,1405,1,,0,0,0,0,0.0,0,0,0,0,178,8,0,6.89,0,1,0,0,0,0,0,0,351.25,0.0,0,24,4,5,17,24,55.81,0,25,19,76.0,23,30,43,8,86,50.29,16,469,177,638,206.6,28,1,915,34,0,0,Brahim Díaz,Real Madrid,835485,2829
39,2,50.0,208,70,46.05,575,849,1422,86.81,43,55.13,35,36,2,0,0,0,87,2,4,1,5,82,36,0,0,5,14,99,1,1,0.96,2.37,37,0,25.0,0,3,5,40,37,3,3,0,,82,56.16,0,0,0,216,33,13,0,26,2513,0,,0,0,0,0,0.0,0,0,0,0,264,3,0,6.89,0,3,0,0,0,0,0,0,837.67,0.0,0,10,2,6,5,10,52.63,0,53,38,71.7,13,92,19,4,125,55.8,152,723,919,1638,247.9,12,1,2043,22,7,0,Javi Rodríguez,Celta Vigo,1526627,2821
58,8,36.36,316,64,52.89,737,700,1429,89.15,9,47.37,10,32,1,0,0,0,122,2,1,4,5,28,32,0,0,8,22,72,0,2,2.22,1.09,23,0,9.09,0,1,2,14,12,2,1,0,,70,53.03,0,0,0,174,20,16,0,20,1927,0,,1,0,0,0,0.0,0,0,0,0,230,6,0,6.88,0,1,0,0,0,0,0,0,1927.0,0.0,0,5,6,3,4,9,45.0,0,46,23,50.0,16,109,20,22,79,52.32,121,879,746,1603,220.3,11,0,1880,16,4,0,Koke,Atlético Madrid,84539,2836
1,0,0.0,50,2,33.33,97,90,187,72.76,36,40.0,54,19,0,0,0,0,33,1,1,6,1,26,19,0,0,16,5,117,0,0,0.54,3.47,28,0,28.57,0,6,6,16,13,3,6,0,,38,37.62,1,0,0,70,3,8,0,18,1507,9,,0,0,0,0,0.0,0,0,0,1,160,6,0,6.88,0,5,0,0,0,0,0,0,251.17,0.0,0,19,2,6,9,11,40.74,0,4,4,100.0,8,4,27,2,74,38.74,6,148,111,257,130.8,21,1,491,25,1,0,Roberto Fernández,Espanyol,1392592,2814
37,0,0.0,10,98,41.88,36,349,385,73.33,4,80.0,1,19,0,0,0,0,153,0,0,0,3,30,19,1,0,0,3,4,2,1,0.02,,0,0,0.0,109,0,0,27,24,3,0,0,-1.2,2,40.0,0,10,0,140,0,0,0,19,1710,0,,0,0,0,0,0.0,1,0,0,0,146,0,16,6.88,0,0,8,30,19,50,0,10,0.0,0.0,0,0,0,0,0,0,0.0,7,0,0,0.0,0,64,0,0,6,60.0,234,127,398,525,130.8,0,0,720,4,3,0,Adrián,Real Betis,50539,2816
7,0,0.0,90,4,33.33,178,117,295,70.41,61,36.97,104,31,2,0,0,0,46,2,11,11,2,10,31,0,0,32,8,188,0,0,0.49,9.37,38,0,22.45,0,11,13,37,32,5,11,0,,69,45.1,3,0,0,124,10,14,6,25,2172,7,,1,0,1,1,100.0,0,1,0,2,236,19,0,6.88,0,2,0,0,0,0,0,0,197.45,0.0,1,47,2,20,18,7,35.0,0,13,8,61.54,14,17,20,7,130,40.88,12,285,141,419,213.4,49,1,728,50,5,0,Hugo Duro,Valencia,909119,2828
44,10,24.39,205,39,37.86,510,681,1181,82.07,34,62.96,20,35,0,0,0,0,164,4,0,4,9,84,35,0,0,18,36,145,0,3,0.88,0.53,49,0,0.0,0,0,0,47,34,13,0,0,,144,53.53,0,0,1,258,68,19,0,35,2954,1,,0,0,0,0,0.0,0,0,0,0,438,9,0,6.88,0,0,0,0,0,0,0,0,0.0,0.0,0,5,14,11,4,19,43.18,0,83,59,71.08,19,103,44,41,178,55.11,103,704,776,1439,240.9,19,0,2308,43,11,0,José Ángel Carmona,Sevilla,1015240,2833
34,0,0.0,47,55,49.11,190,448,638,84.17,27,62.79,16,25,0,0,0,0,46,0,1,1,3,120,23,0,0,2,1,46,0,2,0.15,0.46,27,0,0.0,21,0,0,21,15,6,0,0,,45,60.0,0,0,0,120,17,0,0,16,1537,0,,0,0,0,0,0.0,0,0,0,0,137,0,0,6.88,0,0,0,0,0,0,0,0,0.0,0.0,0,6,0,3,2,4,100.0,0,29,17,58.62,0,65,4,7,72,61.02,112,283,482,758,158.3,6,1,1017,13,6,0,José Copete,Mallorca,913695,2826
2,11,29.73,65,8,42.11,107,52,148,73.63,7,53.85,6,11,1,0,0,0,31,1,3,5,0,10,11,0,0,6,5,43,0,0,0.88,1.98,11,0,11.76,0,2,3,9,7,2,2,0,,28,43.08,0,0,1,53,3,13,0,9,677,3,,0,0,0,0,0.0,0,0,0,0,137,8,0,6.88,0,2,0,0,0,0,0,0,338.5,0.0,0,15,2,7,5,12,42.86,0,7,4,57.14,13,6,28,37,35,44.87,19,167,71,201,75.7,17,0,388,9,0,0,Rubén Vargas,Sevilla,872919,2833
6,1,14.29,54,0,0.0,97,42,138,60.26,79,51.97,73,28,0,0,0,0,30,0,4,9,0,15,25,0,0,11,4,104,0,0,0.91,3.86,17,0,8.7,0,4,4,17,16,1,2,2,,34,52.31,0,0,3,91,1,11,1,9,1013,8,,0,0,0,1,0.0,0,0,0,0,158,8,0,6.88,0,3,0,0,0,0,0,0,253.25,0.0,0,33,13,22,15,9,64.29,0,12,7,58.33,11,14,14,7,113,52.07,7,178,58,229,172.0,46,0,437,13,1,0,Toni Martínez,Deportivo Alavés,831253,2885
19,7,17.5,111,18,35.29,191,97,281,73.18,19,55.88,15,26,1,0,0,0,64,4,2,4,2,17,24,0,0,14,22,90,0,0,1.41,2.13,15,0,19.05,0,4,5,19,16,3,3,1,,71,48.63,0,0,0,103,10,17,3,16,1374,4,,0,0,0,0,0.0,0,0,0,0,218,5,0,6.88,0,1,0,0,0,0,0,0,343.5,0.0,1,9,12,8,9,26,50.98,0,23,13,56.52,17,50,51,40,90,50.0,51,309,115,384,165.0,21,2,672,24,2,0,Ramón Terrats,Getafe,1088565,2859
32,14,20.9,175,32,64.0,318,148,452,83.7,4,23.53,13,28,1,0,0,0,63,2,0,3,0,13,28,0,0,16,13,62,0,0,1.83,0.73,12,0,11.11,0,2,3,21,21,0,1,1,,60,55.05,0,0,0,88,4,28,0,8,1016,1,,0,0,0,0,0.0,0,0,0,0,191,5,0,6.88,0,2,0,0,0,0,0,0,508.0,0.0,0,6,12,8,7,5,35.71,0,19,11,57.89,28,51,14,67,64,50.79,50,438,169,540,192.5,18,1,801,37,2,0,Manuel Fuster,UD Las Palmas,916654,6577
2,0,0.0,20,5,45.45,38,49,87,88.78,1,50.0,1,4,0,0,0,0,4,0,0,1,0,17,4,0,0,0,1,4,0,0,0.14,0.01,2,0,0.0,0,0,0,3,3,0,0,0,,9,75.0,0,0,0,11,2,1,0,2,205,0,,0,0,0,0,0.0,0,0,0,0,20,0,0,6.88,0,0,0,0,0,0,0,0,0.0,0.0,0,0,1,0,0,1,100.0,0,5,0,0.0,1,8,1,2,10,71.43,11,48,52,98,27.5,1,0,157,3,1,0,Andy Pelmard,UD Las Palmas,877978,6577
13,1,14.29,149,29,72.5,378,287,664,93.39,0,0.0,3,15,0,0,0,0,49,0,0,3,1,11,15,0,0,9,13,44,0,1,0.58,0.21,16,0,0.0,0,0,0,13,11,2,0,0,,60,59.41,0,0,0,47,8,5,0,10,941,0,,0,0,0,0,0.0,0,0,0,0,78,8,0,6.87,0,0,0,0,0,0,0,0,0.0,0.0,1,1,5,2,1,8,72.73,0,25,11,44.0,5,22,11,7,60,57.69,40,416,302,711,103.1,6,0,854,27,2,0,Arthur,Girona FC,794927,24264
21,2,15.38,171,17,48.57,394,312,704,86.59,9,29.03,22,32,3,0,0,0,107,1,2,5,3,18,32,0,0,23,27,116,0,0,1.15,2.77,32,0,13.64,0,3,6,19,15,4,2,1,,101,51.79,1,0,0,109,20,13,0,19,1637,1,,0,1,0,0,0.0,0,0,0,1,193,7,0,6.87,0,2,0,0,0,0,0,0,545.67,0.0,0,10,12,13,4,17,48.57,0,45,32,71.11,12,43,35,13,110,48.67,35,487,339,813,219.8,22,1,1149,39,2,0,Conor Gallagher,Atlético Madrid,904970,2836
22,5,18.52,182,21,51.22,301,213,509,79.53,9,23.08,30,35,4,0,0,0,105,5,12,12,3,18,35,0,0,33,12,130,0,0,2.06,11.48,22,0,16.9,0,12,16,42,34,8,11,1,,70,41.18,2,0,1,131,5,22,2,35,2987,6,,0,0,5,0,100.0,0,5,0,1,306,9,0,6.87,0,8,0,0,0,0,0,0,248.92,0.0,0,42,29,35,24,21,37.5,0,22,17,77.27,22,40,56,27,79,37.8,41,423,244,640,240.3,71,1,1065,27,7,0,Javi Puado,Espanyol,891511,2814
42,0,0.0,188,59,56.73,447,548,995,85.63,49,62.03,30,33,1,0,0,0,148,2,1,5,4,58,33,0,0,20,21,122,0,3,0.8,1.92,45,0,19.05,9,4,5,32,28,4,4,0,,87,48.6,2,0,0,167,40,16,1,25,2158,0,,0,0,0,2,0.0,0,0,0,0,225,1,0,6.86,0,1,0,0,0,0,0,0,539.5,0.0,0,14,7,10,6,14,63.64,0,49,24,48.98,16,70,22,4,136,52.71,104,562,604,1162,226.5,21,0,1523,25,12,0,Pathé Ismaël Ciss,Rayo Vallecano,913679,2818
46,6,30.0,232,75,53.96,573,585,1152,81.59,71,63.96,40,32,2,0,0,0,129,3,3,8,6,82,32,0,0,35,44,194,0,1,1.89,1.84,62,0,0.0,0,0,2,37,32,5,0,0,,161,51.11,0,0,0,260,33,15,0,31,2654,2,,0,0,0,0,0.0,0,0,0,0,372,6,0,6.86,1,0,0,0,0,0,0,0,0.0,0.0,1,18,12,14,8,13,44.83,0,88,42,47.73,15,91,29,20,232,54.46,139,755,677,1412,219.6,30,0,1959,63,8,1,Samú Costa,Mallorca,988351,2826
33,0,0.0,47,50,35.97,187,515,702,82.88,39,68.42,18,26,0,0,0,0,50,0,0,0,5,164,26,0,0,0,8,40,0,0,0.35,0.06,15,0,50.0,2,1,1,41,36,5,1,0,,34,60.71,1,0,0,145,21,2,0,24,2112,2,,0,0,0,2,0.0,0,0,0,1,153,1,0,6.86,0,0,0,0,0,0,0,0,2112.0,0.0,0,2,0,1,1,1,100.0,0,25,11,44.0,2,66,1,0,73,64.6,139,288,559,847,178.3,2,1,1149,8,3,0,Matija Nastasić,Leganés,98440,2845
17,11,26.83,171,30,44.78,318,249,556,78.53,3,17.65,14,23,4,0,0,0,66,4,1,6,3,29,23,0,0,14,12,71,0,0,2.37,0.6,19,0,0.0,0,0,4,24,23,1,0,0,,49,46.23,0,0,0,152,17,16,0,19,1657,3,,0,0,0,0,0.0,0,0,0,0,259,6,0,6.86,0,0,0,0,0,0,0,0,0.0,0.0,0,12,1,4,3,14,51.85,0,28,16,57.14,16,42,27,41,52,42.28,67,443,306,708,157.7,13,0,1100,7,1,0,Sergio Carreira,Celta Vigo,1002764,2821
70,0,0.0,150,106,52.48,415,931,1346,87.92,46,53.49,40,32,1,0,0,0,104,0,0,0,6,109,32,0,0,0,5,63,0,2,0.52,0.7,19,0,16.67,43,2,3,40,30,10,2,0,,41,64.06,2,0,0,185,21,4,0,28,2585,2,,0,0,0,2,0.0,0,0,0,1,199,0,0,6.86,0,0,0,0,0,0,0,0,1292.5,0.0,0,9,3,7,5,0,0.0,0,38,21,55.26,4,125,2,5,87,58.0,202,526,1010,1531,219.4,12,3,1803,3,2,0,Logan Costa,Villarreal,911853,2819
65,0,0.0,67,101,41.22,321,949,1270,84.16,64,52.46,58,36,0,0,0,0,80,1,3,3,9,182,36,0,1,2,14,102,2,0,0.55,1.47,30,0,15.38,1,2,2,48,43,5,2,0,,56,56.0,2,0,0,239,39,5,0,33,2963,7,,1,0,0,1,0.0,0,0,0,1,256,0,0,6.85,1,0,0,0,0,0,0,0,1481.5,0.0,0,13,0,5,5,4,100.0,0,40,29,72.5,5,127,4,1,120,54.05,245,492,1018,1509,246.7,13,1,1903,12,1,0,Sergio González,Leganés,377234,2845
5,1,16.67,81,3,75.0,141,64,204,80.63,11,29.73,26,23,2,0,0,0,32,5,4,9,0,16,23,0,0,23,2,70,0,0,1.1,4.03,11,0,9.38,0,3,5,15,12,3,3,0,,32,42.11,0,0,0,49,4,19,2,14,1138,2,,0,0,0,0,0.0,0,0,0,0,129,9,0,6.85,0,1,0,0,0,0,0,0,379.33,0.0,0,23,9,14,9,13,61.9,0,9,3,33.33,19,5,21,6,43,38.05,4,186,73,253,157.6,32,1,448,10,2,0,Sergio Camello,Rayo Vallecano,910024,2818
15,11,24.44,99,28,43.08,254,340,583,84.13,18,48.65,19,29,2,0,0,0,85,2,0,0,1,52,29,0,0,6,14,72,0,0,1.28,0.07,28,0,0.0,0,0,2,36,34,2,0,0,,111,67.68,0,0,0,110,27,12,0,23,1986,0,,0,0,0,0,0.0,0,0,0,0,223,2,0,6.85,0,0,0,0,0,0,0,0,0.0,0.0,0,1,2,1,2,9,56.25,0,71,46,64.79,12,26,16,45,129,64.18,65,352,386,693,198.7,3,0,1248,31,5,0,Viti Rozada,UD Las Palmas,1031499,6577
55,16,31.37,236,58,47.93,512,362,858,79.81,15,36.59,26,35,3,0,0,0,112,4,1,5,2,32,35,0,0,15,30,114,0,3,2.29,1.27,30,0,4.0,0,1,4,49,46,3,1,0,,92,51.11,0,0,0,217,31,30,0,28,2590,2,,0,1,0,0,0.0,0,0,0,0,320,11,0,6.85,0,1,0,0,0,0,0,0,2590.0,0.0,0,12,13,14,6,21,61.76,0,45,35,77.78,29,104,34,51,107,48.42,121,701,425,1075,239.8,25,0,1495,26,6,0,Javier Muñoz,UD Las Palmas,353154,6577
24,0,0.0,170,38,61.29,390,404,794,89.62,28,66.67,14,22,2,0,0,0,69,1,0,3,3,23,22,0,0,13,4,57,0,3,0.93,0.92,22,0,0.0,0,0,2,21,18,3,0,0,,47,52.22,0,0,0,92,9,19,0,16,1474,0,,0,0,0,0,0.0,0,0,0,0,131,5,0,6.85,0,0,0,0,0,0,0,0,0.0,0.0,0,6,7,5,5,4,50.0,0,22,15,68.18,19,40,8,2,75,56.82,62,458,430,886,150.7,13,0,1062,21,4,0,Albert Sambi Lokonga,Sevilla,901892,2833
9,2,15.38,28,9,90.0,49,27,74,89.16,2,40.0,3,6,0,0,0,0,8,0,0,2,0,0,6,0,0,0,2,9,0,0,0.29,0.29,2,0,0.0,0,0,0,2,2,0,0,0,,9,60.0,0,0,0,9,1,2,0,1,143,3,,0,0,0,0,0.0,0,0,0,0,27,1,0,6.85,0,0,0,0,0,0,0,0,0.0,0.0,0,2,2,0,2,5,71.43,0,3,2,66.67,2,13,7,13,11,55.0,10,67,29,83,41.1,4,0,123,1,1,0,James Rodríguez,Rayo Vallecano,107414,2818
15,0,0.0,110,18,69.23,194,150,344,72.73,14,34.15,27,37,3,0,0,0,46,6,10,7,0,10,37,0,0,32,11,128,0,0,1.36,9.39,40,0,23.91,0,11,14,31,29,2,11,0,,55,35.26,1,0,0,129,7,19,3,24,1979,14,,0,1,0,0,0.0,0,0,0,2,256,10,0,6.85,0,7,0,0,0,0,0,0,179.91,0.0,0,44,2,11,28,11,37.93,0,10,9,90.0,18,25,29,6,69,35.03,26,300,179,473,253.4,46,2,760,34,2,0,Borja Iglesias,Celta Vigo,785989,2821
41,1,50.0,164,73,56.59,564,1259,1822,91.24,42,45.16,51,37,0,0,0,0,190,0,0,1,8,123,37,0,0,10,9,87,1,3,0.27,0.42,14,0,20.0,11,1,1,47,39,8,1,0,,86,70.49,0,0,0,175,35,0,1,37,3320,0,,0,0,0,3,0.0,0,0,0,0,228,0,0,6.85,0,0,0,0,0,0,0,0,3320.0,0.0,0,5,0,2,2,5,55.56,0,56,36,64.29,0,76,9,2,128,59.53,129,658,1341,1997,253.4,5,1,2431,26,6,0,Cristhian Mosquera,Valencia,1144630,2828
51,18,21.43,151,54,29.83,307,185,474,60.46,36,48.65,38,37,1,0,0,0,106,7,2,7,7,125,37,0,0,15,44,156,0,1,1.81,1.6,45,0,0.0,0,0,1,35,29,6,0,0,,134,53.17,0,0,0,310,50,20,0,32,2889,1,,0,0,0,0,0.0,0,0,0,0,586,5,0,6.85,0,0,0,0,0,0,0,0,0.0,0.0,0,7,14,11,3,13,44.83,0,81,47,58.02,20,113,29,84,170,52.15,181,611,257,784,253.4,21,0,1715,41,4,0,Juan Iglesias,Getafe,949707,2859
15,17,29.82,160,23,46.94,338,362,683,85.38,25,49.02,26,25,3,0,0,0,71,8,0,2,5,42,25,0,0,15,24,134,0,0,3.07,0.2,38,0,0.0,0,0,3,14,13,1,0,0,,114,51.35,0,0,1,117,12,15,0,21,1790,4,,0,0,0,1,0.0,0,0,0,0,257,7,0,6.85,0,0,0,0,0,0,0,0,0.0,0.0,0,2,7,7,0,28,42.42,0,51,31,60.78,15,30,66,57,139,50.92,49,451,406,800,171.2,9,1,1346,35,8,0,Javi Galán,Atlético Madrid,825133,2836
12,0,0.0,83,14,58.33,172,124,296,74.0,36,34.29,69,36,2,0,0,0,61,2,9,10,2,21,36,0,0,20,24,159,0,0,0.68,6.6,40,0,11.86,0,7,9,13,10,3,6,1,,48,34.78,2,0,0,104,9,15,1,21,1847,7,,0,0,0,0,0.0,0,0,0,0,190,19,0,6.85,0,4,0,0,0,0,0,0,263.86,0.0,0,51,8,30,19,11,55.0,0,16,8,50.0,15,22,20,5,84,34.57,24,263,142,400,246.5,59,1,702,21,2,0,Gorka Guruzeta,Athletic Club,605672,2825
34,1,50.0,67,57,48.72,277,835,1111,88.95,67,67.68,32,31,1,0,0,0,75,2,0,4,4,122,28,0,1,8,4,61,2,0,0.83,0.35,19,0,11.11,5,1,2,36,33,3,1,0,,48,62.34,1,0,0,138,27,5,0,23,2189,0,,0,0,0,0,0.0,0,0,0,0,166,0,0,6.85,1,0,0,0,0,0,0,0,2189.0,0.0,0,8,1,1,4,2,100.0,0,35,24,68.57,5,60,2,2,115,65.34,117,376,875,1249,191.7,9,0,1559,13,5,0,Natan,Real Betis,1015287,2816
15,20,20.62,155,35,28.0,327,392,699,78.54,11,28.21,28,31,1,0,0,0,100,4,0,5,5,70,31,0,0,15,23,122,0,0,1.68,0.9,38,0,4.17,0,1,2,33,25,8,0,1,,92,49.46,0,0,0,191,24,21,1,27,2303,3,,0,0,0,0,0.0,0,0,0,0,388,4,0,6.85,0,0,0,0,0,0,0,0,2303.0,0.0,0,7,17,11,8,17,48.57,0,56,32,57.14,21,52,35,97,103,45.78,125,535,452,890,212.2,24,0,1595,19,7,0,Adrià Pedrosa,Sevilla,928672,2833
43,7,21.21,237,56,41.48,490,539,1022,85.95,10,35.71,18,32,1,0,0,0,117,0,0,7,0,20,32,0,1,19,19,78,0,0,1.34,1.6,18,0,11.54,0,3,4,21,17,4,2,1,,67,52.76,1,0,0,167,21,19,0,23,1725,1,,0,0,0,0,0.0,0,0,0,0,244,7,0,6.84,1,2,0,0,0,0,0,0,575.0,0.0,1,9,17,8,11,15,78.95,0,31,21,67.74,19,76,19,33,77,49.68,135,645,577,1189,219.0,26,0,1478,21,9,0,Unai López,Rayo Vallecano,588566,2818
38,2,13.33,179,43,62.32,458,514,970,88.1,23,54.76,19,30,1,0,0,0,121,1,0,2,4,36,30,0,0,21,24,113,1,0,1.06,0.62,33,0,6.25,0,1,2,36,33,3,1,0,,121,56.28,0,0,1,131,26,13,0,27,2321,0,,0,0,0,0,0.0,0,0,0,0,220,7,0,6.84,0,1,0,0,0,0,0,0,2321.0,0.0,0,2,14,11,3,19,52.78,0,53,33,62.26,13,55,36,15,144,56.03,69,554,562,1101,205.3,16,0,1477,50,14,0,Yvan Neyou,Leganés,869931,2845
6,8,32.0,86,6,50.0,182,95,269,82.77,6,37.5,10,12,1,0,0,0,52,3,1,2,0,5,12,0,0,13,7,55,0,0,1.63,0.81,7,0,0.0,0,0,1,20,18,2,0,0,,43,48.86,0,0,0,56,5,12,0,10,814,4,,0,0,0,0,0.0,0,0,0,0,129,4,0,6.84,0,0,0,0,0,0,0,0,0.0,0.0,0,7,6,5,6,15,44.12,0,12,7,58.33,12,15,34,25,49,47.12,12,235,115,325,82.1,13,0,518,17,1,0,Jonathan Bamba,Celta Vigo,595576,2821
26,4,16.0,103,35,42.68,262,330,588,85.22,7,35.0,13,18,0,0,0,0,37,1,0,5,1,47,17,0,0,1,12,52,0,0,0.46,0.21,20,0,0.0,0,0,0,26,24,2,0,0,,56,58.95,0,0,0,102,17,4,0,13,1182,1,,0,0,0,0,0.0,0,0,0,0,143,1,0,6.84,0,0,0,0,0,0,0,0,0.0,0.0,0,3,3,1,0,7,53.85,0,36,24,66.67,4,55,13,25,63,54.78,82,351,364,690,116.3,6,1,1001,14,2,0,Alejandro Francés,Girona FC,1002347,24264
34,0,0.0,47,59,43.38,154,341,495,78.7,28,58.33,20,22,0,0,0,0,63,0,0,1,4,151,22,0,1,2,4,48,0,1,0.09,0.2,24,0,33.33,0,1,1,25,21,4,1,0,,41,59.42,1,0,0,134,18,2,0,21,1869,0,,0,0,0,2,0.0,0,0,0,0,140,0,0,6.84,2,0,0,0,0,0,0,0,1869.0,0.0,0,3,0,1,1,0,0.0,0,28,15,53.57,2,71,0,0,69,58.97,136,270,359,629,150.5,3,1,900,13,2,1,Domingos Duarte,Getafe,576276,2859
2,0,0.0,31,2,33.33,110,92,202,91.82,11,68.75,5,5,0,0,0,0,14,0,0,0,0,8,5,0,0,0,0,8,0,0,0.07,0.02,5,0,0.0,0,0,0,2,2,0,0,0,,6,66.67,0,0,0,18,4,1,0,2,252,0,,0,0,0,0,0.0,0,0,0,0,19,0,0,6.84,0,0,0,0,0,0,0,0,0.0,0.0,0,1,0,1,0,0,0.0,0,6,4,66.67,1,4,0,0,17,68.0,6,121,99,220,34.2,1,0,246,0,3,0,Andreas Christensen,FC Barcelona,186795,2817
47,0,0.0,46,74,43.02,244,545,789,83.58,31,51.67,29,23,0,0,0,0,62,0,0,0,3,112,23,0,0,1,7,61,1,3,0.15,2.29,23,0,50.0,7,3,3,20,17,3,3,0,,20,38.46,2,0,2,155,22,2,1,21,1814,0,,0,0,0,1,0.0,0,0,0,0,167,0,0,6.84,1,0,0,0,0,0,0,0,604.67,0.0,0,6,0,3,3,0,0.0,0,15,13,86.67,2,98,1,1,51,45.54,172,365,580,944,157.3,6,2,1167,6,2,1,Aitor Paredes,Athletic Club,959872,2825
67,2,40.0,260,77,64.17,668,643,1309,88.99,20,41.67,28,34,1,0,0,0,119,4,0,7,3,33,34,0,0,22,32,121,1,3,1.77,1.01,34,0,8.7,1,2,3,39,36,3,0,2,,71,43.29,0,0,0,162,26,16,0,29,2426,0,,0,1,0,1,0.0,0,0,0,0,224,8,0,6.84,0,2,0,0,0,0,0,0,1213.0,0.0,0,6,17,12,4,10,55.56,0,50,35,70.0,15,98,18,5,91,42.92,120,780,696,1471,232.4,23,1,1771,12,3,0,Fran Beltrán,Celta Vigo,835484,2821
14,5,17.24,146,11,45.83,244,108,347,79.95,5,35.71,9,23,0,0,0,0,94,4,5,4,0,8,23,0,0,34,10,89,0,0,1.47,1.99,14,0,5.56,0,1,1,13,10,3,1,0,,86,51.81,0,0,1,87,19,13,0,15,1286,2,,0,0,0,0,0.0,0,0,0,0,225,11,0,6.83,0,1,0,0,0,0,0,0,1286.0,0.0,0,13,5,8,6,35,61.4,0,30,22,73.33,13,25,57,29,91,50.56,24,335,128,434,157.2,18,0,770,21,3,0,Robert Navarro,Mallorca,944165,2826
4,0,0.0,30,2,28.57,55,51,106,70.2,22,53.66,19,32,2,0,0,0,14,0,4,4,0,11,32,0,0,7,3,62,0,0,0.97,8.25,35,0,32.35,0,11,13,15,13,2,11,0,,18,29.51,2,0,0,45,7,6,0,6,1068,11,,0,0,3,0,100.0,0,3,0,0,80,4,0,6.83,0,9,0,0,0,0,0,0,97.09,0.0,0,33,1,11,19,2,50.0,0,9,7,77.78,6,7,4,2,40,39.22,7,92,61,151,218.7,34,0,272,7,4,0,Cristhian Stuani,Girona FC,32048,24264
34,42,28.19,181,40,62.5,320,167,445,72.83,8,33.33,16,33,5,0,0,0,85,8,7,16,2,19,33,0,0,10,19,118,0,1,5.48,4.17,4,0,8.7,0,4,9,53,50,3,3,1,,95,48.22,1,0,2,166,10,44,0,26,2346,12,,0,0,0,0,0.0,0,0,0,0,417,9,0,6.83,0,3,0,0,0,0,0,0,586.5,0.0,0,28,18,14,16,57,44.88,0,22,13,59.09,44,71,127,149,103,46.61,64,562,198,611,225.5,46,0,1145,16,2,0,Raúl Moro,Real Valladolid,980383,2831
47,0,0.0,142,61,39.61,355,473,828,79.54,32,56.14,25,34,0,0,0,0,155,0,1,1,3,80,33,0,0,15,26,113,0,2,0.82,0.57,38,0,7.14,0,1,1,47,41,6,0,1,,114,56.44,0,0,1,213,27,8,0,28,2433,0,,0,0,0,0,0.0,0,0,0,0,296,6,0,6.83,0,1,0,0,0,0,0,0,2433.0,0.0,0,3,11,7,6,19,57.58,0,61,35,57.38,8,113,33,12,146,56.37,154,513,540,1041,225.5,14,0,1482,34,8,0,Renato Tapia,Leganés,352376,2845
32,11,20.0,175,31,43.06,389,420,798,82.52,10,45.45,12,30,3,0,0,0,66,3,2,1,5,44,30,0,0,3,25,66,0,0,1.92,0.8,13,0,0.0,0,0,3,11,7,4,0,0,,67,55.37,0,0,0,169,13,13,0,17,1581,4,,0,0,0,0,0.0,0,0,0,0,276,4,0,6.83,0,0,0,0,0,0,0,0,0.0,0.0,0,5,4,7,1,15,53.57,0,44,19,43.18,13,73,28,55,77,53.85,72,538,484,967,205.0,9,0,1402,8,1,0,Nahuel Molina,Atlético Madrid,831799,2836
29,11,35.48,140,46,41.07,383,809,1181,88.46,46,63.01,27,31,1,0,0,0,74,0,0,5,5,91,31,0,0,3,14,70,1,0,0.96,1.62,26,0,4.35,20,1,2,42,31,11,1,0,,62,59.05,0,0,0,154,27,14,0,27,2495,0,,0,0,1,0,100.0,0,1,0,0,203,5,0,6.83,0,1,0,0,0,0,0,0,2495.0,0.0,6,3,20,12,6,6,75.0,0,42,24,57.14,14,51,8,31,108,60.67,112,498,868,1335,211.8,23,0,1675,14,6,0,Nemanja Gudelj,Sevilla,68332,2833
6,7,17.5,171,5,31.25,304,215,512,85.33,21,52.5,19,32,4,0,0,0,66,4,3,2,1,14,30,0,0,12,24,88,0,0,1.69,2.15,18,0,30.77,0,4,8,33,23,10,4,0,,71,50.71,0,0,1,88,17,25,1,18,1731,1,,0,0,0,0,0.0,0,0,0,0,183,5,0,6.83,1,3,0,0,0,0,0,0,432.75,0.0,0,13,0,5,6,11,40.74,0,50,34,68.0,25,10,27,40,92,51.11,16,388,252,600,204.9,13,2,936,12,4,1,Juanlu Sánchez,Sevilla,1010655,2833
22,6,40.0,132,16,41.03,277,252,523,85.32,27,61.36,17,18,1,0,0,0,55,0,0,2,3,45,17,0,0,3,9,44,0,0,0.61,0.18,12,0,0.0,0,0,1,16,14,2,0,0,,39,59.09,0,0,1,90,8,7,0,15,1280,0,,0,0,0,0,0.0,0,0,0,0,144,0,0,6.83,0,0,0,0,0,0,0,0,0.0,0.0,2,1,4,2,1,4,57.14,0,29,15,51.72,7,48,7,15,66,60.0,39,352,276,613,116.1,5,0,886,6,0,0,Ricardo Rodríguez,Real Betis,67769,2816
16,0,0.0,146,11,68.75,227,138,365,83.72,10,52.63,9,26,2,0,0,0,48,4,0,8,0,12,25,0,0,15,13,66,0,0,3.56,1.54,22,0,11.11,0,2,4,23,18,5,1,1,,43,43.0,0,0,0,71,10,18,1,16,1438,3,,0,0,0,0,0.0,0,0,0,0,117,8,0,6.83,0,1,0,0,0,0,0,0,719.0,0.0,0,14,4,5,5,6,46.15,0,29,18,62.07,18,21,13,11,53,44.54,16,292,155,436,170.7,18,0,611,8,5,0,Donny van de Beek,Girona FC,361790,24264
32,8,24.24,100,34,56.67,208,228,428,82.15,13,46.43,15,19,0,0,0,0,60,2,2,6,0,17,19,0,0,13,11,83,0,0,1.08,2.06,32,0,10.0,0,2,2,25,24,1,2,0,,65,48.87,0,0,0,93,7,17,1,14,1198,1,,0,0,0,0,0.0,0,0,0,0,175,0,0,6.83,0,1,0,0,0,0,0,0,599.0,0.0,1,10,10,9,5,8,40.0,0,37,26,70.27,17,55,20,33,78,48.45,60,303,251,521,129.7,20,0,776,21,6,0,Kike Pérez,Real Valladolid,857178,2831
22,8,17.78,185,30,35.71,495,485,972,80.8,40,51.95,37,35,1,0,0,0,127,1,0,3,8,91,35,0,0,12,34,154,0,0,1.37,0.45,50,0,9.09,0,1,2,35,33,2,1,0,,152,56.51,0,0,0,231,30,15,1,28,2471,3,,0,0,0,1,0.0,0,0,0,0,402,7,0,6.83,0,0,0,0,0,0,0,0,2471.0,0.0,0,6,5,5,3,8,23.53,0,102,70,68.63,15,53,34,45,192,55.49,84,666,582,1203,238.9,11,1,1991,42,8,0,Jon Aramburu,Real Sociedad,1116388,2824
9,22,28.95,150,13,68.42,242,93,313,81.72,3,50.0,3,28,0,0,0,0,42,3,4,4,0,2,28,0,0,11,6,76,0,0,2.34,4.39,17,0,11.11,0,4,4,31,26,5,4,0,,51,41.13,0,0,0,70,2,23,1,18,1548,17,,0,0,0,1,0.0,0,0,0,0,221,3,0,6.83,0,3,0,0,0,0,0,0,387.0,0.0,1,30,6,15,17,24,38.1,0,10,7,70.0,23,20,63,76,54,41.54,19,360,99,383,191.1,36,0,683,17,3,0,Arnaut Danjuma,Girona FC,827064,24264
70,0,0.0,114,121,45.83,348,1208,1556,86.44,65,68.42,30,32,1,0,0,0,138,1,1,1,8,160,32,0,1,8,8,74,0,2,0.23,0.63,26,0,7.69,8,1,2,40,29,11,0,1,,74,62.71,0,0,1,244,29,4,0,31,2687,0,,0,0,0,1,0.0,0,0,0,0,287,0,0,6.83,1,1,0,0,0,0,0,0,2687.0,0.0,0,10,3,8,4,17,89.47,0,47,27,57.45,4,146,19,8,139,65.26,264,527,1281,1800,218.4,13,1,2187,10,7,0,Loïc Badé,Sevilla,1006489,2833
7,0,0.0,17,23,34.85,57,273,330,81.48,31,70.45,13,12,0,0,0,0,35,0,0,0,1,59,12,0,0,5,2,27,0,0,0.04,0.27,6,0,0.0,1,0,0,18,18,0,0,0,,19,57.58,0,0,0,75,12,1,0,10,873,0,,0,0,0,0,0.0,0,0,0,0,86,0,0,6.83,0,0,0,0,0,0,0,0,0.0,0.0,0,3,0,2,1,3,75.0,0,10,7,70.0,1,24,4,0,50,64.94,66,109,296,405,81.9,3,2,544,6,1,0,Abdulai Juma Bah,Real Valladolid,1606792,2831
10,0,0.0,2,18,29.51,8,52,60,58.25,2,100.0,0,4,0,0,0,0,30,0,0,0,0,2,4,0,0,0,0,0,0,0,0.0,0.03,0,0,0.0,29,0,0,5,4,1,0,0,-0.29,1,100.0,0,6,0,43,0,0,0,4,360,0,,0,0,0,0,0.0,0,0,0,0,43,0,1,6.83,0,0,1,4,2,7,1,3,0.0,0.0,0,1,0,0,1,0,0.0,1,0,0,0.0,0,11,0,0,3,100.0,61,49,54,103,27.3,1,0,139,2,0,0,Francisco Vieites,Real Betis,929975,2816
45,9,26.47,145,52,70.27,368,332,691,87.14,17,80.95,4,25,3,0,0,0,84,2,0,1,0,19,25,0,0,15,9,43,0,2,1.02,0.13,7,0,0.0,0,0,3,17,16,1,0,0,,47,54.65,0,0,0,102,19,14,0,15,1205,0,,0,0,0,1,0.0,0,0,0,0,172,7,0,6.82,0,0,0,0,0,0,0,0,0.0,0.0,2,0,5,1,3,8,50.0,0,21,16,76.19,14,69,16,34,64,59.81,74,458,369,793,170.6,5,0,1001,20,5,0,José Campaña,UD Las Palmas,96373,6577
11,8,12.5,82,8,57.14,142,54,188,77.05,7,29.17,17,22,1,0,0,0,30,4,3,4,1,10,22,0,1,4,2,34,0,0,1.67,2.0,8,0,9.09,0,2,3,11,10,1,2,0,,22,56.41,0,0,2,56,1,8,0,11,994,9,,0,0,0,0,0.0,0,0,0,0,138,6,0,6.82,1,2,0,0,0,0,0,0,497.0,0.0,0,15,7,5,13,4,50.0,0,3,2,66.67,8,15,8,64,29,46.03,14,238,70,244,150.1,22,0,405,15,1,0,Sheraldo Becker,Real Sociedad,352544,2824
10,0,0.0,131,19,79.17,306,259,565,94.32,4,66.67,2,14,1,0,0,0,36,1,0,0,3,6,14,0,1,9,3,22,0,1,0.72,,5,0,0.0,0,0,1,13,11,2,0,0,,27,57.45,0,0,0,34,9,3,0,12,1007,0,,0,0,0,0,0.0,0,0,0,0,64,2,0,6.82,1,0,0,0,0,0,0,0,0.0,0.0,0,0,0,0,0,3,50.0,0,17,14,82.35,3,17,6,1,31,58.49,24,325,275,599,95.5,0,0,768,7,1,0,Ferland Mendy,Real Madrid,792073,2829
11,1,33.33,50,30,44.12,129,250,378,81.64,24,64.86,13,15,0,0,0,0,40,0,2,0,1,56,15,0,0,0,4,22,0,0,0.34,1.08,5,0,0.0,1,0,0,22,18,4,0,0,,22,70.97,0,0,0,85,26,3,0,9,955,0,,0,0,0,0,0.0,0,0,0,0,96,0,0,6.82,0,0,0,0,0,0,0,0,0.0,0.0,0,3,0,3,0,0,0.0,0,20,17,85.0,3,34,0,3,46,67.65,68,184,282,463,102.3,3,1,629,2,1,0,Yarek Gasiorowski,Valencia,1184317,2828
19,10,23.81,164,18,43.9,277,169,436,84.17,5,38.46,8,26,0,0,0,1,80,3,3,10,0,5,26,0,0,8,27,61,0,1,2.09,2.37,7,0,9.38,0,3,3,17,16,1,0,3,,49,48.04,0,0,1,82,7,26,0,12,1220,0,,0,0,1,0,0.0,0,0,0,0,166,8,0,6.82,0,3,0,0,0,0,0,0,406.67,0.0,1,9,23,14,8,20,60.61,0,23,15,65.22,26,31,33,42,54,46.96,41,364,196,518,177.3,32,0,749,6,2,0,Pedro Díaz,Rayo Vallecano,900669,2818
5,9,33.33,67,18,35.29,207,319,517,82.32,25,53.19,22,21,0,0,0,0,35,0,0,1,1,62,21,0,0,1,17,75,0,0,0.68,0.79,30,0,33.33,8,3,3,29,28,1,3,0,,54,50.47,1,0,0,111,16,7,1,18,1430,2,,0,0,0,1,0.0,0,0,0,0,176,2,0,6.82,0,1,0,0,0,0,0,0,476.67,0.0,0,7,2,3,5,2,25.0,0,39,29,74.36,7,13,8,27,79,51.3,51,300,355,628,143.2,9,1,1007,14,3,0,Álex Muñoz,UD Las Palmas,273227,6577
10,7,24.14,49,11,57.89,102,55,150,76.14,7,46.67,8,19,0,0,0,0,28,5,0,4,0,8,19,0,1,7,6,39,0,0,0.98,1.83,13,0,10.0,0,2,2,7,7,0,1,1,,30,49.18,0,0,1,47,2,17,1,6,687,5,,0,1,0,0,0.0,0,0,0,0,107,7,0,6.82,1,1,0,0,0,0,0,0,343.5,0.0,0,13,7,6,10,5,50.0,0,8,3,37.5,16,19,10,29,37,48.68,19,159,67,197,129.5,20,0,352,18,5,0,Chimy Ávila,Real Betis,789381,2816
26,11,21.15,210,25,55.56,405,219,613,82.39,19,38.78,30,27,2,0,0,0,76,2,5,6,2,15,26,0,0,34,15,146,0,1,2.29,3.53,41,0,10.71,0,3,5,16,15,1,3,0,,82,41.41,0,0,0,131,7,23,2,19,1547,9,,0,0,0,0,0.0,0,0,0,0,286,13,0,6.82,0,1,0,0,0,0,0,0,515.67,0.0,4,15,13,13,9,14,31.11,0,24,13,54.17,23,56,45,52,101,40.89,45,548,248,744,177.2,28,0,1113,45,4,0,Brais Méndez,Real Sociedad,845385,2824
15,0,0.0,1,27,62.79,16,177,193,91.47,2,100.0,0,8,0,0,0,0,59,0,0,0,1,5,8,0,0,0,1,1,0,2,0.01,,0,0,0.0,27,0,0,9,9,0,0,0,-2.16,1,50.0,0,4,0,18,0,0,0,8,675,0,,0,0,0,0,0.0,1,0,0,0,18,0,3,6.81,0,0,2,11,2,14,0,1,0.0,0.0,0,0,0,0,0,0,0.0,2,0,0,0.0,0,21,0,0,3,75.0,43,27,184,211,54.5,0,0,278,2,0,0,Marc-André Ter Stegen,FC Barcelona,88625,2817
12,8,25.0,336,20,50.0,569,267,828,83.38,5,17.86,23,35,1,0,0,0,132,6,5,21,1,6,35,0,0,48,30,209,0,0,3.64,5.48,31,0,8.82,0,6,7,48,46,2,6,0,,131,41.32,1,0,2,165,18,41,2,32,2727,2,,0,0,0,0,0.0,0,0,0,0,408,11,0,6.81,0,3,0,0,0,0,0,0,454.5,0.0,0,41,27,23,24,64,45.07,0,27,12,44.44,41,38,142,32,136,39.42,40,721,304,993,238.4,68,1,1567,40,5,0,Alberto Moleiro,UD Las Palmas,1012444,6577
19,0,0.0,20,26,41.94,97,460,557,87.17,45,63.38,26,19,0,0,0,0,41,0,1,2,1,86,19,0,0,0,7,39,0,0,0.05,0.86,6,0,0.0,21,0,0,23,23,0,0,0,,18,58.06,0,0,0,82,18,0,0,15,1330,0,,0,0,0,0,0.0,0,0,0,0,91,0,0,6.81,0,0,0,0,0,0,0,0,0.0,0.0,0,12,0,8,2,0,0.0,0,12,12,100.0,0,33,1,0,63,61.76,62,148,491,639,129.4,12,0,825,7,1,0,Juanma Herzog,UD Las Palmas,1513451,6577
18,7,21.88,142,20,40.0,258,168,419,84.82,7,35.0,13,29,3,0,0,0,71,5,1,5,0,35,29,0,0,16,22,74,0,1,1.91,0.9,10,0,6.25,0,1,4,20,18,2,0,1,,64,51.2,0,0,0,75,14,21,0,13,1312,2,,0,0,0,0,0.0,0,0,0,0,176,4,0,6.81,0,1,0,0,0,0,0,0,1312.0,0.0,0,9,7,7,4,14,51.85,0,32,23,71.88,21,25,27,32,71,48.97,50,339,187,494,197.5,16,2,851,18,5,0,Aitor Ruibal,Real Betis,893062,2816
5,1,50.0,90,3,42.86,159,112,270,65.85,88,47.31,98,34,6,0,0,0,40,6,9,4,0,24,33,0,0,21,7,170,0,0,1.02,4.81,32,0,9.38,0,3,9,37,35,2,3,0,,49,40.5,1,0,2,140,6,24,1,20,1861,9,,0,0,0,0,0.0,0,0,0,0,221,10,0,6.81,0,1,0,0,0,0,0,0,620.33,0.0,0,32,0,15,13,16,47.06,0,15,7,46.67,24,10,34,2,137,44.63,7,278,134,410,224.7,32,0,670,19,3,0,Oli McBurnie,UD Las Palmas,367228,6577
4,2,22.22,61,17,60.71,144,185,327,87.43,9,47.37,10,11,1,0,0,0,29,1,1,1,0,20,11,0,0,1,7,32,0,0,0.41,0.05,12,0,0.0,0,0,1,7,7,0,0,0,,28,56.0,0,0,0,47,9,3,0,9,706,0,,0,0,0,0,0.0,0,0,0,0,90,2,0,6.81,0,0,0,0,0,0,0,0,0.0,0.0,0,1,0,0,0,6,60.0,0,19,12,63.16,3,9,10,9,37,53.62,28,183,200,374,74.9,1,0,548,3,2,0,Hamari Traoré,Real Sociedad,362014,2824
9,6,16.67,162,14,43.75,356,209,559,85.08,14,70.0,6,28,3,0,0,0,42,2,0,2,1,27,23,0,0,4,5,36,0,0,1.65,0.47,14,0,14.29,0,1,4,15,15,0,1,0,,35,53.85,0,0,0,98,13,12,1,11,1045,0,,0,0,0,0,0.0,0,0,0,0,153,3,0,6.81,0,0,0,0,0,0,0,0,1045.0,0.0,0,5,2,3,2,4,36.36,0,22,10,45.45,12,15,11,36,49,57.65,32,455,238,657,156.6,7,2,930,9,2,0,Gerard Martín,FC Barcelona,1094827,2817
7,3,30.0,122,6,40.0,221,146,364,74.29,33,30.84,74,35,3,0,0,0,48,4,10,8,2,13,35,0,1,30,13,138,0,0,1.79,10.26,14,0,20.93,0,9,12,26,24,2,9,0,,55,46.22,1,0,2,126,4,15,7,28,2262,18,,0,0,4,0,100.0,0,4,0,1,239,13,0,6.81,1,1,0,0,0,0,0,0,251.33,0.0,0,41,2,17,18,9,50.0,0,25,16,64.0,15,16,18,10,88,38.94,15,333,167,490,238.3,43,1,794,22,4,0,Mikel Oyarzabal,Real Sociedad,823622,2824
9,3,16.67,105,12,48.0,181,97,275,73.73,16,33.33,32,27,4,0,0,0,46,4,3,5,0,18,26,0,0,20,11,121,0,0,1.0,3.75,32,0,15.38,0,4,8,23,21,2,2,2,,44,33.08,0,0,2,98,8,17,0,15,1411,7,,0,0,0,0,0.0,0,0,0,0,208,12,0,6.81,0,4,0,0,0,0,0,0,352.75,0.0,0,19,7,11,10,12,30.0,0,17,9,52.94,17,22,40,18,60,33.15,25,278,113,373,177.0,26,0,635,18,3,0,Pablo Durán,Celta Vigo,1398524,2821
24,6,19.35,217,18,43.9,427,253,674,79.2,8,40.0,12,26,3,0,0,0,78,2,3,9,0,19,26,0,0,12,9,96,0,1,2.06,2.46,25,0,16.0,0,4,7,27,24,3,4,0,,72,46.15,0,0,0,177,8,19,1,16,1570,3,,0,2,0,1,0.0,0,0,0,0,300,5,0,6.81,0,3,0,0,0,0,0,0,392.5,0.0,1,20,5,7,9,32,45.71,0,26,9,34.62,17,45,70,31,80,45.45,41,576,306,851,177.0,25,0,1286,16,6,0,Hugo Álvarez,Celta Vigo,1154935,2821
28,37,32.74,103,22,37.93,242,151,356,79.64,12,50.0,12,28,4,0,0,0,64,6,0,2,2,28,26,0,0,6,16,58,1,0,3.57,0.62,14,1,5.88,0,1,5,26,20,6,0,1,,34,42.5,0,0,0,91,13,33,0,13,1257,1,,0,0,0,0,0.0,0,0,0,0,206,8,0,6.81,0,1,0,0,0,0,0,0,1257.0,16.67,6,3,14,11,4,3,23.08,0,14,4,28.57,33,48,13,113,46,44.23,58,380,180,447,177.0,17,1,791,19,2,0,Álvaro Tejero,Espanyol,826679,2814
17,9,30.0,179,32,69.57,421,305,717,91.69,0,0.0,4,17,0,0,0,0,49,1,0,4,1,12,17,0,0,6,10,35,0,0,1.37,0.11,13,0,0.0,0,0,0,20,19,1,0,0,,23,42.59,0,0,0,65,7,17,0,10,944,0,,0,0,0,0,0.0,0,0,0,0,100,4,0,6.81,0,0,0,0,0,0,0,0,0.0,0.0,0,0,4,0,0,0,0.0,0,14,9,64.29,17,24,2,30,23,39.66,46,486,326,782,115.7,4,0,892,9,3,0,Damián Rodríguez,Celta Vigo,1216080,2821
72,10,17.54,187,72,34.95,454,542,986,79.39,28,56.0,22,30,1,0,0,0,78,1,0,5,3,114,30,0,0,5,18,85,0,2,2.0,0.41,33,0,0.0,5,0,1,44,41,3,0,0,,76,54.68,0,0,0,256,38,16,0,27,2406,3,,0,0,0,1,0.0,0,0,0,0,412,1,0,6.8,0,0,0,0,0,0,0,0,0.0,0.0,0,5,5,5,0,7,46.67,0,61,29,47.54,16,139,15,57,104,55.03,206,682,617,1242,204.1,10,0,1861,8,5,0,Mika Mármol,UD Las Palmas,979146,6577
5,0,0.0,34,2,66.67,66,31,97,82.91,3,75.0,1,21,1,0,0,0,14,1,4,3,0,4,14,0,0,8,3,24,0,0,0.4,3.01,7,0,14.29,0,2,3,7,7,0,1,1,,13,36.11,0,0,0,20,2,8,1,2,333,0,,0,0,0,0,0.0,0,0,0,0,43,5,0,6.8,0,1,0,0,0,0,0,0,166.5,0.0,0,11,3,3,8,7,58.33,0,3,1,33.33,8,8,12,3,16,40.0,3,85,35,117,95.2,14,0,190,3,2,0,Pau Víctor,FC Barcelona,1031567,2817
11,0,0.0,76,20,57.14,167,177,344,77.65,21,55.26,17,18,2,0,0,0,71,1,1,1,4,36,18,0,0,14,16,73,1,0,0.83,0.55,16,0,0.0,0,0,2,14,12,2,0,0,,62,52.54,0,0,0,99,8,10,0,17,1425,1,,0,0,0,1,0.0,0,0,0,0,148,2,0,6.8,0,0,0,0,0,0,0,0,0.0,0.0,0,3,1,1,2,6,37.5,0,46,28,60.87,10,28,16,4,83,53.21,35,234,213,443,122.4,4,0,670,11,3,0,Urko González,Espanyol,1064009,2814
20,7,22.58,154,12,35.29,341,361,695,88.31,9,40.91,13,22,1,0,0,0,87,0,0,1,2,36,21,0,0,12,8,60,0,0,0.92,0.19,18,0,0.0,0,0,1,24,23,1,0,0,,60,56.07,0,0,1,92,13,11,0,20,1589,1,,0,0,0,0,0.0,0,0,0,0,182,5,0,6.8,0,0,0,0,0,0,0,0,0.0,0.0,0,3,2,4,0,8,44.44,0,40,25,62.5,11,35,18,31,69,53.49,34,415,403,787,142.8,5,0,1223,12,1,0,Youssouf Sabaly,Real Betis,111803,2816
0,0,0.0,2,4,40.0,4,12,16,72.73,1,100.0,0,1,0,0,0,0,5,0,0,0,0,1,1,0,0,0,0,0,0,0,0.05,,0,0,0.0,7,0,0,2,2,0,0,0,-0.65,0,0.0,0,3,0,6,0,0,0,0,45,0,,0,0,0,0,0.0,0,0,0,0,6,0,0,6.8,0,0,0,0,1,1,0,1,0.0,0.0,0,0,0,0,0,0,0.0,0,0,0,0.0,0,1,0,0,1,100.0,10,9,13,22,6.8,0,0,30,1,0,0,Pau López,Girona FC,548848,24264
0,0,0.0,0,1,100.0,1,4,5,100.0,1,100.0,0,1,0,0,0,0,1,0,0,0,0,2,1,0,0,0,0,0,0,0,0.0,,0,0,0.0,0,0,0,0,0,0,0,0,,1,100.0,0,0,0,0,0,0,0,0,12,0,,0,0,0,0,0.0,0,0,0,0,0,0,0,6.8,0,0,0,0,0,0,0,0,0.0,0.0,0,0,0,0,0,0,0.0,0,1,1,100.0,0,0,0,0,2,100.0,1,1,4,5,6.8,0,0,8,0,0,0,Luken Beitia,Real Sociedad,1539149,2824
1,0,0.0,0,0,0.0,2,1,3,50.0,0,0.0,1,1,0,0,0,0,1,0,0,0,0,0,1,0,0,0,0,1,0,0,0.0,,0,0,0.0,0,0,0,0,0,0,0,0,,0,0.0,0,0,0,3,1,0,0,0,17,0,,0,0,0,0,0.0,0,0,0,0,4,0,0,6.8,0,0,0,0,0,0,0,0,0.0,0.0,0,0,0,0,0,0,0.0,0,0,0,0.0,0,1,0,0,0,0.0,0,4,2,6,6.8,0,0,10,0,0,0,Ferrán Ruiz,Girona FC,1119702,24264
4,0,0.0,2,3,100.0,4,20,24,85.71,3,50.0,3,2,0,0,0,0,4,0,0,0,1,8,2,0,0,1,0,6,0,0,0.0,,2,0,0.0,0,0,0,0,0,0,0,0,,0,0.0,0,0,0,4,2,0,0,1,104,0,,0,0,0,0,0.0,0,0,0,0,5,0,0,6.8,0,0,0,0,0,0,0,0,0.0,0.0,0,0,0,0,0,0,0.0,0,0,0,0.0,0,4,0,0,3,33.33,3,7,21,28,13.6,0,0,41,0,1,0,Pelayo Fernández,Rayo Vallecano,1139724,2818
1,0,0.0,0,5,20.0,3,77,80,78.43,1,50.0,1,4,0,0,0,0,30,0,0,0,0,5,4,0,0,0,0,1,0,0,0.0,,0,0,0.0,35,0,0,9,9,0,0,0,-0.13,0,0.0,0,1,0,22,0,0,0,4,360,0,,0,0,0,0,0.0,1,0,1,0,22,0,2,6.8,0,0,3,8,3,11,1,2,0.0,0.0,0,0,0,0,0,0,0.0,3,0,0,0.0,0,3,0,0,1,50.0,25,15,87,102,27.2,0,0,135,0,0,0,Iván Villar,Celta Vigo,848980,2821
0,0,0.0,51,0,0.0,82,22,104,84.55,2,22.22,7,6,0,0,0,0,7,0,1,4,0,0,6,0,0,4,1,19,0,1,0.39,0.98,2,0,0.0,0,0,0,1,1,0,0,0,,11,47.83,0,0,1,19,1,4,0,3,236,2,,0,0,0,0,0.0,0,0,0,0,40,3,0,6.8,0,0,0,0,0,0,0,0,0.0,0.0,0,9,3,3,5,5,50.0,0,4,1,25.0,4,2,10,0,13,40.63,1,100,23,123,40.8,12,0,183,2,1,0,Ansu Fati,FC Barcelona,962883,2817
55,15,30.0,206,65,59.09,484,388,857,88.62,2,16.67,10,24,0,0,0,0,71,4,0,2,1,8,22,0,0,12,18,68,0,1,1.83,0.19,19,0,0.0,0,0,0,20,19,1,0,0,,45,43.69,0,0,0,110,5,19,0,15,1269,1,,0,0,0,0,0.0,0,0,0,0,178,3,0,6.8,0,0,0,0,0,0,0,0,0.0,0.0,0,2,2,2,0,8,47.06,0,28,17,60.71,19,93,17,50,47,40.87,110,605,412,967,149.6,4,0,1138,9,5,0,Hugo Sotelo,Celta Vigo,1120669,2821
0,0,0.0,0,0,0.0,0,0,0,0.0,0,0.0,1,1,0,0,0,0,0,0,0,0,0,0,1,0,0,0,0,1,0,0,,0.19,0,0,0.0,0,0,0,0,0,0,0,0,,0,0.0,0,0,0,0,0,0,0,0,11,0,,0,0,0,0,0.0,0,0,0,0,0,0,0,6.8,0,0,0,0,0,0,0,0,0.0,0.0,0,2,0,2,0,0,0.0,0,0,0,0.0,0,0,0,0,0,0.0,0,0,0,0,6.8,2,0,2,0,0,0,Adrián Niño,Atlético Madrid,1402927,2836
20,0,0.0,39,42,52.5,145,357,502,87.46,25,71.43,10,12,0,0,0,0,22,0,0,0,2,56,11,0,0,1,2,16,0,1,0.09,0.07,4,0,0.0,2,0,0,18,13,5,0,0,,10,62.5,0,0,0,72,8,3,0,8,739,0,,0,0,0,0,0.0,0,0,0,0,78,0,0,6.8,0,0,0,0,0,0,0,0,0.0,0.0,1,1,1,2,0,0,0.0,0,8,5,62.5,3,37,0,1,35,68.63,80,190,385,574,74.8,2,0,685,2,2,0,Juanpe,Girona FC,129861,24264
0,1,50.0,6,1,33.33,8,5,12,75.0,0,0.0,0,2,0,0,0,0,3,0,0,0,0,0,2,0,0,0,1,2,0,0,0.09,0.05,0,0,0.0,0,0,0,0,0,0,0,0,,3,60.0,0,0,0,4,0,1,0,0,29,1,,0,0,0,0,0.0,0,0,0,0,6,0,0,6.8,0,0,0,0,0,0,0,0,0.0,0.0,0,1,0,1,0,0,0.0,0,2,2,100.0,1,1,1,2,3,60.0,3,11,7,16,13.6,1,0,24,1,0,0,Naci Ünüvar,Espanyol,954317,2814
26,3,14.29,324,32,72.73,724,518,1239,91.37,4,18.18,18,32,1,0,0,0,110,2,1,5,2,12,32,0,0,27,19,101,0,1,2.06,1.73,21,0,9.09,0,1,2,36,31,5,1,0,,71,46.1,0,0,0,117,11,22,0,24,2041,4,,0,0,0,0,0.0,0,0,0,0,223,12,0,6.79,0,1,0,0,0,0,0,0,2041.0,0.0,0,5,6,3,3,25,60.98,0,32,19,59.38,22,42,41,21,75,42.61,44,822,555,1356,217.4,11,0,1646,14,1,0,Iván Martín,Girona FC,973699,24264
8,7,26.92,32,4,22.22,70,66,129,78.66,5,71.43,2,12,2,0,0,0,18,2,0,3,0,14,11,0,0,2,2,18,0,0,1.36,0.6,4,0,0.0,0,0,2,6,4,2,0,0,,14,46.67,0,0,0,35,6,9,0,4,454,0,,0,0,0,0,0.0,0,0,0,0,76,0,0,6.79,0,0,0,0,0,0,0,0,0.0,0.0,0,5,0,0,2,9,50.0,0,3,2,66.67,9,14,18,26,19,51.35,18,111,79,164,74.7,5,0,288,2,0,0,Alfonso Pedraza,Villarreal,797290,2819
9,0,0.0,96,10,66.67,165,55,220,86.61,2,18.18,9,17,0,0,0,0,25,3,3,9,0,7,17,0,0,20,11,66,0,0,1.44,2.75,13,0,10.0,0,2,2,8,8,0,2,0,,35,38.04,0,0,1,34,2,14,0,7,690,2,,0,0,0,0,0.0,0,0,0,0,107,4,0,6.79,0,2,0,0,0,0,0,0,345.0,0.0,0,13,7,5,6,18,58.06,0,9,5,55.56,14,14,31,2,37,35.92,15,196,60,254,115.4,20,0,412,8,2,0,Fer López,Celta Vigo,1526628,2821
20,14,20.9,247,21,65.63,439,211,636,75.71,14,20.0,56,38,5,0,0,0,105,11,6,13,1,13,38,0,0,27,31,184,0,0,4.66,6.7,21,0,18.18,0,8,13,40,34,6,7,1,,87,40.47,1,0,3,204,16,38,1,35,2760,13,,0,0,0,1,0.0,0,0,0,1,425,19,0,6.79,0,6,0,0,0,0,0,0,345.0,0.0,0,34,10,17,14,23,31.08,0,31,18,58.06,38,29,74,67,101,35.44,32,652,255,840,257.9,44,0,1343,33,3,0,Diego López,Valencia,998950,2828
21,4,44.44,145,16,32.0,362,282,640,82.47,30,57.69,22,30,0,0,0,0,91,1,0,4,1,20,30,0,0,20,28,120,0,0,1.34,1.01,40,0,6.25,0,1,1,14,12,2,1,0,,84,46.15,1,0,1,136,28,11,0,21,1725,0,,0,0,0,0,0.0,0,0,0,0,199,10,0,6.78,0,0,0,0,0,0,0,0,1725.0,0.0,0,9,7,7,5,15,55.56,0,55,36,65.45,11,42,27,9,114,48.72,50,469,316,776,203.5,16,0,1061,15,7,0,Beñat Prados,Athletic Club,1012409,2825
6,0,0.0,9,27,24.55,18,55,73,46.5,1,100.0,0,6,0,0,0,0,41,0,0,0,2,5,6,0,0,0,0,0,0,0,0.01,,0,0,0.0,46,0,0,6,6,0,0,0,-0.12,0,0.0,0,2,0,84,0,0,0,6,540,0,,0,0,0,0,0.0,0,0,0,0,85,0,2,6.78,0,0,3,10,4,14,0,2,0.0,0.0,0,0,0,0,0,0,0.0,3,0,0,0.0,0,13,0,0,1,100.0,110,89,68,157,40.7,0,0,201,1,0,0,Dani Cárdenas,Rayo Vallecano,965832,2818
29,0,0.0,40,142,28.34,92,432,524,59.08,9,100.0,0,30,0,0,0,0,207,2,0,0,7,24,30,0,0,0,2,2,2,2,0.08,,1,0,0.0,166,0,0,39,31,8,0,0,-0.86,3,60.0,0,16,1,363,0,4,0,30,2674,0,,0,0,0,0,0.0,4,0,1,0,370,0,12,6.78,0,0,18,48,26,74,1,12,0.0,0.0,0,0,0,0,0,0,0.0,14,3,2,66.67,4,57,0,0,12,85.71,501,382,505,887,203.4,0,1,1134,2,2,0,Ørjan Nyland,Sevilla,22209,2833
7,0,0.0,12,17,42.5,46,103,149,76.41,13,43.33,17,10,0,0,0,0,14,1,0,3,4,51,10,0,0,0,2,22,0,0,0.72,0.1,7,0,0.0,0,0,0,5,5,0,0,0,,8,61.54,0,0,0,46,5,3,0,7,676,0,,0,0,0,1,0.0,0,0,0,0,49,0,0,6.78,0,0,0,0,0,0,0,0,0.0,0.0,0,4,1,1,1,0,0.0,0,6,2,33.33,3,20,0,1,21,48.84,40,87,109,195,67.8,5,0,284,2,2,0,Facundo Garcés,Deportivo Alavés,879875,2885
54,2,40.0,90,83,35.62,209,504,711,76.95,42,53.85,36,29,1,0,0,0,87,0,1,2,5,144,29,0,0,3,14,98,0,1,0.39,0.89,47,0,0.0,1,0,1,41,34,7,0,0,,68,52.31,0,0,0,213,39,8,0,29,2467,2,,0,0,0,2,0.0,0,0,0,1,242,2,0,6.78,0,0,0,0,0,0,0,0,0.0,0.0,0,12,0,9,1,3,75.0,0,36,23,63.89,8,120,4,5,110,52.88,233,399,530,924,196.6,12,0,1296,31,13,0,Abdel Abqar,Deportivo Alavés,1101232,2885
9,0,0.0,19,19,51.35,53,101,154,78.17,18,60.0,12,9,0,0,0,0,13,0,1,1,1,24,9,0,0,1,5,23,0,0,0.04,0.33,6,0,0.0,7,0,0,8,8,0,0,0,,13,54.17,0,0,0,43,9,1,0,5,507,0,,0,0,0,0,0.0,0,0,0,0,49,0,0,6.78,0,0,0,0,0,0,0,0,0.0,0.0,0,4,0,2,1,1,100.0,0,9,7,77.78,1,14,1,2,31,57.41,37,83,116,197,61.0,4,0,270,3,1,0,Adrián Pica,Deportivo Alavés,1122488,2885
20,0,0.0,53,27,60.0,134,155,289,84.5,6,60.0,4,13,0,0,0,0,42,0,0,0,0,5,13,0,0,5,8,26,0,1,0.42,0.08,6,0,0.0,0,0,0,15,12,3,0,0,,33,60.0,0,0,0,53,4,8,0,7,622,0,,0,0,0,0,0.0,0,0,0,0,73,1,0,6.78,0,0,0,0,0,0,0,0,0.0,0.0,0,1,2,1,2,11,78.57,0,11,7,63.64,8,33,14,6,39,60.0,45,176,172,342,88.1,3,0,426,12,1,0,Florian Grillitsch,Real Valladolid,186719,2831
2,1,7.69,82,0,0.0,135,63,197,79.12,11,31.43,24,25,0,0,0,0,33,1,1,2,1,1,25,0,1,25,9,82,0,1,0.5,1.54,14,1,19.05,0,4,4,9,9,0,2,2,,57,49.57,1,0,1,52,1,8,2,10,877,7,,0,0,0,0,0.0,0,0,0,0,127,3,0,6.78,1,1,0,0,0,0,0,0,219.25,33.33,3,8,13,10,9,7,36.84,0,12,9,75.0,8,4,19,13,68,45.33,5,186,76,249,169.4,21,0,435,39,1,0,Munir El Haddadi,Leganés,350170,2845
2,0,0.0,6,4,44.44,38,37,75,80.65,6,66.67,3,4,0,0,0,0,4,0,0,1,0,6,4,0,0,0,2,12,0,0,0.01,0.04,5,0,0.0,0,0,0,3,1,2,0,0,,10,52.63,0,0,0,18,2,1,0,2,163,0,,0,0,0,0,0.0,0,0,0,0,23,1,0,6.78,0,0,0,0,0,0,0,0,0.0,0.0,0,0,2,0,1,2,50.0,0,8,7,87.5,1,3,4,0,16,57.14,9,52,41,93,27.1,2,0,124,0,0,0,Selvi Clúa,Girona FC,1513673,24264
49,10,22.22,262,61,48.8,555,462,1007,80.43,17,48.57,18,36,3,0,0,0,168,6,2,20,3,47,36,0,0,54,30,176,1,2,3.22,2.21,34,0,6.38,0,3,6,41,34,7,3,0,,109,40.82,0,0,2,245,20,23,0,31,2593,1,,0,0,0,0,0.0,0,0,0,0,445,19,0,6.77,0,3,0,0,0,0,0,0,864.33,0.0,1,17,30,17,10,29,39.19,0,50,27,54.0,23,75,74,45,126,41.72,125,786,511,1252,243.8,47,1,1793,30,5,0,Javier Guerra,Valencia,1122610,2828
57,47,32.87,260,91,44.17,582,388,923,78.02,9,33.33,18,36,2,0,0,0,181,9,0,5,5,69,36,0,0,27,21,131,1,2,4.43,0.93,18,0,5.88,0,1,3,38,32,6,1,0,,93,45.15,0,0,0,260,27,40,1,30,2753,0,,0,0,0,2,0.0,0,0,0,1,559,4,0,6.77,0,0,0,0,0,0,0,0,2753.0,0.0,4,6,11,9,3,33,40.74,0,36,24,66.67,40,110,81,143,102,43.78,206,847,479,1183,243.8,17,1,2055,24,5,0,Johan Mojica,Mallorca,344847,2826
20,10,32.26,98,21,53.85,181,136,307,83.42,5,23.81,16,24,1,0,0,0,73,2,2,3,0,5,24,0,0,25,8,106,0,1,1.1,3.33,32,0,13.64,0,3,4,34,31,3,2,1,,91,50.28,0,0,0,61,14,13,0,18,1384,1,,0,0,1,0,100.0,0,1,0,0,178,5,0,6.77,0,3,0,0,0,0,0,0,461.33,0.0,1,10,12,11,8,33,55.0,0,30,18,60.0,13,32,60,31,96,47.52,39,250,149,368,162.5,22,0,692,28,6,0,Selim Amallah,Real Valladolid,801211,2831
27,19,34.55,110,25,48.08,254,142,377,76.78,12,33.33,24,29,4,0,0,0,56,7,3,10,1,20,29,0,1,14,18,99,0,0,1.68,2.09,19,0,3.03,0,1,5,21,19,2,1,0,,78,50.98,1,0,1,114,20,19,0,12,1325,1,,0,0,0,1,0.0,0,0,0,1,230,6,0,6.77,1,0,0,0,0,0,0,0,1325.0,0.0,9,11,22,17,6,21,44.68,0,32,17,53.13,19,51,47,55,90,47.62,52,378,168,491,196.3,33,1,817,25,6,0,Óscar Rodríguez,Leganés,794948,2845
38,0,0.0,119,63,51.64,373,435,808,84.78,45,63.38,26,32,0,0,0,0,90,1,0,3,2,56,32,0,1,9,21,89,1,2,0.31,0.51,30,0,11.11,0,1,1,29,24,5,1,0,,49,43.75,0,0,0,145,49,3,1,21,2008,0,,0,0,0,0,0.0,0,0,0,0,180,6,0,6.77,1,0,0,0,0,0,0,0,2008.0,0.0,0,5,4,4,2,10,66.67,0,27,13,48.15,3,66,15,5,94,51.37,122,482,476,953,216.5,9,1,1231,13,5,0,Omar Mascarell,Mallorca,255999,2826
3,0,0.0,21,4,80.0,30,18,48,68.57,12,41.38,17,8,0,0,0,0,12,0,2,2,0,9,8,0,0,5,4,37,0,0,0.09,1.09,11,0,9.09,0,1,1,7,4,3,1,0,,10,33.33,1,0,0,22,2,2,0,4,410,1,,0,0,0,0,0.0,0,0,0,0,54,6,0,6.76,0,0,0,0,0,0,0,0,410.0,0.0,0,11,0,5,4,1,50.0,0,5,3,60.0,2,6,2,3,22,37.29,5,52,21,70,54.1,11,0,150,5,1,0,Alvaro Garcia-Pascual,Sevilla,1929542,2833
19,17,20.0,153,33,35.11,336,273,592,76.29,21,55.26,17,35,0,0,0,0,106,1,0,2,3,53,34,0,0,18,24,97,0,2,1.51,0.49,25,0,16.67,0,2,2,35,30,5,1,1,,109,57.67,0,0,0,184,18,16,2,20,2075,3,,0,0,0,1,0.0,0,0,0,0,356,2,0,6.76,0,0,0,0,0,0,0,0,1037.5,0.0,0,6,6,6,4,18,58.06,0,60,37,61.67,16,47,31,85,130,57.27,94,533,328,776,229.9,12,0,1402,32,3,0,Abel Bretones,Osasuna,1010165,2820
1,0,0.0,7,29,35.37,25,27,52,49.52,1,100.0,0,5,0,0,0,0,34,0,0,0,0,3,5,0,0,0,0,0,1,0,0.01,,0,0,0.0,22,0,0,6,4,2,0,0,-0.74,1,100.0,0,2,0,53,0,0,0,3,328,0,,1,0,0,0,0.0,1,0,0,0,54,0,1,6.76,0,0,4,10,2,12,0,2,0.0,0.0,0,0,0,0,0,0,0.0,3,0,0,0.0,0,5,0,0,2,100.0,82,70,35,105,33.8,0,0,142,1,0,0,Alex Padilla,Athletic Club,1155116,2825
0,1,12.5,15,0,0.0,22,7,28,68.29,2,28.57,5,10,0,0,0,0,11,1,0,0,0,1,10,0,0,5,2,24,0,0,0.42,0.02,5,0,0.0,0,0,0,2,2,0,0,0,,31,62.0,0,0,0,13,1,5,0,1,204,0,,0,0,0,0,0.0,0,0,0,0,46,1,0,6.76,0,0,0,0,0,0,0,0,0.0,0.0,0,0,2,1,1,10,55.56,0,8,4,50.0,5,0,18,8,33,57.89,1,38,11,41,67.6,2,0,125,13,1,0,Duk,Leganés,1390389,2845
9,2,16.67,114,14,53.85,218,156,372,82.12,18,40.91,26,23,2,0,0,0,62,3,3,7,2,14,22,0,0,17,9,83,0,0,0.77,1.42,19,0,4.76,0,1,3,22,21,1,1,0,,61,51.69,1,0,0,81,5,14,0,14,1261,0,,0,0,0,1,0.0,0,0,0,0,166,13,0,6.76,0,0,0,0,0,0,0,0,1261.0,0.0,0,12,9,7,7,20,60.61,0,25,17,68.0,14,17,33,12,79,48.77,26,284,181,453,148.7,21,0,694,16,3,0,Pablo Marín,Real Sociedad,1139409,2824
65,9,31.03,242,85,52.15,547,459,997,80.79,29,45.31,35,35,1,0,0,0,164,2,0,9,6,44,34,0,0,26,51,182,0,1,1.8,0.83,66,0,0.0,0,0,1,39,34,5,0,0,,108,42.35,0,0,1,237,42,15,0,32,2738,0,,0,0,0,0,0.0,0,0,0,0,327,6,0,6.76,1,0,0,0,0,0,0,0,0.0,0.0,0,4,21,13,3,15,71.43,0,67,40,59.7,15,120,21,29,137,42.95,163,743,520,1234,229.8,25,0,1643,27,9,1,Antonio Blanco,Deportivo Alavés,855832,2885
13,36,21.3,291,39,46.99,577,299,840,80.92,27,58.7,19,36,3,0,0,0,118,4,1,2,6,86,36,0,0,29,17,127,0,0,3.13,0.22,31,0,0.0,0,0,3,43,37,6,0,0,,97,47.32,0,0,0,198,8,30,0,35,3088,8,,0,0,0,0,0.0,0,0,0,0,565,10,0,6.76,0,0,0,0,0,0,0,0,0.0,0.0,0,5,3,6,0,24,42.86,0,53,38,71.7,30,37,56,169,124,49.4,83,858,349,1038,243.3,8,0,1988,20,9,0,Jesús Areso,Osasuna,910267,2820
16,1,50.0,26,31,54.39,92,230,321,85.83,13,43.33,17,21,0,0,0,0,26,0,1,0,2,47,21,0,0,0,4,26,0,1,0.08,0.22,6,0,50.0,5,1,1,12,12,0,1,0,,25,73.53,1,0,0,53,16,3,0,6,738,0,,0,0,0,0,0.0,0,0,0,0,62,0,0,6.76,0,0,0,0,0,0,0,0,738.0,0.0,0,2,0,1,1,0,0.0,0,18,10,55.56,3,31,0,2,38,59.38,57,127,249,374,141.9,2,1,514,8,1,0,Fernando Calero,Espanyol,857205,2814
19,0,0.0,110,15,55.56,209,134,343,87.72,6,54.55,5,14,0,0,0,0,29,0,0,1,1,6,14,0,0,6,2,21,0,0,0.72,0.22,7,0,0.0,0,0,0,5,5,0,0,0,,15,48.39,0,0,0,48,3,6,0,6,488,0,,0,0,0,0,0.0,0,0,0,0,65,3,0,6.76,0,0,0,0,0,0,0,0,0.0,0.0,0,2,2,2,1,3,75.0,0,9,6,66.67,6,29,4,2,21,50.0,27,238,155,391,94.6,4,0,447,3,1,0,William Carvalho,Real Betis,137978,2816
11,5,20.83,81,12,25.53,168,135,298,76.8,14,56.0,11,16,1,0,0,0,55,2,1,2,1,28,16,0,0,9,21,66,0,1,0.62,0.45,18,0,0.0,0,0,1,15,15,0,0,0,,61,52.59,0,0,0,90,12,5,0,9,841,0,,0,0,0,1,0.0,0,0,0,0,153,4,0,6.76,0,0,0,0,0,0,0,0,0.0,0.0,0,3,7,6,2,5,41.67,0,41,24,58.54,5,31,12,24,75,53.19,47,251,161,388,108.1,10,0,671,15,4,0,Pacha,Rayo Vallecano,542634,2818
21,0,0.0,51,19,38.78,87,73,160,70.18,8,50.0,8,18,1,0,0,0,32,2,0,0,0,12,18,0,0,0,5,31,0,1,0.63,0.26,18,0,20.0,0,1,2,10,8,2,0,1,,29,55.77,0,0,0,68,8,3,1,6,515,1,,0,0,0,0,0.0,0,0,0,0,77,4,0,6.76,0,0,0,0,0,0,0,0,515.0,0.0,0,1,4,3,2,4,80.0,0,19,14,73.68,3,33,5,1,37,54.41,49,137,92,228,121.6,5,1,305,6,3,0,Carlos Benavídez,Deportivo Alavés,873717,2885
6,2,9.09,78,9,50.0,184,205,387,84.5,25,41.67,35,26,0,0,0,0,71,2,4,1,1,21,26,0,0,14,13,103,0,1,0.71,1.69,30,0,18.18,0,2,2,39,35,4,2,0,,91,57.23,0,0,1,71,18,7,0,21,1728,10,,0,0,0,0,0.0,0,0,0,1,145,6,0,6.75,0,2,0,0,0,0,0,0,864.0,0.0,0,9,2,4,6,7,36.84,0,38,27,71.05,7,14,19,22,116,52.97,18,242,238,458,175.6,11,0,777,48,7,0,Anuar,Real Valladolid,601962,2831
4,2,12.5,43,2,40.0,63,38,99,81.82,3,50.0,3,13,2,0,0,0,26,1,1,2,0,1,13,0,0,7,3,31,0,0,0.52,0.94,12,0,14.29,0,1,3,8,8,0,1,0,,40,58.82,0,0,0,22,1,5,0,4,423,5,,0,0,0,0,0.0,0,0,0,0,71,4,0,6.75,0,1,0,0,0,0,0,0,423.0,0.0,0,4,3,3,2,10,58.82,0,10,5,50.0,5,6,17,16,43,58.11,5,94,43,121,87.8,7,0,248,20,2,0,Tajon Buchanan,Villarreal,973290,2819
40,0,0.0,111,61,37.2,417,863,1280,86.9,65,43.62,84,28,0,0,0,0,86,0,2,2,8,98,28,0,1,1,12,131,0,2,0.58,0.7,38,0,0.0,2,0,0,28,26,2,0,0,,51,52.04,0,0,0,193,31,4,0,27,2273,0,,0,0,0,1,0.0,0,0,0,0,212,1,0,6.75,1,0,0,0,0,0,0,0,0.0,0.0,0,9,3,6,4,6,100.0,0,34,22,64.71,4,90,6,1,116,46.96,164,553,921,1473,189.1,12,1,1766,11,6,0,Igor Zubeldia,Real Sociedad,838159,2824
4,0,0.0,62,5,55.56,89,26,115,75.16,15,46.88,17,16,1,0,0,0,24,3,3,3,0,2,16,0,0,18,5,72,0,1,0.66,3.49,20,0,5.26,0,1,2,7,7,0,1,0,,48,46.6,0,0,0,38,1,7,0,7,751,7,,0,0,0,0,0.0,0,0,0,1,118,5,0,6.75,0,1,0,0,0,0,0,0,751.0,0.0,0,16,3,9,7,14,51.85,0,5,0,0.0,7,7,27,6,63,46.67,9,125,34,153,108.0,19,0,334,30,0,0,Maroan Sannadi,Athletic Club,1520799,2825
12,0,0.0,36,27,33.75,199,421,620,86.11,29,72.5,11,18,0,0,0,0,36,0,2,2,4,62,18,0,0,1,6,43,1,1,0.08,1.24,25,0,8.33,6,1,1,23,20,3,1,0,,20,38.46,1,0,0,100,12,0,0,15,1389,0,,0,0,0,1,0.0,0,0,0,0,112,3,0,6.75,0,0,0,0,0,0,0,0,1389.0,0.0,0,12,0,7,3,1,100.0,0,17,11,64.71,0,37,1,2,49,53.26,80,269,453,720,121.5,12,0,883,2,3,0,Jorge Herrando,Osasuna,944225,2820
0,0,0.0,0,0,0.0,0,0,0,0.0,1,100.0,0,4,0,0,0,0,0,0,0,0,0,0,4,0,0,0,1,1,0,0,,0.37,0,0,50.0,0,1,1,1,0,1,1,0,,1,50.0,1,0,0,1,0,0,0,0,46,0,,0,0,0,0,0.0,0,0,0,0,5,0,0,6.75,0,0,0,0,0,0,0,0,46.0,0.0,0,1,1,0,2,0,0.0,0,0,0,0.0,0,0,0,0,2,66.67,0,1,0,1,27.0,2,0,10,1,0,0,Etta Eyong,Villarreal,1393673,2819
3,14,37.84,21,2,50.0,49,22,57,79.17,6,42.86,8,15,1,0,0,0,10,3,0,1,0,3,14,0,0,5,2,31,0,0,1.34,0.19,9,0,0.0,0,0,1,3,2,1,0,0,,15,39.47,0,0,1,15,3,10,0,3,348,1,,0,0,0,0,0.0,0,0,0,0,70,3,0,6.75,0,0,0,0,0,0,0,0,0.0,0.0,0,2,2,2,1,7,46.67,0,5,4,80.0,10,5,15,37,21,40.38,4,84,25,72,94.5,4,0,184,4,3,0,Kike Barja,Osasuna,591132,2820
1,0,0.0,9,3,75.0,20,25,45,88.24,1,33.33,2,2,0,0,0,0,5,0,0,0,0,1,2,0,0,0,1,5,0,0,0.01,0.02,1,0,0.0,0,0,0,0,0,0,0,0,,3,50.0,0,0,0,6,1,0,0,1,96,0,,0,0,0,0,0.0,0,0,0,0,9,0,0,6.75,0,0,0,0,0,0,0,0,0.0,0.0,0,1,0,1,0,1,50.0,0,1,1,100.0,0,1,2,0,4,44.44,4,23,28,51,13.5,1,0,62,1,1,0,Sergio Vieira,UD Las Palmas,1983195,6577
6,4,16.67,105,4,66.67,144,61,201,79.76,1,11.11,8,31,1,0,0,0,40,2,4,12,0,7,31,0,1,16,10,76,0,0,2.24,4.54,18,0,11.76,0,4,5,5,5,0,4,0,,33,32.67,0,0,2,51,4,15,0,3,795,4,,0,1,0,0,0.0,0,0,0,0,145,6,0,6.75,1,4,0,0,0,0,0,0,198.75,0.0,0,30,4,8,14,13,35.14,0,9,3,33.33,14,9,37,24,34,30.91,6,209,67,252,209.2,34,0,465,11,3,0,Ángel Correa,Atlético Madrid,316152,2836
4,4,22.22,119,5,71.43,185,53,234,75.97,3,27.27,8,21,0,0,0,0,58,0,2,8,0,2,21,0,0,20,13,103,0,0,0.69,2.28,17,0,8.7,0,2,2,14,13,1,1,1,,84,46.93,0,0,2,74,6,8,0,15,1129,2,,0,0,0,0,0.0,0,0,0,1,196,9,0,6.75,0,2,0,0,0,0,0,0,564.5,0.0,0,15,8,7,8,30,39.47,0,16,14,87.5,8,7,76,18,87,45.79,7,258,68,308,141.7,23,0,617,38,0,0,Jesús Rodriguez,Real Betis,1800245,2816
15,9,36.0,81,10,52.63,132,93,216,83.4,1,14.29,6,21,1,0,0,0,25,3,2,3,0,3,21,0,0,8,6,26,0,0,1.78,0.95,1,0,10.0,0,1,2,13,11,2,1,0,,29,59.18,0,0,0,43,3,15,0,7,619,0,,0,0,0,0,0.0,0,0,0,0,90,1,0,6.75,0,1,0,0,0,0,0,0,619.0,0.0,0,9,1,4,3,10,66.67,0,12,8,66.67,15,23,15,25,30,53.57,19,184,100,259,141.7,10,0,387,7,0,0,Denis Suárez,Villarreal,138383,2819
7,12,29.27,73,8,42.11,134,59,181,69.88,19,50.0,19,19,1,0,0,0,35,3,0,9,1,9,19,0,0,23,13,97,0,0,1.49,1.17,10,0,4.35,0,1,2,10,8,2,1,0,,58,42.65,1,0,0,78,8,9,0,12,1015,0,,0,0,0,0,0.0,0,0,0,0,197,5,0,6.75,0,0,0,0,0,0,0,0,1015.0,0.0,0,16,7,6,8,19,36.54,0,29,13,44.83,9,13,52,41,77,44.25,19,225,75,259,128.2,23,1,558,10,4,0,Coba Da Costa,Getafe,1392054,2859
12,0,0.0,71,10,83.33,114,81,195,81.25,18,30.0,42,24,1,0,0,0,36,2,2,6,0,5,24,0,0,20,6,86,0,0,0.32,3.51,9,0,25.0,0,5,6,16,13,3,5,0,,25,36.23,0,0,0,45,2,8,0,7,1105,12,,0,0,1,0,100.0,0,1,0,0,109,10,0,6.75,0,5,0,0,0,0,0,0,221.0,0.0,0,19,1,5,9,6,37.5,0,5,4,80.0,8,17,16,9,43,33.33,12,163,86,240,161.9,20,0,401,15,0,0,Borja Mayoral,Getafe,604954,2859
11,14,20.29,186,8,32.0,297,143,426,73.83,15,37.5,25,36,3,0,0,0,111,8,10,11,0,15,36,0,1,38,32,197,0,1,2.33,6.35,41,0,11.54,0,6,9,30,24,6,6,0,,102,37.23,1,0,0,151,19,32,1,30,2511,9,,0,1,0,0,0.0,0,0,0,0,400,21,0,6.74,1,4,0,0,0,0,0,0,418.5,0.0,0,39,13,22,19,32,34.04,0,37,21,56.76,31,23,94,69,117,37.26,25,473,173,577,242.8,52,1,1117,33,3,0,Jorge de Frutos,Rayo Vallecano,900003,2818
1,1,33.33,25,1,100.0,49,37,85,77.98,13,36.11,23,17,1,0,0,0,13,0,2,6,0,7,16,0,0,6,5,48,0,0,0.21,2.71,13,0,14.29,0,2,3,18,12,6,2,0,,21,45.65,0,0,0,24,2,4,2,12,881,8,,0,0,0,0,0.0,0,0,0,1,52,2,0,6.74,0,0,0,0,0,0,0,0,440.5,0.0,0,13,1,4,4,3,60.0,0,7,5,71.43,4,3,5,3,34,41.46,1,71,41,109,107.9,14,0,199,11,0,0,Bojan Miovski,Girona FC,945768,24264
28,6,15.79,150,35,47.3,293,307,594,75.19,38,56.72,29,37,1,0,0,0,127,3,2,12,4,46,37,0,0,29,14,122,0,2,1.63,1.62,31,0,0.0,0,0,1,45,39,6,0,0,,107,53.5,0,0,0,196,28,12,0,29,2723,0,,0,0,0,0,0.0,0,0,0,0,340,7,0,6.74,0,0,0,0,0,0,0,0,0.0,0.0,0,15,6,7,2,29,58.0,0,55,37,67.27,12,69,50,38,145,54.31,74,467,361,790,249.5,21,0,1252,23,1,0,Alex Král,Espanyol,825740,2814
6,0,0.0,51,9,39.13,179,255,434,90.61,18,51.43,17,13,0,0,0,0,32,0,0,2,0,26,12,0,0,5,2,29,0,1,0.11,0.15,4,0,0.0,1,0,0,14,14,0,0,0,,20,62.5,0,0,0,45,9,1,0,6,630,0,,1,0,0,0,0.0,0,0,0,0,53,2,0,6.74,0,0,0,0,0,0,0,0,0.0,0.0,0,3,1,0,2,3,75.0,0,13,11,84.62,1,17,4,1,38,56.72,23,204,276,479,80.9,4,0,566,4,2,0,Jailson,Celta Vigo,794861,2821
46,1,10.0,221,49,51.04,470,494,963,85.45,26,40.63,38,34,1,0,0,0,154,1,1,7,4,41,34,0,1,33,27,144,0,1,0.94,3.02,39,0,12.5,0,3,4,37,33,4,3,0,,113,51.6,0,0,0,164,12,17,0,31,2451,2,,0,0,0,1,0.0,0,0,0,1,253,14,0,6.74,1,3,0,0,0,0,0,0,817.0,0.0,0,10,14,12,5,30,75.0,0,59,37,62.71,17,76,40,10,139,49.12,96,596,541,1127,229.0,24,0,1496,25,3,0,Seydouba Cisse,Leganés,906065,2845
1,0,0.0,38,0,0.0,63,25,88,92.63,0,0.0,3,9,0,0,0,0,11,0,0,2,0,0,9,0,0,7,1,16,0,0,0.29,0.9,1,0,16.67,0,1,1,3,3,0,1,0,,13,50.0,0,0,0,7,0,4,0,1,260,2,,0,0,0,0,0.0,0,0,0,0,31,3,0,6.73,0,1,0,0,0,0,0,0,260.0,0.0,0,3,3,2,2,7,63.64,0,1,1,100.0,4,4,11,6,13,44.83,3,76,25,95,60.6,6,0,144,5,0,0,Gabriel Misehouy,Girona FC,1142566,24264
21,0,0.0,107,31,51.67,235,193,428,81.52,25,60.98,16,25,0,0,0,1,66,2,2,1,1,25,24,0,0,9,16,60,0,0,0.74,1.2,14,0,0.0,0,0,0,8,6,2,0,0,,33,42.86,0,0,0,97,15,12,0,10,995,0,,0,0,1,0,0.0,0,0,0,0,136,9,0,6.73,0,0,0,0,0,0,0,0,0.0,0.0,0,4,2,2,3,7,58.33,0,22,15,68.18,12,42,12,8,58,49.15,60,308,225,525,161.6,6,0,685,4,1,0,Mikel Vesga,Athletic Club,359742,2825
1,3,42.86,39,3,42.86,69,32,98,55.06,73,52.14,67,22,0,0,0,0,24,2,5,4,0,16,22,0,0,15,5,120,0,0,0.57,2.56,33,0,5.26,0,1,1,10,9,1,1,0,,35,39.77,1,0,0,80,1,9,0,14,1099,14,,0,0,0,0,0.0,0,0,0,1,146,5,0,6.73,0,0,0,0,0,0,0,0,1099.0,0.0,0,18,1,8,7,7,53.85,0,10,5,50.0,9,2,13,7,108,47.37,7,141,44,178,148.1,19,0,361,18,7,0,Bertuğ Yıldırım,Getafe,1382235,2859
13,11,28.95,84,17,37.78,181,134,304,80.21,17,41.46,24,22,1,0,0,0,27,2,2,2,0,11,22,0,0,2,8,55,0,0,0.81,1.08,21,0,0.0,0,0,1,13,10,3,0,0,,30,49.18,0,0,1,75,5,17,0,7,851,2,,0,0,0,0,0.0,0,0,0,0,115,2,0,6.73,0,0,0,0,0,0,0,0,0.0,0.0,0,6,7,6,5,2,50.0,0,17,12,70.59,17,25,4,38,47,46.08,45,265,152,379,148.1,13,0,525,11,4,0,Gerard Gumbau,Rayo Vallecano,326471,2818
14,3,10.71,113,21,45.65,223,181,401,81.5,12,38.71,19,22,0,0,0,0,71,1,1,2,8,45,22,0,0,7,16,79,2,0,0.7,0.27,27,0,0.0,0,0,0,26,23,3,0,0,,79,56.83,0,0,0,91,15,11,0,19,1646,3,,0,0,0,1,0.0,0,0,0,0,180,4,0,6.73,0,0,0,0,0,0,0,0,0.0,0.0,0,2,5,3,2,10,45.45,0,41,24,58.54,11,27,22,28,91,53.53,46,306,214,492,148.1,7,0,874,28,6,0,Adrià Altimira,Leganés,980732,2845
9,5,29.41,190,19,65.52,347,196,538,75.67,48,42.11,66,33,1,0,0,0,86,2,3,3,0,14,32,0,0,17,26,159,0,0,1.05,4.2,35,0,12.5,0,3,4,27,22,5,3,0,,61,39.61,0,0,0,173,14,17,2,27,2097,5,,0,0,1,1,100.0,0,1,0,0,263,11,0,6.73,0,1,0,0,0,0,0,0,699.0,0.0,0,18,6,9,12,8,33.33,0,40,22,55.0,17,22,24,17,109,40.67,29,502,226,711,215.4,24,0,989,14,6,0,Jon Guridi,Deportivo Alavés,788141,2885
16,0,0.0,67,52,37.41,272,999,1271,86.94,85,65.89,44,29,0,0,0,0,69,2,2,5,4,161,29,0,1,4,3,64,0,2,0.42,1.02,13,0,0.0,17,0,0,43,40,3,0,0,,32,61.54,0,0,0,191,9,4,0,28,2467,1,,1,0,0,1,0.0,0,0,0,0,208,0,0,6.73,1,0,0,0,0,0,0,0,0.0,0.0,0,9,1,5,0,3,100.0,0,21,13,61.9,4,41,3,2,117,64.64,139,394,1070,1462,195.2,10,1,1763,8,5,0,Scott McKenna,UD Las Palmas,358108,6577
13,4,22.22,69,13,27.66,130,122,248,73.37,4,33.33,8,11,0,0,0,0,38,0,1,0,1,16,10,0,0,0,10,45,0,0,0.76,0.32,15,0,0.0,0,0,0,13,10,3,0,0,,50,57.47,0,0,0,90,4,5,0,9,771,0,,0,0,0,0,0.0,0,0,0,0,144,2,0,6.73,0,0,0,0,0,0,0,0,0.0,0.0,0,4,3,4,3,9,42.86,0,27,18,66.67,5,38,21,18,54,54.55,47,205,151,338,67.3,7,0,583,14,1,0,Thierry Correia,Valencia,851282,2828
2,0,0.0,51,1,25.0,83,33,116,79.45,2,28.57,5,16,0,0,0,0,17,1,0,1,0,2,14,0,0,6,8,40,0,1,0.3,0.51,9,0,16.67,0,1,1,3,2,1,1,0,,33,48.53,0,0,0,30,3,5,0,2,366,0,,0,0,0,0,0.0,0,0,0,1,89,1,0,6.73,0,1,0,0,0,0,0,0,366.0,0.0,0,4,2,2,3,9,40.91,0,12,6,50.0,5,6,22,18,35,46.67,4,125,39,146,94.2,6,1,271,12,1,0,Pau Cabanes,Deportivo Alavés,1863206,2885
15,0,0.0,33,26,38.24,114,296,410,83.33,19,51.35,18,14,0,0,0,0,35,0,0,1,2,48,14,0,0,0,2,37,0,2,0.36,0.09,18,0,0.0,6,0,0,13,12,1,0,0,,21,52.5,0,0,0,82,9,1,0,9,851,0,,0,0,0,0,0.0,0,0,0,0,88,0,0,6.73,0,0,0,0,0,0,0,0,0.0,0.0,0,1,0,0,0,1,50.0,0,15,9,60.0,1,35,2,0,40,51.95,68,170,322,492,94.2,1,0,600,5,3,0,Jon Pacheco,Real Sociedad,934383,2824
39,0,0.0,50,68,43.87,181,828,1009,87.82,34,52.31,31,25,0,0,0,0,57,1,0,1,3,110,25,0,0,1,9,57,0,3,0.38,0.48,19,2,18.18,20,2,2,52,47,5,0,2,,31,54.39,0,0,0,140,22,6,0,25,2031,0,,0,0,0,2,0.0,0,0,0,0,157,0,0,6.73,0,2,0,0,0,0,0,0,1015.5,40.0,5,4,7,5,5,2,100.0,0,26,16,61.54,6,91,2,0,65,53.28,155,279,870,1149,168.2,11,0,1408,3,6,0,Javi Sánchez,Real Valladolid,943713,2831
3,4,28.57,48,3,27.27,69,28,93,65.49,9,45.0,11,16,1,0,0,0,19,1,2,1,0,8,16,0,0,4,10,41,0,0,1.22,1.08,8,0,10.0,0,1,2,5,5,0,0,1,,18,37.5,0,0,0,49,4,9,0,5,601,5,,0,0,0,0,0.0,0,0,0,0,97,4,0,6.73,0,1,0,0,0,0,0,0,601.0,0.0,1,6,4,6,3,3,27.27,0,8,5,62.5,9,11,11,14,27,39.71,11,119,37,142,107.6,10,0,260,8,1,0,Irvin Cardona,Espanyol,605552,2814
18,1,10.0,90,19,54.29,178,135,312,78.99,12,35.29,22,22,1,0,0,0,42,2,1,5,0,10,22,0,0,4,10,57,0,0,0.72,0.92,15,0,7.69,0,1,2,8,7,1,1,0,,31,46.97,0,0,0,83,15,6,1,7,852,0,,0,0,0,0,0.0,0,0,0,0,118,5,0,6.72,0,0,0,0,0,0,0,0,852.0,0.0,0,8,5,6,2,3,27.27,0,21,10,47.62,6,35,11,10,43,43.0,35,253,152,395,147.9,13,0,531,7,2,0,Jon Ander Olasagasti,Real Sociedad,1010383,2824
27,0,0.0,67,28,38.89,146,154,300,73.35,17,56.67,13,14,0,0,0,0,61,0,0,2,1,26,14,0,0,6,16,65,0,1,0.3,0.28,21,0,20.0,0,1,1,17,17,0,1,0,,54,50.94,0,0,0,109,15,7,0,12,975,0,,0,0,0,1,0.0,0,0,0,0,156,4,0,6.72,0,1,0,0,0,0,0,0,975.0,0.0,0,2,3,1,2,11,55.0,0,29,14,48.28,7,52,20,4,71,52.21,72,231,182,409,94.1,5,0,608,14,4,0,Stefan Bajčetić,UD Las Palmas,1142636,6577
10,12,52.17,50,10,37.04,106,88,182,77.78,6,46.15,7,14,0,0,0,0,30,0,0,0,0,29,14,0,1,2,4,29,0,0,0.76,,12,0,0.0,0,0,0,5,4,1,0,0,,20,47.62,0,0,0,52,6,7,0,7,650,2,,0,1,0,0,0.0,0,0,0,0,91,4,0,6.72,1,0,0,0,0,0,0,0,0.0,0.0,0,0,0,0,0,0,0.0,0,17,11,64.71,6,15,4,23,26,47.27,27,152,105,234,94.1,0,0,409,3,1,0,Toni Lato,Mallorca,828239,2826
1,2,50.0,21,1,100.0,36,11,45,75.0,8,57.14,6,10,2,0,0,0,12,3,0,1,0,3,10,0,0,2,5,26,0,0,0.56,0.78,4,0,14.29,0,1,3,4,4,0,1,0,,11,35.48,0,0,0,15,0,8,0,2,281,2,,0,0,0,0,0.0,0,0,0,0,44,1,0,6.72,0,1,0,0,0,0,0,0,281.0,0.0,0,6,1,5,1,2,18.18,0,5,3,60.0,8,1,11,4,19,42.22,1,49,15,60,67.2,7,0,130,4,0,0,Assane Diao,Real Betis,1493689,2816
14,0,0.0,13,21,41.18,72,259,331,84.65,12,44.44,15,11,0,0,0,0,30,0,0,0,0,67,10,0,0,1,10,31,0,1,0.28,0.13,5,0,0.0,4,0,0,16,16,0,0,0,,9,36.0,0,0,0,60,18,1,0,8,756,0,,0,0,0,1,0.0,0,0,0,0,66,0,0,6.72,0,0,0,0,0,0,0,0,0.0,0.0,0,2,0,2,0,0,0.0,0,9,5,55.56,1,33,0,0,21,40.38,51,112,279,391,67.2,2,0,518,1,1,0,Cenk Özkaçar,Real Valladolid,953097,2831
5,3,16.67,116,9,47.37,206,58,261,76.32,8,34.78,15,32,5,0,0,0,46,3,7,8,0,9,32,0,0,16,7,87,0,1,2.25,5.31,21,0,12.5,0,4,9,19,16,3,3,1,,65,47.45,0,0,0,81,3,16,0,15,1347,7,,0,0,0,0,0.0,0,0,0,0,197,7,0,6.72,0,4,0,0,0,0,0,0,336.75,0.0,0,25,7,9,15,10,25.64,0,23,16,69.57,16,9,39,18,73,45.63,19,288,72,342,215.0,32,1,620,32,1,0,Williot Swedberg,Celta Vigo,1126779,2821
7,2,16.67,109,8,80.0,232,169,399,92.36,3,30.0,7,17,0,0,0,0,32,1,0,4,0,14,16,0,0,4,6,32,0,0,1.31,0.23,8,0,0.0,0,0,0,9,8,1,0,0,,16,39.02,0,0,1,33,6,10,0,5,596,0,,0,0,0,0,0.0,0,0,0,0,64,4,0,6.72,0,0,0,0,0,0,0,0,0.0,0.0,0,3,3,2,0,2,22.22,0,13,8,61.54,10,12,9,12,19,37.25,10,262,182,432,107.5,6,0,588,1,2,0,Hector Fort,FC Barcelona,1402908,2817
7,5,33.33,51,10,30.3,121,100,216,80.0,8,32.0,17,20,2,0,0,0,32,0,0,2,1,20,18,0,0,4,2,44,0,0,0.32,0.51,18,0,11.11,0,1,3,12,10,2,1,0,,31,53.45,0,0,1,54,4,5,0,10,903,0,,0,0,0,1,0.0,0,0,0,0,98,1,0,6.72,0,1,0,0,0,0,0,0,903.0,0.0,0,6,3,3,4,4,44.44,0,18,11,61.11,5,18,9,15,39,46.99,33,174,111,270,120.9,9,0,464,9,4,0,Allan Nyom,Getafe,128637,2859
8,5,20.83,80,6,28.57,151,108,254,68.28,16,45.71,19,26,2,0,0,0,55,3,1,7,0,17,25,0,0,19,36,131,0,0,1.4,2.29,32,0,7.69,0,2,4,14,11,3,2,0,,79,41.36,0,0,0,118,5,13,0,16,1336,6,,0,0,0,0,0.0,0,0,0,0,218,5,0,6.72,0,1,0,0,0,0,0,0,668.0,0.0,0,18,8,7,12,9,25.71,0,43,21,48.84,13,25,35,24,95,42.04,21,264,132,372,167.9,26,0,682,28,3,0,Carlos Martín,Deportivo Alavés,1131581,2885
14,25,21.93,145,21,43.75,284,90,349,74.1,14,29.17,34,35,1,0,0,0,67,4,3,10,0,13,35,0,0,24,29,139,0,2,2.54,2.12,25,0,2.7,0,1,2,21,17,4,1,0,,81,43.55,0,0,0,122,13,20,0,18,1626,14,,0,0,0,0,0.0,0,0,0,0,334,11,0,6.71,0,1,0,0,0,0,0,0,1626.0,0.0,2,17,20,15,12,20,40.0,0,41,20,48.78,20,33,50,114,95,40.6,48,456,129,471,235.0,37,0,924,21,4,0,Adrián Embarba,Rayo Vallecano,346516,2818
1,3,50.0,52,4,50.0,82,59,138,73.4,15,31.91,32,22,0,0,0,0,35,3,9,10,1,4,22,0,0,34,4,121,0,0,0.67,6.11,30,0,9.76,0,4,4,23,21,2,4,0,,51,36.43,1,0,0,50,7,12,0,14,1237,5,,0,0,0,0,0.0,0,0,0,2,157,10,0,6.71,0,3,0,0,0,0,0,0,309.25,0.0,0,33,8,12,19,10,28.57,0,11,6,54.55,12,2,35,6,66,35.29,8,126,68,188,147.7,41,1,436,30,4,0,Vitor Roque,Real Betis,1150391,2816
33,32,30.48,143,60,45.8,353,385,706,80.59,17,33.33,34,30,0,0,0,0,77,4,0,0,5,74,30,0,0,5,16,73,0,0,2.64,0.15,13,0,0.0,0,0,0,65,59,6,0,0,,76,66.09,0,0,0,170,29,27,0,28,2558,3,,0,0,0,1,0.0,0,0,0,0,333,3,0,6.71,0,0,0,0,0,0,0,0,0.0,0.0,0,1,4,3,2,12,63.16,0,41,30,73.17,27,71,19,105,93,56.02,131,526,455,876,201.4,5,1,1509,25,2,0,Luis Pérez,Real Valladolid,843180,2831
2,5,31.25,29,2,40.0,57,32,84,87.5,0,0.0,3,8,0,0,0,0,17,1,0,1,0,2,8,0,0,3,0,12,0,0,0.23,0.19,1,0,0.0,0,0,0,1,1,0,0,0,,10,52.63,0,0,0,12,2,6,0,2,259,1,,0,0,0,0,0.0,0,0,0,0,36,4,0,6.71,0,0,0,0,0,0,0,0,0.0,0.0,0,1,2,2,0,5,50.0,0,3,2,66.67,6,6,10,16,10,45.45,5,78,34,96,53.7,3,0,150,2,0,0,Peio Canales,Athletic Club,1464648,2825
5,2,10.0,64,1,11.11,105,43,146,73.37,6,18.75,26,21,1,0,0,0,42,1,6,5,0,8,21,0,0,12,5,64,0,0,0.63,2.47,5,0,7.14,0,2,3,13,10,3,2,0,,33,46.48,1,0,2,53,6,6,0,13,1067,6,,0,0,0,0,0.0,0,0,0,0,131,3,0,6.71,0,1,0,0,0,0,0,0,533.5,0.0,0,25,3,15,8,6,27.27,0,13,9,69.23,6,8,22,20,39,37.86,9,167,52,199,140.9,28,0,391,15,0,0,Takuma Asano,Mallorca,309546,2826
19,5,13.89,99,22,37.29,207,312,514,79.94,18,64.29,10,21,1,0,0,0,88,3,2,3,5,51,21,0,0,11,16,85,1,1,1.54,0.86,35,0,0.0,0,0,1,45,43,2,0,0,,87,53.7,0,0,1,129,28,13,0,21,1890,1,,0,0,0,0,0.0,0,0,0,0,252,3,0,6.71,0,0,0,0,0,0,0,0,0.0,0.0,0,5,3,2,3,14,50.0,0,54,34,62.96,13,51,28,36,105,55.26,59,319,360,643,140.9,8,1,1145,19,6,0,Lucas Rosa,Real Valladolid,970860,2831
6,4,11.76,90,3,100.0,143,59,198,87.22,3,42.86,4,16,1,0,0,0,21,1,1,5,1,2,16,0,0,6,5,37,0,0,0.78,0.86,8,0,0.0,0,0,1,5,2,3,0,0,,25,43.1,0,0,1,29,2,15,0,4,522,4,,0,0,0,0,0.0,0,0,0,0,97,1,0,6.71,0,0,0,0,0,0,0,0,0.0,0.0,1,10,4,5,4,6,27.27,0,11,5,45.45,15,7,22,34,28,43.08,3,196,65,227,107.3,14,0,376,8,0,0,Rodrigo Riquelme,Atlético Madrid,989113,2836
11,19,24.36,167,24,23.3,330,251,562,73.08,9,21.43,33,33,0,0,0,0,105,1,1,6,8,64,33,0,1,20,28,158,0,1,1.29,1.68,56,0,8.33,0,1,1,38,34,4,1,0,,111,47.03,0,0,0,207,30,16,1,30,2646,1,,1,0,0,1,0.0,0,0,0,0,401,7,0,6.71,1,0,0,0,0,0,0,0,2646.0,0.0,0,8,4,4,2,8,25.0,0,83,56,67.47,16,34,32,78,120,43.17,103,541,306,769,221.3,12,1,1551,21,6,0,Manuel Sánchez,Deportivo Alavés,984789,2885
23,6,31.58,102,27,79.41,236,168,398,92.13,10,35.71,18,21,0,0,0,0,45,1,1,1,2,13,21,0,0,11,11,60,0,1,0.39,0.55,13,0,0.0,0,0,0,13,11,2,0,0,,51,54.84,0,0,0,34,5,3,0,11,939,0,,0,0,0,0,0.0,0,0,0,0,87,4,0,6.7,0,0,0,0,0,0,0,0,0.0,0.0,0,2,5,4,2,13,65.0,0,15,6,40.0,3,28,20,19,61,50.41,34,272,179,432,140.8,7,0,609,23,4,0,Beñat Turrientes,Real Sociedad,980410,2824
2,0,0.0,58,2,66.67,95,49,144,66.06,41,44.09,52,24,0,0,0,0,26,1,3,2,0,20,24,0,0,17,7,121,0,0,0.32,2.61,39,0,18.75,0,3,3,15,12,3,3,0,,36,34.29,0,0,0,74,4,9,3,16,1152,16,,0,0,0,0,0.0,0,0,0,0,136,8,0,6.7,0,0,0,0,0,0,0,0,384.0,0.0,0,14,2,6,8,5,38.46,0,16,5,31.25,9,5,13,4,77,38.89,3,163,59,218,160.9,16,0,401,15,6,0,Randy Nteka,Rayo Vallecano,932764,2818
35,3,37.5,155,43,71.67,405,393,795,90.86,13,41.94,18,25,0,0,0,0,71,1,0,2,3,20,25,0,0,13,12,74,1,3,0.74,0.14,28,0,0.0,0,0,0,27,20,7,0,0,,60,51.72,0,0,1,80,12,8,0,17,1375,0,,0,0,0,1,0.0,0,0,0,0,115,5,0,6.7,0,0,0,0,0,0,0,0,0.0,0.0,0,1,4,2,1,4,57.14,0,38,25,65.79,8,54,7,8,73,49.66,60,469,414,875,167.6,5,0,1065,18,5,0,Oriol Romeu,Girona FC,69416,24264
4,1,16.67,49,1,11.11,80,35,114,71.7,21,48.84,22,32,0,0,0,0,14,1,4,5,0,6,28,0,0,13,5,58,0,0,0.45,3.46,11,0,16.0,0,4,4,13,10,3,3,1,,35,49.3,1,0,1,45,0,3,1,5,765,6,,0,0,0,0,0.0,0,0,0,0,100,2,0,6.7,0,2,0,0,0,0,0,0,191.25,0.0,0,20,5,8,12,11,57.89,0,13,8,61.54,3,10,19,6,56,49.12,9,120,45,159,187.7,25,0,306,12,1,0,Raúl García de Haro,Osasuna,997280,2820
3,1,20.0,15,1,50.0,26,21,46,73.02,4,57.14,3,9,0,0,0,0,10,1,1,3,0,4,9,0,0,6,4,27,0,0,0.17,0.95,13,0,20.0,0,2,2,4,4,0,2,0,,5,17.24,0,0,0,17,1,2,2,1,244,0,,0,0,0,0,0.0,0,0,0,0,40,4,0,6.7,0,0,0,0,0,0,0,0,122.0,0.0,0,6,4,2,5,3,60.0,0,1,0,0.0,2,4,5,5,9,25.0,2,41,27,63,60.3,10,0,116,1,1,0,Arkaitz Mariezkurrena,Real Sociedad,1526575,2824
16,1,7.69,55,10,58.82,87,45,131,65.5,6,28.57,15,16,1,0,0,0,44,3,1,10,0,7,16,0,0,7,5,44,0,0,0.73,1.1,9,0,0.0,0,0,1,13,12,1,0,0,,35,54.69,0,0,1,69,1,7,0,6,701,5,,0,0,0,0,0.0,0,0,0,0,118,12,0,6.7,0,0,0,0,0,0,0,0,0.0,0.0,1,10,8,5,3,6,40.0,0,14,9,64.29,7,26,15,13,41,48.24,17,160,53,200,107.2,18,0,333,16,1,0,Stoichkov,Deportivo Alavés,566894,2885
0,0,0.0,0,0,0.0,0,0,0,0.0,1,100.0,0,1,0,0,0,0,0,0,0,0,0,0,1,0,0,0,0,0,0,0,,,0,0,0.0,0,0,0,0,0,0,0,0,,1,100.0,0,0,0,1,0,0,0,0,10,0,,0,0,0,0,0.0,0,0,0,0,1,0,0,6.7,0,0,0,0,0,0,0,0,0.0,0.0,0,0,0,0,0,0,0.0,0,0,0,0.0,0,0,0,0,2,100.0,0,1,0,1,6.7,0,0,2,1,0,0,Mateo Mejía,Sevilla,1134538,2833
0,0,0.0,4,0,0.0,6,1,7,77.78,0,0.0,0,2,0,0,0,0,2,0,0,0,0,0,2,0,0,0,0,1,0,0,0.02,,0,0,0.0,0,0,0,0,0,0,0,0,,2,66.67,0,0,0,2,0,0,0,0,23,0,,0,0,0,0,0.0,0,0,0,0,6,0,0,6.7,0,0,0,0,0,0,0,0,0.0,0.0,0,0,0,0,0,1,50.0,0,0,0,0.0,0,1,2,3,2,66.67,0,11,1,9,13.4,0,0,18,1,0,0,Daniel Luna,Mallorca,1018516,2826
1,0,0.0,13,1,25.0,23,22,45,78.95,1,100.0,0,2,0,0,0,0,6,0,0,0,0,1,2,0,0,1,2,5,0,0,0.02,,2,0,0.0,0,0,0,2,2,0,0,0,,8,61.54,0,0,0,12,1,1,0,1,90,0,,0,0,0,0,0.0,0,0,0,0,18,0,0,6.7,0,0,0,0,0,0,0,0,0.0,0.0,0,0,0,0,0,1,100.0,0,5,1,20.0,1,4,1,4,9,64.29,4,35,26,57,13.4,0,0,83,2,0,0,Daley Sinkgraven,UD Las Palmas,377206,6577
11,0,0.0,18,8,36.36,52,152,204,91.89,4,80.0,1,7,0,0,0,0,8,0,0,0,0,7,7,0,0,0,0,3,0,0,0.09,,2,0,0.0,7,0,0,4,3,1,0,0,,1,33.33,0,0,0,18,6,1,0,4,316,0,,0,0,0,0,0.0,0,0,0,0,23,0,0,6.7,0,0,0,0,0,0,0,0,0.0,0.0,0,0,0,0,0,0,0.0,0,1,0,0.0,1,23,0,3,5,62.5,22,72,153,222,46.9,0,0,250,0,1,0,David Alaba,Real Madrid,66492,2829
6,1,16.67,43,3,60.0,58,22,79,80.61,4,50.0,4,9,0,0,0,0,19,0,0,5,0,0,9,0,0,7,1,26,0,0,0.35,0.58,8,0,0.0,0,0,0,7,5,2,0,0,,23,51.11,0,0,0,19,2,4,0,2,292,1,,0,0,0,0,0.0,0,0,0,0,54,9,0,6.7,0,0,0,0,0,0,0,0,0.0,0.0,0,5,3,0,3,5,41.67,0,8,5,62.5,4,9,12,6,27,50.94,5,79,25,98,60.3,8,0,171,10,0,0,Iván Jaime,Valencia,951986,2828
1,4,66.67,21,2,40.0,37,18,51,86.44,0,0.0,2,3,0,0,0,0,10,0,0,0,0,1,3,0,0,2,1,11,0,1,0.26,0.17,2,0,0.0,0,0,0,2,2,0,0,0,,6,40.0,0,0,0,8,1,2,0,1,117,1,,0,0,0,0,0.0,0,0,0,0,21,0,0,6.7,0,0,0,0,0,0,0,0,0.0,0.0,0,1,1,0,2,2,33.33,0,2,1,50.0,2,2,6,6,6,35.29,5,42,23,59,20.1,2,0,91,2,0,0,Rodri Sánchez,Real Betis,1031421,2816
2,0,0.0,7,7,46.67,23,13,36,60.0,10,76.92,3,7,0,0,0,0,8,0,0,1,0,5,5,0,0,1,0,12,0,0,0.13,0.04,7,0,0.0,0,0,0,2,1,1,0,0,,14,60.87,0,0,0,24,0,1,0,4,269,0,,0,0,0,0,0.0,0,0,0,0,28,0,0,6.7,0,0,0,0,0,0,0,0,0.0,0.0,0,0,2,1,0,2,66.67,0,6,4,66.67,1,4,3,0,24,66.67,15,40,20,60,33.5,2,0,95,6,1,0,Nabil Aberdin,Getafe,1136806,2859
1,0,0.0,2,1,50.0,5,3,8,72.73,0,0.0,3,2,0,0,0,0,1,0,0,0,0,1,2,0,0,0,0,3,0,0,0.01,0.04,0,0,0.0,0,0,0,2,2,0,0,0,,2,100.0,0,0,0,3,0,0,0,0,38,0,,0,0,0,0,0.0,0,0,0,0,7,0,0,6.7,0,0,0,0,0,0,0,0,0.0,0.0,0,0,1,1,0,0,0.0,0,1,1,100.0,0,2,0,4,2,40.0,2,11,4,11,13.4,1,0,21,1,0,0,Diego Martín,UD Las Palmas,2064599,6577
0,0,0.0,1,0,0.0,3,3,6,100.0,0,0.0,0,1,0,0,0,0,2,0,0,0,0,0,1,0,0,0,0,1,0,0,0.0,0.03,1,0,0.0,0,0,0,0,0,0,0,0,,1,50.0,0,0,0,0,0,0,0,0,15,0,,0,0,0,0,0.0,0,0,0,0,2,0,0,6.7,0,0,0,0,0,0,0,0,0.0,0.0,0,0,1,1,0,0,0.0,0,1,1,100.0,0,0,0,1,1,50.0,0,4,3,6,6.7,1,0,10,0,0,0,Pejiño,UD Las Palmas,925220,6577
0,0,0.0,1,0,0.0,2,3,5,41.67,0,0.0,0,1,0,0,0,0,1,0,0,1,0,0,1,0,0,1,0,3,0,0,0.0,0.03,1,0,0.0,0,0,0,0,0,0,0,0,,6,66.67,0,0,0,7,0,0,0,0,47,0,,0,0,0,0,0.0,0,0,0,0,12,0,0,6.7,0,0,0,0,0,0,0,0,0.0,0.0,0,1,0,0,0,1,50.0,0,1,1,100.0,0,1,2,1,6,66.67,1,7,6,12,6.7,1,0,26,4,0,0,Papa Ba,Girona FC,2112915,24264
0,0,0.0,8,0,0.0,15,0,15,88.24,0,0.0,0,1,0,0,0,0,0,0,0,0,0,0,1,0,0,0,0,0,0,0,0.03,0.03,0,0,0.0,0,0,0,1,1,0,0,0,,0,0.0,0,0,0,2,0,0,0,1,38,0,,0,0,0,0,0.0,0,0,0,0,8,0,0,6.7,0,0,0,0,0,0,0,0,0.0,0.0,0,1,1,2,0,0,0.0,0,0,0,0.0,0,0,0,3,0,0.0,0,20,0,17,6.7,2,0,26,0,0,0,Dani Rodríguez,FC Barcelona,1214990,2817
31,1,50.0,145,32,45.71,357,331,687,83.17,33,45.83,39,34,0,0,0,0,109,1,1,3,3,49,34,0,0,8,43,146,1,1,1.11,0.43,57,0,0.0,0,0,0,24,20,4,0,0,,91,45.96,0,0,0,139,21,13,0,18,1845,0,,0,0,0,0,0.0,0,0,0,0,172,4,0,6.7,0,0,0,0,0,0,0,0,0.0,0.0,0,4,1,1,1,5,55.56,0,55,41,74.55,13,47,9,2,124,45.93,70,458,370,826,227.7,5,0,1128,31,5,0,Óscar Valentín,Rayo Vallecano,900008,2818
22,14,25.45,81,23,37.7,158,104,248,75.38,3,23.08,10,17,1,0,0,0,28,2,0,1,1,20,17,0,0,1,9,34,0,0,0.83,0.36,13,0,0.0,0,0,1,16,13,3,0,0,,20,45.45,0,0,0,81,10,15,0,12,1024,3,,0,0,0,0,0.0,0,0,0,0,155,0,0,6.69,0,0,0,0,0,0,0,0,0.0,0.0,2,2,4,4,1,1,25.0,0,13,10,76.92,15,42,4,55,23,40.35,61,257,127,329,113.8,6,0,552,6,2,0,Brian Oliván,Espanyol,351500,2814
26,7,21.88,127,54,44.26,313,313,619,77.96,44,59.46,30,31,0,0,0,0,102,0,0,0,8,102,31,0,1,17,20,111,0,3,0.83,0.36,40,0,0.0,0,0,0,24,21,3,0,0,,57,41.3,0,0,0,175,21,9,0,31,2553,1,,0,0,0,0,0.0,0,0,0,0,271,9,0,6.69,1,0,0,0,0,0,0,0,0.0,0.0,0,5,1,6,0,7,50.0,0,25,13,52.0,9,51,14,32,101,47.64,122,455,371,794,207.5,6,0,1222,26,10,0,Djené,Getafe,307702,2859
42,8,42.11,168,50,71.43,357,332,681,85.13,10,38.46,16,30,1,0,0,0,86,1,0,3,2,27,30,0,0,15,33,132,0,0,0.98,0.17,56,0,0.0,0,0,1,23,16,7,0,0,,72,38.3,0,0,0,119,22,17,0,27,1958,0,,0,0,0,0,0.0,0,0,0,0,180,7,0,6.69,0,0,0,0,0,0,0,0,0.0,0.0,0,0,8,3,2,5,29.41,0,53,34,64.15,17,67,17,19,82,38.32,70,444,375,800,200.8,8,0,1085,14,13,0,Pol Lozano,Espanyol,826010,2814
45,0,0.0,35,44,46.32,198,529,727,89.64,30,66.67,15,15,0,0,0,0,44,0,0,2,1,67,15,0,0,1,4,29,0,1,0.13,0.1,11,0,0.0,8,0,0,20,15,5,0,0,,15,51.72,0,0,0,84,6,0,0,14,1199,0,,1,0,0,2,0.0,0,0,0,0,90,0,0,6.69,0,0,0,0,0,0,0,0,0.0,0.0,0,2,0,0,0,0,0.0,0,10,9,90.0,0,68,0,0,45,60.81,95,243,568,811,100.4,2,0,929,6,4,0,Raúl Albiol,Villarreal,3041,2819
2,3,18.75,63,14,35.0,140,138,275,80.41,6,75.0,2,16,0,0,0,0,39,1,0,1,3,27,14,0,0,5,8,28,1,1,0.51,0.18,5,0,0.0,0,0,0,9,7,2,0,0,,23,46.94,0,0,0,67,9,8,0,8,768,0,,0,0,0,0,0.0,0,0,0,0,115,2,0,6.69,0,0,0,0,0,0,0,0,0.0,0.0,0,2,0,1,0,6,42.86,0,15,12,80.0,8,9,14,16,29,50.88,40,195,163,342,93.7,2,0,543,2,1,0,Íñigo Lekue,Athletic Club,801837,2825
2,4,22.22,21,3,50.0,41,10,47,81.03,1,25.0,3,15,0,0,0,0,16,1,0,3,0,1,12,0,0,5,3,13,0,0,0.37,0.33,0,0,0.0,0,0,0,3,2,1,0,0,,13,56.52,0,0,0,11,5,3,0,1,172,4,,0,0,0,0,0.0,0,0,0,0,38,2,0,6.69,0,0,0,0,0,0,0,0,0.0,0.0,2,2,4,0,3,1,33.33,0,7,5,71.43,3,5,3,18,14,51.85,6,62,14,58,80.3,6,0,125,5,0,0,José Manuel Arnáiz,Osasuna,824130,2820
12,4,11.43,72,10,16.95,165,195,356,77.39,24,58.54,17,21,0,0,0,0,43,1,0,2,3,42,20,0,0,3,14,53,0,0,0.27,0.16,15,0,0.0,0,0,0,13,11,2,0,0,,42,53.85,0,0,0,104,14,3,0,13,1104,0,,0,0,0,1,0.0,0,0,0,0,203,3,0,6.69,0,0,0,0,0,0,0,0,0.0,0.0,0,1,5,4,0,7,63.64,0,24,12,50.0,3,30,11,35,66,55.46,59,269,226,460,133.8,6,0,791,12,5,0,Aihen Muñoz,Real Sociedad,966441,2824
5,1,20.0,46,8,57.14,85,69,153,60.24,96,61.54,60,28,0,0,0,0,24,0,4,11,1,11,28,0,1,18,4,120,1,0,0.4,4.4,40,0,7.5,0,3,3,41,39,2,3,0,,42,41.18,1,0,0,101,0,13,1,14,1403,7,,0,0,0,1,0.0,0,0,0,0,165,5,0,6.69,1,1,0,0,0,0,0,0,467.67,0.0,0,38,2,16,13,8,53.33,0,4,2,50.0,13,9,15,5,138,53.49,14,174,85,254,187.3,40,0,453,36,6,0,Juanmi Latasa,Real Valladolid,966679,2831
6,0,0.0,16,18,52.94,72,121,193,82.83,9,60.0,6,9,0,0,0,0,18,0,0,0,1,23,9,0,1,0,2,18,0,1,0.03,0.03,9,0,0.0,2,0,0,8,7,1,0,0,,23,65.71,0,0,0,40,10,0,0,7,600,0,,0,0,0,0,0.0,0,0,0,0,41,0,0,6.69,1,0,0,0,0,0,0,0,0.0,0.0,0,1,0,1,0,0,0.0,0,18,10,55.56,0,13,1,0,32,64.0,34,100,133,233,60.2,1,0,305,5,1,0,Aleksandar Sedlar,Deportivo Alavés,799195,2885
3,5,19.23,74,3,37.5,124,44,163,78.74,10,43.48,13,27,2,0,0,0,24,2,3,2,0,2,25,0,0,3,3,36,0,0,1.52,1.6,14,0,12.5,0,1,3,10,10,0,1,0,,27,54.0,0,0,0,44,0,14,0,6,792,7,,0,0,0,0,0.0,0,0,0,0,89,5,0,6.69,0,1,0,0,0,0,0,0,792.0,0.0,0,5,3,2,4,4,44.44,0,13,7,53.85,14,5,9,26,37,50.68,8,182,51,207,167.2,8,0,317,10,4,0,Portu,Girona FC,218616,24264
3,3,15.0,69,2,25.0,100,45,142,72.82,6,25.0,18,26,1,0,0,0,39,2,2,4,0,10,25,0,0,12,12,78,0,1,1.06,0.87,19,0,0.0,0,0,1,10,7,3,0,0,,73,54.89,0,0,0,53,8,7,0,13,1042,4,,0,0,0,0,0.0,0,0,0,0,134,3,0,6.69,0,0,0,0,0,0,0,0,0.0,0.0,0,7,3,2,4,29,63.04,0,21,10,47.62,7,9,46,20,79,50.32,8,154,61,195,167.2,10,0,428,23,3,0,Antoniu Roca,Espanyol,1099344,2814
19,9,16.67,139,28,60.87,260,105,356,77.39,7,31.82,15,30,3,0,0,0,88,3,2,7,0,13,30,0,0,26,17,128,1,0,2.47,1.64,33,0,4.0,0,1,4,23,22,1,1,0,,65,36.52,0,0,0,104,11,16,1,14,1258,6,,0,0,0,1,0.0,0,0,0,0,275,21,0,6.69,0,0,0,0,0,0,0,0,1258.0,0.0,0,20,5,10,8,26,39.39,0,26,19,73.08,16,30,66,54,72,36.0,46,378,136,460,200.6,25,1,823,13,6,0,Ander Barrenetxea,Real Sociedad,966862,2824
9,10,30.3,57,8,44.44,111,73,174,83.25,6,54.55,5,15,0,0,0,0,10,0,1,0,0,5,14,0,0,4,3,14,0,0,0.62,0.53,1,0,33.33,0,1,1,6,6,0,1,0,,12,57.14,0,0,0,35,4,10,0,3,440,3,,0,0,0,0,0.0,0,0,0,0,71,2,0,6.69,0,1,0,0,0,0,0,0,440.0,0.0,0,2,1,1,2,4,66.67,0,5,2,40.0,10,12,6,33,18,56.25,18,158,84,209,93.6,3,0,309,4,0,0,Jesús Navas,Sevilla,11869,2833
3,11,26.19,89,6,28.57,162,63,214,73.54,13,31.71,28,27,0,0,0,0,50,2,3,16,1,18,27,0,0,19,27,141,0,0,1.31,2.37,44,0,8.82,0,3,3,17,14,3,3,0,,65,36.52,0,0,0,77,6,17,3,15,1436,1,,0,0,0,0,0.0,0,0,0,0,199,8,0,6.69,0,0,0,0,0,0,0,0,478.67,0.0,1,12,22,9,9,21,43.75,0,33,23,69.7,17,13,48,42,78,35.62,21,252,81,291,180.5,34,1,609,11,2,0,Carles Pérez,Getafe,794950,2859
11,5,26.32,91,19,33.93,177,188,360,77.59,14,33.33,28,25,0,0,0,0,39,0,0,1,4,34,25,0,0,2,12,60,0,0,0.37,0.01,19,0,0.0,0,0,0,12,11,1,0,0,,35,52.24,0,0,0,104,13,7,0,12,1225,1,,0,0,0,0,0.0,0,0,0,0,172,1,0,6.68,0,0,0,0,0,0,0,0,0.0,0.0,0,0,1,0,0,3,75.0,0,17,14,82.35,7,33,4,19,49,44.95,56,261,222,464,167.1,1,0,790,15,3,0,Iván Balliu,Rayo Vallecano,152446,2818
4,0,0.0,60,5,62.5,105,68,173,65.04,42,41.18,60,29,2,0,0,0,35,2,3,4,1,14,29,0,0,20,7,107,0,0,0.65,5.06,16,0,22.73,0,5,7,47,43,4,5,0,,45,48.91,0,0,0,93,3,14,0,17,1601,13,,0,0,4,0,100.0,0,4,0,2,178,4,0,6.68,0,5,0,0,0,0,0,0,320.2,0.0,0,19,3,11,7,5,38.46,0,9,5,55.56,14,8,13,9,87,44.85,8,184,91,266,193.8,22,0,477,32,5,0,Mamadou Sylla,Real Valladolid,793761,2831
1,0,0.0,23,1,33.33,50,23,73,72.28,15,37.5,25,22,1,0,0,0,19,2,1,3,0,6,20,0,0,9,1,71,0,0,0.45,1.0,30,0,7.69,0,1,2,9,7,2,1,0,,36,43.9,0,0,1,28,1,6,1,5,641,11,,0,0,0,0,0.0,0,0,0,1,78,3,0,6.68,0,0,0,0,0,0,0,0,641.0,0.0,0,13,0,6,4,4,22.22,0,5,0,0.0,6,3,18,2,51,41.8,3,77,26,101,133.6,13,0,237,27,3,0,Walid Cheddira,Espanyol,917485,2814
3,0,0.0,23,5,41.67,65,125,190,87.96,11,64.71,6,10,0,0,0,0,17,0,0,1,0,13,10,0,0,1,8,35,0,0,0.05,0.05,18,0,0.0,0,0,0,12,11,1,0,0,,32,52.46,0,0,0,26,5,1,0,7,569,0,,0,0,0,0,0.0,0,0,0,0,33,2,0,6.68,0,0,0,0,0,0,0,0,0.0,0.0,0,1,1,1,0,0,0.0,0,24,16,66.67,1,9,2,0,43,55.13,12,82,134,216,66.8,2,0,297,8,0,0,José Gragera,Espanyol,966940,2814
37,1,20.0,180,52,49.52,395,365,759,77.45,32,45.07,39,33,1,0,0,0,120,1,1,2,2,41,33,0,0,19,28,130,0,1,0.63,0.86,39,0,0.0,0,0,1,24,21,3,0,0,,74,44.85,0,0,0,221,14,12,0,20,1953,0,,0,0,0,0,0.0,0,0,0,0,279,3,0,6.68,0,0,0,0,0,0,0,0,0.0,0.0,0,3,9,7,3,9,64.29,0,49,30,61.22,12,67,14,5,106,44.92,105,566,419,980,220.4,12,0,1270,18,3,0,Ander Guevara,Deportivo Alavés,891931,2885
8,11,20.37,122,11,35.48,223,118,330,72.21,5,22.73,17,37,3,0,0,0,105,2,3,17,0,22,37,0,0,40,10,149,0,0,1.86,2.51,28,0,7.5,0,3,6,38,34,4,0,3,,120,47.62,0,0,0,127,15,24,0,26,2191,3,,0,0,0,0,0.0,0,0,0,0,343,16,0,6.68,0,3,0,0,0,0,0,0,730.33,0.0,0,21,19,12,11,39,39.39,0,22,16,72.73,24,16,99,54,125,45.62,31,367,144,457,247.1,40,1,959,59,5,0,Jofre Carreras,Espanyol,1019236,2814
14,3,23.08,110,18,48.65,217,163,377,76.63,19,43.18,25,28,1,0,0,0,56,2,1,4,0,20,27,0,0,16,30,108,0,0,0.37,1.54,28,0,5.0,0,1,2,24,16,8,0,1,,62,42.76,0,0,0,115,18,6,1,13,1307,0,,0,0,0,0,0.0,0,0,0,0,177,5,0,6.68,0,0,0,0,0,0,0,0,1307.0,0.0,0,11,9,11,5,13,56.52,0,20,10,50.0,6,29,23,13,81,42.86,37,316,189,492,180.3,20,0,737,29,4,0,Pablo Ibáñez,Osasuna,1084381,2820
9,15,22.06,47,6,31.58,93,61,139,72.4,6,75.0,2,18,1,0,0,0,34,2,1,6,0,9,18,0,0,4,6,28,0,0,0.91,0.91,4,0,0.0,0,0,1,17,16,1,0,0,,24,48.0,0,0,0,53,5,8,0,7,643,2,,0,0,0,0,0.0,0,0,0,0,129,3,0,6.68,0,0,0,0,0,0,0,0,0.0,0.0,1,4,10,6,2,5,29.41,0,5,4,80.0,8,23,17,68,30,51.72,19,182,78,192,120.2,14,0,359,14,0,0,Darwin Machís,Real Valladolid,252863,2831
32,6,11.54,160,34,33.01,341,300,635,77.16,21,47.73,23,31,1,0,0,0,112,3,0,2,7,93,31,0,0,26,29,137,0,0,1.38,0.76,49,0,11.76,0,2,3,38,33,5,2,0,,58,33.72,1,0,0,188,23,17,1,27,2399,5,,0,0,0,0,0.0,0,0,0,0,331,3,0,6.68,0,0,0,0,0,0,0,0,1199.5,0.0,2,8,9,9,6,16,57.14,0,26,15,57.69,17,78,28,52,79,36.57,103,527,348,823,207.0,17,1,1396,16,6,0,Javier Hernández,Leganés,1031658,2845
9,0,0.0,71,5,62.5,154,58,212,69.06,66,43.42,86,32,2,0,0,0,46,2,8,8,1,16,32,0,0,58,6,199,0,0,0.43,6.47,32,0,17.95,0,7,9,20,17,3,7,0,,51,31.1,1,0,0,95,1,8,2,21,1781,24,,0,0,1,0,100.0,0,1,0,1,257,10,0,6.68,0,4,0,0,0,0,0,0,254.43,0.0,0,37,2,16,15,8,27.59,0,12,6,50.0,8,14,29,6,117,37.03,8,238,75,307,213.6,39,0,652,31,4,0,Cyle Larin,Mallorca,790179,2826
1,0,0.0,10,3,50.0,26,34,60,89.55,3,50.0,3,4,1,0,0,0,8,1,0,0,0,7,4,0,0,0,0,3,0,0,0.23,,0,0,0.0,0,0,1,2,1,1,0,0,,0,0.0,0,0,0,7,2,2,0,1,136,0,,0,0,0,0,0.0,0,0,0,0,7,0,0,6.68,0,0,0,0,0,0,0,0,0.0,0.0,0,0,0,0,0,0,0.0,0,0,0,0.0,2,1,0,0,3,50.0,6,30,37,67,26.7,0,0,78,0,0,0,Jesús Vallejo,Real Madrid,355048,2829
24,9,15.79,163,31,34.83,375,438,804,81.46,13,38.24,21,32,1,0,0,0,97,3,1,4,4,76,32,0,0,16,12,87,0,1,2.0,0.43,24,0,0.0,0,0,1,40,36,4,0,0,,87,56.86,0,0,0,183,16,10,0,25,2298,1,,0,0,0,0,0.0,0,0,0,0,333,7,0,6.68,0,0,0,0,0,0,0,0,0.0,0.0,0,8,5,7,2,8,33.33,0,48,31,64.58,10,60,24,57,100,53.48,89,545,499,987,213.6,13,1,1596,31,6,0,Dimitri Foulquier,Valencia,151138,2828
5,0,0.0,53,6,60.0,111,69,180,90.91,3,60.0,2,8,0,0,0,1,14,0,3,2,0,10,8,0,0,2,3,14,0,0,0.34,1.73,6,0,0.0,0,0,0,2,1,1,0,0,,13,52.0,0,0,0,18,2,2,0,2,269,0,,0,0,1,0,0.0,0,0,0,0,25,1,0,6.68,0,0,0,0,0,0,0,0,0.0,0.0,0,3,5,2,4,2,66.67,0,8,4,50.0,2,8,3,1,16,53.33,10,127,72,198,53.4,8,0,244,3,2,0,Ander Herrera,Athletic Club,82474,2825
3,0,0.0,56,3,75.0,95,54,149,68.98,32,50.0,32,23,0,0,0,0,19,1,6,7,0,9,23,0,0,30,3,114,0,0,0.51,3.62,37,0,20.0,0,5,5,15,12,3,5,0,,45,35.43,1,0,1,67,2,7,1,11,1049,18,,0,0,0,0,0.0,0,0,0,0,176,4,0,6.67,0,3,0,0,0,0,0,0,209.8,0.0,0,20,5,11,7,16,50.0,0,12,6,50.0,7,7,32,2,77,40.31,4,150,68,216,153.4,25,1,449,17,5,0,Umar Sadiq,Valencia,754710,2828
4,2,16.67,42,10,37.04,93,95,186,70.99,11,68.75,5,13,0,0,0,0,56,1,0,1,0,26,13,0,0,12,22,67,0,0,0.37,0.28,14,0,0.0,0,0,0,23,20,3,0,0,,64,50.79,0,0,0,76,10,6,0,10,874,0,,0,0,0,0,0.0,0,0,0,0,157,3,0,6.67,0,0,0,0,0,0,0,0,0.0,0.0,0,3,1,2,1,19,55.88,0,28,21,75.0,6,15,34,12,75,52.82,27,157,117,262,86.7,4,0,559,17,2,0,Adam Aznou,Real Valladolid,1466124,2831
12,1,12.5,62,16,34.04,175,263,437,84.04,10,40.0,15,19,0,0,0,0,52,0,0,0,4,32,19,0,0,4,8,53,0,0,0.17,0.07,19,0,0.0,0,0,0,12,9,3,0,0,,40,51.28,0,0,0,83,16,2,0,10,950,1,,0,0,0,1,0.0,0,0,0,0,118,3,0,6.67,0,0,0,0,0,0,0,0,0.0,0.0,0,1,0,0,1,4,30.77,0,18,11,61.11,2,29,13,8,50,48.54,47,225,303,520,126.7,1,0,750,18,4,0,Reinildo Mandava,Atlético Madrid,831424,2836
19,13,18.31,205,15,22.39,410,331,728,83.11,9,33.33,18,28,2,0,0,0,95,4,0,7,2,61,28,0,1,14,25,99,1,0,1.35,0.55,26,0,10.0,0,2,4,31,29,2,1,1,,91,52.91,0,0,0,148,22,16,1,22,2006,5,,0,0,0,1,0.0,0,0,0,0,302,6,0,6.67,1,1,0,0,0,0,0,0,1003.0,0.0,0,10,10,8,5,11,37.93,0,36,22,61.11,16,57,29,71,100,50.25,67,556,391,876,186.7,20,1,1494,44,7,0,Romain Perraud,Real Betis,827519,2816
1,0,0.0,17,2,50.0,43,17,60,83.33,1,100.0,0,14,1,0,0,0,19,1,0,1,0,2,12,0,0,11,2,23,0,0,0.12,0.62,1,0,25.0,0,1,2,7,3,4,1,0,,25,52.08,0,0,0,12,4,6,0,3,290,0,,0,0,0,0,0.0,0,0,0,0,46,3,0,6.67,0,1,0,0,0,0,0,0,290.0,0.0,0,2,2,1,2,9,50.0,0,9,5,55.56,6,3,18,0,26,53.06,4,54,18,72,80.0,4,0,156,7,0,0,Stanis Idumbo Muzambo,Sevilla,1149152,2833
47,0,0.0,71,62,37.13,303,833,1136,86.0,26,35.14,48,30,0,0,0,0,68,0,1,2,3,102,30,0,0,1,7,83,0,2,0.21,0.53,27,0,0.0,41,0,0,45,43,2,0,0,,60,63.16,0,0,0,185,13,3,0,30,2468,1,,2,0,0,1,0.0,0,0,0,0,207,0,0,6.67,0,0,0,0,0,0,0,0,0.0,0.0,0,5,1,1,3,0,0.0,0,40,23,57.5,3,119,2,1,86,50.89,167,435,887,1321,200.0,6,0,1645,21,12,0,Alex Suárez,UD Las Palmas,914848,6577
1,1,10.0,108,11,68.75,186,93,278,82.01,9,25.71,26,26,1,0,0,0,41,2,2,9,0,4,26,0,0,26,10,95,0,0,0.94,2.49,22,0,5.26,0,1,2,17,14,3,1,0,,52,42.98,1,0,0,61,8,12,0,14,1164,2,,0,0,0,1,0.0,0,0,0,0,134,6,0,6.67,0,0,0,0,0,0,0,0,1164.0,0.0,0,13,6,6,4,11,47.83,0,16,5,31.25,12,8,23,10,61,39.1,16,245,104,339,173.3,19,0,545,26,1,0,Peque Fernández,Sevilla,997033,2833
0,0,0.0,40,0,0.0,61,23,84,68.29,12,30.0,28,25,2,0,0,0,25,2,5,2,0,5,25,0,0,11,4,67,0,0,0.76,3.18,23,0,8.33,0,2,4,7,6,1,2,0,,14,26.42,2,0,2,39,0,9,0,6,710,12,,0,0,0,0,0.0,0,0,0,1,88,8,0,6.66,0,0,0,0,0,0,0,0,355.0,0.0,0,20,4,11,11,1,16.67,0,6,4,66.67,9,1,6,2,26,27.96,2,100,25,123,166.6,24,0,245,7,4,0,Cédric Bakambu,Real Betis,115665,2816
8,0,0.0,42,12,85.71,75,62,137,66.83,48,52.17,44,22,2,0,0,0,44,3,5,5,0,10,22,0,0,23,8,103,0,0,0.29,2.69,12,0,4.55,0,1,3,32,28,4,1,0,,54,47.79,0,0,0,68,3,10,0,14,1208,5,,0,1,0,0,0.0,0,0,0,0,158,6,0,6.66,0,1,0,0,0,0,0,0,1208.0,0.0,0,18,4,15,2,17,48.57,0,10,6,60.0,9,12,35,1,102,49.76,14,132,74,205,146.5,22,0,438,28,5,0,Marcos André,Real Valladolid,880157,2831
11,3,12.5,38,7,46.67,66,44,107,79.26,0,0.0,3,7,0,0,0,0,16,0,0,2,0,2,7,0,0,4,3,23,0,0,0.31,0.28,7,0,0.0,0,0,0,4,4,0,0,0,,23,53.49,0,0,0,28,2,6,0,3,294,0,,0,0,0,0,0.0,0,0,0,0,71,1,0,6.66,0,0,0,0,0,0,0,0,0.0,0.0,2,0,7,5,0,3,25.0,0,15,9,60.0,6,24,12,24,23,50.0,15,110,49,135,46.6,7,0,254,5,0,0,Valentín Barco,Sevilla,1127057,2833
13,7,21.21,98,29,40.28,198,169,360,76.27,7,29.17,17,33,0,0,0,0,77,0,1,6,1,30,32,0,0,7,22,76,0,1,0.96,1.08,24,0,0.0,0,0,0,14,11,3,0,0,,52,46.85,0,0,0,112,18,5,0,12,1401,4,,0,0,0,0,0.0,0,0,0,0,187,5,0,6.66,0,0,0,0,0,0,0,0,0.0,0.0,0,9,8,9,2,14,63.64,0,28,16,57.14,5,30,22,33,59,43.7,72,302,203,472,213.0,17,0,767,11,3,0,Antonio Sánchez,Mallorca,949722,2826
9,3,21.43,30,9,42.86,58,36,91,62.76,11,57.89,8,20,0,0,0,0,25,0,1,3,0,4,18,0,0,6,16,39,0,0,0.32,1.47,5,0,27.27,0,3,3,7,6,1,3,0,,20,39.22,0,0,0,54,3,5,2,1,459,2,,0,0,0,0,0.0,0,0,0,0,96,1,0,6.66,0,1,0,0,0,0,0,0,153.0,0.0,1,8,3,3,5,2,33.33,0,6,2,33.33,5,23,6,14,31,44.29,21,110,49,145,119.8,11,0,261,12,3,0,Pere Milla,Espanyol,175185,2814
8,2,18.18,117,9,26.47,206,171,375,77.0,20,32.79,41,30,2,0,0,0,61,0,3,4,1,33,30,0,0,9,8,97,0,0,0.55,1.75,38,0,8.33,0,1,3,29,27,2,1,0,,41,42.27,0,0,1,112,16,9,0,15,1620,4,,0,0,0,0,0.0,0,0,0,1,154,4,0,6.65,0,1,0,0,0,0,0,0,1620.0,0.0,0,11,1,5,3,2,28.57,0,26,11,42.31,9,19,7,11,61,38.61,34,299,199,487,199.6,12,0,699,13,4,0,Darko Brašanac,Leganés,94539,2845
5,4,28.57,27,5,71.43,57,27,80,71.43,11,35.48,20,17,0,0,0,0,28,1,0,6,0,3,17,0,0,13,2,69,0,0,0.63,0.83,19,0,6.67,0,1,1,6,5,1,1,0,,35,41.67,1,0,0,32,1,4,0,7,657,5,,0,0,0,0,0.0,0,0,0,0,109,5,0,6.65,0,0,0,0,0,0,0,0,657.0,0.0,0,9,6,6,3,14,45.16,0,8,5,62.5,4,5,31,14,46,40.0,7,95,31,112,113.1,15,0,270,14,2,0,Álvaro Djaló,Athletic Club,1160960,2825
3,1,33.33,26,1,100.0,46,40,85,90.43,1,20.0,4,18,0,0,0,0,19,0,1,0,0,1,16,0,0,3,2,17,0,0,0.1,0.84,3,0,66.67,0,2,2,5,4,1,2,0,,10,43.48,0,0,0,9,0,1,1,1,333,1,,0,0,0,0,0.0,0,0,0,0,24,2,0,6.65,0,1,0,0,0,0,0,0,166.5,0.0,0,3,0,0,3,1,16.67,0,8,7,87.5,1,3,6,3,11,39.29,1,55,42,94,106.4,3,0,141,1,1,0,Valery Fernández,Mallorca,962378,2826
1,0,0.0,18,3,75.0,31,36,67,91.78,0,0.0,1,9,0,0,0,0,6,0,0,0,0,2,8,0,0,2,1,7,0,0,0.06,0.15,2,0,25.0,0,1,1,3,3,0,0,1,,8,57.14,0,0,0,6,0,0,1,1,144,0,,0,0,0,0,0.0,0,0,0,0,12,1,0,6.65,0,0,0,0,0,0,0,0,144.0,0.0,0,0,4,3,1,1,50.0,0,4,3,75.0,0,1,2,1,8,53.33,4,37,37,73,53.2,4,0,97,3,0,0,Manu Bueno,Sevilla,1142094,2833
7,0,0.0,30,20,50.0,110,282,392,92.45,3,33.33,6,8,1,0,0,0,22,0,0,0,0,30,8,0,0,1,2,26,0,0,0.05,,16,0,0.0,0,0,1,14,13,1,0,0,,24,54.55,0,0,0,32,4,1,0,7,583,0,,0,0,0,1,0.0,0,0,0,0,39,1,0,6.65,0,0,0,0,0,0,0,0,0.0,0.0,0,0,0,0,0,3,75.0,0,12,8,66.67,1,14,4,0,27,50.94,40,132,292,424,53.2,0,0,502,9,2,0,Yoel Lago,Celta Vigo,1145100,2821
0,0,0.0,6,18,36.73,17,2,19,38.0,1,100.0,0,2,0,0,0,0,15,0,0,0,0,3,2,0,0,0,1,1,0,1,0.0,,0,0,0.0,24,0,0,2,2,0,0,0,-0.49,2,66.67,0,0,0,31,0,0,0,1,121,0,,0,0,0,0,0.0,1,0,0,0,31,0,0,6.65,0,0,0,4,0,4,0,0,0.0,0.0,0,0,0,0,0,0,0.0,0,0,0,0.0,0,1,0,0,3,75.0,49,46,4,50,13.3,0,0,62,3,1,0,Adrián Rodríguez,Deportivo Alavés,965822,2885
5,0,0.0,5,10,32.26,40,271,311,89.11,11,33.33,22,12,0,0,0,0,16,0,0,1,0,38,12,0,0,0,1,29,0,0,0.02,0.29,6,0,0.0,2,0,0,13,12,1,0,0,,9,56.25,0,0,0,38,7,0,0,6,671,0,,0,0,0,0,0.0,0,0,0,0,40,0,0,6.65,0,0,0,0,0,0,0,0,0.0,0.0,0,2,0,0,1,0,0.0,0,8,5,62.5,0,16,0,1,20,40.82,31,67,283,349,79.8,2,0,423,1,1,0,Sergi Gómez,Espanyol,125625,2814
4,1,50.0,10,3,75.0,25,33,57,90.48,2,66.67,1,2,0,0,0,0,5,0,0,0,0,3,2,0,0,2,0,6,0,0,0.11,0.03,2,0,0.0,0,0,0,2,2,0,0,0,,2,28.57,0,0,0,6,2,1,0,1,101,0,,0,0,0,0,0.0,0,0,0,0,11,1,0,6.65,0,0,0,0,0,0,0,0,0.0,0.0,0,1,0,1,0,1,50.0,0,1,1,100.0,1,7,2,2,4,40.0,4,31,34,63,13.3,1,0,87,0,0,0,Siebe Van der Heyden,Mallorca,842164,2826
1,0,0.0,1,1,6.67,5,44,49,73.13,6,42.86,8,2,0,0,0,0,4,0,0,1,0,8,2,0,0,0,0,8,0,0,0.0,0.02,0,0,0.0,0,0,0,2,2,0,0,0,,1,100.0,0,0,0,18,3,0,0,2,178,0,,0,0,0,0,0.0,0,0,0,0,19,0,0,6.65,0,0,0,0,0,0,0,0,0.0,0.0,0,1,0,0,0,0,0.0,0,1,1,100.0,0,5,0,0,7,46.67,15,17,50,67,13.3,1,0,86,0,0,0,Aritz Arambarri,Leganés,992397,2845
24,0,0.0,63,23,54.76,169,296,465,90.47,9,39.13,14,17,0,0,0,0,46,0,0,0,0,34,16,0,0,4,20,50,0,0,0.17,0.01,10,0,0.0,0,0,0,16,11,5,0,0,,34,48.57,0,0,0,49,4,1,0,8,917,0,,0,0,0,0,0.0,0,0,0,0,72,2,0,6.65,0,0,0,0,0,0,0,0,0.0,0.0,0,0,1,1,0,3,42.86,0,23,17,73.91,1,38,7,2,43,46.24,42,195,321,514,106.4,1,0,693,8,1,0,Pau Navarro,Villarreal,1525863,2819
31,1,9.09,111,34,56.67,249,426,674,85.75,31,47.69,34,30,1,0,0,0,83,3,2,8,1,46,30,0,2,22,28,149,1,6,1.24,1.76,50,0,0.0,0,0,1,48,44,4,0,0,,125,52.08,0,0,0,112,21,12,0,20,1761,1,,0,0,0,1,0.0,0,0,0,0,201,3,0,6.64,3,0,0,0,0,0,0,0,0.0,0.0,0,12,16,7,13,19,55.88,0,62,32,51.61,12,50,34,11,156,51.15,60,327,470,786,199.3,28,0,1187,44,6,1,Mario Martín,Real Valladolid,1154549,2831
4,2,33.33,25,3,17.65,50,24,72,66.67,4,40.0,6,7,0,0,0,0,12,1,0,0,0,6,7,0,0,2,5,17,0,0,0.25,,4,0,0.0,0,0,0,6,6,0,0,0,,10,47.62,0,0,0,36,8,5,0,4,278,0,,0,0,0,0,0.0,0,0,0,0,47,1,0,6.64,0,0,0,0,0,0,0,0,0.0,0.0,0,0,0,0,0,1,50.0,0,8,3,37.5,5,12,2,6,14,45.16,17,83,31,108,46.5,0,0,169,1,1,0,Franco Cervi,Celta Vigo,557008,2821
3,1,100.0,20,1,100.0,34,42,75,71.43,15,39.47,23,20,1,0,0,0,15,0,7,2,0,6,19,0,0,19,3,61,0,0,0.22,4.4,10,0,17.65,0,3,4,13,12,1,3,0,,39,50.65,1,0,1,30,3,3,0,6,692,9,,0,0,0,0,0.0,0,0,0,0,80,2,0,6.64,0,2,0,0,0,0,0,0,230.67,0.0,0,15,2,6,9,4,36.36,0,9,4,44.44,3,4,11,1,54,46.96,1,63,43,105,126.2,17,0,242,27,2,0,Anastasios Douvikas,Celta Vigo,894863,2821
5,3,13.04,73,7,30.43,144,104,245,77.04,12,48.0,13,19,0,0,0,0,42,2,0,2,2,26,17,0,0,8,9,64,0,0,0.59,0.16,17,0,0.0,1,0,0,16,13,3,0,0,,48,48.48,0,0,0,73,10,3,0,10,927,1,,0,0,0,0,0.0,0,0,0,0,143,1,0,6.64,0,0,0,0,0,0,0,0,0.0,0.0,0,3,2,2,1,14,45.16,0,23,18,78.26,3,15,31,23,60,48.39,23,208,133,318,112.9,5,0,627,11,3,0,Jesús Vázquez,Valencia,996929,2828
22,0,0.0,72,49,49.0,274,478,752,86.34,29,52.73,26,22,0,0,0,0,53,0,1,1,1,93,22,0,1,6,8,68,0,0,0.37,0.43,25,0,0.0,2,0,0,23,21,2,0,0,,41,49.4,0,0,0,119,11,4,0,16,1463,1,,0,0,0,0,0.0,0,0,0,0,156,0,0,6.64,1,0,0,0,0,0,0,0,0.0,0.0,0,4,0,3,0,3,42.86,0,20,11,55.0,4,60,7,4,70,50.72,100,372,503,871,146.1,4,1,1124,18,2,0,Aritz Elustondo,Real Sociedad,785468,2824
3,0,0.0,32,13,76.47,94,190,284,91.61,15,62.5,9,13,0,0,0,0,34,0,0,0,0,16,13,0,0,9,5,42,0,1,0.09,0.07,18,0,0.0,0,0,0,25,23,2,0,0,,31,48.44,0,0,0,26,11,2,0,9,855,0,,0,0,0,0,0.0,0,0,0,0,43,0,0,6.64,0,0,0,0,0,0,0,0,0.0,0.0,0,1,1,1,1,5,83.33,0,17,8,47.06,2,6,6,1,46,52.27,17,109,202,310,86.3,2,0,424,9,2,0,Tamás Nikitscher,Real Valladolid,1393242,2831
7,0,0.0,80,8,66.67,143,94,237,89.43,9,32.14,19,23,0,0,0,1,21,0,6,7,1,7,22,0,0,18,3,57,0,0,0.73,4.79,7,0,17.39,0,4,4,21,17,4,4,0,,26,40.63,1,0,1,28,5,8,0,17,1357,5,,0,0,2,0,50.0,0,1,0,0,95,4,0,6.64,0,3,0,0,0,0,0,0,339.25,0.0,0,21,2,7,9,7,41.18,0,6,2,33.33,8,10,17,4,35,38.04,12,171,98,265,146.0,23,0,428,13,3,0,Abel Ruíz,Girona FC,826013,24264
3,6,27.27,65,1,16.67,130,86,210,76.64,16,50.0,16,24,2,0,0,0,39,1,1,4,0,15,23,0,0,17,6,64,0,0,0.86,0.46,11,0,0.0,0,0,2,15,13,2,0,0,,51,51.52,0,0,0,64,3,11,0,10,945,2,,0,0,0,0,0.0,0,0,0,0,139,3,0,6.63,0,0,0,0,0,0,0,0,0.0,0.0,0,2,4,1,1,15,48.39,0,28,20,71.43,11,9,31,22,67,51.15,6,193,103,274,152.6,6,0,491,8,0,0,Juan Bernat,Getafe,96368,2859
2,0,0.0,22,3,100.0,44,13,57,80.28,6,60.0,4,22,0,0,0,0,7,1,5,5,0,1,18,0,0,3,2,25,0,0,0.18,2.45,10,0,4.17,0,1,1,5,4,1,1,0,,14,40.0,0,0,1,14,4,4,0,3,404,2,,0,0,0,0,0.0,0,0,0,1,38,1,0,6.63,0,1,0,0,0,0,0,0,404.0,0.0,0,17,7,12,7,4,40.0,0,1,1,100.0,4,2,10,2,20,44.44,3,58,15,71,119.4,24,0,144,9,1,0,Endrick,Real Madrid,1174937,2829
1,2,12.5,20,7,38.89,55,66,119,73.01,5,50.0,5,12,0,0,0,0,29,0,0,0,1,10,12,0,0,2,4,26,0,0,0.13,0.3,8,0,33.33,0,1,1,10,10,0,1,0,,32,60.38,0,0,0,44,5,2,1,7,630,0,,0,0,0,0,0.0,0,0,0,0,100,2,0,6.63,0,0,0,0,0,0,0,0,630.0,0.0,0,2,1,2,1,9,56.25,0,17,9,52.94,2,7,16,16,37,58.73,18,101,78,163,79.6,3,0,329,6,1,0,Enric Franquesa,Leganés,885259,2845
3,0,0.0,15,3,100.0,27,17,44,65.67,22,64.71,12,16,1,0,0,0,7,1,3,2,0,7,13,0,0,5,1,38,0,0,0.34,1.58,11,0,11.11,0,1,2,10,10,0,1,0,,11,29.73,0,0,0,23,1,1,1,2,340,2,,0,0,1,0,100.0,0,1,0,0,48,1,0,6.63,0,0,0,0,0,0,0,0,340.0,0.0,0,9,0,5,2,2,18.18,0,2,2,100.0,1,3,11,2,33,46.48,3,49,20,67,86.2,9,0,130,7,2,0,Asier Villalibre,Deportivo Alavés,355072,2885
7,14,45.16,59,3,23.08,147,57,190,67.14,23,51.11,22,22,0,0,0,0,45,0,4,5,0,10,20,0,0,9,18,80,0,0,0.78,2.39,28,0,4.55,0,1,1,16,13,3,1,0,,32,35.56,1,0,0,93,6,7,0,9,851,5,,0,0,0,0,0.0,0,0,0,0,167,5,0,6.63,0,0,0,0,0,0,0,0,851.0,0.0,2,13,9,7,10,6,46.15,0,15,12,80.0,7,19,13,31,55,40.74,13,239,75,283,132.6,22,0,486,11,8,0,Tomás Conechny,Deportivo Alavés,822607,2885
2,2,50.0,10,1,50.0,23,11,32,71.11,8,50.0,8,10,0,0,0,0,8,0,1,3,0,2,10,0,0,3,3,19,0,0,0.27,0.68,5,0,0.0,0,0,0,2,2,0,0,0,,6,35.29,0,0,0,13,0,5,0,3,305,0,,0,0,0,0,0.0,0,0,0,0,30,1,0,6.63,0,0,0,0,0,0,0,0,0.0,0.0,0,6,2,3,2,1,50.0,0,4,4,100.0,5,4,2,4,14,42.42,2,37,12,45,66.3,8,0,88,1,0,0,Marc Domenech,Mallorca,1914318,2826
2,0,0.0,30,5,62.5,59,61,120,64.86,52,47.27,58,27,0,0,0,0,20,1,5,0,0,21,25,0,0,12,6,94,0,1,0.1,2.3,20,0,5.26,0,1,1,22,20,2,1,0,,34,48.57,0,0,0,65,4,3,0,10,1131,5,,0,0,0,0,0.0,0,0,0,1,114,3,0,6.63,0,1,0,0,0,0,0,0,1131.0,0.0,0,19,0,13,6,1,25.0,0,1,1,100.0,3,2,4,0,86,47.78,8,114,71,185,165.7,19,0,362,33,3,0,Alejo Véliz,Espanyol,1116987,2814
11,2,28.57,66,17,54.84,127,111,236,80.0,11,47.83,12,23,1,0,0,0,28,1,1,4,0,11,22,0,0,4,6,36,0,1,0.71,0.43,12,0,0.0,0,0,1,12,10,2,0,0,,20,45.45,0,0,0,59,4,6,0,4,618,0,,0,0,0,0,0.0,0,0,0,0,76,3,0,6.63,0,0,0,0,0,0,0,0,0.0,0.0,0,4,7,7,0,2,50.0,0,5,2,40.0,6,24,4,7,31,46.27,31,175,127,295,145.8,11,0,385,14,2,0,Iker Muñoz,Osasuna,1119586,2820
19,2,18.18,103,20,40.0,214,214,426,82.4,9,47.37,10,25,0,0,0,0,46,0,0,0,2,62,24,0,0,3,9,40,0,0,0.21,0.13,16,0,0.0,0,0,0,20,17,3,0,0,,29,49.15,0,0,0,91,9,2,0,19,1514,2,,0,0,0,1,0.0,0,0,0,0,165,1,0,6.63,0,0,0,0,0,0,0,0,0.0,0.0,0,2,2,4,0,1,33.33,0,26,14,53.85,2,42,3,11,38,48.72,50,282,246,517,159.0,4,0,838,2,4,0,Juan Cruz,Osasuna,814360,2820
3,11,21.15,80,22,61.11,160,153,302,78.85,10,37.04,17,23,0,0,0,0,53,2,0,2,0,24,23,0,0,8,15,73,0,0,1.17,0.25,20,0,0.0,0,0,0,18,16,2,0,0,,44,44.0,0,0,0,81,15,6,0,9,1029,0,,0,0,0,1,0.0,0,0,0,0,182,6,0,6.62,0,0,0,0,0,0,0,0,0.0,0.0,0,4,1,3,0,2,12.5,0,25,13,52.0,6,14,16,52,54,42.52,36,262,173,383,152.3,5,0,697,17,4,0,Marvin Park,UD Las Palmas,960401,6577
7,0,0.0,44,6,85.71,98,60,158,78.61,12,57.14,9,24,0,0,0,0,37,1,8,1,1,5,24,0,0,12,15,65,0,0,0.29,3.62,25,0,0.0,0,0,0,11,11,0,0,0,,46,45.1,0,0,0,43,3,8,0,10,961,7,,0,0,0,0,0.0,0,0,0,0,99,5,0,6.62,0,0,0,0,0,0,0,0,0.0,0.0,0,16,3,10,8,8,47.06,0,21,15,71.43,8,11,17,1,58,47.15,7,129,73,201,158.9,19,0,372,17,4,0,Juanmi,Getafe,96369,2859
3,0,0.0,9,0,0.0,18,22,40,67.8,3,75.0,1,5,0,0,0,0,8,0,0,0,0,1,5,0,0,1,2,10,0,0,0.04,,5,0,0.0,0,0,0,2,2,0,0,0,,12,57.14,0,0,0,19,4,1,0,3,217,0,,0,0,0,0,0.0,0,0,0,0,28,0,0,6.62,0,0,0,0,0,0,0,0,0.0,0.0,0,0,0,0,0,1,33.33,0,9,3,33.33,1,4,3,1,15,60.0,5,35,25,59,33.1,0,0,101,2,0,0,Justin Smith,Espanyol,1110904,2814
5,3,33.33,83,3,25.0,136,67,200,76.92,5,31.25,11,22,0,0,0,0,27,2,3,2,0,9,21,0,0,8,9,39,0,0,0.8,1.53,4,0,12.5,0,1,1,15,14,1,1,0,,19,40.43,0,0,0,60,4,11,0,7,718,0,,0,0,0,0,0.0,0,0,0,0,99,5,0,6.62,0,1,0,0,0,0,0,0,718.0,0.0,0,6,2,3,3,4,36.36,0,13,10,76.92,11,10,11,9,24,38.1,12,191,78,260,139.0,8,0,361,2,2,0,Iker Losada,Celta Vigo,992331,2821
6,0,0.0,11,49,43.75,39,48,87,58.0,1,100.0,0,6,0,0,0,0,29,0,0,0,0,3,6,0,0,0,0,1,0,0,0.01,,1,0,0.0,36,0,0,7,4,3,0,0,-0.98,3,75.0,0,4,0,63,0,0,0,5,486,0,,0,0,0,1,0.0,1,0,0,0,64,0,1,6.62,0,0,1,4,3,7,0,3,0.0,0.0,0,0,0,0,0,1,100.0,1,1,1,100.0,0,10,1,0,4,80.0,112,97,53,150,39.7,0,0,184,2,0,0,Jesús Owono,Deportivo Alavés,990659,2885
5,2,28.57,33,5,62.5,54,28,80,80.0,1,14.29,6,13,1,0,0,0,13,1,0,0,0,3,13,0,0,4,7,29,0,0,0.53,0.36,4,0,0.0,0,0,1,6,6,0,0,0,,16,41.03,0,0,1,20,2,6,0,5,392,2,,0,0,0,0,0.0,0,0,0,0,49,2,0,6.62,0,0,0,0,0,0,0,0,0.0,0.0,0,5,0,4,1,7,43.75,0,2,0,0.0,6,8,16,7,17,36.96,8,74,33,100,86.0,5,0,181,7,0,0,Amath Ndiaye,Real Valladolid,845168,2831
4,1,20.0,44,4,57.14,81,39,119,65.03,43,33.59,85,28,0,0,0,0,25,0,7,7,0,10,27,0,0,12,6,128,0,0,0.23,3.97,22,0,10.34,0,3,3,23,19,4,3,0,,28,39.44,0,0,1,64,2,6,1,13,1218,7,,0,0,0,0,0.0,0,0,0,1,136,7,0,6.61,0,2,0,0,0,0,0,0,406.0,0.0,0,25,4,13,9,4,40.0,0,1,1,100.0,6,10,10,5,71,35.68,7,144,44,183,178.6,29,0,362,23,2,0,Diego García,Leganés,1121475,2845
3,0,0.0,16,3,75.0,39,20,59,67.05,18,35.29,33,24,0,0,0,0,13,0,4,2,0,6,22,0,0,12,1,54,0,0,0.12,2.27,6,0,14.29,0,2,2,6,3,3,2,0,,22,51.16,1,0,0,29,1,3,1,3,465,2,,0,0,1,0,100.0,0,1,0,1,59,3,0,6.61,0,0,0,0,0,0,0,0,232.5,0.0,0,13,1,6,6,1,33.33,0,2,1,50.0,3,5,3,0,40,42.55,4,62,26,88,145.5,14,0,176,19,4,0,Abdón Prats,Mallorca,146852,2826
1,0,0.0,16,1,100.0,29,25,54,60.0,26,60.47,17,8,0,0,0,0,10,0,0,1,0,7,8,0,0,6,1,30,0,0,0.19,0.39,4,0,0.0,0,0,0,9,9,0,0,0,,8,38.1,0,0,0,36,0,1,0,5,405,7,,0,0,0,0,0.0,0,0,0,0,62,2,0,6.61,0,0,0,0,0,0,0,0,0.0,0.0,0,4,0,2,1,1,33.33,0,2,0,0.0,1,2,3,0,34,53.13,1,60,30,90,52.9,4,0,141,5,0,0,Sébastien Haller,Leganés,149731,2845
23,0,0.0,15,37,45.68,97,413,510,88.39,16,47.06,18,19,0,0,0,0,30,0,0,1,1,53,19,0,1,5,2,30,1,0,0.09,0.32,5,0,0.0,15,0,0,15,13,2,0,0,,22,64.71,0,0,0,67,10,1,0,12,1114,0,,0,0,0,0,0.0,0,0,0,0,87,0,0,6.61,1,0,0,0,0,0,0,0,0.0,0.0,0,4,0,2,1,5,100.0,0,17,12,70.59,1,39,5,0,38,55.88,81,139,438,577,125.6,4,0,726,0,1,0,Willy Kambwala,Villarreal,1136721,2819
15,4,33.33,65,17,58.62,114,76,186,80.17,3,75.0,1,16,1,0,0,0,37,2,1,5,0,5,14,0,0,4,6,17,1,0,0.41,0.58,5,0,0.0,0,0,1,7,6,1,0,0,,18,52.94,0,0,0,46,4,4,0,4,463,0,,0,0,0,0,0.0,0,0,0,0,70,3,0,6.61,0,0,0,0,0,0,0,0,0.0,0.0,1,2,8,4,1,5,71.43,0,5,2,40.0,4,26,7,12,21,55.26,29,151,93,232,92.5,10,0,319,8,3,0,Álvaro Aguado,Espanyol,916136,2814
2,9,37.5,27,6,50.0,57,55,103,74.64,2,16.67,10,18,0,0,0,0,20,3,2,2,0,4,17,0,0,5,7,30,0,0,1.48,2.06,3,0,12.5,0,2,2,30,28,2,2,0,,22,52.38,0,0,1,35,0,8,1,9,731,4,,0,0,0,0,0.0,0,0,0,0,76,4,0,6.61,0,1,0,0,0,0,0,0,365.5,0.0,0,9,7,7,7,4,44.44,0,8,2,25.0,8,4,9,24,24,44.44,12,93,69,138,112.3,16,0,250,10,1,0,Chuki,Real Valladolid,1137584,2831
5,3,11.11,63,8,66.67,115,48,160,81.63,5,41.67,7,26,0,0,0,0,27,4,0,1,0,2,25,0,0,14,6,47,0,0,1.55,0.31,6,0,0.0,0,0,0,9,9,0,0,0,,37,48.05,0,0,0,36,3,7,0,4,604,0,,0,0,0,0,0.0,0,0,0,0,108,1,0,6.6,0,0,0,0,0,0,0,0,0.0,0.0,0,4,2,4,1,8,36.36,0,17,12,70.59,7,7,22,27,42,47.19,12,165,58,196,165.1,6,0,356,12,1,0,Fran Pérez,Valencia,966637,2828
4,3,42.86,43,4,36.36,85,59,141,73.44,12,35.29,22,20,2,0,0,0,18,2,4,6,0,9,20,0,0,8,6,58,0,0,0.49,2.98,13,0,3.7,0,1,3,9,7,2,1,0,,21,36.84,0,0,1,51,5,4,0,5,743,5,,0,0,0,0,0.0,0,0,0,0,87,2,0,6.6,0,1,0,0,0,0,0,0,743.0,0.0,0,17,10,13,8,2,15.38,0,12,6,50.0,4,9,13,7,33,36.26,11,125,74,192,132.0,27,0,315,7,3,0,Rafa Mir,Valencia,825754,2828
0,0,0.0,11,1,100.0,15,4,19,95.0,1,100.0,0,3,1,0,0,0,1,1,1,0,0,0,3,0,0,3,0,3,0,0,0.6,0.49,0,0,0.0,0,0,1,0,0,0,0,0,,0,0.0,0,0,0,1,0,1,0,0,53,0,,0,0,0,0,0.0,0,0,0,0,4,1,0,6.6,0,0,0,0,0,0,0,0,0.0,0.0,0,1,0,1,0,0,0.0,0,0,0,0.0,1,0,0,0,1,25.0,1,16,4,20,19.8,1,0,26,0,0,0,Gonzalo García,Real Madrid,1402716,2829
1,0,0.0,6,0,0.0,16,15,31,79.49,1,50.0,1,2,1,0,0,0,2,0,0,1,0,2,2,0,0,0,2,5,0,0,0.03,0.02,2,0,0.0,0,0,1,1,1,0,0,0,,1,20.0,0,0,0,8,2,1,0,0,63,0,,0,0,0,0,0.0,0,0,0,0,11,0,0,6.6,0,0,0,0,0,0,0,0,0.0,0.0,0,0,1,0,0,1,100.0,0,0,0,0.0,1,1,1,2,2,28.57,2,21,20,39,13.2,1,0,50,0,0,0,Mario Maroto,Real Valladolid,1086415,2831
0,0,0.0,1,0,0.0,1,0,1,50.0,0,0.0,0,1,0,0,0,0,0,0,0,0,0,0,1,0,0,0,2,3,0,0,0.0,,1,0,0.0,0,0,0,0,0,0,0,0,,0,0.0,0,0,0,1,0,0,0,0,12,0,,0,0,0,0,0.0,0,0,0,0,1,0,0,6.6,0,0,0,0,0,0,0,0,0.0,0.0,0,0,0,0,0,0,0.0,0,0,0,0.0,0,0,0,0,0,0.0,0,1,1,2,6.6,0,0,3,0,0,0,Arnau Solà,Villarreal,997025,2819
1,0,0.0,3,0,0.0,12,15,27,75.0,0,0.0,0,1,0,0,0,0,1,0,0,0,0,2,1,0,0,0,0,0,0,0,0.0,,0,0,0.0,0,0,0,0,0,0,0,0,,1,100.0,0,0,0,9,0,1,0,1,72,0,,0,0,0,0,0.0,0,0,0,0,10,0,0,6.6,0,0,0,0,0,0,0,0,0.0,0.0,0,0,0,0,0,0,0.0,0,0,0,0.0,1,7,0,1,1,100.0,5,18,19,36,6.6,0,0,41,1,0,0,Iago Parente,Real Valladolid,1493486,2831
0,0,0.0,0,0,0.0,0,1,1,100.0,0,0.0,1,1,0,0,0,0,0,0,0,0,0,0,1,0,0,0,0,1,0,0,0.0,,0,0,0.0,0,0,0,0,0,0,0,0,,1,100.0,0,0,0,0,0,0,0,0,17,1,,0,0,0,0,0.0,0,0,0,0,0,0,0,6.6,0,0,0,0,0,0,0,0,0.0,0.0,0,0,0,0,0,0,0.0,0,0,0,0.0,0,0,0,0,1,50.0,0,0,1,1,6.6,0,0,3,1,0,0,Isra Dominguez,Sevilla,1487790,2833
0,0,0.0,2,0,0.0,3,0,3,60.0,0,0.0,0,1,0,0,0,0,0,0,0,0,0,0,1,0,0,0,0,0,0,0,0.0,,0,0,0.0,0,0,0,0,0,0,0,0,,0,0.0,0,0,0,2,0,0,0,0,15,0,,0,0,0,0,0.0,0,0,0,0,2,0,0,6.6,0,0,0,0,0,0,0,0,0.0,0.0,0,0,0,0,0,0,0.0,0,0,0,0.0,0,0,0,0,0,0.0,1,5,0,5,6.6,0,0,7,0,0,0,David Arguelles,Getafe,1014085,2859
0,1,100.0,1,0,0.0,4,5,8,80.0,1,100.0,0,2,0,0,0,0,1,0,0,0,0,1,2,0,0,0,0,0,0,0,0.03,,0,0,0.0,0,0,0,0,0,0,0,0,,0,0.0,0,0,0,2,0,1,0,0,19,0,,0,0,0,0,0.0,0,0,0,0,2,0,0,6.6,0,0,0,0,0,0,0,0,0.0,0.0,0,0,0,0,0,0,0.0,0,0,0,0.0,1,1,0,1,1,100.0,0,4,7,10,13.2,0,0,12,0,0,0,Iker Cordoba,Valencia,1563953,2828
0,3,30.0,8,0,0.0,25,9,31,79.49,2,33.33,4,6,0,1,0,0,9,0,1,1,0,0,6,0,0,7,1,15,0,0,0.43,0.81,3,0,0.0,0,0,0,5,5,0,0,0,,8,42.11,0,0,0,8,1,4,0,2,197,1,,0,0,1,0,0.0,0,0,0,1,28,2,0,6.6,0,0,0,0,0,0,0,0,0.0,0.0,0,1,1,1,0,1,50.0,0,4,4,100.0,4,0,2,10,10,40.0,0,39,10,39,39.6,2,0,78,3,0,0,Luka Romero,Deportivo Alavés,1032022,2885
5,1,33.33,22,2,40.0,37,19,55,85.94,0,0.0,1,5,0,0,0,0,3,1,1,0,0,0,5,0,0,1,2,7,0,0,0.18,0.29,1,0,0.0,0,0,0,2,2,0,0,0,,4,40.0,0,0,0,9,0,2,0,0,87,0,,0,0,0,0,0.0,0,0,0,0,15,0,0,6.6,0,0,0,0,0,0,0,0,0.0,0.0,1,1,1,1,1,0,0.0,0,2,1,50.0,2,10,2,3,4,36.36,5,47,20,64,33.0,2,0,82,2,0,0,Thomas Lemar,Atlético Madrid,191182,2836
5,4,12.9,87,5,22.73,186,130,312,83.87,17,65.38,9,18,0,0,0,0,45,0,0,2,0,23,18,0,0,15,5,58,1,0,0.57,0.25,13,0,0.0,0,0,0,8,6,2,0,0,,35,41.67,0,0,0,60,12,5,0,13,1104,1,,0,0,0,0,0.0,0,0,0,0,156,3,0,6.6,0,0,0,0,0,0,0,0,0.0,0.0,0,5,0,3,0,8,33.33,0,20,11,55.0,5,12,24,31,52,47.27,22,256,147,372,118.8,5,0,666,8,3,0,Adama Boiro,Athletic Club,1398511,2825
2,0,0.0,13,0,0.0,20,13,33,82.5,1,33.33,2,8,0,0,0,0,4,0,0,1,0,2,7,0,0,1,1,9,0,1,0.03,0.13,2,0,0.0,0,0,0,4,4,0,0,0,,8,53.33,0,0,0,7,4,1,0,1,142,0,,0,0,0,0,0.0,0,0,0,0,23,0,0,6.6,0,0,0,0,0,0,0,0,0.0,0.0,0,1,2,0,2,3,50.0,0,1,1,100.0,1,2,6,6,9,50.0,2,31,15,40,46.2,3,0,82,4,0,0,Germán Valera,Valencia,962710,2828
1,0,0.0,11,3,75.0,26,17,43,82.69,1,100.0,0,2,0,0,0,0,3,0,0,0,0,0,2,0,0,0,1,2,0,0,0.02,0.07,1,0,0.0,0,0,0,1,1,0,0,0,,0,0.0,0,0,0,9,0,0,0,0,61,0,,0,0,0,0,0.0,0,0,0,0,11,0,0,6.6,0,0,0,0,0,0,0,0,0.0,0.0,0,1,1,2,0,0,0.0,0,0,0,0.0,0,2,0,1,1,33.33,4,31,22,52,13.2,2,0,57,0,0,0,Fabio González,UD Las Palmas,894477,6577
1,1,25.0,6,1,100.0,12,8,19,95.0,1,100.0,0,1,0,0,0,0,3,0,0,1,0,0,1,0,0,2,0,2,0,0,0.13,0.05,0,0,0.0,0,0,0,1,1,0,0,0,,1,33.33,0,0,0,1,0,1,0,1,58,1,,0,0,0,0,0.0,0,0,0,0,7,0,0,6.6,0,0,0,0,0,0,0,0,0.0,0.0,0,0,1,0,0,0,0.0,0,0,0,0.0,1,2,0,4,2,50.0,1,15,9,20,6.6,1,0,32,1,0,0,Javi Llabrés,Mallorca,1162309,2826
5,1,33.33,13,4,80.0,22,38,59,92.19,1,100.0,0,6,0,0,0,0,4,0,0,1,0,10,5,0,0,0,1,4,0,0,0.05,0.03,3,0,0.0,0,0,0,3,2,1,0,0,,5,55.56,0,0,0,5,2,0,0,1,124,0,,0,0,0,0,0.0,0,0,0,0,12,0,0,6.6,0,0,0,0,0,0,0,0,0.0,0.0,0,1,0,0,0,0,0.0,0,4,2,50.0,0,8,0,3,6,60.0,5,28,39,64,33.0,1,0,101,1,1,0,Gonzalo Montiel,Sevilla,822933,2833
0,0,0.0,3,0,0.0,5,2,7,100.0,0,0.0,0,1,0,0,0,0,0,0,0,0,0,1,1,0,0,0,0,1,0,0,0.01,0.01,1,0,0.0,0,0,0,0,0,0,0,0,,0,0.0,0,0,0,0,0,0,0,0,13,0,,0,0,0,0,0.0,0,0,0,0,2,0,0,6.6,0,0,0,0,0,0,0,0,0.0,0.0,0,0,1,1,0,0,0.0,0,0,0,0.0,0,0,0,1,0,0.0,0,6,2,7,6.6,1,0,11,0,1,0,Thiago Ojeda,Villarreal,1116580,2819
25,0,0.0,65,19,38.78,191,444,635,84.55,50,67.57,24,26,0,0,0,0,91,1,0,2,4,51,26,0,0,13,29,107,0,0,0.26,0.81,38,0,0.0,0,0,0,46,43,3,0,0,,61,42.36,0,0,0,116,24,4,0,19,1746,0,,0,0,0,0,0.0,0,0,0,0,157,1,0,6.6,1,0,0,0,0,0,0,0,0.0,0.0,0,6,2,4,2,6,60.0,0,47,23,48.94,4,46,10,0,111,50.92,49,260,491,751,171.5,8,0,1024,9,5,1,Stanko Jurić,Real Valladolid,921417,2831
3,6,26.09,85,8,50.0,140,82,216,77.14,29,48.33,31,32,3,0,0,0,42,1,3,6,0,14,32,0,0,21,3,78,1,0,0.86,1.85,12,0,5.26,0,1,4,12,10,2,1,0,,42,47.19,0,0,0,64,2,10,1,14,1277,0,,0,0,0,0,0.0,0,0,0,0,141,5,0,6.59,0,0,0,0,0,0,0,0,1277.0,0.0,1,13,6,9,4,12,50.0,0,12,8,66.67,10,5,24,23,71,47.65,16,202,101,280,210.9,19,0,483,18,1,0,Unai Gómez,Athletic Club,1391375,2825
12,0,0.0,9,52,32.1,30,150,180,61.86,2,100.0,0,9,0,0,0,0,70,0,0,0,2,9,9,0,0,0,1,1,0,0,0.01,,0,0,0.0,46,0,0,16,10,6,0,0,-4.95,2,66.67,0,4,0,111,0,1,0,8,746,0,,0,0,0,0,0.0,2,0,0,0,112,0,2,6.59,0,0,8,14,6,20,0,5,0.0,0.0,0,0,0,0,0,0,0.0,6,0,0,0.0,1,18,0,0,4,80.0,162,125,166,291,59.3,0,0,365,2,2,0,Álvaro Ferllo,Sevilla,852412,2833
30,5,21.74,89,37,41.57,259,350,604,84.12,33,53.23,29,26,0,0,0,0,76,0,0,1,1,41,25,0,0,15,12,89,1,0,0.37,0.03,28,0,0.0,1,0,0,31,26,5,0,0,,69,53.49,0,0,0,114,21,3,0,20,1879,1,,0,0,0,1,0.0,0,0,0,1,203,2,0,6.59,0,0,0,0,0,0,0,0,0.0,0.0,0,0,1,0,0,7,58.33,0,40,24,60.0,3,56,12,23,102,53.4,89,366,375,718,164.7,1,0,1072,24,6,0,Moussa Diarra,Deportivo Alavés,985262,2885
2,1,14.29,40,1,25.0,71,33,103,55.68,31,36.05,55,23,0,0,0,0,15,0,9,2,0,11,23,0,0,11,6,83,0,0,0.45,5.1,7,0,15.79,0,3,3,15,15,0,3,0,,14,33.33,0,0,1,82,2,5,1,9,948,10,,0,0,0,0,0.0,0,0,0,0,127,4,0,6.59,0,2,0,0,0,0,0,0,316.0,0.0,0,16,3,10,7,2,28.57,0,6,6,100.0,5,7,7,7,45,35.16,4,142,50,185,151.5,19,0,305,6,1,0,Orri Óskarsson,Real Sociedad,1026015,2824
9,3,16.67,34,5,33.33,72,17,86,63.24,4,30.77,9,17,1,0,0,0,20,0,0,2,0,4,17,0,0,5,6,43,0,0,0.19,0.53,12,0,0.0,0,0,1,9,8,1,0,0,,18,34.62,0,0,0,50,5,4,0,2,380,1,,0,0,0,0,0.0,0,0,0,0,96,5,0,6.58,0,0,0,0,0,0,0,0,0.0,0.0,0,5,6,6,3,1,7.69,0,11,7,63.64,4,16,13,18,22,33.85,15,128,26,136,111.9,11,0,246,6,3,0,Sergi Canós,Valencia,790833,2828
8,5,20.83,51,9,60.0,97,54,146,81.56,2,25.0,6,13,1,0,0,0,28,1,1,1,1,6,11,0,0,5,10,23,1,1,0.48,0.49,1,0,0.0,0,0,1,8,8,0,0,0,,12,41.38,0,0,0,33,1,10,0,3,407,0,,0,0,0,0,0.0,0,0,0,0,69,3,0,6.58,0,0,0,0,0,0,0,0,0.0,0.0,0,2,4,4,1,2,50.0,0,8,6,75.0,10,13,4,24,14,37.84,15,137,66,179,72.4,6,0,258,3,0,0,Roberto López,Leganés,958018,2845
0,0,0.0,8,0,0.0,10,10,20,80.0,1,100.0,0,4,0,0,0,0,2,0,0,2,0,0,4,0,0,0,0,0,0,0,0.09,0.04,0,0,0.0,0,0,0,2,1,1,0,0,,6,100.0,0,0,0,5,0,0,0,0,44,0,,0,0,0,0,0.0,0,0,0,0,7,0,0,6.58,0,0,0,0,0,0,0,0,0.0,0.0,0,0,2,0,0,0,0.0,0,3,1,33.33,0,0,0,1,7,100.0,0,13,13,25,26.3,2,0,35,3,0,0,Jan Salas,Mallorca,1905699,2826
12,0,0.0,31,26,33.77,91,196,287,76.13,30,62.5,18,19,0,0,0,0,35,0,2,1,2,58,19,0,0,0,4,38,0,0,0.1,0.38,17,0,0.0,2,0,0,12,10,2,0,0,,15,42.86,0,0,0,90,15,1,0,11,1076,0,,0,0,0,1,0.0,0,0,0,0,93,0,0,6.57,1,0,0,0,0,0,0,0,0.0,0.0,0,4,0,3,0,0,0.0,0,14,7,50.0,1,31,0,0,45,54.22,77,162,215,377,124.9,4,0,503,1,6,1,Juan Berrocal,Getafe,851226,2859
2,0,0.0,22,0,0.0,42,18,60,74.07,7,22.58,24,14,0,0,0,0,14,0,4,1,0,4,13,0,0,8,0,42,0,0,0.07,2.65,7,0,14.29,0,2,2,9,9,0,1,1,,14,43.75,0,0,0,21,2,1,0,5,541,10,,0,0,0,0,0.0,0,0,0,0,48,4,0,6.57,0,2,0,0,0,0,0,0,270.5,0.0,0,12,2,7,6,3,30.0,0,3,2,66.67,1,2,10,0,21,33.33,0,61,20,81,85.4,14,0,158,8,0,0,Dani Gómez,Valencia,888930,2828
10,1,14.29,102,5,45.45,175,82,256,86.78,5,41.67,7,19,0,0,0,0,25,1,0,0,0,4,19,0,0,26,6,68,0,0,0.32,0.59,17,0,20.0,0,1,1,5,3,2,1,0,,28,31.46,0,0,0,39,4,9,0,6,525,1,,0,0,0,0,0.0,0,0,0,0,115,4,0,6.57,0,1,0,0,0,0,0,0,525.0,0.0,0,4,1,3,2,8,38.1,0,8,5,62.5,9,16,21,7,33,32.67,11,213,89,295,124.8,5,0,457,12,1,0,Óscar Trejo,Rayo Vallecano,21949,2818
2,12,30.77,56,6,33.33,133,93,214,84.92,4,26.67,11,19,0,0,0,0,32,1,0,5,0,13,19,0,1,6,7,38,0,1,0.99,0.31,5,0,0.0,0,0,0,8,8,0,0,0,,21,43.75,0,0,0,38,1,13,0,2,513,0,,0,0,0,0,0.0,0,0,0,0,93,2,0,6.57,1,0,0,0,0,0,0,0,0.0,0.0,1,3,7,4,1,3,25.0,0,10,5,50.0,13,10,12,39,25,39.68,18,188,103,252,124.8,10,0,424,8,2,0,Benito Ramírez,UD Las Palmas,868223,6577
5,1,11.11,46,6,75.0,78,48,125,71.02,26,46.43,30,30,0,0,0,0,18,0,8,4,0,10,30,0,0,3,6,60,0,0,0.28,2.51,20,0,0.0,0,0,0,10,10,0,0,0,,27,47.37,0,0,1,51,3,3,0,4,671,12,,0,0,0,0,0.0,0,0,0,0,83,4,0,6.57,0,0,0,0,0,0,0,0,0.0,0.0,0,17,0,7,6,5,62.5,0,8,2,25.0,3,9,8,9,53,46.9,8,127,58,176,197.0,17,0,289,14,9,0,Jaime Mata,UD Las Palmas,351140,6577
5,1,6.25,42,9,34.62,113,149,261,82.08,8,57.14,6,16,0,0,0,0,41,1,1,2,1,29,15,0,0,10,10,48,1,1,0.23,0.44,17,0,0.0,0,0,0,13,12,1,0,0,,41,49.4,0,0,0,57,15,4,0,8,763,1,,0,0,0,0,0.0,0,0,0,0,116,1,0,6.57,0,0,0,0,0,0,0,0,0.0,0.0,0,1,2,0,1,9,60.0,0,22,18,81.82,4,18,15,16,49,50.52,26,165,169,318,98.5,3,0,540,10,1,0,Mateu Morey,Mallorca,879543,2826
10,1,33.33,31,36,37.11,145,435,579,82.95,20,50.0,20,18,0,0,0,0,27,0,0,2,0,69,18,0,0,3,4,41,0,0,0.11,0.27,13,0,0.0,35,0,0,37,32,5,0,0,,18,46.15,0,0,0,119,10,1,0,15,1386,0,,1,0,0,0,0.0,0,0,0,0,131,0,0,6.57,0,0,0,0,0,0,0,0,0.0,0.0,0,3,0,0,1,1,50.0,0,14,9,64.29,1,27,2,3,38,48.1,97,224,477,698,118.2,3,0,860,3,5,0,David Torres,Real Valladolid,1214359,2831
14,4,40.0,57,17,68.0,173,203,372,86.11,8,50.0,8,17,0,0,0,0,29,0,0,1,0,7,17,0,0,12,7,44,1,1,0.23,0.27,10,0,0.0,0,0,0,18,16,2,0,0,,26,41.94,0,0,0,60,10,5,0,7,694,1,,0,0,0,0,0.0,0,0,0,0,97,1,0,6.56,0,0,0,0,0,0,0,0,0.0,0.0,0,2,5,2,4,4,33.33,0,17,7,41.18,5,25,12,10,34,43.59,25,225,217,432,111.6,7,0,557,6,3,0,Enzo Loiodice,UD Las Palmas,933426,6577
1,0,0.0,23,1,50.0,41,18,59,74.68,2,20.0,8,9,0,0,0,0,7,0,1,5,0,1,8,0,0,4,2,21,0,0,0.16,1.48,5,0,0.0,0,0,0,6,6,0,0,0,,4,23.53,0,0,0,20,0,5,0,5,401,7,,0,0,0,0,0.0,0,0,0,0,36,3,0,6.56,0,0,0,0,0,0,0,0,0.0,0.0,0,8,1,2,2,2,50.0,0,1,0,0.0,5,1,4,0,6,22.22,2,55,24,79,52.5,9,0,116,1,0,0,Kelechi Iheanacho,Sevilla,359642,2833
1,4,28.57,24,3,33.33,57,21,74,69.81,10,41.67,14,17,0,0,0,0,20,0,1,4,0,5,16,0,0,15,3,48,0,0,0.27,1.25,9,0,0.0,0,0,0,6,6,0,0,0,,24,41.38,0,0,1,32,2,4,0,2,467,2,,0,0,0,0,0.0,0,0,0,0,88,1,0,6.56,0,0,0,0,0,0,0,0,0.0,0.0,2,7,5,4,4,3,23.08,0,11,6,54.55,4,6,13,14,34,41.46,9,94,26,106,105.0,12,0,237,10,1,0,Peter González,Getafe,1048927,2859
15,13,21.67,134,35,43.21,313,321,621,83.47,10,34.48,19,29,0,0,0,0,92,1,0,0,3,50,29,0,0,22,14,100,2,0,1.05,0.1,30,0,0.0,0,0,0,31,30,1,0,0,,85,51.2,0,0,0,123,11,5,0,21,1939,1,,0,0,0,0,0.0,0,0,0,0,292,6,0,6.56,0,0,0,0,0,0,0,0,0.0,0.0,0,1,4,4,1,18,50.0,0,40,23,57.5,5,37,36,60,95,48.72,81,437,367,744,190.3,5,0,1322,27,4,0,Javi López,Real Sociedad,945404,2824
4,1,25.0,27,2,100.0,36,20,55,68.75,6,31.58,13,16,0,0,0,0,7,0,4,0,0,2,16,0,0,5,1,29,0,0,0.22,2.38,9,0,0.0,0,0,0,4,4,0,0,0,,12,42.86,0,0,0,25,1,5,0,1,381,2,,0,0,0,0,0.0,0,0,0,0,46,1,0,6.56,0,0,0,0,0,0,0,0,0.0,0.0,0,10,1,8,3,0,0.0,0,5,3,60.0,5,6,2,4,18,38.3,2,59,25,80,104.9,11,0,142,7,1,0,Sergi Guardiola,Rayo Vallecano,141945,2818
5,2,66.67,26,4,33.33,65,44,107,79.85,1,9.09,10,14,1,0,0,0,12,1,1,2,0,9,12,0,0,5,3,20,0,0,0.3,0.36,1,0,0.0,0,0,1,8,6,2,0,0,,16,61.54,0,0,0,27,4,2,0,2,316,0,,0,0,0,0,0.0,0,0,0,0,48,0,0,6.55,0,0,0,0,0,0,0,0,0.0,0.0,0,1,2,0,1,2,66.67,0,11,7,63.64,2,10,3,3,17,45.95,12,88,49,134,78.6,3,0,208,3,0,0,Julián Chicco,Leganés,822594,2845
1,1,100.0,8,0,0.0,11,7,17,70.83,1,100.0,0,2,0,0,0,0,2,0,0,0,0,1,2,0,0,1,0,3,0,0,0.02,,2,0,0.0,0,0,0,0,0,0,0,0,,2,40.0,0,0,0,7,0,0,0,0,41,0,,0,0,0,0,0.0,0,0,0,0,12,0,0,6.55,0,0,0,0,0,0,0,0,0.0,0.0,0,0,0,0,0,0,0.0,0,1,1,100.0,0,3,0,1,3,50.0,1,14,11,24,13.1,0,0,37,1,1,0,Álvaro Odriozola,Real Sociedad,353250,2824
0,0,0.0,0,0,0.0,3,2,5,83.33,0,0.0,0,2,0,0,0,0,2,0,0,0,0,0,2,0,0,1,0,3,0,0,0.0,,1,0,0.0,0,0,0,2,1,1,0,0,,4,57.14,0,0,0,1,0,0,0,0,29,0,,0,0,0,0,0.0,0,0,0,0,5,0,0,6.55,0,0,0,0,0,0,0,0,0.0,0.0,0,0,0,0,0,0,0.0,0,2,2,100.0,0,0,1,0,4,57.14,0,4,2,6,13.1,0,0,14,2,0,0,Raúl de Tomás,Rayo Vallecano,138387,2818
0,0,0.0,8,1,50.0,21,15,36,80.0,2,66.67,1,2,0,0,0,0,6,0,0,0,0,2,2,0,0,2,2,9,0,0,0.01,,4,0,0.0,0,0,0,6,6,0,0,0,,6,42.86,0,0,0,9,3,0,0,2,112,0,,0,0,0,0,0.0,0,0,0,0,13,0,0,6.55,0,0,0,0,0,0,0,0,0.0,0.0,0,0,0,0,0,1,100.0,0,5,3,60.0,0,1,1,0,8,47.06,2,30,15,45,13.1,0,0,64,0,0,0,Carlos Guirao,Real Betis,1632259,2816
0,0,0.0,10,1,20.0,22,16,38,76.0,2,66.67,1,4,0,0,0,0,7,0,0,0,0,3,4,0,0,1,1,5,0,0,0.02,,0,0,0.0,0,0,0,3,3,0,0,0,,7,63.64,0,0,0,12,0,1,0,1,124,0,,0,0,0,0,0.0,0,0,0,0,26,2,0,6.55,0,0,0,0,0,0,0,0,0.0,0.0,0,0,0,0,0,1,33.33,0,4,4,100.0,1,3,3,5,9,64.29,5,36,19,50,26.2,0,0,88,2,2,0,Max Aarons,Valencia,943645,2828
0,1,7.69,10,0,0.0,19,6,24,77.42,0,0.0,2,4,0,0,0,0,3,0,0,3,0,1,4,0,0,3,2,15,0,0,0.05,0.16,2,0,0.0,0,0,0,2,1,1,0,0,,6,31.58,0,0,0,7,1,1,0,1,116,0,,0,0,0,0,0.0,0,0,0,0,29,0,0,6.55,0,0,0,0,0,0,0,0,0.0,0.0,0,2,3,1,1,3,33.33,0,1,1,100.0,1,0,9,13,6,28.57,1,37,7,31,26.2,5,0,76,2,0,0,Nico Serrano,Athletic Club,1019318,2825
0,0,0.0,7,0,0.0,13,3,16,80.0,2,50.0,2,4,0,0,0,0,3,0,0,1,0,1,4,0,0,1,0,7,0,0,0.01,0.14,1,0,0.0,0,0,0,0,0,0,0,0,,4,44.44,0,0,1,4,0,0,0,0,61,0,,0,0,0,0,0.0,0,0,0,0,12,1,0,6.55,0,0,0,0,0,0,0,0,0.0,0.0,0,1,1,1,0,2,40.0,0,0,0,0.0,0,0,5,0,6,46.15,0,16,4,20,26.2,2,0,37,2,1,0,John Patrick,Getafe,1100831,2859
9,8,15.38,71,10,45.45,125,36,153,66.81,7,31.82,15,25,0,0,0,0,33,0,1,1,0,10,25,0,0,12,19,72,0,0,0.75,0.71,12,0,0.0,0,0,0,12,8,4,0,0,,29,33.72,0,0,1,76,6,13,0,7,810,0,,0,0,0,0,0.0,0,0,0,1,180,4,0,6.55,0,0,0,0,0,0,0,0,0.0,0.0,0,9,1,6,3,10,41.67,0,12,5,41.67,13,24,24,52,36,33.33,22,233,48,229,163.7,10,0,450,7,1,0,Rubén Peña,Osasuna,255973,2820
1,0,0.0,15,2,50.0,66,104,170,94.97,1,25.0,3,3,0,0,0,0,8,0,0,0,0,7,3,0,0,0,0,5,0,0,0.03,,2,0,0.0,2,0,0,4,4,0,0,0,,1,33.33,0,0,0,9,3,0,0,2,173,0,,0,0,0,1,0.0,0,0,0,0,9,0,0,6.53,0,0,0,0,0,0,0,0,0.0,0.0,0,0,0,0,0,0,0.0,0,1,1,100.0,0,4,0,0,2,28.57,4,71,108,179,19.6,0,0,192,0,1,0,Sergi Domínguez,FC Barcelona,1153335,2817
1,0,0.0,5,2,66.67,7,2,9,81.82,0,0.0,0,3,0,0,0,0,3,0,0,0,0,0,3,0,0,1,0,2,0,0,0.16,,0,0,0.0,0,0,0,0,0,0,0,0,,1,33.33,0,0,0,2,0,0,0,0,36,1,,0,0,0,0,0.0,0,0,0,0,10,1,0,6.53,0,0,0,0,0,0,0,0,0.0,0.0,0,0,0,0,0,1,50.0,0,0,0,0.0,0,1,2,2,1,33.33,3,11,2,11,19.6,0,0,24,0,0,0,Pablo García,Real Betis,1893910,2816
6,1,33.33,26,2,22.22,62,35,96,73.28,1,16.67,5,19,0,0,0,0,21,0,0,1,0,3,18,0,0,0,5,29,0,0,0.17,0.02,14,0,0.0,0,0,0,4,4,0,0,0,,21,46.67,0,0,0,35,1,0,0,4,425,0,,0,0,0,0,0.0,0,0,0,0,51,1,0,6.53,0,0,0,0,0,0,0,0,0.0,0.0,0,0,1,0,0,1,14.29,0,14,8,57.14,0,7,7,3,22,43.14,9,86,48,131,117.6,1,0,194,6,5,0,Yellu Santiago,Getafe,1211005,2859
4,4,22.22,95,20,71.43,170,138,304,73.25,30,36.59,52,31,2,0,0,1,59,5,13,12,1,24,31,0,1,61,13,196,0,0,2.16,6.71,38,0,7.41,0,4,6,37,28,9,3,1,,70,32.71,1,0,2,111,7,20,2,26,2166,11,,0,0,1,1,0.0,0,0,0,1,311,18,0,6.53,1,1,0,0,0,0,0,0,541.5,0.0,0,38,16,22,20,21,36.84,0,13,7,53.85,20,5,57,18,100,33.78,28,267,166,415,202.4,54,0,863,37,10,0,Isaac Romero,Sevilla,1018190,2833
7,2,11.11,66,5,29.41,122,32,152,68.78,19,39.58,29,19,1,0,0,0,47,2,1,6,0,11,18,0,0,22,16,121,0,1,0.78,0.97,24,0,0.0,0,0,1,10,9,1,0,0,,67,42.14,0,0,0,69,7,9,0,13,1035,7,,0,0,0,0,0.0,0,0,0,0,203,7,0,6.53,0,0,0,0,0,0,0,0,0.0,0.0,0,9,6,7,2,21,38.18,0,21,14,66.67,9,9,55,18,86,41.55,17,192,47,221,117.5,15,0,512,26,4,0,Álex Sola,Getafe,966836,2859
12,0,0.0,24,14,38.89,102,176,278,87.7,11,61.11,7,12,0,0,0,0,19,0,0,2,0,27,11,0,1,1,1,16,0,0,0.05,0.32,7,0,0.0,6,0,0,14,10,4,0,0,,16,64.0,0,0,0,39,6,0,0,8,627,0,,0,0,0,1,0.0,0,0,0,0,49,0,0,6.53,1,0,0,0,0,0,0,0,0.0,0.0,0,4,0,2,0,3,100.0,0,12,4,33.33,0,25,3,0,27,62.79,36,128,189,317,71.8,4,0,402,1,2,0,Eric Bailly,Villarreal,606346,2819
7,1,100.0,31,9,47.37,77,77,153,82.26,5,55.56,4,12,0,0,0,0,21,0,0,1,0,9,11,0,0,3,1,15,1,0,0.27,0.08,6,0,0.0,0,0,0,7,6,1,0,0,,16,59.26,0,0,0,33,5,2,0,4,392,1,,0,0,0,0,0.0,0,0,0,0,41,2,0,6.53,0,0,0,0,0,0,0,0,0.0,0.0,0,0,2,0,1,1,50.0,0,11,8,72.73,2,18,2,1,21,58.33,19,101,86,186,71.8,2,0,237,4,2,0,Hugo Guillamón,Valencia,855830,2828
0,0,0.0,4,0,0.0,8,7,15,75.0,1,33.33,2,5,0,0,0,0,6,0,0,0,0,2,4,0,0,0,1,6,0,0,0.01,,3,0,0.0,0,0,0,2,2,0,0,0,,6,60.0,0,0,0,5,2,0,0,0,77,0,,0,0,0,0,0.0,0,0,0,0,10,0,0,6.53,0,0,0,0,0,0,0,0,0.0,0.0,0,0,0,0,0,2,66.67,0,1,1,100.0,0,0,3,1,7,53.85,3,14,7,20,26.1,0,0,41,3,2,0,Ismael Bekhoucha,Getafe,1895964,2859
0,0,0.0,10,1,50.0,13,7,20,74.07,6,37.5,10,4,0,0,0,0,4,0,1,0,0,1,4,0,0,0,0,11,0,0,0.04,0.43,1,0,0.0,0,0,0,3,2,1,0,0,,1,50.0,0,0,0,7,0,0,0,1,135,1,,0,0,0,0,0.0,0,0,0,0,9,2,0,6.53,0,0,0,0,0,0,0,0,0.0,0.0,0,1,1,0,2,1,100.0,0,0,0,0.0,0,0,1,0,7,38.89,2,19,8,27,26.1,2,0,35,0,0,0,Akor Adams,Sevilla,946381,2833
0,0,0.0,9,0,0.0,16,4,20,80.0,0,0.0,3,4,0,0,0,0,4,0,0,0,0,0,4,0,0,3,1,10,0,0,0.02,0.08,1,0,0.0,0,0,0,1,1,0,0,0,,5,41.67,0,0,0,5,0,1,0,0,45,0,,0,0,0,0,0.0,0,0,0,0,12,1,0,6.53,0,0,0,0,0,0,0,0,0.0,0.0,0,1,0,0,1,2,50.0,0,2,0,0.0,1,2,4,1,5,33.33,0,19,7,25,26.1,1,0,40,1,0,0,Martín Tejón,Valencia,1462786,2828
22,13,46.43,108,22,53.66,251,146,384,82.76,7,36.84,12,26,0,0,0,0,66,1,0,5,1,7,26,0,0,8,4,47,1,0,1.1,0.46,14,0,0.0,0,0,0,19,17,2,0,0,,33,48.53,0,0,0,80,6,11,0,6,818,1,,1,0,0,0,0.0,0,0,0,0,125,3,0,6.52,0,0,0,0,0,0,0,0,0.0,0.0,1,4,2,0,1,14,56.0,0,13,9,69.23,11,33,25,28,40,45.98,41,325,167,464,169.6,6,0,600,6,1,0,Moi Gómez,Osasuna,149370,2820
3,2,22.22,44,4,36.36,91,46,135,60.54,29,23.02,97,34,3,0,0,1,27,2,9,8,2,22,34,0,0,26,10,180,1,0,0.76,4.87,23,0,2.86,0,1,4,25,23,2,1,0,,54,39.42,0,0,1,88,4,7,0,17,1742,12,,0,0,2,0,50.0,0,1,0,0,225,7,0,6.52,0,1,0,0,0,0,0,0,1742.0,0.0,0,30,5,11,16,8,24.24,0,16,7,43.75,7,6,33,9,83,31.56,11,172,60,223,221.7,35,0,539,30,3,0,Miguel de la Fuente,Leganés,914212,2845
2,3,75.0,11,1,33.33,19,7,23,74.19,1,25.0,3,5,0,0,0,0,6,0,0,3,0,0,5,0,0,4,5,18,0,0,0.17,0.18,1,0,0.0,0,0,0,0,0,0,0,0,,7,31.82,0,0,0,8,0,4,0,0,80,0,,0,0,0,0,0.0,0,0,0,0,24,0,0,6.52,0,0,0,0,0,0,0,0,0.0,0.0,0,1,3,0,1,1,16.67,0,4,4,100.0,4,2,6,4,8,30.77,3,26,9,31,32.6,4,0,65,2,0,0,Alberto Risco,Getafe,1841875,2859
3,1,33.33,43,2,16.67,112,218,329,90.38,5,35.71,9,10,0,0,0,0,18,0,0,0,0,13,10,0,0,0,8,26,0,0,0.09,,9,0,0.0,0,0,0,11,10,1,0,0,,8,32.0,0,0,0,35,7,0,0,7,517,0,,0,0,0,0,0.0,0,0,0,0,40,0,0,6.51,0,0,0,0,0,0,0,0,0.0,0.0,0,0,0,0,0,0,0.0,0,7,5,71.43,0,11,1,3,13,33.33,12,131,236,364,65.1,0,0,418,1,1,0,Javier Manquillo,Celta Vigo,210082,2821
40,0,0.0,61,56,48.7,198,607,805,87.98,21,51.22,20,25,0,0,0,0,51,0,2,2,0,73,25,0,0,2,10,49,1,1,0.11,0.88,18,0,0.0,6,0,0,53,50,3,0,0,,43,59.72,0,0,0,110,24,0,0,21,1789,0,,0,0,0,0,0.0,0,0,0,0,131,0,0,6.5,0,0,0,0,0,0,0,0,0.0,0.0,1,4,5,6,1,4,100.0,0,25,15,60.0,0,70,4,0,64,56.64,115,269,646,915,162.6,9,0,1152,16,6,0,Eray Cömert,Real Valladolid,814023,2831
4,7,53.85,25,5,26.32,68,89,150,80.21,3,25.0,9,10,1,0,0,0,17,0,0,2,0,16,10,0,0,4,2,32,0,0,0.14,0.03,8,0,0.0,0,0,1,5,5,0,0,0,,11,32.35,0,0,0,37,2,4,0,6,446,0,,0,0,0,0,0.0,0,0,0,0,78,0,0,6.5,0,0,0,0,0,0,0,0,0.0,0.0,0,0,2,0,0,2,16.67,0,7,7,100.0,4,11,12,13,14,30.43,19,94,106,187,65.0,2,0,310,2,1,0,Mihailo Ristić,Celta Vigo,363774,2821
0,0,0.0,0,0,0.0,1,1,2,100.0,0,0.0,0,1,0,0,0,0,0,0,0,0,0,0,1,0,0,0,0,0,0,0,0.0,,0,0,0.0,0,0,0,0,0,0,0,0,,0,0.0,0,0,0,0,0,0,0,1,10,0,,0,0,0,0,0.0,0,0,0,0,1,0,0,6.5,0,0,0,0,0,0,0,0,0.0,0.0,0,0,0,0,0,0,0.0,0,0,0,0.0,0,0,0,0,0,0.0,0,1,1,2,6.5,0,0,4,0,0,0,Borna Barišić,Leganés,335301,2845
0,0,0.0,0,0,0.0,1,0,1,33.33,1,100.0,0,1,0,0,0,0,0,0,0,0,0,0,1,0,0,0,0,2,0,0,0.0,,1,0,0.0,0,0,0,1,1,0,0,0,,1,33.33,0,0,0,2,0,0,0,0,9,0,,0,0,0,0,0.0,0,0,0,0,3,0,0,6.5,0,0,0,0,0,0,0,0,0.0,0.0,0,0,0,0,0,0,0.0,0,1,1,100.0,0,0,1,0,2,50.0,0,2,1,3,6.5,0,0,6,0,0,0,Dani Díaz,Real Sociedad,1466128,2824
1,0,0.0,0,0,0.0,1,1,2,50.0,0,0.0,0,1,0,0,0,0,0,0,0,0,0,0,1,0,0,0,0,0,0,0,0.0,,0,0,0.0,0,0,0,0,0,0,0,0,,0,0.0,0,0,0,2,0,0,0,0,13,0,,0,0,0,0,0.0,0,0,0,0,3,0,0,6.5,0,0,0,0,0,0,0,0,0.0,0.0,0,0,0,0,0,0,0.0,0,0,0,0.0,0,2,0,0,0,0.0,1,3,1,4,6.5,0,0,6,0,0,0,David Otorbi,Valencia,1580022,2828
0,0,0.0,2,0,0.0,2,2,4,57.14,0,0.0,2,1,0,0,0,0,0,0,0,0,0,1,1,0,0,0,0,2,0,0,0.0,,0,0,0.0,0,0,0,0,0,0,0,0,,0,0.0,0,0,0,3,0,0,0,0,8,0,,0,0,0,0,0.0,0,0,0,0,5,0,0,6.5,0,0,0,0,0,0,0,0,0.0,0.0,0,0,0,0,0,0,0.0,0,0,0,0.0,0,0,0,2,0,0.0,0,6,3,7,6.5,0,0,11,0,0,0,Roger Hinojo,Espanyol,2065347,2814
0,0,0.0,1,0,0.0,2,0,2,50.0,0,0.0,0,1,0,0,0,0,0,0,0,0,0,0,1,0,0,0,0,1,0,0,0.0,,1,0,0.0,0,0,0,0,0,0,0,0,,0,0.0,0,0,0,2,0,0,0,0,12,0,,0,0,0,0,0.0,0,0,0,0,2,0,0,6.5,0,0,0,0,0,0,0,0,0.0,0.0,0,0,0,0,0,0,0.0,0,0,0,0.0,0,0,0,0,0,0.0,0,4,0,4,6.5,0,0,4,0,0,0,Alberto Mari,Valencia,990232,2828
0,0,0.0,0,0,0.0,0,0,0,0.0,0,0.0,0,1,0,0,0,0,0,0,0,0,0,0,1,0,0,0,0,0,0,0,,,0,0,0.0,0,0,0,0,0,0,0,0,,0,0.0,0,0,0,0,0,0,0,0,13,0,,0,0,0,0,0.0,0,0,0,0,2,0,0,6.5,0,0,0,0,0,0,0,0,0.0,0.0,0,0,0,0,0,0,0.0,0,0,0,0.0,0,0,0,0,0,0.0,0,0,0,0,6.5,0,0,2,0,1,0,Darío Benavides,Sevilla,1142092,2833
0,0,0.0,2,0,0.0,4,0,4,100.0,0,0.0,0,1,0,0,0,0,0,0,0,0,0,0,1,0,0,0,1,2,0,0,0.0,,0,0,0.0,0,0,0,0,0,0,0,0,,1,33.33,0,0,0,0,0,0,0,0,10,0,,0,0,0,0,0.0,0,0,0,0,2,0,0,6.5,0,0,0,0,0,0,0,0,0.0,0.0,0,0,0,0,0,1,50.0,0,0,0,0.0,0,0,2,1,1,33.33,0,5,0,4,6.5,0,0,8,0,0,0,Endika Buján,Athletic Club,1516599,2825
0,0,0.0,1,0,0.0,2,1,3,27.27,1,100.0,0,1,0,0,0,0,1,0,0,0,0,1,1,0,0,1,0,2,0,0,0.01,,0,0,0.0,0,0,0,1,1,0,0,0,,1,33.33,0,0,0,8,0,0,0,1,45,0,,0,0,0,0,0.0,0,0,0,0,12,0,0,6.5,0,0,0,0,0,0,0,0,0.0,0.0,0,0,0,0,0,0,0.0,0,0,0,0.0,0,2,1,2,2,50.0,1,8,5,11,6.5,0,0,20,1,0,0,Xavi Moreno,Real Valladolid,1153345,2831
0,0,0.0,1,0,0.0,1,1,2,33.33,0,0.0,1,1,0,0,0,0,1,0,0,0,0,0,1,0,0,0,0,3,0,0,0.0,,1,0,0.0,0,0,0,0,0,0,0,0,,3,60.0,0,0,0,4,0,0,0,0,19,0,,0,0,0,0,0.0,0,0,0,0,9,1,0,6.5,0,0,0,0,0,0,0,0,0.0,0.0,0,0,0,0,0,0,0.0,0,2,0,0.0,0,1,1,0,3,50.0,2,2,4,6,6.5,0,0,17,1,0,0,Gorka Rivera,Getafe,1390614,2859
2,0,0.0,5,7,58.33,18,28,46,86.79,1,100.0,0,2,0,0,0,0,7,0,0,0,0,9,2,0,0,0,0,0,0,1,0.01,,1,0,0.0,1,0,0,5,4,1,0,0,,1,100.0,0,0,0,7,4,0,0,1,107,0,,0,0,0,0,0.0,0,0,0,0,8,0,0,6.5,0,0,0,0,0,0,0,0,0.0,0.0,0,0,0,0,0,0,0.0,0,0,0,0.0,0,3,0,0,2,100.0,12,24,29,53,13.0,0,0,73,1,1,0,Nobel Mendy,Real Betis,1458073,2816
0,0,0.0,0,0,0.0,0,1,1,100.0,1,50.0,1,2,0,0,0,0,0,0,0,0,0,1,1,0,0,0,0,2,0,0,0.0,,1,0,0.0,0,0,0,0,0,0,0,0,,0,0.0,0,0,0,0,0,0,0,0,13,0,,0,0,0,0,0.0,0,0,0,0,1,0,0,6.5,0,0,0,0,0,0,0,0,0.0,0.0,0,0,0,0,0,0,0.0,0,0,0,0.0,0,0,0,0,1,33.33,0,0,1,1,6.5,0,0,3,0,0,0,Chema Andrés,Real Madrid,1464641,2829
0,0,0.0,0,0,0.0,6,3,9,81.82,0,0.0,1,2,0,0,0,0,3,0,0,0,0,2,2,0,0,0,1,4,0,0,0.0,,1,0,0.0,0,0,0,2,1,1,0,0,,1,25.0,0,0,0,2,1,1,0,0,35,0,,0,0,0,0,0.0,0,0,0,0,6,0,0,6.5,0,0,0,0,0,0,0,0,0.0,0.0,0,0,0,0,0,0,0.0,0,0,0,0.0,1,0,1,2,1,20.0,0,9,4,11,13.0,0,0,20,1,0,0,Iker Benito,Osasuna,1086346,2820
0,0,0.0,4,0,0.0,7,2,9,90.0,0,0.0,1,3,0,0,0,0,1,0,0,0,0,0,1,0,0,1,0,4,0,0,0.01,,0,0,0.0,0,0,0,0,0,0,0,0,,2,40.0,0,0,0,1,0,0,0,0,20,0,,0,0,0,0,0.0,0,0,0,0,7,0,0,6.5,0,0,0,0,0,0,0,0,0.0,0.0,0,0,0,0,0,0,0.0,0,1,0,0.0,0,0,2,0,2,33.33,0,8,2,10,6.5,0,0,20,1,0,0,Min-su Kim,Girona FC,1892528,24264
0,0,0.0,1,0,0.0,2,4,6,85.71,2,66.67,1,3,0,0,0,0,2,0,0,0,0,0,3,0,0,0,0,2,0,0,0.0,,1,0,0.0,0,0,0,0,0,0,0,0,,0,0.0,0,0,0,1,0,0,0,0,50,1,,0,0,0,0,0.0,0,0,0,0,7,0,0,6.5,0,0,0,0,0,0,0,0,0.0,0.0,0,0,0,0,0,0,0.0,0,0,0,0.0,0,0,0,0,2,50.0,0,3,4,7,19.5,0,0,14,0,1,0,Javier Martón,Athletic Club,1082215,2825
4,0,0.0,16,11,47.83,69,215,284,90.45,14,70.0,6,12,0,0,0,0,27,0,0,0,0,29,10,0,0,3,2,20,0,1,0.08,,9,0,0.0,8,0,0,17,13,4,0,0,,22,61.11,0,0,0,30,7,0,0,6,565,0,,0,0,0,1,0.0,0,0,0,0,39,0,0,6.5,1,0,0,0,0,0,0,0,0.0,0.0,0,0,0,0,0,2,66.67,0,10,7,70.0,0,8,3,0,36,64.29,23,85,229,314,65.0,0,0,400,10,3,1,Marcão,Sevilla,840951,2833
0,0,0.0,1,0,0.0,3,2,5,71.43,1,100.0,0,1,0,0,0,0,1,0,0,0,0,1,1,0,0,0,0,2,0,0,0.0,0.09,1,0,0.0,0,0,0,1,0,1,0,0,,1,33.33,0,0,0,2,1,0,0,1,38,0,,0,0,0,0,0.0,0,0,0,0,5,1,0,6.5,0,0,0,0,0,0,0,0,0.0,0.0,0,1,0,1,0,0,0.0,0,0,0,0.0,0,0,1,0,2,50.0,0,4,3,7,6.5,1,0,17,1,0,0,Diego Hormigo,Sevilla,1142091,2833
2,3,17.65,24,5,55.56,43,29,69,69.7,2,15.38,11,8,0,0,0,0,16,0,0,3,0,6,8,0,0,5,6,36,0,0,0.42,0.17,5,0,0.0,0,0,0,7,7,0,0,0,,11,30.56,0,0,1,30,0,6,0,4,383,2,,0,0,0,0,0.0,0,0,0,0,71,3,0,6.49,0,0,0,0,0,0,0,0,0.0,0.0,0,4,2,2,1,3,25.0,0,3,2,66.67,6,5,12,17,13,26.53,9,80,36,99,51.9,6,0,185,6,1,0,Abderrahman Rebbach,Deportivo Alavés,1082968,2885
6,0,0.0,4,37,39.78,26,86,112,66.67,0,0.0,1,6,0,0,0,0,43,0,0,0,0,9,6,0,0,0,0,1,2,0,0.01,,0,0,0.0,56,0,0,20,20,0,0,0,-4.18,0,0.0,0,4,0,56,0,0,0,6,540,0,,0,0,0,0,0.0,3,0,0,0,57,0,5,6.48,0,0,1,10,9,20,0,7,0.0,0.0,0,0,0,0,0,0,0.0,1,0,0,0.0,0,12,0,0,0,0.0,93,67,101,168,38.9,0,0,229,0,0,0,André Ferreira,Real Valladolid,788197,2831
5,2,28.57,10,3,75.0,24,19,41,78.85,1,11.11,8,5,0,0,0,0,9,0,1,0,0,5,5,0,0,2,0,17,0,0,0.21,0.49,1,0,0.0,0,0,0,6,5,1,0,0,,12,57.14,0,0,0,11,0,2,0,2,234,2,,0,0,0,0,0.0,0,0,0,0,31,0,0,6.48,0,0,0,0,0,0,0,0,0.0,0.0,0,1,0,1,0,3,33.33,0,8,5,62.5,2,7,9,7,13,43.33,4,37,22,52,32.4,1,0,107,1,0,0,Hugo Novoa,Deportivo Alavés,1001967,2885
0,0,0.0,2,1,100.0,5,4,9,90.0,1,100.0,0,5,0,0,0,0,1,0,1,1,0,1,4,0,0,1,0,2,0,0,0.01,0.38,0,0,0.0,0,0,0,0,0,0,0,0,,3,60.0,0,0,0,1,0,0,0,0,53,0,,0,0,0,0,0.0,0,0,0,0,4,1,0,6.48,0,0,0,0,0,0,0,0,0.0,0.0,0,3,0,2,0,0,0.0,0,1,1,100.0,0,0,1,0,4,66.67,1,6,4,10,25.9,3,0,21,2,0,0,Adrián Arnu,Real Valladolid,1542697,2831
1,2,22.22,10,0,0.0,17,3,18,78.26,1,16.67,5,8,0,0,0,0,10,0,0,0,0,0,7,0,0,8,7,33,0,0,0.07,0.31,6,0,0.0,0,0,0,2,0,2,0,0,,13,31.71,0,0,0,5,2,3,0,1,159,0,,0,1,0,0,0.0,0,0,0,0,45,1,0,6.47,0,0,0,0,0,0,0,0,0.0,0.0,0,3,1,2,2,5,41.67,0,1,0,0.0,2,2,12,9,14,29.79,1,29,3,23,45.3,4,0,96,8,2,0,Chiquinho,Mallorca,1015826,2826
0,1,100.0,7,2,40.0,27,29,55,80.88,0,0.0,2,6,0,0,0,0,12,0,0,0,0,3,6,0,0,3,0,9,0,0,0.05,,4,0,0.0,0,0,0,3,3,0,0,0,,4,36.36,0,0,0,13,2,0,0,1,153,0,,0,0,0,0,0.0,0,0,0,0,19,0,0,6.47,0,0,0,0,0,0,0,0,0.0,0.0,0,0,0,0,0,0,0.0,0,3,1,33.33,0,2,0,1,4,30.77,5,34,35,68,38.8,0,0,86,1,1,0,Mateo Flores,Real Betis,1893864,2816
2,0,0.0,11,1,50.0,20,18,38,80.85,0,0.0,7,11,0,0,0,0,8,0,0,3,0,0,10,0,0,4,1,19,0,0,0.08,0.38,2,0,0.0,0,0,0,4,3,1,0,0,,8,40.0,0,0,0,9,0,0,0,0,141,0,,0,0,0,0,0.0,0,0,0,0,23,0,0,6.46,0,0,0,0,0,0,0,0,0.0,0.0,0,3,1,1,0,1,14.29,0,4,2,50.0,0,2,7,1,8,29.63,2,27,21,47,64.6,4,0,81,3,2,0,Marc Cardona,UD Las Palmas,841854,6577
4,1,33.33,39,7,53.85,72,75,146,78.92,10,55.56,8,14,0,0,0,0,25,0,1,3,1,4,13,0,0,3,8,29,1,0,0.25,0.69,8,0,0.0,0,0,0,8,7,1,0,0,,16,43.24,0,0,0,39,2,1,0,2,417,0,,0,0,0,0,0.0,0,0,0,0,54,1,0,6.45,0,0,0,0,0,0,0,0,0.0,0.0,0,5,1,3,0,1,25.0,0,10,6,60.0,1,12,4,3,26,47.27,13,100,88,185,83.9,6,0,244,5,1,0,Víctor Meseguer,Real Valladolid,1010335,2831
6,1,33.33,58,4,50.0,143,121,263,90.69,3,37.5,5,19,0,0,0,0,27,0,0,2,0,6,15,0,0,10,8,38,1,0,0.34,0.66,9,0,25.0,0,1,1,18,16,2,1,0,,24,42.11,0,0,0,27,4,2,0,3,524,0,,0,0,0,0,0.0,0,0,0,0,56,2,0,6.45,0,1,0,0,0,0,0,0,524.0,0.0,0,3,1,1,1,5,45.45,0,13,7,53.85,2,10,11,3,27,41.54,8,166,127,290,96.8,4,0,387,6,3,0,Jhon Solís,Girona FC,1106573,24264
0,0,0.0,1,0,0.0,1,0,1,20.0,6,75.0,2,2,0,0,0,0,0,0,0,0,0,1,2,0,0,0,1,5,0,0,0.06,,0,0,0.0,0,0,0,1,1,0,0,0,,0,0.0,0,0,0,4,0,0,0,0,44,1,,0,0,0,0,0.0,0,0,0,0,8,0,0,6.45,0,0,0,0,0,0,0,0,0.0,0.0,0,0,0,0,0,0,0.0,0,0,0,0.0,0,0,2,0,6,54.55,0,5,0,5,12.9,0,0,13,0,0,0,Etienne Eto'o Pineda,Rayo Vallecano,1103233,2818
5,0,0.0,5,16,20.0,12,31,43,39.81,0,0.0,0,4,0,0,0,0,36,0,0,0,0,5,4,0,0,0,0,0,0,1,0.01,,0,0,0.0,20,0,0,6,6,0,0,0,-1.52,0,0.0,0,3,0,65,0,0,0,4,360,0,,0,0,0,0,0.0,2,0,0,0,66,0,2,6.45,0,0,8,4,2,6,0,1,0.0,0.0,0,0,0,0,0,0,0.0,7,0,0,0.0,0,9,0,0,0,0.0,80,62,46,108,25.8,0,0,149,0,1,0,Stole Dimitrievski,Valencia,97951,2828
1,1,100.0,5,1,25.0,11,4,14,56.0,3,42.86,4,3,0,0,0,0,6,0,0,1,0,3,3,0,0,3,2,16,0,0,0.09,0.05,6,0,0.0,0,0,0,0,0,0,0,0,,3,20.0,0,0,0,11,0,0,0,1,94,0,,0,0,0,0,0.0,0,0,0,0,20,2,0,6.43,0,0,0,0,0,0,0,0,0.0,0.0,0,0,2,1,0,1,33.33,0,2,2,100.0,0,2,3,1,6,27.27,4,19,7,25,19.3,2,0,45,0,0,0,Abdoulaye Keita,Getafe,1168094,2859
1,0,0.0,0,1,50.0,0,2,2,50.0,0,0.0,0,1,0,0,0,0,0,0,0,0,0,0,1,0,0,1,0,2,0,0,0.0,,1,0,0.0,0,0,0,0,0,0,0,0,,0,0.0,0,0,0,2,0,0,0,0,11,0,,0,0,0,0,0.0,0,0,0,0,3,0,0,6.4,0,0,0,0,0,0,0,0,0.0,0.0,0,0,0,0,0,0,0.0,0,0,0,0.0,0,1,0,0,0,0.0,2,2,2,4,6.4,0,0,5,0,0,0,Aboubacar Bassinga,UD Las Palmas,1636036,6577
0,0,0.0,4,0,0.0,8,1,9,64.29,1,100.0,0,1,0,0,0,0,4,0,0,0,0,1,1,0,0,1,0,5,0,0,0.01,,1,0,0.0,0,0,0,0,0,0,0,0,,1,16.67,0,0,0,5,1,0,0,1,55,0,,0,0,0,0,0.0,0,0,0,0,13,1,0,6.4,0,0,0,0,0,0,0,0,0.0,0.0,0,0,0,0,0,1,25.0,0,0,0,0.0,0,0,4,4,2,28.57,0,15,3,14,6.4,0,0,27,0,0,0,Aingeru Olabarrieta,Athletic Club,1605227,2825
0,0,0.0,0,0,0.0,0,4,4,80.0,0,0.0,0,1,0,0,0,0,0,0,0,0,0,0,1,0,0,0,0,0,0,0,0.0,,1,0,0.0,0,0,0,1,0,1,0,0,,0,0.0,0,0,0,1,0,0,0,0,9,0,,0,0,0,0,0.0,0,0,0,0,1,0,0,6.4,0,0,0,0,0,0,0,0,0.0,0.0,0,0,0,0,0,0,0.0,0,0,0,0.0,0,0,0,0,0,0.0,0,1,4,5,6.4,0,0,5,0,0,0,Daniel Requena,Villarreal,1521658,2819
0,0,0.0,1,0,0.0,4,5,9,100.0,0,0.0,0,1,0,0,0,0,0,0,0,0,0,0,1,0,0,0,0,0,0,0,0.0,,0,0,0.0,0,0,0,1,1,0,0,0,,0,0.0,0,0,0,0,0,0,0,0,11,0,,0,0,0,0,0.0,0,0,0,0,0,0,0,6.4,0,0,0,0,0,0,0,0,0.0,0.0,0,0,0,0,0,0,0.0,0,0,0,0.0,0,0,0,0,0,0.0,0,4,5,9,6.4,0,0,10,0,0,0,Javi Martínez,Osasuna,913732,2820
0,0,0.0,4,0,0.0,5,0,5,100.0,0,0.0,1,1,0,0,0,0,1,0,0,0,0,0,1,0,0,0,0,2,0,0,0.0,,0,0,0.0,0,0,0,1,1,0,0,0,,0,0.0,0,0,0,0,0,0,0,0,20,0,,0,0,0,0,0.0,0,0,0,0,3,0,0,6.4,0,0,0,0,0,0,0,0,0.0,0.0,0,0,0,0,0,0,0.0,0,0,0,0.0,0,0,1,2,0,0.0,0,7,0,5,6.4,0,0,11,0,0,0,Arturo Rodríguez,UD Las Palmas,2032380,6577
0,0,0.0,3,0,0.0,4,4,8,88.89,0,0.0,0,1,0,0,0,0,0,0,0,0,0,0,1,0,0,0,0,0,0,0,0.0,,0,0,0.0,0,0,0,1,1,0,0,0,,0,0.0,0,0,0,1,0,0,0,0,10,0,,0,0,0,0,0.0,0,0,0,0,1,0,0,6.4,0,0,0,0,0,0,0,0,0.0,0.0,0,0,0,0,0,0,0.0,0,0,0,0.0,0,0,0,0,0,0.0,0,5,4,9,6.4,0,0,9,0,0,0,José Carlo González,UD Las Palmas,2161820,6577
2,0,0.0,9,2,40.0,20,26,46,85.19,3,60.0,2,5,0,0,0,0,4,0,0,2,0,5,5,0,0,0,3,14,0,0,0.02,0.06,8,0,0.0,0,0,0,9,8,1,0,0,,6,33.33,0,0,0,8,0,0,0,2,182,0,,0,0,0,0,0.0,0,0,0,0,10,0,0,6.4,0,0,0,0,0,0,0,0,0.0,0.0,0,1,2,1,0,1,50.0,0,5,3,60.0,0,3,2,0,9,39.13,5,26,28,54,32.0,3,0,76,0,1,0,Rafael Bauzà,Espanyol,1841365,2814
15,8,40.0,35,22,41.51,117,179,288,80.67,3,27.27,8,12,0,0,0,0,23,1,0,0,0,32,12,0,0,5,7,34,0,0,0.68,0.04,5,0,0.0,0,0,0,30,27,3,0,0,,22,45.83,0,0,0,69,6,6,0,12,910,2,,0,0,0,0,0.0,0,0,0,0,124,0,0,6.38,0,0,0,0,0,0,0,0,0.0,0.0,0,1,0,1,0,6,40.0,0,9,6,66.67,6,35,15,20,25,42.37,53,165,212,357,76.6,1,0,554,7,1,0,Antonio Candela,Real Valladolid,862464,2831
2,0,0.0,5,3,60.0,15,12,27,77.14,3,75.0,1,5,0,0,0,0,5,0,0,0,0,6,5,0,0,2,3,8,0,0,0.01,,2,0,0.0,0,0,0,5,4,1,0,0,,5,41.67,0,0,0,8,0,0,0,1,141,0,,0,0,0,0,0.0,0,0,0,0,16,1,0,6.38,0,0,0,0,0,0,0,0,0.0,0.0,0,0,0,0,0,2,100.0,0,2,0,0.0,0,4,2,2,8,50.0,5,21,16,35,31.9,0,0,69,1,0,0,Nacho Vidal,Osasuna,844752,2820
11,0,0.0,11,22,45.83,70,272,342,89.06,9,50.0,9,9,0,0,0,0,26,0,0,1,0,26,9,0,0,2,1,15,0,1,0.07,0.04,4,0,0.0,5,0,0,25,23,2,0,0,,9,60.0,0,0,0,42,5,0,0,6,590,0,,0,0,0,0,0.0,0,0,0,0,44,0,0,6.34,0,0,0,0,0,0,0,0,0.0,0.0,0,1,0,0,0,1,100.0,0,6,5,83.33,0,25,1,0,18,54.55,48,100,284,384,57.1,1,0,445,2,0,0,Joseph Aidoo,Real Valladolid,796320,2831
1,0,0.0,0,3,75.0,0,16,16,94.12,0,0.0,0,1,0,0,0,0,4,0,0,0,0,2,1,0,0,0,0,0,0,0,0.0,,0,0,0.0,4,0,0,2,2,0,0,0,-1.41,0,0.0,0,1,0,1,0,0,0,1,90,0,,0,0,0,0,0.0,0,0,0,0,1,0,0,6.3,0,0,0,0,0,0,0,0,0.0,0.0,0,0,0,0,0,0,0.0,0,0,0,0.0,0,1,0,0,0,0.0,4,1,16,17,6.3,0,0,23,0,0,0,Fran González,Real Madrid,1493226,2829
2,0,0.0,1,1,33.33,3,8,11,78.57,2,28.57,5,1,0,0,0,0,1,0,0,0,0,4,1,0,0,0,0,7,0,0,0.0,,3,0,0.0,0,0,0,1,1,0,0,0,,1,33.33,0,0,0,3,1,0,0,1,90,0,,0,0,0,1,0.0,0,0,0,0,3,0,0,6.3,0,0,0,0,0,0,0,0,0.0,0.0,0,0,0,0,0,0,0.0,0,1,1,100.0,0,3,0,0,3,30.0,3,3,11,14,6.3,0,0,23,0,0,0,Maximiliano Caufriez,Valencia,800349,2828
4,1,33.33,5,5,45.45,10,17,26,66.67,1,100.0,0,2,0,0,0,0,2,0,0,0,0,1,2,0,0,1,2,8,0,0,0.1,,3,0,0.0,0,0,0,4,3,1,0,0,,4,33.33,0,0,0,13,2,1,0,1,129,0,,0,0,0,0,0.0,0,0,0,0,30,0,0,6.3,0,0,0,0,0,0,0,0,0.0,0.0,0,0,0,0,0,0,0.0,0,4,1,25.0,1,7,2,3,5,38.46,11,19,23,39,12.6,0,0,76,0,0,0,Raúl Chasco,Real Valladolid,1182710,2831
0,1,50.0,8,0,0.0,11,0,10,100.0,0,0.0,0,2,0,0,0,0,1,0,1,0,0,0,2,0,0,1,0,5,0,0,0.25,0.49,2,0,0.0,0,0,0,0,0,0,0,0,,0,0.0,0,0,0,0,0,1,0,0,42,0,,0,1,0,0,0.0,0,0,0,0,5,0,0,6.3,0,0,0,0,0,0,0,0,0.0,0.0,0,1,0,1,0,0,0.0,0,0,0,0.0,0,0,2,2,0,0.0,0,12,0,10,12.6,1,0,17,0,0,0,Víctor Muñoz,Real Madrid,1145642,2829
0,0,0.0,0,0,0.0,2,0,2,50.0,0,0.0,0,2,0,0,0,0,3,0,1,0,0,0,2,0,0,1,0,2,0,0,0.0,0.14,0,0,0.0,0,0,0,0,0,0,0,0,,0,0.0,0,0,0,2,0,1,0,0,26,0,,0,0,0,0,0.0,0,0,0,0,6,0,0,6.3,0,0,0,0,0,0,0,0,0.0,0.0,0,0,1,0,1,0,0.0,0,0,0,0.0,1,0,1,0,0,0.0,0,3,1,4,12.6,1,0,13,0,0,0,Leandro Antonetti,Sevilla,1158547,2833
2,0,0.0,20,4,33.33,63,88,151,86.78,1,25.0,3,5,0,0,0,0,9,0,0,0,0,10,5,0,0,4,3,16,0,0,0.03,0.03,5,0,0.0,0,0,0,11,11,0,0,0,,18,58.06,0,0,0,23,3,2,0,4,354,0,,0,0,0,1,0.0,0,0,0,0,39,0,0,6.3,0,0,0,0,0,0,0,0,0.0,0.0,0,0,1,1,0,3,50.0,0,6,2,33.33,2,11,6,3,19,54.29,12,79,98,174,31.5,1,0,253,9,0,0,Henrique,Real Valladolid,336851,2831
0,0,0.0,0,0,0.0,1,3,4,80.0,0,0.0,1,1,0,0,0,0,0,0,0,0,0,0,1,0,0,0,0,3,0,0,0.0,,1,0,0.0,0,0,0,0,0,0,0,0,,0,0.0,0,0,0,1,0,0,0,0,11,0,,0,0,0,0,0.0,0,0,0,0,2,0,0,6.2,0,0,0,0,0,0,0,0,0.0,0.0,0,0,0,0,0,0,0.0,0,0,0,0.0,0,0,1,0,0,0.0,0,1,4,5,6.2,0,0,8,0,0,0,Luca De La Torre,Celta Vigo,846492,2821
0,0,0.0,4,0,0.0,5,0,5,62.5,0,0.0,0,1,0,0,0,0,1,0,0,0,0,0,1,0,0,2,1,4,0,0,0.02,,0,0,0.0,0,0,0,1,1,0,0,0,,0,0.0,0,0,0,3,0,0,0,0,18,0,,0,0,0,0,0.0,0,0,0,0,7,0,0,6.2,0,0,0,0,0,0,0,0,0.0,0.0,0,0,0,0,0,0,0.0,0,0,0,0.0,0,0,1,1,0,0.0,0,8,1,8,6.2,0,0,13,0,0,0,Malcom Ares,Athletic Club,1391487,2825
2,0,0.0,2,1,100.0,8,28,36,94.74,1,16.67,5,3,0,0,0,0,2,0,0,0,0,1,2,0,0,0,0,8,0,0,0.0,,3,0,0.0,0,0,0,4,3,1,0,0,,3,50.0,0,0,0,2,0,0,0,1,75,0,,0,0,0,0,0.0,0,0,0,0,3,0,0,6.2,0,0,0,0,0,0,0,0,0.0,0.0,0,0,0,0,0,0,0.0,0,0,0,0.0,0,2,0,0,4,33.33,1,10,28,38,12.4,0,0,46,3,0,0,Unai García,Osasuna,330675,2820
0,0,0.0,1,0,0.0,7,4,11,55.0,0,0.0,1,1,0,0,0,0,2,0,0,0,0,0,1,0,0,2,0,5,0,0,0.0,0.07,2,0,0.0,0,0,0,2,2,0,0,0,,4,50.0,0,0,0,9,1,0,0,1,66,1,,0,0,0,0,0.0,0,0,0,0,14,0,0,6.2,0,0,0,0,0,0,0,0,0.0,0.0,0,0,1,1,0,1,100.0,0,3,2,66.67,0,1,1,1,4,44.44,4,14,7,20,6.2,1,0,40,0,1,0,Rodrigo Abajas,Valencia,1657026,2828
0,0,0.0,0,0,0.0,1,0,1,50.0,0,0.0,0,2,0,0,0,0,1,0,0,0,0,0,1,0,0,1,0,2,0,0,0.0,0.03,0,0,0.0,0,0,0,1,1,0,0,0,,0,0.0,0,0,0,1,0,0,0,0,14,0,,0,0,0,0,0.0,0,0,0,0,3,1,0,6.2,0,0,0,0,0,0,0,0,0.0,0.0,0,1,0,1,0,0,0.0,0,0,0,0.0,0,0,1,0,0,0.0,0,2,0,2,6.2,1,0,6,0,0,0,Kenedy,Real Valladolid,801391,2831
1,0,0.0,1,8,47.06,6,22,28,73.68,0,0.0,0,1,0,0,0,0,9,0,0,0,0,0,1,0,0,0,0,0,0,1,0.0,,0,0,0.0,5,0,0,2,1,1,0,0,-1.42,0,0.0,0,1,0,10,0,0,0,1,90,0,,0,0,0,0,0.0,0,0,0,0,10,0,0,6.0,0,0,0,0,0,0,0,0,0.0,0.0,0,0,0,0,0,0,0.0,0,0,0,0.0,0,1,0,0,0,0.0,17,12,26,38,6.0,0,0,44,0,0,0,Arnau Rafús,Real Valladolid,1142235,2831
0,0,0.0,0,0,0.0,0,2,2,40.0,0,0.0,0,1,0,0,0,0,1,0,0,0,0,1,1,0,0,0,0,0,1,0,0.0,,0,0,0.0,0,0,0,1,1,0,0,0,,0,0.0,0,0,0,3,0,0,0,0,14,0,,0,0,0,0,0.0,0,0,0,0,3,0,0,4.5,0,0,0,0,0,0,0,0,0.0,0.0,0,0,0,0,0,0,0.0,0,0,0,0.0,0,0,0,0,0,0.0,0,1,4,5,4.5,0,0,6,0,0,0,Valentin Pezzolesi,UD Las Palmas,1893819,6577
0,0,0.0,0,0,0.0,0,0,0,0.0,0,0.0,0,1,0,0,0,0,0,0,0,0,0,0,0,0,0,0,0,0,0,0,,,0,0,0.0,0,0,0,0,0,0,0,0,,1,100.0,0,0,0,0,0,0,0,0,1,0,,0,0,0,0,0.0,0,0,0,0,0,0,0,0.0,0,0,0,0,0,0,0,0,0.0,0.0,0,0,0,0,0,0,0.0,0,0,0,0.0,0,0,0,0,1,100.0,0,0,0,0,0.0,0,0,1,1,0,0,Daniel Yáñez,Real Madrid,1546404,2829
0,0,0.0,0,0,0.0,1,0,1,33.33,0,0.0,0,1,0,0,0,0,1,0,0,0,0,0,0,0,0,0,0,1,0,0,0.0,,0,0,0.0,0,0,0,0,0,0,0,0,,0,0.0,0,0,0,2,0,0,0,0,1,0,,0,0,0,0,0.0,0,0,0,0,3,0,0,0.0,0,0,0,0,0,0,0,0,0.0,0.0,0,0,0,0,0,0,0.0,0,0,0,0.0,0,0,1,0,0,0.0,0,2,1,3,0.0,0,0,4,0,0,0,Tadeo Allende,Celta Vigo,1108451,2821
0,0,0.0,0,0,0.0,0,0,0,0.0,0,0.0,0,2,0,0,0,0,0,0,0,0,0,2,0,0,0,1,0,1,0,0,0.0,,0,0,0.0,0,0,0,0,0,0,0,0,,0,0.0,0,0,0,0,0,0,0,0,4,0,,0,0,0,0,0.0,0,0,0,0,1,0,0,0.0,0,0,0,0,0,0,0,0,0.0,0.0,0,0,0,0,0,0,0.0,0,0,0,0.0,0,0,0,0,0,0.0,0,0,0,0,0.0,0,0,4,0,0,0,Lorenzo Aguado,Real Madrid,1526535,2829
