accurateChippedPasses,accurateCrosses,accurateCrossesPercentage,accurateFinalThirdPasses,accurateLongBalls,accurateLongBallsPercentage,accurateOppositionHalfPasses,accurateOwnHalfPasses,accuratePasses,accuratePassesPercentage,aerialDuelsWon,aerialDuelsWonPercentage,aerialLost,appearances,assists,attemptPenaltyMiss,attemptPenaltyPost,attemptPenaltyTarget,ballRecovery,bigChancesCreated,bigChancesMissed,blockedShots,cleanSheet,clearances,countRating,crossesNotClaimed,directRedCards,dispossessed,dribbledPast,duelLost,errorLeadToGoal,errorLeadToShot,expectedAssists,expectedGoals,fouls,freeKickGoal,goalConversionPercentage,goalKicks,goals,goalsAssistsSum,goalsConceded,goalsConcededInsideTheBox,goalsConcededOutsideTheBox,goalsFromInsideTheBox,goalsFromOutsideTheBox,goalsPrevented,groundDuelsWon,groundDuelsWonPercentage,headedGoals,highClaims,hitWoodwork,inaccuratePasses,interceptions,keyPasses,leftFootGoals,matchesStarted,minutesPlayed,offsides,outfielderBlocks,ownGoals,passToAssist,penaltiesTaken,penaltyConceded,penaltyConversion,penaltyFaced,penaltyGoals,penaltySave,penaltyWon,possessionLost,possessionWonAttThird,punches,rating,redCards,rightFootGoals,runsOut,savedShotsFromInsideTheBox,savedShotsFromOutsideTheBox,saves,savesCaught,savesParried,scoringFrequency,setPieceConversion,shotFromSetPiece,shotsFromInsideTheBox,shotsFromOutsideTheBox,shotsOffTarget,shotsOnTarget,successfulDribbles,successfulDribblesPercentage,successfulRunsOut,tackles,tacklesWon,tacklesWonPercentage,totalAttemptAssist,totalChippedPasses,totalContest,totalCross,totalDuelsWon,totalDuelsWonPercentage,totalLongBalls,totalOppositionHalfPasses,totalOwnHalfPasses,totalPasses,totalRating,totalShots,totwAppearances,touches,wasFouled,yellowCards,yellowRedCards,player,team,player id,team id
1,0,0.0,1,8,50.0,5,25,30,78.95,2,100.0,0,1,0,0,0,0,11,0,0,0,0,2,1,0,0,0,0,1,1,0,,,1,0,0.0,0,0,0,2,0,2,0,0,,0,0.0,0,1,0,8,0,0,0,1,90,0,,0,0,0,1,0.0,1,0,1,0,9,0,2,7.9,0,0,2,4,4,8,0,1,0.0,0.0,0,0,0,0,0,0,0.0,1,0,0,0.0,0,1,0,0,2,66.67,16,13,25,38,7.9,0,0,56,0,1,0,Quentin Braat,Real Oviedo,826568,2851
1,0,0.0,3,0,0.0,6,9,15,68.18,2,66.67,1,1,0,0,0,0,4,0,0,0,0,5,1,0,0,1,0,4,0,0,,,2,0,0.0,0,0,0,0,0,0,0,0,,7,70.0,0,0,0,7,0,0,0,1,60,0,,0,0,0,0,0.0,0,0,0,0,8,0,0,7.7,0,0,0,0,0,0,0,0,0.0,0.0,0,0,0,0,0,3,100.0,0,4,2,50.0,0,2,3,0,9,69.23,1,11,11,22,7.7,0,0,47,0,0,0,Carlos Clerc,Elche,192430,2846
2,0,0.0,1,9,50.0,8,15,23,71.88,0,0.0,0,1,0,0,0,0,6,0,0,0,1,1,1,0,0,0,0,0,0,0,,,0,0,0.0,10,0,0,0,0,0,0,0,,0,0.0,0,1,0,9,0,0,0,1,90,0,,0,0,0,0,0.0,0,0,0,0,9,0,0,7.5,0,0,1,3,0,3,0,0,0.0,0.0,0,0,0,0,0,0,0.0,1,0,0,0.0,0,3,0,0,0,0.0,18,17,15,32,7.5,0,0,40,0,0,0,Alfonso Pastor,Levante UD,872868,2849
15,42,25.61,435,25,41.67,677,190,825,70.03,7,26.92,19,41,17,0,0,2,142,27,16,32,3,17,41,0,0,64,35,212,0,1,,,26,0,14.41,0,16,33,44,41,3,15,1,,178,47.98,0,0,2,353,21,84,15,39,3351,17,,0,0,7,0,71.43,0,5,0,0,758,29,0,7.45,0,1,0,0,0,0,0,0,209.44,0.0,5,67,44,27,52,63,47.37,0,42,26,61.9,84,54,133,164,185,46.6,60,1097,245,1178,305.4,111,7,2095,73,8,0,Andrés Martín,Real Racing Club,922939,2835
55,59,30.26,318,55,47.83,567,243,751,74.43,26,37.68,43,35,6,0,0,1,140,10,2,18,3,24,35,0,0,54,34,220,0,0,,,44,0,11.11,0,10,16,27,23,4,8,2,,188,51.51,2,0,3,258,12,68,1,28,2467,9,,0,0,1,0,0.0,0,0,0,1,585,18,0,7.44,1,7,0,0,0,0,0,0,246.7,0.0,12,37,53,36,36,54,50.94,0,48,35,72.92,68,126,106,195,214,49.31,115,908,296,1009,260.4,90,6,1814,86,7,1,Javi Ontiveros,Cádiz,825750,4488
33,46,31.94,248,43,52.44,418,145,517,75.92,8,38.1,13,19,4,0,0,0,65,10,5,11,4,4,19,0,0,24,6,72,0,0,,,14,1,11.11,0,4,8,24,24,0,3,1,,45,43.27,0,0,1,164,5,63,4,18,1630,13,,0,1,0,0,0.0,0,0,0,0,338,24,0,7.44,0,0,0,0,0,0,0,0,407.5,9.09,11,16,20,14,11,9,37.5,0,14,8,57.14,62,79,24,144,53,42.4,82,661,164,681,141.3,36,3,1032,22,5,0,Lucas Pérez,Deportivo de A Coruña,107128,2832
35,3,16.67,213,33,64.71,351,194,542,74.04,49,43.75,63,41,8,0,1,1,82,10,27,35,8,26,41,0,0,58,9,231,0,0,,,51,0,15.98,0,27,35,54,47,7,25,2,,134,44.37,0,0,4,190,6,59,5,41,3643,13,,0,0,10,0,80.0,0,8,0,3,456,28,0,7.42,0,22,0,0,0,0,0,0,134.93,0.0,2,135,34,67,67,51,47.22,0,21,15,71.43,59,60,108,18,183,44.2,51,527,223,732,304.3,169,8,1444,63,9,0,Luis Javier Suárez,Almería,914213,2858
54,24,27.91,513,58,62.37,854,329,1159,81.39,6,18.75,26,42,11,0,0,0,183,23,5,17,5,7,42,0,0,69,34,189,0,0,,,28,0,14.58,0,7,18,32,30,2,6,1,,210,56.3,1,0,1,265,13,93,6,39,3398,5,,0,1,0,0,0.0,0,0,0,1,535,30,0,7.41,0,0,0,0,0,0,0,0,485.43,0.0,0,26,22,14,17,49,59.04,0,55,33,60.0,92,110,83,86,216,53.33,93,1136,374,1424,311.4,48,5,2113,107,4,0,Carlos Álvarez,Levante UD,1010656,2849
13,74,24.26,533,38,50.0,802,245,973,78.66,7,20.59,27,40,11,0,0,0,239,9,2,9,5,8,40,0,0,70,51,273,0,1,,,60,0,10.2,0,5,16,53,49,4,4,1,,219,47.1,0,0,1,264,18,122,0,38,3295,9,,0,1,2,0,100.0,0,2,0,0,741,45,0,7.4,0,5,0,0,0,0,0,0,659.0,0.0,0,28,21,21,19,96,57.14,0,77,50,64.94,121,33,168,305,226,45.29,76,1257,285,1237,295.8,49,5,2210,46,13,0,Cristian Carracedo,Córdoba,813737,2850
24,3,23.08,245,29,55.77,394,130,521,60.86,218,54.77,180,40,4,0,0,1,115,5,8,27,13,46,40,0,0,69,13,347,0,0,,,61,0,17.54,0,20,24,37,33,4,20,0,,132,44.15,6,0,2,335,13,46,4,40,3462,12,,0,0,4,0,75.0,0,3,0,1,592,34,0,7.36,0,10,0,0,0,0,0,0,173.1,0.0,0,90,24,40,47,29,42.03,0,15,10,66.67,46,40,69,13,350,50.22,52,699,170,856,294.5,114,6,1561,90,4,0,Joaquin Panichelli,Mirandés,1410925,35092
18,43,29.05,453,27,49.09,798,339,1094,86.21,5,20.0,20,33,8,1,0,1,153,13,4,20,8,8,33,0,0,61,19,192,0,0,,,59,0,10.71,0,6,14,23,20,3,4,2,,190,52.49,1,0,0,175,11,67,4,31,2583,3,,0,0,4,0,50.0,0,2,0,1,449,16,0,7.34,1,1,0,0,0,0,0,0,430.5,0.0,3,18,38,16,20,72,65.45,0,45,32,71.11,67,44,110,148,195,50.39,55,1039,378,1269,242.2,56,6,1951,73,8,1,Nicolás Fernández,Elche,962411,2846
134,26,18.57,833,97,43.3,1227,347,1548,73.89,2,15.38,11,40,10,0,0,0,207,32,5,11,3,9,40,0,0,62,53,214,0,0,,,41,0,7.32,0,3,13,42,39,3,3,0,,140,40.82,0,0,1,547,17,116,0,38,3336,19,,0,2,0,0,0.0,0,0,0,0,868,46,0,7.32,1,3,0,0,0,0,0,0,1112.0,0.0,1,27,14,14,16,28,35.44,0,59,35,59.32,114,268,79,140,142,39.89,224,1842,393,2095,292.7,41,7,2805,53,8,1,Iñigo Vicente,Real Racing Club,605674,2835
39,14,27.45,447,45,54.88,735,213,934,82.36,5,22.73,17,39,5,0,1,0,202,9,9,22,2,1,39,0,0,81,35,278,0,0,,,22,0,13.64,0,15,20,35,31,4,13,2,,247,48.62,0,0,7,200,14,49,2,35,3049,3,,0,0,5,0,80.0,0,4,0,2,583,33,0,7.31,0,13,0,0,0,0,0,0,203.27,0.0,2,74,36,40,48,128,50.59,0,43,27,62.79,49,80,253,51,252,47.55,82,942,243,1134,285.1,110,5,2023,76,2,0,Yeremay Hernández,Deportivo de A Coruña,1096950,2832
1,0,0.0,10,0,0.0,14,0,14,73.68,2,100.0,0,1,0,0,0,0,5,0,0,0,0,2,1,0,0,5,1,11,0,0,,,2,0,25.0,0,1,1,2,2,0,1,0,,4,26.67,0,0,0,5,0,1,1,1,90,0,,0,0,0,0,0.0,0,0,0,0,19,1,0,7.3,0,0,0,0,0,0,0,0,90.0,0.0,0,3,1,2,2,1,25.0,0,2,2,100.0,1,1,4,2,6,35.29,0,20,1,19,7.3,4,0,51,1,0,0,Largie Ramazani,Almería,909966,2858
0,0,0.0,0,0,0.0,2,0,2,66.67,0,0.0,0,1,0,0,0,0,0,0,0,0,0,1,1,0,0,0,1,1,0,0,,,0,0,0.0,0,0,0,1,1,0,0,0,,0,0.0,0,0,0,1,1,0,0,0,21,0,,0,0,0,0,0.0,0,0,0,0,4,0,0,7.3,0,0,0,0,0,0,0,0,0.0,0.0,0,0,0,0,0,0,0.0,0,0,0,0.0,0,0,0,1,0,0.0,0,4,0,3,7.3,0,0,12,0,0,0,Jota Domingo,Albacete Balompié,2041180,2848
8,0,0.0,6,27,38.03,10,92,102,69.39,0,0.0,0,6,0,0,0,0,48,0,0,0,1,6,6,0,0,0,0,0,0,0,,,0,0,0.0,60,0,0,11,11,0,0,0,,1,100.0,0,1,0,45,0,0,0,6,540,0,,0,0,0,0,0.0,1,0,0,0,45,0,3,7.3,0,0,5,17,10,27,0,4,0.0,0.0,0,0,0,0,0,0,0.0,4,0,0,0.0,0,14,0,0,1,100.0,71,44,103,147,43.8,0,2,209,1,0,0,Cristian Rivero,Albacete Balompié,914744,2848
66,0,0.0,79,267,35.6,179,632,811,62.58,13,92.86,1,41,0,0,0,0,353,1,0,0,16,41,41,0,0,1,2,5,0,0,,,2,0,0.0,323,0,0,44,40,4,0,0,,8,66.67,0,38,0,485,0,6,0,41,3690,0,,0,0,0,1,0.0,8,0,3,0,496,0,11,7.3,0,0,17,88,57,146,0,27,0.0,0.0,0,0,0,0,0,0,0.0,17,1,1,100.0,6,112,0,0,21,80.77,750,597,699,1296,299.1,0,4,1758,10,2,0,Alfonso Herrero,Málaga CF,96371,2830
38,0,0.0,101,281,35.84,209,498,707,58.19,6,85.71,1,35,0,0,0,0,285,0,0,0,6,44,35,0,0,1,1,5,1,1,,,3,0,0.0,350,0,0,65,58,7,0,0,,6,60.0,0,21,0,508,0,3,0,35,3150,0,,1,0,0,2,0.0,7,0,2,0,519,0,20,7.25,0,0,12,98,52,151,1,29,0.0,0.0,0,0,0,0,0,4,100.0,11,0,0,0.0,3,84,4,0,12,70.59,784,644,571,1215,253.8,0,5,1568,2,2,0,Pablo Cunat Campos,FC Cartagena,2660173,24329
0,1,25.0,10,2,100.0,14,9,22,88.0,1,100.0,0,2,0,0,0,0,2,0,0,0,0,0,2,0,0,2,0,2,0,0,,,0,0,0.0,0,0,0,0,0,0,0,0,,0,0.0,0,0,0,3,1,1,0,0,34,0,,0,0,0,0,0.0,0,0,0,0,9,0,0,7.25,0,0,0,0,0,0,0,0,0.0,0.0,0,2,2,1,3,0,0.0,0,0,0,0.0,1,1,0,4,1,33.33,2,20,9,25,14.5,4,0,39,0,0,0,Diego Díaz,Real Racing Club,1892533,2835
22,19,19.19,265,36,45.57,435,185,601,70.54,63,50.0,63,34,4,0,0,0,121,9,7,17,8,46,34,0,0,21,31,198,0,1,,,51,0,20.34,0,12,16,38,38,0,12,0,,134,49.81,3,0,2,251,13,34,6,33,2773,20,,0,0,0,0,0.0,0,0,0,0,523,16,0,7.25,0,3,0,0,0,0,0,0,231.08,0.0,0,49,10,17,25,43,53.75,0,50,35,70.0,34,45,80,99,197,49.87,79,718,233,852,246.4,59,4,1579,43,6,0,Raúl Sánchez,CD Castellón,900989,5067
74,9,31.03,414,98,62.42,799,698,1488,84.74,61,53.98,52,42,2,0,0,0,251,4,1,14,14,69,42,0,0,40,45,211,0,1,,,45,0,11.43,0,4,6,37,32,5,3,1,,228,58.91,0,0,1,268,54,35,0,42,3697,0,,0,0,0,0,0.0,0,0,0,0,430,11,0,7.24,0,4,0,0,0,0,0,0,924.25,0.0,0,10,25,15,6,50,61.73,0,110,68,61.82,35,119,81,29,289,57.8,157,1010,775,1756,303.9,35,4,2481,71,2,0,Jon Gorrotxategi,Mirandés,1216309,35092
75,35,27.13,354,88,67.69,627,344,936,86.19,6,25.0,18,32,5,0,1,0,94,13,2,5,0,7,32,0,0,18,9,71,0,0,,,6,0,10.71,0,3,8,21,17,4,3,0,,87,62.14,0,0,1,150,16,58,0,24,1913,1,,0,0,3,0,66.67,0,2,0,0,318,11,0,7.23,0,3,0,0,0,0,0,0,637.67,0.0,4,12,16,14,9,24,54.55,0,30,12,40.0,58,119,44,129,93,56.71,130,847,368,1086,231.4,28,3,1489,33,1,0,Santi Cazorla,Real Oviedo,17651,2851
42,15,17.24,235,58,50.88,408,185,578,71.36,56,56.0,44,34,6,0,0,0,121,10,1,27,3,19,34,0,1,57,37,240,0,0,,,53,1,8.41,1,9,15,34,32,2,7,2,,124,38.75,0,0,4,232,10,43,4,30,2586,5,,0,1,3,0,100.0,0,3,0,0,522,22,0,7.22,1,5,0,0,0,0,0,0,287.33,6.67,15,52,55,49,31,42,43.75,0,44,32,72.73,42,78,96,87,180,42.86,114,673,224,810,245.5,107,3,1512,38,5,0,Jacobo González,Córdoba,1031543,2850
34,28,22.76,325,36,55.38,484,127,583,72.42,15,30.61,34,32,11,0,0,0,128,19,8,27,2,10,32,0,0,61,38,239,0,3,,,52,0,7.41,0,6,17,34,33,1,5,1,,150,42.25,1,0,1,222,10,60,5,26,2231,7,,0,0,0,1,0.0,0,0,0,0,539,17,0,7.21,0,0,0,0,0,0,0,0,371.83,0.0,2,49,32,34,20,64,52.89,0,42,25,59.52,60,79,121,123,165,40.84,65,776,152,805,230.8,81,7,1532,46,7,0,Álex Calatrava,CD Castellón,1136863,5067
134,51,34.46,418,119,53.85,727,398,1074,74.9,26,30.95,58,41,4,0,0,0,158,11,2,10,8,34,41,0,0,27,17,166,0,0,,,48,0,12.82,0,5,9,30,26,4,5,0,,120,52.63,2,0,2,360,27,64,2,40,3356,2,,0,1,0,0,0.0,0,0,0,0,574,22,0,7.21,0,1,0,0,0,0,0,0,671.2,0.0,3,19,20,16,13,22,50.0,0,70,41,58.57,63,241,44,148,146,46.79,221,1125,457,1434,295.5,39,2,2043,32,3,0,Alberto Reina,Mirandés,882475,35092
77,18,26.47,381,104,65.41,801,585,1368,89.18,18,40.91,26,35,4,0,0,0,144,7,3,16,5,22,35,0,0,28,18,157,0,2,,,50,1,11.11,0,6,10,26,24,2,4,2,,166,55.89,0,0,0,166,23,34,2,29,2613,3,,0,0,1,0,100.0,0,1,0,0,334,21,0,7.21,0,4,0,0,0,0,0,0,435.5,20.0,5,27,27,18,20,41,52.56,0,46,25,54.35,34,121,78,68,184,53.96,159,983,619,1534,252.2,54,2,2110,81,6,0,Giorgi Kochorashvili,Levante UD,886402,2849
69,3,33.33,361,116,48.54,975,1028,2000,90.33,41,60.29,27,33,2,0,0,0,87,2,0,4,11,103,33,0,0,3,12,70,0,0,,,29,0,8.0,7,2,4,19,19,0,1,1,,67,60.91,1,0,0,214,25,13,1,29,2565,1,,0,0,0,0,0.0,0,0,0,0,252,1,0,7.2,0,0,0,0,0,0,0,0,1282.5,0.0,1,6,19,12,9,4,57.14,0,40,23,57.5,13,132,7,9,108,60.67,239,1146,1077,2214,237.6,25,4,2558,23,4,0,Pedro Bigas,Elche,141832,2846
59,0,0.0,37,190,45.35,129,404,533,69.67,5,100.0,0,23,0,0,0,0,215,0,0,0,7,15,22,0,0,1,1,2,3,0,,,0,0,0.0,152,0,0,25,19,6,0,0,,5,71.43,0,19,0,232,0,1,0,22,1983,0,,0,0,0,0,0.0,3,0,1,0,240,0,5,7.2,0,0,7,48,24,73,1,12,0.0,0.0,0,0,0,0,0,4,100.0,7,0,0,0.0,1,104,4,0,10,83.33,419,318,447,765,158.4,0,3,983,1,0,0,Diego Mariño,Granada,69379,33779
52,1,25.0,266,95,46.8,987,1441,2427,90.32,83,62.88,49,40,2,0,0,0,148,2,4,0,17,157,40,0,0,7,17,109,1,2,,,31,0,0.0,13,0,2,29,26,3,0,0,,114,65.52,0,0,1,260,51,13,0,35,3203,8,,0,0,0,1,0.0,0,0,0,0,297,2,0,7.2,0,0,0,0,0,0,0,0,0.0,0.0,0,12,2,9,5,8,57.14,0,80,54,67.5,13,101,14,4,197,64.38,203,1156,1535,2687,287.8,14,7,3169,27,3,0,David Affengruber,Elche,988672,2846
12,0,0.0,14,97,42.92,56,237,293,69.43,3,100.0,0,14,0,0,0,0,109,0,0,0,5,14,14,0,0,0,1,1,0,0,,,0,0,0.0,131,0,0,10,9,1,0,0,,0,0.0,0,13,0,129,0,0,0,14,1260,0,,1,0,0,0,0.0,0,0,0,0,131,0,8,7.19,0,0,7,23,18,41,0,6,0.0,0.0,0,0,0,0,0,0,0.0,6,0,0,0.0,0,20,0,0,3,75.0,226,167,255,422,100.7,0,0,559,0,3,0,Fernando Martínez,Almería,139925,2858
82,78,31.33,359,79,58.52,610,240,772,77.9,3,25.0,9,38,8,0,0,1,138,18,5,8,4,13,38,0,1,48,21,166,0,0,,,34,1,4.65,0,2,10,38,35,3,1,1,,161,50.63,0,0,3,219,10,85,2,33,2882,6,,0,3,1,0,0.0,0,0,0,1,591,11,0,7.19,1,0,0,0,0,0,0,0,1441.0,10.0,10,22,21,21,14,52,45.61,0,48,36,75.0,82,145,114,249,164,49.7,135,967,273,991,273.2,43,1,1784,61,2,0,Luismi Cruz,CD Tenerife,966526,2822
31,38,20.32,283,41,44.57,542,267,771,77.25,17,48.57,18,36,11,0,0,1,140,14,8,12,6,19,36,0,1,22,24,134,0,1,,,39,0,11.29,0,7,18,36,33,3,7,0,,110,48.67,0,0,2,227,29,54,1,33,2925,14,,0,0,3,0,66.67,0,2,0,1,525,16,0,7.18,1,6,0,0,0,0,0,0,417.86,0.0,4,29,33,24,26,38,54.29,0,42,27,64.29,54,60,70,187,127,48.66,92,856,329,998,258.5,62,2,1677,30,9,0,Álex Sancris,Burgos Club de Fútbol,1398518,2854
67,0,0.0,47,264,40.99,185,439,624,61.84,8,100.0,0,32,0,0,0,0,309,0,0,0,10,31,32,0,0,1,1,2,0,1,,,0,0,100.0,223,1,1,31,29,2,1,0,,6,75.0,1,35,0,385,0,2,0,32,2880,0,,0,0,0,0,0.0,3,0,0,0,394,0,12,7.16,0,0,18,60,25,87,0,13,2880.0,0.0,0,1,0,0,1,1,100.0,17,3,3,100.0,2,118,1,0,14,87.5,644,507,502,1009,229.2,1,0,1307,4,1,0,Jon Mikel Magunagoitia,Eibar,990095,2839
35,12,23.08,229,38,57.58,391,201,580,75.32,52,57.78,38,37,5,0,0,0,93,4,9,24,1,26,37,0,0,29,23,143,0,0,,,40,0,10.1,0,10,15,32,27,5,10,0,,105,50.0,1,0,2,190,17,31,2,32,2461,11,,0,0,0,0,0.0,0,0,0,0,335,12,0,7.16,0,7,0,0,0,0,0,0,246.1,0.0,0,70,29,43,32,18,48.65,0,44,28,63.64,31,56,37,52,157,52.33,66,575,247,770,264.8,99,4,1254,43,2,0,Léo Baptistão,Almería,252857,2858
5,46,27.06,232,12,54.55,402,133,489,84.6,2,14.29,12,32,10,0,0,0,65,16,5,4,0,10,31,0,0,8,8,65,0,0,,,15,0,16.67,0,4,14,16,15,1,4,0,,71,57.26,0,0,0,89,9,45,2,20,1770,9,,0,1,0,0,0.0,0,0,0,0,280,10,0,7.15,0,2,0,0,0,0,0,0,442.5,0.0,0,23,1,8,12,27,54.0,0,22,17,77.27,44,13,50,170,73,52.9,22,595,153,578,221.8,24,2,1020,22,5,0,Josan,Elche,808955,2846
4,1,20.0,52,4,50.0,89,66,154,81.91,10,19.61,41,18,1,0,0,0,45,2,13,5,0,2,18,0,0,9,11,78,0,1,,,11,0,28.57,0,14,15,23,20,3,13,1,,25,40.32,2,0,1,34,2,4,3,15,1416,11,,0,0,2,0,100.0,0,2,0,0,93,10,0,7.15,0,9,0,0,0,0,0,0,101.14,0.0,1,35,14,14,30,7,53.85,0,7,2,28.57,4,8,13,5,35,30.97,8,121,72,188,128.7,49,4,357,12,3,0,Myrto Uzuni,Granada,895533,33779
28,9,26.47,142,27,34.62,259,260,510,77.63,40,59.7,27,18,0,0,0,0,60,1,2,7,6,68,18,0,0,5,9,78,0,1,,,22,0,21.05,0,4,4,12,10,2,4,0,,59,53.64,1,0,0,147,17,12,1,18,1600,3,,0,0,0,0,0.0,0,0,0,0,235,5,0,7.15,0,2,0,0,0,0,0,0,400.0,0.0,0,13,6,5,7,12,41.38,0,24,15,62.5,12,57,29,34,99,55.93,78,392,299,657,128.7,19,2,1122,23,5,0,Nacho Vidal,Real Oviedo,844752,2851
12,0,0.0,5,16,41.03,14,15,29,55.77,0,0.0,0,2,0,0,0,0,11,0,0,0,1,6,2,0,0,0,0,0,0,0,,,0,0,0.0,19,0,0,2,1,1,0,0,,0,0.0,0,1,0,23,0,0,0,2,180,0,,0,0,0,0,0.0,0,0,0,0,23,0,2,7.15,0,0,2,4,2,6,0,2,0.0,0.0,0,0,0,0,0,0,0.0,2,0,0,0.0,0,24,0,0,0,0.0,39,33,19,52,14.3,0,0,72,0,0,0,Victor Wehbi Aznar,Cádiz,1011486,4488
71,0,0.0,59,299,45.65,176,795,971,72.52,14,100.0,0,41,0,0,0,0,352,0,0,0,16,61,41,0,0,0,0,0,2,1,,,0,0,0.0,203,0,0,40,35,5,0,0,,8,100.0,0,27,0,368,0,4,0,41,3690,0,,0,0,0,0,0.0,8,0,2,0,373,0,22,7.15,0,0,51,77,30,107,0,12,0.0,0.0,0,0,0,0,0,0,0.0,51,1,1,100.0,4,118,0,0,22,100.0,655,451,888,1339,293.1,0,2,1718,9,3,0,Aarón Escandell,Real Oviedo,368922,2851
48,0,0.0,57,264,36.36,184,371,555,54.57,5,100.0,0,32,0,0,0,0,238,0,0,0,10,23,32,0,0,0,0,0,0,0,,,0,0,0.0,276,0,0,28,27,1,0,0,,4,100.0,0,21,0,462,0,2,0,32,2857,0,,1,0,0,0,0.0,3,0,1,0,467,0,8,7.15,0,0,10,60,41,103,0,16,0.0,0.0,0,0,0,0,0,0,0.0,10,0,0,0.0,2,78,0,0,9,100.0,726,580,437,1017,228.7,0,2,1259,6,3,0,Dani Jiménez,Huesca,96968,24265
85,34,30.91,303,102,58.62,636,580,1182,83.06,19,45.24,23,32,4,0,0,0,170,11,0,7,5,17,32,0,0,24,13,120,0,0,,,41,0,3.33,0,1,5,21,20,1,1,0,,102,51.26,0,0,0,241,23,49,1,27,2207,1,,0,0,0,0,0.0,0,0,0,0,409,14,0,7.14,0,0,0,0,0,0,0,0,2207.0,0.0,5,4,26,16,7,22,53.66,0,36,22,61.11,49,137,41,110,121,50.21,174,901,632,1423,228.5,30,4,1894,46,10,0,Matheus Pereira,Eibar,795268,2839
36,11,22.92,171,102,40.0,458,672,1119,80.04,65,55.08,53,31,1,0,0,0,107,2,0,5,8,180,31,0,1,9,16,127,0,0,,,45,0,14.29,1,3,4,32,28,4,3,0,,87,54.04,1,0,0,279,57,19,0,30,2649,0,,0,0,0,0,0.0,0,0,0,0,425,6,0,7.13,1,2,0,0,0,0,0,0,883.0,0.0,0,15,6,11,5,14,70.0,0,50,36,72.0,19,90,20,48,152,54.48,255,697,749,1398,221.1,21,4,2189,23,8,0,Miguel Loureiro,Huesca,811611,24265
79,53,35.57,391,108,56.25,717,412,1076,80.9,35,45.45,42,37,5,0,0,0,131,8,1,24,1,39,37,0,0,24,29,162,0,2,,,41,0,5.95,0,5,10,39,35,4,3,2,,89,42.58,0,0,3,254,25,68,1,32,2632,0,,0,1,1,0,100.0,0,1,0,0,463,22,0,7.13,0,4,0,0,0,0,0,0,526.4,0.0,4,18,66,34,26,12,28.57,0,39,20,51.28,67,127,42,149,124,43.36,192,1016,463,1330,263.8,84,3,1944,39,11,0,Alex Sala,Córdoba,1157382,2850
160,18,26.47,385,208,70.75,876,899,1757,86.25,35,62.5,21,38,2,0,0,0,160,3,0,8,6,71,38,0,0,13,47,124,1,0,,,44,0,4.17,1,1,3,33,29,4,1,0,,118,53.39,0,0,0,280,40,36,0,32,2793,2,,1,0,0,1,0.0,0,0,0,0,381,15,0,7.13,0,1,0,0,0,0,0,0,2793.0,0.0,1,6,18,14,2,11,73.33,0,55,33,60.0,36,249,15,68,153,55.23,294,1122,983,2037,270.9,24,2,2509,53,7,0,Manu Molina,Málaga CF,128950,2830
40,6,12.24,342,24,45.28,599,239,832,74.89,35,36.84,60,37,9,0,0,0,168,16,13,16,6,22,37,0,0,61,14,229,0,0,,,51,0,11.27,0,8,17,43,37,6,7,1,,116,40.7,2,0,0,279,17,48,0,36,3153,11,,0,0,1,0,100.0,0,1,0,6,543,33,0,7.13,0,6,0,0,0,0,0,0,394.13,0.0,1,52,19,25,30,44,47.83,0,22,11,50.0,48,80,92,49,151,39.74,53,869,291,1111,263.7,71,3,1719,51,6,0,Jonathan Dubasin,Sporting Gijón,1094517,2852
34,31,21.38,244,51,44.74,480,398,847,78.57,36,51.43,34,34,6,0,0,1,146,6,4,12,9,53,34,0,0,20,25,157,0,0,,,59,0,11.11,0,6,12,26,25,1,5,1,,103,45.58,0,0,2,231,42,35,1,34,2884,8,,1,0,3,1,66.67,0,2,0,0,481,10,0,7.13,0,5,0,0,0,0,0,0,480.67,0.0,0,26,28,21,21,29,52.73,0,41,29,70.73,35,74,55,145,139,46.96,114,762,461,1078,242.3,54,1,1901,33,12,0,José Corpas,Eibar,811572,2839
7,16,32.65,149,29,42.03,263,216,463,80.52,8,32.0,17,21,4,0,0,0,54,4,0,2,7,40,21,0,0,17,5,58,0,1,,,11,0,21.43,0,3,7,18,14,4,1,2,,55,57.29,0,0,1,112,16,29,3,20,1735,2,,0,1,0,0,0.0,0,0,0,0,209,1,0,7.12,0,0,0,0,0,0,0,0,578.33,0.0,0,7,7,7,5,13,61.9,0,29,18,62.07,28,26,21,49,63,52.07,69,381,243,575,149.6,14,2,996,13,1,0,Mario Climent,Cádiz,1099547,4488
222,0,0.0,87,404,47.7,235,1154,1389,74.68,12,92.31,1,38,0,0,0,0,360,1,0,0,16,32,38,0,0,0,2,3,3,4,,,0,0,0.0,224,0,0,33,30,3,0,0,,2,50.0,0,32,0,471,0,3,0,38,3420,0,,0,0,0,0,0.0,2,0,0,0,483,0,13,7.12,0,0,20,54,33,88,0,18,0.0,0.0,0,0,0,0,0,0,0.0,19,0,0,0.0,3,316,0,0,14,82.35,847,603,1257,1860,270.7,0,1,2192,2,0,0,Matías Dituro,Elche,556884,2846
33,23,26.44,394,58,68.24,868,781,1626,91.81,28,51.85,26,37,5,0,0,0,110,8,1,5,12,72,37,0,0,28,19,114,1,2,,,26,0,7.14,0,2,7,28,26,2,0,2,,101,53.44,0,0,0,145,32,41,1,33,3001,2,,0,1,0,0,0.0,0,0,0,0,303,4,0,7.12,0,1,0,0,0,0,0,0,1500.5,0.0,0,14,14,14,9,9,37.5,0,48,30,62.5,40,49,24,87,129,53.09,85,1038,820,1771,263.5,28,2,2482,44,4,0,Álvaro Núñez,Elche,1012410,2846
35,1,50.0,147,88,51.76,375,1020,1394,88.06,83,66.4,42,36,1,0,0,0,70,3,7,2,11,229,36,0,1,6,9,91,0,1,,,35,0,10.0,48,2,3,33,29,4,2,0,,53,51.96,1,0,1,189,39,12,0,36,3184,4,,1,0,0,1,0.0,0,0,0,1,216,1,0,7.12,2,0,0,0,0,0,0,0,1592.0,0.0,0,20,0,11,7,1,25.0,0,29,16,55.17,12,57,4,2,136,59.91,170,508,1077,1583,256.3,20,4,2071,28,10,1,Jorge Pulido,Huesca,69385,24265
1,13,31.71,191,8,53.33,323,88,398,88.05,6,35.29,11,18,3,0,0,0,32,4,2,7,2,9,18,0,0,12,4,60,0,0,,,6,0,8.7,0,2,5,8,7,1,2,0,,56,53.33,0,0,2,54,2,25,0,18,1376,4,,0,1,0,0,0.0,0,0,0,0,156,5,0,7.11,0,2,0,0,0,0,0,0,688.0,0.0,0,19,4,3,13,24,47.06,0,18,10,55.56,24,4,51,41,62,50.82,15,393,100,452,128.0,23,1,704,14,2,0,Yago Santiago,Elche,1092515,2846
36,2,25.0,471,25,51.02,1075,791,1864,90.71,4,23.53,13,37,0,0,0,0,176,1,0,2,11,29,37,0,0,65,31,160,0,1,,,31,0,7.14,0,1,1,27,25,2,1,0,,255,63.43,0,0,0,191,32,24,1,36,3083,0,,0,0,0,0,0.0,0,0,0,0,334,10,0,7.11,0,0,0,0,0,0,0,0,3083.0,0.0,0,5,9,5,7,35,60.34,0,100,59,59.0,24,53,58,8,259,61.81,49,1223,840,2055,263.1,14,2,2651,120,10,0,Aleix Febas,Elche,286167,2846
17,0,0.0,23,22,44.9,129,277,406,88.07,19,52.78,17,10,0,0,0,0,32,1,0,0,0,41,10,0,0,1,8,34,0,0,,,9,0,20.0,0,1,1,13,12,1,1,0,,30,63.83,0,0,1,55,6,2,0,8,734,0,,0,0,0,0,0.0,0,0,0,0,62,0,0,7.11,0,1,0,0,0,0,0,0,734.0,0.0,0,4,1,3,2,2,100.0,0,23,14,60.87,2,32,2,0,49,59.04,49,164,297,461,71.1,5,1,580,5,1,0,Lisandro López,Burgos Club de Fútbol,174377,2854
12,39,28.26,387,22,38.6,697,313,971,82.99,20,55.56,16,41,3,0,0,0,112,8,9,23,2,9,41,0,1,29,11,122,0,1,,,21,0,10.26,0,8,11,30,25,5,6,2,,111,51.15,1,0,0,199,18,73,3,30,2596,4,,0,0,0,0,0.0,0,0,0,0,445,23,0,7.11,1,4,0,0,0,0,0,0,324.5,0.0,6,39,39,26,29,34,43.04,0,31,19,61.29,73,40,79,138,131,51.78,57,962,346,1170,291.4,78,5,1760,46,3,0,Sergio Arribas,Almería,997203,2858
63,13,26.0,223,76,55.88,609,794,1390,88.87,35,68.63,16,28,5,0,0,0,95,2,0,9,3,60,28,0,0,8,28,95,0,1,,,38,0,0.0,0,0,5,22,19,3,0,0,,97,55.11,0,0,0,174,28,27,0,23,1968,2,,0,0,0,0,0.0,0,0,0,0,245,6,0,7.11,0,0,0,0,0,0,0,0,0.0,0.0,4,1,18,6,4,3,33.33,0,59,37,62.71,27,104,9,50,132,58.15,136,764,850,1564,199.0,19,3,1922,35,5,0,José Ángel Jurado,Deportivo de A Coruña,152770,2832
123,0,0.0,89,365,38.18,213,896,1109,64.78,7,100.0,0,40,0,0,0,0,417,1,0,0,8,56,40,0,0,0,4,5,2,1,,,1,0,0.0,212,0,0,58,56,2,0,0,,7,58.33,0,26,0,603,2,1,0,39,3520,0,,0,0,0,1,0.0,12,0,0,0,616,0,9,7.11,0,0,88,82,36,120,1,25,0.0,0.0,0,0,0,0,0,1,100.0,88,3,1,33.33,1,205,1,0,14,73.68,956,710,1002,1712,284.2,0,0,2151,2,1,0,Gonzalo Crettaz,CD Castellón,990798,5067
48,29,42.03,422,57,62.64,828,408,1207,88.1,3,42.86,4,34,2,0,0,0,106,4,4,12,3,15,33,0,0,25,17,87,0,1,,,29,0,6.9,0,4,6,26,24,2,3,1,,81,49.39,0,0,3,163,16,40,0,25,2300,0,,0,1,1,0,100.0,0,1,0,0,289,13,0,7.1,0,4,0,0,0,0,0,0,575.0,0.0,3,17,41,24,22,26,59.09,0,36,22,61.11,39,74,44,69,84,49.12,91,998,441,1370,234.3,58,2,1755,19,4,0,Nicolás Castro,Elche,989877,2846
0,0,0.0,1,4,36.36,2,12,14,66.67,0,0.0,0,1,0,0,0,0,5,0,0,0,0,0,1,0,0,0,0,0,0,0,,,0,0,0.0,5,0,0,2,2,0,0,0,,0,0.0,0,1,0,7,0,0,0,1,90,0,,0,0,0,0,0.0,0,0,0,0,7,0,0,7.1,0,0,0,3,1,4,0,0,0.0,0.0,0,0,0,0,0,0,0.0,0,0,0,0.0,0,0,0,0,0,0.0,11,7,14,21,7.1,0,0,29,0,0,0,Carlos Lopez,Málaga CF,1442178,2830
1,0,0.0,5,17,45.95,16,21,37,64.91,1,100.0,0,2,0,0,0,0,20,0,0,0,0,3,2,0,0,0,0,0,0,0,,,0,0,0.0,18,0,0,4,4,0,0,0,,2,100.0,0,2,0,20,0,0,0,2,180,0,,0,0,0,0,0.0,0,0,0,0,21,0,0,7.1,0,0,0,5,3,8,0,2,0.0,0.0,0,0,0,0,0,1,100.0,0,0,0,0.0,0,2,1,0,3,100.0,37,30,27,57,14.2,0,0,78,1,0,0,Jhafets Reyes,FC Cartagena,1613843,24329
77,14,32.56,271,103,61.68,577,477,1040,85.39,36,53.73,31,29,1,1,0,0,128,3,1,7,2,35,29,0,0,6,32,118,0,1,,,46,0,9.68,0,3,4,28,24,4,3,0,,92,51.4,1,0,2,178,30,24,0,25,2135,2,,1,0,3,0,66.67,0,2,0,0,243,15,0,7.1,0,2,0,0,0,0,0,0,711.67,0.0,4,13,18,14,10,8,66.67,0,55,33,60.0,24,120,12,43,128,52.03,167,742,519,1218,205.8,31,1,1570,31,10,0,Rubén Alcaraz,Cádiz,259339,4488
52,0,0.0,32,191,36.73,103,704,807,70.48,11,91.67,1,37,0,0,0,0,294,0,0,0,11,50,37,1,0,0,3,4,1,2,,,1,0,0.0,230,0,0,43,40,3,0,0,,4,57.14,0,25,0,338,0,0,0,37,3330,0,,0,0,0,1,0.0,7,0,0,0,343,0,18,7.09,0,0,18,71,38,109,2,37,0.0,0.0,0,0,0,0,0,0,0.0,16,1,1,100.0,0,77,0,0,15,78.95,520,341,804,1145,262.5,0,0,1540,4,2,0,Helton Leite,Deportivo de A Coruña,329081,2832
36,53,21.54,215,38,46.91,410,173,530,73.41,5,50.0,5,39,6,0,0,1,110,14,3,24,0,11,39,0,0,38,19,113,0,1,,,12,0,9.76,0,8,14,43,36,7,8,0,,96,47.06,0,0,1,192,21,57,7,29,2579,7,,0,0,3,0,66.67,0,2,0,0,541,15,0,7.09,0,1,0,0,0,0,0,0,322.38,0.0,6,35,47,28,30,38,49.35,0,23,13,56.52,57,74,77,246,101,47.2,81,755,213,722,276.6,82,3,1424,35,3,0,Jon Morcillo,Albacete Balompié,966804,2848
6,0,0.0,19,64,38.1,49,127,176,62.19,3,100.0,0,10,0,0,0,0,105,0,0,0,4,15,10,0,0,0,0,0,0,0,,,0,0,0.0,81,0,0,10,10,0,0,0,,2,100.0,0,8,0,107,0,0,0,10,900,0,,0,0,0,0,0.0,0,0,0,0,109,0,5,7.09,0,0,9,19,7,26,0,5,0.0,0.0,0,0,0,0,0,1,100.0,9,1,0,0.0,0,11,1,0,5,100.0,168,142,141,283,70.9,0,1,385,0,0,0,Daniel Fuzato,Eibar,863276,2839
62,9,23.68,163,129,48.68,426,721,1138,83.8,54,60.0,36,32,1,0,0,0,117,6,3,7,6,161,32,0,0,6,9,95,0,0,,,43,0,7.14,2,2,3,27,25,2,2,0,,67,53.17,0,0,2,220,28,13,0,28,2549,0,,0,0,2,0,100.0,0,2,0,0,309,5,0,7.09,1,2,0,0,0,0,0,0,1274.5,0.0,1,20,8,13,8,3,37.5,0,37,21,56.76,13,135,8,38,121,56.02,265,624,772,1358,226.8,28,1,1870,27,10,1,Adrián de la Fuente,Levante UD,997244,2849
26,30,26.79,135,41,33.61,325,304,599,78.4,12,36.36,21,22,3,0,0,0,96,9,0,4,4,48,22,0,0,23,11,97,0,0,,,15,0,16.67,0,3,6,23,21,2,1,2,,74,49.33,0,0,0,165,19,30,2,22,1939,0,,0,0,0,1,0.0,0,0,0,0,380,4,0,7.08,0,1,0,0,0,0,0,0,646.33,0.0,0,4,14,9,5,25,45.45,0,42,34,80.95,30,63,55,112,86,46.99,122,525,351,764,155.7,18,2,1415,7,3,0,Andrés García,Levante UD,1457536,2849
28,28,24.78,351,23,62.16,575,218,765,86.15,17,24.29,53,38,2,0,0,1,107,8,5,8,3,8,38,0,0,38,20,159,0,1,,,21,0,28.95,0,11,13,46,44,2,10,1,,95,47.26,1,0,1,123,15,53,8,25,2307,10,,0,1,3,1,66.67,0,2,0,0,346,18,0,7.07,0,2,0,0,0,0,0,0,209.73,0.0,0,28,10,10,20,29,47.54,0,31,22,70.97,52,61,61,113,112,41.33,37,761,240,888,268.8,38,3,1394,35,4,0,Israel Suero,CD Castellón,891314,5067
19,0,0.0,22,82,34.75,51,173,224,58.79,4,100.0,0,15,0,0,0,0,146,0,0,0,3,16,15,0,1,0,0,0,0,0,,,0,0,0.0,97,0,0,23,21,2,0,0,,3,100.0,0,17,0,157,0,0,0,15,1350,0,,0,0,0,0,0.0,0,0,0,0,163,0,10,7.07,1,0,5,30,18,48,0,13,0.0,0.0,0,0,0,0,0,0,0.0,5,2,1,50.0,0,30,0,0,7,100.0,236,180,201,381,106.1,0,0,554,1,3,0,Salvi,CD Tenerife,1086428,2822
100,18,20.93,371,150,42.86,707,655,1344,75.98,56,59.57,38,40,2,0,0,0,214,2,1,6,8,118,40,0,0,5,34,143,1,1,,,49,0,0.0,0,0,2,45,42,3,0,0,,181,63.29,0,0,0,425,68,23,0,38,3478,5,,0,0,0,1,0.0,0,0,0,0,644,13,0,7.07,1,0,0,0,0,0,0,0,0.0,0.0,0,8,5,5,2,22,53.66,0,97,72,74.23,23,223,41,86,237,62.37,350,1101,754,1769,282.8,13,3,2770,65,6,1,Jeremy Mellot,CD Tenerife,988631,2822
52,2,66.67,122,81,38.57,455,826,1279,83.92,102,59.65,69,37,0,0,0,0,108,0,4,3,7,197,37,0,0,7,17,111,0,0,,,16,0,14.29,11,3,3,36,33,3,3,0,,84,66.67,1,0,2,245,27,7,0,29,2767,0,,0,0,0,0,0.0,0,0,0,1,284,1,0,7.07,0,2,0,0,0,0,0,0,922.33,0.0,0,20,1,10,8,8,66.67,0,49,38,77.55,7,111,12,3,186,62.63,210,623,904,1524,261.5,21,3,2030,31,4,0,Javi Castro,Real Racing Club,1017339,2835
64,30,27.52,318,71,51.45,594,418,982,81.22,16,48.48,17,36,2,0,0,1,101,7,5,13,1,33,36,0,0,15,17,91,0,0,,,15,0,6.0,0,3,5,30,28,2,2,1,,82,52.56,0,0,3,227,22,40,1,32,2579,12,,0,0,2,0,50.0,0,1,0,0,412,3,0,7.07,0,2,0,0,0,0,0,0,859.67,0.0,5,21,29,25,12,28,50.0,0,41,29,70.73,40,123,56,109,98,51.85,138,869,449,1209,254.4,50,2,1703,15,0,0,Pablo Martínez,Levante UD,927066,2849
12,0,0.0,2,22,38.6,15,63,78,67.24,0,0.0,0,3,0,0,0,0,16,0,0,0,3,2,3,0,0,0,0,0,0,0,,,1,0,0.0,17,0,0,0,0,0,0,0,,0,0.0,0,1,0,38,0,0,0,3,270,0,,0,0,0,0,0.0,0,0,0,0,38,0,1,7.07,0,0,1,3,3,6,0,0,0.0,0.0,0,0,0,0,0,0,0.0,1,0,0,0.0,0,20,0,0,0,0.0,57,47,69,116,21.2,0,0,132,0,0,0,Miguel San Román,Elche,913210,2846
70,0,0.0,125,168,54.37,577,1334,1911,87.66,106,63.1,62,40,0,0,0,0,114,0,2,3,11,256,40,0,0,2,10,99,0,2,,,25,0,0.0,1,0,0,40,37,3,0,0,,78,67.83,0,0,1,269,25,10,0,40,3600,1,,0,0,0,0,0.0,0,0,0,0,289,1,0,7.07,0,0,0,0,0,0,0,0,0.0,0.0,0,9,1,5,2,5,83.33,0,51,32,62.75,10,133,6,1,184,65.02,309,756,1425,2180,282.6,10,1,2658,22,9,0,Unai Elgezabal,Levante UD,813574,2849
60,0,0.0,65,256,40.25,167,481,648,62.97,9,81.82,2,36,0,0,0,0,340,1,0,0,12,51,36,0,1,0,2,5,0,0,,,1,0,0.0,245,0,0,41,34,7,0,0,,5,62.5,0,32,0,381,0,1,0,36,3184,0,,0,0,0,1,0.0,10,0,1,0,394,0,13,7.06,1,0,31,59,29,90,0,16,0.0,0.0,0,0,0,0,0,1,100.0,29,2,1,50.0,1,83,1,0,14,73.68,636,485,544,1029,254.3,0,2,1407,5,1,0,David Gil,Cádiz,138390,4488
64,1,12.5,127,119,53.36,508,1492,1999,90.13,113,63.48,65,41,3,0,0,0,117,3,3,3,15,215,41,0,0,3,7,107,0,1,,,31,0,10.53,46,2,5,38,31,7,2,0,,67,61.47,2,0,0,219,26,9,0,41,3669,1,,0,0,0,1,0.0,0,0,0,0,247,0,1,7.06,0,0,0,0,0,0,0,0,1834.5,0.0,0,19,0,10,6,2,50.0,0,49,30,61.22,9,116,4,8,180,62.72,223,659,1567,2218,289.3,19,4,2665,16,8,0,Dani Calvo,Real Oviedo,560756,2851
42,32,31.37,299,52,59.77,488,146,602,73.68,5,29.41,12,34,6,0,0,1,88,11,5,7,0,15,34,0,0,19,17,101,0,0,,,18,0,16.0,0,4,10,28,26,2,4,0,,74,45.4,0,0,0,215,5,68,4,23,1825,4,,0,0,1,0,0.0,0,0,0,1,403,13,0,7.05,0,0,0,0,0,0,0,0,456.25,0.0,2,17,8,7,11,29,44.62,0,16,9,56.25,68,85,65,102,79,43.89,87,729,190,817,239.8,25,0,1228,29,5,0,Fidel,Albacete Balompié,116607,2848
52,2,50.0,111,91,46.91,306,460,764,81.19,50,71.43,20,17,0,0,0,0,71,1,2,1,3,73,17,0,1,0,12,55,0,2,,,23,0,11.11,1,1,1,23,22,1,1,0,,49,58.33,1,0,0,177,24,8,0,17,1513,0,,0,0,0,0,0.0,0,0,0,0,193,1,0,7.05,1,0,0,0,0,0,0,0,1513.0,0.0,0,7,2,0,8,2,66.67,0,20,13,65.0,8,105,3,4,99,64.29,194,437,508,941,119.9,9,2,1170,27,6,0,Adrián Lapeña,Córdoba,788145,2850
27,8,20.0,188,34,37.78,362,304,658,75.2,46,60.53,30,31,1,0,0,0,92,4,2,7,3,65,31,0,0,12,10,95,1,1,,,24,0,16.0,0,4,5,35,31,4,4,0,,123,65.43,0,0,0,217,39,24,0,25,2174,1,,0,0,0,0,0.0,0,0,0,2,430,2,0,7.05,0,4,0,0,0,0,0,0,543.5,0.0,0,20,5,7,11,32,59.26,0,54,31,57.41,24,64,54,40,169,64.02,90,558,357,875,218.6,25,2,1595,38,7,0,Javier Rueda,Albacete Balompié,1008259,2848
34,20,20.41,246,57,50.0,498,515,993,81.86,50,72.46,19,36,4,0,0,0,127,4,2,5,6,89,36,0,0,16,11,109,0,0,,,39,0,3.13,0,1,5,40,34,6,1,0,,143,61.37,0,0,1,220,17,40,0,31,2824,1,,0,1,0,1,0.0,0,0,0,4,461,9,0,7.05,0,0,0,0,0,0,0,0,2824.0,0.0,0,18,14,15,12,41,61.19,0,43,25,58.14,39,67,67,98,193,63.91,114,722,589,1213,253.8,32,2,2106,60,6,0,Marc Pubill,Almería,1094106,2858
0,0,0.0,3,1,33.33,9,12,21,84.0,0,0.0,4,2,0,0,0,0,2,0,0,0,0,4,2,0,0,1,1,11,0,0,,,4,0,0.0,0,0,0,1,1,0,0,0,,7,50.0,0,0,0,4,5,0,0,1,97,0,,0,0,0,0,0.0,0,0,0,0,11,0,0,7.05,0,0,0,0,0,0,0,0,0.0,0.0,0,0,0,0,0,0,0.0,0,7,5,71.43,0,0,1,2,7,38.89,3,13,14,25,14.1,0,0,60,0,0,0,Álex López,Córdoba,1608443,2850
44,0,0.0,19,193,41.42,103,493,596,68.19,10,90.91,1,36,0,0,0,0,319,0,0,0,9,53,36,0,0,0,0,2,2,1,,,2,0,0.0,318,0,0,46,38,8,0,0,,4,80.0,0,21,0,278,1,0,0,36,3240,0,,1,0,0,2,0.0,7,0,1,0,284,0,32,7.05,0,0,11,69,34,104,1,15,0.0,0.0,0,0,0,0,0,0,0.0,10,0,0,0.0,0,68,0,0,14,87.5,466,318,556,874,253.8,0,2,1247,5,4,0,Raúl Lizoain,Albacete Balompié,129865,2848
25,0,0.0,16,97,29.13,54,479,533,68.95,16,88.89,2,42,0,0,0,0,376,0,0,0,11,67,42,0,0,0,2,5,3,1,,,1,0,0.0,272,0,0,51,46,5,0,0,,4,57.14,0,29,0,240,0,1,0,42,3780,0,,0,0,0,1,0.0,4,0,1,0,246,0,21,7.05,0,0,49,87,29,117,1,24,0.0,0.0,0,0,0,0,0,0,0.0,49,3,2,66.67,1,46,0,0,20,80.0,333,244,529,773,296.1,0,2,1257,2,2,0,Jokin Ezkieta,Real Racing Club,786969,2835
4,4,40.0,134,3,37.5,228,97,321,62.7,175,57.38,130,37,4,0,0,0,51,7,14,22,5,30,37,0,1,42,6,250,0,0,,,54,0,11.58,0,11,15,26,25,1,10,1,,66,35.48,3,0,3,191,7,28,5,31,2612,34,,0,0,0,0,0.0,0,0,0,1,362,17,0,7.05,1,3,0,0,0,0,0,0,237.45,0.0,0,69,26,37,36,19,39.58,0,16,9,56.25,28,7,48,10,241,49.08,8,402,120,512,260.8,95,6,978,32,5,0,Jon Bautista,Eibar,353262,2839
38,0,0.0,32,198,36.53,134,542,676,66.02,12,100.0,0,35,0,0,0,0,327,0,0,0,13,41,35,0,0,0,1,2,1,1,,,1,0,0.0,233,0,0,53,46,7,0,0,,3,60.0,0,20,0,348,0,1,0,35,3150,0,,0,0,0,0,0.0,6,0,1,0,357,0,21,7.05,0,0,7,58,42,104,1,24,0.0,0.0,0,0,0,0,0,0,0.0,7,0,0,0.0,1,52,0,0,15,88.24,542,423,601,1024,246.7,0,2,1366,6,2,0,Jesús Ruiz,Racing de Ferrol,849577,2843
23,2,66.67,54,44,41.9,156,415,569,81.52,38,69.09,17,19,0,0,0,0,51,1,2,3,2,81,19,0,0,1,6,46,0,0,,,21,0,23.08,8,3,3,18,18,0,2,1,,39,57.35,1,0,0,129,22,4,1,16,1326,0,,0,0,0,2,0.0,0,0,0,0,148,3,0,7.05,0,1,0,0,0,0,0,0,442.0,0.0,0,10,3,4,6,0,0.0,0,29,21,72.41,4,48,1,3,77,62.6,105,244,457,698,133.9,13,4,934,10,5,0,Rubén,Córdoba,867365,2850
13,0,0.0,31,29,37.66,101,231,332,83.42,19,55.88,15,13,0,0,0,0,33,0,0,0,3,88,13,0,0,4,4,26,0,0,,,5,0,0.0,0,0,0,12,10,2,0,0,,41,78.85,0,0,0,66,14,0,0,12,1057,0,,2,0,0,1,0.0,0,0,0,0,75,1,0,7.05,0,0,0,0,0,0,0,0,0.0,0.0,0,1,0,1,0,2,100.0,0,35,17,48.57,0,32,2,0,60,69.77,77,156,242,398,91.6,1,1,591,5,2,0,Pepe Sánchez,Albacete Balompié,1009869,2848
51,16,34.04,135,81,36.0,349,579,912,74.15,88,67.18,43,37,5,0,0,0,90,9,1,6,9,187,37,0,0,8,17,123,2,0,,,53,0,0.0,0,0,5,35,31,4,0,0,,69,46.31,0,0,0,318,40,22,0,36,3125,2,,0,0,0,0,0.0,0,0,0,1,472,4,0,7.05,0,0,0,0,0,0,0,0,0.0,0.0,0,14,4,10,2,5,55.56,0,52,28,53.85,22,130,9,47,157,56.07,225,597,680,1230,260.7,18,3,1849,15,12,0,Juan Gutiérrez,Mirandés,897788,35092
13,39,22.81,170,15,37.5,296,126,383,74.66,8,32.0,17,36,4,0,0,0,94,9,5,13,2,27,36,0,0,16,16,112,0,1,,,22,0,12.28,0,7,11,36,28,8,6,1,,99,51.03,0,0,4,130,15,41,5,32,2589,3,,0,1,0,0,0.0,0,0,0,0,396,9,0,7.04,0,2,0,0,0,0,0,0,369.86,0.0,1,38,19,24,20,22,34.38,0,30,16,53.33,40,41,64,171,107,48.86,40,532,152,513,253.4,57,1,1114,47,6,0,Giorgi Tsitaishvili,Granada,875677,33779
26,6,13.64,291,37,67.27,490,193,677,79.93,9,29.03,22,36,2,0,0,0,174,4,4,14,2,26,36,0,0,50,60,249,0,0,,,30,0,6.45,0,4,6,29,26,3,4,0,,211,48.17,2,0,4,170,18,32,1,33,2808,3,,0,0,0,0,0.0,0,0,0,0,463,32,0,7.04,0,1,0,0,0,0,0,0,702.0,0.0,0,35,27,25,23,73,45.34,0,89,64,71.91,32,53,161,44,220,46.91,55,665,226,847,253.3,62,2,1595,50,2,0,David Larrubia,Málaga CF,1002405,2830
47,1,25.0,120,102,50.25,344,730,1073,83.57,68,56.67,52,31,0,0,0,0,114,1,3,4,6,140,30,0,1,9,6,97,0,0,,,29,0,10.0,0,1,1,30,27,3,1,0,,75,62.5,1,0,0,211,35,6,0,27,2330,1,,1,0,0,0,0.0,0,0,0,0,252,2,0,7.03,1,0,0,0,0,0,0,0,2330.0,0.0,0,10,0,4,2,10,71.43,0,41,29,70.73,6,100,14,4,143,59.58,203,484,804,1284,211.0,10,5,1675,27,5,0,Álex Pastor,Málaga CF,928825,2830
46,40,27.78,340,53,54.64,609,268,837,83.04,17,47.22,19,36,3,0,0,1,90,9,4,15,1,9,35,0,0,17,26,94,0,0,,,24,0,3.7,0,2,5,34,30,4,2,0,,74,49.66,0,0,3,171,10,41,1,22,1892,0,,0,1,1,0,0.0,0,0,0,0,339,16,0,7.03,0,1,0,0,0,0,0,0,946.0,0.0,15,18,36,21,18,9,50.0,0,34,21,61.76,40,86,18,144,91,49.19,97,851,301,1008,246.1,54,2,1427,33,4,0,Ager Aketxe,Real Zaragoza,327277,2815
10,1,4.35,183,19,65.52,276,100,375,68.68,78,42.86,104,33,5,1,0,0,73,5,12,22,4,28,33,0,0,81,13,310,0,0,,,83,0,11.63,0,10,15,35,26,9,10,0,,137,39.94,1,0,1,171,6,34,4,28,2592,15,,0,0,4,0,75.0,0,3,0,2,484,20,0,7.03,0,5,0,0,0,0,0,0,259.2,0.0,6,70,16,36,28,51,54.84,0,29,15,51.72,34,19,93,23,215,40.95,29,443,126,546,232.0,86,2,1267,58,3,0,Lucas Boyé,Granada,814385,33779
8,8,14.55,158,1,10.0,221,54,267,74.79,8,34.78,15,14,6,0,0,0,41,7,6,4,0,10,14,0,0,4,5,46,0,0,,,13,0,0.0,0,0,6,21,20,1,0,0,,26,45.61,0,0,0,90,2,23,0,11,1046,7,,0,0,0,0,0.0,0,0,0,0,173,4,0,7.03,0,0,0,0,0,0,0,0,0.0,0.0,0,21,0,6,11,9,45.0,0,8,5,62.5,23,17,20,55,34,42.5,10,340,72,357,98.4,21,0,555,9,1,0,Awer Mabil,CD Castellón,307082,5067
12,5,15.15,114,9,64.29,201,76,272,66.5,57,52.29,52,37,4,0,0,0,73,6,8,12,3,13,37,0,0,25,9,136,0,0,,,25,0,16.88,0,13,17,24,21,3,13,0,,76,47.5,1,0,1,137,6,22,4,34,2702,12,,0,1,0,0,0.0,0,0,0,0,322,17,0,7.03,0,8,0,0,0,0,0,0,207.85,0.0,0,63,14,32,33,36,54.55,0,10,7,70.0,21,23,66,33,133,49.44,14,341,101,409,260.0,77,1,839,30,2,0,Patrick Soko,Huesca,889815,24265
23,13,19.4,347,47,43.93,579,310,876,77.8,37,52.11,34,39,2,0,0,0,159,6,2,12,3,34,39,0,0,41,23,151,0,1,,,28,0,13.64,0,6,8,36,32,4,4,2,,116,49.79,0,0,0,250,26,49,2,27,2405,2,,0,1,0,0,0.0,0,0,0,0,460,17,0,7.03,0,4,0,0,0,0,0,0,400.83,0.0,0,24,20,15,17,38,58.46,0,49,26,53.06,48,53,65,67,153,50.33,107,826,367,1126,274.0,44,5,1662,29,6,0,César Gelabert,Sporting Gijón,883156,2852
41,35,23.18,252,51,39.84,479,303,747,73.38,49,50.52,48,40,4,0,0,0,179,9,5,28,7,29,40,0,0,34,21,191,0,0,,,53,0,5.63,0,4,8,53,47,6,4,0,,131,47.81,0,0,3,271,33,45,0,35,3175,10,,0,0,0,0,0.0,0,0,0,1,551,22,0,7.02,0,4,0,0,0,0,0,0,793.75,0.0,0,49,22,22,21,55,58.51,0,40,27,67.5,45,81,94,151,180,48.52,128,808,361,1018,280.9,71,2,1790,37,6,0,Víctor García,CD Eldense,952222,47321
79,0,0.0,205,109,47.19,632,1310,1942,86.43,100,55.87,79,38,0,0,0,0,243,1,2,6,7,202,38,0,0,17,16,160,2,4,,,43,0,10.0,32,2,2,50,48,2,2,0,,157,65.97,0,0,2,305,58,8,1,37,3180,2,,0,0,0,3,0.0,0,0,0,0,390,0,0,7.02,1,1,0,0,0,0,0,0,1590.0,0.0,0,20,0,9,5,19,67.86,0,72,44,61.11,8,152,28,7,257,61.63,231,842,1412,2247,266.8,20,1,2924,73,10,1,Alberto Jiménez,CD Castellón,343907,5067
23,15,20.0,200,38,54.29,383,316,684,78.17,42,43.75,54,39,4,0,0,0,141,6,3,4,12,74,39,0,0,25,28,188,0,0,,,61,0,8.0,0,2,6,35,31,4,2,0,,175,56.63,0,0,0,191,26,27,0,37,3303,3,,0,0,0,0,0.0,0,0,0,0,432,11,0,7.02,0,2,0,0,0,0,0,0,1651.5,0.0,0,20,5,12,9,22,44.9,0,80,53,66.25,27,41,49,75,217,53.58,70,574,376,875,273.8,25,0,1733,75,8,0,Hugo Rincón,Mirandés,1632454,35092
15,13,21.67,155,26,38.24,343,264,594,81.04,36,60.0,24,31,1,0,0,0,92,1,2,5,2,56,30,0,0,9,15,76,0,0,,,17,0,6.45,0,2,3,29,26,3,1,1,,117,69.23,0,0,2,139,26,16,0,27,2174,1,,0,0,0,0,0.0,0,0,0,0,296,3,0,7.02,0,2,0,0,0,0,0,0,1087.0,0.0,10,10,21,16,10,11,47.83,0,62,46,74.19,16,29,23,60,153,66.81,68,495,298,733,210.6,31,1,1395,47,5,0,Clément Michelin,Real Racing Club,836678,2835
48,0,0.0,163,105,53.03,615,1306,1921,89.89,97,68.79,44,40,0,0,0,0,115,2,1,6,9,198,40,0,0,5,14,99,1,2,,,35,0,10.0,18,2,2,49,42,7,2,0,,91,62.33,1,0,0,216,35,12,0,38,3380,1,,2,0,0,0,0.0,0,0,0,0,249,4,0,7.02,0,0,0,0,0,0,0,0,1690.0,0.0,0,18,2,9,5,8,88.89,0,72,45,62.5,12,96,9,4,188,65.51,198,767,1374,2137,280.8,20,4,2613,12,8,0,Edgar González,Almería,914522,2858
6,18,23.38,203,12,35.29,361,181,524,80.25,18,43.9,23,31,3,0,0,0,115,6,4,22,0,19,31,0,0,44,28,195,0,1,,,52,0,9.72,0,7,10,24,22,2,6,1,,137,44.34,0,0,2,129,9,30,1,28,2252,12,,0,0,0,0,0.0,0,0,0,1,377,12,0,7.02,0,6,0,0,0,0,0,0,321.71,0.0,1,47,25,27,23,43,44.33,0,51,35,68.63,30,16,97,77,155,44.29,34,523,207,653,217.6,72,0,1290,44,8,0,Ilyas Chaira,Real Oviedo,1008037,2851
2,1,25.0,25,7,87.5,52,27,78,72.9,15,27.27,40,22,2,0,0,0,28,4,10,3,0,7,21,0,0,9,1,74,0,0,,,14,1,22.5,0,9,11,16,13,3,7,2,,35,50.72,0,0,2,29,1,7,0,10,983,15,,0,0,5,0,100.0,0,5,0,3,101,10,0,7.02,0,9,0,0,0,0,0,0,109.22,50.0,2,30,10,12,25,7,35.0,0,6,4,66.67,7,3,20,4,50,40.32,8,81,30,107,147.4,40,2,294,22,3,0,Higinio Marín,Albacete Balompié,263493,2848
58,0,0.0,115,151,49.19,509,1709,2218,86.2,130,58.82,91,42,0,0,0,0,144,0,1,6,11,275,42,0,0,2,20,139,1,1,,,25,0,10.53,12,2,2,51,45,6,2,0,,80,62.5,2,0,0,355,37,5,0,41,3705,1,,0,0,0,1,0.0,0,0,0,0,395,0,0,7.01,0,0,0,0,0,0,0,0,1852.5,0.0,0,17,2,10,3,6,60.0,0,59,33,55.93,5,117,10,9,210,60.17,307,722,1860,2573,294.6,19,1,3152,18,4,0,Pablo Vázquez,Deportivo de A Coruña,856683,2832
16,8,14.55,195,37,34.58,407,427,826,81.78,28,48.28,30,30,2,0,0,0,106,3,0,4,7,80,30,0,1,7,20,91,0,0,,,19,0,19.05,0,4,6,30,28,2,4,0,,112,64.74,1,0,0,184,56,21,0,29,2451,2,,0,0,0,0,0.0,0,0,0,0,344,6,0,7.01,1,3,0,0,0,0,0,0,612.75,0.0,0,17,4,9,8,16,51.61,0,64,34,53.13,21,40,31,55,140,60.61,107,581,484,1010,210.4,21,4,1769,32,4,0,Ximo Navarro,Deportivo de A Coruña,150864,2832
36,7,25.0,504,65,64.36,975,711,1679,89.55,6,25.0,18,42,4,0,0,0,187,6,0,28,4,31,42,0,0,48,32,149,0,5,,,21,0,8.33,0,5,9,48,43,5,3,2,,111,45.87,0,0,1,196,21,51,1,39,3376,1,,0,0,0,1,0.0,0,0,0,0,391,22,0,7.01,0,4,0,0,0,0,0,0,675.2,0.0,3,25,35,19,13,30,48.39,0,44,28,63.64,51,64,62,28,117,43.98,101,1139,764,1875,294.4,60,1,2430,37,4,0,Mario Soriano,Deportivo de A Coruña,984622,2832
19,0,0.0,72,27,57.45,172,210,382,82.51,14,41.18,20,16,0,0,0,0,76,3,2,2,1,23,16,0,0,10,16,62,0,0,,,13,0,0.0,0,0,0,25,22,3,0,0,,71,62.83,0,0,0,81,21,9,0,15,1282,2,,0,0,0,0,0.0,0,0,0,1,125,2,0,7.01,0,0,0,0,0,0,0,0,0.0,0.0,0,7,3,4,4,13,72.22,0,34,21,61.76,9,27,18,4,85,57.82,47,229,238,463,112.1,10,0,692,24,2,0,Assane Ndiaye Dione,FC Cartagena,1171481,24329
53,31,24.8,227,63,32.64,424,254,647,69.35,33,55.93,26,34,7,0,0,0,97,7,0,6,5,86,34,0,0,5,20,80,0,0,,,23,1,5.88,0,2,9,35,28,7,0,2,,71,56.8,0,0,1,286,40,34,2,27,2369,2,,0,0,0,1,0.0,0,0,0,0,507,4,0,7.01,1,0,0,0,0,0,0,0,1184.5,25.0,4,9,25,19,9,9,52.94,0,23,15,65.22,34,122,17,125,104,56.52,193,723,335,933,238.2,34,3,1734,40,7,1,Dani Tasende,Real Zaragoza,1087845,2815
48,28,28.57,324,58,47.15,693,582,1247,85.65,29,50.88,28,39,3,0,0,0,164,5,3,9,11,27,39,0,0,25,18,132,0,0,,,49,0,11.43,0,4,7,32,28,4,4,0,,108,50.94,1,0,1,209,22,46,3,37,3254,3,,0,1,1,0,100.0,0,1,0,0,359,18,0,7.01,0,0,0,0,0,0,0,0,813.5,0.0,5,18,17,16,10,9,39.13,0,35,20,57.14,45,92,23,98,137,50.93,123,924,630,1456,273.2,35,1,1917,65,9,0,Santiago Colombatto,Real Oviedo,822379,2851
108,0,0.0,43,233,44.3,137,1076,1213,79.65,5,83.33,1,40,0,0,0,0,393,0,0,0,9,34,40,0,0,0,3,5,1,3,,,1,0,0.0,207,0,0,60,54,6,0,0,,9,69.23,0,36,0,310,0,1,0,40,3600,0,,0,0,0,1,0.0,10,0,5,0,315,0,11,7.01,0,0,35,66,30,97,0,17,0.0,0.0,0,0,0,0,0,1,100.0,34,3,3,100.0,1,178,1,0,14,73.68,526,374,1149,1523,280.2,0,1,1907,7,4,0,Carlos Marín,Córdoba,791989,2850
29,0,0.0,77,268,40.54,199,485,684,63.04,6,66.67,3,42,0,0,0,0,337,0,0,0,16,37,42,0,0,1,2,6,1,2,,,0,0,0.0,320,0,0,40,35,5,0,0,,6,66.67,0,27,0,401,0,0,0,42,3780,0,,0,0,0,0,0.0,3,0,1,0,410,0,12,7.0,0,0,24,69,33,103,1,18,0.0,0.0,0,0,0,0,0,0,0.0,20,1,1,100.0,0,62,0,0,12,66.67,661,528,557,1085,294.1,0,1,1425,5,4,0,Raúl Fernández,Mirandés,31828,35092
1,1,50.0,2,2,50.0,15,9,23,82.14,1,100.0,0,6,0,0,0,0,6,0,0,0,0,0,5,0,0,2,1,4,0,0,,,0,0,33.33,0,2,2,2,2,0,2,0,,3,42.86,0,0,0,5,0,2,0,0,73,0,,0,0,0,0,0.0,0,0,0,0,11,1,0,7.0,0,2,0,0,0,0,0,0,36.5,0.0,0,4,2,4,2,2,66.67,0,1,1,100.0,2,2,3,2,4,50.0,4,18,12,28,35.0,6,0,45,0,0,0,Rafa Rodriguez,Málaga CF,1465149,2830
19,0,0.0,51,35,52.24,138,238,376,83.19,23,53.49,20,10,0,0,0,0,36,0,0,1,3,35,10,0,0,1,7,41,0,1,,,10,0,14.29,0,1,1,10,10,0,1,0,,32,60.38,1,0,0,76,4,1,0,9,782,0,,0,0,0,0,0.0,0,0,0,0,104,0,0,7.0,0,0,0,0,0,0,0,0,782.0,0.0,0,7,0,5,1,2,40.0,0,18,14,77.78,1,34,5,3,55,57.29,67,184,271,452,70.0,7,1,632,13,1,0,Diego Murillo,Málaga CF,1410734,2830
1,0,0.0,11,22,40.74,16,40,56,63.64,1,100.0,0,4,0,0,0,0,35,0,0,0,1,6,4,0,0,0,0,0,1,0,,,0,0,0.0,27,0,0,7,5,2,0,0,,0,0.0,0,4,0,32,0,0,0,3,290,0,,0,0,0,0,0.0,1,0,0,0,32,0,4,7.0,0,0,1,7,1,12,1,3,0.0,0.0,0,0,0,0,0,0,0.0,1,0,0,0.0,0,1,0,0,1,100.0,54,43,45,88,28.0,0,0,130,0,1,0,Christian Sanchez,Sporting Gijón,913909,2852
41,0,0.0,34,208,37.41,138,581,719,67.26,7,87.5,1,41,0,0,0,0,329,1,0,0,10,51,41,0,0,0,0,1,0,0,,,0,0,0.0,360,0,0,42,39,3,0,0,,6,100.0,0,24,0,350,0,1,0,41,3690,0,,0,0,0,0,0.0,5,0,1,0,353,0,27,7.0,0,0,10,73,27,101,0,11,0.0,0.0,0,0,0,0,0,1,100.0,10,0,0,0.0,1,61,1,0,13,92.86,556,426,643,1069,287.0,0,0,1446,6,3,0,Andrés Fernández,Levante UD,31406,2849
58,17,28.33,344,63,58.88,628,381,992,79.49,57,48.31,61,35,1,0,1,2,105,4,8,18,4,16,35,0,0,29,15,161,0,0,,,46,1,10.91,0,6,7,33,30,3,5,1,,112,52.83,1,0,2,256,17,41,4,33,2858,7,,0,0,5,0,40.0,0,2,0,1,438,7,0,7.0,0,1,0,0,0,0,0,0,476.33,16.67,6,32,23,15,22,9,32.14,0,49,29,59.18,41,109,28,60,169,51.21,107,878,430,1248,244.9,55,4,1756,56,6,0,Curro Sánchez,Burgos Club de Fútbol,826655,2854
22,7,26.92,190,35,47.95,311,193,497,75.53,41,45.56,49,24,1,0,0,0,107,2,0,10,5,27,24,0,0,20,15,125,0,1,,,23,0,12.5,0,4,5,31,30,1,3,1,,55,41.98,1,0,1,161,21,21,1,22,1899,5,,0,0,0,1,0.0,0,0,0,0,282,9,0,7.0,0,2,0,0,0,0,0,0,474.75,0.0,1,24,8,12,10,12,38.71,0,28,21,75.0,21,44,31,26,96,43.44,73,458,226,658,167.9,32,2,1026,15,1,0,Kenneth Mamah,CD Castellón,1210425,5067
13,17,19.77,132,37,46.25,287,352,622,83.49,15,41.67,21,24,3,0,0,0,89,2,2,1,7,50,24,0,0,12,11,75,0,2,,,22,0,12.5,1,2,5,24,21,3,0,2,,71,56.8,0,0,0,123,21,24,2,22,1971,2,,0,0,0,0,0.0,0,0,0,0,288,3,0,7.0,0,0,0,0,0,0,0,0,985.5,0.0,1,10,6,9,6,6,35.29,0,41,24,58.54,24,24,17,86,86,53.42,80,425,406,745,167.9,16,3,1272,24,6,0,Daniel Sánchez,Málaga CF,966681,2830
22,0,0.0,20,44,41.9,87,387,474,83.01,46,75.41,15,17,1,0,0,0,23,1,0,2,6,117,17,0,0,1,3,33,0,1,,,14,0,33.33,0,1,2,14,11,3,1,0,,22,55.0,1,0,0,97,19,2,0,16,1409,1,,0,0,0,1,0.0,0,0,0,0,103,1,0,6.99,0,0,0,0,0,0,0,0,1409.0,0.0,0,3,0,0,1,0,0.0,0,15,11,73.33,2,49,0,0,68,67.33,105,156,415,571,118.9,3,1,771,8,3,0,David López,Burgos Club de Fútbol,1513896,2854
94,1,100.0,124,173,48.87,461,964,1424,83.67,43,62.32,26,26,0,0,0,0,119,0,1,3,10,142,26,0,0,1,8,62,0,1,,,24,0,0.0,37,0,0,24,24,0,0,0,,38,51.35,0,0,0,278,34,6,0,26,2326,0,,0,0,0,0,0.0,0,0,0,0,300,2,0,6.99,1,0,0,0,0,0,0,0,0.0,0.0,5,8,9,9,5,7,70.0,0,23,12,52.17,6,158,10,1,81,56.64,354,666,1037,1702,181.8,17,1,2048,8,8,1,Anaitz Arbilla,Eibar,129471,2839
26,0,0.0,69,197,27.94,160,413,573,52.76,14,82.35,3,39,0,0,0,0,341,0,0,0,8,41,39,1,1,0,0,6,4,1,,,2,0,0.0,305,0,0,46,41,5,0,0,,12,80.0,0,46,1,513,0,1,0,39,3488,0,,0,0,0,2,0.0,3,0,0,0,524,0,13,6.99,2,0,25,89,32,123,2,28,0.0,0.0,0,0,0,0,0,2,66.67,24,3,2,66.67,1,50,3,0,26,81.25,705,603,483,1086,272.7,0,2,1500,7,0,1,Rubén Yáñez,Sporting Gijón,112877,2852
11,2,40.0,140,15,78.95,210,53,261,74.57,30,46.15,35,23,2,0,0,2,40,4,12,9,2,13,23,0,0,32,6,98,0,0,,,12,0,12.0,0,6,8,27,23,4,6,0,,81,56.25,2,0,1,89,11,21,4,19,1730,17,,0,0,4,0,50.0,0,2,0,2,186,8,0,6.99,0,0,0,0,0,0,0,0,288.33,0.0,0,40,10,24,17,23,58.97,0,18,11,61.11,21,17,39,5,111,53.11,19,287,68,350,160.8,50,1,657,40,2,0,Alberto Quiles,Albacete Balompié,857183,2848
39,3,60.0,110,130,49.62,341,992,1330,85.7,60,43.8,77,33,0,0,0,0,73,0,1,0,12,174,33,0,0,2,13,134,1,0,,,40,0,37.5,2,3,3,39,36,3,3,0,,48,45.71,2,0,0,222,39,9,0,33,2955,3,,1,0,0,2,0.0,0,0,0,0,238,0,0,6.99,0,1,0,0,0,0,0,0,985.0,0.0,0,8,0,5,3,0,0.0,0,33,21,63.64,9,90,2,5,108,44.63,262,500,1057,1552,230.7,8,4,1936,15,5,0,Nélson Monte,Málaga CF,831014,2830
30,0,0.0,47,148,31.42,119,182,301,48.08,8,100.0,0,22,0,0,0,0,200,0,0,0,7,15,22,0,0,1,0,3,2,2,,,2,0,0.0,147,0,0,30,28,2,0,0,,2,40.0,0,30,0,325,0,0,0,22,1966,0,,0,0,0,2,0.0,4,0,0,0,330,0,2,6.99,0,0,10,45,23,69,0,19,0.0,0.0,0,0,0,0,0,0,0.0,10,0,0,0.0,0,66,0,0,10,76.92,471,412,214,626,153.8,0,1,851,4,2,0,Dani Martín,CD Eldense,900670,47321
35,0,0.0,113,67,38.29,366,915,1281,85.8,63,51.64,59,30,1,0,0,0,105,0,1,3,8,126,29,0,0,3,9,106,0,2,,,37,0,17.65,7,3,4,37,31,6,3,0,,58,55.24,3,0,0,212,23,6,0,29,2610,3,,0,1,0,0,0.0,0,0,0,1,232,2,0,6.99,0,0,0,0,0,0,0,0,870.0,0.0,0,17,0,7,7,2,100.0,0,43,21,48.84,5,94,2,1,121,53.3,175,518,976,1493,202.7,17,0,1824,13,7,0,Miguel Rubio,Granada,934351,33779
9,5,12.5,114,7,35.0,166,60,221,79.21,1,6.67,14,18,1,0,0,0,50,1,3,4,0,12,18,0,0,9,9,73,0,0,,,17,0,5.71,0,2,3,14,12,2,2,0,,47,44.34,0,0,0,58,16,14,2,15,1119,3,,0,0,0,0,0.0,0,0,0,1,154,9,0,6.99,0,0,0,0,0,0,0,0,559.5,0.0,0,24,11,16,15,14,35.9,0,15,7,46.67,14,20,39,40,48,39.67,20,248,71,279,125.8,35,0,535,18,2,0,Nico Serrano,Sporting Gijón,1019318,2852
50,0,0.0,29,148,47.28,91,378,469,73.51,3,100.0,0,16,0,0,0,0,154,0,0,0,5,16,16,0,0,0,1,2,2,1,,,1,0,0.0,96,0,0,22,16,6,0,0,,1,33.33,0,18,0,169,0,2,0,16,1437,0,,1,0,0,1,0.0,2,0,0,0,174,0,3,6.99,0,0,8,28,20,49,0,3,0.0,0.0,0,0,0,0,0,0,0.0,7,1,1,100.0,2,86,0,0,4,66.67,313,222,416,638,111.8,0,1,790,0,0,0,Luca Zidane,Granada,802133,33779
41,0,0.0,41,65,44.22,150,517,667,83.48,45,60.0,30,18,0,0,0,0,57,0,0,1,6,122,18,0,1,2,3,53,0,1,,,18,0,0.0,1,0,0,19,19,0,0,0,,45,66.18,0,0,0,132,17,1,0,18,1618,3,,0,0,0,1,0.0,0,0,0,0,151,0,0,6.98,1,0,0,0,0,0,0,0,0.0,0.0,0,2,3,2,2,2,66.67,0,30,19,63.33,1,82,3,2,90,62.94,147,247,554,799,125.7,5,1,1055,14,4,0,Grego Sierra,Burgos Club de Fútbol,893768,2854
6,3,13.64,123,7,58.33,174,50,221,77.54,17,45.95,20,22,2,0,0,0,51,3,3,8,0,3,22,0,0,18,5,79,0,0,,,17,0,11.11,0,3,5,24,23,1,3,0,,66,52.8,1,0,1,64,8,30,1,16,1383,9,,0,0,0,0,0.0,0,0,0,0,164,9,0,6.98,0,1,0,0,0,0,0,0,461.0,0.0,0,20,7,11,8,30,58.82,0,14,10,71.43,30,9,51,22,83,51.23,12,246,61,285,153.6,27,0,540,22,1,0,Adilson,Córdoba,1009861,2850
9,0,0.0,7,19,36.54,9,101,110,76.39,0,0.0,0,5,0,0,0,0,55,0,0,0,0,8,5,0,0,0,0,0,1,0,,,0,0,0.0,19,0,0,11,8,3,0,0,,0,0.0,0,7,0,34,0,1,0,5,450,0,,0,0,0,0,0.0,1,0,0,0,35,0,2,6.98,0,0,7,11,4,15,0,2,0.0,0.0,0,0,0,0,0,0,0.0,6,0,0,0.0,1,21,0,0,0,0.0,52,35,109,144,34.9,0,0,213,0,0,0,Germán Parreño,Deportivo de A Coruña,950678,2832
21,22,26.19,221,15,42.86,339,144,461,72.37,16,42.11,22,34,5,0,0,0,113,10,9,19,1,47,34,0,0,33,30,157,0,1,,,15,0,10.17,0,6,11,32,30,2,5,1,,122,47.47,0,0,1,176,15,36,6,32,2732,8,,0,0,0,0,0.0,0,0,0,0,439,20,0,6.97,1,0,0,0,0,0,0,0,455.33,0.0,0,42,17,16,24,35,37.23,0,33,24,72.73,36,44,94,84,138,46.78,35,542,179,637,237.1,59,2,1291,55,0,1,David Mella,Deportivo de A Coruña,1146312,2832
16,3,16.67,135,17,77.27,229,114,340,65.01,91,50.56,89,40,4,0,0,0,92,7,19,25,5,21,40,0,0,57,18,284,0,0,,,73,0,14.29,0,14,18,34,28,6,12,2,,126,39.25,6,0,2,183,7,32,4,35,2986,11,,0,0,0,0,0.0,0,0,0,0,473,26,0,6.97,0,4,0,0,0,0,0,0,213.29,0.0,1,73,25,37,36,27,34.18,0,37,23,62.16,32,34,79,18,217,43.31,22,390,151,523,278.9,98,2,1187,62,3,0,Alemão,Real Oviedo,981604,2851
76,2,33.33,124,127,50.8,346,617,961,82.0,51,63.75,29,29,0,0,0,0,88,0,2,4,5,121,29,0,0,1,6,52,0,1,,,16,0,0.0,1,0,0,32,28,4,0,0,,51,68.92,0,0,0,211,33,4,0,23,2142,2,,1,0,0,0,0.0,0,0,0,1,235,0,0,6.97,0,0,0,0,0,0,0,0,0.0,0.0,0,11,0,7,0,4,80.0,0,33,23,69.7,4,138,5,6,102,66.23,250,509,669,1172,202.2,11,2,1480,16,1,0,Jon García,Albacete Balompié,592064,2848
50,21,32.81,223,80,64.0,554,607,1140,89.27,27,54.0,23,36,6,0,0,0,128,7,1,4,5,51,36,0,0,25,31,132,0,2,,,40,0,0.0,0,0,6,37,29,8,0,0,,162,59.78,0,0,0,137,18,30,0,28,2457,0,,0,0,0,1,0.0,0,0,0,0,256,13,0,6.97,0,0,0,0,0,0,0,0,0.0,0.0,0,4,6,6,0,23,56.1,0,81,41,50.62,30,82,41,64,189,58.88,125,695,646,1277,251.0,10,2,1754,58,5,0,Sergio Ruiz,Granada,857227,33779
57,2,25.0,211,82,47.4,558,619,1175,80.59,107,61.49,67,39,0,0,0,0,164,0,1,3,13,121,39,0,0,16,29,159,0,0,,,51,0,0.0,0,0,0,37,35,2,0,0,,132,58.93,0,0,0,283,62,11,0,37,3144,0,,0,0,0,0,0.0,0,0,0,0,377,11,0,6.97,0,0,0,0,0,0,0,0,0.0,0.0,0,14,4,7,8,7,63.64,0,89,54,60.67,11,109,11,8,239,60.05,173,753,713,1458,271.9,18,0,2054,43,11,0,Miguel Atienza,Burgos Club de Fútbol,913684,2854
35,10,31.25,174,43,49.43,375,244,609,84.94,8,33.33,16,21,1,0,0,0,62,2,0,13,2,10,21,0,0,12,11,65,1,0,,,18,0,6.9,0,2,3,19,16,3,1,1,,64,56.64,0,0,0,108,15,11,0,16,1389,1,,0,0,0,0,0.0,0,0,0,0,184,10,0,6.97,0,2,0,0,0,0,0,0,694.5,0.0,0,8,21,9,7,16,66.67,0,23,17,73.91,11,77,24,32,72,52.55,87,486,263,717,146.4,29,0,967,27,5,0,Raúl Guti,Real Zaragoza,591740,2815
48,21,24.71,243,47,37.01,479,486,944,78.47,23,47.92,25,35,2,0,0,0,126,5,2,7,10,107,35,0,0,30,10,106,2,2,,,24,0,3.33,0,1,3,31,28,3,1,0,,82,50.31,0,0,0,259,38,32,1,33,3005,3,,0,0,0,1,0.0,0,0,0,0,460,4,0,6.97,0,0,0,0,0,0,0,0,3005.0,0.0,0,21,9,17,6,19,50.0,0,28,19,67.86,32,100,38,85,105,49.76,127,734,554,1203,243.9,30,3,2063,35,4,0,Diego Pampín,Levante UD,855837,2849
5,0,0.0,4,17,36.96,9,48,57,64.77,1,100.0,0,3,0,0,0,0,32,0,0,0,0,5,3,0,0,0,1,2,0,1,,,1,0,0.0,10,0,0,5,5,0,0,0,,0,0.0,0,4,0,31,0,0,0,3,264,0,,0,0,0,1,0.0,1,0,0,0,33,0,0,6.97,0,0,8,6,3,9,0,2,0.0,0.0,0,0,0,0,0,0,0.0,8,0,0,0.0,0,17,0,0,1,33.33,46,30,58,88,20.9,0,0,127,0,0,0,Amir Abedzadeh,CD Castellón,828247,5067
22,0,0.0,211,32,69.57,398,177,575,80.42,59,48.36,63,37,2,0,0,1,60,3,11,18,4,17,37,0,0,60,14,191,0,0,,,30,0,10.67,0,8,10,25,23,2,8,0,,92,41.82,4,0,2,140,6,24,2,27,2339,5,,0,0,1,0,0.0,0,0,0,1,291,10,0,6.96,0,2,0,0,0,0,0,0,292.38,0.0,5,54,21,25,32,25,49.02,0,20,12,60.0,24,34,51,3,151,44.15,46,514,204,715,257.7,75,2,1131,47,7,0,Agustín Álvarez,Elche,1065937,2846
64,2,20.0,258,85,63.91,544,375,917,84.91,19,39.58,29,36,2,0,0,0,132,3,3,8,5,52,36,0,0,24,16,105,0,0,,,28,0,3.03,0,1,3,44,39,5,1,0,,113,59.79,0,0,3,163,21,26,0,32,2867,1,,0,0,0,0,0.0,0,0,0,2,255,11,0,6.96,0,1,0,0,0,0,0,0,2867.0,0.0,0,20,13,16,9,25,73.53,0,52,31,59.62,26,90,34,10,132,55.7,133,674,416,1080,250.7,33,0,1477,36,5,0,Riki Rodríguez,Albacete Balompié,950110,2848
21,24,26.37,247,23,42.59,417,185,578,80.84,25,47.17,28,38,4,0,0,0,92,3,3,20,2,12,38,0,1,31,11,134,0,0,,,22,0,8.97,0,7,11,36,33,3,6,1,,90,45.92,1,0,3,137,10,46,0,27,2283,4,,0,0,0,0,0.0,0,0,0,0,338,20,0,6.96,1,6,0,0,0,0,0,0,326.14,0.0,11,41,37,38,20,17,27.87,0,23,20,86.96,46,40,61,91,115,46.18,54,591,215,715,264.6,78,1,1209,51,4,0,Nicolás Melamed,Almería,989878,2858
55,0,0.0,100,121,57.89,345,1032,1377,88.55,83,67.48,40,31,1,0,0,0,115,2,0,0,11,110,31,0,0,3,5,73,0,1,,,27,0,16.67,20,1,2,25,20,5,1,0,,53,61.63,1,0,0,178,25,4,0,29,2573,1,,0,0,0,1,0.0,0,0,0,0,199,1,0,6.96,0,0,0,0,0,0,0,0,2573.0,0.0,0,4,2,3,3,6,75.0,0,31,13,41.94,4,104,8,0,136,65.07,209,459,1096,1555,215.8,6,1,1837,21,5,0,David Costas,Real Oviedo,345333,2851
34,0,0.0,14,141,45.93,64,423,487,74.46,7,100.0,0,23,0,0,0,0,170,0,0,0,6,38,23,0,0,0,1,1,1,2,,,0,0,0.0,142,0,0,25,24,1,0,0,,2,66.67,0,12,0,167,0,0,0,23,2070,0,,1,0,0,0,0.0,8,0,3,0,171,0,24,6.96,0,0,12,29,12,41,0,8,0.0,0.0,0,0,0,0,0,0,0.0,11,0,0,0.0,0,55,0,0,9,90.0,307,179,475,654,160.1,0,1,845,3,1,0,Édgar Badía,CD Tenerife,811557,2822
70,27,28.72,177,96,60.76,434,511,918,83.45,52,71.23,21,36,1,0,0,0,81,5,1,8,1,67,36,0,0,3,20,72,1,0,,,24,0,16.67,0,4,5,48,38,10,3,1,,59,53.64,0,0,2,182,31,24,4,23,2228,0,,0,0,3,0,100.0,0,3,0,0,279,3,0,6.96,0,0,0,0,0,0,0,0,557.0,0.0,5,6,18,7,9,7,58.33,0,37,23,62.16,24,109,12,94,111,60.66,158,621,573,1100,250.5,24,2,1474,16,4,0,Andy Rodríguez,FC Cartagena,950742,24329
73,0,0.0,280,118,69.01,659,584,1243,84.67,49,70.0,21,36,3,0,0,0,170,3,0,5,6,65,36,0,0,25,33,147,2,2,,,64,0,3.85,0,1,4,38,31,7,0,1,,132,51.16,0,0,0,225,45,26,0,32,2911,0,,0,0,0,0,0.0,0,0,0,0,301,7,0,6.96,0,1,0,0,0,0,0,0,2911.0,0.0,0,1,25,14,7,11,61.11,0,75,44,58.67,26,129,18,3,181,55.18,171,817,654,1468,250.5,26,1,1903,47,19,0,Dion Lopy,Almería,982327,2858
19,11,28.95,79,26,32.1,142,166,297,72.79,10,41.67,14,14,3,0,0,0,66,4,0,2,1,38,14,0,0,2,11,53,0,0,,,21,1,25.0,0,2,5,24,19,5,1,1,,52,57.14,0,0,0,111,16,15,2,14,1129,0,,0,0,0,0,0.0,0,0,0,0,184,3,0,6.96,0,0,0,0,0,0,0,0,564.5,50.0,2,3,5,4,2,4,40.0,0,27,18,66.67,15,40,10,38,62,53.91,81,243,203,408,97.4,8,1,737,21,5,0,Nacho Martínez,FC Cartagena,288013,24329
15,26,23.85,371,16,25.81,748,490,1212,87.45,33,56.9,25,39,3,0,0,0,111,3,3,10,14,52,39,0,0,22,7,143,0,1,,,55,0,5.13,0,2,5,31,28,3,1,1,,128,52.03,0,0,0,174,27,24,2,38,3355,2,,0,0,0,0,0.0,0,0,0,0,404,7,0,6.96,0,0,0,0,0,0,0,0,1677.5,0.0,0,22,17,17,12,23,37.7,0,58,28,48.28,24,33,61,109,161,52.96,62,952,543,1386,271.3,39,1,2271,47,10,0,Jose Salinas,Elche,1068891,2846
34,0,0.0,58,255,35.42,187,477,664,58.76,12,80.0,3,42,0,0,0,0,331,0,0,0,14,38,42,0,0,1,1,5,1,3,,,0,0,0.0,312,0,0,48,43,5,0,0,,5,71.43,0,40,0,466,0,1,0,42,3780,0,,0,0,0,0,0.0,5,0,2,0,475,0,14,6.95,0,0,24,62,42,105,0,10,0.0,0.0,0,0,0,0,0,0,0.0,23,2,1,50.0,1,62,0,0,17,77.27,720,599,531,1130,292.1,0,2,1485,4,0,0,Ander Cantero,Burgos Club de Fútbol,188349,2854
35,4,50.0,317,73,50.34,616,492,1104,81.78,32,50.0,32,35,0,0,0,0,173,0,0,9,6,47,35,0,0,21,31,121,1,0,,,32,0,7.14,0,2,2,46,44,2,1,1,,170,65.64,0,0,0,246,36,15,1,35,2961,0,,0,0,0,1,0.0,0,0,0,0,327,5,0,6.95,0,1,0,0,0,0,0,0,1480.5,0.0,0,5,23,10,9,14,66.67,0,105,67,63.81,15,57,21,8,202,62.54,145,768,590,1350,243.4,28,1,1801,52,6,0,Isma Ruiz,Córdoba,1009873,2850
51,13,22.81,430,80,52.98,827,587,1401,85.9,17,32.69,35,39,3,0,0,0,152,9,1,6,8,43,39,0,1,17,39,129,0,1,,,36,0,6.45,0,2,5,47,41,6,2,0,,84,47.19,0,0,0,230,33,40,0,39,3279,0,,0,0,0,0,0.0,0,0,0,0,326,12,0,6.95,1,2,0,0,0,0,0,0,1639.5,0.0,0,10,21,13,12,7,63.64,0,60,39,65.0,40,83,11,57,101,43.91,151,1042,646,1631,271.2,31,2,2036,19,6,0,Sergio Ortuño,CD Eldense,1166968,47321
30,6,35.29,92,61,43.26,261,472,727,80.6,61,59.8,41,28,1,0,0,0,51,1,1,2,7,72,28,0,1,11,18,113,0,1,,,39,0,15.38,5,2,3,26,23,3,2,0,,91,55.83,0,0,1,175,22,7,0,24,2098,2,,0,0,0,1,0.0,0,0,0,0,259,2,0,6.95,1,2,0,0,0,0,0,0,1049.0,0.0,0,8,5,7,4,8,53.33,0,64,47,73.44,7,75,15,17,152,57.36,141,401,518,902,194.7,13,2,1375,20,9,0,Oier Luengo,Real Oviedo,857229,2851
8,4,18.18,186,9,34.62,300,74,370,64.12,94,46.08,110,35,1,0,0,0,76,1,8,20,0,40,35,0,0,45,12,235,0,0,,,38,1,16.22,0,12,13,34,31,3,11,1,,74,37.19,2,0,0,207,5,21,1,30,2407,15,,0,0,7,0,100.0,0,7,0,0,395,19,0,6.95,0,9,0,0,0,0,0,0,200.58,11.11,9,55,19,25,29,20,37.04,0,22,16,72.73,21,16,54,22,168,41.69,26,507,92,577,243.3,74,0,1038,34,3,0,Juan Otero,Sporting Gijón,796512,2852
42,39,34.82,284,76,60.8,697,847,1505,86.49,48,53.33,42,39,2,0,0,1,204,1,1,7,12,59,39,0,0,32,36,166,0,5,,,30,0,7.69,0,2,4,49,44,5,2,0,,136,52.31,1,0,0,235,18,53,0,37,3156,0,,0,1,2,0,50.0,0,1,0,0,445,18,0,6.95,0,1,0,0,0,0,0,0,1578.0,0.0,2,11,15,11,8,23,46.0,0,59,36,61.02,52,83,50,112,184,52.57,125,950,902,1740,271.1,26,0,2349,54,7,0,Josep Señé,Racing de Ferrol,349436,2843
4,8,23.53,50,5,45.45,94,45,131,83.97,2,28.57,5,16,0,0,0,0,30,1,0,1,0,4,16,0,0,8,5,41,0,0,,,13,1,22.22,0,2,2,12,9,3,1,1,,58,61.7,1,0,0,25,5,13,0,8,738,1,,0,0,0,0,0.0,0,0,0,0,90,5,0,6.95,0,1,0,0,0,0,0,0,369.0,50.0,2,5,4,1,7,12,52.17,0,16,10,62.5,13,7,23,34,60,59.41,11,139,51,156,111.2,9,0,338,31,5,0,Joel Jorquera,CD Eldense,1084416,47321
4,0,0.0,4,12,41.38,8,45,53,74.65,1,100.0,0,2,0,0,0,0,16,0,0,0,0,1,2,0,0,0,0,0,0,0,,,0,0,0.0,13,0,0,3,3,0,0,0,,1,100.0,0,3,0,18,0,0,0,2,180,0,,0,0,0,0,0.0,1,0,0,0,18,0,0,6.95,0,0,1,2,2,4,0,1,0.0,0.0,0,0,0,0,0,0,0.0,1,0,0,0.0,0,6,0,0,2,100.0,29,21,50,71,13.9,0,0,90,1,0,0,Ramon Vila,Córdoba,997034,2850
36,15,25.0,289,64,53.33,549,380,914,80.74,22,44.0,28,37,2,0,0,0,136,2,1,7,2,29,36,0,0,23,29,107,0,1,,,9,0,11.76,0,4,6,46,36,10,2,2,,89,52.98,0,0,0,218,23,30,1,28,2599,3,,0,0,0,0,0.0,0,0,0,1,354,15,0,6.95,0,3,0,0,0,0,0,0,649.75,0.0,0,11,23,14,13,14,42.42,0,53,31,58.49,30,73,33,60,111,50.92,120,775,417,1132,250.1,34,1,1590,25,3,0,Francho Serrano,Real Zaragoza,1000676,2815
60,33,33.33,219,84,54.19,503,388,858,81.25,19,51.35,18,36,6,0,0,0,126,5,0,9,0,41,35,0,0,8,21,90,0,0,,,37,0,0.0,0,0,6,38,29,9,0,0,,85,54.14,0,0,3,198,25,38,0,19,1911,0,,0,0,0,1,0.0,0,0,0,1,310,10,0,6.95,0,0,0,0,0,0,0,0,0.0,0.0,3,3,24,9,9,12,63.16,0,56,31,55.36,38,120,19,99,104,53.61,155,720,435,1056,243.1,27,0,1457,17,7,0,Toni Moya,Real Zaragoza,862063,2815
6,0,0.0,12,12,37.5,51,258,309,91.15,12,52.17,11,9,0,0,0,0,32,0,0,0,3,37,9,0,0,4,0,25,0,0,,,10,0,0.0,1,0,0,3,3,0,0,0,,20,58.82,0,0,0,30,3,0,0,9,681,0,,0,0,0,0,0.0,0,0,0,0,39,0,0,6.94,0,0,0,0,0,0,0,0,0.0,0.0,0,1,0,1,0,0,0.0,0,14,12,85.71,0,12,0,0,32,56.14,32,72,267,339,62.5,1,0,430,6,1,0,Arnau Comas,Eibar,901843,2839
67,11,26.19,417,58,46.77,781,639,1409,82.98,28,41.18,40,40,1,0,0,0,182,5,3,10,6,38,40,0,0,32,50,177,0,0,,,49,0,10.53,0,4,5,46,41,5,4,0,,133,49.26,0,0,1,289,30,44,3,39,3275,3,,0,2,0,0,0.0,0,0,0,0,436,12,0,6.94,0,1,0,0,0,0,0,0,818.75,0.0,0,15,23,15,13,19,63.33,0,89,55,61.8,42,125,30,42,161,47.63,124,1032,708,1698,277.7,38,1,2223,26,6,0,Ignacio Méndez,Sporting Gijón,896341,2852
10,36,26.67,151,16,61.54,304,125,393,79.88,11,36.67,19,39,6,0,0,1,70,10,3,21,2,14,38,0,0,28,9,113,0,0,,,22,0,8.82,0,6,12,26,24,2,6,0,,93,49.73,0,0,1,99,5,32,2,23,2105,8,,0,0,4,0,75.0,0,3,0,0,333,6,0,6.94,0,4,0,0,0,0,0,0,350.83,0.0,13,34,34,24,23,18,32.73,0,39,23,58.97,32,23,55,135,104,47.93,26,474,153,492,263.8,68,2,999,36,1,0,Antonio Cordero,Málaga CF,1531384,2830
1,0,0.0,47,2,50.0,75,20,95,77.24,25,42.37,34,20,1,0,0,0,27,3,6,7,0,4,20,0,1,16,5,85,0,0,,,29,0,22.86,0,8,9,16,14,2,8,0,,42,45.16,2,0,1,28,5,8,2,17,1245,5,,0,0,0,0,0.0,0,0,0,1,89,8,0,6.94,1,4,0,0,0,0,0,0,155.63,0.0,0,30,5,12,16,13,72.22,0,15,8,53.33,8,1,18,1,67,44.08,4,101,23,123,138.8,35,1,295,14,1,0,Christian Kofane,Albacete Balompié,2029648,2848
2,0,0.0,14,1,50.0,20,5,25,71.43,7,38.89,11,6,0,0,0,0,4,0,1,1,0,0,5,0,0,1,1,13,0,0,,,0,0,12.5,0,1,1,3,2,1,1,0,,6,75.0,0,0,1,10,0,0,0,1,189,2,,0,0,0,0,0.0,0,0,0,1,15,1,0,6.94,0,1,0,0,0,0,0,0,189.0,0.0,0,6,2,3,4,2,100.0,0,1,1,100.0,0,3,2,0,13,50.0,2,27,8,35,34.7,8,0,62,3,0,0,Pere Marco,CD Castellón,1913383,5067
3,2,18.18,50,3,30.0,86,46,130,67.71,20,38.46,32,16,0,0,0,0,26,4,7,10,0,10,16,0,0,13,5,84,0,0,,,30,0,7.89,0,3,3,18,17,1,3,0,,28,35.0,1,0,2,62,2,11,2,12,1044,16,,0,0,0,0,0.0,0,0,0,1,121,7,0,6.94,0,0,0,0,0,0,0,0,348.0,0.0,0,34,4,18,10,9,47.37,0,14,8,57.14,11,9,19,11,48,36.36,10,150,53,192,111.0,38,0,360,5,2,0,Ousmane Camara,CD Castellón,1393974,5067
26,23,29.49,136,39,36.11,281,321,579,76.28,57,64.04,32,27,2,0,0,0,89,3,1,6,6,83,27,0,0,8,22,110,0,0,,,34,0,0.0,0,0,2,22,21,1,0,0,,78,50.0,0,0,1,180,37,19,0,21,1996,0,,0,0,0,0,0.0,0,0,0,0,353,2,0,6.94,0,0,0,0,0,0,0,0,0.0,0.0,4,8,10,6,6,11,44.0,0,39,20,51.28,19,58,25,78,135,55.1,108,466,371,759,187.3,18,0,1417,28,1,0,Sergio Cubero,Eibar,1010772,2839
27,12,17.65,110,27,37.5,284,264,536,82.33,7,33.33,14,19,1,0,0,0,42,1,0,3,3,49,19,0,1,2,4,28,0,0,,,6,0,25.0,0,1,2,19,16,3,1,0,,46,76.67,0,0,0,115,20,10,1,18,1509,1,,0,0,0,1,0.0,0,0,0,0,218,2,0,6.94,1,0,0,0,0,0,0,0,1509.0,0.0,0,1,3,0,1,3,42.86,0,19,11,57.89,10,45,7,68,53,65.43,72,413,306,651,131.8,4,0,1108,24,3,0,Carlos Neva,Granada,914178,33779
32,2,13.33,240,65,50.39,563,683,1244,81.79,125,66.14,64,36,0,0,0,0,126,2,2,6,5,85,36,0,0,13,22,157,0,3,,,49,0,9.52,0,2,2,27,25,2,2,0,,98,51.31,1,0,1,277,35,16,0,27,2398,0,,0,0,0,0,0.0,0,0,0,0,364,10,0,6.94,0,1,0,0,0,0,0,0,1199.0,0.0,0,11,10,7,8,13,50.0,0,49,28,57.14,16,52,26,15,223,58.68,129,795,741,1521,249.7,21,0,1939,38,8,0,Peru Nolaskoain,Eibar,910975,2839
35,39,25.32,147,53,46.9,322,268,551,80.56,25,71.43,10,25,2,0,0,0,74,4,0,2,1,44,24,0,0,11,5,49,0,1,,,18,0,7.69,0,1,3,22,18,4,0,1,,45,53.57,0,0,0,133,10,27,1,16,1380,0,,0,1,0,0,0.0,0,0,0,0,318,4,0,6.93,0,0,0,0,0,0,0,0,1380.0,0.0,3,2,11,8,3,9,56.25,0,29,14,48.28,26,72,16,154,70,58.82,113,534,304,684,166.4,13,1,1172,7,8,0,José Ángel,Sporting Gijón,46125,2852
0,0,0.0,12,0,0.0,21,14,35,85.37,1,33.33,2,3,0,0,0,0,5,0,1,0,0,1,3,0,0,2,0,9,0,0,,,2,0,25.0,0,1,1,2,2,0,1,0,,5,41.67,0,0,0,6,0,1,0,1,86,0,,0,0,0,0,0.0,0,0,0,0,14,0,0,6.93,0,1,0,0,0,0,0,0,86.0,0.0,0,2,2,1,3,2,40.0,0,1,0,0.0,1,0,5,0,6,40.0,0,27,14,41,20.8,4,0,63,2,1,0,Adam Boayar,Elche,1518971,2846
15,12,17.65,147,17,34.0,249,105,342,67.99,18,47.37,20,32,5,0,0,0,125,3,4,5,1,33,32,0,0,31,31,144,0,0,,,17,0,9.68,0,3,8,23,20,3,2,1,,141,53.21,0,0,0,161,31,20,2,16,1635,10,,0,0,0,0,0.0,0,0,0,1,367,17,0,6.93,0,1,0,0,0,0,0,0,545.0,0.0,0,20,11,17,9,44,49.44,0,67,42,62.69,20,42,89,68,159,52.48,50,428,143,503,221.8,31,1,1079,30,5,0,Íñigo Cordoba,Burgos Club de Fútbol,605650,2854
25,13,28.26,281,33,41.77,519,315,821,80.18,48,47.06,54,42,3,0,0,0,148,10,5,15,6,38,42,0,0,39,12,184,0,0,,,47,0,10.2,0,5,8,48,45,3,5,0,,109,45.61,3,0,0,203,26,41,1,39,3382,20,,0,0,0,0,0.0,0,0,0,0,411,19,0,6.93,0,1,0,0,0,0,0,0,676.4,0.0,0,37,12,19,15,24,41.38,0,45,31,68.89,41,43,58,46,157,46.04,79,711,359,1024,291.1,49,2,1594,43,4,0,Youssouf Diarra,CD Tenerife,1082976,2822
62,15,20.83,331,59,51.3,574,425,984,81.39,15,38.46,24,39,3,0,0,0,146,7,1,8,5,51,39,0,0,20,29,159,0,0,,,38,0,10.0,0,2,5,44,39,5,2,0,,181,57.28,0,0,1,225,34,25,0,34,3057,5,,0,0,0,0,0.0,0,0,0,0,448,13,0,6.93,0,2,0,0,0,0,0,0,1528.5,0.0,0,11,9,6,6,36,42.86,0,115,75,65.22,25,103,84,72,196,55.21,115,771,510,1209,270.3,20,1,2182,31,9,0,Guille Rosas,Sporting Gijón,1010498,2852
110,3,30.0,215,198,49.5,591,1243,1831,84.49,57,70.37,24,40,1,0,0,0,155,0,0,2,12,172,40,0,0,7,21,87,0,3,,,35,0,37.5,30,3,4,46,37,9,3,0,,63,50.0,2,0,0,336,37,13,1,38,3440,1,,0,0,0,4,0.0,0,0,0,0,375,0,1,6.93,0,0,0,0,0,0,0,0,1146.67,0.0,0,6,2,2,4,7,70.0,0,50,34,68.0,13,184,10,10,120,57.97,400,843,1334,2167,277.2,8,3,2588,6,7,0,Víctor Chust,Cádiz,855831,4488
13,0,0.0,42,40,48.78,160,406,566,86.81,38,55.07,31,23,0,0,0,0,50,0,0,3,1,132,21,0,0,4,4,72,0,1,,,34,0,10.0,5,1,1,24,21,3,1,0,,40,49.38,1,0,0,86,24,1,0,18,1504,0,,0,0,0,0,0.0,0,0,0,0,109,2,0,6.93,0,0,0,0,0,0,0,0,1504.0,0.0,0,8,2,4,3,9,75.0,0,20,13,65.0,1,25,12,1,78,52.0,82,216,437,652,145.5,10,1,943,11,5,0,Rubén Pulido,Huesca,957597,24265
24,0,0.0,226,29,56.86,438,360,798,85.26,16,40.0,24,32,4,0,0,0,102,3,1,7,0,13,32,0,0,14,26,109,0,1,,,32,0,18.18,0,4,8,30,28,2,3,1,,78,47.85,1,0,0,138,22,32,0,23,2033,1,,0,0,0,0,0.0,0,0,0,1,206,6,0,6.93,0,3,0,0,0,0,0,0,508.25,0.0,0,16,6,7,8,14,51.85,0,35,24,68.57,32,44,27,4,94,46.31,51,544,396,936,221.6,22,2,1195,29,7,0,Gonzalo Melero,Almería,789886,2858
32,0,0.0,59,93,40.43,278,987,1265,85.7,66,60.0,44,32,1,0,0,0,117,2,1,4,10,173,32,0,0,3,19,93,0,4,,,31,0,0.0,46,0,1,46,40,6,0,0,,69,58.47,0,0,0,211,55,8,0,31,2765,2,,1,0,0,3,0.0,0,0,0,0,237,2,0,6.93,0,0,0,0,0,0,0,0,0.0,0.0,0,14,1,7,4,5,100.0,0,57,32,56.14,8,68,5,2,135,59.21,230,406,1072,1476,221.6,15,3,1934,9,10,0,Naldo,Racing de Ferrol,243719,2843
84,0,0.0,169,104,71.23,441,586,1027,85.73,35,50.0,35,30,1,0,0,0,150,0,0,2,10,47,29,0,0,10,19,110,0,3,,,40,0,0.0,0,0,1,22,19,3,0,0,,101,57.39,0,0,0,171,31,8,0,27,2356,0,,0,0,0,0,0.0,0,0,0,0,207,6,0,6.92,0,0,0,0,0,0,0,0,0.0,0.0,0,2,1,0,1,11,61.11,0,62,40,64.52,8,114,18,1,136,55.28,146,557,642,1198,200.8,3,0,1511,30,12,0,Luismi Sanchez,Málaga CF,383438,2830
26,8,17.39,189,56,40.0,413,544,949,82.31,35,54.69,29,36,1,0,0,0,170,3,1,3,8,90,36,0,0,22,11,102,0,1,,,22,0,0.0,0,0,1,32,28,4,0,0,,111,60.33,0,0,1,204,39,16,0,30,2707,2,,0,0,0,1,0.0,0,0,0,0,392,3,0,6.92,0,0,0,0,0,0,0,0,0.0,0.0,0,6,3,6,0,26,55.32,0,52,39,75.0,16,57,47,46,146,58.87,140,568,631,1153,249.2,9,1,1931,33,6,0,Anderson Arroyo,Burgos Club de Fútbol,829892,2854
1,2,33.33,75,0,0.0,132,51,181,58.2,126,58.6,89,37,1,0,0,0,36,3,15,11,1,30,37,0,0,34,9,189,0,0,,,36,0,13.51,0,10,11,35,28,7,9,1,,64,39.02,3,0,2,130,5,17,0,24,2231,13,,0,0,1,0,100.0,0,1,0,5,275,13,0,6.92,0,7,0,0,0,0,0,0,223.1,0.0,0,70,4,38,25,12,30.0,0,7,3,42.86,17,3,40,6,190,50.13,2,245,72,311,256.1,74,3,708,46,1,0,Chris Ramos,Cádiz,914819,4488
94,67,24.63,278,121,35.48,534,507,974,74.01,12,41.38,17,37,5,0,0,0,161,9,1,5,11,81,37,0,0,16,21,76,0,3,,,13,1,8.33,0,2,7,51,44,7,1,1,,79,57.25,0,0,1,342,23,57,2,36,3218,2,,0,0,1,0,100.0,0,1,0,0,713,7,0,6.92,0,0,0,0,0,0,0,0,1609.0,25.0,4,7,17,12,7,24,68.57,0,36,24,66.67,57,217,35,272,91,54.49,341,1007,581,1316,256.1,24,2,2278,19,8,0,Marc Mateu,CD Eldense,83704,47321
28,0,0.0,14,117,35.03,55,516,571,72.01,3,100.0,0,28,0,0,0,0,243,1,0,0,6,19,28,0,0,0,1,1,2,2,,,0,0,0.0,170,0,0,45,39,6,0,0,,4,80.0,0,19,0,222,0,1,0,28,2520,0,,0,0,0,0,0.0,7,0,0,0,227,0,4,6.92,0,0,12,51,27,78,0,17,0.0,0.0,0,0,0,0,0,2,100.0,12,0,0,0.0,1,49,2,0,7,87.5,334,216,577,793,193.8,0,1,1086,1,0,0,Luís Maximiano,Almería,845797,2858
101,0,0.0,128,160,42.67,441,1118,1559,81.92,82,65.08,44,41,1,0,0,0,111,3,1,4,14,226,41,0,0,6,17,101,1,1,,,32,0,10.0,0,1,2,45,40,5,0,1,,65,53.28,0,0,0,344,49,10,0,41,3639,0,,0,0,0,0,0.0,0,0,0,0,377,0,0,6.92,0,1,0,0,0,0,0,0,3639.0,0.0,0,7,3,4,2,6,75.0,0,47,24,51.06,10,209,8,1,147,59.27,375,692,1212,1903,283.7,10,2,2388,13,7,0,Aitor Córdoba,Burgos Club de Fútbol,597618,2854
51,9,20.45,271,63,67.74,508,487,986,88.11,25,42.37,34,37,1,0,0,0,146,6,1,13,3,28,37,0,1,23,18,139,1,0,,,52,0,6.67,0,2,3,25,20,5,1,1,,160,60.38,0,0,0,133,7,21,1,27,2363,1,,0,0,0,0,0.0,0,0,0,1,233,9,0,6.92,1,1,0,0,0,0,0,0,1181.5,0.0,1,14,16,10,7,33,67.35,0,55,43,78.18,21,87,49,44,185,57.1,93,653,510,1119,256.0,30,2,1530,72,9,0,Gonzalo Villar,Granada,914765,33779
23,2,15.38,115,19,57.58,174,77,249,75.45,13,25.0,39,24,2,0,0,0,46,1,4,10,0,4,24,0,0,25,5,109,0,0,,,21,0,25.0,0,10,12,23,18,5,9,1,,35,33.33,1,0,0,81,1,16,3,20,1497,3,,0,0,2,0,100.0,0,2,0,0,198,11,0,6.92,0,6,0,0,0,0,0,0,149.7,0.0,1,30,10,13,17,12,37.5,0,13,9,69.23,16,32,32,13,48,30.57,33,258,85,330,166.0,40,2,577,11,5,0,Mario Soberón,Real Zaragoza,949456,2815
3,0,0.0,73,6,66.67,119,58,177,59.8,91,54.82,75,24,2,0,0,0,35,2,12,9,2,20,24,0,0,34,4,159,0,1,,,28,0,14.58,0,7,9,17,16,1,7,0,,63,42.86,3,0,2,119,1,26,1,15,1460,20,,0,0,0,0,0.0,0,0,0,0,263,7,0,6.92,0,3,0,0,0,0,0,0,208.57,0.0,0,42,6,20,19,11,31.43,0,6,4,66.67,26,5,35,13,154,49.2,9,222,87,296,166.0,48,1,630,48,2,0,Ivan Azón,Real Zaragoza,1000696,2815
15,24,35.29,123,39,35.45,278,357,611,78.53,24,54.55,20,26,0,0,0,0,68,2,1,4,6,84,26,0,0,15,13,87,0,1,,,23,0,11.76,0,2,2,26,22,4,2,0,,84,55.63,0,0,0,167,28,18,2,20,1855,0,,0,0,0,1,0.0,0,0,0,0,308,1,0,6.92,0,0,0,0,0,0,0,0,927.5,0.0,0,12,5,8,5,21,53.85,0,42,29,69.05,18,46,39,68,108,55.38,110,428,418,778,179.8,17,1,1416,21,8,0,Miguel Ángel Brau,Granada,1089161,33779
46,39,31.71,192,100,45.87,415,493,869,80.31,18,45.0,22,36,4,0,0,0,84,9,0,3,5,61,34,0,0,9,10,79,0,0,,,32,0,10.53,0,2,6,37,34,3,1,1,,67,54.03,0,0,0,213,30,45,2,28,2497,4,,0,0,0,1,0.0,0,0,0,0,391,5,0,6.91,0,0,0,0,0,0,0,0,1248.5,0.0,1,4,15,11,5,9,50.0,0,36,25,69.44,45,97,18,123,85,51.83,218,641,564,1082,235.1,19,1,1726,22,4,0,Álex Centelles,Almería,964174,2858
5,5,31.25,96,3,30.0,129,36,160,72.07,13,46.43,15,15,1,0,0,0,44,1,5,6,0,2,14,0,0,8,6,61,0,1,,,9,0,15.0,0,3,4,13,12,1,3,0,,48,51.06,2,0,0,62,1,17,0,7,690,1,,0,0,0,0,0.0,0,0,0,0,150,1,0,6.91,0,1,0,0,0,0,0,0,230.0,0.0,0,13,7,7,7,19,45.24,0,19,11,57.89,17,13,42,16,61,50.0,10,190,48,222,96.8,20,1,423,10,0,0,Brian Cipenga,CD Castellón,1160969,5067
50,3,15.0,338,61,39.87,701,524,1222,78.69,47,44.34,59,39,3,0,0,0,161,3,1,17,3,71,39,0,0,22,29,167,1,2,,,46,0,12.5,7,6,9,59,57,2,5,1,,97,47.32,0,0,0,331,38,27,1,34,3081,3,,0,0,0,0,0.0,0,0,0,0,433,10,0,6.91,0,5,0,0,0,0,0,0,513.5,0.0,0,26,22,12,19,14,53.85,0,62,34,54.84,27,106,26,20,144,46.3,153,968,605,1553,269.6,48,1,2015,21,10,0,Thomas Van den Belt,CD Castellón,945233,5067
41,0,0.0,56,61,38.85,166,310,476,74.73,48,51.61,45,26,0,0,0,0,62,1,1,1,7,95,24,0,0,2,11,88,0,0,,,34,0,0.0,5,0,0,10,9,1,0,0,,68,61.26,0,0,0,161,30,8,0,18,1586,6,,0,0,0,0,0.0,0,0,0,0,178,2,0,6.91,1,0,0,0,0,0,0,0,0.0,0.0,0,5,2,3,3,1,100.0,0,33,23,69.7,8,79,1,1,116,56.86,157,289,349,637,165.9,7,1,910,35,6,1,Alberto Rodríguez,Mirandés,862481,35092
31,0,0.0,64,65,36.52,228,837,1065,84.93,54,63.53,31,27,0,0,0,0,77,0,0,0,5,163,25,0,0,3,8,60,2,2,,,17,0,0.0,58,0,0,30,29,1,0,0,,78,72.9,0,0,0,189,28,6,0,22,1977,1,,1,0,0,3,0.0,0,0,0,0,219,0,0,6.91,0,0,0,0,0,0,0,0,0.0,0.0,0,4,1,4,1,3,50.0,0,46,34,73.91,6,80,6,3,132,68.75,178,358,899,1254,172.8,5,2,1615,29,4,0,Pablo Martinez,Deportivo de A Coruña,144976,2832
2,1,10.0,133,13,65.0,212,105,316,70.07,28,35.0,52,35,4,0,0,0,57,3,9,17,0,13,35,0,0,36,13,149,0,0,,,30,0,16.36,0,9,13,22,21,1,9,0,,91,48.4,2,0,3,135,6,19,1,19,1873,9,,0,0,2,0,100.0,0,2,0,0,304,15,0,6.91,0,6,0,0,0,0,0,0,208.11,0.0,0,40,15,18,20,28,57.14,0,11,8,72.73,19,12,49,10,119,44.4,20,338,123,451,241.9,55,2,866,53,1,0,Iván Romero,Levante UD,1014042,2849
6,8,32.0,117,17,43.59,205,120,317,80.25,13,40.63,19,18,1,0,0,0,38,2,1,11,0,11,18,0,0,10,15,60,0,0,,,11,0,18.18,0,4,5,12,9,3,3,1,,38,48.1,1,0,1,78,4,20,3,11,994,1,,0,0,0,0,0.0,0,0,0,1,137,3,0,6.91,0,0,0,0,0,0,0,0,248.5,0.0,1,11,11,5,6,7,58.33,0,18,8,44.44,20,20,12,25,51,45.95,39,284,136,395,124.4,22,1,565,13,3,0,Pedro Ortiz,Córdoba,964981,2850
33,1,14.29,163,47,32.64,462,753,1214,80.99,87,52.73,78,36,1,0,0,0,124,1,0,2,7,129,36,0,0,12,32,179,0,0,,,55,0,12.5,0,2,3,43,36,7,2,0,,109,51.9,0,0,1,285,49,11,0,35,3076,3,,0,0,0,0,0.0,0,0,0,0,334,2,0,6.91,0,2,0,0,0,0,0,0,1538.0,0.0,0,13,3,9,5,10,71.43,0,72,41,56.94,11,61,14,7,196,52.27,144,649,857,1499,248.8,16,2,1985,29,8,0,Lander Olaetxea,Sporting Gijón,807656,2852
11,0,0.0,32,10,41.67,70,110,180,78.95,10,58.82,7,12,1,0,0,0,27,1,0,0,0,15,11,0,0,2,5,22,0,0,,,7,0,0.0,0,0,1,3,3,0,0,0,,27,64.29,0,0,0,48,6,5,0,4,445,0,,0,0,0,0,0.0,0,0,0,0,62,2,0,6.91,0,0,0,0,0,0,0,0,0.0,0.0,0,1,1,2,0,3,60.0,0,18,13,72.22,5,23,5,0,37,62.71,24,102,126,228,76.0,2,0,312,6,1,0,Ruben Quintanilla,Burgos Club de Fútbol,1496078,2854
4,11,22.92,145,9,40.91,252,81,322,85.64,4,21.05,15,16,3,0,0,0,35,5,1,2,1,13,16,0,0,5,6,70,1,1,,,22,0,37.5,0,3,6,11,11,0,3,0,,58,51.33,0,0,1,54,10,19,3,15,1125,5,,0,0,0,0,0.0,0,0,0,0,153,1,0,6.91,1,0,0,0,0,0,0,0,375.0,0.0,0,7,1,2,4,17,40.48,0,20,13,65.0,19,13,42,48,62,46.97,22,332,92,376,110.5,8,0,608,22,2,1,Germán Valera,Elche,962710,2846
82,25,22.32,306,109,52.4,559,403,937,74.96,38,46.91,43,40,5,0,0,0,188,10,3,9,5,72,40,0,1,27,66,202,0,1,,,42,1,3.85,0,1,6,41,35,6,0,1,,116,42.18,0,0,1,313,29,41,0,36,3139,6,,0,0,0,0,0.0,0,0,0,0,567,16,0,6.91,1,1,0,0,0,0,0,0,3139.0,50.0,2,13,13,9,8,19,42.22,0,69,40,57.97,41,151,45,112,154,43.26,208,882,480,1250,276.2,26,2,2002,29,8,0,Agustin Medina,Albacete Balompié,592068,2848
18,21,35.59,148,22,47.83,250,162,391,79.63,25,60.98,16,21,2,0,0,0,77,2,2,9,1,38,21,0,0,13,8,76,0,0,,,16,0,4.55,0,1,3,19,17,2,1,0,,55,47.83,0,0,0,100,15,23,0,16,1425,2,,0,0,0,0,0.0,0,0,0,0,241,6,0,6.9,0,1,0,0,0,0,0,0,1425.0,0.0,0,15,7,8,5,17,40.48,0,17,8,47.06,23,34,42,59,80,51.28,46,368,182,491,145.0,22,1,918,22,2,0,Iker Benito,Mirandés,1086346,35092
30,33,28.45,169,41,67.21,288,167,422,80.23,2,22.22,7,39,3,0,0,0,76,6,2,5,0,8,39,0,0,30,19,122,0,0,,,18,0,9.52,0,4,7,31,27,4,4,0,,118,50.64,0,0,1,104,9,42,4,25,2210,9,,0,1,0,0,0.0,0,0,0,0,358,16,0,6.9,0,0,0,0,0,0,0,0,552.5,0.0,0,28,14,13,24,56,52.34,0,29,20,68.97,41,53,107,116,120,49.59,61,454,188,526,269.2,42,0,1065,33,4,0,Haissem Hassan,Real Oviedo,942836,2851
30,3,21.43,260,64,62.14,518,453,968,82.59,85,59.44,58,39,4,0,0,0,101,4,7,13,5,44,39,0,0,21,11,141,1,0,,,34,0,9.52,0,4,8,29,25,4,4,0,,70,45.75,0,0,0,204,9,27,3,32,2741,4,,0,0,0,0,0.0,0,0,0,1,301,11,0,6.9,0,1,0,0,0,0,0,0,685.25,0.0,0,34,8,14,15,13,40.63,0,41,18,43.9,27,56,32,14,155,52.36,103,683,503,1172,269.1,42,1,1524,16,3,0,Iker Kortajarena,Huesca,1130805,24265
5,5,22.73,103,7,31.82,170,73,238,68.39,30,47.62,33,24,0,0,0,0,35,1,0,10,1,9,24,0,0,16,8,107,0,1,,,16,0,6.98,0,3,3,18,18,0,3,0,,53,41.73,0,0,2,110,5,10,2,16,1331,7,,0,1,0,0,0.0,0,0,0,0,215,7,0,6.9,0,1,0,0,0,0,0,0,443.67,0.0,0,34,9,12,21,28,44.44,0,14,8,57.14,9,15,63,22,83,43.68,22,275,95,348,165.6,43,1,625,11,1,0,Douglas Aurélio,CD Castellón,975809,5067
6,1,100.0,86,13,59.09,203,223,425,90.04,17,44.74,21,19,0,0,0,0,40,0,1,1,3,27,18,0,0,3,3,41,0,2,,,12,0,22.22,0,2,2,7,6,1,2,0,,38,65.52,1,0,0,47,15,5,0,8,869,0,,0,0,0,0,0.0,0,0,0,0,77,3,0,6.9,0,1,0,0,0,0,0,0,434.5,0.0,0,7,2,5,3,6,66.67,0,22,14,63.64,5,12,9,1,55,57.29,22,229,244,472,124.2,9,1,638,10,0,0,John Donald,Elche,1094758,2846
3,4,19.05,50,7,53.85,87,26,109,75.17,0,0.0,3,12,0,0,0,0,19,1,0,5,1,4,12,0,0,8,3,26,0,0,,,4,0,7.14,0,1,1,4,4,0,1,0,,30,56.6,0,0,0,36,4,5,1,3,422,3,,0,0,0,0,0.0,0,0,0,0,82,3,0,6.9,0,0,0,0,0,0,0,0,422.0,0.0,0,6,8,6,3,11,57.89,0,14,6,42.86,5,5,19,21,30,53.57,13,132,34,145,82.8,14,0,267,5,0,0,Pejiño,Elche,925220,2846
14,0,0.0,26,34,47.22,126,456,582,86.61,35,55.56,28,14,0,0,0,0,30,0,1,1,2,65,14,0,0,2,5,46,0,0,,,11,0,25.0,13,1,1,17,12,5,1,0,,33,64.71,0,0,0,90,13,2,1,12,1108,0,,0,0,0,0,0.0,0,0,0,0,102,1,0,6.9,0,0,0,0,0,0,0,0,1108.0,0.0,0,3,1,1,2,0,0.0,0,28,15,53.57,2,32,0,0,68,59.65,72,186,486,672,96.6,4,0,825,6,3,0,Pablo Insua,Granada,235644,33779
47,66,26.83,234,71,42.51,504,444,882,78.33,16,51.61,15,41,8,0,0,0,97,11,4,11,10,109,41,0,1,9,22,76,0,0,,,19,0,3.45,0,1,9,44,36,8,1,0,,50,45.05,0,0,0,244,17,57,1,40,3356,2,,0,2,1,0,100.0,0,1,0,1,550,5,0,6.9,1,0,0,0,0,0,0,0,3356.0,0.0,4,13,16,10,8,7,36.84,0,33,20,60.61,55,110,19,246,66,46.48,167,863,509,1126,282.8,29,1,1999,10,3,0,Ignasi Vilarrasa,Huesca,949901,24265
53,0,0.0,94,96,47.06,371,848,1219,84.54,54,61.36,34,35,1,0,0,0,92,0,1,2,6,158,34,0,0,5,6,69,0,2,,,23,0,0.0,8,0,1,45,40,5,0,0,,64,64.65,0,0,1,223,37,4,0,27,2503,0,,0,0,0,1,0.0,0,0,0,0,253,0,0,6.9,0,0,0,0,0,0,0,0,0.0,0.0,0,11,0,8,1,5,71.43,0,40,21,52.5,4,100,7,2,118,63.1,204,518,926,1442,234.5,11,1,1822,19,4,0,Xavi Sintes,Córdoba,930269,2850
42,13,36.11,195,57,64.04,393,350,730,87.85,18,43.9,23,33,2,0,0,0,87,0,0,4,2,26,33,0,0,12,18,67,0,1,,,9,0,50.0,0,7,9,30,26,4,7,0,,48,52.17,1,0,0,101,16,25,0,19,1740,2,,0,0,4,1,100.0,0,4,0,0,156,4,0,6.9,0,6,0,0,0,0,0,0,248.57,0.0,0,11,3,1,9,5,45.45,0,22,14,63.64,25,64,11,36,66,49.62,89,497,370,831,227.6,14,2,1065,21,3,0,Álex Fernández,Cádiz,148588,4488
13,11,22.45,92,20,68.97,173,94,256,81.27,19,52.78,17,21,1,0,0,0,65,1,1,4,0,14,21,0,0,14,19,76,0,0,,,10,0,8.33,0,2,3,21,18,3,2,0,,59,50.0,1,0,1,59,17,15,0,16,1368,1,,0,0,0,1,0.0,0,0,0,0,154,4,0,6.9,0,1,0,0,0,0,0,0,684.0,0.0,0,13,11,10,10,23,54.76,0,20,12,60.0,15,16,42,49,78,50.65,29,253,111,315,144.8,24,0,580,17,1,0,Cedric Teguia,FC Cartagena,910033,24329
23,0,0.0,96,47,47.96,265,336,601,80.78,70,62.5,42,17,0,0,0,0,87,0,0,2,3,57,17,0,0,15,11,93,0,1,,,27,0,7.69,0,1,1,20,15,5,1,0,,65,56.03,0,0,0,143,7,2,0,15,1314,3,,0,0,0,0,0.0,0,0,0,0,187,3,0,6.89,0,1,0,0,0,0,0,0,1314.0,0.0,0,8,5,7,4,10,66.67,0,32,28,87.5,2,55,15,2,135,59.21,98,370,376,744,117.2,13,1,994,29,8,0,Kervin Arriaga,Real Zaragoza,1083832,2815
41,13,30.95,291,33,48.53,570,275,832,84.64,9,40.91,13,29,0,0,0,0,108,1,1,9,2,21,28,0,0,21,13,63,1,0,,,13,0,10.0,0,2,2,19,18,1,2,0,,70,58.33,0,0,0,151,6,23,1,20,1762,0,,0,0,0,0,0.0,0,0,0,0,242,9,0,6.89,0,1,0,0,0,0,0,0,881.0,0.0,1,5,15,6,5,12,70.59,0,26,18,69.23,23,70,17,42,79,55.63,68,714,311,983,193.0,20,0,1277,33,5,0,Sergio Moyita,CD Castellón,1146729,5067
15,1,20.0,155,9,45.0,295,170,464,77.08,72,53.33,63,40,2,0,0,0,66,4,8,6,0,35,39,0,0,32,9,163,0,0,,,46,0,8.77,0,5,7,22,21,1,5,0,,91,47.64,0,0,3,138,4,16,5,23,1984,8,,0,0,0,0,0.0,0,0,0,1,261,19,0,6.89,0,0,0,0,0,0,0,0,396.8,0.0,0,45,12,28,23,13,41.94,0,14,7,50.0,16,24,31,5,163,50.0,20,408,199,602,268.8,57,2,977,66,4,0,Jorge Pascual,Eibar,1142260,2839
20,7,20.0,65,21,47.73,127,131,251,82.57,9,60.0,6,14,3,0,0,0,22,4,0,0,0,11,12,0,0,5,8,23,0,0,,,3,0,0.0,0,0,3,11,11,0,0,0,,23,57.5,0,0,1,53,6,11,0,7,565,0,,0,0,0,0,0.0,0,0,0,0,102,0,0,6.89,0,0,0,0,0,0,0,0,0.0,0.0,0,1,2,2,1,2,66.67,0,13,5,38.46,11,40,3,35,32,58.18,44,196,143,304,82.7,3,1,473,8,1,0,Sergio Escudero,Deportivo de A Coruña,88859,2832
24,46,25.41,189,31,34.44,356,163,473,66.25,7,26.92,19,35,5,0,0,0,113,9,1,12,0,20,35,0,1,14,30,109,0,0,,,27,0,5.0,0,2,7,25,24,1,1,1,,65,41.94,0,0,0,241,9,54,0,31,2319,6,,0,0,0,0,0.0,0,0,0,0,476,18,0,6.89,1,2,0,0,0,0,0,0,1159.5,0.0,3,15,25,14,14,29,60.42,0,28,17,60.71,54,57,48,181,72,39.78,90,680,215,714,241.2,40,2,1217,8,3,0,Waldo Rubio Marín,CD Tenerife,869413,2822
2,4,23.53,39,0,0.0,76,20,92,78.63,5,41.67,7,11,0,0,0,0,16,0,1,0,1,5,11,0,1,2,1,23,0,0,,,9,0,50.0,0,3,3,2,1,1,3,0,,14,46.67,2,0,0,25,1,3,1,2,328,1,,0,0,0,0,0.0,0,0,0,0,50,2,0,6.89,1,0,0,0,0,0,0,0,109.33,0.0,0,6,0,3,3,2,28.57,0,7,5,71.43,3,2,7,17,19,45.24,2,109,25,117,75.8,6,0,183,5,2,0,Elbasan Rashani,Elche,113409,2846
61,2,18.18,293,95,52.78,779,767,1544,87.23,38,51.35,36,39,3,0,0,0,180,2,0,4,8,81,39,0,0,15,20,116,0,1,,,45,0,0.0,0,0,3,33,31,2,0,0,,73,47.71,0,0,0,226,27,20,0,37,3237,0,,0,1,0,1,0.0,0,0,0,0,286,8,0,6.89,0,0,0,0,0,0,0,0,0.0,0.0,0,0,11,4,3,10,71.43,0,40,25,62.5,19,108,14,11,111,48.9,180,936,845,1770,268.6,11,0,2159,24,10,0,Oriol Rey,Levante UD,859769,2849
23,0,0.0,24,33,41.25,118,286,404,85.23,16,66.67,8,16,1,0,0,0,33,1,1,1,3,66,15,0,1,3,5,28,0,0,,,12,0,28.57,1,2,3,15,10,5,2,0,,33,62.26,1,0,1,70,9,2,0,12,1026,1,,1,0,0,0,0.0,0,0,0,0,80,1,0,6.89,1,1,0,0,0,0,0,0,513.0,0.0,0,7,0,3,3,3,100.0,0,14,9,64.29,2,45,3,1,49,63.64,80,177,298,474,103.3,7,0,618,16,2,0,Manuel Lama,Granada,998748,33779
7,2,25.0,79,5,41.67,120,62,180,80.36,13,34.21,25,22,3,0,0,0,20,3,3,4,1,1,22,0,0,8,7,79,0,0,,,31,0,15.38,0,4,7,19,16,3,3,1,,38,41.3,1,0,1,44,3,16,1,14,1130,11,,0,0,0,0,0.0,0,0,0,1,99,4,0,6.89,0,2,0,0,0,0,0,0,282.5,0.0,0,22,4,11,11,6,37.5,0,5,5,100.0,16,9,16,8,51,39.23,12,163,69,224,151.5,26,1,380,27,4,0,Roger Martí,Cádiz,212074,4488
8,10,22.73,76,3,21.43,131,54,175,78.48,9,40.91,13,15,0,0,0,0,35,1,2,9,1,10,14,0,0,12,8,60,0,0,,,16,0,9.68,0,3,3,12,11,1,3,0,,22,31.88,0,0,1,48,5,15,0,14,1046,2,,0,0,1,0,100.0,0,1,0,0,130,3,0,6.89,0,3,0,0,0,0,0,0,348.67,0.0,0,19,12,11,11,10,47.62,0,9,6,66.67,15,13,21,44,31,34.07,14,197,70,223,96.4,31,1,410,3,3,0,Javi Llabrés,CD Eldense,1162309,47321
40,14,14.43,137,33,37.08,324,383,693,82.11,6,40.0,9,21,1,0,0,0,87,4,0,0,6,36,21,0,0,3,25,63,0,0,,,14,0,0.0,0,0,1,19,18,1,0,0,,62,53.45,0,0,0,151,17,20,0,19,1660,1,,0,0,0,1,0.0,0,0,0,0,303,6,0,6.89,0,0,0,0,0,0,0,0,0.0,0.0,0,3,1,3,1,8,38.1,0,52,34,65.38,20,78,21,97,68,51.91,89,504,437,844,144.6,4,2,1352,2,5,0,Victor Garcia,Málaga CF,773651,2830
53,2,22.22,126,87,38.5,350,642,990,76.74,53,45.3,64,40,0,0,0,0,143,1,2,4,14,152,40,0,0,6,37,151,3,0,,,33,0,23.53,5,4,4,30,26,4,4,0,,126,59.15,0,0,1,300,40,7,2,35,3077,3,,0,0,0,0,0.0,0,0,0,0,355,1,0,6.89,0,2,0,0,0,0,0,0,769.25,0.0,0,17,0,6,7,14,56.0,0,92,46,50.0,7,118,25,9,179,54.24,226,560,739,1290,275.4,17,1,1787,20,5,0,Pablo Tomeo,Mirandés,1130516,35092
11,4,17.39,139,5,27.78,237,123,356,77.73,32,33.68,63,37,4,0,0,0,70,8,17,9,0,20,37,0,0,35,24,186,0,0,,,41,0,17.19,0,11,15,20,19,1,11,0,,65,34.57,2,0,2,102,3,17,7,31,2472,15,,0,0,0,0,0.0,0,0,0,3,257,8,0,6.88,0,2,0,0,0,0,0,0,224.73,0.0,0,55,9,29,26,12,29.27,0,27,17,62.96,17,24,41,23,97,34.28,18,331,150,458,254.7,64,0,863,27,4,0,Roger Brugué,Levante UD,909554,2849
24,1,10.0,137,24,64.86,246,115,360,79.65,18,35.29,33,24,4,0,0,0,50,3,1,2,0,4,24,0,0,12,13,77,0,0,,,8,0,5.56,0,1,5,17,13,4,1,0,,48,52.17,0,0,0,92,6,23,0,14,1279,1,,0,0,0,0,0.0,0,0,0,0,152,12,0,6.88,0,1,0,0,0,0,0,0,1279.0,0.0,0,15,3,10,6,9,45.0,0,29,21,72.41,23,37,20,10,66,46.15,37,333,129,452,165.2,18,0,642,10,3,0,Reinier,Granada,978562,33779
38,19,24.05,148,54,52.43,424,486,891,85.59,24,48.0,26,35,1,1,0,0,147,4,1,8,6,75,35,0,2,15,16,96,0,0,,,39,1,19.35,1,6,7,39,32,7,5,1,,72,50.7,0,0,3,150,36,23,0,34,2862,0,,0,0,6,0,83.33,0,5,0,0,251,5,0,6.88,2,6,0,0,0,0,0,0,477.0,11.11,9,7,24,14,9,6,60.0,0,38,23,60.53,23,59,10,79,96,50.0,103,589,531,1041,240.9,31,0,1474,28,13,0,Oscar Sielva,Huesca,912047,24265
28,26,35.62,199,34,46.58,393,308,675,84.38,12,33.33,24,36,3,0,0,0,74,6,1,4,0,16,34,0,0,17,24,88,0,1,,,19,0,21.43,0,3,6,27,21,6,3,0,,68,51.52,1,0,1,125,6,33,1,16,1464,1,,0,0,0,0,0.0,0,0,0,0,208,7,0,6.88,0,1,0,0,0,0,0,0,488.0,0.0,0,7,7,3,7,5,55.56,0,48,26,54.17,33,56,9,73,80,47.62,73,534,339,800,234.0,14,1,1065,15,4,0,Manu Trigueros,Granada,153966,33779
13,3,15.0,191,19,37.25,367,248,612,85.83,15,40.54,22,33,2,0,0,0,96,3,2,2,1,34,33,0,0,10,19,80,0,0,,,28,0,23.53,0,4,6,21,19,2,3,1,,85,59.44,0,0,1,101,19,13,0,15,1555,2,,0,0,0,0,0.0,0,0,0,1,167,8,0,6.88,0,4,0,0,0,0,0,0,388.75,0.0,0,13,4,8,7,17,80.95,0,47,27,57.45,13,27,21,20,100,55.56,51,461,272,713,227.1,17,2,1122,21,8,0,Marco Sangalli,Real Racing Club,344909,2835
22,1,50.0,41,47,54.65,110,284,393,85.62,15,53.57,13,11,1,0,0,0,39,2,0,1,3,51,11,0,0,1,4,29,1,0,,,12,0,33.33,0,1,2,8,8,0,1,0,,19,54.29,1,0,0,66,12,5,0,11,846,0,,0,0,0,0,0.0,0,0,0,0,75,0,0,6.88,0,0,0,0,0,0,0,0,846.0,0.0,0,3,0,1,1,1,100.0,0,9,5,55.56,5,43,1,2,34,53.97,86,159,302,459,75.7,3,1,582,9,2,0,Anthony Landázuri,CD Tenerife,826831,2822
2,15,26.32,36,7,46.67,68,33,86,72.27,6,37.5,10,16,3,0,0,0,28,5,0,5,0,10,16,0,0,7,4,45,0,0,,,11,0,6.67,0,1,4,7,6,1,1,0,,29,45.31,0,0,1,33,4,15,1,4,516,0,,0,0,0,0,0.0,0,0,0,0,109,1,0,6.88,0,0,0,0,0,0,0,0,516.0,0.0,0,11,4,8,2,13,50.0,0,8,7,87.5,15,4,26,57,35,43.75,15,132,44,119,110.1,15,0,297,8,2,0,Sergio Rodelas,Granada,1526648,33779
46,20,21.51,147,62,31.63,338,441,759,70.28,51,57.95,37,39,1,0,0,0,89,6,6,6,9,136,39,0,0,10,23,120,0,0,,,44,0,0.0,0,0,1,35,33,2,0,0,,115,58.08,0,0,0,321,36,20,0,38,3184,20,,0,0,0,1,0.0,0,0,0,0,547,4,0,6.88,0,0,0,0,0,0,0,0,0.0,0.0,0,24,5,18,5,4,30.77,0,56,36,64.29,20,124,13,93,166,58.04,196,633,540,1080,268.3,29,1,2000,55,9,0,Florian Miguel,Burgos Club de Fútbol,777067,2854
9,4,20.0,123,21,53.85,200,112,308,76.43,17,60.71,11,19,2,0,0,0,70,4,5,9,0,5,19,0,0,22,11,107,0,0,,,29,0,10.71,0,3,5,15,11,4,2,1,,71,42.51,0,0,0,95,7,22,0,18,1291,6,,0,0,0,0,0.0,0,0,0,2,223,13,0,6.88,0,3,0,0,0,0,0,0,430.33,0.0,0,19,9,9,10,24,39.34,0,19,11,57.89,22,21,61,20,88,45.13,39,295,128,403,130.7,28,0,712,30,3,0,Abderrahman Rebbach,Granada,1082968,33779
6,7,20.59,80,5,55.56,122,68,183,76.89,3,20.0,12,19,0,0,0,0,38,4,3,4,0,6,18,0,0,9,8,47,0,0,,,8,0,3.7,0,1,1,15,12,3,1,0,,42,54.55,0,0,2,55,5,14,1,11,854,5,,0,0,0,0,0.0,0,0,0,0,131,3,0,6.88,0,0,0,0,0,0,0,0,854.0,0.0,1,15,12,15,8,15,60.0,0,17,7,41.18,14,20,25,34,45,48.91,9,200,72,238,123.8,27,0,428,10,1,0,José Carlos Lazo,Albacete Balompié,605510,2848
25,1,10.0,151,38,45.78,339,304,642,78.68,36,44.44,45,27,0,0,0,0,124,0,1,10,3,42,27,0,0,12,32,138,0,0,,,49,0,0.0,0,0,0,24,22,2,0,0,,97,51.05,0,0,2,174,25,10,0,24,1903,2,,0,0,0,1,0.0,0,0,0,0,241,15,0,6.88,0,0,0,0,0,0,0,0,0.0,0.0,1,16,16,19,3,13,72.22,0,60,42,70.0,10,52,18,10,133,49.08,83,482,344,816,185.7,32,0,1180,24,5,0,Yann Bodiger,CD Tenerife,583608,2822
7,5,31.25,128,8,53.33,198,113,306,72.86,23,30.67,52,40,3,0,0,1,86,4,6,10,1,12,39,0,0,37,18,162,0,0,,,19,1,19.35,0,12,15,21,17,4,11,1,,69,38.55,1,0,2,114,4,18,3,24,2104,21,,0,0,3,0,66.67,0,2,0,1,291,17,0,6.88,0,8,0,0,0,0,0,0,175.33,16.67,6,45,17,24,28,17,30.36,0,22,14,63.64,18,15,56,16,92,36.22,15,296,140,420,268.2,62,1,814,30,4,0,Urko Izeta,Mirandés,1430667,35092
33,36,27.27,196,35,46.67,451,328,743,78.87,27,40.91,39,38,2,0,1,0,132,4,3,11,2,30,38,0,1,20,25,138,0,0,,,32,0,4.44,0,2,4,26,22,4,2,0,,122,55.2,0,0,5,199,21,36,2,33,2666,1,,0,1,3,0,66.67,0,2,0,1,389,14,0,6.88,1,0,0,0,0,0,0,0,1333.0,0.0,4,13,32,27,7,20,44.44,0,44,27,61.36,35,72,45,132,149,51.92,75,694,380,942,261.3,45,2,1469,61,7,0,Mathis Lachuer,Mirandés,1101440,35092
25,0,0.0,133,52,35.86,429,940,1369,88.95,39,45.35,47,27,0,0,0,0,72,1,0,1,9,103,27,0,0,1,5,78,0,0,,,25,0,0.0,3,0,0,32,28,4,0,0,,51,62.2,0,0,0,170,21,9,0,27,2377,0,,0,1,0,0,0.0,0,0,0,0,180,1,0,6.87,0,0,0,0,0,0,0,0,0.0,0.0,0,4,0,1,2,3,100.0,0,38,23,60.53,8,62,3,1,90,53.57,145,549,991,1539,185.6,4,0,1811,10,8,0,Chumi,Almería,913455,2858
27,0,0.0,42,33,61.11,129,186,315,89.24,13,65.0,7,12,1,0,0,0,21,1,0,1,1,49,11,0,0,0,3,13,0,1,,,5,0,0.0,3,0,1,8,7,1,0,0,,10,62.5,0,0,0,38,8,3,0,7,682,0,,1,0,0,1,0.0,0,0,0,0,42,0,0,6.87,0,0,0,0,0,0,0,0,0.0,0.0,0,5,0,4,0,1,100.0,0,6,5,83.33,3,43,1,0,23,63.89,54,161,192,353,75.6,5,1,445,3,2,0,Sergio Postigo,Mirandés,217384,35092
9,0,0.0,61,12,50.0,160,187,347,87.19,14,73.68,5,12,0,0,0,0,37,3,0,1,0,17,11,0,0,1,5,19,0,1,,,8,0,0.0,0,0,0,9,7,2,0,0,,14,50.0,0,0,0,51,6,8,0,6,621,0,,0,0,0,0,0.0,0,0,0,0,68,0,0,6.87,0,0,0,0,0,0,0,0,0.0,0.0,0,3,0,2,0,1,100.0,0,11,7,63.64,8,16,1,2,28,59.57,24,199,201,398,75.6,3,0,486,2,1,0,Jesús Bernal,Sporting Gijón,900458,2852
47,0,0.0,120,108,47.16,399,972,1371,86.66,58,60.42,38,29,1,0,0,0,103,0,2,3,5,130,29,0,1,8,10,87,0,0,,,27,0,0.0,3,0,1,34,27,7,0,0,,46,48.42,0,0,0,211,27,6,0,29,2540,1,,0,0,0,0,0.0,0,0,0,0,243,2,0,6.87,1,0,0,0,0,0,0,0,0.0,0.0,0,14,0,7,4,5,41.67,0,27,16,59.26,6,78,12,0,104,54.45,229,543,1039,1582,199.3,14,1,1900,14,6,0,Lluís López,Real Zaragoza,807117,2815
44,3,21.43,311,70,56.91,584,390,971,82.64,32,46.38,37,40,1,0,0,0,91,1,2,2,1,35,39,0,0,12,27,115,0,0,,,30,0,7.14,0,1,2,29,25,4,0,1,,98,55.68,0,0,1,204,30,23,0,17,1983,0,,0,0,0,0,0.0,0,0,0,0,259,9,0,6.87,0,1,0,0,0,0,0,0,1983.0,0.0,0,5,9,7,5,10,52.63,0,71,43,60.56,23,82,19,14,130,53.06,123,733,456,1175,268.0,14,1,1498,17,3,0,Nacho Martín,Sporting Gijón,1152182,2852
20,0,0.0,35,63,42.0,133,660,793,82.78,61,61.0,39,27,0,0,0,0,46,0,0,0,10,175,27,0,0,1,9,61,0,1,,,13,0,0.0,2,0,0,27,20,7,0,0,,31,58.49,0,0,0,165,27,3,0,24,2261,0,,1,0,0,0,0.0,0,0,0,0,172,0,0,6.87,0,0,0,0,0,0,0,0,0.0,0.0,0,3,0,2,1,0,0.0,0,28,17,60.71,3,55,0,0,92,60.13,150,244,714,958,185.5,3,0,1249,4,2,0,Bojan Kovačević,Cádiz,1143405,4488
1,9,24.32,30,2,40.0,52,28,71,79.78,5,83.33,1,10,0,0,0,0,15,1,0,1,0,1,10,0,0,5,2,22,0,0,,,4,0,0.0,0,0,0,1,1,0,0,0,,11,34.38,0,0,0,18,0,11,0,2,259,0,,0,0,0,0,0.0,0,0,0,0,70,2,0,6.87,0,0,0,0,0,0,0,0,0.0,0.0,0,7,0,3,3,7,41.18,0,4,3,75.0,11,1,17,37,16,42.11,5,96,30,89,68.7,7,0,183,0,3,0,Theo Corbeanu,Granada,1121430,33779
6,1,11.11,50,5,55.56,93,44,136,73.91,27,51.92,25,16,0,0,0,0,21,1,5,3,0,11,16,0,0,19,4,79,0,0,,,19,0,15.38,0,4,4,14,9,5,3,1,,30,35.71,1,0,0,48,2,15,0,13,1062,12,,0,0,0,0,0.0,0,0,0,1,123,5,0,6.87,0,3,0,0,0,0,0,0,265.5,0.0,0,17,9,14,9,10,40.0,0,6,4,66.67,15,10,25,9,57,41.91,9,147,46,184,109.9,26,0,365,14,1,0,Zakaria Eddahchouri,Deportivo de A Coruña,979476,2832
51,1,100.0,80,99,40.91,246,740,985,83.12,36,50.0,36,33,1,0,0,0,88,2,3,3,8,203,32,0,0,1,5,54,0,0,,,12,0,0.0,3,0,1,38,34,4,0,0,,39,68.42,0,0,0,200,20,3,0,31,2696,1,,1,0,0,0,0.0,0,0,0,0,215,0,0,6.87,1,0,0,0,0,0,0,0,0.0,0.0,0,10,2,8,1,3,100.0,0,27,19,70.37,3,97,3,1,75,58.14,242,394,792,1185,219.8,12,2,1562,9,3,1,Lalo Aguilar,Albacete Balompié,1391437,2848
16,19,25.33,159,35,35.35,310,275,566,74.38,13,31.71,28,32,0,0,0,0,111,1,0,1,3,56,31,0,1,17,28,155,0,1,,,36,0,0.0,0,0,0,30,26,4,0,0,,168,56.95,0,0,1,195,24,29,0,24,2197,2,,0,0,0,0,0.0,0,0,0,0,416,8,0,6.87,1,0,0,0,0,0,0,0,0.0,0.0,0,3,4,4,2,50,51.55,0,86,62,72.09,29,44,97,75,181,53.87,99,492,344,761,212.9,7,1,1545,33,9,0,Carlos Puga,Málaga CF,1164708,2830
7,1,25.0,130,3,23.08,207,64,270,70.5,36,38.71,57,41,4,0,0,0,63,4,9,14,1,29,41,0,0,37,14,174,0,0,,,41,0,12.5,0,8,12,25,24,1,6,2,,98,45.58,2,0,0,113,4,20,0,18,1993,14,,0,0,0,0,0.0,0,0,0,1,287,21,0,6.87,0,6,0,0,0,0,0,0,249.13,0.0,0,49,15,20,30,16,35.56,0,21,13,61.9,20,17,45,4,134,43.51,13,308,79,383,281.5,64,2,828,64,3,0,Jon Karrikaburu,Real Racing Club,1099175,2835
72,4,14.81,339,65,41.14,825,652,1473,83.27,36,50.7,35,38,2,0,0,0,168,3,0,3,7,31,38,0,0,16,49,161,1,1,,,51,0,0.0,0,0,2,38,33,5,0,0,,123,49.4,0,0,0,296,46,12,0,32,2747,0,,0,0,0,0,0.0,0,0,0,0,386,14,0,6.87,0,0,0,0,0,0,0,0,0.0,0.0,2,2,11,8,2,9,39.13,0,70,48,68.57,12,130,23,27,159,49.69,158,1071,725,1769,260.9,13,0,2185,44,5,0,Unai Vencedor,Real Racing Club,966802,2835
40,2,15.38,234,56,40.88,549,726,1273,83.37,58,50.43,57,38,0,0,0,0,166,0,4,2,9,69,38,0,0,29,30,166,1,1,,,43,0,0.0,0,0,0,32,30,2,0,0,,152,58.24,0,0,0,254,33,13,0,28,2793,0,,0,0,0,1,0.0,0,0,0,0,353,10,0,6.86,1,0,0,0,0,0,0,0,0.0,0.0,0,7,5,5,5,21,70.0,0,109,67,61.47,13,70,30,13,210,55.85,137,750,790,1527,260.8,12,1,2013,24,3,1,Sergio Álvarez,Eibar,116692,2839
13,6,16.22,127,26,61.9,207,107,308,75.49,4,17.39,19,35,3,0,0,0,73,6,3,8,0,9,35,0,0,25,19,108,0,0,,,17,0,18.92,0,7,10,28,25,3,7,0,,74,45.4,0,0,1,100,9,18,1,18,1679,19,,0,0,0,1,0.0,0,0,0,1,241,7,0,6.86,0,5,0,0,0,0,0,0,239.86,0.0,1,23,14,13,16,21,42.86,0,14,11,78.57,18,18,49,37,78,41.94,42,317,128,408,240.1,37,1,736,39,5,0,Joaquín Muñoz,Huesca,904964,24265
7,1,50.0,76,7,46.67,149,57,205,61.38,65,40.88,94,37,5,0,0,0,31,8,10,17,0,19,37,0,1,24,5,172,0,0,,,42,0,12.73,0,7,12,24,24,0,5,2,,48,38.1,0,0,0,129,2,19,0,19,1783,10,,0,0,0,0,0.0,0,0,0,0,229,6,0,6.86,1,7,0,0,0,0,0,0,254.71,0.0,0,48,7,16,22,7,35.0,0,23,13,56.52,19,10,20,2,113,39.65,15,253,83,334,253.7,55,1,627,20,3,0,Ivan Barbero,Deportivo de A Coruña,913728,2832
15,7,25.93,97,10,55.56,178,110,281,74.93,15,39.47,23,30,0,0,0,0,63,1,5,6,0,20,30,0,0,24,9,88,0,0,,,9,0,10.26,0,4,4,21,19,2,4,0,,83,56.08,2,0,2,94,7,14,0,18,1543,8,,0,0,0,0,0.0,0,0,0,1,199,12,0,6.86,0,2,0,0,0,0,0,0,385.75,0.0,1,26,13,19,14,27,51.92,0,20,14,70.0,14,34,52,27,98,52.69,18,271,131,375,205.7,39,0,687,36,1,0,Iván Chapela,CD Eldense,826012,47321
2,1,7.69,67,8,88.89,97,52,148,87.06,5,33.33,10,16,1,0,0,0,45,0,1,8,0,2,16,0,0,13,11,65,0,0,,,18,0,8.33,0,2,3,18,16,2,2,0,,50,47.62,0,0,1,22,5,12,0,12,942,2,,0,0,0,0,0.0,0,0,0,0,87,10,0,6.86,0,2,0,0,0,0,0,0,471.0,0.0,0,17,7,10,6,19,55.88,0,19,13,68.42,12,5,34,13,55,45.83,9,125,58,170,109.7,24,0,347,12,2,0,Diego Collado,CD Eldense,1010551,47321
16,1,50.0,159,19,63.33,300,138,437,71.52,86,45.03,105,41,2,0,0,0,77,3,8,8,0,25,41,0,0,48,17,256,0,1,,,47,0,26.32,0,10,12,33,29,4,10,0,,103,40.55,0,0,0,174,8,23,5,25,2349,16,,0,1,0,0,0.0,0,0,0,0,335,17,0,6.86,0,5,0,0,0,0,0,0,234.9,0.0,0,37,1,11,19,17,29.31,0,43,23,53.49,22,23,58,2,189,42.47,30,435,178,611,281.1,38,3,1046,45,8,0,Fernando Niño,Burgos Club de Fútbol,1016019,2854
14,0,0.0,10,94,40.17,57,236,293,66.89,5,83.33,1,20,0,0,0,0,150,0,0,0,4,18,20,1,0,0,1,2,0,0,,,0,0,0.0,161,0,0,31,25,6,0,0,,4,80.0,0,14,0,145,0,0,0,20,1755,0,,0,0,0,0,0.0,3,0,0,0,149,0,7,6.86,0,0,6,24,26,52,0,13,0.0,0.0,0,0,0,0,0,1,100.0,6,0,0,0.0,0,20,1,0,9,81.82,234,168,270,438,137.1,0,1,627,3,4,0,Ian Mackay Abad,CD Eldense,129429,47321
36,13,25.0,210,77,68.75,482,458,927,84.43,16,40.0,24,40,0,0,0,0,119,2,0,3,5,39,40,0,0,16,18,95,0,0,,,24,0,0.0,0,0,0,41,38,3,0,0,,112,61.2,0,0,0,171,32,33,0,30,2687,0,,0,1,0,1,0.0,0,0,0,0,289,11,0,6.86,0,0,0,0,0,0,0,0,0.0,0.0,0,8,1,6,0,27,67.5,0,43,33,76.74,32,64,40,52,128,57.4,112,635,515,1098,274.2,9,0,1513,42,4,0,Álvaro Sanz Catalán,Racing de Ferrol,930266,2843
21,0,0.0,31,160,33.4,117,280,397,55.22,4,100.0,0,33,0,0,0,0,223,0,0,0,7,26,33,0,0,0,1,1,2,1,,,0,0,100.0,266,1,1,41,34,7,1,0,,3,75.0,1,22,0,322,0,0,0,32,2914,0,,0,0,0,0,0.0,8,0,4,0,330,0,10,6.85,0,0,7,52,21,73,1,10,2914.0,0.0,0,1,0,0,1,0,0.0,7,0,0,0.0,0,43,0,0,7,87.5,479,396,323,719,226.2,1,2,999,5,3,0,Gaetan Poussin,Real Zaragoza,826216,2815
30,19,26.03,203,58,39.19,390,329,700,73.45,52,63.41,30,36,2,0,0,0,106,5,4,2,5,71,35,0,0,10,11,133,1,2,,,66,0,16.0,0,4,6,46,41,5,4,0,,90,46.63,2,0,1,253,28,29,1,33,2956,6,,0,0,0,1,0.0,0,0,0,1,453,4,0,6.85,0,1,0,0,0,0,0,0,739.0,0.0,0,23,2,14,9,14,43.75,0,61,34,55.74,29,65,32,73,142,51.64,148,625,401,953,239.9,25,0,1726,16,10,0,Carlos Albarrán,Córdoba,349878,2850
25,14,23.33,215,26,20.47,398,265,649,69.64,20,41.67,28,32,0,0,0,0,76,2,2,5,6,83,32,0,0,13,33,119,0,0,,,28,0,15.79,0,3,3,37,35,2,2,1,,123,57.48,0,0,1,283,39,14,2,28,2482,2,,0,0,0,0,0.0,0,0,0,2,447,7,0,6.85,0,1,0,0,0,0,0,0,827.33,0.0,0,8,11,6,8,28,60.87,0,66,39,59.09,14,77,46,60,143,54.58,127,645,347,932,219.3,19,1,1672,29,8,0,Mario Garcia,Real Racing Club,1466657,2835
9,10,17.54,120,10,50.0,200,79,269,72.51,14,31.11,31,38,3,0,0,0,56,3,6,16,0,14,38,0,0,29,13,120,0,0,,,15,0,10.71,0,6,9,20,19,1,6,0,,97,52.15,1,0,0,102,10,22,2,17,1730,5,,0,1,0,0,0.0,0,0,0,0,276,10,0,6.85,0,2,0,0,0,0,0,0,288.33,0.0,0,41,15,18,22,25,42.37,0,22,14,63.64,21,25,59,57,111,48.05,20,326,102,371,260.4,56,0,795,50,4,0,Joel Roca,Mirandés,1391616,35092
34,0,0.0,75,64,33.86,260,681,941,79.75,74,60.66,48,25,1,0,0,0,85,1,3,4,8,125,25,0,1,3,14,82,0,0,,,18,0,8.33,14,1,2,28,23,5,1,0,,36,51.43,1,0,0,239,30,3,0,25,2167,1,,0,0,0,1,0.0,0,0,0,0,258,1,0,6.85,1,0,0,0,0,0,0,0,2167.0,0.0,0,12,0,5,3,2,66.67,0,13,8,61.54,3,85,3,3,110,57.29,189,429,754,1180,171.3,12,1,1454,22,5,0,Javi Montero,Real Racing Club,927376,2835
53,6,26.09,214,107,61.85,478,562,1034,84.0,36,53.73,31,33,2,0,0,0,162,5,1,11,3,50,33,0,1,21,12,112,0,3,,,41,0,13.04,0,3,5,40,30,10,3,0,,65,44.52,0,0,1,197,28,22,0,28,2418,1,,0,0,0,0,0.0,0,0,0,0,278,4,0,6.85,1,3,0,0,0,0,0,0,806.0,0.0,1,8,15,7,5,13,59.09,0,40,26,65.0,22,84,22,23,101,47.42,173,636,618,1231,226.1,23,0,1545,12,9,0,Martin Hongla,Granada,856062,33779
9,2,11.76,152,5,35.71,222,74,294,69.5,12,40.0,18,34,3,0,0,0,57,2,3,7,0,11,34,0,0,39,9,125,0,0,,,36,0,23.33,0,7,10,20,17,3,6,1,,112,51.14,3,0,2,129,5,15,2,29,1834,12,,0,0,0,0,0.0,0,0,0,0,270,10,0,6.85,0,2,0,0,0,0,0,0,262.0,0.0,0,27,3,9,14,12,33.33,0,27,18,66.67,15,16,36,17,124,49.8,14,338,102,423,232.9,30,1,818,75,6,0,Pablo Rodríguez,Real Racing Club,1014682,2835
11,8,17.02,148,26,49.06,258,117,367,75.67,15,40.54,22,37,3,0,0,0,66,6,3,13,0,23,36,0,0,28,18,121,0,0,,,20,0,11.9,0,5,8,27,23,4,3,2,,81,45.0,0,0,2,118,10,28,4,17,1668,0,,0,0,0,0,0.0,0,0,0,0,275,6,0,6.85,0,1,0,0,0,0,0,0,333.6,0.0,0,17,25,10,19,25,43.1,0,35,18,51.43,28,29,58,47,96,44.24,53,390,142,485,246.6,42,0,874,22,3,0,Pablo Sáenz,Albacete Balompié,1175743,2848
36,1,100.0,34,51,47.22,139,421,559,85.21,26,52.0,24,16,1,0,0,0,25,1,1,0,2,99,16,0,0,1,2,39,0,0,,,14,0,0.0,4,0,1,18,16,2,0,0,,17,53.13,0,0,0,97,19,3,0,14,1252,0,,1,0,0,1,0.0,0,0,0,0,106,0,0,6.85,1,0,0,0,0,0,0,0,0.0,0.0,0,3,1,3,1,0,0.0,0,12,4,33.33,3,66,0,1,43,52.44,108,205,452,656,109.6,4,0,844,7,6,1,Ignasi Miquel,Levante UD,144606,2849
5,0,0.0,167,11,73.33,282,112,394,86.98,12,40.0,18,29,1,0,0,0,34,2,2,7,1,7,29,0,1,13,5,56,1,0,,,16,0,10.34,0,3,4,6,6,0,3,0,,71,65.14,1,0,1,59,6,11,1,16,1363,3,,0,0,0,1,0.0,0,0,0,1,119,5,0,6.85,1,1,0,0,0,0,0,0,454.33,0.0,1,22,7,14,8,3,37.5,0,21,10,47.62,11,9,8,6,83,59.71,15,334,125,453,198.6,29,0,665,47,1,0,Óscar Plano,Elche,255235,2846
20,1,7.69,150,14,38.89,257,89,345,65.46,75,49.67,76,34,3,0,0,0,51,5,9,9,1,26,34,0,0,17,12,136,0,0,,,24,0,8.11,0,3,6,32,32,0,3,0,,38,38.78,1,0,2,182,12,28,2,16,1812,16,,0,0,0,0,0.0,0,0,0,0,280,12,0,6.85,0,0,0,0,0,0,0,0,604.0,0.0,0,29,8,16,12,4,33.33,0,23,14,60.87,28,28,12,13,113,45.38,36,420,120,527,232.8,37,1,816,12,1,0,Jesús de Miguel,CD Castellón,950498,5067
7,0,0.0,11,15,37.5,67,232,299,86.17,25,51.02,24,11,0,0,0,0,18,2,0,1,0,41,11,0,0,0,2,36,0,0,,,10,0,0.0,0,0,0,13,12,1,0,0,,15,55.56,0,0,0,48,13,3,0,9,732,1,,0,0,0,0,0.0,0,0,0,0,52,0,0,6.85,0,0,0,0,0,0,0,0,0.0,0.0,0,4,0,1,2,1,100.0,0,10,3,30.0,3,17,1,0,40,52.63,40,96,251,347,75.3,4,0,458,4,1,0,Juande Rivas,CD Tenerife,966573,2822
8,1,14.29,92,5,41.67,125,36,160,62.26,16,30.77,36,38,0,0,0,0,33,1,18,18,0,18,38,0,0,22,11,133,0,0,,,44,0,15.12,0,13,13,36,31,5,13,0,,54,35.76,3,0,2,97,4,24,2,27,2288,14,,0,0,0,0,0.0,0,0,0,1,228,5,0,6.84,0,8,0,0,0,0,0,0,176.0,0.0,3,70,16,33,35,15,38.46,0,11,5,45.45,24,17,39,7,70,34.48,12,214,50,257,260.1,86,1,617,29,6,0,Juan Carlos Arana,Real Racing Club,1084464,2835
55,24,26.37,219,49,43.36,384,244,604,70.81,25,40.32,37,34,3,0,0,0,140,7,1,5,7,83,34,0,0,14,38,157,1,0,,,48,0,0.0,0,0,3,44,36,8,0,0,,115,48.94,0,0,0,249,39,33,0,33,2741,3,,0,0,0,1,0.0,0,0,0,0,470,7,0,6.84,0,0,0,0,0,0,0,0,0.0,0.0,0,9,4,4,4,13,39.39,0,85,61,71.76,33,122,33,91,140,47.14,113,628,316,853,232.7,13,1,1723,18,9,0,Fran Gámez,CD Eldense,914731,47321
15,3,60.0,69,35,42.68,212,528,737,84.23,75,54.35,63,28,0,0,0,0,69,1,3,2,3,118,28,0,0,1,4,104,0,2,,,36,0,0.0,0,0,0,24,20,4,0,0,,45,52.33,0,0,1,138,21,8,0,21,1892,2,,0,0,0,1,0.0,0,0,0,0,163,3,0,6.84,0,0,0,0,0,0,0,0,0.0,0.0,0,9,1,5,3,2,50.0,0,33,21,63.64,8,30,4,5,120,53.57,82,292,588,875,191.6,10,0,1158,11,7,0,Unai Eguíluz,Mirandés,1391374,35092
9,9,24.32,137,7,23.33,239,106,336,75.0,37,55.22,30,33,3,0,0,0,71,7,3,8,0,20,31,0,0,22,22,120,0,0,,,22,0,9.38,0,3,6,15,13,2,3,0,,74,45.12,0,0,0,112,13,24,2,16,1413,3,,0,1,0,0,0.0,0,0,0,0,233,11,0,6.84,0,1,0,0,0,0,0,0,471.0,0.0,0,17,15,9,15,17,39.53,0,37,21,56.76,23,23,43,37,111,48.05,30,364,121,448,212.1,32,0,783,21,4,0,Jon Guruzeta,Eibar,1085405,2839
34,2,33.33,98,54,48.65,330,688,1016,90.8,29,58.0,21,22,0,0,0,0,62,0,0,1,5,99,22,0,0,2,9,61,0,0,,,29,0,0.0,41,0,0,21,20,1,0,0,,29,42.03,0,0,0,103,17,7,0,19,1699,1,,0,0,0,1,0.0,0,0,0,0,124,1,0,6.84,0,0,0,0,0,0,0,0,0.0,0.0,0,2,1,1,1,4,80.0,0,16,11,68.75,7,60,5,6,58,48.74,111,405,720,1119,150.5,3,0,1346,10,7,0,Matia Barzić,CD Eldense,1542493,47321
38,8,19.51,203,76,48.41,422,473,887,81.15,25,44.64,31,32,0,0,0,0,97,0,0,1,6,74,32,0,0,11,16,96,0,4,,,23,0,9.09,0,1,1,38,32,6,1,0,,93,58.86,0,0,0,206,25,10,0,29,2559,3,,0,0,0,0,0.0,0,0,0,0,342,11,0,6.84,0,1,0,0,0,0,0,0,2559.0,0.0,0,5,6,5,5,15,50.0,0,47,31,65.96,10,86,30,41,118,55.14,157,605,529,1093,218.9,11,0,1749,31,7,0,Iza Carcelén,Cádiz,800403,4488
9,0,0.0,48,24,64.86,134,119,253,85.76,13,56.52,10,10,0,0,0,0,47,0,0,2,0,6,10,0,0,7,5,35,0,1,,,11,0,0.0,0,0,0,8,7,1,0,0,,44,63.77,0,0,0,42,6,3,0,7,622,0,,0,0,0,0,0.0,0,0,0,0,64,1,0,6.84,0,0,0,0,0,0,0,0,0.0,0.0,0,1,2,1,0,4,57.14,0,13,9,69.23,3,14,7,2,57,61.96,37,164,133,295,68.4,3,0,403,29,2,0,Iddrisu Baba,Almería,914014,2858
32,12,26.67,105,36,50.7,228,213,429,82.5,10,47.62,11,23,4,0,0,0,52,2,0,2,1,22,23,0,0,3,8,54,0,0,,,24,0,5.26,0,1,5,28,24,4,1,0,,58,57.43,0,0,2,91,18,21,0,13,1228,2,,0,0,0,2,0.0,0,0,0,0,156,5,0,6.84,0,1,0,0,0,0,0,0,1228.0,0.0,2,6,13,12,5,7,41.18,0,18,7,38.89,21,58,17,45,68,55.74,71,336,229,520,157.3,19,0,750,33,4,0,Lucas Robertone,Almería,848926,2858
6,23,22.55,186,11,57.89,335,132,444,85.22,11,32.35,23,39,5,0,0,0,56,5,3,9,0,11,39,0,0,19,9,85,0,0,,,17,0,9.68,0,3,8,18,17,1,3,0,,41,39.81,0,0,1,77,14,50,0,16,1529,7,,0,1,0,0,0.0,0,0,0,0,249,11,0,6.84,0,3,0,0,0,0,0,0,509.67,0.0,0,24,7,11,11,15,45.45,0,16,13,81.25,49,14,33,102,52,37.96,19,482,141,521,266.7,31,2,880,10,4,0,Arnau Puigmal,Almería,910023,2858
8,13,26.0,147,25,34.25,257,167,411,72.11,24,48.0,26,26,2,0,0,0,71,8,1,1,0,30,26,0,0,5,13,96,0,0,,,29,0,40.0,0,2,4,29,24,5,2,0,,67,48.91,0,0,1,159,14,32,0,15,1436,3,,0,0,0,1,0.0,0,0,0,1,272,2,0,6.84,0,2,0,0,0,0,0,0,718.0,0.0,0,5,0,1,3,16,39.02,0,34,21,61.76,32,26,41,50,91,48.66,73,405,215,570,177.8,5,2,996,18,6,0,Marcos Luna,Real Zaragoza,1395903,2815
8,2,25.0,65,8,61.54,118,107,223,86.1,3,25.0,9,21,2,0,0,0,22,2,0,4,0,9,21,0,0,12,0,28,0,0,,,6,0,18.18,0,2,4,11,8,3,2,0,,42,68.85,0,0,0,36,3,7,2,8,800,0,,0,0,0,0,0.0,0,0,0,0,64,1,0,6.84,0,0,0,0,0,0,0,0,400.0,0.0,0,8,3,2,5,6,66.67,0,8,5,62.5,7,20,9,8,45,61.64,13,155,112,259,143.6,11,1,369,28,0,0,Óscar Melendo,Cádiz,861317,4488
8,28,22.76,174,27,28.72,361,262,595,78.08,12,31.58,26,32,3,0,0,0,89,3,0,1,3,54,32,0,0,13,13,95,1,0,,,13,0,0.0,0,0,3,22,20,2,0,0,,76,52.41,0,0,0,167,40,32,0,25,2222,1,,0,0,0,0,0.0,0,0,0,0,388,6,0,6.84,0,0,0,0,0,0,0,0,0.0,0.0,0,3,4,3,3,18,36.73,0,42,36,85.71,32,24,49,123,88,48.09,94,569,316,762,218.8,7,0,1462,17,1,0,Cristian Gutiérrez,Eibar,1084456,2839
15,18,32.73,126,39,40.21,245,197,424,76.67,15,50.0,15,27,2,0,0,0,84,1,0,4,5,42,27,0,0,9,17,80,0,0,,,23,0,12.5,0,1,3,27,22,5,1,0,,105,61.76,0,0,0,129,21,18,1,19,1716,2,,0,0,0,1,0.0,0,0,0,0,253,6,0,6.84,1,0,0,0,0,0,0,0,1716.0,0.0,0,5,3,3,1,10,37.04,0,46,32,69.57,18,32,27,55,120,60.0,97,362,246,553,184.6,8,1,1072,49,2,1,Jose Matos,Cádiz,800987,4488
18,0,0.0,67,30,81.08,154,144,298,90.3,0,0.0,6,11,1,0,0,0,27,0,0,0,0,13,11,0,0,2,7,21,0,0,,,4,0,0.0,0,0,1,7,7,0,0,0,,19,55.88,0,0,0,32,6,3,0,5,451,0,,0,0,0,0,0.0,0,0,0,0,45,4,0,6.84,0,0,0,0,0,0,0,0,0.0,0.0,0,0,0,0,0,6,75.0,0,8,7,87.5,3,22,8,4,19,47.5,37,184,150,330,75.2,0,0,394,5,1,0,Ramón Enríquez,Málaga CF,990800,2830
14,17,26.98,186,32,38.1,344,343,670,78.27,21,61.76,13,25,1,0,0,0,107,3,0,0,7,58,25,0,0,12,18,76,0,1,,,19,0,0.0,1,0,1,21,15,6,0,0,,61,49.19,0,0,0,186,36,11,0,21,1853,5,,0,0,0,2,0.0,0,0,0,0,344,4,0,6.84,0,0,0,0,0,0,0,0,0.0,0.0,0,2,1,3,0,11,39.29,0,38,21,55.26,11,38,28,63,82,51.9,84,498,421,856,170.9,3,0,1436,12,4,0,Abdel Rahim,Real Oviedo,1120504,2851
9,1,14.29,101,7,46.67,154,110,263,69.21,47,32.64,97,39,1,0,0,0,69,2,6,29,1,36,39,0,0,39,7,203,0,0,,,50,0,12.05,0,10,11,37,36,1,10,0,,56,34.57,1,0,4,117,5,15,2,32,2678,20,,0,0,0,0,0.0,0,0,0,1,267,24,0,6.84,1,7,0,0,0,0,0,0,267.8,0.0,0,63,20,34,20,17,51.52,0,17,10,58.82,15,21,33,7,103,33.66,15,252,135,380,266.6,83,0,789,22,8,1,Antonio Casas,Córdoba,1084728,2850
37,2,28.57,258,50,54.95,639,722,1359,86.45,38,50.67,37,40,1,0,0,0,116,1,4,5,6,72,40,0,1,9,37,128,0,4,,,31,0,19.05,0,4,5,40,36,4,4,0,,111,54.95,0,0,2,213,36,16,0,35,3148,1,,0,0,0,0,0.0,0,0,0,0,287,7,0,6.84,1,4,0,0,0,0,0,0,787.0,0.0,0,14,7,9,7,11,39.29,0,64,40,62.5,16,57,28,7,149,53.79,91,781,798,1572,273.4,21,0,2035,36,3,0,Diego Villares,Deportivo de A Coruña,964849,2832
9,12,24.49,69,9,47.37,112,36,136,73.51,2,20.0,8,12,2,0,0,0,14,0,3,2,0,6,12,0,0,9,5,37,0,0,,,8,0,0.0,0,0,2,10,10,0,0,0,,14,32.56,0,0,1,49,1,13,0,10,792,2,,0,0,0,0,0.0,0,0,0,0,119,6,0,6.83,0,0,0,0,0,0,0,0,0.0,0.0,2,8,9,7,8,2,20.0,0,7,6,85.71,13,19,10,49,16,30.19,19,191,43,185,82.0,17,0,329,5,1,0,Mats Seuntjens,CD Castellón,163541,5067
29,8,42.11,120,82,43.16,342,668,1002,82.67,40,42.55,54,31,1,0,0,0,97,0,0,2,6,100,31,0,0,4,12,93,0,0,,,24,0,12.5,0,1,2,37,34,3,1,0,,51,56.67,0,0,0,210,25,12,1,26,2392,0,,0,0,0,0,0.0,0,0,0,0,261,2,0,6.83,0,0,0,0,0,0,0,0,2392.0,0.0,0,8,0,4,2,2,66.67,0,42,32,76.19,12,73,3,19,91,49.46,190,497,734,1212,211.8,8,0,1595,7,3,0,Diego Sánchez,Sporting Gijón,1085109,2852
4,2,40.0,82,3,60.0,152,60,210,67.74,80,48.48,85,25,0,0,0,0,63,1,5,5,1,11,25,0,0,38,6,196,0,0,,,48,0,9.38,0,3,3,30,28,2,3,0,,77,40.96,1,0,2,100,5,10,1,20,1800,12,,0,0,0,0,0.0,0,0,0,2,238,15,0,6.83,0,1,0,0,0,0,0,0,600.0,0.0,1,27,5,9,18,24,48.98,0,19,15,78.95,10,7,49,5,157,44.48,5,246,69,310,170.8,32,0,658,36,1,0,Gastón Valles,FC Cartagena,1801596,24329
10,7,25.93,62,10,71.43,125,74,192,86.49,3,37.5,5,11,1,0,0,0,20,2,0,3,0,4,10,0,0,2,4,22,0,0,,,7,0,0.0,0,0,1,7,6,1,0,0,,16,48.48,0,0,1,30,2,10,0,6,479,0,,0,0,0,0,0.0,0,0,0,0,66,7,0,6.83,0,0,0,0,0,0,0,0,0.0,0.0,1,2,7,5,1,3,42.86,0,5,4,80.0,10,14,7,27,19,46.34,14,171,78,222,68.3,9,0,308,8,3,0,Iván Gil,Eibar,1010525,2839
6,0,0.0,51,2,50.0,110,53,163,64.94,60,58.82,42,31,0,0,0,0,28,0,4,4,1,6,31,0,0,18,11,115,0,0,,,37,0,30.0,0,9,9,9,8,1,9,0,,48,39.67,2,0,0,88,9,7,2,13,1300,6,,0,0,1,0,100.0,0,1,0,0,167,4,0,6.83,0,5,0,0,0,0,0,0,144.44,0.0,0,29,1,11,15,11,52.38,0,19,9,47.37,7,10,21,0,108,48.43,4,184,67,251,211.7,30,0,480,18,3,0,Mourad El Ghezouani,Elche,1010891,2846
14,4,66.67,31,70,34.65,166,719,881,81.2,48,60.0,32,31,0,0,0,0,60,1,1,2,11,128,31,0,0,1,6,75,0,1,,,37,0,6.67,8,1,1,40,33,7,1,0,,59,57.84,1,0,0,204,37,6,0,31,2766,3,,0,0,0,1,0.0,0,0,0,0,223,2,0,6.83,0,0,0,0,0,0,0,0,2766.0,0.0,0,12,3,10,3,5,100.0,0,33,24,72.73,6,46,5,6,107,58.79,202,314,777,1085,211.7,15,0,1425,22,6,0,Iñigo Piña,CD Eldense,850579,47321
22,6,20.0,161,26,54.17,338,201,533,82.25,15,48.39,16,40,3,0,0,0,63,11,2,7,0,8,39,0,0,17,20,101,0,0,,,46,0,0.0,0,0,3,15,13,2,0,0,,70,45.16,0,0,1,115,5,29,0,9,1216,1,,0,0,0,0,0.0,0,0,0,0,194,12,0,6.83,0,0,0,0,0,0,0,0,0.0,0.0,0,8,18,11,8,8,53.33,0,34,23,67.65,29,45,15,30,85,45.7,48,459,219,648,266.3,26,2,892,29,4,0,Sergio Lozano,Levante UD,914749,2849
37,14,20.29,161,46,35.94,319,258,563,75.57,29,61.7,18,26,2,0,0,0,84,2,0,4,3,57,25,0,0,12,24,89,0,1,,,28,0,0.0,0,0,2,20,19,1,0,0,,74,51.03,0,0,0,182,22,16,0,18,1665,3,,0,1,0,0,0.0,0,0,0,0,340,6,0,6.83,0,0,0,0,0,0,0,0,0.0,0.0,0,6,7,7,2,10,45.45,0,49,24,48.98,15,79,22,69,103,53.65,128,502,312,745,170.7,13,1,1275,15,3,0,Carlos Pomares,Real Oviedo,813573,2851
64,0,0.0,143,116,43.28,416,944,1360,82.62,48,62.34,29,37,1,0,0,0,138,3,5,5,7,122,37,0,1,8,33,130,1,1,,,56,0,4.76,0,1,2,37,35,2,1,0,,126,55.51,1,0,1,286,47,13,0,36,3030,1,,0,0,0,0,0.0,0,0,0,0,334,1,0,6.83,1,0,0,0,0,0,0,0,3030.0,0.0,1,18,3,11,5,5,45.45,0,77,42,54.55,13,119,11,7,174,57.24,268,624,1029,1646,252.6,21,2,2111,45,11,0,Sergio González,CD Tenerife,914123,2822
38,33,21.71,169,47,36.72,359,261,587,75.74,26,50.98,25,35,6,0,0,0,73,4,1,4,3,55,34,0,0,9,14,90,0,2,,,29,0,0.0,1,0,6,25,22,3,0,0,,45,40.91,0,0,1,188,29,32,0,18,1899,3,,0,0,0,0,0.0,0,0,0,0,413,4,0,6.83,0,0,0,0,0,0,0,0,0.0,0.0,1,6,5,7,0,7,35.0,0,38,23,60.53,32,73,20,152,71,44.1,128,619,308,775,232.1,11,1,1401,0,8,0,Pablo García,Sporting Gijón,1009637,2852
22,0,0.0,32,43,35.83,160,410,570,79.61,62,60.78,40,23,2,0,0,0,51,2,2,1,3,143,19,0,0,2,5,67,4,0,,,20,0,15.38,1,2,4,31,25,6,2,0,,26,49.06,1,0,0,146,27,3,1,18,1651,0,,0,0,0,1,0.0,0,0,0,0,156,0,0,6.83,0,0,0,0,0,0,0,0,825.5,0.0,0,13,0,6,6,1,50.0,0,17,9,52.94,3,62,2,0,88,56.77,120,264,452,716,129.7,13,1,976,12,5,0,Jair Amador,Real Zaragoza,844028,2815
8,10,21.74,94,22,30.56,218,182,390,78.63,10,47.62,11,21,3,0,0,0,52,1,0,6,6,34,21,0,0,7,14,55,0,0,,,14,0,0.0,0,0,3,14,14,0,0,0,,37,45.68,0,0,1,106,11,17,0,14,1253,2,,0,0,0,0,0.0,0,0,0,1,203,3,0,6.82,0,0,0,0,0,0,0,0,0.0,0.0,0,7,6,7,0,6,37.5,0,22,16,72.73,17,19,16,46,47,46.08,72,317,225,496,143.3,13,0,868,9,5,0,Jokin Gabilondo,Málaga CF,1012407,2830
11,13,21.31,124,21,30.0,250,216,453,75.37,13,54.17,11,21,1,0,0,0,66,2,1,3,2,44,21,0,0,14,4,56,0,2,,,15,0,0.0,0,0,1,14,11,3,0,0,,67,59.82,0,0,0,148,13,15,0,14,1297,3,,1,1,0,0,0.0,0,0,0,0,256,4,0,6.82,1,0,0,0,0,0,0,0,0.0,0.0,0,7,3,4,3,10,45.45,0,41,27,65.85,14,36,22,61,80,58.82,70,405,257,601,143.3,10,1,1031,16,2,1,Saúl García,Real Racing Club,351086,2835
7,8,30.77,190,8,27.59,273,80,345,75.82,6,25.0,18,26,4,0,0,0,83,2,2,10,0,7,26,0,0,21,14,95,0,0,,,14,0,10.81,0,4,8,23,19,4,2,2,,51,39.84,0,0,3,110,6,17,2,17,1474,1,,0,0,0,0,0.0,0,0,0,1,227,16,0,6.82,0,2,0,0,0,0,0,0,368.5,0.0,0,17,20,17,10,24,45.28,0,20,14,70.0,17,21,53,26,57,37.5,29,383,98,455,177.4,37,1,748,7,4,0,Gaspar Campos,Sporting Gijón,1031637,2852
21,1,100.0,286,23,28.05,600,483,1082,82.22,38,46.91,43,39,3,0,0,0,164,3,2,12,8,67,39,0,0,32,40,187,0,1,,,50,0,5.88,0,2,5,37,33,4,1,1,,134,48.2,0,0,0,234,42,20,1,36,2899,0,,0,0,0,0,0.0,0,0,0,0,342,16,0,6.82,0,1,0,0,0,0,0,0,1449.5,0.0,0,13,21,15,7,28,52.83,0,71,35,49.3,20,44,53,1,172,47.91,82,756,561,1316,266.1,34,0,1837,37,11,0,Aritz Aldasoro,Real Racing Club,1010420,2835
18,18,23.08,110,40,42.11,243,314,539,79.97,21,67.74,10,32,1,0,0,0,88,5,1,2,6,65,31,0,0,8,19,78,0,1,,,19,0,9.09,0,1,2,28,20,8,1,0,,93,57.76,0,0,0,135,30,20,0,22,2004,1,,0,1,0,0,0.0,0,0,0,0,293,1,0,6.82,1,1,0,0,0,0,0,0,2004.0,0.0,0,2,9,7,2,38,62.3,0,35,25,71.43,19,49,61,78,114,59.38,95,406,346,674,211.5,11,2,1280,21,0,1,Rubén Sánchez,Granada,1021165,33779
13,0,0.0,57,45,37.5,187,641,828,84.32,67,54.47,56,27,1,0,0,0,50,2,1,1,4,125,27,0,0,1,11,88,0,1,,,23,0,0.0,0,0,1,28,24,4,0,0,,42,56.76,0,0,1,154,16,9,0,24,2026,1,,0,0,0,1,0.0,0,0,0,0,166,1,0,6.82,0,0,0,0,0,0,0,0,0.0,0.0,0,11,0,8,2,0,0.0,0,30,16,53.33,9,35,0,2,109,55.33,120,297,687,982,184.2,11,0,1259,14,5,0,Nikola Maraš,Sporting Gijón,101156,2852
9,0,0.0,144,31,52.54,370,397,767,88.47,14,58.33,10,30,1,0,0,0,66,1,0,0,1,28,28,0,0,4,11,46,0,0,,,20,0,0.0,0,0,1,14,13,1,0,0,,58,61.7,0,0,0,100,29,5,0,21,1579,0,,0,0,0,1,0.0,0,0,0,0,117,5,0,6.82,0,0,0,0,0,0,0,0,0.0,0.0,0,0,2,2,0,1,33.33,0,41,27,65.85,5,18,3,3,72,61.02,59,438,432,867,190.9,2,0,1055,16,4,0,Marc Aguado,Elche,1014595,2846
60,9,50.0,249,76,63.87,545,424,960,86.18,8,32.0,17,34,1,0,0,0,114,2,0,4,0,24,34,0,0,9,26,94,0,0,,,31,0,0.0,0,0,1,28,25,3,0,0,,79,50.64,0,0,0,154,24,16,0,22,2055,0,,0,0,0,0,0.0,0,0,0,0,218,10,0,6.82,0,0,0,0,0,0,0,0,0.0,0.0,2,0,14,8,2,7,35.0,0,54,37,68.52,16,91,20,18,87,48.07,119,671,461,1114,231.8,14,0,1391,18,6,0,Iván Morante,Burgos Club de Fútbol,910021,2854
3,3,12.5,99,5,55.56,168,66,231,78.04,14,43.75,18,31,1,0,0,0,64,1,2,7,0,10,31,0,0,20,9,117,0,0,,,32,0,12.9,0,4,5,17,13,4,3,1,,78,44.07,1,0,0,65,7,21,0,10,1214,3,,0,1,0,0,0.0,0,0,0,0,197,14,0,6.82,0,3,0,0,0,0,0,0,303.5,0.0,0,23,8,14,10,31,44.29,0,24,19,79.17,20,8,70,24,92,44.02,9,247,73,296,211.3,31,0,610,23,4,0,Pau Sans,Real Zaragoza,1469468,2815
5,0,0.0,44,9,90.0,85,34,119,67.23,20,31.75,43,19,0,0,0,0,17,2,6,6,0,13,19,0,0,17,4,87,0,0,,,13,0,17.39,0,4,4,9,8,1,4,0,,28,38.89,0,0,1,58,2,5,1,11,991,1,,0,0,0,0,0.0,0,0,0,1,132,2,0,6.82,0,3,0,0,0,0,0,0,247.75,0.0,0,20,3,8,9,11,50.0,0,4,3,75.0,5,12,22,4,48,35.56,10,140,41,177,129.5,23,1,359,16,4,0,Chupete,Málaga CF,1913386,2830
20,0,0.0,70,26,37.14,196,303,499,78.83,45,59.21,31,19,0,0,0,0,32,2,0,2,0,63,19,0,0,3,13,67,0,1,,,20,0,7.69,14,1,1,21,21,0,1,0,,40,52.63,0,0,0,134,16,6,0,16,1163,2,,0,0,0,0,0.0,0,0,0,0,153,1,0,6.82,0,1,0,0,0,0,0,0,1163.0,0.0,0,11,2,6,5,2,66.67,0,33,24,72.73,6,45,3,2,85,55.92,70,289,346,633,129.5,13,0,835,6,4,0,Oscar Gil,CD Castellón,804629,5067
28,0,0.0,76,65,45.14,347,936,1283,89.78,42,54.55,35,31,1,0,0,0,79,0,0,1,8,127,31,0,0,4,20,103,1,0,,,47,0,12.5,29,1,2,32,25,7,1,0,,62,47.69,0,0,0,146,39,4,1,28,2430,1,,0,0,0,2,0.0,0,0,0,0,166,0,0,6.81,0,0,0,0,0,0,0,0,2430.0,0.0,0,7,1,5,2,4,66.67,0,37,23,62.16,4,72,6,1,104,50.24,144,445,985,1429,211.2,8,0,1770,21,14,0,Loïc Williams,Granada,996926,33779
7,1,100.0,22,16,84.21,101,205,305,95.02,7,43.75,9,8,0,0,0,0,15,1,0,1,0,19,8,0,0,2,1,17,0,0,,,6,0,0.0,4,0,0,6,5,1,0,0,,19,70.37,0,0,0,16,5,2,0,5,412,0,,0,0,0,0,0.0,0,0,0,0,28,1,0,6.81,0,0,0,0,0,0,0,0,0.0,0.0,1,0,4,2,1,3,60.0,0,11,6,54.55,2,9,5,1,26,60.47,19,114,208,321,54.5,4,0,399,5,1,0,Álex Martín,Elche,794942,2846
10,3,50.0,63,12,75.0,131,66,194,71.59,37,39.78,56,35,0,1,0,0,36,2,9,10,0,16,35,0,1,26,5,144,0,0,,,44,0,15.79,0,9,9,21,19,2,9,0,,49,35.77,1,0,2,77,2,7,1,14,1527,14,,0,0,3,0,66.67,0,2,0,1,197,7,0,6.81,1,7,0,0,0,0,0,0,169.67,0.0,1,47,10,27,20,18,48.65,0,11,6,54.55,7,16,37,6,86,37.39,16,197,80,271,238.4,57,1,579,22,2,0,Juanto Ortuño,CD Eldense,218518,47321
8,0,0.0,96,6,37.5,170,79,249,61.48,94,50.81,91,34,0,1,0,0,41,1,9,12,1,21,34,0,0,16,11,199,0,0,,,86,0,14.89,0,7,7,28,26,2,7,0,,61,36.09,2,0,2,156,7,20,4,20,1835,24,,0,0,1,1,0.0,0,0,0,0,259,10,0,6.81,0,1,0,0,0,0,0,0,262.14,0.0,0,43,4,20,15,12,54.55,0,31,13,41.94,20,16,22,3,155,43.79,16,302,106,405,231.5,47,0,730,22,8,0,Enric Gallego,CD Tenerife,849573,2822
20,15,18.99,173,40,41.24,328,310,623,75.52,21,51.22,20,34,4,0,0,0,71,4,2,7,6,37,34,0,1,11,9,85,0,2,,,30,0,7.89,0,3,7,31,25,6,3,0,,85,56.67,0,0,1,202,14,22,0,22,2073,2,,0,0,0,1,0.0,0,0,0,0,344,3,0,6.81,1,3,0,0,0,0,0,0,691.0,0.0,0,27,11,20,11,12,44.44,0,45,27,60.0,22,54,27,79,106,55.5,97,539,365,825,231.5,38,0,1395,29,7,0,Ricard Sánchez,Granada,986726,33779
6,0,0.0,94,6,60.0,134,73,207,86.25,3,37.5,5,12,2,0,0,0,22,3,0,1,0,9,12,0,0,11,11,42,0,0,,,14,0,0.0,0,0,2,6,5,1,0,0,,18,32.73,0,0,0,33,8,8,0,5,472,1,,0,0,0,0,0.0,0,0,0,0,64,2,0,6.81,0,0,0,0,0,0,0,0,0.0,0.0,0,3,2,3,1,3,37.5,0,9,5,55.56,8,9,8,4,21,33.33,10,161,83,240,81.7,5,0,333,6,1,0,Daniel Villahermosa,CD Castellón,1012440,5067
2,0,0.0,12,3,60.0,25,25,50,61.73,12,36.36,21,13,0,0,0,0,14,0,4,3,0,5,13,0,0,8,2,42,0,0,,,5,0,23.08,0,3,3,7,6,1,3,0,,32,60.38,1,0,0,31,1,3,0,7,623,11,,0,0,0,0,0.0,0,0,0,0,64,4,0,6.81,0,2,0,0,0,0,0,0,207.67,0.0,0,13,0,3,7,5,41.67,0,4,2,50.0,3,5,12,0,44,51.16,5,54,27,81,88.5,13,0,183,23,1,0,Javier Martón,Albacete Balompié,1082215,2848
28,6,12.24,208,34,38.2,362,274,630,77.68,27,54.0,23,29,3,0,0,0,85,7,0,3,4,43,29,0,0,19,16,105,0,0,,,36,0,0.0,0,0,3,35,32,3,0,0,,72,46.75,0,0,2,181,24,29,0,23,2032,4,,0,0,0,0,0.0,0,0,0,0,329,6,0,6.81,0,0,0,0,0,0,0,0,0.0,0.0,0,7,8,7,5,8,40.0,0,44,23,52.27,29,52,20,49,99,48.53,89,535,325,811,197.4,15,0,1351,20,6,0,Carlos Isaac,Córdoba,913214,2850
21,0,0.0,52,88,49.72,202,734,936,86.03,26,42.62,35,32,0,0,0,0,52,0,0,1,8,158,32,0,0,3,8,54,1,1,,,10,0,50.0,4,1,1,30,25,5,1,0,,37,66.07,1,0,0,152,15,1,0,29,2415,1,,0,0,0,1,0.0,0,0,0,0,183,0,0,6.81,0,0,0,0,0,0,0,0,2415.0,0.0,0,1,1,0,1,2,100.0,0,26,18,69.23,1,56,2,2,63,53.85,177,317,773,1088,217.8,2,0,1437,9,2,0,Jérémy Blasco,Huesca,1010310,24265
10,1,25.0,49,25,46.3,187,470,656,90.61,22,70.97,9,22,1,0,0,0,40,1,1,0,2,35,21,0,0,4,2,34,0,1,,,15,0,0.0,3,0,1,9,8,1,0,0,,46,64.79,0,0,0,68,14,4,0,14,1085,1,,0,0,0,0,0.0,0,0,0,1,94,0,0,6.8,1,0,0,0,0,0,0,0,0.0,0.0,0,3,1,2,2,1,20.0,0,23,16,69.57,4,25,5,4,68,66.67,54,233,495,724,142.9,4,1,890,22,3,1,Bambo Diaby,Elche,849731,2846
52,1,20.0,78,102,57.3,180,379,558,82.67,18,58.06,13,22,0,0,0,0,43,1,0,1,4,77,22,0,1,1,6,38,0,1,,,19,0,0.0,5,0,0,21,20,1,0,0,,23,47.92,0,0,0,117,6,3,0,19,1581,0,,0,0,0,2,0.0,0,0,0,0,132,2,0,6.8,1,0,0,0,0,0,0,0,0.0,0.0,0,1,1,0,1,3,100.0,0,14,7,50.0,3,78,3,5,41,51.9,178,278,402,675,149.7,2,1,848,6,12,0,Fali,Cádiz,349794,4488
17,0,0.0,41,45,33.09,225,746,971,85.33,46,53.49,40,27,1,0,0,0,82,1,1,1,12,109,27,0,1,1,12,70,0,1,,,17,0,0.0,4,0,1,20,18,2,0,0,,52,63.41,0,0,0,167,23,4,0,22,1997,2,,0,0,0,2,0.0,0,0,0,1,180,0,0,6.8,1,0,0,0,0,0,0,0,0.0,0.0,0,12,0,8,3,4,80.0,0,37,23,62.16,4,49,5,0,98,58.33,136,327,811,1138,183.7,12,1,1389,11,2,0,Einar Galilea,Málaga CF,344797,2830
31,11,25.0,188,25,48.08,331,225,545,81.46,9,45.0,11,36,1,0,0,0,93,6,3,14,0,6,35,0,0,14,12,65,0,0,,,17,0,2.7,0,1,2,18,17,1,0,1,,44,44.9,0,0,0,124,12,27,0,20,1559,7,,0,0,0,0,0.0,0,0,0,0,224,7,0,6.8,0,1,0,0,0,0,0,0,1559.0,0.0,1,18,19,10,13,16,59.26,0,21,13,61.9,27,61,27,44,53,44.92,52,459,254,669,238.1,37,1,936,7,5,0,Daniel Ojeda,Burgos Club de Fútbol,850025,2854
21,9,20.0,198,27,64.29,303,151,445,74.79,8,34.78,15,42,4,0,0,0,74,9,14,13,0,7,42,0,0,36,11,126,0,0,,,16,0,20.0,0,11,15,26,25,1,11,0,,42,27.45,1,0,0,150,12,28,1,36,2690,22,,0,0,0,0,0.0,0,0,0,0,345,10,0,6.8,0,9,0,0,0,0,0,0,244.55,0.0,0,49,6,18,24,18,26.09,0,15,11,73.33,28,44,69,45,50,28.41,42,455,185,595,285.7,55,0,997,11,4,0,José Luis Morales,Levante UD,344129,2849
0,1,14.29,25,2,40.0,35,17,51,62.96,0,0.0,6,18,1,0,0,0,11,1,6,2,0,1,17,0,0,6,2,21,0,0,,,4,0,20.83,0,5,6,2,1,1,4,1,,5,25.0,0,0,0,30,0,4,0,1,409,3,,0,0,0,0,0.0,0,0,0,1,65,1,0,6.8,0,5,0,0,0,0,0,0,81.8,0.0,0,21,3,9,13,1,20.0,0,2,2,100.0,4,2,5,7,5,19.23,5,69,19,81,115.6,24,0,160,2,2,0,Álex Forés,Levante UD,1086128,2849
11,5,13.16,120,6,31.58,197,67,259,79.45,5,35.71,9,29,3,0,0,0,65,1,1,11,0,4,29,0,1,34,15,125,0,0,,,35,1,5.71,0,2,5,15,15,0,0,2,,112,49.12,0,0,0,67,6,11,0,15,1222,6,,0,0,0,0,0.0,0,0,0,1,227,9,0,6.8,1,2,0,0,0,0,0,0,611.0,50.0,2,13,22,15,9,42,56.0,0,27,19,70.37,11,25,75,38,117,48.35,19,284,80,326,197.2,35,0,716,43,6,0,Kevin Medina,Málaga CF,1092777,2830
13,4,15.38,157,23,65.71,281,120,397,82.02,15,50.0,15,30,1,0,0,0,69,5,0,13,0,3,30,0,0,21,16,120,0,0,,,37,0,6.06,0,2,3,30,26,4,0,2,,96,47.76,0,0,0,87,10,26,0,18,1475,0,,0,0,0,0,0.0,0,0,0,0,204,10,0,6.8,0,2,0,0,0,0,0,0,737.5,0.0,0,21,12,13,7,36,52.17,0,21,17,80.95,26,24,69,26,111,48.05,35,374,136,484,204.0,33,1,795,39,9,0,Malcom Ares,Real Zaragoza,1391487,2815
11,2,40.0,64,15,46.88,170,206,374,88.84,8,57.14,6,12,0,0,0,0,52,0,0,2,3,11,12,0,0,3,7,32,1,0,,,14,0,18.18,0,2,2,15,15,0,0,2,,23,46.94,0,0,0,47,10,6,0,11,974,0,,0,0,0,0,0.0,0,0,0,0,64,2,0,6.8,0,2,0,0,0,0,0,0,487.0,0.0,0,2,9,7,2,3,60.0,0,15,6,40.0,6,22,5,5,31,49.21,32,210,216,421,81.6,11,0,521,5,2,0,Amadou Diawara,CD Eldense,788895,47321
2,0,0.0,21,0,0.0,39,23,62,72.94,16,43.24,21,13,0,0,0,0,13,0,2,4,0,0,12,0,0,3,1,33,0,0,,,8,0,12.5,0,2,2,3,3,0,2,0,,16,57.14,1,0,0,23,2,1,1,5,430,4,,0,0,0,0,0.0,0,0,0,0,41,3,0,6.8,0,0,0,0,0,0,0,0,215.0,0.0,0,15,1,6,6,1,33.33,0,8,2,25.0,1,3,3,0,32,49.23,2,58,27,85,81.6,16,0,158,8,2,0,Nick Markanich,CD Castellón,1172532,5067
1,0,0.0,1,3,37.5,7,37,44,75.86,2,50.0,2,2,0,0,0,0,2,0,0,0,0,14,2,0,0,1,2,7,0,1,,,2,0,33.33,0,1,1,3,2,1,1,0,,1,16.67,0,0,0,14,4,0,0,1,135,1,,0,0,0,0,0.0,0,0,0,0,16,0,0,6.8,0,1,0,0,0,0,0,0,135.0,0.0,0,2,1,2,1,0,0.0,0,1,0,0.0,0,3,0,0,3,30.0,8,15,43,58,13.6,3,0,90,0,1,0,Ricardo Grigore,CD Eldense,887856,47321
19,0,0.0,31,37,46.84,158,290,448,86.99,19,55.88,15,12,0,0,0,0,36,1,0,0,1,35,12,0,1,0,3,24,0,1,,,5,0,25.0,4,1,1,9,7,2,1,0,,6,40.0,1,0,0,67,13,2,0,10,809,0,,0,0,0,0,0.0,0,0,0,0,74,0,0,6.8,1,0,0,0,0,0,0,0,809.0,0.0,0,4,0,2,2,0,0.0,0,5,3,60.0,2,39,1,1,25,51.02,79,207,309,515,81.6,4,0,600,1,3,0,José Antonio Martinez,Córdoba,845290,2850
15,38,30.4,81,11,42.31,196,70,228,70.81,2,33.33,4,18,1,0,0,0,69,5,0,4,0,1,17,0,0,31,14,93,0,0,,,21,0,0.0,0,0,1,21,20,1,0,0,,60,40.27,0,0,0,94,6,32,0,14,1136,5,,0,0,0,0,0.0,0,0,0,0,278,8,0,6.8,0,0,0,0,0,0,0,0,0.0,0.0,1,1,7,3,1,19,44.19,0,14,8,57.14,32,32,43,125,62,40.0,26,358,89,322,115.6,8,0,710,27,0,0,Heber Pena Picos,Racing de Ferrol,602050,2843
0,0,0.0,1,7,70.0,6,15,21,87.5,0,0.0,0,1,0,0,0,0,6,0,0,0,0,2,1,0,0,0,1,1,1,0,,,0,0,0.0,7,0,0,2,2,0,0,0,,0,0.0,0,0,0,3,0,0,0,1,90,0,,0,0,0,0,0.0,0,0,0,0,3,0,0,6.8,0,0,1,3,2,5,0,0,0.0,0.0,0,0,0,0,0,0,0.0,0,0,0,0.0,0,0,0,0,0,0.0,10,8,16,24,6.8,0,0,34,0,0,0,Emilio Bernad,Racing de Ferrol,964171,2843
1,0,0.0,5,1,100.0,9,8,17,85.0,1,100.0,0,1,0,0,0,0,1,0,0,0,0,0,1,0,0,0,0,0,0,0,,,0,0,0.0,0,0,0,1,1,0,0,0,,0,0.0,0,0,0,3,0,0,0,0,21,0,,0,0,0,0,0.0,0,0,0,0,3,1,0,6.8,0,0,0,0,0,0,0,0,0.0,0.0,0,0,0,0,0,0,0.0,0,0,0,0.0,0,1,0,0,1,100.0,1,11,9,20,6.8,0,0,23,0,0,0,Luis Roldán,Elche,1156225,2846
0,0,0.0,6,0,0.0,10,2,12,60.0,0,0.0,1,2,0,0,0,0,0,0,0,0,0,2,2,0,0,1,2,5,0,0,,,0,0,0.0,0,0,0,2,2,0,0,0,,6,60.0,0,0,0,8,1,1,0,0,77,3,,0,0,0,0,0.0,0,0,0,0,11,0,0,6.8,0,0,0,0,0,0,0,0,0.0,0.0,0,2,0,1,1,2,66.67,0,3,0,0.0,1,0,3,0,6,54.55,2,17,3,20,13.6,2,0,37,1,0,0,Alassan Manjam,CD Tenerife,1408352,2822
0,0,0.0,6,3,75.0,15,9,24,82.76,0,0.0,0,3,0,0,0,0,9,0,0,1,0,0,3,0,0,0,1,4,0,0,,,2,0,0.0,0,0,0,2,2,0,0,0,,5,55.56,0,0,0,5,1,1,0,1,110,0,,0,0,0,0,0.0,0,0,0,0,8,1,0,6.8,0,0,0,0,0,0,0,0,0.0,0.0,0,0,2,1,0,2,66.67,0,1,1,100.0,1,1,3,1,5,55.56,4,19,11,29,20.4,2,0,46,2,0,0,Francisco Geraldes,CD Eldense,314376,47321
2,4,14.81,14,5,35.71,54,40,90,67.67,7,41.18,10,5,0,0,0,0,6,0,0,0,1,11,5,0,0,6,2,22,0,0,,,5,0,0.0,0,0,0,2,2,0,0,0,,16,57.14,0,0,0,43,0,4,0,4,329,0,,0,0,0,0,0.0,0,0,0,0,85,0,0,6.8,0,0,0,0,0,0,0,0,0.0,0.0,0,1,1,2,0,1,100.0,0,11,9,81.82,4,13,1,27,23,51.11,14,110,50,133,34.0,2,0,257,4,2,0,Manu Sanchez,Levante UD,3007,2849
6,0,0.0,6,30,33.71,22,60,82,58.16,0,0.0,0,6,0,0,0,0,46,0,0,0,1,4,6,0,0,0,1,1,0,0,,,0,0,0.0,39,0,0,9,8,1,0,0,,0,0.0,0,2,0,59,0,0,0,6,540,0,,0,0,0,0,0.0,1,0,0,0,61,0,0,6.8,0,0,1,12,5,17,0,3,0.0,0.0,0,0,0,0,0,0,0.0,1,0,0,0.0,0,12,0,0,0,0.0,89,68,73,141,40.8,0,1,196,0,0,0,Yoel Rodríguez,Racing de Ferrol,83486,2843
24,0,0.0,57,82,40.0,241,915,1156,84.07,80,61.54,50,37,0,0,0,0,67,0,1,6,11,210,37,0,0,1,9,103,1,3,,,44,0,4.0,1,1,1,47,43,4,1,0,,49,48.04,1,0,1,219,37,1,0,35,3014,0,,0,0,0,0,0.0,0,0,0,0,248,0,0,6.8,2,0,0,0,0,0,0,0,3014.0,0.0,0,24,1,12,7,2,66.67,0,41,25,60.98,1,50,3,3,129,55.6,205,397,981,1375,251.5,25,0,1808,8,10,2,Aleksa Purić,Racing de Ferrol,1100964,2843
7,9,20.93,124,17,70.83,211,96,298,79.47,28,52.83,25,36,5,0,0,0,73,5,2,12,0,13,35,0,0,20,16,98,1,1,,,16,0,0.0,0,0,5,18,14,4,0,0,,85,53.8,0,0,0,77,10,23,0,14,1343,1,,0,1,0,0,0.0,0,0,0,1,209,11,0,6.8,0,0,0,0,0,0,0,0,0.0,0.0,1,16,18,13,9,25,51.02,0,15,12,80.0,22,11,49,43,113,53.55,24,305,113,375,237.9,34,0,713,45,3,0,Sebas Moyano,Real Oviedo,362772,2851
24,0,0.0,66,69,38.55,287,959,1246,86.95,50,53.76,43,32,0,0,0,0,87,0,0,1,7,161,31,0,0,4,8,75,1,0,,,20,0,0.0,2,0,0,26,25,1,0,0,,35,52.24,0,0,1,187,26,1,0,27,2415,1,,0,0,0,0,0.0,0,0,0,0,209,0,0,6.8,1,0,0,0,0,0,0,0,0.0,0.0,0,7,0,5,1,2,100.0,0,29,19,65.52,1,56,2,1,85,53.13,179,410,1024,1433,210.7,7,0,1751,5,4,1,Aritz Arambarri,Eibar,992397,2839
28,6,30.0,99,29,51.79,207,187,388,84.35,5,33.33,10,27,4,0,0,0,70,4,0,5,0,21,27,0,0,11,17,56,0,0,,,13,0,0.0,0,0,4,21,19,2,0,0,,44,48.89,0,0,1,72,17,12,0,11,1045,2,,0,0,0,0,0.0,0,0,0,0,121,2,0,6.8,0,0,0,0,0,0,0,0,0.0,0.0,1,6,10,7,4,10,62.5,0,19,13,68.42,12,45,16,20,49,46.67,56,279,201,460,183.5,16,0,643,15,2,0,Víctor Camarasa,CD Eldense,367096,47321
33,15,23.44,182,53,48.62,320,241,546,76.36,12,46.15,14,30,1,0,0,0,68,7,1,5,3,28,30,0,0,9,18,66,0,1,,,15,0,18.18,0,2,3,20,17,3,2,0,,51,49.51,0,0,0,169,13,28,0,15,1582,0,,0,0,0,0,0.0,0,0,0,0,277,3,0,6.79,0,2,0,0,0,0,0,0,791.0,0.0,0,6,5,2,4,10,45.45,0,22,14,63.64,28,73,22,64,63,48.84,109,498,281,715,203.8,11,1,1093,19,3,0,Pozo,Almería,848080,2858
10,2,33.33,41,15,62.5,94,100,192,77.42,27,49.09,28,16,0,0,0,0,40,0,1,2,0,17,15,0,0,12,4,63,0,0,,,15,0,7.14,0,1,1,16,14,2,1,0,,48,57.83,1,0,0,56,13,2,0,11,780,1,,0,0,0,0,0.0,0,0,0,0,99,6,0,6.79,0,0,0,0,0,0,0,0,780.0,0.0,0,10,4,4,8,8,66.67,0,21,13,61.9,2,15,12,6,75,54.35,24,135,119,248,101.9,14,0,427,19,0,0,Luis Perea,Racing de Ferrol,877603,2843
39,4,11.43,166,36,65.45,326,171,493,83.42,16,45.71,19,27,1,0,0,0,53,2,0,4,1,6,27,0,0,21,18,92,0,0,,,26,0,14.29,0,3,4,19,17,2,2,1,,61,45.52,1,0,1,98,7,15,0,18,1487,0,,0,0,0,0,0.0,0,0,0,0,192,8,0,6.79,0,2,0,0,0,0,0,0,495.67,0.0,3,4,17,10,7,11,52.38,0,32,21,65.63,15,64,21,35,77,45.56,55,433,193,591,183.4,21,0,832,20,5,0,Jaime Seoane,Real Oviedo,838636,2851
3,1,33.33,49,3,75.0,80,17,96,73.85,20,37.04,34,27,1,0,0,0,15,1,0,7,0,8,25,0,0,6,2,80,0,0,,,27,0,7.41,0,2,3,14,12,2,2,0,,30,39.47,2,0,0,34,0,7,0,6,714,3,,0,0,0,0,0.0,0,0,0,0,86,3,0,6.79,0,0,0,0,0,0,0,0,357.0,0.0,0,22,5,11,9,6,33.33,0,11,6,54.55,7,4,18,3,50,38.46,4,115,18,130,169.7,27,1,279,15,2,0,Alberto Mari,Real Zaragoza,990232,2815
35,1,20.0,83,54,64.29,228,351,578,83.89,35,68.63,16,25,0,0,0,0,77,1,0,3,4,52,24,0,1,5,8,68,0,0,,,38,0,0.0,1,0,0,41,35,6,0,0,,74,58.73,0,0,0,111,30,6,0,24,1899,0,,0,0,0,0,0.0,0,0,0,0,146,7,0,6.79,1,0,0,0,0,0,0,0,0.0,0.0,0,2,3,2,0,3,60.0,0,47,27,57.45,6,54,5,5,109,61.58,84,299,395,689,162.9,5,0,955,25,13,0,Damián Musto,FC Cartagena,131394,24329
7,8,29.63,96,23,28.05,214,240,446,75.47,18,56.25,14,20,0,0,0,0,59,0,0,1,3,43,20,0,0,7,22,69,0,0,,,12,0,0.0,0,0,0,15,12,3,0,0,,81,59.56,0,0,0,145,17,9,0,17,1386,0,,0,0,0,0,0.0,0,0,0,0,241,1,0,6.79,0,0,0,0,0,0,0,0,0.0,0.0,0,1,6,4,2,15,50.0,0,53,31,58.49,9,19,30,27,99,58.93,82,323,295,591,135.7,7,1,1015,13,1,0,Brais Martínez,Racing de Ferrol,1164647,2843
16,7,26.92,144,31,40.79,277,271,541,81.35,21,75.0,7,27,2,0,0,0,73,3,0,1,4,46,26,0,0,2,12,57,1,0,,,23,0,0.0,0,0,2,27,23,4,0,0,,98,66.22,0,0,0,124,27,9,0,17,1530,1,,0,0,0,1,0.0,0,0,0,0,230,3,0,6.78,0,0,0,0,0,0,0,0,0.0,0.0,0,0,1,0,0,18,56.25,0,38,24,63.16,9,33,32,26,119,67.61,76,378,313,665,176.4,1,0,1122,42,4,0,Álex Petxarroman,Deportivo de A Coruña,914048,2832
16,4,14.29,71,52,35.37,181,345,522,74.89,22,52.38,20,23,0,0,0,0,47,1,0,0,6,98,23,0,0,3,13,60,0,1,,,21,0,0.0,1,0,0,34,30,4,0,0,,44,52.38,0,0,0,175,32,5,0,21,1889,1,,0,0,0,0,0.0,0,0,0,0,231,1,0,6.78,0,0,0,0,0,0,0,0,0.0,0.0,0,3,2,2,3,1,25.0,0,40,26,65.0,5,52,4,28,66,52.38,147,328,397,697,156.0,5,0,1070,3,5,0,Jorge Moreno,FC Cartagena,1134642,24329
11,12,48.0,72,25,45.45,173,196,357,80.41,24,64.86,13,21,0,0,0,0,42,2,0,1,3,39,21,0,0,3,5,41,0,0,,,16,0,0.0,1,0,0,16,14,2,0,0,,45,61.64,0,0,0,87,17,11,0,12,1076,1,,0,0,0,0,0.0,0,0,0,0,131,3,0,6.78,0,0,0,0,0,0,0,0,0.0,0.0,0,2,1,2,0,3,37.5,0,24,16,66.67,11,23,8,25,69,62.73,55,248,221,444,142.4,3,0,724,20,4,0,Joseba Zaldúa,Cádiz,347450,4488
5,0,0.0,8,34,33.01,23,67,90,56.6,1,100.0,0,5,0,0,0,0,37,0,0,0,1,6,5,0,0,0,1,1,1,0,,,0,0,0.0,68,0,0,9,4,5,0,0,,1,50.0,0,0,0,69,0,0,0,5,450,0,,0,0,0,0,0.0,0,0,0,0,72,0,3,6.78,0,0,1,10,9,19,0,4,0.0,0.0,0,0,0,0,0,0,0.0,1,0,0,0.0,0,8,0,0,2,66.67,103,87,72,159,33.9,0,0,211,2,0,0,Toni Fuidias,FC Cartagena,991960,24329
0,0,0.0,2,6,30.0,23,82,105,86.07,14,63.64,8,5,0,0,0,0,6,0,0,0,0,29,5,0,0,0,2,11,0,0,,,1,0,0.0,0,0,0,6,4,2,0,0,,5,62.5,0,0,0,17,2,0,0,3,325,0,,0,0,0,0,0.0,0,0,0,0,19,0,0,6.78,0,0,0,0,0,0,0,0,0.0,0.0,0,1,0,0,1,0,0.0,0,4,2,50.0,0,3,0,0,19,63.33,20,38,84,122,33.9,1,0,168,1,1,0,Diego González,Albacete Balompié,597756,2848
21,12,19.05,184,10,32.26,334,146,468,78.13,17,45.95,20,33,1,0,0,0,99,5,5,11,3,10,33,0,0,33,22,124,0,1,,,22,0,3.13,0,1,2,25,24,1,1,0,,97,48.26,0,0,0,131,13,27,1,20,1915,7,,0,0,0,0,0.0,0,0,0,0,310,18,0,6.78,0,0,0,0,0,0,0,0,1915.0,0.0,0,25,7,10,11,33,54.1,0,43,25,58.14,27,35,61,63,114,47.9,31,485,177,599,223.7,32,0,1021,21,2,0,Xeber Alkain,Eibar,1010409,2839
4,2,25.0,137,13,65.0,243,150,391,84.63,19,50.0,19,27,2,0,0,0,63,2,1,3,1,9,27,0,0,15,7,74,0,0,,,8,0,14.29,0,2,4,18,15,3,1,1,,60,52.17,1,0,0,71,8,15,0,10,1230,0,,0,1,0,0,0.0,0,0,0,0,140,11,0,6.78,1,1,0,0,0,0,0,0,615.0,0.0,0,7,7,7,4,15,37.5,0,21,15,71.43,14,7,40,8,79,51.63,20,304,166,462,183.0,14,1,670,24,1,1,Hugo Vallejo,Huesca,972451,24265
7,3,8.11,143,26,72.22,257,167,421,77.68,32,42.11,44,36,2,0,0,0,87,2,8,16,1,10,36,0,0,53,17,180,0,0,,,30,0,6.0,0,3,5,30,26,4,2,1,,145,51.6,0,0,1,121,14,22,0,28,2293,17,,0,1,0,0,0.0,0,0,0,0,341,14,0,6.78,0,3,0,0,0,0,0,0,764.33,0.0,0,35,15,16,18,33,44.0,0,21,12,57.14,21,17,75,37,177,49.58,36,383,196,542,243.9,50,0,1068,91,3,0,Julen Lobete,Málaga CF,1006232,2830
0,0,0.0,37,2,100.0,63,18,81,68.07,28,45.9,33,16,0,0,0,0,14,3,3,4,0,14,16,0,0,14,4,66,0,0,,,14,0,5.26,0,1,1,8,7,1,1,0,,22,40.0,0,0,0,38,2,9,0,10,676,5,,0,0,0,0,0.0,0,0,0,0,87,3,0,6.78,0,1,0,0,0,0,0,0,676.0,0.0,0,17,2,12,3,3,37.5,0,6,3,50.0,9,0,8,1,50,43.1,2,98,22,119,108.4,19,0,258,13,3,0,Federico Viñas,Real Oviedo,976104,2851
13,0,0.0,18,18,31.58,84,251,335,81.71,28,68.29,13,12,1,0,0,0,28,1,1,0,3,44,12,0,0,0,5,29,0,1,,,10,0,0.0,2,0,1,20,19,1,0,0,,34,68.0,0,0,0,75,12,2,0,10,941,0,,0,0,0,0,0.0,0,0,0,0,87,0,0,6.78,0,0,0,0,0,0,0,0,0.0,0.0,0,6,0,6,0,2,66.67,0,27,15,55.56,2,26,3,0,62,68.13,57,127,283,410,81.3,6,0,546,6,4,0,Josep Gayá,CD Tenerife,1100406,2822
1,0,0.0,6,3,33.33,22,33,55,79.71,5,62.5,3,4,0,0,0,0,3,0,0,0,0,12,4,0,0,0,0,5,0,0,,,3,0,0.0,0,0,0,3,3,0,0,0,,5,71.43,0,0,0,14,0,1,0,1,134,0,,0,0,0,0,0.0,0,0,0,0,16,0,0,6.78,0,0,0,0,0,0,0,0,0.0,0.0,0,0,0,0,0,0,0.0,0,4,1,25.0,1,5,0,0,10,66.67,9,32,37,69,27.1,0,0,94,1,1,0,Erick Cabaco,Racing de Ferrol,587074,2843
25,0,0.0,39,56,37.84,179,688,867,84.75,37,58.73,26,16,0,0,0,0,50,0,1,0,6,84,16,0,0,2,4,51,0,0,,,18,0,0.0,34,0,0,16,14,2,0,0,,32,56.14,0,0,0,156,14,1,0,16,1440,0,,1,0,0,1,0.0,0,0,0,0,174,0,0,6.78,0,0,0,0,0,0,0,0,0.0,0.0,0,5,1,6,0,5,71.43,0,20,14,70.0,1,73,7,0,69,57.5,148,276,747,1023,108.4,6,0,1219,7,5,0,Dani Barcia,Deportivo de A Coruña,1100590,2832
10,0,0.0,138,13,46.43,228,118,346,72.54,42,45.65,50,39,3,0,0,1,51,1,5,8,0,23,39,0,0,29,8,142,0,0,,,45,0,21.88,0,7,10,28,26,2,7,0,,65,41.4,0,0,2,131,1,24,4,22,1962,9,,0,1,1,1,0.0,0,0,0,0,242,16,0,6.77,0,3,0,0,0,0,0,0,280.29,0.0,0,26,6,8,16,14,50.0,0,4,1,25.0,23,22,28,9,107,42.97,28,338,148,477,264.2,32,1,761,48,4,0,Dioni,Málaga CF,122835,2830
16,2,33.33,76,21,47.73,187,161,346,83.78,7,41.18,10,23,1,0,0,0,43,1,1,5,0,19,23,0,0,7,8,36,0,0,,,12,0,22.22,0,2,3,8,8,0,2,0,,33,55.93,0,0,0,67,12,8,1,8,816,0,,0,0,0,1,0.0,0,0,0,0,90,6,0,6.77,0,1,0,0,0,0,0,0,408.0,0.0,0,6,3,1,3,3,100.0,0,26,17,65.38,8,30,3,6,40,52.63,44,245,174,413,155.8,9,1,534,4,2,0,Ángel Algobia,Levante UD,966219,2849
18,23,21.9,175,19,67.86,303,116,396,77.65,9,39.13,14,34,3,0,0,0,106,7,2,15,0,1,34,0,0,52,19,181,0,0,,,43,0,2.63,0,1,4,24,19,5,0,1,,114,40.57,0,0,0,114,12,34,0,22,1820,8,,0,0,0,0,0.0,0,0,0,0,381,19,0,6.77,1,1,0,0,0,0,0,0,1820.0,0.0,0,20,18,12,11,50,46.3,0,29,17,58.62,34,33,108,105,123,40.46,28,475,140,510,230.3,38,0,1048,35,6,1,Brian Ocampo,Cádiz,941405,4488
40,2,20.0,122,52,62.65,261,198,457,84.79,6,40.0,9,18,0,0,0,0,72,0,0,6,2,16,18,0,1,11,14,53,0,0,,,15,0,0.0,0,0,0,14,11,3,0,0,,60,57.69,0,0,0,82,8,4,0,11,1062,0,,0,0,0,0,0.0,0,0,0,0,117,6,0,6.77,1,0,0,0,0,0,0,0,0.0,0.0,0,2,9,4,1,10,71.43,0,29,11,37.93,4,61,14,10,66,55.46,83,331,218,539,121.9,11,0,712,21,1,0,Alejandro Meléndez,Albacete Balompié,1012159,2848
9,2,22.22,62,7,87.5,93,35,126,77.3,8,36.36,14,14,0,0,0,0,19,0,4,8,1,6,14,0,1,7,4,42,0,1,,,8,0,4.35,0,1,1,9,7,2,0,1,,32,53.33,0,0,0,37,1,7,0,8,822,5,,0,0,0,0,0.0,0,0,0,0,79,4,0,6.77,1,1,0,0,0,0,0,0,822.0,0.0,1,16,7,4,11,9,50.0,0,11,7,63.64,7,16,18,9,40,48.78,8,134,38,163,94.8,23,0,289,12,1,0,Stoichkov,Granada,566894,33779
32,10,25.64,287,71,45.81,608,777,1375,84.72,32,49.23,33,38,3,0,0,0,196,5,3,7,5,103,38,0,1,21,34,145,3,2,,,28,0,0.0,8,0,3,50,49,1,0,0,,116,50.88,0,0,0,248,32,26,0,34,3014,2,,0,0,0,1,0.0,0,0,0,0,450,14,0,6.77,1,0,0,0,0,0,0,0,0.0,0.0,0,8,9,5,5,26,44.07,0,67,41,61.19,26,63,59,39,148,50.51,155,799,863,1623,257.3,17,1,2374,23,10,0,Daijiro Chirino,CD Castellón,1014492,5067
19,2,66.67,157,48,68.57,381,438,817,85.82,33,52.38,30,34,1,0,0,0,110,0,2,2,7,40,34,0,0,15,12,103,0,2,,,47,0,10.0,0,1,2,18,16,2,0,1,,64,46.72,0,0,0,135,33,10,0,24,2266,0,,0,0,0,1,0.0,0,0,0,0,182,5,0,6.77,0,1,0,0,0,0,0,0,2266.0,0.0,0,2,8,6,2,7,53.85,0,44,26,59.09,10,32,13,3,97,48.5,70,473,482,952,230.2,10,0,1230,13,10,0,Kwasi Sibo,Real Oviedo,905639,2851
25,0,0.0,47,54,32.53,112,315,427,72.01,31,53.45,27,20,1,0,0,0,45,1,4,2,3,88,20,0,0,2,5,44,0,1,,,10,0,21.43,3,3,4,30,24,6,3,0,,30,63.83,1,0,1,166,8,6,0,18,1583,1,,0,0,0,0,0.0,0,0,0,0,180,1,0,6.77,0,1,0,0,0,0,0,0,527.67,0.0,0,13,1,6,6,1,50.0,0,20,11,55.0,6,75,2,0,61,58.1,166,243,350,593,135.4,14,0,793,10,3,0,Dario Đumić,CD Eldense,73682,47321
12,10,19.61,68,33,41.77,173,145,308,73.16,11,47.83,12,23,0,0,0,0,33,0,0,0,1,44,23,0,0,4,11,43,0,0,,,12,0,0.0,0,0,0,14,12,2,0,0,,44,58.67,0,0,0,113,24,10,0,12,1175,1,,0,0,0,1,0.0,0,0,0,0,192,1,0,6.77,0,0,0,0,0,0,0,0,0.0,0.0,0,2,2,3,1,5,50.0,0,27,14,51.85,10,24,10,51,55,56.12,79,294,178,421,155.7,4,0,775,14,3,0,Moises Delgado,Huesca,370244,24265
44,13,14.94,247,69,38.33,452,253,692,72.61,19,48.72,20,34,2,0,0,0,111,3,4,11,4,46,34,0,0,18,15,102,0,1,,,37,0,0.0,0,0,2,39,33,6,0,0,,88,51.76,0,0,1,261,23,29,0,28,2483,1,,0,0,0,2,0.0,0,0,0,0,450,8,0,6.77,1,0,0,0,0,0,0,0,0.0,0.0,0,11,23,18,5,13,46.43,0,47,34,72.34,29,101,28,87,107,51.2,180,731,309,953,230.1,34,1,1679,29,8,1,Ivan Calero,Real Zaragoza,227912,2815
0,0,0.0,9,0,0.0,19,6,25,80.65,1,33.33,2,11,2,0,0,0,5,2,2,1,0,2,9,0,0,2,0,11,0,0,,,3,0,33.33,0,2,4,0,0,0,1,1,,9,50.0,0,0,0,6,0,2,2,1,164,0,,0,0,0,0,0.0,0,0,0,0,18,2,0,6.77,0,0,0,0,0,0,0,0,82.0,0.0,0,5,1,2,3,1,20.0,0,2,1,50.0,2,1,5,0,10,47.62,0,23,8,31,60.9,6,0,67,6,0,0,Siren Diao,Granada,1514893,33779
26,0,0.0,111,36,49.32,295,367,662,83.27,33,50.0,33,24,1,0,0,0,76,1,1,4,4,32,24,0,0,8,8,80,0,0,,,32,0,0.0,0,0,1,25,19,6,0,0,,53,53.0,0,0,2,133,17,8,0,21,1858,1,,0,0,0,0,0.0,0,0,0,0,170,1,0,6.77,0,0,0,0,0,0,0,0,0.0,0.0,0,15,3,11,3,6,66.67,0,29,19,65.52,8,50,9,3,86,51.81,73,393,405,795,162.4,18,0,1015,19,6,0,Fran Manzanara,Racing de Ferrol,791988,2843
18,0,0.0,25,34,40.0,167,570,737,89.77,26,57.78,19,20,0,0,0,0,37,0,0,0,4,72,20,0,0,3,2,33,0,0,,,9,0,0.0,0,0,0,17,15,2,0,0,,25,64.1,0,0,0,84,13,1,0,15,1459,1,,0,0,0,0,0.0,0,0,0,0,101,0,0,6.77,0,0,0,0,0,0,0,0,0.0,0.0,0,0,0,0,0,0,0.0,0,14,6,42.86,1,36,0,0,51,60.71,85,227,594,821,135.3,0,0,1004,11,5,0,Jorge Cabello,Levante UD,1807070,2849
10,2,66.67,54,21,46.67,127,157,282,80.8,24,75.0,8,17,1,0,0,0,31,1,4,0,2,15,17,0,0,4,9,35,0,0,,,12,0,11.11,0,1,2,13,9,4,1,0,,27,50.0,1,0,0,67,12,7,0,9,725,1,,0,0,0,0,0.0,0,0,0,0,89,1,0,6.76,0,0,0,0,0,0,0,0,725.0,0.0,0,6,3,3,6,1,33.33,0,15,7,46.67,7,19,3,3,51,59.3,45,178,174,349,115.0,9,1,468,13,1,0,Alberto del Moral,Córdoba,1136798,2850
9,10,34.48,83,11,45.83,162,102,254,78.15,12,52.17,11,29,2,0,0,0,43,2,2,2,0,21,27,0,0,17,11,54,0,0,,,9,0,10.53,0,2,4,17,16,1,2,0,,46,51.69,0,0,0,71,8,16,2,10,1078,2,,0,1,1,0,100.0,0,1,0,0,150,4,0,6.76,0,0,0,0,0,0,0,0,539.0,0.0,0,13,6,8,9,11,55.0,0,18,14,77.78,15,16,20,29,58,51.79,24,236,118,325,182.6,19,0,551,17,2,0,David González,Burgos Club de Fútbol,1108592,2854
10,0,0.0,60,14,58.33,133,138,271,88.27,5,50.0,5,11,0,0,0,0,30,0,2,1,0,7,10,0,0,3,11,34,0,1,,,15,0,0.0,0,0,0,2,2,0,0,0,,26,47.27,0,0,0,36,8,5,0,2,342,0,,0,0,0,0,0.0,0,0,0,0,45,0,0,6.76,0,0,0,0,0,0,0,0,0.0,0.0,0,2,0,1,0,6,85.71,0,15,9,60.0,5,22,7,2,31,47.69,24,156,153,307,67.6,2,0,370,5,2,0,Cristian Salvador,Elche,864202,2846
17,0,0.0,105,8,44.44,219,159,378,72.0,73,38.62,116,37,0,0,0,0,51,1,5,5,0,19,37,0,0,16,14,192,0,2,,,42,0,22.58,0,7,7,24,21,3,7,0,,46,37.7,2,0,1,147,6,14,2,26,2177,5,,0,0,0,0,0.0,0,0,0,0,226,7,0,6.76,0,3,0,0,0,0,0,0,311.0,0.0,0,27,4,14,12,4,30.77,0,20,14,70.0,14,25,13,5,119,38.26,18,334,196,525,250.1,31,1,780,25,2,0,Sergi Enrich,Huesca,106272,24265
29,0,0.0,24,49,55.68,137,373,510,86.0,39,66.1,20,18,0,0,0,0,28,0,1,2,2,82,17,0,1,1,3,35,0,1,,,12,0,0.0,6,0,0,23,22,1,0,0,,22,59.46,0,0,1,83,13,1,0,14,1155,0,,0,0,0,0,0.0,0,0,0,0,90,0,0,6.76,1,0,0,0,0,0,0,0,0.0,0.0,0,8,0,4,2,0,0.0,0,15,9,60.0,1,54,0,0,61,63.54,88,191,402,593,114.9,8,0,753,7,2,0,Aleksandar Radovanović,Almería,823996,2858
27,8,42.11,194,51,52.58,435,562,989,85.33,24,37.5,40,33,2,0,0,0,104,2,0,3,3,76,33,0,0,8,11,100,1,1,,,31,0,14.29,1,1,3,44,42,2,0,1,,80,57.14,0,0,0,170,25,17,1,30,2641,0,,0,0,0,2,0.0,0,0,0,0,279,8,0,6.76,0,0,0,0,0,0,0,0,2641.0,0.0,0,2,5,2,2,20,64.52,0,44,31,70.45,17,48,31,19,104,50.98,97,548,630,1159,223.0,7,0,1655,17,4,0,Jozhua Vertrouwd,CD Castellón,1120947,5067
17,2,16.67,115,11,73.33,201,85,284,67.94,26,36.11,46,31,4,0,0,0,52,6,9,4,0,11,30,0,1,23,12,140,0,0,,,28,0,9.52,0,4,8,34,28,6,3,1,,44,31.88,0,0,2,134,3,21,3,20,1701,11,,0,0,0,0,0.0,0,0,0,0,253,16,0,6.76,1,1,0,0,0,0,0,0,425.25,0.0,0,32,10,20,18,15,31.91,0,12,8,66.67,21,25,47,12,70,33.33,15,325,105,418,202.7,42,1,697,17,6,0,Samed Baždar,Real Zaragoza,1100965,2815
36,14,22.95,150,28,28.28,266,203,455,69.36,4,22.22,14,31,0,0,0,0,98,0,1,3,6,34,30,0,0,13,21,89,1,0,,,25,0,0.0,0,0,0,20,17,3,0,0,,87,53.7,0,0,0,201,10,18,0,25,2117,4,,0,0,0,0,0.0,0,0,0,0,409,11,0,6.76,0,0,0,0,0,0,0,0,0.0,0.0,0,3,5,4,1,9,36.0,0,53,28,52.83,18,79,25,61,91,50.56,99,444,273,656,202.7,8,0,1281,25,5,0,Julio Alonso,Mirandés,914838,35092
3,1,14.29,125,12,63.16,208,106,313,65.76,95,48.72,100,37,1,0,0,2,38,3,11,8,2,31,37,0,0,33,3,188,0,0,,,43,0,8.89,0,4,5,31,28,3,4,0,,83,48.54,1,0,0,163,4,16,1,25,2245,36,,0,0,3,0,33.33,0,1,0,1,305,12,0,6.75,0,2,0,0,0,0,0,0,561.25,0.0,0,35,10,17,20,13,44.83,0,15,7,46.67,16,6,29,7,178,48.63,19,358,125,476,249.9,45,0,853,64,4,0,Álvaro Giménez,Racing de Ferrol,83687,2843
47,5,35.71,162,50,55.56,357,344,696,85.09,13,34.21,25,21,2,0,0,1,108,1,3,6,2,23,21,0,0,17,18,101,0,1,,,33,0,0.0,0,0,2,26,24,2,0,0,,71,48.3,0,0,0,122,21,12,0,20,1659,0,,0,0,1,1,0.0,0,0,0,0,190,6,0,6.75,0,0,0,0,0,0,0,0,0.0,0.0,0,7,12,9,4,11,57.89,0,25,13,52.0,12,68,19,14,84,45.41,90,462,370,818,141.8,19,0,1088,37,6,0,Keidi Bare,Real Zaragoza,862480,2815
14,7,35.0,84,16,64.0,147,68,208,79.69,13,43.33,17,25,1,0,0,0,48,3,1,3,0,5,25,0,0,16,10,72,0,0,,,13,0,6.25,0,1,2,4,3,1,1,0,,56,50.45,1,0,0,53,2,10,0,4,632,3,,0,0,0,0,0.0,0,0,0,0,122,5,0,6.75,0,0,0,0,0,0,0,0,632.0,0.0,1,11,5,8,5,16,47.06,0,19,8,42.11,10,19,34,20,69,48.94,25,189,92,261,168.8,16,1,449,22,3,0,Paulino de la Fuente,Real Oviedo,982545,2851
18,5,33.33,84,30,62.5,203,200,398,85.22,13,54.17,11,20,1,0,0,0,58,1,0,2,1,22,20,0,0,5,3,36,1,0,,,7,0,20.0,2,1,2,18,18,0,1,0,,48,65.75,0,0,0,69,13,10,1,10,970,0,,0,0,0,1,0.0,0,0,0,0,139,1,0,6.75,0,0,0,0,0,0,0,0,970.0,0.0,0,1,4,1,2,8,44.44,0,23,12,52.17,10,37,18,15,61,62.89,48,263,219,467,135.0,5,0,722,17,5,0,Jetro Willems,CD Castellón,138828,5067
17,3,21.43,156,19,63.33,265,154,416,84.9,7,31.82,15,22,1,0,0,0,52,2,0,1,0,2,22,0,0,14,7,62,0,0,,,16,0,16.67,0,1,2,10,8,2,1,0,,33,41.25,0,0,1,74,2,19,0,11,1028,2,,0,0,0,0,0.0,0,0,0,0,125,10,0,6.75,0,1,0,0,0,0,0,0,1028.0,0.0,0,5,1,3,2,8,40.0,0,14,8,57.14,19,38,20,14,40,39.22,30,338,166,490,148.5,6,0,631,12,2,0,Francisco Portillo,Real Oviedo,106288,2851
13,14,27.45,191,12,36.36,315,165,466,77.02,27,30.34,62,41,5,0,0,0,95,8,9,11,1,38,41,0,0,39,24,209,0,2,,,36,0,11.11,0,5,10,23,23,0,4,1,,90,37.97,0,0,1,139,10,33,1,29,2561,14,,0,0,0,0,0.0,0,0,0,1,345,24,0,6.75,0,4,0,0,0,0,0,0,512.2,0.0,0,31,14,17,17,29,36.25,0,31,21,67.74,33,30,80,51,117,35.89,33,457,199,605,276.7,45,2,1110,30,6,0,Antonio Puertas,Eibar,316406,2839
8,2,15.38,62,7,70.0,114,65,177,52.37,81,50.0,81,37,0,0,0,0,35,1,3,15,1,11,37,0,0,18,4,150,0,0,,,29,0,15.0,0,6,6,39,33,6,6,0,,58,45.67,0,0,1,161,3,9,1,19,1865,15,,0,0,0,0,0.0,0,0,0,0,273,10,0,6.75,0,5,0,0,0,0,0,0,310.83,0.0,0,33,7,10,15,12,37.5,0,4,4,100.0,9,16,32,13,139,48.1,10,262,89,338,249.7,40,1,621,46,3,0,Eneko Jauregi,Racing de Ferrol,926418,2843
6,5,21.74,107,6,54.55,207,96,298,83.47,5,33.33,10,21,2,0,0,0,46,3,0,11,0,4,21,0,0,16,3,59,1,0,,,15,0,5.26,0,1,3,5,4,1,1,0,,53,51.96,0,0,0,59,4,10,0,9,864,0,,0,0,0,0,0.0,0,0,0,0,132,8,0,6.75,0,1,0,0,0,0,0,0,864.0,0.0,0,9,10,4,4,16,50.0,0,16,11,68.75,10,18,32,23,58,49.57,11,265,115,357,141.7,19,0,554,21,2,0,Rodrigo Mendoza,Elche,1391752,2846
13,1,5.26,73,22,73.33,151,115,265,82.3,6,66.67,3,13,0,0,0,0,36,0,2,1,0,7,13,0,0,5,5,32,0,2,,,11,0,8.33,0,1,1,18,14,4,0,1,,30,50.85,0,0,0,57,5,4,0,9,657,0,,0,0,0,0,0.0,0,0,0,0,102,2,0,6.75,0,1,0,0,0,0,0,0,657.0,0.0,5,4,8,6,5,6,42.86,0,19,11,57.89,4,27,14,19,36,52.94,30,212,129,322,87.7,12,0,443,5,4,0,José Machín,FC Cartagena,792308,24329
11,0,0.0,94,14,70.0,185,155,340,89.24,15,65.22,8,13,1,0,0,0,51,0,1,2,0,7,13,0,0,8,5,35,0,0,,,14,0,0.0,0,0,1,13,11,2,0,0,,29,51.79,0,0,0,41,15,4,0,8,774,0,,0,0,0,1,0.0,0,0,0,0,73,7,0,6.75,0,0,0,0,0,0,0,0,0.0,0.0,0,5,1,4,0,9,81.82,0,9,5,55.56,4,18,11,4,44,55.7,20,217,168,381,87.7,6,0,492,11,2,0,Rominigue Kouamé,Cádiz,846446,4488
22,0,0.0,126,30,45.45,299,314,613,84.2,25,47.17,28,31,0,0,0,0,105,2,2,0,1,27,31,0,1,12,15,73,0,1,,,13,0,0.0,0,0,0,25,21,4,0,0,,85,65.38,0,0,1,115,19,15,0,18,1705,0,,0,0,0,1,0.0,0,0,0,0,163,3,0,6.75,1,0,0,0,0,0,0,0,0.0,0.0,0,2,4,5,1,13,65.0,0,44,28,63.64,15,45,20,3,110,60.11,66,382,349,728,209.1,6,0,986,28,2,0,Antonio Pacheco,Albacete Balompié,982575,2848
35,4,14.81,193,44,61.97,298,148,442,79.21,12,41.38,17,36,1,0,0,0,62,2,3,8,0,14,36,0,1,22,7,117,0,1,,,56,0,13.51,0,5,6,37,34,3,5,0,,81,44.75,1,0,0,116,9,22,1,22,1844,4,,0,0,0,1,0.0,0,0,0,0,233,9,0,6.74,1,3,0,0,0,0,0,0,368.8,0.0,0,28,9,14,15,27,60.0,0,34,16,47.06,22,61,45,27,93,44.29,71,417,168,558,242.8,37,0,889,20,9,0,Théo Zidane,Córdoba,963301,2850
6,20,21.28,43,8,38.1,99,51,130,71.43,7,53.85,6,18,2,0,0,0,31,3,0,3,0,8,18,0,0,10,11,56,0,0,,,17,0,0.0,0,0,2,12,10,2,0,0,,52,50.98,0,0,0,52,7,17,0,9,846,1,,0,0,0,0,0.0,0,0,0,0,176,7,0,6.74,0,0,0,0,0,0,0,0,0.0,0.0,1,4,3,4,0,7,36.84,0,23,13,56.52,17,14,19,94,59,51.3,21,216,60,182,121.4,7,0,462,23,5,0,Iván Alejo,Cádiz,352486,4488
16,3,21.43,119,17,51.52,274,215,486,79.8,26,52.0,24,26,0,0,0,0,74,2,3,4,1,20,26,0,0,22,23,106,0,0,,,27,0,10.71,0,3,3,20,20,0,2,1,,60,42.25,0,0,0,123,17,13,1,13,1405,3,,0,0,0,0,0.0,0,0,0,0,206,5,0,6.74,0,2,0,0,0,0,0,0,468.33,0.0,0,12,16,12,12,10,50.0,0,25,17,68.0,13,28,20,14,86,44.79,33,379,244,609,175.3,28,0,883,25,2,0,Ander Madariaga,Eibar,1516620,2839
18,0,0.0,82,25,43.86,224,270,494,84.59,34,62.96,20,26,0,0,0,0,53,0,0,1,0,38,26,0,0,8,5,48,0,0,,,14,0,25.0,0,1,1,19,17,2,1,0,,32,53.33,0,0,0,90,16,5,0,10,968,0,,0,0,1,0,100.0,0,1,0,0,107,0,0,6.74,0,1,0,0,0,0,0,0,968.0,0.0,0,4,0,1,2,4,66.67,0,22,13,59.09,5,34,6,0,66,57.89,57,292,292,584,175.3,4,0,732,7,4,0,Vicente Iborra,Levante UD,32690,2849
29,8,33.33,93,45,45.0,192,277,461,80.45,10,30.3,23,26,1,0,0,0,51,3,0,2,4,46,26,0,0,1,7,57,0,0,,,19,0,0.0,0,0,1,21,19,2,0,0,,42,55.26,0,0,0,112,11,10,0,13,1242,0,,0,0,0,0,0.0,0,0,0,0,187,7,0,6.74,0,0,0,0,0,0,0,0,0.0,0.0,0,2,7,4,3,7,50.0,0,25,18,72.0,10,58,14,24,52,47.71,100,287,310,573,175.3,9,0,941,10,4,0,Pipa,Burgos Club de Fútbol,876842,2854
29,14,22.22,159,44,36.97,345,370,701,75.46,17,51.52,16,29,1,0,0,0,104,2,1,3,3,90,29,0,0,13,23,89,0,0,,,36,0,10.0,0,1,2,48,40,8,0,1,,88,54.66,0,0,0,228,37,16,0,26,2287,3,,0,0,0,1,0.0,0,0,0,0,359,1,0,6.74,0,1,0,0,0,0,0,0,2287.0,0.0,0,6,4,5,2,6,60.0,0,57,27,47.37,16,70,10,63,105,54.12,119,521,471,929,195.5,10,2,1519,25,8,0,Martín Aguirregabiria,FC Cartagena,868262,24329
53,0,0.0,89,54,49.54,211,294,505,79.53,36,55.38,29,17,0,0,0,0,83,1,1,1,1,34,17,0,0,13,19,91,0,0,,,27,0,0.0,0,0,0,15,14,1,0,0,,52,45.61,0,0,0,130,16,4,0,16,1301,0,,0,0,0,1,0.0,0,0,0,0,175,4,0,6.74,0,0,0,0,0,0,0,0,0.0,0.0,0,5,0,2,2,4,50.0,0,34,20,58.82,4,96,8,3,88,49.16,109,307,331,635,114.6,5,0,840,15,7,0,Aitor Sanz,CD Tenerife,83305,2822
11,8,32.0,170,11,28.21,275,124,391,72.41,27,42.86,36,39,2,0,0,0,89,3,3,9,2,11,39,0,0,29,12,106,1,0,,,14,0,6.45,0,2,4,35,32,3,2,0,,96,57.83,1,0,0,149,15,24,1,25,2371,4,,0,0,0,0,0.0,0,0,0,1,270,12,0,6.74,0,0,0,0,0,0,0,0,1185.5,0.0,0,23,8,15,7,13,40.63,0,29,18,62.07,24,21,32,25,123,53.71,39,395,170,540,262.9,31,0,915,55,2,0,Juanma García,Albacete Balompié,537012,2848
14,8,19.51,74,12,46.15,147,89,228,81.14,8,47.06,9,22,1,0,0,0,51,5,0,1,0,10,22,0,0,8,8,44,0,0,,,7,0,33.33,0,2,3,15,14,1,2,0,,27,43.55,0,0,0,53,7,13,0,8,856,6,,0,0,0,0,0.0,0,0,0,0,131,2,0,6.74,0,2,0,0,0,0,0,0,428.0,0.0,0,6,0,2,3,8,38.1,0,11,5,45.45,13,21,21,41,35,44.3,26,219,103,281,148.3,6,0,470,8,0,0,Rafael Núñez,FC Cartagena,1001831,24329
4,6,23.08,59,2,16.67,90,44,128,66.67,10,31.25,22,27,4,0,0,0,38,3,4,7,0,5,27,0,0,12,6,67,0,0,,,15,0,5.71,0,2,6,12,12,0,2,0,,27,37.5,0,0,1,64,4,15,0,9,938,3,,0,0,0,0,0.0,0,0,0,0,143,6,0,6.74,0,2,0,0,0,0,0,0,469.0,0.0,0,25,10,15,13,5,29.41,0,13,6,46.15,15,13,17,26,37,35.58,12,162,56,192,182.0,35,0,378,10,3,0,Álejandro Cantero,CD Tenerife,980143,2822
22,1,25.0,68,26,53.06,133,133,265,77.71,19,46.34,22,15,0,0,0,0,39,1,0,0,0,17,15,0,0,5,9,60,0,1,,,21,0,0.0,0,0,0,7,6,1,0,0,,37,49.33,0,0,0,76,8,6,0,7,610,1,,0,0,0,0,0.0,0,0,0,0,100,3,0,6.74,0,0,0,0,0,0,0,0,0.0,0.0,0,2,3,4,1,2,40.0,0,28,19,67.86,6,41,5,4,56,48.28,49,189,156,341,101.1,5,0,472,8,7,0,Juanpe,Málaga CF,828966,2830
14,3,60.0,88,18,50.0,170,156,323,78.21,24,51.06,23,24,1,0,0,0,47,2,3,5,3,19,23,0,0,9,12,66,0,1,,,18,0,5.26,0,1,2,8,7,1,1,0,,35,44.87,0,0,0,90,7,8,0,9,970,2,,0,0,0,0,0.0,0,0,0,0,123,2,0,6.74,0,1,0,0,0,0,0,0,970.0,0.0,0,17,2,8,6,0,0.0,0,26,18,69.23,8,24,5,5,59,47.2,36,241,177,413,155.0,19,0,566,11,2,0,Gonzalo Escalante,Cádiz,316170,4488
20,1,5.88,109,30,83.33,181,83,263,78.98,2,22.22,7,26,1,0,0,0,66,3,4,6,0,17,26,0,0,43,13,110,0,0,,,36,0,3.57,0,1,2,16,13,3,1,0,,82,44.32,0,0,0,70,5,14,0,16,1382,1,,0,0,0,0,0.0,0,0,0,0,207,14,0,6.74,0,1,0,0,0,0,0,0,1382.0,0.0,0,14,14,15,7,27,65.85,0,20,12,60.0,14,32,41,17,84,43.3,36,250,100,333,175.2,28,0,653,35,6,0,Javier Hernández,Huesca,1514913,24265
2,2,15.38,40,2,40.0,79,41,118,76.13,5,26.32,14,23,0,0,0,0,38,0,1,2,0,10,19,0,0,8,11,64,0,0,,,14,0,0.0,0,0,0,15,14,1,0,0,,67,57.26,0,0,0,37,7,6,0,4,645,6,,0,0,0,0,0.0,0,0,0,0,101,4,0,6.74,0,0,0,0,0,0,0,0,0.0,0.0,0,8,2,6,2,16,45.71,0,28,17,60.71,6,3,35,13,72,52.94,5,123,45,155,128.0,10,0,357,23,1,0,Marlos Moreno,CD Tenerife,818942,2822
50,1,50.0,65,108,41.38,179,619,797,77.45,68,64.76,37,30,0,0,0,0,54,0,3,1,7,158,30,0,0,0,13,69,1,2,,,21,0,0.0,4,0,0,51,43,8,0,0,,42,56.76,0,0,0,232,23,2,0,29,2614,1,,1,0,0,0,0.0,0,0,0,0,248,0,0,6.74,0,0,0,0,0,0,0,0,0.0,0.0,3,7,4,5,5,2,100.0,0,28,18,64.29,2,108,2,2,110,61.45,261,364,667,1029,202.1,11,0,1357,14,5,0,Pedro Alcalá,FC Cartagena,85090,24329
12,16,36.36,103,33,35.48,231,214,429,74.22,12,48.0,13,31,0,0,0,0,63,2,0,2,4,65,30,0,0,12,18,65,0,1,,,14,0,0.0,0,0,0,21,21,0,0,0,,55,51.4,0,0,0,149,21,17,0,17,1583,1,,0,0,0,0,0.0,0,0,0,0,253,4,0,6.74,0,0,0,0,0,0,0,0,0.0,0.0,0,1,6,4,1,16,64.0,0,35,22,62.86,17,22,25,44,67,50.76,93,345,277,578,202.1,7,0,1026,4,1,0,Hodei Arrillaga,Eibar,1470881,2839
3,1,50.0,69,5,71.43,112,48,159,70.98,35,53.03,31,33,3,0,0,0,20,3,7,12,0,21,33,0,0,20,1,77,0,0,,,26,0,8.57,0,3,6,26,21,5,3,0,,35,43.21,0,0,0,65,0,16,0,10,1112,3,,0,0,0,0,0.0,0,0,0,0,125,3,0,6.74,0,3,0,0,0,0,0,0,370.67,0.0,0,34,1,10,13,8,80.0,0,6,3,50.0,16,8,10,2,70,47.62,7,173,53,224,222.3,35,0,407,22,2,0,Nikolay Obolskiy,Córdoba,793949,2850
19,3,33.33,112,19,67.86,226,148,371,81.72,9,39.13,14,26,2,0,0,0,60,4,3,3,0,14,23,0,0,11,10,56,0,0,,,7,0,0.0,0,0,2,27,20,7,0,0,,52,55.32,0,0,0,83,16,12,0,11,1096,1,,0,0,0,0,0.0,0,0,0,0,139,9,0,6.73,0,0,0,0,0,0,0,0,0.0,0.0,0,6,6,8,1,19,57.58,0,18,9,50.0,12,30,33,9,61,52.14,28,293,170,454,154.9,12,0,633,15,1,0,Óscar Clemente,FC Cartagena,964845,24329
17,16,31.37,196,45,41.67,369,351,704,80.0,17,41.46,24,33,1,0,0,0,118,4,0,1,4,54,32,0,0,15,21,97,0,0,,,14,0,0.0,0,0,1,30,25,5,0,0,,105,58.99,0,0,0,176,19,13,0,24,2184,1,,0,0,0,0,0.0,0,0,0,0,317,7,0,6.73,0,0,0,0,0,0,0,0,0.0,0.0,0,2,2,3,0,28,54.9,0,57,36,63.16,13,39,51,51,122,55.71,108,503,428,880,215.5,4,0,1473,20,5,0,Rafael Obrador,Deportivo de A Coruña,1142692,2832
9,4,16.0,142,11,45.83,219,63,278,79.2,11,33.33,22,28,0,0,0,0,64,1,3,7,0,5,28,0,0,26,14,118,0,0,,,35,0,0.0,0,0,0,9,9,0,0,0,,73,43.2,0,0,1,73,6,9,0,13,1189,3,,0,0,0,0,0.0,0,0,0,0,192,9,0,6.73,0,0,0,0,0,0,0,0,0.0,0.0,1,17,15,13,12,11,33.33,0,37,22,59.46,9,14,33,25,84,41.58,24,298,78,351,188.5,32,0,653,25,4,0,Dani Queipo,Sporting Gijón,1160061,2852
15,1,25.0,73,23,45.1,192,246,437,82.92,16,53.33,14,22,0,0,0,0,87,1,0,1,3,25,22,0,1,10,6,55,0,0,,,18,0,22.22,0,2,2,23,18,5,0,2,,68,62.39,0,0,0,90,15,6,0,17,1426,0,,0,0,0,1,0.0,0,0,0,0,143,4,0,6.73,1,2,0,0,0,0,0,0,713.0,0.0,0,1,8,5,3,7,43.75,0,40,21,52.5,6,20,16,4,84,60.43,51,257,274,527,148.1,9,0,743,21,4,0,Moussa Diakité,Cádiz,1432130,4488
15,0,0.0,27,39,44.83,111,222,333,79.67,21,63.64,12,13,0,0,0,0,32,0,0,0,1,53,13,0,1,1,1,19,1,0,,,5,0,14.29,1,1,1,10,10,0,1,0,,8,53.33,1,0,0,85,9,2,0,9,873,0,,0,0,0,0,0.0,0,0,0,0,92,0,0,6.73,1,0,0,0,0,0,0,0,873.0,0.0,0,7,0,5,2,0,0.0,0,6,5,83.33,2,37,0,0,29,60.42,87,174,244,418,87.5,7,1,533,2,8,0,Chema,Eibar,345193,2839
35,0,0.0,100,74,40.88,347,874,1221,85.15,70,49.65,71,33,0,0,0,0,86,0,2,4,7,138,33,0,0,2,21,139,1,1,,,45,0,0.0,1,0,0,46,38,8,0,0,,74,52.11,0,0,0,213,21,1,0,31,2848,1,,0,0,0,0,0.0,0,0,0,1,244,1,0,6.73,0,0,0,0,0,0,0,0,0.0,0.0,0,8,2,4,2,4,44.44,0,41,26,63.41,1,80,9,4,144,50.88,181,503,935,1434,222.1,10,0,1824,31,10,0,Bernardo Vital,Real Zaragoza,1065442,2815
17,5,23.81,77,13,44.83,157,122,274,79.88,7,33.33,14,20,2,0,0,0,53,1,4,6,3,12,20,0,0,22,6,85,0,0,,,23,0,10.34,0,3,5,24,22,2,2,1,,58,44.96,0,0,0,69,9,10,0,14,1239,9,,0,0,2,0,100.0,0,2,0,0,163,5,0,6.73,0,3,0,0,0,0,0,0,413.0,0.0,0,18,11,11,12,23,53.49,0,17,11,64.71,10,38,43,21,65,43.33,29,220,144,343,134.6,29,0,596,19,4,0,Luis Muñoz,FC Cartagena,858912,24329
0,0,0.0,16,1,33.33,20,7,27,72.97,7,63.64,4,10,0,0,0,0,8,0,1,1,0,3,7,0,0,2,0,10,0,0,,,1,0,20.0,0,1,1,0,0,0,1,0,,5,45.45,0,0,0,10,0,1,0,1,175,0,,0,0,0,0,0.0,0,0,0,0,19,0,0,6.73,0,1,0,0,0,0,0,0,175.0,0.0,0,5,0,0,4,0,0.0,0,1,0,0.0,1,2,3,0,12,54.55,3,28,9,37,47.1,5,0,64,4,0,0,David Flakus Bosilj,CD Castellón,984000,5067
4,0,0.0,37,1,20.0,53,21,74,57.81,26,46.43,30,36,2,0,0,0,17,2,10,5,0,13,33,0,0,16,2,74,0,0,,,23,0,16.67,0,6,8,11,9,2,5,1,,22,33.33,3,0,2,54,1,8,1,1,549,9,,0,0,0,0,0.0,0,0,0,2,117,5,0,6.73,0,2,0,0,0,0,0,0,91.5,0.0,0,35,1,17,14,7,58.33,0,9,5,55.56,8,6,12,2,48,39.34,5,103,27,128,222.0,36,2,288,6,0,0,Carlos Espí,Levante UD,1649918,2849
43,17,30.36,130,60,70.59,241,165,389,80.37,4,23.53,13,31,1,0,0,0,79,2,2,2,0,11,30,0,0,17,25,97,0,0,,,23,0,23.53,0,4,5,16,13,3,2,2,,50,37.31,2,0,1,95,14,19,0,9,1030,0,,0,0,0,1,0.0,0,0,0,0,210,8,0,6.73,1,2,0,0,0,0,0,0,257.5,0.0,1,5,12,6,9,11,35.48,0,26,16,61.54,19,69,31,56,54,35.76,85,350,190,484,201.8,17,0,774,13,3,1,Borja Sánchez,Burgos Club de Fútbol,758666,2854
6,3,27.27,70,17,53.13,124,95,216,81.82,3,15.79,16,15,2,0,0,0,45,0,0,1,0,4,15,0,0,19,11,64,0,0,,,13,0,25.0,0,1,3,10,10,0,1,0,,39,44.83,0,0,0,48,11,5,0,6,685,2,,0,0,0,0,0.0,0,0,0,0,111,4,0,6.73,0,1,0,0,0,0,0,0,685.0,0.0,1,1,3,1,2,12,63.16,0,14,10,71.43,5,17,19,11,42,39.62,32,170,105,264,100.9,4,0,431,13,2,0,Albert Lottin,CD Castellón,980528,5067
2,5,45.45,39,10,58.82,109,99,203,81.53,17,39.53,26,12,1,0,0,0,34,1,0,2,1,18,12,0,0,7,5,47,0,0,,,8,0,0.0,0,0,1,11,11,0,0,0,,36,63.16,0,0,0,46,5,5,0,8,564,2,,0,0,0,0,0.0,0,0,0,0,75,2,0,6.73,1,0,0,0,0,0,0,0,0.0,0.0,0,3,3,4,0,6,66.67,0,19,10,52.63,5,6,9,11,53,53.0,17,146,114,249,80.7,6,0,383,11,1,1,Giovanni Zarfino,CD Castellón,804980,5067
1,0,0.0,5,3,27.27,10,15,25,64.1,5,71.43,2,4,0,0,0,0,4,0,0,0,0,13,4,0,0,0,3,8,0,0,,,3,0,0.0,0,0,0,3,3,0,0,0,,7,53.85,0,0,0,14,1,0,0,1,181,0,,0,0,0,1,0.0,0,0,0,0,18,1,0,6.73,0,0,0,0,0,0,0,0,0.0,0.0,0,0,1,1,0,0,0.0,0,5,5,100.0,0,5,0,0,12,60.0,11,22,17,39,26.9,1,0,80,2,0,0,Javier Moreno,Albacete Balompié,1170447,2848
35,0,0.0,67,69,39.66,257,578,835,79.3,65,66.33,33,24,0,0,0,0,83,1,0,1,7,104,24,0,1,3,14,94,1,0,,,46,0,0.0,9,0,0,30,27,3,0,0,,63,50.81,0,0,0,218,21,1,0,20,1831,0,,0,0,0,1,0.0,0,0,0,0,255,1,0,6.73,1,0,0,0,0,0,0,0,0.0,0.0,0,5,3,6,1,5,71.43,0,32,16,50.0,1,73,7,2,128,57.66,174,406,649,1053,161.4,8,1,1382,26,8,0,David Castro,Racing de Ferrol,909061,2843
8,3,27.27,82,11,50.0,183,177,357,78.63,38,63.33,22,21,1,0,0,0,74,0,1,6,1,21,21,0,0,26,15,85,2,0,,,14,0,5.0,0,1,2,19,16,3,1,0,,57,47.5,0,0,1,97,9,11,0,16,1331,0,,0,0,0,0,0.0,0,0,0,0,169,7,0,6.72,0,1,0,0,0,0,0,0,1331.0,0.0,0,11,9,9,5,15,60.0,0,25,16,64.0,11,13,25,11,95,52.78,22,261,204,454,141.2,20,1,700,18,4,0,Javier Pérez Mateo,Huesca,602264,24265
28,12,36.36,99,29,34.12,230,243,461,75.45,9,56.25,7,24,0,0,0,0,80,1,0,5,2,39,24,0,1,11,9,50,0,0,,,13,0,0.0,0,0,0,21,16,5,0,0,,90,67.67,0,0,2,150,12,17,0,17,1521,0,,0,0,0,0,0.0,0,0,0,0,217,3,0,6.72,1,0,0,0,0,0,0,0,0.0,0.0,0,5,10,9,1,24,70.59,0,31,20,64.52,17,62,34,33,99,66.44,85,356,288,611,161.3,15,1,1011,35,3,0,Bruno Langa,Almería,987490,2858
7,0,0.0,13,26,40.0,20,70,90,69.77,1,100.0,0,5,0,0,0,0,40,0,0,0,0,5,5,0,0,0,1,1,1,0,,,0,0,0.0,27,0,0,10,9,1,0,0,,1,50.0,0,0,0,39,0,0,0,4,413,0,,0,0,0,0,0.0,3,0,0,0,41,0,1,6.72,0,0,1,11,4,16,0,2,0.0,0.0,0,0,0,0,0,0,0.0,1,0,0,0.0,0,11,0,0,2,66.67,65,56,73,129,33.6,0,0,173,1,1,0,José Antonio Caro,Cádiz,847993,4488
17,1,50.0,34,33,50.77,115,357,471,87.55,25,55.56,20,16,0,0,0,0,36,1,0,2,3,66,15,0,0,0,3,33,2,1,,,10,0,0.0,2,0,0,18,15,3,0,0,,9,40.91,0,0,2,67,13,3,0,12,1056,2,,0,0,0,0,0.0,0,0,0,0,71,0,0,6.72,0,0,0,0,0,0,0,0,0.0,0.0,0,4,1,3,0,0,0.0,0,9,6,66.67,3,30,0,2,34,50.75,65,158,382,538,100.8,5,1,666,0,2,0,Juan Antonio Ros,Albacete Balompié,788312,2848
52,0,0.0,124,95,40.95,359,937,1296,83.24,74,55.22,60,34,0,0,0,0,95,0,1,2,5,167,34,0,1,4,16,120,1,1,,,39,0,22.22,0,2,2,40,34,6,1,1,,66,52.38,0,0,0,261,52,1,1,31,2674,4,,1,0,0,1,0.0,0,0,0,0,297,0,0,6.72,1,1,0,0,0,0,0,0,1337.0,0.0,0,8,1,3,4,1,25.0,0,50,33,66.0,1,111,4,4,140,53.85,232,533,1028,1557,228.4,9,0,1966,15,6,0,Róber Pier,Sporting Gijón,826552,2852
10,0,0.0,38,12,44.44,96,124,220,79.71,19,65.52,10,12,0,0,0,0,24,0,0,0,1,18,12,0,0,3,8,33,0,0,,,13,0,0.0,0,0,0,7,6,1,0,0,,21,47.73,0,0,0,56,9,2,0,8,657,0,,0,0,0,0,0.0,0,0,0,0,67,1,0,6.72,0,0,0,0,0,0,0,0,0.0,0.0,0,1,1,2,0,0,0.0,0,21,13,61.9,2,16,0,1,40,54.79,27,135,142,276,80.6,2,0,353,0,2,0,César de la Hoz,Real Oviedo,233328,2851
9,1,6.67,46,12,80.0,79,37,115,82.14,0,0.0,3,19,0,0,0,0,24,2,1,4,0,4,19,0,0,17,7,50,0,1,,,6,0,18.18,0,2,2,13,12,1,1,1,,44,48.35,0,0,1,25,2,9,2,3,573,3,,0,0,0,0,0.0,0,0,0,0,93,4,0,6.72,0,0,0,0,0,0,0,0,286.5,0.0,0,6,5,5,2,19,52.78,0,13,9,69.23,9,12,36,15,44,46.81,15,109,46,140,127.6,11,0,291,12,3,0,Lucas Román,FC Cartagena,1609000,24329
5,0,0.0,37,2,100.0,57,28,85,61.15,62,62.63,37,22,0,0,0,0,20,0,4,4,0,7,20,0,0,13,5,85,0,0,,,30,0,5.26,0,1,1,7,7,0,1,0,,24,33.33,1,0,0,54,4,10,0,7,738,5,,0,0,0,0,0.0,0,0,0,0,107,3,0,6.72,0,0,0,0,0,0,0,0,738.0,0.0,0,17,2,10,5,8,61.54,0,9,5,55.56,10,7,13,1,86,50.29,2,107,33,139,134.3,19,0,282,7,2,0,Mohamed Bouldini,Deportivo de A Coruña,942111,2832
8,0,0.0,50,10,66.67,95,71,166,83.84,11,52.38,10,7,0,0,0,0,33,0,1,0,0,5,7,0,0,7,9,41,0,0,,,8,0,0.0,0,0,0,6,6,0,0,0,,28,47.46,0,0,0,32,4,3,0,6,514,1,,0,0,0,0,0.0,0,0,0,0,63,2,0,6.71,0,0,0,0,0,0,0,0,0.0,0.0,0,4,0,3,1,6,46.15,0,12,8,66.67,3,13,13,3,39,48.75,15,123,78,198,47.0,4,0,294,10,0,0,Kevin Appin,Burgos Club de Fútbol,862992,2854
13,6,26.09,84,27,55.1,188,181,363,79.78,16,59.26,11,29,0,0,0,0,47,3,0,0,1,22,29,0,0,15,28,97,0,0,,,32,0,50.0,0,2,2,16,13,3,1,1,,74,46.25,0,0,0,92,23,7,2,11,1153,0,,0,0,0,0,0.0,0,0,0,0,170,2,0,6.71,0,0,0,0,0,0,0,0,576.5,0.0,0,3,1,2,2,9,45.0,0,38,24,63.16,7,26,20,23,90,48.13,49,281,197,455,194.7,4,1,715,27,5,0,Jordi Martín,Huesca,1010513,24265
4,0,0.0,53,5,55.56,82,29,111,71.61,28,50.91,27,24,0,0,0,0,18,1,4,5,1,7,24,0,0,15,5,71,0,0,,,21,0,16.0,0,4,4,8,6,2,4,0,,21,32.31,2,0,0,44,1,9,1,8,876,10,,0,0,1,0,100.0,0,1,0,0,105,7,0,6.71,0,1,0,0,0,0,0,0,219.0,0.0,0,22,3,11,9,8,50.0,0,3,1,33.33,9,5,16,1,49,40.83,9,123,33,155,161.1,25,0,299,10,4,0,Sory Kaba,Elche,869131,2846
21,1,8.33,90,20,52.63,188,179,366,81.15,6,46.15,7,24,1,0,0,0,56,1,0,3,0,10,24,0,0,11,7,40,0,0,,,11,0,11.11,0,1,2,24,18,6,1,0,,52,61.18,0,0,0,85,9,9,1,11,1142,0,,0,1,0,0,0.0,0,0,0,0,137,1,0,6.71,0,0,0,0,0,0,0,0,1142.0,0.0,0,6,3,3,3,6,50.0,0,18,14,77.78,8,44,12,12,58,59.18,38,266,197,451,161.1,9,0,623,29,4,0,Alex Bernal,CD Eldense,254819,47321
9,1,10.0,92,10,34.48,157,99,255,62.96,80,57.97,58,32,1,0,0,0,54,3,6,6,0,8,32,0,0,29,13,156,0,0,,,41,0,3.23,0,1,2,19,14,5,1,0,,60,37.97,1,0,1,150,5,13,0,18,1615,14,,0,0,0,0,0.0,0,0,0,1,268,14,0,6.71,0,0,0,0,0,0,0,0,1615.0,0.0,1,23,8,13,12,16,48.48,0,21,12,57.14,13,18,33,10,140,47.3,29,298,117,405,214.8,31,0,689,25,5,0,Carlos Fernández,Cádiz,782396,4488
36,0,0.0,93,54,58.7,289,827,1116,89.28,36,50.7,35,28,0,0,0,0,106,1,0,0,3,110,28,0,0,11,19,83,0,4,,,18,0,0.0,20,0,0,50,43,7,0,0,,76,61.29,0,0,1,134,49,4,0,27,2381,2,,0,0,0,1,0.0,0,0,0,0,167,0,0,6.71,0,0,0,0,0,0,0,0,0.0,0.0,0,4,0,4,0,7,70.0,0,40,23,57.5,4,74,10,0,112,57.44,92,370,880,1250,187.9,4,0,1601,30,3,0,Kiko Olivas,FC Cartagena,5676,24329
1,1,8.33,60,4,66.67,83,35,117,84.78,3,42.86,4,21,1,0,0,0,22,1,1,1,0,13,21,0,0,7,3,28,0,0,,,7,0,14.29,0,1,2,5,4,1,1,0,,38,61.29,0,0,0,21,5,5,0,2,454,3,,0,0,0,0,0.0,0,0,0,0,76,2,0,6.71,0,1,0,0,0,0,0,0,454.0,0.0,0,4,3,3,3,11,57.89,0,1,1,100.0,5,3,19,12,41,59.42,6,109,41,138,140.9,7,0,300,26,1,0,Suleiman Camara,Real Racing Club,1090128,2835
17,18,19.35,119,26,36.11,229,144,355,65.26,26,52.0,24,38,4,0,0,0,78,6,1,4,0,54,38,0,0,36,24,209,0,0,,,41,0,5.0,0,1,5,32,25,7,0,1,,169,47.74,0,0,1,189,15,25,1,30,2415,6,,0,0,0,1,0.0,0,0,0,1,503,11,0,6.71,0,0,0,0,0,0,0,0,2415.0,0.0,0,15,5,9,7,71,44.65,0,51,33,64.71,25,47,159,93,195,48.27,72,452,185,544,254.9,20,0,1269,47,9,0,Gerard Valentín,Huesca,349762,24265
19,0,0.0,54,32,38.55,173,242,415,79.96,24,51.06,23,14,0,0,0,0,30,1,1,2,0,69,14,0,0,4,1,44,0,1,,,14,0,0.0,0,0,0,15,15,0,0,0,,21,50.0,0,0,0,104,5,2,0,11,1010,0,,0,0,0,0,0.0,0,0,0,0,127,1,0,6.71,0,0,0,0,0,0,0,0,0.0,0.0,0,4,0,0,2,1,33.33,0,14,9,64.29,2,45,3,2,45,50.56,83,256,265,519,93.9,4,0,681,6,4,0,Alvaro Mantilla,Real Racing Club,1010792,2835
5,2,40.0,67,12,57.14,125,85,208,76.47,17,38.64,27,31,0,0,0,0,48,0,1,9,0,10,30,0,0,16,9,82,0,0,,,26,0,12.12,0,4,4,15,14,1,3,1,,45,45.0,2,0,0,64,6,10,1,15,1395,22,,0,0,0,0,0.0,0,0,0,0,123,7,0,6.71,0,1,0,0,0,0,0,0,348.75,0.0,0,20,13,13,11,9,60.0,0,13,8,61.54,10,14,15,5,62,43.06,21,175,102,272,201.2,33,0,456,23,4,0,Maikel Mesa,CD Tenerife,330673,2822
0,0,0.0,9,1,12.5,17,13,30,61.22,6,42.86,8,15,0,0,0,0,14,0,1,1,0,1,15,0,0,1,2,25,0,0,,,14,0,11.11,0,1,1,6,6,0,1,0,,10,37.04,0,0,0,19,1,1,1,2,286,0,,0,0,0,0,0.0,0,0,0,0,36,2,0,6.71,0,0,0,0,0,0,0,0,286.0,0.0,0,8,1,5,3,2,100.0,0,6,4,66.67,1,4,2,2,16,39.02,8,37,14,49,100.6,9,0,96,2,3,0,Unai Ropero,CD Eldense,1018197,47321
17,4,11.43,162,44,46.32,354,401,751,82.62,31,37.8,51,37,0,0,0,0,113,1,2,4,4,72,36,0,0,8,18,140,1,0,,,53,0,7.14,0,1,1,37,35,2,1,0,,90,50.28,0,0,0,158,43,9,0,25,2351,5,,0,0,0,2,0.0,0,0,0,0,286,4,0,6.71,0,1,0,0,0,0,0,0,2351.0,0.0,0,11,3,8,2,5,29.41,0,60,36,60.0,9,35,17,35,121,46.36,95,474,470,909,241.4,14,0,1539,26,11,0,David Rodríguez Ramos,CD Tenerife,1082555,2822
4,2,16.67,55,1,50.0,91,33,122,72.62,22,25.88,63,39,2,0,0,1,26,6,5,14,0,7,38,0,0,15,6,126,0,0,,,25,0,12.5,0,5,7,20,16,4,5,0,,42,40.0,0,0,2,46,0,14,3,7,1053,7,,0,0,2,0,50.0,1,1,0,0,135,7,0,6.7,0,2,0,0,0,0,0,0,210.6,0.0,1,31,9,10,16,9,34.62,0,13,6,46.15,14,5,26,12,64,33.68,2,145,35,168,254.6,40,0,386,21,5,0,Víctor Campuzano,Sporting Gijón,966295,2852
9,15,19.23,172,6,28.57,284,111,380,76.77,33,44.0,42,40,2,0,0,0,91,2,1,11,4,11,40,0,0,39,17,210,0,1,,,47,0,8.7,0,4,6,35,28,7,3,1,,111,39.78,0,0,0,115,15,27,3,25,2493,15,,0,0,0,0,0.0,0,0,0,0,372,13,0,6.7,0,1,0,0,0,0,0,0,623.25,0.0,0,28,18,19,16,25,27.17,0,50,29,58.0,27,15,92,78,144,40.68,21,431,142,495,268.0,46,0,1083,36,2,0,Adrian Liso,Real Zaragoza,1515554,2815
3,0,0.0,54,1,50.0,90,39,129,84.31,2,11.76,15,16,2,0,0,0,44,1,0,1,0,2,16,0,0,19,4,59,0,1,,,7,0,25.0,0,2,4,20,15,5,2,0,,39,46.99,0,0,1,24,7,5,0,9,824,5,,0,0,0,0,0.0,0,0,0,0,104,9,0,6.7,0,2,0,0,0,0,0,0,412.0,0.0,0,4,4,2,5,20,52.63,0,6,4,66.67,5,3,38,5,41,41.0,2,106,52,153,107.2,8,1,319,13,2,0,Salim El Jebari,FC Cartagena,1142596,24329
0,0,0.0,14,1,50.0,20,6,26,66.67,5,62.5,3,8,0,0,0,0,5,0,0,0,0,1,6,0,0,0,0,11,0,0,,,5,0,100.0,0,1,1,2,2,0,1,0,,1,11.11,0,0,0,13,0,2,0,0,90,0,,0,0,0,0,0.0,0,0,0,0,23,0,0,6.7,0,1,0,0,0,0,0,0,90.0,0.0,0,1,0,0,1,0,0.0,0,0,0,0.0,2,2,4,1,6,35.29,2,33,7,39,40.2,1,0,64,2,0,0,Ekain Zenitagoia,Real Racing Club,966957,2835
6,2,25.0,34,19,46.34,106,139,243,78.64,8,44.44,10,21,0,0,0,0,44,1,1,1,0,23,21,0,0,8,12,51,0,0,,,16,0,8.33,0,1,1,10,8,2,1,0,,37,47.44,0,0,0,66,8,6,0,6,753,1,,0,0,0,0,0.0,0,0,0,0,99,2,0,6.7,0,1,0,0,0,0,0,0,753.0,0.0,0,6,6,7,4,5,45.45,0,21,13,61.9,6,17,11,8,45,46.88,41,158,159,309,140.7,12,0,448,11,4,0,Javi Mier,Huesca,966945,24265
0,0,0.0,8,0,0.0,10,9,19,65.52,0,0.0,2,2,1,0,0,0,0,0,0,0,0,3,1,0,0,2,2,8,0,0,,,2,0,0.0,0,0,1,2,2,0,0,0,,2,25.0,0,0,0,10,2,1,0,1,92,0,,0,0,0,0,0.0,0,0,0,0,16,0,0,6.7,0,0,0,0,0,0,0,0,0.0,0.0,0,0,0,0,0,0,0.0,0,2,2,100.0,1,1,0,0,2,20.0,5,19,10,29,6.7,0,0,62,0,0,0,Adrián Vázquez,Córdoba,1651178,2850
1,0,0.0,2,0,0.0,8,7,15,75.0,1,100.0,0,1,0,0,0,0,3,0,0,0,0,3,1,0,0,0,0,1,0,0,,,1,0,0.0,0,0,0,1,1,0,0,0,,2,66.67,0,0,0,5,2,0,0,1,45,0,,0,0,0,0,0.0,0,0,0,0,9,1,0,6.7,0,0,0,0,0,0,0,0,0.0,0.0,0,0,0,0,0,0,0.0,0,2,2,100.0,0,2,0,2,3,75.0,1,13,9,20,6.7,0,0,37,0,0,0,Gabriel Palmero,CD Tenerife,1595117,2822
0,0,0.0,2,0,0.0,2,0,2,100.0,0,0.0,2,1,0,0,0,0,0,0,0,0,0,0,1,0,0,0,1,3,0,0,,,0,0,0.0,0,0,0,0,0,0,0,0,,0,0.0,0,0,0,0,0,0,0,0,16,0,,0,0,0,0,0.0,0,0,0,0,1,0,0,6.7,0,0,0,0,0,0,0,0,0.0,0.0,0,1,0,1,0,0,0.0,0,0,0,0.0,0,0,0,0,0,0.0,0,2,0,2,6.7,1,0,5,0,0,0,Borja Vázquez,Cádiz,1865387,4488
1,0,0.0,3,1,20.0,7,12,19,70.37,2,40.0,3,1,0,0,0,0,1,0,0,0,0,9,1,0,0,1,2,6,0,0,,,0,0,0.0,0,0,0,2,1,1,0,0,,1,25.0,0,0,0,8,4,0,0,1,90,0,,0,0,0,0,0.0,0,0,0,0,12,0,0,6.7,0,0,0,0,0,0,0,0,0.0,0.0,0,0,0,0,0,0,0.0,0,0,0,0.0,0,4,0,0,3,33.33,5,13,14,27,6.7,0,0,53,1,0,0,Hugo Pascual,Burgos Club de Fútbol,1901785,2854
2,0,0.0,7,4,57.14,22,17,39,84.78,2,66.67,1,3,0,0,0,0,8,0,0,0,0,0,3,0,0,2,0,6,0,0,,,4,0,0.0,0,0,0,1,1,0,0,0,,5,50.0,0,0,0,7,2,0,0,0,82,0,,0,0,0,0,0.0,0,0,0,0,10,0,0,6.7,0,0,0,0,0,0,0,0,0.0,0.0,0,1,0,0,1,1,100.0,0,2,1,50.0,0,4,1,1,7,53.85,7,28,19,46,20.1,1,0,61,2,1,0,Tomás Alarcón,Cádiz,844224,4488
1,0,0.0,1,0,0.0,3,0,3,100.0,0,0.0,1,3,0,0,0,0,0,0,0,1,0,1,1,0,0,0,0,3,0,0,,,2,0,0.0,0,0,0,0,0,0,0,0,,2,50.0,0,0,0,0,0,0,0,0,13,0,,0,0,0,0,0.0,0,0,0,0,0,0,0,6.7,0,0,0,0,0,0,0,0,0.0,0.0,0,0,1,0,0,0,0.0,0,2,2,100.0,0,1,0,0,2,40.0,0,3,0,3,6.7,1,0,8,0,0,0,Oscar Carrasco,Eibar,1416970,2839
7,0,0.0,21,16,53.33,56,118,174,86.14,5,55.56,4,6,0,0,0,0,22,0,0,0,0,16,6,0,0,0,2,10,0,1,,,3,0,0.0,0,0,0,5,5,0,0,0,,4,40.0,0,0,0,28,5,0,0,3,319,0,,0,0,0,0,0.0,0,0,0,0,33,0,0,6.7,0,0,0,0,0,0,0,0,0.0,0.0,0,0,0,0,0,0,0.0,0,2,1,50.0,0,8,1,0,9,47.37,30,77,125,202,40.2,0,0,244,2,0,0,Oscar Naasei,Granada,1547525,33779
10,1,50.0,43,12,63.16,107,77,183,85.92,3,37.5,5,7,0,0,0,0,17,0,0,1,0,3,7,0,0,3,2,11,0,0,,,4,0,0.0,0,0,0,8,7,1,0,0,,17,73.91,0,0,0,30,3,2,0,3,299,0,,1,0,0,0,0.0,0,0,0,0,40,1,0,6.7,0,0,0,0,0,0,0,0,0.0,0.0,0,0,1,0,0,2,100.0,0,7,5,71.43,2,17,2,2,20,64.52,19,127,88,213,46.9,1,0,261,8,1,0,Charlie Patiño,Deportivo de A Coruña,1101040,2832
11,4,26.67,104,5,35.71,200,150,346,74.89,31,38.27,50,39,0,0,0,0,80,2,4,5,2,15,39,0,0,35,24,187,0,0,,,52,0,13.33,0,4,4,29,26,3,4,0,,108,44.08,1,0,0,116,17,13,0,24,2135,3,,0,0,0,0,0.0,0,0,0,0,251,11,0,6.7,0,3,0,0,0,0,0,0,533.75,0.0,0,27,2,14,11,11,26.83,0,55,32,58.18,13,21,41,15,139,42.64,14,303,174,462,261.2,30,0,862,42,9,0,Rubén Sobrino,Cádiz,329563,4488
25,6,15.79,236,39,37.14,419,328,741,80.81,37,51.39,35,32,1,0,0,0,104,0,3,4,4,69,32,0,1,17,12,104,0,0,,,27,0,0.0,0,0,1,41,37,4,0,0,,83,54.61,0,0,0,176,24,26,0,23,2210,5,,0,0,0,2,0.0,0,0,0,0,310,6,0,6.7,1,0,0,0,0,0,0,0,0.0,0.0,0,7,6,7,2,17,56.67,0,36,26,72.22,26,62,30,38,120,53.57,105,568,387,917,214.3,13,0,1515,30,8,0,José Calderón,Córdoba,988650,2850
15,3,60.0,107,22,55.0,235,238,470,87.04,14,35.9,25,25,2,0,0,0,46,2,0,2,4,26,25,0,1,5,4,52,0,1,,,14,0,0.0,0,0,2,18,18,0,0,0,,26,49.06,0,0,0,70,6,11,0,12,1212,0,,0,0,0,0,0.0,0,0,0,1,97,6,0,6.7,1,0,0,0,0,0,0,0,0.0,0.0,0,3,9,7,3,5,55.56,0,15,10,66.67,11,25,9,5,40,43.48,40,289,256,540,167.4,12,0,672,6,1,0,Izan Merino,Málaga CF,1493488,2830
6,2,16.67,62,2,28.57,112,54,164,79.23,3,37.5,5,24,2,0,0,0,28,2,5,3,0,6,23,0,0,11,2,30,0,0,,,6,0,11.11,0,2,4,13,11,2,2,0,,15,37.5,0,0,0,43,1,8,1,4,611,5,,0,0,0,0,0.0,0,0,0,0,85,2,0,6.7,0,1,0,0,0,0,0,0,305.5,0.0,0,15,3,4,11,4,40.0,0,5,1,20.0,8,11,10,12,18,37.5,7,151,68,207,154.0,18,0,313,6,0,0,Cristian Herrera,Deportivo de A Coruña,362032,2832
40,1,50.0,111,69,45.1,338,623,960,84.88,31,48.44,33,27,0,0,0,0,86,0,2,3,4,61,27,0,0,5,10,72,0,0,,,28,0,0.0,11,0,0,39,36,3,0,0,,81,67.5,0,0,0,171,18,5,0,23,2021,3,,0,0,0,3,0.0,0,0,0,0,214,0,0,6.69,0,0,0,0,0,0,0,0,0.0,0.0,0,10,0,5,2,10,83.33,0,40,27,67.5,5,87,12,2,112,60.87,153,449,684,1131,180.7,10,0,1436,32,10,0,Marvel,Córdoba,1142691,2850
23,2,11.76,111,35,72.92,186,128,312,77.81,3,16.67,15,26,0,0,0,0,37,2,0,3,0,4,26,0,0,16,14,78,0,1,,,14,0,0.0,0,0,0,13,12,1,0,0,,62,49.6,0,0,0,89,3,16,0,8,1024,3,,0,0,0,0,0.0,0,0,0,1,184,5,0,6.69,0,0,0,0,0,0,0,0,0.0,0.0,0,8,4,4,5,17,45.95,0,18,11,61.11,16,39,37,17,65,45.45,48,271,147,401,174.0,12,0,616,28,2,0,Aarón Ochoa,Málaga CF,1566178,2830
5,6,31.58,54,6,31.58,121,72,187,80.6,10,66.67,5,12,0,0,0,0,26,0,1,0,3,29,12,0,0,4,7,28,0,0,,,6,0,0.0,0,0,0,6,6,0,0,0,,18,43.9,0,0,0,45,7,8,0,6,729,0,,0,0,0,0,0.0,0,0,0,0,101,0,0,6.69,1,0,0,0,0,0,0,0,0.0,0.0,0,4,0,4,0,6,50.0,0,12,7,58.33,8,12,12,19,28,50.0,19,159,92,232,80.3,4,0,436,0,0,1,César Álvarez,CD Tenerife,1613841,2822
14,9,23.08,83,7,43.75,148,80,219,85.55,0,0.0,5,24,1,0,0,0,35,3,0,4,0,3,22,0,0,8,8,29,0,0,,,4,0,0.0,0,0,1,10,10,0,0,0,,16,40.0,0,0,0,37,1,16,0,4,605,0,,0,0,0,0,0.0,0,0,0,0,92,3,0,6.69,0,0,0,0,0,0,0,0,0.0,0.0,0,2,4,0,2,3,42.86,0,9,4,44.44,16,21,7,39,16,35.56,16,203,92,256,147.2,6,0,365,4,0,0,Ander Martín,Mirandés,1134399,35092
53,0,0.0,98,122,41.5,328,753,1081,79.43,67,53.17,59,29,0,0,0,0,86,0,4,3,5,129,29,0,1,0,8,88,0,0,,,24,0,18.75,11,3,3,40,38,2,3,0,,49,62.82,3,0,1,280,24,3,0,28,2500,0,,0,0,0,2,0.0,0,0,0,0,304,0,0,6.69,1,0,0,0,0,0,0,0,833.33,0.0,0,13,3,8,5,3,75.0,0,23,18,78.26,3,125,4,3,116,56.86,294,530,834,1361,194.0,16,0,1657,23,2,0,José León,CD Tenerife,353132,2822
18,7,38.89,101,36,53.73,234,223,450,78.26,24,45.28,29,28,1,0,0,0,83,2,1,4,2,17,28,0,0,32,21,119,0,0,,,28,0,8.7,0,2,3,20,18,2,2,0,,68,43.04,0,0,0,125,15,14,0,18,1642,2,,0,0,0,0,0.0,0,0,0,0,220,7,0,6.69,0,2,0,0,0,0,0,0,821.0,0.0,0,11,12,13,6,15,53.57,0,31,15,48.39,14,35,28,18,92,43.6,67,335,258,575,187.3,23,0,860,22,5,0,Aarón Martín,CD Tenerife,1869133,2822
8,3,23.08,33,18,54.55,75,80,152,76.77,3,50.0,3,9,0,0,0,0,13,0,0,1,1,8,9,0,0,2,8,24,0,0,,,9,0,0.0,0,0,0,5,5,0,0,0,,26,55.32,0,0,0,46,12,3,0,6,517,0,,0,0,0,0,0.0,0,0,0,0,78,0,0,6.69,0,0,0,0,0,0,0,0,0.0,0.0,0,0,3,1,1,1,25.0,0,18,8,44.44,3,21,4,13,29,54.72,33,115,96,198,60.2,3,0,340,7,2,0,Álvaro Lemos,Real Oviedo,813645,2851
14,11,22.45,70,36,41.38,191,239,419,74.69,18,58.06,13,23,1,0,0,0,40,1,0,2,3,49,23,0,1,4,8,45,0,0,,,14,0,0.0,0,0,1,30,26,4,0,0,,56,63.64,0,0,0,142,21,7,0,13,1336,3,,0,0,0,0,0.0,0,0,0,0,262,1,0,6.69,1,0,0,0,0,0,0,0,0.0,0.0,0,5,4,5,2,9,60.0,0,20,12,60.0,7,52,15,49,74,62.18,87,343,267,561,153.8,9,0,960,28,5,0,Róber,Racing de Ferrol,230050,2843
6,1,9.09,88,9,40.91,143,72,214,63.69,35,54.69,29,40,1,0,0,0,48,5,3,8,1,16,39,0,0,22,13,126,0,0,,,35,0,9.09,0,3,4,26,21,5,3,0,,61,38.61,1,0,0,122,5,13,0,9,1261,3,,0,0,1,0,100.0,0,1,0,2,230,4,0,6.68,0,2,0,0,0,0,0,0,420.33,0.0,0,27,6,9,16,14,33.33,0,30,18,60.0,13,14,42,11,96,43.24,22,254,93,336,260.7,33,0,625,18,4,0,Ander Yoldi,Córdoba,1084394,2850
8,3,30.0,26,10,58.82,53,18,68,73.91,3,33.33,6,13,0,0,0,0,13,0,0,1,0,7,13,0,0,5,0,23,0,0,,,7,0,0.0,0,0,0,6,6,0,0,0,,23,57.5,0,0,0,24,3,3,0,2,283,1,,0,0,0,0,0.0,0,0,0,0,49,1,0,6.68,0,0,0,0,0,0,0,0,0.0,0.0,1,2,6,6,1,8,61.54,0,6,5,83.33,3,12,13,10,26,53.06,17,80,22,92,86.9,8,0,180,9,1,0,Kuki Zalazar,Córdoba,794946,2850
26,0,0.0,100,44,64.71,211,258,469,86.21,21,51.22,20,26,0,0,0,0,60,1,1,2,2,22,26,0,0,12,9,70,0,0,,,26,0,0.0,0,0,0,23,20,3,0,0,,56,52.83,0,0,1,75,9,4,0,12,1278,1,,0,0,0,1,0.0,0,0,0,0,101,2,0,6.68,0,0,0,0,0,0,0,0,0.0,0.0,0,5,7,8,2,17,85.0,0,27,17,62.96,4,42,20,1,77,52.38,68,262,283,544,173.8,12,0,728,12,5,0,Javi Villar,Albacete Balompié,1142693,2848
2,1,14.29,28,1,100.0,52,23,74,82.22,3,50.0,3,12,0,0,0,0,15,1,1,3,0,1,12,0,0,6,1,30,0,0,,,11,0,9.09,0,1,1,7,6,1,0,1,,28,50.91,0,0,0,16,2,3,0,2,314,0,,0,0,0,0,0.0,0,0,0,0,51,1,0,6.68,0,1,0,0,0,0,0,0,314.0,0.0,0,9,2,4,4,10,52.63,0,7,2,28.57,3,2,19,7,31,50.82,1,72,25,90,80.2,11,0,187,11,1,0,Simo Bouzaidi,CD Eldense,910104,47321
4,0,0.0,64,9,45.0,185,294,479,88.54,13,59.09,9,25,0,0,0,0,36,0,0,2,0,24,23,0,0,3,19,50,0,0,,,16,0,0.0,0,0,0,18,16,2,0,0,,49,54.44,0,0,0,62,22,4,0,14,1168,1,,0,0,0,0,0.0,0,0,0,0,81,3,0,6.68,0,0,0,0,0,0,0,0,0.0,0.0,0,1,3,2,0,5,62.5,0,30,20,66.67,4,10,8,1,62,55.36,20,224,318,541,153.7,4,0,700,14,5,0,Omenuke Mfulu,Deportivo de A Coruña,552668,2832
4,0,0.0,33,1,25.0,59,17,76,60.8,46,54.12,39,24,0,0,0,0,12,0,6,3,0,6,22,0,0,9,0,80,0,0,,,29,0,11.76,0,2,2,9,8,1,2,0,,20,32.79,1,0,0,49,0,8,0,7,734,10,,0,0,1,0,100.0,0,1,0,0,105,2,0,6.68,0,1,0,0,0,0,0,0,367.0,0.0,0,15,2,9,5,4,40.0,0,7,5,71.43,8,5,10,5,66,45.21,4,108,22,125,147.0,17,0,257,9,6,0,Jordy Caicedo,Sporting Gijón,804770,2852
4,6,17.14,52,5,35.71,95,39,128,69.57,13,50.0,13,22,0,0,0,0,36,0,1,3,0,9,22,0,0,6,10,65,0,0,,,14,0,6.25,0,1,1,11,10,1,1,0,,49,48.51,0,0,0,56,7,8,0,10,842,2,,0,0,0,0,0.0,0,0,0,0,140,7,0,6.68,0,1,0,0,0,0,0,0,842.0,0.0,0,12,4,9,4,11,31.43,0,16,9,56.25,8,13,35,35,62,48.82,14,172,47,184,147.0,16,1,395,24,1,0,Jose Antonio de la Rosa,Cádiz,1489420,4488
2,1,33.33,11,3,75.0,23,12,34,51.52,27,50.94,26,11,1,0,0,0,8,1,6,5,0,3,10,0,0,7,1,49,0,0,,,14,0,5.0,0,1,2,6,6,0,1,0,,13,36.11,1,0,1,32,0,3,0,5,459,4,,0,0,0,0,0.0,0,0,0,0,59,2,0,6.68,0,0,0,0,0,0,0,0,459.0,0.0,0,17,3,11,4,1,33.33,0,1,1,100.0,3,2,3,3,40,44.94,4,53,16,66,66.8,20,0,149,12,2,0,Sekou Gassama,CD Eldense,796088,47321
8,0,0.0,5,10,35.71,24,66,90,78.26,5,55.56,4,5,0,0,0,0,13,0,0,0,0,22,5,0,0,1,4,13,0,0,,,4,0,0.0,0,0,0,8,6,2,0,0,,16,64.0,0,0,0,25,7,0,0,4,345,0,,0,0,0,0,0.0,0,0,0,0,27,0,0,6.68,0,0,0,0,0,0,0,0,0.0,0.0,0,0,0,0,0,0,0.0,0,15,3,20.0,0,14,0,0,21,61.76,28,36,79,115,33.4,0,0,174,1,3,0,Jesús Hernández,FC Cartagena,1937399,24329
1,0,0.0,3,0,0.0,5,10,15,71.43,2,40.0,3,6,0,0,0,0,7,1,0,0,0,0,5,0,0,3,0,9,0,0,,,3,0,0.0,0,0,0,5,5,0,0,0,,8,57.14,0,0,0,6,0,1,0,1,142,0,,0,0,0,0,0.0,0,0,0,0,19,2,0,6.68,0,0,0,0,0,0,0,0,0.0,0.0,0,2,1,3,0,0,0.0,0,4,3,75.0,1,1,0,0,10,52.63,1,9,12,21,33.4,3,0,51,4,0,0,Jorge Padilla,CD Tenerife,1007853,2822
5,1,16.67,44,7,43.75,88,42,129,65.15,29,43.28,38,19,0,0,0,1,24,1,6,2,0,8,19,0,0,12,5,88,0,0,,,17,0,27.27,0,6,6,26,18,8,6,0,,29,36.71,1,0,1,69,1,5,1,13,1121,13,,0,0,2,0,50.0,0,1,0,1,135,4,0,6.68,0,4,0,0,0,0,0,0,186.83,0.0,0,19,3,9,11,5,23.81,0,7,3,42.86,5,10,21,6,58,39.73,16,149,55,198,126.9,22,0,355,18,0,0,Álex Millán,FC Cartagena,1010550,24329
1,0,0.0,39,2,66.67,66,13,79,70.54,8,25.0,24,14,1,0,0,0,10,2,4,4,0,3,14,0,1,15,3,73,0,0,,,18,0,26.67,0,4,5,10,8,2,4,0,,21,30.0,1,0,1,33,1,7,0,8,676,10,,0,1,2,0,100.0,0,2,0,1,93,2,0,6.68,1,3,0,0,0,0,0,0,169.0,0.0,0,13,2,2,9,8,33.33,0,3,2,66.67,6,3,24,2,29,28.43,3,98,16,112,93.5,15,0,235,10,1,0,Dani Gómez,Real Zaragoza,888930,2815
2,0,0.0,102,5,83.33,176,91,267,65.6,70,40.46,103,41,0,0,0,0,51,2,7,11,1,6,41,0,0,50,5,210,0,0,,,28,0,6.25,0,3,3,18,16,2,3,0,,73,40.56,0,0,0,140,7,8,0,20,1913,10,,0,0,0,0,0.0,0,0,0,3,318,10,0,6.68,0,3,0,0,0,0,0,0,637.67,0.0,0,42,6,23,14,17,38.64,0,10,6,60.0,8,10,44,5,143,40.51,6,300,112,407,273.8,48,0,792,46,5,0,Eduardo Espiau,Burgos Club de Fútbol,943253,2854
8,0,0.0,42,13,52.0,122,102,224,79.72,21,52.5,19,19,0,0,0,0,28,0,0,2,1,19,17,0,0,4,5,51,0,2,,,20,0,40.0,0,2,2,8,6,2,2,0,,24,42.86,0,0,0,57,7,1,0,9,795,0,,0,0,0,0,0.0,0,0,0,0,84,1,0,6.68,0,2,0,0,0,0,0,0,397.5,0.0,0,3,2,0,3,1,20.0,0,12,9,75.0,1,16,5,0,45,46.88,25,164,117,281,113.5,5,0,406,14,5,0,Marcelo Expósito,Burgos Club de Fútbol,1142095,2854
0,2,28.57,51,0,0.0,79,17,94,76.42,7,70.0,3,19,0,0,0,0,17,2,4,1,0,6,16,0,0,13,0,28,0,0,,,3,0,7.69,0,1,1,1,1,0,1,0,,20,44.44,0,0,1,29,1,8,0,3,479,3,,0,0,0,0,0.0,0,0,0,0,71,5,0,6.68,0,1,0,0,0,0,0,0,479.0,0.0,0,10,3,7,5,4,30.77,0,9,4,44.44,8,0,13,7,27,49.09,2,110,20,123,106.8,13,0,235,7,1,0,Lago Júnior,Real Racing Club,50730,2835
30,2,13.33,111,51,38.93,233,265,496,73.92,17,53.13,15,20,0,0,0,0,68,1,2,3,0,63,20,0,1,4,14,55,1,0,,,21,0,11.11,0,1,1,30,26,4,1,0,,50,55.56,0,0,0,175,28,10,1,15,1317,0,,0,0,0,0,0.0,0,0,0,0,233,4,0,6.68,1,0,0,0,0,0,0,0,1317.0,0.0,0,8,1,3,3,5,62.5,0,33,24,72.73,10,56,8,15,67,54.92,131,383,303,671,133.5,9,0,997,12,4,0,Enrique Clemente,Real Zaragoza,992504,2815
12,6,42.86,59,11,50.0,105,53,152,84.44,3,75.0,1,15,0,0,0,0,10,0,0,5,0,2,12,0,0,5,3,15,0,0,,,5,0,0.0,0,0,0,5,4,1,0,0,,9,39.13,0,0,0,28,1,5,0,1,248,0,,0,0,0,0,0.0,0,0,0,0,52,1,0,6.68,0,0,0,0,0,0,0,0,0.0,0.0,1,4,8,3,4,1,50.0,0,4,3,75.0,5,20,2,14,12,44.44,22,133,61,180,80.1,12,0,244,4,0,0,Hugo Rama,Deportivo de A Coruña,914200,2832
3,3,15.0,55,11,45.83,130,130,257,85.1,12,57.14,9,16,0,0,0,0,25,1,1,5,0,11,16,0,0,10,2,38,0,0,,,11,0,0.0,0,0,0,6,6,0,0,0,,25,46.3,0,0,0,45,5,11,0,7,624,0,,0,0,0,0,0.0,0,0,0,0,86,1,0,6.68,0,0,0,0,0,0,0,0,0.0,0.0,0,4,4,2,1,5,45.45,0,12,6,50.0,11,7,11,20,37,49.33,24,182,140,302,106.8,8,0,418,9,2,0,Javi Martínez,Eibar,913732,2839
1,1,12.5,30,1,25.0,39,15,53,69.74,2,33.33,4,15,0,0,0,0,18,0,0,1,0,4,11,0,0,7,3,26,0,0,,,7,0,0.0,0,0,0,4,4,0,0,0,,21,48.84,0,0,0,23,2,2,0,2,236,0,,0,0,0,0,0.0,0,0,0,0,54,1,0,6.67,0,0,0,0,0,0,0,0,0.0,0.0,0,1,1,1,0,10,66.67,0,6,4,66.67,2,5,15,8,23,46.94,4,64,20,76,73.4,2,0,159,5,0,0,Juan Gauto,Deportivo de A Coruña,1018426,2832
0,0,0.0,28,3,27.27,44,28,72,72.73,15,51.72,14,14,1,0,0,0,12,1,2,3,0,9,14,0,0,9,1,31,0,0,,,4,0,8.33,0,1,2,5,4,1,1,0,,8,32.0,0,0,1,27,2,5,1,1,310,3,,0,0,0,0,0.0,0,0,0,0,53,1,0,6.67,0,0,0,0,0,0,0,0,310.0,0.0,0,11,1,5,4,3,42.86,0,1,1,100.0,5,6,7,1,23,42.59,11,66,34,99,93.4,12,0,167,4,1,0,Adrián Butzke,Mirandés,991292,35092
2,0,0.0,18,4,21.05,39,43,82,69.49,8,47.06,9,7,0,0,0,0,7,0,0,1,2,23,7,0,0,2,3,22,0,0,,,4,0,0.0,1,0,0,4,4,0,0,0,,8,38.1,0,0,0,36,7,0,0,4,372,0,,0,0,0,0,0.0,0,0,0,0,65,1,0,6.67,0,0,0,0,0,0,0,0,0.0,0.0,0,2,0,1,0,1,20.0,0,4,4,100.0,0,5,5,3,16,42.11,19,68,53,118,46.7,2,0,233,3,1,0,Nemanja Tošić,Deportivo de A Coruña,926607,2832
19,0,0.0,47,43,39.09,139,377,516,80.88,43,66.15,22,21,0,0,0,0,39,0,0,2,2,94,21,0,0,1,11,50,1,1,,,14,0,0.0,6,0,0,34,29,5,0,0,,23,45.1,0,0,1,122,19,3,0,19,1620,2,,0,0,0,0,0.0,0,0,0,0,137,1,0,6.67,0,0,0,0,0,0,0,0,0.0,0.0,0,11,0,6,3,1,33.33,0,20,12,60.0,3,44,3,2,66,56.9,110,226,414,638,140.1,11,0,845,2,2,0,Nikola Šipčić,FC Cartagena,844948,24329
6,0,0.0,59,6,27.27,134,95,229,80.35,10,37.04,17,19,0,0,0,0,41,0,0,4,0,12,17,0,0,9,4,54,0,0,,,14,0,18.18,0,2,2,7,6,1,2,0,,27,42.19,1,0,0,56,4,3,0,6,660,0,,0,0,0,0,0.0,0,0,0,0,95,5,0,6.67,0,1,0,0,0,0,0,0,330.0,0.0,0,10,1,3,4,4,28.57,0,12,6,50.0,3,17,14,8,37,40.66,22,181,112,285,113.4,11,0,406,11,2,0,Carlos Dotor,Sporting Gijón,997221,2852
2,2,50.0,50,5,55.56,89,41,128,70.72,13,25.0,39,28,2,0,0,1,26,2,4,3,2,4,27,0,0,7,10,72,0,0,,,9,0,9.09,0,2,4,14,11,3,2,0,,28,45.9,0,0,0,53,5,14,1,11,1061,1,,0,0,1,0,0.0,0,0,0,0,98,5,0,6.67,0,1,0,0,0,0,0,0,530.5,0.0,0,19,3,9,10,7,46.67,0,7,3,42.86,14,7,15,4,41,36.28,9,134,51,181,180.1,22,0,323,14,2,0,Shon Weissman,Granada,790817,33779
0,2,40.0,18,1,33.33,36,31,65,73.03,23,37.1,39,20,0,0,0,0,12,0,3,3,0,2,19,0,0,23,2,88,0,0,,,11,0,6.9,0,2,2,15,12,3,2,0,,33,40.24,0,0,0,24,0,6,1,10,852,5,,0,0,1,0,100.0,0,1,0,1,98,1,0,6.67,0,1,0,0,0,0,0,0,426.0,0.0,0,26,3,15,11,7,35.0,0,1,0,0.0,6,2,20,5,56,38.89,3,61,33,89,126.7,29,0,258,25,0,0,Masca,CD Eldense,1473201,47321
21,2,40.0,71,35,41.67,166,243,407,81.4,13,48.15,14,23,2,0,0,0,42,2,1,0,0,56,22,0,1,2,8,38,0,0,,,13,0,20.0,2,1,3,12,8,4,1,0,,28,53.85,0,0,0,93,18,3,0,11,1057,0,,0,0,0,0,0.0,0,0,0,0,112,2,0,6.67,1,1,0,0,0,0,0,0,1057.0,0.0,0,3,2,3,2,2,66.67,0,17,7,41.18,3,36,3,5,41,51.9,84,234,271,500,146.7,5,1,657,9,4,0,Diego González,Huesca,1010352,24265
17,0,0.0,63,39,28.47,270,534,804,81.96,63,62.38,38,27,0,0,0,0,45,1,0,1,6,141,25,0,1,0,3,59,1,1,,,20,0,0.0,7,0,0,27,24,3,0,0,,41,66.13,0,0,0,177,17,4,0,22,1861,0,,1,0,0,2,0.0,0,0,0,0,183,0,0,6.67,2,0,0,0,0,0,0,0,0.0,0.0,1,7,1,5,2,1,50.0,0,28,17,60.71,4,54,2,0,104,63.8,137,391,590,981,166.7,8,0,1238,13,1,1,Manu Hernando,Real Racing Club,851268,2835
2,0,0.0,1,1,33.33,4,3,7,50.0,2,66.67,1,3,0,0,0,0,0,0,0,0,0,5,3,0,0,0,0,3,0,0,,,2,0,0.0,0,0,0,0,0,0,0,0,,2,50.0,0,0,0,7,2,0,0,0,50,0,,0,0,0,0,0.0,0,0,0,0,11,0,0,6.67,0,0,0,0,0,0,0,0,0.0,0.0,0,0,0,0,0,1,100.0,0,1,0,0.0,0,2,1,0,4,57.14,3,9,5,14,20.0,0,0,27,0,0,0,Marco Carrascal,Real Racing Club,1892530,2835
16,1,100.0,23,21,70.0,80,168,247,90.81,12,48.0,13,9,0,0,0,0,17,1,0,0,0,25,9,0,0,0,9,29,0,0,,,4,0,0.0,1,0,0,11,10,1,0,0,,12,42.86,0,0,0,25,5,2,0,7,488,0,,0,0,0,1,0.0,0,0,0,0,42,0,0,6.67,0,0,0,0,0,0,0,0,0.0,0.0,0,1,1,2,0,0,0.0,0,9,7,77.78,2,24,3,1,24,45.28,30,96,177,272,60.0,2,0,353,3,2,0,Juan Escobar,CD Castellón,805132,5067
12,4,44.44,26,23,56.1,49,61,106,73.1,3,37.5,5,12,0,0,0,0,14,0,0,1,0,11,12,0,0,0,1,10,0,0,,,4,0,0.0,0,0,0,9,9,0,0,0,,16,76.19,0,0,1,39,1,5,0,4,421,0,,0,0,0,0,0.0,0,0,0,0,59,0,0,6.67,0,0,0,0,0,0,0,0,0.0,0.0,0,3,1,1,2,2,66.67,0,9,7,77.78,5,26,3,9,19,65.52,41,85,69,145,80.0,4,0,258,5,2,0,Raúl Parra,CD Eldense,1069725,47321
8,0,0.0,135,10,25.0,279,234,513,81.95,30,60.0,20,27,0,0,0,0,62,0,1,3,0,29,27,0,0,8,11,72,0,0,,,32,0,0.0,0,0,0,14,14,0,0,0,,47,47.47,0,0,1,113,8,5,0,9,1158,1,,0,0,0,0,0.0,0,0,0,0,160,3,0,6.67,0,0,0,0,0,0,0,0,0.0,0.0,0,4,8,8,1,7,63.64,0,26,12,46.15,5,18,11,5,77,51.68,40,368,263,626,180.0,12,0,822,15,7,0,Maguette Gueye,Real Racing Club,1383421,2835
19,20,31.25,71,33,36.67,161,147,288,72.36,8,50.0,8,17,1,0,0,0,46,2,0,2,3,39,17,0,0,5,6,24,0,0,,,1,0,0.0,0,0,1,19,17,2,0,0,,16,50.0,0,0,0,110,10,14,0,11,1078,0,,0,0,0,0,0.0,0,0,0,0,193,1,0,6.66,0,0,0,0,0,0,0,0,0.0,0.0,2,1,4,3,0,1,20.0,0,10,5,50.0,14,50,5,64,24,50.0,90,291,171,398,113.3,5,0,683,5,1,0,José Antonio Ríos,FC Cartagena,255995,24329
0,2,28.57,45,0,0.0,100,37,135,71.81,17,53.13,15,17,1,0,0,0,23,1,0,3,0,5,16,0,1,11,7,49,0,0,,,6,0,0.0,0,0,1,13,10,3,0,0,,42,55.26,0,0,0,53,4,7,0,7,654,2,,0,1,0,0,0.0,0,0,0,0,105,3,0,6.66,1,0,0,0,0,0,0,0,0.0,0.0,0,5,2,2,2,4,28.57,0,22,15,68.18,6,4,14,7,59,54.63,1,144,51,188,106.6,7,0,331,16,3,0,Kamil Jóźwiak,Granada,814820,33779
8,2,28.57,64,17,73.91,140,106,244,90.04,4,44.44,5,21,0,0,0,0,42,1,1,6,0,1,21,0,0,13,7,47,0,0,,,16,0,0.0,0,0,0,16,16,0,0,0,,47,52.81,0,0,0,27,5,4,0,2,559,0,,0,0,0,0,0.0,0,0,0,0,64,3,0,6.66,0,0,0,0,0,0,0,0,0.0,0.0,0,3,9,4,2,9,56.25,0,21,13,61.9,4,18,16,7,51,52.04,23,166,112,271,139.9,12,0,408,18,2,0,Teto Martín,CD Tenerife,1166489,2822
12,0,0.0,23,15,55.56,75,108,183,84.33,18,62.07,11,13,0,0,0,0,29,0,0,2,0,21,13,0,0,5,4,33,0,2,,,12,0,12.5,0,1,1,10,9,1,1,0,,15,40.54,1,0,0,34,5,1,0,2,437,0,,0,0,0,0,0.0,0,0,0,0,44,1,0,6.66,0,0,0,0,0,0,0,0,437.0,0.0,0,7,1,4,2,1,50.0,0,10,5,50.0,1,22,2,2,33,50.0,27,101,118,217,86.6,8,0,302,4,2,0,Youness Lachhab,CD Eldense,966384,47321
11,7,30.43,82,12,57.14,149,87,229,81.49,8,38.1,13,21,1,0,0,0,39,0,0,4,0,4,20,0,0,11,8,61,0,0,,,13,0,11.11,0,1,2,3,3,0,1,0,,20,29.41,0,0,0,52,5,13,0,3,591,1,,0,1,0,0,0.0,0,0,0,0,118,4,0,6.66,0,1,0,0,0,0,0,0,591.0,0.0,0,4,5,2,3,5,22.73,0,9,6,66.67,12,16,22,23,28,31.46,21,204,100,281,133.2,9,0,413,6,4,0,Álex Cardero,Real Oviedo,1085265,2851
16,0,0.0,19,24,39.34,61,185,246,78.1,9,52.94,8,10,0,0,0,0,24,0,0,0,0,19,10,0,0,2,7,34,0,0,,,13,0,0.0,0,0,0,6,5,1,0,0,,32,55.17,0,0,0,69,14,0,0,9,586,0,,0,0,0,0,0.0,0,0,0,0,85,0,0,6.66,0,0,0,0,0,0,0,0,0.0,0.0,0,2,1,2,1,0,0.0,0,21,12,57.14,0,35,4,2,41,54.67,61,114,203,315,66.6,3,0,417,12,2,0,Eric Curbelo,Sporting Gijón,868227,2852
20,2,50.0,35,17,47.22,69,67,134,69.79,10,50.0,10,18,0,0,0,0,39,0,0,1,0,10,17,0,0,9,6,39,0,0,,,14,0,0.0,0,0,0,8,7,1,0,0,,26,47.27,0,0,1,58,5,2,0,4,498,0,,0,0,0,0,0.0,0,0,0,0,78,5,0,6.66,0,0,0,0,0,0,0,0,0.0,0.0,0,1,11,6,5,4,80.0,0,16,12,75.0,2,34,5,4,36,48.0,36,113,83,192,113.2,12,0,289,6,1,0,Santiago Homenchenko,Mirandés,1086252,35092
10,3,17.65,69,12,75.0,123,40,160,85.11,6,40.0,9,17,1,0,0,0,21,2,0,1,0,2,14,0,0,9,11,56,0,0,,,19,0,0.0,0,0,1,14,10,4,0,0,,42,47.19,0,0,0,28,1,6,0,6,558,2,,0,0,0,0,0.0,0,0,0,0,83,1,0,6.66,0,0,0,0,0,0,0,0,0.0,0.0,0,5,1,3,2,5,35.71,0,16,10,62.5,6,15,14,17,48,46.15,16,158,47,188,93.2,6,0,315,21,2,0,Diego Gómez,Deportivo de A Coruña,1146323,2832
6,2,8.33,37,6,31.58,76,58,132,72.93,11,36.67,19,25,0,0,0,0,28,2,0,0,0,24,23,0,0,8,3,54,0,1,,,7,0,25.0,0,1,1,6,5,1,1,0,,29,45.31,0,0,0,49,10,7,0,4,604,2,,0,0,0,0,0.0,0,0,0,0,131,2,0,6.66,0,1,0,0,0,0,0,0,604.0,0.0,0,4,0,1,3,15,45.45,0,11,7,63.64,7,9,33,24,40,42.55,19,132,73,181,153.1,4,0,395,3,3,0,Nabil Touaizi,Albacete Balompié,904849,2848
2,0,0.0,10,1,100.0,15,8,23,63.89,4,30.77,9,9,0,0,0,0,8,0,2,2,0,2,9,0,0,2,1,19,0,0,,,5,0,11.11,0,1,1,2,2,0,1,0,,3,23.08,0,0,0,13,0,2,0,1,220,3,,0,0,0,0,0.0,0,0,0,0,26,3,0,6.66,0,1,0,0,0,0,0,0,220.0,0.0,0,8,1,4,3,0,0.0,0,1,0,0.0,2,2,2,2,7,26.92,1,27,11,36,59.9,9,0,71,2,0,0,Francisco Mwepu,Cádiz,1064299,4488
10,0,0.0,93,12,46.15,182,161,343,84.48,12,54.55,10,18,1,0,0,0,39,0,0,2,0,8,18,0,0,7,8,39,0,1,,,14,0,0.0,0,0,1,11,10,1,0,0,,27,48.21,0,0,0,63,7,3,0,7,746,1,,0,0,0,0,0.0,0,0,0,0,91,3,0,6.66,0,0,0,0,0,0,0,0,0.0,0.0,0,2,1,1,0,2,66.67,0,18,8,44.44,3,19,3,2,39,50.0,26,233,175,406,119.8,3,0,504,7,3,0,Víctor Meseguer,Real Racing Club,1010335,2835
7,2,33.33,68,13,39.39,166,235,399,90.68,8,47.06,9,19,1,0,0,0,19,1,2,4,2,17,18,0,0,0,4,25,0,1,,,13,0,0.0,1,0,1,9,7,2,0,0,,16,50.0,0,0,0,41,7,4,0,5,663,0,,0,0,0,0,0.0,0,0,0,0,52,1,0,6.66,0,0,0,0,0,0,0,0,0.0,0.0,1,5,3,2,2,1,100.0,0,14,4,28.57,4,14,1,6,24,48.98,33,200,246,440,119.8,8,0,538,1,1,0,Mario Gaspar,Elche,48751,2846
4,12,17.91,118,4,21.05,232,132,352,73.64,20,28.99,49,40,3,0,0,0,110,4,1,22,5,28,40,0,0,44,24,205,0,0,,,34,0,4.0,0,2,5,50,44,6,1,1,,125,44.48,0,0,2,126,13,19,0,36,2939,5,,0,0,0,0,0.0,0,0,0,0,392,21,0,6.66,0,2,0,0,0,0,0,0,1469.5,0.0,0,32,18,18,10,34,38.64,0,43,29,67.44,19,12,88,67,145,41.43,19,389,156,478,266.2,50,1,1095,48,2,0,Josué Dorrio,Racing de Ferrol,867780,2843
7,11,18.97,33,6,40.0,88,56,133,76.44,6,50.0,6,14,0,0,0,0,35,0,0,7,0,1,13,0,0,14,5,48,0,0,,,5,0,0.0,0,0,0,18,16,2,0,0,,43,50.59,0,0,0,41,0,8,0,10,831,9,,0,0,0,0,0.0,0,0,0,0,158,7,0,6.65,0,0,0,0,0,0,0,0,0.0,0.0,9,5,19,10,7,26,59.09,0,7,4,57.14,8,15,44,58,49,50.52,15,171,61,174,86.5,24,0,397,10,0,0,Bebé,Racing de Ferrol,124950,2843
7,6,37.5,71,9,52.94,115,58,167,70.17,0,0.0,8,15,1,0,0,0,30,3,0,0,0,2,15,0,0,9,6,40,0,1,,,8,0,33.33,0,1,2,16,16,0,0,1,,19,37.25,0,0,0,71,4,15,1,7,718,2,,0,0,0,0,0.0,0,0,0,0,120,4,0,6.65,0,0,0,0,0,0,0,0,718.0,0.0,0,0,3,1,2,4,28.57,0,9,8,88.89,15,25,14,16,19,32.2,17,186,68,238,99.8,3,0,343,6,1,0,Fede Vico,CD Eldense,146218,47321
6,1,9.09,49,5,62.5,80,30,109,81.95,6,54.55,5,15,1,0,0,0,19,3,0,4,0,2,15,0,0,7,4,31,0,0,,,7,0,0.0,0,0,1,8,5,3,0,0,,20,43.48,0,0,0,24,2,5,0,3,433,1,,0,0,0,0,0.0,0,0,0,0,70,3,0,6.65,0,0,0,0,0,0,0,0,0.0,0.0,0,8,5,4,5,7,41.18,0,7,5,71.43,5,11,17,11,26,45.61,8,111,33,133,99.8,13,0,235,6,2,0,Lázaro,Almería,1002556,2858
6,11,22.45,126,19,45.24,242,164,395,78.84,4,33.33,8,28,2,0,0,0,68,1,0,1,1,18,28,0,0,23,21,84,0,0,,,10,0,14.29,0,1,3,23,20,3,0,1,,72,48.65,0,0,0,106,15,15,1,17,1529,3,,0,0,0,0,0.0,0,0,0,0,244,1,0,6.65,0,0,0,0,0,0,0,0,1529.0,0.0,0,2,5,5,1,27,54.0,0,27,16,59.26,15,31,50,49,76,47.5,42,357,193,501,186.2,7,0,862,19,2,0,Jairo Izquierdo,Elche,602164,2846
24,8,14.55,111,43,39.09,261,294,547,74.73,29,46.77,33,28,0,0,0,0,74,1,1,1,7,80,28,0,1,9,22,112,0,1,,,35,0,11.11,0,1,1,36,34,2,1,0,,87,52.41,0,0,0,185,18,11,0,25,2177,0,,0,0,0,1,0.0,0,0,0,0,346,2,0,6.65,1,1,0,0,0,0,0,0,2177.0,0.0,0,8,1,3,5,11,44.0,0,57,30,52.63,11,57,25,55,116,50.88,110,439,348,732,186.2,9,0,1342,22,2,0,Aitor Buñuel,Racing de Ferrol,795726,2843
50,9,32.14,101,77,45.56,253,364,608,77.35,37,56.06,29,30,2,0,0,0,58,3,1,7,2,54,30,0,0,10,6,72,1,1,,,23,0,0.0,26,0,2,33,28,5,0,0,,37,46.25,0,0,0,178,17,14,0,22,1858,1,,0,0,0,0,0.0,0,0,0,0,235,1,0,6.65,1,0,0,0,0,0,0,0,0.0,0.0,1,7,11,8,3,4,40.0,0,18,9,50.0,14,97,10,28,74,50.68,169,405,409,786,199.5,18,1,1044,18,9,1,David Timor,CD Eldense,47625,47321
0,0,0.0,0,0,0.0,3,1,4,44.44,1,33.33,2,5,1,0,0,0,2,1,1,1,0,0,4,0,0,2,0,5,0,0,,,1,0,0.0,0,0,1,0,0,0,0,0,,0,0.0,0,0,0,5,0,1,0,0,51,0,,0,0,0,0,0.0,0,0,0,0,9,0,0,6.65,0,0,0,0,0,0,0,0,0.0,0.0,0,2,0,1,0,0,0.0,0,0,0,0.0,1,1,0,0,1,16.67,0,7,2,9,26.6,2,0,18,0,0,0,Slavy,Eibar,1014740,2839
1,0,0.0,2,14,33.33,6,74,80,74.07,1,100.0,0,4,0,0,0,0,34,0,0,0,0,2,4,0,0,0,0,0,0,0,,,0,0,0.0,14,0,0,7,7,0,0,0,,0,0.0,0,2,0,28,0,0,0,4,360,0,,0,0,0,0,0.0,2,0,0,0,32,0,2,6.65,0,0,2,6,2,8,0,0,0.0,0.0,0,0,0,0,0,0,0.0,2,0,0,0.0,0,2,0,0,1,100.0,42,32,76,108,26.6,0,0,145,0,1,0,Marc Martínez,Granada,232548,33779
2,4,30.77,25,3,42.86,47,27,70,83.33,0,0.0,7,8,0,0,0,0,16,0,0,2,0,2,6,0,0,5,7,33,0,0,,,9,0,0.0,0,0,0,2,2,0,0,0,,17,39.53,0,0,0,14,4,4,0,3,273,0,,0,0,0,0,0.0,0,0,0,0,40,2,0,6.65,0,0,0,0,0,0,0,0,0.0,0.0,1,2,1,1,0,3,37.5,0,10,6,60.0,4,7,8,13,17,34.0,7,70,27,84,39.9,3,0,149,4,1,0,Sergio Bermejo,Real Zaragoza,949449,2815
7,6,20.69,57,7,25.93,105,72,171,74.03,7,41.18,10,16,0,0,0,0,22,1,0,0,0,22,14,0,0,4,6,30,0,0,,,5,0,0.0,0,0,0,9,9,0,0,0,,13,39.39,0,0,0,60,10,10,0,8,649,0,,0,0,0,0,0.0,0,0,0,0,122,2,0,6.65,0,0,0,0,0,0,0,0,0.0,0.0,0,0,0,0,0,2,28.57,0,8,3,37.5,10,28,7,29,20,40.0,27,174,86,231,93.1,0,0,426,3,0,0,Xavi Grande,Levante UD,1464651,2849
2,2,40.0,36,0,0.0,58,22,78,61.42,27,43.55,35,28,1,0,0,0,11,1,4,6,0,3,27,0,0,12,4,65,0,0,,,7,0,13.04,0,3,4,9,6,3,3,0,,11,26.83,2,0,0,49,1,6,1,2,615,1,,0,0,0,0,0.0,0,0,0,0,94,2,0,6.65,0,0,0,0,0,0,0,0,205.0,0.0,0,17,6,9,8,1,12.5,0,4,3,75.0,6,4,8,5,38,36.89,2,102,30,127,179.5,23,0,243,7,1,0,Daniel Paraschiv,Real Oviedo,1092984,2851
23,11,21.57,113,40,35.71,210,153,352,69.7,15,42.86,20,28,1,0,0,0,89,3,1,2,4,52,28,0,0,12,20,96,1,0,,,21,0,6.25,0,1,2,22,18,4,0,1,,65,46.1,0,0,0,153,15,10,1,14,1551,2,,0,0,0,1,0.0,0,0,0,0,318,4,0,6.65,0,0,0,0,0,0,0,0,1551.0,0.0,0,3,13,10,4,16,41.03,0,39,21,53.85,10,53,39,51,80,45.45,112,356,200,505,186.1,16,1,997,10,4,0,Juan María Alcedo,Albacete Balompié,1085242,2848
9,0,0.0,26,19,61.29,85,137,222,81.32,11,34.38,21,19,0,0,0,0,18,0,1,0,1,26,18,0,1,2,7,41,0,0,,,12,0,33.33,0,1,1,12,10,2,1,0,,21,51.22,0,0,0,51,17,3,1,8,712,0,,0,0,0,0,0.0,0,0,0,0,58,0,0,6.64,1,0,0,0,0,0,0,0,712.0,0.0,0,3,0,1,2,0,0.0,0,18,12,66.67,3,17,0,1,32,43.84,31,120,154,273,119.6,3,0,376,3,4,0,Rai Marchán,Albacete Balompié,964610,2848
10,6,14.29,71,16,47.06,135,82,211,69.41,6,22.22,21,28,0,0,0,0,50,1,0,8,2,20,28,0,0,17,13,74,1,0,,,16,0,4.55,0,1,1,25,21,4,0,1,,37,41.11,0,0,1,93,12,10,0,13,1318,2,,0,0,0,0,0.0,0,0,0,0,186,4,0,6.64,0,1,0,0,0,0,0,0,1318.0,0.0,0,13,9,11,3,11,57.89,0,16,9,56.25,10,17,19,42,43,36.75,34,239,107,304,186.0,22,0,568,10,3,0,Nacho Sánchez,Racing de Ferrol,809148,2843
0,0,0.0,36,0,0.0,57,14,71,85.54,2,66.67,1,7,0,0,0,0,5,0,0,0,0,0,7,0,0,5,0,13,0,0,,,4,0,0.0,0,0,0,4,4,0,0,0,,13,52.0,0,0,0,12,2,3,0,1,168,0,,0,0,0,0,0.0,0,0,0,0,25,2,0,6.64,0,0,0,0,0,0,0,0,0.0,0.0,0,0,0,0,0,3,50.0,0,3,1,33.33,3,1,6,1,15,53.57,0,68,16,83,46.5,0,0,118,7,0,0,Jeremy Arevalo,Real Racing Club,1464642,2835
21,15,29.41,174,28,43.08,361,379,725,87.24,25,45.45,30,39,0,0,0,0,77,1,0,1,0,69,38,0,0,11,16,93,0,0,,,28,0,0.0,0,0,0,26,21,5,0,0,,43,40.57,0,0,0,106,18,17,0,14,1773,8,,0,1,0,1,0.0,0,0,0,0,214,3,0,6.64,0,0,0,0,0,0,0,0,0.0,0.0,0,2,2,3,0,7,46.67,0,31,19,61.29,16,34,15,51,68,42.24,65,464,418,831,252.4,4,0,1252,6,5,0,Toni Abad,Huesca,1010413,24265
15,1,20.0,50,15,55.56,123,126,248,87.02,5,38.46,8,12,0,0,0,0,24,1,0,2,0,7,12,0,0,4,3,23,0,0,,,7,0,0.0,0,0,0,6,6,0,0,0,,10,40.0,0,0,0,37,3,2,0,7,500,0,,0,0,0,0,0.0,0,0,0,0,54,1,0,6.64,0,0,0,0,0,0,0,0,0.0,0.0,0,1,2,1,0,1,33.33,0,6,3,50.0,2,23,3,5,15,39.47,27,155,135,285,79.7,3,0,344,3,0,0,Gerard Hernández,Elche,1153273,2846
0,0,0.0,3,0,0.0,10,15,25,75.76,3,42.86,4,5,0,0,0,0,5,0,0,1,0,6,5,0,0,0,3,8,0,0,,,0,0,0.0,0,0,0,0,0,0,0,0,,10,71.43,0,0,0,8,2,0,0,0,133,0,,0,0,0,0,0.0,0,0,0,0,10,0,0,6.64,0,0,0,0,0,0,0,0,0.0,0.0,0,0,3,1,1,2,66.67,0,5,1,20.0,0,5,3,0,13,61.9,4,16,17,33,33.2,3,0,65,3,0,0,Carmelo Sánchez,FC Cartagena,1591549,24329
9,5,14.71,109,13,38.24,169,125,289,70.15,54,40.91,78,38,1,0,0,0,75,5,6,8,0,21,38,0,0,38,8,193,0,0,,,47,0,2.78,0,1,2,39,35,4,1,0,,77,40.1,0,0,1,123,7,27,0,26,2302,6,,0,0,0,0,0.0,0,0,0,0,287,14,0,6.64,0,1,0,0,0,0,0,0,2302.0,0.0,0,28,8,23,5,13,32.5,0,26,15,57.69,27,25,40,34,131,40.43,34,301,145,412,252.3,36,0,797,43,5,0,Nacho Quintana,CD Eldense,997101,47321
4,3,18.75,48,16,55.17,97,112,206,82.4,4,26.67,11,16,2,0,0,0,38,1,0,2,1,14,16,0,0,5,16,54,0,2,,,16,0,20.0,0,1,3,12,8,4,1,0,,33,43.42,0,0,1,44,6,7,1,8,790,1,,0,0,0,0,0.0,0,0,0,0,115,1,0,6.64,0,0,0,0,0,0,0,0,790.0,0.0,0,3,2,1,2,4,40.0,0,24,15,62.5,7,11,10,16,37,40.66,29,129,137,250,106.2,5,0,474,5,3,0,Lucas Ahijado,Real Oviedo,597876,2851
20,6,50.0,82,23,54.76,178,115,287,78.85,16,48.48,17,21,1,0,0,0,41,0,1,1,0,19,19,0,0,8,10,55,0,1,,,17,0,0.0,0,0,1,13,11,2,0,0,,25,39.68,0,0,0,77,8,8,0,8,761,3,,0,0,0,0,0.0,0,0,0,0,111,2,0,6.64,0,0,0,0,0,0,0,0,0.0,0.0,0,4,9,7,5,2,40.0,0,12,8,66.67,8,37,5,12,41,42.71,42,244,132,364,126.1,13,0,505,12,6,0,Genaro Rodriguez,Córdoba,851231,2850
2,2,11.76,40,1,33.33,73,23,94,73.44,7,43.75,9,16,0,0,0,0,24,1,2,4,0,2,16,0,0,8,4,42,0,0,,,9,0,0.0,0,0,0,14,13,1,0,0,,54,62.07,0,0,0,34,2,8,0,6,622,0,,0,0,0,0,0.0,0,0,0,0,98,5,0,6.63,0,0,0,0,0,0,0,0,0.0,0.0,1,7,2,4,1,8,38.1,0,14,8,57.14,8,9,21,17,61,59.22,3,118,27,128,106.1,9,0,289,32,1,0,Rober González,Real Racing Club,910022,2835
24,4,23.53,79,33,47.83,195,282,473,87.59,14,42.42,19,20,0,0,0,0,33,1,0,2,2,32,20,0,0,2,11,54,0,0,,,17,0,0.0,1,0,0,20,19,1,0,0,,30,46.15,0,0,0,67,13,4,0,10,1034,1,,0,0,0,0,0.0,0,0,0,0,120,0,0,6.63,0,0,0,0,0,0,0,0,0.0,0.0,0,2,3,3,0,4,44.44,0,19,13,68.42,4,43,9,17,44,44.9,69,261,296,540,132.6,5,0,778,7,3,0,Salva Ruiz,CD Castellón,138388,5067
17,0,0.0,104,16,55.17,209,167,376,82.46,22,68.75,10,19,0,0,0,0,44,1,2,0,0,9,18,0,1,1,10,38,1,0,,,17,0,0.0,0,0,0,14,14,0,0,0,,21,42.86,0,0,0,80,14,5,0,10,839,0,,0,0,0,0,0.0,0,0,0,0,105,0,0,6.63,1,0,0,0,0,0,0,0,0.0,0.0,0,2,0,0,2,3,75.0,0,17,12,70.59,5,23,4,4,43,53.09,29,268,192,456,119.3,2,0,567,1,1,0,Josep Calavera,CD Castellón,905007,5067
2,0,0.0,22,3,42.86,39,51,90,77.59,3,37.5,5,9,0,0,0,0,11,0,1,1,0,4,8,0,1,4,4,23,0,0,,,6,0,25.0,0,1,1,6,4,2,1,0,,17,48.57,0,0,0,26,2,1,0,2,218,0,,0,0,0,0,0.0,0,0,0,0,42,2,0,6.63,1,1,0,0,0,0,0,0,218.0,0.0,0,4,0,2,1,4,50.0,0,9,4,44.44,1,7,8,3,20,46.51,7,60,59,116,53.0,4,0,172,4,0,0,Denis Genreau,Deportivo de A Coruña,862773,2832
3,0,0.0,7,3,60.0,21,28,49,87.5,0,0.0,2,4,0,0,0,0,5,0,0,0,0,5,4,0,0,1,1,9,0,0,,,6,0,0.0,0,0,0,1,1,0,0,0,,7,50.0,0,0,0,7,3,0,0,2,120,0,,0,0,0,0,0.0,0,0,0,0,15,0,0,6.63,0,0,0,0,0,0,0,0,0.0,0.0,0,0,0,0,0,0,0.0,0,5,2,40.0,0,3,0,2,7,43.75,5,27,31,56,26.5,0,0,83,2,1,0,Gabriel Bares,Burgos Club de Fútbol,981541,2854
1,0,0.0,9,1,33.33,21,21,42,91.3,2,66.67,1,4,0,0,0,0,5,0,0,0,0,4,4,0,0,2,0,4,0,0,,,0,0,0.0,0,0,0,1,1,0,0,0,,5,62.5,0,0,0,4,0,1,0,0,109,0,,0,0,0,0,0.0,0,0,0,0,7,0,0,6.63,0,0,0,0,0,0,0,0,0.0,0.0,0,0,0,0,0,1,50.0,0,3,2,66.67,1,2,2,0,7,63.64,3,23,23,46,26.5,0,0,68,1,0,0,Santi Borikó,CD Castellón,1594446,5067
4,7,18.92,40,6,46.15,77,46,116,86.57,2,20.0,8,15,1,0,0,0,25,1,2,3,0,1,13,0,0,3,1,30,0,0,,,7,0,0.0,0,0,1,6,5,1,0,0,,17,43.59,0,0,0,18,3,7,0,5,445,1,,0,1,0,0,0.0,0,0,0,0,78,3,0,6.62,0,0,0,0,0,0,0,0,0.0,0.0,1,3,4,3,1,7,38.89,0,5,3,60.0,6,7,18,37,19,38.78,13,119,52,134,86.1,7,0,246,5,2,0,Martín Merquelanz,Eibar,353252,2839
10,5,23.81,51,8,22.22,117,97,209,67.64,16,61.54,10,18,1,0,0,0,27,0,1,2,0,34,18,0,0,3,10,38,0,0,,,9,0,0.0,0,0,1,13,11,2,0,0,,23,45.1,0,0,0,100,18,7,0,10,863,0,,0,0,0,0,0.0,0,0,0,0,151,2,0,6.62,0,0,0,0,0,0,0,0,0.0,0.0,0,3,1,0,2,5,41.67,0,13,5,38.46,7,28,12,21,39,50.65,36,203,127,309,119.2,4,0,550,5,4,0,Fernando Medrano,CD Tenerife,912980,2822
8,0,0.0,46,6,66.67,74,53,127,74.71,12,25.0,36,25,0,0,0,1,23,2,5,6,0,14,24,0,0,10,6,75,0,0,,,17,0,3.85,0,1,1,11,11,0,1,0,,31,44.29,0,0,0,43,3,8,0,12,992,13,,0,0,1,0,0.0,0,0,0,0,95,5,0,6.62,0,1,0,0,0,0,0,0,992.0,0.0,0,17,9,11,9,3,25.0,0,14,6,42.86,8,13,12,3,43,36.44,9,112,61,170,158.9,26,0,327,14,1,0,Ángel Rodríguez,CD Tenerife,52093,2822
8,7,33.33,112,8,40.0,193,104,290,72.32,29,33.33,58,36,3,0,0,0,74,4,3,5,0,8,36,0,0,36,17,179,0,0,,,37,0,0.0,0,0,3,35,33,2,0,0,,91,42.92,0,0,0,111,8,16,0,21,1788,11,,0,0,0,0,0.0,0,0,0,0,269,8,0,6.62,0,0,0,0,0,0,0,0,0.0,0.0,0,17,5,12,5,29,46.77,0,20,13,65.0,16,15,62,21,120,40.13,20,300,122,401,238.3,22,0,758,46,8,0,Dani Escriche,FC Cartagena,882586,24329
39,0,0.0,52,47,42.34,164,413,577,85.23,17,44.74,21,21,0,0,0,0,39,0,1,1,2,64,21,0,0,2,2,44,0,0,,,17,0,25.0,0,1,1,18,17,1,1,0,,29,55.77,0,0,0,100,18,2,1,15,1302,1,,0,0,0,1,0.0,0,0,0,0,126,1,0,6.62,2,0,0,0,0,0,0,0,1302.0,0.0,0,4,0,2,1,2,40.0,0,19,12,63.16,2,72,5,3,46,51.11,111,242,438,677,139.0,4,0,862,8,5,2,Álvaro Carrillo,Eibar,984620,2839
3,5,45.45,32,2,25.0,62,41,98,79.03,3,37.5,5,11,0,0,0,0,25,1,0,0,0,5,11,0,0,4,8,27,1,0,,,8,0,0.0,0,0,0,9,9,0,0,0,,9,29.03,0,0,0,26,5,7,0,3,382,1,,0,0,0,0,0.0,0,0,0,0,51,0,0,6.62,0,0,0,0,0,0,0,0,0.0,0.0,0,3,3,4,2,2,50.0,0,7,4,57.14,7,8,4,11,12,30.77,8,90,45,124,72.8,6,0,198,0,1,0,Miloš Jojić,CD Castellón,126610,5067
0,0,0.0,14,2,33.33,29,36,65,79.27,0,0.0,3,9,0,0,0,0,19,0,0,0,0,2,9,0,0,2,7,20,0,0,,,6,0,0.0,0,0,0,5,4,1,0,0,,17,50.0,0,0,0,17,5,0,0,1,267,0,,0,0,0,0,0.0,0,0,0,0,27,1,0,6.61,0,0,0,0,0,0,0,0,0.0,0.0,0,0,1,1,0,1,33.33,0,13,9,69.23,0,3,3,0,17,45.95,6,42,40,82,59.5,1,0,136,3,0,0,Íñigo Sáinz-Maza,Real Racing Club,949459,2835
1,1,16.67,10,2,100.0,19,9,27,77.14,1,25.0,3,10,0,0,0,0,10,0,0,0,0,4,9,0,2,4,4,18,0,0,,,4,0,0.0,0,0,0,1,1,0,0,0,,15,50.0,0,0,0,8,1,2,0,0,150,0,,0,0,0,0,0.0,0,0,0,0,27,2,0,6.61,2,0,0,0,0,0,0,0,0.0,0.0,0,0,1,0,1,3,42.86,0,9,8,88.89,2,2,7,6,16,47.06,2,29,12,35,59.5,1,0,87,3,0,0,Alberto Dadie,Mirandés,1170458,35092
10,1,50.0,19,28,33.73,79,222,300,76.73,25,52.08,23,17,0,0,0,0,28,1,0,0,3,59,16,0,1,1,0,33,0,1,,,9,0,0.0,1,0,0,16,16,0,0,0,,17,62.96,0,0,0,91,12,1,0,10,946,1,,0,0,0,2,0.0,0,0,0,0,97,0,0,6.61,1,0,0,0,0,0,0,0,0.0,0.0,0,2,0,2,0,3,100.0,0,10,7,70.0,1,28,3,2,42,56.0,83,136,257,391,105.7,2,0,515,4,3,0,Nacho Monsalve,CD Eldense,782296,47321
10,1,11.11,64,16,43.24,144,126,269,76.86,22,44.9,27,24,2,0,0,0,42,2,0,3,0,11,23,0,0,15,14,84,0,0,,,23,0,16.67,0,2,4,23,20,3,1,1,,24,29.63,0,0,0,81,10,6,1,13,1130,2,,0,0,0,0,0.0,0,0,0,0,126,3,0,6.6,0,1,0,0,0,0,0,0,565.0,0.0,1,2,10,6,3,2,28.57,0,12,8,66.67,6,26,7,9,46,35.38,37,215,144,350,151.8,12,0,499,11,3,0,Aitor Gelardo Vegara,Racing de Ferrol,962712,2843
3,1,50.0,18,1,50.0,32,19,50,64.1,12,37.5,20,13,0,0,0,0,17,0,1,2,0,2,13,0,0,12,3,60,0,0,,,24,0,14.29,0,1,1,6,5,1,1,0,,18,31.03,0,0,1,28,2,4,0,2,408,1,,0,0,0,0,0.0,0,0,0,0,70,4,0,6.6,0,1,0,0,0,0,0,0,408.0,0.0,0,7,0,3,2,6,75.0,0,7,5,71.43,4,4,8,2,30,33.33,2,56,24,78,85.8,7,0,164,5,3,0,Sergio Castel Martínez,Málaga CF,599076,2830
31,1,50.0,55,47,54.65,215,490,704,88.44,21,44.68,26,23,1,0,0,0,49,0,1,0,2,68,20,0,1,6,5,61,0,1,,,26,0,0.0,1,0,1,18,16,2,0,0,,27,43.55,0,0,1,92,9,4,0,15,1279,1,,0,0,0,2,0.0,0,0,0,0,112,1,0,6.6,2,0,0,0,0,0,0,0,0.0,0.0,0,1,0,0,1,5,83.33,0,18,12,66.67,4,62,6,2,48,44.04,86,277,521,796,132.0,1,0,957,4,2,1,Kaiky,Almería,1105331,2858
0,0,0.0,0,0,0.0,0,0,0,0.0,0,0.0,0,1,0,0,0,0,1,0,0,0,0,0,1,0,0,0,0,0,0,0,,,0,0,0.0,0,0,0,0,0,0,0,0,,0,0.0,0,0,0,1,1,0,0,0,8,0,,0,0,0,0,0.0,0,0,0,0,1,0,0,6.6,0,0,0,0,0,0,0,0,0.0,0.0,0,0,0,0,0,0,0.0,0,0,0,0.0,0,0,0,0,0,0.0,0,0,1,1,6.6,0,0,2,0,0,0,Omar Falah,Real Oviedo,2115056,2851
0,0,0.0,1,0,0.0,2,1,3,60.0,0,0.0,0,1,0,0,0,0,0,0,0,0,0,1,1,0,0,0,0,1,0,0,,,1,0,0.0,0,0,0,0,0,0,0,0,,0,0.0,0,0,0,2,1,0,0,0,12,0,,0,0,0,0,0.0,0,0,0,0,4,0,0,6.6,0,0,0,0,0,0,0,0,0.0,0.0,0,0,0,0,0,0,0.0,0,0,0,0.0,0,0,0,1,0,0.0,2,4,2,5,6.6,0,0,9,0,0,0,Iker Alday,Eibar,1381330,2839
0,0,0.0,1,0,0.0,3,3,6,66.67,1,100.0,0,1,0,0,0,0,1,0,0,0,0,0,1,0,0,0,0,0,0,0,,,0,0,0.0,0,0,0,0,0,0,0,0,,0,0.0,0,0,0,3,0,0,0,0,22,0,,0,0,0,0,0.0,0,0,0,0,3,0,0,6.6,0,0,0,0,0,0,0,0,0.0,0.0,0,0,0,0,0,0,0.0,0,0,0,0.0,0,0,0,0,1,100.0,0,5,4,9,6.6,0,0,10,0,0,0,Iker Punzano,CD Castellón,1533915,5067
0,0,0.0,6,0,0.0,9,9,18,64.29,0,0.0,2,2,0,0,0,0,1,0,0,0,0,7,2,0,0,0,0,2,0,0,,,0,0,0.0,0,0,0,1,1,0,0,0,,3,100.0,0,0,0,10,2,0,0,0,61,0,,0,0,0,0,0.0,0,0,0,0,14,0,0,6.6,0,0,0,0,0,0,0,0,0.0,0.0,0,0,0,0,0,1,100.0,0,2,2,100.0,0,6,1,1,3,60.0,4,17,12,28,13.2,0,0,57,0,0,0,Ghislain Konan,Burgos Club de Fútbol,831781,2854
0,0,0.0,0,0,0.0,0,0,0,0.0,1,100.0,0,2,0,0,0,0,0,0,0,0,0,4,2,0,0,0,0,0,0,0,,,0,0,0.0,0,0,0,0,0,0,0,0,,0,0.0,0,0,0,0,0,0,0,0,19,0,,0,0,0,0,0.0,0,0,0,0,0,0,0,6.6,0,0,0,0,0,0,0,0,0.0,0.0,0,0,0,0,0,0,0.0,0,0,0,0.0,0,0,0,0,1,100.0,0,0,0,0,13.2,0,0,4,0,0,0,Pol Moreno,Real Racing Club,914527,2835
0,0,0.0,3,0,0.0,4,2,6,60.0,1,100.0,0,3,0,0,0,0,0,0,0,0,0,0,2,0,0,0,1,1,0,0,,,0,0,0.0,0,0,0,0,0,0,0,0,,1,50.0,0,0,0,4,1,0,0,0,28,0,,0,0,0,0,0.0,0,0,0,0,5,0,0,6.6,0,0,0,0,0,0,0,0,0.0,0.0,0,0,0,0,0,0,0.0,0,0,0,0.0,0,0,0,0,2,66.67,1,6,4,10,13.2,0,0,18,1,0,0,David Carballo,Racing de Ferrol,1835716,2843
0,0,0.0,3,0,0.0,7,4,11,68.75,1,50.0,1,3,0,0,0,0,2,0,0,0,0,2,2,0,0,0,1,2,0,0,,,0,0,0.0,0,0,0,0,0,0,0,0,,2,66.67,0,0,0,5,0,0,0,0,29,0,,0,0,0,0,0.0,0,0,0,0,11,0,0,6.6,0,0,0,0,0,0,0,0,0.0,0.0,0,0,0,0,0,2,100.0,0,0,0,0.0,0,0,2,4,3,60.0,3,14,6,16,13.2,0,0,30,0,0,0,Iker Martinez,Sporting Gijón,1895194,2852
4,0,0.0,7,12,66.67,20,68,88,89.8,6,100.0,0,4,0,0,0,0,8,0,0,0,0,9,4,0,0,1,2,5,0,0,,,2,0,0.0,0,0,0,6,5,1,0,0,,2,28.57,0,0,0,10,5,0,0,2,199,0,,0,0,0,0,0.0,0,0,0,0,12,0,0,6.6,0,0,0,0,0,0,0,0,0.0,0.0,0,0,0,0,0,0,0.0,0,2,2,100.0,0,6,0,0,8,61.54,18,28,70,98,26.4,0,0,123,0,2,0,Sebastian Kóša,Real Zaragoza,1031550,2815
2,0,0.0,10,4,80.0,29,31,60,86.96,10,76.92,3,7,0,0,0,0,3,0,0,0,0,3,7,0,0,1,2,12,0,0,,,5,0,0.0,0,0,0,3,2,1,0,0,,6,40.0,0,0,0,9,3,1,0,1,143,0,,0,0,0,0,0.0,0,0,0,0,17,1,0,6.6,0,0,0,0,0,0,0,0,0.0,0.0,0,0,0,0,0,0,0.0,0,6,2,33.33,1,3,2,0,16,57.14,5,37,32,69,46.2,0,0,96,0,1,0,Kento Hashimoto,Eibar,152002,2839
1,0,0.0,24,4,44.44,45,33,78,82.11,3,37.5,5,9,0,0,0,0,13,1,0,0,0,1,8,0,0,5,0,19,0,0,,,2,0,0.0,0,0,0,6,6,0,0,0,,12,46.15,0,0,0,17,3,5,0,3,242,2,,0,0,0,0,0.0,0,0,0,0,33,1,0,6.6,0,0,0,0,0,0,0,0,0.0,0.0,0,1,0,1,0,1,12.5,0,6,4,66.67,5,4,8,0,15,44.12,9,58,37,95,52.8,1,0,136,5,0,0,Luca Sangalli,Málaga CF,891932,2830
2,0,0.0,12,0,0.0,15,16,31,59.62,12,54.55,10,11,0,0,0,0,3,0,2,2,0,1,9,0,0,2,1,16,0,0,,,3,0,0.0,0,0,0,5,2,3,0,0,,4,40.0,0,0,1,21,0,2,0,2,217,2,,0,0,0,0,0.0,0,0,0,0,35,0,0,6.6,0,0,0,0,0,0,0,0,0.0,0.0,0,8,0,5,1,0,0.0,0,1,0,0.0,2,2,1,1,16,50.0,0,34,19,52,59.4,8,0,93,3,0,0,Borja Bastón,Granada,114497,33779
4,4,17.39,33,10,58.82,57,35,88,72.13,3,15.79,16,17,0,0,0,0,28,3,1,3,0,6,17,0,0,6,8,48,0,0,,,8,0,0.0,0,0,0,12,12,0,0,0,,34,51.52,0,0,0,34,7,10,0,6,616,3,,0,0,0,0,0.0,0,0,0,0,89,2,0,6.6,0,0,0,0,0,0,0,0,0.0,0.0,2,3,10,7,3,8,42.11,0,13,9,69.23,10,11,19,23,37,43.53,17,102,43,122,112.2,13,0,270,13,0,0,Hugo González,FC Cartagena,996931,24329
17,7,31.82,98,37,46.25,253,296,542,84.03,26,50.0,26,35,0,0,0,0,91,0,3,3,4,39,35,0,0,11,29,118,0,1,,,49,0,5.0,0,1,1,45,39,6,1,0,,79,46.2,1,0,0,103,17,5,0,24,2214,1,,0,0,0,0,0.0,0,0,0,0,166,7,0,6.6,0,0,0,0,0,0,0,0,2214.0,0.0,0,12,8,10,7,8,57.14,0,35,23,65.71,5,43,14,22,105,47.09,80,341,326,645,230.9,20,0,947,36,11,0,Sergio Guerrero,FC Cartagena,1130781,24329
10,0,0.0,51,27,57.45,148,238,386,80.58,18,48.65,19,22,0,0,0,0,35,0,0,1,2,27,22,0,0,3,17,78,1,0,,,37,0,0.0,0,0,0,14,10,4,0,0,,46,43.81,0,0,0,93,11,5,0,13,1188,0,,0,0,0,1,0.0,0,0,0,0,107,1,0,6.59,1,0,0,0,0,0,0,0,0.0,0.0,0,5,1,3,2,1,33.33,0,27,15,55.56,5,25,3,2,64,45.07,47,211,270,479,145.0,6,0,638,18,5,1,Fede San Emeterio,Cádiz,376382,4488
1,2,33.33,12,1,33.33,21,17,36,81.82,2,33.33,4,7,0,0,0,0,9,0,0,0,0,3,7,0,0,0,0,11,0,0,,,3,0,0.0,0,0,0,3,3,0,0,0,,7,50.0,0,0,0,8,0,2,0,1,148,0,,0,1,0,0,0.0,0,0,0,0,21,1,0,6.59,0,0,0,0,0,0,0,0,0.0,0.0,0,2,0,2,0,1,20.0,0,0,0,0.0,1,2,5,6,9,45.0,3,31,19,44,46.1,2,0,76,6,1,0,Eladio Zorrilla Jiménez,Burgos Club de Fútbol,268127,2854
16,1,14.29,58,12,46.15,109,66,174,82.86,5,50.0,5,13,0,0,0,0,24,0,0,3,1,5,13,0,1,0,8,26,0,0,,,13,0,0.0,0,0,0,9,9,0,0,0,,15,41.67,0,0,0,36,7,7,0,4,490,0,,0,0,0,0,0.0,0,0,0,0,47,2,0,6.58,1,0,0,0,0,0,0,0,0.0,0.0,0,2,1,0,0,0,0.0,0,7,3,42.86,7,29,0,7,20,43.48,26,144,73,210,85.6,3,0,273,8,2,0,Fabio González,CD Tenerife,894477,2822
15,0,0.0,45,31,48.44,112,215,327,83.85,22,70.97,9,12,1,0,0,0,31,1,0,0,0,23,12,0,0,3,4,27,1,0,,,11,0,0.0,1,0,1,19,17,2,0,0,,20,52.63,0,0,0,63,12,3,0,7,758,0,,0,0,0,1,0.0,0,0,0,0,77,0,0,6.58,0,0,0,0,0,0,0,0,0.0,0.0,0,2,0,1,1,1,100.0,0,14,9,64.29,3,24,1,1,42,60.87,64,152,239,390,79.0,2,0,504,5,1,0,Cristian Glauder,Cádiz,877602,4488
2,3,13.04,56,9,69.23,97,41,135,72.19,1,16.67,5,16,1,0,0,0,28,1,0,2,0,1,16,0,0,17,9,54,0,0,,,6,0,0.0,0,0,1,3,3,0,0,0,,28,36.36,0,0,0,52,3,9,0,4,498,1,,0,1,0,0,0.0,0,0,0,0,135,4,0,6.58,0,0,0,0,0,0,0,0,0.0,0.0,0,3,6,5,2,7,28.0,0,14,9,64.29,8,7,25,23,29,34.94,13,161,49,187,105.3,9,0,335,7,3,0,Toni Villa,Eibar,813523,2839
8,2,15.38,50,9,36.0,100,100,198,82.5,6,37.5,10,14,1,0,0,0,21,2,0,0,0,18,14,0,1,2,2,29,0,1,,,13,0,0.0,0,0,1,11,9,2,0,0,,17,47.22,0,0,0,42,10,6,0,12,653,4,,0,0,0,0,0.0,0,0,0,0,73,1,0,6.58,1,0,0,0,0,0,0,0,0.0,0.0,0,1,1,2,0,2,33.33,0,10,6,60.0,6,13,6,13,23,44.23,25,145,108,240,92.1,2,0,383,5,2,0,Jaume Costa,Albacete Balompié,44577,2848
5,0,0.0,41,12,66.67,81,85,166,83.42,4,33.33,8,12,0,0,0,0,21,0,1,1,0,1,12,0,0,9,7,43,0,0,,,11,0,16.67,0,1,1,8,8,0,1,0,,31,46.97,0,0,0,33,4,5,0,6,488,1,,0,0,0,0,0.0,0,0,0,0,63,1,0,6.58,0,1,0,0,0,0,0,0,488.0,0.0,0,5,1,2,3,3,27.27,0,14,6,42.86,5,7,11,1,35,44.87,18,102,98,199,78.9,6,0,295,14,1,0,Dani Lorenzo,Málaga CF,1465424,2830
7,0,0.0,23,14,82.35,67,79,146,86.39,13,72.22,5,11,0,0,0,0,17,0,0,1,0,4,11,0,0,3,6,32,0,1,,,18,0,0.0,0,0,0,6,5,1,0,0,,25,48.08,0,0,0,23,8,0,0,4,429,0,,0,0,0,1,0.0,0,0,0,0,37,0,0,6.57,1,0,0,0,0,0,0,0,0.0,0.0,0,1,1,1,0,2,33.33,0,19,13,68.42,0,10,6,0,38,54.29,17,84,85,169,72.3,2,0,235,4,1,1,Selvi Clúa,Almería,1513673,2858
9,10,23.81,43,11,61.11,94,54,138,79.31,7,46.67,8,18,1,0,0,0,36,0,1,10,0,6,18,0,0,9,7,58,0,1,,,15,0,0.0,0,0,1,14,13,1,0,0,,30,37.5,0,0,0,36,3,12,0,7,714,2,,0,0,0,0,0.0,0,0,0,1,130,5,0,6.57,0,0,0,0,0,0,0,0,0.0,0.0,2,5,11,6,0,6,22.22,0,12,9,75.0,12,14,27,42,37,38.95,18,151,65,174,118.3,16,0,381,12,1,0,Naim García,Racing de Ferrol,1134395,2843
2,1,100.0,17,6,100.0,33,31,63,91.3,0,0.0,3,7,1,0,0,0,8,1,0,1,0,1,7,0,0,5,0,11,0,1,,,2,0,0.0,0,0,1,2,2,0,0,0,,2,20.0,0,0,0,6,0,4,0,0,98,0,,0,0,0,0,0.0,0,0,0,0,19,0,0,6.57,0,0,0,0,0,0,0,0,0.0,0.0,0,2,0,0,1,2,66.67,0,0,0,0.0,4,2,3,1,2,15.38,6,36,34,69,46.0,2,0,91,0,0,0,Carlo Adriano García,Mirandés,1021217,35092
1,0,0.0,16,1,33.33,26,9,35,66.04,1,25.0,3,7,0,0,0,0,6,0,0,4,0,1,7,0,0,2,2,13,0,0,,,1,0,0.0,0,0,0,5,4,1,0,0,,12,54.55,0,0,0,18,2,0,0,0,131,2,,0,0,0,0,0.0,0,0,0,0,33,1,0,6.57,0,0,0,0,0,0,0,0,0.0,0.0,0,3,2,1,0,3,37.5,0,2,1,50.0,0,2,8,2,13,50.0,3,41,14,53,46.0,5,0,96,7,0,0,Manu Vallejo,Racing de Ferrol,828969,2843
3,1,7.69,44,6,30.0,89,82,170,79.81,8,50.0,8,10,0,0,0,0,22,0,0,1,1,9,10,0,0,7,5,41,0,0,,,13,0,0.0,0,0,0,9,9,0,0,0,,24,42.11,0,0,0,43,3,4,0,9,721,3,,0,0,0,0,0.0,0,0,0,0,92,0,0,6.57,0,0,0,0,0,0,0,0,0.0,0.0,0,1,0,0,0,0,0.0,0,14,9,64.29,4,14,8,13,32,43.84,20,134,92,213,65.7,1,0,402,11,2,0,Marcos Navarro,Levante UD,1490806,2849
1,0,0.0,6,1,50.0,13,9,22,62.86,6,50.0,6,7,1,0,0,0,5,0,3,4,0,3,6,0,0,8,3,23,0,0,,,4,0,0.0,0,0,1,3,3,0,0,0,,6,26.09,0,0,0,13,0,1,0,1,199,2,,0,0,0,0,0.0,0,0,0,0,38,1,0,6.57,0,0,0,0,0,0,0,0,0.0,0.0,0,5,0,1,0,4,57.14,0,1,1,100.0,1,1,7,0,12,34.29,2,23,12,35,39.4,5,0,86,1,0,0,Yanis Senhadji,CD Tenerife,1605396,2822
5,0,0.0,9,7,43.75,25,41,66,81.48,2,66.67,1,3,0,0,0,0,6,0,0,0,0,10,3,0,0,0,2,4,0,0,,,1,0,0.0,0,0,0,4,3,1,0,0,,3,50.0,0,0,0,15,1,0,0,0,135,0,,0,0,0,0,0.0,0,0,0,0,16,0,0,6.57,0,0,0,0,0,0,0,0,0.0,0.0,0,0,1,1,0,0,0.0,0,1,0,0.0,0,9,0,0,5,55.56,16,38,43,81,19.7,1,0,102,2,1,0,Gabriele Corbo,Córdoba,876242,2850
0,0,0.0,0,0,0.0,0,0,0,0.0,2,28.57,5,6,0,0,0,0,1,0,1,0,0,0,3,0,0,2,0,8,0,0,,,1,0,0.0,0,0,0,1,1,0,0,0,,6,66.67,0,0,0,5,0,0,0,0,39,1,,0,0,0,0,0.0,0,0,0,0,13,0,0,6.57,0,0,0,0,0,0,0,0,0.0,0.0,0,1,0,0,1,1,100.0,0,1,0,0.0,0,0,1,0,8,50.0,0,4,1,5,19.7,1,0,23,4,0,0,Sixtus Ogbuehi,CD Eldense,1851556,47321
6,1,9.09,19,10,38.46,43,64,106,75.18,4,57.14,3,6,0,0,0,0,21,0,0,0,0,17,6,0,0,0,10,16,0,0,,,1,0,0.0,0,0,0,9,9,0,0,0,,22,62.86,0,0,0,35,3,1,0,4,364,0,,0,0,0,0,0.0,0,0,0,0,59,2,0,6.57,0,0,0,0,0,0,0,0,0.0,0.0,0,1,0,1,0,1,33.33,0,18,10,55.56,1,14,3,11,26,61.9,26,75,77,141,39.4,1,0,259,3,0,0,Adrián Guerrero,CD Tenerife,936752,2822
0,1,50.0,20,1,25.0,27,15,41,70.69,5,38.46,8,14,1,0,0,0,15,1,0,0,0,0,11,0,1,2,4,24,0,0,,,8,0,25.0,0,1,2,3,3,0,1,0,,7,30.43,0,0,0,17,0,6,0,1,208,1,,0,0,0,0,0.0,0,0,0,0,38,3,0,6.56,1,1,0,0,0,0,0,0,208.0,0.0,0,3,1,1,3,2,40.0,0,4,3,75.0,6,2,5,2,12,33.33,4,41,19,58,72.2,4,0,100,1,1,0,Rachad Fettal,Almería,1464649,2858
7,1,6.67,82,5,35.71,141,55,195,71.96,24,39.34,37,34,0,0,0,0,37,0,3,10,0,5,33,0,0,10,10,82,0,0,,,11,0,4.76,0,1,1,13,9,4,1,0,,31,40.79,0,0,0,76,5,7,0,8,1040,2,,0,0,1,0,100.0,0,1,0,1,155,8,0,6.56,0,1,0,0,0,0,0,0,1040.0,0.0,0,17,4,7,4,4,20.0,0,10,8,80.0,7,11,20,15,55,40.15,14,217,69,271,216.6,21,0,452,21,3,0,Chiki,Racing de Ferrol,900005,2843
31,13,35.14,107,27,35.06,221,228,436,76.22,15,23.44,49,34,1,0,0,0,74,3,3,3,5,56,34,0,1,6,6,96,0,0,,,24,0,0.0,0,0,1,18,15,3,0,0,,59,55.66,0,0,0,136,12,10,0,19,1827,4,,0,0,0,1,0.0,0,0,0,0,229,2,0,6.56,1,0,0,0,0,0,0,0,0.0,0.0,0,10,3,7,3,7,36.84,0,32,20,62.5,10,55,19,37,74,43.53,77,335,274,572,223.1,13,0,924,20,8,0,Victor Parada,Mirandés,985726,35092
0,4,36.36,14,0,0.0,28,7,31,81.58,1,20.0,4,13,0,0,0,0,5,0,1,1,0,1,13,0,0,5,3,25,0,0,,,5,0,25.0,0,1,1,1,1,0,1,0,,10,32.26,0,0,0,7,1,3,1,0,189,1,,0,0,0,0,0.0,0,0,0,0,43,0,0,6.56,0,0,0,0,0,0,0,0,189.0,0.0,0,2,2,1,2,4,30.77,0,2,2,100.0,3,0,13,11,11,30.56,0,40,9,38,85.3,4,0,103,4,1,0,Alex Calvo,Mirandés,1470379,35092
1,1,10.0,13,2,33.33,33,18,50,81.97,2,33.33,4,5,0,0,0,0,7,0,0,0,0,7,5,0,0,0,1,9,0,0,,,0,0,0.0,0,0,0,4,3,1,0,0,,6,54.55,0,0,0,11,3,2,0,2,185,1,,0,0,0,0,0.0,0,0,0,0,37,0,0,6.56,0,0,0,0,0,0,0,0,0.0,0.0,0,0,0,0,0,0,0.0,0,4,3,75.0,2,1,4,10,8,47.06,6,49,22,61,32.8,0,0,135,2,1,0,Ian Forns,Burgos Club de Fútbol,1634339,2854
1,0,0.0,23,1,33.33,49,25,74,58.27,35,42.68,47,24,1,0,0,1,14,0,5,4,0,7,24,0,0,10,1,77,0,0,,,13,0,9.09,0,2,3,6,6,0,1,1,,12,28.57,0,0,1,53,1,4,1,9,914,6,,0,0,1,0,0.0,0,0,0,0,103,4,0,6.56,0,1,0,0,0,0,0,0,457.0,0.0,0,20,2,12,6,2,18.18,0,3,2,66.67,4,6,11,0,47,37.9,3,92,35,127,157.4,22,0,242,7,1,0,Roko Baturina,Málaga CF,876036,2830
1,0,0.0,45,7,50.0,87,56,143,68.1,18,31.58,39,26,1,0,0,0,37,1,2,2,0,10,24,0,0,11,8,78,1,0,,,12,0,11.11,0,1,2,11,7,4,1,0,,29,42.65,0,0,0,67,1,4,0,8,842,0,,0,0,0,0,0.0,0,0,0,0,115,7,0,6.56,0,1,0,0,0,0,0,0,842.0,0.0,0,9,0,3,4,2,16.67,0,9,4,44.44,4,3,12,1,47,37.6,14,140,71,210,157.4,9,0,340,19,2,0,Iker Unzueta,Huesca,950676,24265
0,0,0.0,6,0,0.0,8,9,17,65.38,1,50.0,1,7,0,0,0,0,4,0,0,1,0,0,7,0,0,2,1,11,0,0,,,4,0,0.0,0,0,0,2,1,1,0,0,,6,37.5,0,0,0,9,0,3,0,0,82,2,,0,0,0,0,0.0,0,0,0,0,18,1,0,6.56,0,0,0,0,0,0,0,0,0.0,0.0,0,1,2,2,0,2,40.0,0,4,2,50.0,3,0,5,0,7,38.89,4,14,12,26,45.9,3,0,49,0,0,0,Jude Soonsup-Bell,Córdoba,996921,2850
1,1,9.09,51,3,37.5,87,35,121,68.36,9,30.0,21,23,0,0,0,0,32,1,5,1,0,13,21,0,0,19,7,80,0,0,,,7,0,0.0,0,0,0,8,6,2,0,0,,50,45.87,0,0,0,56,7,7,0,7,683,7,,0,0,0,0,0.0,0,0,0,0,135,6,0,6.55,0,0,0,0,0,0,0,0,0.0,0.0,0,12,2,10,3,10,27.78,0,21,9,42.86,7,3,36,11,59,42.45,8,143,45,177,137.6,14,0,387,19,0,0,Yanis Rahmani,Málaga CF,866626,2830
1,2,40.0,11,1,50.0,19,6,23,69.7,0,0.0,0,6,1,0,0,0,5,0,0,1,0,3,6,0,0,0,3,6,0,0,,,1,0,33.33,0,1,2,4,4,0,1,0,,3,33.33,0,0,0,10,1,1,1,0,94,0,,0,0,0,0,0.0,0,0,0,0,19,0,0,6.55,0,0,0,0,0,0,0,0,94.0,0.0,0,1,2,1,1,1,33.33,0,1,0,0.0,1,2,3,5,3,33.33,2,27,11,33,39.3,3,0,59,1,0,0,Willy Chatiliez,Huesca,1979785,24265
0,0,0.0,1,0,0.0,2,3,5,100.0,0,0.0,1,2,0,0,0,0,1,0,0,0,0,0,2,0,0,0,0,1,0,0,,,0,0,0.0,0,0,0,0,0,0,0,0,,0,0.0,0,0,0,0,1,0,0,0,26,0,,0,0,0,0,0.0,0,0,0,0,0,0,0,6.55,0,0,0,0,0,0,0,0,0.0,0.0,0,0,0,0,0,0,0.0,0,0,0,0.0,0,0,0,0,0,0.0,0,2,3,5,13.1,0,0,8,0,0,0,Thomas Rodríguez,Burgos Club de Fútbol,818525,2854
4,0,0.0,35,4,57.14,60,60,120,80.54,7,36.84,12,12,0,0,0,0,26,0,0,2,0,6,12,0,0,5,2,26,1,0,,,5,0,0.0,0,0,0,4,3,1,0,0,,5,26.32,0,0,0,29,0,2,0,3,320,0,,0,0,0,0,0.0,0,0,0,0,43,0,0,6.55,0,0,0,0,0,0,0,0,0.0,0.0,0,0,2,0,0,0,0.0,0,4,2,50.0,2,5,2,3,12,31.58,7,83,69,149,78.6,2,0,190,1,1,0,Mario Cantero,Burgos Club de Fútbol,1531155,2854
1,2,100.0,23,7,77.78,49,62,109,87.2,2,40.0,3,13,0,0,0,0,16,0,1,0,0,3,11,0,0,3,5,31,0,0,,,18,0,50.0,0,1,1,7,7,0,1,0,,19,40.43,0,0,1,16,3,3,0,3,333,0,,0,0,0,0,0.0,0,0,0,0,27,0,0,6.55,0,1,0,0,0,0,0,0,333.0,0.0,0,2,0,1,1,2,50.0,0,10,4,40.0,3,4,4,2,21,40.38,9,57,70,125,72.0,2,0,184,7,2,0,Gui,Almería,1131043,2858
2,0,0.0,17,0,0.0,25,11,36,67.92,4,30.77,9,11,0,0,0,0,7,1,3,4,0,3,11,0,1,3,6,30,0,0,,,10,0,0.0,0,0,0,5,3,2,0,0,,8,27.59,0,0,1,17,3,4,0,3,323,1,,0,0,0,0,0.0,0,0,0,0,41,2,0,6.55,1,0,0,0,0,0,0,0,0.0,0.0,0,9,6,9,2,0,0.0,0,3,0,0.0,4,2,3,2,12,28.57,1,39,16,53,72.0,15,0,120,5,2,0,Alan Godoy,CD Eldense,1015993,47321
11,2,16.67,39,6,24.0,76,74,148,73.63,10,58.82,7,11,0,0,0,0,35,1,0,2,0,17,11,0,0,4,6,30,0,0,,,14,0,0.0,0,0,0,13,12,1,0,0,,23,50.0,0,0,0,53,11,1,0,5,497,0,,0,0,0,0,0.0,0,0,0,0,99,2,0,6.55,0,0,0,0,0,0,0,0,0.0,0.0,0,4,1,3,0,5,62.5,0,14,10,71.43,1,23,8,12,33,52.38,25,127,86,201,72.0,5,0,358,4,1,0,Emanuel Insua,Racing de Ferrol,250345,2843
4,0,0.0,17,2,66.67,35,20,55,73.33,4,40.0,6,10,0,0,0,0,13,0,0,3,0,0,10,0,0,6,3,28,0,1,,,3,0,16.67,0,1,1,5,5,0,1,0,,24,52.17,1,0,0,20,1,2,0,4,316,3,,0,0,0,0,0.0,0,0,0,0,47,0,0,6.54,0,0,0,0,0,0,0,0,316.0,0.0,0,4,2,2,1,7,41.18,0,8,3,37.5,2,5,17,4,28,50.0,3,55,24,75,65.4,6,0,153,9,0,0,Dani Fernández,CD Tenerife,1926106,2822
1,0,0.0,4,5,83.33,18,15,33,86.84,0,0.0,4,5,0,0,0,0,5,0,0,1,0,2,5,0,0,1,1,11,0,0,,,4,0,0.0,0,0,0,0,0,0,0,0,,3,30.0,0,0,0,5,1,0,0,0,65,0,,0,0,0,0,0.0,0,0,0,0,11,0,0,6.54,0,0,0,0,0,0,0,0,0.0,0.0,0,0,1,0,0,0,0.0,0,3,2,66.67,0,2,1,0,3,21.43,6,21,17,38,32.7,1,0,55,0,1,0,Juanma Lendínez,Granada,1941130,33779
19,7,13.73,100,37,45.12,208,159,360,72.43,19,63.33,11,26,0,0,0,0,43,1,0,2,1,30,25,0,0,4,17,70,1,0,,,21,0,0.0,0,0,0,21,17,4,0,0,,39,39.8,0,0,1,137,5,8,0,15,1327,1,,0,1,0,1,0.0,0,0,0,0,261,3,0,6.54,0,0,0,0,0,0,0,0,0.0,0.0,0,5,7,9,1,8,30.77,0,21,15,71.43,7,43,26,51,58,45.31,82,355,193,497,163.5,12,0,895,10,2,0,Álvaro Rodríguez,Albacete Balompié,867406,2848
14,4,16.67,76,14,24.56,148,103,247,74.4,12,57.14,9,19,1,0,0,0,27,0,0,1,0,30,17,0,0,8,12,48,0,0,,,20,0,0.0,0,0,1,13,11,2,0,0,,26,40.0,0,0,0,85,5,4,0,9,798,0,,1,0,0,1,0.0,0,0,0,0,142,0,0,6.54,0,0,0,0,0,0,0,0,0.0,0.0,0,2,2,2,1,0,0.0,0,15,6,40.0,4,34,1,24,38,44.19,57,227,129,332,111.1,4,0,560,11,3,0,Kevin Vázquez,Sporting Gijón,795257,2852
17,1,20.0,22,34,33.66,72,228,299,74.75,18,58.06,13,18,1,0,0,0,35,1,1,0,1,60,18,0,0,1,4,35,1,0,,,16,0,0.0,0,0,1,19,18,1,0,0,,26,54.17,0,0,0,101,11,4,0,13,1114,0,,0,0,0,0,0.0,0,0,0,0,124,2,0,6.53,1,0,0,0,0,0,0,0,0.0,0.0,0,1,1,0,2,0,0.0,0,18,8,44.44,4,44,3,5,44,55.7,101,144,261,400,117.6,2,0,613,8,2,1,Iván Martos,CD Eldense,915043,47321
5,0,0.0,12,5,26.32,45,64,109,81.34,4,80.0,1,3,0,0,0,0,7,0,0,0,1,10,3,0,0,0,1,6,0,0,,,4,0,0.0,0,0,0,4,3,1,0,0,,5,50.0,0,0,0,25,1,0,0,3,270,0,,0,0,0,0,0.0,0,0,0,0,27,0,0,6.53,0,0,0,0,0,0,0,0,0.0,0.0,0,0,0,0,0,0,0.0,0,4,3,75.0,0,12,0,2,9,60.0,19,64,72,134,19.6,0,0,161,1,1,0,Iker Recio,Cádiz,1001830,4488
0,0,0.0,2,0,0.0,4,3,7,87.5,0,0.0,1,3,0,0,0,0,1,0,0,0,0,0,3,0,0,1,0,2,0,0,,,0,0,0.0,0,0,0,1,1,0,0,0,,4,80.0,0,0,0,1,0,0,0,0,36,0,,0,0,0,0,0.0,0,0,0,0,6,0,0,6.53,0,0,0,0,0,0,0,0,0.0,0.0,0,0,0,0,0,0,0.0,0,1,1,100.0,0,0,0,1,4,66.67,0,6,3,8,19.6,0,0,18,3,0,0,Axel Bejarano,Huesca,1965085,24265
8,4,28.57,61,4,50.0,99,65,160,73.06,9,64.29,5,15,0,0,0,0,24,2,1,3,1,3,15,0,0,10,10,44,0,0,,,7,0,0.0,0,0,0,14,13,1,0,0,,27,40.91,0,0,0,59,2,7,0,5,650,0,,0,0,0,0,0.0,0,0,0,0,124,4,0,6.53,0,0,0,0,0,0,0,0,0.0,0.0,0,4,3,2,2,5,29.41,0,14,9,64.29,7,21,17,14,36,45.0,8,152,81,219,97.9,7,0,359,8,0,0,Gonzalo Pastor,CD Castellón,1982641,5067
0,0,0.0,1,0,0.0,3,0,3,50.0,1,50.0,1,5,0,0,0,0,2,0,1,1,0,1,4,0,0,0,1,3,0,0,,,1,0,0.0,0,0,0,0,0,0,0,0,,0,0.0,0,0,0,3,0,0,0,0,41,0,,0,0,0,0,0.0,0,0,0,0,3,1,0,6.53,0,0,0,0,0,0,0,0,0.0,0.0,0,3,0,2,0,0,0.0,0,0,0,0.0,0,0,0,0,1,25.0,1,6,0,6,26.1,3,0,10,0,0,0,Aitor Galarza,Eibar,1910661,2839
9,0,0.0,6,58,43.28,33,102,135,63.68,2,100.0,0,10,0,0,0,0,68,0,0,0,0,12,10,0,0,0,0,0,0,0,,,0,0,0.0,70,0,0,22,18,4,0,0,,0,0.0,0,4,0,77,0,0,0,10,866,0,,0,0,0,0,0.0,0,0,0,0,78,0,2,6.52,0,0,7,15,6,21,0,4,0.0,0.0,0,0,0,0,0,0,0.0,7,0,0,0.0,0,17,0,0,2,100.0,134,96,116,212,65.2,0,0,289,0,1,0,Joan Femenías,Real Zaragoza,877668,2815
5,2,28.57,60,4,40.0,121,83,202,83.82,3,16.67,15,17,1,0,0,0,43,1,3,5,0,5,17,0,0,16,14,82,0,1,,,10,0,17.65,0,3,4,22,16,6,3,0,,43,39.09,0,0,1,39,10,3,1,11,962,3,,0,0,0,0,0.0,0,0,0,0,115,3,0,6.52,0,2,0,0,0,0,0,0,320.67,0.0,0,9,8,7,5,18,40.0,0,12,6,50.0,3,12,45,7,46,35.94,10,154,94,241,110.8,17,0,428,13,2,0,Daniel Luna,FC Cartagena,1018516,24329
3,1,14.29,27,4,50.0,56,25,80,83.33,0,0.0,3,9,0,0,0,0,13,0,1,2,0,1,9,0,0,4,3,13,0,0,,,2,0,0.0,0,0,0,4,3,1,0,0,,8,44.44,0,0,0,16,0,1,0,2,275,0,,0,0,0,0,0.0,0,0,0,0,29,1,0,6.51,0,0,0,0,0,0,0,0,0.0,0.0,0,1,2,0,1,3,75.0,0,4,4,100.0,1,8,4,7,8,38.1,8,74,29,96,58.6,3,0,123,1,0,0,Cristian Montes,CD Eldense,944106,47321
9,1,25.0,57,8,57.14,107,62,168,63.88,37,35.92,66,35,0,0,0,0,36,1,2,6,0,12,34,0,0,23,3,122,0,0,,,18,0,0.0,0,0,0,27,24,3,0,0,,27,32.53,0,0,0,95,2,5,0,10,1133,19,,0,0,0,1,0.0,0,0,0,0,176,9,0,6.51,0,0,0,0,0,0,0,0,0.0,0.0,0,16,4,9,5,7,31.82,0,10,5,50.0,5,17,22,4,64,34.41,14,195,72,263,221.2,20,0,456,10,2,0,Alfredo Ortuño,FC Cartagena,52126,24329
0,0,0.0,0,0,0.0,0,0,0,0.0,1,100.0,0,1,0,0,0,0,1,0,0,0,0,0,1,0,0,1,0,2,0,0,,,1,0,0.0,0,0,0,0,0,0,0,0,,1,33.33,0,0,0,1,0,0,0,0,12,0,,0,0,0,0,0.0,0,0,0,0,2,0,0,6.5,0,0,0,0,0,0,0,0,0.0,0.0,0,0,0,0,0,0,0.0,0,0,0,0.0,0,0,0,0,2,50.0,1,1,0,1,6.5,0,0,4,1,0,0,Ali Houary,Elche,1516812,2846
0,0,0.0,2,0,0.0,2,0,2,50.0,0,0.0,0,1,0,0,0,0,1,0,0,0,0,0,1,0,0,0,0,1,0,0,,,0,0,0.0,0,0,0,0,0,0,0,0,,1,50.0,0,0,0,2,0,0,0,0,15,0,,0,0,0,0,0.0,0,0,0,0,4,0,0,6.5,0,0,0,0,0,0,0,0,0.0,0.0,0,0,0,0,0,0,0.0,0,0,0,0.0,0,0,1,0,1,50.0,1,4,0,4,6.5,0,0,7,1,0,0,Hugo Pinilla,Real Zaragoza,2165565,2815
0,0,0.0,0,0,0.0,1,4,5,71.43,0,0.0,0,1,0,0,0,0,1,0,0,0,0,1,1,0,0,0,0,0,0,0,,,0,0,0.0,0,0,0,0,0,0,0,0,,0,0.0,0,0,0,2,0,0,0,0,21,0,,0,0,0,0,0.0,0,0,0,0,2,0,0,6.5,0,0,0,0,0,0,0,0,0.0,0.0,0,0,0,0,0,0,0.0,0,0,0,0.0,0,1,0,0,0,0.0,1,3,4,7,6.5,0,0,8,0,0,0,Chukwuma Eze,Real Oviedo,1990578,2851
0,0,0.0,0,0,0.0,0,1,1,100.0,0,0.0,0,1,0,0,0,0,0,0,0,0,0,0,1,0,0,0,0,0,0,0,,,0,0,0.0,0,0,0,1,0,1,0,0,,0,0.0,0,0,0,0,0,0,0,0,8,0,,0,0,0,0,0.0,0,0,0,0,0,0,0,6.5,0,0,0,0,0,0,0,0,0.0,0.0,0,0,0,0,0,0,0.0,0,0,0,0.0,0,0,0,0,0,0.0,0,0,1,1,6.5,0,0,1,0,0,0,Georges Nsukula,Burgos Club de Fútbol,1195202,2854
0,0,0.0,1,0,0.0,1,0,1,100.0,0,0.0,1,1,0,0,0,0,0,0,0,0,0,0,1,0,0,0,0,3,0,0,,,1,0,0.0,0,0,0,0,0,0,0,0,,0,0.0,0,0,0,0,0,1,0,0,10,0,,0,0,0,0,0.0,0,0,0,0,1,0,0,6.5,0,0,0,0,0,0,0,0,0.0,0.0,0,0,0,0,0,0,0.0,0,0,0,0.0,1,0,1,0,0,0.0,0,1,0,1,6.5,0,0,5,0,0,0,Izan Yurrieta,Real Racing Club,1216291,2835
0,0,0.0,0,0,0.0,0,0,0,0.0,0,0.0,1,1,0,0,0,0,0,0,0,0,0,2,1,0,0,0,0,2,0,0,,,1,0,0.0,0,0,0,0,0,0,0,0,,0,0.0,0,0,0,1,0,0,0,0,12,0,,0,0,0,0,0.0,0,0,0,0,1,0,0,6.5,0,0,0,0,0,0,0,0,0.0,0.0,0,0,0,0,0,0,0.0,0,0,0,0.0,0,0,0,0,0,0.0,0,1,0,1,6.5,0,0,3,0,0,0,Hugo Anglada,Huesca,1154421,24265
0,0,0.0,0,0,0.0,1,0,1,100.0,0,0.0,1,1,0,0,0,0,0,0,0,0,0,0,1,0,0,0,0,1,0,0,,,0,0,0.0,0,0,0,0,0,0,0,0,,1,100.0,0,0,0,0,0,0,0,0,12,0,,0,0,0,0,0.0,0,0,0,0,0,0,0,6.5,0,0,0,0,0,0,0,0,0.0,0.0,0,0,0,0,0,0,0.0,0,1,0,0.0,0,0,0,0,1,50.0,0,1,0,1,6.5,0,0,3,0,0,0,Asier Ortiz,Mirandés,1516608,35092
0,0,0.0,0,0,0.0,0,0,0,0.0,0,0.0,0,1,0,0,0,0,1,0,0,0,0,1,1,0,0,0,1,1,0,0,,,0,0,0.0,0,0,0,0,0,0,0,0,,0,0.0,0,0,0,0,1,0,0,0,14,0,,0,0,0,0,0.0,0,0,0,0,1,0,0,6.5,0,0,0,0,0,0,0,0,0.0,0.0,0,0,0,0,0,0,0.0,0,0,0,0.0,0,0,0,0,0,0.0,0,0,0,0,6.5,0,0,3,0,0,0,Sergio Gabriel,Mirandés,1912412,35092
0,0,0.0,1,0,0.0,1,0,1,100.0,0,0.0,0,1,0,0,0,0,0,0,0,0,0,0,1,0,0,0,0,0,0,0,,,0,0,0.0,0,0,0,1,1,0,0,0,,1,100.0,0,0,0,0,0,1,0,0,9,0,,0,0,0,0,0.0,0,0,0,0,1,0,0,6.5,0,0,0,0,0,0,0,0,0.0,0.0,0,0,0,0,0,0,0.0,0,1,0,0.0,1,0,0,0,1,100.0,0,1,0,1,6.5,0,0,3,0,0,0,Alex Willy,Albacete Balompié,1396185,2848
0,0,0.0,0,0,0.0,0,1,1,50.0,0,0.0,2,1,0,0,0,0,0,0,0,0,0,0,1,0,0,0,0,2,0,0,,,0,0,0.0,0,0,0,0,0,0,0,0,,2,100.0,0,0,0,1,0,0,0,0,16,1,,0,0,0,0,0.0,0,0,0,0,3,0,0,6.5,0,0,0,0,0,0,0,0,0.0,0.0,0,0,0,0,0,0,0.0,0,0,0,0.0,0,0,0,0,2,50.0,0,0,2,2,6.5,0,0,6,2,0,0,Raul Ojeda,Huesca,2079123,24265
0,0,0.0,1,0,0.0,1,1,2,66.67,0,0.0,0,2,0,0,0,0,1,0,0,0,0,1,2,0,0,2,0,3,0,0,,,1,0,0.0,0,0,0,0,0,0,0,0,,1,25.0,0,0,0,1,0,0,0,0,21,0,,0,0,0,0,0.0,0,0,0,0,6,0,0,6.5,0,0,0,0,0,0,0,0,0.0,0.0,0,0,0,0,0,0,0.0,0,1,1,100.0,0,0,0,3,1,25.0,0,4,2,3,13.0,0,0,11,0,0,0,Haitam Abaida,Málaga CF,1021125,2830
0,0,0.0,1,2,11.11,2,4,6,27.27,1,100.0,0,2,0,0,0,0,6,0,0,0,0,0,2,0,0,0,0,0,0,0,,,0,0,0.0,4,0,0,2,2,0,0,0,,0,0.0,0,2,0,16,0,0,0,0,59,0,,0,0,0,0,0.0,0,0,0,0,16,0,0,6.5,0,0,0,1,0,1,0,0,0.0,0.0,0,0,0,0,0,0,0.0,0,0,0,0.0,0,9,0,0,1,100.0,18,17,5,22,13.0,0,0,28,1,0,0,Alvaro Aceves,CD Eldense,1112734,47321
0,0,0.0,1,0,0.0,3,2,5,83.33,0,0.0,0,2,0,0,0,0,0,0,0,0,0,0,1,0,0,0,0,0,0,0,,,0,0,0.0,0,0,0,2,2,0,0,0,,1,100.0,0,0,0,1,1,0,0,0,16,0,,0,0,0,0,0.0,0,0,0,0,2,0,0,6.5,0,0,0,0,0,0,0,0,0.0,0.0,0,0,0,0,0,0,0.0,0,1,1,100.0,0,1,0,0,1,100.0,1,4,2,6,6.5,0,0,9,0,0,0,Ntji Tounkara,Córdoba,1982494,2850
0,0,0.0,2,0,0.0,4,5,9,90.0,2,100.0,0,2,0,0,0,0,1,0,0,0,0,1,2,0,0,0,0,0,0,0,,,0,0,0.0,0,0,0,1,1,0,0,0,,0,0.0,0,0,0,1,0,0,0,0,16,0,,0,0,0,0,0.0,0,0,0,0,2,0,0,6.5,0,0,0,0,0,0,0,0,0.0,0.0,0,0,0,0,0,0,0.0,0,0,0,0.0,0,0,0,0,2,100.0,0,5,5,10,13.0,0,0,14,0,0,0,Jaime Vallejo,Real Zaragoza,1001991,2815
2,0,0.0,9,3,60.0,16,15,31,75.61,0,0.0,0,3,0,0,0,0,5,0,0,0,0,1,1,0,0,0,2,6,0,0,,,1,0,0.0,0,0,0,2,2,0,0,0,,3,33.33,0,0,0,10,1,0,0,1,78,0,,0,0,0,0,0.0,0,0,0,0,17,1,0,6.5,0,0,0,0,0,0,0,0,0.0,0.0,0,0,1,0,1,0,0.0,0,3,1,33.33,0,6,3,2,3,33.33,5,23,20,41,6.5,1,0,71,0,1,0,Carlos Nieto,Real Zaragoza,591738,2815
0,0,0.0,1,0,0.0,1,1,2,40.0,2,66.67,1,4,0,0,0,0,1,0,0,0,0,1,3,0,0,0,0,1,0,0,,,0,0,0.0,0,0,0,2,1,1,0,0,,0,0.0,0,0,0,3,0,0,0,0,34,1,,0,0,0,0,0.0,0,0,0,0,5,0,0,6.5,0,0,0,0,0,0,0,0,0.0,0.0,0,0,0,0,0,0,0.0,0,0,0,0.0,0,0,0,0,2,66.67,0,3,2,5,19.5,0,0,10,0,0,0,Fernando Mimbacas,Burgos Club de Fútbol,1472602,2854
0,0,0.0,13,0,0.0,24,12,36,75.0,6,75.0,2,6,0,0,0,0,7,0,1,0,0,1,6,0,0,2,2,10,0,0,,,1,0,0.0,0,0,0,4,4,0,0,0,,6,42.86,0,0,0,12,0,1,0,0,135,0,,0,0,0,0,0.0,0,0,0,0,27,1,0,6.5,0,0,0,0,0,0,0,0,0.0,0.0,0,3,0,1,2,0,0.0,0,5,2,40.0,1,0,3,4,12,54.55,2,36,16,48,39.0,3,0,77,1,0,0,Mamadou Traore,CD Castellón,906038,5067
6,0,0.0,14,7,53.85,34,67,101,74.26,8,61.54,5,8,0,0,0,0,16,0,0,2,1,10,8,0,0,1,7,26,0,1,,,9,0,0.0,0,0,0,7,6,1,0,0,,13,38.24,0,0,0,35,6,2,0,5,473,0,,0,0,0,0,0.0,0,0,0,0,54,2,0,6.5,0,0,0,0,0,0,0,0,0.0,0.0,0,0,9,6,1,1,16.67,0,6,2,33.33,2,8,6,1,21,44.68,13,61,76,136,52.0,9,0,201,6,2,0,Diego Mendez,CD Eldense,1392573,47321
4,1,20.0,13,2,40.0,19,14,32,76.19,0,0.0,11,9,0,0,0,0,5,1,0,0,0,2,8,0,0,2,0,18,0,0,,,2,0,0.0,0,0,0,3,3,0,0,0,,5,41.67,0,0,0,10,0,1,0,0,117,2,,0,0,0,0,0.0,0,0,0,0,21,0,0,6.5,0,0,0,0,0,0,0,0,0.0,0.0,0,1,0,1,0,3,50.0,0,1,1,100.0,1,6,6,5,5,21.74,5,32,15,42,52.0,1,0,67,1,0,0,Davo,Deportivo de A Coruña,912046,2832
8,8,21.62,37,11,42.31,95,66,153,74.27,1,5.56,17,14,0,0,0,0,27,1,3,4,0,2,14,0,0,13,10,54,0,0,,,8,0,0.0,0,0,0,15,14,1,0,0,,14,27.45,0,0,0,53,2,7,0,7,636,2,,0,0,0,0,0.0,0,0,0,0,124,7,0,6.5,0,0,0,0,0,0,0,0,0.0,0.0,2,11,9,9,7,4,40.0,0,5,2,40.0,7,19,10,37,15,21.74,26,168,75,206,91.0,20,0,345,5,0,0,Raúl Blanco,Racing de Ferrol,1069709,2843
3,0,0.0,9,1,100.0,16,18,34,69.39,8,66.67,4,16,0,0,0,0,11,1,0,2,0,0,13,0,0,5,0,27,0,0,,,14,0,0.0,0,0,0,2,2,0,0,0,,5,17.86,0,0,1,15,0,2,0,0,194,0,,0,0,0,0,0.0,0,0,0,0,38,3,0,6.5,0,0,0,0,0,0,0,0,0.0,0.0,0,4,0,2,0,2,25.0,0,1,0,0.0,2,3,8,0,13,32.5,1,27,22,49,84.5,4,0,86,2,2,0,Marko Milovanović,Almería,1100957,2858
11,9,24.32,31,18,37.5,81,95,167,71.37,6,42.86,8,23,0,0,0,0,36,0,0,0,0,22,23,0,0,7,2,41,0,1,,,14,0,0.0,0,0,0,27,23,4,0,0,,44,57.14,0,0,0,67,10,6,0,11,1002,2,,0,0,0,0,0.0,0,0,0,0,150,1,0,6.5,0,0,0,0,0,0,0,0,0.0,0.0,0,1,0,0,1,14,56.0,0,21,11,52.38,6,26,25,37,50,54.95,48,153,118,234,149.5,1,0,501,9,6,0,Andrija Vukčević,FC Cartagena,280737,24329
23,14,22.95,101,31,36.05,223,182,391,71.22,9,33.33,18,30,0,0,0,0,66,2,0,1,2,25,29,0,0,15,15,93,1,0,,,32,0,0.0,0,0,0,29,23,6,0,0,,59,44.03,0,0,0,158,18,16,0,12,1403,0,,0,0,0,1,0.0,0,0,0,0,304,6,0,6.49,0,0,0,0,0,0,0,0,0.0,0.0,1,2,2,3,0,13,48.15,0,28,17,60.71,16,60,27,61,68,42.24,86,376,234,549,188.3,4,0,986,19,1,0,Julián Delmás,FC Cartagena,894158,24329
1,0,0.0,6,1,50.0,7,3,10,71.43,2,15.38,11,8,0,0,0,0,2,0,1,0,0,2,7,0,0,3,0,15,0,0,,,2,0,0.0,1,0,0,4,3,1,0,0,,3,42.86,0,0,0,4,1,0,0,0,88,0,,0,0,0,0,0.0,0,0,0,0,12,1,0,6.47,0,0,0,0,0,0,0,0,0.0,0.0,0,2,0,0,2,0,0.0,0,1,1,100.0,0,1,0,0,5,25.0,2,10,4,14,45.3,2,0,35,2,1,0,Ayman Arguigue,Huesca,1634376,24265
5,0,0.0,9,12,38.71,60,255,315,87.5,9,47.37,10,16,0,0,0,0,36,0,0,0,0,20,14,0,0,1,4,25,1,0,,,8,0,0.0,11,0,0,15,12,3,0,0,,19,55.88,0,0,0,45,6,0,0,5,581,0,,1,0,0,0,0.0,0,0,0,1,51,0,0,6.47,0,0,0,0,0,0,0,0,0.0,0.0,0,0,0,0,0,5,71.43,0,9,4,44.44,0,12,7,0,28,52.83,31,86,274,360,90.6,0,0,444,6,2,0,Jaime Sánchez,Deportivo de A Coruña,760692,2832
0,0,0.0,8,0,0.0,12,21,33,80.49,1,25.0,3,3,0,0,0,0,4,0,0,0,0,1,3,0,0,1,2,6,0,0,,,0,0,0.0,0,0,0,2,2,0,0,0,,3,50.0,0,0,0,8,1,0,0,1,105,0,,0,0,0,0,0.0,0,0,0,0,10,0,0,6.47,0,0,0,0,0,0,0,0,0.0,0.0,0,0,0,0,0,1,100.0,0,1,1,100.0,0,2,1,0,4,40.0,1,16,25,41,19.4,0,0,50,1,0,0,Álex Corredera,CD Tenerife,352654,2822
0,0,0.0,5,0,0.0,6,0,6,75.0,1,25.0,3,8,0,0,0,0,9,0,1,3,0,1,8,0,0,10,1,24,0,0,,,4,0,0.0,0,0,0,4,4,0,0,0,,10,32.26,0,0,0,2,1,1,0,0,137,1,,0,0,0,0,0.0,0,0,0,0,32,1,0,6.46,0,0,0,0,0,0,0,0,0.0,0.0,0,5,1,1,2,5,45.45,0,1,1,100.0,1,0,11,1,11,31.43,1,8,1,8,51.7,6,0,67,4,1,0,Fabrício Santos,Levante UD,975351,2849
0,0,0.0,6,1,100.0,9,6,15,55.56,5,45.45,6,9,0,0,0,0,4,0,2,1,0,1,9,0,0,4,2,19,0,0,,,2,0,0.0,0,0,0,2,2,0,0,0,,5,27.78,0,0,0,12,0,0,0,0,121,2,,0,0,0,0,0.0,0,0,0,0,22,1,0,6.46,0,0,0,0,0,0,0,0,0.0,0.0,0,5,0,3,1,1,16.67,0,2,1,50.0,0,1,6,0,10,34.48,1,19,8,27,58.1,5,0,53,2,0,0,Marcos Moreno,Albacete Balompié,1523969,2848
2,1,25.0,29,4,25.0,64,71,134,78.82,5,45.45,6,15,0,0,0,0,19,0,0,2,0,5,15,0,1,6,1,21,0,0,,,7,0,0.0,0,0,0,8,6,2,0,0,,12,44.44,0,0,0,36,2,2,0,5,525,0,,0,0,0,0,0.0,0,0,0,0,56,1,0,6.45,1,0,0,0,0,0,0,0,0.0,0.0,1,4,5,6,1,1,33.33,0,4,2,50.0,2,5,3,4,17,44.74,16,92,82,170,96.8,9,0,233,7,0,0,Alex López,Racing de Ferrol,105255,2843
0,0,0.0,8,0,0.0,12,8,20,71.43,1,100.0,0,2,0,0,0,0,1,0,0,0,0,1,2,0,0,4,1,6,0,0,,,0,0,0.0,0,0,0,4,4,0,0,0,,4,40.0,0,0,0,8,0,1,0,2,118,0,,0,0,0,0,0.0,0,0,0,0,22,0,0,6.45,0,0,0,0,0,0,0,0,0.0,0.0,0,0,0,0,0,1,50.0,0,2,2,100.0,1,0,2,5,5,45.45,0,23,10,28,12.9,0,0,50,1,0,0,Adrián Guerrero,Deportivo de A Coruña,1996736,2832
0,0,0.0,1,1,33.33,3,4,7,70.0,4,80.0,1,2,0,0,0,0,0,0,0,0,0,2,2,0,0,1,0,4,0,0,,,3,0,0.0,0,0,0,2,1,1,0,0,,1,25.0,0,0,0,3,0,0,0,1,56,0,,0,0,0,0,0.0,0,0,0,0,4,0,0,6.45,0,0,0,0,0,0,0,0,0.0,0.0,0,0,0,0,0,0,0.0,0,0,0,0.0,0,1,0,0,5,55.56,3,4,6,10,12.9,0,0,16,1,0,0,Adrián Pérez,CD Tenerife,1110141,2822
0,1,33.33,5,1,33.33,7,4,10,62.5,4,80.0,1,6,0,0,0,0,4,0,0,0,0,0,5,0,0,1,1,11,0,0,,,5,0,0.0,0,0,0,1,1,0,0,0,,2,16.67,0,0,0,6,1,2,0,0,55,0,,0,0,0,0,0.0,0,0,0,0,19,0,0,6.44,0,0,0,0,0,0,0,0,0.0,0.0,0,2,0,0,2,1,20.0,0,1,0,0.0,2,0,5,3,6,35.29,3,12,7,16,32.2,2,0,41,0,1,0,Marko Perović,Almería,1423518,2858
0,0,0.0,5,0,0.0,9,5,14,70.0,0,0.0,1,4,0,0,0,0,4,0,0,0,0,0,3,0,0,1,0,5,0,0,,,1,0,0.0,0,0,0,1,1,0,0,0,,1,20.0,0,0,0,6,0,1,0,0,40,0,,0,0,0,0,0.0,0,0,0,0,11,0,0,6.43,0,0,0,0,0,0,0,0,0.0,0.0,0,0,0,0,0,0,0.0,0,0,0,0.0,1,0,2,0,1,16.67,0,12,8,20,19.3,0,0,29,1,0,0,Alex Oyón,Sporting Gijón,1106691,2852
1,0,0.0,2,0,0.0,7,6,13,65.0,1,25.0,3,4,0,0,0,0,5,0,0,1,0,0,4,0,0,1,1,8,0,0,,,1,0,0.0,0,0,0,4,3,1,0,0,,1,16.67,0,0,0,7,1,0,0,1,143,0,,0,0,0,0,0.0,0,0,0,0,16,1,0,6.43,0,0,0,0,0,0,0,0,0.0,0.0,0,1,0,0,0,0,0.0,0,0,0,0.0,0,1,2,3,2,20.0,2,16,7,20,25.7,1,0,37,1,0,0,Kevin Sánchez,Deportivo de A Coruña,1604230,2832
6,0,0.0,4,23,30.67,14,51,65,55.56,1,100.0,0,5,0,0,0,0,39,0,0,0,0,5,5,0,0,0,1,2,0,0,,,1,0,0.0,49,0,0,8,8,0,0,0,,1,33.33,0,5,0,52,0,0,0,5,450,0,,0,0,0,0,0.0,2,0,0,0,53,0,4,6.42,0,0,0,3,4,7,0,2,0.0,0.0,0,0,0,0,0,0,0.0,0,0,0,0.0,0,19,0,0,2,50.0,75,57,60,117,32.1,0,0,155,1,2,0,Tomeu Nadal,Burgos Club de Fútbol,349126,2854
11,1,25.0,86,8,61.54,128,49,176,80.37,10,34.48,19,20,0,0,0,0,29,0,2,8,0,2,20,0,1,8,12,58,0,0,,,15,0,0.0,0,0,0,10,8,2,0,0,,25,39.06,0,0,0,43,1,7,0,5,580,1,,0,0,0,0,0.0,0,0,0,0,67,5,0,6.41,1,0,0,0,0,0,0,0,0.0,0.0,0,9,7,5,3,4,44.44,0,14,7,50.0,7,12,9,4,35,37.63,13,167,56,219,128.1,16,0,310,7,4,0,Jon Magunazelaia,Córdoba,1134396,2850
0,0,0.0,1,0,0.0,1,0,1,33.33,0,0.0,1,1,0,0,0,0,0,0,0,0,0,0,1,0,0,0,0,1,0,0,,,0,0,0.0,0,0,0,1,1,0,0,0,,0,0.0,0,0,0,2,0,0,0,0,8,0,,0,0,0,0,0.0,0,0,0,0,2,0,0,6.4,0,0,0,0,0,0,0,0,0.0,0.0,0,0,0,0,0,0,0.0,0,0,0,0.0,0,0,0,0,0,0.0,1,3,0,3,6.4,0,0,3,0,0,0,Etta Eyong,Cádiz,1393673,4488
2,0,0.0,2,2,66.67,5,24,29,87.88,1,25.0,3,1,0,0,0,0,2,0,0,0,0,4,1,0,0,0,0,3,0,0,,,0,0,0.0,0,0,0,2,2,0,0,0,,1,100.0,0,0,0,4,1,0,0,1,90,0,,0,0,0,0,0.0,0,0,0,0,5,0,0,6.4,0,0,0,0,0,0,0,0,0.0,0.0,0,0,0,0,0,0,0.0,0,0,0,0.0,0,4,0,0,2,40.0,3,7,26,33,6.4,0,0,41,1,0,0,Jorge Salinas,Real Racing Club,1861680,2835
2,1,33.33,7,0,0.0,12,4,15,71.43,0,0.0,2,1,0,0,0,0,5,0,0,0,0,0,1,0,0,3,2,10,0,0,,,0,0,0.0,0,0,0,1,1,0,0,0,,5,38.46,0,0,0,6,0,1,0,1,90,0,,0,0,0,0,0.0,0,0,0,0,16,2,0,6.4,0,0,0,0,0,0,0,0,0.0,0.0,0,0,0,0,0,1,25.0,0,2,2,100.0,1,3,4,3,5,33.33,0,19,5,21,6.4,0,0,41,2,0,0,Raul Alcaina,Deportivo de A Coruña,1009853,2832
1,0,0.0,2,0,0.0,3,6,9,64.29,0,0.0,0,1,0,0,0,0,6,0,0,0,0,2,1,0,0,1,2,4,0,0,,,2,0,0.0,0,0,0,0,0,0,0,0,,3,42.86,0,0,0,5,1,0,0,0,31,0,,0,0,0,0,0.0,0,0,0,0,10,0,0,6.4,0,0,0,0,0,0,0,0,0.0,0.0,0,0,0,0,0,1,100.0,0,1,0,0.0,0,1,1,1,3,42.86,4,9,6,14,6.4,0,0,26,1,0,0,Marcos Cuenca,Real Zaragoza,1164676,2815
0,0,0.0,1,0,0.0,2,3,5,83.33,0,0.0,0,1,0,0,0,0,0,0,0,0,0,1,1,0,0,0,1,1,0,0,,,0,0,0.0,0,0,0,1,1,0,0,0,,0,0.0,0,0,0,1,0,0,0,0,24,0,,0,0,0,0,0.0,0,0,0,0,1,0,0,6.4,0,0,0,0,0,0,0,0,0.0,0.0,0,0,0,0,0,0,0.0,0,0,0,0.0,0,0,0,0,0,0.0,0,3,3,6,6.4,0,0,11,0,0,0,Checo,FC Cartagena,1996733,24329
0,0,0.0,2,0,0.0,5,2,7,58.33,0,0.0,4,2,0,0,0,0,3,0,0,1,0,0,1,0,0,1,1,7,0,0,,,1,0,0.0,0,0,0,2,2,0,0,0,,3,50.0,0,0,0,5,0,1,0,1,48,0,,0,0,0,0,0.0,0,0,0,0,8,0,0,6.4,0,0,0,0,0,0,0,0,0.0,0.0,0,0,1,0,0,2,100.0,0,1,1,100.0,1,0,2,0,3,30.0,0,8,4,12,6.4,1,0,22,0,0,0,Aboubacar Bassinga,Mirandés,1636036,35092
0,0,0.0,1,0,0.0,3,4,7,87.5,0,0.0,2,2,0,0,0,0,0,0,0,0,0,0,2,0,0,0,0,2,0,0,,,0,0,0.0,0,0,0,2,2,0,0,0,,2,100.0,0,0,0,1,0,0,0,0,28,0,,0,0,0,0,0.0,0,0,0,0,1,0,0,6.4,0,0,0,0,0,0,0,0,0.0,0.0,0,0,0,0,0,0,0.0,0,0,0,0.0,0,0,0,0,2,50.0,0,4,4,8,12.8,0,0,11,2,0,0,Dylan Perera Plasencia,CD Tenerife,1092083,2822
0,0,0.0,2,16,33.33,17,6,23,41.82,0,0.0,0,3,0,0,0,0,8,0,0,0,0,2,3,0,0,0,0,0,0,0,,,0,0,0.0,20,0,0,7,7,0,0,0,,0,0.0,0,0,0,32,0,0,0,1,180,0,,0,0,0,0,0.0,0,0,0,0,33,0,1,6.4,0,0,0,4,3,7,0,3,0.0,0.0,0,0,0,0,0,0,0.0,0,0,0,0.0,0,1,0,0,0,0.0,48,45,10,55,19.2,0,0,69,0,0,0,Adrian Pereda,Huesca,1177725,24265
3,0,0.0,22,5,41.67,52,50,102,82.93,1,11.11,8,7,0,0,0,0,12,0,0,0,0,3,7,0,0,3,3,21,0,0,,,6,0,0.0,0,0,0,7,6,1,0,0,,8,38.1,0,0,0,21,1,0,0,4,324,0,,0,0,0,0,0.0,0,0,0,0,30,0,0,6.4,0,0,0,0,0,0,0,0,0.0,0.0,0,0,0,0,0,0,0.0,0,8,4,50.0,0,7,1,1,9,30.0,12,65,59,123,44.8,0,0,157,0,2,0,Raúl Navarro,Burgos Club de Fútbol,914196,2854
1,0,0.0,5,2,33.33,15,35,50,79.37,2,50.0,2,2,0,0,0,0,6,0,0,0,0,3,2,0,0,0,2,7,0,0,,,3,0,0.0,1,0,0,3,3,0,0,0,,1,16.67,0,0,0,13,2,0,0,1,102,0,,0,0,0,1,0.0,0,0,0,0,15,0,0,6.35,0,0,0,0,0,0,0,0,0.0,0.0,0,0,0,0,0,0,0.0,0,1,0,0.0,0,2,0,0,3,30.0,6,23,40,63,12.7,0,0,77,0,0,0,Matias Barboza,Córdoba,1511956,2850
13,0,0.0,14,23,56.1,54,159,213,86.23,4,33.33,8,5,0,0,0,0,15,0,0,0,0,16,5,0,0,2,0,18,1,1,,,7,0,0.0,4,0,0,9,9,0,0,0,,6,37.5,0,0,0,34,5,1,0,3,403,0,,0,0,0,2,0.0,0,0,0,0,40,0,0,6.32,0,0,0,0,0,0,0,0,0.0,0.0,0,1,0,0,1,2,66.67,0,2,2,100.0,1,21,3,0,10,35.71,41,78,169,247,31.6,1,0,295,2,2,0,Jaime Vázquez,Real Oviedo,1605665,2851
0,0,0.0,0,0,0.0,0,1,1,33.33,0,0.0,1,1,0,0,0,0,0,0,0,0,0,0,1,0,0,0,0,1,0,0,,,0,0,0.0,0,0,0,1,1,0,0,0,,2,100.0,0,0,0,2,0,0,0,0,12,0,,0,0,0,0,0.0,0,0,0,0,2,0,0,6.3,0,0,0,0,0,0,0,0,0.0,0.0,0,0,0,0,0,0,0.0,0,1,0,0.0,0,0,0,0,2,66.67,0,2,1,3,6.3,0,0,9,1,0,0,Borja Cortina,Levante UD,1470063,2849
0,0,0.0,0,0,0.0,1,5,6,60.0,1,50.0,1,1,0,0,0,0,1,0,0,0,0,0,1,0,0,1,0,2,0,0,,,0,0,0.0,0,0,0,2,2,0,0,0,,1,50.0,0,0,0,4,4,0,0,0,17,0,,0,0,0,0,0.0,0,0,0,0,5,1,0,6.3,0,0,0,0,0,0,0,0,0.0,0.0,0,0,1,1,0,1,100.0,0,0,0,0.0,0,0,1,0,2,50.0,1,3,7,10,6.3,1,0,18,0,0,0,Matías Oscar Pezzolesi,CD Tenerife,1971658,2822
3,0,0.0,10,45,37.19,32,102,134,63.51,1,50.0,1,9,0,0,0,0,57,0,0,0,1,5,9,0,1,0,0,1,1,0,,,1,0,0.0,85,0,0,14,7,7,0,0,,0,0.0,0,2,0,77,0,0,0,9,739,0,,0,0,0,0,0.0,2,0,1,0,77,0,3,6.26,1,0,1,9,8,17,0,5,0.0,0.0,0,0,0,0,0,0,0.0,1,0,0,0.0,0,12,0,0,1,50.0,121,102,109,211,56.3,0,0,262,0,0,0,Juan Pérez,Huesca,252777,24265
2,0,0.0,1,0,0.0,7,21,28,73.68,1,100.0,0,1,0,0,0,0,2,0,0,0,0,2,1,0,0,0,1,2,0,0,,,0,0,0.0,0,0,0,2,2,0,0,0,,0,0.0,0,0,0,10,1,0,0,1,45,0,,0,0,0,0,0.0,0,0,0,0,11,0,0,6.2,0,0,0,0,0,0,0,0,0.0,0.0,0,1,0,1,0,0,0.0,0,0,0,0.0,0,6,1,0,1,33.33,7,15,23,38,6.2,1,0,45,0,0,0,César Montes,Almería,818406,2858
0,0,0.0,0,0,0.0,0,1,1,50.0,0,0.0,0,1,0,0,0,0,1,0,0,0,0,0,1,0,0,1,0,2,0,0,,,1,0,0.0,0,0,0,2,2,0,0,0,,1,33.33,0,0,0,1,0,0,0,0,11,0,,0,0,0,0,0.0,0,0,0,0,2,0,0,6.2,0,0,0,0,0,0,0,0,0.0,0.0,0,0,0,0,0,1,100.0,0,0,0,0.0,0,1,1,0,1,33.33,0,0,2,2,6.2,0,0,4,0,0,0,Lucas Terrer,Real Zaragoza,1804805,2815
0,0,0.0,0,0,0.0,2,1,3,100.0,0,0.0,4,1,0,0,0,0,0,0,0,0,0,0,1,0,0,1,1,6,0,0,,,0,0,0.0,0,0,0,2,2,0,0,0,,1,33.33,0,0,0,0,0,0,0,0,30,1,,0,0,0,0,0.0,0,0,0,0,2,0,0,6.2,0,0,0,0,0,0,0,0,0.0,0.0,0,0,0,0,0,0,0.0,0,1,0,0.0,0,0,0,0,1,14.29,0,2,1,3,6.2,0,0,8,0,0,0,Francisco Sabina,CD Tenerife,1942251,2822
0,0,0.0,1,0,0.0,1,1,2,100.0,0,0.0,0,1,0,0,0,0,1,0,0,0,0,0,0,0,0,0,1,1,0,0,,,0,0,0.0,0,0,0,1,1,0,0,0,,0,0.0,0,0,0,0,0,0,0,0,1,0,,0,0,0,0,0.0,0,0,0,0,0,0,0,0.0,0,0,0,0,0,0,0,0,0.0,0.0,0,0,0,0,0,0,0.0,0,0,0,0.0,0,0,0,0,0,0.0,0,1,1,2,0.0,0,0,2,0,0,0,Luis Chacón,Deportivo de A Coruña,863388,2832
0,0,0.0,0,0,0.0,0,0,0,0.0,0,0.0,0,1,0,0,0,0,0,0,0,0,0,0,0,0,0,0,0,0,0,0,,,0,0,0.0,0,0,0,0,0,0,0,0,,0,0.0,0,0,0,0,0,0,0,0,1,0,,0,0,0,0,0.0,0,0,0,0,0,0,0,0.0,0,0,0,0,0,0,0,0,0.0,0.0,0,0,0,0,0,0,0.0,0,0,0,0.0,0,0,0,0,0,0.0,0,0,0,0,0.0,0,0,0,0,0,0,Victor Fernandez,Levante UD,1542829,2849
0,0,0.0,0,0,0.0,0,0,0,0.0,0,0.0,0,1,0,0,0,0,0,0,0,0,0,0,0,0,0,0,1,1,0,0,,,0,0,0.0,0,0,0,0,0,0,0,0,,0,0.0,0,0,0,0,0,0,0,0,2,0,,0,0,0,0,0.0,0,0,0,0,0,0,0,0.0,0,0,0,0,0,0,0,0,0.0,0.0,0,0,0,0,0,0,0.0,0,0,0,0.0,0,0,0,0,0,0.0,0,0,0,0,0.0,0,0,0,0,0,0,Albert Niculaesei,Elche,1982628,2846
0,0,0.0,0,0,0.0,0,0,0,0.0,1,100.0,0,1,0,0,0,0,0,0,0,0,0,2,0,0,0,0,0,0,0,0,,,0,0,0.0,0,0,0,0,0,0,0,0,,0,0.0,0,0,0,1,0,0,0,0,3,0,,0,0,0,0,0.0,0,0,0,0,1,0,0,0.0,0,0,0,0,0,0,0,0,0.0,0.0,0,0,0,0,0,0,0.0,0,0,0,0.0,0,0,0,0,1,100.0,1,0,1,1,0.0,0,0,3,0,0,0,Pedro Cedillo,Almería,2058130,2858
0,0,0.0,0,0,0.0,0,1,1,50.0,0,0.0,0,1,0,0,0,0,1,0,0,0,0,0,0,0,0,0,0,1,0,0,,,1,0,0.0,0,0,0,0,0,0,0,0,,0,0.0,0,0,0,1,0,0,0,0,1,0,,0,0,0,0,0.0,0,0,0,0,1,0,0,0.0,0,0,0,0,0,0,0,0,0.0,0.0,0,0,0,0,0,0,0.0,0,0,0,0.0,0,0,0,0,0,0.0,0,0,2,2,0.0,0,0,2,0,0,0,Pierre Mbemba,Sporting Gijón,1845491,2852
0,0,0.0,1,0,0.0,1,0,1,100.0,0,0.0,0,1,0,0,0,0,0,0,0,0,0,0,0,0,0,0,1,1,0,0,,,0,0,0.0,0,0,0,0,0,0,0,0,,0,0.0,0,0,0,0,0,0,0,0,1,0,,0,0,0,0,0.0,0,0,0,0,1,0,0,0.0,0,0,0,0,0,0,0,0,0.0,0.0,0,0,0,0,0,0,0.0,0,0,0,0.0,0,0,0,0,0,0.0,0,1,0,1,0.0,0,0,2,0,0,0,Alejandro Alfaro,Deportivo de A Coruña,1396199,2832
0,0,0.0,0,0,0.0,0,0,0,0.0,0,0.0,0,1,0,0,0,0,0,0,0,0,0,0,0,0,0,0,0,0,0,0,,,0,0,0.0,0,0,0,0,0,0,0,0,,1,100.0,0,0,0,1,0,0,0,0,2,0,,0,0,0,0,0.0,0,0,0,0,2,0,0,0.0,0,0,0,0,0,0,0,0,0.0,0.0,0,0,0,0,0,0,0.0,0,0,0,0.0,0,0,0,0,1,100.0,1,1,0,1,0.0,0,0,3,1,0,0,Samu Cortes,Granada,2025179,33779
0,0,0.0,1,0,0.0,1,0,1,50.0,0,0.0,0,1,0,0,0,0,0,0,0,0,0,0,0,0,0,0,0,0,0,0,,,0,0,0.0,0,0,0,0,0,0,0,0,,0,0.0,0,0,0,1,0,0,0,0,3,0,,0,0,0,0,0.0,0,0,0,0,1,0,0,0.0,0,0,0,0,0,0,0,0,0.0,0.0,0,1,0,1,0,0,0.0,0,0,0,0.0,0,0,0,0,0,0.0,0,2,0,2,0.0,1,0,3,0,0,0,Ismael Alvarez Martin,Cádiz,2141294,4488
0,0,0.0,0,0,0.0,0,1,1,100.0,0,0.0,0,1,0,0,0,0,1,0,0,0,0,0,0,0,0,0,0,0,0,0,,,0,0,0.0,0,0,0,0,0,0,0,0,,0,0.0,0,0,0,0,0,0,0,0,3,0,,0,0,0,0,0.0,0,0,0,0,0,0,0,0.0,0,0,0,0,0,0,0,0,0.0,0.0,0,0,0,0,0,0,0.0,0,0,0,0.0,0,0,0,0,0,0.0,0,0,1,1,0.0,0,0,1,0,0,0,Valen Gomez,Almería,1898413,2858
0,0,0.0,1,0,0.0,2,0,2,100.0,0,0.0,0,1,0,0,0,0,2,0,0,0,0,0,0,0,0,0,0,0,0,0,,,0,0,0.0,0,0,0,0,0,0,0,0,,0,0.0,0,0,0,0,0,0,0,0,1,0,,0,0,0,0,0.0,0,0,0,0,0,0,0,0.0,0,0,0,0,0,0,0,0,0.0,0.0,0,0,0,0,0,0,0.0,0,0,0,0.0,0,0,0,0,0,0.0,0,2,0,2,0.0,0,0,2,0,0,0,Lorenzo Sánchez,Almería,1431604,2858
0,0,0.0,0,0,0.0,0,0,0,0.0,0,0.0,1,1,0,0,0,0,0,0,0,0,0,0,0,0,0,0,0,1,0,0,,,0,0,0.0,0,0,0,0,0,0,0,0,,1,100.0,0,0,0,0,0,0,0,0,1,0,,0,0,0,0,0.0,0,0,0,0,0,0,0,0.0,0,0,0,0,0,0,0,0,0.0,0.0,0,0,0,0,0,0,0.0,0,1,1,100.0,0,0,0,0,1,50.0,0,0,0,0,0.0,0,0,2,0,0,0,Jaime Escario,Huesca,1895832,24265
