accurateChippedPasses,accurateCrosses,accurateCrossesPercentage,accurateFinalThirdPasses,accurateLongBalls,accurateLongBallsPercentage,accurateOppositionHalfPasses,accurateOwnHalfPasses,accuratePasses,accuratePassesPercentage,aerialDuelsWon,aerialDuelsWonPercentage,aerialLost,appearances,assists,attemptPenaltyMiss,attemptPenaltyPost,attemptPenaltyTarget,ballRecovery,bigChancesCreated,bigChancesMissed,blockedShots,cleanSheet,clearances,countRating,crossesNotClaimed,directRedCards,dispossessed,dribbledPast,duelLost,errorLeadToGoal,errorLeadToShot,expectedAssists,expectedGoals,fouls,freeKickGoal,goalConversionPercentage,goalKicks,goals,goalsAssistsSum,goalsConceded,goalsConcededInsideTheBox,goalsConcededOutsideTheBox,goalsFromInsideTheBox,goalsFromOutsideTheBox,goalsPrevented,groundDuelsWon,groundDuelsWonPercentage,headedGoals,highClaims,hitWoodwork,inaccuratePasses,interceptions,keyPasses,leftFootGoals,matchesStarted,minutesPlayed,offsides,outfielderBlocks,ownGoals,passToAssist,penaltiesTaken,penaltyConceded,penaltyConversion,penaltyFaced,penaltyGoals,penaltySave,penaltyWon,possessionLost,possessionWonAttThird,punches,rating,redCards,rightFootGoals,runsOut,savedShotsFromInsideTheBox,savedShotsFromOutsideTheBox,saves,savesCaught,savesParried,scoringFrequency,setPieceConversion,shotFromSetPiece,shotsFromInsideTheBox,shotsFromOutsideTheBox,shotsOffTarget,shotsOnTarget,successfulDribbles,successfulDribblesPercentage,successfulRunsOut,tackles,tacklesWon,tacklesWonPercentage,totalAttemptAssist,totalChippedPasses,totalContest,totalCross,totalDuelsWon,totalDuelsWonPercentage,totalLongBalls,totalOppositionHalfPasses,totalOwnHalfPasses,totalPasses,totalRating,totalShots,totwAppearances,touches,wasFouled,yellowCards,yellowRedCards,player,team,player id,team id
3,0,0.0,1,5,45.45,2,24,26,81.25,0,0.0,0,1,0,0,0,0,14,0,0,0,0,1,1,0,0,0,0,0,0,0,0.0,,0,0,0.0,4,0,0,1,1,0,0,0,2.22,0,0.0,0,0,0,6,0,0,0,1,90,0,0,0,0,0,0,0.0,0,0,0,0,6,0,1,8.1,0,0,1,5,1,6,0,1,0.0,0.0,0,0,0,0,0,0,0.0,1,0,0,0.0,0,4,0,0,0,0.0,11,6,26,32,8.1,0,0,47,0,1,0,Adrián,Real Betis,50539,2816
34,23,28.05,569,32,47.06,879,215,1094,81.1,0,0.0,5,28,11,0,1,0,99,26,7,32,6,3,28,0,0,40,11,194,0,0,10.09,12.81,28,0,13.68,0,16,27,23,22,1,14,2,,220,53.79,0,0,4,255,10,73,14,26,2268,14,0,0,1,4,0,75.0,0,3,0,2,569,19,0,7.93,0,2,0,0,0,0,0,0,141.75,0.0,4,75,42,48,37,133,54.73,0,35,21,60.0,72,105,243,82,220,53.14,68,1109,240,1349,222.0,117,9,2138,52,1,0,Lamine Yamal,FC Barcelona,1402912,2817
0,0,0.0,3,8,80.0,4,17,21,91.3,2,100.0,0,1,0,0,0,0,10,0,0,0,0,0,1,0,0,0,0,0,0,0,0.0,,0,0,0.0,5,0,0,1,1,0,0,0,0.26,0,0.0,0,5,0,2,0,0,0,1,90,0,0,0,0,0,0,0.0,0,0,0,0,4,0,0,7.9,0,0,0,2,0,2,0,1,0.0,0.0,0,0,0,0,0,0,0.0,0,0,0,0.0,0,0,0,0,2,100.0,10,5,18,23,7.9,0,0,41,0,0,0,Angel Fortuno,Espanyol,1082734,2814
1,0,0.0,3,15,35.71,9,20,29,50.88,2,100.0,0,2,0,0,0,0,25,0,0,0,0,6,2,0,0,0,0,0,0,0,0.0,,0,0,0.0,26,0,0,5,4,1,0,0,-0.26,0,0.0,0,2,0,28,0,0,0,2,180,0,0,0,0,0,0,0.0,0,0,0,0,28,0,5,7.75,0,0,0,6,4,11,0,2,0.0,0.0,0,0,0,0,0,0,0.0,0,0,0,0.0,0,2,0,0,2,100.0,42,36,21,57,15.5,0,1,90,0,0,0,Pablo Cunat Campos,Levante UD,2660173,2849
17,0,0.0,4,30,44.12,17,68,85,69.11,0,0.0,0,4,0,0,0,0,27,0,0,0,1,10,4,0,0,0,0,0,0,0,0.0,,0,0,0.0,13,0,0,7,7,0,0,0,3.25,1,100.0,0,0,0,38,0,0,0,4,360,0,0,0,0,0,0,0.0,2,0,1,0,41,0,6,7.75,0,0,3,11,9,20,0,6,0.0,0.0,0,0,0,0,0,0,0.0,3,1,1,100.0,0,34,0,0,1,100.0,68,45,78,123,31.0,0,1,174,0,0,0,Dani Cárdenas,Rayo Vallecano,965832,2818
4,0,0.0,1,11,39.29,8,13,21,55.26,0,0.0,0,1,0,0,0,0,13,0,0,0,0,1,1,0,0,0,0,0,0,0,0.0,,0,0,0.0,10,0,0,1,1,0,0,0,0.76,0,0.0,0,1,0,17,0,0,0,1,90,0,0,0,0,0,0,0.0,0,0,0,0,17,0,1,7.7,0,0,1,6,1,7,0,1,0.0,0.0,0,0,0,0,0,0,0.0,1,0,0,0.0,0,6,0,0,0,0.0,28,17,21,38,7.7,0,0,52,0,1,0,Unai Marrero,Real Sociedad,1094782,2824
1,0,0.0,9,5,62.5,37,50,87,94.57,4,44.44,5,1,0,0,0,0,3,0,0,0,0,5,1,0,0,1,0,6,0,0,0.03,,0,0,0.0,1,0,0,1,1,0,0,0,,3,75.0,0,0,0,5,1,0,0,1,90,0,1,0,0,0,0,0.0,0,0,0,0,7,0,0,7.6,0,0,0,0,0,0,0,0,0.0,0.0,0,0,0,0,0,1,100.0,0,1,1,100.0,0,2,1,0,7,53.85,8,41,51,92,7.6,0,0,109,1,0,0,Álvaro Cortés,FC Barcelona,1464652,2817
2,0,0.0,1,16,44.44,11,20,31,60.78,0,0.0,0,2,0,0,0,0,14,0,0,0,0,1,2,0,0,0,0,0,0,0,0.0,,0,0,0.0,13,0,0,3,3,0,0,0,1.05,1,100.0,0,2,0,20,0,0,0,1,136,0,0,0,0,0,0,0.0,1,0,0,0,20,0,0,7.6,0,0,1,6,3,9,0,2,0.0,0.0,0,0,0,0,0,1,100.0,1,0,0,0.0,0,4,1,0,1,100.0,36,30,21,51,15.2,0,0,71,0,3,0,Aitor Fernández,Osasuna,99516,2820
40,6,22.22,504,34,80.95,715,148,863,86.47,7,70.0,3,31,5,0,0,1,44,8,21,36,8,0,31,0,0,41,8,132,0,0,6.2,23.95,13,0,17.12,0,25,30,26,21,5,19,6,,118,47.77,0,0,3,135,2,65,2,29,2604,39,0,0,0,9,0,88.89,0,8,0,4,345,21,0,7.56,0,23,0,0,0,0,0,0,104.16,0.0,6,103,43,47,63,78,52.35,0,4,1,25.0,65,61,149,27,125,48.64,42,840,158,998,234.4,146,9,1541,36,4,0,Kylian Mbappé,Real Madrid,826643,2829
88,5,38.46,664,94,68.61,1279,603,1882,91.58,10,83.33,2,29,9,0,0,0,163,8,4,5,4,23,29,0,0,29,32,90,0,1,5.39,1.57,9,0,9.52,0,2,11,20,19,1,1,1,,131,59.82,0,0,0,173,24,64,1,23,2107,1,2,0,1,0,0,0.0,0,0,0,0,267,18,0,7.56,1,1,0,0,0,0,0,0,1053.5,0.0,0,10,11,6,10,38,67.86,0,50,29,58.0,63,140,56,13,141,61.04,137,1412,643,2055,219.2,21,7,2463,43,0,1,Pedri,FC Barcelona,992587,2817
21,19,25.68,249,27,57.45,390,129,519,81.22,3,42.86,4,22,3,0,0,0,47,11,6,16,3,11,22,0,0,13,14,60,0,0,5.81,10.36,10,1,20.0,0,13,16,9,8,1,10,3,,46,45.1,1,0,5,120,5,43,10,18,1388,4,1,0,2,3,0,100.0,0,3,0,1,248,13,0,7.51,0,2,0,0,0,0,0,0,106.77,25.0,4,39,26,25,24,21,51.22,0,15,6,40.0,41,42,41,74,49,44.95,47,498,141,639,165.2,65,5,980,10,5,0,Raphinha,FC Barcelona,831005,2817
42,9,14.75,555,38,64.41,812,127,939,83.17,0,0.0,6,36,5,0,0,1,88,7,13,26,4,1,36,0,0,44,13,206,0,1,5.6,13.65,38,0,15.84,0,16,21,30,23,7,14,2,,197,49.62,0,0,4,190,2,70,2,32,2825,13,0,0,0,5,0,80.0,0,4,0,4,511,23,0,7.5,0,14,0,0,0,0,0,0,176.56,0.0,0,74,27,29,46,87,44.62,0,29,15,51.72,70,70,195,61,197,48.88,59,980,149,1129,270.0,101,9,1871,81,8,0,Vinícius Júnior,Real Madrid,868812,2829
0,0,0.0,3,0,0.0,5,1,6,85.71,1,50.0,1,1,0,0,0,0,1,0,1,0,0,0,1,0,0,1,0,4,0,0,0.03,0.4,2,0,33.33,0,1,1,0,0,0,0,1,,1,25.0,0,0,0,1,0,0,0,0,27,0,0,0,0,0,0,0.0,0,0,0,0,4,1,0,7.5,0,1,0,0,0,0,0,0,27.0,0.0,0,1,2,1,2,0,0.0,0,1,0,0.0,0,0,0,0,2,33.33,1,6,1,7,7.5,3,0,14,0,0,0,Iker Luque,Atlético Madrid,1544428,2836
144,0,0.0,58,274,49.91,186,704,890,75.42,12,100.0,0,22,0,0,0,0,229,0,0,0,4,23,22,0,0,0,5,5,2,3,0.12,,0,0,0.0,115,0,0,29,21,8,0,0,-0.89,6,54.55,0,23,0,290,1,3,0,22,1980,0,0,0,1,0,0,0.0,5,0,0,0,296,0,10,7.36,0,0,21,42,21,64,0,18,0.0,0.0,0,0,0,0,0,0,0.0,17,0,0,0.0,2,219,0,0,18,78.26,549,427,753,1180,162.0,0,1,1400,7,1,0,Matías Dituro,Elche,556884,2846
44,0,0.0,4,88,51.16,26,742,768,89.72,7,100.0,0,30,0,0,0,0,277,0,0,0,15,40,30,0,0,1,0,1,1,0,0.01,,0,0,0.0,103,0,0,21,20,1,0,0,10.24,11,91.67,0,20,0,88,2,0,0,30,2700,0,0,0,0,0,0,0.0,3,0,0,0,93,0,6,7.34,0,0,52,60,13,74,2,12,0.0,0.0,0,0,0,0,0,1,100.0,52,6,4,66.67,0,61,1,0,18,94.74,172,85,771,856,220.2,0,1,1199,4,1,0,Joan García,FC Barcelona,930267,2817
53,7,23.33,577,68,60.18,1098,618,1716,90.13,22,62.86,13,33,8,0,0,0,142,8,1,10,10,51,33,0,1,8,11,63,1,1,4.74,2.89,18,0,9.8,0,5,13,28,22,6,2,3,,78,60.94,0,0,1,188,24,43,0,31,2746,1,8,0,0,0,0,0.0,0,0,0,0,263,12,0,7.29,1,5,0,0,0,0,0,0,549.2,0.0,4,12,39,19,22,23,63.89,0,41,25,60.98,43,76,36,30,100,61.35,113,1240,664,1904,240.7,51,2,2322,14,3,0,Federico Valverde,Real Madrid,831808,2829
12,9,16.07,264,14,60.87,456,177,633,79.32,31,41.89,43,29,8,0,0,0,120,11,8,20,3,14,29,0,0,44,25,181,0,1,3.46,9.2,28,0,13.7,0,10,18,34,25,9,9,1,,163,54.15,0,0,4,165,16,32,2,26,2255,4,1,0,0,0,0,0.0,0,0,0,1,390,25,0,7.29,0,8,0,0,0,0,0,0,225.5,0.0,3,48,25,27,26,39,45.35,0,53,32,60.38,32,34,86,56,194,51.73,23,574,224,798,211.5,73,4,1411,71,3,0,Abdessamad Ezzalzouli,Real Betis,1011375,2816
51,0,0.0,253,114,64.77,731,761,1492,89.83,50,60.24,33,28,2,0,0,0,74,1,2,4,7,129,28,0,1,2,6,59,0,3,1.18,2.26,21,0,10.0,16,2,4,18,14,4,2,0,,46,63.89,1,0,0,169,19,10,0,24,2037,1,17,0,0,0,1,0.0,0,0,0,0,180,1,0,7.28,1,1,0,0,0,0,0,0,1018.5,0.0,0,16,4,11,5,2,100.0,0,31,17,54.84,10,91,2,1,96,61.94,176,863,798,1661,203.7,20,7,1954,13,7,0,Dean Huijsen,Real Madrid,1176744,2829
37,0,0.0,87,43,53.09,297,400,697,90.87,26,55.32,21,16,1,0,0,0,56,2,1,3,4,52,16,0,0,1,3,41,0,1,0.71,1.78,15,0,9.52,18,2,3,9,7,2,1,1,,39,66.1,1,0,1,70,11,8,0,14,1141,0,12,0,0,0,0,0.0,0,0,0,0,85,3,0,7.27,0,1,0,0,0,0,0,0,570.5,0.0,0,17,4,9,9,3,50.0,0,23,16,69.57,8,70,6,1,65,61.32,81,354,413,767,116.3,21,2,949,13,2,0,Éder Militão,Real Madrid,822519,2829
49,4,66.67,468,45,81.82,972,443,1415,94.21,8,50.0,8,25,5,0,0,0,86,9,0,2,5,15,25,0,0,12,10,42,0,0,3.72,1.17,10,0,14.29,0,1,6,21,19,2,1,0,,77,69.37,0,0,0,87,17,35,0,16,1637,2,4,0,0,0,0,0.0,0,0,0,0,122,6,0,7.26,1,1,0,0,0,0,0,0,1637.0,0.0,0,6,1,3,2,5,71.43,0,45,18,40.0,35,65,7,6,85,66.93,55,1032,470,1502,181.6,7,2,1696,27,4,1,Frenkie de Jong,FC Barcelona,795222,2817
42,4,25.0,365,69,79.31,690,360,1050,89.21,35,57.38,26,28,4,0,0,0,105,4,8,19,7,18,27,0,0,33,13,130,0,0,2.19,7.26,33,0,11.76,0,6,10,19,14,5,5,1,,142,57.72,1,0,0,127,14,36,2,22,1917,4,2,0,0,0,0,0.0,0,0,0,0,250,20,0,7.26,0,3,0,0,0,0,0,0,319.5,0.0,0,33,18,6,26,37,55.22,0,51,34,66.67,36,59,67,16,177,57.65,87,798,379,1177,196.0,51,3,1625,55,3,0,Jude Bellingham,Real Madrid,991011,2829
13,11,26.83,372,26,56.52,558,220,778,85.78,6,50.0,6,24,2,0,0,0,80,11,0,16,1,9,24,0,0,40,23,151,0,0,4.42,3.4,18,0,9.8,0,5,7,23,19,4,4,1,,153,51.34,0,0,1,129,16,36,0,20,1766,1,1,0,1,1,0,100.0,0,1,0,1,349,12,0,7.24,0,5,0,0,0,0,0,0,353.2,0.0,3,23,28,16,19,69,51.88,0,23,14,60.87,35,29,133,41,159,51.29,46,664,243,907,173.8,51,4,1440,63,7,0,Azzedine Ounahi,Girona FC,991421,24264
82,0,0.0,53,277,46.17,168,641,809,70.9,17,94.44,1,36,0,0,0,0,301,0,0,1,9,43,36,1,0,0,1,2,0,1,0.07,0.16,0,0,0.0,250,0,0,56,47,9,0,0,0.71,4,80.0,0,40,0,332,1,0,0,36,3240,0,0,0,0,0,0,0.0,4,0,1,0,338,0,14,7.24,0,0,24,87,37,126,1,27,0.0,0.0,0,2,0,1,0,0,0.0,24,2,1,50.0,0,122,0,0,21,91.3,600,421,720,1141,260.7,2,3,1559,1,4,0,Mathew Ryan,Levante UD,134029,2849
23,24,33.33,334,18,51.43,497,229,726,82.41,18,41.86,25,36,8,0,0,0,110,13,7,20,3,24,36,0,0,43,22,175,0,0,6.38,8.26,23,0,12.7,0,8,16,35,32,3,8,0,,132,46.81,0,0,3,155,16,57,8,26,2396,14,1,0,3,1,0,100.0,0,1,0,3,396,18,0,7.24,0,0,0,0,0,0,0,0,299.5,0.0,1,47,16,18,25,59,47.97,0,31,21,67.74,54,41,123,72,150,46.15,35,618,263,881,260.6,63,5,1480,43,4,0,Nicolas Pépé,Villarreal,593526,2819
100,0,0.0,47,299,42.23,203,618,821,66.1,5,100.0,0,36,1,0,0,0,299,1,0,0,10,49,36,0,0,0,0,0,2,2,0.14,,1,0,0.0,234,0,1,56,48,8,0,0,5.96,9,100.0,0,20,0,421,0,2,0,36,3240,0,0,0,0,0,0,0.0,7,0,2,0,432,0,14,7.24,0,0,35,98,48,148,0,38,0.0,0.0,0,0,0,0,0,2,100.0,32,0,0,0.0,2,167,2,0,14,100.0,708,507,735,1242,260.5,0,3,1615,8,3,0,Aarón Escandell,Real Oviedo,368922,2851
40,1,14.29,428,66,61.68,1043,708,1751,91.53,72,75.79,23,33,0,0,0,0,144,4,4,15,8,55,33,0,0,5,16,80,0,2,2.95,2.66,31,0,2.22,0,1,1,26,21,5,1,0,,98,63.23,0,0,0,162,47,25,0,31,2622,0,13,0,0,0,0,0.0,0,0,0,0,204,10,0,7.23,0,1,0,0,0,0,0,0,2622.0,0.0,0,23,22,23,7,3,30.0,0,68,41,60.29,25,72,10,7,170,68.0,107,1161,752,1913,238.5,45,1,2292,27,8,0,Aurélien Tchouaméni,Real Madrid,859025,2829
30,1,50.0,147,28,51.85,307,308,615,86.99,19,54.29,16,16,0,0,0,0,80,1,0,2,3,40,16,0,0,17,20,80,0,2,0.83,1.0,21,0,26.67,0,4,4,19,18,1,3,1,,79,55.24,1,0,0,92,10,7,0,14,1308,0,7,0,0,0,1,0.0,0,0,0,0,134,8,0,7.23,0,3,0,0,0,0,0,0,327.0,0.0,0,11,4,8,5,10,52.63,0,41,27,65.85,7,45,19,2,98,55.06,54,376,331,707,115.6,15,2,947,28,4,0,Guido Rodríguez,Valencia,609752,2828
65,0,0.0,96,389,38.75,318,186,504,44.92,3,75.0,1,38,0,0,0,0,314,0,0,0,12,35,38,2,0,0,0,1,3,0,0.12,,0,0,0.0,287,0,0,38,30,8,0,0,7.09,2,100.0,0,10,0,618,0,1,0,38,3420,0,0,0,0,0,0,0.0,4,0,2,0,633,0,12,7.21,0,0,25,82,33,118,3,25,0.0,0.0,0,0,0,0,0,0,0.0,25,0,0,0.0,1,95,0,0,5,83.33,1004,893,229,1122,273.9,0,4,1382,3,2,0,David Soria,Getafe,604258,2859
2,1,100.0,18,1,25.0,23,4,27,62.79,9,56.25,7,3,1,0,0,0,7,1,1,2,1,2,3,0,0,8,0,34,0,0,0.51,1.42,10,0,16.67,0,1,2,4,4,0,1,0,,15,35.71,0,0,0,16,0,4,1,3,270,1,0,0,0,0,0,0.0,0,0,0,0,55,0,0,7.2,0,0,0,0,0,0,0,0,270.0,0.0,0,5,1,3,1,6,40.0,0,2,2,100.0,4,2,15,1,24,41.38,4,38,5,43,21.6,6,1,122,8,1,0,Christantus Uche,Getafe,1884145,2859
3,5,50.0,25,5,71.43,44,18,62,86.11,0,0.0,0,2,0,0,0,0,3,1,0,0,0,0,2,0,0,2,1,7,0,0,0.86,0.08,3,0,50.0,0,1,1,5,3,2,0,1,,4,36.36,0,0,1,10,1,9,1,2,180,0,0,0,0,0,0,0.0,0,0,0,0,30,0,0,7.2,0,0,0,0,0,0,0,0,180.0,0.0,0,1,1,1,1,1,33.33,0,0,0,0.0,9,4,3,10,4,36.36,7,52,20,72,14.4,2,0,109,3,0,0,Dodi Lukebakio,Sevilla,823631,2833
58,0,0.0,31,118,34.81,83,575,658,74.02,3,100.0,0,16,0,0,0,0,151,1,0,0,4,20,16,1,0,0,5,5,1,1,0.19,,0,0,0.0,78,0,0,28,24,4,0,0,3.0,0,0.0,0,8,0,231,0,3,0,16,1440,0,0,0,0,0,0,0.0,2,0,0,0,236,0,2,7.19,0,0,17,41,14,55,0,15,0.0,0.0,0,0,0,0,0,0,0.0,16,0,0,0.0,3,138,0,0,3,37.5,339,257,632,889,115.1,0,2,1052,1,0,0,Iñaki Peña,Elche,794949,2846
31,17,25.76,438,20,54.05,693,287,980,81.94,7,33.33,14,32,6,0,0,0,123,10,13,23,2,17,32,0,1,23,24,109,0,1,6.08,8.79,20,0,8.89,0,8,14,36,27,9,3,5,,110,53.66,0,0,2,216,24,56,7,30,2459,2,1,0,0,0,0,0.0,0,0,0,0,374,18,0,7.19,1,1,0,0,0,0,0,0,307.38,0.0,1,48,42,33,34,27,46.55,0,39,23,58.97,56,62,58,66,117,51.77,37,863,333,1196,230.0,90,4,1697,44,6,0,Antony,Real Betis,958380,2816
45,0,0.0,247,71,57.72,1022,1606,2628,94.94,65,62.5,39,31,0,0,0,0,104,1,0,3,11,147,31,0,0,4,13,78,0,2,0.73,0.54,25,0,10.0,6,1,1,29,27,2,1,0,,52,57.14,1,0,0,140,30,5,0,31,2708,0,12,0,0,0,0,0.0,0,0,0,0,153,0,0,7.18,0,0,0,0,0,0,0,0,2708.0,0.0,0,8,2,5,2,1,100.0,0,42,27,64.29,5,72,1,0,117,60.0,123,1112,1656,2768,222.6,10,4,3084,9,3,0,Pau Cubarsí,FC Barcelona,1402913,2817
71,39,30.0,518,73,73.0,851,369,1220,90.71,4,30.77,9,33,9,0,0,0,101,14,3,14,2,9,33,0,0,16,21,82,1,1,7.18,4.57,21,0,8.16,0,4,13,21,19,2,3,1,,105,58.99,1,0,0,125,9,70,3,25,2026,3,2,0,0,0,1,0.0,0,0,0,0,292,11,0,7.17,0,0,0,0,0,0,0,0,506.5,0.0,1,23,26,16,19,27,62.79,0,46,29,63.04,70,94,43,130,109,57.07,100,959,386,1345,236.7,49,2,1792,32,1,0,Arda Güler,Real Madrid,1091116,2829
49,3,12.0,594,45,65.22,1147,606,1753,89.53,6,27.27,16,36,2,0,0,0,174,3,1,9,7,22,36,0,0,47,28,160,0,2,3.12,2.21,34,0,8.7,0,2,4,52,40,12,2,0,,245,62.98,0,0,1,205,27,27,0,36,3166,1,4,0,0,0,1,0.0,0,0,0,0,392,20,0,7.16,0,2,0,0,0,0,0,0,1583.0,0.0,0,15,8,6,8,52,57.78,0,77,47,61.04,27,76,90,25,251,61.07,69,1312,646,1958,257.7,23,6,2563,117,10,0,Aleix Febas,Elche,286167,2846
23,1,100.0,45,31,52.54,154,353,507,89.73,9,56.25,7,13,0,0,0,0,46,0,0,1,3,56,13,0,0,1,1,18,0,2,0.18,0.12,8,0,0.0,19,0,0,9,6,3,0,0,,24,68.57,0,0,0,58,16,0,0,12,936,0,10,0,0,0,0,0.0,0,0,0,0,63,1,0,7.15,0,0,0,0,0,0,0,0,0.0,0.0,0,2,0,1,0,3,75.0,0,20,13,65.0,0,42,4,1,33,64.71,59,190,375,565,92.9,2,3,692,1,2,0,Juan Foyth,Villarreal,873189,2819
35,0,0.0,71,214,32.13,171,363,534,54.05,8,100.0,0,37,0,0,0,0,342,0,0,0,10,33,37,0,0,0,2,2,1,2,0.39,,0,0,0.0,229,0,0,54,45,9,0,0,2.09,7,77.78,0,45,0,454,0,1,0,37,3330,0,0,0,0,0,0,0.0,5,0,0,0,465,0,17,7.13,0,0,27,89,43,133,1,26,0.0,0.0,0,0,0,0,0,0,0.0,26,3,2,66.67,1,68,0,0,15,88.24,666,575,413,988,263.9,0,4,1376,5,0,0,Marko Dmitrović,Espanyol,94527,2814
25,2,18.18,167,37,67.27,272,178,450,79.23,19,47.5,21,22,0,0,0,0,41,4,3,12,0,17,22,0,0,18,18,81,0,0,2.27,6.3,14,0,25.64,0,10,10,16,15,1,8,2,,48,44.44,2,0,0,118,4,23,7,16,1350,6,1,0,0,3,0,100.0,0,3,0,1,196,6,0,7.13,0,1,0,0,0,0,0,0,135.0,0.0,0,32,7,11,16,17,54.84,0,15,8,53.33,23,44,31,11,67,45.27,55,362,206,568,156.9,39,3,794,16,0,0,Gerard Moreno,Villarreal,146866,2819
15,2,25.0,79,24,38.1,291,514,805,88.07,59,77.63,17,19,1,0,0,0,60,1,0,1,5,85,19,0,0,5,3,41,0,2,0.6,0.92,16,0,9.09,0,1,2,16,12,4,1,0,,43,64.18,1,0,0,109,20,3,0,15,1382,1,15,0,0,0,0,0.0,0,0,0,0,142,0,0,7.13,0,0,0,0,0,0,0,0,1382.0,0.0,0,9,2,6,4,4,80.0,0,25,15,60.0,3,44,5,8,102,71.33,63,367,547,914,135.5,11,3,1174,14,2,0,Marc Pubill,Atlético Madrid,1094106,2836
13,10,32.26,135,15,55.56,257,219,476,87.18,7,53.85,6,16,2,0,0,0,57,6,0,5,4,17,16,0,0,6,15,59,0,3,1.98,0.5,11,0,15.38,0,2,4,6,5,1,1,1,,66,55.46,0,0,1,70,10,15,1,11,962,4,2,0,0,0,0,0.0,0,0,0,1,144,4,0,7.13,0,1,0,0,0,0,0,0,481.0,0.0,1,4,9,4,4,25,54.35,0,27,20,74.07,15,28,46,31,73,55.3,27,311,235,546,114.0,13,1,806,14,1,0,João Cancelo,FC Barcelona,138892,2817
66,35,25.0,530,92,66.67,983,576,1559,86.71,15,27.78,39,37,6,0,0,0,159,10,2,15,4,20,37,0,0,31,38,159,0,0,5.9,3.92,32,1,20.45,0,9,15,38,31,7,6,3,,89,42.58,1,0,1,239,34,87,1,34,2865,13,3,0,2,0,0,0.0,0,0,0,0,447,28,0,7.12,0,7,0,0,0,0,0,0,318.33,50.0,2,20,24,10,19,25,54.35,0,39,26,66.67,85,110,46,140,104,39.54,138,1178,620,1798,263.6,44,4,2350,26,2,0,Pablo Fornals,Real Betis,816763,2816
36,1,7.14,491,70,55.12,1141,1024,2165,92.17,44,54.32,37,34,2,0,0,0,113,3,3,8,11,78,34,0,0,11,23,107,0,1,2.4,2.96,33,0,4.0,1,1,3,22,20,2,1,0,,99,58.58,0,0,0,184,48,31,1,32,2730,1,7,0,0,0,1,0.0,0,0,0,0,243,10,0,7.11,0,0,0,0,0,0,0,0,2730.0,0.0,0,18,7,10,7,2,25.0,0,74,42,56.76,31,68,8,14,143,57.2,127,1253,1096,2349,241.8,25,4,2821,24,6,0,Eric García,FC Barcelona,876214,2817
2,4,33.33,42,1,33.33,61,12,73,82.95,0,0.0,2,2,1,0,0,0,4,2,0,0,1,2,2,0,0,0,2,8,0,0,0.97,0.16,2,0,0.0,0,0,1,0,0,0,0,0,,2,25.0,0,0,0,15,2,7,0,2,160,0,1,0,1,0,0,0.0,0,0,0,0,33,2,0,7.1,0,0,0,0,0,0,0,0,0.0,0.0,0,2,0,1,1,0,0.0,0,2,1,50.0,6,3,3,12,2,20.0,3,75,13,88,14.2,2,0,123,0,0,0,Yéremy Pino,Villarreal,984624,2819
0,0,0.0,3,1,50.0,9,9,18,85.71,1,100.0,0,1,0,0,0,0,2,0,0,0,0,3,1,0,0,0,0,0,0,0,0.01,,0,0,0.0,0,0,0,0,0,0,0,0,,2,100.0,0,0,0,3,0,0,0,0,24,0,0,0,0,0,0,0.0,0,0,0,0,5,0,0,7.1,0,0,0,0,0,0,0,0,0.0,0.0,0,0,0,0,0,1,100.0,0,1,0,0.0,0,0,1,0,3,100.0,2,10,11,21,7.1,0,0,30,0,0,0,Alassane Diatta,Villarreal,1893907,2819
1,0,0.0,2,8,36.36,4,21,25,64.1,0,0.0,0,2,0,0,0,0,12,0,0,0,0,2,2,0,0,0,0,0,0,0,0.0,,0,0,0.0,11,0,0,6,6,0,0,0,-2.59,1,100.0,0,0,0,14,0,0,0,1,136,0,0,0,0,0,0,0.0,1,0,0,0,14,0,1,7.1,0,0,0,3,0,4,0,0,0.0,0.0,0,0,0,0,0,0,0.0,0,0,0,0.0,0,3,0,0,1,100.0,22,16,23,39,14.2,0,0,54,1,0,0,Vladyslav Krapyvtsov,Girona FC,1521733,24264
11,3,37.5,141,22,70.97,294,162,456,64.86,146,55.51,117,37,1,1,0,1,76,4,19,23,4,58,37,0,1,45,7,214,0,0,1.52,18.52,42,0,19.83,0,23,24,51,45,6,22,1,,84,46.41,6,0,1,247,2,23,11,36,3134,15,5,0,0,7,0,71.43,0,5,0,1,405,22,0,7.1,1,5,0,0,0,0,0,0,136.26,0.0,0,105,11,43,50,16,57.14,0,9,4,44.44,23,23,28,8,230,51.8,31,493,210,703,262.6,116,6,1213,64,4,0,Vedat Muriqi,Mallorca,310874,2826
103,13,28.89,455,102,68.0,940,813,1753,91.92,13,44.83,16,34,2,0,0,0,131,5,0,5,5,25,34,0,0,18,31,92,0,1,4.49,0.72,21,0,14.29,0,2,4,28,21,7,1,1,,75,49.67,0,0,0,154,18,35,0,24,2236,0,7,0,0,0,0,0.0,0,0,0,0,233,16,0,7.1,0,2,0,0,0,0,0,0,1118.0,0.0,0,5,9,5,4,3,33.33,0,50,27,54.0,35,162,9,45,88,48.89,150,1059,848,1907,241.3,14,1,2204,22,6,0,Koke,Atlético Madrid,84539,2836
59,0,0.0,16,206,46.82,123,527,650,73.36,5,83.33,1,30,0,0,0,0,252,0,0,0,11,24,30,0,0,0,2,3,0,0,0.03,,0,0,0.0,220,0,0,31,25,6,0,0,0.86,3,60.0,0,19,0,236,0,0,0,30,2700,0,0,0,0,0,0,0.0,3,0,0,0,238,0,13,7.1,0,0,17,49,25,75,1,8,0.0,0.0,0,0,0,0,0,0,0.0,17,0,0,0.0,0,86,0,0,8,72.73,440,284,602,886,212.9,0,3,1155,4,0,0,Jan Oblak,Atlético Madrid,69768,2836
76,5,35.71,249,88,52.07,480,389,869,80.54,24,55.81,19,30,2,0,0,0,111,3,4,10,1,59,30,0,0,21,8,95,2,3,2.81,3.96,35,0,10.64,0,5,7,28,27,1,2,3,,109,58.92,0,0,0,210,34,24,4,26,2143,2,9,0,1,1,1,100.0,0,1,0,0,296,14,0,7.08,0,0,0,0,0,0,0,0,428.6,0.0,1,19,28,24,13,15,51.72,0,40,23,57.5,23,135,29,14,133,58.33,169,633,446,1079,212.5,47,1,1495,54,8,0,Pape Gueye,Villarreal,879694,2819
10,0,0.0,7,34,57.63,11,172,183,87.56,1,100.0,0,6,0,0,0,0,46,0,0,0,1,3,6,0,1,0,0,0,0,0,0.01,,0,0,0.0,34,0,0,7,5,2,0,0,0.12,1,100.0,0,7,0,26,0,0,0,6,540,0,0,0,0,0,0,0.0,0,0,0,0,27,0,0,7.08,1,0,3,10,6,16,1,4,0.0,0.0,0,0,0,0,0,0,0.0,3,1,0,0.0,0,20,0,0,2,100.0,59,30,179,209,42.5,0,0,265,0,0,0,Andriy Lunin,Real Madrid,857574,2829
17,0,0.0,3,45,44.12,19,168,187,76.64,2,100.0,0,9,0,0,0,0,58,0,0,0,2,7,9,0,0,0,1,1,0,1,0.01,,0,0,0.0,54,0,0,11,7,4,0,0,-0.11,3,75.0,0,2,0,57,0,0,0,9,810,0,0,0,0,0,0,0.0,1,0,1,0,60,0,3,7.08,0,0,9,18,11,30,2,5,0.0,0.0,0,0,0,0,0,0,0.0,9,1,1,100.0,0,21,0,0,5,83.33,102,66,178,244,63.7,0,0,329,2,1,0,Pau López,Real Betis,548848,2816
53,0,0.0,31,135,34.88,89,309,398,60.76,7,100.0,0,20,0,0,0,0,184,0,0,0,5,11,20,0,0,0,1,1,1,1,0.03,,0,0,0.0,78,0,0,25,23,2,0,0,-1.12,4,80.0,0,23,0,257,1,0,0,20,1800,0,0,0,0,0,0,0.0,4,0,0,0,261,0,6,7.07,0,0,10,36,14,52,1,10,0.0,0.0,0,0,0,0,0,0,0.0,9,1,0,0.0,0,118,0,0,11,91.67,387,285,370,655,141.3,0,1,830,4,1,0,Stole Dimitrievski,Valencia,97951,2828
73,3,37.5,173,145,43.81,571,1287,1858,87.27,82,66.13,42,36,1,0,0,0,168,2,1,7,11,229,36,0,0,7,22,116,0,2,0.41,2.29,47,0,4.0,30,2,3,43,39,4,2,0,,87,54.04,1,0,1,271,48,17,0,36,3231,1,27,0,0,0,0,0.0,0,0,0,0,307,2,0,7.06,0,1,0,0,0,0,0,0,1615.5,0.0,18,20,30,25,18,8,80.0,0,66,40,60.61,17,155,10,8,169,59.3,331,765,1364,2129,254.3,50,4,2668,14,7,0,Florian Lejeune,Rayo Vallecano,88528,2818
7,0,0.0,13,47,41.59,40,38,78,53.79,5,100.0,0,5,0,0,0,0,47,0,0,0,2,16,5,0,0,0,1,1,0,0,0.02,,0,0,0.0,37,0,0,7,4,3,0,0,-0.66,0,0.0,0,3,0,67,0,0,0,5,450,0,0,0,0,0,0,0.0,0,0,0,0,67,0,9,7.06,0,0,6,12,3,15,0,2,0.0,0.0,0,0,0,0,0,0,0.0,5,0,0,0.0,0,17,0,0,5,83.33,113,95,50,145,35.3,0,0,205,0,1,0,Lucas Bergström,Mallorca,996903,2826
13,0,0.0,27,30,47.62,165,495,660,90.41,34,56.67,26,18,0,0,0,0,50,0,1,0,3,96,17,0,0,2,5,45,0,0,0.12,0.94,13,0,25.0,15,1,1,12,11,1,1,0,,36,65.45,0,0,0,70,28,1,0,14,1226,0,10,0,0,0,0,0.0,0,0,0,0,80,0,0,7.06,0,1,0,0,0,0,0,0,1226.0,0.0,0,4,0,1,3,1,50.0,0,27,13,48.15,1,32,2,1,70,60.87,63,213,517,730,120.0,4,0,958,12,5,0,Diego Llorente,Real Betis,305278,2816
20,2,14.29,283,49,49.0,747,1032,1779,91.42,43,68.25,20,32,0,0,0,0,72,1,0,2,8,111,31,0,0,2,10,49,0,3,0.97,0.2,16,0,0.0,25,0,0,16,14,2,0,0,,53,64.63,0,0,0,167,29,13,0,26,2140,0,8,0,0,0,0,0.0,0,0,0,0,207,2,0,7.06,0,0,0,0,0,0,0,0,0.0,0.0,0,5,2,1,4,6,66.67,0,40,28,70.0,13,42,9,14,96,66.21,100,842,1104,1946,218.8,7,3,2293,7,6,0,Gerard Martín,FC Barcelona,1094827,2817
25,7,17.5,293,34,64.15,537,241,778,87.42,8,34.78,15,30,9,0,0,0,82,15,7,13,1,6,30,0,0,20,21,124,0,2,4.47,6.99,34,0,8.82,0,6,15,18,17,1,4,2,,112,50.68,0,0,2,112,7,34,2,19,1797,5,0,0,0,0,0,0.0,0,0,0,0,254,18,0,7.06,0,4,0,0,0,0,0,0,299.5,0.0,0,44,24,30,25,44,55.0,0,48,24,50.0,34,53,80,40,120,49.18,53,631,259,890,211.7,68,4,1301,20,3,0,Fermín López,FC Barcelona,1153270,2817
14,3,15.0,234,19,57.58,363,234,597,76.83,39,34.82,73,34,4,0,0,0,93,13,17,17,2,28,34,0,0,44,17,184,0,2,3.63,15.24,28,0,18.99,0,15,19,45,42,3,11,4,,106,48.85,0,0,1,180,4,42,13,30,2714,13,3,0,0,7,0,100.0,0,7,0,0,363,24,0,7.06,0,2,0,0,0,0,0,0,180.93,0.0,2,57,22,26,36,36,59.02,0,29,20,68.97,42,34,61,20,145,44.07,33,509,268,777,239.9,79,3,1279,42,3,0,Mikel Oyarzabal,Real Sociedad,823622,2824
58,63,24.61,275,63,42.0,487,288,775,76.28,18,41.86,25,36,6,0,0,0,119,11,3,12,1,36,36,0,0,40,24,126,0,1,6.79,2.35,28,0,2.27,0,1,7,36,30,6,0,1,,129,56.09,0,0,0,241,23,83,1,32,2542,2,2,0,1,0,0,0.0,0,0,0,0,525,13,0,7.06,0,0,0,0,0,0,0,0,2542.0,0.0,3,11,33,19,13,34,75.56,0,53,29,54.72,82,141,45,256,147,53.85,150,694,322,1016,254.0,44,1,1669,43,9,0,Edu Expósito,Espanyol,877262,2814
3,2,66.67,8,3,100.0,17,7,24,85.71,1,50.0,1,5,0,0,0,0,2,2,0,0,0,3,4,0,0,1,1,6,0,0,0.35,0.52,1,0,100.0,0,1,1,4,4,0,1,0,,8,61.54,0,0,0,4,1,3,0,2,202,0,2,0,0,0,0,0.0,0,0,0,1,15,0,0,7.05,0,1,0,0,0,0,0,0,202.0,0.0,0,1,0,0,1,0,0.0,0,5,1,20.0,3,4,2,3,9,60.0,3,19,9,28,28.2,1,1,71,3,0,0,Álvaro Odriozola,Real Sociedad,353250,2824
103,6,30.0,381,137,55.69,894,1251,2145,90.2,48,59.26,33,32,0,0,0,0,154,3,1,11,10,161,32,0,0,13,18,92,0,4,1.96,2.2,23,0,4.17,7,1,1,37,31,6,1,0,,78,56.93,0,0,0,233,28,13,1,31,2770,0,17,0,0,1,2,100.0,0,1,0,0,302,4,0,7.05,0,0,0,0,0,0,0,0,2770.0,0.0,4,12,12,10,3,17,70.83,0,41,23,56.1,13,175,24,20,126,57.8,246,1065,1313,2378,225.5,24,1,2846,20,5,0,Marcos Alonso,Celta Vigo,69408,2821
82,0,0.0,28,180,33.33,96,671,767,67.4,7,100.0,0,35,0,0,0,0,296,0,0,0,6,45,35,0,1,0,1,3,3,2,0.05,,1,0,0.0,181,0,0,47,40,7,0,0,2.76,5,62.5,0,30,0,371,0,0,0,35,3103,0,0,0,0,0,1,0.0,5,0,0,0,377,0,22,7.05,1,0,24,80,34,116,2,23,0.0,0.0,0,0,0,0,0,0,0.0,23,1,1,100.0,0,135,1,0,12,80.0,540,396,742,1138,246.6,0,2,1497,5,4,0,Paulo Gazzaniga,Girona FC,164343,24264
57,17,18.68,210,50,49.5,423,379,802,79.33,14,42.42,19,36,3,0,0,0,173,6,2,16,9,73,36,0,0,29,32,150,0,4,3.44,2.8,41,0,14.29,0,6,9,47,40,7,4,2,,164,55.59,0,0,0,209,40,27,6,36,3195,1,16,0,0,0,1,0.0,0,0,0,0,453,13,0,7.03,0,0,0,0,0,0,0,0,532.5,0.0,0,24,18,14,12,49,58.33,0,97,60,61.86,27,88,84,91,178,54.27,101,565,446,1011,253.0,42,5,1943,19,4,0,Carlos Romero,Espanyol,1396048,2814
54,0,0.0,94,73,57.03,320,660,980,90.24,40,54.79,33,23,0,0,0,0,62,2,0,0,4,141,23,0,0,0,10,59,0,3,0.65,0.37,16,0,20.0,36,1,1,26,22,4,1,0,,47,64.38,1,0,0,106,18,7,0,21,1980,3,16,1,0,0,1,0.0,0,0,0,0,116,0,0,7.03,0,0,0,0,0,0,0,0,1980.0,0.0,0,5,0,4,1,2,100.0,0,37,22,59.46,7,82,2,0,87,59.59,128,390,696,1086,161.6,5,2,1371,8,1,0,Rafa Marín,Villarreal,984623,2819
11,9,22.5,163,6,40.0,284,104,388,79.35,7,36.84,12,24,4,0,0,0,53,7,2,10,0,10,24,0,0,17,15,90,0,1,3.52,2.39,9,0,7.14,0,2,6,22,20,2,1,1,,116,59.79,1,0,1,101,11,33,1,17,1508,12,0,0,1,0,0,0.0,0,0,0,0,251,8,0,7.03,0,0,0,0,0,0,0,0,754.0,0.0,1,19,9,6,12,37,50.0,0,29,19,65.52,32,24,74,40,123,57.75,15,366,123,489,168.6,28,0,880,50,2,0,Takefusa Kubo,Real Sociedad,880218,2824
51,1,100.0,169,91,65.0,416,647,1063,89.18,34,54.84,28,29,1,0,0,0,115,1,6,2,5,78,29,0,2,11,11,84,0,1,0.36,3.31,30,0,10.0,16,2,3,24,20,4,2,0,,76,57.58,1,0,0,129,36,12,0,20,2003,2,16,0,0,0,0,0.0,0,0,0,0,167,2,0,7.02,2,1,0,0,0,0,0,0,1001.5,0.0,0,15,5,10,8,9,69.23,0,54,35,64.81,12,85,13,1,110,56.7,140,501,691,1192,203.6,20,1,1506,13,9,0,Pathé Ismaël Ciss,Rayo Vallecano,913679,2818
78,67,29.65,346,81,46.02,670,410,1080,77.92,51,56.04,40,37,10,0,0,0,208,12,1,12,12,51,37,0,1,27,37,149,0,3,6.32,1.22,32,0,3.7,0,1,11,35,27,8,0,1,,123,53.02,0,0,0,306,42,80,0,37,3273,2,7,0,2,0,0,0.0,0,0,0,0,553,20,0,7.02,1,1,0,0,0,0,0,0,3273.0,0.0,4,6,21,11,4,21,53.85,0,60,34,56.67,78,174,39,226,174,53.87,176,911,475,1386,259.7,27,1,2046,43,4,0,Luis Milla,Getafe,811629,2859
46,0,0.0,43,229,42.64,168,665,833,72.62,4,80.0,1,33,0,0,0,0,233,0,0,0,4,32,33,1,0,0,1,3,2,1,0.08,,1,0,0.0,228,0,0,50,46,4,0,0,2.97,3,60.0,0,16,0,314,1,0,0,33,2970,0,0,0,0,0,1,0.0,8,0,1,0,319,0,10,7.02,0,0,19,61,34,100,1,25,0.0,0.0,0,0,0,0,0,1,100.0,19,1,1,100.0,0,77,1,0,7,70.0,537,419,728,1147,231.6,0,2,1412,2,4,0,Leo Román,Mallorca,1131909,2826
39,0,0.0,291,57,72.15,569,428,997,91.8,10,55.56,8,29,0,0,0,0,84,2,0,3,3,24,28,0,0,9,14,70,1,2,2.07,1.18,34,0,7.69,0,1,1,16,11,5,1,0,,109,63.74,1,0,1,89,14,15,0,16,1532,2,11,0,0,0,0,0.0,0,0,0,0,139,8,0,7.02,0,0,0,0,0,0,0,0,1532.0,0.0,0,4,9,8,2,13,65.0,0,65,38,58.46,15,68,20,2,119,62.96,79,641,445,1086,196.5,13,1,1376,31,2,0,Eduardo Camavinga,Real Madrid,973887,2829
35,10,32.26,317,45,63.38,594,342,936,88.97,18,56.25,14,23,1,0,0,0,114,3,1,10,6,12,23,0,0,25,13,85,0,4,2.08,1.79,12,0,4.35,0,1,2,16,14,2,1,0,,86,54.78,0,0,1,116,27,20,1,20,1666,0,2,0,0,0,1,0.0,0,0,0,0,227,11,0,7.02,0,0,0,0,0,0,0,0,1666.0,0.0,0,6,17,7,6,33,61.11,0,30,16,53.33,20,59,54,31,104,55.03,71,675,377,1052,161.4,23,0,1394,23,0,0,Pablo Barrios,Atlético Madrid,1142588,2836
47,14,21.88,349,58,56.86,737,555,1292,87.53,59,64.13,33,32,6,0,0,0,144,7,0,5,5,101,32,0,0,16,13,94,0,2,4.7,0.56,26,0,0.0,0,0,6,40,35,5,0,0,,85,58.22,0,0,0,184,35,30,0,31,2709,3,3,0,0,0,2,0.0,0,0,0,0,328,9,0,7.02,0,0,0,0,0,0,0,0,0.0,0.0,0,8,16,14,5,10,47.62,0,43,28,65.12,30,71,21,64,144,60.5,102,876,600,1476,224.5,24,2,2186,34,5,0,Yuri Berchiche,Athletic Club,84531,2825
40,6,21.43,397,42,56.76,701,335,1036,85.27,20,60.61,13,33,8,0,0,0,102,11,9,19,2,23,33,0,0,23,15,105,0,2,5.64,7.66,27,0,10.0,0,7,15,17,15,2,6,1,,91,49.73,0,0,4,179,14,49,2,24,2077,6,1,0,0,0,0,0.0,0,0,0,2,296,14,0,7.01,0,5,0,0,0,0,0,0,296.71,0.0,6,35,35,30,21,16,37.21,0,33,22,66.67,49,68,43,28,111,51.39,74,834,381,1215,231.4,70,5,1622,42,1,0,Dani Olmo,FC Barcelona,789071,2817
45,2,20.0,124,64,29.91,345,753,1098,80.2,96,69.57,42,26,0,0,0,0,109,0,0,6,3,163,26,0,0,7,16,100,0,2,0.55,1.55,31,0,10.53,0,2,2,38,33,5,1,1,,81,58.27,0,0,0,271,37,7,2,24,2208,2,18,0,0,0,0,0.0,0,0,0,1,328,2,0,7.01,0,0,0,0,0,0,0,0,1104.0,0.0,0,15,4,5,8,8,61.54,0,59,34,57.63,7,147,13,10,177,63.9,214,547,822,1369,182.3,19,2,1828,20,1,0,Kike Salas,Sevilla,1097719,2833
17,3,9.68,555,34,47.89,973,588,1561,90.6,32,55.17,26,28,3,0,0,0,155,1,1,3,11,60,27,0,1,21,20,106,0,2,1.49,0.46,22,0,22.22,0,2,5,23,19,4,2,0,,92,53.49,0,0,0,162,39,30,1,26,2340,5,7,0,1,0,0,0.0,0,0,0,1,273,9,0,7.01,1,1,0,0,0,0,0,0,1170.0,0.0,0,6,3,3,3,19,52.78,0,41,19,46.34,29,39,36,31,124,53.91,71,1079,644,1723,189.3,9,1,2310,33,5,0,Álvaro Carreras,Real Madrid,1085081,2829
0,0,0.0,2,0,0.0,4,4,8,100.0,0,0.0,0,1,0,0,0,0,1,0,0,0,0,0,1,0,0,0,0,0,0,0,0.0,,0,0,0.0,0,0,0,0,0,0,0,0,,1,100.0,0,0,0,0,0,0,0,0,8,0,0,0,0,0,0,0.0,0,0,0,0,0,0,0,7.0,0,0,0,0,0,0,0,0,0.0,0.0,0,0,0,0,0,0,0.0,0,1,1,100.0,0,0,0,0,1,100.0,0,4,4,8,7.0,0,0,10,0,0,0,Adrià Altimira,Villarreal,980732,2819
33,0,0.0,162,40,39.6,410,629,1039,84.06,38,62.3,23,28,2,0,0,0,142,1,0,4,6,127,28,0,0,7,56,149,0,2,0.46,1.08,54,0,6.67,0,1,3,31,27,4,1,0,,152,54.68,0,0,0,197,29,8,0,27,2384,1,9,0,0,0,0,0.0,0,0,0,0,301,5,0,6.99,1,1,0,0,0,0,0,0,2384.0,0.0,0,9,6,8,3,14,58.33,0,102,66,64.71,8,80,24,6,190,56.05,101,515,721,1236,195.8,15,2,1954,36,9,1,Santiago Mouriño,Villarreal,1468046,2819
34,0,0.0,22,111,37.5,63,368,431,69.4,8,88.89,1,28,0,0,0,0,247,0,0,0,8,59,28,0,0,0,1,4,1,1,0.02,,2,0,0.0,123,0,0,30,26,4,0,0,0.4,3,50.0,0,22,0,190,1,0,0,28,2520,0,0,0,0,0,2,0.0,6,0,1,0,193,0,32,6.99,0,0,23,46,25,73,1,16,0.0,0.0,0,0,0,0,0,0,0.0,22,0,0,0.0,0,55,0,0,11,73.33,296,208,413,621,195.8,0,0,941,4,3,0,Luiz Júnior,Villarreal,1066603,2819
42,0,0.0,29,225,41.82,149,574,723,69.39,8,88.89,1,37,0,0,0,0,294,0,0,0,7,49,37,1,1,0,1,3,2,1,0.08,,3,0,0.0,295,0,0,47,36,11,0,0,1.44,5,71.43,0,22,0,319,0,0,0,37,3285,0,0,0,0,0,1,0.0,8,0,0,0,330,0,17,6.99,1,0,43,60,51,113,1,26,0.0,0.0,0,0,0,0,0,0,0.0,42,0,0,0.0,0,62,0,0,13,81.25,538,395,647,1042,258.7,0,1,1419,5,3,0,Sergio Herrera,Osasuna,294377,2820
81,18,29.03,344,62,44.93,642,381,1023,82.5,25,55.56,20,34,2,0,0,0,188,6,0,10,0,21,34,0,0,24,24,136,0,1,3.63,0.71,54,0,5.0,0,1,3,37,30,7,1,0,,135,53.78,0,0,0,217,23,31,0,30,2231,0,5,0,1,0,0,0.0,0,0,0,0,348,23,0,6.99,0,1,0,0,0,0,0,0,2231.0,0.0,0,6,14,8,2,34,66.67,0,60,34,56.67,30,157,51,62,160,54.05,138,818,422,1240,237.7,20,1,1681,41,9,0,Iñigo Ruiz de Galarreta,Athletic Club,96365,2825
15,0,0.0,31,30,44.78,134,582,716,90.86,44,65.67,23,20,0,0,0,0,35,1,0,0,5,145,20,0,0,1,2,37,0,0,0.21,0.3,11,0,0.0,35,0,0,24,23,1,0,0,,33,70.21,0,0,0,72,10,2,0,17,1617,1,27,0,0,0,1,0.0,0,0,0,0,80,0,0,6.99,0,0,0,0,0,0,0,0,0.0,0.0,0,3,0,3,0,1,50.0,0,27,14,51.85,2,34,2,1,77,67.54,67,182,606,788,139.8,3,1,1051,6,3,0,Dani Calvo,Real Oviedo,560756,2851
21,0,0.0,39,130,30.3,81,583,664,68.6,7,100.0,0,38,0,0,0,0,354,1,0,0,10,38,38,0,0,0,1,1,2,0,0.06,,0,0,0.0,298,0,0,48,41,7,0,0,-3.02,5,83.33,0,21,0,304,1,1,0,38,3420,0,0,0,0,0,0,0.0,11,0,2,0,311,0,13,6.99,0,0,17,72,40,113,0,23,0.0,0.0,0,0,0,0,0,1,100.0,17,0,0,0.0,1,37,1,0,12,92.31,429,331,637,968,265.6,0,1,1360,8,2,0,Ionuț Radu,Celta Vigo,815202,2821
9,4,26.67,144,10,32.26,261,131,392,58.51,179,56.65,137,37,3,0,0,0,85,6,10,17,1,37,37,0,0,36,7,245,0,1,2.22,11.23,46,0,15.05,1,14,17,41,37,4,12,2,,80,42.55,4,0,2,278,4,24,2,32,2725,13,2,0,0,1,0,100.0,0,1,0,2,415,25,0,6.99,0,8,0,0,0,0,0,0,194.64,0.0,2,71,22,40,36,17,42.5,0,28,16,57.14,24,18,40,15,259,51.39,31,486,184,670,258.6,93,4,1116,37,2,0,Toni Martínez,Deportivo Alavés,831253,2885
18,1,25.0,52,41,35.34,118,176,294,69.18,27,50.94,26,15,0,0,0,0,80,0,0,3,7,92,15,0,0,7,5,54,0,1,0.13,0.9,11,0,10.0,1,1,1,8,6,2,1,0,,59,67.82,1,0,0,131,28,1,0,15,1350,0,3,0,0,0,1,0.0,0,0,0,0,171,1,0,6.99,1,0,0,0,0,0,0,0,1350.0,0.0,0,8,2,5,2,16,69.57,0,31,22,70.97,1,56,23,4,86,61.43,116,214,211,425,104.8,10,0,694,12,3,1,Zaid Romero,Getafe,1108450,2859
10,17,21.79,193,8,38.1,306,133,439,77.43,8,44.44,10,25,3,0,0,1,90,5,4,12,1,9,25,0,0,32,19,162,0,0,4.98,5.37,26,0,13.04,0,6,9,27,19,8,6,0,,111,42.21,0,0,2,128,7,34,2,20,1687,7,0,0,0,2,0,50.0,0,1,0,1,386,20,0,6.98,0,4,0,0,0,0,0,0,281.17,0.0,0,37,9,18,16,67,46.21,0,15,9,60.0,34,30,145,78,119,42.35,21,418,149,567,174.6,46,4,1104,29,2,0,Nico Williams,Athletic Club,1085400,2825
146,0,0.0,69,302,40.43,158,646,804,63.91,8,72.73,3,34,0,0,0,0,298,0,0,0,11,23,34,0,0,0,4,8,0,4,0.11,,1,0,0.0,140,0,0,37,33,4,0,0,1.18,10,66.67,0,24,0,454,0,2,0,34,3060,0,0,0,0,0,1,0.0,6,0,1,0,468,0,7,6.98,0,0,23,63,29,92,0,19,0.0,0.0,0,0,0,0,0,5,83.33,20,1,1,100.0,2,212,6,0,18,69.23,747,510,748,1258,237.4,0,1,1554,4,6,0,Augusto Batalla,Rayo Vallecano,358910,2818
29,0,0.0,58,48,48.0,178,468,646,86.25,27,55.1,22,19,0,0,0,0,65,0,0,1,3,83,19,0,0,2,8,46,0,1,0.17,0.43,13,0,10.0,0,1,1,16,12,4,1,0,,48,66.67,0,0,0,103,20,2,0,13,1281,1,14,0,0,0,0,0.0,0,0,0,0,118,0,0,6.98,0,1,0,0,0,0,0,0,1281.0,0.0,0,9,1,6,3,9,81.82,0,26,14,53.85,2,58,11,1,75,61.98,100,246,503,749,132.6,10,1,978,13,4,0,Andres Castrin,Sevilla,1428699,2833
106,9,20.0,254,93,51.67,569,621,1190,86.17,30,55.56,24,31,0,0,1,1,141,1,2,10,3,66,30,0,0,12,16,83,1,0,2.1,3.57,30,0,8.33,7,2,2,34,29,5,1,1,,82,58.16,0,0,1,191,21,21,0,26,2232,1,10,0,0,3,0,33.33,0,1,0,0,259,6,0,6.98,0,2,0,0,0,0,0,0,1116.0,0.0,5,11,13,11,3,8,80.0,0,60,33,55.0,21,175,10,45,112,57.44,180,708,673,1381,209.3,24,1,1718,14,4,0,Pepelu,Valencia,826948,2828
136,12,30.0,157,182,48.79,407,817,1224,82.09,41,61.19,26,33,1,0,1,1,88,3,4,18,8,179,33,0,0,3,7,74,0,0,1.9,4.22,35,0,7.69,10,3,4,47,42,5,2,1,,65,57.52,1,0,2,267,48,19,0,30,2710,1,22,1,1,3,2,33.33,0,1,0,0,343,2,0,6.98,0,2,0,0,0,0,0,0,903.33,0.0,4,21,18,12,9,7,70.0,0,31,17,54.84,18,259,10,40,106,58.89,373,631,860,1491,230.2,39,3,2001,27,5,0,Adrián de la Fuente,Levante UD,997244,2849
37,17,27.42,290,35,72.92,485,276,761,87.98,10,55.56,8,24,3,0,0,0,74,6,2,10,0,7,24,0,0,20,12,66,0,0,2.39,2.47,9,0,6.67,0,2,5,16,12,4,2,0,,77,57.04,1,0,1,104,6,33,0,15,1396,4,0,0,0,0,1,0.0,0,0,0,0,222,14,0,6.98,0,1,0,0,0,0,0,0,698.0,0.0,4,13,17,9,11,16,48.48,0,19,13,68.42,33,55,33,62,87,56.86,48,568,297,865,167.4,30,1,1155,42,4,0,Giovani Lo Celso,Real Betis,798835,2816
29,15,34.09,266,42,64.62,542,376,918,92.26,4,57.14,3,20,2,0,0,0,89,5,0,0,0,17,20,0,0,10,11,53,0,1,2.24,0.09,27,0,0.0,0,0,2,25,20,5,0,0,,45,47.37,0,0,0,77,13,26,0,16,1342,0,9,0,0,0,0,0.0,0,0,0,0,131,3,0,6.98,0,0,0,0,0,0,0,0,0.0,0.0,1,0,2,1,1,2,50.0,0,30,15,50.0,26,46,4,44,49,48.04,65,596,399,995,139.5,2,0,1179,14,3,0,Hugo Sotelo,Celta Vigo,1120669,2821
35,34,29.06,238,24,58.54,366,224,590,81.04,7,25.0,21,27,3,0,0,0,63,13,1,7,2,12,26,0,0,24,11,101,0,1,6.08,2.0,26,0,6.9,0,2,5,20,18,2,2,0,,61,43.26,0,0,1,138,16,46,0,21,1572,9,4,0,0,0,0,0.0,0,0,0,0,305,7,0,6.97,0,2,0,0,0,0,0,0,786.0,0.0,1,13,16,15,7,14,37.84,0,18,10,55.56,46,61,37,117,68,40.24,41,465,263,728,181.3,29,2,1107,29,5,0,Alex Baena,Atlético Madrid,910031,2836
8,4,18.18,133,15,65.22,210,92,302,75.5,10,23.26,33,32,6,0,0,0,40,7,19,11,0,6,32,0,0,30,4,112,0,0,2.49,11.42,13,0,20.0,0,13,19,30,27,3,12,1,,83,51.23,1,0,1,98,5,28,1,23,2117,3,1,0,0,0,0,0.0,0,0,0,0,255,10,0,6.97,0,11,0,0,0,0,0,0,162.85,0.0,0,53,12,22,32,32,47.76,0,6,4,66.67,28,18,67,22,93,45.37,23,295,105,400,223.0,65,1,779,45,1,0,Georges Mikautadze,Villarreal,1009372,2819
60,1,33.33,103,76,44.44,300,708,1008,86.52,43,58.9,30,25,0,0,0,0,78,0,0,2,6,159,25,0,0,3,23,71,0,3,0.43,0.78,15,0,6.25,10,1,1,29,23,6,1,0,,62,60.19,1,0,0,157,27,5,0,21,1984,0,25,1,0,0,1,0.0,0,0,0,0,183,1,0,6.97,0,0,0,0,0,0,0,0,1984.0,0.0,1,6,10,9,5,6,75.0,0,45,20,44.44,5,105,8,3,105,59.66,171,419,746,1165,174.2,16,3,1546,11,3,0,Marc Bartra,Real Betis,99519,2816
77,0,0.0,22,146,38.42,66,551,617,71.83,5,100.0,0,28,0,0,0,0,208,0,0,0,8,39,28,0,0,0,4,4,1,2,0.03,,0,0,0.0,128,0,0,36,29,7,0,0,-1.79,6,60.0,0,17,0,242,1,0,0,28,2520,0,0,0,0,0,0,0.0,6,0,1,0,254,0,10,6.97,0,0,21,61,26,88,2,14,0.0,0.0,0,0,0,0,0,1,100.0,21,0,0,0.0,0,121,1,0,11,73.33,380,267,592,859,195.1,0,1,1153,4,1,0,Álvaro Valles,Real Betis,964983,2816
29,3,10.0,213,69,55.2,502,511,1013,79.89,78,66.1,40,34,2,0,0,0,118,2,2,8,4,90,34,0,0,31,36,204,0,3,1.13,3.98,64,0,17.95,0,7,9,42,37,5,6,1,,141,46.23,2,0,0,255,26,17,5,31,2705,6,13,0,0,0,0,0.0,0,0,0,0,398,11,0,6.97,0,0,0,0,0,0,0,0,386.43,0.0,0,28,11,15,16,14,27.45,0,65,37,56.92,17,58,51,30,219,51.77,125,682,586,1268,236.9,39,3,1860,68,11,0,Samú Costa,Mallorca,988351,2826
16,2,66.67,124,34,77.27,354,346,700,91.15,17,68.0,8,24,2,0,0,0,79,0,0,2,2,20,24,0,0,9,18,51,0,0,0.76,0.34,14,0,14.29,0,1,3,19,17,2,1,0,,76,63.87,0,0,0,68,21,11,1,13,1198,0,4,0,0,0,0,0.0,0,0,0,0,102,6,0,6.97,0,0,0,0,0,0,0,0,1198.0,0.0,0,3,4,2,3,4,57.14,0,51,31,60.78,11,26,7,3,93,64.58,44,393,375,768,167.2,7,0,978,22,3,0,Sergi Altimira,Real Betis,1137814,2816
22,0,0.0,29,26,35.14,114,366,480,85.26,41,67.21,20,15,0,0,0,0,54,0,0,1,4,84,15,0,0,4,2,39,0,0,0.21,0.3,13,0,20.0,9,1,1,22,19,3,1,0,,25,56.82,1,0,0,83,16,3,0,15,1236,0,19,0,0,0,0,0.0,0,0,0,0,101,1,0,6.97,0,0,0,0,0,0,0,0,1236.0,0.0,0,5,0,3,1,6,75.0,0,12,7,58.33,3,44,8,1,66,62.86,74,174,389,563,104.5,5,0,757,7,3,0,Eric Bailly,Real Oviedo,606346,2851
22,0,0.0,30,206,37.25,145,472,617,63.74,4,80.0,1,33,0,0,0,0,252,0,0,0,5,42,33,0,0,0,0,1,0,3,0.04,,0,0,0.0,203,0,0,52,49,3,0,0,2.66,3,100.0,0,11,0,351,1,0,0,33,2970,0,0,0,0,0,0,0.0,10,0,1,0,361,0,24,6.97,0,0,12,66,21,89,1,24,0.0,0.0,0,0,0,0,0,1,100.0,12,0,0,0.0,0,55,1,0,7,87.5,553,422,546,968,229.9,0,2,1277,2,2,0,Odysseas Vlachodimos,Sevilla,138149,2833
49,0,0.0,142,53,67.95,373,445,818,91.09,4,33.33,8,17,0,0,0,0,98,0,0,3,3,15,17,0,0,4,15,48,0,1,0.49,0.28,22,0,0.0,0,0,0,18,13,5,0,0,,52,56.52,0,0,0,80,11,7,0,14,1296,0,4,0,0,0,0,0.0,0,0,0,0,111,7,0,6.96,0,0,0,0,0,0,0,0,0.0,0.0,0,1,7,4,1,6,75.0,0,27,14,51.85,7,69,8,7,56,53.85,78,431,467,898,118.4,8,0,1064,19,4,0,Sofyan Amrabat,Real Betis,359272,2816
8,0,0.0,2,20,35.71,8,189,197,83.83,1,100.0,0,8,0,0,0,0,62,0,0,0,0,12,8,0,0,0,0,0,0,0,0.0,,0,0,0.0,38,0,0,15,13,2,0,0,0.53,0,0.0,0,2,0,38,0,0,0,8,720,0,0,0,0,0,0,0.0,2,0,1,0,43,0,3,6.96,0,0,17,16,5,23,0,9,0.0,0.0,0,0,0,0,0,0,0.0,17,0,0,0.0,0,18,0,0,1,100.0,56,32,203,235,55.7,0,1,315,0,0,0,Wojciech Szczęsny,FC Barcelona,50490,2817
5,2,18.18,146,8,53.33,250,102,352,89.34,11,61.11,7,12,0,0,0,0,33,0,0,2,1,7,12,0,0,10,7,40,0,0,0.53,0.22,11,0,25.0,0,1,1,10,7,3,1,0,,47,58.75,0,0,0,42,2,2,1,8,718,0,2,0,0,0,0,0.0,0,0,0,0,75,1,0,6.96,0,0,0,0,0,0,0,0,718.0,0.0,0,2,2,1,1,9,64.29,0,13,9,69.23,2,13,14,11,58,59.18,15,281,113,394,83.5,4,1,515,25,3,0,Gonzalo Villar,Elche,914765,2846
31,27,31.76,271,25,73.53,412,163,575,83.45,5,20.83,19,29,4,0,0,1,51,10,8,10,1,5,29,0,0,33,15,105,0,0,5.13,7.7,14,2,14.81,0,8,12,20,15,5,5,3,,65,43.05,0,0,3,114,3,47,3,22,1902,2,0,0,0,3,0,66.67,0,2,0,0,288,15,0,6.96,0,5,0,0,0,0,0,0,237.75,28.57,7,28,26,18,26,26,50.0,0,21,13,61.9,47,52,52,85,70,40.0,34,506,183,689,201.7,54,2,1078,18,2,0,Julián Alvarez,Atlético Madrid,944656,2836
80,3,25.0,305,130,51.38,699,1184,1883,89.37,33,47.14,37,31,0,0,0,0,141,1,0,3,5,126,31,0,0,9,16,84,1,3,1.13,0.26,19,0,0.0,66,0,0,45,39,6,0,0,,87,64.93,0,0,0,224,39,11,0,30,2610,0,20,0,0,0,3,0.0,0,0,0,0,272,3,0,6.95,0,0,0,0,0,0,0,0,0.0,0.0,0,3,2,1,1,12,80.0,0,55,34,61.82,11,165,15,12,120,58.82,253,845,1262,2107,215.6,5,4,2516,20,1,0,Daley Blind,Girona FC,44864,24264
23,27,25.71,416,25,50.0,714,293,1007,87.49,12,40.0,18,36,5,0,0,0,130,13,3,7,3,44,36,0,1,30,13,137,0,2,5.29,2.65,40,0,14.29,0,4,9,48,39,9,3,1,,164,57.95,0,0,1,144,23,46,3,33,2874,4,8,0,1,0,0,0.0,0,0,0,1,398,18,0,6.95,1,1,0,0,0,0,0,0,718.5,0.0,0,20,8,13,8,38,48.72,0,55,40,72.73,45,33,78,105,176,56.23,50,807,344,1151,250.3,28,1,1876,71,5,0,Germán Valera,Elche,962710,2846
0,0,0.0,0,0,0.0,1,0,1,33.33,1,20.0,4,2,0,0,0,0,1,0,0,0,0,0,2,0,0,0,0,6,0,0,0.0,0.18,1,0,33.33,0,1,1,0,0,0,1,0,,6,75.0,0,0,0,2,0,0,0,0,48,0,0,0,0,0,0,0.0,0,0,0,0,5,0,0,6.95,0,1,0,0,0,0,0,0,48.0,0.0,0,3,0,1,2,1,50.0,0,2,2,100.0,0,1,2,0,7,53.85,2,3,0,3,13.9,3,0,18,3,0,0,Miguel Cubo,Atlético Madrid,2238907,2836
1,1,33.33,1,4,66.67,18,24,42,84.0,2,100.0,0,2,0,0,0,0,4,0,0,0,0,5,2,0,0,0,0,0,0,0,0.04,,0,0,0.0,2,0,0,1,1,0,0,0,,3,100.0,0,0,0,8,0,0,0,0,54,0,0,0,0,0,0,0.0,0,0,0,0,10,0,0,6.95,0,0,0,0,0,0,0,0,0.0,0.0,0,0,0,0,0,0,0.0,0,2,1,50.0,0,3,0,3,5,100.0,6,22,28,50,13.9,0,0,62,1,0,0,Javier Olaizola,Mallorca,2282845,2826
36,0,0.0,18,115,37.1,59,750,809,80.18,5,83.33,1,32,0,0,0,0,238,1,0,0,13,20,32,0,0,0,3,5,0,0,0.03,,1,0,0.0,139,0,0,28,23,5,0,0,-0.27,3,42.86,0,17,0,200,0,1,0,32,2880,0,0,0,0,0,1,0.0,4,0,0,0,203,0,5,6.95,0,0,18,46,23,70,0,15,0.0,0.0,0,0,0,0,0,0,0.0,17,1,1,100.0,1,67,0,0,8,61.54,310,216,793,1009,222.4,0,0,1273,2,1,0,Thibaut Courtois,Real Madrid,70988,2829
19,0,0.0,101,339,39.88,294,226,520,50.24,13,92.86,1,38,0,0,0,0,297,0,0,0,5,52,38,2,0,0,1,3,1,2,0.35,,1,0,0.0,298,0,0,56,50,6,0,0,-1.12,3,60.0,0,31,0,515,0,0,0,38,3420,0,0,1,0,0,1,0.0,5,0,0,0,521,0,23,6.95,0,0,26,71,25,97,2,16,0.0,0.0,0,0,0,0,0,0,0.0,26,2,1,50.0,0,52,0,0,16,84.21,850,745,290,1035,264.1,0,1,1363,1,3,0,Antonio Sivera,Deportivo Alavés,369004,2885
58,25,34.25,331,60,59.41,597,436,1033,86.44,8,38.1,13,33,3,0,0,0,89,9,5,6,1,26,33,0,1,18,18,84,1,0,3.88,2.72,28,0,11.43,1,4,7,39,37,2,3,1,,71,50.0,1,0,0,162,15,46,1,26,2332,0,10,0,0,0,0,0.0,0,0,0,0,256,8,0,6.95,1,2,0,0,0,0,0,0,583.0,0.0,1,13,22,10,19,13,61.9,0,38,21,55.26,46,95,21,73,79,48.47,101,731,464,1195,229.3,35,1,1537,20,3,0,Carlos Soler,Real Sociedad,832427,2824
13,0,0.0,72,22,47.83,313,458,771,92.0,39,67.24,19,24,0,0,0,0,48,1,2,1,2,38,23,0,0,1,1,37,0,0,0.43,1.43,17,0,25.0,2,3,3,15,13,2,3,0,,24,57.14,2,0,0,67,9,3,0,11,1072,0,5,0,0,0,1,0.0,0,0,0,0,86,4,0,6.95,0,1,0,0,0,0,0,0,357.33,0.0,0,10,2,6,5,0,0.0,0,21,15,71.43,3,30,0,7,63,63.0,46,363,475,838,159.8,12,2,992,3,2,0,Ronald Araújo,FC Barcelona,925097,2817
5,29,22.66,121,7,43.75,224,154,378,80.08,11,47.83,12,21,0,0,0,0,63,7,1,2,0,14,21,0,0,6,20,76,0,0,2.63,3.56,12,0,41.67,0,5,5,19,17,2,5,0,,80,55.56,0,0,0,94,7,27,0,11,1256,10,2,0,1,3,0,100.0,0,3,0,1,261,6,0,6.95,0,5,0,0,0,0,0,0,251.2,0.0,0,10,2,4,6,11,29.73,0,27,17,62.96,26,13,37,128,91,54.49,16,295,177,472,145.9,12,0,851,42,1,0,Carlos Vicente,Deportivo Alavés,1084399,2885
30,8,38.1,136,42,53.16,368,288,656,87.7,10,47.62,11,19,0,0,0,0,69,4,1,3,5,23,19,0,0,2,16,57,0,0,1.39,0.91,20,0,12.5,0,1,1,13,11,2,1,0,,41,47.13,0,0,0,92,12,17,0,14,1310,0,7,0,0,0,0,0.0,0,0,0,0,129,6,0,6.95,0,1,0,0,0,0,0,0,1310.0,0.0,0,5,3,4,1,3,25.0,0,27,17,62.96,17,45,12,21,51,47.22,79,436,312,748,132.0,8,1,921,11,3,0,Miguel Román,Celta Vigo,1398526,2821
17,1,25.0,86,53,48.18,314,695,1009,88.43,77,65.25,41,24,1,0,0,0,62,1,1,0,3,121,24,0,0,4,3,67,0,1,0.57,0.54,23,0,0.0,25,0,1,32,27,5,0,0,,39,60.0,0,0,0,132,16,7,0,23,2070,1,34,0,0,0,3,0.0,0,0,0,0,149,1,0,6.95,0,0,0,0,0,0,0,0,0.0,0.0,0,11,1,11,1,0,0.0,0,25,13,52.0,7,42,0,4,116,63.39,110,404,737,1141,166.7,12,1,1419,15,4,0,Antonio Raíllo,Mallorca,807116,2826
25,0,0.0,114,33,52.38,422,692,1114,94.01,21,56.76,16,23,0,0,0,0,52,1,2,2,7,57,23,0,0,3,7,43,0,2,0.73,1.24,17,0,14.29,34,2,2,17,13,4,2,0,,41,60.29,2,0,0,71,10,5,0,18,1706,0,13,0,0,0,0,0.0,0,0,0,0,89,2,0,6.94,0,0,0,0,0,0,0,0,853.0,0.0,0,12,2,8,4,1,50.0,0,17,13,76.47,5,49,2,1,62,59.05,63,468,717,1185,159.7,14,1,1389,23,4,0,Raúl Asencio,Real Madrid,1156645,2829
125,0,0.0,66,310,44.67,176,806,982,71.47,9,100.0,0,37,0,0,0,0,298,1,0,0,3,41,37,1,0,0,2,2,3,2,0.08,,0,0,0.0,232,0,0,60,56,4,0,0,-7.17,8,80.0,0,24,0,392,1,4,0,37,3330,0,0,1,0,0,0,0.0,5,0,0,0,403,0,21,6.94,0,0,29,60,36,99,0,22,0.0,0.0,0,0,0,0,0,1,100.0,28,1,1,100.0,4,186,1,0,17,89.47,694,483,891,1374,256.8,0,0,1726,7,1,0,Álex Remiro,Real Sociedad,791773,2824
4,1,50.0,133,11,68.75,237,135,372,71.95,93,46.73,106,33,1,0,0,0,89,5,10,9,3,28,33,0,2,55,11,234,0,1,1.93,8.69,46,0,15.79,0,9,10,38,32,6,9,0,,167,56.61,4,0,0,145,14,27,4,28,2451,13,4,0,0,2,0,100.0,0,2,0,1,320,7,0,6.94,3,1,0,0,0,0,0,0,272.33,0.0,1,49,8,27,21,49,68.06,0,50,33,66.0,27,10,72,2,260,52.63,16,354,163,517,229.0,57,1,1058,69,5,1,Federico Viñas,Real Oviedo,976104,2851
26,3,60.0,110,29,52.73,268,325,593,82.82,47,63.51,27,27,3,0,0,0,89,2,0,4,3,61,27,0,0,18,10,87,1,1,1.0,0.99,21,0,18.75,0,3,6,28,22,6,2,1,,70,53.85,1,0,0,123,14,7,0,16,1544,2,14,0,0,0,0,0.0,0,0,0,0,170,2,0,6.94,1,2,0,0,0,0,0,0,514.67,0.0,2,4,12,6,6,8,42.11,0,41,25,60.98,7,47,19,5,117,57.35,55,344,372,716,187.3,16,2,1001,22,6,1,Kervin Arriaga,Levante UD,1083832,2849
37,11,22.0,350,54,58.06,650,631,1281,89.46,10,43.48,13,29,4,0,0,0,124,9,2,7,6,53,29,0,0,8,21,81,0,0,3.8,1.98,28,0,0.0,1,0,4,26,21,5,0,0,,83,54.97,0,0,0,151,12,20,0,25,2184,4,2,0,0,0,0,0.0,0,0,0,0,253,9,0,6.93,1,0,0,0,0,0,0,0,0.0,0.0,0,13,5,5,6,13,54.17,0,59,40,67.8,20,65,24,50,93,53.45,93,749,683,1432,201.1,18,2,1893,11,5,1,Marcos Llorente,Atlético Madrid,353138,2836
3,3,60.0,12,5,45.45,36,25,61,81.33,1,25.0,3,6,0,0,0,0,10,0,0,0,0,6,6,0,0,1,3,12,0,0,0.5,0.6,3,0,50.0,0,1,1,2,2,0,0,1,,5,35.71,0,0,0,14,2,2,1,1,171,0,1,0,0,0,0,0.0,0,0,0,0,29,0,0,6.93,0,0,0,0,0,0,0,0,171.0,0.0,0,0,2,1,1,1,33.33,0,1,0,0.0,2,4,3,5,6,33.33,11,45,30,75,41.6,2,1,123,3,1,0,Iker Benito,Osasuna,1086346,2820
33,25,24.04,337,38,41.76,591,494,1085,82.2,22,37.93,36,35,4,0,0,0,163,10,3,5,11,80,35,0,0,45,21,175,0,0,4.51,2.25,22,0,0.0,0,0,4,31,28,3,0,0,,152,52.23,0,0,0,235,38,43,0,31,2810,4,7,0,0,0,1,0.0,0,0,0,0,515,10,0,6.93,0,0,0,0,0,0,0,0,0.0,0.0,0,12,19,17,9,63,54.31,0,70,45,64.29,43,67,116,104,174,49.86,91,760,560,1320,242.6,31,6,2295,21,9,0,Andrei Rațiu,Rayo Vallecano,965031,2818
29,0,0.0,81,44,57.14,258,465,723,90.15,37,50.0,37,16,1,0,0,0,47,1,3,1,7,64,15,0,0,2,10,68,1,1,0.45,1.74,20,0,0.0,2,0,1,14,11,3,0,0,,37,54.41,0,0,0,79,16,1,0,13,1177,1,12,0,0,0,0,0.0,0,0,0,1,87,0,0,6.93,0,0,0,0,0,0,0,0,0.0,0.0,0,13,0,9,3,2,66.67,0,25,12,48.0,1,46,3,0,74,52.11,77,306,496,802,103.9,13,1,984,10,4,0,José María Giménez,Atlético Madrid,325355,2836
44,28,32.94,173,48,34.04,374,339,713,76.5,31,56.36,24,31,2,0,0,0,111,3,0,2,5,98,31,0,0,12,20,102,0,0,1.9,0.41,26,0,14.29,0,1,3,39,34,5,0,1,,125,61.58,0,0,0,219,35,20,1,30,2672,0,22,1,0,0,0,0.0,0,0,0,0,383,6,0,6.93,0,0,0,0,0,0,0,0,2672.0,0.0,0,4,3,4,1,34,62.96,0,68,35,51.47,20,111,54,85,156,60.47,141,517,415,932,214.7,7,2,1687,23,11,0,Pablo Maffeo,Mallorca,788216,2826
31,15,23.44,207,35,81.4,339,172,511,89.96,3,75.0,1,22,2,0,0,0,49,4,1,3,0,5,20,0,0,20,7,54,0,0,1.87,0.59,11,0,0.0,0,0,2,14,14,0,0,0,,60,53.1,0,0,0,57,10,18,0,11,1035,0,1,0,0,0,0,0.0,0,0,0,1,164,3,0,6.93,0,0,0,0,0,0,0,0,0.0,0.0,2,3,6,3,3,15,50.0,0,23,11,47.83,18,49,30,64,63,53.85,43,383,185,568,138.5,9,0,807,22,0,0,André Almeida,Valencia,845693,2828
45,13,19.4,370,55,50.93,622,429,1051,84.96,15,65.22,8,34,4,0,0,0,79,7,0,4,2,38,33,0,0,15,34,85,0,2,4.42,0.63,15,0,7.14,0,1,5,26,24,2,0,1,,84,52.17,0,0,1,186,9,32,0,21,1967,1,5,0,2,0,0,0.0,0,0,0,0,316,3,0,6.92,0,1,0,0,0,0,0,0,1967.0,0.0,1,5,9,5,5,15,53.57,0,42,20,47.62,30,87,28,67,99,53.8,108,758,479,1237,228.5,14,1,1741,28,4,0,Óscar Mingueza,Celta Vigo,859773,2821
4,10,21.28,127,6,46.15,193,109,302,76.07,19,37.25,32,36,1,0,0,0,69,4,13,12,3,12,36,0,0,35,21,151,0,0,2.86,10.63,34,0,15.87,0,10,11,23,21,2,10,0,,97,44.91,0,0,1,95,11,31,3,31,2483,18,0,0,0,1,0,100.0,0,1,0,3,300,14,0,6.92,0,7,0,0,0,0,0,0,248.3,0.0,0,59,4,23,28,28,47.46,0,31,17,54.84,31,10,59,47,116,43.45,13,276,121,397,249.2,63,4,854,39,3,0,Jorge de Frutos,Rayo Vallecano,900003,2818
57,1,11.11,186,73,35.96,668,1145,1813,87.46,65,61.32,41,36,1,0,0,0,158,2,2,1,6,178,36,0,1,6,19,106,2,2,1.64,0.86,34,0,7.14,17,1,2,49,40,9,1,0,,120,64.86,0,0,0,260,51,8,0,33,2953,2,26,0,0,0,1,0.0,0,0,0,1,308,2,0,6.92,1,1,0,0,0,0,0,0,2953.0,0.0,0,13,1,9,4,12,66.67,0,74,52,70.27,8,132,18,9,185,63.57,203,854,1219,2073,249.2,14,2,2598,35,7,0,David Affengruber,Elche,988672,2846
126,0,0.0,123,152,52.6,403,1049,1452,85.61,81,57.45,60,35,2,0,0,0,116,2,1,5,7,215,35,0,1,4,10,122,2,2,1.11,2.67,46,0,15.79,7,3,5,45,34,11,3,0,,60,49.18,3,0,0,244,33,12,0,35,3073,3,32,0,0,0,2,0.0,0,0,0,0,266,1,0,6.92,1,0,0,0,0,0,0,0,1024.33,0.0,0,18,1,10,4,6,54.55,0,41,31,75.61,12,199,11,2,141,53.61,289,581,1115,1696,242.2,19,4,2132,14,11,0,Alejandro Catena,Osasuna,900792,2820
54,55,32.74,298,82,58.57,592,388,980,84.56,8,53.33,7,38,5,0,0,0,127,13,2,8,2,18,38,0,0,19,16,88,0,0,4.93,2.04,21,0,2.78,0,1,6,43,39,4,1,0,,91,52.91,0,0,0,179,26,59,0,30,2689,2,6,0,1,0,0,0.0,0,0,0,0,372,11,0,6.92,0,0,0,0,0,0,0,0,2689.0,0.0,1,9,27,15,13,34,56.67,0,28,13,46.43,58,92,60,168,99,52.94,140,741,418,1159,262.8,36,0,1655,29,3,0,Sergi Darder,Mallorca,110783,2826
5,12,28.57,152,2,28.57,242,52,294,90.74,0,0.0,9,19,3,0,0,0,38,7,3,8,1,4,19,0,0,9,6,48,0,0,2.13,2.58,5,0,3.7,0,1,4,5,5,0,1,0,,54,58.06,0,0,1,30,3,17,0,6,680,0,0,0,0,0,0,0.0,0,0,0,1,109,8,0,6.92,0,1,0,0,0,0,0,0,680.0,0.0,2,23,4,8,11,18,47.37,0,13,8,61.54,17,7,38,42,54,52.94,7,268,56,324,131.4,27,1,532,23,3,0,Rodrygo,Real Madrid,910536,2829
17,0,0.0,14,81,35.22,52,292,344,69.64,7,100.0,0,18,0,0,0,0,134,0,0,0,4,25,18,0,0,0,2,2,0,0,0.02,,0,0,0.0,99,0,0,30,26,4,0,0,-4.03,3,60.0,0,21,0,150,0,1,0,18,1620,0,0,0,0,0,0,0.0,4,0,1,0,151,0,10,6.91,0,0,21,38,14,54,1,10,0.0,0.0,0,0,0,0,0,0,0.0,19,2,1,50.0,1,26,0,0,10,83.33,230,180,314,494,124.4,0,1,675,1,1,0,Julen Agirrezabala,Valencia,1014412,2828
37,14,21.54,273,38,59.38,446,274,720,82.0,30,61.22,19,29,2,0,1,0,87,6,5,11,0,9,29,0,1,20,8,116,0,0,2.73,5.8,43,0,16.67,0,6,8,27,25,2,6,0,,91,48.4,0,0,1,158,7,25,6,21,1672,7,3,0,0,2,0,50.0,0,1,0,0,316,16,0,6.91,1,0,0,0,0,0,0,0,278.67,0.0,4,19,17,9,16,21,42.0,0,37,19,51.35,25,58,50,65,121,51.05,64,571,307,878,200.4,36,0,1265,35,5,0,Brais Méndez,Real Sociedad,845385,2824
11,4,40.0,154,13,65.0,262,84,346,64.43,133,56.84,101,34,5,0,0,0,53,7,17,12,1,26,34,0,0,45,9,229,0,0,2.69,8.85,36,0,9.21,0,7,12,36,29,7,6,1,,112,46.67,1,0,0,191,3,33,6,24,2200,18,1,0,0,0,1,0.0,0,0,0,0,400,13,0,6.91,0,0,0,0,0,0,0,0,314.29,0.0,0,66,10,40,24,39,48.75,0,24,16,66.67,33,22,80,10,245,51.69,20,422,115,537,234.9,76,1,1070,49,2,0,Álvaro Rodriguez,Elche,1154587,2846
29,21,32.81,277,49,60.49,560,557,1117,91.41,11,31.43,24,25,2,0,0,0,92,6,0,4,4,34,25,0,0,6,13,64,0,0,2.82,0.29,14,0,0.0,0,0,2,26,22,4,0,0,,66,62.26,0,0,0,105,16,22,0,24,1984,2,8,0,1,0,1,0.0,0,0,0,0,194,5,0,6.91,0,0,0,0,0,0,0,0,0.0,0.0,0,2,4,1,1,15,65.22,0,29,17,58.62,21,48,23,64,77,54.61,81,624,598,1222,172.7,6,1,1596,22,2,0,Álvaro Núñez,Celta Vigo,1012410,2821
57,6,17.14,272,53,65.43,514,258,772,88.84,12,63.16,7,26,2,0,0,0,89,4,0,5,0,10,26,0,0,8,11,53,1,0,1.85,0.39,20,0,0.0,0,0,2,15,13,2,0,0,,53,53.54,0,0,0,97,11,16,0,12,1218,0,1,0,0,0,1,0.0,0,0,0,0,155,11,0,6.91,0,0,0,0,0,0,0,0,0.0,0.0,0,3,8,4,2,12,57.14,0,20,9,45.0,16,90,21,35,65,55.08,81,592,277,869,179.6,11,0,1069,21,3,0,Moi Gómez,Osasuna,149370,2820
41,8,30.77,250,79,45.66,606,727,1333,88.75,50,68.49,23,28,3,0,0,0,76,4,1,2,5,107,28,0,0,7,17,74,0,4,1.31,0.67,25,0,10.0,28,1,4,30,23,7,0,1,,58,53.21,0,0,0,169,29,15,1,25,2068,0,19,0,0,0,2,0.0,0,0,0,0,248,0,0,6.91,1,0,0,0,0,0,0,0,2068.0,0.0,0,6,4,5,3,4,50.0,0,36,21,58.33,15,94,8,26,108,59.34,173,729,773,1502,193.4,10,3,1914,19,3,1,Pedro Bigas,Elche,141832,2846
10,10,20.83,282,10,55.56,484,290,774,81.82,26,57.78,19,31,6,0,0,0,111,9,8,6,2,11,31,0,0,28,40,140,0,1,4.99,5.17,21,0,11.11,0,4,10,26,21,5,3,1,,114,48.51,0,0,1,172,18,31,2,25,2109,7,3,0,2,0,0,0.0,0,0,0,0,347,12,0,6.91,0,2,0,0,0,0,0,0,527.25,0.0,0,32,4,16,14,29,44.62,0,45,26,57.78,29,23,65,48,140,50.0,18,609,337,946,214.1,36,2,1413,40,3,0,Giuliano Simeone,Atlético Madrid,1099352,2836
12,4,20.0,112,12,66.67,204,120,324,77.88,17,35.42,31,30,3,0,0,0,51,2,8,4,0,20,30,0,0,20,4,111,0,0,1.28,6.73,24,0,20.0,0,9,12,24,21,3,7,2,,63,44.06,0,0,1,92,8,16,2,21,1669,10,1,0,1,0,0,0.0,0,0,0,0,218,10,0,6.9,0,7,0,0,0,0,0,0,185.44,0.0,0,32,13,15,26,21,38.89,0,12,4,33.33,15,22,54,20,80,41.88,18,269,147,416,207.1,45,3,742,30,4,0,Ferrán Jutglà,Celta Vigo,949962,2821
30,12,30.0,426,31,46.97,953,807,1760,91.57,35,56.45,27,30,3,0,0,0,91,6,5,3,8,55,30,0,0,23,22,106,0,2,3.39,1.66,23,0,7.14,0,1,4,22,22,0,1,0,,92,53.8,1,0,1,162,30,23,0,24,2269,2,13,0,0,0,1,0.0,0,0,0,0,281,4,0,6.9,0,0,0,0,0,0,0,0,2269.0,0.0,0,12,2,7,4,21,60.0,0,47,25,53.19,23,64,35,40,127,54.51,66,1070,852,1922,207.1,14,2,2483,24,6,0,Jules Koundé,FC Barcelona,827212,2817
17,28,22.76,393,30,73.17,584,242,826,82.44,32,45.07,39,32,5,0,0,0,82,4,6,12,3,29,32,0,0,25,16,128,0,0,3.94,6.83,22,0,11.76,0,6,11,39,34,5,6,0,,92,50.83,1,0,1,176,20,56,4,31,2641,5,4,0,1,0,0,0.0,0,0,0,0,368,4,0,6.9,0,1,0,0,0,0,0,0,440.17,0.0,6,31,20,18,21,27,49.09,0,31,22,70.97,55,23,55,123,124,49.21,41,721,281,1002,220.9,51,1,1530,35,3,0,Viktor Tsygankov,Girona FC,319735,24264
24,17,24.29,203,25,58.14,307,115,422,74.69,11,34.38,21,32,4,0,0,0,57,6,3,17,1,6,32,0,0,24,25,107,0,1,2.9,3.86,18,0,17.39,0,8,12,26,23,3,6,2,,76,46.91,0,0,2,143,4,25,2,22,1839,13,0,0,1,0,0,0.0,0,0,0,0,300,14,0,6.9,0,6,0,0,0,0,0,0,229.88,0.0,0,20,26,11,18,18,46.15,0,25,16,64.0,24,49,39,70,87,44.85,43,422,143,565,220.8,46,2,941,33,3,0,Gonçalo Guedes,Real Sociedad,280979,2824
22,0,0.0,95,48,53.33,377,714,1091,93.09,30,69.77,13,18,0,0,0,0,57,1,1,3,5,52,18,0,0,1,1,26,0,1,0.61,0.92,11,0,7.69,22,1,1,16,13,3,1,0,,16,55.17,0,0,0,81,4,3,0,16,1492,2,4,0,1,0,0,0.0,0,0,0,0,91,2,0,6.9,0,1,0,0,0,0,0,0,1492.0,0.0,0,11,2,9,1,0,0.0,0,14,7,50.0,2,53,1,2,46,63.89,90,430,742,1172,124.2,13,0,1300,2,0,0,Antonio Rüdiger,Real Madrid,142622,2829
17,1,16.67,68,14,46.67,131,129,260,82.28,2,25.0,6,12,1,0,0,0,26,0,0,1,1,9,12,0,0,2,8,24,0,2,0.4,0.18,4,0,0.0,0,0,1,14,13,1,0,0,,45,71.43,0,0,0,56,7,4,0,8,739,1,6,0,0,0,0,0.0,0,0,0,0,85,1,0,6.9,0,0,0,0,0,0,0,0,0.0,0.0,0,1,4,4,0,10,66.67,0,26,16,61.54,4,29,15,6,47,66.2,30,173,143,316,82.8,5,0,451,9,2,0,Obed Vargas,Atlético Madrid,1119345,2836
11,0,0.0,138,15,88.24,277,141,418,92.89,1,25.0,3,16,0,0,0,0,37,0,0,0,0,5,15,0,0,2,8,29,1,0,0.7,0.04,6,0,0.0,0,0,0,6,6,0,0,0,,36,58.06,0,0,0,32,7,9,0,4,498,0,4,0,0,0,0,0.0,0,0,0,0,53,2,0,6.9,0,0,0,0,0,0,0,0,0.0,0.0,0,0,3,3,0,3,23.08,0,18,11,61.11,9,12,13,3,37,56.06,17,295,155,450,103.5,3,0,543,15,1,0,Dani Ceballos,Real Madrid,547838,2829
14,3,11.11,128,22,52.38,241,165,406,76.03,50,60.98,32,24,0,0,0,0,61,3,6,6,2,27,24,0,1,20,16,114,1,0,2.0,4.21,28,0,11.63,0,5,5,15,13,2,5,0,,73,47.1,3,0,2,128,12,12,2,18,1460,2,3,0,0,0,0,0.0,0,0,0,1,234,8,0,6.9,1,0,0,0,0,0,0,0,292.0,0.0,0,33,10,17,20,24,51.06,0,24,16,66.67,12,31,47,27,123,51.9,42,347,187,534,165.5,43,3,887,25,4,0,Nicolás González,Atlético Madrid,901325,2836
36,9,37.5,152,48,41.38,289,319,608,83.17,15,65.22,8,24,2,0,0,0,46,2,1,7,0,60,24,0,1,3,7,35,0,1,1.58,0.82,15,0,0.0,0,0,2,18,12,6,0,0,,54,66.67,0,0,0,123,15,10,0,11,1121,1,6,0,0,0,0,0.0,0,0,0,0,157,3,0,6.9,1,0,0,0,0,0,0,0,0.0,0.0,0,9,7,5,4,7,63.64,0,25,15,60.0,10,72,11,24,69,66.35,116,378,353,731,165.5,16,1,984,23,2,0,Alejandro Francés,Girona FC,1002347,24264
16,0,0.0,108,16,57.14,287,256,543,92.03,15,48.39,16,22,1,0,0,0,29,2,1,3,0,19,20,0,0,7,9,51,0,1,0.59,1.04,16,0,28.57,0,2,3,11,11,0,2,0,,48,57.83,0,0,0,47,12,5,1,9,795,0,2,0,0,0,0,0.0,0,0,0,0,70,2,0,6.9,0,1,0,0,0,0,0,0,397.5,0.0,0,3,4,2,2,11,78.57,0,26,18,69.23,5,27,14,1,63,55.26,28,321,269,590,137.9,7,0,733,11,5,0,Marc Bernal,FC Barcelona,1526618,2817
0,2,40.0,31,2,50.0,54,24,78,62.9,16,43.24,21,20,0,0,0,0,12,2,6,1,0,6,19,0,0,6,4,46,0,0,0.21,6.1,15,0,33.33,0,9,9,15,14,1,9,0,,17,40.48,2,0,0,46,1,5,0,8,842,14,1,0,0,0,0,0.0,0,0,0,0,78,3,0,6.89,0,7,0,0,0,0,0,0,93.56,0.0,0,25,2,7,19,3,75.0,0,7,5,71.43,5,0,4,5,33,41.77,4,92,32,124,131.0,27,1,225,7,5,0,Orri Óskarsson,Real Sociedad,1026015,2824
39,12,30.77,187,55,61.8,406,387,793,88.01,8,80.0,2,32,0,0,0,0,68,3,0,1,0,15,31,0,0,10,11,44,1,4,1.35,0.96,16,0,33.33,0,1,1,24,20,4,1,0,,77,64.71,0,0,1,108,12,26,0,16,1398,0,7,0,1,1,0,100.0,0,1,0,0,174,1,0,6.89,0,1,0,0,0,0,0,0,1398.0,0.0,2,1,2,1,1,8,50.0,0,42,28,66.67,25,63,16,39,85,65.89,89,482,419,901,213.7,3,0,1123,27,3,0,Dani Parejo,Villarreal,39182,2819
13,3,15.0,151,13,59.09,239,152,391,73.22,30,46.15,35,32,1,0,0,1,92,5,12,19,2,9,32,0,0,55,21,188,0,0,1.89,8.63,40,0,11.86,0,7,8,31,28,3,7,0,,147,49.0,0,0,1,143,12,25,0,28,2287,7,2,0,0,1,0,0.0,0,0,0,1,381,18,0,6.88,0,7,0,0,0,0,0,0,326.71,0.0,0,45,14,22,18,37,48.68,0,33,22,66.67,25,19,76,20,177,48.49,22,350,184,534,220.3,59,1,1110,77,5,0,Iván Romero,Levante UD,1014042,2849
54,9,23.68,218,63,45.0,551,818,1369,90.18,29,46.77,33,31,0,0,0,0,91,0,1,0,4,86,31,0,0,4,21,99,0,3,0.94,0.48,38,0,11.11,30,1,1,35,26,9,0,1,,81,55.1,0,0,0,149,20,5,0,22,2165,1,18,0,0,0,0,0.0,0,0,0,0,211,1,0,6.88,1,1,0,0,0,0,0,0,2165.0,0.0,1,4,5,6,3,8,66.67,0,63,34,53.97,5,111,12,38,110,52.63,140,659,859,1518,213.4,9,2,1899,10,6,1,Víctor Chust,Elche,855831,2846
4,0,0.0,53,1,33.33,90,49,139,65.88,46,56.1,36,25,0,0,0,0,41,1,10,9,0,13,25,0,0,19,9,104,0,0,0.38,7.58,31,0,19.3,0,11,11,22,19,3,8,3,,50,42.37,4,0,0,72,9,9,2,13,1350,9,1,0,0,0,0,0.0,0,0,0,0,166,10,0,6.88,0,5,0,0,0,0,0,0,122.73,0.0,0,49,8,24,24,12,50.0,0,13,7,53.85,9,9,24,1,96,48.0,3,153,58,211,172.0,57,1,486,25,3,0,Carlos Espí,Levante UD,1649918,2849
56,1,50.0,109,66,51.16,384,719,1103,89.17,60,67.42,29,25,1,0,0,0,87,1,2,6,1,127,25,0,0,1,9,48,0,1,0.33,1.62,9,0,0.0,6,0,1,35,30,5,0,0,,42,68.85,0,0,1,134,25,7,0,24,2060,1,13,0,0,0,0,0.0,0,0,0,1,146,1,0,6.88,0,0,0,0,0,0,0,0,0.0,0.0,1,13,2,4,5,2,100.0,0,27,17,62.96,7,99,2,2,102,68.0,129,481,756,1237,172.0,15,0,1525,13,4,0,Aymeric Laporte,Athletic Club,149734,2825
27,0,0.0,169,24,50.0,407,381,788,88.64,27,38.03,44,33,0,0,0,0,103,1,0,3,4,62,32,0,1,13,34,124,0,2,1.32,1.01,31,0,7.69,0,1,1,19,19,0,1,0,,98,55.06,0,0,0,101,28,10,1,26,2113,0,15,0,0,0,1,0.0,0,0,0,0,148,2,0,6.88,1,0,0,0,0,0,0,0,2113.0,0.0,0,7,6,6,4,5,41.67,0,72,43,59.72,10,40,12,3,125,50.2,48,466,423,889,220.1,13,0,1254,22,3,0,Óscar Valentín,Rayo Vallecano,900008,2818
40,22,26.51,211,32,65.31,386,216,602,82.47,11,35.48,20,34,4,0,0,0,64,9,9,2,2,13,34,0,0,9,11,61,0,2,4.15,7.61,4,0,14.89,0,7,11,21,16,5,7,0,,33,44.59,0,0,1,128,8,32,5,13,1475,15,2,0,1,0,0,0.0,0,0,0,0,271,10,0,6.88,0,2,0,0,0,0,0,0,210.71,0.0,1,38,9,20,25,9,34.62,0,14,9,64.29,31,60,26,83,44,41.9,49,484,246,730,233.8,47,0,1052,10,1,0,Antoine Griezmann,Atlético Madrid,85859,2836
69,0,0.0,100,259,35.87,204,448,652,58.01,12,100.0,0,37,0,0,0,0,356,0,0,0,6,35,37,0,0,0,0,0,0,1,0.15,,0,0,0.0,188,0,0,54,44,10,0,0,-3.04,5,100.0,0,25,0,472,0,1,0,37,3330,0,0,0,0,0,0,0.0,6,0,2,0,480,0,4,6.88,0,0,64,64,32,100,2,15,0.0,0.0,0,0,0,0,0,0,0.0,63,1,0,0.0,1,119,0,0,17,100.0,722,612,512,1124,254.4,0,0,1485,8,1,0,Unai Simón,Athletic Club,797291,2825
4,0,0.0,4,3,42.86,12,41,53,81.54,6,54.55,5,5,0,0,0,0,5,0,0,0,2,18,4,0,0,0,0,7,0,0,0.21,0.02,2,0,0.0,0,0,0,3,3,0,0,0,,6,75.0,0,0,0,12,4,1,0,3,281,0,3,0,0,0,0,0.0,0,0,0,0,13,0,0,6.88,0,0,0,0,0,0,0,0,0.0,0.0,0,1,0,0,1,0,0.0,0,6,3,50.0,1,4,0,0,12,63.16,7,21,44,65,27.5,1,0,103,0,0,0,Ville Koski,Deportivo Alavés,999178,2885
75,8,26.67,299,106,58.24,780,790,1570,85.51,35,49.3,36,36,3,0,0,0,206,2,0,16,4,41,36,0,0,37,65,215,0,2,1.92,1.37,71,0,5.0,0,2,5,52,47,5,1,1,,159,47.04,0,0,0,266,54,22,1,36,3116,2,11,0,0,0,0,0.0,0,0,0,0,373,10,0,6.87,0,1,0,0,0,0,0,0,1558.0,0.0,0,8,32,11,13,24,75.0,0,94,50,53.19,22,133,32,30,194,47.43,182,965,871,1836,247.4,40,0,2389,43,9,0,Antonio Blanco,Deportivo Alavés,855832,2885
58,22,20.75,181,73,32.02,339,217,556,64.35,32,43.84,41,37,2,0,0,0,108,3,0,14,10,141,37,0,0,17,50,195,2,1,1.85,1.06,63,0,3.85,0,1,3,34,27,7,1,0,,211,57.81,0,0,0,308,25,18,0,36,3189,1,12,1,0,0,0,0.0,0,0,0,0,632,5,0,6.87,0,1,0,0,0,0,0,0,3189.0,0.0,0,5,21,7,5,30,51.72,0,112,68,60.71,18,139,58,106,243,55.48,228,578,286,864,254.2,26,1,1975,70,4,0,Juan Iglesias,Getafe,949707,2859
20,0,0.0,7,53,34.19,26,153,179,63.03,0,0.0,0,10,0,0,0,0,90,0,0,0,0,9,10,0,0,0,0,0,2,0,0.01,,0,0,0.0,73,0,0,16,15,1,0,0,-1.27,2,100.0,0,7,0,105,0,0,0,10,900,0,0,0,0,0,0,0.0,2,0,0,0,106,0,3,6.87,0,0,3,23,7,30,2,8,0.0,0.0,0,0,0,0,0,0,0.0,3,1,1,100.0,0,39,0,0,2,100.0,155,107,177,284,68.7,0,1,394,1,0,0,Arnau Tenas,Villarreal,908714,2819
37,0,0.0,132,77,50.33,502,1248,1750,90.96,87,55.77,69,36,1,0,0,0,128,2,4,4,5,215,36,0,1,6,11,127,0,7,0.45,1.58,40,0,5.26,34,1,2,48,43,5,1,0,,82,58.57,1,0,0,174,33,9,0,35,3138,1,40,1,0,0,0,0.0,0,0,0,0,215,2,0,6.87,1,0,0,0,0,0,0,0,3138.0,0.0,0,16,3,11,4,8,72.73,0,50,31,62.0,9,64,11,0,169,57.09,153,605,1319,1924,247.3,19,2,2445,24,8,0,Vitor Reis,Girona FC,1485300,24264
35,32,36.36,155,36,41.86,292,248,540,78.37,14,66.67,7,27,5,0,0,0,87,10,1,10,3,29,27,0,0,17,14,87,0,1,4.56,1.91,31,0,3.57,0,1,6,28,24,4,1,0,,42,34.43,0,0,1,149,20,36,1,21,1865,4,12,0,0,0,0,0.0,0,0,0,0,267,11,0,6.87,0,0,0,0,0,0,0,0,1865.0,0.0,4,7,21,14,4,14,42.42,0,17,9,52.94,36,70,33,88,56,39.16,86,410,279,689,185.4,28,2,1024,12,3,0,Pablo Martínez,Levante UD,927066,2849
31,3,13.04,216,31,70.45,321,150,471,71.8,38,42.22,52,32,3,0,0,0,81,8,10,22,6,25,32,0,0,56,10,161,1,0,2.38,11.08,22,0,12.36,0,11,14,35,26,9,8,3,,93,46.04,1,0,3,185,9,34,1,30,2592,17,2,0,0,1,0,100.0,0,1,0,0,389,22,0,6.86,0,9,0,0,0,0,0,0,235.64,0.0,2,66,23,40,27,28,53.85,0,28,17,60.71,34,47,52,23,131,44.86,44,472,184,656,219.6,89,2,1168,38,5,0,Cucho Hernández,Real Betis,887055,2816
17,5,41.67,78,32,49.23,216,405,621,88.46,22,62.86,13,17,1,0,0,0,40,1,0,0,2,40,16,0,0,2,11,51,0,0,0.64,0.01,24,0,0.0,0,0,1,16,12,4,0,0,,37,49.33,0,0,1,81,22,3,0,17,1218,1,9,0,0,0,0,0.0,0,0,0,0,131,0,0,6.86,0,0,0,0,0,0,0,0,0.0,0.0,0,0,1,1,0,2,40.0,0,27,19,70.37,3,41,5,12,59,53.64,65,276,426,702,109.8,1,0,944,9,4,0,César Azpilicueta,Sevilla,21555,2833
26,0,0.0,5,37,43.02,15,153,168,77.42,5,100.0,0,8,0,0,0,0,77,0,0,0,3,7,8,0,0,0,0,1,0,0,0.01,,1,0,0.0,42,0,0,13,11,2,0,0,-1.88,1,50.0,0,11,0,49,0,0,0,8,720,0,0,0,0,0,1,0.0,3,0,0,0,51,0,4,6.86,0,0,4,14,8,22,1,5,0.0,0.0,0,0,0,0,0,0,0.0,4,0,0,0.0,0,32,0,0,6,85.71,86,50,167,217,54.9,0,0,315,3,2,0,Juan Musso,Atlético Madrid,263651,2836
16,9,29.03,263,17,43.59,418,226,644,79.12,3,12.5,21,37,5,0,0,0,111,9,6,7,0,13,37,0,0,25,59,172,1,2,3.74,5.77,33,0,21.74,0,10,15,31,27,4,7,3,,90,37.34,0,0,1,170,12,37,1,30,2490,3,3,0,0,0,0,0.0,0,0,0,1,327,14,0,6.86,0,9,0,0,0,0,0,0,249.0,0.0,1,33,13,19,20,33,47.83,0,30,20,66.67,37,41,69,31,93,35.09,39,548,266,814,253.9,46,6,1204,27,4,0,Alberto Moleiro,Villarreal,1012444,2819
10,15,22.06,126,13,56.52,195,64,259,77.54,1,12.5,7,19,1,0,0,0,32,4,0,6,1,5,18,0,0,5,12,74,0,1,2.9,2.01,7,0,3.85,0,1,2,12,10,2,1,0,,54,44.63,0,0,0,75,2,18,0,13,1135,6,0,0,0,1,0,100.0,0,1,0,1,216,7,0,6.86,0,1,0,0,0,0,0,0,1135.0,0.0,0,18,8,8,12,27,38.57,0,10,5,50.0,18,19,70,68,55,42.64,23,257,77,334,123.5,26,1,608,17,1,0,Bryan Zaragoza,Celta Vigo,1084730,2821
3,0,0.0,20,3,100.0,23,11,34,87.18,3,75.0,1,7,0,0,0,0,3,0,0,1,0,4,5,0,0,4,3,12,0,0,0.45,0.3,0,0,20.0,0,1,1,5,5,0,1,0,,6,35.29,0,0,0,5,1,2,0,0,106,1,0,0,0,0,0,0.0,0,0,0,0,19,0,0,6.86,0,1,0,0,0,0,0,0,106.0,0.0,0,4,1,2,2,1,20.0,0,4,2,50.0,2,3,5,2,9,42.86,3,27,12,39,34.3,5,0,73,1,0,0,Adam Boayar,Elche,1518971,2846
64,33,25.98,213,77,57.89,428,272,700,85.26,5,62.5,3,21,4,0,0,0,49,3,0,2,1,10,20,0,0,4,10,34,0,0,2.92,0.32,10,0,0.0,0,0,4,14,10,4,0,0,,24,43.64,0,0,1,121,14,29,0,14,1169,0,3,0,1,0,0,0.0,0,0,0,0,265,1,0,6.86,0,0,0,0,0,0,0,0,0.0,0.0,4,1,9,6,2,5,41.67,0,14,10,71.43,28,109,12,127,29,46.03,133,521,300,821,137.2,10,1,1156,5,4,0,Trent Alexander-Arnold,Real Madrid,795064,2829
6,0,0.0,37,31,72.09,223,750,973,95.86,31,58.49,22,19,0,0,0,0,50,0,2,0,5,108,19,0,0,2,1,43,0,1,0.11,0.55,19,0,0.0,0,0,0,17,14,3,0,0,,31,59.62,0,0,0,42,17,1,0,17,1493,0,13,1,0,0,0,0.0,0,0,0,0,51,0,0,6.86,1,0,0,0,0,0,0,0,0.0,0.0,0,4,0,3,1,1,50.0,0,23,14,60.87,1,7,2,0,62,59.05,43,241,774,1015,130.3,4,0,1221,8,1,1,Carl Starfelt,Celta Vigo,360718,2821
41,4,26.67,348,67,71.28,664,597,1261,89.37,21,40.38,31,35,1,0,0,0,147,2,2,4,4,29,35,0,0,33,19,126,0,1,2.07,0.87,30,0,0.0,0,0,1,37,30,7,0,0,,122,56.22,0,0,0,150,16,25,0,29,2538,3,4,0,0,0,0,0.0,0,0,0,1,272,15,0,6.86,1,0,0,0,0,0,0,0,0.0,0.0,0,8,5,4,5,30,61.22,0,61,37,60.66,25,63,49,15,143,53.16,94,769,642,1411,240.0,13,1,1810,31,3,1,Iván Martín,Girona FC,973699,24264
37,2,13.33,274,42,52.5,540,466,1006,83.21,35,50.0,35,34,6,0,0,0,133,3,4,6,2,54,34,0,1,27,25,137,0,6,3.5,4.17,43,0,11.11,0,3,9,29,25,4,3,0,,84,45.16,0,0,2,203,28,27,1,28,2413,1,15,0,0,0,1,0.0,0,0,0,0,296,14,0,6.85,1,2,0,0,0,0,0,0,804.33,0.0,0,20,7,14,7,11,52.38,0,45,23,51.11,27,74,21,15,119,46.48,80,665,544,1209,232.9,27,1,1612,28,5,0,Santi Comesaña,Villarreal,843678,2819
26,10,13.89,249,27,49.09,430,153,583,80.3,9,34.62,17,30,5,0,0,0,107,11,6,5,0,11,30,0,0,33,16,161,0,1,4.67,2.62,37,1,8.82,0,3,8,27,23,4,1,2,,115,44.4,0,0,0,143,15,44,0,22,1769,5,4,0,0,0,0,0.0,0,0,0,0,388,19,0,6.85,0,3,0,0,0,0,0,0,589.67,100.0,1,24,10,18,11,55,47.41,0,30,18,60.0,44,55,116,72,124,43.51,55,548,178,726,205.5,34,1,1244,30,5,0,Ander Barrenetxea,Real Sociedad,966862,2824
36,1,16.67,131,79,54.11,388,542,930,85.95,30,44.78,37,30,2,0,0,0,111,2,0,2,4,84,30,0,0,4,18,100,2,2,0.39,0.28,38,0,28.57,5,2,4,35,32,3,1,1,,67,51.54,1,0,0,152,35,8,0,26,2245,0,17,0,0,0,0,0.0,0,0,0,0,188,4,0,6.85,0,1,0,0,0,0,0,0,1122.5,0.0,0,2,5,2,3,6,66.67,0,48,29,60.42,8,67,9,6,97,49.24,146,496,586,1082,205.5,7,1,1395,13,5,0,Omar Mascarell,Mallorca,255999,2826
25,1,33.33,81,36,40.0,293,644,937,89.49,51,67.11,25,28,1,0,0,0,56,1,1,2,6,98,28,0,0,1,8,58,1,0,0.33,0.62,22,0,16.67,3,1,2,20,18,2,1,0,,49,59.76,1,0,0,110,20,2,0,17,1789,1,7,0,0,0,0,0.0,0,0,0,0,130,4,0,6.85,0,0,0,0,0,0,0,0,1789.0,0.0,0,6,0,3,1,1,25.0,0,35,19,54.29,2,48,4,3,100,63.29,90,352,695,1047,191.7,6,0,1285,14,5,0,Robin Le Normand,Atlético Madrid,787751,2836
9,1,33.33,142,8,57.14,232,125,357,75.8,25,58.14,18,33,2,0,0,0,36,5,20,11,2,10,33,0,0,21,8,76,0,0,1.72,13.16,13,0,23.19,0,16,18,20,19,1,13,3,,35,37.63,1,0,6,114,3,23,1,23,1984,12,1,0,0,0,0,0.0,0,0,0,0,211,9,0,6.85,0,14,0,0,0,0,0,0,124.0,0.0,1,58,11,21,37,9,34.62,0,7,5,71.43,23,20,26,3,60,44.12,14,324,147,471,225.9,69,4,738,20,2,0,Ferran Torres,FC Barcelona,855833,2817
72,35,24.65,295,88,48.09,618,494,1112,80.12,18,52.94,16,36,4,0,0,0,161,9,3,12,6,49,36,0,0,10,45,118,0,0,3.61,2.0,41,0,0.0,0,0,4,45,35,10,0,0,,80,43.96,0,0,1,276,23,39,0,35,3028,0,6,0,0,0,0,0.0,0,0,0,0,475,11,0,6.84,0,0,0,0,0,0,0,0,0.0,0.0,1,13,10,6,5,13,61.9,0,55,28,50.91,39,150,21,142,98,45.37,183,823,565,1388,246.3,23,1,1961,13,9,0,Jon Moncayola,Osasuna,976141,2820
18,1,50.0,99,27,75.0,223,218,441,88.38,12,42.86,16,15,0,0,0,0,41,1,0,1,1,22,15,0,0,15,10,69,0,0,0.45,0.08,23,0,0.0,0,0,0,13,11,2,0,0,,56,51.38,0,0,0,58,16,3,0,12,892,0,6,0,0,0,0,0.0,0,0,0,0,97,2,0,6.84,0,0,0,0,0,0,0,0,0.0,0.0,0,0,2,1,0,5,50.0,0,37,21,56.76,3,28,10,2,68,49.64,36,260,239,499,102.6,2,0,682,14,5,0,Johnny Cardoso,Atlético Madrid,990169,2836
45,0,0.0,50,71,46.41,217,866,1083,88.48,37,45.12,45,28,0,0,0,0,85,1,4,1,5,124,28,0,0,1,7,73,0,0,0.16,1.76,15,0,0.0,24,0,0,33,26,7,0,0,,40,58.82,0,0,0,141,28,3,0,24,2150,0,31,0,0,0,0,0.0,0,0,0,0,159,0,0,6.84,0,0,0,0,0,0,0,0,0.0,0.0,0,11,1,10,1,2,28.57,0,29,19,65.52,3,99,7,2,77,51.33,153,317,907,1224,191.5,12,1,1536,9,5,0,Fernando Calero,Espanyol,857205,2814
41,6,25.0,247,34,60.71,385,114,499,78.58,3,23.08,10,32,3,0,0,0,48,9,2,5,0,2,31,0,0,17,12,52,0,0,3.86,4.48,5,0,17.86,0,5,8,12,8,4,4,1,,44,51.16,0,0,1,136,12,31,4,11,1155,0,0,0,0,2,0,100.0,0,2,0,1,212,9,0,6.84,0,1,0,0,0,0,0,0,231.0,0.0,0,18,10,11,12,12,60.0,0,15,11,73.33,31,71,20,24,47,47.47,56,501,134,635,212.0,28,2,838,17,4,0,Iago Aspas,Celta Vigo,19356,2821
4,22,21.36,221,5,35.71,374,129,503,80.74,17,35.42,31,34,2,0,0,0,96,2,9,25,3,20,34,0,0,56,18,236,0,0,3.24,5.86,32,0,7.41,0,6,8,32,27,5,4,2,,150,42.25,2,0,1,120,9,27,1,31,2668,5,0,0,0,0,0,0.0,0,0,0,1,469,22,0,6.84,0,3,0,0,0,0,0,0,444.67,0.0,0,55,26,25,31,75,42.13,0,22,14,63.64,27,18,178,103,167,41.44,14,468,155,623,232.5,81,1,1369,54,3,0,Víctor Muñoz,Osasuna,1145642,2820
5,0,0.0,98,4,40.0,158,78,236,60.05,124,53.22,109,37,0,0,1,1,45,3,16,15,2,46,37,0,0,34,4,206,0,1,1.66,17.13,52,0,16.5,0,17,17,38,29,9,17,0,,59,37.82,5,0,6,157,6,16,10,35,2953,22,6,0,0,8,0,75.0,0,6,0,2,316,10,0,6.84,0,2,0,0,0,0,0,0,173.71,0.0,0,92,11,47,41,3,16.67,0,21,14,66.67,16,15,18,4,183,47.04,10,292,101,393,253.0,103,3,868,37,4,0,Ante Budimir,Osasuna,37318,2820
18,30,24.79,369,25,58.14,541,114,655,84.73,4,40.0,6,32,7,0,0,0,44,8,10,27,0,14,32,0,0,27,5,104,0,0,4.62,7.51,10,1,10.53,0,8,15,25,22,3,6,2,,63,39.13,1,0,3,118,2,46,3,18,1761,10,3,0,0,0,0,0.0,0,0,0,0,363,11,0,6.84,0,4,0,0,0,0,0,0,220.13,9.09,11,43,33,20,29,30,34.88,0,8,8,100.0,46,39,86,121,67,39.18,43,640,133,773,218.8,76,1,1260,25,3,0,Marcus Rashford,FC Barcelona,814590,2817
26,0,0.0,284,40,62.5,632,705,1337,91.2,47,62.67,28,32,2,0,0,0,167,2,5,4,2,56,32,0,0,19,29,112,0,1,1.19,2.39,34,0,5.0,0,1,3,41,36,5,1,0,,83,49.7,0,0,2,129,30,17,0,30,2533,1,11,0,0,0,0,0.0,0,0,0,0,187,11,0,6.83,1,1,0,0,0,0,0,0,2533.0,0.0,0,15,5,11,5,10,71.43,0,37,25,67.57,17,42,14,1,130,53.72,64,719,747,1466,218.7,20,0,1816,37,1,1,Axel Witsel,Girona FC,35612,24264
29,1,33.33,79,23,54.76,160,172,332,81.98,18,66.67,9,19,1,0,0,0,43,2,0,2,2,30,18,0,0,5,6,37,0,1,0.81,0.37,13,0,16.67,0,1,2,17,14,3,1,0,,28,50.0,1,0,0,73,7,4,0,7,775,1,2,0,0,0,0,0.0,0,0,0,0,103,5,0,6.83,0,0,0,0,0,0,0,0,775.0,0.0,0,2,4,2,2,6,50.0,0,12,5,41.67,4,43,12,3,46,55.42,42,205,200,405,123.0,6,1,542,10,2,0,Baptiste Santamaria,Valencia,344751,2828
29,27,23.89,122,45,72.58,223,177,400,80.48,2,25.0,6,37,3,0,0,0,72,2,2,10,0,11,37,0,0,16,33,130,1,0,3.22,1.59,12,0,0.0,0,0,3,33,29,4,0,0,,125,50.2,0,0,1,97,6,20,0,20,1943,3,0,0,0,0,0,0.0,0,0,0,0,338,17,0,6.83,0,0,0,0,0,0,0,0,0.0,0.0,0,18,16,16,8,61,49.19,0,39,26,66.67,20,55,124,113,127,49.42,62,299,198,497,252.7,34,1,1009,25,1,0,Haissem Hassan,Real Oviedo,942836,2851
30,39,24.84,330,62,49.21,715,593,1308,86.62,21,63.64,12,35,6,0,0,0,150,14,2,4,2,72,35,0,1,7,42,115,1,1,5.71,1.09,45,0,0.0,0,0,6,45,41,4,0,0,,115,52.75,0,0,1,202,31,45,0,30,2705,4,6,0,0,0,0,0.0,0,0,0,0,433,5,0,6.83,1,0,0,0,0,0,0,0,0.0,0.0,0,9,3,8,0,13,52.0,0,88,52,59.09,45,76,25,157,136,54.18,126,858,652,1510,239.0,12,1,2304,15,5,0,Sergio Gómez,Real Sociedad,855835,2824
30,32,34.78,206,41,42.71,377,383,760,83.89,14,38.89,22,25,1,0,0,0,90,2,0,1,2,58,25,0,0,14,12,103,0,1,2.55,0.21,32,0,0.0,0,0,1,26,21,5,0,0,,125,60.68,0,0,1,146,29,29,0,20,1820,2,5,0,0,0,2,0.0,0,0,0,0,304,8,0,6.83,0,0,0,0,0,0,0,0,0.0,0.0,0,4,2,4,1,38,60.32,0,48,30,62.5,29,59,63,92,139,57.44,96,479,427,906,170.7,6,0,1553,40,3,0,Javi Galán,Osasuna,825133,2820
25,10,31.25,168,33,40.74,307,270,577,82.66,7,35.0,13,27,2,0,0,0,98,3,3,9,5,45,27,0,0,19,27,103,0,1,1.62,3.85,32,0,12.9,0,4,6,22,17,5,4,0,,84,48.28,1,0,0,121,21,19,1,20,1814,1,3,0,0,0,3,0.0,0,0,0,1,233,8,0,6.83,1,2,0,0,0,0,0,0,453.5,0.0,1,16,15,10,12,15,46.88,0,45,32,71.11,19,45,32,32,91,46.91,81,387,311,698,184.3,31,2,1147,25,4,1,Aitor Ruibal,Real Betis,893062,2816
10,0,0.0,43,13,54.17,103,180,283,84.48,22,64.71,12,16,0,0,0,0,31,0,0,1,1,18,16,0,0,4,11,39,0,1,0.13,0.07,10,0,0.0,0,0,0,10,9,1,0,0,,44,61.97,0,0,0,52,15,4,0,8,721,1,0,0,0,0,0,0.0,0,0,0,0,78,0,0,6.83,0,0,0,0,0,0,0,0,0.0,0.0,0,0,3,2,0,9,75.0,0,23,11,47.83,4,20,12,2,66,62.86,24,140,195,335,109.2,3,0,471,14,1,0,Ugo Raghouber,Levante UD,1170694,2849
3,0,0.0,32,7,63.64,83,129,212,90.6,6,85.71,1,9,0,0,0,0,19,0,0,0,0,16,9,0,0,2,5,13,0,1,0.06,0.02,2,0,0.0,0,0,0,6,6,0,0,0,,19,61.29,0,0,1,22,4,1,0,3,356,0,2,0,0,0,0,0.0,0,0,0,0,42,1,0,6.82,0,0,0,0,0,0,0,0,0.0,0.0,0,0,1,1,0,3,50.0,0,13,8,61.54,1,6,6,1,25,65.79,11,96,138,234,61.4,1,0,342,3,0,0,Alexander Freeman,Villarreal,1184541,2819
45,22,20.37,165,30,41.67,298,206,504,75.68,29,54.72,24,33,5,0,0,0,79,6,4,10,2,23,33,0,1,18,19,92,0,0,3.16,2.41,20,0,3.57,0,1,6,32,27,5,0,1,,73,51.77,0,0,1,162,14,37,1,18,1748,0,8,0,1,0,0,0.0,0,0,0,0,305,11,0,6.82,1,0,0,0,0,0,0,0,1748.0,0.0,2,11,17,9,9,12,50.0,0,28,15,53.57,36,82,24,108,102,52.58,72,428,238,666,225.1,28,0,1042,33,3,0,Jon Ander Olasagasti,Levante UD,1010383,2849
15,0,0.0,85,32,45.71,370,867,1237,91.22,84,67.74,40,25,0,0,0,0,82,0,4,3,1,159,25,0,0,8,3,71,0,3,0.19,1.99,18,0,13.33,1,2,2,44,41,3,2,0,,51,62.2,2,0,1,119,34,2,0,25,2250,1,24,0,0,0,1,0.0,0,0,0,0,150,1,0,6.82,0,0,0,0,0,0,0,0,1125.0,0.0,0,15,0,7,5,8,66.67,0,31,15,48.39,2,42,12,0,135,65.53,70,456,900,1356,170.5,15,0,1715,12,6,0,Jon Martin,Real Sociedad,1466116,2824
31,39,25.83,262,27,45.76,413,245,658,78.61,4,17.39,19,37,6,0,0,0,103,7,1,25,5,34,37,0,0,27,34,121,0,0,4.65,2.29,13,0,6.98,0,3,9,38,34,4,3,0,,101,49.75,0,0,0,179,18,39,3,31,2636,9,0,0,1,0,0,0.0,0,0,0,0,398,21,0,6.82,0,0,0,0,0,0,0,0,878.67,0.0,3,25,18,13,5,36,56.25,0,36,26,72.22,38,62,64,151,105,46.46,59,553,284,837,252.3,43,1,1379,29,1,0,Luis Rioja,Valencia,900433,2828
13,5,18.52,123,19,70.37,205,97,302,83.89,5,31.25,11,27,1,0,0,0,61,1,2,11,0,3,27,0,0,21,1,71,0,0,0.9,1.59,5,0,4.35,0,1,2,15,12,3,1,0,,92,60.53,0,0,0,58,6,13,0,6,954,2,1,0,0,0,0,0.0,0,0,0,0,177,7,0,6.82,0,1,0,0,0,0,0,0,954.0,0.0,0,14,9,9,3,57,61.96,0,19,12,63.16,13,20,92,27,97,57.74,27,251,109,360,184.1,23,0,656,16,0,0,Chidera Ejuke,Sevilla,875890,2833
33,2,22.22,243,45,68.18,547,418,965,91.47,10,34.48,19,27,0,0,0,0,69,2,0,7,2,25,27,0,0,18,15,75,0,0,1.03,0.73,20,0,6.25,0,1,1,16,15,1,1,0,,53,48.62,0,0,0,90,17,13,0,18,1561,0,6,0,0,0,0,0.0,0,0,0,0,143,8,0,6.82,0,1,0,0,0,0,0,0,1561.0,0.0,0,4,12,5,4,7,63.64,0,34,16,47.06,13,53,11,9,63,45.65,66,606,449,1055,184.1,16,0,1275,12,3,0,Fran Beltrán,Girona FC,835484,24264
14,0,0.0,98,18,85.71,220,159,379,92.44,12,66.67,6,11,1,0,0,0,26,1,0,0,0,7,11,0,0,2,10,36,0,0,0.33,,11,0,0.0,0,0,1,6,5,1,0,0,,30,50.0,0,0,0,31,3,8,0,7,574,0,2,0,0,0,1,0.0,0,0,0,0,49,4,0,6.82,0,0,0,0,0,0,0,0,0.0,0.0,0,0,0,0,0,1,12.5,0,17,8,47.06,8,21,8,2,42,53.85,21,242,168,410,75.0,0,0,491,14,3,0,Gavi,FC Barcelona,1103693,2817
0,2,20.0,24,0,0.0,31,11,42,85.71,0,0.0,1,6,1,0,0,0,10,1,0,1,0,0,6,0,0,2,2,10,0,0,0.42,0.42,0,0,50.0,0,1,2,1,1,0,1,0,,9,50.0,0,0,0,7,0,2,1,1,153,1,0,0,0,0,0,0.0,0,0,0,0,30,2,0,6.82,0,0,0,0,0,0,0,0,153.0,0.0,0,1,1,0,1,6,54.55,0,1,1,100.0,2,2,11,10,9,47.37,0,37,12,49,40.9,2,0,94,2,0,0,Manor Solomon,Villarreal,862223,2819
20,2,100.0,222,30,45.45,602,603,1205,90.81,9,34.62,17,35,2,0,0,0,97,1,0,1,0,55,35,0,0,6,10,58,0,0,0.58,0.21,25,0,33.33,0,1,3,38,31,7,1,0,,70,63.06,0,0,0,122,43,11,0,30,2522,0,21,0,0,0,0,0.0,0,0,0,0,145,11,0,6.81,0,1,0,0,0,0,0,0,2522.0,0.0,0,3,0,0,2,0,0.0,0,48,29,60.42,11,30,1,2,79,57.66,66,676,651,1327,238.5,3,0,1616,23,3,0,Marc Aguado,Elche,1014595,2846
6,0,0.0,17,10,31.25,77,203,280,87.5,16,72.73,6,8,0,0,0,0,22,0,0,0,2,43,7,0,0,0,0,14,1,0,0.07,0.53,7,0,25.0,1,1,1,11,10,1,1,0,,12,60.0,1,0,0,40,10,1,0,7,544,1,2,0,0,0,0,0.0,0,0,0,1,46,0,0,6.81,0,0,0,0,0,0,0,0,544.0,0.0,0,4,0,1,3,1,33.33,0,8,6,75.0,1,14,3,0,28,66.67,32,105,215,320,47.7,4,2,418,3,3,0,Mouctar Diakhaby,Valencia,797306,2828
48,3,10.34,245,67,50.76,547,723,1270,87.65,42,56.76,32,30,2,0,0,0,86,4,2,3,8,101,29,0,0,9,20,82,0,1,2.1,1.33,15,0,0.0,12,0,2,31,23,8,0,0,,55,52.38,0,0,1,179,19,13,0,27,2434,2,11,0,0,0,1,0.0,0,0,0,0,263,9,0,6.81,0,0,0,0,0,0,0,0,0.0,0.0,0,17,4,13,5,8,53.33,0,43,27,62.79,13,90,15,29,97,54.19,132,686,763,1449,197.6,21,1,1855,4,2,0,Dávid Hancko,Atlético Madrid,807771,2836
32,2,18.18,241,39,59.09,478,368,846,89.33,13,43.33,17,32,0,0,0,0,97,2,1,4,1,22,32,0,0,14,25,86,0,0,1.39,2.0,28,0,23.08,0,3,3,29,25,4,3,0,,76,52.41,0,0,1,101,19,17,0,22,1788,0,2,0,0,0,0,0.0,0,0,0,0,151,4,0,6.81,1,3,0,0,0,0,0,0,596.0,0.0,0,9,4,5,4,8,66.67,0,56,30,53.57,17,56,12,11,89,50.86,66,552,395,947,218.0,13,1,1194,12,3,1,Manu Morlanes,Mallorca,826004,2826
11,2,22.22,53,10,71.43,95,60,155,91.72,1,25.0,3,8,1,0,0,0,12,1,0,5,0,1,8,0,0,3,4,15,0,0,0.53,1.0,4,0,14.29,0,1,2,5,4,1,1,0,,13,52.0,0,0,0,14,2,5,0,1,228,0,0,0,0,1,0,100.0,0,1,0,1,32,3,0,6.81,0,1,0,0,0,0,0,0,228.0,0.0,0,4,3,1,1,1,50.0,0,3,2,66.67,5,18,2,9,14,48.28,14,108,61,169,54.5,7,0,217,9,0,0,Isco,Real Betis,103417,2816
23,5,27.78,157,27,61.36,299,205,504,86.15,5,33.33,10,17,1,0,0,0,73,3,3,4,1,9,17,0,0,17,12,76,1,2,1.49,1.57,24,0,7.69,0,1,2,19,15,4,1,0,,60,47.62,0,0,1,81,8,13,1,13,1174,1,2,0,1,0,0,0.0,0,0,0,0,164,6,0,6.81,0,0,0,0,0,0,0,0,1174.0,0.0,0,6,7,4,5,22,59.46,0,20,10,50.0,12,33,37,18,65,46.1,44,356,229,585,115.8,13,2,800,18,3,0,Fer López,Celta Vigo,1526628,2821
43,8,16.0,284,67,43.51,529,688,1217,85.22,34,50.0,34,35,3,0,0,0,117,7,1,5,4,124,35,0,0,18,27,115,0,1,1.82,1.62,24,0,10.53,0,2,5,35,31,4,2,0,,109,57.37,0,0,2,211,41,24,0,33,2678,3,13,0,0,0,0,0.0,0,0,0,0,328,4,0,6.81,0,2,0,0,0,0,0,0,1339.0,0.0,0,14,5,10,4,13,50.0,0,66,38,57.58,24,87,26,50,143,55.43,154,669,759,1428,238.4,19,0,2087,30,6,0,Arnau Martínez,Girona FC,1084081,24264
27,0,0.0,77,48,48.48,358,872,1230,90.57,84,62.69,50,27,0,0,0,0,79,0,1,4,2,129,27,0,1,2,4,84,0,0,0.61,1.16,30,0,7.69,51,1,1,33,31,2,1,0,,32,48.48,1,0,0,128,28,3,0,24,2152,1,26,1,0,0,0,0.0,0,0,0,0,136,1,0,6.81,1,0,0,0,0,0,0,0,2152.0,0.0,0,13,0,6,3,0,0.0,0,24,14,58.33,3,49,0,1,116,58.0,99,444,914,1358,183.9,13,1,1640,8,6,0,Duje Ćaleta-Car,Real Sociedad,257091,2824
55,3,27.27,203,49,55.06,462,484,946,88.08,9,36.0,16,29,1,0,0,0,103,3,2,4,5,39,29,0,0,17,23,100,0,0,1.25,1.36,42,0,5.88,0,1,2,30,22,8,0,1,,72,46.15,0,0,1,128,23,19,0,23,2025,0,9,0,1,0,0,0.0,0,0,0,0,180,13,0,6.81,0,1,0,0,0,0,0,0,2025.0,0.0,0,7,10,6,7,11,73.33,0,38,28,73.68,18,92,15,11,81,44.75,89,560,514,1074,197.5,17,0,1367,23,1,0,Marc Roca,Real Betis,847128,2816
29,10,18.18,226,22,70.97,358,173,531,80.95,4,18.18,18,30,1,0,0,0,92,6,2,11,1,6,30,0,0,33,22,131,0,1,4.13,2.72,22,1,10.0,0,3,4,35,30,5,2,1,,89,44.06,0,0,3,125,13,40,3,23,1907,2,1,0,0,0,0,0.0,0,0,0,1,314,10,0,6.81,0,0,0,0,0,0,0,0,635.67,20.0,5,16,14,8,11,19,33.33,0,22,11,50.0,40,62,57,55,93,41.52,31,456,200,656,204.3,30,2,1045,49,3,0,Carlos Álvarez,Levante UD,1010656,2849
6,8,47.06,61,4,80.0,100,32,132,84.08,1,16.67,5,10,0,0,0,0,18,0,1,3,0,0,10,0,0,3,5,28,0,0,0.73,0.89,7,0,7.69,0,1,1,8,7,1,1,0,,24,51.06,0,0,0,25,1,6,1,4,405,1,1,0,0,0,0,0.0,0,0,0,0,55,0,0,6.81,0,0,0,0,0,0,0,0,405.0,0.0,1,4,9,5,5,5,38.46,0,9,7,77.78,6,10,13,17,25,47.17,5,121,36,157,68.1,13,0,258,10,1,0,Lucas Cepeda,Elche,1126447,2846
40,11,24.44,215,49,50.0,417,382,799,81.53,14,51.85,13,36,6,0,0,0,107,6,3,9,2,25,35,0,0,35,25,136,0,0,2.77,3.35,28,0,12.9,0,4,10,31,28,3,4,0,,75,37.88,0,0,1,181,24,32,2,25,2086,2,6,0,0,0,0,0.0,0,0,0,0,348,9,0,6.81,0,2,0,0,0,0,0,0,521.5,0.0,2,17,14,10,12,26,41.94,0,29,17,58.62,32,80,62,45,89,39.56,98,550,430,980,238.3,31,1,1397,20,3,0,Javier Guerra,Valencia,1122610,2828
24,10,20.0,134,27,38.03,236,183,419,71.26,18,50.0,18,30,0,0,0,0,89,7,3,5,1,32,28,0,0,13,34,96,0,2,2.36,1.64,24,0,10.0,0,2,2,23,21,2,1,1,,99,55.93,0,0,0,169,15,19,2,15,1493,10,5,0,0,0,1,0.0,0,0,0,1,293,7,0,6.81,0,0,0,0,0,0,0,0,746.5,0.0,0,11,9,6,9,17,58.62,0,52,34,65.38,19,58,29,50,117,54.93,71,360,228,588,190.6,20,0,1055,30,3,0,Pacha,Rayo Vallecano,542634,2818
5,21,28.38,99,10,90.91,160,61,221,89.47,1,20.0,4,19,3,0,0,0,24,4,0,1,0,5,18,0,0,3,2,20,0,0,2.65,0.26,5,0,0.0,0,0,3,8,6,2,0,0,,25,60.98,0,0,0,26,5,21,0,4,572,1,1,0,0,0,0,0.0,0,0,0,0,96,2,0,6.81,0,0,0,0,0,0,0,0,0.0,0.0,0,2,1,1,1,7,53.85,0,12,8,66.67,21,9,13,74,26,56.52,11,185,62,247,122.5,3,0,411,6,2,0,Josan,Elche,808955,2846
9,10,29.41,215,11,52.38,350,179,529,87.87,5,38.46,8,25,5,0,0,0,58,4,1,2,1,13,25,0,0,16,11,62,1,0,2.67,0.84,18,0,16.67,0,2,7,23,19,4,1,1,,53,49.53,0,0,0,73,2,25,0,15,1352,0,1,0,0,0,0,0.0,0,0,0,0,162,4,0,6.8,0,2,0,0,0,0,0,0,676.0,0.0,0,4,8,6,4,21,67.74,0,21,12,57.14,25,23,31,34,58,48.33,21,398,204,602,170.1,12,0,836,11,3,0,Martim Neto,Elche,1100646,2846
13,7,24.14,105,9,52.94,146,88,234,74.29,3,21.43,11,27,1,0,0,0,51,4,4,17,0,8,27,0,0,34,13,106,0,2,2.17,6.94,17,0,11.76,0,6,7,20,20,0,6,0,,56,37.09,0,0,1,81,14,16,2,11,1250,2,0,0,0,3,1,100.0,0,3,0,0,213,7,0,6.8,0,4,0,0,0,0,0,0,208.33,0.0,1,33,18,15,19,22,40.0,0,14,12,85.71,16,26,55,29,59,35.76,17,215,100,315,183.7,51,0,635,20,4,0,Largie Ramazani,Valencia,909966,2828
25,8,19.51,239,27,62.79,388,209,597,86.65,5,31.25,11,27,1,0,0,0,72,4,5,4,0,6,27,0,1,20,22,84,0,0,2.75,3.72,13,0,14.29,0,3,4,17,14,3,3,0,,66,47.48,0,0,0,92,8,28,1,16,1312,2,2,0,0,0,1,0.0,0,0,0,0,198,14,0,6.8,1,2,0,0,0,0,0,0,437.33,0.0,0,16,5,7,10,21,53.85,0,29,18,62.07,28,48,39,41,71,45.81,43,457,232,689,183.7,21,2,961,16,2,0,Thiago Almada,Atlético Madrid,944660,2836
21,17,29.31,157,29,53.7,299,250,549,83.82,16,57.14,12,27,3,0,0,0,79,6,0,8,0,33,27,0,0,13,11,59,0,0,2.68,0.96,17,0,0.0,0,0,3,24,23,1,0,0,,56,54.37,0,0,0,106,11,23,0,17,1513,6,4,0,0,0,0,0.0,0,0,0,0,212,11,0,6.8,0,0,0,0,0,0,0,0,0.0,0.0,1,4,16,9,3,18,69.23,0,25,15,60.0,23,42,26,58,72,54.96,54,371,284,655,183.7,20,1,955,13,3,0,Filip Ugrinić,Valencia,857482,2828
56,3,15.0,332,67,47.86,583,473,1056,81.04,54,56.84,41,34,3,0,0,0,140,8,0,6,2,40,34,0,0,21,18,147,1,1,1.52,0.89,58,0,6.67,0,1,4,48,41,7,0,1,,97,47.78,0,0,0,247,48,29,1,31,2693,8,5,0,1,0,0,0.0,0,0,0,0,349,10,0,6.8,0,0,0,0,0,0,0,0,2693.0,0.0,0,9,6,7,2,11,50.0,0,70,44,62.86,28,103,22,20,151,50.67,140,769,534,1303,231.3,15,0,1697,16,12,0,Lucien Agoumé,Sevilla,960006,2833
17,5,17.24,144,21,40.38,258,149,407,76.5,8,28.57,20,26,6,0,0,0,53,7,2,2,1,33,26,0,0,6,8,78,0,0,2.84,1.3,25,0,18.18,0,2,8,15,12,3,2,0,,62,51.67,0,0,0,125,21,14,0,16,1410,3,6,0,0,0,0,0.0,0,0,0,1,231,3,0,6.8,0,2,0,0,0,0,0,0,705.0,0.0,0,8,3,6,3,21,51.22,0,20,13,65.0,14,33,41,29,70,47.3,52,338,194,532,176.8,11,1,916,21,6,0,Javier Rueda,Celta Vigo,1008259,2821
46,50,32.47,229,50,57.47,414,244,658,79.47,23,32.86,47,35,5,0,0,0,91,8,3,9,0,22,34,0,0,21,32,153,0,0,4.94,2.43,36,1,6.45,0,2,7,29,22,7,0,2,,95,47.26,0,0,1,170,17,44,2,28,2247,1,2,0,0,0,0,0.0,0,0,0,0,364,19,0,6.8,0,0,0,0,0,0,0,0,1123.5,14.29,7,15,16,12,10,18,47.37,0,50,29,58.0,44,71,38,154,118,43.54,87,540,288,828,231.2,31,2,1312,27,6,0,Rubén García,Osasuna,260031,2820
41,1,100.0,60,41,39.81,193,493,686,85.86,17,54.84,14,17,1,0,0,0,46,1,0,3,3,88,17,0,1,1,8,32,0,3,0.52,1.19,9,0,18.18,31,2,3,21,21,0,2,0,,39,68.42,1,0,0,113,20,6,0,15,1339,1,6,0,0,0,0,0.0,0,0,0,0,127,1,0,6.8,1,1,0,0,0,0,0,0,669.5,0.0,0,8,3,5,3,0,0.0,0,26,15,57.69,6,81,0,1,56,63.64,103,265,534,799,115.6,11,0,999,13,3,0,Eray Cömert,Valencia,814023,2828
32,12,37.5,288,31,68.89,451,226,677,79.74,30,46.88,34,31,2,0,0,0,110,5,0,15,1,15,31,0,0,48,17,158,0,1,3.22,1.68,33,0,0.0,0,0,2,29,22,7,0,0,,133,51.75,0,0,0,172,10,38,0,26,2152,1,1,0,0,0,0,0.0,0,0,0,0,332,19,0,6.8,0,0,0,0,0,0,0,0,0.0,0.0,3,14,15,10,4,30,52.63,0,37,19,51.35,38,49,57,32,163,50.78,45,580,269,849,210.8,29,0,1289,67,6,0,Aimar Oroz,Osasuna,985329,2820
0,1,100.0,5,0,0.0,15,3,18,90.0,1,50.0,1,2,1,0,0,0,1,1,0,0,0,0,2,0,0,1,1,4,0,0,0.18,,0,0,0.0,0,0,1,1,1,0,0,0,,5,62.5,0,0,0,2,0,2,0,0,45,0,0,0,0,0,0,0.0,0,0,0,0,4,0,0,6.8,0,0,0,0,0,0,0,0,0.0,0.0,0,0,0,0,0,0,0.0,0,1,1,100.0,2,0,1,1,6,60.0,1,17,3,20,13.6,0,0,31,4,0,0,Daniel Yáñez,Real Madrid,1546404,2829
3,0,0.0,4,2,100.0,7,18,25,96.15,0,0.0,0,2,0,0,0,0,2,0,0,0,0,1,2,0,0,0,0,1,0,0,0.02,,1,0,0.0,1,0,0,0,0,0,0,0,,1,50.0,0,0,0,1,0,1,0,0,28,0,0,0,0,0,0,0.0,0,0,0,0,1,0,0,6.8,0,0,0,0,0,0,0,0,0.0,0.0,0,0,0,0,0,0,0.0,0,1,0,0.0,1,3,0,0,1,50.0,2,7,19,26,13.6,0,0,28,0,0,0,Logan Costa,Villarreal,911853,2819
27,1,33.33,97,59,46.09,286,647,933,85.83,50,56.82,38,28,0,0,0,0,78,1,2,5,8,129,28,0,0,5,7,75,1,0,0.79,0.96,23,0,0.0,23,0,0,32,25,7,0,0,,59,61.46,0,0,1,154,37,8,0,27,2266,2,19,0,0,0,0,0.0,0,0,0,0,183,1,0,6.8,0,0,0,0,0,0,0,0,0.0,0.0,0,6,4,5,0,4,50.0,0,33,24,72.73,8,57,8,3,109,59.24,128,399,688,1087,190.4,10,2,1436,23,8,0,Matias Moreno,Levante UD,1496360,2849
43,3,17.65,125,82,45.81,417,760,1177,86.42,48,48.98,50,36,0,0,0,0,116,1,1,5,5,180,36,0,0,9,15,117,2,1,0.46,1.59,31,0,8.33,0,2,2,53,47,6,2,0,,118,63.78,0,0,2,185,46,7,1,36,3239,5,30,0,0,0,1,0.0,0,0,0,1,266,3,0,6.8,0,1,0,0,0,0,0,0,1619.5,0.0,0,20,4,11,8,10,43.48,0,66,45,68.18,7,86,23,17,166,58.66,179,552,810,1362,244.7,24,1,1980,42,3,0,Nahuel Tenaglia,Deportivo Alavés,896073,2885
27,21,23.6,242,34,59.65,448,235,683,85.06,7,21.88,25,35,4,0,0,0,83,4,3,6,0,13,35,0,0,18,19,109,0,1,2.92,1.73,29,0,16.0,0,4,8,27,23,4,2,2,,74,46.84,0,0,1,120,9,35,3,19,1637,1,2,0,0,0,0,0.0,0,0,0,0,264,11,0,6.8,0,1,0,0,0,0,0,0,409.25,0.0,4,7,18,7,12,16,45.71,0,22,17,77.27,35,54,35,89,81,42.63,57,534,269,803,237.9,25,2,1157,36,4,0,Pablo Torre,Mallorca,1082981,2826
36,16,16.49,255,59,40.97,504,577,1081,84.59,22,41.51,31,33,2,0,0,0,142,5,1,7,9,86,33,0,0,16,15,119,1,4,3.32,0.61,33,0,5.56,0,1,3,35,31,4,0,1,,106,54.64,0,0,0,197,31,27,1,29,2681,3,14,0,0,0,2,0.0,0,0,0,0,414,4,0,6.8,1,0,0,0,0,0,0,0,2681.0,0.0,0,5,13,8,3,17,38.64,0,54,31,57.41,27,67,44,97,128,51.82,144,633,645,1278,224.3,18,1,2086,35,4,1,Pep Chavarría,Rayo Vallecano,1010421,2818
11,4,14.29,116,16,64.0,195,101,296,81.32,17,53.13,15,26,1,0,0,0,41,0,0,4,0,2,24,0,0,15,10,79,0,0,0.74,1.0,15,0,13.33,0,2,3,15,13,2,2,0,,79,55.24,0,0,1,68,1,15,0,12,1012,1,1,0,0,0,0,0.0,0,0,0,0,156,1,0,6.8,0,2,0,0,0,0,0,0,506.0,0.0,0,11,4,5,6,18,40.91,0,13,8,61.54,15,23,44,28,96,54.86,25,253,111,364,163.1,15,0,591,48,8,0,Peque Fernández,Sevilla,997033,2833
11,6,28.57,111,8,40.0,167,71,238,64.67,41,36.94,70,18,1,0,0,0,53,5,1,8,5,18,18,0,0,37,9,172,0,0,1.38,4.34,21,0,17.14,0,6,7,13,8,5,4,2,,79,43.65,1,0,0,130,9,15,1,18,1604,4,2,0,0,0,0,0.0,0,0,0,0,285,8,0,6.79,0,4,0,0,0,0,0,0,267.33,0.0,0,27,8,13,14,25,40.98,0,23,13,56.52,15,23,61,21,120,41.1,20,272,96,368,122.3,35,2,748,31,5,0,Martín Satriano,Getafe,973536,2859
7,2,18.18,126,5,55.56,191,98,289,68.0,94,58.39,67,35,0,0,0,0,34,2,18,13,0,25,35,0,1,29,6,148,0,0,1.13,10.16,30,0,19.12,0,13,13,27,22,5,13,0,,40,33.06,5,0,3,136,0,10,6,20,1981,11,2,0,0,0,1,0.0,0,0,0,0,260,6,0,6.79,1,2,0,0,0,0,0,0,152.38,0.0,0,64,4,20,35,10,35.71,0,14,7,50.0,10,11,28,11,134,47.52,9,296,129,425,237.8,68,3,732,16,4,0,Alexander Sørloth,Atlético Madrid,309078,2836
6,4,11.76,150,10,37.04,257,122,379,81.33,3,21.43,11,34,1,0,0,0,108,5,2,6,1,16,34,0,0,28,16,117,0,0,2.03,2.06,18,0,25.93,0,7,8,18,16,2,4,3,,85,44.5,0,0,0,87,21,17,1,21,1835,8,2,0,1,0,0,0.0,0,0,0,0,263,16,0,6.79,0,6,0,0,0,0,0,0,262.14,0.0,0,16,11,10,11,21,31.82,0,28,19,67.86,16,17,66,34,88,42.93,27,318,148,466,231.0,27,2,883,36,8,0,Tajon Buchanan,Villarreal,973290,2819
38,16,22.54,160,45,66.18,295,175,470,86.56,6,54.55,5,28,1,0,0,0,59,3,0,1,0,7,27,0,1,11,10,38,0,1,2.18,0.36,6,0,0.0,0,0,1,16,16,0,0,0,,49,59.76,0,0,1,73,4,27,0,6,940,0,3,0,0,0,0,0.0,0,0,0,0,177,6,0,6.79,1,0,0,0,0,0,0,0,0.0,0.0,1,3,4,5,1,13,61.9,0,17,9,52.94,27,59,21,71,55,59.14,68,353,190,543,183.4,7,0,761,19,2,0,Santi Cazorla,Real Oviedo,17651,2851
67,0,0.0,60,94,58.75,221,689,910,88.87,51,61.45,32,25,0,0,0,0,69,1,2,0,7,113,25,0,0,3,9,58,3,0,0.24,0.89,16,0,25.0,4,1,1,35,29,6,1,0,,40,60.61,0,0,1,114,27,5,0,22,2075,3,18,0,0,0,0,0.0,0,0,0,0,134,1,0,6.79,0,1,0,0,0,0,0,0,2075.0,0.0,0,4,0,3,1,7,77.78,0,26,20,76.92,5,92,9,2,91,61.07,160,301,723,1024,169.8,4,3,1285,10,3,0,David Costas,Real Oviedo,345333,2851
32,11,50.0,205,43,69.35,414,432,846,89.05,15,33.33,30,33,4,0,0,0,86,2,1,4,1,9,33,0,0,8,8,92,0,4,1.81,1.8,42,0,26.32,0,5,9,43,41,2,5,0,,81,56.64,1,0,0,104,22,24,1,27,2195,3,2,0,0,0,1,0.0,0,0,0,0,164,2,0,6.79,0,3,0,0,0,0,0,0,439.0,0.0,0,12,7,7,8,7,50.0,0,45,25,55.56,24,50,14,22,96,51.06,62,480,470,950,224.1,19,1,1223,29,6,0,Djibril Sow,Sevilla,799054,2833
42,5,16.67,339,57,47.9,681,608,1289,85.36,11,32.35,23,34,1,0,0,0,107,1,2,5,5,65,33,0,0,14,12,97,0,0,2.03,1.58,20,0,12.5,0,2,3,40,33,7,2,0,,93,55.69,0,0,1,221,25,19,0,29,2693,2,3,0,0,0,1,0.0,0,0,0,0,356,6,0,6.79,0,2,0,0,0,0,0,0,1346.5,0.0,0,9,7,4,7,26,48.15,0,32,18,56.25,19,86,54,30,104,51.74,119,805,705,1510,224.1,16,0,2122,36,2,0,Sergio Carreira,Celta Vigo,1002764,2821
5,1,33.33,68,5,62.5,109,69,178,81.65,4,28.57,10,22,1,0,0,0,49,2,5,5,0,0,21,0,1,22,5,60,0,1,0.86,3.06,8,0,18.52,0,5,6,11,9,2,4,1,,41,45.05,0,0,1,40,3,17,2,8,830,2,0,0,0,0,0,0.0,0,0,0,0,113,7,0,6.79,1,3,0,0,0,0,0,0,166.0,0.0,0,20,7,8,14,17,51.52,0,11,9,81.82,17,10,33,3,45,42.86,8,141,77,218,142.6,27,1,389,14,3,0,Sergio Camello,Rayo Vallecano,910024,2818
13,1,50.0,48,46,46.46,172,545,717,88.3,35,53.85,30,20,1,0,0,0,53,0,0,1,4,100,20,0,0,2,6,60,0,1,0.2,0.13,23,0,0.0,12,0,1,22,19,3,0,0,,35,53.85,0,0,0,95,11,4,0,16,1402,2,6,0,0,0,0,0.0,0,0,0,0,112,0,0,6.79,0,0,0,0,0,0,0,0,0.0,0.0,0,1,2,1,1,1,100.0,0,28,13,46.43,4,36,1,2,70,53.85,99,239,573,812,135.8,3,1,1025,7,5,0,Clemens Riedel,Espanyol,1129360,2814
9,4,16.67,228,14,66.67,370,152,522,85.57,1,10.0,9,28,2,0,0,0,44,5,3,3,1,9,28,0,0,14,10,72,0,0,1.88,2.74,16,0,28.57,0,4,6,23,16,7,4,0,,48,43.24,0,0,0,88,10,25,1,15,1343,2,0,0,0,0,0,0.0,0,0,0,0,196,9,0,6.79,0,3,0,0,0,0,0,0,335.75,0.0,0,14,0,3,8,16,39.02,0,15,9,60.0,25,17,41,24,49,40.5,21,428,182,610,190.1,14,0,873,17,2,0,Hugo Álvarez,Celta Vigo,1154935,2821
49,14,21.88,215,75,54.35,450,472,922,86.65,11,55.0,9,28,4,0,0,0,95,4,1,12,4,23,27,0,0,13,18,85,0,3,1.5,0.89,37,0,0.0,0,0,4,13,13,0,0,0,,58,43.28,0,0,2,142,22,36,0,19,1623,1,3,0,0,0,0,0.0,0,0,0,0,236,7,0,6.79,1,0,0,0,0,0,0,0,0.0,0.0,1,5,17,6,4,13,59.09,0,31,15,48.39,36,72,22,64,69,44.81,138,561,503,1064,183.3,22,0,1351,14,5,1,Unai López,Rayo Vallecano,588566,2818
27,3,27.27,123,24,82.76,258,229,487,92.06,5,41.67,7,17,1,0,0,0,37,5,1,1,2,21,17,0,0,3,13,31,0,1,2.01,0.36,7,0,0.0,0,0,1,10,9,1,0,0,,25,51.02,0,0,1,42,6,11,0,10,976,0,7,0,0,0,1,0.0,0,0,0,0,77,4,0,6.79,0,0,0,0,0,0,0,0,0.0,0.0,0,3,2,3,1,2,50.0,0,14,11,78.57,11,31,4,11,30,49.18,29,283,246,529,115.4,5,0,713,9,0,0,Dani Carvajal,Real Madrid,138572,2829
12,19,21.59,119,18,46.15,193,140,333,75.51,15,48.39,16,21,3,0,0,0,54,3,1,4,1,17,20,0,0,13,15,69,0,1,1.35,1.3,12,0,11.76,0,2,5,22,20,2,2,0,,60,53.1,0,0,2,108,7,21,0,14,1409,4,3,0,0,0,1,0.0,0,0,0,0,256,4,0,6.79,0,2,0,0,0,0,0,0,704.5,0.0,1,10,7,5,8,17,54.84,0,27,20,74.07,21,32,31,88,75,52.08,39,272,169,441,135.7,17,1,807,16,1,0,Oso,Sevilla,1534422,2833
3,1,11.11,82,5,50.0,125,69,194,75.78,15,34.09,29,25,4,0,0,0,23,3,5,7,0,9,25,0,0,27,8,107,0,0,1.08,5.38,17,0,20.83,0,5,9,20,16,4,5,0,,57,42.22,0,0,1,62,4,16,3,12,1127,5,0,0,0,1,0,100.0,0,1,0,0,157,4,0,6.78,0,2,0,0,0,0,0,0,225.4,0.0,0,22,2,6,11,13,33.33,0,22,11,50.0,16,10,39,9,72,40.22,10,174,82,256,169.6,24,2,493,23,4,0,Ayoze Pérez,Villarreal,345195,2819
4,2,16.67,69,1,33.33,117,35,152,83.06,2,25.0,6,12,0,0,0,0,25,2,2,6,0,0,12,0,0,14,2,34,0,0,1.11,4.17,7,0,19.05,0,4,4,11,9,2,4,0,,22,44.0,1,0,1,31,1,10,0,9,622,7,0,0,0,1,0,100.0,0,1,0,0,74,3,0,6.78,0,3,0,0,0,0,0,0,155.5,0.0,0,16,5,10,5,7,50.0,0,5,3,60.0,10,6,14,12,24,41.38,3,142,41,183,81.4,21,0,288,10,1,0,Ademola Lookman,Atlético Madrid,824200,2836
38,0,0.0,132,89,47.34,371,994,1365,88.41,49,63.64,28,32,0,0,0,0,87,0,0,3,5,156,32,0,1,2,12,66,0,1,0.33,0.28,24,0,0.0,27,0,0,37,35,2,0,0,,25,39.68,0,0,0,179,23,3,0,27,2485,3,30,0,0,0,1,0.0,0,0,0,0,209,1,0,6.78,1,0,0,0,0,0,0,0,0.0,0.0,0,5,4,3,3,0,0.0,0,19,9,47.37,3,87,4,2,74,52.86,188,485,1059,1544,217.0,9,0,1878,6,5,0,Renato Veiga,Villarreal,1087359,2819
10,15,23.08,69,9,31.03,132,92,224,76.19,14,45.16,17,21,1,0,0,0,54,2,1,4,0,15,21,0,0,7,7,59,0,1,1.07,1.96,13,0,10.53,0,2,3,15,13,2,1,1,,45,51.72,0,0,0,70,10,14,0,12,1056,3,4,0,0,0,0,0.0,0,0,0,0,176,5,0,6.78,0,2,0,0,0,0,0,0,528.0,0.0,1,9,10,7,8,13,43.33,0,22,14,63.64,14,22,30,65,59,50.0,29,185,109,294,142.4,19,1,557,11,1,0,Víctor García,Levante UD,952222,2849
9,0,0.0,30,10,41.67,132,230,362,93.3,7,53.85,6,11,0,0,0,0,15,0,0,1,1,18,10,0,0,0,2,9,0,0,0.08,0.25,1,0,0.0,2,0,0,5,4,1,0,0,,5,62.5,0,0,0,26,0,0,0,5,428,0,5,0,0,0,0,0.0,0,0,0,0,32,0,0,6.78,0,0,0,0,0,0,0,0,0.0,0.0,1,2,2,2,1,0,0.0,0,5,4,80.0,0,22,0,0,12,57.14,24,147,241,388,67.8,4,0,434,0,1,0,David Alaba,Real Madrid,66492,2829
15,0,0.0,170,7,50.0,277,112,389,78.43,25,35.71,45,31,0,0,0,0,56,1,8,15,2,19,30,0,0,38,16,140,0,0,1.32,10.55,24,0,17.54,0,10,10,35,26,9,10,0,,62,39.49,1,0,0,107,5,22,3,22,1858,6,1,0,0,3,0,100.0,0,3,0,1,241,12,0,6.78,0,6,0,0,0,0,0,0,185.8,0.0,4,45,12,13,29,14,41.18,0,14,7,50.0,22,21,34,3,87,38.33,14,362,134,496,203.3,57,0,827,34,3,0,André Silva,Elche,190159,2846
70,3,15.0,145,107,40.23,423,792,1215,80.41,106,65.03,57,37,0,0,0,0,85,1,5,12,9,218,37,0,0,5,20,117,1,1,1.62,2.78,37,0,7.5,8,3,3,55,46,9,3,0,,49,44.95,3,0,2,296,26,11,0,37,3330,1,28,1,0,0,0,0.0,0,0,0,1,343,3,0,6.78,0,0,0,0,0,0,0,0,1110.0,0.0,0,39,1,16,12,6,75.0,0,36,21,58.33,11,180,8,20,155,56.99,266,650,861,1511,250.7,40,1,1984,9,4,0,Leandro Cabrera,Espanyol,81992,2814
25,2,22.22,127,26,60.47,307,295,602,86.37,12,52.17,11,27,3,0,0,0,78,1,0,5,1,26,27,0,0,17,15,82,1,0,0.72,0.79,28,0,0.0,0,0,3,21,21,0,0,0,,82,53.59,0,0,1,95,9,12,0,16,1367,0,6,0,0,0,0,0.0,0,0,0,0,161,11,0,6.77,0,0,0,0,0,0,0,0,0.0,0.0,0,6,14,9,6,20,62.5,0,40,23,57.5,12,44,32,9,94,53.41,43,377,320,697,182.9,20,1,939,23,7,0,Beñat Turrientes,Real Sociedad,980410,2824
11,0,0.0,102,9,60.0,180,87,267,83.44,27,71.05,11,20,0,0,0,0,41,1,0,6,1,11,19,0,0,18,8,62,0,2,0.32,0.46,18,0,0.0,0,0,0,13,10,3,0,0,,67,56.78,0,0,0,53,5,8,0,8,736,1,0,0,0,0,0,0.0,0,0,0,0,104,5,0,6.77,0,0,0,0,0,0,0,0,0.0,0.0,0,2,16,12,0,29,78.38,0,14,7,50.0,8,15,37,7,94,60.26,15,223,97,320,128.7,18,0,516,24,3,0,Nelson Deossa,Real Betis,1129401,2816
16,16,32.65,102,20,71.43,190,114,304,77.55,8,42.11,11,30,2,0,0,1,66,6,8,8,0,6,30,0,0,15,6,89,0,0,3.47,4.66,21,0,8.33,0,3,5,28,23,5,3,0,,61,43.88,0,0,3,88,2,17,0,18,1627,5,1,0,0,1,0,0.0,0,0,0,1,212,13,0,6.77,0,3,0,0,0,0,0,0,542.33,0.0,0,26,10,14,14,27,42.19,0,13,11,84.62,17,27,64,49,69,43.67,28,260,132,392,203.2,36,0,678,22,0,0,Arnaut Danjuma,Valencia,827064,2828
37,0,0.0,271,58,45.67,702,962,1664,90.34,27,42.86,36,33,1,0,0,0,71,2,1,3,7,97,33,0,0,10,19,102,1,4,0.8,0.68,33,0,0.0,0,0,1,33,28,5,0,0,,78,54.17,0,0,0,178,26,10,0,28,2561,1,18,0,0,0,1,0.0,0,0,0,0,219,2,0,6.77,0,0,0,0,0,0,0,0,0.0,0.0,0,10,3,8,2,8,57.14,0,38,24,63.16,10,68,14,1,105,50.72,127,803,1039,1842,223.5,13,1,2228,33,5,0,Javi Rodríguez,Celta Vigo,1526627,2821
38,1,25.0,93,63,47.01,293,519,812,86.47,42,62.69,25,22,0,0,0,0,70,1,0,0,2,103,22,0,0,3,11,54,0,1,0.3,0.3,14,0,0.0,0,0,0,29,27,2,0,0,,45,60.81,0,0,0,127,11,5,0,20,1734,1,21,0,0,0,2,0.0,0,0,0,0,147,2,0,6.77,1,0,0,0,0,0,0,0,0.0,0.0,0,4,0,3,1,3,75.0,0,36,16,44.44,5,94,4,4,87,61.7,134,386,553,939,149.0,4,0,1185,7,4,1,Jon Pacheco,Deportivo Alavés,934383,2885
26,0,0.0,223,35,68.63,497,427,924,88.42,15,31.91,32,36,3,0,0,0,101,5,2,4,7,32,36,0,0,23,23,132,2,3,1.73,1.39,40,0,11.11,0,2,5,30,28,2,1,1,,158,61.24,0,0,0,121,26,17,1,26,2495,0,7,0,0,0,0,0.0,0,0,0,1,213,11,0,6.77,0,1,0,0,0,0,0,0,1247.5,0.0,0,6,12,9,5,13,46.43,0,87,43,49.43,17,46,28,2,173,56.72,51,581,464,1045,243.8,18,0,1470,58,8,0,Ilaix Moriba,Celta Vigo,962890,2821
45,2,20.0,100,53,38.41,354,781,1135,86.38,37,48.68,39,30,2,0,0,0,128,2,0,2,5,122,30,0,0,9,7,91,1,0,1.04,1.03,33,0,9.09,6,1,3,39,31,8,1,0,,66,55.93,0,0,0,179,17,9,0,29,2545,0,13,0,0,0,2,0.0,0,0,0,0,226,2,0,6.77,0,1,0,0,0,0,0,0,2545.0,0.0,0,11,0,5,4,3,37.5,0,58,37,63.79,9,95,8,10,103,53.09,138,488,826,1314,203.1,11,3,1689,5,7,0,Enzo Boyomo,Osasuna,1067582,2820
2,0,0.0,1,2,33.33,12,44,56,76.71,14,63.64,8,12,0,0,0,0,7,0,0,0,0,29,10,0,0,0,0,9,0,0,0.01,0.72,1,0,50.0,3,1,1,5,4,1,1,0,,6,85.71,0,0,0,17,1,0,0,1,226,0,5,0,0,0,0,0.0,0,0,0,0,19,0,0,6.77,0,1,0,0,0,0,0,0,226.0,0.0,0,2,0,1,1,1,100.0,0,4,1,25.0,0,7,1,0,20,68.97,6,25,48,73,67.7,2,0,125,1,0,0,Miguel Rubio,Espanyol,934351,2814
25,12,24.49,154,25,41.67,301,262,563,80.54,7,31.82,15,26,2,0,0,0,80,6,1,3,6,32,25,0,0,8,21,69,0,2,1.57,0.48,14,0,14.29,0,2,4,18,13,5,0,2,,60,52.63,0,0,1,136,13,21,0,13,1332,5,5,0,0,0,0,0.0,0,0,0,0,253,6,0,6.77,0,2,0,0,0,0,0,0,666.0,0.0,1,2,12,7,4,15,55.56,0,40,22,55.0,21,56,27,49,67,49.26,60,383,316,699,169.2,14,0,1081,5,4,0,Nahuel Molina,Atlético Madrid,831799,2836
9,1,16.67,84,8,66.67,171,120,291,92.97,1,12.5,7,9,0,0,0,0,20,0,0,0,0,9,9,0,0,5,11,27,0,0,0.18,0.51,2,0,25.0,0,1,1,8,5,3,1,0,,21,51.22,0,0,0,22,3,4,0,8,547,1,0,0,0,0,0,0.0,0,0,0,0,44,5,0,6.77,0,1,0,0,0,0,0,0,547.0,0.0,0,2,2,2,2,3,60.0,0,12,5,41.67,4,14,5,6,22,44.9,12,189,124,313,60.9,4,0,389,6,0,0,Álvaro Fidalgo,Real Betis,838629,2816
21,0,0.0,111,18,54.55,193,140,333,73.03,19,46.34,22,35,2,0,0,0,48,3,8,8,0,17,35,0,0,34,9,111,0,1,1.58,10.45,38,0,30.43,0,14,16,26,25,1,12,2,,50,35.97,1,0,0,123,1,17,6,21,1902,22,5,0,0,4,0,100.0,0,4,0,3,241,8,0,6.77,0,7,0,0,0,0,0,0,135.86,0.0,0,32,14,12,26,12,54.55,0,8,6,75.0,17,33,22,3,69,38.33,33,288,168,456,236.8,46,1,737,30,7,0,Borja Iglesias,Celta Vigo,785989,2821
28,29,32.95,256,34,55.74,418,355,773,86.76,26,59.09,18,26,3,0,0,0,98,5,0,1,5,65,26,0,0,5,24,87,0,0,3.84,0.14,28,0,0.0,0,0,3,23,17,6,0,0,,43,38.39,0,0,0,118,20,26,0,20,1775,1,3,0,1,0,0,0.0,0,0,0,0,228,4,0,6.77,0,0,0,0,0,0,0,0,0.0,0.0,0,3,2,2,2,5,27.78,0,36,24,66.67,25,48,18,88,69,44.23,61,492,399,891,175.9,5,1,1361,2,4,0,Matteo Ruggeri,Atlético Madrid,965011,2836
7,0,0.0,103,5,38.46,176,92,268,80.48,25,48.08,27,31,2,2,0,0,31,4,16,14,3,20,31,0,0,24,9,81,0,0,1.2,14.14,13,0,22.22,0,14,16,19,17,2,14,0,,33,37.93,4,0,3,65,3,14,3,17,1656,17,0,0,0,3,0,33.33,0,1,0,0,150,13,0,6.76,0,6,0,0,0,0,0,0,118.29,0.0,0,58,5,20,29,9,50.0,0,5,2,40.0,14,14,18,0,58,41.73,13,229,104,333,209.7,63,2,579,21,2,0,Robert Lewandowski,FC Barcelona,41789,2817
14,15,16.48,155,24,40.0,246,110,356,68.33,13,29.55,31,32,5,0,0,0,78,15,8,12,1,27,32,0,0,9,16,87,0,0,5.24,6.5,19,0,8.51,0,4,9,29,27,2,4,0,,42,42.86,0,0,0,165,13,42,3,23,2105,15,2,0,1,0,0,0.0,0,0,0,1,309,12,0,6.76,0,1,0,0,0,0,0,0,526.25,0.0,0,34,13,16,19,4,25.0,0,27,15,55.56,41,32,16,91,55,38.73,60,379,142,521,216.4,47,0,886,12,3,0,Álvaro García,Rayo Vallecano,345111,2818
11,2,40.0,91,13,52.0,198,279,477,86.1,23,54.76,19,19,0,0,0,0,54,0,1,2,2,34,18,0,0,6,17,57,0,2,0.46,0.8,12,0,11.11,0,1,1,25,25,0,1,0,,43,53.09,0,0,0,77,12,6,1,15,1339,1,7,0,0,0,1,0.0,0,0,0,0,114,2,0,6.76,0,0,0,0,0,0,0,0,1339.0,0.0,0,6,3,3,4,4,50.0,0,36,25,69.44,6,19,8,5,66,53.66,25,246,308,554,121.7,9,1,744,3,2,0,Leander Dendoncker,Real Oviedo,190405,2851
39,19,28.36,203,37,46.25,390,486,876,85.97,12,44.44,15,32,1,0,0,0,102,3,0,4,4,41,31,0,0,11,17,85,0,4,1.99,0.63,44,0,0.0,0,0,1,34,30,4,0,0,,89,55.97,0,0,0,143,14,24,0,23,2069,1,6,0,0,0,0,0.0,0,0,0,0,231,12,0,6.76,0,0,0,0,0,0,0,0,0.0,0.0,2,6,9,9,2,5,71.43,0,44,23,52.27,24,78,7,67,101,54.3,80,490,529,1019,209.5,15,0,1354,41,6,0,Santiago Colombatto,Real Oviedo,822379,2851
35,1,25.0,76,54,66.67,207,273,480,85.26,6,35.29,11,19,0,0,0,0,51,0,0,3,1,16,19,0,0,7,21,64,0,1,0.33,0.35,27,0,0.0,0,0,0,22,19,3,0,0,,54,50.47,0,0,0,83,17,3,0,12,1019,0,5,0,0,0,0,0.0,0,0,0,0,109,7,0,6.76,0,0,0,0,0,0,0,0,0.0,0.0,0,1,7,4,1,2,66.67,0,41,25,60.98,3,58,3,4,60,48.39,81,261,302,563,128.4,8,0,734,12,6,0,Nicolas Fonseca,Real Oviedo,944629,2851
5,1,10.0,134,5,38.46,229,76,305,73.14,32,29.91,75,29,1,0,0,0,64,5,8,16,2,19,28,0,0,70,15,249,0,0,1.68,9.48,57,1,17.46,0,11,12,33,29,4,10,1,,112,39.16,2,0,0,112,7,28,0,22,1959,10,6,0,0,3,0,100.0,0,3,0,0,357,21,0,6.76,1,9,0,0,0,0,0,0,178.09,14.29,7,48,15,26,21,37,49.33,0,36,23,63.89,28,11,75,10,144,36.64,13,322,95,417,189.2,63,2,969,39,2,1,Lucas Boyé,Deportivo Alavés,814385,2885
0,4,50.0,38,3,60.0,64,29,93,87.74,1,33.33,2,7,1,0,0,0,4,1,0,0,0,2,7,0,0,2,4,12,0,0,0.46,0.17,3,0,0.0,0,0,1,2,2,0,0,0,,12,54.55,0,0,0,13,0,7,0,1,139,0,0,0,0,0,0,0.0,0,0,0,0,31,2,0,6.76,0,0,0,0,0,0,0,0,0.0,0.0,0,1,0,0,1,1,50.0,0,6,3,50.0,7,2,2,8,13,52.0,5,75,31,106,47.3,1,0,150,5,2,0,Óscar Trejo,Rayo Vallecano,21949,2818
16,0,0.0,92,34,62.96,215,153,368,79.48,16,45.71,19,22,1,0,0,0,43,0,3,7,0,15,22,0,0,16,9,65,0,1,0.61,1.98,11,0,13.04,0,3,4,17,17,0,2,1,,39,45.88,0,0,1,95,5,9,3,10,1018,1,1,0,0,0,0,0.0,0,0,0,0,146,6,0,6.75,0,0,0,0,0,0,0,0,339.33,0.0,0,9,14,9,7,14,56.0,0,19,8,42.11,9,37,25,7,55,45.83,54,287,176,463,148.6,23,0,640,6,1,0,Luka Sučić,Real Sociedad,949156,2824
43,12,16.9,351,54,49.09,702,379,1081,80.43,46,56.79,35,36,0,0,0,0,172,1,0,19,5,27,36,0,0,30,49,180,1,3,2.51,1.79,49,0,5.13,0,2,2,45,35,10,0,2,,112,43.58,0,0,0,263,46,28,0,34,2843,0,3,0,0,0,0,0.0,0,0,0,0,429,22,0,6.75,1,2,0,0,0,0,0,0,1421.5,0.0,0,10,29,9,11,10,34.48,0,68,46,67.65,28,103,29,71,158,46.75,110,909,435,1344,243.0,39,1,1848,34,4,1,Mikel Jauregizar,Athletic Club,1495844,2825
4,0,0.0,23,3,25.0,54,60,114,84.44,3,50.0,3,4,0,0,0,0,8,0,0,0,0,14,4,0,0,3,3,17,0,0,0.26,0.33,2,0,50.0,0,1,1,5,5,0,1,0,,8,36.36,1,0,0,21,0,2,0,3,298,0,1,0,0,0,0,0.0,0,0,0,0,37,0,0,6.75,0,0,0,0,0,0,0,0,298.0,0.0,0,1,1,1,1,1,14.29,0,5,3,60.0,2,9,7,3,11,39.29,12,72,63,135,27.0,2,0,208,2,0,0,Javier Boñar,Atlético Madrid,1142591,2836
2,0,0.0,3,2,100.0,5,1,6,60.0,1,100.0,0,2,0,0,0,0,2,0,0,0,0,1,2,0,0,1,0,1,0,0,0.02,,0,0,0.0,0,0,0,1,0,1,0,0,,2,66.67,0,0,0,4,0,0,0,0,16,0,0,0,0,0,0,0.0,0,0,0,0,5,0,0,6.75,0,0,0,0,0,0,0,0,0.0,0.0,0,0,0,0,0,1,100.0,0,0,0,0.0,0,2,1,0,3,75.0,2,7,3,10,13.5,0,0,16,1,0,0,Jan Salas,Mallorca,1905699,2826
63,0,0.0,101,97,60.63,315,496,811,87.77,30,54.55,25,19,1,0,0,0,50,2,0,1,5,73,19,0,0,1,9,54,1,0,0.43,0.42,22,0,0.0,22,0,1,21,20,1,0,0,,30,50.85,0,0,0,113,22,4,0,17,1393,0,6,0,0,0,0,0.0,0,0,0,0,125,0,0,6.75,1,0,0,0,0,0,0,0,0.0,0.0,0,4,1,4,0,3,100.0,0,21,10,47.62,4,97,3,2,60,52.63,160,384,540,924,128.2,5,0,1097,7,4,1,Clément Lenglet,Atlético Madrid,580550,2836
12,22,20.95,178,4,26.67,315,148,463,83.42,10,28.57,25,36,5,0,0,0,108,7,2,12,1,14,36,0,0,34,22,159,0,0,4.28,2.54,37,0,5.88,0,2,7,39,33,6,2,0,,138,50.74,0,0,1,92,18,32,0,28,2431,5,2,0,0,0,0,0.0,0,0,0,2,362,17,0,6.75,1,2,0,0,0,0,0,0,1215.5,0.0,0,18,16,10,12,35,41.18,0,57,35,61.4,32,30,85,105,148,48.21,15,382,173,555,242.9,34,0,1154,46,5,1,Tyrhys Dolan,Espanyol,1063015,2814
5,3,8.82,152,5,50.0,228,90,318,83.25,5,20.0,20,32,1,0,0,0,63,2,5,17,0,14,32,0,1,30,15,129,0,1,2.06,3.7,14,0,6.25,0,3,4,26,23,3,2,1,,105,49.07,0,0,1,64,2,16,0,16,1482,4,1,0,0,0,0,0.0,0,0,0,1,238,5,0,6.75,1,3,0,0,0,0,0,0,494.0,0.0,0,32,16,15,16,37,41.57,0,23,12,52.17,16,9,89,34,110,46.03,10,274,108,382,215.9,48,1,803,45,4,0,Joel Roca,Girona FC,1391616,24264
28,0,0.0,220,37,53.62,558,580,1138,86.94,30,46.15,35,30,3,0,0,0,125,2,0,6,1,45,30,0,0,19,24,117,0,4,0.61,0.79,32,0,7.69,0,1,4,39,35,4,1,0,,82,50.0,0,0,0,171,35,18,0,26,2215,0,13,1,0,0,0,0.0,0,0,0,0,229,8,0,6.75,0,1,0,0,0,0,0,0,2215.0,0.0,0,3,10,6,1,10,58.82,0,45,27,60.0,18,49,17,4,112,48.91,69,676,633,1309,202.4,13,0,1639,27,6,0,Jon Gorrotxategi,Real Sociedad,1216309,2824
15,24,26.67,160,25,53.19,253,157,410,73.08,20,55.56,16,24,6,0,0,0,81,4,0,17,0,13,24,0,0,18,10,80,0,3,2.37,3.17,13,0,7.32,0,3,9,27,24,3,2,1,,57,47.11,0,0,0,151,7,28,2,20,1608,7,1,0,0,1,0,100.0,0,1,0,0,332,12,0,6.75,0,1,0,0,0,0,0,0,536.0,0.0,2,24,17,16,8,21,43.75,0,19,15,78.95,28,34,48,90,77,49.04,47,369,192,561,161.9,41,0,944,17,2,0,Rubén Vargas,Sevilla,872919,2833
22,8,22.22,141,19,46.34,234,148,382,71.54,23,40.35,34,33,1,0,0,0,76,5,8,11,1,21,33,0,1,28,37,134,0,0,2.67,7.07,24,0,11.86,0,7,8,23,21,2,7,0,,83,45.36,3,0,0,152,18,34,3,24,1989,10,3,0,0,0,0,0.0,0,0,0,0,269,18,0,6.75,1,1,0,0,0,0,0,0,284.14,0.0,7,38,21,27,21,11,45.83,0,37,23,62.16,34,41,24,36,106,44.17,41,355,179,534,222.6,59,0,927,38,6,0,Pere Milla,Espanyol,175185,2814
76,1,50.0,82,105,47.95,241,597,838,82.4,62,68.13,29,22,0,0,0,0,60,1,0,2,3,149,22,0,0,2,12,62,2,1,0.47,0.91,20,0,10.0,9,1,1,35,30,5,1,0,,39,54.17,0,0,0,179,21,7,1,20,1787,0,18,0,0,0,1,0.0,0,0,0,0,194,1,0,6.75,1,0,0,0,0,0,0,0,1787.0,0.0,0,8,2,5,3,2,66.67,0,34,17,50.0,7,139,3,2,101,61.96,219,374,643,1017,148.4,10,1,1313,4,6,1,David Carmo,Real Oviedo,892235,2851
1,2,25.0,88,4,50.0,154,74,228,77.55,2,12.5,14,29,5,0,0,0,31,4,4,6,0,7,29,0,0,18,17,95,0,0,1.33,4.25,30,0,21.74,0,5,10,16,16,0,5,0,,72,47.06,1,0,0,66,4,10,1,13,1268,6,2,0,0,0,0,0.0,0,0,0,0,136,7,0,6.74,0,3,0,0,0,0,0,0,253.6,0.0,0,20,3,5,12,10,37.04,0,28,19,67.86,10,6,27,8,74,43.79,8,199,95,294,195.6,23,1,513,34,2,0,Williot Swedberg,Celta Vigo,1126779,2821
9,4,44.44,46,7,87.5,101,56,157,67.09,40,52.63,36,36,1,0,0,0,28,1,6,6,1,16,36,0,1,18,3,85,0,0,1.26,6.45,12,1,17.95,0,7,8,20,15,5,6,1,,45,47.87,1,0,0,77,7,12,1,6,1042,7,2,0,0,0,0,0.0,0,0,0,0,149,8,0,6.74,1,5,0,0,0,0,0,0,148.86,50.0,2,35,4,10,23,15,48.39,0,15,13,86.67,12,14,31,9,85,50.0,8,166,68,234,242.8,39,0,448,15,2,0,Raúl García de Haro,Osasuna,997280,2820
4,0,0.0,21,16,44.44,135,360,495,91.67,10,52.63,9,12,0,0,0,0,28,0,0,0,2,68,12,0,0,1,4,31,0,4,0.1,0.03,17,0,0.0,0,0,0,15,13,2,0,0,,34,60.71,0,0,0,45,7,2,0,11,947,1,10,0,0,0,2,0.0,0,0,0,0,49,1,0,6.74,0,0,0,0,0,0,0,0,0.0,0.0,0,1,0,1,0,2,100.0,0,19,10,52.63,2,13,2,0,44,58.67,36,164,376,540,80.9,1,1,683,13,4,0,Yoel Lago,Celta Vigo,1145100,2821
20,17,30.36,235,23,74.19,379,201,580,88.15,2,50.0,2,27,1,0,0,0,57,1,1,6,0,2,27,0,0,33,16,84,0,0,1.51,1.93,19,0,17.65,0,3,4,16,15,1,1,2,,67,44.97,0,0,2,78,5,20,2,14,1273,0,2,0,1,0,0,0.0,0,0,0,0,202,10,0,6.74,0,1,0,0,0,0,0,0,424.33,0.0,1,5,12,3,8,20,57.14,0,27,16,59.26,19,31,35,56,69,45.1,31,438,220,658,182.0,17,0,936,20,4,0,Thomas Lemar,Girona FC,191182,24264
20,20,24.39,159,21,36.84,288,315,603,81.6,20,51.28,19,31,4,0,0,0,73,4,0,2,6,58,31,0,0,8,28,92,1,2,2.63,1.01,28,0,5.56,0,1,5,26,24,2,1,0,,72,49.66,0,0,1,136,36,21,1,20,1969,1,9,0,1,0,0,0.0,0,0,0,0,275,6,0,6.74,0,0,0,0,0,0,0,0,1969.0,0.0,0,15,3,11,5,4,28.57,0,47,31,65.96,20,43,14,82,92,50.0,57,373,366,739,208.9,18,2,1322,23,4,0,Sergi Cardona,Villarreal,986245,2819
40,0,0.0,77,60,49.59,305,521,826,87.59,30,62.5,18,19,0,0,0,0,69,1,1,2,3,76,19,0,0,1,5,43,0,2,0.52,1.11,19,0,15.38,6,2,2,28,21,7,2,0,,31,55.36,2,0,0,117,28,4,0,18,1629,0,4,0,0,0,0,0.0,0,0,0,0,129,0,0,6.74,0,0,0,0,0,0,0,0,814.5,0.0,0,10,3,7,4,3,100.0,0,21,12,57.14,4,75,3,1,61,58.65,121,390,553,943,128.0,13,1,1143,7,4,0,Aitor Paredes,Athletic Club,959872,2825
3,5,26.32,41,9,34.62,96,112,208,83.2,1,14.29,6,13,0,0,0,0,29,1,0,1,0,16,11,0,0,5,8,37,0,0,0.81,0.04,9,0,0.0,0,0,0,9,7,2,0,0,,43,58.11,0,0,0,42,3,6,0,7,582,0,4,0,0,0,0,0.0,0,0,0,0,90,0,0,6.74,0,0,0,0,0,0,0,0,0.0,0.0,0,0,1,0,0,7,41.18,0,27,18,66.67,6,9,17,19,44,54.32,26,117,133,250,74.1,1,0,427,9,1,0,Angel Ortiz,Real Betis,1152139,2816
53,29,30.21,241,42,48.28,462,393,855,83.33,13,37.14,22,29,1,0,0,0,111,5,0,1,4,47,28,0,0,17,28,108,1,2,4.28,0.47,33,0,0.0,0,0,1,37,33,4,0,0,,115,57.21,0,0,0,171,30,36,0,25,2096,2,5,0,0,0,1,0.0,0,0,0,0,351,8,0,6.73,0,0,0,0,0,0,0,0,0.0,0.0,0,5,0,2,2,15,57.69,0,86,64,74.42,36,86,26,96,128,54.24,87,585,441,1026,188.5,5,1,1633,15,7,0,Gabriel Suazo,Sevilla,818986,2833
6,1,11.11,61,12,37.5,112,106,218,82.26,4,30.77,9,14,0,0,0,0,28,0,1,0,1,6,13,0,0,1,2,24,0,0,0.28,0.35,9,0,0.0,0,0,0,7,6,1,0,0,,27,64.29,0,0,0,47,9,3,0,6,594,0,3,0,0,0,0,0.0,0,0,0,0,72,0,0,6.73,0,0,0,0,0,0,0,0,0.0,0.0,0,1,2,3,0,7,70.0,0,15,10,66.67,3,16,10,9,31,56.36,32,148,117,265,87.5,3,0,404,5,2,0,Iván Balliu,Rayo Vallecano,152446,2818
24,1,50.0,63,34,40.0,236,624,860,88.39,26,48.15,28,23,0,0,0,0,59,1,0,0,3,108,23,0,0,3,32,100,1,0,0.18,0.07,34,0,0.0,21,0,0,26,24,2,0,0,,83,53.55,0,0,0,113,18,4,0,23,1924,1,16,1,0,0,0,0.0,0,0,0,0,138,0,0,6.73,0,0,0,0,0,0,0,0,0.0,0.0,0,1,1,0,2,7,63.64,0,65,35,53.85,4,50,11,2,109,52.15,85,299,674,973,154.8,2,0,1335,11,4,0,Pau Navarro,Villarreal,1525863,2819
28,6,20.69,206,22,43.14,447,460,907,88.23,17,58.62,12,27,3,0,0,0,59,5,0,2,3,70,27,0,0,8,19,60,1,0,2.94,0.42,15,0,28.57,0,2,5,27,19,8,2,0,,42,46.67,0,0,0,121,14,24,0,20,1840,2,4,0,0,0,0,0.0,0,0,0,0,194,3,0,6.73,0,2,0,0,0,0,0,0,920.0,0.0,0,6,1,0,5,7,53.85,0,31,16,51.61,24,50,13,29,59,49.58,51,522,506,1028,181.7,7,0,1446,4,2,0,Héctor Bellerín,Real Betis,188365,2816
27,0,0.0,162,42,38.53,377,363,740,74.6,109,69.43,48,34,1,0,0,0,108,1,2,4,2,46,32,0,0,11,11,108,0,2,0.76,1.6,40,0,0.0,0,0,1,37,29,8,0,0,,74,55.22,0,0,1,252,28,15,0,31,2307,0,8,0,0,0,0,0.0,0,0,0,0,305,3,0,6.73,0,0,0,0,0,0,0,0,0.0,0.0,0,20,9,17,8,9,69.23,0,39,19,48.72,15,57,13,2,183,62.89,109,567,425,992,215.3,29,0,1292,28,6,0,Lucas Torró,Osasuna,187313,2820
41,3,16.67,182,42,51.85,379,225,604,75.59,57,47.11,64,37,2,0,0,1,154,1,6,14,12,34,37,0,0,47,37,233,1,0,0.9,7.16,60,0,10.17,0,6,8,37,29,8,6,0,,165,49.4,2,0,2,195,23,22,1,37,3255,5,6,0,0,3,0,66.67,0,2,0,0,369,19,0,6.73,0,3,0,0,0,0,0,0,542.5,0.0,1,44,15,26,19,31,49.21,0,67,43,64.18,22,77,63,18,222,48.79,81,536,263,799,248.9,59,0,1407,67,7,0,Mauro Arambarri,Getafe,385888,2859
16,20,24.1,108,31,39.74,218,258,476,78.94,3,23.08,10,27,3,0,0,0,82,6,1,3,2,39,26,0,0,15,15,77,1,1,2.71,1.13,27,0,9.09,0,1,4,24,21,3,1,0,,84,55.63,0,0,0,127,29,21,1,19,1690,4,6,0,0,0,1,0.0,0,0,0,0,260,5,0,6.73,0,0,0,0,0,0,0,0,1690.0,0.0,0,8,3,5,3,20,60.61,0,41,30,73.17,21,33,33,83,87,53.05,78,303,300,603,174.9,11,2,1072,23,8,0,Alfonso Pedraza,Villarreal,797290,2819
38,29,27.62,281,44,57.89,440,279,719,82.45,21,41.18,30,31,3,0,0,1,96,9,6,16,1,23,31,0,1,41,23,152,0,1,3.96,5.3,36,0,5.66,0,3,6,28,26,2,3,0,,102,45.54,0,0,3,153,3,39,3,27,2262,6,6,0,0,3,0,66.67,0,2,0,0,364,9,0,6.73,1,0,0,0,0,0,0,0,754.0,0.0,2,19,34,21,16,23,47.92,0,29,14,48.28,39,62,48,105,123,44.73,76,564,308,872,208.5,53,0,1403,51,10,0,Isi Palazón,Rayo Vallecano,899982,2818
29,0,0.0,40,50,38.46,162,664,826,85.77,31,52.54,28,24,0,0,0,0,68,1,2,1,5,155,24,0,1,3,8,68,0,1,0.22,1.58,32,0,18.18,71,2,2,26,25,1,2,0,,42,51.22,2,0,0,137,21,3,0,22,1811,1,24,0,0,0,1,0.0,0,0,0,0,154,0,0,6.73,2,0,0,0,0,0,0,0,905.5,0.0,0,8,3,7,3,3,75.0,0,27,13,48.15,3,68,4,5,73,51.77,130,257,706,963,161.4,11,1,1290,12,7,1,Nobel Mendy,Rayo Vallecano,1458073,2818
12,22,20.0,135,20,48.78,215,152,367,79.61,9,40.91,13,30,4,0,0,0,80,9,3,9,1,23,29,0,0,19,24,127,0,0,3.43,2.31,40,0,2.94,0,1,5,21,19,2,1,0,,90,44.12,0,0,1,94,15,30,0,15,1508,5,0,0,0,0,0,0.0,0,0,0,0,288,5,0,6.72,0,1,0,0,0,0,0,0,1508.0,0.0,1,19,15,13,12,18,36.0,0,42,20,47.62,30,23,50,110,99,43.81,41,290,171,461,195.0,34,1,943,30,8,0,Abderrahman Rebbach,Deportivo Alavés,1082968,2885
20,0,0.0,35,54,43.2,92,227,319,72.34,22,55.0,18,23,2,0,0,0,44,3,1,1,1,82,22,0,1,3,7,60,0,1,0.39,0.3,29,0,0.0,0,0,2,14,9,5,0,0,,76,64.41,0,0,0,122,22,4,0,17,1440,1,8,0,0,0,1,0.0,0,0,0,0,143,1,0,6.72,1,0,0,0,0,0,0,0,0.0,0.0,0,6,1,5,1,2,33.33,0,38,19,50.0,4,59,6,2,98,62.03,125,192,249,441,147.9,7,0,716,36,10,0,Abdel Abqar,Getafe,1101232,2859
13,8,40.0,208,9,90.0,351,130,481,90.58,2,20.0,8,30,6,0,0,0,59,7,1,3,0,4,30,0,0,32,2,80,0,1,2.46,1.84,19,0,6.67,0,1,7,11,8,3,1,0,,77,51.68,0,0,0,50,2,30,1,13,1284,3,0,0,0,0,0,0.0,0,0,0,2,164,9,0,6.72,0,0,0,0,0,0,0,0,1284.0,0.0,0,11,4,5,7,25,56.82,0,15,11,73.33,30,18,44,20,79,49.69,10,395,136,531,201.6,15,0,790,37,2,0,Brahim Díaz,Real Madrid,835485,2829
5,11,29.73,54,11,84.62,79,50,129,85.43,2,28.57,5,15,0,0,0,0,26,2,0,5,0,4,15,0,0,10,2,36,0,0,1.4,0.58,10,0,0.0,0,0,0,14,13,1,0,0,,29,48.33,0,0,0,22,5,12,0,6,605,5,1,0,0,0,0,0.0,0,0,0,1,91,4,0,6.72,0,0,0,0,0,0,0,0,0.0,0.0,1,5,10,5,5,13,59.09,0,8,3,37.5,12,9,22,37,31,46.27,13,94,57,151,100.8,15,0,306,8,0,0,Yáser Asprilla,Girona FC,1092769,24264
9,9,25.71,59,17,36.96,129,115,244,75.31,14,51.85,13,21,1,0,0,0,44,2,0,0,1,24,21,0,0,9,11,51,1,0,1.2,0.22,11,0,0.0,0,0,1,10,10,0,0,0,,37,49.33,0,0,0,80,10,9,0,8,830,2,6,0,0,0,2,0.0,0,0,0,0,164,2,0,6.72,0,0,0,0,0,0,0,0,0.0,0.0,0,2,6,7,1,15,57.69,0,12,10,83.33,9,27,26,35,51,50.0,46,190,134,324,141.1,8,0,582,12,2,0,Rubén Sánchez,Espanyol,1021165,2814
9,20,22.99,128,16,27.12,238,113,351,74.84,1,10.0,9,16,3,0,0,0,70,2,1,8,2,26,16,0,0,7,13,71,0,0,2.14,0.98,16,0,7.14,0,1,4,25,22,3,1,0,,52,45.61,0,0,0,118,10,24,1,14,1290,6,1,0,0,0,0,0.0,0,0,0,0,253,9,0,6.72,0,0,0,0,0,0,0,0,1290.0,0.0,0,10,4,2,4,20,42.55,0,15,12,80.0,24,32,47,87,53,42.74,59,326,143,469,107.5,14,0,829,17,4,0,Ángel Pérez,Deportivo Alavés,1513222,2885
6,3,21.43,103,8,61.54,150,45,195,86.28,1,25.0,3,17,1,0,0,0,20,2,1,7,0,4,17,0,0,12,1,34,1,0,0.66,2.16,8,0,4.76,0,1,2,12,9,3,1,0,,36,53.73,0,0,0,31,1,8,0,5,618,1,0,0,0,0,0,0.0,0,0,0,0,91,6,0,6.72,0,1,0,0,0,0,0,0,618.0,0.0,2,13,8,7,7,16,61.54,0,6,5,83.33,8,10,26,14,37,52.11,13,176,50,226,114.2,21,1,372,14,4,0,Claudio Echeverri,Girona FC,1482424,24264
62,18,31.58,167,64,36.36,407,595,1002,80.55,28,45.16,34,36,2,0,0,0,96,3,0,0,8,95,36,0,0,5,24,107,1,1,2.04,0.01,44,0,0.0,0,0,2,46,38,8,0,0,,103,58.52,0,0,0,242,40,17,0,32,2828,3,17,0,0,0,1,0.0,0,0,0,0,366,2,0,6.72,0,0,0,0,0,0,0,0,0.0,0.0,0,0,1,1,0,7,70.0,0,73,55,75.34,17,134,10,57,131,55.04,176,571,673,1244,241.8,1,0,1950,24,9,0,Omar El Hilali,Espanyol,1064026,2814
17,12,36.36,124,24,38.71,228,160,388,77.14,13,61.9,8,28,2,0,0,0,68,3,0,1,3,51,28,0,1,12,17,70,0,1,1.8,0.63,17,0,9.09,0,1,3,28,21,7,0,1,,65,51.18,0,0,0,115,18,13,1,17,1658,1,5,0,0,0,0,0.0,0,0,0,1,236,3,0,6.71,1,0,0,0,0,0,0,0,1658.0,0.0,0,5,6,7,3,13,44.83,0,33,12,36.36,13,44,29,33,78,52.7,62,305,198,503,188.0,11,1,945,19,5,0,Abel Bretones,Osasuna,1010165,2820
27,7,19.44,253,25,42.37,514,353,867,85.76,26,49.06,27,37,1,0,0,0,125,1,3,15,2,26,37,0,0,47,30,181,0,1,1.29,4.39,38,0,2.13,0,1,2,33,30,3,1,0,,154,50.0,0,0,1,144,21,19,0,28,2253,3,10,0,0,0,0,0.0,0,0,0,0,324,13,0,6.71,0,1,0,0,0,0,0,0,2253.0,0.0,0,22,25,19,13,31,43.66,0,57,37,64.91,19,49,71,36,180,49.86,59,618,393,1011,248.4,47,0,1578,66,7,0,Pablo Ibáñez,Deportivo Alavés,1084381,2885
6,0,0.0,46,3,75.0,164,181,345,95.57,14,77.78,4,13,0,0,0,0,21,0,1,2,1,19,11,0,0,2,3,15,0,0,0.11,0.25,6,0,0.0,4,0,0,9,8,1,0,0,,8,42.11,0,0,1,16,2,1,0,3,434,0,3,0,0,0,0,0.0,0,0,0,0,18,0,0,6.71,0,0,0,0,0,0,0,0,0.0,0.0,0,4,0,0,2,0,0.0,0,5,3,60.0,1,9,0,0,22,59.46,4,169,192,361,73.8,4,0,409,4,2,0,Andreas Christensen,FC Barcelona,186795,2817
11,7,16.28,143,10,76.92,256,137,393,76.61,25,34.25,48,34,1,0,0,0,79,4,4,10,2,11,34,0,0,18,17,124,0,2,2.23,2.72,20,0,14.29,0,4,5,30,24,6,4,0,,67,46.85,0,0,1,120,10,17,0,20,1777,3,2,0,0,0,0,0.0,0,0,0,0,239,14,0,6.71,0,4,0,0,0,0,0,0,444.25,0.0,0,20,8,10,8,13,37.14,0,22,15,68.18,17,19,35,43,92,42.59,13,342,171,513,228.1,28,0,830,33,2,0,Diego López,Valencia,998950,2828
1,0,0.0,26,1,25.0,45,27,72,79.12,20,57.14,15,13,0,0,1,0,12,0,5,3,0,12,13,0,0,7,3,38,0,0,0.1,2.47,11,0,23.08,0,3,3,6,6,0,2,1,,15,39.47,0,0,1,19,0,4,3,3,381,5,3,0,0,1,0,0.0,0,0,0,0,51,4,0,6.71,0,0,0,0,0,0,0,0,127.0,0.0,0,11,2,4,6,4,57.14,0,4,4,100.0,4,2,7,0,35,47.95,4,62,29,91,87.2,13,1,186,7,3,0,Randy Nteka,Rayo Vallecano,932764,2818
24,3,25.0,94,43,44.33,307,516,823,85.91,43,58.11,31,28,0,0,0,0,74,3,1,0,4,113,27,0,0,7,22,85,1,1,0.66,0.8,26,0,9.09,11,1,1,28,20,8,1,0,,69,56.1,1,0,0,135,24,10,0,19,1881,1,13,0,0,0,2,0.0,0,0,0,0,193,0,0,6.71,0,0,0,0,0,0,0,0,1881.0,0.0,0,10,1,6,5,13,92.86,0,46,25,54.35,10,48,14,12,112,56.85,97,400,558,958,181.1,11,1,1352,12,5,0,Valentín Gómez,Real Betis,1186010,2816
6,1,5.56,90,7,36.84,144,84,228,63.87,56,43.08,74,32,3,0,0,0,48,1,9,13,2,26,32,0,0,33,3,154,1,0,1.14,10.0,36,0,16.39,0,10,13,40,35,5,9,1,,36,31.03,1,0,0,129,1,13,2,21,2070,41,4,0,0,3,0,100.0,0,3,0,0,255,17,0,6.7,0,7,0,0,0,0,0,0,207.0,0.0,0,42,19,18,30,16,57.14,0,8,4,50.0,13,11,28,18,92,37.4,19,249,108,357,214.5,61,0,664,12,3,0,Akor Adams,Sevilla,946381,2833
13,4,11.11,210,17,40.48,337,302,639,82.56,20,40.82,29,33,1,0,0,0,66,2,2,1,2,50,33,0,0,12,13,94,0,1,0.97,0.86,32,0,14.29,0,1,2,28,25,3,1,0,,109,62.64,0,0,0,135,5,10,0,16,1758,1,9,0,0,0,1,0.0,0,0,0,1,227,1,0,6.7,0,1,0,0,0,0,0,0,1758.0,0.0,0,7,0,4,2,9,52.94,0,47,34,72.34,10,28,17,36,129,57.85,42,426,348,774,221.2,7,1,1226,53,4,0,Hugo Rincón,Girona FC,1632454,24264
48,17,30.91,240,60,60.61,462,426,888,85.38,17,36.96,29,37,1,0,0,0,97,7,3,5,1,14,37,0,0,22,16,116,1,4,2.49,3.54,37,0,16.67,0,4,5,43,36,7,3,1,,104,54.45,0,0,2,152,19,34,3,31,2487,2,6,0,0,0,1,0.0,0,0,0,0,263,11,0,6.7,1,1,0,0,0,0,0,0,621.75,0.0,0,18,6,8,11,15,50.0,0,44,18,40.91,34,82,30,55,121,51.05,99,579,461,1040,248.0,24,0,1415,46,4,1,Alberto Reina,Real Oviedo,882475,2851
0,4,20.0,27,0,0.0,36,5,41,70.69,1,9.09,10,10,2,0,0,0,7,2,2,0,0,2,10,0,0,7,3,46,0,0,0.82,0.62,13,0,0.0,0,0,2,5,4,1,0,0,,31,46.27,0,0,0,17,0,9,0,6,519,6,0,0,0,0,0,0.0,0,0,0,0,75,2,0,6.7,0,0,0,0,0,0,0,0,0.0,0.0,0,6,3,2,7,9,39.13,0,1,0,0.0,9,2,23,20,32,41.03,2,52,6,58,67.0,9,1,177,21,2,0,Zito Luvumbo,Mallorca,1000150,2826
20,2,66.67,177,21,55.26,465,352,817,90.98,7,53.85,6,24,1,0,0,0,41,0,1,9,3,8,21,0,0,6,8,47,1,0,0.73,0.96,25,0,0.0,0,0,1,10,8,2,0,0,,40,49.38,0,0,1,81,7,14,0,10,999,0,3,0,0,0,0,0.0,0,0,0,0,110,1,0,6.7,0,0,0,0,0,0,0,0,0.0,0.0,0,5,6,2,0,2,33.33,0,18,10,55.56,14,42,6,3,47,50.0,38,522,376,898,140.7,11,0,1046,20,1,0,Marc Casadó,FC Barcelona,1000483,2817
17,4,50.0,99,24,51.06,260,243,503,87.48,13,48.15,14,20,1,0,0,0,60,0,0,3,0,33,20,0,0,4,17,59,0,1,0.48,0.47,23,0,0.0,0,0,1,25,22,3,0,0,,35,43.75,0,0,1,72,10,10,0,14,1327,0,5,0,0,0,0,0.0,0,0,0,0,93,5,0,6.7,0,0,0,0,0,0,0,0,0.0,0.0,0,3,5,4,1,1,50.0,0,20,12,60.0,10,33,2,8,48,44.86,47,310,265,575,134.0,8,0,734,14,4,0,Oriol Rey,Levante UD,859769,2849
10,17,20.0,142,18,47.37,280,205,485,83.48,33,76.74,10,26,1,0,0,0,56,3,0,2,2,51,26,0,0,8,6,51,0,2,1.31,0.12,19,0,0.0,0,0,1,23,18,5,0,0,,42,50.6,0,0,0,96,18,23,0,14,1513,1,8,0,0,0,0,0.0,0,0,0,0,266,4,0,6.7,0,0,0,0,0,0,0,0,0.0,0.0,0,2,1,1,0,14,56.0,0,22,16,72.73,23,17,25,85,75,59.52,38,358,223,581,174.2,3,0,1062,7,3,0,Jesús Areso,Athletic Club,910267,2825
0,0,0.0,0,0,0.0,0,0,0,0.0,0,0.0,0,1,0,0,0,0,0,0,0,0,0,0,1,0,1,0,0,0,0,0,,,0,0,0.0,0,0,0,0,0,0,0,0,,2,100.0,0,0,0,0,0,0,0,0,11,0,0,0,0,0,0,0.0,0,0,0,0,1,0,0,6.7,1,0,0,0,0,0,0,0,0.0,0.0,0,0,0,0,0,1,100.0,0,0,0,0.0,0,0,1,0,2,100.0,0,0,0,0,6.7,0,0,4,1,0,0,Endrick,Real Madrid,1174937,2829
1,1,100.0,6,1,50.0,18,14,32,94.12,0,0.0,0,1,0,0,0,0,3,0,0,0,0,1,1,0,0,1,1,5,0,0,0.01,,3,0,0.0,0,0,0,1,1,0,0,0,,7,58.33,0,0,0,2,0,1,0,1,78,0,0,0,0,0,0,0.0,0,0,0,0,7,0,0,6.7,0,0,0,0,0,0,0,0,0.0,0.0,0,0,0,0,0,1,100.0,0,5,3,60.0,1,1,1,1,7,58.33,2,20,14,34,6.7,0,0,55,1,0,0,Víctor Valdepeñas,Real Madrid,1901143,2829
0,0,0.0,1,0,0.0,1,0,1,100.0,1,100.0,0,1,0,0,0,0,0,0,0,0,0,2,1,0,0,0,0,0,0,0,0.0,,0,0,0.0,0,0,0,0,0,0,0,0,,0,0.0,0,0,0,0,0,0,0,0,9,0,0,0,0,0,0,0.0,0,0,0,0,1,0,0,6.7,0,0,0,0,0,0,0,0,0.0,0.0,0,0,0,0,0,0,0.0,0,0,0,0.0,0,0,0,0,1,100.0,0,1,0,1,6.7,0,0,4,0,0,0,Federico Gattoni,Sevilla,941464,2833
1,0,0.0,1,1,100.0,2,4,6,85.71,0,0.0,0,1,0,0,0,0,1,0,0,0,0,2,1,0,0,0,0,1,0,0,0.0,,0,0,0.0,0,0,0,0,0,0,0,0,,0,0.0,0,0,0,1,0,0,0,0,13,0,0,0,0,0,0,0.0,0,0,0,0,2,0,0,6.7,0,0,0,0,0,0,0,0,0.0,0.0,0,0,0,0,0,0,0.0,0,0,0,0.0,0,1,1,0,0,0.0,1,2,5,7,6.7,0,0,14,0,0,0,Omar Falah,Real Oviedo,2115056,2851
0,0,0.0,1,1,100.0,2,0,2,100.0,0,0.0,1,1,0,0,0,0,0,0,0,0,0,2,1,0,0,0,0,2,0,0,0.0,,1,0,0.0,0,0,0,0,0,0,0,0,,1,50.0,0,0,0,0,0,0,0,0,12,0,0,0,0,0,0,0.0,0,0,0,0,0,0,0,6.7,0,0,0,0,0,0,0,0,0.0,0.0,0,0,0,0,0,0,0.0,0,1,1,100.0,0,0,0,0,1,33.33,1,2,0,2,6.7,0,0,6,0,0,0,Rubén Iranzo,Valencia,1167704,2828
0,0,0.0,0,0,0.0,4,1,5,100.0,0,0.0,0,1,0,0,0,0,2,0,0,0,0,0,1,0,0,0,0,0,0,0,0.0,,0,0,0.0,0,0,0,0,0,0,0,0,,1,100.0,0,0,0,0,0,0,0,0,12,0,0,0,0,0,0,0.0,0,0,0,0,0,0,0,6.7,0,0,0,0,0,0,0,0,0.0,0.0,0,0,0,0,0,0,0.0,0,1,0,0.0,0,0,0,0,1,100.0,0,4,1,5,6.7,0,0,6,0,0,0,Hugo Burcio,Celta Vigo,1858279,2821
2,0,0.0,0,7,53.85,0,69,69,92.0,0,0.0,0,2,0,0,0,0,14,0,0,0,0,1,2,0,0,0,0,0,0,0,0.0,,0,0,0.0,6,0,0,2,2,0,0,0,0.54,0,0.0,0,1,0,6,0,0,0,2,180,0,0,0,0,0,0,0.0,0,0,0,0,6,0,1,6.7,0,0,0,3,1,4,0,0,0.0,0.0,0,0,0,0,0,0,0.0,0,0,0,0.0,0,2,0,0,0,0.0,13,3,72,75,13.4,0,0,85,0,0,0,Marc-André Ter Stegen,Girona FC,88625,24264
0,1,50.0,4,0,0.0,6,5,11,91.67,0,0.0,0,3,0,0,0,0,1,0,0,0,0,0,1,0,0,0,0,1,0,0,0.07,,1,0,0.0,0,0,0,0,0,0,0,0,,0,0.0,0,0,0,1,0,1,0,0,11,0,0,0,0,0,0,0.0,0,0,0,0,3,0,0,6.7,0,0,0,0,0,0,0,0,0.0,0.0,0,0,0,0,0,0,0.0,0,0,0,0.0,1,0,0,2,0,0.0,0,7,5,12,6.7,0,0,15,0,0,0,Samu Becerra,Rayo Vallecano,2198232,2818
8,8,26.67,57,15,68.18,75,38,113,87.6,0,0.0,0,12,0,0,0,0,20,0,0,5,0,3,12,0,0,4,1,24,0,0,0.89,0.25,8,0,0.0,0,0,0,8,8,0,0,0,,24,50.0,0,0,0,16,1,11,0,2,320,1,0,0,0,0,1,0.0,0,0,0,0,76,5,0,6.7,0,0,0,0,0,0,0,0,0.0,0.0,0,2,5,2,0,8,42.11,0,6,4,66.67,11,14,19,30,24,50.0,22,90,39,129,80.4,7,0,239,10,1,0,Adnan Januzaj,Sevilla,328145,2833
0,0,0.0,11,0,0.0,21,13,34,97.14,0,0.0,0,2,0,0,0,0,3,0,1,0,0,1,1,0,0,1,0,1,0,0,0.02,0.11,0,0,0.0,0,0,0,0,0,0,0,0,,1,50.0,0,0,0,1,0,0,0,1,77,0,0,0,0,0,0,0.0,0,0,0,0,6,0,0,6.7,0,0,0,0,0,0,0,0,0.0,0.0,0,1,0,0,1,0,0.0,0,1,1,100.0,0,0,0,3,1,50.0,0,21,14,35,6.7,1,0,47,0,0,0,David Jiménez,Real Madrid,1142689,2829
2,0,0.0,20,1,25.0,53,26,79,84.04,3,42.86,4,6,0,0,0,0,6,0,0,1,0,4,4,0,0,1,2,10,0,0,0.09,0.08,4,0,0.0,0,0,0,3,2,1,0,0,,9,60.0,0,0,0,15,3,0,0,2,143,0,0,0,0,0,0,0.0,0,0,0,0,17,1,0,6.7,0,0,0,0,0,0,0,0,0.0,0.0,0,0,2,1,0,1,100.0,0,8,6,75.0,0,5,1,1,12,54.55,4,63,31,94,26.8,2,0,115,0,0,0,Matías Vecino,Celta Vigo,158615,2821
15,3,50.0,104,25,65.79,252,191,443,82.19,14,63.64,8,29,1,0,0,0,72,1,0,6,1,16,29,0,0,6,15,78,0,0,1.34,0.58,40,0,8.33,0,1,2,23,17,6,1,0,,57,44.88,0,0,1,96,25,11,0,11,1266,0,5,0,0,0,1,0.0,0,0,0,0,132,9,0,6.7,0,1,0,0,0,0,0,0,1266.0,0.0,0,3,9,3,3,9,47.37,0,42,20,47.62,11,31,19,6,71,47.65,38,325,214,539,194.2,12,0,738,6,6,0,Alejandro Rego Mora,Athletic Club,2110897,2825
8,6,21.43,336,15,53.57,639,457,1096,91.79,10,50.0,10,28,2,0,0,0,92,4,1,1,3,25,27,0,0,19,8,66,0,1,2.1,0.62,14,0,0.0,0,0,2,24,22,2,0,0,,83,59.71,0,0,0,98,5,24,0,21,1874,4,10,0,1,0,1,0.0,0,0,0,1,195,10,0,6.7,0,0,0,0,0,0,0,0,0.0,0.0,0,7,3,8,1,23,58.97,0,35,23,65.71,23,26,39,28,93,58.49,28,697,497,1194,180.8,10,0,1615,25,2,0,Alejandro Balde,FC Barcelona,997035,2817
2,2,20.0,43,1,25.0,64,31,95,74.8,2,33.33,4,20,1,0,0,0,25,2,4,4,0,4,20,0,0,6,1,22,0,0,0.54,2.21,3,0,9.09,0,1,2,7,6,1,1,0,,23,56.1,0,0,0,32,3,7,0,1,383,4,2,0,0,1,0,100.0,0,1,0,0,67,3,0,6.7,0,1,0,0,0,0,0,0,383.0,0.0,0,8,3,3,4,9,52.94,0,10,5,50.0,7,6,17,10,25,53.19,4,86,41,127,133.9,11,0,221,4,1,0,José Luis Morales,Levante UD,344129,2849
19,1,16.67,103,25,58.14,205,176,381,84.86,15,48.39,16,19,0,0,0,0,49,0,0,1,0,23,19,0,0,6,15,62,0,0,0.29,0.35,18,0,0.0,0,0,0,12,9,3,0,0,,36,43.9,0,0,0,68,11,5,0,8,953,1,2,0,0,0,0,0.0,0,0,0,0,96,5,0,6.69,0,0,0,0,0,0,0,0,0.0,0.0,1,1,8,4,4,4,36.36,0,12,8,66.67,5,36,11,6,51,45.13,43,257,192,449,127.2,9,0,592,21,5,0,Iker Muñoz,Osasuna,1119586,2820
7,15,27.78,110,4,66.67,196,102,298,88.69,0,0.0,3,21,1,0,0,0,15,3,3,4,0,3,18,0,0,11,1,41,0,1,1.88,1.43,7,0,4.55,0,1,2,8,8,0,1,0,,36,48.65,0,0,0,38,2,15,0,7,661,0,0,0,1,0,0,0.0,0,0,0,0,123,2,0,6.69,0,1,0,0,0,0,0,0,661.0,0.0,0,14,8,6,12,22,53.66,0,6,4,66.67,14,12,41,54,36,46.75,6,227,109,336,120.5,22,0,527,8,0,0,Roony Bardghji,FC Barcelona,1162107,2817
25,9,40.91,85,40,57.97,173,166,339,81.49,14,50.0,14,16,0,0,0,0,39,3,0,0,0,14,16,0,1,3,18,61,0,0,1.53,,24,0,0.0,0,0,0,16,12,4,0,0,,34,41.98,0,0,0,77,6,12,0,11,818,0,5,0,0,0,0,0.0,0,0,0,0,101,4,0,6.69,1,0,0,0,0,0,0,0,0.0,0.0,0,0,0,0,0,4,57.14,0,22,13,59.09,12,50,7,22,48,44.04,69,232,184,416,107.1,0,0,537,8,3,0,Unai Vencedor,Levante UD,966802,2849
3,2,22.22,37,8,57.14,88,47,135,83.33,6,54.55,5,14,2,0,0,0,19,0,1,5,0,10,14,0,0,8,3,32,0,0,0.2,0.62,5,0,16.67,0,2,4,6,4,2,2,0,,21,43.75,0,0,0,27,6,4,0,7,500,2,1,0,0,0,0,0.0,0,0,0,0,67,4,0,6.69,0,2,0,0,0,0,0,0,250.0,0.0,0,7,5,2,5,8,42.11,0,12,3,25.0,4,8,19,9,27,45.76,14,109,53,162,93.7,12,0,289,1,0,0,Hector Fort,Elche,1402908,2846
7,1,50.0,51,11,55.0,114,107,221,78.93,26,63.41,15,14,0,0,0,0,25,0,1,2,0,22,13,0,0,9,8,50,1,0,0.39,0.4,14,0,0.0,0,0,0,23,22,1,0,0,,37,51.39,0,0,0,59,2,2,0,8,642,2,5,0,0,0,0,0.0,0,0,0,1,85,2,0,6.69,0,0,0,0,0,0,0,0,0.0,0.0,0,4,2,3,1,5,55.56,0,12,7,58.33,2,13,9,2,63,55.75,20,154,126,280,87.0,6,0,405,21,2,0,Yangel Herrera,Real Sociedad,839585,2824
39,0,0.0,145,105,43.39,490,1065,1555,87.16,59,59.6,40,37,0,0,0,0,90,0,1,5,5,242,37,0,0,6,10,90,1,1,0.33,0.81,36,0,0.0,12,0,0,56,49,7,0,0,,64,56.14,0,0,0,229,22,3,0,37,3309,0,15,0,0,0,2,0.0,0,0,0,0,263,2,0,6.69,0,0,0,0,0,0,0,0,0.0,0.0,0,8,9,4,8,4,80.0,0,50,34,68.0,3,113,5,2,123,57.75,242,658,1126,1784,247.6,17,0,2278,11,6,0,Martin Valjent,Mallorca,300522,2826
9,6,75.0,26,16,35.56,60,55,115,64.25,18,72.0,7,15,1,0,0,0,19,1,0,1,1,26,11,0,1,4,3,28,0,0,0.96,0.18,13,0,0.0,0,0,1,7,5,2,0,0,,20,48.78,0,0,0,64,1,6,0,7,524,1,0,0,1,0,0,0.0,0,0,0,0,85,0,0,6.69,1,0,0,0,0,0,0,0,0.0,0.0,0,2,1,1,1,1,33.33,0,11,7,63.64,5,21,3,8,38,57.58,45,115,64,179,73.6,3,1,316,8,6,0,Allan Nyom,Getafe,128637,2859
8,1,5.56,92,11,55.0,165,87,252,64.78,90,49.72,91,37,1,0,0,1,48,4,11,10,0,20,37,0,0,21,11,164,1,0,2.25,8.8,32,0,13.33,0,8,9,26,21,5,8,0,,63,46.32,1,0,1,137,6,20,2,17,1749,26,1,0,0,2,0,50.0,0,1,0,0,259,17,0,6.69,0,5,0,0,0,0,0,0,218.63,0.0,0,55,5,23,27,9,37.5,0,12,7,58.33,20,23,24,18,153,48.26,20,284,105,389,247.5,60,2,740,44,3,0,Kike García,Espanyol,84972,2814
53,7,29.17,303,63,50.81,692,830,1522,86.62,26,54.17,22,34,0,0,0,0,156,2,2,1,3,63,34,0,0,31,32,127,0,2,1.85,0.55,37,0,0.0,0,0,0,52,46,6,0,0,,121,53.54,0,0,1,235,41,17,0,34,2998,1,14,0,0,0,0,0.0,0,0,0,0,368,11,0,6.69,0,0,0,0,0,0,0,0,0.0,0.0,0,5,4,5,3,25,73.53,0,66,39,59.09,17,91,34,24,147,53.65,124,842,915,1757,227.4,9,0,2482,30,7,0,Jonny Otto,Deportivo Alavés,235648,2885
3,0,0.0,33,16,43.24,109,295,404,91.4,14,70.0,6,8,0,0,0,0,25,0,1,0,0,43,8,0,0,4,2,18,1,0,0.07,0.52,6,0,0.0,0,0,0,12,11,1,0,0,,14,53.85,0,0,0,38,5,1,0,6,610,0,5,0,0,0,1,0.0,0,0,0,0,48,0,0,6.69,0,0,0,0,0,0,0,0,0.0,0.0,0,2,0,1,1,0,0.0,0,13,8,61.54,1,8,2,1,28,60.87,37,133,309,442,53.5,2,0,538,1,1,0,Carlos Domínguez,Celta Vigo,1069703,2821
13,9,29.03,172,11,64.71,326,117,443,90.04,5,38.46,8,23,0,0,0,0,39,5,3,6,1,3,23,0,1,27,17,97,0,1,2.33,3.09,18,0,3.33,0,1,1,9,7,2,1,0,,75,45.73,0,0,3,49,3,16,0,11,1049,1,0,0,0,0,0,0.0,0,0,0,0,170,8,0,6.69,1,1,0,0,0,0,0,0,1049.0,0.0,1,20,10,17,7,25,46.3,0,20,12,60.0,16,22,54,31,80,45.2,17,368,124,492,153.8,30,0,783,30,5,0,Franco Mastantuono,Real Madrid,1403559,2829
37,38,28.57,261,66,36.46,513,444,957,79.09,23,58.97,16,35,4,0,0,0,178,6,1,3,5,84,35,0,1,28,10,108,0,2,3.5,0.54,29,0,0.0,0,0,4,44,38,6,0,0,,95,50.8,0,0,0,253,24,36,0,30,2737,2,6,0,0,0,0,0.0,0,0,0,0,485,9,0,6.69,1,0,0,0,0,0,0,0,0.0,0.0,6,3,14,12,2,15,36.59,0,51,27,52.94,36,100,41,133,118,52.21,181,680,530,1210,234.0,17,1,2051,30,6,0,Johan Mojica,Mallorca,344847,2826
8,1,25.0,37,29,49.15,135,235,370,85.06,14,50.0,14,13,0,0,0,0,40,0,1,2,3,43,13,0,0,3,6,35,0,0,0.5,0.42,12,0,0.0,0,0,0,12,12,0,0,0,,31,59.62,0,0,1,65,11,2,0,10,921,0,5,0,0,0,0,0.0,0,0,0,0,94,2,0,6.68,0,0,0,0,0,0,0,0,0.0,0.0,0,6,3,6,1,0,0.0,0,25,12,48.0,2,28,2,4,45,56.25,59,173,262,435,86.9,9,0,635,7,3,0,Unai Núñez,Valencia,892521,2828
3,4,17.39,37,4,44.44,68,22,90,68.18,18,69.23,8,14,0,0,0,0,14,0,0,1,0,1,13,0,0,8,6,39,0,0,0.57,0.31,8,0,0.0,0,0,0,3,3,0,0,0,,26,45.61,0,0,0,42,1,4,0,2,361,2,0,0,1,0,0,0.0,0,0,0,0,111,3,0,6.68,0,0,0,0,0,0,0,0,0.0,0.0,0,2,3,3,1,10,50.0,0,10,6,60.0,3,7,20,23,44,53.01,9,106,26,132,86.9,5,0,251,6,1,0,Coba Da Costa,Getafe,1392054,2859
18,11,26.83,214,27,45.0,416,268,684,85.82,4,30.77,9,30,2,0,0,0,92,2,2,3,1,12,30,0,0,25,27,110,0,1,1.67,0.98,20,0,11.11,0,1,3,21,18,3,1,0,,74,42.29,0,0,1,113,6,22,0,15,1432,0,3,0,0,0,0,0.0,0,0,0,0,224,9,0,6.68,0,1,0,0,0,0,0,0,1432.0,0.0,0,4,5,2,4,25,46.3,0,23,12,52.17,22,39,54,41,78,41.49,60,503,294,797,200.5,9,0,1071,26,6,0,Denis Suárez,Deportivo Alavés,138383,2885
11,0,0.0,20,14,30.43,109,239,348,85.09,31,72.09,12,12,0,0,0,0,28,0,1,0,1,70,12,0,0,0,7,30,0,1,0.35,0.67,11,0,33.33,1,1,1,24,20,4,1,0,,14,43.75,0,0,0,61,3,2,0,11,958,0,16,1,0,0,1,0.0,0,0,0,0,67,1,0,6.68,0,1,0,0,0,0,0,0,958.0,0.0,0,3,0,2,1,0,0.0,0,8,4,50.0,2,29,0,0,45,60.0,46,151,258,409,80.2,3,0,542,6,2,0,Unai Elgezabal,Levante UD,813574,2849
36,1,8.33,165,29,34.94,400,394,794,80.94,25,49.02,26,36,1,0,0,0,142,0,0,6,4,59,36,0,0,28,42,142,0,1,0.73,0.73,42,0,0.0,0,0,1,45,37,8,0,0,,109,48.44,0,0,0,187,32,11,0,28,2629,1,11,0,1,0,0,0.0,0,0,0,0,276,7,0,6.68,0,0,0,0,0,0,0,0,0.0,0.0,0,6,12,11,1,14,63.64,0,55,35,63.64,10,70,22,12,134,48.55,83,539,442,981,240.6,18,0,1378,42,7,0,Urko González,Espanyol,1064009,2814
21,1,20.0,140,34,57.63,257,308,565,86.52,16,59.26,11,27,0,0,0,0,93,0,0,7,2,24,25,0,0,18,15,88,1,2,0.49,1.14,37,0,5.88,0,1,1,26,24,2,1,0,,71,47.97,0,0,1,88,18,9,1,19,1624,0,5,0,0,0,0,0.0,0,0,0,0,143,8,0,6.68,0,0,0,0,0,0,0,0,1624.0,0.0,0,2,15,5,5,10,58.82,0,35,23,65.71,9,44,17,5,87,49.71,59,312,341,653,167.0,17,1,905,27,6,0,Batista Mendy,Sevilla,859021,2833
1,0,0.0,5,8,44.44,44,187,231,90.94,9,52.94,8,10,0,0,0,0,12,0,0,1,2,24,10,0,0,0,3,16,0,0,0.02,0.38,5,0,0.0,19,0,0,4,4,0,0,0,,13,61.9,0,0,0,23,8,1,0,7,491,0,3,0,0,0,0,0.0,0,0,0,0,31,1,0,6.68,0,0,0,0,0,0,0,0,0.0,0.0,0,3,0,1,1,0,0.0,0,12,8,66.67,1,3,0,0,22,57.89,18,59,195,254,66.8,3,0,323,1,1,0,Luiz Felipe,Rayo Vallecano,850035,2818
9,2,25.0,17,8,27.59,36,10,46,54.12,7,63.64,4,11,0,0,0,0,15,1,1,1,3,18,10,0,0,2,13,25,0,1,0.14,0.36,6,0,0.0,0,0,0,2,2,0,0,0,,19,47.5,0,0,0,39,1,1,0,4,406,0,1,0,0,0,0,0.0,0,0,0,0,63,0,0,6.68,0,0,0,0,0,0,0,0,0.0,0.0,0,3,1,2,1,2,100.0,0,17,12,70.59,1,19,2,8,26,50.98,29,67,18,85,66.8,4,0,178,0,3,0,Sebastián Boselli,Getafe,1392092,2859
4,2,12.5,86,6,60.0,155,120,275,87.86,2,40.0,3,19,0,0,0,0,52,1,0,3,0,4,19,0,0,8,5,55,0,0,0.42,0.13,18,0,0.0,0,0,0,8,8,0,0,0,,60,53.57,0,0,0,38,9,13,0,13,764,0,1,0,0,0,0,0.0,0,0,0,0,105,6,0,6.68,0,0,0,0,0,0,0,0,0.0,0.0,0,0,5,1,1,16,41.03,0,25,14,56.0,13,7,39,16,62,52.99,10,183,130,313,126.9,5,0,496,19,2,0,Calebe Gonçalves,Deportivo Alavés,1046796,2885
4,18,26.87,43,8,61.54,66,25,91,73.98,7,53.85,6,27,2,0,0,0,12,0,0,1,0,5,27,0,0,11,4,45,0,0,1.42,0.93,11,0,25.0,1,2,4,7,6,1,2,0,,22,36.07,0,0,0,32,2,11,1,2,484,1,1,0,0,0,0,0.0,0,0,0,0,117,4,0,6.68,0,1,0,0,0,0,0,0,242.0,0.0,0,7,1,3,4,6,31.58,0,5,2,40.0,11,7,19,67,29,39.19,13,91,32,123,180.3,8,1,288,11,4,0,Kike Barja,Osasuna,591132,2820
13,0,0.0,39,24,35.82,176,428,604,86.04,28,56.0,22,28,1,0,0,0,38,1,1,2,2,108,27,0,0,1,10,56,0,0,0.81,0.29,24,0,0.0,0,0,1,26,19,7,0,0,,42,55.26,0,0,0,98,18,2,0,17,1608,0,11,0,0,0,0,0.0,0,0,0,1,110,0,0,6.68,0,0,0,0,0,0,0,0,0.0,0.0,0,3,0,1,0,3,100.0,0,32,15,46.88,2,34,3,1,70,55.56,67,238,464,702,180.3,3,0,943,8,3,0,Jorge Herrando,Osasuna,944225,2820
31,11,23.91,210,34,29.57,440,414,854,81.33,19,57.58,14,31,1,0,0,0,153,4,1,7,4,88,31,0,0,27,19,109,0,0,2.02,0.67,34,0,5.26,0,1,2,37,29,8,1,0,,96,50.26,0,0,0,196,43,16,0,30,2554,3,4,0,0,0,0,0.0,0,0,0,0,338,7,0,6.68,1,1,0,0,0,0,0,0,2554.0,0.0,0,6,13,9,3,28,63.64,0,48,29,60.42,16,88,44,46,115,51.34,115,578,472,1050,207.0,19,0,1713,20,4,1,Valentin Rosier,Osasuna,842419,2820
27,1,14.29,101,54,50.0,304,673,977,88.34,43,63.24,25,34,0,0,0,0,80,1,0,6,3,127,34,0,0,7,17,92,0,1,0.4,1.33,40,0,6.45,5,2,2,41,36,5,1,1,,51,43.22,1,0,0,129,25,7,1,26,2370,0,18,0,0,0,0,0.0,0,0,0,0,166,2,0,6.68,0,0,0,0,0,0,0,0,1185.0,0.0,6,6,25,16,9,5,45.45,0,35,23,65.71,7,49,11,7,94,50.54,108,393,713,1106,227.0,31,2,1455,11,9,0,Nemanja Gudelj,Sevilla,68332,2833
0,0,0.0,13,0,0.0,23,19,42,65.63,18,52.94,16,21,0,0,0,1,8,0,6,3,0,3,20,0,0,3,3,34,0,0,0.51,5.38,12,0,26.32,0,5,5,8,8,0,5,0,,18,50.0,1,0,0,22,1,2,0,1,430,6,0,0,0,4,0,75.0,0,3,0,2,35,0,0,6.68,0,4,0,0,0,0,0,0,86.0,0.0,0,19,0,4,12,2,100.0,0,5,4,80.0,2,1,2,0,36,51.43,3,38,26,64,133.5,19,0,127,11,4,0,Cristhian Stuani,Girona FC,32048,24264
0,0,0.0,29,2,50.0,61,34,95,87.96,8,57.14,6,8,0,0,0,0,9,0,0,1,0,3,8,0,0,4,4,19,0,0,0.4,0.14,3,0,0.0,0,0,0,3,3,0,0,0,,12,48.0,0,0,0,13,3,1,0,2,196,1,0,0,0,0,0,0.0,0,0,0,0,25,2,0,6.68,0,0,0,0,0,0,0,0,0.0,0.0,0,1,2,1,1,4,66.67,0,4,3,75.0,1,2,6,1,20,51.28,4,70,38,108,53.4,3,0,149,5,1,0,Ovie Ejaria,Real Oviedo,845025,2851
23,10,14.93,258,19,27.94,446,436,882,83.68,20,58.82,14,31,3,0,0,0,101,6,2,4,5,104,31,0,0,10,32,122,1,0,2.15,1.49,32,0,0.0,0,0,3,40,34,6,0,0,,98,47.57,0,0,0,172,30,16,0,28,2562,9,10,0,0,0,1,0.0,0,0,0,0,361,10,0,6.67,0,0,0,0,0,0,0,0,0.0,0.0,0,9,7,7,5,35,48.61,0,43,28,65.12,16,58,72,67,118,49.17,68,564,490,1054,206.9,16,1,1761,20,5,0,Álex Moreno,Girona FC,294593,24264
4,6,27.27,56,3,17.65,105,57,162,71.37,3,16.67,15,23,1,0,0,0,39,1,2,3,0,10,23,0,0,4,10,44,0,0,0.89,1.73,6,0,21.43,0,3,4,16,14,2,2,1,,26,47.27,0,0,0,65,11,11,0,10,908,3,2,0,0,0,0,0.0,0,0,0,0,115,5,0,6.67,0,3,0,0,0,0,0,0,302.67,0.0,0,8,6,7,4,6,37.5,0,13,12,92.31,11,17,16,22,29,39.73,17,148,79,227,153.5,14,0,378,7,1,0,Iker Losada,Levante UD,992331,2849
35,13,26.53,225,47,43.52,428,518,946,81.27,45,70.31,19,35,3,0,0,0,146,4,1,7,5,71,35,0,0,12,45,146,1,0,1.87,0.77,49,0,5.0,0,1,4,47,43,4,1,0,,127,50.0,0,0,0,218,39,22,0,29,2564,3,9,0,0,0,2,0.0,0,0,0,0,401,6,0,6.67,0,1,0,0,0,0,0,0,2564.0,0.0,0,11,9,10,3,19,45.24,0,65,40,61.54,22,95,42,49,172,54.09,108,573,591,1164,233.5,20,2,1884,44,13,0,José Ángel Carmona,Sevilla,1015240,2833
15,11,15.28,166,6,50.0,264,72,336,80.77,9,20.93,34,32,1,0,0,0,56,4,0,2,0,9,32,0,0,31,4,119,0,0,2.1,3.94,18,0,28.57,0,6,7,23,19,4,6,0,,55,39.29,0,0,0,80,7,24,3,10,1311,4,1,0,0,0,0,0.0,0,0,0,0,260,13,0,6.67,0,3,0,0,0,0,0,0,218.5,0.0,0,15,6,9,10,23,41.82,0,16,9,56.25,24,30,55,72,64,34.97,12,334,82,416,213.3,21,0,758,16,1,0,Robert Navarro,Athletic Club,944165,2825
0,0,0.0,62,2,100.0,130,75,205,85.06,21,55.26,17,30,1,0,0,0,23,2,6,2,0,9,28,0,0,9,6,52,0,0,1.13,5.37,9,0,28.57,0,6,7,12,9,3,5,1,,19,35.19,1,0,0,36,3,13,1,9,988,0,0,0,0,0,0,0.0,0,0,0,0,90,9,0,6.66,0,4,0,0,0,0,0,0,164.67,0.0,0,19,2,8,11,3,20.0,0,11,6,54.55,13,0,15,3,40,43.48,2,154,87,241,186.6,21,1,377,6,2,0,Gonzalo García,Real Madrid,1402716,2829
19,0,0.0,27,35,40.7,105,277,382,83.22,27,64.29,15,14,0,0,0,0,21,0,0,1,1,81,14,0,0,0,2,30,1,0,0.1,0.31,13,0,0.0,8,0,0,19,17,2,0,0,,17,53.13,0,0,0,77,8,0,0,9,833,0,14,1,0,0,0,0.0,0,0,0,0,80,0,0,6.66,0,0,0,0,0,0,0,0,0.0,0.0,0,4,0,3,0,2,100.0,0,11,7,63.64,0,37,2,0,44,59.46,86,167,292,459,93.3,4,0,610,4,2,0,David López,Mallorca,1513896,2826
4,1,7.69,75,9,64.29,129,66,195,68.9,34,36.56,59,33,4,0,1,0,55,4,11,6,2,18,33,0,0,35,4,143,0,0,1.65,8.73,32,0,14.0,0,7,11,33,25,8,7,0,,72,46.15,4,0,1,88,6,15,1,18,1703,7,1,0,0,1,0,0.0,0,0,0,0,225,18,0,6.66,0,2,0,0,0,0,0,0,243.29,0.0,0,40,10,20,24,11,37.93,0,27,14,51.85,15,14,29,13,106,42.57,14,200,83,283,219.9,50,0,634,34,3,0,Etta Eyong,Levante UD,1393673,2849
32,8,27.59,217,36,59.02,467,355,822,86.89,11,35.48,20,33,1,0,0,0,83,2,0,8,6,26,33,0,0,14,30,132,0,0,2.21,0.78,64,0,11.76,0,2,3,36,29,7,1,1,,71,38.8,0,0,0,124,22,23,0,28,2182,0,6,0,0,0,1,0.0,0,0,0,0,191,5,0,6.66,1,2,0,0,0,0,0,0,1091.0,0.0,1,3,14,4,5,3,27.27,0,38,19,50.0,23,59,11,29,82,38.32,61,559,387,946,219.9,17,0,1236,30,10,1,Pol Lozano,Espanyol,826010,2814
28,20,32.79,220,36,60.0,377,259,636,83.25,18,41.86,25,32,3,0,0,0,103,5,0,7,0,32,32,0,0,17,31,118,0,0,2.93,0.81,23,0,0.0,0,0,3,36,31,5,0,0,,132,58.67,0,0,0,128,12,22,0,23,2002,4,0,0,0,0,2,0.0,0,0,0,1,263,8,0,6.66,1,0,0,0,0,0,0,0,0.0,0.0,0,11,3,6,1,27,52.94,0,63,42,66.67,22,39,51,61,150,55.97,60,465,299,764,213.2,14,0,1259,42,5,1,Juanlu Sánchez,Sevilla,1010655,2833
30,0,0.0,67,51,34.0,311,953,1264,88.27,69,55.65,55,33,0,0,0,0,100,0,0,3,8,217,33,0,0,7,10,102,1,0,0.23,0.5,28,0,0.0,48,0,0,41,32,9,0,0,,44,48.35,0,0,0,168,36,7,0,32,2810,0,23,0,0,0,0,0.0,0,0,0,0,194,2,0,6.66,0,0,0,0,0,0,0,0,0.0,0.0,0,7,3,6,1,3,60.0,0,32,18,56.25,7,74,5,1,113,52.56,150,426,1006,1432,219.8,10,0,1848,11,8,0,Natan,Real Betis,1015287,2816
13,5,31.25,79,15,27.78,178,163,341,79.86,7,58.33,5,20,1,0,0,0,49,2,2,4,1,31,20,0,0,3,10,42,0,0,1.11,0.94,14,0,0.0,0,0,1,25,23,2,0,0,,65,63.73,0,0,0,86,17,9,0,11,1100,2,4,0,0,0,1,0.0,0,0,0,0,145,2,0,6.66,0,0,0,0,0,0,0,0,0.0,0.0,0,4,6,4,2,16,59.26,0,46,30,65.22,9,32,27,16,72,63.16,54,233,194,427,133.2,10,0,751,3,3,0,Lucas Ahijado,Real Oviedo,597876,2851
14,3,15.0,134,15,75.0,223,109,332,80.0,19,31.67,41,27,0,0,0,1,37,3,13,6,3,19,27,0,0,25,8,118,0,1,1.13,8.08,39,1,11.59,0,8,8,24,19,5,7,1,,37,32.46,0,0,4,83,5,9,2,21,1815,7,1,0,0,2,0,50.0,0,1,0,0,183,14,0,6.66,0,6,0,0,0,0,0,0,226.88,33.33,3,51,18,27,36,5,25.0,0,16,9,56.25,9,28,20,20,56,32.18,20,282,133,415,179.8,69,2,693,16,4,0,Rafa Mir,Elche,825754,2846
22,7,46.67,102,21,32.81,258,279,537,84.7,16,53.33,14,23,1,0,0,0,44,1,0,1,5,67,22,0,0,5,12,43,0,0,0.43,0.12,11,0,0.0,0,0,1,17,14,3,0,0,,30,50.85,0,0,0,97,8,7,0,18,1560,0,3,0,0,0,0,0.0,0,0,0,0,145,1,0,6.66,0,0,0,0,0,0,0,0,0.0,0.0,0,1,2,2,0,1,50.0,0,24,14,58.33,7,41,2,15,46,51.69,64,316,318,634,146.5,3,0,910,5,0,0,Ricardo Rodríguez,Real Betis,67769,2816
5,4,28.57,95,2,50.0,163,83,246,81.46,10,19.61,41,29,3,0,0,0,65,3,8,5,1,24,29,0,0,36,15,131,0,0,0.9,5.09,19,0,6.06,0,2,5,29,26,3,2,0,,78,46.43,0,0,1,56,12,14,1,19,1710,4,4,0,0,0,0,0.0,0,0,0,1,182,9,0,6.66,0,1,0,0,0,0,0,0,855.0,0.0,0,27,6,14,14,18,47.37,0,29,20,68.97,14,6,38,14,88,40.18,4,209,93,302,193.1,33,1,650,31,2,0,Mateo Joseph,Mallorca,1170693,2826
8,0,0.0,59,14,73.68,104,59,163,81.91,9,26.47,25,12,1,0,0,0,20,0,2,5,0,2,12,0,0,14,3,61,0,1,0.36,1.75,15,0,11.76,0,2,3,14,13,1,2,0,,24,40.0,1,0,0,36,1,14,0,10,870,3,1,0,0,0,0,0.0,0,0,0,0,85,4,0,6.66,0,1,0,0,0,0,0,0,435.0,0.0,0,9,8,5,7,4,36.36,0,4,2,50.0,14,13,11,4,33,35.11,19,133,66,199,79.9,17,0,321,16,2,0,Neal Maupay,Sevilla,268903,2833
13,2,11.76,123,31,50.82,332,493,825,86.75,34,66.67,17,32,0,0,0,0,69,1,0,4,2,72,31,0,1,5,8,53,0,2,0.31,0.64,19,0,0.0,21,0,0,26,22,4,0,0,,46,56.1,0,0,0,126,15,2,0,18,1614,2,15,0,0,0,0,0.0,0,0,0,0,188,2,0,6.66,1,0,0,0,0,0,0,0,0.0,0.0,0,7,1,4,0,3,42.86,0,37,22,59.46,2,36,7,17,80,60.15,61,397,554,951,206.4,8,0,1274,6,2,0,Léo Pétrot,Elche,827504,2846
6,12,28.57,53,7,70.0,82,17,99,80.49,2,28.57,5,16,0,0,0,0,19,1,0,8,0,2,14,0,0,4,9,38,0,0,1.06,0.67,10,0,6.25,0,1,1,7,6,1,1,0,,21,38.89,0,0,0,24,2,10,0,4,365,0,0,0,0,0,0,0.0,0,0,0,0,81,3,0,6.66,0,1,0,0,0,0,0,0,365.0,0.0,0,6,10,4,4,7,36.84,0,6,5,83.33,10,13,19,42,23,37.7,10,101,22,123,93.2,16,0,261,8,0,0,Nico Serrano,Athletic Club,1019318,2825
4,5,19.23,80,9,45.0,162,123,285,84.07,11,55.0,9,24,0,0,0,0,54,2,0,3,1,32,22,0,0,13,16,68,0,0,0.77,0.3,16,0,0.0,0,0,0,18,16,2,0,0,,53,47.32,0,0,0,54,4,14,0,7,970,2,4,0,0,0,0,0.0,0,0,0,0,129,5,0,6.65,0,0,0,0,0,0,0,0,0.0,0.0,0,2,6,3,2,21,60.0,0,24,10,41.67,14,11,35,26,64,48.48,20,199,140,339,146.4,8,0,669,8,2,0,Jesús Vázquez,Valencia,996929,2828
5,6,13.04,114,6,22.22,179,55,234,75.0,12,50.0,12,13,1,0,0,0,45,3,0,3,2,20,13,0,0,12,7,71,0,0,0.91,0.52,20,0,12.5,1,1,2,13,10,3,1,0,,41,41.0,1,0,0,78,10,11,0,11,933,2,5,0,0,0,0,0.0,0,0,0,0,186,4,0,6.65,0,0,0,0,0,0,0,0,933.0,0.0,0,5,3,4,1,9,30.0,0,22,13,59.09,11,16,30,46,53,42.74,27,239,73,312,86.5,8,0,559,10,1,0,Tete Morente,Elche,605374,2846
39,0,0.0,59,60,37.97,248,892,1140,86.3,62,56.36,48,32,0,0,0,0,83,0,1,2,7,194,32,0,0,4,9,102,2,1,0.13,0.61,40,0,0.0,25,0,0,41,35,6,0,0,,65,54.62,0,0,0,181,29,2,0,29,2597,0,19,2,0,0,1,0.0,0,0,0,0,210,0,0,6.65,0,0,0,0,0,0,0,0,0.0,0.0,0,10,1,8,1,10,76.92,0,42,23,54.76,2,71,13,1,127,55.46,158,361,960,1321,212.9,11,0,1732,13,8,0,César Tárrega,Valencia,996928,2828
13,17,32.08,93,28,52.83,203,201,404,83.3,14,45.16,17,28,3,0,0,0,47,5,1,8,0,28,27,0,0,5,5,67,0,0,2.24,0.85,38,0,0.0,0,0,3,21,20,1,0,0,,40,44.44,0,0,0,81,10,23,0,14,1197,0,6,0,0,0,1,0.0,0,0,0,0,141,8,0,6.65,0,0,0,0,0,0,0,0,0.0,0.0,2,3,17,7,5,6,66.67,0,29,16,55.17,23,26,9,53,54,44.63,53,259,226,485,179.6,20,0,697,5,4,0,Gerard Gumbau,Rayo Vallecano,326471,2818
6,1,16.67,86,12,66.67,147,67,214,81.06,15,32.61,31,16,1,1,0,0,32,1,3,5,2,5,16,0,0,18,4,62,0,0,0.25,3.05,6,0,26.67,0,4,5,15,12,3,4,0,,18,36.73,1,0,0,50,5,5,1,12,1068,11,2,0,0,1,0,0.0,0,0,0,0,102,12,0,6.65,0,2,0,0,0,0,0,0,267.0,0.0,0,11,4,3,7,6,66.67,0,5,4,80.0,5,16,9,6,33,34.74,18,186,78,264,106.4,15,0,387,7,0,0,Borja Mayoral,Getafe,604954,2859
8,0,0.0,2,15,37.5,9,45,54,67.5,0,0.0,0,2,0,0,0,0,13,0,0,0,0,3,2,1,0,0,0,0,1,1,0.0,,0,0,0.0,10,0,0,4,4,0,0,0,-0.22,0,0.0,0,1,0,26,0,0,0,2,180,0,0,0,0,0,0,0.0,0,0,0,0,26,0,0,6.65,0,0,3,3,1,4,0,0,0.0,0.0,0,0,0,0,0,0,0.0,3,0,0,0.0,0,14,0,0,0,0.0,40,23,57,80,13.3,0,0,92,0,0,0,Horațiu Moldovan,Real Oviedo,857065,2851
0,0,0.0,4,1,16.67,15,24,39,81.25,0,0.0,2,3,0,0,0,0,3,0,0,0,0,4,2,0,0,1,1,6,0,0,0.04,,1,0,0.0,0,0,0,1,1,0,0,0,,5,55.56,0,0,0,9,2,2,0,1,147,0,0,0,0,0,0,0.0,0,0,0,0,14,1,0,6.65,0,0,0,0,0,0,0,0,0.0,0.0,0,0,0,0,0,0,0.0,0,4,1,25.0,2,5,1,0,5,45.45,6,22,26,48,13.3,0,0,72,1,1,0,Nacho Pérez,Levante UD,2049311,2849
0,0,0.0,1,0,0.0,7,4,11,73.33,2,66.67,1,2,0,0,0,0,1,0,0,1,0,0,2,0,0,0,0,2,0,0,0.0,0.07,1,0,0.0,0,0,0,0,0,0,0,0,,5,83.33,0,0,0,4,0,1,0,0,50,0,0,0,0,0,0,0.0,0,0,0,0,6,0,0,6.65,0,0,0,0,0,0,0,0,0.0,0.0,0,1,0,0,0,0,0.0,0,4,2,50.0,1,0,0,0,7,77.78,0,9,6,15,13.3,1,0,24,1,0,0,Mourad El Ghezouani,Elche,1010891,2846
15,0,0.0,43,24,45.28,157,297,454,90.08,7,63.64,4,14,0,0,0,0,32,0,0,0,1,34,14,0,0,6,0,18,0,1,0.09,0.05,8,0,0.0,0,0,0,11,10,1,0,0,,21,60.0,0,0,0,50,8,3,0,9,765,0,3,0,1,0,2,0.0,0,0,0,0,61,2,0,6.65,0,0,0,0,0,0,0,0,0.0,0.0,0,0,2,2,0,1,50.0,0,13,9,69.23,2,23,2,0,28,60.87,53,183,321,504,93.1,2,0,603,7,2,0,Manu Fernández,Celta Vigo,1630975,2821
1,0,0.0,24,5,33.33,41,81,122,83.56,1,33.33,2,5,0,0,0,0,20,0,0,1,0,7,4,0,0,1,3,9,0,0,0.03,0.02,0,0,0.0,0,0,0,5,5,0,0,0,,9,56.25,0,0,0,24,2,2,0,4,256,0,2,0,0,0,0,0.0,0,0,0,0,35,0,0,6.65,0,0,0,0,0,0,0,0,0.0,0.0,0,0,1,0,0,6,66.67,0,1,0,0.0,2,5,9,2,10,52.63,15,53,93,146,26.6,1,0,195,2,0,0,Mihailo Ristić,Celta Vigo,363774,2821
22,7,14.89,231,41,37.96,529,510,1039,80.92,50,71.43,20,35,0,0,0,0,120,0,2,4,3,95,35,0,0,16,46,161,0,1,0.9,1.91,69,0,4.76,0,1,1,49,47,2,1,0,,159,53.0,1,0,0,245,47,11,0,31,2788,3,9,0,0,0,2,0.0,0,0,0,0,415,5,0,6.65,0,0,0,0,0,0,0,0,2788.0,0.0,0,12,9,12,5,11,50.0,0,105,64,60.95,11,60,22,47,209,56.49,108,694,590,1284,232.7,21,0,2110,45,11,0,Jon Aramburu,Real Sociedad,1116388,2824
52,3,27.27,139,93,48.69,468,686,1154,85.54,31,44.29,39,31,0,0,0,0,130,3,2,4,4,143,31,0,1,15,23,113,2,2,0.78,1.23,38,0,5.88,0,1,1,44,36,8,0,1,,76,50.67,0,0,1,195,32,6,0,28,2563,1,13,0,0,0,1,0.0,0,0,0,0,261,4,0,6.65,1,1,0,0,0,0,0,0,2563.0,0.0,0,12,5,7,6,5,83.33,0,55,36,65.45,6,96,6,11,107,48.64,191,597,752,1349,206.1,17,2,1764,17,8,0,Dani Vivian,Athletic Club,910978,2825
19,20,32.79,101,26,48.15,214,210,424,79.25,16,66.67,8,25,1,0,0,0,65,4,1,4,1,37,23,0,0,8,12,64,0,1,2.48,0.79,24,0,0.0,0,0,1,19,17,2,0,0,,38,40.43,0,0,0,111,10,17,0,13,1347,0,1,0,1,0,0,0.0,0,0,0,0,218,1,0,6.65,0,0,0,0,0,0,0,0,0.0,0.0,0,6,5,4,3,8,34.78,0,17,11,64.71,16,35,23,61,54,45.76,54,286,249,535,152.9,11,0,906,13,7,0,Youssef Enriquez,Deportivo Alavés,1403364,2885
12,0,0.0,31,26,44.83,115,292,407,87.34,27,52.94,24,13,0,0,0,0,32,0,1,4,2,59,13,0,0,0,5,49,1,2,0.07,0.71,22,0,0.0,2,0,0,15,13,2,0,0,,35,58.33,0,0,0,59,5,0,0,11,943,1,5,0,0,0,1,0.0,0,0,0,0,70,0,0,6.65,1,0,0,0,0,0,0,0,0.0,0.0,0,10,0,4,2,1,100.0,0,13,5,38.46,0,29,1,1,62,55.86,58,157,309,466,86.4,10,0,610,21,2,1,Marcão,Sevilla,840951,2833
6,6,19.35,98,9,52.94,151,66,217,84.11,1,12.5,7,20,1,0,0,0,37,3,4,6,0,9,20,0,0,27,2,83,0,0,0.9,1.94,18,0,0.0,0,0,1,14,12,2,0,0,,74,49.33,0,0,0,41,2,13,0,9,897,1,2,0,0,0,0,0.0,0,0,0,0,166,6,0,6.65,0,0,0,0,0,0,0,0,0.0,0.0,1,14,10,10,8,14,31.82,0,24,15,62.5,13,12,44,31,75,47.47,17,186,72,258,132.9,24,0,530,36,3,0,Ilias Akhomach,Rayo Vallecano,1089108,2818
0,1,20.0,72,3,50.0,103,110,213,78.02,17,33.33,34,27,1,0,0,0,24,3,9,5,1,16,27,0,0,14,4,87,0,2,1.29,8.52,28,0,33.33,0,9,10,26,22,4,8,1,,31,36.9,0,0,0,60,3,12,5,27,1960,20,1,0,0,3,0,100.0,0,3,0,1,132,6,0,6.64,0,4,0,0,0,0,0,0,217.78,0.0,0,25,2,4,18,9,47.37,0,5,3,60.0,12,3,19,5,48,35.56,6,148,125,273,179.4,27,0,459,17,4,0,Vladyslav Vanat,Girona FC,976374,24264
51,0,0.0,79,80,42.55,237,451,688,76.53,79,58.52,56,34,1,0,0,0,99,1,0,1,9,212,34,0,0,5,10,103,0,1,0.41,0.86,32,0,7.69,0,1,2,35,27,8,1,0,,55,53.92,1,0,0,211,35,2,0,34,2928,3,16,1,0,0,2,0.0,0,0,0,0,229,1,0,6.64,0,0,0,0,0,0,0,0,2928.0,0.0,0,13,0,8,4,0,0.0,0,31,18,58.06,2,102,1,0,134,56.54,188,403,496,899,225.9,13,1,1302,24,12,0,Domingos Duarte,Getafe,576276,2859
9,7,25.0,77,9,52.94,144,61,205,80.71,2,15.38,11,16,4,0,0,0,40,4,0,3,0,3,16,0,0,24,9,80,1,0,2.4,0.54,7,0,0.0,0,0,4,16,13,3,0,0,,44,38.94,0,0,1,49,5,10,0,9,822,2,0,0,0,0,0,0.0,0,0,0,0,161,3,0,6.64,0,0,0,0,0,0,0,0,0.0,0.0,0,5,8,5,5,20,40.82,0,13,7,53.85,10,16,49,28,46,36.51,17,182,72,254,106.3,13,0,474,11,4,0,Thiago Fernández,Real Oviedo,1201412,2851
6,4,13.33,66,3,50.0,98,28,126,76.36,1,16.67,5,14,2,0,0,0,24,2,0,4,0,8,14,0,0,6,1,25,1,0,1.12,0.23,1,0,0.0,0,0,2,12,10,2,0,0,,20,50.0,0,0,0,39,1,11,0,7,629,5,0,0,1,0,0,0.0,0,0,0,0,103,4,0,6.64,0,0,0,0,0,0,0,0,0.0,0.0,0,4,2,2,0,12,50.0,0,2,0,0.0,10,12,24,30,21,45.65,6,124,41,165,93.0,6,0,283,6,0,0,Raúl Moro,Osasuna,980383,2820
7,1,9.09,91,6,50.0,179,145,324,90.25,10,55.56,8,19,0,0,0,0,35,1,1,1,1,5,19,0,0,9,10,55,0,0,0.54,1.11,18,0,15.38,0,2,2,7,5,2,2,0,,29,38.16,0,0,0,35,11,4,1,4,665,2,3,0,0,0,0,0.0,0,0,0,0,90,7,0,6.64,0,1,0,0,0,0,0,0,332.5,0.0,0,9,4,7,5,3,18.75,0,17,12,70.59,4,11,16,11,39,41.49,12,204,155,359,126.2,13,0,508,9,2,0,Conor Gallagher,Atlético Madrid,904970,2836
2,0,0.0,52,3,60.0,85,33,118,57.0,46,44.23,58,17,1,0,0,0,27,0,1,5,2,12,17,0,0,18,3,105,0,1,0.35,2.0,21,0,12.0,0,3,4,7,3,4,3,0,,38,44.71,0,0,1,89,4,5,2,14,1204,17,1,0,0,0,0,0.0,0,0,0,2,169,1,0,6.64,0,1,0,0,0,0,0,0,401.33,0.0,0,22,3,11,9,3,25.0,0,5,3,60.0,5,4,12,2,84,44.44,5,161,46,207,112.9,25,0,413,32,2,0,Luis Vázquez,Getafe,974713,2859
2,3,50.0,51,2,66.67,77,45,122,68.16,27,35.53,49,25,2,0,0,0,32,3,6,6,0,5,25,0,0,34,4,137,0,0,1.48,3.48,32,0,13.79,0,4,6,16,14,2,3,1,,42,32.31,3,0,0,57,1,10,0,10,1061,15,1,0,0,0,0,0.0,0,0,0,3,169,7,0,6.64,0,1,0,0,0,0,0,0,265.25,0.0,0,20,9,13,10,15,42.86,0,8,6,75.0,10,2,35,6,69,33.5,3,126,53,179,166.0,29,1,434,21,4,0,Umar Sadiq,Valencia,754710,2828
9,0,0.0,76,8,72.73,152,124,276,70.41,45,31.25,99,36,0,0,1,0,39,2,9,6,1,21,36,0,0,12,15,159,0,0,0.84,8.84,22,0,27.78,0,10,10,34,31,3,10,0,,57,48.72,3,0,2,116,4,17,6,22,1989,6,6,0,0,2,0,50.0,0,1,0,1,198,6,0,6.64,0,1,0,0,0,0,0,0,198.9,0.0,0,36,0,16,14,3,17.65,0,16,10,62.5,17,11,17,1,102,39.08,11,241,151,392,239.0,36,0,664,38,5,0,Hugo Duro,Valencia,909119,2828
4,12,25.53,133,7,50.0,219,89,308,75.68,14,37.84,23,31,4,0,0,0,68,7,1,11,0,9,31,0,1,35,14,152,0,0,2.37,2.33,22,0,6.25,0,2,6,31,28,3,2,0,,88,40.55,0,0,1,99,7,30,1,19,1804,2,2,0,0,0,1,0.0,0,0,0,2,298,17,0,6.64,1,1,0,0,0,0,0,0,902.0,0.0,4,15,17,5,16,49,44.55,0,15,10,66.67,30,21,110,47,102,40.16,14,295,112,407,205.8,32,0,844,24,0,0,Jan Virgili,Mallorca,1939173,2826
5,6,21.43,117,14,56.0,232,163,395,88.96,7,35.0,13,13,1,0,0,0,34,0,1,1,2,22,13,0,0,8,5,38,0,0,0.63,0.83,7,0,16.67,0,1,2,10,7,3,1,0,,36,59.02,0,0,0,49,7,5,1,10,933,1,4,0,0,0,0,0.0,0,0,0,0,104,3,0,6.64,1,0,0,0,0,0,0,0,933.0,0.0,0,3,3,3,2,3,33.33,0,19,12,63.16,5,8,9,28,43,53.09,25,261,183,444,86.3,6,0,674,14,0,1,Fran García,Real Madrid,851271,2829
4,6,23.08,34,6,42.86,54,37,91,74.59,8,66.67,4,9,2,0,0,0,23,4,1,0,0,2,9,0,0,8,2,35,0,0,0.96,0.47,9,0,0.0,0,0,2,8,8,0,0,0,,24,43.64,0,0,1,31,4,8,0,6,426,5,0,0,0,0,0,0.0,0,0,0,0,87,2,0,6.63,0,0,0,0,0,0,0,0,0.0,0.0,2,2,9,7,4,5,26.32,0,7,4,57.14,8,10,19,26,32,47.76,14,82,40,122,59.7,11,0,241,12,4,0,Cyril Ngonge,Espanyol,877037,2814
1,1,25.0,5,2,50.0,11,1,12,63.16,0,0.0,2,4,1,0,0,0,4,1,0,1,1,4,3,0,0,3,3,16,0,0,0.01,0.02,7,0,0.0,0,0,1,1,1,0,0,0,,11,44.0,0,0,0,7,2,1,0,1,120,0,0,0,0,0,0,0.0,0,0,0,0,17,1,0,6.63,0,0,0,0,0,0,0,0,0.0,0.0,0,0,1,0,0,2,66.67,0,6,5,83.33,1,1,3,4,11,40.74,4,16,3,19,19.9,1,0,55,3,2,0,Ismael Bekhoucha,Getafe,1895964,2859
5,2,40.0,27,8,36.36,71,138,209,88.19,5,50.0,5,15,0,0,0,0,18,0,1,0,2,25,15,0,0,1,2,13,0,0,0.23,0.39,4,0,0.0,0,0,0,7,7,0,0,0,,8,50.0,0,0,0,28,4,2,0,7,660,0,6,0,0,0,1,0.0,0,0,0,0,47,0,0,6.63,0,0,0,0,0,0,0,0,0.0,0.0,0,1,0,1,0,2,66.67,0,4,3,75.0,2,11,3,5,13,50.0,22,88,149,237,99.5,1,0,328,2,2,0,Juan Cruz,Osasuna,814360,2820
26,13,19.7,125,27,24.11,212,165,377,63.9,22,43.14,29,28,0,0,0,0,73,1,0,3,4,59,27,0,0,6,24,87,0,2,1.04,0.33,22,0,0.0,1,0,0,22,19,3,0,0,,88,60.27,0,0,0,213,31,11,0,18,1767,1,3,0,0,0,0,0.0,0,0,0,0,355,4,0,6.63,0,0,0,0,0,0,0,0,0.0,0.0,0,3,8,7,1,6,40.0,0,47,31,65.96,11,77,15,66,110,55.84,112,376,214,590,179.1,11,0,1177,35,4,0,Diego Rico,Getafe,350560,2859
31,19,21.59,202,33,39.29,380,395,775,83.87,23,57.5,17,32,2,0,0,0,106,3,1,4,5,86,32,0,1,6,19,85,1,1,2.49,0.81,31,0,7.69,0,1,3,37,33,4,1,0,,100,59.52,0,0,2,149,23,25,1,31,2461,3,7,0,0,0,0,0.0,0,0,0,0,288,9,0,6.63,1,0,0,0,0,0,0,0,2461.0,0.0,0,9,4,6,3,11,45.83,0,69,43,62.32,25,64,24,88,123,59.13,84,480,444,924,212.2,13,2,1520,20,6,0,José Luis Gayà,Valencia,227922,2828
3,0,0.0,24,3,75.0,43,26,69,76.67,9,34.62,17,18,1,0,0,0,8,2,5,2,0,9,18,0,0,7,2,39,0,0,0.47,3.38,11,0,14.29,0,3,4,10,9,1,3,0,,12,35.29,1,0,1,21,2,4,0,5,593,10,0,0,0,0,0,0.0,0,0,0,0,44,3,0,6.63,0,2,0,0,0,0,0,0,197.67,0.0,0,19,2,10,9,1,25.0,0,2,2,100.0,4,3,4,2,21,35.0,4,60,30,90,119.3,21,0,177,9,1,0,Cédric Bakambu,Real Betis,115665,2816
1,6,20.0,56,1,50.0,91,28,119,83.22,6,46.15,7,22,0,0,0,0,25,0,3,6,0,12,22,0,0,14,6,49,0,0,0.62,2.59,7,0,11.76,0,2,2,12,8,4,2,0,,20,32.26,0,0,0,24,3,9,0,4,683,2,0,0,0,0,0,0.0,0,0,0,0,94,2,0,6.63,0,2,0,0,0,0,0,0,341.5,0.0,0,12,5,7,4,11,40.74,0,6,4,66.67,9,4,27,30,26,34.67,2,108,35,143,145.8,17,0,306,3,0,0,Jones El-Abdellaoui,Celta Vigo,1173575,2821
9,3,75.0,104,22,56.41,230,243,473,86.47,14,51.85,13,25,0,0,0,0,55,0,0,3,2,18,23,0,0,13,9,44,2,1,0.44,0.7,11,0,0.0,0,0,0,13,13,0,0,0,,32,50.79,0,0,0,74,14,8,0,8,930,0,4,0,0,0,1,0.0,0,0,0,0,106,7,0,6.63,0,0,0,0,0,0,0,0,0.0,0.0,0,3,8,6,2,8,80.0,0,18,6,33.33,8,20,10,4,46,51.11,39,281,266,547,152.4,11,0,697,6,1,0,Thomas Partey,Villarreal,316148,2819
3,0,0.0,5,10,58.82,24,107,131,92.91,7,50.0,7,4,0,0,0,0,8,0,0,0,1,22,4,0,0,0,1,16,0,0,0.01,,9,0,0.0,0,0,0,5,5,0,0,0,,6,40.0,0,0,0,10,3,0,0,4,298,0,1,0,0,0,1,0.0,0,0,0,0,12,0,0,6.63,0,0,0,0,0,0,0,0,0.0,0.0,0,0,0,0,0,0,0.0,0,5,3,60.0,0,4,0,0,13,44.83,17,31,110,141,26.5,0,0,179,1,0,0,Fábio Cardoso,Sevilla,252815,2833
0,1,25.0,5,1,25.0,7,8,15,62.5,0,0.0,2,4,0,0,0,0,5,0,0,0,0,2,4,0,0,1,0,4,0,0,0.02,0.18,1,0,0.0,0,0,0,1,1,0,0,0,,9,81.82,0,0,0,9,0,0,0,0,63,0,0,0,0,0,0,0.0,0,0,0,0,15,1,0,6.63,0,0,0,0,0,0,0,0,0.0,0.0,0,2,2,3,1,2,100.0,0,4,1,25.0,0,1,2,4,9,69.23,4,15,9,24,26.5,4,0,49,3,0,0,Miguel Sierra,Sevilla,2509247,2833
13,0,0.0,25,27,41.54,64,166,230,78.5,11,68.75,5,8,0,0,0,0,14,0,0,0,0,14,8,0,0,1,1,9,0,1,0.04,0.1,2,0,0.0,6,0,0,8,8,0,0,0,,9,69.23,0,0,0,63,2,1,0,5,438,1,2,0,0,0,0,0.0,0,0,0,0,71,0,0,6.63,0,0,0,0,0,0,0,0,0.0,0.0,0,3,0,3,0,1,100.0,0,3,1,33.33,1,33,1,2,20,68.97,65,104,189,293,53.0,3,0,343,5,1,0,Marash Kumbulla,Mallorca,893642,2826
6,3,42.86,85,21,53.85,202,174,376,82.64,15,55.56,12,25,1,0,0,0,42,2,0,1,0,27,25,0,0,12,12,51,0,2,0.46,0.24,11,0,20.0,0,1,2,14,13,1,1,0,,22,36.07,0,0,1,79,7,6,1,2,680,0,2,0,0,0,0,0.0,0,0,0,0,110,3,0,6.62,1,0,0,0,0,0,0,0,680.0,0.0,0,2,3,3,1,5,50.0,0,12,8,66.67,6,15,10,7,37,42.05,39,255,200,455,165.6,5,0,580,5,2,1,Ander Guevara,Deportivo Alavés,891931,2885
22,0,0.0,73,39,35.45,299,717,1016,88.12,48,45.71,57,25,1,0,0,0,67,1,0,2,2,149,25,0,0,1,7,104,0,2,0.45,0.26,38,0,0.0,25,0,1,37,35,2,0,0,,43,47.78,0,0,0,137,22,5,0,23,2088,0,13,0,0,0,0,0.0,0,0,0,0,152,2,0,6.62,0,0,0,0,0,0,0,0,0.0,0.0,0,5,1,3,1,1,25.0,0,38,21,55.26,5,61,4,0,91,46.67,110,409,744,1153,165.6,6,0,1455,5,9,0,Igor Zubeldia,Real Sociedad,838159,2824
47,3,75.0,109,50,41.67,321,538,859,85.56,36,57.14,27,21,0,0,0,0,51,0,3,2,2,112,21,0,0,3,8,60,1,1,0.61,1.54,20,0,0.0,26,0,0,32,27,5,0,0,,44,57.14,0,0,0,145,22,5,0,19,1768,2,16,1,0,0,2,0.0,0,0,0,0,161,3,0,6.62,0,0,0,0,0,0,0,0,0.0,0.0,0,12,1,11,0,7,77.78,0,26,16,61.54,5,90,9,4,80,57.14,120,425,579,1004,139.1,13,0,1274,11,5,0,José Copete,Valencia,913695,2828
12,13,18.84,130,22,36.67,263,313,576,80.0,21,63.64,12,27,0,0,0,0,82,2,0,3,3,70,26,0,0,4,8,42,1,2,1.07,0.05,10,0,0.0,0,0,0,32,28,4,0,0,,50,62.5,0,0,0,144,33,17,0,18,1726,9,6,0,0,0,0,0.0,0,0,0,0,280,1,0,6.62,0,0,0,0,0,0,0,0,0.0,0.0,0,1,2,0,0,8,47.06,0,34,17,50.0,17,29,17,69,71,62.83,60,349,371,720,172.2,3,0,1239,8,2,0,Abdel Rahim,Real Oviedo,1120504,2851
7,0,0.0,13,11,25.0,95,204,299,84.46,24,54.55,20,10,0,0,0,0,25,0,1,1,1,68,10,0,0,0,3,35,0,0,0.07,0.35,13,0,0.0,0,0,0,11,9,2,0,0,,16,51.61,0,0,0,55,7,0,0,8,792,2,9,0,0,0,0,0.0,0,0,0,0,64,0,0,6.62,0,0,0,0,0,0,0,0,0.0,0.0,0,7,1,3,4,0,0.0,0,13,8,61.54,0,22,0,1,40,53.33,44,135,219,354,66.2,8,0,480,3,3,0,Facundo Garcés,Deportivo Alavés,879875,2885
25,47,23.5,285,27,44.26,432,159,591,76.95,31,36.47,54,31,3,0,0,0,96,7,7,12,2,18,31,0,0,45,22,184,1,1,5.56,4.47,27,0,4.55,0,2,5,31,25,6,1,1,,88,40.37,0,0,1,177,13,49,1,25,2164,6,1,1,0,0,0,0.0,0,0,0,0,476,20,0,6.62,0,1,0,0,0,0,0,0,1082.0,0.0,0,37,7,12,20,23,38.98,0,28,17,60.71,49,58,59,200,119,39.27,61,577,191,768,205.1,44,1,1375,38,4,0,Álex Berenguer,Athletic Club,592012,2825
7,1,11.11,86,4,50.0,158,96,254,69.78,59,32.78,121,38,3,0,0,0,57,6,8,13,4,26,38,0,0,35,14,215,0,1,2.71,9.31,40,0,11.86,0,7,10,35,30,5,6,1,,63,40.13,3,0,1,110,7,18,0,25,2387,9,5,0,0,1,0,100.0,0,1,0,1,247,17,0,6.62,0,4,0,0,0,0,0,0,341.0,0.0,0,50,9,23,23,9,39.13,0,12,6,50.0,18,13,23,9,122,36.2,8,246,118,364,251.4,59,0,752,46,3,0,Roberto Fernández,Espanyol,1392592,2814
21,6,24.0,162,14,46.67,233,98,331,74.55,14,38.89,22,28,2,0,0,0,64,1,4,6,1,4,28,0,0,15,16,80,0,2,1.72,3.81,16,0,16.0,0,4,6,32,28,4,4,0,,56,49.12,1,0,0,113,7,26,0,11,1305,13,0,0,0,1,0,100.0,0,1,0,0,219,10,0,6.61,0,3,0,0,0,0,0,0,326.25,0.0,1,20,5,10,9,8,36.36,0,22,13,59.09,26,53,22,25,70,46.67,30,320,124,444,185.2,25,0,694,26,3,0,Alexis Sánchez,Sevilla,34120,2833
26,5,12.2,131,44,40.37,323,422,745,81.15,22,52.38,20,29,0,0,0,0,81,0,5,5,6,79,29,0,0,9,21,91,0,3,0.78,2.23,24,0,0.0,0,0,0,32,26,6,0,0,,84,54.19,0,0,1,173,31,7,0,27,2277,1,7,0,0,0,0,0.0,0,0,0,0,282,2,0,6.61,0,0,0,0,0,0,0,0,0.0,0.0,0,12,4,8,3,14,45.16,0,45,30,66.67,7,70,31,41,106,53.81,109,442,476,918,191.7,16,0,1492,27,4,0,Nacho Vidal,Real Oviedo,844752,2851
5,1,4.76,25,1,16.67,49,32,81,77.14,1,33.33,2,12,0,0,0,0,23,2,0,7,0,4,11,0,0,9,4,33,0,0,0.57,0.5,6,0,0.0,0,0,0,6,4,2,0,0,,19,38.0,0,0,0,24,2,6,0,4,476,1,1,0,0,0,0,0.0,0,0,0,0,80,4,0,6.61,0,0,0,0,0,0,0,0,0.0,0.0,0,7,5,1,4,9,39.13,0,4,1,25.0,6,5,23,21,20,37.74,6,67,38,105,72.7,12,0,217,6,2,0,Paco Cortés,Levante UD,1869106,2849
9,1,100.0,26,11,57.89,53,59,112,82.35,6,50.0,6,13,0,0,0,0,6,0,0,1,0,14,13,0,0,2,1,19,0,0,0.27,0.23,8,0,0.0,0,0,0,6,5,1,0,0,,13,50.0,0,0,0,24,3,3,0,3,338,0,5,0,0,0,0,0.0,0,0,0,0,34,1,0,6.61,1,0,0,0,0,0,0,0,0.0,0.0,0,3,0,0,2,0,0.0,0,11,6,54.55,3,12,2,1,19,50.0,19,73,63,136,85.9,3,0,195,2,0,1,Carlos Benavídez,Deportivo Alavés,873717,2885
9,1,50.0,40,7,70.0,75,73,148,71.84,45,52.94,40,16,0,0,0,1,28,0,4,4,1,12,16,0,0,21,2,83,0,1,0.33,3.03,11,0,8.33,0,2,2,17,15,2,2,0,,32,42.67,1,0,0,58,1,5,0,13,1037,12,1,0,0,1,0,0.0,0,0,0,0,121,2,0,6.61,0,1,0,0,0,0,0,0,518.5,0.0,0,19,5,15,5,9,47.37,0,3,0,0.0,5,14,19,2,77,48.13,10,122,84,206,105.7,24,0,376,21,2,0,Salomón Rondón,Real Oviedo,35532,2851
9,12,16.22,187,11,57.89,305,247,552,83.26,21,38.18,34,36,2,0,0,0,114,3,7,19,2,11,36,0,1,36,29,222,1,0,1.52,6.82,53,0,7.5,0,6,8,39,32,7,5,1,,124,39.74,1,0,2,111,5,18,2,30,2458,18,5,0,0,0,0,0.0,0,0,0,1,372,16,0,6.61,1,3,0,0,0,0,0,0,409.67,0.0,0,49,31,26,35,34,31.78,0,49,35,71.43,18,16,107,74,145,39.51,19,383,280,663,237.8,80,0,1280,41,2,0,Ilyas Chaira,Real Oviedo,1008037,2851
13,5,22.73,111,7,41.18,175,82,257,83.17,4,30.77,9,25,1,0,0,0,51,1,4,8,0,7,25,0,0,17,16,75,0,0,1.21,2.16,8,0,4.17,0,1,2,11,11,0,1,0,,38,36.54,0,0,2,52,5,14,0,7,838,1,0,0,0,0,0,0.0,0,0,0,0,131,9,0,6.6,0,1,0,0,0,0,0,0,838.0,0.0,0,14,10,9,7,11,28.21,0,16,10,62.5,14,17,39,22,42,35.9,17,214,95,309,165.1,24,0,505,11,2,0,Rodrigo Riquelme,Real Betis,989113,2816
2,11,16.42,174,6,33.33,262,82,344,69.35,30,46.88,34,30,6,0,0,0,67,7,12,18,1,14,30,0,0,34,12,149,0,0,3.45,6.39,28,0,5.26,0,3,9,34,27,7,3,0,,47,29.01,0,0,1,152,8,26,0,25,2168,10,2,0,1,1,0,100.0,0,1,0,2,359,15,0,6.6,0,3,0,0,0,0,0,0,722.67,0.0,0,48,9,19,20,12,21.82,0,12,9,75.0,25,12,55,67,77,34.07,18,394,102,496,198.1,57,1,912,23,2,0,Iñaki Williams,Athletic Club,783374,2825
14,7,23.33,77,11,50.0,127,70,197,76.95,9,31.03,20,29,2,0,0,0,35,4,0,3,0,7,28,0,0,24,10,88,0,0,1.06,1.5,15,0,6.67,0,1,3,21,17,4,1,0,,53,43.8,0,0,1,59,11,16,1,12,1062,1,5,0,0,0,0,0.0,0,0,0,0,157,8,0,6.6,0,0,0,0,0,0,0,0,1062.0,0.0,2,7,8,9,3,9,32.14,0,22,9,40.91,16,24,28,30,62,41.33,22,179,77,256,184.8,15,0,512,22,0,0,Ramón Terrats,Espanyol,1088565,2814
0,0,0.0,1,0,0.0,2,2,4,66.67,0,0.0,0,1,1,0,0,0,1,0,0,0,0,0,1,0,0,0,0,2,0,0,0.07,,0,0,0.0,0,0,1,1,1,0,0,0,,1,33.33,0,0,0,2,0,1,0,0,14,0,0,0,0,0,0,0.0,0,0,0,0,4,0,0,6.6,0,0,0,0,0,0,0,0,0.0,0.0,0,0,0,0,0,0,0.0,0,1,1,100.0,1,0,2,0,1,33.33,0,4,2,6,6.6,0,0,12,0,0,0,Alex Sanchez,Elche,2216007,2846
7,6,23.08,44,11,50.0,90,90,180,81.82,6,37.5,10,12,1,0,0,0,27,1,0,0,0,15,11,0,0,7,6,32,0,0,0.51,,7,0,0.0,0,0,1,10,9,1,0,0,,19,46.34,0,0,0,40,6,4,0,7,599,0,3,0,0,0,0,0.0,0,0,0,0,81,3,0,6.6,0,0,0,0,0,0,0,0,0.0,0.0,0,0,0,0,0,7,77.78,0,10,8,80.0,4,12,9,26,25,43.86,22,116,104,220,72.6,0,0,365,3,3,0,Toni Lato,Mallorca,828239,2826
0,0,0.0,0,0,0.0,0,0,0,0.0,0,0.0,1,1,0,0,0,0,0,0,0,0,0,0,1,0,0,0,0,3,0,0,,,0,0,0.0,0,0,0,0,0,0,0,0,,2,50.0,0,0,0,0,0,0,0,0,12,0,0,0,0,0,0,0.0,0,0,0,0,3,0,0,6.6,0,0,0,0,0,0,0,0,0.0,0.0,0,0,0,0,0,0,0.0,0,0,0,0.0,0,0,2,0,2,40.0,0,0,0,0,6.6,0,0,7,2,0,0,Álex Sola,Getafe,966836,2859
0,0,0.0,1,1,100.0,5,6,11,84.62,0,0.0,0,1,0,0,0,0,3,0,0,0,0,0,1,0,0,1,0,1,0,0,0.0,,0,0,0.0,0,0,0,0,0,0,0,0,,0,0.0,0,0,0,2,0,0,0,0,25,0,0,0,0,0,0,0.0,0,0,0,0,6,1,0,6.6,0,0,0,0,0,0,0,0,0.0,0.0,0,0,0,0,0,0,0.0,0,0,0,0.0,0,0,0,3,0,0.0,1,6,7,13,6.6,0,0,18,0,0,0,Jairo Izquierdo,Elche,602164,2846
1,0,0.0,0,2,100.0,4,6,10,83.33,0,0.0,0,1,0,0,0,0,0,0,0,0,0,0,1,0,0,0,0,0,0,0,0.0,,0,0,0.0,0,0,0,0,0,0,0,0,,0,0.0,0,0,0,2,0,0,0,0,13,0,0,0,0,0,0,0.0,0,0,0,0,2,0,0,6.6,0,0,0,0,0,0,0,0,0.0,0.0,0,0,0,0,0,0,0.0,0,0,0,0.0,0,1,0,0,0,0.0,2,5,7,12,6.6,0,0,14,0,0,0,Borja Sánchez,Real Oviedo,758666,2851
0,0,0.0,1,0,0.0,1,3,4,66.67,0,0.0,0,2,0,0,0,0,0,0,0,0,0,1,1,0,0,0,2,2,0,0,0.0,,0,0,0.0,0,0,0,0,0,0,0,0,,1,33.33,0,0,0,2,0,0,0,0,12,0,0,0,0,0,0,0.0,0,0,0,0,2,0,0,6.6,0,0,0,0,0,0,0,0,0.0,0.0,0,0,0,0,0,0,0.0,0,1,0,0.0,0,0,0,0,1,33.33,1,3,3,6,6.6,0,0,8,0,0,0,Jorge Cestero,Real Madrid,1590121,2829
9,6,23.08,66,16,64.0,105,47,152,72.73,0,0.0,5,14,0,0,0,0,25,3,0,1,0,1,14,0,0,3,6,26,0,0,1.12,0.29,7,0,0.0,0,0,0,14,13,1,0,0,,22,51.16,0,0,0,57,3,11,0,6,483,0,0,0,0,0,1,0.0,0,0,0,0,99,3,0,6.6,0,0,0,0,0,0,0,0,0.0,0.0,0,3,6,5,3,4,36.36,0,12,7,58.33,11,17,11,26,22,45.83,25,149,60,209,92.4,9,0,314,6,1,0,Josip Brekalo,Real Oviedo,357598,2851
1,0,0.0,12,1,33.33,31,33,64,91.43,2,50.0,2,5,0,0,0,0,6,0,0,0,0,3,5,0,0,0,7,14,0,0,0.03,0.25,6,0,0.0,0,0,0,1,1,0,0,0,,7,36.84,0,0,0,6,2,1,0,1,169,0,1,0,0,0,0,0.0,0,0,0,0,7,1,0,6.6,0,0,0,0,0,0,0,0,0.0,0.0,0,1,1,2,0,0,0.0,0,5,4,80.0,1,3,0,0,9,39.13,3,35,35,70,33.0,2,0,87,2,2,0,Javi Morcillo,Atlético Madrid,1832076,2836
0,0,0.0,5,0,0.0,8,4,12,92.31,0,0.0,0,2,0,0,0,0,3,0,0,0,0,2,2,0,0,0,0,0,0,0,0.08,0.09,0,0,0.0,0,0,0,1,1,0,0,0,,0,0.0,0,0,0,1,0,0,0,1,41,1,1,0,0,0,0,0.0,0,0,0,0,2,0,0,6.6,0,0,0,0,0,0,0,0,0.0,0.0,0,1,1,1,1,0,0.0,0,0,0,0.0,0,0,0,0,0,0.0,0,9,4,13,13.2,2,0,20,0,0,0,Donny van de Beek,Girona FC,361790,24264
3,0,0.0,23,4,57.14,58,61,119,88.15,3,60.0,2,11,0,0,0,0,9,0,0,0,0,7,11,0,1,0,1,13,0,0,0.05,0.07,8,0,0.0,0,0,0,6,5,1,0,0,,10,47.62,0,0,0,16,5,1,0,1,217,0,0,0,0,0,0,0.0,0,0,0,0,23,0,0,6.6,1,0,0,0,0,0,0,0,0.0,0.0,0,1,0,1,0,0,0.0,0,6,3,50.0,1,4,2,0,13,50.0,7,69,66,135,72.6,1,0,176,5,0,0,Federico Redondo,Elche,1117026,2846
1,0,0.0,8,0,0.0,24,8,32,82.05,0,0.0,0,5,0,0,0,0,8,0,0,0,0,2,4,0,0,0,1,2,0,0,0.02,0.06,1,0,0.0,0,0,0,1,0,1,0,0,,6,75.0,0,0,0,7,2,0,0,0,78,0,0,0,0,0,0,0.0,0,0,0,0,10,1,0,6.6,0,0,0,0,0,0,0,0,0.0,0.0,0,0,1,1,0,1,100.0,0,5,0,0.0,0,1,1,0,6,75.0,0,28,11,39,26.4,1,0,57,0,1,0,Carlos Maciá,Villarreal,2238900,2819
0,0,0.0,10,1,25.0,19,9,28,90.32,1,100.0,0,2,0,0,0,0,2,0,0,0,0,1,2,0,0,0,1,2,0,0,0.01,0.05,2,0,0.0,0,0,0,1,1,0,0,0,,2,50.0,0,0,0,3,0,0,0,0,41,0,1,0,0,0,0,0.0,0,0,0,0,4,0,0,6.6,0,0,0,0,0,0,0,0,0.0,0.0,0,0,1,1,0,1,100.0,0,1,0,0.0,0,0,1,1,3,60.0,4,21,10,31,13.2,1,0,40,0,0,0,Miguel Calatayud,Mallorca,2588613,2826
1,0,0.0,19,1,100.0,42,20,62,89.86,0,0.0,0,4,0,0,0,0,6,0,0,1,0,1,3,0,0,1,2,6,0,0,0.07,0.05,2,0,0.0,0,0,0,3,3,0,0,0,,9,60.0,0,0,0,7,0,0,0,1,95,0,0,1,0,0,0,0.0,0,0,0,0,12,0,0,6.6,0,0,0,0,0,0,0,0,0.0,0.0,0,1,1,0,1,1,50.0,0,4,3,75.0,0,1,2,0,9,60.0,1,48,21,69,19.8,2,0,88,4,0,0,Manuel Ángel Morán,Real Madrid,1142683,2829
0,0,0.0,8,1,100.0,13,10,23,95.83,0,0.0,1,3,0,0,0,0,9,0,0,1,0,1,3,0,0,1,0,8,0,0,0.01,0.04,3,0,0.0,0,0,0,0,0,0,0,0,,5,41.67,0,0,0,1,1,1,0,0,60,0,0,0,0,0,0,0.0,0,0,0,0,17,1,0,6.6,0,0,0,0,0,0,0,0,0.0,0.0,0,0,1,0,0,4,57.14,0,1,1,100.0,1,0,7,5,5,38.46,1,14,10,24,19.8,1,0,54,0,0,0,Luca Koleosho,Espanyol,1216282,2814
0,0,0.0,5,0,0.0,11,2,13,92.86,1,100.0,0,2,0,0,0,0,1,0,0,0,0,1,2,0,0,0,2,5,0,0,0.01,0.02,2,0,0.0,0,0,0,0,0,0,0,0,,4,44.44,0,0,0,1,0,0,0,0,28,0,0,0,0,0,0,0.0,0,0,0,0,6,0,0,6.6,0,0,0,0,0,0,0,0,0.0,0.0,0,1,0,0,1,1,50.0,0,2,2,100.0,0,0,2,3,5,50.0,0,12,2,14,13.2,1,0,26,1,0,0,Jano Monserrate,Atlético Madrid,1832286,2836
4,9,25.0,49,2,22.22,109,51,160,74.77,3,27.27,8,26,0,0,0,0,41,2,1,8,0,8,26,0,0,6,9,63,0,0,1.36,2.34,13,0,4.35,0,1,1,21,17,4,1,0,,52,48.6,0,0,0,54,6,15,0,9,921,2,0,0,0,0,0,0.0,0,0,0,0,150,3,0,6.6,0,1,0,0,0,0,0,0,921.0,0.0,0,15,8,8,7,16,37.21,0,9,6,66.67,15,12,43,36,55,46.61,9,150,64,214,171.5,23,0,436,27,1,0,Jofre Carreras,Espanyol,1019236,2814
12,0,0.0,63,18,64.29,138,79,217,76.68,14,58.33,10,23,0,0,0,0,38,0,1,0,0,10,21,0,0,6,12,38,0,2,0.19,0.15,8,0,0.0,0,0,0,13,12,1,0,0,,32,53.33,0,0,0,66,9,4,0,1,459,0,0,0,0,0,0,0.0,0,0,0,0,89,7,0,6.6,0,0,0,0,0,0,0,0,0.0,0.0,0,1,2,3,0,7,77.78,0,18,11,61.11,4,31,9,4,46,54.76,28,190,93,283,138.5,3,0,384,7,0,0,Mikel Vesga,Athletic Club,359742,2825
7,6,42.86,33,5,41.67,54,22,76,71.03,9,50.0,9,16,0,0,0,0,13,0,2,4,0,7,14,0,0,5,4,25,0,0,0.62,1.61,6,0,12.5,0,1,1,4,3,1,1,0,,11,40.74,0,0,0,31,5,9,0,3,394,2,0,0,0,1,0,100.0,0,1,0,0,59,3,0,6.59,0,1,0,0,0,0,0,0,394.0,0.0,1,6,2,2,2,0,0.0,0,4,3,75.0,9,18,2,14,20,44.44,12,80,27,107,92.3,8,0,183,8,4,0,Chimy Ávila,Real Betis,789381,2816
3,2,22.22,124,9,52.94,201,105,306,78.26,25,35.71,45,27,2,0,0,0,50,4,7,12,1,13,27,0,0,34,8,125,0,0,1.49,4.05,26,0,2.94,0,1,3,21,19,2,0,1,,77,49.04,0,0,2,85,4,13,0,16,1366,4,1,0,0,0,0,0.0,0,0,0,1,200,7,0,6.59,0,1,0,0,0,0,0,0,1366.0,0.0,0,26,8,13,9,16,51.61,0,22,11,50.0,13,9,31,9,102,44.93,17,264,127,391,178.0,34,0,702,39,1,0,Lucas Beltrán,Valencia,962029,2828
14,0,0.0,89,29,67.44,234,355,589,86.75,14,45.16,17,26,0,0,0,0,82,0,0,3,3,36,26,0,1,17,16,80,0,3,0.25,0.36,30,0,0.0,0,0,0,26,18,8,0,0,,42,40.0,0,0,1,90,15,3,0,21,1689,0,6,0,0,0,0,0.0,0,0,0,0,124,4,0,6.59,1,0,0,0,0,0,0,0,0.0,0.0,0,2,7,4,2,4,80.0,0,34,21,61.76,3,24,5,2,56,41.18,43,292,387,679,171.4,9,0,871,4,3,0,Kwasi Sibo,Real Oviedo,905639,2851
5,13,23.64,135,5,20.83,281,194,475,85.59,13,54.17,11,24,1,0,0,0,46,2,0,0,2,39,24,0,0,11,16,60,0,1,1.45,0.25,14,0,0.0,0,0,1,26,22,4,0,0,,61,55.45,0,0,0,80,16,16,0,15,1359,0,2,0,0,0,0,0.0,0,0,0,0,187,4,0,6.59,0,0,0,0,0,0,0,0,0.0,0.0,0,2,3,4,1,12,60.0,0,37,25,67.57,16,18,20,55,74,55.22,24,340,215,555,158.2,5,0,983,12,3,0,Andoni Gorosabel,Athletic Club,866810,2825
5,5,25.0,68,6,66.67,105,62,167,83.92,2,15.38,11,10,0,0,0,1,33,2,6,0,0,3,9,0,0,5,5,39,0,0,0.83,3.47,11,0,13.33,0,2,2,13,9,4,2,0,,15,34.88,1,0,0,32,3,10,0,8,678,0,1,0,0,2,0,50.0,0,1,0,0,77,6,0,6.59,0,1,0,0,0,0,0,0,339.0,0.0,0,12,3,6,9,5,35.71,0,4,2,50.0,10,7,14,20,17,30.36,9,132,67,199,59.3,15,0,311,6,2,0,Javi Puado,Espanyol,891511,2814
1,2,100.0,23,4,40.0,48,44,92,85.19,1,33.33,2,8,0,0,0,0,9,0,0,0,0,3,8,0,0,1,2,9,0,0,0.22,0.05,4,0,0.0,0,0,0,2,2,0,0,0,,7,50.0,0,0,0,16,0,2,0,2,279,0,0,0,0,0,0,0.0,0,0,0,0,27,0,0,6.59,0,0,0,0,0,0,0,0,0.0,0.0,0,1,1,2,0,1,100.0,0,3,1,33.33,2,2,1,2,8,47.06,10,60,48,108,52.7,2,0,147,3,2,0,Manu Bueno,Sevilla,1142094,2833
0,1,14.29,5,1,33.33,9,10,19,59.38,2,40.0,3,7,1,0,0,0,9,1,0,2,0,4,7,0,0,2,0,11,0,0,0.24,0.11,3,0,0.0,0,0,1,2,2,0,0,0,,7,46.67,0,0,0,13,0,2,0,2,217,0,0,0,0,0,0,0.0,0,0,0,0,33,0,0,6.59,0,0,0,0,0,0,0,0,0.0,0.0,0,3,0,1,0,1,25.0,0,3,2,66.67,2,3,4,7,9,45.0,3,19,13,32,46.1,3,0,80,3,0,0,Marc Domenech,Mallorca,1914318,2826
12,1,7.14,45,12,85.71,72,26,98,80.33,0,0.0,3,13,1,0,0,0,15,1,0,6,0,1,12,0,0,6,1,22,0,0,0.37,0.41,6,0,0.0,0,0,1,4,3,1,0,0,,12,38.71,0,0,0,24,4,2,0,3,291,0,0,0,0,0,0,0.0,0,0,0,0,62,5,0,6.58,0,0,0,0,0,0,0,0,0.0,0.0,2,3,7,3,1,3,33.33,0,7,4,57.14,2,15,9,14,12,35.29,14,90,32,122,79.0,10,0,209,2,0,0,Dani Raba,Valencia,873947,2828
22,0,0.0,106,51,38.35,268,359,627,78.67,46,59.74,31,34,0,0,0,0,109,0,0,2,8,145,34,0,2,11,10,85,0,2,0.21,0.13,35,0,0.0,2,0,0,29,24,5,0,0,,69,56.1,0,0,0,170,35,2,0,32,2585,0,10,0,0,0,0,0.0,0,0,0,1,221,3,0,6.58,2,0,0,0,0,0,0,0,0.0,0.0,0,2,2,2,0,9,90.0,0,36,24,66.67,2,57,10,11,115,57.5,133,400,397,797,223.8,4,0,1175,26,10,0,Djené,Getafe,307702,2859
12,0,0.0,107,16,57.14,173,88,261,72.1,13,41.94,18,30,2,0,0,0,49,3,5,12,1,15,30,0,0,14,9,77,0,0,1.52,4.26,15,0,5.41,0,2,4,23,20,3,2,0,,35,37.23,0,0,0,101,6,10,1,17,1431,19,3,0,0,0,0,0.0,0,0,0,0,186,13,0,6.58,0,1,0,0,0,0,0,0,715.5,0.0,0,29,8,10,15,7,23.33,0,16,11,68.75,10,23,30,13,48,38.4,28,245,117,362,197.4,37,0,577,12,1,0,Pablo Durán,Celta Vigo,1398524,2821
23,4,17.39,199,22,64.71,317,167,484,81.34,19,38.78,30,28,0,0,0,0,66,0,7,11,0,9,28,0,1,31,8,111,0,1,1.57,6.47,28,0,8.33,0,4,4,25,23,2,4,0,,69,46.0,0,0,0,111,4,27,1,22,1803,0,2,0,0,2,0,100.0,0,2,0,1,234,15,0,6.58,1,3,0,0,0,0,0,0,450.75,0.0,0,39,9,22,15,16,53.33,0,25,15,60.0,27,38,30,23,88,44.22,34,400,195,595,184.2,48,2,904,28,4,0,Oihan Sancet,Athletic Club,966801,2825
3,0,0.0,7,0,0.0,16,8,24,66.67,5,38.46,8,8,0,0,0,0,3,0,2,0,0,0,8,0,0,2,2,15,0,0,0.11,0.15,2,0,50.0,0,1,1,4,4,0,1,0,,4,36.36,0,0,0,12,0,3,0,0,176,3,0,0,0,0,0,0.0,0,0,0,0,21,0,0,6.58,0,1,0,0,0,0,0,0,176.0,0.0,0,2,0,1,1,1,50.0,0,2,0,0.0,3,4,2,0,9,37.5,2,25,11,36,52.6,2,0,61,1,0,0,Juanmi,Getafe,96369,2859
2,2,33.33,23,2,50.0,60,64,124,89.21,2,33.33,4,4,1,0,0,0,14,1,0,1,2,1,4,0,0,0,5,16,0,0,0.43,0.03,4,0,0.0,0,0,1,4,4,0,0,0,,16,57.14,0,0,0,15,4,6,0,4,311,1,0,0,0,0,0,0.0,0,0,0,0,30,1,0,6.58,0,0,0,0,0,0,0,0,0.0,0.0,0,1,0,0,0,7,70.0,0,6,3,50.0,6,3,10,6,18,52.94,4,69,70,139,26.3,1,0,217,3,2,0,Julio Díaz,Atlético Madrid,1402990,2836
15,0,0.0,39,23,37.7,91,146,237,83.16,7,36.84,12,7,0,0,0,0,28,0,0,0,1,33,7,0,0,0,0,15,0,0,0.19,0.12,3,0,0.0,0,0,0,9,9,0,0,0,,6,66.67,0,0,0,48,13,3,0,6,514,0,2,0,0,0,1,0.0,0,0,0,0,55,0,0,6.57,0,0,0,0,0,0,0,0,0.0,0.0,0,1,0,1,0,0,0.0,0,1,1,100.0,3,31,1,2,13,46.43,61,135,150,285,46.0,1,0,361,5,0,0,Yeray Álvarez,Athletic Club,807648,2825
1,1,100.0,14,0,0.0,20,11,31,57.41,7,46.67,8,11,0,0,0,0,10,1,1,5,0,4,10,0,0,11,1,28,0,0,0.23,1.02,2,0,10.0,0,1,1,5,5,0,1,0,,14,41.18,0,0,0,23,1,1,0,2,239,3,0,0,0,0,0,0.0,0,0,0,0,44,1,0,6.57,0,1,0,0,0,0,0,0,239.0,0.0,0,8,2,1,4,9,60.0,0,4,3,75.0,1,2,15,1,21,42.86,1,37,17,54,65.7,10,0,116,1,1,0,Goduine Koyalipou,Levante UD,891505,2849
3,0,0.0,3,1,12.5,10,19,29,61.7,3,50.0,3,3,0,0,0,0,7,0,0,0,0,4,3,0,0,0,1,10,0,0,0.0,,4,0,0.0,0,0,0,2,1,1,0,0,,5,41.67,0,0,0,18,3,0,0,2,151,0,3,0,0,0,0,0.0,0,0,0,0,22,0,0,6.57,0,0,0,0,0,0,0,0,0.0,0.0,0,0,0,0,0,0,0.0,0,5,3,60.0,0,7,2,0,8,44.44,8,23,24,47,19.7,0,0,77,0,0,0,Damián Cáceres,Getafe,1398521,2859
0,0,0.0,16,1,100.0,33,7,40,85.11,2,66.67,1,4,0,0,0,0,3,0,0,0,0,0,3,0,0,2,1,5,0,0,0.05,,1,0,0.0,0,0,0,1,1,0,0,0,,6,60.0,0,0,0,7,0,2,0,1,90,1,0,0,0,0,0,0.0,0,0,0,0,10,0,0,6.57,0,0,0,0,0,0,0,0,0.0,0.0,0,0,0,0,0,4,100.0,0,1,0,0.0,2,0,4,0,8,61.54,1,37,10,47,19.7,0,0,60,1,0,0,Dro Fernández,FC Barcelona,1926085,2817
0,0,0.0,4,0,0.0,12,5,17,73.91,1,100.0,0,3,0,0,0,0,5,0,0,0,0,0,3,0,0,1,0,2,0,0,0.01,0.02,1,0,0.0,0,0,0,1,1,0,0,0,,6,75.0,0,0,0,6,0,0,0,1,79,1,0,0,0,0,0,0.0,0,0,0,0,15,0,0,6.57,0,0,0,0,0,0,0,0,0.0,0.0,0,1,0,1,0,2,100.0,0,2,1,50.0,0,0,2,4,7,77.78,2,14,9,23,19.7,1,0,43,2,0,0,Alejandro Mestanza,Getafe,1520814,2859
16,5,16.67,85,16,37.21,163,134,297,78.78,5,41.67,7,30,0,0,0,0,68,3,1,0,0,22,30,0,0,19,18,66,0,1,0.99,0.4,16,0,0.0,0,0,0,21,18,3,0,0,,36,37.89,0,0,0,80,12,12,0,9,1088,1,3,0,0,0,0,0.0,0,0,0,0,152,4,0,6.56,1,0,0,0,0,0,0,0,0.0,0.0,0,3,3,3,3,5,41.67,0,21,12,57.14,12,29,12,30,41,38.32,43,222,155,377,196.9,6,0,588,10,3,1,Antonio Sánchez,Mallorca,949722,2826
26,6,33.33,167,25,59.52,324,225,549,85.38,7,24.14,22,24,1,0,0,0,60,2,1,7,0,13,24,0,0,22,8,97,0,1,1.11,1.62,30,0,5.88,0,1,2,23,21,2,1,0,,59,44.03,0,0,1,94,4,15,0,14,1231,2,2,0,0,0,0,0.0,0,0,0,0,188,7,0,6.56,0,1,0,0,0,0,0,0,1231.0,0.0,0,5,12,6,4,20,54.05,0,16,11,68.75,15,48,37,18,66,40.49,42,387,256,643,157.5,17,0,888,23,6,0,Rodrigo Mendoza,Atlético Madrid,1391752,2836
5,7,14.58,97,5,50.0,156,94,250,82.24,1,5.0,19,29,1,0,0,0,85,3,3,3,0,7,29,0,0,16,14,83,0,0,1.4,2.24,18,0,11.76,0,2,3,17,16,1,2,0,,44,40.74,0,0,1,54,2,13,0,12,1250,6,2,0,0,0,0,0.0,0,0,0,0,167,14,0,6.56,0,2,0,0,0,0,0,0,625.0,0.0,0,11,6,6,8,14,46.67,0,15,11,73.33,13,8,30,48,45,35.16,10,193,111,304,190.3,17,0,554,15,4,0,Fran Pérez,Rayo Vallecano,966637,2818
13,1,14.29,150,16,57.14,239,112,351,67.24,78,40.84,113,35,3,0,0,0,59,7,10,19,1,18,35,0,0,15,18,217,0,0,1.87,10.46,49,0,11.9,0,10,13,37,31,6,10,0,,56,35.0,2,0,2,171,12,26,1,28,2371,11,2,0,0,1,0,100.0,0,1,0,0,292,18,0,6.56,1,7,0,0,0,0,0,0,237.1,0.0,0,72,12,33,32,7,20.59,0,19,6,31.58,26,22,34,7,134,38.18,28,381,141,522,229.6,84,1,921,30,4,1,Gorka Guruzeta,Athletic Club,605672,2825
0,4,30.77,51,1,25.0,75,33,108,81.82,2,25.0,6,20,0,0,0,0,25,0,2,6,1,7,20,0,0,18,5,56,0,0,0.4,1.75,10,0,11.76,0,2,2,10,9,1,2,0,,17,25.37,0,0,0,24,2,9,0,7,655,1,0,0,0,0,0,0.0,0,0,0,0,90,2,0,6.56,0,2,0,0,0,0,0,0,327.5,0.0,0,11,6,1,10,6,26.09,0,3,1,33.33,9,2,23,13,19,25.33,4,92,40,132,131.2,17,0,272,8,0,0,Alfon González,Villarreal,1468090,2819
4,0,0.0,56,8,61.54,142,115,257,88.32,14,51.85,13,21,0,0,0,0,32,0,1,1,1,18,20,0,0,6,4,42,0,0,0.13,0.73,18,0,16.67,0,1,1,17,12,5,1,0,,24,45.28,0,0,0,34,7,1,0,6,683,0,1,0,0,0,0,0.0,0,0,0,0,76,1,0,6.56,0,1,0,0,0,0,0,0,683.0,0.0,0,4,2,3,2,2,33.33,0,16,12,75.0,1,4,6,0,38,47.5,13,162,129,291,131.2,6,0,440,6,3,0,John Donald,Elche,1094758,2846
5,0,0.0,5,24,36.92,13,85,98,70.5,1,100.0,0,5,0,0,0,0,34,0,0,0,1,6,5,0,0,1,0,1,1,0,0.01,,0,0,0.0,24,0,0,8,4,4,0,0,-1.52,0,0.0,0,0,0,41,0,0,0,5,450,0,0,0,0,0,0,0.0,1,0,0,0,43,0,0,6.56,0,0,2,6,5,11,0,1,0.0,0.0,0,0,0,0,0,0,0.0,2,0,0,0.0,0,6,0,0,1,50.0,65,47,92,139,32.8,0,0,174,0,1,0,Ørjan Nyland,Sevilla,22209,2833
18,39,31.45,274,22,42.31,489,236,725,85.29,14,41.18,20,34,4,0,0,0,83,6,2,11,0,22,34,0,0,36,25,131,1,1,3.41,2.71,38,0,0.0,0,0,4,35,33,2,0,0,,86,43.65,0,0,0,125,10,38,0,23,1995,1,2,0,0,0,0,0.0,0,0,0,0,298,7,0,6.56,0,0,0,0,0,0,0,0,0.0,0.0,0,17,13,14,5,13,46.43,0,37,24,64.86,38,42,28,124,100,43.29,52,579,271,850,223.0,30,0,1290,36,5,0,Carles Aleñá,Deportivo Alavés,794937,2885
19,6,14.63,145,18,36.0,300,229,529,81.64,14,37.84,23,24,2,0,0,0,56,3,0,3,2,27,24,0,0,10,6,74,0,1,1.87,0.35,28,0,0.0,0,0,2,24,22,2,0,0,,64,55.65,0,0,0,119,17,13,0,17,1394,4,0,0,0,0,1,0.0,0,0,0,0,221,6,0,6.56,0,0,0,0,0,0,0,0,0.0,0.0,0,4,1,1,1,8,50.0,0,31,23,74.19,13,38,16,41,78,51.32,50,381,267,648,157.4,5,0,1026,25,4,0,Thierry Correia,Valencia,851282,2828
23,14,20.0,196,29,29.9,371,378,749,81.5,21,41.18,30,33,2,0,0,0,106,3,1,3,7,82,33,0,0,14,33,132,0,1,1.83,0.77,35,0,7.69,0,1,3,45,37,8,1,0,,114,52.78,1,0,0,170,32,17,0,31,2818,2,5,0,0,0,0,0.0,0,0,0,0,339,8,0,6.56,0,0,0,0,0,0,0,0,2818.0,0.0,0,10,3,6,4,12,36.36,0,81,54,66.67,17,64,33,70,135,50.56,97,487,432,919,216.4,13,0,1631,21,8,0,Manuel Sánchez,Levante UD,984789,2849
19,10,23.81,150,24,43.64,247,218,465,77.37,18,48.65,19,28,1,0,0,0,100,2,1,1,2,44,28,0,0,12,15,77,2,0,1.35,0.69,21,0,12.5,0,1,2,24,18,6,1,0,,57,49.57,0,0,0,136,34,17,0,25,2020,5,2,0,0,0,0,0.0,0,0,0,0,246,6,0,6.56,0,1,0,0,0,0,0,0,2020.0,0.0,0,5,3,4,3,7,35.0,0,39,22,56.41,17,44,20,42,75,49.34,55,351,250,601,183.6,8,0,1050,11,6,0,Kiko Femenía,Getafe,53739,2859
4,0,0.0,30,5,26.32,54,62,116,70.3,18,58.06,13,17,0,0,0,0,17,1,0,0,0,18,14,0,1,0,3,33,0,0,0.11,0.39,15,0,16.67,0,1,1,8,6,2,0,1,,6,23.08,0,0,0,49,4,3,0,2,372,0,4,0,0,0,0,0.0,0,0,0,0,63,2,0,6.56,1,1,0,0,0,0,0,0,372.0,0.0,0,5,1,3,3,0,0.0,0,6,2,33.33,3,12,2,4,24,42.11,19,95,70,165,91.8,6,0,234,1,1,0,Asier Osambela,Osasuna,1399702,2820
1,1,9.09,7,2,50.0,16,16,32,71.11,0,0.0,4,9,0,0,0,0,15,0,0,2,0,4,9,0,0,3,0,13,0,0,0.14,0.13,4,0,0.0,0,0,0,4,2,2,0,0,,3,25.0,0,0,0,13,3,2,0,0,171,1,0,0,0,0,0,0.0,0,0,0,0,35,1,0,6.56,0,0,0,0,0,0,0,0,0.0,0.0,0,3,0,1,0,0,0.0,0,2,1,50.0,2,1,2,11,3,18.75,4,25,20,45,59.0,3,0,83,1,0,0,Sheraldo Becker,Osasuna,352544,2820
1,0,0.0,33,2,50.0,91,55,146,92.41,2,50.0,2,5,0,0,0,0,12,0,0,0,0,1,4,0,0,0,0,5,1,0,0.07,,2,0,0.0,0,0,0,2,2,0,0,0,,4,57.14,0,0,0,12,2,0,0,3,206,0,0,0,0,0,0,0.0,0,0,0,0,15,2,0,6.55,0,0,0,0,0,0,0,0,0.0,0.0,0,0,0,0,0,2,66.67,0,1,1,100.0,0,2,3,0,6,54.55,4,95,63,158,26.2,0,0,182,1,0,0,Ferland Mendy,Real Madrid,792073,2829
2,0,0.0,9,1,100.0,14,6,20,80.0,0,0.0,1,2,0,0,0,0,4,0,0,0,0,1,2,0,0,0,0,7,0,0,0.05,0.15,1,0,0.0,0,0,0,1,1,0,0,0,,5,45.45,0,0,0,5,1,2,0,1,93,1,0,0,0,0,0,0.0,0,0,0,0,19,0,0,6.55,0,0,0,0,0,0,0,0,0.0,0.0,0,1,0,1,0,2,28.57,0,3,1,33.33,2,2,7,3,5,41.67,1,18,7,25,13.1,1,0,51,0,0,0,Job Ochieng,Real Sociedad,1111081,2824
1,0,0.0,4,1,50.0,21,16,37,75.51,2,100.0,0,2,0,0,0,0,4,0,0,0,0,0,2,0,0,1,1,8,0,0,0.01,0.03,5,0,0.0,0,0,0,0,0,0,0,0,,4,33.33,0,0,0,12,2,2,0,1,85,0,0,0,0,0,0,0.0,0,0,0,0,16,1,0,6.55,0,0,0,0,0,0,0,0,0.0,0.0,0,0,1,1,0,1,50.0,0,3,2,66.67,2,5,2,0,6,42.86,2,28,21,49,13.1,1,0,65,0,1,0,Beñat Prados,Athletic Club,1012409,2825
3,6,13.95,79,2,25.0,125,64,189,68.98,36,30.51,82,28,0,0,0,0,53,0,2,10,3,7,28,0,0,26,20,194,0,0,0.34,2.08,39,0,11.54,0,3,3,18,15,3,1,2,,85,43.15,0,0,1,85,4,4,2,21,1723,16,2,0,0,0,0,0.0,0,0,0,1,270,12,0,6.55,1,1,0,0,0,0,0,0,574.33,0.0,0,15,11,6,10,15,34.09,0,28,21,75.0,4,5,44,43,121,38.41,8,196,78,274,183.3,26,1,669,43,3,1,Adrian Liso,Getafe,1515554,2859
9,6,15.79,210,22,56.41,385,267,652,84.9,13,50.0,13,34,1,0,0,0,102,3,1,15,2,15,34,0,0,21,29,97,0,0,1.59,1.73,20,0,0.0,0,0,1,31,27,4,0,0,,66,44.0,0,0,1,116,8,23,0,21,1881,0,1,0,0,0,0,0.0,0,0,0,0,232,12,0,6.54,0,0,0,0,0,0,0,0,0.0,0.0,1,10,34,23,6,15,50.0,0,38,25,65.79,23,22,30,38,79,44.89,39,477,291,768,222.5,44,0,1090,13,3,0,Pedro Díaz,Rayo Vallecano,900669,2818
10,2,18.18,52,7,36.84,95,34,129,68.98,4,40.0,6,17,0,0,0,0,25,0,0,0,0,6,16,0,0,7,2,27,0,0,0.8,0.36,9,0,0.0,0,0,0,7,7,0,0,0,,14,40.0,0,0,0,58,7,7,0,4,560,0,1,0,0,0,0,0.0,0,0,0,0,91,3,0,6.54,0,0,0,0,0,0,0,0,0.0,0.0,0,4,9,7,6,4,57.14,0,8,5,62.5,7,19,7,11,18,40.0,19,143,44,187,104.7,13,0,285,2,0,0,Javier Muñoz,Getafe,353154,2859
3,1,8.33,43,7,41.18,104,104,208,84.9,10,50.0,10,12,0,0,0,0,20,1,0,0,0,13,12,0,0,3,1,47,0,2,0.11,0.1,23,0,0.0,0,0,0,9,7,2,0,0,,30,44.78,0,0,0,37,8,1,0,8,557,0,1,0,0,0,0,0.0,0,0,0,0,79,0,0,6.54,0,0,0,0,0,0,0,0,0.0,0.0,0,1,0,1,0,4,23.53,0,21,12,57.14,1,14,17,12,40,45.98,17,129,116,245,78.5,1,0,405,7,3,0,Buba Sangaré,Elche,1542721,2846
0,0,0.0,23,0,0.0,39,17,56,62.22,15,34.88,28,10,0,0,0,0,5,0,3,4,0,6,10,0,0,5,2,41,0,0,0.07,1.8,6,0,13.33,0,2,2,7,6,1,2,0,,10,43.48,0,0,0,34,2,2,0,6,587,3,0,0,0,0,0,0.0,0,0,0,0,61,1,0,6.54,0,1,0,0,0,0,0,0,293.5,0.0,0,12,3,6,5,1,50.0,0,4,1,25.0,2,2,2,0,25,37.88,3,69,21,90,65.4,15,0,161,5,1,0,Ibrahim Diabaté,Deportivo Alavés,1084043,2885
0,2,16.67,87,3,42.86,158,88,246,83.67,7,36.84,12,20,0,0,0,0,27,2,2,9,0,9,20,0,0,18,6,72,0,1,0.63,1.18,15,0,6.25,0,1,1,14,9,5,0,1,,42,41.18,0,0,0,48,4,10,1,13,929,5,3,0,0,0,1,0.0,0,0,0,0,130,1,0,6.54,0,0,0,0,0,0,0,0,929.0,0.0,0,8,8,5,2,10,31.25,0,14,4,28.57,10,6,32,12,49,40.5,7,199,95,294,130.8,16,0,508,19,3,0,Grady Diangana,Elche,848512,2846
4,0,0.0,51,6,50.0,101,100,201,80.08,19,51.35,18,24,0,0,0,0,29,0,1,4,1,12,23,0,1,8,6,48,0,0,0.1,0.82,15,0,10.0,0,1,1,12,11,1,1,0,,20,40.0,0,0,0,50,6,2,1,4,712,0,3,0,0,0,0,0.0,0,0,0,0,68,1,0,6.54,2,0,0,0,0,0,0,0,712.0,0.0,0,4,6,2,4,5,83.33,0,13,6,46.15,2,4,6,2,39,44.83,12,134,117,251,150.4,10,0,352,2,2,1,Charles Pickel,Espanyol,758664,2814
15,17,28.33,115,29,34.52,261,330,591,79.65,14,35.9,25,25,1,0,0,0,104,2,1,4,3,55,25,0,1,10,13,105,0,0,1.45,0.48,38,0,0.0,0,0,1,28,24,4,0,0,,85,51.52,0,0,0,151,20,18,0,20,1726,2,2,0,1,0,0,0.0,0,0,0,0,299,2,0,6.54,1,0,0,0,0,0,0,0,0.0,0.0,0,4,3,2,1,18,45.0,0,43,23,53.49,17,43,40,60,99,48.53,84,332,410,742,163.4,7,0,1309,26,3,0,Javi López,Real Oviedo,945404,2851
8,5,26.32,82,2,15.38,161,163,324,84.6,14,66.67,7,12,1,0,0,0,27,2,0,2,0,35,12,0,0,5,8,35,1,0,0.72,0.46,11,0,0.0,0,0,1,15,9,6,0,0,,36,56.25,0,0,0,59,10,8,0,10,832,1,1,0,0,0,0,0.0,0,0,0,0,103,0,0,6.53,0,0,0,0,0,0,0,0,0.0,0.0,0,5,0,3,0,4,50.0,0,24,13,54.17,8,17,8,19,50,58.82,13,194,189,383,78.4,5,0,614,8,2,0,Junior Firpo,Real Betis,914835,2816
0,0,0.0,0,0,0.0,2,29,31,86.11,0,0.0,0,3,0,0,0,0,3,0,0,0,0,4,3,0,0,0,0,2,0,0,0.0,,2,0,0.0,0,0,0,1,1,0,0,0,,1,33.33,0,0,0,5,2,0,0,1,78,0,2,0,0,0,0,0.0,0,0,0,0,5,0,0,6.53,0,0,0,0,0,0,0,0,0.0,0.0,0,0,0,0,0,0,0.0,0,0,0,0.0,0,1,0,0,1,33.33,4,5,31,36,19.6,0,0,47,1,0,0,Abdul Mumin,Rayo Vallecano,846147,2818
2,13,25.0,169,8,42.11,268,166,434,83.78,4,23.53,13,29,3,0,0,0,79,6,3,12,0,11,29,0,0,46,18,144,1,0,2.75,2.9,20,0,0.0,0,0,3,21,19,2,0,0,,101,43.53,0,0,0,84,9,21,0,20,1597,6,1,0,0,0,0,0.0,0,0,0,0,284,9,0,6.53,0,0,0,0,0,0,0,0,0.0,0.0,0,20,7,8,7,33,40.74,0,31,19,61.29,21,10,81,52,105,42.17,19,333,185,518,189.4,27,0,953,37,6,0,Bryan Gil,Girona FC,910026,24264
1,2,14.29,39,0,0.0,63,26,89,74.17,8,27.59,21,20,0,0,0,0,22,2,5,2,0,4,20,0,0,12,3,52,0,0,1.12,1.95,9,0,5.88,0,1,1,11,9,2,1,0,,26,45.61,0,0,0,31,2,3,1,8,681,8,0,0,0,0,0,0.0,0,0,0,0,89,1,0,6.53,0,0,0,0,0,0,0,0,681.0,0.0,0,16,1,13,2,2,18.18,0,14,10,71.43,3,3,11,14,34,39.53,2,83,37,120,130.6,17,0,249,10,2,0,Takuma Asano,Mallorca,309546,2826
42,28,37.33,177,56,33.33,392,482,874,77.28,13,28.89,32,37,4,0,0,0,97,11,0,4,8,93,37,0,0,10,22,109,0,0,4.06,0.97,33,0,11.11,0,1,5,56,48,8,1,0,,92,54.44,0,0,0,257,31,28,0,37,3173,2,16,1,0,0,1,0.0,0,0,0,0,402,7,0,6.53,0,1,0,0,0,0,0,0,3173.0,0.0,0,4,5,4,1,6,31.58,0,67,39,58.21,28,125,19,75,105,49.07,168,591,540,1131,241.6,9,1,1846,19,8,0,Jeremy Toljan,Levante UD,149606,2849
9,17,32.69,98,12,33.33,196,157,353,83.85,7,30.43,16,27,1,0,0,0,37,4,1,5,0,40,26,0,0,5,12,74,1,0,1.75,0.56,18,0,8.33,1,1,2,27,22,5,1,0,,48,45.28,0,0,0,68,14,23,1,8,1092,1,2,0,0,0,0,0.0,0,0,0,0,168,4,0,6.53,0,0,0,0,0,0,0,0,1092.0,0.0,0,6,6,4,3,5,17.86,0,34,18,52.94,23,19,28,52,55,42.64,36,239,182,421,169.7,12,0,759,9,4,0,Adrià Pedrosa,Elche,928672,2846
14,5,19.23,77,14,63.64,127,45,172,79.63,2,28.57,5,17,0,0,0,0,16,3,2,6,0,1,16,0,0,3,5,32,0,0,1.26,1.02,9,0,0.0,0,0,0,13,13,0,0,0,,13,32.5,0,0,0,44,2,10,0,3,448,4,0,0,0,0,0,0.0,0,0,0,0,97,3,0,6.53,0,0,0,0,0,0,0,0,0.0,0.0,0,6,8,5,3,1,8.33,0,10,5,50.0,10,22,12,26,15,31.91,22,161,55,216,104.4,14,0,334,2,2,0,Arsen Zakharyan,Real Sociedad,1066045,2824
3,1,20.0,46,3,42.86,82,45,127,68.65,19,32.76,39,26,0,0,0,0,19,0,5,6,1,13,25,0,0,16,9,89,0,0,0.24,3.66,23,0,15.38,0,4,4,12,9,3,4,0,,39,43.82,2,0,0,58,1,7,1,11,1149,4,2,0,0,0,0,0.0,0,0,0,0,147,2,0,6.52,0,1,0,0,0,0,0,0,287.25,0.0,0,20,6,8,12,7,53.85,0,5,2,40.0,7,5,13,5,58,39.46,7,131,54,185,163.1,26,0,381,27,3,0,Alemão,Rayo Vallecano,981604,2818
6,0,0.0,32,19,25.68,79,312,391,82.49,17,54.84,14,19,1,0,0,0,55,2,0,4,1,78,19,0,1,3,3,30,0,1,0.43,0.62,7,0,12.5,34,1,2,22,17,5,1,0,,31,65.96,1,0,0,83,6,4,0,10,957,0,6,0,0,0,0,0.0,0,0,0,0,104,2,0,6.52,1,0,0,0,0,0,0,0,957.0,0.0,0,7,1,3,1,0,0.0,0,21,13,61.9,4,21,3,0,48,61.54,74,150,324,474,123.9,8,0,645,10,0,0,Alan Matturro,Levante UD,1177401,2849
1,0,0.0,9,1,100.0,25,23,48,90.57,0,0.0,0,5,0,0,0,0,4,0,0,1,0,0,5,0,0,1,2,8,0,0,0.06,0.17,4,0,0.0,0,0,0,1,1,0,0,0,,8,50.0,0,0,0,5,3,1,0,0,87,0,0,0,0,0,0,0.0,0,0,0,0,12,0,0,6.52,0,0,0,0,0,0,0,0,0.0,0.0,0,2,0,1,0,2,66.67,0,3,2,66.67,1,1,3,1,8,50.0,1,29,24,53,32.6,2,0,78,3,0,0,César Palacios,Real Madrid,1402688,2829
1,0,0.0,17,1,33.33,29,14,43,71.67,3,33.33,6,13,0,0,0,0,13,1,2,2,0,1,12,0,0,2,4,19,0,0,0.3,1.26,5,0,9.09,0,1,1,4,4,0,1,0,,4,23.53,1,0,2,17,0,2,0,1,189,0,0,0,0,0,0,0.0,0,0,0,0,35,8,0,6.52,0,0,0,0,0,0,0,0,189.0,0.0,1,8,3,4,5,1,33.33,0,2,0,0.0,2,1,3,2,7,26.92,3,41,19,60,78.2,11,0,108,1,2,0,Urko Izeta,Athletic Club,1430667,2825
5,1,9.09,57,5,50.0,112,61,173,77.23,12,37.5,20,21,1,0,0,0,53,1,1,6,0,3,20,0,0,18,6,73,0,0,0.34,1.16,16,0,0.0,0,0,1,19,17,2,0,0,,61,53.51,0,0,1,51,15,6,0,17,1151,1,0,0,0,0,0,0.0,0,0,0,0,132,7,0,6.52,0,0,0,0,0,0,0,0,0.0,0.0,0,12,9,12,3,15,48.39,0,23,11,47.83,6,13,31,11,73,50.0,10,149,75,224,130.3,21,0,449,23,3,0,Kareem Tunde,Levante UD,1649919,2849
7,8,33.33,65,10,33.33,131,127,258,83.77,8,44.44,10,21,0,0,0,0,29,0,1,0,0,35,21,0,0,3,17,46,0,0,0.52,0.48,7,0,16.67,0,1,1,19,19,0,1,0,,33,47.83,0,0,0,50,5,5,1,9,885,0,1,0,0,0,0,0.0,0,0,0,0,108,1,0,6.51,0,0,0,0,0,0,0,0,885.0,0.0,0,3,3,4,2,4,30.77,0,28,18,64.29,5,15,13,24,41,47.13,30,160,148,308,136.8,6,0,533,3,1,0,Aihen Muñoz,Real Sociedad,966441,2824
0,2,20.0,16,1,20.0,29,19,48,78.69,1,33.33,2,16,0,0,0,0,7,0,2,0,0,4,14,0,0,4,1,15,0,0,0.14,0.49,4,0,0.0,0,0,0,4,4,0,0,0,,9,40.91,0,0,0,13,0,1,0,1,224,0,0,0,0,0,0,0.0,0,0,0,0,35,1,0,6.51,0,0,0,0,0,0,0,0,0.0,0.0,0,5,0,3,2,1,20.0,0,5,2,40.0,1,1,5,10,10,40.0,5,38,23,61,91.1,5,0,110,3,0,0,Javi Llabrés,Mallorca,1162309,2826
4,2,66.67,32,4,80.0,48,23,71,63.39,22,41.51,31,27,2,0,0,0,17,3,6,3,0,8,25,0,0,21,6,82,1,0,0.48,3.38,11,0,12.5,0,2,4,15,14,1,2,0,,24,32.0,0,0,0,41,1,6,1,9,922,10,3,0,0,0,0,0.0,0,0,0,0,109,3,0,6.5,0,1,0,0,0,0,0,0,461.0,0.0,0,13,3,6,7,9,40.91,0,7,5,71.43,6,4,22,3,46,35.94,5,80,32,112,162.6,16,0,272,8,1,0,Tani Oluwaseyi,Villarreal,1172477,2819
5,4,17.39,63,5,38.46,107,61,168,75.68,17,35.42,31,26,1,0,0,0,29,0,3,5,0,6,25,0,0,9,7,68,0,1,0.97,2.14,12,0,4.35,0,1,2,24,19,5,1,0,,24,39.34,0,0,1,54,1,8,1,12,949,4,1,0,0,0,0,0.0,0,0,0,0,118,7,0,6.5,0,0,0,0,0,0,0,0,949.0,0.0,0,18,5,11,7,6,40.0,0,13,8,61.54,8,12,15,23,41,37.61,13,152,70,222,162.5,23,0,383,6,1,0,Unai Gómez,Athletic Club,1391375,2825
12,6,42.86,44,10,35.71,99,85,184,76.35,6,35.29,11,18,0,0,0,0,29,1,0,1,0,30,18,0,0,4,14,45,1,0,0.35,0.3,15,0,25.0,0,1,1,18,16,2,1,0,,33,49.25,0,0,0,57,7,3,0,9,736,1,3,0,0,0,1,0.0,0,0,0,0,99,4,0,6.5,0,1,0,0,0,0,0,0,736.0,0.0,0,3,1,1,2,4,66.67,0,19,7,36.84,3,23,6,14,39,46.43,28,135,106,241,117.0,4,0,419,10,2,0,Mateu Morey,Mallorca,879543,2826
7,0,0.0,76,12,63.16,190,177,367,90.17,2,20.0,8,10,2,0,0,0,28,2,0,2,0,5,10,0,0,7,22,54,0,3,0.38,0.41,12,0,0.0,0,0,2,6,5,1,0,0,,26,36.11,0,0,0,40,7,6,0,8,596,3,0,0,0,0,0,0.0,0,0,0,0,65,4,0,6.5,0,0,0,0,0,0,0,0,0.0,0.0,0,4,2,2,2,7,53.85,0,12,4,33.33,6,12,13,1,28,34.15,19,217,190,407,65.0,6,0,497,7,2,0,Thiago Pitarch,Real Madrid,2237795,2829
0,0,0.0,1,1,25.0,5,9,14,82.35,0,0.0,0,1,0,0,0,0,2,0,0,0,0,2,1,0,0,2,1,3,0,0,0.0,,0,0,0.0,0,0,0,1,1,0,0,0,,2,40.0,0,0,0,3,0,0,0,0,29,0,1,0,0,0,0,0.0,0,0,0,0,5,0,0,6.5,0,0,0,0,0,0,0,0,0.0,0.0,0,0,0,0,0,0,0.0,0,2,1,50.0,0,1,0,0,2,40.0,4,7,10,17,6.5,0,0,25,0,0,0,Diego Aguado,Real Madrid,1614687,2829
0,0,0.0,0,0,0.0,0,1,1,50.0,0,0.0,0,1,0,0,0,0,1,0,0,0,0,0,1,0,0,0,0,1,0,0,0.0,,0,0,0.0,0,0,0,0,0,0,0,0,,1,50.0,0,0,0,1,0,0,0,0,12,0,0,0,0,0,0,0.0,0,0,0,0,3,0,0,6.5,0,0,0,0,0,0,0,0,0.0,0.0,0,0,0,0,0,0,0.0,0,1,1,100.0,0,0,1,1,1,50.0,0,1,1,2,6.5,0,0,5,0,0,0,Hugo González,Celta Vigo,996931,2821
0,0,0.0,0,0,0.0,0,1,1,25.0,1,100.0,0,1,0,0,0,0,0,0,0,0,0,0,1,0,0,1,0,2,0,0,0.0,,1,0,0.0,0,0,0,0,0,0,0,0,,0,0.0,0,0,0,3,0,0,0,0,10,0,0,0,0,0,0,0.0,0,0,0,0,4,0,0,6.5,0,0,0,0,0,0,0,0,0.0,0.0,0,0,0,0,0,0,0.0,0,0,0,0.0,0,0,0,0,1,33.33,0,2,2,4,6.5,0,0,5,0,0,0,Ibai Aguirre,Real Sociedad,1545061,2824
0,0,0.0,3,0,0.0,5,2,7,100.0,0,0.0,1,1,0,0,0,0,2,0,0,0,0,0,1,0,0,0,2,4,0,0,0.01,,1,0,0.0,0,0,0,0,0,0,0,0,,1,25.0,0,0,0,0,0,0,0,0,14,0,0,0,0,0,0,0.0,0,0,0,0,0,1,0,6.5,0,0,0,0,0,0,0,0,0.0,0.0,0,0,0,0,0,0,0.0,0,0,0,0.0,0,0,0,0,1,20.0,0,5,2,7,6.5,0,0,10,1,0,0,Ivan Corralejo,Real Betis,1542759,2816
0,0,0.0,0,0,0.0,1,10,11,84.62,0,0.0,0,1,0,0,0,0,0,0,0,0,0,2,1,0,0,0,0,0,0,1,0.0,,0,0,0.0,0,0,0,0,0,0,0,0,,0,0.0,0,0,0,2,0,0,0,0,45,0,0,0,0,0,0,0.0,0,0,0,0,3,0,0,6.5,0,0,0,0,0,0,0,0,0.0,0.0,0,0,0,0,0,0,0.0,0,0,0,0.0,0,2,0,0,0,0.0,2,2,11,13,6.5,0,0,18,0,0,0,Marco Esteban,Real Oviedo,1548439,2851
0,0,0.0,2,0,0.0,2,3,5,100.0,0,0.0,0,1,0,0,0,0,0,0,0,0,0,0,1,0,0,1,1,2,0,0,0.0,,0,0,0.0,0,0,0,0,0,0,0,0,,0,0.0,0,0,0,0,0,0,0,0,10,0,0,0,0,0,0,0.0,0,0,0,0,1,0,0,6.5,0,0,0,0,0,0,0,0,0.0,0.0,0,0,0,0,0,0,0.0,0,0,0,0.0,0,0,0,0,0,0.0,0,2,3,5,6.5,0,0,6,0,0,0,Hugo Solozábal,Getafe,1429059,2859
1,0,0.0,1,0,0.0,5,5,10,83.33,0,0.0,2,2,0,0,0,0,1,0,0,0,0,0,1,0,0,0,0,4,0,0,0.0,,1,0,0.0,0,0,0,0,0,0,0,0,,0,0.0,0,0,0,2,0,0,0,0,12,0,0,0,0,0,0,0.0,0,0,0,0,4,0,0,6.5,0,0,0,0,0,0,0,0,0.0,0.0,0,0,0,0,0,0,0.0,0,0,0,0.0,0,2,1,0,0,0.0,0,7,5,12,6.5,0,0,14,0,0,0,Tomás Marqués,FC Barcelona,1939137,2817
2,0,0.0,0,2,66.67,1,37,38,88.37,1,50.0,1,2,0,0,0,0,0,0,0,0,0,4,2,0,0,0,0,1,0,0,0.0,,0,0,0.0,0,0,0,2,2,0,0,0,,0,0.0,0,0,0,5,0,0,0,1,86,0,1,0,0,0,0,0.0,0,0,0,0,5,0,0,6.5,0,0,0,0,0,0,0,0,0.0,0.0,0,0,0,0,0,0,0.0,0,0,0,0.0,0,4,0,0,1,50.0,3,1,42,43,13.0,0,0,50,0,0,0,Willy Kambwala,Villarreal,1136721,2819
3,3,17.65,26,1,100.0,38,18,56,71.79,5,38.46,8,10,0,0,0,0,11,0,3,3,0,0,10,0,0,6,2,25,0,0,0.57,1.36,6,0,0.0,0,0,0,11,10,1,0,0,,7,29.17,0,0,1,22,2,3,0,4,473,3,1,0,0,0,0,0.0,0,0,0,0,58,1,0,6.5,0,0,0,0,0,0,0,0,0.0,0.0,0,9,0,1,5,0,0.0,0,4,1,25.0,3,5,3,17,12,32.43,1,54,24,78,65.0,9,0,149,4,1,0,Portu,Girona FC,218616,24264
1,1,33.33,24,2,100.0,72,34,106,92.98,0,0.0,0,2,0,0,0,0,7,0,0,0,0,3,2,0,0,0,1,5,0,0,0.13,0.06,3,0,0.0,0,0,0,3,3,0,0,0,,0,0.0,0,0,0,8,1,2,0,2,151,0,0,0,0,0,0,0.0,0,0,0,0,11,1,0,6.5,0,0,0,0,0,0,0,0,0.0,0.0,0,0,3,3,0,0,0.0,0,0,0,0.0,2,1,1,3,0,0.0,2,78,36,114,13.0,3,0,128,0,1,0,Damián Rodríguez,Celta Vigo,1216080,2821
0,0,0.0,0,0,0.0,1,0,1,25.0,2,40.0,3,2,0,0,0,0,0,0,0,0,0,2,2,0,0,0,0,4,0,0,0.0,0.04,1,0,0.0,0,0,0,1,1,0,0,0,,2,66.67,0,0,0,3,0,0,0,0,20,0,0,0,0,0,0,0.0,0,0,0,0,6,0,0,6.5,0,0,0,0,0,0,0,0,0.0,0.0,0,1,0,1,0,0,0.0,0,0,0,0.0,0,0,0,0,4,50.0,1,4,0,4,13.0,1,0,13,2,0,0,José Luis Pérez,Getafe,1491660,2859
0,1,33.33,4,0,0.0,7,5,12,66.67,2,40.0,3,2,0,0,0,0,1,0,0,1,0,1,2,0,0,5,0,8,0,0,0.05,0.02,0,0,0.0,0,0,0,1,0,1,0,0,,5,50.0,0,0,0,6,0,1,0,0,67,0,0,0,0,0,0,0.0,0,0,0,0,18,0,0,6.5,0,0,0,0,0,0,0,0,0.0,0.0,0,0,1,0,0,1,100.0,0,2,1,50.0,1,1,1,3,7,46.67,1,11,7,18,13.0,1,0,45,3,0,0,Dani Rodríguez,Mallorca,349526,2826
22,8,25.81,107,29,36.71,264,362,626,82.26,33,47.83,36,30,3,0,0,0,64,3,2,2,2,81,29,0,0,8,12,90,0,0,1.53,1.0,29,0,0.0,0,0,3,38,34,4,0,0,,56,50.91,0,0,1,135,11,14,0,25,2165,4,11,0,0,0,1,0.0,0,0,0,0,214,1,0,6.5,1,0,0,0,0,0,0,0,0.0,0.0,0,8,4,8,2,8,57.14,0,33,16,48.48,14,55,14,31,89,49.72,79,358,403,761,188.4,12,0,1131,15,7,1,Victor Parada,Deportivo Alavés,985726,2885
7,2,16.67,114,9,60.0,206,159,365,82.21,22,43.14,29,28,0,0,0,0,64,0,3,4,1,19,26,0,0,7,17,77,0,0,0.43,1.76,15,0,0.0,0,0,0,25,20,5,0,0,,43,47.25,0,0,1,79,10,11,0,15,1259,2,2,0,0,0,0,0.0,0,0,0,1,138,3,0,6.5,0,0,0,0,0,0,0,0,0.0,0.0,0,13,2,7,4,9,47.37,0,28,18,64.29,11,13,19,12,65,45.77,15,257,187,444,168.9,15,0,647,8,1,0,Jon Guridi,Deportivo Alavés,788141,2885
3,0,0.0,33,5,83.33,50,28,78,81.25,0,0.0,2,15,0,0,0,0,23,0,1,2,0,1,14,0,0,10,6,35,0,0,0.13,1.37,5,0,0.0,0,0,0,3,3,0,0,0,,24,42.11,0,0,2,18,4,2,0,2,388,3,0,0,0,0,0,0.0,0,0,0,0,64,3,0,6.49,0,0,0,0,0,0,0,0,0.0,0.0,1,9,4,7,4,5,29.41,0,10,5,50.0,2,5,17,3,24,40.68,6,62,34,96,90.9,13,0,207,9,1,0,Pablo García,Real Betis,1893910,2816
1,5,71.43,25,0,0.0,32,7,39,69.64,2,22.22,7,13,0,0,0,0,11,0,0,3,0,0,13,0,0,5,4,36,0,1,0.37,0.22,10,0,0.0,0,0,0,5,5,0,0,0,,25,46.3,0,0,0,17,2,4,0,3,298,0,0,0,0,0,0,0.0,0,0,0,0,42,2,0,6.49,0,0,0,0,0,0,0,0,0.0,0.0,0,2,3,1,1,10,50.0,0,7,4,57.14,4,1,20,7,27,42.86,1,48,8,56,84.4,5,0,129,8,2,0,Antoniu Roca,Espanyol,1099344,2814
3,3,33.33,22,1,100.0,44,28,72,79.12,3,30.0,7,12,1,0,0,0,13,2,1,1,0,1,12,0,0,4,2,18,0,0,0.62,0.69,3,0,0.0,0,0,1,4,3,1,0,0,,10,47.62,0,0,0,19,0,4,0,1,250,2,0,0,0,0,0,0.0,0,0,0,0,36,2,0,6.49,0,0,0,0,0,0,0,0,0.0,0.0,0,5,2,3,3,1,25.0,0,2,1,50.0,4,4,4,9,13,41.94,1,58,33,91,77.9,7,0,138,7,1,0,Giacomo Raspadori,Atlético Madrid,865651,2836
0,0,0.0,7,0,0.0,13,5,18,85.71,3,30.0,7,9,0,0,0,0,4,0,2,0,0,0,8,0,0,4,2,20,0,0,0.01,0.68,2,0,0.0,0,0,0,3,3,0,0,0,,6,31.58,0,0,1,3,1,2,0,0,134,0,0,0,0,0,0,0.0,0,0,0,0,20,0,0,6.49,0,0,0,0,0,0,0,0,0.0,0.0,0,2,0,1,1,2,28.57,0,3,1,33.33,2,0,7,0,9,31.03,0,14,7,21,51.9,2,0,55,1,0,0,Aitor Mañas,Deportivo Alavés,1639543,2885
2,0,0.0,14,3,60.0,24,18,42,66.67,1,50.0,1,7,1,0,0,0,10,0,0,0,0,0,7,0,0,4,3,18,0,0,0.17,0.27,5,0,0.0,0,0,1,4,3,1,0,0,,9,34.62,0,0,0,21,1,4,0,2,199,1,0,0,0,0,0,0.0,0,0,0,0,42,4,0,6.49,0,0,0,0,0,0,0,0,0.0,0.0,0,2,2,3,1,1,16.67,0,3,3,100.0,4,8,6,0,10,35.71,5,42,21,63,45.4,4,0,108,5,0,0,Selton Sanchez,Athletic Club,1953923,2825
0,0,0.0,5,0,0.0,9,7,16,80.0,0,0.0,1,7,0,0,0,0,6,1,0,0,0,2,6,0,0,3,1,9,0,0,0.12,0.23,2,0,0.0,0,0,0,3,2,1,0,0,,5,38.46,0,0,1,4,1,1,0,0,110,0,0,0,0,0,0,0.0,0,0,0,0,16,0,0,6.48,0,0,0,0,0,0,0,0,0.0,0.0,0,1,1,1,1,2,50.0,0,1,1,100.0,1,1,4,5,5,35.71,0,11,9,20,38.9,2,0,46,2,0,0,Tay Abed,Levante UD,1160250,2849
14,2,15.38,114,20,52.63,244,172,416,73.11,75,39.06,117,35,1,0,0,0,74,1,2,12,1,29,35,0,0,33,32,269,0,1,1.03,2.63,72,0,7.41,0,2,3,27,22,5,2,0,,104,40.63,2,0,0,153,15,8,0,26,2134,4,5,0,0,0,0,0.0,0,0,0,0,294,9,0,6.48,0,0,0,0,0,0,0,0,1067.0,0.0,0,19,8,9,6,14,38.89,0,56,34,60.71,8,28,36,13,179,39.96,38,367,202,569,226.9,27,0,1006,34,11,0,Mario Martín,Getafe,1154549,2859
3,1,10.0,81,16,66.67,139,104,243,72.32,23,41.07,33,29,0,0,0,1,61,2,8,8,0,19,29,0,1,32,8,136,0,1,0.56,5.26,29,0,9.76,0,4,4,21,19,2,3,1,,49,32.24,0,0,3,93,6,14,2,18,1498,5,1,0,0,1,0,0.0,0,0,0,2,246,17,0,6.48,1,2,0,0,0,0,0,0,374.5,0.0,0,32,9,19,14,10,22.73,0,16,10,62.5,14,8,44,10,72,34.62,24,216,120,336,188.0,41,0,673,24,4,0,Isaac Romero,Sevilla,1018190,2833
2,0,0.0,36,3,37.5,75,70,145,88.41,2,22.22,7,12,0,0,0,0,20,0,0,0,0,8,11,0,0,3,7,27,0,1,0.09,0.16,2,0,0.0,0,0,0,14,13,1,0,0,,13,39.39,0,0,0,19,4,1,0,3,384,0,1,0,0,0,0,0.0,0,0,0,0,37,0,0,6.48,0,0,0,0,0,0,0,0,0.0,0.0,0,3,0,1,2,3,27.27,0,3,3,100.0,1,3,11,0,15,35.71,8,88,76,164,71.3,3,0,225,7,0,0,Jhon Solís,Girona FC,1106573,24264
2,0,0.0,19,2,66.67,36,14,50,71.43,11,55.0,9,10,0,0,0,0,7,1,0,2,0,3,10,0,0,3,2,24,0,0,0.12,1.1,8,0,12.5,0,1,1,8,6,2,1,0,,7,31.82,0,0,0,20,1,3,0,2,281,3,0,0,0,0,0,0.0,0,0,0,0,47,0,0,6.48,0,1,0,0,0,0,0,0,281.0,0.0,0,3,5,2,4,1,20.0,0,1,1,100.0,3,2,5,2,18,42.86,3,48,22,70,64.8,8,0,125,5,1,0,Maroan Sannadi,Athletic Club,1520799,2825
7,2,33.33,45,12,42.86,118,204,322,85.19,18,60.0,12,16,1,0,0,0,29,0,1,0,0,37,15,0,0,3,14,50,0,1,0.09,0.36,17,0,0.0,4,0,1,15,12,3,0,0,,25,39.68,0,0,0,56,10,1,0,8,725,0,3,0,0,0,1,0.0,0,0,0,0,86,1,0,6.48,0,0,0,0,0,0,0,0,0.0,0.0,0,4,0,2,2,0,0.0,0,14,8,57.14,1,26,6,6,43,46.24,28,153,225,378,97.2,4,0,551,11,0,0,Aritz Elustondo,Real Sociedad,785468,2824
6,0,0.0,13,14,42.42,52,146,198,87.61,5,50.0,5,6,0,0,0,0,12,0,1,0,0,11,5,0,0,2,0,9,0,3,0.02,0.57,2,0,0.0,7,0,0,7,7,0,0,0,,7,63.64,0,0,0,28,0,0,0,3,293,1,1,0,0,0,0,0.0,0,0,0,0,32,0,0,6.48,0,0,0,0,0,0,0,0,0.0,0.0,0,1,0,0,1,1,100.0,0,4,2,50.0,0,12,1,0,12,57.14,33,71,155,226,32.4,1,0,257,2,0,0,David López,Girona FC,135116,24264
8,4,23.53,83,8,40.0,175,121,296,79.14,8,26.67,22,34,1,0,0,0,60,2,2,6,0,16,34,0,0,23,11,100,0,0,1.29,1.25,22,0,0.0,0,0,1,35,34,1,0,0,,58,42.65,0,0,1,78,8,13,0,15,1511,5,1,0,0,0,0,0.0,0,0,0,1,190,4,0,6.48,0,0,0,0,0,0,0,0,0.0,0.0,0,8,5,3,4,17,41.46,0,19,16,84.21,13,21,41,17,66,39.76,20,224,150,374,220.3,13,0,650,23,2,0,Pablo Marín,Real Sociedad,1139409,2824
0,0,0.0,15,0,0.0,22,21,43,68.25,4,28.57,10,18,1,0,0,0,11,0,2,3,0,1,17,0,0,4,3,24,0,0,0.06,1.21,3,0,0.0,0,0,1,8,8,0,0,0,,11,44.0,0,0,0,20,1,1,0,3,382,1,0,0,0,0,0,0.0,0,0,0,0,43,1,0,6.48,0,0,0,0,0,0,0,0,0.0,0.0,0,8,0,3,2,3,42.86,0,2,1,50.0,1,0,7,2,15,38.46,2,34,29,63,110.1,8,0,122,6,0,0,Álex Forés,Real Oviedo,1086128,2851
18,0,0.0,26,27,58.7,76,206,282,88.4,23,76.67,7,12,0,0,0,0,18,0,0,3,1,50,12,0,1,4,2,30,0,2,0.04,0.48,15,0,0.0,0,0,0,15,14,1,0,0,,22,48.89,0,0,0,37,4,2,0,8,648,0,1,0,0,0,1,0.0,0,0,0,0,53,0,0,6.48,1,0,0,0,0,0,0,0,0.0,0.0,0,8,1,6,0,2,40.0,0,14,8,57.14,2,29,5,0,45,60.0,46,105,214,319,77.7,9,0,437,6,5,0,Tanguy Nianzou,Sevilla,1003007,2833
0,0,0.0,5,1,50.0,12,13,25,62.5,9,34.62,17,12,0,0,0,0,2,0,1,1,0,6,11,0,0,3,1,27,0,0,0.01,0.81,7,0,0.0,0,0,0,5,5,0,0,0,,8,44.44,0,0,0,15,0,0,0,0,191,4,0,0,0,0,0,0.0,0,0,0,0,23,0,0,6.47,0,0,0,0,0,0,0,0,0.0,0.0,0,6,0,3,2,0,0.0,0,5,1,20.0,0,0,0,0,17,38.64,2,25,15,40,71.2,6,0,77,3,1,0,Thiago Borbas,Real Oviedo,1018547,2851
0,0,0.0,14,0,0.0,16,4,20,74.07,0,0.0,2,3,0,0,0,0,2,0,0,0,0,0,3,0,0,2,2,11,0,0,0.12,0.09,2,0,0.0,0,0,0,0,0,0,0,0,,6,40.0,0,0,0,7,0,0,0,1,91,0,0,0,0,0,0,0.0,0,0,0,0,19,0,0,6.47,0,0,0,0,0,0,0,0,0.0,0.0,0,1,0,1,0,1,25.0,0,1,1,100.0,0,0,4,2,6,35.29,0,22,5,27,19.4,1,0,49,4,0,0,Justin-Noel Kalumba,Mallorca,1484974,2826
5,8,13.33,50,5,33.33,90,44,134,69.07,5,18.52,22,18,1,0,0,0,44,1,0,4,0,4,17,0,0,9,11,61,0,0,0.97,0.39,16,0,0.0,0,0,1,9,7,2,0,0,,26,40.0,0,0,0,60,2,8,0,5,710,8,0,0,0,0,0,0.0,0,0,0,0,149,8,0,6.46,1,0,0,0,0,0,0,0,0.0,0.0,1,1,12,4,5,5,50.0,0,10,5,50.0,8,11,10,60,31,33.7,15,135,59,194,109.9,13,0,372,12,2,1,Álex Sancris,Getafe,1398518,2859
0,2,33.33,33,2,50.0,63,26,89,85.58,2,25.0,6,9,0,0,0,0,12,0,0,2,0,5,9,0,1,2,3,20,0,0,0.21,0.12,3,0,0.0,0,0,0,5,5,0,0,0,,8,36.36,0,0,0,15,1,2,0,3,289,1,0,0,0,0,0,0.0,0,0,0,0,36,3,0,6.46,1,0,0,0,0,0,0,0,0.0,0.0,0,2,0,0,0,4,40.0,0,2,1,50.0,2,0,10,6,10,33.33,4,72,32,104,58.1,2,0,154,2,1,0,Yago Santiago,Elche,1092515,2846
3,0,0.0,11,7,58.33,37,143,180,90.91,6,60.0,4,9,0,0,0,0,15,0,0,0,1,27,9,0,0,1,0,12,1,0,0.04,0.05,6,0,0.0,14,0,0,9,6,3,0,0,,10,55.56,0,0,0,18,4,2,0,3,441,0,3,1,0,0,0,0.0,0,0,0,0,26,0,0,6.46,0,0,0,0,0,0,0,0,0.0,0.0,0,1,0,1,0,0,0.0,0,7,3,42.86,2,3,1,0,16,57.14,12,46,152,198,58.1,1,0,270,3,0,0,Jozhua Vertrouwd,Rayo Vallecano,1120947,2818
8,1,14.29,53,12,54.55,104,83,187,79.57,6,42.86,8,19,0,0,0,0,31,0,3,0,0,8,19,0,0,11,15,58,0,0,0.52,0.69,16,0,11.11,0,1,1,16,14,2,1,0,,22,30.56,0,0,0,48,5,3,0,8,756,2,4,0,0,0,0,0.0,0,0,0,0,92,3,0,6.45,1,1,0,0,0,0,0,0,756.0,0.0,0,4,5,4,5,4,30.77,0,11,5,45.45,3,15,13,7,28,32.56,22,136,99,235,122.6,9,0,350,7,2,1,Luka Ilić,Real Oviedo,885664,2851
0,0,0.0,3,0,0.0,3,0,3,100.0,0,0.0,0,2,0,0,0,0,1,0,0,0,0,0,2,0,0,1,0,2,0,0,0.01,,1,0,0.0,0,0,0,0,0,0,0,0,,2,50.0,0,0,0,0,0,0,0,0,19,0,0,0,0,0,0,0.0,0,0,0,0,3,1,0,6.45,0,0,0,0,0,0,0,0,0.0,0.0,0,0,0,0,0,2,100.0,0,0,0,0.0,0,0,2,0,2,50.0,0,3,0,3,12.9,0,0,9,0,1,0,Juan Arango,Girona FC,1482463,24264
1,0,0.0,1,2,40.0,8,31,39,88.64,2,66.67,1,2,0,0,0,0,5,0,0,0,0,5,2,0,0,1,1,6,0,0,0.0,,3,0,0.0,0,0,0,2,2,0,0,0,,2,28.57,0,0,0,5,1,0,0,1,104,0,0,0,0,0,0,0.0,0,0,0,0,6,0,0,6.45,0,0,0,0,0,0,0,0,0.0,0.0,0,0,0,0,0,1,100.0,0,0,0,0.0,0,2,1,0,4,40.0,5,11,33,44,12.9,0,0,54,1,0,0,Luken Beitia,Real Sociedad,1539149,2824
1,1,20.0,5,2,18.18,13,11,24,63.16,0,0.0,2,6,0,0,0,0,8,0,0,0,0,7,6,0,1,2,1,10,0,0,0.02,,3,0,0.0,0,0,0,1,0,1,0,0,,3,27.27,0,0,0,14,2,1,0,2,196,0,1,0,0,0,0,0.0,0,0,0,0,30,0,0,6.45,1,0,0,0,0,0,0,0,0.0,0.0,0,0,0,0,0,0,0.0,0,3,3,100.0,1,4,2,5,3,23.08,11,21,17,38,38.7,0,0,90,0,0,0,Iñigo Arguibide,Osasuna,1495856,2820
0,1,50.0,9,1,20.0,14,8,22,59.46,1,10.0,9,6,0,0,0,0,7,0,0,1,0,2,6,0,0,2,3,18,0,0,0.08,0.1,3,0,0.0,0,0,0,2,2,0,0,0,,5,35.71,0,0,0,15,2,2,0,1,144,3,1,0,0,0,0,0.0,0,0,0,0,25,1,0,6.45,0,0,0,0,0,0,0,0,0.0,0.0,0,0,2,0,1,2,50.0,0,0,0,0.0,2,3,4,2,6,25.0,5,26,11,37,38.7,2,0,68,3,0,0,Veljko Birmančević,Getafe,831510,2859
6,6,25.0,88,8,38.1,173,123,296,87.06,11,50.0,11,14,0,0,0,0,35,0,0,1,0,22,14,0,0,3,5,33,1,0,0.42,0.04,6,0,0.0,0,0,0,20,13,7,0,0,,37,62.71,0,0,0,44,17,3,0,8,819,0,1,0,0,0,0,0.0,0,0,0,0,88,2,0,6.45,0,0,0,0,0,0,0,0,0.0,0.0,0,1,1,1,0,8,50.0,0,18,13,72.22,3,19,16,24,48,59.26,21,207,133,340,90.3,2,0,548,11,1,0,Adama Boiro,Athletic Club,1398511,2825
0,0,0.0,3,0,0.0,6,11,17,73.91,1,100.0,0,2,0,0,0,0,2,0,0,1,0,0,2,0,0,1,0,3,0,0,0.0,0.03,2,0,0.0,0,0,0,0,0,0,0,0,,0,0.0,0,0,0,6,0,0,0,0,36,0,0,0,0,0,0,0.0,0,0,0,0,9,0,0,6.45,0,0,0,0,0,0,0,0,0.0,0.0,0,1,0,0,0,0,0.0,0,0,0,0.0,0,0,0,0,1,25.0,0,9,14,23,12.9,1,0,30,0,1,0,Eder Garcia,Athletic Club,1425060,2825
0,0,0.0,7,0,0.0,13,4,17,65.38,5,38.46,8,15,0,0,0,0,2,0,1,2,0,1,12,0,0,2,4,17,0,0,0.12,0.88,2,0,0.0,0,0,0,2,2,0,0,0,,4,30.77,0,0,0,9,0,2,0,0,147,0,0,0,0,0,0,0.0,0,0,0,0,20,0,0,6.44,0,0,0,0,0,0,0,0,0.0,0.0,0,4,0,0,2,1,50.0,0,0,0,0.0,2,0,2,1,9,34.62,2,20,6,26,77.3,4,0,47,3,0,0,Abdón Prats,Mallorca,146852,2826
3,0,0.0,23,3,23.08,51,72,123,82.55,3,33.33,6,5,0,0,0,0,19,0,0,0,0,10,5,0,0,2,6,21,0,0,0.05,0.04,4,0,0.0,0,0,0,5,4,1,0,0,,20,57.14,0,0,0,26,7,1,0,4,353,0,0,0,0,0,1,0.0,0,0,0,0,39,0,0,6.44,0,0,0,0,0,0,0,0,0.0,0.0,0,0,1,1,0,2,40.0,0,8,5,62.5,1,10,5,1,23,52.27,13,70,79,149,32.2,1,0,241,10,2,0,Renzo Saravia,Valencia,315916,2828
0,0,0.0,21,2,66.67,39,13,52,68.42,3,33.33,6,12,0,0,0,0,7,0,1,1,0,1,11,0,0,6,4,24,0,0,0.07,0.48,2,0,0.0,0,0,0,3,2,1,0,0,,10,35.71,0,0,0,24,2,3,0,1,264,2,1,0,0,0,0,0.0,0,0,0,0,54,0,0,6.44,0,0,0,0,0,0,0,0,0.0,0.0,0,3,1,2,1,2,22.22,0,4,2,50.0,3,1,9,9,13,35.14,3,62,14,76,70.8,4,0,136,4,1,0,Abu Kamara,Getafe,1087476,2859
1,0,0.0,1,2,25.0,7,71,78,88.64,2,28.57,5,3,1,0,0,0,2,0,0,0,0,5,3,0,0,0,0,7,0,0,0.0,0.04,2,0,0.0,2,0,1,6,5,1,0,0,,7,77.78,0,0,0,10,2,1,0,3,225,0,2,0,0,0,0,0.0,0,0,0,0,11,0,0,6.43,0,0,0,0,0,0,0,0,0.0,0.0,0,1,0,1,0,0,0.0,0,6,5,83.33,1,4,0,0,9,56.25,8,11,77,88,19.3,1,0,115,1,1,0,Oier Luengo,Real Oviedo,857229,2851
0,0,0.0,6,1,100.0,10,5,15,83.33,0,0.0,2,5,0,0,0,0,2,0,0,0,0,3,3,0,0,2,1,8,0,0,0.01,,4,0,0.0,0,0,0,2,2,0,0,0,,2,25.0,0,0,0,3,0,0,0,0,73,0,0,0,0,0,0,0.0,0,0,0,0,8,0,0,6.43,0,0,0,0,0,0,0,0,0.0,0.0,0,0,0,0,0,0,0.0,0,0,0,0.0,0,2,1,0,2,20.0,1,13,5,18,19.3,0,0,35,2,2,0,Yvan Neyou,Getafe,869931,2859
1,0,0.0,15,1,100.0,22,6,28,77.78,4,30.77,9,9,0,0,0,0,5,0,0,3,0,0,9,0,0,1,1,13,0,0,0.3,0.25,2,0,0.0,0,0,0,0,0,0,0,0,,3,42.86,0,0,0,8,1,2,0,0,194,1,0,0,0,0,0,0.0,0,0,0,0,18,3,0,6.43,0,0,0,0,0,0,0,0,0.0,0.0,0,4,1,1,1,1,100.0,0,1,1,100.0,2,2,1,2,7,35.0,1,30,6,36,57.9,5,0,64,1,0,0,Abel Ruíz,Girona FC,826013,24264
0,0,0.0,4,0,0.0,6,4,10,58.82,5,35.71,9,7,0,0,0,0,3,0,2,2,0,0,7,0,0,0,1,14,0,0,0.03,0.91,3,0,0.0,0,0,0,3,3,0,0,0,,4,44.44,0,0,0,7,0,1,0,0,136,2,0,0,0,0,0,0.0,0,0,0,0,18,1,0,6.43,0,0,0,0,0,0,0,0,0.0,0.0,0,6,1,3,2,0,0.0,0,2,2,100.0,1,0,1,1,9,39.13,0,12,5,17,45.0,7,0,47,4,0,0,Jon Karrikaburu,Real Sociedad,1099175,2824
0,0,0.0,9,3,60.0,16,5,21,70.0,2,50.0,2,5,0,0,0,0,5,0,0,1,0,1,5,0,0,4,0,10,0,0,0.02,0.02,3,0,0.0,0,0,0,4,4,0,0,0,,4,33.33,0,0,0,9,0,0,0,1,91,0,0,0,0,0,0,0.0,0,0,0,0,24,1,0,6.42,0,0,0,0,0,0,0,0,0.0,0.0,0,0,1,0,0,3,60.0,0,0,0,0.0,0,0,5,3,6,37.5,5,22,8,30,32.1,1,0,55,1,0,0,Wesley,Real Sociedad,1211632,2824
2,6,54.55,65,3,37.5,123,78,201,82.38,13,36.11,23,19,1,0,0,0,26,2,6,5,1,19,19,0,1,18,10,77,0,3,1.3,3.32,11,0,3.57,0,1,2,20,15,5,1,0,,28,34.15,1,0,3,43,4,8,0,10,1007,6,1,0,0,0,0,0.0,0,0,0,0,110,2,0,6.42,1,0,0,0,0,0,0,0,1007.0,0.0,0,25,3,14,9,9,37.5,0,11,6,54.55,8,7,24,11,41,34.75,8,153,91,244,121.9,28,0,439,8,1,0,Roger Brugué,Levante UD,909554,2849
0,0,0.0,4,0,0.0,6,1,7,77.78,0,0.0,0,1,0,0,0,0,1,0,0,0,0,0,1,0,0,0,0,0,0,0,0.04,,0,0,0.0,0,0,0,1,1,0,0,0,,0,0.0,0,0,0,2,0,1,0,1,45,0,0,0,0,0,0,0.0,0,0,0,0,3,0,0,6.4,0,0,0,0,0,0,0,0,0.0,0.0,0,0,0,0,0,0,0.0,0,0,0,0.0,1,0,0,0,0,0.0,0,8,1,9,6.4,0,0,11,0,0,0,Toni Fernández,FC Barcelona,1590761,2817
0,0,0.0,0,0,0.0,0,2,2,66.67,0,0.0,0,1,0,0,0,0,0,0,0,0,0,0,1,0,0,0,0,1,0,0,0.0,,0,0,0.0,0,0,0,2,2,0,0,0,,0,0.0,0,0,0,1,0,0,0,1,44,0,0,0,0,0,0,0.0,0,0,0,0,2,0,0,6.4,0,0,0,0,0,0,0,0,0.0,0.0,0,0,0,0,0,0,0.0,0,0,0,0.0,0,0,1,0,0,0.0,0,1,2,3,6.4,0,0,4,0,0,0,Bojan Miovski,Girona FC,945768,24264
0,0,0.0,1,1,16.67,33,44,77,89.53,0,0.0,0,1,0,0,0,0,4,0,0,0,0,2,1,0,0,1,0,2,0,0,0.01,,1,0,0.0,0,0,0,2,2,0,0,0,,1,33.33,0,0,0,9,1,0,0,1,90,0,1,0,0,0,1,0.0,0,0,0,0,11,0,0,6.4,0,0,0,0,0,0,0,0,0.0,0.0,0,0,0,0,0,0,0.0,0,1,0,0.0,0,5,0,1,1,33.33,6,41,45,86,6.4,0,0,95,0,0,0,Dani Martinez,Atlético Madrid,1414932,2836
0,0,0.0,2,0,0.0,3,0,3,75.0,0,0.0,0,1,0,0,0,0,0,0,0,0,0,0,1,0,0,0,0,1,0,0,0.0,,0,0,0.0,0,0,0,0,0,0,0,0,,0,0.0,0,0,0,1,0,0,0,0,17,0,0,0,0,0,0,0.0,0,0,0,0,3,0,0,6.4,0,0,0,0,0,0,0,0,0.0,0.0,0,0,0,0,0,0,0.0,0,0,0,0.0,0,0,1,1,0,0.0,0,4,0,4,6.4,0,0,6,0,0,0,Dani Díaz,Real Sociedad,1466128,2824
0,0,0.0,2,0,0.0,3,1,4,80.0,0,0.0,1,1,0,0,0,0,1,0,0,0,0,0,1,0,0,0,0,1,0,0,0.0,,0,0,0.0,0,0,0,0,0,0,0,0,,0,0.0,0,0,0,1,0,0,0,0,15,0,0,0,0,0,0,0.0,0,0,0,0,1,0,0,6.4,0,0,0,0,0,0,0,0,0.0,0.0,0,0,0,0,0,0,0.0,0,0,0,0.0,0,0,0,0,0,0.0,0,3,2,5,6.4,0,0,6,0,0,0,Pau Cabanes,Villarreal,1863206,2819
1,0,0.0,3,0,0.0,5,2,7,100.0,0,0.0,1,1,0,0,0,0,1,0,0,0,0,0,1,0,0,0,0,3,0,0,0.01,,0,0,0.0,0,0,0,1,1,0,0,0,,2,50.0,0,0,0,0,0,0,0,0,11,0,0,0,0,0,0,0.0,0,0,0,0,2,0,0,6.4,0,0,0,0,0,0,0,0,0.0,0.0,0,0,0,0,0,0,0.0,0,2,1,50.0,0,1,2,0,2,40.0,0,5,2,7,6.4,0,0,12,0,0,0,Sergio Lozano,Levante UD,914749,2849
0,0,0.0,0,0,0.0,1,0,1,50.0,0,0.0,2,1,0,0,0,0,1,0,0,0,0,0,1,0,0,0,0,3,0,0,0.0,,1,0,0.0,0,0,0,0,0,0,0,0,,1,50.0,0,0,0,1,0,0,0,0,18,0,0,0,0,0,0,0.0,0,0,0,0,3,0,0,6.4,0,0,0,0,0,0,0,0,0.0,0.0,0,0,0,0,0,0,0.0,0,0,0,0.0,0,0,0,0,1,25.0,0,2,0,2,6.4,0,0,5,1,0,0,Lluc Castell,Espanyol,1466117,2814
0,0,0.0,1,0,0.0,4,4,8,88.89,0,0.0,3,1,0,0,0,0,1,1,0,0,0,0,1,0,0,0,0,4,0,0,0.0,,1,0,0.0,0,0,0,1,1,0,0,0,,5,83.33,0,0,0,1,0,1,0,0,26,0,0,0,0,0,0,0.0,0,0,0,0,4,0,0,6.4,0,0,0,0,0,0,0,0,0.0,0.0,0,0,0,0,0,2,100.0,0,3,2,66.67,1,1,2,2,5,55.56,0,5,4,9,6.4,0,0,20,0,0,0,Jorge Montes,Getafe,1895197,2859
0,1,33.33,15,1,100.0,19,11,30,88.24,1,25.0,3,3,0,0,0,0,3,0,0,0,0,2,3,0,0,1,0,5,0,0,0.04,,0,0,0.0,0,0,0,2,2,0,0,0,,2,50.0,0,0,0,4,0,0,0,0,47,0,0,0,0,0,0,0.0,0,0,0,0,10,0,0,6.4,0,0,0,0,0,0,0,0,0.0,0.0,0,0,0,0,0,0,0.0,0,2,2,100.0,0,0,1,3,3,37.5,1,22,12,34,19.2,0,0,54,0,0,0,Jofre Torrents ,FC Barcelona,1587196,2817
1,1,100.0,9,3,33.33,22,19,41,64.06,5,83.33,1,3,0,0,0,0,11,0,0,0,0,6,3,0,0,2,4,14,0,0,0.05,,4,0,0.0,0,0,0,3,2,1,0,0,,8,38.1,0,0,0,23,1,1,0,3,219,0,0,0,0,0,0,0.0,0,0,0,0,41,0,0,6.4,0,0,0,0,0,0,0,0,0.0,0.0,0,0,0,0,0,1,25.0,0,6,2,33.33,1,2,4,1,13,48.15,9,37,27,64,19.2,0,0,130,1,1,0,Moussa Diarra,Deportivo Alavés,985262,2885
0,0,0.0,1,0,0.0,6,5,11,91.67,1,33.33,2,3,0,0,0,0,1,0,1,0,0,0,3,0,0,1,1,5,0,0,0.01,0.34,2,0,0.0,0,0,0,2,2,0,0,0,,2,40.0,0,0,0,1,1,0,0,0,59,0,0,0,0,0,0,0.0,0,0,0,0,4,0,0,6.4,0,0,0,0,0,0,0,0,0.0,0.0,0,1,0,0,1,0,0.0,0,0,0,0.0,0,0,0,0,3,37.5,0,6,6,12,19.2,1,0,22,2,1,0,Gorka Carrera Zarranz,Real Sociedad,1985103,2824
0,0,0.0,3,0,0.0,3,4,7,70.0,1,20.0,4,2,0,0,0,0,1,0,0,1,0,0,2,0,0,0,0,6,0,0,0.01,0.12,2,0,0.0,0,0,0,4,4,0,0,0,,1,33.33,0,0,0,3,1,2,0,1,71,0,0,0,0,0,0,0.0,0,0,0,0,5,1,0,6.4,0,0,0,0,0,0,0,0,0.0,0.0,0,2,0,0,1,0,0.0,0,1,0,0.0,2,0,0,0,2,25.0,1,5,5,10,12.8,2,0,23,0,0,0,Dawda Camara,Girona FC,1151851,24264
0,0,0.0,2,0,0.0,5,1,6,66.67,1,33.33,2,1,0,0,0,0,0,0,0,0,0,1,1,0,0,0,0,2,0,0,0.0,0.07,0,0,0.0,0,0,0,0,0,0,0,0,,0,0.0,0,0,0,3,0,1,0,0,33,0,0,0,0,0,0,0.0,0,0,0,0,3,0,0,6.4,0,0,0,0,0,0,0,0,0.0,0.0,0,1,0,1,0,0,0.0,0,0,0,0.0,1,0,0,0,1,33.33,0,8,1,9,6.4,1,0,14,0,0,0,Asier Hierro,Athletic Club,1550822,2825
1,0,0.0,3,1,100.0,11,19,30,85.71,3,60.0,2,1,0,0,0,0,1,0,0,0,0,3,1,0,0,0,1,4,0,0,0.01,0.04,1,0,0.0,1,0,0,1,1,0,0,0,,1,33.33,0,0,0,5,0,0,0,0,45,0,0,0,0,0,0,0.0,0,0,0,0,5,0,0,6.4,0,0,0,0,0,0,0,0,0.0,0.0,0,1,0,1,0,0,0.0,0,1,0,0.0,0,2,0,0,4,50.0,1,14,21,35,6.4,1,0,41,0,0,0,Pelayo Fernández,Rayo Vallecano,1139724,2818
0,0,0.0,3,0,0.0,6,1,7,63.64,0,0.0,1,1,0,0,0,0,3,0,0,1,0,0,1,0,0,0,1,3,0,0,0.03,0.03,0,0,0.0,0,0,0,2,2,0,0,0,,1,33.33,0,0,0,4,0,1,0,1,45,0,0,0,0,0,0,0.0,0,0,0,0,7,0,0,6.4,0,0,0,0,0,0,0,0,0.0,0.0,0,1,0,0,0,0,0.0,0,1,0,0.0,1,1,1,0,1,25.0,1,6,5,11,6.4,1,0,18,0,0,0,Stanis Idumbo Muzambo,Sevilla,1149152,2833
0,0,0.0,16,2,33.33,45,71,116,89.23,4,80.0,1,4,0,0,0,0,7,0,0,0,0,5,3,0,0,5,1,7,1,0,0.04,0.02,0,0,0.0,0,0,0,5,4,1,0,0,,11,64.71,0,0,0,14,5,0,0,1,164,0,0,0,0,0,0,0.0,0,0,0,0,23,1,0,6.4,0,0,0,0,0,0,0,0,0.0,0.0,0,0,1,1,0,3,100.0,0,4,1,25.0,0,3,3,2,15,68.18,6,54,76,130,19.2,1,0,181,4,0,0,Xavi Espart,FC Barcelona,1546073,2817
4,3,15.79,39,7,17.95,77,46,123,58.02,9,50.0,9,14,0,0,0,0,26,0,0,1,1,24,13,0,0,9,6,59,0,1,0.51,0.24,27,0,0.0,0,0,0,10,8,2,0,0,,38,43.18,0,0,0,89,6,3,0,7,698,0,1,0,0,0,0,0.0,0,0,0,0,154,2,0,6.39,0,0,0,0,0,0,0,0,0.0,0.0,0,2,2,1,2,10,52.63,0,26,17,65.38,3,14,19,19,47,44.34,39,139,73,212,83.1,4,0,456,2,2,0,Davinchi,Getafe,1918369,2859
0,1,12.5,31,2,40.0,47,44,91,82.73,6,40.0,9,11,0,0,0,0,19,1,1,3,0,4,10,0,0,5,14,40,0,0,0.25,1.3,11,0,0.0,0,0,0,11,11,0,0,0,,19,38.0,0,0,0,19,0,3,0,7,467,0,2,0,0,0,0,0.0,0,0,0,0,50,2,0,6.38,0,0,0,0,0,0,0,0,0.0,0.0,0,7,2,2,4,4,80.0,0,11,6,54.55,3,0,5,8,25,38.46,5,62,48,110,63.8,9,0,197,5,1,0,Carlos Martín,Rayo Vallecano,1131581,2818
9,4,33.33,70,18,42.86,152,287,439,84.75,11,44.0,14,15,0,0,0,0,55,0,0,1,3,40,15,0,0,6,3,48,0,1,0.27,0.57,16,0,0.0,0,0,0,21,18,3,0,0,,32,48.48,0,0,0,79,8,6,0,12,1157,0,1,0,0,0,1,0.0,0,0,0,0,136,3,0,6.38,0,0,0,0,0,0,0,0,0.0,0.0,0,5,1,4,1,10,50.0,0,15,9,60.0,6,22,20,12,43,47.25,42,201,317,518,95.7,6,0,804,7,1,0,Dimitri Foulquier,Valencia,151138,2828
0,0,0.0,4,0,0.0,8,2,10,76.92,0,0.0,2,5,0,0,0,0,1,0,0,0,0,0,5,0,1,1,2,6,0,0,0.0,,2,0,0.0,0,0,0,1,1,0,0,0,,1,20.0,0,0,0,3,1,0,0,0,64,0,0,0,0,0,0,0.0,0,0,0,0,5,0,0,6.36,1,0,0,0,0,0,0,0,0.0,0.0,0,0,0,0,0,0,0.0,0,0,0,0.0,0,0,0,0,1,14.29,1,9,4,13,31.8,0,0,19,1,0,0,Lass Kourouma,Girona FC,1860172,24264
3,0,0.0,7,7,43.75,28,78,106,86.18,6,42.86,8,5,0,0,0,0,5,0,0,0,0,22,5,0,0,0,1,12,1,1,0.01,,3,0,0.0,0,0,0,9,7,2,0,0,,12,75.0,0,0,0,17,0,0,0,4,364,0,4,0,0,0,0,0.0,0,0,0,0,18,0,0,6.36,0,0,0,0,0,0,0,0,0.0,0.0,0,0,0,0,0,2,100.0,0,7,4,57.14,0,8,2,0,18,60.0,16,41,82,123,31.8,0,0,173,3,1,0,Jorge Cabello,Levante UD,1807070,2849
1,0,0.0,14,0,0.0,21,7,28,65.12,12,35.29,22,10,0,0,0,0,9,2,0,1,0,2,10,0,0,6,0,40,0,0,0.2,0.24,13,0,0.0,0,0,0,4,4,0,0,0,,5,21.74,0,0,0,15,0,2,0,3,295,6,1,0,0,0,0,0.0,0,0,0,0,39,5,0,6.36,0,0,0,0,0,0,0,0,0.0,0.0,0,2,4,2,3,1,50.0,0,4,1,25.0,2,1,2,3,17,29.82,0,34,9,43,63.6,6,0,89,0,1,0,Mariano Díaz,Deportivo Alavés,175753,2885
0,0,0.0,2,7,70.0,17,40,57,89.06,1,50.0,1,2,0,0,0,0,3,0,0,0,0,2,2,0,0,1,1,4,0,0,0.0,,1,0,0.0,0,0,0,3,3,0,0,0,,1,25.0,0,0,0,7,1,0,0,0,100,0,0,0,0,0,0,0.0,0,0,0,0,9,0,0,6.35,0,0,0,0,0,0,0,0,0.0,0.0,0,0,0,0,0,0,0.0,0,0,0,0.0,0,1,0,0,2,33.33,10,23,41,64,12.7,0,0,72,1,0,0,Ramón Martínez,Sevilla,1090681,2833
0,0,0.0,5,0,0.0,11,10,21,77.78,0,0.0,2,3,0,0,0,0,3,0,0,0,0,6,2,0,1,0,1,7,0,0,0.01,,4,0,0.0,0,0,0,1,1,0,0,0,,0,0.0,0,0,0,6,0,0,0,0,22,0,0,0,0,0,0,0.0,0,0,0,0,8,0,0,6.35,1,0,0,0,0,0,0,0,0.0,0.0,0,0,0,0,0,0,0.0,0,0,0,0.0,0,2,0,0,0,0.0,3,16,11,27,12.7,0,0,38,0,1,0,Joan Jordán,Sevilla,591750,2833
2,1,14.29,17,0,0.0,45,49,94,83.93,3,33.33,6,11,0,0,0,0,9,0,1,1,0,5,10,0,0,1,2,18,0,0,0.34,0.16,8,0,0.0,0,0,0,9,7,2,0,0,,9,42.86,0,0,0,18,3,5,0,2,268,0,2,1,0,0,0,0.0,0,0,0,0,36,1,0,6.35,0,0,0,0,0,0,0,0,0.0,0.0,0,1,0,0,0,3,75.0,0,2,2,100.0,5,3,4,7,12,40.0,5,56,56,112,63.5,1,0,176,4,2,0,Jose Salinas,Espanyol,1068891,2814
1,0,0.0,2,0,0.0,6,5,11,55.0,2,66.67,1,7,0,0,0,0,6,0,0,1,0,2,6,0,0,3,2,10,0,0,0.0,0.04,4,0,0.0,0,0,0,3,3,0,0,0,,3,25.0,0,0,0,9,0,0,0,0,93,0,0,0,0,0,1,0.0,0,0,0,0,23,1,0,6.35,0,0,0,0,0,0,0,0,0.0,0.0,0,1,1,1,0,1,100.0,0,1,0,0.0,0,3,1,2,5,33.33,1,11,9,20,38.1,2,0,49,1,0,0,Pablo Agudín,Real Oviedo,1587199,2851
6,3,21.43,34,8,40.0,83,148,231,85.56,6,54.55,5,8,0,0,0,0,26,0,0,2,0,20,8,0,0,4,9,27,0,1,0.33,0.21,8,0,0.0,0,0,0,15,13,2,0,0,,23,51.11,0,0,0,39,6,3,0,6,534,0,0,0,0,0,0,0.0,0,0,0,0,71,2,0,6.34,0,0,0,0,0,0,0,0,0.0,0.0,0,2,1,1,0,6,85.71,0,11,5,45.45,3,19,7,14,29,51.79,20,102,168,270,50.7,3,0,400,7,3,0,Diego Pampín,Levante UD,855837,2849
2,0,0.0,19,10,55.56,117,247,364,93.09,12,50.0,12,8,0,0,0,0,26,0,2,0,1,42,8,0,0,1,1,18,1,2,0.06,0.24,5,0,0.0,1,0,0,13,11,2,0,0,,9,60.0,0,0,0,27,9,0,0,7,639,0,2,0,0,0,2,0.0,0,0,0,0,33,0,0,6.33,0,0,0,0,0,0,0,0,0.0,0.0,0,2,0,2,0,1,100.0,0,7,3,42.86,0,2,1,0,21,53.85,18,130,261,391,50.6,2,0,473,1,0,0,Joseph Aidoo,Celta Vigo,796320,2821
0,0,0.0,0,0,0.0,0,2,2,50.0,0,0.0,0,1,0,0,0,0,1,0,0,0,0,0,1,0,0,0,0,2,0,0,0.0,,2,0,0.0,0,0,0,1,1,0,0,0,,0,0.0,0,0,0,2,0,0,0,0,22,0,0,0,0,0,0,0.0,0,0,0,0,3,0,0,6.3,0,0,0,0,0,0,0,0,0.0,0.0,0,0,0,0,0,0,0.0,0,0,0,0.0,0,0,0,0,0,0.0,0,2,2,4,6.3,0,0,7,0,1,0,Taufik Seidu,Atlético Madrid,1563578,2836
0,0,0.0,0,1,100.0,0,8,8,100.0,0,0.0,0,1,0,0,0,0,0,0,0,0,0,0,1,0,0,0,0,0,0,0,0.0,,0,0,0.0,0,0,0,1,1,0,0,0,,0,0.0,0,0,0,0,0,0,0,0,8,0,0,0,0,0,0,0.0,0,0,0,0,0,0,0,6.3,0,0,0,0,0,0,0,0,0.0,0.0,0,0,0,0,0,0,0.0,0,0,0,0.0,0,0,0,0,0,0.0,1,0,8,8,6.3,0,0,9,0,0,0,Manuel Serrano Salazar,Real Madrid,1145644,2829
0,0,0.0,2,0,0.0,4,1,5,100.0,0,0.0,1,2,0,0,0,0,2,0,0,0,0,0,2,0,0,1,0,5,0,0,0.0,,2,0,0.0,0,0,0,2,2,0,0,0,,1,20.0,0,0,0,0,1,0,0,1,55,0,0,0,0,0,0,0.0,0,0,0,0,4,0,0,6.3,0,0,0,0,0,0,0,0,0.0,0.0,0,0,0,0,0,0,0.0,0,1,1,100.0,0,0,1,2,1,16.67,0,4,1,5,12.6,0,0,12,0,0,0,Hugo López,Villarreal,1966890,2819
1,0,0.0,3,2,100.0,16,43,59,95.16,2,28.57,5,4,0,0,0,0,3,0,0,0,0,4,4,0,0,0,3,10,0,0,0.01,,3,0,0.0,0,0,0,4,3,1,0,0,,3,37.5,0,0,0,3,1,0,0,1,107,0,0,0,0,0,0,0.0,0,0,0,0,5,0,0,6.3,0,0,0,0,0,0,0,0,0.0,0.0,0,0,0,0,0,0,0.0,0,0,0,0.0,0,1,0,0,5,33.33,2,18,44,62,25.2,0,0,76,3,1,0,Bambo Diaby,Elche,849731,2846
0,0,0.0,11,1,50.0,26,21,47,88.68,0,0.0,0,2,0,0,0,0,8,0,0,1,0,1,2,0,0,4,2,15,0,0,0.04,0.07,7,0,0.0,0,0,0,2,1,1,0,0,,7,31.82,0,0,0,6,1,0,0,2,125,0,0,0,0,0,0,0.0,0,0,0,0,18,0,0,6.3,0,0,0,0,0,0,0,0,0.0,0.0,0,0,2,1,0,1,33.33,0,4,2,50.0,0,0,3,0,7,31.82,2,31,22,53,12.6,2,0,80,2,0,0,Ali Houary,Elche,1516812,2846
10,3,16.67,39,17,42.5,82,112,194,76.98,1,7.69,12,11,0,0,0,0,37,0,0,2,1,17,10,0,2,5,5,45,1,1,0.17,0.13,12,0,0.0,0,0,0,10,7,3,0,0,,21,38.89,0,0,0,58,4,1,0,8,600,0,0,0,0,0,1,0.0,0,0,0,0,104,2,0,6.28,2,0,0,0,0,0,0,0,0.0,0.0,0,2,1,0,1,6,35.29,0,15,10,66.67,1,28,17,18,22,32.84,40,122,130,252,62.8,3,0,431,0,2,0,Íñigo Lekue,Athletic Club,801837,2825
0,0,0.0,3,1,100.0,6,6,12,66.67,1,50.0,1,2,0,0,0,0,5,0,1,0,0,0,2,0,0,0,5,8,0,0,0.01,0.16,1,0,0.0,0,0,0,2,2,0,0,0,,0,0.0,0,0,0,6,0,0,0,1,62,0,0,0,0,0,0,0.0,0,0,0,0,8,1,0,6.25,0,0,0,0,0,0,0,0,0.0,0.0,0,1,1,0,2,0,0.0,0,0,0,0.0,0,0,1,0,1,11.11,1,12,6,18,12.5,2,0,27,0,0,0,Andrés Antañón,Celta Vigo,1916256,2821
0,0,0.0,0,0,0.0,0,0,0,0.0,0,0.0,0,1,0,0,0,0,0,0,0,0,0,1,1,0,0,0,1,1,0,0,,,0,0,0.0,0,0,0,1,1,0,0,0,,0,0.0,0,0,0,0,0,0,0,0,9,0,0,0,0,0,0,0.0,0,0,0,0,1,0,0,6.2,0,0,0,0,0,0,0,0,0.0,0.0,0,0,0,0,0,0,0.0,0,0,0,0.0,0,0,0,0,0,0.0,0,0,0,0,6.2,0,0,2,0,0,0,Carlos Ballestero,Deportivo Alavés,1402936,2885
0,0,0.0,0,1,100.0,1,13,14,87.5,1,50.0,1,2,0,0,0,0,2,0,0,0,0,1,1,0,0,0,1,3,0,0,0.0,,1,0,0.0,0,0,0,1,1,0,0,0,,2,50.0,0,0,0,2,2,0,0,0,46,0,0,0,0,0,0,0.0,0,0,0,0,2,0,0,6.1,0,0,0,0,0,0,0,0,0.0,0.0,0,0,0,0,0,0,0.0,0,1,1,100.0,0,0,0,0,3,50.0,1,3,13,16,6.1,0,0,21,1,0,0,Aleksa Purić,Atlético Madrid,1100964,2836
0,0,0.0,8,0,0.0,16,11,27,90.0,1,20.0,4,2,0,0,0,0,4,0,1,1,0,2,2,0,0,3,4,17,0,0,0.21,0.55,1,0,0.0,0,0,0,2,2,0,0,0,,5,27.78,0,0,0,3,0,2,0,2,134,1,0,0,0,0,0,0.0,0,0,0,0,17,2,0,6.1,0,0,0,0,0,0,0,0,0.0,0.0,0,4,0,3,0,2,28.57,0,2,0,0.0,2,0,7,1,6,26.09,0,18,12,30,12.2,4,0,59,1,0,0,Rayane Belaid,Atlético Madrid,1179148,2836
0,0,0.0,2,0,0.0,2,0,2,50.0,0,0.0,0,1,0,0,0,0,0,0,1,0,0,0,1,0,0,0,0,1,0,0,0.0,0.45,1,0,0.0,0,0,0,0,0,0,0,0,,1,50.0,0,0,0,2,0,0,0,0,9,0,0,0,0,0,0,0.0,0,0,0,0,4,0,0,6.1,0,0,0,0,0,0,0,0,0.0,0.0,0,1,0,1,0,0,0.0,0,0,0,0.0,0,1,0,1,1,50.0,1,4,0,4,6.1,1,0,8,1,0,0,Diego Morcillo,Deportivo Alavés,1430809,2885
1,0,0.0,6,2,66.67,13,17,30,93.75,1,14.29,6,1,0,0,0,0,0,0,0,0,0,3,1,0,0,1,0,7,0,0,0.01,0.05,1,0,0.0,0,0,0,3,3,0,0,0,,5,83.33,0,0,0,2,1,0,0,1,90,0,0,0,0,0,0,0.0,0,0,0,0,11,0,0,6.1,0,0,0,0,0,0,0,0,0.0,0.0,0,1,0,1,0,1,100.0,0,0,0,0.0,0,1,1,2,6,46.15,3,13,19,32,6.1,1,0,69,4,0,0,Luis Orejuela,Mallorca,2269442,2826
0,0,0.0,7,1,20.0,12,2,14,48.28,3,27.27,8,4,0,0,0,0,3,0,1,2,0,1,3,0,0,2,0,16,1,0,0.04,0.35,6,0,0.0,0,0,0,3,2,1,0,0,,2,20.0,0,0,0,15,0,0,0,1,81,0,1,0,0,0,0,0.0,0,0,0,0,24,1,0,6.07,0,0,0,0,0,0,0,0,0.0,0.0,0,2,1,1,0,2,66.67,0,0,0,0.0,0,0,3,3,5,23.81,5,20,9,29,18.2,3,0,53,0,0,0,Mikel Goti,Real Sociedad,1136702,2824
1,0,0.0,5,2,22.22,27,65,92,88.46,3,50.0,3,2,0,0,0,0,6,0,0,0,0,1,2,0,0,0,1,6,0,0,0.01,0.12,2,0,0.0,3,0,0,8,8,0,0,0,,2,40.0,0,0,0,12,1,0,0,2,180,0,1,0,0,0,0,0.0,0,0,0,0,13,0,0,5.7,0,0,0,0,0,0,0,0,0.0,0.0,0,1,0,1,0,0,0.0,0,2,0,0.0,0,3,0,0,5,45.45,9,36,68,104,11.4,1,0,119,0,1,0,Ladislav Krejčí,Girona FC,856250,24264
0,0,0.0,0,8,29.63,8,3,11,35.48,0,0.0,0,1,0,0,0,0,7,0,0,0,0,0,1,0,1,0,0,0,0,0,0.0,,0,0,0.0,6,0,0,4,3,1,0,0,-1.82,0,0.0,0,1,0,20,0,0,0,1,90,0,0,0,0,0,0,0.0,0,0,0,0,21,0,0,5.1,1,0,0,2,2,4,0,0,0.0,0.0,0,0,0,0,0,0,0.0,0,0,0,0.0,0,2,0,0,0,0.0,27,26,5,31,5.1,0,0,42,0,0,0,Alex Padilla,Athletic Club,1155116,2825
0,0,0.0,0,0,0.0,0,1,1,50.0,0,0.0,0,1,0,0,0,0,0,0,0,0,0,0,0,0,0,0,0,0,0,0,0.0,,0,0,0.0,0,0,0,0,0,0,0,0,,0,0.0,0,0,0,1,0,0,0,0,3,0,0,0,0,0,0,0.0,0,0,0,0,2,0,0,0.0,0,0,0,0,0,0,0,0,0.0,0.0,0,0,0,0,0,0,0.0,0,0,0,0.0,0,0,0,0,0,0.0,0,1,1,2,0.0,0,0,3,0,0,0,Alvaro Leiva,Real Madrid,1110138,2829
0,0,0.0,0,0,0.0,0,0,0,0.0,0,0.0,0,1,0,0,0,0,0,0,0,0,0,2,0,0,0,0,0,2,0,0,,,2,0,0.0,0,0,0,1,1,0,0,0,,0,0.0,0,0,0,0,0,0,0,0,1,0,0,0,0,0,1,0.0,0,0,0,0,0,0,0,0.0,0,0,0,0,0,0,0,0,0.0,0.0,0,0,0,0,0,0,0.0,0,0,0,0.0,0,0,0,0,0,0.0,0,0,0,0,0.0,0,0,2,0,0,0,Arkaitz Mariezkurrena,Real Sociedad,1526575,2824
0,0,0.0,0,0,0.0,0,1,1,100.0,0,0.0,0,1,0,0,0,0,1,0,0,0,0,0,0,0,0,0,0,1,0,0,0.0,,0,0,0.0,0,0,0,0,0,0,0,0,,2,66.67,0,0,0,0,0,0,0,0,1,0,0,0,0,0,0,0.0,0,0,0,0,1,0,0,0.0,0,0,0,0,0,0,0,0,0.0,0.0,0,0,0,0,0,1,50.0,0,0,0,0.0,0,0,2,0,2,66.67,0,0,1,1,0.0,0,0,4,1,0,0,Dani Pérez,Real Betis,1171626,2816
0,0,0.0,2,0,0.0,2,0,2,100.0,0,0.0,0,1,0,0,0,0,0,0,0,0,0,0,0,0,0,0,0,0,0,0,0.0,,0,0,0.0,0,0,0,0,0,0,0,0,,0,0.0,0,0,0,0,0,0,0,0,1,0,0,0,0,0,0,0.0,0,0,0,0,0,0,0,0.0,0,0,0,0,0,0,0,0,0.0,0.0,0,0,0,0,0,0,0.0,0,0,0,0.0,0,0,0,0,0,0.0,0,2,0,2,0.0,0,0,2,0,0,0,Iñaki Rupérez,Real Sociedad,1657024,2824
0,0,0.0,0,0,0.0,1,0,1,100.0,0,0.0,1,1,0,0,0,0,0,0,0,0,0,0,0,0,0,0,0,1,0,0,0.0,,0,0,0.0,0,0,0,0,0,0,0,0,,0,0.0,0,0,0,0,0,0,0,0,1,0,0,0,0,0,0,0.0,0,0,0,0,1,0,0,0.0,0,0,0,0,0,0,0,0,0.0,0.0,0,0,0,0,0,0,0.0,0,0,0,0.0,0,0,0,1,0,0.0,0,1,0,1,0.0,0,0,3,0,0,0,Lander Pinillos,Deportivo Alavés,1122588,2885
0,0,0.0,0,0,0.0,0,0,0,0.0,0,0.0,0,1,0,0,0,0,1,0,0,0,0,0,0,0,0,1,0,1,0,0,0.0,0.03,0,0,0.0,0,0,0,1,1,0,0,0,,0,0.0,0,0,0,3,0,0,0,0,1,0,0,0,0,0,0,0.0,0,0,0,0,4,0,0,0.0,0,0,0,0,0,0,0,0,0.0,0.0,0,0,1,1,0,0,0.0,0,0,0,0.0,0,0,0,0,0,0.0,0,1,2,3,0.0,1,0,6,0,0,0,Lander Astiazaran,Real Sociedad,1535581,2824
