accurateChippedPasses,accurateCrosses,accurateCrossesPercentage,accurateFinalThirdPasses,accurateLongBalls,accurateLongBallsPercentage,accurateOppositionHalfPasses,accurateOwnHalfPasses,accuratePasses,accuratePassesPercentage,aerialDuelsWon,aerialDuelsWonPercentage,aerialLost,appearances,assists,attemptPenaltyMiss,attemptPenaltyPost,attemptPenaltyTarget,ballRecovery,bigChancesCreated,bigChancesMissed,blockedShots,cleanSheet,clearances,countRating,crossesNotClaimed,directRedCards,dispossessed,dribbledPast,duelLost,errorLeadToGoal,errorLeadToShot,expectedAssists,expectedGoals,fouls,freeKickGoal,goalConversionPercentage,goalKicks,goals,goalsAssistsSum,goalsConceded,goalsConcededInsideTheBox,goalsConcededOutsideTheBox,goalsFromInsideTheBox,goalsFromOutsideTheBox,goalsPrevented,groundDuelsWon,groundDuelsWonPercentage,headedGoals,highClaims,hitWoodwork,inaccuratePasses,interceptions,keyPasses,leftFootGoals,matchesStarted,minutesPlayed,offsides,outfielderBlocks,ownGoals,passToAssist,penaltiesTaken,penaltyConceded,penaltyConversion,penaltyFaced,penaltyGoals,penaltySave,penaltyWon,possessionLost,possessionWonAttThird,punches,rating,redCards,rightFootGoals,runsOut,savedShotsFromInsideTheBox,savedShotsFromOutsideTheBox,saves,savesCaught,savesParried,scoringFrequency,setPieceConversion,shotFromSetPiece,shotsFromInsideTheBox,shotsFromOutsideTheBox,shotsOffTarget,shotsOnTarget,successfulDribbles,successfulDribblesPercentage,successfulRunsOut,tackles,tacklesWon,tacklesWonPercentage,totalAttemptAssist,totalChippedPasses,totalContest,totalCross,totalDuelsWon,totalDuelsWonPercentage,totalLongBalls,totalOppositionHalfPasses,totalOwnHalfPasses,totalPasses,totalRating,totalShots,totwAppearances,touches,wasFouled,yellowCards,yellowRedCards,player,team,player id,team id,Pos
5,0,0.0,1,9,47.37,4,21,25,69.44,2,100.0,0,2,0,0,0,0,14,0,0,0,1,2,1,0,1,0,0,0,0,0,0.0,,0,0,0.0,8,0,0,0,0,0,0,0,1.5,0,0.0,0,2,0,11,0,0,0,1,91,0,,0,0,0,0,0.0,0,0,0,0,13,0,0,8.5,1,0,1,3,2,5,0,2,0.0,0.0,0,0,0,0,0,0,0.0,1,0,0,0.0,0,7,0,0,2,100.0,19,7,29,36,8.5,0,1,58,1,0,0,Günay Güvenç,Galatasaray,103457,3061,GK
0,0,0.0,0,2,50.0,0,29,29,93.55,0,0.0,0,1,0,0,0,0,9,0,0,0,1,1,1,0,0,0,0,0,0,0,0.0,,0,0,0.0,7,0,0,0,0,0,0,0,1.54,0,0.0,0,1,0,2,0,0,0,1,90,0,,0,0,0,0,0.0,0,0,0,0,2,0,0,8.2,0,0,1,3,2,5,0,1,0.0,0.0,0,0,0,0,0,0,0.0,1,0,0,0.0,0,0,0,0,0,0.0,4,1,30,31,8.2,0,1,45,0,0,0,Emir Dadük,Hatayspor,1618350,3091,GK
0,0,0.0,0,6,30.0,1,15,16,50.0,1,100.0,0,1,0,0,0,0,11,0,0,0,0,2,1,0,0,0,0,0,0,1,0.0,,0,0,0.0,12,0,0,5,5,0,0,0,-1.34,0,0.0,0,0,0,16,0,0,0,1,90,0,,0,0,0,0,0.0,0,0,0,0,16,0,1,7.8,0,0,0,8,0,8,0,2,0.0,0.0,0,0,0,0,0,0,0.0,0,0,0,0.0,0,1,0,0,1,100.0,20,12,20,32,7.8,0,0,54,0,0,0,Demir Sarıcalı,Hatayspor,1548585,3091,GK
7,5,31.25,120,7,50.0,200,33,228,66.86,89,60.14,59,29,5,0,0,0,48,11,25,24,6,24,29,0,0,35,1,136,0,0,3.1,23.8,29,0,19.12,0,26,31,18,18,0,25,1,,75,49.34,8,0,3,113,9,32,1,27,2292,40,,0,0,6,0,100.0,0,6,0,3,234,20,0,7.72,0,17,0,0,0,0,0,0,88.15,0.0,0,117,19,56,56,23,54.76,0,7,6,85.71,32,19,42,16,164,54.67,14,315,42,341,223.9,136,7,765,48,4,0,Victor Osimhen,Galatasaray,822471,3061,FW
0,1,16.67,19,3,50.0,27,14,40,75.47,4,66.67,2,3,2,0,0,0,9,2,1,0,0,1,3,0,0,3,1,10,0,0,0.38,1.12,0,0,40.0,0,2,4,1,1,0,2,0,,10,55.56,0,0,0,13,0,5,0,2,174,1,,0,0,0,0,0.0,0,0,0,0,31,1,0,7.7,0,2,0,0,0,0,0,0,87.0,0.0,0,3,2,2,3,6,60.0,0,1,0,0.0,5,2,10,6,14,58.33,6,42,17,53,23.1,5,0,95,3,0,0,Kerem Aktürkoğlu,Galatasaray,903324,3061,MF
0,0,0.0,0,3,50.0,1,9,10,76.92,0,0.0,0,1,0,0,0,0,6,0,0,0,0,1,1,0,0,0,0,0,0,0,0.0,,0,0,0.0,6,0,0,2,2,0,0,0,-0.07,0,0.0,0,2,0,3,0,0,0,1,90,0,,0,0,0,0,0.0,0,0,0,0,3,0,0,7.7,0,0,1,2,3,5,0,4,0.0,0.0,0,0,0,0,0,0,0.0,1,0,0,0.0,0,0,0,0,0,0.0,6,2,11,13,7.7,0,0,28,0,0,0,Halil Bağcı,Gaziantep FK,1384655,5138,GK
59,62,38.99,400,32,54.24,653,191,782,79.39,14,35.9,25,35,13,0,0,0,80,21,6,10,5,13,35,0,0,52,7,117,0,0,10.18,9.71,22,0,26.19,0,11,24,28,25,3,10,1,,81,46.82,0,0,2,203,15,85,8,28,2494,12,,0,1,3,0,100.0,0,3,0,0,440,20,0,7.52,0,3,0,0,0,0,0,0,226.73,0.0,4,32,10,11,21,13,52.0,0,30,15,50.0,84,107,25,159,95,44.81,59,928,216,985,263.2,42,9,1543,38,2,0,Dušan Tadić,Fenerbahçe,38560,3052,MF
107,46,26.9,483,120,59.11,816,336,1106,77.18,17,36.96,29,34,8,0,0,0,151,17,2,10,2,22,34,0,0,44,38,180,0,3,7.49,8.73,50,0,13.24,0,9,17,57,49,8,9,0,,156,50.81,1,0,1,327,16,96,8,33,2897,2,,0,2,7,0,100.0,0,7,0,0,591,25,0,7.5,0,0,0,0,0,0,0,0,321.89,0.0,6,26,42,34,24,23,52.27,0,71,37,52.11,94,199,44,171,173,49.01,203,1213,391,1433,255.0,68,8,2096,62,5,0,Haris Hajradinović,Kasımpaşa,254979,6063,MF
1,0,0.0,4,0,0.0,8,51,59,93.65,0,0.0,1,1,0,0,0,0,2,1,0,0,1,1,1,0,0,0,0,2,0,0,0.02,,1,0,0.0,0,0,0,0,0,0,0,0,,3,75.0,0,0,0,4,2,1,0,1,90,0,,0,0,0,0,0.0,0,0,0,0,6,0,0,7.5,0,0,0,0,0,0,0,0,0.0,0.0,0,0,0,0,0,1,100.0,0,1,1,100.0,1,1,1,1,3,60.0,0,10,54,63,7.5,0,0,72,1,0,0,Batuhan Yavuz,Alanyaspor,1195735,6362,DF
13,7,28.0,258,11,45.83,389,78,460,70.66,61,35.26,112,29,9,0,0,1,93,16,13,18,2,9,29,0,0,37,11,233,0,0,4.95,13.0,29,0,13.68,0,13,22,41,35,6,12,1,,88,42.11,1,0,6,191,7,46,2,28,2494,20,,0,1,6,0,83.33,0,5,0,1,405,34,0,7.46,0,10,0,0,0,0,0,0,191.85,0.0,4,73,22,36,41,44,46.81,0,23,16,69.57,45,29,94,25,149,39.01,24,576,100,651,216.4,95,6,1178,21,5,0,Rômulo,Göztepe,1133743,3054,FW
4,0,0.0,24,5,50.0,49,21,70,69.31,9,37.5,15,7,1,0,0,0,4,3,0,3,0,4,7,0,0,4,0,22,0,0,1.21,2.29,2,0,30.77,0,4,5,3,3,0,4,0,,8,53.33,1,0,0,31,0,7,1,7,527,3,,0,0,1,0,100.0,0,1,0,1,54,1,0,7.41,0,2,0,0,0,0,0,0,131.75,0.0,0,12,1,5,5,0,0.0,0,1,0,0.0,7,8,2,2,17,43.59,10,78,25,101,51.9,13,2,160,7,0,0,Mauro Icardi,Galatasaray,233114,3061,FW
21,12,24.0,131,31,63.27,217,128,333,78.72,1,25.0,3,15,3,0,0,0,46,4,2,9,0,5,15,0,0,11,10,59,0,0,3.09,2.87,15,0,20.0,0,6,9,17,15,2,5,1,,46,45.1,0,0,1,90,5,32,6,11,946,4,,0,1,0,0,0.0,0,0,0,1,194,5,0,7.4,0,0,0,0,0,0,0,0,157.67,0.0,1,15,15,6,15,14,38.89,0,13,9,69.23,31,46,36,50,47,44.34,49,324,149,423,111.0,30,3,657,19,3,0,Oleksandr Zubkov,Trabzonspor,353282,3051,MF
12,0,0.0,135,19,61.29,236,127,363,67.72,72,46.75,82,29,2,0,0,0,86,3,11,10,3,23,29,0,0,34,11,194,0,0,2.33,12.92,45,0,14.61,0,13,15,42,33,9,13,0,,135,54.66,1,0,2,173,4,19,2,29,2501,21,,0,0,0,0,0.0,0,0,0,1,375,26,0,7.36,1,10,0,0,0,0,0,0,192.38,0.0,0,78,11,45,34,43,60.56,0,39,21,53.85,19,26,71,6,207,51.62,31,394,148,536,213.4,89,3,1062,54,5,1,Nuno Da Costa,Kasımpaşa,209374,6063,FW
52,1,33.33,151,100,47.17,509,819,1327,85.39,86,68.8,39,30,1,0,0,0,143,1,9,2,10,158,30,0,0,4,18,89,0,0,0.77,4.31,23,0,13.04,10,3,4,22,22,0,3,0,,101,66.89,3,0,1,227,43,9,0,30,2619,0,,0,0,0,1,0.0,0,0,0,0,266,5,0,7.35,0,0,0,0,0,0,0,0,873.0,0.0,0,22,1,14,7,20,76.92,0,62,43,69.35,9,104,26,3,187,67.75,212,671,886,1554,220.6,23,7,2012,21,7,0,Davinson Sánchez,Galatasaray,566102,3061,DF
93,0,0.0,68,239,42.83,148,584,732,68.99,16,94.12,1,32,0,0,0,0,278,0,0,0,13,18,32,2,0,0,0,2,1,2,0.1,,1,0,0.0,171,0,0,41,36,5,0,0,7.6,9,90.0,0,28,0,329,1,0,0,32,2880,0,,0,0,0,1,0.0,12,0,3,0,339,0,9,7.35,0,0,12,77,37,115,0,26,0.0,0.0,0,0,0,0,0,3,100.0,12,1,1,100.0,0,133,3,0,25,92.59,558,431,630,1061,235.2,0,4,1385,12,3,0,Uğurcan Çakır,Trabzonspor,754330,3051,GK
22,42,22.83,387,70,42.68,793,550,1301,84.54,43,57.33,32,33,8,0,0,0,166,8,0,6,9,76,33,0,0,25,29,147,1,2,4.27,0.95,30,0,0.0,3,0,8,31,28,3,0,0,,158,57.88,0,0,1,238,26,49,0,31,2758,2,,0,1,0,0,0.0,0,0,0,0,525,5,0,7.33,0,0,0,0,0,0,0,0,0.0,0.0,9,5,24,16,7,58,63.74,0,72,41,56.94,48,77,91,184,201,57.76,164,1108,615,1539,241.8,29,5,2505,29,9,0,Arthur Masuaku,Beşiktaş JK,174975,3050,DF
25,41,26.28,298,32,55.17,489,126,574,77.25,8,28.57,20,28,5,0,0,0,112,13,6,7,2,20,28,0,0,7,14,89,0,1,6.64,3.85,30,0,9.68,0,3,8,22,19,3,2,1,,92,57.14,1,0,2,169,12,58,0,24,2051,10,,0,0,0,0,0.0,0,0,0,1,365,20,0,7.33,0,2,0,0,0,0,0,0,683.67,0.0,0,23,8,12,12,15,41.67,0,50,25,50.0,58,57,36,156,100,52.91,58,742,157,743,205.1,31,4,1226,28,2,0,Milot Rashica,Beşiktaş JK,800411,3050,MF
12,13,20.0,133,11,57.89,218,64,269,75.56,6,60.0,4,20,3,0,0,0,56,8,0,11,1,6,20,0,0,18,5,74,0,0,3.15,1.98,11,0,9.76,0,4,7,13,12,1,3,1,,92,56.79,0,0,1,87,2,30,1,14,1211,4,,0,0,0,0,0.0,0,0,0,1,237,14,0,7.32,0,3,0,0,0,0,0,0,302.75,0.0,0,20,21,12,18,52,59.09,0,20,14,70.0,30,22,88,65,98,56.98,19,345,76,356,146.3,41,2,699,20,3,0,Allan Saint-Maximin,Fenerbahçe,347010,3052,MF
36,15,24.59,491,29,60.42,762,219,966,78.86,11,33.33,22,35,5,0,0,0,131,15,18,18,3,3,35,0,0,48,27,172,1,1,6.48,15.04,15,0,13.48,0,12,17,34,31,3,11,1,,147,49.49,1,0,1,259,9,62,0,35,3090,9,,0,0,0,0,0.0,0,0,0,2,534,28,0,7.31,0,11,0,0,0,0,0,0,257.5,0.0,1,64,25,28,43,60,48.0,0,23,15,65.22,62,70,125,61,158,47.88,48,1034,252,1225,255.9,89,7,1849,64,5,0,Rafa Silva,Beşiktaş JK,252577,3050,MF
84,7,26.92,396,92,58.23,801,654,1448,84.63,10,26.32,28,31,4,0,0,0,160,5,2,17,6,30,31,0,0,30,24,133,0,0,3.72,3.28,38,0,10.87,0,5,9,29,25,4,4,1,,149,58.66,0,0,0,263,31,34,4,29,2582,1,,0,0,0,0,0.0,0,0,0,1,383,19,0,7.3,0,1,0,0,0,0,0,0,516.4,0.0,1,20,26,14,15,15,45.45,0,72,32,44.44,34,159,33,26,159,54.45,158,1033,704,1711,226.4,46,1,2201,63,8,0,Fred,Fenerbahçe,243623,3052,MF
49,0,0.0,35,212,43.8,131,356,487,63.83,8,88.89,1,26,0,0,0,0,291,0,0,0,5,12,26,2,0,0,2,3,4,3,0.05,,0,0,0.0,206,0,0,40,34,6,0,0,8.21,7,77.78,0,36,0,276,0,1,0,25,2295,0,,0,0,0,0,0.0,5,0,0,0,285,0,5,7.29,0,0,5,70,33,103,0,25,0.0,0.0,0,0,0,0,0,0,0.0,5,0,0,0.0,1,64,0,0,15,83.33,484,371,392,763,189.6,0,0,1099,10,3,0,Ali Şaşal Vural,Sivasspor,94540,3076,GK
21,20,20.41,191,15,31.91,357,191,528,78.92,11,42.31,15,25,3,0,0,0,94,8,3,4,2,25,24,0,0,10,13,65,0,1,3.78,5.24,15,0,20.0,0,7,10,20,16,4,6,1,,65,56.52,0,0,2,141,12,27,3,18,1589,3,,0,0,0,0,0.0,0,0,0,0,277,16,0,7.28,0,4,0,0,0,0,0,0,227.0,0.0,0,19,16,16,15,15,51.72,0,36,20,55.56,27,46,29,98,76,53.9,47,547,220,669,174.7,35,3,1102,14,1,0,Oğuz Aydın,Fenerbahçe,999396,3052,MF
54,48,29.63,319,58,65.91,536,233,721,79.49,3,42.86,4,30,6,0,0,0,98,18,7,19,2,6,30,0,1,21,25,84,0,0,7.25,4.72,16,0,6.45,0,4,10,30,25,5,2,2,,77,49.04,0,0,2,186,23,69,1,25,2146,5,,0,1,0,2,0.0,0,0,0,1,396,27,0,7.27,1,3,0,0,0,0,0,0,536.5,0.0,2,38,24,31,12,24,54.55,0,31,22,70.97,68,84,44,162,80,48.78,88,798,271,907,218.2,62,3,1418,22,3,0,Edin Višća,Trabzonspor,109779,3051,MF
24,10,25.64,316,19,39.58,502,171,663,82.67,9,40.91,13,30,10,0,0,0,109,14,2,15,3,12,30,0,0,31,17,123,0,0,5.88,4.15,16,0,13.73,0,7,17,17,17,0,5,2,,63,36.42,0,0,1,139,13,51,4,25,2126,5,,0,1,0,0,0.0,0,0,0,0,309,23,0,7.27,0,3,0,0,0,0,0,0,303.71,0.0,0,27,24,16,20,37,43.53,0,15,11,73.33,50,51,85,39,72,36.92,48,647,194,802,218.0,51,3,1185,11,4,0,Yunus Akgün,Galatasaray,857738,3061,MF
19,4,36.36,148,11,55.0,262,121,379,72.19,96,50.0,96,33,2,0,0,3,60,6,20,17,3,24,33,0,1,34,15,198,0,1,2.05,19.37,34,0,19.81,0,21,23,42,38,4,21,0,,76,42.7,6,0,3,146,3,26,2,29,2619,12,,0,0,8,0,62.5,0,5,0,1,266,16,0,7.26,1,13,0,0,0,0,0,0,124.71,0.0,0,86,20,36,53,15,38.46,0,12,9,75.0,26,31,39,11,172,46.49,20,387,149,525,239.6,106,5,925,52,6,0,Krzysztof Piątek,Başakşehir FK,558738,3086,FW
50,42,25.77,233,38,53.52,393,145,496,71.37,3,25.0,9,33,7,0,0,0,76,17,5,8,0,11,33,0,0,20,21,81,0,0,6.22,4.05,26,0,11.36,0,5,12,19,19,0,5,0,,67,48.2,0,0,0,199,9,65,0,22,1814,2,,0,2,1,0,100.0,0,1,0,2,392,20,0,7.25,0,5,0,0,0,0,0,0,362.8,0.0,8,28,16,14,22,5,41.67,0,38,22,57.89,63,98,12,163,70,46.36,71,686,172,695,239.3,44,2,1112,24,3,0,Dries Mertens,Galatasaray,32493,3061,MF
41,7,26.92,198,39,67.24,331,170,494,68.14,72,51.8,67,35,4,1,0,0,55,9,18,18,2,40,35,0,0,28,7,128,1,1,4.13,15.95,17,0,13.08,0,14,18,25,21,4,14,0,,68,52.71,0,0,3,231,2,48,2,24,2247,17,,0,1,4,0,75.0,0,3,0,0,345,14,0,7.24,0,12,0,0,0,0,0,0,160.5,0.0,0,92,15,44,45,12,46.15,0,14,6,42.86,47,75,26,26,140,52.24,58,543,208,725,253.4,107,3,1144,45,1,0,Edin Džeko,Fenerbahçe,14990,3052,FW
3,0,0.0,48,6,60.0,81,38,119,76.28,11,68.75,5,11,1,0,0,0,16,2,2,4,2,7,11,0,0,12,4,40,0,0,1.33,3.88,18,0,26.32,0,5,6,5,5,0,5,0,,27,43.55,1,0,0,37,1,12,1,5,561,3,,0,0,1,0,100.0,0,1,0,1,70,4,0,7.24,0,3,0,0,0,0,0,0,112.2,0.0,0,16,3,6,9,2,50.0,0,14,8,57.14,12,9,4,8,38,48.72,10,116,48,156,79.6,19,1,264,11,2,0,Álvaro Morata,Galatasaray,125407,3061,MF
47,0,0.0,42,168,31.23,97,779,876,69.91,17,94.44,1,34,0,0,0,0,294,0,0,0,10,55,34,1,0,0,0,1,1,4,0.09,,0,0,0.0,248,0,0,44,40,4,0,0,8.64,13,100.0,0,38,0,377,1,1,0,34,3015,0,,0,0,0,0,0.0,3,0,0,0,385,0,21,7.24,0,0,18,79,34,115,0,30,0.0,0.0,0,0,0,0,0,2,100.0,18,3,2,66.67,1,87,2,0,30,96.77,538,417,836,1253,246.0,0,4,1651,10,5,0,Berke Özer,Eyüpspor,847494,7040,GK
91,12,52.17,176,124,52.99,502,893,1383,84.18,116,61.38,73,32,2,0,0,0,127,4,2,3,11,136,32,0,0,8,5,110,1,2,1.84,1.87,26,0,15.79,30,3,5,28,27,1,3,0,,54,59.34,2,0,1,260,55,16,1,32,2757,1,,0,0,0,2,0.0,0,0,0,0,304,3,0,7.23,0,0,0,0,0,0,0,0,919.0,0.0,0,15,4,6,10,9,81.82,0,29,24,82.76,16,165,11,23,170,60.71,234,696,970,1643,231.5,19,4,2067,19,4,0,Abdülkerim Bardakcı,Galatasaray,178963,3061,DF
7,0,0.0,128,12,63.16,199,142,341,77.68,81,51.59,76,27,4,0,0,1,42,7,9,28,1,29,27,0,0,48,7,196,0,0,1.36,10.67,49,0,12.5,0,12,16,42,35,7,12,0,,102,45.95,2,0,3,98,3,20,2,26,2203,20,,0,0,3,0,66.67,0,2,0,0,273,11,0,7.23,1,8,0,0,0,0,0,0,183.58,0.0,18,64,32,35,33,22,45.83,0,8,5,62.5,20,16,48,9,183,48.28,19,297,151,439,195.3,96,3,901,73,7,1,Rey Manaj,Sivasspor,587882,3076,FW
19,1,11.11,93,22,78.57,170,81,250,80.13,12,40.0,18,16,1,0,0,0,35,1,6,18,0,6,16,0,0,12,6,57,0,0,0.91,8.62,19,1,13.85,0,9,10,13,10,3,7,2,,31,44.29,1,0,1,62,2,12,8,12,1034,2,,0,0,4,2,100.0,0,4,0,0,117,10,0,7.23,0,0,0,0,0,0,0,0,114.89,11.11,9,32,33,17,30,10,62.5,0,6,5,83.33,12,28,16,9,43,43.0,28,227,94,312,115.7,65,2,491,16,3,0,Talisca,Fenerbahçe,329245,3052,FW
34,2,8.33,395,41,56.94,706,441,1145,84.56,19,32.76,39,34,0,0,0,1,180,4,5,19,7,30,34,0,0,38,37,191,0,1,3.75,6.4,44,0,13.46,0,7,7,32,29,3,7,0,,216,58.7,1,0,2,209,36,35,0,34,2952,6,,1,0,2,0,50.0,0,1,0,1,395,21,0,7.22,1,6,0,0,0,0,0,0,421.71,0.0,2,32,20,16,17,57,60.64,0,84,54,64.29,35,58,94,24,235,55.16,72,890,488,1354,245.5,52,3,1997,77,2,1,Gedson Fernandes,Beşiktaş JK,862055,3050,MF
15,0,0.0,13,58,34.32,35,158,193,62.66,1,50.0,1,11,0,0,0,0,90,0,0,0,1,8,11,0,0,0,0,1,1,1,0.02,,0,0,0.0,78,0,0,25,21,4,0,0,0.53,1,100.0,0,11,0,115,0,0,0,11,990,0,,1,0,0,0,0.0,1,0,0,0,120,0,2,7.22,0,0,7,35,16,51,0,12,0.0,0.0,0,0,0,0,0,1,100.0,7,0,0,0.0,0,34,1,0,2,66.67,169,127,181,308,79.4,0,2,433,0,1,0,Onurcan Piri,Kayserispor,213542,3072,GK
20,57,42.86,242,11,73.33,449,183,575,84.06,18,30.51,41,33,9,0,0,0,127,8,7,14,0,7,33,0,0,28,15,130,0,0,4.73,5.88,25,0,9.09,1,5,14,24,21,3,5,0,,66,42.58,0,0,4,109,9,67,0,22,1868,8,,0,1,0,0,0.0,0,0,0,0,283,29,0,7.22,0,5,0,0,0,0,0,0,373.6,0.0,2,31,24,18,23,15,40.54,0,22,11,50.0,66,35,37,133,84,39.25,15,613,204,684,238.1,55,1,1106,29,1,0,David Tijanič,Göztepe,827369,3054,MF
57,56,34.78,351,53,60.92,673,427,1044,83.39,26,52.0,24,30,8,0,0,0,113,12,4,16,3,22,30,0,0,29,21,118,0,1,7.62,3.86,19,0,3.7,0,2,10,22,21,1,2,0,,69,42.33,0,0,2,208,16,69,2,27,2271,1,,0,1,0,0,0.0,0,0,0,0,412,8,0,7.21,0,0,0,0,0,0,0,0,1135.5,0.0,6,18,36,25,13,18,41.86,0,23,15,65.22,68,112,43,161,95,44.6,87,942,471,1252,216.2,54,5,1743,29,4,0,Gabriel Sara,Galatasaray,913593,3061,MF
13,4,33.33,91,9,60.0,161,69,226,70.85,85,48.57,90,34,4,0,0,0,30,6,24,14,2,21,34,0,0,23,8,152,0,0,1.71,18.04,18,0,18.52,0,20,24,27,24,3,18,2,,39,38.61,10,0,6,93,2,21,7,22,2002,17,,0,0,0,0,0.0,0,0,0,2,193,11,0,7.21,0,3,0,0,0,0,0,0,100.1,0.0,0,102,6,51,43,7,26.92,0,13,9,69.23,21,19,26,12,124,44.93,15,245,86,319,245.0,108,4,652,19,4,0,Youssef En-Nesyri,Fenerbahçe,846470,3052,FW
94,2,22.22,311,75,55.97,751,627,1376,88.95,18,40.91,26,32,5,0,0,0,193,6,5,6,7,54,32,0,0,7,43,118,0,1,2.91,1.89,41,0,15.38,0,4,9,25,24,1,3,1,,122,57.01,1,0,3,171,33,34,1,32,2765,0,,0,0,0,0,0.0,0,0,0,0,230,18,0,7.2,0,2,0,0,0,0,0,0,691.25,0.0,0,13,13,11,9,9,56.25,0,74,47,63.51,34,129,16,9,140,54.26,134,886,670,1547,230.4,26,1,1932,40,4,0,Lucas Torreira,Galatasaray,754794,3061,MF
2,0,0.0,4,0,0.0,5,2,7,70.0,0,0.0,0,2,1,0,0,0,2,1,0,0,0,0,2,0,0,0,0,2,0,0,0.38,0.06,2,0,0.0,0,0,1,0,0,0,0,0,,3,60.0,0,0,0,3,0,1,0,0,25,0,,0,0,0,0,0.0,0,0,0,0,7,0,0,7.2,0,0,0,0,0,0,0,0,0.0,0.0,0,0,2,2,0,0,0.0,0,2,1,50.0,1,2,1,1,3,60.0,0,8,3,10,14.4,2,0,21,1,1,0,Svit Sešlar,Eyüpspor,946291,7040,MF
3,0,0.0,2,6,35.29,4,23,27,71.05,0,0.0,0,2,0,0,0,0,17,0,0,0,0,1,2,0,0,0,0,0,0,0,0.01,,0,0,0.0,10,0,0,3,3,0,0,0,0.54,0,0.0,0,2,0,11,0,0,0,2,180,0,,0,0,0,0,0.0,0,0,0,0,12,0,0,7.2,0,0,0,5,2,7,2,2,0.0,0.0,0,0,0,0,0,0,0.0,0,0,0,0.0,0,5,0,0,0,0.0,17,12,26,38,14.4,0,0,59,0,3,0,Ersin Destanoğlu,Beşiktaş JK,913656,3050,GK
103,48,35.82,367,123,74.1,683,535,1170,86.99,14,32.56,29,34,5,0,0,0,143,9,2,13,1,20,34,0,0,36,30,153,1,2,5.36,6.2,44,0,17.95,0,7,12,43,38,5,6,1,,101,44.89,0,0,1,175,25,82,1,33,2634,2,,0,1,4,0,100.0,0,4,0,0,375,18,0,7.2,0,6,0,0,0,0,0,0,376.29,0.0,7,12,27,13,13,21,56.76,0,43,25,58.14,81,152,37,134,115,42.91,166,904,575,1345,244.7,39,3,1865,37,7,0,Alexandru Maxim,Gaziantep FK,180511,5138,MF
54,64,35.96,202,76,53.15,427,296,659,76.54,26,43.33,34,34,7,0,0,0,112,20,4,10,4,24,34,0,0,25,18,110,0,0,8.83,3.2,23,1,11.63,0,5,12,33,31,2,4,1,,77,50.33,0,0,2,202,8,69,4,26,2256,4,,0,0,0,1,0.0,0,0,0,0,424,19,0,7.2,1,1,0,0,0,0,0,0,451.2,8.33,12,19,24,17,16,28,65.12,0,18,10,55.56,69,112,43,178,103,48.36,143,702,337,861,244.7,43,4,1371,32,7,1,Deniz Türüç,Başakşehir FK,252207,3086,MF
27,31,20.39,269,35,50.72,443,268,680,79.53,39,39.0,61,33,7,0,0,0,116,14,9,16,5,25,33,0,0,32,20,185,0,0,8.2,7.81,45,0,11.76,0,8,15,44,40,4,8,0,,96,43.64,1,0,4,175,4,50,2,33,2868,18,,0,1,1,0,100.0,0,1,0,2,430,20,0,7.2,0,5,0,0,0,0,0,0,358.5,0.0,0,50,18,22,30,31,50.82,0,27,19,70.37,49,50,61,152,135,42.19,69,705,302,855,237.5,68,3,1423,39,9,0,Miguel Cardoso,Kayserispor,344009,3072,MF
26,21,19.81,313,18,45.0,487,151,617,75.43,74,52.11,68,32,3,0,0,0,97,8,11,23,3,14,32,0,0,44,17,256,0,0,6.55,7.21,65,0,15.79,0,12,15,27,26,1,10,2,,127,40.32,0,0,1,201,19,46,5,29,2609,4,,0,2,0,0,0.0,0,0,0,0,508,21,0,7.19,0,7,0,0,0,0,0,0,217.42,0.0,1,61,15,23,30,46,39.66,0,34,25,73.53,44,53,116,106,201,43.98,40,737,187,818,230.2,76,3,1500,48,9,0,Barış Alper Yılmaz,Galatasaray,904096,3061,MF
80,46,25.27,306,109,42.25,624,459,1037,76.14,40,54.79,33,35,7,0,0,0,129,6,1,1,7,91,35,0,0,9,31,110,0,1,3.91,0.94,36,2,18.18,0,2,9,40,37,3,0,2,,116,60.1,0,0,0,325,37,62,0,35,2894,0,,1,1,0,0,0.0,0,0,0,0,533,6,0,7.19,0,2,0,0,0,0,0,0,1447.0,22.22,9,1,10,5,5,12,75.0,0,81,47,58.02,61,152,16,182,156,58.65,258,991,553,1362,251.6,11,5,2168,24,8,0,Zeki Yavru,Samsunspor,140735,3053,DF
18,0,0.0,7,34,35.42,24,119,143,68.75,2,100.0,0,6,0,0,0,0,46,0,0,0,2,5,6,0,0,0,0,0,1,0,0.01,,0,0,0.0,27,0,0,9,8,1,0,0,1.35,0,0.0,0,5,0,65,0,0,0,6,540,0,,0,0,0,0,0.0,3,0,1,0,66,0,3,7.18,0,0,3,17,5,22,0,4,0.0,0.0,0,0,0,0,0,0,0.0,3,0,0,0.0,0,35,0,0,2,100.0,96,74,134,208,43.1,0,1,266,1,0,0,Abdullah Yiğiter,Antalyaspor,827515,3056,GK
31,0,0.0,35,203,38.74,147,395,542,62.59,11,100.0,0,32,0,0,0,0,315,0,0,0,13,32,32,0,0,0,1,1,2,2,0.12,,0,0,0.0,216,0,0,32,28,4,0,0,3.55,8,88.89,0,50,0,324,0,1,0,31,2850,0,,0,0,0,0,0.0,3,0,0,0,333,0,12,7.18,0,0,23,53,34,88,0,18,0.0,0.0,0,0,0,0,0,2,100.0,23,1,1,100.0,1,50,2,0,19,95.0,524,409,457,866,229.8,0,2,1252,6,4,0,Diogo Sousa,Bodrum FK,882110,202390,GK
43,1,100.0,88,58,59.18,348,517,864,89.91,64,67.37,31,20,1,0,0,0,63,1,0,1,4,107,20,0,0,2,4,49,0,1,0.61,0.6,12,0,11.11,0,1,2,19,16,3,1,0,,27,60.0,1,0,1,97,28,4,0,20,1640,0,,0,0,0,0,0.0,0,0,0,0,104,0,0,7.18,0,0,0,0,0,0,0,0,1640.0,0.0,0,6,3,6,2,4,100.0,0,10,8,80.0,4,67,4,1,91,65.0,98,414,548,961,143.6,9,3,1179,13,1,0,Gabriel Paulista,Beşiktaş JK,124737,3050,DF
89,0,0.0,49,230,47.92,136,778,914,77.99,14,93.33,1,34,0,0,0,0,320,0,0,0,12,29,34,1,0,0,1,3,1,1,0.09,0.79,0,0,100.0,187,1,1,31,30,1,1,0,7.0,7,77.78,0,25,0,258,1,0,0,34,3059,0,,0,0,1,0,100.0,7,1,1,0,263,0,4,7.18,0,1,29,52,28,81,4,12,3059.0,0.0,0,1,0,0,1,2,66.67,27,0,0,0.0,0,139,3,0,21,87.5,480,338,834,1172,244.1,1,2,1499,9,8,0,Fernando Muslera,Galatasaray,28381,3061,GK
30,22,22.45,310,63,39.13,594,504,1076,80.18,35,64.81,19,33,4,0,0,0,129,5,0,7,10,89,33,0,0,19,5,72,0,1,2.9,0.65,17,0,4.35,0,1,5,32,29,3,0,1,,92,63.45,0,0,1,266,55,32,1,32,2763,4,,0,1,0,0,0.0,0,0,0,0,463,15,0,7.17,0,0,0,0,0,0,0,0,2763.0,0.0,0,9,14,11,5,21,60.0,0,49,30,61.22,31,73,35,98,127,63.82,161,847,593,1342,236.7,23,3,2189,24,5,0,Marc Bola,Samsunspor,862083,3053,DF
19,11,23.4,119,12,66.67,216,114,319,82.01,3,42.86,4,18,4,0,0,0,50,15,0,2,0,2,18,0,0,25,8,62,0,0,4.27,0.77,6,0,5.26,0,1,5,16,14,2,1,0,,70,54.69,0,0,3,70,5,30,1,12,1038,1,,0,0,0,0,0.0,0,0,0,0,187,8,0,7.17,0,0,0,0,0,0,0,0,1038.0,0.0,2,4,15,11,6,35,64.81,0,15,7,46.67,30,34,54,47,73,54.07,18,306,130,389,129.0,19,1,653,20,7,0,Emre Mor,Eyüpspor,826258,7040,MF
91,50,28.74,320,111,60.66,635,514,1099,83.64,21,44.68,26,31,9,0,0,0,112,12,0,7,1,22,31,0,0,30,23,145,0,0,5.67,3.36,53,0,10.26,0,4,13,51,48,3,3,1,,64,34.97,1,0,1,215,13,60,1,27,2392,1,,0,1,1,0,100.0,0,1,0,0,441,9,0,7.16,0,2,0,0,0,0,0,0,598.0,0.0,5,10,29,18,14,11,44.0,0,34,17,50.0,59,144,25,174,85,36.96,183,929,559,1314,222.1,39,2,1815,19,9,0,Görkem Sağlam,Hatayspor,795001,3091,MF
27,14,31.11,76,25,51.02,165,158,309,76.3,12,80.0,3,11,4,0,0,0,49,7,0,2,1,14,11,0,0,3,14,34,0,1,2.24,0.35,7,0,0.0,0,0,4,19,17,2,0,0,,37,54.41,0,0,0,96,20,17,0,9,943,2,,0,0,0,0,0.0,0,0,0,0,173,3,0,7.16,0,0,0,0,0,0,0,0,0.0,0.0,0,2,11,9,2,9,56.25,0,16,13,81.25,17,40,16,45,49,59.04,49,258,192,405,78.8,13,0,681,13,3,0,Erdoğan Yeşilyurt,Antalyaspor,142541,3056,DF
113,53,27.75,335,128,63.37,675,562,1184,83.03,20,51.28,19,33,5,0,0,0,159,13,3,7,5,36,33,0,0,13,54,150,0,1,5.74,2.98,49,0,8.57,1,3,8,48,42,6,3,0,,98,42.79,0,0,2,242,29,50,0,32,2828,2,,0,0,1,1,100.0,0,1,0,0,455,18,0,7.15,0,3,0,0,0,0,0,0,942.67,0.0,7,10,25,12,16,10,32.26,0,60,39,65.0,50,186,31,191,118,44.03,202,1010,607,1426,236.1,35,1,1985,32,10,0,Kartal Kayra Yılmaz,Kayserispor,966811,3072,MF
44,6,10.34,283,52,60.47,498,289,781,78.49,33,42.86,44,32,7,0,0,0,161,10,4,17,3,27,32,0,0,47,10,190,0,1,4.01,5.46,54,0,13.33,0,6,13,46,40,6,6,0,,180,55.21,0,0,0,214,35,38,3,31,2718,1,,0,0,0,1,0.0,0,0,0,0,454,18,0,7.15,1,3,0,0,0,0,0,0,453.0,0.0,0,31,14,16,12,56,57.14,0,61,39,63.93,38,73,98,58,213,52.85,86,707,346,995,228.9,45,4,1631,65,5,1,Ibrahim Olawoyin,Çaykur Rizespor,1008173,3064,MF
66,2,28.57,435,101,63.92,791,441,1230,85.54,18,47.37,20,32,2,1,1,1,177,3,4,23,2,17,31,0,0,27,13,96,0,1,1.98,7.7,25,0,8.45,0,6,8,32,30,2,5,1,,80,51.28,0,0,2,208,18,23,1,28,2412,1,,0,0,5,0,40.0,0,2,0,0,309,15,0,7.15,0,5,0,0,0,0,0,0,402.0,0.0,0,28,43,25,23,28,68.29,0,33,21,63.64,23,116,41,7,98,50.52,158,957,488,1438,221.7,71,2,1797,19,7,0,Olivier Ntcham,Samsunspor,352676,3053,MF
51,44,31.21,237,58,60.42,394,140,490,74.36,21,35.59,38,32,3,0,0,0,122,9,1,9,1,8,32,0,0,33,42,179,0,0,6.23,3.58,45,2,7.02,0,4,7,36,30,6,2,2,,126,47.19,0,0,2,169,14,59,0,30,2495,6,,0,2,0,0,0.0,0,0,0,0,389,20,0,7.15,0,4,0,0,0,0,0,0,623.75,14.29,14,16,41,32,16,28,50.91,0,40,20,50.0,57,92,55,141,147,45.09,96,623,177,659,228.8,57,2,1214,60,4,0,Pedrinho,Konyaspor,1015939,3085,MF
60,28,21.54,313,47,39.5,536,321,829,73.49,24,39.34,37,34,1,0,0,0,146,10,1,16,8,49,34,0,1,26,57,195,0,1,4.86,2.92,44,0,8.33,0,4,5,30,28,2,2,2,,167,51.38,1,0,4,299,26,48,1,31,2767,8,,0,0,0,0,0.0,0,0,0,0,535,13,0,7.15,1,2,0,0,0,0,0,0,691.75,0.0,5,23,25,18,14,36,51.43,0,74,47,63.51,48,121,70,130,191,49.48,119,867,391,1128,243.1,48,0,1819,60,2,0,Fredy,Bodrum FK,845281,202390,MF
30,24,29.63,212,26,56.52,325,147,448,80.72,4,28.57,10,23,4,0,0,0,73,4,2,16,0,6,23,0,0,26,9,71,0,0,2.99,2.79,15,0,2.22,0,1,5,10,9,1,1,0,,73,54.48,0,0,4,107,3,38,0,16,1369,4,,0,1,0,0,0.0,0,0,0,0,240,12,0,7.14,0,1,0,0,0,0,0,0,1369.0,0.0,7,19,26,18,11,26,70.27,0,15,11,73.33,37,58,37,81,77,52.03,46,473,163,555,164.3,45,0,881,33,2,0,Enis Bardhi,Bodrum FK,355024,202390,MF
30,27,27.0,259,42,79.25,482,258,713,87.7,3,16.67,15,31,10,0,0,0,84,13,2,14,2,5,29,0,0,37,8,101,0,0,4.68,3.48,27,0,13.51,0,5,15,21,20,1,4,1,,76,46.91,0,0,0,100,3,45,5,14,1550,4,,0,0,1,0,100.0,0,1,0,0,264,18,0,7.14,0,0,0,0,0,0,0,0,310.0,0.0,6,20,17,12,11,17,48.57,0,20,10,50.0,45,45,35,100,79,43.89,53,639,274,813,207.1,37,3,1187,39,4,0,Muhammed-Cham Saračević,Trabzonspor,958901,3051,
11,2,18.18,159,6,54.55,262,126,386,70.18,29,43.94,37,30,4,0,0,0,30,8,10,21,2,23,30,0,0,25,4,94,0,1,4.89,14.21,20,0,22.39,0,15,19,20,20,0,15,0,,45,44.12,2,0,1,164,3,29,1,26,2031,14,,0,0,8,0,100.0,0,8,0,1,270,10,0,7.14,0,12,0,0,0,0,0,0,135.4,0.0,3,56,11,21,25,15,60.0,0,13,4,30.77,29,21,25,11,74,44.05,11,416,145,550,214.2,67,2,841,17,4,0,Ciro Immobile,Beşiktaş JK,45923,3050,FW
18,0,0.0,3,91,33.58,55,233,288,61.15,14,100.0,0,15,0,0,0,0,174,0,0,0,1,20,15,0,0,0,0,0,0,0,0.01,,0,0,0.0,154,0,0,33,31,2,0,0,-1.11,2,100.0,0,17,0,183,0,0,0,15,1350,0,,0,0,0,0,0.0,6,0,1,0,189,0,15,7.14,0,0,3,42,14,58,0,8,0.0,0.0,0,0,0,0,0,0,0.0,3,0,0,0.0,0,35,0,0,16,100.0,271,204,267,471,107.1,0,1,682,6,2,0,Visar Bekaj,Hatayspor,890652,3091,GK
15,0,0.0,25,95,31.56,69,140,209,50.12,7,87.5,1,18,1,0,0,0,170,0,0,0,4,20,18,2,0,0,0,1,2,1,0.02,,0,0,0.0,110,0,1,21,18,3,0,0,4.22,6,100.0,0,23,0,208,0,1,0,17,1491,0,,0,0,0,0,0.0,3,0,1,0,210,0,8,7.14,0,0,12,37,20,61,0,11,0.0,0.0,0,0,0,0,0,0,0.0,11,2,2,100.0,1,22,0,0,13,92.86,301,244,173,417,128.5,0,1,625,6,3,0,Burak Bozan,Gaziantep FK,934201,5138,MF
14,4,66.67,87,11,61.11,160,102,258,73.3,80,42.33,109,31,4,0,0,1,34,2,16,11,8,19,31,0,0,42,6,222,0,0,1.23,17.55,62,0,25.33,0,19,23,36,31,5,19,0,,69,37.91,5,0,2,94,11,18,3,29,2553,7,,0,0,6,2,83.33,0,5,0,1,222,12,0,7.13,0,11,0,0,0,0,0,0,134.37,0.0,0,71,4,28,36,13,44.83,0,13,5,38.46,18,25,29,6,149,40.16,18,247,111,352,221.1,75,4,744,44,5,0,Simon Banza,Trabzonspor,825945,3051,FW
59,15,24.59,233,46,86.79,394,163,542,84.03,19,51.35,18,20,4,0,0,0,53,7,3,12,1,14,20,0,0,36,4,91,0,0,3.8,2.46,19,0,3.33,0,1,5,18,17,1,1,0,,56,43.41,1,0,0,103,7,39,0,13,1342,7,,0,0,0,0,0.0,0,0,0,0,240,8,0,7.13,0,0,0,0,0,0,0,0,1342.0,0.0,0,22,8,13,5,28,62.22,0,13,6,46.15,39,85,45,61,75,45.18,53,531,175,645,142.6,30,0,964,15,4,0,Anthony Nwakaeme,Trabzonspor,139455,3051,MF
13,5,62.5,66,26,70.27,211,232,438,89.02,18,72.0,7,12,2,0,0,0,45,4,0,3,2,14,12,0,0,4,4,42,0,0,0.95,0.82,25,0,8.33,0,1,3,6,6,0,1,0,,33,48.53,1,0,1,54,12,13,0,9,802,1,,0,0,0,0,0.0,0,0,0,0,78,2,0,7.13,0,0,0,0,0,0,0,0,802.0,0.0,0,6,6,5,4,11,68.75,0,18,9,50.0,13,21,16,8,51,54.84,37,243,257,492,85.5,12,1,615,4,2,0,Mario Lemina,Galatasaray,307284,3061,MF
81,0,0.0,17,197,46.24,93,597,690,74.03,12,92.31,1,34,0,0,0,0,331,0,0,0,8,30,34,0,0,0,3,5,2,1,0.03,,2,0,0.0,203,0,0,48,42,6,0,0,3.86,8,66.67,0,40,0,242,1,1,0,34,3060,0,,0,0,0,2,0.0,5,0,2,0,254,0,9,7.11,0,0,30,64,37,102,0,20,0.0,0.0,0,0,0,0,0,0,0.0,27,1,1,100.0,1,110,0,0,20,80.0,426,258,674,932,241.8,0,2,1324,11,5,0,Ertuğrul Taşkıran,Alanyaspor,105974,6362,GK
39,0,0.0,32,155,40.16,98,424,522,68.96,6,75.0,2,24,0,0,0,0,175,0,0,0,4,17,24,1,0,0,0,2,1,1,0.04,,0,0,0.0,188,0,0,38,31,7,0,0,2.56,3,100.0,0,19,0,235,0,0,0,24,2160,0,,1,0,0,0,0.0,9,0,3,0,242,0,9,7.11,0,0,5,58,19,78,1,13,0.0,0.0,0,0,0,0,0,0,0.0,5,0,0,0.0,0,77,0,0,9,81.82,386,293,464,757,170.6,0,1,998,3,3,0,Jakub Słowik,Konyaspor,95437,3085,GK
25,17,23.94,170,26,63.41,302,211,496,84.07,15,39.47,23,26,1,0,0,0,70,9,8,15,4,25,26,0,0,14,14,115,0,1,4.78,3.58,53,0,5.71,0,2,3,16,16,0,2,0,,107,53.77,0,0,1,94,26,27,0,17,1635,4,,0,0,0,0,0.0,0,0,0,0,220,10,0,7.1,0,2,0,0,0,0,0,0,817.5,0.0,0,22,13,7,13,15,48.39,0,46,30,65.22,27,47,31,71,122,51.48,41,426,235,590,184.7,35,0,1038,46,10,0,Roland Sallai,Galatasaray,355088,3061,MF
98,38,29.23,315,105,45.06,582,495,1039,76.12,16,43.24,21,33,5,0,0,0,116,13,1,4,7,74,33,0,0,8,16,72,0,2,4.19,4.25,12,0,19.05,0,4,9,44,39,5,4,0,,94,64.83,0,0,0,326,29,43,0,31,2815,2,,0,1,4,0,100.0,0,4,0,0,556,8,0,7.1,0,4,0,0,0,0,0,0,703.75,0.0,1,10,11,8,9,17,48.57,0,55,32,58.18,42,192,35,130,110,60.44,233,918,577,1365,234.3,21,1,2160,22,4,0,Florent Hadergjonaj,Alanyaspor,354860,6362,DF
1,1,33.33,8,0,0.0,18,11,28,90.32,1,100.0,0,1,0,0,0,0,2,0,0,1,0,1,1,0,0,2,0,4,0,0,0.15,0.04,1,0,0.0,0,0,0,1,1,0,0,0,,3,42.86,0,0,0,3,1,2,0,1,87,0,,0,0,0,0,0.0,0,0,0,0,11,0,0,7.1,0,0,0,0,0,0,0,0,0.0,0.0,0,1,1,0,1,0,0.0,0,2,2,100.0,2,1,1,3,4,50.0,1,22,12,31,7.1,2,0,52,1,0,0,Derrick Köhn,Galatasaray,886737,3061,DF
0,0,0.0,3,0,0.0,4,3,7,77.78,1,100.0,0,1,0,0,0,0,0,0,0,0,0,1,1,0,0,0,0,0,0,0,0.01,0.01,0,0,0.0,0,0,0,0,0,0,0,0,,2,100.0,0,0,0,2,0,1,0,0,11,0,,0,0,0,0,0.0,0,0,0,0,3,0,0,7.1,0,0,0,0,0,0,0,0,0.0,0.0,0,0,1,1,0,1,100.0,0,0,0,0.0,1,1,1,0,3,100.0,1,6,3,9,7.1,1,0,16,1,0,0,Jackson Muleka,Beşiktaş JK,927649,3050,FW
35,10,40.0,356,38,35.85,742,578,1310,84.73,30,46.88,34,31,2,0,0,0,109,3,1,1,10,77,31,0,0,9,25,115,0,0,2.48,0.27,40,0,0.0,0,0,2,27,24,3,0,0,,118,59.3,0,0,0,236,34,21,0,31,2725,0,,0,0,0,0,0.0,0,0,0,0,323,8,0,7.09,0,0,0,0,0,0,0,0,0.0,0.0,0,1,5,3,2,9,47.37,0,63,40,63.49,21,64,19,25,148,56.27,106,914,657,1546,219.8,6,2,2200,48,7,0,Jonas Svensson,Beşiktaş JK,98199,3050,DF
10,7,35.0,152,23,67.65,244,140,377,77.41,32,50.0,32,31,6,0,0,0,86,8,7,24,3,18,28,0,0,28,21,165,0,2,2.81,5.17,48,0,12.5,0,9,15,18,17,1,6,3,,84,38.71,0,0,2,110,14,31,1,22,1892,8,,0,0,0,0,0.0,0,0,0,1,251,19,0,7.09,0,8,0,0,0,0,0,0,210.22,0.0,4,30,42,23,25,28,42.42,0,27,21,77.78,31,19,66,20,116,41.28,34,349,158,487,198.5,72,3,891,30,9,0,Ahmed Kutucu,Galatasaray,906049,3061,FW
38,15,27.78,375,38,58.46,619,245,849,88.07,7,35.0,13,27,3,0,0,0,112,2,1,12,3,15,27,0,0,20,11,77,0,0,3.48,3.77,20,0,15.63,0,5,8,18,16,2,5,0,,57,47.11,0,0,1,115,3,29,2,18,1620,2,,0,0,2,0,100.0,0,2,0,0,228,16,0,7.09,0,3,0,0,0,0,0,0,324.0,0.0,0,20,12,10,10,19,52.78,0,23,18,78.26,29,74,36,54,64,45.39,65,755,263,964,191.4,32,3,1245,15,1,0,João Mário,Beşiktaş JK,97001,3050,MF
107,2,66.67,200,170,65.89,522,953,1473,89.11,23,58.97,16,31,1,0,0,0,76,0,1,1,11,100,31,0,0,5,10,50,0,1,0.79,1.55,20,0,10.0,3,1,2,36,33,3,1,0,,76,69.09,0,0,0,180,22,9,0,31,2736,2,,0,0,0,0,0.0,0,0,0,0,208,0,0,7.09,1,1,0,0,0,0,0,0,2736.0,0.0,0,7,3,4,5,4,100.0,0,52,33,63.46,9,160,4,3,99,66.44,258,638,1018,1653,219.7,10,3,1975,20,8,1,Robin Yalçın,Eyüpspor,138154,7040,DF
12,12,37.5,198,13,81.25,318,163,469,84.35,10,47.62,11,18,4,0,0,0,67,7,5,18,0,5,18,0,0,28,9,104,0,0,3.97,2.0,26,0,5.0,0,2,6,21,19,2,2,0,,85,47.75,0,0,0,87,4,30,1,17,1487,8,,0,0,0,0,0.0,0,0,0,0,231,8,0,7.08,1,1,0,0,0,0,0,0,743.5,0.0,1,24,16,11,11,38,55.88,0,20,15,75.0,30,15,68,32,95,47.74,16,407,181,556,127.5,40,1,901,28,4,1,Loide Augusto,Alanyaspor,1110708,6362,MF
9,0,0.0,138,15,68.18,241,179,420,77.49,81,45.0,99,36,2,0,0,1,67,9,19,15,2,15,36,0,0,71,11,241,0,0,2.97,17.34,38,0,22.09,0,19,21,54,48,6,18,1,,103,42.04,2,0,2,122,8,29,7,34,2987,18,,0,0,1,0,0.0,0,0,0,0,362,21,0,7.08,0,10,0,0,0,0,0,0,157.21,0.0,0,77,9,30,41,36,57.14,0,7,4,57.14,29,15,63,4,184,43.29,22,340,206,542,254.8,86,2,1074,62,3,0,Ali Sowe,Çaykur Rizespor,238394,3064,FW
46,0,0.0,95,72,43.9,329,657,986,86.64,36,59.02,25,18,1,0,0,0,79,3,2,2,8,98,18,0,0,4,6,48,0,2,1.06,1.72,11,0,12.5,25,1,2,19,18,1,1,0,,32,58.18,1,0,1,152,27,5,0,18,1620,1,,2,0,0,0,0.0,0,0,0,0,169,0,0,7.08,0,0,0,0,0,0,0,0,1620.0,0.0,0,7,1,5,1,1,33.33,0,29,19,65.52,5,101,3,1,68,58.62,164,435,704,1138,127.4,8,1,1364,2,1,0,Arseniy Batagov,Trabzonspor,981395,3051,DF
54,20,18.52,214,54,35.53,378,239,597,69.1,67,58.26,48,29,9,0,0,0,82,11,1,11,3,67,29,0,0,13,18,134,0,0,6.15,2.22,39,0,8.11,0,3,12,52,45,7,3,0,,88,50.57,2,0,1,267,30,39,0,27,2344,5,,0,1,0,1,0.0,0,0,0,1,453,2,0,7.08,0,1,0,0,0,0,0,0,781.33,0.0,0,25,12,17,9,19,48.72,0,41,30,73.17,38,143,39,108,155,53.63,152,662,310,864,205.2,37,2,1543,29,8,0,Cláudio Winck,Kasımpaşa,155998,6063,DF
68,2,28.57,96,102,45.33,350,821,1169,82.85,117,60.94,75,33,3,0,0,0,88,2,4,3,8,192,33,0,0,0,11,128,0,1,0.6,3.64,48,0,7.41,2,2,5,45,36,9,2,0,,78,59.54,1,0,1,242,46,6,1,33,2967,3,,1,0,0,1,0.0,0,0,0,0,268,1,0,7.08,0,0,0,0,0,0,0,0,1483.5,0.0,0,25,2,20,4,5,71.43,0,45,38,84.44,6,143,7,7,195,60.37,225,531,887,1411,233.5,27,2,1888,33,9,0,Adil Demirbağ,Konyaspor,787949,3085,DF
11,0,0.0,31,92,38.02,68,165,233,60.52,4,100.0,0,12,0,0,0,0,125,0,0,0,4,18,12,0,0,1,0,2,1,1,0.03,,1,0,0.0,104,0,0,12,9,3,0,0,-0.63,2,50.0,0,7,0,152,0,1,0,12,1080,0,,0,0,0,1,0.0,2,0,0,0,155,0,7,7.08,0,0,9,18,17,35,0,10,0.0,0.0,0,0,0,0,0,0,0.0,9,0,0,0.0,1,16,0,0,6,75.0,242,198,187,385,84.9,0,0,527,3,2,0,Deniz Ertaş,Konyaspor,1195772,3085,GK
63,71,37.97,240,77,41.18,522,412,863,73.01,35,53.03,31,34,8,0,0,0,141,6,0,4,7,81,34,0,0,11,18,104,1,1,6.37,0.39,28,0,0.0,3,0,8,47,38,9,0,0,,97,57.06,0,0,1,319,36,62,0,34,3000,1,,0,0,0,1,0.0,0,0,0,0,540,6,0,7.07,0,0,0,0,0,0,0,0,0.0,0.0,0,6,4,3,3,17,50.0,0,60,36,60.0,62,145,34,187,132,55.93,187,871,498,1182,240.5,10,5,2075,20,3,0,Guilherme Haubert Sityá,Konyaspor,224112,3085,DF
79,16,18.39,254,102,47.89,461,400,845,72.16,78,57.35,58,30,5,0,0,0,174,5,3,5,7,82,30,0,1,19,49,204,0,0,2.36,2.34,52,0,0.0,0,0,5,44,39,5,0,0,,194,57.06,0,0,0,326,56,20,0,30,2619,2,,0,0,0,2,0.0,0,0,0,0,565,7,0,7.07,2,0,0,0,0,0,0,0,0.0,0.0,0,17,4,11,5,44,57.14,0,125,74,59.2,20,175,77,87,272,57.14,213,773,485,1171,212.2,21,3,2105,28,8,1,Gökhan Sazdağı,Kayserispor,595396,3072,DF
110,62,38.75,346,118,66.29,780,682,1400,86.37,23,54.76,19,35,8,0,0,0,144,7,1,11,6,29,35,0,0,16,35,121,2,1,4.75,1.96,43,0,0.0,0,0,8,46,41,5,0,0,,86,45.74,0,0,2,221,19,68,0,29,2658,3,,0,0,0,0,0.0,0,0,0,0,374,9,0,7.07,0,0,0,0,0,0,0,0,0.0,0.0,3,11,21,19,2,8,44.44,0,39,22,56.41,68,182,18,160,109,47.39,178,1043,738,1621,247.5,32,0,2071,42,7,0,Jakub Kałuziński,Antalyaspor,1019026,3056,MF
24,46,23.35,215,23,32.86,429,271,654,78.89,19,63.33,11,27,6,0,0,0,99,9,4,3,5,32,27,0,0,17,13,82,0,2,4.85,1.82,29,0,6.67,0,1,7,24,20,4,1,0,,63,47.01,0,0,0,175,17,42,1,22,1963,6,,0,0,0,0,0.0,0,0,0,1,443,7,0,7.07,0,0,0,0,0,0,0,0,1963.0,0.0,0,11,4,7,5,14,51.85,0,36,25,69.44,42,55,27,197,82,50.0,70,709,317,829,190.9,15,1,1474,13,5,0,Filip Kostić,Fenerbahçe,126588,3052,MF
19,0,0.0,46,40,36.04,147,500,647,81.59,67,63.81,38,25,0,0,0,0,48,0,1,2,7,152,24,0,0,1,6,56,0,1,0.12,1.61,12,0,12.5,12,2,2,24,21,3,2,0,,46,71.88,2,0,0,146,31,3,0,21,1905,0,,0,0,0,0,0.0,0,0,0,0,158,0,0,7.07,0,0,0,0,0,0,0,0,952.5,0.0,0,15,1,8,6,2,66.67,0,23,16,69.57,3,40,3,2,113,66.86,111,241,554,793,169.6,16,2,1119,22,4,0,Arda Kızıldağ,Gaziantep FK,904228,5138,DF
12,19,27.14,151,9,30.0,316,179,476,81.37,10,23.26,33,28,2,0,0,0,90,7,4,15,0,7,28,0,0,26,22,139,0,0,3.57,4.87,17,0,21.57,0,11,13,49,45,4,6,5,,95,47.26,1,0,2,109,13,41,9,19,1803,6,,0,0,0,0,0.0,0,0,0,0,296,9,0,7.06,0,1,0,0,0,0,0,0,163.91,0.0,1,28,23,13,23,44,48.35,0,16,10,62.5,41,28,91,70,105,43.03,30,449,206,585,197.7,51,2,1040,36,0,0,Bilal Boutobba,Hatayspor,769163,3091,MF
7,4,19.05,136,7,50.0,248,92,336,76.36,27,38.57,43,30,3,0,0,0,45,6,7,10,0,15,29,0,0,27,7,128,0,0,2.4,5.78,48,0,15.91,0,7,10,18,16,2,7,0,,100,54.05,3,0,2,104,7,23,2,17,1600,3,,0,0,0,0,0.0,0,0,0,2,207,8,0,7.06,0,1,0,0,0,0,0,0,228.57,0.0,0,34,10,14,20,17,60.71,0,13,8,61.54,23,13,28,21,127,49.8,14,344,117,440,204.7,44,2,787,71,8,0,Nany Dimata,Samsunspor,826944,3053,MF
38,18,25.35,173,29,61.7,284,128,394,81.24,10,52.63,9,26,3,0,0,0,60,6,0,4,0,3,24,0,0,12,6,53,0,0,4.79,1.7,18,0,10.0,0,2,5,9,8,1,2,0,,44,50.0,0,0,0,91,8,31,2,9,933,3,,0,0,0,0,0.0,0,0,0,0,188,9,0,7.06,0,0,0,0,0,0,0,0,466.5,0.0,1,12,8,8,8,11,50.0,0,20,12,60.0,31,60,22,71,54,50.47,47,420,136,485,169.4,20,1,718,13,4,0,İrfan Can Kahveci,Fenerbahçe,226986,3052,MF
30,14,17.07,281,36,53.73,439,160,585,74.71,21,30.0,49,31,12,0,0,0,140,18,5,12,2,22,31,0,0,38,39,193,0,0,5.67,4.06,35,0,9.38,0,3,15,29,28,1,3,0,,101,41.22,1,0,0,198,11,50,2,30,2470,4,,0,0,0,0,0.0,0,0,0,1,411,17,0,7.06,0,0,0,0,0,0,0,0,823.33,0.0,0,20,12,9,11,27,44.26,0,33,20,60.61,50,67,61,82,122,38.73,67,653,212,783,218.8,32,2,1273,42,7,0,Emre Kılınç,Samsunspor,202032,3053,MF
48,15,17.05,369,67,45.27,708,613,1306,84.48,15,41.67,21,33,4,0,0,0,156,7,0,5,11,60,33,0,0,26,39,149,0,1,3.26,1.05,41,0,26.09,0,6,10,40,36,4,4,2,,115,47.33,1,0,0,240,40,25,1,33,2921,3,,0,0,0,2,0.0,0,0,0,0,465,8,0,7.06,0,4,0,0,0,0,0,0,486.83,0.0,0,7,16,10,8,39,61.9,0,65,44,67.69,25,115,63,88,130,46.59,148,950,684,1546,232.9,23,5,2373,13,9,0,Pedro Malheiro,Trabzonspor,1131249,3051,DF
76,0,0.0,170,128,43.24,507,974,1481,82.6,95,57.58,70,33,0,0,0,0,126,2,1,8,12,169,33,0,0,7,16,128,2,0,0.69,2.11,35,0,13.04,5,3,3,39,36,3,3,0,,66,53.23,3,0,2,312,29,9,0,33,2944,0,,0,0,0,0,0.0,0,0,0,0,357,0,0,7.06,1,0,0,0,0,0,0,0,981.33,0.0,1,21,2,7,8,4,57.14,0,47,29,61.7,9,159,7,11,161,55.71,296,736,1068,1793,232.9,23,5,2230,16,9,1,Rick Van Drongelen,Samsunspor,803023,3053,DF
10,13,25.49,187,9,47.37,333,147,467,71.63,79,49.69,80,35,3,0,0,0,93,11,6,11,4,21,35,0,0,37,20,193,0,0,3.98,7.34,27,0,15.52,0,9,12,39,34,5,8,1,,105,48.17,3,0,0,185,5,38,1,31,2744,26,,0,0,0,0,0.0,0,0,0,0,372,18,0,7.06,0,5,0,0,0,0,0,0,304.89,0.0,0,48,10,31,16,24,42.11,0,28,17,60.71,38,18,57,51,184,48.81,19,521,182,652,247.0,58,1,1132,58,3,0,Sergio Córdova,Alanyaspor,881222,6362,FW
15,21,33.33,216,25,55.56,394,280,653,81.32,16,36.36,28,36,3,0,0,0,89,6,8,11,1,10,36,0,0,37,17,122,0,0,3.24,8.21,23,0,14.29,0,7,10,25,22,3,7,0,,120,56.07,1,0,0,150,13,37,5,26,2217,11,,0,0,3,0,100.0,0,3,0,1,311,17,0,7.06,0,1,0,0,0,0,0,0,316.71,0.0,1,39,10,18,20,19,52.78,0,56,33,58.93,37,36,36,63,136,52.71,45,541,325,803,254.0,49,2,1258,46,3,0,Emre Akbaba,Eyüpspor,343527,7040,MF
34,0,0.0,153,71,56.35,485,818,1303,90.36,75,62.5,45,26,0,0,0,0,98,0,2,3,8,119,26,0,0,4,6,79,0,1,0.65,0.97,22,0,0.0,13,0,0,23,23,0,0,0,,47,58.02,0,0,0,139,29,4,0,25,2172,0,,0,0,0,0,0.0,0,0,0,0,160,1,0,7.05,0,0,0,0,0,0,0,0,0.0,0.0,0,12,1,8,2,4,57.14,0,25,15,60.0,4,77,7,1,122,60.7,126,567,876,1442,183.4,13,1,1748,22,3,0,Felix Uduokhai,Beşiktaş JK,792142,3050,DF
36,0,0.0,98,51,55.43,311,595,906,91.33,31,58.49,22,16,0,0,0,0,96,1,1,3,4,63,16,0,0,2,11,59,1,0,0.39,0.8,22,0,25.0,11,3,3,19,15,4,3,0,,30,44.78,1,0,1,86,8,4,1,16,1440,1,,0,0,0,1,0.0,0,0,0,1,101,4,0,7.05,0,1,0,0,0,0,0,0,480.0,0.0,0,10,2,5,4,2,33.33,0,21,8,38.1,4,63,6,1,61,50.83,92,374,619,992,112.8,12,3,1148,8,2,0,Milan Škriniar,Fenerbahçe,187205,3052,DF
7,0,0.0,2,22,48.89,7,67,74,76.29,1,100.0,0,4,0,0,0,0,25,0,0,0,1,1,4,0,0,0,0,0,0,0,0.0,,0,0,0.0,19,0,0,4,4,0,0,0,-0.46,0,0.0,0,2,0,23,0,0,0,4,360,0,,0,0,0,0,0.0,0,0,0,0,23,0,0,7.05,0,0,1,9,2,11,0,1,0.0,0.0,0,0,0,0,0,0,0.0,1,0,0,0.0,0,8,0,0,1,100.0,45,24,73,97,28.2,0,0,132,1,0,0,Taha Tepe,Trabzonspor,910094,3051,
35,1,25.0,104,91,50.56,369,950,1318,85.58,123,62.76,73,33,1,0,0,0,83,3,3,7,3,162,33,0,0,1,9,111,1,0,0.86,1.91,30,0,8.82,33,3,4,42,36,6,3,0,,46,54.76,3,0,0,222,44,10,0,30,2644,0,,1,0,0,0,0.0,0,0,0,0,245,1,0,7.05,0,0,0,0,0,0,0,0,881.33,0.0,1,20,14,17,10,3,50.0,0,35,19,54.29,10,70,6,4,169,60.36,180,521,1023,1540,232.6,34,2,1937,10,6,0,Husniddin Aliqulov,Çaykur Rizespor,1121174,3064,DF
47,0,0.0,27,147,33.56,94,416,510,63.2,13,100.0,0,34,0,0,0,0,270,0,0,0,11,18,34,0,0,0,0,1,0,3,0.04,,1,0,0.0,207,0,0,33,30,3,0,0,-0.33,4,80.0,0,42,0,297,1,1,0,34,3060,0,,0,0,0,1,0.0,1,0,0,0,306,0,7,7.05,0,0,11,61,31,93,1,15,0.0,0.0,0,0,0,0,0,1,100.0,11,1,0,0.0,1,80,1,0,17,94.44,438,339,468,807,239.6,0,1,1154,2,4,0,Mert Günok,Beşiktaş JK,39573,3050,GK
9,1,14.29,98,10,66.67,164,116,279,82.79,5,45.45,6,9,2,0,0,0,31,3,0,0,3,13,9,0,0,6,4,32,0,0,1.51,0.06,13,0,0.0,0,0,2,8,7,1,0,0,,29,52.73,0,0,0,58,5,11,0,9,770,0,,0,0,0,0,0.0,0,0,0,0,87,6,0,7.04,0,0,0,0,0,0,0,0,0.0,0.0,0,0,1,1,0,8,61.54,0,13,10,76.92,11,16,13,7,34,51.52,15,207,137,337,63.4,1,0,443,8,3,0,Fredrik Midtsjø,Eyüpspor,98198,7040,MF
26,7,26.92,190,39,56.52,313,187,493,78.88,16,39.02,25,27,4,0,0,0,110,5,4,12,2,24,27,0,0,33,18,150,0,0,2.32,4.09,42,0,10.0,0,4,8,26,23,3,4,0,,128,50.59,0,0,2,132,14,31,2,26,2126,11,,0,0,0,0,0.0,0,0,0,0,289,10,0,7.04,1,2,0,0,0,0,0,0,531.5,0.0,1,26,14,15,13,46,56.1,0,35,25,71.43,31,49,82,26,144,48.98,69,436,215,625,190.0,40,1,1075,48,8,1,Kacper Kozłowski,Gaziantep FK,984602,5138,MF
52,30,24.79,256,42,48.84,465,255,690,72.1,26,36.11,46,34,6,0,0,0,129,10,4,16,6,39,34,0,0,33,29,175,0,0,6.23,5.3,29,0,7.46,0,5,11,41,38,3,4,1,,109,45.8,0,0,2,267,17,45,0,31,2760,16,,0,0,1,0,100.0,0,1,0,1,520,17,0,7.04,0,5,0,0,0,0,0,0,552.0,0.0,6,37,30,27,24,39,49.37,0,39,24,61.54,45,106,79,121,135,43.55,86,756,322,957,239.2,67,2,1689,33,7,0,Deian Sorescu,Gaziantep FK,797602,5138,MF
22,15,26.32,214,27,51.92,338,131,454,79.37,8,57.14,6,23,2,0,0,0,84,5,1,5,0,5,23,0,1,13,14,64,0,2,3.05,2.46,13,0,13.33,0,4,6,30,27,3,4,0,,63,52.07,0,0,0,118,2,34,2,14,1344,0,,0,1,0,1,0.0,0,0,0,0,232,8,0,7.03,1,2,0,0,0,0,0,0,336.0,0.0,1,19,11,13,12,30,60.0,0,21,17,80.95,33,35,50,57,71,52.59,52,468,161,572,161.8,30,2,858,12,3,0,Josip Brekalo,Kasımpaşa,357598,6063,MF
57,55,28.5,294,66,45.21,604,592,1141,83.47,25,49.02,26,35,8,0,0,0,164,10,2,4,4,70,35,0,0,18,31,127,0,2,5.75,0.83,29,0,0.0,0,0,8,51,44,7,0,0,,129,56.09,0,0,0,226,48,48,0,35,2999,6,,0,0,0,1,0.0,0,0,0,0,472,9,0,7.03,0,0,0,0,0,0,0,0,0.0,0.0,0,9,7,4,8,32,55.17,0,65,42,64.62,48,103,58,193,154,54.8,146,870,690,1367,246.1,16,2,2257,33,6,0,Taha Şahin,Çaykur Rizespor,1394729,3064,
29,37,27.41,185,43,45.74,415,330,708,82.52,26,50.98,25,27,6,0,0,0,98,9,0,8,2,64,27,0,0,6,14,70,0,0,5.07,0.73,24,0,5.26,0,1,7,37,33,4,1,0,,61,57.55,0,0,0,150,22,44,1,23,2042,1,,0,0,0,1,0.0,0,0,0,0,300,8,0,7.03,0,0,0,0,0,0,0,0,2042.0,0.0,2,5,14,7,4,10,76.92,0,34,19,55.88,44,65,13,135,87,55.41,94,605,388,858,189.7,19,0,1395,18,3,0,Casper Højer,Çaykur Rizespor,281233,3064,DF
53,13,17.81,205,73,60.33,465,480,932,82.62,21,47.73,23,28,1,0,0,0,135,2,0,2,6,58,28,0,0,14,27,102,1,1,1.93,0.58,24,0,5.56,0,1,2,34,28,6,0,1,,140,63.93,0,0,0,196,44,17,1,26,2282,1,,0,0,0,1,0.0,0,0,0,0,360,5,0,7.03,0,0,0,0,0,0,0,0,2282.0,0.0,2,5,13,9,7,26,61.9,0,81,48,59.26,17,102,42,73,161,61.22,121,651,550,1128,196.7,18,0,1783,33,8,0,Kévin Rodrigues,Kasımpaşa,234232,6063,DF
5,12,40.0,50,5,50.0,103,34,125,89.93,5,50.0,5,13,2,0,0,0,22,4,1,1,0,2,9,0,0,5,6,22,0,0,2.04,0.47,3,0,0.0,0,0,2,4,4,0,0,0,,16,48.48,0,0,1,14,5,10,0,3,284,1,,0,0,0,0,0.0,0,0,0,0,45,5,0,7.02,0,0,0,0,0,0,0,0,0.0,0.0,1,4,3,3,3,6,60.0,0,6,5,83.33,10,8,10,30,21,48.84,10,134,35,139,63.2,7,1,224,4,3,0,Mert Hakan Yandaş,Fenerbahçe,856849,3052,MF
17,0,0.0,14,105,33.65,68,209,277,56.53,9,100.0,0,19,0,0,0,0,163,0,0,0,1,31,19,0,0,0,2,2,4,0,0.04,,0,0,0.0,154,0,0,36,34,2,0,0,3.31,8,80.0,0,12,1,213,1,0,0,19,1710,0,,0,0,0,0,0.0,8,0,2,0,218,0,9,7.02,0,0,22,53,13,66,0,17,0.0,0.0,0,0,0,0,0,2,100.0,20,0,0,0.0,0,29,2,0,17,89.47,312,254,236,490,133.4,0,2,698,8,5,0,Erce Kardeşler,Hatayspor,758606,3091,GK
49,9,27.27,187,48,48.98,418,416,825,83.25,32,60.38,21,29,2,0,0,0,94,2,1,7,4,60,29,0,1,7,20,76,1,0,1.51,1.77,18,0,15.79,0,3,5,21,19,2,3,0,,83,60.14,2,0,1,166,44,15,0,21,1878,2,,0,1,0,0,0.0,0,0,0,1,255,5,0,7.02,1,1,0,0,0,0,0,0,626.0,0.0,0,14,5,7,5,9,47.37,0,57,26,45.61,14,96,19,33,115,60.21,98,555,469,991,203.6,19,2,1439,17,2,0,Mert Müldür,Fenerbahçe,836683,3052,DF
56,34,24.64,169,63,67.02,342,192,500,78.62,5,21.74,18,30,4,0,0,2,77,8,5,13,0,4,30,0,0,24,12,91,0,1,5.34,4.4,11,1,8.0,0,4,8,44,39,5,2,2,,64,46.72,0,0,0,136,12,45,4,23,2038,0,,0,1,2,0,0.0,0,0,0,1,351,8,0,7.02,0,0,0,0,0,0,0,0,509.5,16.67,6,20,30,15,22,28,50.91,0,17,9,52.94,44,98,55,138,69,43.13,94,547,227,636,210.6,50,3,1079,19,2,0,Yusuf Sarı,Başakşehir FK,896364,3086,MF
14,3,33.33,58,15,50.0,123,73,193,70.18,24,61.54,15,11,1,0,0,0,71,1,3,2,1,15,10,0,0,19,6,77,0,1,0.6,2.33,17,0,16.67,0,2,3,9,7,2,1,1,,53,46.09,1,0,0,82,11,14,1,11,758,0,,0,0,0,0,0.0,0,0,0,0,152,7,0,7.02,0,0,0,0,0,0,0,0,379.0,0.0,0,7,5,5,5,20,48.78,0,22,12,54.55,14,31,41,9,77,50.0,30,198,86,275,70.2,12,0,474,12,4,0,Isaac Solet,Göztepe,1606478,3054,MF
5,4,19.05,34,5,62.5,50,15,61,79.22,0,0.0,0,5,1,0,0,0,13,2,2,3,0,0,5,0,0,3,2,14,0,0,0.53,1.4,2,0,0.0,0,0,1,2,2,0,0,0,,11,44.0,0,0,0,16,0,5,0,1,157,1,,0,0,0,0,0.0,0,0,0,0,48,4,0,7.02,0,0,0,0,0,0,0,0,0.0,0.0,1,5,6,5,3,4,36.36,0,5,3,60.0,5,10,11,21,11,44.0,8,81,17,77,35.1,11,0,150,2,1,0,Hakim Ziyech,Galatasaray,249437,3061,MF
9,1,5.88,145,13,59.09,255,170,424,73.48,68,40.24,101,32,2,1,0,2,76,5,20,6,3,32,32,0,0,30,15,205,0,1,1.4,15.79,43,0,19.48,0,15,17,38,34,4,15,0,,64,38.1,2,0,3,153,14,18,2,32,2768,29,,0,1,4,0,25.0,0,1,0,1,286,20,0,7.02,0,11,0,0,0,0,0,0,184.53,0.0,0,76,1,31,40,16,44.44,0,30,15,50.0,17,14,36,17,132,39.17,22,392,202,577,224.6,77,4,979,20,8,0,Mame Thiam,Eyüpspor,180981,7040,FW
21,5,15.63,285,42,56.76,531,333,859,82.28,38,40.0,57,34,2,0,0,1,109,6,11,14,5,30,34,0,0,21,37,170,0,0,2.44,9.29,45,0,10.77,0,7,9,35,33,2,7,0,,106,48.4,0,0,2,185,24,40,6,34,2875,8,,0,1,1,0,0.0,0,0,0,0,304,13,0,7.02,0,1,0,0,0,0,0,0,410.71,0.0,2,39,26,28,23,11,47.83,0,62,34,54.84,39,45,23,32,144,45.86,74,695,381,1044,238.6,65,2,1490,36,7,0,Carlo Holse,Samsunspor,837012,3053,MF
61,14,22.95,300,45,60.0,578,397,961,85.65,24,51.06,23,29,1,0,0,0,123,1,4,20,1,28,29,0,0,18,14,80,2,0,2.15,5.52,18,0,10.53,0,6,7,38,35,3,6,0,,70,55.12,1,0,1,161,12,29,2,23,2078,1,,0,0,1,1,100.0,0,1,0,0,278,14,0,7.01,0,3,0,0,0,0,0,0,346.33,0.0,10,25,32,24,13,10,52.63,0,34,21,61.76,29,96,19,61,94,54.02,75,742,441,1122,203.4,57,2,1489,27,6,0,Aytaç Kara,Kasımpaşa,128196,6063,MF
34,6,35.29,193,51,69.86,491,619,1104,87.62,49,56.32,38,32,3,0,0,0,157,2,2,4,5,88,32,0,0,16,31,138,0,2,1.56,1.94,48,0,4.55,0,1,4,44,38,6,1,0,,120,54.55,0,0,0,156,52,15,0,30,2646,0,,0,0,0,0,0.0,0,0,0,0,225,14,0,7.01,0,1,0,0,0,0,0,0,2646.0,0.0,0,14,8,14,4,14,56.0,0,76,49,64.47,15,53,25,17,169,55.05,73,588,689,1260,224.4,22,0,1714,30,12,0,Richard,Alanyaspor,897617,6362,MF
10,8,17.39,179,9,52.94,335,112,439,83.46,8,32.0,17,27,2,0,0,0,61,5,3,15,1,7,26,0,0,22,17,93,0,0,2.7,3.71,16,0,9.09,0,4,6,8,7,1,4,0,,69,47.59,0,0,0,87,9,19,1,15,1341,9,,0,0,0,0,0.0,0,0,0,1,212,9,0,7.01,0,3,0,0,0,0,0,0,335.25,0.0,1,25,19,14,15,27,52.94,0,17,12,70.59,19,25,51,46,77,45.29,17,442,130,526,182.3,44,2,847,25,2,0,Ernest Muçi,Beşiktaş JK,924670,3050,MF
77,3,27.27,190,105,64.42,445,531,973,85.43,21,75.0,7,33,2,0,0,0,117,4,0,2,6,49,32,0,0,9,20,56,1,1,2.18,0.3,20,0,0.0,0,0,2,32,28,4,0,0,,91,65.0,0,0,0,166,36,17,0,23,2073,0,,0,0,0,0,0.0,0,0,0,0,204,2,0,7.01,0,0,0,0,0,0,0,0,0.0,0.0,1,2,8,7,1,14,87.5,0,42,28,66.67,17,122,16,11,112,66.67,163,575,575,1139,224.3,10,1,1429,35,6,0,Berat Özdemir,Başakşehir FK,876857,3086,MF
38,25,25.77,205,47,63.51,371,274,620,79.59,12,33.33,24,23,2,0,0,1,96,9,2,4,0,13,22,0,1,29,40,136,0,1,3.7,3.4,23,0,12.0,0,3,5,23,18,5,2,1,,59,34.5,0,0,0,159,14,36,3,17,1463,6,,0,0,3,0,66.67,0,2,0,0,318,15,0,7.01,1,0,0,0,0,0,0,0,487.67,0.0,5,9,16,10,11,17,44.74,0,21,15,71.43,36,73,38,97,71,34.3,74,562,314,779,154.2,25,1,1143,22,4,0,Rachid Ghezzal,Çaykur Rizespor,123228,3064,MF
106,0,0.0,49,250,43.25,139,733,872,72.07,13,92.86,1,34,0,0,0,0,230,0,0,0,10,21,34,0,0,0,2,3,0,5,0.09,,1,0,0.0,168,0,0,50,46,4,0,0,-0.76,2,50.0,0,33,0,338,0,0,0,34,3060,0,,0,0,0,1,0.0,6,0,1,0,343,0,6,7.01,0,0,11,62,28,94,2,22,0.0,0.0,0,0,0,0,0,0,0.0,10,0,0,0.0,0,173,0,0,15,83.33,578,415,795,1210,238.2,0,0,1481,6,4,0,Muhammed Şengezer,Başakşehir FK,827418,3086,GK
63,0,0.0,120,116,54.98,446,1085,1531,87.94,89,64.49,49,34,0,0,0,0,118,1,2,0,9,162,34,0,0,3,9,97,0,1,0.34,1.31,36,0,10.0,26,1,1,43,39,4,1,0,,79,62.2,1,0,0,210,38,1,0,33,2971,1,,1,0,0,1,0.0,0,0,0,0,239,4,0,7.0,0,0,0,0,0,0,0,0,2971.0,0.0,0,10,0,7,3,10,76.92,0,40,24,60.0,1,107,13,3,168,63.4,211,584,1160,1741,238.1,10,0,2142,32,8,0,Luccas Claro,Eyüpspor,998209,7040,DF
3,1,20.0,40,0,0.0,75,44,118,75.64,18,46.15,21,10,0,0,0,0,10,0,2,0,1,6,10,0,0,13,2,47,0,0,0.88,3.31,9,0,18.75,0,3,3,15,13,2,2,1,,20,43.48,0,0,0,38,3,7,0,7,691,5,,0,0,1,0,100.0,0,1,0,0,82,3,0,7.0,0,3,0,0,0,0,0,0,230.33,0.0,0,14,2,7,9,4,50.0,0,1,0,0.0,7,5,8,5,38,44.71,0,111,50,156,70.0,16,0,269,16,0,0,Andraž Šporar,Alanyaspor,166987,6362,FW
84,26,27.37,284,83,71.55,581,452,1007,87.04,10,50.0,10,34,4,0,0,0,127,5,2,10,2,11,34,0,0,14,9,66,0,1,2.43,1.91,26,0,2.63,0,1,5,24,19,5,1,0,,57,50.44,0,0,2,150,17,32,0,22,2052,0,,0,0,0,0,0.0,0,0,0,0,275,21,0,7.0,0,1,0,0,0,0,0,0,2052.0,0.0,3,9,29,19,9,12,63.16,0,38,26,68.42,32,116,19,95,67,50.38,116,761,491,1157,238.0,38,2,1481,7,5,0,Nicolas Janvier,Alanyaspor,802150,6362,MF
34,0,0.0,65,70,42.94,234,377,611,74.79,143,71.14,58,34,0,0,0,0,110,2,3,6,8,182,33,0,0,4,7,118,0,1,0.83,3.37,55,0,2.22,0,1,1,47,42,5,1,0,,49,44.95,0,0,2,206,33,9,1,33,2926,5,,0,0,0,0,0.0,0,0,0,1,235,0,0,7.0,0,0,0,0,0,0,0,0,2926.0,0.0,0,43,2,28,11,15,83.33,0,30,19,63.33,9,68,18,0,192,61.94,163,387,430,817,231.0,45,4,1240,6,7,0,Héliton,Göztepe,922725,3054,DF
15,8,22.86,112,24,50.0,206,196,394,79.76,21,58.33,15,17,2,0,0,0,49,5,0,4,3,41,17,0,0,7,3,36,0,0,1.28,0.2,10,0,0.0,0,0,2,9,9,0,0,0,,38,64.41,0,0,0,100,13,11,0,14,1189,0,,0,0,0,1,0.0,0,0,0,0,191,0,0,7.0,0,0,0,0,0,0,0,0,0.0,0.0,0,2,2,0,0,2,50.0,0,27,20,74.07,11,27,4,35,59,62.11,48,304,225,494,119.0,4,1,801,9,2,0,Ismail Jakobs,Galatasaray,897291,3061,DF
1,1,50.0,8,0,0.0,18,17,34,82.93,2,50.0,2,1,0,0,0,0,4,0,0,0,0,2,1,0,0,0,2,4,0,0,0.04,,0,0,0.0,0,0,0,0,0,0,0,0,,3,60.0,0,0,0,7,1,1,0,1,87,0,,0,0,0,0,0.0,0,0,0,0,9,0,0,7.0,0,0,0,0,0,0,0,0,0.0,0.0,0,0,0,0,0,1,100.0,0,2,2,100.0,1,3,1,2,5,55.56,2,25,18,41,7.0,0,0,59,0,0,0,Serkan Asan,Trabzonspor,952726,3051,DF
1,0,0.0,6,1,50.0,12,14,26,83.87,1,50.0,1,1,0,0,0,0,5,0,0,0,0,3,1,0,0,0,1,2,0,0,0.01,,0,0,0.0,0,0,0,2,2,0,0,0,,3,75.0,0,0,0,5,2,0,0,1,90,0,,0,0,0,0,0.0,0,0,0,0,6,1,0,7.0,0,0,0,0,0,0,0,0,0.0,0.0,0,0,0,0,0,1,100.0,0,1,1,100.0,0,2,1,0,4,66.67,2,16,15,31,7.0,0,0,51,1,0,0,Abdurrahman Üresin,Konyaspor,1618260,3085,MF
0,0,0.0,0,7,46.67,5,4,9,52.94,0,0.0,0,1,0,0,0,0,14,0,0,0,0,2,1,0,0,0,0,0,1,0,0.0,,0,0,0.0,5,0,0,4,4,0,0,0,-0.3,0,0.0,0,1,0,8,0,0,0,1,90,0,,0,0,0,0,0.0,1,0,0,0,8,0,1,7.0,0,0,0,3,3,6,0,0,0.0,0.0,0,0,0,0,0,0,0.0,0,0,0,0.0,0,2,0,0,0,0.0,15,11,6,17,7.0,0,0,36,0,0,0,Rüzgar Adıyaman,Bodrum FK,1643688,202390,GK
13,0,0.0,50,16,88.89,112,112,224,89.24,5,71.43,2,7,0,0,0,0,30,1,0,0,2,3,5,0,0,8,4,24,0,0,0.71,0.14,5,0,0.0,0,0,0,2,2,0,0,0,,19,46.34,0,0,0,27,8,6,0,4,351,0,,0,0,0,0,0.0,0,0,0,0,50,1,0,7.0,0,0,0,0,0,0,0,0,0.0,0.0,0,1,0,1,0,9,64.29,0,7,3,42.86,6,19,14,1,24,50.0,18,127,125,251,35.0,1,0,317,3,0,0,Tim Jabol-Folcarelli,Trabzonspor,1106446,3051,MF
82,9,27.27,244,75,59.06,530,423,944,82.52,29,61.7,18,33,1,0,0,0,165,4,0,10,4,23,33,0,0,31,43,139,1,0,2.19,1.25,30,0,3.57,0,1,2,49,42,7,1,0,,194,61.59,0,0,3,200,27,25,0,33,2836,0,,0,0,0,0,0.0,0,0,0,0,327,8,0,7.0,0,1,0,0,0,0,0,0,2836.0,0.0,0,5,23,12,6,26,59.09,0,87,53,60.92,25,144,44,33,223,61.6,127,714,463,1144,230.9,28,2,1645,83,8,0,Charis Charisis,Sivasspor,317297,3076,MF
26,9,40.91,237,40,61.54,543,563,1097,90.14,27,45.0,33,31,2,0,0,0,129,1,0,4,9,87,31,0,0,25,43,157,1,4,1.06,0.28,41,0,0.0,0,0,2,34,33,1,0,0,,134,51.94,0,0,0,120,51,14,0,31,2675,2,,0,0,0,0,0.0,0,0,0,0,209,16,0,6.99,0,0,0,0,0,0,0,0,0.0,0.0,0,2,7,4,1,17,53.13,0,98,63,64.29,14,41,32,22,161,50.63,65,624,615,1217,216.8,9,0,1760,22,8,0,Melih Kabasakal,Eyüpspor,828872,7040,MF
38,6,18.75,185,34,53.97,357,311,662,80.34,27,51.92,25,29,4,0,0,0,126,8,2,5,2,35,29,0,0,25,24,155,3,0,2.75,2.0,56,0,8.7,0,2,6,36,33,3,1,1,,159,55.02,0,0,0,162,41,25,0,25,2166,1,,0,0,0,0,0.0,0,0,0,2,286,16,0,6.99,0,2,0,0,0,0,0,0,1083.0,0.0,0,14,9,12,6,25,46.3,0,71,46,64.79,25,61,54,32,186,54.55,63,505,351,824,202.8,23,2,1315,64,9,0,Miguel Crespo,Başakşehir FK,972410,3086,MF
16,5,21.74,78,19,63.33,140,111,246,84.25,6,25.0,18,29,1,0,0,0,42,2,4,4,0,13,24,0,0,3,5,35,0,0,0.66,3.25,10,1,36.36,0,8,9,7,6,1,5,3,,22,56.41,0,0,0,46,3,12,8,5,685,3,,0,0,0,0,0.0,0,0,0,1,77,9,0,6.99,0,0,0,0,0,0,0,0,85.63,100.0,1,10,12,7,11,2,100.0,0,15,9,60.0,12,23,2,23,28,44.44,30,191,124,292,167.8,22,3,407,6,1,0,Soner Aydoğdu,Samsunspor,69351,3053,MF
117,36,28.35,139,115,54.5,334,445,743,79.3,23,58.97,16,25,2,0,0,0,67,6,1,7,6,51,24,0,0,3,14,52,0,1,2.88,1.72,14,0,4.76,3,1,3,29,25,4,1,0,,45,55.56,0,0,0,194,19,26,1,20,1737,0,,0,0,1,0,100.0,0,1,0,0,330,2,0,6.99,0,0,0,0,0,0,0,0,1737.0,0.0,8,3,18,7,7,5,50.0,0,24,12,50.0,26,203,10,127,68,56.67,211,564,500,937,167.8,21,0,1389,16,5,0,Jure Balkovec,Alanyaspor,171625,6362,DF
65,15,32.61,82,73,64.04,232,319,536,86.87,9,69.23,4,12,1,0,0,0,66,2,0,1,1,32,12,0,0,9,7,30,1,1,1.38,0.27,6,0,0.0,0,0,1,17,11,6,0,0,,30,53.57,0,0,0,81,8,17,0,10,885,0,,0,0,0,1,0.0,0,0,0,0,136,4,0,6.99,0,0,0,0,0,0,0,0,0.0,0.0,0,3,3,4,1,7,63.64,0,18,7,38.89,17,103,11,46,39,56.52,114,323,340,617,83.9,6,1,796,5,2,0,Tolga Ciğerci,Sivasspor,120298,3076,MF
9,1,9.09,133,15,60.0,222,116,337,71.55,51,44.74,63,29,3,0,0,0,70,5,10,7,0,30,29,0,0,24,9,137,0,0,1.94,10.1,20,0,13.33,0,8,11,31,28,3,7,1,,55,42.64,0,0,3,134,4,20,2,24,2076,10,,0,0,0,0,0.0,0,0,0,0,258,17,0,6.99,0,6,0,0,0,0,0,0,259.5,0.0,0,47,13,28,25,21,45.65,0,14,11,78.57,20,21,46,11,106,43.62,25,343,139,471,202.7,60,0,812,20,4,0,David Okereke,Gaziantep FK,831290,5138,FW
31,13,23.21,155,37,31.9,302,329,618,77.64,26,41.94,36,32,0,0,0,0,127,4,1,1,11,105,32,0,0,11,24,102,0,2,1.65,0.25,18,0,25.0,0,1,1,30,25,5,0,1,,114,63.33,0,0,0,178,52,23,1,29,2518,2,,0,0,0,0,0.0,0,0,0,0,334,3,0,6.99,0,0,0,0,0,0,0,0,2518.0,0.0,0,2,2,2,1,22,56.41,0,49,28,57.14,23,62,39,56,140,57.85,116,459,393,796,223.6,4,3,1520,43,3,0,Cenk Şen,Bodrum FK,957359,202390,DF
10,6,60.0,38,15,41.67,96,145,235,82.46,15,53.57,13,8,0,0,0,0,41,2,1,0,5,22,8,0,0,2,3,34,0,0,0.59,0.5,15,0,0.0,0,0,0,6,6,0,0,0,,20,48.78,0,0,0,50,8,5,0,8,706,0,,0,0,0,0,0.0,0,0,0,0,82,3,0,6.99,0,0,0,0,0,0,0,0,0.0,0.0,0,2,0,0,2,5,71.43,0,9,3,33.33,5,23,7,10,35,50.72,36,134,161,285,55.9,2,0,420,7,3,0,Jayden Oosterwolde,Fenerbahçe,1048324,3052,DF
26,6,25.0,92,42,40.0,204,197,395,73.28,45,65.22,24,23,1,0,0,0,69,2,0,1,3,80,22,0,0,2,9,52,0,0,0.8,1.34,16,0,15.38,0,2,3,21,18,3,2,0,,25,47.17,1,0,0,144,27,7,0,15,1419,0,,0,0,0,0,0.0,0,0,0,0,183,4,0,6.99,0,1,0,0,0,0,0,0,709.5,0.0,0,9,4,6,6,4,66.67,0,17,10,58.82,7,68,6,24,70,57.38,105,333,230,539,153.7,13,2,790,5,3,0,Taha Altıkardeş,Göztepe,1101279,3054,DF
38,0,0.0,4,87,49.15,42,201,243,72.54,3,100.0,0,13,0,0,0,0,119,0,0,0,4,8,13,0,0,0,0,0,0,1,0.01,,0,0,0.0,70,0,0,12,10,2,0,0,0.88,4,100.0,0,12,0,92,1,0,0,13,1170,0,,0,0,0,0,0.0,2,0,1,0,94,0,2,6.98,0,0,7,9,22,31,0,4,0.0,0.0,0,0,0,0,0,1,100.0,7,0,0,0.0,0,52,1,0,7,100.0,177,103,232,335,90.8,0,0,461,3,0,0,İrfan Can Eğribayat,Fenerbahçe,594618,3052,GK
53,2,16.67,70,61,38.85,269,650,917,83.36,48,55.81,38,28,0,0,0,0,76,1,1,3,6,131,26,0,0,1,13,73,0,4,0.75,0.61,20,0,12.5,12,1,1,21,19,2,1,0,,55,61.11,1,0,0,183,28,1,0,20,1829,2,,0,0,0,0,0.0,0,0,0,0,215,0,0,6.98,0,0,0,0,0,0,0,0,1829.0,0.0,0,7,1,2,3,8,80.0,0,33,17,51.52,1,114,10,12,103,58.52,157,409,703,1100,181.5,8,2,1441,15,7,0,Emirhan Topçu,Beşiktaş JK,895009,3050,DF
73,0,0.0,19,184,40.44,92,384,476,63.64,9,90.0,1,25,0,0,0,0,194,0,0,0,9,20,25,1,0,0,0,2,2,1,0.03,,1,0,0.0,147,0,0,32,29,3,0,0,6.27,9,90.0,0,15,0,272,1,0,0,25,2250,0,,0,0,0,1,0.0,5,0,0,0,279,0,7,6.98,0,0,11,45,25,70,0,21,0.0,0.0,0,0,0,0,0,1,100.0,10,2,0,0.0,0,117,1,0,18,90.0,455,309,439,748,174.5,0,1,989,7,4,0,Bilal Bayazit,Kayserispor,825850,3072,GK
12,4,18.18,221,25,69.44,392,201,589,84.99,15,24.59,46,29,0,0,0,0,134,2,1,10,3,16,29,0,0,34,18,153,0,1,1.39,3.28,19,0,12.5,0,4,4,32,31,1,4,0,,128,54.47,0,0,1,104,18,22,2,25,2161,4,,0,0,0,0,0.0,0,0,0,1,266,22,0,6.98,0,2,0,0,0,0,0,0,540.25,0.0,0,18,14,12,10,55,57.29,0,26,16,61.54,22,18,96,22,143,48.31,36,494,221,693,202.4,32,0,1141,47,6,0,Prince Ampem,Eyüpspor,923888,7040,MF
71,2,22.22,154,89,53.94,365,445,808,79.29,35,55.56,28,23,0,0,0,0,117,3,2,4,3,75,23,0,0,14,13,75,1,2,2.03,0.94,15,0,4.35,0,1,1,42,40,2,0,1,,69,59.48,0,0,1,211,24,20,0,20,1841,2,,0,0,0,0,0.0,0,0,0,0,277,4,0,6.98,0,1,0,0,0,0,0,0,1841.0,0.0,2,4,19,13,6,14,70.0,0,30,17,56.67,20,133,20,9,104,58.1,165,530,498,1019,160.5,23,0,1328,26,5,0,Chandrel Massanga,Hatayspor,1083138,3091,MF
42,1,33.33,141,57,62.64,369,339,707,85.28,23,47.92,25,16,0,0,0,0,77,2,1,3,3,19,16,0,0,9,20,72,0,0,0.92,0.97,19,0,9.09,0,1,1,12,12,0,1,0,,35,42.68,1,0,0,122,20,11,0,13,1177,0,,0,0,0,0,0.0,0,0,0,0,149,2,0,6.98,0,0,0,0,0,0,0,0,1177.0,0.0,1,8,3,4,4,3,100.0,0,26,19,73.08,11,68,3,3,58,44.62,91,464,368,829,111.6,11,0,985,6,4,0,Moatasem Al-Musrati,Beşiktaş JK,868958,3050,
1,0,0.0,7,6,50.0,53,140,193,91.9,11,57.89,8,5,0,0,0,0,6,0,1,0,1,13,4,0,0,0,1,11,0,0,0.02,0.68,3,0,0.0,0,0,0,3,3,0,0,0,,4,57.14,0,0,0,17,6,0,0,3,279,0,,0,0,0,0,0.0,0,0,0,0,20,0,0,6.98,0,0,0,0,0,0,0,0,0.0,0.0,0,4,0,4,0,1,100.0,0,1,0,0.0,0,9,1,0,15,57.69,12,67,143,210,27.9,4,0,251,2,0,0,Salih Malkoçoğlu,Trabzonspor,1499364,3051,DF
24,17,24.64,186,37,46.25,343,256,582,74.33,34,50.75,33,33,8,0,0,0,106,10,5,4,3,19,33,0,0,26,17,138,0,1,3.82,2.77,48,0,8.33,0,2,10,41,38,3,2,0,,117,52.7,0,0,1,201,13,41,0,27,2487,8,,0,1,0,0,0.0,0,0,0,1,367,7,0,6.97,0,2,0,0,0,0,0,0,1243.5,0.0,0,19,5,14,6,30,61.22,0,34,26,76.47,40,54,49,69,151,52.25,80,541,311,783,230.1,24,2,1253,55,6,0,Olivier Kemen,Başakşehir FK,280447,3086,MF
40,1,50.0,103,57,66.28,352,563,914,87.88,41,67.21,20,23,1,0,0,0,114,0,3,4,2,58,22,0,0,15,9,77,0,1,0.67,1.4,27,0,7.69,2,1,2,31,27,4,1,0,,80,58.39,1,0,1,126,27,8,0,20,1658,2,,0,0,0,0,0.0,0,0,0,1,161,6,0,6.97,0,0,0,0,0,0,0,0,1658.0,0.0,0,10,3,6,3,17,70.83,0,41,23,56.1,8,63,24,2,121,61.11,86,429,613,1040,153.4,13,1,1298,24,6,0,Okay Yokuşlu,Trabzonspor,97967,3051,MF
0,1,12.5,47,0,0.0,64,19,82,59.42,38,55.88,30,18,1,0,0,0,19,3,5,4,1,7,17,0,0,15,5,74,0,0,0.85,4.52,18,0,16.0,0,4,5,14,12,2,4,0,,20,31.25,2,0,3,56,3,17,2,10,843,4,,0,0,0,0,0.0,0,0,0,0,118,8,0,6.97,0,0,0,0,0,0,0,0,210.75,0.0,0,23,2,8,13,2,18.18,0,9,7,77.78,17,0,11,8,58,43.94,0,122,24,138,118.5,25,0,290,9,3,0,Kubilay Kanatsızkuş,Göztepe,828953,3054,FW
29,0,0.0,40,39,55.71,168,365,533,90.19,22,70.97,9,13,0,0,0,0,38,0,0,2,4,50,12,0,0,2,4,25,0,0,0.09,0.1,10,0,0.0,5,0,0,8,7,1,0,0,,14,46.67,0,0,0,58,18,1,0,11,841,0,,0,0,0,0,0.0,0,0,0,0,68,0,0,6.97,0,0,0,0,0,0,0,0,0.0,0.0,0,2,1,1,0,1,100.0,0,10,4,40.0,1,45,1,1,36,59.02,70,209,383,591,83.6,3,1,711,3,3,0,Stefan Savić,Trabzonspor,76265,3051,DF
59,1,50.0,102,80,43.72,368,951,1318,87.23,64,50.39,63,32,0,0,0,0,80,0,0,3,7,159,32,0,0,3,9,99,0,4,0.24,1.5,26,0,13.33,4,2,2,36,32,4,2,0,,55,60.44,1,0,0,193,21,4,0,28,2556,0,,0,0,0,1,0.0,0,0,0,0,212,0,0,6.97,0,1,0,0,0,0,0,0,1278.0,0.0,0,14,1,8,4,2,100.0,0,40,22,55.0,4,113,2,2,119,54.59,183,509,1004,1511,222.9,15,2,1859,14,12,0,Nuno Lima,Alanyaspor,1133301,6362,DF
25,8,28.57,105,34,77.27,220,156,368,86.79,3,42.86,4,14,3,0,0,0,35,5,2,8,0,5,14,0,0,11,8,39,0,1,1.58,1.99,5,0,8.33,0,2,5,23,18,5,0,2,,25,41.67,0,0,0,56,1,13,0,13,1072,1,,0,1,0,0,0.0,0,0,0,0,116,4,0,6.96,0,2,0,0,0,0,0,0,536.0,0.0,8,3,21,10,6,7,38.89,0,6,6,100.0,12,38,18,28,28,41.79,44,287,165,424,97.5,24,1,568,12,1,0,Efkan Bekiroğlu,Sivasspor,800458,3076,MF
41,2,66.67,95,60,44.78,276,240,514,74.82,65,65.66,34,25,0,0,0,0,75,4,2,6,3,89,22,0,0,1,12,71,0,1,2.13,1.39,26,0,11.11,0,2,2,26,23,3,1,1,,33,47.14,1,0,0,173,39,15,0,21,1752,0,,0,0,0,0,0.0,0,0,0,0,188,1,0,6.96,1,1,0,0,0,0,0,0,876.0,0.0,0,17,1,7,5,6,85.71,0,17,12,70.59,15,80,7,3,98,57.99,134,406,284,687,153.2,18,0,936,13,3,1,Koray Günter,Göztepe,138165,3054,DF
17,0,0.0,60,30,37.97,223,471,694,85.15,65,59.63,44,25,1,0,0,0,61,1,2,0,4,83,24,0,0,1,6,72,0,1,0.33,1.43,20,0,9.09,13,1,2,19,17,2,1,0,,56,66.67,1,0,0,121,27,1,0,19,1600,1,,0,0,0,1,0.0,0,0,0,0,136,2,0,6.96,0,0,0,0,0,0,0,0,1600.0,0.0,0,11,0,7,4,1,33.33,0,39,26,66.67,1,49,3,3,121,62.69,79,310,508,815,167.1,11,1,1049,18,5,0,Çağlar Söyüncü,Fenerbahçe,758608,3052,DF
22,1,100.0,111,21,56.76,245,217,461,83.97,22,61.11,14,20,1,0,0,0,71,2,0,0,4,18,18,0,0,7,13,60,0,2,0.6,0.44,21,0,0.0,0,0,1,9,8,1,0,0,,60,56.6,0,0,0,88,14,10,0,13,1011,0,,0,0,0,0,0.0,0,0,0,0,116,10,0,6.96,0,0,0,0,0,0,0,0,0.0,0.0,0,3,4,6,1,9,64.29,0,40,28,70.0,10,36,14,1,82,57.75,37,301,249,549,125.3,7,0,718,12,6,0,İsmail Yüksek,Fenerbahçe,952600,3052,MF
30,8,16.0,223,36,48.0,473,378,843,84.89,37,61.67,23,31,1,0,0,0,108,1,0,5,7,68,31,0,0,17,14,78,0,1,2.6,0.54,13,0,0.0,0,0,1,27,24,3,0,0,,91,62.33,0,0,1,150,22,26,0,27,2389,2,,0,0,0,0,0.0,0,0,0,0,276,6,0,6.96,0,0,0,0,0,0,0,0,0.0,0.0,0,4,7,4,2,15,50.0,0,51,35,68.63,26,50,30,50,128,62.14,75,627,416,993,215.7,11,1,1565,25,6,0,Eren Elmalı,Galatasaray,981483,3061,DF
25,15,21.13,272,19,26.76,474,336,795,78.71,32,35.96,57,32,4,0,0,0,132,9,1,8,4,36,32,0,0,16,16,148,0,0,4.41,4.65,44,0,16.67,0,5,9,52,44,8,5,0,,101,52.6,1,0,0,215,27,34,4,29,2530,11,,0,0,0,0,0.0,0,0,0,0,383,14,0,6.96,0,0,0,0,0,0,0,0,506.0,0.0,0,25,5,16,6,15,35.71,0,46,27,58.7,34,54,42,71,133,47.33,71,695,386,1010,222.6,30,0,1564,40,10,0,Mortadha Ben Ouanes,Kasımpaşa,919225,6063,MF
33,0,0.0,9,118,38.82,64,267,331,63.65,4,100.0,0,20,0,0,0,0,151,0,0,0,3,11,20,0,0,0,0,3,1,1,0.02,,3,0,0.0,136,0,0,27,25,2,0,0,0.65,3,50.0,0,17,0,189,0,0,0,18,1659,0,,0,0,0,3,0.0,4,0,1,0,193,0,5,6.96,0,0,10,36,18,55,2,15,0.0,0.0,0,0,0,0,0,1,100.0,10,0,0,0.0,0,57,1,0,7,70.0,304,211,309,520,139.1,0,1,693,2,1,0,Sokratis Dioudis,Gaziantep FK,173933,5138,GK
21,0,0.0,93,27,51.92,192,170,362,82.09,11,55.0,9,12,2,0,0,0,43,1,1,3,2,11,12,0,0,13,6,48,0,1,0.6,0.98,12,0,20.0,0,1,3,8,8,0,1,0,,36,48.0,1,0,0,79,8,6,0,6,674,0,,0,0,0,0,0.0,0,0,0,0,110,6,0,6.95,0,0,0,0,0,0,0,0,674.0,0.0,0,3,2,0,2,12,60.0,0,22,14,63.64,6,38,20,0,47,49.47,52,251,190,441,83.4,5,0,565,2,0,0,Cher Ndour,Beşiktaş JK,1114422,3050,MF
72,5,45.45,140,108,45.19,440,983,1418,85.32,61,52.59,55,34,0,0,0,0,104,0,2,7,7,149,34,0,0,5,17,128,0,0,1.51,1.31,52,1,5.0,6,1,1,45,39,6,0,1,,107,59.44,0,0,0,244,45,13,1,34,3046,1,,1,0,0,0,0.0,0,0,0,0,278,1,0,6.95,0,0,0,0,0,0,0,0,3046.0,50.0,2,14,6,10,3,2,66.67,0,62,49,79.03,13,155,3,11,168,56.76,239,614,1059,1662,236.3,20,1,2108,46,9,0,Fidan Aliti,Alanyaspor,385296,6362,DF
1,0,0.0,5,4,44.44,17,46,63,87.5,4,44.44,5,2,0,0,0,0,2,0,0,0,1,6,2,0,0,0,0,9,0,0,0.01,,4,0,0.0,0,0,0,2,2,0,0,0,,5,55.56,0,0,0,9,1,0,0,2,180,0,,0,0,0,0,0.0,0,0,0,0,9,0,0,6.95,0,0,0,0,0,0,0,0,0.0,0.0,0,0,0,0,0,0,0.0,0,5,4,80.0,0,1,0,0,9,50.0,9,23,49,72,13.9,0,0,90,0,1,0,Omar Colley,Beşiktaş JK,238408,3050,DF
1,1,100.0,2,3,75.0,5,7,11,78.57,0,0.0,0,3,0,0,0,0,2,1,0,2,0,0,2,0,0,0,0,0,0,0,0.17,0.2,0,0,0.0,0,0,0,0,0,0,0,0,,3,100.0,0,0,0,3,0,3,0,0,41,0,,0,0,0,0,0.0,0,0,0,0,3,0,0,6.95,0,0,0,0,0,0,0,0,0.0,0.0,0,3,0,1,0,1,100.0,0,1,1,100.0,3,2,1,1,3,100.0,4,8,7,14,13.9,3,0,26,1,0,0,Muhammed Gümüşkaya,Gaziantep FK,929649,5138,MF
79,1,20.0,229,106,61.99,581,645,1225,87.75,32,45.07,39,32,1,0,0,0,106,4,1,7,7,45,31,0,0,6,21,93,0,1,1.35,2.19,24,0,13.04,6,3,4,30,26,4,2,1,,51,48.57,0,0,1,171,16,16,2,23,2216,1,,0,0,0,1,0.0,0,0,0,0,218,7,0,6.95,0,1,0,0,0,0,0,0,738.67,0.0,0,16,7,12,4,6,46.15,0,39,27,69.23,16,131,13,5,83,47.16,171,713,688,1396,215.3,23,1,1649,6,4,0,John Lundstram,Trabzonspor,149815,3051,MF
55,2,18.18,130,64,50.39,406,766,1170,86.6,77,55.8,61,29,0,0,0,0,104,0,0,6,7,83,29,0,0,12,13,110,1,0,0.39,0.98,18,0,13.33,0,2,2,39,36,3,2,0,,69,58.47,1,0,0,181,20,6,0,28,2476,2,,0,1,0,0,0.0,0,0,0,1,271,4,0,6.94,0,1,0,0,0,0,0,0,1238.0,0.0,0,14,1,5,4,4,33.33,0,42,27,64.29,5,94,12,11,146,57.03,127,525,837,1351,201.3,15,0,1840,30,1,0,Léo Duarte,Başakşehir FK,839982,3086,DF
65,0,0.0,92,96,51.34,301,685,986,85.52,68,60.71,44,29,0,0,0,0,64,0,4,2,5,186,29,0,4,1,6,73,0,1,0.48,3.15,26,0,21.05,3,4,4,43,35,8,4,0,,47,61.84,3,0,0,167,47,3,0,29,2452,4,,0,0,0,2,0.0,0,0,0,0,180,2,0,6.94,4,1,0,0,0,0,0,0,613.0,0.0,0,17,2,9,8,1,100.0,0,36,27,75.0,3,126,1,2,115,61.17,187,422,733,1153,201.2,19,5,1534,10,3,0,Uroš Radaković,Sivasspor,151900,3076,DF
65,1,25.0,74,77,35.65,171,591,761,78.13,45,64.29,25,29,0,0,0,0,94,0,1,1,12,134,29,0,0,7,10,64,0,1,0.52,0.65,21,0,0.0,3,0,0,28,26,2,0,0,,56,58.95,0,0,0,213,40,6,0,28,2529,0,,0,0,0,0,0.0,0,0,0,0,244,0,0,6.94,0,0,0,0,0,0,0,0,0.0,0.0,0,8,0,5,2,8,80.0,0,44,29,65.91,6,156,10,4,101,61.21,216,337,641,974,201.2,8,1,1319,4,6,0,Arlind Ajeti,Bodrum FK,111746,202390,DF
25,1,33.33,46,39,32.5,170,489,658,81.54,42,57.53,31,24,1,0,0,0,70,0,0,0,2,124,24,0,1,6,17,63,0,1,0.23,0.41,10,0,14.29,10,1,2,48,44,4,1,0,,70,68.63,1,0,0,149,31,5,0,22,1947,0,,0,0,0,1,0.0,0,0,0,0,180,1,0,6.94,1,0,0,0,0,0,0,0,1947.0,0.0,0,7,0,3,4,1,100.0,0,53,35,66.04,5,79,1,3,112,64.0,120,271,539,807,166.5,7,2,1176,17,2,0,Tolga Kalender,Adana Demirspor,903851,3101,DF
1,11,32.35,85,3,75.0,138,64,191,84.89,1,12.5,7,19,2,0,0,0,26,2,1,9,0,2,19,0,0,7,2,35,0,0,1.72,2.2,1,0,9.38,0,3,5,14,13,1,3,0,,35,55.56,0,0,0,34,1,14,2,6,799,1,,0,0,0,0,0.0,0,0,0,1,103,0,0,6.94,0,1,0,0,0,0,0,0,266.33,0.0,0,21,11,12,11,14,43.75,0,6,4,66.67,14,1,32,34,36,50.7,4,190,69,225,131.8,32,0,405,15,2,0,Can Keleş,Kasımpaşa,918408,6063,MF
57,1,20.0,261,105,63.64,620,588,1207,86.65,34,60.71,22,30,2,0,0,0,174,4,0,4,10,62,30,0,0,9,38,112,1,3,1.23,1.17,43,0,7.69,0,1,3,33,31,2,1,0,,78,46.43,0,0,0,186,34,18,0,29,2462,0,,0,0,1,0,100.0,0,1,0,0,231,8,0,6.94,0,1,0,0,0,0,0,0,2462.0,0.0,0,4,9,8,1,6,66.67,0,54,32,59.26,18,81,9,5,112,50.0,165,750,648,1393,208.1,13,0,1711,21,6,0,Youssef Aït Bennasser,Samsunspor,802850,3053,MF
54,0,0.0,24,210,35.96,131,434,565,59.85,9,100.0,0,36,0,0,0,0,248,0,0,0,14,21,36,0,0,0,1,1,3,0,0.03,,0,0,0.0,274,0,0,41,38,3,0,0,-4.57,3,75.0,0,27,0,379,0,0,0,36,3240,0,,0,0,0,0,0.0,2,0,0,0,390,0,11,6.94,0,0,12,53,38,92,0,17,0.0,0.0,0,0,0,0,0,0,0.0,12,1,0,0.0,0,84,0,0,12,92.31,584,440,504,944,249.7,0,3,1237,4,3,0,Okan Kocuk,Samsunspor,190179,3053,GK
42,1,33.33,146,46,56.1,371,461,831,85.14,15,44.12,19,29,2,0,0,0,123,3,1,3,7,31,29,0,0,24,25,113,1,2,1.95,2.03,39,0,5.56,0,1,3,35,32,3,1,0,,140,59.83,0,0,0,145,33,22,1,28,2430,1,,0,0,0,0,0.0,0,0,0,0,212,8,0,6.93,0,0,0,0,0,0,0,0,2430.0,0.0,0,7,11,9,6,21,72.41,0,64,40,62.5,22,74,29,3,155,57.84,82,467,512,976,201.1,18,1,1338,56,11,0,Badou Ndiaye,Gaziantep FK,228342,5138,MF
44,4,40.0,139,42,51.85,279,344,619,80.18,28,50.0,28,24,1,0,0,1,107,1,1,4,7,45,24,0,0,11,16,82,0,0,0.88,2.0,18,0,5.26,2,1,2,24,21,3,1,0,,82,60.29,0,0,0,153,26,7,0,21,1857,0,,0,0,1,0,0.0,0,0,0,0,207,9,0,6.93,0,1,0,0,0,0,0,0,1857.0,0.0,0,9,10,10,5,13,56.52,0,46,25,54.35,7,87,23,10,110,57.29,81,395,387,772,166.4,19,0,1071,26,2,0,Taylan Antalyalı,Bodrum FK,190197,202390,MF
1,0,0.0,0,1,16.67,3,21,24,68.57,2,50.0,2,3,0,0,0,0,6,0,0,0,0,13,3,0,0,0,1,4,0,0,0.0,,1,0,0.0,0,0,0,4,3,1,0,0,,3,60.0,0,0,0,11,2,0,0,2,172,0,,0,0,0,0,0.0,0,0,0,0,11,0,0,6.93,0,0,0,0,0,0,0,0,0.0,0.0,0,0,0,0,0,0,0.0,0,3,2,66.67,0,4,0,0,5,55.56,6,8,27,35,20.8,0,0,62,0,0,0,Yusuf Demirkiran,Adana Demirspor,2086502,3101,DF
11,0,0.0,27,22,51.16,90,223,313,85.52,20,50.0,20,14,0,0,0,0,38,1,0,0,2,55,12,0,0,4,4,42,0,0,0.34,0.07,15,0,0.0,0,0,0,16,14,2,0,0,,31,58.49,0,0,0,53,19,4,0,9,940,1,,0,0,0,0,0.0,0,0,0,0,66,1,0,6.93,0,0,0,0,0,0,0,0,0.0,0.0,0,1,0,1,0,4,66.67,0,25,13,52.0,4,21,6,1,51,54.84,43,122,245,366,83.2,1,0,525,3,2,0,Yunus Emre Çift,Samsunspor,1063325,3053,DF
13,6,25.0,97,14,60.87,163,88,245,79.55,18,42.86,24,19,0,0,0,0,74,2,0,5,1,16,19,0,0,22,11,86,0,2,2.22,0.64,14,0,23.08,0,3,3,15,13,2,3,0,,67,51.94,3,0,0,63,11,13,0,11,1031,2,,0,0,0,0,0.0,0,0,0,0,161,9,0,6.93,0,0,0,0,0,0,0,0,343.67,0.0,0,9,4,3,5,19,55.88,0,29,20,68.97,13,22,34,24,85,49.71,23,228,104,308,131.7,13,1,578,20,1,0,Davidson,Başakşehir FK,814334,3086,
22,3,75.0,74,28,59.57,183,193,373,83.45,21,75.0,7,17,0,0,0,0,39,2,1,2,1,15,16,0,0,3,7,27,0,0,0.82,0.21,11,0,0.0,0,0,0,14,13,1,0,0,,33,62.26,0,0,0,74,18,8,0,11,969,0,,0,0,0,0,0.0,0,0,0,0,92,1,0,6.93,0,0,0,0,0,0,0,0,0.0,0.0,0,1,5,3,1,1,100.0,0,29,19,65.52,8,32,1,4,54,66.67,47,227,224,447,110.9,6,0,597,3,4,0,Onur Ergün,Başakşehir FK,893009,3086,MF
3,9,20.45,179,9,32.14,268,101,360,67.92,36,31.86,77,36,5,0,0,0,93,2,13,4,4,22,36,0,0,25,11,162,0,0,2.67,8.1,18,0,22.73,0,10,15,61,52,9,10,0,,88,50.87,3,0,0,170,12,28,2,33,3031,28,,0,0,0,0,0.0,0,0,0,4,353,14,0,6.93,0,5,0,0,0,0,0,0,303.1,0.0,0,44,0,20,20,21,38.89,0,23,19,82.61,28,14,54,44,124,43.36,28,441,133,530,249.5,44,1,957,44,2,0,Mamadou Fall,Kasımpaşa,822228,6063,MF
52,9,27.27,143,63,52.94,323,384,698,83.59,25,56.82,19,29,3,0,0,0,72,4,2,4,5,57,27,0,0,2,11,52,0,0,2.17,1.08,17,1,6.25,2,1,4,14,14,0,0,1,,57,63.33,0,0,1,137,16,13,0,18,1649,4,,0,0,0,0,0.0,0,0,0,1,195,4,0,6.93,0,1,0,0,0,0,0,0,1649.0,50.0,2,10,6,6,6,9,69.23,0,38,22,57.89,13,88,13,33,82,61.19,119,452,416,835,187.1,16,2,1159,11,6,0,Kaan Ayhan,Galatasaray,138152,3061,DF
20,0,0.0,10,76,26.57,44,179,223,50.8,6,100.0,0,17,0,0,0,0,162,0,0,0,0,20,17,3,0,0,2,4,4,1,0.01,,2,0,0.0,118,0,0,43,40,3,0,0,0.82,9,69.23,0,25,0,216,1,0,0,17,1454,0,,0,0,0,2,0.0,6,0,3,0,219,0,5,6.93,0,0,21,48,19,70,1,12,0.0,0.0,0,0,0,0,0,0,0.0,20,3,1,33.33,0,45,0,0,15,78.95,286,195,244,439,117.8,0,2,683,10,1,0,Deniz Eren Dönmezer,Adana Demirspor,1550760,3101,GK
68,0,0.0,74,87,36.71,227,654,881,77.96,59,58.42,42,31,0,0,0,0,94,0,1,2,14,189,31,0,0,5,5,73,0,2,0.29,1.21,21,0,6.67,47,1,1,30,26,4,1,0,,50,61.73,1,0,0,249,30,8,0,31,2788,0,,0,0,0,1,0.0,0,0,0,0,282,2,0,6.93,0,0,0,0,0,0,0,0,2788.0,0.0,0,14,1,9,4,5,71.43,0,32,17,53.13,8,139,7,0,109,59.89,237,391,739,1130,214.8,15,2,1508,14,3,0,Ali Aytemur,Bodrum FK,802650,202390,DF
13,7,19.44,101,16,50.0,209,195,397,86.87,5,33.33,10,12,1,0,0,0,44,1,0,2,3,22,11,0,1,4,6,34,0,1,1.75,0.44,10,0,0.0,0,0,1,6,6,0,0,0,,22,47.83,0,0,0,60,2,7,0,10,784,1,,0,0,0,0,0.0,0,0,0,0,111,4,0,6.93,1,0,0,0,0,0,0,0,0.0,0.0,0,5,4,5,2,2,33.33,0,17,10,58.82,7,27,6,36,27,44.26,32,284,209,457,76.2,9,0,679,3,2,0,Przemysław Frankowski,Galatasaray,286909,3061,DF
18,19,23.17,97,48,45.71,203,135,319,65.5,46,61.33,29,23,2,0,0,0,80,4,1,6,3,45,23,0,0,17,17,113,0,0,2.17,1.09,20,0,3.85,0,1,3,20,17,3,1,0,,82,49.4,0,0,0,168,20,22,1,22,1858,0,,0,1,0,2,0.0,0,0,0,0,436,7,0,6.93,0,0,0,0,0,0,0,0,1858.0,0.0,0,13,13,16,4,28,44.44,0,39,23,58.97,21,43,63,82,128,53.11,105,397,172,487,159.3,26,1,1124,15,3,0,Djalma,Göztepe,973933,3054,
18,17,25.0,121,50,41.67,257,162,402,66.89,54,60.0,36,28,3,0,0,0,71,5,3,3,2,57,28,0,0,6,19,90,0,0,2.47,2.2,25,0,5.56,0,1,4,27,24,3,1,0,,59,52.21,1,0,0,199,24,21,0,17,1773,1,,0,0,0,0,0.0,0,0,0,0,327,5,0,6.93,0,0,0,0,0,0,0,0,1773.0,0.0,0,13,5,12,3,7,50.0,0,44,32,72.73,21,53,14,68,113,55.67,120,463,206,601,193.9,18,0,1096,9,4,0,Lasse Nielsen,Göztepe,21547,3054,MF
80,0,0.0,152,137,47.4,455,1015,1470,84.97,68,59.13,47,32,0,0,0,0,132,1,2,2,5,124,32,0,0,6,29,110,1,1,0.45,1.36,29,0,5.56,8,1,1,48,44,4,1,0,,102,61.82,1,0,2,260,42,5,0,32,2846,2,,0,0,0,1,0.0,0,0,0,1,293,2,0,6.93,0,0,0,0,0,0,0,0,2846.0,0.0,0,14,4,12,4,9,75.0,0,52,37,71.15,5,145,12,2,170,60.71,289,637,1095,1730,221.6,18,2,2128,43,6,0,Veysel Sarı,Antalyaspor,98276,3056,DF
15,0,0.0,47,25,36.76,128,180,308,76.62,17,77.27,5,12,0,0,0,0,43,1,0,0,2,39,12,0,0,3,11,38,0,2,0.11,0.28,20,0,0.0,0,0,0,13,12,1,0,0,,29,46.77,0,0,0,94,11,4,0,12,992,2,,0,0,0,1,0.0,0,0,0,0,122,1,0,6.93,0,0,0,0,0,0,0,0,0.0,0.0,0,3,5,5,3,2,100.0,0,23,9,39.13,4,46,2,7,46,54.76,68,203,206,402,83.1,8,1,613,4,5,0,Anel Husić,Gaziantep FK,1122387,5138,DF
24,0,0.0,80,83,52.2,331,976,1307,87.95,78,63.41,45,33,0,0,0,0,101,0,6,2,6,155,33,0,0,4,17,104,0,1,0.49,1.95,39,0,14.29,27,2,2,55,50,5,2,0,,77,56.62,2,0,0,179,50,6,0,29,2701,2,,1,0,0,2,0.0,0,0,0,0,193,2,0,6.92,0,0,0,0,0,0,0,0,1350.5,0.0,0,14,0,6,6,2,100.0,0,54,32,59.26,6,62,2,1,155,59.85,159,436,1051,1486,228.5,14,3,1910,24,10,0,Thalisson,Antalyaspor,863277,3056,DF
10,4,36.36,121,8,50.0,173,23,192,58.72,55,32.74,113,26,3,0,0,1,50,8,12,12,0,9,25,0,0,35,9,218,0,0,3.2,8.52,31,0,16.67,0,7,10,25,21,4,7,0,,79,42.93,0,0,1,135,7,33,3,21,1659,27,,0,1,1,0,0.0,0,0,0,1,289,16,0,6.92,0,4,0,0,0,0,0,0,237.0,0.0,0,39,3,17,13,25,42.37,0,33,18,54.55,32,20,59,11,134,38.07,16,299,39,327,173.1,42,0,706,21,1,0,Juan Santos da Silva,Göztepe,1009928,3054,FW
49,36,36.0,224,39,44.83,397,181,542,76.45,11,42.31,15,35,5,0,0,0,111,11,8,15,5,18,35,0,0,20,33,110,0,0,7.47,5.4,27,0,7.32,0,3,8,26,23,3,3,0,,95,50.0,1,0,2,167,12,51,2,26,2300,4,,0,0,0,0,0.0,0,0,0,1,312,17,0,6.92,0,0,0,0,0,0,0,0,766.67,0.0,1,19,22,15,11,8,33.33,0,50,26,52.0,51,108,24,100,106,49.07,87,600,209,709,242.3,41,0,1140,38,4,0,Sebastian Szymański,Fenerbahçe,847983,3052,MF
35,5,29.41,281,69,56.1,650,683,1328,90.28,32,55.17,26,32,2,0,0,0,134,2,4,7,8,40,32,0,0,23,16,117,0,3,1.09,2.5,41,0,3.57,1,1,3,38,33,5,1,0,,118,56.46,0,0,0,143,23,14,1,29,2599,0,,0,0,0,0,0.0,0,0,0,0,219,5,0,6.92,1,0,0,0,0,0,0,0,2599.0,0.0,0,14,14,13,8,28,68.29,0,40,16,40.0,14,77,41,17,150,56.18,123,765,723,1471,221.5,28,1,1841,50,8,1,Batista Mendy,Trabzonspor,859021,3051,MF
40,0,0.0,29,182,38.16,98,558,656,68.84,11,91.67,1,33,1,0,0,0,325,0,0,0,7,37,33,1,0,0,2,5,1,2,0.12,,2,0,0.0,206,0,1,56,47,9,0,0,-5.29,5,55.56,0,32,0,297,1,1,0,33,2970,0,,0,0,0,2,0.0,14,0,3,0,305,0,13,6.92,0,0,38,53,25,78,1,24,0.0,0.0,0,0,0,0,0,2,100.0,35,0,0,0.0,1,72,2,0,16,76.19,477,324,629,953,228.4,0,1,1319,6,3,0,Andreas Gianniotis,Kasımpaşa,236746,6063,GK
23,8,22.86,181,44,50.57,387,405,784,83.94,32,56.14,25,31,0,0,0,0,100,3,1,4,4,63,29,0,0,12,17,91,1,0,1.45,1.48,23,0,8.33,3,1,1,27,24,3,1,0,,78,54.17,0,0,1,150,40,12,0,21,1907,2,,0,0,0,0,0.0,0,0,0,0,262,5,0,6.92,0,1,0,0,0,0,0,0,1907.0,0.0,1,7,5,4,4,19,50.0,0,47,22,46.81,12,54,38,35,110,54.73,87,518,451,934,200.6,12,2,1402,12,1,0,Umut Meraş,Eyüpspor,609746,7040,DF
37,0,0.0,69,69,54.76,276,784,1060,87.53,60,49.59,61,31,1,0,0,0,73,1,0,0,13,154,31,0,0,3,11,88,0,1,0.33,0.5,13,0,0.0,1,0,1,31,29,2,0,0,,49,64.47,0,0,0,151,30,3,0,31,2742,1,,1,0,0,2,0.0,0,0,0,0,166,0,0,6.91,0,0,0,0,0,0,0,0,0.0,0.0,0,8,1,6,3,2,66.67,0,41,27,65.85,3,69,3,1,109,55.33,126,373,839,1211,214.3,9,3,1539,7,1,0,Ľubomír Šatka,Samsunspor,187231,3053,DF
9,0,0.0,58,22,56.41,153,248,401,91.97,13,59.09,9,9,0,0,0,0,16,1,0,1,3,24,9,0,0,0,1,17,0,0,0.35,0.62,6,0,20.0,7,1,1,12,11,1,1,0,,16,66.67,0,0,0,35,4,1,1,8,754,0,,0,0,0,2,0.0,0,0,0,0,40,0,0,6.91,0,0,0,0,0,0,0,0,754.0,0.0,1,4,1,3,1,3,60.0,0,7,7,100.0,1,18,5,0,29,63.04,39,182,254,436,62.2,5,0,509,6,2,0,Stefano Denswil,Trabzonspor,97404,3051,DF
5,0,0.0,13,15,50.0,54,194,248,88.57,19,79.17,5,10,0,0,0,0,21,1,1,1,1,33,9,0,0,0,0,14,0,0,0.06,0.18,7,0,0.0,0,0,0,11,10,1,0,0,,33,78.57,0,0,0,32,9,2,0,9,657,0,,0,0,0,0,0.0,0,0,0,0,38,0,0,6.91,0,0,0,0,0,0,0,0,0.0,0.0,0,3,0,2,0,3,60.0,0,16,7,43.75,2,17,5,0,52,78.79,30,75,205,280,62.2,3,0,378,14,1,0,Bahadır Öztürk,Antalyaspor,790783,3056,DF
13,0,0.0,70,8,72.73,122,81,203,62.85,81,51.59,76,30,3,0,0,1,38,4,11,10,1,14,30,0,0,30,4,162,0,0,0.98,11.24,40,0,16.36,0,9,12,33,25,8,8,1,,53,38.13,2,0,3,120,2,17,2,22,1995,12,,0,0,1,1,0.0,0,0,0,1,233,13,0,6.91,0,5,0,0,0,0,0,0,221.67,0.0,0,47,8,21,24,9,32.14,0,14,8,57.14,17,19,28,6,134,45.27,11,226,103,323,207.3,55,1,610,31,8,0,Blaž Kramer,Konyaspor,804405,3085,FW
12,2,20.0,54,10,27.03,115,160,273,81.98,2,20.0,8,11,0,0,0,0,37,0,0,1,2,20,10,0,0,4,0,16,0,0,0.61,0.06,5,0,0.0,0,0,0,5,4,1,0,0,,23,74.19,0,0,0,60,8,2,0,5,497,0,,0,0,0,0,0.0,0,0,0,0,83,1,0,6.91,0,0,0,0,0,0,0,0,0.0,0.0,0,1,0,0,0,4,80.0,0,11,9,81.82,2,25,5,10,25,60.98,37,167,176,333,69.1,1,0,445,8,0,0,Levent Mercan,Fenerbahçe,1085938,3052,DF
35,1,14.29,112,41,34.45,257,382,638,73.59,86,64.18,48,32,2,0,0,0,103,4,0,8,3,51,32,0,0,16,15,117,0,1,1.36,1.05,33,0,11.11,0,3,5,33,27,6,3,0,,81,54.0,3,0,0,229,38,11,0,28,2366,0,,0,0,0,0,0.0,0,0,0,0,281,5,0,6.91,0,0,0,0,0,0,0,0,788.67,0.0,0,19,8,9,10,2,25.0,0,57,37,64.91,11,74,8,7,167,58.8,119,437,437,867,221.1,27,1,1204,23,8,0,Marko Jevtović,Konyaspor,310068,3085,MF
4,2,11.76,139,9,64.29,262,106,366,78.04,64,52.89,57,25,1,0,0,0,47,0,7,9,2,17,25,0,0,36,4,132,0,0,1.17,3.68,25,0,14.71,0,5,6,34,31,3,5,0,,84,52.83,2,0,0,103,2,19,2,18,1601,9,,0,0,0,0,0.0,0,0,0,0,217,8,0,6.91,0,1,0,0,0,0,0,0,320.2,0.0,0,27,7,9,16,24,61.54,0,11,7,63.64,19,7,39,17,148,52.86,14,363,123,469,172.7,34,0,763,52,6,0,Bengali-Fodé Koita,Sivasspor,51407,3076,MF
7,4,23.53,60,8,53.33,112,48,156,77.23,22,62.86,13,14,1,0,0,0,26,3,1,3,0,8,14,0,0,11,8,67,0,0,2.04,1.78,26,0,16.67,0,3,4,13,12,1,2,1,,23,29.87,0,0,0,46,6,10,1,9,795,4,,0,1,0,0,0.0,0,0,0,0,112,6,0,6.91,0,2,0,0,0,0,0,0,265.0,0.0,0,16,2,8,7,6,33.33,0,12,8,66.67,9,10,18,17,45,40.18,15,165,54,202,96.7,18,2,363,5,1,0,Danylo Sikan,Trabzonspor,945479,3051,MF
14,13,36.11,73,17,65.38,153,74,214,78.68,11,44.0,14,14,1,0,0,0,44,0,3,3,0,9,14,0,0,12,5,56,0,0,1.14,1.07,18,0,15.38,0,2,3,17,14,3,1,1,,38,47.5,0,0,0,58,5,13,1,10,948,2,,0,0,0,0,0.0,0,0,0,0,131,8,0,6.91,0,1,0,0,0,0,0,0,474.0,0.0,1,8,5,4,6,4,30.77,0,15,11,73.33,13,24,13,36,49,46.67,26,221,87,272,96.7,13,0,460,20,2,0,Tonny Vilhena,Alanyaspor,149659,6362,MF
37,7,25.93,244,38,43.18,487,511,991,83.91,22,45.83,26,30,3,0,0,0,148,2,1,4,8,50,30,0,0,33,29,164,0,0,1.84,0.93,29,0,0.0,0,0,3,28,25,3,0,0,,146,51.41,0,0,0,190,31,28,0,28,2452,6,,0,0,0,1,0.0,0,0,0,0,362,9,0,6.91,0,0,0,0,0,0,0,0,0.0,0.0,0,7,18,13,8,57,53.27,0,45,30,66.67,28,70,107,27,168,50.6,88,628,580,1181,207.2,25,0,1873,45,4,0,Mustafa Eskihellaç,Trabzonspor,899069,3051,DF
35,5,35.71,129,57,40.14,391,1008,1394,89.19,66,68.75,30,33,2,0,0,2,96,3,2,2,7,112,33,0,0,9,4,80,1,2,1.32,3.33,35,0,14.29,49,3,5,47,44,3,3,0,,93,65.03,0,0,1,169,34,8,2,29,2619,1,,0,0,3,2,33.33,0,1,0,0,227,2,0,6.91,1,1,0,0,0,0,0,0,873.0,0.0,0,19,2,9,10,20,74.07,0,32,20,62.5,8,88,27,14,159,66.53,142,518,1059,1563,227.9,21,2,1965,41,7,1,Jerome Opoku,Başakşehir FK,920514,3086,DF
22,1,50.0,116,10,62.5,241,114,354,78.15,42,27.45,111,25,2,0,0,0,48,1,4,18,0,25,25,0,0,48,2,196,0,0,1.47,6.9,15,0,12.96,0,7,9,43,40,3,7,0,,47,35.61,3,0,0,99,1,21,0,22,1974,14,,0,0,2,0,100.0,0,2,0,0,237,3,0,6.9,0,4,0,0,0,0,0,0,282.0,0.0,4,43,11,13,23,25,50.0,0,4,0,0.0,21,39,50,2,89,31.23,16,330,125,453,172.6,54,0,775,20,3,0,Vincent Aboubakar,Hatayspor,116869,3091,FW
13,27,34.18,122,12,48.0,206,117,296,78.1,7,46.67,8,29,2,0,0,0,90,0,2,8,1,3,29,0,0,25,11,88,0,0,4.46,2.69,6,0,6.45,0,2,4,18,15,3,2,0,,84,51.22,0,0,1,83,5,36,1,15,1513,4,,0,0,1,0,100.0,0,1,0,1,244,10,0,6.9,0,1,0,0,0,0,0,0,756.5,0.0,2,18,13,10,13,38,50.0,0,24,17,70.83,36,23,76,79,91,50.84,25,320,138,379,200.2,31,0,744,22,1,0,Zdravko Dimitrov,Bodrum FK,871342,202390,MF
20,9,21.43,122,26,81.25,193,86,270,78.03,11,37.93,18,27,3,0,0,0,53,5,4,5,0,8,26,0,0,20,16,84,0,0,2.55,2.81,15,0,13.64,0,3,6,21,18,3,3,0,,65,49.62,0,0,2,76,6,20,0,12,1297,2,,0,0,0,0,0.0,0,0,0,0,185,9,0,6.9,0,3,0,0,0,0,0,0,432.33,0.0,0,14,8,8,9,28,59.57,0,22,10,45.45,20,30,47,42,76,47.5,32,290,98,346,179.4,22,1,632,16,2,0,Altin Zeqiri,Çaykur Rizespor,991742,3064,MF
58,42,27.81,169,67,39.41,320,259,537,72.86,17,56.67,13,26,5,0,0,0,60,9,0,2,3,49,26,0,1,2,15,53,0,1,6.06,0.45,14,0,0.0,0,0,5,25,23,2,0,0,,37,48.05,0,0,3,200,20,33,0,17,1513,1,,0,2,0,0,0.0,0,0,0,0,376,5,0,6.9,1,0,0,0,0,0,0,0,0.0,0.0,8,1,11,5,5,14,60.87,0,14,9,64.29,31,148,23,151,54,50.47,170,583,305,737,179.4,12,2,1189,9,6,0,Caner Erkin,Eyüpspor,15680,7040,DF
0,0,0.0,2,0,0.0,2,2,4,80.0,1,100.0,0,1,0,0,0,0,1,0,0,0,0,0,1,0,0,0,0,0,0,0,0.0,,0,0,0.0,0,0,0,0,0,0,0,0,,2,100.0,0,0,0,1,0,0,0,0,12,0,,0,0,0,0,0.0,0,0,0,0,1,0,0,6.9,0,0,0,0,0,0,0,0,0.0,0.0,0,0,0,0,0,1,100.0,0,1,1,100.0,0,0,1,0,3,100.0,0,2,3,5,6.9,0,0,8,0,0,0,Yucel Gurol,Adana Demirspor,1106437,3101,DF
23,0,0.0,9,96,38.87,63,445,508,76.74,8,100.0,0,22,0,0,0,0,158,0,0,0,4,24,22,0,0,0,0,1,0,1,0.02,,1,0,0.0,160,0,0,31,28,3,0,0,-2.63,4,80.0,0,15,0,154,0,0,0,22,1979,0,,1,0,0,1,0.0,2,0,0,0,160,0,10,6.9,0,0,4,36,20,57,3,17,0.0,0.0,0,0,0,0,0,2,100.0,4,1,1,100.0,0,40,2,0,12,92.31,247,189,473,662,151.8,0,1,869,2,4,0,Ivo Grbić,Çaykur Rizespor,283847,3064,GK
0,0,0.0,15,0,0.0,19,7,26,83.87,1,100.0,0,1,0,0,0,0,3,0,0,1,1,0,1,0,0,1,0,5,0,0,0.14,0.1,1,0,0.0,0,0,0,0,0,0,0,0,,0,0.0,0,0,0,5,1,2,0,1,90,0,,0,0,0,0,0.0,0,0,0,0,13,1,0,6.9,0,0,0,0,0,0,0,0,0.0,0.0,0,2,2,2,1,0,0.0,0,0,0,0.0,2,1,3,1,1,16.67,1,24,8,31,6.9,4,0,49,0,0,0,Mahmoud Trézéguet,Trabzonspor,295361,3051,
0,2,100.0,5,0,0.0,9,2,9,69.23,0,0.0,3,1,0,0,0,0,4,0,0,0,0,0,1,0,0,0,1,5,0,0,0.07,0.05,0,0,0.0,0,0,0,0,0,0,0,0,,4,66.67,0,0,0,4,0,1,0,1,60,0,,0,0,0,0,0.0,0,0,0,0,7,2,0,6.9,0,0,0,0,0,0,0,0,0.0,0.0,0,1,0,1,0,1,50.0,0,2,0,0.0,1,1,2,2,4,44.44,0,13,2,13,6.9,1,0,25,1,0,0,Burak Çoban,Bodrum FK,804197,202390,MF
47,4,30.77,85,78,47.56,267,505,768,80.17,38,53.52,33,29,1,0,0,0,58,1,1,3,5,116,29,0,0,1,19,77,1,2,0.68,0.74,25,0,7.14,5,1,2,29,25,4,1,0,,62,58.49,0,0,2,190,42,7,0,22,1978,0,,0,0,0,1,0.0,0,0,0,0,230,4,0,6.9,0,1,0,0,0,0,0,0,1978.0,0.0,0,11,3,7,4,0,0.0,0,38,25,65.79,7,101,1,13,100,56.5,164,411,560,958,200.0,14,3,1336,26,3,0,Uğurcan Yazğılı,Konyaspor,904303,3085,DF
10,1,14.29,116,8,47.06,191,58,248,56.62,93,38.91,146,34,4,0,0,0,49,6,14,8,4,24,34,0,0,32,10,239,0,0,2.71,9.36,33,0,14.93,0,10,14,32,30,2,10,0,,57,38.0,2,0,0,190,3,24,0,29,2502,37,,0,0,0,0,0.0,0,0,0,0,323,19,0,6.89,1,8,0,0,0,0,0,0,250.2,0.0,0,60,7,34,25,20,47.62,0,8,5,62.5,24,23,42,7,150,38.56,17,373,72,438,234.4,67,1,783,29,5,1,Marius Mouandilmadji,Samsunspor,943593,3053,FW
15,0,0.0,52,34,43.04,133,341,474,81.72,28,56.0,22,13,1,0,0,0,47,1,0,1,2,62,13,0,0,1,10,49,1,1,0.53,0.02,15,0,0.0,14,0,1,19,14,5,0,0,,25,48.08,0,0,0,106,27,1,0,12,1102,0,,0,0,0,0,0.0,0,0,0,0,122,2,0,6.89,0,0,0,0,0,0,0,0,0.0,0.0,0,0,1,0,0,2,66.67,0,18,10,55.56,1,45,3,3,53,51.96,79,214,369,580,89.6,1,0,747,5,2,0,Kamil Piątkowski,Kasımpaşa,942335,6063,DF
34,6,20.0,193,24,54.55,367,187,548,69.81,139,64.06,78,35,1,0,0,0,94,2,9,11,2,28,35,0,0,25,33,194,1,0,2.43,6.3,42,0,12.73,0,7,8,46,40,6,7,0,,77,39.9,4,0,4,237,3,21,0,28,2365,12,,0,0,2,1,100.0,0,2,0,0,375,17,0,6.89,0,3,0,0,0,0,0,0,337.86,0.0,0,44,11,19,25,18,46.15,0,36,19,52.78,21,59,39,30,216,52.68,44,590,225,785,241.2,55,2,1156,28,2,0,Braian Samudio,Antalyaspor,892933,3056,FW
34,0,0.0,9,105,38.04,55,301,356,67.17,4,100.0,0,22,0,0,0,0,148,1,0,0,8,14,22,1,0,0,0,0,1,0,0.02,,0,0,0.0,108,0,0,22,20,2,0,0,-0.29,1,100.0,0,21,0,174,0,1,0,22,1922,0,,1,0,0,0,0.0,3,0,1,0,174,0,8,6.89,0,0,7,22,20,43,0,7,0.0,0.0,0,0,0,0,0,0,0.0,7,0,0,0.0,1,62,0,0,5,100.0,276,186,344,530,151.6,0,0,709,2,0,0,Dominik Livaković,Fenerbahçe,190419,3052,GK
34,14,23.73,183,40,54.05,338,251,575,83.21,7,20.59,27,31,1,0,0,0,128,3,3,4,2,26,31,0,0,13,14,96,0,0,2.12,2.51,15,0,17.39,0,4,5,32,26,6,4,0,,75,52.08,0,0,2,116,17,23,1,25,2106,5,,0,0,0,1,0.0,0,0,0,0,274,9,0,6.89,1,3,0,0,0,0,0,0,526.5,0.0,0,15,8,9,10,23,44.23,0,28,17,60.71,23,64,52,59,82,46.07,74,468,282,691,213.6,23,1,1126,26,3,1,Alassane Ndao,Konyaspor,1016033,3085,MF
42,39,25.0,222,39,32.77,516,357,834,79.96,12,40.0,18,30,4,0,0,0,129,13,0,1,5,80,30,0,0,21,28,133,0,1,3.99,0.88,44,0,9.09,0,1,5,46,40,6,1,0,,95,45.24,0,0,1,209,20,42,0,30,2659,8,,0,0,0,1,0.0,0,0,0,0,442,6,0,6.89,2,1,0,0,0,0,0,0,2659.0,0.0,0,9,2,9,1,17,40.48,0,64,40,62.5,42,98,42,156,107,44.58,119,782,417,1043,206.7,11,0,1827,14,6,2,Uğur Çiftçi,Sivasspor,142850,3076,DF
7,0,0.0,44,8,66.67,76,86,162,86.63,1,25.0,3,10,1,0,0,0,22,1,0,3,0,2,9,0,0,5,2,16,0,0,0.19,0.38,3,0,16.67,0,1,2,6,5,1,1,0,,15,53.57,0,0,0,25,1,10,0,3,346,0,,0,0,0,0,0.0,0,0,0,0,42,2,0,6.89,0,1,0,0,0,0,0,0,346.0,0.0,0,3,3,0,3,2,40.0,0,6,3,50.0,10,11,5,3,16,50.0,12,94,96,187,62.0,6,0,243,7,1,0,Flavien Tait,Samsunspor,312388,3053,MF
35,3,27.27,125,69,50.0,254,206,457,68.72,87,67.44,42,25,4,0,0,0,109,4,3,7,6,58,25,0,1,16,12,123,0,0,1.36,1.62,50,0,0.0,0,0,4,24,20,4,0,0,,71,46.71,0,0,0,208,22,17,0,23,1948,2,,0,0,0,0,0.0,0,0,0,0,288,10,0,6.89,1,0,0,0,0,0,0,0,0.0,0.0,0,10,22,18,7,17,65.38,0,28,18,64.29,17,78,26,11,158,56.23,138,430,246,665,172.2,32,0,991,26,6,0,Musah Mohammed,Bodrum FK,1105505,202390,MF
42,0,0.0,95,61,58.65,314,657,971,88.03,64,60.95,41,25,0,0,0,0,79,0,0,0,3,79,24,0,0,2,8,80,0,2,0.34,0.8,30,0,0.0,16,0,0,22,20,2,0,0,,44,53.01,0,0,0,132,41,2,0,19,1627,0,,1,0,0,1,0.0,0,0,0,0,138,3,0,6.89,0,0,0,0,0,0,0,0,0.0,0.0,0,9,0,7,2,3,100.0,0,26,14,53.85,2,68,3,0,108,57.45,104,395,708,1103,165.3,9,2,1321,16,7,0,Alexander Djiku,Fenerbahçe,289977,3052,DF
49,21,35.0,129,49,35.77,317,317,613,75.59,50,67.57,24,20,1,0,0,0,67,4,0,1,7,59,20,0,0,10,11,75,0,1,1.56,0.03,26,0,0.0,0,0,1,19,17,2,0,0,,47,47.96,0,0,0,198,27,13,0,18,1649,5,,1,0,0,0,0.0,0,0,0,0,326,2,0,6.89,0,0,0,0,0,0,0,0,0.0,0.0,0,0,2,1,0,5,41.67,0,25,20,80.0,13,104,12,60,97,56.4,137,491,380,811,137.7,2,0,1237,19,1,0,Lucas Lima,Başakşehir FK,248529,3086,DF
39,0,0.0,39,194,35.02,142,499,641,63.4,14,82.35,3,30,1,0,0,0,266,1,0,0,5,26,30,1,0,1,3,8,0,1,0.1,,1,0,0.0,179,0,1,53,48,5,0,0,-4.34,9,64.29,0,31,0,370,1,1,0,30,2700,0,,0,0,0,0,0.0,6,0,0,0,377,0,3,6.88,0,0,29,61,17,80,1,11,0.0,0.0,0,0,0,0,0,3,100.0,28,0,0,0.0,1,88,3,0,23,74.19,554,444,567,1011,206.5,0,2,1316,12,1,0,Kenan Pirić,Antalyaspor,840898,3056,GK
10,0,0.0,131,8,66.67,215,68,283,74.47,31,40.26,46,29,3,0,0,0,66,4,2,3,0,8,29,0,0,37,19,162,0,0,1.25,2.95,25,0,11.54,0,3,6,24,19,5,3,0,,96,45.28,0,0,1,97,7,20,1,18,1628,6,,0,0,0,0,0.0,0,0,0,1,239,16,0,6.88,0,2,0,0,0,0,0,0,542.67,0.0,0,17,9,9,14,40,51.28,0,30,20,66.67,20,20,78,4,127,43.94,12,301,83,380,199.6,26,1,721,27,2,0,Halil Dervişoğlu,Gaziantep FK,930775,5138,FW
27,4,30.77,178,30,69.77,353,274,623,86.29,17,53.13,15,30,2,0,0,0,88,2,5,4,3,17,28,0,0,14,12,74,2,0,1.36,2.85,28,0,13.79,0,4,6,23,20,3,4,0,,54,47.79,2,0,0,99,14,25,0,19,1709,0,,0,0,0,0,0.0,0,0,0,0,155,10,0,6.88,0,2,0,0,0,0,0,0,427.25,0.0,0,19,10,9,16,11,57.89,0,29,15,51.72,25,45,19,13,71,48.97,43,432,303,722,192.7,29,2,936,14,3,0,Ozan Tufan,Trabzonspor,251907,3051,MF
7,0,0.0,58,6,100.0,77,34,111,76.55,3,13.64,19,18,2,0,0,1,15,2,5,2,0,0,16,0,0,10,2,43,0,0,0.71,5.79,7,0,27.78,0,5,7,7,6,1,5,0,,7,22.58,2,0,1,34,1,18,1,1,410,6,,0,0,2,0,50.0,0,1,0,0,69,4,0,6.88,0,2,0,0,0,0,0,0,82.0,0.0,0,15,3,8,8,3,30.0,0,3,2,66.67,18,8,10,3,10,18.87,6,112,36,145,110.1,18,1,226,1,1,0,Michy Batshuayi,Galatasaray,147745,3061,FW
69,5,21.74,166,105,41.34,481,873,1349,81.31,63,55.75,50,34,1,0,0,0,138,2,1,2,6,124,34,0,0,4,28,139,0,2,0.98,1.55,51,0,6.67,11,1,2,54,47,7,1,0,,95,51.63,1,0,1,310,54,10,0,33,2788,1,,0,0,0,3,0.0,0,0,0,0,392,4,0,6.88,0,0,0,0,0,0,0,0,2788.0,0.0,0,11,4,7,6,16,59.26,0,65,43,66.15,10,156,27,23,158,53.2,254,709,973,1659,233.9,15,1,2173,14,7,0,Yasin Özcan,Kasımpaşa,1392102,6063,DF
0,2,100.0,41,3,42.86,78,34,110,74.32,37,60.66,24,16,1,0,0,0,27,0,4,6,0,17,16,0,0,19,3,63,0,0,0.32,3.01,13,0,15.38,0,4,5,15,14,1,4,0,,35,47.3,2,0,0,38,2,5,1,9,889,9,,0,0,0,0,0.0,0,0,0,1,98,4,0,6.88,0,1,0,0,0,0,0,0,222.25,0.0,0,22,4,11,9,10,52.63,0,3,2,66.67,5,4,19,2,72,53.33,7,113,37,148,110.0,26,1,316,23,3,0,Emmanuel Boateng,Gaziantep FK,580392,5138,FW
19,32,21.77,194,20,54.05,326,109,403,70.95,18,32.14,38,34,7,0,0,0,111,13,6,15,1,10,34,0,0,24,25,141,0,2,6.05,4.38,23,0,7.89,0,3,10,35,27,8,3,0,,79,43.41,0,0,0,165,17,50,1,29,2330,11,,0,1,0,1,0.0,0,0,0,0,391,18,0,6.87,0,2,0,0,0,0,0,0,776.67,0.0,0,29,9,12,11,19,37.25,0,19,11,57.89,49,38,51,147,97,40.76,37,574,141,568,233.7,38,1,1037,42,3,0,Yusuf Erdoğan,Konyaspor,256663,3085,MF
12,0,0.0,77,3,33.33,133,70,203,63.24,106,60.57,69,33,0,0,1,0,21,0,7,6,1,15,33,0,0,11,4,102,0,0,0.91,5.09,17,0,16.22,0,6,6,19,16,3,5,1,,30,47.62,4,0,2,118,5,13,0,13,1492,7,,0,0,2,0,50.0,0,1,0,0,180,8,0,6.87,0,2,0,0,0,0,0,0,248.67,0.0,0,35,2,14,17,4,40.0,0,6,5,83.33,13,16,10,1,136,57.14,9,235,87,321,226.8,37,2,516,22,5,0,Umut Nayir,Konyaspor,284767,3085,FW
14,12,36.36,87,23,57.5,215,216,419,86.93,11,57.89,8,11,0,0,0,0,49,0,1,1,2,24,11,0,0,7,8,40,1,0,0.55,1.49,16,0,11.11,1,1,1,20,19,1,1,0,,37,53.62,0,0,1,63,16,8,1,10,911,0,,0,0,0,2,0.0,0,0,0,0,110,1,0,6.87,0,0,0,0,0,0,0,0,911.0,0.0,0,4,5,4,4,6,66.67,0,17,9,52.94,8,32,9,33,48,54.55,40,274,241,482,75.6,9,0,691,14,2,0,Christopher Operi,Başakşehir FK,858977,3086,DF
0,1,100.0,33,1,25.0,56,46,101,84.87,4,30.77,9,13,1,0,0,0,17,1,4,1,0,5,10,0,0,2,0,15,0,0,0.49,2.62,3,0,8.33,0,1,2,6,6,0,1,0,,16,72.73,0,0,1,18,3,3,0,4,385,3,,0,0,0,0,0.0,0,0,0,0,32,1,0,6.87,0,1,0,0,0,0,0,0,385.0,0.0,0,11,1,5,6,4,80.0,0,6,2,33.33,3,3,5,1,20,57.14,4,70,50,119,68.7,12,1,180,6,0,0,Gianni Bruno,Eyüpspor,100680,7040,MF
14,1,50.0,43,29,42.65,124,203,326,79.9,17,68.0,8,10,0,0,0,0,36,0,3,0,1,52,10,0,0,1,6,22,0,1,0.39,0.96,6,0,11.11,4,1,1,16,16,0,1,0,,23,62.16,1,0,0,82,11,1,0,8,795,1,,0,0,0,0,0.0,0,0,0,0,100,1,0,6.87,0,0,0,0,0,0,0,0,795.0,0.0,0,8,1,7,2,1,50.0,0,11,5,45.45,1,33,2,2,40,64.52,68,182,228,408,68.7,9,0,554,11,3,0,Enric Saborit,Gaziantep FK,253303,5138,DF
25,0,0.0,46,49,39.84,231,574,805,85.82,53,59.55,36,26,1,0,0,0,54,2,1,2,4,155,26,0,0,4,7,70,0,1,0.26,1.45,25,1,15.38,3,2,3,40,36,4,1,1,,33,49.25,1,0,0,133,25,4,0,24,2191,1,,0,0,0,0,0.0,0,0,0,0,157,1,0,6.87,0,1,0,0,0,0,0,0,1095.5,33.33,3,10,3,5,6,0,0.0,0,31,17,54.84,4,51,1,1,86,55.13,123,320,619,938,178.6,13,1,1248,2,6,0,Noah Sonko Sundberg,Sivasspor,279541,3076,DF
10,2,22.22,98,7,41.18,173,95,266,83.91,0,0.0,3,16,1,0,0,0,26,1,1,1,0,2,16,0,0,13,2,32,0,0,1.32,1.21,3,0,27.27,0,3,4,8,7,1,2,1,,35,54.69,0,0,0,51,2,13,0,7,726,0,,0,1,0,0,0.0,0,0,0,0,104,3,0,6.87,0,3,0,0,0,0,0,0,242.0,0.0,1,5,6,1,9,14,53.85,0,4,4,100.0,12,22,26,9,35,52.24,17,219,107,317,109.9,11,0,437,17,3,0,Samu Sáiz,Eyüpspor,99527,7040,MF
0,1,50.0,39,1,33.33,53,6,58,57.43,39,55.71,31,14,0,0,0,0,14,0,3,2,0,2,14,0,0,8,8,68,0,0,0.86,2.43,15,0,4.55,0,1,1,7,7,0,1,0,,19,33.93,0,0,0,43,1,5,0,2,461,2,,0,0,0,0,0.0,0,0,0,0,76,4,0,6.86,0,1,0,0,0,0,0,0,461.0,0.0,0,21,1,10,10,6,42.86,0,9,8,88.89,5,1,14,2,58,46.03,3,93,10,101,96.1,22,0,198,5,0,0,Emersonn,Göztepe,1128844,3054,FW
2,0,0.0,56,11,100.0,111,54,165,81.68,9,50.0,9,19,1,0,0,0,32,1,4,5,1,8,19,0,0,17,3,48,0,0,0.9,3.17,13,0,17.65,0,3,4,16,13,3,3,0,,41,51.25,1,0,0,37,2,10,1,5,712,0,,0,0,0,0,0.0,0,0,0,1,81,8,0,6.86,0,1,0,0,0,0,0,0,237.33,0.0,0,13,4,5,7,9,50.0,0,10,4,40.0,10,3,18,0,50,51.02,11,141,61,202,130.4,17,0,334,23,4,0,Umut Bozok,Eyüpspor,869839,7040,MF
24,0,0.0,118,245,32.28,226,119,345,39.88,12,92.31,1,32,0,0,0,0,247,0,0,0,7,52,32,1,0,0,2,4,1,0,0.21,,1,0,0.0,238,0,0,41,36,5,0,0,-5.92,4,57.14,0,22,0,520,0,2,0,32,2880,0,,0,0,0,0,0.0,3,0,0,0,526,0,22,6.86,0,0,33,38,40,78,0,20,0.0,0.0,0,0,0,0,0,0,0.0,32,0,0,0.0,2,40,0,0,16,80.0,759,720,145,865,219.6,0,1,1088,8,2,0,Mateusz Lis,Göztepe,798375,3054,GK
41,3,42.86,122,49,52.69,239,189,425,77.98,33,55.93,26,25,3,0,0,0,54,2,1,11,1,44,25,0,0,13,10,68,0,1,0.89,1.33,15,0,6.45,0,2,5,27,22,5,0,2,,57,57.58,0,0,0,120,24,7,0,17,1573,0,,0,0,0,1,0.0,0,0,0,0,164,5,0,6.86,0,2,0,0,0,0,0,0,786.5,0.0,3,5,26,8,12,5,45.45,0,29,17,58.62,7,65,11,7,90,56.96,93,335,217,545,171.5,31,0,786,24,3,0,Gökhan Gül,Kasımpaşa,797820,6063,MF
97,9,16.36,301,108,52.68,631,565,1187,83.71,32,55.17,26,32,1,0,0,0,135,3,0,5,1,41,32,0,1,19,27,101,1,1,2.38,0.6,18,0,6.25,0,1,2,30,26,4,0,1,,74,49.66,0,0,0,231,18,21,0,21,2023,0,,0,0,0,1,0.0,0,0,0,0,332,7,0,6.86,1,1,0,0,0,0,0,0,2023.0,0.0,1,4,12,8,3,13,50.0,0,49,26,53.06,21,167,26,55,106,51.21,205,848,625,1418,219.4,16,0,1757,12,2,0,Amir Hadžiahmetović,Beşiktaş JK,795421,3050,MF
21,0,0.0,77,18,52.94,152,91,243,81.82,10,45.45,12,17,0,0,0,0,39,3,1,0,0,9,16,0,0,6,11,52,0,0,1.58,0.93,17,0,0.0,0,0,0,7,7,0,0,0,,34,45.95,0,0,1,54,5,7,0,6,531,0,,0,0,0,0,0.0,0,0,0,1,82,1,0,6.86,0,0,0,0,0,0,0,0,0.0,0.0,1,6,4,7,3,6,46.15,0,18,10,55.56,7,37,13,9,44,45.83,34,205,101,297,109.7,10,1,411,10,1,0,Salih Uçan,Beşiktaş JK,135695,3050,MF
83,6,50.0,191,98,62.82,502,657,1153,87.95,9,34.62,17,26,3,0,0,0,128,3,0,4,3,25,26,0,0,14,17,79,0,3,2.02,0.53,29,0,14.29,0,2,5,24,21,3,1,1,,43,40.95,0,0,0,158,16,12,0,18,1791,0,,0,0,0,1,0.0,0,0,0,0,195,9,0,6.85,0,2,0,0,0,0,0,0,895.5,0.0,0,1,13,5,5,10,66.67,0,19,11,57.89,12,132,15,12,52,39.69,156,625,698,1311,178.2,14,0,1505,15,9,0,Sofyan Amrabat,Fenerbahçe,359272,3052,MF
16,15,32.61,123,17,53.13,252,144,381,81.94,15,60.0,10,24,1,0,0,0,80,0,0,5,0,8,24,0,0,14,10,62,0,0,0.9,1.59,19,0,12.0,0,3,4,15,13,2,2,1,,43,45.26,0,0,0,84,14,14,0,11,1090,1,,0,0,1,0,100.0,0,1,0,1,174,9,0,6.85,0,3,0,0,0,0,0,0,363.33,0.0,1,6,19,12,8,14,53.85,0,13,11,84.62,14,34,26,46,58,48.33,32,360,151,465,164.4,25,0,705,16,2,0,Ahmed Ildız,Göztepe,849329,3054,MF
33,0,0.0,53,38,37.25,173,369,542,80.77,49,51.58,46,19,0,0,0,0,68,1,0,2,2,78,18,0,0,4,6,75,0,1,0.19,1.0,23,0,22.22,7,2,2,25,21,4,2,0,,35,54.69,1,0,0,129,32,2,1,17,1375,1,,1,0,0,0,0.0,0,0,0,0,148,1,0,6.85,1,0,0,0,0,0,0,0,687.5,0.0,0,9,0,3,4,7,100.0,0,23,13,56.52,2,68,7,0,84,52.83,102,260,411,671,123.3,9,2,890,5,7,1,Samet Akaydın,Çaykur Rizespor,863600,3064,DF
33,0,0.0,76,92,48.94,272,673,945,84.38,43,56.58,33,32,0,0,0,1,115,0,3,0,7,205,31,0,0,3,22,76,1,2,0.47,1.5,19,0,9.09,31,1,1,45,39,6,1,0,,68,61.26,1,0,0,175,20,3,0,30,2697,0,,1,0,1,2,0.0,0,0,0,0,204,1,0,6.85,2,0,0,0,0,0,0,0,2697.0,0.0,0,9,2,8,3,2,66.67,0,44,31,70.45,3,69,3,4,111,59.36,188,407,717,1120,212.3,11,2,1559,23,3,2,Joseph Attamah,Kayserispor,332963,3072,DF
27,23,24.73,164,50,45.87,289,208,474,74.18,16,47.06,18,25,1,0,0,0,62,2,0,3,3,42,23,0,0,4,8,41,0,0,1.76,0.73,8,0,15.38,0,2,3,32,27,5,2,0,,40,63.49,0,0,0,165,11,26,2,18,1605,3,,0,0,0,0,0.0,0,0,0,0,289,5,0,6.85,0,0,0,0,0,0,0,0,802.5,0.0,0,7,6,6,4,3,42.86,0,27,17,62.96,26,66,7,93,56,57.73,109,486,246,639,157.5,13,2,1030,11,4,0,Hasan Ali Kaldırım,Kayserispor,39847,3072,DF
13,0,0.0,18,31,50.82,194,747,941,90.83,78,69.03,35,21,0,0,0,0,55,0,1,0,5,105,21,0,1,5,1,78,0,5,0.08,0.37,43,0,0.0,49,0,0,26,25,1,0,0,,46,51.69,0,0,0,95,25,0,0,20,1657,0,,0,0,0,1,0.0,0,0,0,0,113,0,0,6.85,1,0,0,0,0,0,0,0,0.0,0.0,0,4,0,4,0,2,100.0,0,36,22,61.11,0,24,2,0,124,61.39,61,248,788,1036,143.8,4,1,1291,10,8,0,Ousseynou Ba,Başakşehir FK,889430,3086,DF
15,2,14.29,92,21,36.21,237,195,430,76.24,39,45.88,46,22,1,0,0,0,79,2,1,1,5,52,22,0,0,11,19,105,2,0,0.64,2.65,32,0,25.0,0,4,5,23,21,2,4,0,,48,44.86,3,0,1,134,26,13,1,16,1530,1,,0,0,0,0,0.0,0,0,0,0,183,7,0,6.85,0,0,0,0,0,0,0,0,382.5,0.0,0,11,5,8,7,4,80.0,0,34,26,76.47,13,30,5,14,87,45.31,58,334,244,564,150.6,16,1,836,10,4,0,Novatus Miroshi,Göztepe,1103597,3054,
6,5,13.16,52,8,50.0,105,54,154,81.91,0,0.0,2,11,0,0,0,0,23,3,1,5,0,4,11,0,0,6,1,18,0,0,0.9,1.08,1,0,25.0,0,3,3,9,9,0,3,0,,8,33.33,0,0,0,34,0,7,1,7,539,3,,0,0,0,0,0.0,0,0,0,0,89,3,0,6.85,0,2,0,0,0,0,0,0,179.67,0.0,0,8,4,0,7,3,27.27,0,2,1,50.0,7,10,11,38,8,30.77,16,167,59,188,75.3,12,0,291,3,0,0,Ivan Brnić,Başakşehir FK,916182,3086,MF
16,3,60.0,121,15,57.69,176,94,267,69.71,32,29.63,76,33,3,0,0,0,51,8,12,16,2,31,33,0,0,40,6,185,0,0,1.78,9.3,33,0,16.07,0,9,12,31,28,3,8,1,,71,39.44,3,0,0,116,2,24,0,20,1974,9,,0,0,0,0,0.0,0,0,0,0,274,11,0,6.84,0,6,0,0,0,0,0,0,219.33,0.0,0,48,8,16,24,29,46.03,0,11,10,90.91,24,27,63,5,103,35.76,26,268,120,383,225.8,56,2,764,32,4,0,Duckens Nazon,Kayserispor,796023,3072,FW
20,1,100.0,38,32,61.54,112,240,351,90.23,20,57.14,15,14,0,0,0,0,31,0,0,1,3,50,12,0,1,0,10,35,0,0,0.15,0.02,10,0,0.0,9,0,0,9,8,1,0,0,,16,44.44,0,0,0,38,21,1,0,9,825,0,,0,0,0,0,0.0,0,0,0,0,45,1,0,6.84,1,0,0,0,0,0,0,0,0.0,0.0,0,0,1,0,0,1,50.0,0,9,8,88.89,1,38,2,1,36,50.7,52,136,254,389,82.1,1,0,516,6,2,0,Majid Hosseini,Kayserispor,359332,3072,DF
58,1,20.0,94,90,52.02,249,504,752,84.97,18,42.86,24,25,2,0,0,0,79,4,0,1,3,81,25,0,0,3,10,56,0,0,0.78,0.66,23,0,28.57,11,2,4,32,23,9,2,0,,31,49.21,1,0,0,133,15,7,0,23,1924,0,,0,0,0,0,0.0,0,0,0,0,150,3,0,6.84,0,1,0,0,0,0,0,0,962.0,0.0,0,4,3,4,2,2,100.0,0,15,12,80.0,7,102,2,5,49,46.67,173,355,535,885,171.0,7,1,1076,14,8,0,Riechedly Bazoer,Konyaspor,227196,3085,DF
30,1,25.0,57,33,52.38,118,153,270,81.82,9,64.29,5,8,0,0,0,0,33,0,0,4,0,22,8,0,0,10,0,19,1,0,0.16,1.11,1,0,15.38,6,2,2,20,16,4,1,1,,18,56.25,0,0,1,60,8,5,1,8,720,0,,0,0,1,0,100.0,0,1,0,1,91,2,0,6.84,0,1,0,0,0,0,0,0,360.0,0.0,3,2,11,4,5,8,66.67,0,4,2,50.0,5,49,12,4,27,58.7,63,154,180,330,54.7,13,0,455,7,0,0,Andreaw Gravillon,Adana Demirspor,827934,3101,DF
33,5,35.71,111,75,42.37,320,362,677,74.15,69,68.32,32,31,0,0,0,0,94,1,6,1,7,144,30,0,0,5,2,62,1,2,0.66,1.98,29,0,8.33,0,1,1,40,35,5,1,0,,41,57.75,1,0,0,236,43,3,0,27,2492,1,,1,0,0,1,0.0,0,0,0,1,277,1,0,6.84,0,0,0,0,0,0,0,0,2492.0,0.0,0,12,0,6,5,3,100.0,0,15,12,80.0,3,68,3,14,110,63.95,177,505,422,913,205.1,12,0,1290,25,6,0,Malcom Bokele,Göztepe,1122632,3054,DF
113,3,42.86,122,175,50.72,374,819,1190,82.87,21,43.75,27,33,0,0,0,0,115,2,0,5,3,142,32,0,0,2,16,65,1,3,0.74,1.37,19,0,15.0,44,3,3,58,52,6,2,1,,44,53.66,1,0,2,246,27,9,0,29,2673,0,,1,0,0,0,0.0,0,0,0,0,277,2,0,6.83,0,2,0,0,0,0,0,0,891.0,0.0,3,7,13,8,7,5,83.33,0,32,17,53.13,9,190,6,7,65,50.0,345,574,869,1436,218.7,20,1,1827,7,8,0,Semih Güler,Gaziantep FK,325155,5138,DF
26,14,20.9,221,35,36.84,403,285,674,77.12,15,30.0,35,33,2,0,0,0,132,1,5,2,6,46,33,0,0,23,15,136,0,1,1.61,3.96,43,0,20.83,0,5,7,44,39,5,5,0,,105,50.97,0,0,0,200,26,23,5,31,2666,11,,0,0,0,0,0.0,0,0,0,0,395,15,0,6.83,1,0,0,0,0,0,0,0,533.2,0.0,0,22,2,11,11,18,43.9,0,49,27,55.1,23,73,41,67,120,46.88,95,598,343,874,225.5,24,1,1503,39,8,1,Yusuf Özdemir,Alanyaspor,1084884,6362,MF
17,8,15.09,145,19,59.38,228,151,371,76.97,14,41.18,20,30,2,0,0,0,74,6,5,6,1,13,30,0,0,13,18,102,0,0,3.0,3.74,26,0,11.54,0,3,5,25,21,4,3,0,,78,48.75,1,0,0,111,21,24,0,17,1612,6,,0,0,0,0,0.0,0,0,0,0,230,11,0,6.83,0,2,0,0,0,0,0,0,537.33,0.0,0,19,7,10,10,23,46.0,0,29,16,55.17,24,40,50,53,92,47.42,32,361,174,482,205.0,26,0,808,26,4,0,Carlos Mané,Kayserispor,859748,3072,MF
5,9,39.13,60,7,58.33,102,64,157,80.51,7,58.33,5,12,1,0,0,0,33,1,5,3,0,4,12,0,0,7,4,26,0,0,0.83,2.74,5,0,6.67,0,1,2,11,10,1,1,0,,29,58.0,1,0,0,38,3,11,0,8,648,5,,0,0,0,0,0.0,0,0,0,1,82,2,0,6.83,0,0,0,0,0,0,0,0,648.0,0.0,0,10,5,7,5,3,37.5,0,13,11,84.62,11,9,8,23,36,58.06,12,149,69,195,82.0,15,1,320,13,2,0,Serdar Gürler,Başakşehir FK,96520,3086,MF
1,0,0.0,4,2,100.0,10,6,16,76.19,7,58.33,5,7,0,0,0,0,1,0,1,3,0,1,3,0,0,0,1,10,0,0,0.01,0.62,4,0,14.29,0,1,1,0,0,0,1,0,,1,16.67,1,0,0,5,0,1,0,1,114,0,,0,0,0,0,0.0,0,0,0,0,8,0,0,6.83,0,0,0,0,0,0,0,0,114.0,0.0,0,6,1,2,2,0,0.0,0,1,0,0.0,1,1,1,1,8,44.44,2,14,8,21,20.5,7,0,40,0,0,0,Arda Usluoğlu,Alanyaspor,1618838,6362,FW
10,6,23.08,55,4,30.77,94,56,144,76.6,4,33.33,8,13,1,0,0,0,28,2,1,3,0,3,13,0,0,7,1,33,0,0,0.88,0.69,6,0,9.09,0,1,2,7,5,2,0,1,,28,52.83,0,0,0,44,3,10,1,5,536,1,,0,0,0,0,0.0,0,0,0,0,97,5,0,6.83,0,0,0,0,0,0,0,0,536.0,0.0,0,5,6,6,2,13,54.17,0,8,6,75.0,10,13,24,26,32,49.23,13,152,62,188,88.8,11,0,315,7,2,0,Muhammet Tunahan Taşçı,Konyaspor,980612,3085,MF
23,15,20.27,107,17,39.53,221,127,333,71.0,9,42.86,12,27,3,0,0,0,49,5,1,8,0,9,27,0,0,21,13,87,0,0,2.01,3.13,14,0,13.51,0,5,8,48,43,5,5,0,,59,44.03,0,0,3,136,8,27,0,16,1527,4,,0,0,1,0,100.0,0,1,0,0,301,5,0,6.83,0,5,0,0,0,0,0,0,305.4,0.0,0,14,23,15,14,26,47.27,0,8,4,50.0,27,52,55,74,68,43.87,43,384,159,469,184.4,37,1,812,25,0,0,Nabil Alioui,Adana Demirspor,873049,3101,MF
16,7,46.67,59,24,52.17,121,86,200,73.53,7,38.89,11,18,1,0,0,0,43,2,1,4,0,11,17,0,0,4,15,48,0,1,0.75,0.79,19,0,20.0,0,2,3,8,8,0,1,1,,37,50.0,0,0,0,72,6,11,0,5,584,0,,0,0,0,0,0.0,0,0,0,0,103,2,0,6.83,0,2,0,0,0,0,0,0,292.0,0.0,1,5,5,3,3,1,50.0,0,21,14,66.67,11,36,2,15,44,47.83,46,194,93,272,116.1,10,0,398,15,2,0,Furkan Soyalp,Gaziantep FK,226992,5138,MF
30,5,27.78,248,32,82.05,424,217,636,76.63,8,21.05,30,29,5,0,0,0,86,8,5,7,1,3,29,0,0,48,18,153,0,0,3.37,4.21,23,0,18.75,0,6,11,48,44,4,5,1,,71,36.6,0,0,0,194,14,34,0,29,2380,5,,0,0,1,0,100.0,0,1,0,0,384,17,0,6.83,0,6,0,0,0,0,0,0,396.67,0.0,3,12,20,10,15,25,40.98,0,25,12,48.0,34,54,61,18,79,34.05,39,587,261,830,198.0,32,3,1219,21,2,0,Sam Larsson,Antalyaspor,229800,3056,FW
13,0,0.0,38,18,62.07,116,159,275,93.22,4,23.53,13,9,0,0,0,0,19,0,0,0,1,23,8,0,0,1,4,21,0,0,0.08,,3,0,0.0,0,0,0,6,5,1,0,0,,13,61.9,0,0,0,20,6,0,0,5,425,0,,0,0,0,0,0.0,0,0,0,0,27,0,0,6.83,0,0,0,0,0,0,0,0,0.0,0.0,0,0,0,0,0,0,0.0,0,10,6,60.0,0,19,0,1,17,44.74,29,136,160,295,54.6,0,1,364,3,0,0,Yusuf Akçiçek,Fenerbahçe,1479523,3052,DF
13,13,23.21,175,18,72.0,296,170,453,77.3,34,39.08,53,32,5,0,0,0,107,9,5,13,1,22,32,0,0,44,22,182,0,1,3.66,4.62,42,0,8.11,0,3,8,40,35,5,3,0,,122,48.61,0,0,2,133,6,26,1,27,2170,12,,0,0,0,0,0.0,0,0,0,1,343,15,0,6.82,0,2,0,0,0,0,0,0,723.33,0.0,0,33,4,16,8,47,58.02,0,30,15,50.0,26,24,81,56,156,46.15,25,431,211,586,218.3,37,0,1086,46,7,0,David Akintola,Çaykur Rizespor,798676,3064,MF
8,8,33.33,70,9,50.0,105,37,134,82.21,5,62.5,3,15,1,0,0,0,19,2,0,2,1,1,14,0,0,5,2,18,0,0,1.37,0.4,4,0,0.0,0,0,1,5,5,0,0,0,,15,50.0,0,0,0,29,0,12,0,2,332,0,,0,0,0,0,0.0,0,0,0,0,69,3,0,6.82,0,0,0,0,0,0,0,0,0.0,0.0,0,3,9,6,4,3,42.86,0,8,6,75.0,12,19,7,24,20,52.63,18,143,44,163,95.5,12,0,255,4,1,0,Rony Lopes,Alanyaspor,190147,6362,MF
16,0,0.0,7,75,40.32,50,135,185,62.29,3,100.0,0,11,0,0,0,0,66,0,0,0,0,9,10,0,0,0,0,0,1,0,0.01,,0,0,0.0,80,0,0,19,16,3,0,0,-2.62,2,100.0,0,11,0,112,0,1,0,10,901,0,,0,0,0,0,0.0,4,0,0,0,113,0,4,6.82,0,0,2,16,11,27,0,6,0.0,0.0,0,0,0,0,0,0,0.0,2,1,0,0.0,1,22,0,0,5,100.0,186,136,161,297,68.2,0,0,380,2,1,0,Tarık Çetin,Çaykur Rizespor,913985,3064,GK
31,1,11.11,145,30,62.5,353,368,720,88.67,24,42.86,32,26,1,0,0,0,55,4,1,5,0,32,26,0,0,12,14,75,0,1,1.15,1.27,8,0,9.52,0,2,3,46,45,1,1,1,,76,63.87,0,0,0,92,19,13,1,20,1766,2,,0,0,0,0,0.0,0,0,0,0,153,1,0,6.82,0,1,0,0,0,0,0,0,883.0,0.0,0,12,9,9,7,17,65.38,0,29,16,55.17,13,40,26,9,100,57.14,48,422,399,812,177.3,21,0,1072,30,5,0,Abdulkadir Parmak,Hatayspor,344225,3091,MF
1,0,0.0,40,2,100.0,62,31,93,69.92,23,57.5,17,18,1,0,0,0,14,1,1,4,0,6,17,0,0,9,2,38,0,0,0.33,0.88,10,0,0.0,0,0,1,6,5,1,0,0,,28,57.14,0,0,0,40,2,4,0,4,527,2,,0,0,0,0,0.0,0,0,0,1,70,4,0,6.82,0,0,0,0,0,0,0,0,0.0,0.0,0,12,1,3,6,8,100.0,0,10,6,60.0,4,7,8,2,51,57.3,2,101,34,133,115.9,13,0,232,10,2,0,Enis Destan,Trabzonspor,1012480,3051,FW
33,4,15.38,250,41,42.71,522,357,875,83.89,16,44.44,20,30,2,0,0,0,118,2,1,7,2,34,30,0,0,25,21,104,1,0,1.38,1.51,30,0,0.0,0,0,2,43,36,7,0,0,,92,52.27,0,0,2,168,23,26,0,28,2430,0,,0,1,0,1,0.0,0,0,0,0,270,9,0,6.82,0,0,0,0,0,0,0,0,0.0,0.0,0,6,17,9,7,20,57.14,0,56,35,62.5,25,72,35,26,108,50.94,96,668,401,1043,204.5,23,0,1414,16,4,0,Samuel Moutoussamy,Sivasspor,892624,3076,MF
20,18,25.71,125,23,41.07,254,152,388,76.53,5,31.25,11,24,0,0,0,0,107,1,0,0,2,37,22,0,0,12,22,80,0,1,1.9,0.47,24,0,0.0,0,0,0,25,22,3,0,0,,67,49.26,0,0,0,119,20,18,0,20,1655,0,,0,1,0,0,0.0,0,0,0,1,267,9,0,6.81,1,0,0,0,0,0,0,0,0.0,0.0,0,3,8,10,1,11,45.83,0,44,30,68.18,17,39,24,70,72,47.37,56,397,180,507,149.9,11,0,961,12,2,1,Ogün Bayrak,Göztepe,903999,3054,MF
21,0,0.0,7,55,29.41,30,198,228,62.64,2,100.0,0,16,0,0,0,0,111,0,0,0,1,17,16,0,0,0,1,2,0,0,0.02,,1,0,0.0,101,0,0,36,31,5,0,0,-3.75,6,75.0,0,11,0,136,2,1,0,14,1277,0,,0,0,0,1,0.0,2,0,0,0,139,0,7,6.81,0,0,14,30,19,49,0,13,0.0,0.0,0,0,0,0,0,0,0.0,13,3,3,100.0,1,47,0,0,8,80.0,187,127,237,364,109.0,0,1,523,3,3,0,Vedat Karakuş,Adana Demirspor,847353,3101,GK
13,0,0.0,51,26,49.06,233,410,643,86.66,39,60.94,25,20,0,0,0,0,55,0,1,0,3,64,18,0,0,1,10,54,1,1,0.19,0.34,17,0,0.0,3,0,0,24,21,3,0,0,,38,56.72,0,0,0,99,21,0,0,11,1136,0,,0,0,0,0,0.0,0,0,0,0,117,1,0,6.81,0,0,0,0,0,0,0,0,0.0,0.0,0,4,0,3,1,2,50.0,0,29,16,55.17,0,31,4,3,77,58.78,53,300,445,742,122.6,4,1,940,8,4,0,Hamza Güreler,Başakşehir FK,1562294,3086,DF
17,11,22.0,155,18,40.0,291,174,454,72.41,48,46.15,56,31,1,0,0,0,101,7,9,12,3,26,31,0,0,22,21,177,0,1,3.13,4.07,45,0,4.76,0,2,3,32,30,2,2,0,,95,43.98,1,0,0,173,12,31,0,23,1997,1,,0,1,0,1,0.0,0,0,0,1,349,12,0,6.81,0,1,0,0,0,0,0,0,998.5,0.0,0,35,7,18,12,25,39.68,0,42,28,66.67,30,34,63,50,143,44.69,45,463,214,627,211.1,42,1,1083,30,3,0,Sander van de Streek,Antalyaspor,220155,3056,MF
12,6,35.29,65,7,33.33,130,100,224,81.45,5,41.67,7,20,1,0,0,0,42,3,2,5,0,6,17,0,0,9,7,39,0,1,1.2,1.01,12,0,0.0,0,0,1,9,8,1,0,0,,28,46.67,0,0,1,51,9,12,0,5,585,1,,0,1,0,0,0.0,0,0,0,0,92,4,0,6.81,0,0,0,0,0,0,0,0,0.0,0.0,1,7,8,9,1,4,50.0,0,19,13,68.42,11,25,8,17,33,45.83,21,179,113,275,115.7,15,0,414,5,2,0,Kerem Demirbay,Galatasaray,142619,3061,MF
34,20,27.78,157,30,61.22,304,174,458,79.93,17,43.59,22,28,1,0,0,1,73,5,3,6,2,8,28,0,0,32,16,97,0,0,3.08,3.45,16,0,11.76,0,4,5,33,30,3,4,0,,61,44.85,0,0,1,115,2,24,2,16,1581,3,,0,0,1,1,0.0,0,0,0,0,254,9,0,6.8,0,2,0,0,0,0,0,0,395.25,0.0,0,17,17,15,13,14,53.85,0,15,10,66.67,24,56,26,72,78,44.57,49,452,193,573,190.5,34,0,889,34,3,0,Ramzi Safouri,Antalyaspor,186949,3056,MF
17,17,24.29,128,21,38.89,232,103,318,73.44,30,55.56,24,35,1,0,0,0,81,4,0,5,4,30,35,0,0,12,9,79,0,1,1.9,1.08,16,0,9.52,0,2,3,17,15,2,2,0,,44,44.44,1,0,0,115,10,15,0,17,1626,7,,0,0,0,0,0.0,0,0,0,0,245,12,0,6.8,0,1,0,0,0,0,0,0,813.0,0.0,0,20,1,12,4,16,47.06,0,17,12,70.59,15,32,34,70,74,48.37,54,370,133,433,238.1,21,1,798,13,1,0,Kingsley Schindler,Samsunspor,169113,3053,MF
12,3,27.27,87,11,68.75,140,71,208,77.9,8,40.0,12,18,1,0,0,0,30,2,3,4,1,5,18,0,0,17,17,93,0,1,0.57,2.41,23,0,9.52,0,2,3,14,13,1,2,0,,78,49.06,0,0,0,59,4,8,0,11,927,0,,0,1,0,0,0.0,0,0,0,0,157,7,0,6.8,0,2,0,0,0,0,0,0,463.5,0.0,0,16,5,8,9,32,56.14,0,26,15,57.69,7,19,57,11,86,48.04,16,197,81,267,122.4,21,0,519,20,1,0,Denis Drăguş,Trabzonspor,841199,3051,MF
13,3,100.0,101,13,68.42,239,194,430,88.48,19,59.38,13,22,1,0,0,0,54,0,0,3,1,8,20,0,0,15,10,76,0,1,0.83,1.36,36,0,0.0,0,0,1,18,18,0,0,0,,45,41.67,0,0,0,56,17,8,0,13,1065,3,,0,0,0,0,0.0,0,0,0,1,102,6,0,6.8,0,0,0,0,0,0,0,0,0.0,0.0,0,8,9,11,3,8,61.54,0,25,14,56.0,8,20,13,3,64,45.71,19,282,207,486,136.0,17,0,668,12,0,0,Umut Güneş,Başakşehir FK,876782,3086,MF
0,0,0.0,1,0,0.0,6,4,10,100.0,0,0.0,0,1,0,0,0,0,2,0,0,0,0,0,1,0,0,0,0,0,0,0,0.0,,0,0,0.0,0,0,0,0,0,0,0,0,,1,100.0,0,0,0,0,0,0,0,0,8,0,,0,0,0,0,0.0,0,0,0,0,1,1,0,6.8,0,0,0,0,0,0,0,0,0.0,0.0,0,0,0,0,0,1,100.0,0,0,0,0.0,0,0,1,1,1,100.0,0,7,4,10,6.8,0,0,13,0,0,0,Nevzat Gezer,Gaziantep FK,2010873,5138,MF
0,1,100.0,2,0,0.0,6,8,13,92.86,0,0.0,0,2,0,0,0,0,1,1,0,0,0,1,2,0,0,0,0,2,0,0,0.35,,2,0,0.0,0,0,0,0,0,0,0,0,,2,50.0,0,0,0,1,0,1,0,0,22,0,,0,0,0,0,0.0,0,0,0,0,1,0,0,6.8,0,0,0,0,0,0,0,0,0.0,0.0,0,0,0,0,0,0,0.0,0,2,2,100.0,1,0,0,1,2,50.0,0,7,8,14,13.6,0,0,20,0,1,0,Bartuğ Elmaz,Fenerbahçe,997165,3052,MF
8,0,0.0,16,75,40.32,60,122,182,61.69,5,100.0,0,11,0,0,0,0,85,0,0,0,1,15,11,1,0,0,1,4,0,0,0.02,,3,0,0.0,100,0,0,20,17,3,0,0,-1.25,2,33.33,0,10,0,113,0,1,0,11,945,0,,0,0,0,3,0.0,4,0,1,0,115,0,9,6.8,0,0,5,18,8,26,0,9,0.0,0.0,0,0,0,0,0,0,0.0,5,1,1,100.0,1,17,0,0,7,63.64,186,160,135,295,74.8,0,0,396,3,4,0,Đorđe Nikolić,Sivasspor,797144,3076,GK
12,5,29.41,179,13,61.9,305,204,504,90.48,9,37.5,15,25,0,0,0,0,76,1,1,2,2,20,24,0,0,18,3,61,0,0,1.15,0.44,12,0,0.0,0,0,0,18,17,1,0,0,,66,58.93,0,0,0,53,7,14,0,15,1368,2,,0,0,0,0,0.0,0,0,0,2,116,6,0,6.8,0,0,0,0,0,0,0,0,0.0,0.0,0,8,1,4,3,9,39.13,0,24,12,50.0,14,20,23,17,75,55.15,21,356,218,557,163.2,9,0,840,33,2,0,Bright Osayi-Samuel,Fenerbahçe,791616,3052,DF
0,0,0.0,6,1,25.0,13,12,25,69.44,1,50.0,1,4,0,0,0,0,4,0,0,2,0,0,1,0,0,0,1,4,0,0,0.01,0.16,1,0,0.0,0,0,0,1,1,0,0,0,,5,62.5,0,0,0,11,0,0,0,1,67,0,,0,0,0,0,0.0,0,0,0,0,14,0,0,6.8,0,0,0,0,0,0,0,0,0.0,0.0,0,0,3,0,1,0,0.0,0,5,4,80.0,0,3,1,0,6,60.0,4,20,16,36,6.8,3,0,50,0,0,0,Yusuf Inci,Kasımpaşa,1529978,6063,MF
5,3,50.0,19,10,55.56,49,82,128,84.77,8,50.0,8,5,0,0,0,0,7,1,0,1,0,14,5,0,0,1,0,12,0,0,0.15,0.08,2,0,0.0,0,0,0,5,4,1,0,0,,9,69.23,0,0,0,23,5,3,0,4,310,0,,0,0,0,0,0.0,0,0,0,0,30,0,0,6.8,0,0,0,0,0,0,0,0,0.0,0.0,0,2,0,1,0,0,0.0,0,5,2,40.0,3,10,1,6,17,58.62,18,65,92,151,34.0,2,0,206,4,1,0,Hüseyin Türkmen,Trabzonspor,913994,3051,DF
0,0,0.0,5,5,83.33,14,17,31,86.11,0,0.0,0,2,0,0,0,0,5,0,0,0,0,0,2,0,0,1,2,3,0,0,0.01,0.05,0,0,0.0,0,0,0,2,1,1,0,0,,4,57.14,0,0,0,5,0,1,0,1,126,0,,0,0,0,0,0.0,0,0,0,0,7,2,0,6.8,0,0,0,0,0,0,0,0,0.0,0.0,0,0,2,1,1,1,100.0,0,1,0,0.0,1,2,1,0,4,57.14,6,18,18,36,13.6,2,0,48,2,0,0,Hasan Yakub İlçin,Antalyaspor,2031279,3056,MF
31,2,14.29,125,51,52.58,275,321,594,81.71,30,55.56,24,26,1,0,0,0,44,2,0,1,4,78,26,0,0,12,18,83,0,4,0.52,0.39,26,0,0.0,2,0,1,29,26,3,0,0,,68,53.54,0,0,0,133,21,9,0,18,1710,1,,0,0,0,1,0.0,0,0,0,1,199,2,0,6.8,0,0,0,0,0,0,0,0,0.0,0.0,0,3,3,5,0,14,70.0,0,34,24,70.59,9,52,20,14,98,54.14,97,364,377,727,176.7,6,0,1132,23,2,0,Rúben Vezo,Eyüpspor,233180,7040,DF
16,0,0.0,40,19,35.85,92,217,309,81.75,22,56.41,17,17,0,0,0,0,31,1,1,0,3,43,16,0,0,1,13,44,0,0,0.48,0.52,13,0,25.0,15,1,1,16,14,2,1,0,,34,55.74,1,0,0,69,14,4,0,12,913,0,,0,0,0,0,0.0,0,0,0,0,80,0,0,6.79,0,0,0,0,0,0,0,0,913.0,0.0,0,4,0,1,3,3,75.0,0,25,17,68.0,4,35,4,0,56,56.0,53,136,242,378,108.7,4,0,553,6,4,0,Ertuğrul Ersoy,Gaziantep FK,355004,5138,DF
14,15,50.0,95,9,60.0,151,44,180,70.59,33,33.0,67,28,4,0,0,0,34,6,4,5,0,9,27,0,0,23,10,129,0,0,2.24,3.13,20,0,8.33,0,2,6,17,15,2,1,1,,39,38.61,0,0,0,75,2,29,1,10,1025,10,,0,0,0,0,0.0,0,0,0,0,172,11,0,6.79,0,1,0,0,0,0,0,0,512.5,0.0,2,16,8,9,10,7,36.84,0,18,7,38.89,29,23,19,30,72,35.82,15,229,56,255,183.4,24,0,488,15,5,0,Kuryu Matsuki,Göztepe,1154637,3054,FW
12,0,0.0,22,9,34.62,88,209,297,86.59,31,73.81,11,11,0,0,0,0,30,0,0,1,2,23,11,0,0,0,1,25,0,1,0.05,0.26,12,0,16.67,0,1,1,6,6,0,1,0,,11,44.0,1,0,0,46,4,0,0,6,605,0,,0,0,0,0,0.0,0,0,0,0,57,0,0,6.79,0,0,0,0,0,0,0,0,605.0,0.0,0,5,1,4,1,1,50.0,0,7,6,85.71,0,20,2,3,42,62.69,26,118,228,343,74.7,6,0,420,4,1,0,Rodrigo Becão,Fenerbahçe,880207,3052,DF
58,1,7.14,138,119,47.04,413,1000,1412,85.32,56,56.0,44,33,0,0,0,0,115,0,0,2,3,137,32,0,0,7,10,94,1,1,0.72,0.36,33,0,0.0,4,0,0,50,44,6,0,0,,53,51.46,0,0,0,243,23,6,0,31,2829,2,,0,0,0,0,0.0,0,0,0,0,275,0,0,6.79,0,0,0,0,0,0,0,0,0.0,0.0,0,4,1,3,0,6,85.71,0,39,30,76.92,6,143,7,14,109,53.69,253,581,1088,1655,217.3,5,0,2000,9,7,0,Attila Mocsi,Çaykur Rizespor,889382,3064,DF
23,8,32.0,143,48,55.81,326,277,595,84.4,4,26.67,11,29,0,0,0,0,96,3,0,5,1,15,29,0,0,20,27,89,0,0,1.59,0.79,20,0,0.0,0,0,0,27,20,7,0,0,,91,53.85,0,0,2,110,21,16,0,16,1554,0,,0,0,0,0,0.0,0,0,0,0,178,8,0,6.79,1,0,0,0,0,0,0,0,0.0,0.0,0,4,17,12,4,20,64.52,0,43,29,67.44,16,53,31,25,95,51.63,86,424,306,705,196.9,21,0,989,28,6,1,Melih İbrahimoğlu,Konyaspor,998462,3085,MF
6,11,22.45,144,7,53.85,268,88,345,84.35,6,25.0,18,27,3,0,0,0,42,6,6,9,1,4,27,0,0,21,12,90,1,1,1.51,4.33,17,0,13.33,0,4,7,34,29,5,4,0,,70,49.3,0,0,2,64,8,14,1,22,1803,19,,0,0,0,0,0.0,0,0,0,0,208,4,0,6.79,0,3,0,0,0,0,0,0,450.75,0.0,0,21,9,9,12,21,47.73,0,17,13,76.47,14,10,44,49,76,45.78,13,362,96,409,183.3,30,1,728,32,3,0,Garry Rodrigues,Sivasspor,787429,3076,MF
11,3,20.0,114,14,51.85,162,74,233,77.41,4,66.67,2,24,0,0,0,0,65,1,1,5,0,2,21,0,0,17,16,89,0,0,1.91,1.26,29,0,4.76,0,1,1,15,14,1,1,0,,78,47.27,0,0,0,68,5,15,1,10,940,0,,0,0,0,0,0.0,0,0,0,0,161,9,0,6.79,0,0,0,0,0,0,0,0,940.0,0.0,2,11,10,10,6,36,57.14,0,25,16,64.0,15,23,63,15,82,47.95,27,228,88,301,142.5,21,0,549,17,2,0,Pedro Brazão,Bodrum FK,981535,202390,MF
14,0,0.0,118,36,59.02,340,313,653,82.87,21,39.62,32,21,1,0,0,0,92,0,1,4,1,34,21,0,0,9,26,109,0,0,0.83,0.7,37,0,0.0,0,0,1,33,31,2,0,0,,79,50.64,0,0,0,135,25,5,0,19,1635,0,,1,0,0,0,0.0,0,0,0,0,178,6,0,6.79,0,0,0,0,0,0,0,0,0.0,0.0,0,6,5,7,0,12,60.0,0,54,34,62.96,5,36,20,1,100,47.85,61,439,350,788,142.5,11,0,1038,13,4,0,Lamine Diack,Hatayspor,982317,3091,MF
24,2,14.29,216,41,49.4,475,331,804,78.52,42,57.53,31,32,2,0,0,0,252,7,0,13,3,32,32,0,1,46,33,196,2,4,2.02,0.99,73,0,0.0,0,0,2,38,33,5,0,0,,133,44.63,0,0,0,220,47,28,0,32,2671,0,,0,0,0,0,0.0,0,0,0,0,392,20,0,6.78,1,0,0,0,0,0,0,0,0.0,0.0,0,2,29,18,0,39,61.9,0,74,47,63.51,28,43,63,14,175,47.17,83,650,388,1024,217.1,31,1,1570,20,9,0,Anthony Dennis,Göztepe,1484438,3054,MF
44,0,0.0,130,61,47.29,282,428,710,81.52,34,55.74,27,25,0,0,0,0,90,2,1,5,3,79,25,0,0,5,22,85,1,1,0.97,1.15,32,0,0.0,0,0,0,30,27,3,0,0,,74,56.06,0,0,0,161,11,8,0,20,1595,1,,0,0,0,1,0.0,0,0,0,0,187,2,0,6.78,0,0,0,0,0,0,0,0,0.0,0.0,0,9,5,6,3,12,100.0,0,37,22,59.46,8,93,12,3,108,55.96,129,396,478,871,169.6,14,0,1120,25,4,0,Fatih Aksoy,Alanyaspor,827922,6362,DF
6,23,23.71,133,10,50.0,259,140,376,85.26,4,19.05,17,34,3,0,0,0,83,6,1,10,2,15,34,0,0,38,17,159,0,0,3.35,2.58,37,0,6.0,0,3,6,49,45,4,3,0,,112,44.09,0,0,1,65,10,28,1,26,2273,4,,0,0,1,0,100.0,0,1,0,1,289,11,0,6.78,0,2,0,0,0,0,0,0,757.67,0.0,2,17,33,20,20,27,33.75,0,29,19,65.52,28,16,80,97,116,42.18,20,386,152,441,230.6,50,0,959,56,8,0,Joelson Fernandes,Hatayspor,1032547,3091,MF
25,20,19.05,199,47,50.54,461,507,948,84.27,22,59.46,15,28,1,0,0,0,153,5,0,4,3,61,28,0,1,13,19,80,0,0,2.32,1.14,26,0,0.0,0,0,1,46,42,4,0,0,,72,52.55,0,0,0,177,24,17,0,28,2403,12,,0,0,0,1,0.0,0,0,0,0,345,8,0,6.78,1,0,0,0,0,0,0,0,0.0,0.0,0,14,16,22,4,12,57.14,0,46,31,67.39,17,56,21,105,94,54.02,93,652,578,1125,189.9,30,0,1735,15,4,0,Güray Vural,Antalyaspor,43559,3056,DF
44,16,25.81,200,38,44.19,439,369,792,82.5,16,36.36,28,31,4,0,0,0,137,5,0,3,5,73,31,0,2,32,25,130,0,0,1.87,0.49,21,0,9.09,0,1,5,47,38,9,1,0,,117,53.42,0,0,0,168,26,21,0,31,2738,1,,0,0,0,0,0.0,0,0,0,0,341,2,0,6.78,2,1,0,0,0,0,0,0,2738.0,0.0,0,4,7,4,4,30,53.57,0,49,32,65.31,21,86,56,62,133,50.57,86,588,434,960,210.2,11,0,1663,39,9,0,Murat Paluli,Sivasspor,893014,3076,DF
11,0,0.0,21,25,60.98,82,265,347,86.75,17,48.57,18,15,0,0,0,0,36,0,0,0,3,55,15,0,0,0,8,32,0,1,0.04,0.27,9,0,0.0,12,0,0,18,16,2,0,0,,23,62.16,0,0,0,53,16,0,0,11,955,3,,0,0,0,0,0.0,0,0,0,0,61,0,0,6.78,0,0,0,0,0,0,0,0,0.0,0.0,0,3,1,3,1,1,33.33,0,16,9,56.25,0,23,3,1,40,55.56,41,117,284,400,101.7,4,0,534,7,2,0,Julian Jeanvier,Kayserispor,250477,3072,DF
8,2,20.0,66,4,100.0,133,80,211,69.41,42,44.21,53,34,1,0,0,0,39,1,8,6,1,16,33,0,0,33,6,123,0,1,1.27,7.99,20,0,16.33,0,8,9,26,22,4,8,0,,41,36.94,2,0,1,93,3,18,0,23,1890,11,,0,0,3,0,100.0,0,3,0,0,227,10,0,6.78,0,6,0,0,0,0,0,0,236.25,0.0,0,41,8,23,20,15,45.45,0,11,4,36.36,18,14,33,10,83,40.29,4,213,101,304,223.7,49,1,591,18,1,0,George Pușcaș,Bodrum FK,190319,202390,FW
31,3,30.0,164,46,56.79,490,644,1131,88.29,31,45.59,37,32,1,0,0,0,217,1,0,6,2,41,32,0,0,32,25,143,0,3,0.77,0.64,34,0,5.0,0,1,2,78,69,9,0,1,,140,56.91,0,0,0,150,32,13,0,31,2808,0,,0,0,0,1,0.0,0,0,0,0,257,9,0,6.78,0,1,0,0,0,0,0,0,2808.0,0.0,0,4,16,5,9,42,68.85,0,66,41,62.12,13,68,61,10,171,54.46,81,578,713,1281,216.9,20,0,1722,33,6,0,Maestro,Adana Demirspor,1002146,3101,MF
9,14,41.18,149,18,54.55,310,240,536,88.74,6,35.29,11,18,0,0,0,0,80,2,0,0,1,17,18,0,0,19,14,86,0,0,1.47,0.34,23,0,0.0,0,0,0,21,19,2,0,0,,58,43.61,0,0,0,68,9,13,0,14,1207,2,,0,0,0,0,0.0,0,0,0,0,163,5,0,6.78,0,0,0,0,0,0,0,0,0.0,0.0,0,2,6,7,1,20,50.0,0,22,17,77.27,13,20,40,34,64,42.67,33,378,260,604,122.0,8,0,865,16,4,0,Yalçın Kayan,Eyüpspor,945548,7040,MF
13,1,9.09,109,5,38.46,175,48,222,75.25,20,36.36,35,32,2,0,0,0,48,7,4,9,0,6,31,0,1,44,9,146,0,0,1.82,4.31,37,0,8.57,0,3,5,17,17,0,3,0,,75,40.32,0,0,1,73,3,15,0,11,1317,9,,0,0,1,0,100.0,0,1,0,2,201,11,0,6.77,1,3,0,0,0,0,0,0,439.0,0.0,0,33,2,13,13,36,57.14,0,11,10,90.91,15,24,63,11,95,39.42,13,246,60,295,210.0,35,0,594,29,3,0,Semih Kılıçsoy,Beşiktaş JK,1142606,3050,MF
15,9,18.75,66,16,50.0,122,52,165,71.74,10,58.82,7,19,1,0,0,0,39,2,1,2,0,9,18,0,0,15,6,53,0,0,1.09,1.25,7,0,12.5,0,2,3,11,8,3,2,0,,45,49.45,0,0,0,65,2,16,2,9,824,0,,0,0,0,0,0.0,0,0,0,0,162,4,0,6.77,0,0,0,0,0,0,0,0,412.0,0.0,2,9,7,5,9,11,36.67,0,17,7,41.18,16,32,30,48,55,50.93,32,211,67,230,121.9,16,1,461,18,1,0,Emrah Başsan,Sivasspor,174141,3076,MF
8,5,11.11,125,10,34.48,224,108,327,74.83,7,30.43,16,33,1,0,0,0,69,2,4,3,0,7,32,0,0,18,14,85,0,0,1.46,1.96,15,0,13.04,0,3,4,15,13,2,3,0,,72,51.06,0,0,1,110,7,20,0,12,1235,10,,0,0,0,0,0.0,0,0,0,0,236,8,0,6.77,0,3,0,0,0,0,0,0,411.67,0.0,0,17,6,10,10,22,46.81,0,31,20,64.52,20,23,47,45,79,48.17,29,357,125,437,216.7,23,1,722,19,4,0,Arbnor Muja,Samsunspor,890695,3053,MF
2,3,18.75,66,4,44.44,103,80,180,76.6,16,32.65,33,30,1,0,0,0,28,3,7,12,0,8,30,0,0,14,5,78,0,1,0.67,6.67,8,0,15.91,0,7,8,19,15,4,4,3,,38,45.78,1,0,1,55,2,9,0,16,1477,14,,0,0,0,0,0.0,0,0,0,0,147,11,0,6.77,0,6,0,0,0,0,0,0,211.0,0.0,1,30,14,19,13,10,32.26,0,6,4,66.67,9,6,31,16,54,40.91,9,163,88,235,203.1,44,3,464,22,5,0,Hwang Ui-Jo,Alanyaspor,791314,6362,FW
17,15,31.25,120,20,55.56,223,85,293,77.93,3,20.0,12,20,4,0,0,0,38,2,1,3,0,9,20,0,0,19,10,62,0,0,1.26,0.5,10,0,0.0,0,0,4,14,13,1,0,0,,40,44.44,0,0,0,83,7,17,0,12,1078,0,,0,0,0,0,0.0,0,0,0,0,168,4,0,6.77,0,0,0,0,0,0,0,0,0.0,0.0,1,4,5,3,3,10,45.45,0,12,7,58.33,17,42,22,48,43,40.95,36,330,94,376,135.4,9,1,583,18,1,0,Alex Pritchard,Sivasspor,180009,3076,MF
21,4,23.53,201,29,67.44,365,324,685,88.5,18,40.91,26,29,1,0,0,0,113,5,7,5,1,29,28,0,0,28,23,117,0,1,1.83,4.48,30,0,23.81,0,5,6,24,22,2,5,0,,74,44.85,3,0,0,89,13,24,0,21,1814,3,,0,0,0,1,0.0,0,0,0,0,178,15,0,6.77,1,2,0,0,0,0,0,0,362.8,0.0,0,15,6,6,10,16,55.17,0,42,28,66.67,24,28,29,17,92,44.02,43,436,355,774,189.5,21,1,1103,16,1,1,Tayfur Bingöl,Eyüpspor,255957,7040,MF
17,7,22.58,51,16,42.11,87,83,163,73.09,4,40.0,6,15,1,0,0,0,32,3,2,1,0,17,15,0,0,7,7,28,0,0,0.95,0.99,9,0,14.29,0,1,2,13,11,2,1,0,,24,52.17,0,0,0,60,7,10,1,6,613,4,,0,0,0,0,0.0,0,0,0,0,99,1,0,6.77,0,0,0,0,0,0,0,0,613.0,0.0,0,5,2,3,3,5,71.43,0,11,7,63.64,10,36,7,31,28,50.0,38,154,100,223,101.5,7,0,390,10,1,0,Emre Taşdemir,Gaziantep FK,190191,5138,DF
2,0,0.0,0,7,41.18,5,54,59,83.1,2,100.0,0,3,0,0,0,0,21,0,0,0,1,2,3,0,0,0,0,0,0,0,0.0,,0,0,0.0,15,0,0,3,3,0,0,0,-1.22,1,100.0,0,2,0,12,0,0,0,2,225,0,,0,0,0,0,0.0,0,0,0,0,12,0,0,6.77,0,0,0,2,3,5,0,0,0.0,0.0,0,0,0,0,0,0,0.0,0,1,1,100.0,0,4,0,0,3,100.0,17,14,57,71,20.3,0,0,95,1,0,0,Birkan Tetik,Eyüpspor,788087,7040,GK
1,0,0.0,2,2,100.0,8,10,18,81.82,2,100.0,0,3,0,0,0,0,4,0,0,0,0,0,3,0,0,0,0,0,0,0,0.01,,0,0,0.0,0,0,0,0,0,0,0,0,,3,100.0,0,0,0,4,1,0,0,0,37,0,,0,0,0,0,0.0,0,0,0,0,5,0,0,6.77,0,0,0,0,0,0,0,0,0.0,0.0,0,0,0,0,0,0,0.0,0,3,3,100.0,0,1,0,0,5,100.0,2,10,12,22,20.3,0,0,28,0,0,0,Tugay Kaçar,Eyüpspor,152437,7040,DF
12,2,13.33,95,10,62.5,192,161,351,83.57,21,33.33,42,29,2,0,0,0,39,1,4,11,0,12,29,0,1,29,11,145,1,0,1.12,6.5,25,0,19.51,0,8,10,50,43,7,8,0,,77,42.78,1,0,0,69,10,19,0,25,2195,8,,0,0,3,0,100.0,0,3,0,1,210,4,0,6.77,1,7,0,0,0,0,0,0,274.38,0.0,0,26,15,14,16,27,40.3,0,10,9,90.0,19,22,67,15,98,40.33,16,262,173,420,196.2,41,1,774,42,1,0,Yusuf Barası,Adana Demirspor,1000187,3101,FW
33,9,20.93,148,37,37.76,309,304,604,74.11,49,49.0,51,29,2,0,0,0,87,6,4,3,4,56,29,0,0,24,25,147,1,4,3.11,2.35,37,0,5.26,0,1,3,30,25,5,1,0,,64,40.0,0,0,0,211,20,21,0,20,1811,2,,0,0,0,0,0.0,0,0,0,0,323,4,0,6.77,0,1,0,0,0,0,0,0,1811.0,0.0,1,9,10,8,8,11,47.83,0,43,22,51.16,21,85,23,43,113,43.46,98,506,352,815,196.2,19,1,1190,10,3,0,Ali Karimi,Kayserispor,803869,3072,MF
2,3,27.27,56,5,41.67,100,55,152,63.6,54,50.47,53,27,3,0,0,0,29,5,1,6,2,9,25,0,0,29,8,123,0,0,1.29,3.09,18,0,15.38,0,4,7,21,20,1,2,2,,39,35.78,1,0,0,87,2,12,1,11,1071,10,,0,0,0,0,0.0,0,0,0,2,186,6,0,6.76,0,2,0,0,0,0,0,0,267.75,0.0,0,21,5,11,9,13,41.94,0,5,2,40.0,12,4,31,11,93,43.06,12,181,69,239,169.1,26,0,470,22,3,0,Philippe Keny,Başakşehir FK,988909,3086,FW
8,1,100.0,51,1,20.0,92,55,146,64.6,25,32.89,51,33,0,0,0,0,35,1,7,5,0,6,32,0,0,9,5,97,0,0,0.35,7.77,27,0,23.53,0,8,8,26,24,2,8,0,,35,43.21,0,0,0,80,3,8,1,10,1307,6,,0,0,1,0,100.0,0,1,0,0,120,13,0,6.76,0,7,0,0,0,0,0,0,163.38,0.0,0,28,6,11,18,8,50.0,0,3,3,100.0,8,12,16,1,60,38.22,5,149,78,226,216.4,34,1,383,27,4,0,Adolfo Gaich,Antalyaspor,940692,3056,FW
3,5,29.41,53,4,44.44,87,46,128,79.01,6,30.0,14,16,0,0,0,0,23,0,0,1,0,3,16,0,0,6,3,39,0,0,0.56,0.6,9,3,26.67,0,4,4,20,18,2,1,3,,17,40.48,0,0,0,34,4,10,0,8,693,1,,0,0,0,0,0.0,0,0,0,0,89,5,0,6.76,0,4,0,0,0,0,0,0,173.25,50.0,6,2,13,2,12,4,33.33,0,7,5,71.43,10,6,12,17,23,37.1,9,125,54,162,108.2,15,0,282,8,1,0,Salih Kavrazlı,Adana Demirspor,964233,3101,MF
16,24,33.8,71,24,29.27,180,168,324,69.83,12,36.36,21,25,1,0,0,0,63,5,0,2,0,68,24,0,0,9,18,65,0,0,2.2,0.18,9,0,0.0,0,0,1,27,25,2,0,0,,64,59.26,0,0,0,140,18,20,0,19,1618,0,,0,0,0,0,0.0,0,0,0,0,282,0,0,6.76,0,0,0,0,0,0,0,0,0.0,0.0,0,2,5,5,0,10,52.63,0,44,27,61.36,20,44,19,71,76,53.9,82,326,209,464,162.3,7,0,963,11,2,0,Uzeyir Ergun,Bodrum FK,996122,202390,DF
3,1,16.67,18,1,100.0,35,15,49,81.67,0,0.0,3,8,0,0,0,0,10,0,2,2,1,0,8,0,0,3,2,11,0,0,0.26,1.81,2,0,0.0,0,0,0,1,0,1,0,0,,7,46.67,0,0,0,11,2,3,0,1,182,0,,0,0,0,0,0.0,0,0,0,1,24,5,0,6.76,0,0,0,0,0,0,0,0,0.0,0.0,0,6,5,5,4,3,75.0,0,1,0,0.0,3,7,4,6,7,38.89,1,47,19,60,54.1,11,0,102,3,0,0,Yusuf Demir,Galatasaray,962283,3061,MF
3,3,17.65,69,4,50.0,118,38,153,71.5,2,40.0,3,23,0,0,0,0,40,0,0,3,0,6,21,0,0,22,3,94,0,0,0.87,0.74,28,0,18.18,0,2,2,22,19,3,2,0,,96,51.34,0,0,0,61,6,12,1,11,1071,6,,0,0,0,0,0.0,0,0,0,2,188,7,0,6.76,0,1,0,0,0,0,0,0,535.5,0.0,0,9,2,4,4,48,55.17,0,14,9,64.29,12,11,87,17,98,51.04,8,181,50,214,142.0,11,1,508,34,8,0,Moussa Djenepo,Antalyaspor,869910,3056,MF
31,2,22.22,107,47,64.38,255,164,417,84.93,10,52.63,9,18,0,0,0,0,56,0,3,1,1,19,18,0,0,10,10,38,0,0,0.49,0.66,5,0,8.33,0,1,1,11,8,3,0,1,,30,50.85,0,0,1,74,5,2,0,14,996,0,,0,1,0,0,0.0,0,0,0,0,112,3,0,6.76,0,1,0,0,0,0,0,0,996.0,0.0,0,4,8,8,3,5,45.45,0,16,9,56.25,1,58,11,9,40,51.28,73,315,185,491,121.7,12,0,625,9,1,0,Alex Oxlade-Chamberlain,Beşiktaş JK,10577,3050,MF
15,23,33.82,68,13,30.23,152,83,212,71.38,15,62.5,9,26,0,0,0,0,58,2,1,2,0,12,22,0,0,9,9,39,0,0,1.94,1.45,10,0,13.33,0,2,2,19,17,2,1,1,,33,52.38,0,0,0,85,6,17,2,9,844,0,,0,0,0,0,0.0,0,0,0,0,185,7,0,6.76,0,0,0,0,0,0,0,0,422.0,0.0,1,6,9,6,7,7,63.64,0,20,8,40.0,17,38,11,68,48,55.17,43,261,104,297,148.7,15,0,584,7,4,0,İsmail Köybaşı,Göztepe,43605,3054,MF
20,0,0.0,71,31,55.36,146,156,302,79.89,11,44.0,14,20,1,0,0,0,72,0,0,2,4,19,19,0,0,7,17,69,0,0,0.25,0.09,23,0,0.0,0,0,1,9,9,0,0,0,,78,58.65,0,0,0,76,12,3,0,10,1018,0,,0,0,0,0,0.0,0,0,0,0,112,8,0,6.76,0,0,0,0,0,0,0,0,0.0,0.0,0,0,4,0,2,5,38.46,0,43,22,51.16,3,37,13,0,89,56.33,56,204,174,378,128.4,4,1,564,31,6,0,Celil Yüksel,Samsunspor,806972,3053,MF
17,9,45.0,121,17,39.53,228,175,394,82.08,15,62.5,9,25,1,0,0,0,62,4,0,5,1,26,25,0,0,10,11,46,1,0,1.84,0.53,6,0,0.0,0,0,1,12,11,1,0,0,,39,51.32,0,0,0,86,19,13,0,6,864,0,,0,0,0,0,0.0,0,0,0,0,137,4,0,6.76,0,0,0,0,0,0,0,0,0.0,0.0,0,8,6,8,1,15,60.0,0,18,10,55.56,13,35,25,20,54,54.0,43,304,196,480,168.9,14,0,714,8,1,0,Berkan Kutlu,Galatasaray,992912,3061,MF
57,7,26.92,157,92,50.0,398,683,1074,82.68,39,54.17,33,31,0,0,0,0,118,2,0,0,6,93,31,0,0,15,14,82,2,0,1.03,,15,0,0.0,27,0,0,41,35,6,0,0,,64,56.64,0,0,0,225,41,15,0,28,2486,0,,0,0,0,0,0.0,0,0,0,0,311,2,0,6.75,0,0,0,0,0,0,0,0,0.0,0.0,0,0,0,0,0,9,60.0,0,30,18,60.0,15,119,15,26,103,55.68,184,568,757,1299,209.4,0,0,1768,25,2,0,Lionel Carole,Kayserispor,122922,3072,DF
29,1,7.69,62,46,37.7,136,269,404,70.88,41,55.41,33,25,0,0,0,0,53,0,6,1,7,92,24,0,0,5,6,64,1,1,0.19,1.28,17,0,0.0,2,0,0,20,18,2,0,0,,40,56.34,0,0,0,166,18,5,0,20,1871,0,,0,0,0,0,0.0,0,0,0,0,231,3,0,6.75,0,0,0,0,0,0,0,0,0.0,0.0,0,11,0,5,5,2,40.0,0,29,21,72.41,5,63,5,13,81,55.86,122,252,331,570,162.1,11,0,944,11,5,0,Ondřej Čelůstka,Bodrum FK,45764,202390,DF
47,2,100.0,71,76,57.58,279,802,1079,88.37,54,60.67,35,27,0,0,0,0,141,0,1,2,6,127,26,0,0,4,17,85,1,2,0.39,0.62,37,0,0.0,2,0,0,37,30,7,0,0,,54,51.92,0,0,0,142,25,3,0,25,2204,1,,0,0,0,5,0.0,0,0,0,0,158,0,0,6.75,1,0,0,0,0,0,0,0,0.0,0.0,0,4,1,2,1,3,100.0,0,37,25,67.57,3,79,3,2,108,55.96,132,378,845,1221,175.6,5,0,1531,16,9,1,Nicholas Opoku,Kasımpaşa,885683,6063,DF
31,1,50.0,50,46,45.1,171,353,523,83.95,23,51.11,22,20,0,0,0,0,57,0,1,1,3,74,19,0,0,1,3,35,1,0,0.22,0.43,10,0,20.0,4,1,1,27,22,5,1,0,,28,68.29,1,0,0,100,17,0,0,15,1342,0,,0,0,0,0,0.0,0,0,0,0,114,0,0,6.75,0,0,0,0,0,0,0,0,1342.0,0.0,0,5,0,3,1,0,0.0,0,20,12,60.0,0,63,0,2,51,59.3,102,241,384,623,128.3,5,1,809,8,2,0,Samba Camara,Sivasspor,837301,3076,DF
40,1,50.0,113,38,50.0,271,452,722,85.95,18,47.37,20,22,0,0,0,0,84,1,2,2,2,28,21,0,0,11,17,95,0,0,0.46,1.09,39,0,0.0,0,0,0,27,24,3,0,0,,59,44.03,0,0,0,118,36,7,0,20,1590,0,,0,0,0,0,0.0,0,0,0,0,160,3,0,6.75,0,0,0,0,0,0,0,0,0.0,0.0,0,9,5,8,4,8,44.44,0,31,17,54.84,7,64,18,2,77,44.77,76,351,491,840,141.8,14,0,1080,21,7,0,Giannis Papanikolaou,Çaykur Rizespor,856988,3064,MF
44,8,18.6,271,46,60.53,539,425,956,83.71,26,61.9,16,34,2,0,0,0,167,1,3,6,5,11,34,0,0,45,11,121,0,1,1.58,3.17,26,0,3.57,0,1,3,36,34,2,1,0,,91,46.43,0,0,0,186,19,19,0,26,2429,0,,0,0,0,1,0.0,0,0,0,1,340,17,0,6.75,0,1,0,0,0,0,0,0,2429.0,0.0,2,19,9,16,6,19,45.24,0,17,10,58.82,19,64,42,43,117,49.16,76,700,485,1142,229.5,28,0,1535,55,4,0,Gaius Makouta,Alanyaspor,847013,6362,MF
67,11,20.37,157,73,59.84,333,435,757,83.65,8,36.36,14,30,0,0,0,0,90,4,2,10,2,25,30,0,0,19,19,92,1,1,1.88,1.8,25,1,3.33,1,1,1,63,57,6,0,1,,76,49.35,0,0,0,148,28,22,0,25,2177,1,,0,0,0,0,0.0,0,0,0,1,256,7,0,6.75,0,1,0,0,0,0,0,0,2177.0,25.0,4,13,17,11,9,17,50.0,0,33,19,57.58,22,120,34,54,84,47.73,122,487,472,905,202.5,30,0,1264,27,9,0,Tayfun Aydoğan,Adana Demirspor,816435,3101,MF
34,5,15.15,136,45,48.91,316,379,690,84.46,13,35.14,24,24,2,0,0,0,104,2,0,3,1,67,24,0,0,14,25,76,1,2,0.89,0.25,12,0,0.0,0,0,2,31,28,3,0,0,,71,57.72,0,0,0,127,15,11,0,21,1738,0,,0,0,0,3,0.0,0,0,0,0,220,3,0,6.75,0,0,0,0,0,0,0,0,0.0,0.0,0,2,6,5,0,10,76.92,0,45,33,73.33,11,60,13,33,84,52.5,92,437,413,817,162.0,8,1,1263,17,8,0,Kamil Ahmet Çörekçi,Hatayspor,124728,3091,DF
5,3,15.79,64,9,52.94,128,127,252,84.56,6,50.0,6,16,1,0,0,0,41,0,0,1,1,12,12,0,0,8,4,36,0,0,0.36,0.29,10,0,0.0,1,0,1,12,11,1,0,0,,33,52.38,0,0,0,46,11,5,0,7,654,2,,0,0,0,0,0.0,0,0,0,0,99,2,0,6.75,0,0,0,0,0,0,0,0,0.0,0.0,0,3,5,4,3,8,50.0,0,20,12,60.0,5,11,16,19,39,52.0,17,175,142,298,81.0,8,1,472,5,0,0,Arif Boşluk,Trabzonspor,1138095,3051,DF
5,0,0.0,1,12,46.15,7,65,72,82.76,0,0.0,0,2,0,0,0,0,20,0,0,0,0,0,2,0,0,0,0,0,0,0,0.0,,0,0,0.0,5,0,0,2,2,0,0,0,0.82,0,0.0,0,1,0,15,0,0,0,2,177,0,,0,0,0,0,0.0,0,0,0,0,15,0,0,6.75,0,0,2,3,0,3,0,0,0.0,0.0,0,0,0,0,0,0,0.0,2,0,0,0.0,0,8,0,0,0,0.0,26,16,71,87,13.5,0,0,102,0,0,0,Yusuf Karagöz,Alanyaspor,1133582,6362,GK
19,2,13.33,116,30,48.39,229,210,437,75.34,39,54.93,32,29,0,0,0,0,75,1,6,12,0,20,29,0,0,17,20,95,1,0,1.64,5.37,19,0,9.3,0,4,4,21,19,2,4,0,,49,43.75,1,0,2,143,9,8,1,18,1622,4,,0,0,0,1,0.0,0,0,0,0,211,10,0,6.75,0,2,0,0,0,0,0,0,405.5,0.0,5,28,15,20,11,8,50.0,0,27,16,59.26,8,53,16,15,88,48.09,62,358,237,580,195.7,43,0,830,14,5,0,Danijel Aleksić,Konyaspor,45377,3085,MF
11,0,0.0,28,11,39.29,89,183,272,85.53,12,52.17,11,16,0,0,0,0,43,0,0,1,3,23,16,0,0,4,5,36,0,1,0.05,0.09,14,0,0.0,0,0,0,13,13,0,0,0,,34,57.63,0,0,0,46,9,1,0,8,735,0,,0,0,0,0,0.0,0,0,0,0,61,0,0,6.74,0,0,0,0,0,0,0,0,0.0,0.0,0,1,2,2,0,5,71.43,0,25,18,72.0,1,14,7,0,46,56.1,28,121,197,318,107.9,3,1,447,4,3,0,Cyril Mandouki,Gaziantep FK,821461,5138,MF
6,6,33.33,75,13,43.33,172,164,330,86.61,2,25.0,6,19,2,0,0,0,33,1,0,0,2,22,19,0,0,12,12,47,0,0,0.39,0.18,9,0,0.0,0,0,2,11,9,2,0,0,,48,53.93,0,0,0,51,15,7,0,11,987,1,,0,0,0,0,0.0,0,0,0,0,119,0,0,6.74,0,0,0,0,0,0,0,0,0.0,0.0,0,2,3,4,1,12,60.0,0,18,13,72.22,7,17,20,18,50,51.55,30,215,184,381,128.1,5,0,658,18,1,0,Mert Yilmaz,Antalyaspor,881966,3056,DF
22,1,10.0,136,26,39.39,274,200,473,77.41,15,30.61,34,24,0,0,0,0,101,1,0,3,1,19,24,0,0,28,18,113,0,1,0.73,0.22,16,0,0.0,0,0,0,43,40,3,0,0,,135,63.08,0,0,0,138,22,11,0,21,1716,1,,0,0,0,0,0.0,0,0,0,0,241,4,0,6.74,0,0,0,0,0,0,0,0,0.0,0.0,0,3,3,1,2,30,63.83,0,56,37,66.07,11,52,47,10,150,57.03,66,385,236,611,161.8,6,0,968,49,7,0,İzzet Çelik,Adana Demirspor,826836,3101,MF
1,2,28.57,23,3,75.0,38,23,59,76.62,0,0.0,1,5,0,0,0,0,7,1,0,2,0,2,5,0,0,1,3,12,0,0,0.33,0.09,0,0,0.0,0,0,0,2,2,0,0,0,,7,38.89,0,0,0,18,0,2,0,3,202,0,,0,0,0,0,0.0,0,0,0,0,34,3,0,6.74,0,0,0,0,0,0,0,0,0.0,0.0,1,0,5,0,3,2,22.22,0,5,3,60.0,2,6,9,7,7,36.84,4,58,26,77,33.7,5,0,121,0,0,0,Mislav Oršić,Trabzonspor,88645,3051,MF
51,0,0.0,68,71,40.34,265,694,959,84.64,56,63.64,32,31,1,0,0,0,127,2,1,0,2,145,31,0,1,6,13,80,2,4,0.43,0.77,26,0,12.5,2,1,2,56,54,2,1,0,,62,56.36,0,0,0,174,38,7,0,31,2696,2,,1,0,0,1,0.0,0,0,0,0,211,2,0,6.74,1,1,0,0,0,0,0,0,2696.0,0.0,0,5,3,6,2,8,61.54,0,40,22,55.0,7,98,13,1,118,59.6,176,378,756,1133,208.9,8,1,1525,17,6,0,Guy-Marcelin Kilama,Hatayspor,944222,3091,DF
24,4,20.0,99,18,56.25,175,117,288,77.42,24,37.5,40,34,0,0,0,0,41,1,8,6,1,20,34,0,0,16,16,124,0,0,1.24,6.76,35,0,17.95,0,7,7,30,28,2,6,1,,53,38.69,0,0,2,84,10,10,3,13,1466,8,,0,0,2,0,100.0,0,2,0,0,169,3,0,6.74,0,4,0,0,0,0,0,0,209.43,0.0,0,30,9,15,18,8,25.81,0,18,8,44.44,10,38,31,20,77,38.31,32,262,130,372,229.1,39,0,622,27,2,0,João Figueiredo,Başakşehir FK,841012,3086,MF
10,11,36.67,56,9,56.25,129,64,182,83.87,5,21.74,18,21,2,0,0,0,35,2,1,3,0,4,21,0,0,8,12,57,0,0,0.89,1.3,4,0,5.0,0,1,3,12,10,2,1,0,,29,42.65,0,0,0,35,2,15,1,7,766,0,,0,0,0,0,0.0,0,0,0,0,101,9,0,6.74,0,0,0,0,0,0,0,0,766.0,0.0,0,8,12,9,8,12,44.44,0,5,4,80.0,15,12,27,30,34,37.36,16,174,73,217,141.5,20,0,376,12,1,0,Louka Prip,Konyaspor,976127,3085,MF
11,2,9.09,136,17,50.0,213,149,360,71.57,15,30.61,34,30,1,0,1,0,92,1,6,11,2,14,30,0,0,33,14,144,0,0,1.48,6.25,49,0,6.38,0,3,4,25,22,3,2,1,,83,43.01,0,0,2,143,11,19,1,22,1982,20,,0,0,1,1,0.0,0,0,0,0,286,9,0,6.74,1,2,0,0,0,0,0,0,660.67,0.0,0,31,16,21,15,24,55.81,0,36,23,63.89,19,19,43,22,98,40.5,34,350,175,503,202.1,47,0,877,24,3,1,Taulant Seferi,Bodrum FK,279487,202390,MF
9,13,50.0,64,19,47.5,123,36,146,64.6,7,63.64,4,20,1,0,0,0,34,1,0,3,0,17,20,0,0,5,9,40,0,0,1.76,0.33,13,0,0.0,0,0,1,12,10,2,0,0,,48,57.14,0,0,0,80,9,15,0,7,784,0,,0,0,0,1,0.0,0,0,0,0,157,10,0,6.74,0,0,0,0,0,0,0,0,0.0,0.0,0,5,2,4,0,4,30.77,0,34,20,58.82,15,24,13,26,55,57.89,40,206,46,226,134.7,7,0,481,10,3,0,Nazım Sangaré,Göztepe,169425,3054,MF
6,3,10.71,78,8,44.44,132,53,182,65.94,14,41.18,20,18,2,0,0,0,55,3,5,13,1,8,18,0,0,24,3,101,0,0,1.23,5.09,27,0,12.5,0,4,6,26,21,5,4,0,,46,36.22,2,0,1,94,4,18,1,13,1193,6,,0,0,0,0,0.0,0,0,0,0,209,4,0,6.73,0,1,0,0,0,0,0,0,298.25,0.0,0,27,5,7,12,22,42.31,0,9,7,77.78,18,18,52,28,60,37.27,18,232,72,276,121.2,32,0,525,15,5,0,Aylton Boa Morte,Kayserispor,883918,3072,MF
14,3,50.0,117,23,65.71,232,216,445,89.18,13,52.0,12,25,1,0,0,0,47,2,4,5,0,14,25,0,0,19,7,47,0,0,0.73,2.85,7,0,6.25,0,1,2,22,20,2,1,0,,42,54.55,0,0,0,54,4,14,0,14,1274,0,,0,0,1,0,100.0,0,1,0,0,95,3,0,6.73,0,1,0,0,0,0,0,0,1274.0,0.0,2,8,8,4,7,10,83.33,0,16,8,50.0,14,27,12,6,55,53.92,35,273,232,499,168.3,16,0,672,17,1,0,Berkay Özcan,Çaykur Rizespor,806964,3064,MF
26,12,30.0,97,33,32.67,194,201,383,70.15,21,44.68,26,22,0,0,0,0,69,1,0,0,5,56,22,0,0,9,26,93,0,1,0.71,0.34,30,0,0.0,0,0,0,22,17,5,0,0,,72,51.8,0,0,0,163,22,10,0,16,1441,0,,0,0,0,2,0.0,0,0,0,0,255,3,0,6.73,0,0,0,0,0,0,0,0,0.0,0.0,0,3,5,7,1,15,71.43,0,40,28,70.0,10,62,21,40,93,50.0,101,336,250,546,148.1,8,1,981,17,6,0,Nikola Boranijašević,Konyaspor,150667,3085,DF
2,3,13.04,111,6,54.55,179,76,252,77.3,22,32.35,46,29,2,0,0,0,55,3,3,1,0,11,28,0,0,25,22,133,0,1,2.01,2.41,24,0,20.0,0,3,5,20,20,0,3,0,,61,41.22,0,0,1,74,7,8,1,13,1242,5,,0,0,0,0,0.0,0,0,0,1,175,8,0,6.73,0,2,0,0,0,0,0,0,414.0,0.0,0,11,4,7,7,15,42.86,0,31,22,70.97,8,13,35,23,83,38.43,11,263,86,326,188.4,15,0,573,15,3,0,Halil Akbunar,Eyüpspor,217782,7040,MF
34,0,0.0,62,72,44.72,265,683,948,83.89,49,49.0,51,28,1,0,0,0,81,3,1,1,4,126,28,0,2,3,10,98,0,1,0.47,0.42,35,0,0.0,29,0,1,44,39,5,0,0,,40,45.98,0,0,0,182,41,7,0,27,2373,0,,0,0,0,2,0.0,0,0,0,0,198,0,0,6.73,3,0,0,0,0,0,0,0,0.0,0.0,0,5,1,4,1,0,0.0,0,30,22,73.33,7,71,1,0,89,47.59,161,383,747,1130,188.4,6,2,1451,10,7,1,Bruno Viana,Gaziantep FK,804703,5138,DF
10,0,0.0,53,9,56.25,127,123,250,86.21,17,70.83,7,19,0,0,0,0,49,1,0,0,0,17,18,0,0,6,8,38,0,0,0.94,0.14,15,0,0.0,0,0,0,13,11,2,0,0,,42,57.53,0,0,0,40,12,4,0,8,792,0,,0,0,0,0,0.0,0,0,0,0,62,2,0,6.73,1,0,0,0,0,0,0,0,0.0,0.0,0,2,1,3,0,5,62.5,0,29,18,62.07,4,15,8,0,59,60.82,16,145,145,290,121.1,3,0,428,8,2,1,Quentin Daubin,Gaziantep FK,826605,5138,MF
2,0,0.0,7,12,40.0,35,196,231,87.17,25,59.52,17,8,0,0,0,0,14,0,0,0,2,35,8,0,0,0,2,25,1,1,0.02,0.63,6,0,100.0,10,1,1,10,10,0,1,0,,3,27.27,0,0,0,34,6,1,1,6,542,0,,0,0,0,0,0.0,0,0,0,0,36,0,0,6.73,0,0,0,0,0,0,0,0,542.0,0.0,0,1,0,0,1,0,0.0,0,2,1,50.0,1,5,0,0,28,52.83,30,55,210,265,53.8,1,0,331,2,1,0,Arif Kocaman,Kayserispor,1173638,3072,DF
6,0,0.0,2,30,36.59,12,60,72,57.6,0,0.0,0,8,0,0,0,0,31,0,0,0,0,5,8,0,0,0,0,1,2,0,0.0,,1,0,0.0,57,0,0,10,9,1,0,0,0.84,1,50.0,0,1,0,53,0,0,0,4,419,0,,0,0,0,1,0.0,1,0,0,0,53,0,2,6.73,0,0,5,15,7,23,0,3,0.0,0.0,0,0,0,0,0,0,0.0,5,0,0,0.0,0,12,0,0,1,50.0,82,45,80,125,53.8,0,0,179,0,2,0,Murat Uğur Eser,Adana Demirspor,1550761,3101,GK
11,6,15.38,89,18,43.9,167,148,309,78.63,14,41.18,20,22,0,0,0,0,47,2,0,6,1,36,22,0,0,4,17,61,0,0,1.15,0.39,12,0,0.0,0,0,0,12,10,2,0,0,,44,51.76,0,0,0,84,12,7,0,9,1024,1,,0,1,0,0,0.0,0,0,0,0,159,3,0,6.72,0,0,0,0,0,0,0,0,0.0,0.0,0,3,9,4,2,9,50.0,0,21,10,47.62,6,26,18,39,58,48.74,41,264,168,393,147.9,12,0,677,15,3,0,Jhon Espinoza,Kasımpaşa,929098,6063,DF
12,12,25.53,129,25,31.25,286,352,626,80.88,20,45.45,24,31,0,0,0,0,118,0,0,6,1,78,31,0,0,19,38,146,0,0,0.67,0.84,36,0,13.33,1,2,2,48,47,1,2,0,,147,54.65,1,0,0,148,26,11,0,28,2391,2,,0,0,0,2,0.0,0,0,0,1,338,4,0,6.72,0,1,0,0,0,0,0,0,1195.5,0.0,0,5,10,4,5,39,55.71,0,75,51,68.0,11,42,70,47,167,53.35,80,414,407,774,208.4,15,1,1481,34,5,0,Cemali Sertel,Hatayspor,929956,3091,DF
21,3,12.5,102,34,58.62,228,325,550,84.62,6,28.57,15,20,1,0,0,0,63,2,0,0,1,38,20,0,0,12,16,60,0,0,0.9,0.28,11,0,0.0,0,0,1,31,28,3,0,0,,56,55.45,0,0,0,100,21,8,0,16,1373,1,,0,0,0,1,0.0,0,0,0,0,168,0,0,6.72,0,0,0,0,0,0,0,0,0.0,0.0,0,3,0,1,2,5,45.45,0,38,28,73.68,8,34,11,24,62,50.82,58,298,376,650,134.4,3,0,1031,14,2,0,Bünyamin Balcı,Antalyaspor,967214,3056,DF
18,0,0.0,66,28,68.29,189,347,536,89.48,12,57.14,9,21,0,0,0,0,72,0,0,2,1,19,21,0,0,9,14,51,1,0,0.24,0.12,20,0,0.0,0,0,0,23,23,0,0,0,,43,50.59,0,0,0,63,17,2,0,12,1070,0,,0,0,0,0,0.0,0,0,0,0,86,2,0,6.72,0,0,0,0,0,0,0,0,0.0,0.0,0,2,1,1,0,10,90.91,0,18,13,72.22,2,30,11,0,55,51.89,41,231,368,599,141.1,3,0,742,15,2,0,Oleksandr Petrusenko,Antalyaspor,906673,3056,MF
6,2,28.57,20,4,80.0,40,7,45,86.54,2,66.67,1,7,0,0,0,0,9,0,0,2,0,1,6,0,0,1,2,7,0,0,0.47,0.99,2,0,25.0,0,1,1,3,2,1,1,0,,4,40.0,0,0,0,7,0,2,0,0,113,0,,0,0,1,0,100.0,0,1,0,0,16,1,0,6.72,0,1,0,0,0,0,0,0,113.0,0.0,1,1,3,1,1,3,75.0,0,0,0,0.0,2,7,4,7,6,46.15,5,49,10,52,40.3,4,0,76,2,1,0,Kenan Özer,Bodrum FK,146364,202390,FW
71,0,0.0,79,94,41.78,331,575,906,77.7,46,60.53,30,25,1,0,0,0,155,0,5,5,2,102,25,0,2,7,24,99,0,1,0.65,3.01,34,0,4.0,10,1,2,42,38,4,1,0,,77,52.74,1,0,0,260,63,9,0,25,2156,4,,0,0,0,3,0.0,0,0,0,0,311,4,0,6.72,2,0,0,0,0,0,0,0,2156.0,0.0,1,21,4,14,6,17,65.38,0,44,29,65.91,9,160,26,4,123,55.41,225,500,670,1166,167.9,25,1,1583,17,8,0,Francisco Calvo,Hatayspor,156400,3091,DF
20,1,20.0,33,22,33.85,120,216,335,80.92,29,67.44,14,14,0,0,0,0,39,1,0,0,0,43,13,0,0,0,4,33,0,0,0.16,0.62,17,0,16.67,0,1,1,18,15,3,1,0,,23,54.76,0,0,0,79,10,2,0,8,872,1,,0,0,0,0,0.0,0,0,0,0,87,1,0,6.72,0,1,0,0,0,0,0,0,872.0,0.0,0,5,1,4,2,1,50.0,0,13,7,53.85,2,34,2,5,52,61.18,65,172,247,414,87.3,6,0,535,10,2,0,Furkan Bayır,Göztepe,1003161,3054,DF
0,0,0.0,15,0,0.0,38,24,62,83.78,5,35.71,9,15,1,0,0,1,8,1,6,1,0,5,15,0,0,9,1,27,0,0,0.36,3.46,4,0,23.08,0,3,4,15,14,1,3,0,,23,56.1,0,0,0,12,0,4,0,3,451,1,,0,0,1,0,0.0,0,0,0,1,48,1,0,6.71,0,3,0,0,0,0,0,0,150.33,0.0,0,13,0,5,7,4,44.44,0,7,3,42.86,4,1,9,2,28,50.91,0,52,24,74,100.7,13,1,164,13,1,0,Jonathan Okoronkwo,Hatayspor,1188543,3091,FW
11,7,36.84,82,10,55.56,139,63,195,69.4,8,22.22,28,16,0,0,0,0,56,1,5,6,0,9,16,0,0,14,4,72,0,0,1.49,2.46,16,0,0.0,0,0,0,11,11,0,0,0,,36,45.0,0,0,0,86,3,15,0,12,1017,7,,0,0,0,0,0.0,0,0,0,0,173,10,0,6.71,0,0,0,0,0,0,0,0,0.0,0.0,0,13,10,9,8,13,52.0,0,16,7,43.75,15,18,25,19,44,37.93,18,217,83,281,107.4,23,0,486,7,3,0,Jonathan Okita,Bodrum FK,809225,202390,MF
12,4,28.57,132,15,60.0,224,110,330,85.27,16,47.06,18,22,0,0,0,0,42,0,1,7,1,2,20,0,0,15,5,53,0,1,1.01,1.62,7,1,9.52,0,2,2,20,20,0,1,1,,12,25.53,0,0,1,57,4,14,2,11,864,0,,0,0,0,0,0.0,0,0,0,0,109,5,0,6.71,0,0,0,0,0,0,0,0,432.0,100.0,1,13,8,6,8,3,27.27,0,2,1,50.0,14,21,11,14,28,34.57,25,279,122,387,134.2,21,0,508,8,2,0,Antonín Barák,Kasımpaşa,330705,6063,MF
10,6,37.5,28,11,45.83,60,82,136,73.12,11,57.89,8,10,0,0,0,0,29,1,0,0,1,14,10,0,0,4,11,30,0,0,0.41,0.06,5,0,0.0,0,0,0,10,10,0,0,0,,24,52.17,0,0,0,50,14,7,0,6,615,1,,0,0,0,0,0.0,0,0,0,0,94,0,0,6.71,0,0,0,0,0,0,0,0,0.0,0.0,0,0,3,2,1,2,40.0,0,18,11,61.11,7,21,5,16,35,53.85,24,95,107,186,67.1,3,0,351,5,1,0,Ömürcan Artan,Gaziantep FK,1016384,5138,DF
23,10,23.26,134,50,70.42,359,457,806,89.96,9,50.0,9,34,0,0,0,0,85,1,0,8,0,10,31,0,0,16,8,61,0,1,1.29,1.51,21,0,5.0,0,1,1,28,25,3,1,0,,45,46.39,0,0,0,90,9,15,0,14,1419,0,,0,0,1,0,100.0,0,1,0,0,164,3,0,6.71,0,1,0,0,0,0,0,0,1419.0,0.0,2,6,14,6,6,10,55.56,0,20,12,60.0,15,38,18,43,54,46.96,71,454,485,896,208.0,20,0,1084,15,5,0,Cafú,Kasımpaşa,110956,6063,MF
3,5,20.83,61,4,100.0,93,16,104,90.43,3,42.86,4,11,0,0,0,0,8,1,0,5,0,3,11,0,0,4,3,23,0,0,0.48,1.2,1,0,7.69,0,1,1,1,1,0,1,0,,10,34.48,0,0,0,11,0,6,1,1,230,1,,0,0,0,0,0.0,0,0,0,0,51,0,0,6.71,0,0,0,0,0,0,0,0,230.0,0.0,1,10,3,7,1,4,26.67,0,3,1,33.33,6,6,15,24,13,36.11,4,122,17,115,73.8,13,0,203,3,0,0,Keny Arroyo,Beşiktaş JK,1482431,3050,MF
14,2,8.33,76,15,28.85,136,144,278,74.53,4,26.67,11,12,0,0,0,0,35,1,0,0,3,28,12,0,0,3,6,36,0,0,0.27,0.17,9,0,0.0,0,0,0,12,11,1,0,0,,27,51.92,0,0,0,95,10,3,0,11,915,0,,0,0,0,0,0.0,0,0,0,0,157,6,0,6.71,0,0,0,0,0,0,0,0,0.0,0.0,0,1,0,0,1,6,46.15,0,15,11,73.33,3,41,13,24,31,46.27,52,218,179,373,80.5,1,0,624,7,0,0,Léo Dubois,Eyüpspor,552680,7040,DF
10,7,17.95,167,23,53.49,280,196,469,79.09,7,35.0,13,28,3,0,0,0,91,3,2,1,2,29,27,0,0,8,28,78,0,0,1.75,1.97,13,0,25.0,0,3,6,27,27,0,2,1,,53,44.92,1,0,0,124,5,16,0,17,1389,4,,0,0,0,0,0.0,0,0,0,0,225,8,0,6.7,0,2,0,0,0,0,0,0,463.0,0.0,0,10,2,5,6,6,26.09,0,25,17,68.0,16,29,23,39,60,43.48,43,405,227,593,181.0,12,0,897,22,7,0,Ramazan Civelek,Kayserispor,781408,3072,MF
20,6,17.14,155,39,55.71,287,309,590,81.27,19,39.58,29,33,1,0,0,0,109,4,0,9,0,47,31,0,0,27,28,134,1,1,1.93,0.86,30,0,0.0,0,0,1,34,31,3,0,0,,113,51.83,0,0,0,136,22,19,0,20,1832,1,,0,0,0,1,0.0,0,0,0,0,253,6,0,6.7,0,0,0,0,0,0,0,0,0.0,0.0,0,6,13,8,2,32,60.38,0,50,38,76.0,19,40,53,35,132,49.62,70,397,364,726,207.8,19,0,1174,31,7,0,Mithat Pala,Çaykur Rizespor,1016393,3064,MF
0,0,0.0,18,1,100.0,23,16,39,73.58,11,39.29,17,16,1,0,0,0,7,1,2,3,0,2,16,0,0,3,2,28,0,0,0.63,2.84,7,0,20.0,0,2,3,5,4,1,2,0,,9,45.0,1,0,0,14,0,3,0,1,302,2,,0,0,0,0,0.0,0,0,0,0,29,3,0,6.7,0,1,0,0,0,0,0,0,151.0,0.0,0,8,2,4,3,0,0.0,0,3,3,100.0,3,0,0,0,20,41.67,1,36,17,53,107.2,10,0,107,6,0,0,Talha Sariarslan,Kayserispor,1088715,3072,FW
14,13,22.41,150,15,48.39,269,126,382,70.61,21,36.21,37,28,5,0,0,0,91,5,2,14,0,12,28,0,0,43,24,192,0,0,2.46,2.01,29,0,2.33,0,1,6,39,34,5,1,0,,111,41.73,1,0,1,159,8,37,0,23,1722,1,,0,0,0,0,0.0,0,0,0,0,379,15,0,6.7,0,0,0,0,0,0,0,0,1722.0,0.0,2,20,23,19,10,56,48.28,0,29,20,68.97,37,28,116,58,132,40.74,31,439,160,541,187.6,43,0,1041,26,3,0,Ali Yavuz Kol,Adana Demirspor,910091,3101,MF
7,1,20.0,46,8,47.06,93,72,164,79.23,10,47.62,11,11,0,0,0,0,22,0,1,0,0,16,11,0,0,5,8,38,0,0,0.22,0.69,10,0,33.33,0,1,1,4,4,0,1,0,,29,51.79,1,0,0,43,7,2,0,6,504,2,,0,0,0,0,0.0,0,0,0,0,65,0,0,6.7,0,0,0,0,0,0,0,0,504.0,0.0,0,3,0,0,3,5,55.56,0,12,7,58.33,2,13,9,5,39,50.65,17,128,84,207,73.7,3,1,315,13,3,0,Enes Keskin,Alanyaspor,897168,6362,MF
0,1,50.0,3,0,0.0,7,8,14,82.35,0,0.0,0,1,0,0,0,0,1,0,0,0,0,0,1,0,0,0,0,1,0,0,0.09,,1,0,0.0,0,0,0,0,0,0,0,0,,2,66.67,0,0,0,3,0,0,0,0,25,0,,0,0,0,0,0.0,0,0,0,0,5,0,0,6.7,0,0,0,0,0,0,0,0,0.0,0.0,0,0,0,0,0,1,100.0,0,0,0,0.0,0,0,1,2,2,66.67,2,11,8,17,6.7,0,0,22,1,0,0,Boran Başkan,Trabzonspor,1974312,3051,MF
0,0,0.0,8,0,0.0,15,7,22,91.67,1,100.0,0,1,0,0,0,0,1,0,0,0,0,0,1,0,0,0,1,1,0,0,0.01,,0,0,0.0,0,0,0,0,0,0,0,0,,1,50.0,0,0,0,2,0,0,0,0,26,0,,0,0,0,0,0.0,0,0,0,0,3,0,0,6.7,0,0,0,0,0,0,0,0,0.0,0.0,0,0,0,0,0,0,0.0,0,1,1,100.0,0,1,0,0,2,66.67,1,17,7,24,6.7,0,0,28,0,0,0,Özkan Yigiter,Sivasspor,1131626,3076,DF
1,2,33.33,9,1,16.67,21,22,41,78.85,4,80.0,1,2,0,0,0,0,8,0,0,0,0,5,2,0,0,0,1,5,0,0,0.14,,2,0,0.0,0,0,0,3,3,0,0,0,,9,69.23,0,0,0,11,1,2,0,2,180,0,,0,0,0,0,0.0,0,0,0,0,25,0,0,6.7,0,0,0,0,0,0,0,0,0.0,0.0,0,0,0,0,0,0,0.0,0,7,4,57.14,2,4,1,6,13,72.22,6,32,26,52,13.4,0,0,104,2,1,0,Milad Mohammadi,Adana Demirspor,812531,3101,DF
0,0,0.0,0,1,100.0,4,13,17,89.47,0,0.0,2,2,0,0,0,0,4,0,0,0,0,3,2,0,0,0,1,3,0,0,0.0,,0,0,0.0,0,0,0,0,0,0,0,0,,4,80.0,0,0,0,2,1,0,0,1,86,0,,0,0,0,0,0.0,0,0,0,0,6,0,0,6.7,0,0,0,0,0,0,0,0,0.0,0.0,0,0,0,0,0,0,0.0,0,3,2,66.67,0,0,0,1,4,57.14,1,7,13,19,13.4,0,0,35,1,0,0,Anthony Uzodimma,Kayserispor,993108,3072,DF
1,0,0.0,4,0,0.0,8,9,17,77.27,2,66.67,1,5,0,0,0,0,4,0,0,0,0,0,1,0,0,1,1,7,0,1,0.0,,2,0,0.0,0,0,0,2,2,0,0,0,,5,45.45,0,0,0,5,2,0,0,1,50,0,,0,0,0,0,0.0,0,0,0,0,9,2,0,6.7,0,0,0,0,0,0,0,0,0.0,0.0,0,0,0,0,0,0,0.0,0,2,1,50.0,0,2,2,0,7,50.0,1,9,13,22,6.7,0,0,39,3,0,0,Oguzhan Aksoy,Sivasspor,1640657,3076,MF
1,1,10.0,21,3,50.0,37,35,71,88.75,0,0.0,1,9,0,0,0,0,8,0,0,0,1,3,6,0,0,0,0,1,0,0,0.09,,0,0,0.0,0,0,0,2,2,0,0,0,,7,100.0,0,0,0,9,2,1,0,1,155,0,,0,0,0,0,0.0,0,0,0,0,21,2,0,6.7,0,0,0,0,0,0,0,0,0.0,0.0,0,0,0,0,0,1,100.0,0,1,1,100.0,1,4,1,10,7,87.5,6,51,39,80,40.2,0,0,122,5,0,0,Borna Barišić,Trabzonspor,335301,3051,DF
0,0,0.0,5,2,40.0,9,6,15,62.5,1,100.0,0,5,0,0,0,0,5,0,0,1,0,1,4,0,0,5,2,13,0,0,0.05,0.29,2,0,0.0,0,0,0,0,0,0,0,0,,7,35.0,0,0,0,9,0,2,0,0,83,0,,0,0,0,0,0.0,0,0,0,0,24,2,0,6.7,0,0,0,0,0,0,0,0,0.0,0.0,0,2,3,2,2,3,42.86,0,3,3,100.0,2,0,7,3,8,38.1,5,18,9,24,26.8,5,0,57,1,1,0,Juan Christian,Alanyaspor,1412631,6362,
0,0,0.0,1,0,0.0,1,0,1,50.0,0,0.0,1,1,0,0,0,0,0,0,0,1,0,0,1,0,0,0,0,1,0,0,0.0,0.03,0,0,0.0,0,0,0,0,0,0,0,0,,2,100.0,0,0,0,1,0,0,0,0,20,0,,0,0,0,0,0.0,0,0,0,0,2,0,0,6.7,0,0,0,0,0,0,0,0,0.0,0.0,0,0,1,0,0,0,0.0,0,2,2,100.0,0,0,0,0,2,66.67,1,2,0,2,6.7,1,0,8,0,0,0,Sefa Gulay,Adana Demirspor,2121511,3101,FW
3,0,0.0,56,4,40.0,92,46,138,67.98,30,50.0,30,29,1,0,0,0,24,1,3,6,0,11,26,0,0,13,6,87,0,0,1.22,2.03,24,0,17.39,0,4,5,17,14,3,4,0,,35,38.04,0,0,0,65,4,9,1,8,1003,5,,0,0,0,0,0.0,0,0,0,0,124,3,0,6.69,0,3,0,0,0,0,0,0,250.75,0.0,0,18,5,10,7,9,37.5,0,14,9,64.29,9,7,24,5,65,42.76,10,150,58,203,174.0,23,1,370,15,1,0,Bekir Turaç Böke,Sivasspor,997681,3076,MF
2,2,20.0,54,3,75.0,99,55,152,67.56,34,41.98,47,27,0,0,0,0,27,0,5,9,0,13,24,0,1,13,5,86,0,0,0.72,4.52,16,0,13.79,0,4,4,26,26,0,4,0,,20,33.9,0,0,1,73,3,9,4,14,1284,8,,0,0,1,0,100.0,0,1,0,0,138,6,0,6.69,1,0,0,0,0,0,0,0,321.0,0.0,0,24,5,8,12,10,58.82,0,5,1,20.0,9,8,17,10,54,38.57,4,170,65,225,160.6,29,1,397,5,0,0,Carlos Strandberg,Hatayspor,333423,3091,FW
15,2,33.33,44,13,43.33,107,125,230,72.78,11,45.83,13,22,0,0,0,0,60,1,0,2,1,30,22,0,0,11,16,58,1,1,0.53,0.32,17,0,16.67,0,1,1,20,18,2,0,1,,52,53.61,0,0,0,86,16,4,0,14,1208,0,,0,0,0,0,0.0,0,0,0,1,121,5,0,6.69,0,1,0,0,0,0,0,0,1208.0,0.0,0,1,5,3,1,4,80.0,0,31,20,64.52,4,38,5,6,63,52.07,30,164,158,316,147.2,6,0,515,19,2,0,Ahmet Aslan,Bodrum FK,1134098,202390,MF
16,14,22.22,77,22,52.38,179,127,292,76.24,25,51.02,24,21,3,0,0,0,49,6,1,3,0,28,21,0,0,23,22,103,0,1,1.97,0.81,28,0,0.0,0,0,3,21,20,1,0,0,,38,32.48,0,0,1,91,14,19,0,12,1209,1,,0,0,0,1,0.0,0,0,0,0,206,2,0,6.69,0,0,0,0,0,0,0,0,0.0,0.0,0,8,4,7,2,5,31.25,0,29,15,51.72,19,31,16,63,63,37.95,42,295,151,383,140.5,12,1,673,4,4,0,Azizbek Turgunboev,Sivasspor,971572,3076,MF
7,1,3.85,135,6,75.0,208,64,271,85.22,7,28.0,18,23,1,0,0,0,38,1,1,5,1,2,20,0,0,17,4,83,0,0,0.59,0.74,29,0,0.0,0,0,1,9,8,1,0,0,,49,42.98,0,0,0,47,3,7,0,9,843,5,,0,0,0,1,0.0,0,0,0,0,146,12,0,6.69,0,0,0,0,0,0,0,0,0.0,0.0,0,6,7,7,1,14,43.75,0,21,15,71.43,7,13,32,26,56,40.29,8,276,68,318,133.8,13,0,538,14,2,0,Cihan Çanak,Trabzonspor,1127335,3051,MF
29,5,17.86,117,28,50.91,224,163,382,75.2,20,47.62,22,29,3,0,0,0,39,4,1,2,0,26,29,0,1,12,15,97,1,1,1.4,1.19,45,0,15.38,0,2,5,25,19,6,1,1,,69,47.92,0,0,0,126,13,16,1,17,1568,5,,0,0,0,0,0.0,0,0,0,0,192,0,0,6.69,1,1,0,0,0,0,0,0,784.0,0.0,0,9,4,6,5,4,40.0,0,30,15,50.0,16,52,10,28,89,47.85,55,340,196,508,194.0,13,0,790,35,9,0,Oğulcan Ülgün,Konyaspor,1063942,3085,MF
9,0,0.0,22,21,28.0,82,351,433,82.32,25,55.56,20,19,0,0,0,0,42,0,0,1,4,79,19,0,0,2,7,38,1,0,0.05,0.57,9,0,14.29,24,1,1,29,24,5,1,0,,25,58.14,1,0,0,93,13,4,0,17,1488,1,,0,0,0,0,0.0,0,0,0,0,99,1,0,6.69,0,0,0,0,0,0,0,0,1488.0,0.0,0,7,0,3,3,2,100.0,0,15,11,73.33,4,26,2,0,50,56.82,75,138,388,526,127.1,7,0,692,9,5,0,Dimitris Kolovetsios,Kayserispor,68228,3072,DF
10,12,35.29,101,13,46.43,179,76,243,71.05,36,53.73,31,29,0,0,0,0,46,4,5,13,0,12,28,0,0,21,11,95,0,0,1.55,4.0,12,0,5.13,0,2,2,17,17,0,2,0,,41,39.05,0,0,0,99,8,17,1,9,1014,2,,0,0,0,0,0.0,0,0,0,0,189,8,0,6.69,0,1,0,0,0,0,0,0,507.0,0.0,0,26,13,18,8,13,38.24,0,18,6,33.33,17,21,34,34,77,44.77,28,285,91,342,187.3,39,0,599,10,1,0,Victor Hugo,Göztepe,1170954,3054,MF
9,1,16.67,35,3,37.5,82,66,147,72.77,31,40.26,46,21,1,0,0,0,22,1,6,7,0,13,21,0,1,10,6,96,0,0,0.45,4.98,29,0,14.29,0,5,6,21,16,5,4,1,,42,45.65,1,0,0,55,3,4,0,12,1015,5,,0,0,0,0,0.0,0,0,0,1,110,6,0,6.69,2,4,0,0,0,0,0,0,203.0,0.0,0,28,7,15,13,5,50.0,0,10,4,40.0,4,15,10,6,73,43.2,8,127,81,202,140.4,35,0,377,27,2,1,Stéphane Bahoken,Kayserispor,153220,3072,FW
32,2,11.11,149,20,45.45,282,256,536,79.53,32,43.84,41,30,4,0,0,0,78,6,1,8,2,33,30,0,0,25,21,154,0,1,2.51,2.01,53,0,3.7,1,1,5,30,27,3,1,0,,59,34.3,1,0,1,138,16,21,0,26,2066,3,,0,0,0,0,0.0,0,0,0,0,272,10,0,6.68,0,0,0,0,0,0,0,0,2066.0,0.0,1,14,13,15,4,28,54.9,0,20,10,50.0,21,54,51,18,91,37.14,44,396,296,674,200.5,27,0,1027,11,8,0,Mehdi Bourabia,Kayserispor,98003,3072,MF
1,0,0.0,8,1,100.0,24,27,51,89.47,1,50.0,1,7,0,0,0,0,11,0,0,0,0,3,6,0,0,1,1,6,0,0,0.02,0.02,0,0,0.0,0,0,0,1,1,0,0,0,,9,64.29,0,0,0,6,0,0,0,1,123,0,,0,0,0,0,0.0,0,0,0,0,14,2,0,6.68,0,0,0,0,0,0,0,0,0.0,0.0,0,0,1,1,0,0,0.0,0,7,6,85.71,0,3,3,2,10,62.5,1,31,28,57,40.1,1,0,81,2,0,0,Buluthan Bulut,Alanyaspor,1046689,6362,MF
7,1,5.56,73,10,30.3,159,189,347,78.15,22,52.38,20,22,0,0,0,0,71,0,0,4,6,40,21,0,0,12,4,52,0,1,0.23,0.25,5,0,0.0,0,0,0,18,16,2,0,0,,41,56.16,0,0,0,97,11,4,0,15,1438,2,,0,0,0,0,0.0,0,0,0,0,186,3,0,6.68,0,0,0,0,0,0,0,0,0.0,0.0,0,2,5,3,0,6,35.29,0,27,22,81.48,4,15,17,18,63,54.78,33,235,227,444,140.3,7,0,783,8,0,0,Salem M'Bakata,Gaziantep FK,940367,5138,DF
15,0,0.0,30,18,51.43,121,238,359,86.92,26,56.52,20,17,0,0,0,0,27,0,0,1,0,44,14,0,0,0,3,34,0,1,0.08,0.05,11,0,0.0,0,0,0,23,21,2,0,0,,17,54.84,0,0,0,54,19,1,0,8,783,0,,0,0,0,0,0.0,0,0,0,0,58,0,0,6.68,0,0,0,0,0,0,0,0,0.0,0.0,0,1,0,0,0,1,100.0,0,8,3,37.5,1,28,1,0,43,55.84,35,159,254,413,93.5,1,0,527,11,3,0,Sadık Çiftpınar,Kasımpaşa,111811,6063,DF
13,4,33.33,101,20,64.52,166,162,324,81.61,12,48.0,13,23,2,0,0,0,63,1,1,2,2,24,23,0,0,16,12,63,0,0,0.95,0.33,8,0,0.0,0,0,2,22,20,2,0,0,,68,57.63,0,0,0,73,19,13,0,14,1191,1,,0,0,0,0,0.0,0,0,0,1,174,0,0,6.68,1,0,0,0,0,0,0,0,0.0,0.0,0,5,1,3,1,19,52.78,0,33,20,60.61,13,34,36,12,80,55.94,31,219,190,397,153.6,6,0,727,16,2,1,Ege Bilsel,Bodrum FK,1011244,202390,DF
1,2,28.57,40,2,50.0,56,8,62,71.26,4,30.77,9,11,1,0,0,0,16,1,0,1,0,2,9,0,0,9,0,33,0,0,0.79,0.44,6,0,0.0,0,0,1,6,6,0,0,0,,15,38.46,0,0,0,25,1,6,0,2,299,2,,0,0,0,0,0.0,0,0,0,0,63,2,0,6.68,0,0,0,0,0,0,0,0,0.0,0.0,0,4,0,1,2,7,43.75,0,3,2,66.67,6,3,16,7,19,36.54,4,84,10,87,60.1,4,0,155,5,0,0,Gaëtan Laura,Samsunspor,1004042,3053,MF
9,0,0.0,15,15,55.56,50,103,153,84.53,17,68.0,8,9,0,0,0,0,20,0,0,1,0,24,9,0,0,0,2,16,1,0,0.25,0.09,4,0,0.0,1,0,0,5,5,0,0,0,,18,69.23,0,0,0,28,5,3,0,3,367,0,,0,0,0,0,0.0,0,0,0,0,48,0,0,6.68,0,0,0,0,0,0,0,0,0.0,0.0,1,0,1,0,0,2,40.0,0,7,3,42.86,3,17,5,6,35,68.63,27,78,109,181,60.1,1,0,277,9,0,0,Baktiyor Zaynutdinov,Beşiktaş JK,887382,3050,DF
0,1,25.0,12,1,33.33,21,13,33,89.19,3,50.0,3,5,0,0,0,0,7,0,0,3,0,1,4,0,0,2,3,9,0,0,0.09,0.2,1,0,0.0,0,0,0,5,5,0,0,0,,8,57.14,0,0,0,4,0,3,0,1,152,1,,0,0,0,0,0.0,0,0,0,0,13,0,0,6.68,0,0,0,0,0,0,0,0,0.0,0.0,0,3,0,0,0,2,100.0,0,2,2,100.0,3,1,2,4,11,55.0,3,26,15,37,26.7,3,0,63,4,0,0,Martin Minchev,Çaykur Rizespor,878699,3064,MF
1,1,16.67,47,4,80.0,85,56,140,80.0,3,27.27,8,15,0,0,0,0,30,0,3,6,0,9,15,0,0,1,5,28,0,0,0.25,1.02,7,0,10.0,0,1,1,12,11,1,1,0,,30,60.0,0,0,0,35,2,4,1,7,668,5,,0,0,0,0,0.0,0,0,0,1,63,4,0,6.67,0,0,0,0,0,0,0,0,668.0,0.0,0,7,3,2,2,8,53.33,0,12,7,58.33,4,3,15,6,33,54.1,5,114,67,175,100.1,10,0,289,11,0,0,Veljko Simić,Sivasspor,188117,3076,MF
13,5,15.63,147,33,38.37,286,272,553,71.82,47,49.47,48,26,3,0,0,0,114,1,1,1,1,107,26,0,0,28,42,171,0,0,1.14,0.65,28,0,14.29,0,1,4,66,62,4,1,0,,124,50.2,1,0,0,217,39,14,0,25,2250,3,,1,0,0,1,0.0,0,0,0,0,387,6,0,6.67,0,0,0,0,0,0,0,0,2250.0,0.0,0,4,3,3,3,26,48.15,0,71,37,52.11,14,36,54,32,171,50.0,86,460,342,770,173.4,7,1,1508,27,4,0,Arda Kurtulan,Adana Demirspor,1063395,3101,DF
0,0,0.0,20,3,37.5,45,54,99,79.84,3,21.43,11,14,1,0,0,0,22,0,2,0,0,5,13,0,0,11,5,34,0,0,0.2,0.6,3,0,0.0,0,0,1,18,17,1,0,0,,33,58.93,0,0,0,25,4,3,0,3,498,0,,0,0,0,0,0.0,0,0,0,2,61,1,0,6.67,0,0,0,0,0,0,0,0,0.0,0.0,0,4,0,3,1,7,63.64,0,17,10,58.82,3,2,11,5,36,51.43,8,65,64,124,86.7,4,0,246,9,0,0,Breyton Fougeu,Adana Demirspor,1545020,3101,DF
0,0,0.0,3,1,50.0,3,6,9,52.94,3,75.0,1,4,0,0,0,0,3,0,0,0,0,0,3,0,0,1,0,3,0,0,0.01,,0,0,0.0,0,0,0,0,0,0,0,0,,5,71.43,0,0,0,8,0,0,0,0,39,0,,0,0,0,0,0.0,0,0,0,0,12,1,0,6.67,0,0,0,0,0,0,0,0,0.0,0.0,0,0,0,0,0,2,66.67,0,0,0,0.0,0,1,3,0,8,72.73,2,9,8,17,20.0,0,0,26,3,2,0,Erdem Çetinkaya,Kasımpaşa,993902,6063,FW
0,0,0.0,4,1,100.0,12,12,24,92.31,0,0.0,0,4,0,0,0,0,5,0,0,0,0,0,3,0,0,0,1,3,0,0,0.01,0.19,1,0,0.0,0,0,0,1,1,0,0,0,,1,25.0,0,0,0,2,2,1,0,0,28,0,,0,0,0,0,0.0,0,0,0,0,4,1,0,6.67,0,0,0,0,0,0,0,0,0.0,0.0,0,1,0,0,1,0,0.0,0,1,1,100.0,1,1,1,0,1,25.0,1,13,13,26,20.0,1,0,33,0,0,0,Efe Akman,Galatasaray,1215206,3061,MF
6,3,50.0,23,13,50.0,44,57,98,77.78,1,50.0,1,6,0,0,0,0,12,0,0,0,0,5,6,0,0,2,2,5,0,0,0.29,0.07,0,0,0.0,0,0,0,4,4,0,0,0,,9,69.23,0,0,0,28,2,3,0,2,202,0,,0,0,0,0,0.0,0,0,0,0,37,0,0,6.67,0,0,0,0,0,0,0,0,0.0,0.0,0,0,1,1,0,1,100.0,0,5,2,40.0,3,17,1,6,10,66.67,26,69,63,126,40.0,1,0,158,3,1,0,Jonjo Shelvey,Eyüpspor,36465,7040,MF
15,1,50.0,67,22,35.48,211,441,651,86.0,24,52.17,22,28,0,0,0,0,51,0,0,2,1,92,28,0,0,3,12,69,0,0,0.33,0.46,30,0,20.0,1,1,1,39,36,3,1,0,,33,41.25,1,0,1,106,37,7,0,18,1702,0,,0,0,0,3,0.0,0,0,0,0,130,1,0,6.66,0,0,0,0,0,0,0,0,1702.0,0.0,0,5,0,1,2,4,57.14,0,21,14,66.67,7,38,7,2,57,45.24,62,285,474,757,186.5,5,0,1029,8,10,0,Recep Burak Yılmaz,Hatayspor,904172,3091,DF
8,0,0.0,18,22,47.83,72,255,327,89.1,13,68.42,6,15,0,0,0,0,16,0,0,0,2,31,12,0,0,1,5,15,0,0,0.05,,3,0,0.0,3,0,0,12,11,1,0,0,,13,59.09,0,0,0,40,10,0,0,6,614,0,,0,0,0,0,0.0,0,0,0,0,44,1,0,6.66,0,0,0,0,0,0,0,0,0.0,0.0,0,0,0,0,0,2,100.0,0,9,3,33.33,0,13,2,0,26,63.41,46,94,273,367,79.9,0,0,442,3,1,0,Amar Gerxhaliu,Antalyaspor,1123371,3056,DF
1,0,0.0,49,3,50.0,82,38,120,75.47,16,48.48,17,20,1,0,0,0,27,2,5,3,0,4,20,0,0,11,6,76,0,0,0.92,2.21,27,0,11.11,0,2,3,13,11,2,2,0,,34,36.56,0,0,0,39,4,4,1,6,747,3,,0,0,0,0,0.0,0,0,0,1,112,6,0,6.66,0,1,0,0,0,0,0,0,373.5,0.0,0,18,0,8,7,6,25.0,0,17,10,58.82,4,3,24,2,50,39.68,6,115,46,159,133.1,18,0,341,16,2,0,Mustafa Hekimoğlu,Beşiktaş JK,1524303,3050,MF
3,3,30.0,44,10,52.63,96,95,188,82.82,3,37.5,5,17,1,0,0,0,26,2,0,0,0,11,15,0,0,1,0,15,0,0,1.34,0.16,5,0,0.0,0,0,1,8,7,1,0,0,,17,62.96,0,0,0,39,5,4,0,2,428,0,,0,0,0,0,0.0,0,0,0,0,67,3,0,6.65,0,0,0,0,0,0,0,0,0.0,0.0,0,1,1,0,2,1,20.0,0,10,4,40.0,4,11,5,10,20,57.14,19,122,115,227,99.8,2,0,334,6,0,0,Onur Bulut,Beşiktaş JK,142494,3050,DF
2,6,30.0,33,6,22.22,89,96,179,75.21,7,43.75,9,17,0,0,0,0,27,0,0,0,1,17,15,0,0,4,5,24,0,0,0.29,0.02,5,0,0.0,0,0,0,6,5,1,0,0,,21,58.33,0,0,0,59,12,4,0,4,513,0,,0,0,0,0,0.0,0,0,0,0,114,2,0,6.65,0,0,0,0,0,0,0,0,0.0,0.0,0,0,1,1,0,5,71.43,0,13,8,61.54,4,19,7,20,28,53.85,27,146,112,238,99.8,1,0,404,3,2,0,Abdurrahim Dursun,Antalyaspor,883275,3056,DF
7,10,26.32,213,13,48.15,354,237,581,81.95,11,33.33,22,31,0,0,0,0,86,1,2,3,2,11,31,0,0,20,17,103,1,0,1.94,1.48,27,0,0.0,0,0,0,32,29,3,0,0,,74,47.74,0,0,0,128,12,14,0,22,1815,7,,0,0,0,0,0.0,0,0,0,1,237,18,0,6.65,0,0,0,0,0,0,0,0,0.0,0.0,0,8,4,5,4,13,38.24,0,32,22,68.75,14,16,34,38,85,45.21,27,470,277,709,206.2,12,0,1005,30,5,0,Efecan Karaca,Alanyaspor,60510,6362,MF
3,0,0.0,10,5,100.0,18,24,42,82.35,0,0.0,1,2,0,0,0,0,6,0,0,0,0,1,2,0,0,0,2,3,0,0,0.02,,0,0,0.0,0,0,0,1,1,0,0,0,,2,50.0,0,0,0,9,0,0,0,1,104,0,,0,0,0,0,0.0,0,0,0,0,14,1,0,6.65,0,0,0,0,0,0,0,0,0.0,0.0,0,0,0,0,0,0,0.0,0,0,0,0.0,0,3,0,1,2,40.0,5,26,26,51,13.3,0,0,66,2,0,0,Ferdi Kadıoğlu,Fenerbahçe,825844,3052,DF
0,0,0.0,17,1,25.0,34,40,74,91.36,1,100.0,0,2,0,0,0,0,7,0,0,0,0,4,2,0,0,0,1,5,0,0,0.03,,5,0,0.0,0,0,0,2,2,0,0,0,,4,44.44,0,0,0,7,3,0,0,2,144,0,,0,0,0,0,0.0,0,0,0,0,9,2,0,6.65,0,0,0,0,0,0,0,0,0.0,0.0,0,0,0,0,0,0,0.0,0,4,1,25.0,0,1,0,0,5,50.0,4,38,43,81,13.3,0,0,98,0,0,0,José Rodríguez,Adana Demirspor,138394,3101,MF
3,0,0.0,2,3,50.0,9,34,43,86.0,0,0.0,0,2,0,0,0,0,7,0,0,0,0,5,2,0,0,0,0,2,0,0,0.01,,2,0,0.0,0,0,0,2,2,0,0,0,,3,60.0,0,0,0,7,0,0,0,1,106,0,,0,0,0,0,0.0,0,0,0,0,7,0,0,6.65,0,0,0,0,0,0,0,0,0.0,0.0,0,0,0,0,0,0,0.0,0,3,3,100.0,0,4,0,0,3,60.0,6,14,36,50,13.3,0,0,60,0,0,0,Ali Arda Yildiz,Adana Demirspor,2086501,3101,DF
1,0,0.0,1,1,50.0,3,24,27,84.38,0,0.0,0,3,0,0,0,0,5,0,0,0,0,3,2,0,0,0,0,1,0,0,0.0,,1,0,0.0,0,0,0,0,0,0,0,0,,1,50.0,0,0,0,5,1,0,0,0,62,0,,0,0,0,0,0.0,0,0,0,0,6,0,0,6.65,0,0,0,0,0,0,0,0,0.0,0.0,0,0,0,0,0,0,0.0,0,1,1,100.0,0,2,0,0,1,50.0,2,5,27,32,13.3,0,0,38,0,0,0,Necip Uysal,Beşiktaş JK,43394,3050,DF
2,0,0.0,2,2,50.0,9,17,26,78.79,0,0.0,2,7,0,0,0,0,8,0,0,0,0,0,4,0,0,1,2,13,0,0,0.01,0.08,6,0,0.0,0,0,0,2,1,1,0,0,,9,45.0,0,0,0,7,1,0,0,0,72,0,,0,0,0,0,0.0,0,0,0,0,14,0,0,6.65,0,0,0,0,0,0,0,0,0.0,0.0,0,0,2,1,1,1,33.33,0,6,3,50.0,0,4,3,0,9,40.91,4,15,18,33,26.6,2,0,60,2,1,0,Enes Ogruce,Bodrum FK,1395595,202390,FW
2,1,50.0,14,1,50.0,30,13,42,55.26,30,50.85,29,23,0,0,0,0,7,0,1,2,0,5,21,0,0,4,10,55,0,0,0.07,1.02,12,0,0.0,0,0,0,6,6,0,0,0,,19,42.22,0,0,0,34,1,5,0,1,354,4,,0,0,0,0,0.0,0,0,0,0,54,3,0,6.65,0,0,0,0,0,0,0,0,0.0,0.0,0,8,2,5,3,0,0.0,0,9,6,66.67,5,3,2,2,49,47.12,2,62,16,76,139.6,10,0,150,10,3,0,Celal Dumanli,Bodrum FK,903334,202390,FW
27,6,30.0,102,40,48.78,225,287,506,81.48,13,41.94,18,22,1,0,0,0,55,1,2,2,2,44,22,0,0,9,14,63,1,1,0.54,1.06,15,0,14.29,0,1,2,21,20,1,1,0,,32,41.56,1,0,0,115,11,7,0,18,1493,2,,0,0,0,0,0.0,0,0,0,0,180,6,0,6.65,0,0,0,0,0,0,0,0,1493.0,0.0,0,6,1,0,5,4,30.77,0,19,8,42.11,7,46,13,20,45,41.67,82,320,321,621,146.2,7,0,908,9,6,0,Ömer Ali Şahiner,Başakşehir FK,103912,3086,DF
5,1,33.33,32,5,50.0,79,53,131,81.37,5,50.0,5,11,0,0,0,0,12,0,0,0,0,17,11,0,0,1,3,21,0,0,0.13,0.03,12,0,0.0,0,0,0,9,7,2,0,0,,15,48.39,0,0,0,30,2,3,0,3,368,1,,0,0,0,0,0.0,0,0,0,0,36,0,0,6.65,0,0,0,0,0,0,0,0,0.0,0.0,0,0,1,1,0,3,100.0,0,9,7,77.78,3,10,3,3,20,48.78,10,102,62,161,73.1,1,0,219,3,3,0,Jan Biegański,Sivasspor,935966,3076,MF
1,3,60.0,3,2,33.33,10,9,16,44.44,4,50.0,4,10,0,0,0,0,8,0,0,0,0,16,9,0,0,0,1,6,0,0,0.09,0.04,0,0,0.0,0,0,0,2,2,0,0,0,,10,83.33,0,0,0,20,1,1,0,2,236,0,,0,0,0,0,0.0,0,0,0,0,29,0,0,6.64,0,0,0,0,0,0,0,0,0.0,0.0,0,0,1,1,0,0,0.0,0,5,5,100.0,1,4,1,5,14,70.0,6,24,17,36,59.8,1,0,92,5,1,0,Nurettin Korkmaz,Kayserispor,976993,3072,MF
10,0,0.0,42,11,55.0,103,115,218,86.85,3,50.0,3,7,0,0,0,0,12,0,0,0,0,11,7,0,0,0,4,15,0,1,0.09,0.02,8,0,0.0,0,0,0,5,5,0,0,0,,7,36.84,0,0,0,33,8,0,0,4,375,0,,0,0,0,0,0.0,0,0,0,0,38,0,0,6.64,0,0,0,0,0,0,0,0,0.0,0.0,0,0,1,0,1,0,0.0,0,4,2,50.0,0,19,0,1,10,40.0,20,125,127,251,46.5,1,0,292,3,1,0,Taras Stepanenko,Eyüpspor,45604,7040,MF
10,1,5.56,28,15,40.54,77,74,150,71.77,6,46.15,7,25,0,0,0,0,30,0,0,1,0,26,19,0,0,3,5,21,0,0,0.2,0.16,7,0,0.0,0,0,0,8,8,0,0,0,,25,64.1,0,0,0,59,3,3,0,3,507,1,,0,0,0,0,0.0,0,0,0,0,99,0,0,6.64,0,0,0,0,0,0,0,0,0.0,0.0,0,0,5,2,2,2,100.0,0,19,13,68.42,3,24,2,18,31,59.62,37,139,88,209,126.2,5,0,376,4,2,0,Soner Gönül,Samsunspor,867727,3053,DF
14,8,20.51,100,13,25.49,177,122,291,72.21,16,38.1,26,17,2,0,0,0,67,2,1,4,0,17,17,0,0,17,11,102,0,0,1.71,0.65,33,0,10.0,0,1,3,26,26,0,1,0,,46,37.7,0,0,0,112,13,15,0,12,1089,2,,0,0,0,0,0.0,0,0,0,0,208,6,0,6.64,0,1,0,0,0,0,0,0,1089.0,0.0,1,4,6,4,2,9,32.14,0,25,16,64.0,15,40,28,39,62,37.8,51,300,142,403,112.9,10,0,658,12,2,0,Rigoberto Rivas,Hatayspor,837742,3091,MF
8,0,0.0,35,7,50.0,101,103,204,85.36,3,42.86,4,22,0,0,0,0,47,0,0,1,0,8,22,0,0,7,9,27,0,0,0.16,0.37,6,0,0.0,0,0,0,10,9,1,0,0,,33,58.93,0,0,0,35,7,4,0,2,470,0,,0,0,0,0,0.0,0,0,0,0,50,2,0,6.64,0,0,0,0,0,0,0,0,0.0,0.0,0,1,4,4,0,4,80.0,0,23,12,52.17,4,11,5,0,36,57.14,14,123,116,239,146.1,5,0,327,6,1,0,Yaw Ackah,Kayserispor,984096,3072,MF
7,0,0.0,23,10,66.67,51,77,128,86.49,2,40.0,3,6,1,0,0,0,14,1,0,2,0,10,5,0,0,1,6,19,0,1,0.31,0.12,10,0,0.0,0,0,1,4,4,0,0,0,,11,40.74,0,0,0,20,1,2,0,3,298,0,,0,0,0,0,0.0,0,0,0,0,24,2,0,6.64,0,0,0,0,0,0,0,0,0.0,0.0,0,1,1,0,0,0,0.0,0,8,3,37.5,2,13,1,0,13,40.63,15,64,84,148,33.2,2,0,186,3,2,0,Taşkın Ilter,Eyüpspor,171911,7040,
3,0,0.0,9,6,75.0,28,89,117,95.12,4,57.14,3,6,0,0,0,0,8,0,0,0,1,11,5,0,0,1,0,10,0,1,0.02,0.03,7,0,0.0,0,0,0,1,1,0,0,0,,1,12.5,0,0,0,6,0,0,0,2,167,0,,1,0,0,0,0.0,0,0,0,0,9,0,0,6.64,0,0,0,0,0,0,0,0,0.0,0.0,0,1,0,1,0,0,0.0,0,1,1,100.0,0,5,0,1,5,33.33,8,32,92,123,33.2,1,0,149,0,2,0,Ali Şahin Yılmaz,Trabzonspor,1145980,3051,DF
10,7,23.33,85,6,60.0,154,104,251,73.18,19,39.58,29,29,0,0,0,0,70,1,4,7,1,18,28,0,0,43,14,169,0,0,1.4,2.64,32,0,5.71,0,2,2,29,28,1,2,0,,116,45.31,0,0,3,92,10,10,1,20,1852,3,,0,0,0,0,0.0,0,0,0,1,279,8,0,6.64,0,1,0,0,0,0,0,0,926.0,0.0,0,25,10,12,16,34,38.2,0,28,18,64.29,10,15,89,30,135,44.41,10,245,128,343,185.9,35,0,792,54,8,0,Christopher Lungoyi,Gaziantep FK,883355,5138,MF
2,0,0.0,35,2,50.0,55,57,112,68.29,12,19.05,51,26,0,0,0,0,16,0,6,3,0,6,26,0,0,16,4,90,0,0,0.27,3.91,16,0,20.83,0,5,5,37,36,1,5,0,,26,40.0,0,0,0,52,2,7,1,12,1266,15,,0,0,0,0,0.0,0,0,0,0,114,6,0,6.64,0,4,0,0,0,0,0,0,253.2,0.0,0,19,5,11,10,2,22.22,0,5,5,100.0,7,5,9,3,38,29.69,4,105,62,164,172.6,24,0,313,19,5,0,Abat Aimbetov,Adana Demirspor,189193,3101,FW
10,0,0.0,2,31,31.63,14,149,163,70.87,0,0.0,0,8,0,0,0,0,49,0,0,0,1,9,8,0,0,0,1,1,0,0,0.01,,0,0,0.0,49,0,0,15,13,2,0,0,-5.16,1,50.0,0,3,0,67,0,0,0,8,660,0,,0,0,0,0,0.0,1,0,0,0,68,0,2,6.64,0,0,3,13,5,20,0,7,0.0,0.0,0,0,0,0,0,0,0.0,3,0,0,0.0,0,28,0,0,1,50.0,98,64,166,230,53.1,0,0,290,1,0,0,Gökhan Akkan,Bodrum FK,225012,202390,GK
40,2,22.22,106,35,61.4,214,200,412,83.74,10,27.78,26,25,1,0,0,0,86,2,0,6,0,16,25,0,0,17,18,97,1,1,0.94,0.58,24,0,0.0,0,0,1,20,17,3,0,0,,69,49.29,0,0,1,80,9,15,0,11,1121,0,,0,0,0,1,0.0,0,0,0,0,151,7,0,6.64,0,0,0,0,0,0,0,0,0.0,0.0,0,3,11,5,3,12,48.0,0,36,18,50.0,15,61,25,9,79,44.89,57,274,227,492,165.9,14,0,701,22,3,0,Ogün Özçiçek,Gaziantep FK,859783,5138,MF
18,1,5.56,102,25,49.02,258,251,508,82.87,13,36.11,23,29,0,0,0,0,61,3,3,4,1,10,29,0,0,25,16,105,0,1,0.89,3.6,29,0,22.22,0,4,4,31,29,2,4,0,,44,34.92,1,0,0,105,20,8,1,19,1663,1,,0,0,0,0,0.0,0,0,0,0,196,6,0,6.63,0,2,0,0,0,0,0,0,415.75,0.0,0,17,1,6,8,3,20.0,0,27,14,51.85,8,36,15,18,57,35.19,51,346,285,613,192.4,18,0,855,14,1,0,Soner Dikmen,Antalyaspor,847782,3056,MF
1,0,0.0,24,0,0.0,35,5,40,70.18,10,43.48,13,9,0,0,0,0,7,0,1,0,0,1,9,0,0,8,1,43,0,0,0.08,1.52,12,0,40.0,0,2,2,3,3,0,2,0,,10,25.0,0,0,0,17,1,3,0,3,282,3,,0,0,0,0,0.0,0,0,0,0,53,1,0,6.63,0,2,0,0,0,0,0,0,141.0,0.0,0,4,1,1,4,6,37.5,0,1,0,0.0,3,3,16,2,20,31.75,1,51,8,57,59.7,5,0,118,3,1,0,David Datro Fofana,Göztepe,1090458,3054,FW
1,0,0.0,2,1,25.0,4,20,24,77.42,2,66.67,1,3,0,0,0,0,2,0,0,0,0,8,3,0,0,0,1,2,0,0,0.01,,0,0,0.0,0,0,0,1,1,0,0,0,,0,0.0,0,0,0,7,3,0,0,1,98,0,,0,0,0,0,0.0,0,0,0,0,7,0,0,6.63,0,0,0,0,0,0,0,0,0.0,0.0,0,0,0,0,0,0,0.0,0,0,0,0.0,0,2,0,0,2,50.0,4,9,22,31,19.9,0,0,44,0,0,0,Kayra Cihan,Kayserispor,1982283,3072,DF
4,3,20.0,22,9,45.0,52,62,111,82.22,2,28.57,5,6,0,0,0,0,19,0,0,0,0,8,6,0,0,1,0,14,0,0,0.26,,7,0,0.0,0,0,0,7,5,2,0,0,,16,64.0,0,0,0,24,1,3,0,4,340,0,,0,0,0,0,0.0,0,0,0,0,47,0,0,6.63,0,0,0,0,0,0,0,0,0.0,0.0,0,0,0,0,0,2,50.0,0,9,7,77.78,3,9,4,15,18,56.25,20,83,67,135,39.8,0,0,228,5,2,0,Halil Ibrahim Pehlivan,Çaykur Rizespor,777291,3064,DF
3,0,0.0,12,5,55.56,50,80,130,91.55,7,50.0,7,6,0,0,0,0,12,0,0,1,0,15,6,0,0,2,1,14,0,0,0.03,0.14,3,0,0.0,0,0,0,6,4,2,0,0,,4,36.36,0,0,0,12,5,1,0,4,365,1,,0,0,0,0,0.0,0,0,0,0,18,0,0,6.63,0,0,0,0,0,0,0,0,0.0,0.0,0,3,0,2,0,1,50.0,0,3,2,66.67,1,7,2,0,11,44.0,9,58,84,142,39.8,3,0,184,0,0,0,Josip Ćalušić,Konyaspor,172331,3085,DF
2,0,0.0,41,3,75.0,76,43,119,83.8,1,25.0,3,15,0,0,0,0,20,0,0,5,0,3,13,0,0,7,8,29,0,0,0.47,0.53,8,0,12.5,0,1,1,11,10,1,1,0,,28,51.85,0,0,0,23,3,1,1,3,325,0,,0,0,0,0,0.0,0,0,0,0,45,6,0,6.63,0,0,0,0,0,0,0,0,325.0,0.0,0,6,2,1,2,8,72.73,0,15,2,13.33,1,3,11,0,29,50.0,4,97,45,142,86.2,8,0,218,5,0,0,Ömer Faruk Beyaz,Başakşehir FK,1022881,3086,MF
2,3,75.0,17,1,25.0,39,24,60,83.33,1,50.0,1,7,0,0,0,0,10,1,0,1,0,2,7,0,0,1,3,11,0,0,0.79,0.04,4,0,0.0,0,0,0,5,5,0,0,0,,18,64.29,0,0,0,12,0,3,0,1,143,0,,0,0,0,0,0.0,0,0,0,0,20,3,0,6.63,0,0,0,0,0,0,0,0,0.0,0.0,0,0,1,0,0,10,76.92,0,4,1,25.0,3,3,13,4,19,63.33,4,46,30,72,46.4,1,0,117,4,0,0,Festy Ebosele,Başakşehir FK,983059,3086,DF
17,4,20.0,121,18,78.26,224,165,385,84.99,3,21.43,11,21,3,0,0,0,44,2,2,10,0,5,20,0,0,20,6,61,0,0,0.89,1.26,7,0,5.88,0,1,4,24,22,2,1,0,,29,36.71,1,0,0,68,6,15,0,14,1197,2,,0,0,0,0,0.0,0,0,0,0,142,4,0,6.63,0,0,0,0,0,0,0,0,1197.0,0.0,2,7,10,2,5,10,37.04,0,4,3,75.0,15,29,27,20,32,34.41,23,298,175,453,132.5,17,0,615,15,6,0,Rui Pedro,Hatayspor,862672,3091,MF
17,0,0.0,62,16,34.04,108,54,162,64.29,17,50.0,17,17,0,0,0,0,36,2,0,2,0,17,16,0,0,9,9,68,0,0,0.92,0.29,22,0,11.11,0,1,1,14,13,1,0,1,,30,37.04,0,0,0,90,6,5,0,7,681,0,,0,0,0,0,0.0,0,0,0,0,136,5,0,6.63,0,1,0,0,0,0,0,0,681.0,0.0,1,0,9,3,4,2,15.38,0,23,11,47.83,5,40,13,12,47,40.87,47,203,61,252,106.0,9,0,388,5,1,0,Doğan Erdoğan,Göztepe,257407,3054,MF
2,0,0.0,3,2,40.0,11,47,58,86.57,2,40.0,3,4,0,0,0,0,5,0,0,0,0,12,4,0,0,0,1,4,0,0,0.01,0.09,0,0,50.0,0,1,1,6,5,1,1,0,,3,75.0,0,0,0,9,1,1,1,2,212,0,,0,0,0,0,0.0,0,0,0,0,10,0,0,6.63,0,0,0,0,0,0,0,0,212.0,0.0,0,2,0,1,1,0,0.0,0,3,2,66.67,1,4,0,0,5,55.56,5,15,52,67,26.5,2,0,93,0,0,0,Yigit Ali Buz,Hatayspor,2010670,3091,DF
6,0,0.0,14,8,53.33,52,60,112,86.82,3,37.5,5,4,0,0,0,0,11,0,0,0,0,5,4,0,0,0,0,11,0,0,0.1,0.16,6,0,0.0,0,0,0,4,3,1,0,0,,5,45.45,0,0,0,17,3,0,0,3,188,0,,0,0,0,0,0.0,0,0,0,0,18,0,0,6.63,0,0,0,0,0,0,0,0,0.0,0.0,0,1,1,2,0,1,100.0,0,4,3,75.0,0,12,1,0,8,42.11,15,67,62,129,26.5,2,0,149,0,1,0,Diego Carlos,Fenerbahçe,604232,3052,DF
8,7,18.92,65,7,29.17,113,75,181,78.02,1,16.67,5,18,0,0,0,0,37,0,0,3,0,5,18,0,0,11,13,40,0,0,0.96,0.34,4,0,0.0,0,0,0,9,7,2,0,0,,29,45.31,0,0,0,51,5,7,0,6,642,1,,0,0,0,0,0.0,0,0,0,0,119,2,0,6.62,0,0,0,0,0,0,0,0,0.0,0.0,0,2,5,2,2,8,53.33,0,10,4,40.0,7,23,15,37,30,42.86,24,184,85,232,119.2,7,0,380,11,1,0,Andros Townsend,Antalyaspor,47992,3056,MF
20,8,17.78,144,27,51.92,285,240,517,79.54,3,23.08,10,24,0,0,0,0,97,2,1,9,1,19,24,0,0,22,34,95,2,2,1.42,1.63,7,0,4.17,0,1,1,49,42,7,1,0,,96,53.04,0,0,1,133,7,21,1,16,1596,0,,0,0,0,0,0.0,0,0,0,1,256,4,0,6.62,0,0,0,0,0,0,0,0,1596.0,0.0,2,10,14,10,5,16,42.11,0,41,20,48.78,21,54,38,45,99,51.03,52,417,278,650,158.9,24,0,1020,39,1,0,Bunyamin Balat,Adana Demirspor,996317,3101,MF
11,1,25.0,62,13,50.0,118,136,253,80.83,19,47.5,21,20,0,0,0,0,34,0,0,1,0,22,20,0,0,10,16,63,2,0,0.97,0.19,15,0,0.0,0,0,0,20,18,2,0,0,,41,49.4,0,0,0,60,13,4,0,11,991,1,,0,0,0,0,0.0,0,0,0,0,88,2,0,6.62,0,0,0,0,0,0,0,0,0.0,0.0,0,1,4,0,4,5,62.5,0,30,18,60.0,4,20,8,4,60,48.78,26,167,150,313,132.4,5,0,461,8,4,0,Baran Ali Gezek,Kayserispor,1215110,3072,MF
4,0,0.0,34,6,85.71,50,27,77,86.52,5,38.46,8,6,0,0,0,0,11,1,0,1,0,0,5,0,0,5,5,24,0,0,0.08,0.11,4,0,0.0,0,0,0,7,7,0,0,0,,8,33.33,0,0,0,12,1,3,0,3,238,0,,0,0,0,0,0.0,0,0,0,0,24,1,0,6.62,0,0,0,0,0,0,0,0,0.0,0.0,0,1,2,1,1,0,0.0,0,7,6,85.71,3,6,2,0,13,35.14,7,58,31,89,33.1,3,0,124,1,0,0,Abdülkadir Ömür,Çaykur Rizespor,826155,3064,MF
11,0,0.0,28,7,29.17,54,28,82,66.13,1,11.11,8,12,0,0,0,0,23,1,1,2,0,2,12,0,0,1,8,22,0,0,0.15,0.2,4,0,0.0,0,0,0,7,6,1,0,0,,17,54.84,0,0,0,42,7,6,0,6,475,0,,0,0,0,0,0.0,0,0,0,0,54,5,0,6.62,0,0,0,0,0,0,0,0,0.0,0.0,0,1,3,2,0,2,50.0,0,13,10,76.92,6,19,4,1,18,45.0,24,84,41,124,79.4,4,0,185,2,4,0,Samet Yalçın,Bodrum FK,789102,202390,MF
76,9,26.47,143,69,39.43,398,651,1040,79.45,27,44.26,34,32,1,0,0,0,119,4,2,3,2,97,32,0,0,11,18,117,1,1,1.09,0.85,40,0,0.0,0,0,1,71,64,7,0,0,,111,57.22,0,0,0,269,25,13,0,30,2585,0,,1,0,0,0,0.0,0,0,0,0,385,3,0,6.62,0,0,0,0,0,0,0,0,0.0,0.0,0,8,0,4,1,18,54.55,0,66,45,68.18,13,166,33,34,138,54.12,175,592,751,1309,211.7,8,0,1891,28,10,0,Abdulsamet Burak,Adana Demirspor,900798,3101,DF
0,1,12.5,32,1,20.0,49,24,72,69.23,5,50.0,5,18,0,0,0,0,20,0,4,3,0,6,17,0,0,5,6,38,0,0,0.32,1.35,10,0,10.0,0,1,1,6,4,2,1,0,,32,49.23,0,0,1,32,3,4,0,2,457,2,,0,0,0,0,0.0,0,0,0,0,77,2,0,6.61,0,1,0,0,0,0,0,0,457.0,0.0,0,8,2,4,3,15,55.56,0,12,7,58.33,4,2,27,8,37,49.33,5,80,32,104,112.4,10,0,223,5,3,0,Hamidou Keyta,Konyaspor,829610,3085,MF
10,2,28.57,101,13,32.5,198,189,385,75.64,24,40.68,35,27,1,0,0,0,84,1,1,3,1,20,27,0,0,19,25,138,1,0,0.75,1.1,52,0,6.25,0,1,2,37,33,4,1,0,,97,48.5,0,0,0,124,23,6,0,25,1935,3,,0,0,0,0,0.0,0,0,0,0,185,8,0,6.61,1,1,0,0,0,0,0,0,1935.0,0.0,0,9,7,9,4,9,45.0,0,52,25,48.08,6,24,20,7,121,46.72,40,294,222,509,178.5,16,0,799,36,8,1,Erdal Rakip,Antalyaspor,319871,3056,MF
1,0,0.0,25,3,37.5,47,31,78,66.67,8,42.11,11,20,1,0,0,0,26,0,1,5,0,7,17,0,0,16,11,67,0,0,0.28,1.08,7,0,16.67,0,2,3,10,10,0,1,1,,33,37.08,1,0,0,39,4,6,0,3,536,3,,0,0,0,0,0.0,0,0,0,0,104,3,0,6.61,0,1,0,0,0,0,0,0,268.0,0.0,0,10,2,4,3,10,31.25,0,19,15,78.95,6,4,32,7,41,37.96,8,86,38,117,112.3,12,0,264,4,2,0,Emrecan Bulut,Çaykur Rizespor,1480663,3064,MF
5,3,27.27,32,5,83.33,57,24,78,78.79,3,50.0,3,9,1,0,0,0,13,2,0,2,0,6,9,0,0,3,3,21,0,0,0.52,0.27,7,0,0.0,0,0,1,6,5,1,0,0,,8,30.77,0,0,0,21,5,6,0,3,320,0,,0,0,0,0,0.0,0,0,0,0,49,1,0,6.6,0,0,0,0,0,0,0,0,0.0,0.0,1,1,3,1,1,0,0.0,0,4,3,75.0,6,6,7,11,11,34.38,6,83,27,99,59.4,4,0,162,4,0,0,Morten Bjørlo,Konyaspor,921358,3085,MF
3,1,16.67,21,2,28.57,46,30,75,87.21,1,50.0,1,4,1,0,0,0,7,0,0,1,0,5,4,0,0,0,7,17,0,0,0.25,0.04,6,0,0.0,0,0,1,2,2,0,0,0,,5,23.81,0,0,0,11,8,2,0,2,216,0,,0,0,0,0,0.0,0,0,0,0,25,0,0,6.6,0,0,0,0,0,0,0,0,0.0,0.0,0,1,0,0,0,4,57.14,0,0,0,0.0,2,8,7,6,6,26.09,7,59,33,86,26.4,1,0,134,1,1,0,Serkan Emrecan Terzi,Beşiktaş JK,1142614,3050,DF
0,0,0.0,1,1,100.0,2,0,2,66.67,0,0.0,0,1,0,0,0,0,1,0,0,0,0,0,1,0,0,0,0,2,0,0,0.62,,0,0,0.0,0,0,0,0,0,0,0,0,,1,33.33,0,0,0,1,0,1,0,0,12,0,,0,0,0,0,0.0,0,0,0,0,4,0,0,6.6,0,0,0,0,0,0,0,0,0.0,0.0,0,0,0,0,0,1,33.33,0,0,0,0.0,1,0,3,1,1,33.33,1,3,1,3,6.6,0,0,7,0,0,0,Berat Luş,Galatasaray,1945952,3061,FW
0,0,0.0,2,0,0.0,2,0,2,50.0,0,0.0,2,1,0,0,0,0,0,0,0,0,0,0,1,0,0,0,0,2,0,0,0.01,,0,0,0.0,0,0,0,0,0,0,0,0,,0,0.0,0,0,0,2,0,1,0,0,12,0,,0,0,0,0,0.0,0,0,0,0,3,0,0,6.6,0,0,0,0,0,0,0,0,0.0,0.0,0,0,0,0,0,0,0.0,0,0,0,0.0,1,0,0,0,0,0.0,0,4,0,4,6.6,0,0,5,0,0,0,Sokol Cikalleshi,Konyaspor,81138,3085,FW
0,0,0.0,0,0,0.0,0,0,0,0.0,0,0.0,0,1,0,0,0,0,0,0,0,0,0,1,1,0,0,0,0,0,0,0,,,0,0,0.0,0,0,0,0,0,0,0,0,,0,0.0,0,0,0,0,1,0,0,0,8,0,,0,0,0,0,0.0,0,0,0,0,0,0,0,6.6,0,0,0,0,0,0,0,0,0.0,0.0,0,0,0,0,0,0,0.0,0,0,0,0.0,0,0,0,0,0,0.0,0,0,0,0,6.6,0,0,2,0,0,0,Kadir Karayigit,Adana Demirspor,1918333,3101,DF
0,0,0.0,2,0,0.0,3,1,4,100.0,0,0.0,0,1,0,0,0,0,0,0,0,0,0,0,1,0,0,1,0,1,0,0,0.0,,0,0,0.0,0,0,0,0,0,0,0,0,,1,50.0,0,0,0,0,0,0,0,0,8,0,,0,0,0,0,0.0,0,0,0,0,1,0,0,6.6,0,0,0,0,0,0,0,0,0.0,0.0,0,0,0,0,0,0,0.0,0,1,1,100.0,0,0,0,0,1,50.0,0,3,1,4,6.6,0,0,8,0,0,0,Mehmet Talha Seker,Sivasspor,1618816,3076,MF
0,0,0.0,2,0,0.0,4,12,16,94.12,0,0.0,0,1,0,0,0,0,4,0,0,0,0,2,1,0,0,0,0,0,0,0,0.0,,0,0,0.0,0,0,0,1,1,0,0,0,,0,0.0,0,0,0,1,2,0,0,0,45,0,,0,0,0,0,0.0,0,0,0,0,2,0,0,6.6,0,0,0,0,0,0,0,0,0.0,0.0,0,0,0,0,0,0,0.0,0,0,0,0.0,0,0,0,0,0,0.0,0,5,12,17,6.6,0,0,22,0,1,0,Süleyman Özdamar,Bodrum FK,124952,202390,DF
0,0,0.0,3,0,0.0,4,4,8,88.89,0,0.0,0,1,0,0,0,0,1,0,0,0,0,1,1,0,0,0,0,0,0,0,0.0,,0,0,0.0,0,0,0,2,2,0,0,0,,1,100.0,0,0,0,1,0,0,0,0,9,0,,0,0,0,0,0.0,0,0,0,0,2,1,0,6.6,0,0,0,0,0,0,0,0,0.0,0.0,0,0,0,0,0,0,0.0,0,1,0,0.0,0,0,0,1,1,100.0,0,6,4,9,6.6,0,0,13,0,0,0,Ersin Aydemir,Hatayspor,2124247,3091,FW
1,0,0.0,5,1,33.33,11,10,21,67.74,1,50.0,1,2,0,0,0,0,10,0,0,0,0,2,2,0,0,2,0,5,0,0,0.03,,1,0,0.0,0,0,0,1,1,0,0,0,,3,42.86,0,0,0,10,1,0,0,1,115,0,,0,0,0,0,0.0,0,0,0,0,19,0,0,6.6,0,0,0,0,0,0,0,0,0.0,0.0,0,0,0,0,0,0,0.0,0,3,0,0.0,0,1,1,5,4,44.44,3,21,15,31,13.2,0,0,60,0,0,0,Godfrey Bitok Stephen,Gaziantep FK,988050,5138,DF
4,2,40.0,29,4,44.44,63,33,94,78.99,5,55.56,4,13,0,0,0,0,12,0,0,2,0,7,12,0,0,3,8,26,0,0,0.19,0.34,8,0,0.0,0,0,0,11,10,1,0,0,,18,45.0,0,0,0,25,1,4,0,3,327,0,,0,0,0,0,0.0,0,0,0,0,42,3,0,6.6,0,0,0,0,0,0,0,0,0.0,0.0,0,3,4,1,4,6,66.67,0,8,6,75.0,4,6,9,5,23,46.94,9,80,44,119,79.2,7,0,182,4,0,0,Mehmet Eray Özbek,Kayserispor,1011955,3072,MF
0,0,0.0,5,0,0.0,6,8,14,82.35,0,0.0,1,2,0,0,0,0,3,0,0,0,0,0,2,0,0,0,0,4,0,0,0.01,0.14,2,0,0.0,0,0,0,2,2,0,0,0,,3,50.0,0,0,0,3,0,0,0,0,48,0,,0,0,0,0,0.0,0,0,0,0,8,0,0,6.6,0,0,0,0,0,0,0,0,0.0,0.0,0,1,1,2,0,0,0.0,0,2,1,50.0,0,0,2,0,3,42.86,1,9,8,17,13.2,2,0,29,1,0,0,Kaan Akyazı,Konyaspor,1476229,3085,FW
0,0,0.0,3,1,100.0,4,5,9,75.0,2,40.0,3,3,0,0,0,0,1,1,0,0,0,2,3,0,0,0,0,7,0,0,0.02,0.06,1,0,0.0,0,0,0,2,2,0,0,0,,5,55.56,0,0,0,3,1,1,0,0,63,0,,0,0,0,0,0.0,0,0,0,0,10,0,0,6.6,0,0,0,0,0,0,0,0,0.0,0.0,0,1,0,1,0,1,25.0,0,3,2,66.67,1,0,4,1,7,50.0,1,6,7,12,19.8,1,0,33,2,1,0,Motez Nourani,Adana Demirspor,1640310,3101,FW
4,0,0.0,9,7,46.67,18,62,80,79.21,5,55.56,4,5,0,0,0,0,9,0,0,0,0,4,3,0,0,0,0,7,0,0,0.09,0.05,3,0,0.0,0,0,0,5,3,2,0,0,,2,40.0,0,0,0,21,2,1,0,1,160,0,,0,0,0,0,0.0,0,0,0,0,24,0,0,6.6,0,0,0,0,0,0,0,0,0.0,0.0,0,1,0,1,0,0,0.0,0,2,2,100.0,1,10,0,0,7,50.0,15,33,68,101,19.8,1,0,120,0,1,0,Kenneth Omeruo,Kasımpaşa,158293,6063,DF
0,0,0.0,4,0,0.0,7,3,10,90.91,0,0.0,0,3,0,0,0,0,4,0,0,0,0,0,1,0,0,2,0,3,0,0,0.01,0.05,1,0,0.0,0,0,0,0,0,0,0,0,,4,57.14,0,0,0,1,0,2,0,0,10,0,,0,0,0,0,0.0,0,0,0,0,3,0,0,6.6,0,0,0,0,0,0,0,0,0.0,0.0,0,0,1,0,1,0,0.0,0,4,3,75.0,2,0,0,0,4,57.14,0,8,3,11,6.6,1,0,18,0,0,0,Muhammet Ali Özbaskıcı,Samsunspor,1149024,3053,MF
1,0,0.0,4,0,0.0,14,10,24,80.0,0,0.0,3,6,0,0,0,0,5,0,0,0,0,0,6,0,0,1,2,10,0,0,0.07,0.05,1,0,0.0,0,0,0,2,2,0,0,0,,7,50.0,0,0,0,6,2,0,0,0,92,2,,0,0,0,0,0.0,0,0,0,0,18,0,0,6.6,0,0,0,0,0,0,0,0,0.0,0.0,0,1,0,1,0,5,62.5,0,0,0,0.0,0,3,8,2,7,41.18,2,21,11,30,39.6,1,0,57,2,0,0,Tasos Chatzigiovanis,Eyüpspor,850770,7040,FW
1,0,0.0,6,0,0.0,6,0,6,66.67,0,0.0,1,2,0,0,0,0,0,0,0,1,0,0,2,0,0,0,0,2,0,0,0.09,0.05,1,0,0.0,0,0,0,1,1,0,0,0,,0,0.0,0,0,0,3,0,1,0,0,21,0,,0,0,0,0,0.0,0,0,0,0,3,0,0,6.6,0,0,0,0,0,0,0,0,0.0,0.0,0,1,0,0,0,0,0.0,0,0,0,0.0,1,1,0,0,0,0.0,0,9,0,9,13.2,1,0,10,0,0,0,Emrehan Gedikli,Konyaspor,997130,3085,FW
6,0,0.0,33,9,45.0,78,88,166,84.26,6,54.55,5,20,0,0,0,0,24,0,0,2,0,12,19,0,0,5,11,29,0,0,0.12,0.16,4,0,0.0,0,0,0,8,7,1,0,0,,22,47.83,0,0,0,31,4,3,0,0,387,1,,0,0,0,0,0.0,0,0,0,1,49,2,0,6.59,0,0,0,0,0,0,0,0,0.0,0.0,0,1,2,1,0,4,50.0,0,13,8,61.54,3,10,8,0,28,49.12,20,102,95,197,125.3,3,0,270,5,2,0,Muhamed Buljubašić,Çaykur Rizespor,1134586,3064,MF
5,6,18.75,92,5,33.33,156,76,226,65.7,13,31.71,28,31,0,0,0,0,77,2,4,7,1,14,31,0,0,24,16,144,0,1,1.1,3.13,34,0,7.69,0,2,2,28,27,1,2,0,,75,39.27,1,0,0,118,15,21,0,16,1522,8,,0,0,0,0,0.0,0,0,0,0,275,12,0,6.59,0,1,0,0,0,0,0,0,761.0,0.0,0,21,5,7,12,13,23.21,0,41,28,68.29,21,15,56,32,88,37.93,15,278,98,344,204.4,26,1,723,22,7,0,Funsho Bamgboye,Hatayspor,822469,3091,MF
11,0,0.0,48,8,29.63,151,178,329,86.58,6,37.5,10,19,0,0,0,0,34,0,1,1,0,18,18,0,0,4,6,31,0,0,0.41,0.4,11,0,0.0,1,0,0,17,16,1,0,0,,26,55.32,0,0,1,51,6,1,0,9,884,0,,0,0,0,0,0.0,0,0,0,0,64,1,0,6.59,0,0,0,0,0,0,0,0,0.0,0.0,0,3,0,2,0,0,0.0,0,23,18,78.26,1,28,1,2,32,50.79,27,189,193,380,118.6,3,0,474,3,1,0,Achilleas Poungouras,Sivasspor,783466,3076,MF
2,0,0.0,7,4,100.0,14,8,22,70.97,3,37.5,5,8,0,0,0,0,7,1,0,1,0,5,8,0,0,3,1,12,0,0,0.02,0.11,1,0,0.0,0,0,0,5,4,1,0,0,,8,53.33,0,0,1,9,1,1,0,1,127,0,,0,0,0,0,0.0,0,0,0,0,24,0,0,6.59,0,0,0,0,0,0,0,0,0.0,0.0,0,1,2,2,0,5,71.43,0,3,2,66.67,1,3,7,2,11,47.83,4,23,10,31,52.7,3,0,70,0,0,0,Mirza Cihan,Gaziantep FK,909289,5138,MF
1,0,0.0,12,0,0.0,17,3,20,58.82,5,62.5,3,12,0,0,0,0,2,1,2,2,0,0,12,0,0,2,2,15,0,0,0.21,0.84,6,0,16.67,0,1,1,1,1,0,1,0,,6,33.33,1,0,0,14,0,6,0,0,166,2,,0,0,0,0,0.0,0,0,0,0,22,0,0,6.58,0,0,0,0,0,0,0,0,166.0,0.0,0,4,2,1,3,0,0.0,0,1,0,0.0,6,4,2,0,11,42.31,0,28,6,34,79.0,6,0,62,5,0,0,Cenk Tosun,Fenerbahçe,72127,3052,FW
16,2,10.53,97,12,46.15,135,83,216,69.45,7,22.58,24,28,0,0,0,0,66,1,3,12,1,13,27,0,0,28,16,127,0,1,0.54,2.36,29,0,0.0,0,0,0,23,19,4,0,0,,58,36.02,0,0,1,95,6,12,0,17,1541,6,,0,0,0,0,0.0,0,0,0,1,220,11,0,6.58,0,0,0,0,0,0,0,0,0.0,0.0,0,17,13,11,7,17,33.33,0,24,20,83.33,12,22,51,19,65,33.85,26,225,105,311,177.7,30,0,621,17,3,0,Gökdeniz Bayrakdar,Bodrum FK,952564,202390,MF
4,0,0.0,37,0,0.0,64,53,117,72.22,32,47.06,36,27,0,0,0,0,13,0,4,2,0,9,24,0,0,9,8,60,0,0,0.25,2.39,10,0,14.29,0,2,2,14,13,1,2,0,,10,29.41,0,0,0,45,2,6,0,6,779,7,,0,0,0,0,0.0,0,0,0,1,76,1,0,6.58,0,2,0,0,0,0,0,0,389.5,0.0,0,10,4,3,9,3,60.0,0,0,0,0.0,6,6,5,2,42,41.18,1,106,58,162,157.9,14,0,247,7,2,0,Kenan Kodro,Gaziantep FK,591140,5138,FW
1,3,42.86,19,1,25.0,31,22,50,70.42,1,33.33,2,15,0,0,0,0,8,1,0,1,0,2,14,0,0,2,4,19,0,0,0.58,1.12,3,0,50.0,0,2,2,6,4,2,1,1,,5,22.73,0,0,0,21,1,2,1,1,283,2,,0,0,0,0,0.0,0,0,0,0,42,0,0,6.58,0,1,0,0,0,0,0,0,141.5,0.0,0,1,3,1,2,0,0.0,0,5,4,80.0,2,4,8,7,6,24.0,4,52,26,71,92.1,4,0,116,0,1,0,Queensy Menig,Sivasspor,232318,3076,MF
0,2,100.0,8,2,66.67,25,17,40,86.96,1,25.0,3,9,0,0,0,0,8,0,4,1,0,1,9,0,0,4,2,15,0,0,0.16,1.74,4,0,0.0,0,0,0,4,4,0,0,0,,13,52.0,0,0,1,6,0,2,0,1,170,0,,0,0,0,0,0.0,0,0,0,0,17,0,0,6.58,0,0,0,0,0,0,0,0,0.0,0.0,0,7,0,5,1,3,60.0,0,4,4,100.0,2,2,5,2,14,48.28,3,31,17,46,59.2,7,0,85,6,0,0,Matchoi Djaló,Başakşehir FK,989599,3086,MF
2,2,22.22,32,2,66.67,54,26,78,80.41,1,11.11,8,11,0,0,0,0,11,0,0,4,0,4,11,0,0,8,6,32,0,0,0.38,0.52,3,0,11.11,0,1,1,9,8,1,1,0,,27,52.94,0,0,0,19,1,5,1,5,442,4,,0,0,0,0,0.0,0,0,0,0,55,2,0,6.57,1,0,0,0,0,0,0,0,442.0,0.0,0,3,6,3,2,6,46.15,0,5,2,40.0,5,3,13,9,28,46.67,3,74,32,97,72.3,9,0,191,16,3,1,Keita Baldé,Sivasspor,317699,3076,MF
4,0,0.0,13,12,42.86,47,106,153,82.7,8,50.0,8,12,0,0,0,0,14,0,0,1,1,27,11,0,0,0,0,10,0,0,0.05,0.12,2,0,0.0,0,0,0,13,12,1,0,0,,11,84.62,0,0,0,32,5,0,0,5,568,0,,0,0,0,0,0.0,0,0,0,0,38,1,0,6.57,0,0,0,0,0,0,0,0,0.0,0.0,0,2,0,1,0,1,100.0,0,6,4,66.67,0,11,1,2,19,65.52,28,71,116,185,72.3,2,0,257,4,0,0,Emirhan Başyiğit,Sivasspor,1149004,3076,DF
1,0,0.0,3,2,50.0,8,21,29,80.56,1,50.0,1,3,0,0,0,0,3,0,0,1,0,3,3,0,0,0,2,4,0,0,0.01,0.19,1,0,0.0,0,0,0,2,1,1,0,0,,2,40.0,0,0,0,7,0,0,0,0,96,0,,0,0,0,0,0.0,0,0,0,0,9,0,0,6.57,0,0,0,0,0,0,0,0,0.0,0.0,0,1,2,1,1,0,0.0,0,2,1,50.0,0,2,0,0,3,42.86,4,13,23,36,19.7,3,0,48,0,0,0,Gabriel Obekpa,Bodrum FK,1481257,202390,MF
5,0,0.0,24,11,30.56,39,70,109,71.24,13,56.52,10,18,0,0,0,0,16,0,1,0,0,31,14,0,0,4,11,34,0,3,0.31,0.39,9,0,0.0,0,0,0,10,9,1,0,0,,17,41.46,0,0,0,44,10,2,0,5,509,0,,0,0,0,0,0.0,0,0,0,0,58,0,0,6.56,0,0,0,0,0,0,0,0,0.0,0.0,1,2,1,2,1,4,66.67,0,10,5,50.0,2,18,6,0,30,46.88,36,68,85,153,91.9,3,0,258,3,3,0,Dorukhan Toköz,Eyüpspor,796133,7040,DF
9,0,0.0,23,11,42.31,77,174,251,86.55,18,64.29,10,15,0,0,0,0,18,0,0,2,0,30,14,0,2,1,4,25,0,1,0.05,0.07,10,0,0.0,0,0,0,8,8,0,0,0,,14,48.28,0,0,0,39,8,0,0,7,566,0,,0,0,0,0,0.0,0,0,0,0,47,0,0,6.56,2,0,0,0,0,0,0,0,0.0,0.0,0,2,0,0,0,1,100.0,0,12,8,66.67,0,16,1,2,32,56.14,26,99,193,290,91.9,2,0,379,1,1,0,Tayyip Talha Sanuç,Beşiktaş JK,851909,3050,DF
4,0,0.0,6,7,26.92,39,93,132,78.11,20,68.97,9,11,0,0,0,0,5,0,0,0,0,13,8,0,0,0,2,14,0,0,0.02,0.12,3,0,0.0,0,0,0,8,7,1,0,0,,6,54.55,0,0,0,37,6,1,0,2,300,0,,0,0,0,1,0.0,0,0,0,0,42,0,0,6.56,0,0,0,0,0,0,0,0,0.0,0.0,0,1,0,0,1,0,0.0,0,1,1,100.0,1,10,0,0,26,65.0,26,58,111,169,52.5,1,0,209,6,0,0,Victor Nelsson,Galatasaray,846148,3061,DF
5,0,0.0,6,8,42.11,26,109,135,87.1,14,73.68,5,9,0,0,0,0,7,0,0,1,0,12,5,0,0,0,3,8,0,0,0.01,0.08,0,0,0.0,6,0,0,8,8,0,0,0,,2,40.0,0,0,0,20,5,1,0,2,232,0,,0,0,0,0,0.0,0,0,0,0,20,0,0,6.56,0,0,0,0,0,0,0,0,0.0,0.0,0,2,0,1,0,0,0.0,0,2,1,50.0,1,9,0,0,16,66.67,19,38,117,155,32.8,2,0,185,0,0,0,Seyfettin Anıl Yaşar,Çaykur Rizespor,999646,3064,DF
3,1,25.0,44,3,33.33,78,46,123,69.1,10,29.41,24,29,0,0,0,0,30,0,2,7,0,8,27,0,0,12,13,74,0,0,0.26,1.29,16,0,4.76,0,1,1,36,35,1,0,1,,32,39.02,0,0,0,55,4,9,1,9,914,4,,0,0,0,0,0.0,0,0,0,0,115,5,0,6.55,0,0,0,0,0,0,0,0,914.0,0.0,0,12,9,6,8,11,52.38,0,13,8,61.54,9,6,21,4,42,36.21,9,118,64,178,176.9,21,0,331,8,1,0,Ozan Demirbağ,Adana Demirspor,1654166,3101,FW
1,0,0.0,3,0,0.0,4,10,14,93.33,0,0.0,0,2,0,0,0,0,2,0,0,0,0,0,2,0,0,1,0,1,0,0,0.0,,0,0,0.0,0,0,0,1,1,0,0,0,,2,66.67,0,0,0,1,1,0,0,1,44,0,,0,0,0,0,0.0,0,0,0,0,2,0,0,6.55,0,0,0,0,0,0,0,0,0.0,0.0,0,0,0,0,0,0,0.0,0,1,0,0.0,0,2,0,0,2,66.67,1,5,10,15,13.1,0,0,22,1,0,0,Recep Niyaz,Eyüpspor,116944,7040,MF
0,0,0.0,1,1,100.0,3,2,5,100.0,0,0.0,0,3,0,0,0,0,1,0,0,0,0,0,2,0,0,1,0,1,0,0,0.0,,0,0,0.0,0,0,0,0,0,0,0,0,,1,50.0,0,0,0,0,1,0,0,0,22,0,,0,0,0,0,0.0,0,0,0,0,1,0,0,6.55,0,0,0,0,0,0,0,0,0.0,0.0,0,0,0,0,0,0,0.0,0,0,0,0.0,0,0,0,0,1,50.0,1,3,2,5,13.1,0,0,8,1,0,0,Sinan Gümüş,Eyüpspor,169165,7040,FW
0,0,0.0,9,0,0.0,12,2,14,73.68,1,100.0,0,4,0,0,0,0,2,0,0,0,0,0,4,0,0,0,1,4,0,0,0.03,,1,0,0.0,0,0,0,2,2,0,0,0,,5,55.56,0,0,0,5,0,0,0,0,59,0,,0,0,0,0,0.0,0,0,0,0,9,0,0,6.55,0,0,0,0,0,0,0,0,0.0,0.0,0,0,0,0,0,3,60.0,0,1,1,100.0,0,0,5,1,6,60.0,1,16,4,19,26.2,0,0,31,1,0,0,Benhur Keser,Çaykur Rizespor,899402,3064,MF
1,0,0.0,13,2,100.0,31,29,60,89.55,0,0.0,1,2,0,0,0,0,8,0,0,0,0,0,2,0,0,4,2,16,0,0,0.05,0.14,3,0,0.0,0,0,0,3,3,0,0,0,,16,51.61,0,0,0,7,2,1,0,2,169,0,,0,0,0,0,0.0,0,0,0,0,23,0,0,6.55,0,0,0,0,0,0,0,0,0.0,0.0,0,1,1,1,1,0,0.0,0,3,1,33.33,1,2,6,1,16,50.0,2,37,31,67,13.1,2,0,107,13,0,0,Édouard Michut,Adana Demirspor,1048011,3101,MF
0,0,0.0,5,0,0.0,6,4,10,83.33,0,0.0,1,6,0,0,0,0,2,0,0,0,0,0,4,0,0,2,2,7,0,0,0.02,0.06,0,0,0.0,0,0,0,1,1,0,0,0,,3,33.33,0,0,0,2,0,0,0,0,83,1,,0,0,0,0,0.0,0,0,0,0,8,1,0,6.55,0,0,0,0,0,0,0,0,0.0,0.0,0,1,0,1,0,0,0.0,0,3,1,33.33,0,0,2,0,3,30.0,0,8,4,12,26.2,1,0,26,0,0,0,Poyraz Efe Yıldırım,Trabzonspor,1195797,3051,
0,0,0.0,0,0,0.0,5,6,11,100.0,0,0.0,0,2,0,0,0,0,1,0,0,0,0,0,2,0,0,1,0,3,0,0,0.0,0.06,2,0,0.0,0,0,0,0,0,0,0,0,,0,0.0,0,0,0,0,2,0,0,0,34,0,,0,0,0,0,0.0,0,0,0,0,1,1,0,6.55,0,0,0,0,0,0,0,0,0.0,0.0,0,1,0,1,0,0,0.0,0,0,0,0.0,0,0,0,0,0,0.0,0,5,6,11,13.1,1,0,15,0,0,0,Berkay Topdemir,Antalyaspor,1961825,3056,FW
9,3,17.65,145,17,47.22,261,216,474,80.07,9,22.5,31,32,1,0,0,0,87,5,16,11,0,7,31,0,0,28,29,165,0,1,1.96,9.31,49,0,5.36,0,3,4,32,27,5,3,0,,86,39.09,0,0,0,118,6,12,1,26,2024,1,,0,0,0,1,0.0,0,0,0,1,264,15,0,6.55,1,2,0,0,0,0,0,0,674.67,0.0,0,40,16,23,22,22,37.29,0,27,22,81.48,12,18,59,17,95,36.54,36,363,246,592,203.0,56,0,958,38,5,1,Dal Varešanović,Çaykur Rizespor,979109,3064,MF
1,0,0.0,54,1,33.33,89,25,114,77.55,9,31.03,20,28,1,0,0,1,17,2,4,3,0,4,23,0,0,15,12,61,1,0,0.76,2.32,15,0,7.14,0,1,2,7,6,1,1,0,,27,39.71,1,0,0,33,3,8,0,6,762,8,,0,0,1,0,0.0,0,0,0,0,79,2,0,6.55,0,0,0,0,0,0,0,0,762.0,0.0,0,12,2,4,7,6,75.0,0,13,9,69.23,8,6,8,1,36,37.11,3,115,33,147,150.6,14,0,260,8,2,0,Václav Jurečka,Çaykur Rizespor,225850,3064,MF
8,2,13.33,45,15,40.54,95,137,230,76.92,14,51.85,13,19,1,0,0,0,34,1,1,0,1,44,19,0,0,4,7,35,0,0,0.58,0.67,6,0,25.0,0,1,2,26,26,0,1,0,,29,56.86,1,0,1,69,12,4,0,11,973,0,,0,0,0,1,0.0,0,0,0,0,107,0,0,6.55,0,0,0,0,0,0,0,0,973.0,0.0,0,3,1,1,3,3,33.33,0,19,12,63.16,4,32,9,15,43,55.13,37,156,158,299,124.4,4,0,519,7,1,0,Kerim Alıcı,Hatayspor,758870,3091,DF
8,3,25.0,20,3,20.0,58,58,113,79.58,3,42.86,4,6,0,0,0,0,7,0,0,0,0,15,5,0,0,1,3,15,0,0,0.08,,4,0,0.0,0,0,0,8,8,0,0,0,,10,47.62,0,0,0,29,2,3,0,4,368,1,,0,0,0,0,0.0,0,0,0,0,50,0,0,6.54,0,0,0,0,0,0,0,0,0.0,0.0,0,0,0,0,0,1,20.0,0,6,4,66.67,3,10,5,12,13,46.43,15,87,67,142,32.7,0,0,237,4,0,0,Alaaddin Okumuş,Sivasspor,844640,3076,DF
9,0,0.0,40,13,61.9,82,86,168,80.38,9,64.29,5,11,0,0,0,0,17,0,0,0,0,5,10,0,0,6,6,29,0,0,0.17,,12,0,0.0,0,0,0,10,7,3,0,0,,12,33.33,0,0,0,41,7,2,0,6,457,0,,0,0,0,0,0.0,0,0,0,0,52,1,0,6.54,0,0,0,0,0,0,0,0,0.0,0.0,0,0,0,0,0,1,100.0,0,6,4,66.67,2,14,1,0,21,42.0,21,109,100,209,65.4,0,0,249,5,0,0,Loret Sadiku,Kasımpaşa,143356,6063,MF
3,2,20.0,19,2,28.57,38,31,67,83.75,0,0.0,3,5,0,0,0,0,9,0,0,0,0,8,5,0,0,0,2,11,0,0,0.16,0.03,6,0,0.0,0,0,0,3,2,1,0,0,,1,11.11,0,0,0,13,4,1,0,2,264,0,,0,0,0,0,0.0,0,0,0,0,26,0,0,6.54,0,0,0,0,0,0,0,0,0.0,0.0,0,0,1,1,0,0,0.0,0,0,0,0.0,1,6,0,10,1,8.33,7,56,34,80,32.7,1,0,136,1,0,0,Yasir Subaşı,Konyaspor,796555,3085,MF
17,1,100.0,17,16,34.78,69,148,216,81.82,11,44.0,14,15,0,0,0,0,37,0,0,1,1,47,13,0,0,1,2,22,0,0,0.05,0.17,4,0,0.0,0,0,0,19,17,2,0,0,,20,71.43,0,0,0,48,11,1,0,9,793,0,,0,0,0,1,0.0,0,0,0,0,52,2,0,6.54,0,0,0,0,0,0,0,0,0.0,0.0,0,2,0,1,0,1,50.0,0,13,6,46.15,1,34,2,1,31,58.49,46,99,166,264,85.0,2,0,380,6,0,0,Christophe Herelle,Bodrum FK,225092,202390,DF
9,2,20.0,18,11,36.67,51,73,122,76.25,0,0.0,6,12,0,0,0,0,15,0,0,0,0,9,8,0,0,0,4,13,0,0,0.21,,1,0,0.0,0,0,0,8,7,1,0,0,,13,65.0,0,0,0,38,3,3,0,5,423,0,,0,0,0,0,0.0,0,0,0,0,59,1,0,6.54,0,0,0,0,0,0,0,0,0.0,0.0,0,0,0,0,0,2,50.0,0,8,3,37.5,3,28,4,10,13,50.0,30,86,84,160,52.3,0,0,245,3,5,0,Ziya Erdal,Sivasspor,138312,3076,DF
5,11,55.0,28,3,50.0,56,15,60,76.92,4,66.67,2,11,2,0,0,0,9,3,2,3,0,4,9,0,1,2,4,18,0,0,1.6,0.65,11,0,0.0,0,0,2,7,7,0,0,0,,11,40.74,0,0,0,18,3,11,0,3,297,1,,0,0,0,0,0.0,0,0,0,0,37,1,0,6.53,1,0,0,0,0,0,0,0,0.0,0.0,1,4,2,2,1,4,66.67,0,4,3,75.0,11,8,6,20,15,45.45,6,81,17,78,58.8,6,0,145,3,0,0,Dimitrios Pelkas,Başakşehir FK,139304,3086,MF
0,0,0.0,1,0,0.0,3,3,6,54.55,3,25.0,9,4,1,0,0,0,0,0,0,0,0,0,3,0,0,0,0,11,0,0,0.0,,0,0,0.0,0,0,1,1,1,0,0,0,,1,33.33,0,0,0,5,1,1,0,0,44,0,,0,0,0,0,0.0,0,0,0,0,8,0,0,6.53,0,0,0,0,0,0,0,0,0.0,0.0,0,0,0,0,0,0,0.0,0,1,1,100.0,1,1,2,1,4,26.67,1,9,3,11,19.6,0,0,18,0,0,0,İlker Karakaş,Gaziantep FK,921406,5138,FW
0,0,0.0,0,2,40.0,3,12,15,68.18,1,50.0,1,3,0,0,0,0,5,0,0,0,0,6,3,0,0,0,1,2,0,0,0.0,,0,0,0.0,0,0,0,0,0,0,0,0,,2,66.67,0,0,0,7,2,0,0,0,52,0,,0,0,0,0,0.0,0,0,0,0,9,0,0,6.53,0,0,0,0,0,0,0,0,0.0,0.0,0,0,0,0,0,0,0.0,0,1,1,100.0,0,1,0,0,3,60.0,5,6,16,22,19.6,0,0,37,1,0,0,Jean Onana,Beşiktaş JK,978301,3050,MF
1,0,0.0,7,0,0.0,12,7,19,82.61,1,100.0,0,3,0,0,0,0,4,0,0,0,0,0,3,0,0,0,1,2,0,0,0.01,,0,0,0.0,0,0,0,2,2,0,0,0,,2,50.0,0,0,0,4,3,0,0,1,79,0,,0,0,0,0,0.0,0,0,0,0,13,0,0,6.53,0,0,0,0,0,0,0,0,0.0,0.0,0,0,0,0,0,1,50.0,0,0,0,0.0,0,3,2,0,3,60.0,2,14,9,23,19.6,0,0,41,1,0,0,Patryk Szysz,Başakşehir FK,831930,3086,FW
0,0,0.0,1,0,0.0,1,0,1,100.0,0,0.0,0,3,0,0,0,0,0,0,0,0,0,0,3,0,0,0,0,1,0,0,0.0,,1,0,0.0,0,0,0,0,0,0,0,0,,1,50.0,0,0,0,0,0,0,0,0,33,0,,0,0,0,0,0.0,0,0,0,0,1,0,0,6.53,0,0,0,0,0,0,0,0,0.0,0.0,0,0,0,0,0,0,0.0,0,1,1,100.0,0,0,0,0,1,50.0,0,1,0,1,19.6,0,0,3,0,0,0,Taha Özmert,Antalyaspor,1979695,3056,MF
1,0,0.0,10,1,33.33,12,5,17,77.27,0,0.0,1,3,0,0,0,0,2,0,0,2,0,0,3,0,0,2,1,6,0,0,0.1,0.15,1,0,0.0,0,0,0,0,0,0,0,0,,2,28.57,0,0,0,5,0,0,0,0,30,0,,0,0,0,0,0.0,0,0,0,0,10,0,0,6.53,0,0,0,0,0,0,0,0,0.0,0.0,0,2,0,0,0,0,0.0,0,1,0,0.0,0,1,1,1,2,25.0,3,17,6,22,19.6,2,0,32,1,1,0,Cengiz Ünder,Fenerbahçe,758876,3052,FW
2,2,12.5,20,1,25.0,49,54,101,80.8,6,35.29,11,17,1,0,0,0,15,1,0,0,0,15,16,0,0,6,10,41,0,0,0.3,0.21,7,0,0.0,0,0,1,17,14,3,0,0,,26,46.43,0,0,0,24,12,4,0,7,612,1,,0,0,0,1,0.0,0,0,0,0,69,1,0,6.5,1,0,0,0,0,0,0,0,0.0,0.0,0,2,0,1,1,1,12.5,0,11,10,90.91,4,5,8,16,32,43.84,4,79,62,125,104.0,2,0,274,15,0,1,Osman Kaynak,Adana Demirspor,1170288,3101,DF
0,0,0.0,0,0,0.0,2,10,12,100.0,0,0.0,0,1,0,0,0,0,0,0,0,0,0,0,1,0,0,0,0,0,0,0,0.0,,0,0,0.0,0,0,0,0,0,0,0,0,,0,0.0,0,0,0,0,0,0,0,0,11,0,,0,0,0,0,0.0,0,0,0,0,0,0,0,6.5,0,0,0,0,0,0,0,0,0.0,0.0,0,0,0,0,0,0,0.0,0,0,0,0.0,0,0,0,0,0,0.0,0,2,10,12,6.5,0,0,12,0,0,0,Taha Emre Ince,Trabzonspor,1974398,3051,DF
0,0,0.0,0,0,0.0,1,8,9,100.0,0,0.0,0,1,0,0,0,0,0,0,0,0,0,0,1,0,0,0,0,0,0,0,0.0,,0,0,0.0,0,0,0,1,1,0,0,0,,0,0.0,0,0,0,0,0,0,0,0,11,0,,0,0,0,0,0.0,0,0,0,0,0,0,0,6.5,0,0,0,0,0,0,0,0,0.0,0.0,0,0,0,0,0,0,0.0,0,0,0,0.0,0,0,0,0,0,0.0,0,1,8,9,6.5,0,0,9,0,0,0,Ali Yıldız,Hatayspor,1516749,3091,MF
0,0,0.0,3,1,50.0,5,13,18,90.0,0,0.0,1,1,0,0,0,0,3,0,0,0,0,1,1,0,0,0,1,3,0,0,0.0,,1,0,0.0,0,0,0,1,1,0,0,0,,2,50.0,0,0,0,2,1,0,0,1,61,0,,0,0,0,0,0.0,0,0,0,0,4,0,0,6.5,0,0,0,0,0,0,0,0,0.0,0.0,0,0,0,0,0,1,100.0,0,1,0,0.0,0,0,1,0,2,40.0,2,5,15,20,6.5,0,0,32,0,1,0,Gokdeniz Tunc,Adana Demirspor,2086510,3101,DF
0,0,0.0,0,0,0.0,0,0,0,0.0,0,0.0,1,1,0,0,0,0,0,0,0,0,0,0,1,0,0,0,0,1,0,0,,,0,0,0.0,0,0,0,0,0,0,0,0,,0,0.0,0,0,0,1,0,0,0,0,8,0,,0,0,0,0,0.0,0,0,0,0,2,0,0,6.5,0,0,0,0,0,0,0,0,0.0,0.0,0,0,0,0,0,0,0.0,0,0,0,0.0,0,0,0,0,0,0.0,0,1,0,1,6.5,0,0,2,0,0,0,Cagan Tas,Gaziantep FK,2019102,5138,
0,0,0.0,1,0,0.0,3,6,9,69.23,0,0.0,0,1,0,0,0,0,2,0,0,0,0,0,1,0,0,0,2,2,0,0,0.0,,0,0,0.0,0,0,0,1,1,0,0,0,,1,33.33,0,0,0,4,0,0,0,0,29,0,,0,0,0,0,0.0,0,0,0,0,5,0,0,6.5,0,0,0,0,0,0,0,0,0.0,0.0,0,0,0,0,0,0,0.0,0,1,1,100.0,0,2,0,0,1,33.33,0,4,9,13,6.5,0,0,15,0,0,0,Demir Yavuz,Adana Demirspor,2121510,3101,MF
0,0,0.0,2,0,0.0,3,1,4,66.67,0,0.0,0,2,0,0,0,0,1,0,0,0,0,0,1,0,0,0,0,1,0,0,0.0,,1,0,0.0,0,0,0,0,0,0,0,0,,1,50.0,0,0,0,2,0,0,0,0,12,0,,0,0,0,0,0.0,0,0,0,0,3,0,0,6.5,0,0,0,0,0,0,0,0,0.0,0.0,0,0,0,0,0,0,0.0,0,0,0,0.0,0,0,0,0,1,50.0,0,4,2,6,6.5,0,0,8,1,0,0,Eyüp Aydın,Galatasaray,1130115,3061,MF
0,0,0.0,1,0,0.0,4,0,4,100.0,0,0.0,0,2,0,0,0,0,0,0,0,0,0,0,1,0,0,0,0,0,0,0,0.0,,0,0,0.0,0,0,0,0,0,0,0,0,,0,0.0,0,0,0,0,0,0,0,0,9,0,,0,0,0,0,0.0,0,0,0,0,0,0,0,6.5,0,0,0,0,0,0,0,0,0.0,0.0,0,0,0,0,0,0,0.0,0,0,0,0.0,0,0,0,0,0,0.0,0,4,0,4,6.5,0,0,4,0,0,0,Fahri Ay,Beşiktaş JK,1195756,3050,MF
0,0,0.0,0,0,0.0,1,2,3,100.0,0,0.0,0,2,0,0,0,0,0,0,0,0,0,0,1,0,0,0,0,0,0,0,0.0,,0,0,0.0,0,0,0,0,0,0,0,0,,0,0.0,0,0,0,0,0,0,0,0,13,0,,0,0,0,0,0.0,0,0,0,0,1,0,0,6.5,0,0,0,0,0,0,0,0,0.0,0.0,0,0,0,0,0,0,0.0,0,0,0,0.0,0,0,0,0,0,0.0,0,1,2,3,6.5,0,0,4,0,0,0,Emre Kaplan,Başakşehir FK,1009308,3086,DF
0,0,0.0,1,0,0.0,4,2,6,75.0,0,0.0,0,2,0,0,0,0,0,0,0,0,0,0,1,0,0,0,0,0,0,0,0.0,,0,0,0.0,0,0,0,0,0,0,0,0,,1,100.0,0,0,0,2,0,0,0,0,9,0,,0,0,0,0,0.0,0,0,0,0,3,0,0,6.5,0,0,0,0,0,0,0,0,0.0,0.0,0,0,0,0,0,0,0.0,0,1,1,100.0,0,0,0,1,1,100.0,0,7,2,8,6.5,0,0,11,0,0,0,Adem Eren Kabak,Konyaspor,1016473,3085,DF
0,0,0.0,6,0,0.0,8,15,23,85.19,0,0.0,0,3,0,0,0,0,3,0,0,0,0,1,2,0,0,0,0,0,0,0,0.02,,0,0,0.0,0,0,0,3,3,0,0,0,,0,0.0,0,0,0,4,0,1,0,0,39,0,,0,0,0,0,0.0,0,0,0,0,4,0,0,6.5,0,0,0,0,0,0,0,0,0.0,0.0,0,0,0,0,0,0,0.0,0,0,0,0.0,1,0,0,0,0,0.0,0,12,15,27,13.0,0,0,30,0,0,0,Baran Sarka,Hatayspor,1521046,3091,MF
0,0,0.0,12,30,34.09,25,21,46,43.81,2,100.0,0,4,0,0,0,0,29,0,0,0,1,5,4,0,0,0,0,0,0,0,0.02,,0,0,0.0,25,0,0,9,8,1,0,0,-3.61,0,0.0,0,1,0,59,0,0,0,4,360,0,,0,0,0,0,0.0,1,0,0,0,60,0,3,6.5,0,0,1,6,3,9,0,0,0.0,0.0,0,0,0,0,0,0,0.0,1,0,0,0.0,0,0,0,0,2,100.0,88,79,26,105,26.0,0,0,131,0,0,0,Arda Özçimen,Göztepe,964196,3054,GK
0,0,0.0,1,0,0.0,1,0,1,50.0,1,20.0,4,4,0,0,0,0,1,0,0,0,0,0,1,0,0,0,0,4,0,0,0.0,,0,0,0.0,0,0,0,1,1,0,0,0,,2,100.0,0,0,0,1,0,0,0,0,17,0,,0,0,0,0,0.0,0,0,0,0,2,0,0,6.5,0,0,0,0,0,0,0,0,0.0,0.0,0,0,0,0,0,0,0.0,0,1,1,100.0,0,0,0,0,3,42.86,0,1,1,2,6.5,0,0,7,1,0,0,Berk Can Yildizli,Kasımpaşa,2056436,6063,
0,0,0.0,6,0,0.0,16,39,55,85.94,0,0.0,5,5,0,0,0,0,12,0,0,0,0,6,5,0,0,0,1,14,0,0,0.01,,8,0,0.0,0,0,0,4,4,0,0,0,,13,59.09,0,0,0,9,3,0,0,4,230,0,,0,0,0,1,0.0,0,0,0,0,9,0,0,6.5,0,0,0,0,0,0,0,0,0.0,0.0,0,0,0,0,0,0,0.0,0,8,4,50.0,0,0,0,0,13,48.15,2,21,43,64,32.5,0,0,94,5,1,0,Erkan Degismez,Bodrum FK,130493,202390,MF
3,1,50.0,5,3,42.86,14,12,25,71.43,3,75.0,1,7,0,0,0,0,2,0,0,0,0,11,5,0,0,0,0,4,0,0,0.09,,3,0,0.0,0,0,0,4,4,0,0,0,,4,57.14,0,0,0,10,1,0,0,0,88,2,,0,0,0,0,0.0,0,0,0,0,12,0,0,6.5,0,0,0,0,0,0,0,0,0.0,0.0,0,0,0,0,0,0,0.0,0,2,2,100.0,0,6,0,2,7,63.64,7,21,16,35,32.5,0,0,58,2,1,0,Ayberk Karapo,Çaykur Rizespor,1395701,3064,DF
0,0,0.0,0,0,0.0,0,0,0,0.0,1,50.0,1,2,0,0,0,0,0,0,1,0,0,3,1,0,0,0,0,2,0,0,,0.28,1,0,0.0,1,0,0,0,0,0,0,0,,1,50.0,0,0,0,2,0,0,0,0,17,0,,0,0,0,0,0.0,0,0,0,0,2,0,0,6.5,0,0,0,0,0,0,0,0,0.0,0.0,0,1,0,1,0,0,0.0,0,1,0,0.0,0,0,0,0,2,50.0,1,2,0,2,6.5,1,0,10,1,0,0,Ali Fidan,Adana Demirspor,2162484,3101,DF
0,0,0.0,3,0,0.0,4,0,4,57.14,0,0.0,0,1,0,0,0,0,1,0,0,0,0,0,1,0,0,0,1,2,0,0,0.02,0.02,0,0,0.0,0,0,0,0,0,0,0,0,,1,33.33,0,0,0,3,0,0,0,0,33,0,,0,0,0,0,0.0,0,0,0,0,6,0,0,6.5,0,0,0,0,0,0,0,0,0.0,0.0,0,0,1,1,0,0,0.0,0,0,0,0.0,0,0,1,0,1,33.33,0,7,0,7,6.5,1,0,13,1,0,0,Ali Osman Kalın,Gaziantep FK,2161813,5138,FW
2,2,33.33,39,6,30.0,76,93,167,82.27,5,27.78,13,20,0,0,0,0,20,0,1,2,0,14,17,0,0,3,1,22,0,0,0.26,0.24,4,0,0.0,0,0,0,11,10,1,0,0,,23,71.88,0,0,0,36,4,2,0,4,530,0,,0,0,0,1,0.0,0,0,0,0,57,1,0,6.49,0,0,0,0,0,0,0,0,0.0,0.0,0,2,1,0,1,0,0.0,0,13,9,69.23,2,9,2,6,28,56.0,20,103,106,203,110.4,3,0,316,10,1,0,Elias Jelert,Galatasaray,1126433,3061,DF
6,0,0.0,8,6,75.0,35,80,115,92.0,5,31.25,11,4,0,0,0,0,6,0,0,0,1,9,4,0,0,0,0,17,0,1,0.01,0.11,6,0,0.0,6,0,0,1,1,0,0,0,,4,40.0,0,0,0,10,3,0,0,3,234,0,,0,0,0,1,0.0,0,0,0,0,14,0,0,6.48,0,0,0,0,0,0,0,0,0.0,0.0,0,1,0,1,0,0,0.0,0,3,2,66.67,0,7,0,1,9,34.62,8,42,84,125,25.9,1,0,153,1,2,0,Carlos Cuesta,Galatasaray,839095,3061,DF
0,0,0.0,6,0,0.0,12,1,13,76.47,1,25.0,3,5,0,0,0,0,3,0,0,1,0,3,4,0,0,1,0,9,0,0,0.11,0.02,3,0,0.0,0,0,0,3,2,1,0,0,,4,40.0,0,0,0,4,0,2,0,0,60,0,,0,0,0,0,0.0,0,0,0,0,11,0,0,6.48,0,0,0,0,0,0,0,0,0.0,0.0,0,1,0,0,0,2,50.0,0,1,0,0.0,2,0,4,1,5,35.71,1,16,2,17,25.9,1,0,35,1,1,0,Florent Shehu,Adana Demirspor,1009692,3101,FW
3,0,0.0,18,8,66.67,27,34,61,80.26,4,36.36,7,6,0,0,0,0,14,0,0,2,1,4,6,0,0,4,8,21,0,0,0.06,0.19,2,0,0.0,0,0,0,4,3,1,0,0,,8,36.36,0,0,0,15,2,0,0,3,252,0,,0,0,0,0,0.0,0,0,0,0,22,0,0,6.47,0,0,0,0,0,0,0,0,0.0,0.0,0,1,1,0,0,0,0.0,0,6,3,50.0,0,6,0,0,12,36.36,12,35,41,76,38.8,2,0,107,2,0,0,Ufuk Akyol,Konyaspor,859546,3085,MF
5,2,25.0,17,6,40.0,56,114,168,79.62,1,25.0,3,16,0,0,0,0,25,0,0,1,0,8,15,0,0,6,10,38,0,0,0.19,0.02,12,0,0.0,0,0,0,19,18,1,0,0,,29,45.31,0,0,0,43,6,3,0,3,425,0,,0,0,0,0,0.0,0,0,0,0,65,2,0,6.45,0,0,0,0,0,0,0,0,0.0,0.0,0,0,1,0,0,5,41.67,0,18,13,72.22,3,12,12,8,30,44.12,15,94,125,211,96.8,1,0,297,6,4,0,Aksel Aktaş,Adana Demirspor,863172,3101,MF
0,0,0.0,14,0,0.0,31,8,39,86.67,1,33.33,2,10,1,0,0,0,5,1,0,0,0,0,6,0,0,1,2,9,1,0,0.31,0.03,2,0,0.0,0,0,1,3,2,1,0,0,,13,65.0,0,0,0,6,0,2,0,0,112,0,,0,0,0,0,0.0,0,0,0,0,18,1,0,6.45,0,0,0,0,0,0,0,0,0.0,0.0,0,1,0,0,1,2,50.0,0,2,2,100.0,2,0,4,2,14,60.87,0,38,9,45,38.7,1,0,74,9,0,0,Hamza Akman,Eyüpspor,1394720,7040,MF
0,1,20.0,3,0,0.0,5,0,4,57.14,0,0.0,1,2,0,0,0,0,1,0,0,0,0,0,2,0,0,1,1,5,0,0,0.08,,1,0,0.0,0,0,0,1,1,0,0,0,,1,20.0,0,0,0,3,1,0,0,0,31,0,,0,0,0,0,0.0,0,0,0,0,10,1,0,6.45,0,0,0,0,0,0,0,0,0.0,0.0,0,0,0,0,0,1,50.0,0,0,0,0.0,0,1,2,5,1,16.67,0,11,1,7,12.9,0,0,20,0,0,0,Emre Gökay,Sivasspor,1393928,3076,FW
0,0,0.0,4,0,0.0,5,2,7,77.78,0,0.0,1,4,0,0,0,0,2,0,1,0,0,0,2,0,0,0,1,3,0,0,0.01,,0,0,0.0,0,0,0,3,3,0,0,0,,1,33.33,0,0,0,2,0,0,0,0,37,3,,0,0,0,0,0.0,0,0,0,0,4,0,0,6.45,0,0,0,0,0,0,0,0,0.0,0.0,0,0,0,0,0,0,0.0,0,1,0,0.0,0,0,1,0,1,25.0,0,7,2,9,12.9,0,0,15,0,0,0,Deniz Aksoy,Hatayspor,2026680,3091,FW
4,0,0.0,9,1,50.0,26,34,60,80.0,6,60.0,4,12,0,0,0,0,7,0,3,4,0,1,11,0,0,3,2,14,0,0,0.04,1.29,2,0,0.0,0,0,0,6,6,0,0,0,,8,44.44,0,0,0,15,0,1,0,2,342,1,,0,0,0,0,0.0,0,0,0,0,28,1,0,6.45,0,0,0,0,0,0,0,0,0.0,0.0,0,7,2,4,1,0,0.0,0,1,1,100.0,1,5,3,0,14,50.0,2,36,39,75,70.9,9,0,110,7,1,0,Serdar Dursun,Alanyaspor,123917,6362,FW
0,0,0.0,1,1,16.67,5,19,24,80.0,2,50.0,2,4,0,0,0,0,3,0,0,0,0,6,3,0,0,0,1,6,0,0,0.01,,3,0,0.0,0,0,0,1,1,0,0,0,,1,20.0,0,0,0,6,0,0,0,1,110,0,,0,0,0,0,0.0,0,0,0,0,8,0,0,6.43,0,0,0,0,0,0,0,0,0.0,0.0,0,0,0,0,0,0,0.0,0,1,1,100.0,0,2,0,0,3,33.33,6,8,22,30,19.3,0,0,43,0,0,0,Bedirhan Çetin,Samsunspor,1215897,3053,DF
3,0,0.0,6,0,0.0,10,6,16,59.26,6,37.5,10,8,1,0,0,0,3,1,2,0,0,0,7,0,0,4,1,22,0,0,0.24,1.49,8,0,0.0,0,0,1,2,2,0,0,0,,3,20.0,0,0,0,11,0,1,0,0,113,2,,0,0,0,0,0.0,0,0,0,0,24,1,0,6.43,0,0,0,0,0,0,0,0,0.0,0.0,0,3,0,2,1,0,0.0,0,1,0,0.0,1,4,1,0,9,29.03,1,18,9,27,45.0,3,0,52,2,1,0,Ercan Kara,Samsunspor,843039,3053,FW
3,0,0.0,5,5,31.25,18,97,115,83.33,11,64.71,6,8,0,0,0,0,12,0,0,1,0,10,7,0,0,0,2,11,0,0,0.01,0.13,3,0,0.0,1,0,0,11,10,1,0,0,,9,64.29,0,0,0,23,1,1,0,4,291,0,,0,0,0,0,0.0,0,0,0,0,28,0,0,6.43,0,0,0,0,0,0,0,0,0.0,0.0,0,1,0,0,0,0,0.0,0,8,6,75.0,1,8,0,1,20,64.52,16,34,105,138,45.0,1,0,174,1,1,0,Emrecan Uzunhan,Antalyaspor,997684,3056,DF
11,0,0.0,14,28,40.0,84,297,381,81.94,21,53.85,18,15,1,0,0,0,47,1,1,3,0,46,15,0,0,4,5,45,0,0,0.61,0.53,17,0,11.11,4,1,2,42,36,6,0,1,,21,43.75,0,0,1,84,11,1,0,13,1185,0,,0,0,0,0,0.0,0,0,0,0,127,0,0,6.43,0,1,0,0,0,0,0,0,1185.0,0.0,0,5,4,3,3,2,40.0,0,11,5,45.45,1,28,5,5,42,48.28,70,142,328,465,96.4,9,0,669,10,3,0,Jovan Manev,Adana Demirspor,1111781,3101,DF
0,0,0.0,11,6,54.55,32,31,63,81.82,2,50.0,2,4,0,0,0,0,8,0,0,0,0,2,4,0,0,0,4,11,0,0,0.03,,3,0,0.0,0,0,0,9,7,2,0,0,,7,43.75,0,0,0,14,9,1,0,2,201,0,,0,0,0,0,0.0,0,0,0,0,17,0,0,6.43,0,0,0,0,0,0,0,0,0.0,0.0,0,0,0,0,0,0,0.0,0,4,2,50.0,1,3,2,1,9,45.0,11,43,35,77,25.7,0,0,107,3,0,0,Burak Ingenç,Antalyaspor,1417030,3056,DF
1,0,0.0,6,1,50.0,14,8,22,88.0,0,0.0,2,5,0,0,0,0,6,0,0,0,0,0,4,0,0,1,0,4,0,0,0.01,,1,0,0.0,0,0,0,4,4,0,0,0,,7,77.78,0,0,0,3,0,0,0,0,92,0,,0,0,0,0,0.0,0,0,0,0,6,0,0,6.43,0,0,0,0,0,0,0,0,0.0,0.0,0,0,0,0,0,1,100.0,0,4,4,100.0,0,1,1,0,7,63.64,2,16,9,25,25.7,0,0,44,2,0,0,Eray Korkmaz,Çaykur Rizespor,1145620,3064,DF
0,0,0.0,5,0,0.0,5,3,8,72.73,2,18.18,9,4,0,0,0,0,1,0,1,0,0,0,4,0,0,0,0,12,0,0,0.07,0.11,2,0,0.0,0,0,0,2,2,0,0,0,,1,25.0,0,0,0,3,0,1,0,0,43,0,,0,0,0,0,0.0,0,0,0,0,8,0,0,6.43,0,0,0,0,0,0,0,0,0.0,0.0,0,1,0,0,1,0,0.0,0,0,0,0.0,1,0,1,0,3,20.0,0,8,3,11,25.7,1,0,19,1,0,0,Sinan Alkas,Kasımpaşa,1548530,6063,FW
5,0,0.0,12,14,56.0,55,212,267,86.13,20,57.14,15,11,0,0,0,0,22,0,0,1,0,19,11,0,0,2,5,32,1,0,0.02,0.08,10,0,0.0,3,0,0,12,9,3,0,0,,19,52.78,0,0,0,43,8,0,0,5,577,0,,0,0,0,0,0.0,0,0,0,0,50,0,0,6.42,0,0,0,0,0,0,0,0,0.0,0.0,0,1,1,0,1,2,66.67,0,10,6,60.0,0,13,3,0,39,54.93,25,79,231,310,70.6,2,0,387,7,5,0,Serdar Saatçı,Trabzonspor,1084880,3051,DF
1,0,0.0,11,1,50.0,12,5,17,89.47,0,0.0,5,9,0,0,0,0,10,0,0,0,0,0,7,0,0,2,1,20,0,0,0.02,0.08,0,0,0.0,0,0,0,4,4,0,0,0,,6,28.57,0,0,0,2,2,0,0,0,104,3,,0,0,0,0,0.0,0,0,0,0,26,1,0,6.41,0,0,0,0,0,0,0,0,0.0,0.0,0,1,0,1,0,3,20.0,0,2,2,100.0,0,2,15,0,6,23.08,2,13,6,19,44.9,1,0,57,1,0,0,Haqi Osman,Bodrum FK,1126525,202390,FW
7,0,0.0,16,11,61.11,62,87,149,83.71,3,50.0,3,8,0,0,0,0,28,0,0,1,0,5,8,0,1,4,8,27,0,1,0.04,0.12,11,0,0.0,0,0,0,8,8,0,0,0,,14,36.84,0,0,0,29,6,1,0,3,359,0,,0,0,0,0,0.0,0,0,0,0,35,0,0,6.41,1,0,0,0,0,0,0,0,0.0,0.0,0,1,2,2,0,1,50.0,0,6,4,66.67,1,12,2,0,17,38.64,18,80,98,178,51.3,3,0,222,7,1,0,Emmanuel Boateng,Konyaspor,943485,3085,FW
18,4,40.0,41,25,36.23,108,239,343,80.14,7,38.89,11,19,1,0,0,0,35,1,0,0,0,40,18,0,1,0,11,31,1,2,0.33,0.06,5,0,0.0,0,0,1,28,28,0,0,0,,18,47.37,0,0,0,85,24,6,0,9,897,0,,0,0,0,0,0.0,0,0,0,0,124,1,0,6.4,1,0,0,0,0,0,0,0,0.0,0.0,0,1,0,1,0,1,20.0,0,14,9,64.29,6,52,5,10,25,44.64,69,174,264,428,115.2,1,0,606,4,1,0,Cengiz Demir,Hatayspor,1015360,3091,DF
0,0,0.0,1,0,0.0,2,2,4,80.0,0,0.0,0,1,0,0,0,0,1,0,0,0,0,0,1,0,0,0,1,1,0,0,0.0,,0,0,0.0,0,0,0,1,1,0,0,0,,0,0.0,0,0,0,1,0,0,0,0,9,0,,0,0,0,0,0.0,0,0,0,0,1,0,0,6.4,0,0,0,0,0,0,0,0,0.0,0.0,0,0,0,0,0,0,0.0,0,0,0,0.0,0,0,0,0,0,0.0,0,3,2,5,6.4,0,0,5,0,0,0,Erdem Çalık,Eyüpspor,2049797,7040,MF
6,0,0.0,0,18,43.9,2,47,49,67.12,2,100.0,0,2,0,0,0,0,25,0,0,0,0,0,2,0,0,0,0,1,1,0,0.0,,0,0,0.0,15,0,0,4,4,0,0,0,-1.08,0,0.0,0,4,0,24,1,1,0,2,180,0,,1,0,0,0,0.0,1,0,0,0,25,0,0,6.4,0,0,3,2,0,2,0,1,0.0,0.0,0,0,0,0,0,0,0.0,3,0,0,0.0,1,10,1,0,2,66.67,41,16,57,73,12.8,0,0,93,0,1,0,Sinan Bolat,Kasımpaşa,5920,6063,GK
2,0,0.0,8,3,17.65,34,115,149,87.65,1,6.67,14,7,0,0,0,0,7,0,0,0,0,19,5,0,0,0,3,22,0,0,0.01,,5,0,0.0,1,0,0,10,10,0,0,0,,6,42.86,0,0,0,21,2,1,0,4,323,0,,0,0,0,0,0.0,0,0,0,0,22,0,0,6.4,0,0,0,0,0,0,0,0,0.0,0.0,0,0,0,0,0,0,0.0,0,3,1,33.33,1,10,0,1,7,24.14,17,50,121,170,32.0,0,0,208,3,0,0,Taylan Utku Aydın,Kasımpaşa,1498789,6063,DF
0,0,0.0,12,0,0.0,21,33,54,90.0,0,0.0,2,5,0,0,0,0,2,0,0,1,0,1,5,0,0,1,2,5,1,0,0.02,0.12,1,0,0.0,0,0,0,1,1,0,0,0,,6,66.67,0,0,0,6,1,0,0,0,83,0,,0,0,0,0,0.0,0,0,0,0,9,0,0,6.4,0,0,0,0,0,0,0,0,0.0,0.0,0,1,0,0,0,1,100.0,0,3,1,33.33,0,1,1,1,6,54.55,1,27,34,60,32.0,1,0,77,2,0,0,Deni Milošević,Antalyaspor,190403,3056,FW
0,0,0.0,5,0,0.0,10,6,16,80.0,0,0.0,2,5,0,0,0,0,4,0,0,0,0,0,5,0,0,2,3,10,0,0,0.01,0.02,3,0,0.0,0,0,0,4,4,0,0,0,,6,42.86,0,0,0,4,0,0,0,1,104,0,,0,0,0,1,0.0,0,0,0,0,17,0,0,6.4,0,0,0,0,0,0,0,0,0.0,0.0,0,0,1,0,1,2,66.67,0,2,1,50.0,0,0,3,3,6,37.5,0,15,8,20,32.0,1,0,43,2,0,0,Emre Uzun,Antalyaspor,1212159,3056,MF
4,0,0.0,20,10,58.82,44,22,66,68.75,5,55.56,4,10,0,0,0,0,12,0,0,0,0,13,8,0,0,2,5,17,1,0,0.04,0.03,6,0,0.0,0,0,0,6,5,1,0,0,,9,40.91,0,0,0,30,2,2,0,2,222,0,,0,0,0,0,0.0,0,0,0,0,42,0,0,6.38,0,0,0,0,0,0,0,0,0.0,0.0,0,0,1,1,0,0,0.0,0,8,2,25.0,2,12,1,1,14,45.16,17,67,30,96,51.0,1,0,156,1,1,0,Selimcan Temel,Hatayspor,1003319,3091,MF
0,0,0.0,3,0,0.0,5,4,9,64.29,5,62.5,3,4,0,0,0,0,3,0,0,0,0,1,4,0,0,1,3,10,0,0,0.01,0.02,2,0,0.0,0,0,0,4,4,0,0,0,,2,22.22,0,0,0,5,2,0,0,1,101,0,,0,0,0,0,0.0,0,0,0,0,12,0,0,6.38,0,0,0,0,0,0,0,0,0.0,0.0,0,1,0,1,0,0,0.0,0,0,0,0.0,0,0,2,0,7,41.18,1,8,6,14,25.5,1,0,30,2,2,0,Armin Hodžić,Hatayspor,928333,3091,MF
0,0,0.0,9,1,100.0,17,8,25,78.13,0,0.0,5,10,0,0,0,0,2,0,1,0,0,0,10,0,1,1,1,14,0,0,0.03,0.93,7,0,33.33,0,1,1,0,0,0,1,0,,1,10.0,0,0,1,7,0,0,0,2,171,1,,0,0,0,0,0.0,0,0,0,0,11,0,0,6.34,1,1,0,0,0,0,0,0,171.0,0.0,0,3,0,2,1,0,0.0,0,1,1,100.0,0,1,2,0,1,6.67,1,23,9,32,63.4,3,0,43,0,2,0,Melih Bostan,Konyaspor,1133195,3085,FW
0,0,0.0,0,0,0.0,1,0,1,100.0,0,0.0,0,1,0,0,0,0,0,0,0,0,0,0,1,0,0,0,2,2,0,0,0.0,,0,0,0.0,0,0,0,0,0,0,0,0,,0,0.0,0,0,0,0,0,0,0,0,10,0,,0,0,0,0,0.0,0,0,0,0,0,0,0,6.3,0,0,0,0,0,0,0,0,0.0,0.0,0,0,0,0,0,0,0.0,0,0,0,0.0,0,0,0,0,0,0.0,0,1,0,1,6.3,0,0,1,0,0,0,Ali Demirbilek,Antalyaspor,2128089,3056,FW
0,0,0.0,0,0,0.0,0,0,0,0.0,0,0.0,0,1,0,0,0,0,0,0,0,0,0,0,1,0,0,0,0,1,0,0,,,1,0,0.0,0,0,0,0,0,0,0,0,,0,0.0,0,0,0,0,0,0,0,0,8,0,,0,0,0,0,0.0,0,0,0,0,0,0,0,6.3,0,0,0,0,0,0,0,0,0.0,0.0,0,0,0,0,0,0,0.0,0,0,0,0.0,0,0,0,0,0,0.0,0,0,0,0,6.3,0,0,0,0,0,0,Samet Duyur,Adana Demirspor,1865900,3101,FW
1,0,0.0,0,0,0.0,0,3,3,60.0,1,100.0,0,1,0,0,0,0,1,0,0,0,0,1,1,0,0,0,0,0,0,0,0.0,,0,0,0.0,0,0,0,1,1,0,0,0,,0,0.0,0,0,0,2,0,0,0,0,11,0,,0,0,0,0,0.0,0,0,0,0,3,0,0,6.3,0,0,0,0,0,0,0,0,0.0,0.0,0,0,0,0,0,0,0.0,0,0,0,0.0,0,1,0,0,1,100.0,0,0,5,5,6.3,0,0,7,0,0,0,Adnan Aktaş,Kasımpaşa,1521616,6063,DF
1,0,0.0,1,1,33.33,2,1,3,37.5,0,0.0,1,1,0,0,0,0,1,0,0,0,0,4,1,0,0,1,0,2,0,0,0.0,,0,0,0.0,0,0,0,2,2,0,0,0,,1,50.0,0,0,0,5,0,0,0,0,26,0,,0,0,0,0,0.0,0,0,0,0,6,0,0,6.3,0,0,0,0,0,0,0,0,0.0,0.0,0,0,0,0,0,0,0.0,0,1,0,0.0,0,1,0,0,1,33.33,3,4,4,8,6.3,0,0,17,0,0,0,Burak Arslan,Kayserispor,1982282,3072,FW
10,0,0.0,17,14,58.33,53,150,203,83.88,2,14.29,12,18,0,0,0,0,23,0,0,0,0,33,14,0,0,1,8,30,2,1,0.05,0.02,10,0,0.0,1,0,0,33,30,3,0,0,,22,55.0,0,0,0,39,5,0,0,13,973,0,,0,0,0,1,0.0,0,0,0,0,52,0,0,6.25,0,0,0,0,0,0,0,0,0.0,0.0,0,1,0,1,0,2,100.0,0,16,10,62.5,0,18,2,0,24,44.44,24,73,169,242,87.5,1,0,344,5,3,0,Burhan Ersoy,Adana Demirspor,1640309,3101,DF
0,0,0.0,0,0,0.0,0,2,2,100.0,0,0.0,0,1,0,0,0,0,1,0,0,0,0,0,1,0,0,0,0,1,0,0,0.0,,0,0,0.0,0,0,0,1,1,0,0,0,,0,0.0,0,0,0,0,0,0,0,0,10,0,,0,0,0,0,0.0,0,0,0,0,1,0,0,6.2,0,0,0,0,0,0,0,0,0.0,0.0,0,0,0,0,0,0,0.0,0,0,0,0.0,0,0,1,0,0,0.0,0,0,2,2,6.2,0,0,3,0,0,0,Burak Kapacak,Fenerbahçe,836686,3052,DF
0,0,0.0,0,0,0.0,1,2,3,100.0,0,0.0,0,1,0,0,0,0,1,0,0,0,0,0,1,0,0,0,0,1,0,0,0.0,,1,0,0.0,0,0,0,1,1,0,0,0,,0,0.0,0,0,0,0,0,0,0,0,8,0,,0,0,0,0,0.0,0,0,0,0,0,0,0,6.2,0,0,0,0,0,0,0,0,0.0,0.0,0,0,0,0,0,0,0.0,0,0,0,0.0,0,0,0,0,0,0.0,0,1,2,3,6.2,0,0,3,0,0,0,Mehmet Kaya,Konyaspor,1901947,3085,FW
2,0,0.0,0,1,100.0,0,16,16,100.0,0,0.0,0,1,0,0,0,0,9,0,0,0,0,1,1,0,0,0,0,0,0,0,0.0,,0,0,0.0,3,0,0,3,3,0,0,0,-1.39,0,0.0,0,0,0,0,0,0,0,1,90,0,,0,0,0,0,0.0,0,0,0,0,0,0,1,6.2,0,0,0,2,1,3,0,0,0.0,0.0,0,0,0,0,0,0,0.0,0,0,0,0.0,0,2,0,0,0,0.0,1,0,16,16,6.2,0,0,27,0,1,0,Ali Emre Yanar,Kasımpaşa,840297,6063,GK
0,0,0.0,0,0,0.0,1,3,4,57.14,2,66.67,1,1,0,0,0,0,2,0,0,0,0,3,1,0,0,0,0,1,0,0,0.0,,0,0,0.0,0,0,0,2,2,0,0,0,,0,0.0,0,0,0,3,0,0,0,0,14,0,,0,0,0,0,0.0,0,0,0,0,3,0,0,6.2,0,0,0,0,0,0,0,0,0.0,0.0,0,0,0,0,0,0,0.0,0,0,0,0.0,0,0,0,0,2,66.67,0,1,6,7,6.2,0,0,12,0,0,0,Batuhan Özgan,Kayserispor,1858304,3072,DF
2,0,0.0,5,3,21.43,12,46,58,73.42,7,53.85,6,5,0,0,0,0,7,0,0,0,0,10,5,0,0,1,1,11,0,0,0.01,,5,0,0.0,0,0,0,6,5,1,0,0,,5,50.0,0,0,0,21,3,0,0,2,176,0,,0,0,0,1,0.0,0,0,0,0,23,0,0,6.18,0,0,0,0,0,0,0,0,0.0,0.0,0,0,0,0,0,0,0.0,0,4,3,75.0,0,5,0,0,12,52.17,14,24,55,79,30.9,0,0,107,1,1,0,Filip Damjanović,Konyaspor,851666,3085,DF
2,1,100.0,8,5,62.5,35,86,120,93.02,6,60.0,4,10,1,0,0,0,5,1,1,0,0,12,7,0,1,0,5,13,0,0,0.05,0.18,6,0,0.0,0,0,1,4,4,0,0,0,,4,30.77,0,0,0,9,4,1,0,4,277,0,,0,0,0,0,0.0,0,0,0,0,10,0,0,6.17,1,0,0,0,0,0,0,0,0.0,0.0,0,2,0,0,2,0,0.0,0,3,1,33.33,1,4,0,1,10,43.48,8,43,87,129,43.2,2,0,167,1,0,0,Metehan Baltacı,Galatasaray,997155,3061,DF
0,1,25.0,17,2,100.0,31,22,52,85.25,1,20.0,4,9,0,0,0,0,9,0,0,0,0,0,6,0,0,7,5,20,1,0,0.04,0.13,1,0,0.0,0,0,0,8,7,1,0,0,,6,27.27,0,0,0,9,0,0,0,0,173,0,,0,0,0,0,0.0,0,0,0,0,33,1,0,6.15,0,0,0,0,0,0,0,0,0.0,0.0,0,2,0,2,0,4,57.14,0,0,0,0.0,0,0,7,4,7,25.93,2,41,24,61,36.9,2,0,110,2,1,0,Hüseyin Maldar,Eyüpspor,1618510,7040,FW
0,0,0.0,0,0,0.0,1,0,1,100.0,0,0.0,1,1,0,0,0,0,1,0,0,0,0,0,1,0,0,0,0,3,0,0,0.0,,1,0,0.0,0,0,0,1,1,0,0,0,,0,0.0,0,0,0,0,0,0,0,0,11,0,,0,0,0,0,0.0,0,0,0,0,1,0,0,6.1,0,0,0,0,0,0,0,0,0.0,0.0,0,0,0,0,0,0,0.0,0,0,0,0.0,0,0,1,0,0,0.0,0,1,0,1,6.1,0,0,4,0,0,0,Rade Krunić,Fenerbahçe,155449,3052,MF
2,0,0.0,3,12,34.29,8,24,32,55.17,0,0.0,0,2,0,0,0,0,15,0,0,0,0,0,2,0,0,0,0,0,0,1,0.0,,0,0,0.0,15,0,0,6,6,0,0,0,-2.54,0,0.0,0,1,0,26,0,0,0,2,180,0,,0,0,0,0,0.0,1,0,0,0,26,0,0,6.1,0,0,1,2,3,5,0,0,0.0,0.0,0,0,0,0,0,0,0.0,1,0,0,0.0,0,4,0,0,0,0.0,35,26,32,58,12.2,0,0,71,0,1,0,Deniz Dilmen,Başakşehir FK,1065508,3086,GK
4,0,0.0,0,4,40.0,3,12,15,71.43,0,0.0,0,2,0,0,0,0,12,0,0,0,0,0,2,0,0,0,0,0,1,0,0.0,,0,0,0.0,7,0,0,5,4,1,0,0,-2.11,0,0.0,0,2,0,6,0,0,0,1,148,0,,1,0,0,0,0.0,1,0,0,0,7,0,0,6.05,0,0,1,0,4,4,0,1,0.0,0.0,0,0,0,0,0,0,0.0,1,0,0,0.0,0,6,0,0,0,0.0,10,8,13,21,12.1,0,0,37,0,0,0,Osman Ertuğrul Çetin,Fenerbahçe,1023481,3052,GK
0,0,0.0,1,0,0.0,1,2,3,100.0,0,0.0,0,1,0,0,0,0,1,0,0,0,0,0,1,0,0,0,0,0,0,0,0.0,,0,0,0.0,0,0,0,2,2,0,0,0,,0,0.0,0,0,0,0,0,0,0,0,13,0,,0,0,0,0,0.0,0,0,0,0,0,0,0,6.0,0,0,0,0,0,0,0,0,0.0,0.0,0,0,0,0,0,0,0.0,0,0,0,0.0,0,0,0,0,0,0.0,0,1,2,3,6.0,0,0,4,0,0,0,Nanú,Samsunspor,343965,3053,DF
1,0,0.0,0,0,0.0,5,5,10,83.33,0,0.0,1,2,0,0,0,0,2,0,0,0,0,0,1,0,0,0,0,3,0,0,0.0,,1,0,0.0,0,0,0,0,0,0,0,0,,0,0.0,0,0,0,2,0,0,0,0,13,0,,0,0,0,1,0.0,0,0,0,0,5,0,0,5.5,0,0,0,0,0,0,0,0,0.0,0.0,0,0,0,0,0,0,0.0,0,0,0,0.0,0,2,1,0,0,0.0,2,7,5,12,5.5,0,0,16,0,1,0,Oguzhan Matur,Hatayspor,926396,3091,DF
0,0,0.0,0,0,0.0,0,0,0,0.0,0,0.0,2,1,0,0,0,0,0,0,0,0,0,0,0,0,0,0,0,2,0,0,,,1,0,0.0,0,0,0,0,0,0,0,0,,0,0.0,0,0,0,0,0,0,0,0,1,0,,0,0,0,0,0.0,0,0,0,0,0,0,0,0.0,0,0,0,0,0,0,0,0,0.0,0.0,0,0,0,0,0,0,0.0,0,0,0,0.0,0,0,0,0,0,0.0,0,0,0,0,0.0,0,0,0,0,0,0,Arda Ünyay,Galatasaray,1464636,3061,DF
0,0,0.0,0,0,0.0,1,2,3,100.0,0,0.0,0,1,0,0,0,0,0,0,0,0,0,0,0,0,0,0,0,2,1,0,0.0,,1,0,0.0,0,0,0,1,1,0,0,0,,0,0.0,0,0,0,0,0,0,0,0,1,0,,0,0,0,0,0.0,0,0,0,0,1,0,0,0.0,0,0,0,0,0,0,0,0,0.0,0.0,0,0,0,0,0,0,0.0,0,0,0,0.0,0,0,1,0,0,0.0,0,1,2,3,0.0,0,0,5,0,0,0,Yakup Arda Kılıç,Beşiktaş JK,1639816,3050,DF
0,0,0.0,0,0,0.0,0,0,0,0.0,0,0.0,0,1,0,0,0,0,0,0,0,0,0,0,0,0,0,0,0,0,0,0,,,0,0,0.0,0,0,0,0,0,0,0,0,,0,0.0,0,0,0,0,0,0,0,0,1,0,,0,0,0,0,0.0,0,0,0,0,0,0,0,0.0,0,0,0,0,0,0,0,0,0.0,0.0,0,0,0,0,0,0,0.0,0,0,0,0.0,0,0,0,0,0,0.0,0,0,0,0,0.0,0,0,1,0,0,0,İzzet Furkan Malak,Göztepe,1397819,3054,
0,0,0.0,0,0,0.0,2,2,4,100.0,0,0.0,0,1,0,0,0,0,0,0,0,0,0,0,0,0,0,1,1,2,0,0,0.0,,0,0,0.0,0,0,0,1,0,1,0,0,,0,0.0,0,0,0,0,0,0,0,0,3,0,,0,0,0,0,0.0,0,0,0,0,2,0,0,0.0,0,0,0,0,0,0,0,0,0.0,0.0,0,0,0,0,0,0,0.0,0,0,0,0.0,0,0,0,0,0,0.0,0,2,2,4,0.0,0,0,6,0,0,0,Yusuf Sertkaya,Bodrum FK,1216154,202390,MF
0,0,0.0,0,0,0.0,0,1,1,100.0,0,0.0,0,1,0,0,0,0,0,0,0,0,0,0,0,0,0,0,0,0,0,0,0.0,,0,0,0.0,0,0,0,0,0,0,0,0,,0,0.0,0,0,0,0,0,0,0,0,3,0,,0,0,0,0,0.0,0,0,0,0,0,0,0,0.0,0,0,0,0,0,0,0,0,0.0,0.0,0,0,0,0,0,0,0.0,0,0,0,0.0,0,0,0,0,0,0.0,0,0,1,1,0.0,0,0,1,0,0,0,Mert Furkan Bayram,Alanyaspor,1149021,6362,GK
0,0,0.0,0,0,0.0,0,1,1,50.0,0,0.0,1,1,0,0,0,0,0,0,0,0,0,1,0,0,0,0,0,1,0,0,0.0,,0,0,0.0,0,0,0,0,0,0,0,0,,0,0.0,0,0,0,1,0,0,0,0,1,0,,0,0,0,0,0.0,0,0,0,0,2,0,0,0.0,0,0,0,0,0,0,0,0,0.0,0.0,0,0,0,0,0,0,0.0,0,0,0,0.0,0,0,0,0,0,0.0,0,1,1,2,0.0,0,0,4,0,0,0,Haluk Mustafa Tan,Samsunspor,1605311,3053,
0,0,0.0,0,0,0.0,1,0,1,100.0,0,0.0,0,1,0,0,0,0,0,0,0,0,0,0,0,0,0,0,0,0,0,0,0.0,,0,0,0.0,0,0,0,0,0,0,0,0,,0,0.0,0,0,0,0,0,0,0,0,1,0,,0,0,0,0,0.0,0,0,0,0,1,0,0,0.0,0,0,0,0,0,0,0,0,0.0,0.0,0,0,0,0,0,0,0.0,0,0,0,0.0,0,0,0,1,0,0.0,0,2,0,1,0.0,0,0,2,0,0,0,Ali Tarkan,Samsunspor,1928572,3053,MF
0,0,0.0,0,0,0.0,0,1,1,50.0,0,0.0,0,1,0,0,0,0,0,0,0,0,0,0,0,0,0,1,0,1,0,0,0.0,,0,0,0.0,0,0,0,1,1,0,0,0,,1,50.0,0,0,0,1,0,0,0,0,2,0,,0,0,0,0,0.0,0,0,0,0,2,0,0,0.0,0,0,0,0,0,0,0,0,0.0,0.0,0,0,0,0,0,0,0.0,0,0,0,0.0,0,0,0,0,1,50.0,0,1,1,2,0.0,0,0,5,1,0,0,Muhammed Sinan Kaya,Sivasspor,1655216,3076,MF
0,0,0.0,0,0,0.0,0,0,0,0.0,0,0.0,0,1,0,0,0,0,0,0,0,0,0,0,0,0,0,0,0,0,0,0,,,0,0,0.0,0,0,0,0,0,0,0,0,,0,0.0,0,0,0,1,0,0,0,0,1,0,,0,0,0,0,0.0,0,0,0,0,1,0,0,0.0,0,0,0,0,0,0,0,0,0.0,0.0,0,0,0,0,0,0,0.0,0,0,0,0.0,0,0,0,0,0,0.0,0,1,0,1,0.0,0,0,1,0,0,0,Atakan Mujde,Kasımpaşa,1134704,6063,DF
0,0,0.0,1,0,0.0,2,1,3,100.0,0,0.0,0,1,0,0,0,0,0,0,0,0,0,0,0,0,0,0,0,0,0,0,0.42,,0,0,0.0,0,0,0,0,0,0,0,0,,1,100.0,0,0,0,0,0,1,0,0,3,0,,0,0,0,0,0.0,0,0,0,0,0,0,0,0.0,0,0,0,0,0,0,0,0,0.0,0.0,0,0,0,0,0,0,0.0,0,1,1,100.0,1,0,0,0,1,100.0,0,2,1,3,0.0,0,0,4,0,0,0,Yusuf Karademir,Alanyaspor,2085002,6362,MF
0,0,0.0,0,0,0.0,0,0,0,0.0,0,0.0,0,1,0,0,0,0,0,0,0,0,0,0,0,0,0,0,0,0,0,0,,,0,0,0.0,0,0,0,1,1,0,0,0,,0,0.0,0,0,0,3,0,0,0,0,1,0,,0,0,0,0,0.0,0,0,0,0,3,0,0,0.0,0,0,0,0,0,0,0,0,0.0,0.0,0,0,0,0,0,0,0.0,0,0,0,0.0,0,1,0,0,0,0.0,1,2,1,3,0.0,0,0,3,0,0,0,Yilmaz Cin,Sivasspor,1990563,3076,FW
0,0,0.0,0,0,0.0,0,1,1,50.0,0,0.0,0,1,0,0,0,0,0,0,0,0,0,0,0,0,0,0,0,0,0,0,0.0,,0,0,0.0,0,0,0,0,0,0,0,0,,0,0.0,0,0,0,1,0,0,0,0,1,0,,0,0,0,0,0.0,0,0,0,0,1,0,0,0.0,0,0,0,0,0,0,0,0,0.0,0.0,0,0,0,0,0,0,0.0,0,0,0,0.0,0,0,0,0,0,0.0,0,0,2,2,0.0,0,0,2,0,0,0,Bera Ceken,Alanyaspor,1568920,6362,MF
0,0,0.0,0,0,0.0,0,0,0,0.0,0,0.0,0,1,0,0,0,0,0,0,0,0,0,0,0,0,0,0,0,1,0,0,,,1,0,0.0,0,0,0,0,0,0,0,0,,0,0.0,0,0,0,0,0,0,0,0,1,0,,0,0,0,0,0.0,0,0,0,0,1,0,0,0.0,0,0,0,0,0,0,0,0,0.0,0.0,0,0,0,0,0,0,0.0,0,0,0,0.0,0,0,0,0,0,0.0,0,0,0,0,0.0,0,0,1,0,0,0,Tibet Durakcay,Göztepe,2023967,3054,FW
1,0,0.0,0,1,100.0,3,6,9,100.0,0,0.0,0,1,0,0,0,0,1,0,0,0,0,0,0,0,0,0,0,0,0,0,0.0,,0,0,0.0,0,0,0,0,0,0,0,0,,0,0.0,0,0,0,0,0,0,0,0,3,0,,0,0,0,0,0.0,0,0,0,0,0,0,0,0.0,0,0,0,0,0,0,0,0,0.0,0.0,0,0,0,0,0,0,0.0,0,0,0,0.0,0,1,0,0,0,0.0,1,3,6,9,0.0,0,0,9,0,0,0,Umut Mert Toy,Alanyaspor,1474708,6362,DF
0,0,0.0,0,0,0.0,0,0,0,0.0,0,0.0,0,1,0,0,0,0,0,0,0,0,0,0,0,0,0,0,0,0,0,0,,,0,0,0.0,0,0,0,0,0,0,0,0,,0,0.0,0,0,0,1,0,0,0,0,1,0,,0,0,0,0,0.0,0,0,0,0,2,0,0,0.0,0,0,0,0,0,0,0,0,0.0,0.0,0,0,0,0,0,0,0.0,0,0,0,0.0,0,0,0,0,0,0.0,0,1,0,1,0.0,0,0,2,0,0,0,Efecan Gülerce,Antalyaspor,1212154,3056,
0,0,0.0,2,0,0.0,3,1,4,100.0,0,0.0,0,1,0,0,0,0,0,0,0,0,0,0,0,0,0,0,0,0,0,0,0.02,,0,0,0.0,0,0,0,2,2,0,0,0,,2,100.0,0,0,0,0,0,0,0,0,1,0,,0,0,0,0,0.0,0,0,0,0,0,0,0,0.0,0,0,0,0,0,0,0,0,0.0,0.0,0,0,0,0,0,1,100.0,0,1,0,0.0,0,0,1,0,2,100.0,0,3,1,4,0.0,0,0,6,0,0,0,Ismail Zobu,Hatayspor,2019420,3091,MF
0,0,0.0,0,0,0.0,0,0,0,0.0,0,0.0,0,2,0,0,0,0,1,0,0,0,0,0,0,0,0,0,0,0,0,0,,,0,0,0.0,0,0,0,0,0,0,0,0,,0,0.0,0,0,0,1,0,0,0,0,2,0,,0,0,0,0,0.0,0,0,0,0,3,1,0,0.0,0,0,0,0,0,0,0,0,0.0,0.0,0,0,0,0,0,0,0.0,0,0,0,0.0,0,0,0,0,0,0.0,0,0,1,1,0.0,0,0,3,0,0,0,Ahmet Yilmaz,Adana Demirspor,1983995,3101,MF
